Titration Report - short,,,,,,,,,,,,,,,,,,,,
Main Results,,,,,,,,,,,,,,,,,,,,
Sample ID 1,,,,,,,,,,,,Result,,,,,,,,
crm-215-1067-1,,,,,,,,,,,,2.1853 mmol/L,,,,,,,,
crm-215-1067-2,,,,,,,,,,,,2.1984 mmol/L,,,,,,,,
GCW_SW_T31,,,,,,,,,,,,1.8909 mmol/L,,,,,,,,
GCW_SW_T32,,,,,,,,,,,,1.8995 mmol/L,,,,,,,,
GCW_SW_T33,,,,,,,,,,,,2.0200 mmol/L,,,,,,,,
GCW_SW_T34,,,,,,,,,,,,2.1968 mmol/L,,,,,,,,
GCW_SW_T35,,,,,,,,,,,,1.9292 mmol/L,,,,,,,,
GCW_SW_T36,,,,,,,,,,,,1.8658 mmol/L,,,,,,,,
GCW_SW_T37,,,,,,,,,,,,1.8007 mmol/L,,,,,,,,
GCW_SW_T38,,,,,,,,,,,,1.8072 mmol/L,,,,,,,,
GCW_SW_T38_dup,,,,,,,,,,,,1.8371 mmol/L,,,,,,,,
crm-215-1067-3,,,,,,,,,,,,2.1954 mmol/L,,,,,,,,
GCW_SW_T39,,,,,,,,,,,,1.8098 mmol/L,,,,,,,,
GCW_SW_T40,,,,,,,,,,,,1.8285 mmol/L,,,,,,,,
GCW_SW_T41,,,,,,,,,,,,1.7563 mmol/L,,,,,,,,
GCW_SW_T42,,,,,,,,,,,,1.8395 mmol/L,,,,,,,,
GCW_SW_T43,,,,,,,,,,,,1.7652 mmol/L,,,,,,,,
GCW_SW_T44,,,,,,,,,,,,1.7962 mmol/L,,,,,,,,
GCW_SW_T45,,,,,,,,,,,,1.7737 mmol/L,,,,,,,,
GCW_SW_T46,,,,,,,,,,,,1.8623 mmol/L,,,,,,,,
GCW_SW_T47,,,,,,,,,,,,1.8255 mmol/L,,,,,,,,
GCW_SW_T47_dup,,,,,,,,,,,,1.8266 mmol/L,,,,,,,,
crm-215-0935-4,,,,,,,,,,,,2.1888 mmol/L,,,,,,,,
GCW_SW_T48,,,,,,,,,,,,1.8380 mmol/L,,,,,,,,
GCW_SW_T49,,,,,,,,,,,,1.8151 mmol/L,,,,,,,,
GCW_SW_T50,,,,,,,,,,,,1.7879 mmol/L,,,,,,,,
GCW_SW_T51,,,,,,,,,,,,1.7875 mmol/L,,,,,,,,
GCW_SW_T52,,,,,,,,,,,,1.7663 mmol/L,,,,,,,,
GCW_SW_T53,,,,,,,,,,,,1.7285 mmol/L,,,,,,,,
GCW_SW_T54,,,,,,,,,,,,1.5820 mmol/L,,,,,,,,
GCW_SW_T55,,,,,,,,,,,,1.5950 mmol/L,,,,,,,,
GCW_SW_T56,,,,,,,,,,,,1.7523 mmol/L,,,,,,,,
GCW_SW_T56_dup,,,,,,,,,,,,1.7462 mmol/L,,,,,,,,
crm-215-0935-5,,,,,,,,,,,,2.1931 mmol/L,,,,,,,,
GCW_SW_T57,,,,,,,,,,,,1.9011 mmol/L,,,,,,,,
GCW_SW_T58,,,,,,,,,,,,1.9458 mmol/L,,,,,,,,
GCW_SW_T59,,,,,,,,,,,,2.1094 mmol/L,,,,,,,,
GCW_SW_T60,,,,,,,,,,,,1.9920 mmol/L,,,,,,,,
GCW_SW_T61,,,,,,,,,,,,NaN mmol/L,,,,,,,,
GCW_SW_T62,,,,,,,,,,,,1.8533 mmol/L,,,,,,,,
GCW_SW_T63,,,,,,,,,,,,1.7953 mmol/L,,,,,,,,
GCW_SW_T64,,,,,,,,,,,,1.7982 mmol/L,,,,,,,,
GCW_SW_T65,,,,,,,,,,,,1.7936 mmol/L,,,,,,,,
GCW_SW_T65_dup,,,,,,,,,,,,1.7959 mmol/L,,,,,,,,
crm-215-0935-6,,,,,,,,,,,,2.1961 mmol/L,,,,,,,,
GCW_SW_T66,,,,,,,,,,,,1.7949 mmol/L,,,,,,,,
GCW_SW_T67,,,,,,,,,,,,1.7699 mmol/L,,,,,,,,
GCW_SW_T68,,,,,,,,,,,,1.7603 mmol/L,,,,,,,,
GCW_SW_T69,,,,,,,,,,,,1.7017 mmol/L,,,,,,,,
GCW_SW_T70,,,,,,,,,,,,1.8012 mmol/L,,,,,,,,
GCW_SW_T71,,,,,,,,,,,,1.9272 mmol/L,,,,,,,,
GCW_SW_T72,,,,,,,,,,,,2.0402 mmol/L,,,,,,,,
GCW_SW_T73,,,,,,,,,,,,2.1655 mmol/L,,,,,,,,
GCW_SW_T74,,,,,,,,,,,,2.1525 mmol/L,,,,,,,,
GCW_SW_T74_dup,,,,,,,,,,,,2.1995 mmol/L,,,,,,,,
crm-215-0935-7,,,,,,,,,,,,2.1928 mmol/L,,,,,,,,
GCW_SW_T75,,,,,,,,,,,,2.0875 mmol/L,,,,,,,,
GCW_SW_T76,,,,,,,,,,,,2.1980 mmol/L,,,,,,,,
GCW_SW_T77,,,,,,,,,,,,2.0899 mmol/L,,,,,,,,
GCW_SW_T78,,,,,,,,,,,,2.1464 mmol/L,,,,,,,,
GCW_SW_T79,,,,,,,,,,,,2.1555 mmol/L,,,,,,,,
GCW_SW_T80,,,,,,,,,,,,2.5057 mmol/L,,,,,,,,
Measure (normal) [1],,,,,,,,"Scope 1/1, Sample 1/75",,,,,,,,,,,,
Measured Values,,,,,"Scope 1/1, Sample 1/75",,,,,,,,,,,,,,,
,Time,,,,,Meas. value,,,,,Temp.,,,,,dE,,,,
,[s],,,,,[pH],,,,,[°C],,,,,[pH],,,,
,1,,,,,7.967,,,,,20.2,,,,,,,,,
,2,,,,,7.378,,,,,20.6,,,,,-0.589,,,,
,3,,,,,7.479,,,,,21.0,,,,,0.101,,,,
,4,,,,,7.645,,,,,21.5,,,,,0.166,,,,
,5,,,,,7.785,,,,,22.0,,,,,0.140,,,,
,6,,,,,7.891,,,,,22.4,,,,,0.106,,,,
,7,,,,,7.972,,,,,22.7,,,,,0.081,,,,
,8,,,,,8.027,,,,,22.9,,,,,0.055,,,,
,9,,,,,8.069,,,,,23.1,,,,,0.042,,,,
,10,,,,,8.100,,,,,23.2,,,,,0.031,,,,
,11,,,,,8.123,,,,,23.3,,,,,0.023,,,,
,12,,,,,8.138,,,,,23.4,,,,,0.015,,,,
,13,,,,,8.148,,,,,23.5,,,,,0.010,,,,
,14,,,,,8.153,,,,,23.5,,,,,0.005,,,,
,15,,,,,8.155,,,,,23.6,,,,,0.002,,,,
,16,,,,,8.156,,,,,23.6,,,,,0.001,,,,
,17,,,,,8.155,,,,,23.7,,,,,-0.001,,,,
,18,,,,,8.151,,,,,23.7,,,,,-0.004,,,,
,19,,,,,8.147,,,,,23.7,,,,,-0.004,,,,
,20,,,,,8.143,,,,,23.7,,,,,-0.004,,,,
,21,,,,,8.138,,,,,23.7,,,,,-0.005,,,,
,22,,,,,8.134,,,,,23.7,,,,,-0.004,,,,
,23,,,,,8.129,,,,,23.7,,,,,-0.005,,,,
,24,,,,,8.123,,,,,23.8,,,,,-0.006,,,,
,25,,,,,8.118,,,,,23.8,,,,,-0.005,,,,
,26,,,,,8.113,,,,,23.8,,,,,-0.005,,,,
,27,,,,,8.108,,,,,23.8,,,,,-0.005,,,,
,28,,,,,8.103,,,,,23.8,,,,,-0.005,,,,
,29,,,,,8.098,,,,,23.8,,,,,-0.005,,,,
,30,,,,,8.094,,,,,23.8,,,,,-0.004,,,,
,31,,,,,8.089,,,,,23.8,,,,,-0.005,,,,
,32,,,,,8.084,,,,,23.8,,,,,-0.005,,,,
,33,,,,,8.080,,,,,23.8,,,,,-0.004,,,,
,34,,,,,8.076,,,,,23.8,,,,,-0.004,,,,
,35,,,,,8.072,,,,,23.8,,,,,-0.004,,,,
,36,,,,,8.068,,,,,23.8,,,,,-0.004,,,,
,37,,,,,8.064,,,,,23.8,,,,,-0.004,,,,
,38,,,,,8.061,,,,,23.8,,,,,-0.003,,,,
,39,,,,,8.057,,,,,23.8,,,,,-0.004,,,,
,40,,,,,8.054,,,,,23.8,,,,,-0.003,,,,
,41,,,,,8.051,,,,,23.8,,,,,-0.003,,,,
,42,,,,,8.048,,,,,23.8,,,,,-0.003,,,,
,43,,,,,8.045,,,,,23.9,,,,,-0.003,,,,
,44,,,,,8.042,,,,,23.9,,,,,-0.003,,,,
,45,,,,,8.035,,,,,23.9,,,,,-0.007,,,,
,46,,,,,8.036,,,,,23.9,,,,,0.001,,,,
,47,,,,,8.036,,,,,23.9,,,,,0.000,,,,
,48,,,,,8.030,,,,,23.9,,,,,-0.006,,,,
,49,,,,,8.029,,,,,23.9,,,,,-0.001,,,,
,50,,,,,8.028,,,,,23.9,,,,,-0.001,,,,
,51,,,,,8.025,,,,,23.9,,,,,-0.003,,,,
,52,,,,,8.019,,,,,23.9,,,,,-0.006,,,,
,53,,,,,8.019,,,,,23.9,,,,,0.000,,,,
,54,,,,,8.015,,,,,23.9,,,,,-0.004,,,,
,55,,,,,8.014,,,,,23.9,,,,,-0.001,,,,
,56,,,,,8.014,,,,,23.9,,,,,0.000,,,,
,57,,,,,8.011,,,,,23.9,,,,,-0.003,,,,
,58,,,,,8.009,,,,,23.9,,,,,-0.002,,,,
,59,,,,,8.008,,,,,23.9,,,,,-0.001,,,,
,60,,,,,8.004,,,,,23.9,,,,,-0.004,,,,
Titration (EQP) [1],,,,,,,,"Scope 1/1, Sample 1/75",,,,,,,,,,,,
Measured Values,,,,,"Scope 1/1, Sample 1/75",,,,,,,,,,,,,,,
,Time,,V,,,Meas. value,,,dV,,Temp.,,,dE,,,dE/dV,,,EQP
,[s],,[mL],,,[pH],,,[mL],,[°C],,,[pH],,,[pH/mL],,,
,0,,0.00000,,,7.997,,,,,23.9,,,,,,,,,
,26,,0.08575,,,7.629,,,0.08575,,24.0,,,-0.368,,,,,,
,56,,0.12850,,,7.298,,,0.04275,,24.1,,,-0.331,,,,,,
,86,,0.15000,,,7.192,,,0.02150,,24.2,,,-0.106,,,,,,
,177,,0.19375,,,7.040,,,0.04375,,24.4,,,-0.152,,,,,,
,207,,0.24375,,,6.884,,,0.05000,,24.5,,,-0.156,,,-3.14,,,
,237,,0.29225,,,6.752,,,0.04850,,24.6,,,-0.132,,,-2.34,,,
,267,,0.34225,,,6.637,,,0.05000,,24.6,,,-0.115,,,-2.17,,,
,298,,0.39225,,,6.535,,,0.05000,,24.6,,,-0.102,,,-1.93,,,
,328,,0.44225,,,6.443,,,0.05000,,24.7,,,-0.092,,,-1.74,,,
,358,,0.49225,,,6.360,,,0.05000,,24.7,,,-0.083,,,-1.60,,,
,388,,0.54225,,,6.283,,,0.05000,,24.8,,,-0.077,,,-1.50,,,
,418,,0.59225,,,6.209,,,0.05000,,24.8,,,-0.074,,,-1.43,,,
,449,,0.64225,,,6.139,,,0.05000,,24.8,,,-0.070,,,-1.37,,,
,479,,0.69225,,,6.072,,,0.05000,,24.8,,,-0.067,,,-1.34,,,
,509,,0.74225,,,6.003,,,0.05000,,24.9,,,-0.069,,,-1.33,,,
,539,,0.79225,,,5.938,,,0.05000,,24.9,,,-0.065,,,-1.35,,,
,570,,0.84225,,,5.870,,,0.05000,,24.9,,,-0.068,,,-1.38,,,
,600,,0.89225,,,5.797,,,0.05000,,24.9,,,-0.073,,,-1.45,,,
,630,,0.94225,,,5.722,,,0.05000,,24.9,,,-0.075,,,-1.55,,,
,660,,0.99225,,,5.640,,,0.05000,,25.0,,,-0.082,,,-1.72,,,
,691,,1.04225,,,5.548,,,0.05000,,25.0,,,-0.092,,,-1.96,,,
,721,,1.09225,,,5.441,,,0.05000,,25.0,,,-0.107,,,-2.33,,,
,751,,1.14225,,,5.315,,,0.05000,,25.0,,,-0.126,,,-2.93,,,
,781,,1.19225,,,5.154,,,0.05000,,25.0,,,-0.161,,,-3.86,,,
,812,,1.22775,,,5.011,,,0.03550,,25.0,,,-0.143,,,-4.77,,,
,842,,1.25475,,,4.875,,,0.02700,,25.0,,,-0.136,,,-5.58,,,
,872,,1.27625,,,4.740,,,0.02150,,25.0,,,-0.135,,,-6.27,,,
,902,,1.29375,,,4.616,,,0.01750,,25.1,,,-0.124,,,-6.90,,,
,,,1.310255 ???,,,4.488 ???,,,,,,,,,,,,,,EQP
,933,,1.31050,,,4.486,,,0.01675,,25.1,,,-0.130,,,-7.44,,,
,963,,1.32675,,,4.357,,,0.01625,,25.1,,,-0.129,,,-7.16,,,
,993,,1.34350,,,4.234,,,0.01675,,25.1,,,-0.123,,,-6.42,,,
,1023,,1.36325,,,4.106,,,0.01975,,25.1,,,-0.128,,,-5.69,,,
,1054,,1.38750,,,3.977,,,0.02425,,25.1,,,-0.129,,,-4.87,,,
,1084,,1.41850,,,3.848,,,0.03100,,25.1,,,-0.129,,,-3.94,,,
,1114,,1.46025,,,3.715,,,0.04175,,25.1,,,-0.133,,,-2.98,,,
,1144,,1.51025,,,3.593,,,0.05000,,25.1,,,-0.122,,,-2.21,,,
,1174,,1.56025,,,3.498,,,0.05000,,25.1,,,-0.095,,,-1.73,,,
,1205,,1.61025,,,3.419,,,0.05000,,25.1,,,-0.079,,,-1.43,,,
,1235,,1.66025,,,3.352,,,0.05000,,25.1,,,-0.067,,,-1.22,,,
,1265,,1.71025,,,3.294,,,0.05000,,25.1,,,-0.058,,,-1.07,,,
,1296,,1.76025,,,3.243,,,0.05000,,25.1,,,-0.051,,,-0.96,,,
,1326,,1.81025,,,3.197,,,0.05000,,25.2,,,-0.046,,,-0.87,,,
,1356,,1.86025,,,3.156,,,0.05000,,25.2,,,-0.041,,,-0.79,,,
,1386,,1.91025,,,3.118,,,0.05000,,25.2,,,-0.038,,,,,,
,1416,,1.96025,,,3.083,,,0.05000,,25.2,,,-0.035,,,,,,
,1447,,2.01025,,,3.051,,,0.05000,,25.2,,,-0.032,,,,,,
,1477,,2.06025,,,3.022,,,0.05000,,25.2,,,-0.029,,,,,,
,1507,,2.11025,,,2.993,,,0.05000,,25.2,,,-0.029,,,,,,
Measure (normal) [1],,,,,,,,"Scope 1/1, Sample 2/75",,,,,,,,,,,,
Measured Values,,,,,"Scope 1/1, Sample 2/75",,,,,,,,,,,,,,,
,Time,,,,,Meas. value,,,,,Temp.,,,,,dE,,,,
,[s],,,,,[pH],,,,,[°C],,,,,[pH],,,,
,1,,,,,4.724,,,,,23.8,,,,,,,,,
,2,,,,,5.242,,,,,23.9,,,,,0.518,,,,
,3,,,,,5.622,,,,,24.1,,,,,0.380,,,,
,4,,,,,5.981,,,,,24.3,,,,,0.359,,,,
,5,,,,,6.317,,,,,24.5,,,,,0.336,,,,
,6,,,,,6.608,,,,,24.6,,,,,0.291,,,,
,7,,,,,6.862,,,,,24.7,,,,,0.254,,,,
,8,,,,,7.047,,,,,24.8,,,,,0.185,,,,
,9,,,,,7.224,,,,,24.9,,,,,0.177,,,,
,10,,,,,7.368,,,,,24.9,,,,,0.144,,,,
,11,,,,,7.484,,,,,25.0,,,,,0.116,,,,
,12,,,,,7.575,,,,,25.0,,,,,0.091,,,,
,13,,,,,7.652,,,,,25.0,,,,,0.077,,,,
,14,,,,,7.713,,,,,25.1,,,,,0.061,,,,
,15,,,,,7.760,,,,,25.1,,,,,0.047,,,,
,16,,,,,7.801,,,,,25.1,,,,,0.041,,,,
,17,,,,,7.834,,,,,25.1,,,,,0.033,,,,
,18,,,,,7.861,,,,,25.1,,,,,0.027,,,,
,19,,,,,7.883,,,,,25.1,,,,,0.022,,,,
,20,,,,,7.900,,,,,25.1,,,,,0.017,,,,
,21,,,,,7.915,,,,,25.1,,,,,0.015,,,,
,22,,,,,7.925,,,,,25.1,,,,,0.010,,,,
,23,,,,,7.934,,,,,25.1,,,,,0.009,,,,
,24,,,,,7.941,,,,,25.1,,,,,0.007,,,,
,25,,,,,7.947,,,,,25.1,,,,,0.006,,,,
,26,,,,,7.952,,,,,25.1,,,,,0.005,,,,
,27,,,,,7.956,,,,,25.1,,,,,0.004,,,,
,28,,,,,7.958,,,,,25.1,,,,,0.002,,,,
,29,,,,,7.960,,,,,25.1,,,,,0.002,,,,
,30,,,,,7.962,,,,,25.1,,,,,0.002,,,,
,31,,,,,7.963,,,,,25.1,,,,,0.001,,,,
,32,,,,,7.964,,,,,25.2,,,,,0.001,,,,
,33,,,,,7.965,,,,,25.2,,,,,0.001,,,,
,34,,,,,7.966,,,,,25.2,,,,,0.001,,,,
,35,,,,,7.966,,,,,25.2,,,,,0.000,,,,
,36,,,,,7.966,,,,,25.2,,,,,0.000,,,,
,37,,,,,7.966,,,,,25.2,,,,,0.000,,,,
,38,,,,,7.967,,,,,25.2,,,,,0.001,,,,
,39,,,,,7.966,,,,,25.2,,,,,-0.001,,,,
,40,,,,,7.966,,,,,25.2,,,,,0.000,,,,
,41,,,,,7.966,,,,,25.2,,,,,0.000,,,,
,42,,,,,7.966,,,,,25.2,,,,,0.000,,,,
,43,,,,,7.966,,,,,25.2,,,,,0.000,,,,
,44,,,,,7.966,,,,,25.2,,,,,0.000,,,,
,45,,,,,7.966,,,,,25.2,,,,,0.000,,,,
,46,,,,,7.965,,,,,25.2,,,,,-0.001,,,,
,47,,,,,7.965,,,,,25.2,,,,,0.000,,,,
,48,,,,,7.965,,,,,25.2,,,,,0.000,,,,
,49,,,,,7.965,,,,,25.2,,,,,0.000,,,,
,50,,,,,7.964,,,,,25.2,,,,,-0.001,,,,
,51,,,,,7.964,,,,,25.2,,,,,0.000,,,,
,52,,,,,7.964,,,,,25.2,,,,,0.000,,,,
,53,,,,,7.964,,,,,25.2,,,,,0.000,,,,
,54,,,,,7.964,,,,,25.2,,,,,0.000,,,,
,55,,,,,7.964,,,,,25.2,,,,,0.000,,,,
,56,,,,,7.963,,,,,25.2,,,,,-0.001,,,,
,57,,,,,7.963,,,,,25.2,,,,,0.000,,,,
,58,,,,,7.963,,,,,25.2,,,,,0.000,,,,
,59,,,,,7.963,,,,,25.2,,,,,0.000,,,,
,60,,,,,7.963,,,,,25.2,,,,,0.000,,,,
Titration (EQP) [1],,,,,,,,"Scope 1/1, Sample 2/75",,,,,,,,,,,,
Measured Values,,,,,"Scope 1/1, Sample 2/75",,,,,,,,,,,,,,,
,Time,,V,,,Meas. value,,,dV,,Temp.,,,dE,,,dE/dV,,,EQP
,[s],,[mL],,,[pH],,,[mL],,[°C],,,[pH],,,[pH/mL],,,
,0,,0.00000,,,7.961,,,,,25.2,,,,,,,,,
,28,,0.08575,,,7.628,,,0.08575,,25.2,,,-0.333,,,,,,
,58,,0.12850,,,7.344,,,0.04275,,25.2,,,-0.284,,,,,,
,88,,0.15000,,,7.214,,,0.02150,,25.2,,,-0.130,,,,,,
,179,,0.17425,,,7.107,,,0.02425,,25.2,,,-0.107,,,,,,
,209,,0.21650,,,6.962,,,0.04225,,25.2,,,-0.145,,,-3.61,,,
,239,,0.26650,,,6.811,,,0.05000,,25.2,,,-0.151,,,-2.72,,,
,269,,0.31650,,,6.686,,,0.05000,,25.2,,,-0.125,,,-2.34,,,
,300,,0.36650,,,6.576,,,0.05000,,25.2,,,-0.110,,,-2.08,,,
,330,,0.41650,,,6.478,,,0.05000,,25.2,,,-0.098,,,-1.87,,,
,360,,0.46650,,,6.385,,,0.05000,,25.2,,,-0.093,,,-1.70,,,
,390,,0.51650,,,6.303,,,0.05000,,25.2,,,-0.082,,,-1.57,,,
,420,,0.56650,,,6.229,,,0.05000,,25.2,,,-0.074,,,-1.48,,,
,451,,0.61650,,,6.157,,,0.05000,,25.2,,,-0.072,,,-1.42,,,
,481,,0.66650,,,6.086,,,0.05000,,25.2,,,-0.071,,,-1.38,,,
,511,,0.71650,,,6.018,,,0.05000,,25.2,,,-0.068,,,-1.39,,,
,542,,0.76650,,,5.945,,,0.05000,,25.2,,,-0.073,,,-1.41,,,
,572,,0.81650,,,5.875,,,0.05000,,25.2,,,-0.070,,,-1.46,,,
,602,,0.86650,,,5.800,,,0.05000,,25.2,,,-0.075,,,-1.53,,,
,632,,0.91650,,,5.720,,,0.05000,,25.2,,,-0.080,,,-1.63,,,
,662,,0.96650,,,5.633,,,0.05000,,25.2,,,-0.087,,,-1.81,,,
,693,,1.01650,,,5.536,,,0.05000,,25.2,,,-0.097,,,-2.09,,,
,723,,1.06650,,,5.423,,,0.05000,,25.2,,,-0.113,,,-2.52,,,
,753,,1.11650,,,5.287,,,0.05000,,25.2,,,-0.136,,,-3.23,,,
,783,,1.16650,,,5.108,,,0.05000,,25.2,,,-0.179,,,-4.36,,,
,814,,1.19525,,,4.977,,,0.02875,,25.2,,,-0.131,,,-5.22,,,
,844,,1.21875,,,4.849,,,0.02350,,25.2,,,-0.128,,,-6.00,,,
,874,,1.23950,,,4.710,,,0.02075,,25.2,,,-0.139,,,-6.72,,,
,904,,1.25600,,,4.583,,,0.01650,,25.2,,,-0.127,,,-7.39,,,
,,,1.269077 ???,,,4.473 ???,,,,,,,,,,,,,,EQP
,935,,1.27150,,,4.453,,,0.01550,,25.2,,,-0.130,,,-7.81,,,
,965,,1.28625,,,4.331,,,0.01475,,25.2,,,-0.122,,,-7.31,,,
,995,,1.30275,,,4.207,,,0.01650,,25.3,,,-0.124,,,-6.53,,,
,1025,,1.32275,,,4.079,,,0.02000,,25.3,,,-0.128,,,-5.77,,,
,1056,,1.34750,,,3.950,,,0.02475,,25.2,,,-0.129,,,-4.87,,,
,1086,,1.37975,,,3.817,,,0.03225,,25.2,,,-0.133,,,-3.86,,,
,1116,,1.42175,,,3.687,,,0.04200,,25.3,,,-0.130,,,-2.90,,,
,1146,,1.47175,,,3.568,,,0.05000,,25.3,,,-0.119,,,-2.16,,,
,1177,,1.52175,,,3.475,,,0.05000,,25.3,,,-0.093,,,-1.69,,,
,1207,,1.57175,,,3.397,,,0.05000,,25.3,,,-0.078,,,-1.40,,,
,1237,,1.62175,,,3.331,,,0.05000,,25.3,,,-0.066,,,-1.20,,,
,1267,,1.67175,,,3.274,,,0.05000,,25.3,,,-0.057,,,-1.06,,,
,1298,,1.72175,,,3.224,,,0.05000,,25.3,,,-0.050,,,-0.95,,,
,1328,,1.77175,,,3.178,,,0.05000,,25.3,,,-0.046,,,-0.86,,,
,1358,,1.82175,,,3.137,,,0.05000,,25.3,,,-0.041,,,-0.78,,,
,1388,,1.87175,,,3.100,,,0.05000,,25.3,,,-0.037,,,,,,
,1418,,1.92175,,,3.065,,,0.05000,,25.3,,,-0.035,,,,,,
,1449,,1.97175,,,3.034,,,0.05000,,25.3,,,-0.031,,,,,,
,1479,,2.02175,,,3.004,,,0.05000,,25.3,,,-0.030,,,,,,
,1509,,2.07175,,,2.976,,,0.05000,,25.3,,,-0.028,,,,,,
Measure (normal) [1],,,,,,,,"Scope 1/1, Sample 3/75",,,,,,,,,,,,
Measured Values,,,,,"Scope 1/1, Sample 3/75",,,,,,,,,,,,,,,
,Time,,,,,Meas. value,,,,,Temp.,,,,,dE,,,,
,[s],,,,,[pH],,,,,[°C],,,,,[pH],,,,
,1,,,,,5.058,,,,,23.8,,,,,,,,,
,2,,,,,5.223,,,,,24.0,,,,,0.165,,,,
,3,,,,,5.422,,,,,24.1,,,,,0.199,,,,
,4,,,,,5.579,,,,,24.4,,,,,0.157,,,,
,5,,,,,5.706,,,,,24.5,,,,,0.127,,,,
,6,,,,,5.814,,,,,24.7,,,,,0.108,,,,
,7,,,,,5.908,,,,,24.8,,,,,0.094,,,,
,8,,,,,5.983,,,,,24.9,,,,,0.075,,,,
,9,,,,,6.059,,,,,25.0,,,,,0.076,,,,
,10,,,,,6.129,,,,,25.0,,,,,0.070,,,,
,11,,,,,6.193,,,,,25.1,,,,,0.064,,,,
,12,,,,,6.253,,,,,25.1,,,,,0.060,,,,
,13,,,,,6.309,,,,,25.2,,,,,0.056,,,,
,14,,,,,6.362,,,,,25.2,,,,,0.053,,,,
,15,,,,,6.408,,,,,25.2,,,,,0.046,,,,
,16,,,,,6.455,,,,,25.2,,,,,0.047,,,,
,17,,,,,6.500,,,,,25.2,,,,,0.045,,,,
,18,,,,,6.544,,,,,25.2,,,,,0.044,,,,
,19,,,,,6.584,,,,,25.2,,,,,0.040,,,,
,20,,,,,6.622,,,,,25.2,,,,,0.038,,,,
,21,,,,,6.659,,,,,25.2,,,,,0.037,,,,
,22,,,,,6.691,,,,,25.2,,,,,0.032,,,,
,23,,,,,6.725,,,,,25.2,,,,,0.034,,,,
,24,,,,,6.758,,,,,25.3,,,,,0.033,,,,
,25,,,,,6.789,,,,,25.3,,,,,0.031,,,,
,26,,,,,6.818,,,,,25.3,,,,,0.029,,,,
,27,,,,,6.846,,,,,25.3,,,,,0.028,,,,
,28,,,,,6.874,,,,,25.3,,,,,0.028,,,,
,29,,,,,6.898,,,,,25.3,,,,,0.024,,,,
,30,,,,,6.924,,,,,25.3,,,,,0.026,,,,
,31,,,,,6.948,,,,,25.3,,,,,0.024,,,,
,32,,,,,6.968,,,,,25.3,,,,,0.020,,,,
,33,,,,,6.987,,,,,25.3,,,,,0.019,,,,
,34,,,,,7.008,,,,,25.3,,,,,0.021,,,,
,35,,,,,7.028,,,,,25.3,,,,,0.020,,,,
,36,,,,,7.044,,,,,25.3,,,,,0.016,,,,
,37,,,,,7.062,,,,,25.3,,,,,0.018,,,,
,38,,,,,7.078,,,,,25.3,,,,,0.016,,,,
,39,,,,,7.085,,,,,25.3,,,,,0.007,,,,
,40,,,,,7.103,,,,,25.3,,,,,0.018,,,,
,41,,,,,7.121,,,,,25.3,,,,,0.018,,,,
,42,,,,,7.135,,,,,25.3,,,,,0.014,,,,
,43,,,,,7.148,,,,,25.3,,,,,0.013,,,,
,44,,,,,7.160,,,,,25.3,,,,,0.012,,,,
,45,,,,,7.173,,,,,25.3,,,,,0.013,,,,
,46,,,,,7.185,,,,,25.3,,,,,0.012,,,,
,47,,,,,7.196,,,,,25.3,,,,,0.011,,,,
,48,,,,,7.206,,,,,25.3,,,,,0.010,,,,
,49,,,,,7.215,,,,,25.3,,,,,0.009,,,,
,50,,,,,7.225,,,,,25.3,,,,,0.010,,,,
,51,,,,,7.234,,,,,25.3,,,,,0.009,,,,
,52,,,,,7.242,,,,,25.3,,,,,0.008,,,,
,53,,,,,7.250,,,,,25.3,,,,,0.008,,,,
,54,,,,,7.257,,,,,25.3,,,,,0.007,,,,
,55,,,,,7.264,,,,,25.3,,,,,0.007,,,,
,56,,,,,7.271,,,,,25.3,,,,,0.007,,,,
,57,,,,,7.278,,,,,25.3,,,,,0.007,,,,
,58,,,,,7.284,,,,,25.3,,,,,0.006,,,,
,59,,,,,7.290,,,,,25.3,,,,,0.006,,,,
,60,,,,,7.296,,,,,25.3,,,,,0.006,,,,
Titration (EQP) [1],,,,,,,,"Scope 1/1, Sample 3/75",,,,,,,,,,,,
Measured Values,,,,,"Scope 1/1, Sample 3/75",,,,,,,,,,,,,,,
,Time,,V,,,Meas. value,,,dV,,Temp.,,,dE,,,dE/dV,,,EQP
,[s],,[mL],,,[pH],,,[mL],,[°C],,,[pH],,,[pH/mL],,,
,0,,0.00000,,,7.309,,,,,25.3,,,,,,,,,
,28,,0.08575,,,7.111,,,0.08575,,25.3,,,-0.198,,,,,,
,58,,0.12850,,,6.969,,,0.04275,,25.3,,,-0.142,,,,,,
,88,,0.15000,,,6.894,,,0.02150,,25.3,,,-0.075,,,,,,
,179,,0.18700,,,6.818,,,0.03700,,25.3,,,-0.076,,,,,,
,209,,0.23700,,,6.725,,,0.05000,,25.3,,,-0.093,,,-2.04,,,
,239,,0.28700,,,6.630,,,0.05000,,25.3,,,-0.095,,,-1.77,,,
,270,,0.33700,,,6.540,,,0.05000,,25.3,,,-0.090,,,-1.72,,,
,300,,0.38700,,,6.455,,,0.05000,,25.3,,,-0.085,,,-1.67,,,
,330,,0.43700,,,6.371,,,0.05000,,25.3,,,-0.084,,,-1.60,,,
,360,,0.48700,,,6.294,,,0.05000,,25.3,,,-0.077,,,-1.54,,,
,390,,0.53700,,,6.220,,,0.05000,,25.3,,,-0.074,,,-1.51,,,
,421,,0.58700,,,6.144,,,0.05000,,25.3,,,-0.076,,,-1.51,,,
,451,,0.63700,,,6.066,,,0.05000,,25.3,,,-0.078,,,-1.55,,,
,481,,0.68700,,,5.988,,,0.05000,,25.3,,,-0.078,,,-1.62,,,
,511,,0.73700,,,5.902,,,0.05000,,25.3,,,-0.086,,,-1.74,,,
,542,,0.78700,,,5.810,,,0.05000,,25.3,,,-0.092,,,-1.92,,,
,572,,0.83700,,,5.708,,,0.05000,,25.3,,,-0.102,,,-2.22,,,
,602,,0.88700,,,5.587,,,0.05000,,25.3,,,-0.121,,,-2.70,,,
,632,,0.93700,,,5.441,,,0.05000,,25.3,,,-0.146,,,-3.50,,,
,663,,0.98050,,,5.278,,,0.04350,,25.3,,,-0.163,,,-4.61,,,
,693,,1.00850,,,5.145,,,0.02800,,25.3,,,-0.133,,,-5.58,,,
,723,,1.03125,,,5.011,,,0.02275,,25.3,,,-0.134,,,-6.50,,,
,753,,1.04975,,,4.879,,,0.01850,,25.3,,,-0.132,,,-7.30,,,
,784,,1.06550,,,4.748,,,0.01575,,25.3,,,-0.131,,,-8.12,,,
,814,,1.07950,,,4.619,,,0.01400,,25.3,,,-0.129,,,-8.79,,,
,844,,1.09300,,,4.494,,,0.01350,,25.3,,,-0.125,,,-8.63,,,
,874,,1.10750,,,4.366,,,0.01450,,25.3,,,-0.128,,,-7.82,,,
,,,1.115873,,,4.300,,,,,,,,,,,,,,EQP
,904,,1.12375,,,4.238,,,0.01625,,25.3,,,-0.128,,,-6.94,,,
,935,,1.14300,,,4.111,,,0.01925,,25.3,,,-0.127,,,-6.06,,,
,965,,1.16750,,,3.979,,,0.02450,,25.3,,,-0.132,,,-5.04,,,
,995,,1.19850,,,3.850,,,0.03100,,25.3,,,-0.129,,,-3.99,,,
,1025,,1.24100,,,3.716,,,0.04250,,25.3,,,-0.134,,,-2.97,,,
,1056,,1.29100,,,3.594,,,0.05000,,25.3,,,-0.122,,,-2.20,,,
,1086,,1.34100,,,3.499,,,0.05000,,25.3,,,-0.095,,,-1.73,,,
,1116,,1.39100,,,3.419,,,0.05000,,25.3,,,-0.080,,,-1.43,,,
,1146,,1.44100,,,3.353,,,0.05000,,25.3,,,-0.066,,,-1.23,,,
,1177,,1.49100,,,3.294,,,0.05000,,25.3,,,-0.059,,,-1.08,,,
,1207,,1.54100,,,3.243,,,0.05000,,25.3,,,-0.051,,,-0.96,,,
,1237,,1.59100,,,3.197,,,0.05000,,25.3,,,-0.046,,,-0.87,,,
,1267,,1.64100,,,3.155,,,0.05000,,25.3,,,-0.042,,,-0.79,,,
,1298,,1.69100,,,3.117,,,0.05000,,25.3,,,-0.038,,,,,,
,1328,,1.74100,,,3.082,,,0.05000,,25.3,,,-0.035,,,,,,
,1358,,1.79100,,,3.049,,,0.05000,,25.3,,,-0.033,,,,,,
,1388,,1.84100,,,3.020,,,0.05000,,25.3,,,-0.029,,,,,,
,1418,,1.89100,,,2.991,,,0.05000,,25.3,,,-0.029,,,,,,
Measure (normal) [1],,,,,,,,"Scope 1/1, Sample 4/75",,,,,,,,,,,,
Measured Values,,,,,"Scope 1/1, Sample 4/75",,,,,,,,,,,,,,,
,Time,,,,,Meas. value,,,,,Temp.,,,,,dE,,,,
,[s],,,,,[pH],,,,,[°C],,,,,[pH],,,,
,1,,,,,4.638,,,,,23.6,,,,,,,,,
,2,,,,,4.995,,,,,23.7,,,,,0.357,,,,
,3,,,,,5.231,,,,,24.0,,,,,0.236,,,,
,4,,,,,5.409,,,,,24.2,,,,,0.178,,,,
,5,,,,,5.547,,,,,24.4,,,,,0.138,,,,
,6,,,,,5.660,,,,,24.6,,,,,0.113,,,,
,7,,,,,5.756,,,,,24.8,,,,,0.096,,,,
,8,,,,,5.831,,,,,24.9,,,,,0.075,,,,
,9,,,,,5.906,,,,,25.0,,,,,0.075,,,,
,10,,,,,5.974,,,,,25.0,,,,,0.068,,,,
,11,,,,,6.035,,,,,25.1,,,,,0.061,,,,
,12,,,,,6.092,,,,,25.2,,,,,0.057,,,,
,13,,,,,6.146,,,,,25.2,,,,,0.054,,,,
,14,,,,,6.195,,,,,25.2,,,,,0.049,,,,
,15,,,,,6.237,,,,,25.2,,,,,0.042,,,,
,16,,,,,6.281,,,,,25.2,,,,,0.044,,,,
,17,,,,,6.323,,,,,25.3,,,,,0.042,,,,
,18,,,,,6.362,,,,,25.3,,,,,0.039,,,,
,19,,,,,6.399,,,,,25.3,,,,,0.037,,,,
,20,,,,,6.435,,,,,25.3,,,,,0.036,,,,
,21,,,,,6.468,,,,,25.3,,,,,0.033,,,,
,22,,,,,6.496,,,,,25.3,,,,,0.028,,,,
,23,,,,,6.526,,,,,25.3,,,,,0.030,,,,
,24,,,,,6.555,,,,,25.3,,,,,0.029,,,,
,25,,,,,6.583,,,,,25.3,,,,,0.028,,,,
,26,,,,,6.608,,,,,25.3,,,,,0.025,,,,
,27,,,,,6.633,,,,,25.3,,,,,0.025,,,,
,28,,,,,6.657,,,,,25.3,,,,,0.024,,,,
,29,,,,,6.678,,,,,25.3,,,,,0.021,,,,
,30,,,,,6.700,,,,,25.3,,,,,0.022,,,,
,31,,,,,6.721,,,,,25.3,,,,,0.021,,,,
,32,,,,,6.741,,,,,25.3,,,,,0.020,,,,
,33,,,,,6.761,,,,,25.3,,,,,0.020,,,,
,34,,,,,6.780,,,,,25.3,,,,,0.019,,,,
,35,,,,,6.798,,,,,25.3,,,,,0.018,,,,
,36,,,,,6.813,,,,,25.3,,,,,0.015,,,,
,37,,,,,6.829,,,,,25.3,,,,,0.016,,,,
,38,,,,,6.845,,,,,25.3,,,,,0.016,,,,
,39,,,,,6.861,,,,,25.3,,,,,0.016,,,,
,40,,,,,6.876,,,,,25.3,,,,,0.015,,,,
,41,,,,,6.891,,,,,25.3,,,,,0.015,,,,
,42,,,,,6.905,,,,,25.3,,,,,0.014,,,,
,43,,,,,6.917,,,,,25.3,,,,,0.012,,,,
,44,,,,,6.930,,,,,25.3,,,,,0.013,,,,
,45,,,,,6.943,,,,,25.3,,,,,0.013,,,,
,46,,,,,6.954,,,,,25.3,,,,,0.011,,,,
,47,,,,,6.964,,,,,25.3,,,,,0.010,,,,
,48,,,,,6.973,,,,,25.3,,,,,0.009,,,,
,49,,,,,6.982,,,,,25.3,,,,,0.009,,,,
,50,,,,,6.990,,,,,25.3,,,,,0.008,,,,
,51,,,,,7.000,,,,,25.3,,,,,0.010,,,,
,52,,,,,7.010,,,,,25.3,,,,,0.010,,,,
,53,,,,,7.018,,,,,25.3,,,,,0.008,,,,
,54,,,,,7.026,,,,,25.3,,,,,0.008,,,,
,55,,,,,7.034,,,,,25.3,,,,,0.008,,,,
,56,,,,,7.042,,,,,25.3,,,,,0.008,,,,
,57,,,,,7.049,,,,,25.3,,,,,0.007,,,,
,58,,,,,7.056,,,,,25.3,,,,,0.007,,,,
,59,,,,,7.063,,,,,25.3,,,,,0.007,,,,
,60,,,,,7.069,,,,,25.3,,,,,0.006,,,,
Titration (EQP) [1],,,,,,,,"Scope 1/1, Sample 4/75",,,,,,,,,,,,
Measured Values,,,,,"Scope 1/1, Sample 4/75",,,,,,,,,,,,,,,
,Time,,V,,,Meas. value,,,dV,,Temp.,,,dE,,,dE/dV,,,EQP
,[s],,[mL],,,[pH],,,[mL],,[°C],,,[pH],,,[pH/mL],,,
,0,,0.00000,,,7.082,,,,,25.3,,,,,,,,,
,28,,0.08575,,,6.979,,,0.08575,,25.3,,,-0.103,,,,,,
,58,,0.12850,,,6.876,,,0.04275,,25.3,,,-0.103,,,,,,
,88,,0.15000,,,6.819,,,0.02150,,25.3,,,-0.057,,,,,,
,179,,0.20000,,,6.746,,,0.05000,,25.3,,,-0.073,,,,,,
,209,,0.25000,,,6.661,,,0.05000,,25.3,,,-0.085,,,-1.75,,,
,239,,0.30000,,,6.576,,,0.05000,,25.3,,,-0.085,,,-1.57,,,
,269,,0.35000,,,6.495,,,0.05000,,25.3,,,-0.081,,,-1.56,,,
,300,,0.40000,,,6.419,,,0.05000,,25.3,,,-0.076,,,-1.52,,,
,330,,0.45000,,,6.347,,,0.05000,,25.3,,,-0.072,,,-1.45,,,
,360,,0.50000,,,6.275,,,0.05000,,25.3,,,-0.072,,,-1.41,,,
,390,,0.55000,,,6.203,,,0.05000,,25.3,,,-0.072,,,-1.39,,,
,421,,0.60000,,,6.135,,,0.05000,,25.3,,,-0.068,,,-1.39,,,
,451,,0.65000,,,6.064,,,0.05000,,25.3,,,-0.071,,,-1.42,,,
,481,,0.70000,,,5.991,,,0.05000,,25.3,,,-0.073,,,-1.48,,,
,511,,0.75000,,,5.916,,,0.05000,,25.3,,,-0.075,,,-1.57,,,
,542,,0.80000,,,5.833,,,0.05000,,25.3,,,-0.083,,,-1.71,,,
,572,,0.85000,,,5.739,,,0.05000,,25.3,,,-0.094,,,-1.93,,,
,602,,0.90000,,,5.637,,,0.05000,,25.3,,,-0.102,,,-2.28,,,
,632,,0.95000,,,5.513,,,0.05000,,25.3,,,-0.124,,,-2.84,,,
,662,,1.00000,,,5.359,,,0.05000,,25.3,,,-0.154,,,-3.75,,,
,693,,1.03875,,,5.205,,,0.03875,,25.3,,,-0.154,,,-4.82,,,
,723,,1.06525,,,5.071,,,0.02650,,25.3,,,-0.134,,,-5.76,,,
,753,,1.08650,,,4.940,,,0.02125,,25.3,,,-0.131,,,-6.58,,,
,784,,1.10450,,,4.807,,,0.01800,,25.3,,,-0.133,,,-7.34,,,
,814,,1.12000,,,4.679,,,0.01550,,25.3,,,-0.128,,,-8.13,,,
,,,1.132654 ???,,,4.566 ???,,,,,,,,,,,,,,EQP
,844,,1.13450,,,4.549,,,0.01450,,25.3,,,-0.130,,,-8.51,,,
,874,,1.14850,,,4.425,,,0.01400,,25.3,,,-0.124,,,-8.05,,,
,904,,1.16425,,,4.295,,,0.01575,,25.3,,,-0.130,,,-7.17,,,
,935,,1.18200,,,4.168,,,0.01775,,25.3,,,-0.127,,,-6.36,,,
,965,,1.20350,,,4.042,,,0.02150,,25.3,,,-0.126,,,-5.47,,,
,995,,1.23225,,,3.908,,,0.02875,,25.3,,,-0.134,,,-4.42,,,
,1025,,1.26850,,,3.778,,,0.03625,,25.3,,,-0.130,,,-3.41,,,
,1056,,1.31825,,,3.643,,,0.04975,,25.3,,,-0.135,,,-2.47,,,
,1086,,1.36825,,,3.538,,,0.05000,,25.3,,,-0.105,,,-1.90,,,
,1116,,1.41825,,,3.453,,,0.05000,,25.3,,,-0.085,,,-1.54,,,
,1146,,1.46825,,,3.381,,,0.05000,,25.3,,,-0.072,,,-1.31,,,
,1177,,1.51825,,,3.319,,,0.05000,,25.3,,,-0.062,,,-1.14,,,
,1207,,1.56825,,,3.265,,,0.05000,,25.3,,,-0.054,,,-1.01,,,
,1237,,1.61825,,,3.216,,,0.05000,,25.3,,,-0.049,,,-0.91,,,
,1267,,1.66825,,,3.173,,,0.05000,,25.3,,,-0.043,,,-0.82,,,
,1298,,1.71825,,,3.134,,,0.05000,,25.3,,,-0.039,,,-0.75,,,
,1328,,1.76825,,,3.097,,,0.05000,,25.3,,,-0.037,,,,,,
,1358,,1.81825,,,3.064,,,0.05000,,25.3,,,-0.033,,,,,,
,1388,,1.86825,,,3.033,,,0.05000,,25.3,,,-0.031,,,,,,
,1418,,1.91825,,,3.004,,,0.05000,,25.3,,,-0.029,,,,,,
,1449,,1.96825,,,2.977,,,0.05000,,25.3,,,-0.027,,,,,,
Measure (normal) [1],,,,,,,,"Scope 1/1, Sample 5/75",,,,,,,,,,,,
Measured Values,,,,,"Scope 1/1, Sample 5/75",,,,,,,,,,,,,,,
,Time,,,,,Meas. value,,,,,Temp.,,,,,dE,,,,
,[s],,,,,[pH],,,,,[°C],,,,,[pH],,,,
,1,,,,,4.698,,,,,23.9,,,,,,,,,
,2,,,,,4.992,,,,,24.0,,,,,0.294,,,,
,3,,,,,5.237,,,,,24.2,,,,,0.245,,,,
,4,,,,,5.415,,,,,24.4,,,,,0.178,,,,
,5,,,,,5.556,,,,,24.6,,,,,0.141,,,,
,6,,,,,5.671,,,,,24.8,,,,,0.115,,,,
,7,,,,,5.771,,,,,24.9,,,,,0.100,,,,
,8,,,,,5.851,,,,,25.0,,,,,0.080,,,,
,9,,,,,5.931,,,,,25.1,,,,,0.080,,,,
,10,,,,,6.004,,,,,25.1,,,,,0.073,,,,
,11,,,,,6.070,,,,,25.2,,,,,0.066,,,,
,12,,,,,6.132,,,,,25.2,,,,,0.062,,,,
,13,,,,,6.190,,,,,25.2,,,,,0.058,,,,
,14,,,,,6.244,,,,,25.3,,,,,0.054,,,,
,15,,,,,6.290,,,,,25.3,,,,,0.046,,,,
,16,,,,,6.339,,,,,25.3,,,,,0.049,,,,
,17,,,,,6.384,,,,,25.3,,,,,0.045,,,,
,18,,,,,6.427,,,,,25.3,,,,,0.043,,,,
,19,,,,,6.468,,,,,25.3,,,,,0.041,,,,
,20,,,,,6.507,,,,,25.3,,,,,0.039,,,,
,21,,,,,6.544,,,,,25.3,,,,,0.037,,,,
,22,,,,,6.576,,,,,25.3,,,,,0.032,,,,
,23,,,,,6.610,,,,,25.3,,,,,0.034,,,,
,24,,,,,6.642,,,,,25.3,,,,,0.032,,,,
,25,,,,,6.673,,,,,25.3,,,,,0.031,,,,
,26,,,,,6.703,,,,,25.3,,,,,0.030,,,,
,27,,,,,6.731,,,,,25.3,,,,,0.028,,,,
,28,,,,,6.758,,,,,25.3,,,,,0.027,,,,
,29,,,,,6.781,,,,,25.3,,,,,0.023,,,,
,30,,,,,6.806,,,,,25.3,,,,,0.025,,,,
,31,,,,,6.829,,,,,25.3,,,,,0.023,,,,
,32,,,,,6.852,,,,,25.3,,,,,0.023,,,,
,33,,,,,6.874,,,,,25.4,,,,,0.022,,,,
,34,,,,,6.896,,,,,25.4,,,,,0.022,,,,
,35,,,,,6.917,,,,,25.3,,,,,0.021,,,,
,36,,,,,6.935,,,,,25.3,,,,,0.018,,,,
,37,,,,,6.954,,,,,25.3,,,,,0.019,,,,
,38,,,,,6.969,,,,,25.4,,,,,0.015,,,,
,39,,,,,6.984,,,,,25.3,,,,,0.015,,,,
,40,,,,,7.000,,,,,25.4,,,,,0.016,,,,
,41,,,,,7.016,,,,,25.4,,,,,0.016,,,,
,42,,,,,7.030,,,,,25.4,,,,,0.014,,,,
,43,,,,,7.042,,,,,25.4,,,,,0.012,,,,
,44,,,,,7.055,,,,,25.4,,,,,0.013,,,,
,45,,,,,7.068,,,,,25.4,,,,,0.013,,,,
,46,,,,,7.079,,,,,25.4,,,,,0.011,,,,
,47,,,,,7.083,,,,,25.4,,,,,0.004,,,,
,48,,,,,7.094,,,,,25.3,,,,,0.011,,,,
,49,,,,,7.107,,,,,25.3,,,,,0.013,,,,
,50,,,,,7.119,,,,,25.4,,,,,0.012,,,,
,51,,,,,7.130,,,,,25.4,,,,,0.011,,,,
,52,,,,,7.140,,,,,25.4,,,,,0.010,,,,
,53,,,,,7.149,,,,,25.4,,,,,0.009,,,,
,54,,,,,7.158,,,,,25.4,,,,,0.009,,,,
,55,,,,,7.166,,,,,25.4,,,,,0.008,,,,
,56,,,,,7.174,,,,,25.4,,,,,0.008,,,,
,57,,,,,7.181,,,,,25.3,,,,,0.007,,,,
,58,,,,,7.189,,,,,25.4,,,,,0.008,,,,
,59,,,,,7.196,,,,,25.4,,,,,0.007,,,,
,60,,,,,7.202,,,,,25.3,,,,,0.006,,,,
Titration (EQP) [1],,,,,,,,"Scope 1/1, Sample 5/75",,,,,,,,,,,,
Measured Values,,,,,"Scope 1/1, Sample 5/75",,,,,,,,,,,,,,,
,Time,,V,,,Meas. value,,,dV,,Temp.,,,dE,,,dE/dV,,,EQP
,[s],,[mL],,,[pH],,,[mL],,[°C],,,[pH],,,[pH/mL],,,
,0,,0.00000,,,7.216,,,,,25.4,,,,,,,,,
,28,,0.08575,,,7.057,,,0.08575,,25.3,,,-0.159,,,,,,
,58,,0.12850,,,6.934,,,0.04275,,25.3,,,-0.123,,,,,,
,88,,0.15000,,,6.866,,,0.02150,,25.3,,,-0.068,,,,,,
,179,,0.18950,,,6.802,,,0.03950,,25.3,,,-0.064,,,,,,
,209,,0.23950,,,6.715,,,0.05000,,25.3,,,-0.087,,,-1.87,,,
,239,,0.28950,,,6.626,,,0.05000,,25.3,,,-0.089,,,-1.65,,,
,269,,0.33950,,,6.540,,,0.05000,,25.3,,,-0.086,,,-1.61,,,
,300,,0.38950,,,6.459,,,0.05000,,25.3,,,-0.081,,,-1.57,,,
,330,,0.43950,,,6.386,,,0.05000,,25.3,,,-0.073,,,-1.50,,,
,360,,0.48950,,,6.312,,,0.05000,,25.3,,,-0.074,,,-1.44,,,
,390,,0.53950,,,6.241,,,0.05000,,25.3,,,-0.071,,,-1.41,,,
,421,,0.58950,,,6.169,,,0.05000,,25.3,,,-0.072,,,-1.41,,,
,451,,0.63950,,,6.099,,,0.05000,,25.3,,,-0.070,,,-1.43,,,
,481,,0.68950,,,6.026,,,0.05000,,25.3,,,-0.073,,,-1.47,,,
,511,,0.73950,,,5.950,,,0.05000,,25.3,,,-0.076,,,-1.55,,,
,542,,0.78950,,,5.868,,,0.05000,,25.3,,,-0.082,,,-1.67,,,
,572,,0.83950,,,5.779,,,0.05000,,25.3,,,-0.089,,,-1.87,,,
,602,,0.88950,,,5.679,,,0.05000,,25.3,,,-0.100,,,-2.18,,,
,632,,0.93950,,,5.560,,,0.05000,,25.3,,,-0.119,,,-2.68,,,
,662,,0.98950,,,5.414,,,0.05000,,25.3,,,-0.146,,,-3.50,,,
,693,,1.03275,,,5.252,,,0.04325,,25.3,,,-0.162,,,-4.62,,,
,723,,1.06100,,,5.117,,,0.02825,,25.3,,,-0.135,,,-5.61,,,
,753,,1.08325,,,4.985,,,0.02225,,25.3,,,-0.132,,,-6.51,,,
,784,,1.10175,,,4.852,,,0.01850,,25.3,,,-0.133,,,-7.32,,,
,814,,1.11725,,,4.724,,,0.01550,,25.3,,,-0.128,,,-8.13,,,
,844,,1.13150,,,4.594,,,0.01425,,25.3,,,-0.130,,,-8.81,,,
,874,,1.14500,,,4.467,,,0.01350,,25.3,,,-0.127,,,-8.60,,,
,,,1.156699,,,4.364,,,,,,,,,,,,,,EQP
,904,,1.15925,,,4.341,,,0.01425,,25.3,,,-0.126,,,-7.78,,,
,935,,1.17550,,,4.214,,,0.01625,,25.3,,,-0.127,,,-6.91,,,
,965,,1.19500,,,4.085,,,0.01950,,25.3,,,-0.129,,,-6.03,,,
,995,,1.21950,,,3.957,,,0.02450,,25.3,,,-0.128,,,-5.01,,,
,1026,,1.25200,,,3.823,,,0.03250,,25.3,,,-0.134,,,-3.92,,,
,1056,,1.29400,,,3.691,,,0.04200,,25.3,,,-0.132,,,-2.93,,,
,1086,,1.34400,,,3.571,,,0.05000,,25.3,,,-0.120,,,-2.17,,,
,1116,,1.39400,,,3.476,,,0.05000,,25.3,,,-0.095,,,-1.71,,,
,1146,,1.44400,,,3.399,,,0.05000,,25.3,,,-0.077,,,-1.42,,,
,1177,,1.49400,,,3.332,,,0.05000,,25.3,,,-0.067,,,-1.22,,,
,1207,,1.54400,,,3.274,,,0.05000,,25.3,,,-0.058,,,-1.08,,,
,1237,,1.59400,,,3.222,,,0.05000,,25.3,,,-0.052,,,-0.96,,,
,1267,,1.64400,,,3.176,,,0.05000,,25.3,,,-0.046,,,-0.87,,,
,1298,,1.69400,,,3.135,,,0.05000,,25.3,,,-0.041,,,,,,
,1328,,1.74400,,,3.097,,,0.05000,,25.3,,,-0.038,,,,,,
,1358,,1.79400,,,3.062,,,0.05000,,25.3,,,-0.035,,,,,,
,1388,,1.84400,,,3.030,,,0.05000,,25.3,,,-0.032,,,,,,
,1419,,1.89400,,,3.000,,,0.05000,,25.3,,,-0.030,,,,,,
Measure (normal) [1],,,,,,,,"Scope 1/1, Sample 6/75",,,,,,,,,,,,
Measured Values,,,,,"Scope 1/1, Sample 6/75",,,,,,,,,,,,,,,
,Time,,,,,Meas. value,,,,,Temp.,,,,,dE,,,,
,[s],,,,,[pH],,,,,[°C],,,,,[pH],,,,
,1,,,,,4.822,,,,,23.9,,,,,,,,,
,2,,,,,5.076,,,,,24.0,,,,,0.254,,,,
,3,,,,,5.299,,,,,24.2,,,,,0.223,,,,
,4,,,,,5.465,,,,,24.5,,,,,0.166,,,,
,5,,,,,5.599,,,,,24.6,,,,,0.134,,,,
,6,,,,,5.711,,,,,24.8,,,,,0.112,,,,
,7,,,,,5.809,,,,,24.9,,,,,0.098,,,,
,8,,,,,5.886,,,,,25.0,,,,,0.077,,,,
,9,,,,,5.964,,,,,25.1,,,,,0.078,,,,
,10,,,,,6.034,,,,,25.2,,,,,0.070,,,,
,11,,,,,6.101,,,,,25.2,,,,,0.067,,,,
,12,,,,,6.162,,,,,25.2,,,,,0.061,,,,
,13,,,,,6.218,,,,,25.3,,,,,0.056,,,,
,14,,,,,6.270,,,,,25.3,,,,,0.052,,,,
,15,,,,,6.315,,,,,25.3,,,,,0.045,,,,
,16,,,,,6.362,,,,,25.3,,,,,0.047,,,,
,17,,,,,6.406,,,,,25.3,,,,,0.044,,,,
,18,,,,,6.448,,,,,25.3,,,,,0.042,,,,
,19,,,,,6.488,,,,,25.4,,,,,0.040,,,,
,20,,,,,6.526,,,,,25.4,,,,,0.038,,,,
,21,,,,,6.562,,,,,25.4,,,,,0.036,,,,
,22,,,,,6.593,,,,,25.4,,,,,0.031,,,,
,23,,,,,6.625,,,,,25.4,,,,,0.032,,,,
,24,,,,,6.656,,,,,25.4,,,,,0.031,,,,
,25,,,,,6.686,,,,,25.4,,,,,0.030,,,,
,26,,,,,6.715,,,,,25.4,,,,,0.029,,,,
,27,,,,,6.742,,,,,25.4,,,,,0.027,,,,
,28,,,,,6.767,,,,,25.4,,,,,0.025,,,,
,29,,,,,6.789,,,,,25.4,,,,,0.022,,,,
,30,,,,,6.812,,,,,25.4,,,,,0.023,,,,
,31,,,,,6.835,,,,,25.4,,,,,0.023,,,,
,32,,,,,6.857,,,,,25.4,,,,,0.022,,,,
,33,,,,,6.878,,,,,25.4,,,,,0.021,,,,
,34,,,,,6.898,,,,,25.4,,,,,0.020,,,,
,35,,,,,6.917,,,,,25.4,,,,,0.019,,,,
,36,,,,,6.934,,,,,25.4,,,,,0.017,,,,
,37,,,,,6.951,,,,,25.4,,,,,0.017,,,,
,38,,,,,6.965,,,,,25.4,,,,,0.014,,,,
,39,,,,,6.979,,,,,25.4,,,,,0.014,,,,
,40,,,,,6.993,,,,,25.4,,,,,0.014,,,,
,41,,,,,7.008,,,,,25.4,,,,,0.015,,,,
,42,,,,,7.021,,,,,25.4,,,,,0.013,,,,
,43,,,,,7.032,,,,,25.4,,,,,0.011,,,,
,44,,,,,7.044,,,,,25.4,,,,,0.012,,,,
,45,,,,,7.056,,,,,25.4,,,,,0.012,,,,
,46,,,,,7.067,,,,,25.4,,,,,0.011,,,,
,47,,,,,7.077,,,,,25.4,,,,,0.010,,,,
,48,,,,,7.082,,,,,25.4,,,,,0.005,,,,
,49,,,,,7.088,,,,,25.4,,,,,0.006,,,,
,50,,,,,7.098,,,,,25.4,,,,,0.010,,,,
,51,,,,,7.110,,,,,25.4,,,,,0.012,,,,
,52,,,,,7.121,,,,,25.4,,,,,0.011,,,,
,53,,,,,7.130,,,,,25.4,,,,,0.009,,,,
,54,,,,,7.139,,,,,25.4,,,,,0.009,,,,
,55,,,,,7.146,,,,,25.4,,,,,0.007,,,,
,56,,,,,7.153,,,,,25.4,,,,,0.007,,,,
,57,,,,,7.159,,,,,25.4,,,,,0.006,,,,
,58,,,,,7.166,,,,,25.4,,,,,0.007,,,,
,59,,,,,7.173,,,,,25.4,,,,,0.007,,,,
,60,,,,,7.179,,,,,25.4,,,,,0.006,,,,
Titration (EQP) [1],,,,,,,,"Scope 1/1, Sample 6/75",,,,,,,,,,,,
Measured Values,,,,,"Scope 1/1, Sample 6/75",,,,,,,,,,,,,,,
,Time,,V,,,Meas. value,,,dV,,Temp.,,,dE,,,dE/dV,,,EQP
,[s],,[mL],,,[pH],,,[mL],,[°C],,,[pH],,,[pH/mL],,,
,0,,0.00000,,,7.191,,,,,25.4,,,,,,,,,
,28,,0.08575,,,7.060,,,0.08575,,25.4,,,-0.131,,,,,,
,58,,0.12850,,,6.956,,,0.04275,,25.4,,,-0.104,,,,,,
,88,,0.15000,,,6.900,,,0.02150,,25.4,,,-0.056,,,,,,
,179,,0.20000,,,6.829,,,0.05000,,25.4,,,-0.071,,,,,,
,209,,0.25000,,,6.746,,,0.05000,,25.4,,,-0.083,,,-1.65,,,
,239,,0.30000,,,6.665,,,0.05000,,25.4,,,-0.081,,,-1.47,,,
,270,,0.35000,,,6.592,,,0.05000,,25.4,,,-0.073,,,-1.43,,,
,300,,0.40000,,,6.523,,,0.05000,,25.3,,,-0.069,,,-1.37,,,
,330,,0.45000,,,6.458,,,0.05000,,25.3,,,-0.065,,,-1.28,,,
,360,,0.50000,,,6.393,,,0.05000,,25.3,,,-0.065,,,-1.22,,,
,390,,0.55000,,,6.335,,,0.05000,,25.3,,,-0.058,,,-1.19,,,
,421,,0.60000,,,6.276,,,0.05000,,25.3,,,-0.059,,,-1.16,,,
,451,,0.65000,,,6.218,,,0.05000,,25.3,,,-0.058,,,-1.15,,,
,481,,0.70000,,,6.160,,,0.05000,,25.3,,,-0.058,,,-1.16,,,
,512,,0.75000,,,6.101,,,0.05000,,25.3,,,-0.059,,,-1.19,,,
,542,,0.80000,,,6.041,,,0.05000,,25.3,,,-0.060,,,-1.22,,,
,572,,0.85000,,,5.978,,,0.05000,,25.3,,,-0.063,,,-1.28,,,
,602,,0.90000,,,5.912,,,0.05000,,25.3,,,-0.066,,,-1.35,,,
,632,,0.95000,,,5.841,,,0.05000,,25.3,,,-0.071,,,-1.45,,,
,663,,1.00000,,,5.766,,,0.05000,,25.3,,,-0.075,,,-1.59,,,
,693,,1.05000,,,5.678,,,0.05000,,25.3,,,-0.088,,,-1.81,,,
,723,,1.10000,,,5.581,,,0.05000,,25.3,,,-0.097,,,-2.14,,,
,753,,1.15000,,,5.466,,,0.05000,,25.3,,,-0.115,,,-2.67,,,
,784,,1.20000,,,5.318,,,0.05000,,25.3,,,-0.148,,,-3.51,,,
,814,,1.24250,,,5.159,,,0.04250,,25.3,,,-0.159,,,-4.56,,,
,844,,1.27100,,,5.021,,,0.02850,,25.3,,,-0.138,,,-5.46,,,
,874,,1.29275,,,4.893,,,0.02175,,25.3,,,-0.128,,,-6.20,,,
,905,,1.31175,,,4.760,,,0.01900,,25.3,,,-0.133,,,-6.90,,,
,935,,1.32800,,,4.633,,,0.01625,,25.3,,,-0.127,,,-7.60,,,
,,,1.339991 ???,,,4.535 ???,,,,,,,,,,,,,,EQP
,965,,1.34350,,,4.506,,,0.01550,,25.3,,,-0.127,,,-7.84,,,
,995,,1.35925,,,4.376,,,0.01575,,25.3,,,-0.130,,,-7.29,,,
,1026,,1.37575,,,4.254,,,0.01650,,25.3,,,-0.122,,,-6.52,,,
,1056,,1.39600,,,4.123,,,0.02025,,25.3,,,-0.131,,,-5.75,,,
,1086,,1.42025,,,3.997,,,0.02425,,25.3,,,-0.126,,,-4.89,,,
,1116,,1.45300,,,3.863,,,0.03275,,25.3,,,-0.134,,,-3.89,,,
,1146,,1.49425,,,3.731,,,0.04125,,25.3,,,-0.132,,,-2.96,,,
,1177,,1.54425,,,3.609,,,0.05000,,25.3,,,-0.122,,,-2.21,,,
,1207,,1.59425,,,3.513,,,0.05000,,25.3,,,-0.096,,,-1.75,,,
,1237,,1.64425,,,3.433,,,0.05000,,25.3,,,-0.080,,,-1.44,,,
,1268,,1.69425,,,3.366,,,0.05000,,25.3,,,-0.067,,,-1.23,,,
,1298,,1.74425,,,3.307,,,0.05000,,25.3,,,-0.059,,,-1.09,,,
,1328,,1.79425,,,3.255,,,0.05000,,25.3,,,-0.052,,,-0.97,,,
,1358,,1.84425,,,3.209,,,0.05000,,25.3,,,-0.046,,,-0.87,,,
,1388,,1.89425,,,3.167,,,0.05000,,25.3,,,-0.042,,,-0.80,,,
,1419,,1.94425,,,3.129,,,0.05000,,25.3,,,-0.038,,,-0.73,,,
,1449,,1.99425,,,3.094,,,0.05000,,25.3,,,-0.035,,,,,,
,1479,,2.04425,,,3.061,,,0.05000,,25.3,,,-0.033,,,,,,
,1509,,2.09425,,,3.031,,,0.05000,,25.3,,,-0.030,,,,,,
,1540,,2.14425,,,3.003,,,0.05000,,25.3,,,-0.028,,,,,,
,1570,,2.19425,,,2.976,,,0.05000,,25.3,,,-0.027,,,,,,
Measure (normal) [1],,,,,,,,"Scope 1/1, Sample 7/75",,,,,,,,,,,,
Measured Values,,,,,"Scope 1/1, Sample 7/75",,,,,,,,,,,,,,,
,Time,,,,,Meas. value,,,,,Temp.,,,,,dE,,,,
,[s],,,,,[pH],,,,,[°C],,,,,[pH],,,,
,1,,,,,4.776,,,,,24.1,,,,,,,,,
,2,,,,,5.028,,,,,24.3,,,,,0.252,,,,
,3,,,,,5.250,,,,,24.4,,,,,0.222,,,,
,4,,,,,5.420,,,,,24.6,,,,,0.170,,,,
,5,,,,,5.555,,,,,24.7,,,,,0.135,,,,
,6,,,,,5.669,,,,,24.9,,,,,0.114,,,,
,7,,,,,5.767,,,,,25.0,,,,,0.098,,,,
,8,,,,,5.856,,,,,25.1,,,,,0.089,,,,
,9,,,,,5.929,,,,,25.1,,,,,0.073,,,,
,10,,,,,6.004,,,,,25.2,,,,,0.075,,,,
,11,,,,,6.074,,,,,25.2,,,,,0.070,,,,
,12,,,,,6.138,,,,,25.3,,,,,0.064,,,,
,13,,,,,6.200,,,,,25.3,,,,,0.062,,,,
,14,,,,,6.257,,,,,25.3,,,,,0.057,,,,
,15,,,,,6.311,,,,,25.3,,,,,0.054,,,,
,16,,,,,6.358,,,,,25.3,,,,,0.047,,,,
,17,,,,,6.410,,,,,25.3,,,,,0.052,,,,
,18,,,,,6.458,,,,,25.3,,,,,0.048,,,,
,19,,,,,6.503,,,,,25.4,,,,,0.045,,,,
,20,,,,,6.547,,,,,25.4,,,,,0.044,,,,
,21,,,,,6.590,,,,,25.4,,,,,0.043,,,,
,22,,,,,6.627,,,,,25.4,,,,,0.037,,,,
,23,,,,,6.665,,,,,25.4,,,,,0.038,,,,
,24,,,,,6.701,,,,,25.4,,,,,0.036,,,,
,25,,,,,6.736,,,,,25.4,,,,,0.035,,,,
,26,,,,,6.769,,,,,25.4,,,,,0.033,,,,
,27,,,,,6.800,,,,,25.4,,,,,0.031,,,,
,28,,,,,6.830,,,,,25.4,,,,,0.030,,,,
,29,,,,,6.861,,,,,25.4,,,,,0.031,,,,
,30,,,,,6.887,,,,,25.4,,,,,0.026,,,,
,31,,,,,6.915,,,,,25.4,,,,,0.028,,,,
,32,,,,,6.941,,,,,25.4,,,,,0.026,,,,
,33,,,,,6.965,,,,,25.4,,,,,0.024,,,,
,34,,,,,6.985,,,,,25.4,,,,,0.020,,,,
,35,,,,,7.008,,,,,25.4,,,,,0.023,,,,
,36,,,,,7.028,,,,,25.4,,,,,0.020,,,,
,37,,,,,7.049,,,,,25.4,,,,,0.021,,,,
,38,,,,,7.069,,,,,25.4,,,,,0.020,,,,
,39,,,,,7.082,,,,,25.4,,,,,0.013,,,,
,40,,,,,7.099,,,,,25.4,,,,,0.017,,,,
,41,,,,,7.121,,,,,25.4,,,,,0.022,,,,
,42,,,,,7.139,,,,,25.4,,,,,0.018,,,,
,43,,,,,7.153,,,,,25.4,,,,,0.014,,,,
,44,,,,,7.169,,,,,25.4,,,,,0.016,,,,
,45,,,,,7.184,,,,,25.4,,,,,0.015,,,,
,46,,,,,7.198,,,,,25.4,,,,,0.014,,,,
,47,,,,,7.212,,,,,25.4,,,,,0.014,,,,
,48,,,,,7.225,,,,,25.4,,,,,0.013,,,,
,49,,,,,7.236,,,,,25.4,,,,,0.011,,,,
,50,,,,,7.247,,,,,25.4,,,,,0.011,,,,
,51,,,,,7.258,,,,,25.4,,,,,0.011,,,,
,52,,,,,7.268,,,,,25.4,,,,,0.010,,,,
,53,,,,,7.277,,,,,25.4,,,,,0.009,,,,
,54,,,,,7.286,,,,,25.4,,,,,0.009,,,,
,55,,,,,7.295,,,,,25.4,,,,,0.009,,,,
,56,,,,,7.304,,,,,25.4,,,,,0.009,,,,
,57,,,,,7.312,,,,,25.4,,,,,0.008,,,,
,58,,,,,7.320,,,,,25.4,,,,,0.008,,,,
,59,,,,,7.327,,,,,25.4,,,,,0.007,,,,
,60,,,,,7.335,,,,,25.4,,,,,0.008,,,,
Titration (EQP) [1],,,,,,,,"Scope 1/1, Sample 7/75",,,,,,,,,,,,
Measured Values,,,,,"Scope 1/1, Sample 7/75",,,,,,,,,,,,,,,
,Time,,V,,,Meas. value,,,dV,,Temp.,,,dE,,,dE/dV,,,EQP
,[s],,[mL],,,[pH],,,[mL],,[°C],,,[pH],,,[pH/mL],,,
,0,,0.00000,,,7.350,,,,,25.4,,,,,,,,,
,28,,0.08575,,,7.155,,,0.08575,,25.4,,,-0.195,,,,,,
,58,,0.12850,,,7.010,,,0.04275,,25.4,,,-0.145,,,,,,
,88,,0.15000,,,6.937,,,0.02150,,25.4,,,-0.073,,,,,,
,179,,0.18975,,,6.857,,,0.03975,,25.4,,,-0.080,,,,,,
,209,,0.23975,,,6.765,,,0.05000,,25.4,,,-0.092,,,-2.02,,,
,239,,0.28975,,,6.671,,,0.05000,,25.4,,,-0.094,,,-1.73,,,
,269,,0.33975,,,6.581,,,0.05000,,25.4,,,-0.090,,,-1.68,,,
,300,,0.38975,,,6.500,,,0.05000,,25.4,,,-0.081,,,-1.61,,,
,330,,0.43975,,,6.420,,,0.05000,,25.4,,,-0.080,,,-1.53,,,
,360,,0.48975,,,6.348,,,0.05000,,25.4,,,-0.072,,,-1.45,,,
,390,,0.53975,,,6.275,,,0.05000,,25.4,,,-0.073,,,-1.41,,,
,421,,0.58975,,,6.207,,,0.05000,,25.4,,,-0.068,,,-1.39,,,
,451,,0.63975,,,6.135,,,0.05000,,25.4,,,-0.072,,,-1.39,,,
,481,,0.68975,,,6.066,,,0.05000,,25.4,,,-0.069,,,-1.43,,,
,511,,0.73975,,,5.993,,,0.05000,,25.4,,,-0.073,,,-1.49,,,
,542,,0.78975,,,5.915,,,0.05000,,25.4,,,-0.078,,,-1.59,,,
,572,,0.83975,,,5.831,,,0.05000,,25.4,,,-0.084,,,-1.73,,,
,602,,0.88975,,,5.737,,,0.05000,,25.4,,,-0.094,,,-1.96,,,
,632,,0.93975,,,5.633,,,0.05000,,25.4,,,-0.104,,,-2.31,,,
,662,,0.98975,,,5.508,,,0.05000,,25.4,,,-0.125,,,-2.87,,,
,693,,1.03975,,,5.351,,,0.05000,,25.4,,,-0.157,,,-3.82,,,
,723,,1.07725,,,5.200,,,0.03750,,25.4,,,-0.151,,,-4.87,,,
,753,,1.10350,,,5.067,,,0.02625,,25.4,,,-0.133,,,-5.82,,,
,784,,1.12475,,,4.935,,,0.02125,,25.4,,,-0.132,,,-6.66,,,
,814,,1.14250,,,4.802,,,0.01775,,25.4,,,-0.133,,,-7.42,,,
,844,,1.15775,,,4.673,,,0.01525,,25.4,,,-0.129,,,-8.24,,,
,,,1.169651 ???,,,4.565 ???,,,,,,,,,,,,,,EQP
,874,,1.17200,,,4.544,,,0.01425,,25.4,,,-0.129,,,-8.57,,,
,904,,1.18575,,,4.421,,,0.01375,,25.4,,,-0.123,,,-8.05,,,
,935,,1.20150,,,4.290,,,0.01575,,25.4,,,-0.131,,,-7.16,,,
,965,,1.21900,,,4.167,,,0.01750,,25.4,,,-0.123,,,-6.36,,,
,995,,1.24175,,,4.036,,,0.02275,,25.4,,,-0.131,,,-5.41,,,
,1026,,1.27050,,,3.903,,,0.02875,,25.4,,,-0.133,,,-4.37,,,
,1056,,1.30700,,,3.774,,,0.03650,,25.4,,,-0.129,,,-3.37,,,
,1086,,1.35700,,,3.640,,,0.05000,,25.4,,,-0.134,,,-2.45,,,
,1116,,1.40700,,,3.535,,,0.05000,,25.4,,,-0.105,,,-1.88,,,
,1146,,1.45700,,,3.451,,,0.05000,,25.4,,,-0.084,,,-1.52,,,
,1177,,1.50700,,,3.380,,,0.05000,,25.4,,,-0.071,,,-1.29,,,
,1207,,1.55700,,,3.319,,,0.05000,,25.4,,,-0.061,,,-1.12,,,
,1237,,1.60700,,,3.266,,,0.05000,,25.4,,,-0.053,,,-1.00,,,
,1267,,1.65700,,,3.218,,,0.05000,,25.4,,,-0.048,,,-0.90,,,
,1298,,1.70700,,,3.175,,,0.05000,,25.4,,,-0.043,,,-0.82,,,
,1328,,1.75700,,,3.136,,,0.05000,,25.4,,,-0.039,,,-0.75,,,
,1358,,1.80700,,,3.099,,,0.05000,,25.4,,,-0.037,,,,,,
,1388,,1.85700,,,3.066,,,0.05000,,25.4,,,-0.033,,,,,,
,1419,,1.90700,,,3.035,,,0.05000,,25.4,,,-0.031,,,,,,
,1449,,1.95700,,,3.007,,,0.05000,,25.4,,,-0.028,,,,,,
,1479,,2.00700,,,2.979,,,0.05000,,25.4,,,-0.028,,,,,,
Measure (normal) [1],,,,,,,,"Scope 1/1, Sample 8/75",,,,,,,,,,,,
Measured Values,,,,,"Scope 1/1, Sample 8/75",,,,,,,,,,,,,,,
,Time,,,,,Meas. value,,,,,Temp.,,,,,dE,,,,
,[s],,,,,[pH],,,,,[°C],,,,,[pH],,,,
,1,,,,,4.694,,,,,24.2,,,,,,,,,
,2,,,,,4.965,,,,,24.3,,,,,0.271,,,,
,3,,,,,5.210,,,,,24.5,,,,,0.245,,,,
,4,,,,,5.403,,,,,24.7,,,,,0.193,,,,
,5,,,,,5.555,,,,,24.8,,,,,0.152,,,,
,6,,,,,5.682,,,,,25.0,,,,,0.127,,,,
,7,,,,,5.793,,,,,25.1,,,,,0.111,,,,
,8,,,,,5.892,,,,,25.1,,,,,0.099,,,,
,9,,,,,5.976,,,,,25.2,,,,,0.084,,,,
,10,,,,,6.061,,,,,25.2,,,,,0.085,,,,
,11,,,,,6.141,,,,,25.3,,,,,0.080,,,,
,12,,,,,6.217,,,,,25.3,,,,,0.076,,,,
,13,,,,,6.290,,,,,25.3,,,,,0.073,,,,
,14,,,,,6.358,,,,,25.4,,,,,0.068,,,,
,15,,,,,6.424,,,,,25.4,,,,,0.066,,,,
,16,,,,,6.480,,,,,25.4,,,,,0.056,,,,
,17,,,,,6.538,,,,,25.4,,,,,0.058,,,,
,18,,,,,6.595,,,,,25.4,,,,,0.057,,,,
,19,,,,,6.648,,,,,25.4,,,,,0.053,,,,
,20,,,,,6.698,,,,,25.4,,,,,0.050,,,,
,21,,,,,6.746,,,,,25.4,,,,,0.048,,,,
,22,,,,,6.787,,,,,25.4,,,,,0.041,,,,
,23,,,,,6.832,,,,,25.4,,,,,0.045,,,,
,24,,,,,6.878,,,,,25.4,,,,,0.046,,,,
,25,,,,,6.921,,,,,25.4,,,,,0.043,,,,
,26,,,,,6.960,,,,,25.4,,,,,0.039,,,,
,27,,,,,6.992,,,,,25.4,,,,,0.032,,,,
,28,,,,,7.026,,,,,25.4,,,,,0.034,,,,
,29,,,,,7.055,,,,,25.4,,,,,0.029,,,,
,30,,,,,7.082,,,,,25.4,,,,,0.027,,,,
,31,,,,,7.112,,,,,25.4,,,,,0.030,,,,
,32,,,,,7.146,,,,,25.4,,,,,0.034,,,,
,33,,,,,7.174,,,,,25.4,,,,,0.028,,,,
,34,,,,,7.200,,,,,25.4,,,,,0.026,,,,
,35,,,,,7.224,,,,,25.4,,,,,0.024,,,,
,36,,,,,7.246,,,,,25.4,,,,,0.022,,,,
,37,,,,,7.266,,,,,25.4,,,,,0.020,,,,
,38,,,,,7.287,,,,,25.4,,,,,0.021,,,,
,39,,,,,7.306,,,,,25.4,,,,,0.019,,,,
,40,,,,,7.324,,,,,25.4,,,,,0.018,,,,
,41,,,,,7.341,,,,,25.4,,,,,0.017,,,,
,42,,,,,7.358,,,,,25.4,,,,,0.017,,,,
,43,,,,,7.371,,,,,25.4,,,,,0.013,,,,
,44,,,,,7.386,,,,,25.4,,,,,0.015,,,,
,45,,,,,7.400,,,,,25.4,,,,,0.014,,,,
,46,,,,,7.414,,,,,25.4,,,,,0.014,,,,
,47,,,,,7.427,,,,,25.4,,,,,0.013,,,,
,48,,,,,7.439,,,,,25.4,,,,,0.012,,,,
,49,,,,,7.450,,,,,25.4,,,,,0.011,,,,
,50,,,,,7.459,,,,,25.4,,,,,0.009,,,,
,51,,,,,7.469,,,,,25.4,,,,,0.010,,,,
,52,,,,,7.478,,,,,25.4,,,,,0.009,,,,
,53,,,,,7.487,,,,,25.4,,,,,0.009,,,,
,54,,,,,7.496,,,,,25.4,,,,,0.009,,,,
,55,,,,,7.504,,,,,25.4,,,,,0.008,,,,
,56,,,,,7.512,,,,,25.4,,,,,0.008,,,,
,57,,,,,7.518,,,,,25.4,,,,,0.006,,,,
,58,,,,,7.525,,,,,25.4,,,,,0.007,,,,
,59,,,,,7.531,,,,,25.4,,,,,0.006,,,,
,60,,,,,7.537,,,,,25.4,,,,,0.006,,,,
Titration (EQP) [1],,,,,,,,"Scope 1/1, Sample 8/75",,,,,,,,,,,,
Measured Values,,,,,"Scope 1/1, Sample 8/75",,,,,,,,,,,,,,,
,Time,,V,,,Meas. value,,,dV,,Temp.,,,dE,,,dE/dV,,,EQP
,[s],,[mL],,,[pH],,,[mL],,[°C],,,[pH],,,[pH/mL],,,
,0,,0.00000,,,7.549,,,,,25.4,,,,,,,,,
,28,,0.08575,,,7.261,,,0.08575,,25.4,,,-0.288,,,,,,
,58,,0.12850,,,7.075,,,0.04275,,25.4,,,-0.186,,,,,,
,88,,0.15000,,,6.982,,,0.02150,,25.4,,,-0.093,,,,,,
,179,,0.18000,,,6.907,,,0.03000,,25.4,,,-0.075,,,,,,
,209,,0.23000,,,6.805,,,0.05000,,25.4,,,-0.102,,,-2.30,,,
,239,,0.28000,,,6.704,,,0.05000,,25.4,,,-0.101,,,-1.89,,,
,270,,0.33000,,,6.607,,,0.05000,,25.4,,,-0.097,,,-1.82,,,
,300,,0.38000,,,6.517,,,0.05000,,25.4,,,-0.090,,,-1.75,,,
,330,,0.43000,,,6.430,,,0.05000,,25.4,,,-0.087,,,-1.67,,,
,360,,0.48000,,,6.350,,,0.05000,,25.4,,,-0.080,,,-1.58,,,
,390,,0.53000,,,6.271,,,0.05000,,25.4,,,-0.079,,,-1.52,,,
,421,,0.58000,,,6.198,,,0.05000,,25.4,,,-0.073,,,-1.51,,,
,451,,0.63000,,,6.121,,,0.05000,,25.4,,,-0.077,,,-1.52,,,
,481,,0.68000,,,6.045,,,0.05000,,25.4,,,-0.076,,,-1.57,,,
,511,,0.73000,,,5.963,,,0.05000,,25.4,,,-0.082,,,-1.64,,,
,542,,0.78000,,,5.876,,,0.05000,,25.4,,,-0.087,,,-1.76,,,
,572,,0.83000,,,5.784,,,0.05000,,25.4,,,-0.092,,,-1.96,,,
,602,,0.88000,,,5.678,,,0.05000,,25.4,,,-0.106,,,-2.28,,,
,632,,0.93000,,,5.557,,,0.05000,,25.4,,,-0.121,,,-2.81,,,
,663,,0.98000,,,5.402,,,0.05000,,25.4,,,-0.155,,,-3.71,,,
,693,,1.01825,,,5.252,,,0.03825,,25.4,,,-0.150,,,-4.77,,,
,723,,1.04600,,,5.116,,,0.02775,,25.4,,,-0.136,,,-5.78,,,
,753,,1.06825,,,4.979,,,0.02225,,25.4,,,-0.137,,,-6.72,,,
,784,,1.08575,,,4.850,,,0.01750,,25.4,,,-0.129,,,-7.50,,,
,814,,1.10100,,,4.717,,,0.01525,,25.4,,,-0.133,,,-8.35,,,
,844,,1.11450,,,4.593,,,0.01350,,25.4,,,-0.124,,,-8.95,,,
,,,1.120459,,,4.536,,,,,,,,,,,,,,EQP
,874,,1.12850,,,4.460,,,0.01400,,25.4,,,-0.133,,,-8.62,,,
,905,,1.14225,,,4.340,,,0.01375,,25.4,,,-0.120,,,-7.74,,,
,935,,1.15900,,,4.208,,,0.01675,,25.4,,,-0.132,,,-6.86,,,
,965,,1.17850,,,4.082,,,0.01950,,25.4,,,-0.126,,,-5.96,,,
,995,,1.20400,,,3.952,,,0.02550,,25.4,,,-0.130,,,-4.89,,,
,1026,,1.23750,,,3.818,,,0.03350,,25.4,,,-0.134,,,-3.79,,,
,1056,,1.28150,,,3.686,,,0.04400,,25.4,,,-0.132,,,-2.80,,,
,1086,,1.33150,,,3.571,,,0.05000,,25.4,,,-0.115,,,-2.09,,,
,1116,,1.38150,,,3.479,,,0.05000,,25.4,,,-0.092,,,-1.66,,,
,1146,,1.43150,,,3.403,,,0.05000,,25.4,,,-0.076,,,-1.38,,,
,1177,,1.48150,,,3.338,,,0.05000,,25.4,,,-0.065,,,-1.19,,,
,1207,,1.53150,,,3.281,,,0.05000,,25.4,,,-0.057,,,-1.05,,,
,1237,,1.58150,,,3.231,,,0.05000,,25.4,,,-0.050,,,-0.94,,,
,1268,,1.63150,,,3.186,,,0.05000,,25.4,,,-0.045,,,-0.85,,,
,1298,,1.68150,,,3.146,,,0.05000,,25.4,,,-0.040,,,-0.77,,,
,1328,,1.73150,,,3.108,,,0.05000,,25.4,,,-0.038,,,,,,
,1358,,1.78150,,,3.074,,,0.05000,,25.4,,,-0.034,,,,,,
,1388,,1.83150,,,3.042,,,0.05000,,25.4,,,-0.032,,,,,,
,1419,,1.88150,,,3.013,,,0.05000,,25.4,,,-0.029,,,,,,
,1449,,1.93150,,,2.985,,,0.05000,,25.4,,,-0.028,,,,,,
Measure (normal) [1],,,,,,,,"Scope 1/1, Sample 9/75",,,,,,,,,,,,
Measured Values,,,,,"Scope 1/1, Sample 9/75",,,,,,,,,,,,,,,
,Time,,,,,Meas. value,,,,,Temp.,,,,,dE,,,,
,[s],,,,,[pH],,,,,[°C],,,,,[pH],,,,
,1,,,,,5.303,,,,,24.2,,,,,,,,,
,2,,,,,5.489,,,,,24.3,,,,,0.186,,,,
,3,,,,,5.678,,,,,24.5,,,,,0.189,,,,
,4,,,,,5.819,,,,,24.7,,,,,0.141,,,,
,5,,,,,5.933,,,,,24.8,,,,,0.114,,,,
,6,,,,,6.030,,,,,25.0,,,,,0.097,,,,
,7,,,,,6.115,,,,,25.1,,,,,0.085,,,,
,8,,,,,6.185,,,,,25.1,,,,,0.070,,,,
,9,,,,,6.261,,,,,25.2,,,,,0.076,,,,
,10,,,,,6.332,,,,,25.2,,,,,0.071,,,,
,11,,,,,6.398,,,,,25.3,,,,,0.066,,,,
,12,,,,,6.461,,,,,25.3,,,,,0.063,,,,
,13,,,,,6.522,,,,,25.3,,,,,0.061,,,,
,14,,,,,6.581,,,,,25.4,,,,,0.059,,,,
,15,,,,,6.632,,,,,25.4,,,,,0.051,,,,
,16,,,,,6.685,,,,,25.4,,,,,0.053,,,,
,17,,,,,6.736,,,,,25.4,,,,,0.051,,,,
,18,,,,,6.786,,,,,25.4,,,,,0.050,,,,
,19,,,,,6.836,,,,,25.4,,,,,0.050,,,,
,20,,,,,6.884,,,,,25.4,,,,,0.048,,,,
,21,,,,,6.928,,,,,25.4,,,,,0.044,,,,
,22,,,,,6.965,,,,,25.4,,,,,0.037,,,,
,23,,,,,7.004,,,,,25.4,,,,,0.039,,,,
,24,,,,,7.043,,,,,25.4,,,,,0.039,,,,
,25,,,,,7.077,,,,,25.4,,,,,0.034,,,,
,26,,,,,7.107,,,,,25.4,,,,,0.030,,,,
,27,,,,,7.143,,,,,25.4,,,,,0.036,,,,
,28,,,,,7.173,,,,,25.4,,,,,0.030,,,,
,29,,,,,7.200,,,,,25.4,,,,,0.027,,,,
,30,,,,,7.229,,,,,25.4,,,,,0.029,,,,
,31,,,,,7.255,,,,,25.4,,,,,0.026,,,,
,32,,,,,7.280,,,,,25.4,,,,,0.025,,,,
,33,,,,,7.303,,,,,25.4,,,,,0.023,,,,
,34,,,,,7.326,,,,,25.4,,,,,0.023,,,,
,35,,,,,7.346,,,,,25.4,,,,,0.020,,,,
,36,,,,,7.365,,,,,25.4,,,,,0.019,,,,
,37,,,,,7.385,,,,,25.4,,,,,0.020,,,,
,38,,,,,7.403,,,,,25.4,,,,,0.018,,,,
,39,,,,,7.421,,,,,25.4,,,,,0.018,,,,
,40,,,,,7.437,,,,,25.4,,,,,0.016,,,,
,41,,,,,7.453,,,,,25.4,,,,,0.016,,,,
,42,,,,,7.467,,,,,25.4,,,,,0.014,,,,
,43,,,,,7.480,,,,,25.4,,,,,0.013,,,,
,44,,,,,7.492,,,,,25.4,,,,,0.012,,,,
,45,,,,,7.504,,,,,25.4,,,,,0.012,,,,
,46,,,,,7.515,,,,,25.4,,,,,0.011,,,,
,47,,,,,7.526,,,,,25.4,,,,,0.011,,,,
,48,,,,,7.537,,,,,25.4,,,,,0.011,,,,
,49,,,,,7.547,,,,,25.4,,,,,0.010,,,,
,50,,,,,7.555,,,,,25.4,,,,,0.008,,,,
,51,,,,,7.563,,,,,25.4,,,,,0.008,,,,
,52,,,,,7.572,,,,,25.4,,,,,0.009,,,,
,53,,,,,7.580,,,,,25.4,,,,,0.008,,,,
,54,,,,,7.587,,,,,25.4,,,,,0.007,,,,
,55,,,,,7.593,,,,,25.4,,,,,0.006,,,,
,56,,,,,7.600,,,,,25.4,,,,,0.007,,,,
,57,,,,,7.606,,,,,25.4,,,,,0.006,,,,
,58,,,,,7.612,,,,,25.4,,,,,0.006,,,,
,59,,,,,7.617,,,,,25.4,,,,,0.005,,,,
,60,,,,,7.623,,,,,25.4,,,,,0.006,,,,
Titration (EQP) [1],,,,,,,,"Scope 1/1, Sample 9/75",,,,,,,,,,,,
Measured Values,,,,,"Scope 1/1, Sample 9/75",,,,,,,,,,,,,,,
,Time,,V,,,Meas. value,,,dV,,Temp.,,,dE,,,dE/dV,,,EQP
,[s],,[mL],,,[pH],,,[mL],,[°C],,,[pH],,,[pH/mL],,,
,0,,0.00000,,,7.633,,,,,25.4,,,,,,,,,
,28,,0.08575,,,7.307,,,0.08575,,25.4,,,-0.326,,,,,,
,58,,0.12850,,,7.096,,,0.04275,,25.4,,,-0.211,,,,,,
,88,,0.15000,,,6.999,,,0.02150,,25.4,,,-0.097,,,,,,
,179,,0.18300,,,6.903,,,0.03300,,25.4,,,-0.096,,,,,,
,209,,0.23300,,,6.801,,,0.05000,,25.4,,,-0.102,,,-2.40,,,
,239,,0.28300,,,6.697,,,0.05000,,25.4,,,-0.104,,,-1.94,,,
,269,,0.33300,,,6.596,,,0.05000,,25.4,,,-0.101,,,-1.87,,,
,300,,0.38300,,,6.502,,,0.05000,,25.4,,,-0.094,,,-1.82,,,
,330,,0.43300,,,6.412,,,0.05000,,25.4,,,-0.090,,,-1.76,,,
,360,,0.48300,,,6.326,,,0.05000,,25.4,,,-0.086,,,-1.67,,,
,390,,0.53300,,,6.245,,,0.05000,,25.4,,,-0.081,,,-1.62,,,
,421,,0.58300,,,6.164,,,0.05000,,25.4,,,-0.081,,,-1.60,,,
,451,,0.63300,,,6.085,,,0.05000,,25.4,,,-0.079,,,-1.61,,,
,481,,0.68300,,,6.001,,,0.05000,,25.4,,,-0.084,,,-1.66,,,
,511,,0.73300,,,5.917,,,0.05000,,25.4,,,-0.084,,,-1.76,,,
,542,,0.78300,,,5.822,,,0.05000,,25.4,,,-0.095,,,-1.95,,,
,572,,0.83300,,,5.718,,,0.05000,,25.4,,,-0.104,,,-2.25,,,
,602,,0.88300,,,5.597,,,0.05000,,25.4,,,-0.121,,,-2.73,,,
,632,,0.93300,,,5.449,,,0.05000,,25.4,,,-0.148,,,-3.56,,,
,663,,0.97525,,,5.288,,,0.04225,,25.4,,,-0.161,,,-4.67,,,
,693,,1.00325,,,5.155,,,0.02800,,25.4,,,-0.133,,,-5.70,,,
,723,,1.02600,,,5.019,,,0.02275,,25.4,,,-0.136,,,-6.70,,,
,753,,1.04400,,,4.888,,,0.01800,,25.4,,,-0.131,,,-7.54,,,
,784,,1.05925,,,4.758,,,0.01525,,25.4,,,-0.130,,,-8.39,,,
,814,,1.07275,,,4.627,,,0.01350,,25.4,,,-0.131,,,-9.19,,,
,,,1.075173 ???,,,4.603 ???,,,,,,,,,,,,,,EQP
,844,,1.08500,,,4.506,,,0.01225,,25.4,,,-0.121,,,-9.11,,,
,874,,1.09850,,,4.380,,,0.01350,,25.4,,,-0.126,,,-8.28,,,
,904,,1.11375,,,4.252,,,0.01525,,25.4,,,-0.128,,,-7.36,,,
,935,,1.13200,,,4.124,,,0.01825,,25.4,,,-0.128,,,-6.44,,,
,965,,1.15500,,,3.993,,,0.02300,,25.4,,,-0.131,,,-5.36,,,
,995,,1.18475,,,3.861,,,0.02975,,25.4,,,-0.132,,,-4.24,,,
,1026,,1.22375,,,3.731,,,0.03900,,25.4,,,-0.130,,,-3.18,,,
,1056,,1.27375,,,3.604,,,0.05000,,25.4,,,-0.127,,,-2.31,,,
,1086,,1.32375,,,3.505,,,0.05000,,25.4,,,-0.099,,,-1.79,,,
,1116,,1.37375,,,3.424,,,0.05000,,25.4,,,-0.081,,,-1.46,,,
,1146,,1.42375,,,3.356,,,0.05000,,25.4,,,-0.068,,,-1.25,,,
,1177,,1.47375,,,3.296,,,0.05000,,25.4,,,-0.060,,,-1.09,,,
,1207,,1.52375,,,3.245,,,0.05000,,25.4,,,-0.051,,,-0.97,,,
,1237,,1.57375,,,3.198,,,0.05000,,25.4,,,-0.047,,,-0.88,,,
,1267,,1.62375,,,3.156,,,0.05000,,25.4,,,-0.042,,,-0.80,,,
,1298,,1.67375,,,3.118,,,0.05000,,25.4,,,-0.038,,,,,,
,1328,,1.72375,,,3.082,,,0.05000,,25.4,,,-0.036,,,,,,
,1358,,1.77375,,,3.050,,,0.05000,,25.4,,,-0.032,,,,,,
,1388,,1.82375,,,3.019,,,0.05000,,25.4,,,-0.031,,,,,,
,1419,,1.87375,,,2.992,,,0.05000,,25.4,,,-0.027,,,,,,
Measure (normal) [1],,,,,,,,"Scope 1/1, Sample 10/75",,,,,,,,,,,,
Measured Values,,,,,"Scope 1/1, Sample 10/75",,,,,,,,,,,,,,,
,Time,,,,,Meas. value,,,,,Temp.,,,,,dE,,,,
,[s],,,,,[pH],,,,,[°C],,,,,[pH],,,,
,1,,,,,4.743,,,,,24.1,,,,,,,,,
,2,,,,,5.013,,,,,24.2,,,,,0.270,,,,
,3,,,,,5.250,,,,,24.4,,,,,0.237,,,,
,4,,,,,5.428,,,,,24.6,,,,,0.178,,,,
,5,,,,,5.576,,,,,24.7,,,,,0.148,,,,
,6,,,,,5.701,,,,,24.9,,,,,0.125,,,,
,7,,,,,5.814,,,,,25.0,,,,,0.113,,,,
,8,,,,,5.912,,,,,25.1,,,,,0.098,,,,
,9,,,,,5.995,,,,,25.2,,,,,0.083,,,,
,10,,,,,6.080,,,,,25.2,,,,,0.085,,,,
,11,,,,,6.160,,,,,25.3,,,,,0.080,,,,
,12,,,,,6.237,,,,,25.3,,,,,0.077,,,,
,13,,,,,6.309,,,,,25.3,,,,,0.072,,,,
,14,,,,,6.379,,,,,25.4,,,,,0.070,,,,
,15,,,,,6.438,,,,,25.4,,,,,0.059,,,,
,16,,,,,6.502,,,,,25.4,,,,,0.064,,,,
,17,,,,,6.563,,,,,25.4,,,,,0.061,,,,
,18,,,,,6.621,,,,,25.4,,,,,0.058,,,,
,19,,,,,6.675,,,,,25.4,,,,,0.054,,,,
,20,,,,,6.725,,,,,25.4,,,,,0.050,,,,
,21,,,,,6.774,,,,,25.4,,,,,0.049,,,,
,22,,,,,6.820,,,,,25.4,,,,,0.046,,,,
,23,,,,,6.862,,,,,25.4,,,,,0.042,,,,
,24,,,,,6.907,,,,,25.4,,,,,0.045,,,,
,25,,,,,6.950,,,,,25.4,,,,,0.043,,,,
,26,,,,,6.984,,,,,25.4,,,,,0.034,,,,
,27,,,,,7.019,,,,,25.4,,,,,0.035,,,,
,28,,,,,7.053,,,,,25.4,,,,,0.034,,,,
,29,,,,,7.080,,,,,25.4,,,,,0.027,,,,
,30,,,,,7.108,,,,,25.4,,,,,0.028,,,,
,31,,,,,7.143,,,,,25.4,,,,,0.035,,,,
,32,,,,,7.173,,,,,25.4,,,,,0.030,,,,
,33,,,,,7.200,,,,,25.4,,,,,0.027,,,,
,34,,,,,7.226,,,,,25.4,,,,,0.026,,,,
,35,,,,,7.249,,,,,25.4,,,,,0.023,,,,
,36,,,,,7.269,,,,,25.4,,,,,0.020,,,,
,37,,,,,7.291,,,,,25.4,,,,,0.022,,,,
,38,,,,,7.311,,,,,25.4,,,,,0.020,,,,
,39,,,,,7.330,,,,,25.4,,,,,0.019,,,,
,40,,,,,7.348,,,,,25.4,,,,,0.018,,,,
,41,,,,,7.366,,,,,25.4,,,,,0.018,,,,
,42,,,,,7.383,,,,,25.4,,,,,0.017,,,,
,43,,,,,7.397,,,,,25.4,,,,,0.014,,,,
,44,,,,,7.412,,,,,25.4,,,,,0.015,,,,
,45,,,,,7.425,,,,,25.4,,,,,0.013,,,,
,46,,,,,7.439,,,,,25.4,,,,,0.014,,,,
,47,,,,,7.452,,,,,25.4,,,,,0.013,,,,
,48,,,,,7.464,,,,,25.4,,,,,0.012,,,,
,49,,,,,7.475,,,,,25.4,,,,,0.011,,,,
,50,,,,,7.485,,,,,25.4,,,,,0.010,,,,
,51,,,,,7.495,,,,,25.4,,,,,0.010,,,,
,52,,,,,7.505,,,,,25.4,,,,,0.010,,,,
,53,,,,,7.514,,,,,25.4,,,,,0.009,,,,
,54,,,,,7.523,,,,,25.4,,,,,0.009,,,,
,55,,,,,7.530,,,,,25.4,,,,,0.007,,,,
,56,,,,,7.538,,,,,25.4,,,,,0.008,,,,
,57,,,,,7.546,,,,,25.4,,,,,0.008,,,,
,58,,,,,7.552,,,,,25.4,,,,,0.006,,,,
,59,,,,,7.558,,,,,25.4,,,,,0.006,,,,
,60,,,,,7.565,,,,,25.4,,,,,0.007,,,,
Titration (EQP) [1],,,,,,,,"Scope 1/1, Sample 10/75",,,,,,,,,,,,
Measured Values,,,,,"Scope 1/1, Sample 10/75",,,,,,,,,,,,,,,
,Time,,V,,,Meas. value,,,dV,,Temp.,,,dE,,,dE/dV,,,EQP
,[s],,[mL],,,[pH],,,[mL],,[°C],,,[pH],,,[pH/mL],,,
,0,,0.00000,,,7.579,,,,,25.4,,,,,,,,,
,27,,0.08575,,,7.285,,,0.08575,,25.4,,,-0.294,,,,,,
,58,,0.12850,,,7.084,,,0.04275,,25.4,,,-0.201,,,,,,
,88,,0.15000,,,6.993,,,0.02150,,25.4,,,-0.091,,,,,,
,179,,0.18675,,,6.895,,,0.03675,,25.4,,,-0.098,,,,,,
,209,,0.23675,,,6.779,,,0.05000,,25.4,,,-0.116,,,-2.40,,,
,239,,0.28675,,,6.676,,,0.05000,,25.4,,,-0.103,,,-1.91,,,
,269,,0.33675,,,6.579,,,0.05000,,25.4,,,-0.097,,,-1.86,,,
,300,,0.38675,,,6.487,,,0.05000,,25.4,,,-0.092,,,-1.84,,,
,330,,0.43675,,,6.400,,,0.05000,,25.4,,,-0.087,,,-1.78,,,
,360,,0.48675,,,6.312,,,0.05000,,25.4,,,-0.088,,,-1.70,,,
,390,,0.53675,,,6.213,,,0.05000,,25.4,,,-0.099,,,-1.63,,,
,421,,0.58675,,,6.140,,,0.05000,,25.4,,,-0.073,,,-1.58,,,
,451,,0.63675,,,6.072,,,0.05000,,25.4,,,-0.068,,,-1.57,,,
,481,,0.68675,,,5.989,,,0.05000,,25.4,,,-0.083,,,-1.60,,,
,511,,0.73675,,,5.899,,,0.05000,,25.4,,,-0.090,,,-1.73,,,
,542,,0.78675,,,5.809,,,0.05000,,25.4,,,-0.090,,,-1.99,,,
,572,,0.83675,,,5.700,,,0.05000,,25.4,,,-0.109,,,-2.32,,,
,602,,0.88675,,,5.579,,,0.05000,,25.4,,,-0.121,,,-2.83,,,
,632,,0.93675,,,5.422,,,0.05000,,25.4,,,-0.157,,,-3.74,,,
,662,,0.97425,,,5.276,,,0.03750,,25.4,,,-0.146,,,-4.81,,,
,693,,1.00250,,,5.136,,,0.02825,,25.4,,,-0.140,,,-5.88,,,
,723,,1.02400,,,5.004,,,0.02150,,25.4,,,-0.132,,,-6.86,,,
,753,,1.04200,,,4.868,,,0.01800,,25.4,,,-0.136,,,-7.72,,,
,783,,1.05650,,,4.738,,,0.01450,,25.4,,,-0.130,,,-8.62,,,
,814,,1.06950,,,4.614,,,0.01300,,25.4,,,-0.124,,,-9.32,,,
,,,1.070873 ???,,,4.600 ???,,,,,,,,,,,,,,EQP
,844,,1.08275,,,4.481,,,0.01325,,25.4,,,-0.133,,,-9.11,,,
,874,,1.09550,,,4.362,,,0.01275,,25.4,,,-0.119,,,-8.22,,,
,904,,1.11100,,,4.232,,,0.01550,,25.4,,,-0.130,,,-7.29,,,
,934,,1.12925,,,4.106,,,0.01825,,25.4,,,-0.126,,,-6.37,,,
,965,,1.15300,,,3.976,,,0.02375,,25.4,,,-0.130,,,-5.26,,,
,995,,1.18450,,,3.841,,,0.03150,,25.4,,,-0.135,,,-4.09,,,
,1025,,1.22450,,,3.712,,,0.04000,,25.4,,,-0.129,,,-3.06,,,
,1056,,1.27450,,,3.588,,,0.05000,,25.4,,,-0.124,,,-2.24,,,
,1086,,1.32450,,,3.492,,,0.05000,,25.4,,,-0.096,,,-1.75,,,
,1116,,1.37450,,,3.412,,,0.05000,,25.4,,,-0.080,,,-1.44,,,
,1146,,1.42450,,,3.345,,,0.05000,,25.4,,,-0.067,,,-1.23,,,
,1176,,1.47450,,,3.286,,,0.05000,,25.4,,,-0.059,,,-1.08,,,
,1207,,1.52450,,,3.235,,,0.05000,,25.4,,,-0.051,,,-0.97,,,
,1237,,1.57450,,,3.189,,,0.05000,,25.4,,,-0.046,,,-0.87,,,
,1267,,1.62450,,,3.147,,,0.05000,,25.4,,,-0.042,,,-0.79,,,
,1297,,1.67450,,,3.109,,,0.05000,,25.4,,,-0.038,,,,,,
,1328,,1.72450,,,3.074,,,0.05000,,25.4,,,-0.035,,,,,,
,1358,,1.77450,,,3.042,,,0.05000,,25.4,,,-0.032,,,,,,
,1388,,1.82450,,,3.012,,,0.05000,,25.4,,,-0.030,,,,,,
,1418,,1.87450,,,2.984,,,0.05000,,25.4,,,-0.028,,,,,,
Measure (normal) [1],,,,,,,,"Scope 1/1, Sample 11/75",,,,,,,,,,,,
Measured Values,,,,,"Scope 1/1, Sample 11/75",,,,,,,,,,,,,,,
,Time,,,,,Meas. value,,,,,Temp.,,,,,dE,,,,
,[s],,,,,[pH],,,,,[°C],,,,,[pH],,,,
,1,,,,,4.692,,,,,24.2,,,,,,,,,
,2,,,,,4.992,,,,,24.3,,,,,0.300,,,,
,3,,,,,5.248,,,,,24.5,,,,,0.256,,,,
,4,,,,,5.442,,,,,24.6,,,,,0.194,,,,
,5,,,,,5.598,,,,,24.8,,,,,0.156,,,,
,6,,,,,5.729,,,,,24.9,,,,,0.131,,,,
,7,,,,,5.845,,,,,25.0,,,,,0.116,,,,
,8,,,,,5.941,,,,,25.1,,,,,0.096,,,,
,9,,,,,6.041,,,,,25.2,,,,,0.100,,,,
,10,,,,,6.136,,,,,25.2,,,,,0.095,,,,
,11,,,,,6.225,,,,,25.3,,,,,0.089,,,,
,12,,,,,6.310,,,,,25.3,,,,,0.085,,,,
,13,,,,,6.390,,,,,25.3,,,,,0.080,,,,
,14,,,,,6.465,,,,,25.4,,,,,0.075,,,,
,15,,,,,6.528,,,,,25.4,,,,,0.063,,,,
,16,,,,,6.595,,,,,25.4,,,,,0.067,,,,
,17,,,,,6.660,,,,,25.4,,,,,0.065,,,,
,18,,,,,6.722,,,,,25.4,,,,,0.062,,,,
,19,,,,,6.781,,,,,25.4,,,,,0.059,,,,
,20,,,,,6.837,,,,,25.4,,,,,0.056,,,,
,21,,,,,6.891,,,,,25.4,,,,,0.054,,,,
,22,,,,,6.937,,,,,25.4,,,,,0.046,,,,
,23,,,,,6.981,,,,,25.4,,,,,0.044,,,,
,24,,,,,7.025,,,,,25.4,,,,,0.044,,,,
,25,,,,,7.066,,,,,25.4,,,,,0.041,,,,
,26,,,,,7.099,,,,,25.4,,,,,0.033,,,,
,27,,,,,7.140,,,,,25.4,,,,,0.041,,,,
,28,,,,,7.178,,,,,25.4,,,,,0.038,,,,
,29,,,,,7.209,,,,,25.4,,,,,0.031,,,,
,30,,,,,7.239,,,,,25.4,,,,,0.030,,,,
,31,,,,,7.267,,,,,25.4,,,,,0.028,,,,
,32,,,,,7.294,,,,,25.4,,,,,0.027,,,,
,33,,,,,7.319,,,,,25.4,,,,,0.025,,,,
,34,,,,,7.343,,,,,25.4,,,,,0.024,,,,
,35,,,,,7.367,,,,,25.4,,,,,0.024,,,,
,36,,,,,7.388,,,,,25.4,,,,,0.021,,,,
,37,,,,,7.410,,,,,25.4,,,,,0.022,,,,
,38,,,,,7.429,,,,,25.4,,,,,0.019,,,,
,39,,,,,7.447,,,,,25.4,,,,,0.018,,,,
,40,,,,,7.464,,,,,25.4,,,,,0.017,,,,
,41,,,,,7.481,,,,,25.4,,,,,0.017,,,,
,42,,,,,7.497,,,,,25.4,,,,,0.016,,,,
,43,,,,,7.510,,,,,25.4,,,,,0.013,,,,
,44,,,,,7.524,,,,,25.4,,,,,0.014,,,,
,45,,,,,7.537,,,,,25.4,,,,,0.013,,,,
,46,,,,,7.548,,,,,25.4,,,,,0.011,,,,
,47,,,,,7.559,,,,,25.4,,,,,0.011,,,,
,48,,,,,7.569,,,,,25.4,,,,,0.010,,,,
,49,,,,,7.579,,,,,25.4,,,,,0.010,,,,
,50,,,,,7.588,,,,,25.4,,,,,0.009,,,,
,51,,,,,7.597,,,,,25.4,,,,,0.009,,,,
,52,,,,,7.605,,,,,25.4,,,,,0.008,,,,
,53,,,,,7.613,,,,,25.4,,,,,0.008,,,,
,54,,,,,7.621,,,,,25.4,,,,,0.008,,,,
,55,,,,,7.628,,,,,25.4,,,,,0.007,,,,
,56,,,,,7.634,,,,,25.4,,,,,0.006,,,,
,57,,,,,7.640,,,,,25.4,,,,,0.006,,,,
,58,,,,,7.646,,,,,25.4,,,,,0.006,,,,
,59,,,,,7.651,,,,,25.4,,,,,0.005,,,,
,60,,,,,7.657,,,,,25.4,,,,,0.006,,,,
Titration (EQP) [1],,,,,,,,"Scope 1/1, Sample 11/75",,,,,,,,,,,,
Measured Values,,,,,"Scope 1/1, Sample 11/75",,,,,,,,,,,,,,,
,Time,,V,,,Meas. value,,,dV,,Temp.,,,dE,,,dE/dV,,,EQP
,[s],,[mL],,,[pH],,,[mL],,[°C],,,[pH],,,[pH/mL],,,
,0,,0.00000,,,7.668,,,,,25.4,,,,,,,,,
,27,,0.08575,,,7.318,,,0.08575,,25.4,,,-0.350,,,,,,
,58,,0.12850,,,7.096,,,0.04275,,25.4,,,-0.222,,,,,,
,88,,0.15000,,,6.996,,,0.02150,,25.4,,,-0.100,,,,,,
,179,,0.18225,,,6.904,,,0.03225,,25.4,,,-0.092,,,,,,
,209,,0.23225,,,6.796,,,0.05000,,25.4,,,-0.108,,,-2.45,,,
,239,,0.28225,,,6.691,,,0.05000,,25.4,,,-0.105,,,-1.97,,,
,270,,0.33225,,,6.590,,,0.05000,,25.4,,,-0.101,,,-1.89,,,
,300,,0.38225,,,6.493,,,0.05000,,25.4,,,-0.097,,,-1.84,,,
,330,,0.43225,,,6.402,,,0.05000,,25.4,,,-0.091,,,-1.76,,,
,360,,0.48225,,,6.318,,,0.05000,,25.4,,,-0.084,,,-1.68,,,
,390,,0.53225,,,6.236,,,0.05000,,25.4,,,-0.082,,,-1.63,,,
,421,,0.58225,,,6.153,,,0.05000,,25.4,,,-0.083,,,-1.62,,,
,451,,0.63225,,,6.074,,,0.05000,,25.4,,,-0.079,,,-1.65,,,
,481,,0.68225,,,5.987,,,0.05000,,25.4,,,-0.087,,,-1.71,,,
,512,,0.73225,,,5.898,,,0.05000,,25.4,,,-0.089,,,-1.82,,,
,542,,0.78225,,,5.803,,,0.05000,,25.4,,,-0.095,,,-2.02,,,
,572,,0.83225,,,5.693,,,0.05000,,25.4,,,-0.110,,,-2.35,,,
,602,,0.88225,,,5.569,,,0.05000,,25.4,,,-0.124,,,-2.90,,,
,632,,0.93225,,,5.410,,,0.05000,,25.4,,,-0.159,,,-3.88,,,
,663,,0.96900,,,5.261,,,0.03675,,25.4,,,-0.149,,,-4.98,,,
,693,,0.99525,,,5.126,,,0.02625,,25.4,,,-0.135,,,-6.03,,,
,723,,1.01625,,,4.993,,,0.02100,,25.4,,,-0.133,,,-7.02,,,
,753,,1.03375,,,4.857,,,0.01750,,25.4,,,-0.136,,,-7.89,,,
,784,,1.04800,,,4.729,,,0.01425,,25.4,,,-0.128,,,-8.79,,,
,814,,1.06100,,,4.601,,,0.01300,,25.4,,,-0.128,,,-9.46,,,
,844,,1.07350,,,4.475,,,0.01250,,25.4,,,-0.126,,,-9.17,,,
,,,1.080381,,,4.410,,,,,,,,,,,,,,EQP
,874,,1.08675,,,4.349,,,0.01325,,25.4,,,-0.126,,,-8.23,,,
,905,,1.10175,,,4.225,,,0.01500,,25.4,,,-0.124,,,-7.33,,,
,935,,1.12075,,,4.094,,,0.01900,,25.4,,,-0.131,,,-6.35,,,
,965,,1.14450,,,3.964,,,0.02375,,25.4,,,-0.130,,,-5.23,,,
,995,,1.17575,,,3.832,,,0.03125,,25.4,,,-0.132,,,-4.07,,,
,1026,,1.21725,,,3.700,,,0.04150,,25.4,,,-0.132,,,-3.01,,,
,1056,,1.26725,,,3.578,,,0.05000,,25.4,,,-0.122,,,-2.21,,,
,1086,,1.31725,,,3.483,,,0.05000,,25.4,,,-0.095,,,-1.73,,,
,1116,,1.36725,,,3.403,,,0.05000,,25.4,,,-0.080,,,-1.43,,,
,1146,,1.41725,,,3.337,,,0.05000,,25.4,,,-0.066,,,-1.22,,,
,1177,,1.46725,,,3.279,,,0.05000,,25.4,,,-0.058,,,-1.07,,,
,1207,,1.51725,,,3.228,,,0.05000,,25.4,,,-0.051,,,-0.96,,,
,1237,,1.56725,,,3.182,,,0.05000,,25.4,,,-0.046,,,-0.86,,,
,1268,,1.61725,,,3.141,,,0.05000,,25.4,,,-0.041,,,-0.79,,,
,1298,,1.66725,,,3.103,,,0.05000,,25.4,,,-0.038,,,,,,
,1328,,1.71725,,,3.069,,,0.05000,,25.4,,,-0.034,,,,,,
,1358,,1.76725,,,3.036,,,0.05000,,25.4,,,-0.033,,,,,,
,1388,,1.81725,,,3.006,,,0.05000,,25.4,,,-0.030,,,,,,
,1419,,1.86725,,,2.978,,,0.05000,,25.4,,,-0.028,,,,,,
Measure (normal) [1],,,,,,,,"Scope 1/1, Sample 12/75",,,,,,,,,,,,
Measured Values,,,,,"Scope 1/1, Sample 12/75",,,,,,,,,,,,,,,
,Time,,,,,Meas. value,,,,,Temp.,,,,,dE,,,,
,[s],,,,,[pH],,,,,[°C],,,,,[pH],,,,
,1,,,,,3.941,,,,,20.2,,,,,,,,,
,2,,,,,4.806,,,,,20.7,,,,,0.865,,,,
,3,,,,,5.258,,,,,21.3,,,,,0.452,,,,
,4,,,,,5.643,,,,,22.1,,,,,0.385,,,,
,5,,,,,6.003,,,,,22.7,,,,,0.360,,,,
,6,,,,,6.325,,,,,23.3,,,,,0.322,,,,
,7,,,,,6.596,,,,,23.7,,,,,0.271,,,,
,8,,,,,6.803,,,,,24.0,,,,,0.207,,,,
,9,,,,,6.999,,,,,24.3,,,,,0.196,,,,
,10,,,,,7.158,,,,,24.5,,,,,0.159,,,,
,11,,,,,7.296,,,,,24.7,,,,,0.138,,,,
,12,,,,,7.410,,,,,24.8,,,,,0.114,,,,
,13,,,,,7.502,,,,,24.9,,,,,0.092,,,,
,14,,,,,7.574,,,,,25.0,,,,,0.072,,,,
,15,,,,,7.630,,,,,25.0,,,,,0.056,,,,
,16,,,,,7.682,,,,,25.1,,,,,0.052,,,,
,17,,,,,7.726,,,,,25.1,,,,,0.044,,,,
,18,,,,,7.762,,,,,25.2,,,,,0.036,,,,
,19,,,,,7.790,,,,,25.2,,,,,0.028,,,,
,20,,,,,7.813,,,,,25.2,,,,,0.023,,,,
,21,,,,,7.830,,,,,25.2,,,,,0.017,,,,
,22,,,,,7.847,,,,,25.2,,,,,0.017,,,,
,23,,,,,7.861,,,,,25.2,,,,,0.014,,,,
,24,,,,,7.872,,,,,25.2,,,,,0.011,,,,
,25,,,,,7.881,,,,,25.3,,,,,0.009,,,,
,26,,,,,7.890,,,,,25.3,,,,,0.009,,,,
,27,,,,,7.896,,,,,25.3,,,,,0.006,,,,
,28,,,,,7.902,,,,,25.3,,,,,0.006,,,,
,29,,,,,7.907,,,,,25.3,,,,,0.005,,,,
,30,,,,,7.911,,,,,25.3,,,,,0.004,,,,
,31,,,,,7.914,,,,,25.3,,,,,0.003,,,,
,32,,,,,7.918,,,,,25.3,,,,,0.004,,,,
,33,,,,,7.920,,,,,25.3,,,,,0.002,,,,
,34,,,,,7.923,,,,,25.3,,,,,0.003,,,,
,35,,,,,7.925,,,,,25.3,,,,,0.002,,,,
,36,,,,,7.927,,,,,25.3,,,,,0.002,,,,
,37,,,,,7.929,,,,,25.3,,,,,0.002,,,,
,38,,,,,7.930,,,,,25.3,,,,,0.001,,,,
,39,,,,,7.932,,,,,25.3,,,,,0.002,,,,
,40,,,,,7.933,,,,,25.3,,,,,0.001,,,,
,41,,,,,7.934,,,,,25.3,,,,,0.001,,,,
,42,,,,,7.935,,,,,25.3,,,,,0.001,,,,
,43,,,,,7.936,,,,,25.3,,,,,0.001,,,,
,44,,,,,7.937,,,,,25.3,,,,,0.001,,,,
,45,,,,,7.938,,,,,25.3,,,,,0.001,,,,
,46,,,,,7.939,,,,,25.3,,,,,0.001,,,,
,47,,,,,7.940,,,,,25.3,,,,,0.001,,,,
,48,,,,,7.940,,,,,25.3,,,,,0.000,,,,
,49,,,,,7.941,,,,,25.3,,,,,0.001,,,,
,50,,,,,7.942,,,,,25.3,,,,,0.001,,,,
,51,,,,,7.942,,,,,25.3,,,,,0.000,,,,
,52,,,,,7.943,,,,,25.3,,,,,0.001,,,,
,53,,,,,7.943,,,,,25.3,,,,,0.000,,,,
,54,,,,,7.943,,,,,25.3,,,,,0.000,,,,
,55,,,,,7.944,,,,,25.3,,,,,0.001,,,,
,56,,,,,7.945,,,,,25.3,,,,,0.001,,,,
,57,,,,,7.945,,,,,25.3,,,,,0.000,,,,
,58,,,,,7.946,,,,,25.3,,,,,0.001,,,,
,59,,,,,7.946,,,,,25.3,,,,,0.000,,,,
,60,,,,,7.947,,,,,25.3,,,,,0.001,,,,
Titration (EQP) [1],,,,,,,,"Scope 1/1, Sample 12/75",,,,,,,,,,,,
Measured Values,,,,,"Scope 1/1, Sample 12/75",,,,,,,,,,,,,,,
,Time,,V,,,Meas. value,,,dV,,Temp.,,,dE,,,dE/dV,,,EQP
,[s],,[mL],,,[pH],,,[mL],,[°C],,,[pH],,,[pH/mL],,,
,0,,0.00000,,,7.948,,,,,25.3,,,,,,,,,
,28,,0.08575,,,7.634,,,0.08575,,25.3,,,-0.314,,,,,,
,58,,0.12850,,,7.360,,,0.04275,,25.3,,,-0.274,,,,,,
,88,,0.15000,,,7.228,,,0.02150,,25.3,,,-0.132,,,,,,
,179,,0.17300,,,7.129,,,0.02300,,25.3,,,-0.099,,,,,,
,209,,0.21875,,,6.963,,,0.04575,,25.3,,,-0.166,,,-3.70,,,
,239,,0.26300,,,6.822,,,0.04425,,25.3,,,-0.141,,,-2.85,,,
,269,,0.31100,,,6.696,,,0.04800,,25.3,,,-0.126,,,-2.43,,,
,300,,0.36100,,,6.585,,,0.05000,,25.3,,,-0.111,,,-2.13,,,
,330,,0.41100,,,6.486,,,0.05000,,25.3,,,-0.099,,,-1.90,,,
,360,,0.46100,,,6.394,,,0.05000,,25.3,,,-0.092,,,-1.73,,,
,390,,0.51100,,,6.308,,,0.05000,,25.3,,,-0.086,,,-1.62,,,
,421,,0.56100,,,6.230,,,0.05000,,25.3,,,-0.078,,,-1.53,,,
,451,,0.61100,,,6.155,,,0.05000,,25.3,,,-0.075,,,-1.46,,,
,481,,0.66100,,,6.084,,,0.05000,,25.3,,,-0.071,,,-1.42,,,
,511,,0.71100,,,6.014,,,0.05000,,25.4,,,-0.070,,,-1.40,,,
,542,,0.76100,,,5.943,,,0.05000,,25.4,,,-0.071,,,-1.42,,,
,572,,0.81100,,,5.870,,,0.05000,,25.4,,,-0.073,,,-1.46,,,
,602,,0.86100,,,5.795,,,0.05000,,25.4,,,-0.075,,,-1.53,,,
,632,,0.91100,,,5.717,,,0.05000,,25.4,,,-0.078,,,-1.63,,,
,662,,0.96100,,,5.629,,,0.05000,,25.4,,,-0.088,,,-1.81,,,
,693,,1.01100,,,5.532,,,0.05000,,25.4,,,-0.097,,,-2.08,,,
,723,,1.06100,,,5.419,,,0.05000,,25.4,,,-0.113,,,-2.51,,,
,753,,1.11100,,,5.283,,,0.05000,,25.4,,,-0.136,,,-3.21,,,
,784,,1.16100,,,5.107,,,0.05000,,25.4,,,-0.176,,,-4.31,,,
,814,,1.19075,,,4.973,,,0.02975,,25.4,,,-0.134,,,-5.19,,,
,844,,1.21450,,,4.844,,,0.02375,,25.4,,,-0.129,,,-5.98,,,
,874,,1.23525,,,4.705,,,0.02075,,25.4,,,-0.139,,,-6.69,,,
,904,,1.25175,,,4.579,,,0.01650,,25.4,,,-0.126,,,-7.36,,,
,,,1.265151 ???,,,4.467 ???,,,,,,,,,,,,,,EQP
,935,,1.26725,,,4.450,,,0.01550,,25.4,,,-0.129,,,-7.80,,,
,965,,1.28225,,,4.325,,,0.01500,,25.4,,,-0.125,,,-7.33,,,
,995,,1.29850,,,4.203,,,0.01625,,25.4,,,-0.122,,,-6.55,,,
,1026,,1.31850,,,4.074,,,0.02000,,25.4,,,-0.129,,,-5.78,,,
,1056,,1.34275,,,3.947,,,0.02425,,25.4,,,-0.127,,,-4.90,,,
,1086,,1.37525,,,3.812,,,0.03250,,25.4,,,-0.135,,,-3.88,,,
,1116,,1.41625,,,3.684,,,0.04100,,25.4,,,-0.128,,,-2.94,,,
,1146,,1.46625,,,3.564,,,0.05000,,25.4,,,-0.120,,,-2.18,,,
,1177,,1.51625,,,3.470,,,0.05000,,25.4,,,-0.094,,,-1.71,,,
,1207,,1.56625,,,3.392,,,0.05000,,25.4,,,-0.078,,,-1.41,,,
,1237,,1.61625,,,3.326,,,0.05000,,25.4,,,-0.066,,,-1.21,,,
,1267,,1.66625,,,3.268,,,0.05000,,25.4,,,-0.058,,,-1.06,,,
,1298,,1.71625,,,3.218,,,0.05000,,25.4,,,-0.050,,,-0.95,,,
,1328,,1.76625,,,3.173,,,0.05000,,25.4,,,-0.045,,,-0.86,,,
,1358,,1.81625,,,3.131,,,0.05000,,25.4,,,-0.042,,,,,,
,1388,,1.86625,,,3.094,,,0.05000,,25.4,,,-0.037,,,,,,
,1419,,1.91625,,,3.059,,,0.05000,,25.4,,,-0.035,,,,,,
,1449,,1.96625,,,3.028,,,0.05000,,25.4,,,-0.031,,,,,,
,1479,,2.01625,,,2.998,,,0.05000,,25.4,,,-0.030,,,,,,
Measure (normal) [1],,,,,,,,"Scope 1/1, Sample 13/75",,,,,,,,,,,,
Measured Values,,,,,"Scope 1/1, Sample 13/75",,,,,,,,,,,,,,,
,Time,,,,,Meas. value,,,,,Temp.,,,,,dE,,,,
,[s],,,,,[pH],,,,,[°C],,,,,[pH],,,,
,1,,,,,4.787,,,,,24.0,,,,,,,,,
,2,,,,,5.145,,,,,24.1,,,,,0.358,,,,
,3,,,,,5.372,,,,,24.3,,,,,0.227,,,,
,4,,,,,5.544,,,,,24.5,,,,,0.172,,,,
,5,,,,,5.686,,,,,24.7,,,,,0.142,,,,
,6,,,,,5.809,,,,,24.8,,,,,0.123,,,,
,7,,,,,5.917,,,,,24.9,,,,,0.108,,,,
,8,,,,,6.004,,,,,25.0,,,,,0.087,,,,
,9,,,,,6.096,,,,,25.1,,,,,0.092,,,,
,10,,,,,6.183,,,,,25.2,,,,,0.087,,,,
,11,,,,,6.263,,,,,25.2,,,,,0.080,,,,
,12,,,,,6.338,,,,,25.2,,,,,0.075,,,,
,13,,,,,6.409,,,,,25.3,,,,,0.071,,,,
,14,,,,,6.478,,,,,25.3,,,,,0.069,,,,
,15,,,,,6.539,,,,,25.3,,,,,0.061,,,,
,16,,,,,6.602,,,,,25.3,,,,,0.063,,,,
,17,,,,,6.662,,,,,25.3,,,,,0.060,,,,
,18,,,,,6.718,,,,,25.3,,,,,0.056,,,,
,19,,,,,6.771,,,,,25.3,,,,,0.053,,,,
,20,,,,,6.821,,,,,25.3,,,,,0.050,,,,
,21,,,,,6.869,,,,,25.3,,,,,0.048,,,,
,22,,,,,6.912,,,,,25.4,,,,,0.043,,,,
,23,,,,,6.955,,,,,25.4,,,,,0.043,,,,
,24,,,,,6.993,,,,,25.4,,,,,0.038,,,,
,25,,,,,7.032,,,,,25.4,,,,,0.039,,,,
,26,,,,,7.068,,,,,25.4,,,,,0.036,,,,
,27,,,,,7.096,,,,,25.4,,,,,0.028,,,,
,28,,,,,7.137,,,,,25.4,,,,,0.041,,,,
,29,,,,,7.166,,,,,25.4,,,,,0.029,,,,
,30,,,,,7.197,,,,,25.4,,,,,0.031,,,,
,31,,,,,7.225,,,,,25.4,,,,,0.028,,,,
,32,,,,,7.252,,,,,25.4,,,,,0.027,,,,
,33,,,,,7.278,,,,,25.4,,,,,0.026,,,,
,34,,,,,7.302,,,,,25.4,,,,,0.024,,,,
,35,,,,,7.325,,,,,25.4,,,,,0.023,,,,
,36,,,,,7.345,,,,,25.4,,,,,0.020,,,,
,37,,,,,7.366,,,,,25.4,,,,,0.021,,,,
,38,,,,,7.386,,,,,25.4,,,,,0.020,,,,
,39,,,,,7.405,,,,,25.4,,,,,0.019,,,,
,40,,,,,7.422,,,,,25.4,,,,,0.017,,,,
,41,,,,,7.438,,,,,25.4,,,,,0.016,,,,
,42,,,,,7.452,,,,,25.4,,,,,0.014,,,,
,43,,,,,7.466,,,,,25.4,,,,,0.014,,,,
,44,,,,,7.479,,,,,25.4,,,,,0.013,,,,
,45,,,,,7.493,,,,,25.4,,,,,0.014,,,,
,46,,,,,7.505,,,,,25.4,,,,,0.012,,,,
,47,,,,,7.517,,,,,25.4,,,,,0.012,,,,
,48,,,,,7.528,,,,,25.4,,,,,0.011,,,,
,49,,,,,7.538,,,,,25.4,,,,,0.010,,,,
,50,,,,,7.547,,,,,25.4,,,,,0.009,,,,
,51,,,,,7.556,,,,,25.4,,,,,0.009,,,,
,52,,,,,7.565,,,,,25.4,,,,,0.009,,,,
,53,,,,,7.573,,,,,25.4,,,,,0.008,,,,
,54,,,,,7.580,,,,,25.4,,,,,0.007,,,,
,55,,,,,7.587,,,,,25.4,,,,,0.007,,,,
,56,,,,,7.594,,,,,25.4,,,,,0.007,,,,
,57,,,,,7.601,,,,,25.4,,,,,0.007,,,,
,58,,,,,7.607,,,,,25.4,,,,,0.006,,,,
,59,,,,,7.613,,,,,25.4,,,,,0.006,,,,
,60,,,,,7.619,,,,,25.4,,,,,0.006,,,,
Titration (EQP) [1],,,,,,,,"Scope 1/1, Sample 13/75",,,,,,,,,,,,
Measured Values,,,,,"Scope 1/1, Sample 13/75",,,,,,,,,,,,,,,
,Time,,V,,,Meas. value,,,dV,,Temp.,,,dE,,,dE/dV,,,EQP
,[s],,[mL],,,[pH],,,[mL],,[°C],,,[pH],,,[pH/mL],,,
,0,,0.00000,,,7.631,,,,,25.4,,,,,,,,,
,28,,0.08575,,,7.315,,,0.08575,,25.4,,,-0.316,,,,,,
,58,,0.12850,,,7.112,,,0.04275,,25.4,,,-0.203,,,,,,
,88,,0.15000,,,7.013,,,0.02150,,25.4,,,-0.099,,,,,,
,179,,0.18075,,,6.923,,,0.03075,,25.4,,,-0.090,,,,,,
,209,,0.23075,,,6.819,,,0.05000,,25.4,,,-0.104,,,-2.44,,,
,239,,0.28075,,,6.714,,,0.05000,,25.4,,,-0.105,,,-1.98,,,
,269,,0.33075,,,6.612,,,0.05000,,25.4,,,-0.102,,,-1.88,,,
,300,,0.38075,,,6.518,,,0.05000,,25.4,,,-0.094,,,-1.81,,,
,330,,0.43075,,,6.426,,,0.05000,,25.4,,,-0.092,,,-1.74,,,
,360,,0.48075,,,6.345,,,0.05000,,25.4,,,-0.081,,,-1.65,,,
,390,,0.53075,,,6.264,,,0.05000,,25.4,,,-0.081,,,-1.59,,,
,421,,0.58075,,,6.185,,,0.05000,,25.4,,,-0.079,,,-1.57,,,
,451,,0.63075,,,6.104,,,0.05000,,25.4,,,-0.081,,,-1.58,,,
,481,,0.68075,,,6.025,,,0.05000,,25.4,,,-0.079,,,-1.64,,,
,511,,0.73075,,,5.941,,,0.05000,,25.4,,,-0.084,,,-1.72,,,
,542,,0.78075,,,5.849,,,0.05000,,25.4,,,-0.092,,,-1.89,,,
,572,,0.83075,,,5.747,,,0.05000,,25.4,,,-0.102,,,-2.16,,,
,602,,0.88075,,,5.630,,,0.05000,,25.4,,,-0.117,,,-2.60,,,
,632,,0.93075,,,5.491,,,0.05000,,25.4,,,-0.139,,,-3.32,,,
,663,,0.97875,,,5.317,,,0.04800,,25.4,,,-0.174,,,-4.49,,,
,693,,1.00725,,,5.187,,,0.02850,,25.4,,,-0.130,,,-5.47,,,
,723,,1.03100,,,5.052,,,0.02375,,25.4,,,-0.135,,,-6.48,,,
,753,,1.05025,,,4.917,,,0.01925,,25.4,,,-0.135,,,-7.35,,,
,784,,1.06600,,,4.786,,,0.01575,,25.4,,,-0.131,,,-8.16,,,
,814,,1.07975,,,4.655,,,0.01375,,25.4,,,-0.131,,,-9.03,,,
,,,1.087906 ???,,,4.576 ???,,,,,,,,,,,,,,EQP
,844,,1.09250,,,4.532,,,0.01275,,25.4,,,-0.123,,,-9.09,,,
,874,,1.10600,,,4.405,,,0.01350,,25.4,,,-0.127,,,-8.34,,,
,904,,1.12100,,,4.279,,,0.01500,,25.4,,,-0.126,,,-7.42,,,
,935,,1.13900,,,4.150,,,0.01800,,25.4,,,-0.129,,,-6.51,,,
,965,,1.16125,,,4.019,,,0.02225,,25.4,,,-0.131,,,-5.48,,,
,995,,1.18925,,,3.891,,,0.02800,,25.4,,,-0.128,,,-4.40,,,
,1026,,1.22750,,,3.758,,,0.03825,,25.4,,,-0.133,,,-3.31,,,
,1056,,1.27750,,,3.627,,,0.05000,,25.4,,,-0.131,,,-2.39,,,
,1086,,1.32750,,,3.525,,,0.05000,,25.4,,,-0.102,,,-1.84,,,
,1116,,1.37750,,,3.442,,,0.05000,,25.4,,,-0.083,,,-1.50,,,
,1146,,1.42750,,,3.373,,,0.05000,,25.4,,,-0.069,,,-1.27,,,
,1177,,1.47750,,,3.312,,,0.05000,,25.4,,,-0.061,,,-1.11,,,
,1207,,1.52750,,,3.259,,,0.05000,,25.4,,,-0.053,,,-0.99,,,
,1237,,1.57750,,,3.212,,,0.05000,,25.4,,,-0.047,,,-0.89,,,
,1267,,1.62750,,,3.169,,,0.05000,,25.4,,,-0.043,,,-0.81,,,
,1298,,1.67750,,,3.130,,,0.05000,,25.4,,,-0.039,,,-0.74,,,
,1328,,1.72750,,,3.094,,,0.05000,,25.4,,,-0.036,,,,,,
,1358,,1.77750,,,3.061,,,0.05000,,25.4,,,-0.033,,,,,,
,1388,,1.82750,,,3.030,,,0.05000,,25.4,,,-0.031,,,,,,
,1419,,1.87750,,,3.002,,,0.05000,,25.4,,,-0.028,,,,,,
,1449,,1.92750,,,2.975,,,0.05000,,25.4,,,-0.027,,,,,,
Measure (normal) [1],,,,,,,,"Scope 1/1, Sample 14/75",,,,,,,,,,,,
Measured Values,,,,,"Scope 1/1, Sample 14/75",,,,,,,,,,,,,,,
,Time,,,,,Meas. value,,,,,Temp.,,,,,dE,,,,
,[s],,,,,[pH],,,,,[°C],,,,,[pH],,,,
,1,,,,,4.824,,,,,22.4,,,,,,,,,
,2,,,,,5.027,,,,,22.7,,,,,0.203,,,,
,3,,,,,5.268,,,,,23.0,,,,,0.241,,,,
,4,,,,,5.460,,,,,23.4,,,,,0.192,,,,
,5,,,,,5.611,,,,,23.8,,,,,0.151,,,,
,6,,,,,5.740,,,,,24.1,,,,,0.129,,,,
,7,,,,,5.842,,,,,24.3,,,,,0.102,,,,
,8,,,,,5.945,,,,,24.5,,,,,0.103,,,,
,9,,,,,6.041,,,,,24.7,,,,,0.096,,,,
,10,,,,,6.130,,,,,24.8,,,,,0.089,,,,
,11,,,,,6.214,,,,,24.9,,,,,0.084,,,,
,12,,,,,6.293,,,,,25.0,,,,,0.079,,,,
,13,,,,,6.368,,,,,25.0,,,,,0.075,,,,
,14,,,,,6.432,,,,,25.1,,,,,0.064,,,,
,15,,,,,6.502,,,,,25.1,,,,,0.070,,,,
,16,,,,,6.567,,,,,25.2,,,,,0.065,,,,
,17,,,,,6.630,,,,,25.2,,,,,0.063,,,,
,18,,,,,6.690,,,,,25.2,,,,,0.060,,,,
,19,,,,,6.748,,,,,25.2,,,,,0.058,,,,
,20,,,,,6.797,,,,,25.2,,,,,0.049,,,,
,21,,,,,6.849,,,,,25.2,,,,,0.052,,,,
,22,,,,,6.898,,,,,25.2,,,,,0.049,,,,
,23,,,,,6.944,,,,,25.2,,,,,0.046,,,,
,24,,,,,6.984,,,,,25.2,,,,,0.040,,,,
,25,,,,,7.027,,,,,25.3,,,,,0.043,,,,
,26,,,,,7.066,,,,,25.3,,,,,0.039,,,,
,27,,,,,7.094,,,,,25.3,,,,,0.028,,,,
,28,,,,,7.134,,,,,25.3,,,,,0.040,,,,
,29,,,,,7.170,,,,,25.3,,,,,0.036,,,,
,30,,,,,7.202,,,,,25.3,,,,,0.032,,,,
,31,,,,,7.231,,,,,25.3,,,,,0.029,,,,
,32,,,,,7.260,,,,,25.3,,,,,0.029,,,,
,33,,,,,7.287,,,,,25.3,,,,,0.027,,,,
,34,,,,,7.310,,,,,25.3,,,,,0.023,,,,
,35,,,,,7.334,,,,,25.3,,,,,0.024,,,,
,36,,,,,7.357,,,,,25.3,,,,,0.023,,,,
,37,,,,,7.379,,,,,25.3,,,,,0.022,,,,
,38,,,,,7.399,,,,,25.3,,,,,0.020,,,,
,39,,,,,7.418,,,,,25.3,,,,,0.019,,,,
,40,,,,,7.433,,,,,25.3,,,,,0.015,,,,
,41,,,,,7.450,,,,,25.3,,,,,0.017,,,,
,42,,,,,7.465,,,,,25.3,,,,,0.015,,,,
,43,,,,,7.480,,,,,25.3,,,,,0.015,,,,
,44,,,,,7.494,,,,,25.3,,,,,0.014,,,,
,45,,,,,7.507,,,,,25.3,,,,,0.013,,,,
,46,,,,,7.519,,,,,25.3,,,,,0.012,,,,
,47,,,,,7.529,,,,,25.3,,,,,0.010,,,,
,48,,,,,7.540,,,,,25.3,,,,,0.011,,,,
,49,,,,,7.550,,,,,25.3,,,,,0.010,,,,
,50,,,,,7.560,,,,,25.3,,,,,0.010,,,,
,51,,,,,7.569,,,,,25.3,,,,,0.009,,,,
,52,,,,,7.577,,,,,25.3,,,,,0.008,,,,
,53,,,,,7.583,,,,,25.3,,,,,0.006,,,,
,54,,,,,7.591,,,,,25.3,,,,,0.008,,,,
,55,,,,,7.598,,,,,25.3,,,,,0.007,,,,
,56,,,,,7.604,,,,,25.3,,,,,0.006,,,,
,57,,,,,7.609,,,,,25.3,,,,,0.005,,,,
,58,,,,,7.615,,,,,25.3,,,,,0.006,,,,
,59,,,,,7.620,,,,,25.3,,,,,0.005,,,,
,60,,,,,7.624,,,,,25.3,,,,,0.004,,,,
Titration (EQP) [1],,,,,,,,"Scope 1/1, Sample 14/75",,,,,,,,,,,,
Measured Values,,,,,"Scope 1/1, Sample 14/75",,,,,,,,,,,,,,,
,Time,,V,,,Meas. value,,,dV,,Temp.,,,dE,,,dE/dV,,,EQP
,[s],,[mL],,,[pH],,,[mL],,[°C],,,[pH],,,[pH/mL],,,
,0,,0.00000,,,7.636,,,,,25.3,,,,,,,,,
,28,,0.08575,,,7.294,,,0.08575,,25.3,,,-0.342,,,,,,
,58,,0.12850,,,7.082,,,0.04275,,25.3,,,-0.212,,,,,,
,88,,0.15000,,,6.986,,,0.02150,,25.3,,,-0.096,,,,,,
,179,,0.18300,,,6.895,,,0.03300,,25.3,,,-0.091,,,,,,
,209,,0.23300,,,6.791,,,0.05000,,25.3,,,-0.104,,,-2.39,,,
,239,,0.28300,,,6.686,,,0.05000,,25.3,,,-0.105,,,-1.96,,,
,270,,0.33300,,,6.585,,,0.05000,,25.3,,,-0.101,,,-1.88,,,
,300,,0.38300,,,6.490,,,0.05000,,25.3,,,-0.095,,,-1.84,,,
,330,,0.43300,,,6.395,,,0.05000,,25.3,,,-0.095,,,-1.77,,,
,360,,0.48300,,,6.315,,,0.05000,,25.3,,,-0.080,,,-1.67,,,
,390,,0.53300,,,6.235,,,0.05000,,25.3,,,-0.080,,,-1.61,,,
,421,,0.58300,,,6.146,,,0.05000,,25.3,,,-0.089,,,-1.58,,,
,451,,0.63300,,,6.073,,,0.05000,,25.3,,,-0.073,,,-1.60,,,
,481,,0.68300,,,5.991,,,0.05000,,25.3,,,-0.082,,,-1.67,,,
,511,,0.73300,,,5.903,,,0.05000,,25.3,,,-0.088,,,-1.77,,,
,542,,0.78300,,,5.809,,,0.05000,,25.3,,,-0.094,,,-1.98,,,
,572,,0.83300,,,5.701,,,0.05000,,25.3,,,-0.108,,,-2.33,,,
,602,,0.88300,,,5.577,,,0.05000,,25.3,,,-0.124,,,-2.85,,,
,632,,0.93300,,,5.422,,,0.05000,,25.3,,,-0.155,,,-3.76,,,
,663,,0.97150,,,5.270,,,0.03850,,25.3,,,-0.152,,,-4.87,,,
,693,,0.99850,,,5.135,,,0.02700,,25.3,,,-0.135,,,-5.92,,,
,723,,1.02000,,,5.002,,,0.02150,,25.3,,,-0.133,,,-6.92,,,
,753,,1.03800,,,4.866,,,0.01800,,25.3,,,-0.136,,,-7.79,,,
,784,,1.05250,,,4.736,,,0.01450,,25.3,,,-0.130,,,-8.68,,,
,814,,1.06525,,,4.610,,,0.01275,,25.3,,,-0.126,,,-9.39,,,
,844,,1.07775,,,4.483,,,0.01250,,25.3,,,-0.127,,,-9.17,,,
,,,1.082246,,,4.441,,,,,,,,,,,,,,EQP
,874,,1.09075,,,4.362,,,0.01300,,25.3,,,-0.121,,,-8.26,,,
,905,,1.10675,,,4.229,,,0.01600,,25.3,,,-0.133,,,-7.31,,,
,935,,1.12500,,,4.103,,,0.01825,,25.3,,,-0.126,,,-6.37,,,
,965,,1.14850,,,3.973,,,0.02350,,25.3,,,-0.130,,,-5.26,,,
,995,,1.17925,,,3.842,,,0.03075,,25.3,,,-0.131,,,-4.12,,,
,1026,,1.22050,,,3.708,,,0.04125,,25.3,,,-0.134,,,-3.05,,,
,1056,,1.27050,,,3.586,,,0.05000,,25.3,,,-0.122,,,-2.23,,,
,1086,,1.32050,,,3.489,,,0.05000,,25.3,,,-0.097,,,-1.74,,,
,1116,,1.37050,,,3.410,,,0.05000,,25.3,,,-0.079,,,-1.43,,,
,1147,,1.42050,,,3.343,,,0.05000,,25.3,,,-0.067,,,-1.23,,,
,1177,,1.47050,,,3.284,,,0.05000,,25.3,,,-0.059,,,-1.08,,,
,1207,,1.52050,,,3.233,,,0.05000,,25.3,,,-0.051,,,-0.96,,,
,1237,,1.57050,,,3.187,,,0.05000,,25.3,,,-0.046,,,-0.87,,,
,1268,,1.62050,,,3.145,,,0.05000,,25.3,,,-0.042,,,-0.79,,,
,1298,,1.67050,,,3.108,,,0.05000,,25.3,,,-0.037,,,,,,
,1328,,1.72050,,,3.073,,,0.05000,,25.3,,,-0.035,,,,,,
,1358,,1.77050,,,3.040,,,0.05000,,25.3,,,-0.033,,,,,,
,1388,,1.82050,,,3.011,,,0.05000,,25.2,,,-0.029,,,,,,
,1419,,1.87050,,,2.983,,,0.05000,,25.2,,,-0.028,,,,,,
Measure (normal) [1],,,,,,,,"Scope 1/1, Sample 15/75",,,,,,,,,,,,
Measured Values,,,,,"Scope 1/1, Sample 15/75",,,,,,,,,,,,,,,
,Time,,,,,Meas. value,,,,,Temp.,,,,,dE,,,,
,[s],,,,,[pH],,,,,[°C],,,,,[pH],,,,
,1,,,,,4.291,,,,,23.6,,,,,,,,,
,2,,,,,4.888,,,,,23.8,,,,,0.597,,,,
,3,,,,,5.175,,,,,24.0,,,,,0.287,,,,
,4,,,,,5.385,,,,,24.3,,,,,0.210,,,,
,5,,,,,5.550,,,,,24.5,,,,,0.165,,,,
,6,,,,,5.689,,,,,24.7,,,,,0.139,,,,
,7,,,,,5.810,,,,,24.8,,,,,0.121,,,,
,8,,,,,5.909,,,,,24.9,,,,,0.099,,,,
,9,,,,,6.008,,,,,25.0,,,,,0.099,,,,
,10,,,,,6.102,,,,,25.0,,,,,0.094,,,,
,11,,,,,6.191,,,,,25.1,,,,,0.089,,,,
,12,,,,,6.273,,,,,25.1,,,,,0.082,,,,
,13,,,,,6.351,,,,,25.2,,,,,0.078,,,,
,14,,,,,6.419,,,,,25.2,,,,,0.068,,,,
,15,,,,,6.490,,,,,25.2,,,,,0.071,,,,
,16,,,,,6.557,,,,,25.2,,,,,0.067,,,,
,17,,,,,6.621,,,,,25.2,,,,,0.064,,,,
,18,,,,,6.682,,,,,25.3,,,,,0.061,,,,
,19,,,,,6.742,,,,,25.3,,,,,0.060,,,,
,20,,,,,6.798,,,,,25.3,,,,,0.056,,,,
,21,,,,,6.847,,,,,25.3,,,,,0.049,,,,
,22,,,,,6.900,,,,,25.3,,,,,0.053,,,,
,23,,,,,6.950,,,,,25.3,,,,,0.050,,,,
,24,,,,,6.992,,,,,25.3,,,,,0.042,,,,
,25,,,,,7.036,,,,,25.3,,,,,0.044,,,,
,26,,,,,7.074,,,,,25.3,,,,,0.038,,,,
,27,,,,,7.105,,,,,25.3,,,,,0.031,,,,
,28,,,,,7.146,,,,,25.3,,,,,0.041,,,,
,29,,,,,7.182,,,,,25.3,,,,,0.036,,,,
,30,,,,,7.215,,,,,25.3,,,,,0.033,,,,
,31,,,,,7.245,,,,,25.3,,,,,0.030,,,,
,32,,,,,7.273,,,,,25.3,,,,,0.028,,,,
,33,,,,,7.299,,,,,25.3,,,,,0.026,,,,
,34,,,,,7.323,,,,,25.3,,,,,0.024,,,,
,35,,,,,7.347,,,,,25.3,,,,,0.024,,,,
,36,,,,,7.370,,,,,25.3,,,,,0.023,,,,
,37,,,,,7.391,,,,,25.3,,,,,0.021,,,,
,38,,,,,7.410,,,,,25.3,,,,,0.019,,,,
,39,,,,,7.429,,,,,25.3,,,,,0.019,,,,
,40,,,,,7.445,,,,,25.3,,,,,0.016,,,,
,41,,,,,7.461,,,,,25.3,,,,,0.016,,,,
,42,,,,,7.477,,,,,25.3,,,,,0.016,,,,
,43,,,,,7.491,,,,,25.3,,,,,0.014,,,,
,44,,,,,7.505,,,,,25.3,,,,,0.014,,,,
,45,,,,,7.517,,,,,25.3,,,,,0.012,,,,
,46,,,,,7.529,,,,,25.3,,,,,0.012,,,,
,47,,,,,7.539,,,,,25.3,,,,,0.010,,,,
,48,,,,,7.549,,,,,25.3,,,,,0.010,,,,
,49,,,,,7.559,,,,,25.3,,,,,0.010,,,,
,50,,,,,7.568,,,,,25.3,,,,,0.009,,,,
,51,,,,,7.577,,,,,25.3,,,,,0.009,,,,
,52,,,,,7.585,,,,,25.3,,,,,0.008,,,,
,53,,,,,7.592,,,,,25.3,,,,,0.007,,,,
,54,,,,,7.599,,,,,25.3,,,,,0.007,,,,
,55,,,,,7.606,,,,,25.3,,,,,0.007,,,,
,56,,,,,7.613,,,,,25.3,,,,,0.007,,,,
,57,,,,,7.618,,,,,25.3,,,,,0.005,,,,
,58,,,,,7.624,,,,,25.3,,,,,0.006,,,,
,59,,,,,7.629,,,,,25.3,,,,,0.005,,,,
,60,,,,,7.633,,,,,25.3,,,,,0.004,,,,
Titration (EQP) [1],,,,,,,,"Scope 1/1, Sample 15/75",,,,,,,,,,,,
Measured Values,,,,,"Scope 1/1, Sample 15/75",,,,,,,,,,,,,,,
,Time,,V,,,Meas. value,,,dV,,Temp.,,,dE,,,dE/dV,,,EQP
,[s],,[mL],,,[pH],,,[mL],,[°C],,,[pH],,,[pH/mL],,,
,0,,0.00000,,,7.643,,,,,25.3,,,,,,,,,
,28,,0.08575,,,7.300,,,0.08575,,25.3,,,-0.343,,,,,,
,58,,0.12850,,,7.087,,,0.04275,,25.3,,,-0.213,,,,,,
,88,,0.15000,,,6.994,,,0.02150,,25.3,,,-0.093,,,,,,
,179,,0.18575,,,6.895,,,0.03575,,25.3,,,-0.099,,,,,,
,209,,0.23575,,,6.796,,,0.05000,,25.3,,,-0.099,,,-2.32,,,
,239,,0.28575,,,6.693,,,0.05000,,25.3,,,-0.103,,,-1.89,,,
,269,,0.33575,,,6.594,,,0.05000,,25.3,,,-0.099,,,-1.84,,,
,300,,0.38575,,,6.501,,,0.05000,,25.3,,,-0.093,,,-1.79,,,
,330,,0.43575,,,6.415,,,0.05000,,25.3,,,-0.086,,,-1.72,,,
,360,,0.48575,,,6.328,,,0.05000,,25.3,,,-0.087,,,-1.63,,,
,390,,0.53575,,,6.251,,,0.05000,,25.3,,,-0.077,,,-1.57,,,
,421,,0.58575,,,6.173,,,0.05000,,25.3,,,-0.078,,,-1.54,,,
,451,,0.63575,,,6.097,,,0.05000,,25.3,,,-0.076,,,-1.55,,,
,481,,0.68575,,,6.017,,,0.05000,,25.3,,,-0.080,,,-1.60,,,
,511,,0.73575,,,5.935,,,0.05000,,25.3,,,-0.082,,,-1.69,,,
,542,,0.78575,,,5.846,,,0.05000,,25.3,,,-0.089,,,-1.85,,,
,572,,0.83575,,,5.745,,,0.05000,,25.3,,,-0.101,,,-2.09,,,
,602,,0.88575,,,5.634,,,0.05000,,25.3,,,-0.111,,,-2.49,,,
,632,,0.93575,,,5.500,,,0.05000,,25.3,,,-0.134,,,-3.13,,,
,663,,0.98575,,,5.327,,,0.05000,,25.3,,,-0.173,,,-4.53,,,
,693,,1.01650,,,5.195,,,0.03075,,25.3,,,-0.132,,,-5.76,,,
,723,,1.04200,,,5.055,,,0.02550,,25.3,,,-0.140,,,-7.00,,,
,753,,1.06125,,,4.924,,,0.01925,,25.3,,,-0.131,,,-7.71,,,
,,,1.075375 ???,,,4.711 ???,,,,,,,,,,,,,,EQP
,784,,1.07750,,,4.679,,,0.01625,,25.3,,,-0.245,,,-8.26,,,
,814,,1.08150,,,4.672,,,0.00400,,25.3,,,-0.007,,,-8.98,,,
,844,,1.09150,,,4.604,,,0.01000,,25.3,,,-0.068,,,-8.64,,,
,874,,1.09975,,,4.544,,,0.00825,,25.3,,,-0.060,,,-8.14,,,
,904,,1.11650,,,4.416,,,0.01675,,25.3,,,-0.128,,,-7.55,,,
,935,,1.13400,,,4.281,,,0.01750,,25.3,,,-0.135,,,-6.71,,,
,965,,1.15125,,,4.159,,,0.01725,,25.3,,,-0.122,,,-6.08,,,
,995,,1.17250,,,4.032,,,0.02125,,25.3,,,-0.127,,,-5.30,,,
,1026,,1.19925,,,3.908,,,0.02675,,25.3,,,-0.124,,,-4.41,,,
,1056,,1.23700,,,3.773,,,0.03775,,25.3,,,-0.135,,,-3.39,,,
,1086,,1.28600,,,3.639,,,0.04900,,25.3,,,-0.134,,,-2.47,,,
,1116,,1.33600,,,3.536,,,0.05000,,25.3,,,-0.103,,,-1.89,,,
,1146,,1.38600,,,3.451,,,0.05000,,25.3,,,-0.085,,,-1.53,,,
,1177,,1.43600,,,3.381,,,0.05000,,25.3,,,-0.070,,,-1.29,,,
,1207,,1.48600,,,3.319,,,0.05000,,25.3,,,-0.062,,,-1.12,,,
,1237,,1.53600,,,3.266,,,0.05000,,25.3,,,-0.053,,,-1.00,,,
,1268,,1.58600,,,3.218,,,0.05000,,25.3,,,-0.048,,,-0.90,,,
,1298,,1.63600,,,3.175,,,0.05000,,25.3,,,-0.043,,,-0.82,,,
,1328,,1.68600,,,3.136,,,0.05000,,25.3,,,-0.039,,,-0.75,,,
,1358,,1.73600,,,3.100,,,0.05000,,25.3,,,-0.036,,,,,,
,1388,,1.78600,,,3.067,,,0.05000,,25.3,,,-0.033,,,,,,
,1419,,1.83600,,,3.036,,,0.05000,,25.3,,,-0.031,,,,,,
,1449,,1.88600,,,3.007,,,0.05000,,25.3,,,-0.029,,,,,,
,1479,,1.93600,,,2.980,,,0.05000,,25.3,,,-0.027,,,,,,
Measure (normal) [1],,,,,,,,"Scope 1/1, Sample 16/75",,,,,,,,,,,,
Measured Values,,,,,"Scope 1/1, Sample 16/75",,,,,,,,,,,,,,,
,Time,,,,,Meas. value,,,,,Temp.,,,,,dE,,,,
,[s],,,,,[pH],,,,,[°C],,,,,[pH],,,,
,1,,,,,4.813,,,,,22.3,,,,,,,,,
,2,,,,,5.151,,,,,22.6,,,,,0.338,,,,
,3,,,,,5.377,,,,,23.0,,,,,0.226,,,,
,4,,,,,5.555,,,,,23.4,,,,,0.178,,,,
,5,,,,,5.699,,,,,23.8,,,,,0.144,,,,
,6,,,,,5.823,,,,,24.1,,,,,0.124,,,,
,7,,,,,5.931,,,,,24.4,,,,,0.108,,,,
,8,,,,,6.030,,,,,24.6,,,,,0.099,,,,
,9,,,,,6.114,,,,,24.7,,,,,0.084,,,,
,10,,,,,6.201,,,,,24.8,,,,,0.087,,,,
,11,,,,,6.284,,,,,24.9,,,,,0.083,,,,
,12,,,,,6.363,,,,,25.0,,,,,0.079,,,,
,13,,,,,6.437,,,,,25.1,,,,,0.074,,,,
,14,,,,,6.508,,,,,25.1,,,,,0.071,,,,
,15,,,,,6.569,,,,,25.1,,,,,0.061,,,,
,16,,,,,6.633,,,,,25.2,,,,,0.064,,,,
,17,,,,,6.693,,,,,25.2,,,,,0.060,,,,
,18,,,,,6.751,,,,,25.2,,,,,0.058,,,,
,19,,,,,6.808,,,,,25.2,,,,,0.057,,,,
,20,,,,,6.863,,,,,25.2,,,,,0.055,,,,
,21,,,,,6.917,,,,,25.2,,,,,0.054,,,,
,22,,,,,6.961,,,,,25.2,,,,,0.044,,,,
,23,,,,,7.005,,,,,25.2,,,,,0.044,,,,
,24,,,,,7.048,,,,,25.3,,,,,0.043,,,,
,25,,,,,7.085,,,,,25.3,,,,,0.037,,,,
,26,,,,,7.128,,,,,25.3,,,,,0.043,,,,
,27,,,,,7.166,,,,,25.3,,,,,0.038,,,,
,28,,,,,7.203,,,,,25.3,,,,,0.037,,,,
,29,,,,,7.233,,,,,25.3,,,,,0.030,,,,
,30,,,,,7.262,,,,,25.3,,,,,0.029,,,,
,31,,,,,7.292,,,,,25.3,,,,,0.030,,,,
,32,,,,,7.320,,,,,25.3,,,,,0.028,,,,
,33,,,,,7.347,,,,,25.3,,,,,0.027,,,,
,34,,,,,7.372,,,,,25.3,,,,,0.025,,,,
,35,,,,,7.397,,,,,25.3,,,,,0.025,,,,
,36,,,,,7.417,,,,,25.3,,,,,0.020,,,,
,37,,,,,7.439,,,,,25.3,,,,,0.022,,,,
,38,,,,,7.458,,,,,25.3,,,,,0.019,,,,
,39,,,,,7.477,,,,,25.3,,,,,0.019,,,,
,40,,,,,7.494,,,,,25.3,,,,,0.017,,,,
,41,,,,,7.511,,,,,25.3,,,,,0.017,,,,
,42,,,,,7.526,,,,,25.3,,,,,0.015,,,,
,43,,,,,7.539,,,,,25.3,,,,,0.013,,,,
,44,,,,,7.553,,,,,25.3,,,,,0.014,,,,
,45,,,,,7.565,,,,,25.3,,,,,0.012,,,,
,46,,,,,7.577,,,,,25.3,,,,,0.012,,,,
,47,,,,,7.589,,,,,25.3,,,,,0.012,,,,
,48,,,,,7.600,,,,,25.3,,,,,0.011,,,,
,49,,,,,7.610,,,,,25.3,,,,,0.010,,,,
,50,,,,,7.619,,,,,25.3,,,,,0.009,,,,
,51,,,,,7.627,,,,,25.3,,,,,0.008,,,,
,52,,,,,7.636,,,,,25.3,,,,,0.009,,,,
,53,,,,,7.644,,,,,25.3,,,,,0.008,,,,
,54,,,,,7.651,,,,,25.3,,,,,0.007,,,,
,55,,,,,7.658,,,,,25.3,,,,,0.007,,,,
,56,,,,,7.664,,,,,25.3,,,,,0.006,,,,
,57,,,,,7.670,,,,,25.3,,,,,0.006,,,,
,58,,,,,7.676,,,,,25.3,,,,,0.006,,,,
,59,,,,,7.682,,,,,25.3,,,,,0.006,,,,
,60,,,,,7.687,,,,,25.3,,,,,0.005,,,,
Titration (EQP) [1],,,,,,,,"Scope 1/1, Sample 16/75",,,,,,,,,,,,
Measured Values,,,,,"Scope 1/1, Sample 16/75",,,,,,,,,,,,,,,
,Time,,V,,,Meas. value,,,dV,,Temp.,,,dE,,,dE/dV,,,EQP
,[s],,[mL],,,[pH],,,[mL],,[°C],,,[pH],,,[pH/mL],,,
,0,,0.00000,,,7.698,,,,,25.3,,,,,,,,,
,28,,0.08575,,,7.362,,,0.08575,,25.3,,,-0.336,,,,,,
,58,,0.12850,,,7.154,,,0.04275,,25.3,,,-0.208,,,,,,
,88,,0.15000,,,7.048,,,0.02150,,25.3,,,-0.106,,,,,,
,179,,0.17650,,,6.963,,,0.02650,,25.3,,,-0.085,,,,,,
,209,,0.22650,,,6.858,,,0.05000,,25.3,,,-0.105,,,-2.55,,,
,239,,0.27650,,,6.747,,,0.05000,,25.3,,,-0.111,,,-2.06,,,
,270,,0.32650,,,6.643,,,0.05000,,25.3,,,-0.104,,,-1.93,,,
,300,,0.37650,,,6.545,,,0.05000,,25.3,,,-0.098,,,-1.90,,,
,330,,0.42650,,,6.448,,,0.05000,,25.3,,,-0.097,,,-1.84,,,
,360,,0.47650,,,6.365,,,0.05000,,25.3,,,-0.083,,,-1.74,,,
,390,,0.52650,,,6.279,,,0.05000,,25.3,,,-0.086,,,-1.69,,,
,421,,0.57650,,,6.186,,,0.05000,,25.3,,,-0.093,,,-1.66,,,
,451,,0.62650,,,6.111,,,0.05000,,25.3,,,-0.075,,,-1.66,,,
,481,,0.67650,,,6.027,,,0.05000,,25.3,,,-0.084,,,-1.71,,,
,511,,0.72650,,,5.935,,,0.05000,,25.3,,,-0.092,,,-1.81,,,
,542,,0.77650,,,5.839,,,0.05000,,25.3,,,-0.096,,,-2.02,,,
,572,,0.82650,,,5.730,,,0.05000,,25.3,,,-0.109,,,-2.39,,,
,602,,0.87650,,,5.602,,,0.05000,,25.3,,,-0.128,,,-2.95,,,
,632,,0.92650,,,5.442,,,0.05000,,25.3,,,-0.160,,,-3.92,,,
,662,,0.96275,,,5.292,,,0.03625,,25.3,,,-0.150,,,-5.02,,,
,693,,0.98825,,,5.162,,,0.02550,,25.3,,,-0.130,,,-6.04,,,
,723,,1.00975,,,5.027,,,0.02150,,25.3,,,-0.135,,,-7.06,,,
,753,,1.02725,,,4.889,,,0.01750,,25.3,,,-0.138,,,-7.93,,,
,784,,1.04100,,,4.765,,,0.01375,,25.3,,,-0.124,,,-8.83,,,
,814,,1.05425,,,4.633,,,0.01325,,25.3,,,-0.132,,,-9.53,,,
,844,,1.06650,,,4.509,,,0.01225,,25.3,,,-0.124,,,-9.25,,,
,874,,1.07975,,,4.382,,,0.01325,,25.3,,,-0.127,,,-8.30,,,
,,,1.082779,,,4.357,,,,,,,,,,,,,,EQP
,904,,1.09475,,,4.257,,,0.01500,,25.3,,,-0.125,,,-7.39,,,
,935,,1.11350,,,4.128,,,0.01875,,25.3,,,-0.129,,,-6.41,,,
,965,,1.13725,,,3.995,,,0.02375,,25.4,,,-0.133,,,-5.28,,,
,995,,1.16725,,,3.867,,,0.03000,,25.4,,,-0.128,,,-4.15,,,
,1026,,1.20875,,,3.731,,,0.04150,,25.4,,,-0.136,,,-3.07,,,
,1056,,1.25875,,,3.608,,,0.05000,,25.4,,,-0.123,,,-2.24,,,
,1086,,1.30875,,,3.511,,,0.05000,,25.4,,,-0.097,,,-1.75,,,
,1116,,1.35875,,,3.431,,,0.05000,,25.4,,,-0.080,,,-1.45,,,
,1146,,1.40875,,,3.363,,,0.05000,,25.4,,,-0.068,,,-1.24,,,
,1177,,1.45875,,,3.305,,,0.05000,,25.4,,,-0.058,,,-1.09,,,
,1207,,1.50875,,,3.252,,,0.05000,,25.4,,,-0.053,,,-0.97,,,
,1237,,1.55875,,,3.206,,,0.05000,,25.4,,,-0.046,,,-0.88,,,
,1267,,1.60875,,,3.164,,,0.05000,,25.4,,,-0.042,,,-0.80,,,
,1298,,1.65875,,,3.125,,,0.05000,,25.4,,,-0.039,,,,,,
,1328,,1.70875,,,3.090,,,0.05000,,25.4,,,-0.035,,,,,,
,1358,,1.75875,,,3.057,,,0.05000,,25.4,,,-0.033,,,,,,
,1388,,1.80875,,,3.027,,,0.05000,,25.4,,,-0.030,,,,,,
,1418,,1.85875,,,2.999,,,0.05000,,25.4,,,-0.028,,,,,,
Measure (normal) [1],,,,,,,,"Scope 1/1, Sample 17/75",,,,,,,,,,,,
Measured Values,,,,,"Scope 1/1, Sample 17/75",,,,,,,,,,,,,,,
,Time,,,,,Meas. value,,,,,Temp.,,,,,dE,,,,
,[s],,,,,[pH],,,,,[°C],,,,,[pH],,,,
,1,,,,,4.933,,,,,22.1,,,,,,,,,
,2,,,,,5.078,,,,,22.4,,,,,0.145,,,,
,3,,,,,5.285,,,,,22.8,,,,,0.207,,,,
,4,,,,,5.466,,,,,23.2,,,,,0.181,,,,
,5,,,,,5.615,,,,,23.7,,,,,0.149,,,,
,6,,,,,5.741,,,,,24.0,,,,,0.126,,,,
,7,,,,,5.851,,,,,24.3,,,,,0.110,,,,
,8,,,,,5.950,,,,,24.5,,,,,0.099,,,,
,9,,,,,6.035,,,,,24.6,,,,,0.085,,,,
,10,,,,,6.121,,,,,24.8,,,,,0.086,,,,
,11,,,,,6.204,,,,,24.9,,,,,0.083,,,,
,12,,,,,6.283,,,,,25.0,,,,,0.079,,,,
,13,,,,,6.357,,,,,25.0,,,,,0.074,,,,
,14,,,,,6.429,,,,,25.1,,,,,0.072,,,,
,15,,,,,6.489,,,,,25.1,,,,,0.060,,,,
,16,,,,,6.553,,,,,25.2,,,,,0.064,,,,
,17,,,,,6.614,,,,,25.2,,,,,0.061,,,,
,18,,,,,6.674,,,,,25.2,,,,,0.060,,,,
,19,,,,,6.731,,,,,25.2,,,,,0.057,,,,
,20,,,,,6.784,,,,,25.2,,,,,0.053,,,,
,21,,,,,6.834,,,,,25.2,,,,,0.050,,,,
,22,,,,,6.885,,,,,25.2,,,,,0.051,,,,
,23,,,,,6.928,,,,,25.2,,,,,0.043,,,,
,24,,,,,6.971,,,,,25.2,,,,,0.043,,,,
,25,,,,,7.012,,,,,25.3,,,,,0.041,,,,
,26,,,,,7.051,,,,,25.3,,,,,0.039,,,,
,27,,,,,7.082,,,,,25.3,,,,,0.031,,,,
,28,,,,,7.120,,,,,25.3,,,,,0.038,,,,
,29,,,,,7.156,,,,,25.3,,,,,0.036,,,,
,30,,,,,7.184,,,,,25.3,,,,,0.028,,,,
,31,,,,,7.216,,,,,25.3,,,,,0.032,,,,
,32,,,,,7.244,,,,,25.3,,,,,0.028,,,,
,33,,,,,7.270,,,,,25.3,,,,,0.026,,,,
,34,,,,,7.296,,,,,25.3,,,,,0.026,,,,
,35,,,,,7.320,,,,,25.3,,,,,0.024,,,,
,36,,,,,7.343,,,,,25.3,,,,,0.023,,,,
,37,,,,,7.363,,,,,25.3,,,,,0.020,,,,
,38,,,,,7.383,,,,,25.3,,,,,0.020,,,,
,39,,,,,7.402,,,,,25.3,,,,,0.019,,,,
,40,,,,,7.420,,,,,25.3,,,,,0.018,,,,
,41,,,,,7.437,,,,,25.3,,,,,0.017,,,,
,42,,,,,7.452,,,,,25.3,,,,,0.015,,,,
,43,,,,,7.466,,,,,25.3,,,,,0.014,,,,
,44,,,,,7.480,,,,,25.3,,,,,0.014,,,,
,45,,,,,7.493,,,,,25.3,,,,,0.013,,,,
,46,,,,,7.506,,,,,25.3,,,,,0.013,,,,
,47,,,,,7.518,,,,,25.3,,,,,0.012,,,,
,48,,,,,7.529,,,,,25.3,,,,,0.011,,,,
,49,,,,,7.539,,,,,25.3,,,,,0.010,,,,
,50,,,,,7.548,,,,,25.3,,,,,0.009,,,,
,51,,,,,7.558,,,,,25.3,,,,,0.010,,,,
,52,,,,,7.566,,,,,25.3,,,,,0.008,,,,
,53,,,,,7.575,,,,,25.3,,,,,0.009,,,,
,54,,,,,7.582,,,,,25.3,,,,,0.007,,,,
,55,,,,,7.589,,,,,25.3,,,,,0.007,,,,
,56,,,,,7.596,,,,,25.3,,,,,0.007,,,,
,57,,,,,7.602,,,,,25.3,,,,,0.006,,,,
,58,,,,,7.608,,,,,25.3,,,,,0.006,,,,
,59,,,,,7.613,,,,,25.3,,,,,0.005,,,,
,60,,,,,7.619,,,,,25.3,,,,,0.006,,,,
Titration (EQP) [1],,,,,,,,"Scope 1/1, Sample 17/75",,,,,,,,,,,,
Measured Values,,,,,"Scope 1/1, Sample 17/75",,,,,,,,,,,,,,,
,Time,,V,,,Meas. value,,,dV,,Temp.,,,dE,,,dE/dV,,,EQP
,[s],,[mL],,,[pH],,,[mL],,[°C],,,[pH],,,[pH/mL],,,
,0,,0.00000,,,7.631,,,,,25.3,,,,,,,,,
,28,,0.08575,,,7.294,,,0.08575,,25.3,,,-0.337,,,,,,
,58,,0.12850,,,7.084,,,0.04275,,25.3,,,-0.210,,,,,,
,88,,0.15000,,,6.991,,,0.02150,,25.3,,,-0.093,,,,,,
,179,,0.18525,,,6.897,,,0.03525,,25.3,,,-0.094,,,,,,
,209,,0.23525,,,6.792,,,0.05000,,25.3,,,-0.105,,,-2.38,,,
,239,,0.28525,,,6.685,,,0.05000,,25.3,,,-0.107,,,-1.98,,,
,269,,0.33525,,,6.584,,,0.05000,,25.3,,,-0.101,,,-1.92,,,
,300,,0.38525,,,6.491,,,0.05000,,25.3,,,-0.093,,,-1.83,,,
,330,,0.43525,,,6.388,,,0.05000,,25.3,,,-0.103,,,-1.76,,,
,360,,0.48525,,,6.314,,,0.05000,,25.3,,,-0.074,,,-1.67,,,
,390,,0.53525,,,6.232,,,0.05000,,25.3,,,-0.082,,,-1.61,,,
,421,,0.58525,,,6.153,,,0.05000,,25.3,,,-0.079,,,-1.59,,,
,451,,0.63525,,,6.063,,,0.05000,,25.3,,,-0.090,,,-1.61,,,
,481,,0.68525,,,5.988,,,0.05000,,25.3,,,-0.075,,,-1.71,,,
,511,,0.73525,,,5.899,,,0.05000,,25.3,,,-0.089,,,-1.82,,,
,542,,0.78525,,,5.800,,,0.05000,,25.3,,,-0.099,,,-2.04,,,
,572,,0.83525,,,5.690,,,0.05000,,25.3,,,-0.110,,,-2.39,,,
,602,,0.88525,,,5.560,,,0.05000,,25.4,,,-0.130,,,-2.99,,,
,632,,0.93525,,,5.400,,,0.05000,,25.4,,,-0.160,,,-3.96,,,
,662,,0.97125,,,5.251,,,0.03600,,25.4,,,-0.149,,,-5.04,,,
,693,,0.99625,,,5.123,,,0.02500,,25.4,,,-0.128,,,-6.03,,,
,723,,1.01775,,,4.984,,,0.02150,,25.4,,,-0.139,,,-7.01,,,
,753,,1.03450,,,4.855,,,0.01675,,25.4,,,-0.129,,,-7.83,,,
,783,,1.04925,,,4.721,,,0.01475,,25.4,,,-0.134,,,-8.73,,,
,,,1.061566 ???,,,4.601 ???,,,,,,,,,,,,,,EQP
,814,,1.06200,,,4.597,,,0.01275,,25.4,,,-0.124,,,-9.26,,,
,844,,1.07500,,,4.470,,,0.01300,,25.4,,,-0.127,,,-8.83,,,
,874,,1.08875,,,4.345,,,0.01375,,25.4,,,-0.125,,,-7.90,,,
,904,,1.10475,,,4.220,,,0.01600,,25.4,,,-0.125,,,-7.03,,,
,934,,1.12500,,,4.089,,,0.02025,,25.4,,,-0.131,,,-6.03,,,
,965,,1.15050,,,3.956,,,0.02550,,25.4,,,-0.133,,,-4.92,,,
,995,,1.18275,,,3.827,,,0.03225,,25.4,,,-0.129,,,-3.84,,,
,1025,,1.22750,,,3.693,,,0.04475,,25.4,,,-0.134,,,-2.81,,,
,1056,,1.27750,,,3.577,,,0.05000,,25.4,,,-0.116,,,-2.09,,,
,1086,,1.32750,,,3.485,,,0.05000,,25.4,,,-0.092,,,-1.66,,,
,1116,,1.37750,,,3.409,,,0.05000,,25.4,,,-0.076,,,-1.38,,,
,1146,,1.42750,,,3.344,,,0.05000,,25.4,,,-0.065,,,-1.19,,,
,1176,,1.47750,,,3.288,,,0.05000,,25.4,,,-0.056,,,-1.05,,,
,1207,,1.52750,,,3.237,,,0.05000,,25.4,,,-0.051,,,-0.94,,,
,1237,,1.57750,,,3.192,,,0.05000,,25.4,,,-0.045,,,-0.85,,,
,1267,,1.62750,,,3.151,,,0.05000,,25.4,,,-0.041,,,-0.78,,,
,1297,,1.67750,,,3.114,,,0.05000,,25.4,,,-0.037,,,,,,
,1328,,1.72750,,,3.080,,,0.05000,,25.4,,,-0.034,,,,,,
,1358,,1.77750,,,3.048,,,0.05000,,25.4,,,-0.032,,,,,,
,1388,,1.82750,,,3.018,,,0.05000,,25.4,,,-0.030,,,,,,
,1418,,1.87750,,,2.990,,,0.05000,,25.4,,,-0.028,,,,,,
Measure (normal) [1],,,,,,,,"Scope 1/1, Sample 18/75",,,,,,,,,,,,
Measured Values,,,,,"Scope 1/1, Sample 18/75",,,,,,,,,,,,,,,
,Time,,,,,Meas. value,,,,,Temp.,,,,,dE,,,,
,[s],,,,,[pH],,,,,[°C],,,,,[pH],,,,
,1,,,,,4.714,,,,,22.7,,,,,,,,,
,2,,,,,5.046,,,,,22.9,,,,,0.332,,,,
,3,,,,,5.277,,,,,23.3,,,,,0.231,,,,
,4,,,,,5.463,,,,,23.7,,,,,0.186,,,,
,5,,,,,5.615,,,,,24.0,,,,,0.152,,,,
,6,,,,,5.746,,,,,24.3,,,,,0.131,,,,
,7,,,,,5.861,,,,,24.5,,,,,0.115,,,,
,8,,,,,5.954,,,,,24.7,,,,,0.093,,,,
,9,,,,,6.051,,,,,24.9,,,,,0.097,,,,
,10,,,,,6.144,,,,,25.0,,,,,0.093,,,,
,11,,,,,6.231,,,,,25.1,,,,,0.087,,,,
,12,,,,,6.314,,,,,25.1,,,,,0.083,,,,
,13,,,,,6.392,,,,,25.2,,,,,0.078,,,,
,14,,,,,6.466,,,,,25.2,,,,,0.074,,,,
,15,,,,,6.529,,,,,25.2,,,,,0.063,,,,
,16,,,,,6.597,,,,,25.3,,,,,0.068,,,,
,17,,,,,6.663,,,,,25.3,,,,,0.066,,,,
,18,,,,,6.726,,,,,25.3,,,,,0.063,,,,
,19,,,,,6.784,,,,,25.3,,,,,0.058,,,,
,20,,,,,6.841,,,,,25.3,,,,,0.057,,,,
,21,,,,,6.894,,,,,25.3,,,,,0.053,,,,
,22,,,,,6.941,,,,,25.3,,,,,0.047,,,,
,23,,,,,6.987,,,,,25.3,,,,,0.046,,,,
,24,,,,,7.032,,,,,25.3,,,,,0.045,,,,
,25,,,,,7.072,,,,,25.4,,,,,0.040,,,,
,26,,,,,7.109,,,,,25.4,,,,,0.037,,,,
,27,,,,,7.152,,,,,25.4,,,,,0.043,,,,
,28,,,,,7.187,,,,,25.4,,,,,0.035,,,,
,29,,,,,7.217,,,,,25.4,,,,,0.030,,,,
,30,,,,,7.248,,,,,25.4,,,,,0.031,,,,
,31,,,,,7.279,,,,,25.4,,,,,0.031,,,,
,32,,,,,7.305,,,,,25.4,,,,,0.026,,,,
,33,,,,,7.332,,,,,25.4,,,,,0.027,,,,
,34,,,,,7.357,,,,,25.4,,,,,0.025,,,,
,35,,,,,7.381,,,,,25.4,,,,,0.024,,,,
,36,,,,,7.401,,,,,25.4,,,,,0.020,,,,
,37,,,,,7.422,,,,,25.4,,,,,0.021,,,,
,38,,,,,7.442,,,,,25.4,,,,,0.020,,,,
,39,,,,,7.461,,,,,25.4,,,,,0.019,,,,
,40,,,,,7.478,,,,,25.4,,,,,0.017,,,,
,41,,,,,7.494,,,,,25.4,,,,,0.016,,,,
,42,,,,,7.508,,,,,25.4,,,,,0.014,,,,
,43,,,,,7.521,,,,,25.4,,,,,0.013,,,,
,44,,,,,7.535,,,,,25.4,,,,,0.014,,,,
,45,,,,,7.548,,,,,25.4,,,,,0.013,,,,
,46,,,,,7.559,,,,,25.4,,,,,0.011,,,,
,47,,,,,7.571,,,,,25.4,,,,,0.012,,,,
,48,,,,,7.582,,,,,25.4,,,,,0.011,,,,
,49,,,,,7.592,,,,,25.4,,,,,0.010,,,,
,50,,,,,7.600,,,,,25.4,,,,,0.008,,,,
,51,,,,,7.609,,,,,25.4,,,,,0.009,,,,
,52,,,,,7.618,,,,,25.4,,,,,0.009,,,,
,53,,,,,7.625,,,,,25.4,,,,,0.007,,,,
,54,,,,,7.632,,,,,25.4,,,,,0.007,,,,
,55,,,,,7.638,,,,,25.4,,,,,0.006,,,,
,56,,,,,7.645,,,,,25.4,,,,,0.007,,,,
,57,,,,,7.650,,,,,25.4,,,,,0.005,,,,
,58,,,,,7.655,,,,,25.4,,,,,0.005,,,,
,59,,,,,7.660,,,,,25.4,,,,,0.005,,,,
,60,,,,,7.665,,,,,25.4,,,,,0.005,,,,
Titration (EQP) [1],,,,,,,,"Scope 1/1, Sample 18/75",,,,,,,,,,,,
Measured Values,,,,,"Scope 1/1, Sample 18/75",,,,,,,,,,,,,,,
,Time,,V,,,Meas. value,,,dV,,Temp.,,,dE,,,dE/dV,,,EQP
,[s],,[mL],,,[pH],,,[mL],,[°C],,,[pH],,,[pH/mL],,,
,0,,0.00000,,,7.675,,,,,25.4,,,,,,,,,
,28,,0.08575,,,7.325,,,0.08575,,25.4,,,-0.350,,,,,,
,58,,0.12850,,,7.108,,,0.04275,,25.4,,,-0.217,,,,,,
,88,,0.15000,,,7.009,,,0.02150,,25.4,,,-0.099,,,,,,
,179,,0.18175,,,6.917,,,0.03175,,25.4,,,-0.092,,,,,,
,209,,0.23175,,,6.808,,,0.05000,,25.4,,,-0.109,,,-2.46,,,
,239,,0.28175,,,6.698,,,0.05000,,25.4,,,-0.110,,,-1.97,,,
,269,,0.33175,,,6.600,,,0.05000,,25.4,,,-0.098,,,-1.89,,,
,300,,0.38175,,,6.505,,,0.05000,,25.4,,,-0.095,,,-1.82,,,
,330,,0.43175,,,6.415,,,0.05000,,25.4,,,-0.090,,,-1.75,,,
,360,,0.48175,,,6.331,,,0.05000,,25.4,,,-0.084,,,-1.67,,,
,390,,0.53175,,,6.246,,,0.05000,,25.4,,,-0.085,,,-1.63,,,
,421,,0.58175,,,6.167,,,0.05000,,25.4,,,-0.079,,,-1.60,,,
,451,,0.63175,,,6.084,,,0.05000,,25.4,,,-0.083,,,-1.62,,,
,481,,0.68175,,,6.005,,,0.05000,,25.4,,,-0.079,,,-1.67,,,
,511,,0.73175,,,5.917,,,0.05000,,25.4,,,-0.088,,,-1.77,,,
,542,,0.78175,,,5.824,,,0.05000,,25.4,,,-0.093,,,-1.95,,,
,572,,0.83175,,,5.716,,,0.05000,,25.4,,,-0.108,,,-2.24,,,
,602,,0.88175,,,5.598,,,0.05000,,25.4,,,-0.118,,,-2.71,,,
,632,,0.93175,,,5.452,,,0.05000,,25.4,,,-0.146,,,-3.50,,,
,663,,0.97550,,,5.288,,,0.04375,,25.4,,,-0.164,,,-4.62,,,
,693,,1.00350,,,5.155,,,0.02800,,25.4,,,-0.133,,,-5.61,,,
,723,,1.02625,,,5.021,,,0.02275,,25.4,,,-0.134,,,-6.58,,,
,753,,1.04500,,,4.887,,,0.01875,,25.4,,,-0.134,,,-7.41,,,
,784,,1.06075,,,4.753,,,0.01575,,25.4,,,-0.134,,,-8.24,,,
,814,,1.07425,,,4.626,,,0.01350,,25.4,,,-0.127,,,-8.96,,,
,844,,1.08725,,,4.502,,,0.01300,,25.4,,,-0.124,,,-8.79,,,
,874,,1.10125,,,4.373,,,0.01400,,25.4,,,-0.129,,,-7.94,,,
,,,1.103186,,,4.358,,,,,,,,,,,,,,EQP
,904,,1.11675,,,4.252,,,0.01550,,25.4,,,-0.121,,,-7.08,,,
,935,,1.13700,,,4.116,,,0.02025,,25.4,,,-0.136,,,-6.12,,,
,965,,1.16075,,,3.988,,,0.02375,,25.4,,,-0.128,,,-5.09,,,
,995,,1.19200,,,3.857,,,0.03125,,25.4,,,-0.131,,,-4.00,,,
,1025,,1.23350,,,3.725,,,0.04150,,25.4,,,-0.132,,,-2.99,,,
,1056,,1.28350,,,3.604,,,0.05000,,25.4,,,-0.121,,,-2.20,,,
,1086,,1.33350,,,3.509,,,0.05000,,25.4,,,-0.095,,,-1.72,,,
,1116,,1.38350,,,3.430,,,0.05000,,25.4,,,-0.079,,,-1.42,,,
,1146,,1.43350,,,3.363,,,0.05000,,25.4,,,-0.067,,,-1.22,,,
,1177,,1.48350,,,3.305,,,0.05000,,25.4,,,-0.058,,,-1.08,,,
,1207,,1.53350,,,3.254,,,0.05000,,25.4,,,-0.051,,,-0.96,,,
,1237,,1.58350,,,3.207,,,0.05000,,25.4,,,-0.047,,,-0.87,,,
,1267,,1.63350,,,3.166,,,0.05000,,25.4,,,-0.041,,,-0.79,,,
,1298,,1.68350,,,3.128,,,0.05000,,25.4,,,-0.038,,,-0.72,,,
,1328,,1.73350,,,3.093,,,0.05000,,25.4,,,-0.035,,,,,,
,1358,,1.78350,,,3.061,,,0.05000,,25.4,,,-0.032,,,,,,
,1388,,1.83350,,,3.031,,,0.05000,,25.4,,,-0.030,,,,,,
,1419,,1.88350,,,3.003,,,0.05000,,25.4,,,-0.028,,,,,,
,1449,,1.93350,,,2.976,,,0.05000,,25.4,,,-0.027,,,,,,
Measure (normal) [1],,,,,,,,"Scope 1/1, Sample 19/75",,,,,,,,,,,,
Measured Values,,,,,"Scope 1/1, Sample 19/75",,,,,,,,,,,,,,,
,Time,,,,,Meas. value,,,,,Temp.,,,,,dE,,,,
,[s],,,,,[pH],,,,,[°C],,,,,[pH],,,,
,1,,,,,4.857,,,,,24.1,,,,,,,,,
,2,,,,,5.057,,,,,24.2,,,,,0.200,,,,
,3,,,,,5.285,,,,,24.4,,,,,0.228,,,,
,4,,,,,5.470,,,,,24.6,,,,,0.185,,,,
,5,,,,,5.620,,,,,24.8,,,,,0.150,,,,
,6,,,,,5.749,,,,,24.9,,,,,0.129,,,,
,7,,,,,5.864,,,,,25.0,,,,,0.115,,,,
,8,,,,,5.969,,,,,25.1,,,,,0.105,,,,
,9,,,,,6.057,,,,,25.2,,,,,0.088,,,,
,10,,,,,6.148,,,,,25.2,,,,,0.091,,,,
,11,,,,,6.234,,,,,25.3,,,,,0.086,,,,
,12,,,,,6.314,,,,,25.3,,,,,0.080,,,,
,13,,,,,6.391,,,,,25.3,,,,,0.077,,,,
,14,,,,,6.464,,,,,25.4,,,,,0.073,,,,
,15,,,,,6.528,,,,,25.4,,,,,0.064,,,,
,16,,,,,6.596,,,,,25.4,,,,,0.068,,,,
,17,,,,,6.662,,,,,25.4,,,,,0.066,,,,
,18,,,,,6.722,,,,,25.4,,,,,0.060,,,,
,19,,,,,6.779,,,,,25.4,,,,,0.057,,,,
,20,,,,,6.834,,,,,25.4,,,,,0.055,,,,
,21,,,,,6.888,,,,,25.4,,,,,0.054,,,,
,22,,,,,6.934,,,,,25.4,,,,,0.046,,,,
,23,,,,,6.979,,,,,25.4,,,,,0.045,,,,
,24,,,,,7.024,,,,,25.4,,,,,0.045,,,,
,25,,,,,7.065,,,,,25.4,,,,,0.041,,,,
,26,,,,,7.096,,,,,25.4,,,,,0.031,,,,
,27,,,,,7.141,,,,,25.4,,,,,0.045,,,,
,28,,,,,7.177,,,,,25.4,,,,,0.036,,,,
,29,,,,,7.207,,,,,25.4,,,,,0.030,,,,
,30,,,,,7.239,,,,,25.4,,,,,0.032,,,,
,31,,,,,7.268,,,,,25.4,,,,,0.029,,,,
,32,,,,,7.295,,,,,25.4,,,,,0.027,,,,
,33,,,,,7.321,,,,,25.4,,,,,0.026,,,,
,34,,,,,7.345,,,,,25.4,,,,,0.024,,,,
,35,,,,,7.367,,,,,25.4,,,,,0.022,,,,
,36,,,,,7.386,,,,,25.4,,,,,0.019,,,,
,37,,,,,7.407,,,,,25.4,,,,,0.021,,,,
,38,,,,,7.426,,,,,25.4,,,,,0.019,,,,
,39,,,,,7.444,,,,,25.4,,,,,0.018,,,,
,40,,,,,7.461,,,,,25.4,,,,,0.017,,,,
,41,,,,,7.478,,,,,25.4,,,,,0.017,,,,
,42,,,,,7.493,,,,,25.4,,,,,0.015,,,,
,43,,,,,7.505,,,,,25.4,,,,,0.012,,,,
,44,,,,,7.518,,,,,25.4,,,,,0.013,,,,
,45,,,,,7.530,,,,,25.4,,,,,0.012,,,,
,46,,,,,7.542,,,,,25.4,,,,,0.012,,,,
,47,,,,,7.552,,,,,25.5,,,,,0.010,,,,
,48,,,,,7.563,,,,,25.5,,,,,0.011,,,,
,49,,,,,7.573,,,,,25.5,,,,,0.010,,,,
,50,,,,,7.580,,,,,25.5,,,,,0.007,,,,
,51,,,,,7.588,,,,,25.4,,,,,0.008,,,,
,52,,,,,7.596,,,,,25.5,,,,,0.008,,,,
,53,,,,,7.604,,,,,25.4,,,,,0.008,,,,
,54,,,,,7.610,,,,,25.5,,,,,0.006,,,,
,55,,,,,7.617,,,,,25.5,,,,,0.007,,,,
,56,,,,,7.623,,,,,25.5,,,,,0.006,,,,
,57,,,,,7.628,,,,,25.5,,,,,0.005,,,,
,58,,,,,7.633,,,,,25.5,,,,,0.005,,,,
,59,,,,,7.638,,,,,25.5,,,,,0.005,,,,
,60,,,,,7.643,,,,,25.5,,,,,0.005,,,,
Titration (EQP) [1],,,,,,,,"Scope 1/1, Sample 19/75",,,,,,,,,,,,
Measured Values,,,,,"Scope 1/1, Sample 19/75",,,,,,,,,,,,,,,
,Time,,V,,,Meas. value,,,dV,,Temp.,,,dE,,,dE/dV,,,EQP
,[s],,[mL],,,[pH],,,[mL],,[°C],,,[pH],,,[pH/mL],,,
,0,,0.00000,,,7.653,,,,,25.5,,,,,,,,,
,28,,0.08575,,,7.300,,,0.08575,,25.5,,,-0.353,,,,,,
,58,,0.12850,,,7.083,,,0.04275,,25.5,,,-0.217,,,,,,
,88,,0.15000,,,6.982,,,0.02150,,25.5,,,-0.101,,,,,,
,179,,0.18175,,,6.891,,,0.03175,,25.5,,,-0.091,,,,,,
,209,,0.23175,,,6.787,,,0.05000,,25.5,,,-0.104,,,-2.46,,,
,239,,0.28175,,,6.679,,,0.05000,,25.5,,,-0.108,,,-2.01,,,
,269,,0.33175,,,6.572,,,0.05000,,25.5,,,-0.107,,,-1.93,,,
,300,,0.38175,,,6.477,,,0.05000,,25.5,,,-0.095,,,-1.87,,,
,330,,0.43175,,,6.383,,,0.05000,,25.5,,,-0.094,,,-1.78,,,
,360,,0.48175,,,6.300,,,0.05000,,25.5,,,-0.083,,,-1.68,,,
,390,,0.53175,,,6.218,,,0.05000,,25.5,,,-0.082,,,-1.63,,,
,421,,0.58175,,,6.134,,,0.05000,,25.5,,,-0.084,,,-1.63,,,
,451,,0.63175,,,6.054,,,0.05000,,25.5,,,-0.080,,,-1.67,,,
,481,,0.68175,,,5.967,,,0.05000,,25.4,,,-0.087,,,-1.76,,,
,511,,0.73175,,,5.875,,,0.05000,,25.4,,,-0.092,,,-1.91,,,
,542,,0.78175,,,5.772,,,0.05000,,25.4,,,-0.103,,,-2.16,,,
,572,,0.83175,,,5.655,,,0.05000,,25.5,,,-0.117,,,-2.57,,,
,602,,0.88175,,,5.518,,,0.05000,,25.4,,,-0.137,,,-3.24,,,
,632,,0.93075,,,5.346,,,0.04900,,25.4,,,-0.172,,,-4.38,,,
,662,,0.96100,,,5.211,,,0.03025,,25.4,,,-0.135,,,-5.41,,,
,693,,0.98475,,,5.076,,,0.02375,,25.4,,,-0.135,,,-6.43,,,
,723,,1.00375,,,4.946,,,0.01900,,25.4,,,-0.130,,,-7.33,,,
,753,,1.02025,,,4.811,,,0.01650,,25.4,,,-0.135,,,-8.18,,,
,783,,1.03400,,,4.681,,,0.01375,,25.4,,,-0.130,,,-9.11,,,
,,,1.043839 ???,,,4.583 ???,,,,,,,,,,,,,,EQP
,814,,1.04650,,,4.556,,,0.01250,,25.5,,,-0.125,,,-9.36,,,
,844,,1.05950,,,4.430,,,0.01300,,25.5,,,-0.126,,,-8.72,,,
,874,,1.07400,,,4.300,,,0.01450,,25.5,,,-0.130,,,-7.74,,,
,904,,1.09025,,,4.177,,,0.01625,,25.5,,,-0.123,,,-6.87,,,
,934,,1.11125,,,4.047,,,0.02100,,25.5,,,-0.130,,,-5.83,,,
,965,,1.13825,,,3.914,,,0.02700,,25.5,,,-0.133,,,-4.69,,,
,995,,1.17300,,,3.784,,,0.03475,,25.5,,,-0.130,,,-3.59,,,
,1025,,1.22050,,,3.650,,,0.04750,,25.4,,,-0.134,,,-2.60,,,
,1056,,1.27050,,,3.541,,,0.05000,,25.4,,,-0.109,,,-1.96,,,
,1086,,1.32050,,,3.454,,,0.05000,,25.4,,,-0.087,,,-1.58,,,
,1116,,1.37050,,,3.381,,,0.05000,,25.4,,,-0.073,,,-1.33,,,
,1146,,1.42050,,,3.318,,,0.05000,,25.4,,,-0.063,,,-1.15,,,
,1176,,1.47050,,,3.263,,,0.05000,,25.4,,,-0.055,,,-1.02,,,
,1207,,1.52050,,,3.214,,,0.05000,,25.4,,,-0.049,,,-0.92,,,
,1237,,1.57050,,,3.170,,,0.05000,,25.4,,,-0.044,,,-0.83,,,
,1267,,1.62050,,,3.130,,,0.05000,,25.4,,,-0.040,,,,,,
,1297,,1.67050,,,3.094,,,0.05000,,25.4,,,-0.036,,,,,,
,1328,,1.72050,,,3.060,,,0.05000,,25.4,,,-0.034,,,,,,
,1358,,1.77050,,,3.029,,,0.05000,,25.4,,,-0.031,,,,,,
,1388,,1.82050,,,3.000,,,0.05000,,25.4,,,-0.029,,,,,,
Measure (normal) [1],,,,,,,,"Scope 1/1, Sample 20/75",,,,,,,,,,,,
Measured Values,,,,,"Scope 1/1, Sample 20/75",,,,,,,,,,,,,,,
,Time,,,,,Meas. value,,,,,Temp.,,,,,dE,,,,
,[s],,,,,[pH],,,,,[°C],,,,,[pH],,,,
,1,,,,,6.185,,,,,21.6,,,,,,,,,
,2,,,,,6.526,,,,,22.0,,,,,0.341,,,,
,3,,,,,6.839,,,,,22.5,,,,,0.313,,,,
,4,,,,,7.010,,,,,23.0,,,,,0.171,,,,
,5,,,,,7.155,,,,,23.4,,,,,0.145,,,,
,6,,,,,7.274,,,,,23.8,,,,,0.119,,,,
,7,,,,,7.360,,,,,24.1,,,,,0.086,,,,
,8,,,,,7.437,,,,,24.3,,,,,0.077,,,,
,9,,,,,7.510,,,,,24.4,,,,,0.073,,,,
,10,,,,,7.576,,,,,24.6,,,,,0.066,,,,
,11,,,,,7.633,,,,,24.6,,,,,0.057,,,,
,12,,,,,7.685,,,,,24.7,,,,,0.052,,,,
,13,,,,,7.731,,,,,24.8,,,,,0.046,,,,
,14,,,,,7.768,,,,,24.8,,,,,0.037,,,,
,15,,,,,7.802,,,,,24.9,,,,,0.034,,,,
,16,,,,,7.833,,,,,24.9,,,,,0.031,,,,
,17,,,,,7.860,,,,,24.9,,,,,0.027,,,,
,18,,,,,7.883,,,,,24.9,,,,,0.023,,,,
,19,,,,,7.904,,,,,25.0,,,,,0.021,,,,
,20,,,,,7.923,,,,,25.0,,,,,0.019,,,,
,21,,,,,7.938,,,,,25.0,,,,,0.015,,,,
,22,,,,,7.952,,,,,25.0,,,,,0.014,,,,
,23,,,,,7.966,,,,,25.0,,,,,0.014,,,,
,24,,,,,7.978,,,,,25.0,,,,,0.012,,,,
,25,,,,,7.988,,,,,25.0,,,,,0.010,,,,
,26,,,,,7.997,,,,,25.0,,,,,0.009,,,,
,27,,,,,8.005,,,,,25.0,,,,,0.008,,,,
,28,,,,,8.011,,,,,25.0,,,,,0.006,,,,
,29,,,,,8.018,,,,,25.0,,,,,0.007,,,,
,30,,,,,8.024,,,,,25.0,,,,,0.006,,,,
,31,,,,,8.029,,,,,25.0,,,,,0.005,,,,
,32,,,,,8.034,,,,,25.0,,,,,0.005,,,,
,33,,,,,8.038,,,,,25.0,,,,,0.004,,,,
,34,,,,,8.041,,,,,25.0,,,,,0.003,,,,
,35,,,,,8.045,,,,,25.0,,,,,0.004,,,,
,36,,,,,8.047,,,,,25.0,,,,,0.002,,,,
,37,,,,,8.050,,,,,25.0,,,,,0.003,,,,
,38,,,,,8.052,,,,,25.0,,,,,0.002,,,,
,39,,,,,8.054,,,,,25.0,,,,,0.002,,,,
,40,,,,,8.056,,,,,25.0,,,,,0.002,,,,
,41,,,,,8.058,,,,,25.0,,,,,0.002,,,,
,42,,,,,8.060,,,,,25.0,,,,,0.002,,,,
,43,,,,,8.061,,,,,25.0,,,,,0.001,,,,
,44,,,,,8.062,,,,,25.0,,,,,0.001,,,,
,45,,,,,8.063,,,,,25.0,,,,,0.001,,,,
,46,,,,,8.064,,,,,25.0,,,,,0.001,,,,
,47,,,,,8.065,,,,,25.0,,,,,0.001,,,,
,48,,,,,8.066,,,,,25.0,,,,,0.001,,,,
,49,,,,,8.067,,,,,25.0,,,,,0.001,,,,
,50,,,,,8.068,,,,,25.0,,,,,0.001,,,,
,51,,,,,8.068,,,,,25.0,,,,,0.000,,,,
,52,,,,,8.069,,,,,25.0,,,,,0.001,,,,
,53,,,,,8.069,,,,,25.0,,,,,0.000,,,,
,54,,,,,8.070,,,,,25.0,,,,,0.001,,,,
,55,,,,,8.070,,,,,25.0,,,,,0.000,,,,
,56,,,,,8.071,,,,,25.0,,,,,0.001,,,,
,57,,,,,8.071,,,,,25.0,,,,,0.000,,,,
,58,,,,,8.071,,,,,25.0,,,,,0.000,,,,
,59,,,,,8.072,,,,,25.0,,,,,0.001,,,,
,60,,,,,8.072,,,,,25.0,,,,,0.000,,,,
Titration (EQP) [1],,,,,,,,"Scope 1/1, Sample 20/75",,,,,,,,,,,,
Measured Values,,,,,"Scope 1/1, Sample 20/75",,,,,,,,,,,,,,,
,Time,,V,,,Meas. value,,,dV,,Temp.,,,dE,,,dE/dV,,,EQP
,[s],,[mL],,,[pH],,,[mL],,[°C],,,[pH],,,[pH/mL],,,
,0,,0.00000,,,8.073,,,,,25.0,,,,,,,,,
,28,,0.08575,,,7.604,,,0.08575,,25.1,,,-0.469,,,,,,
,58,,0.12850,,,7.314,,,0.04275,,25.1,,,-0.290,,,,,,
,88,,0.15000,,,7.183,,,0.02150,,25.1,,,-0.131,,,,,,
,179,,0.17475,,,7.081,,,0.02475,,25.2,,,-0.102,,,,,,
,209,,0.22325,,,6.960,,,0.04850,,25.2,,,-0.121,,,-3.04,,,
,239,,0.27325,,,6.827,,,0.05000,,25.2,,,-0.133,,,-2.21,,,
,270,,0.32325,,,6.708,,,0.05000,,25.2,,,-0.119,,,-1.99,,,
,300,,0.37325,,,6.629,,,0.05000,,25.2,,,-0.079,,,-1.88,,,
,330,,0.42325,,,6.536,,,0.05000,,25.2,,,-0.093,,,-1.79,,,
,360,,0.47325,,,6.442,,,0.05000,,25.2,,,-0.094,,,-1.70,,,
,390,,0.52325,,,6.356,,,0.05000,,25.2,,,-0.086,,,-1.68,,,
,421,,0.57325,,,6.273,,,0.05000,,25.2,,,-0.083,,,-1.68,,,
,451,,0.62325,,,6.192,,,0.05000,,25.2,,,-0.081,,,-1.64,,,
,481,,0.67325,,,6.109,,,0.05000,,25.2,,,-0.083,,,-1.64,,,
,511,,0.72325,,,6.026,,,0.05000,,25.2,,,-0.083,,,-1.69,,,
,542,,0.77325,,,5.935,,,0.05000,,25.2,,,-0.091,,,-1.78,,,
,572,,0.82325,,,5.844,,,0.05000,,25.2,,,-0.091,,,-1.95,,,
,602,,0.87325,,,5.740,,,0.05000,,25.2,,,-0.104,,,-2.22,,,
,632,,0.92325,,,5.621,,,0.05000,,25.2,,,-0.119,,,-2.68,,,
,663,,0.97325,,,5.474,,,0.05000,,25.2,,,-0.147,,,-3.47,,,
,693,,1.01600,,,5.317,,,0.04275,,25.2,,,-0.157,,,-4.56,,,
,723,,1.04575,,,5.177,,,0.02975,,25.2,,,-0.140,,,-5.60,,,
,753,,1.06825,,,5.046,,,0.02250,,25.2,,,-0.131,,,-6.57,,,
,784,,1.08725,,,4.909,,,0.01900,,25.2,,,-0.137,,,-7.46,,,
,814,,1.10225,,,4.782,,,0.01500,,25.2,,,-0.127,,,-8.30,,,
,844,,1.11600,,,4.654,,,0.01375,,25.2,,,-0.128,,,-9.11,,,
,,,1.124393 ???,,,4.572 ???,,,,,,,,,,,,,,EQP
,874,,1.12925,,,4.525,,,0.01325,,25.2,,,-0.129,,,-9.18,,,
,904,,1.14250,,,4.397,,,0.01325,,25.2,,,-0.128,,,-8.41,,,
,935,,1.15675,,,4.276,,,0.01425,,25.2,,,-0.121,,,-7.50,,,
,965,,1.17500,,,4.144,,,0.01825,,25.2,,,-0.132,,,-6.57,,,
,995,,1.19700,,,4.013,,,0.02200,,25.2,,,-0.131,,,-5.55,,,
,1026,,1.22500,,,3.885,,,0.02800,,25.2,,,-0.128,,,-4.45,,,
,1056,,1.26350,,,3.749,,,0.03850,,25.2,,,-0.136,,,-3.34,,,
,1086,,1.31325,,,3.617,,,0.04975,,25.2,,,-0.132,,,-2.42,,,
,1116,,1.36325,,,3.513,,,0.05000,,25.2,,,-0.104,,,-1.86,,,
,1146,,1.41325,,,3.430,,,0.05000,,25.2,,,-0.083,,,-1.52,,,
,1177,,1.46325,,,3.359,,,0.05000,,25.2,,,-0.071,,,-1.28,,,
,1207,,1.51325,,,3.298,,,0.05000,,25.2,,,-0.061,,,-1.12,,,
,1237,,1.56325,,,3.244,,,0.05000,,25.2,,,-0.054,,,-1.00,,,
,1268,,1.61325,,,3.197,,,0.05000,,25.2,,,-0.047,,,-0.90,,,
,1298,,1.66325,,,3.154,,,0.05000,,25.2,,,-0.043,,,-0.82,,,
,1328,,1.71325,,,3.114,,,0.05000,,25.2,,,-0.040,,,,,,
,1358,,1.76325,,,3.079,,,0.05000,,25.2,,,-0.035,,,,,,
,1388,,1.81325,,,3.045,,,0.05000,,25.2,,,-0.034,,,,,,
,1419,,1.86325,,,3.015,,,0.05000,,25.2,,,-0.030,,,,,,
,1449,,1.91325,,,2.986,,,0.05000,,25.2,,,-0.029,,,,,,
Measure (normal) [1],,,,,,,,"Scope 1/1, Sample 21/75",,,,,,,,,,,,
Measured Values,,,,,"Scope 1/1, Sample 21/75",,,,,,,,,,,,,,,
,Time,,,,,Meas. value,,,,,Temp.,,,,,dE,,,,
,[s],,,,,[pH],,,,,[°C],,,,,[pH],,,,
,1,,,,,4.825,,,,,23.9,,,,,,,,,
,2,,,,,5.073,,,,,24.0,,,,,0.248,,,,
,3,,,,,5.347,,,,,24.2,,,,,0.274,,,,
,4,,,,,5.580,,,,,24.4,,,,,0.233,,,,
,5,,,,,5.785,,,,,24.6,,,,,0.205,,,,
,6,,,,,5.969,,,,,24.7,,,,,0.184,,,,
,7,,,,,6.144,,,,,24.9,,,,,0.175,,,,
,8,,,,,6.311,,,,,25.0,,,,,0.167,,,,
,9,,,,,6.451,,,,,25.0,,,,,0.140,,,,
,10,,,,,6.597,,,,,25.1,,,,,0.146,,,,
,11,,,,,6.734,,,,,25.2,,,,,0.137,,,,
,12,,,,,6.859,,,,,25.2,,,,,0.125,,,,
,13,,,,,6.976,,,,,25.2,,,,,0.117,,,,
,14,,,,,7.078,,,,,25.2,,,,,0.102,,,,
,15,,,,,7.176,,,,,25.3,,,,,0.098,,,,
,16,,,,,7.257,,,,,25.3,,,,,0.081,,,,
,17,,,,,7.335,,,,,25.3,,,,,0.078,,,,
,18,,,,,7.407,,,,,25.3,,,,,0.072,,,,
,19,,,,,7.474,,,,,25.3,,,,,0.067,,,,
,20,,,,,7.534,,,,,25.3,,,,,0.060,,,,
,21,,,,,7.587,,,,,25.3,,,,,0.053,,,,
,22,,,,,7.630,,,,,25.3,,,,,0.043,,,,
,23,,,,,7.673,,,,,25.3,,,,,0.043,,,,
,24,,,,,7.711,,,,,25.3,,,,,0.038,,,,
,25,,,,,7.747,,,,,25.3,,,,,0.036,,,,
,26,,,,,7.780,,,,,25.3,,,,,0.033,,,,
,27,,,,,7.809,,,,,25.3,,,,,0.029,,,,
,28,,,,,7.836,,,,,25.3,,,,,0.027,,,,
,29,,,,,7.857,,,,,25.3,,,,,0.021,,,,
,30,,,,,7.878,,,,,25.3,,,,,0.021,,,,
,31,,,,,7.897,,,,,25.3,,,,,0.019,,,,
,32,,,,,7.914,,,,,25.3,,,,,0.017,,,,
,33,,,,,7.930,,,,,25.3,,,,,0.016,,,,
,34,,,,,7.944,,,,,25.3,,,,,0.014,,,,
,35,,,,,7.957,,,,,25.3,,,,,0.013,,,,
,36,,,,,7.967,,,,,25.3,,,,,0.010,,,,
,37,,,,,7.978,,,,,25.3,,,,,0.011,,,,
,38,,,,,7.987,,,,,25.3,,,,,0.009,,,,
,39,,,,,7.996,,,,,25.3,,,,,0.009,,,,
,40,,,,,8.003,,,,,25.3,,,,,0.007,,,,
,41,,,,,8.010,,,,,25.3,,,,,0.007,,,,
,42,,,,,8.016,,,,,25.3,,,,,0.006,,,,
,43,,,,,8.021,,,,,25.3,,,,,0.005,,,,
,44,,,,,8.026,,,,,25.3,,,,,0.005,,,,
,45,,,,,8.031,,,,,25.3,,,,,0.005,,,,
,46,,,,,8.035,,,,,25.3,,,,,0.004,,,,
,47,,,,,8.039,,,,,25.3,,,,,0.004,,,,
,48,,,,,8.042,,,,,25.3,,,,,0.003,,,,
,49,,,,,8.045,,,,,25.3,,,,,0.003,,,,
,50,,,,,8.048,,,,,25.3,,,,,0.003,,,,
,51,,,,,8.050,,,,,25.3,,,,,0.002,,,,
,52,,,,,8.052,,,,,25.3,,,,,0.002,,,,
,53,,,,,8.054,,,,,25.3,,,,,0.002,,,,
,54,,,,,8.056,,,,,25.3,,,,,0.002,,,,
,55,,,,,8.058,,,,,25.3,,,,,0.002,,,,
,56,,,,,8.059,,,,,25.3,,,,,0.001,,,,
,57,,,,,8.061,,,,,25.3,,,,,0.002,,,,
,58,,,,,8.062,,,,,25.3,,,,,0.001,,,,
,59,,,,,8.063,,,,,25.3,,,,,0.001,,,,
,60,,,,,8.064,,,,,25.3,,,,,0.001,,,,
Titration (EQP) [1],,,,,,,,"Scope 1/1, Sample 21/75",,,,,,,,,,,,
Measured Values,,,,,"Scope 1/1, Sample 21/75",,,,,,,,,,,,,,,
,Time,,V,,,Meas. value,,,dV,,Temp.,,,dE,,,dE/dV,,,EQP
,[s],,[mL],,,[pH],,,[mL],,[°C],,,[pH],,,[pH/mL],,,
,0,,0.00000,,,8.066,,,,,25.3,,,,,,,,,
,28,,0.08575,,,7.570,,,0.08575,,25.3,,,-0.496,,,,,,
,58,,0.12850,,,7.280,,,0.04275,,25.3,,,-0.290,,,,,,
,88,,0.15000,,,7.147,,,0.02150,,25.3,,,-0.133,,,,,,
,179,,0.17425,,,7.048,,,0.02425,,25.3,,,-0.099,,,,,,
,209,,0.22425,,,6.930,,,0.05000,,25.3,,,-0.118,,,-2.99,,,
,239,,0.27425,,,6.802,,,0.05000,,25.3,,,-0.128,,,-2.27,,,
,269,,0.32425,,,6.687,,,0.05000,,25.3,,,-0.115,,,-2.12,,,
,300,,0.37425,,,6.580,,,0.05000,,25.3,,,-0.107,,,-2.02,,,
,330,,0.42425,,,6.483,,,0.05000,,25.3,,,-0.097,,,-1.91,,,
,360,,0.47425,,,6.390,,,0.05000,,25.3,,,-0.093,,,-1.77,,,
,390,,0.52425,,,6.305,,,0.05000,,25.3,,,-0.085,,,-1.70,,,
,421,,0.57425,,,6.221,,,0.05000,,25.3,,,-0.084,,,-1.66,,,
,451,,0.62425,,,6.138,,,0.05000,,25.3,,,-0.083,,,-1.66,,,
,481,,0.67425,,,6.054,,,0.05000,,25.3,,,-0.084,,,-1.70,,,
,511,,0.72425,,,5.965,,,0.05000,,25.3,,,-0.089,,,-1.78,,,
,542,,0.77425,,,5.874,,,0.05000,,25.3,,,-0.091,,,-1.93,,,
,572,,0.82425,,,5.769,,,0.05000,,25.3,,,-0.105,,,-2.17,,,
,602,,0.87425,,,5.653,,,0.05000,,25.3,,,-0.116,,,-2.57,,,
,632,,0.92425,,,5.516,,,0.05000,,25.3,,,-0.137,,,-3.25,,,
,663,,0.97350,,,5.340,,,0.04925,,25.3,,,-0.176,,,-4.39,,,
,693,,1.00275,,,5.210,,,0.02925,,25.3,,,-0.130,,,-5.37,,,
,723,,1.02725,,,5.073,,,0.02450,,25.3,,,-0.137,,,-6.40,,,
,753,,1.04650,,,4.942,,,0.01925,,25.3,,,-0.131,,,-7.28,,,
,784,,1.06300,,,4.807,,,0.01650,,25.3,,,-0.135,,,-8.10,,,
,814,,1.07650,,,4.680,,,0.01350,,25.3,,,-0.127,,,-9.01,,,
,,,1.086218 ???,,,4.584 ???,,,,,,,,,,,,,,EQP
,844,,1.08925,,,4.554,,,0.01275,,25.3,,,-0.126,,,-9.21,,,
,874,,1.10225,,,4.430,,,0.01300,,25.3,,,-0.124,,,-8.55,,,
,905,,1.11700,,,4.303,,,0.01475,,25.3,,,-0.127,,,-7.62,,,
,935,,1.13450,,,4.172,,,0.01750,,25.3,,,-0.131,,,-6.72,,,
,965,,1.15575,,,4.043,,,0.02125,,25.3,,,-0.129,,,-5.70,,,
,995,,1.18325,,,3.911,,,0.02750,,25.3,,,-0.132,,,-4.58,,,
,1026,,1.21900,,,3.779,,,0.03575,,25.3,,,-0.132,,,-3.51,,,
,1056,,1.26675,,,3.647,,,0.04775,,25.3,,,-0.132,,,-2.55,,,
,1086,,1.31675,,,3.540,,,0.05000,,25.3,,,-0.107,,,-1.94,,,
,1116,,1.36675,,,3.453,,,0.05000,,25.3,,,-0.087,,,-1.57,,,
,1146,,1.41675,,,3.380,,,0.05000,,25.3,,,-0.073,,,-1.32,,,
,1177,,1.46675,,,3.318,,,0.05000,,25.3,,,-0.062,,,-1.15,,,
,1207,,1.51675,,,3.263,,,0.05000,,25.3,,,-0.055,,,-1.02,,,
,1237,,1.56675,,,3.214,,,0.05000,,25.3,,,-0.049,,,-0.92,,,
,1268,,1.61675,,,3.170,,,0.05000,,25.3,,,-0.044,,,-0.83,,,
,1298,,1.66675,,,3.131,,,0.05000,,25.3,,,-0.039,,,,,,
,1328,,1.71675,,,3.094,,,0.05000,,25.3,,,-0.037,,,,,,
,1358,,1.76675,,,3.060,,,0.05000,,25.3,,,-0.034,,,,,,
,1388,,1.81675,,,3.030,,,0.05000,,25.3,,,-0.030,,,,,,
,1419,,1.86675,,,3.000,,,0.05000,,25.3,,,-0.030,,,,,,
Measure (normal) [1],,,,,,,,"Scope 1/1, Sample 22/75",,,,,,,,,,,,
Measured Values,,,,,"Scope 1/1, Sample 22/75",,,,,,,,,,,,,,,
,Time,,,,,Meas. value,,,,,Temp.,,,,,dE,,,,
,[s],,,,,[pH],,,,,[°C],,,,,[pH],,,,
,1,,,,,4.682,,,,,23.7,,,,,,,,,
,2,,,,,5.015,,,,,23.8,,,,,0.333,,,,
,3,,,,,5.316,,,,,24.1,,,,,0.301,,,,
,4,,,,,5.554,,,,,24.3,,,,,0.238,,,,
,5,,,,,5.764,,,,,24.5,,,,,0.210,,,,
,6,,,,,5.956,,,,,24.7,,,,,0.192,,,,
,7,,,,,6.134,,,,,24.8,,,,,0.178,,,,
,8,,,,,6.284,,,,,24.9,,,,,0.150,,,,
,9,,,,,6.444,,,,,25.0,,,,,0.160,,,,
,10,,,,,6.598,,,,,25.1,,,,,0.154,,,,
,11,,,,,6.744,,,,,25.1,,,,,0.146,,,,
,12,,,,,6.877,,,,,25.2,,,,,0.133,,,,
,13,,,,,6.999,,,,,25.2,,,,,0.122,,,,
,14,,,,,7.107,,,,,25.2,,,,,0.108,,,,
,15,,,,,7.199,,,,,25.3,,,,,0.092,,,,
,16,,,,,7.288,,,,,25.3,,,,,0.089,,,,
,17,,,,,7.368,,,,,25.3,,,,,0.080,,,,
,18,,,,,7.440,,,,,25.3,,,,,0.072,,,,
,19,,,,,7.509,,,,,25.3,,,,,0.069,,,,
,20,,,,,7.570,,,,,25.3,,,,,0.061,,,,
,21,,,,,7.624,,,,,25.3,,,,,0.054,,,,
,22,,,,,7.668,,,,,25.3,,,,,0.044,,,,
,23,,,,,7.712,,,,,25.3,,,,,0.044,,,,
,24,,,,,7.752,,,,,25.3,,,,,0.040,,,,
,25,,,,,7.788,,,,,25.3,,,,,0.036,,,,
,26,,,,,7.820,,,,,25.3,,,,,0.032,,,,
,27,,,,,7.849,,,,,25.3,,,,,0.029,,,,
,28,,,,,7.875,,,,,25.3,,,,,0.026,,,,
,29,,,,,7.897,,,,,25.3,,,,,0.022,,,,
,30,,,,,7.917,,,,,25.3,,,,,0.020,,,,
,31,,,,,7.936,,,,,25.3,,,,,0.019,,,,
,32,,,,,7.953,,,,,25.3,,,,,0.017,,,,
,33,,,,,7.967,,,,,25.3,,,,,0.014,,,,
,34,,,,,7.981,,,,,25.3,,,,,0.014,,,,
,35,,,,,7.992,,,,,25.3,,,,,0.011,,,,
,36,,,,,8.003,,,,,25.3,,,,,0.011,,,,
,37,,,,,8.013,,,,,25.3,,,,,0.010,,,,
,38,,,,,8.022,,,,,25.3,,,,,0.009,,,,
,39,,,,,8.031,,,,,25.3,,,,,0.009,,,,
,40,,,,,8.038,,,,,25.3,,,,,0.007,,,,
,41,,,,,8.044,,,,,25.3,,,,,0.006,,,,
,42,,,,,8.050,,,,,25.3,,,,,0.006,,,,
,43,,,,,8.055,,,,,25.3,,,,,0.005,,,,
,44,,,,,8.059,,,,,25.3,,,,,0.004,,,,
,45,,,,,8.064,,,,,25.3,,,,,0.005,,,,
,46,,,,,8.068,,,,,25.3,,,,,0.004,,,,
,47,,,,,8.071,,,,,25.3,,,,,0.003,,,,
,48,,,,,8.074,,,,,25.3,,,,,0.003,,,,
,49,,,,,8.077,,,,,25.3,,,,,0.003,,,,
,50,,,,,8.079,,,,,25.3,,,,,0.002,,,,
,51,,,,,8.082,,,,,25.3,,,,,0.003,,,,
,52,,,,,8.084,,,,,25.3,,,,,0.002,,,,
,53,,,,,8.086,,,,,25.3,,,,,0.002,,,,
,54,,,,,8.088,,,,,25.3,,,,,0.002,,,,
,55,,,,,8.089,,,,,25.3,,,,,0.001,,,,
,56,,,,,8.091,,,,,25.3,,,,,0.002,,,,
,57,,,,,8.092,,,,,25.3,,,,,0.001,,,,
,58,,,,,8.093,,,,,25.3,,,,,0.001,,,,
,59,,,,,8.094,,,,,25.3,,,,,0.001,,,,
,60,,,,,8.095,,,,,25.3,,,,,0.001,,,,
Titration (EQP) [1],,,,,,,,"Scope 1/1, Sample 22/75",,,,,,,,,,,,
Measured Values,,,,,"Scope 1/1, Sample 22/75",,,,,,,,,,,,,,,
,Time,,V,,,Meas. value,,,dV,,Temp.,,,dE,,,dE/dV,,,EQP
,[s],,[mL],,,[pH],,,[mL],,[°C],,,[pH],,,[pH/mL],,,
,0,,0.00000,,,8.096,,,,,25.3,,,,,,,,,
,28,,0.08575,,,7.584,,,0.08575,,25.3,,,-0.512,,,,,,
,58,,0.12850,,,7.289,,,0.04275,,25.3,,,-0.295,,,,,,
,88,,0.15000,,,7.155,,,0.02150,,25.3,,,-0.134,,,,,,
,179,,0.17400,,,7.056,,,0.02400,,25.3,,,-0.099,,,,,,
,209,,0.22400,,,6.935,,,0.05000,,25.3,,,-0.121,,,-3.02,,,
,239,,0.27400,,,6.808,,,0.05000,,25.3,,,-0.127,,,-2.27,,,
,270,,0.32400,,,6.691,,,0.05000,,25.3,,,-0.117,,,-2.13,,,
,300,,0.37400,,,6.585,,,0.05000,,25.3,,,-0.106,,,-2.04,,,
,330,,0.42400,,,6.486,,,0.05000,,25.3,,,-0.099,,,-1.94,,,
,360,,0.47400,,,6.394,,,0.05000,,25.3,,,-0.092,,,-1.79,,,
,390,,0.52400,,,6.303,,,0.05000,,25.3,,,-0.091,,,-1.71,,,
,421,,0.57400,,,6.220,,,0.05000,,25.3,,,-0.083,,,-1.67,,,
,451,,0.62400,,,6.140,,,0.05000,,25.3,,,-0.080,,,-1.65,,,
,481,,0.67400,,,6.056,,,0.05000,,25.3,,,-0.084,,,-1.68,,,
,512,,0.72400,,,5.965,,,0.05000,,25.3,,,-0.091,,,-1.75,,,
,542,,0.77400,,,5.877,,,0.05000,,25.3,,,-0.088,,,-1.90,,,
,572,,0.82400,,,5.775,,,0.05000,,25.3,,,-0.102,,,-2.14,,,
,602,,0.87400,,,5.660,,,0.05000,,25.3,,,-0.115,,,-2.53,,,
,632,,0.92400,,,5.523,,,0.05000,,25.3,,,-0.137,,,-3.20,,,
,663,,0.97300,,,5.352,,,0.04900,,25.3,,,-0.171,,,-4.32,,,
,693,,1.00350,,,5.217,,,0.03050,,25.3,,,-0.135,,,-5.31,,,
,723,,1.02775,,,5.084,,,0.02425,,25.3,,,-0.133,,,-6.31,,,
,753,,1.04750,,,4.951,,,0.01975,,25.3,,,-0.133,,,-7.21,,,
,784,,1.06400,,,4.817,,,0.01650,,25.3,,,-0.134,,,-8.03,,,
,814,,1.07775,,,4.690,,,0.01375,,25.3,,,-0.127,,,-8.93,,,
,,,1.088251 ???,,,4.587 ???,,,,,,,,,,,,,,EQP
,844,,1.09075,,,4.562,,,0.01300,,25.3,,,-0.128,,,-9.19,,,
,874,,1.10375,,,4.438,,,0.01300,,25.3,,,-0.124,,,-8.60,,,
,905,,1.11850,,,4.310,,,0.01475,,25.3,,,-0.128,,,-7.66,,,
,935,,1.13575,,,4.181,,,0.01725,,25.3,,,-0.129,,,-6.76,,,
,965,,1.15675,,,4.051,,,0.02100,,25.3,,,-0.130,,,-5.77,,,
,995,,1.18325,,,3.920,,,0.02650,,25.3,,,-0.131,,,-4.68,,,
,1026,,1.21800,,,3.790,,,0.03475,,25.3,,,-0.130,,,-3.60,,,
,1056,,1.26575,,,3.654,,,0.04775,,25.3,,,-0.136,,,-2.61,,,
,1086,,1.31575,,,3.545,,,0.05000,,25.3,,,-0.109,,,-1.97,,,
,1116,,1.36575,,,3.458,,,0.05000,,25.3,,,-0.087,,,-1.58,,,
,1147,,1.41575,,,3.384,,,0.05000,,25.3,,,-0.074,,,-1.33,,,
,1177,,1.46575,,,3.321,,,0.05000,,25.3,,,-0.063,,,-1.15,,,
,1207,,1.51575,,,3.266,,,0.05000,,25.3,,,-0.055,,,-1.03,,,
,1237,,1.56575,,,3.217,,,0.05000,,25.3,,,-0.049,,,-0.92,,,
,1268,,1.61575,,,3.173,,,0.05000,,25.3,,,-0.044,,,-0.83,,,
,1298,,1.66575,,,3.133,,,0.05000,,25.3,,,-0.040,,,-0.76,,,
,1328,,1.71575,,,3.096,,,0.05000,,25.3,,,-0.037,,,,,,
,1358,,1.76575,,,3.063,,,0.05000,,25.3,,,-0.033,,,,,,
,1389,,1.81575,,,3.032,,,0.05000,,25.3,,,-0.031,,,,,,
,1419,,1.86575,,,3.002,,,0.05000,,25.3,,,-0.030,,,,,,
,1449,,1.91575,,,2.975,,,0.05000,,25.3,,,-0.027,,,,,,
Measure (normal) [1],,,,,,,,"Scope 1/1, Sample 23/75",,,,,,,,,,,,
Measured Values,,,,,"Scope 1/1, Sample 23/75",,,,,,,,,,,,,,,
,Time,,,,,Meas. value,,,,,Temp.,,,,,dE,,,,
,[s],,,,,[pH],,,,,[°C],,,,,[pH],,,,
,1,,,,,4.449,,,,,23.7,,,,,,,,,
,2,,,,,4.904,,,,,23.9,,,,,0.455,,,,
,3,,,,,5.361,,,,,24.1,,,,,0.457,,,,
,4,,,,,5.784,,,,,24.3,,,,,0.423,,,,
,5,,,,,6.171,,,,,24.5,,,,,0.387,,,,
,6,,,,,6.510,,,,,24.7,,,,,0.339,,,,
,7,,,,,6.796,,,,,24.8,,,,,0.286,,,,
,8,,,,,7.008,,,,,24.9,,,,,0.212,,,,
,9,,,,,7.200,,,,,25.0,,,,,0.192,,,,
,10,,,,,7.355,,,,,25.1,,,,,0.155,,,,
,11,,,,,7.482,,,,,25.1,,,,,0.127,,,,
,12,,,,,7.585,,,,,25.2,,,,,0.103,,,,
,13,,,,,7.668,,,,,25.2,,,,,0.083,,,,
,14,,,,,7.734,,,,,25.2,,,,,0.066,,,,
,15,,,,,7.783,,,,,25.3,,,,,0.049,,,,
,16,,,,,7.826,,,,,25.3,,,,,0.043,,,,
,17,,,,,7.861,,,,,25.3,,,,,0.035,,,,
,18,,,,,7.888,,,,,25.3,,,,,0.027,,,,
,19,,,,,7.911,,,,,25.3,,,,,0.023,,,,
,20,,,,,7.928,,,,,25.3,,,,,0.017,,,,
,21,,,,,7.943,,,,,25.3,,,,,0.015,,,,
,22,,,,,7.955,,,,,25.3,,,,,0.012,,,,
,23,,,,,7.965,,,,,25.3,,,,,0.010,,,,
,24,,,,,7.974,,,,,25.3,,,,,0.009,,,,
,25,,,,,7.981,,,,,25.3,,,,,0.007,,,,
,26,,,,,7.987,,,,,25.3,,,,,0.006,,,,
,27,,,,,7.992,,,,,25.3,,,,,0.005,,,,
,28,,,,,7.997,,,,,25.3,,,,,0.005,,,,
,29,,,,,8.000,,,,,25.3,,,,,0.003,,,,
,30,,,,,8.003,,,,,25.3,,,,,0.003,,,,
,31,,,,,8.006,,,,,25.3,,,,,0.003,,,,
,32,,,,,8.009,,,,,25.3,,,,,0.003,,,,
,33,,,,,8.011,,,,,25.3,,,,,0.002,,,,
,34,,,,,8.013,,,,,25.3,,,,,0.002,,,,
,35,,,,,8.014,,,,,25.3,,,,,0.001,,,,
,36,,,,,8.016,,,,,25.3,,,,,0.002,,,,
,37,,,,,8.017,,,,,25.3,,,,,0.001,,,,
,38,,,,,8.019,,,,,25.3,,,,,0.002,,,,
,39,,,,,8.019,,,,,25.3,,,,,0.000,,,,
,40,,,,,8.021,,,,,25.3,,,,,0.002,,,,
,41,,,,,8.022,,,,,25.3,,,,,0.001,,,,
,42,,,,,8.023,,,,,25.3,,,,,0.001,,,,
,43,,,,,8.023,,,,,25.3,,,,,0.000,,,,
,44,,,,,8.025,,,,,25.3,,,,,0.002,,,,
,45,,,,,8.025,,,,,25.3,,,,,0.000,,,,
,46,,,,,8.026,,,,,25.3,,,,,0.001,,,,
,47,,,,,8.027,,,,,25.3,,,,,0.001,,,,
,48,,,,,8.027,,,,,25.3,,,,,0.000,,,,
,49,,,,,8.028,,,,,25.3,,,,,0.001,,,,
,50,,,,,8.029,,,,,25.3,,,,,0.001,,,,
,51,,,,,8.029,,,,,25.3,,,,,0.000,,,,
,52,,,,,8.030,,,,,25.3,,,,,0.001,,,,
,53,,,,,8.030,,,,,25.3,,,,,0.000,,,,
,54,,,,,8.031,,,,,25.3,,,,,0.001,,,,
,55,,,,,8.031,,,,,25.3,,,,,0.000,,,,
,56,,,,,8.032,,,,,25.3,,,,,0.001,,,,
,57,,,,,8.032,,,,,25.3,,,,,0.000,,,,
,58,,,,,8.033,,,,,25.3,,,,,0.001,,,,
,59,,,,,8.033,,,,,25.3,,,,,0.000,,,,
,60,,,,,8.034,,,,,25.3,,,,,0.001,,,,
Titration (EQP) [1],,,,,,,,"Scope 1/1, Sample 23/75",,,,,,,,,,,,
Measured Values,,,,,"Scope 1/1, Sample 23/75",,,,,,,,,,,,,,,
,Time,,V,,,Meas. value,,,dV,,Temp.,,,dE,,,dE/dV,,,EQP
,[s],,[mL],,,[pH],,,[mL],,[°C],,,[pH],,,[pH/mL],,,
,0,,0.00000,,,8.034,,,,,25.3,,,,,,,,,
,28,,0.08575,,,7.759,,,0.08575,,25.3,,,-0.275,,,,,,
,58,,0.12850,,,7.511,,,0.04275,,25.3,,,-0.248,,,,,,
,88,,0.15000,,,7.371,,,0.02150,,25.3,,,-0.140,,,,,,
,179,,0.16875,,,7.278,,,0.01875,,25.4,,,-0.093,,,,,,
,209,,0.20425,,,7.113,,,0.03550,,25.4,,,-0.165,,,-4.35,,,
,239,,0.23525,,,6.993,,,0.03100,,25.4,,,-0.120,,,-3.60,,,
,269,,0.27775,,,6.859,,,0.04250,,25.4,,,-0.134,,,-2.98,,,
,300,,0.32775,,,6.730,,,0.05000,,25.4,,,-0.129,,,-2.47,,,
,330,,0.37775,,,6.616,,,0.05000,,25.3,,,-0.114,,,-2.13,,,
,360,,0.42775,,,6.514,,,0.05000,,25.3,,,-0.102,,,-1.92,,,
,390,,0.47775,,,6.421,,,0.05000,,25.3,,,-0.093,,,-1.75,,,
,421,,0.52775,,,6.336,,,0.05000,,25.3,,,-0.085,,,-1.63,,,
,451,,0.57775,,,6.257,,,0.05000,,25.3,,,-0.079,,,-1.54,,,
,481,,0.62775,,,6.182,,,0.05000,,25.3,,,-0.075,,,-1.47,,,
,511,,0.67775,,,6.111,,,0.05000,,25.3,,,-0.071,,,-1.43,,,
,542,,0.72775,,,6.036,,,0.05000,,25.3,,,-0.075,,,-1.40,,,
,572,,0.77775,,,5.967,,,0.05000,,25.3,,,-0.069,,,-1.41,,,
,602,,0.82775,,,5.899,,,0.05000,,25.3,,,-0.068,,,-1.43,,,
,632,,0.87775,,,5.824,,,0.05000,,25.3,,,-0.075,,,-1.49,,,
,663,,0.92775,,,5.747,,,0.05000,,25.3,,,-0.077,,,-1.58,,,
,693,,0.97775,,,5.661,,,0.05000,,25.3,,,-0.086,,,-1.75,,,
,723,,1.02775,,,5.570,,,0.05000,,25.3,,,-0.091,,,-1.98,,,
,753,,1.07775,,,5.462,,,0.05000,,25.3,,,-0.108,,,-2.34,,,
,784,,1.12775,,,5.335,,,0.05000,,25.3,,,-0.127,,,-2.94,,,
,814,,1.17775,,,5.174,,,0.05000,,25.3,,,-0.161,,,-3.88,,,
,844,,1.21350,,,5.029,,,0.03575,,25.3,,,-0.145,,,-4.85,,,
,874,,1.23975,,,4.894,,,0.02625,,25.3,,,-0.135,,,-5.69,,,
,904,,1.26075,,,4.764,,,0.02100,,25.3,,,-0.130,,,-6.40,,,
,935,,1.27900,,,4.631,,,0.01825,,25.3,,,-0.133,,,-7.09,,,
,965,,1.29475,,,4.502,,,0.01575,,25.3,,,-0.129,,,-7.70,,,
,,,1.295234 ???,,,4.498 ???,,,,,,,,,,,,,,EQP
,995,,1.30950,,,4.380,,,0.01475,,25.3,,,-0.122,,,-7.52,,,
,1026,,1.32575,,,4.255,,,0.01625,,25.3,,,-0.125,,,-6.75,,,
,1056,,1.34475,,,4.125,,,0.01900,,25.3,,,-0.130,,,-5.99,,,
,1086,,1.36700,,,3.999,,,0.02225,,25.3,,,-0.126,,,-5.18,,,
,1116,,1.39575,,,3.871,,,0.02875,,25.3,,,-0.128,,,-4.24,,,
,1146,,1.43450,,,3.738,,,0.03875,,25.3,,,-0.133,,,-3.23,,,
,1177,,1.48450,,,3.608,,,0.05000,,25.3,,,-0.130,,,-2.36,,,
,1207,,1.53450,,,3.507,,,0.05000,,25.3,,,-0.101,,,-1.82,,,
,1237,,1.58450,,,3.425,,,0.05000,,25.3,,,-0.082,,,-1.48,,,
,1268,,1.63450,,,3.357,,,0.05000,,25.3,,,-0.068,,,-1.26,,,
,1298,,1.68450,,,3.296,,,0.05000,,25.3,,,-0.061,,,-1.10,,,
,1328,,1.73450,,,3.244,,,0.05000,,25.3,,,-0.052,,,-0.98,,,
,1358,,1.78450,,,3.197,,,0.05000,,25.3,,,-0.047,,,-0.88,,,
,1388,,1.83450,,,3.155,,,0.05000,,25.3,,,-0.042,,,-0.80,,,
,1418,,1.88450,,,3.117,,,0.05000,,25.3,,,-0.038,,,,,,
,1449,,1.93450,,,3.082,,,0.05000,,25.3,,,-0.035,,,,,,
,1479,,1.98450,,,3.049,,,0.05000,,25.3,,,-0.033,,,,,,
,1509,,2.03450,,,3.018,,,0.05000,,25.3,,,-0.031,,,,,,
,1540,,2.08450,,,2.990,,,0.05000,,25.3,,,-0.028,,,,,,
Measure (normal) [1],,,,,,,,"Scope 1/1, Sample 24/75",,,,,,,,,,,,
Measured Values,,,,,"Scope 1/1, Sample 24/75",,,,,,,,,,,,,,,
,Time,,,,,Meas. value,,,,,Temp.,,,,,dE,,,,
,[s],,,,,[pH],,,,,[°C],,,,,[pH],,,,
,1,,,,,4.999,,,,,23.9,,,,,,,,,
,2,,,,,5.230,,,,,24.0,,,,,0.231,,,,
,3,,,,,5.495,,,,,24.2,,,,,0.265,,,,
,4,,,,,5.716,,,,,24.4,,,,,0.221,,,,
,5,,,,,5.917,,,,,24.6,,,,,0.201,,,,
,6,,,,,6.103,,,,,24.7,,,,,0.186,,,,
,7,,,,,6.284,,,,,24.9,,,,,0.181,,,,
,8,,,,,6.455,,,,,25.0,,,,,0.171,,,,
,9,,,,,6.597,,,,,25.0,,,,,0.142,,,,
,10,,,,,6.744,,,,,25.1,,,,,0.147,,,,
,11,,,,,6.881,,,,,25.2,,,,,0.137,,,,
,12,,,,,7.009,,,,,25.2,,,,,0.128,,,,
,13,,,,,7.123,,,,,25.2,,,,,0.114,,,,
,14,,,,,7.230,,,,,25.3,,,,,0.107,,,,
,15,,,,,7.324,,,,,25.3,,,,,0.094,,,,
,16,,,,,7.404,,,,,25.3,,,,,0.080,,,,
,17,,,,,7.482,,,,,25.3,,,,,0.078,,,,
,18,,,,,7.555,,,,,25.3,,,,,0.073,,,,
,19,,,,,7.617,,,,,25.3,,,,,0.062,,,,
,20,,,,,7.673,,,,,25.3,,,,,0.056,,,,
,21,,,,,7.724,,,,,25.3,,,,,0.051,,,,
,22,,,,,7.765,,,,,25.3,,,,,0.041,,,,
,23,,,,,7.807,,,,,25.3,,,,,0.042,,,,
,24,,,,,7.844,,,,,25.3,,,,,0.037,,,,
,25,,,,,7.878,,,,,25.3,,,,,0.034,,,,
,26,,,,,7.908,,,,,25.3,,,,,0.030,,,,
,27,,,,,7.935,,,,,25.3,,,,,0.027,,,,
,28,,,,,7.960,,,,,25.3,,,,,0.025,,,,
,29,,,,,7.978,,,,,25.3,,,,,0.018,,,,
,30,,,,,7.997,,,,,25.3,,,,,0.019,,,,
,31,,,,,8.013,,,,,25.3,,,,,0.016,,,,
,32,,,,,8.028,,,,,25.3,,,,,0.015,,,,
,33,,,,,8.041,,,,,25.3,,,,,0.013,,,,
,34,,,,,8.053,,,,,25.3,,,,,0.012,,,,
,35,,,,,8.063,,,,,25.3,,,,,0.010,,,,
,36,,,,,8.072,,,,,25.3,,,,,0.009,,,,
,37,,,,,8.080,,,,,25.3,,,,,0.008,,,,
,38,,,,,8.088,,,,,25.3,,,,,0.008,,,,
,39,,,,,8.095,,,,,25.3,,,,,0.007,,,,
,40,,,,,8.101,,,,,25.3,,,,,0.006,,,,
,41,,,,,8.106,,,,,25.3,,,,,0.005,,,,
,42,,,,,8.111,,,,,25.3,,,,,0.005,,,,
,43,,,,,8.115,,,,,25.3,,,,,0.004,,,,
,44,,,,,8.119,,,,,25.3,,,,,0.004,,,,
,45,,,,,8.122,,,,,25.3,,,,,0.003,,,,
,46,,,,,8.125,,,,,25.3,,,,,0.003,,,,
,47,,,,,8.128,,,,,25.3,,,,,0.003,,,,
,48,,,,,8.130,,,,,25.3,,,,,0.002,,,,
,49,,,,,8.132,,,,,25.3,,,,,0.002,,,,
,50,,,,,8.134,,,,,25.3,,,,,0.002,,,,
,51,,,,,8.136,,,,,25.3,,,,,0.002,,,,
,52,,,,,8.137,,,,,25.3,,,,,0.001,,,,
,53,,,,,8.139,,,,,25.3,,,,,0.002,,,,
,54,,,,,8.140,,,,,25.3,,,,,0.001,,,,
,55,,,,,8.141,,,,,25.3,,,,,0.001,,,,
,56,,,,,8.142,,,,,25.3,,,,,0.001,,,,
,57,,,,,8.142,,,,,25.3,,,,,0.000,,,,
,58,,,,,8.143,,,,,25.3,,,,,0.001,,,,
,59,,,,,8.144,,,,,25.3,,,,,0.001,,,,
,60,,,,,8.145,,,,,25.3,,,,,0.001,,,,
Titration (EQP) [1],,,,,,,,"Scope 1/1, Sample 24/75",,,,,,,,,,,,
Measured Values,,,,,"Scope 1/1, Sample 24/75",,,,,,,,,,,,,,,
,Time,,V,,,Meas. value,,,dV,,Temp.,,,dE,,,dE/dV,,,EQP
,[s],,[mL],,,[pH],,,[mL],,[°C],,,[pH],,,[pH/mL],,,
,0,,0.00000,,,8.145,,,,,25.3,,,,,,,,,
,28,,0.08575,,,7.616,,,0.08575,,25.3,,,-0.529,,,,,,
,58,,0.12850,,,7.314,,,0.04275,,25.3,,,-0.302,,,,,,
,88,,0.15000,,,7.179,,,0.02150,,25.4,,,-0.135,,,,,,
,179,,0.17475,,,7.073,,,0.02475,,25.4,,,-0.106,,,,,,
,209,,0.22025,,,6.960,,,0.04550,,25.4,,,-0.113,,,-3.14,,,
,239,,0.27025,,,6.832,,,0.05000,,25.4,,,-0.128,,,-2.35,,,
,269,,0.32025,,,6.711,,,0.05000,,25.4,,,-0.121,,,-2.15,,,
,300,,0.37025,,,6.604,,,0.05000,,25.4,,,-0.107,,,-2.03,,,
,330,,0.42025,,,6.507,,,0.05000,,25.4,,,-0.097,,,-1.92,,,
,360,,0.47025,,,6.414,,,0.05000,,25.4,,,-0.093,,,-1.78,,,
,390,,0.52025,,,6.327,,,0.05000,,25.4,,,-0.087,,,-1.71,,,
,421,,0.57025,,,6.243,,,0.05000,,25.4,,,-0.084,,,-1.67,,,
,451,,0.62025,,,6.159,,,0.05000,,25.4,,,-0.084,,,-1.67,,,
,481,,0.67025,,,6.075,,,0.05000,,25.4,,,-0.084,,,-1.69,,,
,511,,0.72025,,,5.986,,,0.05000,,25.4,,,-0.089,,,-1.76,,,
,542,,0.77025,,,5.896,,,0.05000,,25.4,,,-0.090,,,-1.87,,,
,572,,0.82025,,,5.795,,,0.05000,,25.4,,,-0.101,,,-2.13,,,
,602,,0.87025,,,5.681,,,0.05000,,25.4,,,-0.114,,,-2.55,,,
,632,,0.92025,,,5.545,,,0.05000,,25.4,,,-0.136,,,-3.24,,,
,662,,0.97000,,,5.373,,,0.04975,,25.4,,,-0.172,,,-4.35,,,
,693,,1.00100,,,5.211,,,0.03100,,25.4,,,-0.162,,,-5.32,,,
,723,,1.01825,,,5.126,,,0.01725,,25.4,,,-0.085,,,-5.95,,,
,753,,1.04825,,,4.941,,,0.03000,,25.4,,,-0.185,,,-7.24,,,
,783,,1.06575,,,4.798,,,0.01750,,25.4,,,-0.143,,,-7.95,,,
,814,,1.07825,,,4.683,,,0.01250,,25.4,,,-0.115,,,-8.63,,,
,,,1.089394 ???,,,4.573 ???,,,,,,,,,,,,,,EQP
,844,,1.09125,,,4.555,,,0.01300,,25.3,,,-0.128,,,-9.13,,,
,874,,1.10425,,,4.431,,,0.01300,,25.3,,,-0.124,,,-8.55,,,
,904,,1.11900,,,4.305,,,0.01475,,25.3,,,-0.126,,,-7.58,,,
,934,,1.13675,,,4.173,,,0.01775,,25.3,,,-0.132,,,-6.68,,,
,965,,1.15775,,,4.046,,,0.02100,,25.3,,,-0.127,,,-5.69,,,
,995,,1.18525,,,3.914,,,0.02750,,25.3,,,-0.132,,,-4.58,,,
,1025,,1.22075,,,3.783,,,0.03550,,25.3,,,-0.131,,,-3.51,,,
,1056,,1.26875,,,3.650,,,0.04800,,25.3,,,-0.133,,,-2.55,,,
,1086,,1.31875,,,3.542,,,0.05000,,25.3,,,-0.108,,,-1.94,,,
,1116,,1.36875,,,3.456,,,0.05000,,25.3,,,-0.086,,,-1.57,,,
,1146,,1.41875,,,3.383,,,0.05000,,25.3,,,-0.073,,,-1.32,,,
,1176,,1.46875,,,3.320,,,0.05000,,25.3,,,-0.063,,,-1.15,,,
,1207,,1.51875,,,3.266,,,0.05000,,25.3,,,-0.054,,,-1.02,,,
,1237,,1.56875,,,3.217,,,0.05000,,25.3,,,-0.049,,,-0.92,,,
,1267,,1.61875,,,3.173,,,0.05000,,25.3,,,-0.044,,,-0.83,,,
,1297,,1.66875,,,3.133,,,0.05000,,25.3,,,-0.040,,,-0.76,,,
,1328,,1.71875,,,3.096,,,0.05000,,25.3,,,-0.037,,,,,,
,1358,,1.76875,,,3.062,,,0.05000,,25.3,,,-0.034,,,,,,
,1388,,1.81875,,,3.031,,,0.05000,,25.3,,,-0.031,,,,,,
,1418,,1.86875,,,3.002,,,0.05000,,25.3,,,-0.029,,,,,,
,1449,,1.91875,,,2.975,,,0.05000,,25.3,,,-0.027,,,,,,
Measure (normal) [1],,,,,,,,"Scope 1/1, Sample 25/75",,,,,,,,,,,,
Measured Values,,,,,"Scope 1/1, Sample 25/75",,,,,,,,,,,,,,,
,Time,,,,,Meas. value,,,,,Temp.,,,,,dE,,,,
,[s],,,,,[pH],,,,,[°C],,,,,[pH],,,,
,1,,,,,4.685,,,,,23.7,,,,,,,,,
,2,,,,,5.013,,,,,23.9,,,,,0.328,,,,
,3,,,,,5.309,,,,,24.1,,,,,0.296,,,,
,4,,,,,5.551,,,,,24.3,,,,,0.242,,,,
,5,,,,,5.760,,,,,24.5,,,,,0.209,,,,
,6,,,,,5.949,,,,,24.7,,,,,0.189,,,,
,7,,,,,6.130,,,,,24.8,,,,,0.181,,,,
,8,,,,,6.303,,,,,24.9,,,,,0.173,,,,
,9,,,,,6.451,,,,,25.0,,,,,0.148,,,,
,10,,,,,6.606,,,,,25.1,,,,,0.155,,,,
,11,,,,,6.749,,,,,25.1,,,,,0.143,,,,
,12,,,,,6.885,,,,,25.2,,,,,0.136,,,,
,13,,,,,7.006,,,,,25.2,,,,,0.121,,,,
,14,,,,,7.113,,,,,25.2,,,,,0.107,,,,
,15,,,,,7.215,,,,,25.3,,,,,0.102,,,,
,16,,,,,7.296,,,,,25.3,,,,,0.081,,,,
,17,,,,,7.378,,,,,25.3,,,,,0.082,,,,
,18,,,,,7.454,,,,,25.3,,,,,0.076,,,,
,19,,,,,7.523,,,,,25.3,,,,,0.069,,,,
,20,,,,,7.585,,,,,25.3,,,,,0.062,,,,
,21,,,,,7.642,,,,,25.3,,,,,0.057,,,,
,22,,,,,7.692,,,,,25.3,,,,,0.050,,,,
,23,,,,,7.731,,,,,25.3,,,,,0.039,,,,
,24,,,,,7.772,,,,,25.3,,,,,0.041,,,,
,25,,,,,7.808,,,,,25.3,,,,,0.036,,,,
,26,,,,,7.839,,,,,25.3,,,,,0.031,,,,
,27,,,,,7.868,,,,,25.3,,,,,0.029,,,,
,28,,,,,7.894,,,,,25.3,,,,,0.026,,,,
,29,,,,,7.916,,,,,25.3,,,,,0.022,,,,
,30,,,,,7.937,,,,,25.3,,,,,0.021,,,,
,31,,,,,7.956,,,,,25.3,,,,,0.019,,,,
,32,,,,,7.973,,,,,25.3,,,,,0.017,,,,
,33,,,,,7.989,,,,,25.3,,,,,0.016,,,,
,34,,,,,8.003,,,,,25.3,,,,,0.014,,,,
,35,,,,,8.015,,,,,25.3,,,,,0.012,,,,
,36,,,,,8.025,,,,,25.3,,,,,0.010,,,,
,37,,,,,8.035,,,,,25.3,,,,,0.010,,,,
,38,,,,,8.044,,,,,25.3,,,,,0.009,,,,
,39,,,,,8.052,,,,,25.3,,,,,0.008,,,,
,40,,,,,8.059,,,,,25.3,,,,,0.007,,,,
,41,,,,,8.066,,,,,25.3,,,,,0.007,,,,
,42,,,,,8.071,,,,,25.3,,,,,0.005,,,,
,43,,,,,8.076,,,,,25.3,,,,,0.005,,,,
,44,,,,,8.080,,,,,25.3,,,,,0.004,,,,
,45,,,,,8.084,,,,,25.3,,,,,0.004,,,,
,46,,,,,8.087,,,,,25.3,,,,,0.003,,,,
,47,,,,,8.092,,,,,25.3,,,,,0.005,,,,
,48,,,,,8.095,,,,,25.3,,,,,0.003,,,,
,49,,,,,8.097,,,,,25.3,,,,,0.002,,,,
,50,,,,,8.099,,,,,25.3,,,,,0.002,,,,
,51,,,,,8.102,,,,,25.3,,,,,0.003,,,,
,52,,,,,8.104,,,,,25.3,,,,,0.002,,,,
,53,,,,,8.105,,,,,25.3,,,,,0.001,,,,
,54,,,,,8.107,,,,,25.3,,,,,0.002,,,,
,55,,,,,8.109,,,,,25.3,,,,,0.002,,,,
,56,,,,,8.110,,,,,25.3,,,,,0.001,,,,
,57,,,,,8.111,,,,,25.3,,,,,0.001,,,,
,58,,,,,8.112,,,,,25.3,,,,,0.001,,,,
,59,,,,,8.114,,,,,25.3,,,,,0.002,,,,
,60,,,,,8.114,,,,,25.3,,,,,0.000,,,,
Titration (EQP) [1],,,,,,,,"Scope 1/1, Sample 25/75",,,,,,,,,,,,
Measured Values,,,,,"Scope 1/1, Sample 25/75",,,,,,,,,,,,,,,
,Time,,V,,,Meas. value,,,dV,,Temp.,,,dE,,,dE/dV,,,EQP
,[s],,[mL],,,[pH],,,[mL],,[°C],,,[pH],,,[pH/mL],,,
,0,,0.00000,,,8.116,,,,,25.3,,,,,,,,,
,28,,0.08575,,,7.595,,,0.08575,,25.3,,,-0.521,,,,,,
,58,,0.12850,,,7.300,,,0.04275,,25.3,,,-0.295,,,,,,
,89,,0.15000,,,7.165,,,0.02150,,25.3,,,-0.135,,,,,,
,180,,0.17350,,,7.065,,,0.02350,,25.3,,,-0.100,,,,,,
,210,,0.22125,,,6.950,,,0.04775,,25.3,,,-0.115,,,-3.07,,,
,240,,0.27125,,,6.822,,,0.05000,,25.3,,,-0.128,,,-2.32,,,
,270,,0.32125,,,6.705,,,0.05000,,25.3,,,-0.117,,,-2.15,,,
,301,,0.37125,,,6.595,,,0.05000,,25.4,,,-0.110,,,-2.05,,,
,331,,0.42125,,,6.496,,,0.05000,,25.4,,,-0.099,,,-1.95,,,
,361,,0.47125,,,6.404,,,0.05000,,25.4,,,-0.092,,,-1.81,,,
,391,,0.52125,,,6.314,,,0.05000,,25.4,,,-0.090,,,-1.73,,,
,422,,0.57125,,,6.229,,,0.05000,,25.4,,,-0.085,,,-1.69,,,
,452,,0.62125,,,6.145,,,0.05000,,25.4,,,-0.084,,,-1.66,,,
,482,,0.67125,,,6.061,,,0.05000,,25.4,,,-0.084,,,-1.70,,,
,512,,0.72125,,,5.971,,,0.05000,,25.4,,,-0.090,,,-1.80,,,
,542,,0.77125,,,5.881,,,0.05000,,25.4,,,-0.090,,,-1.95,,,
,573,,0.82125,,,5.780,,,0.05000,,25.4,,,-0.101,,,-2.19,,,
,603,,0.87125,,,5.653,,,0.05000,,25.4,,,-0.127,,,-2.59,,,
,633,,0.92125,,,5.513,,,0.05000,,25.4,,,-0.140,,,-3.23,,,
,664,,0.96800,,,5.362,,,0.04675,,25.4,,,-0.151,,,-4.25,,,
,694,,1.00425,,,5.198,,,0.03625,,25.4,,,-0.164,,,-5.47,,,
,724,,1.02600,,,5.076,,,0.02175,,25.4,,,-0.122,,,-6.40,,,
,754,,1.04525,,,4.945,,,0.01925,,25.4,,,-0.131,,,-7.31,,,
,784,,1.06175,,,4.807,,,0.01650,,25.4,,,-0.138,,,-8.19,,,
,815,,1.07500,,,4.684,,,0.01325,,25.4,,,-0.123,,,-9.00,,,
,,,1.084572 ???,,,4.585 ???,,,,,,,,,,,,,,EQP
,845,,1.08800,,,4.550,,,0.01300,,25.4,,,-0.134,,,-9.23,,,
,875,,1.10000,,,4.432,,,0.01200,,25.4,,,-0.118,,,-8.56,,,
,905,,1.11450,,,4.314,,,0.01450,,25.4,,,-0.118,,,-7.66,,,
,936,,1.13450,,,4.165,,,0.02000,,25.3,,,-0.149,,,-6.64,,,
,966,,1.15450,,,4.043,,,0.02000,,25.3,,,-0.122,,,-5.69,,,
,996,,1.18200,,,3.910,,,0.02750,,25.3,,,-0.133,,,-4.57,,,
,1026,,1.21750,,,3.780,,,0.03550,,25.3,,,-0.130,,,-3.51,,,
,1057,,1.26650,,,3.644,,,0.04900,,25.3,,,-0.136,,,-2.53,,,
,1087,,1.31650,,,3.538,,,0.05000,,25.3,,,-0.106,,,-1.93,,,
,1117,,1.36650,,,3.452,,,0.05000,,25.3,,,-0.086,,,-1.56,,,
,1147,,1.41650,,,3.379,,,0.05000,,25.3,,,-0.073,,,-1.32,,,
,1178,,1.46650,,,3.317,,,0.05000,,25.3,,,-0.062,,,-1.14,,,
,1208,,1.51650,,,3.262,,,0.05000,,25.3,,,-0.055,,,-1.02,,,
,1238,,1.56650,,,3.214,,,0.05000,,25.3,,,-0.048,,,-0.91,,,
,1268,,1.61650,,,3.170,,,0.05000,,25.3,,,-0.044,,,-0.83,,,
,1298,,1.66650,,,3.131,,,0.05000,,25.3,,,-0.039,,,-0.75,,,
,1329,,1.71650,,,3.094,,,0.05000,,25.3,,,-0.037,,,,,,
,1359,,1.76650,,,3.061,,,0.05000,,25.3,,,-0.033,,,,,,
,1389,,1.81650,,,3.030,,,0.05000,,25.3,,,-0.031,,,,,,
,1420,,1.86650,,,3.001,,,0.05000,,25.3,,,-0.029,,,,,,
,1450,,1.91650,,,2.974,,,0.05000,,25.3,,,-0.027,,,,,,
Measure (normal) [1],,,,,,,,"Scope 1/1, Sample 26/75",,,,,,,,,,,,
Measured Values,,,,,"Scope 1/1, Sample 26/75",,,,,,,,,,,,,,,
,Time,,,,,Meas. value,,,,,Temp.,,,,,dE,,,,
,[s],,,,,[pH],,,,,[°C],,,,,[pH],,,,
,1,,,,,4.660,,,,,23.6,,,,,,,,,
,2,,,,,4.975,,,,,23.8,,,,,0.315,,,,
,3,,,,,5.278,,,,,24.0,,,,,0.303,,,,
,4,,,,,5.520,,,,,24.3,,,,,0.242,,,,
,5,,,,,5.726,,,,,24.5,,,,,0.206,,,,
,6,,,,,5.917,,,,,24.7,,,,,0.191,,,,
,7,,,,,6.100,,,,,24.9,,,,,0.183,,,,
,8,,,,,6.255,,,,,25.0,,,,,0.155,,,,
,9,,,,,6.416,,,,,25.1,,,,,0.161,,,,
,10,,,,,6.570,,,,,25.2,,,,,0.154,,,,
,11,,,,,6.714,,,,,25.2,,,,,0.144,,,,
,12,,,,,6.847,,,,,25.3,,,,,0.133,,,,
,13,,,,,6.972,,,,,25.3,,,,,0.125,,,,
,14,,,,,7.082,,,,,25.3,,,,,0.110,,,,
,15,,,,,7.179,,,,,25.3,,,,,0.097,,,,
,16,,,,,7.275,,,,,25.4,,,,,0.096,,,,
,17,,,,,7.361,,,,,25.4,,,,,0.086,,,,
,18,,,,,7.439,,,,,25.4,,,,,0.078,,,,
,19,,,,,7.509,,,,,25.4,,,,,0.070,,,,
,20,,,,,7.573,,,,,25.4,,,,,0.064,,,,
,21,,,,,7.631,,,,,25.4,,,,,0.058,,,,
,22,,,,,7.678,,,,,25.4,,,,,0.047,,,,
,23,,,,,7.724,,,,,25.4,,,,,0.046,,,,
,24,,,,,7.765,,,,,25.4,,,,,0.041,,,,
,25,,,,,7.803,,,,,25.4,,,,,0.038,,,,
,26,,,,,7.837,,,,,25.4,,,,,0.034,,,,
,27,,,,,7.867,,,,,25.4,,,,,0.030,,,,
,28,,,,,7.894,,,,,25.4,,,,,0.027,,,,
,29,,,,,7.915,,,,,25.4,,,,,0.021,,,,
,30,,,,,7.937,,,,,25.4,,,,,0.022,,,,
,31,,,,,7.956,,,,,25.4,,,,,0.019,,,,
,32,,,,,7.973,,,,,25.4,,,,,0.017,,,,
,33,,,,,7.989,,,,,25.4,,,,,0.016,,,,
,34,,,,,8.003,,,,,25.4,,,,,0.014,,,,
,35,,,,,8.015,,,,,25.4,,,,,0.012,,,,
,36,,,,,8.026,,,,,25.4,,,,,0.011,,,,
,37,,,,,8.037,,,,,25.4,,,,,0.011,,,,
,38,,,,,8.046,,,,,25.4,,,,,0.009,,,,
,39,,,,,8.055,,,,,25.4,,,,,0.009,,,,
,40,,,,,8.062,,,,,25.4,,,,,0.007,,,,
,41,,,,,8.069,,,,,25.4,,,,,0.007,,,,
,42,,,,,8.075,,,,,25.4,,,,,0.006,,,,
,43,,,,,8.079,,,,,25.4,,,,,0.004,,,,
,44,,,,,8.084,,,,,25.4,,,,,0.005,,,,
,45,,,,,8.089,,,,,25.4,,,,,0.005,,,,
,46,,,,,8.092,,,,,25.4,,,,,0.003,,,,
,47,,,,,8.096,,,,,25.4,,,,,0.004,,,,
,48,,,,,8.099,,,,,25.4,,,,,0.003,,,,
,49,,,,,8.102,,,,,25.4,,,,,0.003,,,,
,50,,,,,8.104,,,,,25.4,,,,,0.002,,,,
,51,,,,,8.107,,,,,25.4,,,,,0.003,,,,
,52,,,,,8.109,,,,,25.4,,,,,0.002,,,,
,53,,,,,8.111,,,,,25.4,,,,,0.002,,,,
,54,,,,,8.113,,,,,25.4,,,,,0.002,,,,
,55,,,,,8.114,,,,,25.4,,,,,0.001,,,,
,56,,,,,8.115,,,,,25.4,,,,,0.001,,,,
,57,,,,,8.117,,,,,25.4,,,,,0.002,,,,
,58,,,,,8.118,,,,,25.4,,,,,0.001,,,,
,59,,,,,8.119,,,,,25.4,,,,,0.001,,,,
,60,,,,,8.120,,,,,25.4,,,,,0.001,,,,
Titration (EQP) [1],,,,,,,,"Scope 1/1, Sample 26/75",,,,,,,,,,,,
Measured Values,,,,,"Scope 1/1, Sample 26/75",,,,,,,,,,,,,,,
,Time,,V,,,Meas. value,,,dV,,Temp.,,,dE,,,dE/dV,,,EQP
,[s],,[mL],,,[pH],,,[mL],,[°C],,,[pH],,,[pH/mL],,,
,0,,0.00000,,,8.121,,,,,25.4,,,,,,,,,
,28,,0.08575,,,7.583,,,0.08575,,25.4,,,-0.538,,,,,,
,59,,0.12850,,,7.287,,,0.04275,,25.4,,,-0.296,,,,,,
,89,,0.15000,,,7.149,,,0.02150,,25.4,,,-0.138,,,,,,
,180,,0.17300,,,7.047,,,0.02300,,25.4,,,-0.102,,,,,,
,210,,0.21725,,,6.940,,,0.04425,,25.4,,,-0.107,,,-3.14,,,
,240,,0.26725,,,6.812,,,0.05000,,25.4,,,-0.128,,,-2.36,,,
,270,,0.31725,,,6.694,,,0.05000,,25.4,,,-0.118,,,-2.18,,,
,301,,0.36725,,,6.584,,,0.05000,,25.4,,,-0.110,,,-2.10,,,
,331,,0.41725,,,6.482,,,0.05000,,25.4,,,-0.102,,,-2.01,,,
,361,,0.46725,,,6.385,,,0.05000,,25.4,,,-0.097,,,-1.87,,,
,391,,0.51725,,,6.292,,,0.05000,,25.4,,,-0.093,,,-1.80,,,
,422,,0.56725,,,6.204,,,0.05000,,25.4,,,-0.088,,,-1.75,,,
,452,,0.61725,,,6.118,,,0.05000,,25.4,,,-0.086,,,-1.74,,,
,482,,0.66725,,,6.031,,,0.05000,,25.4,,,-0.087,,,-1.77,,,
,512,,0.71725,,,5.935,,,0.05000,,25.4,,,-0.096,,,-1.88,,,
,543,,0.76725,,,5.839,,,0.05000,,25.4,,,-0.096,,,-2.07,,,
,573,,0.81725,,,5.728,,,0.05000,,25.4,,,-0.111,,,-2.40,,,
,603,,0.86725,,,5.597,,,0.05000,,25.4,,,-0.131,,,-2.95,,,
,633,,0.91725,,,5.438,,,0.05000,,25.4,,,-0.159,,,-3.91,,,
,664,,0.95400,,,5.288,,,0.03675,,25.4,,,-0.150,,,-5.03,,,
,694,,0.97975,,,5.156,,,0.02575,,25.4,,,-0.132,,,-6.07,,,
,724,,1.00075,,,5.022,,,0.02100,,25.4,,,-0.134,,,-7.09,,,
,754,,1.01800,,,4.888,,,0.01725,,25.4,,,-0.134,,,-7.99,,,
,784,,1.03250,,,4.756,,,0.01450,,25.4,,,-0.132,,,-8.93,,,
,815,,1.04500,,,4.631,,,0.01250,,25.4,,,-0.125,,,-9.67,,,
,,,1.046647 ???,,,4.614 ???,,,,,,,,,,,,,,EQP
,845,,1.05750,,,4.501,,,0.01250,,25.4,,,-0.130,,,-9.47,,,
,875,,1.07000,,,4.377,,,0.01250,,25.4,,,-0.124,,,-8.55,,,
,906,,1.08450,,,4.253,,,0.01450,,25.4,,,-0.124,,,-7.61,,,
,936,,1.10275,,,4.122,,,0.01825,,25.4,,,-0.131,,,-6.62,,,
,966,,1.12550,,,3.991,,,0.02275,,25.4,,,-0.131,,,-5.49,,,
,996,,1.15475,,,3.860,,,0.02925,,25.4,,,-0.131,,,-4.32,,,
,1026,,1.19375,,,3.727,,,0.03900,,25.4,,,-0.133,,,-3.23,,,
,1057,,1.24375,,,3.599,,,0.05000,,25.4,,,-0.128,,,-2.34,,,
,1087,,1.29375,,,3.499,,,0.05000,,25.4,,,-0.100,,,-1.81,,,
,1117,,1.34375,,,3.417,,,0.05000,,25.4,,,-0.082,,,-1.48,,,
,1147,,1.39375,,,3.348,,,0.05000,,25.4,,,-0.069,,,-1.26,,,
,1178,,1.44375,,,3.289,,,0.05000,,25.4,,,-0.059,,,-1.10,,,
,1208,,1.49375,,,3.236,,,0.05000,,25.4,,,-0.053,,,-0.98,,,
,1238,,1.54375,,,3.189,,,0.05000,,25.4,,,-0.047,,,-0.89,,,
,1268,,1.59375,,,3.147,,,0.05000,,25.4,,,-0.042,,,-0.80,,,
,1299,,1.64375,,,3.108,,,0.05000,,25.4,,,-0.039,,,,,,
,1329,,1.69375,,,3.073,,,0.05000,,25.4,,,-0.035,,,,,,
,1359,,1.74375,,,3.040,,,0.05000,,25.4,,,-0.033,,,,,,
,1389,,1.79375,,,3.010,,,0.05000,,25.4,,,-0.030,,,,,,
,1420,,1.84375,,,2.981,,,0.05000,,25.4,,,-0.029,,,,,,
Measure (normal) [1],,,,,,,,"Scope 1/1, Sample 27/75",,,,,,,,,,,,
Measured Values,,,,,"Scope 1/1, Sample 27/75",,,,,,,,,,,,,,,
,Time,,,,,Meas. value,,,,,Temp.,,,,,dE,,,,
,[s],,,,,[pH],,,,,[°C],,,,,[pH],,,,
,1,,,,,4.654,,,,,23.8,,,,,,,,,
,2,,,,,4.929,,,,,23.9,,,,,0.275,,,,
,3,,,,,5.195,,,,,24.2,,,,,0.266,,,,
,4,,,,,5.391,,,,,24.4,,,,,0.196,,,,
,5,,,,,5.544,,,,,24.6,,,,,0.153,,,,
,6,,,,,5.671,,,,,24.8,,,,,0.127,,,,
,7,,,,,5.781,,,,,24.9,,,,,0.110,,,,
,8,,,,,5.870,,,,,25.0,,,,,0.089,,,,
,9,,,,,5.961,,,,,25.1,,,,,0.091,,,,
,10,,,,,6.046,,,,,25.2,,,,,0.085,,,,
,11,,,,,6.125,,,,,25.2,,,,,0.079,,,,
,12,,,,,6.198,,,,,25.3,,,,,0.073,,,,
,13,,,,,6.268,,,,,25.3,,,,,0.070,,,,
,14,,,,,6.335,,,,,25.3,,,,,0.067,,,,
,15,,,,,6.393,,,,,25.4,,,,,0.058,,,,
,16,,,,,6.454,,,,,25.4,,,,,0.061,,,,
,17,,,,,6.510,,,,,25.4,,,,,0.056,,,,
,18,,,,,6.565,,,,,25.4,,,,,0.055,,,,
,19,,,,,6.617,,,,,25.4,,,,,0.052,,,,
,20,,,,,6.668,,,,,25.4,,,,,0.051,,,,
,21,,,,,6.717,,,,,25.4,,,,,0.049,,,,
,22,,,,,6.759,,,,,25.4,,,,,0.042,,,,
,23,,,,,6.801,,,,,25.4,,,,,0.042,,,,
,24,,,,,6.842,,,,,25.4,,,,,0.041,,,,
,25,,,,,6.883,,,,,25.4,,,,,0.041,,,,
,26,,,,,6.922,,,,,25.4,,,,,0.039,,,,
,27,,,,,6.958,,,,,25.4,,,,,0.036,,,,
,28,,,,,6.990,,,,,25.4,,,,,0.032,,,,
,29,,,,,7.020,,,,,25.4,,,,,0.030,,,,
,30,,,,,7.052,,,,,25.4,,,,,0.032,,,,
,31,,,,,7.078,,,,,25.4,,,,,0.026,,,,
,32,,,,,7.103,,,,,25.4,,,,,0.025,,,,
,33,,,,,7.135,,,,,25.4,,,,,0.032,,,,
,34,,,,,7.162,,,,,25.4,,,,,0.027,,,,
,35,,,,,7.187,,,,,25.4,,,,,0.025,,,,
,36,,,,,7.208,,,,,25.4,,,,,0.021,,,,
,37,,,,,7.230,,,,,25.4,,,,,0.022,,,,
,38,,,,,7.251,,,,,25.4,,,,,0.021,,,,
,39,,,,,7.270,,,,,25.4,,,,,0.019,,,,
,40,,,,,7.289,,,,,25.4,,,,,0.019,,,,
,41,,,,,7.307,,,,,25.4,,,,,0.018,,,,
,42,,,,,7.324,,,,,25.4,,,,,0.017,,,,
,43,,,,,7.337,,,,,25.4,,,,,0.013,,,,
,44,,,,,7.353,,,,,25.4,,,,,0.016,,,,
,45,,,,,7.367,,,,,25.4,,,,,0.014,,,,
,46,,,,,7.381,,,,,25.4,,,,,0.014,,,,
,47,,,,,7.394,,,,,25.4,,,,,0.013,,,,
,48,,,,,7.406,,,,,25.4,,,,,0.012,,,,
,49,,,,,7.417,,,,,25.4,,,,,0.011,,,,
,50,,,,,7.427,,,,,25.4,,,,,0.010,,,,
,51,,,,,7.437,,,,,25.4,,,,,0.010,,,,
,52,,,,,7.447,,,,,25.4,,,,,0.010,,,,
,53,,,,,7.457,,,,,25.4,,,,,0.010,,,,
,54,,,,,7.466,,,,,25.4,,,,,0.009,,,,
,55,,,,,7.474,,,,,25.4,,,,,0.008,,,,
,56,,,,,7.482,,,,,25.4,,,,,0.008,,,,
,57,,,,,7.489,,,,,25.4,,,,,0.007,,,,
,58,,,,,7.496,,,,,25.4,,,,,0.007,,,,
,59,,,,,7.503,,,,,25.4,,,,,0.007,,,,
,60,,,,,7.509,,,,,25.4,,,,,0.006,,,,
Titration (EQP) [1],,,,,,,,"Scope 1/1, Sample 27/75",,,,,,,,,,,,
Measured Values,,,,,"Scope 1/1, Sample 27/75",,,,,,,,,,,,,,,
,Time,,V,,,Meas. value,,,dV,,Temp.,,,dE,,,dE/dV,,,EQP
,[s],,[mL],,,[pH],,,[mL],,[°C],,,[pH],,,[pH/mL],,,
,0,,0.00000,,,7.524,,,,,25.4,,,,,,,,,
,28,,0.08575,,,7.247,,,0.08575,,25.4,,,-0.277,,,,,,
,58,,0.12850,,,7.062,,,0.04275,,25.4,,,-0.185,,,,,,
,88,,0.15000,,,6.968,,,0.02150,,25.4,,,-0.094,,,,,,
,179,,0.18000,,,6.885,,,0.03000,,25.4,,,-0.083,,,,,,
,209,,0.23000,,,6.789,,,0.05000,,25.4,,,-0.096,,,-2.30,,,
,239,,0.28000,,,6.690,,,0.05000,,25.4,,,-0.099,,,-1.88,,,
,269,,0.33000,,,6.593,,,0.05000,,25.4,,,-0.097,,,-1.81,,,
,300,,0.38000,,,6.500,,,0.05000,,25.4,,,-0.093,,,-1.77,,,
,330,,0.43000,,,6.414,,,0.05000,,25.4,,,-0.086,,,-1.71,,,
,360,,0.48000,,,6.332,,,0.05000,,25.4,,,-0.082,,,-1.62,,,
,390,,0.53000,,,6.250,,,0.05000,,25.4,,,-0.082,,,-1.57,,,
,421,,0.58000,,,6.175,,,0.05000,,25.4,,,-0.075,,,-1.55,,,
,451,,0.63000,,,6.096,,,0.05000,,25.4,,,-0.079,,,-1.57,,,
,481,,0.68000,,,6.017,,,0.05000,,25.4,,,-0.079,,,-1.61,,,
,511,,0.73000,,,5.933,,,0.05000,,25.4,,,-0.084,,,-1.69,,,
,542,,0.78000,,,5.843,,,0.05000,,25.4,,,-0.090,,,-1.85,,,
,572,,0.83000,,,5.745,,,0.05000,,25.4,,,-0.098,,,-2.09,,,
,602,,0.88000,,,5.633,,,0.05000,,25.4,,,-0.112,,,-2.48,,,
,632,,0.93000,,,5.499,,,0.05000,,25.4,,,-0.134,,,-3.14,,,
,663,,0.98000,,,5.327,,,0.05000,,25.4,,,-0.172,,,-4.24,,,
,693,,1.01100,,,5.192,,,0.03100,,25.4,,,-0.135,,,-5.24,,,
,723,,1.03575,,,5.058,,,0.02475,,25.4,,,-0.134,,,-6.22,,,
,753,,1.05600,,,4.921,,,0.02025,,25.4,,,-0.137,,,-7.08,,,
,784,,1.07200,,,4.795,,,0.01600,,25.4,,,-0.126,,,-7.84,,,
,814,,1.08650,,,4.661,,,0.01450,,25.4,,,-0.134,,,-8.71,,,
,,,1.095948 ???,,,4.574 ???,,,,,,,,,,,,,,EQP
,844,,1.09925,,,4.543,,,0.01275,,25.4,,,-0.118,,,-8.87,,,
,874,,1.11375,,,4.408,,,0.01450,,25.4,,,-0.135,,,-8.18,,,
,904,,1.12850,,,4.287,,,0.01475,,25.4,,,-0.121,,,-7.29,,,
,935,,1.14700,,,4.156,,,0.01850,,25.4,,,-0.131,,,-6.40,,,
,965,,1.16925,,,4.026,,,0.02225,,25.4,,,-0.130,,,-5.41,,,
,995,,1.19775,,,3.897,,,0.02850,,25.4,,,-0.129,,,-4.35,,,
,1026,,1.23600,,,3.765,,,0.03825,,25.4,,,-0.132,,,-3.29,,,
,1056,,1.28600,,,3.633,,,0.05000,,25.4,,,-0.132,,,-2.39,,,
,1086,,1.33600,,,3.532,,,0.05000,,25.4,,,-0.101,,,-1.84,,,
,1116,,1.38600,,,3.448,,,0.05000,,25.4,,,-0.084,,,-1.50,,,
,1146,,1.43600,,,3.379,,,0.05000,,25.4,,,-0.069,,,-1.27,,,
,1177,,1.48600,,,3.318,,,0.05000,,25.4,,,-0.061,,,-1.11,,,
,1207,,1.53600,,,3.265,,,0.05000,,25.4,,,-0.053,,,-0.99,,,
,1237,,1.58600,,,3.218,,,0.05000,,25.4,,,-0.047,,,-0.89,,,
,1267,,1.63600,,,3.175,,,0.05000,,25.4,,,-0.043,,,-0.81,,,
,1298,,1.68600,,,3.136,,,0.05000,,25.4,,,-0.039,,,-0.74,,,
,1328,,1.73600,,,3.100,,,0.05000,,25.4,,,-0.036,,,,,,
,1358,,1.78600,,,3.067,,,0.05000,,25.4,,,-0.033,,,,,,
,1388,,1.83600,,,3.037,,,0.05000,,25.4,,,-0.030,,,,,,
,1419,,1.88600,,,3.008,,,0.05000,,25.4,,,-0.029,,,,,,
,1449,,1.93600,,,2.982,,,0.05000,,25.4,,,-0.026,,,,,,
Measure (normal) [1],,,,,,,,"Scope 1/1, Sample 28/75",,,,,,,,,,,,
Measured Values,,,,,"Scope 1/1, Sample 28/75",,,,,,,,,,,,,,,
,Time,,,,,Meas. value,,,,,Temp.,,,,,dE,,,,
,[s],,,,,[pH],,,,,[°C],,,,,[pH],,,,
,1,,,,,4.685,,,,,23.8,,,,,,,,,
,2,,,,,4.951,,,,,23.9,,,,,0.266,,,,
,3,,,,,5.213,,,,,24.1,,,,,0.262,,,,
,4,,,,,5.405,,,,,24.4,,,,,0.192,,,,
,5,,,,,5.556,,,,,24.6,,,,,0.151,,,,
,6,,,,,5.680,,,,,24.8,,,,,0.124,,,,
,7,,,,,5.788,,,,,24.9,,,,,0.108,,,,
,8,,,,,5.887,,,,,25.0,,,,,0.099,,,,
,9,,,,,5.969,,,,,25.1,,,,,0.082,,,,
,10,,,,,6.053,,,,,25.2,,,,,0.084,,,,
,11,,,,,6.133,,,,,25.2,,,,,0.080,,,,
,12,,,,,6.207,,,,,25.3,,,,,0.074,,,,
,13,,,,,6.276,,,,,25.3,,,,,0.069,,,,
,14,,,,,6.342,,,,,25.3,,,,,0.066,,,,
,15,,,,,6.405,,,,,25.4,,,,,0.063,,,,
,16,,,,,6.460,,,,,25.4,,,,,0.055,,,,
,17,,,,,6.520,,,,,25.4,,,,,0.060,,,,
,18,,,,,6.575,,,,,25.4,,,,,0.055,,,,
,19,,,,,6.627,,,,,25.4,,,,,0.052,,,,
,20,,,,,6.678,,,,,25.4,,,,,0.051,,,,
,21,,,,,6.727,,,,,25.4,,,,,0.049,,,,
,22,,,,,6.773,,,,,25.4,,,,,0.046,,,,
,23,,,,,6.811,,,,,25.4,,,,,0.038,,,,
,24,,,,,6.854,,,,,25.4,,,,,0.043,,,,
,25,,,,,6.895,,,,,25.4,,,,,0.041,,,,
,26,,,,,6.937,,,,,25.4,,,,,0.042,,,,
,27,,,,,6.970,,,,,25.4,,,,,0.033,,,,
,28,,,,,7.004,,,,,25.4,,,,,0.034,,,,
,29,,,,,7.037,,,,,25.4,,,,,0.033,,,,
,30,,,,,7.065,,,,,25.4,,,,,0.028,,,,
,31,,,,,7.087,,,,,25.4,,,,,0.022,,,,
,32,,,,,7.120,,,,,25.4,,,,,0.033,,,,
,33,,,,,7.149,,,,,25.4,,,,,0.029,,,,
,34,,,,,7.176,,,,,25.4,,,,,0.027,,,,
,35,,,,,7.201,,,,,25.4,,,,,0.025,,,,
,36,,,,,7.225,,,,,25.4,,,,,0.024,,,,
,37,,,,,7.244,,,,,25.4,,,,,0.019,,,,
,38,,,,,7.264,,,,,25.4,,,,,0.020,,,,
,39,,,,,7.284,,,,,25.4,,,,,0.020,,,,
,40,,,,,7.303,,,,,25.4,,,,,0.019,,,,
,41,,,,,7.321,,,,,25.4,,,,,0.018,,,,
,42,,,,,7.337,,,,,25.4,,,,,0.016,,,,
,43,,,,,7.351,,,,,25.4,,,,,0.014,,,,
,44,,,,,7.366,,,,,25.4,,,,,0.015,,,,
,45,,,,,7.380,,,,,25.4,,,,,0.014,,,,
,46,,,,,7.394,,,,,25.4,,,,,0.014,,,,
,47,,,,,7.407,,,,,25.4,,,,,0.013,,,,
,48,,,,,7.418,,,,,25.4,,,,,0.011,,,,
,49,,,,,7.430,,,,,25.4,,,,,0.012,,,,
,50,,,,,7.440,,,,,25.4,,,,,0.010,,,,
,51,,,,,7.449,,,,,25.4,,,,,0.009,,,,
,52,,,,,7.459,,,,,25.4,,,,,0.010,,,,
,53,,,,,7.468,,,,,25.4,,,,,0.009,,,,
,54,,,,,7.476,,,,,25.4,,,,,0.008,,,,
,55,,,,,7.485,,,,,25.4,,,,,0.009,,,,
,56,,,,,7.492,,,,,25.4,,,,,0.007,,,,
,57,,,,,7.498,,,,,25.4,,,,,0.006,,,,
,58,,,,,7.505,,,,,25.4,,,,,0.007,,,,
,59,,,,,7.512,,,,,25.4,,,,,0.007,,,,
,60,,,,,7.518,,,,,25.4,,,,,0.006,,,,
Titration (EQP) [1],,,,,,,,"Scope 1/1, Sample 28/75",,,,,,,,,,,,
Measured Values,,,,,"Scope 1/1, Sample 28/75",,,,,,,,,,,,,,,
,Time,,V,,,Meas. value,,,dV,,Temp.,,,dE,,,dE/dV,,,EQP
,[s],,[mL],,,[pH],,,[mL],,[°C],,,[pH],,,[pH/mL],,,
,0,,0.00000,,,7.531,,,,,25.4,,,,,,,,,
,28,,0.08575,,,7.244,,,0.08575,,25.4,,,-0.287,,,,,,
,58,,0.12850,,,7.055,,,0.04275,,25.4,,,-0.189,,,,,,
,88,,0.15000,,,6.962,,,0.02150,,25.4,,,-0.093,,,,,,
,179,,0.18325,,,6.875,,,0.03325,,25.5,,,-0.087,,,,,,
,209,,0.23325,,,6.775,,,0.05000,,25.5,,,-0.100,,,-2.29,,,
,239,,0.28325,,,6.675,,,0.05000,,25.5,,,-0.100,,,-1.89,,,
,269,,0.33325,,,6.578,,,0.05000,,25.5,,,-0.097,,,-1.83,,,
,300,,0.38325,,,6.486,,,0.05000,,25.5,,,-0.092,,,-1.78,,,
,330,,0.43325,,,6.398,,,0.05000,,25.4,,,-0.088,,,-1.71,,,
,360,,0.48325,,,6.314,,,0.05000,,25.4,,,-0.084,,,-1.62,,,
,390,,0.53325,,,6.235,,,0.05000,,25.4,,,-0.079,,,-1.57,,,
,421,,0.58325,,,6.158,,,0.05000,,25.4,,,-0.077,,,-1.55,,,
,451,,0.63325,,,6.081,,,0.05000,,25.4,,,-0.077,,,-1.58,,,
,481,,0.68325,,,5.999,,,0.05000,,25.5,,,-0.082,,,-1.64,,,
,511,,0.73325,,,5.913,,,0.05000,,25.5,,,-0.086,,,-1.74,,,
,542,,0.78325,,,5.821,,,0.05000,,25.5,,,-0.092,,,-1.91,,,
,572,,0.83325,,,5.720,,,0.05000,,25.4,,,-0.101,,,-2.18,,,
,602,,0.88325,,,5.602,,,0.05000,,25.4,,,-0.118,,,-2.61,,,
,632,,0.93325,,,5.462,,,0.05000,,25.4,,,-0.140,,,-3.36,,,
,662,,0.98100,,,5.286,,,0.04775,,25.5,,,-0.176,,,-4.54,,,
,693,,1.00850,,,5.160,,,0.02750,,25.5,,,-0.126,,,-5.47,,,
,723,,1.03250,,,5.022,,,0.02400,,25.5,,,-0.138,,,-6.45,,,
,753,,1.05125,,,4.890,,,0.01875,,25.5,,,-0.132,,,-7.26,,,
,784,,1.06725,,,4.756,,,0.01600,,25.5,,,-0.134,,,-8.05,,,
,814,,1.08075,,,4.633,,,0.01350,,25.5,,,-0.123,,,-8.83,,,
,,,1.083594 ???,,,4.606 ???,,,,,,,,,,,,,,EQP
,844,,1.09425,,,4.506,,,0.01350,,25.5,,,-0.127,,,-8.72,,,
,874,,1.10850,,,4.379,,,0.01425,,25.5,,,-0.127,,,-7.89,,,
,904,,1.12450,,,4.250,,,0.01600,,25.5,,,-0.129,,,-7.01,,,
,935,,1.14300,,,4.127,,,0.01850,,25.5,,,-0.123,,,-6.16,,,
,965,,1.16775,,,3.992,,,0.02475,,25.5,,,-0.135,,,-5.10,,,
,995,,1.19800,,,3.865,,,0.03025,,25.5,,,-0.127,,,-4.05,,,
,1025,,1.24000,,,3.730,,,0.04200,,25.5,,,-0.135,,,-3.02,,,
,1056,,1.29000,,,3.607,,,0.05000,,25.4,,,-0.123,,,-2.23,,,
,1086,,1.34000,,,3.511,,,0.05000,,25.5,,,-0.096,,,-1.74,,,
,1116,,1.39000,,,3.431,,,0.05000,,25.5,,,-0.080,,,-1.44,,,
,1146,,1.44000,,,3.364,,,0.05000,,25.5,,,-0.067,,,-1.23,,,
,1177,,1.49000,,,3.306,,,0.05000,,25.5,,,-0.058,,,-1.08,,,
,1207,,1.54000,,,3.254,,,0.05000,,25.5,,,-0.052,,,-0.97,,,
,1237,,1.59000,,,3.208,,,0.05000,,25.5,,,-0.046,,,-0.87,,,
,1267,,1.64000,,,3.166,,,0.05000,,25.5,,,-0.042,,,-0.79,,,
,1298,,1.69000,,,3.128,,,0.05000,,25.4,,,-0.038,,,-0.73,,,
,1328,,1.74000,,,3.093,,,0.05000,,25.4,,,-0.035,,,,,,
,1358,,1.79000,,,3.061,,,0.05000,,25.4,,,-0.032,,,,,,
,1388,,1.84000,,,3.031,,,0.05000,,25.4,,,-0.030,,,,,,
,1418,,1.89000,,,3.002,,,0.05000,,25.4,,,-0.029,,,,,,
,1449,,1.94000,,,2.976,,,0.05000,,25.4,,,-0.026,,,,,,
Measure (normal) [1],,,,,,,,"Scope 1/1, Sample 29/75",,,,,,,,,,,,
Measured Values,,,,,"Scope 1/1, Sample 29/75",,,,,,,,,,,,,,,
,Time,,,,,Meas. value,,,,,Temp.,,,,,dE,,,,
,[s],,,,,[pH],,,,,[°C],,,,,[pH],,,,
,1,,,,,4.767,,,,,22.9,,,,,,,,,
,2,,,,,4.995,,,,,23.2,,,,,0.228,,,,
,3,,,,,5.229,,,,,23.5,,,,,0.234,,,,
,4,,,,,5.410,,,,,23.9,,,,,0.181,,,,
,5,,,,,5.554,,,,,24.2,,,,,0.144,,,,
,6,,,,,5.675,,,,,24.4,,,,,0.121,,,,
,7,,,,,5.780,,,,,24.6,,,,,0.105,,,,
,8,,,,,5.865,,,,,24.8,,,,,0.085,,,,
,9,,,,,5.952,,,,,24.9,,,,,0.087,,,,
,10,,,,,6.030,,,,,25.0,,,,,0.078,,,,
,11,,,,,6.103,,,,,25.1,,,,,0.073,,,,
,12,,,,,6.170,,,,,25.2,,,,,0.067,,,,
,13,,,,,6.237,,,,,25.2,,,,,0.067,,,,
,14,,,,,6.300,,,,,25.3,,,,,0.063,,,,
,15,,,,,6.354,,,,,25.3,,,,,0.054,,,,
,16,,,,,6.411,,,,,25.3,,,,,0.057,,,,
,17,,,,,6.464,,,,,25.3,,,,,0.053,,,,
,18,,,,,6.516,,,,,25.3,,,,,0.052,,,,
,19,,,,,6.566,,,,,25.4,,,,,0.050,,,,
,20,,,,,6.613,,,,,25.4,,,,,0.047,,,,
,21,,,,,6.658,,,,,25.4,,,,,0.045,,,,
,22,,,,,6.698,,,,,25.4,,,,,0.040,,,,
,23,,,,,6.740,,,,,25.4,,,,,0.042,,,,
,24,,,,,6.780,,,,,25.4,,,,,0.040,,,,
,25,,,,,6.818,,,,,25.4,,,,,0.038,,,,
,26,,,,,6.855,,,,,25.4,,,,,0.037,,,,
,27,,,,,6.891,,,,,25.4,,,,,0.036,,,,
,28,,,,,6.927,,,,,25.4,,,,,0.036,,,,
,29,,,,,6.956,,,,,25.4,,,,,0.029,,,,
,30,,,,,6.984,,,,,25.4,,,,,0.028,,,,
,31,,,,,7.014,,,,,25.4,,,,,0.030,,,,
,32,,,,,7.041,,,,,25.4,,,,,0.027,,,,
,33,,,,,7.068,,,,,25.4,,,,,0.027,,,,
,34,,,,,7.085,,,,,25.4,,,,,0.017,,,,
,35,,,,,7.113,,,,,25.4,,,,,0.028,,,,
,36,,,,,7.137,,,,,25.4,,,,,0.024,,,,
,37,,,,,7.160,,,,,25.4,,,,,0.023,,,,
,38,,,,,7.182,,,,,25.4,,,,,0.022,,,,
,39,,,,,7.202,,,,,25.4,,,,,0.020,,,,
,40,,,,,7.222,,,,,25.4,,,,,0.020,,,,
,41,,,,,7.239,,,,,25.4,,,,,0.017,,,,
,42,,,,,7.255,,,,,25.4,,,,,0.016,,,,
,43,,,,,7.269,,,,,25.4,,,,,0.014,,,,
,44,,,,,7.285,,,,,25.4,,,,,0.016,,,,
,45,,,,,7.301,,,,,25.4,,,,,0.016,,,,
,46,,,,,7.315,,,,,25.4,,,,,0.014,,,,
,47,,,,,7.328,,,,,25.4,,,,,0.013,,,,
,48,,,,,7.341,,,,,25.4,,,,,0.013,,,,
,49,,,,,7.353,,,,,25.4,,,,,0.012,,,,
,50,,,,,7.363,,,,,25.4,,,,,0.010,,,,
,51,,,,,7.374,,,,,25.4,,,,,0.011,,,,
,52,,,,,7.384,,,,,25.4,,,,,0.010,,,,
,53,,,,,7.394,,,,,25.4,,,,,0.010,,,,
,54,,,,,7.403,,,,,25.4,,,,,0.009,,,,
,55,,,,,7.412,,,,,25.4,,,,,0.009,,,,
,56,,,,,7.420,,,,,25.4,,,,,0.008,,,,
,57,,,,,7.428,,,,,25.4,,,,,0.008,,,,
,58,,,,,7.435,,,,,25.4,,,,,0.007,,,,
,59,,,,,7.442,,,,,25.4,,,,,0.007,,,,
,60,,,,,7.449,,,,,25.4,,,,,0.007,,,,
Titration (EQP) [1],,,,,,,,"Scope 1/1, Sample 29/75",,,,,,,,,,,,
Measured Values,,,,,"Scope 1/1, Sample 29/75",,,,,,,,,,,,,,,
,Time,,V,,,Meas. value,,,dV,,Temp.,,,dE,,,dE/dV,,,EQP
,[s],,[mL],,,[pH],,,[mL],,[°C],,,[pH],,,[pH/mL],,,
,0,,0.00000,,,7.463,,,,,25.4,,,,,,,,,
,28,,0.08575,,,7.207,,,0.08575,,25.4,,,-0.256,,,,,,
,58,,0.12850,,,7.027,,,0.04275,,25.4,,,-0.180,,,,,,
,88,,0.15000,,,6.936,,,0.02150,,25.4,,,-0.091,,,,,,
,179,,0.18150,,,6.849,,,0.03150,,25.4,,,-0.087,,,,,,
,209,,0.23150,,,6.749,,,0.05000,,25.4,,,-0.100,,,-2.32,,,
,239,,0.28150,,,6.648,,,0.05000,,25.4,,,-0.101,,,-1.91,,,
,269,,0.33150,,,6.550,,,0.05000,,25.4,,,-0.098,,,-1.84,,,
,300,,0.38150,,,6.457,,,0.05000,,25.4,,,-0.093,,,-1.80,,,
,330,,0.43150,,,6.369,,,0.05000,,25.4,,,-0.088,,,-1.75,,,
,360,,0.48150,,,6.282,,,0.05000,,25.4,,,-0.087,,,-1.67,,,
,390,,0.53150,,,6.200,,,0.05000,,25.4,,,-0.082,,,-1.64,,,
,421,,0.58150,,,6.119,,,0.05000,,25.4,,,-0.081,,,-1.64,,,
,451,,0.63150,,,6.037,,,0.05000,,25.4,,,-0.082,,,-1.67,,,
,481,,0.68150,,,5.951,,,0.05000,,25.4,,,-0.086,,,-1.74,,,
,511,,0.73150,,,5.856,,,0.05000,,25.4,,,-0.095,,,-1.89,,,
,542,,0.78150,,,5.758,,,0.05000,,25.4,,,-0.098,,,-2.14,,,
,572,,0.83150,,,5.643,,,0.05000,,25.4,,,-0.115,,,-2.55,,,
,602,,0.88150,,,5.505,,,0.05000,,25.4,,,-0.138,,,-3.24,,,
,632,,0.92950,,,5.335,,,0.04800,,25.4,,,-0.170,,,-4.35,,,
,662,,0.95975,,,5.200,,,0.03025,,25.5,,,-0.135,,,-5.35,,,
,693,,0.98375,,,5.066,,,0.02400,,25.5,,,-0.134,,,-6.31,,,
,723,,1.00300,,,4.935,,,0.01925,,25.5,,,-0.131,,,-7.17,,,
,753,,1.01950,,,4.802,,,0.01650,,25.5,,,-0.133,,,-7.98,,,
,784,,1.03350,,,4.675,,,0.01400,,25.5,,,-0.127,,,-8.84,,,
,,,1.043327 ???,,,4.581 ???,,,,,,,,,,,,,,EQP
,814,,1.04700,,,4.546,,,0.01350,,25.5,,,-0.129,,,-9.02,,,
,844,,1.06050,,,4.420,,,0.01350,,25.5,,,-0.126,,,-8.34,,,
,874,,1.07525,,,4.292,,,0.01475,,25.5,,,-0.128,,,-7.42,,,
,904,,1.09225,,,4.171,,,0.01700,,25.5,,,-0.121,,,-6.59,,,
,935,,1.11500,,,4.035,,,0.02275,,25.5,,,-0.136,,,-5.54,,,
,965,,1.14250,,,3.907,,,0.02750,,25.4,,,-0.128,,,-4.48,,,
,995,,1.17950,,,3.774,,,0.03700,,25.4,,,-0.133,,,-3.41,,,
,1025,,1.22900,,,3.641,,,0.04950,,25.4,,,-0.133,,,-2.46,,,
,1056,,1.27900,,,3.536,,,0.05000,,25.4,,,-0.105,,,-1.89,,,
,1086,,1.32900,,,3.451,,,0.05000,,25.4,,,-0.085,,,-1.53,,,
,1116,,1.37900,,,3.380,,,0.05000,,25.4,,,-0.071,,,-1.30,,,
,1146,,1.42900,,,3.319,,,0.05000,,25.4,,,-0.061,,,-1.13,,,
,1177,,1.47900,,,3.264,,,0.05000,,25.4,,,-0.055,,,-1.01,,,
,1207,,1.52900,,,3.217,,,0.05000,,25.4,,,-0.047,,,-0.90,,,
,1237,,1.57900,,,3.173,,,0.05000,,25.4,,,-0.044,,,-0.82,,,
,1267,,1.62900,,,3.134,,,0.05000,,25.4,,,-0.039,,,-0.75,,,
,1298,,1.67900,,,3.098,,,0.05000,,25.4,,,-0.036,,,,,,
,1328,,1.72900,,,3.065,,,0.05000,,25.4,,,-0.033,,,,,,
,1358,,1.77900,,,3.034,,,0.05000,,25.4,,,-0.031,,,,,,
,1388,,1.82900,,,3.005,,,0.05000,,25.4,,,-0.029,,,,,,
,1419,,1.87900,,,2.977,,,0.05000,,25.4,,,-0.028,,,,,,
Measure (normal) [1],,,,,,,,"Scope 1/1, Sample 30/75",,,,,,,,,,,,
Measured Values,,,,,"Scope 1/1, Sample 30/75",,,,,,,,,,,,,,,
,Time,,,,,Meas. value,,,,,Temp.,,,,,dE,,,,
,[s],,,,,[pH],,,,,[°C],,,,,[pH],,,,
,1,,,,,4.605,,,,,23.7,,,,,,,,,
,2,,,,,4.887,,,,,23.9,,,,,0.282,,,,
,3,,,,,5.152,,,,,24.1,,,,,0.265,,,,
,4,,,,,5.347,,,,,24.4,,,,,0.195,,,,
,5,,,,,5.495,,,,,24.6,,,,,0.148,,,,
,6,,,,,5.616,,,,,24.8,,,,,0.121,,,,
,7,,,,,5.720,,,,,24.9,,,,,0.104,,,,
,8,,,,,5.812,,,,,25.0,,,,,0.092,,,,
,9,,,,,5.887,,,,,25.1,,,,,0.075,,,,
,10,,,,,5.964,,,,,25.2,,,,,0.077,,,,
,11,,,,,6.036,,,,,25.3,,,,,0.072,,,,
,12,,,,,6.102,,,,,25.3,,,,,0.066,,,,
,13,,,,,6.166,,,,,25.3,,,,,0.064,,,,
,14,,,,,6.226,,,,,25.4,,,,,0.060,,,,
,15,,,,,6.283,,,,,25.4,,,,,0.057,,,,
,16,,,,,6.332,,,,,25.4,,,,,0.049,,,,
,17,,,,,6.384,,,,,25.4,,,,,0.052,,,,
,18,,,,,6.434,,,,,25.4,,,,,0.050,,,,
,19,,,,,6.482,,,,,25.4,,,,,0.048,,,,
,20,,,,,6.527,,,,,25.4,,,,,0.045,,,,
,21,,,,,6.572,,,,,25.4,,,,,0.045,,,,
,22,,,,,6.610,,,,,25.4,,,,,0.038,,,,
,23,,,,,6.652,,,,,25.4,,,,,0.042,,,,
,24,,,,,6.690,,,,,25.5,,,,,0.038,,,,
,25,,,,,6.727,,,,,25.5,,,,,0.037,,,,
,26,,,,,6.763,,,,,25.5,,,,,0.036,,,,
,27,,,,,6.798,,,,,25.5,,,,,0.035,,,,
,28,,,,,6.830,,,,,25.5,,,,,0.032,,,,
,29,,,,,6.859,,,,,25.5,,,,,0.029,,,,
,30,,,,,6.891,,,,,25.5,,,,,0.032,,,,
,31,,,,,6.922,,,,,25.5,,,,,0.031,,,,
,32,,,,,6.952,,,,,25.5,,,,,0.030,,,,
,33,,,,,6.975,,,,,25.5,,,,,0.023,,,,
,34,,,,,7.001,,,,,25.5,,,,,0.026,,,,
,35,,,,,7.025,,,,,25.5,,,,,0.024,,,,
,36,,,,,7.046,,,,,25.5,,,,,0.021,,,,
,37,,,,,7.068,,,,,25.5,,,,,0.022,,,,
,38,,,,,7.084,,,,,25.5,,,,,0.016,,,,
,39,,,,,7.104,,,,,25.5,,,,,0.020,,,,
,40,,,,,7.128,,,,,25.5,,,,,0.024,,,,
,41,,,,,7.147,,,,,25.5,,,,,0.019,,,,
,42,,,,,7.165,,,,,25.5,,,,,0.018,,,,
,43,,,,,7.182,,,,,25.5,,,,,0.017,,,,
,44,,,,,7.199,,,,,25.5,,,,,0.017,,,,
,45,,,,,7.214,,,,,25.5,,,,,0.015,,,,
,46,,,,,7.229,,,,,25.5,,,,,0.015,,,,
,47,,,,,7.244,,,,,25.5,,,,,0.015,,,,
,48,,,,,7.257,,,,,25.5,,,,,0.013,,,,
,49,,,,,7.270,,,,,25.5,,,,,0.013,,,,
,50,,,,,7.281,,,,,25.5,,,,,0.011,,,,
,51,,,,,7.293,,,,,25.5,,,,,0.012,,,,
,52,,,,,7.304,,,,,25.5,,,,,0.011,,,,
,53,,,,,7.316,,,,,25.5,,,,,0.012,,,,
,54,,,,,7.326,,,,,25.5,,,,,0.010,,,,
,55,,,,,7.335,,,,,25.5,,,,,0.009,,,,
,56,,,,,7.345,,,,,25.5,,,,,0.010,,,,
,57,,,,,7.353,,,,,25.5,,,,,0.008,,,,
,58,,,,,7.362,,,,,25.5,,,,,0.009,,,,
,59,,,,,7.370,,,,,25.5,,,,,0.008,,,,
,60,,,,,7.378,,,,,25.5,,,,,0.008,,,,
Titration (EQP) [1],,,,,,,,"Scope 1/1, Sample 30/75",,,,,,,,,,,,
Measured Values,,,,,"Scope 1/1, Sample 30/75",,,,,,,,,,,,,,,
,Time,,V,,,Meas. value,,,dV,,Temp.,,,dE,,,dE/dV,,,EQP
,[s],,[mL],,,[pH],,,[mL],,[°C],,,[pH],,,[pH/mL],,,
,0,,0.00000,,,7.394,,,,,25.5,,,,,,,,,
,27,,0.08575,,,7.150,,,0.08575,,25.5,,,-0.244,,,,,,
,58,,0.12850,,,6.971,,,0.04275,,25.5,,,-0.179,,,,,,
,88,,0.15000,,,6.871,,,0.02150,,25.5,,,-0.100,,,,,,
,179,,0.17625,,,6.792,,,0.02625,,25.5,,,-0.079,,,,,,
,209,,0.22625,,,6.694,,,0.05000,,25.5,,,-0.098,,,-2.47,,,
,239,,0.27625,,,6.583,,,0.05000,,25.5,,,-0.111,,,-2.05,,,
,269,,0.32625,,,6.480,,,0.05000,,25.5,,,-0.103,,,-1.96,,,
,300,,0.37625,,,6.375,,,0.05000,,25.5,,,-0.105,,,-1.95,,,
,330,,0.42625,,,6.283,,,0.05000,,25.5,,,-0.092,,,-1.91,,,
,360,,0.47625,,,6.190,,,0.05000,,25.5,,,-0.093,,,-1.84,,,
,390,,0.52625,,,6.096,,,0.05000,,25.5,,,-0.094,,,-1.86,,,
,421,,0.57625,,,6.000,,,0.05000,,25.5,,,-0.096,,,-1.91,,,
,451,,0.62625,,,5.903,,,0.05000,,25.5,,,-0.097,,,-2.06,,,
,481,,0.67625,,,5.794,,,0.05000,,25.5,,,-0.109,,,-2.31,,,
,511,,0.72625,,,5.666,,,0.05000,,25.5,,,-0.128,,,-2.75,,,
,542,,0.77625,,,5.523,,,0.05000,,25.5,,,-0.143,,,-3.51,,,
,572,,0.82100,,,5.353,,,0.04475,,25.5,,,-0.170,,,-4.63,,,
,602,,0.84825,,,5.225,,,0.02725,,25.5,,,-0.128,,,-5.59,,,
,632,,0.87150,,,5.089,,,0.02325,,25.5,,,-0.136,,,-6.62,,,
,662,,0.89000,,,4.958,,,0.01850,,25.5,,,-0.131,,,-7.53,,,
,693,,0.90600,,,4.823,,,0.01600,,25.5,,,-0.135,,,-8.40,,,
,723,,0.91950,,,4.693,,,0.01350,,25.5,,,-0.130,,,-9.31,,,
,,,0.928894 ???,,,4.599 ???,,,,,,,,,,,,,,EQP
,753,,0.93175,,,4.570,,,0.01225,,25.5,,,-0.123,,,-9.53,,,
,784,,0.94475,,,4.442,,,0.01300,,25.5,,,-0.128,,,-8.87,,,
,814,,0.95875,,,4.315,,,0.01400,,25.5,,,-0.127,,,-7.89,,,
,844,,0.97500,,,4.189,,,0.01625,,25.5,,,-0.126,,,-6.99,,,
,874,,0.99550,,,4.058,,,0.02050,,25.5,,,-0.131,,,-5.95,,,
,904,,1.02100,,,3.930,,,0.02550,,25.5,,,-0.128,,,-4.84,,,
,935,,1.05575,,,3.797,,,0.03475,,25.5,,,-0.133,,,-3.69,,,
,965,,1.10200,,,3.662,,,0.04625,,25.5,,,-0.135,,,-2.68,,,
,995,,1.15200,,,3.550,,,0.05000,,25.5,,,-0.112,,,-2.02,,,
,1025,,1.20200,,,3.461,,,0.05000,,25.4,,,-0.089,,,-1.62,,,
,1056,,1.25200,,,3.387,,,0.05000,,25.4,,,-0.074,,,-1.35,,,
,1086,,1.30200,,,3.323,,,0.05000,,25.4,,,-0.064,,,-1.17,,,
,1116,,1.35200,,,3.267,,,0.05000,,25.4,,,-0.056,,,-1.04,,,
,1146,,1.40200,,,3.217,,,0.05000,,25.4,,,-0.050,,,-0.93,,,
,1177,,1.45200,,,3.173,,,0.05000,,25.4,,,-0.044,,,-0.84,,,
,1207,,1.50200,,,3.132,,,0.05000,,25.4,,,-0.041,,,,,,
,1237,,1.55200,,,3.095,,,0.05000,,25.4,,,-0.037,,,,,,
,1267,,1.60200,,,3.062,,,0.05000,,25.4,,,-0.033,,,,,,
,1298,,1.65200,,,3.030,,,0.05000,,25.4,,,-0.032,,,,,,
,1328,,1.70200,,,3.000,,,0.05000,,25.4,,,-0.030,,,,,,
Measure (normal) [1],,,,,,,,"Scope 1/1, Sample 31/75",,,,,,,,,,,,
Measured Values,,,,,"Scope 1/1, Sample 31/75",,,,,,,,,,,,,,,
,Time,,,,,Meas. value,,,,,Temp.,,,,,dE,,,,
,[s],,,,,[pH],,,,,[°C],,,,,[pH],,,,
,1,,,,,4.724,,,,,22.7,,,,,,,,,
,2,,,,,4.982,,,,,22.9,,,,,0.258,,,,
,3,,,,,5.213,,,,,23.3,,,,,0.231,,,,
,4,,,,,5.393,,,,,23.7,,,,,0.180,,,,
,5,,,,,5.533,,,,,24.1,,,,,0.140,,,,
,6,,,,,5.650,,,,,24.3,,,,,0.117,,,,
,7,,,,,5.751,,,,,24.6,,,,,0.101,,,,
,8,,,,,5.831,,,,,24.7,,,,,0.080,,,,
,9,,,,,5.914,,,,,24.9,,,,,0.083,,,,
,10,,,,,5.989,,,,,25.0,,,,,0.075,,,,
,11,,,,,6.060,,,,,25.1,,,,,0.071,,,,
,12,,,,,6.126,,,,,25.1,,,,,0.066,,,,
,13,,,,,6.188,,,,,25.2,,,,,0.062,,,,
,14,,,,,6.241,,,,,25.2,,,,,0.053,,,,
,15,,,,,6.298,,,,,25.2,,,,,0.057,,,,
,16,,,,,6.351,,,,,25.3,,,,,0.053,,,,
,17,,,,,6.402,,,,,25.3,,,,,0.051,,,,
,18,,,,,6.450,,,,,25.3,,,,,0.048,,,,
,19,,,,,6.496,,,,,25.3,,,,,0.046,,,,
,20,,,,,6.541,,,,,25.3,,,,,0.045,,,,
,21,,,,,6.580,,,,,25.3,,,,,0.039,,,,
,22,,,,,6.621,,,,,25.3,,,,,0.041,,,,
,23,,,,,6.660,,,,,25.3,,,,,0.039,,,,
,24,,,,,6.699,,,,,25.3,,,,,0.039,,,,
,25,,,,,6.735,,,,,25.3,,,,,0.036,,,,
,26,,,,,6.771,,,,,25.3,,,,,0.036,,,,
,27,,,,,6.800,,,,,25.3,,,,,0.029,,,,
,28,,,,,6.832,,,,,25.4,,,,,0.032,,,,
,29,,,,,6.865,,,,,25.4,,,,,0.033,,,,
,30,,,,,6.896,,,,,25.4,,,,,0.031,,,,
,31,,,,,6.926,,,,,25.4,,,,,0.030,,,,
,32,,,,,6.954,,,,,25.4,,,,,0.028,,,,
,33,,,,,6.977,,,,,25.4,,,,,0.023,,,,
,34,,,,,6.998,,,,,25.4,,,,,0.021,,,,
,35,,,,,7.023,,,,,25.4,,,,,0.025,,,,
,36,,,,,7.045,,,,,25.4,,,,,0.022,,,,
,37,,,,,7.067,,,,,25.4,,,,,0.022,,,,
,38,,,,,7.083,,,,,25.4,,,,,0.016,,,,
,39,,,,,7.100,,,,,25.4,,,,,0.017,,,,
,40,,,,,7.122,,,,,25.4,,,,,0.022,,,,
,41,,,,,7.141,,,,,25.4,,,,,0.019,,,,
,42,,,,,7.159,,,,,25.4,,,,,0.018,,,,
,43,,,,,7.176,,,,,25.4,,,,,0.017,,,,
,44,,,,,7.193,,,,,25.4,,,,,0.017,,,,
,45,,,,,7.208,,,,,25.4,,,,,0.015,,,,
,46,,,,,7.221,,,,,25.4,,,,,0.013,,,,
,47,,,,,7.236,,,,,25.4,,,,,0.015,,,,
,48,,,,,7.249,,,,,25.4,,,,,0.013,,,,
,49,,,,,7.261,,,,,25.4,,,,,0.012,,,,
,50,,,,,7.273,,,,,25.4,,,,,0.012,,,,
,51,,,,,7.285,,,,,25.4,,,,,0.012,,,,
,52,,,,,7.296,,,,,25.4,,,,,0.011,,,,
,53,,,,,7.305,,,,,25.4,,,,,0.009,,,,
,54,,,,,7.315,,,,,25.4,,,,,0.010,,,,
,55,,,,,7.325,,,,,25.4,,,,,0.010,,,,
,56,,,,,7.334,,,,,25.4,,,,,0.009,,,,
,57,,,,,7.343,,,,,25.4,,,,,0.009,,,,
,58,,,,,7.351,,,,,25.4,,,,,0.008,,,,
,59,,,,,7.359,,,,,25.4,,,,,0.008,,,,
,60,,,,,7.366,,,,,25.4,,,,,0.007,,,,
Titration (EQP) [1],,,,,,,,"Scope 1/1, Sample 31/75",,,,,,,,,,,,
Measured Values,,,,,"Scope 1/1, Sample 31/75",,,,,,,,,,,,,,,
,Time,,V,,,Meas. value,,,dV,,Temp.,,,dE,,,dE/dV,,,EQP
,[s],,[mL],,,[pH],,,[mL],,[°C],,,[pH],,,[pH/mL],,,
,0,,0.00000,,,7.384,,,,,25.4,,,,,,,,,
,28,,0.08575,,,7.147,,,0.08575,,25.4,,,-0.237,,,,,,
,58,,0.12850,,,6.974,,,0.04275,,25.4,,,-0.173,,,,,,
,88,,0.15000,,,6.878,,,0.02150,,25.4,,,-0.096,,,,,,
,179,,0.17825,,,6.798,,,0.02825,,25.4,,,-0.080,,,,,,
,209,,0.22825,,,6.696,,,0.05000,,25.4,,,-0.102,,,-2.40,,,
,239,,0.27825,,,6.593,,,0.05000,,25.4,,,-0.103,,,-2.00,,,
,269,,0.32825,,,6.489,,,0.05000,,25.4,,,-0.104,,,-1.92,,,
,300,,0.37825,,,6.392,,,0.05000,,25.4,,,-0.097,,,-1.90,,,
,330,,0.42825,,,6.297,,,0.05000,,25.4,,,-0.095,,,-1.86,,,
,360,,0.47825,,,6.207,,,0.05000,,25.4,,,-0.090,,,-1.82,,,
,390,,0.52825,,,6.115,,,0.05000,,25.4,,,-0.092,,,-1.81,,,
,421,,0.57825,,,6.024,,,0.05000,,25.4,,,-0.091,,,-1.85,,,
,451,,0.62825,,,5.928,,,0.05000,,25.4,,,-0.096,,,-1.95,,,
,481,,0.67825,,,5.825,,,0.05000,,25.4,,,-0.103,,,-2.15,,,
,511,,0.72825,,,5.711,,,0.05000,,25.4,,,-0.114,,,-2.48,,,
,542,,0.77825,,,5.577,,,0.05000,,25.4,,,-0.134,,,-3.06,,,
,572,,0.82825,,,5.412,,,0.05000,,25.4,,,-0.165,,,-4.05,,,
,602,,0.86225,,,5.269,,,0.03400,,25.4,,,-0.143,,,-5.07,,,
,632,,0.88750,,,5.137,,,0.02525,,25.4,,,-0.132,,,-6.05,,,
,663,,0.90850,,,5.002,,,0.02100,,25.4,,,-0.135,,,-6.99,,,
,693,,0.92575,,,4.869,,,0.01725,,25.4,,,-0.133,,,-7.83,,,
,723,,0.94025,,,4.739,,,0.01450,,25.4,,,-0.130,,,-8.72,,,
,,,0.953471 ???,,,4.613 ???,,,,,,,,,,,,,,EQP
,753,,0.95350,,,4.613,,,0.01325,,25.4,,,-0.126,,,-9.26,,,
,784,,0.96675,,,4.482,,,0.01325,,25.4,,,-0.131,,,-8.89,,,
,814,,0.98000,,,4.361,,,0.01325,,25.4,,,-0.121,,,-8.00,,,
,844,,0.99600,,,4.233,,,0.01600,,25.4,,,-0.128,,,-7.10,,,
,874,,1.01550,,,4.104,,,0.01950,,25.4,,,-0.129,,,-6.14,,,
,904,,1.04000,,,3.974,,,0.02450,,25.4,,,-0.130,,,-5.07,,,
,935,,1.07175,,,3.842,,,0.03175,,25.4,,,-0.132,,,-3.96,,,
,965,,1.11400,,,3.710,,,0.04225,,25.4,,,-0.132,,,-2.95,,,
,995,,1.16400,,,3.589,,,0.05000,,25.4,,,-0.121,,,-2.18,,,
,1026,,1.21400,,,3.494,,,0.05000,,25.4,,,-0.095,,,-1.72,,,
,1056,,1.26400,,,3.415,,,0.05000,,25.4,,,-0.079,,,-1.42,,,
,1086,,1.31400,,,3.349,,,0.05000,,25.4,,,-0.066,,,-1.22,,,
,1116,,1.36400,,,3.291,,,0.05000,,25.4,,,-0.058,,,-1.07,,,
,1146,,1.41400,,,3.239,,,0.05000,,25.4,,,-0.052,,,-0.96,,,
,1177,,1.46400,,,3.193,,,0.05000,,25.4,,,-0.046,,,-0.87,,,
,1207,,1.51400,,,3.152,,,0.05000,,25.4,,,-0.041,,,-0.79,,,
,1237,,1.56400,,,3.114,,,0.05000,,25.4,,,-0.038,,,,,,
,1268,,1.61400,,,3.079,,,0.05000,,25.4,,,-0.035,,,,,,
,1298,,1.66400,,,3.047,,,0.05000,,25.4,,,-0.032,,,,,,
,1328,,1.71400,,,3.017,,,0.05000,,25.4,,,-0.030,,,,,,
,1358,,1.76400,,,2.989,,,0.05000,,25.4,,,-0.028,,,,,,
Measure (normal) [1],,,,,,,,"Scope 1/1, Sample 32/75",,,,,,,,,,,,
Measured Values,,,,,"Scope 1/1, Sample 32/75",,,,,,,,,,,,,,,
,Time,,,,,Meas. value,,,,,Temp.,,,,,dE,,,,
,[s],,,,,[pH],,,,,[°C],,,,,[pH],,,,
,1,,,,,4.812,,,,,22.7,,,,,,,,,
,2,,,,,5.080,,,,,22.9,,,,,0.268,,,,
,3,,,,,5.303,,,,,23.3,,,,,0.223,,,,
,4,,,,,5.471,,,,,23.7,,,,,0.168,,,,
,5,,,,,5.604,,,,,24.0,,,,,0.133,,,,
,6,,,,,5.717,,,,,24.3,,,,,0.113,,,,
,7,,,,,5.814,,,,,24.5,,,,,0.097,,,,
,8,,,,,5.893,,,,,24.7,,,,,0.079,,,,
,9,,,,,5.972,,,,,24.8,,,,,0.079,,,,
,10,,,,,6.047,,,,,24.9,,,,,0.075,,,,
,11,,,,,6.115,,,,,25.0,,,,,0.068,,,,
,12,,,,,6.179,,,,,25.1,,,,,0.064,,,,
,13,,,,,6.239,,,,,25.2,,,,,0.060,,,,
,14,,,,,6.297,,,,,25.2,,,,,0.058,,,,
,15,,,,,6.346,,,,,25.2,,,,,0.049,,,,
,16,,,,,6.398,,,,,25.2,,,,,0.052,,,,
,17,,,,,6.447,,,,,25.3,,,,,0.049,,,,
,18,,,,,6.495,,,,,25.3,,,,,0.048,,,,
,19,,,,,6.541,,,,,25.3,,,,,0.046,,,,
,20,,,,,6.585,,,,,25.3,,,,,0.044,,,,
,21,,,,,6.622,,,,,25.3,,,,,0.037,,,,
,22,,,,,6.664,,,,,25.3,,,,,0.042,,,,
,23,,,,,6.703,,,,,25.3,,,,,0.039,,,,
,24,,,,,6.741,,,,,25.3,,,,,0.038,,,,
,25,,,,,6.777,,,,,25.3,,,,,0.036,,,,
,26,,,,,6.812,,,,,25.3,,,,,0.035,,,,
,27,,,,,6.846,,,,,25.3,,,,,0.034,,,,
,28,,,,,6.877,,,,,25.3,,,,,0.031,,,,
,29,,,,,6.909,,,,,25.3,,,,,0.032,,,,
,30,,,,,6.940,,,,,25.3,,,,,0.031,,,,
,31,,,,,6.968,,,,,25.3,,,,,0.028,,,,
,32,,,,,6.993,,,,,25.3,,,,,0.025,,,,
,33,,,,,7.020,,,,,25.3,,,,,0.027,,,,
,34,,,,,7.043,,,,,25.3,,,,,0.023,,,,
,35,,,,,7.067,,,,,25.3,,,,,0.024,,,,
,36,,,,,7.084,,,,,25.3,,,,,0.017,,,,
,37,,,,,7.107,,,,,25.3,,,,,0.023,,,,
,38,,,,,7.133,,,,,25.3,,,,,0.026,,,,
,39,,,,,7.153,,,,,25.3,,,,,0.020,,,,
,40,,,,,7.174,,,,,25.3,,,,,0.021,,,,
,41,,,,,7.191,,,,,25.3,,,,,0.017,,,,
,42,,,,,7.208,,,,,25.3,,,,,0.017,,,,
,43,,,,,7.226,,,,,25.3,,,,,0.018,,,,
,44,,,,,7.241,,,,,25.3,,,,,0.015,,,,
,45,,,,,7.257,,,,,25.3,,,,,0.016,,,,
,46,,,,,7.271,,,,,25.3,,,,,0.014,,,,
,47,,,,,7.285,,,,,25.3,,,,,0.014,,,,
,48,,,,,7.297,,,,,25.3,,,,,0.012,,,,
,49,,,,,7.310,,,,,25.3,,,,,0.013,,,,
,50,,,,,7.322,,,,,25.3,,,,,0.012,,,,
,51,,,,,7.334,,,,,25.3,,,,,0.012,,,,
,52,,,,,7.345,,,,,25.3,,,,,0.011,,,,
,53,,,,,7.356,,,,,25.3,,,,,0.011,,,,
,54,,,,,7.366,,,,,25.3,,,,,0.010,,,,
,55,,,,,7.376,,,,,25.3,,,,,0.010,,,,
,56,,,,,7.385,,,,,25.3,,,,,0.009,,,,
,57,,,,,7.394,,,,,25.3,,,,,0.009,,,,
,58,,,,,7.403,,,,,25.3,,,,,0.009,,,,
,59,,,,,7.411,,,,,25.3,,,,,0.008,,,,
,60,,,,,7.419,,,,,25.3,,,,,0.008,,,,
Titration (EQP) [1],,,,,,,,"Scope 1/1, Sample 32/75",,,,,,,,,,,,
Measured Values,,,,,"Scope 1/1, Sample 32/75",,,,,,,,,,,,,,,
,Time,,V,,,Meas. value,,,dV,,Temp.,,,dE,,,dE/dV,,,EQP
,[s],,[mL],,,[pH],,,[mL],,[°C],,,[pH],,,[pH/mL],,,
,0,,0.00000,,,7.437,,,,,25.3,,,,,,,,,
,28,,0.08575,,,7.210,,,0.08575,,25.3,,,-0.227,,,,,,
,58,,0.12850,,,7.038,,,0.04275,,25.3,,,-0.172,,,,,,
,88,,0.15000,,,6.950,,,0.02150,,25.3,,,-0.088,,,,,,
,179,,0.18225,,,6.860,,,0.03225,,25.4,,,-0.090,,,,,,
,209,,0.23225,,,6.758,,,0.05000,,25.4,,,-0.102,,,-2.01,,,
,239,,0.28225,,,6.708,,,0.05000,,25.4,,,-0.050,,,-1.62,,,
,269,,0.33225,,,6.622,,,0.05000,,25.4,,,-0.086,,,-1.65,,,
,300,,0.38225,,,6.526,,,0.05000,,25.4,,,-0.096,,,-1.73,,,
,330,,0.43225,,,6.433,,,0.05000,,25.4,,,-0.093,,,-1.80,,,
,360,,0.48225,,,6.340,,,0.05000,,25.4,,,-0.093,,,-1.82,,,
,390,,0.53225,,,6.258,,,0.05000,,25.4,,,-0.082,,,-1.73,,,
,421,,0.58225,,,6.171,,,0.05000,,25.4,,,-0.087,,,-1.71,,,
,451,,0.63225,,,6.085,,,0.05000,,25.4,,,-0.086,,,-1.74,,,
,481,,0.68225,,,5.996,,,0.05000,,25.4,,,-0.089,,,-1.82,,,
,511,,0.73225,,,5.898,,,0.05000,,25.4,,,-0.098,,,-1.98,,,
,542,,0.78225,,,5.795,,,0.05000,,25.4,,,-0.103,,,-2.23,,,
,572,,0.83225,,,5.674,,,0.05000,,25.4,,,-0.121,,,-2.66,,,
,602,,0.88225,,,5.531,,,0.05000,,25.4,,,-0.143,,,-3.38,,,
,632,,0.92800,,,5.364,,,0.04575,,25.4,,,-0.167,,,-4.46,,,
,663,,0.95700,,,5.233,,,0.02900,,25.4,,,-0.131,,,-5.44,,,
,693,,0.98125,,,5.092,,,0.02425,,25.4,,,-0.141,,,-6.43,,,
,723,,0.99950,,,4.966,,,0.01825,,25.4,,,-0.126,,,-7.25,,,
,753,,1.01625,,,4.831,,,0.01675,,25.4,,,-0.135,,,-8.09,,,
,784,,1.03050,,,4.701,,,0.01425,,25.4,,,-0.130,,,-8.93,,,
,,,1.039467 ???,,,4.613 ???,,,,,,,,,,,,,,EQP
,814,,1.04375,,,4.571,,,0.01325,,25.4,,,-0.130,,,-9.07,,,
,844,,1.05650,,,4.452,,,0.01275,,25.4,,,-0.119,,,-8.42,,,
,874,,1.07175,,,4.322,,,0.01525,,25.4,,,-0.130,,,-7.49,,,
,904,,1.08925,,,4.193,,,0.01750,,25.4,,,-0.129,,,-6.62,,,
,935,,1.11075,,,4.064,,,0.02150,,25.4,,,-0.129,,,-5.63,,,
,965,,1.13850,,,3.933,,,0.02775,,25.4,,,-0.131,,,-4.54,,,
,995,,1.17475,,,3.800,,,0.03625,,25.4,,,-0.133,,,-3.48,,,
,1026,,1.22250,,,3.668,,,0.04775,,25.4,,,-0.132,,,-2.55,,,
,1056,,1.27250,,,3.560,,,0.05000,,25.4,,,-0.108,,,-1.95,,,
,1086,,1.32250,,,3.473,,,0.05000,,25.4,,,-0.087,,,-1.58,,,
,1116,,1.37250,,,3.400,,,0.05000,,25.4,,,-0.073,,,-1.33,,,
,1146,,1.42250,,,3.337,,,0.05000,,25.4,,,-0.063,,,-1.16,,,
,1177,,1.47250,,,3.282,,,0.05000,,25.4,,,-0.055,,,-1.03,,,
,1207,,1.52250,,,3.233,,,0.05000,,25.4,,,-0.049,,,-0.92,,,
,1237,,1.57250,,,3.189,,,0.05000,,25.4,,,-0.044,,,-0.84,,,
,1267,,1.62250,,,3.148,,,0.05000,,25.4,,,-0.041,,,-0.77,,,
,1298,,1.67250,,,3.112,,,0.05000,,25.4,,,-0.036,,,,,,
,1328,,1.72250,,,3.078,,,0.05000,,25.4,,,-0.034,,,,,,
,1358,,1.77250,,,3.046,,,0.05000,,25.4,,,-0.032,,,,,,
,1388,,1.82250,,,3.016,,,0.05000,,25.4,,,-0.030,,,,,,
,1419,,1.87250,,,2.989,,,0.05000,,25.4,,,-0.027,,,,,,
Measure (normal) [1],,,,,,,,"Scope 1/1, Sample 33/75",,,,,,,,,,,,
Measured Values,,,,,"Scope 1/1, Sample 33/75",,,,,,,,,,,,,,,
,Time,,,,,Meas. value,,,,,Temp.,,,,,dE,,,,
,[s],,,,,[pH],,,,,[°C],,,,,[pH],,,,
,1,,,,,4.689,,,,,23.7,,,,,,,,,
,2,,,,,4.956,,,,,23.8,,,,,0.267,,,,
,3,,,,,5.208,,,,,24.1,,,,,0.252,,,,
,4,,,,,5.396,,,,,24.3,,,,,0.188,,,,
,5,,,,,5.543,,,,,24.5,,,,,0.147,,,,
,6,,,,,5.664,,,,,24.7,,,,,0.121,,,,
,7,,,,,5.769,,,,,24.8,,,,,0.105,,,,
,8,,,,,5.865,,,,,24.9,,,,,0.096,,,,
,9,,,,,5.944,,,,,25.0,,,,,0.079,,,,
,10,,,,,6.026,,,,,25.1,,,,,0.082,,,,
,11,,,,,6.104,,,,,25.1,,,,,0.078,,,,
,12,,,,,6.177,,,,,25.2,,,,,0.073,,,,
,13,,,,,6.245,,,,,25.2,,,,,0.068,,,,
,14,,,,,6.312,,,,,25.2,,,,,0.067,,,,
,15,,,,,6.374,,,,,25.3,,,,,0.062,,,,
,16,,,,,6.428,,,,,25.3,,,,,0.054,,,,
,17,,,,,6.483,,,,,25.3,,,,,0.055,,,,
,18,,,,,6.539,,,,,25.3,,,,,0.056,,,,
,19,,,,,6.591,,,,,25.3,,,,,0.052,,,,
,20,,,,,6.641,,,,,25.3,,,,,0.050,,,,
,21,,,,,6.689,,,,,25.3,,,,,0.048,,,,
,22,,,,,6.736,,,,,25.3,,,,,0.047,,,,
,23,,,,,6.776,,,,,25.3,,,,,0.040,,,,
,24,,,,,6.818,,,,,25.3,,,,,0.042,,,,
,25,,,,,6.859,,,,,25.3,,,,,0.041,,,,
,26,,,,,6.899,,,,,25.3,,,,,0.040,,,,
,27,,,,,6.938,,,,,25.3,,,,,0.039,,,,
,28,,,,,6.971,,,,,25.3,,,,,0.033,,,,
,29,,,,,7.000,,,,,25.3,,,,,0.029,,,,
,30,,,,,7.031,,,,,25.3,,,,,0.031,,,,
,31,,,,,7.062,,,,,25.3,,,,,0.031,,,,
,32,,,,,7.084,,,,,25.3,,,,,0.022,,,,
,33,,,,,7.113,,,,,25.3,,,,,0.029,,,,
,34,,,,,7.144,,,,,25.3,,,,,0.031,,,,
,35,,,,,7.170,,,,,25.3,,,,,0.026,,,,
,36,,,,,7.192,,,,,25.3,,,,,0.022,,,,
,37,,,,,7.215,,,,,25.3,,,,,0.023,,,,
,38,,,,,7.237,,,,,25.3,,,,,0.022,,,,
,39,,,,,7.257,,,,,25.3,,,,,0.020,,,,
,40,,,,,7.276,,,,,25.3,,,,,0.019,,,,
,41,,,,,7.294,,,,,25.3,,,,,0.018,,,,
,42,,,,,7.312,,,,,25.4,,,,,0.018,,,,
,43,,,,,7.327,,,,,25.3,,,,,0.015,,,,
,44,,,,,7.343,,,,,25.3,,,,,0.016,,,,
,45,,,,,7.358,,,,,25.3,,,,,0.015,,,,
,46,,,,,7.372,,,,,25.3,,,,,0.014,,,,
,47,,,,,7.386,,,,,25.3,,,,,0.014,,,,
,48,,,,,7.399,,,,,25.3,,,,,0.013,,,,
,49,,,,,7.410,,,,,25.4,,,,,0.011,,,,
,50,,,,,7.421,,,,,25.4,,,,,0.011,,,,
,51,,,,,7.432,,,,,25.3,,,,,0.011,,,,
,52,,,,,7.443,,,,,25.3,,,,,0.011,,,,
,53,,,,,7.452,,,,,25.3,,,,,0.009,,,,
,54,,,,,7.462,,,,,25.4,,,,,0.010,,,,
,55,,,,,7.470,,,,,25.4,,,,,0.008,,,,
,56,,,,,7.479,,,,,25.4,,,,,0.009,,,,
,57,,,,,7.486,,,,,25.4,,,,,0.007,,,,
,58,,,,,7.494,,,,,25.4,,,,,0.008,,,,
,59,,,,,7.501,,,,,25.4,,,,,0.007,,,,
,60,,,,,7.508,,,,,25.4,,,,,0.007,,,,
Titration (EQP) [1],,,,,,,,"Scope 1/1, Sample 33/75",,,,,,,,,,,,
Measured Values,,,,,"Scope 1/1, Sample 33/75",,,,,,,,,,,,,,,
,Time,,V,,,Meas. value,,,dV,,Temp.,,,dE,,,dE/dV,,,EQP
,[s],,[mL],,,[pH],,,[mL],,[°C],,,[pH],,,[pH/mL],,,
,0,,0.00000,,,7.523,,,,,25.4,,,,,,,,,
,28,,0.08575,,,7.236,,,0.08575,,25.4,,,-0.287,,,,,,
,58,,0.12850,,,7.047,,,0.04275,,25.4,,,-0.189,,,,,,
,88,,0.15000,,,6.952,,,0.02150,,25.4,,,-0.095,,,,,,
,179,,0.18050,,,6.862,,,0.03050,,25.4,,,-0.090,,,,,,
,209,,0.23050,,,6.764,,,0.05000,,25.4,,,-0.098,,,-2.41,,,
,239,,0.28050,,,6.658,,,0.05000,,25.4,,,-0.106,,,-1.97,,,
,269,,0.33050,,,6.553,,,0.05000,,25.4,,,-0.105,,,-1.88,,,
,300,,0.38050,,,6.459,,,0.05000,,25.4,,,-0.094,,,-1.82,,,
,330,,0.43050,,,6.371,,,0.05000,,25.4,,,-0.088,,,-1.76,,,
,360,,0.48050,,,6.287,,,0.05000,,25.4,,,-0.084,,,-1.69,,,
,390,,0.53050,,,6.202,,,0.05000,,25.4,,,-0.085,,,-1.66,,,
,420,,0.58050,,,6.119,,,0.05000,,25.4,,,-0.083,,,-1.68,,,
,451,,0.63050,,,6.031,,,0.05000,,25.4,,,-0.088,,,-1.73,,,
,481,,0.68050,,,5.943,,,0.05000,,25.4,,,-0.088,,,-1.81,,,
,511,,0.73050,,,5.847,,,0.05000,,25.4,,,-0.096,,,-1.98,,,
,542,,0.78050,,,5.743,,,0.05000,,25.4,,,-0.104,,,-2.25,,,
,572,,0.83050,,,5.622,,,0.05000,,25.4,,,-0.121,,,-2.71,,,
,602,,0.88050,,,5.474,,,0.05000,,25.4,,,-0.148,,,-3.49,,,
,632,,0.92275,,,5.316,,,0.04225,,25.3,,,-0.158,,,-4.51,,,
,662,,0.95175,,,5.182,,,0.02900,,25.4,,,-0.134,,,-5.48,,,
,693,,0.97550,,,5.045,,,0.02375,,25.4,,,-0.137,,,-6.42,,,
,723,,0.99450,,,4.912,,,0.01900,,25.4,,,-0.133,,,-7.22,,,
,753,,1.01050,,,4.782,,,0.01600,,25.4,,,-0.130,,,-8.03,,,
,783,,1.02500,,,4.648,,,0.01450,,25.4,,,-0.134,,,-8.74,,,
,814,,1.03800,,,4.527,,,0.01300,,25.4,,,-0.121,,,-8.67,,,
,844,,1.05250,,,4.400,,,0.01450,,25.4,,,-0.127,,,-7.88,,,
,,,1.064452,,,4.304,,,,,,,,,,,,,,EQP
,874,,1.06900,,,4.268,,,0.01650,,25.4,,,-0.132,,,-6.99,,,
,904,,1.08750,,,4.144,,,0.01850,,25.4,,,-0.124,,,-6.15,,,
,935,,1.11150,,,4.012,,,0.02400,,25.4,,,-0.132,,,-5.14,,,
,965,,1.14200,,,3.883,,,0.03050,,25.4,,,-0.129,,,-4.10,,,
,995,,1.18350,,,3.746,,,0.04150,,25.4,,,-0.137,,,-3.07,,,
,1025,,1.23350,,,3.622,,,0.05000,,25.4,,,-0.124,,,-2.27,,,
,1056,,1.28350,,,3.523,,,0.05000,,25.3,,,-0.099,,,-1.77,,,
,1086,,1.33350,,,3.443,,,0.05000,,25.3,,,-0.080,,,-1.46,,,
,1116,,1.38350,,,3.375,,,0.05000,,25.3,,,-0.068,,,-1.24,,,
,1146,,1.43350,,,3.315,,,0.05000,,25.3,,,-0.060,,,-1.10,,,
,1177,,1.48350,,,3.263,,,0.05000,,25.3,,,-0.052,,,-0.98,,,
,1207,,1.53350,,,3.217,,,0.05000,,25.3,,,-0.046,,,-0.89,,,
,1237,,1.58350,,,3.174,,,0.05000,,25.3,,,-0.043,,,-0.80,,,
,1267,,1.63350,,,3.135,,,0.05000,,25.3,,,-0.039,,,-0.74,,,
,1298,,1.68350,,,3.100,,,0.05000,,25.3,,,-0.035,,,,,,
,1328,,1.73350,,,3.067,,,0.05000,,25.3,,,-0.033,,,,,,
,1358,,1.78350,,,3.037,,,0.05000,,25.3,,,-0.030,,,,,,
,1388,,1.83350,,,3.008,,,0.05000,,25.3,,,-0.029,,,,,,
,1418,,1.88350,,,2.981,,,0.05000,,25.3,,,-0.027,,,,,,
Measure (normal) [1],,,,,,,,"Scope 1/1, Sample 34/75",,,,,,,,,,,,
Measured Values,,,,,"Scope 1/1, Sample 34/75",,,,,,,,,,,,,,,
,Time,,,,,Meas. value,,,,,Temp.,,,,,dE,,,,
,[s],,,,,[pH],,,,,[°C],,,,,[pH],,,,
,1,,,,,6.140,,,,,23.1,,,,,,,,,
,2,,,,,6.336,,,,,23.3,,,,,0.196,,,,
,3,,,,,6.612,,,,,23.6,,,,,0.276,,,,
,4,,,,,6.858,,,,,23.9,,,,,0.246,,,,
,5,,,,,7.058,,,,,24.2,,,,,0.200,,,,
,6,,,,,7.223,,,,,24.4,,,,,0.165,,,,
,7,,,,,7.354,,,,,24.6,,,,,0.131,,,,
,8,,,,,7.455,,,,,24.7,,,,,0.101,,,,
,9,,,,,7.545,,,,,24.8,,,,,0.090,,,,
,10,,,,,7.622,,,,,24.9,,,,,0.077,,,,
,11,,,,,7.683,,,,,25.0,,,,,0.061,,,,
,12,,,,,7.733,,,,,25.0,,,,,0.050,,,,
,13,,,,,7.773,,,,,25.1,,,,,0.040,,,,
,14,,,,,7.803,,,,,25.1,,,,,0.030,,,,
,15,,,,,7.832,,,,,25.1,,,,,0.029,,,,
,16,,,,,7.855,,,,,25.2,,,,,0.023,,,,
,17,,,,,7.872,,,,,25.2,,,,,0.017,,,,
,18,,,,,7.887,,,,,25.2,,,,,0.015,,,,
,19,,,,,7.901,,,,,25.2,,,,,0.014,,,,
,20,,,,,7.912,,,,,25.2,,,,,0.011,,,,
,21,,,,,7.920,,,,,25.2,,,,,0.008,,,,
,22,,,,,7.927,,,,,25.2,,,,,0.007,,,,
,23,,,,,7.933,,,,,25.2,,,,,0.006,,,,
,24,,,,,7.938,,,,,25.2,,,,,0.005,,,,
,25,,,,,7.943,,,,,25.2,,,,,0.005,,,,
,26,,,,,7.946,,,,,25.2,,,,,0.003,,,,
,27,,,,,7.949,,,,,25.2,,,,,0.003,,,,
,28,,,,,7.952,,,,,25.2,,,,,0.003,,,,
,29,,,,,7.954,,,,,25.2,,,,,0.002,,,,
,30,,,,,7.956,,,,,25.2,,,,,0.002,,,,
,31,,,,,7.958,,,,,25.2,,,,,0.002,,,,
,32,,,,,7.959,,,,,25.2,,,,,0.001,,,,
,33,,,,,7.960,,,,,25.2,,,,,0.001,,,,
,34,,,,,7.962,,,,,25.2,,,,,0.002,,,,
,35,,,,,7.962,,,,,25.2,,,,,0.000,,,,
,36,,,,,7.963,,,,,25.2,,,,,0.001,,,,
,37,,,,,7.964,,,,,25.2,,,,,0.001,,,,
,38,,,,,7.965,,,,,25.2,,,,,0.001,,,,
,39,,,,,7.966,,,,,25.2,,,,,0.001,,,,
,40,,,,,7.966,,,,,25.2,,,,,0.000,,,,
,41,,,,,7.967,,,,,25.2,,,,,0.001,,,,
,42,,,,,7.967,,,,,25.2,,,,,0.000,,,,
,43,,,,,7.968,,,,,25.2,,,,,0.001,,,,
,44,,,,,7.968,,,,,25.2,,,,,0.000,,,,
,45,,,,,7.968,,,,,25.2,,,,,0.000,,,,
,46,,,,,7.969,,,,,25.2,,,,,0.001,,,,
,47,,,,,7.969,,,,,25.2,,,,,0.000,,,,
,48,,,,,7.969,,,,,25.2,,,,,0.000,,,,
,49,,,,,7.970,,,,,25.2,,,,,0.001,,,,
,50,,,,,7.970,,,,,25.2,,,,,0.000,,,,
,51,,,,,7.970,,,,,25.2,,,,,0.000,,,,
,52,,,,,7.971,,,,,25.2,,,,,0.001,,,,
,53,,,,,7.971,,,,,25.2,,,,,0.000,,,,
,54,,,,,7.971,,,,,25.2,,,,,0.000,,,,
,55,,,,,7.971,,,,,25.2,,,,,0.000,,,,
,56,,,,,7.972,,,,,25.2,,,,,0.001,,,,
,57,,,,,7.972,,,,,25.2,,,,,0.000,,,,
,58,,,,,7.972,,,,,25.2,,,,,0.000,,,,
,59,,,,,7.972,,,,,25.2,,,,,0.000,,,,
,60,,,,,7.973,,,,,25.2,,,,,0.001,,,,
Titration (EQP) [1],,,,,,,,"Scope 1/1, Sample 34/75",,,,,,,,,,,,
Measured Values,,,,,"Scope 1/1, Sample 34/75",,,,,,,,,,,,,,,
,Time,,V,,,Meas. value,,,dV,,Temp.,,,dE,,,dE/dV,,,EQP
,[s],,[mL],,,[pH],,,[mL],,[°C],,,[pH],,,[pH/mL],,,
,0,,0.00000,,,7.973,,,,,25.2,,,,,,,,,
,28,,0.08575,,,7.680,,,0.08575,,25.2,,,-0.293,,,,,,
,58,,0.12850,,,7.419,,,0.04275,,25.3,,,-0.261,,,,,,
,88,,0.15000,,,7.284,,,0.02150,,25.3,,,-0.135,,,,,,
,179,,0.17075,,,7.191,,,0.02075,,25.3,,,-0.093,,,,,,
,209,,0.21450,,,7.024,,,0.04375,,25.3,,,-0.167,,,-3.83,,,
,239,,0.25550,,,6.889,,,0.04100,,25.3,,,-0.135,,,-3.04,,,
,269,,0.30400,,,6.759,,,0.04850,,25.3,,,-0.130,,,-2.54,,,
,300,,0.35400,,,6.643,,,0.05000,,25.3,,,-0.116,,,-2.19,,,
,330,,0.40400,,,6.533,,,0.05000,,25.3,,,-0.110,,,-1.93,,,
,360,,0.45400,,,6.447,,,0.05000,,25.3,,,-0.086,,,-1.74,,,
,390,,0.50400,,,6.363,,,0.05000,,25.3,,,-0.084,,,-1.60,,,
,421,,0.55400,,,6.286,,,0.05000,,25.3,,,-0.077,,,-1.49,,,
,451,,0.60400,,,6.211,,,0.05000,,25.3,,,-0.075,,,-1.43,,,
,481,,0.65400,,,6.141,,,0.05000,,25.3,,,-0.070,,,-1.40,,,
,511,,0.70400,,,6.071,,,0.05000,,25.3,,,-0.070,,,-1.37,,,
,542,,0.75400,,,6.005,,,0.05000,,25.3,,,-0.066,,,-1.36,,,
,572,,0.80400,,,5.933,,,0.05000,,25.3,,,-0.072,,,-1.38,,,
,602,,0.85400,,,5.864,,,0.05000,,25.3,,,-0.069,,,-1.42,,,
,632,,0.90400,,,5.792,,,0.05000,,25.3,,,-0.072,,,-1.48,,,
,663,,0.95400,,,5.715,,,0.05000,,25.3,,,-0.077,,,-1.58,,,
,693,,1.00400,,,5.629,,,0.05000,,25.3,,,-0.086,,,-1.75,,,
,723,,1.05400,,,5.537,,,0.05000,,25.3,,,-0.092,,,-2.01,,,
,753,,1.10400,,,5.427,,,0.05000,,25.3,,,-0.110,,,-2.41,,,
,784,,1.15400,,,5.297,,,0.05000,,25.3,,,-0.130,,,-3.04,,,
,814,,1.20400,,,5.130,,,0.05000,,25.3,,,-0.167,,,-4.04,,,
,844,,1.23700,,,4.991,,,0.03300,,25.3,,,-0.139,,,-4.95,,,
,874,,1.26250,,,4.856,,,0.02550,,25.3,,,-0.135,,,-5.73,,,
,904,,1.28300,,,4.726,,,0.02050,,25.3,,,-0.130,,,-6.40,,,
,935,,1.30100,,,4.594,,,0.01800,,25.3,,,-0.132,,,-7.06,,,
,,,1.315306 ???,,,4.480 ???,,,,,,,,,,,,,,EQP
,965,,1.31675,,,4.468,,,0.01575,,25.3,,,-0.126,,,-7.53,,,
,995,,1.33250,,,4.344,,,0.01575,,25.3,,,-0.124,,,-7.14,,,
,1026,,1.35000,,,4.216,,,0.01750,,25.3,,,-0.128,,,-6.38,,,
,1056,,1.36975,,,4.089,,,0.01975,,25.3,,,-0.127,,,-5.65,,,
,1086,,1.39425,,,3.962,,,0.02450,,25.3,,,-0.127,,,-4.81,,,
,1116,,1.42625,,,3.831,,,0.03200,,25.3,,,-0.131,,,-3.85,,,
,1146,,1.46900,,,3.699,,,0.04275,,25.3,,,-0.132,,,-2.89,,,
,1177,,1.51900,,,3.580,,,0.05000,,25.3,,,-0.119,,,-2.15,,,
,1207,,1.56900,,,3.486,,,0.05000,,25.3,,,-0.094,,,-1.70,,,
,1237,,1.61900,,,3.409,,,0.05000,,25.3,,,-0.077,,,-1.40,,,
,1267,,1.66900,,,3.343,,,0.05000,,25.3,,,-0.066,,,-1.20,,,
,1298,,1.71900,,,3.287,,,0.05000,,25.3,,,-0.056,,,-1.06,,,
,1328,,1.76900,,,3.235,,,0.05000,,25.3,,,-0.052,,,-0.95,,,
,1358,,1.81900,,,3.191,,,0.05000,,25.3,,,-0.044,,,-0.86,,,
,1388,,1.86900,,,3.147,,,0.05000,,25.3,,,-0.044,,,-0.78,,,
,1419,,1.91900,,,3.112,,,0.05000,,25.3,,,-0.035,,,,,,
,1449,,1.96900,,,3.077,,,0.05000,,25.3,,,-0.035,,,,,,
,1479,,2.01900,,,3.046,,,0.05000,,25.3,,,-0.031,,,,,,
,1509,,2.06900,,,3.016,,,0.05000,,25.3,,,-0.030,,,,,,
,1540,,2.11900,,,2.988,,,0.05000,,25.3,,,-0.028,,,,,,
Measure (normal) [1],,,,,,,,"Scope 1/1, Sample 35/75",,,,,,,,,,,,
Measured Values,,,,,"Scope 1/1, Sample 35/75",,,,,,,,,,,,,,,
,Time,,,,,Meas. value,,,,,Temp.,,,,,dE,,,,
,[s],,,,,[pH],,,,,[°C],,,,,[pH],,,,
,1,,,,,4.985,,,,,23.7,,,,,,,,,
,2,,,,,5.230,,,,,23.9,,,,,0.245,,,,
,3,,,,,5.435,,,,,24.1,,,,,0.205,,,,
,4,,,,,5.595,,,,,24.4,,,,,0.160,,,,
,5,,,,,5.729,,,,,24.6,,,,,0.134,,,,
,6,,,,,5.843,,,,,24.7,,,,,0.114,,,,
,7,,,,,5.945,,,,,24.9,,,,,0.102,,,,
,8,,,,,6.028,,,,,25.0,,,,,0.083,,,,
,9,,,,,6.112,,,,,25.1,,,,,0.084,,,,
,10,,,,,6.192,,,,,25.2,,,,,0.080,,,,
,11,,,,,6.266,,,,,25.2,,,,,0.074,,,,
,12,,,,,6.336,,,,,25.2,,,,,0.070,,,,
,13,,,,,6.403,,,,,25.3,,,,,0.067,,,,
,14,,,,,6.466,,,,,25.3,,,,,0.063,,,,
,15,,,,,6.521,,,,,25.3,,,,,0.055,,,,
,16,,,,,6.580,,,,,25.3,,,,,0.059,,,,
,17,,,,,6.636,,,,,25.4,,,,,0.056,,,,
,18,,,,,6.688,,,,,25.4,,,,,0.052,,,,
,19,,,,,6.738,,,,,25.4,,,,,0.050,,,,
,20,,,,,6.786,,,,,25.4,,,,,0.048,,,,
,21,,,,,6.832,,,,,25.4,,,,,0.046,,,,
,22,,,,,6.872,,,,,25.4,,,,,0.040,,,,
,23,,,,,6.915,,,,,25.4,,,,,0.043,,,,
,24,,,,,6.954,,,,,25.4,,,,,0.039,,,,
,25,,,,,6.989,,,,,25.4,,,,,0.035,,,,
,26,,,,,7.025,,,,,25.4,,,,,0.036,,,,
,27,,,,,7.057,,,,,25.4,,,,,0.032,,,,
,28,,,,,7.083,,,,,25.4,,,,,0.026,,,,
,29,,,,,7.109,,,,,25.4,,,,,0.026,,,,
,30,,,,,7.143,,,,,25.4,,,,,0.034,,,,
,31,,,,,7.170,,,,,25.4,,,,,0.027,,,,
,32,,,,,7.197,,,,,25.4,,,,,0.027,,,,
,33,,,,,7.223,,,,,25.4,,,,,0.026,,,,
,34,,,,,7.245,,,,,25.4,,,,,0.022,,,,
,35,,,,,7.266,,,,,25.4,,,,,0.021,,,,
,36,,,,,7.284,,,,,25.4,,,,,0.018,,,,
,37,,,,,7.304,,,,,25.4,,,,,0.020,,,,
,38,,,,,7.322,,,,,25.4,,,,,0.018,,,,
,39,,,,,7.340,,,,,25.4,,,,,0.018,,,,
,40,,,,,7.357,,,,,25.4,,,,,0.017,,,,
,41,,,,,7.372,,,,,25.4,,,,,0.015,,,,
,42,,,,,7.387,,,,,25.4,,,,,0.015,,,,
,43,,,,,7.399,,,,,25.4,,,,,0.012,,,,
,44,,,,,7.412,,,,,25.4,,,,,0.013,,,,
,45,,,,,7.424,,,,,25.4,,,,,0.012,,,,
,46,,,,,7.436,,,,,25.4,,,,,0.012,,,,
,47,,,,,7.447,,,,,25.4,,,,,0.011,,,,
,48,,,,,7.458,,,,,25.4,,,,,0.011,,,,
,49,,,,,7.467,,,,,25.4,,,,,0.009,,,,
,50,,,,,7.476,,,,,25.4,,,,,0.009,,,,
,51,,,,,7.484,,,,,25.4,,,,,0.008,,,,
,52,,,,,7.492,,,,,25.4,,,,,0.008,,,,
,53,,,,,7.500,,,,,25.4,,,,,0.008,,,,
,54,,,,,7.508,,,,,25.4,,,,,0.008,,,,
,55,,,,,7.515,,,,,25.4,,,,,0.007,,,,
,56,,,,,7.522,,,,,25.4,,,,,0.007,,,,
,57,,,,,7.527,,,,,25.4,,,,,0.005,,,,
,58,,,,,7.533,,,,,25.4,,,,,0.006,,,,
,59,,,,,7.538,,,,,25.4,,,,,0.005,,,,
,60,,,,,7.544,,,,,25.4,,,,,0.006,,,,
Titration (EQP) [1],,,,,,,,"Scope 1/1, Sample 35/75",,,,,,,,,,,,
Measured Values,,,,,"Scope 1/1, Sample 35/75",,,,,,,,,,,,,,,
,Time,,V,,,Meas. value,,,dV,,Temp.,,,dE,,,dE/dV,,,EQP
,[s],,[mL],,,[pH],,,[mL],,[°C],,,[pH],,,[pH/mL],,,
,0,,0.00000,,,7.554,,,,,25.4,,,,,,,,,
,28,,0.08575,,,7.272,,,0.08575,,25.4,,,-0.282,,,,,,
,58,,0.12850,,,7.084,,,0.04275,,25.4,,,-0.188,,,,,,
,88,,0.15000,,,7.004,,,0.02150,,25.4,,,-0.080,,,,,,
,179,,0.19125,,,6.910,,,0.04125,,25.4,,,-0.094,,,,,,
,209,,0.24125,,,6.809,,,0.05000,,25.4,,,-0.101,,,-2.15,,,
,239,,0.29125,,,6.712,,,0.05000,,25.4,,,-0.097,,,-1.80,,,
,269,,0.34125,,,6.617,,,0.05000,,25.4,,,-0.095,,,-1.74,,,
,300,,0.39125,,,6.533,,,0.05000,,25.4,,,-0.084,,,-1.67,,,
,330,,0.44125,,,6.451,,,0.05000,,25.4,,,-0.082,,,-1.58,,,
,360,,0.49125,,,6.374,,,0.05000,,25.4,,,-0.077,,,-1.50,,,
,390,,0.54125,,,6.302,,,0.05000,,25.4,,,-0.072,,,-1.45,,,
,421,,0.59125,,,6.228,,,0.05000,,25.4,,,-0.074,,,-1.43,,,
,451,,0.64125,,,6.158,,,0.05000,,25.4,,,-0.070,,,-1.43,,,
,481,,0.69125,,,6.085,,,0.05000,,25.4,,,-0.073,,,-1.46,,,
,511,,0.74125,,,6.011,,,0.05000,,25.4,,,-0.074,,,-1.52,,,
,542,,0.79125,,,5.932,,,0.05000,,25.4,,,-0.079,,,-1.60,,,
,572,,0.84125,,,5.846,,,0.05000,,25.4,,,-0.086,,,-1.75,,,
,602,,0.89125,,,5.754,,,0.05000,,25.4,,,-0.092,,,-1.97,,,
,632,,0.94125,,,5.649,,,0.05000,,25.4,,,-0.105,,,-2.32,,,
,662,,0.99125,,,5.522,,,0.05000,,25.4,,,-0.127,,,-2.90,,,
,693,,1.04125,,,5.364,,,0.05000,,25.4,,,-0.158,,,-3.84,,,
,723,,1.07800,,,5.215,,,0.03675,,25.4,,,-0.149,,,-4.87,,,
,753,,1.10425,,,5.081,,,0.02625,,25.4,,,-0.134,,,-5.78,,,
,784,,1.12550,,,4.951,,,0.02125,,25.4,,,-0.130,,,-6.59,,,
,814,,1.14400,,,4.816,,,0.01850,,25.4,,,-0.135,,,-7.36,,,
,844,,1.15975,,,4.681,,,0.01575,,25.4,,,-0.135,,,-8.14,,,
,,,1.170502 ???,,,4.583 ???,,,,,,,,,,,,,,EQP
,874,,1.17325,,,4.558,,,0.01350,,25.4,,,-0.123,,,-8.41,,,
,904,,1.18750,,,4.435,,,0.01425,,25.4,,,-0.123,,,-7.87,,,
,935,,1.20400,,,4.304,,,0.01650,,25.4,,,-0.131,,,-7.01,,,
,965,,1.22275,,,4.175,,,0.01875,,25.4,,,-0.129,,,-6.19,,,
,995,,1.24575,,,4.046,,,0.02300,,25.4,,,-0.129,,,-5.26,,,
,1025,,1.27500,,,3.913,,,0.02925,,25.4,,,-0.133,,,-4.25,,,
,1056,,1.31225,,,3.785,,,0.03725,,25.4,,,-0.128,,,-3.29,,,
,1086,,1.36225,,,3.652,,,0.05000,,25.4,,,-0.133,,,-2.41,,,
,1116,,1.41225,,,3.549,,,0.05000,,25.4,,,-0.103,,,-1.86,,,
,1146,,1.46225,,,3.465,,,0.05000,,25.4,,,-0.084,,,-1.52,,,
,1177,,1.51225,,,3.394,,,0.05000,,25.4,,,-0.071,,,-1.29,,,
,1207,,1.56225,,,3.334,,,0.05000,,25.4,,,-0.060,,,-1.12,,,
,1237,,1.61225,,,3.279,,,0.05000,,25.4,,,-0.055,,,-1.00,,,
,1267,,1.66225,,,3.232,,,0.05000,,25.4,,,-0.047,,,-0.91,,,
,1298,,1.71225,,,3.188,,,0.05000,,25.4,,,-0.044,,,-0.82,,,
,1328,,1.76225,,,3.149,,,0.05000,,25.4,,,-0.039,,,-0.76,,,
,1358,,1.81225,,,3.112,,,0.05000,,25.4,,,-0.037,,,,,,
,1388,,1.86225,,,3.079,,,0.05000,,25.4,,,-0.033,,,,,,
,1419,,1.91225,,,3.048,,,0.05000,,25.4,,,-0.031,,,,,,
,1449,,1.96225,,,3.019,,,0.05000,,25.4,,,-0.029,,,,,,
,1479,,2.01225,,,2.992,,,0.05000,,25.4,,,-0.027,,,,,,
Measure (normal) [1],,,,,,,,"Scope 1/1, Sample 36/75",,,,,,,,,,,,
Measured Values,,,,,"Scope 1/1, Sample 36/75",,,,,,,,,,,,,,,
,Time,,,,,Meas. value,,,,,Temp.,,,,,dE,,,,
,[s],,,,,[pH],,,,,[°C],,,,,[pH],,,,
,1,,,,,4.843,,,,,24.1,,,,,,,,,
,2,,,,,5.102,,,,,24.3,,,,,0.259,,,,
,3,,,,,5.337,,,,,24.4,,,,,0.235,,,,
,4,,,,,5.521,,,,,24.6,,,,,0.184,,,,
,5,,,,,5.674,,,,,24.8,,,,,0.153,,,,
,6,,,,,5.806,,,,,24.9,,,,,0.132,,,,
,7,,,,,5.927,,,,,25.0,,,,,0.121,,,,
,8,,,,,6.031,,,,,25.1,,,,,0.104,,,,
,9,,,,,6.143,,,,,25.2,,,,,0.112,,,,
,10,,,,,6.247,,,,,25.2,,,,,0.104,,,,
,11,,,,,6.344,,,,,25.3,,,,,0.097,,,,
,12,,,,,6.436,,,,,25.3,,,,,0.092,,,,
,13,,,,,6.525,,,,,25.3,,,,,0.089,,,,
,14,,,,,6.608,,,,,25.3,,,,,0.083,,,,
,15,,,,,6.681,,,,,25.4,,,,,0.073,,,,
,16,,,,,6.755,,,,,25.4,,,,,0.074,,,,
,17,,,,,6.827,,,,,25.4,,,,,0.072,,,,
,18,,,,,6.900,,,,,25.4,,,,,0.073,,,,
,19,,,,,6.964,,,,,25.4,,,,,0.064,,,,
,20,,,,,7.022,,,,,25.4,,,,,0.058,,,,
,21,,,,,7.075,,,,,25.4,,,,,0.053,,,,
,22,,,,,7.124,,,,,25.4,,,,,0.049,,,,
,23,,,,,7.178,,,,,25.4,,,,,0.054,,,,
,24,,,,,7.226,,,,,25.4,,,,,0.048,,,,
,25,,,,,7.269,,,,,25.4,,,,,0.043,,,,
,26,,,,,7.311,,,,,25.4,,,,,0.042,,,,
,27,,,,,7.351,,,,,25.4,,,,,0.040,,,,
,28,,,,,7.387,,,,,25.4,,,,,0.036,,,,
,29,,,,,7.418,,,,,25.4,,,,,0.031,,,,
,30,,,,,7.450,,,,,25.4,,,,,0.032,,,,
,31,,,,,7.479,,,,,25.4,,,,,0.029,,,,
,32,,,,,7.508,,,,,25.4,,,,,0.029,,,,
,33,,,,,7.534,,,,,25.4,,,,,0.026,,,,
,34,,,,,7.558,,,,,25.4,,,,,0.024,,,,
,35,,,,,7.579,,,,,25.4,,,,,0.021,,,,
,36,,,,,7.598,,,,,25.4,,,,,0.019,,,,
,37,,,,,7.617,,,,,25.4,,,,,0.019,,,,
,38,,,,,7.635,,,,,25.4,,,,,0.018,,,,
,39,,,,,7.651,,,,,25.4,,,,,0.016,,,,
,40,,,,,7.666,,,,,25.4,,,,,0.015,,,,
,41,,,,,7.681,,,,,25.4,,,,,0.015,,,,
,42,,,,,7.694,,,,,25.4,,,,,0.013,,,,
,43,,,,,7.705,,,,,25.4,,,,,0.011,,,,
,44,,,,,7.716,,,,,25.4,,,,,0.011,,,,
,45,,,,,7.727,,,,,25.4,,,,,0.011,,,,
,46,,,,,7.736,,,,,25.4,,,,,0.009,,,,
,47,,,,,7.746,,,,,25.4,,,,,0.010,,,,
,48,,,,,7.754,,,,,25.4,,,,,0.008,,,,
,49,,,,,7.762,,,,,25.4,,,,,0.008,,,,
,50,,,,,7.769,,,,,25.4,,,,,0.007,,,,
,51,,,,,7.776,,,,,25.4,,,,,0.007,,,,
,52,,,,,7.782,,,,,25.4,,,,,0.006,,,,
,53,,,,,7.787,,,,,25.4,,,,,0.005,,,,
,54,,,,,7.793,,,,,25.4,,,,,0.006,,,,
,55,,,,,7.797,,,,,25.4,,,,,0.004,,,,
,56,,,,,7.802,,,,,25.4,,,,,0.005,,,,
,57,,,,,7.806,,,,,25.4,,,,,0.004,,,,
,58,,,,,7.811,,,,,25.4,,,,,0.005,,,,
,59,,,,,7.814,,,,,25.4,,,,,0.003,,,,
,60,,,,,7.818,,,,,25.4,,,,,0.004,,,,
Titration (EQP) [1],,,,,,,,"Scope 1/1, Sample 36/75",,,,,,,,,,,,
Measured Values,,,,,"Scope 1/1, Sample 36/75",,,,,,,,,,,,,,,
,Time,,V,,,Meas. value,,,dV,,Temp.,,,dE,,,dE/dV,,,EQP
,[s],,[mL],,,[pH],,,[mL],,[°C],,,[pH],,,[pH/mL],,,
,0,,0.00000,,,7.826,,,,,25.4,,,,,,,,,
,28,,0.08575,,,7.418,,,0.08575,,25.4,,,-0.408,,,,,,
,58,,0.12850,,,7.192,,,0.04275,,25.4,,,-0.226,,,,,,
,88,,0.15000,,,7.082,,,0.02150,,25.4,,,-0.110,,,,,,
,179,,0.17700,,,7.005,,,0.02700,,25.4,,,-0.077,,,,,,
,209,,0.22700,,,6.898,,,0.05000,,25.4,,,-0.107,,,-2.47,,,
,239,,0.27700,,,6.790,,,0.05000,,25.4,,,-0.108,,,-1.96,,,
,270,,0.32700,,,6.691,,,0.05000,,25.4,,,-0.099,,,-1.85,,,
,300,,0.37700,,,6.599,,,0.05000,,25.4,,,-0.092,,,-1.77,,,
,330,,0.42700,,,6.511,,,0.05000,,25.4,,,-0.088,,,-1.67,,,
,360,,0.47700,,,6.431,,,0.05000,,25.4,,,-0.080,,,-1.57,,,
,390,,0.52700,,,6.356,,,0.05000,,25.4,,,-0.075,,,-1.50,,,
,421,,0.57700,,,6.282,,,0.05000,,25.4,,,-0.074,,,-1.46,,,
,451,,0.62700,,,6.208,,,0.05000,,25.4,,,-0.074,,,-1.46,,,
,481,,0.67700,,,6.135,,,0.05000,,25.4,,,-0.073,,,-1.49,,,
,511,,0.72700,,,6.060,,,0.05000,,25.4,,,-0.075,,,-1.53,,,
,542,,0.77700,,,5.979,,,0.05000,,25.4,,,-0.081,,,-1.60,,,
,572,,0.82700,,,5.896,,,0.05000,,25.4,,,-0.083,,,-1.72,,,
,602,,0.87700,,,5.805,,,0.05000,,25.4,,,-0.091,,,-1.92,,,
,632,,0.92700,,,5.702,,,0.05000,,25.4,,,-0.103,,,-2.23,,,
,663,,0.97700,,,5.580,,,0.05000,,25.4,,,-0.122,,,-2.74,,,
,693,,1.02700,,,5.432,,,0.05000,,25.4,,,-0.148,,,-3.58,,,
,723,,1.06875,,,5.271,,,0.04175,,25.4,,,-0.161,,,-4.67,,,
,753,,1.09600,,,5.141,,,0.02725,,25.4,,,-0.130,,,-5.62,,,
,784,,1.11900,,,5.003,,,0.02300,,25.4,,,-0.138,,,-6.55,,,
,814,,1.13700,,,4.876,,,0.01800,,25.4,,,-0.127,,,-7.34,,,
,844,,1.15325,,,4.739,,,0.01625,,25.4,,,-0.137,,,-8.17,,,
,,,1.161904,,,4.659,,,,,,,,,,,,,,EQP
,874,,1.16675,,,4.614,,,0.01350,,25.4,,,-0.125,,,-8.82,,,
,905,,1.18025,,,4.489,,,0.01350,,25.4,,,-0.125,,,-8.61,,,
,935,,1.19475,,,4.360,,,0.01450,,25.4,,,-0.129,,,-7.79,,,
,965,,1.21075,,,4.236,,,0.01600,,25.4,,,-0.124,,,-6.93,,,
,995,,1.23075,,,4.105,,,0.02000,,25.4,,,-0.131,,,-6.02,,,
,1026,,1.25500,,,3.976,,,0.02425,,25.4,,,-0.129,,,-5.01,,,
,1056,,1.28650,,,3.845,,,0.03150,,25.4,,,-0.131,,,-3.97,,,
,1086,,1.32825,,,3.713,,,0.04175,,25.4,,,-0.132,,,-2.98,,,
,1116,,1.37825,,,3.591,,,0.05000,,25.4,,,-0.122,,,-2.21,,,
,1146,,1.42825,,,3.495,,,0.05000,,25.4,,,-0.096,,,-1.74,,,
,1177,,1.47825,,,3.415,,,0.05000,,25.4,,,-0.080,,,-1.44,,,
,1207,,1.52825,,,3.348,,,0.05000,,25.4,,,-0.067,,,-1.23,,,
,1237,,1.57825,,,3.290,,,0.05000,,25.4,,,-0.058,,,-1.08,,,
,1268,,1.62825,,,3.238,,,0.05000,,25.4,,,-0.052,,,-0.97,,,
,1298,,1.67825,,,3.191,,,0.05000,,25.4,,,-0.047,,,-0.88,,,
,1328,,1.72825,,,3.150,,,0.05000,,25.4,,,-0.041,,,-0.80,,,
,1358,,1.77825,,,3.111,,,0.05000,,25.4,,,-0.039,,,,,,
,1388,,1.82825,,,3.076,,,0.05000,,25.4,,,-0.035,,,,,,
,1419,,1.87825,,,3.044,,,0.05000,,25.4,,,-0.032,,,,,,
,1449,,1.92825,,,3.013,,,0.05000,,25.4,,,-0.031,,,,,,
,1479,,1.97825,,,2.985,,,0.05000,,25.4,,,-0.028,,,,,,
Measure (normal) [1],,,,,,,,"Scope 1/1, Sample 37/75",,,,,,,,,,,,
Measured Values,,,,,"Scope 1/1, Sample 37/75",,,,,,,,,,,,,,,
,Time,,,,,Meas. value,,,,,Temp.,,,,,dE,,,,
,[s],,,,,[pH],,,,,[°C],,,,,[pH],,,,
,1,,,,,4.762,,,,,23.9,,,,,,,,,
,2,,,,,5.055,,,,,24.1,,,,,0.293,,,,
,3,,,,,5.304,,,,,24.3,,,,,0.249,,,,
,4,,,,,5.498,,,,,24.5,,,,,0.194,,,,
,5,,,,,5.660,,,,,24.7,,,,,0.162,,,,
,6,,,,,5.802,,,,,24.8,,,,,0.142,,,,
,7,,,,,5.930,,,,,24.9,,,,,0.128,,,,
,8,,,,,6.037,,,,,25.0,,,,,0.107,,,,
,9,,,,,6.150,,,,,25.1,,,,,0.113,,,,
,10,,,,,6.258,,,,,25.2,,,,,0.108,,,,
,11,,,,,6.359,,,,,25.2,,,,,0.101,,,,
,12,,,,,6.456,,,,,25.3,,,,,0.097,,,,
,13,,,,,6.549,,,,,25.3,,,,,0.093,,,,
,14,,,,,6.637,,,,,25.3,,,,,0.088,,,,
,15,,,,,6.711,,,,,25.3,,,,,0.074,,,,
,16,,,,,6.788,,,,,25.3,,,,,0.077,,,,
,17,,,,,6.863,,,,,25.4,,,,,0.075,,,,
,18,,,,,6.937,,,,,25.4,,,,,0.074,,,,
,19,,,,,7.001,,,,,25.4,,,,,0.064,,,,
,20,,,,,7.062,,,,,25.4,,,,,0.061,,,,
,21,,,,,7.116,,,,,25.4,,,,,0.054,,,,
,22,,,,,7.170,,,,,25.4,,,,,0.054,,,,
,23,,,,,7.223,,,,,25.4,,,,,0.053,,,,
,24,,,,,7.268,,,,,25.4,,,,,0.045,,,,
,25,,,,,7.312,,,,,25.4,,,,,0.044,,,,
,26,,,,,7.355,,,,,25.4,,,,,0.043,,,,
,27,,,,,7.394,,,,,25.4,,,,,0.039,,,,
,28,,,,,7.428,,,,,25.4,,,,,0.034,,,,
,29,,,,,7.462,,,,,25.4,,,,,0.034,,,,
,30,,,,,7.490,,,,,25.4,,,,,0.028,,,,
,31,,,,,7.520,,,,,25.4,,,,,0.030,,,,
,32,,,,,7.546,,,,,25.4,,,,,0.026,,,,
,33,,,,,7.571,,,,,25.4,,,,,0.025,,,,
,34,,,,,7.594,,,,,25.4,,,,,0.023,,,,
,35,,,,,7.614,,,,,25.4,,,,,0.020,,,,
,36,,,,,7.632,,,,,25.4,,,,,0.018,,,,
,37,,,,,7.649,,,,,25.4,,,,,0.017,,,,
,38,,,,,7.665,,,,,25.4,,,,,0.016,,,,
,39,,,,,7.680,,,,,25.4,,,,,0.015,,,,
,40,,,,,7.694,,,,,25.4,,,,,0.014,,,,
,41,,,,,7.707,,,,,25.4,,,,,0.013,,,,
,42,,,,,7.719,,,,,25.4,,,,,0.012,,,,
,43,,,,,7.729,,,,,25.4,,,,,0.010,,,,
,44,,,,,7.739,,,,,25.4,,,,,0.010,,,,
,45,,,,,7.748,,,,,25.4,,,,,0.009,,,,
,46,,,,,7.757,,,,,25.4,,,,,0.009,,,,
,47,,,,,7.765,,,,,25.4,,,,,0.008,,,,
,48,,,,,7.772,,,,,25.4,,,,,0.007,,,,
,49,,,,,7.779,,,,,25.4,,,,,0.007,,,,
,50,,,,,7.785,,,,,25.4,,,,,0.006,,,,
,51,,,,,7.791,,,,,25.4,,,,,0.006,,,,
,52,,,,,7.796,,,,,25.4,,,,,0.005,,,,
,53,,,,,7.802,,,,,25.4,,,,,0.006,,,,
,54,,,,,7.806,,,,,25.4,,,,,0.004,,,,
,55,,,,,7.810,,,,,25.4,,,,,0.004,,,,
,56,,,,,7.815,,,,,25.4,,,,,0.005,,,,
,57,,,,,7.818,,,,,25.4,,,,,0.003,,,,
,58,,,,,7.822,,,,,25.4,,,,,0.004,,,,
,59,,,,,7.825,,,,,25.4,,,,,0.003,,,,
,60,,,,,7.828,,,,,25.4,,,,,0.003,,,,
Titration (EQP) [1],,,,,,,,"Scope 1/1, Sample 37/75",,,,,,,,,,,,
Measured Values,,,,,"Scope 1/1, Sample 37/75",,,,,,,,,,,,,,,
,Time,,V,,,Meas. value,,,dV,,Temp.,,,dE,,,dE/dV,,,EQP
,[s],,[mL],,,[pH],,,[mL],,[°C],,,[pH],,,[pH/mL],,,
,0,,0.00000,,,7.834,,,,,25.4,,,,,,,,,
,28,,0.08575,,,7.425,,,0.08575,,25.4,,,-0.409,,,,,,
,58,,0.12850,,,7.207,,,0.04275,,25.4,,,-0.218,,,,,,
,88,,0.15000,,,7.098,,,0.02150,,25.4,,,-0.109,,,,,,
,179,,0.17725,,,7.034,,,0.02725,,25.4,,,-0.064,,,,,,
,209,,0.22725,,,6.931,,,0.05000,,25.4,,,-0.103,,,-2.37,,,
,239,,0.27725,,,6.822,,,0.05000,,25.4,,,-0.109,,,-1.90,,,
,269,,0.32725,,,6.723,,,0.05000,,25.4,,,-0.099,,,-1.81,,,
,300,,0.37725,,,6.635,,,0.05000,,25.4,,,-0.088,,,-1.72,,,
,330,,0.42725,,,6.554,,,0.05000,,25.4,,,-0.081,,,-1.60,,,
,360,,0.47725,,,6.476,,,0.05000,,25.4,,,-0.078,,,-1.48,,,
,390,,0.52725,,,6.404,,,0.05000,,25.4,,,-0.072,,,-1.41,,,
,421,,0.57725,,,6.335,,,0.05000,,25.4,,,-0.069,,,-1.37,,,
,451,,0.62725,,,6.265,,,0.05000,,25.4,,,-0.070,,,-1.35,,,
,481,,0.67725,,,6.200,,,0.05000,,25.4,,,-0.065,,,-1.34,,,
,511,,0.72725,,,6.132,,,0.05000,,25.4,,,-0.068,,,-1.36,,,
,542,,0.77725,,,6.061,,,0.05000,,25.4,,,-0.071,,,-1.41,,,
,572,,0.82725,,,5.990,,,0.05000,,25.4,,,-0.071,,,-1.47,,,
,602,,0.87725,,,5.913,,,0.05000,,25.4,,,-0.077,,,-1.57,,,
,632,,0.92725,,,5.830,,,0.05000,,25.4,,,-0.083,,,-1.71,,,
,663,,0.97725,,,5.738,,,0.05000,,25.4,,,-0.092,,,-1.95,,,
,693,,1.02725,,,5.633,,,0.05000,,25.4,,,-0.105,,,-2.33,,,
,723,,1.07725,,,5.507,,,0.05000,,25.4,,,-0.126,,,-2.93,,,
,753,,1.12725,,,5.345,,,0.05000,,25.4,,,-0.162,,,-3.93,,,
,784,,1.16250,,,5.200,,,0.03525,,25.4,,,-0.145,,,-4.95,,,
,814,,1.18850,,,5.065,,,0.02600,,25.4,,,-0.135,,,-5.91,,,
,844,,1.20925,,,4.936,,,0.02075,,25.4,,,-0.129,,,-6.74,,,
,874,,1.22725,,,4.800,,,0.01800,,25.4,,,-0.136,,,-7.52,,,
,905,,1.24225,,,4.671,,,0.01500,,25.4,,,-0.129,,,-8.34,,,
,,,1.253546 ???,,,4.565 ???,,,,,,,,,,,,,,EQP
,935,,1.25600,,,4.542,,,0.01375,,25.4,,,-0.129,,,-8.66,,,
,965,,1.26950,,,4.422,,,0.01350,,25.4,,,-0.120,,,-8.12,,,
,995,,1.28575,,,4.289,,,0.01625,,25.4,,,-0.133,,,-7.22,,,
,1026,,1.30350,,,4.161,,,0.01775,,25.4,,,-0.128,,,-6.40,,,
,1056,,1.32525,,,4.034,,,0.02175,,25.4,,,-0.127,,,-5.48,,,
,1086,,1.35400,,,3.901,,,0.02875,,25.4,,,-0.133,,,-4.42,,,
,1116,,1.39100,,,3.768,,,0.03700,,25.4,,,-0.133,,,-3.39,,,
,1146,,1.43950,,,3.636,,,0.04850,,25.4,,,-0.132,,,-2.49,,,
,1177,,1.48950,,,3.530,,,0.05000,,25.4,,,-0.106,,,-1.91,,,
,1207,,1.53950,,,3.445,,,0.05000,,25.4,,,-0.085,,,-1.55,,,
,1237,,1.58950,,,3.372,,,0.05000,,25.4,,,-0.073,,,-1.31,,,
,1267,,1.63950,,,3.311,,,0.05000,,25.4,,,-0.061,,,-1.14,,,
,1298,,1.68950,,,3.256,,,0.05000,,25.4,,,-0.055,,,-1.01,,,
,1328,,1.73950,,,3.208,,,0.05000,,25.4,,,-0.048,,,-0.91,,,
,1358,,1.78950,,,3.164,,,0.05000,,25.4,,,-0.044,,,-0.83,,,
,1388,,1.83950,,,3.124,,,0.05000,,25.4,,,-0.040,,,,,,
,1419,,1.88950,,,3.088,,,0.05000,,25.4,,,-0.036,,,,,,
,1449,,1.93950,,,3.054,,,0.05000,,25.4,,,-0.034,,,,,,
,1479,,1.98950,,,3.023,,,0.05000,,25.4,,,-0.031,,,,,,
,1509,,2.03950,,,2.995,,,0.05000,,25.4,,,-0.028,,,,,,
Measure (normal) [1],,,,,,,,"Scope 1/1, Sample 38/75",,,,,,,,,,,,
Measured Values,,,,,"Scope 1/1, Sample 38/75",,,,,,,,,,,,,,,
,Time,,,,,Meas. value,,,,,Temp.,,,,,dE,,,,
,[s],,,,,[pH],,,,,[°C],,,,,[pH],,,,
,1,,,,,4.782,,,,,23.8,,,,,,,,,
,2,,,,,5.063,,,,,23.9,,,,,0.281,,,,
,3,,,,,5.292,,,,,24.1,,,,,0.229,,,,
,4,,,,,5.477,,,,,24.3,,,,,0.185,,,,
,5,,,,,5.631,,,,,24.5,,,,,0.154,,,,
,6,,,,,5.765,,,,,24.7,,,,,0.134,,,,
,7,,,,,5.884,,,,,24.9,,,,,0.119,,,,
,8,,,,,5.993,,,,,25.0,,,,,0.109,,,,
,9,,,,,6.086,,,,,25.1,,,,,0.093,,,,
,10,,,,,6.185,,,,,25.1,,,,,0.099,,,,
,11,,,,,6.278,,,,,25.2,,,,,0.093,,,,
,12,,,,,6.367,,,,,25.2,,,,,0.089,,,,
,13,,,,,6.451,,,,,25.3,,,,,0.084,,,,
,14,,,,,6.530,,,,,25.3,,,,,0.079,,,,
,15,,,,,6.605,,,,,25.3,,,,,0.075,,,,
,16,,,,,6.670,,,,,25.3,,,,,0.065,,,,
,17,,,,,6.739,,,,,25.4,,,,,0.069,,,,
,18,,,,,6.804,,,,,25.4,,,,,0.065,,,,
,19,,,,,6.866,,,,,25.4,,,,,0.062,,,,
,20,,,,,6.928,,,,,25.4,,,,,0.062,,,,
,21,,,,,6.981,,,,,25.4,,,,,0.053,,,,
,22,,,,,7.034,,,,,25.4,,,,,0.053,,,,
,23,,,,,7.075,,,,,25.4,,,,,0.041,,,,
,24,,,,,7.120,,,,,25.4,,,,,0.045,,,,
,25,,,,,7.166,,,,,25.4,,,,,0.046,,,,
,26,,,,,7.210,,,,,25.4,,,,,0.044,,,,
,27,,,,,7.248,,,,,25.4,,,,,0.038,,,,
,28,,,,,7.283,,,,,25.4,,,,,0.035,,,,
,29,,,,,7.314,,,,,25.4,,,,,0.031,,,,
,30,,,,,7.347,,,,,25.4,,,,,0.033,,,,
,31,,,,,7.379,,,,,25.4,,,,,0.032,,,,
,32,,,,,7.407,,,,,25.4,,,,,0.028,,,,
,33,,,,,7.433,,,,,25.4,,,,,0.026,,,,
,34,,,,,7.458,,,,,25.4,,,,,0.025,,,,
,35,,,,,7.481,,,,,25.4,,,,,0.023,,,,
,36,,,,,7.500,,,,,25.4,,,,,0.019,,,,
,37,,,,,7.520,,,,,25.4,,,,,0.020,,,,
,38,,,,,7.540,,,,,25.4,,,,,0.020,,,,
,39,,,,,7.558,,,,,25.4,,,,,0.018,,,,
,40,,,,,7.574,,,,,25.4,,,,,0.016,,,,
,41,,,,,7.589,,,,,25.4,,,,,0.015,,,,
,42,,,,,7.604,,,,,25.4,,,,,0.015,,,,
,43,,,,,7.616,,,,,25.4,,,,,0.012,,,,
,44,,,,,7.628,,,,,25.4,,,,,0.012,,,,
,45,,,,,7.640,,,,,25.4,,,,,0.012,,,,
,46,,,,,7.651,,,,,25.4,,,,,0.011,,,,
,47,,,,,7.661,,,,,25.4,,,,,0.010,,,,
,48,,,,,7.671,,,,,25.4,,,,,0.010,,,,
,49,,,,,7.679,,,,,25.4,,,,,0.008,,,,
,50,,,,,7.687,,,,,25.4,,,,,0.008,,,,
,51,,,,,7.694,,,,,25.4,,,,,0.007,,,,
,52,,,,,7.702,,,,,25.4,,,,,0.008,,,,
,53,,,,,7.709,,,,,25.4,,,,,0.007,,,,
,54,,,,,7.715,,,,,25.4,,,,,0.006,,,,
,55,,,,,7.721,,,,,25.4,,,,,0.006,,,,
,56,,,,,7.727,,,,,25.4,,,,,0.006,,,,
,57,,,,,7.731,,,,,25.4,,,,,0.004,,,,
,58,,,,,7.736,,,,,25.4,,,,,0.005,,,,
,59,,,,,7.741,,,,,25.4,,,,,0.005,,,,
,60,,,,,7.745,,,,,25.4,,,,,0.004,,,,
Titration (EQP) [1],,,,,,,,"Scope 1/1, Sample 38/75",,,,,,,,,,,,
Measured Values,,,,,"Scope 1/1, Sample 38/75",,,,,,,,,,,,,,,
,Time,,V,,,Meas. value,,,dV,,Temp.,,,dE,,,dE/dV,,,EQP
,[s],,[mL],,,[pH],,,[mL],,[°C],,,[pH],,,[pH/mL],,,
,0,,0.00000,,,7.755,,,,,25.4,,,,,,,,,
,28,,0.08575,,,7.382,,,0.08575,,25.4,,,-0.373,,,,,,
,58,,0.12850,,,7.168,,,0.04275,,25.4,,,-0.214,,,,,,
,88,,0.15000,,,7.069,,,0.02150,,25.4,,,-0.099,,,,,,
,179,,0.18250,,,6.986,,,0.03250,,25.4,,,-0.083,,,,,,
,209,,0.23250,,,6.882,,,0.05000,,25.4,,,-0.104,,,-2.35,,,
,239,,0.28250,,,6.775,,,0.05000,,25.4,,,-0.107,,,-1.91,,,
,269,,0.33250,,,6.677,,,0.05000,,25.4,,,-0.098,,,-1.81,,,
,300,,0.38250,,,6.586,,,0.05000,,25.4,,,-0.091,,,-1.72,,,
,330,,0.43250,,,6.504,,,0.05000,,25.4,,,-0.082,,,-1.62,,,
,360,,0.48250,,,6.427,,,0.05000,,25.4,,,-0.077,,,-1.51,,,
,390,,0.53250,,,6.354,,,0.05000,,25.4,,,-0.073,,,-1.46,,,
,420,,0.58250,,,6.279,,,0.05000,,25.4,,,-0.075,,,-1.44,,,
,451,,0.63250,,,6.208,,,0.05000,,25.4,,,-0.071,,,-1.43,,,
,481,,0.68250,,,6.137,,,0.05000,,25.4,,,-0.071,,,-1.44,,,
,511,,0.73250,,,6.062,,,0.05000,,25.4,,,-0.075,,,-1.49,,,
,542,,0.78250,,,5.985,,,0.05000,,25.4,,,-0.077,,,-1.56,,,
,572,,0.83250,,,5.906,,,0.05000,,25.4,,,-0.079,,,-1.68,,,
,602,,0.88250,,,5.816,,,0.05000,,25.4,,,-0.090,,,-1.88,,,
,632,,0.93250,,,5.710,,,0.05000,,25.4,,,-0.106,,,-2.18,,,
,662,,0.98250,,,5.597,,,0.05000,,25.4,,,-0.113,,,-2.67,,,
,693,,1.03250,,,5.452,,,0.05000,,25.4,,,-0.145,,,-3.46,,,
,723,,1.07675,,,5.286,,,0.04425,,25.4,,,-0.166,,,-4.57,,,
,753,,1.10475,,,5.154,,,0.02800,,25.4,,,-0.132,,,-5.55,,,
,784,,1.12750,,,5.022,,,0.02275,,25.4,,,-0.132,,,-6.49,,,
,814,,1.14650,,,4.889,,,0.01900,,25.4,,,-0.133,,,-7.30,,,
,844,,1.16250,,,4.753,,,0.01600,,25.4,,,-0.136,,,-8.11,,,
,874,,1.17575,,,4.632,,,0.01325,,25.4,,,-0.121,,,-8.82,,,
,,,1.188312,,,4.514,,,,,,,,,,,,,,EQP
,904,,1.18950,,,4.503,,,0.01375,,25.4,,,-0.129,,,-8.70,,,
,935,,1.20350,,,4.379,,,0.01400,,25.4,,,-0.124,,,-7.92,,,
,965,,1.21975,,,4.249,,,0.01625,,25.4,,,-0.130,,,-7.04,,,
,995,,1.23875,,,4.122,,,0.01900,,25.4,,,-0.127,,,-6.16,,,
,1025,,1.26325,,,3.988,,,0.02450,,25.4,,,-0.134,,,-5.12,,,
,1056,,1.29325,,,3.859,,,0.03000,,25.4,,,-0.129,,,-4.09,,,
,1086,,1.33375,,,3.727,,,0.04050,,25.4,,,-0.132,,,-3.09,,,
,1116,,1.38375,,,3.601,,,0.05000,,25.4,,,-0.126,,,-2.28,,,
,1146,,1.43375,,,3.503,,,0.05000,,25.4,,,-0.098,,,-1.78,,,
,1177,,1.48375,,,3.422,,,0.05000,,25.4,,,-0.081,,,-1.47,,,
,1207,,1.53375,,,3.353,,,0.05000,,25.4,,,-0.069,,,-1.25,,,
,1237,,1.58375,,,3.294,,,0.05000,,25.4,,,-0.059,,,-1.10,,,
,1267,,1.63375,,,3.241,,,0.05000,,25.4,,,-0.053,,,-0.98,,,
,1298,,1.68375,,,3.194,,,0.05000,,25.4,,,-0.047,,,-0.89,,,
,1328,,1.73375,,,3.152,,,0.05000,,25.4,,,-0.042,,,-0.80,,,
,1358,,1.78375,,,3.113,,,0.05000,,25.4,,,-0.039,,,,,,
,1388,,1.83375,,,3.078,,,0.05000,,25.4,,,-0.035,,,,,,
,1418,,1.88375,,,3.045,,,0.05000,,25.4,,,-0.033,,,,,,
,1449,,1.93375,,,3.015,,,0.05000,,25.4,,,-0.030,,,,,,
,1479,,1.98375,,,2.986,,,0.05000,,25.4,,,-0.029,,,,,,
Measure (normal) [1],,,,,,,,"Scope 1/1, Sample 39/75",,,,,,,,,,,,
Measured Values,,,,,"Scope 1/1, Sample 39/75",,,,,,,,,,,,,,,
,Time,,,,,Meas. value,,,,,Temp.,,,,,dE,,,,
,[s],,,,,[pH],,,,,[°C],,,,,[pH],,,,
,1,,,,,2.401,,,,,23.9,,,,,,,,,
,2,,,,,2.338,,,,,24.0,,,,,-0.063,,,,
,3,,,,,2.323,,,,,24.2,,,,,-0.015,,,,
,4,,,,,2.322,,,,,24.5,,,,,-0.001,,,,
,5,,,,,2.325,,,,,24.7,,,,,0.003,,,,
,6,,,,,2.327,,,,,24.8,,,,,0.002,,,,
,7,,,,,2.329,,,,,25.0,,,,,0.002,,,,
,8,,,,,2.330,,,,,25.0,,,,,0.001,,,,
,9,,,,,2.332,,,,,25.1,,,,,0.002,,,,
,10,,,,,2.333,,,,,25.2,,,,,0.001,,,,
,11,,,,,2.333,,,,,25.2,,,,,0.000,,,,
,12,,,,,2.334,,,,,25.3,,,,,0.001,,,,
,13,,,,,2.334,,,,,25.3,,,,,0.000,,,,
,14,,,,,2.334,,,,,25.3,,,,,0.000,,,,
,15,,,,,2.335,,,,,25.4,,,,,0.001,,,,
,16,,,,,2.335,,,,,25.4,,,,,0.000,,,,
,17,,,,,2.335,,,,,25.4,,,,,0.000,,,,
,18,,,,,2.335,,,,,25.4,,,,,0.000,,,,
,19,,,,,2.335,,,,,25.4,,,,,0.000,,,,
,20,,,,,2.335,,,,,25.4,,,,,0.000,,,,
,21,,,,,2.335,,,,,25.4,,,,,0.000,,,,
,22,,,,,2.335,,,,,25.4,,,,,0.000,,,,
,23,,,,,2.335,,,,,25.4,,,,,0.000,,,,
,24,,,,,2.335,,,,,25.4,,,,,0.000,,,,
,25,,,,,2.335,,,,,25.4,,,,,0.000,,,,
,26,,,,,2.335,,,,,25.4,,,,,0.000,,,,
,27,,,,,2.335,,,,,25.4,,,,,0.000,,,,
,28,,,,,2.335,,,,,25.4,,,,,0.000,,,,
,29,,,,,2.335,,,,,25.4,,,,,0.000,,,,
,30,,,,,2.335,,,,,25.4,,,,,0.000,,,,
,31,,,,,2.335,,,,,25.4,,,,,0.000,,,,
,32,,,,,2.335,,,,,25.4,,,,,0.000,,,,
,33,,,,,2.335,,,,,25.4,,,,,0.000,,,,
,34,,,,,2.335,,,,,25.4,,,,,0.000,,,,
,35,,,,,2.335,,,,,25.4,,,,,0.000,,,,
,36,,,,,2.334,,,,,25.4,,,,,-0.001,,,,
,37,,,,,2.335,,,,,25.4,,,,,0.001,,,,
,38,,,,,2.335,,,,,25.4,,,,,0.000,,,,
,39,,,,,2.334,,,,,25.4,,,,,-0.001,,,,
,40,,,,,2.334,,,,,25.4,,,,,0.000,,,,
,41,,,,,2.335,,,,,25.4,,,,,0.001,,,,
,42,,,,,2.335,,,,,25.4,,,,,0.000,,,,
,43,,,,,2.334,,,,,25.4,,,,,-0.001,,,,
,44,,,,,2.334,,,,,25.4,,,,,0.000,,,,
,45,,,,,2.334,,,,,25.4,,,,,0.000,,,,
,46,,,,,2.334,,,,,25.4,,,,,0.000,,,,
,47,,,,,2.334,,,,,25.4,,,,,0.000,,,,
,48,,,,,2.334,,,,,25.4,,,,,0.000,,,,
,49,,,,,2.334,,,,,25.4,,,,,0.000,,,,
,50,,,,,2.334,,,,,25.4,,,,,0.000,,,,
,51,,,,,2.334,,,,,25.4,,,,,0.000,,,,
,52,,,,,2.334,,,,,25.4,,,,,0.000,,,,
,53,,,,,2.334,,,,,25.4,,,,,0.000,,,,
,54,,,,,2.334,,,,,25.4,,,,,0.000,,,,
,55,,,,,2.334,,,,,25.4,,,,,0.000,,,,
,56,,,,,2.334,,,,,25.4,,,,,0.000,,,,
,57,,,,,2.335,,,,,25.4,,,,,0.001,,,,
,58,,,,,2.334,,,,,25.4,,,,,-0.001,,,,
,59,,,,,2.334,,,,,25.4,,,,,0.000,,,,
,60,,,,,2.334,,,,,25.4,,,,,0.000,,,,
Titration (EQP) [1],,,,,,,,"Scope 1/1, Sample 39/75",,,,,,,,,,,,
Measured Values,,,,,"Scope 1/1, Sample 39/75",,,,,,,,,,,,,,,
,Time,,,V,,,Meas. value,,,dV,,,Temp.,,dE,,,,dE/dV,
,[s],,,[mL],,,[pH],,,[mL],,,[°C],,[pH],,,,[pH/mL],
,0,,,0.00000,,,2.334,,,,,,25.4,,,,,,,
,28,,,0.08575,,,2.325,,,0.08575,,,25.4,,-0.009,,,,,
,58,,,0.12850,,,2.320,,,0.04275,,,25.4,,-0.005,,,,,
,88,,,0.15000,,,2.318,,,0.02150,,,25.4,,-0.002,,,,,
,179,,,0.20000,,,2.313,,,0.05000,,,25.4,,-0.005,,,,,
,209,,,0.25000,,,2.308,,,0.05000,,,25.4,,-0.005,,,,-0.10,
,239,,,0.30000,,,2.302,,,0.05000,,,25.4,,-0.006,,,,-0.10,
,269,,,0.35000,,,2.297,,,0.05000,,,25.4,,-0.005,,,,-0.10,
,300,,,0.40000,,,2.292,,,0.05000,,,25.4,,-0.005,,,,-0.10,
,330,,,0.45000,,,2.287,,,0.05000,,,25.4,,-0.005,,,,-0.10,
,360,,,0.50000,,,2.282,,,0.05000,,,25.4,,-0.005,,,,-0.10,
,390,,,0.55000,,,2.277,,,0.05000,,,25.4,,-0.005,,,,-0.10,
,421,,,0.60000,,,2.272,,,0.05000,,,25.4,,-0.005,,,,-0.10,
,451,,,0.65000,,,2.267,,,0.05000,,,25.4,,-0.005,,,,-0.10,
,481,,,0.70000,,,2.262,,,0.05000,,,25.4,,-0.005,,,,-0.09,
,511,,,0.75000,,,2.258,,,0.05000,,,25.4,,-0.004,,,,-0.09,
,542,,,0.80000,,,2.253,,,0.05000,,,25.4,,-0.005,,,,-0.09,
,572,,,0.85000,,,2.249,,,0.05000,,,25.4,,-0.004,,,,-0.09,
,602,,,0.90000,,,2.244,,,0.05000,,,25.4,,-0.005,,,,-0.09,
,632,,,0.95000,,,2.239,,,0.05000,,,25.4,,-0.005,,,,-0.09,
,663,,,1.00000,,,2.235,,,0.05000,,,25.4,,-0.004,,,,-0.09,
,693,,,1.05000,,,2.231,,,0.05000,,,25.4,,-0.004,,,,-0.09,
,723,,,1.10000,,,2.226,,,0.05000,,,25.4,,-0.005,,,,-0.09,
,753,,,1.15000,,,2.222,,,0.05000,,,25.4,,-0.004,,,,-0.09,
,784,,,1.20000,,,2.218,,,0.05000,,,25.4,,-0.004,,,,-0.09,
,814,,,1.25000,,,2.213,,,0.05000,,,25.4,,-0.005,,,,-0.09,
,844,,,1.30000,,,2.209,,,0.05000,,,25.4,,-0.004,,,,-0.08,
,874,,,1.35000,,,2.205,,,0.05000,,,25.4,,-0.004,,,,-0.08,
,904,,,1.40000,,,2.201,,,0.05000,,,25.4,,-0.004,,,,-0.08,
,935,,,1.45000,,,2.197,,,0.05000,,,25.4,,-0.004,,,,-0.08,
,965,,,1.50000,,,2.193,,,0.05000,,,25.4,,-0.004,,,,-0.08,
,995,,,1.55000,,,2.189,,,0.05000,,,25.4,,-0.004,,,,-0.08,
,1026,,,1.60000,,,2.185,,,0.05000,,,25.4,,-0.004,,,,-0.08,
,1056,,,1.65000,,,2.182,,,0.05000,,,25.4,,-0.003,,,,-0.07,
,1086,,,1.70000,,,2.178,,,0.05000,,,25.4,,-0.004,,,,-0.07,
,1116,,,1.75000,,,2.174,,,0.05000,,,25.4,,-0.004,,,,-0.08,
,1146,,,1.80000,,,2.170,,,0.05000,,,25.4,,-0.004,,,,-0.07,
,1177,,,1.85000,,,2.167,,,0.05000,,,25.4,,-0.003,,,,-0.08,
,1207,,,1.90000,,,2.163,,,0.05000,,,25.4,,-0.004,,,,-0.07,
,1237,,,1.95000,,,2.159,,,0.05000,,,25.4,,-0.004,,,,-0.07,
,1267,,,2.00000,,,2.156,,,0.05000,,,25.4,,-0.003,,,,-0.07,
,1298,,,2.05000,,,2.152,,,0.05000,,,25.4,,-0.004,,,,-0.07,
,1328,,,2.10000,,,2.149,,,0.05000,,,25.4,,-0.003,,,,-0.07,
,1358,,,2.15000,,,2.145,,,0.05000,,,25.4,,-0.004,,,,-0.07,
,1388,,,2.20000,,,2.142,,,0.05000,,,25.4,,-0.003,,,,-0.07,
,1419,,,2.25000,,,2.138,,,0.05000,,,25.4,,-0.004,,,,-0.07,
,1449,,,2.30000,,,2.135,,,0.05000,,,25.4,,-0.003,,,,-0.07,
,1479,,,2.35000,,,2.132,,,0.05000,,,25.4,,-0.003,,,,-0.06,
,1509,,,2.40000,,,2.128,,,0.05000,,,25.4,,-0.004,,,,-0.07,
,1540,,,2.45000,,,2.125,,,0.05000,,,25.4,,-0.003,,,,-0.06,
,1570,,,2.50000,,,2.122,,,0.05000,,,25.4,,-0.003,,,,-0.07,
,1600,,,2.55000,,,2.119,,,0.05000,,,25.4,,-0.003,,,,-0.07,
,1630,,,2.60000,,,2.115,,,0.05000,,,25.4,,-0.004,,,,-0.06,
,1661,,,2.65000,,,2.112,,,0.05000,,,25.4,,-0.003,,,,-0.06,
,1691,,,2.70000,,,2.109,,,0.05000,,,25.4,,-0.003,,,,-0.06,
,1721,,,2.75000,,,2.106,,,0.05000,,,25.4,,-0.003,,,,-0.06,
,1751,,,2.80000,,,2.103,,,0.05000,,,25.4,,-0.003,,,,-0.06,
,1782,,,2.85000,,,2.100,,,0.05000,,,25.4,,-0.003,,,,-0.06,
,1812,,,2.90000,,,2.097,,,0.05000,,,25.4,,-0.003,,,,-0.06,
,1842,,,2.95000,,,2.094,,,0.05000,,,25.4,,-0.003,,,,-0.06,
,1872,,,3.00000,,,2.091,,,0.05000,,,25.4,,-0.003,,,,-0.06,
,1902,,,3.05000,,,2.088,,,0.05000,,,25.4,,-0.003,,,,-0.06,
,1933,,,3.10000,,,2.085,,,0.05000,,,25.4,,-0.003,,,,-0.06,
,1963,,,3.15000,,,2.082,,,0.05000,,,25.4,,-0.003,,,,-0.06,
,1993,,,3.20000,,,2.079,,,0.05000,,,25.4,,-0.003,,,,-0.06,
,2023,,,3.25000,,,2.077,,,0.05000,,,25.4,,-0.002,,,,-0.06,
,2054,,,3.30000,,,2.073,,,0.05000,,,25.4,,-0.004,,,,-0.06,
,2084,,,3.35000,,,2.070,,,0.05000,,,25.4,,-0.003,,,,-0.06,
,2114,,,3.40000,,,2.067,,,0.05000,,,25.4,,-0.003,,,,-0.05,
,2144,,,3.45000,,,2.065,,,0.05000,,,25.4,,-0.002,,,,-0.05,
,2174,,,3.50000,,,2.062,,,0.05000,,,25.4,,-0.003,,,,-0.05,
,2205,,,3.55000,,,2.060,,,0.05000,,,25.4,,-0.002,,,,-0.05,
,2235,,,3.60000,,,2.057,,,0.05000,,,25.4,,-0.003,,,,-0.05,
,2265,,,3.65000,,,2.054,,,0.05000,,,25.4,,-0.003,,,,-0.06,
,2296,,,3.70000,,,2.051,,,0.05000,,,25.4,,-0.003,,,,-0.06,
,2326,,,3.75000,,,2.049,,,0.05000,,,25.4,,-0.002,,,,-0.05,
,2356,,,3.80000,,,2.046,,,0.05000,,,25.4,,-0.003,,,,-0.05,
,2386,,,3.85000,,,2.043,,,0.05000,,,25.4,,-0.003,,,,-0.05,
,2416,,,3.90000,,,2.041,,,0.05000,,,25.4,,-0.002,,,,-0.05,
,2447,,,3.95000,,,2.039,,,0.05000,,,25.4,,-0.002,,,,-0.05,
,2477,,,4.00000,,,2.036,,,0.05000,,,25.4,,-0.003,,,,-0.05,
,2507,,,4.05000,,,2.033,,,0.05000,,,25.4,,-0.003,,,,-0.05,
,2537,,,4.10000,,,2.032,,,0.05000,,,25.4,,-0.001,,,,-0.05,
,2568,,,4.15000,,,2.029,,,0.05000,,,25.4,,-0.003,,,,-0.05,
,2598,,,4.20000,,,2.026,,,0.05000,,,25.4,,-0.003,,,,-0.05,
,2628,,,4.25000,,,2.024,,,0.05000,,,25.4,,-0.002,,,,-0.05,
,2658,,,4.30000,,,2.021,,,0.05000,,,25.4,,-0.003,,,,-0.05,
,2689,,,4.35000,,,2.019,,,0.05000,,,25.4,,-0.002,,,,-0.05,
,2719,,,4.40000,,,2.017,,,0.05000,,,25.4,,-0.002,,,,-0.04,
,2749,,,4.45000,,,2.014,,,0.05000,,,25.4,,-0.003,,,,-0.05,
,2779,,,4.50000,,,2.012,,,0.05000,,,25.4,,-0.002,,,,-0.04,
,2810,,,4.55000,,,2.010,,,0.05000,,,25.4,,-0.002,,,,-0.05,
,2840,,,4.60000,,,2.008,,,0.05000,,,25.4,,-0.002,,,,-0.05,
,2870,,,4.65000,,,2.005,,,0.05000,,,25.4,,-0.003,,,,-0.05,
,2900,,,4.70000,,,2.003,,,0.05000,,,25.4,,-0.002,,,,-0.05,
,2931,,,4.75000,,,2.000,,,0.05000,,,25.4,,-0.003,,,,-0.05,
,2961,,,4.80000,,,1.998,,,0.05000,,,25.4,,-0.002,,,,-0.05,
,2991,,,4.85000,,,1.996,,,0.05000,,,25.4,,-0.002,,,,-0.04,
,3021,,,4.90000,,,1.994,,,0.05000,,,25.3,,-0.002,,,,-0.04,
,3052,,,4.95000,,,1.991,,,0.05000,,,25.3,,-0.003,,,,-0.04,
,3082,,,5.00000,,,1.989,,,0.05000,,,25.3,,-0.002,,,,-0.04,
,3112,,,5.05000,,,1.988,,,0.05000,,,25.3,,-0.001,,,,-0.04,
,3142,,,5.10000,,,1.985,,,0.05000,,,25.3,,-0.003,,,,-0.04,
,3172,,,5.15000,,,1.983,,,0.05000,,,25.3,,-0.002,,,,-0.04,
,3203,,,5.20000,,,1.981,,,0.05000,,,25.3,,-0.002,,,,-0.04,
,3233,,,5.25000,,,1.979,,,0.05000,,,25.3,,-0.002,,,,-0.05,
,3263,,,5.30000,,,1.977,,,0.05000,,,25.3,,-0.002,,,,-0.04,
,3294,,,5.35000,,,1.974,,,0.05000,,,25.3,,-0.003,,,,-0.05,
,3324,,,5.40000,,,1.972,,,0.05000,,,25.3,,-0.002,,,,-0.04,
,3354,,,5.45000,,,1.970,,,0.05000,,,25.3,,-0.002,,,,-0.04,
,3384,,,5.50000,,,1.968,,,0.05000,,,25.3,,-0.002,,,,-0.04,
,3414,,,5.55000,,,1.966,,,0.05000,,,25.3,,-0.002,,,,-0.03,
,3445,,,5.60000,,,1.964,,,0.05000,,,25.3,,-0.002,,,,-0.04,
,3475,,,5.65000,,,1.962,,,0.05000,,,25.3,,-0.002,,,,-0.04,
,3505,,,5.70000,,,1.962,,,0.05000,,,25.3,,0.000,,,,-0.04,
,3535,,,5.75000,,,1.958,,,0.05000,,,25.3,,-0.004,,,,-0.04,
,3566,,,5.80000,,,1.956,,,0.05000,,,25.3,,-0.002,,,,-0.04,
,3596,,,5.85000,,,1.954,,,0.05000,,,25.3,,-0.002,,,,-0.04,
,3626,,,5.90000,,,1.952,,,0.05000,,,25.3,,-0.002,,,,-0.04,
,3656,,,5.95000,,,1.950,,,0.05000,,,25.3,,-0.002,,,,-0.03,
,3687,,,6.00000,,,1.949,,,0.05000,,,25.3,,-0.001,,,,-0.04,
,3717,,,6.05000,,,1.947,,,0.05000,,,25.3,,-0.002,,,,-0.04,
,3747,,,6.10000,,,1.945,,,0.05000,,,25.3,,-0.002,,,,-0.04,
,3777,,,6.15000,,,1.942,,,0.05000,,,25.3,,-0.003,,,,-0.04,
,3808,,,6.20000,,,1.941,,,0.05000,,,25.3,,-0.001,,,,-0.04,
,3838,,,6.25000,,,1.939,,,0.05000,,,25.3,,-0.002,,,,-0.04,
,3868,,,6.30000,,,1.937,,,0.05000,,,25.3,,-0.002,,,,-0.04,
,3898,,,6.35000,,,1.935,,,0.05000,,,25.3,,-0.002,,,,-0.04,
,3929,,,6.40000,,,1.933,,,0.05000,,,25.3,,-0.002,,,,-0.04,
,3959,,,6.45000,,,1.931,,,0.05000,,,25.3,,-0.002,,,,-0.03,
,3989,,,6.50000,,,1.930,,,0.05000,,,25.3,,-0.001,,,,-0.04,
,4019,,,6.55000,,,1.928,,,0.05000,,,25.3,,-0.002,,,,-0.04,
,4050,,,6.60000,,,1.926,,,0.05000,,,25.3,,-0.002,,,,-0.04,
,4080,,,6.65000,,,1.924,,,0.05000,,,25.3,,-0.002,,,,-0.04,
,4110,,,6.70000,,,1.922,,,0.05000,,,25.3,,-0.002,,,,-0.04,
,4140,,,6.75000,,,1.921,,,0.05000,,,25.4,,-0.001,,,,-0.03,
,4170,,,6.80000,,,1.919,,,0.05000,,,25.4,,-0.002,,,,-0.03,
,4201,,,6.85000,,,1.917,,,0.05000,,,25.4,,-0.002,,,,-0.04,
,4231,,,6.90000,,,1.915,,,0.05000,,,25.4,,-0.002,,,,-0.03,
,4261,,,6.95000,,,1.914,,,0.05000,,,25.4,,-0.001,,,,-0.03,
,4292,,,7.00000,,,1.912,,,0.05000,,,25.4,,-0.002,,,,-0.03,
,4322,,,7.05000,,,1.910,,,0.05000,,,25.4,,-0.002,,,,-0.03,
,4352,,,7.10000,,,1.909,,,0.05000,,,25.4,,-0.001,,,,-0.03,
,4382,,,7.15000,,,1.907,,,0.05000,,,25.4,,-0.002,,,,-0.03,
,4412,,,7.20000,,,1.905,,,0.05000,,,25.4,,-0.002,,,,-0.03,
,4443,,,7.25000,,,1.904,,,0.05000,,,25.4,,-0.001,,,,-0.03,
,4473,,,7.30000,,,1.902,,,0.05000,,,25.4,,-0.002,,,,-0.04,
,4503,,,7.35000,,,1.900,,,0.05000,,,25.4,,-0.002,,,,-0.03,
,4533,,,7.40000,,,1.898,,,0.05000,,,25.4,,-0.002,,,,-0.03,
,4564,,,7.45000,,,1.897,,,0.05000,,,25.3,,-0.001,,,,-0.03,
,4594,,,7.50000,,,1.895,,,0.05000,,,25.4,,-0.002,,,,-0.03,
,4624,,,7.55000,,,1.894,,,0.05000,,,25.4,,-0.001,,,,-0.03,
,4654,,,7.60000,,,1.892,,,0.05000,,,25.4,,-0.002,,,,-0.03,
,4685,,,7.65000,,,1.890,,,0.05000,,,25.4,,-0.002,,,,-0.03,
,4715,,,7.70000,,,1.889,,,0.05000,,,25.4,,-0.001,,,,-0.03,
,4745,,,7.75000,,,1.887,,,0.05000,,,25.4,,-0.002,,,,-0.03,
,4775,,,7.80000,,,1.886,,,0.05000,,,25.4,,-0.001,,,,-0.03,
,4806,,,7.85000,,,1.884,,,0.05000,,,25.4,,-0.002,,,,-0.03,
,4836,,,7.90000,,,1.882,,,0.05000,,,25.4,,-0.002,,,,-0.03,
,4866,,,7.95000,,,1.881,,,0.05000,,,25.4,,-0.001,,,,-0.03,
,4896,,,8.00000,,,1.879,,,0.05000,,,25.4,,-0.002,,,,-0.03,
,4927,,,8.05000,,,1.878,,,0.05000,,,25.4,,-0.001,,,,-0.03,
,4957,,,8.10000,,,1.876,,,0.05000,,,25.4,,-0.002,,,,-0.03,
,4987,,,8.15000,,,1.874,,,0.05000,,,25.4,,-0.002,,,,-0.03,
,5017,,,8.20000,,,1.873,,,0.05000,,,25.4,,-0.001,,,,-0.03,
,5048,,,8.25000,,,1.872,,,0.05000,,,25.4,,-0.001,,,,-0.03,
,5078,,,8.30000,,,1.870,,,0.05000,,,25.4,,-0.002,,,,-0.03,
,5108,,,8.35000,,,1.869,,,0.05000,,,25.4,,-0.001,,,,-0.03,
,5138,,,8.40000,,,1.867,,,0.05000,,,25.4,,-0.002,,,,-0.03,
,5168,,,8.45000,,,1.865,,,0.05000,,,25.4,,-0.002,,,,-0.03,
,5199,,,8.50000,,,1.864,,,0.05000,,,25.4,,-0.001,,,,-0.03,
,5229,,,8.55000,,,1.863,,,0.05000,,,25.4,,-0.001,,,,-0.03,
,5259,,,8.60000,,,1.861,,,0.05000,,,25.4,,-0.002,,,,-0.03,
,5290,,,8.65000,,,1.860,,,0.05000,,,25.4,,-0.001,,,,-0.03,
,5320,,,8.70000,,,1.858,,,0.05000,,,25.4,,-0.002,,,,-0.03,
,5350,,,8.75000,,,1.857,,,0.05000,,,25.4,,-0.001,,,,-0.03,
,5380,,,8.80000,,,1.855,,,0.05000,,,25.4,,-0.002,,,,-0.03,
,5410,,,8.85000,,,1.854,,,0.05000,,,25.4,,-0.001,,,,-0.03,
,5441,,,8.90000,,,1.852,,,0.05000,,,25.4,,-0.002,,,,-0.03,
,5471,,,8.95000,,,1.851,,,0.05000,,,25.4,,-0.001,,,,-0.03,
,5501,,,9.00000,,,1.849,,,0.05000,,,25.4,,-0.002,,,,-0.03,
,5531,,,9.05000,,,1.848,,,0.05000,,,25.4,,-0.001,,,,-0.03,
,5562,,,9.10000,,,1.847,,,0.05000,,,25.4,,-0.001,,,,-0.03,
,5592,,,9.15000,,,1.845,,,0.05000,,,25.4,,-0.002,,,,-0.03,
,5622,,,9.20000,,,1.844,,,0.05000,,,25.4,,-0.001,,,,-0.03,
,5652,,,9.25000,,,1.842,,,0.05000,,,25.4,,-0.002,,,,-0.03,
,5683,,,9.30000,,,1.841,,,0.05000,,,25.4,,-0.001,,,,-0.03,
,5713,,,9.35000,,,1.840,,,0.05000,,,25.4,,-0.001,,,,-0.03,
,5743,,,9.40000,,,1.838,,,0.05000,,,25.4,,-0.002,,,,-0.03,
,5773,,,9.45000,,,1.837,,,0.05000,,,25.4,,-0.001,,,,-0.03,
,5804,,,9.50000,,,1.836,,,0.05000,,,25.4,,-0.001,,,,-0.03,
,5834,,,9.55000,,,1.834,,,0.05000,,,25.4,,-0.002,,,,-0.03,
,5864,,,9.60000,,,1.833,,,0.05000,,,25.4,,-0.001,,,,-0.03,
,5894,,,9.65000,,,1.832,,,0.05000,,,25.4,,-0.001,,,,-0.03,
,5925,,,9.70000,,,1.830,,,0.05000,,,25.4,,-0.002,,,,-0.03,
,5955,,,9.75000,,,1.829,,,0.05000,,,25.4,,-0.001,,,,-0.03,
,5985,,,9.80000,,,1.828,,,0.05000,,,25.4,,-0.001,,,,-0.03,
,6015,,,9.85000,,,1.826,,,0.05000,,,25.4,,-0.002,,,,-0.03,
,6046,,,9.90000,,,1.825,,,0.05000,,,25.4,,-0.001,,,,-0.03,
,6076,,,9.95000,,,1.824,,,0.05000,,,25.4,,-0.001,,,,-0.03,
,6106,,,10.00000,,,1.822,,,0.05000,,,25.4,,-0.002,,,,-0.03,
,6136,,,10.05000,,,1.821,,,0.05000,,,25.4,,-0.001,,,,-0.03,
,6166,,,10.10000,,,1.820,,,0.05000,,,25.4,,-0.001,,,,-0.03,
,6197,,,10.15000,,,1.818,,,0.05000,,,25.4,,-0.002,,,,-0.03,
,6227,,,10.20000,,,1.817,,,0.05000,,,25.4,,-0.001,,,,-0.02,
,6257,,,10.25000,,,1.816,,,0.05000,,,25.4,,-0.001,,,,-0.02,
,6288,,,10.30000,,,1.815,,,0.05000,,,25.4,,-0.001,,,,-0.03,
,6318,,,10.35000,,,1.813,,,0.05000,,,25.4,,-0.002,,,,-0.03,
,6348,,,10.40000,,,1.812,,,0.05000,,,25.4,,-0.001,,,,-0.03,
,6378,,,10.45000,,,1.811,,,0.05000,,,25.4,,-0.001,,,,-0.03,
,6408,,,10.50000,,,1.809,,,0.05000,,,25.4,,-0.002,,,,-0.03,
,6439,,,10.55000,,,1.808,,,0.05000,,,25.4,,-0.001,,,,-0.02,
,6469,,,10.60000,,,1.807,,,0.05000,,,25.4,,-0.001,,,,-0.03,
,6499,,,10.65000,,,1.806,,,0.05000,,,25.4,,-0.001,,,,-0.03,
,6529,,,10.70000,,,1.804,,,0.05000,,,25.4,,-0.002,,,,-0.02,
,6560,,,10.75000,,,1.803,,,0.05000,,,25.4,,-0.001,,,,-0.02,
,6590,,,10.80000,,,1.802,,,0.05000,,,25.4,,-0.001,,,,-0.02,
,6620,,,10.85000,,,1.801,,,0.05000,,,25.4,,-0.001,,,,-0.02,
,6650,,,10.90000,,,1.800,,,0.05000,,,25.4,,-0.001,,,,-0.02,
,6681,,,10.95000,,,1.798,,,0.05000,,,25.4,,-0.002,,,,-0.02,
,6711,,,11.00000,,,1.797,,,0.05000,,,25.4,,-0.001,,,,-0.03,
,6741,,,11.05000,,,1.796,,,0.05000,,,25.4,,-0.001,,,,-0.02,
,6771,,,11.10000,,,1.795,,,0.05000,,,25.4,,-0.001,,,,-0.02,
,6802,,,11.15000,,,1.794,,,0.05000,,,25.4,,-0.001,,,,-0.02,
,6832,,,11.20000,,,1.792,,,0.05000,,,25.4,,-0.002,,,,-0.02,
,6862,,,11.25000,,,1.792,,,0.05000,,,25.4,,0.000,,,,-0.02,
,6892,,,11.30000,,,1.790,,,0.05000,,,25.4,,-0.002,,,,-0.02,
,6923,,,11.35000,,,1.789,,,0.05000,,,25.4,,-0.001,,,,-0.02,
,6953,,,11.40000,,,1.788,,,0.05000,,,25.4,,-0.001,,,,-0.02,
,6983,,,11.45000,,,1.787,,,0.05000,,,25.4,,-0.001,,,,-0.02,
,7013,,,11.50000,,,1.786,,,0.05000,,,25.4,,-0.001,,,,-0.02,
,7044,,,11.55000,,,1.785,,,0.05000,,,25.4,,-0.001,,,,-0.02,
,7074,,,11.60000,,,1.784,,,0.05000,,,25.4,,-0.001,,,,-0.02,
,7104,,,11.65000,,,1.782,,,0.05000,,,25.4,,-0.002,,,,-0.03,
,7134,,,11.70000,,,1.781,,,0.05000,,,25.4,,-0.001,,,,-0.03,
,7164,,,11.75000,,,1.780,,,0.05000,,,25.4,,-0.001,,,,-0.03,
,7195,,,11.80000,,,1.779,,,0.05000,,,25.4,,-0.001,,,,-0.03,
,7225,,,11.85000,,,1.777,,,0.05000,,,25.4,,-0.002,,,,-0.02,
,7255,,,11.90000,,,1.776,,,0.05000,,,25.4,,-0.001,,,,-0.02,
,7286,,,11.95000,,,1.775,,,0.05000,,,25.4,,-0.001,,,,-0.02,
,7316,,,12.00000,,,1.774,,,0.05000,,,25.4,,-0.001,,,,-0.02,
,7346,,,12.05000,,,1.773,,,0.05000,,,25.4,,-0.001,,,,-0.02,
,7376,,,12.10000,,,1.772,,,0.05000,,,25.4,,-0.001,,,,-0.02,
,7406,,,12.15000,,,1.771,,,0.05000,,,25.4,,-0.001,,,,-0.02,
,7437,,,12.20000,,,1.770,,,0.05000,,,25.4,,-0.001,,,,-0.02,
,7467,,,12.25000,,,1.769,,,0.05000,,,25.4,,-0.001,,,,-0.02,
,7497,,,12.30000,,,1.768,,,0.05000,,,25.4,,-0.001,,,,-0.02,
,7527,,,12.35000,,,1.767,,,0.05000,,,25.4,,-0.001,,,,-0.02,
,7558,,,12.40000,,,1.766,,,0.05000,,,25.4,,-0.001,,,,-0.02,
,7588,,,12.45000,,,1.764,,,0.05000,,,25.3,,-0.002,,,,-0.02,
,7618,,,12.50000,,,1.764,,,0.05000,,,25.4,,0.000,,,,-0.02,
,7648,,,12.55000,,,1.762,,,0.05000,,,25.3,,-0.002,,,,-0.02,
,7679,,,12.60000,,,1.762,,,0.05000,,,25.3,,0.000,,,,-0.02,
,7709,,,12.65000,,,1.761,,,0.05000,,,25.3,,-0.001,,,,-0.02,
,7739,,,12.70000,,,1.759,,,0.05000,,,25.3,,-0.002,,,,-0.02,
,7769,,,12.75000,,,1.758,,,0.05000,,,25.3,,-0.001,,,,-0.02,
,7800,,,12.80000,,,1.757,,,0.05000,,,25.3,,-0.001,,,,-0.02,
,7830,,,12.85000,,,1.756,,,0.05000,,,25.3,,-0.001,,,,-0.02,
,7860,,,12.90000,,,1.755,,,0.05000,,,25.3,,-0.001,,,,-0.02,
,7890,,,12.95000,,,1.754,,,0.05000,,,25.4,,-0.001,,,,-0.02,
,7921,,,13.00000,,,1.753,,,0.05000,,,25.4,,-0.001,,,,-0.02,
,7951,,,13.05000,,,1.752,,,0.05000,,,25.3,,-0.001,,,,-0.02,
,7981,,,13.10000,,,1.751,,,0.05000,,,25.3,,-0.001,,,,-0.02,
,8011,,,13.15000,,,1.750,,,0.05000,,,25.3,,-0.001,,,,-0.02,
,8042,,,13.20000,,,1.749,,,0.05000,,,25.3,,-0.001,,,,-0.02,
,8072,,,13.25000,,,1.748,,,0.05000,,,25.3,,-0.001,,,,-0.02,
,8102,,,13.30000,,,1.747,,,0.05000,,,25.3,,-0.001,,,,-0.02,
,8132,,,13.35000,,,1.746,,,0.05000,,,25.3,,-0.001,,,,-0.02,
,8162,,,13.40000,,,1.745,,,0.05000,,,25.3,,-0.001,,,,-0.02,
,8193,,,13.45000,,,1.744,,,0.05000,,,25.3,,-0.001,,,,-0.02,
,8223,,,13.50000,,,1.743,,,0.05000,,,25.3,,-0.001,,,,-0.02,
,8253,,,13.55000,,,1.742,,,0.05000,,,25.3,,-0.001,,,,-0.02,
,8284,,,13.60000,,,1.740,,,0.05000,,,25.3,,-0.002,,,,-0.02,
,8314,,,13.65000,,,1.740,,,0.05000,,,25.3,,0.000,,,,-0.02,
,8344,,,13.70000,,,1.739,,,0.05000,,,25.3,,-0.001,,,,-0.02,
,8374,,,13.75000,,,1.738,,,0.05000,,,25.3,,-0.001,,,,-0.02,
,8404,,,13.80000,,,1.737,,,0.05000,,,25.3,,-0.001,,,,-0.02,
,8435,,,13.85000,,,1.736,,,0.05000,,,25.3,,-0.001,,,,-0.02,
,8465,,,13.90000,,,1.735,,,0.05000,,,25.3,,-0.001,,,,-0.02,
,8495,,,13.95000,,,1.734,,,0.05000,,,25.3,,-0.001,,,,-0.02,
,8525,,,14.00000,,,1.734,,,0.05000,,,25.3,,0.000,,,,-0.02,
,8556,,,14.05000,,,1.732,,,0.05000,,,25.3,,-0.002,,,,-0.02,
,8586,,,14.10000,,,1.732,,,0.05000,,,25.4,,0.000,,,,-0.02,
,8616,,,14.15000,,,1.730,,,0.05000,,,25.3,,-0.002,,,,-0.02,
,8646,,,14.20000,,,1.729,,,0.05000,,,25.3,,-0.001,,,,-0.02,
,8677,,,14.25000,,,1.729,,,0.05000,,,25.4,,0.000,,,,-0.02,
,8707,,,14.30000,,,1.728,,,0.05000,,,25.4,,-0.001,,,,-0.02,
,8737,,,14.35000,,,1.727,,,0.05000,,,25.4,,-0.001,,,,-0.02,
,8767,,,14.40000,,,1.726,,,0.05000,,,25.3,,-0.001,,,,-0.02,
,8798,,,14.45000,,,1.725,,,0.05000,,,25.3,,-0.001,,,,-0.02,
,8828,,,14.50000,,,1.724,,,0.05000,,,25.3,,-0.001,,,,-0.02,
,8858,,,14.55000,,,1.723,,,0.05000,,,25.4,,-0.001,,,,-0.02,
,8888,,,14.60000,,,1.722,,,0.05000,,,25.4,,-0.001,,,,-0.02,
,8919,,,14.65000,,,1.721,,,0.05000,,,25.4,,-0.001,,,,-0.02,
,8949,,,14.70000,,,1.720,,,0.05000,,,25.4,,-0.001,,,,-0.01,
,8979,,,14.75000,,,1.720,,,0.05000,,,25.4,,0.000,,,,-0.01,
,9009,,,14.80000,,,1.719,,,0.05000,,,25.4,,-0.001,,,,,
,9040,,,14.85000,,,1.718,,,0.05000,,,25.4,,-0.001,,,,,
,9070,,,14.90000,,,1.717,,,0.05000,,,25.3,,-0.001,,,,,
,9100,,,14.95000,,,1.716,,,0.05000,,,25.3,,-0.001,,,,,
,9130,,,15.00000,,,1.715,,,0.05000,,,25.3,,-0.001,,,,,
Measure (normal) [1],,,,,,,,"Scope 1/1, Sample 40/75",,,,,,,,,,,,
Measured Values,,,,,"Scope 1/1, Sample 40/75",,,,,,,,,,,,,,,
,Time,,,,,Meas. value,,,,,Temp.,,,,,dE,,,,
,[s],,,,,[pH],,,,,[°C],,,,,[pH],,,,
,1,,,,,4.458,,,,,23.9,,,,,,,,,
,2,,,,,4.778,,,,,24.1,,,,,0.320,,,,
,3,,,,,5.054,,,,,24.3,,,,,0.276,,,,
,4,,,,,5.262,,,,,24.5,,,,,0.208,,,,
,5,,,,,5.428,,,,,24.7,,,,,0.166,,,,
,6,,,,,5.569,,,,,24.8,,,,,0.141,,,,
,7,,,,,5.699,,,,,25.0,,,,,0.130,,,,
,8,,,,,5.821,,,,,25.1,,,,,0.122,,,,
,9,,,,,5.925,,,,,25.2,,,,,0.104,,,,
,10,,,,,6.035,,,,,25.2,,,,,0.110,,,,
,11,,,,,6.140,,,,,25.3,,,,,0.105,,,,
,12,,,,,6.241,,,,,25.3,,,,,0.101,,,,
,13,,,,,6.338,,,,,25.3,,,,,0.097,,,,
,14,,,,,6.433,,,,,25.4,,,,,0.095,,,,
,15,,,,,6.524,,,,,25.4,,,,,0.091,,,,
,16,,,,,6.602,,,,,25.4,,,,,0.078,,,,
,17,,,,,6.683,,,,,25.4,,,,,0.081,,,,
,18,,,,,6.763,,,,,25.4,,,,,0.080,,,,
,19,,,,,6.840,,,,,25.4,,,,,0.077,,,,
,20,,,,,6.917,,,,,25.4,,,,,0.077,,,,
,21,,,,,6.984,,,,,25.4,,,,,0.067,,,,
,22,,,,,7.048,,,,,25.4,,,,,0.064,,,,
,23,,,,,7.098,,,,,25.4,,,,,0.050,,,,
,24,,,,,7.161,,,,,25.4,,,,,0.063,,,,
,25,,,,,7.215,,,,,25.4,,,,,0.054,,,,
,26,,,,,7.264,,,,,25.4,,,,,0.049,,,,
,27,,,,,7.312,,,,,25.4,,,,,0.048,,,,
,28,,,,,7.356,,,,,25.4,,,,,0.044,,,,
,29,,,,,7.398,,,,,25.4,,,,,0.042,,,,
,30,,,,,7.432,,,,,25.4,,,,,0.034,,,,
,31,,,,,7.468,,,,,25.4,,,,,0.036,,,,
,32,,,,,7.501,,,,,25.4,,,,,0.033,,,,
,33,,,,,7.532,,,,,25.4,,,,,0.031,,,,
,34,,,,,7.561,,,,,25.4,,,,,0.029,,,,
,35,,,,,7.588,,,,,25.4,,,,,0.027,,,,
,36,,,,,7.614,,,,,25.4,,,,,0.026,,,,
,37,,,,,7.635,,,,,25.4,,,,,0.021,,,,
,38,,,,,7.657,,,,,25.4,,,,,0.022,,,,
,39,,,,,7.678,,,,,25.4,,,,,0.021,,,,
,40,,,,,7.699,,,,,25.4,,,,,0.021,,,,
,41,,,,,7.717,,,,,25.4,,,,,0.018,,,,
,42,,,,,7.733,,,,,25.4,,,,,0.016,,,,
,43,,,,,7.749,,,,,25.4,,,,,0.016,,,,
,44,,,,,7.761,,,,,25.4,,,,,0.012,,,,
,45,,,,,7.774,,,,,25.4,,,,,0.013,,,,
,46,,,,,7.787,,,,,25.4,,,,,0.013,,,,
,47,,,,,7.799,,,,,25.4,,,,,0.012,,,,
,48,,,,,7.810,,,,,25.4,,,,,0.011,,,,
,49,,,,,7.820,,,,,25.4,,,,,0.010,,,,
,50,,,,,7.828,,,,,25.4,,,,,0.008,,,,
,51,,,,,7.836,,,,,25.4,,,,,0.008,,,,
,52,,,,,7.845,,,,,25.4,,,,,0.009,,,,
,53,,,,,7.853,,,,,25.4,,,,,0.008,,,,
,54,,,,,7.860,,,,,25.4,,,,,0.007,,,,
,55,,,,,7.867,,,,,25.4,,,,,0.007,,,,
,56,,,,,7.873,,,,,25.4,,,,,0.006,,,,
,57,,,,,7.878,,,,,25.4,,,,,0.005,,,,
,58,,,,,7.883,,,,,25.4,,,,,0.005,,,,
,59,,,,,7.888,,,,,25.4,,,,,0.005,,,,
,60,,,,,7.892,,,,,25.4,,,,,0.004,,,,
Titration (EQP) [1],,,,,,,,"Scope 1/1, Sample 40/75",,,,,,,,,,,,
Measured Values,,,,,"Scope 1/1, Sample 40/75",,,,,,,,,,,,,,,
,Time,,V,,,Meas. value,,,dV,,Temp.,,,dE,,,dE/dV,,,EQP
,[s],,[mL],,,[pH],,,[mL],,[°C],,,[pH],,,[pH/mL],,,
,0,,0.00000,,,7.902,,,,,25.4,,,,,,,,,
,28,,0.08575,,,7.468,,,0.08575,,25.4,,,-0.434,,,,,,
,58,,0.12850,,,7.219,,,0.04275,,25.4,,,-0.249,,,,,,
,88,,0.15000,,,7.089,,,0.02150,,25.4,,,-0.130,,,,,,
,179,,0.17150,,,7.015,,,0.02150,,25.4,,,-0.074,,,,,,
,209,,0.22150,,,6.912,,,0.05000,,25.5,,,-0.103,,,-2.70,,,
,239,,0.27150,,,6.795,,,0.05000,,25.5,,,-0.117,,,-2.07,,,
,269,,0.32150,,,6.689,,,0.05000,,25.4,,,-0.106,,,-1.96,,,
,300,,0.37150,,,6.590,,,0.05000,,25.4,,,-0.099,,,-1.91,,,
,330,,0.42150,,,6.498,,,0.05000,,25.4,,,-0.092,,,-1.81,,,
,360,,0.47150,,,6.411,,,0.05000,,25.4,,,-0.087,,,-1.69,,,
,390,,0.52150,,,6.326,,,0.05000,,25.4,,,-0.085,,,-1.63,,,
,421,,0.57150,,,6.248,,,0.05000,,25.4,,,-0.078,,,-1.59,,,
,451,,0.62150,,,6.168,,,0.05000,,25.4,,,-0.080,,,-1.59,,,
,481,,0.67150,,,6.087,,,0.05000,,25.4,,,-0.081,,,-1.61,,,
,511,,0.72150,,,6.005,,,0.05000,,25.4,,,-0.082,,,-1.68,,,
,542,,0.77150,,,5.917,,,0.05000,,25.4,,,-0.088,,,-1.79,,,
,572,,0.82150,,,5.821,,,0.05000,,25.4,,,-0.096,,,-1.98,,,
,602,,0.87150,,,5.718,,,0.05000,,25.4,,,-0.103,,,-2.29,,,
,632,,0.92150,,,5.592,,,0.05000,,25.4,,,-0.126,,,-2.80,,,
,662,,0.97150,,,5.441,,,0.05000,,25.4,,,-0.151,,,-3.67,,,
,693,,1.01175,,,5.285,,,0.04025,,25.4,,,-0.156,,,-4.77,,,
,723,,1.03900,,,5.150,,,0.02725,,25.4,,,-0.135,,,-5.78,,,
,753,,1.06050,,,5.020,,,0.02150,,25.4,,,-0.130,,,-6.70,,,
,784,,1.07875,,,4.886,,,0.01825,,25.4,,,-0.134,,,-7.55,,,
,814,,1.09400,,,4.754,,,0.01525,,25.4,,,-0.132,,,-8.41,,,
,844,,1.10725,,,4.629,,,0.01325,,25.4,,,-0.125,,,-9.08,,,
,,,1.109845,,,4.604,,,,,,,,,,,,,,EQP
,874,,1.12050,,,4.500,,,0.01325,,25.4,,,-0.129,,,-8.93,,,
,904,,1.13400,,,4.378,,,0.01350,,25.4,,,-0.122,,,-8.09,,,
,935,,1.15025,,,4.246,,,0.01625,,25.4,,,-0.132,,,-7.18,,,
,965,,1.16875,,,4.119,,,0.01850,,25.4,,,-0.127,,,-6.27,,,
,995,,1.19225,,,3.988,,,0.02350,,25.4,,,-0.131,,,-5.23,,,
,1026,,1.22225,,,3.859,,,0.03000,,25.4,,,-0.129,,,-4.15,,,
,1056,,1.26325,,,3.724,,,0.04100,,25.4,,,-0.135,,,-3.10,,,
,1086,,1.31325,,,3.599,,,0.05000,,25.4,,,-0.125,,,-2.27,,,
,1116,,1.36325,,,3.501,,,0.05000,,25.4,,,-0.098,,,-1.77,,,
,1146,,1.41325,,,3.420,,,0.05000,,25.4,,,-0.081,,,-1.46,,,
,1177,,1.46325,,,3.352,,,0.05000,,25.4,,,-0.068,,,-1.24,,,
,1207,,1.51325,,,3.293,,,0.05000,,25.4,,,-0.059,,,-1.09,,,
,1237,,1.56325,,,3.241,,,0.05000,,25.4,,,-0.052,,,-0.99,,,
,1267,,1.61325,,,3.194,,,0.05000,,25.4,,,-0.047,,,-0.88,,,
,1298,,1.66325,,,3.152,,,0.05000,,25.4,,,-0.042,,,-0.78,,,
,1328,,1.71325,,,3.113,,,0.05000,,25.4,,,-0.039,,,,,,
,1358,,1.76325,,,3.078,,,0.05000,,25.4,,,-0.035,,,,,,
,1388,,1.81325,,,3.054,,,0.05000,,25.4,,,-0.024,,,,,,
,1419,,1.86325,,,3.023,,,0.05000,,25.4,,,-0.031,,,,,,
,1449,,1.91325,,,2.994,,,0.05000,,25.4,,,-0.029,,,,,,
Measure (normal) [1],,,,,,,,"Scope 1/1, Sample 41/75",,,,,,,,,,,,
Measured Values,,,,,"Scope 1/1, Sample 41/75",,,,,,,,,,,,,,,
,Time,,,,,Meas. value,,,,,Temp.,,,,,dE,,,,
,[s],,,,,[pH],,,,,[°C],,,,,[pH],,,,
,1,,,,,4.717,,,,,24.1,,,,,,,,,
,2,,,,,4.972,,,,,24.2,,,,,0.255,,,,
,3,,,,,5.224,,,,,24.4,,,,,0.252,,,,
,4,,,,,5.427,,,,,24.6,,,,,0.203,,,,
,5,,,,,5.596,,,,,24.8,,,,,0.169,,,,
,6,,,,,5.749,,,,,24.9,,,,,0.153,,,,
,7,,,,,5.889,,,,,25.0,,,,,0.140,,,,
,8,,,,,6.011,,,,,25.1,,,,,0.122,,,,
,9,,,,,6.144,,,,,25.2,,,,,0.133,,,,
,10,,,,,6.271,,,,,25.2,,,,,0.127,,,,
,11,,,,,6.393,,,,,25.3,,,,,0.122,,,,
,12,,,,,6.509,,,,,25.3,,,,,0.116,,,,
,13,,,,,6.620,,,,,25.3,,,,,0.111,,,,
,14,,,,,6.723,,,,,25.4,,,,,0.103,,,,
,15,,,,,6.813,,,,,25.4,,,,,0.090,,,,
,16,,,,,6.908,,,,,25.4,,,,,0.095,,,,
,17,,,,,6.995,,,,,25.4,,,,,0.087,,,,
,18,,,,,7.073,,,,,25.4,,,,,0.078,,,,
,19,,,,,7.150,,,,,25.4,,,,,0.077,,,,
,20,,,,,7.222,,,,,25.4,,,,,0.072,,,,
,21,,,,,7.288,,,,,25.4,,,,,0.066,,,,
,22,,,,,7.342,,,,,25.4,,,,,0.054,,,,
,23,,,,,7.400,,,,,25.4,,,,,0.058,,,,
,24,,,,,7.455,,,,,25.4,,,,,0.055,,,,
,25,,,,,7.504,,,,,25.4,,,,,0.049,,,,
,26,,,,,7.549,,,,,25.4,,,,,0.045,,,,
,27,,,,,7.591,,,,,25.4,,,,,0.042,,,,
,28,,,,,7.632,,,,,25.4,,,,,0.041,,,,
,29,,,,,7.664,,,,,25.4,,,,,0.032,,,,
,30,,,,,7.697,,,,,25.4,,,,,0.033,,,,
,31,,,,,7.728,,,,,25.4,,,,,0.031,,,,
,32,,,,,7.757,,,,,25.4,,,,,0.029,,,,
,33,,,,,7.782,,,,,25.4,,,,,0.025,,,,
,34,,,,,7.807,,,,,25.4,,,,,0.025,,,,
,35,,,,,7.829,,,,,25.4,,,,,0.022,,,,
,36,,,,,7.846,,,,,25.4,,,,,0.017,,,,
,37,,,,,7.864,,,,,25.4,,,,,0.018,,,,
,38,,,,,7.880,,,,,25.4,,,,,0.016,,,,
,39,,,,,7.895,,,,,25.4,,,,,0.015,,,,
,40,,,,,7.909,,,,,25.4,,,,,0.014,,,,
,41,,,,,7.922,,,,,25.4,,,,,0.013,,,,
,42,,,,,7.934,,,,,25.4,,,,,0.012,,,,
,43,,,,,7.943,,,,,25.4,,,,,0.009,,,,
,44,,,,,7.953,,,,,25.4,,,,,0.010,,,,
,45,,,,,7.961,,,,,25.4,,,,,0.008,,,,
,46,,,,,7.969,,,,,25.4,,,,,0.008,,,,
,47,,,,,7.977,,,,,25.4,,,,,0.008,,,,
,48,,,,,7.984,,,,,25.4,,,,,0.007,,,,
,49,,,,,7.990,,,,,25.4,,,,,0.006,,,,
,50,,,,,7.995,,,,,25.4,,,,,0.005,,,,
,51,,,,,8.001,,,,,25.4,,,,,0.006,,,,
,52,,,,,8.005,,,,,25.4,,,,,0.004,,,,
,53,,,,,8.010,,,,,25.4,,,,,0.005,,,,
,54,,,,,8.014,,,,,25.4,,,,,0.004,,,,
,55,,,,,8.018,,,,,25.4,,,,,0.004,,,,
,56,,,,,8.021,,,,,25.4,,,,,0.003,,,,
,57,,,,,8.024,,,,,25.4,,,,,0.003,,,,
,58,,,,,8.027,,,,,25.4,,,,,0.003,,,,
,59,,,,,8.029,,,,,25.4,,,,,0.002,,,,
,60,,,,,8.032,,,,,25.4,,,,,0.003,,,,
Titration (EQP) [1],,,,,,,,"Scope 1/1, Sample 41/75",,,,,,,,,,,,
Measured Values,,,,,"Scope 1/1, Sample 41/75",,,,,,,,,,,,,,,
,Time,,V,,,Meas. value,,,dV,,Temp.,,,dE,,,dE/dV,,,EQP
,[s],,[mL],,,[pH],,,[mL],,[°C],,,[pH],,,[pH/mL],,,
,0,,0.00000,,,8.037,,,,,25.4,,,,,,,,,
,28,,0.08575,,,7.555,,,0.08575,,25.4,,,-0.482,,,,,,
,58,,0.12850,,,7.275,,,0.04275,,25.4,,,-0.280,,,,,,
,88,,0.15000,,,7.141,,,0.02150,,25.4,,,-0.134,,,,,,
,179,,0.17275,,,7.037,,,0.02275,,25.5,,,-0.104,,,,,,
,209,,0.21350,,,6.947,,,0.04075,,25.5,,,-0.090,,,-3.04,,,
,239,,0.26350,,,6.829,,,0.05000,,25.5,,,-0.118,,,-2.27,,,
,269,,0.31350,,,6.719,,,0.05000,,25.5,,,-0.110,,,-2.06,,,
,300,,0.36350,,,6.613,,,0.05000,,25.4,,,-0.106,,,-2.02,,,
,330,,0.41350,,,6.511,,,0.05000,,25.4,,,-0.102,,,-1.95,,,
,360,,0.46350,,,6.417,,,0.05000,,25.4,,,-0.094,,,-1.83,,,
,390,,0.51350,,,6.332,,,0.05000,,25.4,,,-0.085,,,-1.75,,,
,421,,0.56350,,,6.238,,,0.05000,,25.4,,,-0.094,,,-1.67,,,
,451,,0.61350,,,6.163,,,0.05000,,25.4,,,-0.075,,,-1.65,,,
,481,,0.66350,,,6.076,,,0.05000,,25.4,,,-0.087,,,-1.67,,,
,511,,0.71350,,,5.992,,,0.05000,,25.4,,,-0.084,,,-1.72,,,
,542,,0.76350,,,5.904,,,0.05000,,25.4,,,-0.088,,,-1.85,,,
,572,,0.81350,,,5.801,,,0.05000,,25.4,,,-0.103,,,-2.09,,,
,602,,0.86350,,,5.692,,,0.05000,,25.4,,,-0.109,,,-2.43,,,
,632,,0.91350,,,5.560,,,0.05000,,25.4,,,-0.132,,,-3.04,,,
,663,,0.96350,,,5.395,,,0.05000,,25.4,,,-0.165,,,-4.06,,,
,693,,0.99725,,,5.252,,,0.03375,,25.4,,,-0.143,,,-5.10,,,
,723,,1.02225,,,5.124,,,0.02500,,25.4,,,-0.128,,,-6.12,,,
,753,,1.04400,,,4.981,,,0.02175,,25.4,,,-0.143,,,-7.13,,,
,784,,1.06025,,,4.853,,,0.01625,,25.4,,,-0.128,,,-7.93,,,
,814,,1.07450,,,4.723,,,0.01425,,25.4,,,-0.130,,,-8.86,,,
,,,1.086932 ???,,,4.600 ???,,,,,,,,,,,,,,EQP
,844,,1.08725,,,4.597,,,0.01275,,25.4,,,-0.126,,,-9.39,,,
,874,,1.10000,,,4.470,,,0.01275,,25.4,,,-0.127,,,-8.96,,,
,904,,1.11350,,,4.347,,,0.01350,,25.4,,,-0.123,,,-8.03,,,
,935,,1.13000,,,4.216,,,0.01650,,25.4,,,-0.131,,,-7.10,,,
,965,,1.14950,,,4.087,,,0.01950,,25.4,,,-0.129,,,-6.12,,,
,995,,1.17425,,,3.956,,,0.02475,,25.4,,,-0.131,,,-5.01,,,
,1026,,1.20625,,,3.826,,,0.03200,,25.4,,,-0.130,,,-3.90,,,
,1056,,1.24975,,,3.693,,,0.04350,,25.4,,,-0.133,,,-2.86,,,
,1086,,1.29975,,,3.576,,,0.05000,,25.4,,,-0.117,,,-2.12,,,
,1116,,1.34975,,,3.484,,,0.05000,,25.4,,,-0.092,,,-1.67,,,
,1146,,1.39975,,,3.406,,,0.05000,,25.4,,,-0.078,,,-1.39,,,
,1177,,1.44975,,,3.342,,,0.05000,,25.4,,,-0.064,,,-1.20,,,
,1207,,1.49975,,,3.284,,,0.05000,,25.4,,,-0.058,,,-1.06,,,
,1237,,1.54975,,,3.234,,,0.05000,,25.4,,,-0.050,,,-0.95,,,
,1267,,1.59975,,,3.188,,,0.05000,,25.4,,,-0.046,,,-0.86,,,
,1298,,1.64975,,,3.148,,,0.05000,,25.4,,,-0.040,,,-0.78,,,
,1328,,1.69975,,,3.110,,,0.05000,,25.4,,,-0.038,,,,,,
,1358,,1.74975,,,3.076,,,0.05000,,25.4,,,-0.034,,,,,,
,1388,,1.79975,,,3.044,,,0.05000,,25.4,,,-0.032,,,,,,
,1419,,1.84975,,,3.015,,,0.05000,,25.4,,,-0.029,,,,,,
,1449,,1.89975,,,2.987,,,0.05000,,25.4,,,-0.028,,,,,,
Measure (normal) [1],,,,,,,,"Scope 1/1, Sample 42/75",,,,,,,,,,,,
Measured Values,,,,,"Scope 1/1, Sample 42/75",,,,,,,,,,,,,,,
,Time,,,,,Meas. value,,,,,Temp.,,,,,dE,,,,
,[s],,,,,[pH],,,,,[°C],,,,,[pH],,,,
,1,,,,,4.675,,,,,24.0,,,,,,,,,
,2,,,,,4.965,,,,,24.1,,,,,0.290,,,,
,3,,,,,5.222,,,,,24.3,,,,,0.257,,,,
,4,,,,,5.419,,,,,24.5,,,,,0.197,,,,
,5,,,,,5.578,,,,,24.7,,,,,0.159,,,,
,6,,,,,5.717,,,,,24.9,,,,,0.139,,,,
,7,,,,,5.841,,,,,25.0,,,,,0.124,,,,
,8,,,,,5.946,,,,,25.1,,,,,0.105,,,,
,9,,,,,6.054,,,,,25.2,,,,,0.108,,,,
,10,,,,,6.158,,,,,25.3,,,,,0.104,,,,
,11,,,,,6.255,,,,,25.3,,,,,0.097,,,,
,12,,,,,6.347,,,,,25.3,,,,,0.092,,,,
,13,,,,,6.437,,,,,25.4,,,,,0.090,,,,
,14,,,,,6.524,,,,,25.4,,,,,0.087,,,,
,15,,,,,6.600,,,,,25.4,,,,,0.076,,,,
,16,,,,,6.680,,,,,25.4,,,,,0.080,,,,
,17,,,,,6.754,,,,,25.4,,,,,0.074,,,,
,18,,,,,6.825,,,,,25.4,,,,,0.071,,,,
,19,,,,,6.893,,,,,25.4,,,,,0.068,,,,
,20,,,,,6.958,,,,,25.5,,,,,0.065,,,,
,21,,,,,7.016,,,,,25.5,,,,,0.058,,,,
,22,,,,,7.066,,,,,25.5,,,,,0.050,,,,
,23,,,,,7.117,,,,,25.5,,,,,0.051,,,,
,24,,,,,7.172,,,,,25.5,,,,,0.055,,,,
,25,,,,,7.221,,,,,25.5,,,,,0.049,,,,
,26,,,,,7.266,,,,,25.5,,,,,0.045,,,,
,27,,,,,7.309,,,,,25.5,,,,,0.043,,,,
,28,,,,,7.349,,,,,25.5,,,,,0.040,,,,
,29,,,,,7.384,,,,,25.5,,,,,0.035,,,,
,30,,,,,7.419,,,,,25.5,,,,,0.035,,,,
,31,,,,,7.451,,,,,25.5,,,,,0.032,,,,
,32,,,,,7.481,,,,,25.5,,,,,0.030,,,,
,33,,,,,7.510,,,,,25.5,,,,,0.029,,,,
,34,,,,,7.537,,,,,25.5,,,,,0.027,,,,
,35,,,,,7.562,,,,,25.5,,,,,0.025,,,,
,36,,,,,7.582,,,,,25.5,,,,,0.020,,,,
,37,,,,,7.605,,,,,25.5,,,,,0.023,,,,
,38,,,,,7.626,,,,,25.5,,,,,0.021,,,,
,39,,,,,7.645,,,,,25.5,,,,,0.019,,,,
,40,,,,,7.663,,,,,25.5,,,,,0.018,,,,
,41,,,,,7.679,,,,,25.5,,,,,0.016,,,,
,42,,,,,7.693,,,,,25.5,,,,,0.014,,,,
,43,,,,,7.708,,,,,25.5,,,,,0.015,,,,
,44,,,,,7.721,,,,,25.5,,,,,0.013,,,,
,45,,,,,7.733,,,,,25.5,,,,,0.012,,,,
,46,,,,,7.745,,,,,25.5,,,,,0.012,,,,
,47,,,,,7.755,,,,,25.5,,,,,0.010,,,,
,48,,,,,7.765,,,,,25.5,,,,,0.010,,,,
,49,,,,,7.774,,,,,25.5,,,,,0.009,,,,
,50,,,,,7.783,,,,,25.5,,,,,0.009,,,,
,51,,,,,7.790,,,,,25.5,,,,,0.007,,,,
,52,,,,,7.798,,,,,25.5,,,,,0.008,,,,
,53,,,,,7.805,,,,,25.5,,,,,0.007,,,,
,54,,,,,7.812,,,,,25.5,,,,,0.007,,,,
,55,,,,,7.818,,,,,25.5,,,,,0.006,,,,
,56,,,,,7.823,,,,,25.5,,,,,0.005,,,,
,57,,,,,7.828,,,,,25.5,,,,,0.005,,,,
,58,,,,,7.833,,,,,25.5,,,,,0.005,,,,
,59,,,,,7.838,,,,,25.5,,,,,0.005,,,,
,60,,,,,7.842,,,,,25.5,,,,,0.004,,,,
Titration (EQP) [1],,,,,,,,"Scope 1/1, Sample 42/75",,,,,,,,,,,,
Measured Values,,,,,"Scope 1/1, Sample 42/75",,,,,,,,,,,,,,,
,Time,,V,,,Meas. value,,,dV,,Temp.,,,dE,,,dE/dV,,,EQP
,[s],,[mL],,,[pH],,,[mL],,[°C],,,[pH],,,[pH/mL],,,
,0,,0.00000,,,7.851,,,,,25.5,,,,,,,,,
,28,,0.08575,,,7.432,,,0.08575,,25.5,,,-0.419,,,,,,
,58,,0.12850,,,7.195,,,0.04275,,25.5,,,-0.237,,,,,,
,88,,0.15000,,,7.076,,,0.02150,,25.5,,,-0.119,,,,,,
,179,,0.17475,,,6.984,,,0.02475,,25.5,,,-0.092,,,,,,
,209,,0.22475,,,6.885,,,0.05000,,25.5,,,-0.099,,,-2.60,,,
,239,,0.27475,,,6.777,,,0.05000,,25.5,,,-0.108,,,-2.05,,,
,270,,0.32475,,,6.672,,,0.05000,,25.5,,,-0.105,,,-2.00,,,
,300,,0.37475,,,6.567,,,0.05000,,25.5,,,-0.105,,,-2.01,,,
,330,,0.42475,,,6.467,,,0.05000,,25.5,,,-0.100,,,-1.97,,,
,360,,0.47475,,,6.371,,,0.05000,,25.5,,,-0.096,,,-1.86,,,
,390,,0.52475,,,6.280,,,0.05000,,25.5,,,-0.091,,,-1.77,,,
,421,,0.57475,,,6.194,,,0.05000,,25.5,,,-0.086,,,-1.68,,,
,451,,0.62475,,,6.112,,,0.05000,,25.5,,,-0.082,,,-1.63,,,
,481,,0.67475,,,6.029,,,0.05000,,25.5,,,-0.083,,,-1.61,,,
,511,,0.72475,,,5.949,,,0.05000,,25.5,,,-0.080,,,-1.64,,,
,542,,0.77475,,,5.862,,,0.05000,,25.5,,,-0.087,,,-1.77,,,
,572,,0.82475,,,5.765,,,0.05000,,25.5,,,-0.097,,,-2.04,,,
,602,,0.87475,,,5.656,,,0.05000,,25.5,,,-0.109,,,-2.52,,,
,632,,0.92475,,,5.520,,,0.05000,,25.5,,,-0.136,,,-3.37,,,
,662,,0.97425,,,5.336,,,0.04950,,25.5,,,-0.184,,,-4.78,,,
,693,,1.00100,,,5.199,,,0.02675,,25.5,,,-0.137,,,-5.85,,,
,723,,1.02025,,,5.083,,,0.01925,,25.5,,,-0.116,,,-6.75,,,
,753,,1.03925,,,4.944,,,0.01900,,25.5,,,-0.139,,,-7.70,,,
,783,,1.05450,,,4.812,,,0.01525,,25.4,,,-0.132,,,-8.54,,,
,814,,1.06750,,,4.686,,,0.01300,,25.4,,,-0.126,,,-9.40,,,
,,,1.076221 ???,,,4.599 ???,,,,,,,,,,,,,,EQP
,844,,1.08000,,,4.561,,,0.01250,,25.4,,,-0.125,,,-9.47,,,
,874,,1.09325,,,4.430,,,0.01325,,25.4,,,-0.131,,,-8.75,,,
,904,,1.10725,,,4.306,,,0.01400,,25.4,,,-0.124,,,-7.78,,,
,935,,1.12400,,,4.179,,,0.01675,,25.4,,,-0.127,,,-6.88,,,
,965,,1.14525,,,4.049,,,0.02125,,25.4,,,-0.130,,,-5.81,,,
,995,,1.17250,,,3.914,,,0.02725,,25.4,,,-0.135,,,-4.66,,,
,1025,,1.20650,,,3.788,,,0.03400,,25.4,,,-0.126,,,-3.60,,,
,1056,,1.25525,,,3.650,,,0.04875,,25.4,,,-0.138,,,-2.58,,,
,1086,,1.30525,,,3.542,,,0.05000,,25.4,,,-0.108,,,-1.96,,,
,1116,,1.35525,,,3.455,,,0.05000,,25.4,,,-0.087,,,-1.57,,,
,1146,,1.40525,,,3.382,,,0.05000,,25.4,,,-0.073,,,-1.32,,,
,1177,,1.45525,,,3.320,,,0.05000,,25.4,,,-0.062,,,-1.14,,,
,1207,,1.50525,,,3.265,,,0.05000,,25.4,,,-0.055,,,-1.02,,,
,1237,,1.55525,,,3.217,,,0.05000,,25.4,,,-0.048,,,-0.91,,,
,1267,,1.60525,,,3.173,,,0.05000,,25.4,,,-0.044,,,-0.83,,,
,1298,,1.65525,,,3.133,,,0.05000,,25.4,,,-0.040,,,-0.76,,,
,1328,,1.70525,,,3.097,,,0.05000,,25.4,,,-0.036,,,,,,
,1358,,1.75525,,,3.063,,,0.05000,,25.4,,,-0.034,,,,,,
,1388,,1.80525,,,3.032,,,0.05000,,25.4,,,-0.031,,,,,,
,1418,,1.85525,,,3.003,,,0.05000,,25.4,,,-0.029,,,,,,
,1449,,1.90525,,,2.976,,,0.05000,,25.4,,,-0.027,,,,,,
Measure (normal) [1],,,,,,,,"Scope 1/1, Sample 43/75",,,,,,,,,,,,
Measured Values,,,,,"Scope 1/1, Sample 43/75",,,,,,,,,,,,,,,
,Time,,,,,Meas. value,,,,,Temp.,,,,,dE,,,,
,[s],,,,,[pH],,,,,[°C],,,,,[pH],,,,
,1,,,,,4.781,,,,,24.0,,,,,,,,,
,2,,,,,5.019,,,,,24.2,,,,,0.238,,,,
,3,,,,,5.254,,,,,24.4,,,,,0.235,,,,
,4,,,,,5.443,,,,,24.6,,,,,0.189,,,,
,5,,,,,5.600,,,,,24.8,,,,,0.157,,,,
,6,,,,,5.740,,,,,24.9,,,,,0.140,,,,
,7,,,,,5.869,,,,,25.0,,,,,0.129,,,,
,8,,,,,5.977,,,,,25.1,,,,,0.108,,,,
,9,,,,,6.088,,,,,25.2,,,,,0.111,,,,
,10,,,,,6.192,,,,,25.2,,,,,0.104,,,,
,11,,,,,6.292,,,,,25.3,,,,,0.100,,,,
,12,,,,,6.389,,,,,25.3,,,,,0.097,,,,
,13,,,,,6.483,,,,,25.4,,,,,0.094,,,,
,14,,,,,6.571,,,,,25.4,,,,,0.088,,,,
,15,,,,,6.649,,,,,25.4,,,,,0.078,,,,
,16,,,,,6.731,,,,,25.4,,,,,0.082,,,,
,17,,,,,6.807,,,,,25.4,,,,,0.076,,,,
,18,,,,,6.882,,,,,25.4,,,,,0.075,,,,
,19,,,,,6.953,,,,,25.4,,,,,0.071,,,,
,20,,,,,7.016,,,,,25.4,,,,,0.063,,,,
,21,,,,,7.075,,,,,25.4,,,,,0.059,,,,
,22,,,,,7.130,,,,,25.4,,,,,0.055,,,,
,23,,,,,7.187,,,,,25.4,,,,,0.057,,,,
,24,,,,,7.238,,,,,25.4,,,,,0.051,,,,
,25,,,,,7.287,,,,,25.5,,,,,0.049,,,,
,26,,,,,7.332,,,,,25.5,,,,,0.045,,,,
,27,,,,,7.376,,,,,25.5,,,,,0.044,,,,
,28,,,,,7.417,,,,,25.5,,,,,0.041,,,,
,29,,,,,7.451,,,,,25.5,,,,,0.034,,,,
,30,,,,,7.486,,,,,25.5,,,,,0.035,,,,
,31,,,,,7.520,,,,,25.5,,,,,0.034,,,,
,32,,,,,7.550,,,,,25.5,,,,,0.030,,,,
,33,,,,,7.578,,,,,25.5,,,,,0.028,,,,
,34,,,,,7.605,,,,,25.5,,,,,0.027,,,,
,35,,,,,7.630,,,,,25.5,,,,,0.025,,,,
,36,,,,,7.651,,,,,25.5,,,,,0.021,,,,
,37,,,,,7.672,,,,,25.5,,,,,0.021,,,,
,38,,,,,7.691,,,,,25.5,,,,,0.019,,,,
,39,,,,,7.710,,,,,25.5,,,,,0.019,,,,
,40,,,,,7.727,,,,,25.5,,,,,0.017,,,,
,41,,,,,7.743,,,,,25.5,,,,,0.016,,,,
,42,,,,,7.758,,,,,25.5,,,,,0.015,,,,
,43,,,,,7.770,,,,,25.5,,,,,0.012,,,,
,44,,,,,7.783,,,,,25.5,,,,,0.013,,,,
,45,,,,,7.795,,,,,25.5,,,,,0.012,,,,
,46,,,,,7.806,,,,,25.5,,,,,0.011,,,,
,47,,,,,7.817,,,,,25.5,,,,,0.011,,,,
,48,,,,,7.826,,,,,25.5,,,,,0.009,,,,
,49,,,,,7.835,,,,,25.5,,,,,0.009,,,,
,50,,,,,7.843,,,,,25.5,,,,,0.008,,,,
,51,,,,,7.851,,,,,25.5,,,,,0.008,,,,
,52,,,,,7.858,,,,,25.5,,,,,0.007,,,,
,53,,,,,7.864,,,,,25.5,,,,,0.006,,,,
,54,,,,,7.870,,,,,25.5,,,,,0.006,,,,
,55,,,,,7.876,,,,,25.5,,,,,0.006,,,,
,56,,,,,7.881,,,,,25.5,,,,,0.005,,,,
,57,,,,,7.885,,,,,25.5,,,,,0.004,,,,
,58,,,,,7.889,,,,,25.5,,,,,0.004,,,,
,59,,,,,7.894,,,,,25.5,,,,,0.005,,,,
,60,,,,,7.898,,,,,25.5,,,,,0.004,,,,
Titration (EQP) [1],,,,,,,,"Scope 1/1, Sample 43/75",,,,,,,,,,,,
Measured Values,,,,,"Scope 1/1, Sample 43/75",,,,,,,,,,,,,,,
,Time,,V,,,Meas. value,,,dV,,Temp.,,,dE,,,dE/dV,,,EQP
,[s],,[mL],,,[pH],,,[mL],,[°C],,,[pH],,,[pH/mL],,,
,0,,0.00000,,,7.906,,,,,25.5,,,,,,,,,
,28,,0.08575,,,7.465,,,0.08575,,25.5,,,-0.441,,,,,,
,58,,0.12850,,,7.218,,,0.04275,,25.4,,,-0.247,,,,,,
,88,,0.15000,,,7.085,,,0.02150,,25.4,,,-0.133,,,,,,
,179,,0.17000,,,7.008,,,0.02000,,25.5,,,-0.077,,,,,,
,209,,0.22000,,,6.906,,,0.05000,,25.5,,,-0.102,,,-2.73,,,
,239,,0.27000,,,6.792,,,0.05000,,25.5,,,-0.114,,,-2.09,,,
,270,,0.32000,,,6.683,,,0.05000,,25.4,,,-0.109,,,-1.97,,,
,300,,0.37000,,,6.584,,,0.05000,,25.4,,,-0.099,,,-1.93,,,
,330,,0.42000,,,6.488,,,0.05000,,25.4,,,-0.096,,,-1.86,,,
,360,,0.47000,,,6.401,,,0.05000,,25.4,,,-0.087,,,-1.74,,,
,390,,0.52000,,,6.315,,,0.05000,,25.4,,,-0.086,,,-1.67,,,
,421,,0.57000,,,6.231,,,0.05000,,25.4,,,-0.084,,,-1.63,,,
,451,,0.62000,,,6.150,,,0.05000,,25.4,,,-0.081,,,-1.61,,,
,481,,0.67000,,,6.070,,,0.05000,,25.4,,,-0.080,,,-1.64,,,
,512,,0.72000,,,5.986,,,0.05000,,25.4,,,-0.084,,,-1.69,,,
,542,,0.77000,,,5.898,,,0.05000,,25.4,,,-0.088,,,-1.81,,,
,572,,0.82000,,,5.800,,,0.05000,,25.4,,,-0.098,,,-2.03,,,
,602,,0.87000,,,5.691,,,0.05000,,25.4,,,-0.109,,,-2.37,,,
,632,,0.92000,,,5.565,,,0.05000,,25.4,,,-0.126,,,-2.93,,,
,663,,0.97000,,,5.405,,,0.05000,,25.4,,,-0.160,,,-3.89,,,
,693,,1.00600,,,5.258,,,0.03600,,25.4,,,-0.147,,,-4.95,,,
,723,,1.03225,,,5.126,,,0.02625,,25.4,,,-0.132,,,-5.97,,,
,753,,1.05400,,,4.988,,,0.02175,,25.4,,,-0.138,,,-6.94,,,
,784,,1.07100,,,4.858,,,0.01700,,25.4,,,-0.130,,,-7.74,,,
,814,,1.08575,,,4.725,,,0.01475,,25.4,,,-0.133,,,-8.64,,,
,,,1.098385 ???,,,4.602 ???,,,,,,,,,,,,,,EQP
,844,,1.09850,,,4.601,,,0.01275,,25.4,,,-0.124,,,-9.20,,,
,874,,1.11150,,,4.477,,,0.01300,,25.4,,,-0.124,,,-8.82,,,
,904,,1.12600,,,4.346,,,0.01450,,25.4,,,-0.131,,,-7.88,,,
,935,,1.14175,,,4.222,,,0.01575,,25.4,,,-0.124,,,-7.01,,,
,965,,1.16150,,,4.092,,,0.01975,,25.4,,,-0.130,,,-6.05,,,
,995,,1.18650,,,3.962,,,0.02500,,25.4,,,-0.130,,,-4.96,,,
,1026,,1.21900,,,3.832,,,0.03250,,25.4,,,-0.130,,,-3.87,,,
,1056,,1.26350,,,3.696,,,0.04450,,25.4,,,-0.136,,,-2.83,,,
,1086,,1.31350,,,3.580,,,0.05000,,25.4,,,-0.116,,,-2.11,,,
,1116,,1.36350,,,3.487,,,0.05000,,25.4,,,-0.093,,,-1.67,,,
,1146,,1.41350,,,3.411,,,0.05000,,25.4,,,-0.076,,,-1.38,,,
,1177,,1.46350,,,3.346,,,0.05000,,25.4,,,-0.065,,,-1.19,,,
,1207,,1.51350,,,3.290,,,0.05000,,25.4,,,-0.056,,,-1.05,,,
,1237,,1.56350,,,3.239,,,0.05000,,25.4,,,-0.051,,,-0.94,,,
,1268,,1.61350,,,3.195,,,0.05000,,25.4,,,-0.044,,,-0.85,,,
,1298,,1.66350,,,3.154,,,0.05000,,25.4,,,-0.041,,,-0.78,,,
,1328,,1.71350,,,3.116,,,0.05000,,25.4,,,-0.038,,,,,,
,1358,,1.76350,,,3.082,,,0.05000,,25.4,,,-0.034,,,,,,
,1388,,1.81350,,,3.050,,,0.05000,,25.4,,,-0.032,,,,,,
,1419,,1.86350,,,3.021,,,0.05000,,25.4,,,-0.029,,,,,,
,1449,,1.91350,,,2.993,,,0.05000,,25.4,,,-0.028,,,,,,
Measure (normal) [1],,,,,,,,"Scope 1/1, Sample 44/75",,,,,,,,,,,,
Measured Values,,,,,"Scope 1/1, Sample 44/75",,,,,,,,,,,,,,,
,Time,,,,,Meas. value,,,,,Temp.,,,,,dE,,,,
,[s],,,,,[pH],,,,,[°C],,,,,[pH],,,,
,1,,,,,4.717,,,,,23.9,,,,,,,,,
,2,,,,,4.969,,,,,24.0,,,,,0.252,,,,
,3,,,,,5.225,,,,,24.3,,,,,0.256,,,,
,4,,,,,5.426,,,,,24.5,,,,,0.201,,,,
,5,,,,,5.593,,,,,24.7,,,,,0.167,,,,
,6,,,,,5.739,,,,,24.9,,,,,0.146,,,,
,7,,,,,5.874,,,,,25.0,,,,,0.135,,,,
,8,,,,,6.000,,,,,25.1,,,,,0.126,,,,
,9,,,,,6.107,,,,,25.2,,,,,0.107,,,,
,10,,,,,6.219,,,,,25.2,,,,,0.112,,,,
,11,,,,,6.327,,,,,25.3,,,,,0.108,,,,
,12,,,,,6.430,,,,,25.3,,,,,0.103,,,,
,13,,,,,6.528,,,,,25.4,,,,,0.098,,,,
,14,,,,,6.622,,,,,25.4,,,,,0.094,,,,
,15,,,,,6.704,,,,,25.4,,,,,0.082,,,,
,16,,,,,6.789,,,,,25.4,,,,,0.085,,,,
,17,,,,,6.871,,,,,25.4,,,,,0.082,,,,
,18,,,,,6.949,,,,,25.4,,,,,0.078,,,,
,19,,,,,7.016,,,,,25.4,,,,,0.067,,,,
,20,,,,,7.077,,,,,25.5,,,,,0.061,,,,
,21,,,,,7.140,,,,,25.5,,,,,0.063,,,,
,22,,,,,7.201,,,,,25.5,,,,,0.061,,,,
,23,,,,,7.250,,,,,25.5,,,,,0.049,,,,
,24,,,,,7.302,,,,,25.5,,,,,0.052,,,,
,25,,,,,7.349,,,,,25.5,,,,,0.047,,,,
,26,,,,,7.394,,,,,25.5,,,,,0.045,,,,
,27,,,,,7.435,,,,,25.5,,,,,0.041,,,,
,28,,,,,7.474,,,,,25.5,,,,,0.039,,,,
,29,,,,,7.507,,,,,25.5,,,,,0.033,,,,
,30,,,,,7.540,,,,,25.5,,,,,0.033,,,,
,31,,,,,7.570,,,,,25.5,,,,,0.030,,,,
,32,,,,,7.600,,,,,25.5,,,,,0.030,,,,
,33,,,,,7.627,,,,,25.5,,,,,0.027,,,,
,34,,,,,7.652,,,,,25.5,,,,,0.025,,,,
,35,,,,,7.674,,,,,25.5,,,,,0.022,,,,
,36,,,,,7.693,,,,,25.5,,,,,0.019,,,,
,37,,,,,7.713,,,,,25.5,,,,,0.020,,,,
,38,,,,,7.731,,,,,25.5,,,,,0.018,,,,
,39,,,,,7.747,,,,,25.5,,,,,0.016,,,,
,40,,,,,7.762,,,,,25.5,,,,,0.015,,,,
,41,,,,,7.776,,,,,25.5,,,,,0.014,,,,
,42,,,,,7.789,,,,,25.5,,,,,0.013,,,,
,43,,,,,7.800,,,,,25.5,,,,,0.011,,,,
,44,,,,,7.811,,,,,25.5,,,,,0.011,,,,
,45,,,,,7.822,,,,,25.5,,,,,0.011,,,,
,46,,,,,7.832,,,,,25.5,,,,,0.010,,,,
,47,,,,,7.841,,,,,25.5,,,,,0.009,,,,
,48,,,,,7.849,,,,,25.5,,,,,0.008,,,,
,49,,,,,7.857,,,,,25.5,,,,,0.008,,,,
,50,,,,,7.863,,,,,25.5,,,,,0.006,,,,
,51,,,,,7.870,,,,,25.5,,,,,0.007,,,,
,52,,,,,7.876,,,,,25.5,,,,,0.006,,,,
,53,,,,,7.882,,,,,25.5,,,,,0.006,,,,
,54,,,,,7.887,,,,,25.5,,,,,0.005,,,,
,55,,,,,7.891,,,,,25.5,,,,,0.004,,,,
,56,,,,,7.896,,,,,25.5,,,,,0.005,,,,
,57,,,,,7.899,,,,,25.5,,,,,0.003,,,,
,58,,,,,7.903,,,,,25.5,,,,,0.004,,,,
,59,,,,,7.906,,,,,25.5,,,,,0.003,,,,
,60,,,,,7.909,,,,,25.5,,,,,0.003,,,,
Titration (EQP) [1],,,,,,,,"Scope 1/1, Sample 44/75",,,,,,,,,,,,
Measured Values,,,,,"Scope 1/1, Sample 44/75",,,,,,,,,,,,,,,
,Time,,V,,,Meas. value,,,dV,,Temp.,,,dE,,,dE/dV,,,EQP
,[s],,[mL],,,[pH],,,[mL],,[°C],,,[pH],,,[pH/mL],,,
,0,,0.00000,,,7.916,,,,,25.5,,,,,,,,,
,28,,0.08575,,,7.465,,,0.08575,,25.5,,,-0.451,,,,,,
,58,,0.12850,,,7.217,,,0.04275,,25.5,,,-0.248,,,,,,
,88,,0.15000,,,7.084,,,0.02150,,25.5,,,-0.133,,,,,,
,179,,0.17075,,,7.005,,,0.02075,,25.5,,,-0.079,,,,,,
,209,,0.22075,,,6.902,,,0.05000,,25.5,,,-0.103,,,-2.75,,,
,239,,0.27075,,,6.786,,,0.05000,,25.5,,,-0.116,,,-2.12,,,
,269,,0.32075,,,6.676,,,0.05000,,25.5,,,-0.110,,,-2.01,,,
,300,,0.37075,,,6.574,,,0.05000,,25.4,,,-0.102,,,-1.98,,,
,330,,0.42075,,,6.479,,,0.05000,,25.4,,,-0.095,,,-1.89,,,
,360,,0.47075,,,6.387,,,0.05000,,25.4,,,-0.092,,,-1.75,,,
,390,,0.52075,,,6.298,,,0.05000,,25.4,,,-0.089,,,-1.68,,,
,420,,0.57075,,,6.219,,,0.05000,,25.4,,,-0.079,,,-1.65,,,
,451,,0.62075,,,6.138,,,0.05000,,25.4,,,-0.081,,,-1.64,,,
,481,,0.67075,,,6.055,,,0.05000,,25.4,,,-0.083,,,-1.67,,,
,511,,0.72075,,,5.963,,,0.05000,,25.4,,,-0.092,,,-1.75,,,
,542,,0.77075,,,5.875,,,0.05000,,25.4,,,-0.088,,,-1.90,,,
,572,,0.82075,,,5.774,,,0.05000,,25.4,,,-0.101,,,-2.14,,,
,602,,0.87075,,,5.660,,,0.05000,,25.4,,,-0.114,,,-2.53,,,
,632,,0.92075,,,5.522,,,0.05000,,25.4,,,-0.138,,,-3.23,,,
,662,,0.96925,,,5.351,,,0.04850,,25.4,,,-0.171,,,-4.37,,,
,693,,0.99950,,,5.215,,,0.03025,,25.4,,,-0.136,,,-5.40,,,
,723,,1.02350,,,5.083,,,0.02400,,25.4,,,-0.132,,,-6.43,,,
,753,,1.04350,,,4.945,,,0.02000,,25.4,,,-0.138,,,-7.37,,,
,783,,1.05925,,,4.814,,,0.01575,,25.4,,,-0.131,,,-8.18,,,
,814,,1.07275,,,4.687,,,0.01350,,25.4,,,-0.127,,,-9.10,,,
,,,1.082622 ???,,,4.587 ???,,,,,,,,,,,,,,EQP
,844,,1.08525,,,4.560,,,0.01250,,25.4,,,-0.127,,,-9.37,,,
,874,,1.09775,,,4.439,,,0.01250,,25.4,,,-0.121,,,-8.73,,,
,904,,1.11250,,,4.309,,,0.01475,,25.4,,,-0.130,,,-7.76,,,
,935,,1.12950,,,4.180,,,0.01700,,25.4,,,-0.129,,,-6.84,,,
,965,,1.15025,,,4.051,,,0.02075,,25.4,,,-0.129,,,-5.82,,,
,995,,1.17675,,,3.920,,,0.02650,,25.4,,,-0.131,,,-4.70,,,
,1025,,1.21150,,,3.790,,,0.03475,,25.4,,,-0.130,,,-3.60,,,
,1056,,1.25900,,,3.656,,,0.04750,,25.4,,,-0.134,,,-2.60,,,
,1086,,1.30900,,,3.547,,,0.05000,,25.4,,,-0.109,,,-1.96,,,
,1116,,1.35900,,,3.460,,,0.05000,,25.4,,,-0.087,,,-1.58,,,
,1146,,1.40900,,,3.387,,,0.05000,,25.4,,,-0.073,,,-1.33,,,
,1176,,1.45900,,,3.324,,,0.05000,,25.4,,,-0.063,,,-1.15,,,
,1207,,1.50900,,,3.269,,,0.05000,,25.4,,,-0.055,,,-1.02,,,
,1237,,1.55900,,,3.220,,,0.05000,,25.4,,,-0.049,,,-0.92,,,
,1267,,1.60900,,,3.176,,,0.05000,,25.4,,,-0.044,,,-0.83,,,
,1297,,1.65900,,,3.137,,,0.05000,,25.4,,,-0.039,,,-0.76,,,
,1328,,1.70900,,,3.100,,,0.05000,,25.4,,,-0.037,,,,,,
,1358,,1.75900,,,3.067,,,0.05000,,25.4,,,-0.033,,,,,,
,1388,,1.80900,,,3.035,,,0.05000,,25.4,,,-0.032,,,,,,
,1418,,1.85900,,,3.006,,,0.05000,,25.4,,,-0.029,,,,,,
,1449,,1.90900,,,2.979,,,0.05000,,25.4,,,-0.027,,,,,,
Measure (normal) [1],,,,,,,,"Scope 1/1, Sample 45/75",,,,,,,,,,,,
Measured Values,,,,,"Scope 1/1, Sample 45/75",,,,,,,,,,,,,,,
,Time,,,,,Meas. value,,,,,Temp.,,,,,dE,,,,
,[s],,,,,[pH],,,,,[°C],,,,,[pH],,,,
,1,,,,,4.499,,,,,23.6,,,,,,,,,
,2,,,,,4.872,,,,,23.8,,,,,0.373,,,,
,3,,,,,5.264,,,,,24.0,,,,,0.392,,,,
,4,,,,,5.619,,,,,24.3,,,,,0.355,,,,
,5,,,,,5.946,,,,,24.5,,,,,0.327,,,,
,6,,,,,6.242,,,,,24.7,,,,,0.296,,,,
,7,,,,,6.510,,,,,24.8,,,,,0.268,,,,
,8,,,,,6.741,,,,,25.0,,,,,0.231,,,,
,9,,,,,6.919,,,,,25.0,,,,,0.178,,,,
,10,,,,,7.086,,,,,25.1,,,,,0.167,,,,
,11,,,,,7.229,,,,,25.2,,,,,0.143,,,,
,12,,,,,7.350,,,,,25.2,,,,,0.121,,,,
,13,,,,,7.452,,,,,25.3,,,,,0.102,,,,
,14,,,,,7.536,,,,,25.3,,,,,0.084,,,,
,15,,,,,7.608,,,,,25.3,,,,,0.072,,,,
,16,,,,,7.663,,,,,25.3,,,,,0.055,,,,
,17,,,,,7.712,,,,,25.3,,,,,0.049,,,,
,18,,,,,7.753,,,,,25.4,,,,,0.041,,,,
,19,,,,,7.787,,,,,25.4,,,,,0.034,,,,
,20,,,,,7.814,,,,,25.4,,,,,0.027,,,,
,21,,,,,7.836,,,,,25.4,,,,,0.022,,,,
,22,,,,,7.855,,,,,25.4,,,,,0.019,,,,
,23,,,,,7.869,,,,,25.4,,,,,0.014,,,,
,24,,,,,7.882,,,,,25.4,,,,,0.013,,,,
,25,,,,,7.893,,,,,25.4,,,,,0.011,,,,
,26,,,,,7.903,,,,,25.4,,,,,0.010,,,,
,27,,,,,7.911,,,,,25.4,,,,,0.008,,,,
,28,,,,,7.918,,,,,25.4,,,,,0.007,,,,
,29,,,,,7.923,,,,,25.4,,,,,0.005,,,,
,30,,,,,7.928,,,,,25.4,,,,,0.005,,,,
,31,,,,,7.932,,,,,25.4,,,,,0.004,,,,
,32,,,,,7.936,,,,,25.4,,,,,0.004,,,,
,33,,,,,7.939,,,,,25.4,,,,,0.003,,,,
,34,,,,,7.941,,,,,25.4,,,,,0.002,,,,
,35,,,,,7.944,,,,,25.4,,,,,0.003,,,,
,36,,,,,7.946,,,,,25.4,,,,,0.002,,,,
,37,,,,,7.947,,,,,25.4,,,,,0.001,,,,
,38,,,,,7.949,,,,,25.4,,,,,0.002,,,,
,39,,,,,7.951,,,,,25.4,,,,,0.002,,,,
,40,,,,,7.952,,,,,25.4,,,,,0.001,,,,
,41,,,,,7.953,,,,,25.4,,,,,0.001,,,,
,42,,,,,7.954,,,,,25.4,,,,,0.001,,,,
,43,,,,,7.955,,,,,25.4,,,,,0.001,,,,
,44,,,,,7.956,,,,,25.4,,,,,0.001,,,,
,45,,,,,7.957,,,,,25.4,,,,,0.001,,,,
,46,,,,,7.958,,,,,25.4,,,,,0.001,,,,
,47,,,,,7.958,,,,,25.4,,,,,0.000,,,,
,48,,,,,7.959,,,,,25.4,,,,,0.001,,,,
,49,,,,,7.960,,,,,25.4,,,,,0.001,,,,
,50,,,,,7.960,,,,,25.4,,,,,0.000,,,,
,51,,,,,7.961,,,,,25.4,,,,,0.001,,,,
,52,,,,,7.961,,,,,25.4,,,,,0.000,,,,
,53,,,,,7.962,,,,,25.4,,,,,0.001,,,,
,54,,,,,7.962,,,,,25.4,,,,,0.000,,,,
,55,,,,,7.963,,,,,25.4,,,,,0.001,,,,
,56,,,,,7.964,,,,,25.4,,,,,0.001,,,,
,57,,,,,7.964,,,,,25.4,,,,,0.000,,,,
,58,,,,,7.964,,,,,25.4,,,,,0.000,,,,
,59,,,,,7.965,,,,,25.4,,,,,0.001,,,,
,60,,,,,7.965,,,,,25.4,,,,,0.000,,,,
Titration (EQP) [1],,,,,,,,"Scope 1/1, Sample 45/75",,,,,,,,,,,,
Measured Values,,,,,"Scope 1/1, Sample 45/75",,,,,,,,,,,,,,,
,Time,,V,,,Meas. value,,,dV,,Temp.,,,dE,,,dE/dV,,,EQP
,[s],,[mL],,,[pH],,,[mL],,[°C],,,[pH],,,[pH/mL],,,
,0,,0.00000,,,7.966,,,,,25.4,,,,,,,,,
,28,,0.08575,,,7.667,,,0.08575,,25.4,,,-0.299,,,,,,
,58,,0.12850,,,7.404,,,0.04275,,25.4,,,-0.263,,,,,,
,88,,0.15000,,,7.271,,,0.02150,,25.4,,,-0.133,,,,,,
,179,,0.17200,,,7.176,,,0.02200,,25.4,,,-0.095,,,,,,
,209,,0.21675,,,7.006,,,0.04475,,25.4,,,-0.170,,,-3.77,,,
,239,,0.25750,,,6.873,,,0.04075,,25.4,,,-0.133,,,-2.96,,,
,270,,0.30550,,,6.747,,,0.04800,,25.4,,,-0.126,,,-2.49,,,
,300,,0.35550,,,6.634,,,0.05000,,25.4,,,-0.113,,,-2.16,,,
,330,,0.40550,,,6.533,,,0.05000,,25.4,,,-0.101,,,-1.91,,,
,360,,0.45550,,,6.439,,,0.05000,,25.4,,,-0.094,,,-1.75,,,
,390,,0.50550,,,6.354,,,0.05000,,25.4,,,-0.085,,,-1.62,,,
,421,,0.55550,,,6.277,,,0.05000,,25.4,,,-0.077,,,-1.52,,,
,451,,0.60550,,,6.202,,,0.05000,,25.4,,,-0.075,,,-1.45,,,
,481,,0.65550,,,6.130,,,0.05000,,25.4,,,-0.072,,,-1.40,,,
,511,,0.70550,,,6.062,,,0.05000,,25.4,,,-0.068,,,-1.38,,,
,542,,0.75550,,,5.992,,,0.05000,,25.4,,,-0.070,,,-1.38,,,
,572,,0.80550,,,5.921,,,0.05000,,25.4,,,-0.071,,,-1.40,,,
,602,,0.85550,,,5.852,,,0.05000,,25.4,,,-0.069,,,-1.44,,,
,632,,0.90550,,,5.777,,,0.05000,,25.4,,,-0.075,,,-1.52,,,
,663,,0.95550,,,5.698,,,0.05000,,25.4,,,-0.079,,,-1.63,,,
,693,,1.00550,,,5.610,,,0.05000,,25.4,,,-0.088,,,-1.82,,,
,723,,1.05550,,,5.513,,,0.05000,,25.4,,,-0.097,,,-2.12,,,
,753,,1.10550,,,5.398,,,0.05000,,25.4,,,-0.115,,,-2.58,,,
,784,,1.15550,,,5.258,,,0.05000,,25.4,,,-0.140,,,-3.32,,,
,814,,1.20275,,,5.086,,,0.04725,,25.4,,,-0.172,,,-4.40,,,
,844,,1.23150,,,4.955,,,0.02875,,25.4,,,-0.131,,,-5.25,,,
,874,,1.25525,,,4.821,,,0.02375,,25.4,,,-0.134,,,-6.01,,,
,905,,1.27450,,,4.691,,,0.01925,,25.4,,,-0.130,,,-6.67,,,
,935,,1.29150,,,4.560,,,0.01700,,25.4,,,-0.131,,,-7.34,,,
,,,1.303128 ???,,,4.465 ???,,,,,,,,,,,,,,EQP
,965,,1.30675,,,4.436,,,0.01525,,25.4,,,-0.124,,,-7.61,,,
,995,,1.32275,,,4.311,,,0.01600,,25.4,,,-0.125,,,-7.03,,,
,1026,,1.34050,,,4.182,,,0.01775,,25.4,,,-0.129,,,-6.26,,,
,1056,,1.36075,,,4.058,,,0.02025,,25.4,,,-0.124,,,-5.52,,,
,1086,,1.38700,,,3.927,,,0.02625,,25.4,,,-0.131,,,-4.62,,,
,1116,,1.42050,,,3.798,,,0.03350,,25.4,,,-0.129,,,-3.65,,,
,1146,,1.46650,,,3.665,,,0.04600,,25.4,,,-0.133,,,-2.69,,,
,1177,,1.51650,,,3.552,,,0.05000,,25.4,,,-0.113,,,-2.02,,,
,1207,,1.56650,,,3.463,,,0.05000,,25.4,,,-0.089,,,-1.61,,,
,1237,,1.61650,,,3.389,,,0.05000,,25.4,,,-0.074,,,-1.35,,,
,1268,,1.66650,,,3.326,,,0.05000,,25.4,,,-0.063,,,-1.16,,,
,1298,,1.71650,,,3.270,,,0.05000,,25.4,,,-0.056,,,-1.03,,,
,1328,,1.76650,,,3.220,,,0.05000,,25.4,,,-0.050,,,-0.92,,,
,1358,,1.81650,,,3.177,,,0.05000,,25.4,,,-0.043,,,-0.84,,,
,1388,,1.86650,,,3.137,,,0.05000,,25.4,,,-0.040,,,-0.76,,,
,1419,,1.91650,,,3.100,,,0.05000,,25.4,,,-0.037,,,,,,
,1449,,1.96650,,,3.066,,,0.05000,,25.4,,,-0.034,,,,,,
,1479,,2.01650,,,3.035,,,0.05000,,25.4,,,-0.031,,,,,,
,1509,,2.06650,,,3.006,,,0.05000,,25.4,,,-0.029,,,,,,
,1540,,2.11650,,,2.979,,,0.05000,,25.4,,,-0.027,,,,,,
Measure (normal) [1],,,,,,,,"Scope 1/1, Sample 46/75",,,,,,,,,,,,
Measured Values,,,,,"Scope 1/1, Sample 46/75",,,,,,,,,,,,,,,
,Time,,,,,Meas. value,,,,,Temp.,,,,,dE,,,,
,[s],,,,,[pH],,,,,[°C],,,,,[pH],,,,
,1,,,,,4.987,,,,,22.6,,,,,,,,,
,2,,,,,5.215,,,,,22.9,,,,,0.228,,,,
,3,,,,,5.461,,,,,23.2,,,,,0.246,,,,
,4,,,,,5.669,,,,,23.6,,,,,0.208,,,,
,5,,,,,5.849,,,,,24.0,,,,,0.180,,,,
,6,,,,,6.014,,,,,24.2,,,,,0.165,,,,
,7,,,,,6.169,,,,,24.5,,,,,0.155,,,,
,8,,,,,6.321,,,,,24.6,,,,,0.152,,,,
,9,,,,,6.449,,,,,24.8,,,,,0.128,,,,
,10,,,,,6.582,,,,,24.9,,,,,0.133,,,,
,11,,,,,6.710,,,,,25.0,,,,,0.128,,,,
,12,,,,,6.829,,,,,25.0,,,,,0.119,,,,
,13,,,,,6.943,,,,,25.1,,,,,0.114,,,,
,14,,,,,7.041,,,,,25.1,,,,,0.098,,,,
,15,,,,,7.125,,,,,25.2,,,,,0.084,,,,
,16,,,,,7.217,,,,,25.2,,,,,0.092,,,,
,17,,,,,7.297,,,,,25.2,,,,,0.080,,,,
,18,,,,,7.370,,,,,25.2,,,,,0.073,,,,
,19,,,,,7.439,,,,,25.2,,,,,0.069,,,,
,20,,,,,7.504,,,,,25.2,,,,,0.065,,,,
,21,,,,,7.563,,,,,25.2,,,,,0.059,,,,
,22,,,,,7.610,,,,,25.2,,,,,0.047,,,,
,23,,,,,7.657,,,,,25.3,,,,,0.047,,,,
,24,,,,,7.701,,,,,25.3,,,,,0.044,,,,
,25,,,,,7.740,,,,,25.3,,,,,0.039,,,,
,26,,,,,7.776,,,,,25.3,,,,,0.036,,,,
,27,,,,,7.809,,,,,25.3,,,,,0.033,,,,
,28,,,,,7.838,,,,,25.3,,,,,0.029,,,,
,29,,,,,7.865,,,,,25.3,,,,,0.027,,,,
,30,,,,,7.887,,,,,25.3,,,,,0.022,,,,
,31,,,,,7.910,,,,,25.3,,,,,0.023,,,,
,32,,,,,7.930,,,,,25.3,,,,,0.020,,,,
,33,,,,,7.949,,,,,25.3,,,,,0.019,,,,
,34,,,,,7.966,,,,,25.3,,,,,0.017,,,,
,35,,,,,7.981,,,,,25.3,,,,,0.015,,,,
,36,,,,,7.995,,,,,25.3,,,,,0.014,,,,
,37,,,,,8.007,,,,,25.3,,,,,0.012,,,,
,38,,,,,8.018,,,,,25.3,,,,,0.011,,,,
,39,,,,,8.028,,,,,25.3,,,,,0.010,,,,
,40,,,,,8.037,,,,,25.3,,,,,0.009,,,,
,41,,,,,8.046,,,,,25.3,,,,,0.009,,,,
,42,,,,,8.053,,,,,25.3,,,,,0.007,,,,
,43,,,,,8.060,,,,,25.3,,,,,0.007,,,,
,44,,,,,8.066,,,,,25.3,,,,,0.006,,,,
,45,,,,,8.073,,,,,25.3,,,,,0.007,,,,
,46,,,,,8.078,,,,,25.3,,,,,0.005,,,,
,47,,,,,8.083,,,,,25.3,,,,,0.005,,,,
,48,,,,,8.088,,,,,25.3,,,,,0.005,,,,
,49,,,,,8.092,,,,,25.3,,,,,0.004,,,,
,50,,,,,8.095,,,,,25.3,,,,,0.003,,,,
,51,,,,,8.099,,,,,25.3,,,,,0.004,,,,
,52,,,,,8.102,,,,,25.3,,,,,0.003,,,,
,53,,,,,8.105,,,,,25.3,,,,,0.003,,,,
,54,,,,,8.107,,,,,25.3,,,,,0.002,,,,
,55,,,,,8.109,,,,,25.3,,,,,0.002,,,,
,56,,,,,8.112,,,,,25.3,,,,,0.003,,,,
,57,,,,,8.114,,,,,25.3,,,,,0.002,,,,
,58,,,,,8.115,,,,,25.3,,,,,0.001,,,,
,59,,,,,8.117,,,,,25.3,,,,,0.002,,,,
,60,,,,,8.118,,,,,25.3,,,,,0.001,,,,
Titration (EQP) [1],,,,,,,,"Scope 1/1, Sample 46/75",,,,,,,,,,,,
Measured Values,,,,,"Scope 1/1, Sample 46/75",,,,,,,,,,,,,,,
,Time,,V,,,Meas. value,,,dV,,Temp.,,,dE,,,dE/dV,,,EQP
,[s],,[mL],,,[pH],,,[mL],,[°C],,,[pH],,,[pH/mL],,,
,0,,0.00000,,,8.122,,,,,25.3,,,,,,,,,
,28,,0.08575,,,7.661,,,0.08575,,25.3,,,-0.461,,,,,,
,58,,0.12850,,,7.365,,,0.04275,,25.3,,,-0.296,,,,,,
,88,,0.15000,,,7.223,,,0.02150,,25.3,,,-0.142,,,,,,
,180,,0.17175,,,7.107,,,0.02175,,25.3,,,-0.116,,,,,,
,210,,0.20275,,,7.026,,,0.03100,,25.3,,,-0.081,,,-3.46,,,
,240,,0.25275,,,6.912,,,0.05000,,25.3,,,-0.114,,,-2.53,,,
,270,,0.30275,,,6.788,,,0.05000,,25.3,,,-0.124,,,-2.22,,,
,301,,0.35275,,,6.674,,,0.05000,,25.3,,,-0.114,,,-2.13,,,
,331,,0.40275,,,6.568,,,0.05000,,25.3,,,-0.106,,,-2.06,,,
,361,,0.45275,,,6.473,,,0.05000,,25.3,,,-0.095,,,-1.93,,,
,391,,0.50275,,,6.373,,,0.05000,,25.3,,,-0.100,,,-1.81,,,
,422,,0.55275,,,6.287,,,0.05000,,25.3,,,-0.086,,,-1.74,,,
,452,,0.60275,,,6.203,,,0.05000,,25.3,,,-0.084,,,-1.70,,,
,482,,0.65275,,,6.119,,,0.05000,,25.3,,,-0.084,,,-1.71,,,
,512,,0.70275,,,6.028,,,0.05000,,25.3,,,-0.091,,,-1.75,,,
,543,,0.75275,,,5.937,,,0.05000,,25.3,,,-0.091,,,-1.90,,,
,573,,0.80275,,,5.838,,,0.05000,,25.3,,,-0.099,,,-2.11,,,
,603,,0.85275,,,5.725,,,0.05000,,25.3,,,-0.113,,,-2.47,,,
,633,,0.90275,,,5.591,,,0.05000,,25.3,,,-0.134,,,-3.07,,,
,664,,0.95275,,,5.422,,,0.05000,,25.3,,,-0.169,,,-4.12,,,
,694,,0.98500,,,5.288,,,0.03225,,25.3,,,-0.134,,,-5.11,,,
,724,,1.01150,,,5.148,,,0.02650,,25.3,,,-0.140,,,-6.20,,,
,754,,1.03200,,,5.015,,,0.02050,,25.3,,,-0.133,,,-7.17,,,
,784,,1.04900,,,4.880,,,0.01700,,25.3,,,-0.135,,,-8.03,,,
,815,,1.06300,,,4.750,,,0.01400,,25.3,,,-0.130,,,-8.99,,,
,,,1.075376 ???,,,4.626 ???,,,,,,,,,,,,,,EQP
,845,,1.07575,,,4.622,,,0.01275,,25.3,,,-0.128,,,-9.53,,,
,875,,1.08825,,,4.495,,,0.01250,,25.3,,,-0.127,,,-9.14,,,
,906,,1.10150,,,4.371,,,0.01325,,25.3,,,-0.124,,,-8.20,,,
,936,,1.11725,,,4.244,,,0.01575,,25.3,,,-0.127,,,-7.28,,,
,966,,1.13700,,,4.110,,,0.01975,,25.3,,,-0.134,,,-6.25,,,
,996,,1.16075,,,3.981,,,0.02375,,25.3,,,-0.129,,,-5.15,,,
,1026,,1.19225,,,3.849,,,0.03150,,25.3,,,-0.132,,,-4.02,,,
,1057,,1.23475,,,3.716,,,0.04250,,25.3,,,-0.133,,,-2.96,,,
,1087,,1.28475,,,3.595,,,0.05000,,25.3,,,-0.121,,,-2.18,,,
,1117,,1.33475,,,3.501,,,0.05000,,25.3,,,-0.094,,,-1.71,,,
,1147,,1.38475,,,3.422,,,0.05000,,25.3,,,-0.079,,,-1.42,,,
,1178,,1.43475,,,3.356,,,0.05000,,25.3,,,-0.066,,,-1.22,,,
,1208,,1.48475,,,3.298,,,0.05000,,25.3,,,-0.058,,,-1.07,,,
,1238,,1.53475,,,3.247,,,0.05000,,25.3,,,-0.051,,,-0.96,,,
,1268,,1.58475,,,3.201,,,0.05000,,25.3,,,-0.046,,,-0.87,,,
,1299,,1.63475,,,3.159,,,0.05000,,25.3,,,-0.042,,,-0.79,,,
,1329,,1.68475,,,3.121,,,0.05000,,25.3,,,-0.038,,,,,,
,1359,,1.73475,,,3.086,,,0.05000,,25.3,,,-0.035,,,,,,
,1389,,1.78475,,,3.054,,,0.05000,,25.3,,,-0.032,,,,,,
,1420,,1.83475,,,3.024,,,0.05000,,25.3,,,-0.030,,,,,,
,1450,,1.88475,,,2.996,,,0.05000,,25.3,,,-0.028,,,,,,
Measure (normal) [1],,,,,,,,"Scope 1/1, Sample 47/75",,,,,,,,,,,,
Measured Values,,,,,"Scope 1/1, Sample 47/75",,,,,,,,,,,,,,,
,Time,,,,,Meas. value,,,,,Temp.,,,,,dE,,,,
,[s],,,,,[pH],,,,,[°C],,,,,[pH],,,,
,1,,,,,4.872,,,,,22.7,,,,,,,,,
,2,,,,,5.087,,,,,22.9,,,,,0.215,,,,
,3,,,,,5.332,,,,,23.3,,,,,0.245,,,,
,4,,,,,5.540,,,,,23.6,,,,,0.208,,,,
,5,,,,,5.720,,,,,24.0,,,,,0.180,,,,
,6,,,,,5.887,,,,,24.3,,,,,0.167,,,,
,7,,,,,6.043,,,,,24.5,,,,,0.156,,,,
,8,,,,,6.175,,,,,24.6,,,,,0.132,,,,
,9,,,,,6.315,,,,,24.8,,,,,0.140,,,,
,10,,,,,6.447,,,,,24.9,,,,,0.132,,,,
,11,,,,,6.572,,,,,25.0,,,,,0.125,,,,
,12,,,,,6.690,,,,,25.0,,,,,0.118,,,,
,13,,,,,6.804,,,,,25.1,,,,,0.114,,,,
,14,,,,,6.913,,,,,25.1,,,,,0.109,,,,
,15,,,,,7.009,,,,,25.2,,,,,0.096,,,,
,16,,,,,7.089,,,,,25.2,,,,,0.080,,,,
,17,,,,,7.179,,,,,25.2,,,,,0.090,,,,
,18,,,,,7.259,,,,,25.2,,,,,0.080,,,,
,19,,,,,7.332,,,,,25.2,,,,,0.073,,,,
,20,,,,,7.398,,,,,25.2,,,,,0.066,,,,
,21,,,,,7.459,,,,,25.2,,,,,0.061,,,,
,22,,,,,7.515,,,,,25.2,,,,,0.056,,,,
,23,,,,,7.562,,,,,25.3,,,,,0.047,,,,
,24,,,,,7.608,,,,,25.3,,,,,0.046,,,,
,25,,,,,7.650,,,,,25.3,,,,,0.042,,,,
,26,,,,,7.690,,,,,25.3,,,,,0.040,,,,
,27,,,,,7.727,,,,,25.3,,,,,0.037,,,,
,28,,,,,7.759,,,,,25.3,,,,,0.032,,,,
,29,,,,,7.786,,,,,25.3,,,,,0.027,,,,
,30,,,,,7.815,,,,,25.3,,,,,0.029,,,,
,31,,,,,7.838,,,,,25.3,,,,,0.023,,,,
,32,,,,,7.861,,,,,25.3,,,,,0.023,,,,
,33,,,,,7.883,,,,,25.3,,,,,0.022,,,,
,34,,,,,7.902,,,,,25.3,,,,,0.019,,,,
,35,,,,,7.920,,,,,25.3,,,,,0.018,,,,
,36,,,,,7.935,,,,,25.3,,,,,0.015,,,,
,37,,,,,7.950,,,,,25.3,,,,,0.015,,,,
,38,,,,,7.963,,,,,25.3,,,,,0.013,,,,
,39,,,,,7.976,,,,,25.3,,,,,0.013,,,,
,40,,,,,7.987,,,,,25.3,,,,,0.011,,,,
,41,,,,,7.997,,,,,25.3,,,,,0.010,,,,
,42,,,,,8.006,,,,,25.3,,,,,0.009,,,,
,43,,,,,8.015,,,,,25.3,,,,,0.009,,,,
,44,,,,,8.022,,,,,25.3,,,,,0.007,,,,
,45,,,,,8.028,,,,,25.3,,,,,0.006,,,,
,46,,,,,8.034,,,,,25.3,,,,,0.006,,,,
,47,,,,,8.040,,,,,25.3,,,,,0.006,,,,
,48,,,,,8.045,,,,,25.3,,,,,0.005,,,,
,49,,,,,8.050,,,,,25.3,,,,,0.005,,,,
,50,,,,,8.055,,,,,25.3,,,,,0.005,,,,
,51,,,,,8.058,,,,,25.3,,,,,0.003,,,,
,52,,,,,8.062,,,,,25.3,,,,,0.004,,,,
,53,,,,,8.065,,,,,25.3,,,,,0.003,,,,
,54,,,,,8.068,,,,,25.3,,,,,0.003,,,,
,55,,,,,8.071,,,,,25.3,,,,,0.003,,,,
,56,,,,,8.073,,,,,25.3,,,,,0.002,,,,
,57,,,,,8.076,,,,,25.3,,,,,0.003,,,,
,58,,,,,8.078,,,,,25.3,,,,,0.002,,,,
,59,,,,,8.080,,,,,25.3,,,,,0.002,,,,
,60,,,,,8.081,,,,,25.3,,,,,0.001,,,,
Titration (EQP) [1],,,,,,,,"Scope 1/1, Sample 47/75",,,,,,,,,,,,
Measured Values,,,,,"Scope 1/1, Sample 47/75",,,,,,,,,,,,,,,
,Time,,V,,,Meas. value,,,dV,,Temp.,,,dE,,,dE/dV,,,EQP
,[s],,[mL],,,[pH],,,[mL],,[°C],,,[pH],,,[pH/mL],,,
,0,,0.00000,,,8.086,,,,,25.3,,,,,,,,,
,28,,0.08575,,,7.582,,,0.08575,,25.3,,,-0.504,,,,,,
,58,,0.12850,,,7.295,,,0.04275,,25.3,,,-0.287,,,,,,
,88,,0.15000,,,7.159,,,0.02150,,25.3,,,-0.136,,,,,,
,179,,0.17275,,,7.054,,,0.02275,,25.3,,,-0.105,,,,,,
,209,,0.21275,,,6.957,,,0.04000,,25.3,,,-0.097,,,-3.17,,,
,239,,0.26275,,,6.836,,,0.05000,,25.3,,,-0.121,,,-2.37,,,
,270,,0.31275,,,6.717,,,0.05000,,25.3,,,-0.119,,,-2.15,,,
,300,,0.36275,,,6.611,,,0.05000,,25.3,,,-0.106,,,-2.08,,,
,330,,0.41275,,,6.507,,,0.05000,,25.3,,,-0.104,,,-2.00,,,
,360,,0.46275,,,6.410,,,0.05000,,25.4,,,-0.097,,,-1.88,,,
,390,,0.51275,,,6.317,,,0.05000,,25.4,,,-0.093,,,-1.80,,,
,421,,0.56275,,,6.229,,,0.05000,,25.4,,,-0.088,,,-1.75,,,
,451,,0.61275,,,6.143,,,0.05000,,25.4,,,-0.086,,,-1.75,,,
,481,,0.66275,,,6.054,,,0.05000,,25.4,,,-0.089,,,-1.78,,,
,511,,0.71275,,,5.960,,,0.05000,,25.4,,,-0.094,,,-1.88,,,
,542,,0.76275,,,5.862,,,0.05000,,25.4,,,-0.098,,,-2.07,,,
,572,,0.81275,,,5.750,,,0.05000,,25.4,,,-0.112,,,-2.39,,,
,602,,0.86275,,,5.624,,,0.05000,,25.4,,,-0.126,,,-2.93,,,
,632,,0.91275,,,5.463,,,0.05000,,25.4,,,-0.161,,,-3.86,,,
,663,,0.94850,,,5.321,,,0.03575,,25.4,,,-0.142,,,-4.89,,,
,693,,0.97600,,,5.181,,,0.02750,,25.4,,,-0.140,,,-5.98,,,
,723,,0.99700,,,5.051,,,0.02100,,25.4,,,-0.130,,,-6.98,,,
,753,,1.01500,,,4.914,,,0.01800,,25.4,,,-0.137,,,-7.90,,,
,784,,1.02925,,,4.786,,,0.01425,,25.5,,,-0.128,,,-8.83,,,
,814,,1.04225,,,4.657,,,0.01300,,25.5,,,-0.129,,,-9.60,,,
,,,1.044722 ???,,,4.631 ???,,,,,,,,,,,,,,EQP
,844,,1.05475,,,4.526,,,0.01250,,25.5,,,-0.131,,,-9.53,,,
,874,,1.06700,,,4.407,,,0.01225,,25.5,,,-0.119,,,-8.65,,,
,905,,1.08200,,,4.275,,,0.01500,,25.5,,,-0.132,,,-7.67,,,
,935,,1.09900,,,4.150,,,0.01700,,25.5,,,-0.125,,,-6.74,,,
,965,,1.12100,,,4.020,,,0.02200,,25.5,,,-0.130,,,-5.63,,,
,995,,1.14975,,,3.888,,,0.02875,,25.5,,,-0.132,,,-4.45,,,
,1026,,1.18775,,,3.754,,,0.03800,,25.5,,,-0.134,,,-3.34,,,
,1056,,1.23775,,,3.623,,,0.05000,,25.5,,,-0.131,,,-2.41,,,
,1086,,1.28775,,,3.520,,,0.05000,,25.5,,,-0.103,,,-1.85,,,
,1116,,1.33775,,,3.437,,,0.05000,,25.5,,,-0.083,,,-1.50,,,
,1147,,1.38775,,,3.366,,,0.05000,,25.5,,,-0.071,,,-1.28,,,
,1177,,1.43775,,,3.307,,,0.05000,,25.5,,,-0.059,,,-1.11,,,
,1207,,1.48775,,,3.253,,,0.05000,,25.5,,,-0.054,,,-0.99,,,
,1237,,1.53775,,,3.205,,,0.05000,,25.5,,,-0.048,,,-0.89,,,
,1268,,1.58775,,,3.163,,,0.05000,,25.5,,,-0.042,,,-0.81,,,
,1298,,1.63775,,,3.124,,,0.05000,,25.5,,,-0.039,,,,,,
,1328,,1.68775,,,3.088,,,0.05000,,25.5,,,-0.036,,,,,,
,1358,,1.73775,,,3.055,,,0.05000,,25.5,,,-0.033,,,,,,
,1388,,1.78775,,,3.024,,,0.05000,,25.5,,,-0.031,,,,,,
,1419,,1.83775,,,2.996,,,0.05000,,25.5,,,-0.028,,,,,,
Measure (normal) [1],,,,,,,,"Scope 1/1, Sample 48/75",,,,,,,,,,,,
Measured Values,,,,,"Scope 1/1, Sample 48/75",,,,,,,,,,,,,,,
,Time,,,,,Meas. value,,,,,Temp.,,,,,dE,,,,
,[s],,,,,[pH],,,,,[°C],,,,,[pH],,,,
,1,,,,,4.809,,,,,22.9,,,,,,,,,
,2,,,,,5.068,,,,,23.1,,,,,0.259,,,,
,3,,,,,5.318,,,,,23.5,,,,,0.250,,,,
,4,,,,,5.529,,,,,23.8,,,,,0.211,,,,
,5,,,,,5.712,,,,,24.2,,,,,0.183,,,,
,6,,,,,5.878,,,,,24.4,,,,,0.166,,,,
,7,,,,,6.031,,,,,24.6,,,,,0.153,,,,
,8,,,,,6.163,,,,,24.8,,,,,0.132,,,,
,9,,,,,6.303,,,,,24.9,,,,,0.140,,,,
,10,,,,,6.436,,,,,25.0,,,,,0.133,,,,
,11,,,,,6.561,,,,,25.1,,,,,0.125,,,,
,12,,,,,6.680,,,,,25.1,,,,,0.119,,,,
,13,,,,,6.793,,,,,25.2,,,,,0.113,,,,
,14,,,,,6.889,,,,,25.2,,,,,0.096,,,,
,15,,,,,6.987,,,,,25.2,,,,,0.098,,,,
,16,,,,,7.074,,,,,25.3,,,,,0.087,,,,
,17,,,,,7.163,,,,,25.3,,,,,0.089,,,,
,18,,,,,7.245,,,,,25.3,,,,,0.082,,,,
,19,,,,,7.316,,,,,25.3,,,,,0.071,,,,
,20,,,,,7.376,,,,,25.3,,,,,0.060,,,,
,21,,,,,7.437,,,,,25.3,,,,,0.061,,,,
,22,,,,,7.495,,,,,25.3,,,,,0.058,,,,
,23,,,,,7.550,,,,,25.3,,,,,0.055,,,,
,24,,,,,7.599,,,,,25.3,,,,,0.049,,,,
,25,,,,,7.643,,,,,25.3,,,,,0.044,,,,
,26,,,,,7.683,,,,,25.3,,,,,0.040,,,,
,27,,,,,7.718,,,,,25.3,,,,,0.035,,,,
,28,,,,,7.752,,,,,25.3,,,,,0.034,,,,
,29,,,,,7.784,,,,,25.3,,,,,0.032,,,,
,30,,,,,7.813,,,,,25.3,,,,,0.029,,,,
,31,,,,,7.840,,,,,25.3,,,,,0.027,,,,
,32,,,,,7.863,,,,,25.3,,,,,0.023,,,,
,33,,,,,7.883,,,,,25.3,,,,,0.020,,,,
,34,,,,,7.903,,,,,25.3,,,,,0.020,,,,
,35,,,,,7.922,,,,,25.3,,,,,0.019,,,,
,36,,,,,7.939,,,,,25.3,,,,,0.017,,,,
,37,,,,,7.954,,,,,25.3,,,,,0.015,,,,
,38,,,,,7.968,,,,,25.3,,,,,0.014,,,,
,39,,,,,7.980,,,,,25.3,,,,,0.012,,,,
,40,,,,,7.990,,,,,25.3,,,,,0.010,,,,
,41,,,,,8.001,,,,,25.3,,,,,0.011,,,,
,42,,,,,8.010,,,,,25.3,,,,,0.009,,,,
,43,,,,,8.019,,,,,25.3,,,,,0.009,,,,
,44,,,,,8.027,,,,,25.3,,,,,0.008,,,,
,45,,,,,8.034,,,,,25.3,,,,,0.007,,,,
,46,,,,,8.040,,,,,25.3,,,,,0.006,,,,
,47,,,,,8.046,,,,,25.3,,,,,0.006,,,,
,48,,,,,8.052,,,,,25.3,,,,,0.006,,,,
,49,,,,,8.057,,,,,25.3,,,,,0.005,,,,
,50,,,,,8.062,,,,,25.3,,,,,0.005,,,,
,51,,,,,8.066,,,,,25.3,,,,,0.004,,,,
,52,,,,,8.070,,,,,25.3,,,,,0.004,,,,
,53,,,,,8.073,,,,,25.3,,,,,0.003,,,,
,54,,,,,8.075,,,,,25.3,,,,,0.002,,,,
,55,,,,,8.078,,,,,25.3,,,,,0.003,,,,
,56,,,,,8.081,,,,,25.3,,,,,0.003,,,,
,57,,,,,8.083,,,,,25.3,,,,,0.002,,,,
,58,,,,,8.085,,,,,25.3,,,,,0.002,,,,
,59,,,,,8.087,,,,,25.3,,,,,0.002,,,,
,60,,,,,8.089,,,,,25.3,,,,,0.002,,,,
Titration (EQP) [1],,,,,,,,"Scope 1/1, Sample 48/75",,,,,,,,,,,,
Measured Values,,,,,"Scope 1/1, Sample 48/75",,,,,,,,,,,,,,,
,Time,,V,,,Meas. value,,,dV,,Temp.,,,dE,,,dE/dV,,,EQP
,[s],,[mL],,,[pH],,,[mL],,[°C],,,[pH],,,[pH/mL],,,
,0,,0.00000,,,8.092,,,,,25.3,,,,,,,,,
,28,,0.08575,,,7.589,,,0.08575,,25.3,,,-0.503,,,,,,
,58,,0.12850,,,7.300,,,0.04275,,25.3,,,-0.289,,,,,,
,88,,0.15000,,,7.160,,,0.02150,,25.3,,,-0.140,,,,,,
,179,,0.17125,,,7.058,,,0.02125,,25.4,,,-0.102,,,,,,
,209,,0.21025,,,6.963,,,0.03900,,25.4,,,-0.095,,,-3.23,,,
,239,,0.26025,,,6.838,,,0.05000,,25.4,,,-0.125,,,-2.40,,,
,269,,0.31025,,,6.723,,,0.05000,,25.4,,,-0.115,,,-2.16,,,
,300,,0.36025,,,6.614,,,0.05000,,25.4,,,-0.109,,,-2.08,,,
,330,,0.41025,,,6.511,,,0.05000,,25.4,,,-0.103,,,-2.00,,,
,360,,0.46025,,,6.412,,,0.05000,,25.4,,,-0.099,,,-1.89,,,
,390,,0.51025,,,6.322,,,0.05000,,25.4,,,-0.090,,,-1.81,,,
,421,,0.56025,,,6.231,,,0.05000,,25.4,,,-0.091,,,-1.76,,,
,451,,0.61025,,,6.144,,,0.05000,,25.4,,,-0.087,,,-1.75,,,
,481,,0.66025,,,6.056,,,0.05000,,25.4,,,-0.088,,,-1.79,,,
,511,,0.71025,,,5.963,,,0.05000,,25.4,,,-0.093,,,-1.90,,,
,542,,0.76025,,,5.862,,,0.05000,,25.4,,,-0.101,,,-2.09,,,
,572,,0.81025,,,5.749,,,0.05000,,25.4,,,-0.113,,,-2.42,,,
,602,,0.86025,,,5.620,,,0.05000,,25.4,,,-0.129,,,-2.97,,,
,632,,0.91025,,,5.459,,,0.05000,,25.4,,,-0.161,,,-3.91,,,
,662,,0.94600,,,5.315,,,0.03575,,25.4,,,-0.144,,,-4.96,,,
,693,,0.97250,,,5.180,,,0.02650,,25.4,,,-0.135,,,-6.02,,,
,723,,0.99375,,,5.045,,,0.02125,,25.4,,,-0.135,,,-7.03,,,
,753,,1.01100,,,4.912,,,0.01725,,25.4,,,-0.133,,,-7.92,,,
,784,,1.02550,,,4.783,,,0.01450,,25.4,,,-0.129,,,-8.87,,,
,814,,1.03875,,,4.650,,,0.01325,,25.4,,,-0.133,,,-9.61,,,
,,,1.040660 ???,,,4.630 ???,,,,,,,,,,,,,,EQP
,844,,1.05075,,,4.527,,,0.01200,,25.4,,,-0.123,,,-9.49,,,
,874,,1.06375,,,4.399,,,0.01300,,25.4,,,-0.128,,,-8.60,,,
,904,,1.07825,,,4.273,,,0.01450,,25.4,,,-0.126,,,-7.64,,,
,935,,1.09600,,,4.143,,,0.01775,,25.4,,,-0.130,,,-6.69,,,
,965,,1.11800,,,4.014,,,0.02200,,25.4,,,-0.129,,,-5.59,,,
,995,,1.14725,,,3.881,,,0.02925,,25.4,,,-0.133,,,-4.41,,,
,1025,,1.18525,,,3.748,,,0.03800,,25.4,,,-0.133,,,-3.31,,,
,1056,,1.23525,,,3.617,,,0.05000,,25.4,,,-0.131,,,-2.39,,,
,1086,,1.28525,,,3.515,,,0.05000,,25.4,,,-0.102,,,-1.84,,,
,1116,,1.33525,,,3.432,,,0.05000,,25.4,,,-0.083,,,-1.50,,,
,1146,,1.38525,,,3.362,,,0.05000,,25.4,,,-0.070,,,-1.27,,,
,1177,,1.43525,,,3.302,,,0.05000,,25.4,,,-0.060,,,-1.12,,,
,1207,,1.48525,,,3.249,,,0.05000,,25.4,,,-0.053,,,-1.00,,,
,1237,,1.53525,,,3.201,,,0.05000,,25.4,,,-0.048,,,-0.89,,,
,1267,,1.58525,,,3.158,,,0.05000,,25.4,,,-0.043,,,-0.79,,,
,1298,,1.63525,,,3.119,,,0.05000,,25.4,,,-0.039,,,,,,
,1328,,1.68525,,,3.086,,,0.05000,,25.4,,,-0.033,,,,,,
,1358,,1.73525,,,3.060,,,0.05000,,25.4,,,-0.026,,,,,,
,1388,,1.78525,,,3.029,,,0.05000,,25.4,,,-0.031,,,,,,
,1419,,1.83525,,,2.999,,,0.05000,,25.4,,,-0.030,,,,,,
Measure (normal) [1],,,,,,,,"Scope 1/1, Sample 49/75",,,,,,,,,,,,
Measured Values,,,,,"Scope 1/1, Sample 49/75",,,,,,,,,,,,,,,
,Time,,,,,Meas. value,,,,,Temp.,,,,,dE,,,,
,[s],,,,,[pH],,,,,[°C],,,,,[pH],,,,
,1,,,,,4.838,,,,,22.5,,,,,,,,,
,2,,,,,5.039,,,,,22.7,,,,,0.201,,,,
,3,,,,,5.282,,,,,23.1,,,,,0.243,,,,
,4,,,,,5.487,,,,,23.5,,,,,0.205,,,,
,5,,,,,5.660,,,,,23.9,,,,,0.173,,,,
,6,,,,,5.814,,,,,24.2,,,,,0.154,,,,
,7,,,,,5.957,,,,,24.4,,,,,0.143,,,,
,8,,,,,6.078,,,,,24.6,,,,,0.121,,,,
,9,,,,,6.206,,,,,24.7,,,,,0.128,,,,
,10,,,,,6.331,,,,,24.9,,,,,0.125,,,,
,11,,,,,6.450,,,,,25.0,,,,,0.119,,,,
,12,,,,,6.563,,,,,25.0,,,,,0.113,,,,
,13,,,,,6.671,,,,,25.1,,,,,0.108,,,,
,14,,,,,6.764,,,,,25.1,,,,,0.093,,,,
,15,,,,,6.861,,,,,25.2,,,,,0.097,,,,
,16,,,,,6.952,,,,,25.2,,,,,0.091,,,,
,17,,,,,7.033,,,,,25.2,,,,,0.081,,,,
,18,,,,,7.105,,,,,25.2,,,,,0.072,,,,
,19,,,,,7.182,,,,,25.2,,,,,0.077,,,,
,20,,,,,7.250,,,,,25.2,,,,,0.068,,,,
,21,,,,,7.305,,,,,25.2,,,,,0.055,,,,
,22,,,,,7.366,,,,,25.2,,,,,0.061,,,,
,23,,,,,7.420,,,,,25.3,,,,,0.054,,,,
,24,,,,,7.470,,,,,25.3,,,,,0.050,,,,
,25,,,,,7.517,,,,,25.3,,,,,0.047,,,,
,26,,,,,7.560,,,,,25.3,,,,,0.043,,,,
,27,,,,,7.595,,,,,25.3,,,,,0.035,,,,
,28,,,,,7.633,,,,,25.3,,,,,0.038,,,,
,29,,,,,7.666,,,,,25.3,,,,,0.033,,,,
,30,,,,,7.697,,,,,25.3,,,,,0.031,,,,
,31,,,,,7.725,,,,,25.3,,,,,0.028,,,,
,32,,,,,7.752,,,,,25.3,,,,,0.027,,,,
,33,,,,,7.777,,,,,25.3,,,,,0.025,,,,
,34,,,,,7.797,,,,,25.3,,,,,0.020,,,,
,35,,,,,7.818,,,,,25.3,,,,,0.021,,,,
,36,,,,,7.838,,,,,25.3,,,,,0.020,,,,
,37,,,,,7.855,,,,,25.3,,,,,0.017,,,,
,38,,,,,7.871,,,,,25.3,,,,,0.016,,,,
,39,,,,,7.885,,,,,25.3,,,,,0.014,,,,
,40,,,,,7.897,,,,,25.3,,,,,0.012,,,,
,41,,,,,7.909,,,,,25.3,,,,,0.012,,,,
,42,,,,,7.920,,,,,25.3,,,,,0.011,,,,
,43,,,,,7.930,,,,,25.3,,,,,0.010,,,,
,44,,,,,7.941,,,,,25.3,,,,,0.011,,,,
,45,,,,,7.949,,,,,25.3,,,,,0.008,,,,
,46,,,,,7.957,,,,,25.3,,,,,0.008,,,,
,47,,,,,7.963,,,,,25.3,,,,,0.006,,,,
,48,,,,,7.970,,,,,25.3,,,,,0.007,,,,
,49,,,,,7.976,,,,,25.3,,,,,0.006,,,,
,50,,,,,7.981,,,,,25.3,,,,,0.005,,,,
,51,,,,,7.986,,,,,25.3,,,,,0.005,,,,
,52,,,,,7.991,,,,,25.3,,,,,0.005,,,,
,53,,,,,7.995,,,,,25.3,,,,,0.004,,,,
,54,,,,,7.999,,,,,25.3,,,,,0.004,,,,
,55,,,,,8.002,,,,,25.3,,,,,0.003,,,,
,56,,,,,8.006,,,,,25.3,,,,,0.004,,,,
,57,,,,,8.009,,,,,25.3,,,,,0.003,,,,
,58,,,,,8.012,,,,,25.3,,,,,0.003,,,,
,59,,,,,8.014,,,,,25.3,,,,,0.002,,,,
,60,,,,,8.016,,,,,25.3,,,,,0.002,,,,
Titration (EQP) [1],,,,,,,,"Scope 1/1, Sample 49/75",,,,,,,,,,,,
Measured Values,,,,,"Scope 1/1, Sample 49/75",,,,,,,,,,,,,,,
,Time,,V,,,Meas. value,,,dV,,Temp.,,,dE,,,dE/dV,,,EQP
,[s],,[mL],,,[pH],,,[mL],,[°C],,,[pH],,,[pH/mL],,,
,0,,0.00000,,,8.022,,,,,25.3,,,,,,,,,
,28,,0.08575,,,7.520,,,0.08575,,25.3,,,-0.502,,,,,,
,59,,0.12850,,,7.251,,,0.04275,,25.3,,,-0.269,,,,,,
,89,,0.15000,,,7.110,,,0.02150,,25.3,,,-0.141,,,,,,
,180,,0.16975,,,7.017,,,0.01975,,25.3,,,-0.093,,,,,,
,210,,0.21025,,,6.926,,,0.04050,,25.3,,,-0.091,,,-3.09,,,
,240,,0.26025,,,6.808,,,0.05000,,25.3,,,-0.118,,,-2.32,,,
,270,,0.31025,,,6.694,,,0.05000,,25.3,,,-0.114,,,-2.10,,,
,301,,0.36025,,,6.585,,,0.05000,,25.3,,,-0.109,,,-2.05,,,
,331,,0.41025,,,6.485,,,0.05000,,25.3,,,-0.100,,,-1.99,,,
,361,,0.46025,,,6.390,,,0.05000,,25.3,,,-0.095,,,-1.88,,,
,392,,0.51025,,,6.297,,,0.05000,,25.3,,,-0.093,,,-1.80,,,
,422,,0.56025,,,6.206,,,0.05000,,25.3,,,-0.091,,,-1.74,,,
,452,,0.61025,,,6.121,,,0.05000,,25.3,,,-0.085,,,-1.73,,,
,482,,0.66025,,,6.034,,,0.05000,,25.3,,,-0.087,,,-1.76,,,
,512,,0.71025,,,5.945,,,0.05000,,25.3,,,-0.089,,,-1.85,,,
,543,,0.76025,,,5.846,,,0.05000,,25.3,,,-0.099,,,-2.04,,,
,573,,0.81025,,,5.735,,,0.05000,,25.3,,,-0.111,,,-2.38,,,
,603,,0.86025,,,5.607,,,0.05000,,25.3,,,-0.128,,,-2.91,,,
,634,,0.91025,,,5.450,,,0.05000,,25.3,,,-0.157,,,-3.82,,,
,664,,0.94775,,,5.301,,,0.03750,,25.3,,,-0.149,,,-4.86,,,
,694,,0.97475,,,5.164,,,0.02700,,25.3,,,-0.137,,,-5.87,,,
,724,,0.99575,,,5.036,,,0.02100,,25.3,,,-0.128,,,-6.80,,,
,754,,1.01425,,,4.897,,,0.01850,,25.3,,,-0.139,,,-7.68,,,
,785,,1.02900,,,4.769,,,0.01475,,25.3,,,-0.128,,,-8.55,,,
,815,,1.04250,,,4.640,,,0.01350,,25.3,,,-0.129,,,-9.21,,,
,,,1.043997 ???,,,4.625 ???,,,,,,,,,,,,,,EQP
,845,,1.05550,,,4.511,,,0.01300,,25.3,,,-0.129,,,-9.03,,,
,875,,1.06850,,,4.391,,,0.01300,,25.3,,,-0.120,,,-8.18,,,
,906,,1.08450,,,4.260,,,0.01600,,25.3,,,-0.131,,,-7.26,,,
,936,,1.10300,,,4.132,,,0.01850,,25.3,,,-0.128,,,-6.34,,,
,966,,1.12650,,,4.001,,,0.02350,,25.3,,,-0.131,,,-5.27,,,
,996,,1.15675,,,3.870,,,0.03025,,25.3,,,-0.131,,,-4.16,,,
,1027,,1.19725,,,3.736,,,0.04050,,25.3,,,-0.134,,,-3.11,,,
,1057,,1.24725,,,3.611,,,0.05000,,25.2,,,-0.125,,,-2.28,,,
,1087,,1.29725,,,3.512,,,0.05000,,25.2,,,-0.099,,,-1.78,,,
,1117,,1.34725,,,3.432,,,0.05000,,25.2,,,-0.080,,,-1.46,,,
,1148,,1.39725,,,3.363,,,0.05000,,25.2,,,-0.069,,,-1.25,,,
,1178,,1.44725,,,3.304,,,0.05000,,25.2,,,-0.059,,,-1.09,,,
,1208,,1.49725,,,3.252,,,0.05000,,25.2,,,-0.052,,,-0.98,,,
,1238,,1.54725,,,3.205,,,0.05000,,25.2,,,-0.047,,,-0.88,,,
,1269,,1.59725,,,3.163,,,0.05000,,25.2,,,-0.042,,,-0.80,,,
,1299,,1.64725,,,3.125,,,0.05000,,25.2,,,-0.038,,,,,,
,1329,,1.69725,,,3.089,,,0.05000,,25.2,,,-0.036,,,,,,
,1359,,1.74725,,,3.057,,,0.05000,,25.2,,,-0.032,,,,,,
,1390,,1.79725,,,3.026,,,0.05000,,25.2,,,-0.031,,,,,,
,1420,,1.84725,,,2.998,,,0.05000,,25.2,,,-0.028,,,,,,
Measure (normal) [1],,,,,,,,"Scope 1/1, Sample 50/75",,,,,,,,,,,,
Measured Values,,,,,"Scope 1/1, Sample 50/75",,,,,,,,,,,,,,,
,Time,,,,,Meas. value,,,,,Temp.,,,,,dE,,,,
,[s],,,,,[pH],,,,,[°C],,,,,[pH],,,,
,1,,,,,4.783,,,,,22.7,,,,,,,,,
,2,,,,,4.996,,,,,22.9,,,,,0.213,,,,
,3,,,,,5.262,,,,,23.3,,,,,0.266,,,,
,4,,,,,5.491,,,,,23.7,,,,,0.229,,,,
,5,,,,,5.684,,,,,24.0,,,,,0.193,,,,
,6,,,,,5.856,,,,,24.3,,,,,0.172,,,,
,7,,,,,6.019,,,,,24.5,,,,,0.163,,,,
,8,,,,,6.156,,,,,24.6,,,,,0.137,,,,
,9,,,,,6.302,,,,,24.8,,,,,0.146,,,,
,10,,,,,6.441,,,,,24.9,,,,,0.139,,,,
,11,,,,,6.576,,,,,24.9,,,,,0.135,,,,
,12,,,,,6.702,,,,,25.0,,,,,0.126,,,,
,13,,,,,6.822,,,,,25.1,,,,,0.120,,,,
,14,,,,,6.927,,,,,25.1,,,,,0.105,,,,
,15,,,,,7.026,,,,,25.1,,,,,0.099,,,,
,16,,,,,7.114,,,,,25.1,,,,,0.088,,,,
,17,,,,,7.206,,,,,25.2,,,,,0.092,,,,
,18,,,,,7.287,,,,,25.2,,,,,0.081,,,,
,19,,,,,7.361,,,,,25.2,,,,,0.074,,,,
,20,,,,,7.422,,,,,25.2,,,,,0.061,,,,
,21,,,,,7.485,,,,,25.2,,,,,0.063,,,,
,22,,,,,7.544,,,,,25.2,,,,,0.059,,,,
,23,,,,,7.595,,,,,25.2,,,,,0.051,,,,
,24,,,,,7.642,,,,,25.2,,,,,0.047,,,,
,25,,,,,7.686,,,,,25.2,,,,,0.044,,,,
,26,,,,,7.726,,,,,25.2,,,,,0.040,,,,
,27,,,,,7.757,,,,,25.2,,,,,0.031,,,,
,28,,,,,7.790,,,,,25.2,,,,,0.033,,,,
,29,,,,,7.820,,,,,25.2,,,,,0.030,,,,
,30,,,,,7.846,,,,,25.2,,,,,0.026,,,,
,31,,,,,7.871,,,,,25.2,,,,,0.025,,,,
,32,,,,,7.892,,,,,25.2,,,,,0.021,,,,
,33,,,,,7.910,,,,,25.2,,,,,0.018,,,,
,34,,,,,7.930,,,,,25.2,,,,,0.020,,,,
,35,,,,,7.947,,,,,25.2,,,,,0.017,,,,
,36,,,,,7.962,,,,,25.2,,,,,0.015,,,,
,37,,,,,7.975,,,,,25.2,,,,,0.013,,,,
,38,,,,,7.989,,,,,25.2,,,,,0.014,,,,
,39,,,,,8.000,,,,,25.2,,,,,0.011,,,,
,40,,,,,8.009,,,,,25.2,,,,,0.009,,,,
,41,,,,,8.018,,,,,25.2,,,,,0.009,,,,
,42,,,,,8.026,,,,,25.2,,,,,0.008,,,,
,43,,,,,8.034,,,,,25.2,,,,,0.008,,,,
,44,,,,,8.041,,,,,25.2,,,,,0.007,,,,
,45,,,,,8.047,,,,,25.2,,,,,0.006,,,,
,46,,,,,8.053,,,,,25.2,,,,,0.006,,,,
,47,,,,,8.058,,,,,25.2,,,,,0.005,,,,
,48,,,,,8.062,,,,,25.2,,,,,0.004,,,,
,49,,,,,8.066,,,,,25.2,,,,,0.004,,,,
,50,,,,,8.070,,,,,25.2,,,,,0.004,,,,
,51,,,,,8.074,,,,,25.2,,,,,0.004,,,,
,52,,,,,8.076,,,,,25.2,,,,,0.002,,,,
,53,,,,,8.079,,,,,25.2,,,,,0.003,,,,
,54,,,,,8.082,,,,,25.2,,,,,0.003,,,,
,55,,,,,8.084,,,,,25.2,,,,,0.002,,,,
,56,,,,,8.086,,,,,25.2,,,,,0.002,,,,
,57,,,,,8.088,,,,,25.2,,,,,0.002,,,,
,58,,,,,8.090,,,,,25.2,,,,,0.002,,,,
,59,,,,,8.092,,,,,25.2,,,,,0.002,,,,
,60,,,,,8.093,,,,,25.2,,,,,0.001,,,,
Titration (EQP) [1],,,,,,,,"Scope 1/1, Sample 50/75",,,,,,,,,,,,
Measured Values,,,,,"Scope 1/1, Sample 50/75",,,,,,,,,,,,,,,
,Time,,V,,,Meas. value,,,dV,,Temp.,,,dE,,,dE/dV,,,EQP
,[s],,[mL],,,[pH],,,[mL],,[°C],,,[pH],,,[pH/mL],,,
,0,,0.00000,,,8.096,,,,,25.2,,,,,,,,,
,28,,0.08575,,,7.578,,,0.08575,,25.2,,,-0.518,,,,,,
,58,,0.12850,,,7.284,,,0.04275,,25.2,,,-0.294,,,,,,
,89,,0.15000,,,7.147,,,0.02150,,25.2,,,-0.137,,,,,,
,180,,0.17350,,,7.044,,,0.02350,,25.2,,,-0.103,,,,,,
,210,,0.21825,,,6.937,,,0.04475,,25.2,,,-0.107,,,-3.09,,,
,240,,0.26825,,,6.811,,,0.05000,,25.2,,,-0.126,,,-2.32,,,
,270,,0.31825,,,6.697,,,0.05000,,25.2,,,-0.114,,,-2.13,,,
,301,,0.36825,,,6.589,,,0.05000,,25.3,,,-0.108,,,-2.05,,,
,331,,0.41825,,,6.487,,,0.05000,,25.2,,,-0.102,,,-1.96,,,
,361,,0.46825,,,6.392,,,0.05000,,25.2,,,-0.095,,,-1.84,,,
,391,,0.51825,,,6.304,,,0.05000,,25.3,,,-0.088,,,-1.76,,,
,422,,0.56825,,,6.216,,,0.05000,,25.3,,,-0.088,,,-1.71,,,
,452,,0.61825,,,6.133,,,0.05000,,25.3,,,-0.083,,,-1.71,,,
,482,,0.66825,,,6.042,,,0.05000,,25.2,,,-0.091,,,-1.75,,,
,512,,0.71825,,,5.954,,,0.05000,,25.2,,,-0.088,,,-1.84,,,
,543,,0.76825,,,5.857,,,0.05000,,25.2,,,-0.097,,,-2.04,,,
,573,,0.81825,,,5.747,,,0.05000,,25.2,,,-0.110,,,-2.32,,,
,603,,0.86825,,,5.622,,,0.05000,,25.2,,,-0.125,,,-2.86,,,
,633,,0.91825,,,5.468,,,0.05000,,25.2,,,-0.154,,,-3.74,,,
,664,,0.95725,,,5.308,,,0.03900,,25.2,,,-0.160,,,-4.80,,,
,694,,0.98200,,,5.197,,,0.02475,,25.2,,,-0.111,,,-5.67,,,
,724,,1.00975,,,5.013,,,0.02775,,25.3,,,-0.184,,,-6.89,,,
,754,,1.02350,,,4.928,,,0.01375,,25.3,,,-0.085,,,-7.54,,,
,784,,1.04700,,,4.715,,,0.02350,,25.3,,,-0.213,,,-8.61,,,
,,,1.056923 ???,,,4.616 ???,,,,,,,,,,,,,,EQP
,815,,1.05725,,,4.613,,,0.01025,,25.3,,,-0.102,,,-9.26,,,
,845,,1.06975,,,4.492,,,0.01250,,25.3,,,-0.121,,,-9.02,,,
,875,,1.08400,,,4.358,,,0.01425,,25.3,,,-0.134,,,-8.12,,,
,906,,1.09900,,,4.236,,,0.01500,,25.3,,,-0.122,,,-7.24,,,
,936,,1.11825,,,4.106,,,0.01925,,25.3,,,-0.130,,,-6.30,,,
,966,,1.14200,,,3.975,,,0.02375,,25.3,,,-0.131,,,-5.21,,,
,996,,1.17250,,,3.844,,,0.03050,,25.3,,,-0.131,,,-4.11,,,
,1026,,1.21375,,,3.709,,,0.04125,,25.3,,,-0.135,,,-3.06,,,
,1057,,1.26375,,,3.586,,,0.05000,,25.3,,,-0.123,,,-2.25,,,
,1087,,1.31375,,,3.489,,,0.05000,,25.3,,,-0.097,,,-1.76,,,
,1117,,1.36375,,,3.408,,,0.05000,,25.3,,,-0.081,,,-1.45,,,
,1147,,1.41375,,,3.341,,,0.05000,,25.3,,,-0.067,,,-1.24,,,
,1178,,1.46375,,,3.281,,,0.05000,,25.3,,,-0.060,,,-1.09,,,
,1208,,1.51375,,,3.230,,,0.05000,,25.2,,,-0.051,,,-0.97,,,
,1238,,1.56375,,,3.183,,,0.05000,,25.2,,,-0.047,,,-0.88,,,
,1268,,1.61375,,,3.141,,,0.05000,,25.2,,,-0.042,,,-0.80,,,
,1299,,1.66375,,,3.103,,,0.05000,,25.2,,,-0.038,,,,,,
,1329,,1.71375,,,3.068,,,0.05000,,25.2,,,-0.035,,,,,,
,1359,,1.76375,,,3.035,,,0.05000,,25.2,,,-0.033,,,,,,
,1389,,1.81375,,,3.005,,,0.05000,,25.2,,,-0.030,,,,,,
,1420,,1.86375,,,2.977,,,0.05000,,25.2,,,-0.028,,,,,,
Measure (normal) [1],,,,,,,,"Scope 1/1, Sample 51/75",,,,,,,,,,,,
Measured Values,,,,,"Scope 1/1, Sample 51/75",,,,,,,,,,,,,,,
,Time,,,,,Meas. value,,,,,Temp.,,,,,dE,,,,
,[s],,,,,[pH],,,,,[°C],,,,,[pH],,,,
,1,,,,,4.847,,,,,22.7,,,,,,,,,
,2,,,,,5.096,,,,,22.9,,,,,0.249,,,,
,3,,,,,5.354,,,,,23.3,,,,,0.258,,,,
,4,,,,,5.565,,,,,23.7,,,,,0.211,,,,
,5,,,,,5.749,,,,,24.0,,,,,0.184,,,,
,6,,,,,5.914,,,,,24.3,,,,,0.165,,,,
,7,,,,,6.075,,,,,24.5,,,,,0.161,,,,
,8,,,,,6.212,,,,,24.6,,,,,0.137,,,,
,9,,,,,6.359,,,,,24.8,,,,,0.147,,,,
,10,,,,,6.500,,,,,24.9,,,,,0.141,,,,
,11,,,,,6.631,,,,,25.0,,,,,0.131,,,,
,12,,,,,6.755,,,,,25.0,,,,,0.124,,,,
,13,,,,,6.873,,,,,25.1,,,,,0.118,,,,
,14,,,,,6.974,,,,,25.1,,,,,0.101,,,,
,15,,,,,7.072,,,,,25.1,,,,,0.098,,,,
,16,,,,,7.166,,,,,25.2,,,,,0.094,,,,
,17,,,,,7.253,,,,,25.2,,,,,0.087,,,,
,18,,,,,7.332,,,,,25.2,,,,,0.079,,,,
,19,,,,,7.404,,,,,25.2,,,,,0.072,,,,
,20,,,,,7.465,,,,,25.2,,,,,0.061,,,,
,21,,,,,7.527,,,,,25.2,,,,,0.062,,,,
,22,,,,,7.584,,,,,25.2,,,,,0.057,,,,
,23,,,,,7.636,,,,,25.2,,,,,0.052,,,,
,24,,,,,7.682,,,,,25.2,,,,,0.046,,,,
,25,,,,,7.725,,,,,25.2,,,,,0.043,,,,
,26,,,,,7.763,,,,,25.2,,,,,0.038,,,,
,27,,,,,7.794,,,,,25.2,,,,,0.031,,,,
,28,,,,,7.826,,,,,25.2,,,,,0.032,,,,
,29,,,,,7.855,,,,,25.2,,,,,0.029,,,,
,30,,,,,7.881,,,,,25.2,,,,,0.026,,,,
,31,,,,,7.905,,,,,25.2,,,,,0.024,,,,
,32,,,,,7.926,,,,,25.2,,,,,0.021,,,,
,33,,,,,7.944,,,,,25.2,,,,,0.018,,,,
,34,,,,,7.961,,,,,25.2,,,,,0.017,,,,
,35,,,,,7.976,,,,,25.2,,,,,0.015,,,,
,36,,,,,7.991,,,,,25.2,,,,,0.015,,,,
,37,,,,,8.004,,,,,25.2,,,,,0.013,,,,
,38,,,,,8.016,,,,,25.2,,,,,0.012,,,,
,39,,,,,8.026,,,,,25.2,,,,,0.010,,,,
,40,,,,,8.036,,,,,25.2,,,,,0.010,,,,
,41,,,,,8.044,,,,,25.2,,,,,0.008,,,,
,42,,,,,8.052,,,,,25.2,,,,,0.008,,,,
,43,,,,,8.060,,,,,25.2,,,,,0.008,,,,
,44,,,,,8.066,,,,,25.2,,,,,0.006,,,,
,45,,,,,8.072,,,,,25.2,,,,,0.006,,,,
,46,,,,,8.077,,,,,25.2,,,,,0.005,,,,
,47,,,,,8.082,,,,,25.2,,,,,0.005,,,,
,48,,,,,8.086,,,,,25.2,,,,,0.004,,,,
,49,,,,,8.091,,,,,25.2,,,,,0.005,,,,
,50,,,,,8.094,,,,,25.2,,,,,0.003,,,,
,51,,,,,8.097,,,,,25.2,,,,,0.003,,,,
,52,,,,,8.100,,,,,25.2,,,,,0.003,,,,
,53,,,,,8.103,,,,,25.2,,,,,0.003,,,,
,54,,,,,8.105,,,,,25.2,,,,,0.002,,,,
,55,,,,,8.107,,,,,25.2,,,,,0.002,,,,
,56,,,,,8.109,,,,,25.2,,,,,0.002,,,,
,57,,,,,8.111,,,,,25.2,,,,,0.002,,,,
,58,,,,,8.113,,,,,25.2,,,,,0.002,,,,
,59,,,,,8.114,,,,,25.2,,,,,0.001,,,,
,60,,,,,8.115,,,,,25.2,,,,,0.001,,,,
Titration (EQP) [1],,,,,,,,"Scope 1/1, Sample 51/75",,,,,,,,,,,,
Measured Values,,,,,"Scope 1/1, Sample 51/75",,,,,,,,,,,,,,,
,Time,,V,,,Meas. value,,,dV,,Temp.,,,dE,,,dE/dV,,,EQP
,[s],,[mL],,,[pH],,,[mL],,[°C],,,[pH],,,[pH/mL],,,
,0,,0.00000,,,8.118,,,,,25.2,,,,,,,,,
,28,,0.08575,,,7.642,,,0.08575,,25.2,,,-0.476,,,,,,
,58,,0.12850,,,7.349,,,0.04275,,25.2,,,-0.293,,,,,,
,88,,0.15000,,,7.218,,,0.02150,,25.3,,,-0.131,,,,,,
,179,,0.17450,,,7.111,,,0.02450,,25.3,,,-0.107,,,,,,
,209,,0.21875,,,7.004,,,0.04425,,25.3,,,-0.107,,,-3.08,,,
,239,,0.26875,,,6.884,,,0.05000,,25.3,,,-0.120,,,-2.28,,,
,270,,0.31875,,,6.769,,,0.05000,,25.3,,,-0.115,,,-2.07,,,
,300,,0.36875,,,6.664,,,0.05000,,25.3,,,-0.105,,,-1.95,,,
,330,,0.41875,,,6.569,,,0.05000,,25.3,,,-0.095,,,-1.85,,,
,360,,0.46875,,,6.482,,,0.05000,,25.3,,,-0.087,,,-1.72,,,
,390,,0.51875,,,6.399,,,0.05000,,25.3,,,-0.083,,,-1.62,,,
,421,,0.56875,,,6.320,,,0.05000,,25.3,,,-0.079,,,-1.57,,,
,451,,0.61875,,,6.238,,,0.05000,,25.3,,,-0.082,,,-1.53,,,
,481,,0.66875,,,6.165,,,0.05000,,25.3,,,-0.073,,,-1.53,,,
,511,,0.71875,,,6.087,,,0.05000,,25.3,,,-0.078,,,-1.55,,,
,542,,0.76875,,,6.008,,,0.05000,,25.3,,,-0.079,,,-1.61,,,
,572,,0.81875,,,5.925,,,0.05000,,25.3,,,-0.083,,,-1.71,,,
,602,,0.86875,,,5.833,,,0.05000,,25.3,,,-0.092,,,-1.90,,,
,632,,0.91875,,,5.732,,,0.05000,,25.3,,,-0.101,,,-2.19,,,
,663,,0.96875,,,5.612,,,0.05000,,25.3,,,-0.120,,,-2.66,,,
,693,,1.01875,,,5.469,,,0.05000,,25.3,,,-0.143,,,-3.42,,,
,723,,1.06350,,,5.305,,,0.04475,,25.3,,,-0.164,,,-4.50,,,
,753,,1.09275,,,5.168,,,0.02925,,25.3,,,-0.137,,,-5.49,,,
,784,,1.11525,,,5.040,,,0.02250,,25.3,,,-0.128,,,-6.38,,,
,814,,1.13500,,,4.902,,,0.01975,,25.3,,,-0.138,,,-7.24,,,
,844,,1.15075,,,4.773,,,0.01575,,25.3,,,-0.129,,,-8.03,,,
,874,,1.16475,,,4.645,,,0.01400,,25.3,,,-0.128,,,-8.77,,,
,,,1.168053 ???,,,4.614 ???,,,,,,,,,,,,,,EQP
,905,,1.17825,,,4.518,,,0.01350,,25.3,,,-0.127,,,-8.72,,,
,935,,1.19225,,,4.393,,,0.01400,,25.3,,,-0.125,,,-7.98,,,
,965,,1.20850,,,4.262,,,0.01625,,25.4,,,-0.131,,,-7.08,,,
,995,,1.22700,,,4.136,,,0.01850,,25.4,,,-0.126,,,-6.22,,,
,1026,,1.25075,,,4.005,,,0.02375,,25.4,,,-0.131,,,-5.21,,,
,1056,,1.28150,,,3.871,,,0.03075,,25.4,,,-0.134,,,-4.13,,,
,1086,,1.32025,,,3.743,,,0.03875,,25.4,,,-0.128,,,-3.15,,,
,1116,,1.37025,,,3.615,,,0.05000,,25.4,,,-0.128,,,-2.32,,,
,1146,,1.42025,,,3.515,,,0.05000,,25.4,,,-0.100,,,-1.80,,,
,1177,,1.47025,,,3.434,,,0.05000,,25.4,,,-0.081,,,-1.48,,,
,1207,,1.52025,,,3.364,,,0.05000,,25.4,,,-0.070,,,-1.26,,,
,1237,,1.57025,,,3.305,,,0.05000,,25.4,,,-0.059,,,-1.10,,,
,1268,,1.62025,,,3.252,,,0.05000,,25.4,,,-0.053,,,-0.98,,,
,1298,,1.67025,,,3.205,,,0.05000,,25.4,,,-0.047,,,-0.89,,,
,1328,,1.72025,,,3.163,,,0.05000,,25.4,,,-0.042,,,-0.81,,,
,1358,,1.77025,,,3.124,,,0.05000,,25.4,,,-0.039,,,,,,
,1388,,1.82025,,,3.088,,,0.05000,,25.4,,,-0.036,,,,,,
,1419,,1.87025,,,3.055,,,0.05000,,25.4,,,-0.033,,,,,,
,1449,,1.92025,,,3.025,,,0.05000,,25.4,,,-0.030,,,,,,
,1479,,1.97025,,,2.996,,,0.05000,,25.4,,,-0.029,,,,,,
Measure (normal) [1],,,,,,,,"Scope 1/1, Sample 52/75",,,,,,,,,,,,
Measured Values,,,,,"Scope 1/1, Sample 52/75",,,,,,,,,,,,,,,
,Time,,,,,Meas. value,,,,,Temp.,,,,,dE,,,,
,[s],,,,,[pH],,,,,[°C],,,,,[pH],,,,
,1,,,,,4.764,,,,,22.7,,,,,,,,,
,2,,,,,5.021,,,,,23.0,,,,,0.257,,,,
,3,,,,,5.288,,,,,23.4,,,,,0.267,,,,
,4,,,,,5.506,,,,,23.8,,,,,0.218,,,,
,5,,,,,5.702,,,,,24.1,,,,,0.196,,,,
,6,,,,,5.880,,,,,24.4,,,,,0.178,,,,
,7,,,,,6.047,,,,,24.6,,,,,0.167,,,,
,8,,,,,6.191,,,,,24.7,,,,,0.144,,,,
,9,,,,,6.344,,,,,24.9,,,,,0.153,,,,
,10,,,,,6.492,,,,,25.0,,,,,0.148,,,,
,11,,,,,6.628,,,,,25.1,,,,,0.136,,,,
,12,,,,,6.758,,,,,25.1,,,,,0.130,,,,
,13,,,,,6.879,,,,,25.2,,,,,0.121,,,,
,14,,,,,6.978,,,,,25.2,,,,,0.099,,,,
,15,,,,,7.077,,,,,25.2,,,,,0.099,,,,
,16,,,,,7.176,,,,,25.3,,,,,0.099,,,,
,17,,,,,7.266,,,,,25.3,,,,,0.090,,,,
,18,,,,,7.347,,,,,25.3,,,,,0.081,,,,
,19,,,,,7.419,,,,,25.3,,,,,0.072,,,,
,20,,,,,7.487,,,,,25.3,,,,,0.068,,,,
,21,,,,,7.543,,,,,25.3,,,,,0.056,,,,
,22,,,,,7.600,,,,,25.3,,,,,0.057,,,,
,23,,,,,7.652,,,,,25.3,,,,,0.052,,,,
,24,,,,,7.699,,,,,25.3,,,,,0.047,,,,
,25,,,,,7.740,,,,,25.3,,,,,0.041,,,,
,26,,,,,7.778,,,,,25.3,,,,,0.038,,,,
,27,,,,,7.812,,,,,25.3,,,,,0.034,,,,
,28,,,,,7.841,,,,,25.3,,,,,0.029,,,,
,29,,,,,7.869,,,,,25.3,,,,,0.028,,,,
,30,,,,,7.894,,,,,25.3,,,,,0.025,,,,
,31,,,,,7.917,,,,,25.3,,,,,0.023,,,,
,32,,,,,7.938,,,,,25.3,,,,,0.021,,,,
,33,,,,,7.957,,,,,25.3,,,,,0.019,,,,
,34,,,,,7.972,,,,,25.3,,,,,0.015,,,,
,35,,,,,7.988,,,,,25.3,,,,,0.016,,,,
,36,,,,,8.002,,,,,25.3,,,,,0.014,,,,
,37,,,,,8.015,,,,,25.3,,,,,0.013,,,,
,38,,,,,8.027,,,,,25.3,,,,,0.012,,,,
,39,,,,,8.038,,,,,25.3,,,,,0.011,,,,
,40,,,,,8.046,,,,,25.3,,,,,0.008,,,,
,41,,,,,8.054,,,,,25.3,,,,,0.008,,,,
,42,,,,,8.063,,,,,25.3,,,,,0.009,,,,
,43,,,,,8.070,,,,,25.3,,,,,0.007,,,,
,44,,,,,8.076,,,,,25.3,,,,,0.006,,,,
,45,,,,,8.081,,,,,25.3,,,,,0.005,,,,
,46,,,,,8.087,,,,,25.3,,,,,0.006,,,,
,47,,,,,8.091,,,,,25.3,,,,,0.004,,,,
,48,,,,,8.096,,,,,25.3,,,,,0.005,,,,
,49,,,,,8.100,,,,,25.3,,,,,0.004,,,,
,50,,,,,8.104,,,,,25.3,,,,,0.004,,,,
,51,,,,,8.107,,,,,25.3,,,,,0.003,,,,
,52,,,,,8.110,,,,,25.3,,,,,0.003,,,,
,53,,,,,8.112,,,,,25.3,,,,,0.002,,,,
,54,,,,,8.115,,,,,25.3,,,,,0.003,,,,
,55,,,,,8.117,,,,,25.3,,,,,0.002,,,,
,56,,,,,8.119,,,,,25.3,,,,,0.002,,,,
,57,,,,,8.121,,,,,25.3,,,,,0.002,,,,
,58,,,,,8.122,,,,,25.3,,,,,0.001,,,,
,59,,,,,8.124,,,,,25.3,,,,,0.002,,,,
,60,,,,,8.125,,,,,25.3,,,,,0.001,,,,
Titration (EQP) [1],,,,,,,,"Scope 1/1, Sample 52/75",,,,,,,,,,,,
Measured Values,,,,,"Scope 1/1, Sample 52/75",,,,,,,,,,,,,,,
,Time,,V,,,Meas. value,,,dV,,Temp.,,,dE,,,dE/dV,,,EQP
,[s],,[mL],,,[pH],,,[mL],,[°C],,,[pH],,,[pH/mL],,,
,0,,0.00000,,,8.128,,,,,25.3,,,,,,,,,
,28,,0.08575,,,7.646,,,0.08575,,25.3,,,-0.482,,,,,,
,58,,0.12850,,,7.357,,,0.04275,,25.3,,,-0.289,,,,,,
,88,,0.15000,,,7.227,,,0.02150,,25.4,,,-0.130,,,,,,
,179,,0.17550,,,7.122,,,0.02550,,25.4,,,-0.105,,,,,,
,209,,0.22375,,,7.004,,,0.04825,,25.4,,,-0.118,,,-2.99,,,
,239,,0.27375,,,6.882,,,0.05000,,25.4,,,-0.122,,,-2.24,,,
,270,,0.32375,,,6.769,,,0.05000,,25.4,,,-0.113,,,-2.05,,,
,300,,0.37375,,,6.666,,,0.05000,,25.4,,,-0.103,,,-1.93,,,
,330,,0.42375,,,6.572,,,0.05000,,25.4,,,-0.094,,,-1.82,,,
,360,,0.47375,,,6.485,,,0.05000,,25.4,,,-0.087,,,-1.69,,,
,390,,0.52375,,,6.404,,,0.05000,,25.4,,,-0.081,,,-1.60,,,
,421,,0.57375,,,6.325,,,0.05000,,25.4,,,-0.079,,,-1.55,,,
,451,,0.62375,,,6.247,,,0.05000,,25.4,,,-0.078,,,-1.52,,,
,481,,0.67375,,,6.170,,,0.05000,,25.4,,,-0.077,,,-1.53,,,
,512,,0.72375,,,6.094,,,0.05000,,25.4,,,-0.076,,,-1.55,,,
,542,,0.77375,,,6.015,,,0.05000,,25.4,,,-0.079,,,-1.61,,,
,572,,0.82375,,,5.931,,,0.05000,,25.4,,,-0.084,,,-1.71,,,
,602,,0.87375,,,5.840,,,0.05000,,25.4,,,-0.091,,,-1.89,,,
,632,,0.92375,,,5.739,,,0.05000,,25.4,,,-0.101,,,-2.18,,,
,663,,0.97375,,,5.622,,,0.05000,,25.4,,,-0.117,,,-2.64,,,
,693,,1.02375,,,5.478,,,0.05000,,25.4,,,-0.144,,,-3.41,,,
,723,,1.06875,,,5.313,,,0.04500,,25.4,,,-0.165,,,-4.53,,,
,754,,1.09725,,,5.180,,,0.02850,,25.4,,,-0.133,,,-5.52,,,
,784,,1.12025,,,5.049,,,0.02300,,25.4,,,-0.131,,,-6.49,,,
,814,,1.13975,,,4.913,,,0.01950,,25.4,,,-0.136,,,-7.37,,,
,844,,1.15575,,,4.778,,,0.01600,,25.4,,,-0.135,,,-8.21,,,
,874,,1.16925,,,4.651,,,0.01350,,25.4,,,-0.127,,,-9.03,,,
,,,1.177345 ???,,,4.571 ???,,,,,,,,,,,,,,EQP
,905,,1.18200,,,4.525,,,0.01275,,25.4,,,-0.126,,,-9.08,,,
,935,,1.19525,,,4.403,,,0.01325,,25.4,,,-0.122,,,-8.34,,,
,965,,1.21125,,,4.268,,,0.01600,,25.4,,,-0.135,,,-7.40,,,
,995,,1.22875,,,4.144,,,0.01750,,25.4,,,-0.124,,,-6.53,,,
,1026,,1.25175,,,4.009,,,0.02300,,25.4,,,-0.135,,,-5.48,,,
,1056,,1.27950,,,3.881,,,0.02775,,25.4,,,-0.128,,,-4.42,,,
,1086,,1.31675,,,3.748,,,0.03725,,25.4,,,-0.133,,,-3.37,,,
,1116,,1.36675,,,3.614,,,0.05000,,25.4,,,-0.134,,,-2.44,,,
,1147,,1.41675,,,3.511,,,0.05000,,25.4,,,-0.103,,,-1.88,,,
,1177,,1.46675,,,3.426,,,0.05000,,25.4,,,-0.085,,,-1.53,,,
,1207,,1.51675,,,3.355,,,0.05000,,25.4,,,-0.071,,,-1.29,,,
,1237,,1.56675,,,3.294,,,0.05000,,25.4,,,-0.061,,,-1.13,,,
,1268,,1.61675,,,3.239,,,0.05000,,25.4,,,-0.055,,,-1.01,,,
,1298,,1.66675,,,3.192,,,0.05000,,25.4,,,-0.047,,,-0.90,,,
,1328,,1.71675,,,3.148,,,0.05000,,25.4,,,-0.044,,,-0.82,,,
,1358,,1.76675,,,3.109,,,0.05000,,25.4,,,-0.039,,,,,,
,1388,,1.81675,,,3.073,,,0.05000,,25.4,,,-0.036,,,,,,
,1419,,1.86675,,,3.039,,,0.05000,,25.4,,,-0.034,,,,,,
,1449,,1.91675,,,3.008,,,0.05000,,25.4,,,-0.031,,,,,,
,1479,,1.96675,,,2.979,,,0.05000,,25.4,,,-0.029,,,,,,
Measure (normal) [1],,,,,,,,"Scope 1/1, Sample 53/75",,,,,,,,,,,,
Measured Values,,,,,"Scope 1/1, Sample 53/75",,,,,,,,,,,,,,,
,Time,,,,,Meas. value,,,,,Temp.,,,,,dE,,,,
,[s],,,,,[pH],,,,,[°C],,,,,[pH],,,,
,1,,,,,4.786,,,,,23.9,,,,,,,,,
,2,,,,,5.062,,,,,24.0,,,,,0.276,,,,
,3,,,,,5.320,,,,,24.3,,,,,0.258,,,,
,4,,,,,5.536,,,,,24.5,,,,,0.216,,,,
,5,,,,,5.727,,,,,24.7,,,,,0.191,,,,
,6,,,,,5.903,,,,,24.8,,,,,0.176,,,,
,7,,,,,6.070,,,,,24.9,,,,,0.167,,,,
,8,,,,,6.212,,,,,25.0,,,,,0.142,,,,
,9,,,,,6.362,,,,,25.1,,,,,0.150,,,,
,10,,,,,6.506,,,,,25.2,,,,,0.144,,,,
,11,,,,,6.640,,,,,25.2,,,,,0.134,,,,
,12,,,,,6.766,,,,,25.2,,,,,0.126,,,,
,13,,,,,6.883,,,,,25.3,,,,,0.117,,,,
,14,,,,,6.990,,,,,25.3,,,,,0.107,,,,
,15,,,,,7.079,,,,,25.3,,,,,0.089,,,,
,16,,,,,7.176,,,,,25.3,,,,,0.097,,,,
,17,,,,,7.265,,,,,25.3,,,,,0.089,,,,
,18,,,,,7.344,,,,,25.3,,,,,0.079,,,,
,19,,,,,7.418,,,,,25.4,,,,,0.074,,,,
,20,,,,,7.484,,,,,25.4,,,,,0.066,,,,
,21,,,,,7.546,,,,,25.4,,,,,0.062,,,,
,22,,,,,7.595,,,,,25.4,,,,,0.049,,,,
,23,,,,,7.644,,,,,25.4,,,,,0.049,,,,
,24,,,,,7.691,,,,,25.4,,,,,0.047,,,,
,25,,,,,7.732,,,,,25.4,,,,,0.041,,,,
,26,,,,,7.769,,,,,25.4,,,,,0.037,,,,
,27,,,,,7.802,,,,,25.4,,,,,0.033,,,,
,28,,,,,7.832,,,,,25.4,,,,,0.030,,,,
,29,,,,,7.856,,,,,25.4,,,,,0.024,,,,
,30,,,,,7.881,,,,,25.4,,,,,0.025,,,,
,31,,,,,7.904,,,,,25.4,,,,,0.023,,,,
,32,,,,,7.925,,,,,25.4,,,,,0.021,,,,
,33,,,,,7.944,,,,,25.4,,,,,0.019,,,,
,34,,,,,7.960,,,,,25.4,,,,,0.016,,,,
,35,,,,,7.975,,,,,25.4,,,,,0.015,,,,
,36,,,,,7.988,,,,,25.4,,,,,0.013,,,,
,37,,,,,8.001,,,,,25.4,,,,,0.013,,,,
,38,,,,,8.012,,,,,25.4,,,,,0.011,,,,
,39,,,,,8.023,,,,,25.4,,,,,0.011,,,,
,40,,,,,8.032,,,,,25.4,,,,,0.009,,,,
,41,,,,,8.040,,,,,25.4,,,,,0.008,,,,
,42,,,,,8.048,,,,,25.4,,,,,0.008,,,,
,43,,,,,8.054,,,,,25.4,,,,,0.006,,,,
,44,,,,,8.060,,,,,25.4,,,,,0.006,,,,
,45,,,,,8.065,,,,,25.4,,,,,0.005,,,,
,46,,,,,8.071,,,,,25.4,,,,,0.006,,,,
,47,,,,,8.075,,,,,25.4,,,,,0.004,,,,
,48,,,,,8.079,,,,,25.4,,,,,0.004,,,,
,49,,,,,8.083,,,,,25.4,,,,,0.004,,,,
,50,,,,,8.086,,,,,25.4,,,,,0.003,,,,
,51,,,,,8.089,,,,,25.4,,,,,0.003,,,,
,52,,,,,8.092,,,,,25.4,,,,,0.003,,,,
,53,,,,,8.094,,,,,25.4,,,,,0.002,,,,
,54,,,,,8.097,,,,,25.4,,,,,0.003,,,,
,55,,,,,8.099,,,,,25.4,,,,,0.002,,,,
,56,,,,,8.101,,,,,25.4,,,,,0.002,,,,
,57,,,,,8.102,,,,,25.4,,,,,0.001,,,,
,58,,,,,8.104,,,,,25.4,,,,,0.002,,,,
,59,,,,,8.105,,,,,25.4,,,,,0.001,,,,
,60,,,,,8.107,,,,,25.4,,,,,0.002,,,,
Titration (EQP) [1],,,,,,,,"Scope 1/1, Sample 53/75",,,,,,,,,,,,
Measured Values,,,,,"Scope 1/1, Sample 53/75",,,,,,,,,,,,,,,
,Time,,V,,,Meas. value,,,dV,,Temp.,,,dE,,,dE/dV,,,EQP
,[s],,[mL],,,[pH],,,[mL],,[°C],,,[pH],,,[pH/mL],,,
,0,,0.00000,,,8.109,,,,,25.4,,,,,,,,,
,28,,0.08575,,,7.644,,,0.08575,,25.4,,,-0.465,,,,,,
,58,,0.12850,,,7.364,,,0.04275,,25.4,,,-0.280,,,,,,
,88,,0.15000,,,7.241,,,0.02150,,25.4,,,-0.123,,,,,,
,180,,0.17750,,,7.143,,,0.02750,,25.4,,,-0.098,,,,,,
,210,,0.22750,,,7.023,,,0.05000,,25.4,,,-0.120,,,-2.80,,,
,240,,0.27750,,,6.908,,,0.05000,,25.4,,,-0.115,,,-2.11,,,
,270,,0.32750,,,6.797,,,0.05000,,25.4,,,-0.111,,,-1.96,,,
,300,,0.37750,,,6.702,,,0.05000,,25.4,,,-0.095,,,-1.85,,,
,331,,0.42750,,,6.614,,,0.05000,,25.4,,,-0.088,,,-1.72,,,
,361,,0.47750,,,6.529,,,0.05000,,25.4,,,-0.085,,,-1.58,,,
,391,,0.52750,,,6.454,,,0.05000,,25.4,,,-0.075,,,-1.48,,,
,422,,0.57750,,,6.383,,,0.05000,,25.4,,,-0.071,,,-1.41,,,
,452,,0.62750,,,6.314,,,0.05000,,25.4,,,-0.069,,,-1.37,,,
,482,,0.67750,,,6.243,,,0.05000,,25.4,,,-0.071,,,-1.35,,,
,512,,0.72750,,,6.178,,,0.05000,,25.4,,,-0.065,,,-1.37,,,
,542,,0.77750,,,6.107,,,0.05000,,25.4,,,-0.071,,,-1.39,,,
,572,,0.82750,,,6.037,,,0.05000,,25.4,,,-0.070,,,-1.43,,,
,603,,0.87750,,,5.964,,,0.05000,,25.4,,,-0.073,,,-1.50,,,
,633,,0.92750,,,5.884,,,0.05000,,25.4,,,-0.080,,,-1.60,,,
,663,,0.97750,,,5.800,,,0.05000,,25.4,,,-0.084,,,-1.77,,,
,694,,1.02750,,,5.704,,,0.05000,,25.4,,,-0.096,,,-2.04,,,
,724,,1.07750,,,5.595,,,0.05000,,25.4,,,-0.109,,,-2.45,,,
,754,,1.12750,,,5.462,,,0.05000,,25.4,,,-0.133,,,-3.13,,,
,784,,1.17750,,,5.289,,,0.05000,,25.4,,,-0.173,,,-4.26,,,
,814,,1.20825,,,5.152,,,0.03075,,25.4,,,-0.137,,,-5.21,,,
,845,,1.23200,,,5.025,,,0.02375,,25.4,,,-0.127,,,-6.09,,,
,875,,1.25325,,,4.883,,,0.02125,,25.4,,,-0.142,,,-6.92,,,
,905,,1.26950,,,4.754,,,0.01625,,25.4,,,-0.129,,,-7.64,,,
,936,,1.28400,,,4.627,,,0.01450,,25.4,,,-0.127,,,-8.37,,,
,966,,1.29800,,,4.502,,,0.01400,,25.4,,,-0.125,,,-8.33,,,
,996,,1.31300,,,4.375,,,0.01500,,25.4,,,-0.127,,,-7.62,,,
,,,1.322930,,,4.299,,,,,,,,,,,,,,EQP
,1026,,1.32975,,,4.247,,,0.01675,,25.4,,,-0.128,,,-6.77,,,
,1056,,1.34950,,,4.118,,,0.01975,,25.4,,,-0.129,,,-5.92,,,
,1087,,1.37400,,,3.988,,,0.02450,,25.4,,,-0.130,,,-4.97,,,
,1117,,1.40550,,,3.856,,,0.03150,,25.4,,,-0.132,,,-3.96,,,
,1147,,1.44675,,,3.726,,,0.04125,,25.4,,,-0.130,,,-2.99,,,
,1177,,1.49675,,,3.603,,,0.05000,,25.4,,,-0.123,,,-2.22,,,
,1208,,1.54675,,,3.506,,,0.05000,,25.4,,,-0.097,,,-1.75,,,
,1238,,1.59675,,,3.426,,,0.05000,,25.4,,,-0.080,,,-1.45,,,
,1268,,1.64675,,,3.359,,,0.05000,,25.4,,,-0.067,,,-1.24,,,
,1298,,1.69675,,,3.300,,,0.05000,,25.4,,,-0.059,,,-1.09,,,
,1328,,1.74675,,,3.248,,,0.05000,,25.4,,,-0.052,,,-0.97,,,
,1359,,1.79675,,,3.201,,,0.05000,,25.4,,,-0.047,,,-0.88,,,
,1389,,1.84675,,,3.160,,,0.05000,,25.4,,,-0.041,,,-0.80,,,
,1419,,1.89675,,,3.121,,,0.05000,,25.4,,,-0.039,,,,,,
,1449,,1.94675,,,3.086,,,0.05000,,25.4,,,-0.035,,,,,,
,1480,,1.99675,,,3.053,,,0.05000,,25.4,,,-0.033,,,,,,
,1510,,2.04675,,,3.023,,,0.05000,,25.4,,,-0.030,,,,,,
,1540,,2.09675,,,2.995,,,0.05000,,25.4,,,-0.028,,,,,,
Measure (normal) [1],,,,,,,,"Scope 1/1, Sample 54/75",,,,,,,,,,,,
Measured Values,,,,,"Scope 1/1, Sample 54/75",,,,,,,,,,,,,,,
,Time,,,,,Meas. value,,,,,Temp.,,,,,dE,,,,
,[s],,,,,[pH],,,,,[°C],,,,,[pH],,,,
,1,,,,,4.772,,,,,23.9,,,,,,,,,
,2,,,,,5.051,,,,,24.0,,,,,0.279,,,,
,3,,,,,5.311,,,,,24.2,,,,,0.260,,,,
,4,,,,,5.523,,,,,24.4,,,,,0.212,,,,
,5,,,,,5.710,,,,,24.6,,,,,0.187,,,,
,6,,,,,5.882,,,,,24.8,,,,,0.172,,,,
,7,,,,,6.047,,,,,24.9,,,,,0.165,,,,
,8,,,,,6.187,,,,,25.0,,,,,0.140,,,,
,9,,,,,6.336,,,,,25.1,,,,,0.149,,,,
,10,,,,,6.477,,,,,25.1,,,,,0.141,,,,
,11,,,,,6.613,,,,,25.2,,,,,0.136,,,,
,12,,,,,6.740,,,,,25.2,,,,,0.127,,,,
,13,,,,,6.858,,,,,25.3,,,,,0.118,,,,
,14,,,,,6.967,,,,,25.3,,,,,0.109,,,,
,15,,,,,7.054,,,,,25.3,,,,,0.087,,,,
,16,,,,,7.147,,,,,25.3,,,,,0.093,,,,
,17,,,,,7.240,,,,,25.3,,,,,0.093,,,,
,18,,,,,7.319,,,,,25.3,,,,,0.079,,,,
,19,,,,,7.392,,,,,25.4,,,,,0.073,,,,
,20,,,,,7.459,,,,,25.4,,,,,0.067,,,,
,21,,,,,7.520,,,,,25.4,,,,,0.061,,,,
,22,,,,,7.575,,,,,25.4,,,,,0.055,,,,
,23,,,,,7.622,,,,,25.4,,,,,0.047,,,,
,24,,,,,7.667,,,,,25.4,,,,,0.045,,,,
,25,,,,,7.709,,,,,25.4,,,,,0.042,,,,
,26,,,,,7.748,,,,,25.4,,,,,0.039,,,,
,27,,,,,7.784,,,,,25.4,,,,,0.036,,,,
,28,,,,,7.815,,,,,25.4,,,,,0.031,,,,
,29,,,,,7.841,,,,,25.4,,,,,0.026,,,,
,30,,,,,7.867,,,,,25.4,,,,,0.026,,,,
,31,,,,,7.891,,,,,25.4,,,,,0.024,,,,
,32,,,,,7.913,,,,,25.4,,,,,0.022,,,,
,33,,,,,7.931,,,,,25.4,,,,,0.018,,,,
,34,,,,,7.949,,,,,25.4,,,,,0.018,,,,
,35,,,,,7.965,,,,,25.4,,,,,0.016,,,,
,36,,,,,7.978,,,,,25.4,,,,,0.013,,,,
,37,,,,,7.991,,,,,25.4,,,,,0.013,,,,
,38,,,,,8.003,,,,,25.4,,,,,0.012,,,,
,39,,,,,8.013,,,,,25.4,,,,,0.010,,,,
,40,,,,,8.023,,,,,25.4,,,,,0.010,,,,
,41,,,,,8.031,,,,,25.4,,,,,0.008,,,,
,42,,,,,8.039,,,,,25.4,,,,,0.008,,,,
,43,,,,,8.046,,,,,25.4,,,,,0.007,,,,
,44,,,,,8.052,,,,,25.4,,,,,0.006,,,,
,45,,,,,8.058,,,,,25.4,,,,,0.006,,,,
,46,,,,,8.063,,,,,25.4,,,,,0.005,,,,
,47,,,,,8.068,,,,,25.4,,,,,0.005,,,,
,48,,,,,8.072,,,,,25.4,,,,,0.004,,,,
,49,,,,,8.076,,,,,25.4,,,,,0.004,,,,
,50,,,,,8.079,,,,,25.4,,,,,0.003,,,,
,51,,,,,8.082,,,,,25.4,,,,,0.003,,,,
,52,,,,,8.085,,,,,25.4,,,,,0.003,,,,
,53,,,,,8.087,,,,,25.4,,,,,0.002,,,,
,54,,,,,8.089,,,,,25.4,,,,,0.002,,,,
,55,,,,,8.091,,,,,25.4,,,,,0.002,,,,
,56,,,,,8.093,,,,,25.4,,,,,0.002,,,,
,57,,,,,8.095,,,,,25.4,,,,,0.002,,,,
,58,,,,,8.097,,,,,25.4,,,,,0.002,,,,
,59,,,,,8.098,,,,,25.4,,,,,0.001,,,,
,60,,,,,8.099,,,,,25.4,,,,,0.001,,,,
Titration (EQP) [1],,,,,,,,"Scope 1/1, Sample 54/75",,,,,,,,,,,,
Measured Values,,,,,"Scope 1/1, Sample 54/75",,,,,,,,,,,,,,,
,Time,,V,,,Meas. value,,,dV,,Temp.,,,dE,,,dE/dV,,,EQP
,[s],,[mL],,,[pH],,,[mL],,[°C],,,[pH],,,[pH/mL],,,
,0,,0.00000,,,8.103,,,,,25.4,,,,,,,,,
,28,,0.08575,,,7.656,,,0.08575,,25.4,,,-0.447,,,,,,
,58,,0.12850,,,7.381,,,0.04275,,25.4,,,-0.275,,,,,,
,88,,0.15000,,,7.260,,,0.02150,,25.4,,,-0.121,,,,,,
,179,,0.17800,,,7.162,,,0.02800,,25.4,,,-0.098,,,,,,
,209,,0.22800,,,7.042,,,0.05000,,25.4,,,-0.120,,,-2.78,,,
,239,,0.27800,,,6.929,,,0.05000,,25.4,,,-0.113,,,-2.08,,,
,269,,0.32800,,,6.819,,,0.05000,,25.4,,,-0.110,,,-1.93,,,
,300,,0.37800,,,6.725,,,0.05000,,25.4,,,-0.094,,,-1.80,,,
,330,,0.42800,,,6.638,,,0.05000,,25.4,,,-0.087,,,-1.69,,,
,360,,0.47800,,,6.559,,,0.05000,,25.4,,,-0.079,,,-1.55,,,
,390,,0.52800,,,6.483,,,0.05000,,25.4,,,-0.076,,,-1.44,,,
,420,,0.57800,,,6.413,,,0.05000,,25.4,,,-0.070,,,-1.38,,,
,451,,0.62800,,,6.343,,,0.05000,,25.4,,,-0.070,,,-1.32,,,
,481,,0.67800,,,6.281,,,0.05000,,25.4,,,-0.062,,,-1.29,,,
,511,,0.72800,,,6.216,,,0.05000,,25.4,,,-0.065,,,-1.28,,,
,542,,0.77800,,,6.151,,,0.05000,,25.4,,,-0.065,,,-1.29,,,
,572,,0.82800,,,6.085,,,0.05000,,25.4,,,-0.066,,,-1.32,,,
,602,,0.87800,,,6.018,,,0.05000,,25.4,,,-0.067,,,-1.38,,,
,632,,0.92800,,,5.946,,,0.05000,,25.4,,,-0.072,,,-1.45,,,
,662,,0.97800,,,5.872,,,0.05000,,25.4,,,-0.074,,,-1.55,,,
,693,,1.02800,,,5.788,,,0.05000,,25.4,,,-0.084,,,-1.71,,,
,723,,1.07800,,,5.696,,,0.05000,,25.4,,,-0.092,,,-1.96,,,
,753,,1.12800,,,5.590,,,0.05000,,25.4,,,-0.106,,,-2.35,,,
,784,,1.17800,,,5.462,,,0.05000,,25.4,,,-0.128,,,-2.97,,,
,814,,1.22800,,,5.300,,,0.05000,,25.4,,,-0.162,,,-3.96,,,
,844,,1.26325,,,5.152,,,0.03525,,25.4,,,-0.148,,,-4.96,,,
,874,,1.28825,,,5.021,,,0.02500,,25.3,,,-0.131,,,-5.81,,,
,904,,1.30900,,,4.891,,,0.02075,,25.4,,,-0.130,,,-6.57,,,
,935,,1.32700,,,4.758,,,0.01800,,25.4,,,-0.133,,,-7.30,,,
,965,,1.34275,,,4.627,,,0.01575,,25.4,,,-0.131,,,-7.99,,,
,,,1.351208 ???,,,4.553 ???,,,,,,,,,,,,,,EQP
,995,,1.35725,,,4.501,,,0.01450,,25.4,,,-0.126,,,-8.01,,,
,1025,,1.37225,,,4.378,,,0.01500,,25.4,,,-0.123,,,-7.35,,,
,1056,,1.38975,,,4.247,,,0.01750,,25.4,,,-0.131,,,-6.55,,,
,1086,,1.41000,,,4.121,,,0.02025,,25.4,,,-0.126,,,-5.75,,,
,1116,,1.43600,,,3.987,,,0.02600,,25.4,,,-0.134,,,-4.80,,,
,1146,,1.46775,,,3.858,,,0.03175,,25.4,,,-0.129,,,-3.84,,,
,1177,,1.51075,,,3.725,,,0.04300,,25.4,,,-0.133,,,-2.89,,,
,1207,,1.56075,,,3.605,,,0.05000,,25.4,,,-0.120,,,-2.17,,,
,1237,,1.61075,,,3.510,,,0.05000,,25.4,,,-0.095,,,-1.72,,,
,1267,,1.66075,,,3.432,,,0.05000,,25.4,,,-0.078,,,-1.42,,,
,1298,,1.71075,,,3.365,,,0.05000,,25.4,,,-0.067,,,-1.22,,,
,1328,,1.76075,,,3.307,,,0.05000,,25.4,,,-0.058,,,-1.07,,,
,1358,,1.81075,,,3.256,,,0.05000,,25.4,,,-0.051,,,-0.96,,,
,1388,,1.86075,,,3.210,,,0.05000,,25.4,,,-0.046,,,-0.87,,,
,1418,,1.91075,,,3.168,,,0.05000,,25.4,,,-0.042,,,-0.79,,,
,1449,,1.96075,,,3.130,,,0.05000,,25.4,,,-0.038,,,-0.73,,,
,1479,,2.01075,,,3.095,,,0.05000,,25.4,,,-0.035,,,,,,
,1509,,2.06075,,,3.063,,,0.05000,,25.4,,,-0.032,,,,,,
,1540,,2.11075,,,3.033,,,0.05000,,25.4,,,-0.030,,,,,,
,1570,,2.16075,,,3.004,,,0.05000,,25.4,,,-0.029,,,,,,
,1600,,2.21075,,,2.978,,,0.05000,,25.4,,,-0.026,,,,,,
Measure (normal) [1],,,,,,,,"Scope 1/1, Sample 55/75",,,,,,,,,,,,
Measured Values,,,,,"Scope 1/1, Sample 55/75",,,,,,,,,,,,,,,
,Time,,,,,Meas. value,,,,,Temp.,,,,,dE,,,,
,[s],,,,,[pH],,,,,[°C],,,,,[pH],,,,
,1,,,,,4.742,,,,,24.0,,,,,,,,,
,2,,,,,5.038,,,,,24.2,,,,,0.296,,,,
,3,,,,,5.307,,,,,24.3,,,,,0.269,,,,
,4,,,,,5.524,,,,,24.5,,,,,0.217,,,,
,5,,,,,5.715,,,,,24.7,,,,,0.191,,,,
,6,,,,,5.889,,,,,24.9,,,,,0.174,,,,
,7,,,,,6.052,,,,,25.0,,,,,0.163,,,,
,8,,,,,6.195,,,,,25.1,,,,,0.143,,,,
,9,,,,,6.349,,,,,25.1,,,,,0.154,,,,
,10,,,,,6.493,,,,,25.2,,,,,0.144,,,,
,11,,,,,6.629,,,,,25.3,,,,,0.136,,,,
,12,,,,,6.757,,,,,25.3,,,,,0.128,,,,
,13,,,,,6.876,,,,,25.3,,,,,0.119,,,,
,14,,,,,6.986,,,,,25.3,,,,,0.110,,,,
,15,,,,,7.074,,,,,25.4,,,,,0.088,,,,
,16,,,,,7.172,,,,,25.4,,,,,0.098,,,,
,17,,,,,7.262,,,,,25.4,,,,,0.090,,,,
,18,,,,,7.343,,,,,25.4,,,,,0.081,,,,
,19,,,,,7.418,,,,,25.4,,,,,0.075,,,,
,20,,,,,7.487,,,,,25.4,,,,,0.069,,,,
,21,,,,,7.549,,,,,25.4,,,,,0.062,,,,
,22,,,,,7.601,,,,,25.4,,,,,0.052,,,,
,23,,,,,7.653,,,,,25.4,,,,,0.052,,,,
,24,,,,,7.701,,,,,25.4,,,,,0.048,,,,
,25,,,,,7.743,,,,,25.4,,,,,0.042,,,,
,26,,,,,7.781,,,,,25.4,,,,,0.038,,,,
,27,,,,,7.815,,,,,25.4,,,,,0.034,,,,
,28,,,,,7.846,,,,,25.4,,,,,0.031,,,,
,29,,,,,7.871,,,,,25.4,,,,,0.025,,,,
,30,,,,,7.896,,,,,25.4,,,,,0.025,,,,
,31,,,,,7.919,,,,,25.4,,,,,0.023,,,,
,32,,,,,7.941,,,,,25.4,,,,,0.022,,,,
,33,,,,,7.960,,,,,25.4,,,,,0.019,,,,
,34,,,,,7.976,,,,,25.4,,,,,0.016,,,,
,35,,,,,7.991,,,,,25.4,,,,,0.015,,,,
,36,,,,,8.003,,,,,25.4,,,,,0.012,,,,
,37,,,,,8.016,,,,,25.4,,,,,0.013,,,,
,38,,,,,8.027,,,,,25.4,,,,,0.011,,,,
,39,,,,,8.037,,,,,25.4,,,,,0.010,,,,
,40,,,,,8.046,,,,,25.4,,,,,0.009,,,,
,41,,,,,8.054,,,,,25.4,,,,,0.008,,,,
,42,,,,,8.062,,,,,25.4,,,,,0.008,,,,
,43,,,,,8.067,,,,,25.4,,,,,0.005,,,,
,44,,,,,8.073,,,,,25.4,,,,,0.006,,,,
,45,,,,,8.078,,,,,25.4,,,,,0.005,,,,
,46,,,,,8.083,,,,,25.4,,,,,0.005,,,,
,47,,,,,8.088,,,,,25.4,,,,,0.005,,,,
,48,,,,,8.092,,,,,25.4,,,,,0.004,,,,
,49,,,,,8.095,,,,,25.4,,,,,0.003,,,,
,50,,,,,8.098,,,,,25.4,,,,,0.003,,,,
,51,,,,,8.101,,,,,25.4,,,,,0.003,,,,
,52,,,,,8.104,,,,,25.4,,,,,0.003,,,,
,53,,,,,8.106,,,,,25.4,,,,,0.002,,,,
,54,,,,,8.108,,,,,25.4,,,,,0.002,,,,
,55,,,,,8.110,,,,,25.4,,,,,0.002,,,,
,56,,,,,8.112,,,,,25.4,,,,,0.002,,,,
,57,,,,,8.114,,,,,25.4,,,,,0.002,,,,
,58,,,,,8.115,,,,,25.4,,,,,0.001,,,,
,59,,,,,8.117,,,,,25.4,,,,,0.002,,,,
,60,,,,,8.118,,,,,25.4,,,,,0.001,,,,
Titration (EQP) [1],,,,,,,,"Scope 1/1, Sample 55/75",,,,,,,,,,,,
Measured Values,,,,,"Scope 1/1, Sample 55/75",,,,,,,,,,,,,,,
,Time,,V,,,Meas. value,,,dV,,Temp.,,,dE,,,dE/dV,,,EQP
,[s],,[mL],,,[pH],,,[mL],,[°C],,,[pH],,,[pH/mL],,,
,0,,0.00000,,,8.121,,,,,25.4,,,,,,,,,
,28,,0.08575,,,7.647,,,0.08575,,25.4,,,-0.474,,,,,,
,58,,0.12850,,,7.365,,,0.04275,,25.4,,,-0.282,,,,,,
,88,,0.15000,,,7.241,,,0.02150,,25.4,,,-0.124,,,,,,
,179,,0.17700,,,7.144,,,0.02700,,25.4,,,-0.097,,,,,,
,209,,0.22700,,,7.023,,,0.05000,,25.4,,,-0.121,,,-2.82,,,
,239,,0.27700,,,6.906,,,0.05000,,25.4,,,-0.117,,,-2.12,,,
,270,,0.32700,,,6.797,,,0.05000,,25.4,,,-0.109,,,-1.97,,,
,300,,0.37700,,,6.699,,,0.05000,,25.4,,,-0.098,,,-1.85,,,
,330,,0.42700,,,6.610,,,0.05000,,25.4,,,-0.089,,,-1.72,,,
,360,,0.47700,,,6.527,,,0.05000,,25.4,,,-0.083,,,-1.58,,,
,390,,0.52700,,,6.452,,,0.05000,,25.4,,,-0.075,,,-1.48,,,
,421,,0.57700,,,6.379,,,0.05000,,25.4,,,-0.073,,,-1.42,,,
,451,,0.62700,,,6.310,,,0.05000,,25.4,,,-0.069,,,-1.38,,,
,481,,0.67700,,,6.240,,,0.05000,,25.4,,,-0.070,,,-1.37,,,
,511,,0.72700,,,6.172,,,0.05000,,25.4,,,-0.068,,,-1.38,,,
,542,,0.77700,,,6.100,,,0.05000,,25.4,,,-0.072,,,-1.41,,,
,572,,0.82700,,,6.031,,,0.05000,,25.4,,,-0.069,,,-1.46,,,
,602,,0.87700,,,5.955,,,0.05000,,25.4,,,-0.076,,,-1.53,,,
,632,,0.92700,,,5.874,,,0.05000,,25.4,,,-0.081,,,-1.64,,,
,663,,0.97700,,,5.787,,,0.05000,,25.4,,,-0.087,,,-1.83,,,
,693,,1.02700,,,5.688,,,0.05000,,25.4,,,-0.099,,,-2.14,,,
,723,,1.07700,,,5.573,,,0.05000,,25.4,,,-0.115,,,-2.61,,,
,753,,1.12700,,,5.432,,,0.05000,,25.4,,,-0.141,,,-3.40,,,
,784,,1.17300,,,5.260,,,0.04600,,25.4,,,-0.172,,,-4.56,,,
,814,,1.20050,,,5.132,,,0.02750,,25.4,,,-0.128,,,-5.49,,,
,844,,1.22400,,,4.997,,,0.02350,,25.4,,,-0.135,,,-6.42,,,
,874,,1.24300,,,4.862,,,0.01900,,25.4,,,-0.135,,,-7.21,,,
,904,,1.25850,,,4.734,,,0.01550,,25.4,,,-0.128,,,-7.97,,,
,935,,1.27275,,,4.606,,,0.01425,,25.4,,,-0.128,,,-8.66,,,
,965,,1.28650,,,4.479,,,0.01375,,25.4,,,-0.127,,,-8.46,,,
,995,,1.30100,,,4.354,,,0.01450,,25.4,,,-0.125,,,-7.66,,,
,,,1.305612,,,4.319,,,,,,,,,,,,,,EQP
,1026,,1.31775,,,4.226,,,0.01675,,25.4,,,-0.128,,,-6.82,,,
,1056,,1.33775,,,4.097,,,0.02000,,25.4,,,-0.129,,,-5.94,,,
,1086,,1.36275,,,3.965,,,0.02500,,25.4,,,-0.132,,,-4.94,,,
,1116,,1.39425,,,3.836,,,0.03150,,25.4,,,-0.129,,,-3.92,,,
,1146,,1.43675,,,3.702,,,0.04250,,25.4,,,-0.134,,,-2.93,,,
,1177,,1.48675,,,3.581,,,0.05000,,25.4,,,-0.121,,,-2.18,,,
,1207,,1.53675,,,3.487,,,0.05000,,25.4,,,-0.094,,,-1.72,,,
,1237,,1.58675,,,3.408,,,0.05000,,25.4,,,-0.079,,,-1.43,,,
,1267,,1.63675,,,3.341,,,0.05000,,25.4,,,-0.067,,,-1.23,,,
,1298,,1.68675,,,3.283,,,0.05000,,25.4,,,-0.058,,,-1.08,,,
,1328,,1.73675,,,3.231,,,0.05000,,25.4,,,-0.052,,,-0.97,,,
,1358,,1.78675,,,3.185,,,0.05000,,25.4,,,-0.046,,,-0.87,,,
,1388,,1.83675,,,3.143,,,0.05000,,25.4,,,-0.042,,,-0.79,,,
,1419,,1.88675,,,3.106,,,0.05000,,25.4,,,-0.037,,,,,,
,1449,,1.93675,,,3.071,,,0.05000,,25.4,,,-0.035,,,,,,
,1479,,1.98675,,,3.038,,,0.05000,,25.4,,,-0.033,,,,,,
,1509,,2.03675,,,3.008,,,0.05000,,25.4,,,-0.030,,,,,,
,1540,,2.08675,,,2.980,,,0.05000,,25.4,,,-0.028,,,,,,
Measure (normal) [1],,,,,,,,"Scope 1/1, Sample 56/75",,,,,,,,,,,,
Measured Values,,,,,"Scope 1/1, Sample 56/75",,,,,,,,,,,,,,,
,Time,,,,,Meas. value,,,,,Temp.,,,,,dE,,,,
,[s],,,,,[pH],,,,,[°C],,,,,[pH],,,,
,1,,,,,4.488,,,,,23.9,,,,,,,,,
,2,,,,,4.832,,,,,24.1,,,,,0.344,,,,
,3,,,,,5.183,,,,,24.3,,,,,0.351,,,,
,4,,,,,5.495,,,,,24.5,,,,,0.312,,,,
,5,,,,,5.784,,,,,24.7,,,,,0.289,,,,
,6,,,,,6.061,,,,,24.9,,,,,0.277,,,,
,7,,,,,6.313,,,,,25.0,,,,,0.252,,,,
,8,,,,,6.516,,,,,25.1,,,,,0.203,,,,
,9,,,,,6.718,,,,,25.2,,,,,0.202,,,,
,10,,,,,6.897,,,,,25.2,,,,,0.179,,,,
,11,,,,,7.046,,,,,25.3,,,,,0.149,,,,
,12,,,,,7.180,,,,,25.3,,,,,0.134,,,,
,13,,,,,7.295,,,,,25.3,,,,,0.115,,,,
,14,,,,,7.394,,,,,25.4,,,,,0.099,,,,
,15,,,,,7.470,,,,,25.4,,,,,0.076,,,,
,16,,,,,7.539,,,,,25.4,,,,,0.069,,,,
,17,,,,,7.598,,,,,25.4,,,,,0.059,,,,
,18,,,,,7.648,,,,,25.4,,,,,0.050,,,,
,19,,,,,7.691,,,,,25.4,,,,,0.043,,,,
,20,,,,,7.728,,,,,25.4,,,,,0.037,,,,
,21,,,,,7.758,,,,,25.4,,,,,0.030,,,,
,22,,,,,7.782,,,,,25.4,,,,,0.024,,,,
,23,,,,,7.804,,,,,25.4,,,,,0.022,,,,
,24,,,,,7.822,,,,,25.4,,,,,0.018,,,,
,25,,,,,7.837,,,,,25.4,,,,,0.015,,,,
,26,,,,,7.851,,,,,25.4,,,,,0.014,,,,
,27,,,,,7.862,,,,,25.4,,,,,0.011,,,,
,28,,,,,7.871,,,,,25.4,,,,,0.009,,,,
,29,,,,,7.879,,,,,25.4,,,,,0.008,,,,
,30,,,,,7.886,,,,,25.4,,,,,0.007,,,,
,31,,,,,7.891,,,,,25.4,,,,,0.005,,,,
,32,,,,,7.896,,,,,25.4,,,,,0.005,,,,
,33,,,,,7.901,,,,,25.4,,,,,0.005,,,,
,34,,,,,7.904,,,,,25.4,,,,,0.003,,,,
,35,,,,,7.908,,,,,25.4,,,,,0.004,,,,
,36,,,,,7.910,,,,,25.4,,,,,0.002,,,,
,37,,,,,7.913,,,,,25.4,,,,,0.003,,,,
,38,,,,,7.915,,,,,25.4,,,,,0.002,,,,
,39,,,,,7.917,,,,,25.4,,,,,0.002,,,,
,40,,,,,7.919,,,,,25.4,,,,,0.002,,,,
,41,,,,,7.921,,,,,25.4,,,,,0.002,,,,
,42,,,,,7.922,,,,,25.4,,,,,0.001,,,,
,43,,,,,7.924,,,,,25.4,,,,,0.002,,,,
,44,,,,,7.925,,,,,25.4,,,,,0.001,,,,
,45,,,,,7.926,,,,,25.4,,,,,0.001,,,,
,46,,,,,7.927,,,,,25.4,,,,,0.001,,,,
,47,,,,,7.927,,,,,25.4,,,,,0.000,,,,
,48,,,,,7.928,,,,,25.4,,,,,0.001,,,,
,49,,,,,7.929,,,,,25.4,,,,,0.001,,,,
,50,,,,,7.930,,,,,25.4,,,,,0.001,,,,
,51,,,,,7.931,,,,,25.4,,,,,0.001,,,,
,52,,,,,7.931,,,,,25.4,,,,,0.000,,,,
,53,,,,,7.932,,,,,25.4,,,,,0.001,,,,
,54,,,,,7.933,,,,,25.4,,,,,0.001,,,,
,55,,,,,7.933,,,,,25.4,,,,,0.000,,,,
,56,,,,,7.933,,,,,25.4,,,,,0.000,,,,
,57,,,,,7.934,,,,,25.4,,,,,0.001,,,,
,58,,,,,7.935,,,,,25.4,,,,,0.001,,,,
,59,,,,,7.935,,,,,25.4,,,,,0.000,,,,
,60,,,,,7.936,,,,,25.4,,,,,0.001,,,,
Titration (EQP) [1],,,,,,,,"Scope 1/1, Sample 56/75",,,,,,,,,,,,
Measured Values,,,,,"Scope 1/1, Sample 56/75",,,,,,,,,,,,,,,
,Time,,V,,,Meas. value,,,dV,,Temp.,,,dE,,,dE/dV,,,EQP
,[s],,[mL],,,[pH],,,[mL],,[°C],,,[pH],,,[pH/mL],,,
,0,,0.00000,,,7.937,,,,,25.4,,,,,,,,,
,28,,0.08575,,,7.635,,,0.08575,,25.4,,,-0.302,,,,,,
,58,,0.12850,,,7.376,,,0.04275,,25.4,,,-0.259,,,,,,
,88,,0.15000,,,7.245,,,0.02150,,25.4,,,-0.131,,,,,,
,179,,0.17225,,,7.151,,,0.02225,,25.4,,,-0.094,,,,,,
,209,,0.21800,,,6.990,,,0.04575,,25.4,,,-0.161,,,-3.59,,,
,239,,0.26425,,,6.849,,,0.04625,,25.4,,,-0.141,,,-2.77,,,
,270,,0.31425,,,6.723,,,0.05000,,25.4,,,-0.126,,,-2.35,,,
,300,,0.36425,,,6.613,,,0.05000,,25.4,,,-0.110,,,-2.09,,,
,330,,0.41425,,,6.515,,,0.05000,,25.4,,,-0.098,,,-1.87,,,
,360,,0.46425,,,6.425,,,0.05000,,25.4,,,-0.090,,,-1.71,,,
,390,,0.51425,,,6.339,,,0.05000,,25.4,,,-0.086,,,-1.60,,,
,421,,0.56425,,,6.263,,,0.05000,,25.4,,,-0.076,,,-1.51,,,
,451,,0.61425,,,6.191,,,0.05000,,25.4,,,-0.072,,,-1.43,,,
,481,,0.66425,,,6.119,,,0.05000,,25.4,,,-0.072,,,-1.38,,,
,511,,0.71425,,,6.051,,,0.05000,,25.4,,,-0.068,,,-1.36,,,
,542,,0.76425,,,5.982,,,0.05000,,25.4,,,-0.069,,,-1.36,,,
,572,,0.81425,,,5.915,,,0.05000,,25.4,,,-0.067,,,-1.37,,,
,602,,0.86425,,,5.845,,,0.05000,,25.4,,,-0.070,,,-1.42,,,
,632,,0.91425,,,5.771,,,0.05000,,25.4,,,-0.074,,,-1.50,,,
,662,,0.96425,,,5.693,,,0.05000,,25.4,,,-0.078,,,-1.62,,,
,693,,1.01425,,,5.606,,,0.05000,,25.4,,,-0.087,,,-1.82,,,
,723,,1.06425,,,5.508,,,0.05000,,25.4,,,-0.098,,,-2.11,,,
,753,,1.11425,,,5.394,,,0.05000,,25.4,,,-0.114,,,-2.57,,,
,784,,1.16425,,,5.254,,,0.05000,,25.4,,,-0.140,,,-3.30,,,
,814,,1.21100,,,5.086,,,0.04675,,25.4,,,-0.168,,,-4.34,,,
,844,,1.24050,,,4.953,,,0.02950,,25.4,,,-0.133,,,-5.20,,,
,874,,1.26450,,,4.819,,,0.02400,,25.4,,,-0.134,,,-5.95,,,
,904,,1.28425,,,4.686,,,0.01975,,25.4,,,-0.133,,,-6.61,,,
,935,,1.30100,,,4.559,,,0.01675,,25.4,,,-0.127,,,-7.27,,,
,,,1.312922 ???,,,4.464 ???,,,,,,,,,,,,,,EQP
,965,,1.31675,,,4.433,,,0.01575,,25.4,,,-0.126,,,-7.53,,,
,995,,1.33300,,,4.305,,,0.01625,,25.4,,,-0.128,,,-6.94,,,
,1026,,1.35075,,,4.179,,,0.01775,,25.4,,,-0.126,,,-6.19,,,
,1056,,1.37175,,,4.052,,,0.02100,,25.4,,,-0.127,,,-5.44,,,
,1086,,1.39825,,,3.922,,,0.02650,,25.4,,,-0.130,,,-4.55,,,
,1116,,1.43250,,,3.793,,,0.03425,,25.4,,,-0.129,,,-3.58,,,
,1146,,1.47950,,,3.658,,,0.04700,,25.4,,,-0.135,,,-2.63,,,
,1177,,1.52950,,,3.548,,,0.05000,,25.4,,,-0.110,,,-1.99,,,
,1207,,1.57950,,,3.461,,,0.05000,,25.4,,,-0.087,,,-1.59,,,
,1237,,1.62950,,,3.387,,,0.05000,,25.4,,,-0.074,,,-1.33,,,
,1267,,1.67950,,,3.324,,,0.05000,,25.4,,,-0.063,,,-1.15,,,
,1298,,1.72950,,,3.269,,,0.05000,,25.4,,,-0.055,,,-1.03,,,
,1328,,1.77950,,,3.220,,,0.05000,,25.4,,,-0.049,,,-0.92,,,
,1358,,1.82950,,,3.176,,,0.05000,,25.4,,,-0.044,,,-0.83,,,
,1388,,1.87950,,,3.136,,,0.05000,,25.4,,,-0.040,,,-0.76,,,
,1419,,1.92950,,,3.100,,,0.05000,,25.4,,,-0.036,,,,,,
,1449,,1.97950,,,3.066,,,0.05000,,25.4,,,-0.034,,,,,,
,1479,,2.02950,,,3.035,,,0.05000,,25.4,,,-0.031,,,,,,
,1509,,2.07950,,,3.006,,,0.05000,,25.4,,,-0.029,,,,,,
,1540,,2.12950,,,2.979,,,0.05000,,25.4,,,-0.027,,,,,,
Measure (normal) [1],,,,,,,,"Scope 1/1, Sample 57/75",,,,,,,,,,,,
Measured Values,,,,,"Scope 1/1, Sample 57/75",,,,,,,,,,,,,,,
,Time,,,,,Meas. value,,,,,Temp.,,,,,dE,,,,
,[s],,,,,[pH],,,,,[°C],,,,,[pH],,,,
,1,,,,,4.936,,,,,24.0,,,,,,,,,
,2,,,,,5.175,,,,,24.1,,,,,0.239,,,,
,3,,,,,5.390,,,,,24.4,,,,,0.215,,,,
,4,,,,,5.553,,,,,24.6,,,,,0.163,,,,
,5,,,,,5.682,,,,,24.8,,,,,0.129,,,,
,6,,,,,5.793,,,,,24.9,,,,,0.111,,,,
,7,,,,,5.891,,,,,25.0,,,,,0.098,,,,
,8,,,,,5.978,,,,,25.1,,,,,0.087,,,,
,9,,,,,6.050,,,,,25.2,,,,,0.072,,,,
,10,,,,,6.126,,,,,25.2,,,,,0.076,,,,
,11,,,,,6.197,,,,,25.3,,,,,0.071,,,,
,12,,,,,6.262,,,,,25.3,,,,,0.065,,,,
,13,,,,,6.323,,,,,25.4,,,,,0.061,,,,
,14,,,,,6.382,,,,,25.4,,,,,0.059,,,,
,15,,,,,6.433,,,,,25.4,,,,,0.051,,,,
,16,,,,,6.486,,,,,25.4,,,,,0.053,,,,
,17,,,,,6.538,,,,,25.4,,,,,0.052,,,,
,18,,,,,6.588,,,,,25.4,,,,,0.050,,,,
,19,,,,,6.635,,,,,25.4,,,,,0.047,,,,
,20,,,,,6.681,,,,,25.4,,,,,0.046,,,,
,21,,,,,6.725,,,,,25.4,,,,,0.044,,,,
,22,,,,,6.762,,,,,25.4,,,,,0.037,,,,
,23,,,,,6.803,,,,,25.4,,,,,0.041,,,,
,24,,,,,6.842,,,,,25.4,,,,,0.039,,,,
,25,,,,,6.881,,,,,25.5,,,,,0.039,,,,
,26,,,,,6.919,,,,,25.5,,,,,0.038,,,,
,27,,,,,6.954,,,,,25.5,,,,,0.035,,,,
,28,,,,,6.984,,,,,25.5,,,,,0.030,,,,
,29,,,,,7.012,,,,,25.5,,,,,0.028,,,,
,30,,,,,7.040,,,,,25.5,,,,,0.028,,,,
,31,,,,,7.068,,,,,25.5,,,,,0.028,,,,
,32,,,,,7.089,,,,,25.5,,,,,0.021,,,,
,33,,,,,7.118,,,,,25.5,,,,,0.029,,,,
,34,,,,,7.146,,,,,25.5,,,,,0.028,,,,
,35,,,,,7.170,,,,,25.5,,,,,0.024,,,,
,36,,,,,7.191,,,,,25.5,,,,,0.021,,,,
,37,,,,,7.212,,,,,25.5,,,,,0.021,,,,
,38,,,,,7.232,,,,,25.5,,,,,0.020,,,,
,39,,,,,7.251,,,,,25.5,,,,,0.019,,,,
,40,,,,,7.270,,,,,25.5,,,,,0.019,,,,
,41,,,,,7.287,,,,,25.5,,,,,0.017,,,,
,42,,,,,7.305,,,,,25.5,,,,,0.018,,,,
,43,,,,,7.319,,,,,25.5,,,,,0.014,,,,
,44,,,,,7.334,,,,,25.5,,,,,0.015,,,,
,45,,,,,7.348,,,,,25.5,,,,,0.014,,,,
,46,,,,,7.362,,,,,25.5,,,,,0.014,,,,
,47,,,,,7.376,,,,,25.5,,,,,0.014,,,,
,48,,,,,7.388,,,,,25.5,,,,,0.012,,,,
,49,,,,,7.400,,,,,25.5,,,,,0.012,,,,
,50,,,,,7.410,,,,,25.5,,,,,0.010,,,,
,51,,,,,7.421,,,,,25.5,,,,,0.011,,,,
,52,,,,,7.431,,,,,25.5,,,,,0.010,,,,
,53,,,,,7.440,,,,,25.5,,,,,0.009,,,,
,54,,,,,7.450,,,,,25.5,,,,,0.010,,,,
,55,,,,,7.459,,,,,25.5,,,,,0.009,,,,
,56,,,,,7.467,,,,,25.5,,,,,0.008,,,,
,57,,,,,7.475,,,,,25.5,,,,,0.008,,,,
,58,,,,,7.482,,,,,25.5,,,,,0.007,,,,
,59,,,,,7.489,,,,,25.5,,,,,0.007,,,,
,60,,,,,7.496,,,,,25.5,,,,,0.007,,,,
Titration (EQP) [1],,,,,,,,"Scope 1/1, Sample 57/75",,,,,,,,,,,,
Measured Values,,,,,"Scope 1/1, Sample 57/75",,,,,,,,,,,,,,,
,Time,,V,,,Meas. value,,,dV,,Temp.,,,dE,,,dE/dV,,,EQP
,[s],,[mL],,,[pH],,,[mL],,[°C],,,[pH],,,[pH/mL],,,
,0,,0.00000,,,7.513,,,,,25.5,,,,,,,,,
,28,,0.08575,,,7.280,,,0.08575,,25.5,,,-0.233,,,,,,
,58,,0.12850,,,7.115,,,0.04275,,25.4,,,-0.165,,,,,,
,88,,0.15000,,,7.036,,,0.02150,,25.4,,,-0.079,,,,,,
,179,,0.18800,,,6.956,,,0.03800,,25.4,,,-0.080,,,,,,
,209,,0.23800,,,6.861,,,0.05000,,25.4,,,-0.095,,,-2.07,,,
,239,,0.28800,,,6.766,,,0.05000,,25.4,,,-0.095,,,-1.72,,,
,269,,0.33800,,,6.678,,,0.05000,,25.4,,,-0.088,,,-1.65,,,
,300,,0.38800,,,6.596,,,0.05000,,25.4,,,-0.082,,,-1.59,,,
,330,,0.43800,,,6.520,,,0.05000,,25.4,,,-0.076,,,-1.50,,,
,360,,0.48800,,,6.447,,,0.05000,,25.4,,,-0.073,,,-1.43,,,
,390,,0.53800,,,6.377,,,0.05000,,25.4,,,-0.070,,,-1.37,,,
,421,,0.58800,,,6.307,,,0.05000,,25.4,,,-0.070,,,-1.34,,,
,451,,0.63800,,,6.242,,,0.05000,,25.4,,,-0.065,,,-1.33,,,
,481,,0.68800,,,6.175,,,0.05000,,25.4,,,-0.067,,,-1.33,,,
,511,,0.73800,,,6.109,,,0.05000,,25.4,,,-0.066,,,-1.37,,,
,542,,0.78800,,,6.037,,,0.05000,,25.4,,,-0.072,,,-1.42,,,
,572,,0.83800,,,5.965,,,0.05000,,25.4,,,-0.072,,,-1.50,,,
,602,,0.88800,,,5.886,,,0.05000,,25.4,,,-0.079,,,-1.61,,,
,632,,0.93800,,,5.800,,,0.05000,,25.4,,,-0.086,,,-1.78,,,
,662,,0.98800,,,5.706,,,0.05000,,25.4,,,-0.094,,,-2.06,,,
,693,,1.03800,,,5.593,,,0.05000,,25.4,,,-0.113,,,-2.49,,,
,723,,1.08800,,,5.457,,,0.05000,,25.4,,,-0.136,,,-3.20,,,
,753,,1.13775,,,5.284,,,0.04975,,25.4,,,-0.173,,,-4.36,,,
,784,,1.16825,,,5.145,,,0.03050,,25.4,,,-0.139,,,-5.34,,,
,814,,1.19100,,,5.019,,,0.02275,,25.4,,,-0.126,,,-6.20,,,
,844,,1.21100,,,4.883,,,0.02000,,25.4,,,-0.136,,,-7.02,,,
,874,,1.22725,,,4.753,,,0.01625,,25.4,,,-0.130,,,-7.78,,,
,904,,1.24175,,,4.625,,,0.01450,,25.4,,,-0.128,,,-8.51,,,
,,,1.244594 ???,,,4.599 ???,,,,,,,,,,,,,,EQP
,935,,1.25575,,,4.499,,,0.01400,,25.4,,,-0.126,,,-8.43,,,
,965,,1.27050,,,4.369,,,0.01475,,25.4,,,-0.130,,,-7.67,,,
,995,,1.28600,,,4.250,,,0.01550,,25.4,,,-0.119,,,-6.86,,,
,1026,,1.30625,,,4.118,,,0.02025,,25.4,,,-0.132,,,-5.98,,,
,1056,,1.33075,,,3.988,,,0.02450,,25.4,,,-0.130,,,-5.00,,,
,1086,,1.36200,,,3.857,,,0.03125,,25.4,,,-0.131,,,-3.98,,,
,1116,,1.40325,,,3.724,,,0.04125,,25.4,,,-0.133,,,-3.00,,,
,1146,,1.45325,,,3.602,,,0.05000,,25.4,,,-0.122,,,-2.23,,,
,1177,,1.50325,,,3.505,,,0.05000,,25.4,,,-0.097,,,-1.75,,,
,1207,,1.55325,,,3.426,,,0.05000,,25.4,,,-0.079,,,-1.44,,,
,1237,,1.60325,,,3.358,,,0.05000,,25.4,,,-0.068,,,-1.24,,,
,1267,,1.65325,,,3.299,,,0.05000,,25.4,,,-0.059,,,-1.09,,,
,1298,,1.70325,,,3.247,,,0.05000,,25.4,,,-0.052,,,-0.97,,,
,1328,,1.75325,,,3.200,,,0.05000,,25.4,,,-0.047,,,-0.88,,,
,1358,,1.80325,,,3.158,,,0.05000,,25.4,,,-0.042,,,-0.81,,,
,1388,,1.85325,,,3.120,,,0.05000,,25.4,,,-0.038,,,,,,
,1419,,1.90325,,,3.085,,,0.05000,,25.4,,,-0.035,,,,,,
,1449,,1.95325,,,3.048,,,0.05000,,25.4,,,-0.037,,,,,,
,1479,,2.00325,,,3.021,,,0.05000,,25.4,,,-0.027,,,,,,
,1509,,2.05325,,,2.993,,,0.05000,,25.4,,,-0.028,,,,,,
Measure (normal) [1],,,,,,,,"Scope 1/1, Sample 58/75",,,,,,,,,,,,
Measured Values,,,,,"Scope 1/1, Sample 58/75",,,,,,,,,,,,,,,
,Time,,,,,Meas. value,,,,,Temp.,,,,,dE,,,,
,[s],,,,,[pH],,,,,[°C],,,,,[pH],,,,
,1,,,,,4.808,,,,,23.8,,,,,,,,,
,2,,,,,5.074,,,,,24.0,,,,,0.266,,,,
,3,,,,,5.302,,,,,24.2,,,,,0.228,,,,
,4,,,,,5.477,,,,,24.5,,,,,0.175,,,,
,5,,,,,5.621,,,,,24.7,,,,,0.144,,,,
,6,,,,,5.746,,,,,24.8,,,,,0.125,,,,
,7,,,,,5.858,,,,,25.0,,,,,0.112,,,,
,8,,,,,5.952,,,,,25.1,,,,,0.094,,,,
,9,,,,,6.052,,,,,25.1,,,,,0.100,,,,
,10,,,,,6.145,,,,,25.2,,,,,0.093,,,,
,11,,,,,6.234,,,,,25.2,,,,,0.089,,,,
,12,,,,,6.318,,,,,25.3,,,,,0.084,,,,
,13,,,,,6.398,,,,,25.3,,,,,0.080,,,,
,14,,,,,6.475,,,,,25.3,,,,,0.077,,,,
,15,,,,,6.542,,,,,25.4,,,,,0.067,,,,
,16,,,,,6.612,,,,,25.4,,,,,0.070,,,,
,17,,,,,6.680,,,,,25.4,,,,,0.068,,,,
,18,,,,,6.744,,,,,25.4,,,,,0.064,,,,
,19,,,,,6.805,,,,,25.4,,,,,0.061,,,,
,20,,,,,6.865,,,,,25.4,,,,,0.060,,,,
,21,,,,,6.924,,,,,25.4,,,,,0.059,,,,
,22,,,,,6.970,,,,,25.4,,,,,0.046,,,,
,23,,,,,7.020,,,,,25.4,,,,,0.050,,,,
,24,,,,,7.067,,,,,25.4,,,,,0.047,,,,
,25,,,,,7.107,,,,,25.4,,,,,0.040,,,,
,26,,,,,7.155,,,,,25.4,,,,,0.048,,,,
,27,,,,,7.195,,,,,25.4,,,,,0.040,,,,
,28,,,,,7.233,,,,,25.4,,,,,0.038,,,,
,29,,,,,7.264,,,,,25.4,,,,,0.031,,,,
,30,,,,,7.298,,,,,25.4,,,,,0.034,,,,
,31,,,,,7.331,,,,,25.4,,,,,0.033,,,,
,32,,,,,7.361,,,,,25.4,,,,,0.030,,,,
,33,,,,,7.389,,,,,25.4,,,,,0.028,,,,
,34,,,,,7.416,,,,,25.4,,,,,0.027,,,,
,35,,,,,7.441,,,,,25.4,,,,,0.025,,,,
,36,,,,,7.461,,,,,25.4,,,,,0.020,,,,
,37,,,,,7.483,,,,,25.4,,,,,0.022,,,,
,38,,,,,7.503,,,,,25.4,,,,,0.020,,,,
,39,,,,,7.523,,,,,25.4,,,,,0.020,,,,
,40,,,,,7.541,,,,,25.4,,,,,0.018,,,,
,41,,,,,7.557,,,,,25.4,,,,,0.016,,,,
,42,,,,,7.573,,,,,25.4,,,,,0.016,,,,
,43,,,,,7.587,,,,,25.4,,,,,0.014,,,,
,44,,,,,7.601,,,,,25.4,,,,,0.014,,,,
,45,,,,,7.614,,,,,25.4,,,,,0.013,,,,
,46,,,,,7.626,,,,,25.4,,,,,0.012,,,,
,47,,,,,7.637,,,,,25.4,,,,,0.011,,,,
,48,,,,,7.648,,,,,25.4,,,,,0.011,,,,
,49,,,,,7.658,,,,,25.4,,,,,0.010,,,,
,50,,,,,7.667,,,,,25.4,,,,,0.009,,,,
,51,,,,,7.675,,,,,25.4,,,,,0.008,,,,
,52,,,,,7.684,,,,,25.4,,,,,0.009,,,,
,53,,,,,7.691,,,,,25.4,,,,,0.007,,,,
,54,,,,,7.698,,,,,25.4,,,,,0.007,,,,
,55,,,,,7.705,,,,,25.4,,,,,0.007,,,,
,56,,,,,7.711,,,,,25.4,,,,,0.006,,,,
,57,,,,,7.717,,,,,25.4,,,,,0.006,,,,
,58,,,,,7.722,,,,,25.4,,,,,0.005,,,,
,59,,,,,7.728,,,,,25.4,,,,,0.006,,,,
,60,,,,,7.732,,,,,25.4,,,,,0.004,,,,
Titration (EQP) [1],,,,,,,,"Scope 1/1, Sample 58/75",,,,,,,,,,,,
Measured Values,,,,,"Scope 1/1, Sample 58/75",,,,,,,,,,,,,,,
,Time,,V,,,Meas. value,,,dV,,Temp.,,,dE,,,dE/dV,,,EQP
,[s],,[mL],,,[pH],,,[mL],,[°C],,,[pH],,,[pH/mL],,,
,0,,0.00000,,,7.743,,,,,25.4,,,,,,,,,
,28,,0.08575,,,7.400,,,0.08575,,25.4,,,-0.343,,,,,,
,58,,0.12850,,,7.197,,,0.04275,,25.4,,,-0.203,,,,,,
,88,,0.15000,,,7.089,,,0.02150,,25.4,,,-0.108,,,,,,
,179,,0.17625,,,7.029,,,0.02625,,25.4,,,-0.060,,,,,,
,209,,0.22625,,,6.935,,,0.05000,,25.4,,,-0.094,,,-2.29,,,
,239,,0.27625,,,6.829,,,0.05000,,25.4,,,-0.106,,,-1.83,,,
,270,,0.32625,,,6.734,,,0.05000,,25.4,,,-0.095,,,-1.75,,,
,300,,0.37625,,,6.647,,,0.05000,,25.4,,,-0.087,,,-1.70,,,
,330,,0.42625,,,6.567,,,0.05000,,25.4,,,-0.080,,,-1.58,,,
,360,,0.47625,,,6.491,,,0.05000,,25.4,,,-0.076,,,-1.46,,,
,390,,0.52625,,,6.418,,,0.05000,,25.4,,,-0.073,,,-1.40,,,
,421,,0.57625,,,6.350,,,0.05000,,25.4,,,-0.068,,,-1.35,,,
,451,,0.62625,,,6.285,,,0.05000,,25.4,,,-0.065,,,-1.32,,,
,481,,0.67625,,,6.218,,,0.05000,,25.4,,,-0.067,,,-1.31,,,
,511,,0.72625,,,6.151,,,0.05000,,25.4,,,-0.067,,,-1.33,,,
,542,,0.77625,,,6.085,,,0.05000,,25.4,,,-0.066,,,-1.37,,,
,572,,0.82625,,,6.015,,,0.05000,,25.4,,,-0.070,,,-1.42,,,
,602,,0.87625,,,5.941,,,0.05000,,25.4,,,-0.074,,,-1.50,,,
,632,,0.92625,,,5.861,,,0.05000,,25.4,,,-0.080,,,-1.63,,,
,662,,0.97625,,,5.775,,,0.05000,,25.4,,,-0.086,,,-1.83,,,
,693,,1.02625,,,5.676,,,0.05000,,25.4,,,-0.099,,,-2.14,,,
,723,,1.07625,,,5.561,,,0.05000,,25.4,,,-0.115,,,-2.62,,,
,753,,1.12625,,,5.418,,,0.05000,,25.4,,,-0.143,,,-3.42,,,
,784,,1.17150,,,5.249,,,0.04525,,25.4,,,-0.169,,,-4.55,,,
,814,,1.19925,,,5.119,,,0.02775,,25.4,,,-0.130,,,-5.48,,,
,844,,1.22225,,,4.988,,,0.02300,,25.4,,,-0.131,,,-6.37,,,
,874,,1.24175,,,4.850,,,0.01950,,25.4,,,-0.138,,,-7.17,,,
,904,,1.25725,,,4.724,,,0.01550,,25.4,,,-0.126,,,-7.93,,,
,935,,1.27175,,,4.593,,,0.01450,,25.4,,,-0.131,,,-8.57,,,
,965,,1.28550,,,4.468,,,0.01375,,25.4,,,-0.125,,,-8.34,,,
,995,,1.30025,,,4.343,,,0.01475,,25.4,,,-0.125,,,-7.52,,,
,,,1.304951,,,4.308,,,,,,,,,,,,,,EQP
,1026,,1.31725,,,4.215,,,0.01700,,25.4,,,-0.128,,,-6.69,,,
,1056,,1.33775,,,4.086,,,0.02050,,25.4,,,-0.129,,,-5.80,,,
,1086,,1.36325,,,3.956,,,0.02550,,25.4,,,-0.130,,,-4.81,,,
,1116,,1.39600,,,3.826,,,0.03275,,25.4,,,-0.130,,,-3.79,,,
,1146,,1.44025,,,3.691,,,0.04425,,25.4,,,-0.135,,,-2.82,,,
,1177,,1.49025,,,3.574,,,0.05000,,25.4,,,-0.117,,,-2.12,,,
,1207,,1.54025,,,3.482,,,0.05000,,25.4,,,-0.092,,,-1.68,,,
,1237,,1.59025,,,3.404,,,0.05000,,25.4,,,-0.078,,,-1.40,,,
,1267,,1.64025,,,3.339,,,0.05000,,25.4,,,-0.065,,,-1.20,,,
,1298,,1.69025,,,3.281,,,0.05000,,25.4,,,-0.058,,,-1.06,,,
,1328,,1.74025,,,3.231,,,0.05000,,25.4,,,-0.050,,,-0.95,,,
,1358,,1.79025,,,3.185,,,0.05000,,25.4,,,-0.046,,,-0.86,,,
,1388,,1.84025,,,3.144,,,0.05000,,25.4,,,-0.041,,,-0.79,,,
,1419,,1.89025,,,3.106,,,0.05000,,25.4,,,-0.038,,,,,,
,1449,,1.94025,,,3.071,,,0.05000,,25.4,,,-0.035,,,,,,
,1479,,1.99025,,,3.040,,,0.05000,,25.3,,,-0.031,,,,,,
,1509,,2.04025,,,3.010,,,0.05000,,25.3,,,-0.030,,,,,,
,1540,,2.09025,,,2.982,,,0.05000,,25.3,,,-0.028,,,,,,
Measure (normal) [1],,,,,,,,"Scope 1/1, Sample 59/75",,,,,,,,,,,,
Measured Values,,,,,"Scope 1/1, Sample 59/75",,,,,,,,,,,,,,,
,Time,,,,,Meas. value,,,,,Temp.,,,,,dE,,,,
,[s],,,,,[pH],,,,,[°C],,,,,[pH],,,,
,1,,,,,4.742,,,,,23.7,,,,,,,,,
,2,,,,,5.006,,,,,23.9,,,,,0.264,,,,
,3,,,,,5.247,,,,,24.1,,,,,0.241,,,,
,4,,,,,5.426,,,,,24.4,,,,,0.179,,,,
,5,,,,,5.570,,,,,24.6,,,,,0.144,,,,
,6,,,,,5.693,,,,,24.8,,,,,0.123,,,,
,7,,,,,5.801,,,,,24.9,,,,,0.108,,,,
,8,,,,,5.901,,,,,25.0,,,,,0.100,,,,
,9,,,,,5.986,,,,,25.1,,,,,0.085,,,,
,10,,,,,6.073,,,,,25.2,,,,,0.087,,,,
,11,,,,,6.155,,,,,25.2,,,,,0.082,,,,
,12,,,,,6.232,,,,,25.2,,,,,0.077,,,,
,13,,,,,6.307,,,,,25.3,,,,,0.075,,,,
,14,,,,,6.379,,,,,25.3,,,,,0.072,,,,
,15,,,,,6.441,,,,,25.3,,,,,0.062,,,,
,16,,,,,6.508,,,,,25.3,,,,,0.067,,,,
,17,,,,,6.572,,,,,25.4,,,,,0.064,,,,
,18,,,,,6.632,,,,,25.4,,,,,0.060,,,,
,19,,,,,6.687,,,,,25.4,,,,,0.055,,,,
,20,,,,,6.742,,,,,25.4,,,,,0.055,,,,
,21,,,,,6.796,,,,,25.4,,,,,0.054,,,,
,22,,,,,6.843,,,,,25.4,,,,,0.047,,,,
,23,,,,,6.893,,,,,25.4,,,,,0.050,,,,
,24,,,,,6.941,,,,,25.4,,,,,0.048,,,,
,25,,,,,6.981,,,,,25.4,,,,,0.040,,,,
,26,,,,,7.022,,,,,25.4,,,,,0.041,,,,
,27,,,,,7.062,,,,,25.4,,,,,0.040,,,,
,28,,,,,7.091,,,,,25.4,,,,,0.029,,,,
,29,,,,,7.127,,,,,25.4,,,,,0.036,,,,
,30,,,,,7.163,,,,,25.4,,,,,0.036,,,,
,31,,,,,7.196,,,,,25.4,,,,,0.033,,,,
,32,,,,,7.227,,,,,25.4,,,,,0.031,,,,
,33,,,,,7.254,,,,,25.4,,,,,0.027,,,,
,34,,,,,7.280,,,,,25.4,,,,,0.026,,,,
,35,,,,,7.305,,,,,25.4,,,,,0.025,,,,
,36,,,,,7.327,,,,,25.4,,,,,0.022,,,,
,37,,,,,7.350,,,,,25.4,,,,,0.023,,,,
,38,,,,,7.373,,,,,25.4,,,,,0.023,,,,
,39,,,,,7.393,,,,,25.4,,,,,0.020,,,,
,40,,,,,7.413,,,,,25.4,,,,,0.020,,,,
,41,,,,,7.431,,,,,25.4,,,,,0.018,,,,
,42,,,,,7.448,,,,,25.4,,,,,0.017,,,,
,43,,,,,7.463,,,,,25.4,,,,,0.015,,,,
,44,,,,,7.478,,,,,25.4,,,,,0.015,,,,
,45,,,,,7.492,,,,,25.4,,,,,0.014,,,,
,46,,,,,7.506,,,,,25.4,,,,,0.014,,,,
,47,,,,,7.518,,,,,25.4,,,,,0.012,,,,
,48,,,,,7.530,,,,,25.4,,,,,0.012,,,,
,49,,,,,7.542,,,,,25.4,,,,,0.012,,,,
,50,,,,,7.551,,,,,25.4,,,,,0.009,,,,
,51,,,,,7.561,,,,,25.4,,,,,0.010,,,,
,52,,,,,7.570,,,,,25.4,,,,,0.009,,,,
,53,,,,,7.579,,,,,25.4,,,,,0.009,,,,
,54,,,,,7.587,,,,,25.4,,,,,0.008,,,,
,55,,,,,7.595,,,,,25.4,,,,,0.008,,,,
,56,,,,,7.603,,,,,25.4,,,,,0.008,,,,
,57,,,,,7.609,,,,,25.4,,,,,0.006,,,,
,58,,,,,7.616,,,,,25.4,,,,,0.007,,,,
,59,,,,,7.623,,,,,25.4,,,,,0.007,,,,
,60,,,,,7.628,,,,,25.4,,,,,0.005,,,,
Titration (EQP) [1],,,,,,,,"Scope 1/1, Sample 59/75",,,,,,,,,,,,
Measured Values,,,,,"Scope 1/1, Sample 59/75",,,,,,,,,,,,,,,
,Time,,V,,,Meas. value,,,dV,,Temp.,,,dE,,,dE/dV,,,EQP
,[s],,[mL],,,[pH],,,[mL],,[°C],,,[pH],,,[pH/mL],,,
,0,,0.00000,,,7.641,,,,,25.4,,,,,,,,,
,28,,0.08575,,,7.341,,,0.08575,,25.4,,,-0.300,,,,,,
,58,,0.12850,,,7.155,,,0.04275,,25.4,,,-0.186,,,,,,
,88,,0.15000,,,7.065,,,0.02150,,25.4,,,-0.090,,,,,,
,179,,0.18525,,,6.984,,,0.03525,,25.4,,,-0.081,,,,,,
,209,,0.23525,,,6.889,,,0.05000,,25.4,,,-0.095,,,-2.14,,,
,239,,0.28525,,,6.792,,,0.05000,,25.4,,,-0.097,,,-1.76,,,
,269,,0.33525,,,6.702,,,0.05000,,25.4,,,-0.090,,,-1.69,,,
,300,,0.38525,,,6.617,,,0.05000,,25.4,,,-0.085,,,-1.62,,,
,330,,0.43525,,,6.539,,,0.05000,,25.4,,,-0.078,,,-1.53,,,
,360,,0.48525,,,6.465,,,0.05000,,25.4,,,-0.074,,,-1.43,,,
,390,,0.53525,,,6.396,,,0.05000,,25.4,,,-0.069,,,-1.37,,,
,421,,0.58525,,,6.328,,,0.05000,,25.4,,,-0.068,,,-1.33,,,
,451,,0.63525,,,6.263,,,0.05000,,25.4,,,-0.065,,,-1.31,,,
,481,,0.68525,,,6.197,,,0.05000,,25.4,,,-0.066,,,-1.30,,,
,511,,0.73525,,,6.132,,,0.05000,,25.4,,,-0.065,,,-1.32,,,
,542,,0.78525,,,6.064,,,0.05000,,25.4,,,-0.068,,,-1.36,,,
,572,,0.83525,,,5.995,,,0.05000,,25.4,,,-0.069,,,-1.42,,,
,602,,0.88525,,,5.921,,,0.05000,,25.4,,,-0.074,,,-1.50,,,
,632,,0.93525,,,5.842,,,0.05000,,25.4,,,-0.079,,,-1.63,,,
,662,,0.98525,,,5.754,,,0.05000,,25.4,,,-0.088,,,-1.84,,,
,693,,1.03525,,,5.656,,,0.05000,,25.4,,,-0.098,,,-2.16,,,
,723,,1.08525,,,5.538,,,0.05000,,25.4,,,-0.118,,,-2.66,,,
,753,,1.13525,,,5.393,,,0.05000,,25.4,,,-0.145,,,-3.48,,,
,784,,1.17925,,,5.227,,,0.04400,,25.4,,,-0.166,,,-4.58,,,
,814,,1.20675,,,5.097,,,0.02750,,25.4,,,-0.130,,,-5.49,,,
,844,,1.22975,,,4.963,,,0.02300,,25.4,,,-0.134,,,-6.35,,,
,874,,1.24875,,,4.830,,,0.01900,,25.4,,,-0.133,,,-7.14,,,
,904,,1.26500,,,4.697,,,0.01625,,25.4,,,-0.133,,,-7.91,,,
,935,,1.27925,,,4.572,,,0.01425,,25.4,,,-0.125,,,-8.53,,,
,,,1.279628 ???,,,4.569 ???,,,,,,,,,,,,,,EQP
,965,,1.29375,,,4.444,,,0.01450,,25.4,,,-0.128,,,-8.23,,,
,995,,1.30900,,,4.319,,,0.01525,,25.4,,,-0.125,,,-7.21,,,
,1025,,1.32675,,,4.166,,,0.01775,,25.4,,,-0.153,,,-6.39,,,
,1056,,1.34200,,,4.094,,,0.01525,,25.4,,,-0.072,,,-5.78,,,
,1086,,1.38000,,,3.915,,,0.03800,,25.4,,,-0.179,,,-4.31,,,
,1116,,1.40925,,,3.809,,,0.02925,,25.4,,,-0.106,,,-3.52,,,
,1146,,1.45800,,,3.669,,,0.04875,,25.4,,,-0.140,,,-2.59,,,
,1176,,1.50800,,,3.561,,,0.05000,,25.4,,,-0.108,,,-2.01,,,
,1207,,1.55800,,,3.472,,,0.05000,,25.3,,,-0.089,,,-1.59,,,
,1237,,1.60800,,,3.395,,,0.05000,,25.3,,,-0.077,,,-1.35,,,
,1268,,1.65800,,,3.335,,,0.05000,,25.3,,,-0.060,,,-1.16,,,
,1298,,1.70800,,,3.280,,,0.05000,,25.3,,,-0.055,,,-1.04,,,
,1328,,1.75800,,,3.230,,,0.05000,,25.3,,,-0.050,,,-0.93,,,
,1358,,1.80800,,,3.183,,,0.05000,,25.3,,,-0.047,,,-0.84,,,
,1388,,1.85800,,,3.146,,,0.05000,,25.3,,,-0.037,,,-0.77,,,
,1419,,1.90800,,,3.107,,,0.05000,,25.3,,,-0.039,,,,,,
,1449,,1.95800,,,3.076,,,0.05000,,25.3,,,-0.031,,,,,,
,1479,,2.00800,,,3.044,,,0.05000,,25.3,,,-0.032,,,,,,
,1510,,2.05800,,,3.014,,,0.05000,,25.3,,,-0.030,,,,,,
,1540,,2.10800,,,2.987,,,0.05000,,25.3,,,-0.027,,,,,,
Measure (normal) [1],,,,,,,,"Scope 1/1, Sample 60/75",,,,,,,,,,,,
Measured Values,,,,,"Scope 1/1, Sample 60/75",,,,,,,,,,,,,,,
,Time,,,,,Meas. value,,,,,Temp.,,,,,dE,,,,
,[s],,,,,[pH],,,,,[°C],,,,,[pH],,,,
,1,,,,,4.799,,,,,23.9,,,,,,,,,
,2,,,,,5.045,,,,,24.1,,,,,0.246,,,,
,3,,,,,5.267,,,,,24.3,,,,,0.222,,,,
,4,,,,,5.435,,,,,24.5,,,,,0.168,,,,
,5,,,,,5.571,,,,,24.7,,,,,0.136,,,,
,6,,,,,5.685,,,,,24.9,,,,,0.114,,,,
,7,,,,,5.784,,,,,25.0,,,,,0.099,,,,
,8,,,,,5.865,,,,,25.1,,,,,0.081,,,,
,9,,,,,5.948,,,,,25.1,,,,,0.083,,,,
,10,,,,,6.027,,,,,25.2,,,,,0.079,,,,
,11,,,,,6.099,,,,,25.3,,,,,0.072,,,,
,12,,,,,6.166,,,,,25.3,,,,,0.067,,,,
,13,,,,,6.231,,,,,25.3,,,,,0.065,,,,
,14,,,,,6.292,,,,,25.3,,,,,0.061,,,,
,15,,,,,6.345,,,,,25.4,,,,,0.053,,,,
,16,,,,,6.402,,,,,25.4,,,,,0.057,,,,
,17,,,,,6.457,,,,,25.4,,,,,0.055,,,,
,18,,,,,6.509,,,,,25.4,,,,,0.052,,,,
,19,,,,,6.560,,,,,25.4,,,,,0.051,,,,
,20,,,,,6.608,,,,,25.4,,,,,0.048,,,,
,21,,,,,6.653,,,,,25.4,,,,,0.045,,,,
,22,,,,,6.692,,,,,25.4,,,,,0.039,,,,
,23,,,,,6.734,,,,,25.4,,,,,0.042,,,,
,24,,,,,6.772,,,,,25.4,,,,,0.038,,,,
,25,,,,,6.809,,,,,25.4,,,,,0.037,,,,
,26,,,,,6.847,,,,,25.4,,,,,0.038,,,,
,27,,,,,6.885,,,,,25.4,,,,,0.038,,,,
,28,,,,,6.920,,,,,25.4,,,,,0.035,,,,
,29,,,,,6.950,,,,,25.4,,,,,0.030,,,,
,30,,,,,6.978,,,,,25.4,,,,,0.028,,,,
,31,,,,,7.007,,,,,25.4,,,,,0.029,,,,
,32,,,,,7.034,,,,,25.4,,,,,0.027,,,,
,33,,,,,7.061,,,,,25.4,,,,,0.027,,,,
,34,,,,,7.082,,,,,25.4,,,,,0.021,,,,
,35,,,,,7.105,,,,,25.4,,,,,0.023,,,,
,36,,,,,7.131,,,,,25.4,,,,,0.026,,,,
,37,,,,,7.156,,,,,25.4,,,,,0.025,,,,
,38,,,,,7.179,,,,,25.4,,,,,0.023,,,,
,39,,,,,7.199,,,,,25.4,,,,,0.020,,,,
,40,,,,,7.219,,,,,25.4,,,,,0.020,,,,
,41,,,,,7.238,,,,,25.4,,,,,0.019,,,,
,42,,,,,7.255,,,,,25.4,,,,,0.017,,,,
,43,,,,,7.270,,,,,25.4,,,,,0.015,,,,
,44,,,,,7.286,,,,,25.4,,,,,0.016,,,,
,45,,,,,7.302,,,,,25.4,,,,,0.016,,,,
,46,,,,,7.316,,,,,25.4,,,,,0.014,,,,
,47,,,,,7.330,,,,,25.4,,,,,0.014,,,,
,48,,,,,7.342,,,,,25.4,,,,,0.012,,,,
,49,,,,,7.355,,,,,25.4,,,,,0.013,,,,
,50,,,,,7.365,,,,,25.4,,,,,0.010,,,,
,51,,,,,7.377,,,,,25.4,,,,,0.012,,,,
,52,,,,,7.388,,,,,25.4,,,,,0.011,,,,
,53,,,,,7.398,,,,,25.4,,,,,0.010,,,,
,54,,,,,7.408,,,,,25.4,,,,,0.010,,,,
,55,,,,,7.417,,,,,25.4,,,,,0.009,,,,
,56,,,,,7.427,,,,,25.4,,,,,0.010,,,,
,57,,,,,7.434,,,,,25.4,,,,,0.007,,,,
,58,,,,,7.442,,,,,25.4,,,,,0.008,,,,
,59,,,,,7.450,,,,,25.4,,,,,0.008,,,,
,60,,,,,7.458,,,,,25.4,,,,,0.008,,,,
Titration (EQP) [1],,,,,,,,"Scope 1/1, Sample 60/75",,,,,,,,,,,,
Measured Values,,,,,"Scope 1/1, Sample 60/75",,,,,,,,,,,,,,,
,Time,,V,,,Meas. value,,,dV,,Temp.,,,dE,,,dE/dV,,,EQP
,[s],,[mL],,,[pH],,,[mL],,[°C],,,[pH],,,[pH/mL],,,
,0,,0.00000,,,7.473,,,,,25.4,,,,,,,,,
,28,,0.08575,,,7.263,,,0.08575,,25.4,,,-0.210,,,,,,
,58,,0.12850,,,7.105,,,0.04275,,25.4,,,-0.158,,,,,,
,88,,0.15000,,,7.034,,,0.02150,,25.4,,,-0.071,,,,,,
,179,,0.19550,,,6.952,,,0.04550,,25.4,,,-0.082,,,,,,
,209,,0.24550,,,6.857,,,0.05000,,25.4,,,-0.095,,,-1.92,,,
,239,,0.29550,,,6.767,,,0.05000,,25.4,,,-0.090,,,-1.62,,,
,270,,0.34550,,,6.685,,,0.05000,,25.4,,,-0.082,,,-1.57,,,
,300,,0.39550,,,6.608,,,0.05000,,25.4,,,-0.077,,,-1.50,,,
,330,,0.44550,,,6.537,,,0.05000,,25.4,,,-0.071,,,-1.39,,,
,360,,0.49550,,,6.468,,,0.05000,,25.4,,,-0.069,,,-1.32,,,
,390,,0.54550,,,6.403,,,0.05000,,25.4,,,-0.065,,,-1.27,,,
,421,,0.59550,,,6.341,,,0.05000,,25.4,,,-0.062,,,-1.23,,,
,451,,0.64550,,,6.282,,,0.05000,,25.4,,,-0.059,,,-1.21,,,
,481,,0.69550,,,6.219,,,0.05000,,25.4,,,-0.063,,,-1.21,,,
,511,,0.74550,,,6.159,,,0.05000,,25.4,,,-0.060,,,-1.22,,,
,542,,0.79550,,,6.098,,,0.05000,,25.4,,,-0.061,,,-1.26,,,
,572,,0.84550,,,6.034,,,0.05000,,25.4,,,-0.064,,,-1.31,,,
,602,,0.89550,,,5.965,,,0.05000,,25.4,,,-0.069,,,-1.37,,,
,632,,0.94550,,,5.895,,,0.05000,,25.4,,,-0.070,,,-1.45,,,
,662,,0.99550,,,5.819,,,0.05000,,25.4,,,-0.076,,,-1.57,,,
,693,,1.04550,,,5.733,,,0.05000,,25.4,,,-0.086,,,-1.77,,,
,723,,1.09550,,,5.640,,,0.05000,,25.4,,,-0.093,,,-2.08,,,
,753,,1.14550,,,5.526,,,0.05000,,25.4,,,-0.114,,,-2.56,,,
,783,,1.19550,,,5.385,,,0.05000,,25.4,,,-0.141,,,-3.34,,,
,814,,1.24200,,,5.216,,,0.04650,,25.4,,,-0.169,,,-4.45,,,
,844,,1.27075,,,5.083,,,0.02875,,25.4,,,-0.133,,,-5.36,,,
,874,,1.29375,,,4.951,,,0.02300,,25.4,,,-0.132,,,-6.15,,,
,904,,1.31275,,,4.820,,,0.01900,,25.4,,,-0.131,,,-6.87,,,
,935,,1.32925,,,4.693,,,0.01650,,25.4,,,-0.127,,,-7.59,,,
,,,1.343787 ???,,,4.569 ???,,,,,,,,,,,,,,EQP
,965,,1.34500,,,4.559,,,0.01575,,25.4,,,-0.134,,,-8.05,,,
,995,,1.35950,,,4.437,,,0.01450,,25.4,,,-0.122,,,-7.67,,,
,1025,,1.37575,,,4.310,,,0.01625,,25.4,,,-0.127,,,-6.88,,,
,1056,,1.39425,,,4.182,,,0.01850,,25.4,,,-0.128,,,-6.11,,,
,1086,,1.41675,,,4.055,,,0.02250,,25.4,,,-0.127,,,-5.27,,,
,1116,,1.44625,,,3.921,,,0.02950,,25.4,,,-0.134,,,-4.28,,,
,1146,,1.48325,,,3.790,,,0.03700,,25.4,,,-0.131,,,-3.32,,,
,1177,,1.53225,,,3.659,,,0.04900,,25.4,,,-0.131,,,-2.45,,,
,1207,,1.58225,,,3.554,,,0.05000,,25.5,,,-0.105,,,-1.90,,,
,1237,,1.63225,,,3.469,,,0.05000,,25.4,,,-0.085,,,-1.54,,,
,1267,,1.68225,,,3.397,,,0.05000,,25.4,,,-0.072,,,-1.31,,,
,1298,,1.73225,,,3.335,,,0.05000,,25.4,,,-0.062,,,-1.14,,,
,1328,,1.78225,,,3.281,,,0.05000,,25.4,,,-0.054,,,-1.01,,,
,1358,,1.83225,,,3.233,,,0.05000,,25.4,,,-0.048,,,-0.91,,,
,1388,,1.88225,,,3.189,,,0.05000,,25.4,,,-0.044,,,-0.82,,,
,1418,,1.93225,,,3.150,,,0.05000,,25.4,,,-0.039,,,-0.75,,,
,1449,,1.98225,,,3.113,,,0.05000,,25.4,,,-0.037,,,,,,
,1479,,2.03225,,,3.080,,,0.05000,,25.5,,,-0.033,,,,,,
,1509,,2.08225,,,3.049,,,0.05000,,25.5,,,-0.031,,,,,,
,1540,,2.13225,,,3.020,,,0.05000,,25.4,,,-0.029,,,,,,
,1570,,2.18225,,,2.993,,,0.05000,,25.4,,,-0.027,,,,,,
Measure (normal) [1],,,,,,,,"Scope 1/1, Sample 61/75",,,,,,,,,,,,
Measured Values,,,,,"Scope 1/1, Sample 61/75",,,,,,,,,,,,,,,
,Time,,,,,Meas. value,,,,,Temp.,,,,,dE,,,,
,[s],,,,,[pH],,,,,[°C],,,,,[pH],,,,
,1,,,,,4.767,,,,,23.9,,,,,,,,,
,2,,,,,5.022,,,,,24.1,,,,,0.255,,,,
,3,,,,,5.254,,,,,24.3,,,,,0.232,,,,
,4,,,,,5.432,,,,,24.5,,,,,0.178,,,,
,5,,,,,5.573,,,,,24.7,,,,,0.141,,,,
,6,,,,,5.697,,,,,24.9,,,,,0.124,,,,
,7,,,,,5.805,,,,,25.0,,,,,0.108,,,,
,8,,,,,5.893,,,,,25.1,,,,,0.088,,,,
,9,,,,,5.985,,,,,25.2,,,,,0.092,,,,
,10,,,,,6.073,,,,,25.3,,,,,0.088,,,,
,11,,,,,6.155,,,,,25.3,,,,,0.082,,,,
,12,,,,,6.232,,,,,25.3,,,,,0.077,,,,
,13,,,,,6.307,,,,,25.4,,,,,0.075,,,,
,14,,,,,6.377,,,,,25.4,,,,,0.070,,,,
,15,,,,,6.437,,,,,25.4,,,,,0.060,,,,
,16,,,,,6.501,,,,,25.4,,,,,0.064,,,,
,17,,,,,6.564,,,,,25.4,,,,,0.063,,,,
,18,,,,,6.624,,,,,25.4,,,,,0.060,,,,
,19,,,,,6.681,,,,,25.5,,,,,0.057,,,,
,20,,,,,6.735,,,,,25.5,,,,,0.054,,,,
,21,,,,,6.787,,,,,25.5,,,,,0.052,,,,
,22,,,,,6.833,,,,,25.5,,,,,0.046,,,,
,23,,,,,6.883,,,,,25.5,,,,,0.050,,,,
,24,,,,,6.930,,,,,25.5,,,,,0.047,,,,
,25,,,,,6.971,,,,,25.5,,,,,0.041,,,,
,26,,,,,7.009,,,,,25.5,,,,,0.038,,,,
,27,,,,,7.047,,,,,25.5,,,,,0.038,,,,
,28,,,,,7.079,,,,,25.5,,,,,0.032,,,,
,29,,,,,7.107,,,,,25.5,,,,,0.028,,,,
,30,,,,,7.144,,,,,25.5,,,,,0.037,,,,
,31,,,,,7.176,,,,,25.5,,,,,0.032,,,,
,32,,,,,7.207,,,,,25.5,,,,,0.031,,,,
,33,,,,,7.235,,,,,25.5,,,,,0.028,,,,
,34,,,,,7.261,,,,,25.5,,,,,0.026,,,,
,35,,,,,7.286,,,,,25.5,,,,,0.025,,,,
,36,,,,,7.307,,,,,25.5,,,,,0.021,,,,
,37,,,,,7.329,,,,,25.5,,,,,0.022,,,,
,38,,,,,7.349,,,,,25.5,,,,,0.020,,,,
,39,,,,,7.369,,,,,25.5,,,,,0.020,,,,
,40,,,,,7.387,,,,,25.5,,,,,0.018,,,,
,41,,,,,7.406,,,,,25.5,,,,,0.019,,,,
,42,,,,,7.422,,,,,25.5,,,,,0.016,,,,
,43,,,,,7.436,,,,,25.5,,,,,0.014,,,,
,44,,,,,7.451,,,,,25.5,,,,,0.015,,,,
,45,,,,,7.466,,,,,25.5,,,,,0.015,,,,
,46,,,,,7.479,,,,,25.5,,,,,0.013,,,,
,47,,,,,7.491,,,,,25.5,,,,,0.012,,,,
,48,,,,,7.503,,,,,25.5,,,,,0.012,,,,
,49,,,,,7.515,,,,,25.5,,,,,0.012,,,,
,50,,,,,7.525,,,,,25.5,,,,,0.010,,,,
,51,,,,,7.534,,,,,25.5,,,,,0.009,,,,
,52,,,,,7.544,,,,,25.5,,,,,0.010,,,,
,53,,,,,7.552,,,,,25.5,,,,,0.008,,,,
,54,,,,,7.561,,,,,25.5,,,,,0.009,,,,
,55,,,,,7.569,,,,,25.5,,,,,0.008,,,,
,56,,,,,7.576,,,,,25.5,,,,,0.007,,,,
,57,,,,,7.582,,,,,25.5,,,,,0.006,,,,
,58,,,,,7.590,,,,,25.5,,,,,0.008,,,,
,59,,,,,7.595,,,,,25.5,,,,,0.005,,,,
,60,,,,,7.601,,,,,25.5,,,,,0.006,,,,
Titration (EQP) [1],,,,,,,,"Scope 1/1, Sample 61/75",,,,,,,,,,,,
Measured Values,,,,,"Scope 1/1, Sample 61/75",,,,,,,,,,,,,,,
,Time,,V,,,Meas. value,,,dV,,Temp.,,,dE,,,dE/dV,,,EQP
,[s],,[mL],,,[pH],,,[mL],,[°C],,,[pH],,,[pH/mL],,,
,0,,0.00000,,,7.613,,,,,25.5,,,,,,,,,
,28,,0.08575,,,7.326,,,0.08575,,25.5,,,-0.287,,,,,,
,58,,0.12850,,,7.150,,,0.04275,,25.5,,,-0.176,,,,,,
,88,,0.15000,,,7.064,,,0.02150,,25.5,,,-0.086,,,,,,
,179,,0.18600,,,6.987,,,0.03600,,25.5,,,-0.077,,,,,,
,209,,0.23600,,,6.894,,,0.05000,,25.5,,,-0.093,,,-2.08,,,
,239,,0.28600,,,6.798,,,0.05000,,25.5,,,-0.096,,,-1.73,,,
,269,,0.33600,,,6.708,,,0.05000,,25.5,,,-0.090,,,-1.66,,,
,300,,0.38600,,,6.626,,,0.05000,,25.5,,,-0.082,,,-1.58,,,
,330,,0.43600,,,6.552,,,0.05000,,25.5,,,-0.074,,,-1.48,,,
,360,,0.48600,,,6.478,,,0.05000,,25.5,,,-0.074,,,-1.38,,,
,390,,0.53600,,,6.413,,,0.05000,,25.5,,,-0.065,,,-1.31,,,
,421,,0.58600,,,6.348,,,0.05000,,25.5,,,-0.065,,,-1.28,,,
,451,,0.63600,,,6.284,,,0.05000,,25.5,,,-0.064,,,-1.25,,,
,481,,0.68600,,,6.222,,,0.05000,,25.5,,,-0.062,,,-1.24,,,
,511,,0.73600,,,6.160,,,0.05000,,25.5,,,-0.062,,,-1.26,,,
,542,,0.78600,,,6.095,,,0.05000,,25.5,,,-0.065,,,-1.29,,,
,572,,0.83600,,,6.030,,,0.05000,,25.5,,,-0.065,,,-1.34,,,
,602,,0.88600,,,5.960,,,0.05000,,25.5,,,-0.070,,,-1.41,,,
,632,,0.93600,,,5.886,,,0.05000,,25.5,,,-0.074,,,-1.51,,,
,662,,0.98600,,,5.807,,,0.05000,,25.5,,,-0.079,,,-1.66,,,
,693,,1.03600,,,5.719,,,0.05000,,25.5,,,-0.088,,,-1.89,,,
,723,,1.08600,,,5.613,,,0.05000,,25.5,,,-0.106,,,-2.25,,,
,753,,1.13600,,,5.493,,,0.05000,,25.5,,,-0.120,,,-2.83,,,
,784,,1.18600,,,5.337,,,0.05000,,25.5,,,-0.156,,,-3.77,,,
,814,,1.22375,,,5.187,,,0.03775,,25.5,,,-0.150,,,-4.80,,,
,844,,1.25050,,,5.052,,,0.02675,,25.5,,,-0.135,,,-5.71,,,
,874,,1.27200,,,4.919,,,0.02150,,25.5,,,-0.133,,,-6.53,,,
,904,,1.28975,,,4.789,,,0.01775,,25.5,,,-0.130,,,-7.24,,,
,935,,1.30525,,,4.660,,,0.01550,,25.5,,,-0.129,,,-8.00,,,
,,,1.316922 ???,,,4.560 ???,,,,,,,,,,,,,,EQP
,965,,1.31975,,,4.536,,,0.01450,,25.5,,,-0.124,,,-8.25,,,
,995,,1.33500,,,4.405,,,0.01525,,25.5,,,-0.131,,,-7.70,,,
,1026,,1.35075,,,4.281,,,0.01575,,25.5,,,-0.124,,,-6.89,,,
,1056,,1.36975,,,4.152,,,0.01900,,25.5,,,-0.129,,,-6.08,,,
,1086,,1.39300,,,4.023,,,0.02325,,25.5,,,-0.129,,,-5.18,,,
,1116,,1.42300,,,3.891,,,0.03000,,25.5,,,-0.132,,,-4.17,,,
,1146,,1.46150,,,3.760,,,0.03850,,25.5,,,-0.131,,,-3.20,,,
,1177,,1.51150,,,3.631,,,0.05000,,25.5,,,-0.129,,,-2.35,,,
,1207,,1.56150,,,3.530,,,0.05000,,25.5,,,-0.101,,,-1.83,,,
,1237,,1.61150,,,3.447,,,0.05000,,25.5,,,-0.083,,,-1.50,,,
,1267,,1.66150,,,3.377,,,0.05000,,25.5,,,-0.070,,,-1.28,,,
,1298,,1.71150,,,3.316,,,0.05000,,25.5,,,-0.061,,,-1.12,,,
,1328,,1.76150,,,3.263,,,0.05000,,25.5,,,-0.053,,,-1.00,,,
,1358,,1.81150,,,3.215,,,0.05000,,25.5,,,-0.048,,,-0.90,,,
,1388,,1.86150,,,3.173,,,0.05000,,25.5,,,-0.042,,,-0.81,,,
,1419,,1.91150,,,3.134,,,0.05000,,25.5,,,-0.039,,,-0.75,,,
,1449,,1.96150,,,3.097,,,0.05000,,25.5,,,-0.037,,,,,,
,1479,,2.01150,,,3.064,,,0.05000,,25.5,,,-0.033,,,,,,
,1509,,2.06150,,,3.034,,,0.05000,,25.5,,,-0.030,,,,,,
,1540,,2.11150,,,3.005,,,0.05000,,25.5,,,-0.029,,,,,,
,1570,,2.16150,,,2.978,,,0.05000,,25.5,,,-0.027,,,,,,
Measure (normal) [1],,,,,,,,"Scope 1/1, Sample 62/75",,,,,,,,,,,,
Measured Values,,,,,"Scope 1/1, Sample 62/75",,,,,,,,,,,,,,,
,Time,,,,,Meas. value,,,,,Temp.,,,,,dE,,,,
,[s],,,,,[pH],,,,,[°C],,,,,[pH],,,,
,1,,,,,4.781,,,,,24.1,,,,,,,,,
,2,,,,,5.046,,,,,24.2,,,,,0.265,,,,
,3,,,,,5.288,,,,,24.4,,,,,0.242,,,,
,4,,,,,5.483,,,,,24.6,,,,,0.195,,,,
,5,,,,,5.640,,,,,24.8,,,,,0.157,,,,
,6,,,,,5.777,,,,,25.0,,,,,0.137,,,,
,7,,,,,5.899,,,,,25.1,,,,,0.122,,,,
,8,,,,,6.003,,,,,25.2,,,,,0.104,,,,
,9,,,,,6.110,,,,,25.2,,,,,0.107,,,,
,10,,,,,6.210,,,,,25.3,,,,,0.100,,,,
,11,,,,,6.306,,,,,25.3,,,,,0.096,,,,
,12,,,,,6.398,,,,,25.4,,,,,0.092,,,,
,13,,,,,6.486,,,,,25.4,,,,,0.088,,,,
,14,,,,,6.569,,,,,25.4,,,,,0.083,,,,
,15,,,,,6.640,,,,,25.4,,,,,0.071,,,,
,16,,,,,6.715,,,,,25.4,,,,,0.075,,,,
,17,,,,,6.786,,,,,25.5,,,,,0.071,,,,
,18,,,,,6.854,,,,,25.5,,,,,0.068,,,,
,19,,,,,6.921,,,,,25.5,,,,,0.067,,,,
,20,,,,,6.979,,,,,25.5,,,,,0.058,,,,
,21,,,,,7.034,,,,,25.5,,,,,0.055,,,,
,22,,,,,7.077,,,,,25.5,,,,,0.043,,,,
,23,,,,,7.128,,,,,25.5,,,,,0.051,,,,
,24,,,,,7.178,,,,,25.5,,,,,0.050,,,,
,25,,,,,7.222,,,,,25.5,,,,,0.044,,,,
,26,,,,,7.261,,,,,25.5,,,,,0.039,,,,
,27,,,,,7.298,,,,,25.5,,,,,0.037,,,,
,28,,,,,7.329,,,,,25.5,,,,,0.031,,,,
,29,,,,,7.363,,,,,25.5,,,,,0.034,,,,
,30,,,,,7.394,,,,,25.5,,,,,0.031,,,,
,31,,,,,7.421,,,,,25.5,,,,,0.027,,,,
,32,,,,,7.447,,,,,25.5,,,,,0.026,,,,
,33,,,,,7.472,,,,,25.5,,,,,0.025,,,,
,34,,,,,7.494,,,,,25.5,,,,,0.022,,,,
,35,,,,,7.513,,,,,25.5,,,,,0.019,,,,
,36,,,,,7.533,,,,,25.5,,,,,0.020,,,,
,37,,,,,7.551,,,,,25.5,,,,,0.018,,,,
,38,,,,,7.568,,,,,25.5,,,,,0.017,,,,
,39,,,,,7.583,,,,,25.5,,,,,0.015,,,,
,40,,,,,7.598,,,,,25.5,,,,,0.015,,,,
,41,,,,,7.612,,,,,25.5,,,,,0.014,,,,
,42,,,,,7.623,,,,,25.5,,,,,0.011,,,,
,43,,,,,7.635,,,,,25.5,,,,,0.012,,,,
,44,,,,,7.646,,,,,25.5,,,,,0.011,,,,
,45,,,,,7.656,,,,,25.5,,,,,0.010,,,,
,46,,,,,7.665,,,,,25.5,,,,,0.009,,,,
,47,,,,,7.674,,,,,25.5,,,,,0.009,,,,
,48,,,,,7.682,,,,,25.5,,,,,0.008,,,,
,49,,,,,7.688,,,,,25.5,,,,,0.006,,,,
,50,,,,,7.695,,,,,25.5,,,,,0.007,,,,
,51,,,,,7.702,,,,,25.5,,,,,0.007,,,,
,52,,,,,7.708,,,,,25.5,,,,,0.006,,,,
,53,,,,,7.712,,,,,25.5,,,,,0.004,,,,
,54,,,,,7.716,,,,,25.5,,,,,0.004,,,,
,55,,,,,7.721,,,,,25.5,,,,,0.005,,,,
,56,,,,,7.725,,,,,25.5,,,,,0.004,,,,
,57,,,,,7.729,,,,,25.5,,,,,0.004,,,,
,58,,,,,7.733,,,,,25.5,,,,,0.004,,,,
,59,,,,,7.736,,,,,25.5,,,,,0.003,,,,
,60,,,,,7.739,,,,,25.5,,,,,0.003,,,,
Titration (EQP) [1],,,,,,,,"Scope 1/1, Sample 62/75",,,,,,,,,,,,
Measured Values,,,,,"Scope 1/1, Sample 62/75",,,,,,,,,,,,,,,
,Time,,V,,,Meas. value,,,dV,,Temp.,,,dE,,,dE/dV,,,EQP
,[s],,[mL],,,[pH],,,[mL],,[°C],,,[pH],,,[pH/mL],,,
,0,,0.00000,,,7.746,,,,,25.5,,,,,,,,,
,28,,0.08575,,,7.408,,,0.08575,,25.5,,,-0.338,,,,,,
,58,,0.12850,,,7.226,,,0.04275,,25.5,,,-0.182,,,,,,
,88,,0.15000,,,7.144,,,0.02150,,25.5,,,-0.082,,,,,,
,179,,0.19050,,,7.063,,,0.04050,,25.5,,,-0.081,,,,,,
,209,,0.24050,,,6.965,,,0.05000,,25.5,,,-0.098,,,-1.99,,,
,239,,0.29050,,,6.870,,,0.05000,,25.5,,,-0.095,,,-1.67,,,
,270,,0.34050,,,6.786,,,0.05000,,25.5,,,-0.084,,,-1.59,,,
,300,,0.39050,,,6.709,,,0.05000,,25.5,,,-0.077,,,-1.49,,,
,330,,0.44050,,,6.637,,,0.05000,,25.5,,,-0.072,,,-1.37,,,
,360,,0.49050,,,6.571,,,0.05000,,25.5,,,-0.066,,,-1.27,,,
,390,,0.54050,,,6.511,,,0.05000,,25.5,,,-0.060,,,-1.20,,,
,421,,0.59050,,,6.451,,,0.05000,,25.5,,,-0.060,,,-1.14,,,
,451,,0.64050,,,6.395,,,0.05000,,25.5,,,-0.056,,,-1.11,,,
,481,,0.69050,,,6.340,,,0.05000,,25.5,,,-0.055,,,-1.08,,,
,511,,0.74050,,,6.287,,,0.05000,,25.5,,,-0.053,,,-1.07,,,
,542,,0.79050,,,6.234,,,0.05000,,25.5,,,-0.053,,,-1.06,,,
,572,,0.84050,,,6.179,,,0.05000,,25.5,,,-0.055,,,-1.07,,,
,602,,0.89050,,,6.126,,,0.05000,,25.5,,,-0.053,,,-1.08,,,
,632,,0.94050,,,6.072,,,0.05000,,25.5,,,-0.054,,,-1.12,,,
,663,,0.99050,,,6.015,,,0.05000,,25.5,,,-0.057,,,-1.16,,,
,693,,1.04050,,,5.955,,,0.05000,,25.5,,,-0.060,,,-1.23,,,
,723,,1.09050,,,5.891,,,0.05000,,25.5,,,-0.064,,,-1.31,,,
,753,,1.14050,,,5.821,,,0.05000,,25.5,,,-0.070,,,-1.42,,,
,784,,1.19050,,,5.747,,,0.05000,,25.5,,,-0.074,,,-1.57,,,
,814,,1.24050,,,5.661,,,0.05000,,25.5,,,-0.086,,,-1.81,,,
,844,,1.29050,,,5.563,,,0.05000,,25.4,,,-0.098,,,-2.16,,,
,874,,1.34050,,,5.445,,,0.05000,,25.5,,,-0.118,,,-2.72,,,
,905,,1.39050,,,5.295,,,0.05000,,25.4,,,-0.150,,,-3.62,,,
,935,,1.43175,,,5.135,,,0.04125,,25.4,,,-0.160,,,-4.68,,,
,965,,1.45850,,,5.003,,,0.02675,,25.4,,,-0.132,,,-5.54,,,
,995,,1.48000,,,4.873,,,0.02150,,25.4,,,-0.130,,,-6.27,,,
,1026,,1.49850,,,4.742,,,0.01850,,25.4,,,-0.131,,,-6.96,,,
,1056,,1.51475,,,4.615,,,0.01625,,25.4,,,-0.127,,,-7.63,,,
,,,1.525260 ???,,,4.528 ???,,,,,,,,,,,,,,EQP
,1086,,1.53025,,,4.487,,,0.01550,,25.4,,,-0.128,,,-7.76,,,
,1116,,1.54600,,,4.360,,,0.01575,,25.4,,,-0.127,,,-7.15,,,
,1146,,1.56325,,,4.235,,,0.01725,,25.4,,,-0.125,,,-6.40,,,
,1177,,1.58400,,,4.106,,,0.02075,,25.4,,,-0.129,,,-5.62,,,
,1207,,1.60950,,,3.976,,,0.02550,,25.4,,,-0.130,,,-4.74,,,
,1237,,1.64200,,,3.847,,,0.03250,,25.4,,,-0.129,,,-3.79,,,
,1268,,1.68600,,,3.711,,,0.04400,,25.4,,,-0.136,,,-2.85,,,
,1298,,1.73600,,,3.593,,,0.05000,,25.4,,,-0.118,,,-2.14,,,
,1328,,1.78600,,,3.499,,,0.05000,,25.4,,,-0.094,,,-1.70,,,
,1358,,1.83600,,,3.421,,,0.05000,,25.4,,,-0.078,,,-1.42,,,
,1388,,1.88600,,,3.355,,,0.05000,,25.4,,,-0.066,,,-1.22,,,
,1419,,1.93600,,,3.297,,,0.05000,,25.4,,,-0.058,,,-1.07,,,
,1449,,1.98600,,,3.245,,,0.05000,,25.4,,,-0.052,,,-0.96,,,
,1479,,2.03600,,,3.200,,,0.05000,,25.4,,,-0.045,,,-0.87,,,
,1510,,2.08600,,,3.158,,,0.05000,,25.4,,,-0.042,,,-0.79,,,
,1540,,2.13600,,,3.120,,,0.05000,,25.4,,,-0.038,,,,,,
,1570,,2.18600,,,3.086,,,0.05000,,25.4,,,-0.034,,,,,,
,1600,,2.23600,,,3.054,,,0.05000,,25.4,,,-0.032,,,,,,
,1630,,2.28600,,,3.023,,,0.05000,,25.4,,,-0.031,,,,,,
,1661,,2.33600,,,2.995,,,0.05000,,25.4,,,-0.028,,,,,,
Measure (normal) [1],,,,,,,,"Scope 1/1, Sample 63/75",,,,,,,,,,,,
(9),,Standard evaluation used,,,,,,,,,,,,,,,,,,
(12),,Unfinished sample,,,,,,,,,,,,,,,,,,
(15),,Termination due to error,,,,,,,,,,,,,,,,,,
2/6/2025 11:46:21 AM,,,,,SystemInternal,,,,,,,,,,,,,1/1,,
