Titration Report - short,,,,,,,,,,,,,,,,,,,,
Main Results,,,,,,,,,,,,,,,,,,,,
Sample ID 1,,,,,,,,,,,,Result,,,,,,,,
GCW_SW_T81,,,,,,,,,,,,2.7428 mmol/L,,,,,,,,
GCW_SW_T82,,,,,,,,,,,,3.0366 mmol/L,,,,,,,,
GCW_SW_T83,,,,,,,,,,,,3.4055 mmol/L,,,,,,,,
GCW_SW_T83_dup,,,,,,,,,,,,3.3758 mmol/L,,,,,,,,
crm-215-0935-8,,,,,,,,,,,,2.1988 mmol/L,,,,,,,,
GCW_SW_T84,,,,,,,,,,,,3.4823 mmol/L,,,,,,,,
GCW_SW_T85,,,,,,,,,,,,3.3445 mmol/L,,,,,,,,
GCW_SW_T86,,,,,,,,,,,,3.4174 mmol/L,,,,,,,,
GCW_SW_T87,,,,,,,,,,,,2.2512 mmol/L,,,,,,,,
GCW_SW_T88,,,,,,,,,,,,2.1322 mmol/L,,,,,,,,
GCW_SW_T89,,,,,,,,,,,,2.0189 mmol/L,,,,,,,,
GCW_SW_T90,,,,,,,,,,,,1.9722 mmol/L,,,,,,,,
GCW_SW_T91,,,,,,,,,,,,2.0177 mmol/L,,,,,,,,
GCW_SW_T92,,,,,,,,,,,,2.0034 mmol/L,,,,,,,,
GCW_SW_T93,,,,,,,,,,,,2.0269 mmol/L,,,,,,,,
GCW_SW_T94,,,,,,,,,,,,2.0497 mmol/L,,,,,,,,
GCW_SW_T94_dup,,,,,,,,,,,,2.0718 mmol/L,,,,,,,,
crm-215-0935-8,,,,,,,,,,,,2.2027 mmol/L,,,,,,,,
GCW_SW_T61_redo,,,,,,,,,,,,NaN mmol/L,,,,,,,,
GCW_SW_20240718_1400_Pair,,,,,,,,,,,,2.2180 mmol/L,,,,,,,,
GCW_SW_20240718_1300_Pair,,,,,,,,,,,,2.1977 mmol/L,,,,,,,,
crm-215-0935-9,,,,,,,,,,,,2.1931 mmol/L,,,,,,,,
crm-215-0935-10,,,,,,,,,,,,2.1914 mmol/L,,,,,,,,
Measure (normal) [1],,,,,,,,"Scope 1/1, Sample 1/23",,,,,,,,,,,,
Measured Values,,,,,"Scope 1/1, Sample 1/23",,,,,,,,,,,,,,,
,Time,,,,,Meas. value,,,,,Temp.,,,,,dE,,,,
,[s],,,,,[pH],,,,,[°C],,,,,[pH],,,,
,1,,,,,4.658,,,,,19.9,,,,,,,,,
,2,,,,,5.027,,,,,20.4,,,,,0.369,,,,
,3,,,,,5.329,,,,,21.0,,,,,0.302,,,,
,4,,,,,5.578,,,,,21.7,,,,,0.249,,,,
,5,,,,,5.804,,,,,22.4,,,,,0.226,,,,
,6,,,,,6.014,,,,,22.9,,,,,0.210,,,,
,7,,,,,6.211,,,,,23.3,,,,,0.197,,,,
,8,,,,,6.377,,,,,23.6,,,,,0.166,,,,
,9,,,,,6.552,,,,,23.9,,,,,0.175,,,,
,10,,,,,6.714,,,,,24.1,,,,,0.162,,,,
,11,,,,,6.860,,,,,24.3,,,,,0.146,,,,
,12,,,,,6.993,,,,,24.4,,,,,0.133,,,,
,13,,,,,7.109,,,,,24.5,,,,,0.116,,,,
,14,,,,,7.224,,,,,24.6,,,,,0.115,,,,
,15,,,,,7.324,,,,,24.6,,,,,0.100,,,,
,16,,,,,7.406,,,,,24.7,,,,,0.082,,,,
,17,,,,,7.486,,,,,24.7,,,,,0.080,,,,
,18,,,,,7.558,,,,,24.7,,,,,0.072,,,,
,19,,,,,7.623,,,,,24.8,,,,,0.065,,,,
,20,,,,,7.680,,,,,24.8,,,,,0.057,,,,
,21,,,,,7.729,,,,,24.8,,,,,0.049,,,,
,22,,,,,7.773,,,,,24.8,,,,,0.044,,,,
,23,,,,,7.809,,,,,24.8,,,,,0.036,,,,
,24,,,,,7.844,,,,,24.8,,,,,0.035,,,,
,25,,,,,7.874,,,,,24.8,,,,,0.030,,,,
,26,,,,,7.901,,,,,24.8,,,,,0.027,,,,
,27,,,,,7.925,,,,,24.8,,,,,0.024,,,,
,28,,,,,7.946,,,,,24.8,,,,,0.021,,,,
,29,,,,,7.964,,,,,24.8,,,,,0.018,,,,
,30,,,,,7.979,,,,,24.8,,,,,0.015,,,,
,31,,,,,7.994,,,,,24.8,,,,,0.015,,,,
,32,,,,,8.006,,,,,24.8,,,,,0.012,,,,
,33,,,,,8.017,,,,,24.8,,,,,0.011,,,,
,34,,,,,8.028,,,,,24.9,,,,,0.011,,,,
,35,,,,,8.037,,,,,24.9,,,,,0.009,,,,
,36,,,,,8.045,,,,,24.9,,,,,0.008,,,,
,37,,,,,8.051,,,,,24.9,,,,,0.006,,,,
,38,,,,,8.057,,,,,24.9,,,,,0.006,,,,
,39,,,,,8.062,,,,,24.9,,,,,0.005,,,,
,40,,,,,8.067,,,,,24.9,,,,,0.005,,,,
,41,,,,,8.071,,,,,24.9,,,,,0.004,,,,
,42,,,,,8.075,,,,,24.9,,,,,0.004,,,,
,43,,,,,8.079,,,,,24.9,,,,,0.004,,,,
,44,,,,,8.082,,,,,24.9,,,,,0.003,,,,
,45,,,,,8.084,,,,,24.9,,,,,0.002,,,,
,46,,,,,8.087,,,,,24.9,,,,,0.003,,,,
,47,,,,,8.089,,,,,24.9,,,,,0.002,,,,
,48,,,,,8.091,,,,,24.9,,,,,0.002,,,,
,49,,,,,8.093,,,,,24.9,,,,,0.002,,,,
,50,,,,,8.095,,,,,24.9,,,,,0.002,,,,
,51,,,,,8.096,,,,,24.9,,,,,0.001,,,,
,52,,,,,8.098,,,,,24.9,,,,,0.002,,,,
,53,,,,,8.099,,,,,24.9,,,,,0.001,,,,
,54,,,,,8.100,,,,,24.9,,,,,0.001,,,,
,55,,,,,8.101,,,,,24.9,,,,,0.001,,,,
,56,,,,,8.102,,,,,24.9,,,,,0.001,,,,
,57,,,,,8.103,,,,,24.9,,,,,0.001,,,,
,58,,,,,8.104,,,,,24.9,,,,,0.001,,,,
,59,,,,,8.105,,,,,24.9,,,,,0.001,,,,
,60,,,,,8.105,,,,,24.9,,,,,0.000,,,,
Titration (EQP) [1],,,,,,,,"Scope 1/1, Sample 1/23",,,,,,,,,,,,
Measured Values,,,,,"Scope 1/1, Sample 1/23",,,,,,,,,,,,,,,
,Time,,V,,,Meas. value,,,dV,,Temp.,,,dE,,,dE/dV,,,EQP
,[s],,[mL],,,[pH],,,[mL],,[°C],,,[pH],,,[pH/mL],,,
,0,,0.00000,,,8.106,,,,,24.9,,,,,,,,,
,28,,0.08575,,,7.756,,,0.08575,,24.9,,,-0.350,,,,,,
,58,,0.12850,,,7.490,,,0.04275,,24.9,,,-0.266,,,,,,
,88,,0.15000,,,7.380,,,0.02150,,25.0,,,-0.110,,,,,,
,179,,0.18200,,,7.280,,,0.03200,,25.0,,,-0.100,,,,,,
,209,,0.23200,,,7.144,,,0.05000,,25.1,,,-0.136,,,-2.79,,,
,239,,0.28200,,,7.028,,,0.05000,,25.1,,,-0.116,,,-2.08,,,
,270,,0.33200,,,6.929,,,0.05000,,25.1,,,-0.099,,,-1.88,,,
,300,,0.38200,,,6.835,,,0.05000,,25.1,,,-0.094,,,-1.70,,,
,330,,0.43200,,,6.755,,,0.05000,,25.1,,,-0.080,,,-1.53,,,
,360,,0.48200,,,6.683,,,0.05000,,25.1,,,-0.072,,,-1.44,,,
,390,,0.53200,,,6.616,,,0.05000,,25.1,,,-0.067,,,-1.29,,,
,421,,0.58200,,,6.553,,,0.05000,,25.2,,,-0.063,,,-1.13,,,
,451,,0.63200,,,6.494,,,0.05000,,25.2,,,-0.059,,,-1.00,,,
,481,,0.68200,,,6.439,,,0.05000,,25.2,,,-0.055,,,-0.91,,,
,511,,0.73200,,,6.418,,,0.05000,,25.2,,,-0.021,,,-0.86,,,
,542,,0.78200,,,6.369,,,0.05000,,25.2,,,-0.049,,,-0.88,,,
,572,,0.83200,,,6.319,,,0.05000,,25.2,,,-0.050,,,-0.94,,,
,602,,0.88200,,,6.268,,,0.05000,,25.2,,,-0.051,,,-1.01,,,
,632,,0.93200,,,6.217,,,0.05000,,25.2,,,-0.051,,,-1.07,,,
,663,,0.98200,,,6.164,,,0.05000,,25.2,,,-0.053,,,-1.06,,,
,693,,1.03200,,,6.111,,,0.05000,,25.2,,,-0.053,,,-1.08,,,
,723,,1.08200,,,6.057,,,0.05000,,25.2,,,-0.054,,,-1.11,,,
,753,,1.13200,,,5.999,,,0.05000,,25.2,,,-0.058,,,-1.15,,,
,784,,1.18200,,,5.941,,,0.05000,,25.2,,,-0.058,,,-1.21,,,
,814,,1.23200,,,5.878,,,0.05000,,25.2,,,-0.063,,,-1.30,,,
,844,,1.28200,,,5.809,,,0.05000,,25.2,,,-0.069,,,-1.41,,,
,874,,1.33200,,,5.734,,,0.05000,,25.2,,,-0.075,,,-1.57,,,
,904,,1.38200,,,5.648,,,0.05000,,25.2,,,-0.086,,,-1.82,,,
,935,,1.43200,,,5.550,,,0.05000,,25.2,,,-0.098,,,-2.20,,,
,965,,1.48200,,,5.429,,,0.05000,,25.3,,,-0.121,,,-2.77,,,
,995,,1.53200,,,5.277,,,0.05000,,25.3,,,-0.152,,,-3.68,,,
,1026,,1.57225,,,5.117,,,0.04025,,25.3,,,-0.160,,,-4.74,,,
,1056,,1.59800,,,4.988,,,0.02575,,25.3,,,-0.129,,,-5.55,,,
,1086,,1.61950,,,4.860,,,0.02150,,25.3,,,-0.128,,,-6.27,,,
,1116,,1.63875,,,4.724,,,0.01925,,25.3,,,-0.136,,,-6.97,,,
,1146,,1.65475,,,4.597,,,0.01600,,25.3,,,-0.127,,,-7.61,,,
,,,1.664421 ???,,,4.517 ???,,,,,,,,,,,,,,EQP
,1177,,1.67025,,,4.469,,,0.01550,,25.3,,,-0.128,,,-7.68,,,
,1207,,1.68600,,,4.345,,,0.01575,,25.3,,,-0.124,,,-7.07,,,
,1237,,1.70400,,,4.216,,,0.01800,,25.3,,,-0.129,,,-6.30,,,
,1267,,1.72500,,,4.088,,,0.02100,,25.3,,,-0.128,,,-5.53,,,
,1298,,1.75100,,,3.959,,,0.02600,,25.3,,,-0.129,,,-4.65,,,
,1328,,1.78500,,,3.826,,,0.03400,,25.2,,,-0.133,,,-3.69,,,
,1358,,1.82850,,,3.695,,,0.04350,,25.2,,,-0.131,,,-2.79,,,
,1388,,1.87850,,,3.578,,,0.05000,,25.2,,,-0.117,,,-2.12,,,
,1419,,1.92850,,,3.485,,,0.05000,,25.2,,,-0.093,,,-1.69,,,
,1449,,1.97850,,,3.408,,,0.05000,,25.2,,,-0.077,,,-1.41,,,
,1479,,2.02850,,,3.342,,,0.05000,,25.2,,,-0.066,,,-1.21,,,
,1509,,2.07850,,,3.284,,,0.05000,,25.2,,,-0.058,,,-1.07,,,
,1540,,2.12850,,,3.233,,,0.05000,,25.2,,,-0.051,,,-0.96,,,
,1570,,2.17850,,,3.188,,,0.05000,,25.2,,,-0.045,,,-0.87,,,
,1600,,2.22850,,,3.146,,,0.05000,,25.2,,,-0.042,,,-0.79,,,
,1630,,2.27850,,,3.108,,,0.05000,,25.2,,,-0.038,,,,,,
,1661,,2.32850,,,3.073,,,0.05000,,25.2,,,-0.035,,,,,,
,1691,,2.37850,,,3.041,,,0.05000,,25.2,,,-0.032,,,,,,
,1721,,2.42850,,,3.011,,,0.05000,,25.2,,,-0.030,,,,,,
,1751,,2.47850,,,2.983,,,0.05000,,25.2,,,-0.028,,,,,,
Measure (normal) [1],,,,,,,,"Scope 1/1, Sample 2/23",,,,,,,,,,,,
Measured Values,,,,,"Scope 1/1, Sample 2/23",,,,,,,,,,,,,,,
,Time,,,,,Meas. value,,,,,Temp.,,,,,dE,,,,
,[s],,,,,[pH],,,,,[°C],,,,,[pH],,,,
,1,,,,,4.795,,,,,23.5,,,,,,,,,
,2,,,,,5.133,,,,,23.7,,,,,0.338,,,,
,3,,,,,5.457,,,,,23.9,,,,,0.324,,,,
,4,,,,,5.743,,,,,24.2,,,,,0.286,,,,
,5,,,,,6.008,,,,,24.4,,,,,0.265,,,,
,6,,,,,6.259,,,,,24.6,,,,,0.251,,,,
,7,,,,,6.496,,,,,24.7,,,,,0.237,,,,
,8,,,,,6.702,,,,,24.8,,,,,0.206,,,,
,9,,,,,6.909,,,,,24.9,,,,,0.207,,,,
,10,,,,,7.091,,,,,25.0,,,,,0.182,,,,
,11,,,,,7.259,,,,,25.1,,,,,0.168,,,,
,12,,,,,7.402,,,,,25.1,,,,,0.143,,,,
,13,,,,,7.524,,,,,25.1,,,,,0.122,,,,
,14,,,,,7.627,,,,,25.2,,,,,0.103,,,,
,15,,,,,7.707,,,,,25.2,,,,,0.080,,,,
,16,,,,,7.784,,,,,25.2,,,,,0.077,,,,
,17,,,,,7.851,,,,,25.2,,,,,0.067,,,,
,18,,,,,7.908,,,,,25.2,,,,,0.057,,,,
,19,,,,,7.955,,,,,25.2,,,,,0.047,,,,
,20,,,,,7.996,,,,,25.3,,,,,0.041,,,,
,21,,,,,8.031,,,,,25.3,,,,,0.035,,,,
,22,,,,,8.057,,,,,25.3,,,,,0.026,,,,
,23,,,,,8.081,,,,,25.3,,,,,0.024,,,,
,24,,,,,8.102,,,,,25.3,,,,,0.021,,,,
,25,,,,,8.120,,,,,25.3,,,,,0.018,,,,
,26,,,,,8.136,,,,,25.3,,,,,0.016,,,,
,27,,,,,8.149,,,,,25.3,,,,,0.013,,,,
,28,,,,,8.160,,,,,25.3,,,,,0.011,,,,
,29,,,,,8.168,,,,,25.3,,,,,0.008,,,,
,30,,,,,8.177,,,,,25.3,,,,,0.009,,,,
,31,,,,,8.184,,,,,25.3,,,,,0.007,,,,
,32,,,,,8.190,,,,,25.3,,,,,0.006,,,,
,33,,,,,8.195,,,,,25.3,,,,,0.005,,,,
,34,,,,,8.200,,,,,25.3,,,,,0.005,,,,
,35,,,,,8.203,,,,,25.3,,,,,0.003,,,,
,36,,,,,8.206,,,,,25.3,,,,,0.003,,,,
,37,,,,,8.209,,,,,25.3,,,,,0.003,,,,
,38,,,,,8.212,,,,,25.3,,,,,0.003,,,,
,39,,,,,8.214,,,,,25.3,,,,,0.002,,,,
,40,,,,,8.216,,,,,25.3,,,,,0.002,,,,
,41,,,,,8.217,,,,,25.3,,,,,0.001,,,,
,42,,,,,8.219,,,,,25.3,,,,,0.002,,,,
,43,,,,,8.220,,,,,25.3,,,,,0.001,,,,
,44,,,,,8.221,,,,,25.3,,,,,0.001,,,,
,45,,,,,8.222,,,,,25.3,,,,,0.001,,,,
,46,,,,,8.224,,,,,25.3,,,,,0.002,,,,
,47,,,,,8.224,,,,,25.3,,,,,0.000,,,,
,48,,,,,8.225,,,,,25.3,,,,,0.001,,,,
,49,,,,,8.226,,,,,25.3,,,,,0.001,,,,
,50,,,,,8.226,,,,,25.3,,,,,0.000,,,,
,51,,,,,8.227,,,,,25.3,,,,,0.001,,,,
,52,,,,,8.228,,,,,25.3,,,,,0.001,,,,
,53,,,,,8.228,,,,,25.3,,,,,0.000,,,,
,54,,,,,8.228,,,,,25.3,,,,,0.000,,,,
,55,,,,,8.229,,,,,25.3,,,,,0.001,,,,
,56,,,,,8.229,,,,,25.3,,,,,0.000,,,,
,57,,,,,8.230,,,,,25.3,,,,,0.001,,,,
,58,,,,,8.230,,,,,25.3,,,,,0.000,,,,
,59,,,,,8.230,,,,,25.3,,,,,0.000,,,,
,60,,,,,8.231,,,,,25.3,,,,,0.001,,,,
Titration (EQP) [1],,,,,,,,"Scope 1/1, Sample 2/23",,,,,,,,,,,,
Measured Values,,,,,"Scope 1/1, Sample 2/23",,,,,,,,,,,,,,,
,Time,,V,,,Meas. value,,,dV,,Temp.,,,dE,,,dE/dV,,,EQP
,[s],,[mL],,,[pH],,,[mL],,[°C],,,[pH],,,[pH/mL],,,
,0,,0.00000,,,8.231,,,,,25.3,,,,,,,,,
,28,,0.08575,,,7.904,,,0.08575,,25.3,,,-0.327,,,,,,
,58,,0.12850,,,7.633,,,0.04275,,25.3,,,-0.271,,,,,,
,88,,0.15000,,,7.515,,,0.02150,,25.3,,,-0.118,,,,,,
,179,,0.17900,,,7.412,,,0.02900,,25.3,,,-0.103,,,,,,
,209,,0.22900,,,7.258,,,0.05000,,25.3,,,-0.154,,,-3.09,,,
,239,,0.27900,,,7.128,,,0.05000,,25.3,,,-0.130,,,-2.26,,,
,270,,0.32900,,,7.024,,,0.05000,,25.3,,,-0.104,,,-1.96,,,
,300,,0.37900,,,6.934,,,0.05000,,25.3,,,-0.090,,,-1.72,,,
,330,,0.42900,,,6.850,,,0.05000,,25.3,,,-0.084,,,-1.52,,,
,360,,0.47900,,,6.777,,,0.05000,,25.3,,,-0.073,,,-1.38,,,
,390,,0.52900,,,6.712,,,0.05000,,25.3,,,-0.065,,,-1.27,,,
,421,,0.57900,,,6.650,,,0.05000,,25.3,,,-0.062,,,-1.17,,,
,451,,0.62900,,,6.594,,,0.05000,,25.3,,,-0.056,,,-1.09,,,
,481,,0.67900,,,6.540,,,0.05000,,25.3,,,-0.054,,,-1.04,,,
,511,,0.72900,,,6.490,,,0.05000,,25.3,,,-0.050,,,-1.00,,,
,542,,0.77900,,,6.440,,,0.05000,,25.3,,,-0.050,,,-0.96,,,
,572,,0.82900,,,6.393,,,0.05000,,25.3,,,-0.047,,,-0.94,,,
,602,,0.87900,,,6.346,,,0.05000,,25.3,,,-0.047,,,-0.92,,,
,632,,0.92900,,,6.301,,,0.05000,,25.3,,,-0.045,,,-0.91,,,
,663,,0.97900,,,6.255,,,0.05000,,25.3,,,-0.046,,,-0.91,,,
,693,,1.02900,,,6.210,,,0.05000,,25.3,,,-0.045,,,-0.92,,,
,723,,1.07900,,,6.163,,,0.05000,,25.3,,,-0.047,,,-0.93,,,
,753,,1.12900,,,6.116,,,0.05000,,25.3,,,-0.047,,,-0.94,,,
,784,,1.17900,,,6.068,,,0.05000,,25.3,,,-0.048,,,-0.97,,,
,814,,1.22900,,,6.020,,,0.05000,,25.3,,,-0.048,,,-1.01,,,
,844,,1.27900,,,5.968,,,0.05000,,25.3,,,-0.052,,,-1.06,,,
,874,,1.32900,,,5.912,,,0.05000,,25.3,,,-0.056,,,-1.13,,,
,904,,1.37900,,,5.854,,,0.05000,,25.3,,,-0.058,,,-1.22,,,
,935,,1.42900,,,5.789,,,0.05000,,25.3,,,-0.065,,,-1.33,,,
,965,,1.47900,,,5.719,,,0.05000,,25.3,,,-0.070,,,-1.47,,,
,995,,1.52900,,,5.639,,,0.05000,,25.3,,,-0.080,,,-1.69,,,
,1026,,1.57900,,,5.546,,,0.05000,,25.3,,,-0.093,,,-2.03,,,
,1056,,1.62900,,,5.436,,,0.05000,,25.3,,,-0.110,,,-2.55,,,
,1086,,1.67900,,,5.296,,,0.05000,,25.3,,,-0.140,,,-3.37,,,
,1116,,1.72600,,,5.120,,,0.04700,,25.3,,,-0.176,,,-4.51,,,
,1146,,1.75350,,,4.991,,,0.02750,,25.3,,,-0.129,,,-5.34,,,
,1177,,1.77650,,,4.857,,,0.02300,,25.3,,,-0.134,,,-6.08,,,
,1207,,1.79525,,,4.728,,,0.01875,,25.3,,,-0.129,,,-6.73,,,
,1237,,1.81175,,,4.602,,,0.01650,,25.3,,,-0.126,,,-7.37,,,
,,,1.823662 ???,,,4.507 ???,,,,,,,,,,,,,,EQP
,1268,,1.82775,,,4.475,,,0.01600,,25.3,,,-0.127,,,-7.57,,,
,1298,,1.84425,,,4.345,,,0.01650,,25.3,,,-0.130,,,-7.00,,,
,1328,,1.86175,,,4.220,,,0.01750,,25.3,,,-0.125,,,-6.27,,,
,1358,,1.88275,,,4.092,,,0.02100,,25.3,,,-0.128,,,-5.51,,,
,1388,,1.90875,,,3.962,,,0.02600,,25.3,,,-0.130,,,-4.65,,,
,1419,,1.94200,,,3.831,,,0.03325,,25.3,,,-0.131,,,-3.72,,,
,1449,,1.98575,,,3.698,,,0.04375,,25.3,,,-0.133,,,-2.81,,,
,1479,,2.03575,,,3.582,,,0.05000,,25.3,,,-0.116,,,-2.13,,,
,1509,,2.08575,,,3.488,,,0.05000,,25.3,,,-0.094,,,-1.69,,,
,1540,,2.13575,,,3.410,,,0.05000,,25.3,,,-0.078,,,-1.41,,,
,1570,,2.18575,,,3.344,,,0.05000,,25.3,,,-0.066,,,-1.21,,,
,1600,,2.23575,,,3.287,,,0.05000,,25.3,,,-0.057,,,-1.07,,,
,1630,,2.28575,,,3.236,,,0.05000,,25.3,,,-0.051,,,-0.96,,,
,1660,,2.33575,,,3.190,,,0.05000,,25.3,,,-0.046,,,-0.87,,,
,1691,,2.38575,,,3.148,,,0.05000,,25.3,,,-0.042,,,-0.79,,,
,1721,,2.43575,,,3.111,,,0.05000,,25.3,,,-0.037,,,,,,
,1751,,2.48575,,,3.075,,,0.05000,,25.3,,,-0.036,,,,,,
,1782,,2.53575,,,3.043,,,0.05000,,25.3,,,-0.032,,,,,,
,1812,,2.58575,,,3.013,,,0.05000,,25.3,,,-0.030,,,,,,
,1842,,2.63575,,,2.985,,,0.05000,,25.3,,,-0.028,,,,,,
Measure (normal) [1],,,,,,,,"Scope 1/1, Sample 3/23",,,,,,,,,,,,
Measured Values,,,,,"Scope 1/1, Sample 3/23",,,,,,,,,,,,,,,
,Time,,,,,Meas. value,,,,,Temp.,,,,,dE,,,,
,[s],,,,,[pH],,,,,[°C],,,,,[pH],,,,
,1,,,,,4.844,,,,,23.9,,,,,,,,,
,2,,,,,5.195,,,,,24.0,,,,,0.351,,,,
,3,,,,,5.538,,,,,24.2,,,,,0.343,,,,
,4,,,,,5.845,,,,,24.4,,,,,0.307,,,,
,5,,,,,6.140,,,,,24.6,,,,,0.295,,,,
,6,,,,,6.425,,,,,24.7,,,,,0.285,,,,
,7,,,,,6.689,,,,,24.9,,,,,0.264,,,,
,8,,,,,6.905,,,,,24.9,,,,,0.216,,,,
,9,,,,,7.114,,,,,25.0,,,,,0.209,,,,
,10,,,,,7.300,,,,,25.1,,,,,0.186,,,,
,11,,,,,7.457,,,,,25.1,,,,,0.157,,,,
,12,,,,,7.589,,,,,25.2,,,,,0.132,,,,
,13,,,,,7.699,,,,,25.2,,,,,0.110,,,,
,14,,,,,7.792,,,,,25.2,,,,,0.093,,,,
,15,,,,,7.870,,,,,25.2,,,,,0.078,,,,
,16,,,,,7.928,,,,,25.3,,,,,0.058,,,,
,17,,,,,7.982,,,,,25.3,,,,,0.054,,,,
,18,,,,,8.027,,,,,25.3,,,,,0.045,,,,
,19,,,,,8.064,,,,,25.3,,,,,0.037,,,,
,20,,,,,8.095,,,,,25.3,,,,,0.031,,,,
,21,,,,,8.122,,,,,25.3,,,,,0.027,,,,
,22,,,,,8.141,,,,,25.3,,,,,0.019,,,,
,23,,,,,8.160,,,,,25.3,,,,,0.019,,,,
,24,,,,,8.175,,,,,25.3,,,,,0.015,,,,
,25,,,,,8.188,,,,,25.3,,,,,0.013,,,,
,26,,,,,8.199,,,,,25.3,,,,,0.011,,,,
,27,,,,,8.207,,,,,25.3,,,,,0.008,,,,
,28,,,,,8.214,,,,,25.3,,,,,0.007,,,,
,29,,,,,8.220,,,,,25.3,,,,,0.006,,,,
,30,,,,,8.225,,,,,25.3,,,,,0.005,,,,
,31,,,,,8.230,,,,,25.3,,,,,0.005,,,,
,32,,,,,8.234,,,,,25.3,,,,,0.004,,,,
,33,,,,,8.237,,,,,25.3,,,,,0.003,,,,
,34,,,,,8.240,,,,,25.3,,,,,0.003,,,,
,35,,,,,8.243,,,,,25.3,,,,,0.003,,,,
,36,,,,,8.245,,,,,25.3,,,,,0.002,,,,
,37,,,,,8.246,,,,,25.3,,,,,0.001,,,,
,38,,,,,8.248,,,,,25.3,,,,,0.002,,,,
,39,,,,,8.249,,,,,25.3,,,,,0.001,,,,
,40,,,,,8.251,,,,,25.3,,,,,0.002,,,,
,41,,,,,8.252,,,,,25.3,,,,,0.001,,,,
,42,,,,,8.252,,,,,25.3,,,,,0.000,,,,
,43,,,,,8.253,,,,,25.3,,,,,0.001,,,,
,44,,,,,8.254,,,,,25.3,,,,,0.001,,,,
,45,,,,,8.255,,,,,25.3,,,,,0.001,,,,
,46,,,,,8.256,,,,,25.3,,,,,0.001,,,,
,47,,,,,8.256,,,,,25.3,,,,,0.000,,,,
,48,,,,,8.257,,,,,25.3,,,,,0.001,,,,
,49,,,,,8.257,,,,,25.3,,,,,0.000,,,,
,50,,,,,8.258,,,,,25.3,,,,,0.001,,,,
,51,,,,,8.258,,,,,25.3,,,,,0.000,,,,
,52,,,,,8.258,,,,,25.3,,,,,0.000,,,,
,53,,,,,8.259,,,,,25.3,,,,,0.001,,,,
,54,,,,,8.259,,,,,25.3,,,,,0.000,,,,
,55,,,,,8.259,,,,,25.3,,,,,0.000,,,,
,56,,,,,8.260,,,,,25.3,,,,,0.001,,,,
,57,,,,,8.260,,,,,25.3,,,,,0.000,,,,
,58,,,,,8.261,,,,,25.3,,,,,0.001,,,,
,59,,,,,8.261,,,,,25.3,,,,,0.000,,,,
,60,,,,,8.261,,,,,25.3,,,,,0.000,,,,
Titration (EQP) [1],,,,,,,,"Scope 1/1, Sample 3/23",,,,,,,,,,,,
Measured Values,,,,,"Scope 1/1, Sample 3/23",,,,,,,,,,,,,,,
,Time,,V,,,Meas. value,,,dV,,Temp.,,,dE,,,dE/dV,,,EQP
,[s],,[mL],,,[pH],,,[mL],,[°C],,,[pH],,,[pH/mL],,,
,0,,0.00000,,,8.261,,,,,25.3,,,,,,,,,
,28,,0.08575,,,7.983,,,0.08575,,25.3,,,-0.278,,,,,,
,58,,0.12850,,,7.742,,,0.04275,,25.3,,,-0.241,,,,,,
,88,,0.15000,,,7.625,,,0.02150,,25.3,,,-0.117,,,,,,
,179,,0.17575,,,7.530,,,0.02575,,25.3,,,-0.095,,,,,,
,209,,0.22575,,,7.361,,,0.05000,,25.3,,,-0.169,,,-3.28,,,
,239,,0.26975,,,7.237,,,0.04400,,25.3,,,-0.124,,,-2.51,,,
,269,,0.31975,,,7.123,,,0.05000,,25.3,,,-0.114,,,-2.08,,,
,300,,0.36975,,,7.029,,,0.05000,,25.3,,,-0.094,,,-1.78,,,
,330,,0.41975,,,6.950,,,0.05000,,25.3,,,-0.079,,,-1.54,,,
,360,,0.46975,,,6.872,,,0.05000,,25.3,,,-0.078,,,-1.38,,,
,390,,0.51975,,,6.805,,,0.05000,,25.3,,,-0.067,,,-1.27,,,
,420,,0.56975,,,6.745,,,0.05000,,25.3,,,-0.060,,,-1.17,,,
,451,,0.61975,,,6.689,,,0.05000,,25.3,,,-0.056,,,-1.08,,,
,481,,0.66975,,,6.638,,,0.05000,,25.3,,,-0.051,,,-1.00,,,
,511,,0.71975,,,6.588,,,0.05000,,25.3,,,-0.050,,,-0.95,,,
,542,,0.76975,,,6.542,,,0.05000,,25.3,,,-0.046,,,-0.91,,,
,572,,0.81975,,,6.497,,,0.05000,,25.3,,,-0.045,,,-0.87,,,
,602,,0.86975,,,6.454,,,0.05000,,25.3,,,-0.043,,,-0.85,,,
,632,,0.91975,,,6.413,,,0.05000,,25.3,,,-0.041,,,-0.83,,,
,662,,0.96975,,,6.372,,,0.05000,,25.3,,,-0.041,,,-0.81,,,
,693,,1.01975,,,6.331,,,0.05000,,25.3,,,-0.041,,,-0.80,,,
,723,,1.06975,,,6.291,,,0.05000,,25.3,,,-0.040,,,-0.80,,,
,753,,1.11975,,,6.251,,,0.05000,,25.3,,,-0.040,,,-0.80,,,
,784,,1.16975,,,6.212,,,0.05000,,25.3,,,-0.039,,,-0.80,,,
,814,,1.21975,,,6.172,,,0.05000,,25.3,,,-0.040,,,-0.81,,,
,844,,1.26975,,,6.130,,,0.05000,,25.3,,,-0.042,,,-0.83,,,
,874,,1.31975,,,6.088,,,0.05000,,25.3,,,-0.042,,,-0.86,,,
,904,,1.36975,,,6.045,,,0.05000,,25.3,,,-0.043,,,-0.89,,,
,935,,1.41975,,,6.000,,,0.05000,,25.3,,,-0.045,,,-0.92,,,
,965,,1.46975,,,5.951,,,0.05000,,25.3,,,-0.049,,,-0.97,,,
,995,,1.51975,,,5.901,,,0.05000,,25.3,,,-0.050,,,-1.04,,,
,1025,,1.56975,,,5.848,,,0.05000,,25.3,,,-0.053,,,-1.11,,,
,1056,,1.61975,,,5.791,,,0.05000,,25.3,,,-0.057,,,-1.20,,,
,1086,,1.66975,,,5.725,,,0.05000,,25.3,,,-0.066,,,-1.32,,,
,1116,,1.71975,,,5.655,,,0.05000,,25.3,,,-0.070,,,-1.48,,,
,1146,,1.76975,,,5.575,,,0.05000,,25.3,,,-0.080,,,-1.73,,,
,1177,,1.81975,,,5.480,,,0.05000,,25.3,,,-0.095,,,-2.10,,,
,1207,,1.86975,,,5.365,,,0.05000,,25.3,,,-0.115,,,-2.66,,,
,1237,,1.91975,,,5.219,,,0.05000,,25.3,,,-0.146,,,-3.54,,,
,1267,,1.96325,,,5.049,,,0.04350,,25.3,,,-0.170,,,-4.62,,,
,1298,,1.98900,,,4.923,,,0.02575,,25.3,,,-0.126,,,-5.36,,,
,1328,,2.01125,,,4.793,,,0.02225,,25.3,,,-0.130,,,-6.03,,,
,1358,,2.03050,,,4.661,,,0.01925,,25.3,,,-0.132,,,-6.67,,,
,1388,,2.04750,,,4.533,,,0.01700,,25.3,,,-0.128,,,-7.18,,,
,1419,,2.06400,,,4.406,,,0.01650,,25.3,,,-0.127,,,-7.06,,,
,,,2.072700,,,4.343,,,,,,,,,,,,,,EQP
,1449,,2.08100,,,4.283,,,0.01700,,25.3,,,-0.123,,,-6.41,,,
,1479,,2.10100,,,4.154,,,0.02000,,25.3,,,-0.129,,,-5.71,,,
,1509,,2.12475,,,4.027,,,0.02375,,25.3,,,-0.127,,,-4.95,,,
,1540,,2.15550,,,3.892,,,0.03075,,25.3,,,-0.135,,,-4.06,,,
,1570,,2.19325,,,3.763,,,0.03775,,25.3,,,-0.129,,,-3.19,,,
,1600,,2.24325,,,3.633,,,0.05000,,25.3,,,-0.130,,,-2.37,,,
,1630,,2.29325,,,3.531,,,0.05000,,25.3,,,-0.102,,,-1.85,,,
,1661,,2.34325,,,3.447,,,0.05000,,25.3,,,-0.084,,,-1.51,,,
,1691,,2.39325,,,3.377,,,0.05000,,25.3,,,-0.070,,,-1.29,,,
,1721,,2.44325,,,3.316,,,0.05000,,25.3,,,-0.061,,,-1.13,,,
,1751,,2.49325,,,3.262,,,0.05000,,25.3,,,-0.054,,,-1.00,,,
,1781,,2.54325,,,3.214,,,0.05000,,25.3,,,-0.048,,,-0.90,,,
,1812,,2.59325,,,3.171,,,0.05000,,25.3,,,-0.043,,,-0.82,,,
,1842,,2.64325,,,3.132,,,0.05000,,25.3,,,-0.039,,,-0.75,,,
,1872,,2.69325,,,3.096,,,0.05000,,25.3,,,-0.036,,,,,,
,1902,,2.74325,,,3.062,,,0.05000,,25.3,,,-0.034,,,,,,
,1933,,2.79325,,,3.031,,,0.05000,,25.3,,,-0.031,,,,,,
,1963,,2.84325,,,3.003,,,0.05000,,25.3,,,-0.028,,,,,,
,1993,,2.89325,,,2.975,,,0.05000,,25.3,,,-0.028,,,,,,
Measure (normal) [1],,,,,,,,"Scope 1/1, Sample 4/23",,,,,,,,,,,,
Measured Values,,,,,"Scope 1/1, Sample 4/23",,,,,,,,,,,,,,,
,Time,,,,,Meas. value,,,,,Temp.,,,,,dE,,,,
,[s],,,,,[pH],,,,,[°C],,,,,[pH],,,,
,1,,,,,4.852,,,,,23.8,,,,,,,,,
,2,,,,,5.210,,,,,23.9,,,,,0.358,,,,
,3,,,,,5.554,,,,,24.1,,,,,0.344,,,,
,4,,,,,5.875,,,,,24.3,,,,,0.321,,,,
,5,,,,,6.186,,,,,24.5,,,,,0.311,,,,
,6,,,,,6.476,,,,,24.7,,,,,0.290,,,,
,7,,,,,6.743,,,,,24.8,,,,,0.267,,,,
,8,,,,,6.962,,,,,24.9,,,,,0.219,,,,
,9,,,,,7.169,,,,,25.0,,,,,0.207,,,,
,10,,,,,7.354,,,,,25.1,,,,,0.185,,,,
,11,,,,,7.506,,,,,25.2,,,,,0.152,,,,
,12,,,,,7.631,,,,,25.2,,,,,0.125,,,,
,13,,,,,7.737,,,,,25.2,,,,,0.106,,,,
,14,,,,,7.827,,,,,25.2,,,,,0.090,,,,
,15,,,,,7.895,,,,,25.3,,,,,0.068,,,,
,16,,,,,7.959,,,,,25.3,,,,,0.064,,,,
,17,,,,,8.011,,,,,25.3,,,,,0.052,,,,
,18,,,,,8.053,,,,,25.3,,,,,0.042,,,,
,19,,,,,8.088,,,,,25.3,,,,,0.035,,,,
,20,,,,,8.116,,,,,25.3,,,,,0.028,,,,
,21,,,,,8.140,,,,,25.3,,,,,0.024,,,,
,22,,,,,8.158,,,,,25.3,,,,,0.018,,,,
,23,,,,,8.175,,,,,25.3,,,,,0.017,,,,
,24,,,,,8.189,,,,,25.3,,,,,0.014,,,,
,25,,,,,8.200,,,,,25.3,,,,,0.011,,,,
,26,,,,,8.210,,,,,25.3,,,,,0.010,,,,
,27,,,,,8.218,,,,,25.3,,,,,0.008,,,,
,28,,,,,8.225,,,,,25.3,,,,,0.007,,,,
,29,,,,,8.230,,,,,25.3,,,,,0.005,,,,
,30,,,,,8.235,,,,,25.3,,,,,0.005,,,,
,31,,,,,8.239,,,,,25.3,,,,,0.004,,,,
,32,,,,,8.243,,,,,25.3,,,,,0.004,,,,
,33,,,,,8.246,,,,,25.3,,,,,0.003,,,,
,34,,,,,8.248,,,,,25.3,,,,,0.002,,,,
,35,,,,,8.251,,,,,25.3,,,,,0.003,,,,
,36,,,,,8.252,,,,,25.3,,,,,0.001,,,,
,37,,,,,8.254,,,,,25.3,,,,,0.002,,,,
,38,,,,,8.255,,,,,25.3,,,,,0.001,,,,
,39,,,,,8.256,,,,,25.3,,,,,0.001,,,,
,40,,,,,8.258,,,,,25.3,,,,,0.002,,,,
,41,,,,,8.259,,,,,25.4,,,,,0.001,,,,
,42,,,,,8.260,,,,,25.3,,,,,0.001,,,,
,43,,,,,8.260,,,,,25.3,,,,,0.000,,,,
,44,,,,,8.261,,,,,25.3,,,,,0.001,,,,
,45,,,,,8.262,,,,,25.4,,,,,0.001,,,,
,46,,,,,8.262,,,,,25.4,,,,,0.000,,,,
,47,,,,,8.263,,,,,25.4,,,,,0.001,,,,
,48,,,,,8.264,,,,,25.4,,,,,0.001,,,,
,49,,,,,8.264,,,,,25.4,,,,,0.000,,,,
,50,,,,,8.264,,,,,25.4,,,,,0.000,,,,
,51,,,,,8.265,,,,,25.4,,,,,0.001,,,,
,52,,,,,8.265,,,,,25.4,,,,,0.000,,,,
,53,,,,,8.266,,,,,25.3,,,,,0.001,,,,
,54,,,,,8.266,,,,,25.3,,,,,0.000,,,,
,55,,,,,8.266,,,,,25.4,,,,,0.000,,,,
,56,,,,,8.266,,,,,25.3,,,,,0.000,,,,
,57,,,,,8.267,,,,,25.3,,,,,0.001,,,,
,58,,,,,8.267,,,,,25.3,,,,,0.000,,,,
,59,,,,,8.267,,,,,25.3,,,,,0.000,,,,
,60,,,,,8.268,,,,,25.4,,,,,0.001,,,,
Titration (EQP) [1],,,,,,,,"Scope 1/1, Sample 4/23",,,,,,,,,,,,
Measured Values,,,,,"Scope 1/1, Sample 4/23",,,,,,,,,,,,,,,
,Time,,V,,,Meas. value,,,dV,,Temp.,,,dE,,,dE/dV,,,EQP
,[s],,[mL],,,[pH],,,[mL],,[°C],,,[pH],,,[pH/mL],,,
,0,,0.00000,,,8.268,,,,,25.4,,,,,,,,,
,28,,0.08575,,,7.985,,,0.08575,,25.3,,,-0.283,,,,,,
,58,,0.12850,,,7.740,,,0.04275,,25.3,,,-0.245,,,,,,
,88,,0.15000,,,7.622,,,0.02150,,25.4,,,-0.118,,,,,,
,179,,0.17625,,,7.524,,,0.02625,,25.4,,,-0.098,,,,,,
,209,,0.22625,,,7.354,,,0.05000,,25.4,,,-0.170,,,-3.31,,,
,239,,0.27050,,,7.229,,,0.04425,,25.4,,,-0.125,,,-2.52,,,
,269,,0.32050,,,7.111,,,0.05000,,25.4,,,-0.118,,,-2.09,,,
,300,,0.37050,,,7.020,,,0.05000,,25.4,,,-0.091,,,-1.79,,,
,330,,0.42050,,,6.940,,,0.05000,,25.4,,,-0.080,,,-1.54,,,
,360,,0.47050,,,6.863,,,0.05000,,25.4,,,-0.077,,,-1.38,,,
,390,,0.52050,,,6.796,,,0.05000,,25.4,,,-0.067,,,-1.26,,,
,420,,0.57050,,,6.735,,,0.05000,,25.4,,,-0.061,,,-1.17,,,
,451,,0.62050,,,6.680,,,0.05000,,25.4,,,-0.055,,,-1.08,,,
,481,,0.67050,,,6.627,,,0.05000,,25.4,,,-0.053,,,-1.00,,,
,511,,0.72050,,,6.579,,,0.05000,,25.4,,,-0.048,,,-0.96,,,
,542,,0.77050,,,6.531,,,0.05000,,25.4,,,-0.048,,,-0.91,,,
,572,,0.82050,,,6.487,,,0.05000,,25.4,,,-0.044,,,-0.88,,,
,602,,0.87050,,,6.444,,,0.05000,,25.4,,,-0.043,,,-0.85,,,
,632,,0.92050,,,6.401,,,0.05000,,25.4,,,-0.043,,,-0.83,,,
,662,,0.97050,,,6.361,,,0.05000,,25.4,,,-0.040,,,-0.82,,,
,693,,1.02050,,,6.319,,,0.05000,,25.4,,,-0.042,,,-0.81,,,
,723,,1.07050,,,6.278,,,0.05000,,25.4,,,-0.041,,,-0.81,,,
,753,,1.12050,,,6.239,,,0.05000,,25.4,,,-0.039,,,-0.81,,,
,783,,1.17050,,,6.198,,,0.05000,,25.4,,,-0.041,,,-0.82,,,
,814,,1.22050,,,6.157,,,0.05000,,25.4,,,-0.041,,,-0.83,,,
,844,,1.27050,,,6.115,,,0.05000,,25.4,,,-0.042,,,-0.85,,,
,874,,1.32050,,,6.071,,,0.05000,,25.3,,,-0.044,,,-0.88,,,
,904,,1.37050,,,6.026,,,0.05000,,25.3,,,-0.045,,,-0.92,,,
,935,,1.42050,,,5.980,,,0.05000,,25.3,,,-0.046,,,-0.96,,,
,965,,1.47050,,,5.930,,,0.05000,,25.3,,,-0.050,,,-1.01,,,
,995,,1.52050,,,5.877,,,0.05000,,25.3,,,-0.053,,,-1.08,,,
,1025,,1.57050,,,5.821,,,0.05000,,25.3,,,-0.056,,,-1.18,,,
,1056,,1.62050,,,5.759,,,0.05000,,25.3,,,-0.062,,,-1.29,,,
,1086,,1.67050,,,5.690,,,0.05000,,25.3,,,-0.069,,,-1.43,,,
,1116,,1.72050,,,5.612,,,0.05000,,25.3,,,-0.078,,,-1.65,,,
,1146,,1.77050,,,5.522,,,0.05000,,25.3,,,-0.090,,,-1.98,,,
,1177,,1.82050,,,5.414,,,0.05000,,25.3,,,-0.108,,,-2.48,,,
,1207,,1.87050,,,5.278,,,0.05000,,25.3,,,-0.136,,,-3.26,,,
,1237,,1.92000,,,5.098,,,0.04950,,25.3,,,-0.180,,,-4.43,,,
,1267,,1.94825,,,4.967,,,0.02825,,25.3,,,-0.131,,,-5.25,,,
,1298,,1.97125,,,4.834,,,0.02300,,25.3,,,-0.133,,,-5.95,,,
,1328,,1.99000,,,4.709,,,0.01875,,25.3,,,-0.125,,,-6.58,,,
,1358,,2.00775,,,4.576,,,0.01775,,25.3,,,-0.133,,,-7.20,,,
,,,2.018572 ???,,,4.491 ???,,,,,,,,,,,,,,EQP
,1388,,2.02375,,,4.451,,,0.01600,,25.3,,,-0.125,,,-7.35,,,
,1418,,2.04075,,,4.322,,,0.01700,,25.3,,,-0.129,,,-6.76,,,
,1449,,2.05900,,,4.196,,,0.01825,,25.3,,,-0.126,,,-6.05,,,
,1479,,2.08075,,,4.068,,,0.02175,,25.3,,,-0.128,,,-5.31,,,
,1509,,2.10800,,,3.939,,,0.02725,,25.3,,,-0.129,,,-4.46,,,
,1539,,2.14375,,,3.805,,,0.03575,,25.3,,,-0.134,,,-3.52,,,
,1570,,2.18925,,,3.672,,,0.04550,,25.3,,,-0.133,,,-2.66,,,
,1600,,2.23925,,,3.561,,,0.05000,,25.3,,,-0.111,,,-2.03,,,
,1630,,2.28925,,,3.470,,,0.05000,,25.3,,,-0.091,,,-1.63,,,
,1660,,2.33925,,,3.396,,,0.05000,,25.3,,,-0.074,,,-1.36,,,
,1691,,2.38925,,,3.331,,,0.05000,,25.3,,,-0.065,,,-1.18,,,
,1721,,2.43925,,,3.275,,,0.05000,,25.3,,,-0.056,,,-1.05,,,
,1751,,2.48925,,,3.225,,,0.05000,,25.3,,,-0.050,,,-0.94,,,
,1781,,2.53925,,,3.180,,,0.05000,,25.3,,,-0.045,,,-0.85,,,
,1812,,2.58925,,,3.139,,,0.05000,,25.3,,,-0.041,,,-0.78,,,
,1842,,2.63925,,,3.102,,,0.05000,,25.3,,,-0.037,,,,,,
,1872,,2.68925,,,3.067,,,0.05000,,25.3,,,-0.035,,,,,,
,1902,,2.73925,,,3.036,,,0.05000,,25.3,,,-0.031,,,,,,
,1933,,2.78925,,,3.006,,,0.05000,,25.3,,,-0.030,,,,,,
,1963,,2.83925,,,2.978,,,0.05000,,25.3,,,-0.028,,,,,,
Measure (normal) [1],,,,,,,,"Scope 1/1, Sample 5/23",,,,,,,,,,,,
Measured Values,,,,,"Scope 1/1, Sample 5/23",,,,,,,,,,,,,,,
,Time,,,,,Meas. value,,,,,Temp.,,,,,dE,,,,
,[s],,,,,[pH],,,,,[°C],,,,,[pH],,,,
,1,,,,,4.440,,,,,23.7,,,,,,,,,
,2,,,,,4.795,,,,,23.9,,,,,0.355,,,,
,3,,,,,5.175,,,,,24.1,,,,,0.380,,,,
,4,,,,,5.519,,,,,24.3,,,,,0.344,,,,
,5,,,,,5.836,,,,,24.5,,,,,0.317,,,,
,6,,,,,6.136,,,,,24.7,,,,,0.300,,,,
,7,,,,,6.407,,,,,24.9,,,,,0.271,,,,
,8,,,,,6.628,,,,,25.0,,,,,0.221,,,,
,9,,,,,6.846,,,,,25.1,,,,,0.218,,,,
,10,,,,,7.027,,,,,25.1,,,,,0.181,,,,
,11,,,,,7.181,,,,,25.2,,,,,0.154,,,,
,12,,,,,7.313,,,,,25.2,,,,,0.132,,,,
,13,,,,,7.427,,,,,25.3,,,,,0.114,,,,
,14,,,,,7.521,,,,,25.3,,,,,0.094,,,,
,15,,,,,7.592,,,,,25.3,,,,,0.071,,,,
,16,,,,,7.658,,,,,25.3,,,,,0.066,,,,
,17,,,,,7.712,,,,,25.3,,,,,0.054,,,,
,18,,,,,7.757,,,,,25.4,,,,,0.045,,,,
,19,,,,,7.793,,,,,25.4,,,,,0.036,,,,
,20,,,,,7.825,,,,,25.4,,,,,0.032,,,,
,21,,,,,7.851,,,,,25.4,,,,,0.026,,,,
,22,,,,,7.870,,,,,25.4,,,,,0.019,,,,
,23,,,,,7.887,,,,,25.4,,,,,0.017,,,,
,24,,,,,7.902,,,,,25.4,,,,,0.015,,,,
,25,,,,,7.913,,,,,25.4,,,,,0.011,,,,
,26,,,,,7.923,,,,,25.4,,,,,0.010,,,,
,27,,,,,7.931,,,,,25.4,,,,,0.008,,,,
,28,,,,,7.939,,,,,25.4,,,,,0.008,,,,
,29,,,,,7.945,,,,,25.4,,,,,0.006,,,,
,30,,,,,7.950,,,,,25.4,,,,,0.005,,,,
,31,,,,,7.954,,,,,25.4,,,,,0.004,,,,
,32,,,,,7.958,,,,,25.4,,,,,0.004,,,,
,33,,,,,7.962,,,,,25.4,,,,,0.004,,,,
,34,,,,,7.964,,,,,25.4,,,,,0.002,,,,
,35,,,,,7.967,,,,,25.4,,,,,0.003,,,,
,36,,,,,7.969,,,,,25.4,,,,,0.002,,,,
,37,,,,,7.971,,,,,25.4,,,,,0.002,,,,
,38,,,,,7.973,,,,,25.4,,,,,0.002,,,,
,39,,,,,7.974,,,,,25.4,,,,,0.001,,,,
,40,,,,,7.975,,,,,25.4,,,,,0.001,,,,
,41,,,,,7.977,,,,,25.4,,,,,0.002,,,,
,42,,,,,7.978,,,,,25.4,,,,,0.001,,,,
,43,,,,,7.979,,,,,25.4,,,,,0.001,,,,
,44,,,,,7.980,,,,,25.4,,,,,0.001,,,,
,45,,,,,7.981,,,,,25.4,,,,,0.001,,,,
,46,,,,,7.981,,,,,25.4,,,,,0.000,,,,
,47,,,,,7.982,,,,,25.4,,,,,0.001,,,,
,48,,,,,7.983,,,,,25.4,,,,,0.001,,,,
,49,,,,,7.984,,,,,25.4,,,,,0.001,,,,
,50,,,,,7.984,,,,,25.4,,,,,0.000,,,,
,51,,,,,7.985,,,,,25.4,,,,,0.001,,,,
,52,,,,,7.985,,,,,25.4,,,,,0.000,,,,
,53,,,,,7.986,,,,,25.4,,,,,0.001,,,,
,54,,,,,7.986,,,,,25.4,,,,,0.000,,,,
,55,,,,,7.987,,,,,25.4,,,,,0.001,,,,
,56,,,,,7.987,,,,,25.4,,,,,0.000,,,,
,57,,,,,7.988,,,,,25.4,,,,,0.001,,,,
,58,,,,,7.989,,,,,25.4,,,,,0.001,,,,
,59,,,,,7.989,,,,,25.4,,,,,0.000,,,,
,60,,,,,7.989,,,,,25.4,,,,,0.000,,,,
Titration (EQP) [1],,,,,,,,"Scope 1/1, Sample 5/23",,,,,,,,,,,,
Measured Values,,,,,"Scope 1/1, Sample 5/23",,,,,,,,,,,,,,,
,Time,,V,,,Meas. value,,,dV,,Temp.,,,dE,,,dE/dV,,,EQP
,[s],,[mL],,,[pH],,,[mL],,[°C],,,[pH],,,[pH/mL],,,
,0,,0.00000,,,7.991,,,,,25.4,,,,,,,,,
,28,,0.08575,,,7.721,,,0.08575,,25.4,,,-0.270,,,,,,
,58,,0.12850,,,7.473,,,0.04275,,25.4,,,-0.248,,,,,,
,88,,0.15000,,,7.337,,,0.02150,,25.4,,,-0.136,,,,,,
,179,,0.16975,,,7.246,,,0.01975,,25.4,,,-0.091,,,,,,
,209,,0.20950,,,7.078,,,0.03975,,25.4,,,-0.168,,,-4.03,,,
,239,,0.24500,,,6.955,,,0.03550,,25.4,,,-0.123,,,-3.28,,,
,270,,0.29250,,,6.818,,,0.04750,,25.4,,,-0.137,,,-2.69,,,
,300,,0.34250,,,6.697,,,0.05000,,25.4,,,-0.121,,,-2.29,,,
,330,,0.39250,,,6.591,,,0.05000,,25.4,,,-0.106,,,-2.01,,,
,360,,0.44250,,,6.493,,,0.05000,,25.4,,,-0.098,,,-1.83,,,
,390,,0.49250,,,6.405,,,0.05000,,25.4,,,-0.088,,,-1.68,,,
,421,,0.54250,,,6.324,,,0.05000,,25.4,,,-0.081,,,-1.57,,,
,451,,0.59250,,,6.246,,,0.05000,,25.4,,,-0.078,,,-1.48,,,
,481,,0.64250,,,6.176,,,0.05000,,25.4,,,-0.070,,,-1.41,,,
,512,,0.69250,,,6.106,,,0.05000,,25.4,,,-0.070,,,-1.38,,,
,542,,0.74250,,,6.036,,,0.05000,,25.4,,,-0.070,,,-1.36,,,
,572,,0.79250,,,5.969,,,0.05000,,25.4,,,-0.067,,,-1.36,,,
,602,,0.84250,,,5.900,,,0.05000,,25.4,,,-0.069,,,-1.40,,,
,632,,0.89250,,,5.828,,,0.05000,,25.4,,,-0.072,,,-1.45,,,
,663,,0.94250,,,5.753,,,0.05000,,25.4,,,-0.075,,,-1.53,,,
,693,,0.99250,,,5.673,,,0.05000,,25.4,,,-0.080,,,-1.67,,,
,723,,1.04250,,,5.583,,,0.05000,,25.4,,,-0.090,,,-1.87,,,
,753,,1.09250,,,5.482,,,0.05000,,25.4,,,-0.101,,,-2.19,,,
,784,,1.14250,,,5.364,,,0.05000,,25.4,,,-0.118,,,-2.70,,,
,814,,1.19250,,,5.216,,,0.05000,,25.4,,,-0.148,,,-3.52,,,
,844,,1.23475,,,5.056,,,0.04225,,25.4,,,-0.160,,,-4.54,,,
,874,,1.26275,,,4.923,,,0.02800,,25.4,,,-0.133,,,-5.38,,,
,905,,1.28550,,,4.789,,,0.02275,,25.4,,,-0.134,,,-6.10,,,
,935,,1.30400,,,4.661,,,0.01850,,25.4,,,-0.128,,,-6.75,,,
,965,,1.32075,,,4.534,,,0.01675,,25.4,,,-0.127,,,-7.39,,,
,,,1.330077 ???,,,4.459 ???,,,,,,,,,,,,,,EQP
,995,,1.33700,,,4.403,,,0.01625,,25.4,,,-0.131,,,-7.43,,,
,1026,,1.35300,,,4.279,,,0.01600,,25.4,,,-0.124,,,-6.75,,,
,1056,,1.37125,,,4.153,,,0.01825,,25.4,,,-0.126,,,-6.02,,,
,1086,,1.39300,,,4.027,,,0.02175,,25.4,,,-0.126,,,-5.26,,,
,1116,,1.42100,,,3.898,,,0.02800,,25.4,,,-0.129,,,-4.34,,,
,1146,,1.45850,,,3.764,,,0.03750,,25.4,,,-0.134,,,-3.35,,,
,1177,,1.50725,,,3.633,,,0.04875,,25.4,,,-0.131,,,-2.45,,,
,1207,,1.55725,,,3.529,,,0.05000,,25.4,,,-0.104,,,-1.88,,,
,1237,,1.60725,,,3.445,,,0.05000,,25.4,,,-0.084,,,-1.53,,,
,1268,,1.65725,,,3.374,,,0.05000,,25.4,,,-0.071,,,-1.29,,,
,1298,,1.70725,,,3.313,,,0.05000,,25.4,,,-0.061,,,-1.12,,,
,1328,,1.75725,,,3.259,,,0.05000,,25.4,,,-0.054,,,-1.00,,,
,1358,,1.80725,,,3.211,,,0.05000,,25.4,,,-0.048,,,-0.90,,,
,1388,,1.85725,,,3.169,,,0.05000,,25.4,,,-0.042,,,-0.81,,,
,1419,,1.90725,,,3.130,,,0.05000,,25.4,,,-0.039,,,-0.74,,,
,1449,,1.95725,,,3.094,,,0.05000,,25.4,,,-0.036,,,,,,
,1479,,2.00725,,,3.061,,,0.05000,,25.4,,,-0.033,,,,,,
,1509,,2.05725,,,3.030,,,0.05000,,25.4,,,-0.031,,,,,,
,1540,,2.10725,,,3.002,,,0.05000,,25.4,,,-0.028,,,,,,
,1570,,2.15725,,,2.975,,,0.05000,,25.3,,,-0.027,,,,,,
Measure (normal) [1],,,,,,,,"Scope 1/1, Sample 6/23",,,,,,,,,,,,
Measured Values,,,,,"Scope 1/1, Sample 6/23",,,,,,,,,,,,,,,
,Time,,,,,Meas. value,,,,,Temp.,,,,,dE,,,,
,[s],,,,,[pH],,,,,[°C],,,,,[pH],,,,
,1,,,,,5.102,,,,,23.7,,,,,,,,,
,2,,,,,5.421,,,,,23.9,,,,,0.319,,,,
,3,,,,,5.761,,,,,24.1,,,,,0.340,,,,
,4,,,,,6.075,,,,,24.4,,,,,0.314,,,,
,5,,,,,6.375,,,,,24.6,,,,,0.300,,,,
,6,,,,,6.657,,,,,24.8,,,,,0.282,,,,
,7,,,,,6.911,,,,,24.9,,,,,0.254,,,,
,8,,,,,7.135,,,,,25.0,,,,,0.224,,,,
,9,,,,,7.312,,,,,25.1,,,,,0.177,,,,
,10,,,,,7.479,,,,,25.1,,,,,0.167,,,,
,11,,,,,7.620,,,,,25.2,,,,,0.141,,,,
,12,,,,,7.737,,,,,25.2,,,,,0.117,,,,
,13,,,,,7.835,,,,,25.3,,,,,0.098,,,,
,14,,,,,7.913,,,,,25.3,,,,,0.078,,,,
,15,,,,,7.971,,,,,25.3,,,,,0.058,,,,
,16,,,,,8.025,,,,,25.3,,,,,0.054,,,,
,17,,,,,8.069,,,,,25.3,,,,,0.044,,,,
,18,,,,,8.104,,,,,25.3,,,,,0.035,,,,
,19,,,,,8.135,,,,,25.4,,,,,0.031,,,,
,20,,,,,8.160,,,,,25.4,,,,,0.025,,,,
,21,,,,,8.181,,,,,25.4,,,,,0.021,,,,
,22,,,,,8.197,,,,,25.4,,,,,0.016,,,,
,23,,,,,8.210,,,,,25.4,,,,,0.013,,,,
,24,,,,,8.221,,,,,25.4,,,,,0.011,,,,
,25,,,,,8.231,,,,,25.4,,,,,0.010,,,,
,26,,,,,8.238,,,,,25.4,,,,,0.007,,,,
,27,,,,,8.245,,,,,25.4,,,,,0.007,,,,
,28,,,,,8.250,,,,,25.4,,,,,0.005,,,,
,29,,,,,8.254,,,,,25.4,,,,,0.004,,,,
,30,,,,,8.258,,,,,25.4,,,,,0.004,,,,
,31,,,,,8.261,,,,,25.4,,,,,0.003,,,,
,32,,,,,8.263,,,,,25.4,,,,,0.002,,,,
,33,,,,,8.265,,,,,25.4,,,,,0.002,,,,
,34,,,,,8.267,,,,,25.4,,,,,0.002,,,,
,35,,,,,8.269,,,,,25.4,,,,,0.002,,,,
,36,,,,,8.270,,,,,25.4,,,,,0.001,,,,
,37,,,,,8.271,,,,,25.4,,,,,0.001,,,,
,38,,,,,8.272,,,,,25.4,,,,,0.001,,,,
,39,,,,,8.272,,,,,25.4,,,,,0.000,,,,
,40,,,,,8.273,,,,,25.4,,,,,0.001,,,,
,41,,,,,8.274,,,,,25.4,,,,,0.001,,,,
,42,,,,,8.274,,,,,25.4,,,,,0.000,,,,
,43,,,,,8.275,,,,,25.4,,,,,0.001,,,,
,44,,,,,8.275,,,,,25.4,,,,,0.000,,,,
,45,,,,,8.275,,,,,25.4,,,,,0.000,,,,
,46,,,,,8.276,,,,,25.4,,,,,0.001,,,,
,47,,,,,8.276,,,,,25.4,,,,,0.000,,,,
,48,,,,,8.276,,,,,25.4,,,,,0.000,,,,
,49,,,,,8.276,,,,,25.4,,,,,0.000,,,,
,50,,,,,8.277,,,,,25.4,,,,,0.001,,,,
,51,,,,,8.277,,,,,25.4,,,,,0.000,,,,
,52,,,,,8.277,,,,,25.4,,,,,0.000,,,,
,53,,,,,8.277,,,,,25.4,,,,,0.000,,,,
,54,,,,,8.277,,,,,25.4,,,,,0.000,,,,
,55,,,,,8.277,,,,,25.4,,,,,0.000,,,,
,56,,,,,8.277,,,,,25.4,,,,,0.000,,,,
,57,,,,,8.277,,,,,25.4,,,,,0.000,,,,
,58,,,,,8.277,,,,,25.4,,,,,0.000,,,,
,59,,,,,8.277,,,,,25.4,,,,,0.000,,,,
,60,,,,,8.277,,,,,25.4,,,,,0.000,,,,
Titration (EQP) [1],,,,,,,,"Scope 1/1, Sample 6/23",,,,,,,,,,,,
Measured Values,,,,,"Scope 1/1, Sample 6/23",,,,,,,,,,,,,,,
,Time,,V,,,Meas. value,,,dV,,Temp.,,,dE,,,dE/dV,,,EQP
,[s],,[mL],,,[pH],,,[mL],,[°C],,,[pH],,,[pH/mL],,,
,0,,0.00000,,,8.277,,,,,25.4,,,,,,,,,
,28,,0.08575,,,7.990,,,0.08575,,25.4,,,-0.287,,,,,,
,58,,0.12850,,,7.753,,,0.04275,,25.4,,,-0.237,,,,,,
,88,,0.15000,,,7.643,,,0.02150,,25.4,,,-0.110,,,,,,
,179,,0.17850,,,7.538,,,0.02850,,25.4,,,-0.105,,,,,,
,209,,0.22850,,,7.375,,,0.05000,,25.4,,,-0.163,,,-3.16,,,
,239,,0.27625,,,7.247,,,0.04775,,25.4,,,-0.128,,,-2.39,,,
,269,,0.32625,,,7.138,,,0.05000,,25.4,,,-0.109,,,-2.01,,,
,300,,0.37625,,,7.046,,,0.05000,,25.4,,,-0.092,,,-1.72,,,
,330,,0.42625,,,6.967,,,0.05000,,25.4,,,-0.079,,,-1.49,,,
,360,,0.47625,,,6.896,,,0.05000,,25.4,,,-0.071,,,-1.34,,,
,390,,0.52625,,,6.829,,,0.05000,,25.4,,,-0.067,,,-1.23,,,
,421,,0.57625,,,6.771,,,0.05000,,25.4,,,-0.058,,,-1.13,,,
,451,,0.62625,,,6.716,,,0.05000,,25.4,,,-0.055,,,-1.05,,,
,481,,0.67625,,,6.665,,,0.05000,,25.4,,,-0.051,,,-0.98,,,
,511,,0.72625,,,6.618,,,0.05000,,25.4,,,-0.047,,,-0.93,,,
,542,,0.77625,,,6.572,,,0.05000,,25.4,,,-0.046,,,-0.89,,,
,572,,0.82625,,,6.529,,,0.05000,,25.4,,,-0.043,,,-0.85,,,
,602,,0.87625,,,6.487,,,0.05000,,25.4,,,-0.042,,,-0.83,,,
,632,,0.92625,,,6.445,,,0.05000,,25.3,,,-0.042,,,-0.81,,,
,663,,0.97625,,,6.406,,,0.05000,,25.3,,,-0.039,,,-0.78,,,
,693,,1.02625,,,6.367,,,0.05000,,25.3,,,-0.039,,,-0.77,,,
,723,,1.07625,,,6.329,,,0.05000,,25.3,,,-0.038,,,-0.76,,,
,753,,1.12625,,,6.291,,,0.05000,,25.3,,,-0.038,,,-0.76,,,
,784,,1.17625,,,6.253,,,0.05000,,25.3,,,-0.038,,,-0.77,,,
,814,,1.22625,,,6.214,,,0.05000,,25.3,,,-0.039,,,-0.78,,,
,844,,1.27625,,,6.175,,,0.05000,,25.3,,,-0.039,,,-0.79,,,
,874,,1.32625,,,6.135,,,0.05000,,25.3,,,-0.040,,,-0.81,,,
,904,,1.37625,,,6.094,,,0.05000,,25.3,,,-0.041,,,-0.83,,,
,935,,1.42625,,,6.052,,,0.05000,,25.3,,,-0.042,,,-0.85,,,
,965,,1.47625,,,6.009,,,0.05000,,25.3,,,-0.043,,,-0.89,,,
,995,,1.52625,,,5.963,,,0.05000,,25.3,,,-0.046,,,-0.93,,,
,1026,,1.57625,,,5.916,,,0.05000,,25.3,,,-0.047,,,-0.99,,,
,1056,,1.62625,,,5.864,,,0.05000,,25.3,,,-0.052,,,-1.06,,,
,1086,,1.67625,,,5.808,,,0.05000,,25.3,,,-0.056,,,-1.15,,,
,1116,,1.72625,,,5.748,,,0.05000,,25.3,,,-0.060,,,-1.26,,,
,1146,,1.77625,,,5.681,,,0.05000,,25.3,,,-0.067,,,-1.40,,,
,1177,,1.82625,,,5.605,,,0.05000,,25.3,,,-0.076,,,-1.61,,,
,1207,,1.87625,,,5.516,,,0.05000,,25.3,,,-0.089,,,-1.92,,,
,1237,,1.92625,,,5.412,,,0.05000,,25.3,,,-0.104,,,-2.40,,,
,1267,,1.97625,,,5.279,,,0.05000,,25.3,,,-0.133,,,-3.13,,,
,1298,,2.02625,,,5.106,,,0.05000,,25.3,,,-0.173,,,-4.24,,,
,1328,,2.05675,,,4.969,,,0.03050,,25.3,,,-0.137,,,-5.07,,,
,1358,,2.08025,,,4.838,,,0.02350,,25.3,,,-0.131,,,-5.76,,,
,1388,,2.09975,,,4.711,,,0.01950,,25.3,,,-0.127,,,-6.38,,,
,1419,,2.11800,,,4.579,,,0.01825,,25.3,,,-0.132,,,-6.98,,,
,,,2.129094 ???,,,4.495 ???,,,,,,,,,,,,,,EQP
,1449,,2.13475,,,4.452,,,0.01675,,25.3,,,-0.127,,,-7.13,,,
,1479,,2.15200,,,4.326,,,0.01725,,25.3,,,-0.126,,,-6.56,,,
,1509,,2.17125,,,4.197,,,0.01925,,25.3,,,-0.129,,,-5.86,,,
,1540,,2.19325,,,4.071,,,0.02200,,25.3,,,-0.126,,,-5.15,,,
,1570,,2.22150,,,3.941,,,0.02825,,25.3,,,-0.130,,,-4.31,,,
,1600,,2.25750,,,3.810,,,0.03600,,25.3,,,-0.131,,,-3.42,,,
,1630,,2.30475,,,3.677,,,0.04725,,25.3,,,-0.133,,,-2.57,,,
,1661,,2.35475,,,3.568,,,0.05000,,25.3,,,-0.109,,,-1.99,,,
,1691,,2.40475,,,3.479,,,0.05000,,25.3,,,-0.089,,,-1.61,,,
,1721,,2.45475,,,3.405,,,0.05000,,25.3,,,-0.074,,,-1.35,,,
,1751,,2.50475,,,3.341,,,0.05000,,25.3,,,-0.064,,,-1.17,,,
,1782,,2.55475,,,3.286,,,0.05000,,25.3,,,-0.055,,,-1.04,,,
,1812,,2.60475,,,3.236,,,0.05000,,25.3,,,-0.050,,,-0.93,,,
,1842,,2.65475,,,3.192,,,0.05000,,25.3,,,-0.044,,,-0.84,,,
,1872,,2.70475,,,3.151,,,0.05000,,25.3,,,-0.041,,,-0.77,,,
,1902,,2.75475,,,3.114,,,0.05000,,25.3,,,-0.037,,,,,,
,1933,,2.80475,,,3.080,,,0.05000,,25.3,,,-0.034,,,,,,
,1963,,2.85475,,,3.048,,,0.05000,,25.3,,,-0.032,,,,,,
,1993,,2.90475,,,3.018,,,0.05000,,25.3,,,-0.030,,,,,,
,2024,,2.95475,,,2.991,,,0.05000,,25.3,,,-0.027,,,,,,
Measure (normal) [1],,,,,,,,"Scope 1/1, Sample 7/23",,,,,,,,,,,,
Measured Values,,,,,"Scope 1/1, Sample 7/23",,,,,,,,,,,,,,,
,Time,,,,,Meas. value,,,,,Temp.,,,,,dE,,,,
,[s],,,,,[pH],,,,,[°C],,,,,[pH],,,,
,1,,,,,4.871,,,,,23.8,,,,,,,,,
,2,,,,,5.211,,,,,23.9,,,,,0.340,,,,
,3,,,,,5.537,,,,,24.1,,,,,0.326,,,,
,4,,,,,5.840,,,,,24.4,,,,,0.303,,,,
,5,,,,,6.128,,,,,24.6,,,,,0.288,,,,
,6,,,,,6.399,,,,,24.7,,,,,0.271,,,,
,7,,,,,6.651,,,,,24.9,,,,,0.252,,,,
,8,,,,,6.862,,,,,25.0,,,,,0.211,,,,
,9,,,,,7.069,,,,,25.0,,,,,0.207,,,,
,10,,,,,7.249,,,,,25.1,,,,,0.180,,,,
,11,,,,,7.403,,,,,25.2,,,,,0.154,,,,
,12,,,,,7.536,,,,,25.2,,,,,0.133,,,,
,13,,,,,7.648,,,,,25.2,,,,,0.112,,,,
,14,,,,,7.740,,,,,25.3,,,,,0.092,,,,
,15,,,,,7.810,,,,,25.3,,,,,0.070,,,,
,16,,,,,7.876,,,,,25.3,,,,,0.066,,,,
,17,,,,,7.929,,,,,25.3,,,,,0.053,,,,
,18,,,,,7.975,,,,,25.3,,,,,0.046,,,,
,19,,,,,8.013,,,,,25.3,,,,,0.038,,,,
,20,,,,,8.045,,,,,25.3,,,,,0.032,,,,
,21,,,,,8.070,,,,,25.3,,,,,0.025,,,,
,22,,,,,8.088,,,,,25.3,,,,,0.018,,,,
,23,,,,,8.107,,,,,25.3,,,,,0.019,,,,
,24,,,,,8.121,,,,,25.3,,,,,0.014,,,,
,25,,,,,8.133,,,,,25.3,,,,,0.012,,,,
,26,,,,,8.144,,,,,25.3,,,,,0.011,,,,
,27,,,,,8.153,,,,,25.4,,,,,0.009,,,,
,28,,,,,8.161,,,,,25.4,,,,,0.008,,,,
,29,,,,,8.167,,,,,25.4,,,,,0.006,,,,
,30,,,,,8.172,,,,,25.4,,,,,0.005,,,,
,31,,,,,8.177,,,,,25.4,,,,,0.005,,,,
,32,,,,,8.180,,,,,25.4,,,,,0.003,,,,
,33,,,,,8.184,,,,,25.4,,,,,0.004,,,,
,34,,,,,8.187,,,,,25.4,,,,,0.003,,,,
,35,,,,,8.189,,,,,25.4,,,,,0.002,,,,
,36,,,,,8.191,,,,,25.4,,,,,0.002,,,,
,37,,,,,8.193,,,,,25.4,,,,,0.002,,,,
,38,,,,,8.194,,,,,25.4,,,,,0.001,,,,
,39,,,,,8.196,,,,,25.4,,,,,0.002,,,,
,40,,,,,8.197,,,,,25.4,,,,,0.001,,,,
,41,,,,,8.198,,,,,25.4,,,,,0.001,,,,
,42,,,,,8.199,,,,,25.4,,,,,0.001,,,,
,43,,,,,8.200,,,,,25.4,,,,,0.001,,,,
,44,,,,,8.200,,,,,25.4,,,,,0.000,,,,
,45,,,,,8.201,,,,,25.4,,,,,0.001,,,,
,46,,,,,8.202,,,,,25.4,,,,,0.001,,,,
,47,,,,,8.202,,,,,25.4,,,,,0.000,,,,
,48,,,,,8.203,,,,,25.4,,,,,0.001,,,,
,49,,,,,8.203,,,,,25.4,,,,,0.000,,,,
,50,,,,,8.204,,,,,25.4,,,,,0.001,,,,
,51,,,,,8.204,,,,,25.4,,,,,0.000,,,,
,52,,,,,8.205,,,,,25.4,,,,,0.001,,,,
,53,,,,,8.206,,,,,25.4,,,,,0.001,,,,
,54,,,,,8.206,,,,,25.4,,,,,0.000,,,,
,55,,,,,8.206,,,,,25.4,,,,,0.000,,,,
,56,,,,,8.206,,,,,25.4,,,,,0.000,,,,
,57,,,,,8.206,,,,,25.4,,,,,0.000,,,,
,58,,,,,8.207,,,,,25.4,,,,,0.001,,,,
,59,,,,,8.207,,,,,25.4,,,,,0.000,,,,
,60,,,,,8.207,,,,,25.4,,,,,0.000,,,,
Titration (EQP) [1],,,,,,,,"Scope 1/1, Sample 7/23",,,,,,,,,,,,
Measured Values,,,,,"Scope 1/1, Sample 7/23",,,,,,,,,,,,,,,
,Time,,V,,,Meas. value,,,dV,,Temp.,,,dE,,,dE/dV,,,EQP
,[s],,[mL],,,[pH],,,[mL],,[°C],,,[pH],,,[pH/mL],,,
,0,,0.00000,,,8.208,,,,,25.4,,,,,,,,,
,28,,0.08575,,,7.903,,,0.08575,,25.4,,,-0.305,,,,,,
,58,,0.12850,,,7.656,,,0.04275,,25.4,,,-0.247,,,,,,
,88,,0.15000,,,7.549,,,0.02150,,25.3,,,-0.107,,,,,,
,179,,0.18150,,,7.446,,,0.03150,,25.3,,,-0.103,,,,,,
,209,,0.23150,,,7.293,,,0.05000,,25.3,,,-0.153,,,-2.96,,,
,239,,0.27950,,,7.172,,,0.04800,,25.3,,,-0.121,,,-2.23,,,
,270,,0.32950,,,7.069,,,0.05000,,25.3,,,-0.103,,,-1.92,,,
,300,,0.37950,,,6.980,,,0.05000,,25.3,,,-0.089,,,-1.67,,,
,330,,0.42950,,,6.904,,,0.05000,,25.3,,,-0.076,,,-1.46,,,
,360,,0.47950,,,6.832,,,0.05000,,25.3,,,-0.072,,,-1.32,,,
,390,,0.52950,,,6.769,,,0.05000,,25.3,,,-0.063,,,-1.21,,,
,421,,0.57950,,,6.711,,,0.05000,,25.3,,,-0.058,,,-1.11,,,
,451,,0.62950,,,6.658,,,0.05000,,25.3,,,-0.053,,,-1.03,,,
,481,,0.67950,,,6.607,,,0.05000,,25.3,,,-0.051,,,-0.97,,,
,511,,0.72950,,,6.560,,,0.05000,,25.3,,,-0.047,,,-0.92,,,
,542,,0.77950,,,6.515,,,0.05000,,25.3,,,-0.045,,,-0.89,,,
,572,,0.82950,,,6.472,,,0.05000,,25.3,,,-0.043,,,-0.86,,,
,602,,0.87950,,,6.429,,,0.05000,,25.3,,,-0.043,,,-0.83,,,
,632,,0.92950,,,6.387,,,0.05000,,25.3,,,-0.042,,,-0.82,,,
,663,,0.97950,,,6.347,,,0.05000,,25.3,,,-0.040,,,-0.81,,,
,693,,1.02950,,,6.307,,,0.05000,,25.3,,,-0.040,,,-0.80,,,
,723,,1.07950,,,6.267,,,0.05000,,25.3,,,-0.040,,,-0.80,,,
,753,,1.12950,,,6.226,,,0.05000,,25.3,,,-0.041,,,-0.80,,,
,784,,1.17950,,,6.187,,,0.05000,,25.3,,,-0.039,,,-0.81,,,
,814,,1.22950,,,6.145,,,0.05000,,25.3,,,-0.042,,,-0.83,,,
,844,,1.27950,,,6.103,,,0.05000,,25.3,,,-0.042,,,-0.85,,,
,874,,1.32950,,,6.060,,,0.05000,,25.3,,,-0.043,,,-0.88,,,
,905,,1.37950,,,6.015,,,0.05000,,25.3,,,-0.045,,,-0.92,,,
,935,,1.42950,,,5.968,,,0.05000,,25.3,,,-0.047,,,-0.97,,,
,965,,1.47950,,,5.917,,,0.05000,,25.3,,,-0.051,,,-1.03,,,
,995,,1.52950,,,5.865,,,0.05000,,25.3,,,-0.052,,,-1.10,,,
,1026,,1.57950,,,5.806,,,0.05000,,25.3,,,-0.059,,,-1.19,,,
,1056,,1.62950,,,5.743,,,0.05000,,25.3,,,-0.063,,,-1.31,,,
,1086,,1.67950,,,5.673,,,0.05000,,25.3,,,-0.070,,,-1.47,,,
,1116,,1.72950,,,5.593,,,0.05000,,25.3,,,-0.080,,,-1.71,,,
,1146,,1.77950,,,5.500,,,0.05000,,25.3,,,-0.093,,,-2.07,,,
,1177,,1.82950,,,5.385,,,0.05000,,25.3,,,-0.115,,,-2.64,,,
,1207,,1.87950,,,5.240,,,0.05000,,25.3,,,-0.145,,,-3.50,,,
,1237,,1.92325,,,5.072,,,0.04375,,25.3,,,-0.168,,,-4.60,,,
,1268,,1.95000,,,4.943,,,0.02675,,25.3,,,-0.129,,,-5.39,,,
,1298,,1.97250,,,4.809,,,0.02250,,25.3,,,-0.134,,,-6.08,,,
,1328,,1.99100,,,4.681,,,0.01850,,25.3,,,-0.128,,,-6.72,,,
,1358,,2.00775,,,4.554,,,0.01675,,25.3,,,-0.127,,,-7.29,,,
,,,2.010616 ???,,,4.532 ???,,,,,,,,,,,,,,EQP
,1388,,2.02400,,,4.427,,,0.01625,,25.3,,,-0.127,,,-7.27,,,
,1419,,2.04100,,,4.301,,,0.01700,,25.3,,,-0.126,,,-6.62,,,
,1449,,2.06025,,,4.172,,,0.01925,,25.3,,,-0.129,,,-5.90,,,
,1479,,2.08275,,,4.044,,,0.02250,,25.3,,,-0.128,,,-5.14,,,
,1509,,2.11100,,,3.915,,,0.02825,,25.3,,,-0.129,,,-4.28,,,
,1540,,2.14800,,,3.783,,,0.03700,,25.3,,,-0.132,,,-3.36,,,
,1570,,2.19700,,,3.649,,,0.04900,,25.3,,,-0.134,,,-2.49,,,
,1600,,2.24700,,,3.543,,,0.05000,,25.3,,,-0.106,,,-1.92,,,
,1630,,2.29700,,,3.456,,,0.05000,,25.3,,,-0.087,,,-1.56,,,
,1661,,2.34700,,,3.385,,,0.05000,,25.3,,,-0.071,,,-1.32,,,
,1691,,2.39700,,,3.322,,,0.05000,,25.3,,,-0.063,,,-1.15,,,
,1721,,2.44700,,,3.267,,,0.05000,,25.3,,,-0.055,,,-1.02,,,
,1751,,2.49700,,,3.218,,,0.05000,,25.3,,,-0.049,,,-0.92,,,
,1782,,2.54700,,,3.174,,,0.05000,,25.3,,,-0.044,,,-0.83,,,
,1812,,2.59700,,,3.134,,,0.05000,,25.3,,,-0.040,,,-0.76,,,
,1842,,2.64700,,,3.098,,,0.05000,,25.3,,,-0.036,,,,,,
,1872,,2.69700,,,3.064,,,0.05000,,25.3,,,-0.034,,,,,,
,1903,,2.74700,,,3.033,,,0.05000,,25.3,,,-0.031,,,,,,
,1933,,2.79700,,,3.003,,,0.05000,,25.3,,,-0.030,,,,,,
,1963,,2.84700,,,2.976,,,0.05000,,25.3,,,-0.027,,,,,,
Measure (normal) [1],,,,,,,,"Scope 1/1, Sample 8/23",,,,,,,,,,,,
Measured Values,,,,,"Scope 1/1, Sample 8/23",,,,,,,,,,,,,,,
,Time,,,,,Meas. value,,,,,Temp.,,,,,dE,,,,
,[s],,,,,[pH],,,,,[°C],,,,,[pH],,,,
,1,,,,,4.870,,,,,23.6,,,,,,,,,
,2,,,,,5.200,,,,,23.8,,,,,0.330,,,,
,3,,,,,5.521,,,,,24.0,,,,,0.321,,,,
,4,,,,,5.826,,,,,24.2,,,,,0.305,,,,
,5,,,,,6.118,,,,,24.5,,,,,0.292,,,,
,6,,,,,6.399,,,,,24.6,,,,,0.281,,,,
,7,,,,,6.664,,,,,24.8,,,,,0.265,,,,
,8,,,,,6.907,,,,,24.9,,,,,0.243,,,,
,9,,,,,7.097,,,,,25.0,,,,,0.190,,,,
,10,,,,,7.283,,,,,25.1,,,,,0.186,,,,
,11,,,,,7.439,,,,,25.1,,,,,0.156,,,,
,12,,,,,7.574,,,,,25.2,,,,,0.135,,,,
,13,,,,,7.688,,,,,25.2,,,,,0.114,,,,
,14,,,,,7.781,,,,,25.3,,,,,0.093,,,,
,15,,,,,7.856,,,,,25.3,,,,,0.075,,,,
,16,,,,,7.916,,,,,25.3,,,,,0.060,,,,
,17,,,,,7.971,,,,,25.3,,,,,0.055,,,,
,18,,,,,8.016,,,,,25.3,,,,,0.045,,,,
,19,,,,,8.053,,,,,25.3,,,,,0.037,,,,
,20,,,,,8.084,,,,,25.3,,,,,0.031,,,,
,21,,,,,8.111,,,,,25.3,,,,,0.027,,,,
,22,,,,,8.130,,,,,25.3,,,,,0.019,,,,
,23,,,,,8.148,,,,,25.3,,,,,0.018,,,,
,24,,,,,8.162,,,,,25.3,,,,,0.014,,,,
,25,,,,,8.175,,,,,25.3,,,,,0.013,,,,
,26,,,,,8.184,,,,,25.4,,,,,0.009,,,,
,27,,,,,8.192,,,,,25.3,,,,,0.008,,,,
,28,,,,,8.199,,,,,25.4,,,,,0.007,,,,
,29,,,,,8.205,,,,,25.4,,,,,0.006,,,,
,30,,,,,8.210,,,,,25.4,,,,,0.005,,,,
,31,,,,,8.214,,,,,25.4,,,,,0.004,,,,
,32,,,,,8.218,,,,,25.4,,,,,0.004,,,,
,33,,,,,8.221,,,,,25.4,,,,,0.003,,,,
,34,,,,,8.224,,,,,25.4,,,,,0.003,,,,
,35,,,,,8.226,,,,,25.4,,,,,0.002,,,,
,36,,,,,8.228,,,,,25.4,,,,,0.002,,,,
,37,,,,,8.230,,,,,25.4,,,,,0.002,,,,
,38,,,,,8.231,,,,,25.4,,,,,0.001,,,,
,39,,,,,8.233,,,,,25.4,,,,,0.002,,,,
,40,,,,,8.234,,,,,25.4,,,,,0.001,,,,
,41,,,,,8.235,,,,,25.4,,,,,0.001,,,,
,42,,,,,8.236,,,,,25.4,,,,,0.001,,,,
,43,,,,,8.236,,,,,25.4,,,,,0.000,,,,
,44,,,,,8.237,,,,,25.4,,,,,0.001,,,,
,45,,,,,8.238,,,,,25.4,,,,,0.001,,,,
,46,,,,,8.239,,,,,25.4,,,,,0.001,,,,
,47,,,,,8.239,,,,,25.4,,,,,0.000,,,,
,48,,,,,8.240,,,,,25.4,,,,,0.001,,,,
,49,,,,,8.240,,,,,25.4,,,,,0.000,,,,
,50,,,,,8.240,,,,,25.4,,,,,0.000,,,,
,51,,,,,8.241,,,,,25.4,,,,,0.001,,,,
,52,,,,,8.241,,,,,25.4,,,,,0.000,,,,
,53,,,,,8.241,,,,,25.4,,,,,0.000,,,,
,54,,,,,8.242,,,,,25.4,,,,,0.001,,,,
,55,,,,,8.242,,,,,25.4,,,,,0.000,,,,
,56,,,,,8.243,,,,,25.4,,,,,0.001,,,,
,57,,,,,8.243,,,,,25.4,,,,,0.000,,,,
,58,,,,,8.243,,,,,25.4,,,,,0.000,,,,
,59,,,,,8.243,,,,,25.4,,,,,0.000,,,,
,60,,,,,8.244,,,,,25.4,,,,,0.001,,,,
Titration (EQP) [1],,,,,,,,"Scope 1/1, Sample 8/23",,,,,,,,,,,,
Measured Values,,,,,"Scope 1/1, Sample 8/23",,,,,,,,,,,,,,,
,Time,,V,,,Meas. value,,,dV,,Temp.,,,dE,,,dE/dV,,,EQP
,[s],,[mL],,,[pH],,,[mL],,[°C],,,[pH],,,[pH/mL],,,
,0,,0.00000,,,8.245,,,,,25.4,,,,,,,,,
,28,,0.08575,,,7.966,,,0.08575,,25.4,,,-0.279,,,,,,
,58,,0.12850,,,7.731,,,0.04275,,25.4,,,-0.235,,,,,,
,88,,0.15000,,,7.618,,,0.02150,,25.4,,,-0.113,,,,,,
,179,,0.17650,,,7.522,,,0.02650,,25.4,,,-0.096,,,,,,
,209,,0.22650,,,7.358,,,0.05000,,25.4,,,-0.164,,,-3.20,,,
,239,,0.27200,,,7.233,,,0.04550,,25.4,,,-0.125,,,-2.45,,,
,269,,0.32200,,,7.119,,,0.05000,,25.4,,,-0.114,,,-2.04,,,
,300,,0.37200,,,7.028,,,0.05000,,25.4,,,-0.091,,,-1.75,,,
,330,,0.42200,,,6.950,,,0.05000,,25.4,,,-0.078,,,-1.51,,,
,360,,0.47200,,,6.875,,,0.05000,,25.4,,,-0.075,,,-1.36,,,
,390,,0.52200,,,6.809,,,0.05000,,25.4,,,-0.066,,,-1.24,,,
,421,,0.57200,,,6.749,,,0.05000,,25.4,,,-0.060,,,-1.15,,,
,451,,0.62200,,,6.694,,,0.05000,,25.4,,,-0.055,,,-1.06,,,
,481,,0.67200,,,6.643,,,0.05000,,25.4,,,-0.051,,,-0.99,,,
,511,,0.72200,,,6.596,,,0.05000,,25.4,,,-0.047,,,-0.93,,,
,542,,0.77200,,,6.550,,,0.05000,,25.4,,,-0.046,,,-0.90,,,
,572,,0.82200,,,6.505,,,0.05000,,25.4,,,-0.045,,,-0.86,,,
,602,,0.87200,,,6.463,,,0.05000,,25.4,,,-0.042,,,-0.84,,,
,632,,0.92200,,,6.422,,,0.05000,,25.4,,,-0.041,,,-0.81,,,
,663,,0.97200,,,6.381,,,0.05000,,25.4,,,-0.041,,,-0.79,,,
,693,,1.02200,,,6.343,,,0.05000,,25.4,,,-0.038,,,-0.78,,,
,723,,1.07200,,,6.303,,,0.05000,,25.3,,,-0.040,,,-0.78,,,
,753,,1.12200,,,6.264,,,0.05000,,25.4,,,-0.039,,,-0.78,,,
,784,,1.17200,,,6.225,,,0.05000,,25.4,,,-0.039,,,-0.78,,,
,814,,1.22200,,,6.186,,,0.05000,,25.4,,,-0.039,,,-0.79,,,
,844,,1.27200,,,6.146,,,0.05000,,25.4,,,-0.040,,,-0.81,,,
,874,,1.32200,,,6.105,,,0.05000,,25.4,,,-0.041,,,-0.83,,,
,904,,1.37200,,,6.063,,,0.05000,,25.4,,,-0.042,,,-0.85,,,
,935,,1.42200,,,6.019,,,0.05000,,25.3,,,-0.044,,,-0.88,,,
,965,,1.47200,,,5.975,,,0.05000,,25.3,,,-0.044,,,-0.92,,,
,995,,1.52200,,,5.927,,,0.05000,,25.3,,,-0.048,,,-0.97,,,
,1026,,1.57200,,,5.877,,,0.05000,,25.3,,,-0.050,,,-1.04,,,
,1056,,1.62200,,,5.822,,,0.05000,,25.3,,,-0.055,,,-1.12,,,
,1086,,1.67200,,,5.764,,,0.05000,,25.3,,,-0.058,,,-1.22,,,
,1116,,1.72200,,,5.700,,,0.05000,,25.3,,,-0.064,,,-1.34,,,
,1146,,1.77200,,,5.626,,,0.05000,,25.3,,,-0.074,,,-1.52,,,
,1177,,1.82200,,,5.544,,,0.05000,,25.3,,,-0.082,,,-1.78,,,
,1207,,1.87200,,,5.447,,,0.05000,,25.3,,,-0.097,,,-2.18,,,
,1237,,1.92200,,,5.327,,,0.05000,,25.3,,,-0.120,,,-2.78,,,
,1268,,1.97200,,,5.174,,,0.05000,,25.3,,,-0.153,,,-3.71,,,
,1298,,2.01125,,,5.016,,,0.03925,,25.3,,,-0.158,,,-4.71,,,
,1328,,2.03700,,,4.886,,,0.02575,,25.3,,,-0.130,,,-5.45,,,
,1358,,2.05825,,,4.758,,,0.02125,,25.3,,,-0.128,,,-6.08,,,
,1388,,2.07725,,,4.626,,,0.01900,,25.3,,,-0.132,,,-6.71,,,
,,,2.092673 ???,,,4.510 ???,,,,,,,,,,,,,,EQP
,1419,,2.09425,,,4.498,,,0.01700,,25.3,,,-0.128,,,-7.13,,,
,1449,,2.11075,,,4.375,,,0.01650,,25.3,,,-0.123,,,-6.81,,,
,1479,,2.12925,,,4.245,,,0.01850,,25.3,,,-0.130,,,-6.13,,,
,1509,,2.14975,,,4.122,,,0.02050,,25.3,,,-0.123,,,-5.45,,,
,1540,,2.17600,,,3.988,,,0.02625,,25.3,,,-0.134,,,-4.65,,,
,1570,,2.20750,,,3.861,,,0.03150,,25.3,,,-0.127,,,-3.80,,,
,1600,,2.25000,,,3.727,,,0.04250,,25.3,,,-0.134,,,-2.92,,,
,1630,,2.30000,,,3.606,,,0.05000,,25.3,,,-0.121,,,-2.20,,,
,1661,,2.35000,,,3.509,,,0.05000,,25.3,,,-0.097,,,-1.74,,,
,1691,,2.40000,,,3.430,,,0.05000,,25.3,,,-0.079,,,-1.44,,,
,1721,,2.45000,,,3.363,,,0.05000,,25.3,,,-0.067,,,-1.23,,,
,1751,,2.50000,,,3.304,,,0.05000,,25.3,,,-0.059,,,-1.09,,,
,1782,,2.55000,,,3.252,,,0.05000,,25.3,,,-0.052,,,-0.97,,,
,1812,,2.60000,,,3.206,,,0.05000,,25.3,,,-0.046,,,-0.88,,,
,1842,,2.65000,,,3.164,,,0.05000,,25.3,,,-0.042,,,-0.80,,,
,1872,,2.70000,,,3.125,,,0.05000,,25.3,,,-0.039,,,,,,
,1902,,2.75000,,,3.090,,,0.05000,,25.3,,,-0.035,,,,,,
,1933,,2.80000,,,3.057,,,0.05000,,25.3,,,-0.033,,,,,,
,1963,,2.85000,,,3.027,,,0.05000,,25.3,,,-0.030,,,,,,
,1993,,2.90000,,,2.999,,,0.05000,,25.3,,,-0.028,,,,,,
Measure (normal) [1],,,,,,,,"Scope 1/1, Sample 9/23",,,,,,,,,,,,
Measured Values,,,,,"Scope 1/1, Sample 9/23",,,,,,,,,,,,,,,
,Time,,,,,Meas. value,,,,,Temp.,,,,,dE,,,,
,[s],,,,,[pH],,,,,[°C],,,,,[pH],,,,
,1,,,,,4.745,,,,,23.5,,,,,,,,,
,2,,,,,5.036,,,,,23.7,,,,,0.291,,,,
,3,,,,,5.318,,,,,23.9,,,,,0.282,,,,
,4,,,,,5.551,,,,,24.2,,,,,0.233,,,,
,5,,,,,5.757,,,,,24.4,,,,,0.206,,,,
,6,,,,,5.948,,,,,24.6,,,,,0.191,,,,
,7,,,,,6.134,,,,,24.8,,,,,0.186,,,,
,8,,,,,6.293,,,,,24.9,,,,,0.159,,,,
,9,,,,,6.461,,,,,25.0,,,,,0.168,,,,
,10,,,,,6.620,,,,,25.1,,,,,0.159,,,,
,11,,,,,6.769,,,,,25.1,,,,,0.149,,,,
,12,,,,,6.911,,,,,25.2,,,,,0.142,,,,
,13,,,,,7.039,,,,,25.2,,,,,0.128,,,,
,14,,,,,7.156,,,,,25.3,,,,,0.117,,,,
,15,,,,,7.252,,,,,25.3,,,,,0.096,,,,
,16,,,,,7.349,,,,,25.3,,,,,0.097,,,,
,17,,,,,7.437,,,,,25.3,,,,,0.088,,,,
,18,,,,,7.515,,,,,25.3,,,,,0.078,,,,
,19,,,,,7.585,,,,,25.3,,,,,0.070,,,,
,20,,,,,7.648,,,,,25.3,,,,,0.063,,,,
,21,,,,,7.706,,,,,25.3,,,,,0.058,,,,
,22,,,,,7.750,,,,,25.4,,,,,0.044,,,,
,23,,,,,7.795,,,,,25.4,,,,,0.045,,,,
,24,,,,,7.836,,,,,25.4,,,,,0.041,,,,
,25,,,,,7.873,,,,,25.4,,,,,0.037,,,,
,26,,,,,7.905,,,,,25.4,,,,,0.032,,,,
,27,,,,,7.932,,,,,25.4,,,,,0.027,,,,
,28,,,,,7.957,,,,,25.4,,,,,0.025,,,,
,29,,,,,7.977,,,,,25.4,,,,,0.020,,,,
,30,,,,,7.997,,,,,25.4,,,,,0.020,,,,
,31,,,,,8.014,,,,,25.4,,,,,0.017,,,,
,32,,,,,8.031,,,,,25.4,,,,,0.017,,,,
,33,,,,,8.045,,,,,25.4,,,,,0.014,,,,
,34,,,,,8.056,,,,,25.4,,,,,0.011,,,,
,35,,,,,8.067,,,,,25.4,,,,,0.011,,,,
,36,,,,,8.076,,,,,25.4,,,,,0.009,,,,
,37,,,,,8.084,,,,,25.4,,,,,0.008,,,,
,38,,,,,8.091,,,,,25.4,,,,,0.007,,,,
,39,,,,,8.098,,,,,25.4,,,,,0.007,,,,
,40,,,,,8.104,,,,,25.4,,,,,0.006,,,,
,41,,,,,8.110,,,,,25.4,,,,,0.006,,,,
,42,,,,,8.114,,,,,25.4,,,,,0.004,,,,
,43,,,,,8.118,,,,,25.4,,,,,0.004,,,,
,44,,,,,8.122,,,,,25.4,,,,,0.004,,,,
,45,,,,,8.126,,,,,25.4,,,,,0.004,,,,
,46,,,,,8.129,,,,,25.4,,,,,0.003,,,,
,47,,,,,8.131,,,,,25.4,,,,,0.002,,,,
,48,,,,,8.134,,,,,25.4,,,,,0.003,,,,
,49,,,,,8.136,,,,,25.4,,,,,0.002,,,,
,50,,,,,8.138,,,,,25.4,,,,,0.002,,,,
,51,,,,,8.140,,,,,25.4,,,,,0.002,,,,
,52,,,,,8.141,,,,,25.4,,,,,0.001,,,,
,53,,,,,8.143,,,,,25.4,,,,,0.002,,,,
,54,,,,,8.144,,,,,25.4,,,,,0.001,,,,
,55,,,,,8.145,,,,,25.4,,,,,0.001,,,,
,56,,,,,8.146,,,,,25.4,,,,,0.001,,,,
,57,,,,,8.147,,,,,25.4,,,,,0.001,,,,
,58,,,,,8.148,,,,,25.4,,,,,0.001,,,,
,59,,,,,8.149,,,,,25.4,,,,,0.001,,,,
,60,,,,,8.150,,,,,25.4,,,,,0.001,,,,
Titration (EQP) [1],,,,,,,,"Scope 1/1, Sample 9/23",,,,,,,,,,,,
Measured Values,,,,,"Scope 1/1, Sample 9/23",,,,,,,,,,,,,,,
,Time,,V,,,Meas. value,,,dV,,Temp.,,,dE,,,dE/dV,,,EQP
,[s],,[mL],,,[pH],,,[mL],,[°C],,,[pH],,,[pH/mL],,,
,0,,0.00000,,,8.152,,,,,25.4,,,,,,,,,
,28,,0.08575,,,7.712,,,0.08575,,25.4,,,-0.440,,,,,,
,58,,0.12850,,,7.421,,,0.04275,,25.4,,,-0.291,,,,,,
,88,,0.15000,,,7.297,,,0.02150,,25.4,,,-0.124,,,,,,
,179,,0.17775,,,7.199,,,0.02775,,25.4,,,-0.098,,,,,,
,209,,0.22775,,,7.070,,,0.05000,,25.4,,,-0.129,,,-2.90,,,
,239,,0.27775,,,6.953,,,0.05000,,25.4,,,-0.117,,,-2.15,,,
,269,,0.32775,,,6.840,,,0.05000,,25.4,,,-0.113,,,-1.99,,,
,300,,0.37775,,,6.744,,,0.05000,,25.4,,,-0.096,,,-1.85,,,
,330,,0.42775,,,6.656,,,0.05000,,25.4,,,-0.088,,,-1.71,,,
,360,,0.47775,,,6.575,,,0.05000,,25.4,,,-0.081,,,-1.57,,,
,390,,0.52775,,,6.497,,,0.05000,,25.4,,,-0.078,,,-1.45,,,
,421,,0.57775,,,6.427,,,0.05000,,25.4,,,-0.070,,,-1.38,,,
,451,,0.62775,,,6.360,,,0.05000,,25.4,,,-0.067,,,-1.32,,,
,481,,0.67775,,,6.296,,,0.05000,,25.4,,,-0.064,,,-1.28,,,
,511,,0.72775,,,6.232,,,0.05000,,25.4,,,-0.064,,,-1.27,,,
,542,,0.77775,,,6.167,,,0.05000,,25.4,,,-0.065,,,-1.28,,,
,572,,0.82775,,,6.103,,,0.05000,,25.4,,,-0.064,,,-1.31,,,
,602,,0.87775,,,6.036,,,0.05000,,25.4,,,-0.067,,,-1.36,,,
,632,,0.92775,,,5.967,,,0.05000,,25.4,,,-0.069,,,-1.42,,,
,663,,0.97775,,,5.892,,,0.05000,,25.4,,,-0.075,,,-1.51,,,
,693,,1.02775,,,5.811,,,0.05000,,25.4,,,-0.081,,,-1.65,,,
,723,,1.07775,,,5.724,,,0.05000,,25.4,,,-0.087,,,-1.87,,,
,753,,1.12775,,,5.623,,,0.05000,,25.4,,,-0.101,,,-2.21,,,
,784,,1.17775,,,5.503,,,0.05000,,25.4,,,-0.120,,,-2.76,,,
,814,,1.22775,,,5.352,,,0.05000,,25.4,,,-0.151,,,-3.67,,,
,844,,1.26775,,,5.195,,,0.04000,,25.4,,,-0.157,,,-4.76,,,
,874,,1.29475,,,5.060,,,0.02700,,25.4,,,-0.135,,,-5.71,,,
,904,,1.31600,,,4.932,,,0.02125,,25.4,,,-0.128,,,-6.53,,,
,935,,1.33475,,,4.796,,,0.01875,,25.4,,,-0.136,,,-7.30,,,
,965,,1.35025,,,4.665,,,0.01550,,25.4,,,-0.131,,,-8.07,,,
,,,1.362389 ???,,,4.557 ???,,,,,,,,,,,,,,EQP
,995,,1.36425,,,4.540,,,0.01400,,25.4,,,-0.125,,,-8.46,,,
,1026,,1.37850,,,4.413,,,0.01425,,25.4,,,-0.127,,,-7.98,,,
,1056,,1.39375,,,4.290,,,0.01525,,25.4,,,-0.123,,,-7.13,,,
,1086,,1.41225,,,4.160,,,0.01850,,25.4,,,-0.130,,,-6.31,,,
,1116,,1.43425,,,4.032,,,0.02200,,25.4,,,-0.128,,,-5.40,,,
,1146,,1.46250,,,3.901,,,0.02825,,25.4,,,-0.131,,,-4.39,,,
,1177,,1.49950,,,3.769,,,0.03700,,25.4,,,-0.132,,,-3.37,,,
,1207,,1.54900,,,3.636,,,0.04950,,25.4,,,-0.133,,,-2.45,,,
,1237,,1.59900,,,3.532,,,0.05000,,25.4,,,-0.104,,,-1.89,,,
,1267,,1.64900,,,3.447,,,0.05000,,25.4,,,-0.085,,,-1.53,,,
,1298,,1.69900,,,3.376,,,0.05000,,25.4,,,-0.071,,,-1.30,,,
,1328,,1.74900,,,3.315,,,0.05000,,25.3,,,-0.061,,,-1.13,,,
,1358,,1.79900,,,3.260,,,0.05000,,25.3,,,-0.055,,,-1.01,,,
,1388,,1.84900,,,3.213,,,0.05000,,25.3,,,-0.047,,,-0.90,,,
,1419,,1.89900,,,3.169,,,0.05000,,25.3,,,-0.044,,,-0.82,,,
,1449,,1.94900,,,3.130,,,0.05000,,25.3,,,-0.039,,,-0.75,,,
,1479,,1.99900,,,3.094,,,0.05000,,25.3,,,-0.036,,,,,,
,1509,,2.04900,,,3.061,,,0.05000,,25.3,,,-0.033,,,,,,
,1540,,2.09900,,,3.030,,,0.05000,,25.3,,,-0.031,,,,,,
,1570,,2.14900,,,3.001,,,0.05000,,25.3,,,-0.029,,,,,,
,1600,,2.19900,,,2.973,,,0.05000,,25.3,,,-0.028,,,,,,
Measure (normal) [1],,,,,,,,"Scope 1/1, Sample 10/23",,,,,,,,,,,,
Measured Values,,,,,"Scope 1/1, Sample 10/23",,,,,,,,,,,,,,,
,Time,,,,,Meas. value,,,,,Temp.,,,,,dE,,,,
,[s],,,,,[pH],,,,,[°C],,,,,[pH],,,,
,1,,,,,4.680,,,,,23.6,,,,,,,,,
,2,,,,,4.988,,,,,23.8,,,,,0.308,,,,
,3,,,,,5.275,,,,,24.0,,,,,0.287,,,,
,4,,,,,5.511,,,,,24.3,,,,,0.236,,,,
,5,,,,,5.721,,,,,24.5,,,,,0.210,,,,
,6,,,,,5.909,,,,,24.7,,,,,0.188,,,,
,7,,,,,6.088,,,,,24.8,,,,,0.179,,,,
,8,,,,,6.247,,,,,25.0,,,,,0.159,,,,
,9,,,,,6.412,,,,,25.0,,,,,0.165,,,,
,10,,,,,6.572,,,,,25.1,,,,,0.160,,,,
,11,,,,,6.721,,,,,25.2,,,,,0.149,,,,
,12,,,,,6.862,,,,,25.2,,,,,0.141,,,,
,13,,,,,6.992,,,,,25.3,,,,,0.130,,,,
,14,,,,,7.104,,,,,25.3,,,,,0.112,,,,
,15,,,,,7.202,,,,,25.3,,,,,0.098,,,,
,16,,,,,7.297,,,,,25.3,,,,,0.095,,,,
,17,,,,,7.386,,,,,25.3,,,,,0.089,,,,
,18,,,,,7.468,,,,,25.4,,,,,0.082,,,,
,19,,,,,7.541,,,,,25.4,,,,,0.073,,,,
,20,,,,,7.607,,,,,25.4,,,,,0.066,,,,
,21,,,,,7.666,,,,,25.4,,,,,0.059,,,,
,22,,,,,7.715,,,,,25.4,,,,,0.049,,,,
,23,,,,,7.764,,,,,25.4,,,,,0.049,,,,
,24,,,,,7.808,,,,,25.4,,,,,0.044,,,,
,25,,,,,7.846,,,,,25.4,,,,,0.038,,,,
,26,,,,,7.879,,,,,25.4,,,,,0.033,,,,
,27,,,,,7.909,,,,,25.4,,,,,0.030,,,,
,28,,,,,7.934,,,,,25.4,,,,,0.025,,,,
,29,,,,,7.955,,,,,25.4,,,,,0.021,,,,
,30,,,,,7.977,,,,,25.4,,,,,0.022,,,,
,31,,,,,7.996,,,,,25.4,,,,,0.019,,,,
,32,,,,,8.013,,,,,25.4,,,,,0.017,,,,
,33,,,,,8.028,,,,,25.4,,,,,0.015,,,,
,34,,,,,8.041,,,,,25.4,,,,,0.013,,,,
,35,,,,,8.052,,,,,25.4,,,,,0.011,,,,
,36,,,,,8.061,,,,,25.4,,,,,0.009,,,,
,37,,,,,8.070,,,,,25.4,,,,,0.009,,,,
,38,,,,,8.078,,,,,25.4,,,,,0.008,,,,
,39,,,,,8.086,,,,,25.4,,,,,0.008,,,,
,40,,,,,8.093,,,,,25.4,,,,,0.007,,,,
,41,,,,,8.099,,,,,25.4,,,,,0.006,,,,
,42,,,,,8.104,,,,,25.4,,,,,0.005,,,,
,43,,,,,8.107,,,,,25.4,,,,,0.003,,,,
,44,,,,,8.112,,,,,25.4,,,,,0.005,,,,
,45,,,,,8.116,,,,,25.4,,,,,0.004,,,,
,46,,,,,8.119,,,,,25.4,,,,,0.003,,,,
,47,,,,,8.122,,,,,25.4,,,,,0.003,,,,
,48,,,,,8.125,,,,,25.4,,,,,0.003,,,,
,49,,,,,8.127,,,,,25.4,,,,,0.002,,,,
,50,,,,,8.130,,,,,25.4,,,,,0.003,,,,
,51,,,,,8.131,,,,,25.4,,,,,0.001,,,,
,52,,,,,8.133,,,,,25.4,,,,,0.002,,,,
,53,,,,,8.135,,,,,25.4,,,,,0.002,,,,
,54,,,,,8.137,,,,,25.4,,,,,0.002,,,,
,55,,,,,8.138,,,,,25.4,,,,,0.001,,,,
,56,,,,,8.139,,,,,25.4,,,,,0.001,,,,
,57,,,,,8.141,,,,,25.4,,,,,0.002,,,,
,58,,,,,8.141,,,,,25.4,,,,,0.000,,,,
,59,,,,,8.142,,,,,25.4,,,,,0.001,,,,
,60,,,,,8.143,,,,,25.4,,,,,0.001,,,,
Titration (EQP) [1],,,,,,,,"Scope 1/1, Sample 10/23",,,,,,,,,,,,
Measured Values,,,,,"Scope 1/1, Sample 10/23",,,,,,,,,,,,,,,
,Time,,V,,,Meas. value,,,dV,,Temp.,,,dE,,,dE/dV,,,EQP
,[s],,[mL],,,[pH],,,[mL],,[°C],,,[pH],,,[pH/mL],,,
,0,,0.00000,,,8.144,,,,,25.4,,,,,,,,,
,28,,0.08575,,,7.683,,,0.08575,,25.4,,,-0.461,,,,,,
,58,,0.12850,,,7.388,,,0.04275,,25.4,,,-0.295,,,,,,
,88,,0.15000,,,7.261,,,0.02150,,25.4,,,-0.127,,,,,,
,178,,0.17650,,,7.160,,,0.02650,,25.4,,,-0.101,,,,,,
,209,,0.22650,,,7.035,,,0.05000,,25.4,,,-0.125,,,-2.94,,,
,239,,0.27650,,,6.916,,,0.05000,,25.4,,,-0.119,,,-2.18,,,
,269,,0.32650,,,6.803,,,0.05000,,25.4,,,-0.113,,,-2.03,,,
,300,,0.37650,,,6.702,,,0.05000,,25.4,,,-0.101,,,-1.91,,,
,330,,0.42650,,,6.611,,,0.05000,,25.4,,,-0.091,,,-1.78,,,
,360,,0.47650,,,6.526,,,0.05000,,25.4,,,-0.085,,,-1.63,,,
,390,,0.52650,,,6.447,,,0.05000,,25.4,,,-0.079,,,-1.53,,,
,420,,0.57650,,,6.372,,,0.05000,,25.4,,,-0.075,,,-1.45,,,
,451,,0.62650,,,6.302,,,0.05000,,25.4,,,-0.070,,,-1.41,,,
,481,,0.67650,,,6.231,,,0.05000,,25.4,,,-0.071,,,-1.39,,,
,511,,0.72650,,,6.162,,,0.05000,,25.4,,,-0.069,,,-1.40,,,
,541,,0.77650,,,6.091,,,0.05000,,25.4,,,-0.071,,,-1.43,,,
,572,,0.82650,,,6.018,,,0.05000,,25.4,,,-0.073,,,-1.47,,,
,602,,0.87650,,,5.942,,,0.05000,,25.4,,,-0.076,,,-1.55,,,
,632,,0.92650,,,5.860,,,0.05000,,25.4,,,-0.082,,,-1.67,,,
,662,,0.97650,,,5.771,,,0.05000,,25.4,,,-0.089,,,-1.88,,,
,693,,1.02650,,,5.671,,,0.05000,,25.4,,,-0.100,,,-2.20,,,
,723,,1.07650,,,5.550,,,0.05000,,25.4,,,-0.121,,,-2.73,,,
,753,,1.12650,,,5.402,,,0.05000,,25.4,,,-0.148,,,-3.59,,,
,783,,1.16825,,,5.241,,,0.04175,,25.4,,,-0.161,,,-4.71,,,
,814,,1.19550,,,5.109,,,0.02725,,25.4,,,-0.132,,,-5.68,,,
,844,,1.21800,,,4.974,,,0.02250,,25.4,,,-0.135,,,-6.61,,,
,874,,1.23625,,,4.841,,,0.01825,,25.4,,,-0.133,,,-7.40,,,
,904,,1.25175,,,4.711,,,0.01550,,25.4,,,-0.130,,,-8.22,,,
,934,,1.26575,,,4.582,,,0.01400,,25.4,,,-0.129,,,-8.85,,,
,,,1.266131 ???,,,4.578 ???,,,,,,,,,,,,,,EQP
,965,,1.27925,,,4.453,,,0.01350,,25.4,,,-0.129,,,-8.55,,,
,995,,1.29300,,,4.332,,,0.01375,,25.4,,,-0.121,,,-7.70,,,
,1025,,1.31000,,,4.203,,,0.01700,,25.4,,,-0.129,,,-6.82,,,
,1056,,1.33025,,,4.072,,,0.02025,,25.4,,,-0.131,,,-5.90,,,
,1086,,1.35525,,,3.945,,,0.02500,,25.4,,,-0.127,,,-4.87,,,
,1116,,1.38900,,,3.811,,,0.03375,,25.4,,,-0.134,,,-3.78,,,
,1146,,1.43225,,,3.680,,,0.04325,,25.4,,,-0.131,,,-2.81,,,
,1176,,1.48225,,,3.564,,,0.05000,,25.4,,,-0.116,,,-2.11,,,
,1207,,1.53225,,,3.472,,,0.05000,,25.4,,,-0.092,,,-1.67,,,
,1237,,1.58225,,,3.395,,,0.05000,,25.4,,,-0.077,,,-1.38,,,
,1267,,1.63225,,,3.330,,,0.05000,,25.4,,,-0.065,,,-1.19,,,
,1298,,1.68225,,,3.273,,,0.05000,,25.4,,,-0.057,,,-1.05,,,
,1328,,1.73225,,,3.224,,,0.05000,,25.4,,,-0.049,,,-0.94,,,
,1358,,1.78225,,,3.178,,,0.05000,,25.4,,,-0.046,,,-0.85,,,
,1388,,1.83225,,,3.137,,,0.05000,,25.4,,,-0.041,,,-0.78,,,
,1418,,1.88225,,,3.100,,,0.05000,,25.4,,,-0.037,,,,,,
,1449,,1.93225,,,3.065,,,0.05000,,25.4,,,-0.035,,,,,,
,1479,,1.98225,,,3.034,,,0.05000,,25.4,,,-0.031,,,,,,
,1509,,2.03225,,,3.004,,,0.05000,,25.4,,,-0.030,,,,,,
,1539,,2.08225,,,2.976,,,0.05000,,25.4,,,-0.028,,,,,,
Measure (normal) [1],,,,,,,,"Scope 1/1, Sample 11/23",,,,,,,,,,,,
Measured Values,,,,,"Scope 1/1, Sample 11/23",,,,,,,,,,,,,,,
,Time,,,,,Meas. value,,,,,Temp.,,,,,dE,,,,
,[s],,,,,[pH],,,,,[°C],,,,,[pH],,,,
,1,,,,,4.760,,,,,21.1,,,,,,,,,
,2,,,,,5.051,,,,,21.6,,,,,0.291,,,,
,3,,,,,5.334,,,,,22.1,,,,,0.283,,,,
,4,,,,,5.569,,,,,22.7,,,,,0.235,,,,
,5,,,,,5.770,,,,,23.3,,,,,0.201,,,,
,6,,,,,5.953,,,,,23.7,,,,,0.183,,,,
,7,,,,,6.126,,,,,24.0,,,,,0.173,,,,
,8,,,,,6.278,,,,,24.3,,,,,0.152,,,,
,9,,,,,6.438,,,,,24.5,,,,,0.160,,,,
,10,,,,,6.593,,,,,24.6,,,,,0.155,,,,
,11,,,,,6.738,,,,,24.8,,,,,0.145,,,,
,12,,,,,6.877,,,,,24.9,,,,,0.139,,,,
,13,,,,,7.001,,,,,25.0,,,,,0.124,,,,
,14,,,,,7.107,,,,,25.0,,,,,0.106,,,,
,15,,,,,7.204,,,,,25.1,,,,,0.097,,,,
,16,,,,,7.298,,,,,25.1,,,,,0.094,,,,
,17,,,,,7.385,,,,,25.1,,,,,0.087,,,,
,18,,,,,7.465,,,,,25.2,,,,,0.080,,,,
,19,,,,,7.538,,,,,25.2,,,,,0.073,,,,
,20,,,,,7.601,,,,,25.2,,,,,0.063,,,,
,21,,,,,7.652,,,,,25.2,,,,,0.051,,,,
,22,,,,,7.704,,,,,25.2,,,,,0.052,,,,
,23,,,,,7.752,,,,,25.2,,,,,0.048,,,,
,24,,,,,7.796,,,,,25.2,,,,,0.044,,,,
,25,,,,,7.833,,,,,25.2,,,,,0.037,,,,
,26,,,,,7.867,,,,,25.2,,,,,0.034,,,,
,27,,,,,7.896,,,,,25.2,,,,,0.029,,,,
,28,,,,,7.921,,,,,25.2,,,,,0.025,,,,
,29,,,,,7.946,,,,,25.2,,,,,0.025,,,,
,30,,,,,7.968,,,,,25.2,,,,,0.022,,,,
,31,,,,,7.987,,,,,25.2,,,,,0.019,,,,
,32,,,,,8.004,,,,,25.2,,,,,0.017,,,,
,33,,,,,8.019,,,,,25.2,,,,,0.015,,,,
,34,,,,,8.031,,,,,25.2,,,,,0.012,,,,
,35,,,,,8.043,,,,,25.2,,,,,0.012,,,,
,36,,,,,8.054,,,,,25.2,,,,,0.011,,,,
,37,,,,,8.064,,,,,25.2,,,,,0.010,,,,
,38,,,,,8.073,,,,,25.2,,,,,0.009,,,,
,39,,,,,8.080,,,,,25.2,,,,,0.007,,,,
,40,,,,,8.087,,,,,25.2,,,,,0.007,,,,
,41,,,,,8.093,,,,,25.2,,,,,0.006,,,,
,42,,,,,8.098,,,,,25.2,,,,,0.005,,,,
,43,,,,,8.103,,,,,25.2,,,,,0.005,,,,
,44,,,,,8.107,,,,,25.2,,,,,0.004,,,,
,45,,,,,8.111,,,,,25.2,,,,,0.004,,,,
,46,,,,,8.115,,,,,25.2,,,,,0.004,,,,
,47,,,,,8.118,,,,,25.2,,,,,0.003,,,,
,48,,,,,8.121,,,,,25.2,,,,,0.003,,,,
,49,,,,,8.124,,,,,25.2,,,,,0.003,,,,
,50,,,,,8.127,,,,,25.2,,,,,0.003,,,,
,51,,,,,8.129,,,,,25.2,,,,,0.002,,,,
,52,,,,,8.131,,,,,25.2,,,,,0.002,,,,
,53,,,,,8.132,,,,,25.2,,,,,0.001,,,,
,54,,,,,8.134,,,,,25.2,,,,,0.002,,,,
,55,,,,,8.135,,,,,25.2,,,,,0.001,,,,
,56,,,,,8.137,,,,,25.2,,,,,0.002,,,,
,57,,,,,8.138,,,,,25.2,,,,,0.001,,,,
,58,,,,,8.139,,,,,25.2,,,,,0.001,,,,
,59,,,,,8.139,,,,,25.2,,,,,0.000,,,,
,60,,,,,8.141,,,,,25.2,,,,,0.002,,,,
Titration (EQP) [1],,,,,,,,"Scope 1/1, Sample 11/23",,,,,,,,,,,,
Measured Values,,,,,"Scope 1/1, Sample 11/23",,,,,,,,,,,,,,,
,Time,,V,,,Meas. value,,,dV,,Temp.,,,dE,,,dE/dV,,,EQP
,[s],,[mL],,,[pH],,,[mL],,[°C],,,[pH],,,[pH/mL],,,
,0,,0.00000,,,8.142,,,,,25.2,,,,,,,,,
,28,,0.08575,,,7.674,,,0.08575,,25.2,,,-0.468,,,,,,
,58,,0.12850,,,7.372,,,0.04275,,25.3,,,-0.302,,,,,,
,89,,0.15000,,,7.241,,,0.02150,,25.3,,,-0.131,,,,,,
,180,,0.17600,,,7.136,,,0.02600,,25.3,,,-0.105,,,,,,
,210,,0.22600,,,7.011,,,0.05000,,25.3,,,-0.125,,,-3.00,,,
,240,,0.27600,,,6.889,,,0.05000,,25.3,,,-0.122,,,-2.22,,,
,270,,0.32600,,,6.776,,,0.05000,,25.3,,,-0.113,,,-2.07,,,
,301,,0.37600,,,6.671,,,0.05000,,25.3,,,-0.105,,,-1.97,,,
,331,,0.42600,,,6.577,,,0.05000,,25.3,,,-0.094,,,-1.85,,,
,361,,0.47600,,,6.487,,,0.05000,,25.3,,,-0.090,,,-1.72,,,
,391,,0.52600,,,6.404,,,0.05000,,25.3,,,-0.083,,,-1.61,,,
,422,,0.57600,,,6.325,,,0.05000,,25.3,,,-0.079,,,-1.53,,,
,452,,0.62600,,,6.251,,,0.05000,,25.3,,,-0.074,,,-1.49,,,
,482,,0.67600,,,6.176,,,0.05000,,25.3,,,-0.075,,,-1.48,,,
,512,,0.72600,,,6.103,,,0.05000,,25.3,,,-0.073,,,-1.50,,,
,542,,0.77600,,,6.025,,,0.05000,,25.3,,,-0.078,,,-1.55,,,
,573,,0.82600,,,5.945,,,0.05000,,25.3,,,-0.080,,,-1.64,,,
,603,,0.87600,,,5.859,,,0.05000,,25.3,,,-0.086,,,-1.76,,,
,633,,0.92600,,,5.765,,,0.05000,,25.3,,,-0.094,,,-1.98,,,
,664,,0.97600,,,5.659,,,0.05000,,25.3,,,-0.106,,,-2.32,,,
,694,,1.02600,,,5.533,,,0.05000,,25.3,,,-0.126,,,-2.89,,,
,724,,1.07600,,,5.377,,,0.05000,,25.3,,,-0.156,,,-3.84,,,
,754,,1.11400,,,5.222,,,0.03800,,25.3,,,-0.155,,,-4.94,,,
,784,,1.13950,,,5.093,,,0.02550,,25.3,,,-0.129,,,-5.91,,,
,815,,1.16125,,,4.957,,,0.02175,,25.3,,,-0.136,,,-6.84,,,
,845,,1.17875,,,4.822,,,0.01750,,25.3,,,-0.135,,,-7.64,,,
,875,,1.19300,,,4.698,,,0.01425,,25.3,,,-0.124,,,-8.48,,,
,,,1.206259 ???,,,4.573 ???,,,,,,,,,,,,,,EQP
,905,,1.20675,,,4.568,,,0.01375,,25.3,,,-0.130,,,-9.01,,,
,936,,1.22000,,,4.443,,,0.01325,,25.4,,,-0.125,,,-8.61,,,
,966,,1.23450,,,4.316,,,0.01450,,25.4,,,-0.127,,,-7.69,,,
,996,,1.25125,,,4.187,,,0.01675,,25.4,,,-0.129,,,-6.81,,,
,1026,,1.27125,,,4.060,,,0.02000,,25.4,,,-0.127,,,-5.88,,,
,1057,,1.29700,,,3.929,,,0.02575,,25.4,,,-0.131,,,-4.81,,,
,1087,,1.33050,,,3.800,,,0.03350,,25.4,,,-0.129,,,-3.74,,,
,1117,,1.37650,,,3.664,,,0.04600,,25.4,,,-0.136,,,-2.73,,,
,1147,,1.42650,,,3.551,,,0.05000,,25.4,,,-0.113,,,-2.05,,,
,1178,,1.47650,,,3.460,,,0.05000,,25.4,,,-0.091,,,-1.63,,,
,1208,,1.52650,,,3.385,,,0.05000,,25.4,,,-0.075,,,-1.37,,,
,1238,,1.57650,,,3.321,,,0.05000,,25.4,,,-0.064,,,-1.18,,,
,1268,,1.62650,,,3.265,,,0.05000,,25.4,,,-0.056,,,-1.04,,,
,1299,,1.67650,,,3.215,,,0.05000,,25.4,,,-0.050,,,-0.94,,,
,1329,,1.72650,,,3.170,,,0.05000,,25.4,,,-0.045,,,-0.85,,,
,1359,,1.77650,,,3.130,,,0.05000,,25.4,,,-0.040,,,,,,
,1389,,1.82650,,,3.092,,,0.05000,,25.4,,,-0.038,,,,,,
,1420,,1.87650,,,3.058,,,0.05000,,25.4,,,-0.034,,,,,,
,1450,,1.92650,,,3.027,,,0.05000,,25.4,,,-0.031,,,,,,
,1480,,1.97650,,,2.997,,,0.05000,,25.4,,,-0.030,,,,,,
Measure (normal) [1],,,,,,,,"Scope 1/1, Sample 12/23",,,,,,,,,,,,
Measured Values,,,,,"Scope 1/1, Sample 12/23",,,,,,,,,,,,,,,
,Time,,,,,Meas. value,,,,,Temp.,,,,,dE,,,,
,[s],,,,,[pH],,,,,[°C],,,,,[pH],,,,
,1,,,,,5.081,,,,,21.0,,,,,,,,,
,2,,,,,5.306,,,,,21.5,,,,,0.225,,,,
,3,,,,,5.545,,,,,22.1,,,,,0.239,,,,
,4,,,,,5.754,,,,,22.7,,,,,0.209,,,,
,5,,,,,5.939,,,,,23.2,,,,,0.185,,,,
,6,,,,,6.114,,,,,23.6,,,,,0.175,,,,
,7,,,,,6.277,,,,,24.0,,,,,0.163,,,,
,8,,,,,6.419,,,,,24.2,,,,,0.142,,,,
,9,,,,,6.569,,,,,24.4,,,,,0.150,,,,
,10,,,,,6.707,,,,,24.6,,,,,0.138,,,,
,11,,,,,6.835,,,,,24.7,,,,,0.128,,,,
,12,,,,,6.957,,,,,24.8,,,,,0.122,,,,
,13,,,,,7.063,,,,,24.9,,,,,0.106,,,,
,14,,,,,7.157,,,,,25.0,,,,,0.094,,,,
,15,,,,,7.251,,,,,25.0,,,,,0.094,,,,
,16,,,,,7.336,,,,,25.1,,,,,0.085,,,,
,17,,,,,7.414,,,,,25.1,,,,,0.078,,,,
,18,,,,,7.486,,,,,25.1,,,,,0.072,,,,
,19,,,,,7.552,,,,,25.1,,,,,0.066,,,,
,20,,,,,7.611,,,,,25.1,,,,,0.059,,,,
,21,,,,,7.661,,,,,25.2,,,,,0.050,,,,
,22,,,,,7.710,,,,,25.2,,,,,0.049,,,,
,23,,,,,7.754,,,,,25.2,,,,,0.044,,,,
,24,,,,,7.795,,,,,25.2,,,,,0.041,,,,
,25,,,,,7.830,,,,,25.2,,,,,0.035,,,,
,26,,,,,7.862,,,,,25.2,,,,,0.032,,,,
,27,,,,,7.887,,,,,25.2,,,,,0.025,,,,
,28,,,,,7.914,,,,,25.2,,,,,0.027,,,,
,29,,,,,7.937,,,,,25.2,,,,,0.023,,,,
,30,,,,,7.958,,,,,25.2,,,,,0.021,,,,
,31,,,,,7.976,,,,,25.2,,,,,0.018,,,,
,32,,,,,7.993,,,,,25.2,,,,,0.017,,,,
,33,,,,,8.006,,,,,25.2,,,,,0.013,,,,
,34,,,,,8.020,,,,,25.2,,,,,0.014,,,,
,35,,,,,8.032,,,,,25.2,,,,,0.012,,,,
,36,,,,,8.043,,,,,25.2,,,,,0.011,,,,
,37,,,,,8.052,,,,,25.2,,,,,0.009,,,,
,38,,,,,8.061,,,,,25.2,,,,,0.009,,,,
,39,,,,,8.069,,,,,25.2,,,,,0.008,,,,
,40,,,,,8.075,,,,,25.2,,,,,0.006,,,,
,41,,,,,8.082,,,,,25.2,,,,,0.007,,,,
,42,,,,,8.088,,,,,25.2,,,,,0.006,,,,
,43,,,,,8.093,,,,,25.2,,,,,0.005,,,,
,44,,,,,8.097,,,,,25.2,,,,,0.004,,,,
,45,,,,,8.101,,,,,25.2,,,,,0.004,,,,
,46,,,,,8.105,,,,,25.2,,,,,0.004,,,,
,47,,,,,8.108,,,,,25.2,,,,,0.003,,,,
,48,,,,,8.111,,,,,25.2,,,,,0.003,,,,
,49,,,,,8.114,,,,,25.2,,,,,0.003,,,,
,50,,,,,8.117,,,,,25.2,,,,,0.003,,,,
,51,,,,,8.119,,,,,25.2,,,,,0.002,,,,
,52,,,,,8.121,,,,,25.2,,,,,0.002,,,,
,53,,,,,8.123,,,,,25.2,,,,,0.002,,,,
,54,,,,,8.125,,,,,25.2,,,,,0.002,,,,
,55,,,,,8.127,,,,,25.2,,,,,0.002,,,,
,56,,,,,8.128,,,,,25.2,,,,,0.001,,,,
,57,,,,,8.129,,,,,25.2,,,,,0.001,,,,
,58,,,,,8.130,,,,,25.2,,,,,0.001,,,,
,59,,,,,8.131,,,,,25.2,,,,,0.001,,,,
,60,,,,,8.132,,,,,25.2,,,,,0.001,,,,
Titration (EQP) [1],,,,,,,,"Scope 1/1, Sample 12/23",,,,,,,,,,,,
Measured Values,,,,,"Scope 1/1, Sample 12/23",,,,,,,,,,,,,,,
,Time,,V,,,Meas. value,,,dV,,Temp.,,,dE,,,dE/dV,,,EQP
,[s],,[mL],,,[pH],,,[mL],,[°C],,,[pH],,,[pH/mL],,,
,0,,0.00000,,,8.134,,,,,25.2,,,,,,,,,
,28,,0.08575,,,7.666,,,0.08575,,25.2,,,-0.468,,,,,,
,58,,0.12850,,,7.363,,,0.04275,,25.2,,,-0.303,,,,,,
,88,,0.15000,,,7.229,,,0.02150,,25.2,,,-0.134,,,,,,
,180,,0.17475,,,7.125,,,0.02475,,25.2,,,-0.104,,,,,,
,210,,0.22275,,,7.006,,,0.04800,,25.2,,,-0.119,,,-3.07,,,
,240,,0.27275,,,6.882,,,0.05000,,25.3,,,-0.124,,,-2.27,,,
,270,,0.32275,,,6.768,,,0.05000,,25.3,,,-0.114,,,-2.10,,,
,301,,0.37275,,,6.663,,,0.05000,,25.3,,,-0.105,,,-1.99,,,
,331,,0.42275,,,6.566,,,0.05000,,25.3,,,-0.097,,,-1.87,,,
,361,,0.47275,,,6.474,,,0.05000,,25.3,,,-0.092,,,-1.74,,,
,391,,0.52275,,,6.393,,,0.05000,,25.3,,,-0.081,,,-1.63,,,
,422,,0.57275,,,6.313,,,0.05000,,25.3,,,-0.080,,,-1.56,,,
,452,,0.62275,,,6.235,,,0.05000,,25.3,,,-0.078,,,-1.52,,,
,482,,0.67275,,,6.159,,,0.05000,,25.3,,,-0.076,,,-1.51,,,
,512,,0.72275,,,6.084,,,0.05000,,25.3,,,-0.075,,,-1.54,,,
,543,,0.77275,,,6.004,,,0.05000,,25.3,,,-0.080,,,-1.59,,,
,573,,0.82275,,,5.922,,,0.05000,,25.3,,,-0.082,,,-1.68,,,
,603,,0.87275,,,5.833,,,0.05000,,25.3,,,-0.089,,,-1.84,,,
,633,,0.92275,,,5.734,,,0.05000,,25.3,,,-0.099,,,-2.10,,,
,664,,0.97275,,,5.622,,,0.05000,,25.3,,,-0.112,,,-2.50,,,
,694,,1.02275,,,5.486,,,0.05000,,25.3,,,-0.136,,,-3.18,,,
,724,,1.07275,,,5.311,,,0.05000,,25.3,,,-0.175,,,-4.33,,,
,754,,1.10300,,,5.178,,,0.03025,,25.3,,,-0.133,,,-5.33,,,
,784,,1.12725,,,5.045,,,0.02425,,25.3,,,-0.133,,,-6.33,,,
,815,,1.14725,,,4.908,,,0.02000,,25.3,,,-0.137,,,-7.22,,,
,845,,1.16300,,,4.779,,,0.01575,,25.3,,,-0.129,,,-8.00,,,
,875,,1.17675,,,4.651,,,0.01375,,25.3,,,-0.128,,,-8.90,,,
,,,1.186229 ???,,,4.560 ???,,,,,,,,,,,,,,EQP
,906,,1.18975,,,4.526,,,0.01300,,25.3,,,-0.125,,,-9.06,,,
,936,,1.20325,,,4.400,,,0.01350,,25.3,,,-0.126,,,-8.37,,,
,966,,1.21825,,,4.273,,,0.01500,,25.3,,,-0.127,,,-7.43,,,
,996,,1.23575,,,4.145,,,0.01750,,25.3,,,-0.128,,,-6.56,,,
,1026,,1.25725,,,4.018,,,0.02150,,25.3,,,-0.127,,,-5.57,,,
,1057,,1.28550,,,3.886,,,0.02825,,25.3,,,-0.132,,,-4.47,,,
,1087,,1.32225,,,3.755,,,0.03675,,25.3,,,-0.131,,,-3.40,,,
,1117,,1.37225,,,3.620,,,0.05000,,25.3,,,-0.135,,,-2.45,,,
,1147,,1.42225,,,3.516,,,0.05000,,25.3,,,-0.104,,,-1.88,,,
,1178,,1.47225,,,3.432,,,0.05000,,25.3,,,-0.084,,,-1.52,,,
,1208,,1.52225,,,3.361,,,0.05000,,25.3,,,-0.071,,,-1.29,,,
,1238,,1.57225,,,3.300,,,0.05000,,25.3,,,-0.061,,,-1.12,,,
,1268,,1.62225,,,3.247,,,0.05000,,25.3,,,-0.053,,,-1.00,,,
,1298,,1.67225,,,3.199,,,0.05000,,25.3,,,-0.048,,,-0.90,,,
,1329,,1.72225,,,3.156,,,0.05000,,25.4,,,-0.043,,,-0.82,,,
,1359,,1.77225,,,3.117,,,0.05000,,25.3,,,-0.039,,,,,,
,1389,,1.82225,,,3.081,,,0.05000,,25.3,,,-0.036,,,,,,
,1420,,1.87225,,,3.048,,,0.05000,,25.3,,,-0.033,,,,,,
,1450,,1.92225,,,3.017,,,0.05000,,25.3,,,-0.031,,,,,,
,1480,,1.97225,,,2.989,,,0.05000,,25.4,,,-0.028,,,,,,
Measure (normal) [1],,,,,,,,"Scope 1/1, Sample 13/23",,,,,,,,,,,,
Measured Values,,,,,"Scope 1/1, Sample 13/23",,,,,,,,,,,,,,,
,Time,,,,,Meas. value,,,,,Temp.,,,,,dE,,,,
,[s],,,,,[pH],,,,,[°C],,,,,[pH],,,,
,1,,,,,5.195,,,,,22.7,,,,,,,,,
,2,,,,,5.179,,,,,23.0,,,,,-0.016,,,,
,3,,,,,5.418,,,,,23.3,,,,,0.239,,,,
,4,,,,,5.643,,,,,23.7,,,,,0.225,,,,
,5,,,,,5.842,,,,,24.0,,,,,0.199,,,,
,6,,,,,6.027,,,,,24.3,,,,,0.185,,,,
,7,,,,,6.205,,,,,24.5,,,,,0.178,,,,
,8,,,,,6.357,,,,,24.7,,,,,0.152,,,,
,9,,,,,6.518,,,,,24.8,,,,,0.161,,,,
,10,,,,,6.669,,,,,24.9,,,,,0.151,,,,
,11,,,,,6.812,,,,,25.0,,,,,0.143,,,,
,12,,,,,6.951,,,,,25.1,,,,,0.139,,,,
,13,,,,,7.073,,,,,25.1,,,,,0.122,,,,
,14,,,,,7.189,,,,,25.1,,,,,0.116,,,,
,15,,,,,7.284,,,,,25.2,,,,,0.095,,,,
,16,,,,,7.384,,,,,25.2,,,,,0.100,,,,
,17,,,,,7.473,,,,,25.2,,,,,0.089,,,,
,18,,,,,7.552,,,,,25.2,,,,,0.079,,,,
,19,,,,,7.622,,,,,25.2,,,,,0.070,,,,
,20,,,,,7.687,,,,,25.3,,,,,0.065,,,,
,21,,,,,7.746,,,,,25.3,,,,,0.059,,,,
,22,,,,,7.793,,,,,25.3,,,,,0.047,,,,
,23,,,,,7.842,,,,,25.3,,,,,0.049,,,,
,24,,,,,7.883,,,,,25.3,,,,,0.041,,,,
,25,,,,,7.919,,,,,25.3,,,,,0.036,,,,
,26,,,,,7.953,,,,,25.3,,,,,0.034,,,,
,27,,,,,7.983,,,,,25.3,,,,,0.030,,,,
,28,,,,,8.010,,,,,25.3,,,,,0.027,,,,
,29,,,,,8.031,,,,,25.3,,,,,0.021,,,,
,30,,,,,8.053,,,,,25.3,,,,,0.022,,,,
,31,,,,,8.073,,,,,25.3,,,,,0.020,,,,
,32,,,,,8.091,,,,,25.3,,,,,0.018,,,,
,33,,,,,8.106,,,,,25.3,,,,,0.015,,,,
,34,,,,,8.119,,,,,25.3,,,,,0.013,,,,
,35,,,,,8.131,,,,,25.3,,,,,0.012,,,,
,36,,,,,8.141,,,,,25.3,,,,,0.010,,,,
,37,,,,,8.151,,,,,25.3,,,,,0.010,,,,
,38,,,,,8.160,,,,,25.3,,,,,0.009,,,,
,39,,,,,8.169,,,,,25.3,,,,,0.009,,,,
,40,,,,,8.175,,,,,25.3,,,,,0.006,,,,
,41,,,,,8.181,,,,,25.3,,,,,0.006,,,,
,42,,,,,8.187,,,,,25.3,,,,,0.006,,,,
,43,,,,,8.191,,,,,25.3,,,,,0.004,,,,
,44,,,,,8.195,,,,,25.3,,,,,0.004,,,,
,45,,,,,8.199,,,,,25.3,,,,,0.004,,,,
,46,,,,,8.202,,,,,25.3,,,,,0.003,,,,
,47,,,,,8.206,,,,,25.3,,,,,0.004,,,,
,48,,,,,8.209,,,,,25.3,,,,,0.003,,,,
,49,,,,,8.211,,,,,25.3,,,,,0.002,,,,
,50,,,,,8.213,,,,,25.3,,,,,0.002,,,,
,51,,,,,8.215,,,,,25.3,,,,,0.002,,,,
,52,,,,,8.217,,,,,25.3,,,,,0.002,,,,
,53,,,,,8.219,,,,,25.3,,,,,0.002,,,,
,54,,,,,8.221,,,,,25.3,,,,,0.002,,,,
,55,,,,,8.222,,,,,25.3,,,,,0.001,,,,
,56,,,,,8.223,,,,,25.3,,,,,0.001,,,,
,57,,,,,8.224,,,,,25.3,,,,,0.001,,,,
,58,,,,,8.225,,,,,25.3,,,,,0.001,,,,
,59,,,,,8.226,,,,,25.3,,,,,0.001,,,,
,60,,,,,8.227,,,,,25.3,,,,,0.001,,,,
Titration (EQP) [1],,,,,,,,"Scope 1/1, Sample 13/23",,,,,,,,,,,,
Measured Values,,,,,"Scope 1/1, Sample 13/23",,,,,,,,,,,,,,,
,Time,,V,,,Meas. value,,,dV,,Temp.,,,dE,,,dE/dV,,,EQP
,[s],,[mL],,,[pH],,,[mL],,[°C],,,[pH],,,[pH/mL],,,
,0,,0.00000,,,8.228,,,,,25.3,,,,,,,,,
,28,,0.08575,,,7.770,,,0.08575,,25.3,,,-0.458,,,,,,
,58,,0.12850,,,7.440,,,0.04275,,25.3,,,-0.330,,,,,,
,88,,0.15000,,,7.297,,,0.02150,,25.3,,,-0.143,,,,,,
,179,,0.17400,,,7.186,,,0.02400,,25.3,,,-0.111,,,,,,
,209,,0.21625,,,7.069,,,0.04225,,25.3,,,-0.117,,,-3.37,,,
,239,,0.26625,,,6.948,,,0.05000,,25.3,,,-0.121,,,-2.42,,,
,269,,0.31625,,,6.823,,,0.05000,,25.3,,,-0.125,,,-2.19,,,
,300,,0.36625,,,6.715,,,0.05000,,25.3,,,-0.108,,,-2.07,,,
,330,,0.41625,,,6.614,,,0.05000,,25.3,,,-0.101,,,-1.96,,,
,360,,0.46625,,,6.519,,,0.05000,,25.3,,,-0.095,,,-1.82,,,
,390,,0.51625,,,6.432,,,0.05000,,25.3,,,-0.087,,,-1.70,,,
,420,,0.56625,,,6.348,,,0.05000,,25.3,,,-0.084,,,-1.63,,,
,451,,0.61625,,,6.268,,,0.05000,,25.3,,,-0.080,,,-1.58,,,
,481,,0.66625,,,6.190,,,0.05000,,25.3,,,-0.078,,,-1.57,,,
,511,,0.71625,,,6.110,,,0.05000,,25.3,,,-0.080,,,-1.59,,,
,542,,0.76625,,,6.029,,,0.05000,,25.3,,,-0.081,,,-1.65,,,
,572,,0.81625,,,5.943,,,0.05000,,25.3,,,-0.086,,,-1.77,,,
,602,,0.86625,,,5.847,,,0.05000,,25.3,,,-0.096,,,-1.97,,,
,632,,0.91625,,,5.743,,,0.05000,,25.4,,,-0.104,,,-2.29,,,
,662,,0.96625,,,5.619,,,0.05000,,25.4,,,-0.124,,,-2.80,,,
,693,,1.01625,,,5.466,,,0.05000,,25.4,,,-0.153,,,-3.67,,,
,723,,1.05575,,,5.314,,,0.03950,,25.4,,,-0.152,,,-4.75,,,
,753,,1.08375,,,5.178,,,0.02800,,25.4,,,-0.136,,,-5.81,,,
,783,,1.10600,,,5.042,,,0.02225,,25.4,,,-0.136,,,-6.82,,,
,814,,1.12350,,,4.912,,,0.01750,,25.4,,,-0.130,,,-7.68,,,
,844,,1.13875,,,4.780,,,0.01525,,25.4,,,-0.132,,,-8.59,,,
,874,,1.15225,,,4.646,,,0.01350,,25.4,,,-0.134,,,-9.39,,,
,904,,1.16425,,,4.527,,,0.01200,,25.4,,,-0.119,,,-9.31,,,
,935,,1.17800,,,4.394,,,0.01375,,25.4,,,-0.133,,,-8.46,,,
,,,1.184307,,,4.340,,,,,,,,,,,,,,EQP
,965,,1.19225,,,4.272,,,0.01425,,25.4,,,-0.122,,,-7.53,,,
,995,,1.21025,,,4.141,,,0.01800,,25.4,,,-0.131,,,-6.59,,,
,1025,,1.23225,,,4.015,,,0.02200,,25.4,,,-0.126,,,-5.52,,,
,1056,,1.26225,,,3.878,,,0.03000,,25.4,,,-0.137,,,-4.34,,,
,1086,,1.29950,,,3.750,,,0.03725,,25.4,,,-0.128,,,-3.29,,,
,1116,,1.34950,,,3.619,,,0.05000,,25.4,,,-0.131,,,-2.38,,,
,1146,,1.39950,,,3.518,,,0.05000,,25.4,,,-0.101,,,-1.84,,,
,1177,,1.44950,,,3.435,,,0.05000,,25.4,,,-0.083,,,-1.50,,,
,1207,,1.49950,,,3.365,,,0.05000,,25.4,,,-0.070,,,-1.28,,,
,1237,,1.54950,,,3.304,,,0.05000,,25.4,,,-0.061,,,-1.12,,,
,1267,,1.59950,,,3.251,,,0.05000,,25.4,,,-0.053,,,-1.00,,,
,1298,,1.64950,,,3.203,,,0.05000,,25.4,,,-0.048,,,-0.89,,,
,1328,,1.69950,,,3.161,,,0.05000,,25.4,,,-0.042,,,-0.81,,,
,1358,,1.74950,,,3.122,,,0.05000,,25.4,,,-0.039,,,,,,
,1388,,1.79950,,,3.086,,,0.05000,,25.4,,,-0.036,,,,,,
,1419,,1.84950,,,3.053,,,0.05000,,25.4,,,-0.033,,,,,,
,1449,,1.89950,,,3.022,,,0.05000,,25.4,,,-0.031,,,,,,
,1479,,1.94950,,,2.993,,,0.05000,,25.4,,,-0.029,,,,,,
Measure (normal) [1],,,,,,,,"Scope 1/1, Sample 14/23",,,,,,,,,,,,
Measured Values,,,,,"Scope 1/1, Sample 14/23",,,,,,,,,,,,,,,
,Time,,,,,Meas. value,,,,,Temp.,,,,,dE,,,,
,[s],,,,,[pH],,,,,[°C],,,,,[pH],,,,
,1,,,,,4.826,,,,,22.0,,,,,,,,,
,2,,,,,5.218,,,,,22.4,,,,,0.392,,,,
,3,,,,,5.678,,,,,22.8,,,,,0.460,,,,
,4,,,,,5.889,,,,,23.3,,,,,0.211,,,,
,5,,,,,6.114,,,,,23.7,,,,,0.225,,,,
,6,,,,,6.318,,,,,24.0,,,,,0.204,,,,
,7,,,,,6.482,,,,,24.2,,,,,0.164,,,,
,8,,,,,6.615,,,,,24.4,,,,,0.133,,,,
,9,,,,,6.755,,,,,24.6,,,,,0.140,,,,
,10,,,,,6.890,,,,,24.7,,,,,0.135,,,,
,11,,,,,7.011,,,,,24.8,,,,,0.121,,,,
,12,,,,,7.118,,,,,24.9,,,,,0.107,,,,
,13,,,,,7.224,,,,,25.0,,,,,0.106,,,,
,14,,,,,7.309,,,,,25.0,,,,,0.085,,,,
,15,,,,,7.396,,,,,25.0,,,,,0.087,,,,
,16,,,,,7.472,,,,,25.1,,,,,0.076,,,,
,17,,,,,7.544,,,,,25.1,,,,,0.072,,,,
,18,,,,,7.609,,,,,25.1,,,,,0.065,,,,
,19,,,,,7.666,,,,,25.1,,,,,0.057,,,,
,20,,,,,7.718,,,,,25.1,,,,,0.052,,,,
,21,,,,,7.760,,,,,25.2,,,,,0.042,,,,
,22,,,,,7.802,,,,,25.2,,,,,0.042,,,,
,23,,,,,7.841,,,,,25.2,,,,,0.039,,,,
,24,,,,,7.874,,,,,25.2,,,,,0.033,,,,
,25,,,,,7.904,,,,,25.2,,,,,0.030,,,,
,26,,,,,7.929,,,,,25.2,,,,,0.025,,,,
,27,,,,,7.951,,,,,25.2,,,,,0.022,,,,
,28,,,,,7.972,,,,,25.2,,,,,0.021,,,,
,29,,,,,7.991,,,,,25.2,,,,,0.019,,,,
,30,,,,,8.007,,,,,25.2,,,,,0.016,,,,
,31,,,,,8.022,,,,,25.2,,,,,0.015,,,,
,32,,,,,8.035,,,,,25.2,,,,,0.013,,,,
,33,,,,,8.047,,,,,25.2,,,,,0.012,,,,
,34,,,,,8.056,,,,,25.2,,,,,0.009,,,,
,35,,,,,8.066,,,,,25.2,,,,,0.010,,,,
,36,,,,,8.074,,,,,25.2,,,,,0.008,,,,
,37,,,,,8.082,,,,,25.2,,,,,0.008,,,,
,38,,,,,8.089,,,,,25.2,,,,,0.007,,,,
,39,,,,,8.095,,,,,25.2,,,,,0.006,,,,
,40,,,,,8.100,,,,,25.2,,,,,0.005,,,,
,41,,,,,8.104,,,,,25.2,,,,,0.004,,,,
,42,,,,,8.109,,,,,25.2,,,,,0.005,,,,
,43,,,,,8.113,,,,,25.2,,,,,0.004,,,,
,44,,,,,8.116,,,,,25.2,,,,,0.003,,,,
,45,,,,,8.120,,,,,25.2,,,,,0.004,,,,
,46,,,,,8.123,,,,,25.2,,,,,0.003,,,,
,47,,,,,8.125,,,,,25.2,,,,,0.002,,,,
,48,,,,,8.128,,,,,25.2,,,,,0.003,,,,
,49,,,,,8.129,,,,,25.2,,,,,0.001,,,,
,50,,,,,8.131,,,,,25.2,,,,,0.002,,,,
,51,,,,,8.133,,,,,25.2,,,,,0.002,,,,
,52,,,,,8.135,,,,,25.2,,,,,0.002,,,,
,53,,,,,8.136,,,,,25.2,,,,,0.001,,,,
,54,,,,,8.137,,,,,25.2,,,,,0.001,,,,
,55,,,,,8.138,,,,,25.2,,,,,0.001,,,,
,56,,,,,8.139,,,,,25.2,,,,,0.001,,,,
,57,,,,,8.140,,,,,25.2,,,,,0.001,,,,
,58,,,,,8.141,,,,,25.2,,,,,0.001,,,,
,59,,,,,8.142,,,,,25.2,,,,,0.001,,,,
,60,,,,,8.142,,,,,25.2,,,,,0.000,,,,
Titration (EQP) [1],,,,,,,,"Scope 1/1, Sample 14/23",,,,,,,,,,,,
Measured Values,,,,,"Scope 1/1, Sample 14/23",,,,,,,,,,,,,,,
,Time,,V,,,Meas. value,,,dV,,Temp.,,,dE,,,dE/dV,,,EQP
,[s],,[mL],,,[pH],,,[mL],,[°C],,,[pH],,,[pH/mL],,,
,0,,0.00000,,,8.143,,,,,25.2,,,,,,,,,
,28,,0.08575,,,7.767,,,0.08575,,25.2,,,-0.376,,,,,,
,58,,0.12850,,,7.457,,,0.04275,,25.2,,,-0.310,,,,,,
,88,,0.15000,,,7.319,,,0.02150,,25.2,,,-0.138,,,,,,
,179,,0.17425,,,7.214,,,0.02425,,25.3,,,-0.105,,,,,,
,209,,0.22050,,,7.082,,,0.04625,,25.3,,,-0.132,,,-3.30,,,
,239,,0.27050,,,6.959,,,0.05000,,25.3,,,-0.123,,,-2.41,,,
,269,,0.32050,,,6.837,,,0.05000,,25.3,,,-0.122,,,-2.19,,,
,300,,0.37050,,,6.728,,,0.05000,,25.3,,,-0.109,,,-2.05,,,
,330,,0.42050,,,6.628,,,0.05000,,25.3,,,-0.100,,,-1.91,,,
,360,,0.47050,,,6.536,,,0.05000,,25.3,,,-0.092,,,-1.76,,,
,390,,0.52050,,,6.453,,,0.05000,,25.3,,,-0.083,,,-1.62,,,
,421,,0.57050,,,6.374,,,0.05000,,25.3,,,-0.079,,,-1.54,,,
,451,,0.62050,,,6.298,,,0.05000,,25.3,,,-0.076,,,-1.50,,,
,481,,0.67050,,,6.224,,,0.05000,,25.3,,,-0.074,,,-1.47,,,
,511,,0.72050,,,6.151,,,0.05000,,25.3,,,-0.073,,,-1.48,,,
,542,,0.77050,,,6.073,,,0.05000,,25.3,,,-0.078,,,-1.50,,,
,572,,0.82050,,,5.998,,,0.05000,,25.3,,,-0.075,,,-1.55,,,
,602,,0.87050,,,5.919,,,0.05000,,25.3,,,-0.079,,,-1.63,,,
,632,,0.92050,,,5.832,,,0.05000,,25.3,,,-0.087,,,-1.78,,,
,663,,0.97050,,,5.737,,,0.05000,,25.3,,,-0.095,,,-2.03,,,
,693,,1.02050,,,5.627,,,0.05000,,25.4,,,-0.110,,,-2.43,,,
,723,,1.07050,,,5.494,,,0.05000,,25.4,,,-0.133,,,-3.07,,,
,753,,1.12050,,,5.327,,,0.05000,,25.4,,,-0.167,,,-4.14,,,
,784,,1.15350,,,5.186,,,0.03300,,25.4,,,-0.141,,,-5.16,,,
,814,,1.17825,,,5.053,,,0.02475,,25.4,,,-0.133,,,-6.10,,,
,844,,1.19850,,,4.919,,,0.02025,,25.4,,,-0.134,,,-6.95,,,
,874,,1.21525,,,4.788,,,0.01675,,25.4,,,-0.131,,,-7.73,,,
,904,,1.23000,,,4.659,,,0.01475,,25.4,,,-0.129,,,-8.57,,,
,,,1.239986 ???,,,4.565 ???,,,,,,,,,,,,,,EQP
,935,,1.24375,,,4.530,,,0.01375,,25.4,,,-0.129,,,-8.76,,,
,965,,1.25750,,,4.406,,,0.01375,,25.4,,,-0.124,,,-8.10,,,
,995,,1.27275,,,4.278,,,0.01525,,25.4,,,-0.128,,,-7.21,,,
,1026,,1.29050,,,4.153,,,0.01775,,25.4,,,-0.125,,,-6.38,,,
,1056,,1.31350,,,4.021,,,0.02300,,25.4,,,-0.132,,,-5.38,,,
,1086,,1.34250,,,3.891,,,0.02900,,25.4,,,-0.130,,,-4.31,,,
,1116,,1.38125,,,3.757,,,0.03875,,25.4,,,-0.134,,,-3.26,,,
,1146,,1.43125,,,3.627,,,0.05000,,25.4,,,-0.130,,,-2.37,,,
,1177,,1.48125,,,3.526,,,0.05000,,25.4,,,-0.101,,,-1.83,,,
,1207,,1.53125,,,3.443,,,0.05000,,25.4,,,-0.083,,,-1.51,,,
,1237,,1.58125,,,3.373,,,0.05000,,25.4,,,-0.070,,,-1.27,,,
,1267,,1.63125,,,3.313,,,0.05000,,25.4,,,-0.060,,,-1.09,,,
,1298,,1.68125,,,3.260,,,0.05000,,25.4,,,-0.053,,,-0.96,,,
,1328,,1.73125,,,3.213,,,0.05000,,25.4,,,-0.047,,,-0.85,,,
,1358,,1.78125,,,3.178,,,0.05000,,25.4,,,-0.035,,,-0.78,,,
,1388,,1.83125,,,3.138,,,0.05000,,25.4,,,-0.040,,,-0.72,,,
,1419,,1.88125,,,3.102,,,0.05000,,25.4,,,-0.036,,,,,,
,1449,,1.93125,,,3.068,,,0.05000,,25.4,,,-0.034,,,,,,
,1479,,1.98125,,,3.037,,,0.05000,,25.4,,,-0.031,,,,,,
,1509,,2.03125,,,3.008,,,0.05000,,25.4,,,-0.029,,,,,,
,1540,,2.08125,,,2.981,,,0.05000,,25.4,,,-0.027,,,,,,
Measure (normal) [1],,,,,,,,"Scope 1/1, Sample 15/23",,,,,,,,,,,,
Measured Values,,,,,"Scope 1/1, Sample 15/23",,,,,,,,,,,,,,,
,Time,,,,,Meas. value,,,,,Temp.,,,,,dE,,,,
,[s],,,,,[pH],,,,,[°C],,,,,[pH],,,,
,1,,,,,4.935,,,,,23.1,,,,,,,,,
,2,,,,,5.184,,,,,23.4,,,,,0.249,,,,
,3,,,,,5.436,,,,,23.6,,,,,0.252,,,,
,4,,,,,5.652,,,,,24.0,,,,,0.216,,,,
,5,,,,,5.845,,,,,24.2,,,,,0.193,,,,
,6,,,,,6.023,,,,,24.5,,,,,0.178,,,,
,7,,,,,6.192,,,,,24.6,,,,,0.169,,,,
,8,,,,,6.339,,,,,24.8,,,,,0.147,,,,
,9,,,,,6.494,,,,,24.9,,,,,0.155,,,,
,10,,,,,6.640,,,,,25.0,,,,,0.146,,,,
,11,,,,,6.780,,,,,25.0,,,,,0.140,,,,
,12,,,,,6.913,,,,,25.1,,,,,0.133,,,,
,13,,,,,7.036,,,,,25.1,,,,,0.123,,,,
,14,,,,,7.134,,,,,25.2,,,,,0.098,,,,
,15,,,,,7.242,,,,,25.2,,,,,0.108,,,,
,16,,,,,7.334,,,,,25.2,,,,,0.092,,,,
,17,,,,,7.419,,,,,25.2,,,,,0.085,,,,
,18,,,,,7.499,,,,,25.3,,,,,0.080,,,,
,19,,,,,7.569,,,,,25.3,,,,,0.070,,,,
,20,,,,,7.631,,,,,25.3,,,,,0.062,,,,
,21,,,,,7.682,,,,,25.3,,,,,0.051,,,,
,22,,,,,7.734,,,,,25.3,,,,,0.052,,,,
,23,,,,,7.780,,,,,25.3,,,,,0.046,,,,
,24,,,,,7.822,,,,,25.3,,,,,0.042,,,,
,25,,,,,7.862,,,,,25.3,,,,,0.040,,,,
,26,,,,,7.897,,,,,25.3,,,,,0.035,,,,
,27,,,,,7.925,,,,,25.3,,,,,0.028,,,,
,28,,,,,7.952,,,,,25.3,,,,,0.027,,,,
,29,,,,,7.977,,,,,25.3,,,,,0.025,,,,
,30,,,,,8.000,,,,,25.3,,,,,0.023,,,,
,31,,,,,8.020,,,,,25.3,,,,,0.020,,,,
,32,,,,,8.037,,,,,25.3,,,,,0.017,,,,
,33,,,,,8.053,,,,,25.3,,,,,0.016,,,,
,34,,,,,8.066,,,,,25.3,,,,,0.013,,,,
,35,,,,,8.080,,,,,25.3,,,,,0.014,,,,
,36,,,,,8.091,,,,,25.3,,,,,0.011,,,,
,37,,,,,8.101,,,,,25.3,,,,,0.010,,,,
,38,,,,,8.110,,,,,25.3,,,,,0.009,,,,
,39,,,,,8.119,,,,,25.3,,,,,0.009,,,,
,40,,,,,8.126,,,,,25.3,,,,,0.007,,,,
,41,,,,,8.132,,,,,25.3,,,,,0.006,,,,
,42,,,,,8.138,,,,,25.3,,,,,0.006,,,,
,43,,,,,8.144,,,,,25.3,,,,,0.006,,,,
,44,,,,,8.148,,,,,25.3,,,,,0.004,,,,
,45,,,,,8.152,,,,,25.3,,,,,0.004,,,,
,46,,,,,8.156,,,,,25.3,,,,,0.004,,,,
,47,,,,,8.159,,,,,25.3,,,,,0.003,,,,
,48,,,,,8.162,,,,,25.3,,,,,0.003,,,,
,49,,,,,8.165,,,,,25.3,,,,,0.003,,,,
,50,,,,,8.168,,,,,25.3,,,,,0.003,,,,
,51,,,,,8.170,,,,,25.3,,,,,0.002,,,,
,52,,,,,8.172,,,,,25.3,,,,,0.002,,,,
,53,,,,,8.174,,,,,25.3,,,,,0.002,,,,
,54,,,,,8.176,,,,,25.3,,,,,0.002,,,,
,55,,,,,8.177,,,,,25.3,,,,,0.001,,,,
,56,,,,,8.179,,,,,25.3,,,,,0.002,,,,
,57,,,,,8.180,,,,,25.3,,,,,0.001,,,,
,58,,,,,8.181,,,,,25.3,,,,,0.001,,,,
,59,,,,,8.182,,,,,25.3,,,,,0.001,,,,
,60,,,,,8.183,,,,,25.3,,,,,0.001,,,,
Titration (EQP) [1],,,,,,,,"Scope 1/1, Sample 15/23",,,,,,,,,,,,
Measured Values,,,,,"Scope 1/1, Sample 15/23",,,,,,,,,,,,,,,
,Time,,V,,,Meas. value,,,dV,,Temp.,,,dE,,,dE/dV,,,EQP
,[s],,[mL],,,[pH],,,[mL],,[°C],,,[pH],,,[pH/mL],,,
,0,,0.00000,,,8.184,,,,,25.3,,,,,,,,,
,28,,0.08575,,,7.729,,,0.08575,,25.3,,,-0.455,,,,,,
,58,,0.12850,,,7.426,,,0.04275,,25.3,,,-0.303,,,,,,
,88,,0.15000,,,7.290,,,0.02150,,25.3,,,-0.136,,,,,,
,179,,0.17400,,,7.185,,,0.02400,,25.3,,,-0.105,,,,,,
,209,,0.21900,,,7.066,,,0.04500,,25.3,,,-0.119,,,-3.18,,,
,239,,0.26900,,,6.946,,,0.05000,,25.3,,,-0.120,,,-2.33,,,
,270,,0.31900,,,6.825,,,0.05000,,25.3,,,-0.121,,,-2.10,,,
,300,,0.36900,,,6.723,,,0.05000,,25.3,,,-0.102,,,-1.97,,,
,330,,0.41900,,,6.627,,,0.05000,,25.3,,,-0.096,,,-1.86,,,
,360,,0.46900,,,6.537,,,0.05000,,25.4,,,-0.090,,,-1.73,,,
,390,,0.51900,,,6.454,,,0.05000,,25.4,,,-0.083,,,-1.63,,,
,421,,0.56900,,,6.374,,,0.05000,,25.4,,,-0.080,,,-1.57,,,
,451,,0.61900,,,6.296,,,0.05000,,25.4,,,-0.078,,,-1.53,,,
,481,,0.66900,,,6.219,,,0.05000,,25.4,,,-0.077,,,-1.50,,,
,511,,0.71900,,,6.146,,,0.05000,,25.4,,,-0.073,,,-1.50,,,
,542,,0.76900,,,6.070,,,0.05000,,25.4,,,-0.076,,,-1.53,,,
,572,,0.81900,,,5.990,,,0.05000,,25.4,,,-0.080,,,-1.59,,,
,602,,0.86900,,,5.910,,,0.05000,,25.4,,,-0.080,,,-1.70,,,
,632,,0.91900,,,5.818,,,0.05000,,25.4,,,-0.092,,,-1.89,,,
,663,,0.96900,,,5.716,,,0.05000,,25.4,,,-0.102,,,-2.18,,,
,693,,1.01900,,,5.600,,,0.05000,,25.4,,,-0.116,,,-2.65,,,
,723,,1.06900,,,5.455,,,0.05000,,25.4,,,-0.145,,,-3.43,,,
,753,,1.11300,,,5.293,,,0.04400,,25.4,,,-0.162,,,-4.52,,,
,784,,1.14200,,,5.160,,,0.02900,,25.4,,,-0.133,,,-5.51,,,
,814,,1.16550,,,5.023,,,0.02350,,25.4,,,-0.137,,,-6.47,,,
,844,,1.18400,,,4.891,,,0.01850,,25.4,,,-0.132,,,-7.27,,,
,874,,1.19975,,,4.760,,,0.01575,,25.4,,,-0.131,,,-8.09,,,
,904,,1.21375,,,4.632,,,0.01400,,25.4,,,-0.128,,,-8.83,,,
,935,,1.22725,,,4.507,,,0.01350,,25.4,,,-0.125,,,-8.71,,,
,,,1.239663,,,4.395,,,,,,,,,,,,,,EQP
,965,,1.24175,,,4.376,,,0.01450,,25.4,,,-0.131,,,-7.87,,,
,995,,1.25725,,,4.252,,,0.01550,,25.4,,,-0.124,,,-7.02,,,
,1026,,1.27650,,,4.123,,,0.01925,,25.4,,,-0.129,,,-6.13,,,
,1056,,1.30075,,,3.992,,,0.02425,,25.4,,,-0.131,,,-5.09,,,
,1086,,1.33200,,,3.862,,,0.03125,,25.4,,,-0.130,,,-4.02,,,
,1116,,1.37450,,,3.726,,,0.04250,,25.4,,,-0.136,,,-2.98,,,
,1146,,1.42450,,,3.605,,,0.05000,,25.4,,,-0.121,,,-2.20,,,
,1177,,1.47450,,,3.510,,,0.05000,,25.4,,,-0.095,,,-1.73,,,
,1207,,1.52450,,,3.430,,,0.05000,,25.4,,,-0.080,,,-1.43,,,
,1237,,1.57450,,,3.363,,,0.05000,,25.4,,,-0.067,,,-1.23,,,
,1267,,1.62450,,,3.305,,,0.05000,,25.4,,,-0.058,,,-1.08,,,
,1298,,1.67450,,,3.253,,,0.05000,,25.4,,,-0.052,,,-0.97,,,
,1328,,1.72450,,,3.207,,,0.05000,,25.4,,,-0.046,,,-0.87,,,
,1358,,1.77450,,,3.165,,,0.05000,,25.4,,,-0.042,,,-0.80,,,
,1388,,1.82450,,,3.127,,,0.05000,,25.4,,,-0.038,,,-0.73,,,
,1419,,1.87450,,,3.092,,,0.05000,,25.4,,,-0.035,,,,,,
,1449,,1.92450,,,3.059,,,0.05000,,25.4,,,-0.033,,,,,,
,1479,,1.97450,,,3.029,,,0.05000,,25.4,,,-0.030,,,,,,
,1509,,2.02450,,,3.001,,,0.05000,,25.4,,,-0.028,,,,,,
,1540,,2.07450,,,2.974,,,0.05000,,25.4,,,-0.027,,,,,,
Measure (normal) [1],,,,,,,,"Scope 1/1, Sample 16/23",,,,,,,,,,,,
Measured Values,,,,,"Scope 1/1, Sample 16/23",,,,,,,,,,,,,,,
,Time,,,,,Meas. value,,,,,Temp.,,,,,dE,,,,
,[s],,,,,[pH],,,,,[°C],,,,,[pH],,,,
,1,,,,,4.635,,,,,22.7,,,,,,,,,
,2,,,,,5.083,,,,,23.0,,,,,0.448,,,,
,3,,,,,5.376,,,,,23.3,,,,,0.293,,,,
,4,,,,,5.610,,,,,23.7,,,,,0.234,,,,
,5,,,,,5.816,,,,,24.0,,,,,0.206,,,,
,6,,,,,6.008,,,,,24.2,,,,,0.192,,,,
,7,,,,,6.190,,,,,24.5,,,,,0.182,,,,
,8,,,,,6.344,,,,,24.6,,,,,0.154,,,,
,9,,,,,6.508,,,,,24.7,,,,,0.164,,,,
,10,,,,,6.667,,,,,24.8,,,,,0.159,,,,
,11,,,,,6.816,,,,,24.9,,,,,0.149,,,,
,12,,,,,6.955,,,,,25.0,,,,,0.139,,,,
,13,,,,,7.078,,,,,25.0,,,,,0.123,,,,
,14,,,,,7.196,,,,,25.1,,,,,0.118,,,,
,15,,,,,7.292,,,,,25.1,,,,,0.096,,,,
,16,,,,,7.392,,,,,25.1,,,,,0.100,,,,
,17,,,,,7.480,,,,,25.1,,,,,0.088,,,,
,18,,,,,7.557,,,,,25.1,,,,,0.077,,,,
,19,,,,,7.628,,,,,25.1,,,,,0.071,,,,
,20,,,,,7.692,,,,,25.2,,,,,0.064,,,,
,21,,,,,7.743,,,,,25.2,,,,,0.051,,,,
,22,,,,,7.793,,,,,25.2,,,,,0.050,,,,
,23,,,,,7.840,,,,,25.2,,,,,0.047,,,,
,24,,,,,7.881,,,,,25.2,,,,,0.041,,,,
,25,,,,,7.918,,,,,25.2,,,,,0.037,,,,
,26,,,,,7.951,,,,,25.2,,,,,0.033,,,,
,27,,,,,7.977,,,,,25.2,,,,,0.026,,,,
,28,,,,,8.004,,,,,25.2,,,,,0.027,,,,
,29,,,,,8.027,,,,,25.2,,,,,0.023,,,,
,30,,,,,8.047,,,,,25.2,,,,,0.020,,,,
,31,,,,,8.066,,,,,25.2,,,,,0.019,,,,
,32,,,,,8.081,,,,,25.2,,,,,0.015,,,,
,33,,,,,8.096,,,,,25.2,,,,,0.015,,,,
,34,,,,,8.108,,,,,25.2,,,,,0.012,,,,
,35,,,,,8.119,,,,,25.2,,,,,0.011,,,,
,36,,,,,8.130,,,,,25.2,,,,,0.011,,,,
,37,,,,,8.139,,,,,25.2,,,,,0.009,,,,
,38,,,,,8.147,,,,,25.2,,,,,0.008,,,,
,39,,,,,8.155,,,,,25.2,,,,,0.008,,,,
,40,,,,,8.162,,,,,25.2,,,,,0.007,,,,
,41,,,,,8.168,,,,,25.2,,,,,0.006,,,,
,42,,,,,8.173,,,,,25.2,,,,,0.005,,,,
,43,,,,,8.178,,,,,25.2,,,,,0.005,,,,
,44,,,,,8.182,,,,,25.2,,,,,0.004,,,,
,45,,,,,8.185,,,,,25.2,,,,,0.003,,,,
,46,,,,,8.189,,,,,25.2,,,,,0.004,,,,
,47,,,,,8.192,,,,,25.2,,,,,0.003,,,,
,48,,,,,8.195,,,,,25.2,,,,,0.003,,,,
,49,,,,,8.197,,,,,25.2,,,,,0.002,,,,
,50,,,,,8.199,,,,,25.2,,,,,0.002,,,,
,51,,,,,8.201,,,,,25.2,,,,,0.002,,,,
,52,,,,,8.203,,,,,25.2,,,,,0.002,,,,
,53,,,,,8.205,,,,,25.2,,,,,0.002,,,,
,54,,,,,8.206,,,,,25.2,,,,,0.001,,,,
,55,,,,,8.207,,,,,25.2,,,,,0.001,,,,
,56,,,,,8.209,,,,,25.2,,,,,0.002,,,,
,57,,,,,8.210,,,,,25.2,,,,,0.001,,,,
,58,,,,,8.211,,,,,25.2,,,,,0.001,,,,
,59,,,,,8.211,,,,,25.2,,,,,0.000,,,,
,60,,,,,8.212,,,,,25.2,,,,,0.001,,,,
Titration (EQP) [1],,,,,,,,"Scope 1/1, Sample 16/23",,,,,,,,,,,,
Measured Values,,,,,"Scope 1/1, Sample 16/23",,,,,,,,,,,,,,,
,Time,,V,,,Meas. value,,,dV,,Temp.,,,dE,,,dE/dV,,,EQP
,[s],,[mL],,,[pH],,,[mL],,[°C],,,[pH],,,[pH/mL],,,
,0,,0.00000,,,8.214,,,,,25.2,,,,,,,,,
,27,,0.08575,,,7.765,,,0.08575,,25.2,,,-0.449,,,,,,
,58,,0.12850,,,7.451,,,0.04275,,25.2,,,-0.314,,,,,,
,88,,0.15000,,,7.313,,,0.02150,,25.2,,,-0.138,,,,,,
,179,,0.17375,,,7.212,,,0.02375,,25.2,,,-0.101,,,,,,
,209,,0.22300,,,7.080,,,0.04925,,25.2,,,-0.132,,,-3.16,,,
,239,,0.27300,,,6.959,,,0.05000,,25.2,,,-0.121,,,-2.29,,,
,269,,0.32300,,,6.840,,,0.05000,,25.3,,,-0.119,,,-2.10,,,
,300,,0.37300,,,6.736,,,0.05000,,25.3,,,-0.104,,,-1.97,,,
,330,,0.42300,,,6.641,,,0.05000,,25.3,,,-0.095,,,-1.85,,,
,360,,0.47300,,,6.553,,,0.05000,,25.3,,,-0.088,,,-1.71,,,
,390,,0.52300,,,6.470,,,0.05000,,25.3,,,-0.083,,,-1.60,,,
,421,,0.57300,,,6.391,,,0.05000,,25.3,,,-0.079,,,-1.53,,,
,451,,0.62300,,,6.316,,,0.05000,,25.3,,,-0.075,,,-1.48,,,
,481,,0.67300,,,6.244,,,0.05000,,25.3,,,-0.072,,,-1.46,,,
,511,,0.72300,,,6.170,,,0.05000,,25.3,,,-0.074,,,-1.46,,,
,542,,0.77300,,,6.097,,,0.05000,,25.3,,,-0.073,,,-1.49,,,
,572,,0.82300,,,6.019,,,0.05000,,25.3,,,-0.078,,,-1.55,,,
,602,,0.87300,,,5.939,,,0.05000,,25.3,,,-0.080,,,-1.64,,,
,632,,0.92300,,,5.853,,,0.05000,,25.3,,,-0.086,,,-1.79,,,
,662,,0.97300,,,5.757,,,0.05000,,25.3,,,-0.096,,,-2.04,,,
,693,,1.02300,,,5.646,,,0.05000,,25.3,,,-0.111,,,-2.43,,,
,723,,1.07300,,,5.514,,,0.05000,,25.3,,,-0.132,,,-3.09,,,
,753,,1.12300,,,5.347,,,0.05000,,25.3,,,-0.167,,,-4.16,,,
,784,,1.15600,,,5.203,,,0.03300,,25.3,,,-0.144,,,-5.19,,,
,814,,1.17975,,,5.076,,,0.02375,,25.3,,,-0.127,,,-6.11,,,
,844,,1.20050,,,4.937,,,0.02075,,25.3,,,-0.139,,,-7.00,,,
,874,,1.21675,,,4.812,,,0.01625,,25.3,,,-0.125,,,-7.77,,,
,904,,1.23200,,,4.676,,,0.01525,,25.3,,,-0.136,,,-8.62,,,
,,,1.242300 ???,,,4.580 ???,,,,,,,,,,,,,,EQP
,935,,1.24500,,,4.555,,,0.01300,,25.3,,,-0.121,,,-8.87,,,
,965,,1.25900,,,4.425,,,0.01400,,25.3,,,-0.130,,,-8.23,,,
,995,,1.27375,,,4.300,,,0.01475,,25.3,,,-0.125,,,-7.41,,,
,1025,,1.29150,,,4.172,,,0.01775,,25.3,,,-0.128,,,-6.58,,,
,1056,,1.31350,,,4.043,,,0.02200,,25.3,,,-0.129,,,-5.32,,,
,1086,,1.34225,,,3.911,,,0.02875,,25.3,,,-0.132,,,-3.98,,,
,1116,,1.37975,,,3.779,,,0.03750,,25.3,,,-0.132,,,-2.79,,,
,1146,,1.42975,,,3.683,,,0.05000,,25.3,,,-0.096,,,-1.91,,,
,1177,,1.47975,,,3.655,,,0.05000,,25.3,,,-0.028,,,-1.55,,,
,1207,,1.52975,,,3.550,,,0.05000,,25.3,,,-0.105,,,-1.44,,,
,1237,,1.57975,,,3.464,,,0.05000,,25.3,,,-0.086,,,-1.43,,,
,1267,,1.62975,,,3.392,,,0.05000,,25.3,,,-0.072,,,-1.40,,,
,1298,,1.67975,,,3.330,,,0.05000,,25.3,,,-0.062,,,-1.27,,,
,1328,,1.72975,,,3.276,,,0.05000,,25.3,,,-0.054,,,-1.02,,,
,1358,,1.77975,,,3.227,,,0.05000,,25.3,,,-0.049,,,-0.91,,,
,1388,,1.82975,,,3.184,,,0.05000,,25.3,,,-0.043,,,-0.83,,,
,1419,,1.87975,,,3.144,,,0.05000,,25.3,,,-0.040,,,-0.76,,,
,1449,,1.92975,,,3.107,,,0.05000,,25.3,,,-0.037,,,,,,
,1479,,1.97975,,,3.074,,,0.05000,,25.3,,,-0.033,,,,,,
,1509,,2.02975,,,3.042,,,0.05000,,25.3,,,-0.032,,,,,,
,1540,,2.07975,,,3.013,,,0.05000,,25.3,,,-0.029,,,,,,
,1570,,2.12975,,,2.986,,,0.05000,,25.3,,,-0.027,,,,,,
Measure (normal) [1],,,,,,,,"Scope 1/1, Sample 17/23",,,,,,,,,,,,
Measured Values,,,,,"Scope 1/1, Sample 17/23",,,,,,,,,,,,,,,
,Time,,,,,Meas. value,,,,,Temp.,,,,,dE,,,,
,[s],,,,,[pH],,,,,[°C],,,,,[pH],,,,
,1,,,,,4.779,,,,,22.5,,,,,,,,,
,2,,,,,5.079,,,,,22.8,,,,,0.300,,,,
,3,,,,,5.340,,,,,23.1,,,,,0.261,,,,
,4,,,,,5.567,,,,,23.5,,,,,0.227,,,,
,5,,,,,5.773,,,,,23.8,,,,,0.206,,,,
,6,,,,,5.968,,,,,24.1,,,,,0.195,,,,
,7,,,,,6.151,,,,,24.3,,,,,0.183,,,,
,8,,,,,6.306,,,,,24.4,,,,,0.155,,,,
,9,,,,,6.472,,,,,24.6,,,,,0.166,,,,
,10,,,,,6.630,,,,,24.7,,,,,0.158,,,,
,11,,,,,6.779,,,,,24.8,,,,,0.149,,,,
,12,,,,,6.919,,,,,24.8,,,,,0.140,,,,
,13,,,,,7.045,,,,,24.9,,,,,0.126,,,,
,14,,,,,7.153,,,,,24.9,,,,,0.108,,,,
,15,,,,,7.265,,,,,25.0,,,,,0.112,,,,
,16,,,,,7.363,,,,,25.0,,,,,0.098,,,,
,17,,,,,7.452,,,,,25.0,,,,,0.089,,,,
,18,,,,,7.530,,,,,25.0,,,,,0.078,,,,
,19,,,,,7.599,,,,,25.0,,,,,0.069,,,,
,20,,,,,7.665,,,,,25.0,,,,,0.066,,,,
,21,,,,,7.717,,,,,25.0,,,,,0.052,,,,
,22,,,,,7.769,,,,,25.1,,,,,0.052,,,,
,23,,,,,7.815,,,,,25.1,,,,,0.046,,,,
,24,,,,,7.855,,,,,25.1,,,,,0.040,,,,
,25,,,,,7.891,,,,,25.1,,,,,0.036,,,,
,26,,,,,7.925,,,,,25.1,,,,,0.034,,,,
,27,,,,,7.951,,,,,25.1,,,,,0.026,,,,
,28,,,,,7.977,,,,,25.1,,,,,0.026,,,,
,29,,,,,7.999,,,,,25.1,,,,,0.022,,,,
,30,,,,,8.020,,,,,25.1,,,,,0.021,,,,
,31,,,,,8.038,,,,,25.1,,,,,0.018,,,,
,32,,,,,8.053,,,,,25.1,,,,,0.015,,,,
,33,,,,,8.068,,,,,25.1,,,,,0.015,,,,
,34,,,,,8.079,,,,,25.1,,,,,0.011,,,,
,35,,,,,8.090,,,,,25.1,,,,,0.011,,,,
,36,,,,,8.101,,,,,25.1,,,,,0.011,,,,
,37,,,,,8.109,,,,,25.1,,,,,0.008,,,,
,38,,,,,8.118,,,,,25.1,,,,,0.009,,,,
,39,,,,,8.125,,,,,25.1,,,,,0.007,,,,
,40,,,,,8.131,,,,,25.1,,,,,0.006,,,,
,41,,,,,8.137,,,,,25.1,,,,,0.006,,,,
,42,,,,,8.142,,,,,25.1,,,,,0.005,,,,
,43,,,,,8.146,,,,,25.1,,,,,0.004,,,,
,44,,,,,8.150,,,,,25.1,,,,,0.004,,,,
,45,,,,,8.154,,,,,25.1,,,,,0.004,,,,
,46,,,,,8.157,,,,,25.1,,,,,0.003,,,,
,47,,,,,8.160,,,,,25.1,,,,,0.003,,,,
,48,,,,,8.163,,,,,25.1,,,,,0.003,,,,
,49,,,,,8.165,,,,,25.1,,,,,0.002,,,,
,50,,,,,8.167,,,,,25.1,,,,,0.002,,,,
,51,,,,,8.169,,,,,25.1,,,,,0.002,,,,
,52,,,,,8.171,,,,,25.1,,,,,0.002,,,,
,53,,,,,8.172,,,,,25.1,,,,,0.001,,,,
,54,,,,,8.173,,,,,25.1,,,,,0.001,,,,
,55,,,,,8.175,,,,,25.1,,,,,0.002,,,,
,56,,,,,8.176,,,,,25.1,,,,,0.001,,,,
,57,,,,,8.177,,,,,25.1,,,,,0.001,,,,
,58,,,,,8.178,,,,,25.1,,,,,0.001,,,,
,59,,,,,8.179,,,,,25.1,,,,,0.001,,,,
,60,,,,,8.179,,,,,25.1,,,,,0.000,,,,
Titration (EQP) [1],,,,,,,,"Scope 1/1, Sample 17/23",,,,,,,,,,,,
Measured Values,,,,,"Scope 1/1, Sample 17/23",,,,,,,,,,,,,,,
,Time,,V,,,Meas. value,,,dV,,Temp.,,,dE,,,dE/dV,,,EQP
,[s],,[mL],,,[pH],,,[mL],,[°C],,,[pH],,,[pH/mL],,,
,0,,0.00000,,,8.182,,,,,25.1,,,,,,,,,
,28,,0.08575,,,7.719,,,0.08575,,25.1,,,-0.463,,,,,,
,58,,0.12850,,,7.402,,,0.04275,,25.1,,,-0.317,,,,,,
,88,,0.15000,,,7.264,,,0.02150,,25.1,,,-0.138,,,,,,
,179,,0.17450,,,7.162,,,0.02450,,25.2,,,-0.102,,,,,,
,209,,0.22400,,,7.035,,,0.04950,,25.2,,,-0.127,,,-3.12,,,
,239,,0.27400,,,6.911,,,0.05000,,25.2,,,-0.124,,,-2.27,,,
,269,,0.32400,,,6.794,,,0.05000,,25.2,,,-0.117,,,-2.10,,,
,300,,0.37400,,,6.688,,,0.05000,,25.2,,,-0.106,,,-1.98,,,
,330,,0.42400,,,6.594,,,0.05000,,25.2,,,-0.094,,,-1.85,,,
,360,,0.47400,,,6.506,,,0.05000,,25.2,,,-0.088,,,-1.70,,,
,390,,0.52400,,,6.422,,,0.05000,,25.2,,,-0.084,,,-1.59,,,
,421,,0.57400,,,6.345,,,0.05000,,25.2,,,-0.077,,,-1.54,,,
,451,,0.62400,,,6.270,,,0.05000,,25.3,,,-0.075,,,-1.50,,,
,481,,0.67400,,,6.195,,,0.05000,,25.3,,,-0.075,,,-1.48,,,
,511,,0.72400,,,6.120,,,0.05000,,25.3,,,-0.075,,,-1.49,,,
,542,,0.77400,,,6.041,,,0.05000,,25.3,,,-0.079,,,-1.54,,,
,572,,0.82400,,,5.966,,,0.05000,,25.3,,,-0.075,,,-1.60,,,
,602,,0.87400,,,5.884,,,0.05000,,25.3,,,-0.082,,,-1.71,,,
,632,,0.92400,,,5.789,,,0.05000,,25.3,,,-0.095,,,-1.91,,,
,663,,0.97400,,,5.687,,,0.05000,,25.3,,,-0.102,,,-2.23,,,
,693,,1.02400,,,5.568,,,0.05000,,25.3,,,-0.119,,,-2.75,,,
,723,,1.07400,,,5.417,,,0.05000,,25.3,,,-0.151,,,-3.61,,,
,753,,1.11450,,,5.262,,,0.04050,,25.3,,,-0.155,,,-4.70,,,
,784,,1.14250,,,5.127,,,0.02800,,25.3,,,-0.135,,,-5.72,,,
,814,,1.16475,,,4.993,,,0.02225,,25.3,,,-0.134,,,-6.66,,,
,844,,1.18275,,,4.859,,,0.01800,,25.3,,,-0.134,,,-7.47,,,
,874,,1.19750,,,4.735,,,0.01475,,25.3,,,-0.124,,,-8.31,,,
,904,,1.21175,,,4.600,,,0.01425,,25.3,,,-0.135,,,-8.98,,,
,935,,1.22425,,,4.482,,,0.01250,,25.3,,,-0.118,,,-8.76,,,
,,,1.231548,,,4.417,,,,,,,,,,,,,,EQP
,965,,1.23900,,,4.350,,,0.01475,,25.3,,,-0.132,,,-7.90,,,
,995,,1.25500,,,4.223,,,0.01600,,25.3,,,-0.127,,,-7.02,,,
,1026,,1.27425,,,4.094,,,0.01925,,25.3,,,-0.129,,,-6.10,,,
,1056,,1.29850,,,3.964,,,0.02425,,25.3,,,-0.130,,,-5.06,,,
,1086,,1.33000,,,3.834,,,0.03150,,25.3,,,-0.130,,,-3.98,,,
,1116,,1.37275,,,3.699,,,0.04275,,25.3,,,-0.135,,,-2.94,,,
,1146,,1.42275,,,3.580,,,0.05000,,25.3,,,-0.119,,,-2.18,,,
,1177,,1.47275,,,3.484,,,0.05000,,25.3,,,-0.096,,,-1.72,,,
,1207,,1.52275,,,3.406,,,0.05000,,25.3,,,-0.078,,,-1.42,,,
,1237,,1.57275,,,3.339,,,0.05000,,25.3,,,-0.067,,,-1.22,,,
,1267,,1.62275,,,3.281,,,0.05000,,25.3,,,-0.058,,,-1.07,,,
,1298,,1.67275,,,3.230,,,0.05000,,25.3,,,-0.051,,,-0.96,,,
,1328,,1.72275,,,3.185,,,0.05000,,25.3,,,-0.045,,,-0.87,,,
,1358,,1.77275,,,3.143,,,0.05000,,25.3,,,-0.042,,,-0.79,,,
,1388,,1.82275,,,3.105,,,0.05000,,25.3,,,-0.038,,,,,,
,1419,,1.87275,,,3.070,,,0.05000,,25.3,,,-0.035,,,,,,
,1449,,1.92275,,,3.038,,,0.05000,,25.3,,,-0.032,,,,,,
,1479,,1.97275,,,3.008,,,0.05000,,25.3,,,-0.030,,,,,,
,1509,,2.02275,,,2.980,,,0.05000,,25.3,,,-0.028,,,,,,
Measure (normal) [1],,,,,,,,"Scope 1/1, Sample 18/23",,,,,,,,,,,,
Measured Values,,,,,"Scope 1/1, Sample 18/23",,,,,,,,,,,,,,,
,Time,,,,,Meas. value,,,,,Temp.,,,,,dE,,,,
,[s],,,,,[pH],,,,,[°C],,,,,[pH],,,,
,1,,,,,4.584,,,,,22.8,,,,,,,,,
,2,,,,,4.991,,,,,23.0,,,,,0.407,,,,
,3,,,,,5.394,,,,,23.4,,,,,0.403,,,,
,4,,,,,5.765,,,,,23.7,,,,,0.371,,,,
,5,,,,,6.118,,,,,24.0,,,,,0.353,,,,
,6,,,,,6.434,,,,,24.3,,,,,0.316,,,,
,7,,,,,6.720,,,,,24.5,,,,,0.286,,,,
,8,,,,,6.943,,,,,24.7,,,,,0.223,,,,
,9,,,,,7.143,,,,,24.8,,,,,0.200,,,,
,10,,,,,7.313,,,,,24.9,,,,,0.170,,,,
,11,,,,,7.455,,,,,25.0,,,,,0.142,,,,
,12,,,,,7.571,,,,,25.1,,,,,0.116,,,,
,13,,,,,7.665,,,,,25.1,,,,,0.094,,,,
,14,,,,,7.736,,,,,25.2,,,,,0.071,,,,
,15,,,,,7.800,,,,,25.2,,,,,0.064,,,,
,16,,,,,7.853,,,,,25.2,,,,,0.053,,,,
,17,,,,,7.895,,,,,25.2,,,,,0.042,,,,
,18,,,,,7.928,,,,,25.3,,,,,0.033,,,,
,19,,,,,7.957,,,,,25.3,,,,,0.029,,,,
,20,,,,,7.981,,,,,25.3,,,,,0.024,,,,
,21,,,,,7.998,,,,,25.3,,,,,0.017,,,,
,22,,,,,8.014,,,,,25.3,,,,,0.016,,,,
,23,,,,,8.027,,,,,25.3,,,,,0.013,,,,
,24,,,,,8.038,,,,,25.3,,,,,0.011,,,,
,25,,,,,8.047,,,,,25.3,,,,,0.009,,,,
,26,,,,,8.054,,,,,25.3,,,,,0.007,,,,
,27,,,,,8.060,,,,,25.3,,,,,0.006,,,,
,28,,,,,8.066,,,,,25.3,,,,,0.006,,,,
,29,,,,,8.070,,,,,25.3,,,,,0.004,,,,
,30,,,,,8.074,,,,,25.3,,,,,0.004,,,,
,31,,,,,8.077,,,,,25.3,,,,,0.003,,,,
,32,,,,,8.080,,,,,25.3,,,,,0.003,,,,
,33,,,,,8.082,,,,,25.3,,,,,0.002,,,,
,34,,,,,8.084,,,,,25.3,,,,,0.002,,,,
,35,,,,,8.086,,,,,25.3,,,,,0.002,,,,
,36,,,,,8.087,,,,,25.3,,,,,0.001,,,,
,37,,,,,8.088,,,,,25.3,,,,,0.001,,,,
,38,,,,,8.089,,,,,25.3,,,,,0.001,,,,
,39,,,,,8.091,,,,,25.3,,,,,0.002,,,,
,40,,,,,8.091,,,,,25.3,,,,,0.000,,,,
,41,,,,,8.092,,,,,25.3,,,,,0.001,,,,
,42,,,,,8.092,,,,,25.3,,,,,0.000,,,,
,43,,,,,8.093,,,,,25.3,,,,,0.001,,,,
,44,,,,,8.094,,,,,25.3,,,,,0.001,,,,
,45,,,,,8.095,,,,,25.3,,,,,0.001,,,,
,46,,,,,8.095,,,,,25.3,,,,,0.000,,,,
,47,,,,,8.095,,,,,25.3,,,,,0.000,,,,
,48,,,,,8.096,,,,,25.3,,,,,0.001,,,,
,49,,,,,8.096,,,,,25.3,,,,,0.000,,,,
,50,,,,,8.096,,,,,25.3,,,,,0.000,,,,
,51,,,,,8.097,,,,,25.3,,,,,0.001,,,,
,52,,,,,8.097,,,,,25.3,,,,,0.000,,,,
,53,,,,,8.097,,,,,25.3,,,,,0.000,,,,
,54,,,,,8.098,,,,,25.3,,,,,0.001,,,,
,55,,,,,8.098,,,,,25.3,,,,,0.000,,,,
,56,,,,,8.098,,,,,25.3,,,,,0.000,,,,
,57,,,,,8.098,,,,,25.3,,,,,0.000,,,,
,58,,,,,8.098,,,,,25.3,,,,,0.000,,,,
,59,,,,,8.099,,,,,25.3,,,,,0.001,,,,
,60,,,,,8.099,,,,,25.3,,,,,0.000,,,,
Titration (EQP) [1],,,,,,,,"Scope 1/1, Sample 18/23",,,,,,,,,,,,
Measured Values,,,,,"Scope 1/1, Sample 18/23",,,,,,,,,,,,,,,
,Time,,V,,,Meas. value,,,dV,,Temp.,,,dE,,,dE/dV,,,EQP
,[s],,[mL],,,[pH],,,[mL],,[°C],,,[pH],,,[pH/mL],,,
,0,,0.00000,,,8.100,,,,,25.3,,,,,,,,,
,28,,0.08575,,,7.854,,,0.08575,,25.3,,,-0.246,,,,,,
,58,,0.12850,,,7.627,,,0.04275,,25.3,,,-0.227,,,,,,
,88,,0.15000,,,7.488,,,0.02150,,25.3,,,-0.139,,,,,,
,179,,0.16675,,,7.395,,,0.01675,,25.3,,,-0.093,,,,,,
,209,,0.19625,,,7.250,,,0.02950,,25.3,,,-0.145,,,-4.69,,,
,239,,0.22700,,,7.111,,,0.03075,,25.3,,,-0.139,,,-3.93,,,
,270,,0.25975,,,6.996,,,0.03275,,25.3,,,-0.115,,,-3.37,,,
,300,,0.30950,,,6.857,,,0.04975,,25.3,,,-0.139,,,-2.73,,,
,330,,0.35950,,,6.733,,,0.05000,,25.3,,,-0.124,,,-2.32,,,
,360,,0.40950,,,6.623,,,0.05000,,25.3,,,-0.110,,,-2.05,,,
,390,,0.45950,,,6.524,,,0.05000,,25.3,,,-0.099,,,-1.88,,,
,421,,0.50950,,,6.433,,,0.05000,,25.3,,,-0.091,,,-1.74,,,
,451,,0.55950,,,6.347,,,0.05000,,25.3,,,-0.086,,,-1.63,,,
,481,,0.60950,,,6.272,,,0.05000,,25.3,,,-0.075,,,-1.54,,,
,511,,0.65950,,,6.196,,,0.05000,,25.3,,,-0.076,,,-1.46,,,
,542,,0.70950,,,6.120,,,0.05000,,25.3,,,-0.076,,,-1.40,,,
,572,,0.75950,,,6.051,,,0.05000,,25.3,,,-0.069,,,-1.37,,,
,602,,0.80950,,,5.988,,,0.05000,,25.3,,,-0.063,,,-1.36,,,
,632,,0.85950,,,5.919,,,0.05000,,25.3,,,-0.069,,,-1.38,,,
,663,,0.90950,,,5.845,,,0.05000,,25.3,,,-0.074,,,-1.44,,,
,693,,0.95950,,,5.771,,,0.05000,,25.3,,,-0.074,,,-1.55,,,
,723,,1.00950,,,5.689,,,0.05000,,25.3,,,-0.082,,,-1.70,,,
,753,,1.05950,,,5.599,,,0.05000,,25.3,,,-0.090,,,-1.90,,,
,784,,1.10950,,,5.496,,,0.05000,,25.3,,,-0.103,,,-2.24,,,
,814,,1.15950,,,5.374,,,0.05000,,25.3,,,-0.122,,,-2.76,,,
,844,,1.20950,,,5.224,,,0.05000,,25.3,,,-0.150,,,-3.59,,,
,874,,1.25050,,,5.067,,,0.04100,,25.3,,,-0.157,,,-4.58,,,
,905,,1.27825,,,4.933,,,0.02775,,25.3,,,-0.134,,,-5.40,,,
,935,,1.30050,,,4.802,,,0.02225,,25.3,,,-0.131,,,-6.11,,,
,965,,1.31950,,,4.671,,,0.01900,,25.3,,,-0.131,,,-6.78,,,
,995,,1.33650,,,4.540,,,0.01700,,25.3,,,-0.131,,,-7.40,,,
,,,1.344603 ???,,,4.475 ???,,,,,,,,,,,,,,EQP
,1026,,1.35225,,,4.413,,,0.01575,,25.3,,,-0.127,,,-7.40,,,
,1056,,1.36850,,,4.289,,,0.01625,,25.3,,,-0.124,,,-6.71,,,
,1086,,1.38700,,,4.163,,,0.01850,,25.3,,,-0.126,,,-5.97,,,
,1116,,1.40925,,,4.034,,,0.02225,,25.3,,,-0.129,,,-5.20,,,
,1146,,1.43725,,,3.907,,,0.02800,,25.3,,,-0.127,,,-4.30,,,
,1177,,1.47500,,,3.774,,,0.03775,,25.3,,,-0.133,,,-3.31,,,
,1207,,1.52475,,,3.642,,,0.04975,,25.3,,,-0.132,,,-2.42,,,
,1237,,1.57475,,,3.538,,,0.05000,,25.3,,,-0.104,,,-1.87,,,
,1268,,1.62475,,,3.455,,,0.05000,,25.3,,,-0.083,,,-1.52,,,
,1298,,1.67475,,,3.385,,,0.05000,,25.3,,,-0.070,,,-1.28,,,
,1328,,1.72475,,,3.323,,,0.05000,,25.3,,,-0.062,,,-1.12,,,
,1358,,1.77475,,,3.270,,,0.05000,,25.3,,,-0.053,,,-1.00,,,
,1388,,1.82475,,,3.223,,,0.05000,,25.3,,,-0.047,,,-0.90,,,
,1419,,1.87475,,,3.179,,,0.05000,,25.3,,,-0.044,,,-0.81,,,
,1449,,1.92475,,,3.141,,,0.05000,,25.3,,,-0.038,,,-0.74,,,
,1479,,1.97475,,,3.105,,,0.05000,,25.3,,,-0.036,,,,,,
,1509,,2.02475,,,3.072,,,0.05000,,25.3,,,-0.033,,,,,,
,1540,,2.07475,,,3.041,,,0.05000,,25.3,,,-0.031,,,,,,
,1570,,2.12475,,,3.012,,,0.05000,,25.3,,,-0.029,,,,,,
,1600,,2.17475,,,2.985,,,0.05000,,25.3,,,-0.027,,,,,,
Measure (normal) [1],,,,,,,,"Scope 1/1, Sample 19/23",,,,,,,,,,,,
Measured Values,,,,,"Scope 1/1, Sample 19/23",,,,,,,,,,,,,,,
,Time,,,,,Meas. value,,,,,Temp.,,,,,dE,,,,
,[s],,,,,[pH],,,,,[°C],,,,,[pH],,,,
,1,,,,,2.559,,,,,23.8,,,,,,,,,
,2,,,,,2.443,,,,,23.9,,,,,-0.116,,,,
,3,,,,,2.413,,,,,24.2,,,,,-0.030,,,,
,4,,,,,2.406,,,,,24.4,,,,,-0.007,,,,
,5,,,,,2.404,,,,,24.6,,,,,-0.002,,,,
,6,,,,,2.403,,,,,24.7,,,,,-0.001,,,,
,7,,,,,2.403,,,,,24.9,,,,,0.000,,,,
,8,,,,,2.403,,,,,25.0,,,,,0.000,,,,
,9,,,,,2.402,,,,,25.0,,,,,-0.001,,,,
,10,,,,,2.402,,,,,25.1,,,,,0.000,,,,
,11,,,,,2.401,,,,,25.1,,,,,-0.001,,,,
,12,,,,,2.400,,,,,25.2,,,,,-0.001,,,,
,13,,,,,2.399,,,,,25.2,,,,,-0.001,,,,
,14,,,,,2.399,,,,,25.2,,,,,0.000,,,,
,15,,,,,2.398,,,,,25.3,,,,,-0.001,,,,
,16,,,,,2.397,,,,,25.3,,,,,-0.001,,,,
,17,,,,,2.396,,,,,25.3,,,,,-0.001,,,,
,18,,,,,2.395,,,,,25.3,,,,,-0.001,,,,
,19,,,,,2.395,,,,,25.3,,,,,0.000,,,,
,20,,,,,2.394,,,,,25.3,,,,,-0.001,,,,
,21,,,,,2.394,,,,,25.3,,,,,0.000,,,,
,22,,,,,2.393,,,,,25.3,,,,,-0.001,,,,
,23,,,,,2.392,,,,,25.3,,,,,-0.001,,,,
,24,,,,,2.391,,,,,25.3,,,,,-0.001,,,,
,25,,,,,2.391,,,,,25.3,,,,,0.000,,,,
,26,,,,,2.390,,,,,25.3,,,,,-0.001,,,,
,27,,,,,2.390,,,,,25.3,,,,,0.000,,,,
,28,,,,,2.389,,,,,25.3,,,,,-0.001,,,,
,29,,,,,2.389,,,,,25.3,,,,,0.000,,,,
,30,,,,,2.388,,,,,25.3,,,,,-0.001,,,,
,31,,,,,2.387,,,,,25.3,,,,,-0.001,,,,
,32,,,,,2.387,,,,,25.3,,,,,0.000,,,,
,33,,,,,2.386,,,,,25.3,,,,,-0.001,,,,
,34,,,,,2.386,,,,,25.3,,,,,0.000,,,,
,35,,,,,2.386,,,,,25.3,,,,,0.000,,,,
,36,,,,,2.385,,,,,25.3,,,,,-0.001,,,,
,37,,,,,2.385,,,,,25.3,,,,,0.000,,,,
,38,,,,,2.384,,,,,25.3,,,,,-0.001,,,,
,39,,,,,2.384,,,,,25.3,,,,,0.000,,,,
,40,,,,,2.384,,,,,25.3,,,,,0.000,,,,
,41,,,,,2.383,,,,,25.3,,,,,-0.001,,,,
,42,,,,,2.383,,,,,25.3,,,,,0.000,,,,
,43,,,,,2.382,,,,,25.3,,,,,-0.001,,,,
,44,,,,,2.382,,,,,25.3,,,,,0.000,,,,
,45,,,,,2.382,,,,,25.3,,,,,0.000,,,,
,46,,,,,2.382,,,,,25.3,,,,,0.000,,,,
,47,,,,,2.381,,,,,25.3,,,,,-0.001,,,,
,48,,,,,2.381,,,,,25.3,,,,,0.000,,,,
,49,,,,,2.381,,,,,25.3,,,,,0.000,,,,
,50,,,,,2.380,,,,,25.3,,,,,-0.001,,,,
,51,,,,,2.380,,,,,25.3,,,,,0.000,,,,
,52,,,,,2.380,,,,,25.3,,,,,0.000,,,,
,53,,,,,2.379,,,,,25.3,,,,,-0.001,,,,
,54,,,,,2.379,,,,,25.3,,,,,0.000,,,,
,55,,,,,2.379,,,,,25.3,,,,,0.000,,,,
,56,,,,,2.379,,,,,25.3,,,,,0.000,,,,
,57,,,,,2.379,,,,,25.3,,,,,0.000,,,,
,58,,,,,2.379,,,,,25.3,,,,,0.000,,,,
,59,,,,,2.378,,,,,25.3,,,,,-0.001,,,,
,60,,,,,2.378,,,,,25.3,,,,,0.000,,,,
Titration (EQP) [1],,,,,,,,"Scope 1/1, Sample 19/23",,,,,,,,,,,,
Measured Values,,,,,"Scope 1/1, Sample 19/23",,,,,,,,,,,,,,,
,Time,,,V,,,Meas. value,,,dV,,,Temp.,,dE,,,,dE/dV,
,[s],,,[mL],,,[pH],,,[mL],,,[°C],,[pH],,,,[pH/mL],
,0,,,0.00000,,,2.378,,,,,,25.3,,,,,,,
,28,,,0.08575,,,2.363,,,0.08575,,,25.3,,-0.015,,,,,
,58,,,0.12850,,,2.354,,,0.04275,,,25.3,,-0.009,,,,,
,88,,,0.15000,,,2.348,,,0.02150,,,25.3,,-0.006,,,,,
,179,,,0.20000,,,2.337,,,0.05000,,,25.3,,-0.011,,,,,
,209,,,0.25000,,,2.330,,,0.05000,,,25.3,,-0.007,,,,-0.16,
,239,,,0.30000,,,2.323,,,0.05000,,,25.3,,-0.007,,,,-0.14,
,270,,,0.35000,,,2.316,,,0.05000,,,25.3,,-0.007,,,,-0.13,
,300,,,0.40000,,,2.310,,,0.05000,,,25.3,,-0.006,,,,-0.13,
,330,,,0.45000,,,2.304,,,0.05000,,,25.3,,-0.006,,,,-0.13,
,360,,,0.50000,,,2.297,,,0.05000,,,25.3,,-0.007,,,,-0.12,
,390,,,0.55000,,,2.291,,,0.05000,,,25.3,,-0.006,,,,-0.12,
,421,,,0.60000,,,2.285,,,0.05000,,,25.3,,-0.006,,,,-0.12,
,451,,,0.65000,,,2.280,,,0.05000,,,25.3,,-0.005,,,,-0.11,
,481,,,0.70000,,,2.274,,,0.05000,,,25.3,,-0.006,,,,-0.11,
,511,,,0.75000,,,2.269,,,0.05000,,,25.3,,-0.005,,,,-0.11,
,542,,,0.80000,,,2.263,,,0.05000,,,25.3,,-0.006,,,,-0.11,
,572,,,0.85000,,,2.258,,,0.05000,,,25.3,,-0.005,,,,-0.11,
,602,,,0.90000,,,2.252,,,0.05000,,,25.3,,-0.006,,,,-0.11,
,632,,,0.95000,,,2.247,,,0.05000,,,25.3,,-0.005,,,,-0.11,
,663,,,1.00000,,,2.242,,,0.05000,,,25.3,,-0.005,,,,-0.10,
,693,,,1.05000,,,2.237,,,0.05000,,,25.3,,-0.005,,,,-0.10,
,723,,,1.10000,,,2.232,,,0.05000,,,25.3,,-0.005,,,,-0.09,
,753,,,1.15000,,,2.227,,,0.05000,,,25.3,,-0.005,,,,-0.10,
,784,,,1.20000,,,2.223,,,0.05000,,,25.3,,-0.004,,,,-0.09,
,814,,,1.25000,,,2.218,,,0.05000,,,25.3,,-0.005,,,,-0.10,
,844,,,1.30000,,,2.213,,,0.05000,,,25.3,,-0.005,,,,-0.09,
,874,,,1.35000,,,2.208,,,0.05000,,,25.3,,-0.005,,,,-0.10,
,904,,,1.40000,,,2.204,,,0.05000,,,25.3,,-0.004,,,,-0.09,
,935,,,1.45000,,,2.199,,,0.05000,,,25.3,,-0.005,,,,-0.09,
,965,,,1.50000,,,2.195,,,0.05000,,,25.3,,-0.004,,,,-0.09,
,995,,,1.55000,,,2.190,,,0.05000,,,25.3,,-0.005,,,,-0.08,
,1026,,,1.60000,,,2.187,,,0.05000,,,25.3,,-0.003,,,,-0.08,
,1056,,,1.65000,,,2.182,,,0.05000,,,25.3,,-0.005,,,,-0.08,
,1086,,,1.70000,,,2.178,,,0.05000,,,25.3,,-0.004,,,,-0.08,
,1116,,,1.75000,,,2.174,,,0.05000,,,25.3,,-0.004,,,,-0.08,
,1146,,,1.80000,,,2.170,,,0.05000,,,25.3,,-0.004,,,,-0.08,
,1177,,,1.85000,,,2.165,,,0.05000,,,25.3,,-0.005,,,,-0.08,
,1207,,,1.90000,,,2.162,,,0.05000,,,25.3,,-0.003,,,,-0.08,
,1237,,,1.95000,,,2.158,,,0.05000,,,25.3,,-0.004,,,,-0.08,
,1267,,,2.00000,,,2.154,,,0.05000,,,25.3,,-0.004,,,,-0.08,
,1298,,,2.05000,,,2.150,,,0.05000,,,25.3,,-0.004,,,,-0.08,
,1328,,,2.10000,,,2.146,,,0.05000,,,25.3,,-0.004,,,,-0.08,
,1358,,,2.15000,,,2.142,,,0.05000,,,25.3,,-0.004,,,,-0.08,
,1388,,,2.20000,,,2.138,,,0.05000,,,25.3,,-0.004,,,,-0.07,
,1419,,,2.25000,,,2.135,,,0.05000,,,25.3,,-0.003,,,,-0.07,
,1449,,,2.30000,,,2.131,,,0.05000,,,25.3,,-0.004,,,,-0.07,
,1479,,,2.35000,,,2.128,,,0.05000,,,25.3,,-0.003,,,,-0.07,
,1509,,,2.40000,,,2.124,,,0.05000,,,25.3,,-0.004,,,,-0.07,
,1540,,,2.45000,,,2.121,,,0.05000,,,25.3,,-0.003,,,,-0.07,
,1570,,,2.50000,,,2.117,,,0.05000,,,25.3,,-0.004,,,,-0.07,
,1600,,,2.55000,,,2.113,,,0.05000,,,25.3,,-0.004,,,,-0.07,
,1630,,,2.60000,,,2.110,,,0.05000,,,25.3,,-0.003,,,,-0.07,
,1661,,,2.65000,,,2.107,,,0.05000,,,25.3,,-0.003,,,,-0.07,
,1691,,,2.70000,,,2.103,,,0.05000,,,25.3,,-0.004,,,,-0.07,
,1721,,,2.75000,,,2.100,,,0.05000,,,25.3,,-0.003,,,,-0.07,
,1751,,,2.80000,,,2.097,,,0.05000,,,25.3,,-0.003,,,,-0.07,
,1782,,,2.85000,,,2.093,,,0.05000,,,25.3,,-0.004,,,,-0.07,
,1812,,,2.90000,,,2.090,,,0.05000,,,25.3,,-0.003,,,,-0.07,
,1842,,,2.95000,,,2.087,,,0.05000,,,25.3,,-0.003,,,,-0.07,
,1872,,,3.00000,,,2.083,,,0.05000,,,25.3,,-0.004,,,,-0.07,
,1902,,,3.05000,,,2.080,,,0.05000,,,25.3,,-0.003,,,,-0.06,
,1933,,,3.10000,,,2.077,,,0.05000,,,25.3,,-0.003,,,,-0.06,
,1963,,,3.15000,,,2.074,,,0.05000,,,25.3,,-0.003,,,,-0.06,
,1993,,,3.20000,,,2.071,,,0.05000,,,25.3,,-0.003,,,,-0.06,
,2024,,,3.25000,,,2.068,,,0.05000,,,25.3,,-0.003,,,,-0.06,
,2054,,,3.30000,,,2.065,,,0.05000,,,25.3,,-0.003,,,,-0.06,
,2084,,,3.35000,,,2.062,,,0.05000,,,25.3,,-0.003,,,,-0.06,
,2114,,,3.40000,,,2.059,,,0.05000,,,25.3,,-0.003,,,,-0.06,
,2144,,,3.45000,,,2.056,,,0.05000,,,25.3,,-0.003,,,,-0.06,
,2175,,,3.50000,,,2.053,,,0.05000,,,25.3,,-0.003,,,,-0.06,
,2205,,,3.55000,,,2.050,,,0.05000,,,25.3,,-0.003,,,,-0.06,
,2235,,,3.60000,,,2.048,,,0.05000,,,25.3,,-0.002,,,,-0.05,
,2265,,,3.65000,,,2.045,,,0.05000,,,25.3,,-0.003,,,,-0.05,
,2296,,,3.70000,,,2.042,,,0.05000,,,25.3,,-0.003,,,,-0.05,
,2326,,,3.75000,,,2.039,,,0.05000,,,25.3,,-0.003,,,,-0.06,
,2356,,,3.80000,,,2.037,,,0.05000,,,25.3,,-0.002,,,,-0.06,
,2386,,,3.85000,,,2.034,,,0.05000,,,25.3,,-0.003,,,,-0.06,
,2417,,,3.90000,,,2.031,,,0.05000,,,25.3,,-0.003,,,,-0.05,
,2447,,,3.95000,,,2.028,,,0.05000,,,25.3,,-0.003,,,,-0.05,
,2477,,,4.00000,,,2.026,,,0.05000,,,25.3,,-0.002,,,,-0.05,
,2507,,,4.05000,,,2.023,,,0.05000,,,25.3,,-0.003,,,,-0.05,
,2538,,,4.10000,,,2.021,,,0.05000,,,25.3,,-0.002,,,,-0.05,
,2568,,,4.15000,,,2.018,,,0.05000,,,25.3,,-0.003,,,,-0.05,
,2598,,,4.20000,,,2.015,,,0.05000,,,25.3,,-0.003,,,,-0.05,
,2628,,,4.25000,,,2.012,,,0.05000,,,25.3,,-0.003,,,,-0.05,
,2659,,,4.30000,,,2.010,,,0.05000,,,25.3,,-0.002,,,,-0.05,
,2689,,,4.35000,,,2.008,,,0.05000,,,25.3,,-0.002,,,,-0.05,
,2719,,,4.40000,,,2.005,,,0.05000,,,25.3,,-0.003,,,,-0.05,
,2749,,,4.45000,,,2.002,,,0.05000,,,25.3,,-0.003,,,,-0.05,
,2780,,,4.50000,,,2.000,,,0.05000,,,25.3,,-0.002,,,,-0.05,
,2810,,,4.55000,,,1.997,,,0.05000,,,25.3,,-0.003,,,,-0.05,
,2840,,,4.60000,,,1.995,,,0.05000,,,25.3,,-0.002,,,,-0.04,
,2870,,,4.65000,,,1.993,,,0.05000,,,25.3,,-0.002,,,,-0.05,
,2900,,,4.70000,,,1.991,,,0.05000,,,25.3,,-0.002,,,,-0.05,
,2931,,,4.75000,,,1.988,,,0.05000,,,25.3,,-0.003,,,,-0.05,
,2961,,,4.80000,,,1.985,,,0.05000,,,25.3,,-0.003,,,,-0.05,
,2991,,,4.85000,,,1.983,,,0.05000,,,25.3,,-0.002,,,,-0.05,
,3022,,,4.90000,,,1.981,,,0.05000,,,25.3,,-0.002,,,,-0.04,
,3052,,,4.95000,,,1.979,,,0.05000,,,25.3,,-0.002,,,,-0.04,
,3082,,,5.00000,,,1.976,,,0.05000,,,25.3,,-0.003,,,,-0.05,
,3112,,,5.05000,,,1.974,,,0.05000,,,25.3,,-0.002,,,,-0.05,
,3142,,,5.10000,,,1.972,,,0.05000,,,25.3,,-0.002,,,,-0.05,
,3173,,,5.15000,,,1.969,,,0.05000,,,25.3,,-0.003,,,,-0.04,
,3203,,,5.20000,,,1.967,,,0.05000,,,25.3,,-0.002,,,,-0.04,
,3233,,,5.25000,,,1.965,,,0.05000,,,25.3,,-0.002,,,,-0.04,
,3263,,,5.30000,,,1.963,,,0.05000,,,25.3,,-0.002,,,,-0.04,
,3294,,,5.35000,,,1.961,,,0.05000,,,25.3,,-0.002,,,,-0.04,
,3324,,,5.40000,,,1.958,,,0.05000,,,25.3,,-0.003,,,,-0.05,
,3354,,,5.45000,,,1.956,,,0.05000,,,25.3,,-0.002,,,,-0.04,
,3384,,,5.50000,,,1.954,,,0.05000,,,25.3,,-0.002,,,,-0.04,
,3415,,,5.55000,,,1.952,,,0.05000,,,25.3,,-0.002,,,,-0.04,
,3445,,,5.60000,,,1.950,,,0.05000,,,25.3,,-0.002,,,,-0.04,
,3475,,,5.65000,,,1.948,,,0.05000,,,25.3,,-0.002,,,,-0.04,
,3505,,,5.70000,,,1.946,,,0.05000,,,25.3,,-0.002,,,,-0.04,
,3536,,,5.75000,,,1.943,,,0.05000,,,25.3,,-0.003,,,,-0.04,
,3566,,,5.80000,,,1.942,,,0.05000,,,25.3,,-0.001,,,,-0.04,
,3596,,,5.85000,,,1.940,,,0.05000,,,25.3,,-0.002,,,,-0.04,
,3626,,,5.90000,,,1.937,,,0.05000,,,25.3,,-0.003,,,,-0.04,
,3657,,,5.95000,,,1.935,,,0.05000,,,25.3,,-0.002,,,,-0.04,
,3687,,,6.00000,,,1.933,,,0.05000,,,25.3,,-0.002,,,,-0.04,
,3717,,,6.05000,,,1.931,,,0.05000,,,25.3,,-0.002,,,,-0.04,
,3747,,,6.10000,,,1.929,,,0.05000,,,25.3,,-0.002,,,,-0.04,
,3777,,,6.15000,,,1.927,,,0.05000,,,25.3,,-0.002,,,,-0.04,
,3808,,,6.20000,,,1.925,,,0.05000,,,25.3,,-0.002,,,,-0.04,
,3838,,,6.25000,,,1.923,,,0.05000,,,25.3,,-0.002,,,,-0.04,
,3868,,,6.30000,,,1.922,,,0.05000,,,25.3,,-0.001,,,,-0.04,
,3898,,,6.35000,,,1.919,,,0.05000,,,25.3,,-0.003,,,,-0.04,
,3929,,,6.40000,,,1.918,,,0.05000,,,25.3,,-0.001,,,,-0.04,
,3959,,,6.45000,,,1.915,,,0.05000,,,25.3,,-0.003,,,,-0.04,
,3989,,,6.50000,,,1.914,,,0.05000,,,25.3,,-0.001,,,,-0.04,
,4019,,,6.55000,,,1.912,,,0.05000,,,25.3,,-0.002,,,,-0.04,
,4050,,,6.60000,,,1.910,,,0.05000,,,25.3,,-0.002,,,,-0.04,
,4080,,,6.65000,,,1.908,,,0.05000,,,25.3,,-0.002,,,,-0.03,
,4110,,,6.70000,,,1.906,,,0.05000,,,25.3,,-0.002,,,,-0.04,
,4140,,,6.75000,,,1.905,,,0.05000,,,25.3,,-0.001,,,,-0.03,
,4170,,,6.80000,,,1.903,,,0.05000,,,25.3,,-0.002,,,,-0.04,
,4201,,,6.85000,,,1.901,,,0.05000,,,25.3,,-0.002,,,,-0.04,
,4231,,,6.90000,,,1.899,,,0.05000,,,25.3,,-0.002,,,,-0.04,
,4261,,,6.95000,,,1.897,,,0.05000,,,25.3,,-0.002,,,,-0.04,
,4291,,,7.00000,,,1.895,,,0.05000,,,25.3,,-0.002,,,,-0.04,
,4322,,,7.05000,,,1.893,,,0.05000,,,25.3,,-0.002,,,,-0.04,
,4352,,,7.10000,,,1.892,,,0.05000,,,25.3,,-0.001,,,,-0.03,
,4382,,,7.15000,,,1.890,,,0.05000,,,25.3,,-0.002,,,,-0.03,
,4412,,,7.20000,,,1.888,,,0.05000,,,25.3,,-0.002,,,,-0.04,
,4443,,,7.25000,,,1.886,,,0.05000,,,25.3,,-0.002,,,,-0.03,
,4473,,,7.30000,,,1.885,,,0.05000,,,25.3,,-0.001,,,,-0.03,
,4503,,,7.35000,,,1.883,,,0.05000,,,25.3,,-0.002,,,,-0.03,
,4533,,,7.40000,,,1.881,,,0.05000,,,25.3,,-0.002,,,,-0.03,
,4564,,,7.45000,,,1.880,,,0.05000,,,25.3,,-0.001,,,,-0.03,
,4594,,,7.50000,,,1.878,,,0.05000,,,25.3,,-0.002,,,,-0.03,
,4624,,,7.55000,,,1.876,,,0.05000,,,25.3,,-0.002,,,,-0.03,
,4654,,,7.60000,,,1.875,,,0.05000,,,25.3,,-0.001,,,,-0.03,
,4685,,,7.65000,,,1.873,,,0.05000,,,25.3,,-0.002,,,,-0.03,
,4715,,,7.70000,,,1.871,,,0.05000,,,25.3,,-0.002,,,,-0.03,
,4745,,,7.75000,,,1.870,,,0.05000,,,25.3,,-0.001,,,,-0.03,
,4775,,,7.80000,,,1.868,,,0.05000,,,25.3,,-0.002,,,,-0.03,
,4806,,,7.85000,,,1.866,,,0.05000,,,25.3,,-0.002,,,,-0.03,
,4836,,,7.90000,,,1.865,,,0.05000,,,25.3,,-0.001,,,,-0.03,
,4866,,,7.95000,,,1.863,,,0.05000,,,25.3,,-0.002,,,,-0.03,
,4896,,,8.00000,,,1.862,,,0.05000,,,25.3,,-0.001,,,,-0.03,
,4927,,,8.05000,,,1.860,,,0.05000,,,25.3,,-0.002,,,,-0.03,
,4957,,,8.10000,,,1.858,,,0.05000,,,25.3,,-0.002,,,,-0.03,
,4987,,,8.15000,,,1.857,,,0.05000,,,25.3,,-0.001,,,,-0.03,
,5017,,,8.20000,,,1.855,,,0.05000,,,25.3,,-0.002,,,,-0.03,
,5048,,,8.25000,,,1.854,,,0.05000,,,25.3,,-0.001,,,,-0.03,
,5078,,,8.30000,,,1.852,,,0.05000,,,25.3,,-0.002,,,,-0.03,
,5108,,,8.35000,,,1.850,,,0.05000,,,25.3,,-0.002,,,,-0.03,
,5138,,,8.40000,,,1.849,,,0.05000,,,25.3,,-0.001,,,,-0.03,
,5168,,,8.45000,,,1.847,,,0.05000,,,25.3,,-0.002,,,,-0.03,
,5199,,,8.50000,,,1.846,,,0.05000,,,25.3,,-0.001,,,,-0.03,
,5229,,,8.55000,,,1.845,,,0.05000,,,25.3,,-0.001,,,,-0.03,
,5259,,,8.60000,,,1.843,,,0.05000,,,25.3,,-0.002,,,,-0.03,
,5289,,,8.65000,,,1.841,,,0.05000,,,25.3,,-0.002,,,,-0.03,
,5320,,,8.70000,,,1.840,,,0.05000,,,25.3,,-0.001,,,,-0.03,
,5350,,,8.75000,,,1.839,,,0.05000,,,25.3,,-0.001,,,,-0.03,
,5380,,,8.80000,,,1.837,,,0.05000,,,25.3,,-0.002,,,,-0.03,
,5410,,,8.85000,,,1.836,,,0.05000,,,25.3,,-0.001,,,,-0.03,
,5441,,,8.90000,,,1.834,,,0.05000,,,25.3,,-0.002,,,,-0.03,
,5471,,,8.95000,,,1.833,,,0.05000,,,25.3,,-0.001,,,,-0.03,
,5501,,,9.00000,,,1.831,,,0.05000,,,25.3,,-0.002,,,,-0.03,
,5531,,,9.05000,,,1.830,,,0.05000,,,25.3,,-0.001,,,,-0.03,
,5562,,,9.10000,,,1.828,,,0.05000,,,25.3,,-0.002,,,,-0.03,
,5592,,,9.15000,,,1.827,,,0.05000,,,25.3,,-0.001,,,,-0.03,
,5622,,,9.20000,,,1.826,,,0.05000,,,25.3,,-0.001,,,,-0.03,
,5652,,,9.25000,,,1.824,,,0.05000,,,25.3,,-0.002,,,,-0.03,
,5683,,,9.30000,,,1.823,,,0.05000,,,25.3,,-0.001,,,,-0.03,
,5713,,,9.35000,,,1.822,,,0.05000,,,25.3,,-0.001,,,,-0.03,
,5743,,,9.40000,,,1.820,,,0.05000,,,25.3,,-0.002,,,,-0.03,
,5773,,,9.45000,,,1.819,,,0.05000,,,25.3,,-0.001,,,,-0.03,
,5804,,,9.50000,,,1.818,,,0.05000,,,25.3,,-0.001,,,,-0.03,
,5834,,,9.55000,,,1.816,,,0.05000,,,25.3,,-0.002,,,,-0.03,
,5864,,,9.60000,,,1.815,,,0.05000,,,25.3,,-0.001,,,,-0.03,
,5894,,,9.65000,,,1.813,,,0.05000,,,25.3,,-0.002,,,,-0.03,
,5924,,,9.70000,,,1.812,,,0.05000,,,25.3,,-0.001,,,,-0.02,
,5955,,,9.75000,,,1.811,,,0.05000,,,25.3,,-0.001,,,,-0.02,
,5985,,,9.80000,,,1.810,,,0.05000,,,25.3,,-0.001,,,,-0.03,
,6015,,,9.85000,,,1.808,,,0.05000,,,25.3,,-0.002,,,,-0.03,
,6046,,,9.90000,,,1.807,,,0.05000,,,25.3,,-0.001,,,,-0.03,
,6076,,,9.95000,,,1.805,,,0.05000,,,25.3,,-0.002,,,,-0.03,
,6106,,,10.00000,,,1.804,,,0.05000,,,25.3,,-0.001,,,,-0.03,
,6136,,,10.05000,,,1.803,,,0.05000,,,25.3,,-0.001,,,,-0.02,
,6166,,,10.10000,,,1.802,,,0.05000,,,25.3,,-0.001,,,,-0.03,
,6197,,,10.15000,,,1.800,,,0.05000,,,25.3,,-0.002,,,,-0.02,
,6227,,,10.20000,,,1.799,,,0.05000,,,25.3,,-0.001,,,,-0.03,
,6257,,,10.25000,,,1.798,,,0.05000,,,25.3,,-0.001,,,,-0.03,
,6287,,,10.30000,,,1.796,,,0.05000,,,25.3,,-0.002,,,,-0.03,
,6318,,,10.35000,,,1.795,,,0.05000,,,25.3,,-0.001,,,,-0.03,
,6348,,,10.40000,,,1.793,,,0.05000,,,25.3,,-0.002,,,,-0.03,
,6378,,,10.45000,,,1.792,,,0.05000,,,25.3,,-0.001,,,,-0.02,
,6408,,,10.50000,,,1.791,,,0.05000,,,25.3,,-0.001,,,,-0.02,
,6439,,,10.55000,,,1.790,,,0.05000,,,25.3,,-0.001,,,,-0.02,
,6469,,,10.60000,,,1.789,,,0.05000,,,25.3,,-0.001,,,,-0.02,
,6499,,,10.65000,,,1.788,,,0.05000,,,25.3,,-0.001,,,,-0.03,
,6529,,,10.70000,,,1.786,,,0.05000,,,25.3,,-0.002,,,,-0.02,
,6560,,,10.75000,,,1.785,,,0.05000,,,25.3,,-0.001,,,,-0.02,
,6590,,,10.80000,,,1.784,,,0.05000,,,25.3,,-0.001,,,,-0.02,
,6620,,,10.85000,,,1.783,,,0.05000,,,25.3,,-0.001,,,,-0.02,
,6650,,,10.90000,,,1.782,,,0.05000,,,25.3,,-0.001,,,,-0.02,
,6681,,,10.95000,,,1.780,,,0.05000,,,25.3,,-0.002,,,,-0.03,
,6711,,,11.00000,,,1.779,,,0.05000,,,25.3,,-0.001,,,,-0.03,
,6741,,,11.05000,,,1.778,,,0.05000,,,25.3,,-0.001,,,,-0.02,
,6771,,,11.10000,,,1.777,,,0.05000,,,25.3,,-0.001,,,,-0.02,
,6802,,,11.15000,,,1.775,,,0.05000,,,25.3,,-0.002,,,,-0.02,
,6832,,,11.20000,,,1.774,,,0.05000,,,25.3,,-0.001,,,,-0.02,
,6862,,,11.25000,,,1.774,,,0.05000,,,25.3,,0.000,,,,-0.02,
,6892,,,11.30000,,,1.772,,,0.05000,,,25.3,,-0.002,,,,-0.02,
,6922,,,11.35000,,,1.771,,,0.05000,,,25.3,,-0.001,,,,-0.02,
,6953,,,11.40000,,,1.770,,,0.05000,,,25.3,,-0.001,,,,-0.02,
,6983,,,11.45000,,,1.769,,,0.05000,,,25.3,,-0.001,,,,-0.03,
,7013,,,11.50000,,,1.768,,,0.05000,,,25.3,,-0.001,,,,-0.02,
,7044,,,11.55000,,,1.766,,,0.05000,,,25.3,,-0.002,,,,-0.03,
,7074,,,11.60000,,,1.765,,,0.05000,,,25.3,,-0.001,,,,-0.02,
,7104,,,11.65000,,,1.764,,,0.05000,,,25.3,,-0.001,,,,-0.02,
,7134,,,11.70000,,,1.763,,,0.05000,,,25.3,,-0.001,,,,-0.02,
,7164,,,11.75000,,,1.762,,,0.05000,,,25.3,,-0.001,,,,-0.02,
,7195,,,11.80000,,,1.761,,,0.05000,,,25.3,,-0.001,,,,-0.02,
,7225,,,11.85000,,,1.760,,,0.05000,,,25.3,,-0.001,,,,-0.02,
,7255,,,11.90000,,,1.759,,,0.05000,,,25.3,,-0.001,,,,-0.02,
,7285,,,11.95000,,,1.757,,,0.05000,,,25.3,,-0.002,,,,-0.02,
,7316,,,12.00000,,,1.757,,,0.05000,,,25.3,,0.000,,,,-0.02,
,7346,,,12.05000,,,1.755,,,0.05000,,,25.3,,-0.002,,,,-0.02,
,7376,,,12.10000,,,1.754,,,0.05000,,,25.3,,-0.001,,,,-0.02,
,7406,,,12.15000,,,1.753,,,0.05000,,,25.3,,-0.001,,,,-0.02,
,7437,,,12.20000,,,1.752,,,0.05000,,,25.3,,-0.001,,,,-0.02,
,7467,,,12.25000,,,1.751,,,0.05000,,,25.3,,-0.001,,,,-0.02,
,7497,,,12.30000,,,1.750,,,0.05000,,,25.3,,-0.001,,,,-0.02,
,7527,,,12.35000,,,1.749,,,0.05000,,,25.3,,-0.001,,,,-0.02,
,7558,,,12.40000,,,1.748,,,0.05000,,,25.3,,-0.001,,,,-0.02,
,7588,,,12.45000,,,1.747,,,0.05000,,,25.3,,-0.001,,,,-0.02,
,7618,,,12.50000,,,1.746,,,0.05000,,,25.3,,-0.001,,,,-0.02,
,7648,,,12.55000,,,1.745,,,0.05000,,,25.3,,-0.001,,,,-0.02,
,7679,,,12.60000,,,1.743,,,0.05000,,,25.3,,-0.002,,,,-0.02,
,7709,,,12.65000,,,1.743,,,0.05000,,,25.3,,0.000,,,,-0.02,
,7739,,,12.70000,,,1.742,,,0.05000,,,25.3,,-0.001,,,,-0.02,
,7769,,,12.75000,,,1.741,,,0.05000,,,25.3,,-0.001,,,,-0.02,
,7800,,,12.80000,,,1.740,,,0.05000,,,25.3,,-0.001,,,,-0.02,
,7830,,,12.85000,,,1.739,,,0.05000,,,25.3,,-0.001,,,,-0.02,
,7860,,,12.90000,,,1.738,,,0.05000,,,25.3,,-0.001,,,,-0.02,
,7890,,,12.95000,,,1.737,,,0.05000,,,25.3,,-0.001,,,,-0.02,
,7920,,,13.00000,,,1.736,,,0.05000,,,25.3,,-0.001,,,,-0.02,
,7951,,,13.05000,,,1.735,,,0.05000,,,25.3,,-0.001,,,,-0.02,
,7981,,,13.10000,,,1.734,,,0.05000,,,25.3,,-0.001,,,,-0.02,
,8011,,,13.15000,,,1.733,,,0.05000,,,25.3,,-0.001,,,,-0.02,
,8042,,,13.20000,,,1.732,,,0.05000,,,25.3,,-0.001,,,,-0.02,
,8072,,,13.25000,,,1.731,,,0.05000,,,25.3,,-0.001,,,,-0.02,
,8102,,,13.30000,,,1.730,,,0.05000,,,25.3,,-0.001,,,,-0.02,
,8132,,,13.35000,,,1.729,,,0.05000,,,25.3,,-0.001,,,,-0.02,
,8162,,,13.40000,,,1.728,,,0.05000,,,25.3,,-0.001,,,,-0.02,
,8193,,,13.45000,,,1.727,,,0.05000,,,25.3,,-0.001,,,,-0.02,
,8223,,,13.50000,,,1.726,,,0.05000,,,25.3,,-0.001,,,,-0.02,
,8253,,,13.55000,,,1.725,,,0.05000,,,25.3,,-0.001,,,,-0.02,
,8283,,,13.60000,,,1.724,,,0.05000,,,25.3,,-0.001,,,,-0.02,
,8314,,,13.65000,,,1.723,,,0.05000,,,25.3,,-0.001,,,,-0.02,
,8344,,,13.70000,,,1.722,,,0.05000,,,25.3,,-0.001,,,,-0.02,
,8374,,,13.75000,,,1.720,,,0.05000,,,25.3,,-0.002,,,,-0.02,
,8404,,,13.80000,,,1.720,,,0.05000,,,25.3,,0.000,,,,-0.02,
,8435,,,13.85000,,,1.719,,,0.05000,,,25.3,,-0.001,,,,-0.02,
,8465,,,13.90000,,,1.718,,,0.05000,,,25.3,,-0.001,,,,-0.02,
,8495,,,13.95000,,,1.717,,,0.05000,,,25.3,,-0.001,,,,-0.02,
,8525,,,14.00000,,,1.716,,,0.05000,,,25.3,,-0.001,,,,-0.02,
,8556,,,14.05000,,,1.715,,,0.05000,,,25.3,,-0.001,,,,-0.02,
,8586,,,14.10000,,,1.715,,,0.05000,,,25.3,,0.000,,,,-0.02,
,8616,,,14.15000,,,1.713,,,0.05000,,,25.3,,-0.002,,,,-0.02,
,8646,,,14.20000,,,1.713,,,0.05000,,,25.3,,0.000,,,,-0.02,
,8677,,,14.25000,,,1.712,,,0.05000,,,25.3,,-0.001,,,,-0.02,
,8707,,,14.30000,,,1.711,,,0.05000,,,25.3,,-0.001,,,,-0.02,
,8737,,,14.35000,,,1.710,,,0.05000,,,25.3,,-0.001,,,,-0.02,
,8767,,,14.40000,,,1.709,,,0.05000,,,25.3,,-0.001,,,,-0.02,
,8798,,,14.45000,,,1.708,,,0.05000,,,25.3,,-0.001,,,,-0.02,
,8828,,,14.50000,,,1.707,,,0.05000,,,25.3,,-0.001,,,,-0.02,
,8858,,,14.55000,,,1.706,,,0.05000,,,25.3,,-0.001,,,,-0.02,
,8888,,,14.60000,,,1.705,,,0.05000,,,25.3,,-0.001,,,,-0.02,
,8918,,,14.65000,,,1.704,,,0.05000,,,25.3,,-0.001,,,,-0.01,
,8949,,,14.70000,,,1.704,,,0.05000,,,25.3,,0.000,,,,-0.01,
,8979,,,14.75000,,,1.703,,,0.05000,,,25.3,,-0.001,,,,-0.02,
,9009,,,14.80000,,,1.702,,,0.05000,,,25.3,,-0.001,,,,,
,9040,,,14.85000,,,1.701,,,0.05000,,,25.3,,-0.001,,,,,
,9070,,,14.90000,,,1.700,,,0.05000,,,25.3,,-0.001,,,,,
,9100,,,14.95000,,,1.699,,,0.05000,,,25.3,,-0.001,,,,,
,9130,,,15.00000,,,1.698,,,0.05000,,,25.3,,-0.001,,,,,
Measure (normal) [1],,,,,,,,"Scope 1/1, Sample 20/23",,,,,,,,,,,,
Measured Values,,,,,"Scope 1/1, Sample 20/23",,,,,,,,,,,,,,,
,Time,,,,,Meas. value,,,,,Temp.,,,,,dE,,,,
,[s],,,,,[pH],,,,,[°C],,,,,[pH],,,,
,1,,,,,4.375,,,,,23.9,,,,,,,,,
,2,,,,,4.772,,,,,24.0,,,,,0.397,,,,
,3,,,,,5.099,,,,,24.2,,,,,0.327,,,,
,4,,,,,5.352,,,,,24.4,,,,,0.253,,,,
,5,,,,,5.569,,,,,24.6,,,,,0.217,,,,
,6,,,,,5.768,,,,,24.8,,,,,0.199,,,,
,7,,,,,5.955,,,,,24.9,,,,,0.187,,,,
,8,,,,,6.136,,,,,25.0,,,,,0.181,,,,
,9,,,,,6.295,,,,,25.1,,,,,0.159,,,,
,10,,,,,6.463,,,,,25.1,,,,,0.168,,,,
,11,,,,,6.625,,,,,25.2,,,,,0.162,,,,
,12,,,,,6.773,,,,,25.2,,,,,0.148,,,,
,13,,,,,6.915,,,,,25.3,,,,,0.142,,,,
,14,,,,,7.041,,,,,25.3,,,,,0.126,,,,
,15,,,,,7.146,,,,,25.3,,,,,0.105,,,,
,16,,,,,7.257,,,,,25.3,,,,,0.111,,,,
,17,,,,,7.357,,,,,25.3,,,,,0.100,,,,
,18,,,,,7.450,,,,,25.3,,,,,0.093,,,,
,19,,,,,7.532,,,,,25.3,,,,,0.082,,,,
,20,,,,,7.603,,,,,25.3,,,,,0.071,,,,
,21,,,,,7.667,,,,,25.3,,,,,0.064,,,,
,22,,,,,7.721,,,,,25.3,,,,,0.054,,,,
,23,,,,,7.775,,,,,25.4,,,,,0.054,,,,
,24,,,,,7.824,,,,,25.4,,,,,0.049,,,,
,25,,,,,7.867,,,,,25.4,,,,,0.043,,,,
,26,,,,,7.906,,,,,25.4,,,,,0.039,,,,
,27,,,,,7.940,,,,,25.4,,,,,0.034,,,,
,28,,,,,7.970,,,,,25.4,,,,,0.030,,,,
,29,,,,,7.994,,,,,25.4,,,,,0.024,,,,
,30,,,,,8.016,,,,,25.4,,,,,0.022,,,,
,31,,,,,8.037,,,,,25.4,,,,,0.021,,,,
,32,,,,,8.055,,,,,25.4,,,,,0.018,,,,
,33,,,,,8.072,,,,,25.4,,,,,0.017,,,,
,34,,,,,8.087,,,,,25.4,,,,,0.015,,,,
,35,,,,,8.099,,,,,25.4,,,,,0.012,,,,
,36,,,,,8.109,,,,,25.4,,,,,0.010,,,,
,37,,,,,8.120,,,,,25.4,,,,,0.011,,,,
,38,,,,,8.129,,,,,25.4,,,,,0.009,,,,
,39,,,,,8.138,,,,,25.4,,,,,0.009,,,,
,40,,,,,8.145,,,,,25.4,,,,,0.007,,,,
,41,,,,,8.151,,,,,25.4,,,,,0.006,,,,
,42,,,,,8.157,,,,,25.4,,,,,0.006,,,,
,43,,,,,8.161,,,,,25.4,,,,,0.004,,,,
,44,,,,,8.166,,,,,25.4,,,,,0.005,,,,
,45,,,,,8.170,,,,,25.4,,,,,0.004,,,,
,46,,,,,8.173,,,,,25.4,,,,,0.003,,,,
,47,,,,,8.177,,,,,25.4,,,,,0.004,,,,
,48,,,,,8.180,,,,,25.4,,,,,0.003,,,,
,49,,,,,8.183,,,,,25.4,,,,,0.003,,,,
,50,,,,,8.185,,,,,25.4,,,,,0.002,,,,
,51,,,,,8.187,,,,,25.4,,,,,0.002,,,,
,52,,,,,8.189,,,,,25.4,,,,,0.002,,,,
,53,,,,,8.191,,,,,25.4,,,,,0.002,,,,
,54,,,,,8.193,,,,,25.4,,,,,0.002,,,,
,55,,,,,8.194,,,,,25.4,,,,,0.001,,,,
,56,,,,,8.196,,,,,25.4,,,,,0.002,,,,
,57,,,,,8.196,,,,,25.4,,,,,0.000,,,,
,58,,,,,8.198,,,,,25.4,,,,,0.002,,,,
,59,,,,,8.199,,,,,25.4,,,,,0.001,,,,
,60,,,,,8.200,,,,,25.4,,,,,0.001,,,,
Titration (EQP) [1],,,,,,,,"Scope 1/1, Sample 20/23",,,,,,,,,,,,
Measured Values,,,,,"Scope 1/1, Sample 20/23",,,,,,,,,,,,,,,
,Time,,V,,,Meas. value,,,dV,,Temp.,,,dE,,,dE/dV,,,EQP
,[s],,[mL],,,[pH],,,[mL],,[°C],,,[pH],,,[pH/mL],,,
,0,,0.00000,,,8.202,,,,,25.4,,,,,,,,,
,28,,0.08575,,,7.753,,,0.08575,,25.4,,,-0.449,,,,,,
,58,,0.12850,,,7.437,,,0.04275,,25.4,,,-0.316,,,,,,
,88,,0.15000,,,7.301,,,0.02150,,25.4,,,-0.136,,,,,,
,179,,0.17525,,,7.202,,,0.02525,,25.4,,,-0.099,,,,,,
,209,,0.22525,,,7.070,,,0.05000,,25.4,,,-0.132,,,-3.09,,,
,239,,0.27525,,,6.948,,,0.05000,,25.4,,,-0.122,,,-2.24,,,
,270,,0.32525,,,6.832,,,0.05000,,25.4,,,-0.116,,,-2.06,,,
,300,,0.37525,,,6.730,,,0.05000,,25.4,,,-0.102,,,-1.92,,,
,330,,0.42525,,,6.638,,,0.05000,,25.4,,,-0.092,,,-1.78,,,
,360,,0.47525,,,6.554,,,0.05000,,25.4,,,-0.084,,,-1.63,,,
,390,,0.52525,,,6.475,,,0.05000,,25.4,,,-0.079,,,-1.52,,,
,421,,0.57525,,,6.401,,,0.05000,,25.4,,,-0.074,,,-1.45,,,
,451,,0.62525,,,6.330,,,0.05000,,25.3,,,-0.071,,,-1.41,,,
,481,,0.67525,,,6.260,,,0.05000,,25.3,,,-0.070,,,-1.38,,,
,511,,0.72525,,,6.190,,,0.05000,,25.3,,,-0.070,,,-1.37,,,
,542,,0.77525,,,6.122,,,0.05000,,25.3,,,-0.068,,,-1.39,,,
,572,,0.82525,,,6.051,,,0.05000,,25.3,,,-0.071,,,-1.42,,,
,602,,0.87525,,,5.979,,,0.05000,,25.3,,,-0.072,,,-1.49,,,
,632,,0.92525,,,5.900,,,0.05000,,25.3,,,-0.079,,,-1.59,,,
,662,,0.97525,,,5.816,,,0.05000,,25.3,,,-0.084,,,-1.76,,,
,693,,1.02525,,,5.722,,,0.05000,,25.3,,,-0.094,,,-2.01,,,
,723,,1.07525,,,5.612,,,0.05000,,25.3,,,-0.110,,,-2.41,,,
,753,,1.12525,,,5.481,,,0.05000,,25.3,,,-0.131,,,-3.05,,,
,784,,1.17525,,,5.316,,,0.05000,,25.3,,,-0.165,,,-4.11,,,
,814,,1.20900,,,5.170,,,0.03375,,25.3,,,-0.146,,,-5.15,,,
,844,,1.23300,,,5.042,,,0.02400,,25.3,,,-0.128,,,-6.04,,,
,874,,1.25375,,,4.906,,,0.02075,,25.3,,,-0.136,,,-6.90,,,
,904,,1.27075,,,4.773,,,0.01700,,25.3,,,-0.133,,,-7.67,,,
,935,,1.28525,,,4.648,,,0.01450,,25.3,,,-0.125,,,-8.46,,,
,,,1.295653 ???,,,4.552 ???,,,,,,,,,,,,,,EQP
,965,,1.29950,,,4.516,,,0.01425,,25.3,,,-0.132,,,-8.65,,,
,995,,1.31325,,,4.394,,,0.01375,,25.3,,,-0.122,,,-8.03,,,
,1026,,1.32925,,,4.263,,,0.01600,,25.3,,,-0.131,,,-7.14,,,
,1056,,1.34725,,,4.138,,,0.01800,,25.3,,,-0.125,,,-6.32,,,
,1086,,1.37025,,,4.005,,,0.02300,,25.3,,,-0.133,,,-5.36,,,
,1116,,1.39850,,,3.877,,,0.02825,,25.3,,,-0.128,,,-4.34,,,
,1146,,1.43650,,,3.744,,,0.03800,,25.3,,,-0.133,,,-3.32,,,
,1177,,1.48650,,,3.610,,,0.05000,,25.3,,,-0.134,,,-2.42,,,
,1207,,1.53650,,,3.507,,,0.05000,,25.3,,,-0.103,,,-1.87,,,
,1237,,1.58650,,,3.423,,,0.05000,,25.3,,,-0.084,,,-1.52,,,
,1267,,1.63650,,,3.352,,,0.05000,,25.3,,,-0.071,,,-1.29,,,
,1298,,1.68650,,,3.291,,,0.05000,,25.3,,,-0.061,,,-1.13,,,
,1328,,1.73650,,,3.237,,,0.05000,,25.3,,,-0.054,,,-1.00,,,
,1358,,1.78650,,,3.189,,,0.05000,,25.3,,,-0.048,,,-0.90,,,
,1388,,1.83650,,,3.146,,,0.05000,,25.3,,,-0.043,,,-0.82,,,
,1419,,1.88650,,,3.107,,,0.05000,,25.3,,,-0.039,,,,,,
,1449,,1.93650,,,3.071,,,0.05000,,25.3,,,-0.036,,,,,,
,1479,,1.98650,,,3.037,,,0.05000,,25.3,,,-0.034,,,,,,
,1509,,2.03650,,,3.007,,,0.05000,,25.3,,,-0.030,,,,,,
,1540,,2.08650,,,2.978,,,0.05000,,25.3,,,-0.029,,,,,,
Measure (normal) [1],,,,,,,,"Scope 1/1, Sample 21/23",,,,,,,,,,,,
Measured Values,,,,,"Scope 1/1, Sample 21/23",,,,,,,,,,,,,,,
,Time,,,,,Meas. value,,,,,Temp.,,,,,dE,,,,
,[s],,,,,[pH],,,,,[°C],,,,,[pH],,,,
,1,,,,,4.698,,,,,23.6,,,,,,,,,
,2,,,,,5.008,,,,,23.8,,,,,0.310,,,,
,3,,,,,5.291,,,,,24.0,,,,,0.283,,,,
,4,,,,,5.522,,,,,24.2,,,,,0.231,,,,
,5,,,,,5.728,,,,,24.5,,,,,0.206,,,,
,6,,,,,5.927,,,,,24.7,,,,,0.199,,,,
,7,,,,,6.115,,,,,24.8,,,,,0.188,,,,
,8,,,,,6.298,,,,,24.9,,,,,0.183,,,,
,9,,,,,6.458,,,,,25.0,,,,,0.160,,,,
,10,,,,,6.626,,,,,25.1,,,,,0.168,,,,
,11,,,,,6.783,,,,,25.1,,,,,0.157,,,,
,12,,,,,6.930,,,,,25.2,,,,,0.147,,,,
,13,,,,,7.059,,,,,25.2,,,,,0.129,,,,
,14,,,,,7.183,,,,,25.3,,,,,0.124,,,,
,15,,,,,7.294,,,,,25.3,,,,,0.111,,,,
,16,,,,,7.387,,,,,25.3,,,,,0.093,,,,
,17,,,,,7.477,,,,,25.3,,,,,0.090,,,,
,18,,,,,7.558,,,,,25.3,,,,,0.081,,,,
,19,,,,,7.632,,,,,25.3,,,,,0.074,,,,
,20,,,,,7.697,,,,,25.3,,,,,0.065,,,,
,21,,,,,7.756,,,,,25.3,,,,,0.059,,,,
,22,,,,,7.810,,,,,25.3,,,,,0.054,,,,
,23,,,,,7.853,,,,,25.3,,,,,0.043,,,,
,24,,,,,7.896,,,,,25.3,,,,,0.043,,,,
,25,,,,,7.935,,,,,25.4,,,,,0.039,,,,
,26,,,,,7.969,,,,,25.4,,,,,0.034,,,,
,27,,,,,7.998,,,,,25.4,,,,,0.029,,,,
,28,,,,,8.024,,,,,25.4,,,,,0.026,,,,
,29,,,,,8.047,,,,,25.4,,,,,0.023,,,,
,30,,,,,8.065,,,,,25.4,,,,,0.018,,,,
,31,,,,,8.083,,,,,25.4,,,,,0.018,,,,
,32,,,,,8.099,,,,,25.4,,,,,0.016,,,,
,33,,,,,8.113,,,,,25.4,,,,,0.014,,,,
,34,,,,,8.126,,,,,25.4,,,,,0.013,,,,
,35,,,,,8.137,,,,,25.4,,,,,0.011,,,,
,36,,,,,8.146,,,,,25.4,,,,,0.009,,,,
,37,,,,,8.154,,,,,25.4,,,,,0.008,,,,
,38,,,,,8.162,,,,,25.4,,,,,0.008,,,,
,39,,,,,8.169,,,,,25.4,,,,,0.007,,,,
,40,,,,,8.175,,,,,25.4,,,,,0.006,,,,
,41,,,,,8.180,,,,,25.4,,,,,0.005,,,,
,42,,,,,8.185,,,,,25.4,,,,,0.005,,,,
,43,,,,,8.188,,,,,25.4,,,,,0.003,,,,
,44,,,,,8.192,,,,,25.4,,,,,0.004,,,,
,45,,,,,8.196,,,,,25.4,,,,,0.004,,,,
,46,,,,,8.199,,,,,25.4,,,,,0.003,,,,
,47,,,,,8.201,,,,,25.4,,,,,0.002,,,,
,48,,,,,8.204,,,,,25.4,,,,,0.003,,,,
,49,,,,,8.206,,,,,25.4,,,,,0.002,,,,
,50,,,,,8.208,,,,,25.4,,,,,0.002,,,,
,51,,,,,8.210,,,,,25.4,,,,,0.002,,,,
,52,,,,,8.211,,,,,25.4,,,,,0.001,,,,
,53,,,,,8.213,,,,,25.4,,,,,0.002,,,,
,54,,,,,8.215,,,,,25.4,,,,,0.002,,,,
,55,,,,,8.215,,,,,25.4,,,,,0.000,,,,
,56,,,,,8.216,,,,,25.4,,,,,0.001,,,,
,57,,,,,8.217,,,,,25.4,,,,,0.001,,,,
,58,,,,,8.218,,,,,25.4,,,,,0.001,,,,
,59,,,,,8.219,,,,,25.4,,,,,0.001,,,,
,60,,,,,8.219,,,,,25.4,,,,,0.000,,,,
Titration (EQP) [1],,,,,,,,"Scope 1/1, Sample 21/23",,,,,,,,,,,,
Measured Values,,,,,"Scope 1/1, Sample 21/23",,,,,,,,,,,,,,,
,Time,,V,,,Meas. value,,,dV,,Temp.,,,dE,,,dE/dV,,,EQP
,[s],,[mL],,,[pH],,,[mL],,[°C],,,[pH],,,[pH/mL],,,
,0,,0.00000,,,8.221,,,,,25.4,,,,,,,,,
,28,,0.08575,,,7.769,,,0.08575,,25.4,,,-0.452,,,,,,
,58,,0.12850,,,7.447,,,0.04275,,25.4,,,-0.322,,,,,,
,88,,0.15000,,,7.309,,,0.02150,,25.4,,,-0.138,,,,,,
,179,,0.17425,,,7.211,,,0.02425,,25.4,,,-0.098,,,,,,
,209,,0.22425,,,7.077,,,0.05000,,25.4,,,-0.134,,,-3.15,,,
,239,,0.27425,,,6.954,,,0.05000,,25.4,,,-0.123,,,-2.28,,,
,270,,0.32425,,,6.834,,,0.05000,,25.4,,,-0.120,,,-2.09,,,
,300,,0.37425,,,6.732,,,0.05000,,25.4,,,-0.102,,,-1.95,,,
,330,,0.42425,,,6.638,,,0.05000,,25.4,,,-0.094,,,-1.81,,,
,360,,0.47425,,,6.554,,,0.05000,,25.4,,,-0.084,,,-1.65,,,
,390,,0.52425,,,6.473,,,0.05000,,25.4,,,-0.081,,,-1.54,,,
,421,,0.57425,,,6.396,,,0.05000,,25.4,,,-0.077,,,-1.46,,,
,451,,0.62425,,,6.327,,,0.05000,,25.4,,,-0.069,,,-1.41,,,
,481,,0.67425,,,6.256,,,0.05000,,25.3,,,-0.071,,,-1.39,,,
,511,,0.72425,,,6.187,,,0.05000,,25.3,,,-0.069,,,-1.38,,,
,542,,0.77425,,,6.117,,,0.05000,,25.3,,,-0.070,,,-1.41,,,
,572,,0.82425,,,6.044,,,0.05000,,25.3,,,-0.073,,,-1.46,,,
,602,,0.87425,,,5.970,,,0.05000,,25.3,,,-0.074,,,-1.53,,,
,632,,0.92425,,,5.890,,,0.05000,,25.3,,,-0.080,,,-1.63,,,
,663,,0.97425,,,5.803,,,0.05000,,25.3,,,-0.087,,,-1.81,,,
,693,,1.02425,,,5.706,,,0.05000,,25.3,,,-0.097,,,-2.10,,,
,723,,1.07425,,,5.592,,,0.05000,,25.3,,,-0.114,,,-2.56,,,
,753,,1.12425,,,5.454,,,0.05000,,25.3,,,-0.138,,,-3.31,,,
,784,,1.17300,,,5.275,,,0.04875,,25.3,,,-0.179,,,-4.51,,,
,814,,1.20075,,,5.146,,,0.02775,,25.3,,,-0.129,,,-5.44,,,
,844,,1.22375,,,5.016,,,0.02300,,25.3,,,-0.130,,,-6.36,,,
,874,,1.24325,,,4.880,,,0.01950,,25.3,,,-0.136,,,-7.19,,,
,905,,1.25925,,,4.752,,,0.01600,,25.4,,,-0.128,,,-7.96,,,
,935,,1.27400,,,4.618,,,0.01475,,25.4,,,-0.134,,,-8.76,,,
,,,1.277365 ???,,,4.587 ???,,,,,,,,,,,,,,EQP
,965,,1.28725,,,4.494,,,0.01325,,25.4,,,-0.124,,,-8.71,,,
,995,,1.30150,,,4.365,,,0.01425,,25.4,,,-0.129,,,-7.97,,,
,1026,,1.31700,,,4.241,,,0.01550,,25.4,,,-0.124,,,-7.09,,,
,1056,,1.33625,,,4.109,,,0.01925,,25.4,,,-0.132,,,-6.21,,,
,1086,,1.35925,,,3.983,,,0.02300,,25.4,,,-0.126,,,-5.23,,,
,1116,,1.39000,,,3.848,,,0.03075,,25.4,,,-0.135,,,-4.15,,,
,1146,,1.42900,,,3.718,,,0.03900,,25.4,,,-0.130,,,-3.15,,,
,1177,,1.47900,,,3.590,,,0.05000,,25.3,,,-0.128,,,-2.32,,,
,1207,,1.52900,,,3.491,,,0.05000,,25.3,,,-0.099,,,-1.80,,,
,1237,,1.57900,,,3.409,,,0.05000,,25.3,,,-0.082,,,-1.48,,,
,1268,,1.62900,,,3.340,,,0.05000,,25.3,,,-0.069,,,-1.26,,,
,1298,,1.67900,,,3.280,,,0.05000,,25.3,,,-0.060,,,-1.10,,,
,1328,,1.72900,,,3.227,,,0.05000,,25.3,,,-0.053,,,-0.99,,,
,1358,,1.77900,,,3.180,,,0.05000,,25.3,,,-0.047,,,-0.89,,,
,1388,,1.82900,,,3.138,,,0.05000,,25.3,,,-0.042,,,-0.81,,,
,1419,,1.87900,,,3.099,,,0.05000,,25.3,,,-0.039,,,,,,
,1449,,1.92900,,,3.063,,,0.05000,,25.3,,,-0.036,,,,,,
,1479,,1.97900,,,3.031,,,0.05000,,25.3,,,-0.032,,,,,,
,1509,,2.02900,,,3.001,,,0.05000,,25.3,,,-0.030,,,,,,
,1540,,2.07900,,,2.972,,,0.05000,,25.3,,,-0.029,,,,,,
Measure (normal) [1],,,,,,,,"Scope 1/1, Sample 22/23",,,,,,,,,,,,
Measured Values,,,,,"Scope 1/1, Sample 22/23",,,,,,,,,,,,,,,
,Time,,,,,Meas. value,,,,,Temp.,,,,,dE,,,,
,[s],,,,,[pH],,,,,[°C],,,,,[pH],,,,
,1,,,,,4.442,,,,,23.9,,,,,,,,,
,2,,,,,4.811,,,,,24.0,,,,,0.369,,,,
,3,,,,,5.203,,,,,24.2,,,,,0.392,,,,
,4,,,,,5.556,,,,,24.4,,,,,0.353,,,,
,5,,,,,5.884,,,,,24.6,,,,,0.328,,,,
,6,,,,,6.184,,,,,24.8,,,,,0.300,,,,
,7,,,,,6.463,,,,,24.9,,,,,0.279,,,,
,8,,,,,6.715,,,,,25.0,,,,,0.252,,,,
,9,,,,,6.914,,,,,25.1,,,,,0.199,,,,
,10,,,,,7.103,,,,,25.2,,,,,0.189,,,,
,11,,,,,7.263,,,,,25.2,,,,,0.160,,,,
,12,,,,,7.395,,,,,25.2,,,,,0.132,,,,
,13,,,,,7.506,,,,,25.3,,,,,0.111,,,,
,14,,,,,7.597,,,,,25.3,,,,,0.091,,,,
,15,,,,,7.665,,,,,25.3,,,,,0.068,,,,
,16,,,,,7.729,,,,,25.3,,,,,0.064,,,,
,17,,,,,7.781,,,,,25.3,,,,,0.052,,,,
,18,,,,,7.823,,,,,25.4,,,,,0.042,,,,
,19,,,,,7.857,,,,,25.4,,,,,0.034,,,,
,20,,,,,7.887,,,,,25.4,,,,,0.030,,,,
,21,,,,,7.912,,,,,25.4,,,,,0.025,,,,
,22,,,,,7.933,,,,,25.4,,,,,0.021,,,,
,23,,,,,7.949,,,,,25.4,,,,,0.016,,,,
,24,,,,,7.962,,,,,25.4,,,,,0.013,,,,
,25,,,,,7.974,,,,,25.4,,,,,0.012,,,,
,26,,,,,7.983,,,,,25.4,,,,,0.009,,,,
,27,,,,,7.991,,,,,25.4,,,,,0.008,,,,
,28,,,,,7.998,,,,,25.4,,,,,0.007,,,,
,29,,,,,8.003,,,,,25.4,,,,,0.005,,,,
,30,,,,,8.008,,,,,25.4,,,,,0.005,,,,
,31,,,,,8.012,,,,,25.4,,,,,0.004,,,,
,32,,,,,8.016,,,,,25.4,,,,,0.004,,,,
,33,,,,,8.019,,,,,25.4,,,,,0.003,,,,
,34,,,,,8.021,,,,,25.4,,,,,0.002,,,,
,35,,,,,8.024,,,,,25.4,,,,,0.003,,,,
,36,,,,,8.025,,,,,25.4,,,,,0.001,,,,
,37,,,,,8.027,,,,,25.4,,,,,0.002,,,,
,38,,,,,8.028,,,,,25.4,,,,,0.001,,,,
,39,,,,,8.030,,,,,25.4,,,,,0.002,,,,
,40,,,,,8.032,,,,,25.4,,,,,0.002,,,,
,41,,,,,8.033,,,,,25.4,,,,,0.001,,,,
,42,,,,,8.034,,,,,25.4,,,,,0.001,,,,
,43,,,,,8.035,,,,,25.4,,,,,0.001,,,,
,44,,,,,8.036,,,,,25.4,,,,,0.001,,,,
,45,,,,,8.036,,,,,25.4,,,,,0.000,,,,
,46,,,,,8.038,,,,,25.4,,,,,0.002,,,,
,47,,,,,8.038,,,,,25.4,,,,,0.000,,,,
,48,,,,,8.039,,,,,25.4,,,,,0.001,,,,
,49,,,,,8.040,,,,,25.4,,,,,0.001,,,,
,50,,,,,8.040,,,,,25.4,,,,,0.000,,,,
,51,,,,,8.041,,,,,25.4,,,,,0.001,,,,
,52,,,,,8.041,,,,,25.4,,,,,0.000,,,,
,53,,,,,8.042,,,,,25.4,,,,,0.001,,,,
,54,,,,,8.043,,,,,25.4,,,,,0.001,,,,
,55,,,,,8.043,,,,,25.4,,,,,0.000,,,,
,56,,,,,8.044,,,,,25.4,,,,,0.001,,,,
,57,,,,,8.044,,,,,25.4,,,,,0.000,,,,
,58,,,,,8.044,,,,,25.4,,,,,0.000,,,,
,59,,,,,8.045,,,,,25.4,,,,,0.001,,,,
,60,,,,,8.045,,,,,25.4,,,,,0.000,,,,
Titration (EQP) [1],,,,,,,,"Scope 1/1, Sample 22/23",,,,,,,,,,,,
Measured Values,,,,,"Scope 1/1, Sample 22/23",,,,,,,,,,,,,,,
,Time,,V,,,Meas. value,,,dV,,Temp.,,,dE,,,dE/dV,,,EQP
,[s],,[mL],,,[pH],,,[mL],,[°C],,,[pH],,,[pH/mL],,,
,0,,0.00000,,,8.046,,,,,25.4,,,,,,,,,
,28,,0.08575,,,7.799,,,0.08575,,25.4,,,-0.247,,,,,,
,58,,0.12850,,,7.574,,,0.04275,,25.4,,,-0.225,,,,,,
,88,,0.15000,,,7.438,,,0.02150,,25.4,,,-0.136,,,,,,
,179,,0.16800,,,7.346,,,0.01800,,25.4,,,-0.092,,,,,,
,209,,0.20100,,,7.189,,,0.03300,,25.4,,,-0.157,,,-4.49,,,
,239,,0.23175,,,7.059,,,0.03075,,25.4,,,-0.130,,,-3.77,,,
,270,,0.26775,,,6.939,,,0.03600,,25.4,,,-0.120,,,-3.21,,,
,300,,0.31775,,,6.800,,,0.05000,,25.4,,,-0.139,,,-2.63,,,
,330,,0.36775,,,6.682,,,0.05000,,25.4,,,-0.118,,,-2.24,,,
,360,,0.41775,,,6.575,,,0.05000,,25.4,,,-0.107,,,-1.99,,,
,390,,0.46775,,,6.479,,,0.05000,,25.4,,,-0.096,,,-1.82,,,
,421,,0.51775,,,6.391,,,0.05000,,25.4,,,-0.088,,,-1.68,,,
,451,,0.56775,,,6.308,,,0.05000,,25.4,,,-0.083,,,-1.57,,,
,481,,0.61775,,,6.234,,,0.05000,,25.4,,,-0.074,,,-1.49,,,
,511,,0.66775,,,6.160,,,0.05000,,25.4,,,-0.074,,,-1.43,,,
,542,,0.71775,,,6.091,,,0.05000,,25.4,,,-0.069,,,-1.40,,,
,572,,0.76775,,,6.018,,,0.05000,,25.4,,,-0.073,,,-1.38,,,
,602,,0.81775,,,5.951,,,0.05000,,25.4,,,-0.067,,,-1.40,,,
,632,,0.86775,,,5.881,,,0.05000,,25.4,,,-0.070,,,-1.43,,,
,663,,0.91775,,,5.806,,,0.05000,,25.4,,,-0.075,,,-1.49,,,
,693,,0.96775,,,5.731,,,0.05000,,25.4,,,-0.075,,,-1.58,,,
,723,,1.01775,,,5.644,,,0.05000,,25.4,,,-0.087,,,-1.74,,,
,753,,1.06775,,,5.553,,,0.05000,,25.4,,,-0.091,,,-1.98,,,
,784,,1.11775,,,5.446,,,0.05000,,25.4,,,-0.107,,,-2.35,,,
,814,,1.16775,,,5.318,,,0.05000,,25.4,,,-0.128,,,-2.95,,,
,844,,1.21775,,,5.157,,,0.05000,,25.4,,,-0.161,,,-3.91,,,
,874,,1.25350,,,5.009,,,0.03575,,25.3,,,-0.148,,,-4.87,,,
,905,,1.27875,,,4.879,,,0.02525,,25.3,,,-0.130,,,-5.65,,,
,935,,1.30025,,,4.744,,,0.02150,,25.3,,,-0.135,,,-6.36,,,
,965,,1.31800,,,4.616,,,0.01775,,25.4,,,-0.128,,,-7.02,,,
,,,1.333910 ???,,,4.491 ???,,,,,,,,,,,,,,EQP
,995,,1.33450,,,4.486,,,0.01650,,25.4,,,-0.130,,,-7.56,,,
,1026,,1.35025,,,4.358,,,0.01575,,25.4,,,-0.128,,,-7.26,,,
,1056,,1.36650,,,4.236,,,0.01625,,25.4,,,-0.122,,,-6.52,,,
,1086,,1.38625,,,4.106,,,0.01975,,25.4,,,-0.130,,,-5.77,,,
,1116,,1.40950,,,3.982,,,0.02325,,25.4,,,-0.124,,,-4.97,,,
,1146,,1.44125,,,3.848,,,0.03175,,25.4,,,-0.134,,,-3.98,,,
,1177,,1.48175,,,3.716,,,0.04050,,25.4,,,-0.132,,,-3.03,,,
,1207,,1.53175,,,3.594,,,0.05000,,25.4,,,-0.122,,,-2.24,,,
,1237,,1.58175,,,3.496,,,0.05000,,25.4,,,-0.098,,,-1.75,,,
,1268,,1.63175,,,3.418,,,0.05000,,25.4,,,-0.078,,,-1.44,,,
,1298,,1.68175,,,3.350,,,0.05000,,25.3,,,-0.068,,,-1.23,,,
,1328,,1.73175,,,3.292,,,0.05000,,25.3,,,-0.058,,,-1.08,,,
,1358,,1.78175,,,3.240,,,0.05000,,25.3,,,-0.052,,,-0.96,,,
,1388,,1.83175,,,3.194,,,0.05000,,25.3,,,-0.046,,,-0.87,,,
,1419,,1.88175,,,3.153,,,0.05000,,25.3,,,-0.041,,,-0.79,,,
,1449,,1.93175,,,3.115,,,0.05000,,25.3,,,-0.038,,,,,,
,1479,,1.98175,,,3.080,,,0.05000,,25.3,,,-0.035,,,,,,
,1510,,2.03175,,,3.048,,,0.05000,,25.3,,,-0.032,,,,,,
,1540,,2.08175,,,3.018,,,0.05000,,25.3,,,-0.030,,,,,,
,1570,,2.13175,,,2.990,,,0.05000,,25.3,,,-0.028,,,,,,
Measure (normal) [1],,,,,,,,"Scope 1/1, Sample 23/23",,,,,,,,,,,,
Measured Values,,,,,"Scope 1/1, Sample 23/23",,,,,,,,,,,,,,,
,Time,,,,,Meas. value,,,,,Temp.,,,,,dE,,,,
,[s],,,,,[pH],,,,,[°C],,,,,[pH],,,,
,1,,,,,4.691,,,,,23.9,,,,,,,,,
,2,,,,,5.033,,,,,24.0,,,,,0.342,,,,
,3,,,,,5.406,,,,,24.2,,,,,0.373,,,,
,4,,,,,5.756,,,,,24.5,,,,,0.350,,,,
,5,,,,,6.083,,,,,24.7,,,,,0.327,,,,
,6,,,,,6.384,,,,,24.8,,,,,0.301,,,,
,7,,,,,6.661,,,,,24.9,,,,,0.277,,,,
,8,,,,,6.875,,,,,25.0,,,,,0.214,,,,
,9,,,,,7.079,,,,,25.1,,,,,0.204,,,,
,10,,,,,7.254,,,,,25.2,,,,,0.175,,,,
,11,,,,,7.401,,,,,25.2,,,,,0.147,,,,
,12,,,,,7.524,,,,,25.3,,,,,0.123,,,,
,13,,,,,7.625,,,,,25.3,,,,,0.101,,,,
,14,,,,,7.705,,,,,25.3,,,,,0.080,,,,
,15,,,,,7.766,,,,,25.3,,,,,0.061,,,,
,16,,,,,7.819,,,,,25.4,,,,,0.053,,,,
,17,,,,,7.865,,,,,25.4,,,,,0.046,,,,
,18,,,,,7.901,,,,,25.4,,,,,0.036,,,,
,19,,,,,7.932,,,,,25.4,,,,,0.031,,,,
,20,,,,,7.956,,,,,25.4,,,,,0.024,,,,
,21,,,,,7.977,,,,,25.4,,,,,0.021,,,,
,22,,,,,7.992,,,,,25.4,,,,,0.015,,,,
,23,,,,,8.005,,,,,25.4,,,,,0.013,,,,
,24,,,,,8.016,,,,,25.4,,,,,0.011,,,,
,25,,,,,8.025,,,,,25.4,,,,,0.009,,,,
,26,,,,,8.033,,,,,25.4,,,,,0.008,,,,
,27,,,,,8.039,,,,,25.4,,,,,0.006,,,,
,28,,,,,8.044,,,,,25.4,,,,,0.005,,,,
,29,,,,,8.048,,,,,25.4,,,,,0.004,,,,
,30,,,,,8.052,,,,,25.4,,,,,0.004,,,,
,31,,,,,8.055,,,,,25.4,,,,,0.003,,,,
,32,,,,,8.058,,,,,25.4,,,,,0.003,,,,
,33,,,,,8.060,,,,,25.4,,,,,0.002,,,,
,34,,,,,8.062,,,,,25.4,,,,,0.002,,,,
,35,,,,,8.063,,,,,25.4,,,,,0.001,,,,
,36,,,,,8.065,,,,,25.4,,,,,0.002,,,,
,37,,,,,8.066,,,,,25.4,,,,,0.001,,,,
,38,,,,,8.067,,,,,25.4,,,,,0.001,,,,
,39,,,,,8.068,,,,,25.4,,,,,0.001,,,,
,40,,,,,8.069,,,,,25.4,,,,,0.001,,,,
,41,,,,,8.070,,,,,25.4,,,,,0.001,,,,
,42,,,,,8.071,,,,,25.4,,,,,0.001,,,,
,43,,,,,8.071,,,,,25.4,,,,,0.000,,,,
,44,,,,,8.071,,,,,25.4,,,,,0.000,,,,
,45,,,,,8.072,,,,,25.4,,,,,0.001,,,,
,46,,,,,8.073,,,,,25.4,,,,,0.001,,,,
,47,,,,,8.074,,,,,25.4,,,,,0.001,,,,
,48,,,,,8.074,,,,,25.4,,,,,0.000,,,,
,49,,,,,8.074,,,,,25.4,,,,,0.000,,,,
,50,,,,,8.074,,,,,25.4,,,,,0.000,,,,
,51,,,,,8.074,,,,,25.4,,,,,0.000,,,,
,52,,,,,8.075,,,,,25.4,,,,,0.001,,,,
,53,,,,,8.075,,,,,25.4,,,,,0.000,,,,
,54,,,,,8.075,,,,,25.4,,,,,0.000,,,,
,55,,,,,8.076,,,,,25.4,,,,,0.001,,,,
,56,,,,,8.076,,,,,25.4,,,,,0.000,,,,
,57,,,,,8.076,,,,,25.4,,,,,0.000,,,,
,58,,,,,8.077,,,,,25.4,,,,,0.001,,,,
,59,,,,,8.077,,,,,25.4,,,,,0.000,,,,
,60,,,,,8.077,,,,,25.4,,,,,0.000,,,,
Titration (EQP) [1],,,,,,,,"Scope 1/1, Sample 23/23",,,,,,,,,,,,
Measured Values,,,,,"Scope 1/1, Sample 23/23",,,,,,,,,,,,,,,
,Time,,V,,,Meas. value,,,dV,,Temp.,,,dE,,,dE/dV,,,EQP
,[s],,[mL],,,[pH],,,[mL],,[°C],,,[pH],,,[pH/mL],,,
,0,,0.00000,,,8.078,,,,,25.4,,,,,,,,,
,28,,0.08575,,,7.827,,,0.08575,,25.4,,,-0.251,,,,,,
,58,,0.12850,,,7.600,,,0.04275,,25.4,,,-0.227,,,,,,
,88,,0.15000,,,7.461,,,0.02150,,25.4,,,-0.139,,,,,,
,179,,0.16700,,,7.370,,,0.01700,,25.4,,,-0.091,,,,,,
,209,,0.19750,,,7.222,,,0.03050,,25.4,,,-0.148,,,-4.64,,,
,239,,0.22850,,,7.083,,,0.03100,,25.4,,,-0.139,,,-3.88,,,
,269,,0.26125,,,6.971,,,0.03275,,25.4,,,-0.112,,,-3.33,,,
,300,,0.31125,,,6.830,,,0.05000,,25.4,,,-0.141,,,-2.70,,,
,330,,0.36125,,,6.708,,,0.05000,,25.4,,,-0.122,,,-2.28,,,
,360,,0.41125,,,6.601,,,0.05000,,25.4,,,-0.107,,,-2.02,,,
,390,,0.46125,,,6.503,,,0.05000,,25.4,,,-0.098,,,-1.85,,,
,421,,0.51125,,,6.413,,,0.05000,,25.4,,,-0.090,,,-1.71,,,
,451,,0.56125,,,6.328,,,0.05000,,25.4,,,-0.085,,,-1.61,,,
,481,,0.61125,,,6.253,,,0.05000,,25.4,,,-0.075,,,-1.51,,,
,511,,0.66125,,,6.179,,,0.05000,,25.4,,,-0.074,,,-1.44,,,
,542,,0.71125,,,6.106,,,0.05000,,25.4,,,-0.073,,,-1.39,,,
,572,,0.76125,,,6.037,,,0.05000,,25.4,,,-0.069,,,-1.37,,,
,602,,0.81125,,,5.971,,,0.05000,,25.4,,,-0.066,,,-1.37,,,
,632,,0.86125,,,5.900,,,0.05000,,25.4,,,-0.071,,,-1.41,,,
,662,,0.91125,,,5.828,,,0.05000,,25.4,,,-0.072,,,-1.47,,,
,693,,0.96125,,,5.751,,,0.05000,,25.4,,,-0.077,,,-1.57,,,
,723,,1.01125,,,5.670,,,0.05000,,25.4,,,-0.081,,,-1.71,,,
,753,,1.06125,,,5.575,,,0.05000,,25.4,,,-0.095,,,-1.92,,,
,784,,1.11125,,,5.475,,,0.05000,,25.4,,,-0.100,,,-2.26,,,
,814,,1.16125,,,5.351,,,0.05000,,25.4,,,-0.124,,,-2.80,,,
,844,,1.21125,,,5.199,,,0.05000,,25.4,,,-0.152,,,-3.67,,,
,874,,1.25100,,,5.043,,,0.03975,,25.4,,,-0.156,,,-4.66,,,
,904,,1.27800,,,4.909,,,0.02700,,25.4,,,-0.134,,,-5.49,,,
,935,,1.29975,,,4.780,,,0.02175,,25.4,,,-0.129,,,-6.18,,,
,965,,1.31875,,,4.648,,,0.01900,,25.4,,,-0.132,,,-6.85,,,
,995,,1.33550,,,4.517,,,0.01675,,25.4,,,-0.131,,,-7.45,,,
,,,1.336834 ???,,,4.506 ???,,,,,,,,,,,,,,EQP
,1025,,1.35100,,,4.391,,,0.01550,,25.4,,,-0.126,,,-7.37,,,
,1056,,1.36700,,,4.269,,,0.01600,,25.4,,,-0.122,,,-6.65,,,
,1086,,1.38600,,,4.140,,,0.01900,,25.4,,,-0.129,,,-5.92,,,
,1116,,1.40850,,,4.015,,,0.02250,,25.4,,,-0.125,,,-5.14,,,
,1146,,1.43800,,,3.883,,,0.02950,,25.4,,,-0.132,,,-4.20,,,
,1177,,1.47600,,,3.752,,,0.03800,,25.4,,,-0.131,,,-3.24,,,
,1207,,1.52600,,,3.622,,,0.05000,,25.3,,,-0.130,,,-2.37,,,
,1237,,1.57600,,,3.520,,,0.05000,,25.4,,,-0.102,,,-1.83,,,
,1267,,1.62600,,,3.438,,,0.05000,,25.4,,,-0.082,,,-1.49,,,
,1298,,1.67600,,,3.369,,,0.05000,,25.4,,,-0.069,,,-1.26,,,
,1328,,1.72600,,,3.309,,,0.05000,,25.4,,,-0.060,,,-1.10,,,
,1358,,1.77600,,,3.256,,,0.05000,,25.4,,,-0.053,,,-0.98,,,
,1388,,1.82600,,,3.209,,,0.05000,,25.4,,,-0.047,,,-0.89,,,
,1418,,1.87600,,,3.167,,,0.05000,,25.4,,,-0.042,,,-0.81,,,
,1449,,1.92600,,,3.128,,,0.05000,,25.4,,,-0.039,,,-0.74,,,
,1479,,1.97600,,,3.093,,,0.05000,,25.4,,,-0.035,,,,,,
,1509,,2.02600,,,3.060,,,0.05000,,25.4,,,-0.033,,,,,,
,1540,,2.07600,,,3.029,,,0.05000,,25.4,,,-0.031,,,,,,
,1570,,2.12600,,,3.001,,,0.05000,,25.4,,,-0.028,,,,,,
,1600,,2.17600,,,2.974,,,0.05000,,25.4,,,-0.027,,,,,,
(9),,Standard evaluation used,,,,,,,,,,,,,,,,,,
2/6/2025 11:47:28 AM,,,,,SystemInternal,,,,,,,,,,,,,1/1,,
