Titration Report - short,,,,,,,,,,,,,,,,,,,,
Main Results,,,,,,,,,,,,,,,,,,,,
Sample ID 1,,,,,,,,,,,,Result,,,,,,,,
crm 215-0690-1,,,,,,,,,,,,2.1966 mmol/L ???,,,,,,,,
crm 215-0690-2,,,,,,,,,,,,2.2023 mmol/L ???,,,,,,,,
EST-1-20240715-1730,,,,,,,,,,,,1.6825 mmol/L ???,,,,,,,,
EST-2-20240715-1730,,,,,,,,,,,,1.6847 mmol/L ???,,,,,,,,
EST-3-20240715-1730,,,,,,,,,,,,1.6876 mmol/L ???,,,,,,,,
EST-20240718-1046,,,,,,,,,,,,1.6784 mmol/L ???,,,,,,,,
EST-20240718-1521,,,,,,,,,,,,1.6891 mmol/L ???,,,,,,,,
UP-1-20240715-1500,,,,,,,,,,,,NaN mmol/L,,,,,,,,
UP-2-20240715-1515,,,,,,,,,,,,NaN mmol/L,,,,,,,,
WC-1-20240715-1600,,,,,,,,,,,,9.6155 mmol/L ???,,,,,,,,
WC-1-20240715-1600_dup,,,,,,,,,,,,9.5623 mmol/L ???,,,,,,,,
WC-2-20240715-1630,,,,,,,,,,,,10.0474 mmol/L ???,,,,,,,,
WE-1-20240715-1650,,,,,,,,,,,,4.9897 mmol/L ???,,,,,,,,
WE-2-20240715-1730,,,,,,,,,,,,4.7198 mmol/L ???,,,,,,,,
Dock_OALab_20240718-1046-1,,,,,,,,,,,,1.6869 mmol/L ???,,,,,,,,
Dock_OALab_20240718_1046-2,,,,,,,,,,,,1.7211 mmol/L ???,,,,,,,,
Dock_OALab_20240718_1521-1,,,,,,,,,,,,1.6941 mmol/L ???,,,,,,,,
Dock_OALab_20240718_1521-2,,,,,,,,,,,,1.6951 mmol/L ???,,,,,,,,
Dock_OALab_20240717-1024-1,,,,,,,,,,,,1.6829 mmol/L ???,,,,,,,,
Dock_OALab_20240717-1024-2,,,,,,,,,,,,1.6781 mmol/L ???,,,,,,,,
Dock_OALab_20240717-1352-1,,,,,,,,,,,,1.6941 mmol/L,,,,,,,,
Dock_OALab_20240717-1352-2,,,,,,,,,,,,1.6777 mmol/L ???,,,,,,,,
crm 215-0690-3,,,,,,,,,,,,2.1884 mmol/L ???,,,,,,,,
WE-3-20240718-0730,,,,,,,,,,,,2.7367 mmol/L ???,,,,,,,,
WE-4-20240718-0745,,,,,,,,,,,,3.8156 mmol/L ???,,,,,,,,
WE-4-20240718-0745_dup,,,,,,,,,,,,3.8182 mmol/L ???,,,,,,,,
GCW_SW_T1_20240715_1100_Paired,,,,,,,,,,,,1.8062 mmol/L ???,,,,,,,,
GCW_SW_T1_20240715_1100,,,,,,,,,,,,1.8156 mmol/L ???,,,,,,,,
GCW_SW_T2_Paired,,,,,,,,,,,,1.8166 mmol/L ???,,,,,,,,
GCW_SW_T2,,,,,,,,,,,,1.8115 mmol/L ???,,,,,,,,
GCW_SW_T3,,,,,,,,,,,,1.7809 mmol/L,,,,,,,,
crm 215-0690-3,,,,,,,,,,,,2.1902 mmol/L ???,,,,,,,,
GCW_SW_T4,,,,,,,,,,,,1.8248 mmol/L ???,,,,,,,,
GCW_SW_T5,,,,,,,,,,,,1.8188 mmol/L ???,,,,,,,,
GCW_SW_T6,,,,,,,,,,,,1.8889 mmol/L,,,,,,,,
GCW_SW_T7,,,,,,,,,,,,1.9499 mmol/L,,,,,,,,
GCW_SW_T8,,,,,,,,,,,,2.0053 mmol/L,,,,,,,,
GCW_SW_T9,,,,,,,,,,,,2.1304 mmol/L ???,,,,,,,,
GCW_SW_T10,,,,,,,,,,,,2.2371 mmol/L ???,,,,,,,,
GCW_SW_T11,,,,,,,,,,,,1.9260 mmol/L ???,,,,,,,,
GCW_SW_T12,,,,,,,,,,,,1.8940 mmol/L ?¹?,,,,,,,,
GCW_SW_T12_dup,,,,,,,,,,,,1.9023 mmol/L ???,,,,,,,,
crm 215-0690-4,,,,,,,,,,,,2.1913 mmol/L ???,,,,,,,,
GCW_SW_T13,,,,,,,,,,,,1.7996 mmol/L ???,,,,,,,,
GCW_SW_T14,,,,,,,,,,,,1.8143 mmol/L ???,,,,,,,,
GCW_SW_T15,,,,,,,,,,,,1.7829 mmol/L ???,,,,,,,,
GCW_SW_T16,,,,,,,,,,,,1.8247 mmol/L ???,,,,,,,,
GCW_SW_T17,,,,,,,,,,,,1.7858 mmol/L ???,,,,,,,,
GCW_SW_T18,,,,,,,,,,,,1.7698 mmol/L ???,,,,,,,,
GCW_SW_T19,,,,,,,,,,,,1.7635 mmol/L ???,,,,,,,,
GCW_SW_T20,,,,,,,,,,,,1.7961 mmol/L,,,,,,,,
GCW_SW_T21,,,,,,,,,,,,1.7864 mmol/L ???,,,,,,,,
GCW_SW_T22,,,,,,,,,,,,1.7774 mmol/L ???,,,,,,,,
GCW_SW_T22_dup,,,,,,,,,,,,1.8192 mmol/L,,,,,,,,
crm 215-0690-6,,,,,,,,,,,,2.1923 mmol/L ???,,,,,,,,
GCW_SW_T23,,,,,,,,,,,,1.7796 mmol/L ???,,,,,,,,
GCW_SW_T24,,,,,,,,,,,,1.7883 mmol/L ???,,,,,,,,
GCW_SW_T25,,,,,,,,,,,,1.7857 mmol/L ???,,,,,,,,
GCW_SW_T26,,,,,,,,,,,,1.8417 mmol/L ???,,,,,,,,
GCW_SW_T27,,,,,,,,,,,,1.7733 mmol/L ???,,,,,,,,
GCW_SW_T28,,,,,,,,,,,,1.7597 mmol/L ???,,,,,,,,
GCW_SW_T29,,,,,,,,,,,,1.7955 mmol/L ???,,,,,,,,
GCW_SW_T30,,,,,,,,,,,,1.8066 mmol/L ???,,,,,,,,
GCW_SW_T31,,,,,,,,,,,,1.8335 mmol/L ???,,,,,,,,
GCW_SW_T31_dup,,,,,,,,,,,,1.8494 mmol/L,,,,,,,,
crm 215-1067-1,,,,,,,,,,,,2.1950 mmol/L ???,,,,,,,,
Measure (normal) [1],,,,,,,,"Scope 1/1, Sample 1/66",,,,,,,,,,,,
Measured Values,,,,,"Scope 1/1, Sample 1/66",,,,,,,,,,,,,,,
,Time,,,,,Meas. value,,,,,Temp.,,,,,dE,,,,
,[s],,,,,[pH],,,,,[°C],,,,,[pH],,,,
,1,,,,,6.291,,,,,19.9,,,,,,,,,
,2,,,,,6.463,,,,,20.4,,,,,0.172,,,,
,3,,,,,6.710,,,,,21.0,,,,,0.247,,,,
,4,,,,,6.954,,,,,21.7,,,,,0.244,,,,
,5,,,,,7.151,,,,,22.3,,,,,0.197,,,,
,6,,,,,7.313,,,,,22.9,,,,,0.162,,,,
,7,,,,,7.438,,,,,23.3,,,,,0.125,,,,
,8,,,,,7.530,,,,,23.6,,,,,0.092,,,,
,9,,,,,7.614,,,,,23.9,,,,,0.084,,,,
,10,,,,,7.681,,,,,24.1,,,,,0.067,,,,
,11,,,,,7.734,,,,,24.2,,,,,0.053,,,,
,12,,,,,7.775,,,,,24.4,,,,,0.041,,,,
,13,,,,,7.808,,,,,24.4,,,,,0.033,,,,
,14,,,,,7.833,,,,,24.5,,,,,0.025,,,,
,15,,,,,7.852,,,,,24.6,,,,,0.019,,,,
,16,,,,,7.869,,,,,24.6,,,,,0.017,,,,
,17,,,,,7.882,,,,,24.7,,,,,0.013,,,,
,18,,,,,7.893,,,,,24.7,,,,,0.011,,,,
,19,,,,,7.901,,,,,24.7,,,,,0.008,,,,
,20,,,,,7.908,,,,,24.7,,,,,0.007,,,,
,21,,,,,7.914,,,,,24.8,,,,,0.006,,,,
,22,,,,,7.917,,,,,24.8,,,,,0.003,,,,
,23,,,,,7.921,,,,,24.8,,,,,0.004,,,,
,24,,,,,7.923,,,,,24.8,,,,,0.002,,,,
,25,,,,,7.925,,,,,24.8,,,,,0.002,,,,
,26,,,,,7.926,,,,,24.8,,,,,0.001,,,,
,27,,,,,7.927,,,,,24.8,,,,,0.001,,,,
,28,,,,,7.927,,,,,24.8,,,,,0.000,,,,
,29,,,,,7.928,,,,,24.8,,,,,0.001,,,,
,30,,,,,7.928,,,,,24.8,,,,,0.000,,,,
,31,,,,,7.928,,,,,24.8,,,,,0.000,,,,
,32,,,,,7.928,,,,,24.8,,,,,0.000,,,,
,33,,,,,7.928,,,,,24.8,,,,,0.000,,,,
,34,,,,,7.927,,,,,24.8,,,,,-0.001,,,,
,35,,,,,7.927,,,,,24.8,,,,,0.000,,,,
,36,,,,,7.927,,,,,24.8,,,,,0.000,,,,
,37,,,,,7.926,,,,,24.8,,,,,-0.001,,,,
,38,,,,,7.926,,,,,24.8,,,,,0.000,,,,
,39,,,,,7.925,,,,,24.8,,,,,-0.001,,,,
,40,,,,,7.925,,,,,24.8,,,,,0.000,,,,
,41,,,,,7.925,,,,,24.8,,,,,0.000,,,,
,42,,,,,7.924,,,,,24.8,,,,,-0.001,,,,
,43,,,,,7.924,,,,,24.8,,,,,0.000,,,,
,44,,,,,7.923,,,,,24.8,,,,,-0.001,,,,
,45,,,,,7.923,,,,,24.8,,,,,0.000,,,,
,46,,,,,7.923,,,,,24.8,,,,,0.000,,,,
,47,,,,,7.922,,,,,24.8,,,,,-0.001,,,,
,48,,,,,7.922,,,,,24.8,,,,,0.000,,,,
,49,,,,,7.922,,,,,24.8,,,,,0.000,,,,
,50,,,,,7.921,,,,,24.8,,,,,-0.001,,,,
,51,,,,,7.921,,,,,24.8,,,,,0.000,,,,
,52,,,,,7.920,,,,,24.8,,,,,-0.001,,,,
,53,,,,,7.920,,,,,24.8,,,,,0.000,,,,
,54,,,,,7.920,,,,,24.8,,,,,0.000,,,,
,55,,,,,7.920,,,,,24.8,,,,,0.000,,,,
,56,,,,,7.919,,,,,24.8,,,,,-0.001,,,,
,57,,,,,7.919,,,,,24.8,,,,,0.000,,,,
,58,,,,,7.919,,,,,24.8,,,,,0.000,,,,
,59,,,,,7.918,,,,,24.8,,,,,-0.001,,,,
,60,,,,,7.918,,,,,24.8,,,,,0.000,,,,
Titration (EQP) [1],,,,,,,,"Scope 1/1, Sample 1/66",,,,,,,,,,,,
Measured Values,,,,,"Scope 1/1, Sample 1/66",,,,,,,,,,,,,,,
,Time,,V,,,Meas. value,,,dV,,Temp.,,,dE,,,dE/dV,,,EQP
,[s],,[mL],,,[pH],,,[mL],,[°C],,,[pH],,,[pH/mL],,,
,0,,0.00000,,,7.919,,,,,24.8,,,,,,,,,
,26,,0.08575,,,7.586,,,0.08575,,24.8,,,-0.333,,,,,,
,56,,0.12850,,,7.303,,,0.04275,,24.9,,,-0.283,,,,,,
,86,,0.15000,,,7.177,,,0.02150,,24.9,,,-0.126,,,,,,
,177,,0.17625,,,7.070,,,0.02625,,25.0,,,-0.107,,,,,,
,207,,0.22450,,,6.917,,,0.04825,,25.0,,,-0.153,,,-3.44,,,
,237,,0.27450,,,6.776,,,0.05000,,25.0,,,-0.141,,,-2.61,,,
,267,,0.32450,,,6.644,,,0.05000,,25.0,,,-0.132,,,-2.25,,,
,298,,0.37450,,,6.537,,,0.05000,,25.0,,,-0.107,,,-2.05,,,
,328,,0.42450,,,6.439,,,0.05000,,25.0,,,-0.098,,,-1.84,,,
,358,,0.47450,,,6.361,,,0.05000,,25.0,,,-0.078,,,-1.66,,,
,388,,0.52450,,,6.281,,,0.05000,,25.0,,,-0.080,,,-1.52,,,
,418,,0.57450,,,6.189,,,0.05000,,25.1,,,-0.092,,,-1.45,,,
,449,,0.62450,,,6.133,,,0.05000,,25.1,,,-0.056,,,-1.39,,,
,479,,0.67450,,,6.062,,,0.05000,,25.1,,,-0.071,,,-1.37,,,
,509,,0.72450,,,5.998,,,0.05000,,25.1,,,-0.064,,,-1.36,,,
,540,,0.77450,,,5.919,,,0.05000,,25.1,,,-0.079,,,-1.39,,,
,570,,0.82450,,,5.857,,,0.05000,,25.1,,,-0.062,,,-1.47,,,
,600,,0.87450,,,5.772,,,0.05000,,25.1,,,-0.085,,,-1.50,,,
,630,,0.92450,,,5.701,,,0.05000,,25.1,,,-0.071,,,-1.59,,,
,660,,0.97450,,,5.616,,,0.05000,,25.1,,,-0.085,,,-1.74,,,
,691,,1.02450,,,5.522,,,0.05000,,25.1,,,-0.094,,,-2.01,,,
,721,,1.07450,,,5.414,,,0.05000,,25.1,,,-0.108,,,-2.42,,,
,751,,1.12450,,,5.281,,,0.05000,,25.1,,,-0.133,,,-3.13,,,
,781,,1.17450,,,5.109,,,0.05000,,25.1,,,-0.172,,,-4.20,,,
,812,,1.20575,,,4.971,,,0.03125,,25.2,,,-0.138,,,-5.11,,,
,842,,1.22975,,,4.843,,,0.02400,,25.2,,,-0.128,,,-5.88,,,
,872,,1.25075,,,4.704,,,0.02100,,25.2,,,-0.139,,,-6.58,,,
,902,,1.26725,,,4.579,,,0.01650,,25.2,,,-0.125,,,-7.24,,,
,,,1.280653 ???,,,4.468 ???,,,,,,,,,,,,,,EQP
,933,,1.28300,,,4.449,,,0.01575,,25.2,,,-0.130,,,-7.67,,,
,963,,1.29825,,,4.328,,,0.01525,,25.2,,,-0.121,,,-7.19,,,
,993,,1.31575,,,4.198,,,0.01750,,25.2,,,-0.130,,,-6.41,,,
,1023,,1.33550,,,4.073,,,0.01975,,25.2,,,-0.125,,,-5.67,,,
,1054,,1.36050,,,3.944,,,0.02500,,25.2,,,-0.129,,,-4.79,,,
,1084,,1.39325,,,3.812,,,0.03275,,25.2,,,-0.132,,,-3.80,,,
,1114,,1.43600,,,3.681,,,0.04275,,25.2,,,-0.131,,,-2.85,,,
,1144,,1.48600,,,3.564,,,0.05000,,25.3,,,-0.117,,,-2.13,,,
,1174,,1.53600,,,3.471,,,0.05000,,25.3,,,-0.093,,,-1.68,,,
,1205,,1.58600,,,3.394,,,0.05000,,25.3,,,-0.077,,,-1.39,,,
,1235,,1.63600,,,3.329,,,0.05000,,25.3,,,-0.065,,,-1.19,,,
,1265,,1.68600,,,3.272,,,0.05000,,25.3,,,-0.057,,,-1.05,,,
,1296,,1.73600,,,3.222,,,0.05000,,25.3,,,-0.050,,,-0.94,,,
,1326,,1.78600,,,3.177,,,0.05000,,25.3,,,-0.045,,,-0.85,,,
,1356,,1.83600,,,3.136,,,0.05000,,25.3,,,-0.041,,,-0.78,,,
,1386,,1.88600,,,3.099,,,0.05000,,25.3,,,-0.037,,,,,,
,1416,,1.93600,,,3.064,,,0.05000,,25.3,,,-0.035,,,,,,
,1447,,1.98600,,,3.033,,,0.05000,,25.3,,,-0.031,,,,,,
,1477,,2.03600,,,3.004,,,0.05000,,25.3,,,-0.029,,,,,,
,1507,,2.08600,,,2.976,,,0.05000,,25.3,,,-0.028,,,,,,
Measure (normal) [1],,,,,,,,"Scope 1/1, Sample 2/66",,,,,,,,,,,,
Measured Values,,,,,"Scope 1/1, Sample 2/66",,,,,,,,,,,,,,,
,Time,,,,,Meas. value,,,,,Temp.,,,,,dE,,,,
,[s],,,,,[pH],,,,,[°C],,,,,[pH],,,,
,1,,,,,6.915,,,,,23.9,,,,,,,,,
,2,,,,,7.129,,,,,24.1,,,,,0.214,,,,
,3,,,,,7.254,,,,,24.3,,,,,0.125,,,,
,4,,,,,7.417,,,,,24.5,,,,,0.163,,,,
,5,,,,,7.598,,,,,24.7,,,,,0.181,,,,
,6,,,,,7.769,,,,,24.8,,,,,0.171,,,,
,7,,,,,7.916,,,,,25.0,,,,,0.147,,,,
,8,,,,,8.028,,,,,25.0,,,,,0.112,,,,
,9,,,,,8.134,,,,,25.1,,,,,0.106,,,,
,10,,,,,8.217,,,,,25.2,,,,,0.083,,,,
,11,,,,,8.280,,,,,25.2,,,,,0.063,,,,
,12,,,,,8.327,,,,,25.3,,,,,0.047,,,,
,13,,,,,8.361,,,,,25.3,,,,,0.034,,,,
,14,,,,,8.386,,,,,25.3,,,,,0.025,,,,
,15,,,,,8.400,,,,,25.3,,,,,0.014,,,,
,16,,,,,8.409,,,,,25.4,,,,,0.009,,,,
,17,,,,,8.413,,,,,25.4,,,,,0.004,,,,
,18,,,,,8.413,,,,,25.4,,,,,0.000,,,,
,19,,,,,8.410,,,,,25.4,,,,,-0.003,,,,
,20,,,,,8.404,,,,,25.4,,,,,-0.006,,,,
,21,,,,,8.396,,,,,25.4,,,,,-0.008,,,,
,22,,,,,8.389,,,,,25.4,,,,,-0.007,,,,
,23,,,,,8.380,,,,,25.4,,,,,-0.009,,,,
,24,,,,,8.370,,,,,25.4,,,,,-0.010,,,,
,25,,,,,8.359,,,,,25.4,,,,,-0.011,,,,
,26,,,,,8.348,,,,,25.4,,,,,-0.011,,,,
,27,,,,,8.337,,,,,25.4,,,,,-0.011,,,,
,28,,,,,8.326,,,,,25.4,,,,,-0.011,,,,
,29,,,,,8.316,,,,,25.4,,,,,-0.010,,,,
,30,,,,,8.305,,,,,25.4,,,,,-0.011,,,,
,31,,,,,8.294,,,,,25.4,,,,,-0.011,,,,
,32,,,,,8.284,,,,,25.4,,,,,-0.010,,,,
,33,,,,,8.274,,,,,25.4,,,,,-0.010,,,,
,34,,,,,8.264,,,,,25.4,,,,,-0.010,,,,
,35,,,,,8.254,,,,,25.4,,,,,-0.010,,,,
,36,,,,,8.246,,,,,25.4,,,,,-0.008,,,,
,37,,,,,8.237,,,,,25.4,,,,,-0.009,,,,
,38,,,,,8.228,,,,,25.4,,,,,-0.009,,,,
,39,,,,,8.220,,,,,25.4,,,,,-0.008,,,,
,40,,,,,8.212,,,,,25.4,,,,,-0.008,,,,
,41,,,,,8.204,,,,,25.4,,,,,-0.008,,,,
,42,,,,,8.197,,,,,25.4,,,,,-0.007,,,,
,43,,,,,8.191,,,,,25.4,,,,,-0.006,,,,
,44,,,,,8.184,,,,,25.4,,,,,-0.007,,,,
,45,,,,,8.177,,,,,25.4,,,,,-0.007,,,,
,46,,,,,8.170,,,,,25.4,,,,,-0.007,,,,
,47,,,,,8.164,,,,,25.4,,,,,-0.006,,,,
,48,,,,,8.158,,,,,25.4,,,,,-0.006,,,,
,49,,,,,8.153,,,,,25.4,,,,,-0.005,,,,
,50,,,,,8.148,,,,,25.4,,,,,-0.005,,,,
,51,,,,,8.142,,,,,25.4,,,,,-0.006,,,,
,52,,,,,8.137,,,,,25.4,,,,,-0.005,,,,
,53,,,,,8.132,,,,,25.4,,,,,-0.005,,,,
,54,,,,,8.127,,,,,25.4,,,,,-0.005,,,,
,55,,,,,8.123,,,,,25.4,,,,,-0.004,,,,
,56,,,,,8.118,,,,,25.4,,,,,-0.005,,,,
,57,,,,,8.114,,,,,25.4,,,,,-0.004,,,,
,58,,,,,8.110,,,,,25.4,,,,,-0.004,,,,
,59,,,,,8.106,,,,,25.4,,,,,-0.004,,,,
,60,,,,,8.102,,,,,25.4,,,,,-0.004,,,,
Titration (EQP) [1],,,,,,,,"Scope 1/1, Sample 2/66",,,,,,,,,,,,
Measured Values,,,,,"Scope 1/1, Sample 2/66",,,,,,,,,,,,,,,
,Time,,V,,,Meas. value,,,dV,,Temp.,,,dE,,,dE/dV,,,EQP
,[s],,[mL],,,[pH],,,[mL],,[°C],,,[pH],,,[pH/mL],,,
,0,,0.00000,,,8.094,,,,,25.4,,,,,,,,,
,28,,0.08575,,,7.595,,,0.08575,,25.4,,,-0.499,,,,,,
,58,,0.12850,,,7.254,,,0.04275,,25.4,,,-0.341,,,,,,
,89,,0.15000,,,7.103,,,0.02150,,25.4,,,-0.151,,,,,,
,180,,0.17200,,,7.007,,,0.02200,,25.5,,,-0.096,,,,,,
,210,,0.22200,,,6.836,,,0.05000,,25.5,,,-0.171,,,-3.67,,,
,240,,0.27175,,,6.691,,,0.04975,,25.5,,,-0.145,,,-2.65,,,
,270,,0.32175,,,6.546,,,0.05000,,25.5,,,-0.145,,,-2.34,,,
,301,,0.36925,,,6.451,,,0.04750,,25.5,,,-0.095,,,-2.13,,,
,331,,0.41925,,,6.353,,,0.05000,,25.5,,,-0.098,,,-1.94,,,
,361,,0.46925,,,6.259,,,0.05000,,25.5,,,-0.094,,,-1.80,,,
,391,,0.51925,,,6.163,,,0.05000,,25.5,,,-0.096,,,-1.70,,,
,422,,0.56925,,,6.082,,,0.05000,,25.4,,,-0.081,,,-1.67,,,
,452,,0.61925,,,5.998,,,0.05000,,25.4,,,-0.084,,,-1.65,,,
,482,,0.66925,,,5.918,,,0.05000,,25.4,,,-0.080,,,-1.67,,,
,512,,0.71925,,,5.833,,,0.05000,,25.4,,,-0.085,,,-1.74,,,
,543,,0.76925,,,5.739,,,0.05000,,25.4,,,-0.094,,,-1.90,,,
,573,,0.81925,,,5.634,,,0.05000,,25.4,,,-0.105,,,-2.15,,,
,603,,0.86925,,,5.522,,,0.05000,,25.4,,,-0.112,,,-2.55,,,
,633,,0.91925,,,5.386,,,0.05000,,25.4,,,-0.136,,,-3.23,,,
,664,,0.96900,,,5.209,,,0.04975,,25.4,,,-0.177,,,-4.39,,,
,694,,0.99850,,,5.077,,,0.02950,,25.4,,,-0.132,,,-5.40,,,
,724,,1.02275,,,4.943,,,0.02425,,25.4,,,-0.134,,,-6.45,,,
,754,,1.04250,,,4.805,,,0.01975,,25.4,,,-0.138,,,-7.35,,,
,784,,1.05775,,,4.680,,,0.01525,,25.4,,,-0.125,,,-8.13,,,
,815,,1.07200,,,4.543,,,0.01425,,25.4,,,-0.137,,,-9.08,,,
,,,1.080298 ???,,,4.461 ???,,,,,,,,,,,,,,EQP
,845,,1.08400,,,4.425,,,0.01200,,25.4,,,-0.118,,,-9.19,,,
,875,,1.09775,,,4.293,,,0.01375,,25.4,,,-0.132,,,-8.38,,,
,906,,1.11200,,,4.171,,,0.01425,,25.4,,,-0.122,,,-7.45,,,
,936,,1.13000,,,4.041,,,0.01800,,25.4,,,-0.130,,,-6.53,,,
,966,,1.15225,,,3.913,,,0.02225,,25.4,,,-0.128,,,-5.47,,,
,996,,1.18200,,,3.780,,,0.02975,,25.4,,,-0.133,,,-4.29,,,
,1026,,1.22075,,,3.650,,,0.03875,,25.4,,,-0.130,,,-3.20,,,
,1057,,1.27075,,,3.523,,,0.05000,,25.4,,,-0.127,,,-2.31,,,
,1087,,1.32075,,,3.424,,,0.05000,,25.4,,,-0.099,,,-1.78,,,
,1117,,1.37075,,,3.344,,,0.05000,,25.4,,,-0.080,,,-1.46,,,
,1147,,1.42075,,,3.275,,,0.05000,,25.4,,,-0.069,,,-1.24,,,
,1178,,1.47075,,,3.216,,,0.05000,,25.4,,,-0.059,,,-1.09,,,
,1208,,1.52075,,,3.165,,,0.05000,,25.4,,,-0.051,,,-0.97,,,
,1238,,1.57075,,,3.118,,,0.05000,,25.4,,,-0.047,,,,,,
,1268,,1.62075,,,3.077,,,0.05000,,25.4,,,-0.041,,,,,,
,1299,,1.67075,,,3.038,,,0.05000,,25.4,,,-0.039,,,,,,
,1329,,1.72075,,,3.003,,,0.05000,,25.4,,,-0.035,,,,,,
,1359,,1.77075,,,2.971,,,0.05000,,25.4,,,-0.032,,,,,,
Measure (normal) [1],,,,,,,,"Scope 1/1, Sample 3/66",,,,,,,,,,,,
Measured Values,,,,,"Scope 1/1, Sample 3/66",,,,,,,,,,,,,,,
,Time,,,,,Meas. value,,,,,Temp.,,,,,dE,,,,
,[s],,,,,[pH],,,,,[°C],,,,,[pH],,,,
,1,,,,,6.033,,,,,21.7,,,,,,,,,
,2,,,,,6.129,,,,,22.0,,,,,0.096,,,,
,3,,,,,6.249,,,,,22.5,,,,,0.120,,,,
,4,,,,,6.371,,,,,23.0,,,,,0.122,,,,
,5,,,,,6.485,,,,,23.4,,,,,0.114,,,,
,6,,,,,6.586,,,,,23.8,,,,,0.101,,,,
,7,,,,,6.683,,,,,24.0,,,,,0.097,,,,
,8,,,,,6.766,,,,,24.3,,,,,0.083,,,,
,9,,,,,6.853,,,,,24.4,,,,,0.087,,,,
,10,,,,,6.937,,,,,24.6,,,,,0.084,,,,
,11,,,,,7.008,,,,,24.7,,,,,0.071,,,,
,12,,,,,7.073,,,,,24.8,,,,,0.065,,,,
,13,,,,,7.134,,,,,24.9,,,,,0.061,,,,
,14,,,,,7.194,,,,,24.9,,,,,0.060,,,,
,15,,,,,7.250,,,,,24.9,,,,,0.056,,,,
,16,,,,,7.299,,,,,25.0,,,,,0.049,,,,
,17,,,,,7.350,,,,,25.0,,,,,0.051,,,,
,18,,,,,7.393,,,,,25.0,,,,,0.043,,,,
,19,,,,,7.432,,,,,25.0,,,,,0.039,,,,
,20,,,,,7.472,,,,,25.1,,,,,0.040,,,,
,21,,,,,7.503,,,,,25.1,,,,,0.031,,,,
,22,,,,,7.534,,,,,25.1,,,,,0.031,,,,
,23,,,,,7.564,,,,,25.1,,,,,0.030,,,,
,24,,,,,7.590,,,,,25.1,,,,,0.026,,,,
,25,,,,,7.615,,,,,25.1,,,,,0.025,,,,
,26,,,,,7.638,,,,,25.1,,,,,0.023,,,,
,27,,,,,7.658,,,,,25.1,,,,,0.020,,,,
,28,,,,,7.678,,,,,25.1,,,,,0.020,,,,
,29,,,,,7.697,,,,,25.1,,,,,0.019,,,,
,30,,,,,7.714,,,,,25.1,,,,,0.017,,,,
,31,,,,,7.729,,,,,25.1,,,,,0.015,,,,
,32,,,,,7.743,,,,,25.1,,,,,0.014,,,,
,33,,,,,7.756,,,,,25.1,,,,,0.013,,,,
,34,,,,,7.767,,,,,25.1,,,,,0.011,,,,
,35,,,,,7.779,,,,,25.1,,,,,0.012,,,,
,36,,,,,7.789,,,,,25.1,,,,,0.010,,,,
,37,,,,,7.800,,,,,25.1,,,,,0.011,,,,
,38,,,,,7.810,,,,,25.1,,,,,0.010,,,,
,39,,,,,7.818,,,,,25.1,,,,,0.008,,,,
,40,,,,,7.826,,,,,25.1,,,,,0.008,,,,
,41,,,,,7.832,,,,,25.1,,,,,0.006,,,,
,42,,,,,7.839,,,,,25.1,,,,,0.007,,,,
,43,,,,,7.846,,,,,25.1,,,,,0.007,,,,
,44,,,,,7.852,,,,,25.1,,,,,0.006,,,,
,45,,,,,7.858,,,,,25.1,,,,,0.006,,,,
,46,,,,,7.863,,,,,25.1,,,,,0.005,,,,
,47,,,,,7.867,,,,,25.1,,,,,0.004,,,,
,48,,,,,7.872,,,,,25.1,,,,,0.005,,,,
,49,,,,,7.875,,,,,25.1,,,,,0.003,,,,
,50,,,,,7.879,,,,,25.1,,,,,0.004,,,,
,51,,,,,7.883,,,,,25.1,,,,,0.004,,,,
,52,,,,,7.886,,,,,25.1,,,,,0.003,,,,
,53,,,,,7.889,,,,,25.1,,,,,0.003,,,,
,54,,,,,7.892,,,,,25.1,,,,,0.003,,,,
,55,,,,,7.894,,,,,25.1,,,,,0.002,,,,
,56,,,,,7.897,,,,,25.1,,,,,0.003,,,,
,57,,,,,7.899,,,,,25.1,,,,,0.002,,,,
,58,,,,,7.902,,,,,25.1,,,,,0.003,,,,
,59,,,,,7.903,,,,,25.1,,,,,0.001,,,,
,60,,,,,7.905,,,,,25.1,,,,,0.002,,,,
Titration (EQP) [1],,,,,,,,"Scope 1/1, Sample 3/66",,,,,,,,,,,,
Measured Values,,,,,"Scope 1/1, Sample 3/66",,,,,,,,,,,,,,,
,Time,,V,,,Meas. value,,,dV,,Temp.,,,dE,,,dE/dV,,,EQP
,[s],,[mL],,,[pH],,,[mL],,[°C],,,[pH],,,[pH/mL],,,
,0,,0.00000,,,7.909,,,,,25.1,,,,,,,,,
,28,,0.08575,,,7.443,,,0.08575,,25.1,,,-0.466,,,,,,
,58,,0.12850,,,7.186,,,0.04275,,25.1,,,-0.257,,,,,,
,88,,0.15000,,,7.035,,,0.02150,,25.2,,,-0.151,,,,,,
,179,,0.16650,,,6.973,,,0.01650,,25.2,,,-0.062,,,,,,
,209,,0.20775,,,6.885,,,0.04125,,25.2,,,-0.088,,,-3.11,,,
,239,,0.25775,,,6.750,,,0.05000,,25.2,,,-0.135,,,-2.44,,,
,269,,0.30775,,,6.629,,,0.05000,,25.2,,,-0.121,,,-2.19,,,
,300,,0.35775,,,6.522,,,0.05000,,25.2,,,-0.107,,,-2.09,,,
,330,,0.40775,,,6.421,,,0.05000,,25.2,,,-0.101,,,-1.94,,,
,360,,0.45775,,,6.319,,,0.05000,,25.2,,,-0.102,,,-1.78,,,
,390,,0.50775,,,6.251,,,0.05000,,25.2,,,-0.068,,,-1.72,,,
,421,,0.55775,,,6.156,,,0.05000,,25.2,,,-0.095,,,-1.67,,,
,451,,0.60775,,,6.073,,,0.05000,,25.2,,,-0.083,,,-1.68,,,
,481,,0.65775,,,5.981,,,0.05000,,25.2,,,-0.092,,,-1.75,,,
,511,,0.70775,,,5.893,,,0.05000,,25.2,,,-0.088,,,-1.92,,,
,542,,0.75775,,,5.798,,,0.05000,,25.2,,,-0.095,,,-2.13,,,
,572,,0.80775,,,5.673,,,0.05000,,25.2,,,-0.125,,,-2.57,,,
,602,,0.85775,,,5.537,,,0.05000,,25.2,,,-0.136,,,-3.29,,,
,632,,0.90775,,,5.356,,,0.05000,,25.2,,,-0.181,,,-4.53,,,
,663,,0.93600,,,5.228,,,0.02825,,25.2,,,-0.128,,,-5.52,,,
,693,,0.96000,,,5.090,,,0.02400,,25.2,,,-0.138,,,-6.57,,,
,723,,0.97875,,,4.957,,,0.01875,,25.2,,,-0.133,,,-7.51,,,
,753,,0.99425,,,4.827,,,0.01550,,25.2,,,-0.130,,,-8.34,,,
,784,,1.00775,,,4.698,,,0.01350,,25.2,,,-0.129,,,-9.32,,,
,,,1.017874 ???,,,4.597 ???,,,,,,,,,,,,,,EQP
,814,,1.02025,,,4.573,,,0.01250,,25.2,,,-0.125,,,-9.59,,,
,844,,1.03325,,,4.440,,,0.01300,,25.2,,,-0.133,,,-8.93,,,
,874,,1.04625,,,4.322,,,0.01300,,25.2,,,-0.118,,,-7.95,,,
,905,,1.06300,,,4.190,,,0.01675,,25.2,,,-0.132,,,-7.02,,,
,935,,1.08300,,,4.063,,,0.02000,,25.2,,,-0.127,,,-5.99,,,
,965,,1.10950,,,3.930,,,0.02650,,25.2,,,-0.133,,,-4.81,,,
,995,,1.14425,,,3.799,,,0.03475,,25.2,,,-0.131,,,-3.66,,,
,1025,,1.19175,,,3.663,,,0.04750,,25.2,,,-0.136,,,-2.62,,,
,1056,,1.24175,,,3.554,,,0.05000,,25.2,,,-0.109,,,-1.98,,,
,1086,,1.29175,,,3.466,,,0.05000,,25.2,,,-0.088,,,-1.58,,,
,1116,,1.34175,,,3.393,,,0.05000,,25.2,,,-0.073,,,-1.33,,,
,1146,,1.39175,,,3.330,,,0.05000,,25.2,,,-0.063,,,-1.15,,,
,1177,,1.44175,,,3.275,,,0.05000,,25.2,,,-0.055,,,-1.02,,,
,1207,,1.49175,,,3.226,,,0.05000,,25.2,,,-0.049,,,-0.92,,,
,1237,,1.54175,,,3.183,,,0.05000,,25.2,,,-0.043,,,-0.83,,,
,1267,,1.59175,,,3.143,,,0.05000,,25.2,,,-0.040,,,-0.76,,,
,1298,,1.64175,,,3.106,,,0.05000,,25.2,,,-0.037,,,,,,
,1328,,1.69175,,,3.073,,,0.05000,,25.2,,,-0.033,,,,,,
,1358,,1.74175,,,3.041,,,0.05000,,25.2,,,-0.032,,,,,,
,1388,,1.79175,,,3.012,,,0.05000,,25.2,,,-0.029,,,,,,
,1419,,1.84175,,,2.986,,,0.05000,,25.2,,,-0.026,,,,,,
Measure (normal) [1],,,,,,,,"Scope 1/1, Sample 4/66",,,,,,,,,,,,
Measured Values,,,,,"Scope 1/1, Sample 4/66",,,,,,,,,,,,,,,
,Time,,,,,Meas. value,,,,,Temp.,,,,,dE,,,,
,[s],,,,,[pH],,,,,[°C],,,,,[pH],,,,
,1,,,,,4.821,,,,,23.9,,,,,,,,,
,2,,,,,5.112,,,,,24.0,,,,,0.291,,,,
,3,,,,,5.403,,,,,24.2,,,,,0.291,,,,
,4,,,,,5.651,,,,,24.4,,,,,0.248,,,,
,5,,,,,5.878,,,,,24.6,,,,,0.227,,,,
,6,,,,,6.096,,,,,24.8,,,,,0.218,,,,
,7,,,,,6.302,,,,,24.9,,,,,0.206,,,,
,8,,,,,6.469,,,,,25.0,,,,,0.167,,,,
,9,,,,,6.643,,,,,25.1,,,,,0.174,,,,
,10,,,,,6.803,,,,,25.1,,,,,0.160,,,,
,11,,,,,6.955,,,,,25.2,,,,,0.152,,,,
,12,,,,,7.088,,,,,25.2,,,,,0.133,,,,
,13,,,,,7.215,,,,,25.3,,,,,0.127,,,,
,14,,,,,7.326,,,,,25.3,,,,,0.111,,,,
,15,,,,,7.414,,,,,25.3,,,,,0.088,,,,
,16,,,,,7.500,,,,,25.3,,,,,0.086,,,,
,17,,,,,7.577,,,,,25.3,,,,,0.077,,,,
,18,,,,,7.646,,,,,25.3,,,,,0.069,,,,
,19,,,,,7.707,,,,,25.3,,,,,0.061,,,,
,20,,,,,7.761,,,,,25.3,,,,,0.054,,,,
,21,,,,,7.810,,,,,25.3,,,,,0.049,,,,
,22,,,,,7.848,,,,,25.3,,,,,0.038,,,,
,23,,,,,7.887,,,,,25.3,,,,,0.039,,,,
,24,,,,,7.923,,,,,25.3,,,,,0.036,,,,
,25,,,,,7.955,,,,,25.3,,,,,0.032,,,,
,26,,,,,7.983,,,,,25.4,,,,,0.028,,,,
,27,,,,,8.008,,,,,25.4,,,,,0.025,,,,
,28,,,,,8.031,,,,,25.4,,,,,0.023,,,,
,29,,,,,8.049,,,,,25.4,,,,,0.018,,,,
,30,,,,,8.067,,,,,25.4,,,,,0.018,,,,
,31,,,,,8.083,,,,,25.4,,,,,0.016,,,,
,32,,,,,8.096,,,,,25.4,,,,,0.013,,,,
,33,,,,,8.108,,,,,25.4,,,,,0.012,,,,
,34,,,,,8.119,,,,,25.4,,,,,0.011,,,,
,35,,,,,8.129,,,,,25.4,,,,,0.010,,,,
,36,,,,,8.137,,,,,25.4,,,,,0.008,,,,
,37,,,,,8.145,,,,,25.4,,,,,0.008,,,,
,38,,,,,8.151,,,,,25.4,,,,,0.006,,,,
,39,,,,,8.158,,,,,25.4,,,,,0.007,,,,
,40,,,,,8.164,,,,,25.4,,,,,0.006,,,,
,41,,,,,8.169,,,,,25.4,,,,,0.005,,,,
,42,,,,,8.173,,,,,25.4,,,,,0.004,,,,
,43,,,,,8.177,,,,,25.4,,,,,0.004,,,,
,44,,,,,8.181,,,,,25.4,,,,,0.004,,,,
,45,,,,,8.184,,,,,25.4,,,,,0.003,,,,
,46,,,,,8.187,,,,,25.4,,,,,0.003,,,,
,47,,,,,8.190,,,,,25.4,,,,,0.003,,,,
,48,,,,,8.193,,,,,25.4,,,,,0.003,,,,
,49,,,,,8.195,,,,,25.4,,,,,0.002,,,,
,50,,,,,8.197,,,,,25.4,,,,,0.002,,,,
,51,,,,,8.198,,,,,25.4,,,,,0.001,,,,
,52,,,,,8.200,,,,,25.4,,,,,0.002,,,,
,53,,,,,8.202,,,,,25.4,,,,,0.002,,,,
,54,,,,,8.203,,,,,25.4,,,,,0.001,,,,
,55,,,,,8.204,,,,,25.4,,,,,0.001,,,,
,56,,,,,8.205,,,,,25.4,,,,,0.001,,,,
,57,,,,,8.206,,,,,25.4,,,,,0.001,,,,
,58,,,,,8.207,,,,,25.4,,,,,0.001,,,,
,59,,,,,8.208,,,,,25.4,,,,,0.001,,,,
,60,,,,,8.209,,,,,25.4,,,,,0.001,,,,
Titration (EQP) [1],,,,,,,,"Scope 1/1, Sample 4/66",,,,,,,,,,,,
Measured Values,,,,,"Scope 1/1, Sample 4/66",,,,,,,,,,,,,,,
,Time,,V,,,Meas. value,,,dV,,Temp.,,,dE,,,dE/dV,,,EQP
,[s],,[mL],,,[pH],,,[mL],,[°C],,,[pH],,,[pH/mL],,,
,0,,0.00000,,,8.211,,,,,25.4,,,,,,,,,
,30,,0.08575,,,7.646,,,0.08575,,25.4,,,-0.565,,,,,,
,60,,0.12850,,,7.321,,,0.04275,,25.3,,,-0.325,,,,,,
,90,,0.15000,,,7.173,,,0.02150,,25.3,,,-0.148,,,,,,
,181,,0.17175,,,7.059,,,0.02175,,25.3,,,-0.114,,,,,,
,211,,0.20550,,,6.964,,,0.03375,,25.3,,,-0.095,,,-3.61,,,
,241,,0.25550,,,6.823,,,0.05000,,25.3,,,-0.141,,,-2.71,,,
,271,,0.30400,,,6.711,,,0.04850,,25.3,,,-0.112,,,-2.47,,,
,302,,0.35400,,,6.596,,,0.05000,,25.3,,,-0.115,,,-2.33,,,
,332,,0.40400,,,6.454,,,0.05000,,25.3,,,-0.142,,,-2.17,,,
,362,,0.45000,,,6.361,,,0.04600,,25.3,,,-0.093,,,-2.01,,,
,392,,0.50000,,,6.274,,,0.05000,,25.3,,,-0.087,,,-1.86,,,
,423,,0.55000,,,6.191,,,0.05000,,25.3,,,-0.083,,,-1.73,,,
,453,,0.60000,,,6.104,,,0.05000,,25.3,,,-0.087,,,-1.71,,,
,483,,0.65000,,,6.006,,,0.05000,,25.3,,,-0.098,,,-1.84,,,
,513,,0.70000,,,5.912,,,0.05000,,25.3,,,-0.094,,,-2.01,,,
,544,,0.75000,,,5.807,,,0.05000,,25.3,,,-0.105,,,-2.26,,,
,574,,0.80000,,,5.685,,,0.05000,,25.3,,,-0.122,,,-2.68,,,
,604,,0.85000,,,5.540,,,0.05000,,25.3,,,-0.145,,,-3.40,,,
,634,,0.89400,,,5.380,,,0.04400,,25.3,,,-0.160,,,-4.49,,,
,664,,0.92350,,,5.247,,,0.02950,,25.3,,,-0.133,,,-5.52,,,
,695,,0.94800,,,5.107,,,0.02450,,25.3,,,-0.140,,,-6.65,,,
,725,,0.96675,,,4.974,,,0.01875,,25.3,,,-0.133,,,-7.61,,,
,755,,0.98225,,,4.840,,,0.01550,,25.3,,,-0.134,,,-8.50,,,
,786,,0.99500,,,4.717,,,0.01275,,25.3,,,-0.123,,,-9.47,,,
,,,1.005675 ???,,,4.606 ???,,,,,,,,,,,,,,EQP
,816,,1.00750,,,4.587,,,0.01250,,25.3,,,-0.130,,,-9.86,,,
,846,,1.01950,,,4.463,,,0.01200,,25.3,,,-0.124,,,-9.28,,,
,876,,1.03300,,,4.335,,,0.01350,,25.3,,,-0.128,,,-8.25,,,
,906,,1.04825,,,4.209,,,0.01525,,25.3,,,-0.126,,,-7.32,,,
,937,,1.06725,,,4.082,,,0.01900,,25.3,,,-0.127,,,-6.28,,,
,967,,1.09225,,,3.949,,,0.02500,,25.3,,,-0.133,,,-5.09,,,
,997,,1.12475,,,3.819,,,0.03250,,25.3,,,-0.130,,,-3.91,,,
,1027,,1.16950,,,3.683,,,0.04475,,25.3,,,-0.136,,,-2.83,,,
,1058,,1.21950,,,3.567,,,0.05000,,25.3,,,-0.116,,,-2.10,,,
,1088,,1.26950,,,3.475,,,0.05000,,25.3,,,-0.092,,,-1.66,,,
,1118,,1.31950,,,3.400,,,0.05000,,25.3,,,-0.075,,,-1.38,,,
,1148,,1.36950,,,3.334,,,0.05000,,25.3,,,-0.066,,,-1.18,,,
,1179,,1.41950,,,3.278,,,0.05000,,25.3,,,-0.056,,,-1.04,,,
,1209,,1.46950,,,3.228,,,0.05000,,25.3,,,-0.050,,,-0.94,,,
,1239,,1.51950,,,3.184,,,0.05000,,25.3,,,-0.044,,,-0.85,,,
,1269,,1.56950,,,3.143,,,0.05000,,25.3,,,-0.041,,,-0.77,,,
,1300,,1.61950,,,3.106,,,0.05000,,25.3,,,-0.037,,,,,,
,1330,,1.66950,,,3.072,,,0.05000,,25.3,,,-0.034,,,,,,
,1360,,1.71950,,,3.040,,,0.05000,,25.3,,,-0.032,,,,,,
,1390,,1.76950,,,3.011,,,0.05000,,25.3,,,-0.029,,,,,,
,1420,,1.81950,,,2.983,,,0.05000,,25.3,,,-0.028,,,,,,
Measure (normal) [1],,,,,,,,"Scope 1/1, Sample 5/66",,,,,,,,,,,,
Measured Values,,,,,"Scope 1/1, Sample 5/66",,,,,,,,,,,,,,,
,Time,,,,,Meas. value,,,,,Temp.,,,,,dE,,,,
,[s],,,,,[pH],,,,,[°C],,,,,[pH],,,,
,1,,,,,4.823,,,,,23.9,,,,,,,,,
,2,,,,,5.060,,,,,24.1,,,,,0.237,,,,
,3,,,,,5.308,,,,,24.2,,,,,0.248,,,,
,4,,,,,5.514,,,,,24.4,,,,,0.206,,,,
,5,,,,,5.689,,,,,24.6,,,,,0.175,,,,
,6,,,,,5.846,,,,,24.8,,,,,0.157,,,,
,7,,,,,5.992,,,,,24.9,,,,,0.146,,,,
,8,,,,,6.127,,,,,25.0,,,,,0.135,,,,
,9,,,,,6.240,,,,,25.1,,,,,0.113,,,,
,10,,,,,6.360,,,,,25.1,,,,,0.120,,,,
,11,,,,,6.473,,,,,25.2,,,,,0.113,,,,
,12,,,,,6.582,,,,,25.2,,,,,0.109,,,,
,13,,,,,6.681,,,,,25.3,,,,,0.099,,,,
,14,,,,,6.774,,,,,25.3,,,,,0.093,,,,
,15,,,,,6.854,,,,,25.3,,,,,0.080,,,,
,16,,,,,6.939,,,,,25.3,,,,,0.085,,,,
,17,,,,,7.014,,,,,25.3,,,,,0.075,,,,
,18,,,,,7.082,,,,,25.3,,,,,0.068,,,,
,19,,,,,7.151,,,,,25.3,,,,,0.069,,,,
,20,,,,,7.213,,,,,25.3,,,,,0.062,,,,
,21,,,,,7.268,,,,,25.4,,,,,0.055,,,,
,22,,,,,7.317,,,,,25.4,,,,,0.049,,,,
,23,,,,,7.368,,,,,25.4,,,,,0.051,,,,
,24,,,,,7.414,,,,,25.4,,,,,0.046,,,,
,25,,,,,7.456,,,,,25.4,,,,,0.042,,,,
,26,,,,,7.495,,,,,25.4,,,,,0.039,,,,
,27,,,,,7.531,,,,,25.4,,,,,0.036,,,,
,28,,,,,7.564,,,,,25.4,,,,,0.033,,,,
,29,,,,,7.591,,,,,25.4,,,,,0.027,,,,
,30,,,,,7.620,,,,,25.4,,,,,0.029,,,,
,31,,,,,7.645,,,,,25.4,,,,,0.025,,,,
,32,,,,,7.669,,,,,25.4,,,,,0.024,,,,
,33,,,,,7.691,,,,,25.4,,,,,0.022,,,,
,34,,,,,7.711,,,,,25.4,,,,,0.020,,,,
,35,,,,,7.729,,,,,25.4,,,,,0.018,,,,
,36,,,,,7.745,,,,,25.4,,,,,0.016,,,,
,37,,,,,7.761,,,,,25.4,,,,,0.016,,,,
,38,,,,,7.776,,,,,25.4,,,,,0.015,,,,
,39,,,,,7.789,,,,,25.4,,,,,0.013,,,,
,40,,,,,7.801,,,,,25.4,,,,,0.012,,,,
,41,,,,,7.812,,,,,25.4,,,,,0.011,,,,
,42,,,,,7.822,,,,,25.4,,,,,0.010,,,,
,43,,,,,7.831,,,,,25.4,,,,,0.009,,,,
,44,,,,,7.840,,,,,25.4,,,,,0.009,,,,
,45,,,,,7.848,,,,,25.4,,,,,0.008,,,,
,46,,,,,7.856,,,,,25.4,,,,,0.008,,,,
,47,,,,,7.863,,,,,25.4,,,,,0.007,,,,
,48,,,,,7.870,,,,,25.4,,,,,0.007,,,,
,49,,,,,7.875,,,,,25.4,,,,,0.005,,,,
,50,,,,,7.881,,,,,25.4,,,,,0.006,,,,
,51,,,,,7.885,,,,,25.4,,,,,0.004,,,,
,52,,,,,7.890,,,,,25.4,,,,,0.005,,,,
,53,,,,,7.894,,,,,25.4,,,,,0.004,,,,
,54,,,,,7.898,,,,,25.4,,,,,0.004,,,,
,55,,,,,7.902,,,,,25.4,,,,,0.004,,,,
,56,,,,,7.905,,,,,25.4,,,,,0.003,,,,
,57,,,,,7.908,,,,,25.4,,,,,0.003,,,,
,58,,,,,7.911,,,,,25.4,,,,,0.003,,,,
,59,,,,,7.914,,,,,25.4,,,,,0.003,,,,
,60,,,,,7.916,,,,,25.4,,,,,0.002,,,,
Titration (EQP) [1],,,,,,,,"Scope 1/1, Sample 5/66",,,,,,,,,,,,
Measured Values,,,,,"Scope 1/1, Sample 5/66",,,,,,,,,,,,,,,
,Time,,V,,,Meas. value,,,dV,,Temp.,,,dE,,,dE/dV,,,EQP
,[s],,[mL],,,[pH],,,[mL],,[°C],,,[pH],,,[pH/mL],,,
,0,,0.00000,,,7.921,,,,,25.4,,,,,,,,,
,28,,0.08575,,,7.448,,,0.08575,,25.4,,,-0.473,,,,,,
,58,,0.12850,,,7.186,,,0.04275,,25.4,,,-0.262,,,,,,
,88,,0.15000,,,7.059,,,0.02150,,25.4,,,-0.127,,,,,,
,179,,0.17450,,,6.957,,,0.02450,,25.4,,,-0.102,,,,,,
,209,,0.22050,,,6.844,,,0.04600,,25.4,,,-0.113,,,-3.00,,,
,239,,0.27050,,,6.727,,,0.05000,,25.4,,,-0.117,,,-2.34,,,
,269,,0.32050,,,6.601,,,0.05000,,25.3,,,-0.126,,,-2.17,,,
,300,,0.37050,,,6.499,,,0.05000,,25.3,,,-0.102,,,-2.07,,,
,330,,0.42050,,,6.393,,,0.05000,,25.3,,,-0.106,,,-1.94,,,
,360,,0.47050,,,6.300,,,0.05000,,25.3,,,-0.093,,,-1.81,,,
,390,,0.52050,,,6.214,,,0.05000,,25.3,,,-0.086,,,-1.70,,,
,421,,0.57050,,,6.131,,,0.05000,,25.3,,,-0.083,,,-1.69,,,
,451,,0.62050,,,6.050,,,0.05000,,25.3,,,-0.081,,,-1.73,,,
,481,,0.67050,,,5.951,,,0.05000,,25.3,,,-0.099,,,-1.84,,,
,511,,0.72050,,,5.862,,,0.05000,,25.3,,,-0.089,,,-2.02,,,
,542,,0.77050,,,5.745,,,0.05000,,25.3,,,-0.117,,,-2.31,,,
,572,,0.82050,,,5.627,,,0.05000,,25.3,,,-0.118,,,-2.78,,,
,602,,0.87050,,,5.477,,,0.05000,,25.3,,,-0.150,,,-3.60,,,
,632,,0.91175,,,5.321,,,0.04125,,25.3,,,-0.156,,,-4.72,,,
,663,,0.94000,,,5.184,,,0.02825,,25.3,,,-0.137,,,-5.78,,,
,693,,0.96200,,,5.049,,,0.02200,,25.3,,,-0.135,,,-6.82,,,
,723,,0.97950,,,4.920,,,0.01750,,25.3,,,-0.129,,,-7.69,,,
,753,,0.99475,,,4.787,,,0.01525,,25.3,,,-0.133,,,-8.60,,,
,784,,1.00800,,,4.658,,,0.01325,,25.3,,,-0.129,,,-9.43,,,
,,,1.015555 ???,,,4.582 ???,,,,,,,,,,,,,,EQP
,814,,1.02050,,,4.533,,,0.01250,,25.3,,,-0.125,,,-9.45,,,
,844,,1.03375,,,4.401,,,0.01325,,25.3,,,-0.132,,,-8.61,,,
,874,,1.04775,,,4.279,,,0.01400,,25.3,,,-0.122,,,-7.66,,,
,904,,1.06525,,,4.149,,,0.01750,,25.3,,,-0.130,,,-6.72,,,
,935,,1.08700,,,4.019,,,0.02175,,25.3,,,-0.130,,,-5.65,,,
,965,,1.11550,,,3.888,,,0.02850,,25.3,,,-0.131,,,-4.47,,,
,995,,1.15375,,,3.754,,,0.03825,,25.3,,,-0.134,,,-3.34,,,
,1025,,1.20375,,,3.622,,,0.05000,,25.3,,,-0.132,,,-2.40,,,
,1056,,1.25375,,,3.520,,,0.05000,,25.3,,,-0.102,,,-1.84,,,
,1086,,1.30375,,,3.437,,,0.05000,,25.3,,,-0.083,,,-1.49,,,
,1116,,1.35375,,,3.368,,,0.05000,,25.3,,,-0.069,,,-1.27,,,
,1146,,1.40375,,,3.308,,,0.05000,,25.3,,,-0.060,,,-1.11,,,
,1177,,1.45375,,,3.255,,,0.05000,,25.3,,,-0.053,,,-0.99,,,
,1207,,1.50375,,,3.207,,,0.05000,,25.3,,,-0.048,,,-0.89,,,
,1237,,1.55375,,,3.165,,,0.05000,,25.3,,,-0.042,,,-0.81,,,
,1267,,1.60375,,,3.127,,,0.05000,,25.3,,,-0.038,,,,,,
,1298,,1.65375,,,3.091,,,0.05000,,25.3,,,-0.036,,,,,,
,1328,,1.70375,,,3.058,,,0.05000,,25.3,,,-0.033,,,,,,
,1358,,1.75375,,,3.028,,,0.05000,,25.3,,,-0.030,,,,,,
,1388,,1.80375,,,3.000,,,0.05000,,25.3,,,-0.028,,,,,,
Measure (normal) [1],,,,,,,,"Scope 1/1, Sample 6/66",,,,,,,,,,,,
Measured Values,,,,,"Scope 1/1, Sample 6/66",,,,,,,,,,,,,,,
,Time,,,,,Meas. value,,,,,Temp.,,,,,dE,,,,
,[s],,,,,[pH],,,,,[°C],,,,,[pH],,,,
,1,,,,,4.815,,,,,24.1,,,,,,,,,
,2,,,,,5.095,,,,,24.2,,,,,0.280,,,,
,3,,,,,5.350,,,,,24.4,,,,,0.255,,,,
,4,,,,,5.563,,,,,24.6,,,,,0.213,,,,
,5,,,,,5.748,,,,,24.8,,,,,0.185,,,,
,6,,,,,5.912,,,,,24.9,,,,,0.164,,,,
,7,,,,,6.069,,,,,25.0,,,,,0.157,,,,
,8,,,,,6.215,,,,,25.1,,,,,0.146,,,,
,9,,,,,6.341,,,,,25.1,,,,,0.126,,,,
,10,,,,,6.473,,,,,25.2,,,,,0.132,,,,
,11,,,,,6.597,,,,,25.2,,,,,0.124,,,,
,12,,,,,6.711,,,,,25.3,,,,,0.114,,,,
,13,,,,,6.817,,,,,25.3,,,,,0.106,,,,
,14,,,,,6.918,,,,,25.3,,,,,0.101,,,,
,15,,,,,6.998,,,,,25.3,,,,,0.080,,,,
,16,,,,,7.080,,,,,25.3,,,,,0.082,,,,
,17,,,,,7.161,,,,,25.4,,,,,0.081,,,,
,18,,,,,7.233,,,,,25.4,,,,,0.072,,,,
,19,,,,,7.299,,,,,25.4,,,,,0.066,,,,
,20,,,,,7.358,,,,,25.4,,,,,0.059,,,,
,21,,,,,7.415,,,,,25.4,,,,,0.057,,,,
,22,,,,,7.462,,,,,25.4,,,,,0.047,,,,
,23,,,,,7.510,,,,,25.4,,,,,0.048,,,,
,24,,,,,7.553,,,,,25.4,,,,,0.043,,,,
,25,,,,,7.593,,,,,25.4,,,,,0.040,,,,
,26,,,,,7.629,,,,,25.4,,,,,0.036,,,,
,27,,,,,7.661,,,,,25.4,,,,,0.032,,,,
,28,,,,,7.691,,,,,25.4,,,,,0.030,,,,
,29,,,,,7.715,,,,,25.4,,,,,0.024,,,,
,30,,,,,7.741,,,,,25.4,,,,,0.026,,,,
,31,,,,,7.765,,,,,25.4,,,,,0.024,,,,
,32,,,,,7.787,,,,,25.4,,,,,0.022,,,,
,33,,,,,7.806,,,,,25.4,,,,,0.019,,,,
,34,,,,,7.824,,,,,25.4,,,,,0.018,,,,
,35,,,,,7.840,,,,,25.4,,,,,0.016,,,,
,36,,,,,7.854,,,,,25.4,,,,,0.014,,,,
,37,,,,,7.868,,,,,25.4,,,,,0.014,,,,
,38,,,,,7.880,,,,,25.4,,,,,0.012,,,,
,39,,,,,7.890,,,,,25.4,,,,,0.010,,,,
,40,,,,,7.901,,,,,25.4,,,,,0.011,,,,
,41,,,,,7.911,,,,,25.4,,,,,0.010,,,,
,42,,,,,7.919,,,,,25.4,,,,,0.008,,,,
,43,,,,,7.927,,,,,25.4,,,,,0.008,,,,
,44,,,,,7.934,,,,,25.4,,,,,0.007,,,,
,45,,,,,7.941,,,,,25.4,,,,,0.007,,,,
,46,,,,,7.947,,,,,25.4,,,,,0.006,,,,
,47,,,,,7.953,,,,,25.4,,,,,0.006,,,,
,48,,,,,7.958,,,,,25.4,,,,,0.005,,,,
,49,,,,,7.963,,,,,25.4,,,,,0.005,,,,
,50,,,,,7.967,,,,,25.4,,,,,0.004,,,,
,51,,,,,7.971,,,,,25.4,,,,,0.004,,,,
,52,,,,,7.974,,,,,25.4,,,,,0.003,,,,
,53,,,,,7.978,,,,,25.4,,,,,0.004,,,,
,54,,,,,7.981,,,,,25.4,,,,,0.003,,,,
,55,,,,,7.984,,,,,25.4,,,,,0.003,,,,
,56,,,,,7.987,,,,,25.4,,,,,0.003,,,,
,57,,,,,7.990,,,,,25.4,,,,,0.003,,,,
,58,,,,,7.992,,,,,25.4,,,,,0.002,,,,
,59,,,,,7.994,,,,,25.4,,,,,0.002,,,,
,60,,,,,7.996,,,,,25.4,,,,,0.002,,,,
Titration (EQP) [1],,,,,,,,"Scope 1/1, Sample 6/66",,,,,,,,,,,,
Measured Values,,,,,"Scope 1/1, Sample 6/66",,,,,,,,,,,,,,,
,Time,,V,,,Meas. value,,,dV,,Temp.,,,dE,,,dE/dV,,,EQP
,[s],,[mL],,,[pH],,,[mL],,[°C],,,[pH],,,[pH/mL],,,
,0,,0.00000,,,7.999,,,,,25.4,,,,,,,,,
,28,,0.08575,,,7.488,,,0.08575,,25.4,,,-0.511,,,,,,
,58,,0.12850,,,7.204,,,0.04275,,25.4,,,-0.284,,,,,,
,88,,0.15000,,,7.078,,,0.02150,,25.4,,,-0.126,,,,,,
,179,,0.17650,,,6.963,,,0.02650,,25.4,,,-0.115,,,,,,
,209,,0.21850,,,6.861,,,0.04200,,25.4,,,-0.102,,,-3.10,,,
,239,,0.26850,,,6.739,,,0.05000,,25.4,,,-0.122,,,-2.41,,,
,270,,0.31850,,,6.619,,,0.05000,,25.4,,,-0.120,,,-2.20,,,
,300,,0.36850,,,6.495,,,0.05000,,25.4,,,-0.124,,,-2.12,,,
,330,,0.41850,,,6.408,,,0.05000,,25.4,,,-0.087,,,-2.03,,,
,360,,0.46850,,,6.298,,,0.05000,,25.4,,,-0.110,,,-1.88,,,
,390,,0.51850,,,6.219,,,0.05000,,25.4,,,-0.079,,,-1.76,,,
,421,,0.56850,,,6.116,,,0.05000,,25.4,,,-0.103,,,-1.70,,,
,451,,0.61850,,,6.043,,,0.05000,,25.4,,,-0.073,,,-1.72,,,
,481,,0.66850,,,5.953,,,0.05000,,25.4,,,-0.090,,,-1.77,,,
,511,,0.71850,,,5.861,,,0.05000,,25.3,,,-0.092,,,-1.98,,,
,542,,0.76850,,,5.751,,,0.05000,,25.4,,,-0.110,,,-2.29,,,
,572,,0.81850,,,5.625,,,0.05000,,25.3,,,-0.126,,,-2.87,,,
,602,,0.86850,,,5.472,,,0.05000,,25.3,,,-0.153,,,-3.75,,,
,632,,0.90800,,,5.313,,,0.03950,,25.3,,,-0.159,,,-4.87,,,
,663,,0.93375,,,5.190,,,0.02575,,25.3,,,-0.123,,,-5.87,,,
,693,,0.95775,,,5.041,,,0.02400,,25.4,,,-0.149,,,-7.02,,,
,723,,0.97450,,,4.913,,,0.01675,,25.3,,,-0.128,,,-7.88,,,
,753,,0.98900,,,4.782,,,0.01450,,25.3,,,-0.131,,,-8.77,,,
,784,,1.00175,,,4.654,,,0.01275,,25.3,,,-0.128,,,-9.65,,,
,,,1.004793 ???,,,4.623 ???,,,,,,,,,,,,,,EQP
,814,,1.01375,,,4.531,,,0.01200,,25.3,,,-0.123,,,-9.59,,,
,844,,1.02700,,,4.399,,,0.01325,,25.3,,,-0.132,,,-8.72,,,
,874,,1.04100,,,4.276,,,0.01400,,25.3,,,-0.123,,,-7.75,,,
,904,,1.05850,,,4.145,,,0.01750,,25.3,,,-0.131,,,-6.78,,,
,935,,1.08000,,,4.016,,,0.02150,,25.3,,,-0.129,,,-5.68,,,
,965,,1.10850,,,3.883,,,0.02850,,25.3,,,-0.133,,,-4.48,,,
,995,,1.14575,,,3.753,,,0.03725,,25.3,,,-0.130,,,-3.37,,,
,1026,,1.19575,,,3.621,,,0.05000,,25.3,,,-0.132,,,-2.40,,,
,1056,,1.24575,,,3.519,,,0.05000,,25.3,,,-0.102,,,-1.84,,,
,1086,,1.29575,,,3.436,,,0.05000,,25.3,,,-0.083,,,-1.50,,,
,1116,,1.34575,,,3.366,,,0.05000,,25.3,,,-0.070,,,-1.27,,,
,1146,,1.39575,,,3.306,,,0.05000,,25.3,,,-0.060,,,-1.11,,,
,1177,,1.44575,,,3.253,,,0.05000,,25.3,,,-0.053,,,-0.99,,,
,1207,,1.49575,,,3.205,,,0.05000,,25.3,,,-0.048,,,-0.89,,,
,1237,,1.54575,,,3.163,,,0.05000,,25.3,,,-0.042,,,-0.81,,,
,1267,,1.59575,,,3.124,,,0.05000,,25.3,,,-0.039,,,,,,
,1298,,1.64575,,,3.089,,,0.05000,,25.4,,,-0.035,,,,,,
,1328,,1.69575,,,3.056,,,0.05000,,25.4,,,-0.033,,,,,,
,1358,,1.74575,,,3.025,,,0.05000,,25.3,,,-0.031,,,,,,
,1388,,1.79575,,,2.997,,,0.05000,,25.4,,,-0.028,,,,,,
Measure (normal) [1],,,,,,,,"Scope 1/1, Sample 7/66",,,,,,,,,,,,
Measured Values,,,,,"Scope 1/1, Sample 7/66",,,,,,,,,,,,,,,
,Time,,,,,Meas. value,,,,,Temp.,,,,,dE,,,,
,[s],,,,,[pH],,,,,[°C],,,,,[pH],,,,
,1,,,,,4.846,,,,,24.2,,,,,,,,,
,2,,,,,5.107,,,,,24.3,,,,,0.261,,,,
,3,,,,,5.373,,,,,24.4,,,,,0.266,,,,
,4,,,,,5.599,,,,,24.6,,,,,0.226,,,,
,5,,,,,5.800,,,,,24.8,,,,,0.201,,,,
,6,,,,,5.984,,,,,24.9,,,,,0.184,,,,
,7,,,,,6.161,,,,,25.0,,,,,0.177,,,,
,8,,,,,6.311,,,,,25.1,,,,,0.150,,,,
,9,,,,,6.468,,,,,25.1,,,,,0.157,,,,
,10,,,,,6.613,,,,,25.2,,,,,0.145,,,,
,11,,,,,6.753,,,,,25.2,,,,,0.140,,,,
,12,,,,,6.880,,,,,25.3,,,,,0.127,,,,
,13,,,,,6.994,,,,,25.3,,,,,0.114,,,,
,14,,,,,7.095,,,,,25.3,,,,,0.101,,,,
,15,,,,,7.187,,,,,25.3,,,,,0.092,,,,
,16,,,,,7.278,,,,,25.3,,,,,0.091,,,,
,17,,,,,7.358,,,,,25.3,,,,,0.080,,,,
,18,,,,,7.430,,,,,25.3,,,,,0.072,,,,
,19,,,,,7.496,,,,,25.4,,,,,0.066,,,,
,20,,,,,7.556,,,,,25.4,,,,,0.060,,,,
,21,,,,,7.602,,,,,25.4,,,,,0.046,,,,
,22,,,,,7.648,,,,,25.4,,,,,0.046,,,,
,23,,,,,7.691,,,,,25.4,,,,,0.043,,,,
,24,,,,,7.731,,,,,25.4,,,,,0.040,,,,
,25,,,,,7.766,,,,,25.4,,,,,0.035,,,,
,26,,,,,7.798,,,,,25.4,,,,,0.032,,,,
,27,,,,,7.828,,,,,25.4,,,,,0.030,,,,
,28,,,,,7.852,,,,,25.4,,,,,0.024,,,,
,29,,,,,7.877,,,,,25.4,,,,,0.025,,,,
,30,,,,,7.900,,,,,25.4,,,,,0.023,,,,
,31,,,,,7.920,,,,,25.4,,,,,0.020,,,,
,32,,,,,7.938,,,,,25.4,,,,,0.018,,,,
,33,,,,,7.955,,,,,25.4,,,,,0.017,,,,
,34,,,,,7.968,,,,,25.4,,,,,0.013,,,,
,35,,,,,7.981,,,,,25.4,,,,,0.013,,,,
,36,,,,,7.994,,,,,25.4,,,,,0.013,,,,
,37,,,,,8.006,,,,,25.4,,,,,0.012,,,,
,38,,,,,8.016,,,,,25.4,,,,,0.010,,,,
,39,,,,,8.026,,,,,25.4,,,,,0.010,,,,
,40,,,,,8.034,,,,,25.4,,,,,0.008,,,,
,41,,,,,8.042,,,,,25.4,,,,,0.008,,,,
,42,,,,,8.048,,,,,25.4,,,,,0.006,,,,
,43,,,,,8.054,,,,,25.4,,,,,0.006,,,,
,44,,,,,8.060,,,,,25.4,,,,,0.006,,,,
,45,,,,,8.065,,,,,25.4,,,,,0.005,,,,
,46,,,,,8.069,,,,,25.4,,,,,0.004,,,,
,47,,,,,8.073,,,,,25.4,,,,,0.004,,,,
,48,,,,,8.077,,,,,25.4,,,,,0.004,,,,
,49,,,,,8.080,,,,,25.4,,,,,0.003,,,,
,50,,,,,8.083,,,,,25.4,,,,,0.003,,,,
,51,,,,,8.086,,,,,25.4,,,,,0.003,,,,
,52,,,,,8.089,,,,,25.4,,,,,0.003,,,,
,53,,,,,8.091,,,,,25.4,,,,,0.002,,,,
,54,,,,,8.094,,,,,25.4,,,,,0.003,,,,
,55,,,,,8.096,,,,,25.4,,,,,0.002,,,,
,56,,,,,8.098,,,,,25.4,,,,,0.002,,,,
,57,,,,,8.099,,,,,25.4,,,,,0.001,,,,
,58,,,,,8.101,,,,,25.4,,,,,0.002,,,,
,59,,,,,8.103,,,,,25.4,,,,,0.002,,,,
,60,,,,,8.104,,,,,25.4,,,,,0.001,,,,
Titration (EQP) [1],,,,,,,,"Scope 1/1, Sample 7/66",,,,,,,,,,,,
Measured Values,,,,,"Scope 1/1, Sample 7/66",,,,,,,,,,,,,,,
,Time,,V,,,Meas. value,,,dV,,Temp.,,,dE,,,dE/dV,,,EQP
,[s],,[mL],,,[pH],,,[mL],,[°C],,,[pH],,,[pH/mL],,,
,0,,0.00000,,,8.106,,,,,25.4,,,,,,,,,
,29,,0.08575,,,7.574,,,0.08575,,25.4,,,-0.532,,,,,,
,59,,0.12850,,,7.278,,,0.04275,,25.4,,,-0.296,,,,,,
,89,,0.15000,,,7.140,,,0.02150,,25.4,,,-0.138,,,,,,
,180,,0.17250,,,7.032,,,0.02250,,25.4,,,-0.108,,,,,,
,210,,0.21150,,,6.931,,,0.03900,,25.4,,,-0.101,,,-3.29,,,
,240,,0.26150,,,6.808,,,0.05000,,25.4,,,-0.123,,,-2.50,,,
,270,,0.31150,,,6.688,,,0.05000,,25.4,,,-0.120,,,-2.24,,,
,301,,0.36150,,,6.568,,,0.05000,,25.4,,,-0.120,,,-2.17,,,
,331,,0.41150,,,6.462,,,0.05000,,25.4,,,-0.106,,,-2.12,,,
,361,,0.46150,,,6.359,,,0.05000,,25.4,,,-0.103,,,-1.99,,,
,391,,0.51150,,,6.273,,,0.05000,,25.4,,,-0.086,,,-1.87,,,
,422,,0.56150,,,6.164,,,0.05000,,25.4,,,-0.109,,,-1.78,,,
,452,,0.61150,,,6.081,,,0.05000,,25.4,,,-0.083,,,-1.74,,,
,482,,0.66150,,,6.003,,,0.05000,,25.4,,,-0.078,,,-1.75,,,
,512,,0.71150,,,5.906,,,0.05000,,25.4,,,-0.097,,,-1.83,,,
,543,,0.76150,,,5.813,,,0.05000,,25.4,,,-0.093,,,-2.01,,,
,573,,0.81150,,,5.699,,,0.05000,,25.4,,,-0.114,,,-2.40,,,
,603,,0.86150,,,5.573,,,0.05000,,25.4,,,-0.126,,,-3.00,,,
,633,,0.91150,,,5.411,,,0.05000,,25.4,,,-0.162,,,-4.00,,,
,664,,0.94700,,,5.260,,,0.03550,,25.4,,,-0.151,,,-5.13,,,
,694,,0.97125,,,5.134,,,0.02425,,25.4,,,-0.126,,,-6.11,,,
,724,,0.99275,,,4.993,,,0.02150,,25.4,,,-0.141,,,-7.14,,,
,754,,1.00925,,,4.864,,,0.01650,,25.4,,,-0.129,,,-7.96,,,
,784,,1.02375,,,4.733,,,0.01450,,25.4,,,-0.131,,,-8.87,,,
,,,1.036386 ???,,,4.606 ???,,,,,,,,,,,,,,EQP
,815,,1.03675,,,4.602,,,0.01300,,25.4,,,-0.131,,,-9.48,,,
,845,,1.04900,,,4.480,,,0.01225,,25.4,,,-0.122,,,-9.08,,,
,875,,1.06275,,,4.352,,,0.01375,,25.4,,,-0.128,,,-8.10,,,
,906,,1.07850,,,4.223,,,0.01575,,25.4,,,-0.129,,,-7.19,,,
,936,,1.09700,,,4.099,,,0.01850,,25.4,,,-0.124,,,-6.24,,,
,966,,1.12200,,,3.966,,,0.02500,,25.4,,,-0.133,,,-5.08,,,
,996,,1.15450,,,3.834,,,0.03250,,25.4,,,-0.132,,,-3.92,,,
,1026,,1.19825,,,3.699,,,0.04375,,25.4,,,-0.135,,,-2.86,,,
,1057,,1.24825,,,3.584,,,0.05000,,25.4,,,-0.115,,,-2.12,,,
,1087,,1.29825,,,3.490,,,0.05000,,25.4,,,-0.094,,,-1.67,,,
,1117,,1.34825,,,3.414,,,0.05000,,25.4,,,-0.076,,,-1.39,,,
,1147,,1.39825,,,3.349,,,0.05000,,25.4,,,-0.065,,,-1.20,,,
,1178,,1.44825,,,3.291,,,0.05000,,25.4,,,-0.058,,,-1.06,,,
,1208,,1.49825,,,3.241,,,0.05000,,25.4,,,-0.050,,,-0.94,,,
,1238,,1.54825,,,3.196,,,0.05000,,25.4,,,-0.045,,,-0.85,,,
,1268,,1.59825,,,3.155,,,0.05000,,25.4,,,-0.041,,,-0.78,,,
,1299,,1.64825,,,3.118,,,0.05000,,25.4,,,-0.037,,,,,,
,1329,,1.69825,,,3.084,,,0.05000,,25.4,,,-0.034,,,,,,
,1359,,1.74825,,,3.052,,,0.05000,,25.4,,,-0.032,,,,,,
,1389,,1.79825,,,3.022,,,0.05000,,25.4,,,-0.030,,,,,,
,1420,,1.84825,,,2.995,,,0.05000,,25.4,,,-0.027,,,,,,
Measure (normal) [1],,,,,,,,"Scope 1/1, Sample 8/66",,,,,,,,,,,,
Measured Values,,,,,"Scope 1/1, Sample 8/66",,,,,,,,,,,,,,,
,Time,,,,,Meas. value,,,,,Temp.,,,,,dE,,,,
,[s],,,,,[pH],,,,,[°C],,,,,[pH],,,,
,1,,,,,5.216,,,,,23.9,,,,,,,,,
,2,,,,,4.972,,,,,24.0,,,,,-0.244,,,,
,3,,,,,4.816,,,,,24.2,,,,,-0.156,,,,
,4,,,,,4.738,,,,,24.4,,,,,-0.078,,,,
,5,,,,,4.701,,,,,24.6,,,,,-0.037,,,,
,6,,,,,4.680,,,,,24.8,,,,,-0.021,,,,
,7,,,,,4.671,,,,,24.9,,,,,-0.009,,,,
,8,,,,,4.667,,,,,25.0,,,,,-0.004,,,,
,9,,,,,4.664,,,,,25.1,,,,,-0.003,,,,
,10,,,,,4.663,,,,,25.1,,,,,-0.001,,,,
,11,,,,,4.662,,,,,25.2,,,,,-0.001,,,,
,12,,,,,4.662,,,,,25.2,,,,,0.000,,,,
,13,,,,,4.661,,,,,25.3,,,,,-0.001,,,,
,14,,,,,4.661,,,,,25.3,,,,,0.000,,,,
,15,,,,,4.660,,,,,25.3,,,,,-0.001,,,,
,16,,,,,4.659,,,,,25.3,,,,,-0.001,,,,
,17,,,,,4.659,,,,,25.3,,,,,0.000,,,,
,18,,,,,4.657,,,,,25.3,,,,,-0.002,,,,
,19,,,,,4.656,,,,,25.4,,,,,-0.001,,,,
,20,,,,,4.656,,,,,25.4,,,,,0.000,,,,
,21,,,,,4.655,,,,,25.4,,,,,-0.001,,,,
,22,,,,,4.654,,,,,25.4,,,,,-0.001,,,,
,23,,,,,4.653,,,,,25.4,,,,,-0.001,,,,
,24,,,,,4.652,,,,,25.4,,,,,-0.001,,,,
,25,,,,,4.651,,,,,25.4,,,,,-0.001,,,,
,26,,,,,4.650,,,,,25.4,,,,,-0.001,,,,
,27,,,,,4.649,,,,,25.4,,,,,-0.001,,,,
,28,,,,,4.648,,,,,25.4,,,,,-0.001,,,,
,29,,,,,4.647,,,,,25.4,,,,,-0.001,,,,
,30,,,,,4.646,,,,,25.4,,,,,-0.001,,,,
,31,,,,,4.644,,,,,25.4,,,,,-0.002,,,,
,32,,,,,4.644,,,,,25.4,,,,,0.000,,,,
,33,,,,,4.643,,,,,25.4,,,,,-0.001,,,,
,34,,,,,4.642,,,,,25.4,,,,,-0.001,,,,
,35,,,,,4.642,,,,,25.4,,,,,0.000,,,,
,36,,,,,4.641,,,,,25.4,,,,,-0.001,,,,
,37,,,,,4.640,,,,,25.4,,,,,-0.001,,,,
,38,,,,,4.639,,,,,25.4,,,,,-0.001,,,,
,39,,,,,4.637,,,,,25.4,,,,,-0.002,,,,
,40,,,,,4.637,,,,,25.4,,,,,0.000,,,,
,41,,,,,4.636,,,,,25.4,,,,,-0.001,,,,
,42,,,,,4.635,,,,,25.4,,,,,-0.001,,,,
,43,,,,,4.635,,,,,25.4,,,,,0.000,,,,
,44,,,,,4.634,,,,,25.4,,,,,-0.001,,,,
,45,,,,,4.633,,,,,25.4,,,,,-0.001,,,,
,46,,,,,4.633,,,,,25.4,,,,,0.000,,,,
,47,,,,,4.632,,,,,25.4,,,,,-0.001,,,,
,48,,,,,4.631,,,,,25.4,,,,,-0.001,,,,
,49,,,,,4.631,,,,,25.4,,,,,0.000,,,,
,50,,,,,4.631,,,,,25.4,,,,,0.000,,,,
,51,,,,,4.630,,,,,25.4,,,,,-0.001,,,,
,52,,,,,4.629,,,,,25.4,,,,,-0.001,,,,
,53,,,,,4.628,,,,,25.4,,,,,-0.001,,,,
,54,,,,,4.628,,,,,25.4,,,,,0.000,,,,
,55,,,,,4.627,,,,,25.4,,,,,-0.001,,,,
,56,,,,,4.626,,,,,25.4,,,,,-0.001,,,,
,57,,,,,4.626,,,,,25.4,,,,,0.000,,,,
,58,,,,,4.626,,,,,25.4,,,,,0.000,,,,
,59,,,,,4.625,,,,,25.4,,,,,-0.001,,,,
,60,,,,,4.625,,,,,25.4,,,,,0.000,,,,
Titration (EQP) [1],,,,,,,,"Scope 1/1, Sample 8/66",,,,,,,,,,,,
Measured Values,,,,,"Scope 1/1, Sample 8/66",,,,,,,,,,,,,,,
,Time,,,V,,,Meas. value,,,dV,,,Temp.,,dE,,,,dE/dV,
,[s],,,[mL],,,[pH],,,[mL],,,[°C],,[pH],,,,[pH/mL],
,0,,,0.00000,,,4.624,,,,,,25.4,,,,,,,
,28,,,0.08575,,,3.864,,,0.08575,,,25.4,,-0.760,,,,,
,58,,,0.12850,,,3.700,,,0.04275,,,25.4,,-0.164,,,,,
,88,,,0.15000,,,3.632,,,0.02150,,,25.4,,-0.068,,,,,
,179,,,0.20000,,,3.503,,,0.05000,,,25.4,,-0.129,,,,,
,209,,,0.25000,,,3.410,,,0.05000,,,25.4,,-0.093,,,,-1.48,
,239,,,0.30000,,,3.332,,,0.05000,,,25.4,,-0.078,,,,-1.42,
,269,,,0.35000,,,3.266,,,0.05000,,,25.4,,-0.066,,,,-1.21,
,300,,,0.40000,,,3.208,,,0.05000,,,25.4,,-0.058,,,,-1.05,
,330,,,0.45000,,,3.158,,,0.05000,,,25.4,,-0.050,,,,,
,360,,,0.50000,,,3.112,,,0.05000,,,25.4,,-0.046,,,,,
,390,,,0.55000,,,3.071,,,0.05000,,,25.4,,-0.041,,,,,
,421,,,0.60000,,,3.034,,,0.05000,,,25.4,,-0.037,,,,,
,451,,,0.65000,,,3.000,,,0.05000,,,25.4,,-0.034,,,,,
Measure (normal) [1],,,,,,,,"Scope 1/1, Sample 9/66",,,,,,,,,,,,
Measured Values,,,,,"Scope 1/1, Sample 9/66",,,,,,,,,,,,,,,
,Time,,,,,Meas. value,,,,,Temp.,,,,,dE,,,,
,[s],,,,,[pH],,,,,[°C],,,,,[pH],,,,
,1,,,,,4.174,,,,,24.2,,,,,,,,,
,2,,,,,4.213,,,,,24.3,,,,,0.039,,,,
,3,,,,,4.299,,,,,24.5,,,,,0.086,,,,
,4,,,,,4.360,,,,,24.6,,,,,0.061,,,,
,5,,,,,4.400,,,,,24.8,,,,,0.040,,,,
,6,,,,,4.426,,,,,24.9,,,,,0.026,,,,
,7,,,,,4.446,,,,,25.0,,,,,0.020,,,,
,8,,,,,4.459,,,,,25.1,,,,,0.013,,,,
,9,,,,,4.471,,,,,25.2,,,,,0.012,,,,
,10,,,,,4.480,,,,,25.2,,,,,0.009,,,,
,11,,,,,4.486,,,,,25.2,,,,,0.006,,,,
,12,,,,,4.491,,,,,25.3,,,,,0.005,,,,
,13,,,,,4.494,,,,,25.3,,,,,0.003,,,,
,14,,,,,4.498,,,,,25.3,,,,,0.004,,,,
,15,,,,,4.500,,,,,25.3,,,,,0.002,,,,
,16,,,,,4.501,,,,,25.3,,,,,0.001,,,,
,17,,,,,4.503,,,,,25.4,,,,,0.002,,,,
,18,,,,,4.505,,,,,25.4,,,,,0.002,,,,
,19,,,,,4.506,,,,,25.4,,,,,0.001,,,,
,20,,,,,4.507,,,,,25.4,,,,,0.001,,,,
,21,,,,,4.507,,,,,25.4,,,,,0.000,,,,
,22,,,,,4.508,,,,,25.4,,,,,0.001,,,,
,23,,,,,4.509,,,,,25.4,,,,,0.001,,,,
,24,,,,,4.509,,,,,25.4,,,,,0.000,,,,
,25,,,,,4.509,,,,,25.4,,,,,0.000,,,,
,26,,,,,4.510,,,,,25.4,,,,,0.001,,,,
,27,,,,,4.510,,,,,25.4,,,,,0.000,,,,
,28,,,,,4.511,,,,,25.4,,,,,0.001,,,,
,29,,,,,4.511,,,,,25.4,,,,,0.000,,,,
,30,,,,,4.511,,,,,25.4,,,,,0.000,,,,
,31,,,,,4.511,,,,,25.4,,,,,0.000,,,,
,32,,,,,4.512,,,,,25.4,,,,,0.001,,,,
,33,,,,,4.512,,,,,25.4,,,,,0.000,,,,
,34,,,,,4.512,,,,,25.4,,,,,0.000,,,,
,35,,,,,4.512,,,,,25.4,,,,,0.000,,,,
,36,,,,,4.512,,,,,25.4,,,,,0.000,,,,
,37,,,,,4.512,,,,,25.4,,,,,0.000,,,,
,38,,,,,4.512,,,,,25.4,,,,,0.000,,,,
,39,,,,,4.512,,,,,25.4,,,,,0.000,,,,
,40,,,,,4.512,,,,,25.4,,,,,0.000,,,,
,41,,,,,4.512,,,,,25.4,,,,,0.000,,,,
,42,,,,,4.513,,,,,25.4,,,,,0.001,,,,
,43,,,,,4.513,,,,,25.4,,,,,0.000,,,,
,44,,,,,4.513,,,,,25.4,,,,,0.000,,,,
,45,,,,,4.513,,,,,25.4,,,,,0.000,,,,
,46,,,,,4.513,,,,,25.4,,,,,0.000,,,,
,47,,,,,4.513,,,,,25.4,,,,,0.000,,,,
,48,,,,,4.513,,,,,25.4,,,,,0.000,,,,
,49,,,,,4.513,,,,,25.4,,,,,0.000,,,,
,50,,,,,4.513,,,,,25.4,,,,,0.000,,,,
,51,,,,,4.513,,,,,25.4,,,,,0.000,,,,
,52,,,,,4.513,,,,,25.4,,,,,0.000,,,,
,53,,,,,4.513,,,,,25.4,,,,,0.000,,,,
,54,,,,,4.513,,,,,25.4,,,,,0.000,,,,
,55,,,,,4.513,,,,,25.4,,,,,0.000,,,,
,56,,,,,4.513,,,,,25.4,,,,,0.000,,,,
,57,,,,,4.513,,,,,25.4,,,,,0.000,,,,
,58,,,,,4.513,,,,,25.4,,,,,0.000,,,,
,59,,,,,4.513,,,,,25.4,,,,,0.000,,,,
,60,,,,,4.513,,,,,25.4,,,,,0.000,,,,
Titration (EQP) [1],,,,,,,,"Scope 1/1, Sample 9/66",,,,,,,,,,,,
Measured Values,,,,,"Scope 1/1, Sample 9/66",,,,,,,,,,,,,,,
,Time,,,V,,,Meas. value,,,dV,,,Temp.,,dE,,,,dE/dV,
,[s],,,[mL],,,[pH],,,[mL],,,[°C],,[pH],,,,[pH/mL],
,0,,,0.00000,,,4.513,,,,,,25.4,,,,,,,
,28,,,0.08575,,,3.818,,,0.08575,,,25.4,,-0.695,,,,,
,58,,,0.12850,,,3.667,,,0.04275,,,25.4,,-0.151,,,,,
,88,,,0.15000,,,3.606,,,0.02150,,,25.4,,-0.061,,,,,
,179,,,0.20000,,,3.490,,,0.05000,,,25.4,,-0.116,,,,,
,209,,,0.25000,,,3.399,,,0.05000,,,25.4,,-0.091,,,,-1.41,
,239,,,0.30000,,,3.324,,,0.05000,,,25.4,,-0.075,,,,-1.36,
,269,,,0.35000,,,3.260,,,0.05000,,,25.4,,-0.064,,,,-1.18,
,300,,,0.40000,,,3.205,,,0.05000,,,25.4,,-0.055,,,,-1.03,
,330,,,0.45000,,,3.156,,,0.05000,,,25.4,,-0.049,,,,-0.92,
,360,,,0.50000,,,3.112,,,0.05000,,,25.4,,-0.044,,,,,
,390,,,0.55000,,,3.072,,,0.05000,,,25.4,,-0.040,,,,,
,421,,,0.60000,,,3.036,,,0.05000,,,25.4,,-0.036,,,,,
,451,,,0.65000,,,3.003,,,0.05000,,,25.3,,-0.033,,,,,
,481,,,0.70000,,,2.972,,,0.05000,,,25.3,,-0.031,,,,,
Measure (normal) [1],,,,,,,,"Scope 1/1, Sample 10/66",,,,,,,,,,,,
Measured Values,,,,,"Scope 1/1, Sample 10/66",,,,,,,,,,,,,,,
,Time,,,,,Meas. value,,,,,Temp.,,,,,dE,,,,
,[s],,,,,[pH],,,,,[°C],,,,,[pH],,,,
,1,,,,,4.962,,,,,24.0,,,,,,,,,
,2,,,,,5.862,,,,,24.2,,,,,0.900,,,,
,3,,,,,6.426,,,,,24.4,,,,,0.564,,,,
,4,,,,,6.718,,,,,24.6,,,,,0.292,,,,
,5,,,,,6.870,,,,,24.7,,,,,0.152,,,,
,6,,,,,6.955,,,,,24.9,,,,,0.085,,,,
,7,,,,,6.999,,,,,25.0,,,,,0.044,,,,
,8,,,,,7.025,,,,,25.1,,,,,0.026,,,,
,9,,,,,7.045,,,,,25.1,,,,,0.020,,,,
,10,,,,,7.059,,,,,25.2,,,,,0.014,,,,
,11,,,,,7.069,,,,,25.2,,,,,0.010,,,,
,12,,,,,7.076,,,,,25.3,,,,,0.007,,,,
,13,,,,,7.083,,,,,25.3,,,,,0.007,,,,
,14,,,,,7.087,,,,,25.3,,,,,0.004,,,,
,15,,,,,7.089,,,,,25.3,,,,,0.002,,,,
,16,,,,,7.090,,,,,25.4,,,,,0.001,,,,
,17,,,,,7.091,,,,,25.4,,,,,0.001,,,,
,18,,,,,7.094,,,,,25.4,,,,,0.003,,,,
,19,,,,,7.097,,,,,25.4,,,,,0.003,,,,
,20,,,,,7.101,,,,,25.4,,,,,0.004,,,,
,21,,,,,7.104,,,,,25.4,,,,,0.003,,,,
,22,,,,,7.107,,,,,25.4,,,,,0.003,,,,
,23,,,,,7.110,,,,,25.4,,,,,0.003,,,,
,24,,,,,7.114,,,,,25.4,,,,,0.004,,,,
,25,,,,,7.116,,,,,25.4,,,,,0.002,,,,
,26,,,,,7.119,,,,,25.4,,,,,0.003,,,,
,27,,,,,7.120,,,,,25.4,,,,,0.001,,,,
,28,,,,,7.123,,,,,25.4,,,,,0.003,,,,
,29,,,,,7.124,,,,,25.4,,,,,0.001,,,,
,30,,,,,7.126,,,,,25.4,,,,,0.002,,,,
,31,,,,,7.128,,,,,25.4,,,,,0.002,,,,
,32,,,,,7.130,,,,,25.4,,,,,0.002,,,,
,33,,,,,7.132,,,,,25.4,,,,,0.002,,,,
,34,,,,,7.133,,,,,25.4,,,,,0.001,,,,
,35,,,,,7.134,,,,,25.4,,,,,0.001,,,,
,36,,,,,7.136,,,,,25.4,,,,,0.002,,,,
,37,,,,,7.137,,,,,25.4,,,,,0.001,,,,
,38,,,,,7.138,,,,,25.4,,,,,0.001,,,,
,39,,,,,7.140,,,,,25.4,,,,,0.002,,,,
,40,,,,,7.141,,,,,25.4,,,,,0.001,,,,
,41,,,,,7.142,,,,,25.4,,,,,0.001,,,,
,42,,,,,7.143,,,,,25.4,,,,,0.001,,,,
,43,,,,,7.144,,,,,25.4,,,,,0.001,,,,
,44,,,,,7.145,,,,,25.4,,,,,0.001,,,,
,45,,,,,7.145,,,,,25.4,,,,,0.000,,,,
,46,,,,,7.147,,,,,25.4,,,,,0.002,,,,
,47,,,,,7.148,,,,,25.4,,,,,0.001,,,,
,48,,,,,7.149,,,,,25.4,,,,,0.001,,,,
,49,,,,,7.150,,,,,25.4,,,,,0.001,,,,
,50,,,,,7.150,,,,,25.4,,,,,0.000,,,,
,51,,,,,7.152,,,,,25.4,,,,,0.002,,,,
,52,,,,,7.152,,,,,25.4,,,,,0.000,,,,
,53,,,,,7.153,,,,,25.4,,,,,0.001,,,,
,54,,,,,7.154,,,,,25.4,,,,,0.001,,,,
,55,,,,,7.155,,,,,25.4,,,,,0.001,,,,
,56,,,,,7.156,,,,,25.4,,,,,0.001,,,,
,57,,,,,7.156,,,,,25.4,,,,,0.000,,,,
,58,,,,,7.157,,,,,25.4,,,,,0.001,,,,
,59,,,,,7.158,,,,,25.4,,,,,0.001,,,,
,60,,,,,7.159,,,,,25.4,,,,,0.001,,,,
Titration (EQP) [1],,,,,,,,"Scope 1/1, Sample 10/66",,,,,,,,,,,,
Measured Values,,,,,"Scope 1/1, Sample 10/66",,,,,,,,,,,,,,,
,Time,,V,,,Meas. value,,,dV,,Temp.,,,dE,,,dE/dV,,,EQP
,[s],,[mL],,,[pH],,,[mL],,[°C],,,[pH],,,[pH/mL],,,
,0,,0.00000,,,7.160,,,,,25.4,,,,,,,,,
,28,,0.08575,,,7.118,,,0.08575,,25.4,,,-0.042,,,,,,
,58,,0.12850,,,7.105,,,0.04275,,25.4,,,-0.013,,,,,,
,88,,0.15000,,,7.108,,,0.02150,,25.4,,,0.003,,,,,,
,179,,0.20000,,,7.122,,,0.05000,,25.4,,,0.014,,,,,,
,209,,0.25000,,,7.098,,,0.05000,,25.4,,,-0.024,,,-0.17,,,
,239,,0.30000,,,7.086,,,0.05000,,25.4,,,-0.012,,,-0.29,,,
,270,,0.35000,,,7.071,,,0.05000,,25.4,,,-0.015,,,-0.36,,,
,300,,0.40000,,,7.052,,,0.05000,,25.4,,,-0.019,,,-0.37,,,
,330,,0.45000,,,7.035,,,0.05000,,25.4,,,-0.017,,,-0.34,,,
,360,,0.50000,,,7.018,,,0.05000,,25.4,,,-0.017,,,-0.34,,,
,390,,0.55000,,,7.000,,,0.05000,,25.4,,,-0.018,,,-0.32,,,
,421,,0.60000,,,6.985,,,0.05000,,25.4,,,-0.015,,,-0.30,,,
,451,,0.65000,,,6.971,,,0.05000,,25.4,,,-0.014,,,-0.29,,,
,481,,0.70000,,,6.958,,,0.05000,,25.4,,,-0.013,,,-0.29,,,
,512,,0.75000,,,6.942,,,0.05000,,25.4,,,-0.016,,,-0.30,,,
,542,,0.80000,,,6.926,,,0.05000,,25.4,,,-0.016,,,-0.30,,,
,572,,0.85000,,,6.911,,,0.05000,,25.4,,,-0.015,,,-0.31,,,
,602,,0.90000,,,6.896,,,0.05000,,25.4,,,-0.015,,,-0.30,,,
,632,,0.95000,,,6.882,,,0.05000,,25.4,,,-0.014,,,-0.29,,,
,663,,1.00000,,,6.867,,,0.05000,,25.4,,,-0.015,,,-0.28,,,
,693,,1.05000,,,6.853,,,0.05000,,25.4,,,-0.014,,,-0.28,,,
,723,,1.10000,,,6.840,,,0.05000,,25.4,,,-0.013,,,-0.27,,,
,753,,1.15000,,,6.826,,,0.05000,,25.4,,,-0.014,,,-0.26,,,
,784,,1.20000,,,6.814,,,0.05000,,25.4,,,-0.012,,,-0.25,,,
,814,,1.25000,,,6.801,,,0.05000,,25.4,,,-0.013,,,-0.25,,,
,844,,1.30000,,,6.789,,,0.05000,,25.4,,,-0.012,,,-0.24,,,
,874,,1.35000,,,6.777,,,0.05000,,25.4,,,-0.012,,,-0.24,,,
,905,,1.40000,,,6.765,,,0.05000,,25.4,,,-0.012,,,-0.24,,,
,935,,1.45000,,,6.753,,,0.05000,,25.4,,,-0.012,,,-0.23,,,
,965,,1.50000,,,6.742,,,0.05000,,25.3,,,-0.011,,,-0.23,,,
,995,,1.55000,,,6.730,,,0.05000,,25.3,,,-0.012,,,-0.23,,,
,1026,,1.60000,,,6.719,,,0.05000,,25.4,,,-0.011,,,-0.23,,,
,1056,,1.65000,,,6.707,,,0.05000,,25.4,,,-0.012,,,-0.23,,,
,1086,,1.70000,,,6.696,,,0.05000,,25.3,,,-0.011,,,-0.22,,,
,1116,,1.75000,,,6.685,,,0.05000,,25.4,,,-0.011,,,-0.22,,,
,1147,,1.80000,,,6.674,,,0.05000,,25.4,,,-0.011,,,-0.22,,,
,1177,,1.85000,,,6.663,,,0.05000,,25.4,,,-0.011,,,-0.22,,,
,1207,,1.90000,,,6.652,,,0.05000,,25.4,,,-0.011,,,-0.22,,,
,1237,,1.95000,,,6.641,,,0.05000,,25.4,,,-0.011,,,-0.21,,,
,1268,,2.00000,,,6.631,,,0.05000,,25.4,,,-0.010,,,-0.21,,,
,1298,,2.05000,,,6.621,,,0.05000,,25.4,,,-0.010,,,-0.21,,,
,1328,,2.10000,,,6.610,,,0.05000,,25.4,,,-0.011,,,-0.21,,,
,1358,,2.15000,,,6.600,,,0.05000,,25.4,,,-0.010,,,-0.21,,,
,1389,,2.20000,,,6.590,,,0.05000,,25.3,,,-0.010,,,-0.21,,,
,1419,,2.25000,,,6.579,,,0.05000,,25.3,,,-0.011,,,-0.21,,,
,1449,,2.30000,,,6.569,,,0.05000,,25.3,,,-0.010,,,-0.21,,,
,1479,,2.35000,,,6.559,,,0.05000,,25.3,,,-0.010,,,-0.21,,,
,1510,,2.40000,,,6.548,,,0.05000,,25.3,,,-0.011,,,-0.21,,,
,1540,,2.45000,,,6.538,,,0.05000,,25.3,,,-0.010,,,-0.20,,,
,1570,,2.50000,,,6.528,,,0.05000,,25.4,,,-0.010,,,-0.20,,,
,1600,,2.55000,,,6.518,,,0.05000,,25.4,,,-0.010,,,-0.20,,,
,1630,,2.60000,,,6.508,,,0.05000,,25.4,,,-0.010,,,-0.20,,,
,1661,,2.65000,,,6.498,,,0.05000,,25.4,,,-0.010,,,-0.21,,,
,1691,,2.70000,,,6.487,,,0.05000,,25.4,,,-0.011,,,-0.21,,,
,1721,,2.75000,,,6.477,,,0.05000,,25.4,,,-0.010,,,-0.21,,,
,1751,,2.80000,,,6.466,,,0.05000,,25.4,,,-0.011,,,-0.21,,,
,1782,,2.85000,,,6.456,,,0.05000,,25.4,,,-0.010,,,-0.21,,,
,1812,,2.90000,,,6.446,,,0.05000,,25.4,,,-0.010,,,-0.21,,,
,1842,,2.95000,,,6.435,,,0.05000,,25.4,,,-0.011,,,-0.21,,,
,1872,,3.00000,,,6.425,,,0.05000,,25.4,,,-0.010,,,-0.21,,,
,1903,,3.05000,,,6.414,,,0.05000,,25.4,,,-0.011,,,-0.21,,,
,1933,,3.10000,,,6.404,,,0.05000,,25.4,,,-0.010,,,-0.21,,,
,1963,,3.15000,,,6.393,,,0.05000,,25.3,,,-0.011,,,-0.21,,,
,1993,,3.20000,,,6.382,,,0.05000,,25.3,,,-0.011,,,-0.22,,,
,2024,,3.25000,,,6.371,,,0.05000,,25.3,,,-0.011,,,-0.22,,,
,2054,,3.30000,,,6.360,,,0.05000,,25.3,,,-0.011,,,-0.22,,,
,2084,,3.35000,,,6.349,,,0.05000,,25.3,,,-0.011,,,-0.22,,,
,2114,,3.40000,,,6.337,,,0.05000,,25.3,,,-0.012,,,-0.23,,,
,2144,,3.45000,,,6.326,,,0.05000,,25.3,,,-0.011,,,-0.23,,,
,2175,,3.50000,,,6.315,,,0.05000,,25.3,,,-0.011,,,-0.23,,,
,2205,,3.55000,,,6.303,,,0.05000,,25.3,,,-0.012,,,-0.23,,,
,2235,,3.60000,,,6.291,,,0.05000,,25.3,,,-0.012,,,-0.24,,,
,2266,,3.65000,,,6.279,,,0.05000,,25.3,,,-0.012,,,-0.24,,,
,2296,,3.70000,,,6.267,,,0.05000,,25.3,,,-0.012,,,-0.25,,,
,2326,,3.75000,,,6.254,,,0.05000,,25.3,,,-0.013,,,-0.25,,,
,2356,,3.80000,,,6.241,,,0.05000,,25.3,,,-0.013,,,-0.26,,,
,2386,,3.85000,,,6.229,,,0.05000,,25.3,,,-0.012,,,-0.26,,,
,2417,,3.90000,,,6.215,,,0.05000,,25.3,,,-0.014,,,-0.27,,,
,2447,,3.95000,,,6.202,,,0.05000,,25.3,,,-0.013,,,-0.27,,,
,2477,,4.00000,,,6.189,,,0.05000,,25.3,,,-0.013,,,-0.27,,,
,2507,,4.05000,,,6.174,,,0.05000,,25.3,,,-0.015,,,-0.28,,,
,2538,,4.10000,,,6.160,,,0.05000,,25.3,,,-0.014,,,-0.29,,,
,2568,,4.15000,,,6.146,,,0.05000,,25.3,,,-0.014,,,-0.30,,,
,2598,,4.20000,,,6.131,,,0.05000,,25.3,,,-0.015,,,-0.30,,,
,2628,,4.25000,,,6.115,,,0.05000,,25.3,,,-0.016,,,-0.31,,,
,2659,,4.30000,,,6.100,,,0.05000,,25.3,,,-0.015,,,-0.32,,,
,2689,,4.35000,,,6.083,,,0.05000,,25.3,,,-0.017,,,-0.33,,,
,2719,,4.40000,,,6.067,,,0.05000,,25.3,,,-0.016,,,-0.34,,,
,2749,,4.45000,,,6.049,,,0.05000,,25.3,,,-0.018,,,-0.35,,,
,2780,,4.50000,,,6.032,,,0.05000,,25.3,,,-0.017,,,-0.36,,,
,2810,,4.55000,,,6.013,,,0.05000,,25.3,,,-0.019,,,-0.38,,,
,2840,,4.60000,,,5.994,,,0.05000,,25.3,,,-0.019,,,-0.39,,,
,2870,,4.65000,,,5.974,,,0.05000,,25.3,,,-0.020,,,-0.41,,,
,2900,,4.70000,,,5.953,,,0.05000,,25.3,,,-0.021,,,-0.42,,,
,2931,,4.75000,,,5.931,,,0.05000,,25.3,,,-0.022,,,-0.44,,,
,2961,,4.80000,,,5.910,,,0.05000,,25.3,,,-0.021,,,-0.45,,,
,2991,,4.85000,,,5.886,,,0.05000,,25.3,,,-0.024,,,-0.49,,,
,3021,,4.90000,,,5.861,,,0.05000,,25.3,,,-0.025,,,-0.52,,,
,3052,,4.95000,,,5.836,,,0.05000,,25.3,,,-0.025,,,-0.55,,,
,3082,,5.00000,,,5.806,,,0.05000,,25.3,,,-0.030,,,-0.58,,,
,3112,,5.05000,,,5.772,,,0.05000,,25.3,,,-0.034,,,-0.60,,,
,3142,,5.10000,,,5.747,,,0.05000,,25.3,,,-0.025,,,-0.63,,,
,3173,,5.15000,,,5.714,,,0.05000,,25.3,,,-0.033,,,-0.67,,,
,3203,,5.20000,,,5.678,,,0.05000,,25.3,,,-0.036,,,-0.72,,,
,3233,,5.25000,,,5.640,,,0.05000,,25.3,,,-0.038,,,-0.80,,,
,3263,,5.30000,,,5.598,,,0.05000,,25.3,,,-0.042,,,-0.89,,,
,3294,,5.35000,,,5.551,,,0.05000,,25.3,,,-0.047,,,-0.97,,,
,3324,,5.40000,,,5.499,,,0.05000,,25.3,,,-0.052,,,-1.09,,,
,3354,,5.45000,,,5.441,,,0.05000,,25.3,,,-0.058,,,-1.22,,,
,3384,,5.50000,,,5.374,,,0.05000,,25.3,,,-0.067,,,-1.41,,,
,3414,,5.55000,,,5.296,,,0.05000,,25.3,,,-0.078,,,-1.70,,,
,3445,,5.60000,,,5.203,,,0.05000,,25.3,,,-0.093,,,-2.11,,,
,3475,,5.65000,,,5.087,,,0.05000,,25.3,,,-0.116,,,-2.71,,,
,3505,,5.70000,,,4.935,,,0.05000,,25.3,,,-0.152,,,-3.54,,,
,3536,,5.74000,,,4.778,,,0.04000,,25.3,,,-0.157,,,-4.32,,,
,3566,,5.76675,,,4.650,,,0.02675,,25.3,,,-0.128,,,-4.85,,,
,3596,,5.78975,,,4.523,,,0.02300,,25.3,,,-0.127,,,-5.32,,,
,,,5.808867 ???,,,4.410 ???,,,,,,,,,,,,,,EQP
,3626,,5.81125,,,4.396,,,0.02150,,25.3,,,-0.127,,,-5.61,,,
,3656,,5.83275,,,4.269,,,0.02150,,25.3,,,-0.127,,,-5.39,,,
,3687,,5.85600,,,4.142,,,0.02325,,25.3,,,-0.127,,,-4.87,,,
,3717,,5.88250,,,4.015,,,0.02650,,25.3,,,-0.127,,,-4.29,,,
,3747,,5.91500,,,3.886,,,0.03250,,25.3,,,-0.129,,,-3.63,,,
,3777,,5.95625,,,3.756,,,0.04125,,25.3,,,-0.130,,,-2.91,,,
,3808,,6.00625,,,3.632,,,0.05000,,25.3,,,-0.124,,,-2.25,,,
,3838,,6.05625,,,3.534,,,0.05000,,25.3,,,-0.098,,,-1.79,,,
,3868,,6.10625,,,3.452,,,0.05000,,25.3,,,-0.082,,,-1.48,,,
,3898,,6.15625,,,3.383,,,0.05000,,25.3,,,-0.069,,,-1.27,,,
,3929,,6.20625,,,3.324,,,0.05000,,25.3,,,-0.059,,,-1.11,,,
,3959,,6.25625,,,3.270,,,0.05000,,25.3,,,-0.054,,,-0.99,,,
,3989,,6.30625,,,3.223,,,0.05000,,25.3,,,-0.047,,,-0.89,,,
,4019,,6.35625,,,3.181,,,0.05000,,25.3,,,-0.042,,,-0.81,,,
,4050,,6.40625,,,3.141,,,0.05000,,25.3,,,-0.040,,,-0.74,,,
,4080,,6.45625,,,3.106,,,0.05000,,25.3,,,-0.035,,,,,,
,4110,,6.50625,,,3.073,,,0.05000,,25.3,,,-0.033,,,,,,
,4140,,6.55625,,,3.042,,,0.05000,,25.3,,,-0.031,,,,,,
,4171,,6.60625,,,3.014,,,0.05000,,25.3,,,-0.028,,,,,,
,4201,,6.65625,,,2.987,,,0.05000,,25.3,,,-0.027,,,,,,
Measure (normal) [1],,,,,,,,"Scope 1/1, Sample 11/66",,,,,,,,,,,,
Measured Values,,,,,"Scope 1/1, Sample 11/66",,,,,,,,,,,,,,,
,Time,,,,,Meas. value,,,,,Temp.,,,,,dE,,,,
,[s],,,,,[pH],,,,,[°C],,,,,[pH],,,,
,1,,,,,5.319,,,,,20.8,,,,,,,,,
,2,,,,,5.956,,,,,21.3,,,,,0.637,,,,
,3,,,,,6.555,,,,,21.9,,,,,0.599,,,,
,4,,,,,6.906,,,,,22.5,,,,,0.351,,,,
,5,,,,,7.087,,,,,23.1,,,,,0.181,,,,
,6,,,,,7.189,,,,,23.5,,,,,0.102,,,,
,7,,,,,7.245,,,,,23.9,,,,,0.056,,,,
,8,,,,,7.279,,,,,24.2,,,,,0.034,,,,
,9,,,,,7.300,,,,,24.4,,,,,0.021,,,,
,10,,,,,7.317,,,,,24.6,,,,,0.017,,,,
,11,,,,,7.327,,,,,24.7,,,,,0.010,,,,
,12,,,,,7.335,,,,,24.9,,,,,0.008,,,,
,13,,,,,7.341,,,,,25.0,,,,,0.006,,,,
,14,,,,,7.345,,,,,25.0,,,,,0.004,,,,
,15,,,,,7.349,,,,,25.1,,,,,0.004,,,,
,16,,,,,7.352,,,,,25.1,,,,,0.003,,,,
,17,,,,,7.355,,,,,25.1,,,,,0.003,,,,
,18,,,,,7.357,,,,,25.2,,,,,0.002,,,,
,19,,,,,7.359,,,,,25.2,,,,,0.002,,,,
,20,,,,,7.361,,,,,25.2,,,,,0.002,,,,
,21,,,,,7.363,,,,,25.2,,,,,0.002,,,,
,22,,,,,7.364,,,,,25.2,,,,,0.001,,,,
,23,,,,,7.366,,,,,25.2,,,,,0.002,,,,
,24,,,,,7.367,,,,,25.2,,,,,0.001,,,,
,25,,,,,7.369,,,,,25.2,,,,,0.002,,,,
,26,,,,,7.370,,,,,25.3,,,,,0.001,,,,
,27,,,,,7.371,,,,,25.3,,,,,0.001,,,,
,28,,,,,7.372,,,,,25.3,,,,,0.001,,,,
,29,,,,,7.373,,,,,25.3,,,,,0.001,,,,
,30,,,,,7.374,,,,,25.3,,,,,0.001,,,,
,31,,,,,7.375,,,,,25.3,,,,,0.001,,,,
,32,,,,,7.376,,,,,25.3,,,,,0.001,,,,
,33,,,,,7.377,,,,,25.3,,,,,0.001,,,,
,34,,,,,7.378,,,,,25.3,,,,,0.001,,,,
,35,,,,,7.379,,,,,25.3,,,,,0.001,,,,
,36,,,,,7.380,,,,,25.3,,,,,0.001,,,,
,37,,,,,7.381,,,,,25.3,,,,,0.001,,,,
,38,,,,,7.381,,,,,25.3,,,,,0.000,,,,
,39,,,,,7.382,,,,,25.3,,,,,0.001,,,,
,40,,,,,7.383,,,,,25.3,,,,,0.001,,,,
,41,,,,,7.384,,,,,25.3,,,,,0.001,,,,
,42,,,,,7.385,,,,,25.3,,,,,0.001,,,,
,43,,,,,7.385,,,,,25.3,,,,,0.000,,,,
,44,,,,,7.386,,,,,25.3,,,,,0.001,,,,
,45,,,,,7.387,,,,,25.3,,,,,0.001,,,,
,46,,,,,7.388,,,,,25.3,,,,,0.001,,,,
,47,,,,,7.389,,,,,25.3,,,,,0.001,,,,
,48,,,,,7.389,,,,,25.3,,,,,0.000,,,,
,49,,,,,7.390,,,,,25.3,,,,,0.001,,,,
,50,,,,,7.391,,,,,25.3,,,,,0.001,,,,
,51,,,,,7.391,,,,,25.3,,,,,0.000,,,,
,52,,,,,7.392,,,,,25.3,,,,,0.001,,,,
,53,,,,,7.393,,,,,25.3,,,,,0.001,,,,
,54,,,,,7.394,,,,,25.3,,,,,0.001,,,,
,55,,,,,7.394,,,,,25.3,,,,,0.000,,,,
,56,,,,,7.395,,,,,25.3,,,,,0.001,,,,
,57,,,,,7.396,,,,,25.3,,,,,0.001,,,,
,58,,,,,7.396,,,,,25.3,,,,,0.000,,,,
,59,,,,,7.397,,,,,25.3,,,,,0.001,,,,
,60,,,,,7.397,,,,,25.3,,,,,0.000,,,,
Titration (EQP) [1],,,,,,,,"Scope 1/1, Sample 11/66",,,,,,,,,,,,
Measured Values,,,,,"Scope 1/1, Sample 11/66",,,,,,,,,,,,,,,
,Time,,V,,,Meas. value,,,dV,,Temp.,,,dE,,,dE/dV,,,EQP
,[s],,[mL],,,[pH],,,[mL],,[°C],,,[pH],,,[pH/mL],,,
,0,,0.00000,,,7.400,,,,,25.3,,,,,,,,,
,28,,0.08575,,,7.328,,,0.08575,,25.3,,,-0.072,,,,,,
,58,,0.12850,,,7.304,,,0.04275,,25.3,,,-0.024,,,,,,
,88,,0.15000,,,7.301,,,0.02150,,25.3,,,-0.003,,,,,,
,179,,0.20000,,,7.298,,,0.05000,,25.3,,,-0.003,,,,,,
,209,,0.25000,,,7.267,,,0.05000,,25.3,,,-0.031,,,-0.44,,,
,239,,0.30000,,,7.237,,,0.05000,,25.3,,,-0.030,,,-0.55,,,
,270,,0.35000,,,7.208,,,0.05000,,25.3,,,-0.029,,,-0.62,,,
,300,,0.40000,,,7.179,,,0.05000,,25.3,,,-0.029,,,-0.61,,,
,330,,0.45000,,,7.152,,,0.05000,,25.3,,,-0.027,,,-0.54,,,
,360,,0.50000,,,7.125,,,0.05000,,25.3,,,-0.027,,,-0.50,,,
,390,,0.55000,,,7.094,,,0.05000,,25.3,,,-0.031,,,-0.46,,,
,421,,0.60000,,,7.081,,,0.05000,,25.3,,,-0.013,,,-0.43,,,
,451,,0.65000,,,7.059,,,0.05000,,25.3,,,-0.022,,,-0.41,,,
,481,,0.70000,,,7.037,,,0.05000,,25.4,,,-0.022,,,-0.39,,,
,511,,0.75000,,,7.017,,,0.05000,,25.4,,,-0.020,,,-0.39,,,
,542,,0.80000,,,6.997,,,0.05000,,25.4,,,-0.020,,,-0.38,,,
,572,,0.85000,,,6.979,,,0.05000,,25.4,,,-0.018,,,-0.36,,,
,602,,0.90000,,,6.963,,,0.05000,,25.4,,,-0.016,,,-0.35,,,
,632,,0.95000,,,6.945,,,0.05000,,25.4,,,-0.018,,,-0.35,,,
,663,,1.00000,,,6.927,,,0.05000,,25.4,,,-0.018,,,-0.35,,,
,693,,1.05000,,,6.909,,,0.05000,,25.4,,,-0.018,,,-0.35,,,
,723,,1.10000,,,6.892,,,0.05000,,25.4,,,-0.017,,,-0.34,,,
,753,,1.15000,,,6.876,,,0.05000,,25.4,,,-0.016,,,-0.32,,,
,784,,1.20000,,,6.860,,,0.05000,,25.4,,,-0.016,,,-0.31,,,
,814,,1.25000,,,6.845,,,0.05000,,25.4,,,-0.015,,,-0.30,,,
,844,,1.30000,,,6.830,,,0.05000,,25.4,,,-0.015,,,-0.29,,,
,874,,1.35000,,,6.816,,,0.05000,,25.4,,,-0.014,,,-0.28,,,
,904,,1.40000,,,6.802,,,0.05000,,25.4,,,-0.014,,,-0.28,,,
,935,,1.45000,,,6.788,,,0.05000,,25.4,,,-0.014,,,-0.27,,,
,965,,1.50000,,,6.775,,,0.05000,,25.4,,,-0.013,,,-0.26,,,
,995,,1.55000,,,6.762,,,0.05000,,25.4,,,-0.013,,,-0.26,,,
,1026,,1.60000,,,6.749,,,0.05000,,25.4,,,-0.013,,,-0.25,,,
,1056,,1.65000,,,6.737,,,0.05000,,25.4,,,-0.012,,,-0.25,,,
,1086,,1.70000,,,6.724,,,0.05000,,25.4,,,-0.013,,,-0.24,,,
,1116,,1.75000,,,6.712,,,0.05000,,25.4,,,-0.012,,,-0.24,,,
,1146,,1.80000,,,6.701,,,0.05000,,25.4,,,-0.011,,,-0.23,,,
,1177,,1.85000,,,6.689,,,0.05000,,25.4,,,-0.012,,,-0.23,,,
,1207,,1.90000,,,6.677,,,0.05000,,25.4,,,-0.012,,,-0.23,,,
,1237,,1.95000,,,6.666,,,0.05000,,25.4,,,-0.011,,,-0.23,,,
,1267,,2.00000,,,6.655,,,0.05000,,25.4,,,-0.011,,,-0.23,,,
,1298,,2.05000,,,6.644,,,0.05000,,25.4,,,-0.011,,,-0.22,,,
,1328,,2.10000,,,6.632,,,0.05000,,25.4,,,-0.012,,,-0.22,,,
,1358,,2.15000,,,6.621,,,0.05000,,25.4,,,-0.011,,,-0.22,,,
,1388,,2.20000,,,6.611,,,0.05000,,25.4,,,-0.010,,,-0.21,,,
,1419,,2.25000,,,6.600,,,0.05000,,25.4,,,-0.011,,,-0.21,,,
,1449,,2.30000,,,6.589,,,0.05000,,25.4,,,-0.011,,,-0.21,,,
,1479,,2.35000,,,6.579,,,0.05000,,25.4,,,-0.010,,,-0.21,,,
,1509,,2.40000,,,6.568,,,0.05000,,25.4,,,-0.011,,,-0.21,,,
,1540,,2.45000,,,6.557,,,0.05000,,25.4,,,-0.011,,,-0.21,,,
,1570,,2.50000,,,6.547,,,0.05000,,25.4,,,-0.010,,,-0.21,,,
,1600,,2.55000,,,6.536,,,0.05000,,25.4,,,-0.011,,,-0.21,,,
,1630,,2.60000,,,6.526,,,0.05000,,25.4,,,-0.010,,,-0.21,,,
,1660,,2.65000,,,6.516,,,0.05000,,25.4,,,-0.010,,,-0.21,,,
,1691,,2.70000,,,6.505,,,0.05000,,25.4,,,-0.011,,,-0.21,,,
,1721,,2.75000,,,6.495,,,0.05000,,25.4,,,-0.010,,,-0.21,,,
,1751,,2.80000,,,6.484,,,0.05000,,25.4,,,-0.011,,,-0.21,,,
,1782,,2.85000,,,6.474,,,0.05000,,25.4,,,-0.010,,,-0.21,,,
,1812,,2.90000,,,6.463,,,0.05000,,25.4,,,-0.011,,,-0.21,,,
,1842,,2.95000,,,6.452,,,0.05000,,25.4,,,-0.011,,,-0.21,,,
,1872,,3.00000,,,6.442,,,0.05000,,25.4,,,-0.010,,,-0.21,,,
,1902,,3.05000,,,6.432,,,0.05000,,25.4,,,-0.010,,,-0.21,,,
,1933,,3.10000,,,6.420,,,0.05000,,25.4,,,-0.012,,,-0.22,,,
,1963,,3.15000,,,6.410,,,0.05000,,25.4,,,-0.010,,,-0.22,,,
,1993,,3.20000,,,6.398,,,0.05000,,25.4,,,-0.012,,,-0.22,,,
,2023,,3.25000,,,6.388,,,0.05000,,25.4,,,-0.010,,,-0.22,,,
,2054,,3.30000,,,6.376,,,0.05000,,25.4,,,-0.012,,,-0.22,,,
,2084,,3.35000,,,6.365,,,0.05000,,25.4,,,-0.011,,,-0.23,,,
,2114,,3.40000,,,6.354,,,0.05000,,25.4,,,-0.011,,,-0.23,,,
,2144,,3.45000,,,6.342,,,0.05000,,25.4,,,-0.012,,,-0.23,,,
,2175,,3.50000,,,6.331,,,0.05000,,25.4,,,-0.011,,,-0.23,,,
,2205,,3.55000,,,6.318,,,0.05000,,25.4,,,-0.013,,,-0.24,,,
,2235,,3.60000,,,6.306,,,0.05000,,25.4,,,-0.012,,,-0.24,,,
,2265,,3.65000,,,6.295,,,0.05000,,25.4,,,-0.011,,,-0.25,,,
,2296,,3.70000,,,6.282,,,0.05000,,25.4,,,-0.013,,,-0.25,,,
,2326,,3.75000,,,6.269,,,0.05000,,25.4,,,-0.013,,,-0.26,,,
,2356,,3.80000,,,6.256,,,0.05000,,25.4,,,-0.013,,,-0.26,,,
,2386,,3.85000,,,6.243,,,0.05000,,25.4,,,-0.013,,,-0.27,,,
,2416,,3.90000,,,6.229,,,0.05000,,25.4,,,-0.014,,,-0.27,,,
,2447,,3.95000,,,6.216,,,0.05000,,25.4,,,-0.013,,,-0.27,,,
,2477,,4.00000,,,6.202,,,0.05000,,25.4,,,-0.014,,,-0.28,,,
,2507,,4.05000,,,6.188,,,0.05000,,25.4,,,-0.014,,,-0.29,,,
,2538,,4.10000,,,6.173,,,0.05000,,25.4,,,-0.015,,,-0.29,,,
,2568,,4.15000,,,6.159,,,0.05000,,25.4,,,-0.014,,,-0.30,,,
,2598,,4.20000,,,6.143,,,0.05000,,25.4,,,-0.016,,,-0.31,,,
,2628,,4.25000,,,6.127,,,0.05000,,25.4,,,-0.016,,,-0.32,,,
,2658,,4.30000,,,6.111,,,0.05000,,25.4,,,-0.016,,,-0.33,,,
,2689,,4.35000,,,6.094,,,0.05000,,25.4,,,-0.017,,,-0.34,,,
,2719,,4.40000,,,6.077,,,0.05000,,25.4,,,-0.017,,,-0.35,,,
,2749,,4.45000,,,6.059,,,0.05000,,25.4,,,-0.018,,,-0.36,,,
,2779,,4.50000,,,6.040,,,0.05000,,25.4,,,-0.019,,,-0.38,,,
,2810,,4.55000,,,6.022,,,0.05000,,25.4,,,-0.018,,,-0.39,,,
,2840,,4.60000,,,6.001,,,0.05000,,25.4,,,-0.021,,,-0.40,,,
,2870,,4.65000,,,5.981,,,0.05000,,25.4,,,-0.020,,,-0.42,,,
,2900,,4.70000,,,5.960,,,0.05000,,25.4,,,-0.021,,,-0.44,,,
,2931,,4.75000,,,5.937,,,0.05000,,25.4,,,-0.023,,,-0.46,,,
,2961,,4.80000,,,5.913,,,0.05000,,25.4,,,-0.024,,,-0.49,,,
,2991,,4.85000,,,5.889,,,0.05000,,25.4,,,-0.024,,,-0.50,,,
,3021,,4.90000,,,5.863,,,0.05000,,25.4,,,-0.026,,,-0.53,,,
,3052,,4.95000,,,5.835,,,0.05000,,25.4,,,-0.028,,,-0.56,,,
,3082,,5.00000,,,5.804,,,0.05000,,25.4,,,-0.031,,,-0.60,,,
,3112,,5.05000,,,5.781,,,0.05000,,25.4,,,-0.023,,,-0.64,,,
,3142,,5.10000,,,5.741,,,0.05000,,25.4,,,-0.040,,,-0.69,,,
,3172,,5.15000,,,5.705,,,0.05000,,25.4,,,-0.036,,,-0.75,,,
,3203,,5.20000,,,5.667,,,0.05000,,25.4,,,-0.038,,,-0.82,,,
,3233,,5.25000,,,5.624,,,0.05000,,25.4,,,-0.043,,,-0.89,,,
,3263,,5.30000,,,5.577,,,0.05000,,25.4,,,-0.047,,,-0.97,,,
,3294,,5.35000,,,5.526,,,0.05000,,25.4,,,-0.051,,,-1.09,,,
,3324,,5.40000,,,5.467,,,0.05000,,25.4,,,-0.059,,,-1.23,,,
,3354,,5.45000,,,5.400,,,0.05000,,25.4,,,-0.067,,,-1.42,,,
,3384,,5.50000,,,5.322,,,0.05000,,25.4,,,-0.078,,,-1.71,,,
,3414,,5.55000,,,5.228,,,0.05000,,25.4,,,-0.094,,,-2.12,,,
,3445,,5.60000,,,5.111,,,0.05000,,25.4,,,-0.117,,,-2.73,,,
,3475,,5.65000,,,4.960,,,0.05000,,25.4,,,-0.151,,,-3.58,,,
,3505,,5.69050,,,4.798,,,0.04050,,25.4,,,-0.162,,,-4.41,,,
,3535,,5.71625,,,4.673,,,0.02575,,25.4,,,-0.125,,,-4.94,,,
,3566,,5.73925,,,4.544,,,0.02300,,25.4,,,-0.129,,,-5.44,,,
,,,5.758562 ???,,,4.425 ???,,,,,,,,,,,,,,EQP
,3596,,5.76025,,,4.415,,,0.02100,,25.4,,,-0.129,,,-5.77,,,
,3626,,5.78050,,,4.292,,,0.02025,,25.4,,,-0.123,,,-5.59,,,
,3656,,5.80300,,,4.163,,,0.02250,,25.4,,,-0.129,,,-5.06,,,
,3687,,5.82800,,,4.039,,,0.02500,,25.4,,,-0.124,,,-4.48,,,
,3717,,5.85975,,,3.907,,,0.03175,,25.4,,,-0.132,,,-3.80,,,
,3747,,5.89875,,,3.777,,,0.03900,,25.4,,,-0.130,,,-3.06,,,
,3777,,5.94875,,,3.649,,,0.05000,,25.4,,,-0.128,,,-2.34,,,
,3808,,5.99875,,,3.547,,,0.05000,,25.4,,,-0.102,,,-1.85,,,
,3838,,6.04875,,,3.463,,,0.05000,,25.4,,,-0.084,,,-1.52,,,
,3868,,6.09875,,,3.393,,,0.05000,,25.4,,,-0.070,,,-1.30,,,
,3898,,6.14875,,,3.331,,,0.05000,,25.4,,,-0.062,,,-1.13,,,
,3928,,6.19875,,,3.277,,,0.05000,,25.4,,,-0.054,,,-1.01,,,
,3959,,6.24875,,,3.229,,,0.05000,,25.4,,,-0.048,,,-0.91,,,
,3989,,6.29875,,,3.186,,,0.05000,,25.4,,,-0.043,,,-0.82,,,
,4019,,6.34875,,,3.147,,,0.05000,,25.4,,,-0.039,,,-0.75,,,
,4050,,6.39875,,,3.110,,,0.05000,,25.4,,,-0.037,,,,,,
,4080,,6.44875,,,3.077,,,0.05000,,25.3,,,-0.033,,,,,,
,4110,,6.49875,,,3.046,,,0.05000,,25.4,,,-0.031,,,,,,
,4140,,6.54875,,,3.017,,,0.05000,,25.3,,,-0.029,,,,,,
,4170,,6.59875,,,2.990,,,0.05000,,25.3,,,-0.027,,,,,,
Measure (normal) [1],,,,,,,,"Scope 1/1, Sample 12/66",,,,,,,,,,,,
Measured Values,,,,,"Scope 1/1, Sample 12/66",,,,,,,,,,,,,,,
,Time,,,,,Meas. value,,,,,Temp.,,,,,dE,,,,
,[s],,,,,[pH],,,,,[°C],,,,,[pH],,,,
,1,,,,,5.483,,,,,20.7,,,,,,,,,
,2,,,,,6.016,,,,,21.2,,,,,0.533,,,,
,3,,,,,6.723,,,,,21.8,,,,,0.707,,,,
,4,,,,,7.137,,,,,22.4,,,,,0.414,,,,
,5,,,,,7.365,,,,,23.0,,,,,0.228,,,,
,6,,,,,7.493,,,,,23.5,,,,,0.128,,,,
,7,,,,,7.570,,,,,23.9,,,,,0.077,,,,
,8,,,,,7.619,,,,,24.1,,,,,0.049,,,,
,9,,,,,7.654,,,,,24.4,,,,,0.035,,,,
,10,,,,,7.678,,,,,24.6,,,,,0.024,,,,
,11,,,,,7.694,,,,,24.7,,,,,0.016,,,,
,12,,,,,7.706,,,,,24.8,,,,,0.012,,,,
,13,,,,,7.715,,,,,24.9,,,,,0.009,,,,
,14,,,,,7.721,,,,,25.0,,,,,0.006,,,,
,15,,,,,7.726,,,,,25.0,,,,,0.005,,,,
,16,,,,,7.730,,,,,25.1,,,,,0.004,,,,
,17,,,,,7.734,,,,,25.1,,,,,0.004,,,,
,18,,,,,7.737,,,,,25.1,,,,,0.003,,,,
,19,,,,,7.739,,,,,25.1,,,,,0.002,,,,
,20,,,,,7.741,,,,,25.1,,,,,0.002,,,,
,21,,,,,7.742,,,,,25.2,,,,,0.001,,,,
,22,,,,,7.744,,,,,25.2,,,,,0.002,,,,
,23,,,,,7.746,,,,,25.2,,,,,0.002,,,,
,24,,,,,7.747,,,,,25.2,,,,,0.001,,,,
,25,,,,,7.748,,,,,25.2,,,,,0.001,,,,
,26,,,,,7.749,,,,,25.2,,,,,0.001,,,,
,27,,,,,7.750,,,,,25.2,,,,,0.001,,,,
,28,,,,,7.751,,,,,25.2,,,,,0.001,,,,
,29,,,,,7.752,,,,,25.2,,,,,0.001,,,,
,30,,,,,7.753,,,,,25.2,,,,,0.001,,,,
,31,,,,,7.754,,,,,25.2,,,,,0.001,,,,
,32,,,,,7.755,,,,,25.2,,,,,0.001,,,,
,33,,,,,7.756,,,,,25.2,,,,,0.001,,,,
,34,,,,,7.756,,,,,25.2,,,,,0.000,,,,
,35,,,,,7.757,,,,,25.2,,,,,0.001,,,,
,36,,,,,7.758,,,,,25.2,,,,,0.001,,,,
,37,,,,,7.759,,,,,25.2,,,,,0.001,,,,
,38,,,,,7.760,,,,,25.2,,,,,0.001,,,,
,39,,,,,7.760,,,,,25.2,,,,,0.000,,,,
,40,,,,,7.761,,,,,25.2,,,,,0.001,,,,
,41,,,,,7.762,,,,,25.2,,,,,0.001,,,,
,42,,,,,7.763,,,,,25.2,,,,,0.001,,,,
,43,,,,,7.763,,,,,25.2,,,,,0.000,,,,
,44,,,,,7.764,,,,,25.2,,,,,0.001,,,,
,45,,,,,7.765,,,,,25.2,,,,,0.001,,,,
,46,,,,,7.765,,,,,25.2,,,,,0.000,,,,
,47,,,,,7.766,,,,,25.2,,,,,0.001,,,,
,48,,,,,7.767,,,,,25.2,,,,,0.001,,,,
,49,,,,,7.767,,,,,25.2,,,,,0.000,,,,
,50,,,,,7.768,,,,,25.2,,,,,0.001,,,,
,51,,,,,7.768,,,,,25.2,,,,,0.000,,,,
,52,,,,,7.769,,,,,25.2,,,,,0.001,,,,
,53,,,,,7.770,,,,,25.2,,,,,0.001,,,,
,54,,,,,7.770,,,,,25.2,,,,,0.000,,,,
,55,,,,,7.771,,,,,25.2,,,,,0.001,,,,
,56,,,,,7.772,,,,,25.2,,,,,0.001,,,,
,57,,,,,7.772,,,,,25.2,,,,,0.000,,,,
,58,,,,,7.773,,,,,25.2,,,,,0.001,,,,
,59,,,,,7.774,,,,,25.2,,,,,0.001,,,,
,60,,,,,7.774,,,,,25.2,,,,,0.000,,,,
Titration (EQP) [1],,,,,,,,"Scope 1/1, Sample 12/66",,,,,,,,,,,,
Measured Values,,,,,"Scope 1/1, Sample 12/66",,,,,,,,,,,,,,,
,Time,,V,,,Meas. value,,,dV,,Temp.,,,dE,,,dE/dV,,,EQP
,[s],,[mL],,,[pH],,,[mL],,[°C],,,[pH],,,[pH/mL],,,
,0,,0.00000,,,7.775,,,,,25.2,,,,,,,,,
,28,,0.08575,,,7.665,,,0.08575,,25.2,,,-0.110,,,,,,
,58,,0.12850,,,7.615,,,0.04275,,25.2,,,-0.050,,,,,,
,88,,0.15000,,,7.601,,,0.02150,,25.2,,,-0.014,,,,,,
,179,,0.20000,,,7.574,,,0.05000,,25.3,,,-0.027,,,,,,
,209,,0.25000,,,7.517,,,0.05000,,25.3,,,-0.057,,,-0.93,,,
,239,,0.30000,,,7.463,,,0.05000,,25.3,,,-0.054,,,-1.00,,,
,269,,0.35000,,,7.413,,,0.05000,,25.3,,,-0.050,,,-1.00,,,
,300,,0.40000,,,7.366,,,0.05000,,25.3,,,-0.047,,,-0.94,,,
,330,,0.45000,,,7.322,,,0.05000,,25.3,,,-0.044,,,-0.83,,,
,360,,0.50000,,,7.282,,,0.05000,,25.3,,,-0.040,,,-0.77,,,
,390,,0.55000,,,7.246,,,0.05000,,25.3,,,-0.036,,,-0.73,,,
,421,,0.60000,,,7.210,,,0.05000,,25.3,,,-0.036,,,-0.69,,,
,451,,0.65000,,,7.177,,,0.05000,,25.3,,,-0.033,,,-0.65,,,
,481,,0.70000,,,7.145,,,0.05000,,25.3,,,-0.032,,,-0.61,,,
,511,,0.75000,,,7.112,,,0.05000,,25.3,,,-0.033,,,-0.56,,,
,542,,0.80000,,,7.088,,,0.05000,,25.3,,,-0.024,,,-0.52,,,
,572,,0.85000,,,7.064,,,0.05000,,25.3,,,-0.024,,,-0.49,,,
,602,,0.90000,,,7.040,,,0.05000,,25.3,,,-0.024,,,-0.46,,,
,632,,0.95000,,,7.017,,,0.05000,,25.3,,,-0.023,,,-0.43,,,
,662,,1.00000,,,6.994,,,0.05000,,25.3,,,-0.023,,,-0.42,,,
,693,,1.05000,,,6.975,,,0.05000,,25.3,,,-0.019,,,-0.40,,,
,723,,1.10000,,,6.957,,,0.05000,,25.3,,,-0.018,,,-0.39,,,
,753,,1.15000,,,6.937,,,0.05000,,25.4,,,-0.020,,,-0.38,,,
,784,,1.20000,,,6.917,,,0.05000,,25.4,,,-0.020,,,-0.38,,,
,814,,1.25000,,,6.898,,,0.05000,,25.4,,,-0.019,,,-0.37,,,
,844,,1.30000,,,6.880,,,0.05000,,25.4,,,-0.018,,,-0.36,,,
,874,,1.35000,,,6.863,,,0.05000,,25.4,,,-0.017,,,-0.34,,,
,904,,1.40000,,,6.846,,,0.05000,,25.4,,,-0.017,,,-0.32,,,
,935,,1.45000,,,6.830,,,0.05000,,25.4,,,-0.016,,,-0.31,,,
,965,,1.50000,,,6.815,,,0.05000,,25.4,,,-0.015,,,-0.30,,,
,995,,1.55000,,,6.800,,,0.05000,,25.4,,,-0.015,,,-0.29,,,
,1026,,1.60000,,,6.786,,,0.05000,,25.4,,,-0.014,,,-0.28,,,
,1056,,1.65000,,,6.772,,,0.05000,,25.4,,,-0.014,,,-0.27,,,
,1086,,1.70000,,,6.758,,,0.05000,,25.4,,,-0.014,,,-0.27,,,
,1116,,1.75000,,,6.745,,,0.05000,,25.4,,,-0.013,,,-0.27,,,
,1146,,1.80000,,,6.732,,,0.05000,,25.4,,,-0.013,,,-0.26,,,
,1177,,1.85000,,,6.719,,,0.05000,,25.4,,,-0.013,,,-0.26,,,
,1207,,1.90000,,,6.706,,,0.05000,,25.4,,,-0.013,,,-0.25,,,
,1237,,1.95000,,,6.692,,,0.05000,,25.4,,,-0.014,,,-0.25,,,
,1267,,2.00000,,,6.682,,,0.05000,,25.4,,,-0.010,,,-0.24,,,
,1298,,2.05000,,,6.669,,,0.05000,,25.4,,,-0.013,,,-0.24,,,
,1328,,2.10000,,,6.657,,,0.05000,,25.4,,,-0.012,,,-0.23,,,
,1358,,2.15000,,,6.646,,,0.05000,,25.4,,,-0.011,,,-0.23,,,
,1388,,2.20000,,,6.634,,,0.05000,,25.4,,,-0.012,,,-0.23,,,
,1419,,2.25000,,,6.623,,,0.05000,,25.4,,,-0.011,,,-0.23,,,
,1449,,2.30000,,,6.611,,,0.05000,,25.4,,,-0.012,,,-0.23,,,
,1479,,2.35000,,,6.600,,,0.05000,,25.4,,,-0.011,,,-0.22,,,
,1509,,2.40000,,,6.589,,,0.05000,,25.4,,,-0.011,,,-0.22,,,
,1540,,2.45000,,,6.578,,,0.05000,,25.4,,,-0.011,,,-0.22,,,
,1570,,2.50000,,,6.567,,,0.05000,,25.4,,,-0.011,,,-0.22,,,
,1600,,2.55000,,,6.556,,,0.05000,,25.4,,,-0.011,,,-0.22,,,
,1630,,2.60000,,,6.545,,,0.05000,,25.4,,,-0.011,,,-0.21,,,
,1660,,2.65000,,,6.535,,,0.05000,,25.4,,,-0.010,,,-0.22,,,
,1691,,2.70000,,,6.524,,,0.05000,,25.4,,,-0.011,,,-0.22,,,
,1721,,2.75000,,,6.513,,,0.05000,,25.4,,,-0.011,,,-0.22,,,
,1751,,2.80000,,,6.502,,,0.05000,,25.4,,,-0.011,,,-0.22,,,
,1782,,2.85000,,,6.491,,,0.05000,,25.4,,,-0.011,,,-0.21,,,
,1812,,2.90000,,,6.481,,,0.05000,,25.4,,,-0.010,,,-0.21,,,
,1842,,2.95000,,,6.470,,,0.05000,,25.4,,,-0.011,,,-0.21,,,
,1872,,3.00000,,,6.459,,,0.05000,,25.4,,,-0.011,,,-0.22,,,
,1902,,3.05000,,,6.449,,,0.05000,,25.4,,,-0.010,,,-0.22,,,
,1933,,3.10000,,,6.437,,,0.05000,,25.4,,,-0.012,,,-0.22,,,
,1963,,3.15000,,,6.426,,,0.05000,,25.4,,,-0.011,,,-0.22,,,
,1993,,3.20000,,,6.415,,,0.05000,,25.4,,,-0.011,,,-0.22,,,
,2023,,3.25000,,,6.404,,,0.05000,,25.4,,,-0.011,,,-0.22,,,
,2054,,3.30000,,,6.393,,,0.05000,,25.4,,,-0.011,,,-0.22,,,
,2084,,3.35000,,,6.382,,,0.05000,,25.4,,,-0.011,,,-0.22,,,
,2114,,3.40000,,,6.371,,,0.05000,,25.4,,,-0.011,,,-0.23,,,
,2144,,3.45000,,,6.359,,,0.05000,,25.4,,,-0.012,,,-0.23,,,
,2175,,3.50000,,,6.348,,,0.05000,,25.4,,,-0.011,,,-0.23,,,
,2205,,3.55000,,,6.336,,,0.05000,,25.4,,,-0.012,,,-0.24,,,
,2235,,3.60000,,,6.324,,,0.05000,,25.4,,,-0.012,,,-0.24,,,
,2265,,3.65000,,,6.313,,,0.05000,,25.4,,,-0.011,,,-0.24,,,
,2296,,3.70000,,,6.300,,,0.05000,,25.3,,,-0.013,,,-0.24,,,
,2326,,3.75000,,,6.288,,,0.05000,,25.3,,,-0.012,,,-0.25,,,
,2356,,3.80000,,,6.276,,,0.05000,,25.3,,,-0.012,,,-0.25,,,
,2386,,3.85000,,,6.263,,,0.05000,,25.3,,,-0.013,,,-0.25,,,
,2416,,3.90000,,,6.250,,,0.05000,,25.3,,,-0.013,,,-0.26,,,
,2447,,3.95000,,,6.238,,,0.05000,,25.3,,,-0.012,,,-0.26,,,
,2477,,4.00000,,,6.224,,,0.05000,,25.3,,,-0.014,,,-0.27,,,
,2507,,4.05000,,,6.210,,,0.05000,,25.3,,,-0.014,,,-0.27,,,
,2537,,4.10000,,,6.197,,,0.05000,,25.3,,,-0.013,,,-0.28,,,
,2568,,4.15000,,,6.182,,,0.05000,,25.3,,,-0.015,,,-0.29,,,
,2598,,4.20000,,,6.168,,,0.05000,,25.3,,,-0.014,,,-0.29,,,
,2628,,4.25000,,,6.153,,,0.05000,,25.3,,,-0.015,,,-0.30,,,
,2658,,4.30000,,,6.138,,,0.05000,,25.3,,,-0.015,,,-0.31,,,
,2689,,4.35000,,,6.122,,,0.05000,,25.3,,,-0.016,,,-0.32,,,
,2719,,4.40000,,,6.106,,,0.05000,,25.3,,,-0.016,,,-0.33,,,
,2749,,4.45000,,,6.089,,,0.05000,,25.3,,,-0.017,,,-0.33,,,
,2779,,4.50000,,,6.072,,,0.05000,,25.3,,,-0.017,,,-0.35,,,
,2810,,4.55000,,,6.055,,,0.05000,,25.3,,,-0.017,,,-0.36,,,
,2840,,4.60000,,,6.037,,,0.05000,,25.3,,,-0.018,,,-0.37,,,
,2870,,4.65000,,,6.018,,,0.05000,,25.3,,,-0.019,,,-0.38,,,
,2900,,4.70000,,,5.998,,,0.05000,,25.3,,,-0.020,,,-0.39,,,
,2930,,4.75000,,,5.979,,,0.05000,,25.3,,,-0.019,,,-0.41,,,
,2961,,4.80000,,,5.958,,,0.05000,,25.3,,,-0.021,,,-0.43,,,
,2991,,4.85000,,,5.936,,,0.05000,,25.3,,,-0.022,,,-0.44,,,
,3021,,4.90000,,,5.913,,,0.05000,,25.3,,,-0.023,,,-0.46,,,
,3052,,4.95000,,,5.889,,,0.05000,,25.3,,,-0.024,,,-0.49,,,
,3082,,5.00000,,,5.862,,,0.05000,,25.3,,,-0.027,,,-0.52,,,
,3112,,5.05000,,,5.843,,,0.05000,,25.3,,,-0.019,,,-0.55,,,
,3142,,5.10000,,,5.808,,,0.05000,,25.3,,,-0.035,,,-0.59,,,
,3172,,5.15000,,,5.778,,,0.05000,,25.3,,,-0.030,,,-0.63,,,
,3203,,5.20000,,,5.745,,,0.05000,,25.3,,,-0.033,,,-0.68,,,
,3233,,5.25000,,,5.711,,,0.05000,,25.3,,,-0.034,,,-0.73,,,
,3263,,5.30000,,,5.674,,,0.05000,,25.3,,,-0.037,,,-0.77,,,
,3293,,5.35000,,,5.633,,,0.05000,,25.3,,,-0.041,,,-0.85,,,
,3324,,5.40000,,,5.588,,,0.05000,,25.3,,,-0.045,,,-0.93,,,
,3354,,5.45000,,,5.539,,,0.05000,,25.3,,,-0.049,,,-1.03,,,
,3384,,5.50000,,,5.484,,,0.05000,,25.3,,,-0.055,,,-1.16,,,
,3414,,5.55000,,,5.421,,,0.05000,,25.3,,,-0.063,,,-1.32,,,
,3444,,5.60000,,,5.348,,,0.05000,,25.3,,,-0.073,,,-1.57,,,
,3475,,5.65000,,,5.262,,,0.05000,,25.3,,,-0.086,,,-1.92,,,
,3505,,5.70000,,,5.156,,,0.05000,,25.3,,,-0.106,,,-2.44,,,
,3535,,5.75000,,,5.022,,,0.05000,,25.3,,,-0.134,,,-3.20,,,
,3566,,5.80000,,,4.839,,,0.05000,,25.3,,,-0.183,,,-4.17,,,
,3596,,5.82775,,,4.714,,,0.02775,,25.3,,,-0.125,,,-4.74,,,
,3626,,5.85200,,,4.584,,,0.02425,,25.3,,,-0.130,,,-5.25,,,
,3656,,5.87350,,,4.455,,,0.02150,,25.3,,,-0.129,,,-5.70,,,
,,,5.884522 ???,,,4.387 ???,,,,,,,,,,,,,,EQP
,3686,,5.89375,,,4.330,,,0.02025,,25.3,,,-0.125,,,-5.75,,,
,3717,,5.91500,,,4.205,,,0.02125,,25.3,,,-0.125,,,-5.30,,,
,3747,,5.93925,,,4.075,,,0.02425,,25.3,,,-0.130,,,-4.73,,,
,3777,,5.96725,,,3.949,,,0.02800,,25.3,,,-0.126,,,-4.10,,,
,3807,,6.00325,,,3.817,,,0.03600,,25.3,,,-0.132,,,-3.37,,,
,3838,,6.04850,,,3.688,,,0.04525,,25.3,,,-0.129,,,-2.63,,,
,3868,,6.09850,,,3.575,,,0.05000,,25.3,,,-0.113,,,-2.05,,,
,3898,,6.14850,,,3.484,,,0.05000,,25.3,,,-0.091,,,-1.66,,,
,3928,,6.19850,,,3.408,,,0.05000,,25.3,,,-0.076,,,-1.39,,,
,3958,,6.24850,,,3.343,,,0.05000,,25.3,,,-0.065,,,-1.20,,,
,3989,,6.29850,,,3.286,,,0.05000,,25.3,,,-0.057,,,-1.06,,,
,4019,,6.34850,,,3.236,,,0.05000,,25.3,,,-0.050,,,-0.95,,,
,4049,,6.39850,,,3.191,,,0.05000,,25.3,,,-0.045,,,-0.85,,,
,4079,,6.44850,,,3.150,,,0.05000,,25.3,,,-0.041,,,-0.78,,,
,4110,,6.49850,,,3.112,,,0.05000,,25.3,,,-0.038,,,,,,
,4140,,6.54850,,,3.078,,,0.05000,,25.3,,,-0.034,,,,,,
,4170,,6.59850,,,3.046,,,0.05000,,25.3,,,-0.032,,,,,,
,4200,,6.64850,,,3.016,,,0.05000,,25.3,,,-0.030,,,,,,
,4231,,6.69850,,,2.988,,,0.05000,,25.3,,,-0.028,,,,,,
Measure (normal) [1],,,,,,,,"Scope 1/1, Sample 13/66",,,,,,,,,,,,
Measured Values,,,,,"Scope 1/1, Sample 13/66",,,,,,,,,,,,,,,
,Time,,,,,Meas. value,,,,,Temp.,,,,,dE,,,,
,[s],,,,,[pH],,,,,[°C],,,,,[pH],,,,
,1,,,,,5.013,,,,,23.7,,,,,,,,,
,2,,,,,5.303,,,,,23.9,,,,,0.290,,,,
,3,,,,,5.570,,,,,24.1,,,,,0.267,,,,
,4,,,,,5.796,,,,,24.3,,,,,0.226,,,,
,5,,,,,5.992,,,,,24.5,,,,,0.196,,,,
,6,,,,,6.162,,,,,24.7,,,,,0.170,,,,
,7,,,,,6.313,,,,,24.9,,,,,0.151,,,,
,8,,,,,6.434,,,,,25.0,,,,,0.121,,,,
,9,,,,,6.554,,,,,25.1,,,,,0.120,,,,
,10,,,,,6.665,,,,,25.1,,,,,0.111,,,,
,11,,,,,6.760,,,,,25.2,,,,,0.095,,,,
,12,,,,,6.846,,,,,25.2,,,,,0.086,,,,
,13,,,,,6.924,,,,,25.3,,,,,0.078,,,,
,14,,,,,6.988,,,,,25.3,,,,,0.064,,,,
,15,,,,,7.039,,,,,25.3,,,,,0.051,,,,
,16,,,,,7.088,,,,,25.3,,,,,0.049,,,,
,17,,,,,7.136,,,,,25.3,,,,,0.048,,,,
,18,,,,,7.179,,,,,25.3,,,,,0.043,,,,
,19,,,,,7.216,,,,,25.4,,,,,0.037,,,,
,20,,,,,7.249,,,,,25.4,,,,,0.033,,,,
,21,,,,,7.277,,,,,25.4,,,,,0.028,,,,
,22,,,,,7.300,,,,,25.4,,,,,0.023,,,,
,23,,,,,7.324,,,,,25.4,,,,,0.024,,,,
,24,,,,,7.344,,,,,25.4,,,,,0.020,,,,
,25,,,,,7.362,,,,,25.4,,,,,0.018,,,,
,26,,,,,7.379,,,,,25.4,,,,,0.017,,,,
,27,,,,,7.393,,,,,25.4,,,,,0.014,,,,
,28,,,,,7.406,,,,,25.4,,,,,0.013,,,,
,29,,,,,7.416,,,,,25.4,,,,,0.010,,,,
,30,,,,,7.426,,,,,25.4,,,,,0.010,,,,
,31,,,,,7.435,,,,,25.4,,,,,0.009,,,,
,32,,,,,7.444,,,,,25.4,,,,,0.009,,,,
,33,,,,,7.451,,,,,25.4,,,,,0.007,,,,
,34,,,,,7.458,,,,,25.4,,,,,0.007,,,,
,35,,,,,7.464,,,,,25.4,,,,,0.006,,,,
,36,,,,,7.469,,,,,25.4,,,,,0.005,,,,
,37,,,,,7.475,,,,,25.4,,,,,0.006,,,,
,38,,,,,7.479,,,,,25.4,,,,,0.004,,,,
,39,,,,,7.483,,,,,25.4,,,,,0.004,,,,
,40,,,,,7.487,,,,,25.4,,,,,0.004,,,,
,41,,,,,7.490,,,,,25.4,,,,,0.003,,,,
,42,,,,,7.493,,,,,25.4,,,,,0.003,,,,
,43,,,,,7.495,,,,,25.4,,,,,0.002,,,,
,44,,,,,7.498,,,,,25.4,,,,,0.003,,,,
,45,,,,,7.500,,,,,25.4,,,,,0.002,,,,
,46,,,,,7.503,,,,,25.4,,,,,0.003,,,,
,47,,,,,7.504,,,,,25.4,,,,,0.001,,,,
,48,,,,,7.506,,,,,25.4,,,,,0.002,,,,
,49,,,,,7.508,,,,,25.4,,,,,0.002,,,,
,50,,,,,7.509,,,,,25.4,,,,,0.001,,,,
,51,,,,,7.511,,,,,25.4,,,,,0.002,,,,
,52,,,,,7.512,,,,,25.4,,,,,0.001,,,,
,53,,,,,7.513,,,,,25.4,,,,,0.001,,,,
,54,,,,,7.515,,,,,25.4,,,,,0.002,,,,
,55,,,,,7.516,,,,,25.4,,,,,0.001,,,,
,56,,,,,7.517,,,,,25.4,,,,,0.001,,,,
,57,,,,,7.518,,,,,25.4,,,,,0.001,,,,
,58,,,,,7.519,,,,,25.4,,,,,0.001,,,,
,59,,,,,7.520,,,,,25.4,,,,,0.001,,,,
,60,,,,,7.521,,,,,25.4,,,,,0.001,,,,
Titration (EQP) [1],,,,,,,,"Scope 1/1, Sample 13/66",,,,,,,,,,,,
Measured Values,,,,,"Scope 1/1, Sample 13/66",,,,,,,,,,,,,,,
,Time,,V,,,Meas. value,,,dV,,Temp.,,,dE,,,dE/dV,,,EQP
,[s],,[mL],,,[pH],,,[mL],,[°C],,,[pH],,,[pH/mL],,,
,0,,0.00000,,,7.522,,,,,25.4,,,,,,,,,
,28,,0.08575,,,7.339,,,0.08575,,25.4,,,-0.183,,,,,,
,58,,0.12850,,,7.259,,,0.04275,,25.4,,,-0.080,,,,,,
,88,,0.15000,,,7.229,,,0.02150,,25.4,,,-0.030,,,,,,
,179,,0.20000,,,7.177,,,0.05000,,25.4,,,-0.052,,,,,,
,209,,0.25000,,,7.101,,,0.05000,,25.4,,,-0.076,,,-1.14,,,
,239,,0.30000,,,7.050,,,0.05000,,25.4,,,-0.051,,,-1.07,,,
,269,,0.35000,,,6.995,,,0.05000,,25.4,,,-0.055,,,-1.02,,,
,300,,0.40000,,,6.951,,,0.05000,,25.4,,,-0.044,,,-0.95,,,
,330,,0.45000,,,6.903,,,0.05000,,25.4,,,-0.048,,,-0.86,,,
,360,,0.50000,,,6.860,,,0.05000,,25.4,,,-0.043,,,-0.82,,,
,390,,0.55000,,,6.821,,,0.05000,,25.4,,,-0.039,,,-0.76,,,
,420,,0.60000,,,6.785,,,0.05000,,25.4,,,-0.036,,,-0.72,,,
,451,,0.65000,,,6.750,,,0.05000,,25.4,,,-0.035,,,-0.66,,,
,481,,0.70000,,,6.717,,,0.05000,,25.4,,,-0.033,,,-0.63,,,
,511,,0.75000,,,6.687,,,0.05000,,25.4,,,-0.030,,,-0.60,,,
,541,,0.80000,,,6.657,,,0.05000,,25.4,,,-0.030,,,-0.58,,,
,572,,0.85000,,,6.629,,,0.05000,,25.4,,,-0.028,,,-0.56,,,
,602,,0.90000,,,6.601,,,0.05000,,25.4,,,-0.028,,,-0.55,,,
,632,,0.95000,,,6.574,,,0.05000,,25.4,,,-0.027,,,-0.53,,,
,662,,1.00000,,,6.548,,,0.05000,,25.4,,,-0.026,,,-0.52,,,
,693,,1.05000,,,6.522,,,0.05000,,25.4,,,-0.026,,,-0.51,,,
,723,,1.10000,,,6.497,,,0.05000,,25.4,,,-0.025,,,-0.50,,,
,753,,1.15000,,,6.473,,,0.05000,,25.4,,,-0.024,,,-0.49,,,
,783,,1.20000,,,6.448,,,0.05000,,25.4,,,-0.025,,,-0.48,,,
,814,,1.25000,,,6.424,,,0.05000,,25.4,,,-0.024,,,-0.48,,,
,844,,1.30000,,,6.400,,,0.05000,,25.4,,,-0.024,,,-0.47,,,
,874,,1.35000,,,6.377,,,0.05000,,25.4,,,-0.023,,,-0.47,,,
,904,,1.40000,,,6.353,,,0.05000,,25.4,,,-0.024,,,-0.47,,,
,934,,1.45000,,,6.330,,,0.05000,,25.4,,,-0.023,,,-0.47,,,
,965,,1.50000,,,6.306,,,0.05000,,25.4,,,-0.024,,,-0.47,,,
,995,,1.55000,,,6.282,,,0.05000,,25.4,,,-0.024,,,-0.47,,,
,1025,,1.60000,,,6.258,,,0.05000,,25.4,,,-0.024,,,-0.48,,,
,1056,,1.65000,,,6.235,,,0.05000,,25.4,,,-0.023,,,-0.49,,,
,1086,,1.70000,,,6.210,,,0.05000,,25.4,,,-0.025,,,-0.49,,,
,1116,,1.75000,,,6.185,,,0.05000,,25.4,,,-0.025,,,-0.50,,,
,1146,,1.80000,,,6.159,,,0.05000,,25.4,,,-0.026,,,-0.51,,,
,1176,,1.85000,,,6.134,,,0.05000,,25.4,,,-0.025,,,-0.52,,,
,1207,,1.90000,,,6.107,,,0.05000,,25.4,,,-0.027,,,-0.53,,,
,1237,,1.95000,,,6.080,,,0.05000,,25.4,,,-0.027,,,-0.55,,,
,1267,,2.00000,,,6.052,,,0.05000,,25.4,,,-0.028,,,-0.57,,,
,1297,,2.05000,,,6.024,,,0.05000,,25.4,,,-0.028,,,-0.59,,,
,1328,,2.10000,,,5.993,,,0.05000,,25.4,,,-0.031,,,-0.61,,,
,1358,,2.15000,,,5.962,,,0.05000,,25.4,,,-0.031,,,-0.64,,,
,1388,,2.20000,,,5.929,,,0.05000,,25.4,,,-0.033,,,-0.67,,,
,1418,,2.25000,,,5.895,,,0.05000,,25.4,,,-0.034,,,-0.71,,,
,1449,,2.30000,,,5.858,,,0.05000,,25.4,,,-0.037,,,-0.75,,,
,1479,,2.35000,,,5.820,,,0.05000,,25.4,,,-0.038,,,-0.80,,,
,1509,,2.40000,,,5.778,,,0.05000,,25.4,,,-0.042,,,-0.87,,,
,1539,,2.45000,,,5.732,,,0.05000,,25.4,,,-0.046,,,-0.94,,,
,1570,,2.50000,,,5.683,,,0.05000,,25.4,,,-0.049,,,-1.03,,,
,1600,,2.55000,,,5.629,,,0.05000,,25.4,,,-0.054,,,-1.13,,,
,1630,,2.60000,,,5.568,,,0.05000,,25.4,,,-0.061,,,-1.27,,,
,1660,,2.65000,,,5.499,,,0.05000,,25.4,,,-0.069,,,-1.47,,,
,1690,,2.70000,,,5.418,,,0.05000,,25.4,,,-0.081,,,-1.77,,,
,1721,,2.75000,,,5.321,,,0.05000,,25.4,,,-0.097,,,-2.20,,,
,1751,,2.80000,,,5.199,,,0.05000,,25.4,,,-0.122,,,-2.85,,,
,1781,,2.85000,,,5.041,,,0.05000,,25.4,,,-0.158,,,-3.81,,,
,1811,,2.88700,,,4.887,,,0.03700,,25.4,,,-0.154,,,-4.71,,,
,1842,,2.91175,,,4.760,,,0.02475,,25.4,,,-0.127,,,-5.33,,,
,1872,,2.93350,,,4.630,,,0.02175,,25.4,,,-0.130,,,-5.91,,,
,1902,,2.95275,,,4.500,,,0.01925,,25.4,,,-0.130,,,-6.43,,,
,,,2.962828 ???,,,4.429 ???,,,,,,,,,,,,,,EQP
,1932,,2.97050,,,4.375,,,0.01775,,25.4,,,-0.125,,,-6.49,,,
,1963,,2.98900,,,4.250,,,0.01850,,25.4,,,-0.125,,,-5.94,,,
,1993,,3.01025,,,4.124,,,0.02125,,25.4,,,-0.126,,,-5.31,,,
,2023,,3.03625,,,3.992,,,0.02600,,25.4,,,-0.132,,,-4.60,,,
,2053,,3.06750,,,3.864,,,0.03125,,25.4,,,-0.128,,,-3.81,,,
,2084,,3.10875,,,3.732,,,0.04125,,25.4,,,-0.132,,,-2.97,,,
,2114,,3.15875,,,3.608,,,0.05000,,25.4,,,-0.124,,,-2.25,,,
,2144,,3.20875,,,3.510,,,0.05000,,25.4,,,-0.098,,,-1.77,,,
,2174,,3.25875,,,3.430,,,0.05000,,25.4,,,-0.080,,,-1.46,,,
,2204,,3.30875,,,3.361,,,0.05000,,25.4,,,-0.069,,,-1.25,,,
,2235,,3.35875,,,3.302,,,0.05000,,25.4,,,-0.059,,,-1.10,,,
,2265,,3.40875,,,3.250,,,0.05000,,25.4,,,-0.052,,,-0.98,,,
,2295,,3.45875,,,3.203,,,0.05000,,25.4,,,-0.047,,,-0.88,,,
,2326,,3.50875,,,3.161,,,0.05000,,25.4,,,-0.042,,,-0.80,,,
,2356,,3.55875,,,3.122,,,0.05000,,25.4,,,-0.039,,,,,,
,2386,,3.60875,,,3.087,,,0.05000,,25.4,,,-0.035,,,,,,
,2416,,3.65875,,,3.054,,,0.05000,,25.4,,,-0.033,,,,,,
,2446,,3.70875,,,3.024,,,0.05000,,25.4,,,-0.030,,,,,,
,2477,,3.75875,,,2.995,,,0.05000,,25.4,,,-0.029,,,,,,
Measure (normal) [1],,,,,,,,"Scope 1/1, Sample 14/66",,,,,,,,,,,,
Measured Values,,,,,"Scope 1/1, Sample 14/66",,,,,,,,,,,,,,,
,Time,,,,,Meas. value,,,,,Temp.,,,,,dE,,,,
,[s],,,,,[pH],,,,,[°C],,,,,[pH],,,,
,1,,,,,5.004,,,,,23.8,,,,,,,,,
,2,,,,,5.304,,,,,24.0,,,,,0.300,,,,
,3,,,,,5.584,,,,,24.2,,,,,0.280,,,,
,4,,,,,5.810,,,,,24.4,,,,,0.226,,,,
,5,,,,,6.001,,,,,24.6,,,,,0.191,,,,
,6,,,,,6.174,,,,,24.8,,,,,0.173,,,,
,7,,,,,6.331,,,,,24.9,,,,,0.157,,,,
,8,,,,,6.457,,,,,25.0,,,,,0.126,,,,
,9,,,,,6.581,,,,,25.1,,,,,0.124,,,,
,10,,,,,6.692,,,,,25.2,,,,,0.111,,,,
,11,,,,,6.788,,,,,25.2,,,,,0.096,,,,
,12,,,,,6.873,,,,,25.3,,,,,0.085,,,,
,13,,,,,6.951,,,,,25.3,,,,,0.078,,,,
,14,,,,,7.014,,,,,25.3,,,,,0.063,,,,
,15,,,,,7.067,,,,,25.4,,,,,0.053,,,,
,16,,,,,7.114,,,,,25.4,,,,,0.047,,,,
,17,,,,,7.167,,,,,25.4,,,,,0.053,,,,
,18,,,,,7.211,,,,,25.4,,,,,0.044,,,,
,19,,,,,7.247,,,,,25.4,,,,,0.036,,,,
,20,,,,,7.279,,,,,25.4,,,,,0.032,,,,
,21,,,,,7.307,,,,,25.4,,,,,0.028,,,,
,22,,,,,7.330,,,,,25.4,,,,,0.023,,,,
,23,,,,,7.353,,,,,25.4,,,,,0.023,,,,
,24,,,,,7.374,,,,,25.4,,,,,0.021,,,,
,25,,,,,7.393,,,,,25.4,,,,,0.019,,,,
,26,,,,,7.410,,,,,25.4,,,,,0.017,,,,
,27,,,,,7.424,,,,,25.4,,,,,0.014,,,,
,28,,,,,7.436,,,,,25.4,,,,,0.012,,,,
,29,,,,,7.446,,,,,25.4,,,,,0.010,,,,
,30,,,,,7.457,,,,,25.4,,,,,0.011,,,,
,31,,,,,7.466,,,,,25.4,,,,,0.009,,,,
,32,,,,,7.474,,,,,25.4,,,,,0.008,,,,
,33,,,,,7.481,,,,,25.4,,,,,0.007,,,,
,34,,,,,7.488,,,,,25.4,,,,,0.007,,,,
,35,,,,,7.494,,,,,25.4,,,,,0.006,,,,
,36,,,,,7.499,,,,,25.4,,,,,0.005,,,,
,37,,,,,7.504,,,,,25.4,,,,,0.005,,,,
,38,,,,,7.508,,,,,25.4,,,,,0.004,,,,
,39,,,,,7.513,,,,,25.4,,,,,0.005,,,,
,40,,,,,7.516,,,,,25.4,,,,,0.003,,,,
,41,,,,,7.520,,,,,25.4,,,,,0.004,,,,
,42,,,,,7.522,,,,,25.4,,,,,0.002,,,,
,43,,,,,7.525,,,,,25.4,,,,,0.003,,,,
,44,,,,,7.528,,,,,25.4,,,,,0.003,,,,
,45,,,,,7.530,,,,,25.4,,,,,0.002,,,,
,46,,,,,7.532,,,,,25.4,,,,,0.002,,,,
,47,,,,,7.534,,,,,25.4,,,,,0.002,,,,
,48,,,,,7.536,,,,,25.4,,,,,0.002,,,,
,49,,,,,7.537,,,,,25.4,,,,,0.001,,,,
,50,,,,,7.539,,,,,25.4,,,,,0.002,,,,
,51,,,,,7.541,,,,,25.4,,,,,0.002,,,,
,52,,,,,7.542,,,,,25.4,,,,,0.001,,,,
,53,,,,,7.543,,,,,25.4,,,,,0.001,,,,
,54,,,,,7.544,,,,,25.4,,,,,0.001,,,,
,55,,,,,7.545,,,,,25.4,,,,,0.001,,,,
,56,,,,,7.546,,,,,25.4,,,,,0.001,,,,
,57,,,,,7.547,,,,,25.4,,,,,0.001,,,,
,58,,,,,7.548,,,,,25.4,,,,,0.001,,,,
,59,,,,,7.549,,,,,25.4,,,,,0.001,,,,
,60,,,,,7.550,,,,,25.4,,,,,0.001,,,,
Titration (EQP) [1],,,,,,,,"Scope 1/1, Sample 14/66",,,,,,,,,,,,
Measured Values,,,,,"Scope 1/1, Sample 14/66",,,,,,,,,,,,,,,
,Time,,V,,,Meas. value,,,dV,,Temp.,,,dE,,,dE/dV,,,EQP
,[s],,[mL],,,[pH],,,[mL],,[°C],,,[pH],,,[pH/mL],,,
,0,,0.00000,,,7.551,,,,,25.4,,,,,,,,,
,28,,0.08575,,,7.351,,,0.08575,,25.4,,,-0.200,,,,,,
,58,,0.12850,,,7.265,,,0.04275,,25.4,,,-0.086,,,,,,
,88,,0.15000,,,7.233,,,0.02150,,25.4,,,-0.032,,,,,,
,179,,0.20000,,,7.175,,,0.05000,,25.4,,,-0.058,,,,,,
,209,,0.25000,,,7.093,,,0.05000,,25.4,,,-0.082,,,-1.22,,,
,239,,0.30000,,,7.040,,,0.05000,,25.4,,,-0.053,,,-1.13,,,
,269,,0.35000,,,6.984,,,0.05000,,25.4,,,-0.056,,,-1.07,,,
,300,,0.40000,,,6.935,,,0.05000,,25.4,,,-0.049,,,-0.98,,,
,330,,0.45000,,,6.886,,,0.05000,,25.4,,,-0.049,,,-0.89,,,
,360,,0.50000,,,6.842,,,0.05000,,25.4,,,-0.044,,,-0.85,,,
,390,,0.55000,,,6.801,,,0.05000,,25.4,,,-0.041,,,-0.79,,,
,420,,0.60000,,,6.764,,,0.05000,,25.4,,,-0.037,,,-0.74,,,
,451,,0.65000,,,6.728,,,0.05000,,25.4,,,-0.036,,,-0.70,,,
,481,,0.70000,,,6.694,,,0.05000,,25.4,,,-0.034,,,-0.66,,,
,511,,0.75000,,,6.661,,,0.05000,,25.4,,,-0.033,,,-0.63,,,
,541,,0.80000,,,6.630,,,0.05000,,25.4,,,-0.031,,,-0.61,,,
,572,,0.85000,,,6.600,,,0.05000,,25.4,,,-0.030,,,-0.58,,,
,602,,0.90000,,,6.572,,,0.05000,,25.4,,,-0.028,,,-0.57,,,
,632,,0.95000,,,6.544,,,0.05000,,25.4,,,-0.028,,,-0.55,,,
,662,,1.00000,,,6.516,,,0.05000,,25.4,,,-0.028,,,-0.55,,,
,693,,1.05000,,,6.489,,,0.05000,,25.4,,,-0.027,,,-0.54,,,
,723,,1.10000,,,6.462,,,0.05000,,25.4,,,-0.027,,,-0.53,,,
,753,,1.15000,,,6.436,,,0.05000,,25.4,,,-0.026,,,-0.52,,,
,783,,1.20000,,,6.410,,,0.05000,,25.4,,,-0.026,,,-0.51,,,
,814,,1.25000,,,6.385,,,0.05000,,25.4,,,-0.025,,,-0.50,,,
,844,,1.30000,,,6.361,,,0.05000,,25.4,,,-0.024,,,-0.50,,,
,874,,1.35000,,,6.335,,,0.05000,,25.4,,,-0.026,,,-0.50,,,
,904,,1.40000,,,6.309,,,0.05000,,25.4,,,-0.026,,,-0.50,,,
,934,,1.45000,,,6.285,,,0.05000,,25.4,,,-0.024,,,-0.51,,,
,965,,1.50000,,,6.259,,,0.05000,,25.4,,,-0.026,,,-0.51,,,
,995,,1.55000,,,6.234,,,0.05000,,25.4,,,-0.025,,,-0.52,,,
,1025,,1.60000,,,6.208,,,0.05000,,25.4,,,-0.026,,,-0.53,,,
,1055,,1.65000,,,6.181,,,0.05000,,25.4,,,-0.027,,,-0.54,,,
,1086,,1.70000,,,6.154,,,0.05000,,25.4,,,-0.027,,,-0.54,,,
,1116,,1.75000,,,6.126,,,0.05000,,25.4,,,-0.028,,,-0.55,,,
,1146,,1.80000,,,6.099,,,0.05000,,25.4,,,-0.027,,,-0.57,,,
,1176,,1.85000,,,6.070,,,0.05000,,25.4,,,-0.029,,,-0.58,,,
,1207,,1.90000,,,6.041,,,0.05000,,25.4,,,-0.029,,,-0.60,,,
,1237,,1.95000,,,6.009,,,0.05000,,25.4,,,-0.032,,,-0.63,,,
,1267,,2.00000,,,5.978,,,0.05000,,25.4,,,-0.031,,,-0.65,,,
,1297,,2.05000,,,5.944,,,0.05000,,25.4,,,-0.034,,,-0.68,,,
,1328,,2.10000,,,5.910,,,0.05000,,25.4,,,-0.034,,,-0.72,,,
,1358,,2.15000,,,5.872,,,0.05000,,25.4,,,-0.038,,,-0.76,,,
,1388,,2.20000,,,5.833,,,0.05000,,25.4,,,-0.039,,,-0.81,,,
,1418,,2.25000,,,5.792,,,0.05000,,25.4,,,-0.041,,,-0.87,,,
,1448,,2.30000,,,5.745,,,0.05000,,25.4,,,-0.047,,,-0.94,,,
,1479,,2.35000,,,5.696,,,0.05000,,25.4,,,-0.049,,,-1.03,,,
,1509,,2.40000,,,5.642,,,0.05000,,25.4,,,-0.054,,,-1.14,,,
,1539,,2.45000,,,5.581,,,0.05000,,25.4,,,-0.061,,,-1.27,,,
,1570,,2.50000,,,5.512,,,0.05000,,25.4,,,-0.069,,,-1.45,,,
,1600,,2.55000,,,5.433,,,0.05000,,25.4,,,-0.079,,,-1.72,,,
,1630,,2.60000,,,5.338,,,0.05000,,25.4,,,-0.095,,,-2.13,,,
,1660,,2.65000,,,5.221,,,0.05000,,25.4,,,-0.117,,,-2.74,,,
,1690,,2.70000,,,5.069,,,0.05000,,25.4,,,-0.152,,,-3.66,,,
,1721,,2.73975,,,4.911,,,0.03975,,25.4,,,-0.158,,,-4.70,,,
,1751,,2.76625,,,4.779,,,0.02650,,25.4,,,-0.132,,,-5.38,,,
,1781,,2.78775,,,4.653,,,0.02150,,25.4,,,-0.126,,,-5.97,,,
,1811,,2.80750,,,4.523,,,0.01975,,25.4,,,-0.130,,,-6.50,,,
,,,2.815437 ???,,,4.449 ???,,,,,,,,,,,,,,EQP
,1842,,2.82575,,,4.353,,,0.01825,,25.4,,,-0.170,,,-6.53,,,
,1872,,2.83625,,,4.290,,,0.01050,,25.4,,,-0.063,,,-6.01,,,
,1902,,2.86250,,,4.154,,,0.02625,,25.4,,,-0.136,,,-5.33,,,
,1932,,2.89325,,,3.998,,,0.03075,,25.4,,,-0.156,,,-4.48,,,
,1963,,2.92050,,,3.886,,,0.02725,,25.4,,,-0.112,,,-3.82,,,
,1993,,2.96150,,,3.750,,,0.04100,,25.4,,,-0.136,,,-3.02,,,
,2023,,3.01150,,,3.623,,,0.05000,,25.4,,,-0.127,,,-2.32,,,
,2053,,3.06150,,,3.523,,,0.05000,,25.4,,,-0.100,,,-1.82,,,
,2084,,3.11150,,,3.440,,,0.05000,,25.4,,,-0.083,,,-1.50,,,
,2114,,3.16150,,,3.370,,,0.05000,,25.4,,,-0.070,,,-1.27,,,
,2144,,3.21150,,,3.310,,,0.05000,,25.4,,,-0.060,,,-1.11,,,
,2174,,3.26150,,,3.257,,,0.05000,,25.4,,,-0.053,,,-0.99,,,
,2204,,3.31150,,,3.210,,,0.05000,,25.4,,,-0.047,,,-0.89,,,
,2235,,3.36150,,,3.167,,,0.05000,,25.4,,,-0.043,,,-0.81,,,
,2265,,3.41150,,,3.128,,,0.05000,,25.4,,,-0.039,,,,,,
,2295,,3.46150,,,3.092,,,0.05000,,25.4,,,-0.036,,,,,,
,2325,,3.51150,,,3.059,,,0.05000,,25.4,,,-0.033,,,,,,
,2356,,3.56150,,,3.028,,,0.05000,,25.4,,,-0.031,,,,,,
,2386,,3.61150,,,3.000,,,0.05000,,25.4,,,-0.028,,,,,,
Measure (normal) [1],,,,,,,,"Scope 1/1, Sample 15/66",,,,,,,,,,,,
Measured Values,,,,,"Scope 1/1, Sample 15/66",,,,,,,,,,,,,,,
,Time,,,,,Meas. value,,,,,Temp.,,,,,dE,,,,
,[s],,,,,[pH],,,,,[°C],,,,,[pH],,,,
,1,,,,,4.726,,,,,23.7,,,,,,,,,
,2,,,,,5.007,,,,,23.8,,,,,0.281,,,,
,3,,,,,5.274,,,,,24.0,,,,,0.267,,,,
,4,,,,,5.483,,,,,24.3,,,,,0.209,,,,
,5,,,,,5.666,,,,,24.5,,,,,0.183,,,,
,6,,,,,5.840,,,,,24.7,,,,,0.174,,,,
,7,,,,,6.002,,,,,24.9,,,,,0.162,,,,
,8,,,,,6.139,,,,,25.0,,,,,0.137,,,,
,9,,,,,6.286,,,,,25.1,,,,,0.147,,,,
,10,,,,,6.430,,,,,25.1,,,,,0.144,,,,
,11,,,,,6.566,,,,,25.2,,,,,0.136,,,,
,12,,,,,6.694,,,,,25.2,,,,,0.128,,,,
,13,,,,,6.812,,,,,25.3,,,,,0.118,,,,
,14,,,,,6.927,,,,,25.3,,,,,0.115,,,,
,15,,,,,7.027,,,,,25.3,,,,,0.100,,,,
,16,,,,,7.110,,,,,25.3,,,,,0.083,,,,
,17,,,,,7.201,,,,,25.4,,,,,0.091,,,,
,18,,,,,7.280,,,,,25.4,,,,,0.079,,,,
,19,,,,,7.353,,,,,25.4,,,,,0.073,,,,
,20,,,,,7.421,,,,,25.4,,,,,0.068,,,,
,21,,,,,7.480,,,,,25.4,,,,,0.059,,,,
,22,,,,,7.530,,,,,25.4,,,,,0.050,,,,
,23,,,,,7.582,,,,,25.4,,,,,0.052,,,,
,24,,,,,7.629,,,,,25.4,,,,,0.047,,,,
,25,,,,,7.671,,,,,25.4,,,,,0.042,,,,
,26,,,,,7.709,,,,,25.4,,,,,0.038,,,,
,27,,,,,7.745,,,,,25.4,,,,,0.036,,,,
,28,,,,,7.779,,,,,25.4,,,,,0.034,,,,
,29,,,,,7.805,,,,,25.4,,,,,0.026,,,,
,30,,,,,7.832,,,,,25.4,,,,,0.027,,,,
,31,,,,,7.855,,,,,25.4,,,,,0.023,,,,
,32,,,,,7.878,,,,,25.4,,,,,0.023,,,,
,33,,,,,7.897,,,,,25.4,,,,,0.019,,,,
,34,,,,,7.916,,,,,25.4,,,,,0.019,,,,
,35,,,,,7.932,,,,,25.4,,,,,0.016,,,,
,36,,,,,7.945,,,,,25.4,,,,,0.013,,,,
,37,,,,,7.959,,,,,25.4,,,,,0.014,,,,
,38,,,,,7.972,,,,,25.4,,,,,0.013,,,,
,39,,,,,7.983,,,,,25.4,,,,,0.011,,,,
,40,,,,,7.994,,,,,25.4,,,,,0.011,,,,
,41,,,,,8.003,,,,,25.4,,,,,0.009,,,,
,42,,,,,8.011,,,,,25.4,,,,,0.008,,,,
,43,,,,,8.018,,,,,25.4,,,,,0.007,,,,
,44,,,,,8.025,,,,,25.4,,,,,0.007,,,,
,45,,,,,8.031,,,,,25.4,,,,,0.006,,,,
,46,,,,,8.037,,,,,25.4,,,,,0.006,,,,
,47,,,,,8.042,,,,,25.4,,,,,0.005,,,,
,48,,,,,8.047,,,,,25.4,,,,,0.005,,,,
,49,,,,,8.051,,,,,25.4,,,,,0.004,,,,
,50,,,,,8.055,,,,,25.4,,,,,0.004,,,,
,51,,,,,8.059,,,,,25.4,,,,,0.004,,,,
,52,,,,,8.062,,,,,25.4,,,,,0.003,,,,
,53,,,,,8.065,,,,,25.4,,,,,0.003,,,,
,54,,,,,8.067,,,,,25.4,,,,,0.002,,,,
,55,,,,,8.070,,,,,25.4,,,,,0.003,,,,
,56,,,,,8.072,,,,,25.4,,,,,0.002,,,,
,57,,,,,8.074,,,,,25.4,,,,,0.002,,,,
,58,,,,,8.076,,,,,25.4,,,,,0.002,,,,
,59,,,,,8.077,,,,,25.4,,,,,0.001,,,,
,60,,,,,8.079,,,,,25.4,,,,,0.002,,,,
Titration (EQP) [1],,,,,,,,"Scope 1/1, Sample 15/66",,,,,,,,,,,,
Measured Values,,,,,"Scope 1/1, Sample 15/66",,,,,,,,,,,,,,,
,Time,,V,,,Meas. value,,,dV,,Temp.,,,dE,,,dE/dV,,,EQP
,[s],,[mL],,,[pH],,,[mL],,[°C],,,[pH],,,[pH/mL],,,
,0,,0.00000,,,8.081,,,,,25.4,,,,,,,,,
,27,,0.08575,,,7.575,,,0.08575,,25.4,,,-0.506,,,,,,
,58,,0.12850,,,7.277,,,0.04275,,25.4,,,-0.298,,,,,,
,88,,0.15000,,,7.138,,,0.02150,,25.4,,,-0.139,,,,,,
,178,,0.17250,,,7.030,,,0.02250,,25.4,,,-0.108,,,,,,
,209,,0.21125,,,6.936,,,0.03875,,25.4,,,-0.094,,,-3.38,,,
,239,,0.26125,,,6.800,,,0.05000,,25.4,,,-0.136,,,-2.52,,,
,269,,0.31125,,,6.684,,,0.05000,,25.4,,,-0.116,,,-2.27,,,
,300,,0.36125,,,6.554,,,0.05000,,25.4,,,-0.130,,,-2.16,,,
,330,,0.41125,,,6.457,,,0.05000,,25.4,,,-0.097,,,-2.05,,,
,360,,0.46125,,,6.371,,,0.05000,,25.3,,,-0.086,,,-1.89,,,
,390,,0.51125,,,6.261,,,0.05000,,25.3,,,-0.110,,,-1.80,,,
,420,,0.56125,,,6.178,,,0.05000,,25.3,,,-0.083,,,-1.75,,,
,451,,0.61125,,,6.093,,,0.05000,,25.3,,,-0.085,,,-1.77,,,
,481,,0.66125,,,6.005,,,0.05000,,25.3,,,-0.088,,,-1.78,,,
,511,,0.71125,,,5.907,,,0.05000,,25.3,,,-0.098,,,-1.88,,,
,541,,0.76125,,,5.808,,,0.05000,,25.3,,,-0.099,,,-2.13,,,
,572,,0.81125,,,5.697,,,0.05000,,25.3,,,-0.111,,,-2.50,,,
,602,,0.86125,,,5.561,,,0.05000,,25.3,,,-0.136,,,-3.13,,,
,632,,0.91075,,,5.391,,,0.04950,,25.3,,,-0.170,,,-4.23,,,
,662,,0.94250,,,5.254,,,0.03175,,25.3,,,-0.137,,,-5.29,,,
,693,,0.96750,,,5.119,,,0.02500,,25.3,,,-0.135,,,-6.36,,,
,723,,0.98750,,,4.983,,,0.02000,,25.3,,,-0.136,,,-7.32,,,
,753,,1.00350,,,4.852,,,0.01600,,25.3,,,-0.131,,,-8.16,,,
,783,,1.01750,,,4.720,,,0.01400,,25.3,,,-0.132,,,-9.15,,,
,,,1.028879 ???,,,4.606 ???,,,,,,,,,,,,,,EQP
,814,,1.03000,,,4.595,,,0.01250,,25.3,,,-0.125,,,-9.63,,,
,844,,1.04275,,,4.467,,,0.01275,,25.3,,,-0.128,,,-9.10,,,
,874,,1.05625,,,4.339,,,0.01350,,25.3,,,-0.128,,,-8.12,,,
,904,,1.07150,,,4.215,,,0.01525,,25.3,,,-0.124,,,-7.21,,,
,935,,1.09100,,,4.085,,,0.01950,,25.3,,,-0.130,,,-6.19,,,
,965,,1.11550,,,3.958,,,0.02450,,25.3,,,-0.127,,,-5.05,,,
,995,,1.14950,,,3.821,,,0.03400,,25.3,,,-0.137,,,-3.84,,,
,1025,,1.19300,,,3.691,,,0.04350,,25.3,,,-0.130,,,-2.81,,,
,1056,,1.24300,,,3.576,,,0.05000,,25.3,,,-0.115,,,-2.09,,,
,1086,,1.29300,,,3.484,,,0.05000,,25.3,,,-0.092,,,-1.65,,,
,1116,,1.34300,,,3.408,,,0.05000,,25.3,,,-0.076,,,-1.37,,,
,1146,,1.39300,,,3.343,,,0.05000,,25.3,,,-0.065,,,-1.19,,,
,1177,,1.44300,,,3.287,,,0.05000,,25.3,,,-0.056,,,-1.05,,,
,1207,,1.49300,,,3.237,,,0.05000,,25.3,,,-0.050,,,-0.94,,,
,1237,,1.54300,,,3.192,,,0.05000,,25.3,,,-0.045,,,-0.85,,,
,1267,,1.59300,,,3.151,,,0.05000,,25.3,,,-0.041,,,-0.77,,,
,1298,,1.64300,,,3.115,,,0.05000,,25.3,,,-0.036,,,,,,
,1328,,1.69300,,,3.081,,,0.05000,,25.3,,,-0.034,,,,,,
,1358,,1.74300,,,3.049,,,0.05000,,25.3,,,-0.032,,,,,,
,1388,,1.79300,,,3.020,,,0.05000,,25.3,,,-0.029,,,,,,
,1418,,1.84300,,,2.992,,,0.05000,,25.3,,,-0.028,,,,,,
Measure (normal) [1],,,,,,,,"Scope 1/1, Sample 16/66",,,,,,,,,,,,
Measured Values,,,,,"Scope 1/1, Sample 16/66",,,,,,,,,,,,,,,
,Time,,,,,Meas. value,,,,,Temp.,,,,,dE,,,,
,[s],,,,,[pH],,,,,[°C],,,,,[pH],,,,
,1,,,,,4.953,,,,,22.8,,,,,,,,,
,2,,,,,5.221,,,,,23.1,,,,,0.268,,,,
,3,,,,,5.481,,,,,23.4,,,,,0.260,,,,
,4,,,,,5.703,,,,,23.8,,,,,0.222,,,,
,5,,,,,5.905,,,,,24.1,,,,,0.202,,,,
,6,,,,,6.090,,,,,24.4,,,,,0.185,,,,
,7,,,,,6.264,,,,,24.6,,,,,0.174,,,,
,8,,,,,6.409,,,,,24.7,,,,,0.145,,,,
,9,,,,,6.564,,,,,24.8,,,,,0.155,,,,
,10,,,,,6.703,,,,,24.9,,,,,0.139,,,,
,11,,,,,6.835,,,,,25.0,,,,,0.132,,,,
,12,,,,,6.955,,,,,25.1,,,,,0.120,,,,
,13,,,,,7.058,,,,,25.1,,,,,0.103,,,,
,14,,,,,7.158,,,,,25.2,,,,,0.100,,,,
,15,,,,,7.242,,,,,25.2,,,,,0.084,,,,
,16,,,,,7.325,,,,,25.2,,,,,0.083,,,,
,17,,,,,7.401,,,,,25.2,,,,,0.076,,,,
,18,,,,,7.467,,,,,25.2,,,,,0.066,,,,
,19,,,,,7.526,,,,,25.3,,,,,0.059,,,,
,20,,,,,7.580,,,,,25.3,,,,,0.054,,,,
,21,,,,,7.629,,,,,25.3,,,,,0.049,,,,
,22,,,,,7.670,,,,,25.3,,,,,0.041,,,,
,23,,,,,7.712,,,,,25.3,,,,,0.042,,,,
,24,,,,,7.749,,,,,25.3,,,,,0.037,,,,
,25,,,,,7.784,,,,,25.3,,,,,0.035,,,,
,26,,,,,7.815,,,,,25.3,,,,,0.031,,,,
,27,,,,,7.841,,,,,25.3,,,,,0.026,,,,
,28,,,,,7.866,,,,,25.3,,,,,0.025,,,,
,29,,,,,7.886,,,,,25.3,,,,,0.020,,,,
,30,,,,,7.907,,,,,25.3,,,,,0.021,,,,
,31,,,,,7.926,,,,,25.3,,,,,0.019,,,,
,32,,,,,7.943,,,,,25.3,,,,,0.017,,,,
,33,,,,,7.959,,,,,25.3,,,,,0.016,,,,
,34,,,,,7.974,,,,,25.3,,,,,0.015,,,,
,35,,,,,7.986,,,,,25.3,,,,,0.012,,,,
,36,,,,,7.998,,,,,25.3,,,,,0.012,,,,
,37,,,,,8.009,,,,,25.3,,,,,0.011,,,,
,38,,,,,8.019,,,,,25.3,,,,,0.010,,,,
,39,,,,,8.028,,,,,25.3,,,,,0.009,,,,
,40,,,,,8.036,,,,,25.3,,,,,0.008,,,,
,41,,,,,8.043,,,,,25.3,,,,,0.007,,,,
,42,,,,,8.050,,,,,25.3,,,,,0.007,,,,
,43,,,,,8.055,,,,,25.3,,,,,0.005,,,,
,44,,,,,8.061,,,,,25.3,,,,,0.006,,,,
,45,,,,,8.067,,,,,25.3,,,,,0.006,,,,
,46,,,,,8.072,,,,,25.3,,,,,0.005,,,,
,47,,,,,8.076,,,,,25.3,,,,,0.004,,,,
,48,,,,,8.080,,,,,25.3,,,,,0.004,,,,
,49,,,,,8.083,,,,,25.3,,,,,0.003,,,,
,50,,,,,8.086,,,,,25.3,,,,,0.003,,,,
,51,,,,,8.089,,,,,25.3,,,,,0.003,,,,
,52,,,,,8.092,,,,,25.3,,,,,0.003,,,,
,53,,,,,8.094,,,,,25.3,,,,,0.002,,,,
,54,,,,,8.097,,,,,25.3,,,,,0.003,,,,
,55,,,,,8.099,,,,,25.3,,,,,0.002,,,,
,56,,,,,8.101,,,,,25.3,,,,,0.002,,,,
,57,,,,,8.103,,,,,25.3,,,,,0.002,,,,
,58,,,,,8.104,,,,,25.3,,,,,0.001,,,,
,59,,,,,8.105,,,,,25.3,,,,,0.001,,,,
,60,,,,,8.107,,,,,25.3,,,,,0.002,,,,
Titration (EQP) [1],,,,,,,,"Scope 1/1, Sample 16/66",,,,,,,,,,,,
Measured Values,,,,,"Scope 1/1, Sample 16/66",,,,,,,,,,,,,,,
,Time,,V,,,Meas. value,,,dV,,Temp.,,,dE,,,dE/dV,,,EQP
,[s],,[mL],,,[pH],,,[mL],,[°C],,,[pH],,,[pH/mL],,,
,0,,0.00000,,,8.109,,,,,25.3,,,,,,,,,
,28,,0.08575,,,7.693,,,0.08575,,25.3,,,-0.416,,,,,,
,58,,0.12850,,,7.377,,,0.04275,,25.3,,,-0.316,,,,,,
,88,,0.15000,,,7.233,,,0.02150,,25.3,,,-0.144,,,,,,
,179,,0.17225,,,7.099,,,0.02225,,25.3,,,-0.134,,,,,,
,209,,0.19775,,,7.031,,,0.02550,,25.3,,,-0.068,,,-3.90,,,
,239,,0.24775,,,6.884,,,0.05000,,25.3,,,-0.147,,,-2.78,,,
,269,,0.29000,,,6.771,,,0.04225,,25.3,,,-0.113,,,-2.42,,,
,300,,0.34000,,,6.666,,,0.05000,,25.3,,,-0.105,,,-2.23,,,
,330,,0.39000,,,6.550,,,0.05000,,25.3,,,-0.116,,,-2.13,,,
,360,,0.44000,,,6.454,,,0.05000,,25.3,,,-0.096,,,-1.97,,,
,390,,0.49000,,,6.342,,,0.05000,,25.3,,,-0.112,,,-1.90,,,
,421,,0.54000,,,6.257,,,0.05000,,25.3,,,-0.085,,,-1.84,,,
,451,,0.59000,,,6.171,,,0.05000,,25.3,,,-0.086,,,-1.77,,,
,481,,0.64000,,,6.083,,,0.05000,,25.3,,,-0.088,,,-1.77,,,
,511,,0.69000,,,5.981,,,0.05000,,25.3,,,-0.102,,,-1.80,,,
,542,,0.74000,,,5.894,,,0.05000,,25.3,,,-0.087,,,-1.96,,,
,572,,0.79000,,,5.795,,,0.05000,,25.3,,,-0.099,,,-2.17,,,
,602,,0.84000,,,5.674,,,0.05000,,25.3,,,-0.121,,,-2.55,,,
,632,,0.89000,,,5.536,,,0.05000,,25.3,,,-0.138,,,-3.24,,,
,662,,0.93825,,,5.367,,,0.04825,,25.3,,,-0.169,,,-4.42,,,
,693,,0.96925,,,5.228,,,0.03100,,25.3,,,-0.139,,,-5.49,,,
,723,,0.99250,,,5.095,,,0.02325,,25.3,,,-0.133,,,-6.50,,,
,753,,1.01150,,,4.963,,,0.01900,,25.3,,,-0.132,,,-7.44,,,
,784,,1.02750,,,4.830,,,0.01600,,25.3,,,-0.133,,,-8.30,,,
,814,,1.04125,,,4.698,,,0.01375,,25.3,,,-0.132,,,-9.25,,,
,,,1.051120 ???,,,4.598 ???,,,,,,,,,,,,,,EQP
,844,,1.05375,,,4.571,,,0.01250,,25.3,,,-0.127,,,-9.56,,,
,874,,1.06625,,,4.447,,,0.01250,,25.3,,,-0.124,,,-8.89,,,
,904,,1.08025,,,4.319,,,0.01400,,25.3,,,-0.128,,,-7.90,,,
,935,,1.09650,,,4.191,,,0.01625,,25.3,,,-0.128,,,-7.00,,,
,965,,1.11650,,,4.065,,,0.02000,,25.3,,,-0.126,,,-5.97,,,
,995,,1.14350,,,3.932,,,0.02700,,25.3,,,-0.133,,,-4.78,,,
,1025,,1.17850,,,3.798,,,0.03500,,25.3,,,-0.134,,,-3.63,,,
,1056,,1.22450,,,3.667,,,0.04600,,25.3,,,-0.131,,,-2.64,,,
,1086,,1.27450,,,3.557,,,0.05000,,25.3,,,-0.110,,,-1.99,,,
,1116,,1.32450,,,3.470,,,0.05000,,25.3,,,-0.087,,,-1.59,,,
,1146,,1.37450,,,3.396,,,0.05000,,25.3,,,-0.074,,,-1.33,,,
,1177,,1.42450,,,3.333,,,0.05000,,25.3,,,-0.063,,,-1.16,,,
,1207,,1.47450,,,3.278,,,0.05000,,25.3,,,-0.055,,,-1.03,,,
,1237,,1.52450,,,3.229,,,0.05000,,25.3,,,-0.049,,,-0.92,,,
,1267,,1.57450,,,3.185,,,0.05000,,25.3,,,-0.044,,,-0.83,,,
,1298,,1.62450,,,3.145,,,0.05000,,25.3,,,-0.040,,,-0.76,,,
,1328,,1.67450,,,3.109,,,0.05000,,25.3,,,-0.036,,,,,,
,1358,,1.72450,,,3.075,,,0.05000,,25.3,,,-0.034,,,,,,
,1388,,1.77450,,,3.043,,,0.05000,,25.3,,,-0.032,,,,,,
,1418,,1.82450,,,3.014,,,0.05000,,25.3,,,-0.029,,,,,,
,1449,,1.87450,,,2.987,,,0.05000,,25.3,,,-0.027,,,,,,
Measure (normal) [1],,,,,,,,"Scope 1/1, Sample 17/66",,,,,,,,,,,,
Measured Values,,,,,"Scope 1/1, Sample 17/66",,,,,,,,,,,,,,,
,Time,,,,,Meas. value,,,,,Temp.,,,,,dE,,,,
,[s],,,,,[pH],,,,,[°C],,,,,[pH],,,,
,1,,,,,4.846,,,,,22.5,,,,,,,,,
,2,,,,,5.147,,,,,22.8,,,,,0.301,,,,
,3,,,,,5.418,,,,,23.2,,,,,0.271,,,,
,4,,,,,5.640,,,,,23.6,,,,,0.222,,,,
,5,,,,,5.840,,,,,23.9,,,,,0.200,,,,
,6,,,,,6.029,,,,,24.2,,,,,0.189,,,,
,7,,,,,6.206,,,,,24.4,,,,,0.177,,,,
,8,,,,,6.359,,,,,24.6,,,,,0.153,,,,
,9,,,,,6.516,,,,,24.7,,,,,0.157,,,,
,10,,,,,6.661,,,,,24.9,,,,,0.145,,,,
,11,,,,,6.794,,,,,24.9,,,,,0.133,,,,
,12,,,,,6.922,,,,,25.0,,,,,0.128,,,,
,13,,,,,7.036,,,,,25.1,,,,,0.114,,,,
,14,,,,,7.140,,,,,25.1,,,,,0.104,,,,
,15,,,,,7.229,,,,,25.1,,,,,0.089,,,,
,16,,,,,7.317,,,,,25.2,,,,,0.088,,,,
,17,,,,,7.398,,,,,25.2,,,,,0.081,,,,
,18,,,,,7.471,,,,,25.2,,,,,0.073,,,,
,19,,,,,7.538,,,,,25.2,,,,,0.067,,,,
,20,,,,,7.598,,,,,25.2,,,,,0.060,,,,
,21,,,,,7.654,,,,,25.2,,,,,0.056,,,,
,22,,,,,7.702,,,,,25.2,,,,,0.048,,,,
,23,,,,,7.742,,,,,25.2,,,,,0.040,,,,
,24,,,,,7.784,,,,,25.2,,,,,0.042,,,,
,25,,,,,7.822,,,,,25.3,,,,,0.038,,,,
,26,,,,,7.856,,,,,25.3,,,,,0.034,,,,
,27,,,,,7.886,,,,,25.3,,,,,0.030,,,,
,28,,,,,7.913,,,,,25.3,,,,,0.027,,,,
,29,,,,,7.936,,,,,25.3,,,,,0.023,,,,
,30,,,,,7.960,,,,,25.3,,,,,0.024,,,,
,31,,,,,7.981,,,,,25.3,,,,,0.021,,,,
,32,,,,,7.999,,,,,25.3,,,,,0.018,,,,
,33,,,,,8.017,,,,,25.3,,,,,0.018,,,,
,34,,,,,8.032,,,,,25.3,,,,,0.015,,,,
,35,,,,,8.045,,,,,25.3,,,,,0.013,,,,
,36,,,,,8.057,,,,,25.3,,,,,0.012,,,,
,37,,,,,8.069,,,,,25.3,,,,,0.012,,,,
,38,,,,,8.080,,,,,25.3,,,,,0.011,,,,
,39,,,,,8.090,,,,,25.3,,,,,0.010,,,,
,40,,,,,8.099,,,,,25.3,,,,,0.009,,,,
,41,,,,,8.107,,,,,25.3,,,,,0.008,,,,
,42,,,,,8.114,,,,,25.3,,,,,0.007,,,,
,43,,,,,8.119,,,,,25.3,,,,,0.005,,,,
,44,,,,,8.126,,,,,25.3,,,,,0.007,,,,
,45,,,,,8.131,,,,,25.3,,,,,0.005,,,,
,46,,,,,8.136,,,,,25.3,,,,,0.005,,,,
,47,,,,,8.141,,,,,25.3,,,,,0.005,,,,
,48,,,,,8.145,,,,,25.3,,,,,0.004,,,,
,49,,,,,8.148,,,,,25.3,,,,,0.003,,,,
,50,,,,,8.151,,,,,25.3,,,,,0.003,,,,
,51,,,,,8.155,,,,,25.3,,,,,0.004,,,,
,52,,,,,8.157,,,,,25.3,,,,,0.002,,,,
,53,,,,,8.160,,,,,25.3,,,,,0.003,,,,
,54,,,,,8.162,,,,,25.3,,,,,0.002,,,,
,55,,,,,8.164,,,,,25.3,,,,,0.002,,,,
,56,,,,,8.166,,,,,25.3,,,,,0.002,,,,
,57,,,,,8.168,,,,,25.3,,,,,0.002,,,,
,58,,,,,8.169,,,,,25.3,,,,,0.001,,,,
,59,,,,,8.170,,,,,25.3,,,,,0.001,,,,
,60,,,,,8.172,,,,,25.3,,,,,0.002,,,,
Titration (EQP) [1],,,,,,,,"Scope 1/1, Sample 17/66",,,,,,,,,,,,
Measured Values,,,,,"Scope 1/1, Sample 17/66",,,,,,,,,,,,,,,
,Time,,V,,,Meas. value,,,dV,,Temp.,,,dE,,,dE/dV,,,EQP
,[s],,[mL],,,[pH],,,[mL],,[°C],,,[pH],,,[pH/mL],,,
,0,,0.00000,,,8.174,,,,,25.3,,,,,,,,,
,28,,0.08575,,,7.650,,,0.08575,,25.3,,,-0.524,,,,,,
,58,,0.12850,,,7.340,,,0.04275,,25.3,,,-0.310,,,,,,
,89,,0.15000,,,7.193,,,0.02150,,25.3,,,-0.147,,,,,,
,180,,0.17125,,,7.075,,,0.02125,,25.3,,,-0.118,,,,,,
,210,,0.20075,,,6.985,,,0.02950,,25.3,,,-0.090,,,-3.85,,,
,240,,0.25075,,,6.828,,,0.05000,,25.3,,,-0.157,,,-2.72,,,
,270,,0.29200,,,6.719,,,0.04125,,25.3,,,-0.109,,,-2.33,,,
,301,,0.34200,,,6.625,,,0.05000,,25.3,,,-0.094,,,-2.13,,,
,331,,0.39200,,,6.527,,,0.05000,,25.3,,,-0.098,,,-2.01,,,
,361,,0.44200,,,6.418,,,0.05000,,25.3,,,-0.109,,,-1.90,,,
,391,,0.49200,,,6.317,,,0.05000,,25.3,,,-0.101,,,-1.89,,,
,422,,0.54200,,,6.222,,,0.05000,,25.3,,,-0.095,,,-1.87,,,
,452,,0.59200,,,6.141,,,0.05000,,25.3,,,-0.081,,,-1.85,,,
,482,,0.64200,,,6.047,,,0.05000,,25.3,,,-0.094,,,-1.87,,,
,512,,0.69200,,,5.941,,,0.05000,,25.3,,,-0.106,,,-1.99,,,
,543,,0.74200,,,5.839,,,0.05000,,25.3,,,-0.102,,,-2.20,,,
,573,,0.79200,,,5.718,,,0.05000,,25.3,,,-0.121,,,-2.54,,,
,603,,0.84200,,,5.591,,,0.05000,,25.3,,,-0.127,,,-3.11,,,
,633,,0.89200,,,5.422,,,0.05000,,25.3,,,-0.169,,,-4.19,,,
,664,,0.92425,,,5.281,,,0.03225,,25.3,,,-0.141,,,-5.29,,,
,694,,0.94850,,,5.150,,,0.02425,,25.3,,,-0.131,,,-6.36,,,
,724,,0.96875,,,5.014,,,0.02025,,25.3,,,-0.136,,,-7.42,,,
,754,,0.98475,,,4.880,,,0.01600,,25.3,,,-0.134,,,-8.27,,,
,784,,0.99800,,,4.757,,,0.01325,,25.3,,,-0.123,,,-9.24,,,
,,,1.010870 ???,,,4.624 ???,,,,,,,,,,,,,,EQP
,815,,1.01100,,,4.623,,,0.01300,,25.3,,,-0.134,,,-9.84,,,
,845,,1.02300,,,4.496,,,0.01200,,25.3,,,-0.127,,,-9.44,,,
,875,,1.03575,,,4.375,,,0.01275,,25.3,,,-0.121,,,-8.46,,,
,905,,1.05150,,,4.241,,,0.01575,,25.3,,,-0.134,,,-7.47,,,
,936,,1.06925,,,4.116,,,0.01775,,25.3,,,-0.125,,,-6.50,,,
,966,,1.09275,,,3.985,,,0.02350,,25.3,,,-0.131,,,-5.33,,,
,996,,1.12375,,,3.853,,,0.03100,,25.3,,,-0.132,,,-4.14,,,
,1026,,1.16575,,,3.718,,,0.04200,,25.3,,,-0.135,,,-3.03,,,
,1057,,1.21575,,,3.596,,,0.05000,,25.3,,,-0.122,,,-2.22,,,
,1087,,1.26575,,,3.500,,,0.05000,,25.3,,,-0.096,,,-1.73,,,
,1117,,1.31575,,,3.421,,,0.05000,,25.3,,,-0.079,,,-1.43,,,
,1147,,1.36575,,,3.354,,,0.05000,,25.3,,,-0.067,,,-1.22,,,
,1178,,1.41575,,,3.296,,,0.05000,,25.3,,,-0.058,,,-1.08,,,
,1208,,1.46575,,,3.244,,,0.05000,,25.3,,,-0.052,,,-0.97,,,
,1238,,1.51575,,,3.198,,,0.05000,,25.3,,,-0.046,,,-0.87,,,
,1268,,1.56575,,,3.157,,,0.05000,,25.3,,,-0.041,,,-0.80,,,
,1298,,1.61575,,,3.118,,,0.05000,,25.3,,,-0.039,,,,,,
,1329,,1.66575,,,3.083,,,0.05000,,25.3,,,-0.035,,,,,,
,1359,,1.71575,,,3.051,,,0.05000,,25.3,,,-0.032,,,,,,
,1389,,1.76575,,,3.020,,,0.05000,,25.3,,,-0.031,,,,,,
,1420,,1.81575,,,2.993,,,0.05000,,25.3,,,-0.027,,,,,,
Measure (normal) [1],,,,,,,,"Scope 1/1, Sample 18/66",,,,,,,,,,,,
Measured Values,,,,,"Scope 1/1, Sample 18/66",,,,,,,,,,,,,,,
,Time,,,,,Meas. value,,,,,Temp.,,,,,dE,,,,
,[s],,,,,[pH],,,,,[°C],,,,,[pH],,,,
,1,,,,,4.713,,,,,23.9,,,,,,,,,
,2,,,,,4.982,,,,,24.0,,,,,0.269,,,,
,3,,,,,5.260,,,,,24.2,,,,,0.278,,,,
,4,,,,,5.497,,,,,24.4,,,,,0.237,,,,
,5,,,,,5.703,,,,,24.6,,,,,0.206,,,,
,6,,,,,5.891,,,,,24.8,,,,,0.188,,,,
,7,,,,,6.069,,,,,24.9,,,,,0.178,,,,
,8,,,,,6.223,,,,,25.0,,,,,0.154,,,,
,9,,,,,6.384,,,,,25.1,,,,,0.161,,,,
,10,,,,,6.535,,,,,25.1,,,,,0.151,,,,
,11,,,,,6.674,,,,,25.2,,,,,0.139,,,,
,12,,,,,6.805,,,,,25.2,,,,,0.131,,,,
,13,,,,,6.927,,,,,25.3,,,,,0.122,,,,
,14,,,,,7.033,,,,,25.3,,,,,0.106,,,,
,15,,,,,7.116,,,,,25.3,,,,,0.083,,,,
,16,,,,,7.207,,,,,25.3,,,,,0.091,,,,
,17,,,,,7.290,,,,,25.3,,,,,0.083,,,,
,18,,,,,7.368,,,,,25.3,,,,,0.078,,,,
,19,,,,,7.440,,,,,25.4,,,,,0.072,,,,
,20,,,,,7.503,,,,,25.4,,,,,0.063,,,,
,21,,,,,7.561,,,,,25.4,,,,,0.058,,,,
,22,,,,,7.609,,,,,25.4,,,,,0.048,,,,
,23,,,,,7.657,,,,,25.4,,,,,0.048,,,,
,24,,,,,7.700,,,,,25.4,,,,,0.043,,,,
,25,,,,,7.740,,,,,25.4,,,,,0.040,,,,
,26,,,,,7.776,,,,,25.4,,,,,0.036,,,,
,27,,,,,7.809,,,,,25.4,,,,,0.033,,,,
,28,,,,,7.839,,,,,25.4,,,,,0.030,,,,
,29,,,,,7.864,,,,,25.4,,,,,0.025,,,,
,30,,,,,7.889,,,,,25.4,,,,,0.025,,,,
,31,,,,,7.911,,,,,25.4,,,,,0.022,,,,
,32,,,,,7.931,,,,,25.4,,,,,0.020,,,,
,33,,,,,7.950,,,,,25.4,,,,,0.019,,,,
,34,,,,,7.967,,,,,25.4,,,,,0.017,,,,
,35,,,,,7.983,,,,,25.4,,,,,0.016,,,,
,36,,,,,7.995,,,,,25.4,,,,,0.012,,,,
,37,,,,,8.008,,,,,25.4,,,,,0.013,,,,
,38,,,,,8.020,,,,,25.4,,,,,0.012,,,,
,39,,,,,8.031,,,,,25.4,,,,,0.011,,,,
,40,,,,,8.041,,,,,25.4,,,,,0.010,,,,
,41,,,,,8.049,,,,,25.4,,,,,0.008,,,,
,42,,,,,8.057,,,,,25.4,,,,,0.008,,,,
,43,,,,,8.064,,,,,25.4,,,,,0.007,,,,
,44,,,,,8.071,,,,,25.4,,,,,0.007,,,,
,45,,,,,8.077,,,,,25.4,,,,,0.006,,,,
,46,,,,,8.082,,,,,25.4,,,,,0.005,,,,
,47,,,,,8.087,,,,,25.4,,,,,0.005,,,,
,48,,,,,8.092,,,,,25.4,,,,,0.005,,,,
,49,,,,,8.096,,,,,25.4,,,,,0.004,,,,
,50,,,,,8.099,,,,,25.4,,,,,0.003,,,,
,51,,,,,8.103,,,,,25.4,,,,,0.004,,,,
,52,,,,,8.106,,,,,25.4,,,,,0.003,,,,
,53,,,,,8.110,,,,,25.4,,,,,0.004,,,,
,54,,,,,8.112,,,,,25.4,,,,,0.002,,,,
,55,,,,,8.115,,,,,25.4,,,,,0.003,,,,
,56,,,,,8.117,,,,,25.4,,,,,0.002,,,,
,57,,,,,8.119,,,,,25.4,,,,,0.002,,,,
,58,,,,,8.120,,,,,25.4,,,,,0.001,,,,
,59,,,,,8.122,,,,,25.4,,,,,0.002,,,,
,60,,,,,8.124,,,,,25.4,,,,,0.002,,,,
Titration (EQP) [1],,,,,,,,"Scope 1/1, Sample 18/66",,,,,,,,,,,,
Measured Values,,,,,"Scope 1/1, Sample 18/66",,,,,,,,,,,,,,,
,Time,,V,,,Meas. value,,,dV,,Temp.,,,dE,,,dE/dV,,,EQP
,[s],,[mL],,,[pH],,,[mL],,[°C],,,[pH],,,[pH/mL],,,
,0,,0.00000,,,8.127,,,,,25.4,,,,,,,,,
,28,,0.08575,,,7.606,,,0.08575,,25.4,,,-0.521,,,,,,
,58,,0.12850,,,7.300,,,0.04275,,25.4,,,-0.306,,,,,,
,89,,0.15000,,,7.158,,,0.02150,,25.4,,,-0.142,,,,,,
,180,,0.17200,,,7.041,,,0.02200,,25.4,,,-0.117,,,,,,
,210,,0.20375,,,6.961,,,0.03175,,25.4,,,-0.080,,,-3.76,,,
,240,,0.25375,,,6.815,,,0.05000,,25.4,,,-0.146,,,-2.75,,,
,270,,0.29700,,,6.688,,,0.04325,,25.4,,,-0.127,,,-2.34,,,
,301,,0.34275,,,6.580,,,0.04575,,25.4,,,-0.108,,,-2.16,,,
,331,,0.39275,,,6.484,,,0.05000,,25.4,,,-0.096,,,-1.99,,,
,361,,0.44275,,,6.404,,,0.05000,,25.4,,,-0.080,,,-1.77,,,
,391,,0.49275,,,6.311,,,0.05000,,25.4,,,-0.093,,,-1.67,,,
,422,,0.54275,,,6.207,,,0.05000,,25.4,,,-0.104,,,-1.68,,,
,452,,0.59275,,,6.140,,,0.05000,,25.4,,,-0.067,,,-1.71,,,
,482,,0.64275,,,6.060,,,0.05000,,25.4,,,-0.080,,,-1.74,,,
,512,,0.69275,,,5.959,,,0.05000,,25.4,,,-0.101,,,-1.80,,,
,542,,0.74275,,,5.862,,,0.05000,,25.4,,,-0.097,,,-1.97,,,
,573,,0.79275,,,5.758,,,0.05000,,25.4,,,-0.104,,,-2.28,,,
,603,,0.84275,,,5.643,,,0.05000,,25.4,,,-0.115,,,-2.69,,,
,633,,0.89275,,,5.496,,,0.05000,,25.4,,,-0.147,,,-3.46,,,
,663,,0.93550,,,5.336,,,0.04275,,25.4,,,-0.160,,,-4.59,,,
,694,,0.96425,,,5.200,,,0.02875,,25.4,,,-0.136,,,-5.65,,,
,724,,0.98700,,,5.066,,,0.02275,,25.4,,,-0.134,,,-6.68,,,
,754,,1.00550,,,4.932,,,0.01850,,25.4,,,-0.134,,,-7.57,,,
,784,,1.02075,,,4.803,,,0.01525,,25.4,,,-0.129,,,-8.43,,,
,815,,1.03450,,,4.671,,,0.01375,,25.4,,,-0.132,,,-9.31,,,
,,,1.042803 ???,,,4.588 ???,,,,,,,,,,,,,,EQP
,845,,1.04700,,,4.546,,,0.01250,,25.4,,,-0.125,,,-9.41,,,
,875,,1.06025,,,4.414,,,0.01325,,25.4,,,-0.132,,,-8.61,,,
,905,,1.07400,,,4.293,,,0.01375,,25.4,,,-0.121,,,-7.66,,,
,936,,1.09125,,,4.165,,,0.01725,,25.4,,,-0.128,,,-6.74,,,
,966,,1.11275,,,4.037,,,0.02150,,25.4,,,-0.128,,,-5.68,,,
,996,,1.14150,,,3.903,,,0.02875,,25.4,,,-0.134,,,-4.49,,,
,1026,,1.17825,,,3.772,,,0.03675,,25.4,,,-0.131,,,-3.40,,,
,1056,,1.22825,,,3.639,,,0.05000,,25.4,,,-0.133,,,-2.44,,,
,1087,,1.27825,,,3.535,,,0.05000,,25.4,,,-0.104,,,-1.87,,,
,1117,,1.32825,,,3.451,,,0.05000,,25.4,,,-0.084,,,-1.51,,,
,1147,,1.37825,,,3.381,,,0.05000,,25.4,,,-0.070,,,-1.28,,,
,1178,,1.42825,,,3.321,,,0.05000,,25.4,,,-0.060,,,-1.11,,,
,1208,,1.47825,,,3.267,,,0.05000,,25.4,,,-0.054,,,-0.99,,,
,1238,,1.52825,,,3.220,,,0.05000,,25.4,,,-0.047,,,-0.89,,,
,1268,,1.57825,,,3.177,,,0.05000,,25.4,,,-0.043,,,-0.82,,,
,1298,,1.62825,,,3.138,,,0.05000,,25.4,,,-0.039,,,-0.75,,,
,1329,,1.67825,,,3.102,,,0.05000,,25.3,,,-0.036,,,,,,
,1359,,1.72825,,,3.069,,,0.05000,,25.3,,,-0.033,,,,,,
,1389,,1.77825,,,3.038,,,0.05000,,25.3,,,-0.031,,,,,,
,1419,,1.82825,,,3.010,,,0.05000,,25.3,,,-0.028,,,,,,
,1450,,1.87825,,,2.983,,,0.05000,,25.3,,,-0.027,,,,,,
Measure (normal) [1],,,,,,,,"Scope 1/1, Sample 19/66",,,,,,,,,,,,
Measured Values,,,,,"Scope 1/1, Sample 19/66",,,,,,,,,,,,,,,
,Time,,,,,Meas. value,,,,,Temp.,,,,,dE,,,,
,[s],,,,,[pH],,,,,[°C],,,,,[pH],,,,
,1,,,,,4.630,,,,,20.3,,,,,,,,,
,2,,,,,4.996,,,,,20.8,,,,,0.366,,,,
,3,,,,,5.277,,,,,21.4,,,,,0.281,,,,
,4,,,,,5.505,,,,,22.1,,,,,0.228,,,,
,5,,,,,5.700,,,,,22.7,,,,,0.195,,,,
,6,,,,,5.878,,,,,23.3,,,,,0.178,,,,
,7,,,,,6.045,,,,,23.7,,,,,0.167,,,,
,8,,,,,6.201,,,,,24.0,,,,,0.156,,,,
,9,,,,,6.336,,,,,24.2,,,,,0.135,,,,
,10,,,,,6.479,,,,,24.4,,,,,0.143,,,,
,11,,,,,6.614,,,,,24.6,,,,,0.135,,,,
,12,,,,,6.739,,,,,24.7,,,,,0.125,,,,
,13,,,,,6.854,,,,,24.8,,,,,0.115,,,,
,14,,,,,6.960,,,,,24.8,,,,,0.106,,,,
,15,,,,,7.047,,,,,24.9,,,,,0.087,,,,
,16,,,,,7.134,,,,,24.9,,,,,0.087,,,,
,17,,,,,7.219,,,,,25.0,,,,,0.085,,,,
,18,,,,,7.293,,,,,25.0,,,,,0.074,,,,
,19,,,,,7.359,,,,,25.0,,,,,0.066,,,,
,20,,,,,7.422,,,,,25.1,,,,,0.063,,,,
,21,,,,,7.479,,,,,25.1,,,,,0.057,,,,
,22,,,,,7.526,,,,,25.1,,,,,0.047,,,,
,23,,,,,7.575,,,,,25.1,,,,,0.049,,,,
,24,,,,,7.619,,,,,25.1,,,,,0.044,,,,
,25,,,,,7.659,,,,,25.1,,,,,0.040,,,,
,26,,,,,7.696,,,,,25.1,,,,,0.037,,,,
,27,,,,,7.730,,,,,25.1,,,,,0.034,,,,
,28,,,,,7.761,,,,,25.1,,,,,0.031,,,,
,29,,,,,7.786,,,,,25.1,,,,,0.025,,,,
,30,,,,,7.811,,,,,25.1,,,,,0.025,,,,
,31,,,,,7.835,,,,,25.1,,,,,0.024,,,,
,32,,,,,7.855,,,,,25.1,,,,,0.020,,,,
,33,,,,,7.874,,,,,25.1,,,,,0.019,,,,
,34,,,,,7.892,,,,,25.1,,,,,0.018,,,,
,35,,,,,7.908,,,,,25.1,,,,,0.016,,,,
,36,,,,,7.921,,,,,25.1,,,,,0.013,,,,
,37,,,,,7.935,,,,,25.1,,,,,0.014,,,,
,38,,,,,7.947,,,,,25.1,,,,,0.012,,,,
,39,,,,,7.958,,,,,25.1,,,,,0.011,,,,
,40,,,,,7.968,,,,,25.1,,,,,0.010,,,,
,41,,,,,7.977,,,,,25.1,,,,,0.009,,,,
,42,,,,,7.986,,,,,25.1,,,,,0.009,,,,
,43,,,,,7.992,,,,,25.1,,,,,0.006,,,,
,44,,,,,7.999,,,,,25.1,,,,,0.007,,,,
,45,,,,,8.006,,,,,25.1,,,,,0.007,,,,
,46,,,,,8.012,,,,,25.1,,,,,0.006,,,,
,47,,,,,8.018,,,,,25.1,,,,,0.006,,,,
,48,,,,,8.022,,,,,25.1,,,,,0.004,,,,
,49,,,,,8.026,,,,,25.1,,,,,0.004,,,,
,50,,,,,8.030,,,,,25.1,,,,,0.004,,,,
,51,,,,,8.034,,,,,25.1,,,,,0.004,,,,
,52,,,,,8.037,,,,,25.1,,,,,0.003,,,,
,53,,,,,8.040,,,,,25.1,,,,,0.003,,,,
,54,,,,,8.043,,,,,25.1,,,,,0.003,,,,
,55,,,,,8.046,,,,,25.1,,,,,0.003,,,,
,56,,,,,8.048,,,,,25.1,,,,,0.002,,,,
,57,,,,,8.050,,,,,25.1,,,,,0.002,,,,
,58,,,,,8.052,,,,,25.1,,,,,0.002,,,,
,59,,,,,8.054,,,,,25.1,,,,,0.002,,,,
,60,,,,,8.056,,,,,25.1,,,,,0.002,,,,
Titration (EQP) [1],,,,,,,,"Scope 1/1, Sample 19/66",,,,,,,,,,,,
Measured Values,,,,,"Scope 1/1, Sample 19/66",,,,,,,,,,,,,,,
,Time,,V,,,Meas. value,,,dV,,Temp.,,,dE,,,dE/dV,,,EQP
,[s],,[mL],,,[pH],,,[mL],,[°C],,,[pH],,,[pH/mL],,,
,0,,0.00000,,,8.059,,,,,25.1,,,,,,,,,
,28,,0.08575,,,7.562,,,0.08575,,25.1,,,-0.497,,,,,,
,58,,0.12850,,,7.283,,,0.04275,,25.2,,,-0.279,,,,,,
,88,,0.15000,,,7.142,,,0.02150,,25.2,,,-0.141,,,,,,
,179,,0.17000,,,7.025,,,0.02000,,25.2,,,-0.117,,,,,,
,209,,0.19675,,,6.946,,,0.02675,,25.2,,,-0.079,,,-3.59,,,
,239,,0.24675,,,6.830,,,0.05000,,25.2,,,-0.116,,,-2.72,,,
,269,,0.29675,,,6.696,,,0.05000,,25.2,,,-0.134,,,-2.35,,,
,300,,0.34675,,,6.582,,,0.05000,,25.2,,,-0.114,,,-2.18,,,
,330,,0.39675,,,6.482,,,0.05000,,25.3,,,-0.100,,,-2.14,,,
,360,,0.44675,,,6.356,,,0.05000,,25.3,,,-0.126,,,-2.02,,,
,390,,0.49675,,,6.275,,,0.05000,,25.3,,,-0.081,,,-1.91,,,
,421,,0.54675,,,6.187,,,0.05000,,25.3,,,-0.088,,,-1.84,,,
,451,,0.59675,,,6.076,,,0.05000,,25.3,,,-0.111,,,-1.80,,,
,481,,0.64675,,,6.000,,,0.05000,,25.3,,,-0.076,,,-1.79,,,
,511,,0.69675,,,5.897,,,0.05000,,25.3,,,-0.103,,,-1.94,,,
,542,,0.74675,,,5.805,,,0.05000,,25.3,,,-0.092,,,-2.12,,,
,572,,0.79675,,,5.686,,,0.05000,,25.3,,,-0.119,,,-2.50,,,
,602,,0.84675,,,5.552,,,0.05000,,25.3,,,-0.134,,,-3.26,,,
,632,,0.89675,,,5.371,,,0.05000,,25.3,,,-0.181,,,-4.45,,,
,663,,0.92500,,,5.244,,,0.02825,,25.3,,,-0.127,,,-5.47,,,
,693,,0.94925,,,5.108,,,0.02425,,25.3,,,-0.136,,,-6.54,,,
,723,,0.96875,,,4.971,,,0.01950,,25.3,,,-0.137,,,-7.53,,,
,753,,0.98425,,,4.842,,,0.01550,,25.3,,,-0.129,,,-8.36,,,
,784,,0.99800,,,4.710,,,0.01375,,25.3,,,-0.132,,,-9.38,,,
,,,1.008764 ???,,,4.599 ???,,,,,,,,,,,,,,EQP
,814,,1.01025,,,4.584,,,0.01225,,25.3,,,-0.126,,,-9.78,,,
,844,,1.02275,,,4.455,,,0.01250,,25.3,,,-0.129,,,-9.24,,,
,874,,1.03575,,,4.333,,,0.01300,,25.3,,,-0.122,,,-8.23,,,
,905,,1.05150,,,4.203,,,0.01575,,25.3,,,-0.130,,,-7.29,,,
,935,,1.07025,,,4.077,,,0.01875,,25.3,,,-0.126,,,-6.28,,,
,965,,1.09500,,,3.946,,,0.02475,,25.3,,,-0.131,,,-5.09,,,
,995,,1.12750,,,3.815,,,0.03250,,25.3,,,-0.131,,,-3.92,,,
,1026,,1.17175,,,3.679,,,0.04425,,25.3,,,-0.136,,,-2.84,,,
,1056,,1.22175,,,3.564,,,0.05000,,25.3,,,-0.115,,,-2.11,,,
,1086,,1.27175,,,3.472,,,0.05000,,25.3,,,-0.092,,,-1.66,,,
,1116,,1.32175,,,3.395,,,0.05000,,25.3,,,-0.077,,,-1.38,,,
,1146,,1.37175,,,3.330,,,0.05000,,25.3,,,-0.065,,,-1.19,,,
,1177,,1.42175,,,3.274,,,0.05000,,25.3,,,-0.056,,,-1.05,,,
,1207,,1.47175,,,3.224,,,0.05000,,25.3,,,-0.050,,,-0.94,,,
,1237,,1.52175,,,3.179,,,0.05000,,25.3,,,-0.045,,,-0.84,,,
,1268,,1.57175,,,3.139,,,0.05000,,25.3,,,-0.040,,,-0.77,,,
,1298,,1.62175,,,3.102,,,0.05000,,25.3,,,-0.037,,,,,,
,1328,,1.67175,,,3.067,,,0.05000,,25.3,,,-0.035,,,,,,
,1358,,1.72175,,,3.036,,,0.05000,,25.3,,,-0.031,,,,,,
,1388,,1.77175,,,3.006,,,0.05000,,25.3,,,-0.030,,,,,,
,1419,,1.82175,,,2.978,,,0.05000,,25.3,,,-0.028,,,,,,
Measure (normal) [1],,,,,,,,"Scope 1/1, Sample 20/66",,,,,,,,,,,,
Measured Values,,,,,"Scope 1/1, Sample 20/66",,,,,,,,,,,,,,,
,Time,,,,,Meas. value,,,,,Temp.,,,,,dE,,,,
,[s],,,,,[pH],,,,,[°C],,,,,[pH],,,,
,1,,,,,4.767,,,,,23.8,,,,,,,,,
,2,,,,,5.056,,,,,24.0,,,,,0.289,,,,
,3,,,,,5.320,,,,,24.2,,,,,0.264,,,,
,4,,,,,5.535,,,,,24.4,,,,,0.215,,,,
,5,,,,,5.725,,,,,24.6,,,,,0.190,,,,
,6,,,,,5.902,,,,,24.7,,,,,0.177,,,,
,7,,,,,6.068,,,,,24.9,,,,,0.166,,,,
,8,,,,,6.213,,,,,25.0,,,,,0.145,,,,
,9,,,,,6.368,,,,,25.0,,,,,0.155,,,,
,10,,,,,6.510,,,,,25.1,,,,,0.142,,,,
,11,,,,,6.641,,,,,25.2,,,,,0.131,,,,
,12,,,,,6.765,,,,,25.2,,,,,0.124,,,,
,13,,,,,6.882,,,,,25.2,,,,,0.117,,,,
,14,,,,,6.988,,,,,25.2,,,,,0.106,,,,
,15,,,,,7.070,,,,,25.3,,,,,0.082,,,,
,16,,,,,7.162,,,,,25.3,,,,,0.092,,,,
,17,,,,,7.249,,,,,25.3,,,,,0.087,,,,
,18,,,,,7.327,,,,,25.3,,,,,0.078,,,,
,19,,,,,7.399,,,,,25.3,,,,,0.072,,,,
,20,,,,,7.463,,,,,25.3,,,,,0.064,,,,
,21,,,,,7.519,,,,,25.3,,,,,0.056,,,,
,22,,,,,7.567,,,,,25.3,,,,,0.048,,,,
,23,,,,,7.616,,,,,25.3,,,,,0.049,,,,
,24,,,,,7.660,,,,,25.3,,,,,0.044,,,,
,25,,,,,7.700,,,,,25.3,,,,,0.040,,,,
,26,,,,,7.736,,,,,25.3,,,,,0.036,,,,
,27,,,,,7.770,,,,,25.3,,,,,0.034,,,,
,28,,,,,7.799,,,,,25.3,,,,,0.029,,,,
,29,,,,,7.823,,,,,25.3,,,,,0.024,,,,
,30,,,,,7.849,,,,,25.3,,,,,0.026,,,,
,31,,,,,7.872,,,,,25.3,,,,,0.023,,,,
,32,,,,,7.892,,,,,25.3,,,,,0.020,,,,
,33,,,,,7.911,,,,,25.3,,,,,0.019,,,,
,34,,,,,7.928,,,,,25.3,,,,,0.017,,,,
,35,,,,,7.944,,,,,25.3,,,,,0.016,,,,
,36,,,,,7.957,,,,,25.3,,,,,0.013,,,,
,37,,,,,7.970,,,,,25.3,,,,,0.013,,,,
,38,,,,,7.981,,,,,25.3,,,,,0.011,,,,
,39,,,,,7.992,,,,,25.3,,,,,0.011,,,,
,40,,,,,8.002,,,,,25.3,,,,,0.010,,,,
,41,,,,,8.010,,,,,25.3,,,,,0.008,,,,
,42,,,,,8.019,,,,,25.3,,,,,0.009,,,,
,43,,,,,8.025,,,,,25.3,,,,,0.006,,,,
,44,,,,,8.032,,,,,25.3,,,,,0.007,,,,
,45,,,,,8.038,,,,,25.3,,,,,0.006,,,,
,46,,,,,8.043,,,,,25.3,,,,,0.005,,,,
,47,,,,,8.048,,,,,25.3,,,,,0.005,,,,
,48,,,,,8.053,,,,,25.3,,,,,0.005,,,,
,49,,,,,8.057,,,,,25.3,,,,,0.004,,,,
,50,,,,,8.060,,,,,25.3,,,,,0.003,,,,
,51,,,,,8.064,,,,,25.3,,,,,0.004,,,,
,52,,,,,8.067,,,,,25.3,,,,,0.003,,,,
,53,,,,,8.070,,,,,25.3,,,,,0.003,,,,
,54,,,,,8.072,,,,,25.3,,,,,0.002,,,,
,55,,,,,8.075,,,,,25.3,,,,,0.003,,,,
,56,,,,,8.077,,,,,25.3,,,,,0.002,,,,
,57,,,,,8.078,,,,,25.3,,,,,0.001,,,,
,58,,,,,8.080,,,,,25.3,,,,,0.002,,,,
,59,,,,,8.082,,,,,25.3,,,,,0.002,,,,
,60,,,,,8.083,,,,,25.3,,,,,0.001,,,,
Titration (EQP) [1],,,,,,,,"Scope 1/1, Sample 20/66",,,,,,,,,,,,
Measured Values,,,,,"Scope 1/1, Sample 20/66",,,,,,,,,,,,,,,
,Time,,V,,,Meas. value,,,dV,,Temp.,,,dE,,,dE/dV,,,EQP
,[s],,[mL],,,[pH],,,[mL],,[°C],,,[pH],,,[pH/mL],,,
,0,,0.00000,,,8.086,,,,,25.3,,,,,,,,,
,28,,0.08575,,,7.584,,,0.08575,,25.3,,,-0.502,,,,,,
,58,,0.12850,,,7.280,,,0.04275,,25.3,,,-0.304,,,,,,
,88,,0.15000,,,7.143,,,0.02150,,25.3,,,-0.137,,,,,,
,179,,0.17350,,,7.014,,,0.02350,,25.3,,,-0.129,,,,,,
,209,,0.20250,,,6.946,,,0.02900,,25.3,,,-0.068,,,-3.50,,,
,239,,0.25250,,,6.826,,,0.05000,,25.3,,,-0.120,,,-2.54,,,
,270,,0.30250,,,6.694,,,0.05000,,25.3,,,-0.132,,,-2.27,,,
,300,,0.35250,,,6.590,,,0.05000,,25.3,,,-0.104,,,-2.19,,,
,330,,0.40250,,,6.479,,,0.05000,,25.3,,,-0.111,,,-2.10,,,
,360,,0.45250,,,6.382,,,0.05000,,25.3,,,-0.097,,,-1.93,,,
,390,,0.50250,,,6.269,,,0.05000,,25.3,,,-0.113,,,-1.77,,,
,421,,0.55250,,,6.198,,,0.05000,,25.3,,,-0.071,,,-1.68,,,
,451,,0.60250,,,6.120,,,0.05000,,25.3,,,-0.078,,,-1.63,,,
,481,,0.65250,,,6.036,,,0.05000,,25.3,,,-0.084,,,-1.67,,,
,511,,0.70250,,,5.946,,,0.05000,,25.3,,,-0.090,,,-1.79,,,
,542,,0.75250,,,5.850,,,0.05000,,25.3,,,-0.096,,,-2.05,,,
,572,,0.80250,,,5.737,,,0.05000,,25.3,,,-0.113,,,-2.34,,,
,602,,0.85250,,,5.615,,,0.05000,,25.3,,,-0.122,,,-2.82,,,
,632,,0.90250,,,5.463,,,0.05000,,25.3,,,-0.152,,,-3.66,,,
,662,,0.94200,,,5.312,,,0.03950,,25.3,,,-0.151,,,-4.72,,,
,693,,0.97050,,,5.174,,,0.02850,,25.3,,,-0.138,,,-5.80,,,
,723,,0.99250,,,5.040,,,0.02200,,25.3,,,-0.134,,,-6.82,,,
,753,,1.01025,,,4.909,,,0.01775,,25.3,,,-0.131,,,-7.69,,,
,784,,1.02550,,,4.773,,,0.01525,,25.3,,,-0.136,,,-8.60,,,
,814,,1.03800,,,4.653,,,0.01250,,25.3,,,-0.120,,,-9.39,,,
,,,1.040929 ???,,,4.623 ???,,,,,,,,,,,,,,EQP
,844,,1.05125,,,4.519,,,0.01325,,25.3,,,-0.134,,,-9.32,,,
,874,,1.06375,,,4.398,,,0.01250,,25.3,,,-0.121,,,-8.44,,,
,904,,1.07850,,,4.271,,,0.01475,,25.3,,,-0.127,,,-7.51,,,
,935,,1.09625,,,4.143,,,0.01775,,25.3,,,-0.128,,,-6.58,,,
,965,,1.11875,,,4.014,,,0.02250,,25.3,,,-0.129,,,-5.49,,,
,995,,1.14875,,,3.881,,,0.03000,,25.3,,,-0.133,,,-4.30,,,
,1025,,1.18800,,,3.747,,,0.03925,,25.3,,,-0.134,,,-3.20,,,
,1056,,1.23800,,,3.620,,,0.05000,,25.3,,,-0.127,,,-2.32,,,
,1086,,1.28800,,,3.521,,,0.05000,,25.3,,,-0.099,,,-1.79,,,
,1116,,1.33800,,,3.440,,,0.05000,,25.3,,,-0.081,,,-1.47,,,
,1146,,1.38800,,,3.371,,,0.05000,,25.3,,,-0.069,,,-1.25,,,
,1177,,1.43800,,,3.312,,,0.05000,,25.3,,,-0.059,,,-1.10,,,
,1207,,1.48800,,,3.259,,,0.05000,,25.3,,,-0.053,,,-0.98,,,
,1237,,1.53800,,,3.213,,,0.05000,,25.3,,,-0.046,,,-0.88,,,
,1267,,1.58800,,,3.171,,,0.05000,,25.3,,,-0.042,,,-0.80,,,
,1298,,1.63800,,,3.132,,,0.05000,,25.3,,,-0.039,,,-0.73,,,
,1328,,1.68800,,,3.097,,,0.05000,,25.3,,,-0.035,,,,,,
,1358,,1.73800,,,3.064,,,0.05000,,25.3,,,-0.033,,,,,,
,1388,,1.78800,,,3.034,,,0.05000,,25.3,,,-0.030,,,,,,
,1418,,1.83800,,,3.006,,,0.05000,,25.3,,,-0.028,,,,,,
,1449,,1.88800,,,2.979,,,0.05000,,25.3,,,-0.027,,,,,,
Measure (normal) [1],,,,,,,,"Scope 1/1, Sample 21/66",,,,,,,,,,,,
Measured Values,,,,,"Scope 1/1, Sample 21/66",,,,,,,,,,,,,,,
,Time,,,,,Meas. value,,,,,Temp.,,,,,dE,,,,
,[s],,,,,[pH],,,,,[°C],,,,,[pH],,,,
,1,,,,,6.570,,,,,20.2,,,,,,,,,
,2,,,,,6.664,,,,,20.7,,,,,0.094,,,,
,3,,,,,6.787,,,,,21.4,,,,,0.123,,,,
,4,,,,,6.915,,,,,22.1,,,,,0.128,,,,
,5,,,,,7.026,,,,,22.7,,,,,0.111,,,,
,6,,,,,7.125,,,,,23.1,,,,,0.099,,,,
,7,,,,,7.224,,,,,23.5,,,,,0.099,,,,
,8,,,,,7.301,,,,,23.8,,,,,0.077,,,,
,9,,,,,7.380,,,,,24.1,,,,,0.079,,,,
,10,,,,,7.451,,,,,24.2,,,,,0.071,,,,
,11,,,,,7.515,,,,,24.4,,,,,0.064,,,,
,12,,,,,7.571,,,,,24.5,,,,,0.056,,,,
,13,,,,,7.623,,,,,24.6,,,,,0.052,,,,
,14,,,,,7.671,,,,,24.7,,,,,0.048,,,,
,15,,,,,7.708,,,,,24.7,,,,,0.037,,,,
,16,,,,,7.747,,,,,24.8,,,,,0.039,,,,
,17,,,,,7.781,,,,,24.8,,,,,0.034,,,,
,18,,,,,7.812,,,,,24.8,,,,,0.031,,,,
,19,,,,,7.840,,,,,24.9,,,,,0.028,,,,
,20,,,,,7.866,,,,,24.9,,,,,0.026,,,,
,21,,,,,7.889,,,,,24.9,,,,,0.023,,,,
,22,,,,,7.908,,,,,24.9,,,,,0.019,,,,
,23,,,,,7.927,,,,,24.9,,,,,0.019,,,,
,24,,,,,7.944,,,,,24.9,,,,,0.017,,,,
,25,,,,,7.960,,,,,24.9,,,,,0.016,,,,
,26,,,,,7.975,,,,,24.9,,,,,0.015,,,,
,27,,,,,7.987,,,,,24.9,,,,,0.012,,,,
,28,,,,,7.998,,,,,24.9,,,,,0.011,,,,
,29,,,,,8.009,,,,,24.9,,,,,0.011,,,,
,30,,,,,8.019,,,,,24.9,,,,,0.010,,,,
,31,,,,,8.027,,,,,24.9,,,,,0.008,,,,
,32,,,,,8.035,,,,,24.9,,,,,0.008,,,,
,33,,,,,8.042,,,,,24.9,,,,,0.007,,,,
,34,,,,,8.049,,,,,24.9,,,,,0.007,,,,
,35,,,,,8.055,,,,,24.9,,,,,0.006,,,,
,36,,,,,8.060,,,,,24.9,,,,,0.005,,,,
,37,,,,,8.065,,,,,24.9,,,,,0.005,,,,
,38,,,,,8.070,,,,,24.9,,,,,0.005,,,,
,39,,,,,8.074,,,,,24.9,,,,,0.004,,,,
,40,,,,,8.077,,,,,24.9,,,,,0.003,,,,
,41,,,,,8.081,,,,,24.9,,,,,0.004,,,,
,42,,,,,8.083,,,,,24.9,,,,,0.002,,,,
,43,,,,,8.087,,,,,24.9,,,,,0.004,,,,
,44,,,,,8.089,,,,,24.9,,,,,0.002,,,,
,45,,,,,8.092,,,,,25.0,,,,,0.003,,,,
,46,,,,,8.094,,,,,25.0,,,,,0.002,,,,
,47,,,,,8.096,,,,,25.0,,,,,0.002,,,,
,48,,,,,8.098,,,,,25.0,,,,,0.002,,,,
,49,,,,,8.099,,,,,25.0,,,,,0.001,,,,
,50,,,,,8.100,,,,,25.0,,,,,0.001,,,,
,51,,,,,8.102,,,,,25.0,,,,,0.002,,,,
,52,,,,,8.104,,,,,25.0,,,,,0.002,,,,
,53,,,,,8.105,,,,,25.0,,,,,0.001,,,,
,54,,,,,8.105,,,,,25.0,,,,,0.000,,,,
,55,,,,,8.107,,,,,25.0,,,,,0.002,,,,
,56,,,,,8.108,,,,,25.0,,,,,0.001,,,,
,57,,,,,8.108,,,,,25.0,,,,,0.000,,,,
,58,,,,,8.109,,,,,25.0,,,,,0.001,,,,
,59,,,,,8.110,,,,,25.0,,,,,0.001,,,,
,60,,,,,8.111,,,,,25.0,,,,,0.001,,,,
Titration (EQP) [1],,,,,,,,"Scope 1/1, Sample 21/66",,,,,,,,,,,,
Measured Values,,,,,"Scope 1/1, Sample 21/66",,,,,,,,,,,,,,,
,Time,,V,,,Meas. value,,,dV,,Temp.,,,dE,,,dE/dV,,,EQP
,[s],,[mL],,,[pH],,,[mL],,[°C],,,[pH],,,[pH/mL],,,
,0,,0.00000,,,8.111,,,,,25.0,,,,,,,,,
,28,,0.08575,,,7.596,,,0.08575,,25.0,,,-0.515,,,,,,
,58,,0.12850,,,7.302,,,0.04275,,25.0,,,-0.294,,,,,,
,89,,0.15000,,,7.154,,,0.02150,,25.0,,,-0.148,,,,,,
,180,,0.16975,,,7.042,,,0.01975,,25.1,,,-0.112,,,,,,
,210,,0.19825,,,6.964,,,0.02850,,25.1,,,-0.078,,,-3.69,,,
,240,,0.24825,,,6.828,,,0.05000,,25.1,,,-0.136,,,-2.78,,,
,270,,0.29825,,,6.711,,,0.05000,,25.2,,,-0.117,,,-2.41,,,
,301,,0.34825,,,6.574,,,0.05000,,25.2,,,-0.137,,,-2.24,,,
,331,,0.39800,,,6.478,,,0.04975,,25.2,,,-0.096,,,-2.10,,,
,361,,0.44800,,,6.365,,,0.05000,,25.2,,,-0.113,,,-1.93,,,
,391,,0.49800,,,6.277,,,0.05000,,25.2,,,-0.088,,,-1.81,,,
,422,,0.54800,,,6.196,,,0.05000,,25.2,,,-0.081,,,-1.72,,,
,452,,0.59800,,,6.108,,,0.05000,,25.2,,,-0.088,,,-1.72,,,
,482,,0.64800,,,6.015,,,0.05000,,25.2,,,-0.093,,,-1.75,,,
,512,,0.69800,,,5.923,,,0.05000,,25.2,,,-0.092,,,-1.88,,,
,543,,0.74800,,,5.830,,,0.05000,,25.3,,,-0.093,,,-2.07,,,
,573,,0.79800,,,5.717,,,0.05000,,25.3,,,-0.113,,,-2.38,,,
,603,,0.84800,,,5.588,,,0.05000,,25.3,,,-0.129,,,-2.95,,,
,633,,0.89800,,,5.425,,,0.05000,,25.3,,,-0.163,,,-3.93,,,
,664,,0.93250,,,5.288,,,0.03450,,25.3,,,-0.137,,,-4.94,,,
,694,,0.96075,,,5.144,,,0.02825,,25.3,,,-0.144,,,-6.06,,,
,724,,0.98150,,,5.011,,,0.02075,,25.3,,,-0.133,,,-7.03,,,
,754,,0.99850,,,4.879,,,0.01700,,25.3,,,-0.132,,,-7.88,,,
,784,,1.01300,,,4.749,,,0.01450,,25.3,,,-0.130,,,-8.84,,,
,815,,1.02600,,,4.619,,,0.01300,,25.3,,,-0.130,,,-9.48,,,
,845,,1.03825,,,4.496,,,0.01225,,25.3,,,-0.123,,,-9.22,,,
,,,1.039401,,,4.485,,,,,,,,,,,,,,EQP
,875,,1.05175,,,4.368,,,0.01350,,25.3,,,-0.128,,,-8.27,,,
,906,,1.06700,,,4.240,,,0.01525,,25.3,,,-0.128,,,-7.35,,,
,936,,1.08525,,,4.113,,,0.01825,,25.3,,,-0.127,,,-6.40,,,
,966,,1.10875,,,3.984,,,0.02350,,25.3,,,-0.129,,,-5.28,,,
,996,,1.14000,,,3.851,,,0.03125,,25.3,,,-0.133,,,-4.11,,,
,1026,,1.18150,,,3.716,,,0.04150,,25.3,,,-0.135,,,-3.03,,,
,1057,,1.23150,,,3.595,,,0.05000,,25.3,,,-0.121,,,-2.22,,,
,1087,,1.28150,,,3.499,,,0.05000,,25.3,,,-0.096,,,-1.73,,,
,1117,,1.33150,,,3.420,,,0.05000,,25.3,,,-0.079,,,-1.42,,,
,1148,,1.38150,,,3.353,,,0.05000,,25.3,,,-0.067,,,-1.22,,,
,1178,,1.43150,,,3.296,,,0.05000,,25.3,,,-0.057,,,-1.08,,,
,1208,,1.48150,,,3.244,,,0.05000,,25.3,,,-0.052,,,-0.96,,,
,1238,,1.53150,,,3.198,,,0.05000,,25.3,,,-0.046,,,-0.87,,,
,1268,,1.58150,,,3.156,,,0.05000,,25.3,,,-0.042,,,-0.79,,,
,1299,,1.63150,,,3.119,,,0.05000,,25.3,,,-0.037,,,,,,
,1329,,1.68150,,,3.084,,,0.05000,,25.3,,,-0.035,,,,,,
,1359,,1.73150,,,3.052,,,0.05000,,25.3,,,-0.032,,,,,,
,1389,,1.78150,,,3.022,,,0.05000,,25.3,,,-0.030,,,,,,
,1420,,1.83150,,,2.995,,,0.05000,,25.3,,,-0.027,,,,,,
Measure (normal) [1],,,,,,,,"Scope 1/1, Sample 22/66",,,,,,,,,,,,
Measured Values,,,,,"Scope 1/1, Sample 22/66",,,,,,,,,,,,,,,
,Time,,,,,Meas. value,,,,,Temp.,,,,,dE,,,,
,[s],,,,,[pH],,,,,[°C],,,,,[pH],,,,
,1,,,,,4.787,,,,,23.8,,,,,,,,,
,2,,,,,5.070,,,,,24.0,,,,,0.283,,,,
,3,,,,,5.330,,,,,24.2,,,,,0.260,,,,
,4,,,,,5.550,,,,,24.4,,,,,0.220,,,,
,5,,,,,5.744,,,,,24.6,,,,,0.194,,,,
,6,,,,,5.926,,,,,24.8,,,,,0.182,,,,
,7,,,,,6.098,,,,,24.9,,,,,0.172,,,,
,8,,,,,6.245,,,,,25.0,,,,,0.147,,,,
,9,,,,,6.401,,,,,25.1,,,,,0.156,,,,
,10,,,,,6.548,,,,,25.1,,,,,0.147,,,,
,11,,,,,6.684,,,,,25.2,,,,,0.136,,,,
,12,,,,,6.812,,,,,25.2,,,,,0.128,,,,
,13,,,,,6.932,,,,,25.3,,,,,0.120,,,,
,14,,,,,7.037,,,,,25.3,,,,,0.105,,,,
,15,,,,,7.123,,,,,25.3,,,,,0.086,,,,
,16,,,,,7.217,,,,,25.3,,,,,0.094,,,,
,17,,,,,7.298,,,,,25.3,,,,,0.081,,,,
,18,,,,,7.374,,,,,25.3,,,,,0.076,,,,
,19,,,,,7.442,,,,,25.3,,,,,0.068,,,,
,20,,,,,7.504,,,,,25.3,,,,,0.062,,,,
,21,,,,,7.561,,,,,25.4,,,,,0.057,,,,
,22,,,,,7.608,,,,,25.4,,,,,0.047,,,,
,23,,,,,7.656,,,,,25.4,,,,,0.048,,,,
,24,,,,,7.698,,,,,25.4,,,,,0.042,,,,
,25,,,,,7.737,,,,,25.4,,,,,0.039,,,,
,26,,,,,7.774,,,,,25.4,,,,,0.037,,,,
,27,,,,,7.805,,,,,25.4,,,,,0.031,,,,
,28,,,,,7.834,,,,,25.4,,,,,0.029,,,,
,29,,,,,7.858,,,,,25.4,,,,,0.024,,,,
,30,,,,,7.881,,,,,25.4,,,,,0.023,,,,
,31,,,,,7.904,,,,,25.4,,,,,0.023,,,,
,32,,,,,7.924,,,,,25.4,,,,,0.020,,,,
,33,,,,,7.942,,,,,25.4,,,,,0.018,,,,
,34,,,,,7.958,,,,,25.4,,,,,0.016,,,,
,35,,,,,7.973,,,,,25.4,,,,,0.015,,,,
,36,,,,,7.986,,,,,25.4,,,,,0.013,,,,
,37,,,,,7.998,,,,,25.4,,,,,0.012,,,,
,38,,,,,8.010,,,,,25.4,,,,,0.012,,,,
,39,,,,,8.020,,,,,25.4,,,,,0.010,,,,
,40,,,,,8.029,,,,,25.4,,,,,0.009,,,,
,41,,,,,8.037,,,,,25.4,,,,,0.008,,,,
,42,,,,,8.044,,,,,25.4,,,,,0.007,,,,
,43,,,,,8.050,,,,,25.4,,,,,0.006,,,,
,44,,,,,8.057,,,,,25.4,,,,,0.007,,,,
,45,,,,,8.063,,,,,25.4,,,,,0.006,,,,
,46,,,,,8.068,,,,,25.4,,,,,0.005,,,,
,47,,,,,8.073,,,,,25.4,,,,,0.005,,,,
,48,,,,,8.077,,,,,25.4,,,,,0.004,,,,
,49,,,,,8.081,,,,,25.4,,,,,0.004,,,,
,50,,,,,8.084,,,,,25.4,,,,,0.003,,,,
,51,,,,,8.086,,,,,25.4,,,,,0.002,,,,
,52,,,,,8.089,,,,,25.4,,,,,0.003,,,,
,53,,,,,8.092,,,,,25.4,,,,,0.003,,,,
,54,,,,,8.095,,,,,25.4,,,,,0.003,,,,
,55,,,,,8.097,,,,,25.4,,,,,0.002,,,,
,56,,,,,8.099,,,,,25.4,,,,,0.002,,,,
,57,,,,,8.101,,,,,25.4,,,,,0.002,,,,
,58,,,,,8.103,,,,,25.4,,,,,0.002,,,,
,59,,,,,8.104,,,,,25.4,,,,,0.001,,,,
,60,,,,,8.105,,,,,25.4,,,,,0.001,,,,
Titration (EQP) [1],,,,,,,,"Scope 1/1, Sample 22/66",,,,,,,,,,,,
Measured Values,,,,,"Scope 1/1, Sample 22/66",,,,,,,,,,,,,,,
,Time,,V,,,Meas. value,,,dV,,Temp.,,,dE,,,dE/dV,,,EQP
,[s],,[mL],,,[pH],,,[mL],,[°C],,,[pH],,,[pH/mL],,,
,0,,0.00000,,,8.108,,,,,25.4,,,,,,,,,
,28,,0.08575,,,7.579,,,0.08575,,25.4,,,-0.529,,,,,,
,58,,0.12850,,,7.278,,,0.04275,,25.4,,,-0.301,,,,,,
,88,,0.15000,,,7.136,,,0.02150,,25.4,,,-0.142,,,,,,
,179,,0.17175,,,7.027,,,0.02175,,25.4,,,-0.109,,,,,,
,209,,0.20800,,,6.935,,,0.03625,,25.4,,,-0.092,,,-3.46,,,
,239,,0.25800,,,6.809,,,0.05000,,25.4,,,-0.126,,,-2.62,,,
,269,,0.30800,,,6.664,,,0.05000,,25.4,,,-0.145,,,-2.29,,,
,300,,0.35200,,,6.580,,,0.04400,,25.4,,,-0.084,,,-2.20,,,
,330,,0.40200,,,6.455,,,0.05000,,25.4,,,-0.125,,,-2.10,,,
,360,,0.45200,,,6.364,,,0.05000,,25.4,,,-0.091,,,-1.91,,,
,390,,0.50200,,,6.282,,,0.05000,,25.4,,,-0.082,,,-1.78,,,
,421,,0.55200,,,6.173,,,0.05000,,25.4,,,-0.109,,,-1.76,,,
,451,,0.60200,,,6.093,,,0.05000,,25.4,,,-0.080,,,-1.74,,,
,481,,0.65200,,,6.016,,,0.05000,,25.4,,,-0.077,,,-1.82,,,
,511,,0.70200,,,5.909,,,0.05000,,25.4,,,-0.107,,,-1.94,,,
,542,,0.75200,,,5.804,,,0.05000,,25.4,,,-0.105,,,-2.14,,,
,572,,0.80200,,,5.694,,,0.05000,,25.4,,,-0.110,,,-2.56,,,
,602,,0.85200,,,5.557,,,0.05000,,25.4,,,-0.137,,,-3.19,,,
,632,,0.90125,,,5.386,,,0.04925,,25.4,,,-0.171,,,-4.28,,,
,662,,0.93200,,,5.253,,,0.03075,,25.4,,,-0.133,,,-5.36,,,
,693,,0.95725,,,5.113,,,0.02525,,25.4,,,-0.140,,,-6.49,,,
,723,,0.97650,,,4.980,,,0.01925,,25.4,,,-0.133,,,-7.44,,,
,753,,0.99225,,,4.849,,,0.01575,,25.4,,,-0.131,,,-8.30,,,
,784,,1.00575,,,4.718,,,0.01350,,25.4,,,-0.131,,,-9.30,,,
,,,1.016819 ???,,,4.606 ???,,,,,,,,,,,,,,EQP
,814,,1.01800,,,4.594,,,0.01225,,25.4,,,-0.124,,,-9.75,,,
,844,,1.03075,,,4.465,,,0.01275,,25.4,,,-0.129,,,-9.20,,,
,874,,1.04425,,,4.336,,,0.01350,,25.4,,,-0.129,,,-8.18,,,
,904,,1.05925,,,4.213,,,0.01500,,25.4,,,-0.123,,,-7.28,,,
,935,,1.07875,,,4.083,,,0.01950,,25.4,,,-0.130,,,-6.24,,,
,965,,1.10375,,,3.952,,,0.02500,,25.4,,,-0.131,,,-5.06,,,
,995,,1.13650,,,3.820,,,0.03275,,25.4,,,-0.132,,,-3.89,,,
,1025,,1.18050,,,3.686,,,0.04400,,25.4,,,-0.134,,,-2.84,,,
,1056,,1.23050,,,3.570,,,0.05000,,25.4,,,-0.116,,,-2.10,,,
,1086,,1.28050,,,3.478,,,0.05000,,25.4,,,-0.092,,,-1.66,,,
,1116,,1.33050,,,3.402,,,0.05000,,25.4,,,-0.076,,,-1.38,,,
,1146,,1.38050,,,3.337,,,0.05000,,25.4,,,-0.065,,,-1.18,,,
,1177,,1.43050,,,3.281,,,0.05000,,25.4,,,-0.056,,,-1.05,,,
,1207,,1.48050,,,3.231,,,0.05000,,25.4,,,-0.050,,,-0.94,,,
,1237,,1.53050,,,3.186,,,0.05000,,25.4,,,-0.045,,,-0.85,,,
,1267,,1.58050,,,3.145,,,0.05000,,25.4,,,-0.041,,,-0.77,,,
,1298,,1.63050,,,3.108,,,0.05000,,25.4,,,-0.037,,,,,,
,1328,,1.68050,,,3.074,,,0.05000,,25.4,,,-0.034,,,,,,
,1358,,1.73050,,,3.042,,,0.05000,,25.4,,,-0.032,,,,,,
,1388,,1.78050,,,3.013,,,0.05000,,25.4,,,-0.029,,,,,,
,1418,,1.83050,,,2.985,,,0.05000,,25.4,,,-0.028,,,,,,
Measure (normal) [1],,,,,,,,"Scope 1/1, Sample 23/66",,,,,,,,,,,,
Measured Values,,,,,"Scope 1/1, Sample 23/66",,,,,,,,,,,,,,,
,Time,,,,,Meas. value,,,,,Temp.,,,,,dE,,,,
,[s],,,,,[pH],,,,,[°C],,,,,[pH],,,,
,1,,,,,4.745,,,,,23.9,,,,,,,,,
,2,,,,,5.072,,,,,24.0,,,,,0.327,,,,
,3,,,,,5.472,,,,,24.2,,,,,0.400,,,,
,4,,,,,5.871,,,,,24.4,,,,,0.399,,,,
,5,,,,,6.234,,,,,24.6,,,,,0.363,,,,
,6,,,,,6.548,,,,,24.8,,,,,0.314,,,,
,7,,,,,6.817,,,,,24.9,,,,,0.269,,,,
,8,,,,,7.023,,,,,25.0,,,,,0.206,,,,
,9,,,,,7.211,,,,,25.1,,,,,0.188,,,,
,10,,,,,7.361,,,,,25.2,,,,,0.150,,,,
,11,,,,,7.490,,,,,25.2,,,,,0.129,,,,
,12,,,,,7.595,,,,,25.3,,,,,0.105,,,,
,13,,,,,7.679,,,,,25.3,,,,,0.084,,,,
,14,,,,,7.750,,,,,25.3,,,,,0.071,,,,
,15,,,,,7.801,,,,,25.3,,,,,0.051,,,,
,16,,,,,7.846,,,,,25.3,,,,,0.045,,,,
,17,,,,,7.882,,,,,25.4,,,,,0.036,,,,
,18,,,,,7.911,,,,,25.4,,,,,0.029,,,,
,19,,,,,7.935,,,,,25.4,,,,,0.024,,,,
,20,,,,,7.954,,,,,25.4,,,,,0.019,,,,
,21,,,,,7.970,,,,,25.4,,,,,0.016,,,,
,22,,,,,7.982,,,,,25.4,,,,,0.012,,,,
,23,,,,,7.993,,,,,25.4,,,,,0.011,,,,
,24,,,,,8.002,,,,,25.4,,,,,0.009,,,,
,25,,,,,8.010,,,,,25.4,,,,,0.008,,,,
,26,,,,,8.016,,,,,25.4,,,,,0.006,,,,
,27,,,,,8.021,,,,,25.4,,,,,0.005,,,,
,28,,,,,8.025,,,,,25.4,,,,,0.004,,,,
,29,,,,,8.028,,,,,25.4,,,,,0.003,,,,
,30,,,,,8.031,,,,,25.4,,,,,0.003,,,,
,31,,,,,8.033,,,,,25.4,,,,,0.002,,,,
,32,,,,,8.035,,,,,25.4,,,,,0.002,,,,
,33,,,,,8.037,,,,,25.4,,,,,0.002,,,,
,34,,,,,8.038,,,,,25.4,,,,,0.001,,,,
,35,,,,,8.039,,,,,25.4,,,,,0.001,,,,
,36,,,,,8.040,,,,,25.4,,,,,0.001,,,,
,37,,,,,8.041,,,,,25.4,,,,,0.001,,,,
,38,,,,,8.041,,,,,25.4,,,,,0.000,,,,
,39,,,,,8.042,,,,,25.4,,,,,0.001,,,,
,40,,,,,8.043,,,,,25.4,,,,,0.001,,,,
,41,,,,,8.043,,,,,25.4,,,,,0.000,,,,
,42,,,,,8.043,,,,,25.4,,,,,0.000,,,,
,43,,,,,8.044,,,,,25.4,,,,,0.001,,,,
,44,,,,,8.044,,,,,25.4,,,,,0.000,,,,
,45,,,,,8.044,,,,,25.4,,,,,0.000,,,,
,46,,,,,8.044,,,,,25.4,,,,,0.000,,,,
,47,,,,,8.045,,,,,25.4,,,,,0.001,,,,
,48,,,,,8.045,,,,,25.4,,,,,0.000,,,,
,49,,,,,8.045,,,,,25.4,,,,,0.000,,,,
,50,,,,,8.046,,,,,25.4,,,,,0.001,,,,
,51,,,,,8.045,,,,,25.4,,,,,-0.001,,,,
,52,,,,,8.045,,,,,25.4,,,,,0.000,,,,
,53,,,,,8.046,,,,,25.4,,,,,0.001,,,,
,54,,,,,8.046,,,,,25.4,,,,,0.000,,,,
,55,,,,,8.046,,,,,25.4,,,,,0.000,,,,
,56,,,,,8.046,,,,,25.4,,,,,0.000,,,,
,57,,,,,8.046,,,,,25.4,,,,,0.000,,,,
,58,,,,,8.046,,,,,25.4,,,,,0.000,,,,
,59,,,,,8.046,,,,,25.4,,,,,0.000,,,,
,60,,,,,8.046,,,,,25.4,,,,,0.000,,,,
Titration (EQP) [1],,,,,,,,"Scope 1/1, Sample 23/66",,,,,,,,,,,,
Measured Values,,,,,"Scope 1/1, Sample 23/66",,,,,,,,,,,,,,,
,Time,,V,,,Meas. value,,,dV,,Temp.,,,dE,,,dE/dV,,,EQP
,[s],,[mL],,,[pH],,,[mL],,[°C],,,[pH],,,[pH/mL],,,
,0,,0.00000,,,8.046,,,,,25.4,,,,,,,,,
,28,,0.08575,,,7.767,,,0.08575,,25.4,,,-0.279,,,,,,
,58,,0.12850,,,7.519,,,0.04275,,25.4,,,-0.248,,,,,,
,88,,0.15000,,,7.377,,,0.02150,,25.4,,,-0.142,,,,,,
,179,,0.16775,,,7.285,,,0.01775,,25.4,,,-0.092,,,,,,
,209,,0.20125,,,7.130,,,0.03350,,25.4,,,-0.155,,,-4.42,,,
,239,,0.23450,,,6.999,,,0.03325,,25.4,,,-0.131,,,-3.64,,,
,269,,0.27500,,,6.866,,,0.04050,,25.4,,,-0.133,,,-3.06,,,
,300,,0.32425,,,6.740,,,0.04925,,25.4,,,-0.126,,,-2.56,,,
,330,,0.37425,,,6.621,,,0.05000,,25.4,,,-0.119,,,-2.20,,,
,360,,0.42425,,,6.514,,,0.05000,,25.4,,,-0.107,,,-1.96,,,
,390,,0.47425,,,6.417,,,0.05000,,25.4,,,-0.097,,,-1.79,,,
,420,,0.52425,,,6.336,,,0.05000,,25.4,,,-0.081,,,-1.67,,,
,451,,0.57425,,,6.255,,,0.05000,,25.4,,,-0.081,,,-1.55,,,
,481,,0.62425,,,6.179,,,0.05000,,25.4,,,-0.076,,,-1.47,,,
,511,,0.67425,,,6.103,,,0.05000,,25.4,,,-0.076,,,-1.43,,,
,542,,0.72425,,,6.034,,,0.05000,,25.4,,,-0.069,,,-1.42,,,
,572,,0.77425,,,5.966,,,0.05000,,25.4,,,-0.068,,,-1.42,,,
,602,,0.82425,,,5.893,,,0.05000,,25.4,,,-0.073,,,-1.45,,,
,632,,0.87425,,,5.815,,,0.05000,,25.4,,,-0.078,,,-1.50,,,
,662,,0.92425,,,5.738,,,0.05000,,25.4,,,-0.077,,,-1.58,,,
,693,,0.97425,,,5.657,,,0.05000,,25.4,,,-0.081,,,-1.72,,,
,723,,1.02425,,,5.564,,,0.05000,,25.4,,,-0.093,,,-1.95,,,
,753,,1.07425,,,5.460,,,0.05000,,25.4,,,-0.104,,,-2.33,,,
,783,,1.12425,,,5.331,,,0.05000,,25.4,,,-0.129,,,-2.95,,,
,814,,1.17425,,,5.169,,,0.05000,,25.4,,,-0.162,,,-3.93,,,
,844,,1.20950,,,5.023,,,0.03525,,25.4,,,-0.146,,,-4.89,,,
,874,,1.23525,,,4.893,,,0.02575,,25.4,,,-0.130,,,-5.73,,,
,904,,1.25725,,,4.753,,,0.02200,,25.4,,,-0.140,,,-6.46,,,
,935,,1.27425,,,4.629,,,0.01700,,25.4,,,-0.124,,,-7.12,,,
,,,1.290361 ???,,,4.496 ???,,,,,,,,,,,,,,EQP
,965,,1.29050,,,4.495,,,0.01625,,25.4,,,-0.134,,,-7.73,,,
,995,,1.30525,,,4.372,,,0.01475,,25.4,,,-0.123,,,-7.49,,,
,1025,,1.32125,,,4.249,,,0.01600,,25.4,,,-0.123,,,-6.73,,,
,1056,,1.34025,,,4.121,,,0.01900,,25.4,,,-0.128,,,-5.98,,,
,1086,,1.36375,,,3.990,,,0.02350,,25.4,,,-0.131,,,-5.12,,,
,1116,,1.39275,,,3.862,,,0.02900,,25.4,,,-0.128,,,-4.17,,,
,1146,,1.43200,,,3.729,,,0.03925,,25.4,,,-0.133,,,-3.17,,,
,1176,,1.48200,,,3.601,,,0.05000,,25.4,,,-0.128,,,-2.33,,,
,1207,,1.53200,,,3.502,,,0.05000,,25.4,,,-0.099,,,-1.80,,,
,1237,,1.58200,,,3.421,,,0.05000,,25.4,,,-0.081,,,-1.47,,,
,1267,,1.63200,,,3.352,,,0.05000,,25.4,,,-0.069,,,-1.25,,,
,1297,,1.68200,,,3.292,,,0.05000,,25.4,,,-0.060,,,-1.10,,,
,1328,,1.73200,,,3.241,,,0.05000,,25.4,,,-0.051,,,-0.98,,,
,1358,,1.78200,,,3.193,,,0.05000,,25.4,,,-0.048,,,-0.88,,,
,1388,,1.83200,,,3.152,,,0.05000,,25.4,,,-0.041,,,-0.80,,,
,1418,,1.88200,,,3.113,,,0.05000,,25.4,,,-0.039,,,,,,
,1449,,1.93200,,,3.078,,,0.05000,,25.4,,,-0.035,,,,,,
,1479,,1.98200,,,3.046,,,0.05000,,25.4,,,-0.032,,,,,,
,1509,,2.03200,,,3.015,,,0.05000,,25.4,,,-0.031,,,,,,
,1539,,2.08200,,,2.987,,,0.05000,,25.4,,,-0.028,,,,,,
Measure (normal) [1],,,,,,,,"Scope 1/1, Sample 24/66",,,,,,,,,,,,
Measured Values,,,,,"Scope 1/1, Sample 24/66",,,,,,,,,,,,,,,
,Time,,,,,Meas. value,,,,,Temp.,,,,,dE,,,,
,[s],,,,,[pH],,,,,[°C],,,,,[pH],,,,
,1,,,,,5.074,,,,,23.9,,,,,,,,,
,2,,,,,5.334,,,,,24.0,,,,,0.260,,,,
,3,,,,,5.607,,,,,24.2,,,,,0.273,,,,
,4,,,,,5.855,,,,,24.4,,,,,0.248,,,,
,5,,,,,6.085,,,,,24.6,,,,,0.230,,,,
,6,,,,,6.299,,,,,24.8,,,,,0.214,,,,
,7,,,,,6.507,,,,,24.9,,,,,0.208,,,,
,8,,,,,6.681,,,,,25.0,,,,,0.174,,,,
,9,,,,,6.856,,,,,25.1,,,,,0.175,,,,
,10,,,,,7.011,,,,,25.1,,,,,0.155,,,,
,11,,,,,7.141,,,,,25.2,,,,,0.130,,,,
,12,,,,,7.266,,,,,25.2,,,,,0.125,,,,
,13,,,,,7.373,,,,,25.3,,,,,0.107,,,,
,14,,,,,7.468,,,,,25.3,,,,,0.095,,,,
,15,,,,,7.545,,,,,25.3,,,,,0.077,,,,
,16,,,,,7.618,,,,,25.3,,,,,0.073,,,,
,17,,,,,7.683,,,,,25.3,,,,,0.065,,,,
,18,,,,,7.740,,,,,25.3,,,,,0.057,,,,
,19,,,,,7.790,,,,,25.3,,,,,0.050,,,,
,20,,,,,7.833,,,,,25.4,,,,,0.043,,,,
,21,,,,,7.870,,,,,25.4,,,,,0.037,,,,
,22,,,,,7.901,,,,,25.4,,,,,0.031,,,,
,23,,,,,7.931,,,,,25.4,,,,,0.030,,,,
,24,,,,,7.957,,,,,25.4,,,,,0.026,,,,
,25,,,,,7.980,,,,,25.4,,,,,0.023,,,,
,26,,,,,8.000,,,,,25.4,,,,,0.020,,,,
,27,,,,,8.017,,,,,25.4,,,,,0.017,,,,
,28,,,,,8.033,,,,,25.4,,,,,0.016,,,,
,29,,,,,8.045,,,,,25.4,,,,,0.012,,,,
,30,,,,,8.057,,,,,25.4,,,,,0.012,,,,
,31,,,,,8.067,,,,,25.4,,,,,0.010,,,,
,32,,,,,8.076,,,,,25.4,,,,,0.009,,,,
,33,,,,,8.084,,,,,25.4,,,,,0.008,,,,
,34,,,,,8.090,,,,,25.4,,,,,0.006,,,,
,35,,,,,8.096,,,,,25.4,,,,,0.006,,,,
,36,,,,,8.101,,,,,25.4,,,,,0.005,,,,
,37,,,,,8.106,,,,,25.4,,,,,0.005,,,,
,38,,,,,8.110,,,,,25.4,,,,,0.004,,,,
,39,,,,,8.113,,,,,25.4,,,,,0.003,,,,
,40,,,,,8.116,,,,,25.4,,,,,0.003,,,,
,41,,,,,8.119,,,,,25.4,,,,,0.003,,,,
,42,,,,,8.121,,,,,25.4,,,,,0.002,,,,
,43,,,,,8.123,,,,,25.4,,,,,0.002,,,,
,44,,,,,8.125,,,,,25.4,,,,,0.002,,,,
,45,,,,,8.127,,,,,25.4,,,,,0.002,,,,
,46,,,,,8.128,,,,,25.4,,,,,0.001,,,,
,47,,,,,8.130,,,,,25.4,,,,,0.002,,,,
,48,,,,,8.131,,,,,25.4,,,,,0.001,,,,
,49,,,,,8.131,,,,,25.4,,,,,0.000,,,,
,50,,,,,8.132,,,,,25.4,,,,,0.001,,,,
,51,,,,,8.133,,,,,25.4,,,,,0.001,,,,
,52,,,,,8.134,,,,,25.4,,,,,0.001,,,,
,53,,,,,8.134,,,,,25.4,,,,,0.000,,,,
,54,,,,,8.135,,,,,25.4,,,,,0.001,,,,
,55,,,,,8.135,,,,,25.4,,,,,0.000,,,,
,56,,,,,8.136,,,,,25.4,,,,,0.001,,,,
,57,,,,,8.136,,,,,25.4,,,,,0.000,,,,
,58,,,,,8.136,,,,,25.4,,,,,0.000,,,,
,59,,,,,8.136,,,,,25.4,,,,,0.000,,,,
,60,,,,,8.137,,,,,25.4,,,,,0.001,,,,
Titration (EQP) [1],,,,,,,,"Scope 1/1, Sample 24/66",,,,,,,,,,,,
Measured Values,,,,,"Scope 1/1, Sample 24/66",,,,,,,,,,,,,,,
,Time,,V,,,Meas. value,,,dV,,Temp.,,,dE,,,dE/dV,,,EQP
,[s],,[mL],,,[pH],,,[mL],,[°C],,,[pH],,,[pH/mL],,,
,0,,0.00000,,,8.137,,,,,25.4,,,,,,,,,
,28,,0.08575,,,7.729,,,0.08575,,25.4,,,-0.408,,,,,,
,58,,0.12850,,,7.473,,,0.04275,,25.4,,,-0.256,,,,,,
,88,,0.15000,,,7.368,,,0.02150,,25.4,,,-0.105,,,,,,
,179,,0.18500,,,7.264,,,0.03500,,25.4,,,-0.104,,,,,,
,209,,0.23500,,,7.133,,,0.05000,,25.4,,,-0.131,,,-2.62,,,
,239,,0.28500,,,7.025,,,0.05000,,25.4,,,-0.108,,,-1.97,,,
,270,,0.33500,,,6.923,,,0.05000,,25.4,,,-0.102,,,-1.81,,,
,300,,0.38500,,,6.838,,,0.05000,,25.4,,,-0.085,,,-1.66,,,
,330,,0.43500,,,6.762,,,0.05000,,25.3,,,-0.076,,,-1.50,,,
,360,,0.48500,,,6.688,,,0.05000,,25.3,,,-0.074,,,-1.38,,,
,390,,0.53500,,,6.615,,,0.05000,,25.3,,,-0.073,,,-1.28,,,
,421,,0.58500,,,6.558,,,0.05000,,25.3,,,-0.057,,,-1.20,,,
,451,,0.63500,,,6.503,,,0.05000,,25.3,,,-0.055,,,-1.12,,,
,481,,0.68500,,,6.444,,,0.05000,,25.3,,,-0.059,,,-1.06,,,
,511,,0.73500,,,6.392,,,0.05000,,25.3,,,-0.052,,,-1.03,,,
,542,,0.78500,,,6.341,,,0.05000,,25.3,,,-0.051,,,-1.01,,,
,572,,0.83500,,,6.294,,,0.05000,,25.3,,,-0.047,,,-1.00,,,
,602,,0.88500,,,6.241,,,0.05000,,25.3,,,-0.053,,,-1.00,,,
,632,,0.93500,,,6.192,,,0.05000,,25.3,,,-0.049,,,-1.02,,,
,663,,0.98500,,,6.140,,,0.05000,,25.3,,,-0.052,,,-1.05,,,
,693,,1.03500,,,6.086,,,0.05000,,25.3,,,-0.054,,,-1.08,,,
,723,,1.08500,,,6.032,,,0.05000,,25.3,,,-0.054,,,-1.11,,,
,753,,1.13500,,,5.976,,,0.05000,,25.3,,,-0.056,,,-1.15,,,
,784,,1.18500,,,5.914,,,0.05000,,25.3,,,-0.062,,,-1.20,,,
,814,,1.23500,,,5.853,,,0.05000,,25.3,,,-0.061,,,-1.28,,,
,844,,1.28500,,,5.788,,,0.05000,,25.3,,,-0.065,,,-1.39,,,
,874,,1.33500,,,5.713,,,0.05000,,25.3,,,-0.075,,,-1.55,,,
,904,,1.38500,,,5.627,,,0.05000,,25.3,,,-0.086,,,-1.81,,,
,935,,1.43500,,,5.528,,,0.05000,,25.3,,,-0.099,,,-2.21,,,
,965,,1.48500,,,5.407,,,0.05000,,25.3,,,-0.121,,,-2.82,,,
,995,,1.53500,,,5.253,,,0.05000,,25.3,,,-0.154,,,-3.78,,,
,1026,,1.57400,,,5.094,,,0.03900,,25.3,,,-0.159,,,-4.86,,,
,1056,,1.59925,,,4.965,,,0.02525,,25.3,,,-0.129,,,-5.69,,,
,1086,,1.62025,,,4.834,,,0.02100,,25.3,,,-0.131,,,-6.41,,,
,1116,,1.63825,,,4.704,,,0.01800,,25.3,,,-0.130,,,-7.10,,,
,1146,,1.65425,,,4.574,,,0.01600,,25.3,,,-0.130,,,-7.74,,,
,,,1.656669 ???,,,4.554 ???,,,,,,,,,,,,,,EQP
,1177,,1.66925,,,4.449,,,0.01500,,25.3,,,-0.125,,,-7.69,,,
,1207,,1.68500,,,4.324,,,0.01575,,25.3,,,-0.125,,,-7.00,,,
,1237,,1.70300,,,4.198,,,0.01800,,25.3,,,-0.126,,,-6.24,,,
,1268,,1.72475,,,4.067,,,0.02175,,25.3,,,-0.131,,,-5.44,,,
,1298,,1.75125,,,3.940,,,0.02650,,25.3,,,-0.127,,,-4.53,,,
,1328,,1.78700,,,3.805,,,0.03575,,25.3,,,-0.135,,,-3.53,,,
,1358,,1.83250,,,3.675,,,0.04550,,25.3,,,-0.130,,,-2.64,,,
,1388,,1.88250,,,3.564,,,0.05000,,25.3,,,-0.111,,,-2.01,,,
,1419,,1.93250,,,3.476,,,0.05000,,25.3,,,-0.088,,,-1.61,,,
,1449,,1.98250,,,3.401,,,0.05000,,25.3,,,-0.075,,,-1.35,,,
,1479,,2.03250,,,3.337,,,0.05000,,25.3,,,-0.064,,,-1.18,,,
,1509,,2.08250,,,3.281,,,0.05000,,25.3,,,-0.056,,,-1.04,,,
,1540,,2.13250,,,3.231,,,0.05000,,25.3,,,-0.050,,,-0.94,,,
,1570,,2.18250,,,3.187,,,0.05000,,25.3,,,-0.044,,,-0.85,,,
,1600,,2.23250,,,3.146,,,0.05000,,25.3,,,-0.041,,,-0.77,,,
,1630,,2.28250,,,3.109,,,0.05000,,25.3,,,-0.037,,,,,,
,1661,,2.33250,,,3.075,,,0.05000,,25.3,,,-0.034,,,,,,
,1691,,2.38250,,,3.043,,,0.05000,,25.3,,,-0.032,,,,,,
,1721,,2.43250,,,3.014,,,0.05000,,25.3,,,-0.029,,,,,,
,1751,,2.48250,,,2.986,,,0.05000,,25.3,,,-0.028,,,,,,
Measure (normal) [1],,,,,,,,"Scope 1/1, Sample 25/66",,,,,,,,,,,,
Measured Values,,,,,"Scope 1/1, Sample 25/66",,,,,,,,,,,,,,,
,Time,,,,,Meas. value,,,,,Temp.,,,,,dE,,,,
,[s],,,,,[pH],,,,,[°C],,,,,[pH],,,,
,1,,,,,4.951,,,,,23.7,,,,,,,,,
,2,,,,,5.262,,,,,23.9,,,,,0.311,,,,
,3,,,,,5.588,,,,,24.1,,,,,0.326,,,,
,4,,,,,5.894,,,,,24.3,,,,,0.306,,,,
,5,,,,,6.175,,,,,24.5,,,,,0.281,,,,
,6,,,,,6.431,,,,,24.7,,,,,0.256,,,,
,7,,,,,6.666,,,,,24.9,,,,,0.235,,,,
,8,,,,,6.860,,,,,25.0,,,,,0.194,,,,
,9,,,,,7.048,,,,,25.0,,,,,0.188,,,,
,10,,,,,7.217,,,,,25.1,,,,,0.169,,,,
,11,,,,,7.357,,,,,25.2,,,,,0.140,,,,
,12,,,,,7.475,,,,,25.2,,,,,0.118,,,,
,13,,,,,7.578,,,,,25.3,,,,,0.103,,,,
,14,,,,,7.666,,,,,25.3,,,,,0.088,,,,
,15,,,,,7.737,,,,,25.3,,,,,0.071,,,,
,16,,,,,7.792,,,,,25.3,,,,,0.055,,,,
,17,,,,,7.845,,,,,25.3,,,,,0.053,,,,
,18,,,,,7.890,,,,,25.3,,,,,0.045,,,,
,19,,,,,7.928,,,,,25.3,,,,,0.038,,,,
,20,,,,,7.958,,,,,25.4,,,,,0.030,,,,
,21,,,,,7.984,,,,,25.4,,,,,0.026,,,,
,22,,,,,8.004,,,,,25.4,,,,,0.020,,,,
,23,,,,,8.023,,,,,25.4,,,,,0.019,,,,
,24,,,,,8.039,,,,,25.4,,,,,0.016,,,,
,25,,,,,8.053,,,,,25.4,,,,,0.014,,,,
,26,,,,,8.064,,,,,25.4,,,,,0.011,,,,
,27,,,,,8.074,,,,,25.4,,,,,0.010,,,,
,28,,,,,8.083,,,,,25.4,,,,,0.009,,,,
,29,,,,,8.089,,,,,25.4,,,,,0.006,,,,
,30,,,,,8.095,,,,,25.4,,,,,0.006,,,,
,31,,,,,8.101,,,,,25.4,,,,,0.006,,,,
,32,,,,,8.105,,,,,25.4,,,,,0.004,,,,
,33,,,,,8.109,,,,,25.4,,,,,0.004,,,,
,34,,,,,8.112,,,,,25.4,,,,,0.003,,,,
,35,,,,,8.115,,,,,25.4,,,,,0.003,,,,
,36,,,,,8.118,,,,,25.4,,,,,0.003,,,,
,37,,,,,8.120,,,,,25.4,,,,,0.002,,,,
,38,,,,,8.122,,,,,25.4,,,,,0.002,,,,
,39,,,,,8.123,,,,,25.4,,,,,0.001,,,,
,40,,,,,8.125,,,,,25.4,,,,,0.002,,,,
,41,,,,,8.126,,,,,25.4,,,,,0.001,,,,
,42,,,,,8.127,,,,,25.4,,,,,0.001,,,,
,43,,,,,8.129,,,,,25.4,,,,,0.002,,,,
,44,,,,,8.129,,,,,25.4,,,,,0.000,,,,
,45,,,,,8.130,,,,,25.4,,,,,0.001,,,,
,46,,,,,8.131,,,,,25.4,,,,,0.001,,,,
,47,,,,,8.131,,,,,25.4,,,,,0.000,,,,
,48,,,,,8.132,,,,,25.4,,,,,0.001,,,,
,49,,,,,8.133,,,,,25.4,,,,,0.001,,,,
,50,,,,,8.133,,,,,25.4,,,,,0.000,,,,
,51,,,,,8.134,,,,,25.4,,,,,0.001,,,,
,52,,,,,8.134,,,,,25.4,,,,,0.000,,,,
,53,,,,,8.135,,,,,25.4,,,,,0.001,,,,
,54,,,,,8.135,,,,,25.4,,,,,0.000,,,,
,55,,,,,8.135,,,,,25.4,,,,,0.000,,,,
,56,,,,,8.136,,,,,25.4,,,,,0.001,,,,
,57,,,,,8.136,,,,,25.4,,,,,0.000,,,,
,58,,,,,8.137,,,,,25.4,,,,,0.001,,,,
,59,,,,,8.137,,,,,25.4,,,,,0.000,,,,
,60,,,,,8.137,,,,,25.4,,,,,0.000,,,,
Titration (EQP) [1],,,,,,,,"Scope 1/1, Sample 25/66",,,,,,,,,,,,
Measured Values,,,,,"Scope 1/1, Sample 25/66",,,,,,,,,,,,,,,
,Time,,V,,,Meas. value,,,dV,,Temp.,,,dE,,,dE/dV,,,EQP
,[s],,[mL],,,[pH],,,[mL],,[°C],,,[pH],,,[pH/mL],,,
,0,,0.00000,,,8.137,,,,,25.4,,,,,,,,,
,28,,0.08575,,,7.836,,,0.08575,,25.4,,,-0.301,,,,,,
,58,,0.12850,,,7.619,,,0.04275,,25.4,,,-0.217,,,,,,
,88,,0.15000,,,7.531,,,0.02150,,25.4,,,-0.088,,,,,,
,179,,0.19250,,,7.413,,,0.04250,,25.4,,,-0.118,,,,,,
,209,,0.24250,,,7.283,,,0.05000,,25.4,,,-0.130,,,-2.49,,,
,239,,0.29250,,,7.174,,,0.05000,,25.4,,,-0.109,,,-1.90,,,
,269,,0.34250,,,7.083,,,0.05000,,25.4,,,-0.091,,,-1.68,,,
,300,,0.39250,,,7.006,,,0.05000,,25.4,,,-0.077,,,-1.48,,,
,330,,0.44250,,,6.939,,,0.05000,,25.4,,,-0.067,,,-1.31,,,
,360,,0.49250,,,6.874,,,0.05000,,25.4,,,-0.065,,,-1.20,,,
,390,,0.54250,,,6.815,,,0.05000,,25.4,,,-0.059,,,-1.11,,,
,421,,0.59250,,,6.762,,,0.05000,,25.4,,,-0.053,,,-1.03,,,
,451,,0.64250,,,6.713,,,0.05000,,25.4,,,-0.049,,,-0.95,,,
,481,,0.69250,,,6.667,,,0.05000,,25.4,,,-0.046,,,-0.88,,,
,511,,0.74250,,,6.624,,,0.05000,,25.4,,,-0.043,,,-0.83,,,
,542,,0.79250,,,6.584,,,0.05000,,25.4,,,-0.040,,,-0.80,,,
,572,,0.84250,,,6.545,,,0.05000,,25.4,,,-0.039,,,-0.77,,,
,602,,0.89250,,,6.507,,,0.05000,,25.4,,,-0.038,,,-0.75,,,
,632,,0.94250,,,6.469,,,0.05000,,25.4,,,-0.038,,,-0.73,,,
,662,,0.99250,,,6.434,,,0.05000,,25.4,,,-0.035,,,-0.72,,,
,693,,1.04250,,,6.397,,,0.05000,,25.4,,,-0.037,,,-0.70,,,
,723,,1.09250,,,6.365,,,0.05000,,25.4,,,-0.032,,,-0.69,,,
,753,,1.14250,,,6.328,,,0.05000,,25.4,,,-0.037,,,-0.68,,,
,783,,1.19250,,,6.295,,,0.05000,,25.4,,,-0.033,,,-0.68,,,
,814,,1.24250,,,6.261,,,0.05000,,25.4,,,-0.034,,,-0.68,,,
,844,,1.29250,,,6.227,,,0.05000,,25.3,,,-0.034,,,-0.69,,,
,874,,1.34250,,,6.192,,,0.05000,,25.3,,,-0.035,,,-0.70,,,
,904,,1.39250,,,6.156,,,0.05000,,25.3,,,-0.036,,,-0.72,,,
,935,,1.44250,,,6.120,,,0.05000,,25.3,,,-0.036,,,-0.73,,,
,965,,1.49250,,,6.084,,,0.05000,,25.3,,,-0.036,,,-0.75,,,
,995,,1.54250,,,6.043,,,0.05000,,25.3,,,-0.041,,,-0.78,,,
,1025,,1.59250,,,6.006,,,0.05000,,25.3,,,-0.037,,,-0.81,,,
,1056,,1.64250,,,5.963,,,0.05000,,25.3,,,-0.043,,,-0.85,,,
,1086,,1.69250,,,5.920,,,0.05000,,25.3,,,-0.043,,,-0.90,,,
,1116,,1.74250,,,5.873,,,0.05000,,25.3,,,-0.047,,,-0.96,,,
,1146,,1.79250,,,5.824,,,0.05000,,25.3,,,-0.049,,,-1.04,,,
,1176,,1.84250,,,5.769,,,0.05000,,25.3,,,-0.055,,,-1.12,,,
,1207,,1.89250,,,5.710,,,0.05000,,25.3,,,-0.059,,,-1.23,,,
,1237,,1.94250,,,5.644,,,0.05000,,25.3,,,-0.066,,,-1.36,,,
,1267,,1.99250,,,5.570,,,0.05000,,25.3,,,-0.074,,,-1.58,,,
,1297,,2.04250,,,5.484,,,0.05000,,25.3,,,-0.086,,,-1.89,,,
,1328,,2.09250,,,5.380,,,0.05000,,25.3,,,-0.104,,,-2.38,,,
,1358,,2.14250,,,5.249,,,0.05000,,25.3,,,-0.131,,,-3.14,,,
,1388,,2.19250,,,5.073,,,0.05000,,25.3,,,-0.176,,,-4.30,,,
,1418,,2.22225,,,4.938,,,0.02975,,25.3,,,-0.135,,,-5.16,,,
,1449,,2.24550,,,4.808,,,0.02325,,25.3,,,-0.130,,,-5.87,,,
,1479,,2.26525,,,4.676,,,0.01975,,25.3,,,-0.132,,,-6.51,,,
,1509,,2.28225,,,4.548,,,0.01700,,25.3,,,-0.128,,,-7.11,,,
,,,2.292853 ???,,,4.466 ???,,,,,,,,,,,,,,EQP
,1539,,2.29825,,,4.424,,,0.01600,,25.3,,,-0.124,,,-7.26,,,
,1570,,2.31525,,,4.297,,,0.01700,,25.3,,,-0.127,,,-6.64,,,
,1600,,2.33425,,,4.169,,,0.01900,,25.3,,,-0.128,,,-5.93,,,
,1630,,2.35650,,,4.041,,,0.02225,,25.3,,,-0.128,,,-5.19,,,
,1660,,2.38450,,,3.911,,,0.02800,,25.3,,,-0.130,,,-4.32,,,
,1690,,2.42050,,,3.781,,,0.03600,,25.3,,,-0.130,,,-3.41,,,
,1721,,2.46925,,,3.646,,,0.04875,,25.3,,,-0.135,,,-2.52,,,
,1751,,2.51925,,,3.540,,,0.05000,,25.3,,,-0.106,,,-1.94,,,
,1781,,2.56925,,,3.453,,,0.05000,,25.3,,,-0.087,,,-1.57,,,
,1812,,2.61925,,,3.381,,,0.05000,,25.3,,,-0.072,,,-1.32,,,
,1842,,2.66925,,,3.318,,,0.05000,,25.3,,,-0.063,,,-1.15,,,
,1872,,2.71925,,,3.263,,,0.05000,,25.3,,,-0.055,,,-1.02,,,
,1902,,2.76925,,,3.215,,,0.05000,,25.3,,,-0.048,,,-0.91,,,
,1932,,2.81925,,,3.171,,,0.05000,,25.3,,,-0.044,,,-0.83,,,
,1963,,2.86925,,,3.131,,,0.05000,,25.3,,,-0.040,,,-0.76,,,
,1993,,2.91925,,,3.095,,,0.05000,,25.3,,,-0.036,,,,,,
,2023,,2.96925,,,3.061,,,0.05000,,25.3,,,-0.034,,,,,,
,2053,,3.01925,,,3.029,,,0.05000,,25.3,,,-0.032,,,,,,
,2084,,3.06925,,,3.001,,,0.05000,,25.3,,,-0.028,,,,,,
,2114,,3.11925,,,2.974,,,0.05000,,25.3,,,-0.027,,,,,,
Measure (normal) [1],,,,,,,,"Scope 1/1, Sample 26/66",,,,,,,,,,,,
Measured Values,,,,,"Scope 1/1, Sample 26/66",,,,,,,,,,,,,,,
,Time,,,,,Meas. value,,,,,Temp.,,,,,dE,,,,
,[s],,,,,[pH],,,,,[°C],,,,,[pH],,,,
,1,,,,,4.956,,,,,23.8,,,,,,,,,
,2,,,,,5.261,,,,,24.0,,,,,0.305,,,,
,3,,,,,5.581,,,,,24.2,,,,,0.320,,,,
,4,,,,,5.878,,,,,24.4,,,,,0.297,,,,
,5,,,,,6.161,,,,,24.6,,,,,0.283,,,,
,6,,,,,6.427,,,,,24.8,,,,,0.266,,,,
,7,,,,,6.672,,,,,24.9,,,,,0.245,,,,
,8,,,,,6.873,,,,,25.0,,,,,0.201,,,,
,9,,,,,7.064,,,,,25.1,,,,,0.191,,,,
,10,,,,,7.234,,,,,25.1,,,,,0.170,,,,
,11,,,,,7.378,,,,,25.2,,,,,0.144,,,,
,12,,,,,7.497,,,,,25.2,,,,,0.119,,,,
,13,,,,,7.595,,,,,25.3,,,,,0.098,,,,
,14,,,,,7.679,,,,,25.3,,,,,0.084,,,,
,15,,,,,7.745,,,,,25.3,,,,,0.066,,,,
,16,,,,,7.808,,,,,25.3,,,,,0.063,,,,
,17,,,,,7.860,,,,,25.3,,,,,0.052,,,,
,18,,,,,7.902,,,,,25.4,,,,,0.042,,,,
,19,,,,,7.938,,,,,25.4,,,,,0.036,,,,
,20,,,,,7.969,,,,,25.4,,,,,0.031,,,,
,21,,,,,7.996,,,,,25.4,,,,,0.027,,,,
,22,,,,,8.015,,,,,25.4,,,,,0.019,,,,
,23,,,,,8.034,,,,,25.4,,,,,0.019,,,,
,24,,,,,8.050,,,,,25.4,,,,,0.016,,,,
,25,,,,,8.063,,,,,25.4,,,,,0.013,,,,
,26,,,,,8.075,,,,,25.4,,,,,0.012,,,,
,27,,,,,8.085,,,,,25.4,,,,,0.010,,,,
,28,,,,,8.093,,,,,25.4,,,,,0.008,,,,
,29,,,,,8.100,,,,,25.4,,,,,0.007,,,,
,30,,,,,8.106,,,,,25.4,,,,,0.006,,,,
,31,,,,,8.111,,,,,25.4,,,,,0.005,,,,
,32,,,,,8.115,,,,,25.4,,,,,0.004,,,,
,33,,,,,8.119,,,,,25.4,,,,,0.004,,,,
,34,,,,,8.122,,,,,25.4,,,,,0.003,,,,
,35,,,,,8.124,,,,,25.4,,,,,0.002,,,,
,36,,,,,8.127,,,,,25.4,,,,,0.003,,,,
,37,,,,,8.129,,,,,25.4,,,,,0.002,,,,
,38,,,,,8.130,,,,,25.4,,,,,0.001,,,,
,39,,,,,8.132,,,,,25.4,,,,,0.002,,,,
,40,,,,,8.133,,,,,25.4,,,,,0.001,,,,
,41,,,,,8.135,,,,,25.4,,,,,0.002,,,,
,42,,,,,8.136,,,,,25.4,,,,,0.001,,,,
,43,,,,,8.137,,,,,25.4,,,,,0.001,,,,
,44,,,,,8.137,,,,,25.4,,,,,0.000,,,,
,45,,,,,8.138,,,,,25.4,,,,,0.001,,,,
,46,,,,,8.139,,,,,25.4,,,,,0.001,,,,
,47,,,,,8.140,,,,,25.4,,,,,0.001,,,,
,48,,,,,8.140,,,,,25.4,,,,,0.000,,,,
,49,,,,,8.141,,,,,25.4,,,,,0.001,,,,
,50,,,,,8.141,,,,,25.4,,,,,0.000,,,,
,51,,,,,8.142,,,,,25.4,,,,,0.001,,,,
,52,,,,,8.142,,,,,25.4,,,,,0.000,,,,
,53,,,,,8.142,,,,,25.4,,,,,0.000,,,,
,54,,,,,8.143,,,,,25.4,,,,,0.001,,,,
,55,,,,,8.143,,,,,25.4,,,,,0.000,,,,
,56,,,,,8.143,,,,,25.4,,,,,0.000,,,,
,57,,,,,8.144,,,,,25.4,,,,,0.001,,,,
,58,,,,,8.144,,,,,25.4,,,,,0.000,,,,
,59,,,,,8.144,,,,,25.4,,,,,0.000,,,,
,60,,,,,8.145,,,,,25.4,,,,,0.001,,,,
Titration (EQP) [1],,,,,,,,"Scope 1/1, Sample 26/66",,,,,,,,,,,,
Measured Values,,,,,"Scope 1/1, Sample 26/66",,,,,,,,,,,,,,,
,Time,,V,,,Meas. value,,,dV,,Temp.,,,dE,,,dE/dV,,,EQP
,[s],,[mL],,,[pH],,,[mL],,[°C],,,[pH],,,[pH/mL],,,
,0,,0.00000,,,8.146,,,,,25.4,,,,,,,,,
,28,,0.08575,,,7.847,,,0.08575,,25.4,,,-0.299,,,,,,
,58,,0.12850,,,7.634,,,0.04275,,25.4,,,-0.213,,,,,,
,88,,0.15000,,,7.545,,,0.02150,,25.4,,,-0.089,,,,,,
,179,,0.19025,,,7.431,,,0.04025,,25.4,,,-0.114,,,,,,
,209,,0.24025,,,7.299,,,0.05000,,25.4,,,-0.132,,,-2.54,,,
,239,,0.29025,,,7.189,,,0.05000,,25.4,,,-0.110,,,-1.95,,,
,269,,0.34025,,,7.090,,,0.05000,,25.4,,,-0.099,,,-1.71,,,
,300,,0.39025,,,7.017,,,0.05000,,25.4,,,-0.073,,,-1.50,,,
,330,,0.44025,,,6.950,,,0.05000,,25.4,,,-0.067,,,-1.31,,,
,360,,0.49025,,,6.883,,,0.05000,,25.4,,,-0.067,,,-1.19,,,
,390,,0.54025,,,6.825,,,0.05000,,25.4,,,-0.058,,,-1.09,,,
,420,,0.59025,,,6.771,,,0.05000,,25.4,,,-0.054,,,-1.03,,,
,451,,0.64025,,,6.725,,,0.05000,,25.4,,,-0.046,,,-0.95,,,
,481,,0.69025,,,6.678,,,0.05000,,25.4,,,-0.047,,,-0.88,,,
,511,,0.74025,,,6.635,,,0.05000,,25.4,,,-0.043,,,-0.84,,,
,542,,0.79025,,,6.592,,,0.05000,,25.4,,,-0.043,,,-0.80,,,
,572,,0.84025,,,6.554,,,0.05000,,25.4,,,-0.038,,,-0.77,,,
,602,,0.89025,,,6.517,,,0.05000,,25.4,,,-0.037,,,-0.74,,,
,632,,0.94025,,,6.479,,,0.05000,,25.4,,,-0.038,,,-0.72,,,
,662,,0.99025,,,6.444,,,0.05000,,25.4,,,-0.035,,,-0.71,,,
,693,,1.04025,,,6.409,,,0.05000,,25.4,,,-0.035,,,-0.70,,,
,723,,1.09025,,,6.375,,,0.05000,,25.4,,,-0.034,,,-0.69,,,
,753,,1.14025,,,6.338,,,0.05000,,25.4,,,-0.037,,,-0.68,,,
,783,,1.19025,,,6.304,,,0.05000,,25.4,,,-0.034,,,-0.68,,,
,814,,1.24025,,,6.272,,,0.05000,,25.4,,,-0.032,,,-0.68,,,
,844,,1.29025,,,6.237,,,0.05000,,25.4,,,-0.035,,,-0.68,,,
,874,,1.34025,,,6.204,,,0.05000,,25.4,,,-0.033,,,-0.68,,,
,904,,1.39025,,,6.167,,,0.05000,,25.4,,,-0.037,,,-0.70,,,
,935,,1.44025,,,6.133,,,0.05000,,25.4,,,-0.034,,,-0.72,,,
,965,,1.49025,,,6.098,,,0.05000,,25.4,,,-0.035,,,-0.73,,,
,995,,1.54025,,,6.059,,,0.05000,,25.4,,,-0.039,,,-0.76,,,
,1025,,1.59025,,,6.019,,,0.05000,,25.4,,,-0.040,,,-0.78,,,
,1056,,1.64025,,,5.982,,,0.05000,,25.4,,,-0.037,,,-0.82,,,
,1086,,1.69025,,,5.939,,,0.05000,,25.4,,,-0.043,,,-0.85,,,
,1116,,1.74025,,,5.894,,,0.05000,,25.4,,,-0.045,,,-0.90,,,
,1146,,1.79025,,,5.848,,,0.05000,,25.4,,,-0.046,,,-0.97,,,
,1176,,1.84025,,,5.798,,,0.05000,,25.4,,,-0.050,,,-1.05,,,
,1207,,1.89025,,,5.742,,,0.05000,,25.4,,,-0.056,,,-1.14,,,
,1237,,1.94025,,,5.681,,,0.05000,,25.4,,,-0.061,,,-1.26,,,
,1267,,1.99025,,,5.614,,,0.05000,,25.4,,,-0.067,,,-1.42,,,
,1298,,2.04025,,,5.536,,,0.05000,,25.4,,,-0.078,,,-1.65,,,
,1328,,2.09025,,,5.445,,,0.05000,,25.4,,,-0.091,,,-2.00,,,
,1358,,2.14025,,,5.337,,,0.05000,,25.4,,,-0.108,,,-2.54,,,
,1388,,2.19025,,,5.195,,,0.05000,,25.4,,,-0.142,,,-3.38,,,
,1418,,2.23625,,,5.024,,,0.04600,,25.4,,,-0.171,,,-4.50,,,
,1449,,2.26400,,,4.892,,,0.02775,,25.4,,,-0.132,,,-5.29,,,
,1479,,2.28625,,,4.760,,,0.02225,,25.4,,,-0.132,,,-5.95,,,
,1509,,2.30500,,,4.634,,,0.01875,,25.4,,,-0.126,,,-6.56,,,
,1539,,2.32250,,,4.503,,,0.01750,,25.4,,,-0.131,,,-7.10,,,
,,,2.322806 ???,,,4.501 ???,,,,,,,,,,,,,,EQP
,1570,,2.33900,,,4.379,,,0.01650,,25.4,,,-0.124,,,-6.96,,,
,1600,,2.35675,,,4.252,,,0.01775,,25.4,,,-0.127,,,-6.28,,,
,1630,,2.37700,,,4.123,,,0.02025,,25.4,,,-0.129,,,-5.58,,,
,1660,,2.40075,,,3.998,,,0.02375,,25.4,,,-0.125,,,-4.83,,,
,1691,,2.43200,,,3.867,,,0.03125,,25.4,,,-0.131,,,-3.94,,,
,1721,,2.47275,,,3.734,,,0.04075,,25.4,,,-0.133,,,-3.03,,,
,1751,,2.52275,,,3.610,,,0.05000,,25.4,,,-0.124,,,-2.27,,,
,1781,,2.57275,,,3.511,,,0.05000,,25.4,,,-0.099,,,-1.78,,,
,1812,,2.62275,,,3.430,,,0.05000,,25.4,,,-0.081,,,-1.47,,,
,1842,,2.67275,,,3.362,,,0.05000,,25.4,,,-0.068,,,-1.25,,,
,1872,,2.72275,,,3.302,,,0.05000,,25.4,,,-0.060,,,-1.10,,,
,1902,,2.77275,,,3.250,,,0.05000,,25.4,,,-0.052,,,-0.98,,,
,1932,,2.82275,,,3.203,,,0.05000,,25.4,,,-0.047,,,-0.88,,,
,1963,,2.87275,,,3.161,,,0.05000,,25.4,,,-0.042,,,-0.80,,,
,1993,,2.92275,,,3.123,,,0.05000,,25.4,,,-0.038,,,,,,
,2023,,2.97275,,,3.087,,,0.05000,,25.4,,,-0.036,,,,,,
,2053,,3.02275,,,3.054,,,0.05000,,25.4,,,-0.033,,,,,,
,2084,,3.07275,,,3.024,,,0.05000,,25.4,,,-0.030,,,,,,
,2114,,3.12275,,,2.996,,,0.05000,,25.4,,,-0.028,,,,,,
Measure (normal) [1],,,,,,,,"Scope 1/1, Sample 27/66",,,,,,,,,,,,
Measured Values,,,,,"Scope 1/1, Sample 27/66",,,,,,,,,,,,,,,
,Time,,,,,Meas. value,,,,,Temp.,,,,,dE,,,,
,[s],,,,,[pH],,,,,[°C],,,,,[pH],,,,
,1,,,,,4.720,,,,,23.7,,,,,,,,,
,2,,,,,5.009,,,,,23.8,,,,,0.289,,,,
,3,,,,,5.269,,,,,24.0,,,,,0.260,,,,
,4,,,,,5.486,,,,,24.3,,,,,0.217,,,,
,5,,,,,5.671,,,,,24.5,,,,,0.185,,,,
,6,,,,,5.842,,,,,24.7,,,,,0.171,,,,
,7,,,,,6.002,,,,,24.9,,,,,0.160,,,,
,8,,,,,6.143,,,,,25.0,,,,,0.141,,,,
,9,,,,,6.290,,,,,25.1,,,,,0.147,,,,
,10,,,,,6.430,,,,,25.1,,,,,0.140,,,,
,11,,,,,6.564,,,,,25.2,,,,,0.134,,,,
,12,,,,,6.689,,,,,25.2,,,,,0.125,,,,
,13,,,,,6.811,,,,,25.3,,,,,0.122,,,,
,14,,,,,6.924,,,,,25.3,,,,,0.113,,,,
,15,,,,,7.015,,,,,25.3,,,,,0.091,,,,
,16,,,,,7.107,,,,,25.3,,,,,0.092,,,,
,17,,,,,7.198,,,,,25.4,,,,,0.091,,,,
,18,,,,,7.280,,,,,25.4,,,,,0.082,,,,
,19,,,,,7.356,,,,,25.4,,,,,0.076,,,,
,20,,,,,7.424,,,,,25.4,,,,,0.068,,,,
,21,,,,,7.486,,,,,25.4,,,,,0.062,,,,
,22,,,,,7.536,,,,,25.4,,,,,0.050,,,,
,23,,,,,7.589,,,,,25.4,,,,,0.053,,,,
,24,,,,,7.635,,,,,25.4,,,,,0.046,,,,
,25,,,,,7.679,,,,,25.4,,,,,0.044,,,,
,26,,,,,7.717,,,,,25.4,,,,,0.038,,,,
,27,,,,,7.753,,,,,25.4,,,,,0.036,,,,
,28,,,,,7.785,,,,,25.4,,,,,0.032,,,,
,29,,,,,7.811,,,,,25.4,,,,,0.026,,,,
,30,,,,,7.839,,,,,25.4,,,,,0.028,,,,
,31,,,,,7.862,,,,,25.4,,,,,0.023,,,,
,32,,,,,7.884,,,,,25.4,,,,,0.022,,,,
,33,,,,,7.904,,,,,25.4,,,,,0.020,,,,
,34,,,,,7.922,,,,,25.4,,,,,0.018,,,,
,35,,,,,7.939,,,,,25.4,,,,,0.017,,,,
,36,,,,,7.954,,,,,25.4,,,,,0.015,,,,
,37,,,,,7.968,,,,,25.4,,,,,0.014,,,,
,38,,,,,7.981,,,,,25.4,,,,,0.013,,,,
,39,,,,,7.993,,,,,25.4,,,,,0.012,,,,
,40,,,,,8.004,,,,,25.4,,,,,0.011,,,,
,41,,,,,8.013,,,,,25.4,,,,,0.009,,,,
,42,,,,,8.023,,,,,25.4,,,,,0.010,,,,
,43,,,,,8.029,,,,,25.4,,,,,0.006,,,,
,44,,,,,8.037,,,,,25.4,,,,,0.008,,,,
,45,,,,,8.044,,,,,25.4,,,,,0.007,,,,
,46,,,,,8.050,,,,,25.4,,,,,0.006,,,,
,47,,,,,8.055,,,,,25.4,,,,,0.005,,,,
,48,,,,,8.060,,,,,25.4,,,,,0.005,,,,
,49,,,,,8.064,,,,,25.4,,,,,0.004,,,,
,50,,,,,8.068,,,,,25.4,,,,,0.004,,,,
,51,,,,,8.072,,,,,25.4,,,,,0.004,,,,
,52,,,,,8.076,,,,,25.4,,,,,0.004,,,,
,53,,,,,8.079,,,,,25.4,,,,,0.003,,,,
,54,,,,,8.082,,,,,25.4,,,,,0.003,,,,
,55,,,,,8.085,,,,,25.4,,,,,0.003,,,,
,56,,,,,8.087,,,,,25.4,,,,,0.002,,,,
,57,,,,,8.090,,,,,25.4,,,,,0.003,,,,
,58,,,,,8.091,,,,,25.4,,,,,0.001,,,,
,59,,,,,8.094,,,,,25.4,,,,,0.003,,,,
,60,,,,,8.096,,,,,25.4,,,,,0.002,,,,
Titration (EQP) [1],,,,,,,,"Scope 1/1, Sample 27/66",,,,,,,,,,,,
Measured Values,,,,,"Scope 1/1, Sample 27/66",,,,,,,,,,,,,,,
,Time,,V,,,Meas. value,,,dV,,Temp.,,,dE,,,dE/dV,,,EQP
,[s],,[mL],,,[pH],,,[mL],,[°C],,,[pH],,,[pH/mL],,,
,0,,0.00000,,,8.099,,,,,25.4,,,,,,,,,
,28,,0.08575,,,7.598,,,0.08575,,25.4,,,-0.501,,,,,,
,58,,0.12850,,,7.299,,,0.04275,,25.4,,,-0.299,,,,,,
,88,,0.15000,,,7.160,,,0.02150,,25.4,,,-0.139,,,,,,
,178,,0.17275,,,7.053,,,0.02275,,25.4,,,-0.107,,,,,,
,209,,0.21300,,,6.952,,,0.04025,,25.4,,,-0.101,,,-3.30,,,
,239,,0.26300,,,6.825,,,0.05000,,25.4,,,-0.127,,,-2.44,,,
,269,,0.31300,,,6.705,,,0.05000,,25.4,,,-0.120,,,-2.19,,,
,300,,0.36300,,,6.587,,,0.05000,,25.4,,,-0.118,,,-2.05,,,
,330,,0.41300,,,6.498,,,0.05000,,25.4,,,-0.089,,,-1.95,,,
,360,,0.46300,,,6.401,,,0.05000,,25.4,,,-0.097,,,-1.83,,,
,390,,0.51300,,,6.309,,,0.05000,,25.4,,,-0.092,,,-1.74,,,
,420,,0.56300,,,6.228,,,0.05000,,25.4,,,-0.081,,,-1.68,,,
,451,,0.61300,,,6.138,,,0.05000,,25.4,,,-0.090,,,-1.67,,,
,481,,0.66300,,,6.056,,,0.05000,,25.4,,,-0.082,,,-1.68,,,
,511,,0.71300,,,5.972,,,0.05000,,25.4,,,-0.084,,,-1.75,,,
,541,,0.76300,,,5.883,,,0.05000,,25.4,,,-0.089,,,-1.90,,,
,572,,0.81300,,,5.774,,,0.05000,,25.4,,,-0.109,,,-2.15,,,
,602,,0.86300,,,5.659,,,0.05000,,25.4,,,-0.115,,,-2.58,,,
,632,,0.91300,,,5.523,,,0.05000,,25.4,,,-0.136,,,-3.28,,,
,662,,0.96275,,,5.345,,,0.04975,,25.4,,,-0.178,,,-4.44,,,
,693,,0.99150,,,5.213,,,0.02875,,25.4,,,-0.132,,,-5.41,,,
,723,,1.01475,,,5.084,,,0.02325,,25.4,,,-0.129,,,-6.42,,,
,753,,1.03475,,,4.947,,,0.02000,,25.4,,,-0.137,,,-7.36,,,
,783,,1.05100,,,4.811,,,0.01625,,25.4,,,-0.136,,,-8.18,,,
,814,,1.06450,,,4.685,,,0.01350,,25.4,,,-0.126,,,-9.10,,,
,,,1.074638 ???,,,4.585 ???,,,,,,,,,,,,,,EQP
,844,,1.07750,,,4.557,,,0.01300,,25.4,,,-0.128,,,-9.35,,,
,874,,1.09050,,,4.429,,,0.01300,,25.4,,,-0.128,,,-8.69,,,
,904,,1.10425,,,4.308,,,0.01375,,25.4,,,-0.121,,,-7.75,,,
,934,,1.12150,,,4.177,,,0.01725,,25.4,,,-0.131,,,-6.83,,,
,965,,1.14225,,,4.048,,,0.02075,,25.4,,,-0.129,,,-5.82,,,
,995,,1.16875,,,3.918,,,0.02650,,25.4,,,-0.130,,,-4.71,,,
,1025,,1.20425,,,3.785,,,0.03550,,25.4,,,-0.133,,,-3.59,,,
,1055,,1.25100,,,3.652,,,0.04675,,25.4,,,-0.133,,,-2.61,,,
,1086,,1.30100,,,3.542,,,0.05000,,25.4,,,-0.110,,,-1.98,,,
,1116,,1.35100,,,3.455,,,0.05000,,25.4,,,-0.087,,,-1.58,,,
,1146,,1.40100,,,3.382,,,0.05000,,25.4,,,-0.073,,,-1.33,,,
,1176,,1.45100,,,3.319,,,0.05000,,25.4,,,-0.063,,,-1.15,,,
,1207,,1.50100,,,3.264,,,0.05000,,25.4,,,-0.055,,,-1.02,,,
,1237,,1.55100,,,3.215,,,0.05000,,25.4,,,-0.049,,,-0.92,,,
,1267,,1.60100,,,3.171,,,0.05000,,25.4,,,-0.044,,,-0.83,,,
,1297,,1.65100,,,3.131,,,0.05000,,25.4,,,-0.040,,,,,,
,1327,,1.70100,,,3.094,,,0.05000,,25.4,,,-0.037,,,,,,
,1358,,1.75100,,,3.061,,,0.05000,,25.4,,,-0.033,,,,,,
,1388,,1.80100,,,3.029,,,0.05000,,25.4,,,-0.032,,,,,,
,1418,,1.85100,,,3.000,,,0.05000,,25.4,,,-0.029,,,,,,
Measure (normal) [1],,,,,,,,"Scope 1/1, Sample 28/66",,,,,,,,,,,,
Measured Values,,,,,"Scope 1/1, Sample 28/66",,,,,,,,,,,,,,,
,Time,,,,,Meas. value,,,,,Temp.,,,,,dE,,,,
,[s],,,,,[pH],,,,,[°C],,,,,[pH],,,,
,1,,,,,4.720,,,,,23.6,,,,,,,,,
,2,,,,,5.005,,,,,23.8,,,,,0.285,,,,
,3,,,,,5.281,,,,,24.0,,,,,0.276,,,,
,4,,,,,5.513,,,,,24.3,,,,,0.232,,,,
,5,,,,,5.713,,,,,24.5,,,,,0.200,,,,
,6,,,,,5.896,,,,,24.7,,,,,0.183,,,,
,7,,,,,6.071,,,,,24.8,,,,,0.175,,,,
,8,,,,,6.237,,,,,25.0,,,,,0.166,,,,
,9,,,,,6.375,,,,,25.1,,,,,0.138,,,,
,10,,,,,6.519,,,,,25.1,,,,,0.144,,,,
,11,,,,,6.660,,,,,25.2,,,,,0.141,,,,
,12,,,,,6.795,,,,,25.2,,,,,0.135,,,,
,13,,,,,6.921,,,,,25.3,,,,,0.126,,,,
,14,,,,,7.032,,,,,25.3,,,,,0.111,,,,
,15,,,,,7.118,,,,,25.3,,,,,0.086,,,,
,16,,,,,7.217,,,,,25.3,,,,,0.099,,,,
,17,,,,,7.303,,,,,25.3,,,,,0.086,,,,
,18,,,,,7.381,,,,,25.4,,,,,0.078,,,,
,19,,,,,7.452,,,,,25.4,,,,,0.071,,,,
,20,,,,,7.516,,,,,25.4,,,,,0.064,,,,
,21,,,,,7.574,,,,,25.4,,,,,0.058,,,,
,22,,,,,7.623,,,,,25.4,,,,,0.049,,,,
,23,,,,,7.672,,,,,25.4,,,,,0.049,,,,
,24,,,,,7.714,,,,,25.4,,,,,0.042,,,,
,25,,,,,7.753,,,,,25.4,,,,,0.039,,,,
,26,,,,,7.790,,,,,25.4,,,,,0.037,,,,
,27,,,,,7.821,,,,,25.4,,,,,0.031,,,,
,28,,,,,7.850,,,,,25.4,,,,,0.029,,,,
,29,,,,,7.875,,,,,25.4,,,,,0.025,,,,
,30,,,,,7.899,,,,,25.4,,,,,0.024,,,,
,31,,,,,7.921,,,,,25.4,,,,,0.022,,,,
,32,,,,,7.942,,,,,25.4,,,,,0.021,,,,
,33,,,,,7.960,,,,,25.4,,,,,0.018,,,,
,34,,,,,7.977,,,,,25.4,,,,,0.017,,,,
,35,,,,,7.991,,,,,25.4,,,,,0.014,,,,
,36,,,,,8.004,,,,,25.4,,,,,0.013,,,,
,37,,,,,8.017,,,,,25.4,,,,,0.013,,,,
,38,,,,,8.028,,,,,25.4,,,,,0.011,,,,
,39,,,,,8.038,,,,,25.4,,,,,0.010,,,,
,40,,,,,8.048,,,,,25.4,,,,,0.010,,,,
,41,,,,,8.056,,,,,25.4,,,,,0.008,,,,
,42,,,,,8.064,,,,,25.4,,,,,0.008,,,,
,43,,,,,8.070,,,,,25.4,,,,,0.006,,,,
,44,,,,,8.077,,,,,25.4,,,,,0.007,,,,
,45,,,,,8.082,,,,,25.4,,,,,0.005,,,,
,46,,,,,8.087,,,,,25.4,,,,,0.005,,,,
,47,,,,,8.091,,,,,25.4,,,,,0.004,,,,
,48,,,,,8.096,,,,,25.4,,,,,0.005,,,,
,49,,,,,8.100,,,,,25.4,,,,,0.004,,,,
,50,,,,,8.103,,,,,25.4,,,,,0.003,,,,
,51,,,,,8.106,,,,,25.4,,,,,0.003,,,,
,52,,,,,8.109,,,,,25.4,,,,,0.003,,,,
,53,,,,,8.112,,,,,25.4,,,,,0.003,,,,
,54,,,,,8.114,,,,,25.4,,,,,0.002,,,,
,55,,,,,8.116,,,,,25.4,,,,,0.002,,,,
,56,,,,,8.118,,,,,25.4,,,,,0.002,,,,
,57,,,,,8.120,,,,,25.4,,,,,0.002,,,,
,58,,,,,8.122,,,,,25.4,,,,,0.002,,,,
,59,,,,,8.124,,,,,25.4,,,,,0.002,,,,
,60,,,,,8.125,,,,,25.4,,,,,0.001,,,,
Titration (EQP) [1],,,,,,,,"Scope 1/1, Sample 28/66",,,,,,,,,,,,
Measured Values,,,,,"Scope 1/1, Sample 28/66",,,,,,,,,,,,,,,
,Time,,V,,,Meas. value,,,dV,,Temp.,,,dE,,,dE/dV,,,EQP
,[s],,[mL],,,[pH],,,[mL],,[°C],,,[pH],,,[pH/mL],,,
,0,,0.00000,,,8.127,,,,,25.4,,,,,,,,,
,29,,0.08575,,,7.611,,,0.08575,,25.4,,,-0.516,,,,,,
,59,,0.12850,,,7.312,,,0.04275,,25.4,,,-0.299,,,,,,
,89,,0.15000,,,7.172,,,0.02150,,25.4,,,-0.140,,,,,,
,180,,0.17275,,,7.062,,,0.02275,,25.4,,,-0.110,,,,,,
,210,,0.20950,,,6.971,,,0.03675,,25.4,,,-0.091,,,-3.33,,,
,240,,0.25950,,,6.844,,,0.05000,,25.4,,,-0.127,,,-2.47,,,
,270,,0.30950,,,6.726,,,0.05000,,25.4,,,-0.118,,,-2.20,,,
,301,,0.35950,,,6.615,,,0.05000,,25.4,,,-0.111,,,-2.13,,,
,331,,0.40950,,,6.505,,,0.05000,,25.4,,,-0.110,,,-2.05,,,
,361,,0.45950,,,6.414,,,0.05000,,25.4,,,-0.091,,,-1.92,,,
,391,,0.50950,,,6.316,,,0.05000,,25.4,,,-0.098,,,-1.77,,,
,422,,0.55950,,,6.224,,,0.05000,,25.4,,,-0.092,,,-1.69,,,
,452,,0.60950,,,6.149,,,0.05000,,25.4,,,-0.075,,,-1.65,,,
,482,,0.65950,,,6.066,,,0.05000,,25.4,,,-0.083,,,-1.66,,,
,512,,0.70950,,,5.987,,,0.05000,,25.4,,,-0.079,,,-1.72,,,
,542,,0.75950,,,5.881,,,0.05000,,25.4,,,-0.106,,,-1.88,,,
,573,,0.80950,,,5.790,,,0.05000,,25.4,,,-0.091,,,-2.14,,,
,603,,0.85950,,,5.676,,,0.05000,,25.4,,,-0.114,,,-2.52,,,
,633,,0.90950,,,5.537,,,0.05000,,25.4,,,-0.139,,,-3.18,,,
,664,,0.95750,,,5.373,,,0.04800,,25.4,,,-0.164,,,-4.24,,,
,694,,0.98975,,,5.230,,,0.03225,,25.4,,,-0.143,,,-5.35,,,
,724,,1.01350,,,5.102,,,0.02375,,25.4,,,-0.128,,,-6.34,,,
,754,,1.03400,,,4.962,,,0.02050,,25.4,,,-0.140,,,-7.32,,,
,784,,1.04975,,,4.834,,,0.01575,,25.4,,,-0.128,,,-8.15,,,
,815,,1.06375,,,4.702,,,0.01400,,25.4,,,-0.132,,,-9.09,,,
,,,1.074949 ???,,,4.590 ???,,,,,,,,,,,,,,EQP
,845,,1.07625,,,4.577,,,0.01250,,25.4,,,-0.125,,,-9.52,,,
,875,,1.08900,,,4.449,,,0.01275,,25.4,,,-0.128,,,-8.97,,,
,905,,1.10250,,,4.325,,,0.01350,,25.4,,,-0.124,,,-8.00,,,
,936,,1.11850,,,4.199,,,0.01600,,25.4,,,-0.126,,,-7.10,,,
,966,,1.13875,,,4.067,,,0.02025,,25.4,,,-0.132,,,-6.07,,,
,996,,1.16400,,,3.936,,,0.02525,,25.4,,,-0.131,,,-4.94,,,
,1026,,1.19725,,,3.805,,,0.03325,,25.4,,,-0.131,,,-3.80,,,
,1056,,1.24225,,,3.671,,,0.04500,,25.4,,,-0.134,,,-2.77,,,
,1087,,1.29225,,,3.556,,,0.05000,,25.4,,,-0.115,,,-2.07,,,
,1117,,1.34225,,,3.466,,,0.05000,,25.4,,,-0.090,,,-1.64,,,
,1147,,1.39225,,,3.390,,,0.05000,,25.4,,,-0.076,,,-1.37,,,
,1178,,1.44225,,,3.326,,,0.05000,,25.4,,,-0.064,,,-1.18,,,
,1208,,1.49225,,,3.269,,,0.05000,,25.4,,,-0.057,,,-1.04,,,
,1238,,1.54225,,,3.220,,,0.05000,,25.4,,,-0.049,,,-0.94,,,
,1268,,1.59225,,,3.175,,,0.05000,,25.4,,,-0.045,,,-0.85,,,
,1298,,1.64225,,,3.134,,,0.05000,,25.4,,,-0.041,,,-0.77,,,
,1329,,1.69225,,,3.097,,,0.05000,,25.4,,,-0.037,,,,,,
,1359,,1.74225,,,3.063,,,0.05000,,25.4,,,-0.034,,,,,,
,1389,,1.79225,,,3.032,,,0.05000,,25.4,,,-0.031,,,,,,
,1419,,1.84225,,,3.002,,,0.05000,,25.4,,,-0.030,,,,,,
,1450,,1.89225,,,2.974,,,0.05000,,25.4,,,-0.028,,,,,,
Measure (normal) [1],,,,,,,,"Scope 1/1, Sample 29/66",,,,,,,,,,,,
Measured Values,,,,,"Scope 1/1, Sample 29/66",,,,,,,,,,,,,,,
,Time,,,,,Meas. value,,,,,Temp.,,,,,dE,,,,
,[s],,,,,[pH],,,,,[°C],,,,,[pH],,,,
,1,,,,,4.677,,,,,20.7,,,,,,,,,
,2,,,,,5.000,,,,,21.2,,,,,0.323,,,,
,3,,,,,5.298,,,,,21.8,,,,,0.298,,,,
,4,,,,,5.534,,,,,22.4,,,,,0.236,,,,
,5,,,,,5.739,,,,,23.0,,,,,0.205,,,,
,6,,,,,5.929,,,,,23.5,,,,,0.190,,,,
,7,,,,,6.108,,,,,23.8,,,,,0.179,,,,
,8,,,,,6.276,,,,,24.1,,,,,0.168,,,,
,9,,,,,6.418,,,,,24.4,,,,,0.142,,,,
,10,,,,,6.565,,,,,24.5,,,,,0.147,,,,
,11,,,,,6.704,,,,,24.7,,,,,0.139,,,,
,12,,,,,6.830,,,,,24.8,,,,,0.126,,,,
,13,,,,,6.950,,,,,24.9,,,,,0.120,,,,
,14,,,,,7.054,,,,,25.0,,,,,0.104,,,,
,15,,,,,7.140,,,,,25.0,,,,,0.086,,,,
,16,,,,,7.235,,,,,25.0,,,,,0.095,,,,
,17,,,,,7.319,,,,,25.1,,,,,0.084,,,,
,18,,,,,7.396,,,,,25.1,,,,,0.077,,,,
,19,,,,,7.463,,,,,25.1,,,,,0.067,,,,
,20,,,,,7.523,,,,,25.1,,,,,0.060,,,,
,21,,,,,7.577,,,,,25.2,,,,,0.054,,,,
,22,,,,,7.623,,,,,25.2,,,,,0.046,,,,
,23,,,,,7.669,,,,,25.2,,,,,0.046,,,,
,24,,,,,7.711,,,,,25.2,,,,,0.042,,,,
,25,,,,,7.749,,,,,25.2,,,,,0.038,,,,
,26,,,,,7.784,,,,,25.2,,,,,0.035,,,,
,27,,,,,7.817,,,,,25.2,,,,,0.033,,,,
,28,,,,,7.845,,,,,25.2,,,,,0.028,,,,
,29,,,,,7.868,,,,,25.2,,,,,0.023,,,,
,30,,,,,7.891,,,,,25.2,,,,,0.023,,,,
,31,,,,,7.913,,,,,25.2,,,,,0.022,,,,
,32,,,,,7.933,,,,,25.2,,,,,0.020,,,,
,33,,,,,7.950,,,,,25.2,,,,,0.017,,,,
,34,,,,,7.966,,,,,25.2,,,,,0.016,,,,
,35,,,,,7.980,,,,,25.2,,,,,0.014,,,,
,36,,,,,7.992,,,,,25.2,,,,,0.012,,,,
,37,,,,,8.004,,,,,25.2,,,,,0.012,,,,
,38,,,,,8.014,,,,,25.2,,,,,0.010,,,,
,39,,,,,8.025,,,,,25.2,,,,,0.011,,,,
,40,,,,,8.033,,,,,25.2,,,,,0.008,,,,
,41,,,,,8.041,,,,,25.2,,,,,0.008,,,,
,42,,,,,8.049,,,,,25.2,,,,,0.008,,,,
,43,,,,,8.055,,,,,25.2,,,,,0.006,,,,
,44,,,,,8.061,,,,,25.2,,,,,0.006,,,,
,45,,,,,8.066,,,,,25.2,,,,,0.005,,,,
,46,,,,,8.071,,,,,25.2,,,,,0.005,,,,
,47,,,,,8.076,,,,,25.2,,,,,0.005,,,,
,48,,,,,8.080,,,,,25.2,,,,,0.004,,,,
,49,,,,,8.084,,,,,25.2,,,,,0.004,,,,
,50,,,,,8.087,,,,,25.2,,,,,0.003,,,,
,51,,,,,8.090,,,,,25.2,,,,,0.003,,,,
,52,,,,,8.093,,,,,25.2,,,,,0.003,,,,
,53,,,,,8.095,,,,,25.2,,,,,0.002,,,,
,54,,,,,8.098,,,,,25.2,,,,,0.003,,,,
,55,,,,,8.100,,,,,25.2,,,,,0.002,,,,
,56,,,,,8.102,,,,,25.2,,,,,0.002,,,,
,57,,,,,8.104,,,,,25.2,,,,,0.002,,,,
,58,,,,,8.106,,,,,25.2,,,,,0.002,,,,
,59,,,,,8.107,,,,,25.2,,,,,0.001,,,,
,60,,,,,8.108,,,,,25.2,,,,,0.001,,,,
Titration (EQP) [1],,,,,,,,"Scope 1/1, Sample 29/66",,,,,,,,,,,,
Measured Values,,,,,"Scope 1/1, Sample 29/66",,,,,,,,,,,,,,,
,Time,,V,,,Meas. value,,,dV,,Temp.,,,dE,,,dE/dV,,,EQP
,[s],,[mL],,,[pH],,,[mL],,[°C],,,[pH],,,[pH/mL],,,
,0,,0.00000,,,8.111,,,,,25.2,,,,,,,,,
,28,,0.08575,,,7.630,,,0.08575,,25.2,,,-0.481,,,,,,
,58,,0.12850,,,7.328,,,0.04275,,25.2,,,-0.302,,,,,,
,88,,0.15000,,,7.185,,,0.02150,,25.2,,,-0.143,,,,,,
,180,,0.17175,,,7.074,,,0.02175,,25.2,,,-0.111,,,,,,
,210,,0.20625,,,6.986,,,0.03450,,25.3,,,-0.088,,,-3.41,,,
,240,,0.25625,,,6.879,,,0.05000,,25.3,,,-0.107,,,-2.49,,,
,270,,0.30625,,,6.754,,,0.05000,,25.3,,,-0.125,,,-2.16,,,
,301,,0.35625,,,6.621,,,0.05000,,25.3,,,-0.133,,,-2.04,,,
,331,,0.40625,,,6.540,,,0.05000,,25.3,,,-0.081,,,-1.95,,,
,361,,0.45625,,,6.452,,,0.05000,,25.3,,,-0.088,,,-1.80,,,
,391,,0.50625,,,6.363,,,0.05000,,25.3,,,-0.089,,,-1.66,,,
,422,,0.55625,,,6.274,,,0.05000,,25.3,,,-0.089,,,-1.60,,,
,452,,0.60625,,,6.196,,,0.05000,,25.3,,,-0.078,,,-1.61,,,
,482,,0.65625,,,6.119,,,0.05000,,25.3,,,-0.077,,,-1.58,,,
,512,,0.70625,,,6.038,,,0.05000,,25.3,,,-0.081,,,-1.61,,,
,542,,0.75625,,,5.957,,,0.05000,,25.3,,,-0.081,,,-1.67,,,
,573,,0.80625,,,5.867,,,0.05000,,25.3,,,-0.090,,,-1.81,,,
,603,,0.85625,,,5.770,,,0.05000,,25.3,,,-0.097,,,-2.02,,,
,633,,0.90625,,,5.663,,,0.05000,,25.3,,,-0.107,,,-2.36,,,
,663,,0.95625,,,5.538,,,0.05000,,25.3,,,-0.125,,,-2.96,,,
,694,,1.00625,,,5.374,,,0.05000,,25.3,,,-0.164,,,-3.95,,,
,724,,1.04100,,,5.231,,,0.03475,,25.3,,,-0.143,,,-4.98,,,
,754,,1.06725,,,5.095,,,0.02625,,25.3,,,-0.136,,,-5.98,,,
,784,,1.08800,,,4.962,,,0.02075,,25.3,,,-0.133,,,-6.86,,,
,815,,1.10525,,,4.831,,,0.01725,,25.3,,,-0.131,,,-7.64,,,
,845,,1.12025,,,4.700,,,0.01500,,25.3,,,-0.131,,,-8.51,,,
,,,1.132332 ???,,,4.587 ???,,,,,,,,,,,,,,EQP
,875,,1.13375,,,4.574,,,0.01350,,25.3,,,-0.126,,,-8.92,,,
,905,,1.14725,,,4.447,,,0.01350,,25.3,,,-0.127,,,-8.44,,,
,936,,1.16175,,,4.322,,,0.01450,,25.3,,,-0.125,,,-7.54,,,
,966,,1.17900,,,4.193,,,0.01725,,25.3,,,-0.129,,,-6.67,,,
,996,,1.19975,,,4.064,,,0.02075,,25.3,,,-0.129,,,-5.73,,,
,1026,,1.22625,,,3.935,,,0.02650,,25.3,,,-0.129,,,-4.67,,,
,1056,,1.26175,,,3.802,,,0.03550,,25.3,,,-0.133,,,-3.58,,,
,1087,,1.30850,,,3.669,,,0.04675,,25.3,,,-0.133,,,-2.62,,,
,1117,,1.35850,,,3.559,,,0.05000,,25.3,,,-0.110,,,-2.04,,,
,1147,,1.40850,,,3.471,,,0.05000,,25.3,,,-0.088,,,-1.60,,,
,1178,,1.45850,,,3.397,,,0.05000,,25.3,,,-0.074,,,-1.27,,,
,1208,,1.50850,,,3.334,,,0.05000,,25.3,,,-0.063,,,-1.04,,,
,1238,,1.55850,,,3.279,,,0.05000,,25.3,,,-0.055,,,-0.88,,,
,1268,,1.60850,,,3.261,,,0.05000,,25.3,,,-0.018,,,-0.79,,,
,1298,,1.65850,,,3.214,,,0.05000,,25.3,,,-0.047,,,-0.75,,,
,1329,,1.70850,,,3.172,,,0.05000,,25.3,,,-0.042,,,-0.74,,,
,1359,,1.75850,,,3.133,,,0.05000,,25.3,,,-0.039,,,-0.74,,,
,1389,,1.80850,,,3.097,,,0.05000,,25.3,,,-0.036,,,,,,
,1419,,1.85850,,,3.065,,,0.05000,,25.3,,,-0.032,,,,,,
,1450,,1.90850,,,3.034,,,0.05000,,25.3,,,-0.031,,,,,,
,1480,,1.95850,,,3.006,,,0.05000,,25.3,,,-0.028,,,,,,
,1510,,2.00850,,,2.979,,,0.05000,,25.3,,,-0.027,,,,,,
Measure (normal) [1],,,,,,,,"Scope 1/1, Sample 30/66",,,,,,,,,,,,
Measured Values,,,,,"Scope 1/1, Sample 30/66",,,,,,,,,,,,,,,
,Time,,,,,Meas. value,,,,,Temp.,,,,,dE,,,,
,[s],,,,,[pH],,,,,[°C],,,,,[pH],,,,
,1,,,,,4.637,,,,,20.2,,,,,,,,,
,2,,,,,4.988,,,,,20.7,,,,,0.351,,,,
,3,,,,,5.275,,,,,21.4,,,,,0.287,,,,
,4,,,,,5.509,,,,,22.1,,,,,0.234,,,,
,5,,,,,5.719,,,,,22.8,,,,,0.210,,,,
,6,,,,,5.913,,,,,23.3,,,,,0.194,,,,
,7,,,,,6.093,,,,,23.7,,,,,0.180,,,,
,8,,,,,6.243,,,,,24.0,,,,,0.150,,,,
,9,,,,,6.405,,,,,24.3,,,,,0.162,,,,
,10,,,,,6.557,,,,,24.5,,,,,0.152,,,,
,11,,,,,6.695,,,,,24.7,,,,,0.138,,,,
,12,,,,,6.825,,,,,24.8,,,,,0.130,,,,
,13,,,,,6.949,,,,,24.9,,,,,0.124,,,,
,14,,,,,7.053,,,,,25.0,,,,,0.104,,,,
,15,,,,,7.139,,,,,25.0,,,,,0.086,,,,
,16,,,,,7.234,,,,,25.1,,,,,0.095,,,,
,17,,,,,7.317,,,,,25.1,,,,,0.083,,,,
,18,,,,,7.393,,,,,25.1,,,,,0.076,,,,
,19,,,,,7.462,,,,,25.2,,,,,0.069,,,,
,20,,,,,7.523,,,,,25.2,,,,,0.061,,,,
,21,,,,,7.579,,,,,25.2,,,,,0.056,,,,
,22,,,,,7.625,,,,,25.2,,,,,0.046,,,,
,23,,,,,7.673,,,,,25.2,,,,,0.048,,,,
,24,,,,,7.717,,,,,25.2,,,,,0.044,,,,
,25,,,,,7.755,,,,,25.2,,,,,0.038,,,,
,26,,,,,7.788,,,,,25.2,,,,,0.033,,,,
,27,,,,,7.820,,,,,25.2,,,,,0.032,,,,
,28,,,,,7.850,,,,,25.2,,,,,0.030,,,,
,29,,,,,7.873,,,,,25.2,,,,,0.023,,,,
,30,,,,,7.895,,,,,25.2,,,,,0.022,,,,
,31,,,,,7.917,,,,,25.2,,,,,0.022,,,,
,32,,,,,7.936,,,,,25.2,,,,,0.019,,,,
,33,,,,,7.953,,,,,25.2,,,,,0.017,,,,
,34,,,,,7.969,,,,,25.2,,,,,0.016,,,,
,35,,,,,7.983,,,,,25.2,,,,,0.014,,,,
,36,,,,,7.995,,,,,25.2,,,,,0.012,,,,
,37,,,,,8.007,,,,,25.2,,,,,0.012,,,,
,38,,,,,8.018,,,,,25.2,,,,,0.011,,,,
,39,,,,,8.027,,,,,25.2,,,,,0.009,,,,
,40,,,,,8.036,,,,,25.2,,,,,0.009,,,,
,41,,,,,8.044,,,,,25.2,,,,,0.008,,,,
,42,,,,,8.052,,,,,25.2,,,,,0.008,,,,
,43,,,,,8.058,,,,,25.2,,,,,0.006,,,,
,44,,,,,8.065,,,,,25.2,,,,,0.007,,,,
,45,,,,,8.070,,,,,25.2,,,,,0.005,,,,
,46,,,,,8.075,,,,,25.2,,,,,0.005,,,,
,47,,,,,8.079,,,,,25.2,,,,,0.004,,,,
,48,,,,,8.083,,,,,25.2,,,,,0.004,,,,
,49,,,,,8.087,,,,,25.2,,,,,0.004,,,,
,50,,,,,8.090,,,,,25.2,,,,,0.003,,,,
,51,,,,,8.093,,,,,25.2,,,,,0.003,,,,
,52,,,,,8.096,,,,,25.2,,,,,0.003,,,,
,53,,,,,8.099,,,,,25.2,,,,,0.003,,,,
,54,,,,,8.101,,,,,25.2,,,,,0.002,,,,
,55,,,,,8.103,,,,,25.2,,,,,0.002,,,,
,56,,,,,8.105,,,,,25.2,,,,,0.002,,,,
,57,,,,,8.106,,,,,25.2,,,,,0.001,,,,
,58,,,,,8.108,,,,,25.2,,,,,0.002,,,,
,59,,,,,8.109,,,,,25.2,,,,,0.001,,,,
,60,,,,,8.111,,,,,25.2,,,,,0.002,,,,
Titration (EQP) [1],,,,,,,,"Scope 1/1, Sample 30/66",,,,,,,,,,,,
Measured Values,,,,,"Scope 1/1, Sample 30/66",,,,,,,,,,,,,,,
,Time,,V,,,Meas. value,,,dV,,Temp.,,,dE,,,dE/dV,,,EQP
,[s],,[mL],,,[pH],,,[mL],,[°C],,,[pH],,,[pH/mL],,,
,0,,0.00000,,,8.113,,,,,25.2,,,,,,,,,
,28,,0.08575,,,7.608,,,0.08575,,25.2,,,-0.505,,,,,,
,58,,0.12850,,,7.298,,,0.04275,,25.3,,,-0.310,,,,,,
,88,,0.15000,,,7.161,,,0.02150,,25.3,,,-0.137,,,,,,
,179,,0.17350,,,7.056,,,0.02350,,25.3,,,-0.105,,,,,,
,209,,0.21875,,,6.943,,,0.04525,,25.3,,,-0.113,,,-3.27,,,
,239,,0.26875,,,6.807,,,0.05000,,25.3,,,-0.136,,,-2.48,,,
,269,,0.31850,,,6.689,,,0.04975,,25.3,,,-0.118,,,-2.31,,,
,300,,0.36850,,,6.576,,,0.05000,,25.3,,,-0.113,,,-2.15,,,
,330,,0.41850,,,6.450,,,0.05000,,25.3,,,-0.126,,,-2.01,,,
,360,,0.46850,,,6.375,,,0.05000,,25.3,,,-0.075,,,-1.82,,,
,390,,0.51850,,,6.282,,,0.05000,,25.3,,,-0.093,,,-1.69,,,
,420,,0.56850,,,6.209,,,0.05000,,25.3,,,-0.073,,,-1.59,,,
,451,,0.61850,,,6.117,,,0.05000,,25.3,,,-0.092,,,-1.57,,,
,481,,0.66850,,,6.042,,,0.05000,,25.3,,,-0.075,,,-1.65,,,
,511,,0.71850,,,5.956,,,0.05000,,25.3,,,-0.086,,,-1.70,,,
,542,,0.76850,,,5.869,,,0.05000,,25.3,,,-0.087,,,-1.88,,,
,572,,0.81850,,,5.767,,,0.05000,,25.3,,,-0.102,,,-2.14,,,
,602,,0.86850,,,5.648,,,0.05000,,25.3,,,-0.119,,,-2.61,,,
,632,,0.91850,,,5.509,,,0.05000,,25.3,,,-0.139,,,-3.35,,,
,662,,0.96675,,,5.333,,,0.04825,,25.3,,,-0.176,,,-4.54,,,
,693,,0.99500,,,5.202,,,0.02825,,25.3,,,-0.131,,,-5.52,,,
,723,,1.01825,,,5.069,,,0.02325,,25.3,,,-0.133,,,-6.53,,,
,753,,1.03750,,,4.935,,,0.01925,,25.3,,,-0.134,,,-7.46,,,
,783,,1.05375,,,4.797,,,0.01625,,25.3,,,-0.138,,,-8.30,,,
,814,,1.06675,,,4.674,,,0.01300,,25.3,,,-0.123,,,-9.21,,,
,,,1.076234 ???,,,4.579 ???,,,,,,,,,,,,,,EQP
,844,,1.07975,,,4.544,,,0.01300,,25.3,,,-0.130,,,-9.40,,,
,874,,1.09250,,,4.418,,,0.01275,,25.3,,,-0.126,,,-8.69,,,
,904,,1.10650,,,4.295,,,0.01400,,25.3,,,-0.123,,,-7.74,,,
,935,,1.12375,,,4.165,,,0.01725,,25.3,,,-0.130,,,-6.82,,,
,965,,1.14475,,,4.035,,,0.02100,,25.3,,,-0.130,,,-5.78,,,
,995,,1.17150,,,3.906,,,0.02675,,25.3,,,-0.129,,,-4.66,,,
,1025,,1.20750,,,3.773,,,0.03600,,25.3,,,-0.133,,,-3.54,,,
,1056,,1.25525,,,3.639,,,0.04775,,25.3,,,-0.134,,,-2.57,,,
,1086,,1.30525,,,3.531,,,0.05000,,25.3,,,-0.108,,,-1.95,,,
,1116,,1.35525,,,3.445,,,0.05000,,25.3,,,-0.086,,,-1.57,,,
,1146,,1.40525,,,3.372,,,0.05000,,25.3,,,-0.073,,,-1.32,,,
,1176,,1.45525,,,3.310,,,0.05000,,25.3,,,-0.062,,,-1.14,,,
,1207,,1.50525,,,3.255,,,0.05000,,25.3,,,-0.055,,,-1.02,,,
,1237,,1.55525,,,3.207,,,0.05000,,25.3,,,-0.048,,,-0.91,,,
,1267,,1.60525,,,3.163,,,0.05000,,25.3,,,-0.044,,,-0.83,,,
,1297,,1.65525,,,3.123,,,0.05000,,25.3,,,-0.040,,,,,,
,1328,,1.70525,,,3.087,,,0.05000,,25.3,,,-0.036,,,,,,
,1358,,1.75525,,,3.054,,,0.05000,,25.3,,,-0.033,,,,,,
,1388,,1.80525,,,3.022,,,0.05000,,25.3,,,-0.032,,,,,,
,1418,,1.85525,,,2.993,,,0.05000,,25.3,,,-0.029,,,,,,
Measure (normal) [1],,,,,,,,"Scope 1/1, Sample 31/66",,,,,,,,,,,,
Measured Values,,,,,"Scope 1/1, Sample 31/66",,,,,,,,,,,,,,,
,Time,,,,,Meas. value,,,,,Temp.,,,,,dE,,,,
,[s],,,,,[pH],,,,,[°C],,,,,[pH],,,,
,1,,,,,4.809,,,,,23.7,,,,,,,,,
,2,,,,,5.087,,,,,23.8,,,,,0.278,,,,
,3,,,,,5.358,,,,,24.1,,,,,0.271,,,,
,4,,,,,5.586,,,,,24.3,,,,,0.228,,,,
,5,,,,,5.788,,,,,24.5,,,,,0.202,,,,
,6,,,,,5.978,,,,,24.7,,,,,0.190,,,,
,7,,,,,6.155,,,,,24.8,,,,,0.177,,,,
,8,,,,,6.322,,,,,24.9,,,,,0.167,,,,
,9,,,,,6.464,,,,,25.0,,,,,0.142,,,,
,10,,,,,6.615,,,,,25.1,,,,,0.151,,,,
,11,,,,,6.753,,,,,25.2,,,,,0.138,,,,
,12,,,,,6.878,,,,,25.2,,,,,0.125,,,,
,13,,,,,6.995,,,,,25.2,,,,,0.117,,,,
,14,,,,,7.101,,,,,25.3,,,,,0.106,,,,
,15,,,,,7.200,,,,,25.3,,,,,0.099,,,,
,16,,,,,7.279,,,,,25.3,,,,,0.079,,,,
,17,,,,,7.360,,,,,25.3,,,,,0.081,,,,
,18,,,,,7.433,,,,,25.3,,,,,0.073,,,,
,19,,,,,7.498,,,,,25.3,,,,,0.065,,,,
,20,,,,,7.558,,,,,25.3,,,,,0.060,,,,
,21,,,,,7.611,,,,,25.3,,,,,0.053,,,,
,22,,,,,7.660,,,,,25.3,,,,,0.049,,,,
,23,,,,,7.699,,,,,25.3,,,,,0.039,,,,
,24,,,,,7.740,,,,,25.3,,,,,0.041,,,,
,25,,,,,7.778,,,,,25.4,,,,,0.038,,,,
,26,,,,,7.811,,,,,25.4,,,,,0.033,,,,
,27,,,,,7.840,,,,,25.4,,,,,0.029,,,,
,28,,,,,7.868,,,,,25.4,,,,,0.028,,,,
,29,,,,,7.893,,,,,25.4,,,,,0.025,,,,
,30,,,,,7.914,,,,,25.4,,,,,0.021,,,,
,31,,,,,7.934,,,,,25.4,,,,,0.020,,,,
,32,,,,,7.952,,,,,25.4,,,,,0.018,,,,
,33,,,,,7.969,,,,,25.4,,,,,0.017,,,,
,34,,,,,7.984,,,,,25.4,,,,,0.015,,,,
,35,,,,,7.997,,,,,25.4,,,,,0.013,,,,
,36,,,,,8.010,,,,,25.4,,,,,0.013,,,,
,37,,,,,8.020,,,,,25.4,,,,,0.010,,,,
,38,,,,,8.030,,,,,25.4,,,,,0.010,,,,
,39,,,,,8.040,,,,,25.4,,,,,0.010,,,,
,40,,,,,8.048,,,,,25.4,,,,,0.008,,,,
,41,,,,,8.056,,,,,25.4,,,,,0.008,,,,
,42,,,,,8.063,,,,,25.4,,,,,0.007,,,,
,43,,,,,8.069,,,,,25.4,,,,,0.006,,,,
,44,,,,,8.074,,,,,25.4,,,,,0.005,,,,
,45,,,,,8.080,,,,,25.4,,,,,0.006,,,,
,46,,,,,8.084,,,,,25.4,,,,,0.004,,,,
,47,,,,,8.089,,,,,25.4,,,,,0.005,,,,
,48,,,,,8.092,,,,,25.4,,,,,0.003,,,,
,49,,,,,8.096,,,,,25.4,,,,,0.004,,,,
,50,,,,,8.099,,,,,25.4,,,,,0.003,,,,
,51,,,,,8.101,,,,,25.4,,,,,0.002,,,,
,52,,,,,8.104,,,,,25.4,,,,,0.003,,,,
,53,,,,,8.106,,,,,25.4,,,,,0.002,,,,
,54,,,,,8.109,,,,,25.4,,,,,0.003,,,,
,55,,,,,8.111,,,,,25.4,,,,,0.002,,,,
,56,,,,,8.113,,,,,25.4,,,,,0.002,,,,
,57,,,,,8.114,,,,,25.4,,,,,0.001,,,,
,58,,,,,8.116,,,,,25.4,,,,,0.002,,,,
,59,,,,,8.117,,,,,25.4,,,,,0.001,,,,
,60,,,,,8.118,,,,,25.4,,,,,0.001,,,,
Titration (EQP) [1],,,,,,,,"Scope 1/1, Sample 31/66",,,,,,,,,,,,
Measured Values,,,,,"Scope 1/1, Sample 31/66",,,,,,,,,,,,,,,
,Time,,V,,,Meas. value,,,dV,,Temp.,,,dE,,,dE/dV,,,EQP
,[s],,[mL],,,[pH],,,[mL],,[°C],,,[pH],,,[pH/mL],,,
,0,,0.00000,,,8.120,,,,,25.4,,,,,,,,,
,28,,0.08575,,,7.614,,,0.08575,,25.4,,,-0.506,,,,,,
,58,,0.12850,,,7.308,,,0.04275,,25.4,,,-0.306,,,,,,
,88,,0.15000,,,7.175,,,0.02150,,25.4,,,-0.133,,,,,,
,179,,0.17550,,,7.062,,,0.02550,,25.4,,,-0.113,,,,,,
,209,,0.21825,,,6.958,,,0.04275,,25.4,,,-0.104,,,-3.19,,,
,239,,0.26825,,,6.820,,,0.05000,,25.4,,,-0.138,,,-2.37,,,
,270,,0.31700,,,6.714,,,0.04875,,25.4,,,-0.106,,,-2.19,,,
,300,,0.36700,,,6.608,,,0.05000,,25.4,,,-0.106,,,-2.06,,,
,330,,0.41700,,,6.498,,,0.05000,,25.4,,,-0.110,,,-1.94,,,
,360,,0.46700,,,6.408,,,0.05000,,25.4,,,-0.090,,,-1.80,,,
,390,,0.51700,,,6.318,,,0.05000,,25.4,,,-0.090,,,-1.71,,,
,421,,0.56700,,,6.242,,,0.05000,,25.4,,,-0.076,,,-1.63,,,
,451,,0.61700,,,6.156,,,0.05000,,25.4,,,-0.086,,,-1.63,,,
,481,,0.66700,,,6.073,,,0.05000,,25.4,,,-0.083,,,-1.67,,,
,511,,0.71700,,,5.991,,,0.05000,,25.4,,,-0.082,,,-1.72,,,
,542,,0.76700,,,5.897,,,0.05000,,25.4,,,-0.094,,,-1.83,,,
,572,,0.81700,,,5.799,,,0.05000,,25.4,,,-0.098,,,-2.00,,,
,602,,0.86700,,,5.697,,,0.05000,,25.4,,,-0.102,,,-2.32,,,
,632,,0.91700,,,5.571,,,0.05000,,25.4,,,-0.126,,,-2.87,,,
,662,,0.96700,,,5.415,,,0.05000,,25.4,,,-0.156,,,-3.81,,,
,693,,1.00525,,,5.260,,,0.03825,,25.4,,,-0.155,,,-4.94,,,
,723,,1.03075,,,5.130,,,0.02550,,25.4,,,-0.130,,,-5.92,,,
,753,,1.05225,,,4.995,,,0.02150,,25.4,,,-0.135,,,-6.84,,,
,784,,1.07000,,,4.861,,,0.01775,,25.4,,,-0.134,,,-7.66,,,
,814,,1.08475,,,4.730,,,0.01475,,25.4,,,-0.131,,,-8.51,,,
,,,1.086399,,,4.715,,,,,,,,,,,,,,EQP
,844,,1.09775,,,4.609,,,0.01300,,25.4,,,-0.121,,,-9.07,,,
,874,,1.11150,,,4.475,,,0.01375,,25.4,,,-0.134,,,-8.73,,,
,904,,1.12500,,,4.358,,,0.01350,,25.4,,,-0.117,,,-7.86,,,
,935,,1.14225,,,4.221,,,0.01725,,25.4,,,-0.137,,,-6.94,,,
,965,,1.16125,,,4.096,,,0.01900,,25.4,,,-0.125,,,-6.04,,,
,995,,1.18600,,,3.967,,,0.02475,,25.4,,,-0.129,,,-4.98,,,
,1025,,1.21900,,,3.833,,,0.03300,,25.4,,,-0.134,,,-3.87,,,
,1056,,1.26225,,,3.701,,,0.04325,,25.4,,,-0.132,,,-2.86,,,
,1086,,1.31225,,,3.583,,,0.05000,,25.4,,,-0.118,,,-2.13,,,
,1116,,1.36225,,,3.490,,,0.05000,,25.4,,,-0.093,,,-1.68,,,
,1146,,1.41225,,,3.413,,,0.05000,,25.4,,,-0.077,,,-1.40,,,
,1176,,1.46225,,,3.347,,,0.05000,,25.4,,,-0.066,,,-1.20,,,
,1207,,1.51225,,,3.290,,,0.05000,,25.4,,,-0.057,,,-1.06,,,
,1237,,1.56225,,,3.239,,,0.05000,,25.4,,,-0.051,,,-0.95,,,
,1267,,1.61225,,,3.194,,,0.05000,,25.4,,,-0.045,,,-0.86,,,
,1297,,1.66225,,,3.153,,,0.05000,,25.4,,,-0.041,,,-0.78,,,
,1328,,1.71225,,,3.115,,,0.05000,,25.4,,,-0.038,,,,,,
,1358,,1.76225,,,3.081,,,0.05000,,25.4,,,-0.034,,,,,,
,1388,,1.81225,,,3.049,,,0.05000,,25.4,,,-0.032,,,,,,
,1418,,1.86225,,,3.019,,,0.05000,,25.4,,,-0.030,,,,,,
,1449,,1.91225,,,2.991,,,0.05000,,25.4,,,-0.028,,,,,,
Measure (normal) [1],,,,,,,,"Scope 1/1, Sample 32/66",,,,,,,,,,,,
Measured Values,,,,,"Scope 1/1, Sample 32/66",,,,,,,,,,,,,,,
,Time,,,,,Meas. value,,,,,Temp.,,,,,dE,,,,
,[s],,,,,[pH],,,,,[°C],,,,,[pH],,,,
,1,,,,,4.620,,,,,23.8,,,,,,,,,
,2,,,,,4.988,,,,,23.9,,,,,0.368,,,,
,3,,,,,5.382,,,,,24.1,,,,,0.394,,,,
,4,,,,,5.761,,,,,24.4,,,,,0.379,,,,
,5,,,,,6.114,,,,,24.6,,,,,0.353,,,,
,6,,,,,6.422,,,,,24.7,,,,,0.308,,,,
,7,,,,,6.683,,,,,24.9,,,,,0.261,,,,
,8,,,,,6.912,,,,,25.0,,,,,0.229,,,,
,9,,,,,7.080,,,,,25.1,,,,,0.168,,,,
,10,,,,,7.240,,,,,25.1,,,,,0.160,,,,
,11,,,,,7.371,,,,,25.2,,,,,0.131,,,,
,12,,,,,7.477,,,,,25.2,,,,,0.106,,,,
,13,,,,,7.565,,,,,25.3,,,,,0.088,,,,
,14,,,,,7.636,,,,,25.3,,,,,0.071,,,,
,15,,,,,7.691,,,,,25.3,,,,,0.055,,,,
,16,,,,,7.741,,,,,25.3,,,,,0.050,,,,
,17,,,,,7.783,,,,,25.3,,,,,0.042,,,,
,18,,,,,7.818,,,,,25.3,,,,,0.035,,,,
,19,,,,,7.847,,,,,25.4,,,,,0.029,,,,
,20,,,,,7.870,,,,,25.4,,,,,0.023,,,,
,21,,,,,7.890,,,,,25.4,,,,,0.020,,,,
,22,,,,,7.905,,,,,25.4,,,,,0.015,,,,
,23,,,,,7.919,,,,,25.4,,,,,0.014,,,,
,24,,,,,7.930,,,,,25.4,,,,,0.011,,,,
,25,,,,,7.940,,,,,25.4,,,,,0.010,,,,
,26,,,,,7.947,,,,,25.4,,,,,0.007,,,,
,27,,,,,7.954,,,,,25.4,,,,,0.007,,,,
,28,,,,,7.959,,,,,25.4,,,,,0.005,,,,
,29,,,,,7.963,,,,,25.4,,,,,0.004,,,,
,30,,,,,7.967,,,,,25.4,,,,,0.004,,,,
,31,,,,,7.971,,,,,25.4,,,,,0.004,,,,
,32,,,,,7.974,,,,,25.4,,,,,0.003,,,,
,33,,,,,7.976,,,,,25.4,,,,,0.002,,,,
,34,,,,,7.978,,,,,25.4,,,,,0.002,,,,
,35,,,,,7.980,,,,,25.4,,,,,0.002,,,,
,36,,,,,7.982,,,,,25.4,,,,,0.002,,,,
,37,,,,,7.983,,,,,25.4,,,,,0.001,,,,
,38,,,,,7.984,,,,,25.4,,,,,0.001,,,,
,39,,,,,7.985,,,,,25.4,,,,,0.001,,,,
,40,,,,,7.986,,,,,25.4,,,,,0.001,,,,
,41,,,,,7.987,,,,,25.4,,,,,0.001,,,,
,42,,,,,7.988,,,,,25.4,,,,,0.001,,,,
,43,,,,,7.989,,,,,25.4,,,,,0.001,,,,
,44,,,,,7.990,,,,,25.4,,,,,0.001,,,,
,45,,,,,7.990,,,,,25.4,,,,,0.000,,,,
,46,,,,,7.991,,,,,25.4,,,,,0.001,,,,
,47,,,,,7.992,,,,,25.4,,,,,0.001,,,,
,48,,,,,7.992,,,,,25.4,,,,,0.000,,,,
,49,,,,,7.992,,,,,25.4,,,,,0.000,,,,
,50,,,,,7.993,,,,,25.4,,,,,0.001,,,,
,51,,,,,7.993,,,,,25.4,,,,,0.000,,,,
,52,,,,,7.994,,,,,25.4,,,,,0.001,,,,
,53,,,,,7.994,,,,,25.4,,,,,0.000,,,,
,54,,,,,7.995,,,,,25.4,,,,,0.001,,,,
,55,,,,,7.995,,,,,25.4,,,,,0.000,,,,
,56,,,,,7.995,,,,,25.4,,,,,0.000,,,,
,57,,,,,7.995,,,,,25.4,,,,,0.000,,,,
,58,,,,,7.996,,,,,25.4,,,,,0.001,,,,
,59,,,,,7.996,,,,,25.4,,,,,0.000,,,,
,60,,,,,7.996,,,,,25.4,,,,,0.000,,,,
Titration (EQP) [1],,,,,,,,"Scope 1/1, Sample 32/66",,,,,,,,,,,,
Measured Values,,,,,"Scope 1/1, Sample 32/66",,,,,,,,,,,,,,,
,Time,,V,,,Meas. value,,,dV,,Temp.,,,dE,,,dE/dV,,,EQP
,[s],,[mL],,,[pH],,,[mL],,[°C],,,[pH],,,[pH/mL],,,
,0,,0.00000,,,7.997,,,,,25.4,,,,,,,,,
,28,,0.08575,,,7.718,,,0.08575,,25.4,,,-0.279,,,,,,
,58,,0.12850,,,7.473,,,0.04275,,25.4,,,-0.245,,,,,,
,88,,0.15000,,,7.339,,,0.02150,,25.4,,,-0.134,,,,,,
,179,,0.17000,,,7.247,,,0.02000,,25.4,,,-0.092,,,,,,
,209,,0.21000,,,7.083,,,0.04000,,25.4,,,-0.164,,,-3.99,,,
,239,,0.24725,,,6.953,,,0.03725,,25.4,,,-0.130,,,-3.26,,,
,269,,0.29275,,,6.822,,,0.04550,,25.4,,,-0.131,,,-2.70,,,
,300,,0.34275,,,6.701,,,0.05000,,25.4,,,-0.121,,,-2.32,,,
,330,,0.39275,,,6.591,,,0.05000,,25.4,,,-0.110,,,-2.04,,,
,360,,0.44275,,,6.492,,,0.05000,,25.4,,,-0.099,,,-1.84,,,
,390,,0.49275,,,6.410,,,0.05000,,25.4,,,-0.082,,,-1.69,,,
,420,,0.54275,,,6.317,,,0.05000,,25.4,,,-0.093,,,-1.58,,,
,451,,0.59275,,,6.246,,,0.05000,,25.4,,,-0.071,,,-1.48,,,
,481,,0.64275,,,6.178,,,0.05000,,25.4,,,-0.068,,,-1.41,,,
,511,,0.69275,,,6.104,,,0.05000,,25.4,,,-0.074,,,-1.34,,,
,542,,0.74275,,,6.037,,,0.05000,,25.4,,,-0.067,,,-1.27,,,
,572,,0.79275,,,5.975,,,0.05000,,25.4,,,-0.062,,,-1.31,,,
,602,,0.84275,,,5.910,,,0.05000,,25.4,,,-0.065,,,-1.34,,,
,632,,0.89275,,,5.846,,,0.05000,,25.4,,,-0.064,,,-1.40,,,
,662,,0.94275,,,5.771,,,0.05000,,25.4,,,-0.075,,,-1.49,,,
,693,,0.99275,,,5.681,,,0.05000,,25.4,,,-0.090,,,-1.59,,,
,723,,1.04275,,,5.606,,,0.05000,,25.4,,,-0.075,,,-1.75,,,
,753,,1.09275,,,5.514,,,0.05000,,25.4,,,-0.092,,,-1.99,,,
,783,,1.14275,,,5.407,,,0.05000,,25.4,,,-0.107,,,-2.37,,,
,814,,1.19275,,,5.275,,,0.05000,,25.4,,,-0.132,,,-3.03,,,
,844,,1.24275,,,5.107,,,0.05000,,25.4,,,-0.168,,,-4.09,,,
,874,,1.27575,,,4.965,,,0.03300,,25.4,,,-0.142,,,-4.97,,,
,904,,1.30000,,,4.836,,,0.02425,,25.4,,,-0.129,,,-5.69,,,
,935,,1.32100,,,4.704,,,0.02100,,25.4,,,-0.132,,,-6.35,,,
,965,,1.33900,,,4.572,,,0.01800,,25.4,,,-0.132,,,-6.98,,,
,,,1.351775 ???,,,4.473 ???,,,,,,,,,,,,,,EQP
,995,,1.35525,,,4.446,,,0.01625,,25.4,,,-0.126,,,-7.32,,,
,1025,,1.37150,,,4.320,,,0.01625,,25.4,,,-0.126,,,-6.80,,,
,1056,,1.38925,,,4.196,,,0.01775,,25.4,,,-0.124,,,-6.08,,,
,1086,,1.41050,,,4.069,,,0.02125,,25.4,,,-0.127,,,-5.35,,,
,1116,,1.43700,,,3.942,,,0.02650,,25.4,,,-0.127,,,-4.50,,,
,1146,,1.47200,,,3.810,,,0.03500,,25.4,,,-0.132,,,-3.55,,,
,1176,,1.51800,,,3.678,,,0.04600,,25.4,,,-0.132,,,-2.64,,,
,1207,,1.56800,,,3.567,,,0.05000,,25.4,,,-0.111,,,-2.00,,,
,1237,,1.61800,,,3.479,,,0.05000,,25.4,,,-0.088,,,-1.60,,,
,1267,,1.66800,,,3.405,,,0.05000,,25.4,,,-0.074,,,-1.34,,,
,1298,,1.71800,,,3.341,,,0.05000,,25.4,,,-0.064,,,-1.16,,,
,1328,,1.76800,,,3.287,,,0.05000,,25.4,,,-0.054,,,-1.03,,,
,1358,,1.81800,,,3.237,,,0.05000,,25.4,,,-0.050,,,-0.92,,,
,1388,,1.86800,,,3.193,,,0.05000,,25.4,,,-0.044,,,-0.83,,,
,1418,,1.91800,,,3.154,,,0.05000,,25.4,,,-0.039,,,-0.76,,,
,1449,,1.96800,,,3.117,,,0.05000,,25.4,,,-0.037,,,,,,
,1479,,2.01800,,,3.084,,,0.05000,,25.4,,,-0.033,,,,,,
,1509,,2.06800,,,3.052,,,0.05000,,25.4,,,-0.032,,,,,,
,1539,,2.11800,,,3.023,,,0.05000,,25.4,,,-0.029,,,,,,
,1570,,2.16800,,,2.996,,,0.05000,,25.4,,,-0.027,,,,,,
Measure (normal) [1],,,,,,,,"Scope 1/1, Sample 33/66",,,,,,,,,,,,
Measured Values,,,,,"Scope 1/1, Sample 33/66",,,,,,,,,,,,,,,
,Time,,,,,Meas. value,,,,,Temp.,,,,,dE,,,,
,[s],,,,,[pH],,,,,[°C],,,,,[pH],,,,
,1,,,,,5.011,,,,,23.7,,,,,,,,,
,2,,,,,5.232,,,,,23.8,,,,,0.221,,,,
,3,,,,,5.428,,,,,24.1,,,,,0.196,,,,
,4,,,,,5.584,,,,,24.3,,,,,0.156,,,,
,5,,,,,5.710,,,,,24.5,,,,,0.126,,,,
,6,,,,,5.817,,,,,24.7,,,,,0.107,,,,
,7,,,,,5.913,,,,,24.8,,,,,0.096,,,,
,8,,,,,5.989,,,,,24.9,,,,,0.076,,,,
,9,,,,,6.067,,,,,25.0,,,,,0.078,,,,
,10,,,,,6.140,,,,,25.1,,,,,0.073,,,,
,11,,,,,6.208,,,,,25.1,,,,,0.068,,,,
,12,,,,,6.271,,,,,25.2,,,,,0.063,,,,
,13,,,,,6.331,,,,,25.2,,,,,0.060,,,,
,14,,,,,6.388,,,,,25.2,,,,,0.057,,,,
,15,,,,,6.438,,,,,25.2,,,,,0.050,,,,
,16,,,,,6.491,,,,,25.3,,,,,0.053,,,,
,17,,,,,6.540,,,,,25.3,,,,,0.049,,,,
,18,,,,,6.587,,,,,25.3,,,,,0.047,,,,
,19,,,,,6.633,,,,,25.3,,,,,0.046,,,,
,20,,,,,6.676,,,,,25.3,,,,,0.043,,,,
,21,,,,,6.718,,,,,25.3,,,,,0.042,,,,
,22,,,,,6.754,,,,,25.3,,,,,0.036,,,,
,23,,,,,6.792,,,,,25.3,,,,,0.038,,,,
,24,,,,,6.828,,,,,25.3,,,,,0.036,,,,
,25,,,,,6.863,,,,,25.3,,,,,0.035,,,,
,26,,,,,6.896,,,,,25.3,,,,,0.033,,,,
,27,,,,,6.929,,,,,25.3,,,,,0.033,,,,
,28,,,,,6.960,,,,,25.3,,,,,0.031,,,,
,29,,,,,6.983,,,,,25.3,,,,,0.023,,,,
,30,,,,,7.009,,,,,25.3,,,,,0.026,,,,
,31,,,,,7.035,,,,,25.3,,,,,0.026,,,,
,32,,,,,7.061,,,,,25.3,,,,,0.026,,,,
,33,,,,,7.084,,,,,25.3,,,,,0.023,,,,
,34,,,,,7.100,,,,,25.3,,,,,0.016,,,,
,35,,,,,7.127,,,,,25.3,,,,,0.027,,,,
,36,,,,,7.148,,,,,25.3,,,,,0.021,,,,
,37,,,,,7.168,,,,,25.3,,,,,0.020,,,,
,38,,,,,7.188,,,,,25.3,,,,,0.020,,,,
,39,,,,,7.206,,,,,25.3,,,,,0.018,,,,
,40,,,,,7.224,,,,,25.3,,,,,0.018,,,,
,41,,,,,7.241,,,,,25.3,,,,,0.017,,,,
,42,,,,,7.255,,,,,25.3,,,,,0.014,,,,
,43,,,,,7.269,,,,,25.3,,,,,0.014,,,,
,44,,,,,7.283,,,,,25.3,,,,,0.014,,,,
,45,,,,,7.296,,,,,25.3,,,,,0.013,,,,
,46,,,,,7.309,,,,,25.3,,,,,0.013,,,,
,47,,,,,7.322,,,,,25.3,,,,,0.013,,,,
,48,,,,,7.334,,,,,25.3,,,,,0.012,,,,
,49,,,,,7.345,,,,,25.3,,,,,0.011,,,,
,50,,,,,7.355,,,,,25.3,,,,,0.010,,,,
,51,,,,,7.366,,,,,25.3,,,,,0.011,,,,
,52,,,,,7.376,,,,,25.3,,,,,0.010,,,,
,53,,,,,7.386,,,,,25.3,,,,,0.010,,,,
,54,,,,,7.395,,,,,25.3,,,,,0.009,,,,
,55,,,,,7.403,,,,,25.3,,,,,0.008,,,,
,56,,,,,7.411,,,,,25.3,,,,,0.008,,,,
,57,,,,,7.418,,,,,25.3,,,,,0.007,,,,
,58,,,,,7.425,,,,,25.3,,,,,0.007,,,,
,59,,,,,7.432,,,,,25.3,,,,,0.007,,,,
,60,,,,,7.438,,,,,25.3,,,,,0.006,,,,
Titration (EQP) [1],,,,,,,,"Scope 1/1, Sample 33/66",,,,,,,,,,,,
Measured Values,,,,,"Scope 1/1, Sample 33/66",,,,,,,,,,,,,,,
,Time,,V,,,Meas. value,,,dV,,Temp.,,,dE,,,dE/dV,,,EQP
,[s],,[mL],,,[pH],,,[mL],,[°C],,,[pH],,,[pH/mL],,,
,0,,0.00000,,,7.452,,,,,25.3,,,,,,,,,
,28,,0.08575,,,7.216,,,0.08575,,25.3,,,-0.236,,,,,,
,58,,0.12850,,,7.046,,,0.04275,,25.3,,,-0.170,,,,,,
,88,,0.15000,,,6.971,,,0.02150,,25.3,,,-0.075,,,,,,
,179,,0.19475,,,6.866,,,0.04475,,25.3,,,-0.105,,,,,,
,209,,0.24475,,,6.772,,,0.05000,,25.3,,,-0.094,,,-2.15,,,
,239,,0.29475,,,6.665,,,0.05000,,25.3,,,-0.107,,,-1.81,,,
,269,,0.34475,,,6.579,,,0.05000,,25.3,,,-0.086,,,-1.77,,,
,300,,0.39475,,,6.485,,,0.05000,,25.3,,,-0.094,,,-1.71,,,
,330,,0.44475,,,6.409,,,0.05000,,25.3,,,-0.076,,,-1.64,,,
,360,,0.49475,,,6.325,,,0.05000,,25.3,,,-0.084,,,-1.54,,,
,390,,0.54475,,,6.246,,,0.05000,,25.3,,,-0.079,,,-1.50,,,
,420,,0.59475,,,6.176,,,0.05000,,25.3,,,-0.070,,,-1.48,,,
,451,,0.64475,,,6.101,,,0.05000,,25.3,,,-0.075,,,-1.49,,,
,481,,0.69475,,,6.030,,,0.05000,,25.3,,,-0.071,,,-1.53,,,
,511,,0.74475,,,5.942,,,0.05000,,25.3,,,-0.088,,,-1.61,,,
,542,,0.79475,,,5.859,,,0.05000,,25.3,,,-0.083,,,-1.76,,,
,572,,0.84475,,,5.771,,,0.05000,,25.3,,,-0.088,,,-1.97,,,
,602,,0.89475,,,5.660,,,0.05000,,25.3,,,-0.111,,,-2.32,,,
,632,,0.94475,,,5.537,,,0.05000,,25.3,,,-0.123,,,-2.90,,,
,662,,0.99475,,,5.376,,,0.05000,,25.3,,,-0.161,,,-3.89,,,
,693,,1.03050,,,5.231,,,0.03575,,25.3,,,-0.145,,,-4.90,,,
,723,,1.05725,,,5.096,,,0.02675,,25.3,,,-0.135,,,-5.85,,,
,753,,1.07850,,,4.961,,,0.02125,,25.3,,,-0.135,,,-6.71,,,
,783,,1.09575,,,4.831,,,0.01725,,25.3,,,-0.130,,,-7.46,,,
,814,,1.11100,,,4.702,,,0.01525,,25.3,,,-0.129,,,-8.29,,,
,,,1.123322 ???,,,4.591 ???,,,,,,,,,,,,,,EQP
,844,,1.12525,,,4.574,,,0.01425,,25.3,,,-0.128,,,-8.65,,,
,874,,1.13950,,,4.445,,,0.01425,,25.3,,,-0.129,,,-8.13,,,
,904,,1.15450,,,4.320,,,0.01500,,25.3,,,-0.125,,,-7.26,,,
,935,,1.17225,,,4.191,,,0.01775,,25.3,,,-0.129,,,-6.44,,,
,965,,1.19375,,,4.064,,,0.02150,,25.3,,,-0.127,,,-5.52,,,
,995,,1.22200,,,3.932,,,0.02825,,25.3,,,-0.132,,,-4.47,,,
,1025,,1.25875,,,3.799,,,0.03675,,25.3,,,-0.133,,,-3.42,,,
,1056,,1.30725,,,3.666,,,0.04850,,25.3,,,-0.133,,,-2.50,,,
,1086,,1.35725,,,3.561,,,0.05000,,25.3,,,-0.105,,,-1.92,,,
,1116,,1.40725,,,3.475,,,0.05000,,25.3,,,-0.086,,,-1.55,,,
,1146,,1.45725,,,3.403,,,0.05000,,25.3,,,-0.072,,,-1.31,,,
,1176,,1.50725,,,3.341,,,0.05000,,25.3,,,-0.062,,,-1.14,,,
,1207,,1.55725,,,3.286,,,0.05000,,25.3,,,-0.055,,,-1.02,,,
,1237,,1.60725,,,3.238,,,0.05000,,25.3,,,-0.048,,,-0.92,,,
,1267,,1.65725,,,3.194,,,0.05000,,25.3,,,-0.044,,,-0.83,,,
,1297,,1.70725,,,3.154,,,0.05000,,25.3,,,-0.040,,,-0.76,,,
,1328,,1.75725,,,3.117,,,0.05000,,25.3,,,-0.037,,,,,,
,1358,,1.80725,,,3.084,,,0.05000,,25.3,,,-0.033,,,,,,
,1388,,1.85725,,,3.052,,,0.05000,,25.3,,,-0.032,,,,,,
,1418,,1.90725,,,3.023,,,0.05000,,25.3,,,-0.029,,,,,,
,1448,,1.95725,,,2.996,,,0.05000,,25.3,,,-0.027,,,,,,
Measure (normal) [1],,,,,,,,"Scope 1/1, Sample 34/66",,,,,,,,,,,,
Measured Values,,,,,"Scope 1/1, Sample 34/66",,,,,,,,,,,,,,,
,Time,,,,,Meas. value,,,,,Temp.,,,,,dE,,,,
,[s],,,,,[pH],,,,,[°C],,,,,[pH],,,,
,1,,,,,4.868,,,,,22.9,,,,,,,,,
,2,,,,,5.122,,,,,23.1,,,,,0.254,,,,
,3,,,,,5.353,,,,,23.4,,,,,0.231,,,,
,4,,,,,5.531,,,,,23.8,,,,,0.178,,,,
,5,,,,,5.679,,,,,24.1,,,,,0.148,,,,
,6,,,,,5.806,,,,,24.3,,,,,0.127,,,,
,7,,,,,5.921,,,,,24.5,,,,,0.115,,,,
,8,,,,,6.027,,,,,24.7,,,,,0.106,,,,
,9,,,,,6.117,,,,,24.8,,,,,0.090,,,,
,10,,,,,6.209,,,,,24.9,,,,,0.092,,,,
,11,,,,,6.295,,,,,25.0,,,,,0.086,,,,
,12,,,,,6.378,,,,,25.0,,,,,0.083,,,,
,13,,,,,6.457,,,,,25.1,,,,,0.079,,,,
,14,,,,,6.532,,,,,25.1,,,,,0.075,,,,
,15,,,,,6.597,,,,,25.1,,,,,0.065,,,,
,16,,,,,6.665,,,,,25.1,,,,,0.068,,,,
,17,,,,,6.729,,,,,25.2,,,,,0.064,,,,
,18,,,,,6.789,,,,,25.2,,,,,0.060,,,,
,19,,,,,6.845,,,,,25.2,,,,,0.056,,,,
,20,,,,,6.900,,,,,25.2,,,,,0.055,,,,
,21,,,,,6.953,,,,,25.2,,,,,0.053,,,,
,22,,,,,6.995,,,,,25.2,,,,,0.042,,,,
,23,,,,,7.040,,,,,25.2,,,,,0.045,,,,
,24,,,,,7.081,,,,,25.2,,,,,0.041,,,,
,25,,,,,7.118,,,,,25.2,,,,,0.037,,,,
,26,,,,,7.161,,,,,25.2,,,,,0.043,,,,
,27,,,,,7.198,,,,,25.2,,,,,0.037,,,,
,28,,,,,7.232,,,,,25.2,,,,,0.034,,,,
,29,,,,,7.261,,,,,25.2,,,,,0.029,,,,
,30,,,,,7.291,,,,,25.2,,,,,0.030,,,,
,31,,,,,7.319,,,,,25.2,,,,,0.028,,,,
,32,,,,,7.346,,,,,25.2,,,,,0.027,,,,
,33,,,,,7.371,,,,,25.2,,,,,0.025,,,,
,34,,,,,7.395,,,,,25.2,,,,,0.024,,,,
,35,,,,,7.417,,,,,25.2,,,,,0.022,,,,
,36,,,,,7.435,,,,,25.2,,,,,0.018,,,,
,37,,,,,7.456,,,,,25.2,,,,,0.021,,,,
,38,,,,,7.475,,,,,25.2,,,,,0.019,,,,
,39,,,,,7.493,,,,,25.2,,,,,0.018,,,,
,40,,,,,7.509,,,,,25.2,,,,,0.016,,,,
,41,,,,,7.525,,,,,25.2,,,,,0.016,,,,
,42,,,,,7.540,,,,,25.2,,,,,0.015,,,,
,43,,,,,7.553,,,,,25.2,,,,,0.013,,,,
,44,,,,,7.566,,,,,25.2,,,,,0.013,,,,
,45,,,,,7.577,,,,,25.2,,,,,0.011,,,,
,46,,,,,7.589,,,,,25.2,,,,,0.012,,,,
,47,,,,,7.600,,,,,25.2,,,,,0.011,,,,
,48,,,,,7.610,,,,,25.2,,,,,0.010,,,,
,49,,,,,7.620,,,,,25.2,,,,,0.010,,,,
,50,,,,,7.628,,,,,25.2,,,,,0.008,,,,
,51,,,,,7.637,,,,,25.2,,,,,0.009,,,,
,52,,,,,7.645,,,,,25.2,,,,,0.008,,,,
,53,,,,,7.652,,,,,25.2,,,,,0.007,,,,
,54,,,,,7.660,,,,,25.2,,,,,0.008,,,,
,55,,,,,7.667,,,,,25.2,,,,,0.007,,,,
,56,,,,,7.672,,,,,25.2,,,,,0.005,,,,
,57,,,,,7.678,,,,,25.2,,,,,0.006,,,,
,58,,,,,7.684,,,,,25.2,,,,,0.006,,,,
,59,,,,,7.689,,,,,25.2,,,,,0.005,,,,
,60,,,,,7.694,,,,,25.2,,,,,0.005,,,,
Titration (EQP) [1],,,,,,,,"Scope 1/1, Sample 34/66",,,,,,,,,,,,
Measured Values,,,,,"Scope 1/1, Sample 34/66",,,,,,,,,,,,,,,
,Time,,V,,,Meas. value,,,dV,,Temp.,,,dE,,,dE/dV,,,EQP
,[s],,[mL],,,[pH],,,[mL],,[°C],,,[pH],,,[pH/mL],,,
,0,,0.00000,,,7.703,,,,,25.2,,,,,,,,,
,28,,0.08575,,,7.348,,,0.08575,,25.2,,,-0.355,,,,,,
,58,,0.12850,,,7.133,,,0.04275,,25.2,,,-0.215,,,,,,
,88,,0.15000,,,7.033,,,0.02150,,25.2,,,-0.100,,,,,,
,179,,0.18150,,,6.941,,,0.03150,,25.3,,,-0.092,,,,,,
,209,,0.23150,,,6.827,,,0.05000,,25.3,,,-0.114,,,-2.56,,,
,239,,0.28150,,,6.711,,,0.05000,,25.3,,,-0.116,,,-2.07,,,
,269,,0.33150,,,6.605,,,0.05000,,25.3,,,-0.106,,,-1.98,,,
,300,,0.38150,,,6.511,,,0.05000,,25.3,,,-0.094,,,-1.92,,,
,330,,0.43150,,,6.416,,,0.05000,,25.3,,,-0.095,,,-1.81,,,
,360,,0.48150,,,6.331,,,0.05000,,25.3,,,-0.085,,,-1.71,,,
,390,,0.53150,,,6.236,,,0.05000,,25.3,,,-0.095,,,-1.65,,,
,420,,0.58150,,,6.159,,,0.05000,,25.3,,,-0.077,,,-1.63,,,
,451,,0.63150,,,6.088,,,0.05000,,25.3,,,-0.071,,,-1.63,,,
,481,,0.68150,,,5.995,,,0.05000,,25.3,,,-0.093,,,-1.68,,,
,511,,0.73150,,,5.908,,,0.05000,,25.3,,,-0.087,,,-1.79,,,
,542,,0.78150,,,5.811,,,0.05000,,25.3,,,-0.097,,,-2.01,,,
,572,,0.83150,,,5.710,,,0.05000,,25.3,,,-0.101,,,-2.33,,,
,602,,0.88150,,,5.580,,,0.05000,,25.3,,,-0.130,,,-2.85,,,
,632,,0.93150,,,5.426,,,0.05000,,25.3,,,-0.154,,,-3.81,,,
,662,,0.97075,,,5.268,,,0.03925,,25.3,,,-0.158,,,-4.96,,,
,693,,0.99625,,,5.137,,,0.02550,,25.3,,,-0.131,,,-5.95,,,
,723,,1.01700,,,5.008,,,0.02075,,25.3,,,-0.129,,,-6.85,,,
,753,,1.03500,,,4.871,,,0.01800,,25.3,,,-0.137,,,-7.72,,,
,783,,1.04975,,,4.740,,,0.01475,,25.3,,,-0.131,,,-8.58,,,
,814,,1.06275,,,4.618,,,0.01300,,25.3,,,-0.122,,,-9.21,,,
,,,1.063731 ???,,,4.608 ???,,,,,,,,,,,,,,EQP
,844,,1.07625,,,4.484,,,0.01350,,25.3,,,-0.134,,,-8.90,,,
,874,,1.08925,,,4.366,,,0.01300,,25.3,,,-0.118,,,-8.03,,,
,904,,1.10550,,,4.235,,,0.01625,,25.3,,,-0.131,,,-7.12,,,
,935,,1.12475,,,4.106,,,0.01925,,25.3,,,-0.129,,,-6.18,,,
,965,,1.14900,,,3.976,,,0.02425,,25.3,,,-0.130,,,-5.11,,,
,995,,1.18050,,,3.844,,,0.03150,,25.3,,,-0.132,,,-4.01,,,
,1025,,1.22200,,,3.712,,,0.04150,,25.3,,,-0.132,,,-2.99,,,
,1055,,1.27200,,,3.590,,,0.05000,,25.3,,,-0.122,,,-2.21,,,
,1086,,1.32200,,,3.494,,,0.05000,,25.4,,,-0.096,,,-1.74,,,
,1116,,1.37200,,,3.415,,,0.05000,,25.4,,,-0.079,,,-1.44,,,
,1146,,1.42200,,,3.347,,,0.05000,,25.4,,,-0.068,,,-1.23,,,
,1176,,1.47200,,,3.289,,,0.05000,,25.4,,,-0.058,,,-1.08,,,
,1207,,1.52200,,,3.237,,,0.05000,,25.4,,,-0.052,,,-0.97,,,
,1237,,1.57200,,,3.191,,,0.05000,,25.3,,,-0.046,,,-0.87,,,
,1267,,1.62200,,,3.149,,,0.05000,,25.3,,,-0.042,,,-0.79,,,
,1297,,1.67200,,,3.111,,,0.05000,,25.3,,,-0.038,,,,,,
,1328,,1.72200,,,3.076,,,0.05000,,25.4,,,-0.035,,,,,,
,1358,,1.77200,,,3.044,,,0.05000,,25.3,,,-0.032,,,,,,
,1388,,1.82200,,,3.013,,,0.05000,,25.3,,,-0.031,,,,,,
,1418,,1.87200,,,2.985,,,0.05000,,25.3,,,-0.028,,,,,,
Measure (normal) [1],,,,,,,,"Scope 1/1, Sample 35/66",,,,,,,,,,,,
Measured Values,,,,,"Scope 1/1, Sample 35/66",,,,,,,,,,,,,,,
,Time,,,,,Meas. value,,,,,Temp.,,,,,dE,,,,
,[s],,,,,[pH],,,,,[°C],,,,,[pH],,,,
,1,,,,,5.358,,,,,23.0,,,,,,,,,
,2,,,,,5.545,,,,,23.2,,,,,0.187,,,,
,3,,,,,5.739,,,,,23.6,,,,,0.194,,,,
,4,,,,,5.917,,,,,23.9,,,,,0.178,,,,
,5,,,,,6.077,,,,,24.2,,,,,0.160,,,,
,6,,,,,6.223,,,,,24.4,,,,,0.146,,,,
,7,,,,,6.360,,,,,24.6,,,,,0.137,,,,
,8,,,,,6.485,,,,,24.8,,,,,0.125,,,,
,9,,,,,6.592,,,,,24.9,,,,,0.107,,,,
,10,,,,,6.704,,,,,25.0,,,,,0.112,,,,
,11,,,,,6.808,,,,,25.1,,,,,0.104,,,,
,12,,,,,6.906,,,,,25.2,,,,,0.098,,,,
,13,,,,,6.995,,,,,25.2,,,,,0.089,,,,
,14,,,,,7.074,,,,,25.2,,,,,0.079,,,,
,15,,,,,7.141,,,,,25.3,,,,,0.067,,,,
,16,,,,,7.217,,,,,25.3,,,,,0.076,,,,
,17,,,,,7.282,,,,,25.3,,,,,0.065,,,,
,18,,,,,7.342,,,,,25.3,,,,,0.060,,,,
,19,,,,,7.398,,,,,25.3,,,,,0.056,,,,
,20,,,,,7.451,,,,,25.4,,,,,0.053,,,,
,21,,,,,7.498,,,,,25.4,,,,,0.047,,,,
,22,,,,,7.537,,,,,25.4,,,,,0.039,,,,
,23,,,,,7.576,,,,,25.4,,,,,0.039,,,,
,24,,,,,7.612,,,,,25.4,,,,,0.036,,,,
,25,,,,,7.646,,,,,25.4,,,,,0.034,,,,
,26,,,,,7.676,,,,,25.4,,,,,0.030,,,,
,27,,,,,7.705,,,,,25.4,,,,,0.029,,,,
,28,,,,,7.730,,,,,25.4,,,,,0.025,,,,
,29,,,,,7.752,,,,,25.4,,,,,0.022,,,,
,30,,,,,7.774,,,,,25.4,,,,,0.022,,,,
,31,,,,,7.795,,,,,25.4,,,,,0.021,,,,
,32,,,,,7.814,,,,,25.4,,,,,0.019,,,,
,33,,,,,7.831,,,,,25.4,,,,,0.017,,,,
,34,,,,,7.849,,,,,25.4,,,,,0.018,,,,
,35,,,,,7.864,,,,,25.4,,,,,0.015,,,,
,36,,,,,7.876,,,,,25.4,,,,,0.012,,,,
,37,,,,,7.889,,,,,25.4,,,,,0.013,,,,
,38,,,,,7.900,,,,,25.4,,,,,0.011,,,,
,39,,,,,7.911,,,,,25.4,,,,,0.011,,,,
,40,,,,,7.922,,,,,25.4,,,,,0.011,,,,
,41,,,,,7.931,,,,,25.4,,,,,0.009,,,,
,42,,,,,7.939,,,,,25.4,,,,,0.008,,,,
,43,,,,,7.946,,,,,25.4,,,,,0.007,,,,
,44,,,,,7.953,,,,,25.4,,,,,0.007,,,,
,45,,,,,7.960,,,,,25.4,,,,,0.007,,,,
,46,,,,,7.966,,,,,25.4,,,,,0.006,,,,
,47,,,,,7.971,,,,,25.4,,,,,0.005,,,,
,48,,,,,7.976,,,,,25.4,,,,,0.005,,,,
,49,,,,,7.981,,,,,25.4,,,,,0.005,,,,
,50,,,,,7.984,,,,,25.4,,,,,0.003,,,,
,51,,,,,7.988,,,,,25.4,,,,,0.004,,,,
,52,,,,,7.992,,,,,25.4,,,,,0.004,,,,
,53,,,,,7.995,,,,,25.4,,,,,0.003,,,,
,54,,,,,7.998,,,,,25.4,,,,,0.003,,,,
,55,,,,,8.000,,,,,25.4,,,,,0.002,,,,
,56,,,,,8.003,,,,,25.4,,,,,0.003,,,,
,57,,,,,8.006,,,,,25.4,,,,,0.003,,,,
,58,,,,,8.008,,,,,25.4,,,,,0.002,,,,
,59,,,,,8.010,,,,,25.4,,,,,0.002,,,,
,60,,,,,8.011,,,,,25.4,,,,,0.001,,,,
Titration (EQP) [1],,,,,,,,"Scope 1/1, Sample 35/66",,,,,,,,,,,,
Measured Values,,,,,"Scope 1/1, Sample 35/66",,,,,,,,,,,,,,,
,Time,,V,,,Meas. value,,,dV,,Temp.,,,dE,,,dE/dV,,,EQP
,[s],,[mL],,,[pH],,,[mL],,[°C],,,[pH],,,[pH/mL],,,
,0,,0.00000,,,8.015,,,,,25.4,,,,,,,,,
,28,,0.08575,,,7.629,,,0.08575,,25.4,,,-0.386,,,,,,
,58,,0.12850,,,7.347,,,0.04275,,25.4,,,-0.282,,,,,,
,88,,0.15000,,,7.216,,,0.02150,,25.4,,,-0.131,,,,,,
,179,,0.17425,,,7.111,,,0.02425,,25.4,,,-0.105,,,,,,
,209,,0.21875,,,6.998,,,0.04450,,25.4,,,-0.113,,,-3.21,,,
,239,,0.26875,,,6.858,,,0.05000,,25.4,,,-0.140,,,-2.37,,,
,269,,0.31600,,,6.757,,,0.04725,,25.4,,,-0.101,,,-2.16,,,
,300,,0.36600,,,6.645,,,0.05000,,25.4,,,-0.112,,,-2.03,,,
,330,,0.41600,,,6.553,,,0.05000,,25.4,,,-0.092,,,-1.88,,,
,360,,0.46600,,,6.459,,,0.05000,,25.4,,,-0.094,,,-1.75,,,
,390,,0.51600,,,6.370,,,0.05000,,25.4,,,-0.089,,,-1.67,,,
,420,,0.56600,,,6.292,,,0.05000,,25.4,,,-0.078,,,-1.56,,,
,451,,0.61600,,,6.221,,,0.05000,,25.4,,,-0.071,,,-1.51,,,
,481,,0.66600,,,6.136,,,0.05000,,25.4,,,-0.085,,,-1.49,,,
,511,,0.71600,,,6.066,,,0.05000,,25.4,,,-0.070,,,-1.53,,,
,542,,0.76600,,,5.993,,,0.05000,,25.4,,,-0.073,,,-1.61,,,
,572,,0.81600,,,5.901,,,0.05000,,25.4,,,-0.092,,,-1.73,,,
,602,,0.86600,,,5.808,,,0.05000,,25.4,,,-0.093,,,-1.92,,,
,632,,0.91600,,,5.708,,,0.05000,,25.4,,,-0.100,,,-2.25,,,
,662,,0.96600,,,5.585,,,0.05000,,25.4,,,-0.123,,,-2.71,,,
,693,,1.01600,,,5.440,,,0.05000,,25.4,,,-0.145,,,-3.49,,,
,723,,1.05975,,,5.275,,,0.04375,,25.4,,,-0.165,,,-4.59,,,
,753,,1.08750,,,5.143,,,0.02775,,25.4,,,-0.132,,,-5.51,,,
,783,,1.11000,,,5.012,,,0.02250,,25.4,,,-0.131,,,-6.36,,,
,814,,1.12925,,,4.877,,,0.01925,,25.4,,,-0.135,,,-7.15,,,
,844,,1.14525,,,4.747,,,0.01600,,25.4,,,-0.130,,,-7.92,,,
,874,,1.15975,,,4.618,,,0.01450,,25.4,,,-0.129,,,-8.50,,,
,904,,1.17375,,,4.492,,,0.01400,,25.4,,,-0.126,,,-8.21,,,
,,,1.184578,,,4.401,,,,,,,,,,,,,,EQP
,935,,1.18875,,,4.366,,,0.01500,,25.4,,,-0.126,,,-7.40,,,
,965,,1.20600,,,4.239,,,0.01725,,25.4,,,-0.127,,,-6.58,,,
,995,,1.22675,,,4.110,,,0.02075,,25.4,,,-0.129,,,-5.71,,,
,1025,,1.25275,,,3.981,,,0.02600,,25.4,,,-0.129,,,-4.72,,,
,1056,,1.28700,,,3.847,,,0.03425,,25.4,,,-0.134,,,-3.69,,,
,1086,,1.33150,,,3.715,,,0.04450,,25.4,,,-0.132,,,-2.76,,,
,1116,,1.38150,,,3.600,,,0.05000,,25.4,,,-0.115,,,-2.08,,,
,1146,,1.43150,,,3.508,,,0.05000,,25.4,,,-0.092,,,-1.66,,,
,1176,,1.48150,,,3.432,,,0.05000,,25.4,,,-0.076,,,-1.39,,,
,1207,,1.53150,,,3.367,,,0.05000,,25.4,,,-0.065,,,-1.20,,,
,1237,,1.58150,,,3.310,,,0.05000,,25.4,,,-0.057,,,-1.06,,,
,1267,,1.63150,,,3.259,,,0.05000,,25.4,,,-0.051,,,-0.95,,,
,1297,,1.68150,,,3.214,,,0.05000,,25.4,,,-0.045,,,-0.86,,,
,1328,,1.73150,,,3.173,,,0.05000,,25.4,,,-0.041,,,-0.78,,,
,1358,,1.78150,,,3.135,,,0.05000,,25.4,,,-0.038,,,-0.72,,,
,1388,,1.83150,,,3.101,,,0.05000,,25.4,,,-0.034,,,,,,
,1418,,1.88150,,,3.069,,,0.05000,,25.4,,,-0.032,,,,,,
,1449,,1.93150,,,3.038,,,0.05000,,25.4,,,-0.031,,,,,,
,1479,,1.98150,,,3.011,,,0.05000,,25.4,,,-0.027,,,,,,
,1509,,2.03150,,,2.984,,,0.05000,,25.4,,,-0.027,,,,,,
Measure (normal) [1],,,,,,,,"Scope 1/1, Sample 36/66",,,,,,,,,,,,
Measured Values,,,,,"Scope 1/1, Sample 36/66",,,,,,,,,,,,,,,
,Time,,,,,Meas. value,,,,,Temp.,,,,,dE,,,,
,[s],,,,,[pH],,,,,[°C],,,,,[pH],,,,
,1,,,,,5.991,,,,,21.0,,,,,,,,,
,2,,,,,6.160,,,,,21.4,,,,,0.169,,,,
,3,,,,,6.324,,,,,22.0,,,,,0.164,,,,
,4,,,,,6.476,,,,,22.6,,,,,0.152,,,,
,5,,,,,6.614,,,,,23.1,,,,,0.138,,,,
,6,,,,,6.743,,,,,23.5,,,,,0.129,,,,
,7,,,,,6.862,,,,,23.8,,,,,0.119,,,,
,8,,,,,6.964,,,,,24.1,,,,,0.102,,,,
,9,,,,,7.060,,,,,24.3,,,,,0.096,,,,
,10,,,,,7.150,,,,,24.5,,,,,0.090,,,,
,11,,,,,7.239,,,,,24.6,,,,,0.089,,,,
,12,,,,,7.316,,,,,24.7,,,,,0.077,,,,
,13,,,,,7.387,,,,,24.8,,,,,0.071,,,,
,14,,,,,7.450,,,,,24.8,,,,,0.063,,,,
,15,,,,,7.504,,,,,24.9,,,,,0.054,,,,
,16,,,,,7.559,,,,,24.9,,,,,0.055,,,,
,17,,,,,7.609,,,,,24.9,,,,,0.050,,,,
,18,,,,,7.654,,,,,25.0,,,,,0.045,,,,
,19,,,,,7.695,,,,,25.0,,,,,0.041,,,,
,20,,,,,7.731,,,,,25.0,,,,,0.036,,,,
,21,,,,,7.763,,,,,25.0,,,,,0.032,,,,
,22,,,,,7.791,,,,,25.0,,,,,0.028,,,,
,23,,,,,7.818,,,,,25.0,,,,,0.027,,,,
,24,,,,,7.842,,,,,25.0,,,,,0.024,,,,
,25,,,,,7.865,,,,,25.0,,,,,0.023,,,,
,26,,,,,7.884,,,,,25.0,,,,,0.019,,,,
,27,,,,,7.902,,,,,25.0,,,,,0.018,,,,
,28,,,,,7.918,,,,,25.0,,,,,0.016,,,,
,29,,,,,7.932,,,,,25.0,,,,,0.014,,,,
,30,,,,,7.945,,,,,25.0,,,,,0.013,,,,
,31,,,,,7.958,,,,,25.0,,,,,0.013,,,,
,32,,,,,7.969,,,,,25.0,,,,,0.011,,,,
,33,,,,,7.979,,,,,25.0,,,,,0.010,,,,
,34,,,,,7.989,,,,,25.0,,,,,0.010,,,,
,35,,,,,7.997,,,,,25.0,,,,,0.008,,,,
,36,,,,,8.004,,,,,25.0,,,,,0.007,,,,
,37,,,,,8.011,,,,,25.0,,,,,0.007,,,,
,38,,,,,8.018,,,,,25.0,,,,,0.007,,,,
,39,,,,,8.023,,,,,25.0,,,,,0.005,,,,
,40,,,,,8.028,,,,,25.1,,,,,0.005,,,,
,41,,,,,8.033,,,,,25.1,,,,,0.005,,,,
,42,,,,,8.036,,,,,25.1,,,,,0.003,,,,
,43,,,,,8.040,,,,,25.1,,,,,0.004,,,,
,44,,,,,8.044,,,,,25.1,,,,,0.004,,,,
,45,,,,,8.047,,,,,25.1,,,,,0.003,,,,
,46,,,,,8.050,,,,,25.1,,,,,0.003,,,,
,47,,,,,8.052,,,,,25.1,,,,,0.002,,,,
,48,,,,,8.055,,,,,25.1,,,,,0.003,,,,
,49,,,,,8.057,,,,,25.1,,,,,0.002,,,,
,50,,,,,8.058,,,,,25.1,,,,,0.001,,,,
,51,,,,,8.060,,,,,25.1,,,,,0.002,,,,
,52,,,,,8.062,,,,,25.1,,,,,0.002,,,,
,53,,,,,8.063,,,,,25.1,,,,,0.001,,,,
,54,,,,,8.064,,,,,25.1,,,,,0.001,,,,
,55,,,,,8.065,,,,,25.1,,,,,0.001,,,,
,56,,,,,8.067,,,,,25.1,,,,,0.002,,,,
,57,,,,,8.067,,,,,25.1,,,,,0.000,,,,
,58,,,,,8.068,,,,,25.1,,,,,0.001,,,,
,59,,,,,8.069,,,,,25.1,,,,,0.001,,,,
,60,,,,,8.070,,,,,25.1,,,,,0.001,,,,
Titration (EQP) [1],,,,,,,,"Scope 1/1, Sample 36/66",,,,,,,,,,,,
Measured Values,,,,,"Scope 1/1, Sample 36/66",,,,,,,,,,,,,,,
,Time,,V,,,Meas. value,,,dV,,Temp.,,,dE,,,dE/dV,,,EQP
,[s],,[mL],,,[pH],,,[mL],,[°C],,,[pH],,,[pH/mL],,,
,0,,0.00000,,,8.071,,,,,25.1,,,,,,,,,
,28,,0.08575,,,7.570,,,0.08575,,25.1,,,-0.501,,,,,,
,58,,0.12850,,,7.284,,,0.04275,,25.1,,,-0.286,,,,,,
,88,,0.15000,,,7.152,,,0.02150,,25.1,,,-0.132,,,,,,
,179,,0.17450,,,7.054,,,0.02450,,25.2,,,-0.098,,,,,,
,209,,0.22450,,,6.929,,,0.05000,,25.2,,,-0.125,,,-3.01,,,
,239,,0.27450,,,6.797,,,0.05000,,25.2,,,-0.132,,,-2.28,,,
,270,,0.32450,,,6.688,,,0.05000,,25.2,,,-0.109,,,-2.10,,,
,300,,0.37450,,,6.591,,,0.05000,,25.2,,,-0.097,,,-1.96,,,
,330,,0.42450,,,6.475,,,0.05000,,25.2,,,-0.116,,,-1.83,,,
,360,,0.47450,,,6.403,,,0.05000,,25.3,,,-0.072,,,-1.70,,,
,390,,0.52450,,,6.319,,,0.05000,,25.3,,,-0.084,,,-1.65,,,
,421,,0.57450,,,6.239,,,0.05000,,25.3,,,-0.080,,,-1.60,,,
,451,,0.62450,,,6.154,,,0.05000,,25.3,,,-0.085,,,-1.58,,,
,481,,0.67450,,,6.075,,,0.05000,,25.3,,,-0.079,,,-1.62,,,
,512,,0.72450,,,5.987,,,0.05000,,25.3,,,-0.088,,,-1.64,,,
,542,,0.77450,,,5.910,,,0.05000,,25.3,,,-0.077,,,-1.73,,,
,572,,0.82450,,,5.819,,,0.05000,,25.3,,,-0.091,,,-1.93,,,
,602,,0.87450,,,5.712,,,0.05000,,25.3,,,-0.107,,,-2.27,,,
,632,,0.92450,,,5.587,,,0.05000,,25.3,,,-0.125,,,-2.82,,,
,663,,0.97450,,,5.434,,,0.05000,,25.3,,,-0.153,,,-3.74,,,
,693,,1.01400,,,5.277,,,0.03950,,25.3,,,-0.157,,,-4.80,,,
,723,,1.04025,,,5.149,,,0.02625,,25.3,,,-0.128,,,-5.74,,,
,753,,1.06300,,,5.010,,,0.02275,,25.3,,,-0.139,,,-6.70,,,
,784,,1.08075,,,4.879,,,0.01775,,25.3,,,-0.131,,,-7.50,,,
,814,,1.09575,,,4.750,,,0.01500,,25.3,,,-0.129,,,-8.33,,,
,844,,1.10950,,,4.622,,,0.01375,,25.3,,,-0.128,,,-8.99,,,
,874,,1.12300,,,4.496,,,0.01350,,25.3,,,-0.126,,,-8.79,,,
,905,,1.13750,,,4.366,,,0.01450,,25.3,,,-0.130,,,-7.94,,,
,,,1.142372,,,4.326,,,,,,,,,,,,,,EQP
,935,,1.15325,,,4.238,,,0.01575,,25.3,,,-0.128,,,-7.06,,,
,965,,1.17175,,,4.114,,,0.01850,,25.3,,,-0.124,,,-6.18,,,
,995,,1.19625,,,3.981,,,0.02450,,25.3,,,-0.133,,,-5.13,,,
,1026,,1.22700,,,3.851,,,0.03075,,25.3,,,-0.130,,,-4.06,,,
,1056,,1.26875,,,3.716,,,0.04175,,25.3,,,-0.135,,,-3.03,,,
,1086,,1.31875,,,3.593,,,0.05000,,25.3,,,-0.123,,,-2.24,,,
,1116,,1.36875,,,3.496,,,0.05000,,25.3,,,-0.097,,,-1.76,,,
,1147,,1.41875,,,3.416,,,0.05000,,25.3,,,-0.080,,,-1.45,,,
,1177,,1.46875,,,3.348,,,0.05000,,25.3,,,-0.068,,,-1.24,,,
,1207,,1.51875,,,3.289,,,0.05000,,25.3,,,-0.059,,,-1.09,,,
,1237,,1.56875,,,3.237,,,0.05000,,25.3,,,-0.052,,,-0.97,,,
,1268,,1.61875,,,3.191,,,0.05000,,25.3,,,-0.046,,,-0.88,,,
,1298,,1.66875,,,3.149,,,0.05000,,25.3,,,-0.042,,,-0.80,,,
,1328,,1.71875,,,3.111,,,0.05000,,25.3,,,-0.038,,,,,,
,1358,,1.76875,,,3.075,,,0.05000,,25.3,,,-0.036,,,,,,
,1388,,1.81875,,,3.042,,,0.05000,,25.3,,,-0.033,,,,,,
,1419,,1.86875,,,3.012,,,0.05000,,25.3,,,-0.030,,,,,,
,1449,,1.91875,,,2.984,,,0.05000,,25.3,,,-0.028,,,,,,
Measure (normal) [1],,,,,,,,"Scope 1/1, Sample 37/66",,,,,,,,,,,,
Measured Values,,,,,"Scope 1/1, Sample 37/66",,,,,,,,,,,,,,,
,Time,,,,,Meas. value,,,,,Temp.,,,,,dE,,,,
,[s],,,,,[pH],,,,,[°C],,,,,[pH],,,,
,1,,,,,4.803,,,,,22.9,,,,,,,,,
,2,,,,,5.095,,,,,23.2,,,,,0.292,,,,
,3,,,,,5.363,,,,,23.5,,,,,0.268,,,,
,4,,,,,5.586,,,,,23.8,,,,,0.223,,,,
,5,,,,,5.774,,,,,24.1,,,,,0.188,,,,
,6,,,,,5.943,,,,,24.4,,,,,0.169,,,,
,7,,,,,6.103,,,,,24.6,,,,,0.160,,,,
,8,,,,,6.241,,,,,24.7,,,,,0.138,,,,
,9,,,,,6.389,,,,,24.8,,,,,0.148,,,,
,10,,,,,6.526,,,,,24.9,,,,,0.137,,,,
,11,,,,,6.653,,,,,25.0,,,,,0.127,,,,
,12,,,,,6.774,,,,,25.1,,,,,0.121,,,,
,13,,,,,6.886,,,,,25.1,,,,,0.112,,,,
,14,,,,,6.985,,,,,25.2,,,,,0.099,,,,
,15,,,,,7.067,,,,,25.2,,,,,0.082,,,,
,16,,,,,7.158,,,,,25.2,,,,,0.091,,,,
,17,,,,,7.240,,,,,25.2,,,,,0.082,,,,
,18,,,,,7.313,,,,,25.2,,,,,0.073,,,,
,19,,,,,7.380,,,,,25.2,,,,,0.067,,,,
,20,,,,,7.441,,,,,25.3,,,,,0.061,,,,
,21,,,,,7.497,,,,,25.3,,,,,0.056,,,,
,22,,,,,7.543,,,,,25.3,,,,,0.046,,,,
,23,,,,,7.591,,,,,25.3,,,,,0.048,,,,
,24,,,,,7.635,,,,,25.3,,,,,0.044,,,,
,25,,,,,7.675,,,,,25.3,,,,,0.040,,,,
,26,,,,,7.711,,,,,25.3,,,,,0.036,,,,
,27,,,,,7.745,,,,,25.3,,,,,0.034,,,,
,28,,,,,7.775,,,,,25.3,,,,,0.030,,,,
,29,,,,,7.799,,,,,25.3,,,,,0.024,,,,
,30,,,,,7.824,,,,,25.3,,,,,0.025,,,,
,31,,,,,7.848,,,,,25.3,,,,,0.024,,,,
,32,,,,,7.869,,,,,25.3,,,,,0.021,,,,
,33,,,,,7.888,,,,,25.3,,,,,0.019,,,,
,34,,,,,7.907,,,,,25.3,,,,,0.019,,,,
,35,,,,,7.922,,,,,25.3,,,,,0.015,,,,
,36,,,,,7.935,,,,,25.3,,,,,0.013,,,,
,37,,,,,7.948,,,,,25.3,,,,,0.013,,,,
,38,,,,,7.960,,,,,25.3,,,,,0.012,,,,
,39,,,,,7.971,,,,,25.3,,,,,0.011,,,,
,40,,,,,7.980,,,,,25.3,,,,,0.009,,,,
,41,,,,,7.990,,,,,25.3,,,,,0.010,,,,
,42,,,,,7.997,,,,,25.3,,,,,0.007,,,,
,43,,,,,8.004,,,,,25.3,,,,,0.007,,,,
,44,,,,,8.011,,,,,25.3,,,,,0.007,,,,
,45,,,,,8.017,,,,,25.3,,,,,0.006,,,,
,46,,,,,8.023,,,,,25.3,,,,,0.006,,,,
,47,,,,,8.029,,,,,25.3,,,,,0.006,,,,
,48,,,,,8.033,,,,,25.3,,,,,0.004,,,,
,49,,,,,8.037,,,,,25.3,,,,,0.004,,,,
,50,,,,,8.042,,,,,25.3,,,,,0.005,,,,
,51,,,,,8.045,,,,,25.3,,,,,0.003,,,,
,52,,,,,8.049,,,,,25.3,,,,,0.004,,,,
,53,,,,,8.052,,,,,25.3,,,,,0.003,,,,
,54,,,,,8.055,,,,,25.3,,,,,0.003,,,,
,55,,,,,8.057,,,,,25.3,,,,,0.002,,,,
,56,,,,,8.060,,,,,25.3,,,,,0.003,,,,
,57,,,,,8.062,,,,,25.3,,,,,0.002,,,,
,58,,,,,8.064,,,,,25.3,,,,,0.002,,,,
,59,,,,,8.065,,,,,25.3,,,,,0.001,,,,
,60,,,,,8.067,,,,,25.3,,,,,0.002,,,,
Titration (EQP) [1],,,,,,,,"Scope 1/1, Sample 37/66",,,,,,,,,,,,
Measured Values,,,,,"Scope 1/1, Sample 37/66",,,,,,,,,,,,,,,
,Time,,V,,,Meas. value,,,dV,,Temp.,,,dE,,,dE/dV,,,EQP
,[s],,[mL],,,[pH],,,[mL],,[°C],,,[pH],,,[pH/mL],,,
,0,,0.00000,,,8.070,,,,,25.3,,,,,,,,,
,28,,0.08575,,,7.601,,,0.08575,,25.3,,,-0.469,,,,,,
,58,,0.12850,,,7.304,,,0.04275,,25.3,,,-0.297,,,,,,
,88,,0.15000,,,7.189,,,0.02150,,25.3,,,-0.115,,,,,,
,179,,0.18250,,,7.080,,,0.03250,,25.3,,,-0.109,,,,,,
,209,,0.23250,,,6.947,,,0.05000,,25.3,,,-0.133,,,-2.97,,,
,239,,0.28250,,,6.827,,,0.05000,,25.3,,,-0.120,,,-2.34,,,
,269,,0.33250,,,6.711,,,0.05000,,25.3,,,-0.116,,,-2.18,,,
,300,,0.38250,,,6.575,,,0.05000,,25.3,,,-0.136,,,-1.97,,,
,330,,0.43225,,,6.493,,,0.04975,,25.3,,,-0.082,,,-1.78,,,
,360,,0.48225,,,6.426,,,0.05000,,25.3,,,-0.067,,,-1.59,,,
,390,,0.53225,,,6.349,,,0.05000,,25.3,,,-0.077,,,-1.45,,,
,421,,0.58225,,,6.271,,,0.05000,,25.3,,,-0.078,,,-1.39,,,
,451,,0.63225,,,6.193,,,0.05000,,25.3,,,-0.078,,,-1.45,,,
,481,,0.68225,,,6.130,,,0.05000,,25.3,,,-0.063,,,-1.46,,,
,511,,0.73225,,,6.054,,,0.05000,,25.3,,,-0.076,,,-1.49,,,
,542,,0.78225,,,5.978,,,0.05000,,25.3,,,-0.076,,,-1.57,,,
,572,,0.83225,,,5.892,,,0.05000,,25.3,,,-0.086,,,-1.72,,,
,602,,0.88225,,,5.802,,,0.05000,,25.3,,,-0.090,,,-1.95,,,
,632,,0.93225,,,5.696,,,0.05000,,25.3,,,-0.106,,,-2.27,,,
,663,,0.98225,,,5.574,,,0.05000,,25.3,,,-0.122,,,-2.80,,,
,693,,1.03225,,,5.421,,,0.05000,,25.3,,,-0.153,,,-3.66,,,
,723,,1.07125,,,5.271,,,0.03900,,25.3,,,-0.150,,,-4.69,,,
,753,,1.09950,,,5.133,,,0.02825,,25.3,,,-0.138,,,-5.69,,,
,784,,1.12150,,,5.002,,,0.02200,,25.3,,,-0.131,,,-6.58,,,
,814,,1.14025,,,4.866,,,0.01875,,25.3,,,-0.136,,,-7.40,,,
,844,,1.15550,,,4.737,,,0.01525,,25.3,,,-0.129,,,-8.22,,,
,874,,1.16925,,,4.608,,,0.01375,,25.3,,,-0.129,,,-8.80,,,
,905,,1.18250,,,4.486,,,0.01325,,25.3,,,-0.122,,,-8.52,,,
,,,1.191966,,,4.403,,,,,,,,,,,,,,EQP
,935,,1.19750,,,4.355,,,0.01500,,25.3,,,-0.131,,,-7.69,,,
,965,,1.21400,,,4.229,,,0.01650,,25.3,,,-0.126,,,-6.84,,,
,995,,1.23425,,,4.099,,,0.02025,,25.3,,,-0.130,,,-5.92,,,
,1026,,1.25950,,,3.968,,,0.02525,,25.3,,,-0.131,,,-4.90,,,
,1056,,1.29225,,,3.835,,,0.03275,,25.3,,,-0.133,,,-3.84,,,
,1086,,1.33475,,,3.704,,,0.04250,,25.3,,,-0.131,,,-2.88,,,
,1116,,1.38475,,,3.586,,,0.05000,,25.3,,,-0.118,,,-2.15,,,
,1147,,1.43475,,,3.492,,,0.05000,,25.3,,,-0.094,,,-1.70,,,
,1177,,1.48475,,,3.414,,,0.05000,,25.3,,,-0.078,,,-1.42,,,
,1207,,1.53475,,,3.347,,,0.05000,,25.3,,,-0.067,,,-1.22,,,
,1237,,1.58475,,,3.289,,,0.05000,,25.3,,,-0.058,,,-1.07,,,
,1268,,1.63475,,,3.238,,,0.05000,,25.3,,,-0.051,,,-0.96,,,
,1298,,1.68475,,,3.192,,,0.05000,,25.3,,,-0.046,,,-0.87,,,
,1328,,1.73475,,,3.151,,,0.05000,,25.3,,,-0.041,,,-0.79,,,
,1358,,1.78475,,,3.113,,,0.05000,,25.3,,,-0.038,,,,,,
,1388,,1.83475,,,3.077,,,0.05000,,25.3,,,-0.036,,,,,,
,1419,,1.88475,,,3.045,,,0.05000,,25.3,,,-0.032,,,,,,
,1449,,1.93475,,,3.015,,,0.05000,,25.3,,,-0.030,,,,,,
,1479,,1.98475,,,2.987,,,0.05000,,25.3,,,-0.028,,,,,,
Measure (normal) [1],,,,,,,,"Scope 1/1, Sample 38/66",,,,,,,,,,,,
Measured Values,,,,,"Scope 1/1, Sample 38/66",,,,,,,,,,,,,,,
,Time,,,,,Meas. value,,,,,Temp.,,,,,dE,,,,
,[s],,,,,[pH],,,,,[°C],,,,,[pH],,,,
,1,,,,,4.784,,,,,23.8,,,,,,,,,
,2,,,,,5.093,,,,,23.9,,,,,0.309,,,,
,3,,,,,5.373,,,,,24.2,,,,,0.280,,,,
,4,,,,,5.608,,,,,24.4,,,,,0.235,,,,
,5,,,,,5.817,,,,,24.6,,,,,0.209,,,,
,6,,,,,6.013,,,,,24.8,,,,,0.196,,,,
,7,,,,,6.196,,,,,24.9,,,,,0.183,,,,
,8,,,,,6.353,,,,,25.0,,,,,0.157,,,,
,9,,,,,6.519,,,,,25.1,,,,,0.166,,,,
,10,,,,,6.671,,,,,25.1,,,,,0.152,,,,
,11,,,,,6.810,,,,,25.2,,,,,0.139,,,,
,12,,,,,6.937,,,,,25.2,,,,,0.127,,,,
,13,,,,,7.049,,,,,25.3,,,,,0.112,,,,
,14,,,,,7.155,,,,,25.3,,,,,0.106,,,,
,15,,,,,7.244,,,,,25.3,,,,,0.089,,,,
,16,,,,,7.329,,,,,25.3,,,,,0.085,,,,
,17,,,,,7.406,,,,,25.3,,,,,0.077,,,,
,18,,,,,7.476,,,,,25.3,,,,,0.070,,,,
,19,,,,,7.538,,,,,25.3,,,,,0.062,,,,
,20,,,,,7.596,,,,,25.3,,,,,0.058,,,,
,21,,,,,7.650,,,,,25.4,,,,,0.054,,,,
,22,,,,,7.691,,,,,25.4,,,,,0.041,,,,
,23,,,,,7.733,,,,,25.4,,,,,0.042,,,,
,24,,,,,7.771,,,,,25.4,,,,,0.038,,,,
,25,,,,,7.804,,,,,25.4,,,,,0.033,,,,
,26,,,,,7.834,,,,,25.4,,,,,0.030,,,,
,27,,,,,7.860,,,,,25.4,,,,,0.026,,,,
,28,,,,,7.885,,,,,25.4,,,,,0.025,,,,
,29,,,,,7.905,,,,,25.4,,,,,0.020,,,,
,30,,,,,7.925,,,,,25.4,,,,,0.020,,,,
,31,,,,,7.943,,,,,25.4,,,,,0.018,,,,
,32,,,,,7.959,,,,,25.4,,,,,0.016,,,,
,33,,,,,7.973,,,,,25.4,,,,,0.014,,,,
,34,,,,,7.986,,,,,25.4,,,,,0.013,,,,
,35,,,,,7.998,,,,,25.4,,,,,0.012,,,,
,36,,,,,8.008,,,,,25.4,,,,,0.010,,,,
,37,,,,,8.018,,,,,25.4,,,,,0.010,,,,
,38,,,,,8.026,,,,,25.4,,,,,0.008,,,,
,39,,,,,8.034,,,,,25.4,,,,,0.008,,,,
,40,,,,,8.041,,,,,25.4,,,,,0.007,,,,
,41,,,,,8.047,,,,,25.4,,,,,0.006,,,,
,42,,,,,8.052,,,,,25.4,,,,,0.005,,,,
,43,,,,,8.058,,,,,25.4,,,,,0.006,,,,
,44,,,,,8.062,,,,,25.4,,,,,0.004,,,,
,45,,,,,8.066,,,,,25.4,,,,,0.004,,,,
,46,,,,,8.070,,,,,25.4,,,,,0.004,,,,
,47,,,,,8.074,,,,,25.4,,,,,0.004,,,,
,48,,,,,8.077,,,,,25.4,,,,,0.003,,,,
,49,,,,,8.079,,,,,25.4,,,,,0.002,,,,
,50,,,,,8.082,,,,,25.4,,,,,0.003,,,,
,51,,,,,8.084,,,,,25.4,,,,,0.002,,,,
,52,,,,,8.086,,,,,25.4,,,,,0.002,,,,
,53,,,,,8.088,,,,,25.4,,,,,0.002,,,,
,54,,,,,8.090,,,,,25.4,,,,,0.002,,,,
,55,,,,,8.091,,,,,25.4,,,,,0.001,,,,
,56,,,,,8.092,,,,,25.4,,,,,0.001,,,,
,57,,,,,8.094,,,,,25.4,,,,,0.002,,,,
,58,,,,,8.095,,,,,25.4,,,,,0.001,,,,
,59,,,,,8.096,,,,,25.4,,,,,0.001,,,,
,60,,,,,8.097,,,,,25.4,,,,,0.001,,,,
Titration (EQP) [1],,,,,,,,"Scope 1/1, Sample 38/66",,,,,,,,,,,,
Measured Values,,,,,"Scope 1/1, Sample 38/66",,,,,,,,,,,,,,,
,Time,,V,,,Meas. value,,,dV,,Temp.,,,dE,,,dE/dV,,,EQP
,[s],,[mL],,,[pH],,,[mL],,[°C],,,[pH],,,[pH/mL],,,
,0,,0.00000,,,8.099,,,,,25.4,,,,,,,,,
,28,,0.08575,,,7.633,,,0.08575,,25.4,,,-0.466,,,,,,
,58,,0.12850,,,7.348,,,0.04275,,25.4,,,-0.285,,,,,,
,88,,0.15000,,,7.226,,,0.02150,,25.4,,,-0.122,,,,,,
,179,,0.17800,,,7.127,,,0.02800,,25.4,,,-0.099,,,,,,
,209,,0.22800,,,6.994,,,0.05000,,25.4,,,-0.133,,,-2.84,,,
,239,,0.27800,,,6.880,,,0.05000,,25.4,,,-0.114,,,-2.15,,,
,269,,0.32800,,,6.770,,,0.05000,,25.4,,,-0.110,,,-2.00,,,
,300,,0.37800,,,6.674,,,0.05000,,25.4,,,-0.096,,,-1.90,,,
,330,,0.42800,,,6.586,,,0.05000,,25.3,,,-0.088,,,-1.77,,,
,360,,0.47800,,,6.484,,,0.05000,,25.3,,,-0.102,,,-1.64,,,
,390,,0.52800,,,6.418,,,0.05000,,25.3,,,-0.066,,,-1.50,,,
,420,,0.57800,,,6.340,,,0.05000,,25.3,,,-0.078,,,-1.39,,,
,451,,0.62800,,,6.278,,,0.05000,,25.3,,,-0.062,,,-1.34,,,
,481,,0.67800,,,6.210,,,0.05000,,25.3,,,-0.068,,,-1.31,,,
,511,,0.72800,,,6.145,,,0.05000,,25.3,,,-0.065,,,-1.36,,,
,542,,0.77800,,,6.073,,,0.05000,,25.3,,,-0.072,,,-1.40,,,
,572,,0.82800,,,5.998,,,0.05000,,25.3,,,-0.075,,,-1.48,,,
,602,,0.87800,,,5.929,,,0.05000,,25.3,,,-0.069,,,-1.56,,,
,632,,0.92800,,,5.841,,,0.05000,,25.3,,,-0.088,,,-1.68,,,
,662,,0.97800,,,5.750,,,0.05000,,25.3,,,-0.091,,,-1.89,,,
,693,,1.02800,,,5.652,,,0.05000,,25.3,,,-0.098,,,-2.24,,,
,723,,1.07800,,,5.530,,,0.05000,,25.3,,,-0.122,,,-2.80,,,
,753,,1.12800,,,5.377,,,0.05000,,25.3,,,-0.153,,,-3.70,,,
,783,,1.16775,,,5.217,,,0.03975,,25.3,,,-0.160,,,-4.81,,,
,814,,1.19350,,,5.090,,,0.02575,,25.3,,,-0.127,,,-5.72,,,
,844,,1.21575,,,4.954,,,0.02225,,25.3,,,-0.136,,,-6.58,,,
,874,,1.23375,,,4.823,,,0.01800,,25.3,,,-0.131,,,-7.33,,,
,904,,1.24950,,,4.690,,,0.01575,,25.3,,,-0.133,,,-8.12,,,
,,,1.262378 ???,,,4.575 ???,,,,,,,,,,,,,,EQP
,935,,1.26350,,,4.565,,,0.01400,,25.3,,,-0.125,,,-8.55,,,
,965,,1.27775,,,4.438,,,0.01425,,25.3,,,-0.127,,,-8.10,,,
,995,,1.29300,,,4.311,,,0.01525,,25.3,,,-0.127,,,-7.26,,,
,1025,,1.31050,,,4.186,,,0.01750,,25.3,,,-0.125,,,-6.46,,,
,1056,,1.33275,,,4.053,,,0.02225,,25.3,,,-0.133,,,-5.52,,,
,1086,,1.35975,,,3.924,,,0.02700,,25.3,,,-0.129,,,-4.53,,,
,1116,,1.39575,,,3.790,,,0.03600,,25.3,,,-0.134,,,-3.50,,,
,1146,,1.44250,,,3.659,,,0.04675,,25.3,,,-0.131,,,-2.59,,,
,1176,,1.49250,,,3.550,,,0.05000,,25.3,,,-0.109,,,-1.98,,,
,1207,,1.54250,,,3.462,,,0.05000,,25.3,,,-0.088,,,-1.59,,,
,1237,,1.59250,,,3.388,,,0.05000,,25.3,,,-0.074,,,-1.34,,,
,1267,,1.64250,,,3.325,,,0.05000,,25.3,,,-0.063,,,-1.17,,,
,1297,,1.69250,,,3.269,,,0.05000,,25.3,,,-0.056,,,-1.04,,,
,1328,,1.74250,,,3.220,,,0.05000,,25.3,,,-0.049,,,-0.93,,,
,1358,,1.79250,,,3.175,,,0.05000,,25.3,,,-0.045,,,-0.84,,,
,1388,,1.84250,,,3.135,,,0.05000,,25.3,,,-0.040,,,-0.77,,,
,1418,,1.89250,,,3.098,,,0.05000,,25.3,,,-0.037,,,,,,
,1449,,1.94250,,,3.065,,,0.05000,,25.3,,,-0.033,,,,,,
,1479,,1.99250,,,3.033,,,0.05000,,25.3,,,-0.032,,,,,,
,1509,,2.04250,,,3.003,,,0.05000,,25.3,,,-0.030,,,,,,
,1539,,2.09250,,,2.976,,,0.05000,,25.3,,,-0.027,,,,,,
Measure (normal) [1],,,,,,,,"Scope 1/1, Sample 39/66",,,,,,,,,,,,
Measured Values,,,,,"Scope 1/1, Sample 39/66",,,,,,,,,,,,,,,
,Time,,,,,Meas. value,,,,,Temp.,,,,,dE,,,,
,[s],,,,,[pH],,,,,[°C],,,,,[pH],,,,
,1,,,,,4.793,,,,,23.8,,,,,,,,,
,2,,,,,5.091,,,,,24.0,,,,,0.298,,,,
,3,,,,,5.382,,,,,24.2,,,,,0.291,,,,
,4,,,,,5.621,,,,,24.4,,,,,0.239,,,,
,5,,,,,5.834,,,,,24.6,,,,,0.213,,,,
,6,,,,,6.030,,,,,24.8,,,,,0.196,,,,
,7,,,,,6.215,,,,,24.9,,,,,0.185,,,,
,8,,,,,6.371,,,,,25.0,,,,,0.156,,,,
,9,,,,,6.536,,,,,25.1,,,,,0.165,,,,
,10,,,,,6.690,,,,,25.1,,,,,0.154,,,,
,11,,,,,6.830,,,,,25.2,,,,,0.140,,,,
,12,,,,,6.960,,,,,25.2,,,,,0.130,,,,
,13,,,,,7.074,,,,,25.3,,,,,0.114,,,,
,14,,,,,7.180,,,,,25.3,,,,,0.106,,,,
,15,,,,,7.266,,,,,25.3,,,,,0.086,,,,
,16,,,,,7.353,,,,,25.3,,,,,0.087,,,,
,17,,,,,7.433,,,,,25.3,,,,,0.080,,,,
,18,,,,,7.503,,,,,25.3,,,,,0.070,,,,
,19,,,,,7.567,,,,,25.3,,,,,0.064,,,,
,20,,,,,7.625,,,,,25.3,,,,,0.058,,,,
,21,,,,,7.677,,,,,25.3,,,,,0.052,,,,
,22,,,,,7.719,,,,,25.4,,,,,0.042,,,,
,23,,,,,7.761,,,,,25.4,,,,,0.042,,,,
,24,,,,,7.799,,,,,25.4,,,,,0.038,,,,
,25,,,,,7.834,,,,,25.4,,,,,0.035,,,,
,26,,,,,7.864,,,,,25.4,,,,,0.030,,,,
,27,,,,,7.892,,,,,25.4,,,,,0.028,,,,
,28,,,,,7.915,,,,,25.4,,,,,0.023,,,,
,29,,,,,7.934,,,,,25.4,,,,,0.019,,,,
,30,,,,,7.954,,,,,25.4,,,,,0.020,,,,
,31,,,,,7.971,,,,,25.4,,,,,0.017,,,,
,32,,,,,7.986,,,,,25.4,,,,,0.015,,,,
,33,,,,,7.999,,,,,25.4,,,,,0.013,,,,
,34,,,,,8.012,,,,,25.4,,,,,0.013,,,,
,35,,,,,8.023,,,,,25.4,,,,,0.011,,,,
,36,,,,,8.032,,,,,25.4,,,,,0.009,,,,
,37,,,,,8.041,,,,,25.4,,,,,0.009,,,,
,38,,,,,8.048,,,,,25.4,,,,,0.007,,,,
,39,,,,,8.056,,,,,25.4,,,,,0.008,,,,
,40,,,,,8.062,,,,,25.4,,,,,0.006,,,,
,41,,,,,8.068,,,,,25.4,,,,,0.006,,,,
,42,,,,,8.073,,,,,25.4,,,,,0.005,,,,
,43,,,,,8.078,,,,,25.4,,,,,0.005,,,,
,44,,,,,8.082,,,,,25.4,,,,,0.004,,,,
,45,,,,,8.086,,,,,25.4,,,,,0.004,,,,
,46,,,,,8.089,,,,,25.4,,,,,0.003,,,,
,47,,,,,8.092,,,,,25.4,,,,,0.003,,,,
,48,,,,,8.095,,,,,25.4,,,,,0.003,,,,
,49,,,,,8.097,,,,,25.4,,,,,0.002,,,,
,50,,,,,8.099,,,,,25.4,,,,,0.002,,,,
,51,,,,,8.101,,,,,25.4,,,,,0.002,,,,
,52,,,,,8.103,,,,,25.4,,,,,0.002,,,,
,53,,,,,8.105,,,,,25.4,,,,,0.002,,,,
,54,,,,,8.106,,,,,25.4,,,,,0.001,,,,
,55,,,,,8.108,,,,,25.4,,,,,0.002,,,,
,56,,,,,8.109,,,,,25.4,,,,,0.001,,,,
,57,,,,,8.110,,,,,25.4,,,,,0.001,,,,
,58,,,,,8.111,,,,,25.4,,,,,0.001,,,,
,59,,,,,8.112,,,,,25.4,,,,,0.001,,,,
,60,,,,,8.113,,,,,25.4,,,,,0.001,,,,
Titration (EQP) [1],,,,,,,,"Scope 1/1, Sample 39/66",,,,,,,,,,,,
Measured Values,,,,,"Scope 1/1, Sample 39/66",,,,,,,,,,,,,,,
,Time,,V,,,Meas. value,,,dV,,Temp.,,,dE,,,dE/dV,,,EQP
,[s],,[mL],,,[pH],,,[mL],,[°C],,,[pH],,,[pH/mL],,,
,0,,0.00000,,,8.115,,,,,25.4,,,,,,,,,
,28,,0.08575,,,7.682,,,0.08575,,25.4,,,-0.433,,,,,,
,58,,0.12850,,,7.398,,,0.04275,,25.4,,,-0.284,,,,,,
,88,,0.15000,,,7.275,,,0.02150,,25.4,,,-0.123,,,,,,
,179,,0.17800,,,7.183,,,0.02800,,25.4,,,-0.092,,,,,,
,209,,0.22800,,,7.048,,,0.05000,,25.4,,,-0.135,,,-2.88,,,
,239,,0.27800,,,6.927,,,0.05000,,25.4,,,-0.121,,,-2.10,,,
,269,,0.32800,,,6.822,,,0.05000,,25.4,,,-0.105,,,-1.95,,,
,300,,0.37800,,,6.726,,,0.05000,,25.4,,,-0.096,,,-1.85,,,
,330,,0.42800,,,6.646,,,0.05000,,25.4,,,-0.080,,,-1.68,,,
,360,,0.47800,,,6.562,,,0.05000,,25.4,,,-0.084,,,-1.59,,,
,390,,0.52800,,,6.470,,,0.05000,,25.4,,,-0.092,,,-1.49,,,
,421,,0.57800,,,6.407,,,0.05000,,25.4,,,-0.063,,,-1.39,,,
,451,,0.62800,,,6.352,,,0.05000,,25.4,,,-0.055,,,-1.28,,,
,481,,0.67800,,,6.268,,,0.05000,,25.4,,,-0.084,,,-1.20,,,
,511,,0.72800,,,6.224,,,0.05000,,25.3,,,-0.044,,,-1.17,,,
,542,,0.77800,,,6.163,,,0.05000,,25.3,,,-0.061,,,-1.21,,,
,572,,0.82800,,,6.102,,,0.05000,,25.3,,,-0.061,,,-1.25,,,
,602,,0.87800,,,6.034,,,0.05000,,25.3,,,-0.068,,,-1.32,,,
,632,,0.92800,,,5.968,,,0.05000,,25.3,,,-0.066,,,-1.45,,,
,662,,0.97800,,,5.890,,,0.05000,,25.3,,,-0.078,,,-1.51,,,
,693,,1.02800,,,5.810,,,0.05000,,25.3,,,-0.080,,,-1.61,,,
,723,,1.07800,,,5.725,,,0.05000,,25.3,,,-0.085,,,-1.78,,,
,753,,1.12800,,,5.630,,,0.05000,,25.3,,,-0.095,,,-2.08,,,
,783,,1.17800,,,5.521,,,0.05000,,25.3,,,-0.109,,,-2.55,,,
,814,,1.22800,,,5.379,,,0.05000,,25.3,,,-0.142,,,-3.35,,,
,844,,1.27425,,,5.208,,,0.04625,,25.3,,,-0.171,,,-4.51,,,
,874,,1.30225,,,5.075,,,0.02800,,25.3,,,-0.133,,,-5.40,,,
,904,,1.32475,,,4.947,,,0.02250,,25.3,,,-0.128,,,-6.19,,,
,935,,1.34475,,,4.809,,,0.02000,,25.3,,,-0.138,,,-6.92,,,
,965,,1.36100,,,4.679,,,0.01625,,25.3,,,-0.130,,,-7.62,,,
,,,1.374511 ???,,,4.565 ???,,,,,,,,,,,,,,EQP
,995,,1.37575,,,4.555,,,0.01475,,25.3,,,-0.124,,,-8.03,,,
,1025,,1.39125,,,4.425,,,0.01550,,25.3,,,-0.130,,,-7.61,,,
,1056,,1.40750,,,4.300,,,0.01625,,25.3,,,-0.125,,,-6.82,,,
,1086,,1.42650,,,4.171,,,0.01900,,25.3,,,-0.129,,,-6.05,,,
,1116,,1.44975,,,4.042,,,0.02325,,25.3,,,-0.129,,,-5.18,,,
,1146,,1.47900,,,3.910,,,0.02925,,25.3,,,-0.132,,,-4.22,,,
,1176,,1.51675,,,3.779,,,0.03775,,25.3,,,-0.131,,,-3.27,,,
,1207,,1.56675,,,3.647,,,0.05000,,25.3,,,-0.132,,,-2.41,,,
,1237,,1.61675,,,3.544,,,0.05000,,25.3,,,-0.103,,,-1.87,,,
,1267,,1.66675,,,3.459,,,0.05000,,25.3,,,-0.085,,,-1.52,,,
,1297,,1.71675,,,3.388,,,0.05000,,25.3,,,-0.071,,,-1.29,,,
,1328,,1.76675,,,3.327,,,0.05000,,25.3,,,-0.061,,,-1.13,,,
,1358,,1.81675,,,3.274,,,0.05000,,25.3,,,-0.053,,,-1.00,,,
,1388,,1.86675,,,3.225,,,0.05000,,25.3,,,-0.049,,,-0.90,,,
,1418,,1.91675,,,3.182,,,0.05000,,25.3,,,-0.043,,,-0.82,,,
,1448,,1.96675,,,3.143,,,0.05000,,25.3,,,-0.039,,,-0.75,,,
,1479,,2.01675,,,3.107,,,0.05000,,25.3,,,-0.036,,,,,,
,1509,,2.06675,,,3.073,,,0.05000,,25.3,,,-0.034,,,,,,
,1539,,2.11675,,,3.042,,,0.05000,,25.3,,,-0.031,,,,,,
,1570,,2.16675,,,3.013,,,0.05000,,25.3,,,-0.029,,,,,,
,1600,,2.21675,,,2.986,,,0.05000,,25.3,,,-0.027,,,,,,
Measure (normal) [1],,,,,,,,"Scope 1/1, Sample 40/66",,,,,,,,,,,,
Measured Values,,,,,"Scope 1/1, Sample 40/66",,,,,,,,,,,,,,,
,Time,,,,,Meas. value,,,,,Temp.,,,,,dE,,,,
,[s],,,,,[pH],,,,,[°C],,,,,[pH],,,,
,1,,,,,4.766,,,,,23.9,,,,,,,,,
,2,,,,,5.040,,,,,24.0,,,,,0.274,,,,
,3,,,,,5.300,,,,,24.2,,,,,0.260,,,,
,4,,,,,5.516,,,,,24.4,,,,,0.216,,,,
,5,,,,,5.703,,,,,24.6,,,,,0.187,,,,
,6,,,,,5.875,,,,,24.8,,,,,0.172,,,,
,7,,,,,6.036,,,,,24.9,,,,,0.161,,,,
,8,,,,,6.174,,,,,25.0,,,,,0.138,,,,
,9,,,,,6.318,,,,,25.1,,,,,0.144,,,,
,10,,,,,6.456,,,,,25.1,,,,,0.138,,,,
,11,,,,,6.587,,,,,25.2,,,,,0.131,,,,
,12,,,,,6.707,,,,,25.2,,,,,0.120,,,,
,13,,,,,6.822,,,,,25.2,,,,,0.115,,,,
,14,,,,,6.931,,,,,25.3,,,,,0.109,,,,
,15,,,,,7.018,,,,,25.3,,,,,0.087,,,,
,16,,,,,7.108,,,,,25.3,,,,,0.090,,,,
,17,,,,,7.199,,,,,25.3,,,,,0.091,,,,
,18,,,,,7.277,,,,,25.3,,,,,0.078,,,,
,19,,,,,7.347,,,,,25.3,,,,,0.070,,,,
,20,,,,,7.413,,,,,25.3,,,,,0.066,,,,
,21,,,,,7.471,,,,,25.3,,,,,0.058,,,,
,22,,,,,7.520,,,,,25.3,,,,,0.049,,,,
,23,,,,,7.570,,,,,25.3,,,,,0.050,,,,
,24,,,,,7.617,,,,,25.3,,,,,0.047,,,,
,25,,,,,7.659,,,,,25.3,,,,,0.042,,,,
,26,,,,,7.698,,,,,25.3,,,,,0.039,,,,
,27,,,,,7.734,,,,,25.3,,,,,0.036,,,,
,28,,,,,7.765,,,,,25.3,,,,,0.031,,,,
,29,,,,,7.792,,,,,25.3,,,,,0.027,,,,
,30,,,,,7.819,,,,,25.3,,,,,0.027,,,,
,31,,,,,7.843,,,,,25.3,,,,,0.024,,,,
,32,,,,,7.866,,,,,25.3,,,,,0.023,,,,
,33,,,,,7.886,,,,,25.3,,,,,0.020,,,,
,34,,,,,7.905,,,,,25.3,,,,,0.019,,,,
,35,,,,,7.923,,,,,25.3,,,,,0.018,,,,
,36,,,,,7.936,,,,,25.3,,,,,0.013,,,,
,37,,,,,7.950,,,,,25.3,,,,,0.014,,,,
,38,,,,,7.962,,,,,25.3,,,,,0.012,,,,
,39,,,,,7.974,,,,,25.3,,,,,0.012,,,,
,40,,,,,7.985,,,,,25.3,,,,,0.011,,,,
,41,,,,,7.995,,,,,25.3,,,,,0.010,,,,
,42,,,,,8.004,,,,,25.3,,,,,0.009,,,,
,43,,,,,8.012,,,,,25.3,,,,,0.008,,,,
,44,,,,,8.019,,,,,25.3,,,,,0.007,,,,
,45,,,,,8.026,,,,,25.3,,,,,0.007,,,,
,46,,,,,8.032,,,,,25.3,,,,,0.006,,,,
,47,,,,,8.038,,,,,25.3,,,,,0.006,,,,
,48,,,,,8.043,,,,,25.3,,,,,0.005,,,,
,49,,,,,8.048,,,,,25.3,,,,,0.005,,,,
,50,,,,,8.052,,,,,25.3,,,,,0.004,,,,
,51,,,,,8.056,,,,,25.3,,,,,0.004,,,,
,52,,,,,8.059,,,,,25.3,,,,,0.003,,,,
,53,,,,,8.062,,,,,25.3,,,,,0.003,,,,
,54,,,,,8.066,,,,,25.3,,,,,0.004,,,,
,55,,,,,8.068,,,,,25.3,,,,,0.002,,,,
,56,,,,,8.071,,,,,25.3,,,,,0.003,,,,
,57,,,,,8.073,,,,,25.3,,,,,0.002,,,,
,58,,,,,8.075,,,,,25.3,,,,,0.002,,,,
,59,,,,,8.077,,,,,25.3,,,,,0.002,,,,
,60,,,,,8.079,,,,,25.3,,,,,0.002,,,,
Titration (EQP) [1],,,,,,,,"Scope 1/1, Sample 40/66",,,,,,,,,,,,
Measured Values,,,,,"Scope 1/1, Sample 40/66",,,,,,,,,,,,,,,
,Time,,V,,,Meas. value,,,dV,,Temp.,,,dE,,,dE/dV,,,EQP
,[s],,[mL],,,[pH],,,[mL],,[°C],,,[pH],,,[pH/mL],,,
,0,,0.00000,,,8.082,,,,,25.3,,,,,,,,,
,28,,0.08575,,,7.625,,,0.08575,,25.3,,,-0.457,,,,,,
,58,,0.12850,,,7.333,,,0.04275,,25.3,,,-0.292,,,,,,
,88,,0.15000,,,7.206,,,0.02150,,25.3,,,-0.127,,,,,,
,179,,0.17725,,,7.091,,,0.02725,,25.3,,,-0.115,,,,,,
,209,,0.22100,,,6.991,,,0.04375,,25.3,,,-0.100,,,-2.99,,,
,239,,0.27100,,,6.873,,,0.05000,,25.3,,,-0.118,,,-2.22,,,
,269,,0.32100,,,6.764,,,0.05000,,25.3,,,-0.109,,,-2.03,,,
,300,,0.37100,,,6.657,,,0.05000,,25.3,,,-0.107,,,-1.93,,,
,330,,0.42100,,,6.563,,,0.05000,,25.3,,,-0.094,,,-1.83,,,
,360,,0.47100,,,6.476,,,0.05000,,25.3,,,-0.087,,,-1.69,,,
,390,,0.52100,,,6.397,,,0.05000,,25.3,,,-0.079,,,-1.60,,,
,421,,0.57100,,,6.316,,,0.05000,,25.3,,,-0.081,,,-1.52,,,
,451,,0.62100,,,6.243,,,0.05000,,25.3,,,-0.073,,,-1.49,,,
,481,,0.67100,,,6.166,,,0.05000,,25.3,,,-0.077,,,-1.49,,,
,511,,0.72100,,,6.093,,,0.05000,,25.3,,,-0.073,,,-1.49,,,
,542,,0.77100,,,6.020,,,0.05000,,25.3,,,-0.073,,,-1.52,,,
,572,,0.82100,,,5.936,,,0.05000,,25.3,,,-0.084,,,-1.59,,,
,602,,0.87100,,,5.855,,,0.05000,,25.3,,,-0.081,,,-1.70,,,
,632,,0.92100,,,5.769,,,0.05000,,25.3,,,-0.086,,,-1.91,,,
,663,,0.97100,,,5.659,,,0.05000,,25.3,,,-0.110,,,-2.23,,,
,693,,1.02100,,,5.542,,,0.05000,,25.3,,,-0.117,,,-2.76,,,
,723,,1.07100,,,5.392,,,0.05000,,25.3,,,-0.150,,,-3.65,,,
,753,,1.11200,,,5.230,,,0.04100,,25.3,,,-0.162,,,-4.75,,,
,784,,1.13825,,,5.102,,,0.02625,,25.3,,,-0.128,,,-5.65,,,
,814,,1.16050,,,4.968,,,0.02225,,25.3,,,-0.134,,,-6.53,,,
,844,,1.17900,,,4.832,,,0.01850,,25.3,,,-0.136,,,-7.29,,,
,874,,1.19425,,,4.705,,,0.01525,,25.3,,,-0.127,,,-8.06,,,
,,,1.207475 ???,,,4.587 ???,,,,,,,,,,,,,,EQP
,904,,1.20850,,,4.578,,,0.01425,,25.3,,,-0.127,,,-8.51,,,
,935,,1.22275,,,4.452,,,0.01425,,25.3,,,-0.126,,,-8.07,,,
,965,,1.23850,,,4.322,,,0.01575,,25.3,,,-0.130,,,-7.22,,,
,995,,1.25600,,,4.197,,,0.01750,,25.3,,,-0.125,,,-6.41,,,
,1026,,1.27775,,,4.067,,,0.02175,,25.3,,,-0.130,,,-5.50,,,
,1056,,1.30500,,,3.938,,,0.02725,,25.3,,,-0.129,,,-4.50,,,
,1086,,1.34150,,,3.804,,,0.03650,,25.3,,,-0.134,,,-3.47,,,
,1116,,1.38900,,,3.672,,,0.04750,,25.3,,,-0.132,,,-2.55,,,
,1146,,1.43900,,,3.565,,,0.05000,,25.3,,,-0.107,,,-1.95,,,
,1177,,1.48900,,,3.478,,,0.05000,,25.3,,,-0.087,,,-1.57,,,
,1207,,1.53900,,,3.405,,,0.05000,,25.3,,,-0.073,,,-1.32,,,
,1237,,1.58900,,,3.342,,,0.05000,,25.3,,,-0.063,,,-1.15,,,
,1268,,1.63900,,,3.287,,,0.05000,,25.3,,,-0.055,,,-1.02,,,
,1298,,1.68900,,,3.239,,,0.05000,,25.3,,,-0.048,,,-0.92,,,
,1328,,1.73900,,,3.195,,,0.05000,,25.3,,,-0.044,,,-0.83,,,
,1358,,1.78900,,,3.154,,,0.05000,,25.3,,,-0.041,,,-0.76,,,
,1388,,1.83900,,,3.118,,,0.05000,,25.3,,,-0.036,,,,,,
,1419,,1.88900,,,3.084,,,0.05000,,25.3,,,-0.034,,,,,,
,1449,,1.93900,,,3.053,,,0.05000,,25.3,,,-0.031,,,,,,
,1479,,1.98900,,,3.024,,,0.05000,,25.3,,,-0.029,,,,,,
,1509,,2.03900,,,2.996,,,0.05000,,25.3,,,-0.028,,,,,,
Measure (normal) [1],,,,,,,,"Scope 1/1, Sample 41/66",,,,,,,,,,,,
Measured Values,,,,,"Scope 1/1, Sample 41/66",,,,,,,,,,,,,,,
,Time,,,,,Meas. value,,,,,Temp.,,,,,dE,,,,
,[s],,,,,[pH],,,,,[°C],,,,,[pH],,,,
,1,,,,,4.758,,,,,23.7,,,,,,,,,
,2,,,,,5.054,,,,,23.8,,,,,0.296,,,,
,3,,,,,5.324,,,,,24.1,,,,,0.270,,,,
,4,,,,,5.543,,,,,24.3,,,,,0.219,,,,
,5,,,,,5.735,,,,,24.5,,,,,0.192,,,,
,6,,,,,5.909,,,,,24.7,,,,,0.174,,,,
,7,,,,,6.074,,,,,24.8,,,,,0.165,,,,
,8,,,,,6.214,,,,,24.9,,,,,0.140,,,,
,9,,,,,6.363,,,,,25.0,,,,,0.149,,,,
,10,,,,,6.505,,,,,25.1,,,,,0.142,,,,
,11,,,,,6.638,,,,,25.1,,,,,0.133,,,,
,12,,,,,6.759,,,,,25.2,,,,,0.121,,,,
,13,,,,,6.871,,,,,25.2,,,,,0.112,,,,
,14,,,,,6.975,,,,,25.2,,,,,0.104,,,,
,15,,,,,7.058,,,,,25.3,,,,,0.083,,,,
,16,,,,,7.145,,,,,25.3,,,,,0.087,,,,
,17,,,,,7.233,,,,,25.3,,,,,0.088,,,,
,18,,,,,7.309,,,,,25.3,,,,,0.076,,,,
,19,,,,,7.380,,,,,25.3,,,,,0.071,,,,
,20,,,,,7.447,,,,,25.3,,,,,0.067,,,,
,21,,,,,7.506,,,,,25.3,,,,,0.059,,,,
,22,,,,,7.554,,,,,25.3,,,,,0.048,,,,
,23,,,,,7.604,,,,,25.3,,,,,0.050,,,,
,24,,,,,7.649,,,,,25.3,,,,,0.045,,,,
,25,,,,,7.688,,,,,25.3,,,,,0.039,,,,
,26,,,,,7.725,,,,,25.3,,,,,0.037,,,,
,27,,,,,7.759,,,,,25.3,,,,,0.034,,,,
,28,,,,,7.788,,,,,25.3,,,,,0.029,,,,
,29,,,,,7.814,,,,,25.3,,,,,0.026,,,,
,30,,,,,7.840,,,,,25.3,,,,,0.026,,,,
,31,,,,,7.863,,,,,25.3,,,,,0.023,,,,
,32,,,,,7.884,,,,,25.3,,,,,0.021,,,,
,33,,,,,7.904,,,,,25.3,,,,,0.020,,,,
,34,,,,,7.922,,,,,25.3,,,,,0.018,,,,
,35,,,,,7.938,,,,,25.3,,,,,0.016,,,,
,36,,,,,7.951,,,,,25.3,,,,,0.013,,,,
,37,,,,,7.965,,,,,25.3,,,,,0.014,,,,
,38,,,,,7.978,,,,,25.3,,,,,0.013,,,,
,39,,,,,7.989,,,,,25.3,,,,,0.011,,,,
,40,,,,,8.000,,,,,25.3,,,,,0.011,,,,
,41,,,,,8.009,,,,,25.3,,,,,0.009,,,,
,42,,,,,8.017,,,,,25.3,,,,,0.008,,,,
,43,,,,,8.024,,,,,25.3,,,,,0.007,,,,
,44,,,,,8.030,,,,,25.3,,,,,0.006,,,,
,45,,,,,8.037,,,,,25.3,,,,,0.007,,,,
,46,,,,,8.042,,,,,25.3,,,,,0.005,,,,
,47,,,,,8.048,,,,,25.3,,,,,0.006,,,,
,48,,,,,8.053,,,,,25.3,,,,,0.005,,,,
,49,,,,,8.057,,,,,25.3,,,,,0.004,,,,
,50,,,,,8.061,,,,,25.3,,,,,0.004,,,,
,51,,,,,8.064,,,,,25.3,,,,,0.003,,,,
,52,,,,,8.067,,,,,25.3,,,,,0.003,,,,
,53,,,,,8.070,,,,,25.3,,,,,0.003,,,,
,54,,,,,8.073,,,,,25.3,,,,,0.003,,,,
,55,,,,,8.076,,,,,25.3,,,,,0.003,,,,
,56,,,,,8.078,,,,,25.3,,,,,0.002,,,,
,57,,,,,8.080,,,,,25.3,,,,,0.002,,,,
,58,,,,,8.082,,,,,25.3,,,,,0.002,,,,
,59,,,,,8.084,,,,,25.3,,,,,0.002,,,,
,60,,,,,8.085,,,,,25.3,,,,,0.001,,,,
Titration (EQP) [1],,,,,,,,"Scope 1/1, Sample 41/66",,,,,,,,,,,,
Measured Values,,,,,"Scope 1/1, Sample 41/66",,,,,,,,,,,,,,,
,Time,,V,,,Meas. value,,,dV,,Temp.,,,dE,,,dE/dV,,,EQP
,[s],,[mL],,,[pH],,,[mL],,[°C],,,[pH],,,[pH/mL],,,
,0,,0.00000,,,8.088,,,,,25.3,,,,,,,,,
,28,,0.08575,,,7.620,,,0.08575,,25.3,,,-0.468,,,,,,
,58,,0.12850,,,7.316,,,0.04275,,25.3,,,-0.304,,,,,,
,88,,0.15000,,,7.188,,,0.02150,,25.3,,,-0.128,,,,,,
,179,,0.17750,,,7.085,,,0.02750,,25.3,,,-0.103,,,,,,
,209,,0.22750,,,6.964,,,0.05000,,25.3,,,-0.121,,,-3.03,,,
,239,,0.27750,,,6.826,,,0.05000,,25.3,,,-0.138,,,-2.22,,,
,269,,0.32550,,,6.708,,,0.04800,,25.3,,,-0.118,,,-2.05,,,
,300,,0.37550,,,6.620,,,0.05000,,25.3,,,-0.088,,,-1.88,,,
,330,,0.42550,,,6.535,,,0.05000,,25.3,,,-0.085,,,-1.73,,,
,360,,0.47550,,,6.446,,,0.05000,,25.3,,,-0.089,,,-1.62,,,
,390,,0.52550,,,6.365,,,0.05000,,25.3,,,-0.081,,,-1.58,,,
,420,,0.57550,,,6.289,,,0.05000,,25.3,,,-0.076,,,-1.57,,,
,451,,0.62550,,,6.209,,,0.05000,,25.3,,,-0.080,,,-1.54,,,
,481,,0.67550,,,6.126,,,0.05000,,25.3,,,-0.083,,,-1.52,,,
,511,,0.72550,,,6.062,,,0.05000,,25.3,,,-0.064,,,-1.55,,,
,542,,0.77550,,,5.974,,,0.05000,,25.3,,,-0.088,,,-1.61,,,
,572,,0.82550,,,5.891,,,0.05000,,25.3,,,-0.083,,,-1.70,,,
,602,,0.87550,,,5.805,,,0.05000,,25.3,,,-0.086,,,-1.89,,,
,632,,0.92550,,,5.700,,,0.05000,,25.3,,,-0.105,,,-2.20,,,
,662,,0.97550,,,5.581,,,0.05000,,25.3,,,-0.119,,,-2.65,,,
,693,,1.02550,,,5.439,,,0.05000,,25.3,,,-0.142,,,-3.48,,,
,723,,1.07100,,,5.266,,,0.04550,,25.3,,,-0.173,,,-4.65,,,
,753,,1.09775,,,5.139,,,0.02675,,25.3,,,-0.127,,,-5.56,,,
,783,,1.12050,,,5.005,,,0.02275,,25.3,,,-0.134,,,-6.48,,,
,814,,1.13925,,,4.871,,,0.01875,,25.3,,,-0.134,,,-7.29,,,
,844,,1.15500,,,4.740,,,0.01575,,25.3,,,-0.131,,,-8.07,,,
,874,,1.16900,,,4.613,,,0.01400,,25.3,,,-0.127,,,-8.74,,,
,,,1.170312,,,4.601,,,,,,,,,,,,,,EQP
,904,,1.18275,,,4.486,,,0.01375,,25.3,,,-0.127,,,-8.50,,,
,935,,1.19725,,,4.360,,,0.01450,,25.3,,,-0.126,,,-7.66,,,
,965,,1.21350,,,4.234,,,0.01625,,25.3,,,-0.126,,,-6.82,,,
,995,,1.23350,,,4.105,,,0.02000,,25.3,,,-0.129,,,-5.93,,,
,1025,,1.25900,,,3.973,,,0.02550,,25.3,,,-0.132,,,-4.89,,,
,1056,,1.29175,,,3.842,,,0.03275,,25.3,,,-0.131,,,-3.83,,,
,1086,,1.33525,,,3.709,,,0.04350,,25.3,,,-0.133,,,-2.84,,,
,1116,,1.38525,,,3.592,,,0.05000,,25.3,,,-0.117,,,-2.13,,,
,1146,,1.43525,,,3.499,,,0.05000,,25.3,,,-0.093,,,-1.68,,,
,1176,,1.48525,,,3.421,,,0.05000,,25.3,,,-0.078,,,-1.40,,,
,1207,,1.53525,,,3.356,,,0.05000,,25.3,,,-0.065,,,-1.20,,,
,1237,,1.58525,,,3.298,,,0.05000,,25.3,,,-0.058,,,-1.06,,,
,1267,,1.63525,,,3.248,,,0.05000,,25.3,,,-0.050,,,-0.95,,,
,1297,,1.68525,,,3.202,,,0.05000,,25.3,,,-0.046,,,-0.86,,,
,1328,,1.73525,,,3.161,,,0.05000,,25.3,,,-0.041,,,-0.79,,,
,1358,,1.78525,,,3.123,,,0.05000,,25.3,,,-0.038,,,,,,
,1388,,1.83525,,,3.088,,,0.05000,,25.3,,,-0.035,,,,,,
,1418,,1.88525,,,3.056,,,0.05000,,25.3,,,-0.032,,,,,,
,1449,,1.93525,,,3.027,,,0.05000,,25.3,,,-0.029,,,,,,
,1479,,1.98525,,,2.998,,,0.05000,,25.3,,,-0.029,,,,,,
Measure (normal) [1],,,,,,,,"Scope 1/1, Sample 42/66",,,,,,,,,,,,
Measured Values,,,,,"Scope 1/1, Sample 42/66",,,,,,,,,,,,,,,
,Time,,,,,Meas. value,,,,,Temp.,,,,,dE,,,,
,[s],,,,,[pH],,,,,[°C],,,,,[pH],,,,
,1,,,,,6.722,,,,,20.6,,,,,,,,,
,2,,,,,6.832,,,,,21.0,,,,,0.110,,,,
,3,,,,,6.966,,,,,21.6,,,,,0.134,,,,
,4,,,,,7.086,,,,,22.2,,,,,0.120,,,,
,5,,,,,7.199,,,,,22.8,,,,,0.113,,,,
,6,,,,,7.297,,,,,23.2,,,,,0.098,,,,
,7,,,,,7.386,,,,,23.6,,,,,0.089,,,,
,8,,,,,7.456,,,,,23.9,,,,,0.070,,,,
,9,,,,,7.524,,,,,24.1,,,,,0.068,,,,
,10,,,,,7.587,,,,,24.3,,,,,0.063,,,,
,11,,,,,7.643,,,,,24.4,,,,,0.056,,,,
,12,,,,,7.691,,,,,24.5,,,,,0.048,,,,
,13,,,,,7.733,,,,,24.6,,,,,0.042,,,,
,14,,,,,7.771,,,,,24.7,,,,,0.038,,,,
,15,,,,,7.802,,,,,24.7,,,,,0.031,,,,
,16,,,,,7.834,,,,,24.7,,,,,0.032,,,,
,17,,,,,7.862,,,,,24.8,,,,,0.028,,,,
,18,,,,,7.887,,,,,24.8,,,,,0.025,,,,
,19,,,,,7.909,,,,,24.8,,,,,0.022,,,,
,20,,,,,7.929,,,,,24.8,,,,,0.020,,,,
,21,,,,,7.948,,,,,24.9,,,,,0.019,,,,
,22,,,,,7.964,,,,,24.9,,,,,0.016,,,,
,23,,,,,7.979,,,,,24.9,,,,,0.015,,,,
,24,,,,,7.992,,,,,24.9,,,,,0.013,,,,
,25,,,,,8.004,,,,,24.9,,,,,0.012,,,,
,26,,,,,8.015,,,,,24.9,,,,,0.011,,,,
,27,,,,,8.025,,,,,24.9,,,,,0.010,,,,
,28,,,,,8.033,,,,,24.9,,,,,0.008,,,,
,29,,,,,8.042,,,,,24.9,,,,,0.009,,,,
,30,,,,,8.049,,,,,24.9,,,,,0.007,,,,
,31,,,,,8.056,,,,,24.9,,,,,0.007,,,,
,32,,,,,8.062,,,,,24.9,,,,,0.006,,,,
,33,,,,,8.067,,,,,24.9,,,,,0.005,,,,
,34,,,,,8.072,,,,,24.9,,,,,0.005,,,,
,35,,,,,8.076,,,,,24.9,,,,,0.004,,,,
,36,,,,,8.080,,,,,24.9,,,,,0.004,,,,
,37,,,,,8.084,,,,,24.9,,,,,0.004,,,,
,38,,,,,8.087,,,,,24.9,,,,,0.003,,,,
,39,,,,,8.090,,,,,24.9,,,,,0.003,,,,
,40,,,,,8.093,,,,,24.9,,,,,0.003,,,,
,41,,,,,8.095,,,,,24.9,,,,,0.002,,,,
,42,,,,,8.097,,,,,24.9,,,,,0.002,,,,
,43,,,,,8.099,,,,,24.9,,,,,0.002,,,,
,44,,,,,8.101,,,,,24.9,,,,,0.002,,,,
,45,,,,,8.103,,,,,24.9,,,,,0.002,,,,
,46,,,,,8.105,,,,,24.9,,,,,0.002,,,,
,47,,,,,8.106,,,,,24.9,,,,,0.001,,,,
,48,,,,,8.107,,,,,24.9,,,,,0.001,,,,
,49,,,,,8.108,,,,,24.9,,,,,0.001,,,,
,50,,,,,8.110,,,,,24.9,,,,,0.002,,,,
,51,,,,,8.111,,,,,24.9,,,,,0.001,,,,
,52,,,,,8.111,,,,,24.9,,,,,0.000,,,,
,53,,,,,8.112,,,,,24.9,,,,,0.001,,,,
,54,,,,,8.113,,,,,24.9,,,,,0.001,,,,
,55,,,,,8.114,,,,,24.9,,,,,0.001,,,,
,56,,,,,8.115,,,,,24.9,,,,,0.001,,,,
,57,,,,,8.115,,,,,24.9,,,,,0.000,,,,
,58,,,,,8.116,,,,,24.9,,,,,0.001,,,,
,59,,,,,8.116,,,,,24.9,,,,,0.000,,,,
,60,,,,,8.117,,,,,24.9,,,,,0.001,,,,
Titration (EQP) [1],,,,,,,,"Scope 1/1, Sample 42/66",,,,,,,,,,,,
Measured Values,,,,,"Scope 1/1, Sample 42/66",,,,,,,,,,,,,,,
,Time,,V,,,Meas. value,,,dV,,Temp.,,,dE,,,dE/dV,,,EQP
,[s],,[mL],,,[pH],,,[mL],,[°C],,,[pH],,,[pH/mL],,,
,0,,0.00000,,,8.118,,,,,24.9,,,,,,,,,
,28,,0.08575,,,7.622,,,0.08575,,25.0,,,-0.496,,,,,,
,58,,0.12850,,,7.322,,,0.04275,,25.0,,,-0.300,,,,,,
,89,,0.15000,,,7.188,,,0.02150,,25.0,,,-0.134,,,,,,
,180,,0.17450,,,7.080,,,0.02450,,25.1,,,-0.108,,,,,,
,210,,0.21950,,,6.973,,,0.04500,,25.1,,,-0.107,,,-3.21,,,
,240,,0.26950,,,6.837,,,0.05000,,25.1,,,-0.136,,,-2.44,,,
,270,,0.31950,,,6.721,,,0.05000,,25.1,,,-0.116,,,-2.19,,,
,301,,0.36950,,,6.595,,,0.05000,,25.1,,,-0.126,,,-2.02,,,
,331,,0.41950,,,6.511,,,0.05000,,25.1,,,-0.084,,,-1.85,,,
,361,,0.46950,,,6.421,,,0.05000,,25.2,,,-0.090,,,-1.69,,,
,391,,0.51950,,,6.348,,,0.05000,,25.2,,,-0.073,,,-1.64,,,
,422,,0.56950,,,6.259,,,0.05000,,25.2,,,-0.089,,,-1.62,,,
,452,,0.61950,,,6.182,,,0.05000,,25.2,,,-0.077,,,-1.64,,,
,482,,0.66950,,,6.087,,,0.05000,,25.2,,,-0.095,,,-1.63,,,
,512,,0.71950,,,6.006,,,0.05000,,25.2,,,-0.081,,,-1.65,,,
,543,,0.76950,,,5.934,,,0.05000,,25.2,,,-0.072,,,-1.69,,,
,573,,0.81950,,,5.841,,,0.05000,,25.2,,,-0.093,,,-1.84,,,
,603,,0.86950,,,5.740,,,0.05000,,25.2,,,-0.101,,,-2.10,,,
,633,,0.91950,,,5.624,,,0.05000,,25.2,,,-0.116,,,-2.59,,,
,664,,0.96950,,,5.485,,,0.05000,,25.2,,,-0.139,,,-3.35,,,
,694,,1.01750,,,5.312,,,0.04800,,25.2,,,-0.173,,,-4.50,,,
,724,,1.04650,,,5.177,,,0.02900,,25.3,,,-0.135,,,-5.51,,,
,754,,1.06925,,,5.046,,,0.02275,,25.3,,,-0.131,,,-6.46,,,
,784,,1.08850,,,4.911,,,0.01925,,25.3,,,-0.135,,,-7.33,,,
,815,,1.10450,,,4.777,,,0.01600,,25.3,,,-0.134,,,-8.14,,,
,845,,1.11800,,,4.653,,,0.01350,,25.3,,,-0.124,,,-8.97,,,
,,,1.126803 ???,,,4.569 ???,,,,,,,,,,,,,,EQP
,875,,1.13150,,,4.524,,,0.01350,,25.3,,,-0.129,,,-9.05,,,
,906,,1.14500,,,4.398,,,0.01350,,25.3,,,-0.126,,,-8.31,,,
,936,,1.16000,,,4.270,,,0.01500,,25.3,,,-0.128,,,-7.40,,,
,966,,1.17725,,,4.145,,,0.01725,,25.3,,,-0.125,,,-6.55,,,
,996,,1.19975,,,4.014,,,0.02250,,25.3,,,-0.131,,,-5.52,,,
,1026,,1.22850,,,3.882,,,0.02875,,25.3,,,-0.132,,,-4.41,,,
,1057,,1.26650,,,3.747,,,0.03800,,25.3,,,-0.135,,,-3.34,,,
,1087,,1.31600,,,3.616,,,0.04950,,25.3,,,-0.131,,,-2.42,,,
,1117,,1.36600,,,3.513,,,0.05000,,25.3,,,-0.103,,,-1.86,,,
,1148,,1.41600,,,3.429,,,0.05000,,25.3,,,-0.084,,,-1.51,,,
,1178,,1.46600,,,3.359,,,0.05000,,25.3,,,-0.070,,,-1.28,,,
,1208,,1.51600,,,3.298,,,0.05000,,25.3,,,-0.061,,,-1.12,,,
,1238,,1.56600,,,3.244,,,0.05000,,25.3,,,-0.054,,,-1.00,,,
,1268,,1.61600,,,3.197,,,0.05000,,25.3,,,-0.047,,,-0.90,,,
,1299,,1.66600,,,3.154,,,0.05000,,25.3,,,-0.043,,,-0.81,,,
,1329,,1.71600,,,3.115,,,0.05000,,25.3,,,-0.039,,,,,,
,1359,,1.76600,,,3.079,,,0.05000,,25.3,,,-0.036,,,,,,
,1389,,1.81600,,,3.046,,,0.05000,,25.3,,,-0.033,,,,,,
,1420,,1.86600,,,3.015,,,0.05000,,25.3,,,-0.031,,,,,,
,1450,,1.91600,,,2.986,,,0.05000,,25.3,,,-0.029,,,,,,
Measure (normal) [1],,,,,,,,"Scope 1/1, Sample 43/66",,,,,,,,,,,,
Measured Values,,,,,"Scope 1/1, Sample 43/66",,,,,,,,,,,,,,,
,Time,,,,,Meas. value,,,,,Temp.,,,,,dE,,,,
,[s],,,,,[pH],,,,,[°C],,,,,[pH],,,,
,1,,,,,4.629,,,,,23.7,,,,,,,,,
,2,,,,,5.014,,,,,23.8,,,,,0.385,,,,
,3,,,,,5.411,,,,,24.1,,,,,0.397,,,,
,4,,,,,5.775,,,,,24.3,,,,,0.364,,,,
,5,,,,,6.114,,,,,24.5,,,,,0.339,,,,
,6,,,,,6.414,,,,,24.7,,,,,0.300,,,,
,7,,,,,6.673,,,,,24.8,,,,,0.259,,,,
,8,,,,,6.901,,,,,25.0,,,,,0.228,,,,
,9,,,,,7.071,,,,,25.0,,,,,0.170,,,,
,10,,,,,7.230,,,,,25.1,,,,,0.159,,,,
,11,,,,,7.366,,,,,25.2,,,,,0.136,,,,
,12,,,,,7.476,,,,,25.2,,,,,0.110,,,,
,13,,,,,7.568,,,,,25.2,,,,,0.092,,,,
,14,,,,,7.644,,,,,25.3,,,,,0.076,,,,
,15,,,,,7.702,,,,,25.3,,,,,0.058,,,,
,16,,,,,7.757,,,,,25.3,,,,,0.055,,,,
,17,,,,,7.801,,,,,25.3,,,,,0.044,,,,
,18,,,,,7.837,,,,,25.3,,,,,0.036,,,,
,19,,,,,7.868,,,,,25.3,,,,,0.031,,,,
,20,,,,,7.893,,,,,25.3,,,,,0.025,,,,
,21,,,,,7.914,,,,,25.3,,,,,0.021,,,,
,22,,,,,7.931,,,,,25.3,,,,,0.017,,,,
,23,,,,,7.944,,,,,25.3,,,,,0.013,,,,
,24,,,,,7.957,,,,,25.4,,,,,0.013,,,,
,25,,,,,7.967,,,,,25.4,,,,,0.010,,,,
,26,,,,,7.975,,,,,25.4,,,,,0.008,,,,
,27,,,,,7.983,,,,,25.4,,,,,0.008,,,,
,28,,,,,7.989,,,,,25.4,,,,,0.006,,,,
,29,,,,,7.993,,,,,25.4,,,,,0.004,,,,
,30,,,,,7.998,,,,,25.4,,,,,0.005,,,,
,31,,,,,8.001,,,,,25.4,,,,,0.003,,,,
,32,,,,,8.004,,,,,25.4,,,,,0.003,,,,
,33,,,,,8.007,,,,,25.4,,,,,0.003,,,,
,34,,,,,8.009,,,,,25.4,,,,,0.002,,,,
,35,,,,,8.011,,,,,25.4,,,,,0.002,,,,
,36,,,,,8.012,,,,,25.4,,,,,0.001,,,,
,37,,,,,8.014,,,,,25.4,,,,,0.002,,,,
,38,,,,,8.015,,,,,25.4,,,,,0.001,,,,
,39,,,,,8.016,,,,,25.4,,,,,0.001,,,,
,40,,,,,8.017,,,,,25.4,,,,,0.001,,,,
,41,,,,,8.018,,,,,25.4,,,,,0.001,,,,
,42,,,,,8.018,,,,,25.4,,,,,0.000,,,,
,43,,,,,8.019,,,,,25.4,,,,,0.001,,,,
,44,,,,,8.020,,,,,25.4,,,,,0.001,,,,
,45,,,,,8.020,,,,,25.4,,,,,0.000,,,,
,46,,,,,8.021,,,,,25.4,,,,,0.001,,,,
,47,,,,,8.022,,,,,25.4,,,,,0.001,,,,
,48,,,,,8.022,,,,,25.4,,,,,0.000,,,,
,49,,,,,8.023,,,,,25.4,,,,,0.001,,,,
,50,,,,,8.023,,,,,25.4,,,,,0.000,,,,
,51,,,,,8.023,,,,,25.4,,,,,0.000,,,,
,52,,,,,8.023,,,,,25.4,,,,,0.000,,,,
,53,,,,,8.024,,,,,25.4,,,,,0.001,,,,
,54,,,,,8.024,,,,,25.4,,,,,0.000,,,,
,55,,,,,8.024,,,,,25.4,,,,,0.000,,,,
,56,,,,,8.025,,,,,25.4,,,,,0.001,,,,
,57,,,,,8.024,,,,,25.4,,,,,-0.001,,,,
,58,,,,,8.025,,,,,25.4,,,,,0.001,,,,
,59,,,,,8.025,,,,,25.4,,,,,0.000,,,,
,60,,,,,8.026,,,,,25.4,,,,,0.001,,,,
Titration (EQP) [1],,,,,,,,"Scope 1/1, Sample 43/66",,,,,,,,,,,,
Measured Values,,,,,"Scope 1/1, Sample 43/66",,,,,,,,,,,,,,,
,Time,,V,,,Meas. value,,,dV,,Temp.,,,dE,,,dE/dV,,,EQP
,[s],,[mL],,,[pH],,,[mL],,[°C],,,[pH],,,[pH/mL],,,
,0,,0.00000,,,8.026,,,,,25.4,,,,,,,,,
,28,,0.08575,,,7.751,,,0.08575,,25.4,,,-0.275,,,,,,
,58,,0.12850,,,7.507,,,0.04275,,25.4,,,-0.244,,,,,,
,88,,0.15000,,,7.368,,,0.02150,,25.4,,,-0.139,,,,,,
,179,,0.16850,,,7.277,,,0.01850,,25.4,,,-0.091,,,,,,
,209,,0.20425,,,7.114,,,0.03575,,25.4,,,-0.163,,,-4.22,,,
,239,,0.23675,,,6.995,,,0.03250,,25.4,,,-0.119,,,-3.52,,,
,269,,0.28325,,,6.857,,,0.04650,,25.4,,,-0.138,,,-2.89,,,
,300,,0.33325,,,6.728,,,0.05000,,25.4,,,-0.129,,,-2.44,,,
,330,,0.38325,,,6.612,,,0.05000,,25.4,,,-0.116,,,-2.11,,,
,360,,0.43325,,,6.508,,,0.05000,,25.4,,,-0.104,,,-1.91,,,
,390,,0.48325,,,6.420,,,0.05000,,25.4,,,-0.088,,,-1.76,,,
,420,,0.53325,,,6.336,,,0.05000,,25.4,,,-0.084,,,-1.62,,,
,451,,0.58325,,,6.258,,,0.05000,,25.3,,,-0.078,,,-1.54,,,
,481,,0.63325,,,6.179,,,0.05000,,25.3,,,-0.079,,,-1.48,,,
,511,,0.68325,,,6.106,,,0.05000,,25.3,,,-0.073,,,-1.43,,,
,542,,0.73325,,,6.039,,,0.05000,,25.3,,,-0.067,,,-1.38,,,
,572,,0.78325,,,5.964,,,0.05000,,25.3,,,-0.075,,,-1.36,,,
,602,,0.83325,,,5.901,,,0.05000,,25.3,,,-0.063,,,-1.36,,,
,632,,0.88325,,,5.832,,,0.05000,,25.3,,,-0.069,,,-1.41,,,
,662,,0.93325,,,5.759,,,0.05000,,25.3,,,-0.073,,,-1.49,,,
,693,,0.98325,,,5.677,,,0.05000,,25.3,,,-0.082,,,-1.61,,,
,723,,1.03325,,,5.595,,,0.05000,,25.3,,,-0.082,,,-1.83,,,
,753,,1.08325,,,5.494,,,0.05000,,25.3,,,-0.101,,,-2.13,,,
,783,,1.13325,,,5.378,,,0.05000,,25.3,,,-0.116,,,-2.62,,,
,814,,1.18325,,,5.236,,,0.05000,,25.3,,,-0.142,,,-3.39,,,
,844,,1.22875,,,5.068,,,0.04550,,25.3,,,-0.168,,,-4.47,,,
,874,,1.25725,,,4.935,,,0.02850,,25.3,,,-0.133,,,-5.29,,,
,904,,1.28050,,,4.801,,,0.02325,,25.3,,,-0.134,,,-6.03,,,
,935,,1.29950,,,4.671,,,0.01900,,25.3,,,-0.130,,,-6.68,,,
,965,,1.31625,,,4.544,,,0.01675,,25.3,,,-0.127,,,-7.32,,,
,,,1.326644 ???,,,4.461 ???,,,,,,,,,,,,,,EQP
,995,,1.33250,,,4.415,,,0.01625,,25.3,,,-0.129,,,-7.44,,,
,1025,,1.34875,,,4.289,,,0.01625,,25.3,,,-0.126,,,-6.79,,,
,1055,,1.36675,,,4.163,,,0.01800,,25.3,,,-0.126,,,-6.06,,,
,1086,,1.38825,,,4.037,,,0.02150,,25.3,,,-0.126,,,-5.30,,,
,1116,,1.41625,,,3.906,,,0.02800,,25.3,,,-0.131,,,-4.38,,,
,1146,,1.45250,,,3.775,,,0.03625,,25.3,,,-0.131,,,-3.41,,,
,1176,,1.50075,,,3.643,,,0.04825,,25.3,,,-0.132,,,-2.50,,,
,1207,,1.55075,,,3.538,,,0.05000,,25.3,,,-0.105,,,-1.91,,,
,1237,,1.60075,,,3.452,,,0.05000,,25.3,,,-0.086,,,-1.54,,,
,1267,,1.65075,,,3.381,,,0.05000,,25.3,,,-0.071,,,-1.30,,,
,1297,,1.70075,,,3.319,,,0.05000,,25.3,,,-0.062,,,-1.13,,,
,1328,,1.75075,,,3.265,,,0.05000,,25.3,,,-0.054,,,-1.01,,,
,1358,,1.80075,,,3.217,,,0.05000,,25.3,,,-0.048,,,-0.91,,,
,1388,,1.85075,,,3.174,,,0.05000,,25.3,,,-0.043,,,-0.82,,,
,1418,,1.90075,,,3.134,,,0.05000,,25.3,,,-0.040,,,-0.75,,,
,1448,,1.95075,,,3.098,,,0.05000,,25.3,,,-0.036,,,,,,
,1479,,2.00075,,,3.065,,,0.05000,,25.3,,,-0.033,,,,,,
,1509,,2.05075,,,3.034,,,0.05000,,25.3,,,-0.031,,,,,,
,1539,,2.10075,,,3.005,,,0.05000,,25.3,,,-0.029,,,,,,
,1570,,2.15075,,,2.978,,,0.05000,,25.3,,,-0.027,,,,,,
Measure (normal) [1],,,,,,,,"Scope 1/1, Sample 44/66",,,,,,,,,,,,
Measured Values,,,,,"Scope 1/1, Sample 44/66",,,,,,,,,,,,,,,
,Time,,,,,Meas. value,,,,,Temp.,,,,,dE,,,,
,[s],,,,,[pH],,,,,[°C],,,,,[pH],,,,
,1,,,,,4.963,,,,,23.6,,,,,,,,,
,2,,,,,5.217,,,,,23.7,,,,,0.254,,,,
,3,,,,,5.463,,,,,24.0,,,,,0.246,,,,
,4,,,,,5.672,,,,,24.2,,,,,0.209,,,,
,5,,,,,5.859,,,,,24.5,,,,,0.187,,,,
,6,,,,,6.026,,,,,24.7,,,,,0.167,,,,
,7,,,,,6.191,,,,,24.8,,,,,0.165,,,,
,8,,,,,6.331,,,,,24.9,,,,,0.140,,,,
,9,,,,,6.476,,,,,25.0,,,,,0.145,,,,
,10,,,,,6.616,,,,,25.1,,,,,0.140,,,,
,11,,,,,6.745,,,,,25.2,,,,,0.129,,,,
,12,,,,,6.866,,,,,25.2,,,,,0.121,,,,
,13,,,,,6.980,,,,,25.2,,,,,0.114,,,,
,14,,,,,7.078,,,,,25.3,,,,,0.098,,,,
,15,,,,,7.163,,,,,25.3,,,,,0.085,,,,
,16,,,,,7.250,,,,,25.3,,,,,0.087,,,,
,17,,,,,7.330,,,,,25.3,,,,,0.080,,,,
,18,,,,,7.402,,,,,25.3,,,,,0.072,,,,
,19,,,,,7.471,,,,,25.3,,,,,0.069,,,,
,20,,,,,7.531,,,,,25.4,,,,,0.060,,,,
,21,,,,,7.586,,,,,25.4,,,,,0.055,,,,
,22,,,,,7.633,,,,,25.4,,,,,0.047,,,,
,23,,,,,7.679,,,,,25.4,,,,,0.046,,,,
,24,,,,,7.722,,,,,25.4,,,,,0.043,,,,
,25,,,,,7.763,,,,,25.4,,,,,0.041,,,,
,26,,,,,7.797,,,,,25.4,,,,,0.034,,,,
,27,,,,,7.829,,,,,25.4,,,,,0.032,,,,
,28,,,,,7.858,,,,,25.4,,,,,0.029,,,,
,29,,,,,7.882,,,,,25.4,,,,,0.024,,,,
,30,,,,,7.906,,,,,25.4,,,,,0.024,,,,
,31,,,,,7.929,,,,,25.4,,,,,0.023,,,,
,32,,,,,7.949,,,,,25.4,,,,,0.020,,,,
,33,,,,,7.966,,,,,25.4,,,,,0.017,,,,
,34,,,,,7.982,,,,,25.4,,,,,0.016,,,,
,35,,,,,7.997,,,,,25.4,,,,,0.015,,,,
,36,,,,,8.010,,,,,25.4,,,,,0.013,,,,
,37,,,,,8.022,,,,,25.4,,,,,0.012,,,,
,38,,,,,8.034,,,,,25.4,,,,,0.012,,,,
,39,,,,,8.043,,,,,25.4,,,,,0.009,,,,
,40,,,,,8.053,,,,,25.4,,,,,0.010,,,,
,41,,,,,8.061,,,,,25.4,,,,,0.008,,,,
,42,,,,,8.069,,,,,25.4,,,,,0.008,,,,
,43,,,,,8.076,,,,,25.4,,,,,0.007,,,,
,44,,,,,8.082,,,,,25.4,,,,,0.006,,,,
,45,,,,,8.088,,,,,25.4,,,,,0.006,,,,
,46,,,,,8.093,,,,,25.4,,,,,0.005,,,,
,47,,,,,8.098,,,,,25.4,,,,,0.005,,,,
,48,,,,,8.102,,,,,25.4,,,,,0.004,,,,
,49,,,,,8.106,,,,,25.4,,,,,0.004,,,,
,50,,,,,8.110,,,,,25.4,,,,,0.004,,,,
,51,,,,,8.113,,,,,25.4,,,,,0.003,,,,
,52,,,,,8.116,,,,,25.4,,,,,0.003,,,,
,53,,,,,8.118,,,,,25.4,,,,,0.002,,,,
,54,,,,,8.121,,,,,25.4,,,,,0.003,,,,
,55,,,,,8.123,,,,,25.4,,,,,0.002,,,,
,56,,,,,8.125,,,,,25.4,,,,,0.002,,,,
,57,,,,,8.127,,,,,25.4,,,,,0.002,,,,
,58,,,,,8.128,,,,,25.4,,,,,0.001,,,,
,59,,,,,8.130,,,,,25.4,,,,,0.002,,,,
,60,,,,,8.131,,,,,25.4,,,,,0.001,,,,
Titration (EQP) [1],,,,,,,,"Scope 1/1, Sample 44/66",,,,,,,,,,,,
Measured Values,,,,,"Scope 1/1, Sample 44/66",,,,,,,,,,,,,,,
,Time,,V,,,Meas. value,,,dV,,Temp.,,,dE,,,dE/dV,,,EQP
,[s],,[mL],,,[pH],,,[mL],,[°C],,,[pH],,,[pH/mL],,,
,0,,0.00000,,,8.134,,,,,25.4,,,,,,,,,
,28,,0.08575,,,7.618,,,0.08575,,25.4,,,-0.516,,,,,,
,58,,0.12850,,,7.321,,,0.04275,,25.4,,,-0.297,,,,,,
,88,,0.15000,,,7.184,,,0.02150,,25.4,,,-0.137,,,,,,
,178,,0.17300,,,7.067,,,0.02300,,25.4,,,-0.117,,,,,,
,209,,0.20700,,,6.976,,,0.03400,,25.4,,,-0.091,,,-3.48,,,
,239,,0.25700,,,6.847,,,0.05000,,25.4,,,-0.129,,,-2.56,,,
,269,,0.30700,,,6.730,,,0.05000,,25.4,,,-0.117,,,-2.22,,,
,300,,0.35700,,,6.608,,,0.05000,,25.4,,,-0.122,,,-2.07,,,
,330,,0.40700,,,6.509,,,0.05000,,25.4,,,-0.099,,,-1.96,,,
,360,,0.45700,,,6.427,,,0.05000,,25.4,,,-0.082,,,-1.80,,,
,390,,0.50700,,,6.327,,,0.05000,,25.4,,,-0.100,,,-1.72,,,
,420,,0.55700,,,6.245,,,0.05000,,25.4,,,-0.082,,,-1.70,,,
,451,,0.60700,,,6.163,,,0.05000,,25.4,,,-0.082,,,-1.75,,,
,481,,0.65700,,,6.077,,,0.05000,,25.4,,,-0.086,,,-1.77,,,
,511,,0.70700,,,5.974,,,0.05000,,25.4,,,-0.103,,,-1.81,,,
,541,,0.75700,,,5.883,,,0.05000,,25.4,,,-0.091,,,-1.95,,,
,572,,0.80700,,,5.782,,,0.05000,,25.4,,,-0.101,,,-2.17,,,
,602,,0.85700,,,5.672,,,0.05000,,25.3,,,-0.110,,,-2.57,,,
,632,,0.90700,,,5.529,,,0.05000,,25.3,,,-0.143,,,-3.33,,,
,662,,0.95225,,,5.363,,,0.04525,,25.3,,,-0.166,,,-4.51,,,
,693,,0.98075,,,5.231,,,0.02850,,25.3,,,-0.132,,,-5.55,,,
,723,,1.00425,,,5.096,,,0.02350,,25.3,,,-0.135,,,-6.61,,,
,753,,1.02350,,,4.960,,,0.01925,,25.3,,,-0.136,,,-7.55,,,
,783,,1.03925,,,4.827,,,0.01575,,25.3,,,-0.133,,,-8.42,,,
,814,,1.05275,,,4.698,,,0.01350,,25.3,,,-0.129,,,-9.36,,,
,,,1.062435 ???,,,4.597 ???,,,,,,,,,,,,,,EQP
,844,,1.06525,,,4.568,,,0.01250,,25.3,,,-0.130,,,-9.64,,,
,874,,1.07750,,,4.445,,,0.01225,,25.3,,,-0.123,,,-8.98,,,
,904,,1.09150,,,4.317,,,0.01400,,25.3,,,-0.128,,,-7.98,,,
,934,,1.10775,,,4.189,,,0.01625,,25.3,,,-0.128,,,-7.06,,,
,965,,1.12800,,,4.060,,,0.02025,,25.3,,,-0.129,,,-6.01,,,
,995,,1.15425,,,3.928,,,0.02625,,25.3,,,-0.132,,,-4.83,,,
,1025,,1.18825,,,3.797,,,0.03400,,25.3,,,-0.131,,,-3.70,,,
,1056,,1.23375,,,3.665,,,0.04550,,25.3,,,-0.132,,,-2.70,,,
,1086,,1.28375,,,3.553,,,0.05000,,25.3,,,-0.112,,,-2.03,,,
,1116,,1.33375,,,3.464,,,0.05000,,25.3,,,-0.089,,,-1.62,,,
,1146,,1.38375,,,3.389,,,0.05000,,25.3,,,-0.075,,,-1.36,,,
,1176,,1.43375,,,3.325,,,0.05000,,25.3,,,-0.064,,,-1.17,,,
,1207,,1.48375,,,3.269,,,0.05000,,25.3,,,-0.056,,,-1.04,,,
,1237,,1.53375,,,3.220,,,0.05000,,25.3,,,-0.049,,,-0.93,,,
,1267,,1.58375,,,3.175,,,0.05000,,25.3,,,-0.045,,,-0.84,,,
,1297,,1.63375,,,3.135,,,0.05000,,25.3,,,-0.040,,,-0.77,,,
,1328,,1.68375,,,3.098,,,0.05000,,25.3,,,-0.037,,,,,,
,1358,,1.73375,,,3.064,,,0.05000,,25.3,,,-0.034,,,,,,
,1388,,1.78375,,,3.032,,,0.05000,,25.3,,,-0.032,,,,,,
,1418,,1.83375,,,3.003,,,0.05000,,25.3,,,-0.029,,,,,,
,1449,,1.88375,,,2.975,,,0.05000,,25.3,,,-0.028,,,,,,
Measure (normal) [1],,,,,,,,"Scope 1/1, Sample 45/66",,,,,,,,,,,,
Measured Values,,,,,"Scope 1/1, Sample 45/66",,,,,,,,,,,,,,,
,Time,,,,,Meas. value,,,,,Temp.,,,,,dE,,,,
,[s],,,,,[pH],,,,,[°C],,,,,[pH],,,,
,1,,,,,4.754,,,,,23.6,,,,,,,,,
,2,,,,,5.055,,,,,23.8,,,,,0.301,,,,
,3,,,,,5.333,,,,,24.0,,,,,0.278,,,,
,4,,,,,5.561,,,,,24.3,,,,,0.228,,,,
,5,,,,,5.761,,,,,24.5,,,,,0.200,,,,
,6,,,,,5.944,,,,,24.7,,,,,0.183,,,,
,7,,,,,6.114,,,,,24.8,,,,,0.170,,,,
,8,,,,,6.258,,,,,24.9,,,,,0.144,,,,
,9,,,,,6.408,,,,,25.0,,,,,0.150,,,,
,10,,,,,6.553,,,,,25.1,,,,,0.145,,,,
,11,,,,,6.686,,,,,25.1,,,,,0.133,,,,
,12,,,,,6.812,,,,,25.2,,,,,0.126,,,,
,13,,,,,6.934,,,,,25.2,,,,,0.122,,,,
,14,,,,,7.042,,,,,25.2,,,,,0.108,,,,
,15,,,,,7.127,,,,,25.3,,,,,0.085,,,,
,16,,,,,7.221,,,,,25.3,,,,,0.094,,,,
,17,,,,,7.304,,,,,25.3,,,,,0.083,,,,
,18,,,,,7.382,,,,,25.3,,,,,0.078,,,,
,19,,,,,7.453,,,,,25.3,,,,,0.071,,,,
,20,,,,,7.516,,,,,25.3,,,,,0.063,,,,
,21,,,,,7.574,,,,,25.3,,,,,0.058,,,,
,22,,,,,7.621,,,,,25.3,,,,,0.047,,,,
,23,,,,,7.666,,,,,25.3,,,,,0.045,,,,
,24,,,,,7.710,,,,,25.3,,,,,0.044,,,,
,25,,,,,7.748,,,,,25.3,,,,,0.038,,,,
,26,,,,,7.784,,,,,25.3,,,,,0.036,,,,
,27,,,,,7.817,,,,,25.3,,,,,0.033,,,,
,28,,,,,7.847,,,,,25.3,,,,,0.030,,,,
,29,,,,,7.871,,,,,25.3,,,,,0.024,,,,
,30,,,,,7.895,,,,,25.3,,,,,0.024,,,,
,31,,,,,7.917,,,,,25.3,,,,,0.022,,,,
,32,,,,,7.938,,,,,25.3,,,,,0.021,,,,
,33,,,,,7.956,,,,,25.3,,,,,0.018,,,,
,34,,,,,7.972,,,,,25.3,,,,,0.016,,,,
,35,,,,,7.988,,,,,25.3,,,,,0.016,,,,
,36,,,,,8.000,,,,,25.3,,,,,0.012,,,,
,37,,,,,8.013,,,,,25.3,,,,,0.013,,,,
,38,,,,,8.024,,,,,25.3,,,,,0.011,,,,
,39,,,,,8.034,,,,,25.3,,,,,0.010,,,,
,40,,,,,8.044,,,,,25.3,,,,,0.010,,,,
,41,,,,,8.052,,,,,25.3,,,,,0.008,,,,
,42,,,,,8.059,,,,,25.3,,,,,0.007,,,,
,43,,,,,8.066,,,,,25.3,,,,,0.007,,,,
,44,,,,,8.072,,,,,25.3,,,,,0.006,,,,
,45,,,,,8.077,,,,,25.3,,,,,0.005,,,,
,46,,,,,8.082,,,,,25.3,,,,,0.005,,,,
,47,,,,,8.087,,,,,25.3,,,,,0.005,,,,
,48,,,,,8.092,,,,,25.4,,,,,0.005,,,,
,49,,,,,8.096,,,,,25.3,,,,,0.004,,,,
,50,,,,,8.099,,,,,25.4,,,,,0.003,,,,
,51,,,,,8.103,,,,,25.3,,,,,0.004,,,,
,52,,,,,8.106,,,,,25.3,,,,,0.003,,,,
,53,,,,,8.108,,,,,25.3,,,,,0.002,,,,
,54,,,,,8.111,,,,,25.3,,,,,0.003,,,,
,55,,,,,8.113,,,,,25.4,,,,,0.002,,,,
,56,,,,,8.115,,,,,25.3,,,,,0.002,,,,
,57,,,,,8.117,,,,,25.3,,,,,0.002,,,,
,58,,,,,8.119,,,,,25.4,,,,,0.002,,,,
,59,,,,,8.120,,,,,25.3,,,,,0.001,,,,
,60,,,,,8.122,,,,,25.3,,,,,0.002,,,,
Titration (EQP) [1],,,,,,,,"Scope 1/1, Sample 45/66",,,,,,,,,,,,
Measured Values,,,,,"Scope 1/1, Sample 45/66",,,,,,,,,,,,,,,
,Time,,V,,,Meas. value,,,dV,,Temp.,,,dE,,,dE/dV,,,EQP
,[s],,[mL],,,[pH],,,[mL],,[°C],,,[pH],,,[pH/mL],,,
,0,,0.00000,,,8.125,,,,,25.3,,,,,,,,,
,28,,0.08575,,,7.612,,,0.08575,,25.4,,,-0.513,,,,,,
,58,,0.12850,,,7.314,,,0.04275,,25.4,,,-0.298,,,,,,
,88,,0.15000,,,7.174,,,0.02150,,25.4,,,-0.140,,,,,,
,179,,0.17200,,,7.070,,,0.02200,,25.4,,,-0.104,,,,,,
,209,,0.21250,,,6.967,,,0.04050,,25.4,,,-0.103,,,-3.30,,,
,239,,0.26250,,,6.825,,,0.05000,,25.4,,,-0.142,,,-2.40,,,
,269,,0.30825,,,6.723,,,0.04575,,25.4,,,-0.102,,,-2.20,,,
,300,,0.35825,,,6.620,,,0.05000,,25.4,,,-0.103,,,-2.11,,,
,330,,0.40825,,,6.520,,,0.05000,,25.4,,,-0.100,,,-2.02,,,
,360,,0.45825,,,6.414,,,0.05000,,25.4,,,-0.106,,,-1.89,,,
,390,,0.50825,,,6.312,,,0.05000,,25.4,,,-0.102,,,-1.81,,,
,421,,0.55825,,,6.233,,,0.05000,,25.4,,,-0.079,,,-1.71,,,
,451,,0.60825,,,6.152,,,0.05000,,25.4,,,-0.081,,,-1.64,,,
,481,,0.65825,,,6.073,,,0.05000,,25.4,,,-0.079,,,-1.62,,,
,511,,0.70825,,,5.982,,,0.05000,,25.4,,,-0.091,,,-1.68,,,
,542,,0.75825,,,5.898,,,0.05000,,25.4,,,-0.084,,,-1.84,,,
,572,,0.80825,,,5.798,,,0.05000,,25.4,,,-0.100,,,-2.07,,,
,602,,0.85825,,,5.690,,,0.05000,,25.4,,,-0.108,,,-2.45,,,
,632,,0.90825,,,5.556,,,0.05000,,25.4,,,-0.134,,,-3.10,,,
,662,,0.95825,,,5.383,,,0.05000,,25.4,,,-0.173,,,-4.23,,,
,693,,0.98925,,,5.251,,,0.03100,,25.4,,,-0.132,,,-5.24,,,
,723,,1.01475,,,5.114,,,0.02550,,25.4,,,-0.137,,,-6.33,,,
,753,,1.03500,,,4.978,,,0.02025,,25.4,,,-0.136,,,-7.31,,,
,783,,1.05125,,,4.845,,,0.01625,,25.4,,,-0.133,,,-8.14,,,
,814,,1.06475,,,4.719,,,0.01350,,25.4,,,-0.126,,,-9.13,,,
,,,1.076466 ???,,,4.600 ???,,,,,,,,,,,,,,EQP
,844,,1.07750,,,4.590,,,0.01275,,25.4,,,-0.129,,,-9.60,,,
,874,,1.08975,,,4.466,,,0.01225,,25.4,,,-0.124,,,-9.12,,,
,904,,1.10325,,,4.339,,,0.01350,,25.4,,,-0.127,,,-8.15,,,
,935,,1.11875,,,4.214,,,0.01550,,25.4,,,-0.125,,,-7.25,,,
,965,,1.13850,,,4.082,,,0.01975,,25.4,,,-0.132,,,-6.21,,,
,995,,1.16275,,,3.953,,,0.02425,,25.4,,,-0.129,,,-5.09,,,
,1025,,1.19525,,,3.820,,,0.03250,,25.4,,,-0.133,,,-3.93,,,
,1056,,1.23800,,,3.688,,,0.04275,,25.4,,,-0.132,,,-2.89,,,
,1086,,1.28800,,,3.570,,,0.05000,,25.4,,,-0.118,,,-2.14,,,
,1116,,1.33800,,,3.477,,,0.05000,,25.4,,,-0.093,,,-1.68,,,
,1146,,1.38800,,,3.400,,,0.05000,,25.4,,,-0.077,,,-1.39,,,
,1176,,1.43800,,,3.334,,,0.05000,,25.4,,,-0.066,,,-1.20,,,
,1207,,1.48800,,,3.277,,,0.05000,,25.4,,,-0.057,,,-1.06,,,
,1237,,1.53800,,,3.227,,,0.05000,,25.4,,,-0.050,,,-0.95,,,
,1267,,1.58800,,,3.181,,,0.05000,,25.4,,,-0.046,,,-0.86,,,
,1298,,1.63800,,,3.140,,,0.05000,,25.4,,,-0.041,,,-0.78,,,
,1328,,1.68800,,,3.103,,,0.05000,,25.4,,,-0.037,,,,,,
,1358,,1.73800,,,3.068,,,0.05000,,25.4,,,-0.035,,,,,,
,1388,,1.78800,,,3.037,,,0.05000,,25.4,,,-0.031,,,,,,
,1418,,1.83800,,,3.007,,,0.05000,,25.4,,,-0.030,,,,,,
,1449,,1.88800,,,2.979,,,0.05000,,25.4,,,-0.028,,,,,,
Measure (normal) [1],,,,,,,,"Scope 1/1, Sample 46/66",,,,,,,,,,,,
Measured Values,,,,,"Scope 1/1, Sample 46/66",,,,,,,,,,,,,,,
,Time,,,,,Meas. value,,,,,Temp.,,,,,dE,,,,
,[s],,,,,[pH],,,,,[°C],,,,,[pH],,,,
,1,,,,,4.787,,,,,20.0,,,,,,,,,
,2,,,,,5.040,,,,,20.6,,,,,0.253,,,,
,3,,,,,5.309,,,,,21.3,,,,,0.269,,,,
,4,,,,,5.531,,,,,22.0,,,,,0.222,,,,
,5,,,,,5.725,,,,,22.7,,,,,0.194,,,,
,6,,,,,5.906,,,,,23.2,,,,,0.181,,,,
,7,,,,,6.079,,,,,23.7,,,,,0.173,,,,
,8,,,,,6.222,,,,,24.0,,,,,0.143,,,,
,9,,,,,6.373,,,,,24.3,,,,,0.151,,,,
,10,,,,,6.514,,,,,24.5,,,,,0.141,,,,
,11,,,,,6.646,,,,,24.6,,,,,0.132,,,,
,12,,,,,6.768,,,,,24.8,,,,,0.122,,,,
,13,,,,,6.883,,,,,24.8,,,,,0.115,,,,
,14,,,,,6.989,,,,,24.9,,,,,0.106,,,,
,15,,,,,7.073,,,,,25.0,,,,,0.084,,,,
,16,,,,,7.165,,,,,25.0,,,,,0.092,,,,
,17,,,,,7.252,,,,,25.1,,,,,0.087,,,,
,18,,,,,7.327,,,,,25.1,,,,,0.075,,,,
,19,,,,,7.397,,,,,25.1,,,,,0.070,,,,
,20,,,,,7.460,,,,,25.1,,,,,0.063,,,,
,21,,,,,7.517,,,,,25.2,,,,,0.057,,,,
,22,,,,,7.564,,,,,25.2,,,,,0.047,,,,
,23,,,,,7.612,,,,,25.2,,,,,0.048,,,,
,24,,,,,7.656,,,,,25.2,,,,,0.044,,,,
,25,,,,,7.697,,,,,25.2,,,,,0.041,,,,
,26,,,,,7.734,,,,,25.2,,,,,0.037,,,,
,27,,,,,7.767,,,,,25.2,,,,,0.033,,,,
,28,,,,,7.797,,,,,25.2,,,,,0.030,,,,
,29,,,,,7.822,,,,,25.2,,,,,0.025,,,,
,30,,,,,7.847,,,,,25.2,,,,,0.025,,,,
,31,,,,,7.869,,,,,25.2,,,,,0.022,,,,
,32,,,,,7.890,,,,,25.2,,,,,0.021,,,,
,33,,,,,7.909,,,,,25.2,,,,,0.019,,,,
,34,,,,,7.926,,,,,25.2,,,,,0.017,,,,
,35,,,,,7.941,,,,,25.2,,,,,0.015,,,,
,36,,,,,7.953,,,,,25.2,,,,,0.012,,,,
,37,,,,,7.966,,,,,25.2,,,,,0.013,,,,
,38,,,,,7.977,,,,,25.2,,,,,0.011,,,,
,39,,,,,7.988,,,,,25.2,,,,,0.011,,,,
,40,,,,,7.998,,,,,25.2,,,,,0.010,,,,
,41,,,,,8.007,,,,,25.2,,,,,0.009,,,,
,42,,,,,8.015,,,,,25.2,,,,,0.008,,,,
,43,,,,,8.022,,,,,25.2,,,,,0.007,,,,
,44,,,,,8.028,,,,,25.2,,,,,0.006,,,,
,45,,,,,8.034,,,,,25.2,,,,,0.006,,,,
,46,,,,,8.040,,,,,25.2,,,,,0.006,,,,
,47,,,,,8.045,,,,,25.2,,,,,0.005,,,,
,48,,,,,8.050,,,,,25.2,,,,,0.005,,,,
,49,,,,,8.054,,,,,25.2,,,,,0.004,,,,
,50,,,,,8.057,,,,,25.2,,,,,0.003,,,,
,51,,,,,8.060,,,,,25.2,,,,,0.003,,,,
,52,,,,,8.064,,,,,25.2,,,,,0.004,,,,
,53,,,,,8.066,,,,,25.2,,,,,0.002,,,,
,54,,,,,8.069,,,,,25.2,,,,,0.003,,,,
,55,,,,,8.071,,,,,25.2,,,,,0.002,,,,
,56,,,,,8.074,,,,,25.2,,,,,0.003,,,,
,57,,,,,8.075,,,,,25.2,,,,,0.001,,,,
,58,,,,,8.077,,,,,25.2,,,,,0.002,,,,
,59,,,,,8.079,,,,,25.2,,,,,0.002,,,,
,60,,,,,8.081,,,,,25.2,,,,,0.002,,,,
Titration (EQP) [1],,,,,,,,"Scope 1/1, Sample 46/66",,,,,,,,,,,,
Measured Values,,,,,"Scope 1/1, Sample 46/66",,,,,,,,,,,,,,,
,Time,,V,,,Meas. value,,,dV,,Temp.,,,dE,,,dE/dV,,,EQP
,[s],,[mL],,,[pH],,,[mL],,[°C],,,[pH],,,[pH/mL],,,
,0,,0.00000,,,8.084,,,,,25.2,,,,,,,,,
,28,,0.08575,,,7.579,,,0.08575,,25.2,,,-0.505,,,,,,
,58,,0.12850,,,7.297,,,0.04275,,25.2,,,-0.282,,,,,,
,88,,0.15000,,,7.164,,,0.02150,,25.2,,,-0.133,,,,,,
,179,,0.17350,,,7.053,,,0.02350,,25.2,,,-0.111,,,,,,
,209,,0.21075,,,6.962,,,0.03725,,25.2,,,-0.091,,,-3.24,,,
,239,,0.26075,,,6.839,,,0.05000,,25.2,,,-0.123,,,-2.43,,,
,269,,0.31075,,,6.720,,,0.05000,,25.2,,,-0.119,,,-2.16,,,
,300,,0.36075,,,6.612,,,0.05000,,25.2,,,-0.108,,,-2.03,,,
,330,,0.41075,,,6.507,,,0.05000,,25.2,,,-0.105,,,-1.93,,,
,360,,0.46075,,,6.424,,,0.05000,,25.2,,,-0.083,,,-1.80,,,
,390,,0.51075,,,6.331,,,0.05000,,25.2,,,-0.093,,,-1.69,,,
,420,,0.56075,,,6.250,,,0.05000,,25.2,,,-0.081,,,-1.64,,,
,451,,0.61075,,,6.169,,,0.05000,,25.2,,,-0.081,,,-1.61,,,
,481,,0.66075,,,6.085,,,0.05000,,25.2,,,-0.084,,,-1.63,,,
,511,,0.71075,,,6.006,,,0.05000,,25.2,,,-0.079,,,-1.67,,,
,542,,0.76075,,,5.915,,,0.05000,,25.2,,,-0.091,,,-1.78,,,
,572,,0.81075,,,5.824,,,0.05000,,25.2,,,-0.091,,,-1.97,,,
,602,,0.86075,,,5.717,,,0.05000,,25.2,,,-0.107,,,-2.28,,,
,632,,0.91075,,,5.593,,,0.05000,,25.2,,,-0.124,,,-2.79,,,
,662,,0.96075,,,5.443,,,0.05000,,25.2,,,-0.150,,,-3.65,,,
,693,,1.00200,,,5.281,,,0.04125,,25.2,,,-0.162,,,-4.78,,,
,723,,1.02825,,,5.156,,,0.02625,,25.2,,,-0.125,,,-5.74,,,
,753,,1.05225,,,5.009,,,0.02400,,25.2,,,-0.147,,,-6.80,,,
,783,,1.06925,,,4.882,,,0.01700,,25.3,,,-0.127,,,-7.59,,,
,814,,1.08425,,,4.751,,,0.01500,,25.3,,,-0.131,,,-8.44,,,
,844,,1.09775,,,4.622,,,0.01350,,25.3,,,-0.129,,,-9.19,,,
,,,1.099241 ???,,,4.608 ???,,,,,,,,,,,,,,EQP
,874,,1.11050,,,4.499,,,0.01275,,25.3,,,-0.123,,,-8.99,,,
,904,,1.12450,,,4.369,,,0.01400,,25.3,,,-0.130,,,-8.08,,,
,935,,1.13975,,,4.244,,,0.01525,,25.3,,,-0.125,,,-7.20,,,
,965,,1.15850,,,4.116,,,0.01875,,25.3,,,-0.128,,,-6.28,,,
,995,,1.18250,,,3.984,,,0.02400,,25.3,,,-0.132,,,-5.19,,,
,1025,,1.21325,,,3.855,,,0.03075,,25.3,,,-0.129,,,-4.08,,,
,1056,,1.25550,,,3.718,,,0.04225,,25.3,,,-0.137,,,-3.00,,,
,1086,,1.30550,,,3.597,,,0.05000,,25.3,,,-0.121,,,-2.20,,,
,1116,,1.35550,,,3.502,,,0.05000,,25.3,,,-0.095,,,-1.73,,,
,1146,,1.40550,,,3.423,,,0.05000,,25.3,,,-0.079,,,-1.43,,,
,1176,,1.45550,,,3.356,,,0.05000,,25.3,,,-0.067,,,-1.22,,,
,1207,,1.50550,,,3.298,,,0.05000,,25.3,,,-0.058,,,-1.08,,,
,1237,,1.55550,,,3.245,,,0.05000,,25.3,,,-0.053,,,-0.96,,,
,1267,,1.60550,,,3.201,,,0.05000,,25.3,,,-0.044,,,-0.86,,,
,1297,,1.65550,,,3.159,,,0.05000,,25.3,,,-0.042,,,-0.78,,,
,1328,,1.70550,,,3.122,,,0.05000,,25.3,,,-0.037,,,,,,
,1358,,1.75550,,,3.087,,,0.05000,,25.3,,,-0.035,,,,,,
,1388,,1.80550,,,3.054,,,0.05000,,25.3,,,-0.033,,,,,,
,1418,,1.85550,,,3.025,,,0.05000,,25.3,,,-0.029,,,,,,
,1449,,1.90550,,,2.996,,,0.05000,,25.3,,,-0.029,,,,,,
Measure (normal) [1],,,,,,,,"Scope 1/1, Sample 47/66",,,,,,,,,,,,
Measured Values,,,,,"Scope 1/1, Sample 47/66",,,,,,,,,,,,,,,
,Time,,,,,Meas. value,,,,,Temp.,,,,,dE,,,,
,[s],,,,,[pH],,,,,[°C],,,,,[pH],,,,
,1,,,,,4.745,,,,,23.8,,,,,,,,,
,2,,,,,5.035,,,,,24.0,,,,,0.290,,,,
,3,,,,,5.289,,,,,24.2,,,,,0.254,,,,
,4,,,,,5.493,,,,,24.4,,,,,0.204,,,,
,5,,,,,5.663,,,,,24.6,,,,,0.170,,,,
,6,,,,,5.815,,,,,24.8,,,,,0.152,,,,
,7,,,,,5.956,,,,,24.9,,,,,0.141,,,,
,8,,,,,6.079,,,,,25.0,,,,,0.123,,,,
,9,,,,,6.207,,,,,25.1,,,,,0.128,,,,
,10,,,,,6.327,,,,,25.1,,,,,0.120,,,,
,11,,,,,6.439,,,,,25.2,,,,,0.112,,,,
,12,,,,,6.548,,,,,25.2,,,,,0.109,,,,
,13,,,,,6.649,,,,,25.2,,,,,0.101,,,,
,14,,,,,6.743,,,,,25.3,,,,,0.094,,,,
,15,,,,,6.822,,,,,25.3,,,,,0.079,,,,
,16,,,,,6.910,,,,,25.3,,,,,0.088,,,,
,17,,,,,6.989,,,,,25.3,,,,,0.079,,,,
,18,,,,,7.061,,,,,25.3,,,,,0.072,,,,
,19,,,,,7.124,,,,,25.3,,,,,0.063,,,,
,20,,,,,7.190,,,,,25.3,,,,,0.066,,,,
,21,,,,,7.248,,,,,25.3,,,,,0.058,,,,
,22,,,,,7.297,,,,,25.3,,,,,0.049,,,,
,23,,,,,7.348,,,,,25.3,,,,,0.051,,,,
,24,,,,,7.396,,,,,25.3,,,,,0.048,,,,
,25,,,,,7.440,,,,,25.3,,,,,0.044,,,,
,26,,,,,7.479,,,,,25.3,,,,,0.039,,,,
,27,,,,,7.518,,,,,25.3,,,,,0.039,,,,
,28,,,,,7.553,,,,,25.3,,,,,0.035,,,,
,29,,,,,7.582,,,,,25.3,,,,,0.029,,,,
,30,,,,,7.613,,,,,25.3,,,,,0.031,,,,
,31,,,,,7.640,,,,,25.3,,,,,0.027,,,,
,32,,,,,7.666,,,,,25.3,,,,,0.026,,,,
,33,,,,,7.690,,,,,25.3,,,,,0.024,,,,
,34,,,,,7.713,,,,,25.3,,,,,0.023,,,,
,35,,,,,7.733,,,,,25.3,,,,,0.020,,,,
,36,,,,,7.749,,,,,25.3,,,,,0.016,,,,
,37,,,,,7.768,,,,,25.3,,,,,0.019,,,,
,38,,,,,7.784,,,,,25.3,,,,,0.016,,,,
,39,,,,,7.799,,,,,25.3,,,,,0.015,,,,
,40,,,,,7.813,,,,,25.3,,,,,0.014,,,,
,41,,,,,7.826,,,,,25.3,,,,,0.013,,,,
,42,,,,,7.837,,,,,25.3,,,,,0.011,,,,
,43,,,,,7.847,,,,,25.3,,,,,0.010,,,,
,44,,,,,7.858,,,,,25.3,,,,,0.011,,,,
,45,,,,,7.867,,,,,25.3,,,,,0.009,,,,
,46,,,,,7.876,,,,,25.3,,,,,0.009,,,,
,47,,,,,7.884,,,,,25.3,,,,,0.008,,,,
,48,,,,,7.891,,,,,25.3,,,,,0.007,,,,
,49,,,,,7.897,,,,,25.3,,,,,0.006,,,,
,50,,,,,7.903,,,,,25.3,,,,,0.006,,,,
,51,,,,,7.909,,,,,25.3,,,,,0.006,,,,
,52,,,,,7.915,,,,,25.3,,,,,0.006,,,,
,53,,,,,7.920,,,,,25.3,,,,,0.005,,,,
,54,,,,,7.925,,,,,25.3,,,,,0.005,,,,
,55,,,,,7.929,,,,,25.3,,,,,0.004,,,,
,56,,,,,7.933,,,,,25.3,,,,,0.004,,,,
,57,,,,,7.936,,,,,25.3,,,,,0.003,,,,
,58,,,,,7.939,,,,,25.3,,,,,0.003,,,,
,59,,,,,7.942,,,,,25.3,,,,,0.003,,,,
,60,,,,,7.946,,,,,25.3,,,,,0.004,,,,
Titration (EQP) [1],,,,,,,,"Scope 1/1, Sample 47/66",,,,,,,,,,,,
Measured Values,,,,,"Scope 1/1, Sample 47/66",,,,,,,,,,,,,,,
,Time,,V,,,Meas. value,,,dV,,Temp.,,,dE,,,dE/dV,,,EQP
,[s],,[mL],,,[pH],,,[mL],,[°C],,,[pH],,,[pH/mL],,,
,0,,0.00000,,,7.950,,,,,25.3,,,,,,,,,
,28,,0.08575,,,7.482,,,0.08575,,25.3,,,-0.468,,,,,,
,58,,0.12850,,,7.218,,,0.04275,,25.3,,,-0.264,,,,,,
,88,,0.15000,,,7.089,,,0.02150,,25.3,,,-0.129,,,,,,
,179,,0.17325,,,6.994,,,0.02325,,25.3,,,-0.095,,,,,,
,209,,0.22125,,,6.887,,,0.04800,,25.3,,,-0.107,,,-2.72,,,
,239,,0.27125,,,6.799,,,0.05000,,25.3,,,-0.088,,,-2.02,,,
,269,,0.32125,,,6.693,,,0.05000,,25.3,,,-0.106,,,-1.90,,,
,300,,0.37125,,,6.571,,,0.05000,,25.3,,,-0.122,,,-1.97,,,
,330,,0.42125,,,6.492,,,0.05000,,25.3,,,-0.079,,,-1.95,,,
,360,,0.47125,,,6.401,,,0.05000,,25.3,,,-0.091,,,-1.87,,,
,390,,0.52125,,,6.303,,,0.05000,,25.3,,,-0.098,,,-1.74,,,
,420,,0.57125,,,6.198,,,0.05000,,25.3,,,-0.105,,,-1.67,,,
,451,,0.62125,,,6.141,,,0.05000,,25.3,,,-0.057,,,-1.65,,,
,481,,0.67125,,,6.054,,,0.05000,,25.3,,,-0.087,,,-1.62,,,
,511,,0.72125,,,5.968,,,0.05000,,25.3,,,-0.086,,,-1.67,,,
,542,,0.77125,,,5.880,,,0.05000,,25.3,,,-0.088,,,-1.85,,,
,572,,0.82125,,,5.779,,,0.05000,,25.3,,,-0.101,,,-2.15,,,
,602,,0.87125,,,5.664,,,0.05000,,25.3,,,-0.115,,,-2.51,,,
,632,,0.92125,,,5.529,,,0.05000,,25.3,,,-0.135,,,-3.21,,,
,662,,0.97125,,,5.354,,,0.05000,,25.3,,,-0.175,,,-4.40,,,
,693,,1.00150,,,5.217,,,0.03025,,25.3,,,-0.137,,,-5.45,,,
,723,,1.02450,,,5.088,,,0.02300,,25.3,,,-0.129,,,-6.46,,,
,753,,1.04425,,,4.952,,,0.01975,,25.3,,,-0.136,,,-7.41,,,
,783,,1.06025,,,4.819,,,0.01600,,25.3,,,-0.133,,,-8.25,,,
,814,,1.07375,,,4.691,,,0.01350,,25.3,,,-0.128,,,-9.20,,,
,,,1.083963 ???,,,4.586 ???,,,,,,,,,,,,,,EQP
,844,,1.08625,,,4.563,,,0.01250,,25.3,,,-0.128,,,-9.50,,,
,874,,1.09875,,,4.440,,,0.01250,,25.3,,,-0.123,,,-8.89,,,
,904,,1.11300,,,4.311,,,0.01425,,25.3,,,-0.129,,,-7.89,,,
,935,,1.12925,,,4.185,,,0.01625,,25.3,,,-0.126,,,-7.00,,,
,965,,1.14950,,,4.057,,,0.02025,,25.3,,,-0.128,,,-5.97,,,
,995,,1.17575,,,3.923,,,0.02625,,25.3,,,-0.134,,,-4.81,,,
,1025,,1.20925,,,3.795,,,0.03350,,25.3,,,-0.128,,,-3.71,,,
,1056,,1.25650,,,3.658,,,0.04725,,25.3,,,-0.137,,,-2.67,,,
,1086,,1.30650,,,3.548,,,0.05000,,25.3,,,-0.110,,,-2.00,,,
,1116,,1.35650,,,3.459,,,0.05000,,25.3,,,-0.089,,,-1.60,,,
,1146,,1.40650,,,3.385,,,0.05000,,25.3,,,-0.074,,,-1.34,,,
,1176,,1.45650,,,3.322,,,0.05000,,25.3,,,-0.063,,,-1.16,,,
,1207,,1.50650,,,3.266,,,0.05000,,25.3,,,-0.056,,,-1.03,,,
,1237,,1.55650,,,3.217,,,0.05000,,25.3,,,-0.049,,,-0.92,,,
,1267,,1.60650,,,3.173,,,0.05000,,25.3,,,-0.044,,,-0.84,,,
,1298,,1.65650,,,3.133,,,0.05000,,25.3,,,-0.040,,,-0.76,,,
,1328,,1.70650,,,3.096,,,0.05000,,25.3,,,-0.037,,,,,,
,1358,,1.75650,,,3.062,,,0.05000,,25.3,,,-0.034,,,,,,
,1388,,1.80650,,,3.031,,,0.05000,,25.3,,,-0.031,,,,,,
,1418,,1.85650,,,3.002,,,0.05000,,25.3,,,-0.029,,,,,,
,1449,,1.90650,,,2.974,,,0.05000,,25.3,,,-0.028,,,,,,
Measure (normal) [1],,,,,,,,"Scope 1/1, Sample 48/66",,,,,,,,,,,,
Measured Values,,,,,"Scope 1/1, Sample 48/66",,,,,,,,,,,,,,,
,Time,,,,,Meas. value,,,,,Temp.,,,,,dE,,,,
,[s],,,,,[pH],,,,,[°C],,,,,[pH],,,,
,1,,,,,4.776,,,,,23.0,,,,,,,,,
,2,,,,,5.043,,,,,23.2,,,,,0.267,,,,
,3,,,,,5.301,,,,,23.5,,,,,0.258,,,,
,4,,,,,5.503,,,,,23.9,,,,,0.202,,,,
,5,,,,,5.673,,,,,24.1,,,,,0.170,,,,
,6,,,,,5.821,,,,,24.4,,,,,0.148,,,,
,7,,,,,5.959,,,,,24.6,,,,,0.138,,,,
,8,,,,,6.075,,,,,24.7,,,,,0.116,,,,
,9,,,,,6.198,,,,,24.8,,,,,0.123,,,,
,10,,,,,6.313,,,,,24.9,,,,,0.115,,,,
,11,,,,,6.420,,,,,25.0,,,,,0.107,,,,
,12,,,,,6.526,,,,,25.1,,,,,0.106,,,,
,13,,,,,6.627,,,,,25.1,,,,,0.101,,,,
,14,,,,,6.720,,,,,25.1,,,,,0.093,,,,
,15,,,,,6.799,,,,,25.2,,,,,0.079,,,,
,16,,,,,6.881,,,,,25.2,,,,,0.082,,,,
,17,,,,,6.958,,,,,25.2,,,,,0.077,,,,
,18,,,,,7.027,,,,,25.2,,,,,0.069,,,,
,19,,,,,7.090,,,,,25.2,,,,,0.063,,,,
,20,,,,,7.156,,,,,25.2,,,,,0.066,,,,
,21,,,,,7.217,,,,,25.2,,,,,0.061,,,,
,22,,,,,7.267,,,,,25.2,,,,,0.050,,,,
,23,,,,,7.318,,,,,25.3,,,,,0.051,,,,
,24,,,,,7.366,,,,,25.3,,,,,0.048,,,,
,25,,,,,7.411,,,,,25.3,,,,,0.045,,,,
,26,,,,,7.453,,,,,25.3,,,,,0.042,,,,
,27,,,,,7.491,,,,,25.3,,,,,0.038,,,,
,28,,,,,7.525,,,,,25.3,,,,,0.034,,,,
,29,,,,,7.554,,,,,25.3,,,,,0.029,,,,
,30,,,,,7.585,,,,,25.3,,,,,0.031,,,,
,31,,,,,7.613,,,,,25.3,,,,,0.028,,,,
,32,,,,,7.639,,,,,25.3,,,,,0.026,,,,
,33,,,,,7.663,,,,,25.3,,,,,0.024,,,,
,34,,,,,7.686,,,,,25.3,,,,,0.023,,,,
,35,,,,,7.704,,,,,25.3,,,,,0.018,,,,
,36,,,,,7.724,,,,,25.3,,,,,0.020,,,,
,37,,,,,7.742,,,,,25.3,,,,,0.018,,,,
,38,,,,,7.758,,,,,25.3,,,,,0.016,,,,
,39,,,,,7.774,,,,,25.3,,,,,0.016,,,,
,40,,,,,7.788,,,,,25.3,,,,,0.014,,,,
,41,,,,,7.802,,,,,25.3,,,,,0.014,,,,
,42,,,,,7.813,,,,,25.3,,,,,0.011,,,,
,43,,,,,7.824,,,,,25.3,,,,,0.011,,,,
,44,,,,,7.834,,,,,25.3,,,,,0.010,,,,
,45,,,,,7.845,,,,,25.3,,,,,0.011,,,,
,46,,,,,7.854,,,,,25.3,,,,,0.009,,,,
,47,,,,,7.863,,,,,25.3,,,,,0.009,,,,
,48,,,,,7.870,,,,,25.3,,,,,0.007,,,,
,49,,,,,7.877,,,,,25.3,,,,,0.007,,,,
,50,,,,,7.884,,,,,25.3,,,,,0.007,,,,
,51,,,,,7.890,,,,,25.3,,,,,0.006,,,,
,52,,,,,7.896,,,,,25.3,,,,,0.006,,,,
,53,,,,,7.902,,,,,25.3,,,,,0.006,,,,
,54,,,,,7.907,,,,,25.3,,,,,0.005,,,,
,55,,,,,7.911,,,,,25.3,,,,,0.004,,,,
,56,,,,,7.915,,,,,25.3,,,,,0.004,,,,
,57,,,,,7.919,,,,,25.3,,,,,0.004,,,,
,58,,,,,7.923,,,,,25.3,,,,,0.004,,,,
,59,,,,,7.926,,,,,25.3,,,,,0.003,,,,
,60,,,,,7.929,,,,,25.3,,,,,0.003,,,,
Titration (EQP) [1],,,,,,,,"Scope 1/1, Sample 48/66",,,,,,,,,,,,
Measured Values,,,,,"Scope 1/1, Sample 48/66",,,,,,,,,,,,,,,
,Time,,V,,,Meas. value,,,dV,,Temp.,,,dE,,,dE/dV,,,EQP
,[s],,[mL],,,[pH],,,[mL],,[°C],,,[pH],,,[pH/mL],,,
,0,,0.00000,,,7.936,,,,,25.3,,,,,,,,,
,28,,0.08575,,,7.481,,,0.08575,,25.3,,,-0.455,,,,,,
,58,,0.12850,,,7.224,,,0.04275,,25.3,,,-0.257,,,,,,
,88,,0.15000,,,7.089,,,0.02150,,25.3,,,-0.135,,,,,,
,179,,0.17100,,,7.001,,,0.02100,,25.3,,,-0.088,,,,,,
,209,,0.21800,,,6.896,,,0.04700,,25.3,,,-0.105,,,-3.02,,,
,239,,0.26800,,,6.767,,,0.05000,,25.3,,,-0.129,,,-2.33,,,
,269,,0.31800,,,6.655,,,0.05000,,25.3,,,-0.112,,,-2.04,,,
,300,,0.36800,,,6.532,,,0.05000,,25.3,,,-0.123,,,-1.95,,,
,330,,0.41800,,,6.458,,,0.05000,,25.3,,,-0.074,,,-1.84,,,
,360,,0.46800,,,6.367,,,0.05000,,25.3,,,-0.091,,,-1.72,,,
,390,,0.51800,,,6.295,,,0.05000,,25.3,,,-0.072,,,-1.67,,,
,421,,0.56800,,,6.186,,,0.05000,,25.3,,,-0.109,,,-1.65,,,
,451,,0.61800,,,6.114,,,0.05000,,25.3,,,-0.072,,,-1.67,,,
,481,,0.66800,,,6.028,,,0.05000,,25.3,,,-0.086,,,-1.65,,,
,511,,0.71800,,,5.947,,,0.05000,,25.3,,,-0.081,,,-1.69,,,
,542,,0.76800,,,5.861,,,0.05000,,25.3,,,-0.086,,,-1.79,,,
,572,,0.81800,,,5.763,,,0.05000,,25.3,,,-0.098,,,-2.09,,,
,602,,0.86800,,,5.644,,,0.05000,,25.3,,,-0.119,,,-2.50,,,
,632,,0.91800,,,5.515,,,0.05000,,25.3,,,-0.129,,,-3.22,,,
,663,,0.96800,,,5.337,,,0.05000,,25.3,,,-0.178,,,-4.42,,,
,693,,0.99725,,,5.203,,,0.02925,,25.3,,,-0.134,,,-5.43,,,
,723,,1.02050,,,5.075,,,0.02325,,25.3,,,-0.128,,,-6.42,,,
,753,,1.04100,,,4.932,,,0.02050,,25.3,,,-0.143,,,-7.40,,,
,784,,1.05625,,,4.805,,,0.01525,,25.3,,,-0.127,,,-8.16,,,
,814,,1.07000,,,4.674,,,0.01375,,25.3,,,-0.131,,,-9.09,,,
,,,1.079405 ???,,,4.581 ???,,,,,,,,,,,,,,EQP
,844,,1.08225,,,4.553,,,0.01225,,25.3,,,-0.121,,,-9.29,,,
,874,,1.09575,,,4.424,,,0.01350,,25.3,,,-0.129,,,-8.58,,,
,904,,1.11025,,,4.297,,,0.01450,,25.3,,,-0.127,,,-7.63,,,
,935,,1.12725,,,4.170,,,0.01700,,25.4,,,-0.127,,,-6.74,,,
,965,,1.14875,,,4.040,,,0.02150,,25.3,,,-0.130,,,-5.70,,,
,995,,1.17650,,,3.907,,,0.02775,,25.4,,,-0.133,,,-4.57,,,
,1026,,1.21250,,,3.776,,,0.03600,,25.4,,,-0.131,,,-3.48,,,
,1056,,1.26150,,,3.642,,,0.04900,,25.4,,,-0.134,,,-2.51,,,
,1086,,1.31150,,,3.536,,,0.05000,,25.4,,,-0.106,,,-1.91,,,
,1116,,1.36150,,,3.451,,,0.05000,,25.3,,,-0.085,,,-1.54,,,
,1146,,1.41150,,,3.379,,,0.05000,,25.3,,,-0.072,,,-1.30,,,
,1177,,1.46150,,,3.318,,,0.05000,,25.3,,,-0.061,,,-1.13,,,
,1207,,1.51150,,,3.263,,,0.05000,,25.3,,,-0.055,,,-1.01,,,
,1237,,1.56150,,,3.216,,,0.05000,,25.3,,,-0.047,,,-0.91,,,
,1267,,1.61150,,,3.172,,,0.05000,,25.3,,,-0.044,,,-0.82,,,
,1298,,1.66150,,,3.133,,,0.05000,,25.3,,,-0.039,,,-0.75,,,
,1328,,1.71150,,,3.097,,,0.05000,,25.3,,,-0.036,,,,,,
,1358,,1.76150,,,3.063,,,0.05000,,25.3,,,-0.034,,,,,,
,1388,,1.81150,,,3.033,,,0.05000,,25.3,,,-0.030,,,,,,
,1419,,1.86150,,,3.004,,,0.05000,,25.3,,,-0.029,,,,,,
,1449,,1.91150,,,2.976,,,0.05000,,25.3,,,-0.028,,,,,,
Measure (normal) [1],,,,,,,,"Scope 1/1, Sample 49/66",,,,,,,,,,,,
Measured Values,,,,,"Scope 1/1, Sample 49/66",,,,,,,,,,,,,,,
,Time,,,,,Meas. value,,,,,Temp.,,,,,dE,,,,
,[s],,,,,[pH],,,,,[°C],,,,,[pH],,,,
,1,,,,,4.747,,,,,22.5,,,,,,,,,
,2,,,,,5.005,,,,,22.8,,,,,0.258,,,,
,3,,,,,5.256,,,,,23.1,,,,,0.251,,,,
,4,,,,,5.455,,,,,23.5,,,,,0.199,,,,
,5,,,,,5.622,,,,,23.9,,,,,0.167,,,,
,6,,,,,5.768,,,,,24.2,,,,,0.146,,,,
,7,,,,,5.903,,,,,24.4,,,,,0.135,,,,
,8,,,,,6.015,,,,,24.6,,,,,0.112,,,,
,9,,,,,6.130,,,,,24.8,,,,,0.115,,,,
,10,,,,,6.239,,,,,24.9,,,,,0.109,,,,
,11,,,,,6.345,,,,,25.0,,,,,0.106,,,,
,12,,,,,6.446,,,,,25.0,,,,,0.101,,,,
,13,,,,,6.542,,,,,25.1,,,,,0.096,,,,
,14,,,,,6.632,,,,,25.1,,,,,0.090,,,,
,15,,,,,6.708,,,,,25.2,,,,,0.076,,,,
,16,,,,,6.788,,,,,25.2,,,,,0.080,,,,
,17,,,,,6.862,,,,,25.2,,,,,0.074,,,,
,18,,,,,6.936,,,,,25.2,,,,,0.074,,,,
,19,,,,,7.000,,,,,25.3,,,,,0.064,,,,
,20,,,,,7.061,,,,,25.3,,,,,0.061,,,,
,21,,,,,7.115,,,,,25.3,,,,,0.054,,,,
,22,,,,,7.170,,,,,25.3,,,,,0.055,,,,
,23,,,,,7.222,,,,,25.3,,,,,0.052,,,,
,24,,,,,7.270,,,,,25.3,,,,,0.048,,,,
,25,,,,,7.316,,,,,25.3,,,,,0.046,,,,
,26,,,,,7.360,,,,,25.3,,,,,0.044,,,,
,27,,,,,7.399,,,,,25.3,,,,,0.039,,,,
,28,,,,,7.437,,,,,25.3,,,,,0.038,,,,
,29,,,,,7.468,,,,,25.3,,,,,0.031,,,,
,30,,,,,7.500,,,,,25.3,,,,,0.032,,,,
,31,,,,,7.530,,,,,25.3,,,,,0.030,,,,
,32,,,,,7.558,,,,,25.3,,,,,0.028,,,,
,33,,,,,7.585,,,,,25.3,,,,,0.027,,,,
,34,,,,,7.610,,,,,25.3,,,,,0.025,,,,
,35,,,,,7.633,,,,,25.3,,,,,0.023,,,,
,36,,,,,7.653,,,,,25.3,,,,,0.020,,,,
,37,,,,,7.672,,,,,25.3,,,,,0.019,,,,
,38,,,,,7.691,,,,,25.3,,,,,0.019,,,,
,39,,,,,7.709,,,,,25.3,,,,,0.018,,,,
,40,,,,,7.725,,,,,25.3,,,,,0.016,,,,
,41,,,,,7.741,,,,,25.3,,,,,0.016,,,,
,42,,,,,7.755,,,,,25.3,,,,,0.014,,,,
,43,,,,,7.768,,,,,25.3,,,,,0.013,,,,
,44,,,,,7.780,,,,,25.3,,,,,0.012,,,,
,45,,,,,7.792,,,,,25.3,,,,,0.012,,,,
,46,,,,,7.803,,,,,25.3,,,,,0.011,,,,
,47,,,,,7.814,,,,,25.3,,,,,0.011,,,,
,48,,,,,7.823,,,,,25.3,,,,,0.009,,,,
,49,,,,,7.832,,,,,25.3,,,,,0.009,,,,
,50,,,,,7.839,,,,,25.3,,,,,0.007,,,,
,51,,,,,7.847,,,,,25.3,,,,,0.008,,,,
,52,,,,,7.855,,,,,25.3,,,,,0.008,,,,
,53,,,,,7.861,,,,,25.3,,,,,0.006,,,,
,54,,,,,7.868,,,,,25.3,,,,,0.007,,,,
,55,,,,,7.874,,,,,25.3,,,,,0.006,,,,
,56,,,,,7.880,,,,,25.3,,,,,0.006,,,,
,57,,,,,7.884,,,,,25.3,,,,,0.004,,,,
,58,,,,,7.889,,,,,25.3,,,,,0.005,,,,
,59,,,,,7.894,,,,,25.3,,,,,0.005,,,,
,60,,,,,7.898,,,,,25.3,,,,,0.004,,,,
Titration (EQP) [1],,,,,,,,"Scope 1/1, Sample 49/66",,,,,,,,,,,,
Measured Values,,,,,"Scope 1/1, Sample 49/66",,,,,,,,,,,,,,,
,Time,,V,,,Meas. value,,,dV,,Temp.,,,dE,,,dE/dV,,,EQP
,[s],,[mL],,,[pH],,,[mL],,[°C],,,[pH],,,[pH/mL],,,
,0,,0.00000,,,7.906,,,,,25.3,,,,,,,,,
,28,,0.08575,,,7.490,,,0.08575,,25.3,,,-0.416,,,,,,
,58,,0.12850,,,7.238,,,0.04275,,25.3,,,-0.252,,,,,,
,88,,0.15000,,,7.108,,,0.02150,,25.3,,,-0.130,,,,,,
,179,,0.17150,,,7.019,,,0.02150,,25.3,,,-0.089,,,,,,
,209,,0.22125,,,6.915,,,0.04975,,25.3,,,-0.104,,,-2.81,,,
,239,,0.27125,,,6.795,,,0.05000,,25.3,,,-0.120,,,-2.15,,,
,269,,0.32125,,,6.690,,,0.05000,,25.3,,,-0.105,,,-2.02,,,
,300,,0.37125,,,6.586,,,0.05000,,25.3,,,-0.104,,,-1.97,,,
,330,,0.42125,,,6.488,,,0.05000,,25.3,,,-0.098,,,-1.90,,,
,360,,0.47125,,,6.396,,,0.05000,,25.3,,,-0.092,,,-1.77,,,
,390,,0.52125,,,6.310,,,0.05000,,25.3,,,-0.086,,,-1.68,,,
,420,,0.57125,,,6.230,,,0.05000,,25.3,,,-0.080,,,-1.61,,,
,451,,0.62125,,,6.147,,,0.05000,,25.3,,,-0.083,,,-1.60,,,
,481,,0.67125,,,6.070,,,0.05000,,25.3,,,-0.077,,,-1.64,,,
,511,,0.72125,,,5.984,,,0.05000,,25.3,,,-0.086,,,-1.72,,,
,542,,0.77125,,,5.892,,,0.05000,,25.3,,,-0.092,,,-1.87,,,
,572,,0.82125,,,5.793,,,0.05000,,25.3,,,-0.099,,,-2.10,,,
,602,,0.87125,,,5.679,,,0.05000,,25.3,,,-0.114,,,-2.47,,,
,632,,0.92125,,,5.549,,,0.05000,,25.3,,,-0.130,,,-3.08,,,
,662,,0.97125,,,5.380,,,0.05000,,25.3,,,-0.169,,,-4.16,,,
,693,,1.00375,,,5.241,,,0.03250,,25.3,,,-0.139,,,-5.21,,,
,723,,1.02900,,,5.105,,,0.02525,,25.3,,,-0.136,,,-6.25,,,
,753,,1.04900,,,4.972,,,0.02000,,25.3,,,-0.133,,,-7.16,,,
,783,,1.06575,,,4.836,,,0.01675,,25.3,,,-0.136,,,-7.98,,,
,814,,1.07950,,,4.710,,,0.01375,,25.3,,,-0.126,,,-8.89,,,
,,,1.090293 ???,,,4.603 ???,,,,,,,,,,,,,,EQP
,844,,1.09250,,,4.581,,,0.01300,,25.3,,,-0.129,,,-9.24,,,
,874,,1.10525,,,4.461,,,0.01275,,25.3,,,-0.120,,,-8.67,,,
,904,,1.12025,,,4.327,,,0.01500,,25.3,,,-0.134,,,-7.71,,,
,935,,1.13650,,,4.204,,,0.01625,,25.3,,,-0.123,,,-6.85,,,
,965,,1.15750,,,4.071,,,0.02100,,25.3,,,-0.133,,,-5.83,,,
,995,,1.18350,,,3.943,,,0.02600,,25.3,,,-0.128,,,-4.74,,,
,1025,,1.21875,,,3.809,,,0.03525,,25.3,,,-0.134,,,-3.62,,,
,1056,,1.26500,,,3.677,,,0.04625,,25.3,,,-0.132,,,-2.64,,,
,1086,,1.31500,,,3.567,,,0.05000,,25.3,,,-0.110,,,-1.99,,,
,1116,,1.36500,,,3.479,,,0.05000,,25.3,,,-0.088,,,-1.60,,,
,1146,,1.41500,,,3.405,,,0.05000,,25.3,,,-0.074,,,-1.34,,,
,1176,,1.46500,,,3.342,,,0.05000,,25.3,,,-0.063,,,-1.16,,,
,1207,,1.51500,,,3.286,,,0.05000,,25.3,,,-0.056,,,-1.03,,,
,1237,,1.56500,,,3.237,,,0.05000,,25.3,,,-0.049,,,-0.92,,,
,1267,,1.61500,,,3.193,,,0.05000,,25.3,,,-0.044,,,-0.84,,,
,1297,,1.66500,,,3.153,,,0.05000,,25.3,,,-0.040,,,-0.77,,,
,1328,,1.71500,,,3.116,,,0.05000,,25.3,,,-0.037,,,,,,
,1358,,1.76500,,,3.082,,,0.05000,,25.3,,,-0.034,,,,,,
,1388,,1.81500,,,3.050,,,0.05000,,25.3,,,-0.032,,,,,,
,1418,,1.86500,,,3.021,,,0.05000,,25.3,,,-0.029,,,,,,
,1449,,1.91500,,,2.994,,,0.05000,,25.3,,,-0.027,,,,,,
Measure (normal) [1],,,,,,,,"Scope 1/1, Sample 50/66",,,,,,,,,,,,
Measured Values,,,,,"Scope 1/1, Sample 50/66",,,,,,,,,,,,,,,
,Time,,,,,Meas. value,,,,,Temp.,,,,,dE,,,,
,[s],,,,,[pH],,,,,[°C],,,,,[pH],,,,
,1,,,,,4.879,,,,,21.7,,,,,,,,,
,2,,,,,5.179,,,,,22.1,,,,,0.300,,,,
,3,,,,,5.656,,,,,22.6,,,,,0.477,,,,
,4,,,,,5.932,,,,,23.0,,,,,0.276,,,,
,5,,,,,6.129,,,,,23.4,,,,,0.197,,,,
,6,,,,,6.289,,,,,23.8,,,,,0.160,,,,
,7,,,,,6.442,,,,,24.1,,,,,0.153,,,,
,8,,,,,6.571,,,,,24.3,,,,,0.129,,,,
,9,,,,,6.703,,,,,24.4,,,,,0.132,,,,
,10,,,,,6.824,,,,,24.6,,,,,0.121,,,,
,11,,,,,6.940,,,,,24.7,,,,,0.116,,,,
,12,,,,,7.039,,,,,24.8,,,,,0.099,,,,
,13,,,,,7.129,,,,,24.8,,,,,0.090,,,,
,14,,,,,7.217,,,,,24.9,,,,,0.088,,,,
,15,,,,,7.288,,,,,24.9,,,,,0.071,,,,
,16,,,,,7.362,,,,,25.0,,,,,0.074,,,,
,17,,,,,7.429,,,,,25.0,,,,,0.067,,,,
,18,,,,,7.488,,,,,25.0,,,,,0.059,,,,
,19,,,,,7.542,,,,,25.0,,,,,0.054,,,,
,20,,,,,7.592,,,,,25.0,,,,,0.050,,,,
,21,,,,,7.636,,,,,25.0,,,,,0.044,,,,
,22,,,,,7.674,,,,,25.1,,,,,0.038,,,,
,23,,,,,7.712,,,,,25.1,,,,,0.038,,,,
,24,,,,,7.746,,,,,25.1,,,,,0.034,,,,
,25,,,,,7.778,,,,,25.1,,,,,0.032,,,,
,26,,,,,7.806,,,,,25.1,,,,,0.028,,,,
,27,,,,,7.831,,,,,25.1,,,,,0.025,,,,
,28,,,,,7.854,,,,,25.1,,,,,0.023,,,,
,29,,,,,7.873,,,,,25.1,,,,,0.019,,,,
,30,,,,,7.892,,,,,25.1,,,,,0.019,,,,
,31,,,,,7.909,,,,,25.1,,,,,0.017,,,,
,32,,,,,7.925,,,,,25.1,,,,,0.016,,,,
,33,,,,,7.940,,,,,25.1,,,,,0.015,,,,
,34,,,,,7.953,,,,,25.1,,,,,0.013,,,,
,35,,,,,7.963,,,,,25.1,,,,,0.010,,,,
,36,,,,,7.975,,,,,25.1,,,,,0.012,,,,
,37,,,,,7.984,,,,,25.1,,,,,0.009,,,,
,38,,,,,7.993,,,,,25.1,,,,,0.009,,,,
,39,,,,,8.001,,,,,25.1,,,,,0.008,,,,
,40,,,,,8.008,,,,,25.1,,,,,0.007,,,,
,41,,,,,8.015,,,,,25.1,,,,,0.007,,,,
,42,,,,,8.021,,,,,25.1,,,,,0.006,,,,
,43,,,,,8.026,,,,,25.1,,,,,0.005,,,,
,44,,,,,8.031,,,,,25.1,,,,,0.005,,,,
,45,,,,,8.036,,,,,25.1,,,,,0.005,,,,
,46,,,,,8.040,,,,,25.1,,,,,0.004,,,,
,47,,,,,8.044,,,,,25.1,,,,,0.004,,,,
,48,,,,,8.048,,,,,25.1,,,,,0.004,,,,
,49,,,,,8.050,,,,,25.1,,,,,0.002,,,,
,50,,,,,8.054,,,,,25.1,,,,,0.004,,,,
,51,,,,,8.057,,,,,25.1,,,,,0.003,,,,
,52,,,,,8.059,,,,,25.1,,,,,0.002,,,,
,53,,,,,8.061,,,,,25.1,,,,,0.002,,,,
,54,,,,,8.063,,,,,25.1,,,,,0.002,,,,
,55,,,,,8.066,,,,,25.1,,,,,0.003,,,,
,56,,,,,8.067,,,,,25.1,,,,,0.001,,,,
,57,,,,,8.068,,,,,25.1,,,,,0.001,,,,
,58,,,,,8.070,,,,,25.1,,,,,0.002,,,,
,59,,,,,8.072,,,,,25.1,,,,,0.002,,,,
,60,,,,,8.073,,,,,25.1,,,,,0.001,,,,
Titration (EQP) [1],,,,,,,,"Scope 1/1, Sample 50/66",,,,,,,,,,,,
Measured Values,,,,,"Scope 1/1, Sample 50/66",,,,,,,,,,,,,,,
,Time,,V,,,Meas. value,,,dV,,Temp.,,,dE,,,dE/dV,,,EQP
,[s],,[mL],,,[pH],,,[mL],,[°C],,,[pH],,,[pH/mL],,,
,0,,0.00000,,,8.075,,,,,25.1,,,,,,,,,
,27,,0.08575,,,7.697,,,0.08575,,25.1,,,-0.378,,,,,,
,58,,0.12850,,,7.380,,,0.04275,,25.1,,,-0.317,,,,,,
,88,,0.15000,,,7.234,,,0.02150,,25.1,,,-0.146,,,,,,
,179,,0.17175,,,7.125,,,0.02175,,25.1,,,-0.109,,,,,,
,209,,0.20925,,,7.017,,,0.03750,,25.1,,,-0.108,,,-3.62,,,
,239,,0.25925,,,6.885,,,0.05000,,25.1,,,-0.132,,,-2.73,,,
,269,,0.30925,,,6.748,,,0.05000,,25.1,,,-0.137,,,-2.42,,,
,300,,0.35875,,,6.633,,,0.04950,,25.1,,,-0.115,,,-2.27,,,
,330,,0.40875,,,6.518,,,0.05000,,25.1,,,-0.115,,,-2.09,,,
,360,,0.45875,,,6.412,,,0.05000,,25.2,,,-0.106,,,-1.88,,,
,390,,0.50875,,,6.336,,,0.05000,,25.2,,,-0.076,,,-1.72,,,
,420,,0.55875,,,6.245,,,0.05000,,25.2,,,-0.091,,,-1.64,,,
,451,,0.60875,,,6.171,,,0.05000,,25.2,,,-0.074,,,-1.64,,,
,481,,0.65875,,,6.084,,,0.05000,,25.2,,,-0.087,,,-1.70,,,
,511,,0.70875,,,5.992,,,0.05000,,25.2,,,-0.092,,,-1.79,,,
,541,,0.75875,,,5.900,,,0.05000,,25.2,,,-0.092,,,-1.92,,,
,572,,0.80875,,,5.796,,,0.05000,,25.2,,,-0.104,,,-2.15,,,
,602,,0.85875,,,5.685,,,0.05000,,25.2,,,-0.111,,,-2.50,,,
,632,,0.90875,,,5.551,,,0.05000,,25.2,,,-0.134,,,-3.14,,,
,662,,0.95875,,,5.378,,,0.05000,,25.2,,,-0.173,,,-4.26,,,
,693,,0.98975,,,5.243,,,0.03100,,25.1,,,-0.135,,,-5.28,,,
,723,,1.01450,,,5.108,,,0.02475,,25.1,,,-0.135,,,-6.33,,,
,753,,1.03450,,,4.973,,,0.02000,,25.1,,,-0.135,,,-7.26,,,
,783,,1.05075,,,4.841,,,0.01625,,25.1,,,-0.132,,,-8.08,,,
,814,,1.06475,,,4.711,,,0.01400,,25.1,,,-0.130,,,-9.03,,,
,,,1.075881 ???,,,4.602 ???,,,,,,,,,,,,,,EQP
,844,,1.07750,,,4.586,,,0.01275,,25.1,,,-0.125,,,-9.40,,,
,874,,1.09050,,,4.455,,,0.01300,,25.1,,,-0.131,,,-8.84,,,
,904,,1.10375,,,4.337,,,0.01325,,25.1,,,-0.118,,,-7.92,,,
,934,,1.12075,,,4.204,,,0.01700,,25.1,,,-0.133,,,-6.99,,,
,965,,1.14075,,,4.076,,,0.02000,,25.1,,,-0.128,,,-6.00,,,
,995,,1.16650,,,3.944,,,0.02575,,25.1,,,-0.132,,,-4.87,,,
,1025,,1.20025,,,3.811,,,0.03375,,25.1,,,-0.133,,,-3.75,,,
,1055,,1.24500,,,3.680,,,0.04475,,25.1,,,-0.131,,,-2.75,,,
,1086,,1.29500,,,3.565,,,0.05000,,25.1,,,-0.115,,,-2.06,,,
,1116,,1.34500,,,3.475,,,0.05000,,25.1,,,-0.090,,,-1.64,,,
,1146,,1.39500,,,3.400,,,0.05000,,25.1,,,-0.075,,,-1.37,,,
,1176,,1.44500,,,3.335,,,0.05000,,25.1,,,-0.065,,,-1.18,,,
,1206,,1.49500,,,3.279,,,0.05000,,25.1,,,-0.056,,,-1.05,,,
,1237,,1.54500,,,3.229,,,0.05000,,25.1,,,-0.050,,,-0.94,,,
,1267,,1.59500,,,3.184,,,0.05000,,25.1,,,-0.045,,,-0.85,,,
,1297,,1.64500,,,3.143,,,0.05000,,25.1,,,-0.041,,,-0.77,,,
,1328,,1.69500,,,3.106,,,0.05000,,25.1,,,-0.037,,,,,,
,1358,,1.74500,,,3.072,,,0.05000,,25.1,,,-0.034,,,,,,
,1388,,1.79500,,,3.040,,,0.05000,,25.1,,,-0.032,,,,,,
,1418,,1.84500,,,3.011,,,0.05000,,25.1,,,-0.029,,,,,,
,1448,,1.89500,,,2.983,,,0.05000,,25.1,,,-0.028,,,,,,
Measure (normal) [1],,,,,,,,"Scope 1/1, Sample 51/66",,,,,,,,,,,,
Measured Values,,,,,"Scope 1/1, Sample 51/66",,,,,,,,,,,,,,,
,Time,,,,,Meas. value,,,,,Temp.,,,,,dE,,,,
,[s],,,,,[pH],,,,,[°C],,,,,[pH],,,,
,1,,,,,4.817,,,,,23.6,,,,,,,,,
,2,,,,,5.101,,,,,23.8,,,,,0.284,,,,
,3,,,,,5.365,,,,,24.0,,,,,0.264,,,,
,4,,,,,5.587,,,,,24.2,,,,,0.222,,,,
,5,,,,,5.788,,,,,24.4,,,,,0.201,,,,
,6,,,,,5.973,,,,,24.6,,,,,0.185,,,,
,7,,,,,6.148,,,,,24.7,,,,,0.175,,,,
,8,,,,,6.299,,,,,24.8,,,,,0.151,,,,
,9,,,,,6.456,,,,,24.9,,,,,0.157,,,,
,10,,,,,6.603,,,,,25.0,,,,,0.147,,,,
,11,,,,,6.737,,,,,25.0,,,,,0.134,,,,
,12,,,,,6.861,,,,,25.1,,,,,0.124,,,,
,13,,,,,6.977,,,,,25.1,,,,,0.116,,,,
,14,,,,,7.076,,,,,25.1,,,,,0.099,,,,
,15,,,,,7.164,,,,,25.2,,,,,0.088,,,,
,16,,,,,7.253,,,,,25.2,,,,,0.089,,,,
,17,,,,,7.335,,,,,25.2,,,,,0.082,,,,
,18,,,,,7.409,,,,,25.2,,,,,0.074,,,,
,19,,,,,7.475,,,,,25.2,,,,,0.066,,,,
,20,,,,,7.535,,,,,25.2,,,,,0.060,,,,
,21,,,,,7.589,,,,,25.2,,,,,0.054,,,,
,22,,,,,7.635,,,,,25.2,,,,,0.046,,,,
,23,,,,,7.680,,,,,25.2,,,,,0.045,,,,
,24,,,,,7.722,,,,,25.2,,,,,0.042,,,,
,25,,,,,7.760,,,,,25.2,,,,,0.038,,,,
,26,,,,,7.794,,,,,25.2,,,,,0.034,,,,
,27,,,,,7.825,,,,,25.2,,,,,0.031,,,,
,28,,,,,7.853,,,,,25.2,,,,,0.028,,,,
,29,,,,,7.876,,,,,25.2,,,,,0.023,,,,
,30,,,,,7.899,,,,,25.2,,,,,0.023,,,,
,31,,,,,7.920,,,,,25.2,,,,,0.021,,,,
,32,,,,,7.939,,,,,25.2,,,,,0.019,,,,
,33,,,,,7.956,,,,,25.2,,,,,0.017,,,,
,34,,,,,7.972,,,,,25.2,,,,,0.016,,,,
,35,,,,,7.986,,,,,25.2,,,,,0.014,,,,
,36,,,,,7.998,,,,,25.2,,,,,0.012,,,,
,37,,,,,8.010,,,,,25.2,,,,,0.012,,,,
,38,,,,,8.020,,,,,25.2,,,,,0.010,,,,
,39,,,,,8.030,,,,,25.2,,,,,0.010,,,,
,40,,,,,8.038,,,,,25.2,,,,,0.008,,,,
,41,,,,,8.047,,,,,25.2,,,,,0.009,,,,
,42,,,,,8.054,,,,,25.2,,,,,0.007,,,,
,43,,,,,8.059,,,,,25.2,,,,,0.005,,,,
,44,,,,,8.066,,,,,25.2,,,,,0.007,,,,
,45,,,,,8.071,,,,,25.2,,,,,0.005,,,,
,46,,,,,8.076,,,,,25.2,,,,,0.005,,,,
,47,,,,,8.080,,,,,25.2,,,,,0.004,,,,
,48,,,,,8.084,,,,,25.2,,,,,0.004,,,,
,49,,,,,8.088,,,,,25.2,,,,,0.004,,,,
,50,,,,,8.091,,,,,25.2,,,,,0.003,,,,
,51,,,,,8.094,,,,,25.2,,,,,0.003,,,,
,52,,,,,8.097,,,,,25.2,,,,,0.003,,,,
,53,,,,,8.099,,,,,25.2,,,,,0.002,,,,
,54,,,,,8.102,,,,,25.2,,,,,0.003,,,,
,55,,,,,8.104,,,,,25.2,,,,,0.002,,,,
,56,,,,,8.106,,,,,25.2,,,,,0.002,,,,
,57,,,,,8.108,,,,,25.2,,,,,0.002,,,,
,58,,,,,8.109,,,,,25.2,,,,,0.001,,,,
,59,,,,,8.110,,,,,25.2,,,,,0.001,,,,
,60,,,,,8.112,,,,,25.2,,,,,0.002,,,,
Titration (EQP) [1],,,,,,,,"Scope 1/1, Sample 51/66",,,,,,,,,,,,
Measured Values,,,,,"Scope 1/1, Sample 51/66",,,,,,,,,,,,,,,
,Time,,V,,,Meas. value,,,dV,,Temp.,,,dE,,,dE/dV,,,EQP
,[s],,[mL],,,[pH],,,[mL],,[°C],,,[pH],,,[pH/mL],,,
,0,,0.00000,,,8.114,,,,,25.2,,,,,,,,,
,28,,0.08575,,,7.609,,,0.08575,,25.2,,,-0.505,,,,,,
,58,,0.12850,,,7.307,,,0.04275,,25.2,,,-0.302,,,,,,
,89,,0.15000,,,7.167,,,0.02150,,25.2,,,-0.140,,,,,,
,180,,0.17275,,,7.070,,,0.02275,,25.2,,,-0.097,,,,,,
,210,,0.22050,,,6.956,,,0.04775,,25.2,,,-0.114,,,-3.24,,,
,240,,0.27050,,,6.800,,,0.05000,,25.2,,,-0.156,,,-2.39,,,
,270,,0.30875,,,6.710,,,0.03825,,25.2,,,-0.090,,,-2.23,,,
,301,,0.35875,,,6.606,,,0.05000,,25.2,,,-0.104,,,-2.04,,,
,331,,0.40875,,,6.509,,,0.05000,,25.2,,,-0.097,,,-1.87,,,
,361,,0.45875,,,6.418,,,0.05000,,25.2,,,-0.091,,,-1.71,,,
,391,,0.50875,,,6.339,,,0.05000,,25.2,,,-0.079,,,-1.68,,,
,422,,0.55875,,,6.250,,,0.05000,,25.2,,,-0.089,,,-1.65,,,
,452,,0.60875,,,6.171,,,0.05000,,25.2,,,-0.079,,,-1.65,,,
,482,,0.65875,,,6.081,,,0.05000,,25.2,,,-0.090,,,-1.67,,,
,512,,0.70875,,,6.001,,,0.05000,,25.2,,,-0.080,,,-1.72,,,
,543,,0.75875,,,5.913,,,0.05000,,25.2,,,-0.088,,,-1.81,,,
,573,,0.80875,,,5.813,,,0.05000,,25.2,,,-0.100,,,-2.02,,,
,603,,0.85875,,,5.709,,,0.05000,,25.2,,,-0.104,,,-2.34,,,
,633,,0.90875,,,5.580,,,0.05000,,25.2,,,-0.129,,,-2.92,,,
,664,,0.95875,,,5.421,,,0.05000,,25.2,,,-0.159,,,-3.84,,,
,694,,0.99550,,,5.273,,,0.03675,,25.2,,,-0.148,,,-4.88,,,
,724,,1.02200,,,5.142,,,0.02650,,25.2,,,-0.131,,,-5.88,,,
,754,,1.04450,,,5.002,,,0.02250,,25.2,,,-0.140,,,-6.85,,,
,784,,1.06175,,,4.871,,,0.01725,,25.2,,,-0.131,,,-7.64,,,
,815,,1.07650,,,4.740,,,0.01475,,25.2,,,-0.131,,,-8.52,,,
,845,,1.08950,,,4.617,,,0.01300,,25.2,,,-0.123,,,-9.11,,,
,875,,1.10300,,,4.487,,,0.01350,,25.2,,,-0.130,,,-8.76,,,
,,,1.113158,,,4.396,,,,,,,,,,,,,,EQP
,906,,1.11700,,,4.362,,,0.01400,,25.2,,,-0.125,,,-7.85,,,
,936,,1.13350,,,4.232,,,0.01650,,25.2,,,-0.130,,,-6.97,,,
,966,,1.15325,,,4.104,,,0.01975,,25.2,,,-0.128,,,-6.02,,,
,996,,1.17850,,,3.972,,,0.02525,,25.2,,,-0.132,,,-4.95,,,
,1026,,1.21050,,,3.843,,,0.03200,,25.2,,,-0.129,,,-3.87,,,
,1057,,1.25500,,,3.707,,,0.04450,,25.2,,,-0.136,,,-2.84,,,
,1087,,1.30500,,,3.590,,,0.05000,,25.2,,,-0.117,,,-2.12,,,
,1117,,1.35500,,,3.498,,,0.05000,,25.2,,,-0.092,,,-1.67,,,
,1147,,1.40500,,,3.421,,,0.05000,,25.2,,,-0.077,,,-1.39,,,
,1178,,1.45500,,,3.355,,,0.05000,,25.2,,,-0.066,,,-1.20,,,
,1208,,1.50500,,,3.298,,,0.05000,,25.2,,,-0.057,,,-1.06,,,
,1238,,1.55500,,,3.248,,,0.05000,,25.2,,,-0.050,,,-0.95,,,
,1268,,1.60500,,,3.202,,,0.05000,,25.2,,,-0.046,,,-0.86,,,
,1299,,1.65500,,,3.161,,,0.05000,,25.2,,,-0.041,,,-0.78,,,
,1329,,1.70500,,,3.124,,,0.05000,,25.2,,,-0.037,,,,,,
,1359,,1.75500,,,3.089,,,0.05000,,25.2,,,-0.035,,,,,,
,1389,,1.80500,,,3.057,,,0.05000,,25.2,,,-0.032,,,,,,
,1420,,1.85500,,,3.028,,,0.05000,,25.2,,,-0.029,,,,,,
,1450,,1.90500,,,2.999,,,0.05000,,25.2,,,-0.029,,,,,,
Measure (normal) [1],,,,,,,,"Scope 1/1, Sample 52/66",,,,,,,,,,,,
Measured Values,,,,,"Scope 1/1, Sample 52/66",,,,,,,,,,,,,,,
,Time,,,,,Meas. value,,,,,Temp.,,,,,dE,,,,
,[s],,,,,[pH],,,,,[°C],,,,,[pH],,,,
,1,,,,,4.775,,,,,22.3,,,,,,,,,
,2,,,,,5.076,,,,,22.6,,,,,0.301,,,,
,3,,,,,5.348,,,,,23.0,,,,,0.272,,,,
,4,,,,,5.580,,,,,23.4,,,,,0.232,,,,
,5,,,,,5.787,,,,,23.8,,,,,0.207,,,,
,6,,,,,5.979,,,,,24.1,,,,,0.192,,,,
,7,,,,,6.163,,,,,24.4,,,,,0.184,,,,
,8,,,,,6.317,,,,,24.5,,,,,0.154,,,,
,9,,,,,6.478,,,,,24.7,,,,,0.161,,,,
,10,,,,,6.630,,,,,24.8,,,,,0.152,,,,
,11,,,,,6.769,,,,,24.9,,,,,0.139,,,,
,12,,,,,6.898,,,,,25.0,,,,,0.129,,,,
,13,,,,,7.013,,,,,25.0,,,,,0.115,,,,
,14,,,,,7.116,,,,,25.1,,,,,0.103,,,,
,15,,,,,7.211,,,,,25.1,,,,,0.095,,,,
,16,,,,,7.300,,,,,25.1,,,,,0.089,,,,
,17,,,,,7.382,,,,,25.1,,,,,0.082,,,,
,18,,,,,7.456,,,,,25.2,,,,,0.074,,,,
,19,,,,,7.522,,,,,25.2,,,,,0.066,,,,
,20,,,,,7.583,,,,,25.2,,,,,0.061,,,,
,21,,,,,7.638,,,,,25.2,,,,,0.055,,,,
,22,,,,,7.685,,,,,25.2,,,,,0.047,,,,
,23,,,,,7.731,,,,,25.2,,,,,0.046,,,,
,24,,,,,7.773,,,,,25.2,,,,,0.042,,,,
,25,,,,,7.811,,,,,25.2,,,,,0.038,,,,
,26,,,,,7.845,,,,,25.2,,,,,0.034,,,,
,27,,,,,7.875,,,,,25.2,,,,,0.030,,,,
,28,,,,,7.903,,,,,25.2,,,,,0.028,,,,
,29,,,,,7.926,,,,,25.2,,,,,0.023,,,,
,30,,,,,7.948,,,,,25.2,,,,,0.022,,,,
,31,,,,,7.969,,,,,25.2,,,,,0.021,,,,
,32,,,,,7.988,,,,,25.2,,,,,0.019,,,,
,33,,,,,8.005,,,,,25.2,,,,,0.017,,,,
,34,,,,,8.020,,,,,25.2,,,,,0.015,,,,
,35,,,,,8.034,,,,,25.2,,,,,0.014,,,,
,36,,,,,8.045,,,,,25.2,,,,,0.011,,,,
,37,,,,,8.056,,,,,25.2,,,,,0.011,,,,
,38,,,,,8.066,,,,,25.2,,,,,0.010,,,,
,39,,,,,8.076,,,,,25.2,,,,,0.010,,,,
,40,,,,,8.084,,,,,25.2,,,,,0.008,,,,
,41,,,,,8.091,,,,,25.2,,,,,0.007,,,,
,42,,,,,8.098,,,,,25.2,,,,,0.007,,,,
,43,,,,,8.104,,,,,25.2,,,,,0.006,,,,
,44,,,,,8.109,,,,,25.2,,,,,0.005,,,,
,45,,,,,8.114,,,,,25.2,,,,,0.005,,,,
,46,,,,,8.119,,,,,25.2,,,,,0.005,,,,
,47,,,,,8.123,,,,,25.2,,,,,0.004,,,,
,48,,,,,8.127,,,,,25.2,,,,,0.004,,,,
,49,,,,,8.130,,,,,25.2,,,,,0.003,,,,
,50,,,,,8.133,,,,,25.2,,,,,0.003,,,,
,51,,,,,8.135,,,,,25.2,,,,,0.002,,,,
,52,,,,,8.138,,,,,25.2,,,,,0.003,,,,
,53,,,,,8.140,,,,,25.2,,,,,0.002,,,,
,54,,,,,8.142,,,,,25.2,,,,,0.002,,,,
,55,,,,,8.144,,,,,25.2,,,,,0.002,,,,
,56,,,,,8.146,,,,,25.2,,,,,0.002,,,,
,57,,,,,8.147,,,,,25.2,,,,,0.001,,,,
,58,,,,,8.148,,,,,25.2,,,,,0.001,,,,
,59,,,,,8.149,,,,,25.2,,,,,0.001,,,,
,60,,,,,8.150,,,,,25.2,,,,,0.001,,,,
Titration (EQP) [1],,,,,,,,"Scope 1/1, Sample 52/66",,,,,,,,,,,,
Measured Values,,,,,"Scope 1/1, Sample 52/66",,,,,,,,,,,,,,,
,Time,,V,,,Meas. value,,,dV,,Temp.,,,dE,,,dE/dV,,,EQP
,[s],,[mL],,,[pH],,,[mL],,[°C],,,[pH],,,[pH/mL],,,
,0,,0.00000,,,8.153,,,,,25.2,,,,,,,,,
,28,,0.08575,,,7.638,,,0.08575,,25.2,,,-0.515,,,,,,
,58,,0.12850,,,7.330,,,0.04275,,25.2,,,-0.308,,,,,,
,89,,0.15000,,,7.187,,,0.02150,,25.2,,,-0.143,,,,,,
,180,,0.17225,,,7.079,,,0.02225,,25.2,,,-0.108,,,,,,
,210,,0.21075,,,6.975,,,0.03850,,25.2,,,-0.104,,,-3.37,,,
,240,,0.26075,,,6.848,,,0.05000,,25.2,,,-0.127,,,-2.54,,,
,270,,0.31075,,,6.726,,,0.05000,,25.2,,,-0.122,,,-2.34,,,
,301,,0.36075,,,6.612,,,0.05000,,25.2,,,-0.114,,,-2.22,,,
,331,,0.41075,,,6.505,,,0.05000,,25.2,,,-0.107,,,-2.06,,,
,361,,0.46075,,,6.383,,,0.05000,,25.2,,,-0.122,,,-1.89,,,
,391,,0.51075,,,6.308,,,0.05000,,25.2,,,-0.075,,,-1.74,,,
,422,,0.56075,,,6.233,,,0.05000,,25.2,,,-0.075,,,-1.65,,,
,452,,0.61075,,,6.152,,,0.05000,,25.2,,,-0.081,,,-1.62,,,
,482,,0.66075,,,6.058,,,0.05000,,25.2,,,-0.094,,,-1.67,,,
,512,,0.71075,,,5.972,,,0.05000,,25.2,,,-0.086,,,-1.82,,,
,543,,0.76075,,,5.878,,,0.05000,,25.2,,,-0.094,,,-1.98,,,
,573,,0.81075,,,5.775,,,0.05000,,25.2,,,-0.103,,,-2.23,,,
,603,,0.86075,,,5.653,,,0.05000,,25.2,,,-0.122,,,-2.69,,,
,633,,0.91075,,,5.507,,,0.05000,,25.2,,,-0.146,,,-3.50,,,
,664,,0.95375,,,5.346,,,0.04300,,25.2,,,-0.161,,,-4.59,,,
,694,,0.98200,,,5.213,,,0.02825,,25.2,,,-0.133,,,-5.61,,,
,724,,1.00525,,,5.079,,,0.02325,,25.3,,,-0.134,,,-6.63,,,
,754,,1.02425,,,4.943,,,0.01900,,25.2,,,-0.136,,,-7.56,,,
,784,,1.03975,,,4.809,,,0.01550,,25.2,,,-0.134,,,-8.42,,,
,815,,1.05275,,,4.685,,,0.01300,,25.3,,,-0.124,,,-9.31,,,
,,,1.061767 ???,,,4.594 ???,,,,,,,,,,,,,,EQP
,845,,1.06575,,,4.554,,,0.01300,,25.3,,,-0.131,,,-9.45,,,
,875,,1.07850,,,4.429,,,0.01275,,25.3,,,-0.125,,,-8.69,,,
,906,,1.09275,,,4.301,,,0.01425,,25.3,,,-0.128,,,-7.73,,,
,936,,1.10925,,,4.179,,,0.01650,,25.3,,,-0.122,,,-6.84,,,
,966,,1.13125,,,4.044,,,0.02200,,25.3,,,-0.135,,,-5.75,,,
,996,,1.15825,,,3.914,,,0.02700,,25.3,,,-0.130,,,-4.62,,,
,1026,,1.19425,,,3.781,,,0.03600,,25.3,,,-0.133,,,-3.52,,,
,1057,,1.24225,,,3.649,,,0.04800,,25.3,,,-0.132,,,-2.55,,,
,1087,,1.29225,,,3.541,,,0.05000,,25.3,,,-0.108,,,-1.94,,,
,1117,,1.34225,,,3.455,,,0.05000,,25.3,,,-0.086,,,-1.56,,,
,1147,,1.39225,,,3.382,,,0.05000,,25.3,,,-0.073,,,-1.32,,,
,1178,,1.44225,,,3.320,,,0.05000,,25.3,,,-0.062,,,-1.15,,,
,1208,,1.49225,,,3.265,,,0.05000,,25.3,,,-0.055,,,-1.02,,,
,1238,,1.54225,,,3.216,,,0.05000,,25.3,,,-0.049,,,-0.92,,,
,1268,,1.59225,,,3.172,,,0.05000,,25.3,,,-0.044,,,-0.83,,,
,1299,,1.64225,,,3.133,,,0.05000,,25.2,,,-0.039,,,-0.76,,,
,1329,,1.69225,,,3.096,,,0.05000,,25.2,,,-0.037,,,,,,
,1359,,1.74225,,,3.062,,,0.05000,,25.2,,,-0.034,,,,,,
,1389,,1.79225,,,3.031,,,0.05000,,25.2,,,-0.031,,,,,,
,1420,,1.84225,,,3.002,,,0.05000,,25.2,,,-0.029,,,,,,
,1450,,1.89225,,,2.974,,,0.05000,,25.3,,,-0.028,,,,,,
Measure (normal) [1],,,,,,,,"Scope 1/1, Sample 53/66",,,,,,,,,,,,
Measured Values,,,,,"Scope 1/1, Sample 53/66",,,,,,,,,,,,,,,
,Time,,,,,Meas. value,,,,,Temp.,,,,,dE,,,,
,[s],,,,,[pH],,,,,[°C],,,,,[pH],,,,
,1,,,,,4.744,,,,,23.6,,,,,,,,,
,2,,,,,5.042,,,,,23.8,,,,,0.298,,,,
,3,,,,,5.321,,,,,24.0,,,,,0.279,,,,
,4,,,,,5.549,,,,,24.3,,,,,0.228,,,,
,5,,,,,5.750,,,,,24.5,,,,,0.201,,,,
,6,,,,,5.934,,,,,24.7,,,,,0.184,,,,
,7,,,,,6.105,,,,,24.8,,,,,0.171,,,,
,8,,,,,6.251,,,,,24.9,,,,,0.146,,,,
,9,,,,,6.405,,,,,25.0,,,,,0.154,,,,
,10,,,,,6.551,,,,,25.0,,,,,0.146,,,,
,11,,,,,6.685,,,,,25.1,,,,,0.134,,,,
,12,,,,,6.809,,,,,25.1,,,,,0.124,,,,
,13,,,,,6.928,,,,,25.2,,,,,0.119,,,,
,14,,,,,7.032,,,,,25.2,,,,,0.104,,,,
,15,,,,,7.117,,,,,25.2,,,,,0.085,,,,
,16,,,,,7.212,,,,,25.2,,,,,0.095,,,,
,17,,,,,7.293,,,,,25.2,,,,,0.081,,,,
,18,,,,,7.368,,,,,25.2,,,,,0.075,,,,
,19,,,,,7.437,,,,,25.3,,,,,0.069,,,,
,20,,,,,7.500,,,,,25.3,,,,,0.063,,,,
,21,,,,,7.557,,,,,25.3,,,,,0.057,,,,
,22,,,,,7.603,,,,,25.3,,,,,0.046,,,,
,23,,,,,7.650,,,,,25.3,,,,,0.047,,,,
,24,,,,,7.692,,,,,25.3,,,,,0.042,,,,
,25,,,,,7.730,,,,,25.3,,,,,0.038,,,,
,26,,,,,7.765,,,,,25.3,,,,,0.035,,,,
,27,,,,,7.797,,,,,25.3,,,,,0.032,,,,
,28,,,,,7.826,,,,,25.3,,,,,0.029,,,,
,29,,,,,7.850,,,,,25.3,,,,,0.024,,,,
,30,,,,,7.873,,,,,25.3,,,,,0.023,,,,
,31,,,,,7.894,,,,,25.3,,,,,0.021,,,,
,32,,,,,7.914,,,,,25.3,,,,,0.020,,,,
,33,,,,,7.932,,,,,25.3,,,,,0.018,,,,
,34,,,,,7.948,,,,,25.3,,,,,0.016,,,,
,35,,,,,7.963,,,,,25.3,,,,,0.015,,,,
,36,,,,,7.976,,,,,25.3,,,,,0.013,,,,
,37,,,,,7.988,,,,,25.3,,,,,0.012,,,,
,38,,,,,7.999,,,,,25.3,,,,,0.011,,,,
,39,,,,,8.009,,,,,25.3,,,,,0.010,,,,
,40,,,,,8.019,,,,,25.3,,,,,0.010,,,,
,41,,,,,8.028,,,,,25.3,,,,,0.009,,,,
,42,,,,,8.033,,,,,25.3,,,,,0.005,,,,
,43,,,,,8.040,,,,,25.3,,,,,0.007,,,,
,44,,,,,8.046,,,,,25.3,,,,,0.006,,,,
,45,,,,,8.052,,,,,25.3,,,,,0.006,,,,
,46,,,,,8.057,,,,,25.3,,,,,0.005,,,,
,47,,,,,8.061,,,,,25.3,,,,,0.004,,,,
,48,,,,,8.065,,,,,25.3,,,,,0.004,,,,
,49,,,,,8.068,,,,,25.3,,,,,0.003,,,,
,50,,,,,8.072,,,,,25.3,,,,,0.004,,,,
,51,,,,,8.075,,,,,25.3,,,,,0.003,,,,
,52,,,,,8.078,,,,,25.3,,,,,0.003,,,,
,53,,,,,8.081,,,,,25.3,,,,,0.003,,,,
,54,,,,,8.083,,,,,25.3,,,,,0.002,,,,
,55,,,,,8.085,,,,,25.3,,,,,0.002,,,,
,56,,,,,8.087,,,,,25.3,,,,,0.002,,,,
,57,,,,,8.089,,,,,25.3,,,,,0.002,,,,
,58,,,,,8.090,,,,,25.3,,,,,0.001,,,,
,59,,,,,8.092,,,,,25.3,,,,,0.002,,,,
,60,,,,,8.093,,,,,25.3,,,,,0.001,,,,
Titration (EQP) [1],,,,,,,,"Scope 1/1, Sample 53/66",,,,,,,,,,,,
Measured Values,,,,,"Scope 1/1, Sample 53/66",,,,,,,,,,,,,,,
,Time,,V,,,Meas. value,,,dV,,Temp.,,,dE,,,dE/dV,,,EQP
,[s],,[mL],,,[pH],,,[mL],,[°C],,,[pH],,,[pH/mL],,,
,0,,0.00000,,,8.097,,,,,25.3,,,,,,,,,
,28,,0.08575,,,7.577,,,0.08575,,25.3,,,-0.520,,,,,,
,58,,0.12850,,,7.278,,,0.04275,,25.3,,,-0.299,,,,,,
,88,,0.15000,,,7.141,,,0.02150,,25.3,,,-0.137,,,,,,
,179,,0.17300,,,7.036,,,0.02300,,25.3,,,-0.105,,,,,,
,209,,0.21450,,,6.931,,,0.04150,,25.3,,,-0.105,,,-3.20,,,
,239,,0.26450,,,6.802,,,0.05000,,25.3,,,-0.129,,,-2.38,,,
,270,,0.31450,,,6.692,,,0.05000,,25.3,,,-0.110,,,-2.17,,,
,300,,0.36450,,,6.576,,,0.05000,,25.3,,,-0.116,,,-2.09,,,
,330,,0.41450,,,6.484,,,0.05000,,25.3,,,-0.092,,,-2.00,,,
,360,,0.46450,,,6.374,,,0.05000,,25.3,,,-0.110,,,-1.88,,,
,390,,0.51450,,,6.287,,,0.05000,,25.3,,,-0.087,,,-1.78,,,
,421,,0.56450,,,6.200,,,0.05000,,25.3,,,-0.087,,,-1.70,,,
,451,,0.61450,,,6.118,,,0.05000,,25.3,,,-0.082,,,-1.68,,,
,481,,0.66450,,,6.030,,,0.05000,,25.3,,,-0.088,,,-1.70,,,
,511,,0.71450,,,5.946,,,0.05000,,25.3,,,-0.084,,,-1.82,,,
,542,,0.76450,,,5.847,,,0.05000,,25.3,,,-0.099,,,-2.01,,,
,572,,0.81450,,,5.738,,,0.05000,,25.3,,,-0.109,,,-2.33,,,
,602,,0.86450,,,5.612,,,0.05000,,25.3,,,-0.126,,,-2.85,,,
,632,,0.91450,,,5.462,,,0.05000,,25.3,,,-0.150,,,-3.76,,,
,663,,0.95550,,,5.296,,,0.04100,,25.3,,,-0.166,,,-4.92,,,
,693,,0.98025,,,5.172,,,0.02475,,25.3,,,-0.124,,,-5.88,,,
,723,,1.00250,,,5.034,,,0.02225,,25.3,,,-0.138,,,-6.91,,,
,753,,1.02000,,,4.902,,,0.01750,,25.3,,,-0.132,,,-7.78,,,
,784,,1.03475,,,4.772,,,0.01475,,25.3,,,-0.130,,,-8.64,,,
,814,,1.04800,,,4.642,,,0.01325,,25.3,,,-0.130,,,-9.43,,,
,,,1.050286 ???,,,4.620 ???,,,,,,,,,,,,,,EQP
,844,,1.06050,,,4.519,,,0.01250,,25.3,,,-0.123,,,-9.28,,,
,874,,1.07425,,,4.384,,,0.01375,,25.3,,,-0.135,,,-8.39,,,
,904,,1.08825,,,4.266,,,0.01400,,25.3,,,-0.118,,,-7.50,,,
,935,,1.10700,,,4.133,,,0.01875,,25.3,,,-0.133,,,-6.52,,,
,965,,1.12975,,,4.002,,,0.02275,,25.3,,,-0.131,,,-5.44,,,
,995,,1.15900,,,3.872,,,0.02925,,25.3,,,-0.130,,,-4.31,,,
,1025,,1.19850,,,3.737,,,0.03950,,25.3,,,-0.135,,,-3.22,,,
,1056,,1.24850,,,3.609,,,0.05000,,25.3,,,-0.128,,,-2.34,,,
,1086,,1.29850,,,3.509,,,0.05000,,25.3,,,-0.100,,,-1.81,,,
,1116,,1.34850,,,3.427,,,0.05000,,25.3,,,-0.082,,,-1.48,,,
,1146,,1.39850,,,3.358,,,0.05000,,25.3,,,-0.069,,,-1.26,,,
,1177,,1.44850,,,3.298,,,0.05000,,25.3,,,-0.060,,,-1.10,,,
,1207,,1.49850,,,3.246,,,0.05000,,25.3,,,-0.052,,,-0.99,,,
,1237,,1.54850,,,3.198,,,0.05000,,25.3,,,-0.048,,,-0.89,,,
,1267,,1.59850,,,3.156,,,0.05000,,25.3,,,-0.042,,,-0.81,,,
,1298,,1.64850,,,3.117,,,0.05000,,25.3,,,-0.039,,,,,,
,1328,,1.69850,,,3.082,,,0.05000,,25.3,,,-0.035,,,,,,
,1358,,1.74850,,,3.049,,,0.05000,,25.3,,,-0.033,,,,,,
,1388,,1.79850,,,3.018,,,0.05000,,25.3,,,-0.031,,,,,,
,1418,,1.84850,,,2.990,,,0.05000,,25.3,,,-0.028,,,,,,
Measure (normal) [1],,,,,,,,"Scope 1/1, Sample 54/66",,,,,,,,,,,,
Measured Values,,,,,"Scope 1/1, Sample 54/66",,,,,,,,,,,,,,,
,Time,,,,,Meas. value,,,,,Temp.,,,,,dE,,,,
,[s],,,,,[pH],,,,,[°C],,,,,[pH],,,,
,1,,,,,4.769,,,,,23.6,,,,,,,,,
,2,,,,,5.060,,,,,23.7,,,,,0.291,,,,
,3,,,,,5.331,,,,,24.0,,,,,0.271,,,,
,4,,,,,5.553,,,,,24.2,,,,,0.222,,,,
,5,,,,,5.749,,,,,24.4,,,,,0.196,,,,
,6,,,,,5.930,,,,,24.6,,,,,0.181,,,,
,7,,,,,6.101,,,,,24.8,,,,,0.171,,,,
,8,,,,,6.248,,,,,24.9,,,,,0.147,,,,
,9,,,,,6.401,,,,,25.0,,,,,0.153,,,,
,10,,,,,6.542,,,,,25.0,,,,,0.141,,,,
,11,,,,,6.675,,,,,25.1,,,,,0.133,,,,
,12,,,,,6.796,,,,,25.1,,,,,0.121,,,,
,13,,,,,6.912,,,,,25.2,,,,,0.116,,,,
,14,,,,,7.015,,,,,25.2,,,,,0.103,,,,
,15,,,,,7.099,,,,,25.2,,,,,0.084,,,,
,16,,,,,7.192,,,,,25.2,,,,,0.093,,,,
,17,,,,,7.274,,,,,25.3,,,,,0.082,,,,
,18,,,,,7.352,,,,,25.3,,,,,0.078,,,,
,19,,,,,7.422,,,,,25.3,,,,,0.070,,,,
,20,,,,,7.483,,,,,25.3,,,,,0.061,,,,
,21,,,,,7.539,,,,,25.3,,,,,0.056,,,,
,22,,,,,7.585,,,,,25.3,,,,,0.046,,,,
,23,,,,,7.632,,,,,25.3,,,,,0.047,,,,
,24,,,,,7.676,,,,,25.3,,,,,0.044,,,,
,25,,,,,7.714,,,,,25.3,,,,,0.038,,,,
,26,,,,,7.749,,,,,25.3,,,,,0.035,,,,
,27,,,,,7.782,,,,,25.3,,,,,0.033,,,,
,28,,,,,7.812,,,,,25.3,,,,,0.030,,,,
,29,,,,,7.836,,,,,25.3,,,,,0.024,,,,
,30,,,,,7.861,,,,,25.3,,,,,0.025,,,,
,31,,,,,7.882,,,,,25.3,,,,,0.021,,,,
,32,,,,,7.903,,,,,25.3,,,,,0.021,,,,
,33,,,,,7.923,,,,,25.3,,,,,0.020,,,,
,34,,,,,7.940,,,,,25.3,,,,,0.017,,,,
,35,,,,,7.955,,,,,25.3,,,,,0.015,,,,
,36,,,,,7.967,,,,,25.3,,,,,0.012,,,,
,37,,,,,7.979,,,,,25.3,,,,,0.012,,,,
,38,,,,,7.991,,,,,25.3,,,,,0.012,,,,
,39,,,,,8.002,,,,,25.3,,,,,0.011,,,,
,40,,,,,8.011,,,,,25.3,,,,,0.009,,,,
,41,,,,,8.020,,,,,25.3,,,,,0.009,,,,
,42,,,,,8.028,,,,,25.3,,,,,0.008,,,,
,43,,,,,8.034,,,,,25.3,,,,,0.006,,,,
,44,,,,,8.041,,,,,25.3,,,,,0.007,,,,
,45,,,,,8.047,,,,,25.3,,,,,0.006,,,,
,46,,,,,8.052,,,,,25.3,,,,,0.005,,,,
,47,,,,,8.057,,,,,25.3,,,,,0.005,,,,
,48,,,,,8.061,,,,,25.3,,,,,0.004,,,,
,49,,,,,8.065,,,,,25.3,,,,,0.004,,,,
,50,,,,,8.069,,,,,25.3,,,,,0.004,,,,
,51,,,,,8.072,,,,,25.3,,,,,0.003,,,,
,52,,,,,8.075,,,,,25.3,,,,,0.003,,,,
,53,,,,,8.078,,,,,25.3,,,,,0.003,,,,
,54,,,,,8.080,,,,,25.3,,,,,0.002,,,,
,55,,,,,8.082,,,,,25.3,,,,,0.002,,,,
,56,,,,,8.084,,,,,25.3,,,,,0.002,,,,
,57,,,,,8.086,,,,,25.3,,,,,0.002,,,,
,58,,,,,8.087,,,,,25.3,,,,,0.001,,,,
,59,,,,,8.089,,,,,25.3,,,,,0.002,,,,
,60,,,,,8.091,,,,,25.3,,,,,0.002,,,,
Titration (EQP) [1],,,,,,,,"Scope 1/1, Sample 54/66",,,,,,,,,,,,
Measured Values,,,,,"Scope 1/1, Sample 54/66",,,,,,,,,,,,,,,
,Time,,V,,,Meas. value,,,dV,,Temp.,,,dE,,,dE/dV,,,EQP
,[s],,[mL],,,[pH],,,[mL],,[°C],,,[pH],,,[pH/mL],,,
,0,,0.00000,,,8.093,,,,,25.3,,,,,,,,,
,28,,0.08575,,,7.582,,,0.08575,,25.3,,,-0.511,,,,,,
,58,,0.12850,,,7.282,,,0.04275,,25.3,,,-0.300,,,,,,
,88,,0.15000,,,7.147,,,0.02150,,25.3,,,-0.135,,,,,,
,180,,0.17400,,,7.045,,,0.02400,,25.3,,,-0.102,,,,,,
,210,,0.22225,,,6.916,,,0.04825,,25.3,,,-0.129,,,-3.13,,,
,240,,0.27225,,,6.786,,,0.05000,,25.3,,,-0.130,,,-2.36,,,
,270,,0.32225,,,6.673,,,0.05000,,25.3,,,-0.113,,,-2.17,,,
,301,,0.37225,,,6.560,,,0.05000,,25.3,,,-0.113,,,-2.07,,,
,331,,0.42225,,,6.468,,,0.05000,,25.3,,,-0.092,,,-1.95,,,
,361,,0.47225,,,6.360,,,0.05000,,25.3,,,-0.108,,,-1.83,,,
,391,,0.52225,,,6.280,,,0.05000,,25.3,,,-0.080,,,-1.75,,,
,422,,0.57225,,,6.190,,,0.05000,,25.3,,,-0.090,,,-1.66,,,
,452,,0.62225,,,6.113,,,0.05000,,25.3,,,-0.077,,,-1.65,,,
,482,,0.67225,,,6.023,,,0.05000,,25.3,,,-0.090,,,-1.68,,,
,512,,0.72225,,,5.938,,,0.05000,,25.3,,,-0.085,,,-1.80,,,
,543,,0.77225,,,5.849,,,0.05000,,25.3,,,-0.089,,,-1.98,,,
,573,,0.82225,,,5.732,,,0.05000,,25.3,,,-0.117,,,-2.30,,,
,603,,0.87225,,,5.614,,,0.05000,,25.3,,,-0.118,,,-2.79,,,
,633,,0.92225,,,5.461,,,0.05000,,25.3,,,-0.153,,,-3.65,,,
,664,,0.96200,,,5.310,,,0.03975,,25.3,,,-0.151,,,-4.71,,,
,694,,0.99075,,,5.170,,,0.02875,,25.3,,,-0.140,,,-5.76,,,
,724,,1.01250,,,5.040,,,0.02175,,25.3,,,-0.130,,,-6.76,,,
,754,,1.03100,,,4.902,,,0.01850,,25.3,,,-0.138,,,-7.63,,,
,784,,1.04575,,,4.775,,,0.01475,,25.3,,,-0.127,,,-8.51,,,
,815,,1.05925,,,4.643,,,0.01350,,25.3,,,-0.132,,,-9.27,,,
,845,,1.07175,,,4.519,,,0.01250,,25.3,,,-0.124,,,-9.18,,,
,875,,1.08500,,,4.394,,,0.01325,,25.3,,,-0.125,,,-8.35,,,
,,,1.085501,,,4.390,,,,,,,,,,,,,,EQP
,906,,1.10025,,,4.266,,,0.01525,,25.3,,,-0.128,,,-7.41,,,
,936,,1.11825,,,4.138,,,0.01800,,25.3,,,-0.128,,,-6.49,,,
,966,,1.14100,,,4.008,,,0.02275,,25.3,,,-0.130,,,-5.42,,,
,996,,1.17050,,,3.876,,,0.02950,,25.3,,,-0.132,,,-4.29,,,
,1026,,1.20875,,,3.745,,,0.03825,,25.3,,,-0.131,,,-3.24,,,
,1057,,1.25875,,,3.616,,,0.05000,,25.3,,,-0.129,,,-2.36,,,
,1087,,1.30875,,,3.515,,,0.05000,,25.3,,,-0.101,,,-1.82,,,
,1117,,1.35875,,,3.433,,,0.05000,,25.3,,,-0.082,,,-1.49,,,
,1147,,1.40875,,,3.363,,,0.05000,,25.3,,,-0.070,,,-1.27,,,
,1178,,1.45875,,,3.303,,,0.05000,,25.3,,,-0.060,,,-1.11,,,
,1208,,1.50875,,,3.250,,,0.05000,,25.3,,,-0.053,,,-0.99,,,
,1238,,1.55875,,,3.203,,,0.05000,,25.3,,,-0.047,,,-0.89,,,
,1268,,1.60875,,,3.161,,,0.05000,,25.3,,,-0.042,,,-0.81,,,
,1299,,1.65875,,,3.122,,,0.05000,,25.3,,,-0.039,,,,,,
,1329,,1.70875,,,3.086,,,0.05000,,25.3,,,-0.036,,,,,,
,1359,,1.75875,,,3.053,,,0.05000,,25.3,,,-0.033,,,,,,
,1389,,1.80875,,,3.023,,,0.05000,,25.3,,,-0.030,,,,,,
,1420,,1.85875,,,2.994,,,0.05000,,25.3,,,-0.029,,,,,,
Measure (normal) [1],,,,,,,,"Scope 1/1, Sample 55/66",,,,,,,,,,,,
Measured Values,,,,,"Scope 1/1, Sample 55/66",,,,,,,,,,,,,,,
,Time,,,,,Meas. value,,,,,Temp.,,,,,dE,,,,
,[s],,,,,[pH],,,,,[°C],,,,,[pH],,,,
,1,,,,,4.471,,,,,23.6,,,,,,,,,
,2,,,,,4.903,,,,,23.7,,,,,0.432,,,,
,3,,,,,5.321,,,,,24.0,,,,,0.418,,,,
,4,,,,,5.727,,,,,24.2,,,,,0.406,,,,
,5,,,,,6.102,,,,,24.4,,,,,0.375,,,,
,6,,,,,6.434,,,,,24.6,,,,,0.332,,,,
,7,,,,,6.712,,,,,24.8,,,,,0.278,,,,
,8,,,,,6.928,,,,,24.9,,,,,0.216,,,,
,9,,,,,7.131,,,,,25.0,,,,,0.203,,,,
,10,,,,,7.302,,,,,25.1,,,,,0.171,,,,
,11,,,,,7.436,,,,,25.1,,,,,0.134,,,,
,12,,,,,7.544,,,,,25.2,,,,,0.108,,,,
,13,,,,,7.632,,,,,25.2,,,,,0.088,,,,
,14,,,,,7.705,,,,,25.2,,,,,0.073,,,,
,15,,,,,7.759,,,,,25.2,,,,,0.054,,,,
,16,,,,,7.807,,,,,25.3,,,,,0.048,,,,
,17,,,,,7.847,,,,,25.3,,,,,0.040,,,,
,18,,,,,7.879,,,,,25.3,,,,,0.032,,,,
,19,,,,,7.905,,,,,25.3,,,,,0.026,,,,
,20,,,,,7.927,,,,,25.3,,,,,0.022,,,,
,21,,,,,7.944,,,,,25.3,,,,,0.017,,,,
,22,,,,,7.957,,,,,25.3,,,,,0.013,,,,
,23,,,,,7.969,,,,,25.3,,,,,0.012,,,,
,24,,,,,7.979,,,,,25.3,,,,,0.010,,,,
,25,,,,,7.987,,,,,25.3,,,,,0.008,,,,
,26,,,,,7.994,,,,,25.3,,,,,0.007,,,,
,27,,,,,8.000,,,,,25.3,,,,,0.006,,,,
,28,,,,,8.005,,,,,25.3,,,,,0.005,,,,
,29,,,,,8.009,,,,,25.3,,,,,0.004,,,,
,30,,,,,8.012,,,,,25.3,,,,,0.003,,,,
,31,,,,,8.016,,,,,25.3,,,,,0.004,,,,
,32,,,,,8.018,,,,,25.3,,,,,0.002,,,,
,33,,,,,8.021,,,,,25.3,,,,,0.003,,,,
,34,,,,,8.022,,,,,25.3,,,,,0.001,,,,
,35,,,,,8.024,,,,,25.3,,,,,0.002,,,,
,36,,,,,8.026,,,,,25.3,,,,,0.002,,,,
,37,,,,,8.027,,,,,25.3,,,,,0.001,,,,
,38,,,,,8.029,,,,,25.3,,,,,0.002,,,,
,39,,,,,8.030,,,,,25.3,,,,,0.001,,,,
,40,,,,,8.031,,,,,25.3,,,,,0.001,,,,
,41,,,,,8.032,,,,,25.3,,,,,0.001,,,,
,42,,,,,8.033,,,,,25.3,,,,,0.001,,,,
,43,,,,,8.034,,,,,25.3,,,,,0.001,,,,
,44,,,,,8.035,,,,,25.3,,,,,0.001,,,,
,45,,,,,8.035,,,,,25.3,,,,,0.000,,,,
,46,,,,,8.036,,,,,25.3,,,,,0.001,,,,
,47,,,,,8.036,,,,,25.3,,,,,0.000,,,,
,48,,,,,8.037,,,,,25.3,,,,,0.001,,,,
,49,,,,,8.037,,,,,25.3,,,,,0.000,,,,
,50,,,,,8.038,,,,,25.3,,,,,0.001,,,,
,51,,,,,8.039,,,,,25.3,,,,,0.001,,,,
,52,,,,,8.039,,,,,25.3,,,,,0.000,,,,
,53,,,,,8.040,,,,,25.3,,,,,0.001,,,,
,54,,,,,8.040,,,,,25.3,,,,,0.000,,,,
,55,,,,,8.040,,,,,25.3,,,,,0.000,,,,
,56,,,,,8.041,,,,,25.3,,,,,0.001,,,,
,57,,,,,8.041,,,,,25.3,,,,,0.000,,,,
,58,,,,,8.042,,,,,25.3,,,,,0.001,,,,
,59,,,,,8.042,,,,,25.3,,,,,0.000,,,,
,60,,,,,8.042,,,,,25.3,,,,,0.000,,,,
Titration (EQP) [1],,,,,,,,"Scope 1/1, Sample 55/66",,,,,,,,,,,,
Measured Values,,,,,"Scope 1/1, Sample 55/66",,,,,,,,,,,,,,,
,Time,,V,,,Meas. value,,,dV,,Temp.,,,dE,,,dE/dV,,,EQP
,[s],,[mL],,,[pH],,,[mL],,[°C],,,[pH],,,[pH/mL],,,
,0,,0.00000,,,8.042,,,,,25.3,,,,,,,,,
,28,,0.08575,,,7.764,,,0.08575,,25.3,,,-0.278,,,,,,
,58,,0.12850,,,7.511,,,0.04275,,25.3,,,-0.253,,,,,,
,88,,0.15000,,,7.367,,,0.02150,,25.3,,,-0.144,,,,,,
,179,,0.16775,,,7.278,,,0.01775,,25.3,,,-0.089,,,,,,
,209,,0.20400,,,7.104,,,0.03625,,25.3,,,-0.174,,,-4.44,,,
,239,,0.23375,,,6.990,,,0.02975,,25.3,,,-0.114,,,-3.68,,,
,269,,0.27850,,,6.842,,,0.04475,,25.3,,,-0.148,,,-3.01,,,
,300,,0.32575,,,6.721,,,0.04725,,25.3,,,-0.121,,,-2.51,,,
,330,,0.37575,,,6.608,,,0.05000,,25.3,,,-0.113,,,-2.18,,,
,360,,0.42575,,,6.500,,,0.05000,,25.3,,,-0.108,,,-1.97,,,
,390,,0.47575,,,6.403,,,0.05000,,25.3,,,-0.097,,,-1.82,,,
,421,,0.52575,,,6.322,,,0.05000,,25.3,,,-0.081,,,-1.70,,,
,451,,0.57575,,,6.229,,,0.05000,,25.3,,,-0.093,,,-1.57,,,
,481,,0.62575,,,6.161,,,0.05000,,25.3,,,-0.068,,,-1.47,,,
,511,,0.67575,,,6.083,,,0.05000,,25.3,,,-0.078,,,-1.43,,,
,542,,0.72575,,,6.019,,,0.05000,,25.3,,,-0.064,,,-1.41,,,
,572,,0.77575,,,5.948,,,0.05000,,25.3,,,-0.071,,,-1.42,,,
,602,,0.82575,,,5.872,,,0.05000,,25.3,,,-0.076,,,-1.47,,,
,632,,0.87575,,,5.793,,,0.05000,,25.3,,,-0.079,,,-1.54,,,
,663,,0.92575,,,5.719,,,0.05000,,25.3,,,-0.074,,,-1.65,,,
,693,,0.97575,,,5.627,,,0.05000,,25.3,,,-0.092,,,-1.82,,,
,723,,1.02575,,,5.533,,,0.05000,,25.3,,,-0.094,,,-2.11,,,
,753,,1.07575,,,5.414,,,0.05000,,25.3,,,-0.119,,,-2.58,,,
,784,,1.12575,,,5.276,,,0.05000,,25.3,,,-0.138,,,-3.35,,,
,814,,1.17450,,,5.097,,,0.04875,,25.3,,,-0.179,,,-4.50,,,
,844,,1.20225,,,4.967,,,0.02775,,25.3,,,-0.130,,,-5.37,,,
,874,,1.22500,,,4.837,,,0.02275,,25.3,,,-0.130,,,-6.13,,,
,904,,1.24475,,,4.702,,,0.01975,,25.3,,,-0.135,,,-6.85,,,
,935,,1.26125,,,4.571,,,0.01650,,25.3,,,-0.131,,,-7.53,,,
,,,1.273023 ???,,,4.472 ???,,,,,,,,,,,,,,EQP
,965,,1.27625,,,4.445,,,0.01500,,25.3,,,-0.126,,,-7.87,,,
,995,,1.29150,,,4.319,,,0.01525,,25.3,,,-0.126,,,-7.29,,,
,1025,,1.30825,,,4.194,,,0.01675,,25.3,,,-0.125,,,-6.50,,,
,1056,,1.32825,,,4.067,,,0.02000,,25.3,,,-0.127,,,-5.72,,,
,1086,,1.35350,,,3.937,,,0.02525,,25.3,,,-0.130,,,-4.80,,,
,1116,,1.38575,,,3.807,,,0.03225,,25.3,,,-0.130,,,-3.81,,,
,1146,,1.42925,,,3.675,,,0.04350,,25.3,,,-0.132,,,-2.83,,,
,1177,,1.47925,,,3.559,,,0.05000,,25.3,,,-0.116,,,-2.11,,,
,1207,,1.52925,,,3.467,,,0.05000,,25.3,,,-0.092,,,-1.67,,,
,1237,,1.57925,,,3.390,,,0.05000,,25.3,,,-0.077,,,-1.38,,,
,1267,,1.62925,,,3.325,,,0.05000,,25.3,,,-0.065,,,-1.19,,,
,1298,,1.67925,,,3.269,,,0.05000,,25.3,,,-0.056,,,-1.05,,,
,1328,,1.72925,,,3.219,,,0.05000,,25.3,,,-0.050,,,-0.94,,,
,1358,,1.77925,,,3.174,,,0.05000,,25.3,,,-0.045,,,-0.85,,,
,1388,,1.82925,,,3.133,,,0.05000,,25.3,,,-0.041,,,,,,
,1418,,1.87925,,,3.096,,,0.05000,,25.3,,,-0.037,,,,,,
,1449,,1.92925,,,3.061,,,0.05000,,25.3,,,-0.035,,,,,,
,1479,,1.97925,,,3.029,,,0.05000,,25.3,,,-0.032,,,,,,
,1509,,2.02925,,,3.000,,,0.05000,,25.3,,,-0.029,,,,,,
Measure (normal) [1],,,,,,,,"Scope 1/1, Sample 56/66",,,,,,,,,,,,
Measured Values,,,,,"Scope 1/1, Sample 56/66",,,,,,,,,,,,,,,
,Time,,,,,Meas. value,,,,,Temp.,,,,,dE,,,,
,[s],,,,,[pH],,,,,[°C],,,,,[pH],,,,
,1,,,,,4.977,,,,,23.9,,,,,,,,,
,2,,,,,5.243,,,,,24.1,,,,,0.266,,,,
,3,,,,,5.503,,,,,24.3,,,,,0.260,,,,
,4,,,,,5.719,,,,,24.5,,,,,0.216,,,,
,5,,,,,5.908,,,,,24.6,,,,,0.189,,,,
,6,,,,,6.084,,,,,24.8,,,,,0.176,,,,
,7,,,,,6.252,,,,,24.9,,,,,0.168,,,,
,8,,,,,6.394,,,,,25.0,,,,,0.142,,,,
,9,,,,,6.546,,,,,25.1,,,,,0.152,,,,
,10,,,,,6.688,,,,,25.1,,,,,0.142,,,,
,11,,,,,6.820,,,,,25.2,,,,,0.132,,,,
,12,,,,,6.944,,,,,25.2,,,,,0.124,,,,
,13,,,,,7.054,,,,,25.2,,,,,0.110,,,,
,14,,,,,7.157,,,,,25.2,,,,,0.103,,,,
,15,,,,,7.242,,,,,25.3,,,,,0.085,,,,
,16,,,,,7.324,,,,,25.3,,,,,0.082,,,,
,17,,,,,7.402,,,,,25.3,,,,,0.078,,,,
,18,,,,,7.473,,,,,25.3,,,,,0.071,,,,
,19,,,,,7.536,,,,,25.3,,,,,0.063,,,,
,20,,,,,7.593,,,,,25.3,,,,,0.057,,,,
,21,,,,,7.645,,,,,25.3,,,,,0.052,,,,
,22,,,,,7.689,,,,,25.3,,,,,0.044,,,,
,23,,,,,7.734,,,,,25.3,,,,,0.045,,,,
,24,,,,,7.775,,,,,25.3,,,,,0.041,,,,
,25,,,,,7.812,,,,,25.3,,,,,0.037,,,,
,26,,,,,7.846,,,,,25.3,,,,,0.034,,,,
,27,,,,,7.877,,,,,25.3,,,,,0.031,,,,
,28,,,,,7.904,,,,,25.3,,,,,0.027,,,,
,29,,,,,7.927,,,,,25.3,,,,,0.023,,,,
,30,,,,,7.949,,,,,25.3,,,,,0.022,,,,
,31,,,,,7.969,,,,,25.3,,,,,0.020,,,,
,32,,,,,7.988,,,,,25.3,,,,,0.019,,,,
,33,,,,,8.005,,,,,25.3,,,,,0.017,,,,
,34,,,,,8.020,,,,,25.3,,,,,0.015,,,,
,35,,,,,8.033,,,,,25.3,,,,,0.013,,,,
,36,,,,,8.044,,,,,25.3,,,,,0.011,,,,
,37,,,,,8.056,,,,,25.3,,,,,0.012,,,,
,38,,,,,8.066,,,,,25.3,,,,,0.010,,,,
,39,,,,,8.076,,,,,25.3,,,,,0.010,,,,
,40,,,,,8.084,,,,,25.3,,,,,0.008,,,,
,41,,,,,8.091,,,,,25.3,,,,,0.007,,,,
,42,,,,,8.098,,,,,25.3,,,,,0.007,,,,
,43,,,,,8.104,,,,,25.3,,,,,0.006,,,,
,44,,,,,8.109,,,,,25.3,,,,,0.005,,,,
,45,,,,,8.114,,,,,25.3,,,,,0.005,,,,
,46,,,,,8.119,,,,,25.3,,,,,0.005,,,,
,47,,,,,8.123,,,,,25.3,,,,,0.004,,,,
,48,,,,,8.127,,,,,25.3,,,,,0.004,,,,
,49,,,,,8.130,,,,,25.3,,,,,0.003,,,,
,50,,,,,8.133,,,,,25.3,,,,,0.003,,,,
,51,,,,,8.136,,,,,25.3,,,,,0.003,,,,
,52,,,,,8.138,,,,,25.3,,,,,0.002,,,,
,53,,,,,8.140,,,,,25.3,,,,,0.002,,,,
,54,,,,,8.143,,,,,25.3,,,,,0.003,,,,
,55,,,,,8.144,,,,,25.3,,,,,0.001,,,,
,56,,,,,8.146,,,,,25.3,,,,,0.002,,,,
,57,,,,,8.147,,,,,25.3,,,,,0.001,,,,
,58,,,,,8.149,,,,,25.3,,,,,0.002,,,,
,59,,,,,8.150,,,,,25.3,,,,,0.001,,,,
,60,,,,,8.151,,,,,25.3,,,,,0.001,,,,
Titration (EQP) [1],,,,,,,,"Scope 1/1, Sample 56/66",,,,,,,,,,,,
Measured Values,,,,,"Scope 1/1, Sample 56/66",,,,,,,,,,,,,,,
,Time,,V,,,Meas. value,,,dV,,Temp.,,,dE,,,dE/dV,,,EQP
,[s],,[mL],,,[pH],,,[mL],,[°C],,,[pH],,,[pH/mL],,,
,0,,0.00000,,,8.154,,,,,25.3,,,,,,,,,
,28,,0.08575,,,7.636,,,0.08575,,25.3,,,-0.518,,,,,,
,59,,0.12850,,,7.325,,,0.04275,,25.3,,,-0.311,,,,,,
,89,,0.15000,,,7.192,,,0.02150,,25.3,,,-0.133,,,,,,
,180,,0.17625,,,7.071,,,0.02625,,25.3,,,-0.121,,,,,,
,210,,0.21575,,,6.956,,,0.03950,,25.3,,,-0.115,,,-3.32,,,
,240,,0.26575,,,6.840,,,0.05000,,25.3,,,-0.116,,,-2.46,,,
,270,,0.31575,,,6.715,,,0.05000,,25.3,,,-0.125,,,-2.23,,,
,301,,0.36575,,,6.613,,,0.05000,,25.3,,,-0.102,,,-2.11,,,
,331,,0.41575,,,6.488,,,0.05000,,25.3,,,-0.125,,,-2.00,,,
,361,,0.46575,,,6.411,,,0.05000,,25.3,,,-0.077,,,-1.85,,,
,391,,0.51575,,,6.311,,,0.05000,,25.3,,,-0.100,,,-1.70,,,
,422,,0.56575,,,6.232,,,0.05000,,25.3,,,-0.079,,,-1.62,,,
,452,,0.61575,,,6.156,,,0.05000,,25.3,,,-0.076,,,-1.60,,,
,482,,0.66575,,,6.075,,,0.05000,,25.3,,,-0.081,,,-1.68,,,
,512,,0.71575,,,5.985,,,0.05000,,25.3,,,-0.090,,,-1.75,,,
,543,,0.76575,,,5.892,,,0.05000,,25.3,,,-0.093,,,-1.93,,,
,573,,0.81575,,,5.786,,,0.05000,,25.3,,,-0.106,,,-2.18,,,
,603,,0.86575,,,5.675,,,0.05000,,25.3,,,-0.111,,,-2.56,,,
,633,,0.91575,,,5.536,,,0.05000,,25.3,,,-0.139,,,-3.24,,,
,664,,0.96350,,,5.368,,,0.04775,,25.3,,,-0.168,,,-4.34,,,
,694,,0.99425,,,5.231,,,0.03075,,25.3,,,-0.137,,,-5.37,,,
,724,,1.01800,,,5.099,,,0.02375,,25.3,,,-0.132,,,-6.38,,,
,754,,1.03775,,,4.963,,,0.01975,,25.3,,,-0.136,,,-7.29,,,
,784,,1.05375,,,4.832,,,0.01600,,25.3,,,-0.131,,,-8.11,,,
,815,,1.06750,,,4.705,,,0.01375,,25.3,,,-0.127,,,-9.01,,,
,,,1.077939 ???,,,4.603 ???,,,,,,,,,,,,,,EQP
,845,,1.08075,,,4.575,,,0.01325,,25.3,,,-0.130,,,-9.26,,,
,875,,1.09375,,,4.448,,,0.01300,,25.3,,,-0.127,,,-8.62,,,
,906,,1.10775,,,4.326,,,0.01400,,25.3,,,-0.122,,,-7.70,,,
,936,,1.12525,,,4.194,,,0.01750,,25.3,,,-0.132,,,-6.79,,,
,966,,1.14625,,,4.065,,,0.02100,,25.3,,,-0.129,,,-5.78,,,
,996,,1.17325,,,3.932,,,0.02700,,25.3,,,-0.133,,,-4.66,,,
,1026,,1.20825,,,3.801,,,0.03500,,25.3,,,-0.131,,,-3.58,,,
,1057,,1.25525,,,3.669,,,0.04700,,25.3,,,-0.132,,,-2.60,,,
,1087,,1.30525,,,3.560,,,0.05000,,25.3,,,-0.109,,,-1.97,,,
,1117,,1.35525,,,3.472,,,0.05000,,25.3,,,-0.088,,,-1.59,,,
,1147,,1.40525,,,3.398,,,0.05000,,25.3,,,-0.074,,,-1.34,,,
,1178,,1.45525,,,3.336,,,0.05000,,25.3,,,-0.062,,,-1.16,,,
,1208,,1.50525,,,3.280,,,0.05000,,25.3,,,-0.056,,,-1.03,,,
,1238,,1.55525,,,3.231,,,0.05000,,25.3,,,-0.049,,,-0.92,,,
,1268,,1.60525,,,3.187,,,0.05000,,25.3,,,-0.044,,,-0.83,,,
,1299,,1.65525,,,3.147,,,0.05000,,25.3,,,-0.040,,,-0.76,,,
,1329,,1.70525,,,3.111,,,0.05000,,25.3,,,-0.036,,,,,,
,1359,,1.75525,,,3.077,,,0.05000,,25.3,,,-0.034,,,,,,
,1389,,1.80525,,,3.045,,,0.05000,,25.3,,,-0.032,,,,,,
,1420,,1.85525,,,3.016,,,0.05000,,25.3,,,-0.029,,,,,,
,1450,,1.90525,,,2.988,,,0.05000,,25.3,,,-0.028,,,,,,
Measure (normal) [1],,,,,,,,"Scope 1/1, Sample 57/66",,,,,,,,,,,,
Measured Values,,,,,"Scope 1/1, Sample 57/66",,,,,,,,,,,,,,,
,Time,,,,,Meas. value,,,,,Temp.,,,,,dE,,,,
,[s],,,,,[pH],,,,,[°C],,,,,[pH],,,,
,1,,,,,4.783,,,,,23.8,,,,,,,,,
,2,,,,,5.066,,,,,23.9,,,,,0.283,,,,
,3,,,,,5.335,,,,,24.1,,,,,0.269,,,,
,4,,,,,5.563,,,,,24.4,,,,,0.228,,,,
,5,,,,,5.764,,,,,24.6,,,,,0.201,,,,
,6,,,,,5.951,,,,,24.7,,,,,0.187,,,,
,7,,,,,6.124,,,,,24.8,,,,,0.173,,,,
,8,,,,,6.271,,,,,24.9,,,,,0.147,,,,
,9,,,,,6.428,,,,,25.0,,,,,0.157,,,,
,10,,,,,6.574,,,,,25.1,,,,,0.146,,,,
,11,,,,,6.712,,,,,25.1,,,,,0.138,,,,
,12,,,,,6.843,,,,,25.2,,,,,0.131,,,,
,13,,,,,6.962,,,,,25.2,,,,,0.119,,,,
,14,,,,,7.066,,,,,25.2,,,,,0.104,,,,
,15,,,,,7.156,,,,,25.3,,,,,0.090,,,,
,16,,,,,7.248,,,,,25.3,,,,,0.092,,,,
,17,,,,,7.330,,,,,25.3,,,,,0.082,,,,
,18,,,,,7.406,,,,,25.3,,,,,0.076,,,,
,19,,,,,7.475,,,,,25.3,,,,,0.069,,,,
,20,,,,,7.539,,,,,25.3,,,,,0.064,,,,
,21,,,,,7.596,,,,,25.3,,,,,0.057,,,,
,22,,,,,7.643,,,,,25.3,,,,,0.047,,,,
,23,,,,,7.691,,,,,25.3,,,,,0.048,,,,
,24,,,,,7.733,,,,,25.3,,,,,0.042,,,,
,25,,,,,7.771,,,,,25.3,,,,,0.038,,,,
,26,,,,,7.807,,,,,25.3,,,,,0.036,,,,
,27,,,,,7.839,,,,,25.3,,,,,0.032,,,,
,28,,,,,7.868,,,,,25.3,,,,,0.029,,,,
,29,,,,,7.891,,,,,25.3,,,,,0.023,,,,
,30,,,,,7.914,,,,,25.3,,,,,0.023,,,,
,31,,,,,7.935,,,,,25.3,,,,,0.021,,,,
,32,,,,,7.953,,,,,25.3,,,,,0.018,,,,
,33,,,,,7.971,,,,,25.3,,,,,0.018,,,,
,34,,,,,7.987,,,,,25.3,,,,,0.016,,,,
,35,,,,,8.001,,,,,25.3,,,,,0.014,,,,
,36,,,,,8.013,,,,,25.3,,,,,0.012,,,,
,37,,,,,8.025,,,,,25.3,,,,,0.012,,,,
,38,,,,,8.035,,,,,25.3,,,,,0.010,,,,
,39,,,,,8.045,,,,,25.3,,,,,0.010,,,,
,40,,,,,8.054,,,,,25.3,,,,,0.009,,,,
,41,,,,,8.062,,,,,25.3,,,,,0.008,,,,
,42,,,,,8.069,,,,,25.3,,,,,0.007,,,,
,43,,,,,8.075,,,,,25.3,,,,,0.006,,,,
,44,,,,,8.081,,,,,25.3,,,,,0.006,,,,
,45,,,,,8.087,,,,,25.3,,,,,0.006,,,,
,46,,,,,8.092,,,,,25.3,,,,,0.005,,,,
,47,,,,,8.096,,,,,25.3,,,,,0.004,,,,
,48,,,,,8.100,,,,,25.3,,,,,0.004,,,,
,49,,,,,8.104,,,,,25.3,,,,,0.004,,,,
,50,,,,,8.107,,,,,25.3,,,,,0.003,,,,
,51,,,,,8.110,,,,,25.3,,,,,0.003,,,,
,52,,,,,8.113,,,,,25.3,,,,,0.003,,,,
,53,,,,,8.115,,,,,25.3,,,,,0.002,,,,
,54,,,,,8.117,,,,,25.3,,,,,0.002,,,,
,55,,,,,8.120,,,,,25.3,,,,,0.003,,,,
,56,,,,,8.121,,,,,25.3,,,,,0.001,,,,
,57,,,,,8.123,,,,,25.3,,,,,0.002,,,,
,58,,,,,8.125,,,,,25.3,,,,,0.002,,,,
,59,,,,,8.126,,,,,25.3,,,,,0.001,,,,
,60,,,,,8.127,,,,,25.3,,,,,0.001,,,,
Titration (EQP) [1],,,,,,,,"Scope 1/1, Sample 57/66",,,,,,,,,,,,
Measured Values,,,,,"Scope 1/1, Sample 57/66",,,,,,,,,,,,,,,
,Time,,V,,,Meas. value,,,dV,,Temp.,,,dE,,,dE/dV,,,EQP
,[s],,[mL],,,[pH],,,[mL],,[°C],,,[pH],,,[pH/mL],,,
,0,,0.00000,,,8.130,,,,,25.3,,,,,,,,,
,28,,0.08575,,,7.619,,,0.08575,,25.3,,,-0.511,,,,,,
,58,,0.12850,,,7.312,,,0.04275,,25.3,,,-0.307,,,,,,
,88,,0.15000,,,7.165,,,0.02150,,25.3,,,-0.147,,,,,,
,179,,0.17125,,,7.069,,,0.02125,,25.3,,,-0.096,,,,,,
,209,,0.21700,,,6.957,,,0.04575,,25.3,,,-0.112,,,-3.27,,,
,239,,0.26700,,,6.832,,,0.05000,,25.3,,,-0.125,,,-2.44,,,
,269,,0.31700,,,6.705,,,0.05000,,25.3,,,-0.127,,,-2.21,,,
,300,,0.36700,,,6.578,,,0.05000,,25.3,,,-0.127,,,-2.12,,,
,330,,0.41700,,,6.491,,,0.05000,,25.3,,,-0.087,,,-2.01,,,
,360,,0.46700,,,6.398,,,0.05000,,25.3,,,-0.093,,,-1.84,,,
,390,,0.51700,,,6.309,,,0.05000,,25.3,,,-0.089,,,-1.70,,,
,420,,0.56700,,,6.210,,,0.05000,,25.3,,,-0.099,,,-1.66,,,
,451,,0.61700,,,6.137,,,0.05000,,25.3,,,-0.073,,,-1.67,,,
,481,,0.66700,,,6.057,,,0.05000,,25.3,,,-0.080,,,-1.69,,,
,511,,0.71700,,,5.969,,,0.05000,,25.3,,,-0.088,,,-1.77,,,
,542,,0.76700,,,5.870,,,0.05000,,25.3,,,-0.099,,,-1.95,,,
,572,,0.81700,,,5.767,,,0.05000,,25.3,,,-0.103,,,-2.27,,,
,602,,0.86700,,,5.644,,,0.05000,,25.3,,,-0.123,,,-2.71,,,
,632,,0.91700,,,5.501,,,0.05000,,25.3,,,-0.143,,,-3.48,,,
,662,,0.96200,,,5.330,,,0.04500,,25.3,,,-0.171,,,-4.64,,,
,693,,0.98925,,,5.204,,,0.02725,,25.3,,,-0.126,,,-5.64,,,
,723,,1.01325,,,5.062,,,0.02400,,25.3,,,-0.142,,,-6.71,,,
,753,,1.03125,,,4.931,,,0.01800,,25.3,,,-0.131,,,-7.59,,,
,783,,1.04650,,,4.801,,,0.01525,,25.3,,,-0.130,,,-8.43,,,
,814,,1.06000,,,4.669,,,0.01350,,25.3,,,-0.132,,,-9.35,,,
,,,1.068029 ???,,,4.589 ???,,,,,,,,,,,,,,EQP
,844,,1.07250,,,4.544,,,0.01250,,25.3,,,-0.125,,,-9.41,,,
,874,,1.08550,,,4.417,,,0.01300,,25.3,,,-0.127,,,-8.64,,,
,904,,1.09975,,,4.292,,,0.01425,,25.3,,,-0.125,,,-7.68,,,
,935,,1.11700,,,4.163,,,0.01725,,25.3,,,-0.129,,,-6.76,,,
,965,,1.13825,,,4.035,,,0.02125,,25.3,,,-0.128,,,-5.71,,,
,995,,1.16650,,,3.901,,,0.02825,,25.3,,,-0.134,,,-4.54,,,
,1025,,1.20275,,,3.770,,,0.03625,,25.3,,,-0.131,,,-3.45,,,
,1056,,1.25175,,,3.637,,,0.04900,,25.3,,,-0.133,,,-2.49,,,
,1086,,1.30175,,,3.532,,,0.05000,,25.3,,,-0.105,,,-1.90,,,
,1116,,1.35175,,,3.447,,,0.05000,,25.3,,,-0.085,,,-1.54,,,
,1146,,1.40175,,,3.375,,,0.05000,,25.3,,,-0.072,,,-1.30,,,
,1176,,1.45175,,,3.314,,,0.05000,,25.3,,,-0.061,,,-1.13,,,
,1207,,1.50175,,,3.260,,,0.05000,,25.3,,,-0.054,,,-1.01,,,
,1237,,1.55175,,,3.212,,,0.05000,,25.3,,,-0.048,,,-0.90,,,
,1267,,1.60175,,,3.169,,,0.05000,,25.3,,,-0.043,,,-0.82,,,
,1298,,1.65175,,,3.129,,,0.05000,,25.3,,,-0.040,,,,,,
,1328,,1.70175,,,3.093,,,0.05000,,25.3,,,-0.036,,,,,,
,1358,,1.75175,,,3.060,,,0.05000,,25.3,,,-0.033,,,,,,
,1388,,1.80175,,,3.029,,,0.05000,,25.3,,,-0.031,,,,,,
,1418,,1.85175,,,3.000,,,0.05000,,25.3,,,-0.029,,,,,,
Measure (normal) [1],,,,,,,,"Scope 1/1, Sample 58/66",,,,,,,,,,,,
Measured Values,,,,,"Scope 1/1, Sample 58/66",,,,,,,,,,,,,,,
,Time,,,,,Meas. value,,,,,Temp.,,,,,dE,,,,
,[s],,,,,[pH],,,,,[°C],,,,,[pH],,,,
,1,,,,,4.774,,,,,23.9,,,,,,,,,
,2,,,,,5.059,,,,,24.0,,,,,0.285,,,,
,3,,,,,5.329,,,,,24.2,,,,,0.270,,,,
,4,,,,,5.556,,,,,24.4,,,,,0.227,,,,
,5,,,,,5.756,,,,,24.6,,,,,0.200,,,,
,6,,,,,5.942,,,,,24.7,,,,,0.186,,,,
,7,,,,,6.119,,,,,24.9,,,,,0.177,,,,
,8,,,,,6.268,,,,,25.0,,,,,0.149,,,,
,9,,,,,6.427,,,,,25.0,,,,,0.159,,,,
,10,,,,,6.573,,,,,25.1,,,,,0.146,,,,
,11,,,,,6.711,,,,,25.2,,,,,0.138,,,,
,12,,,,,6.840,,,,,25.2,,,,,0.129,,,,
,13,,,,,6.960,,,,,25.2,,,,,0.120,,,,
,14,,,,,7.066,,,,,25.2,,,,,0.106,,,,
,15,,,,,7.157,,,,,25.3,,,,,0.091,,,,
,16,,,,,7.251,,,,,25.3,,,,,0.094,,,,
,17,,,,,7.333,,,,,25.3,,,,,0.082,,,,
,18,,,,,7.410,,,,,25.3,,,,,0.077,,,,
,19,,,,,7.481,,,,,25.3,,,,,0.071,,,,
,20,,,,,7.544,,,,,25.3,,,,,0.063,,,,
,21,,,,,7.602,,,,,25.3,,,,,0.058,,,,
,22,,,,,7.649,,,,,25.3,,,,,0.047,,,,
,23,,,,,7.696,,,,,25.3,,,,,0.047,,,,
,24,,,,,7.738,,,,,25.3,,,,,0.042,,,,
,25,,,,,7.776,,,,,25.3,,,,,0.038,,,,
,26,,,,,7.811,,,,,25.3,,,,,0.035,,,,
,27,,,,,7.842,,,,,25.3,,,,,0.031,,,,
,28,,,,,7.870,,,,,25.3,,,,,0.028,,,,
,29,,,,,7.893,,,,,25.3,,,,,0.023,,,,
,30,,,,,7.917,,,,,25.3,,,,,0.024,,,,
,31,,,,,7.938,,,,,25.3,,,,,0.021,,,,
,32,,,,,7.957,,,,,25.3,,,,,0.019,,,,
,33,,,,,7.975,,,,,25.3,,,,,0.018,,,,
,34,,,,,7.990,,,,,25.3,,,,,0.015,,,,
,35,,,,,8.004,,,,,25.3,,,,,0.014,,,,
,36,,,,,8.015,,,,,25.3,,,,,0.011,,,,
,37,,,,,8.027,,,,,25.3,,,,,0.012,,,,
,38,,,,,8.037,,,,,25.3,,,,,0.010,,,,
,39,,,,,8.048,,,,,25.3,,,,,0.011,,,,
,40,,,,,8.056,,,,,25.3,,,,,0.008,,,,
,41,,,,,8.064,,,,,25.3,,,,,0.008,,,,
,42,,,,,8.070,,,,,25.3,,,,,0.006,,,,
,43,,,,,8.077,,,,,25.3,,,,,0.007,,,,
,44,,,,,8.083,,,,,25.3,,,,,0.006,,,,
,45,,,,,8.088,,,,,25.3,,,,,0.005,,,,
,46,,,,,8.093,,,,,25.3,,,,,0.005,,,,
,47,,,,,8.098,,,,,25.3,,,,,0.005,,,,
,48,,,,,8.101,,,,,25.3,,,,,0.003,,,,
,49,,,,,8.104,,,,,25.3,,,,,0.003,,,,
,50,,,,,8.108,,,,,25.3,,,,,0.004,,,,
,51,,,,,8.111,,,,,25.3,,,,,0.003,,,,
,52,,,,,8.113,,,,,25.3,,,,,0.002,,,,
,53,,,,,8.116,,,,,25.3,,,,,0.003,,,,
,54,,,,,8.118,,,,,25.3,,,,,0.002,,,,
,55,,,,,8.120,,,,,25.3,,,,,0.002,,,,
,56,,,,,8.122,,,,,25.3,,,,,0.002,,,,
,57,,,,,8.123,,,,,25.3,,,,,0.001,,,,
,58,,,,,8.125,,,,,25.3,,,,,0.002,,,,
,59,,,,,8.127,,,,,25.3,,,,,0.002,,,,
,60,,,,,8.128,,,,,25.3,,,,,0.001,,,,
Titration (EQP) [1],,,,,,,,"Scope 1/1, Sample 58/66",,,,,,,,,,,,
Measured Values,,,,,"Scope 1/1, Sample 58/66",,,,,,,,,,,,,,,
,Time,,V,,,Meas. value,,,dV,,Temp.,,,dE,,,dE/dV,,,EQP
,[s],,[mL],,,[pH],,,[mL],,[°C],,,[pH],,,[pH/mL],,,
,0,,0.00000,,,8.130,,,,,25.3,,,,,,,,,
,28,,0.08575,,,7.618,,,0.08575,,25.3,,,-0.512,,,,,,
,58,,0.12850,,,7.317,,,0.04275,,25.3,,,-0.301,,,,,,
,88,,0.15000,,,7.173,,,0.02150,,25.3,,,-0.144,,,,,,
,179,,0.17100,,,7.064,,,0.02100,,25.3,,,-0.109,,,,,,
,209,,0.20500,,,6.979,,,0.03400,,25.3,,,-0.085,,,-3.44,,,
,239,,0.25500,,,6.862,,,0.05000,,25.3,,,-0.117,,,-2.53,,,
,270,,0.30500,,,6.721,,,0.05000,,25.3,,,-0.141,,,-2.19,,,
,300,,0.35125,,,6.626,,,0.04625,,25.3,,,-0.095,,,-2.10,,,
,330,,0.40125,,,6.532,,,0.05000,,25.3,,,-0.094,,,-1.98,,,
,360,,0.45125,,,6.426,,,0.05000,,25.3,,,-0.106,,,-1.86,,,
,390,,0.50125,,,6.344,,,0.05000,,25.3,,,-0.082,,,-1.75,,,
,421,,0.55125,,,6.250,,,0.05000,,25.3,,,-0.094,,,-1.73,,,
,451,,0.60125,,,6.169,,,0.05000,,25.3,,,-0.081,,,-1.69,,,
,481,,0.65125,,,6.078,,,0.05000,,25.3,,,-0.091,,,-1.69,,,
,511,,0.70125,,,5.999,,,0.05000,,25.3,,,-0.079,,,-1.75,,,
,542,,0.75125,,,5.904,,,0.05000,,25.3,,,-0.095,,,-1.85,,,
,572,,0.80125,,,5.809,,,0.05000,,25.3,,,-0.095,,,-2.07,,,
,602,,0.85125,,,5.694,,,0.05000,,25.3,,,-0.115,,,-2.42,,,
,632,,0.90125,,,5.564,,,0.05000,,25.3,,,-0.130,,,-3.04,,,
,663,,0.95125,,,5.401,,,0.05000,,25.3,,,-0.163,,,-4.06,,,
,693,,0.98600,,,5.252,,,0.03475,,25.3,,,-0.149,,,-5.16,,,
,723,,1.01000,,,5.127,,,0.02400,,25.3,,,-0.125,,,-6.14,,,
,753,,1.03150,,,4.986,,,0.02150,,25.3,,,-0.141,,,-7.16,,,
,784,,1.04775,,,4.858,,,0.01625,,25.3,,,-0.128,,,-7.98,,,
,814,,1.06225,,,4.724,,,0.01450,,25.3,,,-0.134,,,-8.91,,,
,,,1.074458 ???,,,4.603 ???,,,,,,,,,,,,,,EQP
,844,,1.07475,,,4.600,,,0.01250,,25.3,,,-0.124,,,-9.47,,,
,874,,1.08750,,,4.472,,,0.01275,,25.3,,,-0.128,,,-9.02,,,
,904,,1.10100,,,4.348,,,0.01350,,25.3,,,-0.124,,,-8.07,,,
,935,,1.11700,,,4.219,,,0.01600,,25.3,,,-0.129,,,-7.16,,,
,965,,1.13650,,,4.089,,,0.01950,,25.3,,,-0.130,,,-6.16,,,
,995,,1.16100,,,3.961,,,0.02450,,25.3,,,-0.128,,,-5.05,,,
,1025,,1.19400,,,3.826,,,0.03300,,25.3,,,-0.135,,,-3.89,,,
,1056,,1.23675,,,3.695,,,0.04275,,25.3,,,-0.131,,,-2.87,,,
,1086,,1.28675,,,3.578,,,0.05000,,25.3,,,-0.117,,,-2.13,,,
,1116,,1.33675,,,3.485,,,0.05000,,25.3,,,-0.093,,,-1.68,,,
,1146,,1.38675,,,3.408,,,0.05000,,25.3,,,-0.077,,,-1.39,,,
,1177,,1.43675,,,3.342,,,0.05000,,25.3,,,-0.066,,,-1.20,,,
,1207,,1.48675,,,3.285,,,0.05000,,25.3,,,-0.057,,,-1.06,,,
,1237,,1.53675,,,3.235,,,0.05000,,25.3,,,-0.050,,,-0.95,,,
,1267,,1.58675,,,3.189,,,0.05000,,25.3,,,-0.046,,,-0.86,,,
,1298,,1.63675,,,3.148,,,0.05000,,25.3,,,-0.041,,,-0.78,,,
,1328,,1.68675,,,3.110,,,0.05000,,25.3,,,-0.038,,,,,,
,1358,,1.73675,,,3.076,,,0.05000,,25.3,,,-0.034,,,,,,
,1388,,1.78675,,,3.044,,,0.05000,,25.3,,,-0.032,,,,,,
,1418,,1.83675,,,3.015,,,0.05000,,25.3,,,-0.029,,,,,,
,1449,,1.88675,,,2.987,,,0.05000,,25.3,,,-0.028,,,,,,
Measure (normal) [1],,,,,,,,"Scope 1/1, Sample 59/66",,,,,,,,,,,,
Measured Values,,,,,"Scope 1/1, Sample 59/66",,,,,,,,,,,,,,,
,Time,,,,,Meas. value,,,,,Temp.,,,,,dE,,,,
,[s],,,,,[pH],,,,,[°C],,,,,[pH],,,,
,1,,,,,4.772,,,,,23.7,,,,,,,,,
,2,,,,,5.054,,,,,23.9,,,,,0.282,,,,
,3,,,,,5.330,,,,,24.1,,,,,0.276,,,,
,4,,,,,5.559,,,,,24.3,,,,,0.229,,,,
,5,,,,,5.761,,,,,24.5,,,,,0.202,,,,
,6,,,,,5.948,,,,,24.7,,,,,0.187,,,,
,7,,,,,6.127,,,,,24.8,,,,,0.179,,,,
,8,,,,,6.278,,,,,24.9,,,,,0.151,,,,
,9,,,,,6.439,,,,,25.0,,,,,0.161,,,,
,10,,,,,6.590,,,,,25.1,,,,,0.151,,,,
,11,,,,,6.732,,,,,25.1,,,,,0.142,,,,
,12,,,,,6.861,,,,,25.2,,,,,0.129,,,,
,13,,,,,6.981,,,,,25.2,,,,,0.120,,,,
,14,,,,,7.085,,,,,25.2,,,,,0.104,,,,
,15,,,,,7.177,,,,,25.3,,,,,0.092,,,,
,16,,,,,7.266,,,,,25.3,,,,,0.089,,,,
,17,,,,,7.349,,,,,25.3,,,,,0.083,,,,
,18,,,,,7.424,,,,,25.3,,,,,0.075,,,,
,19,,,,,7.492,,,,,25.3,,,,,0.068,,,,
,20,,,,,7.555,,,,,25.3,,,,,0.063,,,,
,21,,,,,7.611,,,,,25.3,,,,,0.056,,,,
,22,,,,,7.657,,,,,25.3,,,,,0.046,,,,
,23,,,,,7.703,,,,,25.3,,,,,0.046,,,,
,24,,,,,7.744,,,,,25.3,,,,,0.041,,,,
,25,,,,,7.781,,,,,25.3,,,,,0.037,,,,
,26,,,,,7.816,,,,,25.3,,,,,0.035,,,,
,27,,,,,7.848,,,,,25.3,,,,,0.032,,,,
,28,,,,,7.876,,,,,25.3,,,,,0.028,,,,
,29,,,,,7.900,,,,,25.3,,,,,0.024,,,,
,30,,,,,7.924,,,,,25.3,,,,,0.024,,,,
,31,,,,,7.945,,,,,25.3,,,,,0.021,,,,
,32,,,,,7.964,,,,,25.3,,,,,0.019,,,,
,33,,,,,7.982,,,,,25.3,,,,,0.018,,,,
,34,,,,,7.997,,,,,25.3,,,,,0.015,,,,
,35,,,,,8.012,,,,,25.3,,,,,0.015,,,,
,36,,,,,8.023,,,,,25.3,,,,,0.011,,,,
,37,,,,,8.035,,,,,25.3,,,,,0.012,,,,
,38,,,,,8.046,,,,,25.3,,,,,0.011,,,,
,39,,,,,8.055,,,,,25.3,,,,,0.009,,,,
,40,,,,,8.064,,,,,25.3,,,,,0.009,,,,
,41,,,,,8.071,,,,,25.3,,,,,0.007,,,,
,42,,,,,8.078,,,,,25.3,,,,,0.007,,,,
,43,,,,,8.085,,,,,25.3,,,,,0.007,,,,
,44,,,,,8.091,,,,,25.3,,,,,0.006,,,,
,45,,,,,8.096,,,,,25.3,,,,,0.005,,,,
,46,,,,,8.101,,,,,25.3,,,,,0.005,,,,
,47,,,,,8.105,,,,,25.3,,,,,0.004,,,,
,48,,,,,8.110,,,,,25.3,,,,,0.005,,,,
,49,,,,,8.113,,,,,25.3,,,,,0.003,,,,
,50,,,,,8.116,,,,,25.3,,,,,0.003,,,,
,51,,,,,8.119,,,,,25.3,,,,,0.003,,,,
,52,,,,,8.122,,,,,25.3,,,,,0.003,,,,
,53,,,,,8.124,,,,,25.3,,,,,0.002,,,,
,54,,,,,8.126,,,,,25.3,,,,,0.002,,,,
,55,,,,,8.129,,,,,25.3,,,,,0.003,,,,
,56,,,,,8.130,,,,,25.3,,,,,0.001,,,,
,57,,,,,8.132,,,,,25.3,,,,,0.002,,,,
,58,,,,,8.133,,,,,25.3,,,,,0.001,,,,
,59,,,,,8.135,,,,,25.3,,,,,0.002,,,,
,60,,,,,8.136,,,,,25.3,,,,,0.001,,,,
Titration (EQP) [1],,,,,,,,"Scope 1/1, Sample 59/66",,,,,,,,,,,,
Measured Values,,,,,"Scope 1/1, Sample 59/66",,,,,,,,,,,,,,,
,Time,,V,,,Meas. value,,,dV,,Temp.,,,dE,,,dE/dV,,,EQP
,[s],,[mL],,,[pH],,,[mL],,[°C],,,[pH],,,[pH/mL],,,
,0,,0.00000,,,8.138,,,,,25.3,,,,,,,,,
,28,,0.08575,,,7.622,,,0.08575,,25.3,,,-0.516,,,,,,
,58,,0.12850,,,7.318,,,0.04275,,25.3,,,-0.304,,,,,,
,89,,0.15000,,,7.174,,,0.02150,,25.3,,,-0.144,,,,,,
,180,,0.17150,,,7.070,,,0.02150,,25.3,,,-0.104,,,,,,
,210,,0.21075,,,6.974,,,0.03925,,25.3,,,-0.096,,,-3.37,,,
,240,,0.26075,,,6.840,,,0.05000,,25.3,,,-0.134,,,-2.50,,,
,270,,0.31075,,,6.718,,,0.05000,,25.3,,,-0.122,,,-2.25,,,
,301,,0.36075,,,6.608,,,0.05000,,25.3,,,-0.110,,,-2.10,,,
,331,,0.41075,,,6.501,,,0.05000,,25.3,,,-0.107,,,-1.95,,,
,361,,0.46075,,,6.411,,,0.05000,,25.3,,,-0.090,,,-1.84,,,
,391,,0.51075,,,6.318,,,0.05000,,25.3,,,-0.093,,,-1.75,,,
,422,,0.56075,,,6.244,,,0.05000,,25.3,,,-0.074,,,-1.69,,,
,452,,0.61075,,,6.151,,,0.05000,,25.3,,,-0.093,,,-1.79,,,
,482,,0.66075,,,6.053,,,0.05000,,25.3,,,-0.098,,,-1.76,,,
,512,,0.71075,,,5.983,,,0.05000,,25.3,,,-0.070,,,-1.63,,,
,543,,0.76075,,,5.889,,,0.05000,,25.3,,,-0.094,,,-1.53,,,
,573,,0.81075,,,5.779,,,0.05000,,25.3,,,-0.110,,,-1.52,,,
,603,,0.86075,,,5.757,,,0.05000,,25.3,,,-0.022,,,-1.73,,,
,633,,0.91075,,,5.653,,,0.05000,,25.3,,,-0.104,,,-2.22,,,
,664,,0.96075,,,5.512,,,0.05000,,25.3,,,-0.141,,,-3.10,,,
,694,,1.00750,,,5.340,,,0.04675,,25.3,,,-0.172,,,-4.54,,,
,724,,1.03575,,,5.208,,,0.02825,,25.3,,,-0.132,,,-5.74,,,
,754,,1.05875,,,5.075,,,0.02300,,25.3,,,-0.133,,,-6.66,,,
,784,,1.07750,,,4.939,,,0.01875,,25.3,,,-0.136,,,-7.60,,,
,815,,1.09275,,,4.809,,,0.01525,,25.3,,,-0.130,,,-8.44,,,
,845,,1.10625,,,4.680,,,0.01350,,25.3,,,-0.129,,,-9.43,,,
,,,1.115129 ???,,,4.590 ???,,,,,,,,,,,,,,EQP
,875,,1.11900,,,4.551,,,0.01275,,25.3,,,-0.129,,,-9.60,,,
,906,,1.13175,,,4.427,,,0.01275,,25.3,,,-0.124,,,-8.71,,,
,936,,1.14625,,,4.277,,,0.01450,,25.3,,,-0.150,,,-7.72,,,
,966,,1.15850,,,4.204,,,0.01225,,25.3,,,-0.073,,,-7.09,,,
,996,,1.18900,,,4.015,,,0.03050,,25.3,,,-0.189,,,-5.50,,,
,1026,,1.21000,,,3.916,,,0.02100,,25.3,,,-0.099,,,-4.65,,,
,1057,,1.24775,,,3.778,,,0.03775,,25.3,,,-0.138,,,-3.48,,,
,1087,,1.29575,,,3.645,,,0.04800,,25.3,,,-0.133,,,-2.53,,,
,1117,,1.34575,,,3.540,,,0.05000,,25.3,,,-0.105,,,-1.90,,,
,1147,,1.39575,,,3.453,,,0.05000,,25.3,,,-0.087,,,-1.56,,,
,1178,,1.44575,,,3.382,,,0.05000,,25.3,,,-0.071,,,-1.31,,,
,1208,,1.49575,,,3.320,,,0.05000,,25.3,,,-0.062,,,-1.14,,,
,1238,,1.54575,,,3.265,,,0.05000,,25.3,,,-0.055,,,-1.01,,,
,1268,,1.59575,,,3.217,,,0.05000,,25.3,,,-0.048,,,-0.91,,,
,1299,,1.64575,,,3.174,,,0.05000,,25.3,,,-0.043,,,-0.82,,,
,1329,,1.69575,,,3.134,,,0.05000,,25.3,,,-0.040,,,-0.75,,,
,1359,,1.74575,,,3.098,,,0.05000,,25.3,,,-0.036,,,,,,
,1389,,1.79575,,,3.065,,,0.05000,,25.3,,,-0.033,,,,,,
,1420,,1.84575,,,3.034,,,0.05000,,25.3,,,-0.031,,,,,,
,1450,,1.89575,,,3.005,,,0.05000,,25.3,,,-0.029,,,,,,
,1480,,1.94575,,,2.978,,,0.05000,,25.3,,,-0.027,,,,,,
Measure (normal) [1],,,,,,,,"Scope 1/1, Sample 60/66",,,,,,,,,,,,
Measured Values,,,,,"Scope 1/1, Sample 60/66",,,,,,,,,,,,,,,
,Time,,,,,Meas. value,,,,,Temp.,,,,,dE,,,,
,[s],,,,,[pH],,,,,[°C],,,,,[pH],,,,
,1,,,,,4.734,,,,,23.5,,,,,,,,,
,2,,,,,5.024,,,,,23.7,,,,,0.290,,,,
,3,,,,,5.304,,,,,24.0,,,,,0.280,,,,
,4,,,,,5.531,,,,,24.2,,,,,0.227,,,,
,5,,,,,5.736,,,,,24.5,,,,,0.205,,,,
,6,,,,,5.920,,,,,24.6,,,,,0.184,,,,
,7,,,,,6.096,,,,,24.8,,,,,0.176,,,,
,8,,,,,6.246,,,,,24.9,,,,,0.150,,,,
,9,,,,,6.405,,,,,25.0,,,,,0.159,,,,
,10,,,,,6.555,,,,,25.1,,,,,0.150,,,,
,11,,,,,6.696,,,,,25.1,,,,,0.141,,,,
,12,,,,,6.826,,,,,25.2,,,,,0.130,,,,
,13,,,,,6.948,,,,,25.2,,,,,0.122,,,,
,14,,,,,7.056,,,,,25.2,,,,,0.108,,,,
,15,,,,,7.144,,,,,25.2,,,,,0.088,,,,
,16,,,,,7.239,,,,,25.3,,,,,0.095,,,,
,17,,,,,7.320,,,,,25.3,,,,,0.081,,,,
,18,,,,,7.396,,,,,25.3,,,,,0.076,,,,
,19,,,,,7.465,,,,,25.3,,,,,0.069,,,,
,20,,,,,7.529,,,,,25.3,,,,,0.064,,,,
,21,,,,,7.585,,,,,25.3,,,,,0.056,,,,
,22,,,,,7.632,,,,,25.3,,,,,0.047,,,,
,23,,,,,7.679,,,,,25.3,,,,,0.047,,,,
,24,,,,,7.721,,,,,25.3,,,,,0.042,,,,
,25,,,,,7.758,,,,,25.3,,,,,0.037,,,,
,26,,,,,7.791,,,,,25.3,,,,,0.033,,,,
,27,,,,,7.823,,,,,25.3,,,,,0.032,,,,
,28,,,,,7.853,,,,,25.3,,,,,0.030,,,,
,29,,,,,7.876,,,,,25.3,,,,,0.023,,,,
,30,,,,,7.901,,,,,25.3,,,,,0.025,,,,
,31,,,,,7.922,,,,,25.3,,,,,0.021,,,,
,32,,,,,7.942,,,,,25.3,,,,,0.020,,,,
,33,,,,,7.959,,,,,25.3,,,,,0.017,,,,
,34,,,,,7.974,,,,,25.3,,,,,0.015,,,,
,35,,,,,7.988,,,,,25.3,,,,,0.014,,,,
,36,,,,,8.002,,,,,25.3,,,,,0.014,,,,
,37,,,,,8.014,,,,,25.3,,,,,0.012,,,,
,38,,,,,8.025,,,,,25.3,,,,,0.011,,,,
,39,,,,,8.036,,,,,25.3,,,,,0.011,,,,
,40,,,,,8.045,,,,,25.3,,,,,0.009,,,,
,41,,,,,8.053,,,,,25.3,,,,,0.008,,,,
,42,,,,,8.059,,,,,25.3,,,,,0.006,,,,
,43,,,,,8.066,,,,,25.3,,,,,0.007,,,,
,44,,,,,8.072,,,,,25.3,,,,,0.006,,,,
,45,,,,,8.077,,,,,25.3,,,,,0.005,,,,
,46,,,,,8.082,,,,,25.3,,,,,0.005,,,,
,47,,,,,8.087,,,,,25.3,,,,,0.005,,,,
,48,,,,,8.091,,,,,25.3,,,,,0.004,,,,
,49,,,,,8.094,,,,,25.3,,,,,0.003,,,,
,50,,,,,8.098,,,,,25.3,,,,,0.004,,,,
,51,,,,,8.101,,,,,25.3,,,,,0.003,,,,
,52,,,,,8.104,,,,,25.3,,,,,0.003,,,,
,53,,,,,8.107,,,,,25.3,,,,,0.003,,,,
,54,,,,,8.109,,,,,25.3,,,,,0.002,,,,
,55,,,,,8.111,,,,,25.3,,,,,0.002,,,,
,56,,,,,8.113,,,,,25.3,,,,,0.002,,,,
,57,,,,,8.114,,,,,25.3,,,,,0.001,,,,
,58,,,,,8.116,,,,,25.3,,,,,0.002,,,,
,59,,,,,8.118,,,,,25.3,,,,,0.002,,,,
,60,,,,,8.119,,,,,25.3,,,,,0.001,,,,
Titration (EQP) [1],,,,,,,,"Scope 1/1, Sample 60/66",,,,,,,,,,,,
Measured Values,,,,,"Scope 1/1, Sample 60/66",,,,,,,,,,,,,,,
,Time,,V,,,Meas. value,,,dV,,Temp.,,,dE,,,dE/dV,,,EQP
,[s],,[mL],,,[pH],,,[mL],,[°C],,,[pH],,,[pH/mL],,,
,0,,0.00000,,,8.122,,,,,25.3,,,,,,,,,
,28,,0.08575,,,7.603,,,0.08575,,25.3,,,-0.519,,,,,,
,58,,0.12850,,,7.302,,,0.04275,,25.3,,,-0.301,,,,,,
,88,,0.15000,,,7.160,,,0.02150,,25.3,,,-0.142,,,,,,
,180,,0.17175,,,7.052,,,0.02175,,25.3,,,-0.108,,,,,,
,210,,0.20875,,,6.959,,,0.03700,,25.3,,,-0.093,,,-3.42,,,
,240,,0.25875,,,6.826,,,0.05000,,25.3,,,-0.133,,,-2.56,,,
,270,,0.30875,,,6.693,,,0.05000,,25.3,,,-0.133,,,-2.24,,,
,301,,0.35875,,,6.594,,,0.05000,,25.3,,,-0.099,,,-2.10,,,
,331,,0.40875,,,6.487,,,0.05000,,25.3,,,-0.107,,,-1.99,,,
,361,,0.45875,,,6.387,,,0.05000,,25.3,,,-0.100,,,-1.85,,,
,391,,0.50875,,,6.305,,,0.05000,,25.3,,,-0.082,,,-1.75,,,
,422,,0.55875,,,6.212,,,0.05000,,25.3,,,-0.093,,,-1.71,,,
,452,,0.60875,,,6.127,,,0.05000,,25.3,,,-0.085,,,-1.69,,,
,482,,0.65875,,,6.045,,,0.05000,,25.3,,,-0.082,,,-1.74,,,
,512,,0.70875,,,5.955,,,0.05000,,25.3,,,-0.090,,,-1.82,,,
,542,,0.75875,,,5.857,,,0.05000,,25.3,,,-0.098,,,-1.97,,,
,573,,0.80875,,,5.749,,,0.05000,,25.3,,,-0.108,,,-2.26,,,
,603,,0.85875,,,5.632,,,0.05000,,25.3,,,-0.117,,,-2.72,,,
,633,,0.90875,,,5.486,,,0.05000,,25.3,,,-0.146,,,-3.49,,,
,663,,0.95225,,,5.323,,,0.04350,,25.3,,,-0.163,,,-4.62,,,
,694,,0.98025,,,5.190,,,0.02800,,25.3,,,-0.133,,,-5.65,,,
,724,,1.00275,,,5.058,,,0.02250,,25.3,,,-0.132,,,-6.67,,,
,754,,1.02150,,,4.923,,,0.01875,,25.3,,,-0.135,,,-7.57,,,
,784,,1.03700,,,4.790,,,0.01550,,25.3,,,-0.133,,,-8.44,,,
,815,,1.05025,,,4.663,,,0.01325,,25.3,,,-0.127,,,-9.31,,,
,,,1.058413 ???,,,4.579 ???,,,,,,,,,,,,,,EQP
,845,,1.06300,,,4.532,,,0.01275,,25.3,,,-0.131,,,-9.37,,,
,875,,1.07550,,,4.413,,,0.01250,,25.3,,,-0.119,,,-8.61,,,
,905,,1.09075,,,4.278,,,0.01525,,25.3,,,-0.135,,,-7.61,,,
,936,,1.10750,,,4.155,,,0.01675,,25.3,,,-0.123,,,-6.73,,,
,966,,1.12950,,,4.024,,,0.02200,,25.3,,,-0.131,,,-5.65,,,
,996,,1.15800,,,3.890,,,0.02850,,25.3,,,-0.134,,,-4.49,,,
,1026,,1.19450,,,3.761,,,0.03650,,25.3,,,-0.129,,,-3.41,,,
,1056,,1.24450,,,3.626,,,0.05000,,25.3,,,-0.135,,,-2.45,,,
,1087,,1.29450,,,3.522,,,0.05000,,25.3,,,-0.104,,,-1.87,,,
,1117,,1.34450,,,3.439,,,0.05000,,25.3,,,-0.083,,,-1.52,,,
,1147,,1.39450,,,3.368,,,0.05000,,25.3,,,-0.071,,,-1.28,,,
,1177,,1.44450,,,3.307,,,0.05000,,25.3,,,-0.061,,,-1.12,,,
,1208,,1.49450,,,3.254,,,0.05000,,25.3,,,-0.053,,,-1.00,,,
,1238,,1.54450,,,3.206,,,0.05000,,25.3,,,-0.048,,,-0.90,,,
,1268,,1.59450,,,3.163,,,0.05000,,25.3,,,-0.043,,,-0.82,,,
,1298,,1.64450,,,3.124,,,0.05000,,25.3,,,-0.039,,,,,,
,1329,,1.69450,,,3.088,,,0.05000,,25.3,,,-0.036,,,,,,
,1359,,1.74450,,,3.055,,,0.05000,,25.3,,,-0.033,,,,,,
,1389,,1.79450,,,3.024,,,0.05000,,25.3,,,-0.031,,,,,,
,1419,,1.84450,,,2.996,,,0.05000,,25.3,,,-0.028,,,,,,
Measure (normal) [1],,,,,,,,"Scope 1/1, Sample 61/66",,,,,,,,,,,,
Measured Values,,,,,"Scope 1/1, Sample 61/66",,,,,,,,,,,,,,,
,Time,,,,,Meas. value,,,,,Temp.,,,,,dE,,,,
,[s],,,,,[pH],,,,,[°C],,,,,[pH],,,,
,1,,,,,4.731,,,,,23.6,,,,,,,,,
,2,,,,,5.003,,,,,23.7,,,,,0.272,,,,
,3,,,,,5.251,,,,,24.0,,,,,0.248,,,,
,4,,,,,5.450,,,,,24.2,,,,,0.199,,,,
,5,,,,,5.616,,,,,24.5,,,,,0.166,,,,
,6,,,,,5.758,,,,,24.7,,,,,0.142,,,,
,7,,,,,5.887,,,,,24.8,,,,,0.129,,,,
,8,,,,,5.996,,,,,24.9,,,,,0.109,,,,
,9,,,,,6.107,,,,,25.0,,,,,0.111,,,,
,10,,,,,6.215,,,,,25.1,,,,,0.108,,,,
,11,,,,,6.317,,,,,25.1,,,,,0.102,,,,
,12,,,,,6.413,,,,,25.2,,,,,0.096,,,,
,13,,,,,6.505,,,,,25.2,,,,,0.092,,,,
,14,,,,,6.593,,,,,25.2,,,,,0.088,,,,
,15,,,,,6.666,,,,,25.3,,,,,0.073,,,,
,16,,,,,6.743,,,,,25.3,,,,,0.077,,,,
,17,,,,,6.820,,,,,25.3,,,,,0.077,,,,
,18,,,,,6.892,,,,,25.3,,,,,0.072,,,,
,19,,,,,6.959,,,,,25.3,,,,,0.067,,,,
,20,,,,,7.017,,,,,25.3,,,,,0.058,,,,
,21,,,,,7.073,,,,,25.3,,,,,0.056,,,,
,22,,,,,7.117,,,,,25.3,,,,,0.044,,,,
,23,,,,,7.172,,,,,25.3,,,,,0.055,,,,
,24,,,,,7.221,,,,,25.3,,,,,0.049,,,,
,25,,,,,7.266,,,,,25.3,,,,,0.045,,,,
,26,,,,,7.309,,,,,25.3,,,,,0.043,,,,
,27,,,,,7.348,,,,,25.3,,,,,0.039,,,,
,28,,,,,7.386,,,,,25.3,,,,,0.038,,,,
,29,,,,,7.417,,,,,25.3,,,,,0.031,,,,
,30,,,,,7.449,,,,,25.3,,,,,0.032,,,,
,31,,,,,7.479,,,,,25.3,,,,,0.030,,,,
,32,,,,,7.507,,,,,25.3,,,,,0.028,,,,
,33,,,,,7.532,,,,,25.3,,,,,0.025,,,,
,34,,,,,7.556,,,,,25.4,,,,,0.024,,,,
,35,,,,,7.578,,,,,25.3,,,,,0.022,,,,
,36,,,,,7.598,,,,,25.3,,,,,0.020,,,,
,37,,,,,7.619,,,,,25.3,,,,,0.021,,,,
,38,,,,,7.637,,,,,25.3,,,,,0.018,,,,
,39,,,,,7.655,,,,,25.3,,,,,0.018,,,,
,40,,,,,7.671,,,,,25.4,,,,,0.016,,,,
,41,,,,,7.686,,,,,25.4,,,,,0.015,,,,
,42,,,,,7.700,,,,,25.4,,,,,0.014,,,,
,43,,,,,7.714,,,,,25.4,,,,,0.014,,,,
,44,,,,,7.725,,,,,25.3,,,,,0.011,,,,
,45,,,,,7.736,,,,,25.3,,,,,0.011,,,,
,46,,,,,7.747,,,,,25.3,,,,,0.011,,,,
,47,,,,,7.757,,,,,25.4,,,,,0.010,,,,
,48,,,,,7.766,,,,,25.3,,,,,0.009,,,,
,49,,,,,7.775,,,,,25.3,,,,,0.009,,,,
,50,,,,,7.783,,,,,25.4,,,,,0.008,,,,
,51,,,,,7.791,,,,,25.3,,,,,0.008,,,,
,52,,,,,7.798,,,,,25.3,,,,,0.007,,,,
,53,,,,,7.805,,,,,25.4,,,,,0.007,,,,
,54,,,,,7.811,,,,,25.4,,,,,0.006,,,,
,55,,,,,7.817,,,,,25.3,,,,,0.006,,,,
,56,,,,,7.822,,,,,25.3,,,,,0.005,,,,
,57,,,,,7.827,,,,,25.4,,,,,0.005,,,,
,58,,,,,7.832,,,,,25.4,,,,,0.005,,,,
,59,,,,,7.836,,,,,25.4,,,,,0.004,,,,
,60,,,,,7.840,,,,,25.4,,,,,0.004,,,,
Titration (EQP) [1],,,,,,,,"Scope 1/1, Sample 61/66",,,,,,,,,,,,
Measured Values,,,,,"Scope 1/1, Sample 61/66",,,,,,,,,,,,,,,
,Time,,V,,,Meas. value,,,dV,,Temp.,,,dE,,,dE/dV,,,EQP
,[s],,[mL],,,[pH],,,[mL],,[°C],,,[pH],,,[pH/mL],,,
,0,,0.00000,,,7.848,,,,,25.4,,,,,,,,,
,28,,0.08575,,,7.428,,,0.08575,,25.4,,,-0.420,,,,,,
,58,,0.12850,,,7.171,,,0.04275,,25.4,,,-0.257,,,,,,
,88,,0.15000,,,7.048,,,0.02150,,25.3,,,-0.123,,,,,,
,179,,0.17525,,,6.932,,,0.02525,,25.3,,,-0.116,,,,,,
,209,,0.21200,,,6.843,,,0.03675,,25.3,,,-0.089,,,-2.98,,,
,239,,0.26200,,,6.742,,,0.05000,,25.3,,,-0.101,,,-2.24,,,
,269,,0.31200,,,6.636,,,0.05000,,25.3,,,-0.106,,,-2.03,,,
,300,,0.36200,,,6.524,,,0.05000,,25.3,,,-0.112,,,-1.94,,,
,330,,0.41200,,,6.430,,,0.05000,,25.3,,,-0.094,,,-1.92,,,
,360,,0.46200,,,6.333,,,0.05000,,25.3,,,-0.097,,,-1.83,,,
,390,,0.51200,,,6.249,,,0.05000,,25.3,,,-0.084,,,-1.74,,,
,420,,0.56200,,,6.166,,,0.05000,,25.3,,,-0.083,,,-1.69,,,
,451,,0.61200,,,6.070,,,0.05000,,25.3,,,-0.096,,,-1.71,,,
,481,,0.66200,,,5.992,,,0.05000,,25.3,,,-0.078,,,-1.76,,,
,511,,0.71200,,,5.896,,,0.05000,,25.3,,,-0.096,,,-1.91,,,
,542,,0.76200,,,5.796,,,0.05000,,25.3,,,-0.100,,,-2.14,,,
,572,,0.81200,,,5.680,,,0.05000,,25.3,,,-0.116,,,-2.53,,,
,602,,0.86200,,,5.543,,,0.05000,,25.3,,,-0.137,,,-3.23,,,
,632,,0.91100,,,5.371,,,0.04900,,25.3,,,-0.172,,,-4.33,,,
,662,,0.94125,,,5.238,,,0.03025,,25.3,,,-0.133,,,-5.35,,,
,693,,0.96600,,,5.102,,,0.02475,,25.3,,,-0.136,,,-6.41,,,
,723,,0.98550,,,4.967,,,0.01950,,25.3,,,-0.135,,,-7.35,,,
,753,,1.00125,,,4.837,,,0.01575,,25.3,,,-0.130,,,-8.17,,,
,783,,1.01475,,,4.713,,,0.01350,,25.3,,,-0.124,,,-9.14,,,
,,,1.026355 ???,,,4.596 ???,,,,,,,,,,,,,,EQP
,814,,1.02825,,,4.577,,,0.01350,,25.3,,,-0.136,,,-9.55,,,
,844,,1.04025,,,4.457,,,0.01200,,25.3,,,-0.120,,,-9.03,,,
,874,,1.05400,,,4.330,,,0.01375,,25.3,,,-0.127,,,-8.06,,,
,904,,1.06975,,,4.204,,,0.01575,,25.3,,,-0.126,,,-7.15,,,
,935,,1.08925,,,4.074,,,0.01950,,25.3,,,-0.130,,,-6.15,,,
,965,,1.11400,,,3.945,,,0.02475,,25.3,,,-0.129,,,-5.02,,,
,995,,1.14700,,,3.813,,,0.03300,,25.3,,,-0.132,,,-3.87,,,
,1025,,1.19075,,,3.679,,,0.04375,,25.3,,,-0.134,,,-2.84,,,
,1056,,1.24075,,,3.563,,,0.05000,,25.3,,,-0.116,,,-2.11,,,
,1086,,1.29075,,,3.470,,,0.05000,,25.3,,,-0.093,,,-1.67,,,
,1116,,1.34075,,,3.394,,,0.05000,,25.3,,,-0.076,,,-1.38,,,
,1146,,1.39075,,,3.329,,,0.05000,,25.3,,,-0.065,,,-1.19,,,
,1176,,1.44075,,,3.272,,,0.05000,,25.3,,,-0.057,,,-1.05,,,
,1207,,1.49075,,,3.222,,,0.05000,,25.3,,,-0.050,,,-0.94,,,
,1237,,1.54075,,,3.177,,,0.05000,,25.3,,,-0.045,,,-0.86,,,
,1267,,1.59075,,,3.136,,,0.05000,,25.3,,,-0.041,,,-0.78,,,
,1298,,1.64075,,,3.098,,,0.05000,,25.3,,,-0.038,,,,,,
,1328,,1.69075,,,3.064,,,0.05000,,25.3,,,-0.034,,,,,,
,1358,,1.74075,,,3.032,,,0.05000,,25.3,,,-0.032,,,,,,
,1388,,1.79075,,,3.003,,,0.05000,,25.3,,,-0.029,,,,,,
,1418,,1.84075,,,2.975,,,0.05000,,25.3,,,-0.028,,,,,,
Measure (normal) [1],,,,,,,,"Scope 1/1, Sample 62/66",,,,,,,,,,,,
Measured Values,,,,,"Scope 1/1, Sample 62/66",,,,,,,,,,,,,,,
,Time,,,,,Meas. value,,,,,Temp.,,,,,dE,,,,
,[s],,,,,[pH],,,,,[°C],,,,,[pH],,,,
,1,,,,,4.606,,,,,20.8,,,,,,,,,
,2,,,,,4.983,,,,,21.2,,,,,0.377,,,,
,3,,,,,5.260,,,,,21.9,,,,,0.277,,,,
,4,,,,,5.466,,,,,22.5,,,,,0.206,,,,
,5,,,,,5.636,,,,,23.1,,,,,0.170,,,,
,6,,,,,5.785,,,,,23.5,,,,,0.149,,,,
,7,,,,,5.920,,,,,23.9,,,,,0.135,,,,
,8,,,,,6.035,,,,,24.2,,,,,0.115,,,,
,9,,,,,6.154,,,,,24.4,,,,,0.119,,,,
,10,,,,,6.266,,,,,24.6,,,,,0.112,,,,
,11,,,,,6.372,,,,,24.7,,,,,0.106,,,,
,12,,,,,6.473,,,,,24.8,,,,,0.101,,,,
,13,,,,,6.565,,,,,24.9,,,,,0.092,,,,
,14,,,,,6.654,,,,,25.0,,,,,0.089,,,,
,15,,,,,6.738,,,,,25.0,,,,,0.084,,,,
,16,,,,,6.810,,,,,25.0,,,,,0.072,,,,
,17,,,,,6.884,,,,,25.1,,,,,0.074,,,,
,18,,,,,6.953,,,,,25.1,,,,,0.069,,,,
,19,,,,,7.012,,,,,25.1,,,,,0.059,,,,
,20,,,,,7.072,,,,,25.1,,,,,0.060,,,,
,21,,,,,7.124,,,,,25.2,,,,,0.052,,,,
,22,,,,,7.176,,,,,25.2,,,,,0.052,,,,
,23,,,,,7.227,,,,,25.2,,,,,0.051,,,,
,24,,,,,7.272,,,,,25.2,,,,,0.045,,,,
,25,,,,,7.315,,,,,25.2,,,,,0.043,,,,
,26,,,,,7.356,,,,,25.2,,,,,0.041,,,,
,27,,,,,7.395,,,,,25.2,,,,,0.039,,,,
,28,,,,,7.428,,,,,25.2,,,,,0.033,,,,
,29,,,,,7.458,,,,,25.2,,,,,0.030,,,,
,30,,,,,7.489,,,,,25.2,,,,,0.031,,,,
,31,,,,,7.516,,,,,25.2,,,,,0.027,,,,
,32,,,,,7.542,,,,,25.2,,,,,0.026,,,,
,33,,,,,7.566,,,,,25.2,,,,,0.024,,,,
,34,,,,,7.590,,,,,25.2,,,,,0.024,,,,
,35,,,,,7.611,,,,,25.2,,,,,0.021,,,,
,36,,,,,7.629,,,,,25.2,,,,,0.018,,,,
,37,,,,,7.647,,,,,25.2,,,,,0.018,,,,
,38,,,,,7.664,,,,,25.2,,,,,0.017,,,,
,39,,,,,7.680,,,,,25.2,,,,,0.016,,,,
,40,,,,,7.695,,,,,25.2,,,,,0.015,,,,
,41,,,,,7.709,,,,,25.2,,,,,0.014,,,,
,42,,,,,7.721,,,,,25.2,,,,,0.012,,,,
,43,,,,,7.731,,,,,25.2,,,,,0.010,,,,
,44,,,,,7.742,,,,,25.2,,,,,0.011,,,,
,45,,,,,7.752,,,,,25.2,,,,,0.010,,,,
,46,,,,,7.762,,,,,25.2,,,,,0.010,,,,
,47,,,,,7.771,,,,,25.2,,,,,0.009,,,,
,48,,,,,7.779,,,,,25.2,,,,,0.008,,,,
,49,,,,,7.786,,,,,25.2,,,,,0.007,,,,
,50,,,,,7.794,,,,,25.2,,,,,0.008,,,,
,51,,,,,7.800,,,,,25.2,,,,,0.006,,,,
,52,,,,,7.806,,,,,25.2,,,,,0.006,,,,
,53,,,,,7.812,,,,,25.2,,,,,0.006,,,,
,54,,,,,7.817,,,,,25.2,,,,,0.005,,,,
,55,,,,,7.822,,,,,25.2,,,,,0.005,,,,
,56,,,,,7.827,,,,,25.2,,,,,0.005,,,,
,57,,,,,7.831,,,,,25.2,,,,,0.004,,,,
,58,,,,,7.835,,,,,25.2,,,,,0.004,,,,
,59,,,,,7.838,,,,,25.2,,,,,0.003,,,,
,60,,,,,7.842,,,,,25.2,,,,,0.004,,,,
Titration (EQP) [1],,,,,,,,"Scope 1/1, Sample 62/66",,,,,,,,,,,,
Measured Values,,,,,"Scope 1/1, Sample 62/66",,,,,,,,,,,,,,,
,Time,,V,,,Meas. value,,,dV,,Temp.,,,dE,,,dE/dV,,,EQP
,[s],,[mL],,,[pH],,,[mL],,[°C],,,[pH],,,[pH/mL],,,
,0,,0.00000,,,7.848,,,,,25.2,,,,,,,,,
,28,,0.08575,,,7.421,,,0.08575,,25.2,,,-0.427,,,,,,
,58,,0.12850,,,7.158,,,0.04275,,25.2,,,-0.263,,,,,,
,88,,0.15000,,,7.044,,,0.02150,,25.2,,,-0.114,,,,,,
,179,,0.17975,,,6.948,,,0.02975,,25.2,,,-0.096,,,,,,
,209,,0.22975,,,6.826,,,0.05000,,25.2,,,-0.122,,,-2.70,,,
,239,,0.27975,,,6.712,,,0.05000,,25.2,,,-0.114,,,-2.13,,,
,269,,0.32975,,,6.610,,,0.05000,,25.2,,,-0.102,,,-2.03,,,
,300,,0.37975,,,6.503,,,0.05000,,25.2,,,-0.107,,,-1.95,,,
,330,,0.42975,,,6.404,,,0.05000,,25.2,,,-0.099,,,-1.84,,,
,360,,0.47975,,,6.314,,,0.05000,,25.2,,,-0.090,,,-1.73,,,
,390,,0.52975,,,6.239,,,0.05000,,25.2,,,-0.075,,,-1.63,,,
,420,,0.57975,,,6.152,,,0.05000,,25.2,,,-0.087,,,-1.58,,,
,451,,0.62975,,,6.076,,,0.05000,,25.2,,,-0.076,,,-1.61,,,
,481,,0.67975,,,5.994,,,0.05000,,25.3,,,-0.082,,,-1.68,,,
,511,,0.72975,,,5.905,,,0.05000,,25.3,,,-0.089,,,-1.81,,,
,542,,0.77975,,,5.807,,,0.05000,,25.3,,,-0.098,,,-1.99,,,
,572,,0.82975,,,5.701,,,0.05000,,25.3,,,-0.106,,,-2.33,,,
,602,,0.87975,,,5.577,,,0.05000,,25.3,,,-0.124,,,-2.82,,,
,632,,0.92975,,,5.425,,,0.05000,,25.3,,,-0.152,,,-3.69,,,
,662,,0.96975,,,5.269,,,0.04000,,25.3,,,-0.156,,,-4.78,,,
,693,,0.99700,,,5.128,,,0.02725,,25.3,,,-0.141,,,-5.78,,,
,723,,1.01675,,,5.018,,,0.01975,,25.3,,,-0.110,,,-6.61,,,
,753,,1.03950,,,4.846,,,0.02275,,25.3,,,-0.172,,,-7.65,,,
,783,,1.05250,,,4.735,,,0.01300,,25.3,,,-0.111,,,-8.39,,,
,814,,1.06675,,,4.598,,,0.01425,,25.3,,,-0.137,,,-9.06,,,
,,,1.066983 ???,,,4.596 ???,,,,,,,,,,,,,,EQP
,844,,1.07925,,,4.477,,,0.01250,,25.3,,,-0.121,,,-8.82,,,
,874,,1.09325,,,4.350,,,0.01400,,25.3,,,-0.127,,,-7.95,,,
,904,,1.10925,,,4.223,,,0.01600,,25.3,,,-0.127,,,-7.07,,,
,935,,1.12900,,,4.092,,,0.01975,,25.3,,,-0.131,,,-6.11,,,
,965,,1.15350,,,3.963,,,0.02450,,25.3,,,-0.129,,,-5.04,,,
,995,,1.18575,,,3.829,,,0.03225,,25.3,,,-0.134,,,-3.93,,,
,1025,,1.22700,,,3.700,,,0.04125,,25.3,,,-0.129,,,-2.94,,,
,1056,,1.27700,,,3.580,,,0.05000,,25.3,,,-0.120,,,-2.18,,,
,1086,,1.32700,,,3.486,,,0.05000,,25.3,,,-0.094,,,-1.71,,,
,1116,,1.37700,,,3.407,,,0.05000,,25.3,,,-0.079,,,-1.42,,,
,1146,,1.42700,,,3.341,,,0.05000,,25.3,,,-0.066,,,-1.22,,,
,1176,,1.47700,,,3.283,,,0.05000,,25.3,,,-0.058,,,-1.07,,,
,1207,,1.52700,,,3.232,,,0.05000,,25.3,,,-0.051,,,-0.96,,,
,1237,,1.57700,,,3.186,,,0.05000,,25.3,,,-0.046,,,-0.86,,,
,1267,,1.62700,,,3.145,,,0.05000,,25.3,,,-0.041,,,-0.78,,,
,1297,,1.67700,,,3.107,,,0.05000,,25.3,,,-0.038,,,,,,
,1328,,1.72700,,,3.073,,,0.05000,,25.3,,,-0.034,,,,,,
,1358,,1.77700,,,3.041,,,0.05000,,25.3,,,-0.032,,,,,,
,1388,,1.82700,,,3.010,,,0.05000,,25.3,,,-0.031,,,,,,
,1418,,1.87700,,,2.982,,,0.05000,,25.3,,,-0.028,,,,,,
Measure (normal) [1],,,,,,,,"Scope 1/1, Sample 63/66",,,,,,,,,,,,
Measured Values,,,,,"Scope 1/1, Sample 63/66",,,,,,,,,,,,,,,
,Time,,,,,Meas. value,,,,,Temp.,,,,,dE,,,,
,[s],,,,,[pH],,,,,[°C],,,,,[pH],,,,
,1,,,,,4.726,,,,,23.8,,,,,,,,,
,2,,,,,4.998,,,,,24.0,,,,,0.272,,,,
,3,,,,,5.256,,,,,24.2,,,,,0.258,,,,
,4,,,,,5.464,,,,,24.4,,,,,0.208,,,,
,5,,,,,5.634,,,,,24.6,,,,,0.170,,,,
,6,,,,,5.784,,,,,24.8,,,,,0.150,,,,
,7,,,,,5.921,,,,,24.9,,,,,0.137,,,,
,8,,,,,6.037,,,,,25.0,,,,,0.116,,,,
,9,,,,,6.156,,,,,25.1,,,,,0.119,,,,
,10,,,,,6.266,,,,,25.1,,,,,0.110,,,,
,11,,,,,6.374,,,,,25.2,,,,,0.108,,,,
,12,,,,,6.477,,,,,25.2,,,,,0.103,,,,
,13,,,,,6.573,,,,,25.2,,,,,0.096,,,,
,14,,,,,6.662,,,,,25.3,,,,,0.089,,,,
,15,,,,,6.737,,,,,25.3,,,,,0.075,,,,
,16,,,,,6.815,,,,,25.3,,,,,0.078,,,,
,17,,,,,6.893,,,,,25.3,,,,,0.078,,,,
,18,,,,,6.965,,,,,25.3,,,,,0.072,,,,
,19,,,,,7.030,,,,,25.3,,,,,0.065,,,,
,20,,,,,7.087,,,,,25.3,,,,,0.057,,,,
,21,,,,,7.148,,,,,25.3,,,,,0.061,,,,
,22,,,,,7.198,,,,,25.3,,,,,0.050,,,,
,23,,,,,7.250,,,,,25.3,,,,,0.052,,,,
,24,,,,,7.295,,,,,25.3,,,,,0.045,,,,
,25,,,,,7.338,,,,,25.3,,,,,0.043,,,,
,26,,,,,7.378,,,,,25.3,,,,,0.040,,,,
,27,,,,,7.415,,,,,25.3,,,,,0.037,,,,
,28,,,,,7.451,,,,,25.3,,,,,0.036,,,,
,29,,,,,7.480,,,,,25.4,,,,,0.029,,,,
,30,,,,,7.511,,,,,25.3,,,,,0.031,,,,
,31,,,,,7.540,,,,,25.3,,,,,0.029,,,,
,32,,,,,7.566,,,,,25.4,,,,,0.026,,,,
,33,,,,,7.590,,,,,25.4,,,,,0.024,,,,
,34,,,,,7.613,,,,,25.4,,,,,0.023,,,,
,35,,,,,7.631,,,,,25.4,,,,,0.018,,,,
,36,,,,,7.650,,,,,25.4,,,,,0.019,,,,
,37,,,,,7.668,,,,,25.4,,,,,0.018,,,,
,38,,,,,7.683,,,,,25.4,,,,,0.015,,,,
,39,,,,,7.699,,,,,25.4,,,,,0.016,,,,
,40,,,,,7.714,,,,,25.4,,,,,0.015,,,,
,41,,,,,7.728,,,,,25.4,,,,,0.014,,,,
,42,,,,,7.738,,,,,25.4,,,,,0.010,,,,
,43,,,,,7.750,,,,,25.4,,,,,0.012,,,,
,44,,,,,7.761,,,,,25.4,,,,,0.011,,,,
,45,,,,,7.771,,,,,25.4,,,,,0.010,,,,
,46,,,,,7.780,,,,,25.4,,,,,0.009,,,,
,47,,,,,7.789,,,,,25.4,,,,,0.009,,,,
,48,,,,,7.797,,,,,25.4,,,,,0.008,,,,
,49,,,,,7.804,,,,,25.4,,,,,0.007,,,,
,50,,,,,7.811,,,,,25.4,,,,,0.007,,,,
,51,,,,,7.817,,,,,25.4,,,,,0.006,,,,
,52,,,,,7.824,,,,,25.4,,,,,0.007,,,,
,53,,,,,7.829,,,,,25.4,,,,,0.005,,,,
,54,,,,,7.834,,,,,25.4,,,,,0.005,,,,
,55,,,,,7.839,,,,,25.4,,,,,0.005,,,,
,56,,,,,7.843,,,,,25.4,,,,,0.004,,,,
,57,,,,,7.847,,,,,25.4,,,,,0.004,,,,
,58,,,,,7.851,,,,,25.4,,,,,0.004,,,,
,59,,,,,7.855,,,,,25.4,,,,,0.004,,,,
,60,,,,,7.858,,,,,25.4,,,,,0.003,,,,
Titration (EQP) [1],,,,,,,,"Scope 1/1, Sample 63/66",,,,,,,,,,,,
Measured Values,,,,,"Scope 1/1, Sample 63/66",,,,,,,,,,,,,,,
,Time,,V,,,Meas. value,,,dV,,Temp.,,,dE,,,dE/dV,,,EQP
,[s],,[mL],,,[pH],,,[mL],,[°C],,,[pH],,,[pH/mL],,,
,0,,0.00000,,,7.865,,,,,25.4,,,,,,,,,
,28,,0.08575,,,7.431,,,0.08575,,25.3,,,-0.434,,,,,,
,58,,0.12850,,,7.179,,,0.04275,,25.3,,,-0.252,,,,,,
,88,,0.15000,,,7.057,,,0.02150,,25.3,,,-0.122,,,,,,
,179,,0.17550,,,6.967,,,0.02550,,25.3,,,-0.090,,,,,,
,209,,0.22550,,,6.847,,,0.05000,,25.3,,,-0.120,,,-2.84,,,
,239,,0.27550,,,6.729,,,0.05000,,25.3,,,-0.118,,,-2.21,,,
,270,,0.32550,,,6.609,,,0.05000,,25.3,,,-0.120,,,-2.01,,,
,300,,0.37550,,,6.507,,,0.05000,,25.3,,,-0.102,,,-1.91,,,
,330,,0.42550,,,6.426,,,0.05000,,25.3,,,-0.081,,,-1.79,,,
,360,,0.47550,,,6.335,,,0.05000,,25.3,,,-0.091,,,-1.67,,,
,390,,0.52550,,,6.256,,,0.05000,,25.3,,,-0.079,,,-1.62,,,
,421,,0.57550,,,6.167,,,0.05000,,25.3,,,-0.089,,,-1.63,,,
,451,,0.62550,,,6.091,,,0.05000,,25.3,,,-0.076,,,-1.66,,,
,481,,0.67550,,,6.006,,,0.05000,,25.3,,,-0.085,,,-1.69,,,
,511,,0.72550,,,5.917,,,0.05000,,25.3,,,-0.089,,,-1.80,,,
,542,,0.77550,,,5.821,,,0.05000,,25.3,,,-0.096,,,-1.98,,,
,572,,0.82550,,,5.715,,,0.05000,,25.3,,,-0.106,,,-2.30,,,
,602,,0.87550,,,5.593,,,0.05000,,25.3,,,-0.122,,,-2.79,,,
,632,,0.92550,,,5.440,,,0.05000,,25.3,,,-0.153,,,-3.65,,,
,663,,0.96550,,,5.287,,,0.04000,,25.3,,,-0.153,,,-4.72,,,
,693,,0.99350,,,5.149,,,0.02800,,25.3,,,-0.138,,,-5.75,,,
,723,,1.01525,,,5.020,,,0.02175,,25.3,,,-0.129,,,-6.69,,,
,753,,1.03400,,,4.882,,,0.01875,,25.3,,,-0.138,,,-7.56,,,
,784,,1.04900,,,4.751,,,0.01500,,25.3,,,-0.131,,,-8.41,,,
,814,,1.06225,,,4.626,,,0.01325,,25.3,,,-0.125,,,-9.12,,,
,,,1.064138 ???,,,4.608 ???,,,,,,,,,,,,,,EQP
,844,,1.07550,,,4.498,,,0.01325,,25.3,,,-0.128,,,-8.95,,,
,874,,1.08900,,,4.373,,,0.01350,,25.3,,,-0.125,,,-8.12,,,
,904,,1.10450,,,4.246,,,0.01550,,25.3,,,-0.127,,,-7.22,,,
,935,,1.12350,,,4.115,,,0.01900,,25.3,,,-0.131,,,-6.28,,,
,965,,1.14700,,,3.987,,,0.02350,,25.3,,,-0.128,,,-5.24,,,
,995,,1.17825,,,3.851,,,0.03125,,25.3,,,-0.136,,,-4.11,,,
,1026,,1.21775,,,3.723,,,0.03950,,25.3,,,-0.128,,,-3.10,,,
,1056,,1.26775,,,3.597,,,0.05000,,25.3,,,-0.126,,,-2.27,,,
,1086,,1.31775,,,3.499,,,0.05000,,25.3,,,-0.098,,,-1.77,,,
,1116,,1.36775,,,3.419,,,0.05000,,25.3,,,-0.080,,,-1.45,,,
,1146,,1.41775,,,3.350,,,0.05000,,25.3,,,-0.069,,,-1.24,,,
,1177,,1.46775,,,3.292,,,0.05000,,25.3,,,-0.058,,,-1.09,,,
,1207,,1.51775,,,3.240,,,0.05000,,25.3,,,-0.052,,,-0.97,,,
,1237,,1.56775,,,3.193,,,0.05000,,25.3,,,-0.047,,,-0.88,,,
,1267,,1.61775,,,3.151,,,0.05000,,25.3,,,-0.042,,,-0.80,,,
,1298,,1.66775,,,3.113,,,0.05000,,25.3,,,-0.038,,,,,,
,1328,,1.71775,,,3.078,,,0.05000,,25.3,,,-0.035,,,,,,
,1358,,1.76775,,,3.045,,,0.05000,,25.3,,,-0.033,,,,,,
,1388,,1.81775,,,3.015,,,0.05000,,25.3,,,-0.030,,,,,,
,1418,,1.86775,,,2.986,,,0.05000,,25.3,,,-0.029,,,,,,
Measure (normal) [1],,,,,,,,"Scope 1/1, Sample 64/66",,,,,,,,,,,,
Measured Values,,,,,"Scope 1/1, Sample 64/66",,,,,,,,,,,,,,,
,Time,,,,,Meas. value,,,,,Temp.,,,,,dE,,,,
,[s],,,,,[pH],,,,,[°C],,,,,[pH],,,,
,1,,,,,4.769,,,,,23.8,,,,,,,,,
,2,,,,,5.027,,,,,23.9,,,,,0.258,,,,
,3,,,,,5.271,,,,,24.2,,,,,0.244,,,,
,4,,,,,5.463,,,,,24.4,,,,,0.192,,,,
,5,,,,,5.623,,,,,24.6,,,,,0.160,,,,
,6,,,,,5.764,,,,,24.8,,,,,0.141,,,,
,7,,,,,5.892,,,,,24.9,,,,,0.128,,,,
,8,,,,,5.998,,,,,25.0,,,,,0.106,,,,
,9,,,,,6.108,,,,,25.1,,,,,0.110,,,,
,10,,,,,6.213,,,,,25.1,,,,,0.105,,,,
,11,,,,,6.312,,,,,25.2,,,,,0.099,,,,
,12,,,,,6.409,,,,,25.2,,,,,0.097,,,,
,13,,,,,6.501,,,,,25.2,,,,,0.092,,,,
,14,,,,,6.586,,,,,25.3,,,,,0.085,,,,
,15,,,,,6.659,,,,,25.3,,,,,0.073,,,,
,16,,,,,6.735,,,,,25.3,,,,,0.076,,,,
,17,,,,,6.806,,,,,25.3,,,,,0.071,,,,
,18,,,,,6.873,,,,,25.3,,,,,0.067,,,,
,19,,,,,6.937,,,,,25.3,,,,,0.064,,,,
,20,,,,,6.994,,,,,25.3,,,,,0.057,,,,
,21,,,,,7.050,,,,,25.3,,,,,0.056,,,,
,22,,,,,7.093,,,,,25.3,,,,,0.043,,,,
,23,,,,,7.147,,,,,25.3,,,,,0.054,,,,
,24,,,,,7.196,,,,,25.3,,,,,0.049,,,,
,25,,,,,7.239,,,,,25.3,,,,,0.043,,,,
,26,,,,,7.280,,,,,25.3,,,,,0.041,,,,
,27,,,,,7.318,,,,,25.3,,,,,0.038,,,,
,28,,,,,7.352,,,,,25.3,,,,,0.034,,,,
,29,,,,,7.382,,,,,25.3,,,,,0.030,,,,
,30,,,,,7.413,,,,,25.3,,,,,0.031,,,,
,31,,,,,7.442,,,,,25.3,,,,,0.029,,,,
,32,,,,,7.469,,,,,25.3,,,,,0.027,,,,
,33,,,,,7.495,,,,,25.3,,,,,0.026,,,,
,34,,,,,7.518,,,,,25.3,,,,,0.023,,,,
,35,,,,,7.540,,,,,25.3,,,,,0.022,,,,
,36,,,,,7.558,,,,,25.3,,,,,0.018,,,,
,37,,,,,7.578,,,,,25.3,,,,,0.020,,,,
,38,,,,,7.596,,,,,25.3,,,,,0.018,,,,
,39,,,,,7.613,,,,,25.3,,,,,0.017,,,,
,40,,,,,7.628,,,,,25.3,,,,,0.015,,,,
,41,,,,,7.643,,,,,25.3,,,,,0.015,,,,
,42,,,,,7.657,,,,,25.3,,,,,0.014,,,,
,43,,,,,7.668,,,,,25.3,,,,,0.011,,,,
,44,,,,,7.681,,,,,25.3,,,,,0.013,,,,
,45,,,,,7.692,,,,,25.3,,,,,0.011,,,,
,46,,,,,7.702,,,,,25.3,,,,,0.010,,,,
,47,,,,,7.712,,,,,25.3,,,,,0.010,,,,
,48,,,,,7.721,,,,,25.3,,,,,0.009,,,,
,49,,,,,7.729,,,,,25.3,,,,,0.008,,,,
,50,,,,,7.736,,,,,25.3,,,,,0.007,,,,
,51,,,,,7.743,,,,,25.3,,,,,0.007,,,,
,52,,,,,7.750,,,,,25.3,,,,,0.007,,,,
,53,,,,,7.756,,,,,25.3,,,,,0.006,,,,
,54,,,,,7.762,,,,,25.3,,,,,0.006,,,,
,55,,,,,7.768,,,,,25.3,,,,,0.006,,,,
,56,,,,,7.773,,,,,25.3,,,,,0.005,,,,
,57,,,,,7.777,,,,,25.3,,,,,0.004,,,,
,58,,,,,7.782,,,,,25.3,,,,,0.005,,,,
,59,,,,,7.787,,,,,25.3,,,,,0.005,,,,
,60,,,,,7.791,,,,,25.3,,,,,0.004,,,,
Titration (EQP) [1],,,,,,,,"Scope 1/1, Sample 64/66",,,,,,,,,,,,
Measured Values,,,,,"Scope 1/1, Sample 64/66",,,,,,,,,,,,,,,
,Time,,V,,,Meas. value,,,dV,,Temp.,,,dE,,,dE/dV,,,EQP
,[s],,[mL],,,[pH],,,[mL],,[°C],,,[pH],,,[pH/mL],,,
,0,,0.00000,,,7.798,,,,,25.3,,,,,,,,,
,28,,0.08575,,,7.397,,,0.08575,,25.3,,,-0.401,,,,,,
,58,,0.12850,,,7.165,,,0.04275,,25.3,,,-0.232,,,,,,
,88,,0.15000,,,7.044,,,0.02150,,25.3,,,-0.121,,,,,,
,179,,0.17350,,,6.964,,,0.02350,,25.3,,,-0.080,,,,,,
,209,,0.22350,,,6.844,,,0.05000,,25.3,,,-0.120,,,-2.72,,,
,239,,0.27350,,,6.735,,,0.05000,,25.3,,,-0.109,,,-2.11,,,
,269,,0.32350,,,6.621,,,0.05000,,25.3,,,-0.114,,,-1.96,,,
,300,,0.37350,,,6.531,,,0.05000,,25.3,,,-0.090,,,-1.86,,,
,330,,0.42350,,,6.439,,,0.05000,,25.3,,,-0.092,,,-1.75,,,
,360,,0.47350,,,6.351,,,0.05000,,25.3,,,-0.088,,,-1.67,,,
,390,,0.52350,,,6.269,,,0.05000,,25.3,,,-0.082,,,-1.60,,,
,421,,0.57350,,,6.197,,,0.05000,,25.3,,,-0.072,,,-1.60,,,
,451,,0.62350,,,6.111,,,0.05000,,25.3,,,-0.086,,,-1.58,,,
,481,,0.67350,,,6.029,,,0.05000,,25.3,,,-0.082,,,-1.62,,,
,511,,0.72350,,,5.949,,,0.05000,,25.3,,,-0.080,,,-1.68,,,
,542,,0.77350,,,5.858,,,0.05000,,25.3,,,-0.091,,,-1.80,,,
,572,,0.82350,,,5.769,,,0.05000,,25.3,,,-0.089,,,-1.98,,,
,602,,0.87350,,,5.656,,,0.05000,,25.3,,,-0.113,,,-2.34,,,
,632,,0.92350,,,5.534,,,0.05000,,25.3,,,-0.122,,,-2.93,,,
,662,,0.97350,,,5.372,,,0.05000,,25.3,,,-0.162,,,-3.90,,,
,693,,1.00850,,,5.229,,,0.03500,,25.3,,,-0.143,,,-4.92,,,
,723,,1.03500,,,5.096,,,0.02650,,25.3,,,-0.133,,,-5.89,,,
,753,,1.05700,,,4.955,,,0.02200,,25.3,,,-0.141,,,-6.83,,,
,783,,1.07350,,,4.830,,,0.01650,,25.3,,,-0.125,,,-7.55,,,
,814,,1.08875,,,4.697,,,0.01525,,25.3,,,-0.133,,,-8.41,,,
,,,1.100776 ???,,,4.586 ???,,,,,,,,,,,,,,EQP
,844,,1.10225,,,4.572,,,0.01350,,25.3,,,-0.125,,,-8.81,,,
,874,,1.11600,,,4.447,,,0.01375,,25.3,,,-0.125,,,-8.34,,,
,904,,1.13100,,,4.319,,,0.01500,,25.3,,,-0.128,,,-7.45,,,
,935,,1.14800,,,4.194,,,0.01700,,25.3,,,-0.125,,,-6.62,,,
,965,,1.16950,,,4.061,,,0.02150,,25.3,,,-0.133,,,-5.67,,,
,995,,1.19550,,,3.934,,,0.02600,,25.3,,,-0.127,,,-4.66,,,
,1025,,1.23100,,,3.801,,,0.03550,,25.3,,,-0.133,,,-3.59,,,
,1056,,1.27800,,,3.666,,,0.04700,,25.3,,,-0.135,,,-2.63,,,
,1086,,1.32800,,,3.556,,,0.05000,,25.3,,,-0.110,,,-1.99,,,
,1116,,1.37800,,,3.468,,,0.05000,,25.3,,,-0.088,,,-1.60,,,
,1146,,1.42800,,,3.394,,,0.05000,,25.3,,,-0.074,,,-1.34,,,
,1176,,1.47800,,,3.330,,,0.05000,,25.3,,,-0.064,,,-1.16,,,
,1207,,1.52800,,,3.275,,,0.05000,,25.3,,,-0.055,,,-1.03,,,
,1237,,1.57800,,,3.226,,,0.05000,,25.3,,,-0.049,,,-0.93,,,
,1267,,1.62800,,,3.182,,,0.05000,,25.3,,,-0.044,,,-0.83,,,
,1297,,1.67800,,,3.141,,,0.05000,,25.3,,,-0.041,,,-0.76,,,
,1328,,1.72800,,,3.105,,,0.05000,,25.3,,,-0.036,,,,,,
,1358,,1.77800,,,3.071,,,0.05000,,25.3,,,-0.034,,,,,,
,1388,,1.82800,,,3.040,,,0.05000,,25.3,,,-0.031,,,,,,
,1418,,1.87800,,,3.009,,,0.05000,,25.3,,,-0.031,,,,,,
,1449,,1.92800,,,2.983,,,0.05000,,25.3,,,-0.026,,,,,,
Measure (normal) [1],,,,,,,,"Scope 1/1, Sample 65/66",,,,,,,,,,,,
Measured Values,,,,,"Scope 1/1, Sample 65/66",,,,,,,,,,,,,,,
,Time,,,,,Meas. value,,,,,Temp.,,,,,dE,,,,
,[s],,,,,[pH],,,,,[°C],,,,,[pH],,,,
,1,,,,,4.735,,,,,22.4,,,,,,,,,
,2,,,,,5.000,,,,,22.7,,,,,0.265,,,,
,3,,,,,5.247,,,,,23.1,,,,,0.247,,,,
,4,,,,,5.449,,,,,23.5,,,,,0.202,,,,
,5,,,,,5.611,,,,,23.9,,,,,0.162,,,,
,6,,,,,5.753,,,,,24.2,,,,,0.142,,,,
,7,,,,,5.883,,,,,24.4,,,,,0.130,,,,
,8,,,,,5.990,,,,,24.6,,,,,0.107,,,,
,9,,,,,6.103,,,,,24.7,,,,,0.113,,,,
,10,,,,,6.209,,,,,24.8,,,,,0.106,,,,
,11,,,,,6.309,,,,,24.9,,,,,0.100,,,,
,12,,,,,6.403,,,,,25.0,,,,,0.094,,,,
,13,,,,,6.494,,,,,25.0,,,,,0.091,,,,
,14,,,,,6.581,,,,,25.1,,,,,0.087,,,,
,15,,,,,6.653,,,,,25.1,,,,,0.072,,,,
,16,,,,,6.730,,,,,25.1,,,,,0.077,,,,
,17,,,,,6.804,,,,,25.2,,,,,0.074,,,,
,18,,,,,6.872,,,,,25.2,,,,,0.068,,,,
,19,,,,,6.938,,,,,25.2,,,,,0.066,,,,
,20,,,,,6.994,,,,,25.2,,,,,0.056,,,,
,21,,,,,7.050,,,,,25.2,,,,,0.056,,,,
,22,,,,,7.093,,,,,25.2,,,,,0.043,,,,
,23,,,,,7.148,,,,,25.2,,,,,0.055,,,,
,24,,,,,7.197,,,,,25.2,,,,,0.049,,,,
,25,,,,,7.241,,,,,25.2,,,,,0.044,,,,
,26,,,,,7.281,,,,,25.2,,,,,0.040,,,,
,27,,,,,7.320,,,,,25.2,,,,,0.039,,,,
,28,,,,,7.356,,,,,25.2,,,,,0.036,,,,
,29,,,,,7.388,,,,,25.2,,,,,0.032,,,,
,30,,,,,7.421,,,,,25.2,,,,,0.033,,,,
,31,,,,,7.451,,,,,25.2,,,,,0.030,,,,
,32,,,,,7.478,,,,,25.2,,,,,0.027,,,,
,33,,,,,7.504,,,,,25.2,,,,,0.026,,,,
,34,,,,,7.529,,,,,25.2,,,,,0.025,,,,
,35,,,,,7.552,,,,,25.2,,,,,0.023,,,,
,36,,,,,7.571,,,,,25.2,,,,,0.019,,,,
,37,,,,,7.591,,,,,25.2,,,,,0.020,,,,
,38,,,,,7.610,,,,,25.2,,,,,0.019,,,,
,39,,,,,7.627,,,,,25.2,,,,,0.017,,,,
,40,,,,,7.644,,,,,25.2,,,,,0.017,,,,
,41,,,,,7.660,,,,,25.2,,,,,0.016,,,,
,42,,,,,7.675,,,,,25.2,,,,,0.015,,,,
,43,,,,,7.687,,,,,25.2,,,,,0.012,,,,
,44,,,,,7.701,,,,,25.2,,,,,0.014,,,,
,45,,,,,7.713,,,,,25.2,,,,,0.012,,,,
,46,,,,,7.724,,,,,25.2,,,,,0.011,,,,
,47,,,,,7.734,,,,,25.2,,,,,0.010,,,,
,48,,,,,7.744,,,,,25.2,,,,,0.010,,,,
,49,,,,,7.754,,,,,25.2,,,,,0.010,,,,
,50,,,,,7.762,,,,,25.2,,,,,0.008,,,,
,51,,,,,7.770,,,,,25.2,,,,,0.008,,,,
,52,,,,,7.778,,,,,25.2,,,,,0.008,,,,
,53,,,,,7.784,,,,,25.2,,,,,0.006,,,,
,54,,,,,7.790,,,,,25.2,,,,,0.006,,,,
,55,,,,,7.797,,,,,25.2,,,,,0.007,,,,
,56,,,,,7.802,,,,,25.2,,,,,0.005,,,,
,57,,,,,7.807,,,,,25.2,,,,,0.005,,,,
,58,,,,,7.812,,,,,25.2,,,,,0.005,,,,
,59,,,,,7.817,,,,,25.2,,,,,0.005,,,,
,60,,,,,7.822,,,,,25.2,,,,,0.005,,,,
Titration (EQP) [1],,,,,,,,"Scope 1/1, Sample 65/66",,,,,,,,,,,,
Measured Values,,,,,"Scope 1/1, Sample 65/66",,,,,,,,,,,,,,,
,Time,,V,,,Meas. value,,,dV,,Temp.,,,dE,,,dE/dV,,,EQP
,[s],,[mL],,,[pH],,,[mL],,[°C],,,[pH],,,[pH/mL],,,
,0,,0.00000,,,7.830,,,,,25.2,,,,,,,,,
,28,,0.08575,,,7.416,,,0.08575,,25.2,,,-0.414,,,,,,
,58,,0.12850,,,7.175,,,0.04275,,25.2,,,-0.241,,,,,,
,88,,0.15000,,,7.054,,,0.02150,,25.2,,,-0.121,,,,,,
,179,,0.17425,,,6.966,,,0.02425,,25.2,,,-0.088,,,,,,
,209,,0.22425,,,6.855,,,0.05000,,25.2,,,-0.111,,,-2.80,,,
,239,,0.27425,,,6.737,,,0.05000,,25.2,,,-0.118,,,-2.21,,,
,269,,0.32425,,,6.630,,,0.05000,,25.2,,,-0.107,,,-2.03,,,
,300,,0.37425,,,6.504,,,0.05000,,25.2,,,-0.126,,,-1.93,,,
,330,,0.42425,,,6.429,,,0.05000,,25.2,,,-0.075,,,-1.81,,,
,360,,0.47425,,,6.344,,,0.05000,,25.2,,,-0.085,,,-1.66,,,
,390,,0.52425,,,6.264,,,0.05000,,25.2,,,-0.080,,,-1.60,,,
,421,,0.57425,,,6.177,,,0.05000,,25.3,,,-0.087,,,-1.61,,,
,451,,0.62425,,,6.099,,,0.05000,,25.3,,,-0.078,,,-1.69,,,
,481,,0.67425,,,6.013,,,0.05000,,25.3,,,-0.086,,,-1.72,,,
,511,,0.72425,,,5.921,,,0.05000,,25.3,,,-0.092,,,-1.82,,,
,542,,0.77425,,,5.822,,,0.05000,,25.3,,,-0.099,,,-1.99,,,
,572,,0.82425,,,5.722,,,0.05000,,25.3,,,-0.100,,,-2.30,,,
,602,,0.87425,,,5.597,,,0.05000,,25.3,,,-0.125,,,-2.80,,,
,632,,0.92425,,,5.445,,,0.05000,,25.3,,,-0.152,,,-3.68,,,
,662,,0.96450,,,5.286,,,0.04025,,25.3,,,-0.159,,,-4.80,,,
,693,,0.99100,,,5.155,,,0.02650,,25.3,,,-0.131,,,-5.79,,,
,723,,1.01275,,,5.023,,,0.02175,,25.3,,,-0.132,,,-6.73,,,
,753,,1.03125,,,4.888,,,0.01850,,25.3,,,-0.135,,,-7.60,,,
,784,,1.04650,,,4.756,,,0.01525,,25.3,,,-0.132,,,-8.46,,,
,814,,1.05975,,,4.629,,,0.01325,,25.3,,,-0.127,,,-9.18,,,
,,,1.072269,,,4.507,,,,,,,,,,,,,,EQP
,844,,1.07250,,,4.505,,,0.01275,,25.3,,,-0.124,,,-9.05,,,
,874,,1.08650,,,4.373,,,0.01400,,25.3,,,-0.132,,,-8.21,,,
,904,,1.10125,,,4.252,,,0.01475,,25.3,,,-0.121,,,-7.32,,,
,935,,1.12025,,,4.120,,,0.01900,,25.3,,,-0.132,,,-6.37,,,
,965,,1.14325,,,3.990,,,0.02300,,25.3,,,-0.130,,,-5.32,,,
,995,,1.17300,,,3.859,,,0.02975,,25.3,,,-0.131,,,-4.22,,,
,1025,,1.21225,,,3.728,,,0.03925,,25.3,,,-0.131,,,-3.18,,,
,1056,,1.26225,,,3.600,,,0.05000,,25.3,,,-0.128,,,-2.32,,,
,1086,,1.31225,,,3.501,,,0.05000,,25.3,,,-0.099,,,-1.80,,,
,1116,,1.36225,,,3.419,,,0.05000,,25.3,,,-0.082,,,-1.48,,,
,1146,,1.41225,,,3.350,,,0.05000,,25.3,,,-0.069,,,-1.26,,,
,1177,,1.46225,,,3.290,,,0.05000,,25.3,,,-0.060,,,-1.10,,,
,1207,,1.51225,,,3.238,,,0.05000,,25.3,,,-0.052,,,-0.98,,,
,1237,,1.56225,,,3.191,,,0.05000,,25.3,,,-0.047,,,-0.89,,,
,1267,,1.61225,,,3.148,,,0.05000,,25.3,,,-0.043,,,-0.81,,,
,1298,,1.66225,,,3.110,,,0.05000,,25.3,,,-0.038,,,,,,
,1328,,1.71225,,,3.074,,,0.05000,,25.3,,,-0.036,,,,,,
,1358,,1.76225,,,3.041,,,0.05000,,25.3,,,-0.033,,,,,,
,1388,,1.81225,,,3.011,,,0.05000,,25.3,,,-0.030,,,,,,
,1418,,1.86225,,,2.982,,,0.05000,,25.3,,,-0.029,,,,,,
Measure (normal) [1],,,,,,,,"Scope 1/1, Sample 66/66",,,,,,,,,,,,
Measured Values,,,,,"Scope 1/1, Sample 66/66",,,,,,,,,,,,,,,
,Time,,,,,Meas. value,,,,,Temp.,,,,,dE,,,,
,[s],,,,,[pH],,,,,[°C],,,,,[pH],,,,
,1,,,,,4.510,,,,,23.7,,,,,,,,,
,2,,,,,4.861,,,,,23.8,,,,,0.351,,,,
,3,,,,,5.225,,,,,24.0,,,,,0.364,,,,
,4,,,,,5.546,,,,,24.3,,,,,0.321,,,,
,5,,,,,5.844,,,,,24.5,,,,,0.298,,,,
,6,,,,,6.118,,,,,24.6,,,,,0.274,,,,
,7,,,,,6.364,,,,,24.7,,,,,0.246,,,,
,8,,,,,6.580,,,,,24.8,,,,,0.216,,,,
,9,,,,,6.750,,,,,24.9,,,,,0.170,,,,
,10,,,,,6.919,,,,,25.0,,,,,0.169,,,,
,11,,,,,7.064,,,,,25.0,,,,,0.145,,,,
,12,,,,,7.193,,,,,25.0,,,,,0.129,,,,
,13,,,,,7.295,,,,,25.1,,,,,0.102,,,,
,14,,,,,7.381,,,,,25.1,,,,,0.086,,,,
,15,,,,,7.451,,,,,25.1,,,,,0.070,,,,
,16,,,,,7.516,,,,,25.1,,,,,0.065,,,,
,17,,,,,7.571,,,,,25.1,,,,,0.055,,,,
,18,,,,,7.618,,,,,25.1,,,,,0.047,,,,
,19,,,,,7.660,,,,,25.2,,,,,0.042,,,,
,20,,,,,7.695,,,,,25.2,,,,,0.035,,,,
,21,,,,,7.726,,,,,25.2,,,,,0.031,,,,
,22,,,,,7.748,,,,,25.2,,,,,0.022,,,,
,23,,,,,7.769,,,,,25.2,,,,,0.021,,,,
,24,,,,,7.788,,,,,25.2,,,,,0.019,,,,
,25,,,,,7.804,,,,,25.2,,,,,0.016,,,,
,26,,,,,7.817,,,,,25.2,,,,,0.013,,,,
,27,,,,,7.829,,,,,25.2,,,,,0.012,,,,
,28,,,,,7.839,,,,,25.2,,,,,0.010,,,,
,29,,,,,7.847,,,,,25.2,,,,,0.008,,,,
,30,,,,,7.855,,,,,25.2,,,,,0.008,,,,
,31,,,,,7.862,,,,,25.2,,,,,0.007,,,,
,32,,,,,7.867,,,,,25.2,,,,,0.005,,,,
,33,,,,,7.872,,,,,25.2,,,,,0.005,,,,
,34,,,,,7.876,,,,,25.2,,,,,0.004,,,,
,35,,,,,7.880,,,,,25.2,,,,,0.004,,,,
,36,,,,,7.883,,,,,25.2,,,,,0.003,,,,
,37,,,,,7.886,,,,,25.2,,,,,0.003,,,,
,38,,,,,7.889,,,,,25.2,,,,,0.003,,,,
,39,,,,,7.891,,,,,25.2,,,,,0.002,,,,
,40,,,,,7.893,,,,,25.2,,,,,0.002,,,,
,41,,,,,7.894,,,,,25.2,,,,,0.001,,,,
,42,,,,,7.896,,,,,25.2,,,,,0.002,,,,
,43,,,,,7.898,,,,,25.2,,,,,0.002,,,,
,44,,,,,7.899,,,,,25.2,,,,,0.001,,,,
,45,,,,,7.900,,,,,25.2,,,,,0.001,,,,
,46,,,,,7.901,,,,,25.2,,,,,0.001,,,,
,47,,,,,7.902,,,,,25.2,,,,,0.001,,,,
,48,,,,,7.903,,,,,25.2,,,,,0.001,,,,
,49,,,,,7.904,,,,,25.2,,,,,0.001,,,,
,50,,,,,7.905,,,,,25.2,,,,,0.001,,,,
,51,,,,,7.905,,,,,25.2,,,,,0.000,,,,
,52,,,,,7.906,,,,,25.2,,,,,0.001,,,,
,53,,,,,7.907,,,,,25.2,,,,,0.001,,,,
,54,,,,,7.907,,,,,25.2,,,,,0.000,,,,
,55,,,,,7.908,,,,,25.2,,,,,0.001,,,,
,56,,,,,7.908,,,,,25.2,,,,,0.000,,,,
,57,,,,,7.909,,,,,25.2,,,,,0.001,,,,
,58,,,,,7.909,,,,,25.2,,,,,0.000,,,,
,59,,,,,7.910,,,,,25.2,,,,,0.001,,,,
,60,,,,,7.910,,,,,25.2,,,,,0.000,,,,
Titration (EQP) [1],,,,,,,,"Scope 1/1, Sample 66/66",,,,,,,,,,,,
Measured Values,,,,,"Scope 1/1, Sample 66/66",,,,,,,,,,,,,,,
,Time,,V,,,Meas. value,,,dV,,Temp.,,,dE,,,dE/dV,,,EQP
,[s],,[mL],,,[pH],,,[mL],,[°C],,,[pH],,,[pH/mL],,,
,0,,0.00000,,,7.911,,,,,25.2,,,,,,,,,
,28,,0.08575,,,7.605,,,0.08575,,25.2,,,-0.306,,,,,,
,58,,0.12850,,,7.339,,,0.04275,,25.2,,,-0.266,,,,,,
,88,,0.15000,,,7.214,,,0.02150,,25.2,,,-0.125,,,,,,
,179,,0.17475,,,7.108,,,0.02475,,25.2,,,-0.106,,,,,,
,209,,0.21850,,,6.966,,,0.04375,,25.2,,,-0.142,,,-3.49,,,
,239,,0.26850,,,6.818,,,0.05000,,25.2,,,-0.148,,,-2.65,,,
,269,,0.31850,,,6.689,,,0.05000,,25.2,,,-0.129,,,-2.28,,,
,300,,0.36850,,,6.590,,,0.05000,,25.2,,,-0.099,,,-2.05,,,
,330,,0.41850,,,6.492,,,0.05000,,25.2,,,-0.098,,,-1.85,,,
,360,,0.46850,,,6.398,,,0.05000,,25.2,,,-0.094,,,-1.69,,,
,390,,0.51850,,,6.317,,,0.05000,,25.2,,,-0.081,,,-1.57,,,
,420,,0.56850,,,6.240,,,0.05000,,25.2,,,-0.077,,,-1.48,,,
,451,,0.61850,,,6.172,,,0.05000,,25.2,,,-0.068,,,-1.38,,,
,481,,0.66850,,,6.101,,,0.05000,,25.2,,,-0.071,,,-1.33,,,
,511,,0.71850,,,6.038,,,0.05000,,25.2,,,-0.063,,,-1.32,,,
,541,,0.76850,,,5.969,,,0.05000,,25.2,,,-0.069,,,-1.31,,,
,572,,0.81850,,,5.905,,,0.05000,,25.2,,,-0.064,,,-1.32,,,
,602,,0.86850,,,5.835,,,0.05000,,25.2,,,-0.070,,,-1.36,,,
,632,,0.91850,,,5.767,,,0.05000,,25.2,,,-0.068,,,-1.44,,,
,662,,0.96850,,,5.692,,,0.05000,,25.2,,,-0.075,,,-1.54,,,
,693,,1.01850,,,5.611,,,0.05000,,25.2,,,-0.081,,,-1.72,,,
,723,,1.06850,,,5.513,,,0.05000,,25.2,,,-0.098,,,-1.99,,,
,753,,1.11850,,,5.408,,,0.05000,,25.2,,,-0.105,,,-2.40,,,
,783,,1.16850,,,5.279,,,0.05000,,25.2,,,-0.129,,,-3.03,,,
,814,,1.21850,,,5.111,,,0.05000,,25.2,,,-0.168,,,-4.03,,,
,844,,1.25150,,,4.971,,,0.03300,,25.2,,,-0.140,,,-4.90,,,
,874,,1.27675,,,4.839,,,0.02525,,25.2,,,-0.132,,,-5.68,,,
,904,,1.29775,,,4.706,,,0.02100,,25.2,,,-0.133,,,-6.33,,,
,934,,1.31550,,,4.578,,,0.01775,,25.2,,,-0.128,,,-6.96,,,
,,,1.329355 ???,,,4.470 ???,,,,,,,,,,,,,,EQP
,965,,1.33225,,,4.448,,,0.01675,,25.2,,,-0.130,,,-7.35,,,
,995,,1.34825,,,4.324,,,0.01600,,25.2,,,-0.124,,,-6.87,,,
,1025,,1.36575,,,4.199,,,0.01750,,25.2,,,-0.125,,,-6.15,,,
,1055,,1.38650,,,4.073,,,0.02075,,25.2,,,-0.126,,,-5.43,,,
,1086,,1.41250,,,3.945,,,0.02600,,25.2,,,-0.128,,,-4.59,,,
,1116,,1.44700,,,3.813,,,0.03450,,25.2,,,-0.132,,,-3.62,,,
,1146,,1.49225,,,3.679,,,0.04525,,25.2,,,-0.134,,,-2.70,,,
,1176,,1.54225,,,3.568,,,0.05000,,25.2,,,-0.111,,,-2.04,,,
,1207,,1.59225,,,3.478,,,0.05000,,25.2,,,-0.090,,,-1.63,,,
,1237,,1.64225,,,3.403,,,0.05000,,25.2,,,-0.075,,,-1.36,,,
,1267,,1.69225,,,3.339,,,0.05000,,25.2,,,-0.064,,,-1.17,,,
,1297,,1.74225,,,3.283,,,0.05000,,25.2,,,-0.056,,,-1.04,,,
,1328,,1.79225,,,3.234,,,0.05000,,25.2,,,-0.049,,,-0.92,,,
,1358,,1.84225,,,3.190,,,0.05000,,25.2,,,-0.044,,,-0.84,,,
,1388,,1.89225,,,3.150,,,0.05000,,25.2,,,-0.040,,,-0.77,,,
,1418,,1.94225,,,3.113,,,0.05000,,25.2,,,-0.037,,,,,,
,1448,,1.99225,,,3.079,,,0.05000,,25.2,,,-0.034,,,,,,
,1479,,2.04225,,,3.047,,,0.05000,,25.2,,,-0.032,,,,,,
,1509,,2.09225,,,3.018,,,0.05000,,25.2,,,-0.029,,,,,,
,1539,,2.14225,,,2.991,,,0.05000,,25.2,,,-0.027,,,,,,
(1),,Modified,,,,,,,,,,,,,,,,,,
(9),,Standard evaluation used,,,,,,,,,,,,,,,,,,
(22),,New (Manual),,,,,,,,,,,,,,,,,,
2/6/2025 11:45:16 AM,,,,,SystemInternal,,,,,,,,,,,,,1/1,,
