"Site","TIMESTAMP","Relative_humidity_pct","Radon_Bqm3","Radon_error_Bqm3"
"FLUME",2025-12-21 19:00:00,NA,NA,NA
"FLUME",2025-12-21 19:15:00,NA,NA,NA
"FLUME",2025-12-21 19:30:00,NA,NA,NA
"FLUME",2025-12-21 19:45:00,NA,NA,NA
"FLUME",2025-12-21 20:00:00,NA,NA,NA
"FLUME",2025-12-21 20:15:00,NA,NA,NA
"FLUME",2025-12-21 20:30:00,NA,NA,NA
"FLUME",2025-12-21 20:45:00,NA,NA,NA
"FLUME",2025-12-21 21:00:00,NA,NA,NA
"FLUME",2025-12-21 21:15:00,NA,NA,NA
"FLUME",2025-12-21 21:30:00,NA,NA,NA
"FLUME",2025-12-21 21:45:00,NA,NA,NA
"FLUME",2025-12-21 22:00:00,NA,NA,NA
"FLUME",2025-12-21 22:15:00,NA,NA,NA
"FLUME",2025-12-21 22:30:00,NA,NA,NA
"FLUME",2025-12-21 22:45:00,NA,NA,NA
"FLUME",2025-12-21 23:00:00,NA,NA,NA
"FLUME",2025-12-21 23:15:00,NA,NA,NA
"FLUME",2025-12-21 23:30:00,NA,NA,NA
"FLUME",2025-12-21 23:45:00,NA,NA,NA
"FLUME",2025-12-22,NA,NA,NA
"FLUME",2025-12-22 00:15:00,NA,NA,NA
"FLUME",2025-12-22 00:30:00,NA,NA,NA
"FLUME",2025-12-22 00:45:00,NA,NA,NA
"FLUME",2025-12-22 01:00:00,NA,NA,NA
"FLUME",2025-12-22 01:15:00,NA,NA,NA
"FLUME",2025-12-22 01:30:00,NA,NA,NA
"FLUME",2025-12-22 01:45:00,NA,NA,NA
"FLUME",2025-12-22 02:00:00,NA,NA,NA
"FLUME",2025-12-22 02:15:00,NA,NA,NA
"FLUME",2025-12-22 02:30:00,NA,NA,NA
"FLUME",2025-12-22 02:45:00,NA,NA,NA
"FLUME",2025-12-22 03:00:00,NA,NA,NA
"FLUME",2025-12-22 03:15:00,NA,NA,NA
"FLUME",2025-12-22 03:30:00,NA,NA,NA
"FLUME",2025-12-22 03:45:00,NA,NA,NA
"FLUME",2025-12-22 04:00:00,NA,NA,NA
"FLUME",2025-12-22 04:15:00,NA,NA,NA
"FLUME",2025-12-22 04:30:00,NA,NA,NA
"FLUME",2025-12-22 04:45:00,NA,NA,NA
"FLUME",2025-12-22 05:00:00,NA,NA,NA
"FLUME",2025-12-22 05:15:00,NA,NA,NA
"FLUME",2025-12-22 05:30:00,NA,NA,NA
"FLUME",2025-12-22 05:45:00,NA,NA,NA
"FLUME",2025-12-22 06:00:00,NA,NA,NA
"FLUME",2025-12-22 06:15:00,NA,NA,NA
"FLUME",2025-12-22 06:30:00,NA,NA,NA
"FLUME",2025-12-22 06:45:00,NA,NA,NA
"FLUME",2025-12-22 07:00:00,NA,NA,NA
"FLUME",2025-12-22 07:15:00,NA,NA,NA
"FLUME",2025-12-22 07:30:00,NA,NA,NA
"FLUME",2025-12-22 07:45:00,NA,NA,NA
"FLUME",2025-12-22 08:00:00,NA,NA,NA
"FLUME",2025-12-22 08:15:00,NA,NA,NA
"FLUME",2025-12-22 08:30:00,NA,NA,NA
"FLUME",2025-12-22 08:45:00,NA,NA,NA
"FLUME",2025-12-22 09:00:00,NA,NA,NA
"FLUME",2025-12-22 09:15:00,NA,NA,NA
"FLUME",2025-12-22 09:30:00,NA,NA,NA
"FLUME",2025-12-22 09:45:00,NA,NA,NA
"FLUME",2025-12-22 10:00:00,NA,NA,NA
"FLUME",2025-12-22 10:15:00,NA,NA,NA
"FLUME",2025-12-22 10:30:00,NA,NA,NA
"FLUME",2025-12-22 10:45:00,NA,NA,NA
"FLUME",2025-12-22 11:00:00,NA,NA,NA
"FLUME",2025-12-22 11:15:00,NA,NA,NA
"FLUME",2025-12-22 11:30:00,NA,NA,NA
"FLUME",2025-12-22 11:45:00,NA,NA,NA
"FLUME",2025-12-22 12:00:00,NA,NA,NA
"FLUME",2025-12-22 12:15:00,NA,NA,NA
"FLUME",2025-12-22 12:30:00,NA,NA,NA
"FLUME",2025-12-22 12:45:00,NA,NA,NA
"FLUME",2025-12-22 13:00:00,NA,NA,NA
"FLUME",2025-12-22 13:15:00,NA,NA,NA
"FLUME",2025-12-22 13:30:00,NA,NA,NA
"FLUME",2025-12-22 13:45:00,NA,NA,NA
"FLUME",2025-12-22 14:00:00,NA,NA,NA
"FLUME",2025-12-22 14:15:00,NA,NA,NA
"FLUME",2025-12-22 14:30:00,NA,NA,NA
"FLUME",2025-12-22 14:45:00,NA,NA,NA
"FLUME",2025-12-22 15:00:00,NA,NA,NA
"FLUME",2025-12-22 15:15:00,NA,NA,NA
"FLUME",2025-12-22 15:30:00,NA,NA,NA
"FLUME",2025-12-22 15:45:00,NA,NA,NA
"FLUME",2025-12-22 16:00:00,NA,NA,NA
"FLUME",2025-12-22 16:15:00,NA,NA,NA
"FLUME",2025-12-22 16:30:00,NA,NA,NA
"FLUME",2025-12-22 16:45:00,NA,NA,NA
"FLUME",2025-12-22 17:00:00,NA,NA,NA
"FLUME",2025-12-22 17:15:00,NA,NA,NA
"FLUME",2025-12-22 17:30:00,NA,NA,NA
"FLUME",2025-12-22 17:45:00,NA,NA,NA
"FLUME",2025-12-22 18:00:00,NA,NA,NA
"FLUME",2025-12-22 18:15:00,NA,NA,NA
"FLUME",2025-12-22 18:30:00,NA,NA,NA
"FLUME",2025-12-22 18:45:00,NA,NA,NA
"FLUME",2025-12-22 19:00:00,NA,NA,NA
"FLUME",2025-12-22 19:15:00,NA,NA,NA
"FLUME",2025-12-22 19:30:00,NA,NA,NA
"FLUME",2025-12-22 19:45:00,NA,NA,NA
"FLUME",2025-12-22 20:00:00,NA,NA,NA
"FLUME",2025-12-22 20:15:00,NA,NA,NA
"FLUME",2025-12-22 20:30:00,NA,NA,NA
"FLUME",2025-12-22 20:45:00,NA,NA,NA
"FLUME",2025-12-22 21:00:00,NA,NA,NA
"FLUME",2025-12-22 21:15:00,NA,NA,NA
"FLUME",2025-12-22 21:30:00,NA,NA,NA
"FLUME",2025-12-22 21:45:00,NA,NA,NA
"FLUME",2025-12-22 22:00:00,NA,NA,NA
"FLUME",2025-12-22 22:15:00,NA,NA,NA
"FLUME",2025-12-22 22:30:00,NA,NA,NA
"FLUME",2025-12-22 22:45:00,NA,NA,NA
"FLUME",2025-12-22 23:00:00,NA,NA,NA
"FLUME",2025-12-22 23:15:00,NA,NA,NA
"FLUME",2025-12-22 23:30:00,NA,NA,NA
"FLUME",2025-12-22 23:45:00,NA,NA,NA
"FLUME",2025-12-23,NA,NA,NA
"FLUME",2025-12-23 00:15:00,NA,NA,NA
"FLUME",2025-12-23 00:30:00,NA,NA,NA
"FLUME",2025-12-23 00:45:00,NA,NA,NA
"FLUME",2025-12-23 01:00:00,NA,NA,NA
"FLUME",2025-12-23 01:15:00,NA,NA,NA
"FLUME",2025-12-23 01:30:00,NA,NA,NA
"FLUME",2025-12-23 01:45:00,NA,NA,NA
"FLUME",2025-12-23 02:00:00,NA,NA,NA
"FLUME",2025-12-23 02:15:00,NA,NA,NA
"FLUME",2025-12-23 02:30:00,NA,NA,NA
"FLUME",2025-12-23 02:45:00,NA,NA,NA
"FLUME",2025-12-23 03:00:00,NA,NA,NA
"FLUME",2025-12-23 03:15:00,NA,NA,NA
"FLUME",2025-12-23 03:30:00,NA,NA,NA
"FLUME",2025-12-23 03:45:00,NA,NA,NA
"FLUME",2025-12-23 04:00:00,NA,NA,NA
"FLUME",2025-12-23 04:15:00,NA,NA,NA
"FLUME",2025-12-23 04:30:00,NA,NA,NA
"FLUME",2025-12-23 04:45:00,NA,NA,NA
"FLUME",2025-12-23 05:00:00,NA,NA,NA
"FLUME",2025-12-23 05:15:00,NA,NA,NA
"FLUME",2025-12-23 05:30:00,NA,NA,NA
"FLUME",2025-12-23 05:45:00,NA,NA,NA
"FLUME",2025-12-23 06:00:00,NA,NA,NA
"FLUME",2025-12-23 06:15:00,NA,NA,NA
"FLUME",2025-12-23 06:30:00,NA,NA,NA
"FLUME",2025-12-23 06:45:00,NA,NA,NA
"FLUME",2025-12-23 07:00:00,NA,NA,NA
"FLUME",2025-12-23 07:15:00,NA,NA,NA
"FLUME",2025-12-23 07:30:00,NA,NA,NA
"FLUME",2025-12-23 07:45:00,NA,NA,NA
"FLUME",2025-12-23 08:00:00,NA,NA,NA
"FLUME",2025-12-23 08:15:00,NA,NA,NA
"FLUME",2025-12-23 08:30:00,NA,NA,NA
"FLUME",2025-12-23 08:45:00,NA,NA,NA
"FLUME",2025-12-23 09:00:00,NA,NA,NA
"FLUME",2025-12-23 09:15:00,NA,NA,NA
"FLUME",2025-12-23 09:30:00,NA,NA,NA
"FLUME",2025-12-23 09:45:00,NA,NA,NA
"FLUME",2025-12-23 10:00:00,NA,NA,NA
"FLUME",2025-12-23 10:15:00,NA,NA,NA
"FLUME",2025-12-23 10:30:00,NA,NA,NA
"FLUME",2025-12-23 10:45:00,NA,NA,NA
"FLUME",2025-12-23 11:00:00,NA,NA,NA
"FLUME",2025-12-23 11:15:00,NA,NA,NA
"FLUME",2025-12-23 11:30:00,NA,NA,NA
"FLUME",2025-12-23 11:45:00,NA,NA,NA
"FLUME",2025-12-23 12:00:00,NA,NA,NA
"FLUME",2025-12-23 12:15:00,NA,NA,NA
"FLUME",2025-12-23 12:30:00,NA,NA,NA
"FLUME",2025-12-23 12:45:00,NA,NA,NA
"FLUME",2025-12-23 13:00:00,NA,NA,NA
"FLUME",2025-12-23 13:15:00,NA,NA,NA
"FLUME",2025-12-23 13:30:00,NA,NA,NA
"FLUME",2025-12-23 13:45:00,NA,NA,NA
"FLUME",2025-12-23 14:00:00,NA,NA,NA
"FLUME",2025-12-23 14:15:00,NA,NA,NA
"FLUME",2025-12-23 14:30:00,NA,NA,NA
"FLUME",2025-12-23 14:45:00,NA,NA,NA
"FLUME",2025-12-23 15:00:00,NA,NA,NA
"FLUME",2025-12-23 15:15:00,NA,NA,NA
"FLUME",2025-12-23 15:30:00,NA,NA,NA
"FLUME",2025-12-23 15:45:00,NA,NA,NA
"FLUME",2025-12-23 16:00:00,NA,NA,NA
"FLUME",2025-12-23 16:15:00,NA,NA,NA
"FLUME",2025-12-23 16:30:00,NA,NA,NA
"FLUME",2025-12-23 16:45:00,NA,NA,NA
"FLUME",2025-12-23 17:00:00,NA,NA,NA
"FLUME",2025-12-23 17:15:00,NA,NA,NA
"FLUME",2025-12-23 17:30:00,NA,NA,NA
"FLUME",2025-12-23 17:45:00,NA,NA,NA
"FLUME",2025-12-23 18:00:00,NA,NA,NA
"FLUME",2025-12-23 18:15:00,NA,NA,NA
"FLUME",2025-12-23 18:30:00,NA,NA,NA
"FLUME",2025-12-23 18:45:00,NA,NA,NA
"FLUME",2025-12-23 19:00:00,NA,NA,NA
"FLUME",2025-12-23 19:15:00,NA,NA,NA
"FLUME",2025-12-23 19:30:00,NA,NA,NA
"FLUME",2025-12-23 19:45:00,NA,NA,NA
"FLUME",2025-12-23 20:00:00,NA,NA,NA
"FLUME",2025-12-23 20:15:00,NA,NA,NA
"FLUME",2025-12-23 20:30:00,NA,NA,NA
"FLUME",2025-12-23 20:45:00,NA,NA,NA
"FLUME",2025-12-23 21:00:00,NA,NA,NA
"FLUME",2025-12-23 21:15:00,NA,NA,NA
"FLUME",2025-12-23 21:30:00,NA,NA,NA
"FLUME",2025-12-23 21:45:00,NA,NA,NA
"FLUME",2025-12-23 22:00:00,NA,NA,NA
"FLUME",2025-12-23 22:15:00,NA,NA,NA
"FLUME",2025-12-23 22:30:00,NA,NA,NA
"FLUME",2025-12-23 22:45:00,NA,NA,NA
"FLUME",2025-12-23 23:00:00,NA,NA,NA
"FLUME",2025-12-23 23:15:00,NA,NA,NA
"FLUME",2025-12-23 23:30:00,NA,NA,NA
"FLUME",2025-12-23 23:45:00,NA,NA,NA
"FLUME",2025-12-24,NA,NA,NA
"FLUME",2025-12-24 00:15:00,NA,NA,NA
"FLUME",2025-12-24 00:30:00,NA,NA,NA
"FLUME",2025-12-24 00:45:00,NA,NA,NA
"FLUME",2025-12-24 01:00:00,NA,NA,NA
"FLUME",2025-12-24 01:15:00,NA,NA,NA
"FLUME",2025-12-24 01:30:00,NA,NA,NA
"FLUME",2025-12-24 01:45:00,NA,NA,NA
"FLUME",2025-12-24 02:00:00,NA,NA,NA
"FLUME",2025-12-24 02:15:00,NA,NA,NA
"FLUME",2025-12-24 02:30:00,NA,NA,NA
"FLUME",2025-12-24 02:45:00,NA,NA,NA
"FLUME",2025-12-24 03:00:00,NA,NA,NA
"FLUME",2025-12-24 03:15:00,NA,NA,NA
"FLUME",2025-12-24 03:30:00,NA,NA,NA
"FLUME",2025-12-24 03:45:00,NA,NA,NA
"FLUME",2025-12-24 04:00:00,NA,NA,NA
"FLUME",2025-12-24 04:15:00,NA,NA,NA
"FLUME",2025-12-24 04:30:00,NA,NA,NA
"FLUME",2025-12-24 04:45:00,NA,NA,NA
"FLUME",2025-12-24 05:00:00,NA,NA,NA
"FLUME",2025-12-24 05:15:00,NA,NA,NA
"FLUME",2025-12-24 05:30:00,NA,NA,NA
"FLUME",2025-12-24 05:45:00,NA,NA,NA
"FLUME",2025-12-24 06:00:00,NA,NA,NA
"FLUME",2025-12-24 06:15:00,NA,NA,NA
"FLUME",2025-12-24 06:30:00,NA,NA,NA
"FLUME",2025-12-24 06:45:00,NA,NA,NA
"FLUME",2025-12-24 07:00:00,NA,NA,NA
"FLUME",2025-12-24 07:15:00,NA,NA,NA
"FLUME",2025-12-24 07:30:00,NA,NA,NA
"FLUME",2025-12-24 07:45:00,NA,NA,NA
"FLUME",2025-12-24 08:00:00,NA,NA,NA
"FLUME",2025-12-24 08:15:00,NA,NA,NA
"FLUME",2025-12-24 08:30:00,NA,NA,NA
"FLUME",2025-12-24 08:45:00,NA,NA,NA
"FLUME",2025-12-24 09:00:00,NA,NA,NA
"FLUME",2025-12-24 09:15:00,NA,NA,NA
"FLUME",2025-12-24 09:30:00,NA,NA,NA
"FLUME",2025-12-24 09:45:00,NA,NA,NA
"FLUME",2025-12-24 10:00:00,NA,NA,NA
"FLUME",2025-12-24 10:15:00,NA,NA,NA
"FLUME",2025-12-24 10:30:00,NA,NA,NA
"FLUME",2025-12-24 10:45:00,NA,NA,NA
"FLUME",2025-12-24 11:00:00,NA,NA,NA
"FLUME",2025-12-24 11:15:00,NA,NA,NA
"FLUME",2025-12-24 11:30:00,NA,NA,NA
"FLUME",2025-12-24 11:45:00,NA,NA,NA
"FLUME",2025-12-24 12:00:00,NA,NA,NA
"FLUME",2025-12-24 12:15:00,NA,NA,NA
"FLUME",2025-12-24 12:30:00,NA,NA,NA
"FLUME",2025-12-24 12:45:00,NA,NA,NA
"FLUME",2025-12-24 13:00:00,NA,NA,NA
"FLUME",2025-12-24 13:15:00,NA,NA,NA
"FLUME",2025-12-24 13:30:00,NA,NA,NA
"FLUME",2025-12-24 13:45:00,NA,NA,NA
"FLUME",2025-12-24 14:00:00,NA,NA,NA
"FLUME",2025-12-24 14:15:00,NA,NA,NA
"FLUME",2025-12-24 14:30:00,NA,NA,NA
"FLUME",2025-12-24 14:45:00,NA,NA,NA
"FLUME",2025-12-24 15:00:00,NA,NA,NA
"FLUME",2025-12-24 15:15:00,NA,NA,NA
"FLUME",2025-12-24 15:30:00,NA,NA,NA
"FLUME",2025-12-24 15:45:00,NA,NA,NA
"FLUME",2025-12-24 16:00:00,NA,NA,NA
"FLUME",2025-12-24 16:15:00,NA,NA,NA
"FLUME",2025-12-24 16:30:00,NA,NA,NA
"FLUME",2025-12-24 16:45:00,NA,NA,NA
"FLUME",2025-12-24 17:00:00,NA,NA,NA
"FLUME",2025-12-24 17:15:00,NA,NA,NA
"FLUME",2025-12-24 17:30:00,NA,NA,NA
"FLUME",2025-12-24 17:45:00,NA,NA,NA
"FLUME",2025-12-24 18:00:00,NA,NA,NA
"FLUME",2025-12-24 18:15:00,NA,NA,NA
"FLUME",2025-12-24 18:30:00,NA,NA,NA
"FLUME",2025-12-24 18:45:00,NA,NA,NA
"FLUME",2025-12-24 19:00:00,NA,NA,NA
"FLUME",2025-12-24 19:15:00,NA,NA,NA
"FLUME",2025-12-24 19:30:00,NA,NA,NA
"FLUME",2025-12-24 19:45:00,NA,NA,NA
"FLUME",2025-12-24 20:00:00,NA,NA,NA
"FLUME",2025-12-24 20:15:00,NA,NA,NA
"FLUME",2025-12-24 20:30:00,NA,NA,NA
"FLUME",2025-12-24 20:45:00,NA,NA,NA
"FLUME",2025-12-24 21:00:00,NA,NA,NA
"FLUME",2025-12-24 21:15:00,NA,NA,NA
"FLUME",2025-12-24 21:30:00,NA,NA,NA
"FLUME",2025-12-24 21:45:00,NA,NA,NA
"FLUME",2025-12-24 22:00:00,NA,NA,NA
"FLUME",2025-12-24 22:15:00,NA,NA,NA
"FLUME",2025-12-24 22:30:00,NA,NA,NA
"FLUME",2025-12-24 22:45:00,NA,NA,NA
"FLUME",2025-12-24 23:00:00,NA,NA,NA
"FLUME",2025-12-24 23:15:00,NA,NA,NA
"FLUME",2025-12-24 23:30:00,NA,NA,NA
"FLUME",2025-12-24 23:45:00,NA,NA,NA
"FLUME",2025-12-25,NA,NA,NA
"FLUME",2025-12-25 00:15:00,NA,NA,NA
"FLUME",2025-12-25 00:30:00,NA,NA,NA
"FLUME",2025-12-25 00:45:00,NA,NA,NA
"FLUME",2025-12-25 01:00:00,NA,NA,NA
"FLUME",2025-12-25 01:15:00,NA,NA,NA
"FLUME",2025-12-25 01:30:00,NA,NA,NA
"FLUME",2025-12-25 01:45:00,NA,NA,NA
"FLUME",2025-12-25 02:00:00,NA,NA,NA
"FLUME",2025-12-25 02:15:00,NA,NA,NA
"FLUME",2025-12-25 02:30:00,NA,NA,NA
"FLUME",2025-12-25 02:45:00,NA,NA,NA
"FLUME",2025-12-25 03:00:00,NA,NA,NA
"FLUME",2025-12-25 03:15:00,NA,NA,NA
"FLUME",2025-12-25 03:30:00,NA,NA,NA
"FLUME",2025-12-25 03:45:00,NA,NA,NA
"FLUME",2025-12-25 04:00:00,NA,NA,NA
"FLUME",2025-12-25 04:15:00,NA,NA,NA
"FLUME",2025-12-25 04:30:00,NA,NA,NA
"FLUME",2025-12-25 04:45:00,NA,NA,NA
"FLUME",2025-12-25 05:00:00,NA,NA,NA
"FLUME",2025-12-25 05:15:00,NA,NA,NA
"FLUME",2025-12-25 05:30:00,NA,NA,NA
"FLUME",2025-12-25 05:45:00,NA,NA,NA
"FLUME",2025-12-25 06:00:00,NA,NA,NA
"FLUME",2025-12-25 06:15:00,NA,NA,NA
"FLUME",2025-12-25 06:30:00,NA,NA,NA
"FLUME",2025-12-25 06:45:00,NA,NA,NA
"FLUME",2025-12-25 07:00:00,NA,NA,NA
"FLUME",2025-12-25 07:15:00,NA,NA,NA
"FLUME",2025-12-25 07:30:00,NA,NA,NA
"FLUME",2025-12-25 07:45:00,NA,NA,NA
"FLUME",2025-12-25 08:00:00,NA,NA,NA
"FLUME",2025-12-25 08:15:00,NA,NA,NA
"FLUME",2025-12-25 08:30:00,NA,NA,NA
"FLUME",2025-12-25 08:45:00,NA,NA,NA
"FLUME",2025-12-25 09:00:00,NA,NA,NA
"FLUME",2025-12-25 09:15:00,NA,NA,NA
"FLUME",2025-12-25 09:30:00,NA,NA,NA
"FLUME",2025-12-25 09:45:00,NA,NA,NA
"FLUME",2025-12-25 10:00:00,NA,NA,NA
"FLUME",2025-12-25 10:15:00,NA,NA,NA
"FLUME",2025-12-25 10:30:00,NA,NA,NA
"FLUME",2025-12-25 10:45:00,NA,NA,NA
"FLUME",2025-12-25 11:00:00,NA,NA,NA
"FLUME",2025-12-25 11:15:00,NA,NA,NA
"FLUME",2025-12-25 11:30:00,NA,NA,NA
"FLUME",2025-12-25 11:45:00,NA,NA,NA
"FLUME",2025-12-25 12:00:00,NA,NA,NA
"FLUME",2025-12-25 12:15:00,NA,NA,NA
"FLUME",2025-12-25 12:30:00,NA,NA,NA
"FLUME",2025-12-25 12:45:00,NA,NA,NA
"FLUME",2025-12-25 13:00:00,NA,NA,NA
"FLUME",2025-12-25 13:15:00,NA,NA,NA
"FLUME",2025-12-25 13:30:00,NA,NA,NA
"FLUME",2025-12-25 13:45:00,NA,NA,NA
"FLUME",2025-12-25 14:00:00,NA,NA,NA
"FLUME",2025-12-25 14:15:00,NA,NA,NA
"FLUME",2025-12-25 14:30:00,NA,NA,NA
"FLUME",2025-12-25 14:45:00,NA,NA,NA
"FLUME",2025-12-25 15:00:00,NA,NA,NA
"FLUME",2025-12-25 15:15:00,NA,NA,NA
"FLUME",2025-12-25 15:30:00,NA,NA,NA
"FLUME",2025-12-25 15:45:00,NA,NA,NA
"FLUME",2025-12-25 16:00:00,NA,NA,NA
"FLUME",2025-12-25 16:15:00,NA,NA,NA
"FLUME",2025-12-25 16:30:00,NA,NA,NA
"FLUME",2025-12-25 16:45:00,NA,NA,NA
"FLUME",2025-12-25 17:00:00,NA,NA,NA
"FLUME",2025-12-25 17:15:00,NA,NA,NA
"FLUME",2025-12-25 17:30:00,NA,NA,NA
"FLUME",2025-12-25 17:45:00,NA,NA,NA
"FLUME",2025-12-25 18:00:00,NA,NA,NA
"FLUME",2025-12-25 18:15:00,NA,NA,NA
"FLUME",2025-12-25 18:30:00,NA,NA,NA
"FLUME",2025-12-25 18:45:00,NA,NA,NA
"FLUME",2025-12-25 19:00:00,NA,NA,NA
"FLUME",2025-12-25 19:15:00,NA,NA,NA
"FLUME",2025-12-25 19:30:00,NA,NA,NA
"FLUME",2025-12-25 19:45:00,NA,NA,NA
"FLUME",2025-12-25 20:00:00,NA,NA,NA
"FLUME",2025-12-25 20:15:00,NA,NA,NA
"FLUME",2025-12-25 20:30:00,NA,NA,NA
"FLUME",2025-12-25 20:45:00,NA,NA,NA
"FLUME",2025-12-25 21:00:00,NA,NA,NA
"FLUME",2025-12-25 21:15:00,NA,NA,NA
"FLUME",2025-12-25 21:30:00,NA,NA,NA
"FLUME",2025-12-25 21:45:00,NA,NA,NA
"FLUME",2025-12-25 22:00:00,NA,NA,NA
"FLUME",2025-12-25 22:15:00,NA,NA,NA
"FLUME",2025-12-25 22:30:00,NA,NA,NA
"FLUME",2025-12-25 22:45:00,NA,NA,NA
"FLUME",2025-12-25 23:00:00,NA,NA,NA
"FLUME",2025-12-25 23:15:00,NA,NA,NA
"FLUME",2025-12-25 23:30:00,NA,NA,NA
"FLUME",2025-12-25 23:45:00,NA,NA,NA
"FLUME",2025-12-26,NA,NA,NA
"FLUME",2025-12-26 00:15:00,NA,NA,NA
"FLUME",2025-12-26 00:30:00,NA,NA,NA
"FLUME",2025-12-26 00:45:00,NA,NA,NA
"FLUME",2025-12-26 01:00:00,NA,NA,NA
"FLUME",2025-12-26 01:15:00,NA,NA,NA
"FLUME",2025-12-26 01:30:00,NA,NA,NA
"FLUME",2025-12-26 01:45:00,NA,NA,NA
"FLUME",2025-12-26 02:00:00,NA,NA,NA
"FLUME",2025-12-26 02:15:00,NA,NA,NA
"FLUME",2025-12-26 02:30:00,NA,NA,NA
"FLUME",2025-12-26 02:45:00,NA,NA,NA
"FLUME",2025-12-26 03:00:00,NA,NA,NA
"FLUME",2025-12-26 03:15:00,NA,NA,NA
"FLUME",2025-12-26 03:30:00,NA,NA,NA
"FLUME",2025-12-26 03:45:00,NA,NA,NA
"FLUME",2025-12-26 04:00:00,NA,NA,NA
"FLUME",2025-12-26 04:15:00,NA,NA,NA
"FLUME",2025-12-26 04:30:00,NA,NA,NA
"FLUME",2025-12-26 04:45:00,NA,NA,NA
"FLUME",2025-12-26 05:00:00,NA,NA,NA
"FLUME",2025-12-26 05:15:00,NA,NA,NA
"FLUME",2025-12-26 05:30:00,NA,NA,NA
"FLUME",2025-12-26 05:45:00,NA,NA,NA
"FLUME",2025-12-26 06:00:00,NA,NA,NA
"FLUME",2025-12-26 06:15:00,NA,NA,NA
"FLUME",2025-12-26 06:30:00,NA,NA,NA
"FLUME",2025-12-26 06:45:00,NA,NA,NA
"FLUME",2025-12-26 07:00:00,NA,NA,NA
"FLUME",2025-12-26 07:15:00,NA,NA,NA
"FLUME",2025-12-26 07:30:00,NA,NA,NA
"FLUME",2025-12-26 07:45:00,NA,NA,NA
"FLUME",2025-12-26 08:00:00,NA,NA,NA
"FLUME",2025-12-26 08:15:00,NA,NA,NA
"FLUME",2025-12-26 08:30:00,NA,NA,NA
"FLUME",2025-12-26 08:45:00,NA,NA,NA
"FLUME",2025-12-26 09:00:00,NA,NA,NA
"FLUME",2025-12-26 09:15:00,NA,NA,NA
"FLUME",2025-12-26 09:30:00,NA,NA,NA
"FLUME",2025-12-26 09:45:00,NA,NA,NA
"FLUME",2025-12-26 10:00:00,NA,NA,NA
"FLUME",2025-12-26 10:15:00,NA,NA,NA
"FLUME",2025-12-26 10:30:00,NA,NA,NA
"FLUME",2025-12-26 10:45:00,NA,NA,NA
"FLUME",2025-12-26 11:00:00,NA,NA,NA
"FLUME",2025-12-26 11:15:00,NA,NA,NA
"FLUME",2025-12-26 11:30:00,NA,NA,NA
"FLUME",2025-12-26 11:45:00,NA,NA,NA
"FLUME",2025-12-26 12:00:00,NA,NA,NA
"FLUME",2025-12-26 12:15:00,NA,NA,NA
"FLUME",2025-12-26 12:30:00,NA,NA,NA
"FLUME",2025-12-26 12:45:00,NA,NA,NA
"FLUME",2025-12-26 13:00:00,NA,NA,NA
"FLUME",2025-12-26 13:15:00,NA,NA,NA
"FLUME",2025-12-26 13:30:00,NA,NA,NA
"FLUME",2025-12-26 13:45:00,NA,NA,NA
"FLUME",2025-12-26 14:00:00,NA,NA,NA
"FLUME",2025-12-26 14:15:00,NA,NA,NA
"FLUME",2025-12-26 14:30:00,NA,NA,NA
"FLUME",2025-12-26 14:45:00,NA,NA,NA
"FLUME",2025-12-26 15:00:00,NA,NA,NA
"FLUME",2025-12-26 15:15:00,NA,NA,NA
"FLUME",2025-12-26 15:30:00,NA,NA,NA
"FLUME",2025-12-26 15:45:00,NA,NA,NA
"FLUME",2025-12-26 16:00:00,NA,NA,NA
"FLUME",2025-12-26 16:15:00,NA,NA,NA
"FLUME",2025-12-26 16:30:00,NA,NA,NA
"FLUME",2025-12-26 16:45:00,NA,NA,NA
"FLUME",2025-12-26 17:00:00,NA,NA,NA
"FLUME",2025-12-26 17:15:00,NA,NA,NA
"FLUME",2025-12-26 17:30:00,NA,NA,NA
"FLUME",2025-12-26 17:45:00,NA,NA,NA
"FLUME",2025-12-26 18:00:00,NA,NA,NA
"FLUME",2025-12-26 18:15:00,NA,NA,NA
"FLUME",2025-12-26 18:30:00,NA,NA,NA
"FLUME",2025-12-26 18:45:00,NA,NA,NA
"FLUME",2025-12-26 19:00:00,NA,NA,NA
"FLUME",2025-12-26 19:15:00,NA,NA,NA
"FLUME",2025-12-26 19:30:00,NA,NA,NA
"FLUME",2025-12-26 19:45:00,NA,NA,NA
"FLUME",2025-12-26 20:00:00,NA,NA,NA
"FLUME",2025-12-26 20:15:00,NA,NA,NA
"FLUME",2025-12-26 20:30:00,NA,NA,NA
"FLUME",2025-12-26 20:45:00,NA,NA,NA
"FLUME",2025-12-26 21:00:00,NA,NA,NA
"FLUME",2025-12-26 21:15:00,NA,NA,NA
"FLUME",2025-12-26 21:30:00,NA,NA,NA
"FLUME",2025-12-26 21:45:00,NA,NA,NA
"FLUME",2025-12-26 22:00:00,NA,NA,NA
"FLUME",2025-12-26 22:15:00,NA,NA,NA
"FLUME",2025-12-26 22:30:00,NA,NA,NA
"FLUME",2025-12-26 22:45:00,NA,NA,NA
"FLUME",2025-12-26 23:00:00,NA,NA,NA
"FLUME",2025-12-26 23:15:00,NA,NA,NA
"FLUME",2025-12-26 23:30:00,NA,NA,NA
"FLUME",2025-12-26 23:45:00,NA,NA,NA
"FLUME",2025-12-27,NA,NA,NA
"FLUME",2025-12-27 00:15:00,NA,NA,NA
"FLUME",2025-12-27 00:30:00,NA,NA,NA
"FLUME",2025-12-27 00:45:00,NA,NA,NA
"FLUME",2025-12-27 01:00:00,NA,NA,NA
"FLUME",2025-12-27 01:15:00,NA,NA,NA
"FLUME",2025-12-27 01:30:00,NA,NA,NA
"FLUME",2025-12-27 01:45:00,NA,NA,NA
"FLUME",2025-12-27 02:00:00,NA,NA,NA
"FLUME",2025-12-27 02:15:00,NA,NA,NA
"FLUME",2025-12-27 02:30:00,NA,NA,NA
"FLUME",2025-12-27 02:45:00,NA,NA,NA
"FLUME",2025-12-27 03:00:00,NA,NA,NA
"FLUME",2025-12-27 03:15:00,NA,NA,NA
"FLUME",2025-12-27 03:30:00,NA,NA,NA
"FLUME",2025-12-27 03:45:00,NA,NA,NA
"FLUME",2025-12-27 04:00:00,NA,NA,NA
"FLUME",2025-12-27 04:15:00,NA,NA,NA
"FLUME",2025-12-27 04:30:00,NA,NA,NA
"FLUME",2025-12-27 04:45:00,NA,NA,NA
"FLUME",2025-12-27 05:00:00,NA,NA,NA
"FLUME",2025-12-27 05:15:00,NA,NA,NA
"FLUME",2025-12-27 05:30:00,NA,NA,NA
"FLUME",2025-12-27 05:45:00,NA,NA,NA
"FLUME",2025-12-27 06:00:00,NA,NA,NA
"FLUME",2025-12-27 06:15:00,NA,NA,NA
"FLUME",2025-12-27 06:30:00,NA,NA,NA
"FLUME",2025-12-27 06:45:00,NA,NA,NA
"FLUME",2025-12-27 07:00:00,NA,NA,NA
"FLUME",2025-12-27 07:15:00,NA,NA,NA
"FLUME",2025-12-27 07:30:00,NA,NA,NA
"FLUME",2025-12-27 07:45:00,NA,NA,NA
"FLUME",2025-12-27 08:00:00,NA,NA,NA
"FLUME",2025-12-27 08:15:00,NA,NA,NA
"FLUME",2025-12-27 08:30:00,NA,NA,NA
"FLUME",2025-12-27 08:45:00,NA,NA,NA
"FLUME",2025-12-27 09:00:00,NA,NA,NA
"FLUME",2025-12-27 09:15:00,NA,NA,NA
"FLUME",2025-12-27 09:30:00,NA,NA,NA
"FLUME",2025-12-27 09:45:00,NA,NA,NA
"FLUME",2025-12-27 10:00:00,NA,NA,NA
"FLUME",2025-12-27 10:15:00,NA,NA,NA
"FLUME",2025-12-27 10:30:00,NA,NA,NA
"FLUME",2025-12-27 10:45:00,NA,NA,NA
"FLUME",2025-12-27 11:00:00,NA,NA,NA
"FLUME",2025-12-27 11:15:00,NA,NA,NA
"FLUME",2025-12-27 11:30:00,NA,NA,NA
"FLUME",2025-12-27 11:45:00,NA,NA,NA
"FLUME",2025-12-27 12:00:00,NA,NA,NA
"FLUME",2025-12-27 12:15:00,NA,NA,NA
"FLUME",2025-12-27 12:30:00,NA,NA,NA
"FLUME",2025-12-27 12:45:00,NA,NA,NA
"FLUME",2025-12-27 13:00:00,NA,NA,NA
"FLUME",2025-12-27 13:15:00,NA,NA,NA
"FLUME",2025-12-27 13:30:00,NA,NA,NA
"FLUME",2025-12-27 13:45:00,NA,NA,NA
"FLUME",2025-12-27 14:00:00,NA,NA,NA
"FLUME",2025-12-27 14:15:00,NA,NA,NA
"FLUME",2025-12-27 14:30:00,NA,NA,NA
"FLUME",2025-12-27 14:45:00,NA,NA,NA
"FLUME",2025-12-27 15:00:00,NA,NA,NA
"FLUME",2025-12-27 15:15:00,NA,NA,NA
"FLUME",2025-12-27 15:30:00,NA,NA,NA
"FLUME",2025-12-27 15:45:00,NA,NA,NA
"FLUME",2025-12-27 16:00:00,NA,NA,NA
"FLUME",2025-12-27 16:15:00,NA,NA,NA
"FLUME",2025-12-27 16:30:00,NA,NA,NA
"FLUME",2025-12-27 16:45:00,NA,NA,NA
"FLUME",2025-12-27 17:00:00,NA,NA,NA
"FLUME",2025-12-27 17:15:00,NA,NA,NA
"FLUME",2025-12-27 17:30:00,NA,NA,NA
"FLUME",2025-12-27 17:45:00,NA,NA,NA
"FLUME",2025-12-27 18:00:00,NA,NA,NA
"FLUME",2025-12-27 18:15:00,NA,NA,NA
"FLUME",2025-12-27 18:30:00,NA,NA,NA
"FLUME",2025-12-27 18:45:00,NA,NA,NA
"FLUME",2025-12-27 19:00:00,NA,NA,NA
"FLUME",2025-12-27 19:15:00,NA,NA,NA
"FLUME",2025-12-27 19:30:00,NA,NA,NA
"FLUME",2025-12-27 19:45:00,NA,NA,NA
"FLUME",2025-12-27 20:00:00,NA,NA,NA
"FLUME",2025-12-27 20:15:00,NA,NA,NA
"FLUME",2025-12-27 20:30:00,NA,NA,NA
"FLUME",2025-12-27 20:45:00,NA,NA,NA
"FLUME",2025-12-27 21:00:00,NA,NA,NA
"FLUME",2025-12-27 21:15:00,NA,NA,NA
"FLUME",2025-12-27 21:30:00,NA,NA,NA
"FLUME",2025-12-27 21:45:00,NA,NA,NA
"FLUME",2025-12-27 22:00:00,NA,NA,NA
"FLUME",2025-12-27 22:15:00,NA,NA,NA
"FLUME",2025-12-27 22:30:00,NA,NA,NA
"FLUME",2025-12-27 22:45:00,NA,NA,NA
"FLUME",2025-12-27 23:00:00,NA,NA,NA
"FLUME",2025-12-27 23:15:00,NA,NA,NA
"FLUME",2025-12-27 23:30:00,NA,NA,NA
"FLUME",2025-12-27 23:45:00,NA,NA,NA
"FLUME",2025-12-28,NA,NA,NA
"FLUME",2025-12-28 00:15:00,NA,NA,NA
"FLUME",2025-12-28 00:30:00,NA,NA,NA
"FLUME",2025-12-28 00:45:00,NA,NA,NA
"FLUME",2025-12-28 01:00:00,NA,NA,NA
"FLUME",2025-12-28 01:15:00,NA,NA,NA
"FLUME",2025-12-28 01:30:00,NA,NA,NA
"FLUME",2025-12-28 01:45:00,NA,NA,NA
"FLUME",2025-12-28 02:00:00,NA,NA,NA
"FLUME",2025-12-28 02:15:00,NA,NA,NA
"FLUME",2025-12-28 02:30:00,NA,NA,NA
"FLUME",2025-12-28 02:45:00,NA,NA,NA
"FLUME",2025-12-28 03:00:00,NA,NA,NA
"FLUME",2025-12-28 03:15:00,NA,NA,NA
"FLUME",2025-12-28 03:30:00,NA,NA,NA
"FLUME",2025-12-28 03:45:00,NA,NA,NA
"FLUME",2025-12-28 04:00:00,NA,NA,NA
"FLUME",2025-12-28 04:15:00,NA,NA,NA
"FLUME",2025-12-28 04:30:00,NA,NA,NA
"FLUME",2025-12-28 04:45:00,NA,NA,NA
"FLUME",2025-12-28 05:00:00,NA,NA,NA
"FLUME",2025-12-28 05:15:00,NA,NA,NA
"FLUME",2025-12-28 05:30:00,NA,NA,NA
"FLUME",2025-12-28 05:45:00,NA,NA,NA
"FLUME",2025-12-28 06:00:00,NA,NA,NA
"FLUME",2025-12-28 06:15:00,NA,NA,NA
"FLUME",2025-12-28 06:30:00,NA,NA,NA
"FLUME",2025-12-28 06:45:00,NA,NA,NA
"FLUME",2025-12-28 07:00:00,NA,NA,NA
"FLUME",2025-12-28 07:15:00,NA,NA,NA
"FLUME",2025-12-28 07:30:00,NA,NA,NA
"FLUME",2025-12-28 07:45:00,NA,NA,NA
"FLUME",2025-12-28 08:00:00,NA,NA,NA
"FLUME",2025-12-28 08:15:00,NA,NA,NA
"FLUME",2025-12-28 08:30:00,NA,NA,NA
"FLUME",2025-12-28 08:45:00,NA,NA,NA
"FLUME",2025-12-28 09:00:00,NA,NA,NA
"FLUME",2025-12-28 09:15:00,NA,NA,NA
"FLUME",2025-12-28 09:30:00,NA,NA,NA
"FLUME",2025-12-28 09:45:00,NA,NA,NA
"FLUME",2025-12-28 10:00:00,NA,NA,NA
"FLUME",2025-12-28 10:15:00,NA,NA,NA
"FLUME",2025-12-28 10:30:00,NA,NA,NA
"FLUME",2025-12-28 10:45:00,NA,NA,NA
"FLUME",2025-12-28 11:00:00,NA,NA,NA
"FLUME",2025-12-28 11:15:00,NA,NA,NA
"FLUME",2025-12-28 11:30:00,NA,NA,NA
"FLUME",2025-12-28 11:45:00,NA,NA,NA
"FLUME",2025-12-28 12:00:00,NA,NA,NA
"FLUME",2025-12-28 12:15:00,NA,NA,NA
"FLUME",2025-12-28 12:30:00,NA,NA,NA
"FLUME",2025-12-28 12:45:00,NA,NA,NA
"FLUME",2025-12-28 13:00:00,NA,NA,NA
"FLUME",2025-12-28 13:15:00,NA,NA,NA
"FLUME",2025-12-28 13:30:00,NA,NA,NA
"FLUME",2025-12-28 13:45:00,NA,NA,NA
"FLUME",2025-12-28 14:00:00,NA,NA,NA
"FLUME",2025-12-28 14:15:00,NA,NA,NA
"FLUME",2025-12-28 14:30:00,NA,NA,NA
"FLUME",2025-12-28 14:45:00,NA,NA,NA
"FLUME",2025-12-28 15:00:00,NA,NA,NA
"FLUME",2025-12-28 15:15:00,NA,NA,NA
"FLUME",2025-12-28 15:30:00,NA,NA,NA
"FLUME",2025-12-28 15:45:00,NA,NA,NA
"FLUME",2025-12-28 16:00:00,NA,NA,NA
"FLUME",2025-12-28 16:15:00,NA,NA,NA
"FLUME",2025-12-28 16:30:00,NA,NA,NA
"FLUME",2025-12-28 16:45:00,NA,NA,NA
"FLUME",2025-12-28 17:00:00,NA,NA,NA
"FLUME",2025-12-28 17:15:00,NA,NA,NA
"FLUME",2025-12-28 17:30:00,NA,NA,NA
"FLUME",2025-12-28 17:45:00,NA,NA,NA
"FLUME",2025-12-28 18:00:00,NA,NA,NA
"FLUME",2025-12-28 18:15:00,NA,NA,NA
"FLUME",2025-12-28 18:30:00,NA,NA,NA
"FLUME",2025-12-28 18:45:00,NA,NA,NA
"FLUME",2025-12-28 19:00:00,NA,NA,NA
"FLUME",2025-12-28 19:15:00,NA,NA,NA
"FLUME",2025-12-28 19:30:00,NA,NA,NA
"FLUME",2025-12-28 19:45:00,NA,NA,NA
"FLUME",2025-12-28 20:00:00,NA,NA,NA
"FLUME",2025-12-28 20:15:00,NA,NA,NA
"FLUME",2025-12-28 20:30:00,NA,NA,NA
"FLUME",2025-12-28 20:45:00,NA,NA,NA
"FLUME",2025-12-28 21:00:00,NA,NA,NA
"FLUME",2025-12-28 21:15:00,NA,NA,NA
"FLUME",2025-12-28 21:30:00,NA,NA,NA
"FLUME",2025-12-28 21:45:00,NA,NA,NA
"FLUME",2025-12-28 22:00:00,NA,NA,NA
"FLUME",2025-12-28 22:15:00,NA,NA,NA
"FLUME",2025-12-28 22:30:00,NA,NA,NA
"FLUME",2025-12-28 22:45:00,NA,NA,NA
"FLUME",2025-12-28 23:00:00,NA,NA,NA
"FLUME",2025-12-28 23:15:00,NA,NA,NA
"FLUME",2025-12-28 23:30:00,NA,NA,NA
"FLUME",2025-12-28 23:45:00,NA,NA,NA
"FLUME",2025-12-29,NA,NA,NA
"FLUME",2025-12-29 00:15:00,NA,NA,NA
"FLUME",2025-12-29 00:30:00,NA,NA,NA
"FLUME",2025-12-29 00:45:00,NA,NA,NA
"FLUME",2025-12-29 01:00:00,NA,NA,NA
"FLUME",2025-12-29 01:15:00,NA,NA,NA
"FLUME",2025-12-29 01:30:00,NA,NA,NA
"FLUME",2025-12-29 01:45:00,NA,NA,NA
"FLUME",2025-12-29 02:00:00,NA,NA,NA
"FLUME",2025-12-29 02:15:00,NA,NA,NA
"FLUME",2025-12-29 02:30:00,NA,NA,NA
"FLUME",2025-12-29 02:45:00,NA,NA,NA
"FLUME",2025-12-29 03:00:00,NA,NA,NA
"FLUME",2025-12-29 03:15:00,NA,NA,NA
"FLUME",2025-12-29 03:30:00,NA,NA,NA
"FLUME",2025-12-29 03:45:00,NA,NA,NA
"FLUME",2025-12-29 04:00:00,NA,NA,NA
"FLUME",2025-12-29 04:15:00,NA,NA,NA
"FLUME",2025-12-29 04:30:00,NA,NA,NA
"FLUME",2025-12-29 04:45:00,NA,NA,NA
"FLUME",2025-12-29 05:00:00,NA,NA,NA
"FLUME",2025-12-29 05:15:00,NA,NA,NA
"FLUME",2025-12-29 05:30:00,NA,NA,NA
"FLUME",2025-12-29 05:45:00,NA,NA,NA
"FLUME",2025-12-29 06:00:00,NA,NA,NA
"FLUME",2025-12-29 06:15:00,NA,NA,NA
"FLUME",2025-12-29 06:30:00,NA,NA,NA
"FLUME",2025-12-29 06:45:00,NA,NA,NA
"FLUME",2025-12-29 07:00:00,NA,NA,NA
"FLUME",2025-12-29 07:15:00,NA,NA,NA
"FLUME",2025-12-29 07:30:00,NA,NA,NA
"FLUME",2025-12-29 07:45:00,NA,NA,NA
"FLUME",2025-12-29 08:00:00,NA,NA,NA
"FLUME",2025-12-29 08:15:00,NA,NA,NA
"FLUME",2025-12-29 08:30:00,NA,NA,NA
"FLUME",2025-12-29 08:45:00,NA,NA,NA
"FLUME",2025-12-29 09:00:00,NA,NA,NA
"FLUME",2025-12-29 09:15:00,NA,NA,NA
"FLUME",2025-12-29 09:30:00,NA,NA,NA
"FLUME",2025-12-29 09:45:00,NA,NA,NA
"FLUME",2025-12-29 10:00:00,NA,NA,NA
"FLUME",2025-12-29 10:15:00,NA,NA,NA
"FLUME",2025-12-29 10:30:00,NA,NA,NA
"FLUME",2025-12-29 10:45:00,NA,NA,NA
"FLUME",2025-12-29 11:00:00,NA,NA,NA
"FLUME",2025-12-29 11:15:00,NA,NA,NA
"FLUME",2025-12-29 11:30:00,NA,NA,NA
"FLUME",2025-12-29 11:45:00,NA,NA,NA
"FLUME",2025-12-29 12:00:00,NA,NA,NA
"FLUME",2025-12-29 12:15:00,NA,NA,NA
"FLUME",2025-12-29 12:30:00,NA,NA,NA
"FLUME",2025-12-29 12:45:00,NA,NA,NA
"FLUME",2025-12-29 13:00:00,NA,NA,NA
"FLUME",2025-12-29 13:15:00,NA,NA,NA
"FLUME",2025-12-29 13:30:00,NA,NA,NA
"FLUME",2025-12-29 13:45:00,NA,NA,NA
"FLUME",2025-12-29 14:00:00,NA,NA,NA
"FLUME",2025-12-29 14:15:00,NA,NA,NA
"FLUME",2025-12-29 14:30:00,NA,NA,NA
"FLUME",2025-12-29 14:45:00,NA,NA,NA
"FLUME",2025-12-29 15:00:00,NA,NA,NA
"FLUME",2025-12-29 15:15:00,NA,NA,NA
"FLUME",2025-12-29 15:30:00,NA,NA,NA
"FLUME",2025-12-29 15:45:00,NA,NA,NA
"FLUME",2025-12-29 16:00:00,NA,NA,NA
"FLUME",2025-12-29 16:15:00,NA,NA,NA
"FLUME",2025-12-29 16:30:00,NA,NA,NA
"FLUME",2025-12-29 16:45:00,NA,NA,NA
"FLUME",2025-12-29 17:00:00,NA,NA,NA
"FLUME",2025-12-29 17:15:00,NA,NA,NA
"FLUME",2025-12-29 17:30:00,NA,NA,NA
"FLUME",2025-12-29 17:45:00,NA,NA,NA
"FLUME",2025-12-29 18:00:00,NA,NA,NA
"FLUME",2025-12-29 18:15:00,NA,NA,NA
"FLUME",2025-12-29 18:30:00,NA,NA,NA
"FLUME",2025-12-29 18:45:00,NA,NA,NA
"FLUME",2025-12-29 19:00:00,NA,NA,NA
"FLUME",2025-12-29 19:15:00,NA,NA,NA
"FLUME",2025-12-29 19:30:00,NA,NA,NA
"FLUME",2025-12-29 19:45:00,NA,NA,NA
"FLUME",2025-12-29 20:00:00,NA,NA,NA
"FLUME",2025-12-29 20:15:00,NA,NA,NA
"FLUME",2025-12-29 20:30:00,NA,NA,NA
"FLUME",2025-12-29 20:45:00,NA,NA,NA
"FLUME",2025-12-29 21:00:00,NA,NA,NA
"FLUME",2025-12-29 21:15:00,NA,NA,NA
"FLUME",2025-12-29 21:30:00,NA,NA,NA
"FLUME",2025-12-29 21:45:00,NA,NA,NA
"FLUME",2025-12-29 22:00:00,NA,NA,NA
"FLUME",2025-12-29 22:15:00,NA,NA,NA
"FLUME",2025-12-29 22:30:00,NA,NA,NA
"FLUME",2025-12-29 22:45:00,NA,NA,NA
"FLUME",2025-12-29 23:00:00,NA,NA,NA
"FLUME",2025-12-29 23:15:00,NA,NA,NA
"FLUME",2025-12-29 23:30:00,NA,NA,NA
"FLUME",2025-12-29 23:45:00,NA,NA,NA
"FLUME",2025-12-30,NA,NA,NA
"FLUME",2025-12-30 00:15:00,NA,NA,NA
"FLUME",2025-12-30 00:30:00,NA,NA,NA
"FLUME",2025-12-30 00:45:00,NA,NA,NA
"FLUME",2025-12-30 01:00:00,NA,NA,NA
"FLUME",2025-12-30 01:15:00,NA,NA,NA
"FLUME",2025-12-30 01:30:00,NA,NA,NA
"FLUME",2025-12-30 01:45:00,NA,NA,NA
"FLUME",2025-12-30 02:00:00,NA,NA,NA
"FLUME",2025-12-30 02:15:00,NA,NA,NA
"FLUME",2025-12-30 02:30:00,NA,NA,NA
"FLUME",2025-12-30 02:45:00,NA,NA,NA
"FLUME",2025-12-30 03:00:00,NA,NA,NA
"FLUME",2025-12-30 03:15:00,NA,NA,NA
"FLUME",2025-12-30 03:30:00,NA,NA,NA
"FLUME",2025-12-30 03:45:00,NA,NA,NA
"FLUME",2025-12-30 04:00:00,NA,NA,NA
"FLUME",2025-12-30 04:15:00,NA,NA,NA
"FLUME",2025-12-30 04:30:00,NA,NA,NA
"FLUME",2025-12-30 04:45:00,NA,NA,NA
"FLUME",2025-12-30 05:00:00,NA,NA,NA
"FLUME",2025-12-30 05:15:00,NA,NA,NA
"FLUME",2025-12-30 05:30:00,NA,NA,NA
"FLUME",2025-12-30 05:45:00,NA,NA,NA
"FLUME",2025-12-30 06:00:00,NA,NA,NA
"FLUME",2025-12-30 06:15:00,NA,NA,NA
"FLUME",2025-12-30 06:30:00,NA,NA,NA
"FLUME",2025-12-30 06:45:00,NA,NA,NA
"FLUME",2025-12-30 07:00:00,NA,NA,NA
"FLUME",2025-12-30 07:15:00,NA,NA,NA
"FLUME",2025-12-30 07:30:00,NA,NA,NA
"FLUME",2025-12-30 07:45:00,NA,NA,NA
"FLUME",2025-12-30 08:00:00,NA,NA,NA
"FLUME",2025-12-30 08:15:00,NA,NA,NA
"FLUME",2025-12-30 08:30:00,NA,NA,NA
"FLUME",2025-12-30 08:45:00,NA,NA,NA
"FLUME",2025-12-30 09:00:00,NA,NA,NA
"FLUME",2025-12-30 09:15:00,NA,NA,NA
"FLUME",2025-12-30 09:30:00,NA,NA,NA
"FLUME",2025-12-30 09:45:00,NA,NA,NA
"FLUME",2025-12-30 10:00:00,NA,NA,NA
"FLUME",2025-12-30 10:15:00,NA,NA,NA
"FLUME",2025-12-30 10:30:00,NA,NA,NA
"FLUME",2025-12-30 10:45:00,NA,NA,NA
"FLUME",2025-12-30 11:00:00,NA,NA,NA
"FLUME",2025-12-30 11:15:00,NA,NA,NA
"FLUME",2025-12-30 11:30:00,NA,NA,NA
"FLUME",2025-12-30 11:45:00,NA,NA,NA
"FLUME",2025-12-30 12:00:00,NA,NA,NA
"FLUME",2025-12-30 12:15:00,NA,NA,NA
"FLUME",2025-12-30 12:30:00,NA,NA,NA
"FLUME",2025-12-30 12:45:00,NA,NA,NA
"FLUME",2025-12-30 13:00:00,NA,NA,NA
"FLUME",2025-12-30 13:15:00,NA,NA,NA
"FLUME",2025-12-30 13:30:00,NA,NA,NA
"FLUME",2025-12-30 13:45:00,NA,NA,NA
"FLUME",2025-12-30 14:00:00,NA,NA,NA
"FLUME",2025-12-30 14:15:00,NA,NA,NA
"FLUME",2025-12-30 14:30:00,NA,NA,NA
"FLUME",2025-12-30 14:45:00,NA,NA,NA
"FLUME",2025-12-30 15:00:00,NA,NA,NA
"FLUME",2025-12-30 15:15:00,NA,NA,NA
"FLUME",2025-12-30 15:30:00,NA,NA,NA
"FLUME",2025-12-30 15:45:00,NA,NA,NA
"FLUME",2025-12-30 16:00:00,NA,NA,NA
"FLUME",2025-12-30 16:15:00,NA,NA,NA
"FLUME",2025-12-30 16:30:00,NA,NA,NA
"FLUME",2025-12-30 16:45:00,NA,NA,NA
"FLUME",2025-12-30 17:00:00,NA,NA,NA
"FLUME",2025-12-30 17:15:00,NA,NA,NA
"FLUME",2025-12-30 17:30:00,NA,NA,NA
"FLUME",2025-12-30 17:45:00,NA,NA,NA
"FLUME",2025-12-30 18:00:00,NA,NA,NA
"FLUME",2025-12-30 18:15:00,NA,NA,NA
"FLUME",2025-12-30 18:30:00,NA,NA,NA
"FLUME",2025-12-30 18:45:00,NA,NA,NA
"FLUME",2025-12-30 19:00:00,NA,NA,NA
"FLUME",2025-12-30 19:15:00,NA,NA,NA
"FLUME",2025-12-30 19:30:00,NA,NA,NA
"FLUME",2025-12-30 19:45:00,NA,NA,NA
"FLUME",2025-12-30 20:00:00,NA,NA,NA
"FLUME",2025-12-30 20:15:00,NA,NA,NA
"FLUME",2025-12-30 20:30:00,NA,NA,NA
"FLUME",2025-12-30 20:45:00,NA,NA,NA
"FLUME",2025-12-30 21:00:00,NA,NA,NA
"FLUME",2025-12-30 21:15:00,NA,NA,NA
"FLUME",2025-12-30 21:30:00,NA,NA,NA
"FLUME",2025-12-30 21:45:00,NA,NA,NA
"FLUME",2025-12-30 22:00:00,NA,NA,NA
"FLUME",2025-12-30 22:15:00,NA,NA,NA
"FLUME",2025-12-30 22:30:00,NA,NA,NA
"FLUME",2025-12-30 22:45:00,NA,NA,NA
"FLUME",2025-12-30 23:00:00,NA,NA,NA
"FLUME",2025-12-30 23:15:00,NA,NA,NA
"FLUME",2025-12-30 23:30:00,NA,NA,NA
"FLUME",2025-12-30 23:45:00,NA,NA,NA
"FLUME",2025-12-31,NA,NA,NA
"FLUME",2025-12-31 00:15:00,NA,NA,NA
"FLUME",2025-12-31 00:30:00,NA,NA,NA
"FLUME",2025-12-31 00:45:00,NA,NA,NA
"FLUME",2025-12-31 01:00:00,NA,NA,NA
"FLUME",2025-12-31 01:15:00,NA,NA,NA
"FLUME",2025-12-31 01:30:00,NA,NA,NA
"FLUME",2025-12-31 01:45:00,NA,NA,NA
"FLUME",2025-12-31 02:00:00,NA,NA,NA
"FLUME",2025-12-31 02:15:00,NA,NA,NA
"FLUME",2025-12-31 02:30:00,NA,NA,NA
"FLUME",2025-12-31 02:45:00,NA,NA,NA
"FLUME",2025-12-31 03:00:00,NA,NA,NA
"FLUME",2025-12-31 03:15:00,NA,NA,NA
"FLUME",2025-12-31 03:30:00,NA,NA,NA
"FLUME",2025-12-31 03:45:00,NA,NA,NA
"FLUME",2025-12-31 04:00:00,NA,NA,NA
"FLUME",2025-12-31 04:15:00,NA,NA,NA
"FLUME",2025-12-31 04:30:00,NA,NA,NA
"FLUME",2025-12-31 04:45:00,NA,NA,NA
"FLUME",2025-12-31 05:00:00,NA,NA,NA
"FLUME",2025-12-31 05:15:00,NA,NA,NA
"FLUME",2025-12-31 05:30:00,NA,NA,NA
"FLUME",2025-12-31 05:45:00,NA,NA,NA
"FLUME",2025-12-31 06:00:00,NA,NA,NA
"FLUME",2025-12-31 06:15:00,NA,NA,NA
"FLUME",2025-12-31 06:30:00,NA,NA,NA
"FLUME",2025-12-31 06:45:00,NA,NA,NA
"FLUME",2025-12-31 07:00:00,NA,NA,NA
"FLUME",2025-12-31 07:15:00,NA,NA,NA
"FLUME",2025-12-31 07:30:00,NA,NA,NA
"FLUME",2025-12-31 07:45:00,NA,NA,NA
"FLUME",2025-12-31 08:00:00,NA,NA,NA
"FLUME",2025-12-31 08:15:00,NA,NA,NA
"FLUME",2025-12-31 08:30:00,NA,NA,NA
"FLUME",2025-12-31 08:45:00,NA,NA,NA
"FLUME",2025-12-31 09:00:00,NA,NA,NA
"FLUME",2025-12-31 09:15:00,NA,NA,NA
"FLUME",2025-12-31 09:30:00,NA,NA,NA
"FLUME",2025-12-31 09:45:00,NA,NA,NA
"FLUME",2025-12-31 10:00:00,NA,NA,NA
"FLUME",2025-12-31 10:15:00,NA,NA,NA
"FLUME",2025-12-31 10:30:00,NA,NA,NA
"FLUME",2025-12-31 10:45:00,NA,NA,NA
"FLUME",2025-12-31 11:00:00,NA,NA,NA
"FLUME",2025-12-31 11:15:00,NA,NA,NA
"FLUME",2025-12-31 11:30:00,NA,NA,NA
"FLUME",2025-12-31 11:45:00,NA,NA,NA
"FLUME",2025-12-31 12:00:00,NA,NA,NA
"FLUME",2025-12-31 12:15:00,NA,NA,NA
"FLUME",2025-12-31 12:30:00,NA,NA,NA
"FLUME",2025-12-31 12:45:00,NA,NA,NA
"FLUME",2025-12-31 13:00:00,NA,NA,NA
"FLUME",2025-12-31 13:15:00,NA,NA,NA
"FLUME",2025-12-31 13:30:00,NA,NA,NA
"FLUME",2025-12-31 13:45:00,NA,NA,NA
"FLUME",2025-12-31 14:00:00,NA,NA,NA
"FLUME",2025-12-31 14:15:00,NA,NA,NA
"FLUME",2025-12-31 14:30:00,NA,NA,NA
"FLUME",2025-12-31 14:45:00,NA,NA,NA
"FLUME",2025-12-31 15:00:00,NA,NA,NA
"FLUME",2025-12-31 15:15:00,NA,NA,NA
"FLUME",2025-12-31 15:30:00,NA,NA,NA
"FLUME",2025-12-31 15:45:00,NA,NA,NA
"FLUME",2025-12-31 16:00:00,NA,NA,NA
"FLUME",2025-12-31 16:15:00,NA,NA,NA
"FLUME",2025-12-31 16:30:00,NA,NA,NA
"FLUME",2025-12-31 16:45:00,NA,NA,NA
"FLUME",2025-12-31 17:00:00,NA,NA,NA
"FLUME",2025-12-31 17:15:00,NA,NA,NA
"FLUME",2025-12-31 17:30:00,NA,NA,NA
"FLUME",2025-12-31 17:45:00,NA,NA,NA
"FLUME",2025-12-31 18:00:00,NA,NA,NA
"FLUME",2025-12-31 18:15:00,NA,NA,NA
"FLUME",2025-12-31 18:30:00,NA,NA,NA
"FLUME",2025-12-31 18:45:00,NA,NA,NA
"FLUME",2025-12-31 19:00:00,NA,NA,NA
"FLUME",2025-12-31 19:15:00,NA,NA,NA
"FLUME",2025-12-31 19:30:00,NA,NA,NA
"FLUME",2025-12-31 19:45:00,NA,NA,NA
"FLUME",2025-12-31 20:00:00,NA,NA,NA
"FLUME",2025-12-31 20:15:00,NA,NA,NA
"FLUME",2025-12-31 20:30:00,NA,NA,NA
"FLUME",2025-12-31 20:45:00,NA,NA,NA
"FLUME",2025-12-31 21:00:00,NA,NA,NA
"FLUME",2025-12-31 21:15:00,NA,NA,NA
"FLUME",2025-12-31 21:30:00,NA,NA,NA
"FLUME",2025-12-31 21:45:00,NA,NA,NA
"FLUME",2025-12-31 22:00:00,NA,NA,NA
"FLUME",2025-12-31 22:15:00,NA,NA,NA
"FLUME",2025-12-31 22:30:00,NA,NA,NA
"FLUME",2025-12-31 22:45:00,NA,NA,NA
"FLUME",2025-12-31 23:00:00,NA,NA,NA
"FLUME",2025-12-31 23:15:00,NA,NA,NA
"FLUME",2025-12-31 23:30:00,NA,NA,NA
"FLUME",2025-12-31 23:45:00,NA,NA,NA
"FLUME",2026-01-01,NA,NA,NA
"FLUME",2026-01-01 00:15:00,NA,NA,NA
"FLUME",2026-01-01 00:30:00,NA,NA,NA
"FLUME",2026-01-01 00:45:00,NA,NA,NA
"FLUME",2026-01-01 01:00:00,NA,NA,NA
"FLUME",2026-01-01 01:15:00,NA,NA,NA
"FLUME",2026-01-01 01:30:00,NA,NA,NA
"FLUME",2026-01-01 01:45:00,NA,NA,NA
"FLUME",2026-01-01 02:00:00,NA,NA,NA
"FLUME",2026-01-01 02:15:00,NA,NA,NA
"FLUME",2026-01-01 02:30:00,NA,NA,NA
"FLUME",2026-01-01 02:45:00,NA,NA,NA
"FLUME",2026-01-01 03:00:00,NA,NA,NA
"FLUME",2026-01-01 03:15:00,NA,NA,NA
"FLUME",2026-01-01 03:30:00,NA,NA,NA
"FLUME",2026-01-01 03:45:00,NA,NA,NA
"FLUME",2026-01-01 04:00:00,NA,NA,NA
"FLUME",2026-01-01 04:15:00,NA,NA,NA
"FLUME",2026-01-01 04:30:00,NA,NA,NA
"FLUME",2026-01-01 04:45:00,NA,NA,NA
"FLUME",2026-01-01 05:00:00,NA,NA,NA
"FLUME",2026-01-01 05:15:00,NA,NA,NA
"FLUME",2026-01-01 05:30:00,NA,NA,NA
"FLUME",2026-01-01 05:45:00,NA,NA,NA
"FLUME",2026-01-01 06:00:00,NA,NA,NA
"FLUME",2026-01-01 06:15:00,NA,NA,NA
"FLUME",2026-01-01 06:30:00,NA,NA,NA
"FLUME",2026-01-01 06:45:00,NA,NA,NA
"FLUME",2026-01-01 07:00:00,NA,NA,NA
"FLUME",2026-01-01 07:15:00,NA,NA,NA
"FLUME",2026-01-01 07:30:00,NA,NA,NA
"FLUME",2026-01-01 07:45:00,NA,NA,NA
"FLUME",2026-01-01 08:00:00,NA,NA,NA
"FLUME",2026-01-01 08:15:00,NA,NA,NA
"FLUME",2026-01-01 08:30:00,NA,NA,NA
"FLUME",2026-01-01 08:45:00,NA,NA,NA
"FLUME",2026-01-01 09:00:00,NA,NA,NA
"FLUME",2026-01-01 09:15:00,NA,NA,NA
"FLUME",2026-01-01 09:30:00,NA,NA,NA
"FLUME",2026-01-01 09:45:00,NA,NA,NA
"FLUME",2026-01-01 10:00:00,NA,NA,NA
"FLUME",2026-01-01 10:15:00,NA,NA,NA
"FLUME",2026-01-01 10:30:00,NA,NA,NA
"FLUME",2026-01-01 10:45:00,NA,NA,NA
"FLUME",2026-01-01 11:00:00,NA,NA,NA
"FLUME",2026-01-01 11:15:00,NA,NA,NA
"FLUME",2026-01-01 11:30:00,NA,NA,NA
"FLUME",2026-01-01 11:45:00,NA,NA,NA
"FLUME",2026-01-01 12:00:00,NA,NA,NA
"FLUME",2026-01-01 12:15:00,NA,NA,NA
"FLUME",2026-01-01 12:30:00,NA,NA,NA
"FLUME",2026-01-01 12:45:00,NA,NA,NA
"FLUME",2026-01-01 13:00:00,NA,NA,NA
"FLUME",2026-01-01 13:15:00,NA,NA,NA
"FLUME",2026-01-01 13:30:00,NA,NA,NA
"FLUME",2026-01-01 13:45:00,NA,NA,NA
"FLUME",2026-01-01 14:00:00,NA,NA,NA
"FLUME",2026-01-01 14:15:00,NA,NA,NA
"FLUME",2026-01-01 14:30:00,NA,NA,NA
"FLUME",2026-01-01 14:45:00,NA,NA,NA
"FLUME",2026-01-01 15:00:00,NA,NA,NA
"FLUME",2026-01-01 15:15:00,NA,NA,NA
"FLUME",2026-01-01 15:30:00,NA,NA,NA
"FLUME",2026-01-01 15:45:00,NA,NA,NA
"FLUME",2026-01-01 16:00:00,NA,NA,NA
"FLUME",2026-01-01 16:15:00,NA,NA,NA
"FLUME",2026-01-01 16:30:00,NA,NA,NA
"FLUME",2026-01-01 16:45:00,NA,NA,NA
"FLUME",2026-01-01 17:00:00,NA,NA,NA
"FLUME",2026-01-01 17:15:00,NA,NA,NA
"FLUME",2026-01-01 17:30:00,NA,NA,NA
"FLUME",2026-01-01 17:45:00,NA,NA,NA
"FLUME",2026-01-01 18:00:00,NA,NA,NA
"FLUME",2026-01-01 18:15:00,NA,NA,NA
"FLUME",2026-01-01 18:30:00,NA,NA,NA
"FLUME",2026-01-01 18:45:00,NA,NA,NA
"FLUME",2026-01-01 19:00:00,NA,NA,NA
"FLUME",2026-01-01 19:15:00,NA,NA,NA
"FLUME",2026-01-01 19:30:00,NA,NA,NA
"FLUME",2026-01-01 19:45:00,NA,NA,NA
"FLUME",2026-01-01 20:00:00,NA,NA,NA
"FLUME",2026-01-01 20:15:00,NA,NA,NA
"FLUME",2026-01-01 20:30:00,NA,NA,NA
"FLUME",2026-01-01 20:45:00,NA,NA,NA
"FLUME",2026-01-01 21:00:00,NA,NA,NA
"FLUME",2026-01-01 21:15:00,NA,NA,NA
"FLUME",2026-01-01 21:30:00,NA,NA,NA
"FLUME",2026-01-01 21:45:00,NA,NA,NA
"FLUME",2026-01-01 22:00:00,NA,NA,NA
"FLUME",2026-01-01 22:15:00,NA,NA,NA
"FLUME",2026-01-01 22:30:00,NA,NA,NA
"FLUME",2026-01-01 22:45:00,NA,NA,NA
"FLUME",2026-01-01 23:00:00,NA,NA,NA
"FLUME",2026-01-01 23:15:00,NA,NA,NA
"FLUME",2026-01-01 23:30:00,NA,NA,NA
"FLUME",2026-01-01 23:45:00,NA,NA,NA
"FLUME",2026-01-02,NA,NA,NA
"FLUME",2026-01-02 00:15:00,NA,NA,NA
"FLUME",2026-01-02 00:30:00,NA,NA,NA
"FLUME",2026-01-02 00:45:00,NA,NA,NA
"FLUME",2026-01-02 01:00:00,NA,NA,NA
"FLUME",2026-01-02 01:15:00,NA,NA,NA
"FLUME",2026-01-02 01:30:00,NA,NA,NA
"FLUME",2026-01-02 01:45:00,NA,NA,NA
"FLUME",2026-01-02 02:00:00,NA,NA,NA
"FLUME",2026-01-02 02:15:00,NA,NA,NA
"FLUME",2026-01-02 02:30:00,NA,NA,NA
"FLUME",2026-01-02 02:45:00,NA,NA,NA
"FLUME",2026-01-02 03:00:00,NA,NA,NA
"FLUME",2026-01-02 03:15:00,NA,NA,NA
"FLUME",2026-01-02 03:30:00,NA,NA,NA
"FLUME",2026-01-02 03:45:00,NA,NA,NA
"FLUME",2026-01-02 04:00:00,NA,NA,NA
"FLUME",2026-01-02 04:15:00,NA,NA,NA
"FLUME",2026-01-02 04:30:00,NA,NA,NA
"FLUME",2026-01-02 04:45:00,NA,NA,NA
"FLUME",2026-01-02 05:00:00,NA,NA,NA
"FLUME",2026-01-02 05:15:00,NA,NA,NA
"FLUME",2026-01-02 05:30:00,NA,NA,NA
"FLUME",2026-01-02 05:45:00,NA,NA,NA
"FLUME",2026-01-02 06:00:00,NA,NA,NA
"FLUME",2026-01-02 06:15:00,NA,NA,NA
"FLUME",2026-01-02 06:30:00,NA,NA,NA
"FLUME",2026-01-02 06:45:00,NA,NA,NA
"FLUME",2026-01-02 07:00:00,NA,NA,NA
"FLUME",2026-01-02 07:15:00,NA,NA,NA
"FLUME",2026-01-02 07:30:00,NA,NA,NA
"FLUME",2026-01-02 07:45:00,NA,NA,NA
"FLUME",2026-01-02 08:00:00,NA,NA,NA
"FLUME",2026-01-02 08:15:00,NA,NA,NA
"FLUME",2026-01-02 08:30:00,NA,NA,NA
"FLUME",2026-01-02 08:45:00,NA,NA,NA
"FLUME",2026-01-02 09:00:00,NA,NA,NA
"FLUME",2026-01-02 09:15:00,NA,NA,NA
"FLUME",2026-01-02 09:30:00,NA,NA,NA
"FLUME",2026-01-02 09:45:00,NA,NA,NA
"FLUME",2026-01-02 10:00:00,NA,NA,NA
"FLUME",2026-01-02 10:15:00,NA,NA,NA
"FLUME",2026-01-02 10:30:00,NA,NA,NA
"FLUME",2026-01-02 10:45:00,NA,NA,NA
"FLUME",2026-01-02 11:00:00,NA,NA,NA
"FLUME",2026-01-02 11:15:00,NA,NA,NA
"FLUME",2026-01-02 11:30:00,NA,NA,NA
"FLUME",2026-01-02 11:45:00,NA,NA,NA
"FLUME",2026-01-02 12:00:00,NA,NA,NA
"FLUME",2026-01-02 12:15:00,NA,NA,NA
"FLUME",2026-01-02 12:30:00,NA,NA,NA
"FLUME",2026-01-02 12:45:00,NA,NA,NA
"FLUME",2026-01-02 13:00:00,NA,NA,NA
"FLUME",2026-01-02 13:15:00,NA,NA,NA
"FLUME",2026-01-02 13:30:00,NA,NA,NA
"FLUME",2026-01-02 13:45:00,NA,NA,NA
"FLUME",2026-01-02 14:00:00,NA,NA,NA
"FLUME",2026-01-02 14:15:00,NA,NA,NA
"FLUME",2026-01-02 14:30:00,NA,NA,NA
"FLUME",2026-01-02 14:45:00,NA,NA,NA
"FLUME",2026-01-02 15:00:00,NA,NA,NA
"FLUME",2026-01-02 15:15:00,NA,NA,NA
"FLUME",2026-01-02 15:30:00,NA,NA,NA
"FLUME",2026-01-02 15:45:00,NA,NA,NA
"FLUME",2026-01-02 16:00:00,NA,NA,NA
"FLUME",2026-01-02 16:15:00,NA,NA,NA
"FLUME",2026-01-02 16:30:00,NA,NA,NA
"FLUME",2026-01-02 16:45:00,NA,NA,NA
"FLUME",2026-01-02 17:00:00,NA,NA,NA
"FLUME",2026-01-02 17:15:00,NA,NA,NA
"FLUME",2026-01-02 17:30:00,NA,NA,NA
"FLUME",2026-01-02 17:45:00,NA,NA,NA
"FLUME",2026-01-02 18:00:00,NA,NA,NA
"FLUME",2026-01-02 18:15:00,NA,NA,NA
"FLUME",2026-01-02 18:30:00,NA,NA,NA
"FLUME",2026-01-02 18:45:00,NA,NA,NA
"FLUME",2026-01-02 19:00:00,NA,NA,NA
"FLUME",2026-01-02 19:15:00,NA,NA,NA
"FLUME",2026-01-02 19:30:00,NA,NA,NA
"FLUME",2026-01-02 19:45:00,NA,NA,NA
"FLUME",2026-01-02 20:00:00,NA,NA,NA
"FLUME",2026-01-02 20:15:00,NA,NA,NA
"FLUME",2026-01-02 20:30:00,NA,NA,NA
"FLUME",2026-01-02 20:45:00,NA,NA,NA
"FLUME",2026-01-02 21:00:00,NA,NA,NA
"FLUME",2026-01-02 21:15:00,NA,NA,NA
"FLUME",2026-01-02 21:30:00,NA,NA,NA
"FLUME",2026-01-02 21:45:00,NA,NA,NA
"FLUME",2026-01-02 22:00:00,NA,NA,NA
"FLUME",2026-01-02 22:15:00,NA,NA,NA
"FLUME",2026-01-02 22:30:00,NA,NA,NA
"FLUME",2026-01-02 22:45:00,NA,NA,NA
"FLUME",2026-01-02 23:00:00,NA,NA,NA
"FLUME",2026-01-02 23:15:00,NA,NA,NA
"FLUME",2026-01-02 23:30:00,NA,NA,NA
"FLUME",2026-01-02 23:45:00,NA,NA,NA
"FLUME",2026-01-03,NA,NA,NA
"FLUME",2026-01-03 00:15:00,NA,NA,NA
"FLUME",2026-01-03 00:30:00,NA,NA,NA
"FLUME",2026-01-03 00:45:00,NA,NA,NA
"FLUME",2026-01-03 01:00:00,NA,NA,NA
"FLUME",2026-01-03 01:15:00,NA,NA,NA
"FLUME",2026-01-03 01:30:00,NA,NA,NA
"FLUME",2026-01-03 01:45:00,NA,NA,NA
"FLUME",2026-01-03 02:00:00,NA,NA,NA
"FLUME",2026-01-03 02:15:00,NA,NA,NA
"FLUME",2026-01-03 02:30:00,NA,NA,NA
"FLUME",2026-01-03 02:45:00,NA,NA,NA
"FLUME",2026-01-03 03:00:00,NA,NA,NA
"FLUME",2026-01-03 03:15:00,NA,NA,NA
"FLUME",2026-01-03 03:30:00,NA,NA,NA
"FLUME",2026-01-03 03:45:00,NA,NA,NA
"FLUME",2026-01-03 04:00:00,NA,NA,NA
"FLUME",2026-01-03 04:15:00,NA,NA,NA
"FLUME",2026-01-03 04:30:00,NA,NA,NA
"FLUME",2026-01-03 04:45:00,NA,NA,NA
"FLUME",2026-01-03 05:00:00,NA,NA,NA
"FLUME",2026-01-03 05:15:00,NA,NA,NA
"FLUME",2026-01-03 05:30:00,NA,NA,NA
"FLUME",2026-01-03 05:45:00,NA,NA,NA
"FLUME",2026-01-03 06:00:00,NA,NA,NA
"FLUME",2026-01-03 06:15:00,NA,NA,NA
"FLUME",2026-01-03 06:30:00,NA,NA,NA
"FLUME",2026-01-03 06:45:00,NA,NA,NA
"FLUME",2026-01-03 07:00:00,NA,NA,NA
"FLUME",2026-01-03 07:15:00,NA,NA,NA
"FLUME",2026-01-03 07:30:00,NA,NA,NA
"FLUME",2026-01-03 07:45:00,NA,NA,NA
"FLUME",2026-01-03 08:00:00,NA,NA,NA
"FLUME",2026-01-03 08:15:00,NA,NA,NA
"FLUME",2026-01-03 08:30:00,NA,NA,NA
"FLUME",2026-01-03 08:45:00,NA,NA,NA
"FLUME",2026-01-03 09:00:00,NA,NA,NA
"FLUME",2026-01-03 09:15:00,NA,NA,NA
"FLUME",2026-01-03 09:30:00,NA,NA,NA
"FLUME",2026-01-03 09:45:00,NA,NA,NA
"FLUME",2026-01-03 10:00:00,NA,NA,NA
"FLUME",2026-01-03 10:15:00,NA,NA,NA
"FLUME",2026-01-03 10:30:00,NA,NA,NA
"FLUME",2026-01-03 10:45:00,NA,NA,NA
"FLUME",2026-01-03 11:00:00,NA,NA,NA
"FLUME",2026-01-03 11:15:00,NA,NA,NA
"FLUME",2026-01-03 11:30:00,NA,NA,NA
"FLUME",2026-01-03 11:45:00,NA,NA,NA
"FLUME",2026-01-03 12:00:00,NA,NA,NA
"FLUME",2026-01-03 12:15:00,NA,NA,NA
"FLUME",2026-01-03 12:30:00,NA,NA,NA
"FLUME",2026-01-03 12:45:00,NA,NA,NA
"FLUME",2026-01-03 13:00:00,NA,NA,NA
"FLUME",2026-01-03 13:15:00,NA,NA,NA
"FLUME",2026-01-03 13:30:00,NA,NA,NA
"FLUME",2026-01-03 13:45:00,NA,NA,NA
"FLUME",2026-01-03 14:00:00,NA,NA,NA
"FLUME",2026-01-03 14:15:00,NA,NA,NA
"FLUME",2026-01-03 14:30:00,NA,NA,NA
"FLUME",2026-01-03 14:45:00,NA,NA,NA
"FLUME",2026-01-03 15:00:00,NA,NA,NA
"FLUME",2026-01-03 15:15:00,NA,NA,NA
"FLUME",2026-01-03 15:30:00,NA,NA,NA
"FLUME",2026-01-03 15:45:00,NA,NA,NA
"FLUME",2026-01-03 16:00:00,NA,NA,NA
"FLUME",2026-01-03 16:15:00,NA,NA,NA
"FLUME",2026-01-03 16:30:00,NA,NA,NA
"FLUME",2026-01-03 16:45:00,NA,NA,NA
"FLUME",2026-01-03 17:00:00,NA,NA,NA
"FLUME",2026-01-03 17:15:00,NA,NA,NA
"FLUME",2026-01-03 17:30:00,NA,NA,NA
"FLUME",2026-01-03 17:45:00,NA,NA,NA
"FLUME",2026-01-03 18:00:00,NA,NA,NA
"FLUME",2026-01-03 18:15:00,NA,NA,NA
"FLUME",2026-01-03 18:30:00,NA,NA,NA
"FLUME",2026-01-03 18:45:00,NA,NA,NA
"FLUME",2026-01-03 19:00:00,NA,NA,NA
"FLUME",2026-01-03 19:15:00,NA,NA,NA
"FLUME",2026-01-03 19:30:00,NA,NA,NA
"FLUME",2026-01-03 19:45:00,NA,NA,NA
"FLUME",2026-01-03 20:00:00,NA,NA,NA
"FLUME",2026-01-03 20:15:00,NA,NA,NA
"FLUME",2026-01-03 20:30:00,NA,NA,NA
"FLUME",2026-01-03 20:45:00,NA,NA,NA
"FLUME",2026-01-03 21:00:00,NA,NA,NA
"FLUME",2026-01-03 21:15:00,NA,NA,NA
"FLUME",2026-01-03 21:30:00,NA,NA,NA
"FLUME",2026-01-03 21:45:00,NA,NA,NA
"FLUME",2026-01-03 22:00:00,NA,NA,NA
"FLUME",2026-01-03 22:15:00,NA,NA,NA
"FLUME",2026-01-03 22:30:00,NA,NA,NA
"FLUME",2026-01-03 22:45:00,NA,NA,NA
"FLUME",2026-01-03 23:00:00,NA,NA,NA
"FLUME",2026-01-03 23:15:00,NA,NA,NA
"FLUME",2026-01-03 23:30:00,NA,NA,NA
"FLUME",2026-01-03 23:45:00,NA,NA,NA
"FLUME",2026-01-04,NA,NA,NA
"FLUME",2026-01-04 00:15:00,NA,NA,NA
"FLUME",2026-01-04 00:30:00,NA,NA,NA
"FLUME",2026-01-04 00:45:00,NA,NA,NA
"FLUME",2026-01-04 01:00:00,NA,NA,NA
"FLUME",2026-01-04 01:15:00,NA,NA,NA
"FLUME",2026-01-04 01:30:00,NA,NA,NA
"FLUME",2026-01-04 01:45:00,NA,NA,NA
"FLUME",2026-01-04 02:00:00,NA,NA,NA
"FLUME",2026-01-04 02:15:00,NA,NA,NA
"FLUME",2026-01-04 02:30:00,NA,NA,NA
"FLUME",2026-01-04 02:45:00,NA,NA,NA
"FLUME",2026-01-04 03:00:00,NA,NA,NA
"FLUME",2026-01-04 03:15:00,NA,NA,NA
"FLUME",2026-01-04 03:30:00,NA,NA,NA
"FLUME",2026-01-04 03:45:00,NA,NA,NA
"FLUME",2026-01-04 04:00:00,NA,NA,NA
"FLUME",2026-01-04 04:15:00,NA,NA,NA
"FLUME",2026-01-04 04:30:00,NA,NA,NA
"FLUME",2026-01-04 04:45:00,NA,NA,NA
"FLUME",2026-01-04 05:00:00,NA,NA,NA
"FLUME",2026-01-04 05:15:00,NA,NA,NA
"FLUME",2026-01-04 05:30:00,NA,NA,NA
"FLUME",2026-01-04 05:45:00,NA,NA,NA
"FLUME",2026-01-04 06:00:00,NA,NA,NA
"FLUME",2026-01-04 06:15:00,NA,NA,NA
"FLUME",2026-01-04 06:30:00,NA,NA,NA
"FLUME",2026-01-04 06:45:00,NA,NA,NA
"FLUME",2026-01-04 07:00:00,NA,NA,NA
"FLUME",2026-01-04 07:15:00,NA,NA,NA
"FLUME",2026-01-04 07:30:00,NA,NA,NA
"FLUME",2026-01-04 07:45:00,NA,NA,NA
"FLUME",2026-01-04 08:00:00,NA,NA,NA
"FLUME",2026-01-04 08:15:00,NA,NA,NA
"FLUME",2026-01-04 08:30:00,NA,NA,NA
"FLUME",2026-01-04 08:45:00,NA,NA,NA
"FLUME",2026-01-04 09:00:00,NA,NA,NA
"FLUME",2026-01-04 09:15:00,NA,NA,NA
"FLUME",2026-01-04 09:30:00,NA,NA,NA
"FLUME",2026-01-04 09:45:00,NA,NA,NA
"FLUME",2026-01-04 10:00:00,NA,NA,NA
"FLUME",2026-01-04 10:15:00,NA,NA,NA
"FLUME",2026-01-04 10:30:00,NA,NA,NA
"FLUME",2026-01-04 10:45:00,NA,NA,NA
"FLUME",2026-01-04 11:00:00,NA,NA,NA
"FLUME",2026-01-04 11:15:00,NA,NA,NA
"FLUME",2026-01-04 11:30:00,NA,NA,NA
"FLUME",2026-01-04 11:45:00,NA,NA,NA
"FLUME",2026-01-04 12:00:00,NA,NA,NA
"FLUME",2026-01-04 12:15:00,NA,NA,NA
"FLUME",2026-01-04 12:30:00,NA,NA,NA
"FLUME",2026-01-04 12:45:00,NA,NA,NA
"FLUME",2026-01-04 13:00:00,NA,NA,NA
"FLUME",2026-01-04 13:15:00,NA,NA,NA
"FLUME",2026-01-04 13:30:00,NA,NA,NA
"FLUME",2026-01-04 13:45:00,NA,NA,NA
"FLUME",2026-01-04 14:00:00,NA,NA,NA
"FLUME",2026-01-04 14:15:00,NA,NA,NA
"FLUME",2026-01-04 14:30:00,NA,NA,NA
"FLUME",2026-01-04 14:45:00,NA,NA,NA
"FLUME",2026-01-04 15:00:00,NA,NA,NA
"FLUME",2026-01-04 15:15:00,NA,NA,NA
"FLUME",2026-01-04 15:30:00,NA,NA,NA
"FLUME",2026-01-04 15:45:00,NA,NA,NA
"FLUME",2026-01-04 16:00:00,NA,NA,NA
"FLUME",2026-01-04 16:15:00,NA,NA,NA
"FLUME",2026-01-04 16:30:00,NA,NA,NA
"FLUME",2026-01-04 16:45:00,NA,NA,NA
"FLUME",2026-01-04 17:00:00,NA,NA,NA
"FLUME",2026-01-04 17:15:00,NA,NA,NA
"FLUME",2026-01-04 17:30:00,NA,NA,NA
"FLUME",2026-01-04 17:45:00,NA,NA,NA
"FLUME",2026-01-04 18:00:00,NA,NA,NA
"FLUME",2026-01-04 18:15:00,NA,NA,NA
"FLUME",2026-01-04 18:30:00,NA,NA,NA
"FLUME",2026-01-04 18:45:00,NA,NA,NA
"FLUME",2026-01-04 19:00:00,NA,NA,NA
"FLUME",2026-01-04 19:15:00,NA,NA,NA
"FLUME",2026-01-04 19:30:00,NA,NA,NA
"FLUME",2026-01-04 19:45:00,NA,NA,NA
"FLUME",2026-01-04 20:00:00,NA,NA,NA
"FLUME",2026-01-04 20:15:00,NA,NA,NA
"FLUME",2026-01-04 20:30:00,NA,NA,NA
"FLUME",2026-01-04 20:45:00,NA,NA,NA
"FLUME",2026-01-04 21:00:00,NA,NA,NA
"FLUME",2026-01-04 21:15:00,NA,NA,NA
"FLUME",2026-01-04 21:30:00,NA,NA,NA
"FLUME",2026-01-04 21:45:00,NA,NA,NA
"FLUME",2026-01-04 22:00:00,NA,NA,NA
"FLUME",2026-01-04 22:15:00,NA,NA,NA
"FLUME",2026-01-04 22:30:00,NA,NA,NA
"FLUME",2026-01-04 22:45:00,NA,NA,NA
"FLUME",2026-01-04 23:00:00,NA,NA,NA
"FLUME",2026-01-04 23:15:00,NA,NA,NA
"FLUME",2026-01-04 23:30:00,NA,NA,NA
"FLUME",2026-01-04 23:45:00,NA,NA,NA
"FLUME",2026-01-05,NA,NA,NA
"FLUME",2026-01-05 00:15:00,NA,NA,NA
"FLUME",2026-01-05 00:30:00,NA,NA,NA
"FLUME",2026-01-05 00:45:00,NA,NA,NA
"FLUME",2026-01-05 01:00:00,NA,NA,NA
"FLUME",2026-01-05 01:15:00,NA,NA,NA
"FLUME",2026-01-05 01:30:00,NA,NA,NA
"FLUME",2026-01-05 01:45:00,NA,NA,NA
"FLUME",2026-01-05 02:00:00,NA,NA,NA
"FLUME",2026-01-05 02:15:00,NA,NA,NA
"FLUME",2026-01-05 02:30:00,NA,NA,NA
"FLUME",2026-01-05 02:45:00,NA,NA,NA
"FLUME",2026-01-05 03:00:00,NA,NA,NA
"FLUME",2026-01-05 03:15:00,NA,NA,NA
"FLUME",2026-01-05 03:30:00,NA,NA,NA
"FLUME",2026-01-05 03:45:00,NA,NA,NA
"FLUME",2026-01-05 04:00:00,NA,NA,NA
"FLUME",2026-01-05 04:15:00,NA,NA,NA
"FLUME",2026-01-05 04:30:00,NA,NA,NA
"FLUME",2026-01-05 04:45:00,NA,NA,NA
"FLUME",2026-01-05 05:00:00,NA,NA,NA
"FLUME",2026-01-05 05:15:00,NA,NA,NA
"FLUME",2026-01-05 05:30:00,NA,NA,NA
"FLUME",2026-01-05 05:45:00,NA,NA,NA
"FLUME",2026-01-05 06:00:00,NA,NA,NA
"FLUME",2026-01-05 06:15:00,NA,NA,NA
"FLUME",2026-01-05 06:30:00,NA,NA,NA
"FLUME",2026-01-05 06:45:00,NA,NA,NA
"FLUME",2026-01-05 07:00:00,NA,NA,NA
"FLUME",2026-01-05 07:15:00,NA,NA,NA
"FLUME",2026-01-05 07:30:00,NA,NA,NA
"FLUME",2026-01-05 07:45:00,NA,NA,NA
"FLUME",2026-01-05 08:00:00,NA,NA,NA
"FLUME",2026-01-05 08:15:00,NA,NA,NA
"FLUME",2026-01-05 08:30:00,NA,NA,NA
"FLUME",2026-01-05 08:45:00,NA,NA,NA
"FLUME",2026-01-05 09:00:00,NA,NA,NA
"FLUME",2026-01-05 09:15:00,NA,NA,NA
"FLUME",2026-01-05 09:30:00,NA,NA,NA
"FLUME",2026-01-05 09:45:00,NA,NA,NA
"FLUME",2026-01-05 10:00:00,NA,NA,NA
"FLUME",2026-01-05 10:15:00,NA,NA,NA
"FLUME",2026-01-05 10:30:00,NA,NA,NA
"FLUME",2026-01-05 10:45:00,NA,NA,NA
"FLUME",2026-01-05 11:00:00,NA,NA,NA
"FLUME",2026-01-05 11:15:00,NA,NA,NA
"FLUME",2026-01-05 11:30:00,NA,NA,NA
"FLUME",2026-01-05 11:45:00,NA,NA,NA
"FLUME",2026-01-05 12:00:00,NA,NA,NA
"FLUME",2026-01-05 12:15:00,NA,NA,NA
"FLUME",2026-01-05 12:30:00,NA,NA,NA
"FLUME",2026-01-05 12:45:00,NA,NA,NA
"FLUME",2026-01-05 13:00:00,NA,NA,NA
"FLUME",2026-01-05 13:15:00,NA,NA,NA
"FLUME",2026-01-05 13:30:00,NA,NA,NA
"FLUME",2026-01-05 13:45:00,NA,NA,NA
"FLUME",2026-01-05 14:00:00,NA,NA,NA
"FLUME",2026-01-05 14:15:00,NA,NA,NA
"FLUME",2026-01-05 14:30:00,NA,NA,NA
"FLUME",2026-01-05 14:45:00,NA,NA,NA
"FLUME",2026-01-05 15:00:00,NA,NA,NA
"FLUME",2026-01-05 15:15:00,NA,NA,NA
"FLUME",2026-01-05 15:30:00,NA,NA,NA
"FLUME",2026-01-05 15:45:00,NA,NA,NA
"FLUME",2026-01-05 16:00:00,NA,NA,NA
"FLUME",2026-01-05 16:15:00,NA,NA,NA
"FLUME",2026-01-05 16:30:00,NA,NA,NA
"FLUME",2026-01-05 16:45:00,NA,NA,NA
"FLUME",2026-01-05 17:00:00,NA,NA,NA
"FLUME",2026-01-05 17:15:00,NA,NA,NA
"FLUME",2026-01-05 17:30:00,NA,NA,NA
"FLUME",2026-01-05 17:45:00,NA,NA,NA
"FLUME",2026-01-05 18:00:00,NA,NA,NA
"FLUME",2026-01-05 18:15:00,NA,NA,NA
"FLUME",2026-01-05 18:30:00,NA,NA,NA
"FLUME",2026-01-05 18:45:00,NA,NA,NA
"FLUME",2026-01-05 19:00:00,NA,NA,NA
"FLUME",2026-01-05 19:15:00,NA,NA,NA
"FLUME",2026-01-05 19:30:00,NA,NA,NA
"FLUME",2026-01-05 19:45:00,NA,NA,NA
"FLUME",2026-01-05 20:00:00,NA,NA,NA
"FLUME",2026-01-05 20:15:00,NA,NA,NA
"FLUME",2026-01-05 20:30:00,NA,NA,NA
"FLUME",2026-01-05 20:45:00,NA,NA,NA
"FLUME",2026-01-05 21:00:00,NA,NA,NA
"FLUME",2026-01-05 21:15:00,NA,NA,NA
"FLUME",2026-01-05 21:30:00,NA,NA,NA
"FLUME",2026-01-05 21:45:00,NA,NA,NA
"FLUME",2026-01-05 22:00:00,NA,NA,NA
"FLUME",2026-01-05 22:15:00,NA,NA,NA
"FLUME",2026-01-05 22:30:00,NA,NA,NA
"FLUME",2026-01-05 22:45:00,NA,NA,NA
"FLUME",2026-01-05 23:00:00,NA,NA,NA
"FLUME",2026-01-05 23:15:00,NA,NA,NA
"FLUME",2026-01-05 23:30:00,NA,NA,NA
"FLUME",2026-01-05 23:45:00,NA,NA,NA
"FLUME",2026-01-06,NA,NA,NA
"FLUME",2026-01-06 00:15:00,NA,NA,NA
"FLUME",2026-01-06 00:30:00,NA,NA,NA
"FLUME",2026-01-06 00:45:00,NA,NA,NA
"FLUME",2026-01-06 01:00:00,NA,NA,NA
"FLUME",2026-01-06 01:15:00,NA,NA,NA
"FLUME",2026-01-06 01:30:00,NA,NA,NA
"FLUME",2026-01-06 01:45:00,NA,NA,NA
"FLUME",2026-01-06 02:00:00,NA,NA,NA
"FLUME",2026-01-06 02:15:00,NA,NA,NA
"FLUME",2026-01-06 02:30:00,NA,NA,NA
"FLUME",2026-01-06 02:45:00,NA,NA,NA
"FLUME",2026-01-06 03:00:00,NA,NA,NA
"FLUME",2026-01-06 03:15:00,NA,NA,NA
"FLUME",2026-01-06 03:30:00,NA,NA,NA
"FLUME",2026-01-06 03:45:00,NA,NA,NA
"FLUME",2026-01-06 04:00:00,NA,NA,NA
"FLUME",2026-01-06 04:15:00,NA,NA,NA
"FLUME",2026-01-06 04:30:00,NA,NA,NA
"FLUME",2026-01-06 04:45:00,NA,NA,NA
"FLUME",2026-01-06 05:00:00,NA,NA,NA
"FLUME",2026-01-06 05:15:00,NA,NA,NA
"FLUME",2026-01-06 05:30:00,NA,NA,NA
"FLUME",2026-01-06 05:45:00,NA,NA,NA
"FLUME",2026-01-06 06:00:00,NA,NA,NA
"FLUME",2026-01-06 06:15:00,NA,NA,NA
"FLUME",2026-01-06 06:30:00,NA,NA,NA
"FLUME",2026-01-06 06:45:00,NA,NA,NA
"FLUME",2026-01-06 07:00:00,NA,NA,NA
"FLUME",2026-01-06 07:15:00,NA,NA,NA
"FLUME",2026-01-06 07:30:00,NA,NA,NA
"FLUME",2026-01-06 07:45:00,NA,NA,NA
"FLUME",2026-01-06 08:00:00,NA,NA,NA
"FLUME",2026-01-06 08:15:00,NA,NA,NA
"FLUME",2026-01-06 08:30:00,NA,NA,NA
"FLUME",2026-01-06 08:45:00,NA,NA,NA
"FLUME",2026-01-06 09:00:00,NA,NA,NA
"FLUME",2026-01-06 09:15:00,NA,NA,NA
"FLUME",2026-01-06 09:30:00,NA,NA,NA
"FLUME",2026-01-06 09:45:00,NA,NA,NA
"FLUME",2026-01-06 10:00:00,NA,NA,NA
"FLUME",2026-01-06 10:15:00,NA,NA,NA
"FLUME",2026-01-06 10:30:00,NA,NA,NA
"FLUME",2026-01-06 10:45:00,NA,NA,NA
"FLUME",2026-01-06 11:00:00,NA,NA,NA
"FLUME",2026-01-06 11:15:00,NA,NA,NA
"FLUME",2026-01-06 11:30:00,NA,NA,NA
"FLUME",2026-01-06 11:45:00,NA,NA,NA
"FLUME",2026-01-06 12:00:00,NA,NA,NA
"FLUME",2026-01-06 12:15:00,NA,NA,NA
"FLUME",2026-01-06 12:30:00,NA,NA,NA
"FLUME",2026-01-06 12:45:00,NA,NA,NA
"FLUME",2026-01-06 13:00:00,NA,NA,NA
"FLUME",2026-01-06 13:15:00,NA,NA,NA
"FLUME",2026-01-06 13:30:00,NA,NA,NA
"FLUME",2026-01-06 13:45:00,NA,NA,NA
"FLUME",2026-01-06 14:00:00,NA,NA,NA
"FLUME",2026-01-06 14:15:00,NA,NA,NA
"FLUME",2026-01-06 14:30:00,NA,NA,NA
"FLUME",2026-01-06 14:45:00,NA,NA,NA
"FLUME",2026-01-06 15:00:00,NA,NA,NA
"FLUME",2026-01-06 15:15:00,NA,NA,NA
"FLUME",2026-01-06 15:30:00,NA,NA,NA
"FLUME",2026-01-06 15:45:00,NA,NA,NA
"FLUME",2026-01-06 16:00:00,NA,NA,NA
"FLUME",2026-01-06 16:15:00,NA,NA,NA
"FLUME",2026-01-06 16:30:00,NA,NA,NA
"FLUME",2026-01-06 16:45:00,NA,NA,NA
"FLUME",2026-01-06 17:00:00,NA,NA,NA
"FLUME",2026-01-06 17:15:00,NA,NA,NA
"FLUME",2026-01-06 17:30:00,NA,NA,NA
"FLUME",2026-01-06 17:45:00,NA,NA,NA
"FLUME",2026-01-06 18:00:00,NA,NA,NA
"FLUME",2026-01-06 18:15:00,NA,NA,NA
"FLUME",2026-01-06 18:30:00,NA,NA,NA
"FLUME",2026-01-06 18:45:00,NA,NA,NA
"FLUME",2026-01-06 19:00:00,NA,NA,NA
"FLUME",2026-01-06 19:15:00,NA,NA,NA
"FLUME",2026-01-06 19:30:00,NA,NA,NA
"FLUME",2026-01-06 19:45:00,NA,NA,NA
"FLUME",2026-01-06 20:00:00,NA,NA,NA
"FLUME",2026-01-06 20:15:00,NA,NA,NA
"FLUME",2026-01-06 20:30:00,NA,NA,NA
"FLUME",2026-01-06 20:45:00,NA,NA,NA
"FLUME",2026-01-06 21:00:00,NA,NA,NA
"FLUME",2026-01-06 21:15:00,NA,NA,NA
"FLUME",2026-01-06 21:30:00,NA,NA,NA
"FLUME",2026-01-06 21:45:00,NA,NA,NA
"FLUME",2026-01-06 22:00:00,NA,NA,NA
"FLUME",2026-01-06 22:15:00,NA,NA,NA
"FLUME",2026-01-06 22:30:00,NA,NA,NA
"FLUME",2026-01-06 22:45:00,NA,NA,NA
"FLUME",2026-01-06 23:00:00,NA,NA,NA
"FLUME",2026-01-06 23:15:00,NA,NA,NA
"FLUME",2026-01-06 23:30:00,NA,NA,NA
"FLUME",2026-01-06 23:45:00,NA,NA,NA
"FLUME",2026-01-07,NA,NA,NA
"FLUME",2026-01-07 00:15:00,NA,NA,NA
"FLUME",2026-01-07 00:30:00,NA,NA,NA
"FLUME",2026-01-07 00:45:00,NA,NA,NA
"FLUME",2026-01-07 01:00:00,NA,NA,NA
"FLUME",2026-01-07 01:15:00,NA,NA,NA
"FLUME",2026-01-07 01:30:00,NA,NA,NA
"FLUME",2026-01-07 01:45:00,NA,NA,NA
"FLUME",2026-01-07 02:00:00,NA,NA,NA
"FLUME",2026-01-07 02:15:00,NA,NA,NA
"FLUME",2026-01-07 02:30:00,NA,NA,NA
"FLUME",2026-01-07 02:45:00,NA,NA,NA
"FLUME",2026-01-07 03:00:00,NA,NA,NA
"FLUME",2026-01-07 03:15:00,NA,NA,NA
"FLUME",2026-01-07 03:30:00,NA,NA,NA
"FLUME",2026-01-07 03:45:00,NA,NA,NA
"FLUME",2026-01-07 04:00:00,NA,NA,NA
"FLUME",2026-01-07 04:15:00,NA,NA,NA
"FLUME",2026-01-07 04:30:00,NA,NA,NA
"FLUME",2026-01-07 04:45:00,NA,NA,NA
"FLUME",2026-01-07 05:00:00,NA,NA,NA
"FLUME",2026-01-07 05:15:00,NA,NA,NA
"FLUME",2026-01-07 05:30:00,NA,NA,NA
"FLUME",2026-01-07 05:45:00,NA,NA,NA
"FLUME",2026-01-07 06:00:00,NA,NA,NA
"FLUME",2026-01-07 06:15:00,NA,NA,NA
"FLUME",2026-01-07 06:30:00,NA,NA,NA
"FLUME",2026-01-07 06:45:00,NA,NA,NA
"FLUME",2026-01-07 07:00:00,NA,NA,NA
"FLUME",2026-01-07 07:15:00,NA,NA,NA
"FLUME",2026-01-07 07:30:00,NA,NA,NA
"FLUME",2026-01-07 07:45:00,NA,NA,NA
"FLUME",2026-01-07 08:00:00,NA,NA,NA
"FLUME",2026-01-07 08:15:00,NA,NA,NA
"FLUME",2026-01-07 08:30:00,NA,NA,NA
"FLUME",2026-01-07 08:45:00,NA,NA,NA
"FLUME",2026-01-07 09:00:00,NA,NA,NA
"FLUME",2026-01-07 09:15:00,NA,NA,NA
"FLUME",2026-01-07 09:30:00,NA,NA,NA
"FLUME",2026-01-07 09:45:00,NA,NA,NA
"FLUME",2026-01-07 10:00:00,NA,NA,NA
"FLUME",2026-01-07 10:15:00,NA,NA,NA
"FLUME",2026-01-07 10:30:00,NA,NA,NA
"FLUME",2026-01-07 10:45:00,NA,NA,NA
"FLUME",2026-01-07 11:00:00,NA,NA,NA
"FLUME",2026-01-07 11:15:00,NA,NA,NA
"FLUME",2026-01-07 11:30:00,NA,NA,NA
"FLUME",2026-01-07 11:45:00,NA,NA,NA
"FLUME",2026-01-07 12:00:00,NA,NA,NA
"FLUME",2026-01-07 12:15:00,NA,NA,NA
"FLUME",2026-01-07 12:30:00,NA,NA,NA
"FLUME",2026-01-07 12:45:00,NA,NA,NA
"FLUME",2026-01-07 13:00:00,NA,NA,NA
"FLUME",2026-01-07 13:15:00,NA,NA,NA
"FLUME",2026-01-07 13:30:00,NA,NA,NA
"FLUME",2026-01-07 13:45:00,NA,NA,NA
"FLUME",2026-01-07 14:00:00,NA,NA,NA
"FLUME",2026-01-07 14:15:00,NA,NA,NA
"FLUME",2026-01-07 14:30:00,NA,NA,NA
"FLUME",2026-01-07 14:45:00,NA,NA,NA
"FLUME",2026-01-07 15:00:00,NA,NA,NA
"FLUME",2026-01-07 15:15:00,NA,NA,NA
"FLUME",2026-01-07 15:30:00,NA,NA,NA
"FLUME",2026-01-07 15:45:00,NA,NA,NA
"FLUME",2026-01-07 16:00:00,NA,NA,NA
"FLUME",2026-01-07 16:15:00,NA,NA,NA
"FLUME",2026-01-07 16:30:00,NA,NA,NA
"FLUME",2026-01-07 16:45:00,NA,NA,NA
"FLUME",2026-01-07 17:00:00,NA,NA,NA
"FLUME",2026-01-07 17:15:00,NA,NA,NA
"FLUME",2026-01-07 17:30:00,NA,NA,NA
"FLUME",2026-01-07 17:45:00,NA,NA,NA
"FLUME",2026-01-07 18:00:00,NA,NA,NA
"FLUME",2026-01-07 18:15:00,NA,NA,NA
"FLUME",2026-01-07 18:30:00,NA,NA,NA
"FLUME",2026-01-07 18:45:00,NA,NA,NA
"FLUME",2026-01-07 19:00:00,NA,NA,NA
"FLUME",2026-01-07 19:15:00,NA,NA,NA
"FLUME",2026-01-07 19:30:00,NA,NA,NA
"FLUME",2026-01-07 19:45:00,NA,NA,NA
"FLUME",2026-01-07 20:00:00,NA,NA,NA
"FLUME",2026-01-07 20:15:00,NA,NA,NA
"FLUME",2026-01-07 20:30:00,NA,NA,NA
"FLUME",2026-01-07 20:45:00,NA,NA,NA
"FLUME",2026-01-07 21:00:00,NA,NA,NA
"FLUME",2026-01-07 21:15:00,NA,NA,NA
"FLUME",2026-01-07 21:30:00,NA,NA,NA
"FLUME",2026-01-07 21:45:00,NA,NA,NA
"FLUME",2026-01-07 22:00:00,NA,NA,NA
"FLUME",2026-01-07 22:15:00,NA,NA,NA
"FLUME",2026-01-07 22:30:00,NA,NA,NA
"FLUME",2026-01-07 22:45:00,NA,NA,NA
"FLUME",2026-01-07 23:00:00,NA,NA,NA
"FLUME",2026-01-07 23:15:00,NA,NA,NA
"FLUME",2026-01-07 23:30:00,NA,NA,NA
"FLUME",2026-01-07 23:45:00,NA,NA,NA
"FLUME",2026-01-08,NA,NA,NA
"FLUME",2026-01-08 00:15:00,NA,NA,NA
"FLUME",2026-01-08 00:30:00,NA,NA,NA
"FLUME",2026-01-08 00:45:00,NA,NA,NA
"FLUME",2026-01-08 01:00:00,NA,NA,NA
"FLUME",2026-01-08 01:15:00,NA,NA,NA
"FLUME",2026-01-08 01:30:00,NA,NA,NA
"FLUME",2026-01-08 01:45:00,NA,NA,NA
"FLUME",2026-01-08 02:00:00,NA,NA,NA
"FLUME",2026-01-08 02:15:00,NA,NA,NA
"FLUME",2026-01-08 02:30:00,NA,NA,NA
"FLUME",2026-01-08 02:45:00,NA,NA,NA
"FLUME",2026-01-08 03:00:00,NA,NA,NA
"FLUME",2026-01-08 03:15:00,NA,NA,NA
"FLUME",2026-01-08 03:30:00,NA,NA,NA
"FLUME",2026-01-08 03:45:00,NA,NA,NA
"FLUME",2026-01-08 04:00:00,NA,NA,NA
"FLUME",2026-01-08 04:15:00,NA,NA,NA
"FLUME",2026-01-08 04:30:00,NA,NA,NA
"FLUME",2026-01-08 04:45:00,NA,NA,NA
"FLUME",2026-01-08 05:00:00,NA,NA,NA
"FLUME",2026-01-08 05:15:00,NA,NA,NA
"FLUME",2026-01-08 05:30:00,NA,NA,NA
"FLUME",2026-01-08 05:45:00,NA,NA,NA
"FLUME",2026-01-08 06:00:00,NA,NA,NA
"FLUME",2026-01-08 06:15:00,NA,NA,NA
"FLUME",2026-01-08 06:30:00,NA,NA,NA
"FLUME",2026-01-08 06:45:00,NA,NA,NA
"FLUME",2026-01-08 07:00:00,NA,NA,NA
"FLUME",2026-01-08 07:15:00,NA,NA,NA
"FLUME",2026-01-08 07:30:00,NA,NA,NA
"FLUME",2026-01-08 07:45:00,NA,NA,NA
"FLUME",2026-01-08 08:00:00,NA,NA,NA
"FLUME",2026-01-08 08:15:00,NA,NA,NA
"FLUME",2026-01-08 08:30:00,NA,NA,NA
"FLUME",2026-01-08 08:45:00,NA,NA,NA
"FLUME",2026-01-08 09:00:00,NA,NA,NA
"FLUME",2026-01-08 09:15:00,NA,NA,NA
"FLUME",2026-01-08 09:30:00,NA,NA,NA
"FLUME",2026-01-08 09:45:00,NA,NA,NA
"FLUME",2026-01-08 10:00:00,NA,NA,NA
"FLUME",2026-01-08 10:15:00,NA,NA,NA
"FLUME",2026-01-08 10:30:00,NA,NA,NA
"FLUME",2026-01-08 10:45:00,NA,NA,NA
"FLUME",2026-01-08 11:00:00,NA,NA,NA
"FLUME",2026-01-08 11:15:00,NA,NA,NA
"FLUME",2026-01-08 11:30:00,NA,NA,NA
"FLUME",2026-01-08 11:45:00,NA,NA,NA
"FLUME",2026-01-08 12:00:00,NA,NA,NA
"FLUME",2026-01-08 12:15:00,NA,NA,NA
"FLUME",2026-01-08 12:30:00,NA,NA,NA
"FLUME",2026-01-08 12:45:00,NA,NA,NA
"FLUME",2026-01-08 13:00:00,NA,NA,NA
"FLUME",2026-01-08 13:15:00,NA,NA,NA
"FLUME",2026-01-08 13:30:00,NA,NA,NA
"FLUME",2026-01-08 13:45:00,NA,NA,NA
"FLUME",2026-01-08 14:00:00,NA,NA,NA
"FLUME",2026-01-08 14:15:00,NA,NA,NA
"FLUME",2026-01-08 14:30:00,NA,NA,NA
"FLUME",2026-01-08 14:45:00,NA,NA,NA
"FLUME",2026-01-08 15:00:00,NA,NA,NA
"FLUME",2026-01-08 15:15:00,NA,NA,NA
"FLUME",2026-01-08 15:30:00,NA,NA,NA
"FLUME",2026-01-08 15:45:00,NA,NA,NA
"FLUME",2026-01-08 16:00:00,NA,NA,NA
"FLUME",2026-01-08 16:15:00,NA,NA,NA
"FLUME",2026-01-08 16:30:00,NA,NA,NA
"FLUME",2026-01-08 16:45:00,NA,NA,NA
"FLUME",2026-01-08 17:00:00,NA,NA,NA
"FLUME",2026-01-08 17:15:00,NA,NA,NA
"FLUME",2026-01-08 17:30:00,NA,NA,NA
"FLUME",2026-01-08 17:45:00,NA,NA,NA
"FLUME",2026-01-08 18:00:00,NA,NA,NA
"FLUME",2026-01-08 18:15:00,NA,NA,NA
"FLUME",2026-01-08 18:30:00,NA,NA,NA
"FLUME",2026-01-08 18:45:00,NA,NA,NA
"FLUME",2026-01-08 19:00:00,NA,NA,NA
"FLUME",2026-01-08 19:15:00,NA,NA,NA
"FLUME",2026-01-08 19:30:00,NA,NA,NA
"FLUME",2026-01-08 19:45:00,NA,NA,NA
"FLUME",2026-01-08 20:00:00,NA,NA,NA
"FLUME",2026-01-08 20:15:00,NA,NA,NA
"FLUME",2026-01-08 20:30:00,NA,NA,NA
"FLUME",2026-01-08 20:45:00,NA,NA,NA
"FLUME",2026-01-08 21:00:00,NA,NA,NA
"FLUME",2026-01-08 21:15:00,NA,NA,NA
"FLUME",2026-01-08 21:30:00,NA,NA,NA
"FLUME",2026-01-08 21:45:00,NA,NA,NA
"FLUME",2026-01-08 22:00:00,NA,NA,NA
"FLUME",2026-01-08 22:15:00,NA,NA,NA
"FLUME",2026-01-08 22:30:00,NA,NA,NA
"FLUME",2026-01-08 22:45:00,NA,NA,NA
"FLUME",2026-01-08 23:00:00,NA,NA,NA
"FLUME",2026-01-08 23:15:00,NA,NA,NA
"FLUME",2026-01-08 23:30:00,NA,NA,NA
"FLUME",2026-01-08 23:45:00,NA,NA,NA
"FLUME",2026-01-09,NA,NA,NA
"FLUME",2026-01-09 00:15:00,NA,NA,NA
"FLUME",2026-01-09 00:30:00,NA,NA,NA
"FLUME",2026-01-09 00:45:00,NA,NA,NA
"FLUME",2026-01-09 01:00:00,NA,NA,NA
"FLUME",2026-01-09 01:15:00,NA,NA,NA
"FLUME",2026-01-09 01:30:00,NA,NA,NA
"FLUME",2026-01-09 01:45:00,NA,NA,NA
"FLUME",2026-01-09 02:00:00,NA,NA,NA
"FLUME",2026-01-09 02:15:00,NA,NA,NA
"FLUME",2026-01-09 02:30:00,NA,NA,NA
"FLUME",2026-01-09 02:45:00,NA,NA,NA
"FLUME",2026-01-09 03:00:00,NA,NA,NA
"FLUME",2026-01-09 03:15:00,NA,NA,NA
"FLUME",2026-01-09 03:30:00,NA,NA,NA
"FLUME",2026-01-09 03:45:00,NA,NA,NA
"FLUME",2026-01-09 04:00:00,NA,NA,NA
"FLUME",2026-01-09 04:15:00,NA,NA,NA
"FLUME",2026-01-09 04:30:00,NA,NA,NA
"FLUME",2026-01-09 04:45:00,NA,NA,NA
"FLUME",2026-01-09 05:00:00,NA,NA,NA
"FLUME",2026-01-09 05:15:00,NA,NA,NA
"FLUME",2026-01-09 05:30:00,NA,NA,NA
"FLUME",2026-01-09 05:45:00,NA,NA,NA
"FLUME",2026-01-09 06:00:00,NA,NA,NA
"FLUME",2026-01-09 06:15:00,NA,NA,NA
"FLUME",2026-01-09 06:30:00,NA,NA,NA
"FLUME",2026-01-09 06:45:00,NA,NA,NA
"FLUME",2026-01-09 07:00:00,NA,NA,NA
"FLUME",2026-01-09 07:15:00,NA,NA,NA
"FLUME",2026-01-09 07:30:00,NA,NA,NA
"FLUME",2026-01-09 07:45:00,NA,NA,NA
"FLUME",2026-01-09 08:00:00,NA,NA,NA
"FLUME",2026-01-09 08:15:00,NA,NA,NA
"FLUME",2026-01-09 08:30:00,NA,NA,NA
"FLUME",2026-01-09 08:45:00,NA,NA,NA
"FLUME",2026-01-09 09:00:00,NA,NA,NA
"FLUME",2026-01-09 09:15:00,NA,NA,NA
"FLUME",2026-01-09 09:30:00,NA,NA,NA
"FLUME",2026-01-09 09:45:00,NA,NA,NA
"FLUME",2026-01-09 10:00:00,NA,NA,NA
"FLUME",2026-01-09 10:15:00,NA,NA,NA
"FLUME",2026-01-09 10:30:00,NA,NA,NA
"FLUME",2026-01-09 10:45:00,NA,NA,NA
"FLUME",2026-01-09 11:00:00,NA,NA,NA
"FLUME",2026-01-09 11:15:00,NA,NA,NA
"FLUME",2026-01-09 11:30:00,NA,NA,NA
"FLUME",2026-01-09 11:45:00,NA,NA,NA
"FLUME",2026-01-09 12:00:00,NA,NA,NA
"FLUME",2026-01-09 12:15:00,NA,NA,NA
"FLUME",2026-01-09 12:30:00,NA,NA,NA
"FLUME",2026-01-09 12:45:00,NA,NA,NA
"FLUME",2026-01-09 13:00:00,NA,NA,NA
"FLUME",2026-01-09 13:15:00,NA,NA,NA
"FLUME",2026-01-09 13:30:00,NA,NA,NA
"FLUME",2026-01-09 13:45:00,NA,NA,NA
"FLUME",2026-01-09 14:00:00,NA,NA,NA
"FLUME",2026-01-09 14:15:00,NA,NA,NA
"FLUME",2026-01-09 14:30:00,NA,NA,NA
"FLUME",2026-01-09 14:45:00,NA,NA,NA
"FLUME",2026-01-09 15:00:00,NA,NA,NA
"FLUME",2026-01-09 15:15:00,NA,NA,NA
"FLUME",2026-01-09 15:30:00,NA,NA,NA
"FLUME",2026-01-09 15:45:00,NA,NA,NA
"FLUME",2026-01-09 16:00:00,NA,NA,NA
"FLUME",2026-01-09 16:15:00,NA,NA,NA
"FLUME",2026-01-09 16:30:00,NA,NA,NA
"FLUME",2026-01-09 16:45:00,NA,NA,NA
"FLUME",2026-01-09 17:00:00,NA,NA,NA
"FLUME",2026-01-09 17:15:00,NA,NA,NA
"FLUME",2026-01-09 17:30:00,NA,NA,NA
"FLUME",2026-01-09 17:45:00,NA,NA,NA
"FLUME",2026-01-09 18:00:00,NA,NA,NA
"FLUME",2026-01-09 18:15:00,NA,NA,NA
"FLUME",2026-01-09 18:30:00,NA,NA,NA
"FLUME",2026-01-09 18:45:00,NA,NA,NA
"FLUME",2026-01-09 19:00:00,NA,NA,NA
"FLUME",2026-01-09 19:15:00,NA,NA,NA
"FLUME",2026-01-09 19:30:00,NA,NA,NA
"FLUME",2026-01-09 19:45:00,NA,NA,NA
"FLUME",2026-01-09 20:00:00,NA,NA,NA
"FLUME",2026-01-09 20:15:00,NA,NA,NA
"FLUME",2026-01-09 20:30:00,NA,NA,NA
"FLUME",2026-01-09 20:45:00,NA,NA,NA
"FLUME",2026-01-09 21:00:00,NA,NA,NA
"FLUME",2026-01-09 21:15:00,NA,NA,NA
"FLUME",2026-01-09 21:30:00,NA,NA,NA
"FLUME",2026-01-09 21:45:00,NA,NA,NA
"FLUME",2026-01-09 22:00:00,NA,NA,NA
"FLUME",2026-01-09 22:15:00,NA,NA,NA
"FLUME",2026-01-09 22:30:00,NA,NA,NA
"FLUME",2026-01-09 22:45:00,NA,NA,NA
"FLUME",2026-01-09 23:00:00,NA,NA,NA
"FLUME",2026-01-09 23:15:00,NA,NA,NA
"FLUME",2026-01-09 23:30:00,NA,NA,NA
"FLUME",2026-01-09 23:45:00,NA,NA,NA
"FLUME",2026-01-10,NA,NA,NA
"FLUME",2026-01-10 00:15:00,NA,NA,NA
"FLUME",2026-01-10 00:30:00,NA,NA,NA
"FLUME",2026-01-10 00:45:00,NA,NA,NA
"FLUME",2026-01-10 01:00:00,NA,NA,NA
"FLUME",2026-01-10 01:15:00,NA,NA,NA
"FLUME",2026-01-10 01:30:00,NA,NA,NA
"FLUME",2026-01-10 01:45:00,NA,NA,NA
"FLUME",2026-01-10 02:00:00,NA,NA,NA
"FLUME",2026-01-10 02:15:00,NA,NA,NA
"FLUME",2026-01-10 02:30:00,NA,NA,NA
"FLUME",2026-01-10 02:45:00,NA,NA,NA
"FLUME",2026-01-10 03:00:00,NA,NA,NA
"FLUME",2026-01-10 03:15:00,NA,NA,NA
"FLUME",2026-01-10 03:30:00,NA,NA,NA
"FLUME",2026-01-10 03:45:00,NA,NA,NA
"FLUME",2026-01-10 04:00:00,NA,NA,NA
"FLUME",2026-01-10 04:15:00,NA,NA,NA
"FLUME",2026-01-10 04:30:00,NA,NA,NA
"FLUME",2026-01-10 04:45:00,NA,NA,NA
"FLUME",2026-01-10 05:00:00,NA,NA,NA
"FLUME",2026-01-10 05:15:00,NA,NA,NA
"FLUME",2026-01-10 05:30:00,NA,NA,NA
"FLUME",2026-01-10 05:45:00,NA,NA,NA
"FLUME",2026-01-10 06:00:00,NA,NA,NA
"FLUME",2026-01-10 06:15:00,NA,NA,NA
"FLUME",2026-01-10 06:30:00,NA,NA,NA
"FLUME",2026-01-10 06:45:00,NA,NA,NA
"FLUME",2026-01-10 07:00:00,NA,NA,NA
"FLUME",2026-01-10 07:15:00,NA,NA,NA
"FLUME",2026-01-10 07:30:00,NA,NA,NA
"FLUME",2026-01-10 07:45:00,NA,NA,NA
"FLUME",2026-01-10 08:00:00,NA,NA,NA
"FLUME",2026-01-10 08:15:00,NA,NA,NA
"FLUME",2026-01-10 08:30:00,NA,NA,NA
"FLUME",2026-01-10 08:45:00,NA,NA,NA
"FLUME",2026-01-10 09:00:00,NA,NA,NA
"FLUME",2026-01-10 09:15:00,NA,NA,NA
"FLUME",2026-01-10 09:30:00,NA,NA,NA
"FLUME",2026-01-10 09:45:00,NA,NA,NA
"FLUME",2026-01-10 10:00:00,NA,NA,NA
"FLUME",2026-01-10 10:15:00,NA,NA,NA
"FLUME",2026-01-10 10:30:00,NA,NA,NA
"FLUME",2026-01-10 10:45:00,NA,NA,NA
"FLUME",2026-01-10 11:00:00,NA,NA,NA
"FLUME",2026-01-10 11:15:00,NA,NA,NA
"FLUME",2026-01-10 11:30:00,NA,NA,NA
"FLUME",2026-01-10 11:45:00,NA,NA,NA
"FLUME",2026-01-10 12:00:00,NA,NA,NA
"FLUME",2026-01-10 12:15:00,NA,NA,NA
"FLUME",2026-01-10 12:30:00,NA,NA,NA
"FLUME",2026-01-10 12:45:00,NA,NA,NA
"FLUME",2026-01-10 13:00:00,NA,NA,NA
"FLUME",2026-01-10 13:15:00,NA,NA,NA
"FLUME",2026-01-10 13:30:00,NA,NA,NA
"FLUME",2026-01-10 13:45:00,NA,NA,NA
"FLUME",2026-01-10 14:00:00,NA,NA,NA
"FLUME",2026-01-10 14:15:00,NA,NA,NA
"FLUME",2026-01-10 14:30:00,NA,NA,NA
"FLUME",2026-01-10 14:45:00,NA,NA,NA
"FLUME",2026-01-10 15:00:00,NA,NA,NA
"FLUME",2026-01-10 15:15:00,NA,NA,NA
"FLUME",2026-01-10 15:30:00,NA,NA,NA
"FLUME",2026-01-10 15:45:00,NA,NA,NA
"FLUME",2026-01-10 16:00:00,NA,NA,NA
"FLUME",2026-01-10 16:15:00,NA,NA,NA
"FLUME",2026-01-10 16:30:00,NA,NA,NA
"FLUME",2026-01-10 16:45:00,NA,NA,NA
"FLUME",2026-01-10 17:00:00,NA,NA,NA
"FLUME",2026-01-10 17:15:00,NA,NA,NA
"FLUME",2026-01-10 17:30:00,NA,NA,NA
"FLUME",2026-01-10 17:45:00,NA,NA,NA
"FLUME",2026-01-10 18:00:00,NA,NA,NA
"FLUME",2026-01-10 18:15:00,NA,NA,NA
"FLUME",2026-01-10 18:30:00,NA,NA,NA
"FLUME",2026-01-10 18:45:00,NA,NA,NA
"FLUME",2026-01-10 19:00:00,NA,NA,NA
"FLUME",2026-01-10 19:15:00,NA,NA,NA
"FLUME",2026-01-10 19:30:00,NA,NA,NA
"FLUME",2026-01-10 19:45:00,NA,NA,NA
"FLUME",2026-01-10 20:00:00,NA,NA,NA
"FLUME",2026-01-10 20:15:00,NA,NA,NA
"FLUME",2026-01-10 20:30:00,NA,NA,NA
"FLUME",2026-01-10 20:45:00,NA,NA,NA
"FLUME",2026-01-10 21:00:00,NA,NA,NA
"FLUME",2026-01-10 21:15:00,NA,NA,NA
"FLUME",2026-01-10 21:30:00,NA,NA,NA
"FLUME",2026-01-10 21:45:00,NA,NA,NA
"FLUME",2026-01-10 22:00:00,NA,NA,NA
"FLUME",2026-01-10 22:15:00,NA,NA,NA
"FLUME",2026-01-10 22:30:00,NA,NA,NA
"FLUME",2026-01-10 22:45:00,NA,NA,NA
"FLUME",2026-01-10 23:00:00,NA,NA,NA
"FLUME",2026-01-10 23:15:00,NA,NA,NA
"FLUME",2026-01-10 23:30:00,NA,NA,NA
"FLUME",2026-01-10 23:45:00,NA,NA,NA
"FLUME",2026-01-11,NA,NA,NA
"FLUME",2026-01-11 00:15:00,NA,NA,NA
"FLUME",2026-01-11 00:30:00,NA,NA,NA
"FLUME",2026-01-11 00:45:00,NA,NA,NA
"FLUME",2026-01-11 01:00:00,NA,NA,NA
"FLUME",2026-01-11 01:15:00,NA,NA,NA
"FLUME",2026-01-11 01:30:00,NA,NA,NA
"FLUME",2026-01-11 01:45:00,NA,NA,NA
"FLUME",2026-01-11 02:00:00,NA,NA,NA
"FLUME",2026-01-11 02:15:00,NA,NA,NA
"FLUME",2026-01-11 02:30:00,NA,NA,NA
"FLUME",2026-01-11 02:45:00,NA,NA,NA
"FLUME",2026-01-11 03:00:00,NA,NA,NA
"FLUME",2026-01-11 03:15:00,NA,NA,NA
"FLUME",2026-01-11 03:30:00,NA,NA,NA
"FLUME",2026-01-11 03:45:00,NA,NA,NA
"FLUME",2026-01-11 04:00:00,NA,NA,NA
"FLUME",2026-01-11 04:15:00,NA,NA,NA
"FLUME",2026-01-11 04:30:00,NA,NA,NA
"FLUME",2026-01-11 04:45:00,NA,NA,NA
"FLUME",2026-01-11 05:00:00,NA,NA,NA
"FLUME",2026-01-11 05:15:00,NA,NA,NA
"FLUME",2026-01-11 05:30:00,NA,NA,NA
"FLUME",2026-01-11 05:45:00,NA,NA,NA
"FLUME",2026-01-11 06:00:00,NA,NA,NA
"FLUME",2026-01-11 06:15:00,NA,NA,NA
"FLUME",2026-01-11 06:30:00,NA,NA,NA
"FLUME",2026-01-11 06:45:00,NA,NA,NA
"FLUME",2026-01-11 07:00:00,NA,NA,NA
"FLUME",2026-01-11 07:15:00,NA,NA,NA
"FLUME",2026-01-11 07:30:00,NA,NA,NA
"FLUME",2026-01-11 07:45:00,NA,NA,NA
"FLUME",2026-01-11 08:00:00,NA,NA,NA
"FLUME",2026-01-11 08:15:00,NA,NA,NA
"FLUME",2026-01-11 08:30:00,NA,NA,NA
"FLUME",2026-01-11 08:45:00,NA,NA,NA
"FLUME",2026-01-11 09:00:00,NA,NA,NA
"FLUME",2026-01-11 09:15:00,NA,NA,NA
"FLUME",2026-01-11 09:30:00,NA,NA,NA
"FLUME",2026-01-11 09:45:00,NA,NA,NA
"FLUME",2026-01-11 10:00:00,NA,NA,NA
"FLUME",2026-01-11 10:15:00,NA,NA,NA
"FLUME",2026-01-11 10:30:00,NA,NA,NA
"FLUME",2026-01-11 10:45:00,NA,NA,NA
"FLUME",2026-01-11 11:00:00,NA,NA,NA
"FLUME",2026-01-11 11:15:00,NA,NA,NA
"FLUME",2026-01-11 11:30:00,NA,NA,NA
"FLUME",2026-01-11 11:45:00,NA,NA,NA
"FLUME",2026-01-11 12:00:00,NA,NA,NA
"FLUME",2026-01-11 12:15:00,NA,NA,NA
"FLUME",2026-01-11 12:30:00,NA,NA,NA
"FLUME",2026-01-11 12:45:00,NA,NA,NA
"FLUME",2026-01-11 13:00:00,NA,NA,NA
"FLUME",2026-01-11 13:15:00,NA,NA,NA
"FLUME",2026-01-11 13:30:00,NA,NA,NA
"FLUME",2026-01-11 13:45:00,NA,NA,NA
"FLUME",2026-01-11 14:00:00,NA,NA,NA
"FLUME",2026-01-11 14:15:00,NA,NA,NA
"FLUME",2026-01-11 14:30:00,NA,NA,NA
"FLUME",2026-01-11 14:45:00,NA,NA,NA
"FLUME",2026-01-11 15:00:00,NA,NA,NA
"FLUME",2026-01-11 15:15:00,NA,NA,NA
"FLUME",2026-01-11 15:30:00,NA,NA,NA
"FLUME",2026-01-11 15:45:00,NA,NA,NA
"FLUME",2026-01-11 16:00:00,NA,NA,NA
"FLUME",2026-01-11 16:15:00,NA,NA,NA
"FLUME",2026-01-11 16:30:00,NA,NA,NA
"FLUME",2026-01-11 16:45:00,NA,NA,NA
"FLUME",2026-01-11 17:00:00,NA,NA,NA
"FLUME",2026-01-11 17:15:00,NA,NA,NA
"FLUME",2026-01-11 17:30:00,NA,NA,NA
"FLUME",2026-01-11 17:45:00,NA,NA,NA
"FLUME",2026-01-11 18:00:00,NA,NA,NA
"FLUME",2026-01-11 18:15:00,NA,NA,NA
"FLUME",2026-01-11 18:30:00,NA,NA,NA
"FLUME",2026-01-11 18:45:00,NA,NA,NA
"FLUME",2026-01-11 19:00:00,NA,NA,NA
"FLUME",2026-01-11 19:15:00,NA,NA,NA
"FLUME",2026-01-11 19:30:00,NA,NA,NA
"FLUME",2026-01-11 19:45:00,NA,NA,NA
"FLUME",2026-01-11 20:00:00,NA,NA,NA
"FLUME",2026-01-11 20:15:00,NA,NA,NA
"FLUME",2026-01-11 20:30:00,NA,NA,NA
"FLUME",2026-01-11 20:45:00,NA,NA,NA
"FLUME",2026-01-11 21:00:00,NA,NA,NA
"FLUME",2026-01-11 21:15:00,NA,NA,NA
"FLUME",2026-01-11 21:30:00,NA,NA,NA
"FLUME",2026-01-11 21:45:00,NA,NA,NA
"FLUME",2026-01-11 22:00:00,NA,NA,NA
"FLUME",2026-01-11 22:15:00,NA,NA,NA
"FLUME",2026-01-11 22:30:00,NA,NA,NA
"FLUME",2026-01-11 22:45:00,NA,NA,NA
"FLUME",2026-01-11 23:00:00,NA,NA,NA
"FLUME",2026-01-11 23:15:00,NA,NA,NA
"FLUME",2026-01-11 23:30:00,NA,NA,NA
"FLUME",2026-01-11 23:45:00,NA,NA,NA
"FLUME",2026-01-12,NA,NA,NA
"FLUME",2026-01-12 00:15:00,NA,NA,NA
"FLUME",2026-01-12 00:30:00,NA,NA,NA
"FLUME",2026-01-12 00:45:00,NA,NA,NA
"FLUME",2026-01-12 01:00:00,NA,NA,NA
"FLUME",2026-01-12 01:15:00,NA,NA,NA
"FLUME",2026-01-12 01:30:00,NA,NA,NA
"FLUME",2026-01-12 01:45:00,NA,NA,NA
"FLUME",2026-01-12 02:00:00,NA,NA,NA
"FLUME",2026-01-12 02:15:00,NA,NA,NA
"FLUME",2026-01-12 02:30:00,NA,NA,NA
"FLUME",2026-01-12 02:45:00,NA,NA,NA
"FLUME",2026-01-12 03:00:00,NA,NA,NA
"FLUME",2026-01-12 03:15:00,NA,NA,NA
"FLUME",2026-01-12 03:30:00,NA,NA,NA
"FLUME",2026-01-12 03:45:00,NA,NA,NA
"FLUME",2026-01-12 04:00:00,NA,NA,NA
"FLUME",2026-01-12 04:15:00,NA,NA,NA
"FLUME",2026-01-12 04:30:00,NA,NA,NA
"FLUME",2026-01-12 04:45:00,NA,NA,NA
"FLUME",2026-01-12 05:00:00,NA,NA,NA
"FLUME",2026-01-12 05:15:00,NA,NA,NA
"FLUME",2026-01-12 05:30:00,NA,NA,NA
"FLUME",2026-01-12 05:45:00,NA,NA,NA
"FLUME",2026-01-12 06:00:00,NA,NA,NA
"FLUME",2026-01-12 06:15:00,NA,NA,NA
"FLUME",2026-01-12 06:30:00,NA,NA,NA
"FLUME",2026-01-12 06:45:00,NA,NA,NA
"FLUME",2026-01-12 07:00:00,NA,NA,NA
"FLUME",2026-01-12 07:15:00,NA,NA,NA
"FLUME",2026-01-12 07:30:00,NA,NA,NA
"FLUME",2026-01-12 07:45:00,NA,NA,NA
"FLUME",2026-01-12 08:00:00,NA,NA,NA
"FLUME",2026-01-12 08:15:00,NA,NA,NA
"FLUME",2026-01-12 08:30:00,NA,NA,NA
"FLUME",2026-01-12 08:45:00,NA,NA,NA
"FLUME",2026-01-12 09:00:00,NA,NA,NA
"FLUME",2026-01-12 09:15:00,NA,NA,NA
"FLUME",2026-01-12 09:30:00,NA,NA,NA
"FLUME",2026-01-12 09:45:00,NA,NA,NA
"FLUME",2026-01-12 10:00:00,NA,NA,NA
"FLUME",2026-01-12 10:15:00,NA,NA,NA
"FLUME",2026-01-12 10:30:00,NA,NA,NA
"FLUME",2026-01-12 10:45:00,NA,NA,NA
"FLUME",2026-01-12 11:00:00,NA,NA,NA
"FLUME",2026-01-12 11:15:00,NA,NA,NA
"FLUME",2026-01-12 11:30:00,NA,NA,NA
"FLUME",2026-01-12 11:45:00,NA,NA,NA
"FLUME",2026-01-12 12:00:00,NA,NA,NA
"FLUME",2026-01-12 12:15:00,NA,NA,NA
"FLUME",2026-01-12 12:30:00,NA,NA,NA
"FLUME",2026-01-12 12:45:00,NA,NA,NA
"FLUME",2026-01-12 13:00:00,NA,NA,NA
"FLUME",2026-01-12 13:15:00,NA,NA,NA
"FLUME",2026-01-12 13:30:00,NA,NA,NA
"FLUME",2026-01-12 13:45:00,NA,NA,NA
"FLUME",2026-01-12 14:00:00,NA,NA,NA
"FLUME",2026-01-12 14:15:00,NA,NA,NA
"FLUME",2026-01-12 14:30:00,NA,NA,NA
"FLUME",2026-01-12 14:45:00,NA,NA,NA
"FLUME",2026-01-12 15:00:00,NA,NA,NA
"FLUME",2026-01-12 15:15:00,NA,NA,NA
"FLUME",2026-01-12 15:30:00,NA,NA,NA
"FLUME",2026-01-12 15:45:00,NA,NA,NA
"FLUME",2026-01-12 16:00:00,NA,NA,NA
"FLUME",2026-01-12 16:15:00,NA,NA,NA
"FLUME",2026-01-12 16:30:00,NA,NA,NA
"FLUME",2026-01-12 16:45:00,NA,NA,NA
"FLUME",2026-01-12 17:00:00,NA,NA,NA
"FLUME",2026-01-12 17:15:00,NA,NA,NA
"FLUME",2026-01-12 17:30:00,NA,NA,NA
"FLUME",2026-01-12 17:45:00,NA,NA,NA
"FLUME",2026-01-12 18:00:00,NA,NA,NA
"FLUME",2026-01-12 18:15:00,NA,NA,NA
"FLUME",2026-01-12 18:30:00,NA,NA,NA
"FLUME",2026-01-12 18:45:00,NA,NA,NA
"FLUME",2026-01-12 19:00:00,NA,NA,NA
"FLUME",2026-01-12 19:15:00,NA,NA,NA
"FLUME",2026-01-12 19:30:00,NA,NA,NA
"FLUME",2026-01-12 19:45:00,NA,NA,NA
"FLUME",2026-01-12 20:00:00,NA,NA,NA
"FLUME",2026-01-12 20:15:00,NA,NA,NA
"FLUME",2026-01-12 20:30:00,NA,NA,NA
"FLUME",2026-01-12 20:45:00,NA,NA,NA
"FLUME",2026-01-12 21:00:00,NA,NA,NA
"FLUME",2026-01-12 21:15:00,NA,NA,NA
"FLUME",2026-01-12 21:30:00,NA,NA,NA
"FLUME",2026-01-12 21:45:00,NA,NA,NA
"FLUME",2026-01-12 22:00:00,NA,NA,NA
"FLUME",2026-01-12 22:15:00,NA,NA,NA
"FLUME",2026-01-12 22:30:00,NA,NA,NA
"FLUME",2026-01-12 22:45:00,NA,NA,NA
"FLUME",2026-01-12 23:00:00,NA,NA,NA
"FLUME",2026-01-12 23:15:00,NA,NA,NA
"FLUME",2026-01-12 23:30:00,NA,NA,NA
"FLUME",2026-01-12 23:45:00,NA,NA,NA
"FLUME",2026-01-13,NA,NA,NA
"FLUME",2026-01-13 00:15:00,NA,NA,NA
"FLUME",2026-01-13 00:30:00,NA,NA,NA
"FLUME",2026-01-13 00:45:00,NA,NA,NA
"FLUME",2026-01-13 01:00:00,NA,NA,NA
"FLUME",2026-01-13 01:15:00,NA,NA,NA
"FLUME",2026-01-13 01:30:00,NA,NA,NA
"FLUME",2026-01-13 01:45:00,NA,NA,NA
"FLUME",2026-01-13 02:00:00,NA,NA,NA
"FLUME",2026-01-13 02:15:00,NA,NA,NA
"FLUME",2026-01-13 02:30:00,NA,NA,NA
"FLUME",2026-01-13 02:45:00,NA,NA,NA
"FLUME",2026-01-13 03:00:00,NA,NA,NA
"FLUME",2026-01-13 03:15:00,NA,NA,NA
"FLUME",2026-01-13 03:30:00,NA,NA,NA
"FLUME",2026-01-13 03:45:00,NA,NA,NA
"FLUME",2026-01-13 04:00:00,NA,NA,NA
"FLUME",2026-01-13 04:15:00,NA,NA,NA
"FLUME",2026-01-13 04:30:00,NA,NA,NA
"FLUME",2026-01-13 04:45:00,NA,NA,NA
"FLUME",2026-01-13 05:00:00,NA,NA,NA
"FLUME",2026-01-13 05:15:00,NA,NA,NA
"FLUME",2026-01-13 05:30:00,NA,NA,NA
"FLUME",2026-01-13 05:45:00,NA,NA,NA
"FLUME",2026-01-13 06:00:00,NA,NA,NA
"FLUME",2026-01-13 06:15:00,NA,NA,NA
"FLUME",2026-01-13 06:30:00,NA,NA,NA
"FLUME",2026-01-13 06:45:00,NA,NA,NA
"FLUME",2026-01-13 07:00:00,NA,NA,NA
"FLUME",2026-01-13 07:15:00,NA,NA,NA
"FLUME",2026-01-13 07:30:00,NA,NA,NA
"FLUME",2026-01-13 07:45:00,NA,NA,NA
"FLUME",2026-01-13 08:00:00,NA,NA,NA
"FLUME",2026-01-13 08:15:00,NA,NA,NA
"FLUME",2026-01-13 08:30:00,NA,NA,NA
"FLUME",2026-01-13 08:45:00,NA,NA,NA
"FLUME",2026-01-13 09:00:00,NA,NA,NA
"FLUME",2026-01-13 09:15:00,NA,NA,NA
"FLUME",2026-01-13 09:30:00,NA,NA,NA
"FLUME",2026-01-13 09:45:00,NA,NA,NA
"FLUME",2026-01-13 10:00:00,NA,NA,NA
"FLUME",2026-01-13 10:15:00,NA,NA,NA
"FLUME",2026-01-13 10:30:00,NA,NA,NA
"FLUME",2026-01-13 10:45:00,NA,NA,NA
"FLUME",2026-01-13 11:00:00,NA,NA,NA
"FLUME",2026-01-13 11:15:00,NA,NA,NA
"FLUME",2026-01-13 11:30:00,NA,NA,NA
"FLUME",2026-01-13 11:45:00,NA,NA,NA
"FLUME",2026-01-13 12:00:00,NA,NA,NA
"FLUME",2026-01-13 12:15:00,NA,NA,NA
"FLUME",2026-01-13 12:30:00,NA,NA,NA
"FLUME",2026-01-13 12:45:00,NA,NA,NA
"FLUME",2026-01-13 13:00:00,NA,NA,NA
"FLUME",2026-01-13 13:15:00,NA,NA,NA
"FLUME",2026-01-13 13:30:00,NA,NA,NA
"FLUME",2026-01-13 13:45:00,NA,NA,NA
"FLUME",2026-01-13 14:00:00,NA,NA,NA
"FLUME",2026-01-13 14:15:00,NA,NA,NA
"FLUME",2026-01-13 14:30:00,NA,NA,NA
"FLUME",2026-01-13 14:45:00,NA,NA,NA
"FLUME",2026-01-13 15:00:00,NA,NA,NA
"FLUME",2026-01-13 15:15:00,NA,NA,NA
"FLUME",2026-01-13 15:30:00,NA,NA,NA
"FLUME",2026-01-13 15:45:00,NA,NA,NA
"FLUME",2026-01-13 16:00:00,NA,NA,NA
"FLUME",2026-01-13 16:15:00,NA,NA,NA
"FLUME",2026-01-13 16:30:00,NA,NA,NA
"FLUME",2026-01-13 16:45:00,NA,NA,NA
"FLUME",2026-01-13 17:00:00,NA,NA,NA
"FLUME",2026-01-13 17:15:00,NA,NA,NA
"FLUME",2026-01-13 17:30:00,NA,NA,NA
"FLUME",2026-01-13 17:45:00,NA,NA,NA
"FLUME",2026-01-13 18:00:00,NA,NA,NA
"FLUME",2026-01-13 18:15:00,NA,NA,NA
"FLUME",2026-01-13 18:30:00,NA,NA,NA
"FLUME",2026-01-13 18:45:00,NA,NA,NA
"FLUME",2026-01-13 19:00:00,NA,NA,NA
"FLUME",2026-01-13 19:15:00,NA,NA,NA
"FLUME",2026-01-13 19:30:00,NA,NA,NA
"FLUME",2026-01-13 19:45:00,NA,NA,NA
"FLUME",2026-01-13 20:00:00,NA,NA,NA
"FLUME",2026-01-13 20:15:00,NA,NA,NA
"FLUME",2026-01-13 20:30:00,NA,NA,NA
"FLUME",2026-01-13 20:45:00,NA,NA,NA
"FLUME",2026-01-13 21:00:00,NA,NA,NA
"FLUME",2026-01-13 21:15:00,NA,NA,NA
"FLUME",2026-01-13 21:30:00,NA,NA,NA
"FLUME",2026-01-13 21:45:00,NA,NA,NA
"FLUME",2026-01-13 22:00:00,NA,NA,NA
"FLUME",2026-01-13 22:15:00,NA,NA,NA
"FLUME",2026-01-13 22:30:00,NA,NA,NA
"FLUME",2026-01-13 22:45:00,NA,NA,NA
"FLUME",2026-01-13 23:00:00,NA,NA,NA
"FLUME",2026-01-13 23:15:00,NA,NA,NA
"FLUME",2026-01-13 23:30:00,NA,NA,NA
"FLUME",2026-01-13 23:45:00,NA,NA,NA
"FLUME",2026-01-14,NA,NA,NA
"FLUME",2026-01-14 00:15:00,NA,NA,NA
"FLUME",2026-01-14 00:30:00,NA,NA,NA
"FLUME",2026-01-14 00:45:00,NA,NA,NA
"FLUME",2026-01-14 01:00:00,NA,NA,NA
"FLUME",2026-01-14 01:15:00,NA,NA,NA
"FLUME",2026-01-14 01:30:00,NA,NA,NA
"FLUME",2026-01-14 01:45:00,NA,NA,NA
"FLUME",2026-01-14 02:00:00,NA,NA,NA
"FLUME",2026-01-14 02:15:00,NA,NA,NA
"FLUME",2026-01-14 02:30:00,NA,NA,NA
"FLUME",2026-01-14 02:45:00,NA,NA,NA
"FLUME",2026-01-14 03:00:00,NA,NA,NA
"FLUME",2026-01-14 03:15:00,NA,NA,NA
"FLUME",2026-01-14 03:30:00,NA,NA,NA
"FLUME",2026-01-14 03:45:00,NA,NA,NA
"FLUME",2026-01-14 04:00:00,NA,NA,NA
"FLUME",2026-01-14 04:15:00,NA,NA,NA
"FLUME",2026-01-14 04:30:00,NA,NA,NA
"FLUME",2026-01-14 04:45:00,NA,NA,NA
"FLUME",2026-01-14 05:00:00,NA,NA,NA
"FLUME",2026-01-14 05:15:00,NA,NA,NA
"FLUME",2026-01-14 05:30:00,NA,NA,NA
"FLUME",2026-01-14 05:45:00,NA,NA,NA
"FLUME",2026-01-14 06:00:00,NA,NA,NA
"FLUME",2026-01-14 06:15:00,NA,NA,NA
"FLUME",2026-01-14 06:30:00,NA,NA,NA
"FLUME",2026-01-14 06:45:00,NA,NA,NA
"FLUME",2026-01-14 07:00:00,NA,NA,NA
"FLUME",2026-01-14 07:15:00,NA,NA,NA
"FLUME",2026-01-14 07:30:00,NA,NA,NA
"FLUME",2026-01-14 07:45:00,NA,NA,NA
"FLUME",2026-01-14 08:00:00,NA,NA,NA
"FLUME",2026-01-14 08:15:00,NA,NA,NA
"FLUME",2026-01-14 08:30:00,NA,NA,NA
"FLUME",2026-01-14 08:45:00,NA,NA,NA
"FLUME",2026-01-14 09:00:00,NA,NA,NA
"FLUME",2026-01-14 09:15:00,NA,NA,NA
"FLUME",2026-01-14 09:30:00,NA,NA,NA
"FLUME",2026-01-14 09:45:00,NA,NA,NA
"FLUME",2026-01-14 10:00:00,NA,NA,NA
"FLUME",2026-01-14 10:15:00,NA,NA,NA
"FLUME",2026-01-14 10:30:00,NA,NA,NA
"FLUME",2026-01-14 10:45:00,NA,NA,NA
"FLUME",2026-01-14 11:00:00,NA,NA,NA
"FLUME",2026-01-14 11:15:00,NA,NA,NA
"FLUME",2026-01-14 11:30:00,NA,NA,NA
"FLUME",2026-01-14 11:45:00,NA,NA,NA
"FLUME",2026-01-14 12:00:00,NA,NA,NA
"FLUME",2026-01-14 12:15:00,NA,NA,NA
"FLUME",2026-01-14 12:30:00,NA,NA,NA
"FLUME",2026-01-14 12:45:00,NA,NA,NA
"FLUME",2026-01-14 13:00:00,NA,NA,NA
"FLUME",2026-01-14 13:15:00,NA,NA,NA
"FLUME",2026-01-14 13:30:00,NA,NA,NA
"FLUME",2026-01-14 13:45:00,NA,NA,NA
"FLUME",2026-01-14 14:00:00,NA,NA,NA
"FLUME",2026-01-14 14:15:00,NA,NA,NA
"FLUME",2026-01-14 14:30:00,NA,NA,NA
"FLUME",2026-01-14 14:45:00,NA,NA,NA
"FLUME",2026-01-14 15:00:00,NA,NA,NA
"FLUME",2026-01-14 15:15:00,NA,NA,NA
"FLUME",2026-01-14 15:30:00,NA,NA,NA
"FLUME",2026-01-14 15:45:00,NA,NA,NA
"FLUME",2026-01-14 16:00:00,NA,NA,NA
"FLUME",2026-01-14 16:15:00,NA,NA,NA
"FLUME",2026-01-14 16:30:00,NA,NA,NA
"FLUME",2026-01-14 16:45:00,NA,NA,NA
"FLUME",2026-01-14 17:00:00,NA,NA,NA
"FLUME",2026-01-14 17:15:00,NA,NA,NA
"FLUME",2026-01-14 17:30:00,NA,NA,NA
"FLUME",2026-01-14 17:45:00,NA,NA,NA
"FLUME",2026-01-14 18:00:00,NA,NA,NA
"FLUME",2026-01-14 18:15:00,NA,NA,NA
"FLUME",2026-01-14 18:30:00,NA,NA,NA
"FLUME",2026-01-14 18:45:00,NA,NA,NA
"FLUME",2026-01-14 19:00:00,NA,NA,NA
"FLUME",2026-01-14 19:15:00,NA,NA,NA
"FLUME",2026-01-14 19:30:00,NA,NA,NA
"FLUME",2026-01-14 19:45:00,NA,NA,NA
"FLUME",2026-01-14 20:00:00,NA,NA,NA
"FLUME",2026-01-14 20:15:00,NA,NA,NA
"FLUME",2026-01-14 20:30:00,NA,NA,NA
"FLUME",2026-01-14 20:45:00,NA,NA,NA
"FLUME",2026-01-14 21:00:00,NA,NA,NA
"FLUME",2026-01-14 21:15:00,NA,NA,NA
"FLUME",2026-01-14 21:30:00,NA,NA,NA
"FLUME",2026-01-14 21:45:00,NA,NA,NA
"FLUME",2026-01-14 22:00:00,NA,NA,NA
"FLUME",2026-01-14 22:15:00,NA,NA,NA
"FLUME",2026-01-14 22:30:00,NA,NA,NA
"FLUME",2026-01-14 22:45:00,NA,NA,NA
"FLUME",2026-01-14 23:00:00,NA,NA,NA
"FLUME",2026-01-14 23:15:00,NA,NA,NA
"FLUME",2026-01-14 23:30:00,NA,NA,NA
"FLUME",2026-01-14 23:45:00,NA,NA,NA
"FLUME",2026-01-15,NA,NA,NA
"FLUME",2026-01-15 00:15:00,NA,NA,NA
"FLUME",2026-01-15 00:30:00,NA,NA,NA
"FLUME",2026-01-15 00:45:00,NA,NA,NA
"FLUME",2026-01-15 01:00:00,NA,NA,NA
"FLUME",2026-01-15 01:15:00,NA,NA,NA
"FLUME",2026-01-15 01:30:00,NA,NA,NA
"FLUME",2026-01-15 01:45:00,NA,NA,NA
"FLUME",2026-01-15 02:00:00,NA,NA,NA
"FLUME",2026-01-15 02:15:00,NA,NA,NA
"FLUME",2026-01-15 02:30:00,NA,NA,NA
"FLUME",2026-01-15 02:45:00,NA,NA,NA
"FLUME",2026-01-15 03:00:00,NA,NA,NA
"FLUME",2026-01-15 03:15:00,NA,NA,NA
"FLUME",2026-01-15 03:30:00,NA,NA,NA
"FLUME",2026-01-15 03:45:00,NA,NA,NA
"FLUME",2026-01-15 04:00:00,NA,NA,NA
"FLUME",2026-01-15 04:15:00,NA,NA,NA
"FLUME",2026-01-15 04:30:00,NA,NA,NA
"FLUME",2026-01-15 04:45:00,NA,NA,NA
"FLUME",2026-01-15 05:00:00,NA,NA,NA
"FLUME",2026-01-15 05:15:00,NA,NA,NA
"FLUME",2026-01-15 05:30:00,NA,NA,NA
"FLUME",2026-01-15 05:45:00,NA,NA,NA
"FLUME",2026-01-15 06:00:00,NA,NA,NA
"FLUME",2026-01-15 06:15:00,NA,NA,NA
"FLUME",2026-01-15 06:30:00,NA,NA,NA
"FLUME",2026-01-15 06:45:00,NA,NA,NA
"FLUME",2026-01-15 07:00:00,NA,NA,NA
"FLUME",2026-01-15 07:15:00,NA,NA,NA
"FLUME",2026-01-15 07:30:00,NA,NA,NA
"FLUME",2026-01-15 07:45:00,NA,NA,NA
"FLUME",2026-01-15 08:00:00,NA,NA,NA
"FLUME",2026-01-15 08:15:00,NA,NA,NA
"FLUME",2026-01-15 08:30:00,NA,NA,NA
"FLUME",2026-01-15 08:45:00,NA,NA,NA
"FLUME",2026-01-15 09:00:00,NA,NA,NA
"FLUME",2026-01-15 09:15:00,NA,NA,NA
"FLUME",2026-01-15 09:30:00,NA,NA,NA
"FLUME",2026-01-15 09:45:00,NA,NA,NA
"FLUME",2026-01-15 10:00:00,NA,NA,NA
"FLUME",2026-01-15 10:15:00,NA,NA,NA
"FLUME",2026-01-15 10:30:00,NA,NA,NA
"FLUME",2026-01-15 10:45:00,NA,NA,NA
"FLUME",2026-01-15 11:00:00,NA,NA,NA
"FLUME",2026-01-15 11:15:00,NA,NA,NA
"FLUME",2026-01-15 11:30:00,NA,NA,NA
"FLUME",2026-01-15 11:45:00,NA,NA,NA
"FLUME",2026-01-15 12:00:00,NA,NA,NA
"FLUME",2026-01-15 12:15:00,NA,NA,NA
"FLUME",2026-01-15 12:30:00,NA,NA,NA
"FLUME",2026-01-15 12:45:00,NA,NA,NA
"FLUME",2026-01-15 13:00:00,NA,NA,NA
"FLUME",2026-01-15 13:15:00,NA,NA,NA
"FLUME",2026-01-15 13:30:00,NA,NA,NA
"FLUME",2026-01-15 13:45:00,NA,NA,NA
"FLUME",2026-01-15 14:00:00,NA,NA,NA
"FLUME",2026-01-15 14:15:00,NA,NA,NA
"FLUME",2026-01-15 14:30:00,NA,NA,NA
"FLUME",2026-01-15 14:45:00,NA,NA,NA
"FLUME",2026-01-15 15:00:00,NA,NA,NA
"FLUME",2026-01-15 15:15:00,NA,NA,NA
"FLUME",2026-01-15 15:30:00,NA,NA,NA
"FLUME",2026-01-15 15:45:00,NA,NA,NA
"FLUME",2026-01-15 16:00:00,NA,NA,NA
"FLUME",2026-01-15 16:15:00,NA,NA,NA
"FLUME",2026-01-15 16:30:00,NA,NA,NA
"FLUME",2026-01-15 16:45:00,NA,NA,NA
"FLUME",2026-01-15 17:00:00,NA,NA,NA
"FLUME",2026-01-15 17:15:00,NA,NA,NA
"FLUME",2026-01-15 17:30:00,NA,NA,NA
"FLUME",2026-01-15 17:45:00,NA,NA,NA
"FLUME",2026-01-15 18:00:00,NA,NA,NA
"FLUME",2026-01-15 18:15:00,NA,NA,NA
"FLUME",2026-01-15 18:30:00,NA,NA,NA
"FLUME",2026-01-15 18:45:00,NA,NA,NA
"FLUME",2026-01-15 19:00:00,NA,NA,NA
"FLUME",2026-01-15 19:15:00,NA,NA,NA
"FLUME",2026-01-15 19:30:00,NA,NA,NA
"FLUME",2026-01-15 19:45:00,NA,NA,NA
"FLUME",2026-01-15 20:00:00,NA,NA,NA
"FLUME",2026-01-15 20:15:00,NA,NA,NA
"FLUME",2026-01-15 20:30:00,NA,NA,NA
"FLUME",2026-01-15 20:45:00,NA,NA,NA
"FLUME",2026-01-15 21:00:00,NA,NA,NA
"FLUME",2026-01-15 21:15:00,NA,NA,NA
"FLUME",2026-01-15 21:30:00,NA,NA,NA
"FLUME",2026-01-15 21:45:00,NA,NA,NA
"FLUME",2026-01-15 22:00:00,NA,NA,NA
"FLUME",2026-01-15 22:15:00,NA,NA,NA
"FLUME",2026-01-15 22:30:00,NA,NA,NA
"FLUME",2026-01-15 22:45:00,NA,NA,NA
"FLUME",2026-01-15 23:00:00,NA,NA,NA
"FLUME",2026-01-15 23:15:00,NA,NA,NA
"FLUME",2026-01-15 23:30:00,NA,NA,NA
"FLUME",2026-01-15 23:45:00,NA,NA,NA
"FLUME",2026-01-16,NA,NA,NA
"FLUME",2026-01-16 00:15:00,NA,NA,NA
"FLUME",2026-01-16 00:30:00,NA,NA,NA
"FLUME",2026-01-16 00:45:00,NA,NA,NA
"FLUME",2026-01-16 01:00:00,NA,NA,NA
"FLUME",2026-01-16 01:15:00,NA,NA,NA
"FLUME",2026-01-16 01:30:00,NA,NA,NA
"FLUME",2026-01-16 01:45:00,NA,NA,NA
"FLUME",2026-01-16 02:00:00,NA,NA,NA
"FLUME",2026-01-16 02:15:00,NA,NA,NA
"FLUME",2026-01-16 02:30:00,NA,NA,NA
"FLUME",2026-01-16 02:45:00,NA,NA,NA
"FLUME",2026-01-16 03:00:00,NA,NA,NA
"FLUME",2026-01-16 03:15:00,NA,NA,NA
"FLUME",2026-01-16 03:30:00,NA,NA,NA
"FLUME",2026-01-16 03:45:00,NA,NA,NA
"FLUME",2026-01-16 04:00:00,NA,NA,NA
"FLUME",2026-01-16 04:15:00,NA,NA,NA
"FLUME",2026-01-16 04:30:00,NA,NA,NA
"FLUME",2026-01-16 04:45:00,NA,NA,NA
"FLUME",2026-01-16 05:00:00,NA,NA,NA
"FLUME",2026-01-16 05:15:00,NA,NA,NA
"FLUME",2026-01-16 05:30:00,NA,NA,NA
"FLUME",2026-01-16 05:45:00,NA,NA,NA
"FLUME",2026-01-16 06:00:00,NA,NA,NA
"FLUME",2026-01-16 06:15:00,NA,NA,NA
"FLUME",2026-01-16 06:30:00,NA,NA,NA
"FLUME",2026-01-16 06:45:00,NA,NA,NA
"FLUME",2026-01-16 07:00:00,NA,NA,NA
"FLUME",2026-01-16 07:15:00,NA,NA,NA
"FLUME",2026-01-16 07:30:00,NA,NA,NA
"FLUME",2026-01-16 07:45:00,NA,NA,NA
"FLUME",2026-01-16 08:00:00,NA,NA,NA
"FLUME",2026-01-16 08:15:00,NA,NA,NA
"FLUME",2026-01-16 08:30:00,NA,NA,NA
"FLUME",2026-01-16 08:45:00,NA,NA,NA
"FLUME",2026-01-16 09:00:00,NA,NA,NA
"FLUME",2026-01-16 09:15:00,NA,NA,NA
"FLUME",2026-01-16 09:30:00,NA,NA,NA
"FLUME",2026-01-16 09:45:00,NA,NA,NA
"FLUME",2026-01-16 10:00:00,NA,NA,NA
"FLUME",2026-01-16 10:15:00,NA,NA,NA
"FLUME",2026-01-16 10:30:00,NA,NA,NA
"FLUME",2026-01-16 10:45:00,NA,NA,NA
"FLUME",2026-01-16 11:00:00,NA,NA,NA
"FLUME",2026-01-16 11:15:00,NA,NA,NA
"FLUME",2026-01-16 11:30:00,NA,NA,NA
"FLUME",2026-01-16 11:45:00,NA,NA,NA
"FLUME",2026-01-16 12:00:00,NA,NA,NA
"FLUME",2026-01-16 12:15:00,NA,NA,NA
"FLUME",2026-01-16 12:30:00,NA,NA,NA
"FLUME",2026-01-16 12:45:00,NA,NA,NA
"FLUME",2026-01-16 13:00:00,NA,NA,NA
"FLUME",2026-01-16 13:15:00,NA,NA,NA
"FLUME",2026-01-16 13:30:00,NA,NA,NA
"FLUME",2026-01-16 13:45:00,NA,NA,NA
"FLUME",2026-01-16 14:00:00,NA,NA,NA
"FLUME",2026-01-16 14:15:00,NA,NA,NA
"FLUME",2026-01-16 14:30:00,NA,NA,NA
"FLUME",2026-01-16 14:45:00,NA,NA,NA
"FLUME",2026-01-16 15:00:00,NA,NA,NA
"FLUME",2026-01-16 15:15:00,NA,NA,NA
"FLUME",2026-01-16 15:30:00,NA,NA,NA
"FLUME",2026-01-16 15:45:00,NA,NA,NA
"FLUME",2026-01-16 16:00:00,NA,NA,NA
"FLUME",2026-01-16 16:15:00,NA,NA,NA
"FLUME",2026-01-16 16:30:00,NA,NA,NA
"FLUME",2026-01-16 16:45:00,NA,NA,NA
"FLUME",2026-01-16 17:00:00,NA,NA,NA
"FLUME",2026-01-16 17:15:00,NA,NA,NA
"FLUME",2026-01-16 17:30:00,NA,NA,NA
"FLUME",2026-01-16 17:45:00,NA,NA,NA
"FLUME",2026-01-16 18:00:00,NA,NA,NA
"FLUME",2026-01-16 18:15:00,NA,NA,NA
"FLUME",2026-01-16 18:30:00,NA,NA,NA
"FLUME",2026-01-16 18:45:00,NA,NA,NA
"FLUME",2026-01-16 19:00:00,NA,NA,NA
"FLUME",2026-01-16 19:15:00,NA,NA,NA
"FLUME",2026-01-16 19:30:00,NA,NA,NA
"FLUME",2026-01-16 19:45:00,NA,NA,NA
"FLUME",2026-01-16 20:00:00,NA,NA,NA
"FLUME",2026-01-16 20:15:00,NA,NA,NA
"FLUME",2026-01-16 20:30:00,NA,NA,NA
"FLUME",2026-01-16 20:45:00,NA,NA,NA
"FLUME",2026-01-16 21:00:00,NA,NA,NA
"FLUME",2026-01-16 21:15:00,NA,NA,NA
"FLUME",2026-01-16 21:30:00,NA,NA,NA
"FLUME",2026-01-16 21:45:00,NA,NA,NA
"FLUME",2026-01-16 22:00:00,NA,NA,NA
"FLUME",2026-01-16 22:15:00,NA,NA,NA
"FLUME",2026-01-16 22:30:00,NA,NA,NA
"FLUME",2026-01-16 22:45:00,NA,NA,NA
"FLUME",2026-01-16 23:00:00,NA,NA,NA
"FLUME",2026-01-16 23:15:00,NA,NA,NA
"FLUME",2026-01-16 23:30:00,NA,NA,NA
"FLUME",2026-01-16 23:45:00,NA,NA,NA
"FLUME",2026-01-17,NA,NA,NA
"FLUME",2026-01-17 00:15:00,NA,NA,NA
"FLUME",2026-01-17 00:30:00,NA,NA,NA
"FLUME",2026-01-17 00:45:00,NA,NA,NA
"FLUME",2026-01-17 01:00:00,NA,NA,NA
"FLUME",2026-01-17 01:15:00,NA,NA,NA
"FLUME",2026-01-17 01:30:00,NA,NA,NA
"FLUME",2026-01-17 01:45:00,NA,NA,NA
"FLUME",2026-01-17 02:00:00,NA,NA,NA
"FLUME",2026-01-17 02:15:00,NA,NA,NA
"FLUME",2026-01-17 02:30:00,NA,NA,NA
"FLUME",2026-01-17 02:45:00,NA,NA,NA
"FLUME",2026-01-17 03:00:00,NA,NA,NA
"FLUME",2026-01-17 03:15:00,NA,NA,NA
"FLUME",2026-01-17 03:30:00,NA,NA,NA
"FLUME",2026-01-17 03:45:00,NA,NA,NA
"FLUME",2026-01-17 04:00:00,NA,NA,NA
"FLUME",2026-01-17 04:15:00,NA,NA,NA
"FLUME",2026-01-17 04:30:00,NA,NA,NA
"FLUME",2026-01-17 04:45:00,NA,NA,NA
"FLUME",2026-01-17 05:00:00,NA,NA,NA
"FLUME",2026-01-17 05:15:00,NA,NA,NA
"FLUME",2026-01-17 05:30:00,NA,NA,NA
"FLUME",2026-01-17 05:45:00,NA,NA,NA
"FLUME",2026-01-17 06:00:00,NA,NA,NA
"FLUME",2026-01-17 06:15:00,NA,NA,NA
"FLUME",2026-01-17 06:30:00,NA,NA,NA
"FLUME",2026-01-17 06:45:00,NA,NA,NA
"FLUME",2026-01-17 07:00:00,NA,NA,NA
"FLUME",2026-01-17 07:15:00,NA,NA,NA
"FLUME",2026-01-17 07:30:00,NA,NA,NA
"FLUME",2026-01-17 07:45:00,NA,NA,NA
"FLUME",2026-01-17 08:00:00,NA,NA,NA
"FLUME",2026-01-17 08:15:00,NA,NA,NA
"FLUME",2026-01-17 08:30:00,NA,NA,NA
"FLUME",2026-01-17 08:45:00,NA,NA,NA
"FLUME",2026-01-17 09:00:00,NA,NA,NA
"FLUME",2026-01-17 09:15:00,NA,NA,NA
"FLUME",2026-01-17 09:30:00,NA,NA,NA
"FLUME",2026-01-17 09:45:00,NA,NA,NA
"FLUME",2026-01-17 10:00:00,NA,NA,NA
"FLUME",2026-01-17 10:15:00,NA,NA,NA
"FLUME",2026-01-17 10:30:00,NA,NA,NA
"FLUME",2026-01-17 10:45:00,NA,NA,NA
"FLUME",2026-01-17 11:00:00,NA,NA,NA
"FLUME",2026-01-17 11:15:00,NA,NA,NA
"FLUME",2026-01-17 11:30:00,NA,NA,NA
"FLUME",2026-01-17 11:45:00,NA,NA,NA
"FLUME",2026-01-17 12:00:00,NA,NA,NA
"FLUME",2026-01-17 12:15:00,NA,NA,NA
"FLUME",2026-01-17 12:30:00,NA,NA,NA
"FLUME",2026-01-17 12:45:00,NA,NA,NA
"FLUME",2026-01-17 13:00:00,NA,NA,NA
"FLUME",2026-01-17 13:15:00,NA,NA,NA
"FLUME",2026-01-17 13:30:00,NA,NA,NA
"FLUME",2026-01-17 13:45:00,NA,NA,NA
"FLUME",2026-01-17 14:00:00,NA,NA,NA
"FLUME",2026-01-17 14:15:00,NA,NA,NA
"FLUME",2026-01-17 14:30:00,NA,NA,NA
"FLUME",2026-01-17 14:45:00,NA,NA,NA
"FLUME",2026-01-17 15:00:00,NA,NA,NA
"FLUME",2026-01-17 15:15:00,NA,NA,NA
"FLUME",2026-01-17 15:30:00,NA,NA,NA
"FLUME",2026-01-17 15:45:00,NA,NA,NA
"FLUME",2026-01-17 16:00:00,NA,NA,NA
"FLUME",2026-01-17 16:15:00,NA,NA,NA
"FLUME",2026-01-17 16:30:00,NA,NA,NA
"FLUME",2026-01-17 16:45:00,NA,NA,NA
"FLUME",2026-01-17 17:00:00,NA,NA,NA
"FLUME",2026-01-17 17:15:00,NA,NA,NA
"FLUME",2026-01-17 17:30:00,NA,NA,NA
"FLUME",2026-01-17 17:45:00,NA,NA,NA
"FLUME",2026-01-17 18:00:00,NA,NA,NA
"FLUME",2026-01-17 18:15:00,NA,NA,NA
"FLUME",2026-01-17 18:30:00,NA,NA,NA
"FLUME",2026-01-17 18:45:00,NA,NA,NA
"FLUME",2026-01-17 19:00:00,NA,NA,NA
"FLUME",2026-01-17 19:15:00,NA,NA,NA
"FLUME",2026-01-17 19:30:00,NA,NA,NA
"FLUME",2026-01-17 19:45:00,NA,NA,NA
"FLUME",2026-01-17 20:00:00,NA,NA,NA
"FLUME",2026-01-17 20:15:00,NA,NA,NA
"FLUME",2026-01-17 20:30:00,NA,NA,NA
"FLUME",2026-01-17 20:45:00,NA,NA,NA
"FLUME",2026-01-17 21:00:00,NA,NA,NA
"FLUME",2026-01-17 21:15:00,NA,NA,NA
"FLUME",2026-01-17 21:30:00,NA,NA,NA
"FLUME",2026-01-17 21:45:00,NA,NA,NA
"FLUME",2026-01-17 22:00:00,NA,NA,NA
"FLUME",2026-01-17 22:15:00,NA,NA,NA
"FLUME",2026-01-17 22:30:00,NA,NA,NA
"FLUME",2026-01-17 22:45:00,NA,NA,NA
"FLUME",2026-01-17 23:00:00,NA,NA,NA
"FLUME",2026-01-17 23:15:00,NA,NA,NA
"FLUME",2026-01-17 23:30:00,NA,NA,NA
"FLUME",2026-01-17 23:45:00,NA,NA,NA
"FLUME",2026-01-18,NA,NA,NA
"FLUME",2026-01-18 00:15:00,NA,NA,NA
"FLUME",2026-01-18 00:30:00,NA,NA,NA
"FLUME",2026-01-18 00:45:00,NA,NA,NA
"FLUME",2026-01-18 01:00:00,NA,NA,NA
"FLUME",2026-01-18 01:15:00,NA,NA,NA
"FLUME",2026-01-18 01:30:00,NA,NA,NA
"FLUME",2026-01-18 01:45:00,NA,NA,NA
"FLUME",2026-01-18 02:00:00,NA,NA,NA
"FLUME",2026-01-18 02:15:00,NA,NA,NA
"FLUME",2026-01-18 02:30:00,NA,NA,NA
"FLUME",2026-01-18 02:45:00,NA,NA,NA
"FLUME",2026-01-18 03:00:00,NA,NA,NA
"FLUME",2026-01-18 03:15:00,NA,NA,NA
"FLUME",2026-01-18 03:30:00,NA,NA,NA
"FLUME",2026-01-18 03:45:00,NA,NA,NA
"FLUME",2026-01-18 04:00:00,NA,NA,NA
"FLUME",2026-01-18 04:15:00,NA,NA,NA
"FLUME",2026-01-18 04:30:00,NA,NA,NA
"FLUME",2026-01-18 04:45:00,NA,NA,NA
"FLUME",2026-01-18 05:00:00,NA,NA,NA
"FLUME",2026-01-18 05:15:00,NA,NA,NA
"FLUME",2026-01-18 05:30:00,NA,NA,NA
"FLUME",2026-01-18 05:45:00,NA,NA,NA
"FLUME",2026-01-18 06:00:00,NA,NA,NA
"FLUME",2026-01-18 06:15:00,NA,NA,NA
"FLUME",2026-01-18 06:30:00,NA,NA,NA
"FLUME",2026-01-18 06:45:00,NA,NA,NA
"FLUME",2026-01-18 07:00:00,NA,NA,NA
"FLUME",2026-01-18 07:15:00,NA,NA,NA
"FLUME",2026-01-18 07:30:00,NA,NA,NA
"FLUME",2026-01-18 07:45:00,NA,NA,NA
"FLUME",2026-01-18 08:00:00,NA,NA,NA
"FLUME",2026-01-18 08:15:00,NA,NA,NA
"FLUME",2026-01-18 08:30:00,NA,NA,NA
"FLUME",2026-01-18 08:45:00,NA,NA,NA
"FLUME",2026-01-18 09:00:00,NA,NA,NA
"FLUME",2026-01-18 09:15:00,NA,NA,NA
"FLUME",2026-01-18 09:30:00,NA,NA,NA
"FLUME",2026-01-18 09:45:00,NA,NA,NA
"FLUME",2026-01-18 10:00:00,NA,NA,NA
"FLUME",2026-01-18 10:15:00,NA,NA,NA
"FLUME",2026-01-18 10:30:00,NA,NA,NA
"FLUME",2026-01-18 10:45:00,NA,NA,NA
"FLUME",2026-01-18 11:00:00,NA,NA,NA
"FLUME",2026-01-18 11:15:00,NA,NA,NA
"FLUME",2026-01-18 11:30:00,NA,NA,NA
"FLUME",2026-01-18 11:45:00,NA,NA,NA
"FLUME",2026-01-18 12:00:00,NA,NA,NA
"FLUME",2026-01-18 12:15:00,NA,NA,NA
"FLUME",2026-01-18 12:30:00,NA,NA,NA
"FLUME",2026-01-18 12:45:00,NA,NA,NA
"FLUME",2026-01-18 13:00:00,NA,NA,NA
"FLUME",2026-01-18 13:15:00,NA,NA,NA
"FLUME",2026-01-18 13:30:00,NA,NA,NA
"FLUME",2026-01-18 13:45:00,NA,NA,NA
"FLUME",2026-01-18 14:00:00,NA,NA,NA
"FLUME",2026-01-18 14:15:00,NA,NA,NA
"FLUME",2026-01-18 14:30:00,NA,NA,NA
"FLUME",2026-01-18 14:45:00,NA,NA,NA
"FLUME",2026-01-18 15:00:00,NA,NA,NA
"FLUME",2026-01-18 15:15:00,NA,NA,NA
"FLUME",2026-01-18 15:30:00,NA,NA,NA
"FLUME",2026-01-18 15:45:00,NA,NA,NA
"FLUME",2026-01-18 16:00:00,NA,NA,NA
"FLUME",2026-01-18 16:15:00,NA,NA,NA
"FLUME",2026-01-18 16:30:00,NA,NA,NA
"FLUME",2026-01-18 16:45:00,NA,NA,NA
"FLUME",2026-01-18 17:00:00,NA,NA,NA
"FLUME",2026-01-18 17:15:00,NA,NA,NA
"FLUME",2026-01-18 17:30:00,NA,NA,NA
"FLUME",2026-01-18 17:45:00,NA,NA,NA
"FLUME",2026-01-18 18:00:00,NA,NA,NA
"FLUME",2026-01-18 18:15:00,NA,NA,NA
"FLUME",2026-01-18 18:30:00,NA,NA,NA
"FLUME",2026-01-18 18:45:00,NA,NA,NA
"FLUME",2026-01-18 19:00:00,NA,NA,NA
"FLUME",2026-01-18 19:15:00,NA,NA,NA
"FLUME",2026-01-18 19:30:00,NA,NA,NA
"FLUME",2026-01-18 19:45:00,NA,NA,NA
"FLUME",2026-01-18 20:00:00,NA,NA,NA
"FLUME",2026-01-18 20:15:00,NA,NA,NA
"FLUME",2026-01-18 20:30:00,NA,NA,NA
"FLUME",2026-01-18 20:45:00,NA,NA,NA
"FLUME",2026-01-18 21:00:00,NA,NA,NA
"FLUME",2026-01-18 21:15:00,NA,NA,NA
"FLUME",2026-01-18 21:30:00,NA,NA,NA
"FLUME",2026-01-18 21:45:00,NA,NA,NA
"FLUME",2026-01-18 22:00:00,NA,NA,NA
"FLUME",2026-01-18 22:15:00,NA,NA,NA
"FLUME",2026-01-18 22:30:00,NA,NA,NA
"FLUME",2026-01-18 22:45:00,NA,NA,NA
"FLUME",2026-01-18 23:00:00,NA,NA,NA
"FLUME",2026-01-18 23:15:00,NA,NA,NA
"FLUME",2026-01-18 23:30:00,NA,NA,NA
"FLUME",2026-01-18 23:45:00,NA,NA,NA
"FLUME",2026-01-19,NA,NA,NA
"FLUME",2026-01-19 00:15:00,NA,NA,NA
"FLUME",2026-01-19 00:30:00,NA,NA,NA
"FLUME",2026-01-19 00:45:00,NA,NA,NA
"FLUME",2026-01-19 01:00:00,NA,NA,NA
"FLUME",2026-01-19 01:15:00,NA,NA,NA
"FLUME",2026-01-19 01:30:00,NA,NA,NA
"FLUME",2026-01-19 01:45:00,NA,NA,NA
"FLUME",2026-01-19 02:00:00,NA,NA,NA
"FLUME",2026-01-19 02:15:00,NA,NA,NA
"FLUME",2026-01-19 02:30:00,NA,NA,NA
"FLUME",2026-01-19 02:45:00,NA,NA,NA
"FLUME",2026-01-19 03:00:00,NA,NA,NA
"FLUME",2026-01-19 03:15:00,NA,NA,NA
"FLUME",2026-01-19 03:30:00,NA,NA,NA
"FLUME",2026-01-19 03:45:00,NA,NA,NA
"FLUME",2026-01-19 04:00:00,NA,NA,NA
"FLUME",2026-01-19 04:15:00,NA,NA,NA
"FLUME",2026-01-19 04:30:00,NA,NA,NA
"FLUME",2026-01-19 04:45:00,NA,NA,NA
"FLUME",2026-01-19 05:00:00,NA,NA,NA
"FLUME",2026-01-19 05:15:00,NA,NA,NA
"FLUME",2026-01-19 05:30:00,NA,NA,NA
"FLUME",2026-01-19 05:45:00,NA,NA,NA
"FLUME",2026-01-19 06:00:00,NA,NA,NA
"FLUME",2026-01-19 06:15:00,NA,NA,NA
"FLUME",2026-01-19 06:30:00,NA,NA,NA
"FLUME",2026-01-19 06:45:00,NA,NA,NA
"FLUME",2026-01-19 07:00:00,NA,NA,NA
"FLUME",2026-01-19 07:15:00,NA,NA,NA
"FLUME",2026-01-19 07:30:00,NA,NA,NA
"FLUME",2026-01-19 07:45:00,NA,NA,NA
"FLUME",2026-01-19 08:00:00,NA,NA,NA
"FLUME",2026-01-19 08:15:00,NA,NA,NA
"FLUME",2026-01-19 08:30:00,NA,NA,NA
"FLUME",2026-01-19 08:45:00,NA,NA,NA
"FLUME",2026-01-19 09:00:00,NA,NA,NA
"FLUME",2026-01-19 09:15:00,NA,NA,NA
"FLUME",2026-01-19 09:30:00,NA,NA,NA
"FLUME",2026-01-19 09:45:00,NA,NA,NA
"FLUME",2026-01-19 10:00:00,NA,NA,NA
"FLUME",2026-01-19 10:15:00,NA,NA,NA
"FLUME",2026-01-19 10:30:00,NA,NA,NA
"FLUME",2026-01-19 10:45:00,NA,NA,NA
"FLUME",2026-01-19 11:00:00,NA,NA,NA
"FLUME",2026-01-19 11:15:00,NA,NA,NA
"FLUME",2026-01-19 11:30:00,NA,NA,NA
"FLUME",2026-01-19 11:45:00,NA,NA,NA
"FLUME",2026-01-19 12:00:00,NA,NA,NA
"FLUME",2026-01-19 12:15:00,NA,NA,NA
"FLUME",2026-01-19 12:30:00,NA,NA,NA
"FLUME",2026-01-19 12:45:00,NA,NA,NA
"FLUME",2026-01-19 13:00:00,NA,NA,NA
"FLUME",2026-01-19 13:15:00,NA,NA,NA
"FLUME",2026-01-19 13:30:00,NA,NA,NA
"FLUME",2026-01-19 13:45:00,NA,NA,NA
"FLUME",2026-01-19 14:00:00,NA,NA,NA
"FLUME",2026-01-19 14:15:00,NA,NA,NA
"FLUME",2026-01-19 14:30:00,NA,NA,NA
"FLUME",2026-01-19 14:45:00,NA,NA,NA
"FLUME",2026-01-19 15:00:00,NA,NA,NA
"FLUME",2026-01-19 15:15:00,NA,NA,NA
"FLUME",2026-01-19 15:30:00,NA,NA,NA
"FLUME",2026-01-19 15:45:00,NA,NA,NA
"FLUME",2026-01-19 16:00:00,NA,NA,NA
"FLUME",2026-01-19 16:15:00,NA,NA,NA
"FLUME",2026-01-19 16:30:00,NA,NA,NA
"FLUME",2026-01-19 16:45:00,NA,NA,NA
"FLUME",2026-01-19 17:00:00,NA,NA,NA
"FLUME",2026-01-19 17:15:00,NA,NA,NA
"FLUME",2026-01-19 17:30:00,NA,NA,NA
"FLUME",2026-01-19 17:45:00,NA,NA,NA
"FLUME",2026-01-19 18:00:00,NA,NA,NA
"FLUME",2026-01-19 18:15:00,NA,NA,NA
"FLUME",2026-01-19 18:30:00,NA,NA,NA
"FLUME",2026-01-19 18:45:00,NA,NA,NA
"FLUME",2026-01-19 19:00:00,NA,NA,NA
"FLUME",2026-01-19 19:15:00,NA,NA,NA
"FLUME",2026-01-19 19:30:00,NA,NA,NA
"FLUME",2026-01-19 19:45:00,NA,NA,NA
"FLUME",2026-01-19 20:00:00,NA,NA,NA
"FLUME",2026-01-19 20:15:00,NA,NA,NA
"FLUME",2026-01-19 20:30:00,NA,NA,NA
"FLUME",2026-01-19 20:45:00,NA,NA,NA
"FLUME",2026-01-19 21:00:00,NA,NA,NA
"FLUME",2026-01-19 21:15:00,NA,NA,NA
"FLUME",2026-01-19 21:30:00,NA,NA,NA
"FLUME",2026-01-19 21:45:00,NA,NA,NA
"FLUME",2026-01-19 22:00:00,NA,NA,NA
"FLUME",2026-01-19 22:15:00,NA,NA,NA
"FLUME",2026-01-19 22:30:00,NA,NA,NA
"FLUME",2026-01-19 22:45:00,NA,NA,NA
"FLUME",2026-01-19 23:00:00,NA,NA,NA
"FLUME",2026-01-19 23:15:00,NA,NA,NA
"FLUME",2026-01-19 23:30:00,NA,NA,NA
"FLUME",2026-01-19 23:45:00,NA,NA,NA
"FLUME",2026-01-20,NA,NA,NA
"FLUME",2026-01-20 00:15:00,NA,NA,NA
"FLUME",2026-01-20 00:30:00,NA,NA,NA
"FLUME",2026-01-20 00:45:00,NA,NA,NA
"FLUME",2026-01-20 01:00:00,NA,NA,NA
"FLUME",2026-01-20 01:15:00,NA,NA,NA
"FLUME",2026-01-20 01:30:00,NA,NA,NA
"FLUME",2026-01-20 01:45:00,NA,NA,NA
"FLUME",2026-01-20 02:00:00,NA,NA,NA
"FLUME",2026-01-20 02:15:00,NA,NA,NA
"FLUME",2026-01-20 02:30:00,NA,NA,NA
"FLUME",2026-01-20 02:45:00,NA,NA,NA
"FLUME",2026-01-20 03:00:00,NA,NA,NA
"FLUME",2026-01-20 03:15:00,NA,NA,NA
"FLUME",2026-01-20 03:30:00,NA,NA,NA
"FLUME",2026-01-20 03:45:00,NA,NA,NA
"FLUME",2026-01-20 04:00:00,NA,NA,NA
"FLUME",2026-01-20 04:15:00,NA,NA,NA
"FLUME",2026-01-20 04:30:00,NA,NA,NA
"FLUME",2026-01-20 04:45:00,NA,NA,NA
"FLUME",2026-01-20 05:00:00,NA,NA,NA
"FLUME",2026-01-20 05:15:00,NA,NA,NA
"FLUME",2026-01-20 05:30:00,NA,NA,NA
"FLUME",2026-01-20 05:45:00,NA,NA,NA
"FLUME",2026-01-20 06:00:00,NA,NA,NA
"FLUME",2026-01-20 06:15:00,NA,NA,NA
"FLUME",2026-01-20 06:30:00,NA,NA,NA
"FLUME",2026-01-20 06:45:00,NA,NA,NA
"FLUME",2026-01-20 07:00:00,NA,NA,NA
"FLUME",2026-01-20 07:15:00,NA,NA,NA
"FLUME",2026-01-20 07:30:00,NA,NA,NA
"FLUME",2026-01-20 07:45:00,NA,NA,NA
"FLUME",2026-01-20 08:00:00,NA,NA,NA
"FLUME",2026-01-20 08:15:00,NA,NA,NA
"FLUME",2026-01-20 08:30:00,NA,NA,NA
"FLUME",2026-01-20 08:45:00,NA,NA,NA
"FLUME",2026-01-20 09:00:00,NA,NA,NA
"FLUME",2026-01-20 09:15:00,NA,NA,NA
"FLUME",2026-01-20 09:30:00,NA,NA,NA
"FLUME",2026-01-20 09:45:00,NA,NA,NA
"FLUME",2026-01-20 10:00:00,NA,NA,NA
"FLUME",2026-01-20 10:15:00,NA,NA,NA
"FLUME",2026-01-20 10:30:00,NA,NA,NA
"FLUME",2026-01-20 10:45:00,NA,NA,NA
"FLUME",2026-01-20 11:00:00,NA,NA,NA
"FLUME",2026-01-20 11:15:00,NA,NA,NA
"FLUME",2026-01-20 11:30:00,NA,NA,NA
"FLUME",2026-01-20 11:45:00,NA,NA,NA
"FLUME",2026-01-20 12:00:00,NA,NA,NA
"FLUME",2026-01-20 12:15:00,NA,NA,NA
"FLUME",2026-01-20 12:30:00,NA,NA,NA
"FLUME",2026-01-20 12:45:00,NA,NA,NA
"FLUME",2026-01-20 13:00:00,NA,NA,NA
"FLUME",2026-01-20 13:15:00,NA,NA,NA
"FLUME",2026-01-20 13:30:00,NA,NA,NA
"FLUME",2026-01-20 13:45:00,NA,NA,NA
"FLUME",2026-01-20 14:00:00,NA,NA,NA
"FLUME",2026-01-20 14:15:00,NA,NA,NA
"FLUME",2026-01-20 14:30:00,NA,NA,NA
"FLUME",2026-01-20 14:45:00,NA,NA,NA
"FLUME",2026-01-20 15:00:00,NA,NA,NA
"FLUME",2026-01-20 15:15:00,NA,NA,NA
"FLUME",2026-01-20 15:30:00,NA,NA,NA
"FLUME",2026-01-20 15:45:00,NA,NA,NA
"FLUME",2026-01-20 16:00:00,NA,NA,NA
"FLUME",2026-01-20 16:15:00,NA,NA,NA
"FLUME",2026-01-20 16:30:00,NA,NA,NA
"FLUME",2026-01-20 16:45:00,NA,NA,NA
"FLUME",2026-01-20 17:00:00,NA,NA,NA
"FLUME",2026-01-20 17:15:00,NA,NA,NA
"FLUME",2026-01-20 17:30:00,NA,NA,NA
"FLUME",2026-01-20 17:45:00,NA,NA,NA
"FLUME",2026-01-20 18:00:00,NA,NA,NA
"FLUME",2026-01-20 18:15:00,NA,NA,NA
"FLUME",2026-01-20 18:30:00,NA,NA,NA
"FLUME",2026-01-20 18:45:00,NA,NA,NA
"FLUME",2026-01-20 19:00:00,NA,NA,NA
"FLUME",2026-01-20 19:15:00,NA,NA,NA
"FLUME",2026-01-20 19:30:00,NA,NA,NA
"FLUME",2026-01-20 19:45:00,NA,NA,NA
"FLUME",2026-01-20 20:00:00,NA,NA,NA
"FLUME",2026-01-20 20:15:00,NA,NA,NA
"FLUME",2026-01-20 20:30:00,NA,NA,NA
"FLUME",2026-01-20 20:45:00,NA,NA,NA
"FLUME",2026-01-20 21:00:00,NA,NA,NA
"FLUME",2026-01-20 21:15:00,NA,NA,NA
"FLUME",2026-01-20 21:30:00,NA,NA,NA
"FLUME",2026-01-20 21:45:00,NA,NA,NA
"FLUME",2026-01-20 22:00:00,NA,NA,NA
"FLUME",2026-01-20 22:15:00,NA,NA,NA
"FLUME",2026-01-20 22:30:00,NA,NA,NA
"FLUME",2026-01-20 22:45:00,NA,NA,NA
"FLUME",2026-01-20 23:00:00,NA,NA,NA
"FLUME",2026-01-20 23:15:00,NA,NA,NA
"FLUME",2026-01-20 23:30:00,NA,NA,NA
"FLUME",2026-01-20 23:45:00,NA,NA,NA
"FLUME",2026-01-21,NA,NA,NA
"FLUME",2026-01-21 00:15:00,NA,NA,NA
"FLUME",2026-01-21 00:30:00,NA,NA,NA
"FLUME",2026-01-21 00:45:00,NA,NA,NA
"FLUME",2026-01-21 01:00:00,NA,NA,NA
"FLUME",2026-01-21 01:15:00,NA,NA,NA
"FLUME",2026-01-21 01:30:00,NA,NA,NA
"FLUME",2026-01-21 01:45:00,NA,NA,NA
"FLUME",2026-01-21 02:00:00,NA,NA,NA
"FLUME",2026-01-21 02:15:00,NA,NA,NA
"FLUME",2026-01-21 02:30:00,NA,NA,NA
"FLUME",2026-01-21 02:45:00,NA,NA,NA
"FLUME",2026-01-21 03:00:00,NA,NA,NA
"FLUME",2026-01-21 03:15:00,NA,NA,NA
"FLUME",2026-01-21 03:30:00,NA,NA,NA
"FLUME",2026-01-21 03:45:00,NA,NA,NA
"FLUME",2026-01-21 04:00:00,NA,NA,NA
"FLUME",2026-01-21 04:15:00,NA,NA,NA
"FLUME",2026-01-21 04:30:00,NA,NA,NA
"FLUME",2026-01-21 04:45:00,NA,NA,NA
"FLUME",2026-01-21 05:00:00,NA,NA,NA
"FLUME",2026-01-21 05:15:00,NA,NA,NA
"FLUME",2026-01-21 05:30:00,NA,NA,NA
"FLUME",2026-01-21 05:45:00,NA,NA,NA
"FLUME",2026-01-21 06:00:00,NA,NA,NA
"FLUME",2026-01-21 06:15:00,NA,NA,NA
"FLUME",2026-01-21 06:30:00,NA,NA,NA
"FLUME",2026-01-21 06:45:00,NA,NA,NA
"FLUME",2026-01-21 07:00:00,NA,NA,NA
"FLUME",2026-01-21 07:15:00,NA,NA,NA
"FLUME",2026-01-21 07:30:00,NA,NA,NA
"FLUME",2026-01-21 07:45:00,NA,NA,NA
"FLUME",2026-01-21 08:00:00,NA,NA,NA
"FLUME",2026-01-21 08:15:00,NA,NA,NA
"FLUME",2026-01-21 08:30:00,NA,NA,NA
"FLUME",2026-01-21 08:45:00,NA,NA,NA
"FLUME",2026-01-21 09:00:00,NA,NA,NA
"FLUME",2026-01-21 09:15:00,NA,NA,NA
"FLUME",2026-01-21 09:30:00,NA,NA,NA
"FLUME",2026-01-21 09:45:00,NA,NA,NA
"FLUME",2026-01-21 10:00:00,NA,NA,NA
"FLUME",2026-01-21 10:15:00,NA,NA,NA
"FLUME",2026-01-21 10:30:00,NA,NA,NA
"FLUME",2026-01-21 10:45:00,NA,NA,NA
"FLUME",2026-01-21 11:00:00,NA,NA,NA
"FLUME",2026-01-21 11:15:00,NA,NA,NA
"FLUME",2026-01-21 11:30:00,NA,NA,NA
"FLUME",2026-01-21 11:45:00,NA,NA,NA
"FLUME",2026-01-21 12:00:00,NA,NA,NA
"FLUME",2026-01-21 12:15:00,NA,NA,NA
"FLUME",2026-01-21 12:30:00,NA,NA,NA
"FLUME",2026-01-21 12:45:00,NA,NA,NA
"FLUME",2026-01-21 13:00:00,NA,NA,NA
"FLUME",2026-01-21 13:15:00,NA,NA,NA
"FLUME",2026-01-21 13:30:00,NA,NA,NA
"FLUME",2026-01-21 13:45:00,NA,NA,NA
"FLUME",2026-01-21 14:00:00,NA,NA,NA
"FLUME",2026-01-21 14:15:00,NA,NA,NA
"FLUME",2026-01-21 14:30:00,NA,NA,NA
"FLUME",2026-01-21 14:45:00,NA,NA,NA
"FLUME",2026-01-21 15:00:00,NA,NA,NA
"FLUME",2026-01-21 15:15:00,NA,NA,NA
"FLUME",2026-01-21 15:30:00,NA,NA,NA
"FLUME",2026-01-21 15:45:00,NA,NA,NA
"FLUME",2026-01-21 16:00:00,NA,NA,NA
"FLUME",2026-01-21 16:15:00,NA,NA,NA
"FLUME",2026-01-21 16:30:00,NA,NA,NA
"FLUME",2026-01-21 16:45:00,NA,NA,NA
"FLUME",2026-01-21 17:00:00,NA,NA,NA
"FLUME",2026-01-21 17:15:00,NA,NA,NA
"FLUME",2026-01-21 17:30:00,NA,NA,NA
"FLUME",2026-01-21 17:45:00,NA,NA,NA
"FLUME",2026-01-21 18:00:00,NA,NA,NA
"FLUME",2026-01-21 18:15:00,NA,NA,NA
"FLUME",2026-01-21 18:30:00,NA,NA,NA
"FLUME",2026-01-21 18:45:00,NA,NA,NA
"FLUME",2026-01-21 19:00:00,NA,NA,NA
"FLUME",2026-01-21 19:15:00,NA,NA,NA
"FLUME",2026-01-21 19:30:00,NA,NA,NA
"FLUME",2026-01-21 19:45:00,NA,NA,NA
"FLUME",2026-01-21 20:00:00,NA,NA,NA
"FLUME",2026-01-21 20:15:00,NA,NA,NA
"FLUME",2026-01-21 20:30:00,NA,NA,NA
"FLUME",2026-01-21 20:45:00,NA,NA,NA
"FLUME",2026-01-21 21:00:00,NA,NA,NA
"FLUME",2026-01-21 21:15:00,NA,NA,NA
"FLUME",2026-01-21 21:30:00,NA,NA,NA
"FLUME",2026-01-21 21:45:00,NA,NA,NA
"FLUME",2026-01-21 22:00:00,NA,NA,NA
"FLUME",2026-01-21 22:15:00,NA,NA,NA
"FLUME",2026-01-21 22:30:00,NA,NA,NA
"FLUME",2026-01-21 22:45:00,NA,NA,NA
"FLUME",2026-01-21 23:00:00,NA,NA,NA
"FLUME",2026-01-21 23:15:00,NA,NA,NA
"FLUME",2026-01-21 23:30:00,NA,NA,NA
"FLUME",2026-01-21 23:45:00,NA,NA,NA
"FLUME",2026-01-22,NA,NA,NA
"FLUME",2026-01-22 00:15:00,NA,NA,NA
"FLUME",2026-01-22 00:30:00,NA,NA,NA
"FLUME",2026-01-22 00:45:00,NA,NA,NA
"FLUME",2026-01-22 01:00:00,NA,NA,NA
"FLUME",2026-01-22 01:15:00,NA,NA,NA
"FLUME",2026-01-22 01:30:00,NA,NA,NA
"FLUME",2026-01-22 01:45:00,NA,NA,NA
"FLUME",2026-01-22 02:00:00,NA,NA,NA
"FLUME",2026-01-22 02:15:00,NA,NA,NA
"FLUME",2026-01-22 02:30:00,NA,NA,NA
"FLUME",2026-01-22 02:45:00,NA,NA,NA
"FLUME",2026-01-22 03:00:00,NA,NA,NA
"FLUME",2026-01-22 03:15:00,NA,NA,NA
"FLUME",2026-01-22 03:30:00,NA,NA,NA
"FLUME",2026-01-22 03:45:00,NA,NA,NA
"FLUME",2026-01-22 04:00:00,NA,NA,NA
"FLUME",2026-01-22 04:15:00,NA,NA,NA
"FLUME",2026-01-22 04:30:00,NA,NA,NA
"FLUME",2026-01-22 04:45:00,NA,NA,NA
"FLUME",2026-01-22 05:00:00,NA,NA,NA
"FLUME",2026-01-22 05:15:00,NA,NA,NA
"FLUME",2026-01-22 05:30:00,NA,NA,NA
"FLUME",2026-01-22 05:45:00,NA,NA,NA
"FLUME",2026-01-22 06:00:00,NA,NA,NA
"FLUME",2026-01-22 06:15:00,NA,NA,NA
"FLUME",2026-01-22 06:30:00,NA,NA,NA
"FLUME",2026-01-22 06:45:00,NA,NA,NA
"FLUME",2026-01-22 07:00:00,NA,NA,NA
"FLUME",2026-01-22 07:15:00,NA,NA,NA
"FLUME",2026-01-22 07:30:00,NA,NA,NA
"FLUME",2026-01-22 07:45:00,NA,NA,NA
"FLUME",2026-01-22 08:00:00,NA,NA,NA
"FLUME",2026-01-22 08:15:00,NA,NA,NA
"FLUME",2026-01-22 08:30:00,NA,NA,NA
"FLUME",2026-01-22 08:45:00,NA,NA,NA
"FLUME",2026-01-22 09:00:00,NA,NA,NA
"FLUME",2026-01-22 09:15:00,NA,NA,NA
"FLUME",2026-01-22 09:30:00,NA,NA,NA
"FLUME",2026-01-22 09:45:00,NA,NA,NA
"FLUME",2026-01-22 10:00:00,NA,NA,NA
"FLUME",2026-01-22 10:15:00,NA,NA,NA
"FLUME",2026-01-22 10:30:00,NA,NA,NA
"FLUME",2026-01-22 10:45:00,NA,NA,NA
"FLUME",2026-01-22 11:00:00,NA,NA,NA
"FLUME",2026-01-22 11:15:00,NA,NA,NA
"FLUME",2026-01-22 11:30:00,NA,NA,NA
"FLUME",2026-01-22 11:45:00,NA,NA,NA
"FLUME",2026-01-22 12:00:00,NA,NA,NA
"FLUME",2026-01-22 12:15:00,NA,NA,NA
"FLUME",2026-01-22 12:30:00,NA,NA,NA
"FLUME",2026-01-22 12:45:00,NA,NA,NA
"FLUME",2026-01-22 13:00:00,NA,NA,NA
"FLUME",2026-01-22 13:15:00,NA,NA,NA
"FLUME",2026-01-22 13:30:00,NA,NA,NA
"FLUME",2026-01-22 13:45:00,NA,NA,NA
"FLUME",2026-01-22 14:00:00,NA,NA,NA
"FLUME",2026-01-22 14:15:00,NA,NA,NA
"FLUME",2026-01-22 14:30:00,NA,NA,NA
"FLUME",2026-01-22 14:45:00,NA,NA,NA
"FLUME",2026-01-22 15:00:00,NA,NA,NA
"FLUME",2026-01-22 15:15:00,NA,NA,NA
"FLUME",2026-01-22 15:30:00,NA,NA,NA
"FLUME",2026-01-22 15:45:00,NA,NA,NA
"FLUME",2026-01-22 16:00:00,NA,NA,NA
"FLUME",2026-01-22 16:15:00,NA,NA,NA
"FLUME",2026-01-22 16:30:00,NA,NA,NA
"FLUME",2026-01-22 16:45:00,NA,NA,NA
"FLUME",2026-01-22 17:00:00,NA,NA,NA
"FLUME",2026-01-22 17:15:00,NA,NA,NA
"FLUME",2026-01-22 17:30:00,NA,NA,NA
"FLUME",2026-01-22 17:45:00,NA,NA,NA
"FLUME",2026-01-22 18:00:00,NA,NA,NA
"FLUME",2026-01-22 18:15:00,NA,NA,NA
"FLUME",2026-01-22 18:30:00,NA,NA,NA
"FLUME",2026-01-22 18:45:00,NA,NA,NA
"FLUME",2026-01-22 19:00:00,NA,NA,NA
"FLUME",2026-01-22 19:15:00,NA,NA,NA
"FLUME",2026-01-22 19:30:00,NA,NA,NA
"FLUME",2026-01-22 19:45:00,NA,NA,NA
"FLUME",2026-01-22 20:00:00,NA,NA,NA
"FLUME",2026-01-22 20:15:00,NA,NA,NA
"FLUME",2026-01-22 20:30:00,NA,NA,NA
"FLUME",2026-01-22 20:45:00,NA,NA,NA
"FLUME",2026-01-22 21:00:00,NA,NA,NA
"FLUME",2026-01-22 21:15:00,NA,NA,NA
"FLUME",2026-01-22 21:30:00,NA,NA,NA
"FLUME",2026-01-22 21:45:00,NA,NA,NA
"FLUME",2026-01-22 22:00:00,NA,NA,NA
"FLUME",2026-01-22 22:15:00,NA,NA,NA
"FLUME",2026-01-22 22:30:00,NA,NA,NA
"FLUME",2026-01-22 22:45:00,NA,NA,NA
"FLUME",2026-01-22 23:00:00,NA,NA,NA
"FLUME",2026-01-22 23:15:00,NA,NA,NA
"FLUME",2026-01-22 23:30:00,NA,NA,NA
"FLUME",2026-01-22 23:45:00,NA,NA,NA
"FLUME",2026-01-23,NA,NA,NA
"FLUME",2026-01-23 00:15:00,NA,NA,NA
"FLUME",2026-01-23 00:30:00,NA,NA,NA
"FLUME",2026-01-23 00:45:00,NA,NA,NA
"FLUME",2026-01-23 01:00:00,NA,NA,NA
"FLUME",2026-01-23 01:15:00,NA,NA,NA
"FLUME",2026-01-23 01:30:00,NA,NA,NA
"FLUME",2026-01-23 01:45:00,NA,NA,NA
"FLUME",2026-01-23 02:00:00,NA,NA,NA
"FLUME",2026-01-23 02:15:00,NA,NA,NA
"FLUME",2026-01-23 02:30:00,NA,NA,NA
"FLUME",2026-01-23 02:45:00,NA,NA,NA
"FLUME",2026-01-23 03:00:00,NA,NA,NA
"FLUME",2026-01-23 03:15:00,NA,NA,NA
"FLUME",2026-01-23 03:30:00,NA,NA,NA
"FLUME",2026-01-23 03:45:00,NA,NA,NA
"FLUME",2026-01-23 04:00:00,NA,NA,NA
"FLUME",2026-01-23 04:15:00,NA,NA,NA
"FLUME",2026-01-23 04:30:00,NA,NA,NA
"FLUME",2026-01-23 04:45:00,NA,NA,NA
"FLUME",2026-01-23 05:00:00,NA,NA,NA
"FLUME",2026-01-23 05:15:00,NA,NA,NA
"FLUME",2026-01-23 05:30:00,NA,NA,NA
"FLUME",2026-01-23 05:45:00,NA,NA,NA
"FLUME",2026-01-23 06:00:00,NA,NA,NA
"FLUME",2026-01-23 06:15:00,NA,NA,NA
"FLUME",2026-01-23 06:30:00,NA,NA,NA
"FLUME",2026-01-23 06:45:00,NA,NA,NA
"FLUME",2026-01-23 07:00:00,NA,NA,NA
"FLUME",2026-01-23 07:15:00,NA,NA,NA
"FLUME",2026-01-23 07:30:00,NA,NA,NA
"FLUME",2026-01-23 07:45:00,NA,NA,NA
"FLUME",2026-01-23 08:00:00,NA,NA,NA
"FLUME",2026-01-23 08:15:00,NA,NA,NA
"FLUME",2026-01-23 08:30:00,NA,NA,NA
"FLUME",2026-01-23 08:45:00,NA,NA,NA
"FLUME",2026-01-23 09:00:00,NA,NA,NA
"FLUME",2026-01-23 09:15:00,NA,NA,NA
"FLUME",2026-01-23 09:30:00,NA,NA,NA
"FLUME",2026-01-23 09:45:00,NA,NA,NA
"FLUME",2026-01-23 10:00:00,NA,NA,NA
"FLUME",2026-01-23 10:15:00,NA,NA,NA
"FLUME",2026-01-23 10:30:00,NA,NA,NA
"FLUME",2026-01-23 10:45:00,NA,NA,NA
"FLUME",2026-01-23 11:00:00,NA,NA,NA
"FLUME",2026-01-23 11:15:00,NA,NA,NA
"FLUME",2026-01-23 11:30:00,NA,NA,NA
"FLUME",2026-01-23 11:45:00,NA,NA,NA
"FLUME",2026-01-23 12:00:00,NA,NA,NA
"FLUME",2026-01-23 12:15:00,NA,NA,NA
"FLUME",2026-01-23 12:30:00,NA,NA,NA
"FLUME",2026-01-23 12:45:00,NA,NA,NA
"FLUME",2026-01-23 13:00:00,NA,NA,NA
"FLUME",2026-01-23 13:15:00,NA,NA,NA
"FLUME",2026-01-23 13:30:00,NA,NA,NA
"FLUME",2026-01-23 13:45:00,NA,NA,NA
"FLUME",2026-01-23 14:00:00,NA,NA,NA
"FLUME",2026-01-23 14:15:00,NA,NA,NA
"FLUME",2026-01-23 14:30:00,NA,NA,NA
"FLUME",2026-01-23 14:45:00,NA,NA,NA
"FLUME",2026-01-23 15:00:00,NA,NA,NA
"FLUME",2026-01-23 15:15:00,NA,NA,NA
"FLUME",2026-01-23 15:30:00,NA,NA,NA
"FLUME",2026-01-23 15:45:00,NA,NA,NA
"FLUME",2026-01-23 16:00:00,NA,NA,NA
"FLUME",2026-01-23 16:15:00,NA,NA,NA
"FLUME",2026-01-23 16:30:00,NA,NA,NA
"FLUME",2026-01-23 16:45:00,NA,NA,NA
"FLUME",2026-01-23 17:00:00,NA,NA,NA
"FLUME",2026-01-23 17:15:00,NA,NA,NA
"FLUME",2026-01-23 17:30:00,NA,NA,NA
"FLUME",2026-01-23 17:45:00,NA,NA,NA
"FLUME",2026-01-23 18:00:00,NA,NA,NA
"FLUME",2026-01-23 18:15:00,NA,NA,NA
"FLUME",2026-01-23 18:30:00,NA,NA,NA
"FLUME",2026-01-23 18:45:00,NA,NA,NA
"FLUME",2026-01-23 19:00:00,NA,NA,NA
"FLUME",2026-01-23 19:15:00,NA,NA,NA
"FLUME",2026-01-23 19:30:00,NA,NA,NA
"FLUME",2026-01-23 19:45:00,NA,NA,NA
"FLUME",2026-01-23 20:00:00,NA,NA,NA
"FLUME",2026-01-23 20:15:00,NA,NA,NA
"FLUME",2026-01-23 20:30:00,NA,NA,NA
"FLUME",2026-01-23 20:45:00,NA,NA,NA
"FLUME",2026-01-23 21:00:00,NA,NA,NA
"FLUME",2026-01-23 21:15:00,NA,NA,NA
"FLUME",2026-01-23 21:30:00,NA,NA,NA
"FLUME",2026-01-23 21:45:00,NA,NA,NA
"FLUME",2026-01-23 22:00:00,NA,NA,NA
"FLUME",2026-01-23 22:15:00,NA,NA,NA
"FLUME",2026-01-23 22:30:00,NA,NA,NA
"FLUME",2026-01-23 22:45:00,NA,NA,NA
"FLUME",2026-01-23 23:00:00,NA,NA,NA
"FLUME",2026-01-23 23:15:00,NA,NA,NA
"FLUME",2026-01-23 23:30:00,NA,NA,NA
"FLUME",2026-01-23 23:45:00,NA,NA,NA
"FLUME",2026-01-24,NA,NA,NA
"FLUME",2026-01-24 00:15:00,NA,NA,NA
"FLUME",2026-01-24 00:30:00,NA,NA,NA
"FLUME",2026-01-24 00:45:00,NA,NA,NA
"FLUME",2026-01-24 01:00:00,NA,NA,NA
"FLUME",2026-01-24 01:15:00,NA,NA,NA
"FLUME",2026-01-24 01:30:00,NA,NA,NA
"FLUME",2026-01-24 01:45:00,NA,NA,NA
"FLUME",2026-01-24 02:00:00,NA,NA,NA
"FLUME",2026-01-24 02:15:00,NA,NA,NA
"FLUME",2026-01-24 02:30:00,NA,NA,NA
"FLUME",2026-01-24 02:45:00,NA,NA,NA
"FLUME",2026-01-24 03:00:00,NA,NA,NA
"FLUME",2026-01-24 03:15:00,NA,NA,NA
"FLUME",2026-01-24 03:30:00,NA,NA,NA
"FLUME",2026-01-24 03:45:00,NA,NA,NA
"FLUME",2026-01-24 04:00:00,NA,NA,NA
"FLUME",2026-01-24 04:15:00,NA,NA,NA
"FLUME",2026-01-24 04:30:00,NA,NA,NA
"FLUME",2026-01-24 04:45:00,NA,NA,NA
"FLUME",2026-01-24 05:00:00,NA,NA,NA
"FLUME",2026-01-24 05:15:00,NA,NA,NA
"FLUME",2026-01-24 05:30:00,NA,NA,NA
"FLUME",2026-01-24 05:45:00,NA,NA,NA
"FLUME",2026-01-24 06:00:00,NA,NA,NA
"FLUME",2026-01-24 06:15:00,NA,NA,NA
"FLUME",2026-01-24 06:30:00,NA,NA,NA
"FLUME",2026-01-24 06:45:00,NA,NA,NA
"FLUME",2026-01-24 07:00:00,NA,NA,NA
"FLUME",2026-01-24 07:15:00,NA,NA,NA
"FLUME",2026-01-24 07:30:00,NA,NA,NA
"FLUME",2026-01-24 07:45:00,NA,NA,NA
"FLUME",2026-01-24 08:00:00,NA,NA,NA
"FLUME",2026-01-24 08:15:00,NA,NA,NA
"FLUME",2026-01-24 08:30:00,NA,NA,NA
"FLUME",2026-01-24 08:45:00,NA,NA,NA
"FLUME",2026-01-24 09:00:00,NA,NA,NA
"FLUME",2026-01-24 09:15:00,NA,NA,NA
"FLUME",2026-01-24 09:30:00,NA,NA,NA
"FLUME",2026-01-24 09:45:00,NA,NA,NA
"FLUME",2026-01-24 10:00:00,NA,NA,NA
"FLUME",2026-01-24 10:15:00,NA,NA,NA
"FLUME",2026-01-24 10:30:00,NA,NA,NA
"FLUME",2026-01-24 10:45:00,NA,NA,NA
"FLUME",2026-01-24 11:00:00,NA,NA,NA
"FLUME",2026-01-24 11:15:00,NA,NA,NA
"FLUME",2026-01-24 11:30:00,NA,NA,NA
"FLUME",2026-01-24 11:45:00,NA,NA,NA
"FLUME",2026-01-24 12:00:00,NA,NA,NA
"FLUME",2026-01-24 12:15:00,NA,NA,NA
"FLUME",2026-01-24 12:30:00,NA,NA,NA
"FLUME",2026-01-24 12:45:00,NA,NA,NA
"FLUME",2026-01-24 13:00:00,NA,NA,NA
"FLUME",2026-01-24 13:15:00,NA,NA,NA
"FLUME",2026-01-24 13:30:00,NA,NA,NA
"FLUME",2026-01-24 13:45:00,NA,NA,NA
"FLUME",2026-01-24 14:00:00,NA,NA,NA
"FLUME",2026-01-24 14:15:00,NA,NA,NA
"FLUME",2026-01-24 14:30:00,NA,NA,NA
"FLUME",2026-01-24 14:45:00,NA,NA,NA
"FLUME",2026-01-24 15:00:00,NA,NA,NA
"FLUME",2026-01-24 15:15:00,NA,NA,NA
"FLUME",2026-01-24 15:30:00,NA,NA,NA
"FLUME",2026-01-24 15:45:00,NA,NA,NA
"FLUME",2026-01-24 16:00:00,NA,NA,NA
"FLUME",2026-01-24 16:15:00,NA,NA,NA
"FLUME",2026-01-24 16:30:00,NA,NA,NA
"FLUME",2026-01-24 16:45:00,NA,NA,NA
"FLUME",2026-01-24 17:00:00,NA,NA,NA
"FLUME",2026-01-24 17:15:00,NA,NA,NA
"FLUME",2026-01-24 17:30:00,NA,NA,NA
"FLUME",2026-01-24 17:45:00,NA,NA,NA
"FLUME",2026-01-24 18:00:00,NA,NA,NA
"FLUME",2026-01-24 18:15:00,NA,NA,NA
"FLUME",2026-01-24 18:30:00,NA,NA,NA
"FLUME",2026-01-24 18:45:00,NA,NA,NA
"FLUME",2026-01-24 19:00:00,NA,NA,NA
"FLUME",2026-01-24 19:15:00,NA,NA,NA
"FLUME",2026-01-24 19:30:00,NA,NA,NA
"FLUME",2026-01-24 19:45:00,NA,NA,NA
"FLUME",2026-01-24 20:00:00,NA,NA,NA
"FLUME",2026-01-24 20:15:00,NA,NA,NA
"FLUME",2026-01-24 20:30:00,NA,NA,NA
"FLUME",2026-01-24 20:45:00,NA,NA,NA
"FLUME",2026-01-24 21:00:00,NA,NA,NA
"FLUME",2026-01-24 21:15:00,NA,NA,NA
"FLUME",2026-01-24 21:30:00,NA,NA,NA
"FLUME",2026-01-24 21:45:00,NA,NA,NA
"FLUME",2026-01-24 22:00:00,NA,NA,NA
"FLUME",2026-01-24 22:15:00,NA,NA,NA
"FLUME",2026-01-24 22:30:00,NA,NA,NA
"FLUME",2026-01-24 22:45:00,NA,NA,NA
"FLUME",2026-01-24 23:00:00,NA,NA,NA
"FLUME",2026-01-24 23:15:00,NA,NA,NA
"FLUME",2026-01-24 23:30:00,NA,NA,NA
"FLUME",2026-01-24 23:45:00,NA,NA,NA
"FLUME",2026-01-25,NA,NA,NA
"FLUME",2026-01-25 00:15:00,NA,NA,NA
"FLUME",2026-01-25 00:30:00,NA,NA,NA
"FLUME",2026-01-25 00:45:00,NA,NA,NA
"FLUME",2026-01-25 01:00:00,NA,NA,NA
"FLUME",2026-01-25 01:15:00,NA,NA,NA
"FLUME",2026-01-25 01:30:00,NA,NA,NA
"FLUME",2026-01-25 01:45:00,NA,NA,NA
"FLUME",2026-01-25 02:00:00,NA,NA,NA
"FLUME",2026-01-25 02:15:00,NA,NA,NA
"FLUME",2026-01-25 02:30:00,NA,NA,NA
"FLUME",2026-01-25 02:45:00,NA,NA,NA
"FLUME",2026-01-25 03:00:00,NA,NA,NA
"FLUME",2026-01-25 03:15:00,NA,NA,NA
"FLUME",2026-01-25 03:30:00,NA,NA,NA
"FLUME",2026-01-25 03:45:00,NA,NA,NA
"FLUME",2026-01-25 04:00:00,NA,NA,NA
"FLUME",2026-01-25 04:15:00,NA,NA,NA
"FLUME",2026-01-25 04:30:00,NA,NA,NA
"FLUME",2026-01-25 04:45:00,NA,NA,NA
"FLUME",2026-01-25 05:00:00,NA,NA,NA
"FLUME",2026-01-25 05:15:00,NA,NA,NA
"FLUME",2026-01-25 05:30:00,NA,NA,NA
"FLUME",2026-01-25 05:45:00,NA,NA,NA
"FLUME",2026-01-25 06:00:00,NA,NA,NA
"FLUME",2026-01-25 06:15:00,NA,NA,NA
"FLUME",2026-01-25 06:30:00,NA,NA,NA
"FLUME",2026-01-25 06:45:00,NA,NA,NA
"FLUME",2026-01-25 07:00:00,NA,NA,NA
"FLUME",2026-01-25 07:15:00,NA,NA,NA
"FLUME",2026-01-25 07:30:00,NA,NA,NA
"FLUME",2026-01-25 07:45:00,NA,NA,NA
"FLUME",2026-01-25 08:00:00,NA,NA,NA
"FLUME",2026-01-25 08:15:00,NA,NA,NA
"FLUME",2026-01-25 08:30:00,NA,NA,NA
"FLUME",2026-01-25 08:45:00,NA,NA,NA
"FLUME",2026-01-25 09:00:00,NA,NA,NA
"FLUME",2026-01-25 09:15:00,NA,NA,NA
"FLUME",2026-01-25 09:30:00,NA,NA,NA
"FLUME",2026-01-25 09:45:00,NA,NA,NA
"FLUME",2026-01-25 10:00:00,NA,NA,NA
"FLUME",2026-01-25 10:15:00,NA,NA,NA
"FLUME",2026-01-25 10:30:00,NA,NA,NA
"FLUME",2026-01-25 10:45:00,NA,NA,NA
"FLUME",2026-01-25 11:00:00,NA,NA,NA
"FLUME",2026-01-25 11:15:00,NA,NA,NA
"FLUME",2026-01-25 11:30:00,NA,NA,NA
"FLUME",2026-01-25 11:45:00,NA,NA,NA
"FLUME",2026-01-25 12:00:00,NA,NA,NA
"FLUME",2026-01-25 12:15:00,NA,NA,NA
"FLUME",2026-01-25 12:30:00,NA,NA,NA
"FLUME",2026-01-25 12:45:00,NA,NA,NA
"FLUME",2026-01-25 13:00:00,NA,NA,NA
"FLUME",2026-01-25 13:15:00,NA,NA,NA
"FLUME",2026-01-25 13:30:00,NA,NA,NA
"FLUME",2026-01-25 13:45:00,NA,NA,NA
"FLUME",2026-01-25 14:00:00,NA,NA,NA
"FLUME",2026-01-25 14:15:00,NA,NA,NA
"FLUME",2026-01-25 14:30:00,NA,NA,NA
"FLUME",2026-01-25 14:45:00,NA,NA,NA
"FLUME",2026-01-25 15:00:00,NA,NA,NA
"FLUME",2026-01-25 15:15:00,NA,NA,NA
"FLUME",2026-01-25 15:30:00,NA,NA,NA
"FLUME",2026-01-25 15:45:00,NA,NA,NA
"FLUME",2026-01-25 16:00:00,NA,NA,NA
"FLUME",2026-01-25 16:15:00,NA,NA,NA
"FLUME",2026-01-25 16:30:00,NA,NA,NA
"FLUME",2026-01-25 16:45:00,NA,NA,NA
"FLUME",2026-01-25 17:00:00,NA,NA,NA
"FLUME",2026-01-25 17:15:00,NA,NA,NA
"FLUME",2026-01-25 17:30:00,NA,NA,NA
"FLUME",2026-01-25 17:45:00,NA,NA,NA
"FLUME",2026-01-25 18:00:00,NA,NA,NA
"FLUME",2026-01-25 18:15:00,NA,NA,NA
"FLUME",2026-01-25 18:30:00,NA,NA,NA
"FLUME",2026-01-25 18:45:00,NA,NA,NA
"FLUME",2026-01-25 19:00:00,NA,NA,NA
"FLUME",2026-01-25 19:15:00,NA,NA,NA
"FLUME",2026-01-25 19:30:00,NA,NA,NA
"FLUME",2026-01-25 19:45:00,NA,NA,NA
"FLUME",2026-01-25 20:00:00,NA,NA,NA
"FLUME",2026-01-25 20:15:00,NA,NA,NA
"FLUME",2026-01-25 20:30:00,NA,NA,NA
"FLUME",2026-01-25 20:45:00,NA,NA,NA
"FLUME",2026-01-25 21:00:00,NA,NA,NA
"FLUME",2026-01-25 21:15:00,NA,NA,NA
"FLUME",2026-01-25 21:30:00,NA,NA,NA
"FLUME",2026-01-25 21:45:00,NA,NA,NA
"FLUME",2026-01-25 22:00:00,NA,NA,NA
"FLUME",2026-01-25 22:15:00,NA,NA,NA
"FLUME",2026-01-25 22:30:00,NA,NA,NA
"FLUME",2026-01-25 22:45:00,NA,NA,NA
"FLUME",2026-01-25 23:00:00,NA,NA,NA
"FLUME",2026-01-25 23:15:00,NA,NA,NA
"FLUME",2026-01-25 23:30:00,NA,NA,NA
"FLUME",2026-01-25 23:45:00,NA,NA,NA
"FLUME",2026-01-26,NA,NA,NA
"FLUME",2026-01-26 00:15:00,NA,NA,NA
"FLUME",2026-01-26 00:30:00,NA,NA,NA
"FLUME",2026-01-26 00:45:00,NA,NA,NA
"FLUME",2026-01-26 01:00:00,NA,NA,NA
"FLUME",2026-01-26 01:15:00,NA,NA,NA
"FLUME",2026-01-26 01:30:00,NA,NA,NA
"FLUME",2026-01-26 01:45:00,NA,NA,NA
"FLUME",2026-01-26 02:00:00,NA,NA,NA
"FLUME",2026-01-26 02:15:00,NA,NA,NA
"FLUME",2026-01-26 02:30:00,NA,NA,NA
"FLUME",2026-01-26 02:45:00,NA,NA,NA
"FLUME",2026-01-26 03:00:00,NA,NA,NA
"FLUME",2026-01-26 03:15:00,NA,NA,NA
"FLUME",2026-01-26 03:30:00,NA,NA,NA
"FLUME",2026-01-26 03:45:00,NA,NA,NA
"FLUME",2026-01-26 04:00:00,NA,NA,NA
"FLUME",2026-01-26 04:15:00,NA,NA,NA
"FLUME",2026-01-26 04:30:00,NA,NA,NA
"FLUME",2026-01-26 04:45:00,NA,NA,NA
"FLUME",2026-01-26 05:00:00,NA,NA,NA
"FLUME",2026-01-26 05:15:00,NA,NA,NA
"FLUME",2026-01-26 05:30:00,NA,NA,NA
"FLUME",2026-01-26 05:45:00,NA,NA,NA
"FLUME",2026-01-26 06:00:00,NA,NA,NA
"FLUME",2026-01-26 06:15:00,NA,NA,NA
"FLUME",2026-01-26 06:30:00,NA,NA,NA
"FLUME",2026-01-26 06:45:00,NA,NA,NA
"FLUME",2026-01-26 07:00:00,NA,NA,NA
"FLUME",2026-01-26 07:15:00,NA,NA,NA
"FLUME",2026-01-26 07:30:00,NA,NA,NA
"FLUME",2026-01-26 07:45:00,NA,NA,NA
"FLUME",2026-01-26 08:00:00,NA,NA,NA
"FLUME",2026-01-26 08:15:00,NA,NA,NA
"FLUME",2026-01-26 08:30:00,NA,NA,NA
"FLUME",2026-01-26 08:45:00,NA,NA,NA
"FLUME",2026-01-26 09:00:00,NA,NA,NA
"FLUME",2026-01-26 09:15:00,NA,NA,NA
"FLUME",2026-01-26 09:30:00,NA,NA,NA
"FLUME",2026-01-26 09:45:00,NA,NA,NA
"FLUME",2026-01-26 10:00:00,NA,NA,NA
"FLUME",2026-01-26 10:15:00,NA,NA,NA
"FLUME",2026-01-26 10:30:00,NA,NA,NA
"FLUME",2026-01-26 10:45:00,NA,NA,NA
"FLUME",2026-01-26 11:00:00,NA,NA,NA
"FLUME",2026-01-26 11:15:00,NA,NA,NA
"FLUME",2026-01-26 11:30:00,NA,NA,NA
"FLUME",2026-01-26 11:45:00,NA,NA,NA
"FLUME",2026-01-26 12:00:00,NA,NA,NA
"FLUME",2026-01-26 12:15:00,NA,NA,NA
"FLUME",2026-01-26 12:30:00,NA,NA,NA
"FLUME",2026-01-26 12:45:00,NA,NA,NA
"FLUME",2026-01-26 13:00:00,NA,NA,NA
"FLUME",2026-01-26 13:15:00,NA,NA,NA
"FLUME",2026-01-26 13:30:00,NA,NA,NA
"FLUME",2026-01-26 13:45:00,NA,NA,NA
"FLUME",2026-01-26 14:00:00,NA,NA,NA
"FLUME",2026-01-26 14:15:00,NA,NA,NA
"FLUME",2026-01-26 14:30:00,NA,NA,NA
"FLUME",2026-01-26 14:45:00,NA,NA,NA
"FLUME",2026-01-26 15:00:00,NA,NA,NA
"FLUME",2026-01-26 15:15:00,NA,NA,NA
"FLUME",2026-01-26 15:30:00,NA,NA,NA
"FLUME",2026-01-26 15:45:00,NA,NA,NA
"FLUME",2026-01-26 16:00:00,NA,NA,NA
"FLUME",2026-01-26 16:15:00,NA,NA,NA
"FLUME",2026-01-26 16:30:00,NA,NA,NA
"FLUME",2026-01-26 16:45:00,NA,NA,NA
"FLUME",2026-01-26 17:00:00,NA,NA,NA
"FLUME",2026-01-26 17:15:00,NA,NA,NA
"FLUME",2026-01-26 17:30:00,NA,NA,NA
"FLUME",2026-01-26 17:45:00,NA,NA,NA
"FLUME",2026-01-26 18:00:00,NA,NA,NA
"FLUME",2026-01-26 18:15:00,NA,NA,NA
"FLUME",2026-01-26 18:30:00,NA,NA,NA
"FLUME",2026-01-26 18:45:00,NA,NA,NA
"FLUME",2026-01-26 19:00:00,NA,NA,NA
"FLUME",2026-01-26 19:15:00,NA,NA,NA
"FLUME",2026-01-26 19:30:00,NA,NA,NA
"FLUME",2026-01-26 19:45:00,NA,NA,NA
"FLUME",2026-01-26 20:00:00,NA,NA,NA
"FLUME",2026-01-26 20:15:00,NA,NA,NA
"FLUME",2026-01-26 20:30:00,NA,NA,NA
"FLUME",2026-01-26 20:45:00,NA,NA,NA
"FLUME",2026-01-26 21:00:00,NA,NA,NA
"FLUME",2026-01-26 21:15:00,NA,NA,NA
"FLUME",2026-01-26 21:30:00,NA,NA,NA
"FLUME",2026-01-26 21:45:00,NA,NA,NA
"FLUME",2026-01-26 22:00:00,NA,NA,NA
"FLUME",2026-01-26 22:15:00,NA,NA,NA
"FLUME",2026-01-26 22:30:00,NA,NA,NA
"FLUME",2026-01-26 22:45:00,NA,NA,NA
"FLUME",2026-01-26 23:00:00,NA,NA,NA
"FLUME",2026-01-26 23:15:00,NA,NA,NA
"FLUME",2026-01-26 23:30:00,NA,NA,NA
"FLUME",2026-01-26 23:45:00,NA,NA,NA
"FLUME",2026-01-27,NA,NA,NA
"FLUME",2026-01-27 00:15:00,NA,NA,NA
"FLUME",2026-01-27 00:30:00,NA,NA,NA
"FLUME",2026-01-27 00:45:00,NA,NA,NA
"FLUME",2026-01-27 01:00:00,NA,NA,NA
"FLUME",2026-01-27 01:15:00,NA,NA,NA
"FLUME",2026-01-27 01:30:00,NA,NA,NA
"FLUME",2026-01-27 01:45:00,NA,NA,NA
"FLUME",2026-01-27 02:00:00,NA,NA,NA
"FLUME",2026-01-27 02:15:00,NA,NA,NA
"FLUME",2026-01-27 02:30:00,NA,NA,NA
"FLUME",2026-01-27 02:45:00,NA,NA,NA
"FLUME",2026-01-27 03:00:00,NA,NA,NA
"FLUME",2026-01-27 03:15:00,NA,NA,NA
"FLUME",2026-01-27 03:30:00,NA,NA,NA
"FLUME",2026-01-27 03:45:00,NA,NA,NA
"FLUME",2026-01-27 04:00:00,NA,NA,NA
"FLUME",2026-01-27 04:15:00,NA,NA,NA
"FLUME",2026-01-27 04:30:00,NA,NA,NA
"FLUME",2026-01-27 04:45:00,NA,NA,NA
"FLUME",2026-01-27 05:00:00,NA,NA,NA
"FLUME",2026-01-27 05:15:00,NA,NA,NA
"FLUME",2026-01-27 05:30:00,NA,NA,NA
"FLUME",2026-01-27 05:45:00,NA,NA,NA
"FLUME",2026-01-27 06:00:00,NA,NA,NA
"FLUME",2026-01-27 06:15:00,NA,NA,NA
"FLUME",2026-01-27 06:30:00,NA,NA,NA
"FLUME",2026-01-27 06:45:00,NA,NA,NA
"FLUME",2026-01-27 07:00:00,NA,NA,NA
"FLUME",2026-01-27 07:15:00,NA,NA,NA
"FLUME",2026-01-27 07:30:00,NA,NA,NA
"FLUME",2026-01-27 07:45:00,NA,NA,NA
"FLUME",2026-01-27 08:00:00,NA,NA,NA
"FLUME",2026-01-27 08:15:00,NA,NA,NA
"FLUME",2026-01-27 08:30:00,NA,NA,NA
"FLUME",2026-01-27 08:45:00,NA,NA,NA
"FLUME",2026-01-27 09:00:00,NA,NA,NA
"FLUME",2026-01-27 09:15:00,NA,NA,NA
"FLUME",2026-01-27 09:30:00,NA,NA,NA
"FLUME",2026-01-27 09:45:00,NA,NA,NA
"FLUME",2026-01-27 10:00:00,NA,NA,NA
"FLUME",2026-01-27 10:15:00,NA,NA,NA
"FLUME",2026-01-27 10:30:00,NA,NA,NA
"FLUME",2026-01-27 10:45:00,NA,NA,NA
"FLUME",2026-01-27 11:00:00,NA,NA,NA
"FLUME",2026-01-27 11:15:00,NA,NA,NA
"FLUME",2026-01-27 11:30:00,NA,NA,NA
"FLUME",2026-01-27 11:45:00,NA,NA,NA
"FLUME",2026-01-27 12:00:00,NA,NA,NA
"FLUME",2026-01-27 12:15:00,NA,NA,NA
"FLUME",2026-01-27 12:30:00,NA,NA,NA
"FLUME",2026-01-27 12:45:00,NA,NA,NA
"FLUME",2026-01-27 13:00:00,NA,NA,NA
"FLUME",2026-01-27 13:15:00,NA,NA,NA
"FLUME",2026-01-27 13:30:00,NA,NA,NA
"FLUME",2026-01-27 13:45:00,NA,NA,NA
"FLUME",2026-01-27 14:00:00,NA,NA,NA
"FLUME",2026-01-27 14:15:00,NA,NA,NA
"FLUME",2026-01-27 14:30:00,NA,NA,NA
"FLUME",2026-01-27 14:45:00,NA,NA,NA
"FLUME",2026-01-27 15:00:00,NA,NA,NA
"FLUME",2026-01-27 15:15:00,NA,NA,NA
"FLUME",2026-01-27 15:30:00,NA,NA,NA
"FLUME",2026-01-27 15:45:00,NA,NA,NA
"FLUME",2026-01-27 16:00:00,NA,NA,NA
"FLUME",2026-01-27 16:15:00,NA,NA,NA
"FLUME",2026-01-27 16:30:00,NA,NA,NA
"FLUME",2026-01-27 16:45:00,NA,NA,NA
"FLUME",2026-01-27 17:00:00,NA,NA,NA
"FLUME",2026-01-27 17:15:00,NA,NA,NA
"FLUME",2026-01-27 17:30:00,NA,NA,NA
"FLUME",2026-01-27 17:45:00,NA,NA,NA
"FLUME",2026-01-27 18:00:00,NA,NA,NA
"FLUME",2026-01-27 18:15:00,NA,NA,NA
"FLUME",2026-01-27 18:30:00,NA,NA,NA
"FLUME",2026-01-27 18:45:00,NA,NA,NA
"FLUME",2026-01-27 19:00:00,NA,NA,NA
"FLUME",2026-01-27 19:15:00,NA,NA,NA
"FLUME",2026-01-27 19:30:00,NA,NA,NA
"FLUME",2026-01-27 19:45:00,NA,NA,NA
"FLUME",2026-01-27 20:00:00,NA,NA,NA
"FLUME",2026-01-27 20:15:00,NA,NA,NA
"FLUME",2026-01-27 20:30:00,NA,NA,NA
"FLUME",2026-01-27 20:45:00,NA,NA,NA
"FLUME",2026-01-27 21:00:00,NA,NA,NA
"FLUME",2026-01-27 21:15:00,NA,NA,NA
"FLUME",2026-01-27 21:30:00,NA,NA,NA
"FLUME",2026-01-27 21:45:00,NA,NA,NA
"FLUME",2026-01-27 22:00:00,NA,NA,NA
"FLUME",2026-01-27 22:15:00,NA,NA,NA
"FLUME",2026-01-27 22:30:00,NA,NA,NA
"FLUME",2026-01-27 22:45:00,NA,NA,NA
"FLUME",2026-01-27 23:00:00,NA,NA,NA
"FLUME",2026-01-27 23:15:00,NA,NA,NA
"FLUME",2026-01-27 23:30:00,NA,NA,NA
"FLUME",2026-01-27 23:45:00,NA,NA,NA
"FLUME",2026-01-28,NA,NA,NA
"FLUME",2026-01-28 00:15:00,NA,NA,NA
"FLUME",2026-01-28 00:30:00,NA,NA,NA
"FLUME",2026-01-28 00:45:00,NA,NA,NA
"FLUME",2026-01-28 01:00:00,NA,NA,NA
"FLUME",2026-01-28 01:15:00,NA,NA,NA
"FLUME",2026-01-28 01:30:00,NA,NA,NA
"FLUME",2026-01-28 01:45:00,NA,NA,NA
"FLUME",2026-01-28 02:00:00,NA,NA,NA
"FLUME",2026-01-28 02:15:00,NA,NA,NA
"FLUME",2026-01-28 02:30:00,NA,NA,NA
"FLUME",2026-01-28 02:45:00,NA,NA,NA
"FLUME",2026-01-28 03:00:00,NA,NA,NA
"FLUME",2026-01-28 03:15:00,NA,NA,NA
"FLUME",2026-01-28 03:30:00,NA,NA,NA
"FLUME",2026-01-28 03:45:00,NA,NA,NA
"FLUME",2026-01-28 04:00:00,NA,NA,NA
"FLUME",2026-01-28 04:15:00,NA,NA,NA
"FLUME",2026-01-28 04:30:00,NA,NA,NA
"FLUME",2026-01-28 04:45:00,NA,NA,NA
"FLUME",2026-01-28 05:00:00,NA,NA,NA
"FLUME",2026-01-28 05:15:00,NA,NA,NA
"FLUME",2026-01-28 05:30:00,NA,NA,NA
"FLUME",2026-01-28 05:45:00,NA,NA,NA
"FLUME",2026-01-28 06:00:00,NA,NA,NA
"FLUME",2026-01-28 06:15:00,NA,NA,NA
"FLUME",2026-01-28 06:30:00,NA,NA,NA
"FLUME",2026-01-28 06:45:00,NA,NA,NA
"FLUME",2026-01-28 07:00:00,NA,NA,NA
"FLUME",2026-01-28 07:15:00,NA,NA,NA
"FLUME",2026-01-28 07:30:00,NA,NA,NA
"FLUME",2026-01-28 07:45:00,NA,NA,NA
"FLUME",2026-01-28 08:00:00,NA,NA,NA
"FLUME",2026-01-28 08:15:00,NA,NA,NA
"FLUME",2026-01-28 08:30:00,NA,NA,NA
"FLUME",2026-01-28 08:45:00,NA,NA,NA
"FLUME",2026-01-28 09:00:00,NA,NA,NA
"FLUME",2026-01-28 09:15:00,NA,NA,NA
"FLUME",2026-01-28 09:30:00,NA,NA,NA
"FLUME",2026-01-28 09:45:00,NA,NA,NA
"FLUME",2026-01-28 10:00:00,NA,NA,NA
"FLUME",2026-01-28 10:15:00,NA,NA,NA
"FLUME",2026-01-28 10:30:00,NA,NA,NA
"FLUME",2026-01-28 10:45:00,NA,NA,NA
"FLUME",2026-01-28 11:00:00,NA,NA,NA
"FLUME",2026-01-28 11:15:00,NA,NA,NA
"FLUME",2026-01-28 11:30:00,NA,NA,NA
"FLUME",2026-01-28 11:45:00,NA,NA,NA
"FLUME",2026-01-28 12:00:00,NA,NA,NA
"FLUME",2026-01-28 12:15:00,NA,NA,NA
"FLUME",2026-01-28 12:30:00,NA,NA,NA
"FLUME",2026-01-28 12:45:00,NA,NA,NA
"FLUME",2026-01-28 13:00:00,NA,NA,NA
"FLUME",2026-01-28 13:15:00,NA,NA,NA
"FLUME",2026-01-28 13:30:00,NA,NA,NA
"FLUME",2026-01-28 13:45:00,NA,NA,NA
"FLUME",2026-01-28 14:00:00,NA,NA,NA
"FLUME",2026-01-28 14:15:00,NA,NA,NA
"FLUME",2026-01-28 14:30:00,NA,NA,NA
"FLUME",2026-01-28 14:45:00,NA,NA,NA
"FLUME",2026-01-28 15:00:00,NA,NA,NA
"FLUME",2026-01-28 15:15:00,NA,NA,NA
"FLUME",2026-01-28 15:30:00,NA,NA,NA
"FLUME",2026-01-28 15:45:00,NA,NA,NA
"FLUME",2026-01-28 16:00:00,NA,NA,NA
"FLUME",2026-01-28 16:15:00,NA,NA,NA
"FLUME",2026-01-28 16:30:00,NA,NA,NA
"FLUME",2026-01-28 16:45:00,NA,NA,NA
"FLUME",2026-01-28 17:00:00,NA,NA,NA
"FLUME",2026-01-28 17:15:00,NA,NA,NA
"FLUME",2026-01-28 17:30:00,NA,NA,NA
"FLUME",2026-01-28 17:45:00,NA,NA,NA
"FLUME",2026-01-28 18:00:00,NA,NA,NA
"FLUME",2026-01-28 18:15:00,NA,NA,NA
"FLUME",2026-01-28 18:30:00,NA,NA,NA
"FLUME",2026-01-28 18:45:00,NA,NA,NA
"FLUME",2026-01-28 19:00:00,NA,NA,NA
"FLUME",2026-01-28 19:15:00,NA,NA,NA
"FLUME",2026-01-28 19:30:00,NA,NA,NA
"FLUME",2026-01-28 19:45:00,NA,NA,NA
"FLUME",2026-01-28 20:00:00,NA,NA,NA
"FLUME",2026-01-28 20:15:00,NA,NA,NA
"FLUME",2026-01-28 20:30:00,NA,NA,NA
"FLUME",2026-01-28 20:45:00,NA,NA,NA
"FLUME",2026-01-28 21:00:00,NA,NA,NA
"FLUME",2026-01-28 21:15:00,NA,NA,NA
"FLUME",2026-01-28 21:30:00,NA,NA,NA
"FLUME",2026-01-28 21:45:00,NA,NA,NA
"FLUME",2026-01-28 22:00:00,NA,NA,NA
"FLUME",2026-01-28 22:15:00,NA,NA,NA
"FLUME",2026-01-28 22:30:00,NA,NA,NA
"FLUME",2026-01-28 22:45:00,NA,NA,NA
"FLUME",2026-01-28 23:00:00,NA,NA,NA
"FLUME",2026-01-28 23:15:00,NA,NA,NA
"FLUME",2026-01-28 23:30:00,NA,NA,NA
"FLUME",2026-01-28 23:45:00,NA,NA,NA
"FLUME",2026-01-29,NA,NA,NA
"FLUME",2026-01-29 00:15:00,NA,NA,NA
"FLUME",2026-01-29 00:30:00,NA,NA,NA
"FLUME",2026-01-29 00:45:00,NA,NA,NA
"FLUME",2026-01-29 01:00:00,NA,NA,NA
"FLUME",2026-01-29 01:15:00,NA,NA,NA
"FLUME",2026-01-29 01:30:00,NA,NA,NA
"FLUME",2026-01-29 01:45:00,NA,NA,NA
"FLUME",2026-01-29 02:00:00,NA,NA,NA
"FLUME",2026-01-29 02:15:00,NA,NA,NA
"FLUME",2026-01-29 02:30:00,NA,NA,NA
"FLUME",2026-01-29 02:45:00,NA,NA,NA
"FLUME",2026-01-29 03:00:00,NA,NA,NA
"FLUME",2026-01-29 03:15:00,NA,NA,NA
"FLUME",2026-01-29 03:30:00,NA,NA,NA
"FLUME",2026-01-29 03:45:00,NA,NA,NA
"FLUME",2026-01-29 04:00:00,NA,NA,NA
"FLUME",2026-01-29 04:15:00,NA,NA,NA
"FLUME",2026-01-29 04:30:00,NA,NA,NA
"FLUME",2026-01-29 04:45:00,NA,NA,NA
"FLUME",2026-01-29 05:00:00,NA,NA,NA
"FLUME",2026-01-29 05:15:00,NA,NA,NA
"FLUME",2026-01-29 05:30:00,NA,NA,NA
"FLUME",2026-01-29 05:45:00,NA,NA,NA
"FLUME",2026-01-29 06:00:00,NA,NA,NA
"FLUME",2026-01-29 06:15:00,NA,NA,NA
"FLUME",2026-01-29 06:30:00,NA,NA,NA
"FLUME",2026-01-29 06:45:00,NA,NA,NA
"FLUME",2026-01-29 07:00:00,NA,NA,NA
"FLUME",2026-01-29 07:15:00,NA,NA,NA
"FLUME",2026-01-29 07:30:00,NA,NA,NA
"FLUME",2026-01-29 07:45:00,NA,NA,NA
"FLUME",2026-01-29 08:00:00,NA,NA,NA
"FLUME",2026-01-29 08:15:00,NA,NA,NA
"FLUME",2026-01-29 08:30:00,NA,NA,NA
"FLUME",2026-01-29 08:45:00,NA,NA,NA
"FLUME",2026-01-29 09:00:00,NA,NA,NA
"FLUME",2026-01-29 09:15:00,NA,NA,NA
"FLUME",2026-01-29 09:30:00,NA,NA,NA
"FLUME",2026-01-29 09:45:00,NA,NA,NA
"FLUME",2026-01-29 10:00:00,NA,NA,NA
"FLUME",2026-01-29 10:15:00,NA,NA,NA
"FLUME",2026-01-29 10:30:00,NA,NA,NA
"FLUME",2026-01-29 10:45:00,NA,NA,NA
"FLUME",2026-01-29 11:00:00,NA,NA,NA
"FLUME",2026-01-29 11:15:00,NA,NA,NA
"FLUME",2026-01-29 11:30:00,NA,NA,NA
"FLUME",2026-01-29 11:45:00,NA,NA,NA
"FLUME",2026-01-29 12:00:00,NA,NA,NA
"FLUME",2026-01-29 12:15:00,NA,NA,NA
"FLUME",2026-01-29 12:30:00,NA,NA,NA
"FLUME",2026-01-29 12:45:00,NA,NA,NA
"FLUME",2026-01-29 13:00:00,NA,NA,NA
"FLUME",2026-01-29 13:15:00,NA,NA,NA
"FLUME",2026-01-29 13:30:00,NA,NA,NA
"FLUME",2026-01-29 13:45:00,NA,NA,NA
"FLUME",2026-01-29 14:00:00,NA,NA,NA
"FLUME",2026-01-29 14:15:00,NA,NA,NA
"FLUME",2026-01-29 14:30:00,NA,NA,NA
"FLUME",2026-01-29 14:45:00,NA,NA,NA
"FLUME",2026-01-29 15:00:00,NA,NA,NA
"FLUME",2026-01-29 15:15:00,NA,NA,NA
"FLUME",2026-01-29 15:30:00,NA,NA,NA
"FLUME",2026-01-29 15:45:00,NA,NA,NA
"FLUME",2026-01-29 16:00:00,NA,NA,NA
"FLUME",2026-01-29 16:15:00,NA,NA,NA
"FLUME",2026-01-29 16:30:00,NA,NA,NA
"FLUME",2026-01-29 16:45:00,NA,NA,NA
"FLUME",2026-01-29 17:00:00,NA,NA,NA
"FLUME",2026-01-29 17:15:00,NA,NA,NA
"FLUME",2026-01-29 17:30:00,NA,NA,NA
"FLUME",2026-01-29 17:45:00,NA,NA,NA
"FLUME",2026-01-29 18:00:00,NA,NA,NA
"FLUME",2026-01-29 18:15:00,NA,NA,NA
"FLUME",2026-01-29 18:30:00,NA,NA,NA
"FLUME",2026-01-29 18:45:00,NA,NA,NA
"FLUME",2026-01-29 19:00:00,NA,NA,NA
"FLUME",2026-01-29 19:15:00,NA,NA,NA
"FLUME",2026-01-29 19:30:00,NA,NA,NA
"FLUME",2026-01-29 19:45:00,NA,NA,NA
"FLUME",2026-01-29 20:00:00,NA,NA,NA
"FLUME",2026-01-29 20:15:00,NA,NA,NA
"FLUME",2026-01-29 20:30:00,NA,NA,NA
"FLUME",2026-01-29 20:45:00,NA,NA,NA
"FLUME",2026-01-29 21:00:00,NA,NA,NA
"FLUME",2026-01-29 21:15:00,NA,NA,NA
"FLUME",2026-01-29 21:30:00,NA,NA,NA
"FLUME",2026-01-29 21:45:00,NA,NA,NA
"FLUME",2026-01-29 22:00:00,NA,NA,NA
"FLUME",2026-01-29 22:15:00,NA,NA,NA
"FLUME",2026-01-29 22:30:00,NA,NA,NA
"FLUME",2026-01-29 22:45:00,NA,NA,NA
"FLUME",2026-01-29 23:00:00,NA,NA,NA
"FLUME",2026-01-29 23:15:00,NA,NA,NA
"FLUME",2026-01-29 23:30:00,NA,NA,NA
"FLUME",2026-01-29 23:45:00,NA,NA,NA
"FLUME",2026-01-30,NA,NA,NA
"FLUME",2026-01-30 00:15:00,NA,NA,NA
"FLUME",2026-01-30 00:30:00,NA,NA,NA
"FLUME",2026-01-30 00:45:00,NA,NA,NA
"FLUME",2026-01-30 01:00:00,NA,NA,NA
"FLUME",2026-01-30 01:15:00,NA,NA,NA
"FLUME",2026-01-30 01:30:00,NA,NA,NA
"FLUME",2026-01-30 01:45:00,NA,NA,NA
"FLUME",2026-01-30 02:00:00,NA,NA,NA
"FLUME",2026-01-30 02:15:00,NA,NA,NA
"FLUME",2026-01-30 02:30:00,NA,NA,NA
"FLUME",2026-01-30 02:45:00,NA,NA,NA
"FLUME",2026-01-30 03:00:00,NA,NA,NA
"FLUME",2026-01-30 03:15:00,NA,NA,NA
"FLUME",2026-01-30 03:30:00,NA,NA,NA
"FLUME",2026-01-30 03:45:00,NA,NA,NA
"FLUME",2026-01-30 04:00:00,NA,NA,NA
"FLUME",2026-01-30 04:15:00,NA,NA,NA
"FLUME",2026-01-30 04:30:00,NA,NA,NA
"FLUME",2026-01-30 04:45:00,NA,NA,NA
"FLUME",2026-01-30 05:00:00,NA,NA,NA
"FLUME",2026-01-30 05:15:00,NA,NA,NA
"FLUME",2026-01-30 05:30:00,NA,NA,NA
"FLUME",2026-01-30 05:45:00,NA,NA,NA
"FLUME",2026-01-30 06:00:00,NA,NA,NA
"FLUME",2026-01-30 06:15:00,NA,NA,NA
"FLUME",2026-01-30 06:30:00,NA,NA,NA
"FLUME",2026-01-30 06:45:00,NA,NA,NA
"FLUME",2026-01-30 07:00:00,NA,NA,NA
"FLUME",2026-01-30 07:15:00,NA,NA,NA
"FLUME",2026-01-30 07:30:00,NA,NA,NA
"FLUME",2026-01-30 07:45:00,NA,NA,NA
"FLUME",2026-01-30 08:00:00,NA,NA,NA
"FLUME",2026-01-30 08:15:00,NA,NA,NA
"FLUME",2026-01-30 08:30:00,NA,NA,NA
"FLUME",2026-01-30 08:45:00,NA,NA,NA
"FLUME",2026-01-30 09:00:00,NA,NA,NA
"FLUME",2026-01-30 09:15:00,NA,NA,NA
"FLUME",2026-01-30 09:30:00,NA,NA,NA
"FLUME",2026-01-30 09:45:00,NA,NA,NA
"FLUME",2026-01-30 10:00:00,NA,NA,NA
"FLUME",2026-01-30 10:15:00,NA,NA,NA
"FLUME",2026-01-30 10:30:00,NA,NA,NA
"FLUME",2026-01-30 10:45:00,NA,NA,NA
"FLUME",2026-01-30 11:00:00,NA,NA,NA
"FLUME",2026-01-30 11:15:00,NA,NA,NA
"FLUME",2026-01-30 11:30:00,NA,NA,NA
"FLUME",2026-01-30 11:45:00,NA,NA,NA
"FLUME",2026-01-30 12:00:00,NA,NA,NA
"FLUME",2026-01-30 12:15:00,NA,NA,NA
"FLUME",2026-01-30 12:30:00,NA,NA,NA
"FLUME",2026-01-30 12:45:00,NA,NA,NA
"FLUME",2026-01-30 13:00:00,NA,NA,NA
"FLUME",2026-01-30 13:15:00,NA,NA,NA
"FLUME",2026-01-30 13:30:00,NA,NA,NA
"FLUME",2026-01-30 13:45:00,NA,NA,NA
"FLUME",2026-01-30 14:00:00,NA,NA,NA
"FLUME",2026-01-30 14:15:00,NA,NA,NA
"FLUME",2026-01-30 14:30:00,NA,NA,NA
"FLUME",2026-01-30 14:45:00,NA,NA,NA
"FLUME",2026-01-30 15:00:00,NA,NA,NA
"FLUME",2026-01-30 15:15:00,NA,NA,NA
"FLUME",2026-01-30 15:30:00,NA,NA,NA
"FLUME",2026-01-30 15:45:00,NA,NA,NA
"FLUME",2026-01-30 16:00:00,NA,NA,NA
"FLUME",2026-01-30 16:15:00,NA,NA,NA
"FLUME",2026-01-30 16:30:00,NA,NA,NA
"FLUME",2026-01-30 16:45:00,NA,NA,NA
"FLUME",2026-01-30 17:00:00,NA,NA,NA
"FLUME",2026-01-30 17:15:00,NA,NA,NA
"FLUME",2026-01-30 17:30:00,NA,NA,NA
"FLUME",2026-01-30 17:45:00,NA,NA,NA
"FLUME",2026-01-30 18:00:00,NA,NA,NA
"FLUME",2026-01-30 18:15:00,NA,NA,NA
"FLUME",2026-01-30 18:30:00,NA,NA,NA
"FLUME",2026-01-30 18:45:00,NA,NA,NA
"FLUME",2026-01-30 19:00:00,NA,NA,NA
"FLUME",2026-01-30 19:15:00,NA,NA,NA
"FLUME",2026-01-30 19:30:00,NA,NA,NA
"FLUME",2026-01-30 19:45:00,NA,NA,NA
"FLUME",2026-01-30 20:00:00,NA,NA,NA
"FLUME",2026-01-30 20:15:00,NA,NA,NA
"FLUME",2026-01-30 20:30:00,NA,NA,NA
"FLUME",2026-01-30 20:45:00,NA,NA,NA
"FLUME",2026-01-30 21:00:00,NA,NA,NA
"FLUME",2026-01-30 21:15:00,NA,NA,NA
"FLUME",2026-01-30 21:30:00,NA,NA,NA
"FLUME",2026-01-30 21:45:00,NA,NA,NA
"FLUME",2026-01-30 22:00:00,NA,NA,NA
"FLUME",2026-01-30 22:15:00,NA,NA,NA
"FLUME",2026-01-30 22:30:00,NA,NA,NA
"FLUME",2026-01-30 22:45:00,NA,NA,NA
"FLUME",2026-01-30 23:00:00,NA,NA,NA
"FLUME",2026-01-30 23:15:00,NA,NA,NA
"FLUME",2026-01-30 23:30:00,NA,NA,NA
"FLUME",2026-01-30 23:45:00,NA,NA,NA
"FLUME",2026-01-31,NA,NA,NA
"FLUME",2026-01-31 00:15:00,NA,NA,NA
"FLUME",2026-01-31 00:30:00,NA,NA,NA
"FLUME",2026-01-31 00:45:00,NA,NA,NA
"FLUME",2026-01-31 01:00:00,NA,NA,NA
"FLUME",2026-01-31 01:15:00,NA,NA,NA
"FLUME",2026-01-31 01:30:00,NA,NA,NA
"FLUME",2026-01-31 01:45:00,NA,NA,NA
"FLUME",2026-01-31 02:00:00,NA,NA,NA
"FLUME",2026-01-31 02:15:00,NA,NA,NA
"FLUME",2026-01-31 02:30:00,NA,NA,NA
"FLUME",2026-01-31 02:45:00,NA,NA,NA
"FLUME",2026-01-31 03:00:00,NA,NA,NA
"FLUME",2026-01-31 03:15:00,NA,NA,NA
"FLUME",2026-01-31 03:30:00,NA,NA,NA
"FLUME",2026-01-31 03:45:00,NA,NA,NA
"FLUME",2026-01-31 04:00:00,NA,NA,NA
"FLUME",2026-01-31 04:15:00,NA,NA,NA
"FLUME",2026-01-31 04:30:00,NA,NA,NA
"FLUME",2026-01-31 04:45:00,NA,NA,NA
"FLUME",2026-01-31 05:00:00,NA,NA,NA
"FLUME",2026-01-31 05:15:00,NA,NA,NA
"FLUME",2026-01-31 05:30:00,NA,NA,NA
"FLUME",2026-01-31 05:45:00,NA,NA,NA
"FLUME",2026-01-31 06:00:00,NA,NA,NA
"FLUME",2026-01-31 06:15:00,NA,NA,NA
"FLUME",2026-01-31 06:30:00,NA,NA,NA
"FLUME",2026-01-31 06:45:00,NA,NA,NA
"FLUME",2026-01-31 07:00:00,NA,NA,NA
"FLUME",2026-01-31 07:15:00,NA,NA,NA
"FLUME",2026-01-31 07:30:00,NA,NA,NA
"FLUME",2026-01-31 07:45:00,NA,NA,NA
"FLUME",2026-01-31 08:00:00,NA,NA,NA
"FLUME",2026-01-31 08:15:00,NA,NA,NA
"FLUME",2026-01-31 08:30:00,NA,NA,NA
"FLUME",2026-01-31 08:45:00,NA,NA,NA
"FLUME",2026-01-31 09:00:00,NA,NA,NA
"FLUME",2026-01-31 09:15:00,NA,NA,NA
"FLUME",2026-01-31 09:30:00,NA,NA,NA
"FLUME",2026-01-31 09:45:00,NA,NA,NA
"FLUME",2026-01-31 10:00:00,NA,NA,NA
"FLUME",2026-01-31 10:15:00,NA,NA,NA
"FLUME",2026-01-31 10:30:00,NA,NA,NA
"FLUME",2026-01-31 10:45:00,NA,NA,NA
"FLUME",2026-01-31 11:00:00,NA,NA,NA
"FLUME",2026-01-31 11:15:00,NA,NA,NA
"FLUME",2026-01-31 11:30:00,NA,NA,NA
"FLUME",2026-01-31 11:45:00,NA,NA,NA
"FLUME",2026-01-31 12:00:00,NA,NA,NA
"FLUME",2026-01-31 12:15:00,NA,NA,NA
"FLUME",2026-01-31 12:30:00,NA,NA,NA
"FLUME",2026-01-31 12:45:00,NA,NA,NA
"FLUME",2026-01-31 13:00:00,NA,NA,NA
"FLUME",2026-01-31 13:15:00,NA,NA,NA
"FLUME",2026-01-31 13:30:00,NA,NA,NA
"FLUME",2026-01-31 13:45:00,NA,NA,NA
"FLUME",2026-01-31 14:00:00,NA,NA,NA
"FLUME",2026-01-31 14:15:00,NA,NA,NA
"FLUME",2026-01-31 14:30:00,NA,NA,NA
"FLUME",2026-01-31 14:45:00,NA,NA,NA
"FLUME",2026-01-31 15:00:00,NA,NA,NA
"FLUME",2026-01-31 15:15:00,NA,NA,NA
"FLUME",2026-01-31 15:30:00,NA,NA,NA
"FLUME",2026-01-31 15:45:00,NA,NA,NA
"FLUME",2026-01-31 16:00:00,NA,NA,NA
"FLUME",2026-01-31 16:15:00,NA,NA,NA
"FLUME",2026-01-31 16:30:00,NA,NA,NA
"FLUME",2026-01-31 16:45:00,NA,NA,NA
"FLUME",2026-01-31 17:00:00,NA,NA,NA
"FLUME",2026-01-31 17:15:00,NA,NA,NA
"FLUME",2026-01-31 17:30:00,NA,NA,NA
"FLUME",2026-01-31 17:45:00,NA,NA,NA
"FLUME",2026-01-31 18:00:00,NA,NA,NA
"FLUME",2026-01-31 18:15:00,NA,NA,NA
"FLUME",2026-01-31 18:30:00,NA,NA,NA
"FLUME",2026-01-31 18:45:00,NA,NA,NA
"FLUME",2026-01-31 19:00:00,NA,NA,NA
"FLUME",2026-01-31 19:15:00,NA,NA,NA
"FLUME",2026-01-31 19:30:00,NA,NA,NA
"FLUME",2026-01-31 19:45:00,NA,NA,NA
"FLUME",2026-01-31 20:00:00,NA,NA,NA
"FLUME",2026-01-31 20:15:00,NA,NA,NA
"FLUME",2026-01-31 20:30:00,NA,NA,NA
"FLUME",2026-01-31 20:45:00,NA,NA,NA
"FLUME",2026-01-31 21:00:00,NA,NA,NA
"FLUME",2026-01-31 21:15:00,NA,NA,NA
"FLUME",2026-01-31 21:30:00,NA,NA,NA
"FLUME",2026-01-31 21:45:00,NA,NA,NA
"FLUME",2026-01-31 22:00:00,NA,NA,NA
"FLUME",2026-01-31 22:15:00,NA,NA,NA
"FLUME",2026-01-31 22:30:00,NA,NA,NA
"FLUME",2026-01-31 22:45:00,NA,NA,NA
"FLUME",2026-01-31 23:00:00,NA,NA,NA
"FLUME",2026-01-31 23:15:00,NA,NA,NA
"FLUME",2026-01-31 23:30:00,NA,NA,NA
"FLUME",2026-01-31 23:45:00,NA,NA,NA
"FLUME",2026-02-01,NA,NA,NA
"FLUME",2026-02-01 00:15:00,NA,NA,NA
"FLUME",2026-02-01 00:30:00,NA,NA,NA
"FLUME",2026-02-01 00:45:00,NA,NA,NA
"FLUME",2026-02-01 01:00:00,NA,NA,NA
"FLUME",2026-02-01 01:15:00,NA,NA,NA
"FLUME",2026-02-01 01:30:00,NA,NA,NA
"FLUME",2026-02-01 01:45:00,NA,NA,NA
"FLUME",2026-02-01 02:00:00,NA,NA,NA
"FLUME",2026-02-01 02:15:00,NA,NA,NA
"FLUME",2026-02-01 02:30:00,NA,NA,NA
"FLUME",2026-02-01 02:45:00,NA,NA,NA
"FLUME",2026-02-01 03:00:00,NA,NA,NA
"FLUME",2026-02-01 03:15:00,NA,NA,NA
"FLUME",2026-02-01 03:30:00,NA,NA,NA
"FLUME",2026-02-01 03:45:00,NA,NA,NA
"FLUME",2026-02-01 04:00:00,NA,NA,NA
"FLUME",2026-02-01 04:15:00,NA,NA,NA
"FLUME",2026-02-01 04:30:00,NA,NA,NA
"FLUME",2026-02-01 04:45:00,NA,NA,NA
"FLUME",2026-02-01 05:00:00,NA,NA,NA
"FLUME",2026-02-01 05:15:00,NA,NA,NA
"FLUME",2026-02-01 05:30:00,NA,NA,NA
"FLUME",2026-02-01 05:45:00,NA,NA,NA
"FLUME",2026-02-01 06:00:00,NA,NA,NA
"FLUME",2026-02-01 06:15:00,NA,NA,NA
"FLUME",2026-02-01 06:30:00,NA,NA,NA
"FLUME",2026-02-01 06:45:00,NA,NA,NA
"FLUME",2026-02-01 07:00:00,NA,NA,NA
"FLUME",2026-02-01 07:15:00,NA,NA,NA
"FLUME",2026-02-01 07:30:00,NA,NA,NA
"FLUME",2026-02-01 07:45:00,NA,NA,NA
"FLUME",2026-02-01 08:00:00,NA,NA,NA
"FLUME",2026-02-01 08:15:00,NA,NA,NA
"FLUME",2026-02-01 08:30:00,NA,NA,NA
"FLUME",2026-02-01 08:45:00,NA,NA,NA
"FLUME",2026-02-01 09:00:00,NA,NA,NA
"FLUME",2026-02-01 09:15:00,NA,NA,NA
"FLUME",2026-02-01 09:30:00,NA,NA,NA
"FLUME",2026-02-01 09:45:00,NA,NA,NA
"FLUME",2026-02-01 10:00:00,NA,NA,NA
"FLUME",2026-02-01 10:15:00,NA,NA,NA
"FLUME",2026-02-01 10:30:00,NA,NA,NA
"FLUME",2026-02-01 10:45:00,NA,NA,NA
"FLUME",2026-02-01 11:00:00,NA,NA,NA
"FLUME",2026-02-01 11:15:00,NA,NA,NA
"FLUME",2026-02-01 11:30:00,NA,NA,NA
"FLUME",2026-02-01 11:45:00,NA,NA,NA
"FLUME",2026-02-01 12:00:00,NA,NA,NA
"FLUME",2026-02-01 12:15:00,NA,NA,NA
"FLUME",2026-02-01 12:30:00,NA,NA,NA
"FLUME",2026-02-01 12:45:00,NA,NA,NA
"FLUME",2026-02-01 13:00:00,NA,NA,NA
"FLUME",2026-02-01 13:15:00,NA,NA,NA
"FLUME",2026-02-01 13:30:00,NA,NA,NA
"FLUME",2026-02-01 13:45:00,NA,NA,NA
"FLUME",2026-02-01 14:00:00,NA,NA,NA
"FLUME",2026-02-01 14:15:00,NA,NA,NA
"FLUME",2026-02-01 14:30:00,NA,NA,NA
"FLUME",2026-02-01 14:45:00,NA,NA,NA
"FLUME",2026-02-01 15:00:00,NA,NA,NA
"FLUME",2026-02-01 15:15:00,NA,NA,NA
"FLUME",2026-02-01 15:30:00,NA,NA,NA
"FLUME",2026-02-01 15:45:00,NA,NA,NA
"FLUME",2026-02-01 16:00:00,NA,NA,NA
"FLUME",2026-02-01 16:15:00,NA,NA,NA
"FLUME",2026-02-01 16:30:00,NA,NA,NA
"FLUME",2026-02-01 16:45:00,NA,NA,NA
"FLUME",2026-02-01 17:00:00,NA,NA,NA
"FLUME",2026-02-01 17:15:00,NA,NA,NA
"FLUME",2026-02-01 17:30:00,NA,NA,NA
"FLUME",2026-02-01 17:45:00,NA,NA,NA
"FLUME",2026-02-01 18:00:00,NA,NA,NA
"FLUME",2026-02-01 18:15:00,NA,NA,NA
"FLUME",2026-02-01 18:30:00,NA,NA,NA
"FLUME",2026-02-01 18:45:00,NA,NA,NA
"FLUME",2026-02-01 19:00:00,NA,NA,NA
"FLUME",2026-02-01 19:15:00,NA,NA,NA
"FLUME",2026-02-01 19:30:00,NA,NA,NA
"FLUME",2026-02-01 19:45:00,NA,NA,NA
"FLUME",2026-02-01 20:00:00,NA,NA,NA
"FLUME",2026-02-01 20:15:00,NA,NA,NA
"FLUME",2026-02-01 20:30:00,NA,NA,NA
"FLUME",2026-02-01 20:45:00,NA,NA,NA
"FLUME",2026-02-01 21:00:00,NA,NA,NA
"FLUME",2026-02-01 21:15:00,NA,NA,NA
"FLUME",2026-02-01 21:30:00,NA,NA,NA
"FLUME",2026-02-01 21:45:00,NA,NA,NA
"FLUME",2026-02-01 22:00:00,NA,NA,NA
"FLUME",2026-02-01 22:15:00,NA,NA,NA
"FLUME",2026-02-01 22:30:00,NA,NA,NA
"FLUME",2026-02-01 22:45:00,NA,NA,NA
"FLUME",2026-02-01 23:00:00,NA,NA,NA
"FLUME",2026-02-01 23:15:00,NA,NA,NA
"FLUME",2026-02-01 23:30:00,NA,NA,NA
"FLUME",2026-02-01 23:45:00,NA,NA,NA
"FLUME",2026-02-02,NA,NA,NA
"FLUME",2026-02-02 00:15:00,NA,NA,NA
"FLUME",2026-02-02 00:30:00,NA,NA,NA
"FLUME",2026-02-02 00:45:00,NA,NA,NA
"FLUME",2026-02-02 01:00:00,NA,NA,NA
"FLUME",2026-02-02 01:15:00,NA,NA,NA
"FLUME",2026-02-02 01:30:00,NA,NA,NA
"FLUME",2026-02-02 01:45:00,NA,NA,NA
"FLUME",2026-02-02 02:00:00,NA,NA,NA
"FLUME",2026-02-02 02:15:00,NA,NA,NA
"FLUME",2026-02-02 02:30:00,NA,NA,NA
"FLUME",2026-02-02 02:45:00,NA,NA,NA
"FLUME",2026-02-02 03:00:00,NA,NA,NA
"FLUME",2026-02-02 03:15:00,NA,NA,NA
"FLUME",2026-02-02 03:30:00,NA,NA,NA
"FLUME",2026-02-02 03:45:00,NA,NA,NA
"FLUME",2026-02-02 04:00:00,NA,NA,NA
"FLUME",2026-02-02 04:15:00,NA,NA,NA
"FLUME",2026-02-02 04:30:00,NA,NA,NA
"FLUME",2026-02-02 04:45:00,NA,NA,NA
"FLUME",2026-02-02 05:00:00,NA,NA,NA
"FLUME",2026-02-02 05:15:00,NA,NA,NA
"FLUME",2026-02-02 05:30:00,NA,NA,NA
"FLUME",2026-02-02 05:45:00,NA,NA,NA
"FLUME",2026-02-02 06:00:00,NA,NA,NA
"FLUME",2026-02-02 06:15:00,NA,NA,NA
"FLUME",2026-02-02 06:30:00,NA,NA,NA
"FLUME",2026-02-02 06:45:00,NA,NA,NA
"FLUME",2026-02-02 07:00:00,NA,NA,NA
"FLUME",2026-02-02 07:15:00,NA,NA,NA
"FLUME",2026-02-02 07:30:00,NA,NA,NA
"FLUME",2026-02-02 07:45:00,NA,NA,NA
"FLUME",2026-02-02 08:00:00,NA,NA,NA
"FLUME",2026-02-02 08:15:00,NA,NA,NA
"FLUME",2026-02-02 08:30:00,NA,NA,NA
"FLUME",2026-02-02 08:45:00,NA,NA,NA
"FLUME",2026-02-02 09:00:00,NA,NA,NA
"FLUME",2026-02-02 09:15:00,NA,NA,NA
"FLUME",2026-02-02 09:30:00,NA,NA,NA
"FLUME",2026-02-02 09:45:00,NA,NA,NA
"FLUME",2026-02-02 10:00:00,NA,NA,NA
"FLUME",2026-02-02 10:15:00,NA,NA,NA
"FLUME",2026-02-02 10:30:00,NA,NA,NA
"FLUME",2026-02-02 10:45:00,NA,NA,NA
"FLUME",2026-02-02 11:00:00,NA,NA,NA
"FLUME",2026-02-02 11:15:00,NA,NA,NA
"FLUME",2026-02-02 11:30:00,NA,NA,NA
"FLUME",2026-02-02 11:45:00,NA,NA,NA
"FLUME",2026-02-02 12:00:00,NA,NA,NA
"FLUME",2026-02-02 12:15:00,NA,NA,NA
"FLUME",2026-02-02 12:30:00,NA,NA,NA
"FLUME",2026-02-02 12:45:00,NA,NA,NA
"FLUME",2026-02-02 13:00:00,NA,NA,NA
"FLUME",2026-02-02 13:15:00,NA,NA,NA
"FLUME",2026-02-02 13:30:00,NA,NA,NA
"FLUME",2026-02-02 13:45:00,NA,NA,NA
"FLUME",2026-02-02 14:00:00,NA,NA,NA
"FLUME",2026-02-02 14:15:00,NA,NA,NA
"FLUME",2026-02-02 14:30:00,NA,NA,NA
"FLUME",2026-02-02 14:45:00,NA,NA,NA
"FLUME",2026-02-02 15:00:00,NA,NA,NA
"FLUME",2026-02-02 15:15:00,NA,NA,NA
"FLUME",2026-02-02 15:30:00,NA,NA,NA
"FLUME",2026-02-02 15:45:00,NA,NA,NA
"FLUME",2026-02-02 16:00:00,NA,NA,NA
"FLUME",2026-02-02 16:15:00,NA,NA,NA
"FLUME",2026-02-02 16:30:00,NA,NA,NA
"FLUME",2026-02-02 16:45:00,NA,NA,NA
"FLUME",2026-02-02 17:00:00,NA,NA,NA
"FLUME",2026-02-02 17:15:00,NA,NA,NA
"FLUME",2026-02-02 17:30:00,NA,NA,NA
"FLUME",2026-02-02 17:45:00,NA,NA,NA
"FLUME",2026-02-02 18:00:00,NA,NA,NA
"FLUME",2026-02-02 18:15:00,NA,NA,NA
"FLUME",2026-02-02 18:30:00,NA,NA,NA
"FLUME",2026-02-02 18:45:00,NA,NA,NA
"FLUME",2026-02-02 19:00:00,NA,NA,NA
"FLUME",2026-02-02 19:15:00,NA,NA,NA
"FLUME",2026-02-02 19:30:00,NA,NA,NA
"FLUME",2026-02-02 19:45:00,NA,NA,NA
"FLUME",2026-02-02 20:00:00,NA,NA,NA
"FLUME",2026-02-02 20:15:00,NA,NA,NA
"FLUME",2026-02-02 20:30:00,NA,NA,NA
"FLUME",2026-02-02 20:45:00,NA,NA,NA
"FLUME",2026-02-02 21:00:00,NA,NA,NA
"FLUME",2026-02-02 21:15:00,NA,NA,NA
"FLUME",2026-02-02 21:30:00,NA,NA,NA
"FLUME",2026-02-02 21:45:00,NA,NA,NA
"FLUME",2026-02-02 22:00:00,NA,NA,NA
"FLUME",2026-02-02 22:15:00,NA,NA,NA
"FLUME",2026-02-02 22:30:00,NA,NA,NA
"FLUME",2026-02-02 22:45:00,NA,NA,NA
"FLUME",2026-02-02 23:00:00,NA,NA,NA
"FLUME",2026-02-02 23:15:00,NA,NA,NA
"FLUME",2026-02-02 23:30:00,NA,NA,NA
"FLUME",2026-02-02 23:45:00,NA,NA,NA
"FLUME",2026-02-03,NA,NA,NA
"FLUME",2026-02-03 00:15:00,NA,NA,NA
"FLUME",2026-02-03 00:30:00,NA,NA,NA
"FLUME",2026-02-03 00:45:00,NA,NA,NA
"FLUME",2026-02-03 01:00:00,NA,NA,NA
"FLUME",2026-02-03 01:15:00,NA,NA,NA
"FLUME",2026-02-03 01:30:00,NA,NA,NA
"FLUME",2026-02-03 01:45:00,NA,NA,NA
"FLUME",2026-02-03 02:00:00,NA,NA,NA
"FLUME",2026-02-03 02:15:00,NA,NA,NA
"FLUME",2026-02-03 02:30:00,NA,NA,NA
"FLUME",2026-02-03 02:45:00,NA,NA,NA
"FLUME",2026-02-03 03:00:00,NA,NA,NA
"FLUME",2026-02-03 03:15:00,NA,NA,NA
"FLUME",2026-02-03 03:30:00,NA,NA,NA
"FLUME",2026-02-03 03:45:00,NA,NA,NA
"FLUME",2026-02-03 04:00:00,NA,NA,NA
"FLUME",2026-02-03 04:15:00,NA,NA,NA
"FLUME",2026-02-03 04:30:00,NA,NA,NA
"FLUME",2026-02-03 04:45:00,NA,NA,NA
"FLUME",2026-02-03 05:00:00,NA,NA,NA
"FLUME",2026-02-03 05:15:00,NA,NA,NA
"FLUME",2026-02-03 05:30:00,NA,NA,NA
"FLUME",2026-02-03 05:45:00,NA,NA,NA
"FLUME",2026-02-03 06:00:00,NA,NA,NA
"FLUME",2026-02-03 06:15:00,NA,NA,NA
"FLUME",2026-02-03 06:30:00,NA,NA,NA
"FLUME",2026-02-03 06:45:00,NA,NA,NA
"FLUME",2026-02-03 07:00:00,NA,NA,NA
"FLUME",2026-02-03 07:15:00,NA,NA,NA
"FLUME",2026-02-03 07:30:00,NA,NA,NA
"FLUME",2026-02-03 07:45:00,NA,NA,NA
"FLUME",2026-02-03 08:00:00,NA,NA,NA
"FLUME",2026-02-03 08:15:00,NA,NA,NA
"FLUME",2026-02-03 08:30:00,NA,NA,NA
"FLUME",2026-02-03 08:45:00,NA,NA,NA
"FLUME",2026-02-03 09:00:00,NA,NA,NA
"FLUME",2026-02-03 09:15:00,NA,NA,NA
"FLUME",2026-02-03 09:30:00,NA,NA,NA
"FLUME",2026-02-03 09:45:00,NA,NA,NA
"FLUME",2026-02-03 10:00:00,NA,NA,NA
"FLUME",2026-02-03 10:15:00,NA,NA,NA
"FLUME",2026-02-03 10:30:00,NA,NA,NA
"FLUME",2026-02-03 10:45:00,NA,NA,NA
"FLUME",2026-02-03 11:00:00,NA,NA,NA
"FLUME",2026-02-03 11:15:00,NA,NA,NA
"FLUME",2026-02-03 11:30:00,NA,NA,NA
"FLUME",2026-02-03 11:45:00,NA,NA,NA
"FLUME",2026-02-03 12:00:00,NA,NA,NA
"FLUME",2026-02-03 12:15:00,NA,NA,NA
"FLUME",2026-02-03 12:30:00,NA,NA,NA
"FLUME",2026-02-03 12:45:00,NA,NA,NA
"FLUME",2026-02-03 13:00:00,NA,NA,NA
"FLUME",2026-02-03 13:15:00,NA,NA,NA
"FLUME",2026-02-03 13:30:00,NA,NA,NA
"FLUME",2026-02-03 13:45:00,NA,NA,NA
"FLUME",2026-02-03 14:00:00,NA,NA,NA
"FLUME",2026-02-03 14:15:00,NA,NA,NA
"FLUME",2026-02-03 14:30:00,NA,NA,NA
"FLUME",2026-02-03 14:45:00,NA,NA,NA
"FLUME",2026-02-03 15:00:00,NA,NA,NA
"FLUME",2026-02-03 15:15:00,NA,NA,NA
"FLUME",2026-02-03 15:30:00,NA,NA,NA
"FLUME",2026-02-03 15:45:00,NA,NA,NA
"FLUME",2026-02-03 16:00:00,NA,NA,NA
"FLUME",2026-02-03 16:15:00,NA,NA,NA
"FLUME",2026-02-03 16:30:00,NA,NA,NA
"FLUME",2026-02-03 16:45:00,NA,NA,NA
"FLUME",2026-02-03 17:00:00,NA,NA,NA
"FLUME",2026-02-03 17:15:00,NA,NA,NA
"FLUME",2026-02-03 17:30:00,NA,NA,NA
"FLUME",2026-02-03 17:45:00,NA,NA,NA
"FLUME",2026-02-03 18:00:00,NA,NA,NA
"FLUME",2026-02-03 18:15:00,NA,NA,NA
"FLUME",2026-02-03 18:30:00,NA,NA,NA
"FLUME",2026-02-03 18:45:00,NA,NA,NA
"FLUME",2026-02-03 19:00:00,NA,NA,NA
"FLUME",2026-02-03 19:15:00,NA,NA,NA
"FLUME",2026-02-03 19:30:00,NA,NA,NA
"FLUME",2026-02-03 19:45:00,NA,NA,NA
"FLUME",2026-02-03 20:00:00,NA,NA,NA
"FLUME",2026-02-03 20:15:00,NA,NA,NA
"FLUME",2026-02-03 20:30:00,NA,NA,NA
"FLUME",2026-02-03 20:45:00,NA,NA,NA
"FLUME",2026-02-03 21:00:00,NA,NA,NA
"FLUME",2026-02-03 21:15:00,NA,NA,NA
"FLUME",2026-02-03 21:30:00,NA,NA,NA
"FLUME",2026-02-03 21:45:00,NA,NA,NA
"FLUME",2026-02-03 22:00:00,NA,NA,NA
"FLUME",2026-02-03 22:15:00,NA,NA,NA
"FLUME",2026-02-03 22:30:00,NA,NA,NA
"FLUME",2026-02-03 22:45:00,NA,NA,NA
"FLUME",2026-02-03 23:00:00,NA,NA,NA
"FLUME",2026-02-03 23:15:00,NA,NA,NA
"FLUME",2026-02-03 23:30:00,NA,NA,NA
"FLUME",2026-02-03 23:45:00,NA,NA,NA
"FLUME",2026-02-04,NA,NA,NA
"FLUME",2026-02-04 00:15:00,NA,NA,NA
"FLUME",2026-02-04 00:30:00,NA,NA,NA
"FLUME",2026-02-04 00:45:00,NA,NA,NA
"FLUME",2026-02-04 01:00:00,NA,NA,NA
"FLUME",2026-02-04 01:15:00,NA,NA,NA
"FLUME",2026-02-04 01:30:00,NA,NA,NA
"FLUME",2026-02-04 01:45:00,NA,NA,NA
"FLUME",2026-02-04 02:00:00,NA,NA,NA
"FLUME",2026-02-04 02:15:00,NA,NA,NA
"FLUME",2026-02-04 02:30:00,NA,NA,NA
"FLUME",2026-02-04 02:45:00,NA,NA,NA
"FLUME",2026-02-04 03:00:00,NA,NA,NA
"FLUME",2026-02-04 03:15:00,NA,NA,NA
"FLUME",2026-02-04 03:30:00,NA,NA,NA
"FLUME",2026-02-04 03:45:00,NA,NA,NA
"FLUME",2026-02-04 04:00:00,NA,NA,NA
"FLUME",2026-02-04 04:15:00,NA,NA,NA
"FLUME",2026-02-04 04:30:00,NA,NA,NA
"FLUME",2026-02-04 04:45:00,NA,NA,NA
"FLUME",2026-02-04 05:00:00,NA,NA,NA
"FLUME",2026-02-04 05:15:00,NA,NA,NA
"FLUME",2026-02-04 05:30:00,NA,NA,NA
"FLUME",2026-02-04 05:45:00,NA,NA,NA
"FLUME",2026-02-04 06:00:00,NA,NA,NA
"FLUME",2026-02-04 06:15:00,NA,NA,NA
"FLUME",2026-02-04 06:30:00,NA,NA,NA
"FLUME",2026-02-04 06:45:00,NA,NA,NA
"FLUME",2026-02-04 07:00:00,NA,NA,NA
"FLUME",2026-02-04 07:15:00,NA,NA,NA
"FLUME",2026-02-04 07:30:00,NA,NA,NA
"FLUME",2026-02-04 07:45:00,NA,NA,NA
"FLUME",2026-02-04 08:00:00,NA,NA,NA
"FLUME",2026-02-04 08:15:00,NA,NA,NA
"FLUME",2026-02-04 08:30:00,NA,NA,NA
"FLUME",2026-02-04 08:45:00,NA,NA,NA
"FLUME",2026-02-04 09:00:00,NA,NA,NA
"FLUME",2026-02-04 09:15:00,NA,NA,NA
"FLUME",2026-02-04 09:30:00,NA,NA,NA
"FLUME",2026-02-04 09:45:00,NA,NA,NA
"FLUME",2026-02-04 10:00:00,NA,NA,NA
"FLUME",2026-02-04 10:15:00,NA,NA,NA
"FLUME",2026-02-04 10:30:00,NA,NA,NA
"FLUME",2026-02-04 10:45:00,NA,NA,NA
"FLUME",2026-02-04 11:00:00,NA,NA,NA
"FLUME",2026-02-04 11:15:00,NA,NA,NA
"FLUME",2026-02-04 11:30:00,NA,NA,NA
"FLUME",2026-02-04 11:45:00,NA,NA,NA
"FLUME",2026-02-04 12:00:00,NA,NA,NA
"FLUME",2026-02-04 12:15:00,NA,NA,NA
"FLUME",2026-02-04 12:30:00,NA,NA,NA
"FLUME",2026-02-04 12:45:00,NA,NA,NA
"FLUME",2026-02-04 13:00:00,NA,NA,NA
"FLUME",2026-02-04 13:15:00,NA,NA,NA
"FLUME",2026-02-04 13:30:00,NA,NA,NA
"FLUME",2026-02-04 13:45:00,NA,NA,NA
"FLUME",2026-02-04 14:00:00,NA,NA,NA
"FLUME",2026-02-04 14:15:00,NA,NA,NA
"FLUME",2026-02-04 14:30:00,NA,NA,NA
"FLUME",2026-02-04 14:45:00,NA,NA,NA
"FLUME",2026-02-04 15:00:00,NA,NA,NA
"FLUME",2026-02-04 15:15:00,NA,NA,NA
"FLUME",2026-02-04 15:30:00,NA,NA,NA
"FLUME",2026-02-04 15:45:00,NA,NA,NA
"FLUME",2026-02-04 16:00:00,NA,NA,NA
"FLUME",2026-02-04 16:15:00,NA,NA,NA
"FLUME",2026-02-04 16:30:00,NA,NA,NA
"FLUME",2026-02-04 16:45:00,NA,NA,NA
"FLUME",2026-02-04 17:00:00,NA,NA,NA
"FLUME",2026-02-04 17:15:00,NA,NA,NA
"FLUME",2026-02-04 17:30:00,NA,NA,NA
"FLUME",2026-02-04 17:45:00,NA,NA,NA
"FLUME",2026-02-04 18:00:00,NA,NA,NA
"FLUME",2026-02-04 18:15:00,NA,NA,NA
"FLUME",2026-02-04 18:30:00,NA,NA,NA
"FLUME",2026-02-04 18:45:00,NA,NA,NA
"FLUME",2026-02-04 19:00:00,NA,NA,NA
"FLUME",2026-02-04 19:15:00,NA,NA,NA
"FLUME",2026-02-04 19:30:00,NA,NA,NA
"FLUME",2026-02-04 19:45:00,NA,NA,NA
"FLUME",2026-02-04 20:00:00,NA,NA,NA
"FLUME",2026-02-04 20:15:00,NA,NA,NA
"FLUME",2026-02-04 20:30:00,NA,NA,NA
"FLUME",2026-02-04 20:45:00,NA,NA,NA
"FLUME",2026-02-04 21:00:00,NA,NA,NA
"FLUME",2026-02-04 21:15:00,NA,NA,NA
"FLUME",2026-02-04 21:30:00,NA,NA,NA
"FLUME",2026-02-04 21:45:00,NA,NA,NA
"FLUME",2026-02-04 22:00:00,NA,NA,NA
"FLUME",2026-02-04 22:15:00,NA,NA,NA
"FLUME",2026-02-04 22:30:00,NA,NA,NA
"FLUME",2026-02-04 22:45:00,NA,NA,NA
"FLUME",2026-02-04 23:00:00,NA,NA,NA
"FLUME",2026-02-04 23:15:00,NA,NA,NA
"FLUME",2026-02-04 23:30:00,NA,NA,NA
"FLUME",2026-02-04 23:45:00,NA,NA,NA
"FLUME",2026-02-05,NA,NA,NA
"FLUME",2026-02-05 00:15:00,NA,NA,NA
"FLUME",2026-02-05 00:30:00,NA,NA,NA
"FLUME",2026-02-05 00:45:00,NA,NA,NA
"FLUME",2026-02-05 01:00:00,NA,NA,NA
"FLUME",2026-02-05 01:15:00,NA,NA,NA
"FLUME",2026-02-05 01:30:00,NA,NA,NA
"FLUME",2026-02-05 01:45:00,NA,NA,NA
"FLUME",2026-02-05 02:00:00,NA,NA,NA
"FLUME",2026-02-05 02:15:00,NA,NA,NA
"FLUME",2026-02-05 02:30:00,NA,NA,NA
"FLUME",2026-02-05 02:45:00,NA,NA,NA
"FLUME",2026-02-05 03:00:00,NA,NA,NA
"FLUME",2026-02-05 03:15:00,NA,NA,NA
"FLUME",2026-02-05 03:30:00,NA,NA,NA
"FLUME",2026-02-05 03:45:00,NA,NA,NA
"FLUME",2026-02-05 04:00:00,NA,NA,NA
"FLUME",2026-02-05 04:15:00,NA,NA,NA
"FLUME",2026-02-05 04:30:00,NA,NA,NA
"FLUME",2026-02-05 04:45:00,NA,NA,NA
"FLUME",2026-02-05 05:00:00,NA,NA,NA
"FLUME",2026-02-05 05:15:00,NA,NA,NA
"FLUME",2026-02-05 05:30:00,NA,NA,NA
"FLUME",2026-02-05 05:45:00,NA,NA,NA
"FLUME",2026-02-05 06:00:00,NA,NA,NA
"FLUME",2026-02-05 06:15:00,NA,NA,NA
"FLUME",2026-02-05 06:30:00,NA,NA,NA
"FLUME",2026-02-05 06:45:00,NA,NA,NA
"FLUME",2026-02-05 07:00:00,NA,NA,NA
"FLUME",2026-02-05 07:15:00,NA,NA,NA
"FLUME",2026-02-05 07:30:00,NA,NA,NA
"FLUME",2026-02-05 07:45:00,NA,NA,NA
"FLUME",2026-02-05 08:00:00,NA,NA,NA
"FLUME",2026-02-05 08:15:00,NA,NA,NA
"FLUME",2026-02-05 08:30:00,NA,NA,NA
"FLUME",2026-02-05 08:45:00,NA,NA,NA
"FLUME",2026-02-05 09:00:00,NA,NA,NA
"FLUME",2026-02-05 09:15:00,NA,NA,NA
"FLUME",2026-02-05 09:30:00,NA,NA,NA
"FLUME",2026-02-05 09:45:00,NA,NA,NA
"FLUME",2026-02-05 10:00:00,NA,NA,NA
"FLUME",2026-02-05 10:15:00,NA,NA,NA
"FLUME",2026-02-05 10:30:00,NA,NA,NA
"FLUME",2026-02-05 10:45:00,NA,NA,NA
"FLUME",2026-02-05 11:00:00,NA,NA,NA
"FLUME",2026-02-05 11:15:00,NA,NA,NA
"FLUME",2026-02-05 11:30:00,NA,NA,NA
"FLUME",2026-02-05 11:45:00,NA,NA,NA
"FLUME",2026-02-05 12:00:00,NA,NA,NA
"FLUME",2026-02-05 12:15:00,NA,NA,NA
"FLUME",2026-02-05 12:30:00,NA,NA,NA
"FLUME",2026-02-05 12:45:00,NA,NA,NA
"FLUME",2026-02-05 13:00:00,NA,NA,NA
"FLUME",2026-02-05 13:15:00,NA,NA,NA
"FLUME",2026-02-05 13:30:00,NA,NA,NA
"FLUME",2026-02-05 13:45:00,NA,NA,NA
"FLUME",2026-02-05 14:00:00,NA,NA,NA
"FLUME",2026-02-05 14:15:00,NA,NA,NA
"FLUME",2026-02-05 14:30:00,NA,NA,NA
"FLUME",2026-02-05 14:45:00,NA,NA,NA
"FLUME",2026-02-05 15:00:00,NA,NA,NA
"FLUME",2026-02-05 15:15:00,NA,NA,NA
"FLUME",2026-02-05 15:30:00,NA,NA,NA
"FLUME",2026-02-05 15:45:00,NA,NA,NA
"FLUME",2026-02-05 16:00:00,NA,NA,NA
"FLUME",2026-02-05 16:15:00,NA,NA,NA
"FLUME",2026-02-05 16:30:00,NA,NA,NA
"FLUME",2026-02-05 16:45:00,NA,NA,NA
"FLUME",2026-02-05 17:00:00,NA,NA,NA
"FLUME",2026-02-05 17:15:00,NA,NA,NA
"FLUME",2026-02-05 17:30:00,NA,NA,NA
"FLUME",2026-02-05 17:45:00,NA,NA,NA
"FLUME",2026-02-05 18:00:00,NA,NA,NA
"FLUME",2026-02-05 18:15:00,NA,NA,NA
"FLUME",2026-02-05 18:30:00,NA,NA,NA
"FLUME",2026-02-05 18:45:00,NA,NA,NA
"FLUME",2026-02-05 19:00:00,NA,NA,NA
"FLUME",2026-02-05 19:15:00,NA,NA,NA
"FLUME",2026-02-05 19:30:00,NA,NA,NA
"FLUME",2026-02-05 19:45:00,NA,NA,NA
"FLUME",2026-02-05 20:00:00,NA,NA,NA
"FLUME",2026-02-05 20:15:00,NA,NA,NA
"FLUME",2026-02-05 20:30:00,NA,NA,NA
"FLUME",2026-02-05 20:45:00,NA,NA,NA
"FLUME",2026-02-05 21:00:00,NA,NA,NA
"FLUME",2026-02-05 21:15:00,NA,NA,NA
"FLUME",2026-02-05 21:30:00,NA,NA,NA
"FLUME",2026-02-05 21:45:00,NA,NA,NA
"FLUME",2026-02-05 22:00:00,NA,NA,NA
"FLUME",2026-02-05 22:15:00,NA,NA,NA
"FLUME",2026-02-05 22:30:00,NA,NA,NA
"FLUME",2026-02-05 22:45:00,NA,NA,NA
"FLUME",2026-02-05 23:00:00,NA,NA,NA
"FLUME",2026-02-05 23:15:00,NA,NA,NA
"FLUME",2026-02-05 23:30:00,NA,NA,NA
"FLUME",2026-02-05 23:45:00,NA,NA,NA
"FLUME",2026-02-06,NA,NA,NA
"FLUME",2026-02-06 00:15:00,NA,NA,NA
"FLUME",2026-02-06 00:30:00,NA,NA,NA
"FLUME",2026-02-06 00:45:00,NA,NA,NA
"FLUME",2026-02-06 01:00:00,NA,NA,NA
"FLUME",2026-02-06 01:15:00,NA,NA,NA
"FLUME",2026-02-06 01:30:00,NA,NA,NA
"FLUME",2026-02-06 01:45:00,NA,NA,NA
"FLUME",2026-02-06 02:00:00,NA,NA,NA
"FLUME",2026-02-06 02:15:00,NA,NA,NA
"FLUME",2026-02-06 02:30:00,NA,NA,NA
"FLUME",2026-02-06 02:45:00,NA,NA,NA
"FLUME",2026-02-06 03:00:00,NA,NA,NA
"FLUME",2026-02-06 03:15:00,NA,NA,NA
"FLUME",2026-02-06 03:30:00,NA,NA,NA
"FLUME",2026-02-06 03:45:00,NA,NA,NA
"FLUME",2026-02-06 04:00:00,NA,NA,NA
"FLUME",2026-02-06 04:15:00,NA,NA,NA
"FLUME",2026-02-06 04:30:00,NA,NA,NA
"FLUME",2026-02-06 04:45:00,NA,NA,NA
"FLUME",2026-02-06 05:00:00,NA,NA,NA
"FLUME",2026-02-06 05:15:00,NA,NA,NA
"FLUME",2026-02-06 05:30:00,NA,NA,NA
"FLUME",2026-02-06 05:45:00,NA,NA,NA
"FLUME",2026-02-06 06:00:00,NA,NA,NA
"FLUME",2026-02-06 06:15:00,NA,NA,NA
"FLUME",2026-02-06 06:30:00,NA,NA,NA
"FLUME",2026-02-06 06:45:00,NA,NA,NA
"FLUME",2026-02-06 07:00:00,NA,NA,NA
"FLUME",2026-02-06 07:15:00,NA,NA,NA
"FLUME",2026-02-06 07:30:00,NA,NA,NA
"FLUME",2026-02-06 07:45:00,NA,NA,NA
"FLUME",2026-02-06 08:00:00,NA,NA,NA
"FLUME",2026-02-06 08:15:00,NA,NA,NA
"FLUME",2026-02-06 08:30:00,NA,NA,NA
"FLUME",2026-02-06 08:45:00,NA,NA,NA
"FLUME",2026-02-06 09:00:00,NA,NA,NA
"FLUME",2026-02-06 09:15:00,NA,NA,NA
"FLUME",2026-02-06 09:30:00,NA,NA,NA
"FLUME",2026-02-06 09:45:00,NA,NA,NA
"FLUME",2026-02-06 10:00:00,NA,NA,NA
"FLUME",2026-02-06 10:15:00,NA,NA,NA
"FLUME",2026-02-06 10:30:00,NA,NA,NA
"FLUME",2026-02-06 10:45:00,NA,NA,NA
"FLUME",2026-02-06 11:00:00,NA,NA,NA
"FLUME",2026-02-06 11:15:00,NA,NA,NA
"FLUME",2026-02-06 11:30:00,NA,NA,NA
"FLUME",2026-02-06 11:45:00,NA,NA,NA
"FLUME",2026-02-06 12:00:00,NA,NA,NA
"FLUME",2026-02-06 12:15:00,NA,NA,NA
"FLUME",2026-02-06 12:30:00,NA,NA,NA
"FLUME",2026-02-06 12:45:00,NA,NA,NA
"FLUME",2026-02-06 13:00:00,NA,NA,NA
"FLUME",2026-02-06 13:15:00,NA,NA,NA
"FLUME",2026-02-06 13:30:00,NA,NA,NA
"FLUME",2026-02-06 13:45:00,NA,NA,NA
"FLUME",2026-02-06 14:00:00,NA,NA,NA
"FLUME",2026-02-06 14:15:00,NA,NA,NA
"FLUME",2026-02-06 14:30:00,NA,NA,NA
"FLUME",2026-02-06 14:45:00,NA,NA,NA
"FLUME",2026-02-06 15:00:00,NA,NA,NA
"FLUME",2026-02-06 15:15:00,NA,NA,NA
"FLUME",2026-02-06 15:30:00,NA,NA,NA
"FLUME",2026-02-06 15:45:00,NA,NA,NA
"FLUME",2026-02-06 16:00:00,NA,NA,NA
"FLUME",2026-02-06 16:15:00,NA,NA,NA
"FLUME",2026-02-06 16:30:00,NA,NA,NA
"FLUME",2026-02-06 16:45:00,NA,NA,NA
"FLUME",2026-02-06 17:00:00,NA,NA,NA
"FLUME",2026-02-06 17:15:00,NA,NA,NA
"FLUME",2026-02-06 17:30:00,NA,NA,NA
"FLUME",2026-02-06 17:45:00,NA,NA,NA
"FLUME",2026-02-06 18:00:00,NA,NA,NA
"FLUME",2026-02-06 18:15:00,NA,NA,NA
"FLUME",2026-02-06 18:30:00,NA,NA,NA
"FLUME",2026-02-06 18:45:00,NA,NA,NA
"FLUME",2026-02-06 19:00:00,NA,NA,NA
"FLUME",2026-02-06 19:15:00,NA,NA,NA
"FLUME",2026-02-06 19:30:00,NA,NA,NA
"FLUME",2026-02-06 19:45:00,NA,NA,NA
"FLUME",2026-02-06 20:00:00,NA,NA,NA
"FLUME",2026-02-06 20:15:00,NA,NA,NA
"FLUME",2026-02-06 20:30:00,NA,NA,NA
"FLUME",2026-02-06 20:45:00,NA,NA,NA
"FLUME",2026-02-06 21:00:00,NA,NA,NA
"FLUME",2026-02-06 21:15:00,NA,NA,NA
"FLUME",2026-02-06 21:30:00,NA,NA,NA
"FLUME",2026-02-06 21:45:00,NA,NA,NA
"FLUME",2026-02-06 22:00:00,NA,NA,NA
"FLUME",2026-02-06 22:15:00,NA,NA,NA
"FLUME",2026-02-06 22:30:00,NA,NA,NA
"FLUME",2026-02-06 22:45:00,NA,NA,NA
"FLUME",2026-02-06 23:00:00,NA,NA,NA
"FLUME",2026-02-06 23:15:00,NA,NA,NA
"FLUME",2026-02-06 23:30:00,NA,NA,NA
"FLUME",2026-02-06 23:45:00,NA,NA,NA
"FLUME",2026-02-07,NA,NA,NA
"FLUME",2026-02-07 00:15:00,NA,NA,NA
"FLUME",2026-02-07 00:30:00,NA,NA,NA
"FLUME",2026-02-07 00:45:00,NA,NA,NA
"FLUME",2026-02-07 01:00:00,NA,NA,NA
"FLUME",2026-02-07 01:15:00,NA,NA,NA
"FLUME",2026-02-07 01:30:00,NA,NA,NA
"FLUME",2026-02-07 01:45:00,NA,NA,NA
"FLUME",2026-02-07 02:00:00,NA,NA,NA
"FLUME",2026-02-07 02:15:00,NA,NA,NA
"FLUME",2026-02-07 02:30:00,NA,NA,NA
"FLUME",2026-02-07 02:45:00,NA,NA,NA
"FLUME",2026-02-07 03:00:00,NA,NA,NA
"FLUME",2026-02-07 03:15:00,NA,NA,NA
"FLUME",2026-02-07 03:30:00,NA,NA,NA
"FLUME",2026-02-07 03:45:00,NA,NA,NA
"FLUME",2026-02-07 04:00:00,NA,NA,NA
"FLUME",2026-02-07 04:15:00,NA,NA,NA
"FLUME",2026-02-07 04:30:00,NA,NA,NA
"FLUME",2026-02-07 04:45:00,NA,NA,NA
"FLUME",2026-02-07 05:00:00,NA,NA,NA
"FLUME",2026-02-07 05:15:00,NA,NA,NA
"FLUME",2026-02-07 05:30:00,NA,NA,NA
"FLUME",2026-02-07 05:45:00,NA,NA,NA
"FLUME",2026-02-07 06:00:00,NA,NA,NA
"FLUME",2026-02-07 06:15:00,NA,NA,NA
"FLUME",2026-02-07 06:30:00,NA,NA,NA
"FLUME",2026-02-07 06:45:00,NA,NA,NA
"FLUME",2026-02-07 07:00:00,NA,NA,NA
"FLUME",2026-02-07 07:15:00,NA,NA,NA
"FLUME",2026-02-07 07:30:00,NA,NA,NA
"FLUME",2026-02-07 07:45:00,NA,NA,NA
"FLUME",2026-02-07 08:00:00,NA,NA,NA
"FLUME",2026-02-07 08:15:00,NA,NA,NA
"FLUME",2026-02-07 08:30:00,NA,NA,NA
"FLUME",2026-02-07 08:45:00,NA,NA,NA
"FLUME",2026-02-07 09:00:00,NA,NA,NA
"FLUME",2026-02-07 09:15:00,NA,NA,NA
"FLUME",2026-02-07 09:30:00,NA,NA,NA
"FLUME",2026-02-07 09:45:00,NA,NA,NA
"FLUME",2026-02-07 10:00:00,NA,NA,NA
"FLUME",2026-02-07 10:15:00,NA,NA,NA
"FLUME",2026-02-07 10:30:00,NA,NA,NA
"FLUME",2026-02-07 10:45:00,NA,NA,NA
"FLUME",2026-02-07 11:00:00,NA,NA,NA
"FLUME",2026-02-07 11:15:00,NA,NA,NA
"FLUME",2026-02-07 11:30:00,NA,NA,NA
"FLUME",2026-02-07 11:45:00,NA,NA,NA
"FLUME",2026-02-07 12:00:00,NA,NA,NA
"FLUME",2026-02-07 12:15:00,NA,NA,NA
"FLUME",2026-02-07 12:30:00,NA,NA,NA
"FLUME",2026-02-07 12:45:00,NA,NA,NA
"FLUME",2026-02-07 13:00:00,NA,NA,NA
"FLUME",2026-02-07 13:15:00,NA,NA,NA
"FLUME",2026-02-07 13:30:00,NA,NA,NA
"FLUME",2026-02-07 13:45:00,NA,NA,NA
"FLUME",2026-02-07 14:00:00,NA,NA,NA
"FLUME",2026-02-07 14:15:00,NA,NA,NA
"FLUME",2026-02-07 14:30:00,NA,NA,NA
"FLUME",2026-02-07 14:45:00,NA,NA,NA
"FLUME",2026-02-07 15:00:00,NA,NA,NA
"FLUME",2026-02-07 15:15:00,NA,NA,NA
"FLUME",2026-02-07 15:30:00,NA,NA,NA
"FLUME",2026-02-07 15:45:00,NA,NA,NA
"FLUME",2026-02-07 16:00:00,NA,NA,NA
"FLUME",2026-02-07 16:15:00,NA,NA,NA
"FLUME",2026-02-07 16:30:00,NA,NA,NA
"FLUME",2026-02-07 16:45:00,NA,NA,NA
"FLUME",2026-02-07 17:00:00,NA,NA,NA
"FLUME",2026-02-07 17:15:00,NA,NA,NA
"FLUME",2026-02-07 17:30:00,NA,NA,NA
"FLUME",2026-02-07 17:45:00,NA,NA,NA
"FLUME",2026-02-07 18:00:00,NA,NA,NA
"FLUME",2026-02-07 18:15:00,NA,NA,NA
"FLUME",2026-02-07 18:30:00,NA,NA,NA
"FLUME",2026-02-07 18:45:00,NA,NA,NA
"FLUME",2026-02-07 19:00:00,NA,NA,NA
"FLUME",2026-02-07 19:15:00,NA,NA,NA
"FLUME",2026-02-07 19:30:00,NA,NA,NA
"FLUME",2026-02-07 19:45:00,NA,NA,NA
"FLUME",2026-02-07 20:00:00,NA,NA,NA
"FLUME",2026-02-07 20:15:00,NA,NA,NA
"FLUME",2026-02-07 20:30:00,NA,NA,NA
"FLUME",2026-02-07 20:45:00,NA,NA,NA
"FLUME",2026-02-07 21:00:00,NA,NA,NA
"FLUME",2026-02-07 21:15:00,NA,NA,NA
"FLUME",2026-02-07 21:30:00,NA,NA,NA
"FLUME",2026-02-07 21:45:00,NA,NA,NA
"FLUME",2026-02-07 22:00:00,NA,NA,NA
"FLUME",2026-02-07 22:15:00,NA,NA,NA
"FLUME",2026-02-07 22:30:00,NA,NA,NA
"FLUME",2026-02-07 22:45:00,NA,NA,NA
"FLUME",2026-02-07 23:00:00,NA,NA,NA
"FLUME",2026-02-07 23:15:00,NA,NA,NA
"FLUME",2026-02-07 23:30:00,NA,NA,NA
"FLUME",2026-02-07 23:45:00,NA,NA,NA
"FLUME",2026-02-08,NA,NA,NA
"FLUME",2026-02-08 00:15:00,NA,NA,NA
"FLUME",2026-02-08 00:30:00,NA,NA,NA
"FLUME",2026-02-08 00:45:00,NA,NA,NA
"FLUME",2026-02-08 01:00:00,NA,NA,NA
"FLUME",2026-02-08 01:15:00,NA,NA,NA
"FLUME",2026-02-08 01:30:00,NA,NA,NA
"FLUME",2026-02-08 01:45:00,NA,NA,NA
"FLUME",2026-02-08 02:00:00,NA,NA,NA
"FLUME",2026-02-08 02:15:00,NA,NA,NA
"FLUME",2026-02-08 02:30:00,NA,NA,NA
"FLUME",2026-02-08 02:45:00,NA,NA,NA
"FLUME",2026-02-08 03:00:00,NA,NA,NA
"FLUME",2026-02-08 03:15:00,NA,NA,NA
"FLUME",2026-02-08 03:30:00,NA,NA,NA
"FLUME",2026-02-08 03:45:00,NA,NA,NA
"FLUME",2026-02-08 04:00:00,NA,NA,NA
"FLUME",2026-02-08 04:15:00,NA,NA,NA
"FLUME",2026-02-08 04:30:00,NA,NA,NA
"FLUME",2026-02-08 04:45:00,NA,NA,NA
"FLUME",2026-02-08 05:00:00,NA,NA,NA
"FLUME",2026-02-08 05:15:00,NA,NA,NA
"FLUME",2026-02-08 05:30:00,NA,NA,NA
"FLUME",2026-02-08 05:45:00,NA,NA,NA
"FLUME",2026-02-08 06:00:00,NA,NA,NA
"FLUME",2026-02-08 06:15:00,NA,NA,NA
"FLUME",2026-02-08 06:30:00,NA,NA,NA
"FLUME",2026-02-08 06:45:00,NA,NA,NA
"FLUME",2026-02-08 07:00:00,NA,NA,NA
"FLUME",2026-02-08 07:15:00,NA,NA,NA
"FLUME",2026-02-08 07:30:00,NA,NA,NA
"FLUME",2026-02-08 07:45:00,NA,NA,NA
"FLUME",2026-02-08 08:00:00,NA,NA,NA
"FLUME",2026-02-08 08:15:00,NA,NA,NA
"FLUME",2026-02-08 08:30:00,NA,NA,NA
"FLUME",2026-02-08 08:45:00,NA,NA,NA
"FLUME",2026-02-08 09:00:00,NA,NA,NA
"FLUME",2026-02-08 09:15:00,NA,NA,NA
"FLUME",2026-02-08 09:30:00,NA,NA,NA
"FLUME",2026-02-08 09:45:00,NA,NA,NA
"FLUME",2026-02-08 10:00:00,NA,NA,NA
"FLUME",2026-02-08 10:15:00,NA,NA,NA
"FLUME",2026-02-08 10:30:00,NA,NA,NA
"FLUME",2026-02-08 10:45:00,NA,NA,NA
"FLUME",2026-02-08 11:00:00,NA,NA,NA
"FLUME",2026-02-08 11:15:00,NA,NA,NA
"FLUME",2026-02-08 11:30:00,NA,NA,NA
"FLUME",2026-02-08 11:45:00,NA,NA,NA
"FLUME",2026-02-08 12:00:00,NA,NA,NA
"FLUME",2026-02-08 12:15:00,NA,NA,NA
"FLUME",2026-02-08 12:30:00,NA,NA,NA
"FLUME",2026-02-08 12:45:00,NA,NA,NA
"FLUME",2026-02-08 13:00:00,NA,NA,NA
"FLUME",2026-02-08 13:15:00,NA,NA,NA
"FLUME",2026-02-08 13:30:00,NA,NA,NA
"FLUME",2026-02-08 13:45:00,NA,NA,NA
"FLUME",2026-02-08 14:00:00,NA,NA,NA
"FLUME",2026-02-08 14:15:00,NA,NA,NA
"FLUME",2026-02-08 14:30:00,NA,NA,NA
"FLUME",2026-02-08 14:45:00,NA,NA,NA
"FLUME",2026-02-08 15:00:00,NA,NA,NA
"FLUME",2026-02-08 15:15:00,NA,NA,NA
"FLUME",2026-02-08 15:30:00,NA,NA,NA
"FLUME",2026-02-08 15:45:00,NA,NA,NA
"FLUME",2026-02-08 16:00:00,NA,NA,NA
"FLUME",2026-02-08 16:15:00,NA,NA,NA
"FLUME",2026-02-08 16:30:00,NA,NA,NA
"FLUME",2026-02-08 16:45:00,NA,NA,NA
"FLUME",2026-02-08 17:00:00,NA,NA,NA
"FLUME",2026-02-08 17:15:00,NA,NA,NA
"FLUME",2026-02-08 17:30:00,NA,NA,NA
"FLUME",2026-02-08 17:45:00,NA,NA,NA
"FLUME",2026-02-08 18:00:00,NA,NA,NA
"FLUME",2026-02-08 18:15:00,NA,NA,NA
"FLUME",2026-02-08 18:30:00,NA,NA,NA
"FLUME",2026-02-08 18:45:00,NA,NA,NA
"FLUME",2026-02-08 19:00:00,NA,NA,NA
"FLUME",2026-02-08 19:15:00,NA,NA,NA
"FLUME",2026-02-08 19:30:00,NA,NA,NA
"FLUME",2026-02-08 19:45:00,NA,NA,NA
"FLUME",2026-02-08 20:00:00,NA,NA,NA
"FLUME",2026-02-08 20:15:00,NA,NA,NA
"FLUME",2026-02-08 20:30:00,NA,NA,NA
"FLUME",2026-02-08 20:45:00,NA,NA,NA
"FLUME",2026-02-08 21:00:00,NA,NA,NA
"FLUME",2026-02-08 21:15:00,NA,NA,NA
"FLUME",2026-02-08 21:30:00,NA,NA,NA
"FLUME",2026-02-08 21:45:00,NA,NA,NA
"FLUME",2026-02-08 22:00:00,NA,NA,NA
"FLUME",2026-02-08 22:15:00,NA,NA,NA
"FLUME",2026-02-08 22:30:00,NA,NA,NA
"FLUME",2026-02-08 22:45:00,NA,NA,NA
"FLUME",2026-02-08 23:00:00,NA,NA,NA
"FLUME",2026-02-08 23:15:00,NA,NA,NA
"FLUME",2026-02-08 23:30:00,NA,NA,NA
"FLUME",2026-02-08 23:45:00,NA,NA,NA
"FLUME",2026-02-09,NA,NA,NA
"FLUME",2026-02-09 00:15:00,NA,NA,NA
"FLUME",2026-02-09 00:30:00,NA,NA,NA
"FLUME",2026-02-09 00:45:00,NA,NA,NA
"FLUME",2026-02-09 01:00:00,NA,NA,NA
"FLUME",2026-02-09 01:15:00,NA,NA,NA
"FLUME",2026-02-09 01:30:00,NA,NA,NA
"FLUME",2026-02-09 01:45:00,NA,NA,NA
"FLUME",2026-02-09 02:00:00,NA,NA,NA
"FLUME",2026-02-09 02:15:00,NA,NA,NA
"FLUME",2026-02-09 02:30:00,NA,NA,NA
"FLUME",2026-02-09 02:45:00,NA,NA,NA
"FLUME",2026-02-09 03:00:00,NA,NA,NA
"FLUME",2026-02-09 03:15:00,NA,NA,NA
"FLUME",2026-02-09 03:30:00,NA,NA,NA
"FLUME",2026-02-09 03:45:00,NA,NA,NA
"FLUME",2026-02-09 04:00:00,NA,NA,NA
"FLUME",2026-02-09 04:15:00,NA,NA,NA
"FLUME",2026-02-09 04:30:00,NA,NA,NA
"FLUME",2026-02-09 04:45:00,NA,NA,NA
"FLUME",2026-02-09 05:00:00,NA,NA,NA
"FLUME",2026-02-09 05:15:00,NA,NA,NA
"FLUME",2026-02-09 05:30:00,NA,NA,NA
"FLUME",2026-02-09 05:45:00,NA,NA,NA
"FLUME",2026-02-09 06:00:00,NA,NA,NA
"FLUME",2026-02-09 06:15:00,NA,NA,NA
"FLUME",2026-02-09 06:30:00,NA,NA,NA
"FLUME",2026-02-09 06:45:00,NA,NA,NA
"FLUME",2026-02-09 07:00:00,NA,NA,NA
"FLUME",2026-02-09 07:15:00,NA,NA,NA
"FLUME",2026-02-09 07:30:00,NA,NA,NA
"FLUME",2026-02-09 07:45:00,NA,NA,NA
"FLUME",2026-02-09 08:00:00,NA,NA,NA
"FLUME",2026-02-09 08:15:00,NA,NA,NA
"FLUME",2026-02-09 08:30:00,NA,NA,NA
"FLUME",2026-02-09 08:45:00,NA,NA,NA
"FLUME",2026-02-09 09:00:00,NA,NA,NA
"FLUME",2026-02-09 09:15:00,NA,NA,NA
"FLUME",2026-02-09 09:30:00,NA,NA,NA
"FLUME",2026-02-09 09:45:00,NA,NA,NA
"FLUME",2026-02-09 10:00:00,NA,NA,NA
"FLUME",2026-02-09 10:15:00,NA,NA,NA
"FLUME",2026-02-09 10:30:00,NA,NA,NA
"FLUME",2026-02-09 10:45:00,NA,NA,NA
"FLUME",2026-02-09 11:00:00,NA,NA,NA
"FLUME",2026-02-09 11:15:00,NA,NA,NA
"FLUME",2026-02-09 11:30:00,NA,NA,NA
"FLUME",2026-02-09 11:45:00,NA,NA,NA
"FLUME",2026-02-09 12:00:00,NA,NA,NA
"FLUME",2026-02-09 12:15:00,NA,NA,NA
"FLUME",2026-02-09 12:30:00,NA,NA,NA
"FLUME",2026-02-09 12:45:00,NA,NA,NA
"FLUME",2026-02-09 13:00:00,NA,NA,NA
"FLUME",2026-02-09 13:15:00,NA,NA,NA
"FLUME",2026-02-09 13:30:00,NA,NA,NA
"FLUME",2026-02-09 13:45:00,NA,NA,NA
"FLUME",2026-02-09 14:00:00,NA,NA,NA
"FLUME",2026-02-09 14:15:00,NA,NA,NA
"FLUME",2026-02-09 14:30:00,NA,NA,NA
"FLUME",2026-02-09 14:45:00,NA,NA,NA
"FLUME",2026-02-09 15:00:00,NA,NA,NA
"FLUME",2026-02-09 15:15:00,NA,NA,NA
"FLUME",2026-02-09 15:30:00,NA,NA,NA
"FLUME",2026-02-09 15:45:00,NA,NA,NA
"FLUME",2026-02-09 16:00:00,NA,NA,NA
"FLUME",2026-02-09 16:15:00,NA,NA,NA
"FLUME",2026-02-09 16:30:00,NA,NA,NA
"FLUME",2026-02-09 16:45:00,NA,NA,NA
"FLUME",2026-02-09 17:00:00,NA,NA,NA
"FLUME",2026-02-09 17:15:00,NA,NA,NA
"FLUME",2026-02-09 17:30:00,NA,NA,NA
"FLUME",2026-02-09 17:45:00,NA,NA,NA
"FLUME",2026-02-09 18:00:00,NA,NA,NA
"FLUME",2026-02-09 18:15:00,NA,NA,NA
"FLUME",2026-02-09 18:30:00,NA,NA,NA
"FLUME",2026-02-09 18:45:00,NA,NA,NA
"FLUME",2026-02-09 19:00:00,NA,NA,NA
"FLUME",2026-02-09 19:15:00,NA,NA,NA
"FLUME",2026-02-09 19:30:00,NA,NA,NA
"FLUME",2026-02-09 19:45:00,NA,NA,NA
"FLUME",2026-02-09 20:00:00,NA,NA,NA
"FLUME",2026-02-09 20:15:00,NA,NA,NA
"FLUME",2026-02-09 20:30:00,NA,NA,NA
"FLUME",2026-02-09 20:45:00,NA,NA,NA
"FLUME",2026-02-09 21:00:00,NA,NA,NA
"FLUME",2026-02-09 21:15:00,NA,NA,NA
"FLUME",2026-02-09 21:30:00,NA,NA,NA
"FLUME",2026-02-09 21:45:00,NA,NA,NA
"FLUME",2026-02-09 22:00:00,NA,NA,NA
"FLUME",2026-02-09 22:15:00,NA,NA,NA
"FLUME",2026-02-09 22:30:00,NA,NA,NA
"FLUME",2026-02-09 22:45:00,NA,NA,NA
"FLUME",2026-02-09 23:00:00,NA,NA,NA
"FLUME",2026-02-09 23:15:00,NA,NA,NA
"FLUME",2026-02-09 23:30:00,NA,NA,NA
"FLUME",2026-02-09 23:45:00,NA,NA,NA
"FLUME",2026-02-10,NA,NA,NA
"FLUME",2026-02-10 00:15:00,NA,NA,NA
"FLUME",2026-02-10 00:30:00,NA,NA,NA
"FLUME",2026-02-10 00:45:00,NA,NA,NA
"FLUME",2026-02-10 01:00:00,NA,NA,NA
"FLUME",2026-02-10 01:15:00,NA,NA,NA
"FLUME",2026-02-10 01:30:00,NA,NA,NA
"FLUME",2026-02-10 01:45:00,NA,NA,NA
"FLUME",2026-02-10 02:00:00,NA,NA,NA
"FLUME",2026-02-10 02:15:00,NA,NA,NA
"FLUME",2026-02-10 02:30:00,NA,NA,NA
"FLUME",2026-02-10 02:45:00,NA,NA,NA
"FLUME",2026-02-10 03:00:00,NA,NA,NA
"FLUME",2026-02-10 03:15:00,NA,NA,NA
"FLUME",2026-02-10 03:30:00,NA,NA,NA
"FLUME",2026-02-10 03:45:00,NA,NA,NA
"FLUME",2026-02-10 04:00:00,NA,NA,NA
"FLUME",2026-02-10 04:15:00,NA,NA,NA
"FLUME",2026-02-10 04:30:00,NA,NA,NA
"FLUME",2026-02-10 04:45:00,NA,NA,NA
"FLUME",2026-02-10 05:00:00,NA,NA,NA
"FLUME",2026-02-10 05:15:00,NA,NA,NA
"FLUME",2026-02-10 05:30:00,NA,NA,NA
"FLUME",2026-02-10 05:45:00,NA,NA,NA
"FLUME",2026-02-10 06:00:00,NA,NA,NA
"FLUME",2026-02-10 06:15:00,NA,NA,NA
"FLUME",2026-02-10 06:30:00,NA,NA,NA
"FLUME",2026-02-10 06:45:00,NA,NA,NA
"FLUME",2026-02-10 07:00:00,NA,NA,NA
"FLUME",2026-02-10 07:15:00,NA,NA,NA
"FLUME",2026-02-10 07:30:00,NA,NA,NA
"FLUME",2026-02-10 07:45:00,NA,NA,NA
"FLUME",2026-02-10 08:00:00,NA,NA,NA
"FLUME",2026-02-10 08:15:00,NA,NA,NA
"FLUME",2026-02-10 08:30:00,NA,NA,NA
"FLUME",2026-02-10 08:45:00,NA,NA,NA
"FLUME",2026-02-10 09:00:00,NA,NA,NA
"FLUME",2026-02-10 09:15:00,NA,NA,NA
"FLUME",2026-02-10 09:30:00,NA,NA,NA
"FLUME",2026-02-10 09:45:00,NA,NA,NA
"FLUME",2026-02-10 10:00:00,NA,NA,NA
"FLUME",2026-02-10 10:15:00,NA,NA,NA
"FLUME",2026-02-10 10:30:00,NA,NA,NA
"FLUME",2026-02-10 10:45:00,NA,NA,NA
"FLUME",2026-02-10 11:00:00,NA,NA,NA
"FLUME",2026-02-10 11:15:00,NA,NA,NA
"FLUME",2026-02-10 11:30:00,NA,NA,NA
"FLUME",2026-02-10 11:45:00,NA,NA,NA
"FLUME",2026-02-10 12:00:00,NA,NA,NA
"FLUME",2026-02-10 12:15:00,NA,NA,NA
"FLUME",2026-02-10 12:30:00,NA,NA,NA
"FLUME",2026-02-10 12:45:00,NA,NA,NA
"FLUME",2026-02-10 13:00:00,NA,NA,NA
"FLUME",2026-02-10 13:15:00,NA,NA,NA
"FLUME",2026-02-10 13:30:00,NA,NA,NA
"FLUME",2026-02-10 13:45:00,NA,NA,NA
"FLUME",2026-02-10 14:00:00,NA,NA,NA
"FLUME",2026-02-10 14:15:00,NA,NA,NA
"FLUME",2026-02-10 14:30:00,NA,NA,NA
"FLUME",2026-02-10 14:45:00,NA,NA,NA
"FLUME",2026-02-10 15:00:00,NA,NA,NA
"FLUME",2026-02-10 15:15:00,NA,NA,NA
"FLUME",2026-02-10 15:30:00,NA,NA,NA
"FLUME",2026-02-10 15:45:00,NA,NA,NA
"FLUME",2026-02-10 16:00:00,NA,NA,NA
"FLUME",2026-02-10 16:15:00,NA,NA,NA
"FLUME",2026-02-10 16:30:00,NA,NA,NA
"FLUME",2026-02-10 16:45:00,NA,NA,NA
"FLUME",2026-02-10 17:00:00,NA,NA,NA
"FLUME",2026-02-10 17:15:00,NA,NA,NA
"FLUME",2026-02-10 17:30:00,NA,NA,NA
"FLUME",2026-02-10 17:45:00,NA,NA,NA
"FLUME",2026-02-10 18:00:00,NA,NA,NA
"FLUME",2026-02-10 18:15:00,NA,NA,NA
"FLUME",2026-02-10 18:30:00,NA,NA,NA
"FLUME",2026-02-10 18:45:00,NA,NA,NA
"FLUME",2026-02-10 19:00:00,NA,NA,NA
"FLUME",2026-02-10 19:15:00,NA,NA,NA
"FLUME",2026-02-10 19:30:00,NA,NA,NA
"FLUME",2026-02-10 19:45:00,NA,NA,NA
"FLUME",2026-02-10 20:00:00,NA,NA,NA
"FLUME",2026-02-10 20:15:00,NA,NA,NA
"FLUME",2026-02-10 20:30:00,NA,NA,NA
"FLUME",2026-02-10 20:45:00,NA,NA,NA
"FLUME",2026-02-10 21:00:00,NA,NA,NA
"FLUME",2026-02-10 21:15:00,NA,NA,NA
"FLUME",2026-02-10 21:30:00,NA,NA,NA
"FLUME",2026-02-10 21:45:00,NA,NA,NA
"FLUME",2026-02-10 22:00:00,NA,NA,NA
"FLUME",2026-02-10 22:15:00,NA,NA,NA
"FLUME",2026-02-10 22:30:00,NA,NA,NA
"FLUME",2026-02-10 22:45:00,NA,NA,NA
"FLUME",2026-02-10 23:00:00,NA,NA,NA
"FLUME",2026-02-10 23:15:00,NA,NA,NA
"FLUME",2026-02-10 23:30:00,NA,NA,NA
"FLUME",2026-02-10 23:45:00,NA,NA,NA
"FLUME",2026-02-11,NA,NA,NA
"FLUME",2026-02-11 00:15:00,NA,NA,NA
"FLUME",2026-02-11 00:30:00,NA,NA,NA
"FLUME",2026-02-11 00:45:00,NA,NA,NA
"FLUME",2026-02-11 01:00:00,NA,NA,NA
"FLUME",2026-02-11 01:15:00,NA,NA,NA
"FLUME",2026-02-11 01:30:00,NA,NA,NA
"FLUME",2026-02-11 01:45:00,NA,NA,NA
"FLUME",2026-02-11 02:00:00,NA,NA,NA
"FLUME",2026-02-11 02:15:00,NA,NA,NA
"FLUME",2026-02-11 02:30:00,NA,NA,NA
"FLUME",2026-02-11 02:45:00,NA,NA,NA
"FLUME",2026-02-11 03:00:00,NA,NA,NA
"FLUME",2026-02-11 03:15:00,NA,NA,NA
"FLUME",2026-02-11 03:30:00,NA,NA,NA
"FLUME",2026-02-11 03:45:00,NA,NA,NA
"FLUME",2026-02-11 04:00:00,NA,NA,NA
"FLUME",2026-02-11 04:15:00,NA,NA,NA
"FLUME",2026-02-11 04:30:00,NA,NA,NA
"FLUME",2026-02-11 04:45:00,NA,NA,NA
"FLUME",2026-02-11 05:00:00,NA,NA,NA
"FLUME",2026-02-11 05:15:00,NA,NA,NA
"FLUME",2026-02-11 05:30:00,NA,NA,NA
"FLUME",2026-02-11 05:45:00,NA,NA,NA
"FLUME",2026-02-11 06:00:00,NA,NA,NA
"FLUME",2026-02-11 06:15:00,NA,NA,NA
"FLUME",2026-02-11 06:30:00,NA,NA,NA
"FLUME",2026-02-11 06:45:00,NA,NA,NA
"FLUME",2026-02-11 07:00:00,NA,NA,NA
"FLUME",2026-02-11 07:15:00,NA,NA,NA
"FLUME",2026-02-11 07:30:00,NA,NA,NA
"FLUME",2026-02-11 07:45:00,NA,NA,NA
"FLUME",2026-02-11 08:00:00,NA,NA,NA
"FLUME",2026-02-11 08:15:00,NA,NA,NA
"FLUME",2026-02-11 08:30:00,NA,NA,NA
"FLUME",2026-02-11 08:45:00,NA,NA,NA
"FLUME",2026-02-11 09:00:00,NA,NA,NA
"FLUME",2026-02-11 09:15:00,NA,NA,NA
"FLUME",2026-02-11 09:30:00,NA,NA,NA
"FLUME",2026-02-11 09:45:00,NA,NA,NA
"FLUME",2026-02-11 10:00:00,NA,NA,NA
"FLUME",2026-02-11 10:15:00,NA,NA,NA
"FLUME",2026-02-11 10:30:00,NA,NA,NA
"FLUME",2026-02-11 10:45:00,NA,NA,NA
"FLUME",2026-02-11 11:00:00,NA,NA,NA
"FLUME",2026-02-11 11:15:00,NA,NA,NA
"FLUME",2026-02-11 11:30:00,NA,NA,NA
"FLUME",2026-02-11 11:45:00,NA,NA,NA
"FLUME",2026-02-11 12:00:00,NA,NA,NA
"FLUME",2026-02-11 12:15:00,NA,NA,NA
"FLUME",2026-02-11 12:30:00,NA,NA,NA
"FLUME",2026-02-11 12:45:00,NA,NA,NA
"FLUME",2026-02-11 13:00:00,NA,NA,NA
"FLUME",2026-02-11 13:15:00,NA,NA,NA
"FLUME",2026-02-11 13:30:00,NA,NA,NA
"FLUME",2026-02-11 13:45:00,NA,NA,NA
"FLUME",2026-02-11 14:00:00,NA,NA,NA
"FLUME",2026-02-11 14:15:00,NA,NA,NA
"FLUME",2026-02-11 14:30:00,NA,NA,NA
"FLUME",2026-02-11 14:45:00,NA,NA,NA
"FLUME",2026-02-11 15:00:00,NA,NA,NA
"FLUME",2026-02-11 15:15:00,NA,NA,NA
"FLUME",2026-02-11 15:30:00,NA,NA,NA
"FLUME",2026-02-11 15:45:00,NA,NA,NA
"FLUME",2026-02-11 16:00:00,NA,NA,NA
"FLUME",2026-02-11 16:15:00,NA,NA,NA
"FLUME",2026-02-11 16:30:00,NA,NA,NA
"FLUME",2026-02-11 16:45:00,NA,NA,NA
"FLUME",2026-02-11 17:00:00,NA,NA,NA
"FLUME",2026-02-11 17:15:00,NA,NA,NA
"FLUME",2026-02-11 17:30:00,NA,NA,NA
"FLUME",2026-02-11 17:45:00,NA,NA,NA
"FLUME",2026-02-11 18:00:00,NA,NA,NA
"FLUME",2026-02-11 18:15:00,NA,NA,NA
"FLUME",2026-02-11 18:30:00,NA,NA,NA
"FLUME",2026-02-11 18:45:00,NA,NA,NA
"FLUME",2026-02-11 19:00:00,NA,NA,NA
"FLUME",2026-02-11 19:15:00,NA,NA,NA
"FLUME",2026-02-11 19:30:00,NA,NA,NA
"FLUME",2026-02-11 19:45:00,NA,NA,NA
"FLUME",2026-02-11 20:00:00,NA,NA,NA
"FLUME",2026-02-11 20:15:00,NA,NA,NA
"FLUME",2026-02-11 20:30:00,NA,NA,NA
"FLUME",2026-02-11 20:45:00,NA,NA,NA
"FLUME",2026-02-11 21:00:00,NA,NA,NA
"FLUME",2026-02-11 21:15:00,NA,NA,NA
"FLUME",2026-02-11 21:30:00,NA,NA,NA
"FLUME",2026-02-11 21:45:00,NA,NA,NA
"FLUME",2026-02-11 22:00:00,NA,NA,NA
"FLUME",2026-02-11 22:15:00,NA,NA,NA
"FLUME",2026-02-11 22:30:00,NA,NA,NA
"FLUME",2026-02-11 22:45:00,NA,NA,NA
"FLUME",2026-02-11 23:00:00,NA,NA,NA
"FLUME",2026-02-11 23:15:00,NA,NA,NA
"FLUME",2026-02-11 23:30:00,NA,NA,NA
"FLUME",2026-02-11 23:45:00,NA,NA,NA
"FLUME",2026-02-12,NA,NA,NA
"FLUME",2026-02-12 00:15:00,NA,NA,NA
"FLUME",2026-02-12 00:30:00,NA,NA,NA
"FLUME",2026-02-12 00:45:00,NA,NA,NA
"FLUME",2026-02-12 01:00:00,NA,NA,NA
"FLUME",2026-02-12 01:15:00,NA,NA,NA
"FLUME",2026-02-12 01:30:00,NA,NA,NA
"FLUME",2026-02-12 01:45:00,NA,NA,NA
"FLUME",2026-02-12 02:00:00,NA,NA,NA
"FLUME",2026-02-12 02:15:00,NA,NA,NA
"FLUME",2026-02-12 02:30:00,NA,NA,NA
"FLUME",2026-02-12 02:45:00,NA,NA,NA
"FLUME",2026-02-12 03:00:00,NA,NA,NA
"FLUME",2026-02-12 03:15:00,NA,NA,NA
"FLUME",2026-02-12 03:30:00,NA,NA,NA
"FLUME",2026-02-12 03:45:00,NA,NA,NA
"FLUME",2026-02-12 04:00:00,NA,NA,NA
"FLUME",2026-02-12 04:15:00,NA,NA,NA
"FLUME",2026-02-12 04:30:00,NA,NA,NA
"FLUME",2026-02-12 04:45:00,NA,NA,NA
"FLUME",2026-02-12 05:00:00,NA,NA,NA
"FLUME",2026-02-12 05:15:00,NA,NA,NA
"FLUME",2026-02-12 05:30:00,NA,NA,NA
"FLUME",2026-02-12 05:45:00,NA,NA,NA
"FLUME",2026-02-12 06:00:00,NA,NA,NA
"FLUME",2026-02-12 06:15:00,NA,NA,NA
"FLUME",2026-02-12 06:30:00,NA,NA,NA
"FLUME",2026-02-12 06:45:00,NA,NA,NA
"FLUME",2026-02-12 07:00:00,NA,NA,NA
"FLUME",2026-02-12 07:15:00,NA,NA,NA
"FLUME",2026-02-12 07:30:00,NA,NA,NA
"FLUME",2026-02-12 07:45:00,NA,NA,NA
"FLUME",2026-02-12 08:00:00,NA,NA,NA
"FLUME",2026-02-12 08:15:00,NA,NA,NA
"FLUME",2026-02-12 08:30:00,NA,NA,NA
"FLUME",2026-02-12 08:45:00,NA,NA,NA
"FLUME",2026-02-12 09:00:00,NA,NA,NA
"FLUME",2026-02-12 09:15:00,NA,NA,NA
"FLUME",2026-02-12 09:30:00,NA,NA,NA
"FLUME",2026-02-12 09:45:00,NA,NA,NA
"FLUME",2026-02-12 10:00:00,NA,NA,NA
"FLUME",2026-02-12 10:15:00,NA,NA,NA
"FLUME",2026-02-12 10:30:00,NA,NA,NA
"FLUME",2026-02-12 10:45:00,NA,NA,NA
"FLUME",2026-02-12 11:00:00,NA,NA,NA
"FLUME",2026-02-12 11:15:00,NA,NA,NA
"FLUME",2026-02-12 11:30:00,NA,NA,NA
"FLUME",2026-02-12 11:45:00,NA,NA,NA
"FLUME",2026-02-12 12:00:00,NA,NA,NA
"FLUME",2026-02-12 12:15:00,NA,NA,NA
"FLUME",2026-02-12 12:30:00,NA,NA,NA
"FLUME",2026-02-12 12:45:00,NA,NA,NA
"FLUME",2026-02-12 13:00:00,NA,NA,NA
"FLUME",2026-02-12 13:15:00,NA,NA,NA
"FLUME",2026-02-12 13:30:00,NA,NA,NA
"FLUME",2026-02-12 13:45:00,NA,NA,NA
"FLUME",2026-02-12 14:00:00,NA,NA,NA
"FLUME",2026-02-12 14:15:00,NA,NA,NA
"FLUME",2026-02-12 14:30:00,NA,NA,NA
"FLUME",2026-02-12 14:45:00,NA,NA,NA
"FLUME",2026-02-12 15:00:00,NA,NA,NA
"FLUME",2026-02-12 15:15:00,NA,NA,NA
"FLUME",2026-02-12 15:30:00,NA,NA,NA
"FLUME",2026-02-12 15:45:00,NA,NA,NA
"FLUME",2026-02-12 16:00:00,NA,NA,NA
"FLUME",2026-02-12 16:15:00,NA,NA,NA
"FLUME",2026-02-12 16:30:00,NA,NA,NA
"FLUME",2026-02-12 16:45:00,NA,NA,NA
"FLUME",2026-02-12 17:00:00,NA,NA,NA
"FLUME",2026-02-12 17:15:00,NA,NA,NA
"FLUME",2026-02-12 17:30:00,NA,NA,NA
"FLUME",2026-02-12 17:45:00,NA,NA,NA
"FLUME",2026-02-12 18:00:00,NA,NA,NA
"FLUME",2026-02-12 18:15:00,NA,NA,NA
"FLUME",2026-02-12 18:30:00,NA,NA,NA
"FLUME",2026-02-12 18:45:00,NA,NA,NA
"FLUME",2026-02-12 19:00:00,NA,NA,NA
"FLUME",2026-02-12 19:15:00,NA,NA,NA
"FLUME",2026-02-12 19:30:00,NA,NA,NA
"FLUME",2026-02-12 19:45:00,NA,NA,NA
"FLUME",2026-02-12 20:00:00,NA,NA,NA
"FLUME",2026-02-12 20:15:00,NA,NA,NA
"FLUME",2026-02-12 20:30:00,NA,NA,NA
"FLUME",2026-02-12 20:45:00,NA,NA,NA
"FLUME",2026-02-12 21:00:00,NA,NA,NA
"FLUME",2026-02-12 21:15:00,NA,NA,NA
"FLUME",2026-02-12 21:30:00,NA,NA,NA
"FLUME",2026-02-12 21:45:00,NA,NA,NA
"FLUME",2026-02-12 22:00:00,NA,NA,NA
"FLUME",2026-02-12 22:15:00,NA,NA,NA
"FLUME",2026-02-12 22:30:00,NA,NA,NA
"FLUME",2026-02-12 22:45:00,NA,NA,NA
"FLUME",2026-02-12 23:00:00,NA,NA,NA
"FLUME",2026-02-12 23:15:00,NA,NA,NA
"FLUME",2026-02-12 23:30:00,NA,NA,NA
"FLUME",2026-02-12 23:45:00,NA,NA,NA
"FLUME",2026-02-13,NA,NA,NA
"FLUME",2026-02-13 00:15:00,NA,NA,NA
"FLUME",2026-02-13 00:30:00,NA,NA,NA
"FLUME",2026-02-13 00:45:00,NA,NA,NA
"FLUME",2026-02-13 01:00:00,NA,NA,NA
"FLUME",2026-02-13 01:15:00,NA,NA,NA
"FLUME",2026-02-13 01:30:00,NA,NA,NA
"FLUME",2026-02-13 01:45:00,NA,NA,NA
"FLUME",2026-02-13 02:00:00,NA,NA,NA
"FLUME",2026-02-13 02:15:00,NA,NA,NA
"FLUME",2026-02-13 02:30:00,NA,NA,NA
"FLUME",2026-02-13 02:45:00,NA,NA,NA
"FLUME",2026-02-13 03:00:00,NA,NA,NA
"FLUME",2026-02-13 03:15:00,NA,NA,NA
"FLUME",2026-02-13 03:30:00,NA,NA,NA
"FLUME",2026-02-13 03:45:00,NA,NA,NA
"FLUME",2026-02-13 04:00:00,NA,NA,NA
"FLUME",2026-02-13 04:15:00,NA,NA,NA
"FLUME",2026-02-13 04:30:00,NA,NA,NA
"FLUME",2026-02-13 04:45:00,NA,NA,NA
"FLUME",2026-02-13 05:00:00,NA,NA,NA
"FLUME",2026-02-13 05:15:00,NA,NA,NA
"FLUME",2026-02-13 05:30:00,NA,NA,NA
"FLUME",2026-02-13 05:45:00,NA,NA,NA
"FLUME",2026-02-13 06:00:00,NA,NA,NA
"FLUME",2026-02-13 06:15:00,NA,NA,NA
"FLUME",2026-02-13 06:30:00,NA,NA,NA
"FLUME",2026-02-13 06:45:00,NA,NA,NA
"FLUME",2026-02-13 07:00:00,NA,NA,NA
"FLUME",2026-02-13 07:15:00,NA,NA,NA
"FLUME",2026-02-13 07:30:00,NA,NA,NA
"FLUME",2026-02-13 07:45:00,NA,NA,NA
"FLUME",2026-02-13 08:00:00,NA,NA,NA
"FLUME",2026-02-13 08:15:00,NA,NA,NA
"FLUME",2026-02-13 08:30:00,NA,NA,NA
"FLUME",2026-02-13 08:45:00,NA,NA,NA
"FLUME",2026-02-13 09:00:00,NA,NA,NA
"FLUME",2026-02-13 09:15:00,NA,NA,NA
"FLUME",2026-02-13 09:30:00,NA,NA,NA
"FLUME",2026-02-13 09:45:00,NA,NA,NA
"FLUME",2026-02-13 10:00:00,NA,NA,NA
"FLUME",2026-02-13 10:15:00,NA,NA,NA
"FLUME",2026-02-13 10:30:00,NA,NA,NA
"FLUME",2026-02-13 10:45:00,NA,NA,NA
"FLUME",2026-02-13 11:00:00,NA,NA,NA
"FLUME",2026-02-13 11:15:00,NA,NA,NA
"FLUME",2026-02-13 11:30:00,NA,NA,NA
"FLUME",2026-02-13 11:45:00,NA,NA,NA
"FLUME",2026-02-13 12:00:00,NA,NA,NA
"FLUME",2026-02-13 12:15:00,NA,NA,NA
"FLUME",2026-02-13 12:30:00,NA,NA,NA
"FLUME",2026-02-13 12:45:00,NA,NA,NA
"FLUME",2026-02-13 13:00:00,NA,NA,NA
"FLUME",2026-02-13 13:15:00,NA,NA,NA
"FLUME",2026-02-13 13:30:00,NA,NA,NA
"FLUME",2026-02-13 13:45:00,NA,NA,NA
"FLUME",2026-02-13 14:00:00,NA,NA,NA
"FLUME",2026-02-13 14:15:00,NA,NA,NA
"FLUME",2026-02-13 14:30:00,NA,NA,NA
"FLUME",2026-02-13 14:45:00,NA,NA,NA
"FLUME",2026-02-13 15:00:00,NA,NA,NA
"FLUME",2026-02-13 15:15:00,NA,NA,NA
"FLUME",2026-02-13 15:30:00,NA,NA,NA
"FLUME",2026-02-13 15:45:00,NA,NA,NA
"FLUME",2026-02-13 16:00:00,NA,NA,NA
"FLUME",2026-02-13 16:15:00,NA,NA,NA
"FLUME",2026-02-13 16:30:00,NA,NA,NA
"FLUME",2026-02-13 16:45:00,NA,NA,NA
"FLUME",2026-02-13 17:00:00,NA,NA,NA
"FLUME",2026-02-13 17:15:00,NA,NA,NA
"FLUME",2026-02-13 17:30:00,NA,NA,NA
"FLUME",2026-02-13 17:45:00,NA,NA,NA
"FLUME",2026-02-13 18:00:00,NA,NA,NA
"FLUME",2026-02-13 18:15:00,NA,NA,NA
"FLUME",2026-02-13 18:30:00,NA,NA,NA
"FLUME",2026-02-13 18:45:00,NA,NA,NA
"FLUME",2026-02-13 19:00:00,NA,NA,NA
"FLUME",2026-02-13 19:15:00,NA,NA,NA
"FLUME",2026-02-13 19:30:00,NA,NA,NA
"FLUME",2026-02-13 19:45:00,NA,NA,NA
"FLUME",2026-02-13 20:00:00,NA,NA,NA
"FLUME",2026-02-13 20:15:00,NA,NA,NA
"FLUME",2026-02-13 20:30:00,NA,NA,NA
"FLUME",2026-02-13 20:45:00,NA,NA,NA
"FLUME",2026-02-13 21:00:00,NA,NA,NA
"FLUME",2026-02-13 21:15:00,NA,NA,NA
"FLUME",2026-02-13 21:30:00,NA,NA,NA
"FLUME",2026-02-13 21:45:00,NA,NA,NA
"FLUME",2026-02-13 22:00:00,NA,NA,NA
"FLUME",2026-02-13 22:15:00,NA,NA,NA
"FLUME",2026-02-13 22:30:00,NA,NA,NA
"FLUME",2026-02-13 22:45:00,NA,NA,NA
"FLUME",2026-02-13 23:00:00,NA,NA,NA
"FLUME",2026-02-13 23:15:00,NA,NA,NA
"FLUME",2026-02-13 23:30:00,NA,NA,NA
"FLUME",2026-02-13 23:45:00,NA,NA,NA
"FLUME",2026-02-14,NA,NA,NA
"FLUME",2026-02-14 00:15:00,NA,NA,NA
"FLUME",2026-02-14 00:30:00,NA,NA,NA
"FLUME",2026-02-14 00:45:00,NA,NA,NA
"FLUME",2026-02-14 01:00:00,NA,NA,NA
"FLUME",2026-02-14 01:15:00,NA,NA,NA
"FLUME",2026-02-14 01:30:00,NA,NA,NA
"FLUME",2026-02-14 01:45:00,NA,NA,NA
"FLUME",2026-02-14 02:00:00,NA,NA,NA
"FLUME",2026-02-14 02:15:00,NA,NA,NA
"FLUME",2026-02-14 02:30:00,NA,NA,NA
"FLUME",2026-02-14 02:45:00,NA,NA,NA
"FLUME",2026-02-14 03:00:00,NA,NA,NA
"FLUME",2026-02-14 03:15:00,NA,NA,NA
"FLUME",2026-02-14 03:30:00,NA,NA,NA
"FLUME",2026-02-14 03:45:00,NA,NA,NA
"FLUME",2026-02-14 04:00:00,NA,NA,NA
"FLUME",2026-02-14 04:15:00,NA,NA,NA
"FLUME",2026-02-14 04:30:00,NA,NA,NA
"FLUME",2026-02-14 04:45:00,NA,NA,NA
"FLUME",2026-02-14 05:00:00,NA,NA,NA
"FLUME",2026-02-14 05:15:00,NA,NA,NA
"FLUME",2026-02-14 05:30:00,NA,NA,NA
"FLUME",2026-02-14 05:45:00,NA,NA,NA
"FLUME",2026-02-14 06:00:00,NA,NA,NA
"FLUME",2026-02-14 06:15:00,NA,NA,NA
"FLUME",2026-02-14 06:30:00,NA,NA,NA
"FLUME",2026-02-14 06:45:00,NA,NA,NA
"FLUME",2026-02-14 07:00:00,NA,NA,NA
"FLUME",2026-02-14 07:15:00,NA,NA,NA
"FLUME",2026-02-14 07:30:00,NA,NA,NA
"FLUME",2026-02-14 07:45:00,NA,NA,NA
"FLUME",2026-02-14 08:00:00,NA,NA,NA
"FLUME",2026-02-14 08:15:00,NA,NA,NA
"FLUME",2026-02-14 08:30:00,NA,NA,NA
"FLUME",2026-02-14 08:45:00,NA,NA,NA
"FLUME",2026-02-14 09:00:00,NA,NA,NA
"FLUME",2026-02-14 09:15:00,NA,NA,NA
"FLUME",2026-02-14 09:30:00,NA,NA,NA
"FLUME",2026-02-14 09:45:00,NA,NA,NA
"FLUME",2026-02-14 10:00:00,NA,NA,NA
"FLUME",2026-02-14 10:15:00,NA,NA,NA
"FLUME",2026-02-14 10:30:00,NA,NA,NA
"FLUME",2026-02-14 10:45:00,NA,NA,NA
"FLUME",2026-02-14 11:00:00,NA,NA,NA
"FLUME",2026-02-14 11:15:00,NA,NA,NA
"FLUME",2026-02-14 11:30:00,NA,NA,NA
"FLUME",2026-02-14 11:45:00,NA,NA,NA
"FLUME",2026-02-14 12:00:00,NA,NA,NA
"FLUME",2026-02-14 12:15:00,NA,NA,NA
"FLUME",2026-02-14 12:30:00,NA,NA,NA
"FLUME",2026-02-14 12:45:00,NA,NA,NA
"FLUME",2026-02-14 13:00:00,NA,NA,NA
"FLUME",2026-02-14 13:15:00,NA,NA,NA
"FLUME",2026-02-14 13:30:00,NA,NA,NA
"FLUME",2026-02-14 13:45:00,NA,NA,NA
"FLUME",2026-02-14 14:00:00,NA,NA,NA
"FLUME",2026-02-14 14:15:00,NA,NA,NA
"FLUME",2026-02-14 14:30:00,NA,NA,NA
"FLUME",2026-02-14 14:45:00,NA,NA,NA
"FLUME",2026-02-14 15:00:00,NA,NA,NA
"FLUME",2026-02-14 15:15:00,NA,NA,NA
"FLUME",2026-02-14 15:30:00,NA,NA,NA
"FLUME",2026-02-14 15:45:00,NA,NA,NA
"FLUME",2026-02-14 16:00:00,NA,NA,NA
"FLUME",2026-02-14 16:15:00,NA,NA,NA
"FLUME",2026-02-14 16:30:00,NA,NA,NA
"FLUME",2026-02-14 16:45:00,NA,NA,NA
"FLUME",2026-02-14 17:00:00,NA,NA,NA
"FLUME",2026-02-14 17:15:00,NA,NA,NA
"FLUME",2026-02-14 17:30:00,NA,NA,NA
"FLUME",2026-02-14 17:45:00,NA,NA,NA
"FLUME",2026-02-14 18:00:00,NA,NA,NA
"FLUME",2026-02-14 18:15:00,NA,NA,NA
"FLUME",2026-02-14 18:30:00,NA,NA,NA
"FLUME",2026-02-14 18:45:00,NA,NA,NA
"FLUME",2026-02-14 19:00:00,NA,NA,NA
"FLUME",2026-02-14 19:15:00,NA,NA,NA
"FLUME",2026-02-14 19:30:00,NA,NA,NA
"FLUME",2026-02-14 19:45:00,NA,NA,NA
"FLUME",2026-02-14 20:00:00,NA,NA,NA
"FLUME",2026-02-14 20:15:00,NA,NA,NA
"FLUME",2026-02-14 20:30:00,NA,NA,NA
"FLUME",2026-02-14 20:45:00,NA,NA,NA
"FLUME",2026-02-14 21:00:00,NA,NA,NA
"FLUME",2026-02-14 21:15:00,NA,NA,NA
"FLUME",2026-02-14 21:30:00,NA,NA,NA
"FLUME",2026-02-14 21:45:00,NA,NA,NA
"FLUME",2026-02-14 22:00:00,NA,NA,NA
"FLUME",2026-02-14 22:15:00,NA,NA,NA
"FLUME",2026-02-14 22:30:00,NA,NA,NA
"FLUME",2026-02-14 22:45:00,NA,NA,NA
"FLUME",2026-02-14 23:00:00,NA,NA,NA
"FLUME",2026-02-14 23:15:00,NA,NA,NA
"FLUME",2026-02-14 23:30:00,NA,NA,NA
"FLUME",2026-02-14 23:45:00,NA,NA,NA
"FLUME",2026-02-15,NA,NA,NA
"FLUME",2026-02-15 00:15:00,NA,NA,NA
"FLUME",2026-02-15 00:30:00,NA,NA,NA
"FLUME",2026-02-15 00:45:00,NA,NA,NA
"FLUME",2026-02-15 01:00:00,NA,NA,NA
"FLUME",2026-02-15 01:15:00,NA,NA,NA
"FLUME",2026-02-15 01:30:00,NA,NA,NA
"FLUME",2026-02-15 01:45:00,NA,NA,NA
"FLUME",2026-02-15 02:00:00,NA,NA,NA
"FLUME",2026-02-15 02:15:00,NA,NA,NA
"FLUME",2026-02-15 02:30:00,NA,NA,NA
"FLUME",2026-02-15 02:45:00,NA,NA,NA
"FLUME",2026-02-15 03:00:00,NA,NA,NA
"FLUME",2026-02-15 03:15:00,NA,NA,NA
"FLUME",2026-02-15 03:30:00,NA,NA,NA
"FLUME",2026-02-15 03:45:00,NA,NA,NA
"FLUME",2026-02-15 04:00:00,NA,NA,NA
"FLUME",2026-02-15 04:15:00,NA,NA,NA
"FLUME",2026-02-15 04:30:00,NA,NA,NA
"FLUME",2026-02-15 04:45:00,NA,NA,NA
"FLUME",2026-02-15 05:00:00,NA,NA,NA
"FLUME",2026-02-15 05:15:00,NA,NA,NA
"FLUME",2026-02-15 05:30:00,NA,NA,NA
"FLUME",2026-02-15 05:45:00,NA,NA,NA
"FLUME",2026-02-15 06:00:00,NA,NA,NA
"FLUME",2026-02-15 06:15:00,NA,NA,NA
"FLUME",2026-02-15 06:30:00,NA,NA,NA
"FLUME",2026-02-15 06:45:00,NA,NA,NA
"FLUME",2026-02-15 07:00:00,NA,NA,NA
"FLUME",2026-02-15 07:15:00,NA,NA,NA
"FLUME",2026-02-15 07:30:00,NA,NA,NA
"FLUME",2026-02-15 07:45:00,NA,NA,NA
"FLUME",2026-02-15 08:00:00,NA,NA,NA
"FLUME",2026-02-15 08:15:00,NA,NA,NA
"FLUME",2026-02-15 08:30:00,NA,NA,NA
"FLUME",2026-02-15 08:45:00,NA,NA,NA
"FLUME",2026-02-15 09:00:00,NA,NA,NA
"FLUME",2026-02-15 09:15:00,NA,NA,NA
"FLUME",2026-02-15 09:30:00,NA,NA,NA
"FLUME",2026-02-15 09:45:00,NA,NA,NA
"FLUME",2026-02-15 10:00:00,NA,NA,NA
"FLUME",2026-02-15 10:15:00,NA,NA,NA
"FLUME",2026-02-15 10:30:00,NA,NA,NA
"FLUME",2026-02-15 10:45:00,NA,NA,NA
"FLUME",2026-02-15 11:00:00,NA,NA,NA
"FLUME",2026-02-15 11:15:00,NA,NA,NA
"FLUME",2026-02-15 11:30:00,NA,NA,NA
"FLUME",2026-02-15 11:45:00,NA,NA,NA
"FLUME",2026-02-15 12:00:00,NA,NA,NA
"FLUME",2026-02-15 12:15:00,NA,NA,NA
"FLUME",2026-02-15 12:30:00,NA,NA,NA
"FLUME",2026-02-15 12:45:00,NA,NA,NA
"FLUME",2026-02-15 13:00:00,NA,NA,NA
"FLUME",2026-02-15 13:15:00,NA,NA,NA
"FLUME",2026-02-15 13:30:00,NA,NA,NA
"FLUME",2026-02-15 13:45:00,NA,NA,NA
"FLUME",2026-02-15 14:00:00,NA,NA,NA
"FLUME",2026-02-15 14:15:00,NA,NA,NA
"FLUME",2026-02-15 14:30:00,NA,NA,NA
"FLUME",2026-02-15 14:45:00,NA,NA,NA
"FLUME",2026-02-15 15:00:00,NA,NA,NA
"FLUME",2026-02-15 15:15:00,NA,NA,NA
"FLUME",2026-02-15 15:30:00,NA,NA,NA
"FLUME",2026-02-15 15:45:00,NA,NA,NA
"FLUME",2026-02-15 16:00:00,NA,NA,NA
"FLUME",2026-02-15 16:15:00,NA,NA,NA
"FLUME",2026-02-15 16:30:00,NA,NA,NA
"FLUME",2026-02-15 16:45:00,NA,NA,NA
"FLUME",2026-02-15 17:00:00,NA,NA,NA
"FLUME",2026-02-15 17:15:00,NA,NA,NA
"FLUME",2026-02-15 17:30:00,NA,NA,NA
"FLUME",2026-02-15 17:45:00,NA,NA,NA
"FLUME",2026-02-15 18:00:00,NA,NA,NA
"FLUME",2026-02-15 18:15:00,NA,NA,NA
"FLUME",2026-02-15 18:30:00,NA,NA,NA
"FLUME",2026-02-15 18:45:00,NA,NA,NA
"FLUME",2026-02-15 19:00:00,NA,NA,NA
"FLUME",2026-02-15 19:15:00,NA,NA,NA
"FLUME",2026-02-15 19:30:00,NA,NA,NA
"FLUME",2026-02-15 19:45:00,NA,NA,NA
"FLUME",2026-02-15 20:00:00,NA,NA,NA
"FLUME",2026-02-15 20:15:00,NA,NA,NA
"FLUME",2026-02-15 20:30:00,NA,NA,NA
"FLUME",2026-02-15 20:45:00,NA,NA,NA
"FLUME",2026-02-15 21:00:00,NA,NA,NA
"FLUME",2026-02-15 21:15:00,NA,NA,NA
"FLUME",2026-02-15 21:30:00,NA,NA,NA
"FLUME",2026-02-15 21:45:00,NA,NA,NA
"FLUME",2026-02-15 22:00:00,NA,NA,NA
"FLUME",2026-02-15 22:15:00,NA,NA,NA
"FLUME",2026-02-15 22:30:00,NA,NA,NA
"FLUME",2026-02-15 22:45:00,NA,NA,NA
"FLUME",2026-02-15 23:00:00,NA,NA,NA
"FLUME",2026-02-15 23:15:00,NA,NA,NA
"FLUME",2026-02-15 23:30:00,NA,NA,NA
"FLUME",2026-02-15 23:45:00,NA,NA,NA
"FLUME",2026-02-16,NA,NA,NA
"FLUME",2026-02-16 00:15:00,NA,NA,NA
"FLUME",2026-02-16 00:30:00,NA,NA,NA
"FLUME",2026-02-16 00:45:00,NA,NA,NA
"FLUME",2026-02-16 01:00:00,NA,NA,NA
"FLUME",2026-02-16 01:15:00,NA,NA,NA
"FLUME",2026-02-16 01:30:00,NA,NA,NA
"FLUME",2026-02-16 01:45:00,NA,NA,NA
"FLUME",2026-02-16 02:00:00,NA,NA,NA
"FLUME",2026-02-16 02:15:00,NA,NA,NA
"FLUME",2026-02-16 02:30:00,NA,NA,NA
"FLUME",2026-02-16 02:45:00,NA,NA,NA
"FLUME",2026-02-16 03:00:00,NA,NA,NA
"FLUME",2026-02-16 03:15:00,NA,NA,NA
"FLUME",2026-02-16 03:30:00,NA,NA,NA
"FLUME",2026-02-16 03:45:00,NA,NA,NA
"FLUME",2026-02-16 04:00:00,NA,NA,NA
"FLUME",2026-02-16 04:15:00,NA,NA,NA
"FLUME",2026-02-16 04:30:00,NA,NA,NA
"FLUME",2026-02-16 04:45:00,NA,NA,NA
"FLUME",2026-02-16 05:00:00,NA,NA,NA
"FLUME",2026-02-16 05:15:00,NA,NA,NA
"FLUME",2026-02-16 05:30:00,NA,NA,NA
"FLUME",2026-02-16 05:45:00,NA,NA,NA
"FLUME",2026-02-16 06:00:00,NA,NA,NA
"FLUME",2026-02-16 06:15:00,NA,NA,NA
"FLUME",2026-02-16 06:30:00,NA,NA,NA
"FLUME",2026-02-16 06:45:00,NA,NA,NA
"FLUME",2026-02-16 07:00:00,NA,NA,NA
"FLUME",2026-02-16 07:15:00,NA,NA,NA
"FLUME",2026-02-16 07:30:00,NA,NA,NA
"FLUME",2026-02-16 07:45:00,NA,NA,NA
"FLUME",2026-02-16 08:00:00,NA,NA,NA
"FLUME",2026-02-16 08:15:00,NA,NA,NA
"FLUME",2026-02-16 08:30:00,NA,NA,NA
"FLUME",2026-02-16 08:45:00,NA,NA,NA
"FLUME",2026-02-16 09:00:00,NA,NA,NA
"FLUME",2026-02-16 09:15:00,NA,NA,NA
"FLUME",2026-02-16 09:30:00,NA,NA,NA
"FLUME",2026-02-16 09:45:00,NA,NA,NA
"FLUME",2026-02-16 10:00:00,NA,NA,NA
"FLUME",2026-02-16 10:15:00,NA,NA,NA
"FLUME",2026-02-16 10:30:00,NA,NA,NA
"FLUME",2026-02-16 10:45:00,NA,NA,NA
"FLUME",2026-02-16 11:00:00,NA,NA,NA
"FLUME",2026-02-16 11:15:00,NA,NA,NA
"FLUME",2026-02-16 11:30:00,NA,NA,NA
"FLUME",2026-02-16 11:45:00,NA,NA,NA
"FLUME",2026-02-16 12:00:00,NA,NA,NA
"FLUME",2026-02-16 12:15:00,NA,NA,NA
"FLUME",2026-02-16 12:30:00,NA,NA,NA
"FLUME",2026-02-16 12:45:00,NA,NA,NA
"FLUME",2026-02-16 13:00:00,NA,NA,NA
"FLUME",2026-02-16 13:15:00,NA,NA,NA
"FLUME",2026-02-16 13:30:00,NA,NA,NA
"FLUME",2026-02-16 13:45:00,NA,NA,NA
"FLUME",2026-02-16 14:00:00,NA,NA,NA
"FLUME",2026-02-16 14:15:00,NA,NA,NA
"FLUME",2026-02-16 14:30:00,NA,NA,NA
"FLUME",2026-02-16 14:45:00,NA,NA,NA
"FLUME",2026-02-16 15:00:00,NA,NA,NA
"FLUME",2026-02-16 15:15:00,NA,NA,NA
"FLUME",2026-02-16 15:30:00,NA,NA,NA
"FLUME",2026-02-16 15:45:00,NA,NA,NA
"FLUME",2026-02-16 16:00:00,NA,NA,NA
"FLUME",2026-02-16 16:15:00,NA,NA,NA
"FLUME",2026-02-16 16:30:00,NA,NA,NA
"FLUME",2026-02-16 16:45:00,NA,NA,NA
"FLUME",2026-02-16 17:00:00,NA,NA,NA
"FLUME",2026-02-16 17:15:00,NA,NA,NA
"FLUME",2026-02-16 17:30:00,NA,NA,NA
"FLUME",2026-02-16 17:45:00,NA,NA,NA
"FLUME",2026-02-16 18:00:00,NA,NA,NA
"FLUME",2026-02-16 18:15:00,NA,NA,NA
"FLUME",2026-02-16 18:30:00,NA,NA,NA
"FLUME",2026-02-16 18:45:00,NA,NA,NA
"FLUME",2026-02-16 19:00:00,NA,NA,NA
"FLUME",2026-02-16 19:15:00,NA,NA,NA
"FLUME",2026-02-16 19:30:00,NA,NA,NA
"FLUME",2026-02-16 19:45:00,NA,NA,NA
"FLUME",2026-02-16 20:00:00,NA,NA,NA
"FLUME",2026-02-16 20:15:00,NA,NA,NA
"FLUME",2026-02-16 20:30:00,NA,NA,NA
"FLUME",2026-02-16 20:45:00,NA,NA,NA
"FLUME",2026-02-16 21:00:00,NA,NA,NA
"FLUME",2026-02-16 21:15:00,NA,NA,NA
"FLUME",2026-02-16 21:30:00,NA,NA,NA
"FLUME",2026-02-16 21:45:00,NA,NA,NA
"FLUME",2026-02-16 22:00:00,NA,NA,NA
"FLUME",2026-02-16 22:15:00,NA,NA,NA
"FLUME",2026-02-16 22:30:00,NA,NA,NA
"FLUME",2026-02-16 22:45:00,NA,NA,NA
"FLUME",2026-02-16 23:00:00,NA,NA,NA
"FLUME",2026-02-16 23:15:00,NA,NA,NA
"FLUME",2026-02-16 23:30:00,NA,NA,NA
"FLUME",2026-02-16 23:45:00,NA,NA,NA
"FLUME",2026-02-17,NA,NA,NA
"FLUME",2026-02-17 00:15:00,NA,NA,NA
"FLUME",2026-02-17 00:30:00,NA,NA,NA
"FLUME",2026-02-17 00:45:00,NA,NA,NA
"FLUME",2026-02-17 01:00:00,NA,NA,NA
"FLUME",2026-02-17 01:15:00,NA,NA,NA
"FLUME",2026-02-17 01:30:00,NA,NA,NA
"FLUME",2026-02-17 01:45:00,NA,NA,NA
"FLUME",2026-02-17 02:00:00,NA,NA,NA
"FLUME",2026-02-17 02:15:00,NA,NA,NA
"FLUME",2026-02-17 02:30:00,NA,NA,NA
"FLUME",2026-02-17 02:45:00,NA,NA,NA
"FLUME",2026-02-17 03:00:00,NA,NA,NA
"FLUME",2026-02-17 03:15:00,NA,NA,NA
"FLUME",2026-02-17 03:30:00,NA,NA,NA
"FLUME",2026-02-17 03:45:00,NA,NA,NA
"FLUME",2026-02-17 04:00:00,NA,NA,NA
"FLUME",2026-02-17 04:15:00,NA,NA,NA
"FLUME",2026-02-17 04:30:00,NA,NA,NA
"FLUME",2026-02-17 04:45:00,NA,NA,NA
"FLUME",2026-02-17 05:00:00,NA,NA,NA
"FLUME",2026-02-17 05:15:00,NA,NA,NA
"FLUME",2026-02-17 05:30:00,NA,NA,NA
"FLUME",2026-02-17 05:45:00,NA,NA,NA
"FLUME",2026-02-17 06:00:00,NA,NA,NA
"FLUME",2026-02-17 06:15:00,NA,NA,NA
"FLUME",2026-02-17 06:30:00,NA,NA,NA
"FLUME",2026-02-17 06:45:00,NA,NA,NA
"FLUME",2026-02-17 07:00:00,NA,NA,NA
"FLUME",2026-02-17 07:15:00,NA,NA,NA
"FLUME",2026-02-17 07:30:00,NA,NA,NA
"FLUME",2026-02-17 07:45:00,NA,NA,NA
"FLUME",2026-02-17 08:00:00,NA,NA,NA
"FLUME",2026-02-17 08:15:00,NA,NA,NA
"FLUME",2026-02-17 08:30:00,NA,NA,NA
"FLUME",2026-02-17 08:45:00,NA,NA,NA
"FLUME",2026-02-17 09:00:00,NA,NA,NA
"FLUME",2026-02-17 09:15:00,NA,NA,NA
"FLUME",2026-02-17 09:30:00,NA,NA,NA
"FLUME",2026-02-17 09:45:00,NA,NA,NA
"FLUME",2026-02-17 10:00:00,NA,NA,NA
"FLUME",2026-02-17 10:15:00,NA,NA,NA
"FLUME",2026-02-17 10:30:00,NA,NA,NA
"FLUME",2026-02-17 10:45:00,NA,NA,NA
"FLUME",2026-02-17 11:00:00,NA,NA,NA
"FLUME",2026-02-17 11:15:00,NA,NA,NA
"FLUME",2026-02-17 11:30:00,NA,NA,NA
"FLUME",2026-02-17 11:45:00,NA,NA,NA
"FLUME",2026-02-17 12:00:00,NA,NA,NA
"FLUME",2026-02-17 12:15:00,NA,NA,NA
"FLUME",2026-02-17 12:30:00,NA,NA,NA
"FLUME",2026-02-17 12:45:00,NA,NA,NA
"FLUME",2026-02-17 13:00:00,NA,NA,NA
"FLUME",2026-02-17 13:15:00,NA,NA,NA
"FLUME",2026-02-17 13:30:00,NA,NA,NA
"FLUME",2026-02-17 13:45:00,NA,NA,NA
"FLUME",2026-02-17 14:00:00,NA,NA,NA
"FLUME",2026-02-17 14:15:00,NA,NA,NA
"FLUME",2026-02-17 14:30:00,NA,NA,NA
"FLUME",2026-02-17 14:45:00,NA,NA,NA
"FLUME",2026-02-17 15:00:00,NA,NA,NA
"FLUME",2026-02-17 15:15:00,NA,NA,NA
"FLUME",2026-02-17 15:30:00,NA,NA,NA
"FLUME",2026-02-17 15:45:00,NA,NA,NA
"FLUME",2026-02-17 16:00:00,NA,NA,NA
"FLUME",2026-02-17 16:15:00,NA,NA,NA
"FLUME",2026-02-17 16:30:00,NA,NA,NA
"FLUME",2026-02-17 16:45:00,NA,NA,NA
"FLUME",2026-02-17 17:00:00,NA,NA,NA
"FLUME",2026-02-17 17:15:00,NA,NA,NA
"FLUME",2026-02-17 17:30:00,NA,NA,NA
"FLUME",2026-02-17 17:45:00,NA,NA,NA
"FLUME",2026-02-17 18:00:00,NA,NA,NA
"FLUME",2026-02-17 18:15:00,NA,NA,NA
"FLUME",2026-02-17 18:30:00,NA,NA,NA
"FLUME",2026-02-17 18:45:00,NA,NA,NA
"FLUME",2026-02-17 19:00:00,NA,NA,NA
"FLUME",2026-02-17 19:15:00,NA,NA,NA
"FLUME",2026-02-17 19:30:00,NA,NA,NA
"FLUME",2026-02-17 19:45:00,NA,NA,NA
"FLUME",2026-02-17 20:00:00,NA,NA,NA
"FLUME",2026-02-17 20:15:00,NA,NA,NA
"FLUME",2026-02-17 20:30:00,NA,NA,NA
"FLUME",2026-02-17 20:45:00,NA,NA,NA
"FLUME",2026-02-17 21:00:00,NA,NA,NA
"FLUME",2026-02-17 21:15:00,NA,NA,NA
"FLUME",2026-02-17 21:30:00,NA,NA,NA
"FLUME",2026-02-17 21:45:00,NA,NA,NA
"FLUME",2026-02-17 22:00:00,NA,NA,NA
"FLUME",2026-02-17 22:15:00,NA,NA,NA
"FLUME",2026-02-17 22:30:00,NA,NA,NA
"FLUME",2026-02-17 22:45:00,NA,NA,NA
"FLUME",2026-02-17 23:00:00,NA,NA,NA
"FLUME",2026-02-17 23:15:00,NA,NA,NA
"FLUME",2026-02-17 23:30:00,NA,NA,NA
"FLUME",2026-02-17 23:45:00,NA,NA,NA
"FLUME",2026-02-18,NA,NA,NA
"FLUME",2026-02-18 00:15:00,NA,NA,NA
"FLUME",2026-02-18 00:30:00,NA,NA,NA
"FLUME",2026-02-18 00:45:00,NA,NA,NA
"FLUME",2026-02-18 01:00:00,NA,NA,NA
"FLUME",2026-02-18 01:15:00,NA,NA,NA
"FLUME",2026-02-18 01:30:00,NA,NA,NA
"FLUME",2026-02-18 01:45:00,NA,NA,NA
"FLUME",2026-02-18 02:00:00,NA,NA,NA
"FLUME",2026-02-18 02:15:00,NA,NA,NA
"FLUME",2026-02-18 02:30:00,NA,NA,NA
"FLUME",2026-02-18 02:45:00,NA,NA,NA
"FLUME",2026-02-18 03:00:00,NA,NA,NA
"FLUME",2026-02-18 03:15:00,NA,NA,NA
"FLUME",2026-02-18 03:30:00,NA,NA,NA
"FLUME",2026-02-18 03:45:00,NA,NA,NA
"FLUME",2026-02-18 04:00:00,NA,NA,NA
"FLUME",2026-02-18 04:15:00,NA,NA,NA
"FLUME",2026-02-18 04:30:00,NA,NA,NA
"FLUME",2026-02-18 04:45:00,NA,NA,NA
"FLUME",2026-02-18 05:00:00,NA,NA,NA
"FLUME",2026-02-18 05:15:00,NA,NA,NA
"FLUME",2026-02-18 05:30:00,NA,NA,NA
"FLUME",2026-02-18 05:45:00,NA,NA,NA
"FLUME",2026-02-18 06:00:00,NA,NA,NA
"FLUME",2026-02-18 06:15:00,NA,NA,NA
"FLUME",2026-02-18 06:30:00,NA,NA,NA
"FLUME",2026-02-18 06:45:00,NA,NA,NA
"FLUME",2026-02-18 07:00:00,NA,NA,NA
"FLUME",2026-02-18 07:15:00,NA,NA,NA
"FLUME",2026-02-18 07:30:00,NA,NA,NA
"FLUME",2026-02-18 07:45:00,NA,NA,NA
"FLUME",2026-02-18 08:00:00,NA,NA,NA
"FLUME",2026-02-18 08:15:00,NA,NA,NA
"FLUME",2026-02-18 08:30:00,NA,NA,NA
"FLUME",2026-02-18 08:45:00,NA,NA,NA
"FLUME",2026-02-18 09:00:00,NA,NA,NA
"FLUME",2026-02-18 09:15:00,NA,NA,NA
"FLUME",2026-02-18 09:30:00,NA,NA,NA
"FLUME",2026-02-18 09:45:00,NA,NA,NA
"FLUME",2026-02-18 10:00:00,NA,NA,NA
"FLUME",2026-02-18 10:15:00,NA,NA,NA
"FLUME",2026-02-18 10:30:00,NA,NA,NA
"FLUME",2026-02-18 10:45:00,NA,NA,NA
"FLUME",2026-02-18 11:00:00,NA,NA,NA
"FLUME",2026-02-18 11:15:00,NA,NA,NA
"FLUME",2026-02-18 11:30:00,NA,NA,NA
"FLUME",2026-02-18 11:45:00,NA,NA,NA
"FLUME",2026-02-18 12:00:00,NA,NA,NA
"FLUME",2026-02-18 12:15:00,NA,NA,NA
"FLUME",2026-02-18 12:30:00,NA,NA,NA
"FLUME",2026-02-18 12:45:00,NA,NA,NA
"FLUME",2026-02-18 13:00:00,NA,NA,NA
"FLUME",2026-02-18 13:15:00,NA,NA,NA
"FLUME",2026-02-18 13:30:00,NA,NA,NA
"FLUME",2026-02-18 13:45:00,NA,NA,NA
"FLUME",2026-02-18 14:00:00,NA,NA,NA
"FLUME",2026-02-18 14:15:00,NA,NA,NA
"FLUME",2026-02-18 14:30:00,NA,NA,NA
"FLUME",2026-02-18 14:45:00,NA,NA,NA
"FLUME",2026-02-18 15:00:00,NA,NA,NA
"FLUME",2026-02-18 15:15:00,NA,NA,NA
"FLUME",2026-02-18 15:30:00,NA,NA,NA
"FLUME",2026-02-18 15:45:00,NA,NA,NA
"FLUME",2026-02-18 16:00:00,NA,NA,NA
"FLUME",2026-02-18 16:15:00,NA,NA,NA
"FLUME",2026-02-18 16:30:00,NA,NA,NA
"FLUME",2026-02-18 16:45:00,NA,NA,NA
"FLUME",2026-02-18 17:00:00,NA,NA,NA
"FLUME",2026-02-18 17:15:00,NA,NA,NA
"FLUME",2026-02-18 17:30:00,NA,NA,NA
"FLUME",2026-02-18 17:45:00,NA,NA,NA
"FLUME",2026-02-18 18:00:00,NA,NA,NA
"FLUME",2026-02-18 18:15:00,NA,NA,NA
"FLUME",2026-02-18 18:30:00,NA,NA,NA
"FLUME",2026-02-18 18:45:00,NA,NA,NA
"FLUME",2026-02-18 19:00:00,NA,NA,NA
"FLUME",2026-02-18 19:15:00,NA,NA,NA
"FLUME",2026-02-18 19:30:00,NA,NA,NA
"FLUME",2026-02-18 19:45:00,NA,NA,NA
"FLUME",2026-02-18 20:00:00,NA,NA,NA
"FLUME",2026-02-18 20:15:00,NA,NA,NA
"FLUME",2026-02-18 20:30:00,NA,NA,NA
"FLUME",2026-02-18 20:45:00,NA,NA,NA
"FLUME",2026-02-18 21:00:00,NA,NA,NA
"FLUME",2026-02-18 21:15:00,NA,NA,NA
"FLUME",2026-02-18 21:30:00,NA,NA,NA
"FLUME",2026-02-18 21:45:00,NA,NA,NA
"FLUME",2026-02-18 22:00:00,NA,NA,NA
"FLUME",2026-02-18 22:15:00,NA,NA,NA
"FLUME",2026-02-18 22:30:00,NA,NA,NA
"FLUME",2026-02-18 22:45:00,NA,NA,NA
"FLUME",2026-02-18 23:00:00,NA,NA,NA
"FLUME",2026-02-18 23:15:00,NA,NA,NA
"FLUME",2026-02-18 23:30:00,NA,NA,NA
"FLUME",2026-02-18 23:45:00,NA,NA,NA
"FLUME",2026-02-19,NA,NA,NA
"FLUME",2026-02-19 00:15:00,NA,NA,NA
"FLUME",2026-02-19 00:30:00,NA,NA,NA
"FLUME",2026-02-19 00:45:00,NA,NA,NA
"FLUME",2026-02-19 01:00:00,NA,NA,NA
"FLUME",2026-02-19 01:15:00,NA,NA,NA
"FLUME",2026-02-19 01:30:00,NA,NA,NA
"FLUME",2026-02-19 01:45:00,NA,NA,NA
"FLUME",2026-02-19 02:00:00,NA,NA,NA
"FLUME",2026-02-19 02:15:00,NA,NA,NA
"FLUME",2026-02-19 02:30:00,NA,NA,NA
"FLUME",2026-02-19 02:45:00,NA,NA,NA
"FLUME",2026-02-19 03:00:00,NA,NA,NA
"FLUME",2026-02-19 03:15:00,NA,NA,NA
"FLUME",2026-02-19 03:30:00,NA,NA,NA
"FLUME",2026-02-19 03:45:00,NA,NA,NA
"FLUME",2026-02-19 04:00:00,NA,NA,NA
"FLUME",2026-02-19 04:15:00,NA,NA,NA
"FLUME",2026-02-19 04:30:00,NA,NA,NA
"FLUME",2026-02-19 04:45:00,NA,NA,NA
"FLUME",2026-02-19 05:00:00,NA,NA,NA
"FLUME",2026-02-19 05:15:00,NA,NA,NA
"FLUME",2026-02-19 05:30:00,NA,NA,NA
"FLUME",2026-02-19 05:45:00,NA,NA,NA
"FLUME",2026-02-19 06:00:00,NA,NA,NA
"FLUME",2026-02-19 06:15:00,NA,NA,NA
"FLUME",2026-02-19 06:30:00,NA,NA,NA
"FLUME",2026-02-19 06:45:00,NA,NA,NA
"FLUME",2026-02-19 07:00:00,NA,NA,NA
"FLUME",2026-02-19 07:15:00,NA,NA,NA
"FLUME",2026-02-19 07:30:00,NA,NA,NA
"FLUME",2026-02-19 07:45:00,NA,NA,NA
"FLUME",2026-02-19 08:00:00,NA,NA,NA
"FLUME",2026-02-19 08:15:00,NA,NA,NA
"FLUME",2026-02-19 08:30:00,NA,NA,NA
"FLUME",2026-02-19 08:45:00,NA,NA,NA
"FLUME",2026-02-19 09:00:00,NA,NA,NA
"FLUME",2026-02-19 09:15:00,NA,NA,NA
"FLUME",2026-02-19 09:30:00,NA,NA,NA
"FLUME",2026-02-19 09:45:00,NA,NA,NA
"FLUME",2026-02-19 10:00:00,NA,NA,NA
"FLUME",2026-02-19 10:15:00,NA,NA,NA
"FLUME",2026-02-19 10:30:00,NA,NA,NA
"FLUME",2026-02-19 10:45:00,NA,NA,NA
"FLUME",2026-02-19 11:00:00,NA,NA,NA
"FLUME",2026-02-19 11:15:00,NA,NA,NA
"FLUME",2026-02-19 11:30:00,NA,NA,NA
"FLUME",2026-02-19 11:45:00,NA,NA,NA
"FLUME",2026-02-19 12:00:00,NA,NA,NA
"FLUME",2026-02-19 12:15:00,NA,NA,NA
"FLUME",2026-02-19 12:30:00,NA,NA,NA
"FLUME",2026-02-19 12:45:00,NA,NA,NA
"FLUME",2026-02-19 13:00:00,NA,NA,NA
"FLUME",2026-02-19 13:15:00,NA,NA,NA
"FLUME",2026-02-19 13:30:00,NA,NA,NA
"FLUME",2026-02-19 13:45:00,NA,NA,NA
"FLUME",2026-02-19 14:00:00,NA,NA,NA
"FLUME",2026-02-19 14:15:00,NA,NA,NA
"FLUME",2026-02-19 14:30:00,NA,NA,NA
"FLUME",2026-02-19 14:45:00,NA,NA,NA
"FLUME",2026-02-19 15:00:00,NA,NA,NA
"FLUME",2026-02-19 15:15:00,NA,NA,NA
"FLUME",2026-02-19 15:30:00,NA,NA,NA
"FLUME",2026-02-19 15:45:00,NA,NA,NA
"FLUME",2026-02-19 16:00:00,NA,NA,NA
"FLUME",2026-02-19 16:15:00,NA,NA,NA
"FLUME",2026-02-19 16:30:00,NA,NA,NA
"FLUME",2026-02-19 16:45:00,NA,NA,NA
"FLUME",2026-02-19 17:00:00,NA,NA,NA
"FLUME",2026-02-19 17:15:00,NA,NA,NA
"FLUME",2026-02-19 17:30:00,NA,NA,NA
"FLUME",2026-02-19 17:45:00,NA,NA,NA
"FLUME",2026-02-19 18:00:00,NA,NA,NA
"FLUME",2026-02-19 18:15:00,NA,NA,NA
"FLUME",2026-02-19 18:30:00,NA,NA,NA
"FLUME",2026-02-19 18:45:00,NA,NA,NA
"FLUME",2026-02-19 19:00:00,NA,NA,NA
"FLUME",2026-02-19 19:15:00,NA,NA,NA
"FLUME",2026-02-19 19:30:00,NA,NA,NA
"FLUME",2026-02-19 19:45:00,NA,NA,NA
"FLUME",2026-02-19 20:00:00,NA,NA,NA
"FLUME",2026-02-19 20:15:00,NA,NA,NA
"FLUME",2026-02-19 20:30:00,NA,NA,NA
"FLUME",2026-02-19 20:45:00,NA,NA,NA
"FLUME",2026-02-19 21:00:00,NA,NA,NA
"FLUME",2026-02-19 21:15:00,NA,NA,NA
"FLUME",2026-02-19 21:30:00,NA,NA,NA
"FLUME",2026-02-19 21:45:00,NA,NA,NA
"FLUME",2026-02-19 22:00:00,NA,NA,NA
"FLUME",2026-02-19 22:15:00,NA,NA,NA
"FLUME",2026-02-19 22:30:00,NA,NA,NA
"FLUME",2026-02-19 22:45:00,NA,NA,NA
"FLUME",2026-02-19 23:00:00,NA,NA,NA
"FLUME",2026-02-19 23:15:00,NA,NA,NA
"FLUME",2026-02-19 23:30:00,NA,NA,NA
"FLUME",2026-02-19 23:45:00,NA,NA,NA
"FLUME",2026-02-20,NA,NA,NA
"FLUME",2026-02-20 00:15:00,NA,NA,NA
"FLUME",2026-02-20 00:30:00,NA,NA,NA
"FLUME",2026-02-20 00:45:00,NA,NA,NA
"FLUME",2026-02-20 01:00:00,NA,NA,NA
"FLUME",2026-02-20 01:15:00,NA,NA,NA
"FLUME",2026-02-20 01:30:00,NA,NA,NA
"FLUME",2026-02-20 01:45:00,NA,NA,NA
"FLUME",2026-02-20 02:00:00,NA,NA,NA
"FLUME",2026-02-20 02:15:00,NA,NA,NA
"FLUME",2026-02-20 02:30:00,NA,NA,NA
"FLUME",2026-02-20 02:45:00,NA,NA,NA
"FLUME",2026-02-20 03:00:00,NA,NA,NA
"FLUME",2026-02-20 03:15:00,NA,NA,NA
"FLUME",2026-02-20 03:30:00,NA,NA,NA
"FLUME",2026-02-20 03:45:00,NA,NA,NA
"FLUME",2026-02-20 04:00:00,NA,NA,NA
"FLUME",2026-02-20 04:15:00,NA,NA,NA
"FLUME",2026-02-20 04:30:00,NA,NA,NA
"FLUME",2026-02-20 04:45:00,NA,NA,NA
"FLUME",2026-02-20 05:00:00,NA,NA,NA
"FLUME",2026-02-20 05:15:00,NA,NA,NA
"FLUME",2026-02-20 05:30:00,NA,NA,NA
"FLUME",2026-02-20 05:45:00,NA,NA,NA
"FLUME",2026-02-20 06:00:00,NA,NA,NA
"FLUME",2026-02-20 06:15:00,NA,NA,NA
"FLUME",2026-02-20 06:30:00,NA,NA,NA
"FLUME",2026-02-20 06:45:00,NA,NA,NA
"FLUME",2026-02-20 07:00:00,NA,NA,NA
"FLUME",2026-02-20 07:15:00,NA,NA,NA
"FLUME",2026-02-20 07:30:00,NA,NA,NA
"FLUME",2026-02-20 07:45:00,NA,NA,NA
"FLUME",2026-02-20 08:00:00,NA,NA,NA
"FLUME",2026-02-20 08:15:00,NA,NA,NA
"FLUME",2026-02-20 08:30:00,NA,NA,NA
"FLUME",2026-02-20 08:45:00,NA,NA,NA
"FLUME",2026-02-20 09:00:00,NA,NA,NA
"FLUME",2026-02-20 09:15:00,NA,NA,NA
"FLUME",2026-02-20 09:30:00,NA,NA,NA
"FLUME",2026-02-20 09:45:00,NA,NA,NA
"FLUME",2026-02-20 10:00:00,NA,NA,NA
"FLUME",2026-02-20 10:15:00,NA,NA,NA
"FLUME",2026-02-20 10:30:00,NA,NA,NA
"FLUME",2026-02-20 10:45:00,NA,NA,NA
"FLUME",2026-02-20 11:00:00,NA,NA,NA
"FLUME",2026-02-20 11:15:00,NA,NA,NA
"FLUME",2026-02-20 11:30:00,NA,NA,NA
"FLUME",2026-02-20 11:45:00,NA,NA,NA
"FLUME",2026-02-20 12:00:00,NA,NA,NA
"FLUME",2026-02-20 12:15:00,NA,NA,NA
"FLUME",2026-02-20 12:30:00,NA,NA,NA
"FLUME",2026-02-20 12:45:00,NA,NA,NA
"FLUME",2026-02-20 13:00:00,NA,NA,NA
"FLUME",2026-02-20 13:15:00,NA,NA,NA
"FLUME",2026-02-20 13:30:00,NA,NA,NA
"FLUME",2026-02-20 13:45:00,NA,NA,NA
"FLUME",2026-02-20 14:00:00,NA,NA,NA
"FLUME",2026-02-20 14:15:00,NA,NA,NA
"FLUME",2026-02-20 14:30:00,NA,NA,NA
"FLUME",2026-02-20 14:45:00,NA,NA,NA
"FLUME",2026-02-20 15:00:00,NA,NA,NA
"FLUME",2026-02-20 15:15:00,NA,NA,NA
"FLUME",2026-02-20 15:30:00,NA,NA,NA
"FLUME",2026-02-20 15:45:00,NA,NA,NA
"FLUME",2026-02-20 16:00:00,NA,NA,NA
"FLUME",2026-02-20 16:15:00,NA,NA,NA
"FLUME",2026-02-20 16:30:00,NA,NA,NA
"FLUME",2026-02-20 16:45:00,NA,NA,NA
"FLUME",2026-02-20 17:00:00,NA,NA,NA
"FLUME",2026-02-20 17:15:00,NA,NA,NA
"FLUME",2026-02-20 17:30:00,NA,NA,NA
"FLUME",2026-02-20 17:45:00,NA,NA,NA
"FLUME",2026-02-20 18:00:00,NA,NA,NA
"FLUME",2026-02-20 18:15:00,NA,NA,NA
"FLUME",2026-02-20 18:30:00,NA,NA,NA
"FLUME",2026-02-20 18:45:00,NA,NA,NA
"FLUME",2026-02-20 19:00:00,NA,NA,NA
"FLUME",2026-02-20 19:15:00,NA,NA,NA
"FLUME",2026-02-20 19:30:00,NA,NA,NA
"FLUME",2026-02-20 19:45:00,NA,NA,NA
"FLUME",2026-02-20 20:00:00,NA,NA,NA
"FLUME",2026-02-20 20:15:00,NA,NA,NA
"FLUME",2026-02-20 20:30:00,NA,NA,NA
"FLUME",2026-02-20 20:45:00,NA,NA,NA
"FLUME",2026-02-20 21:00:00,NA,NA,NA
"FLUME",2026-02-20 21:15:00,NA,NA,NA
"FLUME",2026-02-20 21:30:00,NA,NA,NA
"FLUME",2026-02-20 21:45:00,NA,NA,NA
"FLUME",2026-02-20 22:00:00,NA,NA,NA
"FLUME",2026-02-20 22:15:00,NA,NA,NA
"FLUME",2026-02-20 22:30:00,NA,NA,NA
"FLUME",2026-02-20 22:45:00,NA,NA,NA
"FLUME",2026-02-20 23:00:00,NA,NA,NA
"FLUME",2026-02-20 23:15:00,NA,NA,NA
"FLUME",2026-02-20 23:30:00,NA,NA,NA
"FLUME",2026-02-20 23:45:00,NA,NA,NA
"FLUME",2026-02-21,NA,NA,NA
"FLUME",2026-02-21 00:15:00,NA,NA,NA
"FLUME",2026-02-21 00:30:00,NA,NA,NA
"FLUME",2026-02-21 00:45:00,NA,NA,NA
"FLUME",2026-02-21 01:00:00,NA,NA,NA
"FLUME",2026-02-21 01:15:00,NA,NA,NA
"FLUME",2026-02-21 01:30:00,NA,NA,NA
"FLUME",2026-02-21 01:45:00,NA,NA,NA
"FLUME",2026-02-21 02:00:00,NA,NA,NA
"FLUME",2026-02-21 02:15:00,NA,NA,NA
"FLUME",2026-02-21 02:30:00,NA,NA,NA
"FLUME",2026-02-21 02:45:00,NA,NA,NA
"FLUME",2026-02-21 03:00:00,NA,NA,NA
"FLUME",2026-02-21 03:15:00,NA,NA,NA
"FLUME",2026-02-21 03:30:00,NA,NA,NA
"FLUME",2026-02-21 03:45:00,NA,NA,NA
"FLUME",2026-02-21 04:00:00,NA,NA,NA
"FLUME",2026-02-21 04:15:00,NA,NA,NA
"FLUME",2026-02-21 04:30:00,NA,NA,NA
"FLUME",2026-02-21 04:45:00,NA,NA,NA
"FLUME",2026-02-21 05:00:00,NA,NA,NA
"FLUME",2026-02-21 05:15:00,NA,NA,NA
"FLUME",2026-02-21 05:30:00,NA,NA,NA
"FLUME",2026-02-21 05:45:00,NA,NA,NA
"FLUME",2026-02-21 06:00:00,NA,NA,NA
"FLUME",2026-02-21 06:15:00,NA,NA,NA
"FLUME",2026-02-21 06:30:00,NA,NA,NA
"FLUME",2026-02-21 06:45:00,NA,NA,NA
"FLUME",2026-02-21 07:00:00,NA,NA,NA
"FLUME",2026-02-21 07:15:00,NA,NA,NA
"FLUME",2026-02-21 07:30:00,NA,NA,NA
"FLUME",2026-02-21 07:45:00,NA,NA,NA
"FLUME",2026-02-21 08:00:00,NA,NA,NA
"FLUME",2026-02-21 08:15:00,NA,NA,NA
"FLUME",2026-02-21 08:30:00,NA,NA,NA
"FLUME",2026-02-21 08:45:00,NA,NA,NA
"FLUME",2026-02-21 09:00:00,NA,NA,NA
"FLUME",2026-02-21 09:15:00,NA,NA,NA
"FLUME",2026-02-21 09:30:00,NA,NA,NA
"FLUME",2026-02-21 09:45:00,NA,NA,NA
"FLUME",2026-02-21 10:00:00,NA,NA,NA
"FLUME",2026-02-21 10:15:00,NA,NA,NA
"FLUME",2026-02-21 10:30:00,NA,NA,NA
"FLUME",2026-02-21 10:45:00,NA,NA,NA
"FLUME",2026-02-21 11:00:00,NA,NA,NA
"FLUME",2026-02-21 11:15:00,NA,NA,NA
"FLUME",2026-02-21 11:30:00,NA,NA,NA
"FLUME",2026-02-21 11:45:00,NA,NA,NA
"FLUME",2026-02-21 12:00:00,NA,NA,NA
"FLUME",2026-02-21 12:15:00,NA,NA,NA
"FLUME",2026-02-21 12:30:00,NA,NA,NA
"FLUME",2026-02-21 12:45:00,NA,NA,NA
"FLUME",2026-02-21 13:00:00,NA,NA,NA
"FLUME",2026-02-21 13:15:00,NA,NA,NA
"FLUME",2026-02-21 13:30:00,NA,NA,NA
"FLUME",2026-02-21 13:45:00,NA,NA,NA
"FLUME",2026-02-21 14:00:00,NA,NA,NA
"FLUME",2026-02-21 14:15:00,NA,NA,NA
"FLUME",2026-02-21 14:30:00,NA,NA,NA
"FLUME",2026-02-21 14:45:00,NA,NA,NA
"FLUME",2026-02-21 15:00:00,NA,NA,NA
"FLUME",2026-02-21 15:15:00,NA,NA,NA
"FLUME",2026-02-21 15:30:00,NA,NA,NA
"FLUME",2026-02-21 15:45:00,NA,NA,NA
"FLUME",2026-02-21 16:00:00,NA,NA,NA
"FLUME",2026-02-21 16:15:00,NA,NA,NA
"FLUME",2026-02-21 16:30:00,NA,NA,NA
"FLUME",2026-02-21 16:45:00,NA,NA,NA
"FLUME",2026-02-21 17:00:00,NA,NA,NA
"FLUME",2026-02-21 17:15:00,NA,NA,NA
"FLUME",2026-02-21 17:30:00,NA,NA,NA
"FLUME",2026-02-21 17:45:00,NA,NA,NA
"FLUME",2026-02-21 18:00:00,NA,NA,NA
"FLUME",2026-02-21 18:15:00,NA,NA,NA
"FLUME",2026-02-21 18:30:00,NA,NA,NA
"FLUME",2026-02-21 18:45:00,NA,NA,NA
"FLUME",2026-02-21 19:00:00,NA,NA,NA
"FLUME",2026-02-21 19:15:00,NA,NA,NA
"FLUME",2026-02-21 19:30:00,NA,NA,NA
"FLUME",2026-02-21 19:45:00,NA,NA,NA
"FLUME",2026-02-21 20:00:00,NA,NA,NA
"FLUME",2026-02-21 20:15:00,NA,NA,NA
"FLUME",2026-02-21 20:30:00,NA,NA,NA
"FLUME",2026-02-21 20:45:00,NA,NA,NA
"FLUME",2026-02-21 21:00:00,NA,NA,NA
"FLUME",2026-02-21 21:15:00,NA,NA,NA
"FLUME",2026-02-21 21:30:00,NA,NA,NA
"FLUME",2026-02-21 21:45:00,NA,NA,NA
"FLUME",2026-02-21 22:00:00,NA,NA,NA
"FLUME",2026-02-21 22:15:00,NA,NA,NA
"FLUME",2026-02-21 22:30:00,NA,NA,NA
"FLUME",2026-02-21 22:45:00,NA,NA,NA
"FLUME",2026-02-21 23:00:00,NA,NA,NA
"FLUME",2026-02-21 23:15:00,NA,NA,NA
"FLUME",2026-02-21 23:30:00,NA,NA,NA
"FLUME",2026-02-21 23:45:00,NA,NA,NA
"FLUME",2026-02-22,NA,NA,NA
"FLUME",2026-02-22 00:15:00,NA,NA,NA
"FLUME",2026-02-22 00:30:00,NA,NA,NA
"FLUME",2026-02-22 00:45:00,NA,NA,NA
"FLUME",2026-02-22 01:00:00,NA,NA,NA
"FLUME",2026-02-22 01:15:00,NA,NA,NA
"FLUME",2026-02-22 01:30:00,NA,NA,NA
"FLUME",2026-02-22 01:45:00,NA,NA,NA
"FLUME",2026-02-22 02:00:00,NA,NA,NA
"FLUME",2026-02-22 02:15:00,NA,NA,NA
"FLUME",2026-02-22 02:30:00,NA,NA,NA
"FLUME",2026-02-22 02:45:00,NA,NA,NA
"FLUME",2026-02-22 03:00:00,NA,NA,NA
"FLUME",2026-02-22 03:15:00,NA,NA,NA
"FLUME",2026-02-22 03:30:00,NA,NA,NA
"FLUME",2026-02-22 03:45:00,NA,NA,NA
"FLUME",2026-02-22 04:00:00,NA,NA,NA
"FLUME",2026-02-22 04:15:00,NA,NA,NA
"FLUME",2026-02-22 04:30:00,NA,NA,NA
"FLUME",2026-02-22 04:45:00,NA,NA,NA
"FLUME",2026-02-22 05:00:00,NA,NA,NA
"FLUME",2026-02-22 05:15:00,NA,NA,NA
"FLUME",2026-02-22 05:30:00,NA,NA,NA
"FLUME",2026-02-22 05:45:00,NA,NA,NA
"FLUME",2026-02-22 06:00:00,NA,NA,NA
"FLUME",2026-02-22 06:15:00,NA,NA,NA
"FLUME",2026-02-22 06:30:00,NA,NA,NA
"FLUME",2026-02-22 06:45:00,NA,NA,NA
"FLUME",2026-02-22 07:00:00,NA,NA,NA
"FLUME",2026-02-22 07:15:00,NA,NA,NA
"FLUME",2026-02-22 07:30:00,NA,NA,NA
"FLUME",2026-02-22 07:45:00,NA,NA,NA
"FLUME",2026-02-22 08:00:00,NA,NA,NA
"FLUME",2026-02-22 08:15:00,NA,NA,NA
"FLUME",2026-02-22 08:30:00,NA,NA,NA
"FLUME",2026-02-22 08:45:00,NA,NA,NA
"FLUME",2026-02-22 09:00:00,NA,NA,NA
"FLUME",2026-02-22 09:15:00,NA,NA,NA
"FLUME",2026-02-22 09:30:00,NA,NA,NA
"FLUME",2026-02-22 09:45:00,NA,NA,NA
"FLUME",2026-02-22 10:00:00,NA,NA,NA
"FLUME",2026-02-22 10:15:00,NA,NA,NA
"FLUME",2026-02-22 10:30:00,NA,NA,NA
"FLUME",2026-02-22 10:45:00,NA,NA,NA
"FLUME",2026-02-22 11:00:00,NA,NA,NA
"FLUME",2026-02-22 11:15:00,NA,NA,NA
"FLUME",2026-02-22 11:30:00,NA,NA,NA
"FLUME",2026-02-22 11:45:00,NA,NA,NA
"FLUME",2026-02-22 12:00:00,NA,NA,NA
"FLUME",2026-02-22 12:15:00,NA,NA,NA
"FLUME",2026-02-22 12:30:00,NA,NA,NA
"FLUME",2026-02-22 12:45:00,NA,NA,NA
"FLUME",2026-02-22 13:00:00,NA,NA,NA
"FLUME",2026-02-22 13:15:00,NA,NA,NA
"FLUME",2026-02-22 13:30:00,NA,NA,NA
"FLUME",2026-02-22 13:45:00,NA,NA,NA
"FLUME",2026-02-22 14:00:00,NA,NA,NA
"FLUME",2026-02-22 14:15:00,NA,NA,NA
"FLUME",2026-02-22 14:30:00,NA,NA,NA
"FLUME",2026-02-22 14:45:00,NA,NA,NA
"FLUME",2026-02-22 15:00:00,NA,NA,NA
"FLUME",2026-02-22 15:15:00,NA,NA,NA
"FLUME",2026-02-22 15:30:00,NA,NA,NA
"FLUME",2026-02-22 15:45:00,NA,NA,NA
"FLUME",2026-02-22 16:00:00,NA,NA,NA
"FLUME",2026-02-22 16:15:00,NA,NA,NA
"FLUME",2026-02-22 16:30:00,NA,NA,NA
"FLUME",2026-02-22 16:45:00,NA,NA,NA
"FLUME",2026-02-22 17:00:00,NA,NA,NA
"FLUME",2026-02-22 17:15:00,NA,NA,NA
"FLUME",2026-02-22 17:30:00,NA,NA,NA
"FLUME",2026-02-22 17:45:00,NA,NA,NA
"FLUME",2026-02-22 18:00:00,NA,NA,NA
"FLUME",2026-02-22 18:15:00,NA,NA,NA
"FLUME",2026-02-22 18:30:00,NA,NA,NA
"FLUME",2026-02-22 18:45:00,NA,NA,NA
"FLUME",2026-02-22 19:00:00,NA,NA,NA
"FLUME",2026-02-22 19:15:00,NA,NA,NA
"FLUME",2026-02-22 19:30:00,NA,NA,NA
"FLUME",2026-02-22 19:45:00,NA,NA,NA
"FLUME",2026-02-22 20:00:00,NA,NA,NA
"FLUME",2026-02-22 20:15:00,NA,NA,NA
"FLUME",2026-02-22 20:30:00,NA,NA,NA
"FLUME",2026-02-22 20:45:00,NA,NA,NA
"FLUME",2026-02-22 21:00:00,NA,NA,NA
"FLUME",2026-02-22 21:15:00,NA,NA,NA
"FLUME",2026-02-22 21:30:00,NA,NA,NA
"FLUME",2026-02-22 21:45:00,NA,NA,NA
"FLUME",2026-02-22 22:00:00,NA,NA,NA
"FLUME",2026-02-22 22:15:00,NA,NA,NA
"FLUME",2026-02-22 22:30:00,NA,NA,NA
"FLUME",2026-02-22 22:45:00,NA,NA,NA
"FLUME",2026-02-22 23:00:00,NA,NA,NA
"FLUME",2026-02-22 23:15:00,NA,NA,NA
"FLUME",2026-02-22 23:30:00,NA,NA,NA
"FLUME",2026-02-22 23:45:00,NA,NA,NA
"FLUME",2026-02-23,NA,NA,NA
"FLUME",2026-02-23 00:15:00,NA,NA,NA
"FLUME",2026-02-23 00:30:00,NA,NA,NA
"FLUME",2026-02-23 00:45:00,NA,NA,NA
"FLUME",2026-02-23 01:00:00,NA,NA,NA
"FLUME",2026-02-23 01:15:00,NA,NA,NA
"FLUME",2026-02-23 01:30:00,NA,NA,NA
"FLUME",2026-02-23 01:45:00,NA,NA,NA
"FLUME",2026-02-23 02:00:00,NA,NA,NA
"FLUME",2026-02-23 02:15:00,NA,NA,NA
"FLUME",2026-02-23 02:30:00,NA,NA,NA
"FLUME",2026-02-23 02:45:00,NA,NA,NA
"FLUME",2026-02-23 03:00:00,NA,NA,NA
"FLUME",2026-02-23 03:15:00,NA,NA,NA
"FLUME",2026-02-23 03:30:00,NA,NA,NA
"FLUME",2026-02-23 03:45:00,NA,NA,NA
"FLUME",2026-02-23 04:00:00,NA,NA,NA
"FLUME",2026-02-23 04:15:00,NA,NA,NA
"FLUME",2026-02-23 04:30:00,NA,NA,NA
"FLUME",2026-02-23 04:45:00,NA,NA,NA
"FLUME",2026-02-23 05:00:00,NA,NA,NA
"FLUME",2026-02-23 05:15:00,NA,NA,NA
"FLUME",2026-02-23 05:30:00,NA,NA,NA
"FLUME",2026-02-23 05:45:00,NA,NA,NA
"FLUME",2026-02-23 06:00:00,NA,NA,NA
"FLUME",2026-02-23 06:15:00,NA,NA,NA
"FLUME",2026-02-23 06:30:00,NA,NA,NA
"FLUME",2026-02-23 06:45:00,NA,NA,NA
"FLUME",2026-02-23 07:00:00,NA,NA,NA
"FLUME",2026-02-23 07:15:00,NA,NA,NA
"FLUME",2026-02-23 07:30:00,NA,NA,NA
"FLUME",2026-02-23 07:45:00,NA,NA,NA
"FLUME",2026-02-23 08:00:00,NA,NA,NA
"FLUME",2026-02-23 08:15:00,NA,NA,NA
"FLUME",2026-02-23 08:30:00,NA,NA,NA
"FLUME",2026-02-23 08:45:00,NA,NA,NA
"FLUME",2026-02-23 09:00:00,NA,NA,NA
"FLUME",2026-02-23 09:15:00,NA,NA,NA
"FLUME",2026-02-23 09:30:00,NA,NA,NA
"FLUME",2026-02-23 09:45:00,NA,NA,NA
"FLUME",2026-02-23 10:00:00,NA,NA,NA
"FLUME",2026-02-23 10:15:00,NA,NA,NA
"FLUME",2026-02-23 10:30:00,NA,NA,NA
"FLUME",2026-02-23 10:45:00,NA,NA,NA
"FLUME",2026-02-23 11:00:00,NA,NA,NA
"FLUME",2026-02-23 11:15:00,NA,NA,NA
"FLUME",2026-02-23 11:30:00,NA,NA,NA
"FLUME",2026-02-23 11:45:00,NA,NA,NA
"FLUME",2026-02-23 12:00:00,NA,NA,NA
"FLUME",2026-02-23 12:15:00,NA,NA,NA
"FLUME",2026-02-23 12:30:00,NA,NA,NA
"FLUME",2026-02-23 12:45:00,NA,NA,NA
"FLUME",2026-02-23 13:00:00,NA,NA,NA
"FLUME",2026-02-23 13:15:00,NA,NA,NA
"FLUME",2026-02-23 13:30:00,NA,NA,NA
"FLUME",2026-02-23 13:45:00,NA,NA,NA
"FLUME",2026-02-23 14:00:00,NA,NA,NA
"FLUME",2026-02-23 14:15:00,NA,NA,NA
"FLUME",2026-02-23 14:30:00,NA,NA,NA
"FLUME",2026-02-23 14:45:00,NA,NA,NA
"FLUME",2026-02-23 15:00:00,NA,NA,NA
"FLUME",2026-02-23 15:15:00,NA,NA,NA
"FLUME",2026-02-23 15:30:00,NA,NA,NA
"FLUME",2026-02-23 15:45:00,NA,NA,NA
"FLUME",2026-02-23 16:00:00,NA,NA,NA
"FLUME",2026-02-23 16:15:00,NA,NA,NA
"FLUME",2026-02-23 16:30:00,NA,NA,NA
"FLUME",2026-02-23 16:45:00,NA,NA,NA
"FLUME",2026-02-23 17:00:00,NA,NA,NA
"FLUME",2026-02-23 17:15:00,NA,NA,NA
"FLUME",2026-02-23 17:30:00,NA,NA,NA
"FLUME",2026-02-23 17:45:00,NA,NA,NA
"FLUME",2026-02-23 18:00:00,NA,NA,NA
"FLUME",2026-02-23 18:15:00,NA,NA,NA
"FLUME",2026-02-23 18:30:00,NA,NA,NA
"FLUME",2026-02-23 18:45:00,NA,NA,NA
"FLUME",2026-02-23 19:00:00,NA,NA,NA
"FLUME",2026-02-23 19:15:00,NA,NA,NA
"FLUME",2026-02-23 19:30:00,NA,NA,NA
"FLUME",2026-02-23 19:45:00,NA,NA,NA
"FLUME",2026-02-23 20:00:00,NA,NA,NA
"FLUME",2026-02-23 20:15:00,NA,NA,NA
"FLUME",2026-02-23 20:30:00,NA,NA,NA
"FLUME",2026-02-23 20:45:00,NA,NA,NA
"FLUME",2026-02-23 21:00:00,NA,NA,NA
"FLUME",2026-02-23 21:15:00,NA,NA,NA
"FLUME",2026-02-23 21:30:00,NA,NA,NA
"FLUME",2026-02-23 21:45:00,NA,NA,NA
"FLUME",2026-02-23 22:00:00,NA,NA,NA
"FLUME",2026-02-23 22:15:00,NA,NA,NA
"FLUME",2026-02-23 22:30:00,NA,NA,NA
"FLUME",2026-02-23 22:45:00,NA,NA,NA
"FLUME",2026-02-23 23:00:00,NA,NA,NA
"FLUME",2026-02-23 23:15:00,NA,NA,NA
"FLUME",2026-02-23 23:30:00,NA,NA,NA
"FLUME",2026-02-23 23:45:00,NA,NA,NA
"FLUME",2026-02-24,NA,NA,NA
"FLUME",2026-02-24 00:15:00,NA,NA,NA
"FLUME",2026-02-24 00:30:00,NA,NA,NA
"FLUME",2026-02-24 00:45:00,NA,NA,NA
"FLUME",2026-02-24 01:00:00,NA,NA,NA
"FLUME",2026-02-24 01:15:00,NA,NA,NA
"FLUME",2026-02-24 01:30:00,NA,NA,NA
"FLUME",2026-02-24 01:45:00,NA,NA,NA
"FLUME",2026-02-24 02:00:00,NA,NA,NA
"FLUME",2026-02-24 02:15:00,NA,NA,NA
"FLUME",2026-02-24 02:30:00,NA,NA,NA
"FLUME",2026-02-24 02:45:00,NA,NA,NA
"FLUME",2026-02-24 03:00:00,NA,NA,NA
"FLUME",2026-02-24 03:15:00,NA,NA,NA
"FLUME",2026-02-24 03:30:00,NA,NA,NA
"FLUME",2026-02-24 03:45:00,NA,NA,NA
"FLUME",2026-02-24 04:00:00,NA,NA,NA
"FLUME",2026-02-24 04:15:00,NA,NA,NA
"FLUME",2026-02-24 04:30:00,NA,NA,NA
"FLUME",2026-02-24 04:45:00,NA,NA,NA
"FLUME",2026-02-24 05:00:00,NA,NA,NA
"FLUME",2026-02-24 05:15:00,NA,NA,NA
"FLUME",2026-02-24 05:30:00,NA,NA,NA
"FLUME",2026-02-24 05:45:00,NA,NA,NA
"FLUME",2026-02-24 06:00:00,NA,NA,NA
"FLUME",2026-02-24 06:15:00,NA,NA,NA
"FLUME",2026-02-24 06:30:00,NA,NA,NA
"FLUME",2026-02-24 06:45:00,NA,NA,NA
"FLUME",2026-02-24 07:00:00,NA,NA,NA
"FLUME",2026-02-24 07:15:00,NA,NA,NA
"FLUME",2026-02-24 07:30:00,NA,NA,NA
"FLUME",2026-02-24 07:45:00,NA,NA,NA
"FLUME",2026-02-24 08:00:00,NA,NA,NA
"FLUME",2026-02-24 08:15:00,NA,NA,NA
"FLUME",2026-02-24 08:30:00,NA,NA,NA
"FLUME",2026-02-24 08:45:00,NA,NA,NA
"FLUME",2026-02-24 09:00:00,NA,NA,NA
"FLUME",2026-02-24 09:15:00,NA,NA,NA
"FLUME",2026-02-24 09:30:00,NA,NA,NA
"FLUME",2026-02-24 09:45:00,NA,NA,NA
"FLUME",2026-02-24 10:00:00,NA,NA,NA
"FLUME",2026-02-24 10:15:00,NA,NA,NA
"FLUME",2026-02-24 10:30:00,NA,NA,NA
"FLUME",2026-02-24 10:45:00,NA,NA,NA
"FLUME",2026-02-24 11:00:00,NA,NA,NA
"FLUME",2026-02-24 11:15:00,NA,NA,NA
"FLUME",2026-02-24 11:30:00,NA,NA,NA
"FLUME",2026-02-24 11:45:00,NA,NA,NA
"FLUME",2026-02-24 12:00:00,NA,NA,NA
"FLUME",2026-02-24 12:15:00,NA,NA,NA
"FLUME",2026-02-24 12:30:00,NA,NA,NA
"FLUME",2026-02-24 12:45:00,NA,NA,NA
"FLUME",2026-02-24 13:00:00,NA,NA,NA
"FLUME",2026-02-24 13:15:00,NA,NA,NA
"FLUME",2026-02-24 13:30:00,NA,NA,NA
"FLUME",2026-02-24 13:45:00,NA,NA,NA
"FLUME",2026-02-24 14:00:00,NA,NA,NA
"FLUME",2026-02-24 14:15:00,NA,NA,NA
"FLUME",2026-02-24 14:30:00,NA,NA,NA
"FLUME",2026-02-24 14:45:00,NA,NA,NA
"FLUME",2026-02-24 15:00:00,NA,NA,NA
"FLUME",2026-02-24 15:15:00,NA,NA,NA
"FLUME",2026-02-24 15:30:00,NA,NA,NA
"FLUME",2026-02-24 15:45:00,NA,NA,NA
"FLUME",2026-02-24 16:00:00,NA,NA,NA
"FLUME",2026-02-24 16:15:00,NA,NA,NA
"FLUME",2026-02-24 16:30:00,NA,NA,NA
"FLUME",2026-02-24 16:45:00,NA,NA,NA
"FLUME",2026-02-24 17:00:00,NA,NA,NA
"FLUME",2026-02-24 17:15:00,NA,NA,NA
"FLUME",2026-02-24 17:30:00,NA,NA,NA
"FLUME",2026-02-24 17:45:00,NA,NA,NA
"FLUME",2026-02-24 18:00:00,NA,NA,NA
"FLUME",2026-02-24 18:15:00,NA,NA,NA
"FLUME",2026-02-24 18:30:00,NA,NA,NA
"FLUME",2026-02-24 18:45:00,NA,NA,NA
"FLUME",2026-02-24 19:00:00,NA,NA,NA
"FLUME",2026-02-24 19:15:00,NA,NA,NA
"FLUME",2026-02-24 19:30:00,NA,NA,NA
"FLUME",2026-02-24 19:45:00,NA,NA,NA
"FLUME",2026-02-24 20:00:00,NA,NA,NA
"FLUME",2026-02-24 20:15:00,NA,NA,NA
"FLUME",2026-02-24 20:30:00,NA,NA,NA
"FLUME",2026-02-24 20:45:00,NA,NA,NA
"FLUME",2026-02-24 21:00:00,NA,NA,NA
"FLUME",2026-02-24 21:15:00,NA,NA,NA
"FLUME",2026-02-24 21:30:00,NA,NA,NA
"FLUME",2026-02-24 21:45:00,NA,NA,NA
"FLUME",2026-02-24 22:00:00,NA,NA,NA
"FLUME",2026-02-24 22:15:00,NA,NA,NA
"FLUME",2026-02-24 22:30:00,NA,NA,NA
"FLUME",2026-02-24 22:45:00,NA,NA,NA
"FLUME",2026-02-24 23:00:00,NA,NA,NA
"FLUME",2026-02-24 23:15:00,NA,NA,NA
"FLUME",2026-02-24 23:30:00,NA,NA,NA
"FLUME",2026-02-24 23:45:00,NA,NA,NA
"FLUME",2026-02-25,NA,NA,NA
"FLUME",2026-02-25 00:15:00,NA,NA,NA
"FLUME",2026-02-25 00:30:00,NA,NA,NA
"FLUME",2026-02-25 00:45:00,NA,NA,NA
"FLUME",2026-02-25 01:00:00,NA,NA,NA
"FLUME",2026-02-25 01:15:00,NA,NA,NA
"FLUME",2026-02-25 01:30:00,NA,NA,NA
"FLUME",2026-02-25 01:45:00,NA,NA,NA
"FLUME",2026-02-25 02:00:00,NA,NA,NA
"FLUME",2026-02-25 02:15:00,NA,NA,NA
"FLUME",2026-02-25 02:30:00,NA,NA,NA
"FLUME",2026-02-25 02:45:00,NA,NA,NA
"FLUME",2026-02-25 03:00:00,NA,NA,NA
"FLUME",2026-02-25 03:15:00,NA,NA,NA
"FLUME",2026-02-25 03:30:00,NA,NA,NA
"FLUME",2026-02-25 03:45:00,NA,NA,NA
"FLUME",2026-02-25 04:00:00,NA,NA,NA
"FLUME",2026-02-25 04:15:00,NA,NA,NA
"FLUME",2026-02-25 04:30:00,NA,NA,NA
"FLUME",2026-02-25 04:45:00,NA,NA,NA
"FLUME",2026-02-25 05:00:00,NA,NA,NA
"FLUME",2026-02-25 05:15:00,NA,NA,NA
"FLUME",2026-02-25 05:30:00,NA,NA,NA
"FLUME",2026-02-25 05:45:00,NA,NA,NA
"FLUME",2026-02-25 06:00:00,NA,NA,NA
"FLUME",2026-02-25 06:15:00,NA,NA,NA
"FLUME",2026-02-25 06:30:00,NA,NA,NA
"FLUME",2026-02-25 06:45:00,NA,NA,NA
"FLUME",2026-02-25 07:00:00,NA,NA,NA
"FLUME",2026-02-25 07:15:00,NA,NA,NA
"FLUME",2026-02-25 07:30:00,NA,NA,NA
"FLUME",2026-02-25 07:45:00,NA,NA,NA
"FLUME",2026-02-25 08:00:00,NA,NA,NA
"FLUME",2026-02-25 08:15:00,NA,NA,NA
"FLUME",2026-02-25 08:30:00,NA,NA,NA
"FLUME",2026-02-25 08:45:00,NA,NA,NA
"FLUME",2026-02-25 09:00:00,NA,NA,NA
"FLUME",2026-02-25 09:15:00,NA,NA,NA
"FLUME",2026-02-25 09:30:00,NA,NA,NA
"FLUME",2026-02-25 09:45:00,NA,NA,NA
"FLUME",2026-02-25 10:00:00,NA,NA,NA
"FLUME",2026-02-25 10:15:00,NA,NA,NA
"FLUME",2026-02-25 10:30:00,NA,NA,NA
"FLUME",2026-02-25 10:45:00,NA,NA,NA
"FLUME",2026-02-25 11:00:00,NA,NA,NA
"FLUME",2026-02-25 11:15:00,NA,NA,NA
"FLUME",2026-02-25 11:30:00,NA,NA,NA
"FLUME",2026-02-25 11:45:00,NA,NA,NA
"FLUME",2026-02-25 12:00:00,NA,NA,NA
"FLUME",2026-02-25 12:15:00,NA,NA,NA
"FLUME",2026-02-25 12:30:00,NA,NA,NA
"FLUME",2026-02-25 12:45:00,NA,NA,NA
"FLUME",2026-02-25 13:00:00,NA,NA,NA
"FLUME",2026-02-25 13:15:00,NA,NA,NA
"FLUME",2026-02-25 13:30:00,NA,NA,NA
"FLUME",2026-02-25 13:45:00,NA,NA,NA
"FLUME",2026-02-25 14:00:00,NA,NA,NA
"FLUME",2026-02-25 14:15:00,NA,NA,NA
"FLUME",2026-02-25 14:30:00,NA,NA,NA
"FLUME",2026-02-25 14:45:00,NA,NA,NA
"FLUME",2026-02-25 15:00:00,NA,NA,NA
"FLUME",2026-02-25 15:15:00,NA,NA,NA
"FLUME",2026-02-25 15:30:00,NA,NA,NA
"FLUME",2026-02-25 15:45:00,NA,NA,NA
"FLUME",2026-02-25 16:00:00,NA,NA,NA
"FLUME",2026-02-25 16:15:00,NA,NA,NA
"FLUME",2026-02-25 16:30:00,NA,NA,NA
"FLUME",2026-02-25 16:45:00,NA,NA,NA
"FLUME",2026-02-25 17:00:00,NA,NA,NA
"FLUME",2026-02-25 17:15:00,NA,NA,NA
"FLUME",2026-02-25 17:30:00,NA,NA,NA
"FLUME",2026-02-25 17:45:00,NA,NA,NA
"FLUME",2026-02-25 18:00:00,NA,NA,NA
"FLUME",2026-02-25 18:15:00,NA,NA,NA
"FLUME",2026-02-25 18:30:00,NA,NA,NA
"FLUME",2026-02-25 18:45:00,NA,NA,NA
"FLUME",2026-02-25 19:00:00,NA,NA,NA
"FLUME",2026-02-25 19:15:00,NA,NA,NA
"FLUME",2026-02-25 19:30:00,NA,NA,NA
"FLUME",2026-02-25 19:45:00,NA,NA,NA
"FLUME",2026-02-25 20:00:00,NA,NA,NA
"FLUME",2026-02-25 20:15:00,NA,NA,NA
"FLUME",2026-02-25 20:30:00,NA,NA,NA
"FLUME",2026-02-25 20:45:00,NA,NA,NA
"FLUME",2026-02-25 21:00:00,NA,NA,NA
"FLUME",2026-02-25 21:15:00,NA,NA,NA
"FLUME",2026-02-25 21:30:00,NA,NA,NA
"FLUME",2026-02-25 21:45:00,NA,NA,NA
"FLUME",2026-02-25 22:00:00,NA,NA,NA
"FLUME",2026-02-25 22:15:00,NA,NA,NA
"FLUME",2026-02-25 22:30:00,NA,NA,NA
"FLUME",2026-02-25 22:45:00,NA,NA,NA
"FLUME",2026-02-25 23:00:00,NA,NA,NA
"FLUME",2026-02-25 23:15:00,NA,NA,NA
"FLUME",2026-02-25 23:30:00,NA,NA,NA
"FLUME",2026-02-25 23:45:00,NA,NA,NA
"FLUME",2026-02-26,NA,NA,NA
"FLUME",2026-02-26 00:15:00,NA,NA,NA
"FLUME",2026-02-26 00:30:00,NA,NA,NA
"FLUME",2026-02-26 00:45:00,NA,NA,NA
"FLUME",2026-02-26 01:00:00,NA,NA,NA
"FLUME",2026-02-26 01:15:00,NA,NA,NA
"FLUME",2026-02-26 01:30:00,NA,NA,NA
"FLUME",2026-02-26 01:45:00,NA,NA,NA
"FLUME",2026-02-26 02:00:00,NA,NA,NA
"FLUME",2026-02-26 02:15:00,NA,NA,NA
"FLUME",2026-02-26 02:30:00,NA,NA,NA
"FLUME",2026-02-26 02:45:00,NA,NA,NA
"FLUME",2026-02-26 03:00:00,NA,NA,NA
"FLUME",2026-02-26 03:15:00,NA,NA,NA
"FLUME",2026-02-26 03:30:00,NA,NA,NA
"FLUME",2026-02-26 03:45:00,NA,NA,NA
"FLUME",2026-02-26 04:00:00,NA,NA,NA
"FLUME",2026-02-26 04:15:00,NA,NA,NA
"FLUME",2026-02-26 04:30:00,NA,NA,NA
"FLUME",2026-02-26 04:45:00,NA,NA,NA
"FLUME",2026-02-26 05:00:00,NA,NA,NA
"FLUME",2026-02-26 05:15:00,NA,NA,NA
"FLUME",2026-02-26 05:30:00,NA,NA,NA
"FLUME",2026-02-26 05:45:00,NA,NA,NA
"FLUME",2026-02-26 06:00:00,NA,NA,NA
"FLUME",2026-02-26 06:15:00,NA,NA,NA
"FLUME",2026-02-26 06:30:00,NA,NA,NA
"FLUME",2026-02-26 06:45:00,NA,NA,NA
"FLUME",2026-02-26 07:00:00,NA,NA,NA
"FLUME",2026-02-26 07:15:00,NA,NA,NA
"FLUME",2026-02-26 07:30:00,NA,NA,NA
"FLUME",2026-02-26 07:45:00,NA,NA,NA
"FLUME",2026-02-26 08:00:00,NA,NA,NA
"FLUME",2026-02-26 08:15:00,NA,NA,NA
"FLUME",2026-02-26 08:30:00,NA,NA,NA
"FLUME",2026-02-26 08:45:00,NA,NA,NA
"FLUME",2026-02-26 09:00:00,NA,NA,NA
"FLUME",2026-02-26 09:15:00,NA,NA,NA
"FLUME",2026-02-26 09:30:00,NA,NA,NA
"FLUME",2026-02-26 09:45:00,NA,NA,NA
"FLUME",2026-02-26 10:00:00,NA,NA,NA
"FLUME",2026-02-26 10:15:00,NA,NA,NA
"FLUME",2026-02-26 10:30:00,NA,NA,NA
"FLUME",2026-02-26 10:45:00,NA,NA,NA
"FLUME",2026-02-26 11:00:00,NA,NA,NA
"FLUME",2026-02-26 11:15:00,NA,NA,NA
"FLUME",2026-02-26 11:30:00,NA,NA,NA
"FLUME",2026-02-26 11:45:00,NA,NA,NA
"FLUME",2026-02-26 12:00:00,NA,NA,NA
"FLUME",2026-02-26 12:15:00,NA,NA,NA
"FLUME",2026-02-26 12:30:00,NA,NA,NA
"FLUME",2026-02-26 12:45:00,NA,NA,NA
"FLUME",2026-02-26 13:00:00,NA,NA,NA
"FLUME",2026-02-26 13:15:00,NA,NA,NA
"FLUME",2026-02-26 13:30:00,NA,NA,NA
"FLUME",2026-02-26 13:45:00,NA,NA,NA
"FLUME",2026-02-26 14:00:00,NA,NA,NA
"FLUME",2026-02-26 14:15:00,NA,NA,NA
"FLUME",2026-02-26 14:30:00,NA,NA,NA
"FLUME",2026-02-26 14:45:00,NA,NA,NA
"FLUME",2026-02-26 15:00:00,NA,NA,NA
"FLUME",2026-02-26 15:15:00,NA,NA,NA
"FLUME",2026-02-26 15:30:00,NA,NA,NA
"FLUME",2026-02-26 15:45:00,NA,NA,NA
"FLUME",2026-02-26 16:00:00,NA,NA,NA
"FLUME",2026-02-26 16:15:00,NA,NA,NA
"FLUME",2026-02-26 16:30:00,NA,NA,NA
"FLUME",2026-02-26 16:45:00,NA,NA,NA
"FLUME",2026-02-26 17:00:00,NA,NA,NA
"FLUME",2026-02-26 17:15:00,NA,NA,NA
"FLUME",2026-02-26 17:30:00,NA,NA,NA
"FLUME",2026-02-26 17:45:00,NA,NA,NA
"FLUME",2026-02-26 18:00:00,NA,NA,NA
"FLUME",2026-02-26 18:15:00,NA,NA,NA
"FLUME",2026-02-26 18:30:00,NA,NA,NA
"FLUME",2026-02-26 18:45:00,NA,NA,NA
"FLUME",2026-02-26 19:00:00,NA,NA,NA
"FLUME",2026-02-26 19:15:00,NA,NA,NA
"FLUME",2026-02-26 19:30:00,NA,NA,NA
"FLUME",2026-02-26 19:45:00,NA,NA,NA
"FLUME",2026-02-26 20:00:00,NA,NA,NA
"FLUME",2026-02-26 20:15:00,NA,NA,NA
"FLUME",2026-02-26 20:30:00,NA,NA,NA
"FLUME",2026-02-26 20:45:00,NA,NA,NA
"FLUME",2026-02-26 21:00:00,NA,NA,NA
"FLUME",2026-02-26 21:15:00,NA,NA,NA
"FLUME",2026-02-26 21:30:00,NA,NA,NA
"FLUME",2026-02-26 21:45:00,NA,NA,NA
"FLUME",2026-02-26 22:00:00,NA,NA,NA
"FLUME",2026-02-26 22:15:00,NA,NA,NA
"FLUME",2026-02-26 22:30:00,NA,NA,NA
"FLUME",2026-02-26 22:45:00,NA,NA,NA
"FLUME",2026-02-26 23:00:00,NA,NA,NA
"FLUME",2026-02-26 23:15:00,NA,NA,NA
"FLUME",2026-02-26 23:30:00,NA,NA,NA
"FLUME",2026-02-26 23:45:00,NA,NA,NA
"FLUME",2026-02-27,NA,NA,NA
"FLUME",2026-02-27 00:15:00,NA,NA,NA
"FLUME",2026-02-27 00:30:00,NA,NA,NA
"FLUME",2026-02-27 00:45:00,NA,NA,NA
"FLUME",2026-02-27 01:00:00,NA,NA,NA
"FLUME",2026-02-27 01:15:00,NA,NA,NA
"FLUME",2026-02-27 01:30:00,NA,NA,NA
"FLUME",2026-02-27 01:45:00,NA,NA,NA
"FLUME",2026-02-27 02:00:00,NA,NA,NA
"FLUME",2026-02-27 02:15:00,NA,NA,NA
"FLUME",2026-02-27 02:30:00,NA,NA,NA
"FLUME",2026-02-27 02:45:00,NA,NA,NA
"FLUME",2026-02-27 03:00:00,NA,NA,NA
"FLUME",2026-02-27 03:15:00,NA,NA,NA
"FLUME",2026-02-27 03:30:00,NA,NA,NA
"FLUME",2026-02-27 03:45:00,NA,NA,NA
"FLUME",2026-02-27 04:00:00,NA,NA,NA
"FLUME",2026-02-27 04:15:00,NA,NA,NA
"FLUME",2026-02-27 04:30:00,NA,NA,NA
"FLUME",2026-02-27 04:45:00,NA,NA,NA
"FLUME",2026-02-27 05:00:00,NA,NA,NA
"FLUME",2026-02-27 05:15:00,NA,NA,NA
"FLUME",2026-02-27 05:30:00,NA,NA,NA
"FLUME",2026-02-27 05:45:00,NA,NA,NA
"FLUME",2026-02-27 06:00:00,NA,NA,NA
"FLUME",2026-02-27 06:15:00,NA,NA,NA
"FLUME",2026-02-27 06:30:00,NA,NA,NA
"FLUME",2026-02-27 06:45:00,NA,NA,NA
"FLUME",2026-02-27 07:00:00,NA,NA,NA
"FLUME",2026-02-27 07:15:00,NA,NA,NA
"FLUME",2026-02-27 07:30:00,NA,NA,NA
"FLUME",2026-02-27 07:45:00,NA,NA,NA
"FLUME",2026-02-27 08:00:00,NA,NA,NA
"FLUME",2026-02-27 08:15:00,NA,NA,NA
"FLUME",2026-02-27 08:30:00,NA,NA,NA
"FLUME",2026-02-27 08:45:00,NA,NA,NA
"FLUME",2026-02-27 09:00:00,NA,NA,NA
"FLUME",2026-02-27 09:15:00,NA,NA,NA
"FLUME",2026-02-27 09:30:00,NA,NA,NA
"FLUME",2026-02-27 09:45:00,NA,NA,NA
"FLUME",2026-02-27 10:00:00,NA,NA,NA
"FLUME",2026-02-27 10:15:00,NA,NA,NA
"FLUME",2026-02-27 10:30:00,NA,NA,NA
"FLUME",2026-02-27 10:45:00,NA,NA,NA
"FLUME",2026-02-27 11:00:00,NA,NA,NA
"FLUME",2026-02-27 11:15:00,NA,NA,NA
"FLUME",2026-02-27 11:30:00,NA,NA,NA
"FLUME",2026-02-27 11:45:00,NA,NA,NA
"FLUME",2026-02-27 12:00:00,NA,NA,NA
"FLUME",2026-02-27 12:15:00,NA,NA,NA
"FLUME",2026-02-27 12:30:00,NA,NA,NA
"FLUME",2026-02-27 12:45:00,NA,NA,NA
"FLUME",2026-02-27 13:00:00,NA,NA,NA
"FLUME",2026-02-27 13:15:00,NA,NA,NA
"FLUME",2026-02-27 13:30:00,NA,NA,NA
"FLUME",2026-02-27 13:45:00,NA,NA,NA
"FLUME",2026-02-27 14:00:00,NA,NA,NA
"FLUME",2026-02-27 14:15:00,NA,NA,NA
"FLUME",2026-02-27 14:30:00,NA,NA,NA
"FLUME",2026-02-27 14:45:00,NA,NA,NA
"FLUME",2026-02-27 15:00:00,NA,NA,NA
"FLUME",2026-02-27 15:15:00,NA,NA,NA
"FLUME",2026-02-27 15:30:00,NA,NA,NA
"FLUME",2026-02-27 15:45:00,NA,NA,NA
"FLUME",2026-02-27 16:00:00,NA,NA,NA
"FLUME",2026-02-27 16:15:00,NA,NA,NA
"FLUME",2026-02-27 16:30:00,NA,NA,NA
"FLUME",2026-02-27 16:45:00,NA,NA,NA
"FLUME",2026-02-27 17:00:00,NA,NA,NA
"FLUME",2026-02-27 17:15:00,NA,NA,NA
"FLUME",2026-02-27 17:30:00,NA,NA,NA
"FLUME",2026-02-27 17:45:00,NA,NA,NA
"FLUME",2026-02-27 18:00:00,NA,NA,NA
"FLUME",2026-02-27 18:15:00,NA,NA,NA
"FLUME",2026-02-27 18:30:00,NA,NA,NA
"FLUME",2026-02-27 18:45:00,NA,NA,NA
"FLUME",2026-02-27 19:00:00,NA,NA,NA
"FLUME",2026-02-27 19:15:00,NA,NA,NA
"FLUME",2026-02-27 19:30:00,NA,NA,NA
"FLUME",2026-02-27 19:45:00,NA,NA,NA
"FLUME",2026-02-27 20:00:00,NA,NA,NA
"FLUME",2026-02-27 20:15:00,NA,NA,NA
"FLUME",2026-02-27 20:30:00,NA,NA,NA
"FLUME",2026-02-27 20:45:00,NA,NA,NA
"FLUME",2026-02-27 21:00:00,NA,NA,NA
"FLUME",2026-02-27 21:15:00,NA,NA,NA
"FLUME",2026-02-27 21:30:00,NA,NA,NA
"FLUME",2026-02-27 21:45:00,NA,NA,NA
"FLUME",2026-02-27 22:00:00,NA,NA,NA
"FLUME",2026-02-27 22:15:00,NA,NA,NA
"FLUME",2026-02-27 22:30:00,NA,NA,NA
"FLUME",2026-02-27 22:45:00,NA,NA,NA
"FLUME",2026-02-27 23:00:00,NA,NA,NA
"FLUME",2026-02-27 23:15:00,NA,NA,NA
"FLUME",2026-02-27 23:30:00,NA,NA,NA
"FLUME",2026-02-27 23:45:00,NA,NA,NA
"FLUME",2026-02-28,NA,NA,NA
"FLUME",2026-02-28 00:15:00,NA,NA,NA
"FLUME",2026-02-28 00:30:00,NA,NA,NA
"FLUME",2026-02-28 00:45:00,NA,NA,NA
"FLUME",2026-02-28 01:00:00,NA,NA,NA
"FLUME",2026-02-28 01:15:00,NA,NA,NA
"FLUME",2026-02-28 01:30:00,NA,NA,NA
"FLUME",2026-02-28 01:45:00,NA,NA,NA
"FLUME",2026-02-28 02:00:00,NA,NA,NA
"FLUME",2026-02-28 02:15:00,NA,NA,NA
"FLUME",2026-02-28 02:30:00,NA,NA,NA
"FLUME",2026-02-28 02:45:00,NA,NA,NA
"FLUME",2026-02-28 03:00:00,NA,NA,NA
"FLUME",2026-02-28 03:15:00,NA,NA,NA
"FLUME",2026-02-28 03:30:00,NA,NA,NA
"FLUME",2026-02-28 03:45:00,NA,NA,NA
"FLUME",2026-02-28 04:00:00,NA,NA,NA
"FLUME",2026-02-28 04:15:00,NA,NA,NA
"FLUME",2026-02-28 04:30:00,NA,NA,NA
"FLUME",2026-02-28 04:45:00,NA,NA,NA
"FLUME",2026-02-28 05:00:00,NA,NA,NA
"FLUME",2026-02-28 05:15:00,NA,NA,NA
"FLUME",2026-02-28 05:30:00,NA,NA,NA
"FLUME",2026-02-28 05:45:00,NA,NA,NA
"FLUME",2026-02-28 06:00:00,NA,NA,NA
"FLUME",2026-02-28 06:15:00,NA,NA,NA
"FLUME",2026-02-28 06:30:00,NA,NA,NA
"FLUME",2026-02-28 06:45:00,NA,NA,NA
"FLUME",2026-02-28 07:00:00,NA,NA,NA
"FLUME",2026-02-28 07:15:00,NA,NA,NA
"FLUME",2026-02-28 07:30:00,NA,NA,NA
"FLUME",2026-02-28 07:45:00,NA,NA,NA
"FLUME",2026-02-28 08:00:00,NA,NA,NA
"FLUME",2026-02-28 08:15:00,NA,NA,NA
"FLUME",2026-02-28 08:30:00,NA,NA,NA
"FLUME",2026-02-28 08:45:00,NA,NA,NA
"FLUME",2026-02-28 09:00:00,NA,NA,NA
"FLUME",2026-02-28 09:15:00,NA,NA,NA
"FLUME",2026-02-28 09:30:00,NA,NA,NA
"FLUME",2026-02-28 09:45:00,NA,NA,NA
"FLUME",2026-02-28 10:00:00,NA,NA,NA
"FLUME",2026-02-28 10:15:00,NA,NA,NA
"FLUME",2026-02-28 10:30:00,NA,NA,NA
"FLUME",2026-02-28 10:45:00,NA,NA,NA
"FLUME",2026-02-28 11:00:00,NA,NA,NA
"FLUME",2026-02-28 11:15:00,NA,NA,NA
"FLUME",2026-02-28 11:30:00,NA,NA,NA
"FLUME",2026-02-28 11:45:00,NA,NA,NA
"FLUME",2026-02-28 12:00:00,NA,NA,NA
"FLUME",2026-02-28 12:15:00,NA,NA,NA
"FLUME",2026-02-28 12:30:00,NA,NA,NA
"FLUME",2026-02-28 12:45:00,NA,NA,NA
"FLUME",2026-02-28 13:00:00,NA,NA,NA
"FLUME",2026-02-28 13:15:00,NA,NA,NA
"FLUME",2026-02-28 13:30:00,NA,NA,NA
"FLUME",2026-02-28 13:45:00,NA,NA,NA
"FLUME",2026-02-28 14:00:00,NA,NA,NA
"FLUME",2026-02-28 14:15:00,NA,NA,NA
"FLUME",2026-02-28 14:30:00,NA,NA,NA
"FLUME",2026-02-28 14:45:00,NA,NA,NA
"FLUME",2026-02-28 15:00:00,NA,NA,NA
"FLUME",2026-02-28 15:15:00,NA,NA,NA
"FLUME",2026-02-28 15:30:00,NA,NA,NA
"FLUME",2026-02-28 15:45:00,NA,NA,NA
"FLUME",2026-02-28 16:00:00,NA,NA,NA
"FLUME",2026-02-28 16:15:00,NA,NA,NA
"FLUME",2026-02-28 16:30:00,NA,NA,NA
"FLUME",2026-02-28 16:45:00,NA,NA,NA
"FLUME",2026-02-28 17:00:00,NA,NA,NA
"FLUME",2026-02-28 17:15:00,NA,NA,NA
"FLUME",2026-02-28 17:30:00,NA,NA,NA
"FLUME",2026-02-28 17:45:00,NA,NA,NA
"FLUME",2026-02-28 18:00:00,NA,NA,NA
"FLUME",2026-02-28 18:15:00,NA,NA,NA
"FLUME",2026-02-28 18:30:00,NA,NA,NA
"FLUME",2026-02-28 18:45:00,NA,NA,NA
"FLUME",2026-02-28 19:00:00,NA,NA,NA
"FLUME",2026-02-28 19:15:00,NA,NA,NA
"FLUME",2026-02-28 19:30:00,NA,NA,NA
"FLUME",2026-02-28 19:45:00,NA,NA,NA
"FLUME",2026-02-28 20:00:00,NA,NA,NA
"FLUME",2026-02-28 20:15:00,NA,NA,NA
"FLUME",2026-02-28 20:30:00,NA,NA,NA
"FLUME",2026-02-28 20:45:00,NA,NA,NA
"FLUME",2026-02-28 21:00:00,NA,NA,NA
"FLUME",2026-02-28 21:15:00,NA,NA,NA
"FLUME",2026-02-28 21:30:00,NA,NA,NA
"FLUME",2026-02-28 21:45:00,NA,NA,NA
"FLUME",2026-02-28 22:00:00,NA,NA,NA
"FLUME",2026-02-28 22:15:00,NA,NA,NA
"FLUME",2026-02-28 22:30:00,NA,NA,NA
"FLUME",2026-02-28 22:45:00,NA,NA,NA
"FLUME",2026-02-28 23:00:00,NA,NA,NA
"FLUME",2026-02-28 23:15:00,NA,NA,NA
"FLUME",2026-02-28 23:30:00,NA,NA,NA
"FLUME",2026-02-28 23:45:00,NA,NA,NA
"FLUME",2026-03-15,NA,NA,NA
"FLUME",2026-03-15 00:15:00,NA,NA,NA
"FLUME",2026-03-15 00:30:00,NA,NA,NA
"FLUME",2026-03-15 00:45:00,NA,NA,NA
"FLUME",2026-03-15 01:00:00,NA,NA,NA
"FLUME",2026-03-15 01:15:00,NA,NA,NA
"FLUME",2026-03-15 01:30:00,NA,NA,NA
"FLUME",2026-03-15 01:45:00,NA,NA,NA
"FLUME",2026-03-15 02:00:00,NA,NA,NA
"FLUME",2026-03-15 02:15:00,NA,NA,NA
"FLUME",2026-03-15 02:30:00,NA,NA,NA
"FLUME",2026-03-15 02:45:00,NA,NA,NA
"FLUME",2026-03-15 03:00:00,NA,NA,NA
"FLUME",2026-03-15 03:15:00,NA,NA,NA
"FLUME",2026-03-15 03:30:00,NA,NA,NA
"FLUME",2026-03-15 03:45:00,NA,NA,NA
"FLUME",2026-03-15 04:00:00,NA,NA,NA
"FLUME",2026-03-15 04:15:00,NA,NA,NA
"FLUME",2026-03-15 04:30:00,NA,NA,NA
"FLUME",2026-03-15 04:45:00,NA,NA,NA
"FLUME",2026-03-15 05:00:00,NA,NA,NA
"FLUME",2026-03-15 05:15:00,NA,NA,NA
"FLUME",2026-03-15 05:30:00,NA,NA,NA
"FLUME",2026-03-15 05:45:00,NA,NA,NA
"FLUME",2026-03-15 06:00:00,NA,NA,NA
"FLUME",2026-03-15 06:15:00,NA,NA,NA
"FLUME",2026-03-15 06:30:00,NA,NA,NA
"FLUME",2026-03-15 06:45:00,NA,NA,NA
"FLUME",2026-03-15 07:00:00,NA,NA,NA
"FLUME",2026-03-15 07:15:00,NA,NA,NA
"FLUME",2026-03-15 07:30:00,NA,NA,NA
"FLUME",2026-03-15 07:45:00,NA,NA,NA
"FLUME",2026-03-15 08:00:00,NA,NA,NA
"FLUME",2026-03-15 08:15:00,NA,NA,NA
"FLUME",2026-03-15 08:30:00,NA,NA,NA
"FLUME",2026-03-15 08:45:00,NA,NA,NA
"FLUME",2026-03-15 09:00:00,NA,NA,NA
"FLUME",2026-03-15 09:15:00,NA,NA,NA
"FLUME",2026-03-15 09:30:00,NA,NA,NA
"FLUME",2026-03-15 09:45:00,NA,NA,NA
"FLUME",2026-03-15 10:00:00,NA,NA,NA
"FLUME",2026-03-15 10:15:00,NA,NA,NA
"FLUME",2026-03-15 10:30:00,NA,NA,NA
"FLUME",2026-03-15 10:45:00,NA,NA,NA
"FLUME",2026-03-15 11:00:00,NA,NA,NA
"FLUME",2026-03-15 11:15:00,NA,NA,NA
"FLUME",2026-03-15 11:30:00,NA,NA,NA
"FLUME",2026-03-15 11:45:00,NA,NA,NA
"FLUME",2026-03-15 12:00:00,NA,NA,NA
"FLUME",2026-03-15 12:15:00,NA,NA,NA
"FLUME",2026-03-15 12:30:00,NA,NA,NA
"FLUME",2026-03-15 12:45:00,NA,NA,NA
"FLUME",2026-03-15 13:00:00,NA,NA,NA
"FLUME",2026-03-15 13:15:00,NA,NA,NA
"FLUME",2026-03-15 13:30:00,NA,NA,NA
"FLUME",2026-03-15 13:45:00,NA,NA,NA
"FLUME",2026-03-15 14:00:00,NA,NA,NA
"FLUME",2026-03-15 14:15:00,NA,NA,NA
"FLUME",2026-03-15 14:30:00,NA,NA,NA
"FLUME",2026-03-15 14:45:00,NA,NA,NA
"FLUME",2026-03-15 15:00:00,NA,NA,NA
"FLUME",2026-03-15 15:15:00,NA,NA,NA
"FLUME",2026-03-15 15:30:00,NA,NA,NA
"FLUME",2026-03-15 15:45:00,NA,NA,NA
"FLUME",2026-03-15 16:00:00,NA,NA,NA
"FLUME",2026-03-15 16:15:00,NA,NA,NA
"FLUME",2026-03-15 16:30:00,NA,NA,NA
"FLUME",2026-03-15 16:45:00,NA,NA,NA
"FLUME",2026-03-15 17:00:00,NA,NA,NA
"FLUME",2026-03-15 17:15:00,NA,NA,NA
"FLUME",2026-03-15 17:30:00,NA,NA,NA
"FLUME",2026-03-15 17:45:00,NA,NA,NA
"FLUME",2026-03-15 18:00:00,NA,NA,NA
"FLUME",2026-03-15 18:15:00,NA,NA,NA
"FLUME",2026-03-15 18:30:00,NA,NA,NA
"FLUME",2026-03-15 18:45:00,NA,NA,NA
"FLUME",2026-03-15 19:00:00,NA,NA,NA
"FLUME",2026-03-15 19:15:00,NA,NA,NA
"FLUME",2026-03-15 19:30:00,NA,NA,NA
"FLUME",2026-03-15 19:45:00,NA,NA,NA
"FLUME",2026-03-15 20:00:00,NA,NA,NA
"FLUME",2026-03-15 20:15:00,NA,NA,NA
"FLUME",2026-03-15 20:30:00,NA,NA,NA
"FLUME",2026-03-15 20:45:00,NA,NA,NA
"FLUME",2026-03-15 21:00:00,NA,NA,NA
"FLUME",2026-03-15 21:15:00,NA,NA,NA
"FLUME",2026-03-15 21:30:00,NA,NA,NA
"FLUME",2026-03-15 21:45:00,NA,NA,NA
"FLUME",2026-03-15 22:00:00,NA,NA,NA
"FLUME",2026-03-15 22:15:00,NA,NA,NA
"FLUME",2026-03-15 22:30:00,NA,NA,NA
"FLUME",2026-03-15 22:45:00,NA,NA,NA
"FLUME",2026-03-15 23:00:00,NA,NA,NA
"FLUME",2026-03-15 23:15:00,NA,NA,NA
"FLUME",2026-03-15 23:30:00,NA,NA,NA
"FLUME",2026-03-15 23:45:00,NA,NA,NA
"FLUME",2026-03-16,NA,NA,NA
"FLUME",2026-03-16 00:15:00,NA,NA,NA
"FLUME",2026-03-16 00:30:00,NA,NA,NA
"FLUME",2026-03-16 00:45:00,NA,NA,NA
"FLUME",2026-03-16 01:00:00,NA,NA,NA
"FLUME",2026-03-16 01:15:00,NA,NA,NA
"FLUME",2026-03-16 01:30:00,NA,NA,NA
"FLUME",2026-03-16 01:45:00,NA,NA,NA
"FLUME",2026-03-16 02:00:00,NA,NA,NA
"FLUME",2026-03-16 02:15:00,NA,NA,NA
"FLUME",2026-03-16 02:30:00,NA,NA,NA
"FLUME",2026-03-16 02:45:00,NA,NA,NA
"FLUME",2026-03-16 03:00:00,NA,NA,NA
"FLUME",2026-03-16 03:15:00,NA,NA,NA
"FLUME",2026-03-16 03:30:00,NA,NA,NA
"FLUME",2026-03-16 03:45:00,NA,NA,NA
"FLUME",2026-03-16 04:00:00,NA,NA,NA
"FLUME",2026-03-16 04:15:00,NA,NA,NA
"FLUME",2026-03-16 04:30:00,NA,NA,NA
"FLUME",2026-03-16 04:45:00,NA,NA,NA
"FLUME",2026-03-16 05:00:00,NA,NA,NA
"FLUME",2026-03-16 05:15:00,NA,NA,NA
"FLUME",2026-03-16 05:30:00,NA,NA,NA
"FLUME",2026-03-16 05:45:00,NA,NA,NA
"FLUME",2026-03-16 06:00:00,NA,NA,NA
"FLUME",2026-03-16 06:15:00,NA,NA,NA
"FLUME",2026-03-16 06:30:00,NA,NA,NA
"FLUME",2026-03-16 06:45:00,NA,NA,NA
"FLUME",2026-03-16 07:00:00,NA,NA,NA
"FLUME",2026-03-16 07:15:00,NA,NA,NA
"FLUME",2026-03-16 07:30:00,NA,NA,NA
"FLUME",2026-03-16 07:45:00,NA,NA,NA
"FLUME",2026-03-16 08:00:00,NA,NA,NA
"FLUME",2026-03-16 08:15:00,NA,NA,NA
"FLUME",2026-03-16 08:30:00,NA,NA,NA
"FLUME",2026-03-16 08:45:00,NA,NA,NA
"FLUME",2026-03-16 09:00:00,NA,NA,NA
"FLUME",2026-03-16 09:15:00,NA,NA,NA
"FLUME",2026-03-16 09:30:00,NA,NA,NA
"FLUME",2026-03-16 09:45:00,NA,NA,NA
"FLUME",2026-03-16 10:00:00,NA,NA,NA
"FLUME",2026-03-16 10:15:00,NA,NA,NA
"FLUME",2026-03-16 10:30:00,NA,NA,NA
"FLUME",2026-03-16 10:45:00,NA,NA,NA
"FLUME",2026-03-16 11:00:00,NA,NA,NA
"FLUME",2026-03-16 11:15:00,NA,NA,NA
"FLUME",2026-03-16 11:30:00,NA,NA,NA
"FLUME",2026-03-16 11:45:00,NA,NA,NA
"FLUME",2026-03-16 12:00:00,NA,NA,NA
"FLUME",2026-03-16 12:15:00,NA,NA,NA
"FLUME",2026-03-16 12:30:00,NA,NA,NA
"FLUME",2026-03-16 12:45:00,NA,NA,NA
"FLUME",2026-03-16 13:00:00,NA,NA,NA
"FLUME",2026-03-16 13:15:00,NA,NA,NA
"FLUME",2026-03-16 13:30:00,NA,NA,NA
"FLUME",2026-03-16 13:45:00,NA,NA,NA
"FLUME",2026-03-16 14:00:00,NA,NA,NA
"FLUME",2026-03-16 14:15:00,NA,NA,NA
"FLUME",2026-03-16 14:30:00,NA,NA,NA
"FLUME",2026-03-16 14:45:00,NA,NA,NA
"FLUME",2026-03-16 15:00:00,NA,NA,NA
"FLUME",2026-03-16 15:15:00,NA,NA,NA
"FLUME",2026-03-16 15:30:00,NA,NA,NA
"FLUME",2026-03-16 15:45:00,NA,NA,NA
"FLUME",2026-03-16 16:00:00,NA,NA,NA
"FLUME",2026-03-16 16:15:00,NA,NA,NA
"FLUME",2026-03-16 16:30:00,NA,NA,NA
"FLUME",2026-03-16 16:45:00,NA,NA,NA
"FLUME",2026-03-16 17:00:00,NA,NA,NA
"FLUME",2026-03-16 17:15:00,NA,NA,NA
"FLUME",2026-03-16 17:30:00,NA,NA,NA
"FLUME",2026-03-16 17:45:00,NA,NA,NA
"FLUME",2026-03-16 18:00:00,NA,NA,NA
"FLUME",2026-03-16 18:15:00,NA,NA,NA
"FLUME",2026-03-16 18:30:00,NA,NA,NA
"FLUME",2026-03-16 18:45:00,NA,NA,NA
"FLUME",2026-03-16 19:00:00,NA,NA,NA
"FLUME",2026-03-16 19:15:00,NA,NA,NA
"FLUME",2026-03-16 19:30:00,NA,NA,NA
"FLUME",2026-03-16 19:45:00,NA,NA,NA
"FLUME",2026-03-16 20:00:00,NA,NA,NA
"FLUME",2026-03-16 20:15:00,NA,NA,NA
"FLUME",2026-03-16 20:30:00,NA,NA,NA
"FLUME",2026-03-16 20:45:00,NA,NA,NA
"FLUME",2026-03-16 21:00:00,NA,NA,NA
"FLUME",2026-03-16 21:15:00,NA,NA,NA
"FLUME",2026-03-16 21:30:00,NA,NA,NA
"FLUME",2026-03-16 21:45:00,NA,NA,NA
"FLUME",2026-03-16 22:00:00,NA,NA,NA
"FLUME",2026-03-16 22:15:00,NA,NA,NA
"FLUME",2026-03-16 22:30:00,NA,NA,NA
"FLUME",2026-03-16 22:45:00,NA,NA,NA
"FLUME",2026-03-16 23:00:00,NA,NA,NA
"FLUME",2026-03-16 23:15:00,NA,NA,NA
"FLUME",2026-03-16 23:30:00,NA,NA,NA
"FLUME",2026-03-16 23:45:00,NA,NA,NA
"FLUME",2026-03-17,NA,NA,NA
"FLUME",2026-03-17 00:15:00,NA,NA,NA
"FLUME",2026-03-17 00:30:00,NA,NA,NA
"FLUME",2026-03-17 00:45:00,NA,NA,NA
"FLUME",2026-03-17 01:00:00,NA,NA,NA
"FLUME",2026-03-17 01:15:00,NA,NA,NA
"FLUME",2026-03-17 01:30:00,NA,NA,NA
"FLUME",2026-03-17 01:45:00,NA,NA,NA
"FLUME",2026-03-17 02:00:00,NA,NA,NA
"FLUME",2026-03-17 02:15:00,NA,NA,NA
"FLUME",2026-03-17 02:30:00,NA,NA,NA
"FLUME",2026-03-17 02:45:00,NA,NA,NA
"FLUME",2026-03-17 03:00:00,NA,NA,NA
"FLUME",2026-03-17 03:15:00,NA,NA,NA
"FLUME",2026-03-17 03:30:00,NA,NA,NA
"FLUME",2026-03-17 03:45:00,NA,NA,NA
"FLUME",2026-03-17 04:00:00,NA,NA,NA
"FLUME",2026-03-17 04:15:00,NA,NA,NA
"FLUME",2026-03-17 04:30:00,NA,NA,NA
"FLUME",2026-03-17 04:45:00,NA,NA,NA
"FLUME",2026-03-17 05:00:00,NA,NA,NA
"FLUME",2026-03-17 05:15:00,NA,NA,NA
"FLUME",2026-03-17 05:30:00,NA,NA,NA
"FLUME",2026-03-17 05:45:00,NA,NA,NA
"FLUME",2026-03-17 06:00:00,NA,NA,NA
"FLUME",2026-03-17 06:15:00,NA,NA,NA
"FLUME",2026-03-17 06:30:00,NA,NA,NA
"FLUME",2026-03-17 06:45:00,NA,NA,NA
"FLUME",2026-03-17 07:00:00,NA,NA,NA
"FLUME",2026-03-17 07:15:00,NA,NA,NA
"FLUME",2026-03-17 07:30:00,NA,NA,NA
"FLUME",2026-03-17 07:45:00,NA,NA,NA
"FLUME",2026-03-17 08:00:00,NA,NA,NA
"FLUME",2026-03-17 08:15:00,NA,NA,NA
"FLUME",2026-03-17 08:30:00,NA,NA,NA
"FLUME",2026-03-17 08:45:00,NA,NA,NA
"FLUME",2026-03-17 09:00:00,NA,NA,NA
"FLUME",2026-03-17 09:15:00,NA,NA,NA
"FLUME",2026-03-17 09:30:00,NA,NA,NA
"FLUME",2026-03-17 09:45:00,NA,NA,NA
"FLUME",2026-03-17 10:00:00,NA,NA,NA
"FLUME",2026-03-17 10:15:00,NA,NA,NA
"FLUME",2026-03-17 10:30:00,NA,NA,NA
"FLUME",2026-03-17 10:45:00,NA,NA,NA
"FLUME",2026-03-17 11:00:00,NA,NA,NA
"FLUME",2026-03-17 11:15:00,NA,NA,NA
"FLUME",2026-03-17 11:30:00,NA,NA,NA
"FLUME",2026-03-17 11:45:00,NA,NA,NA
"FLUME",2026-03-17 12:00:00,NA,NA,NA
"FLUME",2026-03-17 12:15:00,NA,NA,NA
"FLUME",2026-03-17 12:30:00,NA,NA,NA
"FLUME",2026-03-17 12:45:00,NA,NA,NA
"FLUME",2026-03-17 13:00:00,NA,NA,NA
"FLUME",2026-03-17 13:15:00,NA,NA,NA
"FLUME",2026-03-17 13:30:00,NA,NA,NA
"FLUME",2026-03-17 13:45:00,NA,NA,NA
"FLUME",2026-03-17 14:00:00,NA,NA,NA
"FLUME",2026-03-17 14:15:00,NA,NA,NA
"FLUME",2026-03-17 14:30:00,NA,NA,NA
"FLUME",2026-03-17 14:45:00,NA,NA,NA
"FLUME",2026-03-17 15:00:00,NA,NA,NA
"FLUME",2026-03-17 15:15:00,NA,NA,NA
"FLUME",2026-03-17 15:30:00,NA,NA,NA
"FLUME",2026-03-17 15:45:00,NA,NA,NA
"FLUME",2026-03-17 16:00:00,NA,NA,NA
"FLUME",2026-03-17 16:15:00,NA,NA,NA
"FLUME",2026-03-17 16:30:00,NA,NA,NA
"FLUME",2026-03-17 16:45:00,NA,NA,NA
"FLUME",2026-03-17 17:00:00,NA,NA,NA
"FLUME",2026-03-17 17:15:00,NA,NA,NA
"FLUME",2026-03-17 17:30:00,NA,NA,NA
"FLUME",2026-03-17 17:45:00,NA,NA,NA
"FLUME",2026-03-17 18:00:00,NA,NA,NA
"FLUME",2026-03-17 18:15:00,NA,NA,NA
"FLUME",2026-03-17 18:30:00,NA,NA,NA
"FLUME",2026-03-17 18:45:00,NA,NA,NA
"FLUME",2026-03-17 19:00:00,NA,NA,NA
"FLUME",2026-03-17 19:15:00,NA,NA,NA
"FLUME",2026-03-17 19:30:00,NA,NA,NA
"FLUME",2026-03-17 19:45:00,NA,NA,NA
"FLUME",2026-03-17 20:00:00,NA,NA,NA
"FLUME",2026-03-17 20:15:00,NA,NA,NA
"FLUME",2026-03-17 20:30:00,NA,NA,NA
"FLUME",2026-03-17 20:45:00,NA,NA,NA
"FLUME",2026-03-17 21:00:00,NA,NA,NA
"FLUME",2026-03-17 21:15:00,NA,NA,NA
"FLUME",2026-03-17 21:30:00,NA,NA,NA
"FLUME",2026-03-17 21:45:00,NA,NA,NA
"FLUME",2026-03-17 22:00:00,NA,NA,NA
"FLUME",2026-03-17 22:15:00,NA,NA,NA
"FLUME",2026-03-17 22:30:00,NA,NA,NA
"FLUME",2026-03-17 22:45:00,NA,NA,NA
"FLUME",2026-03-17 23:00:00,NA,NA,NA
"FLUME",2026-03-17 23:15:00,NA,NA,NA
"FLUME",2026-03-17 23:30:00,NA,NA,NA
"FLUME",2026-03-17 23:45:00,NA,NA,NA
"FLUME",2026-03-18,NA,NA,NA
"FLUME",2026-03-18 00:15:00,NA,NA,NA
"FLUME",2026-03-18 00:30:00,NA,NA,NA
"FLUME",2026-03-18 00:45:00,NA,NA,NA
"FLUME",2026-03-18 01:00:00,NA,NA,NA
"FLUME",2026-03-18 01:15:00,NA,NA,NA
"FLUME",2026-03-18 01:30:00,NA,NA,NA
"FLUME",2026-03-18 01:45:00,NA,NA,NA
"FLUME",2026-03-18 02:00:00,NA,NA,NA
"FLUME",2026-03-18 02:15:00,NA,NA,NA
"FLUME",2026-03-18 02:30:00,NA,NA,NA
"FLUME",2026-03-18 02:45:00,NA,NA,NA
"FLUME",2026-03-18 03:00:00,NA,NA,NA
"FLUME",2026-03-18 03:15:00,NA,NA,NA
"FLUME",2026-03-18 03:30:00,NA,NA,NA
"FLUME",2026-03-18 03:45:00,NA,NA,NA
"FLUME",2026-03-18 04:00:00,NA,NA,NA
"FLUME",2026-03-18 04:15:00,NA,NA,NA
"FLUME",2026-03-18 04:30:00,NA,NA,NA
"FLUME",2026-03-18 04:45:00,NA,NA,NA
"FLUME",2026-03-18 05:00:00,NA,NA,NA
"FLUME",2026-03-18 05:15:00,NA,NA,NA
"FLUME",2026-03-18 05:30:00,NA,NA,NA
"FLUME",2026-03-18 05:45:00,NA,NA,NA
"FLUME",2026-03-18 06:00:00,NA,NA,NA
"FLUME",2026-03-18 06:15:00,NA,NA,NA
"FLUME",2026-03-18 06:30:00,NA,NA,NA
"FLUME",2026-03-18 06:45:00,NA,NA,NA
"FLUME",2026-03-18 07:00:00,NA,NA,NA
"FLUME",2026-03-18 07:15:00,NA,NA,NA
"FLUME",2026-03-18 07:30:00,NA,NA,NA
"FLUME",2026-03-18 07:45:00,NA,NA,NA
"FLUME",2026-03-18 08:00:00,NA,NA,NA
"FLUME",2026-03-18 08:15:00,NA,NA,NA
"FLUME",2026-03-18 08:30:00,NA,NA,NA
"FLUME",2026-03-18 08:45:00,NA,NA,NA
"FLUME",2026-03-18 09:00:00,NA,NA,NA
"FLUME",2026-03-18 09:15:00,NA,NA,NA
"FLUME",2026-03-18 09:30:00,NA,NA,NA
"FLUME",2026-03-18 09:45:00,NA,NA,NA
"FLUME",2026-03-18 10:00:00,NA,NA,NA
"FLUME",2026-03-18 10:15:00,NA,NA,NA
"FLUME",2026-03-18 10:30:00,NA,NA,NA
"FLUME",2026-03-18 10:45:00,NA,NA,NA
"FLUME",2026-03-18 11:00:00,NA,NA,NA
"FLUME",2026-03-18 11:15:00,NA,NA,NA
"FLUME",2026-03-18 11:30:00,NA,NA,NA
"FLUME",2026-03-18 11:45:00,NA,NA,NA
"FLUME",2026-03-18 12:00:00,NA,NA,NA
"FLUME",2026-03-18 12:15:00,NA,NA,NA
"FLUME",2026-03-18 12:30:00,NA,NA,NA
"FLUME",2026-03-18 12:45:00,NA,NA,NA
"FLUME",2026-03-18 13:00:00,NA,NA,NA
"FLUME",2026-03-18 13:15:00,NA,NA,NA
"FLUME",2026-03-18 13:30:00,NA,NA,NA
"FLUME",2026-03-18 13:45:00,NA,NA,NA
"FLUME",2026-03-18 14:00:00,NA,NA,NA
"FLUME",2026-03-18 14:15:00,NA,NA,NA
"FLUME",2026-03-18 14:30:00,NA,NA,NA
"FLUME",2026-03-18 14:45:00,NA,NA,NA
"FLUME",2026-03-18 15:00:00,NA,NA,NA
"FLUME",2026-03-18 15:15:00,NA,NA,NA
"FLUME",2026-03-18 15:30:00,NA,NA,NA
"FLUME",2026-03-18 15:45:00,NA,NA,NA
"FLUME",2026-03-18 16:00:00,NA,NA,NA
"FLUME",2026-03-18 16:15:00,NA,NA,NA
"FLUME",2026-03-18 16:30:00,NA,NA,NA
"FLUME",2026-03-18 16:45:00,NA,NA,NA
"FLUME",2026-03-18 17:00:00,NA,NA,NA
"FLUME",2026-03-18 17:15:00,NA,NA,NA
"FLUME",2026-03-18 17:30:00,NA,NA,NA
"FLUME",2026-03-18 17:45:00,NA,NA,NA
"FLUME",2026-03-18 18:00:00,NA,NA,NA
"FLUME",2026-03-18 18:15:00,NA,NA,NA
"FLUME",2026-03-18 18:30:00,NA,NA,NA
"FLUME",2026-03-18 18:45:00,NA,NA,NA
"FLUME",2026-03-18 19:00:00,NA,NA,NA
"FLUME",2026-03-18 19:15:00,NA,NA,NA
"FLUME",2026-03-18 19:30:00,NA,NA,NA
"FLUME",2026-03-18 19:45:00,NA,NA,NA
"FLUME",2026-03-18 20:00:00,NA,NA,NA
"FLUME",2026-03-18 20:15:00,NA,NA,NA
"FLUME",2026-03-18 20:30:00,NA,NA,NA
"FLUME",2026-03-18 20:45:00,NA,NA,NA
"FLUME",2026-03-18 21:00:00,NA,NA,NA
"FLUME",2026-03-18 21:15:00,NA,NA,NA
"FLUME",2026-03-18 21:30:00,NA,NA,NA
"FLUME",2026-03-18 21:45:00,NA,NA,NA
"FLUME",2026-03-18 22:00:00,NA,NA,NA
"FLUME",2026-03-18 22:15:00,NA,NA,NA
"FLUME",2026-03-18 22:30:00,NA,NA,NA
"FLUME",2026-03-18 22:45:00,NA,NA,NA
"FLUME",2026-03-18 23:00:00,NA,NA,NA
"FLUME",2026-03-18 23:15:00,NA,NA,NA
"FLUME",2026-03-18 23:30:00,NA,NA,NA
"FLUME",2026-03-18 23:45:00,NA,NA,NA
"FLUME",2026-03-19,NA,NA,NA
"FLUME",2026-03-19 00:15:00,NA,NA,NA
"FLUME",2026-03-19 00:30:00,NA,NA,NA
"FLUME",2026-03-19 00:45:00,NA,NA,NA
"FLUME",2026-03-19 01:00:00,NA,NA,NA
"FLUME",2026-03-19 01:15:00,NA,NA,NA
"FLUME",2026-03-19 01:30:00,NA,NA,NA
"FLUME",2026-03-19 01:45:00,NA,NA,NA
"FLUME",2026-03-19 02:00:00,NA,NA,NA
"FLUME",2026-03-19 02:15:00,NA,NA,NA
"FLUME",2026-03-19 02:30:00,NA,NA,NA
"FLUME",2026-03-19 02:45:00,NA,NA,NA
"FLUME",2026-03-19 03:00:00,NA,NA,NA
"FLUME",2026-03-19 03:15:00,NA,NA,NA
"FLUME",2026-03-19 03:30:00,NA,NA,NA
"FLUME",2026-03-19 03:45:00,NA,NA,NA
"FLUME",2026-03-19 04:00:00,NA,NA,NA
"FLUME",2026-03-19 04:15:00,NA,NA,NA
"FLUME",2026-03-19 04:30:00,NA,NA,NA
"FLUME",2026-03-19 04:45:00,NA,NA,NA
"FLUME",2026-03-19 05:00:00,NA,NA,NA
"FLUME",2026-03-19 05:15:00,NA,NA,NA
"FLUME",2026-03-19 05:30:00,NA,NA,NA
"FLUME",2026-03-19 05:45:00,NA,NA,NA
"FLUME",2026-03-19 06:00:00,NA,NA,NA
"FLUME",2026-03-19 06:15:00,NA,NA,NA
"FLUME",2026-03-19 06:30:00,NA,NA,NA
"FLUME",2026-03-19 06:45:00,NA,NA,NA
"FLUME",2026-03-19 07:00:00,NA,NA,NA
"FLUME",2026-03-19 07:15:00,NA,NA,NA
"FLUME",2026-03-19 07:30:00,NA,NA,NA
"FLUME",2026-03-19 07:45:00,NA,NA,NA
"FLUME",2026-03-19 08:00:00,NA,NA,NA
"FLUME",2026-03-19 08:15:00,NA,NA,NA
"FLUME",2026-03-19 08:30:00,NA,NA,NA
"FLUME",2026-03-19 08:45:00,NA,NA,NA
"FLUME",2026-03-19 09:00:00,NA,NA,NA
"FLUME",2026-03-19 09:15:00,NA,NA,NA
"FLUME",2026-03-19 09:30:00,NA,NA,NA
"FLUME",2026-03-19 09:45:00,NA,NA,NA
"FLUME",2026-03-19 10:00:00,NA,NA,NA
"FLUME",2026-03-19 10:15:00,NA,NA,NA
"FLUME",2026-03-19 10:30:00,NA,NA,NA
"FLUME",2026-03-19 10:45:00,NA,NA,NA
"FLUME",2026-03-19 11:00:00,NA,NA,NA
"FLUME",2026-03-19 11:15:00,NA,NA,NA
"FLUME",2026-03-19 11:30:00,NA,NA,NA
"FLUME",2026-03-19 11:45:00,NA,NA,NA
"FLUME",2026-03-19 12:00:00,NA,NA,NA
"FLUME",2026-03-19 12:15:00,NA,NA,NA
"FLUME",2026-03-19 12:30:00,NA,NA,NA
"FLUME",2026-03-19 12:45:00,NA,NA,NA
"FLUME",2026-03-19 13:00:00,NA,NA,NA
"FLUME",2026-03-19 13:15:00,NA,NA,NA
"FLUME",2026-03-19 13:30:00,NA,NA,NA
"FLUME",2026-03-19 13:45:00,NA,NA,NA
"FLUME",2026-03-19 14:00:00,NA,NA,NA
"FLUME",2026-03-19 14:15:00,NA,NA,NA
"FLUME",2026-03-19 14:30:00,NA,NA,NA
"FLUME",2026-03-19 14:45:00,NA,NA,NA
"FLUME",2026-03-19 15:00:00,NA,NA,NA
"FLUME",2026-03-19 15:15:00,NA,NA,NA
"FLUME",2026-03-19 15:30:00,NA,NA,NA
"FLUME",2026-03-19 15:45:00,NA,NA,NA
"FLUME",2026-03-19 16:00:00,NA,NA,NA
"FLUME",2026-03-19 16:15:00,NA,NA,NA
"FLUME",2026-03-19 16:30:00,NA,NA,NA
"FLUME",2026-03-19 16:45:00,NA,NA,NA
"FLUME",2026-03-19 17:00:00,NA,NA,NA
"FLUME",2026-03-19 17:15:00,NA,NA,NA
"FLUME",2026-03-19 17:30:00,NA,NA,NA
"FLUME",2026-03-19 17:45:00,NA,NA,NA
"FLUME",2026-03-19 18:00:00,NA,NA,NA
"FLUME",2026-03-19 18:15:00,NA,NA,NA
"FLUME",2026-03-19 18:30:00,NA,NA,NA
"FLUME",2026-03-19 18:45:00,NA,NA,NA
"FLUME",2026-03-19 19:00:00,NA,NA,NA
"FLUME",2026-03-19 19:15:00,NA,NA,NA
"FLUME",2026-03-19 19:30:00,NA,NA,NA
"FLUME",2026-03-19 19:45:00,NA,NA,NA
"FLUME",2026-03-19 20:00:00,NA,NA,NA
"FLUME",2026-03-19 20:15:00,NA,NA,NA
"FLUME",2026-03-19 20:30:00,NA,NA,NA
"FLUME",2026-03-19 20:45:00,NA,NA,NA
"FLUME",2026-03-19 21:00:00,NA,NA,NA
"FLUME",2026-03-19 21:15:00,NA,NA,NA
"FLUME",2026-03-19 21:30:00,NA,NA,NA
"FLUME",2026-03-19 21:45:00,NA,NA,NA
"FLUME",2026-03-19 22:00:00,NA,NA,NA
"FLUME",2026-03-19 22:15:00,NA,NA,NA
"FLUME",2026-03-19 22:30:00,NA,NA,NA
"FLUME",2026-03-19 22:45:00,NA,NA,NA
"FLUME",2026-03-19 23:00:00,NA,NA,NA
"FLUME",2026-03-19 23:15:00,NA,NA,NA
"FLUME",2026-03-19 23:30:00,NA,NA,NA
"FLUME",2026-03-19 23:45:00,NA,NA,NA
"FLUME",2026-03-20,NA,NA,NA
"FLUME",2026-03-20 00:15:00,NA,NA,NA
"FLUME",2026-03-20 00:30:00,NA,NA,NA
"FLUME",2026-03-20 00:45:00,NA,NA,NA
"FLUME",2026-03-20 01:00:00,NA,NA,NA
"FLUME",2026-03-20 01:15:00,NA,NA,NA
"FLUME",2026-03-20 01:30:00,NA,NA,NA
"FLUME",2026-03-20 01:45:00,NA,NA,NA
"FLUME",2026-03-20 02:00:00,NA,NA,NA
"FLUME",2026-03-20 02:15:00,NA,NA,NA
"FLUME",2026-03-20 02:30:00,NA,NA,NA
"FLUME",2026-03-20 02:45:00,NA,NA,NA
"FLUME",2026-03-20 03:00:00,NA,NA,NA
"FLUME",2026-03-20 03:15:00,NA,NA,NA
"FLUME",2026-03-20 03:30:00,NA,NA,NA
"FLUME",2026-03-20 03:45:00,NA,NA,NA
"FLUME",2026-03-20 04:00:00,NA,NA,NA
"FLUME",2026-03-20 04:15:00,NA,NA,NA
"FLUME",2026-03-20 04:30:00,NA,NA,NA
"FLUME",2026-03-20 04:45:00,NA,NA,NA
"FLUME",2026-03-20 05:00:00,NA,NA,NA
"FLUME",2026-03-20 05:15:00,NA,NA,NA
"FLUME",2026-03-20 05:30:00,NA,NA,NA
"FLUME",2026-03-20 05:45:00,NA,NA,NA
"FLUME",2026-03-20 06:00:00,NA,NA,NA
"FLUME",2026-03-20 06:15:00,NA,NA,NA
"FLUME",2026-03-20 06:30:00,NA,NA,NA
"FLUME",2026-03-20 06:45:00,NA,NA,NA
"FLUME",2026-03-20 07:00:00,NA,NA,NA
"FLUME",2026-03-20 07:15:00,NA,NA,NA
"FLUME",2026-03-20 07:30:00,NA,NA,NA
"FLUME",2026-03-20 07:45:00,NA,NA,NA
"FLUME",2026-03-20 08:00:00,NA,NA,NA
"FLUME",2026-03-20 08:15:00,NA,NA,NA
"FLUME",2026-03-20 08:30:00,NA,NA,NA
"FLUME",2026-03-20 08:45:00,NA,NA,NA
"FLUME",2026-03-20 09:00:00,NA,NA,NA
"FLUME",2026-03-20 09:15:00,NA,NA,NA
"FLUME",2026-03-20 09:30:00,NA,NA,NA
"FLUME",2026-03-20 09:45:00,NA,NA,NA
"FLUME",2026-03-20 10:00:00,NA,NA,NA
"FLUME",2026-03-20 10:15:00,NA,NA,NA
"FLUME",2026-03-20 10:30:00,NA,NA,NA
"FLUME",2026-03-20 10:45:00,NA,NA,NA
"FLUME",2026-03-20 11:00:00,NA,NA,NA
"FLUME",2026-03-20 11:15:00,NA,NA,NA
"FLUME",2026-03-20 11:30:00,NA,NA,NA
"FLUME",2026-03-20 11:45:00,NA,NA,NA
"FLUME",2026-03-20 12:00:00,NA,NA,NA
"FLUME",2026-03-20 12:15:00,NA,NA,NA
"FLUME",2026-03-20 12:30:00,NA,NA,NA
"FLUME",2026-03-20 12:45:00,NA,NA,NA
"FLUME",2026-03-20 13:00:00,NA,NA,NA
"FLUME",2026-03-20 13:15:00,NA,NA,NA
"FLUME",2026-03-20 13:30:00,NA,NA,NA
"FLUME",2026-03-20 13:45:00,NA,NA,NA
"FLUME",2026-03-20 14:00:00,NA,NA,NA
"FLUME",2026-03-20 14:15:00,NA,NA,NA
"FLUME",2026-03-20 14:30:00,NA,NA,NA
"FLUME",2026-03-20 14:45:00,NA,NA,NA
"FLUME",2026-03-20 15:00:00,NA,NA,NA
"FLUME",2026-03-20 15:15:00,NA,NA,NA
"FLUME",2026-03-20 15:30:00,NA,NA,NA
"FLUME",2026-03-20 15:45:00,NA,NA,NA
"FLUME",2026-03-20 16:00:00,NA,NA,NA
"FLUME",2026-03-20 16:15:00,NA,NA,NA
"FLUME",2026-03-20 16:30:00,NA,NA,NA
"FLUME",2026-03-20 16:45:00,NA,NA,NA
"FLUME",2026-03-20 17:00:00,NA,NA,NA
"FLUME",2026-03-20 17:15:00,NA,NA,NA
"FLUME",2026-03-20 17:30:00,NA,NA,NA
"FLUME",2026-03-20 17:45:00,NA,NA,NA
"FLUME",2026-03-20 18:00:00,NA,NA,NA
"FLUME",2026-03-20 18:15:00,NA,NA,NA
"FLUME",2026-03-20 18:30:00,NA,NA,NA
"FLUME",2026-03-20 18:45:00,NA,NA,NA
"FLUME",2026-03-20 19:00:00,NA,NA,NA
"FLUME",2026-03-20 19:15:00,NA,NA,NA
"FLUME",2026-03-20 19:30:00,NA,NA,NA
"FLUME",2026-03-20 19:45:00,NA,NA,NA
"FLUME",2026-03-20 20:00:00,NA,NA,NA
"FLUME",2026-03-20 20:15:00,NA,NA,NA
"FLUME",2026-03-20 20:30:00,NA,NA,NA
"FLUME",2026-03-20 20:45:00,NA,NA,NA
"FLUME",2026-03-20 21:00:00,NA,NA,NA
"FLUME",2026-03-20 21:15:00,NA,NA,NA
"FLUME",2026-03-20 21:30:00,NA,NA,NA
"FLUME",2026-03-20 21:45:00,NA,NA,NA
"FLUME",2026-03-20 22:00:00,NA,NA,NA
"FLUME",2026-03-20 22:15:00,NA,NA,NA
"FLUME",2026-03-20 22:30:00,NA,NA,NA
"FLUME",2026-03-20 22:45:00,NA,NA,NA
"FLUME",2026-03-20 23:00:00,NA,NA,NA
"FLUME",2026-03-20 23:15:00,NA,NA,NA
"FLUME",2026-03-20 23:30:00,NA,NA,NA
"FLUME",2026-03-20 23:45:00,NA,NA,NA
"FLUME",2026-03-21,NA,NA,NA
"FLUME",2026-03-21 00:15:00,NA,NA,NA
"FLUME",2026-03-21 00:30:00,NA,NA,NA
"FLUME",2026-03-21 00:45:00,NA,NA,NA
"FLUME",2026-03-21 01:00:00,NA,NA,NA
"FLUME",2026-03-21 01:15:00,NA,NA,NA
"FLUME",2026-03-21 01:30:00,NA,NA,NA
"FLUME",2026-03-21 01:45:00,NA,NA,NA
"FLUME",2026-03-21 02:00:00,NA,NA,NA
"FLUME",2026-03-21 02:15:00,NA,NA,NA
"FLUME",2026-03-21 02:30:00,NA,NA,NA
"FLUME",2026-03-21 02:45:00,NA,NA,NA
"FLUME",2026-03-21 03:00:00,NA,NA,NA
"FLUME",2026-03-21 03:15:00,NA,NA,NA
"FLUME",2026-03-21 03:30:00,NA,NA,NA
"FLUME",2026-03-21 03:45:00,NA,NA,NA
"FLUME",2026-03-21 04:00:00,NA,NA,NA
"FLUME",2026-03-21 04:15:00,NA,NA,NA
"FLUME",2026-03-21 04:30:00,NA,NA,NA
"FLUME",2026-03-21 04:45:00,NA,NA,NA
"FLUME",2026-03-21 05:00:00,NA,NA,NA
"FLUME",2026-03-21 05:15:00,NA,NA,NA
"FLUME",2026-03-21 05:30:00,NA,NA,NA
"FLUME",2026-03-21 05:45:00,NA,NA,NA
"FLUME",2026-03-21 06:00:00,NA,NA,NA
"FLUME",2026-03-21 06:15:00,NA,NA,NA
"FLUME",2026-03-21 06:30:00,NA,NA,NA
"FLUME",2026-03-21 06:45:00,NA,NA,NA
"FLUME",2026-03-21 07:00:00,NA,NA,NA
"FLUME",2026-03-21 07:15:00,NA,NA,NA
"FLUME",2026-03-21 07:30:00,NA,NA,NA
"FLUME",2026-03-21 07:45:00,NA,NA,NA
"FLUME",2026-03-21 08:00:00,NA,NA,NA
"FLUME",2026-03-21 08:15:00,NA,NA,NA
"FLUME",2026-03-21 08:30:00,NA,NA,NA
"FLUME",2026-03-21 08:45:00,NA,NA,NA
"FLUME",2026-03-21 09:00:00,NA,NA,NA
"FLUME",2026-03-21 09:15:00,NA,NA,NA
"FLUME",2026-03-21 09:30:00,NA,NA,NA
"FLUME",2026-03-21 09:45:00,NA,NA,NA
"FLUME",2026-03-21 10:00:00,NA,NA,NA
"FLUME",2026-03-21 10:15:00,NA,NA,NA
"FLUME",2026-03-21 10:30:00,NA,NA,NA
"FLUME",2026-03-21 10:45:00,NA,NA,NA
"FLUME",2026-03-21 11:00:00,NA,NA,NA
"FLUME",2026-03-21 11:15:00,NA,NA,NA
"FLUME",2026-03-21 11:30:00,NA,NA,NA
"FLUME",2026-03-21 11:45:00,NA,NA,NA
"FLUME",2026-03-21 12:00:00,NA,NA,NA
"FLUME",2026-03-21 12:15:00,NA,NA,NA
"FLUME",2026-03-21 12:30:00,NA,NA,NA
"FLUME",2026-03-21 12:45:00,NA,NA,NA
"FLUME",2026-03-21 13:00:00,NA,NA,NA
"FLUME",2026-03-21 13:15:00,NA,NA,NA
"FLUME",2026-03-21 13:30:00,NA,NA,NA
"FLUME",2026-03-21 13:45:00,NA,NA,NA
"FLUME",2026-03-21 14:00:00,NA,NA,NA
"FLUME",2026-03-21 14:15:00,NA,NA,NA
"FLUME",2026-03-21 14:30:00,NA,NA,NA
"FLUME",2026-03-21 14:45:00,NA,NA,NA
"FLUME",2026-03-21 15:00:00,NA,NA,NA
"FLUME",2026-03-21 15:15:00,NA,NA,NA
"FLUME",2026-03-21 15:30:00,NA,NA,NA
"FLUME",2026-03-21 15:45:00,NA,NA,NA
"FLUME",2026-03-21 16:00:00,NA,NA,NA
"FLUME",2026-03-21 16:15:00,NA,NA,NA
"FLUME",2026-03-21 16:30:00,NA,NA,NA
"FLUME",2026-03-21 16:45:00,NA,NA,NA
"FLUME",2026-03-21 17:00:00,NA,NA,NA
"FLUME",2026-03-21 17:15:00,NA,NA,NA
"FLUME",2026-03-21 17:30:00,NA,NA,NA
"FLUME",2026-03-21 17:45:00,NA,NA,NA
"FLUME",2026-03-21 18:00:00,NA,NA,NA
"FLUME",2026-03-21 18:15:00,NA,NA,NA
"FLUME",2026-03-21 18:30:00,NA,NA,NA
"FLUME",2026-03-21 18:45:00,NA,NA,NA
"FLUME",2026-03-21 19:00:00,NA,NA,NA
"FLUME",2026-03-21 19:15:00,NA,NA,NA
"FLUME",2026-03-21 19:30:00,NA,NA,NA
"FLUME",2026-03-21 19:45:00,NA,NA,NA
"FLUME",2026-03-21 20:00:00,NA,NA,NA
"FLUME",2026-03-21 20:15:00,NA,NA,NA
"FLUME",2026-03-21 20:30:00,NA,NA,NA
"FLUME",2026-03-21 20:45:00,NA,NA,NA
"FLUME",2026-03-21 21:00:00,NA,NA,NA
"FLUME",2026-03-21 21:15:00,NA,NA,NA
"FLUME",2026-03-21 21:30:00,NA,NA,NA
"FLUME",2026-03-21 21:45:00,NA,NA,NA
"FLUME",2026-03-21 22:00:00,NA,NA,NA
"FLUME",2026-03-21 22:15:00,NA,NA,NA
"FLUME",2026-03-21 22:30:00,NA,NA,NA
"FLUME",2026-03-21 22:45:00,NA,NA,NA
"FLUME",2026-03-21 23:00:00,NA,NA,NA
"FLUME",2026-03-21 23:15:00,NA,NA,NA
"FLUME",2026-03-21 23:30:00,NA,NA,NA
"FLUME",2026-03-21 23:45:00,NA,NA,NA
"FLUME",2026-03-22,NA,NA,NA
"FLUME",2026-03-22 00:15:00,NA,NA,NA
"FLUME",2026-03-22 00:30:00,NA,NA,NA
"FLUME",2026-03-22 00:45:00,NA,NA,NA
"FLUME",2026-03-22 01:00:00,NA,NA,NA
"FLUME",2026-03-22 01:15:00,NA,NA,NA
"FLUME",2026-03-22 01:30:00,NA,NA,NA
"FLUME",2026-03-22 01:45:00,NA,NA,NA
"FLUME",2026-03-22 02:00:00,NA,NA,NA
"FLUME",2026-03-22 02:15:00,NA,NA,NA
"FLUME",2026-03-22 02:30:00,NA,NA,NA
"FLUME",2026-03-22 02:45:00,NA,NA,NA
"FLUME",2026-03-22 03:00:00,NA,NA,NA
"FLUME",2026-03-22 03:15:00,NA,NA,NA
"FLUME",2026-03-22 03:30:00,NA,NA,NA
"FLUME",2026-03-22 03:45:00,NA,NA,NA
"FLUME",2026-03-22 04:00:00,NA,NA,NA
"FLUME",2026-03-22 04:15:00,NA,NA,NA
"FLUME",2026-03-22 04:30:00,NA,NA,NA
"FLUME",2026-03-22 04:45:00,NA,NA,NA
"FLUME",2026-03-22 05:00:00,NA,NA,NA
"FLUME",2026-03-22 05:15:00,NA,NA,NA
"FLUME",2026-03-22 05:30:00,NA,NA,NA
"FLUME",2026-03-22 05:45:00,NA,NA,NA
"FLUME",2026-03-22 06:00:00,NA,NA,NA
"FLUME",2026-03-22 06:15:00,NA,NA,NA
"FLUME",2026-03-22 06:30:00,NA,NA,NA
"FLUME",2026-03-22 06:45:00,NA,NA,NA
"FLUME",2026-03-22 07:00:00,NA,NA,NA
"FLUME",2026-03-22 07:15:00,NA,NA,NA
"FLUME",2026-03-22 07:30:00,NA,NA,NA
"FLUME",2026-03-22 07:45:00,NA,NA,NA
"FLUME",2026-03-22 08:00:00,NA,NA,NA
"FLUME",2026-03-22 08:15:00,NA,NA,NA
"FLUME",2026-03-22 08:30:00,NA,NA,NA
"FLUME",2026-03-22 08:45:00,NA,NA,NA
"FLUME",2026-03-22 09:00:00,NA,NA,NA
"FLUME",2026-03-22 09:15:00,NA,NA,NA
"FLUME",2026-03-22 09:30:00,NA,NA,NA
"FLUME",2026-03-22 09:45:00,NA,NA,NA
"FLUME",2026-03-22 10:00:00,NA,NA,NA
"FLUME",2026-03-22 10:15:00,NA,NA,NA
"FLUME",2026-03-22 10:30:00,NA,NA,NA
"FLUME",2026-03-22 10:45:00,NA,NA,NA
"FLUME",2026-03-22 11:00:00,NA,NA,NA
"FLUME",2026-03-22 11:15:00,NA,NA,NA
"FLUME",2026-03-22 11:30:00,NA,NA,NA
"FLUME",2026-03-22 11:45:00,NA,NA,NA
"FLUME",2026-03-22 12:00:00,NA,NA,NA
"FLUME",2026-03-22 12:15:00,NA,NA,NA
"FLUME",2026-03-22 12:30:00,NA,NA,NA
"FLUME",2026-03-22 12:45:00,NA,NA,NA
"FLUME",2026-03-22 13:00:00,NA,NA,NA
"FLUME",2026-03-22 13:15:00,NA,NA,NA
"FLUME",2026-03-22 13:30:00,NA,NA,NA
"FLUME",2026-03-22 13:45:00,NA,NA,NA
"FLUME",2026-03-22 14:00:00,NA,NA,NA
"FLUME",2026-03-22 14:15:00,NA,NA,NA
"FLUME",2026-03-22 14:30:00,NA,NA,NA
"FLUME",2026-03-22 14:45:00,NA,NA,NA
"FLUME",2026-03-22 15:00:00,NA,NA,NA
"FLUME",2026-03-22 15:15:00,NA,NA,NA
"FLUME",2026-03-22 15:30:00,NA,NA,NA
"FLUME",2026-03-22 15:45:00,NA,NA,NA
"FLUME",2026-03-22 16:00:00,NA,NA,NA
"FLUME",2026-03-22 16:15:00,NA,NA,NA
"FLUME",2026-03-22 16:30:00,NA,NA,NA
"FLUME",2026-03-22 16:45:00,NA,NA,NA
"FLUME",2026-03-22 17:00:00,NA,NA,NA
"FLUME",2026-03-22 17:15:00,NA,NA,NA
"FLUME",2026-03-22 17:30:00,NA,NA,NA
"FLUME",2026-03-22 17:45:00,NA,NA,NA
"FLUME",2026-03-22 18:00:00,NA,NA,NA
"FLUME",2026-03-22 18:15:00,NA,NA,NA
"FLUME",2026-03-22 18:30:00,NA,NA,NA
"FLUME",2026-03-22 18:45:00,NA,NA,NA
"FLUME",2026-03-22 19:00:00,NA,NA,NA
"FLUME",2026-03-22 19:15:00,NA,NA,NA
"FLUME",2026-03-22 19:30:00,NA,NA,NA
"FLUME",2026-03-22 19:45:00,NA,NA,NA
"FLUME",2026-03-22 20:00:00,NA,NA,NA
"FLUME",2026-03-22 20:15:00,NA,NA,NA
"FLUME",2026-03-22 20:30:00,NA,NA,NA
"FLUME",2026-03-22 20:45:00,NA,NA,NA
"FLUME",2026-03-22 21:00:00,NA,NA,NA
"FLUME",2026-03-22 21:15:00,NA,NA,NA
"FLUME",2026-03-22 21:30:00,NA,NA,NA
"FLUME",2026-03-22 21:45:00,NA,NA,NA
"FLUME",2026-03-22 22:00:00,NA,NA,NA
"FLUME",2026-03-22 22:15:00,NA,NA,NA
"FLUME",2026-03-22 22:30:00,NA,NA,NA
"FLUME",2026-03-22 22:45:00,NA,NA,NA
"FLUME",2026-03-22 23:00:00,NA,NA,NA
"FLUME",2026-03-22 23:15:00,NA,NA,NA
"FLUME",2026-03-22 23:30:00,NA,NA,NA
"FLUME",2026-03-22 23:45:00,NA,NA,NA
"FLUME",2026-03-23,NA,NA,NA
"FLUME",2026-03-23 00:15:00,NA,NA,NA
"FLUME",2026-03-23 00:30:00,NA,NA,NA
"FLUME",2026-03-23 00:45:00,NA,NA,NA
"FLUME",2026-03-23 01:00:00,NA,NA,NA
"FLUME",2026-03-23 01:15:00,NA,NA,NA
"FLUME",2026-03-23 01:30:00,NA,NA,NA
"FLUME",2026-03-23 01:45:00,NA,NA,NA
"FLUME",2026-03-23 02:00:00,NA,NA,NA
"FLUME",2026-03-23 02:15:00,NA,NA,NA
"FLUME",2026-03-23 02:30:00,NA,NA,NA
"FLUME",2026-03-23 02:45:00,NA,NA,NA
"FLUME",2026-03-23 03:00:00,NA,NA,NA
"FLUME",2026-03-23 03:15:00,NA,NA,NA
"FLUME",2026-03-23 03:30:00,NA,NA,NA
"FLUME",2026-03-23 03:45:00,NA,NA,NA
"FLUME",2026-03-23 04:00:00,NA,NA,NA
"FLUME",2026-03-23 04:15:00,NA,NA,NA
"FLUME",2026-03-23 04:30:00,NA,NA,NA
"FLUME",2026-03-23 04:45:00,NA,NA,NA
"FLUME",2026-03-23 05:00:00,NA,NA,NA
"FLUME",2026-03-23 05:15:00,NA,NA,NA
"FLUME",2026-03-23 05:30:00,NA,NA,NA
"FLUME",2026-03-23 05:45:00,NA,NA,NA
"FLUME",2026-03-23 06:00:00,NA,NA,NA
"FLUME",2026-03-23 06:15:00,NA,NA,NA
"FLUME",2026-03-23 06:30:00,NA,NA,NA
"FLUME",2026-03-23 06:45:00,NA,NA,NA
"FLUME",2026-03-23 07:00:00,NA,NA,NA
"FLUME",2026-03-23 07:15:00,NA,NA,NA
"FLUME",2026-03-23 07:30:00,NA,NA,NA
"FLUME",2026-03-23 07:45:00,NA,NA,NA
"FLUME",2026-03-23 08:00:00,NA,NA,NA
"FLUME",2026-03-23 08:15:00,NA,NA,NA
"FLUME",2026-03-23 08:30:00,NA,NA,NA
"FLUME",2026-03-23 08:45:00,NA,NA,NA
"FLUME",2026-03-23 09:00:00,NA,NA,NA
"FLUME",2026-03-23 09:15:00,NA,NA,NA
"FLUME",2026-03-23 09:30:00,NA,NA,NA
"FLUME",2026-03-23 09:45:00,NA,NA,NA
"FLUME",2026-03-23 10:00:00,NA,NA,NA
"FLUME",2026-03-23 10:15:00,NA,NA,NA
"FLUME",2026-03-23 10:30:00,NA,NA,NA
"FLUME",2026-03-23 10:45:00,NA,NA,NA
"FLUME",2026-03-23 11:00:00,NA,NA,NA
"FLUME",2026-03-23 11:15:00,NA,NA,NA
"FLUME",2026-03-23 11:30:00,NA,NA,NA
"FLUME",2026-03-23 11:45:00,NA,NA,NA
"FLUME",2026-03-23 12:00:00,NA,NA,NA
"FLUME",2026-03-23 12:15:00,NA,NA,NA
"FLUME",2026-03-23 12:30:00,NA,NA,NA
"FLUME",2026-03-23 12:45:00,NA,NA,NA
"FLUME",2026-03-23 13:00:00,NA,NA,NA
"FLUME",2026-03-23 13:15:00,NA,NA,NA
"FLUME",2026-03-23 13:30:00,NA,NA,NA
"FLUME",2026-03-23 13:45:00,NA,NA,NA
"FLUME",2026-03-23 14:00:00,NA,NA,NA
"FLUME",2026-03-23 14:15:00,NA,NA,NA
"FLUME",2026-03-23 14:30:00,NA,NA,NA
"FLUME",2026-03-23 14:45:00,NA,NA,NA
"FLUME",2026-03-23 15:00:00,NA,NA,NA
"FLUME",2026-03-23 15:15:00,NA,NA,NA
"FLUME",2026-03-23 15:30:00,NA,NA,NA
"FLUME",2026-03-23 15:45:00,NA,NA,NA
"FLUME",2026-03-23 16:00:00,NA,NA,NA
"FLUME",2026-03-23 16:15:00,NA,NA,NA
"FLUME",2026-03-23 16:30:00,NA,NA,NA
"FLUME",2026-03-23 16:45:00,NA,NA,NA
"FLUME",2026-03-23 17:00:00,NA,NA,NA
"FLUME",2026-03-23 17:15:00,NA,NA,NA
"FLUME",2026-03-23 17:30:00,NA,NA,NA
"FLUME",2026-03-23 17:45:00,NA,NA,NA
"FLUME",2026-03-23 18:00:00,NA,NA,NA
"FLUME",2026-03-23 18:15:00,NA,NA,NA
"FLUME",2026-03-23 18:30:00,NA,NA,NA
"FLUME",2026-03-23 18:45:00,NA,NA,NA
"FLUME",2026-03-23 19:00:00,NA,NA,NA
"FLUME",2026-03-23 19:15:00,NA,NA,NA
"FLUME",2026-03-23 19:30:00,NA,NA,NA
"FLUME",2026-03-23 19:45:00,NA,NA,NA
"FLUME",2026-03-23 20:00:00,NA,NA,NA
"FLUME",2026-03-23 20:15:00,NA,NA,NA
"FLUME",2026-03-23 20:30:00,NA,NA,NA
"FLUME",2026-03-23 20:45:00,NA,NA,NA
"FLUME",2026-03-23 21:00:00,NA,NA,NA
"FLUME",2026-03-23 21:15:00,NA,NA,NA
"FLUME",2026-03-23 21:30:00,NA,NA,NA
"FLUME",2026-03-23 21:45:00,NA,NA,NA
"FLUME",2026-03-23 22:00:00,NA,NA,NA
"FLUME",2026-03-23 22:15:00,NA,NA,NA
"FLUME",2026-03-23 22:30:00,NA,NA,NA
"FLUME",2026-03-23 22:45:00,NA,NA,NA
"FLUME",2026-03-23 23:00:00,NA,NA,NA
"FLUME",2026-03-23 23:15:00,NA,NA,NA
"FLUME",2026-03-23 23:30:00,NA,NA,NA
"FLUME",2026-03-23 23:45:00,NA,NA,NA
"FLUME",2026-03-24,NA,NA,NA
"FLUME",2026-03-24 00:15:00,NA,NA,NA
"FLUME",2026-03-24 00:30:00,NA,NA,NA
"FLUME",2026-03-24 00:45:00,NA,NA,NA
"FLUME",2026-03-24 01:00:00,NA,NA,NA
"FLUME",2026-03-24 01:15:00,NA,NA,NA
"FLUME",2026-03-24 01:30:00,NA,NA,NA
"FLUME",2026-03-24 01:45:00,NA,NA,NA
"FLUME",2026-03-24 02:00:00,NA,NA,NA
"FLUME",2026-03-24 02:15:00,NA,NA,NA
"FLUME",2026-03-24 02:30:00,NA,NA,NA
"FLUME",2026-03-24 02:45:00,NA,NA,NA
"FLUME",2026-03-24 03:00:00,NA,NA,NA
"FLUME",2026-03-24 03:15:00,NA,NA,NA
"FLUME",2026-03-24 03:30:00,NA,NA,NA
"FLUME",2026-03-24 03:45:00,NA,NA,NA
"FLUME",2026-03-24 04:00:00,NA,NA,NA
"FLUME",2026-03-24 04:15:00,NA,NA,NA
"FLUME",2026-03-24 04:30:00,NA,NA,NA
"FLUME",2026-03-24 04:45:00,NA,NA,NA
"FLUME",2026-03-24 05:00:00,NA,NA,NA
"FLUME",2026-03-24 05:15:00,NA,NA,NA
"FLUME",2026-03-24 05:30:00,NA,NA,NA
"FLUME",2026-03-24 05:45:00,NA,NA,NA
"FLUME",2026-03-24 06:00:00,NA,NA,NA
"FLUME",2026-03-24 06:15:00,NA,NA,NA
"FLUME",2026-03-24 06:30:00,NA,NA,NA
"FLUME",2026-03-24 06:45:00,NA,NA,NA
"FLUME",2026-03-24 07:00:00,NA,NA,NA
"FLUME",2026-03-24 07:15:00,NA,NA,NA
"FLUME",2026-03-24 07:30:00,NA,NA,NA
"FLUME",2026-03-24 07:45:00,NA,NA,NA
"FLUME",2026-03-24 08:00:00,NA,NA,NA
"FLUME",2026-03-24 08:15:00,NA,NA,NA
"FLUME",2026-03-24 08:30:00,NA,NA,NA
"FLUME",2026-03-24 08:45:00,NA,NA,NA
"FLUME",2026-03-24 09:00:00,NA,NA,NA
"FLUME",2026-03-24 09:15:00,NA,NA,NA
"FLUME",2026-03-24 09:30:00,NA,NA,NA
"FLUME",2026-03-24 09:45:00,NA,NA,NA
"FLUME",2026-03-24 10:00:00,NA,NA,NA
"FLUME",2026-03-24 10:15:00,NA,NA,NA
"FLUME",2026-03-24 10:30:00,NA,NA,NA
"FLUME",2026-03-24 10:45:00,NA,NA,NA
"FLUME",2026-03-24 11:00:00,NA,NA,NA
"FLUME",2026-03-24 11:15:00,NA,NA,NA
"FLUME",2026-03-24 11:30:00,NA,NA,NA
"FLUME",2026-03-24 11:45:00,NA,NA,NA
"FLUME",2026-03-24 12:00:00,NA,NA,NA
"FLUME",2026-03-24 12:15:00,NA,NA,NA
"FLUME",2026-03-24 12:30:00,NA,NA,NA
"FLUME",2026-03-24 12:45:00,NA,NA,NA
"FLUME",2026-03-24 13:00:00,NA,NA,NA
"FLUME",2026-03-24 13:15:00,NA,NA,NA
"FLUME",2026-03-24 13:30:00,NA,NA,NA
"FLUME",2026-03-24 13:45:00,NA,NA,NA
"FLUME",2026-03-24 14:00:00,NA,NA,NA
"FLUME",2026-03-24 14:15:00,NA,NA,NA
"FLUME",2026-03-24 14:30:00,NA,NA,NA
"FLUME",2026-03-24 14:45:00,NA,NA,NA
"FLUME",2026-03-24 15:00:00,NA,NA,NA
"FLUME",2026-03-24 15:15:00,NA,NA,NA
"FLUME",2026-03-24 15:30:00,NA,NA,NA
"FLUME",2026-03-24 15:45:00,NA,NA,NA
"FLUME",2026-03-24 16:00:00,NA,NA,NA
"FLUME",2026-03-24 16:15:00,NA,NA,NA
"FLUME",2026-03-24 16:30:00,NA,NA,NA
"FLUME",2026-03-24 16:45:00,NA,NA,NA
"FLUME",2026-03-24 17:00:00,NA,NA,NA
"FLUME",2026-03-24 17:15:00,NA,NA,NA
"FLUME",2026-03-24 17:30:00,NA,NA,NA
"FLUME",2026-03-24 17:45:00,NA,NA,NA
"FLUME",2026-03-24 18:00:00,NA,NA,NA
"FLUME",2026-03-24 18:15:00,NA,NA,NA
"FLUME",2026-03-24 18:30:00,NA,NA,NA
"FLUME",2026-03-24 18:45:00,NA,NA,NA
"FLUME",2026-03-24 19:00:00,NA,NA,NA
"FLUME",2026-03-24 19:15:00,NA,NA,NA
"FLUME",2026-03-24 19:30:00,NA,NA,NA
"FLUME",2026-03-24 19:45:00,NA,NA,NA
"FLUME",2026-03-24 20:00:00,NA,NA,NA
"FLUME",2026-03-24 20:15:00,NA,NA,NA
"FLUME",2026-03-24 20:30:00,NA,NA,NA
"FLUME",2026-03-24 20:45:00,NA,NA,NA
"FLUME",2026-03-24 21:00:00,NA,NA,NA
"FLUME",2026-03-24 21:15:00,NA,NA,NA
"FLUME",2026-03-24 21:30:00,NA,NA,NA
"FLUME",2026-03-24 21:45:00,NA,NA,NA
"FLUME",2026-03-24 22:00:00,NA,NA,NA
"FLUME",2026-03-24 22:15:00,NA,NA,NA
"FLUME",2026-03-24 22:30:00,NA,NA,NA
"FLUME",2026-03-24 22:45:00,NA,NA,NA
"FLUME",2026-03-24 23:00:00,NA,NA,NA
"FLUME",2026-03-24 23:15:00,NA,NA,NA
"FLUME",2026-03-24 23:30:00,NA,NA,NA
"FLUME",2026-03-24 23:45:00,NA,NA,NA
"FLUME",2026-03-25,NA,NA,NA
"FLUME",2026-03-25 00:15:00,NA,NA,NA
"FLUME",2026-03-25 00:30:00,NA,NA,NA
"FLUME",2026-03-25 00:45:00,NA,NA,NA
"FLUME",2026-03-25 01:00:00,NA,NA,NA
"FLUME",2026-03-25 01:15:00,NA,NA,NA
"FLUME",2026-03-25 01:30:00,NA,NA,NA
"FLUME",2026-03-25 01:45:00,NA,NA,NA
"FLUME",2026-03-25 02:00:00,NA,NA,NA
"FLUME",2026-03-25 02:15:00,NA,NA,NA
"FLUME",2026-03-25 02:30:00,NA,NA,NA
"FLUME",2026-03-25 02:45:00,NA,NA,NA
"FLUME",2026-03-25 03:00:00,NA,NA,NA
"FLUME",2026-03-25 03:15:00,NA,NA,NA
"FLUME",2026-03-25 03:30:00,NA,NA,NA
"FLUME",2026-03-25 03:45:00,NA,NA,NA
"FLUME",2026-03-25 04:00:00,NA,NA,NA
"FLUME",2026-03-25 04:15:00,NA,NA,NA
"FLUME",2026-03-25 04:30:00,NA,NA,NA
"FLUME",2026-03-25 04:45:00,NA,NA,NA
"FLUME",2026-03-25 05:00:00,NA,NA,NA
"FLUME",2026-03-25 05:15:00,NA,NA,NA
"FLUME",2026-03-25 05:30:00,NA,NA,NA
"FLUME",2026-03-25 05:45:00,NA,NA,NA
"FLUME",2026-03-25 06:00:00,NA,NA,NA
"FLUME",2026-03-25 06:15:00,NA,NA,NA
"FLUME",2026-03-25 06:30:00,NA,NA,NA
"FLUME",2026-03-25 06:45:00,NA,NA,NA
"FLUME",2026-03-25 07:00:00,NA,NA,NA
"FLUME",2026-03-25 07:15:00,NA,NA,NA
"FLUME",2026-03-25 07:30:00,NA,NA,NA
"FLUME",2026-03-25 07:45:00,NA,NA,NA
"FLUME",2026-03-25 08:00:00,NA,NA,NA
"FLUME",2026-03-25 08:15:00,NA,NA,NA
"FLUME",2026-03-25 08:30:00,NA,NA,NA
"FLUME",2026-03-25 08:45:00,NA,NA,NA
"FLUME",2026-03-25 09:00:00,NA,NA,NA
"FLUME",2026-03-25 09:15:00,NA,NA,NA
"FLUME",2026-03-25 09:30:00,NA,NA,NA
"FLUME",2026-03-25 09:45:00,NA,NA,NA
"FLUME",2026-03-25 10:00:00,NA,NA,NA
"FLUME",2026-03-25 10:15:00,NA,NA,NA
"FLUME",2026-03-25 10:30:00,NA,NA,NA
"FLUME",2026-03-25 10:45:00,NA,NA,NA
"FLUME",2026-03-25 11:00:00,NA,NA,NA
"FLUME",2026-03-25 11:15:00,NA,NA,NA
"FLUME",2026-03-25 11:30:00,NA,NA,NA
"FLUME",2026-03-25 11:45:00,NA,NA,NA
"FLUME",2026-03-25 12:00:00,NA,NA,NA
"FLUME",2026-03-25 12:15:00,NA,NA,NA
"FLUME",2026-03-25 12:30:00,NA,NA,NA
"FLUME",2026-03-25 12:45:00,NA,NA,NA
"FLUME",2026-03-25 13:00:00,NA,NA,NA
"FLUME",2026-03-25 13:15:00,NA,NA,NA
"FLUME",2026-03-25 13:30:00,NA,NA,NA
"FLUME",2026-03-25 13:45:00,NA,NA,NA
"FLUME",2026-03-25 14:00:00,NA,NA,NA
"FLUME",2026-03-25 14:15:00,NA,NA,NA
"FLUME",2026-03-25 14:30:00,NA,NA,NA
"FLUME",2026-03-25 14:45:00,NA,NA,NA
"FLUME",2026-03-25 15:00:00,NA,NA,NA
"FLUME",2026-03-25 15:15:00,NA,NA,NA
"FLUME",2026-03-25 15:30:00,NA,NA,NA
"FLUME",2026-03-25 15:45:00,NA,NA,NA
"FLUME",2026-03-25 16:00:00,NA,NA,NA
"FLUME",2026-03-25 16:15:00,NA,NA,NA
"FLUME",2026-03-25 16:30:00,NA,NA,NA
"FLUME",2026-03-25 16:45:00,NA,NA,NA
"FLUME",2026-03-25 17:00:00,NA,NA,NA
"FLUME",2026-03-25 17:15:00,NA,NA,NA
"FLUME",2026-03-25 17:30:00,NA,NA,NA
"FLUME",2026-03-25 17:45:00,NA,NA,NA
"FLUME",2026-03-25 18:00:00,NA,NA,NA
"FLUME",2026-03-25 18:15:00,NA,NA,NA
"FLUME",2026-03-25 18:30:00,NA,NA,NA
"FLUME",2026-03-25 18:45:00,NA,NA,NA
"FLUME",2026-03-25 19:00:00,NA,NA,NA
"FLUME",2026-03-25 19:15:00,NA,NA,NA
"FLUME",2026-03-25 19:30:00,NA,NA,NA
"FLUME",2026-03-25 19:45:00,NA,NA,NA
"FLUME",2026-03-25 20:00:00,NA,NA,NA
"FLUME",2026-03-25 20:15:00,NA,NA,NA
"FLUME",2026-03-25 20:30:00,NA,NA,NA
"FLUME",2026-03-25 20:45:00,NA,NA,NA
"FLUME",2026-03-25 21:00:00,NA,NA,NA
"FLUME",2026-03-25 21:15:00,NA,NA,NA
"FLUME",2026-03-25 21:30:00,NA,NA,NA
"FLUME",2026-03-25 21:45:00,NA,NA,NA
"FLUME",2026-03-25 22:00:00,NA,NA,NA
"FLUME",2026-03-25 22:15:00,NA,NA,NA
"FLUME",2026-03-25 22:30:00,NA,NA,NA
"FLUME",2026-03-25 22:45:00,NA,NA,NA
"FLUME",2026-03-25 23:00:00,NA,NA,NA
"FLUME",2026-03-25 23:15:00,NA,NA,NA
"FLUME",2026-03-25 23:30:00,NA,NA,NA
"FLUME",2026-03-25 23:45:00,NA,NA,NA
"FLUME",2026-03-26,NA,NA,NA
"FLUME",2026-03-26 00:15:00,NA,NA,NA
"FLUME",2026-03-26 00:30:00,NA,NA,NA
"FLUME",2026-03-26 00:45:00,NA,NA,NA
"FLUME",2026-03-26 01:00:00,NA,NA,NA
"FLUME",2026-03-26 01:15:00,NA,NA,NA
"FLUME",2026-03-26 01:30:00,NA,NA,NA
"FLUME",2026-03-26 01:45:00,NA,NA,NA
"FLUME",2026-03-26 02:00:00,NA,NA,NA
"FLUME",2026-03-26 02:15:00,NA,NA,NA
"FLUME",2026-03-26 02:30:00,NA,NA,NA
"FLUME",2026-03-26 02:45:00,NA,NA,NA
"FLUME",2026-03-26 03:00:00,NA,NA,NA
"FLUME",2026-03-26 03:15:00,NA,NA,NA
"FLUME",2026-03-26 03:30:00,NA,NA,NA
"FLUME",2026-03-26 03:45:00,NA,NA,NA
"FLUME",2026-03-26 04:00:00,NA,NA,NA
"FLUME",2026-03-26 04:15:00,NA,NA,NA
"FLUME",2026-03-26 04:30:00,NA,NA,NA
"FLUME",2026-03-26 04:45:00,NA,NA,NA
"FLUME",2026-03-26 05:00:00,NA,NA,NA
"FLUME",2026-03-26 05:15:00,NA,NA,NA
"FLUME",2026-03-26 05:30:00,NA,NA,NA
"FLUME",2026-03-26 05:45:00,NA,NA,NA
"FLUME",2026-03-26 06:00:00,NA,NA,NA
"FLUME",2026-03-26 06:15:00,NA,NA,NA
"FLUME",2026-03-26 06:30:00,NA,NA,NA
"FLUME",2026-03-26 06:45:00,NA,NA,NA
"FLUME",2026-03-26 07:00:00,NA,NA,NA
"FLUME",2026-03-26 07:15:00,NA,NA,NA
"FLUME",2026-03-26 07:30:00,NA,NA,NA
"FLUME",2026-03-26 07:45:00,NA,NA,NA
"FLUME",2026-03-26 08:00:00,NA,NA,NA
"FLUME",2026-03-26 08:15:00,NA,NA,NA
"FLUME",2026-03-26 08:30:00,NA,NA,NA
"FLUME",2026-03-26 08:45:00,NA,NA,NA
"FLUME",2026-03-26 09:00:00,NA,NA,NA
"FLUME",2026-03-26 09:15:00,NA,NA,NA
"FLUME",2026-03-26 09:30:00,NA,NA,NA
"FLUME",2026-03-26 09:45:00,NA,NA,NA
"FLUME",2026-03-26 10:00:00,NA,NA,NA
"FLUME",2026-03-26 10:15:00,NA,NA,NA
"FLUME",2026-03-26 10:30:00,NA,NA,NA
"FLUME",2026-03-26 10:45:00,NA,NA,NA
"FLUME",2026-03-26 11:00:00,NA,NA,NA
"FLUME",2026-03-26 11:15:00,NA,NA,NA
"FLUME",2026-03-26 11:30:00,NA,NA,NA
"FLUME",2026-03-26 11:45:00,NA,NA,NA
"FLUME",2026-03-26 12:00:00,NA,NA,NA
"FLUME",2026-03-26 12:15:00,NA,NA,NA
"FLUME",2026-03-26 12:30:00,NA,NA,NA
"FLUME",2026-03-26 12:45:00,NA,NA,NA
"FLUME",2026-03-26 13:00:00,NA,NA,NA
"FLUME",2026-03-26 13:15:00,NA,NA,NA
"FLUME",2026-03-26 13:30:00,NA,NA,NA
"FLUME",2026-03-26 13:45:00,NA,NA,NA
"FLUME",2026-03-26 14:00:00,NA,NA,NA
"FLUME",2026-03-26 14:15:00,NA,NA,NA
"FLUME",2026-03-26 14:30:00,NA,NA,NA
"FLUME",2026-03-26 14:45:00,NA,NA,NA
"FLUME",2026-03-26 15:00:00,NA,NA,NA
"FLUME",2026-03-26 15:15:00,NA,NA,NA
"FLUME",2026-03-26 15:30:00,NA,NA,NA
"FLUME",2026-03-26 15:45:00,NA,NA,NA
"FLUME",2026-03-26 16:00:00,NA,NA,NA
"FLUME",2026-03-26 16:15:00,NA,NA,NA
"FLUME",2026-03-26 16:30:00,NA,NA,NA
"FLUME",2026-03-26 16:45:00,NA,NA,NA
"FLUME",2026-03-26 17:00:00,NA,NA,NA
"FLUME",2026-03-26 17:15:00,NA,NA,NA
"FLUME",2026-03-26 17:30:00,NA,NA,NA
"FLUME",2026-03-26 17:45:00,NA,NA,NA
"FLUME",2026-03-26 18:00:00,NA,NA,NA
"FLUME",2026-03-26 18:15:00,NA,NA,NA
"FLUME",2026-03-26 18:30:00,NA,NA,NA
"FLUME",2026-03-26 18:45:00,NA,NA,NA
"FLUME",2026-03-26 19:00:00,NA,NA,NA
"FLUME",2026-03-26 19:15:00,NA,NA,NA
"FLUME",2026-03-26 19:30:00,NA,NA,NA
"FLUME",2026-03-26 19:45:00,NA,NA,NA
"FLUME",2026-03-26 20:00:00,NA,NA,NA
"FLUME",2026-03-26 20:15:00,NA,NA,NA
"FLUME",2026-03-26 20:30:00,NA,NA,NA
"FLUME",2026-03-26 20:45:00,NA,NA,NA
"FLUME",2026-03-26 21:00:00,NA,NA,NA
"FLUME",2026-03-26 21:15:00,NA,NA,NA
"FLUME",2026-03-26 21:30:00,NA,NA,NA
"FLUME",2026-03-26 21:45:00,NA,NA,NA
"FLUME",2026-03-26 22:00:00,NA,NA,NA
"FLUME",2026-03-26 22:15:00,NA,NA,NA
"FLUME",2026-03-26 22:30:00,NA,NA,NA
"FLUME",2026-03-26 22:45:00,NA,NA,NA
"FLUME",2026-03-26 23:00:00,NA,NA,NA
"FLUME",2026-03-26 23:15:00,NA,NA,NA
"FLUME",2026-03-26 23:30:00,NA,NA,NA
"FLUME",2026-03-26 23:45:00,NA,NA,NA
"FLUME",2026-03-27,NA,NA,NA
"FLUME",2026-03-27 00:15:00,NA,NA,NA
"FLUME",2026-03-27 00:30:00,NA,NA,NA
"FLUME",2026-03-27 00:45:00,NA,NA,NA
"FLUME",2026-03-27 01:00:00,NA,NA,NA
"FLUME",2026-03-27 01:15:00,NA,NA,NA
"FLUME",2026-03-27 01:30:00,NA,NA,NA
"FLUME",2026-03-27 01:45:00,NA,NA,NA
"FLUME",2026-03-27 02:00:00,NA,NA,NA
"FLUME",2026-03-27 02:15:00,NA,NA,NA
"FLUME",2026-03-27 02:30:00,NA,NA,NA
"FLUME",2026-03-27 02:45:00,NA,NA,NA
"FLUME",2026-03-27 03:00:00,NA,NA,NA
"FLUME",2026-03-27 03:15:00,NA,NA,NA
"FLUME",2026-03-27 03:30:00,NA,NA,NA
"FLUME",2026-03-27 03:45:00,NA,NA,NA
"FLUME",2026-03-27 04:00:00,NA,NA,NA
"FLUME",2026-03-27 04:15:00,NA,NA,NA
"FLUME",2026-03-27 04:30:00,NA,NA,NA
"FLUME",2026-03-27 04:45:00,NA,NA,NA
"FLUME",2026-03-27 05:00:00,NA,NA,NA
"FLUME",2026-03-27 05:15:00,NA,NA,NA
"FLUME",2026-03-27 05:30:00,NA,NA,NA
"FLUME",2026-03-27 05:45:00,NA,NA,NA
"FLUME",2026-03-27 06:00:00,NA,NA,NA
"FLUME",2026-03-27 06:15:00,NA,NA,NA
"FLUME",2026-03-27 06:30:00,NA,NA,NA
"FLUME",2026-03-27 06:45:00,NA,NA,NA
"FLUME",2026-03-27 07:00:00,NA,NA,NA
"FLUME",2026-03-27 07:15:00,NA,NA,NA
"FLUME",2026-03-27 07:30:00,NA,NA,NA
"FLUME",2026-03-27 07:45:00,NA,NA,NA
"FLUME",2026-03-27 08:00:00,NA,NA,NA
"FLUME",2026-03-27 08:15:00,NA,NA,NA
"FLUME",2026-03-27 08:30:00,NA,NA,NA
"FLUME",2026-03-27 08:45:00,NA,NA,NA
"FLUME",2026-03-27 09:00:00,NA,NA,NA
"FLUME",2026-03-27 09:15:00,NA,NA,NA
"FLUME",2026-03-27 09:30:00,NA,NA,NA
"FLUME",2026-03-27 09:45:00,NA,NA,NA
"FLUME",2026-03-27 10:00:00,NA,NA,NA
"FLUME",2026-03-27 10:15:00,NA,NA,NA
"FLUME",2026-03-27 10:30:00,NA,NA,NA
"FLUME",2026-03-27 10:45:00,NA,NA,NA
"FLUME",2026-03-27 11:00:00,NA,NA,NA
"FLUME",2026-03-27 11:15:00,NA,NA,NA
"FLUME",2026-03-27 11:30:00,NA,NA,NA
"FLUME",2026-03-27 11:45:00,NA,NA,NA
"FLUME",2026-03-27 12:00:00,NA,NA,NA
"FLUME",2026-03-27 12:15:00,NA,NA,NA
"FLUME",2026-03-27 12:30:00,NA,NA,NA
"FLUME",2026-03-27 12:45:00,NA,NA,NA
"FLUME",2026-03-27 13:00:00,NA,NA,NA
"FLUME",2026-03-27 13:15:00,NA,NA,NA
"FLUME",2026-03-27 13:30:00,NA,NA,NA
"FLUME",2026-03-27 13:45:00,NA,NA,NA
"FLUME",2026-03-27 14:00:00,NA,NA,NA
"FLUME",2026-03-27 14:15:00,NA,NA,NA
"FLUME",2026-03-27 14:30:00,NA,NA,NA
"FLUME",2026-03-27 14:45:00,NA,NA,NA
"FLUME",2026-03-27 15:00:00,NA,NA,NA
"FLUME",2026-03-27 15:15:00,NA,NA,NA
"FLUME",2026-03-27 15:30:00,NA,NA,NA
"FLUME",2026-03-27 15:45:00,NA,NA,NA
"FLUME",2026-03-27 16:00:00,NA,NA,NA
"FLUME",2026-03-27 16:15:00,NA,NA,NA
"FLUME",2026-03-27 16:30:00,NA,NA,NA
"FLUME",2026-03-27 16:45:00,NA,NA,NA
"FLUME",2026-03-27 17:00:00,NA,NA,NA
"FLUME",2026-03-27 17:15:00,NA,NA,NA
"FLUME",2026-03-27 17:30:00,NA,NA,NA
"FLUME",2026-03-27 17:45:00,NA,NA,NA
"FLUME",2026-03-27 18:00:00,NA,NA,NA
"FLUME",2026-03-27 18:15:00,NA,NA,NA
"FLUME",2026-03-27 18:30:00,NA,NA,NA
"FLUME",2026-03-27 18:45:00,NA,NA,NA
"FLUME",2026-03-27 19:00:00,NA,NA,NA
"FLUME",2026-03-27 19:15:00,NA,NA,NA
"FLUME",2026-03-27 19:30:00,NA,NA,NA
"FLUME",2026-03-27 19:45:00,NA,NA,NA
"FLUME",2026-03-27 20:00:00,NA,NA,NA
"FLUME",2026-03-27 20:15:00,NA,NA,NA
"FLUME",2026-03-27 20:30:00,NA,NA,NA
"FLUME",2026-03-27 20:45:00,NA,NA,NA
"FLUME",2026-03-27 21:00:00,NA,NA,NA
"FLUME",2026-03-27 21:15:00,NA,NA,NA
"FLUME",2026-03-27 21:30:00,NA,NA,NA
"FLUME",2026-03-27 21:45:00,NA,NA,NA
"FLUME",2026-03-27 22:00:00,NA,NA,NA
"FLUME",2026-03-27 22:15:00,NA,NA,NA
"FLUME",2026-03-27 22:30:00,NA,NA,NA
"FLUME",2026-03-27 22:45:00,NA,NA,NA
"FLUME",2026-03-27 23:00:00,NA,NA,NA
"FLUME",2026-03-27 23:15:00,NA,NA,NA
"FLUME",2026-03-27 23:30:00,NA,NA,NA
"FLUME",2026-03-27 23:45:00,NA,NA,NA
"FLUME",2026-03-28,NA,NA,NA
"FLUME",2026-03-28 00:15:00,NA,NA,NA
"FLUME",2026-03-28 00:30:00,NA,NA,NA
"FLUME",2026-03-28 00:45:00,NA,NA,NA
"FLUME",2026-03-28 01:00:00,NA,NA,NA
"FLUME",2026-03-28 01:15:00,NA,NA,NA
"FLUME",2026-03-28 01:30:00,NA,NA,NA
"FLUME",2026-03-28 01:45:00,NA,NA,NA
"FLUME",2026-03-28 02:00:00,NA,NA,NA
"FLUME",2026-03-28 02:15:00,NA,NA,NA
"FLUME",2026-03-28 02:30:00,NA,NA,NA
"FLUME",2026-03-28 02:45:00,NA,NA,NA
"FLUME",2026-03-28 03:00:00,NA,NA,NA
"FLUME",2026-03-28 03:15:00,NA,NA,NA
"FLUME",2026-03-28 03:30:00,NA,NA,NA
"FLUME",2026-03-28 03:45:00,NA,NA,NA
"FLUME",2026-03-28 04:00:00,NA,NA,NA
"FLUME",2026-03-28 04:15:00,NA,NA,NA
"FLUME",2026-03-28 04:30:00,NA,NA,NA
"FLUME",2026-03-28 04:45:00,NA,NA,NA
"FLUME",2026-03-28 05:00:00,NA,NA,NA
"FLUME",2026-03-28 05:15:00,NA,NA,NA
"FLUME",2026-03-28 05:30:00,NA,NA,NA
"FLUME",2026-03-28 05:45:00,NA,NA,NA
"FLUME",2026-03-28 06:00:00,NA,NA,NA
"FLUME",2026-03-28 06:15:00,NA,NA,NA
"FLUME",2026-03-28 06:30:00,NA,NA,NA
"FLUME",2026-03-28 06:45:00,NA,NA,NA
"FLUME",2026-03-28 07:00:00,NA,NA,NA
"FLUME",2026-03-28 07:15:00,NA,NA,NA
"FLUME",2026-03-28 07:30:00,NA,NA,NA
"FLUME",2026-03-28 07:45:00,NA,NA,NA
"FLUME",2026-03-28 08:00:00,NA,NA,NA
"FLUME",2026-03-28 08:15:00,NA,NA,NA
"FLUME",2026-03-28 08:30:00,NA,NA,NA
"FLUME",2026-03-28 08:45:00,NA,NA,NA
"FLUME",2026-03-28 09:00:00,NA,NA,NA
"FLUME",2026-03-28 09:15:00,NA,NA,NA
"FLUME",2026-03-28 09:30:00,NA,NA,NA
"FLUME",2026-03-28 09:45:00,NA,NA,NA
"FLUME",2026-03-28 10:00:00,NA,NA,NA
"FLUME",2026-03-28 10:15:00,NA,NA,NA
"FLUME",2026-03-28 10:30:00,NA,NA,NA
"FLUME",2026-03-28 10:45:00,NA,NA,NA
"FLUME",2026-03-28 11:00:00,NA,NA,NA
"FLUME",2026-03-28 11:15:00,NA,NA,NA
"FLUME",2026-03-28 11:30:00,NA,NA,NA
"FLUME",2026-03-28 11:45:00,NA,NA,NA
"FLUME",2026-03-28 12:00:00,NA,NA,NA
"FLUME",2026-03-28 12:15:00,NA,NA,NA
"FLUME",2026-03-28 12:30:00,NA,NA,NA
"FLUME",2026-03-28 12:45:00,NA,NA,NA
"FLUME",2026-03-28 13:00:00,NA,NA,NA
"FLUME",2026-03-28 13:15:00,NA,NA,NA
"FLUME",2026-03-28 13:30:00,NA,NA,NA
"FLUME",2026-03-28 13:45:00,NA,NA,NA
"FLUME",2026-03-28 14:00:00,NA,NA,NA
"FLUME",2026-03-28 14:15:00,NA,NA,NA
"FLUME",2026-03-28 14:30:00,NA,NA,NA
"FLUME",2026-03-28 14:45:00,NA,NA,NA
"FLUME",2026-03-28 15:00:00,NA,NA,NA
"FLUME",2026-03-28 15:15:00,NA,NA,NA
"FLUME",2026-03-28 15:30:00,NA,NA,NA
"FLUME",2026-03-28 15:45:00,NA,NA,NA
"FLUME",2026-03-28 16:00:00,NA,NA,NA
"FLUME",2026-03-28 16:15:00,NA,NA,NA
"FLUME",2026-03-28 16:30:00,NA,NA,NA
"FLUME",2026-03-28 16:45:00,NA,NA,NA
"FLUME",2026-03-28 17:00:00,NA,NA,NA
"FLUME",2026-03-28 17:15:00,NA,NA,NA
"FLUME",2026-03-28 17:30:00,NA,NA,NA
"FLUME",2026-03-28 17:45:00,NA,NA,NA
"FLUME",2026-03-28 18:00:00,NA,NA,NA
"FLUME",2026-03-28 18:15:00,NA,NA,NA
"FLUME",2026-03-28 18:30:00,NA,NA,NA
"FLUME",2026-03-28 18:45:00,NA,NA,NA
"FLUME",2026-03-28 19:00:00,NA,NA,NA
"FLUME",2026-03-28 19:15:00,NA,NA,NA
"FLUME",2026-03-28 19:30:00,NA,NA,NA
"FLUME",2026-03-28 19:45:00,NA,NA,NA
"FLUME",2026-03-28 20:00:00,NA,NA,NA
"FLUME",2026-03-28 20:15:00,NA,NA,NA
"FLUME",2026-03-28 20:30:00,NA,NA,NA
"FLUME",2026-03-28 20:45:00,NA,NA,NA
"FLUME",2026-03-28 21:00:00,NA,NA,NA
"FLUME",2026-03-28 21:15:00,NA,NA,NA
"FLUME",2026-03-28 21:30:00,NA,NA,NA
"FLUME",2026-03-28 21:45:00,NA,NA,NA
"FLUME",2026-03-28 22:00:00,NA,NA,NA
"FLUME",2026-03-28 22:15:00,NA,NA,NA
"FLUME",2026-03-28 22:30:00,NA,NA,NA
"FLUME",2026-03-28 22:45:00,NA,NA,NA
"FLUME",2026-03-28 23:00:00,NA,NA,NA
"FLUME",2026-03-28 23:15:00,NA,NA,NA
"FLUME",2026-03-28 23:30:00,NA,NA,NA
"FLUME",2026-03-28 23:45:00,NA,NA,NA
"FLUME",2026-03-29,NA,NA,NA
"FLUME",2026-03-29 00:15:00,NA,NA,NA
"FLUME",2026-03-29 00:30:00,NA,NA,NA
"FLUME",2026-03-29 00:45:00,NA,NA,NA
"FLUME",2026-03-29 01:00:00,NA,NA,NA
"FLUME",2026-03-29 01:15:00,NA,NA,NA
"FLUME",2026-03-29 01:30:00,NA,NA,NA
"FLUME",2026-03-29 01:45:00,NA,NA,NA
"FLUME",2026-03-29 02:00:00,NA,NA,NA
"FLUME",2026-03-29 02:15:00,NA,NA,NA
"FLUME",2026-03-29 02:30:00,NA,NA,NA
"FLUME",2026-03-29 02:45:00,NA,NA,NA
"FLUME",2026-03-29 03:00:00,NA,NA,NA
"FLUME",2026-03-29 03:15:00,NA,NA,NA
"FLUME",2026-03-29 03:30:00,NA,NA,NA
"FLUME",2026-03-29 03:45:00,NA,NA,NA
"FLUME",2026-03-29 04:00:00,NA,NA,NA
"FLUME",2026-03-29 04:15:00,NA,NA,NA
"FLUME",2026-03-29 04:30:00,NA,NA,NA
"FLUME",2026-03-29 04:45:00,NA,NA,NA
"FLUME",2026-03-29 05:00:00,NA,NA,NA
"FLUME",2026-03-29 05:15:00,NA,NA,NA
"FLUME",2026-03-29 05:30:00,NA,NA,NA
"FLUME",2026-03-29 05:45:00,NA,NA,NA
"FLUME",2026-03-29 06:00:00,NA,NA,NA
"FLUME",2026-03-29 06:15:00,NA,NA,NA
"FLUME",2026-03-29 06:30:00,NA,NA,NA
"FLUME",2026-03-29 06:45:00,NA,NA,NA
"FLUME",2026-03-29 07:00:00,NA,NA,NA
"FLUME",2026-03-29 07:15:00,NA,NA,NA
"FLUME",2026-03-29 07:30:00,NA,NA,NA
"FLUME",2026-03-29 07:45:00,NA,NA,NA
"FLUME",2026-03-29 08:00:00,NA,NA,NA
"FLUME",2026-03-29 08:15:00,NA,NA,NA
"FLUME",2026-03-29 08:30:00,NA,NA,NA
"FLUME",2026-03-29 08:45:00,NA,NA,NA
"FLUME",2026-03-29 09:00:00,NA,NA,NA
"FLUME",2026-03-29 09:15:00,NA,NA,NA
"FLUME",2026-03-29 09:30:00,NA,NA,NA
"FLUME",2026-03-29 09:45:00,NA,NA,NA
"FLUME",2026-03-29 10:00:00,NA,NA,NA
"FLUME",2026-03-29 10:15:00,NA,NA,NA
"FLUME",2026-03-29 10:30:00,NA,NA,NA
"FLUME",2026-03-29 10:45:00,NA,NA,NA
"FLUME",2026-03-29 11:00:00,NA,NA,NA
"FLUME",2026-03-29 11:15:00,NA,NA,NA
"FLUME",2026-03-29 11:30:00,NA,NA,NA
"FLUME",2026-03-29 11:45:00,NA,NA,NA
"FLUME",2026-03-29 12:00:00,NA,NA,NA
"FLUME",2026-03-29 12:15:00,NA,NA,NA
"FLUME",2026-03-29 12:30:00,NA,NA,NA
"FLUME",2026-03-29 12:45:00,NA,NA,NA
"FLUME",2026-03-29 13:00:00,NA,NA,NA
"FLUME",2026-03-29 13:15:00,NA,NA,NA
"FLUME",2026-03-29 13:30:00,NA,NA,NA
"FLUME",2026-03-29 13:45:00,NA,NA,NA
"FLUME",2026-03-29 14:00:00,NA,NA,NA
"FLUME",2026-03-29 14:15:00,NA,NA,NA
"FLUME",2026-03-29 14:30:00,NA,NA,NA
"FLUME",2026-03-29 14:45:00,NA,NA,NA
"FLUME",2026-03-29 15:00:00,NA,NA,NA
"FLUME",2026-03-29 15:15:00,NA,NA,NA
"FLUME",2026-03-29 15:30:00,NA,NA,NA
"FLUME",2026-03-29 15:45:00,NA,NA,NA
"FLUME",2026-03-29 16:00:00,NA,NA,NA
"FLUME",2026-03-29 16:15:00,NA,NA,NA
"FLUME",2026-03-29 16:30:00,NA,NA,NA
"FLUME",2026-03-29 16:45:00,NA,NA,NA
"FLUME",2026-03-29 17:00:00,NA,NA,NA
"FLUME",2026-03-29 17:15:00,NA,NA,NA
"FLUME",2026-03-29 17:30:00,NA,NA,NA
"FLUME",2026-03-29 17:45:00,NA,NA,NA
"FLUME",2026-03-29 18:00:00,NA,NA,NA
"FLUME",2026-03-29 18:15:00,NA,NA,NA
"FLUME",2026-03-29 18:30:00,NA,NA,NA
"FLUME",2026-03-29 18:45:00,NA,NA,NA
"FLUME",2026-03-29 19:00:00,NA,NA,NA
"FLUME",2026-03-29 19:15:00,NA,NA,NA
"FLUME",2026-03-29 19:30:00,NA,NA,NA
"FLUME",2026-03-29 19:45:00,NA,NA,NA
"FLUME",2026-03-29 20:00:00,NA,NA,NA
"FLUME",2026-03-29 20:15:00,NA,NA,NA
"FLUME",2026-03-29 20:30:00,NA,NA,NA
"FLUME",2026-03-29 20:45:00,NA,NA,NA
"FLUME",2026-03-29 21:00:00,NA,NA,NA
"FLUME",2026-03-29 21:15:00,NA,NA,NA
"FLUME",2026-03-29 21:30:00,NA,NA,NA
"FLUME",2026-03-29 21:45:00,NA,NA,NA
"FLUME",2026-03-29 22:00:00,NA,NA,NA
"FLUME",2026-03-29 22:15:00,NA,NA,NA
"FLUME",2026-03-29 22:30:00,NA,NA,NA
"FLUME",2026-03-29 22:45:00,NA,NA,NA
"FLUME",2026-03-29 23:00:00,NA,NA,NA
"FLUME",2026-03-29 23:15:00,NA,NA,NA
"FLUME",2026-03-29 23:30:00,NA,NA,NA
"FLUME",2026-03-29 23:45:00,NA,NA,NA
"FLUME",2026-03-30,NA,NA,NA
"FLUME",2026-03-30 00:15:00,NA,NA,NA
"FLUME",2026-03-30 00:30:00,NA,NA,NA
"FLUME",2026-03-30 00:45:00,NA,NA,NA
"FLUME",2026-03-30 01:00:00,NA,NA,NA
"FLUME",2026-03-30 01:15:00,NA,NA,NA
"FLUME",2026-03-30 01:30:00,NA,NA,NA
"FLUME",2026-03-30 01:45:00,NA,NA,NA
"FLUME",2026-03-30 02:00:00,NA,NA,NA
"FLUME",2026-03-30 02:15:00,NA,NA,NA
"FLUME",2026-03-30 02:30:00,NA,NA,NA
"FLUME",2026-03-30 02:45:00,NA,NA,NA
"FLUME",2026-03-30 03:00:00,NA,NA,NA
"FLUME",2026-03-30 03:15:00,NA,NA,NA
"FLUME",2026-03-30 03:30:00,NA,NA,NA
"FLUME",2026-03-30 03:45:00,NA,NA,NA
"FLUME",2026-03-30 04:00:00,NA,NA,NA
"FLUME",2026-03-30 04:15:00,NA,NA,NA
"FLUME",2026-03-30 04:30:00,NA,NA,NA
"FLUME",2026-03-30 04:45:00,NA,NA,NA
"FLUME",2026-03-30 05:00:00,NA,NA,NA
"FLUME",2026-03-30 05:15:00,NA,NA,NA
"FLUME",2026-03-30 05:30:00,NA,NA,NA
"FLUME",2026-03-30 05:45:00,NA,NA,NA
"FLUME",2026-03-30 06:00:00,NA,NA,NA
"FLUME",2026-03-30 06:15:00,NA,NA,NA
"FLUME",2026-03-30 06:30:00,NA,NA,NA
"FLUME",2026-03-30 06:45:00,NA,NA,NA
"FLUME",2026-03-30 07:00:00,NA,NA,NA
"FLUME",2026-03-30 07:15:00,NA,NA,NA
"FLUME",2026-03-30 07:30:00,NA,NA,NA
"FLUME",2026-03-30 07:45:00,NA,NA,NA
"FLUME",2026-03-30 08:00:00,NA,NA,NA
"FLUME",2026-03-30 08:15:00,NA,NA,NA
"FLUME",2026-03-30 08:30:00,NA,NA,NA
"FLUME",2026-03-30 08:45:00,NA,NA,NA
"FLUME",2026-03-30 09:00:00,NA,NA,NA
"FLUME",2026-03-30 09:15:00,NA,NA,NA
"FLUME",2026-03-30 09:30:00,NA,NA,NA
"FLUME",2026-03-30 09:45:00,NA,NA,NA
"FLUME",2026-03-30 10:00:00,NA,NA,NA
"FLUME",2026-03-30 10:15:00,NA,NA,NA
"FLUME",2026-03-30 10:30:00,NA,NA,NA
"FLUME",2026-03-30 10:45:00,NA,NA,NA
"FLUME",2026-03-30 11:00:00,NA,NA,NA
"FLUME",2026-03-30 11:15:00,NA,NA,NA
"FLUME",2026-03-30 11:30:00,NA,NA,NA
"FLUME",2026-03-30 11:45:00,NA,NA,NA
"FLUME",2026-03-30 12:00:00,NA,NA,NA
"FLUME",2026-03-30 12:15:00,NA,NA,NA
"FLUME",2026-03-30 12:30:00,NA,NA,NA
"FLUME",2026-03-30 12:45:00,NA,NA,NA
"FLUME",2026-03-30 13:00:00,37,10.654,51.44205
"FLUME",2026-03-30 13:15:00,17,21.27048,58.11203
"FLUME",2026-03-30 13:30:00,12,63.81145,77.54688
"FLUME",2026-03-30 13:45:00,9,106.3524,91.81668
"FLUME",2026-03-30 14:00:00,8,74.44668,81.43247
"FLUME",2026-03-30 14:15:00,7,85.23196,85.23196
"FLUME",2026-03-30 14:30:00,7,85.23196,85.23196
"FLUME",2026-03-30 14:45:00,7,74.57798,81.5761
"FLUME",2026-03-30 15:00:00,6,53.27,73.50172
"FLUME",2026-03-30 15:15:00,6,53.3641,73.63157
"FLUME",2026-03-30 15:30:00,6,64.03693,77.8209
"FLUME",2026-03-30 15:45:00,6,64.03693,77.8209
"FLUME",2026-03-30 16:00:00,6,106.7282,92.14113
"FLUME",2026-03-30 16:15:00,6,128.3005,98.48243
"FLUME",2026-03-30 16:30:00,5,85.53368,85.53368
"FLUME",2026-03-30 16:45:00,5,96.22539,89.00374
"FLUME",2026-03-30 17:00:00,5,171.3707,109.7438
"FLUME",2026-03-30 17:15:00,5,139.2387,101.5726
"FLUME",2026-03-30 17:30:00,5,139.2387,101.5726
"FLUME",2026-03-30 17:45:00,5,311.161,138.9973
"FLUME",2026-03-30 18:00:00,5,150.2157,104.5712
"FLUME",2026-03-30 18:15:00,5,236.0532,124.375
"FLUME",2026-03-30 18:30:00,5,150.2157,104.5712
"FLUME",2026-03-30 18:45:00,5,150.483,104.7573
"FLUME",2026-03-30 19:00:00,5,311.7147,139.2446
"FLUME",2026-03-30 19:15:00,5,214.9757,124.5963
"FLUME",2026-03-30 19:30:00,5,268.7196,131.1141
"FLUME",2026-03-30 19:45:00,5,226.1268,122.5482
"FLUME",2026-03-30 20:00:00,4,355.3421,147.1106
"FLUME",2026-03-30 20:15:00,4,301.5025,137.5102
"FLUME",2026-03-30 20:30:00,4,247.6627,127.0398
"FLUME",2026-03-30 20:45:00,5,204.9563,118.0577
"FLUME",2026-03-30 21:00:00,4,161.8076,107.8717
"FLUME",2026-03-30 21:15:00,4,97.08454,89.7984
"FLUME",2026-03-30 21:30:00,4,97.08454,89.7984
"FLUME",2026-03-30 21:45:00,4,151.2906,105.3195
"FLUME",2026-03-30 22:00:00,4,43.22588,69.94094
"FLUME",2026-03-30 22:15:00,4,86.45175,86.45175
"FLUME",2026-03-30 22:30:00,4,86.45175,86.45175
"FLUME",2026-03-30 22:45:00,4,119.0842,96.65527
"FLUME",2026-03-30 23:00:00,4,119.0842,99.71788
"FLUME",2026-03-30 23:15:00,4,194.8651,116.0291
"FLUME",2026-03-30 23:30:00,4,260.2865,130.1433
"FLUME",2026-03-30 23:45:00,4,227.7507,123.4282
"FLUME",2026-03-31,4,140.9885,102.8491
"FLUME",2026-03-31 00:15:00,4,325.3582,142.4584
"FLUME",2026-03-31 00:30:00,4,304.2139,138.7468
"FLUME",2026-03-31 00:45:00,4,391.132,153.9053
"FLUME",2026-03-31 01:00:00,4,239.0251,125.9408
"FLUME",2026-03-31 01:15:00,4,337.415,144.9111
"FLUME",2026-03-31 01:30:00,4,228.5714,123.873
"FLUME",2026-03-31 01:45:00,4,326.5306,142.9717
"FLUME",2026-03-31 02:00:00,4,195.9184,116.6563
"FLUME",2026-03-31 02:15:00,4,327.12,143.2298
"FLUME",2026-03-31 02:30:00,4,392.544,154.4609
"FLUME",2026-03-31 02:45:00,4,250.792,128.645
"FLUME",2026-03-31 03:00:00,4,338.024,145.1727
"FLUME",2026-03-31 03:15:00,4,262.1692,131.0846
"FLUME",2026-03-31 03:30:00,4,218.4744,121.965
"FLUME",2026-03-31 03:45:00,4,174.7795,111.9267
"FLUME",2026-03-31 04:00:00,4,262.1692,131.0846
"FLUME",2026-03-31 04:15:00,4,218.8702,122.1859
"FLUME",2026-03-31 04:30:00,4,153.2091,106.6551
"FLUME",2026-03-31 04:45:00,4,196.9831,117.2903
"FLUME",2026-03-31 05:00:00,4,207.9266,119.7688
"FLUME",2026-03-31 05:15:00,4,164.4505,109.6337
"FLUME",2026-03-31 05:30:00,4,175.4139,112.333
"FLUME",2026-03-31 05:45:00,4,219.2674,122.4077
"FLUME",2026-03-31 06:00:00,4,164.4505,109.6337
"FLUME",2026-03-31 06:15:00,4,208.6828,120.2043
"FLUME",2026-03-31 06:30:00,5,230.6493,124.9991
"FLUME",2026-03-31 06:45:00,5,230.6493,124.9991
"FLUME",2026-03-31 07:00:00,5,285.5659,136.1084
"FLUME",2026-03-31 07:15:00,5,110.0331,94.99432
"FLUME",2026-03-31 07:30:00,5,110.0331,94.99432
"FLUME",2026-03-31 07:45:00,5,77.02317,84.25073
"FLUME",2026-03-31 08:00:00,5,110.0331,94.99432
"FLUME",2026-03-31 08:15:00,5,33.07017,66.14033
"FLUME",2026-03-31 08:30:00,6,22.04678,60.23291
"FLUME",2026-03-31 08:45:00,6,55.11694,76.05012
"DOCK",2025-12-21 19:00:00,NA,NA,NA
"DOCK",2025-12-21 19:15:00,NA,NA,NA
"DOCK",2025-12-21 19:30:00,NA,NA,NA
"DOCK",2025-12-21 19:45:00,NA,NA,NA
"DOCK",2025-12-21 20:00:00,NA,NA,NA
"DOCK",2025-12-21 20:15:00,NA,NA,NA
"DOCK",2025-12-21 20:30:00,NA,NA,NA
"DOCK",2025-12-21 20:45:00,NA,NA,NA
"DOCK",2025-12-21 21:00:00,NA,NA,NA
"DOCK",2025-12-21 21:15:00,NA,NA,NA
"DOCK",2025-12-21 21:30:00,NA,NA,NA
"DOCK",2025-12-21 21:45:00,NA,NA,NA
"DOCK",2025-12-21 22:00:00,NA,NA,NA
"DOCK",2025-12-21 22:15:00,NA,NA,NA
"DOCK",2025-12-21 22:30:00,NA,NA,NA
"DOCK",2025-12-21 22:45:00,NA,NA,NA
"DOCK",2025-12-21 23:00:00,NA,NA,NA
"DOCK",2025-12-21 23:15:00,NA,NA,NA
"DOCK",2025-12-21 23:30:00,NA,NA,NA
"DOCK",2025-12-21 23:45:00,NA,NA,NA
"DOCK",2025-12-22,NA,NA,NA
"DOCK",2025-12-22 00:15:00,NA,NA,NA
"DOCK",2025-12-22 00:30:00,NA,NA,NA
"DOCK",2025-12-22 00:45:00,NA,NA,NA
"DOCK",2025-12-22 01:00:00,NA,NA,NA
"DOCK",2025-12-22 01:15:00,NA,NA,NA
"DOCK",2025-12-22 01:30:00,NA,NA,NA
"DOCK",2025-12-22 01:45:00,NA,NA,NA
"DOCK",2025-12-22 02:00:00,NA,NA,NA
"DOCK",2025-12-22 02:15:00,NA,NA,NA
"DOCK",2025-12-22 02:30:00,NA,NA,NA
"DOCK",2025-12-22 02:45:00,NA,NA,NA
"DOCK",2025-12-22 03:00:00,NA,NA,NA
"DOCK",2025-12-22 03:15:00,NA,NA,NA
"DOCK",2025-12-22 03:30:00,NA,NA,NA
"DOCK",2025-12-22 03:45:00,NA,NA,NA
"DOCK",2025-12-22 04:00:00,NA,NA,NA
"DOCK",2025-12-22 04:15:00,NA,NA,NA
"DOCK",2025-12-22 04:30:00,NA,NA,NA
"DOCK",2025-12-22 04:45:00,NA,NA,NA
"DOCK",2025-12-22 05:00:00,NA,NA,NA
"DOCK",2025-12-22 05:15:00,NA,NA,NA
"DOCK",2025-12-22 05:30:00,NA,NA,NA
"DOCK",2025-12-22 05:45:00,NA,NA,NA
"DOCK",2025-12-22 06:00:00,NA,NA,NA
"DOCK",2025-12-22 06:15:00,NA,NA,NA
"DOCK",2025-12-22 06:30:00,NA,NA,NA
"DOCK",2025-12-22 06:45:00,NA,NA,NA
"DOCK",2025-12-22 07:00:00,NA,NA,NA
"DOCK",2025-12-22 07:15:00,NA,NA,NA
"DOCK",2025-12-22 07:30:00,NA,NA,NA
"DOCK",2025-12-22 07:45:00,NA,NA,NA
"DOCK",2025-12-22 08:00:00,NA,NA,NA
"DOCK",2025-12-22 08:15:00,NA,NA,NA
"DOCK",2025-12-22 08:30:00,NA,NA,NA
"DOCK",2025-12-22 08:45:00,NA,NA,NA
"DOCK",2025-12-22 09:00:00,NA,NA,NA
"DOCK",2025-12-22 09:15:00,NA,NA,NA
"DOCK",2025-12-22 09:30:00,NA,NA,NA
"DOCK",2025-12-22 09:45:00,NA,NA,NA
"DOCK",2025-12-22 10:00:00,NA,NA,NA
"DOCK",2025-12-22 10:15:00,NA,NA,NA
"DOCK",2025-12-22 10:30:00,NA,NA,NA
"DOCK",2025-12-22 10:45:00,NA,NA,NA
"DOCK",2025-12-22 11:00:00,NA,NA,NA
"DOCK",2025-12-22 11:15:00,NA,NA,NA
"DOCK",2025-12-22 11:30:00,NA,NA,NA
"DOCK",2025-12-22 11:45:00,NA,NA,NA
"DOCK",2025-12-22 12:00:00,NA,NA,NA
"DOCK",2025-12-22 12:15:00,NA,NA,NA
"DOCK",2025-12-22 12:30:00,NA,NA,NA
"DOCK",2025-12-22 12:45:00,NA,NA,NA
"DOCK",2025-12-22 13:00:00,NA,NA,NA
"DOCK",2025-12-22 13:15:00,NA,NA,NA
"DOCK",2025-12-22 13:30:00,NA,NA,NA
"DOCK",2025-12-22 13:45:00,NA,NA,NA
"DOCK",2025-12-22 14:00:00,NA,NA,NA
"DOCK",2025-12-22 14:15:00,NA,NA,NA
"DOCK",2025-12-22 14:30:00,NA,NA,NA
"DOCK",2025-12-22 14:45:00,NA,NA,NA
"DOCK",2025-12-22 15:00:00,NA,NA,NA
"DOCK",2025-12-22 15:15:00,NA,NA,NA
"DOCK",2025-12-22 15:30:00,NA,NA,NA
"DOCK",2025-12-22 15:45:00,NA,NA,NA
"DOCK",2025-12-22 16:00:00,NA,NA,NA
"DOCK",2025-12-22 16:15:00,NA,NA,NA
"DOCK",2025-12-22 16:30:00,NA,NA,NA
"DOCK",2025-12-22 16:45:00,NA,NA,NA
"DOCK",2025-12-22 17:00:00,NA,NA,NA
"DOCK",2025-12-22 17:15:00,NA,NA,NA
"DOCK",2025-12-22 17:30:00,NA,NA,NA
"DOCK",2025-12-22 17:45:00,NA,NA,NA
"DOCK",2025-12-22 18:00:00,NA,NA,NA
"DOCK",2025-12-22 18:15:00,NA,NA,NA
"DOCK",2025-12-22 18:30:00,NA,NA,NA
"DOCK",2025-12-22 18:45:00,NA,NA,NA
"DOCK",2025-12-22 19:00:00,NA,NA,NA
"DOCK",2025-12-22 19:15:00,NA,NA,NA
"DOCK",2025-12-22 19:30:00,NA,NA,NA
"DOCK",2025-12-22 19:45:00,NA,NA,NA
"DOCK",2025-12-22 20:00:00,NA,NA,NA
"DOCK",2025-12-22 20:15:00,NA,NA,NA
"DOCK",2025-12-22 20:30:00,NA,NA,NA
"DOCK",2025-12-22 20:45:00,NA,NA,NA
"DOCK",2025-12-22 21:00:00,NA,NA,NA
"DOCK",2025-12-22 21:15:00,NA,NA,NA
"DOCK",2025-12-22 21:30:00,NA,NA,NA
"DOCK",2025-12-22 21:45:00,NA,NA,NA
"DOCK",2025-12-22 22:00:00,NA,NA,NA
"DOCK",2025-12-22 22:15:00,NA,NA,NA
"DOCK",2025-12-22 22:30:00,NA,NA,NA
"DOCK",2025-12-22 22:45:00,NA,NA,NA
"DOCK",2025-12-22 23:00:00,NA,NA,NA
"DOCK",2025-12-22 23:15:00,NA,NA,NA
"DOCK",2025-12-22 23:30:00,NA,NA,NA
"DOCK",2025-12-22 23:45:00,NA,NA,NA
"DOCK",2025-12-23,NA,NA,NA
"DOCK",2025-12-23 00:15:00,NA,NA,NA
"DOCK",2025-12-23 00:30:00,NA,NA,NA
"DOCK",2025-12-23 00:45:00,NA,NA,NA
"DOCK",2025-12-23 01:00:00,NA,NA,NA
"DOCK",2025-12-23 01:15:00,NA,NA,NA
"DOCK",2025-12-23 01:30:00,NA,NA,NA
"DOCK",2025-12-23 01:45:00,NA,NA,NA
"DOCK",2025-12-23 02:00:00,NA,NA,NA
"DOCK",2025-12-23 02:15:00,NA,NA,NA
"DOCK",2025-12-23 02:30:00,NA,NA,NA
"DOCK",2025-12-23 02:45:00,NA,NA,NA
"DOCK",2025-12-23 03:00:00,NA,NA,NA
"DOCK",2025-12-23 03:15:00,NA,NA,NA
"DOCK",2025-12-23 03:30:00,NA,NA,NA
"DOCK",2025-12-23 03:45:00,NA,NA,NA
"DOCK",2025-12-23 04:00:00,NA,NA,NA
"DOCK",2025-12-23 04:15:00,NA,NA,NA
"DOCK",2025-12-23 04:30:00,NA,NA,NA
"DOCK",2025-12-23 04:45:00,NA,NA,NA
"DOCK",2025-12-23 05:00:00,NA,NA,NA
"DOCK",2025-12-23 05:15:00,NA,NA,NA
"DOCK",2025-12-23 05:30:00,NA,NA,NA
"DOCK",2025-12-23 05:45:00,NA,NA,NA
"DOCK",2025-12-23 06:00:00,NA,NA,NA
"DOCK",2025-12-23 06:15:00,NA,NA,NA
"DOCK",2025-12-23 06:30:00,NA,NA,NA
"DOCK",2025-12-23 06:45:00,NA,NA,NA
"DOCK",2025-12-23 07:00:00,NA,NA,NA
"DOCK",2025-12-23 07:15:00,NA,NA,NA
"DOCK",2025-12-23 07:30:00,NA,NA,NA
"DOCK",2025-12-23 07:45:00,NA,NA,NA
"DOCK",2025-12-23 08:00:00,NA,NA,NA
"DOCK",2025-12-23 08:15:00,NA,NA,NA
"DOCK",2025-12-23 08:30:00,NA,NA,NA
"DOCK",2025-12-23 08:45:00,NA,NA,NA
"DOCK",2025-12-23 09:00:00,NA,NA,NA
"DOCK",2025-12-23 09:15:00,NA,NA,NA
"DOCK",2025-12-23 09:30:00,NA,NA,NA
"DOCK",2025-12-23 09:45:00,NA,NA,NA
"DOCK",2025-12-23 10:00:00,NA,NA,NA
"DOCK",2025-12-23 10:15:00,NA,NA,NA
"DOCK",2025-12-23 10:30:00,NA,NA,NA
"DOCK",2025-12-23 10:45:00,NA,NA,NA
"DOCK",2025-12-23 11:00:00,NA,NA,NA
"DOCK",2025-12-23 11:15:00,NA,NA,NA
"DOCK",2025-12-23 11:30:00,NA,NA,NA
"DOCK",2025-12-23 11:45:00,NA,NA,NA
"DOCK",2025-12-23 12:00:00,NA,NA,NA
"DOCK",2025-12-23 12:15:00,NA,NA,NA
"DOCK",2025-12-23 12:30:00,NA,NA,NA
"DOCK",2025-12-23 12:45:00,NA,NA,NA
"DOCK",2025-12-23 13:00:00,NA,NA,NA
"DOCK",2025-12-23 13:15:00,NA,NA,NA
"DOCK",2025-12-23 13:30:00,NA,NA,NA
"DOCK",2025-12-23 13:45:00,NA,NA,NA
"DOCK",2025-12-23 14:00:00,NA,NA,NA
"DOCK",2025-12-23 14:15:00,NA,NA,NA
"DOCK",2025-12-23 14:30:00,NA,NA,NA
"DOCK",2025-12-23 14:45:00,NA,NA,NA
"DOCK",2025-12-23 15:00:00,NA,NA,NA
"DOCK",2025-12-23 15:15:00,NA,NA,NA
"DOCK",2025-12-23 15:30:00,NA,NA,NA
"DOCK",2025-12-23 15:45:00,NA,NA,NA
"DOCK",2025-12-23 16:00:00,NA,NA,NA
"DOCK",2025-12-23 16:15:00,NA,NA,NA
"DOCK",2025-12-23 16:30:00,NA,NA,NA
"DOCK",2025-12-23 16:45:00,NA,NA,NA
"DOCK",2025-12-23 17:00:00,NA,NA,NA
"DOCK",2025-12-23 17:15:00,NA,NA,NA
"DOCK",2025-12-23 17:30:00,NA,NA,NA
"DOCK",2025-12-23 17:45:00,NA,NA,NA
"DOCK",2025-12-23 18:00:00,NA,NA,NA
"DOCK",2025-12-23 18:15:00,NA,NA,NA
"DOCK",2025-12-23 18:30:00,NA,NA,NA
"DOCK",2025-12-23 18:45:00,NA,NA,NA
"DOCK",2025-12-23 19:00:00,NA,NA,NA
"DOCK",2025-12-23 19:15:00,NA,NA,NA
"DOCK",2025-12-23 19:30:00,NA,NA,NA
"DOCK",2025-12-23 19:45:00,NA,NA,NA
"DOCK",2025-12-23 20:00:00,NA,NA,NA
"DOCK",2025-12-23 20:15:00,NA,NA,NA
"DOCK",2025-12-23 20:30:00,NA,NA,NA
"DOCK",2025-12-23 20:45:00,NA,NA,NA
"DOCK",2025-12-23 21:00:00,NA,NA,NA
"DOCK",2025-12-23 21:15:00,NA,NA,NA
"DOCK",2025-12-23 21:30:00,NA,NA,NA
"DOCK",2025-12-23 21:45:00,NA,NA,NA
"DOCK",2025-12-23 22:00:00,NA,NA,NA
"DOCK",2025-12-23 22:15:00,NA,NA,NA
"DOCK",2025-12-23 22:30:00,NA,NA,NA
"DOCK",2025-12-23 22:45:00,NA,NA,NA
"DOCK",2025-12-23 23:00:00,NA,NA,NA
"DOCK",2025-12-23 23:15:00,NA,NA,NA
"DOCK",2025-12-23 23:30:00,NA,NA,NA
"DOCK",2025-12-23 23:45:00,NA,NA,NA
"DOCK",2025-12-24,NA,NA,NA
"DOCK",2025-12-24 00:15:00,NA,NA,NA
"DOCK",2025-12-24 00:30:00,NA,NA,NA
"DOCK",2025-12-24 00:45:00,NA,NA,NA
"DOCK",2025-12-24 01:00:00,NA,NA,NA
"DOCK",2025-12-24 01:15:00,NA,NA,NA
"DOCK",2025-12-24 01:30:00,NA,NA,NA
"DOCK",2025-12-24 01:45:00,NA,NA,NA
"DOCK",2025-12-24 02:00:00,NA,NA,NA
"DOCK",2025-12-24 02:15:00,NA,NA,NA
"DOCK",2025-12-24 02:30:00,NA,NA,NA
"DOCK",2025-12-24 02:45:00,NA,NA,NA
"DOCK",2025-12-24 03:00:00,NA,NA,NA
"DOCK",2025-12-24 03:15:00,NA,NA,NA
"DOCK",2025-12-24 03:30:00,NA,NA,NA
"DOCK",2025-12-24 03:45:00,NA,NA,NA
"DOCK",2025-12-24 04:00:00,NA,NA,NA
"DOCK",2025-12-24 04:15:00,NA,NA,NA
"DOCK",2025-12-24 04:30:00,NA,NA,NA
"DOCK",2025-12-24 04:45:00,NA,NA,NA
"DOCK",2025-12-24 05:00:00,NA,NA,NA
"DOCK",2025-12-24 05:15:00,NA,NA,NA
"DOCK",2025-12-24 05:30:00,NA,NA,NA
"DOCK",2025-12-24 05:45:00,NA,NA,NA
"DOCK",2025-12-24 06:00:00,NA,NA,NA
"DOCK",2025-12-24 06:15:00,NA,NA,NA
"DOCK",2025-12-24 06:30:00,NA,NA,NA
"DOCK",2025-12-24 06:45:00,NA,NA,NA
"DOCK",2025-12-24 07:00:00,NA,NA,NA
"DOCK",2025-12-24 07:15:00,NA,NA,NA
"DOCK",2025-12-24 07:30:00,NA,NA,NA
"DOCK",2025-12-24 07:45:00,NA,NA,NA
"DOCK",2025-12-24 08:00:00,NA,NA,NA
"DOCK",2025-12-24 08:15:00,NA,NA,NA
"DOCK",2025-12-24 08:30:00,NA,NA,NA
"DOCK",2025-12-24 08:45:00,NA,NA,NA
"DOCK",2025-12-24 09:00:00,NA,NA,NA
"DOCK",2025-12-24 09:15:00,NA,NA,NA
"DOCK",2025-12-24 09:30:00,NA,NA,NA
"DOCK",2025-12-24 09:45:00,NA,NA,NA
"DOCK",2025-12-24 10:00:00,NA,NA,NA
"DOCK",2025-12-24 10:15:00,NA,NA,NA
"DOCK",2025-12-24 10:30:00,NA,NA,NA
"DOCK",2025-12-24 10:45:00,NA,NA,NA
"DOCK",2025-12-24 11:00:00,NA,NA,NA
"DOCK",2025-12-24 11:15:00,NA,NA,NA
"DOCK",2025-12-24 11:30:00,NA,NA,NA
"DOCK",2025-12-24 11:45:00,NA,NA,NA
"DOCK",2025-12-24 12:00:00,NA,NA,NA
"DOCK",2025-12-24 12:15:00,NA,NA,NA
"DOCK",2025-12-24 12:30:00,NA,NA,NA
"DOCK",2025-12-24 12:45:00,NA,NA,NA
"DOCK",2025-12-24 13:00:00,NA,NA,NA
"DOCK",2025-12-24 13:15:00,NA,NA,NA
"DOCK",2025-12-24 13:30:00,NA,NA,NA
"DOCK",2025-12-24 13:45:00,NA,NA,NA
"DOCK",2025-12-24 14:00:00,NA,NA,NA
"DOCK",2025-12-24 14:15:00,NA,NA,NA
"DOCK",2025-12-24 14:30:00,NA,NA,NA
"DOCK",2025-12-24 14:45:00,NA,NA,NA
"DOCK",2025-12-24 15:00:00,NA,NA,NA
"DOCK",2025-12-24 15:15:00,NA,NA,NA
"DOCK",2025-12-24 15:30:00,NA,NA,NA
"DOCK",2025-12-24 15:45:00,NA,NA,NA
"DOCK",2025-12-24 16:00:00,NA,NA,NA
"DOCK",2025-12-24 16:15:00,NA,NA,NA
"DOCK",2025-12-24 16:30:00,NA,NA,NA
"DOCK",2025-12-24 16:45:00,NA,NA,NA
"DOCK",2025-12-24 17:00:00,NA,NA,NA
"DOCK",2025-12-24 17:15:00,NA,NA,NA
"DOCK",2025-12-24 17:30:00,NA,NA,NA
"DOCK",2025-12-24 17:45:00,NA,NA,NA
"DOCK",2025-12-24 18:00:00,NA,NA,NA
"DOCK",2025-12-24 18:15:00,NA,NA,NA
"DOCK",2025-12-24 18:30:00,NA,NA,NA
"DOCK",2025-12-24 18:45:00,NA,NA,NA
"DOCK",2025-12-24 19:00:00,NA,NA,NA
"DOCK",2025-12-24 19:15:00,NA,NA,NA
"DOCK",2025-12-24 19:30:00,NA,NA,NA
"DOCK",2025-12-24 19:45:00,NA,NA,NA
"DOCK",2025-12-24 20:00:00,NA,NA,NA
"DOCK",2025-12-24 20:15:00,NA,NA,NA
"DOCK",2025-12-24 20:30:00,NA,NA,NA
"DOCK",2025-12-24 20:45:00,NA,NA,NA
"DOCK",2025-12-24 21:00:00,NA,NA,NA
"DOCK",2025-12-24 21:15:00,NA,NA,NA
"DOCK",2025-12-24 21:30:00,NA,NA,NA
"DOCK",2025-12-24 21:45:00,NA,NA,NA
"DOCK",2025-12-24 22:00:00,NA,NA,NA
"DOCK",2025-12-24 22:15:00,NA,NA,NA
"DOCK",2025-12-24 22:30:00,NA,NA,NA
"DOCK",2025-12-24 22:45:00,NA,NA,NA
"DOCK",2025-12-24 23:00:00,NA,NA,NA
"DOCK",2025-12-24 23:15:00,NA,NA,NA
"DOCK",2025-12-24 23:30:00,NA,NA,NA
"DOCK",2025-12-24 23:45:00,NA,NA,NA
"DOCK",2025-12-25,NA,NA,NA
"DOCK",2025-12-25 00:15:00,NA,NA,NA
"DOCK",2025-12-25 00:30:00,NA,NA,NA
"DOCK",2025-12-25 00:45:00,NA,NA,NA
"DOCK",2025-12-25 01:00:00,NA,NA,NA
"DOCK",2025-12-25 01:15:00,NA,NA,NA
"DOCK",2025-12-25 01:30:00,NA,NA,NA
"DOCK",2025-12-25 01:45:00,NA,NA,NA
"DOCK",2025-12-25 02:00:00,NA,NA,NA
"DOCK",2025-12-25 02:15:00,NA,NA,NA
"DOCK",2025-12-25 02:30:00,NA,NA,NA
"DOCK",2025-12-25 02:45:00,NA,NA,NA
"DOCK",2025-12-25 03:00:00,NA,NA,NA
"DOCK",2025-12-25 03:15:00,NA,NA,NA
"DOCK",2025-12-25 03:30:00,NA,NA,NA
"DOCK",2025-12-25 03:45:00,NA,NA,NA
"DOCK",2025-12-25 04:00:00,NA,NA,NA
"DOCK",2025-12-25 04:15:00,NA,NA,NA
"DOCK",2025-12-25 04:30:00,NA,NA,NA
"DOCK",2025-12-25 04:45:00,NA,NA,NA
"DOCK",2025-12-25 05:00:00,NA,NA,NA
"DOCK",2025-12-25 05:15:00,NA,NA,NA
"DOCK",2025-12-25 05:30:00,NA,NA,NA
"DOCK",2025-12-25 05:45:00,NA,NA,NA
"DOCK",2025-12-25 06:00:00,NA,NA,NA
"DOCK",2025-12-25 06:15:00,NA,NA,NA
"DOCK",2025-12-25 06:30:00,NA,NA,NA
"DOCK",2025-12-25 06:45:00,NA,NA,NA
"DOCK",2025-12-25 07:00:00,NA,NA,NA
"DOCK",2025-12-25 07:15:00,NA,NA,NA
"DOCK",2025-12-25 07:30:00,NA,NA,NA
"DOCK",2025-12-25 07:45:00,NA,NA,NA
"DOCK",2025-12-25 08:00:00,NA,NA,NA
"DOCK",2025-12-25 08:15:00,NA,NA,NA
"DOCK",2025-12-25 08:30:00,NA,NA,NA
"DOCK",2025-12-25 08:45:00,NA,NA,NA
"DOCK",2025-12-25 09:00:00,NA,NA,NA
"DOCK",2025-12-25 09:15:00,NA,NA,NA
"DOCK",2025-12-25 09:30:00,NA,NA,NA
"DOCK",2025-12-25 09:45:00,NA,NA,NA
"DOCK",2025-12-25 10:00:00,NA,NA,NA
"DOCK",2025-12-25 10:15:00,NA,NA,NA
"DOCK",2025-12-25 10:30:00,NA,NA,NA
"DOCK",2025-12-25 10:45:00,NA,NA,NA
"DOCK",2025-12-25 11:00:00,NA,NA,NA
"DOCK",2025-12-25 11:15:00,NA,NA,NA
"DOCK",2025-12-25 11:30:00,NA,NA,NA
"DOCK",2025-12-25 11:45:00,NA,NA,NA
"DOCK",2025-12-25 12:00:00,NA,NA,NA
"DOCK",2025-12-25 12:15:00,NA,NA,NA
"DOCK",2025-12-25 12:30:00,NA,NA,NA
"DOCK",2025-12-25 12:45:00,NA,NA,NA
"DOCK",2025-12-25 13:00:00,NA,NA,NA
"DOCK",2025-12-25 13:15:00,NA,NA,NA
"DOCK",2025-12-25 13:30:00,NA,NA,NA
"DOCK",2025-12-25 13:45:00,NA,NA,NA
"DOCK",2025-12-25 14:00:00,NA,NA,NA
"DOCK",2025-12-25 14:15:00,NA,NA,NA
"DOCK",2025-12-25 14:30:00,NA,NA,NA
"DOCK",2025-12-25 14:45:00,NA,NA,NA
"DOCK",2025-12-25 15:00:00,NA,NA,NA
"DOCK",2025-12-25 15:15:00,NA,NA,NA
"DOCK",2025-12-25 15:30:00,NA,NA,NA
"DOCK",2025-12-25 15:45:00,NA,NA,NA
"DOCK",2025-12-25 16:00:00,NA,NA,NA
"DOCK",2025-12-25 16:15:00,NA,NA,NA
"DOCK",2025-12-25 16:30:00,NA,NA,NA
"DOCK",2025-12-25 16:45:00,NA,NA,NA
"DOCK",2025-12-25 17:00:00,NA,NA,NA
"DOCK",2025-12-25 17:15:00,NA,NA,NA
"DOCK",2025-12-25 17:30:00,NA,NA,NA
"DOCK",2025-12-25 17:45:00,NA,NA,NA
"DOCK",2025-12-25 18:00:00,NA,NA,NA
"DOCK",2025-12-25 18:15:00,NA,NA,NA
"DOCK",2025-12-25 18:30:00,NA,NA,NA
"DOCK",2025-12-25 18:45:00,NA,NA,NA
"DOCK",2025-12-25 19:00:00,NA,NA,NA
"DOCK",2025-12-25 19:15:00,NA,NA,NA
"DOCK",2025-12-25 19:30:00,NA,NA,NA
"DOCK",2025-12-25 19:45:00,NA,NA,NA
"DOCK",2025-12-25 20:00:00,NA,NA,NA
"DOCK",2025-12-25 20:15:00,NA,NA,NA
"DOCK",2025-12-25 20:30:00,NA,NA,NA
"DOCK",2025-12-25 20:45:00,NA,NA,NA
"DOCK",2025-12-25 21:00:00,NA,NA,NA
"DOCK",2025-12-25 21:15:00,NA,NA,NA
"DOCK",2025-12-25 21:30:00,NA,NA,NA
"DOCK",2025-12-25 21:45:00,NA,NA,NA
"DOCK",2025-12-25 22:00:00,NA,NA,NA
"DOCK",2025-12-25 22:15:00,NA,NA,NA
"DOCK",2025-12-25 22:30:00,NA,NA,NA
"DOCK",2025-12-25 22:45:00,NA,NA,NA
"DOCK",2025-12-25 23:00:00,NA,NA,NA
"DOCK",2025-12-25 23:15:00,NA,NA,NA
"DOCK",2025-12-25 23:30:00,NA,NA,NA
"DOCK",2025-12-25 23:45:00,NA,NA,NA
"DOCK",2025-12-26,NA,NA,NA
"DOCK",2025-12-26 00:15:00,NA,NA,NA
"DOCK",2025-12-26 00:30:00,NA,NA,NA
"DOCK",2025-12-26 00:45:00,NA,NA,NA
"DOCK",2025-12-26 01:00:00,NA,NA,NA
"DOCK",2025-12-26 01:15:00,NA,NA,NA
"DOCK",2025-12-26 01:30:00,NA,NA,NA
"DOCK",2025-12-26 01:45:00,NA,NA,NA
"DOCK",2025-12-26 02:00:00,NA,NA,NA
"DOCK",2025-12-26 02:15:00,NA,NA,NA
"DOCK",2025-12-26 02:30:00,NA,NA,NA
"DOCK",2025-12-26 02:45:00,NA,NA,NA
"DOCK",2025-12-26 03:00:00,NA,NA,NA
"DOCK",2025-12-26 03:15:00,NA,NA,NA
"DOCK",2025-12-26 03:30:00,NA,NA,NA
"DOCK",2025-12-26 03:45:00,NA,NA,NA
"DOCK",2025-12-26 04:00:00,NA,NA,NA
"DOCK",2025-12-26 04:15:00,NA,NA,NA
"DOCK",2025-12-26 04:30:00,NA,NA,NA
"DOCK",2025-12-26 04:45:00,NA,NA,NA
"DOCK",2025-12-26 05:00:00,NA,NA,NA
"DOCK",2025-12-26 05:15:00,NA,NA,NA
"DOCK",2025-12-26 05:30:00,NA,NA,NA
"DOCK",2025-12-26 05:45:00,NA,NA,NA
"DOCK",2025-12-26 06:00:00,NA,NA,NA
"DOCK",2025-12-26 06:15:00,NA,NA,NA
"DOCK",2025-12-26 06:30:00,NA,NA,NA
"DOCK",2025-12-26 06:45:00,NA,NA,NA
"DOCK",2025-12-26 07:00:00,NA,NA,NA
"DOCK",2025-12-26 07:15:00,NA,NA,NA
"DOCK",2025-12-26 07:30:00,NA,NA,NA
"DOCK",2025-12-26 07:45:00,NA,NA,NA
"DOCK",2025-12-26 08:00:00,NA,NA,NA
"DOCK",2025-12-26 08:15:00,NA,NA,NA
"DOCK",2025-12-26 08:30:00,NA,NA,NA
"DOCK",2025-12-26 08:45:00,NA,NA,NA
"DOCK",2025-12-26 09:00:00,NA,NA,NA
"DOCK",2025-12-26 09:15:00,NA,NA,NA
"DOCK",2025-12-26 09:30:00,NA,NA,NA
"DOCK",2025-12-26 09:45:00,NA,NA,NA
"DOCK",2025-12-26 10:00:00,NA,NA,NA
"DOCK",2025-12-26 10:15:00,NA,NA,NA
"DOCK",2025-12-26 10:30:00,NA,NA,NA
"DOCK",2025-12-26 10:45:00,NA,NA,NA
"DOCK",2025-12-26 11:00:00,NA,NA,NA
"DOCK",2025-12-26 11:15:00,NA,NA,NA
"DOCK",2025-12-26 11:30:00,NA,NA,NA
"DOCK",2025-12-26 11:45:00,NA,NA,NA
"DOCK",2025-12-26 12:00:00,NA,NA,NA
"DOCK",2025-12-26 12:15:00,NA,NA,NA
"DOCK",2025-12-26 12:30:00,NA,NA,NA
"DOCK",2025-12-26 12:45:00,NA,NA,NA
"DOCK",2025-12-26 13:00:00,NA,NA,NA
"DOCK",2025-12-26 13:15:00,NA,NA,NA
"DOCK",2025-12-26 13:30:00,NA,NA,NA
"DOCK",2025-12-26 13:45:00,NA,NA,NA
"DOCK",2025-12-26 14:00:00,NA,NA,NA
"DOCK",2025-12-26 14:15:00,NA,NA,NA
"DOCK",2025-12-26 14:30:00,NA,NA,NA
"DOCK",2025-12-26 14:45:00,NA,NA,NA
"DOCK",2025-12-26 15:00:00,NA,NA,NA
"DOCK",2025-12-26 15:15:00,NA,NA,NA
"DOCK",2025-12-26 15:30:00,NA,NA,NA
"DOCK",2025-12-26 15:45:00,NA,NA,NA
"DOCK",2025-12-26 16:00:00,NA,NA,NA
"DOCK",2025-12-26 16:15:00,NA,NA,NA
"DOCK",2025-12-26 16:30:00,NA,NA,NA
"DOCK",2025-12-26 16:45:00,NA,NA,NA
"DOCK",2025-12-26 17:00:00,NA,NA,NA
"DOCK",2025-12-26 17:15:00,NA,NA,NA
"DOCK",2025-12-26 17:30:00,NA,NA,NA
"DOCK",2025-12-26 17:45:00,NA,NA,NA
"DOCK",2025-12-26 18:00:00,NA,NA,NA
"DOCK",2025-12-26 18:15:00,NA,NA,NA
"DOCK",2025-12-26 18:30:00,NA,NA,NA
"DOCK",2025-12-26 18:45:00,NA,NA,NA
"DOCK",2025-12-26 19:00:00,NA,NA,NA
"DOCK",2025-12-26 19:15:00,NA,NA,NA
"DOCK",2025-12-26 19:30:00,NA,NA,NA
"DOCK",2025-12-26 19:45:00,NA,NA,NA
"DOCK",2025-12-26 20:00:00,NA,NA,NA
"DOCK",2025-12-26 20:15:00,NA,NA,NA
"DOCK",2025-12-26 20:30:00,NA,NA,NA
"DOCK",2025-12-26 20:45:00,NA,NA,NA
"DOCK",2025-12-26 21:00:00,NA,NA,NA
"DOCK",2025-12-26 21:15:00,NA,NA,NA
"DOCK",2025-12-26 21:30:00,NA,NA,NA
"DOCK",2025-12-26 21:45:00,NA,NA,NA
"DOCK",2025-12-26 22:00:00,NA,NA,NA
"DOCK",2025-12-26 22:15:00,NA,NA,NA
"DOCK",2025-12-26 22:30:00,NA,NA,NA
"DOCK",2025-12-26 22:45:00,NA,NA,NA
"DOCK",2025-12-26 23:00:00,NA,NA,NA
"DOCK",2025-12-26 23:15:00,NA,NA,NA
"DOCK",2025-12-26 23:30:00,NA,NA,NA
"DOCK",2025-12-26 23:45:00,NA,NA,NA
"DOCK",2025-12-27,NA,NA,NA
"DOCK",2025-12-27 00:15:00,NA,NA,NA
"DOCK",2025-12-27 00:30:00,NA,NA,NA
"DOCK",2025-12-27 00:45:00,NA,NA,NA
"DOCK",2025-12-27 01:00:00,NA,NA,NA
"DOCK",2025-12-27 01:15:00,NA,NA,NA
"DOCK",2025-12-27 01:30:00,NA,NA,NA
"DOCK",2025-12-27 01:45:00,NA,NA,NA
"DOCK",2025-12-27 02:00:00,NA,NA,NA
"DOCK",2025-12-27 02:15:00,NA,NA,NA
"DOCK",2025-12-27 02:30:00,NA,NA,NA
"DOCK",2025-12-27 02:45:00,NA,NA,NA
"DOCK",2025-12-27 03:00:00,NA,NA,NA
"DOCK",2025-12-27 03:15:00,NA,NA,NA
"DOCK",2025-12-27 03:30:00,NA,NA,NA
"DOCK",2025-12-27 03:45:00,NA,NA,NA
"DOCK",2025-12-27 04:00:00,NA,NA,NA
"DOCK",2025-12-27 04:15:00,NA,NA,NA
"DOCK",2025-12-27 04:30:00,NA,NA,NA
"DOCK",2025-12-27 04:45:00,NA,NA,NA
"DOCK",2025-12-27 05:00:00,NA,NA,NA
"DOCK",2025-12-27 05:15:00,NA,NA,NA
"DOCK",2025-12-27 05:30:00,NA,NA,NA
"DOCK",2025-12-27 05:45:00,NA,NA,NA
"DOCK",2025-12-27 06:00:00,NA,NA,NA
"DOCK",2025-12-27 06:15:00,NA,NA,NA
"DOCK",2025-12-27 06:30:00,NA,NA,NA
"DOCK",2025-12-27 06:45:00,NA,NA,NA
"DOCK",2025-12-27 07:00:00,NA,NA,NA
"DOCK",2025-12-27 07:15:00,NA,NA,NA
"DOCK",2025-12-27 07:30:00,NA,NA,NA
"DOCK",2025-12-27 07:45:00,NA,NA,NA
"DOCK",2025-12-27 08:00:00,NA,NA,NA
"DOCK",2025-12-27 08:15:00,NA,NA,NA
"DOCK",2025-12-27 08:30:00,NA,NA,NA
"DOCK",2025-12-27 08:45:00,NA,NA,NA
"DOCK",2025-12-27 09:00:00,NA,NA,NA
"DOCK",2025-12-27 09:15:00,NA,NA,NA
"DOCK",2025-12-27 09:30:00,NA,NA,NA
"DOCK",2025-12-27 09:45:00,NA,NA,NA
"DOCK",2025-12-27 10:00:00,NA,NA,NA
"DOCK",2025-12-27 10:15:00,NA,NA,NA
"DOCK",2025-12-27 10:30:00,NA,NA,NA
"DOCK",2025-12-27 10:45:00,NA,NA,NA
"DOCK",2025-12-27 11:00:00,NA,NA,NA
"DOCK",2025-12-27 11:15:00,NA,NA,NA
"DOCK",2025-12-27 11:30:00,NA,NA,NA
"DOCK",2025-12-27 11:45:00,NA,NA,NA
"DOCK",2025-12-27 12:00:00,NA,NA,NA
"DOCK",2025-12-27 12:15:00,NA,NA,NA
"DOCK",2025-12-27 12:30:00,NA,NA,NA
"DOCK",2025-12-27 12:45:00,NA,NA,NA
"DOCK",2025-12-27 13:00:00,NA,NA,NA
"DOCK",2025-12-27 13:15:00,NA,NA,NA
"DOCK",2025-12-27 13:30:00,NA,NA,NA
"DOCK",2025-12-27 13:45:00,NA,NA,NA
"DOCK",2025-12-27 14:00:00,NA,NA,NA
"DOCK",2025-12-27 14:15:00,NA,NA,NA
"DOCK",2025-12-27 14:30:00,NA,NA,NA
"DOCK",2025-12-27 14:45:00,NA,NA,NA
"DOCK",2025-12-27 15:00:00,NA,NA,NA
"DOCK",2025-12-27 15:15:00,NA,NA,NA
"DOCK",2025-12-27 15:30:00,NA,NA,NA
"DOCK",2025-12-27 15:45:00,NA,NA,NA
"DOCK",2025-12-27 16:00:00,NA,NA,NA
"DOCK",2025-12-27 16:15:00,NA,NA,NA
"DOCK",2025-12-27 16:30:00,NA,NA,NA
"DOCK",2025-12-27 16:45:00,NA,NA,NA
"DOCK",2025-12-27 17:00:00,NA,NA,NA
"DOCK",2025-12-27 17:15:00,NA,NA,NA
"DOCK",2025-12-27 17:30:00,NA,NA,NA
"DOCK",2025-12-27 17:45:00,NA,NA,NA
"DOCK",2025-12-27 18:00:00,NA,NA,NA
"DOCK",2025-12-27 18:15:00,NA,NA,NA
"DOCK",2025-12-27 18:30:00,NA,NA,NA
"DOCK",2025-12-27 18:45:00,NA,NA,NA
"DOCK",2025-12-27 19:00:00,NA,NA,NA
"DOCK",2025-12-27 19:15:00,NA,NA,NA
"DOCK",2025-12-27 19:30:00,NA,NA,NA
"DOCK",2025-12-27 19:45:00,NA,NA,NA
"DOCK",2025-12-27 20:00:00,NA,NA,NA
"DOCK",2025-12-27 20:15:00,NA,NA,NA
"DOCK",2025-12-27 20:30:00,NA,NA,NA
"DOCK",2025-12-27 20:45:00,NA,NA,NA
"DOCK",2025-12-27 21:00:00,NA,NA,NA
"DOCK",2025-12-27 21:15:00,NA,NA,NA
"DOCK",2025-12-27 21:30:00,NA,NA,NA
"DOCK",2025-12-27 21:45:00,NA,NA,NA
"DOCK",2025-12-27 22:00:00,NA,NA,NA
"DOCK",2025-12-27 22:15:00,NA,NA,NA
"DOCK",2025-12-27 22:30:00,NA,NA,NA
"DOCK",2025-12-27 22:45:00,NA,NA,NA
"DOCK",2025-12-27 23:00:00,NA,NA,NA
"DOCK",2025-12-27 23:15:00,NA,NA,NA
"DOCK",2025-12-27 23:30:00,NA,NA,NA
"DOCK",2025-12-27 23:45:00,NA,NA,NA
"DOCK",2025-12-28,NA,NA,NA
"DOCK",2025-12-28 00:15:00,NA,NA,NA
"DOCK",2025-12-28 00:30:00,NA,NA,NA
"DOCK",2025-12-28 00:45:00,NA,NA,NA
"DOCK",2025-12-28 01:00:00,NA,NA,NA
"DOCK",2025-12-28 01:15:00,NA,NA,NA
"DOCK",2025-12-28 01:30:00,NA,NA,NA
"DOCK",2025-12-28 01:45:00,NA,NA,NA
"DOCK",2025-12-28 02:00:00,NA,NA,NA
"DOCK",2025-12-28 02:15:00,NA,NA,NA
"DOCK",2025-12-28 02:30:00,NA,NA,NA
"DOCK",2025-12-28 02:45:00,NA,NA,NA
"DOCK",2025-12-28 03:00:00,NA,NA,NA
"DOCK",2025-12-28 03:15:00,NA,NA,NA
"DOCK",2025-12-28 03:30:00,NA,NA,NA
"DOCK",2025-12-28 03:45:00,NA,NA,NA
"DOCK",2025-12-28 04:00:00,NA,NA,NA
"DOCK",2025-12-28 04:15:00,NA,NA,NA
"DOCK",2025-12-28 04:30:00,NA,NA,NA
"DOCK",2025-12-28 04:45:00,NA,NA,NA
"DOCK",2025-12-28 05:00:00,NA,NA,NA
"DOCK",2025-12-28 05:15:00,NA,NA,NA
"DOCK",2025-12-28 05:30:00,NA,NA,NA
"DOCK",2025-12-28 05:45:00,NA,NA,NA
"DOCK",2025-12-28 06:00:00,NA,NA,NA
"DOCK",2025-12-28 06:15:00,NA,NA,NA
"DOCK",2025-12-28 06:30:00,NA,NA,NA
"DOCK",2025-12-28 06:45:00,NA,NA,NA
"DOCK",2025-12-28 07:00:00,NA,NA,NA
"DOCK",2025-12-28 07:15:00,NA,NA,NA
"DOCK",2025-12-28 07:30:00,NA,NA,NA
"DOCK",2025-12-28 07:45:00,NA,NA,NA
"DOCK",2025-12-28 08:00:00,NA,NA,NA
"DOCK",2025-12-28 08:15:00,NA,NA,NA
"DOCK",2025-12-28 08:30:00,NA,NA,NA
"DOCK",2025-12-28 08:45:00,NA,NA,NA
"DOCK",2025-12-28 09:00:00,NA,NA,NA
"DOCK",2025-12-28 09:15:00,NA,NA,NA
"DOCK",2025-12-28 09:30:00,NA,NA,NA
"DOCK",2025-12-28 09:45:00,NA,NA,NA
"DOCK",2025-12-28 10:00:00,NA,NA,NA
"DOCK",2025-12-28 10:15:00,NA,NA,NA
"DOCK",2025-12-28 10:30:00,NA,NA,NA
"DOCK",2025-12-28 10:45:00,NA,NA,NA
"DOCK",2025-12-28 11:00:00,NA,NA,NA
"DOCK",2025-12-28 11:15:00,NA,NA,NA
"DOCK",2025-12-28 11:30:00,NA,NA,NA
"DOCK",2025-12-28 11:45:00,NA,NA,NA
"DOCK",2025-12-28 12:00:00,NA,NA,NA
"DOCK",2025-12-28 12:15:00,NA,NA,NA
"DOCK",2025-12-28 12:30:00,NA,NA,NA
"DOCK",2025-12-28 12:45:00,NA,NA,NA
"DOCK",2025-12-28 13:00:00,NA,NA,NA
"DOCK",2025-12-28 13:15:00,NA,NA,NA
"DOCK",2025-12-28 13:30:00,NA,NA,NA
"DOCK",2025-12-28 13:45:00,NA,NA,NA
"DOCK",2025-12-28 14:00:00,NA,NA,NA
"DOCK",2025-12-28 14:15:00,NA,NA,NA
"DOCK",2025-12-28 14:30:00,NA,NA,NA
"DOCK",2025-12-28 14:45:00,NA,NA,NA
"DOCK",2025-12-28 15:00:00,NA,NA,NA
"DOCK",2025-12-28 15:15:00,NA,NA,NA
"DOCK",2025-12-28 15:30:00,NA,NA,NA
"DOCK",2025-12-28 15:45:00,NA,NA,NA
"DOCK",2025-12-28 16:00:00,NA,NA,NA
"DOCK",2025-12-28 16:15:00,NA,NA,NA
"DOCK",2025-12-28 16:30:00,NA,NA,NA
"DOCK",2025-12-28 16:45:00,NA,NA,NA
"DOCK",2025-12-28 17:00:00,NA,NA,NA
"DOCK",2025-12-28 17:15:00,NA,NA,NA
"DOCK",2025-12-28 17:30:00,NA,NA,NA
"DOCK",2025-12-28 17:45:00,NA,NA,NA
"DOCK",2025-12-28 18:00:00,NA,NA,NA
"DOCK",2025-12-28 18:15:00,NA,NA,NA
"DOCK",2025-12-28 18:30:00,NA,NA,NA
"DOCK",2025-12-28 18:45:00,NA,NA,NA
"DOCK",2025-12-28 19:00:00,NA,NA,NA
"DOCK",2025-12-28 19:15:00,NA,NA,NA
"DOCK",2025-12-28 19:30:00,NA,NA,NA
"DOCK",2025-12-28 19:45:00,NA,NA,NA
"DOCK",2025-12-28 20:00:00,NA,NA,NA
"DOCK",2025-12-28 20:15:00,NA,NA,NA
"DOCK",2025-12-28 20:30:00,NA,NA,NA
"DOCK",2025-12-28 20:45:00,NA,NA,NA
"DOCK",2025-12-28 21:00:00,NA,NA,NA
"DOCK",2025-12-28 21:15:00,NA,NA,NA
"DOCK",2025-12-28 21:30:00,NA,NA,NA
"DOCK",2025-12-28 21:45:00,NA,NA,NA
"DOCK",2025-12-28 22:00:00,NA,NA,NA
"DOCK",2025-12-28 22:15:00,NA,NA,NA
"DOCK",2025-12-28 22:30:00,NA,NA,NA
"DOCK",2025-12-28 22:45:00,NA,NA,NA
"DOCK",2025-12-28 23:00:00,NA,NA,NA
"DOCK",2025-12-28 23:15:00,NA,NA,NA
"DOCK",2025-12-28 23:30:00,NA,NA,NA
"DOCK",2025-12-28 23:45:00,NA,NA,NA
"DOCK",2025-12-29,NA,NA,NA
"DOCK",2025-12-29 00:15:00,NA,NA,NA
"DOCK",2025-12-29 00:30:00,NA,NA,NA
"DOCK",2025-12-29 00:45:00,NA,NA,NA
"DOCK",2025-12-29 01:00:00,NA,NA,NA
"DOCK",2025-12-29 01:15:00,NA,NA,NA
"DOCK",2025-12-29 01:30:00,NA,NA,NA
"DOCK",2025-12-29 01:45:00,NA,NA,NA
"DOCK",2025-12-29 02:00:00,NA,NA,NA
"DOCK",2025-12-29 02:15:00,NA,NA,NA
"DOCK",2025-12-29 02:30:00,NA,NA,NA
"DOCK",2025-12-29 02:45:00,NA,NA,NA
"DOCK",2025-12-29 03:00:00,NA,NA,NA
"DOCK",2025-12-29 03:15:00,NA,NA,NA
"DOCK",2025-12-29 03:30:00,NA,NA,NA
"DOCK",2025-12-29 03:45:00,NA,NA,NA
"DOCK",2025-12-29 04:00:00,NA,NA,NA
"DOCK",2025-12-29 04:15:00,NA,NA,NA
"DOCK",2025-12-29 04:30:00,NA,NA,NA
"DOCK",2025-12-29 04:45:00,NA,NA,NA
"DOCK",2025-12-29 05:00:00,NA,NA,NA
"DOCK",2025-12-29 05:15:00,NA,NA,NA
"DOCK",2025-12-29 05:30:00,NA,NA,NA
"DOCK",2025-12-29 05:45:00,NA,NA,NA
"DOCK",2025-12-29 06:00:00,NA,NA,NA
"DOCK",2025-12-29 06:15:00,NA,NA,NA
"DOCK",2025-12-29 06:30:00,NA,NA,NA
"DOCK",2025-12-29 06:45:00,NA,NA,NA
"DOCK",2025-12-29 07:00:00,NA,NA,NA
"DOCK",2025-12-29 07:15:00,NA,NA,NA
"DOCK",2025-12-29 07:30:00,NA,NA,NA
"DOCK",2025-12-29 07:45:00,NA,NA,NA
"DOCK",2025-12-29 08:00:00,NA,NA,NA
"DOCK",2025-12-29 08:15:00,NA,NA,NA
"DOCK",2025-12-29 08:30:00,NA,NA,NA
"DOCK",2025-12-29 08:45:00,NA,NA,NA
"DOCK",2025-12-29 09:00:00,NA,NA,NA
"DOCK",2025-12-29 09:15:00,NA,NA,NA
"DOCK",2025-12-29 09:30:00,NA,NA,NA
"DOCK",2025-12-29 09:45:00,NA,NA,NA
"DOCK",2025-12-29 10:00:00,NA,NA,NA
"DOCK",2025-12-29 10:15:00,NA,NA,NA
"DOCK",2025-12-29 10:30:00,NA,NA,NA
"DOCK",2025-12-29 10:45:00,NA,NA,NA
"DOCK",2025-12-29 11:00:00,NA,NA,NA
"DOCK",2025-12-29 11:15:00,NA,NA,NA
"DOCK",2025-12-29 11:30:00,NA,NA,NA
"DOCK",2025-12-29 11:45:00,NA,NA,NA
"DOCK",2025-12-29 12:00:00,NA,NA,NA
"DOCK",2025-12-29 12:15:00,NA,NA,NA
"DOCK",2025-12-29 12:30:00,NA,NA,NA
"DOCK",2025-12-29 12:45:00,NA,NA,NA
"DOCK",2025-12-29 13:00:00,NA,NA,NA
"DOCK",2025-12-29 13:15:00,NA,NA,NA
"DOCK",2025-12-29 13:30:00,NA,NA,NA
"DOCK",2025-12-29 13:45:00,NA,NA,NA
"DOCK",2025-12-29 14:00:00,NA,NA,NA
"DOCK",2025-12-29 14:15:00,NA,NA,NA
"DOCK",2025-12-29 14:30:00,NA,NA,NA
"DOCK",2025-12-29 14:45:00,NA,NA,NA
"DOCK",2025-12-29 15:00:00,NA,NA,NA
"DOCK",2025-12-29 15:15:00,NA,NA,NA
"DOCK",2025-12-29 15:30:00,NA,NA,NA
"DOCK",2025-12-29 15:45:00,NA,NA,NA
"DOCK",2025-12-29 16:00:00,NA,NA,NA
"DOCK",2025-12-29 16:15:00,NA,NA,NA
"DOCK",2025-12-29 16:30:00,NA,NA,NA
"DOCK",2025-12-29 16:45:00,NA,NA,NA
"DOCK",2025-12-29 17:00:00,NA,NA,NA
"DOCK",2025-12-29 17:15:00,NA,NA,NA
"DOCK",2025-12-29 17:30:00,NA,NA,NA
"DOCK",2025-12-29 17:45:00,NA,NA,NA
"DOCK",2025-12-29 18:00:00,NA,NA,NA
"DOCK",2025-12-29 18:15:00,NA,NA,NA
"DOCK",2025-12-29 18:30:00,NA,NA,NA
"DOCK",2025-12-29 18:45:00,NA,NA,NA
"DOCK",2025-12-29 19:00:00,NA,NA,NA
"DOCK",2025-12-29 19:15:00,NA,NA,NA
"DOCK",2025-12-29 19:30:00,NA,NA,NA
"DOCK",2025-12-29 19:45:00,NA,NA,NA
"DOCK",2025-12-29 20:00:00,NA,NA,NA
"DOCK",2025-12-29 20:15:00,NA,NA,NA
"DOCK",2025-12-29 20:30:00,NA,NA,NA
"DOCK",2025-12-29 20:45:00,NA,NA,NA
"DOCK",2025-12-29 21:00:00,NA,NA,NA
"DOCK",2025-12-29 21:15:00,NA,NA,NA
"DOCK",2025-12-29 21:30:00,NA,NA,NA
"DOCK",2025-12-29 21:45:00,NA,NA,NA
"DOCK",2025-12-29 22:00:00,NA,NA,NA
"DOCK",2025-12-29 22:15:00,NA,NA,NA
"DOCK",2025-12-29 22:30:00,NA,NA,NA
"DOCK",2025-12-29 22:45:00,NA,NA,NA
"DOCK",2025-12-29 23:00:00,NA,NA,NA
"DOCK",2025-12-29 23:15:00,NA,NA,NA
"DOCK",2025-12-29 23:30:00,NA,NA,NA
"DOCK",2025-12-29 23:45:00,NA,NA,NA
"DOCK",2025-12-30,NA,NA,NA
"DOCK",2025-12-30 00:15:00,NA,NA,NA
"DOCK",2025-12-30 00:30:00,NA,NA,NA
"DOCK",2025-12-30 00:45:00,NA,NA,NA
"DOCK",2025-12-30 01:00:00,NA,NA,NA
"DOCK",2025-12-30 01:15:00,NA,NA,NA
"DOCK",2025-12-30 01:30:00,NA,NA,NA
"DOCK",2025-12-30 01:45:00,NA,NA,NA
"DOCK",2025-12-30 02:00:00,NA,NA,NA
"DOCK",2025-12-30 02:15:00,NA,NA,NA
"DOCK",2025-12-30 02:30:00,NA,NA,NA
"DOCK",2025-12-30 02:45:00,NA,NA,NA
"DOCK",2025-12-30 03:00:00,NA,NA,NA
"DOCK",2025-12-30 03:15:00,NA,NA,NA
"DOCK",2025-12-30 03:30:00,NA,NA,NA
"DOCK",2025-12-30 03:45:00,NA,NA,NA
"DOCK",2025-12-30 04:00:00,NA,NA,NA
"DOCK",2025-12-30 04:15:00,NA,NA,NA
"DOCK",2025-12-30 04:30:00,NA,NA,NA
"DOCK",2025-12-30 04:45:00,NA,NA,NA
"DOCK",2025-12-30 05:00:00,NA,NA,NA
"DOCK",2025-12-30 05:15:00,NA,NA,NA
"DOCK",2025-12-30 05:30:00,NA,NA,NA
"DOCK",2025-12-30 05:45:00,NA,NA,NA
"DOCK",2025-12-30 06:00:00,NA,NA,NA
"DOCK",2025-12-30 06:15:00,NA,NA,NA
"DOCK",2025-12-30 06:30:00,NA,NA,NA
"DOCK",2025-12-30 06:45:00,NA,NA,NA
"DOCK",2025-12-30 07:00:00,NA,NA,NA
"DOCK",2025-12-30 07:15:00,NA,NA,NA
"DOCK",2025-12-30 07:30:00,NA,NA,NA
"DOCK",2025-12-30 07:45:00,NA,NA,NA
"DOCK",2025-12-30 08:00:00,NA,NA,NA
"DOCK",2025-12-30 08:15:00,NA,NA,NA
"DOCK",2025-12-30 08:30:00,NA,NA,NA
"DOCK",2025-12-30 08:45:00,NA,NA,NA
"DOCK",2025-12-30 09:00:00,NA,NA,NA
"DOCK",2025-12-30 09:15:00,NA,NA,NA
"DOCK",2025-12-30 09:30:00,NA,NA,NA
"DOCK",2025-12-30 09:45:00,NA,NA,NA
"DOCK",2025-12-30 10:00:00,NA,NA,NA
"DOCK",2025-12-30 10:15:00,NA,NA,NA
"DOCK",2025-12-30 10:30:00,NA,NA,NA
"DOCK",2025-12-30 10:45:00,NA,NA,NA
"DOCK",2025-12-30 11:00:00,NA,NA,NA
"DOCK",2025-12-30 11:15:00,NA,NA,NA
"DOCK",2025-12-30 11:30:00,NA,NA,NA
"DOCK",2025-12-30 11:45:00,NA,NA,NA
"DOCK",2025-12-30 12:00:00,NA,NA,NA
"DOCK",2025-12-30 12:15:00,NA,NA,NA
"DOCK",2025-12-30 12:30:00,NA,NA,NA
"DOCK",2025-12-30 12:45:00,NA,NA,NA
"DOCK",2025-12-30 13:00:00,NA,NA,NA
"DOCK",2025-12-30 13:15:00,NA,NA,NA
"DOCK",2025-12-30 13:30:00,NA,NA,NA
"DOCK",2025-12-30 13:45:00,NA,NA,NA
"DOCK",2025-12-30 14:00:00,NA,NA,NA
"DOCK",2025-12-30 14:15:00,NA,NA,NA
"DOCK",2025-12-30 14:30:00,NA,NA,NA
"DOCK",2025-12-30 14:45:00,NA,NA,NA
"DOCK",2025-12-30 15:00:00,NA,NA,NA
"DOCK",2025-12-30 15:15:00,NA,NA,NA
"DOCK",2025-12-30 15:30:00,NA,NA,NA
"DOCK",2025-12-30 15:45:00,NA,NA,NA
"DOCK",2025-12-30 16:00:00,NA,NA,NA
"DOCK",2025-12-30 16:15:00,NA,NA,NA
"DOCK",2025-12-30 16:30:00,NA,NA,NA
"DOCK",2025-12-30 16:45:00,NA,NA,NA
"DOCK",2025-12-30 17:00:00,NA,NA,NA
"DOCK",2025-12-30 17:15:00,NA,NA,NA
"DOCK",2025-12-30 17:30:00,NA,NA,NA
"DOCK",2025-12-30 17:45:00,NA,NA,NA
"DOCK",2025-12-30 18:00:00,NA,NA,NA
"DOCK",2025-12-30 18:15:00,NA,NA,NA
"DOCK",2025-12-30 18:30:00,NA,NA,NA
"DOCK",2025-12-30 18:45:00,NA,NA,NA
"DOCK",2025-12-30 19:00:00,NA,NA,NA
"DOCK",2025-12-30 19:15:00,NA,NA,NA
"DOCK",2025-12-30 19:30:00,NA,NA,NA
"DOCK",2025-12-30 19:45:00,NA,NA,NA
"DOCK",2025-12-30 20:00:00,NA,NA,NA
"DOCK",2025-12-30 20:15:00,NA,NA,NA
"DOCK",2025-12-30 20:30:00,NA,NA,NA
"DOCK",2025-12-30 20:45:00,NA,NA,NA
"DOCK",2025-12-30 21:00:00,NA,NA,NA
"DOCK",2025-12-30 21:15:00,NA,NA,NA
"DOCK",2025-12-30 21:30:00,NA,NA,NA
"DOCK",2025-12-30 21:45:00,NA,NA,NA
"DOCK",2025-12-30 22:00:00,NA,NA,NA
"DOCK",2025-12-30 22:15:00,NA,NA,NA
"DOCK",2025-12-30 22:30:00,NA,NA,NA
"DOCK",2025-12-30 22:45:00,NA,NA,NA
"DOCK",2025-12-30 23:00:00,NA,NA,NA
"DOCK",2025-12-30 23:15:00,NA,NA,NA
"DOCK",2025-12-30 23:30:00,NA,NA,NA
"DOCK",2025-12-30 23:45:00,NA,NA,NA
"DOCK",2025-12-31,NA,NA,NA
"DOCK",2025-12-31 00:15:00,NA,NA,NA
"DOCK",2025-12-31 00:30:00,NA,NA,NA
"DOCK",2025-12-31 00:45:00,NA,NA,NA
"DOCK",2025-12-31 01:00:00,NA,NA,NA
"DOCK",2025-12-31 01:15:00,NA,NA,NA
"DOCK",2025-12-31 01:30:00,NA,NA,NA
"DOCK",2025-12-31 01:45:00,NA,NA,NA
"DOCK",2025-12-31 02:00:00,NA,NA,NA
"DOCK",2025-12-31 02:15:00,NA,NA,NA
"DOCK",2025-12-31 02:30:00,NA,NA,NA
"DOCK",2025-12-31 02:45:00,NA,NA,NA
"DOCK",2025-12-31 03:00:00,NA,NA,NA
"DOCK",2025-12-31 03:15:00,NA,NA,NA
"DOCK",2025-12-31 03:30:00,NA,NA,NA
"DOCK",2025-12-31 03:45:00,NA,NA,NA
"DOCK",2025-12-31 04:00:00,NA,NA,NA
"DOCK",2025-12-31 04:15:00,NA,NA,NA
"DOCK",2025-12-31 04:30:00,NA,NA,NA
"DOCK",2025-12-31 04:45:00,NA,NA,NA
"DOCK",2025-12-31 05:00:00,NA,NA,NA
"DOCK",2025-12-31 05:15:00,NA,NA,NA
"DOCK",2025-12-31 05:30:00,NA,NA,NA
"DOCK",2025-12-31 05:45:00,NA,NA,NA
"DOCK",2025-12-31 06:00:00,NA,NA,NA
"DOCK",2025-12-31 06:15:00,NA,NA,NA
"DOCK",2025-12-31 06:30:00,NA,NA,NA
"DOCK",2025-12-31 06:45:00,NA,NA,NA
"DOCK",2025-12-31 07:00:00,NA,NA,NA
"DOCK",2025-12-31 07:15:00,NA,NA,NA
"DOCK",2025-12-31 07:30:00,NA,NA,NA
"DOCK",2025-12-31 07:45:00,NA,NA,NA
"DOCK",2025-12-31 08:00:00,NA,NA,NA
"DOCK",2025-12-31 08:15:00,NA,NA,NA
"DOCK",2025-12-31 08:30:00,NA,NA,NA
"DOCK",2025-12-31 08:45:00,NA,NA,NA
"DOCK",2025-12-31 09:00:00,NA,NA,NA
"DOCK",2025-12-31 09:15:00,NA,NA,NA
"DOCK",2025-12-31 09:30:00,NA,NA,NA
"DOCK",2025-12-31 09:45:00,NA,NA,NA
"DOCK",2025-12-31 10:00:00,NA,NA,NA
"DOCK",2025-12-31 10:15:00,NA,NA,NA
"DOCK",2025-12-31 10:30:00,NA,NA,NA
"DOCK",2025-12-31 10:45:00,NA,NA,NA
"DOCK",2025-12-31 11:00:00,NA,NA,NA
"DOCK",2025-12-31 11:15:00,NA,NA,NA
"DOCK",2025-12-31 11:30:00,NA,NA,NA
"DOCK",2025-12-31 11:45:00,NA,NA,NA
"DOCK",2025-12-31 12:00:00,NA,NA,NA
"DOCK",2025-12-31 12:15:00,NA,NA,NA
"DOCK",2025-12-31 12:30:00,NA,NA,NA
"DOCK",2025-12-31 12:45:00,NA,NA,NA
"DOCK",2025-12-31 13:00:00,NA,NA,NA
"DOCK",2025-12-31 13:15:00,NA,NA,NA
"DOCK",2025-12-31 13:30:00,NA,NA,NA
"DOCK",2025-12-31 13:45:00,NA,NA,NA
"DOCK",2025-12-31 14:00:00,NA,NA,NA
"DOCK",2025-12-31 14:15:00,NA,NA,NA
"DOCK",2025-12-31 14:30:00,NA,NA,NA
"DOCK",2025-12-31 14:45:00,NA,NA,NA
"DOCK",2025-12-31 15:00:00,NA,NA,NA
"DOCK",2025-12-31 15:15:00,NA,NA,NA
"DOCK",2025-12-31 15:30:00,NA,NA,NA
"DOCK",2025-12-31 15:45:00,NA,NA,NA
"DOCK",2025-12-31 16:00:00,NA,NA,NA
"DOCK",2025-12-31 16:15:00,NA,NA,NA
"DOCK",2025-12-31 16:30:00,NA,NA,NA
"DOCK",2025-12-31 16:45:00,NA,NA,NA
"DOCK",2025-12-31 17:00:00,NA,NA,NA
"DOCK",2025-12-31 17:15:00,NA,NA,NA
"DOCK",2025-12-31 17:30:00,NA,NA,NA
"DOCK",2025-12-31 17:45:00,NA,NA,NA
"DOCK",2025-12-31 18:00:00,NA,NA,NA
"DOCK",2025-12-31 18:15:00,NA,NA,NA
"DOCK",2025-12-31 18:30:00,NA,NA,NA
"DOCK",2025-12-31 18:45:00,NA,NA,NA
"DOCK",2025-12-31 19:00:00,NA,NA,NA
"DOCK",2025-12-31 19:15:00,NA,NA,NA
"DOCK",2025-12-31 19:30:00,NA,NA,NA
"DOCK",2025-12-31 19:45:00,NA,NA,NA
"DOCK",2025-12-31 20:00:00,NA,NA,NA
"DOCK",2025-12-31 20:15:00,NA,NA,NA
"DOCK",2025-12-31 20:30:00,NA,NA,NA
"DOCK",2025-12-31 20:45:00,NA,NA,NA
"DOCK",2025-12-31 21:00:00,NA,NA,NA
"DOCK",2025-12-31 21:15:00,NA,NA,NA
"DOCK",2025-12-31 21:30:00,NA,NA,NA
"DOCK",2025-12-31 21:45:00,NA,NA,NA
"DOCK",2025-12-31 22:00:00,NA,NA,NA
"DOCK",2025-12-31 22:15:00,NA,NA,NA
"DOCK",2025-12-31 22:30:00,NA,NA,NA
"DOCK",2025-12-31 22:45:00,NA,NA,NA
"DOCK",2025-12-31 23:00:00,NA,NA,NA
"DOCK",2025-12-31 23:15:00,NA,NA,NA
"DOCK",2025-12-31 23:30:00,NA,NA,NA
"DOCK",2025-12-31 23:45:00,NA,NA,NA
"DOCK",2026-01-01,NA,NA,NA
"DOCK",2026-01-01 00:15:00,NA,NA,NA
"DOCK",2026-01-01 00:30:00,NA,NA,NA
"DOCK",2026-01-01 00:45:00,NA,NA,NA
"DOCK",2026-01-01 01:00:00,NA,NA,NA
"DOCK",2026-01-01 01:15:00,NA,NA,NA
"DOCK",2026-01-01 01:30:00,NA,NA,NA
"DOCK",2026-01-01 01:45:00,NA,NA,NA
"DOCK",2026-01-01 02:00:00,NA,NA,NA
"DOCK",2026-01-01 02:15:00,NA,NA,NA
"DOCK",2026-01-01 02:30:00,NA,NA,NA
"DOCK",2026-01-01 02:45:00,NA,NA,NA
"DOCK",2026-01-01 03:00:00,NA,NA,NA
"DOCK",2026-01-01 03:15:00,NA,NA,NA
"DOCK",2026-01-01 03:30:00,NA,NA,NA
"DOCK",2026-01-01 03:45:00,NA,NA,NA
"DOCK",2026-01-01 04:00:00,NA,NA,NA
"DOCK",2026-01-01 04:15:00,NA,NA,NA
"DOCK",2026-01-01 04:30:00,NA,NA,NA
"DOCK",2026-01-01 04:45:00,NA,NA,NA
"DOCK",2026-01-01 05:00:00,NA,NA,NA
"DOCK",2026-01-01 05:15:00,NA,NA,NA
"DOCK",2026-01-01 05:30:00,NA,NA,NA
"DOCK",2026-01-01 05:45:00,NA,NA,NA
"DOCK",2026-01-01 06:00:00,NA,NA,NA
"DOCK",2026-01-01 06:15:00,NA,NA,NA
"DOCK",2026-01-01 06:30:00,NA,NA,NA
"DOCK",2026-01-01 06:45:00,NA,NA,NA
"DOCK",2026-01-01 07:00:00,NA,NA,NA
"DOCK",2026-01-01 07:15:00,NA,NA,NA
"DOCK",2026-01-01 07:30:00,NA,NA,NA
"DOCK",2026-01-01 07:45:00,NA,NA,NA
"DOCK",2026-01-01 08:00:00,NA,NA,NA
"DOCK",2026-01-01 08:15:00,NA,NA,NA
"DOCK",2026-01-01 08:30:00,NA,NA,NA
"DOCK",2026-01-01 08:45:00,NA,NA,NA
"DOCK",2026-01-01 09:00:00,NA,NA,NA
"DOCK",2026-01-01 09:15:00,NA,NA,NA
"DOCK",2026-01-01 09:30:00,NA,NA,NA
"DOCK",2026-01-01 09:45:00,NA,NA,NA
"DOCK",2026-01-01 10:00:00,NA,NA,NA
"DOCK",2026-01-01 10:15:00,NA,NA,NA
"DOCK",2026-01-01 10:30:00,NA,NA,NA
"DOCK",2026-01-01 10:45:00,NA,NA,NA
"DOCK",2026-01-01 11:00:00,NA,NA,NA
"DOCK",2026-01-01 11:15:00,NA,NA,NA
"DOCK",2026-01-01 11:30:00,NA,NA,NA
"DOCK",2026-01-01 11:45:00,NA,NA,NA
"DOCK",2026-01-01 12:00:00,NA,NA,NA
"DOCK",2026-01-01 12:15:00,NA,NA,NA
"DOCK",2026-01-01 12:30:00,NA,NA,NA
"DOCK",2026-01-01 12:45:00,NA,NA,NA
"DOCK",2026-01-01 13:00:00,NA,NA,NA
"DOCK",2026-01-01 13:15:00,NA,NA,NA
"DOCK",2026-01-01 13:30:00,NA,NA,NA
"DOCK",2026-01-01 13:45:00,NA,NA,NA
"DOCK",2026-01-01 14:00:00,NA,NA,NA
"DOCK",2026-01-01 14:15:00,NA,NA,NA
"DOCK",2026-01-01 14:30:00,NA,NA,NA
"DOCK",2026-01-01 14:45:00,NA,NA,NA
"DOCK",2026-01-01 15:00:00,NA,NA,NA
"DOCK",2026-01-01 15:15:00,NA,NA,NA
"DOCK",2026-01-01 15:30:00,NA,NA,NA
"DOCK",2026-01-01 15:45:00,NA,NA,NA
"DOCK",2026-01-01 16:00:00,NA,NA,NA
"DOCK",2026-01-01 16:15:00,NA,NA,NA
"DOCK",2026-01-01 16:30:00,NA,NA,NA
"DOCK",2026-01-01 16:45:00,NA,NA,NA
"DOCK",2026-01-01 17:00:00,NA,NA,NA
"DOCK",2026-01-01 17:15:00,NA,NA,NA
"DOCK",2026-01-01 17:30:00,NA,NA,NA
"DOCK",2026-01-01 17:45:00,NA,NA,NA
"DOCK",2026-01-01 18:00:00,NA,NA,NA
"DOCK",2026-01-01 18:15:00,NA,NA,NA
"DOCK",2026-01-01 18:30:00,NA,NA,NA
"DOCK",2026-01-01 18:45:00,NA,NA,NA
"DOCK",2026-01-01 19:00:00,NA,NA,NA
"DOCK",2026-01-01 19:15:00,NA,NA,NA
"DOCK",2026-01-01 19:30:00,NA,NA,NA
"DOCK",2026-01-01 19:45:00,NA,NA,NA
"DOCK",2026-01-01 20:00:00,NA,NA,NA
"DOCK",2026-01-01 20:15:00,NA,NA,NA
"DOCK",2026-01-01 20:30:00,NA,NA,NA
"DOCK",2026-01-01 20:45:00,NA,NA,NA
"DOCK",2026-01-01 21:00:00,NA,NA,NA
"DOCK",2026-01-01 21:15:00,NA,NA,NA
"DOCK",2026-01-01 21:30:00,NA,NA,NA
"DOCK",2026-01-01 21:45:00,NA,NA,NA
"DOCK",2026-01-01 22:00:00,NA,NA,NA
"DOCK",2026-01-01 22:15:00,NA,NA,NA
"DOCK",2026-01-01 22:30:00,NA,NA,NA
"DOCK",2026-01-01 22:45:00,NA,NA,NA
"DOCK",2026-01-01 23:00:00,NA,NA,NA
"DOCK",2026-01-01 23:15:00,NA,NA,NA
"DOCK",2026-01-01 23:30:00,NA,NA,NA
"DOCK",2026-01-01 23:45:00,NA,NA,NA
"DOCK",2026-01-02,NA,NA,NA
"DOCK",2026-01-02 00:15:00,NA,NA,NA
"DOCK",2026-01-02 00:30:00,NA,NA,NA
"DOCK",2026-01-02 00:45:00,NA,NA,NA
"DOCK",2026-01-02 01:00:00,NA,NA,NA
"DOCK",2026-01-02 01:15:00,NA,NA,NA
"DOCK",2026-01-02 01:30:00,NA,NA,NA
"DOCK",2026-01-02 01:45:00,NA,NA,NA
"DOCK",2026-01-02 02:00:00,NA,NA,NA
"DOCK",2026-01-02 02:15:00,NA,NA,NA
"DOCK",2026-01-02 02:30:00,NA,NA,NA
"DOCK",2026-01-02 02:45:00,NA,NA,NA
"DOCK",2026-01-02 03:00:00,NA,NA,NA
"DOCK",2026-01-02 03:15:00,NA,NA,NA
"DOCK",2026-01-02 03:30:00,NA,NA,NA
"DOCK",2026-01-02 03:45:00,NA,NA,NA
"DOCK",2026-01-02 04:00:00,NA,NA,NA
"DOCK",2026-01-02 04:15:00,NA,NA,NA
"DOCK",2026-01-02 04:30:00,NA,NA,NA
"DOCK",2026-01-02 04:45:00,NA,NA,NA
"DOCK",2026-01-02 05:00:00,NA,NA,NA
"DOCK",2026-01-02 05:15:00,NA,NA,NA
"DOCK",2026-01-02 05:30:00,NA,NA,NA
"DOCK",2026-01-02 05:45:00,NA,NA,NA
"DOCK",2026-01-02 06:00:00,NA,NA,NA
"DOCK",2026-01-02 06:15:00,NA,NA,NA
"DOCK",2026-01-02 06:30:00,NA,NA,NA
"DOCK",2026-01-02 06:45:00,NA,NA,NA
"DOCK",2026-01-02 07:00:00,NA,NA,NA
"DOCK",2026-01-02 07:15:00,NA,NA,NA
"DOCK",2026-01-02 07:30:00,NA,NA,NA
"DOCK",2026-01-02 07:45:00,NA,NA,NA
"DOCK",2026-01-02 08:00:00,NA,NA,NA
"DOCK",2026-01-02 08:15:00,NA,NA,NA
"DOCK",2026-01-02 08:30:00,NA,NA,NA
"DOCK",2026-01-02 08:45:00,NA,NA,NA
"DOCK",2026-01-02 09:00:00,NA,NA,NA
"DOCK",2026-01-02 09:15:00,NA,NA,NA
"DOCK",2026-01-02 09:30:00,NA,NA,NA
"DOCK",2026-01-02 09:45:00,NA,NA,NA
"DOCK",2026-01-02 10:00:00,NA,NA,NA
"DOCK",2026-01-02 10:15:00,NA,NA,NA
"DOCK",2026-01-02 10:30:00,NA,NA,NA
"DOCK",2026-01-02 10:45:00,NA,NA,NA
"DOCK",2026-01-02 11:00:00,NA,NA,NA
"DOCK",2026-01-02 11:15:00,NA,NA,NA
"DOCK",2026-01-02 11:30:00,NA,NA,NA
"DOCK",2026-01-02 11:45:00,NA,NA,NA
"DOCK",2026-01-02 12:00:00,NA,NA,NA
"DOCK",2026-01-02 12:15:00,NA,NA,NA
"DOCK",2026-01-02 12:30:00,NA,NA,NA
"DOCK",2026-01-02 12:45:00,NA,NA,NA
"DOCK",2026-01-02 13:00:00,NA,NA,NA
"DOCK",2026-01-02 13:15:00,NA,NA,NA
"DOCK",2026-01-02 13:30:00,NA,NA,NA
"DOCK",2026-01-02 13:45:00,NA,NA,NA
"DOCK",2026-01-02 14:00:00,NA,NA,NA
"DOCK",2026-01-02 14:15:00,NA,NA,NA
"DOCK",2026-01-02 14:30:00,NA,NA,NA
"DOCK",2026-01-02 14:45:00,NA,NA,NA
"DOCK",2026-01-02 15:00:00,NA,NA,NA
"DOCK",2026-01-02 15:15:00,NA,NA,NA
"DOCK",2026-01-02 15:30:00,NA,NA,NA
"DOCK",2026-01-02 15:45:00,NA,NA,NA
"DOCK",2026-01-02 16:00:00,NA,NA,NA
"DOCK",2026-01-02 16:15:00,NA,NA,NA
"DOCK",2026-01-02 16:30:00,NA,NA,NA
"DOCK",2026-01-02 16:45:00,NA,NA,NA
"DOCK",2026-01-02 17:00:00,NA,NA,NA
"DOCK",2026-01-02 17:15:00,NA,NA,NA
"DOCK",2026-01-02 17:30:00,NA,NA,NA
"DOCK",2026-01-02 17:45:00,NA,NA,NA
"DOCK",2026-01-02 18:00:00,NA,NA,NA
"DOCK",2026-01-02 18:15:00,NA,NA,NA
"DOCK",2026-01-02 18:30:00,NA,NA,NA
"DOCK",2026-01-02 18:45:00,NA,NA,NA
"DOCK",2026-01-02 19:00:00,NA,NA,NA
"DOCK",2026-01-02 19:15:00,NA,NA,NA
"DOCK",2026-01-02 19:30:00,NA,NA,NA
"DOCK",2026-01-02 19:45:00,NA,NA,NA
"DOCK",2026-01-02 20:00:00,NA,NA,NA
"DOCK",2026-01-02 20:15:00,NA,NA,NA
"DOCK",2026-01-02 20:30:00,NA,NA,NA
"DOCK",2026-01-02 20:45:00,NA,NA,NA
"DOCK",2026-01-02 21:00:00,NA,NA,NA
"DOCK",2026-01-02 21:15:00,NA,NA,NA
"DOCK",2026-01-02 21:30:00,NA,NA,NA
"DOCK",2026-01-02 21:45:00,NA,NA,NA
"DOCK",2026-01-02 22:00:00,NA,NA,NA
"DOCK",2026-01-02 22:15:00,NA,NA,NA
"DOCK",2026-01-02 22:30:00,NA,NA,NA
"DOCK",2026-01-02 22:45:00,NA,NA,NA
"DOCK",2026-01-02 23:00:00,NA,NA,NA
"DOCK",2026-01-02 23:15:00,NA,NA,NA
"DOCK",2026-01-02 23:30:00,NA,NA,NA
"DOCK",2026-01-02 23:45:00,NA,NA,NA
"DOCK",2026-01-03,NA,NA,NA
"DOCK",2026-01-03 00:15:00,NA,NA,NA
"DOCK",2026-01-03 00:30:00,NA,NA,NA
"DOCK",2026-01-03 00:45:00,NA,NA,NA
"DOCK",2026-01-03 01:00:00,NA,NA,NA
"DOCK",2026-01-03 01:15:00,NA,NA,NA
"DOCK",2026-01-03 01:30:00,NA,NA,NA
"DOCK",2026-01-03 01:45:00,NA,NA,NA
"DOCK",2026-01-03 02:00:00,NA,NA,NA
"DOCK",2026-01-03 02:15:00,NA,NA,NA
"DOCK",2026-01-03 02:30:00,NA,NA,NA
"DOCK",2026-01-03 02:45:00,NA,NA,NA
"DOCK",2026-01-03 03:00:00,NA,NA,NA
"DOCK",2026-01-03 03:15:00,NA,NA,NA
"DOCK",2026-01-03 03:30:00,NA,NA,NA
"DOCK",2026-01-03 03:45:00,NA,NA,NA
"DOCK",2026-01-03 04:00:00,NA,NA,NA
"DOCK",2026-01-03 04:15:00,NA,NA,NA
"DOCK",2026-01-03 04:30:00,NA,NA,NA
"DOCK",2026-01-03 04:45:00,NA,NA,NA
"DOCK",2026-01-03 05:00:00,NA,NA,NA
"DOCK",2026-01-03 05:15:00,NA,NA,NA
"DOCK",2026-01-03 05:30:00,NA,NA,NA
"DOCK",2026-01-03 05:45:00,NA,NA,NA
"DOCK",2026-01-03 06:00:00,NA,NA,NA
"DOCK",2026-01-03 06:15:00,NA,NA,NA
"DOCK",2026-01-03 06:30:00,NA,NA,NA
"DOCK",2026-01-03 06:45:00,NA,NA,NA
"DOCK",2026-01-03 07:00:00,NA,NA,NA
"DOCK",2026-01-03 07:15:00,NA,NA,NA
"DOCK",2026-01-03 07:30:00,NA,NA,NA
"DOCK",2026-01-03 07:45:00,NA,NA,NA
"DOCK",2026-01-03 08:00:00,NA,NA,NA
"DOCK",2026-01-03 08:15:00,NA,NA,NA
"DOCK",2026-01-03 08:30:00,NA,NA,NA
"DOCK",2026-01-03 08:45:00,NA,NA,NA
"DOCK",2026-01-03 09:00:00,NA,NA,NA
"DOCK",2026-01-03 09:15:00,NA,NA,NA
"DOCK",2026-01-03 09:30:00,NA,NA,NA
"DOCK",2026-01-03 09:45:00,NA,NA,NA
"DOCK",2026-01-03 10:00:00,NA,NA,NA
"DOCK",2026-01-03 10:15:00,NA,NA,NA
"DOCK",2026-01-03 10:30:00,NA,NA,NA
"DOCK",2026-01-03 10:45:00,NA,NA,NA
"DOCK",2026-01-03 11:00:00,NA,NA,NA
"DOCK",2026-01-03 11:15:00,NA,NA,NA
"DOCK",2026-01-03 11:30:00,NA,NA,NA
"DOCK",2026-01-03 11:45:00,NA,NA,NA
"DOCK",2026-01-03 12:00:00,NA,NA,NA
"DOCK",2026-01-03 12:15:00,NA,NA,NA
"DOCK",2026-01-03 12:30:00,NA,NA,NA
"DOCK",2026-01-03 12:45:00,NA,NA,NA
"DOCK",2026-01-03 13:00:00,NA,NA,NA
"DOCK",2026-01-03 13:15:00,NA,NA,NA
"DOCK",2026-01-03 13:30:00,NA,NA,NA
"DOCK",2026-01-03 13:45:00,NA,NA,NA
"DOCK",2026-01-03 14:00:00,NA,NA,NA
"DOCK",2026-01-03 14:15:00,NA,NA,NA
"DOCK",2026-01-03 14:30:00,NA,NA,NA
"DOCK",2026-01-03 14:45:00,NA,NA,NA
"DOCK",2026-01-03 15:00:00,NA,NA,NA
"DOCK",2026-01-03 15:15:00,NA,NA,NA
"DOCK",2026-01-03 15:30:00,NA,NA,NA
"DOCK",2026-01-03 15:45:00,NA,NA,NA
"DOCK",2026-01-03 16:00:00,NA,NA,NA
"DOCK",2026-01-03 16:15:00,NA,NA,NA
"DOCK",2026-01-03 16:30:00,NA,NA,NA
"DOCK",2026-01-03 16:45:00,NA,NA,NA
"DOCK",2026-01-03 17:00:00,NA,NA,NA
"DOCK",2026-01-03 17:15:00,NA,NA,NA
"DOCK",2026-01-03 17:30:00,NA,NA,NA
"DOCK",2026-01-03 17:45:00,NA,NA,NA
"DOCK",2026-01-03 18:00:00,NA,NA,NA
"DOCK",2026-01-03 18:15:00,NA,NA,NA
"DOCK",2026-01-03 18:30:00,NA,NA,NA
"DOCK",2026-01-03 18:45:00,NA,NA,NA
"DOCK",2026-01-03 19:00:00,NA,NA,NA
"DOCK",2026-01-03 19:15:00,NA,NA,NA
"DOCK",2026-01-03 19:30:00,NA,NA,NA
"DOCK",2026-01-03 19:45:00,NA,NA,NA
"DOCK",2026-01-03 20:00:00,NA,NA,NA
"DOCK",2026-01-03 20:15:00,NA,NA,NA
"DOCK",2026-01-03 20:30:00,NA,NA,NA
"DOCK",2026-01-03 20:45:00,NA,NA,NA
"DOCK",2026-01-03 21:00:00,NA,NA,NA
"DOCK",2026-01-03 21:15:00,NA,NA,NA
"DOCK",2026-01-03 21:30:00,NA,NA,NA
"DOCK",2026-01-03 21:45:00,NA,NA,NA
"DOCK",2026-01-03 22:00:00,NA,NA,NA
"DOCK",2026-01-03 22:15:00,NA,NA,NA
"DOCK",2026-01-03 22:30:00,NA,NA,NA
"DOCK",2026-01-03 22:45:00,NA,NA,NA
"DOCK",2026-01-03 23:00:00,NA,NA,NA
"DOCK",2026-01-03 23:15:00,NA,NA,NA
"DOCK",2026-01-03 23:30:00,NA,NA,NA
"DOCK",2026-01-03 23:45:00,NA,NA,NA
"DOCK",2026-01-04,NA,NA,NA
"DOCK",2026-01-04 00:15:00,NA,NA,NA
"DOCK",2026-01-04 00:30:00,NA,NA,NA
"DOCK",2026-01-04 00:45:00,NA,NA,NA
"DOCK",2026-01-04 01:00:00,NA,NA,NA
"DOCK",2026-01-04 01:15:00,NA,NA,NA
"DOCK",2026-01-04 01:30:00,NA,NA,NA
"DOCK",2026-01-04 01:45:00,NA,NA,NA
"DOCK",2026-01-04 02:00:00,NA,NA,NA
"DOCK",2026-01-04 02:15:00,NA,NA,NA
"DOCK",2026-01-04 02:30:00,NA,NA,NA
"DOCK",2026-01-04 02:45:00,NA,NA,NA
"DOCK",2026-01-04 03:00:00,NA,NA,NA
"DOCK",2026-01-04 03:15:00,NA,NA,NA
"DOCK",2026-01-04 03:30:00,NA,NA,NA
"DOCK",2026-01-04 03:45:00,NA,NA,NA
"DOCK",2026-01-04 04:00:00,NA,NA,NA
"DOCK",2026-01-04 04:15:00,NA,NA,NA
"DOCK",2026-01-04 04:30:00,NA,NA,NA
"DOCK",2026-01-04 04:45:00,NA,NA,NA
"DOCK",2026-01-04 05:00:00,NA,NA,NA
"DOCK",2026-01-04 05:15:00,NA,NA,NA
"DOCK",2026-01-04 05:30:00,NA,NA,NA
"DOCK",2026-01-04 05:45:00,NA,NA,NA
"DOCK",2026-01-04 06:00:00,NA,NA,NA
"DOCK",2026-01-04 06:15:00,NA,NA,NA
"DOCK",2026-01-04 06:30:00,NA,NA,NA
"DOCK",2026-01-04 06:45:00,NA,NA,NA
"DOCK",2026-01-04 07:00:00,NA,NA,NA
"DOCK",2026-01-04 07:15:00,NA,NA,NA
"DOCK",2026-01-04 07:30:00,NA,NA,NA
"DOCK",2026-01-04 07:45:00,NA,NA,NA
"DOCK",2026-01-04 08:00:00,NA,NA,NA
"DOCK",2026-01-04 08:15:00,NA,NA,NA
"DOCK",2026-01-04 08:30:00,NA,NA,NA
"DOCK",2026-01-04 08:45:00,NA,NA,NA
"DOCK",2026-01-04 09:00:00,NA,NA,NA
"DOCK",2026-01-04 09:15:00,NA,NA,NA
"DOCK",2026-01-04 09:30:00,NA,NA,NA
"DOCK",2026-01-04 09:45:00,NA,NA,NA
"DOCK",2026-01-04 10:00:00,NA,NA,NA
"DOCK",2026-01-04 10:15:00,NA,NA,NA
"DOCK",2026-01-04 10:30:00,NA,NA,NA
"DOCK",2026-01-04 10:45:00,NA,NA,NA
"DOCK",2026-01-04 11:00:00,NA,NA,NA
"DOCK",2026-01-04 11:15:00,NA,NA,NA
"DOCK",2026-01-04 11:30:00,NA,NA,NA
"DOCK",2026-01-04 11:45:00,NA,NA,NA
"DOCK",2026-01-04 12:00:00,NA,NA,NA
"DOCK",2026-01-04 12:15:00,NA,NA,NA
"DOCK",2026-01-04 12:30:00,NA,NA,NA
"DOCK",2026-01-04 12:45:00,NA,NA,NA
"DOCK",2026-01-04 13:00:00,NA,NA,NA
"DOCK",2026-01-04 13:15:00,NA,NA,NA
"DOCK",2026-01-04 13:30:00,NA,NA,NA
"DOCK",2026-01-04 13:45:00,NA,NA,NA
"DOCK",2026-01-04 14:00:00,NA,NA,NA
"DOCK",2026-01-04 14:15:00,NA,NA,NA
"DOCK",2026-01-04 14:30:00,NA,NA,NA
"DOCK",2026-01-04 14:45:00,NA,NA,NA
"DOCK",2026-01-04 15:00:00,NA,NA,NA
"DOCK",2026-01-04 15:15:00,NA,NA,NA
"DOCK",2026-01-04 15:30:00,NA,NA,NA
"DOCK",2026-01-04 15:45:00,NA,NA,NA
"DOCK",2026-01-04 16:00:00,NA,NA,NA
"DOCK",2026-01-04 16:15:00,NA,NA,NA
"DOCK",2026-01-04 16:30:00,NA,NA,NA
"DOCK",2026-01-04 16:45:00,NA,NA,NA
"DOCK",2026-01-04 17:00:00,NA,NA,NA
"DOCK",2026-01-04 17:15:00,NA,NA,NA
"DOCK",2026-01-04 17:30:00,NA,NA,NA
"DOCK",2026-01-04 17:45:00,NA,NA,NA
"DOCK",2026-01-04 18:00:00,NA,NA,NA
"DOCK",2026-01-04 18:15:00,NA,NA,NA
"DOCK",2026-01-04 18:30:00,NA,NA,NA
"DOCK",2026-01-04 18:45:00,NA,NA,NA
"DOCK",2026-01-04 19:00:00,NA,NA,NA
"DOCK",2026-01-04 19:15:00,NA,NA,NA
"DOCK",2026-01-04 19:30:00,NA,NA,NA
"DOCK",2026-01-04 19:45:00,NA,NA,NA
"DOCK",2026-01-04 20:00:00,NA,NA,NA
"DOCK",2026-01-04 20:15:00,NA,NA,NA
"DOCK",2026-01-04 20:30:00,NA,NA,NA
"DOCK",2026-01-04 20:45:00,NA,NA,NA
"DOCK",2026-01-04 21:00:00,NA,NA,NA
"DOCK",2026-01-04 21:15:00,NA,NA,NA
"DOCK",2026-01-04 21:30:00,NA,NA,NA
"DOCK",2026-01-04 21:45:00,NA,NA,NA
"DOCK",2026-01-04 22:00:00,NA,NA,NA
"DOCK",2026-01-04 22:15:00,NA,NA,NA
"DOCK",2026-01-04 22:30:00,NA,NA,NA
"DOCK",2026-01-04 22:45:00,NA,NA,NA
"DOCK",2026-01-04 23:00:00,NA,NA,NA
"DOCK",2026-01-04 23:15:00,NA,NA,NA
"DOCK",2026-01-04 23:30:00,NA,NA,NA
"DOCK",2026-01-04 23:45:00,NA,NA,NA
"DOCK",2026-01-05,NA,NA,NA
"DOCK",2026-01-05 00:15:00,NA,NA,NA
"DOCK",2026-01-05 00:30:00,NA,NA,NA
"DOCK",2026-01-05 00:45:00,NA,NA,NA
"DOCK",2026-01-05 01:00:00,NA,NA,NA
"DOCK",2026-01-05 01:15:00,NA,NA,NA
"DOCK",2026-01-05 01:30:00,NA,NA,NA
"DOCK",2026-01-05 01:45:00,NA,NA,NA
"DOCK",2026-01-05 02:00:00,NA,NA,NA
"DOCK",2026-01-05 02:15:00,NA,NA,NA
"DOCK",2026-01-05 02:30:00,NA,NA,NA
"DOCK",2026-01-05 02:45:00,NA,NA,NA
"DOCK",2026-01-05 03:00:00,NA,NA,NA
"DOCK",2026-01-05 03:15:00,NA,NA,NA
"DOCK",2026-01-05 03:30:00,NA,NA,NA
"DOCK",2026-01-05 03:45:00,NA,NA,NA
"DOCK",2026-01-05 04:00:00,NA,NA,NA
"DOCK",2026-01-05 04:15:00,NA,NA,NA
"DOCK",2026-01-05 04:30:00,NA,NA,NA
"DOCK",2026-01-05 04:45:00,NA,NA,NA
"DOCK",2026-01-05 05:00:00,NA,NA,NA
"DOCK",2026-01-05 05:15:00,NA,NA,NA
"DOCK",2026-01-05 05:30:00,NA,NA,NA
"DOCK",2026-01-05 05:45:00,NA,NA,NA
"DOCK",2026-01-05 06:00:00,NA,NA,NA
"DOCK",2026-01-05 06:15:00,NA,NA,NA
"DOCK",2026-01-05 06:30:00,NA,NA,NA
"DOCK",2026-01-05 06:45:00,NA,NA,NA
"DOCK",2026-01-05 07:00:00,NA,NA,NA
"DOCK",2026-01-05 07:15:00,NA,NA,NA
"DOCK",2026-01-05 07:30:00,NA,NA,NA
"DOCK",2026-01-05 07:45:00,NA,NA,NA
"DOCK",2026-01-05 08:00:00,NA,NA,NA
"DOCK",2026-01-05 08:15:00,NA,NA,NA
"DOCK",2026-01-05 08:30:00,NA,NA,NA
"DOCK",2026-01-05 08:45:00,NA,NA,NA
"DOCK",2026-01-05 09:00:00,NA,NA,NA
"DOCK",2026-01-05 09:15:00,NA,NA,NA
"DOCK",2026-01-05 09:30:00,NA,NA,NA
"DOCK",2026-01-05 09:45:00,NA,NA,NA
"DOCK",2026-01-05 10:00:00,NA,NA,NA
"DOCK",2026-01-05 10:15:00,NA,NA,NA
"DOCK",2026-01-05 10:30:00,NA,NA,NA
"DOCK",2026-01-05 10:45:00,NA,NA,NA
"DOCK",2026-01-05 11:00:00,NA,NA,NA
"DOCK",2026-01-05 11:15:00,NA,NA,NA
"DOCK",2026-01-05 11:30:00,NA,NA,NA
"DOCK",2026-01-05 11:45:00,NA,NA,NA
"DOCK",2026-01-05 12:00:00,NA,NA,NA
"DOCK",2026-01-05 12:15:00,NA,NA,NA
"DOCK",2026-01-05 12:30:00,NA,NA,NA
"DOCK",2026-01-05 12:45:00,NA,NA,NA
"DOCK",2026-01-05 13:00:00,NA,NA,NA
"DOCK",2026-01-05 13:15:00,NA,NA,NA
"DOCK",2026-01-05 13:30:00,NA,NA,NA
"DOCK",2026-01-05 13:45:00,NA,NA,NA
"DOCK",2026-01-05 14:00:00,NA,NA,NA
"DOCK",2026-01-05 14:15:00,NA,NA,NA
"DOCK",2026-01-05 14:30:00,NA,NA,NA
"DOCK",2026-01-05 14:45:00,NA,NA,NA
"DOCK",2026-01-05 15:00:00,NA,NA,NA
"DOCK",2026-01-05 15:15:00,NA,NA,NA
"DOCK",2026-01-05 15:30:00,NA,NA,NA
"DOCK",2026-01-05 15:45:00,NA,NA,NA
"DOCK",2026-01-05 16:00:00,NA,NA,NA
"DOCK",2026-01-05 16:15:00,NA,NA,NA
"DOCK",2026-01-05 16:30:00,NA,NA,NA
"DOCK",2026-01-05 16:45:00,NA,NA,NA
"DOCK",2026-01-05 17:00:00,NA,NA,NA
"DOCK",2026-01-05 17:15:00,NA,NA,NA
"DOCK",2026-01-05 17:30:00,NA,NA,NA
"DOCK",2026-01-05 17:45:00,NA,NA,NA
"DOCK",2026-01-05 18:00:00,NA,NA,NA
"DOCK",2026-01-05 18:15:00,NA,NA,NA
"DOCK",2026-01-05 18:30:00,NA,NA,NA
"DOCK",2026-01-05 18:45:00,NA,NA,NA
"DOCK",2026-01-05 19:00:00,NA,NA,NA
"DOCK",2026-01-05 19:15:00,NA,NA,NA
"DOCK",2026-01-05 19:30:00,NA,NA,NA
"DOCK",2026-01-05 19:45:00,NA,NA,NA
"DOCK",2026-01-05 20:00:00,NA,NA,NA
"DOCK",2026-01-05 20:15:00,NA,NA,NA
"DOCK",2026-01-05 20:30:00,NA,NA,NA
"DOCK",2026-01-05 20:45:00,NA,NA,NA
"DOCK",2026-01-05 21:00:00,NA,NA,NA
"DOCK",2026-01-05 21:15:00,NA,NA,NA
"DOCK",2026-01-05 21:30:00,NA,NA,NA
"DOCK",2026-01-05 21:45:00,NA,NA,NA
"DOCK",2026-01-05 22:00:00,NA,NA,NA
"DOCK",2026-01-05 22:15:00,NA,NA,NA
"DOCK",2026-01-05 22:30:00,NA,NA,NA
"DOCK",2026-01-05 22:45:00,NA,NA,NA
"DOCK",2026-01-05 23:00:00,NA,NA,NA
"DOCK",2026-01-05 23:15:00,NA,NA,NA
"DOCK",2026-01-05 23:30:00,NA,NA,NA
"DOCK",2026-01-05 23:45:00,NA,NA,NA
"DOCK",2026-01-06,NA,NA,NA
"DOCK",2026-01-06 00:15:00,NA,NA,NA
"DOCK",2026-01-06 00:30:00,NA,NA,NA
"DOCK",2026-01-06 00:45:00,NA,NA,NA
"DOCK",2026-01-06 01:00:00,NA,NA,NA
"DOCK",2026-01-06 01:15:00,NA,NA,NA
"DOCK",2026-01-06 01:30:00,NA,NA,NA
"DOCK",2026-01-06 01:45:00,NA,NA,NA
"DOCK",2026-01-06 02:00:00,NA,NA,NA
"DOCK",2026-01-06 02:15:00,NA,NA,NA
"DOCK",2026-01-06 02:30:00,NA,NA,NA
"DOCK",2026-01-06 02:45:00,NA,NA,NA
"DOCK",2026-01-06 03:00:00,NA,NA,NA
"DOCK",2026-01-06 03:15:00,NA,NA,NA
"DOCK",2026-01-06 03:30:00,NA,NA,NA
"DOCK",2026-01-06 03:45:00,NA,NA,NA
"DOCK",2026-01-06 04:00:00,NA,NA,NA
"DOCK",2026-01-06 04:15:00,NA,NA,NA
"DOCK",2026-01-06 04:30:00,NA,NA,NA
"DOCK",2026-01-06 04:45:00,NA,NA,NA
"DOCK",2026-01-06 05:00:00,NA,NA,NA
"DOCK",2026-01-06 05:15:00,NA,NA,NA
"DOCK",2026-01-06 05:30:00,NA,NA,NA
"DOCK",2026-01-06 05:45:00,NA,NA,NA
"DOCK",2026-01-06 06:00:00,NA,NA,NA
"DOCK",2026-01-06 06:15:00,NA,NA,NA
"DOCK",2026-01-06 06:30:00,NA,NA,NA
"DOCK",2026-01-06 06:45:00,NA,NA,NA
"DOCK",2026-01-06 07:00:00,NA,NA,NA
"DOCK",2026-01-06 07:15:00,NA,NA,NA
"DOCK",2026-01-06 07:30:00,NA,NA,NA
"DOCK",2026-01-06 07:45:00,NA,NA,NA
"DOCK",2026-01-06 08:00:00,NA,NA,NA
"DOCK",2026-01-06 08:15:00,NA,NA,NA
"DOCK",2026-01-06 08:30:00,NA,NA,NA
"DOCK",2026-01-06 08:45:00,NA,NA,NA
"DOCK",2026-01-06 09:00:00,NA,NA,NA
"DOCK",2026-01-06 09:15:00,NA,NA,NA
"DOCK",2026-01-06 09:30:00,NA,NA,NA
"DOCK",2026-01-06 09:45:00,NA,NA,NA
"DOCK",2026-01-06 10:00:00,NA,NA,NA
"DOCK",2026-01-06 10:15:00,NA,NA,NA
"DOCK",2026-01-06 10:30:00,NA,NA,NA
"DOCK",2026-01-06 10:45:00,NA,NA,NA
"DOCK",2026-01-06 11:00:00,NA,NA,NA
"DOCK",2026-01-06 11:15:00,NA,NA,NA
"DOCK",2026-01-06 11:30:00,NA,NA,NA
"DOCK",2026-01-06 11:45:00,NA,NA,NA
"DOCK",2026-01-06 12:00:00,NA,NA,NA
"DOCK",2026-01-06 12:15:00,NA,NA,NA
"DOCK",2026-01-06 12:30:00,NA,NA,NA
"DOCK",2026-01-06 12:45:00,NA,NA,NA
"DOCK",2026-01-06 13:00:00,NA,NA,NA
"DOCK",2026-01-06 13:15:00,NA,NA,NA
"DOCK",2026-01-06 13:30:00,NA,NA,NA
"DOCK",2026-01-06 13:45:00,NA,NA,NA
"DOCK",2026-01-06 14:00:00,NA,NA,NA
"DOCK",2026-01-06 14:15:00,NA,NA,NA
"DOCK",2026-01-06 14:30:00,NA,NA,NA
"DOCK",2026-01-06 14:45:00,NA,NA,NA
"DOCK",2026-01-06 15:00:00,NA,NA,NA
"DOCK",2026-01-06 15:15:00,NA,NA,NA
"DOCK",2026-01-06 15:30:00,NA,NA,NA
"DOCK",2026-01-06 15:45:00,NA,NA,NA
"DOCK",2026-01-06 16:00:00,NA,NA,NA
"DOCK",2026-01-06 16:15:00,NA,NA,NA
"DOCK",2026-01-06 16:30:00,NA,NA,NA
"DOCK",2026-01-06 16:45:00,NA,NA,NA
"DOCK",2026-01-06 17:00:00,NA,NA,NA
"DOCK",2026-01-06 17:15:00,NA,NA,NA
"DOCK",2026-01-06 17:30:00,NA,NA,NA
"DOCK",2026-01-06 17:45:00,NA,NA,NA
"DOCK",2026-01-06 18:00:00,NA,NA,NA
"DOCK",2026-01-06 18:15:00,NA,NA,NA
"DOCK",2026-01-06 18:30:00,NA,NA,NA
"DOCK",2026-01-06 18:45:00,NA,NA,NA
"DOCK",2026-01-06 19:00:00,NA,NA,NA
"DOCK",2026-01-06 19:15:00,NA,NA,NA
"DOCK",2026-01-06 19:30:00,NA,NA,NA
"DOCK",2026-01-06 19:45:00,NA,NA,NA
"DOCK",2026-01-06 20:00:00,NA,NA,NA
"DOCK",2026-01-06 20:15:00,NA,NA,NA
"DOCK",2026-01-06 20:30:00,NA,NA,NA
"DOCK",2026-01-06 20:45:00,NA,NA,NA
"DOCK",2026-01-06 21:00:00,NA,NA,NA
"DOCK",2026-01-06 21:15:00,NA,NA,NA
"DOCK",2026-01-06 21:30:00,NA,NA,NA
"DOCK",2026-01-06 21:45:00,NA,NA,NA
"DOCK",2026-01-06 22:00:00,NA,NA,NA
"DOCK",2026-01-06 22:15:00,NA,NA,NA
"DOCK",2026-01-06 22:30:00,NA,NA,NA
"DOCK",2026-01-06 22:45:00,NA,NA,NA
"DOCK",2026-01-06 23:00:00,NA,NA,NA
"DOCK",2026-01-06 23:15:00,NA,NA,NA
"DOCK",2026-01-06 23:30:00,NA,NA,NA
"DOCK",2026-01-06 23:45:00,NA,NA,NA
"DOCK",2026-01-07,NA,NA,NA
"DOCK",2026-01-07 00:15:00,NA,NA,NA
"DOCK",2026-01-07 00:30:00,NA,NA,NA
"DOCK",2026-01-07 00:45:00,NA,NA,NA
"DOCK",2026-01-07 01:00:00,NA,NA,NA
"DOCK",2026-01-07 01:15:00,NA,NA,NA
"DOCK",2026-01-07 01:30:00,NA,NA,NA
"DOCK",2026-01-07 01:45:00,NA,NA,NA
"DOCK",2026-01-07 02:00:00,NA,NA,NA
"DOCK",2026-01-07 02:15:00,NA,NA,NA
"DOCK",2026-01-07 02:30:00,NA,NA,NA
"DOCK",2026-01-07 02:45:00,NA,NA,NA
"DOCK",2026-01-07 03:00:00,NA,NA,NA
"DOCK",2026-01-07 03:15:00,NA,NA,NA
"DOCK",2026-01-07 03:30:00,NA,NA,NA
"DOCK",2026-01-07 03:45:00,NA,NA,NA
"DOCK",2026-01-07 04:00:00,NA,NA,NA
"DOCK",2026-01-07 04:15:00,NA,NA,NA
"DOCK",2026-01-07 04:30:00,NA,NA,NA
"DOCK",2026-01-07 04:45:00,NA,NA,NA
"DOCK",2026-01-07 05:00:00,NA,NA,NA
"DOCK",2026-01-07 05:15:00,NA,NA,NA
"DOCK",2026-01-07 05:30:00,NA,NA,NA
"DOCK",2026-01-07 05:45:00,NA,NA,NA
"DOCK",2026-01-07 06:00:00,NA,NA,NA
"DOCK",2026-01-07 06:15:00,NA,NA,NA
"DOCK",2026-01-07 06:30:00,NA,NA,NA
"DOCK",2026-01-07 06:45:00,NA,NA,NA
"DOCK",2026-01-07 07:00:00,NA,NA,NA
"DOCK",2026-01-07 07:15:00,NA,NA,NA
"DOCK",2026-01-07 07:30:00,NA,NA,NA
"DOCK",2026-01-07 07:45:00,NA,NA,NA
"DOCK",2026-01-07 08:00:00,NA,NA,NA
"DOCK",2026-01-07 08:15:00,NA,NA,NA
"DOCK",2026-01-07 08:30:00,NA,NA,NA
"DOCK",2026-01-07 08:45:00,NA,NA,NA
"DOCK",2026-01-07 09:00:00,NA,NA,NA
"DOCK",2026-01-07 09:15:00,NA,NA,NA
"DOCK",2026-01-07 09:30:00,NA,NA,NA
"DOCK",2026-01-07 09:45:00,NA,NA,NA
"DOCK",2026-01-07 10:00:00,NA,NA,NA
"DOCK",2026-01-07 10:15:00,NA,NA,NA
"DOCK",2026-01-07 10:30:00,NA,NA,NA
"DOCK",2026-01-07 10:45:00,NA,NA,NA
"DOCK",2026-01-07 11:00:00,NA,NA,NA
"DOCK",2026-01-07 11:15:00,NA,NA,NA
"DOCK",2026-01-07 11:30:00,NA,NA,NA
"DOCK",2026-01-07 11:45:00,NA,NA,NA
"DOCK",2026-01-07 12:00:00,NA,NA,NA
"DOCK",2026-01-07 12:15:00,NA,NA,NA
"DOCK",2026-01-07 12:30:00,NA,NA,NA
"DOCK",2026-01-07 12:45:00,NA,NA,NA
"DOCK",2026-01-07 13:00:00,NA,NA,NA
"DOCK",2026-01-07 13:15:00,NA,NA,NA
"DOCK",2026-01-07 13:30:00,NA,NA,NA
"DOCK",2026-01-07 13:45:00,NA,NA,NA
"DOCK",2026-01-07 14:00:00,NA,NA,NA
"DOCK",2026-01-07 14:15:00,NA,NA,NA
"DOCK",2026-01-07 14:30:00,NA,NA,NA
"DOCK",2026-01-07 14:45:00,NA,NA,NA
"DOCK",2026-01-07 15:00:00,NA,NA,NA
"DOCK",2026-01-07 15:15:00,NA,NA,NA
"DOCK",2026-01-07 15:30:00,NA,NA,NA
"DOCK",2026-01-07 15:45:00,NA,NA,NA
"DOCK",2026-01-07 16:00:00,NA,NA,NA
"DOCK",2026-01-07 16:15:00,NA,NA,NA
"DOCK",2026-01-07 16:30:00,NA,NA,NA
"DOCK",2026-01-07 16:45:00,NA,NA,NA
"DOCK",2026-01-07 17:00:00,NA,NA,NA
"DOCK",2026-01-07 17:15:00,NA,NA,NA
"DOCK",2026-01-07 17:30:00,NA,NA,NA
"DOCK",2026-01-07 17:45:00,NA,NA,NA
"DOCK",2026-01-07 18:00:00,NA,NA,NA
"DOCK",2026-01-07 18:15:00,NA,NA,NA
"DOCK",2026-01-07 18:30:00,NA,NA,NA
"DOCK",2026-01-07 18:45:00,NA,NA,NA
"DOCK",2026-01-07 19:00:00,NA,NA,NA
"DOCK",2026-01-07 19:15:00,NA,NA,NA
"DOCK",2026-01-07 19:30:00,NA,NA,NA
"DOCK",2026-01-07 19:45:00,NA,NA,NA
"DOCK",2026-01-07 20:00:00,NA,NA,NA
"DOCK",2026-01-07 20:15:00,NA,NA,NA
"DOCK",2026-01-07 20:30:00,NA,NA,NA
"DOCK",2026-01-07 20:45:00,NA,NA,NA
"DOCK",2026-01-07 21:00:00,NA,NA,NA
"DOCK",2026-01-07 21:15:00,NA,NA,NA
"DOCK",2026-01-07 21:30:00,NA,NA,NA
"DOCK",2026-01-07 21:45:00,NA,NA,NA
"DOCK",2026-01-07 22:00:00,NA,NA,NA
"DOCK",2026-01-07 22:15:00,NA,NA,NA
"DOCK",2026-01-07 22:30:00,NA,NA,NA
"DOCK",2026-01-07 22:45:00,NA,NA,NA
"DOCK",2026-01-07 23:00:00,NA,NA,NA
"DOCK",2026-01-07 23:15:00,NA,NA,NA
"DOCK",2026-01-07 23:30:00,NA,NA,NA
"DOCK",2026-01-07 23:45:00,NA,NA,NA
"DOCK",2026-01-08,NA,NA,NA
"DOCK",2026-01-08 00:15:00,NA,NA,NA
"DOCK",2026-01-08 00:30:00,NA,NA,NA
"DOCK",2026-01-08 00:45:00,NA,NA,NA
"DOCK",2026-01-08 01:00:00,NA,NA,NA
"DOCK",2026-01-08 01:15:00,NA,NA,NA
"DOCK",2026-01-08 01:30:00,NA,NA,NA
"DOCK",2026-01-08 01:45:00,NA,NA,NA
"DOCK",2026-01-08 02:00:00,NA,NA,NA
"DOCK",2026-01-08 02:15:00,NA,NA,NA
"DOCK",2026-01-08 02:30:00,NA,NA,NA
"DOCK",2026-01-08 02:45:00,NA,NA,NA
"DOCK",2026-01-08 03:00:00,NA,NA,NA
"DOCK",2026-01-08 03:15:00,NA,NA,NA
"DOCK",2026-01-08 03:30:00,NA,NA,NA
"DOCK",2026-01-08 03:45:00,NA,NA,NA
"DOCK",2026-01-08 04:00:00,NA,NA,NA
"DOCK",2026-01-08 04:15:00,NA,NA,NA
"DOCK",2026-01-08 04:30:00,NA,NA,NA
"DOCK",2026-01-08 04:45:00,NA,NA,NA
"DOCK",2026-01-08 05:00:00,NA,NA,NA
"DOCK",2026-01-08 05:15:00,NA,NA,NA
"DOCK",2026-01-08 05:30:00,NA,NA,NA
"DOCK",2026-01-08 05:45:00,NA,NA,NA
"DOCK",2026-01-08 06:00:00,NA,NA,NA
"DOCK",2026-01-08 06:15:00,NA,NA,NA
"DOCK",2026-01-08 06:30:00,NA,NA,NA
"DOCK",2026-01-08 06:45:00,NA,NA,NA
"DOCK",2026-01-08 07:00:00,NA,NA,NA
"DOCK",2026-01-08 07:15:00,NA,NA,NA
"DOCK",2026-01-08 07:30:00,NA,NA,NA
"DOCK",2026-01-08 07:45:00,NA,NA,NA
"DOCK",2026-01-08 08:00:00,NA,NA,NA
"DOCK",2026-01-08 08:15:00,NA,NA,NA
"DOCK",2026-01-08 08:30:00,NA,NA,NA
"DOCK",2026-01-08 08:45:00,NA,NA,NA
"DOCK",2026-01-08 09:00:00,NA,NA,NA
"DOCK",2026-01-08 09:15:00,NA,NA,NA
"DOCK",2026-01-08 09:30:00,NA,NA,NA
"DOCK",2026-01-08 09:45:00,NA,NA,NA
"DOCK",2026-01-08 10:00:00,NA,NA,NA
"DOCK",2026-01-08 10:15:00,NA,NA,NA
"DOCK",2026-01-08 10:30:00,NA,NA,NA
"DOCK",2026-01-08 10:45:00,NA,NA,NA
"DOCK",2026-01-08 11:00:00,NA,NA,NA
"DOCK",2026-01-08 11:15:00,NA,NA,NA
"DOCK",2026-01-08 11:30:00,NA,NA,NA
"DOCK",2026-01-08 11:45:00,NA,NA,NA
"DOCK",2026-01-08 12:00:00,NA,NA,NA
"DOCK",2026-01-08 12:15:00,NA,NA,NA
"DOCK",2026-01-08 12:30:00,NA,NA,NA
"DOCK",2026-01-08 12:45:00,NA,NA,NA
"DOCK",2026-01-08 13:00:00,NA,NA,NA
"DOCK",2026-01-08 13:15:00,NA,NA,NA
"DOCK",2026-01-08 13:30:00,NA,NA,NA
"DOCK",2026-01-08 13:45:00,NA,NA,NA
"DOCK",2026-01-08 14:00:00,NA,NA,NA
"DOCK",2026-01-08 14:15:00,NA,NA,NA
"DOCK",2026-01-08 14:30:00,NA,NA,NA
"DOCK",2026-01-08 14:45:00,NA,NA,NA
"DOCK",2026-01-08 15:00:00,NA,NA,NA
"DOCK",2026-01-08 15:15:00,NA,NA,NA
"DOCK",2026-01-08 15:30:00,NA,NA,NA
"DOCK",2026-01-08 15:45:00,NA,NA,NA
"DOCK",2026-01-08 16:00:00,NA,NA,NA
"DOCK",2026-01-08 16:15:00,NA,NA,NA
"DOCK",2026-01-08 16:30:00,NA,NA,NA
"DOCK",2026-01-08 16:45:00,NA,NA,NA
"DOCK",2026-01-08 17:00:00,NA,NA,NA
"DOCK",2026-01-08 17:15:00,NA,NA,NA
"DOCK",2026-01-08 17:30:00,NA,NA,NA
"DOCK",2026-01-08 17:45:00,NA,NA,NA
"DOCK",2026-01-08 18:00:00,NA,NA,NA
"DOCK",2026-01-08 18:15:00,NA,NA,NA
"DOCK",2026-01-08 18:30:00,NA,NA,NA
"DOCK",2026-01-08 18:45:00,NA,NA,NA
"DOCK",2026-01-08 19:00:00,NA,NA,NA
"DOCK",2026-01-08 19:15:00,NA,NA,NA
"DOCK",2026-01-08 19:30:00,NA,NA,NA
"DOCK",2026-01-08 19:45:00,NA,NA,NA
"DOCK",2026-01-08 20:00:00,NA,NA,NA
"DOCK",2026-01-08 20:15:00,NA,NA,NA
"DOCK",2026-01-08 20:30:00,NA,NA,NA
"DOCK",2026-01-08 20:45:00,NA,NA,NA
"DOCK",2026-01-08 21:00:00,NA,NA,NA
"DOCK",2026-01-08 21:15:00,NA,NA,NA
"DOCK",2026-01-08 21:30:00,NA,NA,NA
"DOCK",2026-01-08 21:45:00,NA,NA,NA
"DOCK",2026-01-08 22:00:00,NA,NA,NA
"DOCK",2026-01-08 22:15:00,NA,NA,NA
"DOCK",2026-01-08 22:30:00,NA,NA,NA
"DOCK",2026-01-08 22:45:00,NA,NA,NA
"DOCK",2026-01-08 23:00:00,NA,NA,NA
"DOCK",2026-01-08 23:15:00,NA,NA,NA
"DOCK",2026-01-08 23:30:00,NA,NA,NA
"DOCK",2026-01-08 23:45:00,NA,NA,NA
"DOCK",2026-01-09,NA,NA,NA
"DOCK",2026-01-09 00:15:00,NA,NA,NA
"DOCK",2026-01-09 00:30:00,NA,NA,NA
"DOCK",2026-01-09 00:45:00,NA,NA,NA
"DOCK",2026-01-09 01:00:00,NA,NA,NA
"DOCK",2026-01-09 01:15:00,NA,NA,NA
"DOCK",2026-01-09 01:30:00,NA,NA,NA
"DOCK",2026-01-09 01:45:00,NA,NA,NA
"DOCK",2026-01-09 02:00:00,NA,NA,NA
"DOCK",2026-01-09 02:15:00,NA,NA,NA
"DOCK",2026-01-09 02:30:00,NA,NA,NA
"DOCK",2026-01-09 02:45:00,NA,NA,NA
"DOCK",2026-01-09 03:00:00,NA,NA,NA
"DOCK",2026-01-09 03:15:00,NA,NA,NA
"DOCK",2026-01-09 03:30:00,NA,NA,NA
"DOCK",2026-01-09 03:45:00,NA,NA,NA
"DOCK",2026-01-09 04:00:00,NA,NA,NA
"DOCK",2026-01-09 04:15:00,NA,NA,NA
"DOCK",2026-01-09 04:30:00,NA,NA,NA
"DOCK",2026-01-09 04:45:00,NA,NA,NA
"DOCK",2026-01-09 05:00:00,NA,NA,NA
"DOCK",2026-01-09 05:15:00,NA,NA,NA
"DOCK",2026-01-09 05:30:00,NA,NA,NA
"DOCK",2026-01-09 05:45:00,NA,NA,NA
"DOCK",2026-01-09 06:00:00,NA,NA,NA
"DOCK",2026-01-09 06:15:00,NA,NA,NA
"DOCK",2026-01-09 06:30:00,NA,NA,NA
"DOCK",2026-01-09 06:45:00,NA,NA,NA
"DOCK",2026-01-09 07:00:00,NA,NA,NA
"DOCK",2026-01-09 07:15:00,NA,NA,NA
"DOCK",2026-01-09 07:30:00,NA,NA,NA
"DOCK",2026-01-09 07:45:00,NA,NA,NA
"DOCK",2026-01-09 08:00:00,NA,NA,NA
"DOCK",2026-01-09 08:15:00,NA,NA,NA
"DOCK",2026-01-09 08:30:00,NA,NA,NA
"DOCK",2026-01-09 08:45:00,NA,NA,NA
"DOCK",2026-01-09 09:00:00,NA,NA,NA
"DOCK",2026-01-09 09:15:00,NA,NA,NA
"DOCK",2026-01-09 09:30:00,NA,NA,NA
"DOCK",2026-01-09 09:45:00,NA,NA,NA
"DOCK",2026-01-09 10:00:00,NA,NA,NA
"DOCK",2026-01-09 10:15:00,NA,NA,NA
"DOCK",2026-01-09 10:30:00,NA,NA,NA
"DOCK",2026-01-09 10:45:00,NA,NA,NA
"DOCK",2026-01-09 11:00:00,NA,NA,NA
"DOCK",2026-01-09 11:15:00,NA,NA,NA
"DOCK",2026-01-09 11:30:00,NA,NA,NA
"DOCK",2026-01-09 11:45:00,NA,NA,NA
"DOCK",2026-01-09 12:00:00,NA,NA,NA
"DOCK",2026-01-09 12:15:00,NA,NA,NA
"DOCK",2026-01-09 12:30:00,NA,NA,NA
"DOCK",2026-01-09 12:45:00,NA,NA,NA
"DOCK",2026-01-09 13:00:00,NA,NA,NA
"DOCK",2026-01-09 13:15:00,NA,NA,NA
"DOCK",2026-01-09 13:30:00,NA,NA,NA
"DOCK",2026-01-09 13:45:00,NA,NA,NA
"DOCK",2026-01-09 14:00:00,NA,NA,NA
"DOCK",2026-01-09 14:15:00,NA,NA,NA
"DOCK",2026-01-09 14:30:00,NA,NA,NA
"DOCK",2026-01-09 14:45:00,NA,NA,NA
"DOCK",2026-01-09 15:00:00,NA,NA,NA
"DOCK",2026-01-09 15:15:00,NA,NA,NA
"DOCK",2026-01-09 15:30:00,NA,NA,NA
"DOCK",2026-01-09 15:45:00,NA,NA,NA
"DOCK",2026-01-09 16:00:00,NA,NA,NA
"DOCK",2026-01-09 16:15:00,NA,NA,NA
"DOCK",2026-01-09 16:30:00,NA,NA,NA
"DOCK",2026-01-09 16:45:00,NA,NA,NA
"DOCK",2026-01-09 17:00:00,NA,NA,NA
"DOCK",2026-01-09 17:15:00,NA,NA,NA
"DOCK",2026-01-09 17:30:00,NA,NA,NA
"DOCK",2026-01-09 17:45:00,NA,NA,NA
"DOCK",2026-01-09 18:00:00,NA,NA,NA
"DOCK",2026-01-09 18:15:00,NA,NA,NA
"DOCK",2026-01-09 18:30:00,NA,NA,NA
"DOCK",2026-01-09 18:45:00,NA,NA,NA
"DOCK",2026-01-09 19:00:00,NA,NA,NA
"DOCK",2026-01-09 19:15:00,NA,NA,NA
"DOCK",2026-01-09 19:30:00,NA,NA,NA
"DOCK",2026-01-09 19:45:00,NA,NA,NA
"DOCK",2026-01-09 20:00:00,NA,NA,NA
"DOCK",2026-01-09 20:15:00,NA,NA,NA
"DOCK",2026-01-09 20:30:00,NA,NA,NA
"DOCK",2026-01-09 20:45:00,NA,NA,NA
"DOCK",2026-01-09 21:00:00,NA,NA,NA
"DOCK",2026-01-09 21:15:00,NA,NA,NA
"DOCK",2026-01-09 21:30:00,NA,NA,NA
"DOCK",2026-01-09 21:45:00,NA,NA,NA
"DOCK",2026-01-09 22:00:00,NA,NA,NA
"DOCK",2026-01-09 22:15:00,NA,NA,NA
"DOCK",2026-01-09 22:30:00,NA,NA,NA
"DOCK",2026-01-09 22:45:00,NA,NA,NA
"DOCK",2026-01-09 23:00:00,NA,NA,NA
"DOCK",2026-01-09 23:15:00,NA,NA,NA
"DOCK",2026-01-09 23:30:00,NA,NA,NA
"DOCK",2026-01-09 23:45:00,NA,NA,NA
"DOCK",2026-01-10,NA,NA,NA
"DOCK",2026-01-10 00:15:00,NA,NA,NA
"DOCK",2026-01-10 00:30:00,NA,NA,NA
"DOCK",2026-01-10 00:45:00,NA,NA,NA
"DOCK",2026-01-10 01:00:00,NA,NA,NA
"DOCK",2026-01-10 01:15:00,NA,NA,NA
"DOCK",2026-01-10 01:30:00,NA,NA,NA
"DOCK",2026-01-10 01:45:00,NA,NA,NA
"DOCK",2026-01-10 02:00:00,NA,NA,NA
"DOCK",2026-01-10 02:15:00,NA,NA,NA
"DOCK",2026-01-10 02:30:00,NA,NA,NA
"DOCK",2026-01-10 02:45:00,NA,NA,NA
"DOCK",2026-01-10 03:00:00,NA,NA,NA
"DOCK",2026-01-10 03:15:00,NA,NA,NA
"DOCK",2026-01-10 03:30:00,NA,NA,NA
"DOCK",2026-01-10 03:45:00,NA,NA,NA
"DOCK",2026-01-10 04:00:00,NA,NA,NA
"DOCK",2026-01-10 04:15:00,NA,NA,NA
"DOCK",2026-01-10 04:30:00,NA,NA,NA
"DOCK",2026-01-10 04:45:00,NA,NA,NA
"DOCK",2026-01-10 05:00:00,NA,NA,NA
"DOCK",2026-01-10 05:15:00,NA,NA,NA
"DOCK",2026-01-10 05:30:00,NA,NA,NA
"DOCK",2026-01-10 05:45:00,NA,NA,NA
"DOCK",2026-01-10 06:00:00,NA,NA,NA
"DOCK",2026-01-10 06:15:00,NA,NA,NA
"DOCK",2026-01-10 06:30:00,NA,NA,NA
"DOCK",2026-01-10 06:45:00,NA,NA,NA
"DOCK",2026-01-10 07:00:00,NA,NA,NA
"DOCK",2026-01-10 07:15:00,NA,NA,NA
"DOCK",2026-01-10 07:30:00,NA,NA,NA
"DOCK",2026-01-10 07:45:00,NA,NA,NA
"DOCK",2026-01-10 08:00:00,NA,NA,NA
"DOCK",2026-01-10 08:15:00,NA,NA,NA
"DOCK",2026-01-10 08:30:00,NA,NA,NA
"DOCK",2026-01-10 08:45:00,NA,NA,NA
"DOCK",2026-01-10 09:00:00,NA,NA,NA
"DOCK",2026-01-10 09:15:00,NA,NA,NA
"DOCK",2026-01-10 09:30:00,NA,NA,NA
"DOCK",2026-01-10 09:45:00,NA,NA,NA
"DOCK",2026-01-10 10:00:00,NA,NA,NA
"DOCK",2026-01-10 10:15:00,NA,NA,NA
"DOCK",2026-01-10 10:30:00,NA,NA,NA
"DOCK",2026-01-10 10:45:00,NA,NA,NA
"DOCK",2026-01-10 11:00:00,NA,NA,NA
"DOCK",2026-01-10 11:15:00,NA,NA,NA
"DOCK",2026-01-10 11:30:00,NA,NA,NA
"DOCK",2026-01-10 11:45:00,NA,NA,NA
"DOCK",2026-01-10 12:00:00,NA,NA,NA
"DOCK",2026-01-10 12:15:00,NA,NA,NA
"DOCK",2026-01-10 12:30:00,NA,NA,NA
"DOCK",2026-01-10 12:45:00,NA,NA,NA
"DOCK",2026-01-10 13:00:00,NA,NA,NA
"DOCK",2026-01-10 13:15:00,NA,NA,NA
"DOCK",2026-01-10 13:30:00,NA,NA,NA
"DOCK",2026-01-10 13:45:00,NA,NA,NA
"DOCK",2026-01-10 14:00:00,NA,NA,NA
"DOCK",2026-01-10 14:15:00,NA,NA,NA
"DOCK",2026-01-10 14:30:00,NA,NA,NA
"DOCK",2026-01-10 14:45:00,NA,NA,NA
"DOCK",2026-01-10 15:00:00,NA,NA,NA
"DOCK",2026-01-10 15:15:00,NA,NA,NA
"DOCK",2026-01-10 15:30:00,NA,NA,NA
"DOCK",2026-01-10 15:45:00,NA,NA,NA
"DOCK",2026-01-10 16:00:00,NA,NA,NA
"DOCK",2026-01-10 16:15:00,NA,NA,NA
"DOCK",2026-01-10 16:30:00,NA,NA,NA
"DOCK",2026-01-10 16:45:00,NA,NA,NA
"DOCK",2026-01-10 17:00:00,NA,NA,NA
"DOCK",2026-01-10 17:15:00,NA,NA,NA
"DOCK",2026-01-10 17:30:00,NA,NA,NA
"DOCK",2026-01-10 17:45:00,NA,NA,NA
"DOCK",2026-01-10 18:00:00,NA,NA,NA
"DOCK",2026-01-10 18:15:00,NA,NA,NA
"DOCK",2026-01-10 18:30:00,NA,NA,NA
"DOCK",2026-01-10 18:45:00,NA,NA,NA
"DOCK",2026-01-10 19:00:00,NA,NA,NA
"DOCK",2026-01-10 19:15:00,NA,NA,NA
"DOCK",2026-01-10 19:30:00,NA,NA,NA
"DOCK",2026-01-10 19:45:00,NA,NA,NA
"DOCK",2026-01-10 20:00:00,NA,NA,NA
"DOCK",2026-01-10 20:15:00,NA,NA,NA
"DOCK",2026-01-10 20:30:00,NA,NA,NA
"DOCK",2026-01-10 20:45:00,NA,NA,NA
"DOCK",2026-01-10 21:00:00,NA,NA,NA
"DOCK",2026-01-10 21:15:00,NA,NA,NA
"DOCK",2026-01-10 21:30:00,NA,NA,NA
"DOCK",2026-01-10 21:45:00,NA,NA,NA
"DOCK",2026-01-10 22:00:00,NA,NA,NA
"DOCK",2026-01-10 22:15:00,NA,NA,NA
"DOCK",2026-01-10 22:30:00,NA,NA,NA
"DOCK",2026-01-10 22:45:00,NA,NA,NA
"DOCK",2026-01-10 23:00:00,NA,NA,NA
"DOCK",2026-01-10 23:15:00,NA,NA,NA
"DOCK",2026-01-10 23:30:00,NA,NA,NA
"DOCK",2026-01-10 23:45:00,NA,NA,NA
"DOCK",2026-01-11,NA,NA,NA
"DOCK",2026-01-11 00:15:00,NA,NA,NA
"DOCK",2026-01-11 00:30:00,NA,NA,NA
"DOCK",2026-01-11 00:45:00,NA,NA,NA
"DOCK",2026-01-11 01:00:00,NA,NA,NA
"DOCK",2026-01-11 01:15:00,NA,NA,NA
"DOCK",2026-01-11 01:30:00,NA,NA,NA
"DOCK",2026-01-11 01:45:00,NA,NA,NA
"DOCK",2026-01-11 02:00:00,NA,NA,NA
"DOCK",2026-01-11 02:15:00,NA,NA,NA
"DOCK",2026-01-11 02:30:00,NA,NA,NA
"DOCK",2026-01-11 02:45:00,NA,NA,NA
"DOCK",2026-01-11 03:00:00,NA,NA,NA
"DOCK",2026-01-11 03:15:00,NA,NA,NA
"DOCK",2026-01-11 03:30:00,NA,NA,NA
"DOCK",2026-01-11 03:45:00,NA,NA,NA
"DOCK",2026-01-11 04:00:00,NA,NA,NA
"DOCK",2026-01-11 04:15:00,NA,NA,NA
"DOCK",2026-01-11 04:30:00,NA,NA,NA
"DOCK",2026-01-11 04:45:00,NA,NA,NA
"DOCK",2026-01-11 05:00:00,NA,NA,NA
"DOCK",2026-01-11 05:15:00,NA,NA,NA
"DOCK",2026-01-11 05:30:00,NA,NA,NA
"DOCK",2026-01-11 05:45:00,NA,NA,NA
"DOCK",2026-01-11 06:00:00,NA,NA,NA
"DOCK",2026-01-11 06:15:00,NA,NA,NA
"DOCK",2026-01-11 06:30:00,NA,NA,NA
"DOCK",2026-01-11 06:45:00,NA,NA,NA
"DOCK",2026-01-11 07:00:00,NA,NA,NA
"DOCK",2026-01-11 07:15:00,NA,NA,NA
"DOCK",2026-01-11 07:30:00,NA,NA,NA
"DOCK",2026-01-11 07:45:00,NA,NA,NA
"DOCK",2026-01-11 08:00:00,NA,NA,NA
"DOCK",2026-01-11 08:15:00,NA,NA,NA
"DOCK",2026-01-11 08:30:00,NA,NA,NA
"DOCK",2026-01-11 08:45:00,NA,NA,NA
"DOCK",2026-01-11 09:00:00,NA,NA,NA
"DOCK",2026-01-11 09:15:00,NA,NA,NA
"DOCK",2026-01-11 09:30:00,NA,NA,NA
"DOCK",2026-01-11 09:45:00,NA,NA,NA
"DOCK",2026-01-11 10:00:00,NA,NA,NA
"DOCK",2026-01-11 10:15:00,NA,NA,NA
"DOCK",2026-01-11 10:30:00,NA,NA,NA
"DOCK",2026-01-11 10:45:00,NA,NA,NA
"DOCK",2026-01-11 11:00:00,NA,NA,NA
"DOCK",2026-01-11 11:15:00,NA,NA,NA
"DOCK",2026-01-11 11:30:00,NA,NA,NA
"DOCK",2026-01-11 11:45:00,NA,NA,NA
"DOCK",2026-01-11 12:00:00,NA,NA,NA
"DOCK",2026-01-11 12:15:00,NA,NA,NA
"DOCK",2026-01-11 12:30:00,NA,NA,NA
"DOCK",2026-01-11 12:45:00,NA,NA,NA
"DOCK",2026-01-11 13:00:00,NA,NA,NA
"DOCK",2026-01-11 13:15:00,NA,NA,NA
"DOCK",2026-01-11 13:30:00,NA,NA,NA
"DOCK",2026-01-11 13:45:00,NA,NA,NA
"DOCK",2026-01-11 14:00:00,NA,NA,NA
"DOCK",2026-01-11 14:15:00,NA,NA,NA
"DOCK",2026-01-11 14:30:00,NA,NA,NA
"DOCK",2026-01-11 14:45:00,NA,NA,NA
"DOCK",2026-01-11 15:00:00,NA,NA,NA
"DOCK",2026-01-11 15:15:00,NA,NA,NA
"DOCK",2026-01-11 15:30:00,NA,NA,NA
"DOCK",2026-01-11 15:45:00,NA,NA,NA
"DOCK",2026-01-11 16:00:00,NA,NA,NA
"DOCK",2026-01-11 16:15:00,NA,NA,NA
"DOCK",2026-01-11 16:30:00,NA,NA,NA
"DOCK",2026-01-11 16:45:00,NA,NA,NA
"DOCK",2026-01-11 17:00:00,NA,NA,NA
"DOCK",2026-01-11 17:15:00,NA,NA,NA
"DOCK",2026-01-11 17:30:00,NA,NA,NA
"DOCK",2026-01-11 17:45:00,NA,NA,NA
"DOCK",2026-01-11 18:00:00,NA,NA,NA
"DOCK",2026-01-11 18:15:00,NA,NA,NA
"DOCK",2026-01-11 18:30:00,NA,NA,NA
"DOCK",2026-01-11 18:45:00,NA,NA,NA
"DOCK",2026-01-11 19:00:00,NA,NA,NA
"DOCK",2026-01-11 19:15:00,NA,NA,NA
"DOCK",2026-01-11 19:30:00,NA,NA,NA
"DOCK",2026-01-11 19:45:00,NA,NA,NA
"DOCK",2026-01-11 20:00:00,NA,NA,NA
"DOCK",2026-01-11 20:15:00,NA,NA,NA
"DOCK",2026-01-11 20:30:00,NA,NA,NA
"DOCK",2026-01-11 20:45:00,NA,NA,NA
"DOCK",2026-01-11 21:00:00,NA,NA,NA
"DOCK",2026-01-11 21:15:00,NA,NA,NA
"DOCK",2026-01-11 21:30:00,NA,NA,NA
"DOCK",2026-01-11 21:45:00,NA,NA,NA
"DOCK",2026-01-11 22:00:00,NA,NA,NA
"DOCK",2026-01-11 22:15:00,NA,NA,NA
"DOCK",2026-01-11 22:30:00,NA,NA,NA
"DOCK",2026-01-11 22:45:00,NA,NA,NA
"DOCK",2026-01-11 23:00:00,NA,NA,NA
"DOCK",2026-01-11 23:15:00,NA,NA,NA
"DOCK",2026-01-11 23:30:00,NA,NA,NA
"DOCK",2026-01-11 23:45:00,NA,NA,NA
"DOCK",2026-01-12,NA,NA,NA
"DOCK",2026-01-12 00:15:00,NA,NA,NA
"DOCK",2026-01-12 00:30:00,NA,NA,NA
"DOCK",2026-01-12 00:45:00,NA,NA,NA
"DOCK",2026-01-12 01:00:00,NA,NA,NA
"DOCK",2026-01-12 01:15:00,NA,NA,NA
"DOCK",2026-01-12 01:30:00,NA,NA,NA
"DOCK",2026-01-12 01:45:00,NA,NA,NA
"DOCK",2026-01-12 02:00:00,NA,NA,NA
"DOCK",2026-01-12 02:15:00,NA,NA,NA
"DOCK",2026-01-12 02:30:00,NA,NA,NA
"DOCK",2026-01-12 02:45:00,NA,NA,NA
"DOCK",2026-01-12 03:00:00,NA,NA,NA
"DOCK",2026-01-12 03:15:00,NA,NA,NA
"DOCK",2026-01-12 03:30:00,NA,NA,NA
"DOCK",2026-01-12 03:45:00,NA,NA,NA
"DOCK",2026-01-12 04:00:00,NA,NA,NA
"DOCK",2026-01-12 04:15:00,NA,NA,NA
"DOCK",2026-01-12 04:30:00,NA,NA,NA
"DOCK",2026-01-12 04:45:00,NA,NA,NA
"DOCK",2026-01-12 05:00:00,NA,NA,NA
"DOCK",2026-01-12 05:15:00,NA,NA,NA
"DOCK",2026-01-12 05:30:00,NA,NA,NA
"DOCK",2026-01-12 05:45:00,NA,NA,NA
"DOCK",2026-01-12 06:00:00,NA,NA,NA
"DOCK",2026-01-12 06:15:00,NA,NA,NA
"DOCK",2026-01-12 06:30:00,NA,NA,NA
"DOCK",2026-01-12 06:45:00,NA,NA,NA
"DOCK",2026-01-12 07:00:00,NA,NA,NA
"DOCK",2026-01-12 07:15:00,NA,NA,NA
"DOCK",2026-01-12 07:30:00,NA,NA,NA
"DOCK",2026-01-12 07:45:00,NA,NA,NA
"DOCK",2026-01-12 08:00:00,NA,NA,NA
"DOCK",2026-01-12 08:15:00,NA,NA,NA
"DOCK",2026-01-12 08:30:00,NA,NA,NA
"DOCK",2026-01-12 08:45:00,NA,NA,NA
"DOCK",2026-01-12 09:00:00,NA,NA,NA
"DOCK",2026-01-12 09:15:00,NA,NA,NA
"DOCK",2026-01-12 09:30:00,NA,NA,NA
"DOCK",2026-01-12 09:45:00,NA,NA,NA
"DOCK",2026-01-12 10:00:00,NA,NA,NA
"DOCK",2026-01-12 10:15:00,NA,NA,NA
"DOCK",2026-01-12 10:30:00,NA,NA,NA
"DOCK",2026-01-12 10:45:00,NA,NA,NA
"DOCK",2026-01-12 11:00:00,NA,NA,NA
"DOCK",2026-01-12 11:15:00,NA,NA,NA
"DOCK",2026-01-12 11:30:00,NA,NA,NA
"DOCK",2026-01-12 11:45:00,NA,NA,NA
"DOCK",2026-01-12 12:00:00,NA,NA,NA
"DOCK",2026-01-12 12:15:00,NA,NA,NA
"DOCK",2026-01-12 12:30:00,NA,NA,NA
"DOCK",2026-01-12 12:45:00,NA,NA,NA
"DOCK",2026-01-12 13:00:00,NA,NA,NA
"DOCK",2026-01-12 13:15:00,NA,NA,NA
"DOCK",2026-01-12 13:30:00,NA,NA,NA
"DOCK",2026-01-12 13:45:00,NA,NA,NA
"DOCK",2026-01-12 14:00:00,NA,NA,NA
"DOCK",2026-01-12 14:15:00,NA,NA,NA
"DOCK",2026-01-12 14:30:00,NA,NA,NA
"DOCK",2026-01-12 14:45:00,NA,NA,NA
"DOCK",2026-01-12 15:00:00,NA,NA,NA
"DOCK",2026-01-12 15:15:00,NA,NA,NA
"DOCK",2026-01-12 15:30:00,NA,NA,NA
"DOCK",2026-01-12 16:00:00,NA,NA,NA
"DOCK",2026-01-12 16:15:00,NA,NA,NA
"DOCK",2026-01-12 16:30:00,NA,NA,NA
"DOCK",2026-01-12 16:45:00,NA,NA,NA
"DOCK",2026-01-12 17:00:00,NA,NA,NA
"DOCK",2026-01-12 17:15:00,NA,NA,NA
"DOCK",2026-01-12 17:30:00,NA,NA,NA
"DOCK",2026-01-12 17:45:00,NA,NA,NA
"DOCK",2026-01-12 18:00:00,NA,NA,NA
"DOCK",2026-01-12 18:15:00,NA,NA,NA
"DOCK",2026-01-12 18:30:00,NA,NA,NA
"DOCK",2026-01-12 18:45:00,NA,NA,NA
"DOCK",2026-01-12 19:00:00,NA,NA,NA
"DOCK",2026-01-12 19:15:00,NA,NA,NA
"DOCK",2026-01-12 19:30:00,NA,NA,NA
"DOCK",2026-01-12 19:45:00,NA,NA,NA
"DOCK",2026-01-12 20:00:00,NA,NA,NA
"DOCK",2026-01-12 20:15:00,NA,NA,NA
"DOCK",2026-01-12 20:30:00,NA,NA,NA
"DOCK",2026-01-12 20:45:00,NA,NA,NA
"DOCK",2026-01-12 21:00:00,NA,NA,NA
"DOCK",2026-01-12 21:15:00,NA,NA,NA
"DOCK",2026-01-12 21:30:00,NA,NA,NA
"DOCK",2026-01-12 21:45:00,NA,NA,NA
"DOCK",2026-01-12 22:00:00,NA,NA,NA
"DOCK",2026-01-12 22:15:00,NA,NA,NA
"DOCK",2026-01-12 22:30:00,NA,NA,NA
"DOCK",2026-01-12 22:45:00,NA,NA,NA
"DOCK",2026-01-12 23:00:00,NA,NA,NA
"DOCK",2026-01-12 23:15:00,NA,NA,NA
"DOCK",2026-01-12 23:30:00,NA,NA,NA
"DOCK",2026-01-12 23:45:00,NA,NA,NA
"DOCK",2026-01-13,NA,NA,NA
"DOCK",2026-01-13 00:15:00,NA,NA,NA
"DOCK",2026-01-13 00:30:00,NA,NA,NA
"DOCK",2026-01-13 00:45:00,NA,NA,NA
"DOCK",2026-01-13 01:00:00,NA,NA,NA
"DOCK",2026-01-13 01:15:00,NA,NA,NA
"DOCK",2026-01-13 01:30:00,NA,NA,NA
"DOCK",2026-01-13 01:45:00,NA,NA,NA
"DOCK",2026-01-13 02:00:00,NA,NA,NA
"DOCK",2026-01-13 02:15:00,NA,NA,NA
"DOCK",2026-01-13 02:30:00,NA,NA,NA
"DOCK",2026-01-13 02:45:00,NA,NA,NA
"DOCK",2026-01-13 03:00:00,NA,NA,NA
"DOCK",2026-01-13 03:15:00,NA,NA,NA
"DOCK",2026-01-13 03:30:00,NA,NA,NA
"DOCK",2026-01-13 03:45:00,NA,NA,NA
"DOCK",2026-01-13 04:00:00,NA,NA,NA
"DOCK",2026-01-13 04:15:00,NA,NA,NA
"DOCK",2026-01-13 04:30:00,NA,NA,NA
"DOCK",2026-01-13 04:45:00,NA,NA,NA
"DOCK",2026-01-13 05:00:00,NA,NA,NA
"DOCK",2026-01-13 05:15:00,NA,NA,NA
"DOCK",2026-01-13 05:30:00,NA,NA,NA
"DOCK",2026-01-13 05:45:00,NA,NA,NA
"DOCK",2026-01-13 06:00:00,NA,NA,NA
"DOCK",2026-01-13 06:15:00,NA,NA,NA
"DOCK",2026-01-13 06:30:00,NA,NA,NA
"DOCK",2026-01-13 06:45:00,NA,NA,NA
"DOCK",2026-01-13 07:00:00,NA,NA,NA
"DOCK",2026-01-13 07:15:00,NA,NA,NA
"DOCK",2026-01-13 07:30:00,NA,NA,NA
"DOCK",2026-01-13 07:45:00,NA,NA,NA
"DOCK",2026-01-13 08:00:00,NA,NA,NA
"DOCK",2026-01-13 08:15:00,NA,NA,NA
"DOCK",2026-01-13 08:30:00,NA,NA,NA
"DOCK",2026-01-13 08:45:00,NA,NA,NA
"DOCK",2026-01-13 09:00:00,NA,NA,NA
"DOCK",2026-01-13 09:15:00,NA,NA,NA
"DOCK",2026-01-13 09:30:00,NA,NA,NA
"DOCK",2026-01-13 09:45:00,NA,NA,NA
"DOCK",2026-01-13 10:00:00,NA,NA,NA
"DOCK",2026-01-13 10:15:00,NA,NA,NA
"DOCK",2026-01-13 10:30:00,NA,NA,NA
"DOCK",2026-01-13 10:45:00,NA,NA,NA
"DOCK",2026-01-13 11:00:00,NA,NA,NA
"DOCK",2026-01-13 11:15:00,NA,NA,NA
"DOCK",2026-01-13 11:30:00,NA,NA,NA
"DOCK",2026-01-13 11:45:00,NA,NA,NA
"DOCK",2026-01-13 12:00:00,NA,NA,NA
"DOCK",2026-01-13 12:15:00,NA,NA,NA
"DOCK",2026-01-13 12:30:00,NA,NA,NA
"DOCK",2026-01-13 12:45:00,NA,NA,NA
"DOCK",2026-01-13 13:00:00,NA,NA,NA
"DOCK",2026-01-13 13:15:00,NA,NA,NA
"DOCK",2026-01-13 13:30:00,NA,NA,NA
"DOCK",2026-01-13 13:45:00,NA,NA,NA
"DOCK",2026-01-13 14:00:00,NA,NA,NA
"DOCK",2026-01-13 14:15:00,NA,NA,NA
"DOCK",2026-01-13 14:30:00,NA,NA,NA
"DOCK",2026-01-13 14:45:00,NA,NA,NA
"DOCK",2026-01-13 15:00:00,NA,NA,NA
"DOCK",2026-01-13 15:15:00,NA,NA,NA
"DOCK",2026-01-13 15:30:00,NA,NA,NA
"DOCK",2026-01-13 15:45:00,NA,NA,NA
"DOCK",2026-01-13 16:00:00,NA,NA,NA
"DOCK",2026-01-13 16:15:00,NA,NA,NA
"DOCK",2026-01-13 16:30:00,NA,NA,NA
"DOCK",2026-01-13 16:45:00,NA,NA,NA
"DOCK",2026-01-13 17:00:00,NA,NA,NA
"DOCK",2026-01-13 17:15:00,NA,NA,NA
"DOCK",2026-01-13 17:30:00,NA,NA,NA
"DOCK",2026-01-13 17:45:00,NA,NA,NA
"DOCK",2026-01-13 18:00:00,NA,NA,NA
"DOCK",2026-01-13 18:15:00,NA,NA,NA
"DOCK",2026-01-13 18:30:00,NA,NA,NA
"DOCK",2026-01-13 18:45:00,NA,NA,NA
"DOCK",2026-01-13 19:00:00,NA,NA,NA
"DOCK",2026-01-13 19:15:00,NA,NA,NA
"DOCK",2026-01-13 19:30:00,NA,NA,NA
"DOCK",2026-01-13 19:45:00,NA,NA,NA
"DOCK",2026-01-13 20:00:00,NA,NA,NA
"DOCK",2026-01-13 20:15:00,NA,NA,NA
"DOCK",2026-01-13 20:30:00,NA,NA,NA
"DOCK",2026-01-13 20:45:00,NA,NA,NA
"DOCK",2026-01-13 21:00:00,NA,NA,NA
"DOCK",2026-01-13 21:15:00,NA,NA,NA
"DOCK",2026-01-13 21:30:00,NA,NA,NA
"DOCK",2026-01-13 21:45:00,NA,NA,NA
"DOCK",2026-01-13 22:00:00,NA,NA,NA
"DOCK",2026-01-13 22:15:00,NA,NA,NA
"DOCK",2026-01-13 22:30:00,NA,NA,NA
"DOCK",2026-01-13 22:45:00,NA,NA,NA
"DOCK",2026-01-13 23:00:00,NA,NA,NA
"DOCK",2026-01-13 23:15:00,NA,NA,NA
"DOCK",2026-01-13 23:30:00,NA,NA,NA
"DOCK",2026-01-13 23:45:00,NA,NA,NA
"DOCK",2026-01-14,NA,NA,NA
"DOCK",2026-01-14 00:15:00,NA,NA,NA
"DOCK",2026-01-14 00:30:00,NA,NA,NA
"DOCK",2026-01-14 00:45:00,NA,NA,NA
"DOCK",2026-01-14 01:00:00,NA,NA,NA
"DOCK",2026-01-14 01:15:00,NA,NA,NA
"DOCK",2026-01-14 01:30:00,NA,NA,NA
"DOCK",2026-01-14 01:45:00,NA,NA,NA
"DOCK",2026-01-14 02:00:00,NA,NA,NA
"DOCK",2026-01-14 02:15:00,NA,NA,NA
"DOCK",2026-01-14 02:30:00,NA,NA,NA
"DOCK",2026-01-14 02:45:00,NA,NA,NA
"DOCK",2026-01-14 03:00:00,NA,NA,NA
"DOCK",2026-01-14 03:15:00,NA,NA,NA
"DOCK",2026-01-14 03:30:00,NA,NA,NA
"DOCK",2026-01-14 03:45:00,NA,NA,NA
"DOCK",2026-01-14 04:00:00,NA,NA,NA
"DOCK",2026-01-14 04:15:00,NA,NA,NA
"DOCK",2026-01-14 04:30:00,NA,NA,NA
"DOCK",2026-01-14 04:45:00,NA,NA,NA
"DOCK",2026-01-14 05:00:00,NA,NA,NA
"DOCK",2026-01-14 05:15:00,NA,NA,NA
"DOCK",2026-01-14 05:30:00,NA,NA,NA
"DOCK",2026-01-14 05:45:00,NA,NA,NA
"DOCK",2026-01-14 06:00:00,NA,NA,NA
"DOCK",2026-01-14 06:15:00,NA,NA,NA
"DOCK",2026-01-14 06:30:00,NA,NA,NA
"DOCK",2026-01-14 06:45:00,NA,NA,NA
"DOCK",2026-01-14 07:00:00,NA,NA,NA
"DOCK",2026-01-14 07:15:00,NA,NA,NA
"DOCK",2026-01-14 07:30:00,NA,NA,NA
"DOCK",2026-01-14 07:45:00,NA,NA,NA
"DOCK",2026-01-14 08:00:00,NA,NA,NA
"DOCK",2026-01-14 08:15:00,NA,NA,NA
"DOCK",2026-01-14 08:30:00,NA,NA,NA
"DOCK",2026-01-14 08:45:00,NA,NA,NA
"DOCK",2026-01-14 09:00:00,NA,NA,NA
"DOCK",2026-01-14 09:15:00,NA,NA,NA
"DOCK",2026-01-14 09:30:00,NA,NA,NA
"DOCK",2026-01-14 09:45:00,NA,NA,NA
"DOCK",2026-01-14 10:00:00,NA,NA,NA
"DOCK",2026-01-14 10:15:00,NA,NA,NA
"DOCK",2026-01-14 10:30:00,NA,NA,NA
"DOCK",2026-01-14 10:45:00,NA,NA,NA
"DOCK",2026-01-14 11:00:00,NA,NA,NA
"DOCK",2026-01-14 11:15:00,NA,NA,NA
"DOCK",2026-01-14 11:30:00,NA,NA,NA
"DOCK",2026-01-14 11:45:00,NA,NA,NA
"DOCK",2026-01-14 12:00:00,NA,NA,NA
"DOCK",2026-01-14 12:15:00,NA,NA,NA
"DOCK",2026-01-14 12:30:00,NA,NA,NA
"DOCK",2026-01-14 12:45:00,NA,NA,NA
"DOCK",2026-01-14 13:00:00,NA,NA,NA
"DOCK",2026-01-14 13:15:00,NA,NA,NA
"DOCK",2026-01-14 13:30:00,NA,NA,NA
"DOCK",2026-01-14 13:45:00,NA,NA,NA
"DOCK",2026-01-14 14:00:00,NA,NA,NA
"DOCK",2026-01-14 14:15:00,NA,NA,NA
"DOCK",2026-01-14 14:30:00,NA,NA,NA
"DOCK",2026-01-14 14:45:00,NA,NA,NA
"DOCK",2026-01-14 15:00:00,NA,NA,NA
"DOCK",2026-01-14 15:15:00,NA,NA,NA
"DOCK",2026-01-14 15:30:00,NA,NA,NA
"DOCK",2026-01-14 15:45:00,NA,NA,NA
"DOCK",2026-01-14 16:00:00,NA,NA,NA
"DOCK",2026-01-14 16:15:00,NA,NA,NA
"DOCK",2026-01-14 16:30:00,NA,NA,NA
"DOCK",2026-01-14 16:45:00,NA,NA,NA
"DOCK",2026-01-14 17:00:00,NA,NA,NA
"DOCK",2026-01-14 17:15:00,NA,NA,NA
"DOCK",2026-01-14 17:30:00,NA,NA,NA
"DOCK",2026-01-14 17:45:00,NA,NA,NA
"DOCK",2026-01-14 18:00:00,NA,NA,NA
"DOCK",2026-01-14 18:15:00,NA,NA,NA
"DOCK",2026-01-14 18:30:00,NA,NA,NA
"DOCK",2026-01-14 18:45:00,NA,NA,NA
"DOCK",2026-01-14 19:00:00,NA,NA,NA
"DOCK",2026-01-14 19:15:00,NA,NA,NA
"DOCK",2026-01-14 19:30:00,NA,NA,NA
"DOCK",2026-01-14 19:45:00,NA,NA,NA
"DOCK",2026-01-14 20:00:00,NA,NA,NA
"DOCK",2026-01-14 20:15:00,NA,NA,NA
"DOCK",2026-01-14 20:30:00,NA,NA,NA
"DOCK",2026-01-14 20:45:00,NA,NA,NA
"DOCK",2026-01-14 21:00:00,NA,NA,NA
"DOCK",2026-01-14 21:15:00,NA,NA,NA
"DOCK",2026-01-14 21:30:00,NA,NA,NA
"DOCK",2026-01-14 21:45:00,NA,NA,NA
"DOCK",2026-01-14 22:00:00,NA,NA,NA
"DOCK",2026-01-14 22:15:00,NA,NA,NA
"DOCK",2026-01-14 22:30:00,NA,NA,NA
"DOCK",2026-01-14 22:45:00,NA,NA,NA
"DOCK",2026-01-14 23:00:00,NA,NA,NA
"DOCK",2026-01-14 23:15:00,NA,NA,NA
"DOCK",2026-01-14 23:30:00,NA,NA,NA
"DOCK",2026-01-14 23:45:00,NA,NA,NA
"DOCK",2026-01-15,NA,NA,NA
"DOCK",2026-01-15 00:15:00,NA,NA,NA
"DOCK",2026-01-15 00:30:00,NA,NA,NA
"DOCK",2026-01-15 00:45:00,NA,NA,NA
"DOCK",2026-01-15 01:00:00,NA,NA,NA
"DOCK",2026-01-15 01:15:00,NA,NA,NA
"DOCK",2026-01-15 01:30:00,NA,NA,NA
"DOCK",2026-01-15 01:45:00,NA,NA,NA
"DOCK",2026-01-15 02:00:00,NA,NA,NA
"DOCK",2026-01-15 02:15:00,NA,NA,NA
"DOCK",2026-01-15 02:30:00,NA,NA,NA
"DOCK",2026-01-15 02:45:00,NA,NA,NA
"DOCK",2026-01-15 03:00:00,NA,NA,NA
"DOCK",2026-01-15 03:15:00,NA,NA,NA
"DOCK",2026-01-15 03:30:00,NA,NA,NA
"DOCK",2026-01-15 03:45:00,NA,NA,NA
"DOCK",2026-01-15 04:00:00,NA,NA,NA
"DOCK",2026-01-15 04:15:00,NA,NA,NA
"DOCK",2026-01-15 04:30:00,NA,NA,NA
"DOCK",2026-01-15 04:45:00,NA,NA,NA
"DOCK",2026-01-15 05:00:00,NA,NA,NA
"DOCK",2026-01-15 05:15:00,NA,NA,NA
"DOCK",2026-01-15 05:30:00,NA,NA,NA
"DOCK",2026-01-15 05:45:00,NA,NA,NA
"DOCK",2026-01-15 06:00:00,NA,NA,NA
"DOCK",2026-01-15 06:15:00,NA,NA,NA
"DOCK",2026-01-15 06:30:00,NA,NA,NA
"DOCK",2026-01-15 06:45:00,NA,NA,NA
"DOCK",2026-01-15 07:00:00,NA,NA,NA
"DOCK",2026-01-15 07:15:00,NA,NA,NA
"DOCK",2026-01-15 07:30:00,NA,NA,NA
"DOCK",2026-01-15 07:45:00,NA,NA,NA
"DOCK",2026-01-15 08:00:00,NA,NA,NA
"DOCK",2026-01-15 08:15:00,NA,NA,NA
"DOCK",2026-01-15 08:30:00,NA,NA,NA
"DOCK",2026-01-15 08:45:00,NA,NA,NA
"DOCK",2026-01-15 09:00:00,NA,NA,NA
"DOCK",2026-01-15 09:15:00,NA,NA,NA
"DOCK",2026-01-15 09:30:00,NA,NA,NA
"DOCK",2026-01-15 09:45:00,NA,NA,NA
"DOCK",2026-01-15 10:00:00,NA,NA,NA
"DOCK",2026-01-15 10:15:00,NA,NA,NA
"DOCK",2026-01-15 10:30:00,NA,NA,NA
"DOCK",2026-01-15 10:45:00,NA,NA,NA
"DOCK",2026-01-15 11:00:00,NA,NA,NA
"DOCK",2026-01-15 11:15:00,NA,NA,NA
"DOCK",2026-01-15 11:30:00,NA,NA,NA
"DOCK",2026-01-15 11:45:00,NA,NA,NA
"DOCK",2026-01-15 12:00:00,NA,NA,NA
"DOCK",2026-01-15 12:15:00,NA,NA,NA
"DOCK",2026-01-15 12:30:00,NA,NA,NA
"DOCK",2026-01-15 12:45:00,NA,NA,NA
"DOCK",2026-01-15 13:00:00,NA,NA,NA
"DOCK",2026-01-15 13:15:00,NA,NA,NA
"DOCK",2026-01-15 13:30:00,NA,NA,NA
"DOCK",2026-01-15 13:45:00,NA,NA,NA
"DOCK",2026-01-15 14:00:00,NA,NA,NA
"DOCK",2026-01-15 14:15:00,NA,NA,NA
"DOCK",2026-01-15 14:30:00,NA,NA,NA
"DOCK",2026-01-15 14:45:00,NA,NA,NA
"DOCK",2026-01-15 15:00:00,NA,NA,NA
"DOCK",2026-01-15 15:15:00,NA,NA,NA
"DOCK",2026-01-15 15:30:00,NA,NA,NA
"DOCK",2026-01-15 15:45:00,NA,NA,NA
"DOCK",2026-01-15 16:00:00,NA,NA,NA
"DOCK",2026-01-15 16:15:00,NA,NA,NA
"DOCK",2026-01-15 16:30:00,NA,NA,NA
"DOCK",2026-01-15 16:45:00,NA,NA,NA
"DOCK",2026-01-15 17:00:00,NA,NA,NA
"DOCK",2026-01-15 17:15:00,NA,NA,NA
"DOCK",2026-01-15 17:30:00,NA,NA,NA
"DOCK",2026-01-15 17:45:00,NA,NA,NA
"DOCK",2026-01-15 18:00:00,NA,NA,NA
"DOCK",2026-01-15 18:15:00,NA,NA,NA
"DOCK",2026-01-15 18:30:00,NA,NA,NA
"DOCK",2026-01-15 18:45:00,NA,NA,NA
"DOCK",2026-01-15 19:00:00,NA,NA,NA
"DOCK",2026-01-15 19:15:00,NA,NA,NA
"DOCK",2026-01-15 19:30:00,NA,NA,NA
"DOCK",2026-01-15 19:45:00,NA,NA,NA
"DOCK",2026-01-15 20:00:00,NA,NA,NA
"DOCK",2026-01-15 20:15:00,NA,NA,NA
"DOCK",2026-01-15 20:30:00,NA,NA,NA
"DOCK",2026-01-15 20:45:00,NA,NA,NA
"DOCK",2026-01-15 21:00:00,NA,NA,NA
"DOCK",2026-01-15 21:15:00,NA,NA,NA
"DOCK",2026-01-15 21:30:00,NA,NA,NA
"DOCK",2026-01-15 21:45:00,NA,NA,NA
"DOCK",2026-01-15 22:00:00,NA,NA,NA
"DOCK",2026-01-15 22:15:00,NA,NA,NA
"DOCK",2026-01-15 22:30:00,NA,NA,NA
"DOCK",2026-01-15 22:45:00,NA,NA,NA
"DOCK",2026-01-15 23:00:00,NA,NA,NA
"DOCK",2026-01-15 23:15:00,NA,NA,NA
"DOCK",2026-01-15 23:30:00,NA,NA,NA
"DOCK",2026-01-15 23:45:00,NA,NA,NA
"DOCK",2026-01-16,NA,NA,NA
"DOCK",2026-01-16 00:15:00,NA,NA,NA
"DOCK",2026-01-16 00:30:00,NA,NA,NA
"DOCK",2026-01-16 00:45:00,NA,NA,NA
"DOCK",2026-01-16 01:00:00,NA,NA,NA
"DOCK",2026-01-16 01:15:00,NA,NA,NA
"DOCK",2026-01-16 01:30:00,NA,NA,NA
"DOCK",2026-01-16 01:45:00,NA,NA,NA
"DOCK",2026-01-16 02:00:00,NA,NA,NA
"DOCK",2026-01-16 02:15:00,NA,NA,NA
"DOCK",2026-01-16 02:30:00,NA,NA,NA
"DOCK",2026-01-16 02:45:00,NA,NA,NA
"DOCK",2026-01-16 03:00:00,NA,NA,NA
"DOCK",2026-01-16 03:15:00,NA,NA,NA
"DOCK",2026-01-16 03:30:00,NA,NA,NA
"DOCK",2026-01-16 03:45:00,NA,NA,NA
"DOCK",2026-01-16 04:00:00,NA,NA,NA
"DOCK",2026-01-16 04:15:00,NA,NA,NA
"DOCK",2026-01-16 04:30:00,NA,NA,NA
"DOCK",2026-01-16 04:45:00,NA,NA,NA
"DOCK",2026-01-16 05:00:00,NA,NA,NA
"DOCK",2026-01-16 05:15:00,NA,NA,NA
"DOCK",2026-01-16 05:30:00,NA,NA,NA
"DOCK",2026-01-16 05:45:00,NA,NA,NA
"DOCK",2026-01-16 06:00:00,NA,NA,NA
"DOCK",2026-01-16 06:15:00,NA,NA,NA
"DOCK",2026-01-16 06:30:00,NA,NA,NA
"DOCK",2026-01-16 06:45:00,NA,NA,NA
"DOCK",2026-01-16 07:00:00,NA,NA,NA
"DOCK",2026-01-16 07:15:00,NA,NA,NA
"DOCK",2026-01-16 07:30:00,NA,NA,NA
"DOCK",2026-01-16 07:45:00,NA,NA,NA
"DOCK",2026-01-16 08:00:00,NA,NA,NA
"DOCK",2026-01-16 08:15:00,NA,NA,NA
"DOCK",2026-01-16 08:30:00,NA,NA,NA
"DOCK",2026-01-16 08:45:00,NA,NA,NA
"DOCK",2026-01-16 09:00:00,NA,NA,NA
"DOCK",2026-01-16 09:15:00,NA,NA,NA
"DOCK",2026-01-16 09:30:00,NA,NA,NA
"DOCK",2026-01-16 09:45:00,NA,NA,NA
"DOCK",2026-01-16 10:00:00,NA,NA,NA
"DOCK",2026-01-16 10:15:00,NA,NA,NA
"DOCK",2026-01-16 10:30:00,NA,NA,NA
"DOCK",2026-01-16 10:45:00,NA,NA,NA
"DOCK",2026-01-16 11:00:00,NA,NA,NA
"DOCK",2026-01-16 11:15:00,NA,NA,NA
"DOCK",2026-01-16 11:30:00,NA,NA,NA
"DOCK",2026-01-16 11:45:00,NA,NA,NA
"DOCK",2026-01-16 12:00:00,NA,NA,NA
"DOCK",2026-01-16 12:15:00,NA,NA,NA
"DOCK",2026-01-16 12:30:00,NA,NA,NA
"DOCK",2026-01-16 12:45:00,NA,NA,NA
"DOCK",2026-01-16 13:00:00,NA,NA,NA
"DOCK",2026-01-16 13:15:00,NA,NA,NA
"DOCK",2026-01-16 13:30:00,NA,NA,NA
"DOCK",2026-01-16 13:45:00,NA,NA,NA
"DOCK",2026-01-16 14:00:00,NA,NA,NA
"DOCK",2026-01-16 14:15:00,NA,NA,NA
"DOCK",2026-01-16 14:30:00,NA,NA,NA
"DOCK",2026-01-16 14:45:00,NA,NA,NA
"DOCK",2026-01-16 15:00:00,NA,NA,NA
"DOCK",2026-01-16 15:15:00,NA,NA,NA
"DOCK",2026-01-16 15:30:00,NA,NA,NA
"DOCK",2026-01-16 15:45:00,NA,NA,NA
"DOCK",2026-01-16 16:00:00,NA,NA,NA
"DOCK",2026-01-16 16:15:00,NA,NA,NA
"DOCK",2026-01-16 16:30:00,NA,NA,NA
"DOCK",2026-01-16 16:45:00,NA,NA,NA
"DOCK",2026-01-16 17:00:00,NA,NA,NA
"DOCK",2026-01-16 17:15:00,NA,NA,NA
"DOCK",2026-01-16 17:30:00,NA,NA,NA
"DOCK",2026-01-16 17:45:00,NA,NA,NA
"DOCK",2026-01-16 18:00:00,NA,NA,NA
"DOCK",2026-01-16 18:15:00,NA,NA,NA
"DOCK",2026-01-16 18:30:00,NA,NA,NA
"DOCK",2026-01-16 18:45:00,NA,NA,NA
"DOCK",2026-01-16 19:00:00,NA,NA,NA
"DOCK",2026-01-16 19:15:00,NA,NA,NA
"DOCK",2026-01-16 19:30:00,NA,NA,NA
"DOCK",2026-01-16 19:45:00,NA,NA,NA
"DOCK",2026-01-16 20:00:00,NA,NA,NA
"DOCK",2026-01-16 20:15:00,NA,NA,NA
"DOCK",2026-01-16 20:30:00,NA,NA,NA
"DOCK",2026-01-16 20:45:00,NA,NA,NA
"DOCK",2026-01-16 21:00:00,NA,NA,NA
"DOCK",2026-01-16 21:15:00,NA,NA,NA
"DOCK",2026-01-16 21:30:00,NA,NA,NA
"DOCK",2026-01-16 21:45:00,NA,NA,NA
"DOCK",2026-01-16 22:00:00,NA,NA,NA
"DOCK",2026-01-16 22:15:00,NA,NA,NA
"DOCK",2026-01-16 22:30:00,NA,NA,NA
"DOCK",2026-01-16 22:45:00,NA,NA,NA
"DOCK",2026-01-16 23:00:00,NA,NA,NA
"DOCK",2026-01-16 23:15:00,NA,NA,NA
"DOCK",2026-01-16 23:30:00,NA,NA,NA
"DOCK",2026-01-16 23:45:00,NA,NA,NA
"DOCK",2026-01-17,NA,NA,NA
"DOCK",2026-01-17 00:15:00,NA,NA,NA
"DOCK",2026-01-17 00:30:00,NA,NA,NA
"DOCK",2026-01-17 00:45:00,NA,NA,NA
"DOCK",2026-01-17 01:00:00,NA,NA,NA
"DOCK",2026-01-17 01:15:00,NA,NA,NA
"DOCK",2026-01-17 01:30:00,NA,NA,NA
"DOCK",2026-01-17 01:45:00,NA,NA,NA
"DOCK",2026-01-17 02:00:00,NA,NA,NA
"DOCK",2026-01-17 02:15:00,NA,NA,NA
"DOCK",2026-01-17 02:30:00,NA,NA,NA
"DOCK",2026-01-17 02:45:00,NA,NA,NA
"DOCK",2026-01-17 03:00:00,NA,NA,NA
"DOCK",2026-01-17 03:15:00,NA,NA,NA
"DOCK",2026-01-17 03:30:00,NA,NA,NA
"DOCK",2026-01-17 03:45:00,NA,NA,NA
"DOCK",2026-01-17 04:00:00,NA,NA,NA
"DOCK",2026-01-17 04:15:00,NA,NA,NA
"DOCK",2026-01-17 04:30:00,NA,NA,NA
"DOCK",2026-01-17 04:45:00,NA,NA,NA
"DOCK",2026-01-17 05:00:00,NA,NA,NA
"DOCK",2026-01-17 05:15:00,NA,NA,NA
"DOCK",2026-01-17 05:30:00,NA,NA,NA
"DOCK",2026-01-17 05:45:00,NA,NA,NA
"DOCK",2026-01-17 06:00:00,NA,NA,NA
"DOCK",2026-01-17 06:15:00,NA,NA,NA
"DOCK",2026-01-17 06:30:00,NA,NA,NA
"DOCK",2026-01-17 06:45:00,NA,NA,NA
"DOCK",2026-01-17 07:00:00,NA,NA,NA
"DOCK",2026-01-17 07:15:00,NA,NA,NA
"DOCK",2026-01-17 07:30:00,NA,NA,NA
"DOCK",2026-01-17 07:45:00,NA,NA,NA
"DOCK",2026-01-17 08:00:00,NA,NA,NA
"DOCK",2026-01-17 08:15:00,NA,NA,NA
"DOCK",2026-01-17 08:30:00,NA,NA,NA
"DOCK",2026-01-17 08:45:00,NA,NA,NA
"DOCK",2026-01-17 09:00:00,NA,NA,NA
"DOCK",2026-01-17 09:15:00,NA,NA,NA
"DOCK",2026-01-17 09:30:00,NA,NA,NA
"DOCK",2026-01-17 09:45:00,NA,NA,NA
"DOCK",2026-01-17 10:00:00,NA,NA,NA
"DOCK",2026-01-17 10:15:00,NA,NA,NA
"DOCK",2026-01-17 10:30:00,NA,NA,NA
"DOCK",2026-01-17 10:45:00,NA,NA,NA
"DOCK",2026-01-17 11:00:00,NA,NA,NA
"DOCK",2026-01-17 11:15:00,NA,NA,NA
"DOCK",2026-01-17 11:30:00,NA,NA,NA
"DOCK",2026-01-17 11:45:00,NA,NA,NA
"DOCK",2026-01-17 12:00:00,NA,NA,NA
"DOCK",2026-01-17 12:15:00,NA,NA,NA
"DOCK",2026-01-17 12:30:00,NA,NA,NA
"DOCK",2026-01-17 12:45:00,NA,NA,NA
"DOCK",2026-01-17 13:00:00,NA,NA,NA
"DOCK",2026-01-17 13:15:00,NA,NA,NA
"DOCK",2026-01-17 13:30:00,NA,NA,NA
"DOCK",2026-01-17 13:45:00,NA,NA,NA
"DOCK",2026-01-17 14:00:00,NA,NA,NA
"DOCK",2026-01-17 14:15:00,NA,NA,NA
"DOCK",2026-01-17 14:30:00,NA,NA,NA
"DOCK",2026-01-17 14:45:00,NA,NA,NA
"DOCK",2026-01-17 15:00:00,NA,NA,NA
"DOCK",2026-01-17 15:15:00,NA,NA,NA
"DOCK",2026-01-17 15:30:00,NA,NA,NA
"DOCK",2026-01-17 15:45:00,NA,NA,NA
"DOCK",2026-01-17 16:00:00,NA,NA,NA
"DOCK",2026-01-17 16:15:00,NA,NA,NA
"DOCK",2026-01-17 16:30:00,NA,NA,NA
"DOCK",2026-01-17 16:45:00,NA,NA,NA
"DOCK",2026-01-17 17:00:00,NA,NA,NA
"DOCK",2026-01-17 17:15:00,NA,NA,NA
"DOCK",2026-01-17 17:30:00,NA,NA,NA
"DOCK",2026-01-17 17:45:00,NA,NA,NA
"DOCK",2026-01-17 18:00:00,NA,NA,NA
"DOCK",2026-01-17 18:15:00,NA,NA,NA
"DOCK",2026-01-17 18:30:00,NA,NA,NA
"DOCK",2026-01-17 18:45:00,NA,NA,NA
"DOCK",2026-01-17 19:00:00,NA,NA,NA
"DOCK",2026-01-17 19:15:00,NA,NA,NA
"DOCK",2026-01-17 19:30:00,NA,NA,NA
"DOCK",2026-01-17 19:45:00,NA,NA,NA
"DOCK",2026-01-17 20:00:00,NA,NA,NA
"DOCK",2026-01-17 20:15:00,NA,NA,NA
"DOCK",2026-01-17 20:30:00,NA,NA,NA
"DOCK",2026-01-17 20:45:00,NA,NA,NA
"DOCK",2026-01-17 21:00:00,NA,NA,NA
"DOCK",2026-01-17 21:15:00,NA,NA,NA
"DOCK",2026-01-17 21:30:00,NA,NA,NA
"DOCK",2026-01-17 21:45:00,NA,NA,NA
"DOCK",2026-01-17 22:00:00,NA,NA,NA
"DOCK",2026-01-17 22:15:00,NA,NA,NA
"DOCK",2026-01-17 22:30:00,NA,NA,NA
"DOCK",2026-01-17 22:45:00,NA,NA,NA
"DOCK",2026-01-17 23:00:00,NA,NA,NA
"DOCK",2026-01-17 23:15:00,NA,NA,NA
"DOCK",2026-01-17 23:30:00,NA,NA,NA
"DOCK",2026-01-17 23:45:00,NA,NA,NA
"DOCK",2026-01-18,NA,NA,NA
"DOCK",2026-01-18 00:15:00,NA,NA,NA
"DOCK",2026-01-18 00:30:00,NA,NA,NA
"DOCK",2026-01-18 00:45:00,NA,NA,NA
"DOCK",2026-01-18 01:00:00,NA,NA,NA
"DOCK",2026-01-18 01:15:00,NA,NA,NA
"DOCK",2026-01-18 01:30:00,NA,NA,NA
"DOCK",2026-01-18 01:45:00,NA,NA,NA
"DOCK",2026-01-18 02:00:00,NA,NA,NA
"DOCK",2026-01-18 02:15:00,NA,NA,NA
"DOCK",2026-01-18 02:30:00,NA,NA,NA
"DOCK",2026-01-18 02:45:00,NA,NA,NA
"DOCK",2026-01-18 03:00:00,NA,NA,NA
"DOCK",2026-01-18 03:15:00,NA,NA,NA
"DOCK",2026-01-18 03:30:00,NA,NA,NA
"DOCK",2026-01-18 03:45:00,NA,NA,NA
"DOCK",2026-01-18 04:00:00,NA,NA,NA
"DOCK",2026-01-18 04:15:00,NA,NA,NA
"DOCK",2026-01-18 04:30:00,NA,NA,NA
"DOCK",2026-01-18 04:45:00,NA,NA,NA
"DOCK",2026-01-18 05:00:00,NA,NA,NA
"DOCK",2026-01-18 05:15:00,NA,NA,NA
"DOCK",2026-01-18 05:30:00,NA,NA,NA
"DOCK",2026-01-18 05:45:00,NA,NA,NA
"DOCK",2026-01-18 06:00:00,NA,NA,NA
"DOCK",2026-01-18 06:15:00,NA,NA,NA
"DOCK",2026-01-18 06:30:00,NA,NA,NA
"DOCK",2026-01-18 06:45:00,NA,NA,NA
"DOCK",2026-01-18 07:00:00,NA,NA,NA
"DOCK",2026-01-18 07:15:00,NA,NA,NA
"DOCK",2026-01-18 07:30:00,NA,NA,NA
"DOCK",2026-01-18 07:45:00,NA,NA,NA
"DOCK",2026-01-18 08:00:00,NA,NA,NA
"DOCK",2026-01-18 08:15:00,NA,NA,NA
"DOCK",2026-01-18 08:30:00,NA,NA,NA
"DOCK",2026-01-18 08:45:00,NA,NA,NA
"DOCK",2026-01-18 09:00:00,NA,NA,NA
"DOCK",2026-01-18 09:15:00,NA,NA,NA
"DOCK",2026-01-18 09:30:00,NA,NA,NA
"DOCK",2026-01-18 09:45:00,NA,NA,NA
"DOCK",2026-01-18 10:00:00,NA,NA,NA
"DOCK",2026-01-18 10:15:00,NA,NA,NA
"DOCK",2026-01-18 10:30:00,NA,NA,NA
"DOCK",2026-01-18 10:45:00,NA,NA,NA
"DOCK",2026-01-18 11:00:00,NA,NA,NA
"DOCK",2026-01-18 11:15:00,NA,NA,NA
"DOCK",2026-01-18 11:30:00,NA,NA,NA
"DOCK",2026-01-18 11:45:00,NA,NA,NA
"DOCK",2026-01-18 12:00:00,NA,NA,NA
"DOCK",2026-01-18 12:15:00,NA,NA,NA
"DOCK",2026-01-18 12:30:00,NA,NA,NA
"DOCK",2026-01-18 12:45:00,NA,NA,NA
"DOCK",2026-01-18 13:00:00,NA,NA,NA
"DOCK",2026-01-18 13:15:00,NA,NA,NA
"DOCK",2026-01-18 13:30:00,NA,NA,NA
"DOCK",2026-01-18 13:45:00,NA,NA,NA
"DOCK",2026-01-18 14:00:00,NA,NA,NA
"DOCK",2026-01-18 14:15:00,NA,NA,NA
"DOCK",2026-01-18 14:30:00,NA,NA,NA
"DOCK",2026-01-18 14:45:00,NA,NA,NA
"DOCK",2026-01-18 15:00:00,NA,NA,NA
"DOCK",2026-01-18 15:15:00,NA,NA,NA
"DOCK",2026-01-18 15:30:00,NA,NA,NA
"DOCK",2026-01-18 15:45:00,NA,NA,NA
"DOCK",2026-01-18 16:00:00,NA,NA,NA
"DOCK",2026-01-18 16:15:00,NA,NA,NA
"DOCK",2026-01-18 16:30:00,NA,NA,NA
"DOCK",2026-01-18 16:45:00,NA,NA,NA
"DOCK",2026-01-18 17:00:00,NA,NA,NA
"DOCK",2026-01-18 17:15:00,NA,NA,NA
"DOCK",2026-01-18 17:30:00,NA,NA,NA
"DOCK",2026-01-18 17:45:00,NA,NA,NA
"DOCK",2026-01-18 18:00:00,NA,NA,NA
"DOCK",2026-01-18 18:15:00,NA,NA,NA
"DOCK",2026-01-18 18:30:00,NA,NA,NA
"DOCK",2026-01-18 18:45:00,NA,NA,NA
"DOCK",2026-01-18 19:00:00,NA,NA,NA
"DOCK",2026-01-18 19:15:00,NA,NA,NA
"DOCK",2026-01-18 19:30:00,NA,NA,NA
"DOCK",2026-01-18 19:45:00,NA,NA,NA
"DOCK",2026-01-18 20:00:00,NA,NA,NA
"DOCK",2026-01-18 20:15:00,NA,NA,NA
"DOCK",2026-01-18 20:30:00,NA,NA,NA
"DOCK",2026-01-18 20:45:00,NA,NA,NA
"DOCK",2026-01-18 21:00:00,NA,NA,NA
"DOCK",2026-01-18 21:15:00,NA,NA,NA
"DOCK",2026-01-18 21:30:00,NA,NA,NA
"DOCK",2026-01-18 21:45:00,NA,NA,NA
"DOCK",2026-01-18 22:00:00,NA,NA,NA
"DOCK",2026-01-18 22:15:00,NA,NA,NA
"DOCK",2026-01-18 22:30:00,NA,NA,NA
"DOCK",2026-01-18 22:45:00,NA,NA,NA
"DOCK",2026-01-18 23:00:00,NA,NA,NA
"DOCK",2026-01-18 23:15:00,NA,NA,NA
"DOCK",2026-01-18 23:30:00,NA,NA,NA
"DOCK",2026-01-18 23:45:00,NA,NA,NA
"DOCK",2026-01-19,NA,NA,NA
"DOCK",2026-01-19 00:15:00,NA,NA,NA
"DOCK",2026-01-19 00:30:00,NA,NA,NA
"DOCK",2026-01-19 00:45:00,NA,NA,NA
"DOCK",2026-01-19 01:00:00,NA,NA,NA
"DOCK",2026-01-19 01:15:00,NA,NA,NA
"DOCK",2026-01-19 01:30:00,NA,NA,NA
"DOCK",2026-01-19 01:45:00,NA,NA,NA
"DOCK",2026-01-19 02:00:00,NA,NA,NA
"DOCK",2026-01-19 02:15:00,NA,NA,NA
"DOCK",2026-01-19 02:30:00,NA,NA,NA
"DOCK",2026-01-19 02:45:00,NA,NA,NA
"DOCK",2026-01-19 03:00:00,NA,NA,NA
"DOCK",2026-01-19 03:15:00,NA,NA,NA
"DOCK",2026-01-19 03:30:00,NA,NA,NA
"DOCK",2026-01-19 03:45:00,NA,NA,NA
"DOCK",2026-01-19 04:00:00,NA,NA,NA
"DOCK",2026-01-19 04:15:00,NA,NA,NA
"DOCK",2026-01-19 04:30:00,NA,NA,NA
"DOCK",2026-01-19 04:45:00,NA,NA,NA
"DOCK",2026-01-19 05:00:00,NA,NA,NA
"DOCK",2026-01-19 05:15:00,NA,NA,NA
"DOCK",2026-01-19 05:30:00,NA,NA,NA
"DOCK",2026-01-19 05:45:00,NA,NA,NA
"DOCK",2026-01-19 06:00:00,NA,NA,NA
"DOCK",2026-01-19 06:15:00,NA,NA,NA
"DOCK",2026-01-19 06:30:00,NA,NA,NA
"DOCK",2026-01-19 06:45:00,NA,NA,NA
"DOCK",2026-01-19 07:00:00,NA,NA,NA
"DOCK",2026-01-19 07:15:00,NA,NA,NA
"DOCK",2026-01-19 07:30:00,NA,NA,NA
"DOCK",2026-01-19 07:45:00,NA,NA,NA
"DOCK",2026-01-19 08:00:00,NA,NA,NA
"DOCK",2026-01-19 08:15:00,NA,NA,NA
"DOCK",2026-01-19 08:30:00,NA,NA,NA
"DOCK",2026-01-19 08:45:00,NA,NA,NA
"DOCK",2026-01-19 09:00:00,NA,NA,NA
"DOCK",2026-01-19 09:15:00,NA,NA,NA
"DOCK",2026-01-19 09:30:00,NA,NA,NA
"DOCK",2026-01-19 09:45:00,NA,NA,NA
"DOCK",2026-01-19 10:00:00,NA,NA,NA
"DOCK",2026-01-19 10:15:00,NA,NA,NA
"DOCK",2026-01-19 10:30:00,NA,NA,NA
"DOCK",2026-01-19 10:45:00,NA,NA,NA
"DOCK",2026-01-19 11:00:00,NA,NA,NA
"DOCK",2026-01-19 11:15:00,NA,NA,NA
"DOCK",2026-01-19 11:30:00,NA,NA,NA
"DOCK",2026-01-19 11:45:00,NA,NA,NA
"DOCK",2026-01-19 12:00:00,NA,NA,NA
"DOCK",2026-01-19 12:15:00,NA,NA,NA
"DOCK",2026-01-19 12:30:00,NA,NA,NA
"DOCK",2026-01-19 12:45:00,NA,NA,NA
"DOCK",2026-01-19 13:00:00,NA,NA,NA
"DOCK",2026-01-19 13:15:00,NA,NA,NA
"DOCK",2026-01-19 13:30:00,NA,NA,NA
"DOCK",2026-01-19 13:45:00,NA,NA,NA
"DOCK",2026-01-19 14:00:00,NA,NA,NA
"DOCK",2026-01-19 14:15:00,NA,NA,NA
"DOCK",2026-01-19 14:30:00,NA,NA,NA
"DOCK",2026-01-19 14:45:00,NA,NA,NA
"DOCK",2026-01-19 15:00:00,NA,NA,NA
"DOCK",2026-01-19 15:15:00,NA,NA,NA
"DOCK",2026-01-19 15:30:00,NA,NA,NA
"DOCK",2026-01-19 15:45:00,NA,NA,NA
"DOCK",2026-01-19 16:00:00,NA,NA,NA
"DOCK",2026-01-19 16:15:00,NA,NA,NA
"DOCK",2026-01-19 16:30:00,NA,NA,NA
"DOCK",2026-01-19 16:45:00,NA,NA,NA
"DOCK",2026-01-19 17:00:00,NA,NA,NA
"DOCK",2026-01-19 17:15:00,NA,NA,NA
"DOCK",2026-01-19 17:30:00,NA,NA,NA
"DOCK",2026-01-19 17:45:00,NA,NA,NA
"DOCK",2026-01-19 18:00:00,NA,NA,NA
"DOCK",2026-01-19 18:15:00,NA,NA,NA
"DOCK",2026-01-19 18:30:00,NA,NA,NA
"DOCK",2026-01-19 18:45:00,NA,NA,NA
"DOCK",2026-01-19 19:00:00,NA,NA,NA
"DOCK",2026-01-19 19:15:00,NA,NA,NA
"DOCK",2026-01-19 19:30:00,NA,NA,NA
"DOCK",2026-01-19 19:45:00,NA,NA,NA
"DOCK",2026-01-19 20:00:00,NA,NA,NA
"DOCK",2026-01-19 20:15:00,NA,NA,NA
"DOCK",2026-01-19 20:30:00,NA,NA,NA
"DOCK",2026-01-19 20:45:00,NA,NA,NA
"DOCK",2026-01-19 21:00:00,NA,NA,NA
"DOCK",2026-01-19 21:15:00,NA,NA,NA
"DOCK",2026-01-19 21:30:00,NA,NA,NA
"DOCK",2026-01-19 21:45:00,NA,NA,NA
"DOCK",2026-01-19 22:00:00,NA,NA,NA
"DOCK",2026-01-19 22:15:00,NA,NA,NA
"DOCK",2026-01-19 22:30:00,NA,NA,NA
"DOCK",2026-01-19 22:45:00,NA,NA,NA
"DOCK",2026-01-19 23:00:00,NA,NA,NA
"DOCK",2026-01-19 23:15:00,NA,NA,NA
"DOCK",2026-01-19 23:30:00,NA,NA,NA
"DOCK",2026-01-19 23:45:00,NA,NA,NA
"DOCK",2026-01-20,NA,NA,NA
"DOCK",2026-01-20 00:15:00,NA,NA,NA
"DOCK",2026-01-20 00:30:00,NA,NA,NA
"DOCK",2026-01-20 00:45:00,NA,NA,NA
"DOCK",2026-01-20 01:00:00,NA,NA,NA
"DOCK",2026-01-20 01:15:00,NA,NA,NA
"DOCK",2026-01-20 01:30:00,NA,NA,NA
"DOCK",2026-01-20 01:45:00,NA,NA,NA
"DOCK",2026-01-20 02:00:00,NA,NA,NA
"DOCK",2026-01-20 02:15:00,NA,NA,NA
"DOCK",2026-01-20 02:30:00,NA,NA,NA
"DOCK",2026-01-20 02:45:00,NA,NA,NA
"DOCK",2026-01-20 03:00:00,NA,NA,NA
"DOCK",2026-01-20 03:15:00,NA,NA,NA
"DOCK",2026-01-20 03:30:00,NA,NA,NA
"DOCK",2026-01-20 03:45:00,NA,NA,NA
"DOCK",2026-01-20 04:00:00,NA,NA,NA
"DOCK",2026-01-20 04:15:00,NA,NA,NA
"DOCK",2026-01-20 04:30:00,NA,NA,NA
"DOCK",2026-01-20 04:45:00,NA,NA,NA
"DOCK",2026-01-20 05:00:00,NA,NA,NA
"DOCK",2026-01-20 05:15:00,NA,NA,NA
"DOCK",2026-01-20 05:30:00,NA,NA,NA
"DOCK",2026-01-20 05:45:00,NA,NA,NA
"DOCK",2026-01-20 06:00:00,NA,NA,NA
"DOCK",2026-01-20 06:15:00,NA,NA,NA
"DOCK",2026-01-20 06:30:00,NA,NA,NA
"DOCK",2026-01-20 06:45:00,NA,NA,NA
"DOCK",2026-01-20 07:00:00,NA,NA,NA
"DOCK",2026-01-20 07:15:00,NA,NA,NA
"DOCK",2026-01-20 07:30:00,NA,NA,NA
"DOCK",2026-01-20 07:45:00,NA,NA,NA
"DOCK",2026-01-20 08:00:00,NA,NA,NA
"DOCK",2026-01-20 08:15:00,NA,NA,NA
"DOCK",2026-01-20 08:30:00,NA,NA,NA
"DOCK",2026-01-20 08:45:00,NA,NA,NA
"DOCK",2026-01-20 09:00:00,NA,NA,NA
"DOCK",2026-01-20 09:15:00,NA,NA,NA
"DOCK",2026-01-20 09:30:00,NA,NA,NA
"DOCK",2026-01-20 09:45:00,NA,NA,NA
"DOCK",2026-01-20 10:00:00,NA,NA,NA
"DOCK",2026-01-20 10:15:00,NA,NA,NA
"DOCK",2026-01-20 10:30:00,NA,NA,NA
"DOCK",2026-01-20 10:45:00,NA,NA,NA
"DOCK",2026-01-20 11:00:00,NA,NA,NA
"DOCK",2026-01-20 11:15:00,NA,NA,NA
"DOCK",2026-01-20 11:30:00,NA,NA,NA
"DOCK",2026-01-20 11:45:00,NA,NA,NA
"DOCK",2026-01-20 12:00:00,NA,NA,NA
"DOCK",2026-01-20 12:15:00,NA,NA,NA
"DOCK",2026-01-20 12:30:00,NA,NA,NA
"DOCK",2026-01-20 12:45:00,NA,NA,NA
"DOCK",2026-01-20 13:00:00,NA,NA,NA
"DOCK",2026-01-20 13:15:00,0,0,0
"DOCK",2026-01-20 13:30:00,NA,NA,NA
"DOCK",2026-01-20 13:45:00,NA,NA,NA
"DOCK",2026-01-20 14:00:00,NA,NA,NA
"DOCK",2026-01-20 14:15:00,NA,NA,NA
"DOCK",2026-01-20 14:30:00,NA,NA,NA
"DOCK",2026-01-20 14:45:00,NA,NA,NA
"DOCK",2026-01-20 15:00:00,NA,NA,NA
"DOCK",2026-01-20 15:15:00,NA,NA,NA
"DOCK",2026-01-20 15:30:00,NA,NA,NA
"DOCK",2026-01-20 15:45:00,NA,NA,NA
"DOCK",2026-01-20 16:00:00,NA,NA,NA
"DOCK",2026-01-20 16:15:00,NA,NA,NA
"DOCK",2026-01-20 16:30:00,NA,NA,NA
"DOCK",2026-01-20 16:45:00,NA,NA,NA
"DOCK",2026-01-20 17:00:00,NA,NA,NA
"DOCK",2026-01-20 17:15:00,NA,NA,NA
"DOCK",2026-01-20 17:30:00,NA,NA,NA
"DOCK",2026-01-20 17:45:00,NA,NA,NA
"DOCK",2026-01-20 18:00:00,NA,NA,NA
"DOCK",2026-01-20 18:15:00,NA,NA,NA
"DOCK",2026-01-20 18:30:00,NA,NA,NA
"DOCK",2026-01-20 18:45:00,NA,NA,NA
"DOCK",2026-01-20 19:00:00,NA,NA,NA
"DOCK",2026-01-20 19:15:00,NA,NA,NA
"DOCK",2026-01-20 19:30:00,NA,NA,NA
"DOCK",2026-01-20 19:45:00,NA,NA,NA
"DOCK",2026-01-20 20:00:00,NA,NA,NA
"DOCK",2026-01-20 20:15:00,NA,NA,NA
"DOCK",2026-01-20 20:30:00,NA,NA,NA
"DOCK",2026-01-20 20:45:00,NA,NA,NA
"DOCK",2026-01-20 21:00:00,NA,NA,NA
"DOCK",2026-01-20 21:15:00,NA,NA,NA
"DOCK",2026-01-20 21:30:00,NA,NA,NA
"DOCK",2026-01-20 21:45:00,NA,NA,NA
"DOCK",2026-01-20 22:00:00,NA,NA,NA
"DOCK",2026-01-20 22:15:00,NA,NA,NA
"DOCK",2026-01-20 22:30:00,NA,NA,NA
"DOCK",2026-01-20 22:45:00,NA,NA,NA
"DOCK",2026-01-20 23:00:00,NA,NA,NA
"DOCK",2026-01-20 23:15:00,NA,NA,NA
"DOCK",2026-01-20 23:30:00,NA,NA,NA
"DOCK",2026-01-20 23:45:00,NA,NA,NA
"DOCK",2026-01-21,NA,NA,NA
"DOCK",2026-01-21 00:15:00,NA,NA,NA
"DOCK",2026-01-21 00:30:00,NA,NA,NA
"DOCK",2026-01-21 00:45:00,NA,NA,NA
"DOCK",2026-01-21 01:00:00,NA,NA,NA
"DOCK",2026-01-21 01:15:00,NA,NA,NA
"DOCK",2026-01-21 01:30:00,NA,NA,NA
"DOCK",2026-01-21 01:45:00,NA,NA,NA
"DOCK",2026-01-21 02:00:00,NA,NA,NA
"DOCK",2026-01-21 02:15:00,NA,NA,NA
"DOCK",2026-01-21 02:30:00,NA,NA,NA
"DOCK",2026-01-21 02:45:00,NA,NA,NA
"DOCK",2026-01-21 03:00:00,NA,NA,NA
"DOCK",2026-01-21 03:15:00,NA,NA,NA
"DOCK",2026-01-21 03:30:00,NA,NA,NA
"DOCK",2026-01-21 03:45:00,NA,NA,NA
"DOCK",2026-01-21 04:00:00,NA,NA,NA
"DOCK",2026-01-21 04:15:00,NA,NA,NA
"DOCK",2026-01-21 04:30:00,NA,NA,NA
"DOCK",2026-01-21 04:45:00,NA,NA,NA
"DOCK",2026-01-21 05:00:00,NA,NA,NA
"DOCK",2026-01-21 05:15:00,NA,NA,NA
"DOCK",2026-01-21 05:30:00,NA,NA,NA
"DOCK",2026-01-21 05:45:00,NA,NA,NA
"DOCK",2026-01-21 06:00:00,NA,NA,NA
"DOCK",2026-01-21 06:15:00,NA,NA,NA
"DOCK",2026-01-21 06:30:00,NA,NA,NA
"DOCK",2026-01-21 06:45:00,NA,NA,NA
"DOCK",2026-01-21 07:00:00,NA,NA,NA
"DOCK",2026-01-21 07:15:00,NA,NA,NA
"DOCK",2026-01-21 07:30:00,NA,NA,NA
"DOCK",2026-01-21 07:45:00,NA,NA,NA
"DOCK",2026-01-21 08:00:00,NA,NA,NA
"DOCK",2026-01-21 08:15:00,NA,NA,NA
"DOCK",2026-01-21 08:30:00,NA,NA,NA
"DOCK",2026-01-21 08:45:00,NA,NA,NA
"DOCK",2026-01-21 09:00:00,NA,NA,NA
"DOCK",2026-01-21 09:15:00,NA,NA,NA
"DOCK",2026-01-21 09:30:00,NA,NA,NA
"DOCK",2026-01-21 09:45:00,NA,NA,NA
"DOCK",2026-01-21 10:00:00,NA,NA,NA
"DOCK",2026-01-21 10:15:00,NA,NA,NA
"DOCK",2026-01-21 10:30:00,NA,NA,NA
"DOCK",2026-01-21 10:45:00,NA,NA,NA
"DOCK",2026-01-21 11:00:00,NA,NA,NA
"DOCK",2026-01-21 11:15:00,NA,NA,NA
"DOCK",2026-01-21 11:30:00,NA,NA,NA
"DOCK",2026-01-21 11:45:00,NA,NA,NA
"DOCK",2026-01-21 12:00:00,NA,NA,NA
"DOCK",2026-01-21 12:15:00,NA,NA,NA
"DOCK",2026-01-21 12:30:00,NA,NA,NA
"DOCK",2026-01-21 12:45:00,NA,NA,NA
"DOCK",2026-01-21 13:00:00,NA,NA,NA
"DOCK",2026-01-21 13:15:00,NA,NA,NA
"DOCK",2026-01-21 13:30:00,NA,NA,NA
"DOCK",2026-01-21 13:45:00,NA,NA,NA
"DOCK",2026-01-21 14:00:00,NA,NA,NA
"DOCK",2026-01-21 14:15:00,NA,NA,NA
"DOCK",2026-01-21 14:30:00,NA,NA,NA
"DOCK",2026-01-21 14:45:00,NA,NA,NA
"DOCK",2026-01-21 15:00:00,NA,NA,NA
"DOCK",2026-01-21 15:15:00,NA,NA,NA
"DOCK",2026-01-21 15:30:00,NA,NA,NA
"DOCK",2026-01-21 15:45:00,NA,NA,NA
"DOCK",2026-01-21 16:00:00,NA,NA,NA
"DOCK",2026-01-21 16:15:00,NA,NA,NA
"DOCK",2026-01-21 16:30:00,NA,NA,NA
"DOCK",2026-01-21 16:45:00,NA,NA,NA
"DOCK",2026-01-21 17:00:00,NA,NA,NA
"DOCK",2026-01-21 17:15:00,NA,NA,NA
"DOCK",2026-01-21 17:30:00,NA,NA,NA
"DOCK",2026-01-21 17:45:00,NA,NA,NA
"DOCK",2026-01-21 18:00:00,NA,NA,NA
"DOCK",2026-01-21 18:15:00,NA,NA,NA
"DOCK",2026-01-21 18:30:00,NA,NA,NA
"DOCK",2026-01-21 18:45:00,NA,NA,NA
"DOCK",2026-01-21 19:00:00,NA,NA,NA
"DOCK",2026-01-21 19:15:00,NA,NA,NA
"DOCK",2026-01-21 19:30:00,NA,NA,NA
"DOCK",2026-01-21 19:45:00,NA,NA,NA
"DOCK",2026-01-21 20:00:00,NA,NA,NA
"DOCK",2026-01-21 20:15:00,NA,NA,NA
"DOCK",2026-01-21 20:30:00,NA,NA,NA
"DOCK",2026-01-21 20:45:00,NA,NA,NA
"DOCK",2026-01-21 21:00:00,NA,NA,NA
"DOCK",2026-01-21 21:15:00,NA,NA,NA
"DOCK",2026-01-21 21:30:00,NA,NA,NA
"DOCK",2026-01-21 21:45:00,NA,NA,NA
"DOCK",2026-01-21 22:00:00,NA,NA,NA
"DOCK",2026-01-21 22:15:00,NA,NA,NA
"DOCK",2026-01-21 22:30:00,NA,NA,NA
"DOCK",2026-01-21 22:45:00,NA,NA,NA
"DOCK",2026-01-21 23:00:00,NA,NA,NA
"DOCK",2026-01-21 23:15:00,NA,NA,NA
"DOCK",2026-01-21 23:30:00,NA,NA,NA
"DOCK",2026-01-21 23:45:00,NA,NA,NA
"DOCK",2026-01-22,NA,NA,NA
"DOCK",2026-01-22 00:15:00,NA,NA,NA
"DOCK",2026-01-22 00:30:00,NA,NA,NA
"DOCK",2026-01-22 00:45:00,NA,NA,NA
"DOCK",2026-01-22 01:00:00,NA,NA,NA
"DOCK",2026-01-22 01:15:00,NA,NA,NA
"DOCK",2026-01-22 01:30:00,NA,NA,NA
"DOCK",2026-01-22 01:45:00,NA,NA,NA
"DOCK",2026-01-22 02:00:00,NA,NA,NA
"DOCK",2026-01-22 02:15:00,NA,NA,NA
"DOCK",2026-01-22 02:30:00,NA,NA,NA
"DOCK",2026-01-22 02:45:00,NA,NA,NA
"DOCK",2026-01-22 03:00:00,NA,NA,NA
"DOCK",2026-01-22 03:15:00,NA,NA,NA
"DOCK",2026-01-22 03:30:00,NA,NA,NA
"DOCK",2026-01-22 03:45:00,NA,NA,NA
"DOCK",2026-01-22 04:00:00,NA,NA,NA
"DOCK",2026-01-22 04:15:00,NA,NA,NA
"DOCK",2026-01-22 04:30:00,NA,NA,NA
"DOCK",2026-01-22 04:45:00,NA,NA,NA
"DOCK",2026-01-22 05:00:00,NA,NA,NA
"DOCK",2026-01-22 05:15:00,NA,NA,NA
"DOCK",2026-01-22 05:30:00,NA,NA,NA
"DOCK",2026-01-22 05:45:00,NA,NA,NA
"DOCK",2026-01-22 06:00:00,NA,NA,NA
"DOCK",2026-01-22 06:15:00,NA,NA,NA
"DOCK",2026-01-22 06:30:00,NA,NA,NA
"DOCK",2026-01-22 06:45:00,NA,NA,NA
"DOCK",2026-01-22 07:00:00,NA,NA,NA
"DOCK",2026-01-22 07:15:00,NA,NA,NA
"DOCK",2026-01-22 07:30:00,NA,NA,NA
"DOCK",2026-01-22 07:45:00,NA,NA,NA
"DOCK",2026-01-22 08:00:00,NA,NA,NA
"DOCK",2026-01-22 08:15:00,NA,NA,NA
"DOCK",2026-01-22 08:30:00,NA,NA,NA
"DOCK",2026-01-22 08:45:00,NA,NA,NA
"DOCK",2026-01-22 09:00:00,NA,NA,NA
"DOCK",2026-01-22 09:15:00,NA,NA,NA
"DOCK",2026-01-22 09:30:00,NA,NA,NA
"DOCK",2026-01-22 09:45:00,NA,NA,NA
"DOCK",2026-01-22 10:00:00,NA,NA,NA
"DOCK",2026-01-22 10:15:00,NA,NA,NA
"DOCK",2026-01-22 10:30:00,NA,NA,NA
"DOCK",2026-01-22 10:45:00,NA,NA,NA
"DOCK",2026-01-22 11:00:00,NA,NA,NA
"DOCK",2026-01-22 11:15:00,NA,NA,NA
"DOCK",2026-01-22 11:30:00,NA,NA,NA
"DOCK",2026-01-22 11:45:00,NA,NA,NA
"DOCK",2026-01-22 12:00:00,NA,NA,NA
"DOCK",2026-01-22 12:15:00,NA,NA,NA
"DOCK",2026-01-22 12:30:00,NA,NA,NA
"DOCK",2026-01-22 12:45:00,NA,NA,NA
"DOCK",2026-01-22 13:00:00,NA,NA,NA
"DOCK",2026-01-22 13:15:00,NA,NA,NA
"DOCK",2026-01-22 13:30:00,NA,NA,NA
"DOCK",2026-01-22 13:45:00,NA,NA,NA
"DOCK",2026-01-22 14:00:00,NA,NA,NA
"DOCK",2026-01-22 14:15:00,NA,NA,NA
"DOCK",2026-01-22 14:30:00,NA,NA,NA
"DOCK",2026-01-22 14:45:00,NA,NA,NA
"DOCK",2026-01-22 15:00:00,NA,NA,NA
"DOCK",2026-01-22 15:15:00,NA,NA,NA
"DOCK",2026-01-22 15:30:00,NA,NA,NA
"DOCK",2026-01-22 15:45:00,NA,NA,NA
"DOCK",2026-01-22 16:00:00,NA,NA,NA
"DOCK",2026-01-22 16:15:00,NA,NA,NA
"DOCK",2026-01-22 16:30:00,NA,NA,NA
"DOCK",2026-01-22 16:45:00,NA,NA,NA
"DOCK",2026-01-22 17:00:00,NA,NA,NA
"DOCK",2026-01-22 17:15:00,NA,NA,NA
"DOCK",2026-01-22 17:30:00,NA,NA,NA
"DOCK",2026-01-22 17:45:00,NA,NA,NA
"DOCK",2026-01-22 18:00:00,NA,NA,NA
"DOCK",2026-01-22 18:15:00,NA,NA,NA
"DOCK",2026-01-22 18:30:00,NA,NA,NA
"DOCK",2026-01-22 18:45:00,NA,NA,NA
"DOCK",2026-01-22 19:00:00,NA,NA,NA
"DOCK",2026-01-22 19:15:00,NA,NA,NA
"DOCK",2026-01-22 19:30:00,NA,NA,NA
"DOCK",2026-01-22 19:45:00,NA,NA,NA
"DOCK",2026-01-22 20:00:00,NA,NA,NA
"DOCK",2026-01-22 20:15:00,NA,NA,NA
"DOCK",2026-01-22 20:30:00,NA,NA,NA
"DOCK",2026-01-22 20:45:00,NA,NA,NA
"DOCK",2026-01-22 21:00:00,NA,NA,NA
"DOCK",2026-01-22 21:15:00,NA,NA,NA
"DOCK",2026-01-22 21:30:00,NA,NA,NA
"DOCK",2026-01-22 21:45:00,NA,NA,NA
"DOCK",2026-01-22 22:00:00,NA,NA,NA
"DOCK",2026-01-22 22:15:00,NA,NA,NA
"DOCK",2026-01-22 22:30:00,NA,NA,NA
"DOCK",2026-01-22 22:45:00,NA,NA,NA
"DOCK",2026-01-22 23:00:00,NA,NA,NA
"DOCK",2026-01-22 23:15:00,NA,NA,NA
"DOCK",2026-01-22 23:30:00,NA,NA,NA
"DOCK",2026-01-22 23:45:00,NA,NA,NA
"DOCK",2026-01-23,NA,NA,NA
"DOCK",2026-01-23 00:15:00,NA,NA,NA
"DOCK",2026-01-23 00:30:00,NA,NA,NA
"DOCK",2026-01-23 00:45:00,NA,NA,NA
"DOCK",2026-01-23 01:00:00,NA,NA,NA
"DOCK",2026-01-23 01:15:00,NA,NA,NA
"DOCK",2026-01-23 01:30:00,NA,NA,NA
"DOCK",2026-01-23 01:45:00,NA,NA,NA
"DOCK",2026-01-23 02:00:00,NA,NA,NA
"DOCK",2026-01-23 02:15:00,NA,NA,NA
"DOCK",2026-01-23 02:30:00,NA,NA,NA
"DOCK",2026-01-23 02:45:00,NA,NA,NA
"DOCK",2026-01-23 03:00:00,NA,NA,NA
"DOCK",2026-01-23 03:15:00,NA,NA,NA
"DOCK",2026-01-23 03:30:00,NA,NA,NA
"DOCK",2026-01-23 03:45:00,NA,NA,NA
"DOCK",2026-01-23 04:00:00,NA,NA,NA
"DOCK",2026-01-23 04:15:00,NA,NA,NA
"DOCK",2026-01-23 04:30:00,NA,NA,NA
"DOCK",2026-01-23 04:45:00,NA,NA,NA
"DOCK",2026-01-23 05:00:00,NA,NA,NA
"DOCK",2026-01-23 05:15:00,NA,NA,NA
"DOCK",2026-01-23 05:30:00,NA,NA,NA
"DOCK",2026-01-23 05:45:00,NA,NA,NA
"DOCK",2026-01-23 06:00:00,NA,NA,NA
"DOCK",2026-01-23 06:15:00,NA,NA,NA
"DOCK",2026-01-23 06:30:00,NA,NA,NA
"DOCK",2026-01-23 06:45:00,NA,NA,NA
"DOCK",2026-01-23 07:00:00,NA,NA,NA
"DOCK",2026-01-23 07:15:00,NA,NA,NA
"DOCK",2026-01-23 07:30:00,NA,NA,NA
"DOCK",2026-01-23 07:45:00,NA,NA,NA
"DOCK",2026-01-23 08:00:00,NA,NA,NA
"DOCK",2026-01-23 08:15:00,NA,NA,NA
"DOCK",2026-01-23 08:30:00,NA,NA,NA
"DOCK",2026-01-23 08:45:00,NA,NA,NA
"DOCK",2026-01-23 09:00:00,NA,NA,NA
"DOCK",2026-01-23 09:15:00,NA,NA,NA
"DOCK",2026-01-23 09:30:00,NA,NA,NA
"DOCK",2026-01-23 09:45:00,NA,NA,NA
"DOCK",2026-01-23 10:00:00,NA,NA,NA
"DOCK",2026-01-23 10:15:00,NA,NA,NA
"DOCK",2026-01-23 10:30:00,NA,NA,NA
"DOCK",2026-01-23 10:45:00,NA,NA,NA
"DOCK",2026-01-23 11:00:00,NA,NA,NA
"DOCK",2026-01-23 11:15:00,NA,NA,NA
"DOCK",2026-01-23 11:30:00,NA,NA,NA
"DOCK",2026-01-23 11:45:00,NA,NA,NA
"DOCK",2026-01-23 12:00:00,NA,NA,NA
"DOCK",2026-01-23 12:15:00,NA,NA,NA
"DOCK",2026-01-23 12:30:00,NA,NA,NA
"DOCK",2026-01-23 12:45:00,NA,NA,NA
"DOCK",2026-01-23 13:00:00,NA,NA,NA
"DOCK",2026-01-23 13:15:00,NA,NA,NA
"DOCK",2026-01-23 13:30:00,NA,NA,NA
"DOCK",2026-01-23 13:45:00,NA,NA,NA
"DOCK",2026-01-23 14:00:00,NA,NA,NA
"DOCK",2026-01-23 14:15:00,NA,NA,NA
"DOCK",2026-01-23 14:30:00,NA,NA,NA
"DOCK",2026-01-23 14:45:00,NA,NA,NA
"DOCK",2026-01-23 15:00:00,NA,NA,NA
"DOCK",2026-01-23 15:15:00,NA,NA,NA
"DOCK",2026-01-23 15:30:00,NA,NA,NA
"DOCK",2026-01-23 15:45:00,NA,NA,NA
"DOCK",2026-01-23 16:00:00,NA,NA,NA
"DOCK",2026-01-23 16:15:00,NA,NA,NA
"DOCK",2026-01-23 16:30:00,NA,NA,NA
"DOCK",2026-01-23 16:45:00,NA,NA,NA
"DOCK",2026-01-23 17:00:00,NA,NA,NA
"DOCK",2026-01-23 17:15:00,NA,NA,NA
"DOCK",2026-01-23 17:30:00,NA,NA,NA
"DOCK",2026-01-23 17:45:00,NA,NA,NA
"DOCK",2026-01-23 18:00:00,NA,NA,NA
"DOCK",2026-01-23 18:15:00,NA,NA,NA
"DOCK",2026-01-23 18:30:00,NA,NA,NA
"DOCK",2026-01-23 18:45:00,NA,NA,NA
"DOCK",2026-01-23 19:00:00,NA,NA,NA
"DOCK",2026-01-23 19:15:00,NA,NA,NA
"DOCK",2026-01-23 19:30:00,NA,NA,NA
"DOCK",2026-01-23 19:45:00,NA,NA,NA
"DOCK",2026-01-23 20:00:00,NA,NA,NA
"DOCK",2026-01-23 20:15:00,NA,NA,NA
"DOCK",2026-01-23 20:30:00,NA,NA,NA
"DOCK",2026-01-23 20:45:00,NA,NA,NA
"DOCK",2026-01-23 21:00:00,NA,NA,NA
"DOCK",2026-01-23 21:15:00,NA,NA,NA
"DOCK",2026-01-23 21:30:00,NA,NA,NA
"DOCK",2026-01-23 21:45:00,NA,NA,NA
"DOCK",2026-01-23 22:00:00,NA,NA,NA
"DOCK",2026-01-23 22:15:00,NA,NA,NA
"DOCK",2026-01-23 22:30:00,NA,NA,NA
"DOCK",2026-01-23 22:45:00,NA,NA,NA
"DOCK",2026-01-23 23:00:00,NA,NA,NA
"DOCK",2026-01-23 23:15:00,NA,NA,NA
"DOCK",2026-01-23 23:30:00,NA,NA,NA
"DOCK",2026-01-23 23:45:00,NA,NA,NA
"DOCK",2026-01-24,NA,NA,NA
"DOCK",2026-01-24 00:15:00,NA,NA,NA
"DOCK",2026-01-24 00:30:00,NA,NA,NA
"DOCK",2026-01-24 00:45:00,NA,NA,NA
"DOCK",2026-01-24 01:00:00,NA,NA,NA
"DOCK",2026-01-24 01:15:00,NA,NA,NA
"DOCK",2026-01-24 01:30:00,NA,NA,NA
"DOCK",2026-01-24 01:45:00,NA,NA,NA
"DOCK",2026-01-24 02:00:00,NA,NA,NA
"DOCK",2026-01-24 02:15:00,NA,NA,NA
"DOCK",2026-01-24 02:30:00,NA,NA,NA
"DOCK",2026-01-24 02:45:00,NA,NA,NA
"DOCK",2026-01-24 03:00:00,NA,NA,NA
"DOCK",2026-01-24 03:15:00,NA,NA,NA
"DOCK",2026-01-24 03:30:00,NA,NA,NA
"DOCK",2026-01-24 03:45:00,NA,NA,NA
"DOCK",2026-01-24 04:00:00,NA,NA,NA
"DOCK",2026-01-24 04:15:00,NA,NA,NA
"DOCK",2026-01-24 04:30:00,NA,NA,NA
"DOCK",2026-01-24 04:45:00,NA,NA,NA
"DOCK",2026-01-24 05:00:00,NA,NA,NA
"DOCK",2026-01-24 05:15:00,NA,NA,NA
"DOCK",2026-01-24 05:30:00,NA,NA,NA
"DOCK",2026-01-24 05:45:00,NA,NA,NA
"DOCK",2026-01-24 06:00:00,NA,NA,NA
"DOCK",2026-01-24 06:15:00,NA,NA,NA
"DOCK",2026-01-24 06:30:00,NA,NA,NA
"DOCK",2026-01-24 06:45:00,NA,NA,NA
"DOCK",2026-01-24 07:00:00,NA,NA,NA
"DOCK",2026-01-24 07:15:00,NA,NA,NA
"DOCK",2026-01-24 07:30:00,NA,NA,NA
"DOCK",2026-01-24 07:45:00,NA,NA,NA
"DOCK",2026-01-24 08:00:00,NA,NA,NA
"DOCK",2026-01-24 08:15:00,NA,NA,NA
"DOCK",2026-01-24 08:30:00,NA,NA,NA
"DOCK",2026-01-24 08:45:00,NA,NA,NA
"DOCK",2026-01-24 09:00:00,NA,NA,NA
"DOCK",2026-01-24 09:15:00,NA,NA,NA
"DOCK",2026-01-24 09:30:00,NA,NA,NA
"DOCK",2026-01-24 09:45:00,NA,NA,NA
"DOCK",2026-01-24 10:00:00,NA,NA,NA
"DOCK",2026-01-24 10:15:00,NA,NA,NA
"DOCK",2026-01-24 10:30:00,NA,NA,NA
"DOCK",2026-01-24 10:45:00,NA,NA,NA
"DOCK",2026-01-24 11:00:00,NA,NA,NA
"DOCK",2026-01-24 11:15:00,NA,NA,NA
"DOCK",2026-01-24 11:30:00,NA,NA,NA
"DOCK",2026-01-24 11:45:00,NA,NA,NA
"DOCK",2026-01-24 12:00:00,NA,NA,NA
"DOCK",2026-01-24 12:15:00,NA,NA,NA
"DOCK",2026-01-24 12:30:00,NA,NA,NA
"DOCK",2026-01-24 12:45:00,NA,NA,NA
"DOCK",2026-01-24 13:00:00,NA,NA,NA
"DOCK",2026-01-24 13:15:00,NA,NA,NA
"DOCK",2026-01-24 13:30:00,NA,NA,NA
"DOCK",2026-01-24 13:45:00,NA,NA,NA
"DOCK",2026-01-24 14:00:00,NA,NA,NA
"DOCK",2026-01-24 14:15:00,NA,NA,NA
"DOCK",2026-01-24 14:30:00,NA,NA,NA
"DOCK",2026-01-24 14:45:00,NA,NA,NA
"DOCK",2026-01-24 15:00:00,NA,NA,NA
"DOCK",2026-01-24 15:15:00,NA,NA,NA
"DOCK",2026-01-24 15:30:00,NA,NA,NA
"DOCK",2026-01-24 15:45:00,NA,NA,NA
"DOCK",2026-01-24 16:00:00,NA,NA,NA
"DOCK",2026-01-24 16:15:00,NA,NA,NA
"DOCK",2026-01-24 16:30:00,NA,NA,NA
"DOCK",2026-01-24 16:45:00,NA,NA,NA
"DOCK",2026-01-24 17:00:00,NA,NA,NA
"DOCK",2026-01-24 17:15:00,NA,NA,NA
"DOCK",2026-01-24 17:30:00,NA,NA,NA
"DOCK",2026-01-24 17:45:00,NA,NA,NA
"DOCK",2026-01-24 18:00:00,NA,NA,NA
"DOCK",2026-01-24 18:15:00,NA,NA,NA
"DOCK",2026-01-24 18:30:00,NA,NA,NA
"DOCK",2026-01-24 18:45:00,NA,NA,NA
"DOCK",2026-01-24 19:00:00,NA,NA,NA
"DOCK",2026-01-24 19:15:00,NA,NA,NA
"DOCK",2026-01-24 19:30:00,NA,NA,NA
"DOCK",2026-01-24 19:45:00,NA,NA,NA
"DOCK",2026-01-24 20:00:00,NA,NA,NA
"DOCK",2026-01-24 20:15:00,NA,NA,NA
"DOCK",2026-01-24 20:30:00,NA,NA,NA
"DOCK",2026-01-24 20:45:00,NA,NA,NA
"DOCK",2026-01-24 21:00:00,NA,NA,NA
"DOCK",2026-01-24 21:15:00,NA,NA,NA
"DOCK",2026-01-24 21:30:00,NA,NA,NA
"DOCK",2026-01-24 21:45:00,NA,NA,NA
"DOCK",2026-01-24 22:00:00,NA,NA,NA
"DOCK",2026-01-24 22:15:00,NA,NA,NA
"DOCK",2026-01-24 22:30:00,NA,NA,NA
"DOCK",2026-01-24 22:45:00,NA,NA,NA
"DOCK",2026-01-24 23:00:00,NA,NA,NA
"DOCK",2026-01-24 23:15:00,NA,NA,NA
"DOCK",2026-01-24 23:30:00,NA,NA,NA
"DOCK",2026-01-24 23:45:00,NA,NA,NA
"DOCK",2026-01-25,NA,NA,NA
"DOCK",2026-01-25 00:15:00,NA,NA,NA
"DOCK",2026-01-25 00:30:00,NA,NA,NA
"DOCK",2026-01-25 00:45:00,NA,NA,NA
"DOCK",2026-01-25 01:00:00,NA,NA,NA
"DOCK",2026-01-25 01:15:00,NA,NA,NA
"DOCK",2026-01-25 01:30:00,NA,NA,NA
"DOCK",2026-01-25 01:45:00,NA,NA,NA
"DOCK",2026-01-25 02:00:00,NA,NA,NA
"DOCK",2026-01-25 02:15:00,NA,NA,NA
"DOCK",2026-01-25 02:30:00,NA,NA,NA
"DOCK",2026-01-25 02:45:00,NA,NA,NA
"DOCK",2026-01-25 03:00:00,NA,NA,NA
"DOCK",2026-01-25 03:15:00,NA,NA,NA
"DOCK",2026-01-25 03:30:00,NA,NA,NA
"DOCK",2026-01-25 03:45:00,NA,NA,NA
"DOCK",2026-01-25 04:00:00,NA,NA,NA
"DOCK",2026-01-25 04:15:00,NA,NA,NA
"DOCK",2026-01-25 04:30:00,NA,NA,NA
"DOCK",2026-01-25 04:45:00,NA,NA,NA
"DOCK",2026-01-25 05:00:00,NA,NA,NA
"DOCK",2026-01-25 05:15:00,NA,NA,NA
"DOCK",2026-01-25 05:30:00,NA,NA,NA
"DOCK",2026-01-25 05:45:00,NA,NA,NA
"DOCK",2026-01-25 06:00:00,NA,NA,NA
"DOCK",2026-01-25 06:15:00,NA,NA,NA
"DOCK",2026-01-25 06:30:00,NA,NA,NA
"DOCK",2026-01-25 06:45:00,NA,NA,NA
"DOCK",2026-01-25 07:00:00,NA,NA,NA
"DOCK",2026-01-25 07:15:00,NA,NA,NA
"DOCK",2026-01-25 07:30:00,NA,NA,NA
"DOCK",2026-01-25 07:45:00,NA,NA,NA
"DOCK",2026-01-25 08:00:00,NA,NA,NA
"DOCK",2026-01-25 08:15:00,NA,NA,NA
"DOCK",2026-01-25 08:30:00,NA,NA,NA
"DOCK",2026-01-25 08:45:00,NA,NA,NA
"DOCK",2026-01-25 09:00:00,NA,NA,NA
"DOCK",2026-01-25 09:15:00,NA,NA,NA
"DOCK",2026-01-25 09:30:00,NA,NA,NA
"DOCK",2026-01-25 09:45:00,NA,NA,NA
"DOCK",2026-01-25 10:00:00,NA,NA,NA
"DOCK",2026-01-25 10:15:00,NA,NA,NA
"DOCK",2026-01-25 10:30:00,NA,NA,NA
"DOCK",2026-01-25 10:45:00,NA,NA,NA
"DOCK",2026-01-25 11:00:00,NA,NA,NA
"DOCK",2026-01-25 11:15:00,NA,NA,NA
"DOCK",2026-01-25 11:30:00,NA,NA,NA
"DOCK",2026-01-25 11:45:00,NA,NA,NA
"DOCK",2026-01-25 12:00:00,NA,NA,NA
"DOCK",2026-01-25 12:15:00,NA,NA,NA
"DOCK",2026-01-25 12:30:00,NA,NA,NA
"DOCK",2026-01-25 12:45:00,NA,NA,NA
"DOCK",2026-01-25 13:00:00,NA,NA,NA
"DOCK",2026-01-25 13:15:00,NA,NA,NA
"DOCK",2026-01-25 13:30:00,NA,NA,NA
"DOCK",2026-01-25 13:45:00,NA,NA,NA
"DOCK",2026-01-25 14:00:00,NA,NA,NA
"DOCK",2026-01-25 14:15:00,NA,NA,NA
"DOCK",2026-01-25 14:30:00,NA,NA,NA
"DOCK",2026-01-25 14:45:00,NA,NA,NA
"DOCK",2026-01-25 15:00:00,NA,NA,NA
"DOCK",2026-01-25 15:15:00,NA,NA,NA
"DOCK",2026-01-25 15:30:00,NA,NA,NA
"DOCK",2026-01-25 15:45:00,NA,NA,NA
"DOCK",2026-01-25 16:00:00,NA,NA,NA
"DOCK",2026-01-25 16:15:00,NA,NA,NA
"DOCK",2026-01-25 16:30:00,NA,NA,NA
"DOCK",2026-01-25 16:45:00,NA,NA,NA
"DOCK",2026-01-25 17:00:00,NA,NA,NA
"DOCK",2026-01-25 17:15:00,NA,NA,NA
"DOCK",2026-01-25 17:30:00,NA,NA,NA
"DOCK",2026-01-25 17:45:00,NA,NA,NA
"DOCK",2026-01-25 18:00:00,NA,NA,NA
"DOCK",2026-01-25 18:15:00,NA,NA,NA
"DOCK",2026-01-25 18:30:00,NA,NA,NA
"DOCK",2026-01-25 18:45:00,NA,NA,NA
"DOCK",2026-01-25 19:00:00,NA,NA,NA
"DOCK",2026-01-25 19:15:00,NA,NA,NA
"DOCK",2026-01-25 19:30:00,NA,NA,NA
"DOCK",2026-01-25 19:45:00,NA,NA,NA
"DOCK",2026-01-25 20:00:00,NA,NA,NA
"DOCK",2026-01-25 20:15:00,NA,NA,NA
"DOCK",2026-01-25 20:30:00,NA,NA,NA
"DOCK",2026-01-25 20:45:00,NA,NA,NA
"DOCK",2026-01-25 21:00:00,NA,NA,NA
"DOCK",2026-01-25 21:15:00,NA,NA,NA
"DOCK",2026-01-25 21:30:00,NA,NA,NA
"DOCK",2026-01-25 21:45:00,NA,NA,NA
"DOCK",2026-01-25 22:00:00,NA,NA,NA
"DOCK",2026-01-25 22:15:00,NA,NA,NA
"DOCK",2026-01-25 22:30:00,NA,NA,NA
"DOCK",2026-01-25 22:45:00,NA,NA,NA
"DOCK",2026-01-25 23:00:00,NA,NA,NA
"DOCK",2026-01-25 23:15:00,NA,NA,NA
"DOCK",2026-01-25 23:30:00,NA,NA,NA
"DOCK",2026-01-25 23:45:00,NA,NA,NA
"DOCK",2026-01-26,NA,NA,NA
"DOCK",2026-01-26 00:15:00,NA,NA,NA
"DOCK",2026-01-26 00:30:00,NA,NA,NA
"DOCK",2026-01-26 00:45:00,NA,NA,NA
"DOCK",2026-01-26 01:00:00,NA,NA,NA
"DOCK",2026-01-26 01:15:00,NA,NA,NA
"DOCK",2026-01-26 01:30:00,NA,NA,NA
"DOCK",2026-01-26 01:45:00,NA,NA,NA
"DOCK",2026-01-26 02:00:00,NA,NA,NA
"DOCK",2026-01-26 02:15:00,NA,NA,NA
"DOCK",2026-01-26 02:30:00,NA,NA,NA
"DOCK",2026-01-26 02:45:00,NA,NA,NA
"DOCK",2026-01-26 03:00:00,NA,NA,NA
"DOCK",2026-01-26 03:15:00,NA,NA,NA
"DOCK",2026-01-26 03:30:00,NA,NA,NA
"DOCK",2026-01-26 03:45:00,NA,NA,NA
"DOCK",2026-01-26 04:00:00,NA,NA,NA
"DOCK",2026-01-26 04:15:00,NA,NA,NA
"DOCK",2026-01-26 04:30:00,NA,NA,NA
"DOCK",2026-01-26 04:45:00,NA,NA,NA
"DOCK",2026-01-26 05:00:00,NA,NA,NA
"DOCK",2026-01-26 05:15:00,NA,NA,NA
"DOCK",2026-01-26 05:30:00,NA,NA,NA
"DOCK",2026-01-26 05:45:00,NA,NA,NA
"DOCK",2026-01-26 06:00:00,NA,NA,NA
"DOCK",2026-01-26 06:15:00,NA,NA,NA
"DOCK",2026-01-26 06:30:00,NA,NA,NA
"DOCK",2026-01-26 06:45:00,NA,NA,NA
"DOCK",2026-01-26 07:00:00,NA,NA,NA
"DOCK",2026-01-26 07:15:00,NA,NA,NA
"DOCK",2026-01-26 07:30:00,NA,NA,NA
"DOCK",2026-01-26 07:45:00,NA,NA,NA
"DOCK",2026-01-26 08:00:00,NA,NA,NA
"DOCK",2026-01-26 08:15:00,NA,NA,NA
"DOCK",2026-01-26 08:30:00,NA,NA,NA
"DOCK",2026-01-26 08:45:00,NA,NA,NA
"DOCK",2026-01-26 09:00:00,NA,NA,NA
"DOCK",2026-01-26 09:15:00,NA,NA,NA
"DOCK",2026-01-26 09:30:00,NA,NA,NA
"DOCK",2026-01-26 09:45:00,NA,NA,NA
"DOCK",2026-01-26 10:00:00,NA,NA,NA
"DOCK",2026-01-26 10:15:00,NA,NA,NA
"DOCK",2026-01-26 10:30:00,NA,NA,NA
"DOCK",2026-01-26 10:45:00,NA,NA,NA
"DOCK",2026-01-26 11:00:00,NA,NA,NA
"DOCK",2026-01-26 11:15:00,NA,NA,NA
"DOCK",2026-01-26 11:30:00,NA,NA,NA
"DOCK",2026-01-26 11:45:00,NA,NA,NA
"DOCK",2026-01-26 12:00:00,NA,NA,NA
"DOCK",2026-01-26 12:15:00,NA,NA,NA
"DOCK",2026-01-26 12:30:00,NA,NA,NA
"DOCK",2026-01-26 12:45:00,NA,NA,NA
"DOCK",2026-01-26 13:00:00,NA,NA,NA
"DOCK",2026-01-26 13:15:00,NA,NA,NA
"DOCK",2026-01-26 13:30:00,NA,NA,NA
"DOCK",2026-01-26 13:45:00,NA,NA,NA
"DOCK",2026-01-26 14:00:00,NA,NA,NA
"DOCK",2026-01-26 14:15:00,NA,NA,NA
"DOCK",2026-01-26 14:30:00,NA,NA,NA
"DOCK",2026-01-26 14:45:00,NA,NA,NA
"DOCK",2026-01-26 15:00:00,NA,NA,NA
"DOCK",2026-01-26 15:15:00,NA,NA,NA
"DOCK",2026-01-26 15:30:00,NA,NA,NA
"DOCK",2026-01-26 15:45:00,NA,NA,NA
"DOCK",2026-01-26 16:00:00,NA,NA,NA
"DOCK",2026-01-26 16:15:00,NA,NA,NA
"DOCK",2026-01-26 16:30:00,NA,NA,NA
"DOCK",2026-01-26 16:45:00,NA,NA,NA
"DOCK",2026-01-26 17:00:00,NA,NA,NA
"DOCK",2026-01-26 17:15:00,NA,NA,NA
"DOCK",2026-01-26 17:30:00,NA,NA,NA
"DOCK",2026-01-26 17:45:00,NA,NA,NA
"DOCK",2026-01-26 18:00:00,NA,NA,NA
"DOCK",2026-01-26 18:15:00,NA,NA,NA
"DOCK",2026-01-26 18:30:00,NA,NA,NA
"DOCK",2026-01-26 18:45:00,NA,NA,NA
"DOCK",2026-01-26 19:00:00,NA,NA,NA
"DOCK",2026-01-26 19:15:00,NA,NA,NA
"DOCK",2026-01-26 19:30:00,NA,NA,NA
"DOCK",2026-01-26 19:45:00,NA,NA,NA
"DOCK",2026-01-26 20:00:00,NA,NA,NA
"DOCK",2026-01-26 20:15:00,NA,NA,NA
"DOCK",2026-01-26 20:30:00,NA,NA,NA
"DOCK",2026-01-26 20:45:00,NA,NA,NA
"DOCK",2026-01-26 21:00:00,NA,NA,NA
"DOCK",2026-01-26 21:15:00,NA,NA,NA
"DOCK",2026-01-26 21:30:00,NA,NA,NA
"DOCK",2026-01-26 21:45:00,NA,NA,NA
"DOCK",2026-01-26 22:00:00,NA,NA,NA
"DOCK",2026-01-26 22:15:00,NA,NA,NA
"DOCK",2026-01-26 22:30:00,NA,NA,NA
"DOCK",2026-01-26 22:45:00,NA,NA,NA
"DOCK",2026-01-26 23:00:00,NA,NA,NA
"DOCK",2026-01-26 23:15:00,NA,NA,NA
"DOCK",2026-01-26 23:30:00,NA,NA,NA
"DOCK",2026-01-26 23:45:00,NA,NA,NA
"DOCK",2026-01-27,NA,NA,NA
"DOCK",2026-01-27 00:15:00,NA,NA,NA
"DOCK",2026-01-27 00:30:00,NA,NA,NA
"DOCK",2026-01-27 00:45:00,NA,NA,NA
"DOCK",2026-01-27 01:00:00,NA,NA,NA
"DOCK",2026-01-27 01:15:00,NA,NA,NA
"DOCK",2026-01-27 01:30:00,NA,NA,NA
"DOCK",2026-01-27 01:45:00,NA,NA,NA
"DOCK",2026-01-27 02:00:00,NA,NA,NA
"DOCK",2026-01-27 02:15:00,NA,NA,NA
"DOCK",2026-01-27 02:30:00,NA,NA,NA
"DOCK",2026-01-27 02:45:00,NA,NA,NA
"DOCK",2026-01-27 03:00:00,NA,NA,NA
"DOCK",2026-01-27 03:15:00,NA,NA,NA
"DOCK",2026-01-27 03:30:00,NA,NA,NA
"DOCK",2026-01-27 03:45:00,NA,NA,NA
"DOCK",2026-01-27 04:00:00,NA,NA,NA
"DOCK",2026-01-27 04:15:00,NA,NA,NA
"DOCK",2026-01-27 04:30:00,NA,NA,NA
"DOCK",2026-01-27 04:45:00,NA,NA,NA
"DOCK",2026-01-27 05:00:00,NA,NA,NA
"DOCK",2026-01-27 05:15:00,NA,NA,NA
"DOCK",2026-01-27 05:30:00,NA,NA,NA
"DOCK",2026-01-27 05:45:00,NA,NA,NA
"DOCK",2026-01-27 06:00:00,NA,NA,NA
"DOCK",2026-01-27 06:15:00,NA,NA,NA
"DOCK",2026-01-27 06:30:00,NA,NA,NA
"DOCK",2026-01-27 06:45:00,NA,NA,NA
"DOCK",2026-01-27 07:00:00,NA,NA,NA
"DOCK",2026-01-27 07:15:00,NA,NA,NA
"DOCK",2026-01-27 07:30:00,NA,NA,NA
"DOCK",2026-01-27 07:45:00,NA,NA,NA
"DOCK",2026-01-27 08:00:00,NA,NA,NA
"DOCK",2026-01-27 08:15:00,NA,NA,NA
"DOCK",2026-01-27 08:30:00,NA,NA,NA
"DOCK",2026-01-27 08:45:00,NA,NA,NA
"DOCK",2026-01-27 09:00:00,NA,NA,NA
"DOCK",2026-01-27 09:15:00,NA,NA,NA
"DOCK",2026-01-27 09:30:00,NA,NA,NA
"DOCK",2026-01-27 09:45:00,NA,NA,NA
"DOCK",2026-01-27 10:00:00,NA,NA,NA
"DOCK",2026-01-27 10:15:00,NA,NA,NA
"DOCK",2026-01-27 10:30:00,NA,NA,NA
"DOCK",2026-01-27 10:45:00,NA,NA,NA
"DOCK",2026-01-27 11:00:00,NA,NA,NA
"DOCK",2026-01-27 11:15:00,NA,NA,NA
"DOCK",2026-01-27 11:30:00,NA,NA,NA
"DOCK",2026-01-27 11:45:00,NA,NA,NA
"DOCK",2026-01-27 12:00:00,NA,NA,NA
"DOCK",2026-01-27 12:15:00,NA,NA,NA
"DOCK",2026-01-27 12:30:00,NA,NA,NA
"DOCK",2026-01-27 12:45:00,NA,NA,NA
"DOCK",2026-01-27 13:00:00,NA,NA,NA
"DOCK",2026-01-27 13:15:00,NA,NA,NA
"DOCK",2026-01-27 13:30:00,NA,NA,NA
"DOCK",2026-01-27 13:45:00,NA,NA,NA
"DOCK",2026-01-27 14:00:00,NA,NA,NA
"DOCK",2026-01-27 14:15:00,NA,NA,NA
"DOCK",2026-01-27 14:30:00,NA,NA,NA
"DOCK",2026-01-27 14:45:00,NA,NA,NA
"DOCK",2026-01-27 15:00:00,NA,NA,NA
"DOCK",2026-01-27 15:15:00,NA,NA,NA
"DOCK",2026-01-27 15:30:00,NA,NA,NA
"DOCK",2026-01-27 15:45:00,NA,NA,NA
"DOCK",2026-01-27 16:00:00,NA,NA,NA
"DOCK",2026-01-27 16:15:00,NA,NA,NA
"DOCK",2026-01-27 16:30:00,NA,NA,NA
"DOCK",2026-01-27 16:45:00,NA,NA,NA
"DOCK",2026-01-27 17:00:00,NA,NA,NA
"DOCK",2026-01-27 17:15:00,NA,NA,NA
"DOCK",2026-01-27 17:30:00,NA,NA,NA
"DOCK",2026-01-27 17:45:00,NA,NA,NA
"DOCK",2026-01-27 18:00:00,NA,NA,NA
"DOCK",2026-01-27 18:15:00,NA,NA,NA
"DOCK",2026-01-27 18:30:00,NA,NA,NA
"DOCK",2026-01-27 18:45:00,NA,NA,NA
"DOCK",2026-01-27 19:00:00,NA,NA,NA
"DOCK",2026-01-27 19:15:00,NA,NA,NA
"DOCK",2026-01-27 19:30:00,NA,NA,NA
"DOCK",2026-01-27 19:45:00,NA,NA,NA
"DOCK",2026-01-27 20:00:00,NA,NA,NA
"DOCK",2026-01-27 20:15:00,NA,NA,NA
"DOCK",2026-01-27 20:30:00,NA,NA,NA
"DOCK",2026-01-27 20:45:00,NA,NA,NA
"DOCK",2026-01-27 21:00:00,NA,NA,NA
"DOCK",2026-01-27 21:15:00,NA,NA,NA
"DOCK",2026-01-27 21:30:00,NA,NA,NA
"DOCK",2026-01-27 21:45:00,NA,NA,NA
"DOCK",2026-01-27 22:00:00,NA,NA,NA
"DOCK",2026-01-27 22:15:00,NA,NA,NA
"DOCK",2026-01-27 22:30:00,NA,NA,NA
"DOCK",2026-01-27 22:45:00,NA,NA,NA
"DOCK",2026-01-27 23:00:00,NA,NA,NA
"DOCK",2026-01-27 23:15:00,NA,NA,NA
"DOCK",2026-01-27 23:30:00,NA,NA,NA
"DOCK",2026-01-27 23:45:00,NA,NA,NA
"DOCK",2026-01-28,NA,NA,NA
"DOCK",2026-01-28 00:15:00,NA,NA,NA
"DOCK",2026-01-28 00:30:00,NA,NA,NA
"DOCK",2026-01-28 00:45:00,NA,NA,NA
"DOCK",2026-01-28 01:00:00,NA,NA,NA
"DOCK",2026-01-28 01:15:00,NA,NA,NA
"DOCK",2026-01-28 01:30:00,NA,NA,NA
"DOCK",2026-01-28 01:45:00,NA,NA,NA
"DOCK",2026-01-28 02:00:00,NA,NA,NA
"DOCK",2026-01-28 02:15:00,NA,NA,NA
"DOCK",2026-01-28 02:30:00,NA,NA,NA
"DOCK",2026-01-28 02:45:00,NA,NA,NA
"DOCK",2026-01-28 03:00:00,NA,NA,NA
"DOCK",2026-01-28 03:15:00,NA,NA,NA
"DOCK",2026-01-28 03:30:00,NA,NA,NA
"DOCK",2026-01-28 03:45:00,NA,NA,NA
"DOCK",2026-01-28 04:00:00,NA,NA,NA
"DOCK",2026-01-28 04:15:00,NA,NA,NA
"DOCK",2026-01-28 04:30:00,NA,NA,NA
"DOCK",2026-01-28 04:45:00,NA,NA,NA
"DOCK",2026-01-28 05:00:00,NA,NA,NA
"DOCK",2026-01-28 05:15:00,NA,NA,NA
"DOCK",2026-01-28 05:30:00,NA,NA,NA
"DOCK",2026-01-28 05:45:00,NA,NA,NA
"DOCK",2026-01-28 06:00:00,NA,NA,NA
"DOCK",2026-01-28 06:15:00,NA,NA,NA
"DOCK",2026-01-28 06:30:00,NA,NA,NA
"DOCK",2026-01-28 06:45:00,NA,NA,NA
"DOCK",2026-01-28 07:00:00,NA,NA,NA
"DOCK",2026-01-28 07:15:00,NA,NA,NA
"DOCK",2026-01-28 07:30:00,NA,NA,NA
"DOCK",2026-01-28 07:45:00,NA,NA,NA
"DOCK",2026-01-28 08:00:00,NA,NA,NA
"DOCK",2026-01-28 08:15:00,NA,NA,NA
"DOCK",2026-01-28 08:30:00,NA,NA,NA
"DOCK",2026-01-28 08:45:00,NA,NA,NA
"DOCK",2026-01-28 09:00:00,NA,NA,NA
"DOCK",2026-01-28 09:15:00,NA,NA,NA
"DOCK",2026-01-28 09:30:00,NA,NA,NA
"DOCK",2026-01-28 09:45:00,NA,NA,NA
"DOCK",2026-01-28 10:00:00,NA,NA,NA
"DOCK",2026-01-28 10:15:00,NA,NA,NA
"DOCK",2026-01-28 10:30:00,NA,NA,NA
"DOCK",2026-01-28 10:45:00,NA,NA,NA
"DOCK",2026-01-28 11:00:00,NA,NA,NA
"DOCK",2026-01-28 11:15:00,NA,NA,NA
"DOCK",2026-01-28 11:30:00,NA,NA,NA
"DOCK",2026-01-28 11:45:00,NA,NA,NA
"DOCK",2026-01-28 12:00:00,NA,NA,NA
"DOCK",2026-01-28 12:15:00,NA,NA,NA
"DOCK",2026-01-28 12:30:00,NA,NA,NA
"DOCK",2026-01-28 12:45:00,NA,NA,NA
"DOCK",2026-01-28 13:00:00,NA,NA,NA
"DOCK",2026-01-28 13:15:00,NA,NA,NA
"DOCK",2026-01-28 13:30:00,NA,NA,NA
"DOCK",2026-01-28 13:45:00,NA,NA,NA
"DOCK",2026-01-28 14:00:00,NA,NA,NA
"DOCK",2026-01-28 14:15:00,NA,NA,NA
"DOCK",2026-01-28 14:30:00,NA,NA,NA
"DOCK",2026-01-28 14:45:00,NA,NA,NA
"DOCK",2026-01-28 15:00:00,NA,NA,NA
"DOCK",2026-01-28 15:15:00,NA,NA,NA
"DOCK",2026-01-28 15:30:00,NA,NA,NA
"DOCK",2026-01-28 15:45:00,NA,NA,NA
"DOCK",2026-01-28 16:00:00,NA,NA,NA
"DOCK",2026-01-28 16:15:00,NA,NA,NA
"DOCK",2026-01-28 16:30:00,NA,NA,NA
"DOCK",2026-01-28 16:45:00,NA,NA,NA
"DOCK",2026-01-28 17:00:00,NA,NA,NA
"DOCK",2026-01-28 17:15:00,NA,NA,NA
"DOCK",2026-01-28 17:30:00,NA,NA,NA
"DOCK",2026-01-28 17:45:00,NA,NA,NA
"DOCK",2026-01-28 18:00:00,NA,NA,NA
"DOCK",2026-01-28 18:15:00,NA,NA,NA
"DOCK",2026-01-28 18:30:00,NA,NA,NA
"DOCK",2026-01-28 18:45:00,NA,NA,NA
"DOCK",2026-01-28 19:00:00,NA,NA,NA
"DOCK",2026-01-28 19:15:00,NA,NA,NA
"DOCK",2026-01-28 19:30:00,NA,NA,NA
"DOCK",2026-01-28 19:45:00,NA,NA,NA
"DOCK",2026-01-28 20:00:00,NA,NA,NA
"DOCK",2026-01-28 20:15:00,NA,NA,NA
"DOCK",2026-01-28 20:30:00,NA,NA,NA
"DOCK",2026-01-28 20:45:00,NA,NA,NA
"DOCK",2026-01-28 21:00:00,NA,NA,NA
"DOCK",2026-01-28 21:15:00,NA,NA,NA
"DOCK",2026-01-28 21:30:00,NA,NA,NA
"DOCK",2026-01-28 21:45:00,NA,NA,NA
"DOCK",2026-01-28 22:00:00,NA,NA,NA
"DOCK",2026-01-28 22:15:00,NA,NA,NA
"DOCK",2026-01-28 22:30:00,NA,NA,NA
"DOCK",2026-01-28 22:45:00,NA,NA,NA
"DOCK",2026-01-28 23:00:00,NA,NA,NA
"DOCK",2026-01-28 23:15:00,NA,NA,NA
"DOCK",2026-01-28 23:30:00,NA,NA,NA
"DOCK",2026-01-28 23:45:00,NA,NA,NA
"DOCK",2026-01-29,NA,NA,NA
"DOCK",2026-01-29 00:15:00,NA,NA,NA
"DOCK",2026-01-29 00:30:00,NA,NA,NA
"DOCK",2026-01-29 00:45:00,NA,NA,NA
"DOCK",2026-01-29 01:00:00,NA,NA,NA
"DOCK",2026-01-29 01:15:00,NA,NA,NA
"DOCK",2026-01-29 01:30:00,NA,NA,NA
"DOCK",2026-01-29 01:45:00,NA,NA,NA
"DOCK",2026-01-29 02:00:00,NA,NA,NA
"DOCK",2026-01-29 02:15:00,NA,NA,NA
"DOCK",2026-01-29 02:30:00,NA,NA,NA
"DOCK",2026-01-29 02:45:00,NA,NA,NA
"DOCK",2026-01-29 03:00:00,NA,NA,NA
"DOCK",2026-01-29 03:15:00,NA,NA,NA
"DOCK",2026-01-29 03:30:00,NA,NA,NA
"DOCK",2026-01-29 03:45:00,NA,NA,NA
"DOCK",2026-01-29 04:00:00,NA,NA,NA
"DOCK",2026-01-29 04:15:00,NA,NA,NA
"DOCK",2026-01-29 04:30:00,NA,NA,NA
"DOCK",2026-01-29 04:45:00,NA,NA,NA
"DOCK",2026-01-29 05:00:00,NA,NA,NA
"DOCK",2026-01-29 05:15:00,NA,NA,NA
"DOCK",2026-01-29 05:30:00,NA,NA,NA
"DOCK",2026-01-29 05:45:00,NA,NA,NA
"DOCK",2026-01-29 06:00:00,NA,NA,NA
"DOCK",2026-01-29 06:15:00,NA,NA,NA
"DOCK",2026-01-29 06:30:00,NA,NA,NA
"DOCK",2026-01-29 06:45:00,NA,NA,NA
"DOCK",2026-01-29 07:00:00,NA,NA,NA
"DOCK",2026-01-29 07:15:00,NA,NA,NA
"DOCK",2026-01-29 07:30:00,NA,NA,NA
"DOCK",2026-01-29 07:45:00,NA,NA,NA
"DOCK",2026-01-29 08:00:00,NA,NA,NA
"DOCK",2026-01-29 08:15:00,NA,NA,NA
"DOCK",2026-01-29 08:30:00,NA,NA,NA
"DOCK",2026-01-29 08:45:00,NA,NA,NA
"DOCK",2026-01-29 09:00:00,NA,NA,NA
"DOCK",2026-01-29 09:15:00,NA,NA,NA
"DOCK",2026-01-29 09:30:00,NA,NA,NA
"DOCK",2026-01-29 09:45:00,NA,NA,NA
"DOCK",2026-01-29 10:00:00,NA,NA,NA
"DOCK",2026-01-29 10:15:00,NA,NA,NA
"DOCK",2026-01-29 10:30:00,NA,NA,NA
"DOCK",2026-01-29 10:45:00,NA,NA,NA
"DOCK",2026-01-29 11:00:00,NA,NA,NA
"DOCK",2026-01-29 11:15:00,NA,NA,NA
"DOCK",2026-01-29 11:30:00,NA,NA,NA
"DOCK",2026-01-29 11:45:00,NA,NA,NA
"DOCK",2026-01-29 12:00:00,NA,NA,NA
"DOCK",2026-01-29 12:15:00,NA,NA,NA
"DOCK",2026-01-29 12:30:00,NA,NA,NA
"DOCK",2026-01-29 12:45:00,NA,NA,NA
"DOCK",2026-01-29 13:00:00,NA,NA,NA
"DOCK",2026-01-29 13:15:00,NA,NA,NA
"DOCK",2026-01-29 13:30:00,NA,NA,NA
"DOCK",2026-01-29 13:45:00,NA,NA,NA
"DOCK",2026-01-29 14:00:00,NA,NA,NA
"DOCK",2026-01-29 14:15:00,NA,NA,NA
"DOCK",2026-01-29 14:30:00,NA,NA,NA
"DOCK",2026-01-29 14:45:00,NA,NA,NA
"DOCK",2026-01-29 15:00:00,NA,NA,NA
"DOCK",2026-01-29 15:15:00,NA,NA,NA
"DOCK",2026-01-29 15:30:00,NA,NA,NA
"DOCK",2026-01-29 15:45:00,NA,NA,NA
"DOCK",2026-01-29 16:00:00,NA,NA,NA
"DOCK",2026-01-29 16:15:00,NA,NA,NA
"DOCK",2026-01-29 16:30:00,NA,NA,NA
"DOCK",2026-01-29 16:45:00,NA,NA,NA
"DOCK",2026-01-29 17:00:00,NA,NA,NA
"DOCK",2026-01-29 17:15:00,NA,NA,NA
"DOCK",2026-01-29 17:30:00,NA,NA,NA
"DOCK",2026-01-29 17:45:00,NA,NA,NA
"DOCK",2026-01-29 18:00:00,NA,NA,NA
"DOCK",2026-01-29 18:15:00,NA,NA,NA
"DOCK",2026-01-29 18:30:00,NA,NA,NA
"DOCK",2026-01-29 18:45:00,NA,NA,NA
"DOCK",2026-01-29 19:00:00,NA,NA,NA
"DOCK",2026-01-29 19:15:00,NA,NA,NA
"DOCK",2026-01-29 19:30:00,NA,NA,NA
"DOCK",2026-01-29 19:45:00,NA,NA,NA
"DOCK",2026-01-29 20:00:00,NA,NA,NA
"DOCK",2026-01-29 20:15:00,NA,NA,NA
"DOCK",2026-01-29 20:30:00,NA,NA,NA
"DOCK",2026-01-29 20:45:00,NA,NA,NA
"DOCK",2026-01-29 21:00:00,NA,NA,NA
"DOCK",2026-01-29 21:15:00,NA,NA,NA
"DOCK",2026-01-29 21:30:00,NA,NA,NA
"DOCK",2026-01-29 21:45:00,NA,NA,NA
"DOCK",2026-01-29 22:00:00,NA,NA,NA
"DOCK",2026-01-29 22:15:00,NA,NA,NA
"DOCK",2026-01-29 22:30:00,NA,NA,NA
"DOCK",2026-01-29 22:45:00,NA,NA,NA
"DOCK",2026-01-29 23:00:00,NA,NA,NA
"DOCK",2026-01-29 23:15:00,NA,NA,NA
"DOCK",2026-01-29 23:30:00,NA,NA,NA
"DOCK",2026-01-29 23:45:00,NA,NA,NA
"DOCK",2026-01-30,NA,NA,NA
"DOCK",2026-01-30 00:15:00,NA,NA,NA
"DOCK",2026-01-30 00:30:00,NA,NA,NA
"DOCK",2026-01-30 00:45:00,NA,NA,NA
"DOCK",2026-01-30 01:00:00,NA,NA,NA
"DOCK",2026-01-30 01:15:00,NA,NA,NA
"DOCK",2026-01-30 01:30:00,NA,NA,NA
"DOCK",2026-01-30 01:45:00,NA,NA,NA
"DOCK",2026-01-30 02:00:00,NA,NA,NA
"DOCK",2026-01-30 02:15:00,NA,NA,NA
"DOCK",2026-01-30 02:30:00,NA,NA,NA
"DOCK",2026-01-30 02:45:00,NA,NA,NA
"DOCK",2026-01-30 03:00:00,NA,NA,NA
"DOCK",2026-01-30 03:15:00,NA,NA,NA
"DOCK",2026-01-30 03:30:00,NA,NA,NA
"DOCK",2026-01-30 03:45:00,NA,NA,NA
"DOCK",2026-01-30 04:00:00,NA,NA,NA
"DOCK",2026-01-30 04:15:00,NA,NA,NA
"DOCK",2026-01-30 04:30:00,NA,NA,NA
"DOCK",2026-01-30 04:45:00,NA,NA,NA
"DOCK",2026-01-30 05:00:00,NA,NA,NA
"DOCK",2026-01-30 05:15:00,NA,NA,NA
"DOCK",2026-01-30 05:30:00,NA,NA,NA
"DOCK",2026-01-30 05:45:00,NA,NA,NA
"DOCK",2026-01-30 06:00:00,NA,NA,NA
"DOCK",2026-01-30 06:15:00,NA,NA,NA
"DOCK",2026-01-30 06:30:00,NA,NA,NA
"DOCK",2026-01-30 06:45:00,NA,NA,NA
"DOCK",2026-01-30 07:00:00,NA,NA,NA
"DOCK",2026-01-30 07:15:00,NA,NA,NA
"DOCK",2026-01-30 07:30:00,NA,NA,NA
"DOCK",2026-01-30 07:45:00,NA,NA,NA
"DOCK",2026-01-30 08:00:00,NA,NA,NA
"DOCK",2026-01-30 08:15:00,NA,NA,NA
"DOCK",2026-01-30 08:30:00,NA,NA,NA
"DOCK",2026-01-30 08:45:00,NA,NA,NA
"DOCK",2026-01-30 09:00:00,NA,NA,NA
"DOCK",2026-01-30 09:15:00,NA,NA,NA
"DOCK",2026-01-30 09:30:00,NA,NA,NA
"DOCK",2026-01-30 09:45:00,NA,NA,NA
"DOCK",2026-01-30 10:00:00,NA,NA,NA
"DOCK",2026-01-30 10:15:00,NA,NA,NA
"DOCK",2026-01-30 10:30:00,NA,NA,NA
"DOCK",2026-01-30 10:45:00,NA,NA,NA
"DOCK",2026-01-30 11:00:00,NA,NA,NA
"DOCK",2026-01-30 11:15:00,NA,NA,NA
"DOCK",2026-01-30 11:30:00,NA,NA,NA
"DOCK",2026-01-30 11:45:00,NA,NA,NA
"DOCK",2026-01-30 12:00:00,NA,NA,NA
"DOCK",2026-01-30 12:15:00,NA,NA,NA
"DOCK",2026-01-30 12:30:00,NA,NA,NA
"DOCK",2026-01-30 12:45:00,NA,NA,NA
"DOCK",2026-01-30 13:00:00,NA,NA,NA
"DOCK",2026-01-30 13:15:00,NA,NA,NA
"DOCK",2026-01-30 13:30:00,NA,NA,NA
"DOCK",2026-01-30 13:45:00,NA,NA,NA
"DOCK",2026-01-30 14:00:00,NA,NA,NA
"DOCK",2026-01-30 14:15:00,NA,NA,NA
"DOCK",2026-01-30 14:30:00,NA,NA,NA
"DOCK",2026-01-30 14:45:00,NA,NA,NA
"DOCK",2026-01-30 15:00:00,NA,NA,NA
"DOCK",2026-01-30 15:15:00,NA,NA,NA
"DOCK",2026-01-30 15:30:00,NA,NA,NA
"DOCK",2026-01-30 15:45:00,NA,NA,NA
"DOCK",2026-01-30 16:00:00,NA,NA,NA
"DOCK",2026-01-30 16:15:00,NA,NA,NA
"DOCK",2026-01-30 16:30:00,NA,NA,NA
"DOCK",2026-01-30 16:45:00,NA,NA,NA
"DOCK",2026-01-30 17:00:00,NA,NA,NA
"DOCK",2026-01-30 17:15:00,NA,NA,NA
"DOCK",2026-01-30 17:30:00,NA,NA,NA
"DOCK",2026-01-30 17:45:00,NA,NA,NA
"DOCK",2026-01-30 18:00:00,NA,NA,NA
"DOCK",2026-01-30 18:15:00,NA,NA,NA
"DOCK",2026-01-30 18:30:00,NA,NA,NA
"DOCK",2026-01-30 18:45:00,NA,NA,NA
"DOCK",2026-01-30 19:00:00,NA,NA,NA
"DOCK",2026-01-30 19:15:00,NA,NA,NA
"DOCK",2026-01-30 19:30:00,NA,NA,NA
"DOCK",2026-01-30 19:45:00,NA,NA,NA
"DOCK",2026-01-30 20:00:00,NA,NA,NA
"DOCK",2026-01-30 20:15:00,NA,NA,NA
"DOCK",2026-01-30 20:30:00,NA,NA,NA
"DOCK",2026-01-30 20:45:00,NA,NA,NA
"DOCK",2026-01-30 21:00:00,NA,NA,NA
"DOCK",2026-01-30 21:15:00,NA,NA,NA
"DOCK",2026-01-30 21:30:00,NA,NA,NA
"DOCK",2026-01-30 21:45:00,NA,NA,NA
"DOCK",2026-01-30 22:00:00,NA,NA,NA
"DOCK",2026-01-30 22:15:00,NA,NA,NA
"DOCK",2026-01-30 22:30:00,NA,NA,NA
"DOCK",2026-01-30 22:45:00,NA,NA,NA
"DOCK",2026-01-30 23:00:00,NA,NA,NA
"DOCK",2026-01-30 23:15:00,NA,NA,NA
"DOCK",2026-01-30 23:30:00,NA,NA,NA
"DOCK",2026-01-30 23:45:00,NA,NA,NA
"DOCK",2026-01-31,NA,NA,NA
"DOCK",2026-01-31 00:15:00,NA,NA,NA
"DOCK",2026-01-31 00:30:00,NA,NA,NA
"DOCK",2026-01-31 00:45:00,NA,NA,NA
"DOCK",2026-01-31 01:00:00,NA,NA,NA
"DOCK",2026-01-31 01:15:00,NA,NA,NA
"DOCK",2026-01-31 01:30:00,NA,NA,NA
"DOCK",2026-01-31 01:45:00,NA,NA,NA
"DOCK",2026-01-31 02:00:00,NA,NA,NA
"DOCK",2026-01-31 02:15:00,NA,NA,NA
"DOCK",2026-01-31 02:30:00,NA,NA,NA
"DOCK",2026-01-31 02:45:00,NA,NA,NA
"DOCK",2026-01-31 03:00:00,NA,NA,NA
"DOCK",2026-01-31 03:15:00,NA,NA,NA
"DOCK",2026-01-31 03:30:00,NA,NA,NA
"DOCK",2026-01-31 03:45:00,NA,NA,NA
"DOCK",2026-01-31 04:00:00,NA,NA,NA
"DOCK",2026-01-31 04:15:00,NA,NA,NA
"DOCK",2026-01-31 04:30:00,NA,NA,NA
"DOCK",2026-01-31 04:45:00,NA,NA,NA
"DOCK",2026-01-31 05:00:00,NA,NA,NA
"DOCK",2026-01-31 05:15:00,NA,NA,NA
"DOCK",2026-01-31 05:30:00,NA,NA,NA
"DOCK",2026-01-31 05:45:00,NA,NA,NA
"DOCK",2026-01-31 06:00:00,NA,NA,NA
"DOCK",2026-01-31 06:15:00,NA,NA,NA
"DOCK",2026-01-31 06:30:00,NA,NA,NA
"DOCK",2026-01-31 06:45:00,NA,NA,NA
"DOCK",2026-01-31 07:00:00,NA,NA,NA
"DOCK",2026-01-31 07:15:00,NA,NA,NA
"DOCK",2026-01-31 07:30:00,NA,NA,NA
"DOCK",2026-01-31 07:45:00,NA,NA,NA
"DOCK",2026-01-31 08:00:00,NA,NA,NA
"DOCK",2026-01-31 08:15:00,NA,NA,NA
"DOCK",2026-01-31 08:30:00,NA,NA,NA
"DOCK",2026-01-31 08:45:00,NA,NA,NA
"DOCK",2026-01-31 09:00:00,NA,NA,NA
"DOCK",2026-01-31 09:15:00,NA,NA,NA
"DOCK",2026-01-31 09:30:00,NA,NA,NA
"DOCK",2026-01-31 09:45:00,NA,NA,NA
"DOCK",2026-01-31 10:00:00,NA,NA,NA
"DOCK",2026-01-31 10:15:00,NA,NA,NA
"DOCK",2026-01-31 10:30:00,NA,NA,NA
"DOCK",2026-01-31 10:45:00,NA,NA,NA
"DOCK",2026-01-31 11:00:00,NA,NA,NA
"DOCK",2026-01-31 11:15:00,NA,NA,NA
"DOCK",2026-01-31 11:30:00,NA,NA,NA
"DOCK",2026-01-31 11:45:00,NA,NA,NA
"DOCK",2026-01-31 12:00:00,NA,NA,NA
"DOCK",2026-01-31 12:15:00,NA,NA,NA
"DOCK",2026-01-31 12:30:00,NA,NA,NA
"DOCK",2026-01-31 12:45:00,NA,NA,NA
"DOCK",2026-01-31 13:00:00,NA,NA,NA
"DOCK",2026-01-31 13:15:00,NA,NA,NA
"DOCK",2026-01-31 13:30:00,NA,NA,NA
"DOCK",2026-01-31 13:45:00,NA,NA,NA
"DOCK",2026-01-31 14:00:00,NA,NA,NA
"DOCK",2026-01-31 14:15:00,NA,NA,NA
"DOCK",2026-01-31 14:30:00,NA,NA,NA
"DOCK",2026-01-31 14:45:00,NA,NA,NA
"DOCK",2026-01-31 15:00:00,NA,NA,NA
"DOCK",2026-01-31 15:15:00,NA,NA,NA
"DOCK",2026-01-31 15:30:00,NA,NA,NA
"DOCK",2026-01-31 15:45:00,NA,NA,NA
"DOCK",2026-01-31 16:00:00,NA,NA,NA
"DOCK",2026-01-31 16:15:00,NA,NA,NA
"DOCK",2026-01-31 16:30:00,NA,NA,NA
"DOCK",2026-01-31 16:45:00,NA,NA,NA
"DOCK",2026-01-31 17:00:00,NA,NA,NA
"DOCK",2026-01-31 17:15:00,NA,NA,NA
"DOCK",2026-01-31 17:30:00,NA,NA,NA
"DOCK",2026-01-31 17:45:00,NA,NA,NA
"DOCK",2026-01-31 18:00:00,NA,NA,NA
"DOCK",2026-01-31 18:15:00,NA,NA,NA
"DOCK",2026-01-31 18:30:00,NA,NA,NA
"DOCK",2026-01-31 18:45:00,NA,NA,NA
"DOCK",2026-01-31 19:00:00,NA,NA,NA
"DOCK",2026-01-31 19:15:00,NA,NA,NA
"DOCK",2026-01-31 19:30:00,NA,NA,NA
"DOCK",2026-01-31 19:45:00,NA,NA,NA
"DOCK",2026-01-31 20:00:00,NA,NA,NA
"DOCK",2026-01-31 20:15:00,NA,NA,NA
"DOCK",2026-01-31 20:30:00,NA,NA,NA
"DOCK",2026-01-31 20:45:00,NA,NA,NA
"DOCK",2026-01-31 21:00:00,NA,NA,NA
"DOCK",2026-01-31 21:15:00,NA,NA,NA
"DOCK",2026-01-31 21:30:00,NA,NA,NA
"DOCK",2026-01-31 21:45:00,NA,NA,NA
"DOCK",2026-01-31 22:00:00,NA,NA,NA
"DOCK",2026-01-31 22:15:00,NA,NA,NA
"DOCK",2026-01-31 22:30:00,NA,NA,NA
"DOCK",2026-01-31 22:45:00,NA,NA,NA
"DOCK",2026-01-31 23:00:00,NA,NA,NA
"DOCK",2026-01-31 23:15:00,NA,NA,NA
"DOCK",2026-01-31 23:30:00,NA,NA,NA
"DOCK",2026-01-31 23:45:00,NA,NA,NA
"DOCK",2026-02-01,NA,NA,NA
"DOCK",2026-02-01 00:15:00,NA,NA,NA
"DOCK",2026-02-01 00:30:00,NA,NA,NA
"DOCK",2026-02-01 00:45:00,NA,NA,NA
"DOCK",2026-02-01 01:00:00,NA,NA,NA
"DOCK",2026-02-01 01:15:00,NA,NA,NA
"DOCK",2026-02-01 01:30:00,NA,NA,NA
"DOCK",2026-02-01 01:45:00,NA,NA,NA
"DOCK",2026-02-01 02:00:00,NA,NA,NA
"DOCK",2026-02-01 02:15:00,NA,NA,NA
"DOCK",2026-02-01 02:30:00,NA,NA,NA
"DOCK",2026-02-01 02:45:00,NA,NA,NA
"DOCK",2026-02-01 03:00:00,NA,NA,NA
"DOCK",2026-02-01 03:15:00,NA,NA,NA
"DOCK",2026-02-01 03:30:00,NA,NA,NA
"DOCK",2026-02-01 03:45:00,NA,NA,NA
"DOCK",2026-02-01 04:00:00,NA,NA,NA
"DOCK",2026-02-01 04:15:00,NA,NA,NA
"DOCK",2026-02-01 04:30:00,NA,NA,NA
"DOCK",2026-02-01 04:45:00,NA,NA,NA
"DOCK",2026-02-01 05:00:00,NA,NA,NA
"DOCK",2026-02-01 05:15:00,NA,NA,NA
"DOCK",2026-02-01 05:30:00,NA,NA,NA
"DOCK",2026-02-01 05:45:00,NA,NA,NA
"DOCK",2026-02-01 06:00:00,NA,NA,NA
"DOCK",2026-02-01 06:15:00,NA,NA,NA
"DOCK",2026-02-01 06:30:00,NA,NA,NA
"DOCK",2026-02-01 06:45:00,NA,NA,NA
"DOCK",2026-02-01 07:00:00,NA,NA,NA
"DOCK",2026-02-01 07:15:00,NA,NA,NA
"DOCK",2026-02-01 07:30:00,NA,NA,NA
"DOCK",2026-02-01 07:45:00,NA,NA,NA
"DOCK",2026-02-01 08:00:00,NA,NA,NA
"DOCK",2026-02-01 08:15:00,NA,NA,NA
"DOCK",2026-02-01 08:30:00,NA,NA,NA
"DOCK",2026-02-01 08:45:00,NA,NA,NA
"DOCK",2026-02-01 09:00:00,NA,NA,NA
"DOCK",2026-02-01 09:15:00,NA,NA,NA
"DOCK",2026-02-01 09:30:00,NA,NA,NA
"DOCK",2026-02-01 09:45:00,NA,NA,NA
"DOCK",2026-02-01 10:00:00,NA,NA,NA
"DOCK",2026-02-01 10:15:00,NA,NA,NA
"DOCK",2026-02-01 10:30:00,NA,NA,NA
"DOCK",2026-02-01 10:45:00,NA,NA,NA
"DOCK",2026-02-01 11:00:00,NA,NA,NA
"DOCK",2026-02-01 11:15:00,NA,NA,NA
"DOCK",2026-02-01 11:30:00,NA,NA,NA
"DOCK",2026-02-01 11:45:00,NA,NA,NA
"DOCK",2026-02-01 12:00:00,NA,NA,NA
"DOCK",2026-02-01 12:15:00,NA,NA,NA
"DOCK",2026-02-01 12:30:00,NA,NA,NA
"DOCK",2026-02-01 12:45:00,NA,NA,NA
"DOCK",2026-02-01 13:00:00,NA,NA,NA
"DOCK",2026-02-01 13:15:00,NA,NA,NA
"DOCK",2026-02-01 13:30:00,NA,NA,NA
"DOCK",2026-02-01 13:45:00,NA,NA,NA
"DOCK",2026-02-01 14:00:00,NA,NA,NA
"DOCK",2026-02-01 14:15:00,NA,NA,NA
"DOCK",2026-02-01 14:30:00,NA,NA,NA
"DOCK",2026-02-01 14:45:00,NA,NA,NA
"DOCK",2026-02-01 15:00:00,NA,NA,NA
"DOCK",2026-02-01 15:15:00,NA,NA,NA
"DOCK",2026-02-01 15:30:00,NA,NA,NA
"DOCK",2026-02-01 15:45:00,NA,NA,NA
"DOCK",2026-02-01 16:00:00,NA,NA,NA
"DOCK",2026-02-01 16:15:00,NA,NA,NA
"DOCK",2026-02-01 16:30:00,NA,NA,NA
"DOCK",2026-02-01 16:45:00,NA,NA,NA
"DOCK",2026-02-01 17:00:00,NA,NA,NA
"DOCK",2026-02-01 17:15:00,NA,NA,NA
"DOCK",2026-02-01 17:30:00,NA,NA,NA
"DOCK",2026-02-01 17:45:00,NA,NA,NA
"DOCK",2026-02-01 18:00:00,NA,NA,NA
"DOCK",2026-02-01 18:15:00,NA,NA,NA
"DOCK",2026-02-01 18:30:00,NA,NA,NA
"DOCK",2026-02-01 18:45:00,NA,NA,NA
"DOCK",2026-02-01 19:00:00,NA,NA,NA
"DOCK",2026-02-01 19:15:00,NA,NA,NA
"DOCK",2026-02-01 19:30:00,NA,NA,NA
"DOCK",2026-02-01 19:45:00,NA,NA,NA
"DOCK",2026-02-01 20:00:00,NA,NA,NA
"DOCK",2026-02-01 20:15:00,NA,NA,NA
"DOCK",2026-02-01 20:30:00,NA,NA,NA
"DOCK",2026-02-01 20:45:00,NA,NA,NA
"DOCK",2026-02-01 21:00:00,NA,NA,NA
"DOCK",2026-02-01 21:15:00,NA,NA,NA
"DOCK",2026-02-01 21:30:00,NA,NA,NA
"DOCK",2026-02-01 21:45:00,NA,NA,NA
"DOCK",2026-02-01 22:00:00,NA,NA,NA
"DOCK",2026-02-01 22:15:00,NA,NA,NA
"DOCK",2026-02-01 22:30:00,NA,NA,NA
"DOCK",2026-02-01 22:45:00,NA,NA,NA
"DOCK",2026-02-01 23:00:00,NA,NA,NA
"DOCK",2026-02-01 23:15:00,NA,NA,NA
"DOCK",2026-02-01 23:30:00,NA,NA,NA
"DOCK",2026-02-01 23:45:00,NA,NA,NA
"DOCK",2026-02-02,NA,NA,NA
"DOCK",2026-02-02 00:15:00,NA,NA,NA
"DOCK",2026-02-02 00:30:00,NA,NA,NA
"DOCK",2026-02-02 00:45:00,NA,NA,NA
"DOCK",2026-02-02 01:00:00,NA,NA,NA
"DOCK",2026-02-02 01:15:00,NA,NA,NA
"DOCK",2026-02-02 01:30:00,NA,NA,NA
"DOCK",2026-02-02 01:45:00,NA,NA,NA
"DOCK",2026-02-02 02:00:00,NA,NA,NA
"DOCK",2026-02-02 02:15:00,NA,NA,NA
"DOCK",2026-02-02 02:30:00,NA,NA,NA
"DOCK",2026-02-02 02:45:00,NA,NA,NA
"DOCK",2026-02-02 03:00:00,NA,NA,NA
"DOCK",2026-02-02 03:15:00,NA,NA,NA
"DOCK",2026-02-02 03:30:00,NA,NA,NA
"DOCK",2026-02-02 03:45:00,NA,NA,NA
"DOCK",2026-02-02 04:00:00,NA,NA,NA
"DOCK",2026-02-02 04:15:00,NA,NA,NA
"DOCK",2026-02-02 04:30:00,NA,NA,NA
"DOCK",2026-02-02 04:45:00,NA,NA,NA
"DOCK",2026-02-02 05:00:00,NA,NA,NA
"DOCK",2026-02-02 05:15:00,NA,NA,NA
"DOCK",2026-02-02 05:30:00,NA,NA,NA
"DOCK",2026-02-02 05:45:00,NA,NA,NA
"DOCK",2026-02-02 06:00:00,NA,NA,NA
"DOCK",2026-02-02 06:15:00,NA,NA,NA
"DOCK",2026-02-02 06:30:00,NA,NA,NA
"DOCK",2026-02-02 06:45:00,NA,NA,NA
"DOCK",2026-02-02 07:00:00,NA,NA,NA
"DOCK",2026-02-02 07:15:00,NA,NA,NA
"DOCK",2026-02-02 07:30:00,NA,NA,NA
"DOCK",2026-02-02 07:45:00,NA,NA,NA
"DOCK",2026-02-02 08:00:00,NA,NA,NA
"DOCK",2026-02-02 08:15:00,NA,NA,NA
"DOCK",2026-02-02 08:30:00,NA,NA,NA
"DOCK",2026-02-02 08:45:00,NA,NA,NA
"DOCK",2026-02-02 09:00:00,NA,NA,NA
"DOCK",2026-02-02 09:15:00,NA,NA,NA
"DOCK",2026-02-02 09:30:00,NA,NA,NA
"DOCK",2026-02-02 09:45:00,NA,NA,NA
"DOCK",2026-02-02 10:00:00,NA,NA,NA
"DOCK",2026-02-02 10:15:00,NA,NA,NA
"DOCK",2026-02-02 10:30:00,NA,NA,NA
"DOCK",2026-02-02 10:45:00,NA,NA,NA
"DOCK",2026-02-02 11:00:00,NA,NA,NA
"DOCK",2026-02-02 11:15:00,NA,NA,NA
"DOCK",2026-02-02 11:30:00,NA,NA,NA
"DOCK",2026-02-02 11:45:00,NA,NA,NA
"DOCK",2026-02-02 12:00:00,NA,NA,NA
"DOCK",2026-02-02 12:15:00,NA,NA,NA
"DOCK",2026-02-02 12:30:00,NA,NA,NA
"DOCK",2026-02-02 12:45:00,NA,NA,NA
"DOCK",2026-02-02 13:00:00,NA,NA,NA
"DOCK",2026-02-02 13:15:00,NA,NA,NA
"DOCK",2026-02-02 13:30:00,NA,NA,NA
"DOCK",2026-02-02 13:45:00,NA,NA,NA
"DOCK",2026-02-02 14:00:00,NA,NA,NA
"DOCK",2026-02-02 14:15:00,NA,NA,NA
"DOCK",2026-02-02 14:30:00,NA,NA,NA
"DOCK",2026-02-02 14:45:00,NA,NA,NA
"DOCK",2026-02-02 15:00:00,NA,NA,NA
"DOCK",2026-02-02 15:15:00,NA,NA,NA
"DOCK",2026-02-02 15:30:00,NA,NA,NA
"DOCK",2026-02-02 15:45:00,NA,NA,NA
"DOCK",2026-02-02 16:00:00,NA,NA,NA
"DOCK",2026-02-02 16:15:00,NA,NA,NA
"DOCK",2026-02-02 16:30:00,NA,NA,NA
"DOCK",2026-02-02 16:45:00,NA,NA,NA
"DOCK",2026-02-02 17:00:00,NA,NA,NA
"DOCK",2026-02-02 17:15:00,NA,NA,NA
"DOCK",2026-02-02 17:30:00,NA,NA,NA
"DOCK",2026-02-02 17:45:00,NA,NA,NA
"DOCK",2026-02-02 18:00:00,NA,NA,NA
"DOCK",2026-02-02 18:15:00,NA,NA,NA
"DOCK",2026-02-02 18:30:00,NA,NA,NA
"DOCK",2026-02-02 18:45:00,NA,NA,NA
"DOCK",2026-02-02 19:00:00,NA,NA,NA
"DOCK",2026-02-02 19:15:00,NA,NA,NA
"DOCK",2026-02-02 19:30:00,NA,NA,NA
"DOCK",2026-02-02 19:45:00,NA,NA,NA
"DOCK",2026-02-02 20:00:00,NA,NA,NA
"DOCK",2026-02-02 20:15:00,NA,NA,NA
"DOCK",2026-02-02 20:30:00,NA,NA,NA
"DOCK",2026-02-02 20:45:00,NA,NA,NA
"DOCK",2026-02-02 21:00:00,NA,NA,NA
"DOCK",2026-02-02 21:15:00,NA,NA,NA
"DOCK",2026-02-02 21:30:00,NA,NA,NA
"DOCK",2026-02-02 21:45:00,NA,NA,NA
"DOCK",2026-02-02 22:00:00,NA,NA,NA
"DOCK",2026-02-02 22:15:00,NA,NA,NA
"DOCK",2026-02-02 22:30:00,NA,NA,NA
"DOCK",2026-02-02 22:45:00,NA,NA,NA
"DOCK",2026-02-02 23:00:00,NA,NA,NA
"DOCK",2026-02-02 23:15:00,NA,NA,NA
"DOCK",2026-02-02 23:30:00,NA,NA,NA
"DOCK",2026-02-02 23:45:00,NA,NA,NA
"DOCK",2026-02-03,NA,NA,NA
"DOCK",2026-02-03 00:15:00,NA,NA,NA
"DOCK",2026-02-03 00:30:00,NA,NA,NA
"DOCK",2026-02-03 00:45:00,NA,NA,NA
"DOCK",2026-02-03 01:00:00,NA,NA,NA
"DOCK",2026-02-03 01:15:00,NA,NA,NA
"DOCK",2026-02-03 01:30:00,NA,NA,NA
"DOCK",2026-02-03 01:45:00,NA,NA,NA
"DOCK",2026-02-03 02:00:00,NA,NA,NA
"DOCK",2026-02-03 02:15:00,NA,NA,NA
"DOCK",2026-02-03 02:30:00,NA,NA,NA
"DOCK",2026-02-03 02:45:00,NA,NA,NA
"DOCK",2026-02-03 03:00:00,NA,NA,NA
"DOCK",2026-02-03 03:15:00,NA,NA,NA
"DOCK",2026-02-03 03:30:00,NA,NA,NA
"DOCK",2026-02-03 03:45:00,NA,NA,NA
"DOCK",2026-02-03 04:00:00,NA,NA,NA
"DOCK",2026-02-03 04:15:00,NA,NA,NA
"DOCK",2026-02-03 04:30:00,NA,NA,NA
"DOCK",2026-02-03 04:45:00,NA,NA,NA
"DOCK",2026-02-03 05:00:00,NA,NA,NA
"DOCK",2026-02-03 05:15:00,NA,NA,NA
"DOCK",2026-02-03 05:30:00,NA,NA,NA
"DOCK",2026-02-03 05:45:00,NA,NA,NA
"DOCK",2026-02-03 06:00:00,NA,NA,NA
"DOCK",2026-02-03 06:15:00,NA,NA,NA
"DOCK",2026-02-03 06:30:00,NA,NA,NA
"DOCK",2026-02-03 06:45:00,NA,NA,NA
"DOCK",2026-02-03 07:00:00,NA,NA,NA
"DOCK",2026-02-03 07:15:00,NA,NA,NA
"DOCK",2026-02-03 07:30:00,NA,NA,NA
"DOCK",2026-02-03 07:45:00,NA,NA,NA
"DOCK",2026-02-03 08:00:00,NA,NA,NA
"DOCK",2026-02-03 08:15:00,NA,NA,NA
"DOCK",2026-02-03 08:30:00,NA,NA,NA
"DOCK",2026-02-03 08:45:00,NA,NA,NA
"DOCK",2026-02-03 09:00:00,NA,NA,NA
"DOCK",2026-02-03 09:15:00,NA,NA,NA
"DOCK",2026-02-03 09:30:00,NA,NA,NA
"DOCK",2026-02-03 09:45:00,NA,NA,NA
"DOCK",2026-02-03 10:00:00,NA,NA,NA
"DOCK",2026-02-03 10:15:00,NA,NA,NA
"DOCK",2026-02-03 10:30:00,NA,NA,NA
"DOCK",2026-02-03 10:45:00,NA,NA,NA
"DOCK",2026-02-03 11:00:00,NA,NA,NA
"DOCK",2026-02-03 11:15:00,NA,NA,NA
"DOCK",2026-02-03 11:30:00,NA,NA,NA
"DOCK",2026-02-03 11:45:00,NA,NA,NA
"DOCK",2026-02-03 12:00:00,NA,NA,NA
"DOCK",2026-02-03 12:15:00,NA,NA,NA
"DOCK",2026-02-03 12:30:00,NA,NA,NA
"DOCK",2026-02-03 12:45:00,NA,NA,NA
"DOCK",2026-02-03 13:00:00,NA,NA,NA
"DOCK",2026-02-03 13:15:00,NA,NA,NA
"DOCK",2026-02-03 13:30:00,NA,NA,NA
"DOCK",2026-02-03 13:45:00,NA,NA,NA
"DOCK",2026-02-03 14:00:00,NA,NA,NA
"DOCK",2026-02-03 14:15:00,NA,NA,NA
"DOCK",2026-02-03 14:30:00,NA,NA,NA
"DOCK",2026-02-03 14:45:00,NA,NA,NA
"DOCK",2026-02-03 15:00:00,NA,NA,NA
"DOCK",2026-02-03 15:15:00,NA,NA,NA
"DOCK",2026-02-03 15:30:00,NA,NA,NA
"DOCK",2026-02-03 15:45:00,NA,NA,NA
"DOCK",2026-02-03 16:00:00,NA,NA,NA
"DOCK",2026-02-03 16:15:00,NA,NA,NA
"DOCK",2026-02-03 16:30:00,NA,NA,NA
"DOCK",2026-02-03 16:45:00,NA,NA,NA
"DOCK",2026-02-03 17:00:00,NA,NA,NA
"DOCK",2026-02-03 17:15:00,NA,NA,NA
"DOCK",2026-02-03 17:30:00,NA,NA,NA
"DOCK",2026-02-03 17:45:00,NA,NA,NA
"DOCK",2026-02-03 18:00:00,NA,NA,NA
"DOCK",2026-02-03 18:15:00,NA,NA,NA
"DOCK",2026-02-03 18:30:00,NA,NA,NA
"DOCK",2026-02-03 18:45:00,NA,NA,NA
"DOCK",2026-02-03 19:00:00,NA,NA,NA
"DOCK",2026-02-03 19:15:00,NA,NA,NA
"DOCK",2026-02-03 19:30:00,NA,NA,NA
"DOCK",2026-02-03 19:45:00,NA,NA,NA
"DOCK",2026-02-03 20:00:00,NA,NA,NA
"DOCK",2026-02-03 20:15:00,NA,NA,NA
"DOCK",2026-02-03 20:30:00,NA,NA,NA
"DOCK",2026-02-03 20:45:00,NA,NA,NA
"DOCK",2026-02-03 21:00:00,NA,NA,NA
"DOCK",2026-02-03 21:15:00,NA,NA,NA
"DOCK",2026-02-03 21:30:00,NA,NA,NA
"DOCK",2026-02-03 21:45:00,NA,NA,NA
"DOCK",2026-02-03 22:00:00,NA,NA,NA
"DOCK",2026-02-03 22:15:00,NA,NA,NA
"DOCK",2026-02-03 22:30:00,NA,NA,NA
"DOCK",2026-02-03 22:45:00,NA,NA,NA
"DOCK",2026-02-03 23:00:00,NA,NA,NA
"DOCK",2026-02-03 23:15:00,NA,NA,NA
"DOCK",2026-02-03 23:30:00,NA,NA,NA
"DOCK",2026-02-03 23:45:00,NA,NA,NA
"DOCK",2026-02-04,NA,NA,NA
"DOCK",2026-02-04 00:15:00,NA,NA,NA
"DOCK",2026-02-04 00:30:00,NA,NA,NA
"DOCK",2026-02-04 00:45:00,NA,NA,NA
"DOCK",2026-02-04 01:00:00,NA,NA,NA
"DOCK",2026-02-04 01:15:00,NA,NA,NA
"DOCK",2026-02-04 01:30:00,NA,NA,NA
"DOCK",2026-02-04 01:45:00,NA,NA,NA
"DOCK",2026-02-04 02:00:00,NA,NA,NA
"DOCK",2026-02-04 02:15:00,NA,NA,NA
"DOCK",2026-02-04 02:30:00,NA,NA,NA
"DOCK",2026-02-04 02:45:00,NA,NA,NA
"DOCK",2026-02-04 03:00:00,NA,NA,NA
"DOCK",2026-02-04 03:15:00,NA,NA,NA
"DOCK",2026-02-04 03:30:00,NA,NA,NA
"DOCK",2026-02-04 03:45:00,NA,NA,NA
"DOCK",2026-02-04 04:00:00,NA,NA,NA
"DOCK",2026-02-04 04:15:00,NA,NA,NA
"DOCK",2026-02-04 04:30:00,NA,NA,NA
"DOCK",2026-02-04 04:45:00,NA,NA,NA
"DOCK",2026-02-04 05:00:00,NA,NA,NA
"DOCK",2026-02-04 05:15:00,NA,NA,NA
"DOCK",2026-02-04 05:30:00,NA,NA,NA
"DOCK",2026-02-04 05:45:00,NA,NA,NA
"DOCK",2026-02-04 06:00:00,NA,NA,NA
"DOCK",2026-02-04 06:15:00,NA,NA,NA
"DOCK",2026-02-04 06:30:00,NA,NA,NA
"DOCK",2026-02-04 06:45:00,NA,NA,NA
"DOCK",2026-02-04 07:00:00,NA,NA,NA
"DOCK",2026-02-04 07:15:00,NA,NA,NA
"DOCK",2026-02-04 07:30:00,NA,NA,NA
"DOCK",2026-02-04 07:45:00,NA,NA,NA
"DOCK",2026-02-04 08:00:00,NA,NA,NA
"DOCK",2026-02-04 08:15:00,NA,NA,NA
"DOCK",2026-02-04 08:30:00,NA,NA,NA
"DOCK",2026-02-04 08:45:00,NA,NA,NA
"DOCK",2026-02-04 09:00:00,NA,NA,NA
"DOCK",2026-02-04 09:15:00,NA,NA,NA
"DOCK",2026-02-04 09:30:00,NA,NA,NA
"DOCK",2026-02-04 09:45:00,NA,NA,NA
"DOCK",2026-02-04 10:00:00,NA,NA,NA
"DOCK",2026-02-04 10:15:00,NA,NA,NA
"DOCK",2026-02-04 10:30:00,NA,NA,NA
"DOCK",2026-02-04 10:45:00,NA,NA,NA
"DOCK",2026-02-04 11:00:00,NA,NA,NA
"DOCK",2026-02-04 11:15:00,NA,NA,NA
"DOCK",2026-02-04 11:30:00,NA,NA,NA
"DOCK",2026-02-04 11:45:00,NA,NA,NA
"DOCK",2026-02-04 12:00:00,NA,NA,NA
"DOCK",2026-02-04 12:15:00,NA,NA,NA
"DOCK",2026-02-04 12:30:00,NA,NA,NA
"DOCK",2026-02-04 12:45:00,NA,NA,NA
"DOCK",2026-02-04 13:00:00,NA,NA,NA
"DOCK",2026-02-04 13:15:00,NA,NA,NA
"DOCK",2026-02-04 13:30:00,NA,NA,NA
"DOCK",2026-02-04 13:45:00,NA,NA,NA
"DOCK",2026-02-04 14:00:00,NA,NA,NA
"DOCK",2026-02-04 14:15:00,NA,NA,NA
"DOCK",2026-02-04 14:30:00,NA,NA,NA
"DOCK",2026-02-04 14:45:00,NA,NA,NA
"DOCK",2026-02-04 15:00:00,NA,NA,NA
"DOCK",2026-02-04 15:15:00,NA,NA,NA
"DOCK",2026-02-04 15:30:00,NA,NA,NA
"DOCK",2026-02-04 15:45:00,NA,NA,NA
"DOCK",2026-02-04 16:00:00,NA,NA,NA
"DOCK",2026-02-04 16:15:00,NA,NA,NA
"DOCK",2026-02-04 16:30:00,NA,NA,NA
"DOCK",2026-02-04 16:45:00,NA,NA,NA
"DOCK",2026-02-04 17:00:00,NA,NA,NA
"DOCK",2026-02-04 17:15:00,NA,NA,NA
"DOCK",2026-02-04 17:30:00,NA,NA,NA
"DOCK",2026-02-04 17:45:00,NA,NA,NA
"DOCK",2026-02-04 18:00:00,NA,NA,NA
"DOCK",2026-02-04 18:15:00,NA,NA,NA
"DOCK",2026-02-04 18:30:00,NA,NA,NA
"DOCK",2026-02-04 18:45:00,NA,NA,NA
"DOCK",2026-02-04 19:00:00,NA,NA,NA
"DOCK",2026-02-04 19:15:00,NA,NA,NA
"DOCK",2026-02-04 19:30:00,NA,NA,NA
"DOCK",2026-02-04 19:45:00,NA,NA,NA
"DOCK",2026-02-04 20:00:00,NA,NA,NA
"DOCK",2026-02-04 20:15:00,NA,NA,NA
"DOCK",2026-02-04 20:30:00,NA,NA,NA
"DOCK",2026-02-04 20:45:00,NA,NA,NA
"DOCK",2026-02-04 21:00:00,NA,NA,NA
"DOCK",2026-02-04 21:15:00,NA,NA,NA
"DOCK",2026-02-04 21:30:00,NA,NA,NA
"DOCK",2026-02-04 21:45:00,NA,NA,NA
"DOCK",2026-02-04 22:00:00,NA,NA,NA
"DOCK",2026-02-04 22:15:00,NA,NA,NA
"DOCK",2026-02-04 22:30:00,NA,NA,NA
"DOCK",2026-02-04 22:45:00,NA,NA,NA
"DOCK",2026-02-04 23:00:00,NA,NA,NA
"DOCK",2026-02-04 23:15:00,NA,NA,NA
"DOCK",2026-02-04 23:30:00,NA,NA,NA
"DOCK",2026-02-04 23:45:00,NA,NA,NA
"DOCK",2026-02-05,NA,NA,NA
"DOCK",2026-02-05 00:15:00,NA,NA,NA
"DOCK",2026-02-05 00:30:00,NA,NA,NA
"DOCK",2026-02-05 00:45:00,NA,NA,NA
"DOCK",2026-02-05 01:00:00,NA,NA,NA
"DOCK",2026-02-05 01:15:00,NA,NA,NA
"DOCK",2026-02-05 01:30:00,NA,NA,NA
"DOCK",2026-02-05 01:45:00,NA,NA,NA
"DOCK",2026-02-05 02:00:00,NA,NA,NA
"DOCK",2026-02-05 02:15:00,NA,NA,NA
"DOCK",2026-02-05 02:30:00,NA,NA,NA
"DOCK",2026-02-05 02:45:00,NA,NA,NA
"DOCK",2026-02-05 03:00:00,NA,NA,NA
"DOCK",2026-02-05 03:15:00,NA,NA,NA
"DOCK",2026-02-05 03:30:00,NA,NA,NA
"DOCK",2026-02-05 03:45:00,NA,NA,NA
"DOCK",2026-02-05 04:00:00,NA,NA,NA
"DOCK",2026-02-05 04:15:00,NA,NA,NA
"DOCK",2026-02-05 04:30:00,NA,NA,NA
"DOCK",2026-02-05 04:45:00,NA,NA,NA
"DOCK",2026-02-05 05:00:00,NA,NA,NA
"DOCK",2026-02-05 05:15:00,NA,NA,NA
"DOCK",2026-02-05 05:30:00,NA,NA,NA
"DOCK",2026-02-05 05:45:00,NA,NA,NA
"DOCK",2026-02-05 06:00:00,NA,NA,NA
"DOCK",2026-02-05 06:15:00,NA,NA,NA
"DOCK",2026-02-05 06:30:00,NA,NA,NA
"DOCK",2026-02-05 06:45:00,NA,NA,NA
"DOCK",2026-02-05 07:00:00,NA,NA,NA
"DOCK",2026-02-05 07:15:00,NA,NA,NA
"DOCK",2026-02-05 07:30:00,NA,NA,NA
"DOCK",2026-02-05 07:45:00,NA,NA,NA
"DOCK",2026-02-05 08:00:00,NA,NA,NA
"DOCK",2026-02-05 08:15:00,NA,NA,NA
"DOCK",2026-02-05 08:30:00,NA,NA,NA
"DOCK",2026-02-05 08:45:00,NA,NA,NA
"DOCK",2026-02-05 09:00:00,NA,NA,NA
"DOCK",2026-02-05 09:15:00,NA,NA,NA
"DOCK",2026-02-05 09:30:00,NA,NA,NA
"DOCK",2026-02-05 09:45:00,NA,NA,NA
"DOCK",2026-02-05 10:00:00,NA,NA,NA
"DOCK",2026-02-05 10:15:00,NA,NA,NA
"DOCK",2026-02-05 10:30:00,NA,NA,NA
"DOCK",2026-02-05 10:45:00,NA,NA,NA
"DOCK",2026-02-05 11:00:00,NA,NA,NA
"DOCK",2026-02-05 11:15:00,NA,NA,NA
"DOCK",2026-02-05 11:30:00,NA,NA,NA
"DOCK",2026-02-05 11:45:00,NA,NA,NA
"DOCK",2026-02-05 12:00:00,NA,NA,NA
"DOCK",2026-02-05 12:15:00,NA,NA,NA
"DOCK",2026-02-05 12:30:00,NA,NA,NA
"DOCK",2026-02-05 12:45:00,NA,NA,NA
"DOCK",2026-02-05 13:00:00,NA,NA,NA
"DOCK",2026-02-05 13:15:00,NA,NA,NA
"DOCK",2026-02-05 13:30:00,NA,NA,NA
"DOCK",2026-02-05 13:45:00,NA,NA,NA
"DOCK",2026-02-05 14:00:00,NA,NA,NA
"DOCK",2026-02-05 14:15:00,NA,NA,NA
"DOCK",2026-02-05 14:30:00,NA,NA,NA
"DOCK",2026-02-05 14:45:00,NA,NA,NA
"DOCK",2026-02-05 15:00:00,NA,NA,NA
"DOCK",2026-02-05 15:15:00,NA,NA,NA
"DOCK",2026-02-05 15:30:00,NA,NA,NA
"DOCK",2026-02-05 15:45:00,NA,NA,NA
"DOCK",2026-02-05 16:00:00,NA,NA,NA
"DOCK",2026-02-05 16:15:00,NA,NA,NA
"DOCK",2026-02-05 16:30:00,NA,NA,NA
"DOCK",2026-02-05 16:45:00,NA,NA,NA
"DOCK",2026-02-05 17:00:00,NA,NA,NA
"DOCK",2026-02-05 17:15:00,NA,NA,NA
"DOCK",2026-02-05 17:30:00,NA,NA,NA
"DOCK",2026-02-05 17:45:00,NA,NA,NA
"DOCK",2026-02-05 18:00:00,NA,NA,NA
"DOCK",2026-02-05 18:15:00,NA,NA,NA
"DOCK",2026-02-05 18:30:00,NA,NA,NA
"DOCK",2026-02-05 18:45:00,NA,NA,NA
"DOCK",2026-02-05 19:00:00,NA,NA,NA
"DOCK",2026-02-05 19:15:00,NA,NA,NA
"DOCK",2026-02-05 19:30:00,NA,NA,NA
"DOCK",2026-02-05 19:45:00,NA,NA,NA
"DOCK",2026-02-05 20:00:00,NA,NA,NA
"DOCK",2026-02-05 20:15:00,NA,NA,NA
"DOCK",2026-02-05 20:30:00,NA,NA,NA
"DOCK",2026-02-05 20:45:00,NA,NA,NA
"DOCK",2026-02-05 21:00:00,NA,NA,NA
"DOCK",2026-02-05 21:15:00,NA,NA,NA
"DOCK",2026-02-05 21:30:00,NA,NA,NA
"DOCK",2026-02-05 21:45:00,NA,NA,NA
"DOCK",2026-02-05 22:00:00,NA,NA,NA
"DOCK",2026-02-05 22:15:00,NA,NA,NA
"DOCK",2026-02-05 22:30:00,NA,NA,NA
"DOCK",2026-02-05 22:45:00,NA,NA,NA
"DOCK",2026-02-05 23:00:00,NA,NA,NA
"DOCK",2026-02-05 23:15:00,NA,NA,NA
"DOCK",2026-02-05 23:30:00,NA,NA,NA
"DOCK",2026-02-05 23:45:00,NA,NA,NA
"DOCK",2026-02-06,NA,NA,NA
"DOCK",2026-02-06 00:15:00,NA,NA,NA
"DOCK",2026-02-06 00:30:00,NA,NA,NA
"DOCK",2026-02-06 00:45:00,NA,NA,NA
"DOCK",2026-02-06 01:00:00,NA,NA,NA
"DOCK",2026-02-06 01:15:00,NA,NA,NA
"DOCK",2026-02-06 01:30:00,NA,NA,NA
"DOCK",2026-02-06 01:45:00,NA,NA,NA
"DOCK",2026-02-06 02:00:00,NA,NA,NA
"DOCK",2026-02-06 02:15:00,NA,NA,NA
"DOCK",2026-02-06 02:30:00,NA,NA,NA
"DOCK",2026-02-06 02:45:00,NA,NA,NA
"DOCK",2026-02-06 03:00:00,NA,NA,NA
"DOCK",2026-02-06 03:15:00,NA,NA,NA
"DOCK",2026-02-06 03:30:00,NA,NA,NA
"DOCK",2026-02-06 03:45:00,NA,NA,NA
"DOCK",2026-02-06 04:00:00,NA,NA,NA
"DOCK",2026-02-06 04:15:00,NA,NA,NA
"DOCK",2026-02-06 04:30:00,NA,NA,NA
"DOCK",2026-02-06 04:45:00,NA,NA,NA
"DOCK",2026-02-06 05:00:00,NA,NA,NA
"DOCK",2026-02-06 05:15:00,NA,NA,NA
"DOCK",2026-02-06 05:30:00,NA,NA,NA
"DOCK",2026-02-06 05:45:00,NA,NA,NA
"DOCK",2026-02-06 06:00:00,NA,NA,NA
"DOCK",2026-02-06 06:15:00,NA,NA,NA
"DOCK",2026-02-06 06:30:00,NA,NA,NA
"DOCK",2026-02-06 06:45:00,NA,NA,NA
"DOCK",2026-02-06 07:00:00,NA,NA,NA
"DOCK",2026-02-06 07:15:00,NA,NA,NA
"DOCK",2026-02-06 07:30:00,NA,NA,NA
"DOCK",2026-02-06 07:45:00,NA,NA,NA
"DOCK",2026-02-06 08:00:00,NA,NA,NA
"DOCK",2026-02-06 08:15:00,NA,NA,NA
"DOCK",2026-02-06 08:30:00,NA,NA,NA
"DOCK",2026-02-06 08:45:00,NA,NA,NA
"DOCK",2026-02-06 09:00:00,NA,NA,NA
"DOCK",2026-02-06 09:15:00,NA,NA,NA
"DOCK",2026-02-06 09:30:00,NA,NA,NA
"DOCK",2026-02-06 09:45:00,NA,NA,NA
"DOCK",2026-02-06 10:00:00,NA,NA,NA
"DOCK",2026-02-06 10:15:00,NA,NA,NA
"DOCK",2026-02-06 10:30:00,NA,NA,NA
"DOCK",2026-02-06 10:45:00,NA,NA,NA
"DOCK",2026-02-06 11:00:00,NA,NA,NA
"DOCK",2026-02-06 11:15:00,NA,NA,NA
"DOCK",2026-02-06 11:30:00,NA,NA,NA
"DOCK",2026-02-06 11:45:00,NA,NA,NA
"DOCK",2026-02-06 12:00:00,NA,NA,NA
"DOCK",2026-02-06 12:15:00,NA,NA,NA
"DOCK",2026-02-06 12:30:00,NA,NA,NA
"DOCK",2026-02-06 12:45:00,NA,NA,NA
"DOCK",2026-02-06 13:00:00,NA,NA,NA
"DOCK",2026-02-06 13:15:00,NA,NA,NA
"DOCK",2026-02-06 13:30:00,NA,NA,NA
"DOCK",2026-02-06 13:45:00,NA,NA,NA
"DOCK",2026-02-06 14:00:00,NA,NA,NA
"DOCK",2026-02-06 14:15:00,NA,NA,NA
"DOCK",2026-02-06 14:30:00,NA,NA,NA
"DOCK",2026-02-06 14:45:00,NA,NA,NA
"DOCK",2026-02-06 15:00:00,NA,NA,NA
"DOCK",2026-02-06 15:15:00,NA,NA,NA
"DOCK",2026-02-06 15:30:00,NA,NA,NA
"DOCK",2026-02-06 15:45:00,NA,NA,NA
"DOCK",2026-02-06 16:00:00,NA,NA,NA
"DOCK",2026-02-06 16:15:00,NA,NA,NA
"DOCK",2026-02-06 16:30:00,NA,NA,NA
"DOCK",2026-02-06 16:45:00,NA,NA,NA
"DOCK",2026-02-06 17:00:00,NA,NA,NA
"DOCK",2026-02-06 17:15:00,NA,NA,NA
"DOCK",2026-02-06 17:30:00,NA,NA,NA
"DOCK",2026-02-06 17:45:00,NA,NA,NA
"DOCK",2026-02-06 18:00:00,NA,NA,NA
"DOCK",2026-02-06 18:15:00,NA,NA,NA
"DOCK",2026-02-06 18:30:00,NA,NA,NA
"DOCK",2026-02-06 18:45:00,NA,NA,NA
"DOCK",2026-02-06 19:00:00,NA,NA,NA
"DOCK",2026-02-06 19:15:00,NA,NA,NA
"DOCK",2026-02-06 19:30:00,NA,NA,NA
"DOCK",2026-02-06 19:45:00,NA,NA,NA
"DOCK",2026-02-06 20:00:00,NA,NA,NA
"DOCK",2026-02-06 20:15:00,NA,NA,NA
"DOCK",2026-02-06 20:30:00,NA,NA,NA
"DOCK",2026-02-06 20:45:00,NA,NA,NA
"DOCK",2026-02-06 21:00:00,NA,NA,NA
"DOCK",2026-02-06 21:15:00,NA,NA,NA
"DOCK",2026-02-06 21:30:00,NA,NA,NA
"DOCK",2026-02-06 21:45:00,NA,NA,NA
"DOCK",2026-02-06 22:00:00,NA,NA,NA
"DOCK",2026-02-06 22:15:00,NA,NA,NA
"DOCK",2026-02-06 22:30:00,NA,NA,NA
"DOCK",2026-02-06 22:45:00,NA,NA,NA
"DOCK",2026-02-06 23:00:00,NA,NA,NA
"DOCK",2026-02-06 23:15:00,NA,NA,NA
"DOCK",2026-02-06 23:30:00,NA,NA,NA
"DOCK",2026-02-06 23:45:00,NA,NA,NA
"DOCK",2026-02-07,NA,NA,NA
"DOCK",2026-02-07 00:15:00,NA,NA,NA
"DOCK",2026-02-07 00:30:00,NA,NA,NA
"DOCK",2026-02-07 00:45:00,NA,NA,NA
"DOCK",2026-02-07 01:00:00,NA,NA,NA
"DOCK",2026-02-07 01:15:00,NA,NA,NA
"DOCK",2026-02-07 01:30:00,NA,NA,NA
"DOCK",2026-02-07 01:45:00,NA,NA,NA
"DOCK",2026-02-07 02:00:00,NA,NA,NA
"DOCK",2026-02-07 02:15:00,NA,NA,NA
"DOCK",2026-02-07 02:30:00,NA,NA,NA
"DOCK",2026-02-07 02:45:00,NA,NA,NA
"DOCK",2026-02-07 03:00:00,NA,NA,NA
"DOCK",2026-02-07 03:15:00,NA,NA,NA
"DOCK",2026-02-07 03:30:00,NA,NA,NA
"DOCK",2026-02-07 03:45:00,NA,NA,NA
"DOCK",2026-02-07 04:00:00,NA,NA,NA
"DOCK",2026-02-07 04:15:00,NA,NA,NA
"DOCK",2026-02-07 04:30:00,NA,NA,NA
"DOCK",2026-02-07 04:45:00,NA,NA,NA
"DOCK",2026-02-07 05:00:00,NA,NA,NA
"DOCK",2026-02-07 05:15:00,NA,NA,NA
"DOCK",2026-02-07 05:30:00,NA,NA,NA
"DOCK",2026-02-07 05:45:00,NA,NA,NA
"DOCK",2026-02-07 06:00:00,NA,NA,NA
"DOCK",2026-02-07 06:15:00,NA,NA,NA
"DOCK",2026-02-07 06:30:00,NA,NA,NA
"DOCK",2026-02-07 06:45:00,NA,NA,NA
"DOCK",2026-02-07 07:00:00,NA,NA,NA
"DOCK",2026-02-07 07:15:00,NA,NA,NA
"DOCK",2026-02-07 07:30:00,NA,NA,NA
"DOCK",2026-02-07 07:45:00,NA,NA,NA
"DOCK",2026-02-07 08:00:00,NA,NA,NA
"DOCK",2026-02-07 08:15:00,NA,NA,NA
"DOCK",2026-02-07 08:30:00,NA,NA,NA
"DOCK",2026-02-07 08:45:00,NA,NA,NA
"DOCK",2026-02-07 09:00:00,NA,NA,NA
"DOCK",2026-02-07 09:15:00,NA,NA,NA
"DOCK",2026-02-07 09:30:00,NA,NA,NA
"DOCK",2026-02-07 09:45:00,NA,NA,NA
"DOCK",2026-02-07 10:00:00,NA,NA,NA
"DOCK",2026-02-07 10:15:00,NA,NA,NA
"DOCK",2026-02-07 10:30:00,NA,NA,NA
"DOCK",2026-02-07 10:45:00,NA,NA,NA
"DOCK",2026-02-07 11:00:00,NA,NA,NA
"DOCK",2026-02-07 11:15:00,NA,NA,NA
"DOCK",2026-02-07 11:30:00,NA,NA,NA
"DOCK",2026-02-07 11:45:00,NA,NA,NA
"DOCK",2026-02-07 12:00:00,NA,NA,NA
"DOCK",2026-02-07 12:15:00,NA,NA,NA
"DOCK",2026-02-07 12:30:00,NA,NA,NA
"DOCK",2026-02-07 12:45:00,NA,NA,NA
"DOCK",2026-02-07 13:00:00,NA,NA,NA
"DOCK",2026-02-07 13:15:00,NA,NA,NA
"DOCK",2026-02-07 13:30:00,NA,NA,NA
"DOCK",2026-02-07 13:45:00,NA,NA,NA
"DOCK",2026-02-07 14:00:00,NA,NA,NA
"DOCK",2026-02-07 14:15:00,NA,NA,NA
"DOCK",2026-02-07 14:30:00,NA,NA,NA
"DOCK",2026-02-07 14:45:00,NA,NA,NA
"DOCK",2026-02-07 15:00:00,NA,NA,NA
"DOCK",2026-02-07 15:15:00,NA,NA,NA
"DOCK",2026-02-07 15:30:00,NA,NA,NA
"DOCK",2026-02-07 15:45:00,NA,NA,NA
"DOCK",2026-02-07 16:00:00,NA,NA,NA
"DOCK",2026-02-07 16:15:00,NA,NA,NA
"DOCK",2026-02-07 16:30:00,NA,NA,NA
"DOCK",2026-02-07 16:45:00,NA,NA,NA
"DOCK",2026-02-07 17:00:00,NA,NA,NA
"DOCK",2026-02-07 17:15:00,NA,NA,NA
"DOCK",2026-02-07 17:30:00,NA,NA,NA
"DOCK",2026-02-07 17:45:00,NA,NA,NA
"DOCK",2026-02-07 18:00:00,NA,NA,NA
"DOCK",2026-02-07 18:15:00,NA,NA,NA
"DOCK",2026-02-07 18:30:00,NA,NA,NA
"DOCK",2026-02-07 18:45:00,NA,NA,NA
"DOCK",2026-02-07 19:00:00,NA,NA,NA
"DOCK",2026-02-07 19:15:00,NA,NA,NA
"DOCK",2026-02-07 19:30:00,NA,NA,NA
"DOCK",2026-02-07 19:45:00,NA,NA,NA
"DOCK",2026-02-07 20:00:00,NA,NA,NA
"DOCK",2026-02-07 20:15:00,NA,NA,NA
"DOCK",2026-02-07 20:30:00,NA,NA,NA
"DOCK",2026-02-07 20:45:00,NA,NA,NA
"DOCK",2026-02-07 21:00:00,NA,NA,NA
"DOCK",2026-02-07 21:15:00,NA,NA,NA
"DOCK",2026-02-07 21:30:00,NA,NA,NA
"DOCK",2026-02-07 21:45:00,NA,NA,NA
"DOCK",2026-02-07 22:00:00,NA,NA,NA
"DOCK",2026-02-07 22:15:00,NA,NA,NA
"DOCK",2026-02-07 22:30:00,NA,NA,NA
"DOCK",2026-02-07 22:45:00,NA,NA,NA
"DOCK",2026-02-07 23:00:00,NA,NA,NA
"DOCK",2026-02-07 23:15:00,NA,NA,NA
"DOCK",2026-02-07 23:30:00,NA,NA,NA
"DOCK",2026-02-07 23:45:00,NA,NA,NA
"DOCK",2026-02-08,NA,NA,NA
"DOCK",2026-02-08 00:15:00,NA,NA,NA
"DOCK",2026-02-08 00:30:00,NA,NA,NA
"DOCK",2026-02-08 00:45:00,NA,NA,NA
"DOCK",2026-02-08 01:00:00,NA,NA,NA
"DOCK",2026-02-08 01:15:00,NA,NA,NA
"DOCK",2026-02-08 01:30:00,NA,NA,NA
"DOCK",2026-02-08 01:45:00,NA,NA,NA
"DOCK",2026-02-08 02:00:00,NA,NA,NA
"DOCK",2026-02-08 02:15:00,NA,NA,NA
"DOCK",2026-02-08 02:30:00,NA,NA,NA
"DOCK",2026-02-08 02:45:00,NA,NA,NA
"DOCK",2026-02-08 03:00:00,NA,NA,NA
"DOCK",2026-02-08 03:15:00,NA,NA,NA
"DOCK",2026-02-08 03:30:00,NA,NA,NA
"DOCK",2026-02-08 03:45:00,NA,NA,NA
"DOCK",2026-02-08 04:00:00,NA,NA,NA
"DOCK",2026-02-08 04:15:00,NA,NA,NA
"DOCK",2026-02-08 04:30:00,NA,NA,NA
"DOCK",2026-02-08 04:45:00,NA,NA,NA
"DOCK",2026-02-08 05:00:00,NA,NA,NA
"DOCK",2026-02-08 05:15:00,NA,NA,NA
"DOCK",2026-02-08 05:30:00,NA,NA,NA
"DOCK",2026-02-08 05:45:00,NA,NA,NA
"DOCK",2026-02-08 06:00:00,NA,NA,NA
"DOCK",2026-02-08 06:15:00,NA,NA,NA
"DOCK",2026-02-08 06:30:00,NA,NA,NA
"DOCK",2026-02-08 06:45:00,NA,NA,NA
"DOCK",2026-02-08 07:00:00,NA,NA,NA
"DOCK",2026-02-08 07:15:00,NA,NA,NA
"DOCK",2026-02-08 07:30:00,NA,NA,NA
"DOCK",2026-02-08 07:45:00,NA,NA,NA
"DOCK",2026-02-08 08:00:00,NA,NA,NA
"DOCK",2026-02-08 08:15:00,NA,NA,NA
"DOCK",2026-02-08 08:30:00,NA,NA,NA
"DOCK",2026-02-08 08:45:00,NA,NA,NA
"DOCK",2026-02-08 09:00:00,NA,NA,NA
"DOCK",2026-02-08 09:15:00,NA,NA,NA
"DOCK",2026-02-08 09:30:00,NA,NA,NA
"DOCK",2026-02-08 09:45:00,NA,NA,NA
"DOCK",2026-02-08 10:00:00,NA,NA,NA
"DOCK",2026-02-08 10:15:00,NA,NA,NA
"DOCK",2026-02-08 10:30:00,NA,NA,NA
"DOCK",2026-02-08 10:45:00,NA,NA,NA
"DOCK",2026-02-08 11:00:00,NA,NA,NA
"DOCK",2026-02-08 11:15:00,NA,NA,NA
"DOCK",2026-02-08 11:30:00,NA,NA,NA
"DOCK",2026-02-08 11:45:00,NA,NA,NA
"DOCK",2026-02-08 12:00:00,NA,NA,NA
"DOCK",2026-02-08 12:15:00,NA,NA,NA
"DOCK",2026-02-08 12:30:00,NA,NA,NA
"DOCK",2026-02-08 12:45:00,NA,NA,NA
"DOCK",2026-02-08 13:00:00,NA,NA,NA
"DOCK",2026-02-08 13:15:00,NA,NA,NA
"DOCK",2026-02-08 13:30:00,NA,NA,NA
"DOCK",2026-02-08 13:45:00,NA,NA,NA
"DOCK",2026-02-08 14:00:00,NA,NA,NA
"DOCK",2026-02-08 14:15:00,NA,NA,NA
"DOCK",2026-02-08 14:30:00,NA,NA,NA
"DOCK",2026-02-08 14:45:00,NA,NA,NA
"DOCK",2026-02-08 15:00:00,NA,NA,NA
"DOCK",2026-02-08 15:15:00,NA,NA,NA
"DOCK",2026-02-08 15:30:00,NA,NA,NA
"DOCK",2026-02-08 15:45:00,NA,NA,NA
"DOCK",2026-02-08 16:00:00,NA,NA,NA
"DOCK",2026-02-08 16:15:00,NA,NA,NA
"DOCK",2026-02-08 16:30:00,NA,NA,NA
"DOCK",2026-02-08 16:45:00,NA,NA,NA
"DOCK",2026-02-08 17:00:00,NA,NA,NA
"DOCK",2026-02-08 17:15:00,NA,NA,NA
"DOCK",2026-02-08 17:30:00,NA,NA,NA
"DOCK",2026-02-08 17:45:00,NA,NA,NA
"DOCK",2026-02-08 18:00:00,NA,NA,NA
"DOCK",2026-02-08 18:15:00,NA,NA,NA
"DOCK",2026-02-08 18:30:00,NA,NA,NA
"DOCK",2026-02-08 18:45:00,NA,NA,NA
"DOCK",2026-02-08 19:00:00,NA,NA,NA
"DOCK",2026-02-08 19:15:00,NA,NA,NA
"DOCK",2026-02-08 19:30:00,NA,NA,NA
"DOCK",2026-02-08 19:45:00,NA,NA,NA
"DOCK",2026-02-08 20:00:00,NA,NA,NA
"DOCK",2026-02-08 20:15:00,NA,NA,NA
"DOCK",2026-02-08 20:30:00,NA,NA,NA
"DOCK",2026-02-08 20:45:00,NA,NA,NA
"DOCK",2026-02-08 21:00:00,NA,NA,NA
"DOCK",2026-02-08 21:15:00,NA,NA,NA
"DOCK",2026-02-08 21:30:00,NA,NA,NA
"DOCK",2026-02-08 21:45:00,NA,NA,NA
"DOCK",2026-02-08 22:00:00,NA,NA,NA
"DOCK",2026-02-08 22:15:00,NA,NA,NA
"DOCK",2026-02-08 22:30:00,NA,NA,NA
"DOCK",2026-02-08 22:45:00,NA,NA,NA
"DOCK",2026-02-08 23:00:00,NA,NA,NA
"DOCK",2026-02-08 23:15:00,NA,NA,NA
"DOCK",2026-02-08 23:30:00,NA,NA,NA
"DOCK",2026-02-08 23:45:00,NA,NA,NA
"DOCK",2026-02-09,NA,NA,NA
"DOCK",2026-02-09 00:15:00,NA,NA,NA
"DOCK",2026-02-09 00:30:00,NA,NA,NA
"DOCK",2026-02-09 00:45:00,NA,NA,NA
"DOCK",2026-02-09 01:00:00,NA,NA,NA
"DOCK",2026-02-09 01:15:00,NA,NA,NA
"DOCK",2026-02-09 01:30:00,NA,NA,NA
"DOCK",2026-02-09 01:45:00,NA,NA,NA
"DOCK",2026-02-09 02:00:00,NA,NA,NA
"DOCK",2026-02-09 02:15:00,NA,NA,NA
"DOCK",2026-02-09 02:30:00,NA,NA,NA
"DOCK",2026-02-09 02:45:00,NA,NA,NA
"DOCK",2026-02-09 03:00:00,NA,NA,NA
"DOCK",2026-02-09 03:15:00,NA,NA,NA
"DOCK",2026-02-09 03:30:00,NA,NA,NA
"DOCK",2026-02-09 03:45:00,NA,NA,NA
"DOCK",2026-02-09 04:00:00,NA,NA,NA
"DOCK",2026-02-09 04:15:00,NA,NA,NA
"DOCK",2026-02-09 04:30:00,NA,NA,NA
"DOCK",2026-02-09 04:45:00,NA,NA,NA
"DOCK",2026-02-09 05:00:00,NA,NA,NA
"DOCK",2026-02-09 05:15:00,NA,NA,NA
"DOCK",2026-02-09 05:30:00,NA,NA,NA
"DOCK",2026-02-09 05:45:00,NA,NA,NA
"DOCK",2026-02-09 06:00:00,NA,NA,NA
"DOCK",2026-02-09 06:15:00,NA,NA,NA
"DOCK",2026-02-09 06:30:00,NA,NA,NA
"DOCK",2026-02-09 06:45:00,NA,NA,NA
"DOCK",2026-02-09 07:00:00,NA,NA,NA
"DOCK",2026-02-09 07:15:00,NA,NA,NA
"DOCK",2026-02-09 07:30:00,NA,NA,NA
"DOCK",2026-02-09 07:45:00,NA,NA,NA
"DOCK",2026-02-09 08:00:00,NA,NA,NA
"DOCK",2026-02-09 08:15:00,NA,NA,NA
"DOCK",2026-02-09 08:30:00,NA,NA,NA
"DOCK",2026-02-09 08:45:00,NA,NA,NA
"DOCK",2026-02-09 09:00:00,NA,NA,NA
"DOCK",2026-02-09 09:15:00,NA,NA,NA
"DOCK",2026-02-09 09:30:00,NA,NA,NA
"DOCK",2026-02-09 09:45:00,NA,NA,NA
"DOCK",2026-02-09 10:00:00,NA,NA,NA
"DOCK",2026-02-09 10:15:00,NA,NA,NA
"DOCK",2026-02-09 10:30:00,NA,NA,NA
"DOCK",2026-02-09 10:45:00,NA,NA,NA
"DOCK",2026-02-09 11:00:00,NA,NA,NA
"DOCK",2026-02-09 11:15:00,NA,NA,NA
"DOCK",2026-02-09 11:30:00,NA,NA,NA
"DOCK",2026-02-09 11:45:00,NA,NA,NA
"DOCK",2026-02-09 12:00:00,NA,NA,NA
"DOCK",2026-01-12 16:00:00,NA,NA,NA
"DOCK",2026-01-12 16:15:00,NA,NA,NA
"DOCK",2026-01-12 16:30:00,NA,NA,NA
"DOCK",2026-01-12 16:45:00,NA,NA,NA
"DOCK",2026-01-12 17:00:00,NA,NA,NA
"DOCK",2026-01-12 17:15:00,NA,NA,NA
"DOCK",2026-01-12 17:30:00,NA,NA,NA
"DOCK",2026-01-12 17:45:00,NA,NA,NA
"DOCK",2026-01-12 18:00:00,NA,NA,NA
"DOCK",2026-01-12 18:15:00,NA,NA,NA
"DOCK",2026-01-12 18:30:00,NA,NA,NA
"DOCK",2026-01-12 18:45:00,NA,NA,NA
"DOCK",2026-01-12 19:00:00,NA,NA,NA
"DOCK",2026-01-12 19:15:00,NA,NA,NA
"DOCK",2026-01-12 19:30:00,NA,NA,NA
"DOCK",2026-01-12 19:45:00,NA,NA,NA
"DOCK",2026-01-12 20:00:00,NA,NA,NA
"DOCK",2026-01-12 20:15:00,NA,NA,NA
"DOCK",2026-01-12 20:30:00,NA,NA,NA
"DOCK",2026-01-12 20:45:00,NA,NA,NA
"DOCK",2026-01-12 21:00:00,NA,NA,NA
"DOCK",2026-01-12 21:15:00,NA,NA,NA
"DOCK",2026-01-12 21:30:00,NA,NA,NA
"DOCK",2026-01-12 21:45:00,NA,NA,NA
"DOCK",2026-01-12 22:00:00,NA,NA,NA
"DOCK",2026-01-12 22:15:00,NA,NA,NA
"DOCK",2026-01-12 22:30:00,NA,NA,NA
"DOCK",2026-01-12 22:45:00,NA,NA,NA
"DOCK",2026-01-12 23:00:00,NA,NA,NA
"DOCK",2026-01-12 23:15:00,NA,NA,NA
"DOCK",2026-01-12 23:30:00,NA,NA,NA
"DOCK",2026-01-12 23:45:00,NA,NA,NA
"DOCK",2026-01-13,NA,NA,NA
"DOCK",2026-01-13 00:15:00,NA,NA,NA
"DOCK",2026-01-13 00:30:00,NA,NA,NA
"DOCK",2026-01-13 00:45:00,NA,NA,NA
"DOCK",2026-01-13 01:00:00,NA,NA,NA
"DOCK",2026-01-13 01:15:00,NA,NA,NA
"DOCK",2026-01-13 01:30:00,NA,NA,NA
"DOCK",2026-01-13 01:45:00,NA,NA,NA
"DOCK",2026-01-13 02:00:00,NA,NA,NA
"DOCK",2026-01-13 02:15:00,NA,NA,NA
"DOCK",2026-01-13 02:30:00,NA,NA,NA
"DOCK",2026-01-13 02:45:00,NA,NA,NA
"DOCK",2026-01-13 03:00:00,NA,NA,NA
"DOCK",2026-01-13 03:15:00,NA,NA,NA
"DOCK",2026-01-13 03:30:00,NA,NA,NA
"DOCK",2026-01-13 03:45:00,NA,NA,NA
"DOCK",2026-01-13 04:00:00,NA,NA,NA
"DOCK",2026-01-13 04:15:00,NA,NA,NA
"DOCK",2026-01-13 04:30:00,NA,NA,NA
"DOCK",2026-01-13 04:45:00,NA,NA,NA
"DOCK",2026-01-13 05:00:00,NA,NA,NA
"DOCK",2026-01-13 05:15:00,NA,NA,NA
"DOCK",2026-01-13 05:30:00,NA,NA,NA
"DOCK",2026-01-13 05:45:00,NA,NA,NA
"DOCK",2026-01-13 06:00:00,NA,NA,NA
"DOCK",2026-01-13 06:15:00,NA,NA,NA
"DOCK",2026-01-13 06:30:00,NA,NA,NA
"DOCK",2026-01-13 06:45:00,NA,NA,NA
"DOCK",2026-01-13 07:00:00,NA,NA,NA
"DOCK",2026-01-13 07:15:00,NA,NA,NA
"DOCK",2026-01-13 07:30:00,NA,NA,NA
"DOCK",2026-01-13 07:45:00,NA,NA,NA
"DOCK",2026-01-13 08:00:00,NA,NA,NA
"DOCK",2026-01-13 08:15:00,NA,NA,NA
"DOCK",2026-01-13 08:30:00,NA,NA,NA
"DOCK",2026-01-13 08:45:00,NA,NA,NA
"DOCK",2026-01-13 09:00:00,NA,NA,NA
"DOCK",2026-01-13 09:15:00,NA,NA,NA
"DOCK",2026-01-13 09:30:00,NA,NA,NA
"DOCK",2026-01-13 09:45:00,NA,NA,NA
"DOCK",2026-01-13 10:00:00,NA,NA,NA
"DOCK",2026-01-13 10:15:00,NA,NA,NA
"DOCK",2026-01-13 10:30:00,NA,NA,NA
"DOCK",2026-01-13 10:45:00,NA,NA,NA
"DOCK",2026-01-13 11:00:00,NA,NA,NA
"DOCK",2026-01-13 11:15:00,NA,NA,NA
"DOCK",2026-01-13 11:30:00,NA,NA,NA
"DOCK",2026-01-13 11:45:00,NA,NA,NA
"DOCK",2026-01-13 12:00:00,NA,NA,NA
"DOCK",2026-01-13 12:15:00,NA,NA,NA
"DOCK",2026-01-13 12:30:00,NA,NA,NA
"DOCK",2026-01-13 12:45:00,NA,NA,NA
"DOCK",2026-01-13 13:00:00,NA,NA,NA
"DOCK",2026-01-13 13:15:00,NA,NA,NA
"DOCK",2026-01-13 13:30:00,NA,NA,NA
"DOCK",2026-01-13 13:45:00,NA,NA,NA
"DOCK",2026-01-13 14:00:00,NA,NA,NA
"DOCK",2026-01-13 14:15:00,NA,NA,NA
"DOCK",2026-01-13 14:30:00,NA,NA,NA
"DOCK",2026-01-13 14:45:00,NA,NA,NA
"DOCK",2026-01-13 15:00:00,NA,NA,NA
"DOCK",2026-01-13 15:15:00,NA,NA,NA
"DOCK",2026-01-13 15:30:00,NA,NA,NA
"DOCK",2026-01-13 15:45:00,NA,NA,NA
"DOCK",2026-01-13 16:00:00,NA,NA,NA
"DOCK",2026-01-13 16:15:00,NA,NA,NA
"DOCK",2026-01-13 16:30:00,NA,NA,NA
"DOCK",2026-01-13 16:45:00,NA,NA,NA
"DOCK",2026-01-13 17:00:00,NA,NA,NA
"DOCK",2026-01-13 17:15:00,NA,NA,NA
"DOCK",2026-01-13 17:30:00,NA,NA,NA
"DOCK",2026-01-13 17:45:00,NA,NA,NA
"DOCK",2026-01-13 18:00:00,NA,NA,NA
"DOCK",2026-01-13 18:15:00,NA,NA,NA
"DOCK",2026-01-13 18:30:00,NA,NA,NA
"DOCK",2026-01-13 18:45:00,NA,NA,NA
"DOCK",2026-01-13 19:00:00,NA,NA,NA
"DOCK",2026-01-13 19:15:00,NA,NA,NA
"DOCK",2026-01-13 19:30:00,NA,NA,NA
"DOCK",2026-01-13 19:45:00,NA,NA,NA
"DOCK",2026-01-13 20:00:00,NA,NA,NA
"DOCK",2026-01-13 20:15:00,NA,NA,NA
"DOCK",2026-01-13 20:30:00,NA,NA,NA
"DOCK",2026-01-13 20:45:00,NA,NA,NA
"DOCK",2026-01-13 21:00:00,NA,NA,NA
"DOCK",2026-01-13 21:15:00,NA,NA,NA
"DOCK",2026-01-13 21:30:00,NA,NA,NA
"DOCK",2026-01-13 21:45:00,NA,NA,NA
"DOCK",2026-01-13 22:00:00,NA,NA,NA
"DOCK",2026-01-13 22:15:00,NA,NA,NA
"DOCK",2026-01-13 22:30:00,NA,NA,NA
"DOCK",2026-01-13 22:45:00,NA,NA,NA
"DOCK",2026-01-13 23:00:00,NA,NA,NA
"DOCK",2026-01-13 23:15:00,NA,NA,NA
"DOCK",2026-01-13 23:30:00,NA,NA,NA
"DOCK",2026-01-13 23:45:00,NA,NA,NA
"DOCK",2026-01-14,NA,NA,NA
"DOCK",2026-01-14 00:15:00,NA,NA,NA
"DOCK",2026-01-14 00:30:00,NA,NA,NA
"DOCK",2026-01-14 00:45:00,NA,NA,NA
"DOCK",2026-01-14 01:00:00,NA,NA,NA
"DOCK",2026-01-14 01:15:00,NA,NA,NA
"DOCK",2026-01-14 01:30:00,NA,NA,NA
"DOCK",2026-01-14 01:45:00,NA,NA,NA
"DOCK",2026-01-14 02:00:00,NA,NA,NA
"DOCK",2026-01-14 02:15:00,NA,NA,NA
"DOCK",2026-01-14 02:30:00,NA,NA,NA
"DOCK",2026-01-14 02:45:00,NA,NA,NA
"DOCK",2026-01-14 03:00:00,NA,NA,NA
"DOCK",2026-01-14 03:15:00,NA,NA,NA
"DOCK",2026-01-14 03:30:00,NA,NA,NA
"DOCK",2026-01-14 03:45:00,NA,NA,NA
"DOCK",2026-01-14 04:00:00,NA,NA,NA
"DOCK",2026-01-14 04:15:00,NA,NA,NA
"DOCK",2026-01-14 04:30:00,NA,NA,NA
"DOCK",2026-01-14 04:45:00,NA,NA,NA
"DOCK",2026-01-14 05:00:00,NA,NA,NA
"DOCK",2026-01-14 05:15:00,NA,NA,NA
"DOCK",2026-01-14 05:30:00,NA,NA,NA
"DOCK",2026-01-14 05:45:00,NA,NA,NA
"DOCK",2026-01-14 06:00:00,NA,NA,NA
"DOCK",2026-01-14 06:15:00,NA,NA,NA
"DOCK",2026-01-14 06:30:00,NA,NA,NA
"DOCK",2026-01-14 06:45:00,NA,NA,NA
"DOCK",2026-01-14 07:00:00,NA,NA,NA
"DOCK",2026-01-14 07:15:00,NA,NA,NA
"DOCK",2026-01-14 07:30:00,NA,NA,NA
"DOCK",2026-01-14 07:45:00,NA,NA,NA
"DOCK",2026-01-14 08:00:00,NA,NA,NA
"DOCK",2026-01-14 08:15:00,NA,NA,NA
"DOCK",2026-01-14 08:30:00,NA,NA,NA
"DOCK",2026-01-14 08:45:00,NA,NA,NA
"DOCK",2026-01-14 09:00:00,NA,NA,NA
"DOCK",2026-01-14 09:15:00,NA,NA,NA
"DOCK",2026-01-14 09:30:00,NA,NA,NA
"DOCK",2026-01-14 09:45:00,NA,NA,NA
"DOCK",2026-01-14 10:00:00,NA,NA,NA
"DOCK",2026-01-14 10:15:00,NA,NA,NA
"DOCK",2026-01-14 10:30:00,NA,NA,NA
"DOCK",2026-01-14 10:45:00,NA,NA,NA
"DOCK",2026-01-14 11:00:00,NA,NA,NA
"DOCK",2026-01-14 11:15:00,NA,NA,NA
"DOCK",2026-01-14 11:30:00,NA,NA,NA
"DOCK",2026-01-14 11:45:00,NA,NA,NA
"DOCK",2026-01-14 12:00:00,NA,NA,NA
"DOCK",2026-01-14 12:15:00,NA,NA,NA
"DOCK",2026-01-14 12:30:00,NA,NA,NA
"DOCK",2026-01-14 12:45:00,NA,NA,NA
"DOCK",2026-01-14 13:00:00,NA,NA,NA
"DOCK",2026-01-14 13:15:00,NA,NA,NA
"DOCK",2026-01-14 13:30:00,NA,NA,NA
"DOCK",2026-01-14 13:45:00,NA,NA,NA
"DOCK",2026-01-14 14:00:00,NA,NA,NA
"DOCK",2026-01-14 14:15:00,NA,NA,NA
"DOCK",2026-01-14 14:30:00,NA,NA,NA
"DOCK",2026-01-14 14:45:00,NA,NA,NA
"DOCK",2026-01-14 15:00:00,NA,NA,NA
"DOCK",2026-01-14 15:15:00,NA,NA,NA
"DOCK",2026-01-14 15:30:00,NA,NA,NA
"DOCK",2026-01-14 15:45:00,NA,NA,NA
"DOCK",2026-01-14 16:00:00,NA,NA,NA
"DOCK",2026-01-14 16:15:00,NA,NA,NA
"DOCK",2026-01-14 16:30:00,NA,NA,NA
"DOCK",2026-01-14 16:45:00,NA,NA,NA
"DOCK",2026-01-14 17:00:00,NA,NA,NA
"DOCK",2026-01-14 17:15:00,NA,NA,NA
"DOCK",2026-01-14 17:30:00,NA,NA,NA
"DOCK",2026-01-14 17:45:00,NA,NA,NA
"DOCK",2026-01-14 18:00:00,NA,NA,NA
"DOCK",2026-01-14 18:15:00,NA,NA,NA
"DOCK",2026-01-14 18:30:00,NA,NA,NA
"DOCK",2026-01-14 18:45:00,NA,NA,NA
"DOCK",2026-01-14 19:00:00,NA,NA,NA
"DOCK",2026-01-14 19:15:00,NA,NA,NA
"DOCK",2026-01-14 19:30:00,NA,NA,NA
"DOCK",2026-01-14 19:45:00,NA,NA,NA
"DOCK",2026-01-14 20:00:00,NA,NA,NA
"DOCK",2026-01-14 20:15:00,NA,NA,NA
"DOCK",2026-01-14 20:30:00,NA,NA,NA
"DOCK",2026-01-14 20:45:00,NA,NA,NA
"DOCK",2026-01-14 21:00:00,NA,NA,NA
"DOCK",2026-01-14 21:15:00,NA,NA,NA
"DOCK",2026-01-14 21:30:00,NA,NA,NA
"DOCK",2026-01-14 21:45:00,NA,NA,NA
"DOCK",2026-01-14 22:00:00,NA,NA,NA
"DOCK",2026-01-14 22:15:00,NA,NA,NA
"DOCK",2026-01-14 22:30:00,NA,NA,NA
"DOCK",2026-01-14 22:45:00,NA,NA,NA
"DOCK",2026-01-14 23:00:00,NA,NA,NA
"DOCK",2026-01-14 23:15:00,NA,NA,NA
"DOCK",2026-01-14 23:30:00,NA,NA,NA
"DOCK",2026-01-14 23:45:00,NA,NA,NA
"DOCK",2026-01-15,NA,NA,NA
"DOCK",2026-01-15 00:15:00,NA,NA,NA
"DOCK",2026-01-15 00:30:00,NA,NA,NA
"DOCK",2026-01-15 00:45:00,NA,NA,NA
"DOCK",2026-01-15 01:00:00,NA,NA,NA
"DOCK",2026-01-15 01:15:00,NA,NA,NA
"DOCK",2026-01-15 01:30:00,NA,NA,NA
"DOCK",2026-01-15 01:45:00,NA,NA,NA
"DOCK",2026-01-15 02:00:00,NA,NA,NA
"DOCK",2026-01-15 02:15:00,NA,NA,NA
"DOCK",2026-01-15 02:30:00,NA,NA,NA
"DOCK",2026-01-15 02:45:00,NA,NA,NA
"DOCK",2026-01-15 03:00:00,NA,NA,NA
"DOCK",2026-01-15 03:15:00,NA,NA,NA
"DOCK",2026-01-15 03:30:00,NA,NA,NA
"DOCK",2026-01-15 03:45:00,NA,NA,NA
"DOCK",2026-01-15 04:00:00,NA,NA,NA
"DOCK",2026-01-15 04:15:00,NA,NA,NA
"DOCK",2026-01-15 04:30:00,NA,NA,NA
"DOCK",2026-01-15 04:45:00,NA,NA,NA
"DOCK",2026-01-15 05:00:00,NA,NA,NA
"DOCK",2026-01-15 05:15:00,NA,NA,NA
"DOCK",2026-01-15 05:30:00,NA,NA,NA
"DOCK",2026-01-15 05:45:00,NA,NA,NA
"DOCK",2026-01-15 06:00:00,NA,NA,NA
"DOCK",2026-01-15 06:15:00,NA,NA,NA
"DOCK",2026-01-15 06:30:00,NA,NA,NA
"DOCK",2026-01-15 06:45:00,NA,NA,NA
"DOCK",2026-01-15 07:00:00,NA,NA,NA
"DOCK",2026-01-15 07:15:00,NA,NA,NA
"DOCK",2026-01-15 07:30:00,NA,NA,NA
"DOCK",2026-01-15 07:45:00,NA,NA,NA
"DOCK",2026-01-15 08:00:00,NA,NA,NA
"DOCK",2026-01-15 08:15:00,NA,NA,NA
"DOCK",2026-01-15 08:30:00,NA,NA,NA
"DOCK",2026-01-15 08:45:00,NA,NA,NA
"DOCK",2026-01-15 09:00:00,NA,NA,NA
"DOCK",2026-01-15 09:15:00,NA,NA,NA
"DOCK",2026-01-15 09:30:00,NA,NA,NA
"DOCK",2026-01-15 09:45:00,NA,NA,NA
"DOCK",2026-01-15 10:00:00,NA,NA,NA
"DOCK",2026-01-15 10:15:00,NA,NA,NA
"DOCK",2026-01-15 10:30:00,NA,NA,NA
"DOCK",2026-01-15 10:45:00,NA,NA,NA
"DOCK",2026-01-15 11:00:00,NA,NA,NA
"DOCK",2026-01-15 11:15:00,NA,NA,NA
"DOCK",2026-01-15 11:30:00,NA,NA,NA
"DOCK",2026-01-15 11:45:00,NA,NA,NA
"DOCK",2026-01-15 12:00:00,NA,NA,NA
"DOCK",2026-01-15 12:15:00,NA,NA,NA
"DOCK",2026-01-15 12:30:00,NA,NA,NA
"DOCK",2026-01-15 12:45:00,NA,NA,NA
"DOCK",2026-01-15 13:00:00,NA,NA,NA
"DOCK",2026-01-15 13:15:00,NA,NA,NA
"DOCK",2026-01-15 13:30:00,NA,NA,NA
"DOCK",2026-01-15 13:45:00,NA,NA,NA
"DOCK",2026-01-15 14:00:00,NA,NA,NA
"DOCK",2026-01-15 14:15:00,NA,NA,NA
"DOCK",2026-01-15 14:30:00,NA,NA,NA
"DOCK",2026-01-15 14:45:00,NA,NA,NA
"DOCK",2026-01-15 15:00:00,NA,NA,NA
"DOCK",2026-01-15 15:15:00,NA,NA,NA
"DOCK",2026-01-15 15:30:00,NA,NA,NA
"DOCK",2026-01-15 15:45:00,NA,NA,NA
"DOCK",2026-01-15 16:00:00,NA,NA,NA
"DOCK",2026-01-15 16:15:00,NA,NA,NA
"DOCK",2026-01-15 16:30:00,NA,NA,NA
"DOCK",2026-01-15 16:45:00,NA,NA,NA
"DOCK",2026-01-15 17:00:00,NA,NA,NA
"DOCK",2026-01-15 17:15:00,NA,NA,NA
"DOCK",2026-01-15 17:30:00,NA,NA,NA
"DOCK",2026-01-15 17:45:00,NA,NA,NA
"DOCK",2026-01-15 18:00:00,NA,NA,NA
"DOCK",2026-01-15 18:15:00,NA,NA,NA
"DOCK",2026-01-15 18:30:00,NA,NA,NA
"DOCK",2026-01-15 18:45:00,NA,NA,NA
"DOCK",2026-01-15 19:00:00,NA,NA,NA
"DOCK",2026-01-15 19:15:00,NA,NA,NA
"DOCK",2026-01-15 19:30:00,NA,NA,NA
"DOCK",2026-01-15 19:45:00,NA,NA,NA
"DOCK",2026-01-15 20:00:00,NA,NA,NA
"DOCK",2026-01-15 20:15:00,NA,NA,NA
"DOCK",2026-01-15 20:30:00,NA,NA,NA
"DOCK",2026-01-15 20:45:00,NA,NA,NA
"DOCK",2026-01-15 21:00:00,NA,NA,NA
"DOCK",2026-01-15 21:15:00,NA,NA,NA
"DOCK",2026-01-15 21:30:00,NA,NA,NA
"DOCK",2026-01-15 21:45:00,NA,NA,NA
"DOCK",2026-01-15 22:00:00,NA,NA,NA
"DOCK",2026-01-15 22:15:00,NA,NA,NA
"DOCK",2026-01-15 22:30:00,NA,NA,NA
"DOCK",2026-01-15 22:45:00,NA,NA,NA
"DOCK",2026-01-15 23:00:00,NA,NA,NA
"DOCK",2026-01-15 23:15:00,NA,NA,NA
"DOCK",2026-01-15 23:30:00,NA,NA,NA
"DOCK",2026-01-15 23:45:00,NA,NA,NA
"DOCK",2026-01-16,NA,NA,NA
"DOCK",2026-01-16 00:15:00,NA,NA,NA
"DOCK",2026-01-16 00:30:00,NA,NA,NA
"DOCK",2026-01-16 00:45:00,NA,NA,NA
"DOCK",2026-01-16 01:00:00,NA,NA,NA
"DOCK",2026-01-16 01:15:00,NA,NA,NA
"DOCK",2026-01-16 01:30:00,NA,NA,NA
"DOCK",2026-01-16 01:45:00,NA,NA,NA
"DOCK",2026-01-16 02:00:00,NA,NA,NA
"DOCK",2026-01-16 02:15:00,NA,NA,NA
"DOCK",2026-01-16 02:30:00,NA,NA,NA
"DOCK",2026-01-16 02:45:00,NA,NA,NA
"DOCK",2026-01-16 03:00:00,NA,NA,NA
"DOCK",2026-01-16 03:15:00,NA,NA,NA
"DOCK",2026-01-16 03:30:00,NA,NA,NA
"DOCK",2026-01-16 03:45:00,NA,NA,NA
"DOCK",2026-01-16 04:00:00,NA,NA,NA
"DOCK",2026-01-16 04:15:00,NA,NA,NA
"DOCK",2026-01-16 04:30:00,NA,NA,NA
"DOCK",2026-01-16 04:45:00,NA,NA,NA
"DOCK",2026-01-16 05:00:00,NA,NA,NA
"DOCK",2026-01-16 05:15:00,NA,NA,NA
"DOCK",2026-01-16 05:30:00,NA,NA,NA
"DOCK",2026-01-16 05:45:00,NA,NA,NA
"DOCK",2026-01-16 06:00:00,NA,NA,NA
"DOCK",2026-01-16 06:15:00,NA,NA,NA
"DOCK",2026-01-16 06:30:00,NA,NA,NA
"DOCK",2026-01-16 06:45:00,NA,NA,NA
"DOCK",2026-01-16 07:00:00,NA,NA,NA
"DOCK",2026-01-16 07:15:00,NA,NA,NA
"DOCK",2026-01-16 07:30:00,NA,NA,NA
"DOCK",2026-01-16 07:45:00,NA,NA,NA
"DOCK",2026-01-16 08:00:00,NA,NA,NA
"DOCK",2026-01-16 08:15:00,NA,NA,NA
"DOCK",2026-01-16 08:30:00,NA,NA,NA
"DOCK",2026-01-16 08:45:00,NA,NA,NA
"DOCK",2026-01-16 09:00:00,NA,NA,NA
"DOCK",2026-01-16 09:15:00,NA,NA,NA
"DOCK",2026-01-16 09:30:00,NA,NA,NA
"DOCK",2026-01-16 09:45:00,NA,NA,NA
"DOCK",2026-01-16 10:00:00,NA,NA,NA
"DOCK",2026-01-16 10:15:00,NA,NA,NA
"DOCK",2026-01-16 10:30:00,NA,NA,NA
"DOCK",2026-01-16 10:45:00,NA,NA,NA
"DOCK",2026-01-16 11:00:00,NA,NA,NA
"DOCK",2026-01-16 11:15:00,NA,NA,NA
"DOCK",2026-01-16 11:30:00,NA,NA,NA
"DOCK",2026-01-16 11:45:00,NA,NA,NA
"DOCK",2026-01-16 12:00:00,NA,NA,NA
"DOCK",2026-01-16 12:15:00,NA,NA,NA
"DOCK",2026-01-16 12:30:00,NA,NA,NA
"DOCK",2026-01-16 12:45:00,NA,NA,NA
"DOCK",2026-01-16 13:00:00,NA,NA,NA
"DOCK",2026-01-16 13:15:00,NA,NA,NA
"DOCK",2026-01-16 13:30:00,NA,NA,NA
"DOCK",2026-01-16 13:45:00,NA,NA,NA
"DOCK",2026-01-16 14:00:00,NA,NA,NA
"DOCK",2026-01-16 14:15:00,NA,NA,NA
"DOCK",2026-01-16 14:30:00,NA,NA,NA
"DOCK",2026-01-16 14:45:00,NA,NA,NA
"DOCK",2026-01-16 15:00:00,NA,NA,NA
"DOCK",2026-01-16 15:15:00,NA,NA,NA
"DOCK",2026-01-16 15:30:00,NA,NA,NA
"DOCK",2026-01-16 15:45:00,NA,NA,NA
"DOCK",2026-01-16 16:00:00,NA,NA,NA
"DOCK",2026-01-16 16:15:00,NA,NA,NA
"DOCK",2026-01-16 16:30:00,NA,NA,NA
"DOCK",2026-01-16 16:45:00,NA,NA,NA
"DOCK",2026-01-16 17:00:00,NA,NA,NA
"DOCK",2026-01-16 17:15:00,NA,NA,NA
"DOCK",2026-01-16 17:30:00,NA,NA,NA
"DOCK",2026-01-16 17:45:00,NA,NA,NA
"DOCK",2026-01-16 18:00:00,NA,NA,NA
"DOCK",2026-01-16 18:15:00,NA,NA,NA
"DOCK",2026-01-16 18:30:00,NA,NA,NA
"DOCK",2026-01-16 18:45:00,NA,NA,NA
"DOCK",2026-01-16 19:00:00,NA,NA,NA
"DOCK",2026-01-16 19:15:00,NA,NA,NA
"DOCK",2026-01-16 19:30:00,NA,NA,NA
"DOCK",2026-01-16 19:45:00,NA,NA,NA
"DOCK",2026-01-16 20:00:00,NA,NA,NA
"DOCK",2026-01-16 20:15:00,NA,NA,NA
"DOCK",2026-01-16 20:30:00,NA,NA,NA
"DOCK",2026-01-16 20:45:00,NA,NA,NA
"DOCK",2026-01-16 21:00:00,NA,NA,NA
"DOCK",2026-01-16 21:15:00,NA,NA,NA
"DOCK",2026-01-16 21:30:00,NA,NA,NA
"DOCK",2026-01-16 21:45:00,NA,NA,NA
"DOCK",2026-01-16 22:00:00,NA,NA,NA
"DOCK",2026-01-16 22:15:00,NA,NA,NA
"DOCK",2026-01-16 22:30:00,NA,NA,NA
"DOCK",2026-01-16 22:45:00,NA,NA,NA
"DOCK",2026-01-16 23:00:00,NA,NA,NA
"DOCK",2026-01-16 23:15:00,NA,NA,NA
"DOCK",2026-01-16 23:30:00,NA,NA,NA
"DOCK",2026-01-16 23:45:00,NA,NA,NA
"DOCK",2026-01-17,NA,NA,NA
"DOCK",2026-01-17 00:15:00,NA,NA,NA
"DOCK",2026-01-17 00:30:00,NA,NA,NA
"DOCK",2026-01-17 00:45:00,NA,NA,NA
"DOCK",2026-01-17 01:00:00,NA,NA,NA
"DOCK",2026-01-17 01:15:00,NA,NA,NA
"DOCK",2026-01-17 01:30:00,NA,NA,NA
"DOCK",2026-01-17 01:45:00,NA,NA,NA
"DOCK",2026-01-17 02:00:00,NA,NA,NA
"DOCK",2026-01-17 02:15:00,NA,NA,NA
"DOCK",2026-01-17 02:30:00,NA,NA,NA
"DOCK",2026-01-17 02:45:00,NA,NA,NA
"DOCK",2026-01-17 03:00:00,NA,NA,NA
"DOCK",2026-01-17 03:15:00,NA,NA,NA
"DOCK",2026-01-17 03:30:00,NA,NA,NA
"DOCK",2026-01-17 03:45:00,NA,NA,NA
"DOCK",2026-01-17 04:00:00,NA,NA,NA
"DOCK",2026-01-17 04:15:00,NA,NA,NA
"DOCK",2026-01-17 04:30:00,NA,NA,NA
"DOCK",2026-01-17 04:45:00,NA,NA,NA
"DOCK",2026-01-17 05:00:00,NA,NA,NA
"DOCK",2026-01-17 05:15:00,NA,NA,NA
"DOCK",2026-01-17 05:30:00,NA,NA,NA
"DOCK",2026-01-17 05:45:00,NA,NA,NA
"DOCK",2026-01-17 06:00:00,NA,NA,NA
"DOCK",2026-01-17 06:15:00,NA,NA,NA
"DOCK",2026-01-17 06:30:00,NA,NA,NA
"DOCK",2026-01-17 06:45:00,NA,NA,NA
"DOCK",2026-01-17 07:00:00,NA,NA,NA
"DOCK",2026-01-17 07:15:00,NA,NA,NA
"DOCK",2026-01-17 07:30:00,NA,NA,NA
"DOCK",2026-01-17 07:45:00,NA,NA,NA
"DOCK",2026-01-17 08:00:00,NA,NA,NA
"DOCK",2026-01-17 08:15:00,NA,NA,NA
"DOCK",2026-01-17 08:30:00,NA,NA,NA
"DOCK",2026-01-17 08:45:00,NA,NA,NA
"DOCK",2026-01-17 09:00:00,NA,NA,NA
"DOCK",2026-01-17 09:15:00,NA,NA,NA
"DOCK",2026-01-17 09:30:00,NA,NA,NA
"DOCK",2026-01-17 09:45:00,NA,NA,NA
"DOCK",2026-01-17 10:00:00,NA,NA,NA
"DOCK",2026-01-17 10:15:00,NA,NA,NA
"DOCK",2026-01-17 10:30:00,NA,NA,NA
"DOCK",2026-01-17 10:45:00,NA,NA,NA
"DOCK",2026-01-17 11:00:00,NA,NA,NA
"DOCK",2026-01-17 11:15:00,NA,NA,NA
"DOCK",2026-01-17 11:30:00,NA,NA,NA
"DOCK",2026-01-17 11:45:00,NA,NA,NA
"DOCK",2026-01-17 12:00:00,NA,NA,NA
"DOCK",2026-01-17 12:15:00,NA,NA,NA
"DOCK",2026-01-17 12:30:00,NA,NA,NA
"DOCK",2026-01-17 12:45:00,NA,NA,NA
"DOCK",2026-01-17 13:00:00,NA,NA,NA
"DOCK",2026-01-17 13:15:00,NA,NA,NA
"DOCK",2026-01-17 13:30:00,NA,NA,NA
"DOCK",2026-01-17 13:45:00,NA,NA,NA
"DOCK",2026-01-17 14:00:00,NA,NA,NA
"DOCK",2026-01-17 14:15:00,NA,NA,NA
"DOCK",2026-01-17 14:30:00,NA,NA,NA
"DOCK",2026-01-17 14:45:00,NA,NA,NA
"DOCK",2026-01-17 15:00:00,NA,NA,NA
"DOCK",2026-01-17 15:15:00,NA,NA,NA
"DOCK",2026-01-17 15:30:00,NA,NA,NA
"DOCK",2026-01-17 15:45:00,NA,NA,NA
"DOCK",2026-01-17 16:00:00,NA,NA,NA
"DOCK",2026-01-17 16:15:00,NA,NA,NA
"DOCK",2026-01-17 16:30:00,NA,NA,NA
"DOCK",2026-01-17 16:45:00,NA,NA,NA
"DOCK",2026-01-17 17:00:00,NA,NA,NA
"DOCK",2026-01-17 17:15:00,NA,NA,NA
"DOCK",2026-01-17 17:30:00,NA,NA,NA
"DOCK",2026-01-17 17:45:00,NA,NA,NA
"DOCK",2026-01-17 18:00:00,NA,NA,NA
"DOCK",2026-01-17 18:15:00,NA,NA,NA
"DOCK",2026-01-17 18:30:00,NA,NA,NA
"DOCK",2026-01-17 18:45:00,NA,NA,NA
"DOCK",2026-01-17 19:00:00,NA,NA,NA
"DOCK",2026-01-17 19:15:00,NA,NA,NA
"DOCK",2026-01-17 19:30:00,NA,NA,NA
"DOCK",2026-01-17 19:45:00,NA,NA,NA
"DOCK",2026-01-17 20:00:00,NA,NA,NA
"DOCK",2026-01-17 20:15:00,NA,NA,NA
"DOCK",2026-01-17 20:30:00,NA,NA,NA
"DOCK",2026-01-17 20:45:00,NA,NA,NA
"DOCK",2026-01-17 21:00:00,NA,NA,NA
"DOCK",2026-01-17 21:15:00,NA,NA,NA
"DOCK",2026-01-17 21:30:00,NA,NA,NA
"DOCK",2026-01-17 21:45:00,NA,NA,NA
"DOCK",2026-01-17 22:00:00,NA,NA,NA
"DOCK",2026-01-17 22:15:00,NA,NA,NA
"DOCK",2026-01-17 22:30:00,NA,NA,NA
"DOCK",2026-01-17 22:45:00,NA,NA,NA
"DOCK",2026-01-17 23:00:00,NA,NA,NA
"DOCK",2026-01-17 23:15:00,NA,NA,NA
"DOCK",2026-01-17 23:30:00,NA,NA,NA
"DOCK",2026-01-17 23:45:00,NA,NA,NA
"DOCK",2026-01-18,NA,NA,NA
"DOCK",2026-01-18 00:15:00,NA,NA,NA
"DOCK",2026-01-18 00:30:00,NA,NA,NA
"DOCK",2026-01-18 00:45:00,NA,NA,NA
"DOCK",2026-01-18 01:00:00,NA,NA,NA
"DOCK",2026-01-18 01:15:00,NA,NA,NA
"DOCK",2026-01-18 01:30:00,NA,NA,NA
"DOCK",2026-01-18 01:45:00,NA,NA,NA
"DOCK",2026-01-18 02:00:00,NA,NA,NA
"DOCK",2026-01-18 02:15:00,NA,NA,NA
"DOCK",2026-01-18 02:30:00,NA,NA,NA
"DOCK",2026-01-18 02:45:00,NA,NA,NA
"DOCK",2026-01-18 03:00:00,NA,NA,NA
"DOCK",2026-01-18 03:15:00,NA,NA,NA
"DOCK",2026-01-18 03:30:00,NA,NA,NA
"DOCK",2026-01-18 03:45:00,NA,NA,NA
"DOCK",2026-01-18 04:00:00,NA,NA,NA
"DOCK",2026-01-18 04:15:00,NA,NA,NA
"DOCK",2026-01-18 04:30:00,NA,NA,NA
"DOCK",2026-01-18 04:45:00,NA,NA,NA
"DOCK",2026-01-18 05:00:00,NA,NA,NA
"DOCK",2026-01-18 05:15:00,NA,NA,NA
"DOCK",2026-01-18 05:30:00,NA,NA,NA
"DOCK",2026-01-18 05:45:00,NA,NA,NA
"DOCK",2026-01-18 06:00:00,NA,NA,NA
"DOCK",2026-01-18 06:15:00,NA,NA,NA
"DOCK",2026-01-18 06:30:00,NA,NA,NA
"DOCK",2026-01-18 06:45:00,NA,NA,NA
"DOCK",2026-01-18 07:00:00,NA,NA,NA
"DOCK",2026-01-18 07:15:00,NA,NA,NA
"DOCK",2026-01-18 07:30:00,NA,NA,NA
"DOCK",2026-01-18 07:45:00,NA,NA,NA
"DOCK",2026-01-18 08:00:00,NA,NA,NA
"DOCK",2026-01-18 08:15:00,NA,NA,NA
"DOCK",2026-01-18 08:30:00,NA,NA,NA
"DOCK",2026-01-18 08:45:00,NA,NA,NA
"DOCK",2026-01-18 09:00:00,NA,NA,NA
"DOCK",2026-01-18 09:15:00,NA,NA,NA
"DOCK",2026-01-18 09:30:00,NA,NA,NA
"DOCK",2026-01-18 09:45:00,NA,NA,NA
"DOCK",2026-01-18 10:00:00,NA,NA,NA
"DOCK",2026-01-18 10:15:00,NA,NA,NA
"DOCK",2026-01-18 10:30:00,NA,NA,NA
"DOCK",2026-01-18 10:45:00,NA,NA,NA
"DOCK",2026-01-18 11:00:00,NA,NA,NA
"DOCK",2026-01-18 11:15:00,NA,NA,NA
"DOCK",2026-01-18 11:30:00,NA,NA,NA
"DOCK",2026-01-18 11:45:00,NA,NA,NA
"DOCK",2026-01-18 12:00:00,NA,NA,NA
"DOCK",2026-01-18 12:15:00,NA,NA,NA
"DOCK",2026-01-18 12:30:00,NA,NA,NA
"DOCK",2026-01-18 12:45:00,NA,NA,NA
"DOCK",2026-01-18 13:00:00,NA,NA,NA
"DOCK",2026-01-18 13:15:00,NA,NA,NA
"DOCK",2026-01-18 13:30:00,NA,NA,NA
"DOCK",2026-01-18 13:45:00,NA,NA,NA
"DOCK",2026-01-18 14:00:00,NA,NA,NA
"DOCK",2026-01-18 14:15:00,NA,NA,NA
"DOCK",2026-01-18 14:30:00,NA,NA,NA
"DOCK",2026-01-18 14:45:00,NA,NA,NA
"DOCK",2026-01-18 15:00:00,NA,NA,NA
"DOCK",2026-01-18 15:15:00,NA,NA,NA
"DOCK",2026-01-18 15:30:00,NA,NA,NA
"DOCK",2026-01-18 15:45:00,NA,NA,NA
"DOCK",2026-01-18 16:00:00,NA,NA,NA
"DOCK",2026-01-18 16:15:00,NA,NA,NA
"DOCK",2026-01-18 16:30:00,NA,NA,NA
"DOCK",2026-01-18 16:45:00,NA,NA,NA
"DOCK",2026-01-18 17:00:00,NA,NA,NA
"DOCK",2026-01-18 17:15:00,NA,NA,NA
"DOCK",2026-01-18 17:30:00,NA,NA,NA
"DOCK",2026-01-18 17:45:00,NA,NA,NA
"DOCK",2026-01-18 18:00:00,NA,NA,NA
"DOCK",2026-01-18 18:15:00,NA,NA,NA
"DOCK",2026-01-18 18:30:00,NA,NA,NA
"DOCK",2026-01-18 18:45:00,NA,NA,NA
"DOCK",2026-01-18 19:00:00,NA,NA,NA
"DOCK",2026-01-18 19:15:00,NA,NA,NA
"DOCK",2026-01-18 19:30:00,NA,NA,NA
"DOCK",2026-01-18 19:45:00,NA,NA,NA
"DOCK",2026-01-18 20:00:00,NA,NA,NA
"DOCK",2026-01-18 20:15:00,NA,NA,NA
"DOCK",2026-01-18 20:30:00,NA,NA,NA
"DOCK",2026-01-18 20:45:00,NA,NA,NA
"DOCK",2026-01-18 21:00:00,NA,NA,NA
"DOCK",2026-01-18 21:15:00,NA,NA,NA
"DOCK",2026-01-18 21:30:00,NA,NA,NA
"DOCK",2026-01-18 21:45:00,NA,NA,NA
"DOCK",2026-01-18 22:00:00,NA,NA,NA
"DOCK",2026-01-18 22:15:00,NA,NA,NA
"DOCK",2026-01-18 22:30:00,NA,NA,NA
"DOCK",2026-01-18 22:45:00,NA,NA,NA
"DOCK",2026-01-18 23:00:00,NA,NA,NA
"DOCK",2026-01-18 23:15:00,NA,NA,NA
"DOCK",2026-01-18 23:30:00,NA,NA,NA
"DOCK",2026-01-18 23:45:00,NA,NA,NA
"DOCK",2026-01-19,NA,NA,NA
"DOCK",2026-01-19 00:15:00,NA,NA,NA
"DOCK",2026-01-19 00:30:00,NA,NA,NA
"DOCK",2026-01-19 00:45:00,NA,NA,NA
"DOCK",2026-01-19 01:00:00,NA,NA,NA
"DOCK",2026-01-19 01:15:00,NA,NA,NA
"DOCK",2026-01-19 01:30:00,NA,NA,NA
"DOCK",2026-01-19 01:45:00,NA,NA,NA
"DOCK",2026-01-19 02:00:00,NA,NA,NA
"DOCK",2026-01-19 02:15:00,NA,NA,NA
"DOCK",2026-01-19 02:30:00,NA,NA,NA
"DOCK",2026-01-19 02:45:00,NA,NA,NA
"DOCK",2026-01-19 03:00:00,NA,NA,NA
"DOCK",2026-01-19 03:15:00,NA,NA,NA
"DOCK",2026-01-19 03:30:00,NA,NA,NA
"DOCK",2026-01-19 03:45:00,NA,NA,NA
"DOCK",2026-01-19 04:00:00,NA,NA,NA
"DOCK",2026-01-19 04:15:00,NA,NA,NA
"DOCK",2026-01-19 04:30:00,NA,NA,NA
"DOCK",2026-01-19 04:45:00,NA,NA,NA
"DOCK",2026-01-19 05:00:00,NA,NA,NA
"DOCK",2026-01-19 05:15:00,NA,NA,NA
"DOCK",2026-01-19 05:30:00,NA,NA,NA
"DOCK",2026-01-19 05:45:00,NA,NA,NA
"DOCK",2026-01-19 06:00:00,NA,NA,NA
"DOCK",2026-01-19 06:15:00,NA,NA,NA
"DOCK",2026-01-19 06:30:00,NA,NA,NA
"DOCK",2026-01-19 06:45:00,NA,NA,NA
"DOCK",2026-01-19 07:00:00,NA,NA,NA
"DOCK",2026-01-19 07:15:00,NA,NA,NA
"DOCK",2026-01-19 07:30:00,NA,NA,NA
"DOCK",2026-01-19 07:45:00,NA,NA,NA
"DOCK",2026-01-19 08:00:00,NA,NA,NA
"DOCK",2026-01-19 08:15:00,NA,NA,NA
"DOCK",2026-01-19 08:30:00,NA,NA,NA
"DOCK",2026-01-19 08:45:00,NA,NA,NA
"DOCK",2026-01-19 09:00:00,NA,NA,NA
"DOCK",2026-01-19 09:15:00,NA,NA,NA
"DOCK",2026-01-19 09:30:00,NA,NA,NA
"DOCK",2026-01-19 09:45:00,NA,NA,NA
"DOCK",2026-01-19 10:00:00,NA,NA,NA
"DOCK",2026-01-19 10:15:00,NA,NA,NA
"DOCK",2026-01-19 10:30:00,NA,NA,NA
"DOCK",2026-01-19 10:45:00,NA,NA,NA
"DOCK",2026-01-19 11:00:00,NA,NA,NA
"DOCK",2026-01-19 11:15:00,NA,NA,NA
"DOCK",2026-01-19 11:30:00,NA,NA,NA
"DOCK",2026-01-19 11:45:00,NA,NA,NA
"DOCK",2026-01-19 12:00:00,NA,NA,NA
"DOCK",2026-01-19 12:15:00,NA,NA,NA
"DOCK",2026-01-19 12:30:00,NA,NA,NA
"DOCK",2026-01-19 12:45:00,NA,NA,NA
"DOCK",2026-01-19 13:00:00,NA,NA,NA
"DOCK",2026-01-19 13:15:00,NA,NA,NA
"DOCK",2026-01-19 13:30:00,NA,NA,NA
"DOCK",2026-01-19 13:45:00,NA,NA,NA
"DOCK",2026-01-19 14:00:00,NA,NA,NA
"DOCK",2026-01-19 14:15:00,NA,NA,NA
"DOCK",2026-01-19 14:30:00,NA,NA,NA
"DOCK",2026-01-19 14:45:00,NA,NA,NA
"DOCK",2026-01-19 15:00:00,NA,NA,NA
"DOCK",2026-01-19 15:15:00,NA,NA,NA
"DOCK",2026-01-19 15:30:00,NA,NA,NA
"DOCK",2026-01-19 15:45:00,NA,NA,NA
"DOCK",2026-01-19 16:00:00,NA,NA,NA
"DOCK",2026-01-19 16:15:00,NA,NA,NA
"DOCK",2026-01-19 16:30:00,NA,NA,NA
"DOCK",2026-01-19 16:45:00,NA,NA,NA
"DOCK",2026-01-19 17:00:00,NA,NA,NA
"DOCK",2026-01-19 17:15:00,NA,NA,NA
"DOCK",2026-01-19 17:30:00,NA,NA,NA
"DOCK",2026-01-19 17:45:00,NA,NA,NA
"DOCK",2026-01-19 18:00:00,NA,NA,NA
"DOCK",2026-01-19 18:15:00,NA,NA,NA
"DOCK",2026-01-19 18:30:00,NA,NA,NA
"DOCK",2026-01-19 18:45:00,NA,NA,NA
"DOCK",2026-01-19 19:00:00,NA,NA,NA
"DOCK",2026-01-19 19:15:00,NA,NA,NA
"DOCK",2026-01-19 19:30:00,NA,NA,NA
"DOCK",2026-01-19 19:45:00,NA,NA,NA
"DOCK",2026-01-19 20:00:00,NA,NA,NA
"DOCK",2026-01-19 20:15:00,NA,NA,NA
"DOCK",2026-01-19 20:30:00,NA,NA,NA
"DOCK",2026-01-19 20:45:00,NA,NA,NA
"DOCK",2026-01-19 21:00:00,NA,NA,NA
"DOCK",2026-01-19 21:15:00,NA,NA,NA
"DOCK",2026-01-19 21:30:00,NA,NA,NA
"DOCK",2026-01-19 21:45:00,NA,NA,NA
"DOCK",2026-01-19 22:00:00,NA,NA,NA
"DOCK",2026-01-19 22:15:00,NA,NA,NA
"DOCK",2026-01-19 22:30:00,NA,NA,NA
"DOCK",2026-01-19 22:45:00,NA,NA,NA
"DOCK",2026-01-19 23:00:00,NA,NA,NA
"DOCK",2026-01-19 23:15:00,NA,NA,NA
"DOCK",2026-01-19 23:30:00,NA,NA,NA
"DOCK",2026-01-19 23:45:00,NA,NA,NA
"DOCK",2026-01-20,NA,NA,NA
"DOCK",2026-01-20 00:15:00,NA,NA,NA
"DOCK",2026-01-20 00:30:00,NA,NA,NA
"DOCK",2026-01-20 00:45:00,NA,NA,NA
"DOCK",2026-01-20 01:00:00,NA,NA,NA
"DOCK",2026-01-20 01:15:00,NA,NA,NA
"DOCK",2026-01-20 01:30:00,NA,NA,NA
"DOCK",2026-01-20 01:45:00,NA,NA,NA
"DOCK",2026-01-20 02:00:00,NA,NA,NA
"DOCK",2026-01-20 02:15:00,NA,NA,NA
"DOCK",2026-01-20 02:30:00,NA,NA,NA
"DOCK",2026-01-20 02:45:00,NA,NA,NA
"DOCK",2026-01-20 03:00:00,NA,NA,NA
"DOCK",2026-01-20 03:15:00,NA,NA,NA
"DOCK",2026-01-20 03:30:00,NA,NA,NA
"DOCK",2026-01-20 03:45:00,NA,NA,NA
"DOCK",2026-01-20 04:00:00,NA,NA,NA
"DOCK",2026-01-20 04:15:00,NA,NA,NA
"DOCK",2026-01-20 04:30:00,NA,NA,NA
"DOCK",2026-01-20 04:45:00,NA,NA,NA
"DOCK",2026-01-20 05:00:00,NA,NA,NA
"DOCK",2026-01-20 05:15:00,NA,NA,NA
"DOCK",2026-01-20 05:30:00,NA,NA,NA
"DOCK",2026-01-20 05:45:00,NA,NA,NA
"DOCK",2026-01-20 06:00:00,NA,NA,NA
"DOCK",2026-01-20 06:15:00,NA,NA,NA
"DOCK",2026-01-20 06:30:00,NA,NA,NA
"DOCK",2026-01-20 06:45:00,NA,NA,NA
"DOCK",2026-01-20 07:00:00,NA,NA,NA
"DOCK",2026-01-20 07:15:00,NA,NA,NA
"DOCK",2026-01-20 07:30:00,NA,NA,NA
"DOCK",2026-01-20 07:45:00,NA,NA,NA
"DOCK",2026-01-20 08:00:00,NA,NA,NA
"DOCK",2026-01-20 08:15:00,NA,NA,NA
"DOCK",2026-01-20 08:30:00,NA,NA,NA
"DOCK",2026-01-20 08:45:00,NA,NA,NA
"DOCK",2026-01-20 09:00:00,NA,NA,NA
"DOCK",2026-01-20 09:15:00,NA,NA,NA
"DOCK",2026-01-20 09:30:00,NA,NA,NA
"DOCK",2026-01-20 09:45:00,NA,NA,NA
"DOCK",2026-01-20 10:00:00,NA,NA,NA
"DOCK",2026-01-20 10:15:00,NA,NA,NA
"DOCK",2026-01-20 10:30:00,NA,NA,NA
"DOCK",2026-01-20 10:45:00,NA,NA,NA
"DOCK",2026-01-20 11:00:00,NA,NA,NA
"DOCK",2026-01-20 11:15:00,NA,NA,NA
"DOCK",2026-01-20 11:30:00,NA,NA,NA
"DOCK",2026-01-20 11:45:00,NA,NA,NA
"DOCK",2026-01-20 12:00:00,NA,NA,NA
"DOCK",2026-01-20 12:15:00,NA,NA,NA
"DOCK",2026-01-20 12:30:00,NA,NA,NA
"DOCK",2026-01-20 12:45:00,NA,NA,NA
"DOCK",2026-01-20 13:00:00,NA,NA,NA
"DOCK",2026-01-20 13:15:00,0,0,0
"DOCK",2026-01-20 13:30:00,NA,NA,NA
"DOCK",2026-01-20 13:45:00,NA,NA,NA
"DOCK",2026-01-20 14:00:00,NA,NA,NA
"DOCK",2026-01-20 14:15:00,NA,NA,NA
"DOCK",2026-01-20 14:30:00,NA,NA,NA
"DOCK",2026-01-20 14:45:00,NA,NA,NA
"DOCK",2026-01-20 15:00:00,NA,NA,NA
"DOCK",2026-01-20 15:15:00,NA,NA,NA
"DOCK",2026-01-20 15:30:00,NA,NA,NA
"DOCK",2026-01-20 15:45:00,NA,NA,NA
"DOCK",2026-01-20 16:00:00,NA,NA,NA
"DOCK",2026-01-20 16:15:00,NA,NA,NA
"DOCK",2026-01-20 16:30:00,NA,NA,NA
"DOCK",2026-01-20 16:45:00,NA,NA,NA
"DOCK",2026-01-20 17:00:00,NA,NA,NA
"DOCK",2026-01-20 17:15:00,NA,NA,NA
"DOCK",2026-01-20 17:30:00,NA,NA,NA
"DOCK",2026-01-20 17:45:00,NA,NA,NA
"DOCK",2026-01-20 18:00:00,NA,NA,NA
"DOCK",2026-01-20 18:15:00,NA,NA,NA
"DOCK",2026-01-20 18:30:00,NA,NA,NA
"DOCK",2026-01-20 18:45:00,NA,NA,NA
"DOCK",2026-01-20 19:00:00,NA,NA,NA
"DOCK",2026-01-20 19:15:00,NA,NA,NA
"DOCK",2026-01-20 19:30:00,NA,NA,NA
"DOCK",2026-01-20 19:45:00,NA,NA,NA
"DOCK",2026-01-20 20:00:00,NA,NA,NA
"DOCK",2026-01-20 20:15:00,NA,NA,NA
"DOCK",2026-01-20 20:30:00,NA,NA,NA
"DOCK",2026-01-20 20:45:00,NA,NA,NA
"DOCK",2026-01-20 21:00:00,NA,NA,NA
"DOCK",2026-01-20 21:15:00,NA,NA,NA
"DOCK",2026-01-20 21:30:00,NA,NA,NA
"DOCK",2026-01-20 21:45:00,NA,NA,NA
"DOCK",2026-01-20 22:00:00,NA,NA,NA
"DOCK",2026-01-20 22:15:00,NA,NA,NA
"DOCK",2026-01-20 22:30:00,NA,NA,NA
"DOCK",2026-01-20 22:45:00,NA,NA,NA
"DOCK",2026-01-20 23:00:00,NA,NA,NA
"DOCK",2026-01-20 23:15:00,NA,NA,NA
"DOCK",2026-01-20 23:30:00,NA,NA,NA
"DOCK",2026-01-20 23:45:00,NA,NA,NA
"DOCK",2026-01-21,NA,NA,NA
"DOCK",2026-01-21 00:15:00,NA,NA,NA
"DOCK",2026-01-21 00:30:00,NA,NA,NA
"DOCK",2026-01-21 00:45:00,NA,NA,NA
"DOCK",2026-01-21 01:00:00,NA,NA,NA
"DOCK",2026-01-21 01:15:00,NA,NA,NA
"DOCK",2026-01-21 01:30:00,NA,NA,NA
"DOCK",2026-01-21 01:45:00,NA,NA,NA
"DOCK",2026-01-21 02:00:00,NA,NA,NA
"DOCK",2026-01-21 02:15:00,NA,NA,NA
"DOCK",2026-01-21 02:30:00,NA,NA,NA
"DOCK",2026-01-21 02:45:00,NA,NA,NA
"DOCK",2026-01-21 03:00:00,NA,NA,NA
"DOCK",2026-01-21 03:15:00,NA,NA,NA
"DOCK",2026-01-21 03:30:00,NA,NA,NA
"DOCK",2026-01-21 03:45:00,NA,NA,NA
"DOCK",2026-01-21 04:00:00,NA,NA,NA
"DOCK",2026-01-21 04:15:00,NA,NA,NA
"DOCK",2026-01-21 04:30:00,NA,NA,NA
"DOCK",2026-01-21 04:45:00,NA,NA,NA
"DOCK",2026-01-21 05:00:00,NA,NA,NA
"DOCK",2026-01-21 05:15:00,NA,NA,NA
"DOCK",2026-01-21 05:30:00,NA,NA,NA
"DOCK",2026-01-21 05:45:00,NA,NA,NA
"DOCK",2026-01-21 06:00:00,NA,NA,NA
"DOCK",2026-01-21 06:15:00,NA,NA,NA
"DOCK",2026-01-21 06:30:00,NA,NA,NA
"DOCK",2026-01-21 06:45:00,NA,NA,NA
"DOCK",2026-01-21 07:00:00,NA,NA,NA
"DOCK",2026-01-21 07:15:00,NA,NA,NA
"DOCK",2026-01-21 07:30:00,NA,NA,NA
"DOCK",2026-01-21 07:45:00,NA,NA,NA
"DOCK",2026-01-21 08:00:00,NA,NA,NA
"DOCK",2026-01-21 08:15:00,NA,NA,NA
"DOCK",2026-01-21 08:30:00,NA,NA,NA
"DOCK",2026-01-21 08:45:00,NA,NA,NA
"DOCK",2026-01-21 09:00:00,NA,NA,NA
"DOCK",2026-01-21 09:15:00,NA,NA,NA
"DOCK",2026-01-21 09:30:00,NA,NA,NA
"DOCK",2026-01-21 09:45:00,NA,NA,NA
"DOCK",2026-01-21 10:00:00,NA,NA,NA
"DOCK",2026-01-21 10:15:00,NA,NA,NA
"DOCK",2026-01-21 10:30:00,NA,NA,NA
"DOCK",2026-01-21 10:45:00,NA,NA,NA
"DOCK",2026-01-21 11:00:00,NA,NA,NA
"DOCK",2026-01-21 11:15:00,NA,NA,NA
"DOCK",2026-01-21 11:30:00,NA,NA,NA
"DOCK",2026-01-21 11:45:00,NA,NA,NA
"DOCK",2026-01-21 12:00:00,NA,NA,NA
"DOCK",2026-01-21 12:15:00,NA,NA,NA
"DOCK",2026-01-21 12:30:00,NA,NA,NA
"DOCK",2026-01-21 12:45:00,NA,NA,NA
"DOCK",2026-01-21 13:00:00,NA,NA,NA
"DOCK",2026-01-21 13:15:00,NA,NA,NA
"DOCK",2026-01-21 13:30:00,NA,NA,NA
"DOCK",2026-01-21 13:45:00,NA,NA,NA
"DOCK",2026-01-21 14:00:00,NA,NA,NA
"DOCK",2026-01-21 14:15:00,NA,NA,NA
"DOCK",2026-01-21 14:30:00,NA,NA,NA
"DOCK",2026-01-21 14:45:00,NA,NA,NA
"DOCK",2026-01-21 15:00:00,NA,NA,NA
"DOCK",2026-01-21 15:15:00,NA,NA,NA
"DOCK",2026-01-21 15:30:00,NA,NA,NA
"DOCK",2026-01-21 15:45:00,NA,NA,NA
"DOCK",2026-01-21 16:00:00,NA,NA,NA
"DOCK",2026-01-21 16:15:00,NA,NA,NA
"DOCK",2026-01-21 16:30:00,NA,NA,NA
"DOCK",2026-01-21 16:45:00,NA,NA,NA
"DOCK",2026-01-21 17:00:00,NA,NA,NA
"DOCK",2026-01-21 17:15:00,NA,NA,NA
"DOCK",2026-01-21 17:30:00,NA,NA,NA
"DOCK",2026-01-21 17:45:00,NA,NA,NA
"DOCK",2026-01-21 18:00:00,NA,NA,NA
"DOCK",2026-01-21 18:15:00,NA,NA,NA
"DOCK",2026-01-21 18:30:00,NA,NA,NA
"DOCK",2026-01-21 18:45:00,NA,NA,NA
"DOCK",2026-01-21 19:00:00,NA,NA,NA
"DOCK",2026-01-21 19:15:00,NA,NA,NA
"DOCK",2026-01-21 19:30:00,NA,NA,NA
"DOCK",2026-01-21 19:45:00,NA,NA,NA
"DOCK",2026-01-21 20:00:00,NA,NA,NA
"DOCK",2026-01-21 20:15:00,NA,NA,NA
"DOCK",2026-01-21 20:30:00,NA,NA,NA
"DOCK",2026-01-21 20:45:00,NA,NA,NA
"DOCK",2026-01-21 21:00:00,NA,NA,NA
"DOCK",2026-01-21 21:15:00,NA,NA,NA
"DOCK",2026-01-21 21:30:00,NA,NA,NA
"DOCK",2026-01-21 21:45:00,NA,NA,NA
"DOCK",2026-01-21 22:00:00,NA,NA,NA
"DOCK",2026-01-21 22:15:00,NA,NA,NA
"DOCK",2026-01-21 22:30:00,NA,NA,NA
"DOCK",2026-01-21 22:45:00,NA,NA,NA
"DOCK",2026-01-21 23:00:00,NA,NA,NA
"DOCK",2026-01-21 23:15:00,NA,NA,NA
"DOCK",2026-01-21 23:30:00,NA,NA,NA
"DOCK",2026-01-21 23:45:00,NA,NA,NA
"DOCK",2026-01-22,NA,NA,NA
"DOCK",2026-01-22 00:15:00,NA,NA,NA
"DOCK",2026-01-22 00:30:00,NA,NA,NA
"DOCK",2026-01-22 00:45:00,NA,NA,NA
"DOCK",2026-01-22 01:00:00,NA,NA,NA
"DOCK",2026-01-22 01:15:00,NA,NA,NA
"DOCK",2026-01-22 01:30:00,NA,NA,NA
"DOCK",2026-01-22 01:45:00,NA,NA,NA
"DOCK",2026-01-22 02:00:00,NA,NA,NA
"DOCK",2026-01-22 02:15:00,NA,NA,NA
"DOCK",2026-01-22 02:30:00,NA,NA,NA
"DOCK",2026-01-22 02:45:00,NA,NA,NA
"DOCK",2026-01-22 03:00:00,NA,NA,NA
"DOCK",2026-01-22 03:15:00,NA,NA,NA
"DOCK",2026-01-22 03:30:00,NA,NA,NA
"DOCK",2026-01-22 03:45:00,NA,NA,NA
"DOCK",2026-01-22 04:00:00,NA,NA,NA
"DOCK",2026-01-22 04:15:00,NA,NA,NA
"DOCK",2026-01-22 04:30:00,NA,NA,NA
"DOCK",2026-01-22 04:45:00,NA,NA,NA
"DOCK",2026-01-22 05:00:00,NA,NA,NA
"DOCK",2026-01-22 05:15:00,NA,NA,NA
"DOCK",2026-01-22 05:30:00,NA,NA,NA
"DOCK",2026-01-22 05:45:00,NA,NA,NA
"DOCK",2026-01-22 06:00:00,NA,NA,NA
"DOCK",2026-01-22 06:15:00,NA,NA,NA
"DOCK",2026-01-22 06:30:00,NA,NA,NA
"DOCK",2026-01-22 06:45:00,NA,NA,NA
"DOCK",2026-01-22 07:00:00,NA,NA,NA
"DOCK",2026-01-22 07:15:00,NA,NA,NA
"DOCK",2026-01-22 07:30:00,NA,NA,NA
"DOCK",2026-01-22 07:45:00,NA,NA,NA
"DOCK",2026-01-22 08:00:00,NA,NA,NA
"DOCK",2026-01-22 08:15:00,NA,NA,NA
"DOCK",2026-01-22 08:30:00,NA,NA,NA
"DOCK",2026-01-22 08:45:00,NA,NA,NA
"DOCK",2026-01-22 09:00:00,NA,NA,NA
"DOCK",2026-01-22 09:15:00,NA,NA,NA
"DOCK",2026-01-22 09:30:00,NA,NA,NA
"DOCK",2026-01-22 09:45:00,NA,NA,NA
"DOCK",2026-01-22 10:00:00,NA,NA,NA
"DOCK",2026-01-22 10:15:00,NA,NA,NA
"DOCK",2026-01-22 10:30:00,NA,NA,NA
"DOCK",2026-01-22 10:45:00,NA,NA,NA
"DOCK",2026-01-22 11:00:00,NA,NA,NA
"DOCK",2026-01-22 11:15:00,NA,NA,NA
"DOCK",2026-01-22 11:30:00,NA,NA,NA
"DOCK",2026-01-22 11:45:00,NA,NA,NA
"DOCK",2026-01-22 12:00:00,NA,NA,NA
"DOCK",2026-01-22 12:15:00,NA,NA,NA
"DOCK",2026-01-22 12:30:00,NA,NA,NA
"DOCK",2026-01-22 12:45:00,NA,NA,NA
"DOCK",2026-01-22 13:00:00,NA,NA,NA
"DOCK",2026-01-22 13:15:00,NA,NA,NA
"DOCK",2026-01-22 13:30:00,NA,NA,NA
"DOCK",2026-01-22 13:45:00,NA,NA,NA
"DOCK",2026-01-22 14:00:00,NA,NA,NA
"DOCK",2026-01-22 14:15:00,NA,NA,NA
"DOCK",2026-01-22 14:30:00,NA,NA,NA
"DOCK",2026-01-22 14:45:00,NA,NA,NA
"DOCK",2026-01-22 15:00:00,NA,NA,NA
"DOCK",2026-01-22 15:15:00,NA,NA,NA
"DOCK",2026-01-22 15:30:00,NA,NA,NA
"DOCK",2026-01-22 15:45:00,NA,NA,NA
"DOCK",2026-01-22 16:00:00,NA,NA,NA
"DOCK",2026-01-22 16:15:00,NA,NA,NA
"DOCK",2026-01-22 16:30:00,NA,NA,NA
"DOCK",2026-01-22 16:45:00,NA,NA,NA
"DOCK",2026-01-22 17:00:00,NA,NA,NA
"DOCK",2026-01-22 17:15:00,NA,NA,NA
"DOCK",2026-01-22 17:30:00,NA,NA,NA
"DOCK",2026-01-22 17:45:00,NA,NA,NA
"DOCK",2026-01-22 18:00:00,NA,NA,NA
"DOCK",2026-01-22 18:15:00,NA,NA,NA
"DOCK",2026-01-22 18:30:00,NA,NA,NA
"DOCK",2026-01-22 18:45:00,NA,NA,NA
"DOCK",2026-01-22 19:00:00,NA,NA,NA
"DOCK",2026-01-22 19:15:00,NA,NA,NA
"DOCK",2026-01-22 19:30:00,NA,NA,NA
"DOCK",2026-01-22 19:45:00,NA,NA,NA
"DOCK",2026-01-22 20:00:00,NA,NA,NA
"DOCK",2026-01-22 20:15:00,NA,NA,NA
"DOCK",2026-01-22 20:30:00,NA,NA,NA
"DOCK",2026-01-22 20:45:00,NA,NA,NA
"DOCK",2026-01-22 21:00:00,NA,NA,NA
"DOCK",2026-01-22 21:15:00,NA,NA,NA
"DOCK",2026-01-22 21:30:00,NA,NA,NA
"DOCK",2026-01-22 21:45:00,NA,NA,NA
"DOCK",2026-01-22 22:00:00,NA,NA,NA
"DOCK",2026-01-22 22:15:00,NA,NA,NA
"DOCK",2026-01-22 22:30:00,NA,NA,NA
"DOCK",2026-01-22 22:45:00,NA,NA,NA
"DOCK",2026-01-22 23:00:00,NA,NA,NA
"DOCK",2026-01-22 23:15:00,NA,NA,NA
"DOCK",2026-01-22 23:30:00,NA,NA,NA
"DOCK",2026-01-22 23:45:00,NA,NA,NA
"DOCK",2026-01-23,NA,NA,NA
"DOCK",2026-01-23 00:15:00,NA,NA,NA
"DOCK",2026-01-23 00:30:00,NA,NA,NA
"DOCK",2026-01-23 00:45:00,NA,NA,NA
"DOCK",2026-01-23 01:00:00,NA,NA,NA
"DOCK",2026-01-23 01:15:00,NA,NA,NA
"DOCK",2026-01-23 01:30:00,NA,NA,NA
"DOCK",2026-01-23 01:45:00,NA,NA,NA
"DOCK",2026-01-23 02:00:00,NA,NA,NA
"DOCK",2026-01-23 02:15:00,NA,NA,NA
"DOCK",2026-01-23 02:30:00,NA,NA,NA
"DOCK",2026-01-23 02:45:00,NA,NA,NA
"DOCK",2026-01-23 03:00:00,NA,NA,NA
"DOCK",2026-01-23 03:15:00,NA,NA,NA
"DOCK",2026-01-23 03:30:00,NA,NA,NA
"DOCK",2026-01-23 03:45:00,NA,NA,NA
"DOCK",2026-01-23 04:00:00,NA,NA,NA
"DOCK",2026-01-23 04:15:00,NA,NA,NA
"DOCK",2026-01-23 04:30:00,NA,NA,NA
"DOCK",2026-01-23 04:45:00,NA,NA,NA
"DOCK",2026-01-23 05:00:00,NA,NA,NA
"DOCK",2026-01-23 05:15:00,NA,NA,NA
"DOCK",2026-01-23 05:30:00,NA,NA,NA
"DOCK",2026-01-23 05:45:00,NA,NA,NA
"DOCK",2026-01-23 06:00:00,NA,NA,NA
"DOCK",2026-01-23 06:15:00,NA,NA,NA
"DOCK",2026-01-23 06:30:00,NA,NA,NA
"DOCK",2026-01-23 06:45:00,NA,NA,NA
"DOCK",2026-01-23 07:00:00,NA,NA,NA
"DOCK",2026-01-23 07:15:00,NA,NA,NA
"DOCK",2026-01-23 07:30:00,NA,NA,NA
"DOCK",2026-01-23 07:45:00,NA,NA,NA
"DOCK",2026-01-23 08:00:00,NA,NA,NA
"DOCK",2026-01-23 08:15:00,NA,NA,NA
"DOCK",2026-01-23 08:30:00,NA,NA,NA
"DOCK",2026-01-23 08:45:00,NA,NA,NA
"DOCK",2026-01-23 09:00:00,NA,NA,NA
"DOCK",2026-01-23 09:15:00,NA,NA,NA
"DOCK",2026-01-23 09:30:00,NA,NA,NA
"DOCK",2026-01-23 09:45:00,NA,NA,NA
"DOCK",2026-01-23 10:00:00,NA,NA,NA
"DOCK",2026-01-23 10:15:00,NA,NA,NA
"DOCK",2026-01-23 10:30:00,NA,NA,NA
"DOCK",2026-01-23 10:45:00,NA,NA,NA
"DOCK",2026-01-23 11:00:00,NA,NA,NA
"DOCK",2026-01-23 11:15:00,NA,NA,NA
"DOCK",2026-01-23 11:30:00,NA,NA,NA
"DOCK",2026-01-23 11:45:00,NA,NA,NA
"DOCK",2026-01-23 12:00:00,NA,NA,NA
"DOCK",2026-01-23 12:15:00,NA,NA,NA
"DOCK",2026-01-23 12:30:00,NA,NA,NA
"DOCK",2026-01-23 12:45:00,NA,NA,NA
"DOCK",2026-01-23 13:00:00,NA,NA,NA
"DOCK",2026-01-23 13:15:00,NA,NA,NA
"DOCK",2026-01-23 13:30:00,NA,NA,NA
"DOCK",2026-01-23 13:45:00,NA,NA,NA
"DOCK",2026-01-23 14:00:00,NA,NA,NA
"DOCK",2026-01-23 14:15:00,NA,NA,NA
"DOCK",2026-01-23 14:30:00,NA,NA,NA
"DOCK",2026-01-23 14:45:00,NA,NA,NA
"DOCK",2026-01-23 15:00:00,NA,NA,NA
"DOCK",2026-01-23 15:15:00,NA,NA,NA
"DOCK",2026-01-23 15:30:00,NA,NA,NA
"DOCK",2026-01-23 15:45:00,NA,NA,NA
"DOCK",2026-01-23 16:00:00,NA,NA,NA
"DOCK",2026-01-23 16:15:00,NA,NA,NA
"DOCK",2026-01-23 16:30:00,NA,NA,NA
"DOCK",2026-01-23 16:45:00,NA,NA,NA
"DOCK",2026-01-23 17:00:00,NA,NA,NA
"DOCK",2026-01-23 17:15:00,NA,NA,NA
"DOCK",2026-01-23 17:30:00,NA,NA,NA
"DOCK",2026-01-23 17:45:00,NA,NA,NA
"DOCK",2026-01-23 18:00:00,NA,NA,NA
"DOCK",2026-01-23 18:15:00,NA,NA,NA
"DOCK",2026-01-23 18:30:00,NA,NA,NA
"DOCK",2026-01-23 18:45:00,NA,NA,NA
"DOCK",2026-01-23 19:00:00,NA,NA,NA
"DOCK",2026-01-23 19:15:00,NA,NA,NA
"DOCK",2026-01-23 19:30:00,NA,NA,NA
"DOCK",2026-01-23 19:45:00,NA,NA,NA
"DOCK",2026-01-23 20:00:00,NA,NA,NA
"DOCK",2026-01-23 20:15:00,NA,NA,NA
"DOCK",2026-01-23 20:30:00,NA,NA,NA
"DOCK",2026-01-23 20:45:00,NA,NA,NA
"DOCK",2026-01-23 21:00:00,NA,NA,NA
"DOCK",2026-01-23 21:15:00,NA,NA,NA
"DOCK",2026-01-23 21:30:00,NA,NA,NA
"DOCK",2026-01-23 21:45:00,NA,NA,NA
"DOCK",2026-01-23 22:00:00,NA,NA,NA
"DOCK",2026-01-23 22:15:00,NA,NA,NA
"DOCK",2026-01-23 22:30:00,NA,NA,NA
"DOCK",2026-01-23 22:45:00,NA,NA,NA
"DOCK",2026-01-23 23:00:00,NA,NA,NA
"DOCK",2026-01-23 23:15:00,NA,NA,NA
"DOCK",2026-01-23 23:30:00,NA,NA,NA
"DOCK",2026-01-23 23:45:00,NA,NA,NA
"DOCK",2026-01-24,NA,NA,NA
"DOCK",2026-01-24 00:15:00,NA,NA,NA
"DOCK",2026-01-24 00:30:00,NA,NA,NA
"DOCK",2026-01-24 00:45:00,NA,NA,NA
"DOCK",2026-01-24 01:00:00,NA,NA,NA
"DOCK",2026-01-24 01:15:00,NA,NA,NA
"DOCK",2026-01-24 01:30:00,NA,NA,NA
"DOCK",2026-01-24 01:45:00,NA,NA,NA
"DOCK",2026-01-24 02:00:00,NA,NA,NA
"DOCK",2026-01-24 02:15:00,NA,NA,NA
"DOCK",2026-01-24 02:30:00,NA,NA,NA
"DOCK",2026-01-24 02:45:00,NA,NA,NA
"DOCK",2026-01-24 03:00:00,NA,NA,NA
"DOCK",2026-01-24 03:15:00,NA,NA,NA
"DOCK",2026-01-24 03:30:00,NA,NA,NA
"DOCK",2026-01-24 03:45:00,NA,NA,NA
"DOCK",2026-01-24 04:00:00,NA,NA,NA
"DOCK",2026-01-24 04:15:00,NA,NA,NA
"DOCK",2026-01-24 04:30:00,NA,NA,NA
"DOCK",2026-01-24 04:45:00,NA,NA,NA
"DOCK",2026-01-24 05:00:00,NA,NA,NA
"DOCK",2026-01-24 05:15:00,NA,NA,NA
"DOCK",2026-01-24 05:30:00,NA,NA,NA
"DOCK",2026-01-24 05:45:00,NA,NA,NA
"DOCK",2026-01-24 06:00:00,NA,NA,NA
"DOCK",2026-01-24 06:15:00,NA,NA,NA
"DOCK",2026-01-24 06:30:00,NA,NA,NA
"DOCK",2026-01-24 06:45:00,NA,NA,NA
"DOCK",2026-01-24 07:00:00,NA,NA,NA
"DOCK",2026-01-24 07:15:00,NA,NA,NA
"DOCK",2026-01-24 07:30:00,NA,NA,NA
"DOCK",2026-01-24 07:45:00,NA,NA,NA
"DOCK",2026-01-24 08:00:00,NA,NA,NA
"DOCK",2026-01-24 08:15:00,NA,NA,NA
"DOCK",2026-01-24 08:30:00,NA,NA,NA
"DOCK",2026-01-24 08:45:00,NA,NA,NA
"DOCK",2026-01-24 09:00:00,NA,NA,NA
"DOCK",2026-01-24 09:15:00,NA,NA,NA
"DOCK",2026-01-24 09:30:00,NA,NA,NA
"DOCK",2026-01-24 09:45:00,NA,NA,NA
"DOCK",2026-01-24 10:00:00,NA,NA,NA
"DOCK",2026-01-24 10:15:00,NA,NA,NA
"DOCK",2026-01-24 10:30:00,NA,NA,NA
"DOCK",2026-01-24 10:45:00,NA,NA,NA
"DOCK",2026-01-24 11:00:00,NA,NA,NA
"DOCK",2026-01-24 11:15:00,NA,NA,NA
"DOCK",2026-01-24 11:30:00,NA,NA,NA
"DOCK",2026-01-24 11:45:00,NA,NA,NA
"DOCK",2026-01-24 12:00:00,NA,NA,NA
"DOCK",2026-01-24 12:15:00,NA,NA,NA
"DOCK",2026-01-24 12:30:00,NA,NA,NA
"DOCK",2026-01-24 12:45:00,NA,NA,NA
"DOCK",2026-01-24 13:00:00,NA,NA,NA
"DOCK",2026-01-24 13:15:00,NA,NA,NA
"DOCK",2026-01-24 13:30:00,NA,NA,NA
"DOCK",2026-01-24 13:45:00,NA,NA,NA
"DOCK",2026-01-24 14:00:00,NA,NA,NA
"DOCK",2026-01-24 14:15:00,NA,NA,NA
"DOCK",2026-01-24 14:30:00,NA,NA,NA
"DOCK",2026-01-24 14:45:00,NA,NA,NA
"DOCK",2026-01-24 15:00:00,NA,NA,NA
"DOCK",2026-01-24 15:15:00,NA,NA,NA
"DOCK",2026-01-24 15:30:00,NA,NA,NA
"DOCK",2026-01-24 15:45:00,NA,NA,NA
"DOCK",2026-01-24 16:00:00,NA,NA,NA
"DOCK",2026-01-24 16:15:00,NA,NA,NA
"DOCK",2026-01-24 16:30:00,NA,NA,NA
"DOCK",2026-01-24 16:45:00,NA,NA,NA
"DOCK",2026-01-24 17:00:00,NA,NA,NA
"DOCK",2026-01-24 17:15:00,NA,NA,NA
"DOCK",2026-01-24 17:30:00,NA,NA,NA
"DOCK",2026-01-24 17:45:00,NA,NA,NA
"DOCK",2026-01-24 18:00:00,NA,NA,NA
"DOCK",2026-01-24 18:15:00,NA,NA,NA
"DOCK",2026-01-24 18:30:00,NA,NA,NA
"DOCK",2026-01-24 18:45:00,NA,NA,NA
"DOCK",2026-01-24 19:00:00,NA,NA,NA
"DOCK",2026-01-24 19:15:00,NA,NA,NA
"DOCK",2026-01-24 19:30:00,NA,NA,NA
"DOCK",2026-01-24 19:45:00,NA,NA,NA
"DOCK",2026-01-24 20:00:00,NA,NA,NA
"DOCK",2026-01-24 20:15:00,NA,NA,NA
"DOCK",2026-01-24 20:30:00,NA,NA,NA
"DOCK",2026-01-24 20:45:00,NA,NA,NA
"DOCK",2026-01-24 21:00:00,NA,NA,NA
"DOCK",2026-01-24 21:15:00,NA,NA,NA
"DOCK",2026-01-24 21:30:00,NA,NA,NA
"DOCK",2026-01-24 21:45:00,NA,NA,NA
"DOCK",2026-01-24 22:00:00,NA,NA,NA
"DOCK",2026-01-24 22:15:00,NA,NA,NA
"DOCK",2026-01-24 22:30:00,NA,NA,NA
"DOCK",2026-01-24 22:45:00,NA,NA,NA
"DOCK",2026-01-24 23:00:00,NA,NA,NA
"DOCK",2026-01-24 23:15:00,NA,NA,NA
"DOCK",2026-01-24 23:30:00,NA,NA,NA
"DOCK",2026-01-24 23:45:00,NA,NA,NA
"DOCK",2026-01-25,NA,NA,NA
"DOCK",2026-01-25 00:15:00,NA,NA,NA
"DOCK",2026-01-25 00:30:00,NA,NA,NA
"DOCK",2026-01-25 00:45:00,NA,NA,NA
"DOCK",2026-01-25 01:00:00,NA,NA,NA
"DOCK",2026-01-25 01:15:00,NA,NA,NA
"DOCK",2026-01-25 01:30:00,NA,NA,NA
"DOCK",2026-01-25 01:45:00,NA,NA,NA
"DOCK",2026-01-25 02:00:00,NA,NA,NA
"DOCK",2026-01-25 02:15:00,NA,NA,NA
"DOCK",2026-01-25 02:30:00,NA,NA,NA
"DOCK",2026-01-25 02:45:00,NA,NA,NA
"DOCK",2026-01-25 03:00:00,NA,NA,NA
"DOCK",2026-01-25 03:15:00,NA,NA,NA
"DOCK",2026-01-25 03:30:00,NA,NA,NA
"DOCK",2026-01-25 03:45:00,NA,NA,NA
"DOCK",2026-01-25 04:00:00,NA,NA,NA
"DOCK",2026-01-25 04:15:00,NA,NA,NA
"DOCK",2026-01-25 04:30:00,NA,NA,NA
"DOCK",2026-01-25 04:45:00,NA,NA,NA
"DOCK",2026-01-25 05:00:00,NA,NA,NA
"DOCK",2026-01-25 05:15:00,NA,NA,NA
"DOCK",2026-01-25 05:30:00,NA,NA,NA
"DOCK",2026-01-25 05:45:00,NA,NA,NA
"DOCK",2026-01-25 06:00:00,NA,NA,NA
"DOCK",2026-01-25 06:15:00,NA,NA,NA
"DOCK",2026-01-25 06:30:00,NA,NA,NA
"DOCK",2026-01-25 06:45:00,NA,NA,NA
"DOCK",2026-01-25 07:00:00,NA,NA,NA
"DOCK",2026-01-25 07:15:00,NA,NA,NA
"DOCK",2026-01-25 07:30:00,NA,NA,NA
"DOCK",2026-01-25 07:45:00,NA,NA,NA
"DOCK",2026-01-25 08:00:00,NA,NA,NA
"DOCK",2026-01-25 08:15:00,NA,NA,NA
"DOCK",2026-01-25 08:30:00,NA,NA,NA
"DOCK",2026-01-25 08:45:00,NA,NA,NA
"DOCK",2026-01-25 09:00:00,NA,NA,NA
"DOCK",2026-01-25 09:15:00,NA,NA,NA
"DOCK",2026-01-25 09:30:00,NA,NA,NA
"DOCK",2026-01-25 09:45:00,NA,NA,NA
"DOCK",2026-01-25 10:00:00,NA,NA,NA
"DOCK",2026-01-25 10:15:00,NA,NA,NA
"DOCK",2026-01-25 10:30:00,NA,NA,NA
"DOCK",2026-01-25 10:45:00,NA,NA,NA
"DOCK",2026-01-25 11:00:00,NA,NA,NA
"DOCK",2026-01-25 11:15:00,NA,NA,NA
"DOCK",2026-01-25 11:30:00,NA,NA,NA
"DOCK",2026-01-25 11:45:00,NA,NA,NA
"DOCK",2026-01-25 12:00:00,NA,NA,NA
"DOCK",2026-01-25 12:15:00,NA,NA,NA
"DOCK",2026-01-25 12:30:00,NA,NA,NA
"DOCK",2026-01-25 12:45:00,NA,NA,NA
"DOCK",2026-01-25 13:00:00,NA,NA,NA
"DOCK",2026-01-25 13:15:00,NA,NA,NA
"DOCK",2026-01-25 13:30:00,NA,NA,NA
"DOCK",2026-01-25 13:45:00,NA,NA,NA
"DOCK",2026-01-25 14:00:00,NA,NA,NA
"DOCK",2026-01-25 14:15:00,NA,NA,NA
"DOCK",2026-01-25 14:30:00,NA,NA,NA
"DOCK",2026-01-25 14:45:00,NA,NA,NA
"DOCK",2026-01-25 15:00:00,NA,NA,NA
"DOCK",2026-01-25 15:15:00,NA,NA,NA
"DOCK",2026-01-25 15:30:00,NA,NA,NA
"DOCK",2026-01-25 15:45:00,NA,NA,NA
"DOCK",2026-01-25 16:00:00,NA,NA,NA
"DOCK",2026-01-25 16:15:00,NA,NA,NA
"DOCK",2026-01-25 16:30:00,NA,NA,NA
"DOCK",2026-01-25 16:45:00,NA,NA,NA
"DOCK",2026-01-25 17:00:00,NA,NA,NA
"DOCK",2026-01-25 17:15:00,NA,NA,NA
"DOCK",2026-01-25 17:30:00,NA,NA,NA
"DOCK",2026-01-25 17:45:00,NA,NA,NA
"DOCK",2026-01-25 18:00:00,NA,NA,NA
"DOCK",2026-01-25 18:15:00,NA,NA,NA
"DOCK",2026-01-25 18:30:00,NA,NA,NA
"DOCK",2026-01-25 18:45:00,NA,NA,NA
"DOCK",2026-01-25 19:00:00,NA,NA,NA
"DOCK",2026-01-25 19:15:00,NA,NA,NA
"DOCK",2026-01-25 19:30:00,NA,NA,NA
"DOCK",2026-01-25 19:45:00,NA,NA,NA
"DOCK",2026-01-25 20:00:00,NA,NA,NA
"DOCK",2026-01-25 20:15:00,NA,NA,NA
"DOCK",2026-01-25 20:30:00,NA,NA,NA
"DOCK",2026-01-25 20:45:00,NA,NA,NA
"DOCK",2026-01-25 21:00:00,NA,NA,NA
"DOCK",2026-01-25 21:15:00,NA,NA,NA
"DOCK",2026-01-25 21:30:00,NA,NA,NA
"DOCK",2026-01-25 21:45:00,NA,NA,NA
"DOCK",2026-01-25 22:00:00,NA,NA,NA
"DOCK",2026-01-25 22:15:00,NA,NA,NA
"DOCK",2026-01-25 22:30:00,NA,NA,NA
"DOCK",2026-01-25 22:45:00,NA,NA,NA
"DOCK",2026-01-25 23:00:00,NA,NA,NA
"DOCK",2026-01-25 23:15:00,NA,NA,NA
"DOCK",2026-01-25 23:30:00,NA,NA,NA
"DOCK",2026-01-25 23:45:00,NA,NA,NA
"DOCK",2026-01-26,NA,NA,NA
"DOCK",2026-01-26 00:15:00,NA,NA,NA
"DOCK",2026-01-26 00:30:00,NA,NA,NA
"DOCK",2026-01-26 00:45:00,NA,NA,NA
"DOCK",2026-01-26 01:00:00,NA,NA,NA
"DOCK",2026-01-26 01:15:00,NA,NA,NA
"DOCK",2026-01-26 01:30:00,NA,NA,NA
"DOCK",2026-01-26 01:45:00,NA,NA,NA
"DOCK",2026-01-26 02:00:00,NA,NA,NA
"DOCK",2026-01-26 02:15:00,NA,NA,NA
"DOCK",2026-01-26 02:30:00,NA,NA,NA
"DOCK",2026-01-26 02:45:00,NA,NA,NA
"DOCK",2026-01-26 03:00:00,NA,NA,NA
"DOCK",2026-01-26 03:15:00,NA,NA,NA
"DOCK",2026-01-26 03:30:00,NA,NA,NA
"DOCK",2026-01-26 03:45:00,NA,NA,NA
"DOCK",2026-01-26 04:00:00,NA,NA,NA
"DOCK",2026-01-26 04:15:00,NA,NA,NA
"DOCK",2026-01-26 04:30:00,NA,NA,NA
"DOCK",2026-01-26 04:45:00,NA,NA,NA
"DOCK",2026-01-26 05:00:00,NA,NA,NA
"DOCK",2026-01-26 05:15:00,NA,NA,NA
"DOCK",2026-01-26 05:30:00,NA,NA,NA
"DOCK",2026-01-26 05:45:00,NA,NA,NA
"DOCK",2026-01-26 06:00:00,NA,NA,NA
"DOCK",2026-01-26 06:15:00,NA,NA,NA
"DOCK",2026-01-26 06:30:00,NA,NA,NA
"DOCK",2026-01-26 06:45:00,NA,NA,NA
"DOCK",2026-01-26 07:00:00,NA,NA,NA
"DOCK",2026-01-26 07:15:00,NA,NA,NA
"DOCK",2026-01-26 07:30:00,NA,NA,NA
"DOCK",2026-01-26 07:45:00,NA,NA,NA
"DOCK",2026-01-26 08:00:00,NA,NA,NA
"DOCK",2026-01-26 08:15:00,NA,NA,NA
"DOCK",2026-01-26 08:30:00,NA,NA,NA
"DOCK",2026-01-26 08:45:00,NA,NA,NA
"DOCK",2026-01-26 09:00:00,NA,NA,NA
"DOCK",2026-01-26 09:15:00,NA,NA,NA
"DOCK",2026-01-26 09:30:00,NA,NA,NA
"DOCK",2026-01-26 09:45:00,NA,NA,NA
"DOCK",2026-01-26 10:00:00,NA,NA,NA
"DOCK",2026-01-26 10:15:00,NA,NA,NA
"DOCK",2026-01-26 10:30:00,NA,NA,NA
"DOCK",2026-01-26 10:45:00,NA,NA,NA
"DOCK",2026-01-26 11:00:00,NA,NA,NA
"DOCK",2026-01-26 11:15:00,NA,NA,NA
"DOCK",2026-01-26 11:30:00,NA,NA,NA
"DOCK",2026-01-26 11:45:00,NA,NA,NA
"DOCK",2026-01-26 12:00:00,NA,NA,NA
"DOCK",2026-01-26 12:15:00,NA,NA,NA
"DOCK",2026-01-26 12:30:00,NA,NA,NA
"DOCK",2026-01-26 12:45:00,NA,NA,NA
"DOCK",2026-01-26 13:00:00,NA,NA,NA
"DOCK",2026-01-26 13:15:00,NA,NA,NA
"DOCK",2026-01-26 13:30:00,NA,NA,NA
"DOCK",2026-01-26 13:45:00,NA,NA,NA
"DOCK",2026-01-26 14:00:00,NA,NA,NA
"DOCK",2026-01-26 14:15:00,NA,NA,NA
"DOCK",2026-01-26 14:30:00,NA,NA,NA
"DOCK",2026-01-26 14:45:00,NA,NA,NA
"DOCK",2026-01-26 15:00:00,NA,NA,NA
"DOCK",2026-01-26 15:15:00,NA,NA,NA
"DOCK",2026-01-26 15:30:00,NA,NA,NA
"DOCK",2026-01-26 15:45:00,NA,NA,NA
"DOCK",2026-01-26 16:00:00,NA,NA,NA
"DOCK",2026-01-26 16:15:00,NA,NA,NA
"DOCK",2026-01-26 16:30:00,NA,NA,NA
"DOCK",2026-01-26 16:45:00,NA,NA,NA
"DOCK",2026-01-26 17:00:00,NA,NA,NA
"DOCK",2026-01-26 17:15:00,NA,NA,NA
"DOCK",2026-01-26 17:30:00,NA,NA,NA
"DOCK",2026-01-26 17:45:00,NA,NA,NA
"DOCK",2026-01-26 18:00:00,NA,NA,NA
"DOCK",2026-01-26 18:15:00,NA,NA,NA
"DOCK",2026-01-26 18:30:00,NA,NA,NA
"DOCK",2026-01-26 18:45:00,NA,NA,NA
"DOCK",2026-01-26 19:00:00,NA,NA,NA
"DOCK",2026-01-26 19:15:00,NA,NA,NA
"DOCK",2026-01-26 19:30:00,NA,NA,NA
"DOCK",2026-01-26 19:45:00,NA,NA,NA
"DOCK",2026-01-26 20:00:00,NA,NA,NA
"DOCK",2026-01-26 20:15:00,NA,NA,NA
"DOCK",2026-01-26 20:30:00,NA,NA,NA
"DOCK",2026-01-26 20:45:00,NA,NA,NA
"DOCK",2026-01-26 21:00:00,NA,NA,NA
"DOCK",2026-01-26 21:15:00,NA,NA,NA
"DOCK",2026-01-26 21:30:00,NA,NA,NA
"DOCK",2026-01-26 21:45:00,NA,NA,NA
"DOCK",2026-01-26 22:00:00,NA,NA,NA
"DOCK",2026-01-26 22:15:00,NA,NA,NA
"DOCK",2026-01-26 22:30:00,NA,NA,NA
"DOCK",2026-01-26 22:45:00,NA,NA,NA
"DOCK",2026-01-26 23:00:00,NA,NA,NA
"DOCK",2026-01-26 23:15:00,NA,NA,NA
"DOCK",2026-01-26 23:30:00,NA,NA,NA
"DOCK",2026-01-26 23:45:00,NA,NA,NA
"DOCK",2026-01-27,NA,NA,NA
"DOCK",2026-01-27 00:15:00,NA,NA,NA
"DOCK",2026-01-27 00:30:00,NA,NA,NA
"DOCK",2026-01-27 00:45:00,NA,NA,NA
"DOCK",2026-01-27 01:00:00,NA,NA,NA
"DOCK",2026-01-27 01:15:00,NA,NA,NA
"DOCK",2026-01-27 01:30:00,NA,NA,NA
"DOCK",2026-01-27 01:45:00,NA,NA,NA
"DOCK",2026-01-27 02:00:00,NA,NA,NA
"DOCK",2026-01-27 02:15:00,NA,NA,NA
"DOCK",2026-01-27 02:30:00,NA,NA,NA
"DOCK",2026-01-27 02:45:00,NA,NA,NA
"DOCK",2026-01-27 03:00:00,NA,NA,NA
"DOCK",2026-01-27 03:15:00,NA,NA,NA
"DOCK",2026-01-27 03:30:00,NA,NA,NA
"DOCK",2026-01-27 03:45:00,NA,NA,NA
"DOCK",2026-01-27 04:00:00,NA,NA,NA
"DOCK",2026-01-27 04:15:00,NA,NA,NA
"DOCK",2026-01-27 04:30:00,NA,NA,NA
"DOCK",2026-01-27 04:45:00,NA,NA,NA
"DOCK",2026-01-27 05:00:00,NA,NA,NA
"DOCK",2026-01-27 05:15:00,NA,NA,NA
"DOCK",2026-01-27 05:30:00,NA,NA,NA
"DOCK",2026-01-27 05:45:00,NA,NA,NA
"DOCK",2026-01-27 06:00:00,NA,NA,NA
"DOCK",2026-01-27 06:15:00,NA,NA,NA
"DOCK",2026-01-27 06:30:00,NA,NA,NA
"DOCK",2026-01-27 06:45:00,NA,NA,NA
"DOCK",2026-01-27 07:00:00,NA,NA,NA
"DOCK",2026-01-27 07:15:00,NA,NA,NA
"DOCK",2026-01-27 07:30:00,NA,NA,NA
"DOCK",2026-01-27 07:45:00,NA,NA,NA
"DOCK",2026-01-27 08:00:00,NA,NA,NA
"DOCK",2026-01-27 08:15:00,NA,NA,NA
"DOCK",2026-01-27 08:30:00,NA,NA,NA
"DOCK",2026-01-27 08:45:00,NA,NA,NA
"DOCK",2026-01-27 09:00:00,NA,NA,NA
"DOCK",2026-01-27 09:15:00,NA,NA,NA
"DOCK",2026-01-27 09:30:00,NA,NA,NA
"DOCK",2026-01-27 09:45:00,NA,NA,NA
"DOCK",2026-01-27 10:00:00,NA,NA,NA
"DOCK",2026-01-27 10:15:00,NA,NA,NA
"DOCK",2026-01-27 10:30:00,NA,NA,NA
"DOCK",2026-01-27 10:45:00,NA,NA,NA
"DOCK",2026-01-27 11:00:00,NA,NA,NA
"DOCK",2026-01-27 11:15:00,NA,NA,NA
"DOCK",2026-01-27 11:30:00,NA,NA,NA
"DOCK",2026-01-27 11:45:00,NA,NA,NA
"DOCK",2026-01-27 12:00:00,NA,NA,NA
"DOCK",2026-01-27 12:15:00,NA,NA,NA
"DOCK",2026-01-27 12:30:00,NA,NA,NA
"DOCK",2026-01-27 12:45:00,NA,NA,NA
"DOCK",2026-01-27 13:00:00,NA,NA,NA
"DOCK",2026-01-27 13:15:00,NA,NA,NA
"DOCK",2026-01-27 13:30:00,NA,NA,NA
"DOCK",2026-01-27 13:45:00,NA,NA,NA
"DOCK",2026-01-27 14:00:00,NA,NA,NA
"DOCK",2026-01-27 14:15:00,NA,NA,NA
"DOCK",2026-01-27 14:30:00,NA,NA,NA
"DOCK",2026-01-27 14:45:00,NA,NA,NA
"DOCK",2026-01-27 15:00:00,NA,NA,NA
"DOCK",2026-01-27 15:15:00,NA,NA,NA
"DOCK",2026-01-27 15:30:00,NA,NA,NA
"DOCK",2026-01-27 15:45:00,NA,NA,NA
"DOCK",2026-01-27 16:00:00,NA,NA,NA
"DOCK",2026-01-27 16:15:00,NA,NA,NA
"DOCK",2026-01-27 16:30:00,NA,NA,NA
"DOCK",2026-01-27 16:45:00,NA,NA,NA
"DOCK",2026-01-27 17:00:00,NA,NA,NA
"DOCK",2026-01-27 17:15:00,NA,NA,NA
"DOCK",2026-01-27 17:30:00,NA,NA,NA
"DOCK",2026-01-27 17:45:00,NA,NA,NA
"DOCK",2026-01-27 18:00:00,NA,NA,NA
"DOCK",2026-01-27 18:15:00,NA,NA,NA
"DOCK",2026-01-27 18:30:00,NA,NA,NA
"DOCK",2026-01-27 18:45:00,NA,NA,NA
"DOCK",2026-01-27 19:00:00,NA,NA,NA
"DOCK",2026-01-27 19:15:00,NA,NA,NA
"DOCK",2026-01-27 19:30:00,NA,NA,NA
"DOCK",2026-01-27 19:45:00,NA,NA,NA
"DOCK",2026-01-27 20:00:00,NA,NA,NA
"DOCK",2026-01-27 20:15:00,NA,NA,NA
"DOCK",2026-01-27 20:30:00,NA,NA,NA
"DOCK",2026-01-27 20:45:00,NA,NA,NA
"DOCK",2026-01-27 21:00:00,NA,NA,NA
"DOCK",2026-01-27 21:15:00,NA,NA,NA
"DOCK",2026-01-27 21:30:00,NA,NA,NA
"DOCK",2026-01-27 21:45:00,NA,NA,NA
"DOCK",2026-01-27 22:00:00,NA,NA,NA
"DOCK",2026-01-27 22:15:00,NA,NA,NA
"DOCK",2026-01-27 22:30:00,NA,NA,NA
"DOCK",2026-01-27 22:45:00,NA,NA,NA
"DOCK",2026-01-27 23:00:00,NA,NA,NA
"DOCK",2026-01-27 23:15:00,NA,NA,NA
"DOCK",2026-01-27 23:30:00,NA,NA,NA
"DOCK",2026-01-27 23:45:00,NA,NA,NA
"DOCK",2026-01-28,NA,NA,NA
"DOCK",2026-01-28 00:15:00,NA,NA,NA
"DOCK",2026-01-28 00:30:00,NA,NA,NA
"DOCK",2026-01-28 00:45:00,NA,NA,NA
"DOCK",2026-01-28 01:00:00,NA,NA,NA
"DOCK",2026-01-28 01:15:00,NA,NA,NA
"DOCK",2026-01-28 01:30:00,NA,NA,NA
"DOCK",2026-01-28 01:45:00,NA,NA,NA
"DOCK",2026-01-28 02:00:00,NA,NA,NA
"DOCK",2026-01-28 02:15:00,NA,NA,NA
"DOCK",2026-01-28 02:30:00,NA,NA,NA
"DOCK",2026-01-28 02:45:00,NA,NA,NA
"DOCK",2026-01-28 03:00:00,NA,NA,NA
"DOCK",2026-01-28 03:15:00,NA,NA,NA
"DOCK",2026-01-28 03:30:00,NA,NA,NA
"DOCK",2026-01-28 03:45:00,NA,NA,NA
"DOCK",2026-01-28 04:00:00,NA,NA,NA
"DOCK",2026-01-28 04:15:00,NA,NA,NA
"DOCK",2026-01-28 04:30:00,NA,NA,NA
"DOCK",2026-01-28 04:45:00,NA,NA,NA
"DOCK",2026-01-28 05:00:00,NA,NA,NA
"DOCK",2026-01-28 05:15:00,NA,NA,NA
"DOCK",2026-01-28 05:30:00,NA,NA,NA
"DOCK",2026-01-28 05:45:00,NA,NA,NA
"DOCK",2026-01-28 06:00:00,NA,NA,NA
"DOCK",2026-01-28 06:15:00,NA,NA,NA
"DOCK",2026-01-28 06:30:00,NA,NA,NA
"DOCK",2026-01-28 06:45:00,NA,NA,NA
"DOCK",2026-01-28 07:00:00,NA,NA,NA
"DOCK",2026-01-28 07:15:00,NA,NA,NA
"DOCK",2026-01-28 07:30:00,NA,NA,NA
"DOCK",2026-01-28 07:45:00,NA,NA,NA
"DOCK",2026-01-28 08:00:00,NA,NA,NA
"DOCK",2026-01-28 08:15:00,NA,NA,NA
"DOCK",2026-01-28 08:30:00,NA,NA,NA
"DOCK",2026-01-28 08:45:00,NA,NA,NA
"DOCK",2026-01-28 09:00:00,NA,NA,NA
"DOCK",2026-01-28 09:15:00,NA,NA,NA
"DOCK",2026-01-28 09:30:00,NA,NA,NA
"DOCK",2026-01-28 09:45:00,NA,NA,NA
"DOCK",2026-01-28 10:00:00,NA,NA,NA
"DOCK",2026-01-28 10:15:00,NA,NA,NA
"DOCK",2026-01-28 10:30:00,NA,NA,NA
"DOCK",2026-01-28 10:45:00,NA,NA,NA
"DOCK",2026-01-28 11:00:00,NA,NA,NA
"DOCK",2026-01-28 11:15:00,NA,NA,NA
"DOCK",2026-01-28 11:30:00,NA,NA,NA
"DOCK",2026-01-28 11:45:00,NA,NA,NA
"DOCK",2026-01-28 12:00:00,NA,NA,NA
"DOCK",2026-01-28 12:15:00,NA,NA,NA
"DOCK",2026-01-28 12:30:00,NA,NA,NA
"DOCK",2026-01-28 12:45:00,NA,NA,NA
"DOCK",2026-01-28 13:00:00,NA,NA,NA
"DOCK",2026-01-28 13:15:00,NA,NA,NA
"DOCK",2026-01-28 13:30:00,NA,NA,NA
"DOCK",2026-01-28 13:45:00,NA,NA,NA
"DOCK",2026-01-28 14:00:00,NA,NA,NA
"DOCK",2026-01-28 14:15:00,NA,NA,NA
"DOCK",2026-01-28 14:30:00,NA,NA,NA
"DOCK",2026-01-28 14:45:00,NA,NA,NA
"DOCK",2026-01-28 15:00:00,NA,NA,NA
"DOCK",2026-01-28 15:15:00,NA,NA,NA
"DOCK",2026-01-28 15:30:00,NA,NA,NA
"DOCK",2026-01-28 15:45:00,NA,NA,NA
"DOCK",2026-01-28 16:00:00,NA,NA,NA
"DOCK",2026-01-28 16:15:00,NA,NA,NA
"DOCK",2026-01-28 16:30:00,NA,NA,NA
"DOCK",2026-01-28 16:45:00,NA,NA,NA
"DOCK",2026-01-28 17:00:00,NA,NA,NA
"DOCK",2026-01-28 17:15:00,NA,NA,NA
"DOCK",2026-01-28 17:30:00,NA,NA,NA
"DOCK",2026-01-28 17:45:00,NA,NA,NA
"DOCK",2026-01-28 18:00:00,NA,NA,NA
"DOCK",2026-01-28 18:15:00,NA,NA,NA
"DOCK",2026-01-28 18:30:00,NA,NA,NA
"DOCK",2026-01-28 18:45:00,NA,NA,NA
"DOCK",2026-01-28 19:00:00,NA,NA,NA
"DOCK",2026-01-28 19:15:00,NA,NA,NA
"DOCK",2026-01-28 19:30:00,NA,NA,NA
"DOCK",2026-01-28 19:45:00,NA,NA,NA
"DOCK",2026-01-28 20:00:00,NA,NA,NA
"DOCK",2026-01-28 20:15:00,NA,NA,NA
"DOCK",2026-01-28 20:30:00,NA,NA,NA
"DOCK",2026-01-28 20:45:00,NA,NA,NA
"DOCK",2026-01-28 21:00:00,NA,NA,NA
"DOCK",2026-01-28 21:15:00,NA,NA,NA
"DOCK",2026-01-28 21:30:00,NA,NA,NA
"DOCK",2026-01-28 21:45:00,NA,NA,NA
"DOCK",2026-01-28 22:00:00,NA,NA,NA
"DOCK",2026-01-28 22:15:00,NA,NA,NA
"DOCK",2026-01-28 22:30:00,NA,NA,NA
"DOCK",2026-01-28 22:45:00,NA,NA,NA
"DOCK",2026-01-28 23:00:00,NA,NA,NA
"DOCK",2026-01-28 23:15:00,NA,NA,NA
"DOCK",2026-01-28 23:30:00,NA,NA,NA
"DOCK",2026-01-28 23:45:00,NA,NA,NA
"DOCK",2026-01-29,NA,NA,NA
"DOCK",2026-01-29 00:15:00,NA,NA,NA
"DOCK",2026-01-29 00:30:00,NA,NA,NA
"DOCK",2026-01-29 00:45:00,NA,NA,NA
"DOCK",2026-01-29 01:00:00,NA,NA,NA
"DOCK",2026-01-29 01:15:00,NA,NA,NA
"DOCK",2026-01-29 01:30:00,NA,NA,NA
"DOCK",2026-01-29 01:45:00,NA,NA,NA
"DOCK",2026-01-29 02:00:00,NA,NA,NA
"DOCK",2026-01-29 02:15:00,NA,NA,NA
"DOCK",2026-01-29 02:30:00,NA,NA,NA
"DOCK",2026-01-29 02:45:00,NA,NA,NA
"DOCK",2026-01-29 03:00:00,NA,NA,NA
"DOCK",2026-01-29 03:15:00,NA,NA,NA
"DOCK",2026-01-29 03:30:00,NA,NA,NA
"DOCK",2026-01-29 03:45:00,NA,NA,NA
"DOCK",2026-01-29 04:00:00,NA,NA,NA
"DOCK",2026-01-29 04:15:00,NA,NA,NA
"DOCK",2026-01-29 04:30:00,NA,NA,NA
"DOCK",2026-01-29 04:45:00,NA,NA,NA
"DOCK",2026-01-29 05:00:00,NA,NA,NA
"DOCK",2026-01-29 05:15:00,NA,NA,NA
"DOCK",2026-01-29 05:30:00,NA,NA,NA
"DOCK",2026-01-29 05:45:00,NA,NA,NA
"DOCK",2026-01-29 06:00:00,NA,NA,NA
"DOCK",2026-01-29 06:15:00,NA,NA,NA
"DOCK",2026-01-29 06:30:00,NA,NA,NA
"DOCK",2026-01-29 06:45:00,NA,NA,NA
"DOCK",2026-01-29 07:00:00,NA,NA,NA
"DOCK",2026-01-29 07:15:00,NA,NA,NA
"DOCK",2026-01-29 07:30:00,NA,NA,NA
"DOCK",2026-01-29 07:45:00,NA,NA,NA
"DOCK",2026-01-29 08:00:00,NA,NA,NA
"DOCK",2026-01-29 08:15:00,NA,NA,NA
"DOCK",2026-01-29 08:30:00,NA,NA,NA
"DOCK",2026-01-29 08:45:00,NA,NA,NA
"DOCK",2026-01-29 09:00:00,NA,NA,NA
"DOCK",2026-01-29 09:15:00,NA,NA,NA
"DOCK",2026-01-29 09:30:00,NA,NA,NA
"DOCK",2026-01-29 09:45:00,NA,NA,NA
"DOCK",2026-01-29 10:00:00,NA,NA,NA
"DOCK",2026-01-29 10:15:00,NA,NA,NA
"DOCK",2026-01-29 10:30:00,NA,NA,NA
"DOCK",2026-01-29 10:45:00,NA,NA,NA
"DOCK",2026-01-29 11:00:00,NA,NA,NA
"DOCK",2026-01-29 11:15:00,NA,NA,NA
"DOCK",2026-01-29 11:30:00,NA,NA,NA
"DOCK",2026-01-29 11:45:00,NA,NA,NA
"DOCK",2026-01-29 12:00:00,NA,NA,NA
"DOCK",2026-01-29 12:15:00,NA,NA,NA
"DOCK",2026-01-29 12:30:00,NA,NA,NA
"DOCK",2026-01-29 12:45:00,NA,NA,NA
"DOCK",2026-01-29 13:00:00,NA,NA,NA
"DOCK",2026-01-29 13:15:00,NA,NA,NA
"DOCK",2026-01-29 13:30:00,NA,NA,NA
"DOCK",2026-01-29 13:45:00,NA,NA,NA
"DOCK",2026-01-29 14:00:00,NA,NA,NA
"DOCK",2026-01-29 14:15:00,NA,NA,NA
"DOCK",2026-01-29 14:30:00,NA,NA,NA
"DOCK",2026-01-29 14:45:00,NA,NA,NA
"DOCK",2026-01-29 15:00:00,NA,NA,NA
"DOCK",2026-01-29 15:15:00,NA,NA,NA
"DOCK",2026-01-29 15:30:00,NA,NA,NA
"DOCK",2026-01-29 15:45:00,NA,NA,NA
"DOCK",2026-01-29 16:00:00,NA,NA,NA
"DOCK",2026-01-29 16:15:00,NA,NA,NA
"DOCK",2026-01-29 16:30:00,NA,NA,NA
"DOCK",2026-01-29 16:45:00,NA,NA,NA
"DOCK",2026-01-29 17:00:00,NA,NA,NA
"DOCK",2026-01-29 17:15:00,NA,NA,NA
"DOCK",2026-01-29 17:30:00,NA,NA,NA
"DOCK",2026-01-29 17:45:00,NA,NA,NA
"DOCK",2026-01-29 18:00:00,NA,NA,NA
"DOCK",2026-01-29 18:15:00,NA,NA,NA
"DOCK",2026-01-29 18:30:00,NA,NA,NA
"DOCK",2026-01-29 18:45:00,NA,NA,NA
"DOCK",2026-01-29 19:00:00,NA,NA,NA
"DOCK",2026-01-29 19:15:00,NA,NA,NA
"DOCK",2026-01-29 19:30:00,NA,NA,NA
"DOCK",2026-01-29 19:45:00,NA,NA,NA
"DOCK",2026-01-29 20:00:00,NA,NA,NA
"DOCK",2026-01-29 20:15:00,NA,NA,NA
"DOCK",2026-01-29 20:30:00,NA,NA,NA
"DOCK",2026-01-29 20:45:00,NA,NA,NA
"DOCK",2026-01-29 21:00:00,NA,NA,NA
"DOCK",2026-01-29 21:15:00,NA,NA,NA
"DOCK",2026-01-29 21:30:00,NA,NA,NA
"DOCK",2026-01-29 21:45:00,NA,NA,NA
"DOCK",2026-01-29 22:00:00,NA,NA,NA
"DOCK",2026-01-29 22:15:00,NA,NA,NA
"DOCK",2026-01-29 22:30:00,NA,NA,NA
"DOCK",2026-01-29 22:45:00,NA,NA,NA
"DOCK",2026-01-29 23:00:00,NA,NA,NA
"DOCK",2026-01-29 23:15:00,NA,NA,NA
"DOCK",2026-01-29 23:30:00,NA,NA,NA
"DOCK",2026-01-29 23:45:00,NA,NA,NA
"DOCK",2026-01-30,NA,NA,NA
"DOCK",2026-01-30 00:15:00,NA,NA,NA
"DOCK",2026-01-30 00:30:00,NA,NA,NA
"DOCK",2026-01-30 00:45:00,NA,NA,NA
"DOCK",2026-01-30 01:00:00,NA,NA,NA
"DOCK",2026-01-30 01:15:00,NA,NA,NA
"DOCK",2026-01-30 01:30:00,NA,NA,NA
"DOCK",2026-01-30 01:45:00,NA,NA,NA
"DOCK",2026-01-30 02:00:00,NA,NA,NA
"DOCK",2026-01-30 02:15:00,NA,NA,NA
"DOCK",2026-01-30 02:30:00,NA,NA,NA
"DOCK",2026-01-30 02:45:00,NA,NA,NA
"DOCK",2026-01-30 03:00:00,NA,NA,NA
"DOCK",2026-01-30 03:15:00,NA,NA,NA
"DOCK",2026-01-30 03:30:00,NA,NA,NA
"DOCK",2026-01-30 03:45:00,NA,NA,NA
"DOCK",2026-01-30 04:00:00,NA,NA,NA
"DOCK",2026-01-30 04:15:00,NA,NA,NA
"DOCK",2026-01-30 04:30:00,NA,NA,NA
"DOCK",2026-01-30 04:45:00,NA,NA,NA
"DOCK",2026-01-30 05:00:00,NA,NA,NA
"DOCK",2026-01-30 05:15:00,NA,NA,NA
"DOCK",2026-01-30 05:30:00,NA,NA,NA
"DOCK",2026-01-30 05:45:00,NA,NA,NA
"DOCK",2026-01-30 06:00:00,NA,NA,NA
"DOCK",2026-01-30 06:15:00,NA,NA,NA
"DOCK",2026-01-30 06:30:00,NA,NA,NA
"DOCK",2026-01-30 06:45:00,NA,NA,NA
"DOCK",2026-01-30 07:00:00,NA,NA,NA
"DOCK",2026-01-30 07:15:00,NA,NA,NA
"DOCK",2026-01-30 07:30:00,NA,NA,NA
"DOCK",2026-01-30 07:45:00,NA,NA,NA
"DOCK",2026-01-30 08:00:00,NA,NA,NA
"DOCK",2026-01-30 08:15:00,NA,NA,NA
"DOCK",2026-01-30 08:30:00,NA,NA,NA
"DOCK",2026-01-30 08:45:00,NA,NA,NA
"DOCK",2026-01-30 09:00:00,NA,NA,NA
"DOCK",2026-01-30 09:15:00,NA,NA,NA
"DOCK",2026-01-30 09:30:00,NA,NA,NA
"DOCK",2026-01-30 09:45:00,NA,NA,NA
"DOCK",2026-01-30 10:00:00,NA,NA,NA
"DOCK",2026-01-30 10:15:00,NA,NA,NA
"DOCK",2026-01-30 10:30:00,NA,NA,NA
"DOCK",2026-01-30 10:45:00,NA,NA,NA
"DOCK",2026-01-30 11:00:00,NA,NA,NA
"DOCK",2026-01-30 11:15:00,NA,NA,NA
"DOCK",2026-01-30 11:30:00,NA,NA,NA
"DOCK",2026-01-30 11:45:00,NA,NA,NA
"DOCK",2026-01-30 12:00:00,NA,NA,NA
"DOCK",2026-01-30 12:15:00,NA,NA,NA
"DOCK",2026-01-30 12:30:00,NA,NA,NA
"DOCK",2026-01-30 12:45:00,NA,NA,NA
"DOCK",2026-01-30 13:00:00,NA,NA,NA
"DOCK",2026-01-30 13:15:00,NA,NA,NA
"DOCK",2026-01-30 13:30:00,NA,NA,NA
"DOCK",2026-01-30 13:45:00,NA,NA,NA
"DOCK",2026-01-30 14:00:00,NA,NA,NA
"DOCK",2026-01-30 14:15:00,NA,NA,NA
"DOCK",2026-01-30 14:30:00,NA,NA,NA
"DOCK",2026-01-30 14:45:00,NA,NA,NA
"DOCK",2026-01-30 15:00:00,NA,NA,NA
"DOCK",2026-01-30 15:15:00,NA,NA,NA
"DOCK",2026-01-30 15:30:00,NA,NA,NA
"DOCK",2026-01-30 15:45:00,NA,NA,NA
"DOCK",2026-01-30 16:00:00,NA,NA,NA
"DOCK",2026-01-30 16:15:00,NA,NA,NA
"DOCK",2026-01-30 16:30:00,NA,NA,NA
"DOCK",2026-01-30 16:45:00,NA,NA,NA
"DOCK",2026-01-30 17:00:00,NA,NA,NA
"DOCK",2026-01-30 17:15:00,NA,NA,NA
"DOCK",2026-01-30 17:30:00,NA,NA,NA
"DOCK",2026-01-30 17:45:00,NA,NA,NA
"DOCK",2026-01-30 18:00:00,NA,NA,NA
"DOCK",2026-01-30 18:15:00,NA,NA,NA
"DOCK",2026-01-30 18:30:00,NA,NA,NA
"DOCK",2026-01-30 18:45:00,NA,NA,NA
"DOCK",2026-01-30 19:00:00,NA,NA,NA
"DOCK",2026-01-30 19:15:00,NA,NA,NA
"DOCK",2026-01-30 19:30:00,NA,NA,NA
"DOCK",2026-01-30 19:45:00,NA,NA,NA
"DOCK",2026-01-30 20:00:00,NA,NA,NA
"DOCK",2026-01-30 20:15:00,NA,NA,NA
"DOCK",2026-01-30 20:30:00,NA,NA,NA
"DOCK",2026-01-30 20:45:00,NA,NA,NA
"DOCK",2026-01-30 21:00:00,NA,NA,NA
"DOCK",2026-01-30 21:15:00,NA,NA,NA
"DOCK",2026-01-30 21:30:00,NA,NA,NA
"DOCK",2026-01-30 21:45:00,NA,NA,NA
"DOCK",2026-01-30 22:00:00,NA,NA,NA
"DOCK",2026-01-30 22:15:00,NA,NA,NA
"DOCK",2026-01-30 22:30:00,NA,NA,NA
"DOCK",2026-01-30 22:45:00,NA,NA,NA
"DOCK",2026-01-30 23:00:00,NA,NA,NA
"DOCK",2026-01-30 23:15:00,NA,NA,NA
"DOCK",2026-01-30 23:30:00,NA,NA,NA
"DOCK",2026-01-30 23:45:00,NA,NA,NA
"DOCK",2026-01-31,NA,NA,NA
"DOCK",2026-01-31 00:15:00,NA,NA,NA
"DOCK",2026-01-31 00:30:00,NA,NA,NA
"DOCK",2026-01-31 00:45:00,NA,NA,NA
"DOCK",2026-01-31 01:00:00,NA,NA,NA
"DOCK",2026-01-31 01:15:00,NA,NA,NA
"DOCK",2026-01-31 01:30:00,NA,NA,NA
"DOCK",2026-01-31 01:45:00,NA,NA,NA
"DOCK",2026-01-31 02:00:00,NA,NA,NA
"DOCK",2026-01-31 02:15:00,NA,NA,NA
"DOCK",2026-01-31 02:30:00,NA,NA,NA
"DOCK",2026-01-31 02:45:00,NA,NA,NA
"DOCK",2026-01-31 03:00:00,NA,NA,NA
"DOCK",2026-01-31 03:15:00,NA,NA,NA
"DOCK",2026-01-31 03:30:00,NA,NA,NA
"DOCK",2026-01-31 03:45:00,NA,NA,NA
"DOCK",2026-01-31 04:00:00,NA,NA,NA
"DOCK",2026-01-31 04:15:00,NA,NA,NA
"DOCK",2026-01-31 04:30:00,NA,NA,NA
"DOCK",2026-01-31 04:45:00,NA,NA,NA
"DOCK",2026-01-31 05:00:00,NA,NA,NA
"DOCK",2026-01-31 05:15:00,NA,NA,NA
"DOCK",2026-01-31 05:30:00,NA,NA,NA
"DOCK",2026-01-31 05:45:00,NA,NA,NA
"DOCK",2026-01-31 06:00:00,NA,NA,NA
"DOCK",2026-01-31 06:15:00,NA,NA,NA
"DOCK",2026-01-31 06:30:00,NA,NA,NA
"DOCK",2026-01-31 06:45:00,NA,NA,NA
"DOCK",2026-01-31 07:00:00,NA,NA,NA
"DOCK",2026-01-31 07:15:00,NA,NA,NA
"DOCK",2026-01-31 07:30:00,NA,NA,NA
"DOCK",2026-01-31 07:45:00,NA,NA,NA
"DOCK",2026-01-31 08:00:00,NA,NA,NA
"DOCK",2026-01-31 08:15:00,NA,NA,NA
"DOCK",2026-01-31 08:30:00,NA,NA,NA
"DOCK",2026-01-31 08:45:00,NA,NA,NA
"DOCK",2026-01-31 09:00:00,NA,NA,NA
"DOCK",2026-01-31 09:15:00,NA,NA,NA
"DOCK",2026-01-31 09:30:00,NA,NA,NA
"DOCK",2026-01-31 09:45:00,NA,NA,NA
"DOCK",2026-01-31 10:00:00,NA,NA,NA
"DOCK",2026-01-31 10:15:00,NA,NA,NA
"DOCK",2026-01-31 10:30:00,NA,NA,NA
"DOCK",2026-01-31 10:45:00,NA,NA,NA
"DOCK",2026-01-31 11:00:00,NA,NA,NA
"DOCK",2026-01-31 11:15:00,NA,NA,NA
"DOCK",2026-01-31 11:30:00,NA,NA,NA
"DOCK",2026-01-31 11:45:00,NA,NA,NA
"DOCK",2026-01-31 12:00:00,NA,NA,NA
"DOCK",2026-01-31 12:15:00,NA,NA,NA
"DOCK",2026-01-31 12:30:00,NA,NA,NA
"DOCK",2026-01-31 12:45:00,NA,NA,NA
"DOCK",2026-01-31 13:00:00,NA,NA,NA
"DOCK",2026-01-31 13:15:00,NA,NA,NA
"DOCK",2026-01-31 13:30:00,NA,NA,NA
"DOCK",2026-01-31 13:45:00,NA,NA,NA
"DOCK",2026-01-31 14:00:00,NA,NA,NA
"DOCK",2026-01-31 14:15:00,NA,NA,NA
"DOCK",2026-01-31 14:30:00,NA,NA,NA
"DOCK",2026-01-31 14:45:00,NA,NA,NA
"DOCK",2026-01-31 15:00:00,NA,NA,NA
"DOCK",2026-01-31 15:15:00,NA,NA,NA
"DOCK",2026-01-31 15:30:00,NA,NA,NA
"DOCK",2026-01-31 15:45:00,NA,NA,NA
"DOCK",2026-01-31 16:00:00,NA,NA,NA
"DOCK",2026-01-31 16:15:00,NA,NA,NA
"DOCK",2026-01-31 16:30:00,NA,NA,NA
"DOCK",2026-01-31 16:45:00,NA,NA,NA
"DOCK",2026-01-31 17:00:00,NA,NA,NA
"DOCK",2026-01-31 17:15:00,NA,NA,NA
"DOCK",2026-01-31 17:30:00,NA,NA,NA
"DOCK",2026-01-31 17:45:00,NA,NA,NA
"DOCK",2026-01-31 18:00:00,NA,NA,NA
"DOCK",2026-01-31 18:15:00,NA,NA,NA
"DOCK",2026-01-31 18:30:00,NA,NA,NA
"DOCK",2026-01-31 18:45:00,NA,NA,NA
"DOCK",2026-01-31 19:00:00,NA,NA,NA
"DOCK",2026-01-31 19:15:00,NA,NA,NA
"DOCK",2026-01-31 19:30:00,NA,NA,NA
"DOCK",2026-01-31 19:45:00,NA,NA,NA
"DOCK",2026-01-31 20:00:00,NA,NA,NA
"DOCK",2026-01-31 20:15:00,NA,NA,NA
"DOCK",2026-01-31 20:30:00,NA,NA,NA
"DOCK",2026-01-31 20:45:00,NA,NA,NA
"DOCK",2026-01-31 21:00:00,NA,NA,NA
"DOCK",2026-01-31 21:15:00,NA,NA,NA
"DOCK",2026-01-31 21:30:00,NA,NA,NA
"DOCK",2026-01-31 21:45:00,NA,NA,NA
"DOCK",2026-01-31 22:00:00,NA,NA,NA
"DOCK",2026-01-31 22:15:00,NA,NA,NA
"DOCK",2026-01-31 22:30:00,NA,NA,NA
"DOCK",2026-01-31 22:45:00,NA,NA,NA
"DOCK",2026-01-31 23:00:00,NA,NA,NA
"DOCK",2026-01-31 23:15:00,NA,NA,NA
"DOCK",2026-01-31 23:30:00,NA,NA,NA
"DOCK",2026-01-31 23:45:00,NA,NA,NA
"DOCK",2026-02-01,NA,NA,NA
"DOCK",2026-02-01 00:15:00,NA,NA,NA
"DOCK",2026-02-01 00:30:00,NA,NA,NA
"DOCK",2026-02-01 00:45:00,NA,NA,NA
"DOCK",2026-02-01 01:00:00,NA,NA,NA
"DOCK",2026-02-01 01:15:00,NA,NA,NA
"DOCK",2026-02-01 01:30:00,NA,NA,NA
"DOCK",2026-02-01 01:45:00,NA,NA,NA
"DOCK",2026-02-01 02:00:00,NA,NA,NA
"DOCK",2026-02-01 02:15:00,NA,NA,NA
"DOCK",2026-02-01 02:30:00,NA,NA,NA
"DOCK",2026-02-01 02:45:00,NA,NA,NA
"DOCK",2026-02-01 03:00:00,NA,NA,NA
"DOCK",2026-02-01 03:15:00,NA,NA,NA
"DOCK",2026-02-01 03:30:00,NA,NA,NA
"DOCK",2026-02-01 03:45:00,NA,NA,NA
"DOCK",2026-02-01 04:00:00,NA,NA,NA
"DOCK",2026-02-01 04:15:00,NA,NA,NA
"DOCK",2026-02-01 04:30:00,NA,NA,NA
"DOCK",2026-02-01 04:45:00,NA,NA,NA
"DOCK",2026-02-01 05:00:00,NA,NA,NA
"DOCK",2026-02-01 05:15:00,NA,NA,NA
"DOCK",2026-02-01 05:30:00,NA,NA,NA
"DOCK",2026-02-01 05:45:00,NA,NA,NA
"DOCK",2026-02-01 06:00:00,NA,NA,NA
"DOCK",2026-02-01 06:15:00,NA,NA,NA
"DOCK",2026-02-01 06:30:00,NA,NA,NA
"DOCK",2026-02-01 06:45:00,NA,NA,NA
"DOCK",2026-02-01 07:00:00,NA,NA,NA
"DOCK",2026-02-01 07:15:00,NA,NA,NA
"DOCK",2026-02-01 07:30:00,NA,NA,NA
"DOCK",2026-02-01 07:45:00,NA,NA,NA
"DOCK",2026-02-01 08:00:00,NA,NA,NA
"DOCK",2026-02-01 08:15:00,NA,NA,NA
"DOCK",2026-02-01 08:30:00,NA,NA,NA
"DOCK",2026-02-01 08:45:00,NA,NA,NA
"DOCK",2026-02-01 09:00:00,NA,NA,NA
"DOCK",2026-02-01 09:15:00,NA,NA,NA
"DOCK",2026-02-01 09:30:00,NA,NA,NA
"DOCK",2026-02-01 09:45:00,NA,NA,NA
"DOCK",2026-02-01 10:00:00,NA,NA,NA
"DOCK",2026-02-01 10:15:00,NA,NA,NA
"DOCK",2026-02-01 10:30:00,NA,NA,NA
"DOCK",2026-02-01 10:45:00,NA,NA,NA
"DOCK",2026-02-01 11:00:00,NA,NA,NA
"DOCK",2026-02-01 11:15:00,NA,NA,NA
"DOCK",2026-02-01 11:30:00,NA,NA,NA
"DOCK",2026-02-01 11:45:00,NA,NA,NA
"DOCK",2026-02-01 12:00:00,NA,NA,NA
"DOCK",2026-02-01 12:15:00,NA,NA,NA
"DOCK",2026-02-01 12:30:00,NA,NA,NA
"DOCK",2026-02-01 12:45:00,NA,NA,NA
"DOCK",2026-02-01 13:00:00,NA,NA,NA
"DOCK",2026-02-01 13:15:00,NA,NA,NA
"DOCK",2026-02-01 13:30:00,NA,NA,NA
"DOCK",2026-02-01 13:45:00,NA,NA,NA
"DOCK",2026-02-01 14:00:00,NA,NA,NA
"DOCK",2026-02-01 14:15:00,NA,NA,NA
"DOCK",2026-02-01 14:30:00,NA,NA,NA
"DOCK",2026-02-01 14:45:00,NA,NA,NA
"DOCK",2026-02-01 15:00:00,NA,NA,NA
"DOCK",2026-02-01 15:15:00,NA,NA,NA
"DOCK",2026-02-01 15:30:00,NA,NA,NA
"DOCK",2026-02-01 15:45:00,NA,NA,NA
"DOCK",2026-02-01 16:00:00,NA,NA,NA
"DOCK",2026-02-01 16:15:00,NA,NA,NA
"DOCK",2026-02-01 16:30:00,NA,NA,NA
"DOCK",2026-02-01 16:45:00,NA,NA,NA
"DOCK",2026-02-01 17:00:00,NA,NA,NA
"DOCK",2026-02-01 17:15:00,NA,NA,NA
"DOCK",2026-02-01 17:30:00,NA,NA,NA
"DOCK",2026-02-01 17:45:00,NA,NA,NA
"DOCK",2026-02-01 18:00:00,NA,NA,NA
"DOCK",2026-02-01 18:15:00,NA,NA,NA
"DOCK",2026-02-01 18:30:00,NA,NA,NA
"DOCK",2026-02-01 18:45:00,NA,NA,NA
"DOCK",2026-02-01 19:00:00,NA,NA,NA
"DOCK",2026-02-01 19:15:00,NA,NA,NA
"DOCK",2026-02-01 19:30:00,NA,NA,NA
"DOCK",2026-02-01 19:45:00,NA,NA,NA
"DOCK",2026-02-01 20:00:00,NA,NA,NA
"DOCK",2026-02-01 20:15:00,NA,NA,NA
"DOCK",2026-02-01 20:30:00,NA,NA,NA
"DOCK",2026-02-01 20:45:00,NA,NA,NA
"DOCK",2026-02-01 21:00:00,NA,NA,NA
"DOCK",2026-02-01 21:15:00,NA,NA,NA
"DOCK",2026-02-01 21:30:00,NA,NA,NA
"DOCK",2026-02-01 21:45:00,NA,NA,NA
"DOCK",2026-02-01 22:00:00,NA,NA,NA
"DOCK",2026-02-01 22:15:00,NA,NA,NA
"DOCK",2026-02-01 22:30:00,NA,NA,NA
"DOCK",2026-02-01 22:45:00,NA,NA,NA
"DOCK",2026-02-01 23:00:00,NA,NA,NA
"DOCK",2026-02-01 23:15:00,NA,NA,NA
"DOCK",2026-02-01 23:30:00,NA,NA,NA
"DOCK",2026-02-01 23:45:00,NA,NA,NA
"DOCK",2026-02-02,NA,NA,NA
"DOCK",2026-02-02 00:15:00,NA,NA,NA
"DOCK",2026-02-02 00:30:00,NA,NA,NA
"DOCK",2026-02-02 00:45:00,NA,NA,NA
"DOCK",2026-02-02 01:00:00,NA,NA,NA
"DOCK",2026-02-02 01:15:00,NA,NA,NA
"DOCK",2026-02-02 01:30:00,NA,NA,NA
"DOCK",2026-02-02 01:45:00,NA,NA,NA
"DOCK",2026-02-02 02:00:00,NA,NA,NA
"DOCK",2026-02-02 02:15:00,NA,NA,NA
"DOCK",2026-02-02 02:30:00,NA,NA,NA
"DOCK",2026-02-02 02:45:00,NA,NA,NA
"DOCK",2026-02-02 03:00:00,NA,NA,NA
"DOCK",2026-02-02 03:15:00,NA,NA,NA
"DOCK",2026-02-02 03:30:00,NA,NA,NA
"DOCK",2026-02-02 03:45:00,NA,NA,NA
"DOCK",2026-02-02 04:00:00,NA,NA,NA
"DOCK",2026-02-02 04:15:00,NA,NA,NA
"DOCK",2026-02-02 04:30:00,NA,NA,NA
"DOCK",2026-02-02 04:45:00,NA,NA,NA
"DOCK",2026-02-02 05:00:00,NA,NA,NA
"DOCK",2026-02-02 05:15:00,NA,NA,NA
"DOCK",2026-02-02 05:30:00,NA,NA,NA
"DOCK",2026-02-02 05:45:00,NA,NA,NA
"DOCK",2026-02-02 06:00:00,NA,NA,NA
"DOCK",2026-02-02 06:15:00,NA,NA,NA
"DOCK",2026-02-02 06:30:00,NA,NA,NA
"DOCK",2026-02-02 06:45:00,NA,NA,NA
"DOCK",2026-02-02 07:00:00,NA,NA,NA
"DOCK",2026-02-02 07:15:00,NA,NA,NA
"DOCK",2026-02-02 07:30:00,NA,NA,NA
"DOCK",2026-02-02 07:45:00,NA,NA,NA
"DOCK",2026-02-02 08:00:00,NA,NA,NA
"DOCK",2026-02-02 08:15:00,NA,NA,NA
"DOCK",2026-02-02 08:30:00,NA,NA,NA
"DOCK",2026-02-02 08:45:00,NA,NA,NA
"DOCK",2026-02-02 09:00:00,NA,NA,NA
"DOCK",2026-02-02 09:15:00,NA,NA,NA
"DOCK",2026-02-02 09:30:00,NA,NA,NA
"DOCK",2026-02-02 09:45:00,NA,NA,NA
"DOCK",2026-02-02 10:00:00,NA,NA,NA
"DOCK",2026-02-02 10:15:00,NA,NA,NA
"DOCK",2026-02-02 10:30:00,NA,NA,NA
"DOCK",2026-02-02 10:45:00,NA,NA,NA
"DOCK",2026-02-02 11:00:00,NA,NA,NA
"DOCK",2026-02-02 11:15:00,NA,NA,NA
"DOCK",2026-02-02 11:30:00,NA,NA,NA
"DOCK",2026-02-02 11:45:00,NA,NA,NA
"DOCK",2026-02-02 12:00:00,NA,NA,NA
"DOCK",2026-02-02 12:15:00,NA,NA,NA
"DOCK",2026-02-02 12:30:00,NA,NA,NA
"DOCK",2026-02-02 12:45:00,NA,NA,NA
"DOCK",2026-02-02 13:00:00,NA,NA,NA
"DOCK",2026-02-02 13:15:00,NA,NA,NA
"DOCK",2026-02-02 13:30:00,NA,NA,NA
"DOCK",2026-02-02 13:45:00,NA,NA,NA
"DOCK",2026-02-02 14:00:00,NA,NA,NA
"DOCK",2026-02-02 14:15:00,NA,NA,NA
"DOCK",2026-02-02 14:30:00,NA,NA,NA
"DOCK",2026-02-02 14:45:00,NA,NA,NA
"DOCK",2026-02-02 15:00:00,NA,NA,NA
"DOCK",2026-02-02 15:15:00,NA,NA,NA
"DOCK",2026-02-02 15:30:00,NA,NA,NA
"DOCK",2026-02-02 15:45:00,NA,NA,NA
"DOCK",2026-02-02 16:00:00,NA,NA,NA
"DOCK",2026-02-02 16:15:00,NA,NA,NA
"DOCK",2026-02-02 16:30:00,NA,NA,NA
"DOCK",2026-02-02 16:45:00,NA,NA,NA
"DOCK",2026-02-02 17:00:00,NA,NA,NA
"DOCK",2026-02-02 17:15:00,NA,NA,NA
"DOCK",2026-02-02 17:30:00,NA,NA,NA
"DOCK",2026-02-02 17:45:00,NA,NA,NA
"DOCK",2026-02-02 18:00:00,NA,NA,NA
"DOCK",2026-02-02 18:15:00,NA,NA,NA
"DOCK",2026-02-02 18:30:00,NA,NA,NA
"DOCK",2026-02-02 18:45:00,NA,NA,NA
"DOCK",2026-02-02 19:00:00,NA,NA,NA
"DOCK",2026-02-02 19:15:00,NA,NA,NA
"DOCK",2026-02-02 19:30:00,NA,NA,NA
"DOCK",2026-02-02 19:45:00,NA,NA,NA
"DOCK",2026-02-02 20:00:00,NA,NA,NA
"DOCK",2026-02-02 20:15:00,NA,NA,NA
"DOCK",2026-02-02 20:30:00,NA,NA,NA
"DOCK",2026-02-02 20:45:00,NA,NA,NA
"DOCK",2026-02-02 21:00:00,NA,NA,NA
"DOCK",2026-02-02 21:15:00,NA,NA,NA
"DOCK",2026-02-02 21:30:00,NA,NA,NA
"DOCK",2026-02-02 21:45:00,NA,NA,NA
"DOCK",2026-02-02 22:00:00,NA,NA,NA
"DOCK",2026-02-02 22:15:00,NA,NA,NA
"DOCK",2026-02-02 22:30:00,NA,NA,NA
"DOCK",2026-02-02 22:45:00,NA,NA,NA
"DOCK",2026-02-02 23:00:00,NA,NA,NA
"DOCK",2026-02-02 23:15:00,NA,NA,NA
"DOCK",2026-02-02 23:30:00,NA,NA,NA
"DOCK",2026-02-02 23:45:00,NA,NA,NA
"DOCK",2026-02-03,NA,NA,NA
"DOCK",2026-02-03 00:15:00,NA,NA,NA
"DOCK",2026-02-03 00:30:00,NA,NA,NA
"DOCK",2026-02-03 00:45:00,NA,NA,NA
"DOCK",2026-02-03 01:00:00,NA,NA,NA
"DOCK",2026-02-03 01:15:00,NA,NA,NA
"DOCK",2026-02-03 01:30:00,NA,NA,NA
"DOCK",2026-02-03 01:45:00,NA,NA,NA
"DOCK",2026-02-03 02:00:00,NA,NA,NA
"DOCK",2026-02-03 02:15:00,NA,NA,NA
"DOCK",2026-02-03 02:30:00,NA,NA,NA
"DOCK",2026-02-03 02:45:00,NA,NA,NA
"DOCK",2026-02-03 03:00:00,NA,NA,NA
"DOCK",2026-02-03 03:15:00,NA,NA,NA
"DOCK",2026-02-03 03:30:00,NA,NA,NA
"DOCK",2026-02-03 03:45:00,NA,NA,NA
"DOCK",2026-02-03 04:00:00,NA,NA,NA
"DOCK",2026-02-03 04:15:00,NA,NA,NA
"DOCK",2026-02-03 04:30:00,NA,NA,NA
"DOCK",2026-02-03 04:45:00,NA,NA,NA
"DOCK",2026-02-03 05:00:00,NA,NA,NA
"DOCK",2026-02-03 05:15:00,NA,NA,NA
"DOCK",2026-02-03 05:30:00,NA,NA,NA
"DOCK",2026-02-03 05:45:00,NA,NA,NA
"DOCK",2026-02-03 06:00:00,NA,NA,NA
"DOCK",2026-02-03 06:15:00,NA,NA,NA
"DOCK",2026-02-03 06:30:00,NA,NA,NA
"DOCK",2026-02-03 06:45:00,NA,NA,NA
"DOCK",2026-02-03 07:00:00,NA,NA,NA
"DOCK",2026-02-03 07:15:00,NA,NA,NA
"DOCK",2026-02-03 07:30:00,NA,NA,NA
"DOCK",2026-02-03 07:45:00,NA,NA,NA
"DOCK",2026-02-03 08:00:00,NA,NA,NA
"DOCK",2026-02-03 08:15:00,NA,NA,NA
"DOCK",2026-02-03 08:30:00,NA,NA,NA
"DOCK",2026-02-03 08:45:00,NA,NA,NA
"DOCK",2026-02-03 09:00:00,NA,NA,NA
"DOCK",2026-02-03 09:15:00,NA,NA,NA
"DOCK",2026-02-03 09:30:00,NA,NA,NA
"DOCK",2026-02-03 09:45:00,NA,NA,NA
"DOCK",2026-02-03 10:00:00,NA,NA,NA
"DOCK",2026-02-03 10:15:00,NA,NA,NA
"DOCK",2026-02-03 10:30:00,NA,NA,NA
"DOCK",2026-02-03 10:45:00,NA,NA,NA
"DOCK",2026-02-03 11:00:00,NA,NA,NA
"DOCK",2026-02-03 11:15:00,NA,NA,NA
"DOCK",2026-02-03 11:30:00,NA,NA,NA
"DOCK",2026-02-03 11:45:00,NA,NA,NA
"DOCK",2026-02-03 12:00:00,NA,NA,NA
"DOCK",2026-02-03 12:15:00,NA,NA,NA
"DOCK",2026-02-03 12:30:00,NA,NA,NA
"DOCK",2026-02-03 12:45:00,NA,NA,NA
"DOCK",2026-02-03 13:00:00,NA,NA,NA
"DOCK",2026-02-03 13:15:00,NA,NA,NA
"DOCK",2026-02-03 13:30:00,NA,NA,NA
"DOCK",2026-02-03 13:45:00,NA,NA,NA
"DOCK",2026-02-03 14:00:00,NA,NA,NA
"DOCK",2026-02-03 14:15:00,NA,NA,NA
"DOCK",2026-02-03 14:30:00,NA,NA,NA
"DOCK",2026-02-03 14:45:00,NA,NA,NA
"DOCK",2026-02-03 15:00:00,NA,NA,NA
"DOCK",2026-02-03 15:15:00,NA,NA,NA
"DOCK",2026-02-03 15:30:00,NA,NA,NA
"DOCK",2026-02-03 15:45:00,NA,NA,NA
"DOCK",2026-02-03 16:00:00,NA,NA,NA
"DOCK",2026-02-03 16:15:00,NA,NA,NA
"DOCK",2026-02-03 16:30:00,NA,NA,NA
"DOCK",2026-02-03 16:45:00,NA,NA,NA
"DOCK",2026-02-03 17:00:00,NA,NA,NA
"DOCK",2026-02-03 17:15:00,NA,NA,NA
"DOCK",2026-02-03 17:30:00,NA,NA,NA
"DOCK",2026-02-03 17:45:00,NA,NA,NA
"DOCK",2026-02-03 18:00:00,NA,NA,NA
"DOCK",2026-02-03 18:15:00,NA,NA,NA
"DOCK",2026-02-03 18:30:00,NA,NA,NA
"DOCK",2026-02-03 18:45:00,NA,NA,NA
"DOCK",2026-02-03 19:00:00,NA,NA,NA
"DOCK",2026-02-03 19:15:00,NA,NA,NA
"DOCK",2026-02-03 19:30:00,NA,NA,NA
"DOCK",2026-02-03 19:45:00,NA,NA,NA
"DOCK",2026-02-03 20:00:00,NA,NA,NA
"DOCK",2026-02-03 20:15:00,NA,NA,NA
"DOCK",2026-02-03 20:30:00,NA,NA,NA
"DOCK",2026-02-03 20:45:00,NA,NA,NA
"DOCK",2026-02-03 21:00:00,NA,NA,NA
"DOCK",2026-02-03 21:15:00,NA,NA,NA
"DOCK",2026-02-03 21:30:00,NA,NA,NA
"DOCK",2026-02-03 21:45:00,NA,NA,NA
"DOCK",2026-02-03 22:00:00,NA,NA,NA
"DOCK",2026-02-03 22:15:00,NA,NA,NA
"DOCK",2026-02-03 22:30:00,NA,NA,NA
"DOCK",2026-02-03 22:45:00,NA,NA,NA
"DOCK",2026-02-03 23:00:00,NA,NA,NA
"DOCK",2026-02-03 23:15:00,NA,NA,NA
"DOCK",2026-02-03 23:30:00,NA,NA,NA
"DOCK",2026-02-03 23:45:00,NA,NA,NA
"DOCK",2026-02-04,NA,NA,NA
"DOCK",2026-02-04 00:15:00,NA,NA,NA
"DOCK",2026-02-04 00:30:00,NA,NA,NA
"DOCK",2026-02-04 00:45:00,NA,NA,NA
"DOCK",2026-02-04 01:00:00,NA,NA,NA
"DOCK",2026-02-04 01:15:00,NA,NA,NA
"DOCK",2026-02-04 01:30:00,NA,NA,NA
"DOCK",2026-02-04 01:45:00,NA,NA,NA
"DOCK",2026-02-04 02:00:00,NA,NA,NA
"DOCK",2026-02-04 02:15:00,NA,NA,NA
"DOCK",2026-02-04 02:30:00,NA,NA,NA
"DOCK",2026-02-04 02:45:00,NA,NA,NA
"DOCK",2026-02-04 03:00:00,NA,NA,NA
"DOCK",2026-02-04 03:15:00,NA,NA,NA
"DOCK",2026-02-04 03:30:00,NA,NA,NA
"DOCK",2026-02-04 03:45:00,NA,NA,NA
"DOCK",2026-02-04 04:00:00,NA,NA,NA
"DOCK",2026-02-04 04:15:00,NA,NA,NA
"DOCK",2026-02-04 04:30:00,NA,NA,NA
"DOCK",2026-02-04 04:45:00,NA,NA,NA
"DOCK",2026-02-04 05:00:00,NA,NA,NA
"DOCK",2026-02-04 05:15:00,NA,NA,NA
"DOCK",2026-02-04 05:30:00,NA,NA,NA
"DOCK",2026-02-04 05:45:00,NA,NA,NA
"DOCK",2026-02-04 06:00:00,NA,NA,NA
"DOCK",2026-02-04 06:15:00,NA,NA,NA
"DOCK",2026-02-04 06:30:00,NA,NA,NA
"DOCK",2026-02-04 06:45:00,NA,NA,NA
"DOCK",2026-02-04 07:00:00,NA,NA,NA
"DOCK",2026-02-04 07:15:00,NA,NA,NA
"DOCK",2026-02-04 07:30:00,NA,NA,NA
"DOCK",2026-02-04 07:45:00,NA,NA,NA
"DOCK",2026-02-04 08:00:00,NA,NA,NA
"DOCK",2026-02-04 08:15:00,NA,NA,NA
"DOCK",2026-02-04 08:30:00,NA,NA,NA
"DOCK",2026-02-04 08:45:00,NA,NA,NA
"DOCK",2026-02-04 09:00:00,NA,NA,NA
"DOCK",2026-02-04 09:15:00,NA,NA,NA
"DOCK",2026-02-04 09:30:00,NA,NA,NA
"DOCK",2026-02-04 09:45:00,NA,NA,NA
"DOCK",2026-02-04 10:00:00,NA,NA,NA
"DOCK",2026-02-04 10:15:00,NA,NA,NA
"DOCK",2026-02-04 10:30:00,NA,NA,NA
"DOCK",2026-02-04 10:45:00,NA,NA,NA
"DOCK",2026-02-04 11:00:00,NA,NA,NA
"DOCK",2026-02-04 11:15:00,NA,NA,NA
"DOCK",2026-02-04 11:30:00,NA,NA,NA
"DOCK",2026-02-04 11:45:00,NA,NA,NA
"DOCK",2026-02-04 12:00:00,NA,NA,NA
"DOCK",2026-02-04 12:15:00,NA,NA,NA
"DOCK",2026-02-04 12:30:00,NA,NA,NA
"DOCK",2026-02-04 12:45:00,NA,NA,NA
"DOCK",2026-02-04 13:00:00,NA,NA,NA
"DOCK",2026-02-04 13:15:00,NA,NA,NA
"DOCK",2026-02-04 13:30:00,NA,NA,NA
"DOCK",2026-02-04 13:45:00,NA,NA,NA
"DOCK",2026-02-04 14:00:00,NA,NA,NA
"DOCK",2026-02-04 14:15:00,NA,NA,NA
"DOCK",2026-02-04 14:30:00,NA,NA,NA
"DOCK",2026-02-04 14:45:00,NA,NA,NA
"DOCK",2026-02-04 15:00:00,NA,NA,NA
"DOCK",2026-02-04 15:15:00,NA,NA,NA
"DOCK",2026-02-04 15:30:00,NA,NA,NA
"DOCK",2026-02-04 15:45:00,NA,NA,NA
"DOCK",2026-02-04 16:00:00,NA,NA,NA
"DOCK",2026-02-04 16:15:00,NA,NA,NA
"DOCK",2026-02-04 16:30:00,NA,NA,NA
"DOCK",2026-02-04 16:45:00,NA,NA,NA
"DOCK",2026-02-04 17:00:00,NA,NA,NA
"DOCK",2026-02-04 17:15:00,NA,NA,NA
"DOCK",2026-02-04 17:30:00,NA,NA,NA
"DOCK",2026-02-04 17:45:00,NA,NA,NA
"DOCK",2026-02-04 18:00:00,NA,NA,NA
"DOCK",2026-02-04 18:15:00,NA,NA,NA
"DOCK",2026-02-04 18:30:00,NA,NA,NA
"DOCK",2026-02-04 18:45:00,NA,NA,NA
"DOCK",2026-02-04 19:00:00,NA,NA,NA
"DOCK",2026-02-04 19:15:00,NA,NA,NA
"DOCK",2026-02-04 19:30:00,NA,NA,NA
"DOCK",2026-02-04 19:45:00,NA,NA,NA
"DOCK",2026-02-04 20:00:00,NA,NA,NA
"DOCK",2026-02-04 20:15:00,NA,NA,NA
"DOCK",2026-02-04 20:30:00,NA,NA,NA
"DOCK",2026-02-04 20:45:00,NA,NA,NA
"DOCK",2026-02-04 21:00:00,NA,NA,NA
"DOCK",2026-02-04 21:15:00,NA,NA,NA
"DOCK",2026-02-04 21:30:00,NA,NA,NA
"DOCK",2026-02-04 21:45:00,NA,NA,NA
"DOCK",2026-02-04 22:00:00,NA,NA,NA
"DOCK",2026-02-04 22:15:00,NA,NA,NA
"DOCK",2026-02-04 22:30:00,NA,NA,NA
"DOCK",2026-02-04 22:45:00,NA,NA,NA
"DOCK",2026-02-04 23:00:00,NA,NA,NA
"DOCK",2026-02-04 23:15:00,NA,NA,NA
"DOCK",2026-02-04 23:30:00,NA,NA,NA
"DOCK",2026-02-04 23:45:00,NA,NA,NA
"DOCK",2026-02-05,NA,NA,NA
"DOCK",2026-02-05 00:15:00,NA,NA,NA
"DOCK",2026-02-05 00:30:00,NA,NA,NA
"DOCK",2026-02-05 00:45:00,NA,NA,NA
"DOCK",2026-02-05 01:00:00,NA,NA,NA
"DOCK",2026-02-05 01:15:00,NA,NA,NA
"DOCK",2026-02-05 01:30:00,NA,NA,NA
"DOCK",2026-02-05 01:45:00,NA,NA,NA
"DOCK",2026-02-05 02:00:00,NA,NA,NA
"DOCK",2026-02-05 02:15:00,NA,NA,NA
"DOCK",2026-02-05 02:30:00,NA,NA,NA
"DOCK",2026-02-05 02:45:00,NA,NA,NA
"DOCK",2026-02-05 03:00:00,NA,NA,NA
"DOCK",2026-02-05 03:15:00,NA,NA,NA
"DOCK",2026-02-05 03:30:00,NA,NA,NA
"DOCK",2026-02-05 03:45:00,NA,NA,NA
"DOCK",2026-02-05 04:00:00,NA,NA,NA
"DOCK",2026-02-05 04:15:00,NA,NA,NA
"DOCK",2026-02-05 04:30:00,NA,NA,NA
"DOCK",2026-02-05 04:45:00,NA,NA,NA
"DOCK",2026-02-05 05:00:00,NA,NA,NA
"DOCK",2026-02-05 05:15:00,NA,NA,NA
"DOCK",2026-02-05 05:30:00,NA,NA,NA
"DOCK",2026-02-05 05:45:00,NA,NA,NA
"DOCK",2026-02-05 06:00:00,NA,NA,NA
"DOCK",2026-02-05 06:15:00,NA,NA,NA
"DOCK",2026-02-05 06:30:00,NA,NA,NA
"DOCK",2026-02-05 06:45:00,NA,NA,NA
"DOCK",2026-02-05 07:00:00,NA,NA,NA
"DOCK",2026-02-05 07:15:00,NA,NA,NA
"DOCK",2026-02-05 07:30:00,NA,NA,NA
"DOCK",2026-02-05 07:45:00,NA,NA,NA
"DOCK",2026-02-05 08:00:00,NA,NA,NA
"DOCK",2026-02-05 08:15:00,NA,NA,NA
"DOCK",2026-02-05 08:30:00,NA,NA,NA
"DOCK",2026-02-05 08:45:00,NA,NA,NA
"DOCK",2026-02-05 09:00:00,NA,NA,NA
"DOCK",2026-02-05 09:15:00,NA,NA,NA
"DOCK",2026-02-05 09:30:00,NA,NA,NA
"DOCK",2026-02-05 09:45:00,NA,NA,NA
"DOCK",2026-02-05 10:00:00,NA,NA,NA
"DOCK",2026-02-05 10:15:00,NA,NA,NA
"DOCK",2026-02-05 10:30:00,NA,NA,NA
"DOCK",2026-02-05 10:45:00,NA,NA,NA
"DOCK",2026-02-05 11:00:00,NA,NA,NA
"DOCK",2026-02-05 11:15:00,NA,NA,NA
"DOCK",2026-02-05 11:30:00,NA,NA,NA
"DOCK",2026-02-05 11:45:00,NA,NA,NA
"DOCK",2026-02-05 12:00:00,NA,NA,NA
"DOCK",2026-02-05 12:15:00,NA,NA,NA
"DOCK",2026-02-05 12:30:00,NA,NA,NA
"DOCK",2026-02-05 12:45:00,NA,NA,NA
"DOCK",2026-02-05 13:00:00,NA,NA,NA
"DOCK",2026-02-05 13:15:00,NA,NA,NA
"DOCK",2026-02-05 13:30:00,NA,NA,NA
"DOCK",2026-02-05 13:45:00,NA,NA,NA
"DOCK",2026-02-05 14:00:00,NA,NA,NA
"DOCK",2026-02-05 14:15:00,NA,NA,NA
"DOCK",2026-02-05 14:30:00,NA,NA,NA
"DOCK",2026-02-05 14:45:00,NA,NA,NA
"DOCK",2026-02-05 15:00:00,NA,NA,NA
"DOCK",2026-02-05 15:15:00,NA,NA,NA
"DOCK",2026-02-05 15:30:00,NA,NA,NA
"DOCK",2026-02-05 15:45:00,NA,NA,NA
"DOCK",2026-02-05 16:00:00,NA,NA,NA
"DOCK",2026-02-05 16:15:00,NA,NA,NA
"DOCK",2026-02-05 16:30:00,NA,NA,NA
"DOCK",2026-02-05 16:45:00,NA,NA,NA
"DOCK",2026-02-05 17:00:00,NA,NA,NA
"DOCK",2026-02-05 17:15:00,NA,NA,NA
"DOCK",2026-02-05 17:30:00,NA,NA,NA
"DOCK",2026-02-05 17:45:00,NA,NA,NA
"DOCK",2026-02-05 18:00:00,NA,NA,NA
"DOCK",2026-02-05 18:15:00,NA,NA,NA
"DOCK",2026-02-05 18:30:00,NA,NA,NA
"DOCK",2026-02-05 18:45:00,NA,NA,NA
"DOCK",2026-02-05 19:00:00,NA,NA,NA
"DOCK",2026-02-05 19:15:00,NA,NA,NA
"DOCK",2026-02-05 19:30:00,NA,NA,NA
"DOCK",2026-02-05 19:45:00,NA,NA,NA
"DOCK",2026-02-05 20:00:00,NA,NA,NA
"DOCK",2026-02-05 20:15:00,NA,NA,NA
"DOCK",2026-02-05 20:30:00,NA,NA,NA
"DOCK",2026-02-05 20:45:00,NA,NA,NA
"DOCK",2026-02-05 21:00:00,NA,NA,NA
"DOCK",2026-02-05 21:15:00,NA,NA,NA
"DOCK",2026-02-05 21:30:00,NA,NA,NA
"DOCK",2026-02-05 21:45:00,NA,NA,NA
"DOCK",2026-02-05 22:00:00,NA,NA,NA
"DOCK",2026-02-05 22:15:00,NA,NA,NA
"DOCK",2026-02-05 22:30:00,NA,NA,NA
"DOCK",2026-02-05 22:45:00,NA,NA,NA
"DOCK",2026-02-05 23:00:00,NA,NA,NA
"DOCK",2026-02-05 23:15:00,NA,NA,NA
"DOCK",2026-02-05 23:30:00,NA,NA,NA
"DOCK",2026-02-05 23:45:00,NA,NA,NA
"DOCK",2026-02-06,NA,NA,NA
"DOCK",2026-02-06 00:15:00,NA,NA,NA
"DOCK",2026-02-06 00:30:00,NA,NA,NA
"DOCK",2026-02-06 00:45:00,NA,NA,NA
"DOCK",2026-02-06 01:00:00,NA,NA,NA
"DOCK",2026-02-06 01:15:00,NA,NA,NA
"DOCK",2026-02-06 01:30:00,NA,NA,NA
"DOCK",2026-02-06 01:45:00,NA,NA,NA
"DOCK",2026-02-06 02:00:00,NA,NA,NA
"DOCK",2026-02-06 02:15:00,NA,NA,NA
"DOCK",2026-02-06 02:30:00,NA,NA,NA
"DOCK",2026-02-06 02:45:00,NA,NA,NA
"DOCK",2026-02-06 03:00:00,NA,NA,NA
"DOCK",2026-02-06 03:15:00,NA,NA,NA
"DOCK",2026-02-06 03:30:00,NA,NA,NA
"DOCK",2026-02-06 03:45:00,NA,NA,NA
"DOCK",2026-02-06 04:00:00,NA,NA,NA
"DOCK",2026-02-06 04:15:00,NA,NA,NA
"DOCK",2026-02-06 04:30:00,NA,NA,NA
"DOCK",2026-02-06 04:45:00,NA,NA,NA
"DOCK",2026-02-06 05:00:00,NA,NA,NA
"DOCK",2026-02-06 05:15:00,NA,NA,NA
"DOCK",2026-02-06 05:30:00,NA,NA,NA
"DOCK",2026-02-06 05:45:00,NA,NA,NA
"DOCK",2026-02-06 06:00:00,NA,NA,NA
"DOCK",2026-02-06 06:15:00,NA,NA,NA
"DOCK",2026-02-06 06:30:00,NA,NA,NA
"DOCK",2026-02-06 06:45:00,NA,NA,NA
"DOCK",2026-02-06 07:00:00,NA,NA,NA
"DOCK",2026-02-06 07:15:00,NA,NA,NA
"DOCK",2026-02-06 07:30:00,NA,NA,NA
"DOCK",2026-02-06 07:45:00,NA,NA,NA
"DOCK",2026-02-06 08:00:00,NA,NA,NA
"DOCK",2026-02-06 08:15:00,NA,NA,NA
"DOCK",2026-02-06 08:30:00,NA,NA,NA
"DOCK",2026-02-06 08:45:00,NA,NA,NA
"DOCK",2026-02-06 09:00:00,NA,NA,NA
"DOCK",2026-02-06 09:15:00,NA,NA,NA
"DOCK",2026-02-06 09:30:00,NA,NA,NA
"DOCK",2026-02-06 09:45:00,NA,NA,NA
"DOCK",2026-02-06 10:00:00,NA,NA,NA
"DOCK",2026-02-06 10:15:00,NA,NA,NA
"DOCK",2026-02-06 10:30:00,NA,NA,NA
"DOCK",2026-02-06 10:45:00,NA,NA,NA
"DOCK",2026-02-06 11:00:00,NA,NA,NA
"DOCK",2026-02-06 11:15:00,NA,NA,NA
"DOCK",2026-02-06 11:30:00,NA,NA,NA
"DOCK",2026-02-06 11:45:00,NA,NA,NA
"DOCK",2026-02-06 12:00:00,NA,NA,NA
"DOCK",2026-02-06 12:15:00,NA,NA,NA
"DOCK",2026-02-06 12:30:00,NA,NA,NA
"DOCK",2026-02-06 12:45:00,NA,NA,NA
"DOCK",2026-02-06 13:00:00,NA,NA,NA
"DOCK",2026-02-06 13:15:00,NA,NA,NA
"DOCK",2026-02-06 13:30:00,NA,NA,NA
"DOCK",2026-02-06 13:45:00,NA,NA,NA
"DOCK",2026-02-06 14:00:00,NA,NA,NA
"DOCK",2026-02-06 14:15:00,NA,NA,NA
"DOCK",2026-02-06 14:30:00,NA,NA,NA
"DOCK",2026-02-06 14:45:00,NA,NA,NA
"DOCK",2026-02-06 15:00:00,NA,NA,NA
"DOCK",2026-02-06 15:15:00,NA,NA,NA
"DOCK",2026-02-06 15:30:00,NA,NA,NA
"DOCK",2026-02-06 15:45:00,NA,NA,NA
"DOCK",2026-02-06 16:00:00,NA,NA,NA
"DOCK",2026-02-06 16:15:00,NA,NA,NA
"DOCK",2026-02-06 16:30:00,NA,NA,NA
"DOCK",2026-02-06 16:45:00,NA,NA,NA
"DOCK",2026-02-06 17:00:00,NA,NA,NA
"DOCK",2026-02-06 17:15:00,NA,NA,NA
"DOCK",2026-02-06 17:30:00,NA,NA,NA
"DOCK",2026-02-06 17:45:00,NA,NA,NA
"DOCK",2026-02-06 18:00:00,NA,NA,NA
"DOCK",2026-02-06 18:15:00,NA,NA,NA
"DOCK",2026-02-06 18:30:00,NA,NA,NA
"DOCK",2026-02-06 18:45:00,NA,NA,NA
"DOCK",2026-02-06 19:00:00,NA,NA,NA
"DOCK",2026-02-06 19:15:00,NA,NA,NA
"DOCK",2026-02-06 19:30:00,NA,NA,NA
"DOCK",2026-02-06 19:45:00,NA,NA,NA
"DOCK",2026-02-06 20:00:00,NA,NA,NA
"DOCK",2026-02-06 20:15:00,NA,NA,NA
"DOCK",2026-02-06 20:30:00,NA,NA,NA
"DOCK",2026-02-06 20:45:00,NA,NA,NA
"DOCK",2026-02-06 21:00:00,NA,NA,NA
"DOCK",2026-02-06 21:15:00,NA,NA,NA
"DOCK",2026-02-06 21:30:00,NA,NA,NA
"DOCK",2026-02-06 21:45:00,NA,NA,NA
"DOCK",2026-02-06 22:00:00,NA,NA,NA
"DOCK",2026-02-06 22:15:00,NA,NA,NA
"DOCK",2026-02-06 22:30:00,NA,NA,NA
"DOCK",2026-02-06 22:45:00,NA,NA,NA
"DOCK",2026-02-06 23:00:00,NA,NA,NA
"DOCK",2026-02-06 23:15:00,NA,NA,NA
"DOCK",2026-02-06 23:30:00,NA,NA,NA
"DOCK",2026-02-06 23:45:00,NA,NA,NA
"DOCK",2026-02-07,NA,NA,NA
"DOCK",2026-02-07 00:15:00,NA,NA,NA
"DOCK",2026-02-07 00:30:00,NA,NA,NA
"DOCK",2026-02-07 00:45:00,NA,NA,NA
"DOCK",2026-02-07 01:00:00,NA,NA,NA
"DOCK",2026-02-07 01:15:00,NA,NA,NA
"DOCK",2026-02-07 01:30:00,NA,NA,NA
"DOCK",2026-02-07 01:45:00,NA,NA,NA
"DOCK",2026-02-07 02:00:00,NA,NA,NA
"DOCK",2026-02-07 02:15:00,NA,NA,NA
"DOCK",2026-02-07 02:30:00,NA,NA,NA
"DOCK",2026-02-07 02:45:00,NA,NA,NA
"DOCK",2026-02-07 03:00:00,NA,NA,NA
"DOCK",2026-02-07 03:15:00,NA,NA,NA
"DOCK",2026-02-07 03:30:00,NA,NA,NA
"DOCK",2026-02-07 03:45:00,NA,NA,NA
"DOCK",2026-02-07 04:00:00,NA,NA,NA
"DOCK",2026-02-07 04:15:00,NA,NA,NA
"DOCK",2026-02-07 04:30:00,NA,NA,NA
"DOCK",2026-02-07 04:45:00,NA,NA,NA
"DOCK",2026-02-07 05:00:00,NA,NA,NA
"DOCK",2026-02-07 05:15:00,NA,NA,NA
"DOCK",2026-02-07 05:30:00,NA,NA,NA
"DOCK",2026-02-07 05:45:00,NA,NA,NA
"DOCK",2026-02-07 06:00:00,NA,NA,NA
"DOCK",2026-02-07 06:15:00,NA,NA,NA
"DOCK",2026-02-07 06:30:00,NA,NA,NA
"DOCK",2026-02-07 06:45:00,NA,NA,NA
"DOCK",2026-02-07 07:00:00,NA,NA,NA
"DOCK",2026-02-07 07:15:00,NA,NA,NA
"DOCK",2026-02-07 07:30:00,NA,NA,NA
"DOCK",2026-02-07 07:45:00,NA,NA,NA
"DOCK",2026-02-07 08:00:00,NA,NA,NA
"DOCK",2026-02-07 08:15:00,NA,NA,NA
"DOCK",2026-02-07 08:30:00,NA,NA,NA
"DOCK",2026-02-07 08:45:00,NA,NA,NA
"DOCK",2026-02-07 09:00:00,NA,NA,NA
"DOCK",2026-02-07 09:15:00,NA,NA,NA
"DOCK",2026-02-07 09:30:00,NA,NA,NA
"DOCK",2026-02-07 09:45:00,NA,NA,NA
"DOCK",2026-02-07 10:00:00,NA,NA,NA
"DOCK",2026-02-07 10:15:00,NA,NA,NA
"DOCK",2026-02-07 10:30:00,NA,NA,NA
"DOCK",2026-02-07 10:45:00,NA,NA,NA
"DOCK",2026-02-07 11:00:00,NA,NA,NA
"DOCK",2026-02-07 11:15:00,NA,NA,NA
"DOCK",2026-02-07 11:30:00,NA,NA,NA
"DOCK",2026-02-07 11:45:00,NA,NA,NA
"DOCK",2026-02-07 12:00:00,NA,NA,NA
"DOCK",2026-02-07 12:15:00,NA,NA,NA
"DOCK",2026-02-07 12:30:00,NA,NA,NA
"DOCK",2026-02-07 12:45:00,NA,NA,NA
"DOCK",2026-02-07 13:00:00,NA,NA,NA
"DOCK",2026-02-07 13:15:00,NA,NA,NA
"DOCK",2026-02-07 13:30:00,NA,NA,NA
"DOCK",2026-02-07 13:45:00,NA,NA,NA
"DOCK",2026-02-07 14:00:00,NA,NA,NA
"DOCK",2026-02-07 14:15:00,NA,NA,NA
"DOCK",2026-02-07 14:30:00,NA,NA,NA
"DOCK",2026-02-07 14:45:00,NA,NA,NA
"DOCK",2026-02-07 15:00:00,NA,NA,NA
"DOCK",2026-02-07 15:15:00,NA,NA,NA
"DOCK",2026-02-07 15:30:00,NA,NA,NA
"DOCK",2026-02-07 15:45:00,NA,NA,NA
"DOCK",2026-02-07 16:00:00,NA,NA,NA
"DOCK",2026-02-07 16:15:00,NA,NA,NA
"DOCK",2026-02-07 16:30:00,NA,NA,NA
"DOCK",2026-02-07 16:45:00,NA,NA,NA
"DOCK",2026-02-07 17:00:00,NA,NA,NA
"DOCK",2026-02-07 17:15:00,NA,NA,NA
"DOCK",2026-02-07 17:30:00,NA,NA,NA
"DOCK",2026-02-07 17:45:00,NA,NA,NA
"DOCK",2026-02-07 18:00:00,NA,NA,NA
"DOCK",2026-02-07 18:15:00,NA,NA,NA
"DOCK",2026-02-07 18:30:00,NA,NA,NA
"DOCK",2026-02-07 18:45:00,NA,NA,NA
"DOCK",2026-02-07 19:00:00,NA,NA,NA
"DOCK",2026-02-07 19:15:00,NA,NA,NA
"DOCK",2026-02-07 19:30:00,NA,NA,NA
"DOCK",2026-02-07 19:45:00,NA,NA,NA
"DOCK",2026-02-07 20:00:00,NA,NA,NA
"DOCK",2026-02-07 20:15:00,NA,NA,NA
"DOCK",2026-02-07 20:30:00,NA,NA,NA
"DOCK",2026-02-07 20:45:00,NA,NA,NA
"DOCK",2026-02-07 21:00:00,NA,NA,NA
"DOCK",2026-02-07 21:15:00,NA,NA,NA
"DOCK",2026-02-07 21:30:00,NA,NA,NA
"DOCK",2026-02-07 21:45:00,NA,NA,NA
"DOCK",2026-02-07 22:00:00,NA,NA,NA
"DOCK",2026-02-07 22:15:00,NA,NA,NA
"DOCK",2026-02-07 22:30:00,NA,NA,NA
"DOCK",2026-02-07 22:45:00,NA,NA,NA
"DOCK",2026-02-07 23:00:00,NA,NA,NA
"DOCK",2026-02-07 23:15:00,NA,NA,NA
"DOCK",2026-02-07 23:30:00,NA,NA,NA
"DOCK",2026-02-07 23:45:00,NA,NA,NA
"DOCK",2026-02-08,NA,NA,NA
"DOCK",2026-02-08 00:15:00,NA,NA,NA
"DOCK",2026-02-08 00:30:00,NA,NA,NA
"DOCK",2026-02-08 00:45:00,NA,NA,NA
"DOCK",2026-02-08 01:00:00,NA,NA,NA
"DOCK",2026-02-08 01:15:00,NA,NA,NA
"DOCK",2026-02-08 01:30:00,NA,NA,NA
"DOCK",2026-02-08 01:45:00,NA,NA,NA
"DOCK",2026-02-08 02:00:00,NA,NA,NA
"DOCK",2026-02-08 02:15:00,NA,NA,NA
"DOCK",2026-02-08 02:30:00,NA,NA,NA
"DOCK",2026-02-08 02:45:00,NA,NA,NA
"DOCK",2026-02-08 03:00:00,NA,NA,NA
"DOCK",2026-02-08 03:15:00,NA,NA,NA
"DOCK",2026-02-08 03:30:00,NA,NA,NA
"DOCK",2026-02-08 03:45:00,NA,NA,NA
"DOCK",2026-02-08 04:00:00,NA,NA,NA
"DOCK",2026-02-08 04:15:00,NA,NA,NA
"DOCK",2026-02-08 04:30:00,NA,NA,NA
"DOCK",2026-02-08 04:45:00,NA,NA,NA
"DOCK",2026-02-08 05:00:00,NA,NA,NA
"DOCK",2026-02-08 05:15:00,NA,NA,NA
"DOCK",2026-02-08 05:30:00,NA,NA,NA
"DOCK",2026-02-08 05:45:00,NA,NA,NA
"DOCK",2026-02-08 06:00:00,NA,NA,NA
"DOCK",2026-02-08 06:15:00,NA,NA,NA
"DOCK",2026-02-08 06:30:00,NA,NA,NA
"DOCK",2026-02-08 06:45:00,NA,NA,NA
"DOCK",2026-02-08 07:00:00,NA,NA,NA
"DOCK",2026-02-08 07:15:00,NA,NA,NA
"DOCK",2026-02-08 07:30:00,NA,NA,NA
"DOCK",2026-02-08 07:45:00,NA,NA,NA
"DOCK",2026-02-08 08:00:00,NA,NA,NA
"DOCK",2026-02-08 08:15:00,NA,NA,NA
"DOCK",2026-02-08 08:30:00,NA,NA,NA
"DOCK",2026-02-08 08:45:00,NA,NA,NA
"DOCK",2026-02-08 09:00:00,NA,NA,NA
"DOCK",2026-02-08 09:15:00,NA,NA,NA
"DOCK",2026-02-08 09:30:00,NA,NA,NA
"DOCK",2026-02-08 09:45:00,NA,NA,NA
"DOCK",2026-02-08 10:00:00,NA,NA,NA
"DOCK",2026-02-08 10:15:00,NA,NA,NA
"DOCK",2026-02-08 10:30:00,NA,NA,NA
"DOCK",2026-02-08 10:45:00,NA,NA,NA
"DOCK",2026-02-08 11:00:00,NA,NA,NA
"DOCK",2026-02-08 11:15:00,NA,NA,NA
"DOCK",2026-02-08 11:30:00,NA,NA,NA
"DOCK",2026-02-08 11:45:00,NA,NA,NA
"DOCK",2026-02-08 12:00:00,NA,NA,NA
"DOCK",2026-02-08 12:15:00,NA,NA,NA
"DOCK",2026-02-08 12:30:00,NA,NA,NA
"DOCK",2026-02-08 12:45:00,NA,NA,NA
"DOCK",2026-02-08 13:00:00,NA,NA,NA
"DOCK",2026-02-08 13:15:00,NA,NA,NA
"DOCK",2026-02-08 13:30:00,NA,NA,NA
"DOCK",2026-02-08 13:45:00,NA,NA,NA
"DOCK",2026-02-08 14:00:00,NA,NA,NA
"DOCK",2026-02-08 14:15:00,NA,NA,NA
"DOCK",2026-02-08 14:30:00,NA,NA,NA
"DOCK",2026-02-08 14:45:00,NA,NA,NA
"DOCK",2026-02-08 15:00:00,NA,NA,NA
"DOCK",2026-02-08 15:15:00,NA,NA,NA
"DOCK",2026-02-08 15:30:00,NA,NA,NA
"DOCK",2026-02-08 15:45:00,NA,NA,NA
"DOCK",2026-02-08 16:00:00,NA,NA,NA
"DOCK",2026-02-08 16:15:00,NA,NA,NA
"DOCK",2026-02-08 16:30:00,NA,NA,NA
"DOCK",2026-02-08 16:45:00,NA,NA,NA
"DOCK",2026-02-08 17:00:00,NA,NA,NA
"DOCK",2026-02-08 17:15:00,NA,NA,NA
"DOCK",2026-02-08 17:30:00,NA,NA,NA
"DOCK",2026-02-08 17:45:00,NA,NA,NA
"DOCK",2026-02-08 18:00:00,NA,NA,NA
"DOCK",2026-02-08 18:15:00,NA,NA,NA
"DOCK",2026-02-08 18:30:00,NA,NA,NA
"DOCK",2026-02-08 18:45:00,NA,NA,NA
"DOCK",2026-02-08 19:00:00,NA,NA,NA
"DOCK",2026-02-08 19:15:00,NA,NA,NA
"DOCK",2026-02-08 19:30:00,NA,NA,NA
"DOCK",2026-02-08 19:45:00,NA,NA,NA
"DOCK",2026-02-08 20:00:00,NA,NA,NA
"DOCK",2026-02-08 20:15:00,NA,NA,NA
"DOCK",2026-02-08 20:30:00,NA,NA,NA
"DOCK",2026-02-08 20:45:00,NA,NA,NA
"DOCK",2026-02-08 21:00:00,NA,NA,NA
"DOCK",2026-02-08 21:15:00,NA,NA,NA
"DOCK",2026-02-08 21:30:00,NA,NA,NA
"DOCK",2026-02-08 21:45:00,NA,NA,NA
"DOCK",2026-02-08 22:00:00,NA,NA,NA
"DOCK",2026-02-08 22:15:00,NA,NA,NA
"DOCK",2026-02-08 22:30:00,NA,NA,NA
"DOCK",2026-02-08 22:45:00,NA,NA,NA
"DOCK",2026-02-08 23:00:00,NA,NA,NA
"DOCK",2026-02-08 23:15:00,NA,NA,NA
"DOCK",2026-02-08 23:30:00,NA,NA,NA
"DOCK",2026-02-08 23:45:00,NA,NA,NA
"DOCK",2026-02-09,NA,NA,NA
"DOCK",2026-02-09 00:15:00,NA,NA,NA
"DOCK",2026-02-09 00:30:00,NA,NA,NA
"DOCK",2026-02-09 00:45:00,NA,NA,NA
"DOCK",2026-02-09 01:00:00,NA,NA,NA
"DOCK",2026-02-09 01:15:00,NA,NA,NA
"DOCK",2026-02-09 01:30:00,NA,NA,NA
"DOCK",2026-02-09 01:45:00,NA,NA,NA
"DOCK",2026-02-09 02:00:00,NA,NA,NA
"DOCK",2026-02-09 02:15:00,NA,NA,NA
"DOCK",2026-02-09 02:30:00,NA,NA,NA
"DOCK",2026-02-09 02:45:00,NA,NA,NA
"DOCK",2026-02-09 03:00:00,NA,NA,NA
"DOCK",2026-02-09 03:15:00,NA,NA,NA
"DOCK",2026-02-09 03:30:00,NA,NA,NA
"DOCK",2026-02-09 03:45:00,NA,NA,NA
"DOCK",2026-02-09 04:00:00,NA,NA,NA
"DOCK",2026-02-09 04:15:00,NA,NA,NA
"DOCK",2026-02-09 04:30:00,NA,NA,NA
"DOCK",2026-02-09 04:45:00,NA,NA,NA
"DOCK",2026-02-09 05:00:00,NA,NA,NA
"DOCK",2026-02-09 05:15:00,NA,NA,NA
"DOCK",2026-02-09 05:30:00,NA,NA,NA
"DOCK",2026-02-09 05:45:00,NA,NA,NA
"DOCK",2026-02-09 06:00:00,NA,NA,NA
"DOCK",2026-02-09 06:15:00,NA,NA,NA
"DOCK",2026-02-09 06:30:00,NA,NA,NA
"DOCK",2026-02-09 06:45:00,NA,NA,NA
"DOCK",2026-02-09 07:00:00,NA,NA,NA
"DOCK",2026-02-09 07:15:00,NA,NA,NA
"DOCK",2026-02-09 07:30:00,NA,NA,NA
"DOCK",2026-02-09 07:45:00,NA,NA,NA
"DOCK",2026-02-09 08:00:00,NA,NA,NA
"DOCK",2026-02-09 08:15:00,NA,NA,NA
"DOCK",2026-02-09 08:30:00,NA,NA,NA
"DOCK",2026-02-09 08:45:00,NA,NA,NA
"DOCK",2026-02-09 09:00:00,NA,NA,NA
"DOCK",2026-02-09 09:15:00,NA,NA,NA
"DOCK",2026-02-09 09:30:00,NA,NA,NA
"DOCK",2026-02-09 09:45:00,NA,NA,NA
"DOCK",2026-02-09 10:00:00,NA,NA,NA
"DOCK",2026-02-09 10:15:00,NA,NA,NA
"DOCK",2026-02-09 10:30:00,NA,NA,NA
"DOCK",2026-02-09 10:45:00,NA,NA,NA
"DOCK",2026-02-09 11:00:00,NA,NA,NA
"DOCK",2026-02-09 11:15:00,NA,NA,NA
"DOCK",2026-02-09 11:30:00,NA,NA,NA
"DOCK",2026-02-09 11:45:00,NA,NA,NA
"DOCK",2026-02-09 12:00:00,NA,NA,NA
"DOCK",2026-02-09 12:15:00,NA,NA,NA
"DOCK",2026-01-12 16:00:00,NA,NA,NA
"DOCK",2026-01-12 16:15:00,NA,NA,NA
"DOCK",2026-01-12 16:30:00,NA,NA,NA
"DOCK",2026-01-12 16:45:00,NA,NA,NA
"DOCK",2026-01-12 17:00:00,NA,NA,NA
"DOCK",2026-01-12 17:15:00,NA,NA,NA
"DOCK",2026-01-12 17:30:00,NA,NA,NA
"DOCK",2026-01-12 17:45:00,NA,NA,NA
"DOCK",2026-01-12 18:00:00,NA,NA,NA
"DOCK",2026-01-12 18:15:00,NA,NA,NA
"DOCK",2026-01-12 18:30:00,NA,NA,NA
"DOCK",2026-01-12 18:45:00,NA,NA,NA
"DOCK",2026-01-12 19:00:00,NA,NA,NA
"DOCK",2026-01-12 19:15:00,NA,NA,NA
"DOCK",2026-01-12 19:30:00,NA,NA,NA
"DOCK",2026-01-12 19:45:00,NA,NA,NA
"DOCK",2026-01-12 20:00:00,NA,NA,NA
"DOCK",2026-01-12 20:15:00,NA,NA,NA
"DOCK",2026-01-12 20:30:00,NA,NA,NA
"DOCK",2026-01-12 20:45:00,NA,NA,NA
"DOCK",2026-01-12 21:00:00,NA,NA,NA
"DOCK",2026-01-12 21:15:00,NA,NA,NA
"DOCK",2026-01-12 21:30:00,NA,NA,NA
"DOCK",2026-01-12 21:45:00,NA,NA,NA
"DOCK",2026-01-12 22:00:00,NA,NA,NA
"DOCK",2026-01-12 22:15:00,NA,NA,NA
"DOCK",2026-01-12 22:30:00,NA,NA,NA
"DOCK",2026-01-12 22:45:00,NA,NA,NA
"DOCK",2026-01-12 23:00:00,NA,NA,NA
"DOCK",2026-01-12 23:15:00,NA,NA,NA
"DOCK",2026-01-12 23:30:00,NA,NA,NA
"DOCK",2026-01-12 23:45:00,NA,NA,NA
"DOCK",2026-01-13,NA,NA,NA
"DOCK",2026-01-13 00:15:00,NA,NA,NA
"DOCK",2026-01-13 00:30:00,NA,NA,NA
"DOCK",2026-01-13 00:45:00,NA,NA,NA
"DOCK",2026-01-13 01:00:00,NA,NA,NA
"DOCK",2026-01-13 01:15:00,NA,NA,NA
"DOCK",2026-01-13 01:30:00,NA,NA,NA
"DOCK",2026-01-13 01:45:00,NA,NA,NA
"DOCK",2026-01-13 02:00:00,NA,NA,NA
"DOCK",2026-01-13 02:15:00,NA,NA,NA
"DOCK",2026-01-13 02:30:00,NA,NA,NA
"DOCK",2026-01-13 02:45:00,NA,NA,NA
"DOCK",2026-01-13 03:00:00,NA,NA,NA
"DOCK",2026-01-13 03:15:00,NA,NA,NA
"DOCK",2026-01-13 03:30:00,NA,NA,NA
"DOCK",2026-01-13 03:45:00,NA,NA,NA
"DOCK",2026-01-13 04:00:00,NA,NA,NA
"DOCK",2026-01-13 04:15:00,NA,NA,NA
"DOCK",2026-01-13 04:30:00,NA,NA,NA
"DOCK",2026-01-13 04:45:00,NA,NA,NA
"DOCK",2026-01-13 05:00:00,NA,NA,NA
"DOCK",2026-01-13 05:15:00,NA,NA,NA
"DOCK",2026-01-13 05:30:00,NA,NA,NA
"DOCK",2026-01-13 05:45:00,NA,NA,NA
"DOCK",2026-01-13 06:00:00,NA,NA,NA
"DOCK",2026-01-13 06:15:00,NA,NA,NA
"DOCK",2026-01-13 06:30:00,NA,NA,NA
"DOCK",2026-01-13 06:45:00,NA,NA,NA
"DOCK",2026-01-13 07:00:00,NA,NA,NA
"DOCK",2026-01-13 07:15:00,NA,NA,NA
"DOCK",2026-01-13 07:30:00,NA,NA,NA
"DOCK",2026-01-13 07:45:00,NA,NA,NA
"DOCK",2026-01-13 08:00:00,NA,NA,NA
"DOCK",2026-01-13 08:15:00,NA,NA,NA
"DOCK",2026-01-13 08:30:00,NA,NA,NA
"DOCK",2026-01-13 08:45:00,NA,NA,NA
"DOCK",2026-01-13 09:00:00,NA,NA,NA
"DOCK",2026-01-13 09:15:00,NA,NA,NA
"DOCK",2026-01-13 09:30:00,NA,NA,NA
"DOCK",2026-01-13 09:45:00,NA,NA,NA
"DOCK",2026-01-13 10:00:00,NA,NA,NA
"DOCK",2026-01-13 10:15:00,NA,NA,NA
"DOCK",2026-01-13 10:30:00,NA,NA,NA
"DOCK",2026-01-13 10:45:00,NA,NA,NA
"DOCK",2026-01-13 11:00:00,NA,NA,NA
"DOCK",2026-01-13 11:15:00,NA,NA,NA
"DOCK",2026-01-13 11:30:00,NA,NA,NA
"DOCK",2026-01-13 11:45:00,NA,NA,NA
"DOCK",2026-01-13 12:00:00,NA,NA,NA
"DOCK",2026-01-13 12:15:00,NA,NA,NA
"DOCK",2026-01-13 12:30:00,NA,NA,NA
"DOCK",2026-01-13 12:45:00,NA,NA,NA
"DOCK",2026-01-13 13:00:00,NA,NA,NA
"DOCK",2026-01-13 13:15:00,NA,NA,NA
"DOCK",2026-01-13 13:30:00,NA,NA,NA
"DOCK",2026-01-13 13:45:00,NA,NA,NA
"DOCK",2026-01-13 14:00:00,NA,NA,NA
"DOCK",2026-01-13 14:15:00,NA,NA,NA
"DOCK",2026-01-13 14:30:00,NA,NA,NA
"DOCK",2026-01-13 14:45:00,NA,NA,NA
"DOCK",2026-01-13 15:00:00,NA,NA,NA
"DOCK",2026-01-13 15:15:00,NA,NA,NA
"DOCK",2026-01-13 15:30:00,NA,NA,NA
"DOCK",2026-01-13 15:45:00,NA,NA,NA
"DOCK",2026-01-13 16:00:00,NA,NA,NA
"DOCK",2026-01-13 16:15:00,NA,NA,NA
"DOCK",2026-01-13 16:30:00,NA,NA,NA
"DOCK",2026-01-13 16:45:00,NA,NA,NA
"DOCK",2026-01-13 17:00:00,NA,NA,NA
"DOCK",2026-01-13 17:15:00,NA,NA,NA
"DOCK",2026-01-13 17:30:00,NA,NA,NA
"DOCK",2026-01-13 17:45:00,NA,NA,NA
"DOCK",2026-01-13 18:00:00,NA,NA,NA
"DOCK",2026-01-13 18:15:00,NA,NA,NA
"DOCK",2026-01-13 18:30:00,NA,NA,NA
"DOCK",2026-01-13 18:45:00,NA,NA,NA
"DOCK",2026-01-13 19:00:00,NA,NA,NA
"DOCK",2026-01-13 19:15:00,NA,NA,NA
"DOCK",2026-01-13 19:30:00,NA,NA,NA
"DOCK",2026-01-13 19:45:00,NA,NA,NA
"DOCK",2026-01-13 20:00:00,NA,NA,NA
"DOCK",2026-01-13 20:15:00,NA,NA,NA
"DOCK",2026-01-13 20:30:00,NA,NA,NA
"DOCK",2026-01-13 20:45:00,NA,NA,NA
"DOCK",2026-01-13 21:00:00,NA,NA,NA
"DOCK",2026-01-13 21:15:00,NA,NA,NA
"DOCK",2026-01-13 21:30:00,NA,NA,NA
"DOCK",2026-01-13 21:45:00,NA,NA,NA
"DOCK",2026-01-13 22:00:00,NA,NA,NA
"DOCK",2026-01-13 22:15:00,NA,NA,NA
"DOCK",2026-01-13 22:30:00,NA,NA,NA
"DOCK",2026-01-13 22:45:00,NA,NA,NA
"DOCK",2026-01-13 23:00:00,NA,NA,NA
"DOCK",2026-01-13 23:15:00,NA,NA,NA
"DOCK",2026-01-13 23:30:00,NA,NA,NA
"DOCK",2026-01-13 23:45:00,NA,NA,NA
"DOCK",2026-01-14,NA,NA,NA
"DOCK",2026-01-14 00:15:00,NA,NA,NA
"DOCK",2026-01-14 00:30:00,NA,NA,NA
"DOCK",2026-01-14 00:45:00,NA,NA,NA
"DOCK",2026-01-14 01:00:00,NA,NA,NA
"DOCK",2026-01-14 01:15:00,NA,NA,NA
"DOCK",2026-01-14 01:30:00,NA,NA,NA
"DOCK",2026-01-14 01:45:00,NA,NA,NA
"DOCK",2026-01-14 02:00:00,NA,NA,NA
"DOCK",2026-01-14 02:15:00,NA,NA,NA
"DOCK",2026-01-14 02:30:00,NA,NA,NA
"DOCK",2026-01-14 02:45:00,NA,NA,NA
"DOCK",2026-01-14 03:00:00,NA,NA,NA
"DOCK",2026-01-14 03:15:00,NA,NA,NA
"DOCK",2026-01-14 03:30:00,NA,NA,NA
"DOCK",2026-01-14 03:45:00,NA,NA,NA
"DOCK",2026-01-14 04:00:00,NA,NA,NA
"DOCK",2026-01-14 04:15:00,NA,NA,NA
"DOCK",2026-01-14 04:30:00,NA,NA,NA
"DOCK",2026-01-14 04:45:00,NA,NA,NA
"DOCK",2026-01-14 05:00:00,NA,NA,NA
"DOCK",2026-01-14 05:15:00,NA,NA,NA
"DOCK",2026-01-14 05:30:00,NA,NA,NA
"DOCK",2026-01-14 05:45:00,NA,NA,NA
"DOCK",2026-01-14 06:00:00,NA,NA,NA
"DOCK",2026-01-14 06:15:00,NA,NA,NA
"DOCK",2026-01-14 06:30:00,NA,NA,NA
"DOCK",2026-01-14 06:45:00,NA,NA,NA
"DOCK",2026-01-14 07:00:00,NA,NA,NA
"DOCK",2026-01-14 07:15:00,NA,NA,NA
"DOCK",2026-01-14 07:30:00,NA,NA,NA
"DOCK",2026-01-14 07:45:00,NA,NA,NA
"DOCK",2026-01-14 08:00:00,NA,NA,NA
"DOCK",2026-01-14 08:15:00,NA,NA,NA
"DOCK",2026-01-14 08:30:00,NA,NA,NA
"DOCK",2026-01-14 08:45:00,NA,NA,NA
"DOCK",2026-01-14 09:00:00,NA,NA,NA
"DOCK",2026-01-14 09:15:00,NA,NA,NA
"DOCK",2026-01-14 09:30:00,NA,NA,NA
"DOCK",2026-01-14 09:45:00,NA,NA,NA
"DOCK",2026-01-14 10:00:00,NA,NA,NA
"DOCK",2026-01-14 10:15:00,NA,NA,NA
"DOCK",2026-01-14 10:30:00,NA,NA,NA
"DOCK",2026-01-14 10:45:00,NA,NA,NA
"DOCK",2026-01-14 11:00:00,NA,NA,NA
"DOCK",2026-01-14 11:15:00,NA,NA,NA
"DOCK",2026-01-14 11:30:00,NA,NA,NA
"DOCK",2026-01-14 11:45:00,NA,NA,NA
"DOCK",2026-01-14 12:00:00,NA,NA,NA
"DOCK",2026-01-14 12:15:00,NA,NA,NA
"DOCK",2026-01-14 12:30:00,NA,NA,NA
"DOCK",2026-01-14 12:45:00,NA,NA,NA
"DOCK",2026-01-14 13:00:00,NA,NA,NA
"DOCK",2026-01-14 13:15:00,NA,NA,NA
"DOCK",2026-01-14 13:30:00,NA,NA,NA
"DOCK",2026-01-14 13:45:00,NA,NA,NA
"DOCK",2026-01-14 14:00:00,NA,NA,NA
"DOCK",2026-01-14 14:15:00,NA,NA,NA
"DOCK",2026-01-14 14:30:00,NA,NA,NA
"DOCK",2026-01-14 14:45:00,NA,NA,NA
"DOCK",2026-01-14 15:00:00,NA,NA,NA
"DOCK",2026-01-14 15:15:00,NA,NA,NA
"DOCK",2026-01-14 15:30:00,NA,NA,NA
"DOCK",2026-01-14 15:45:00,NA,NA,NA
"DOCK",2026-01-14 16:00:00,NA,NA,NA
"DOCK",2026-01-14 16:15:00,NA,NA,NA
"DOCK",2026-01-14 16:30:00,NA,NA,NA
"DOCK",2026-01-14 16:45:00,NA,NA,NA
"DOCK",2026-01-14 17:00:00,NA,NA,NA
"DOCK",2026-01-14 17:15:00,NA,NA,NA
"DOCK",2026-01-14 17:30:00,NA,NA,NA
"DOCK",2026-01-14 17:45:00,NA,NA,NA
"DOCK",2026-01-14 18:00:00,NA,NA,NA
"DOCK",2026-01-14 18:15:00,NA,NA,NA
"DOCK",2026-01-14 18:30:00,NA,NA,NA
"DOCK",2026-01-14 18:45:00,NA,NA,NA
"DOCK",2026-01-14 19:00:00,NA,NA,NA
"DOCK",2026-01-14 19:15:00,NA,NA,NA
"DOCK",2026-01-14 19:30:00,NA,NA,NA
"DOCK",2026-01-14 19:45:00,NA,NA,NA
"DOCK",2026-01-14 20:00:00,NA,NA,NA
"DOCK",2026-01-14 20:15:00,NA,NA,NA
"DOCK",2026-01-14 20:30:00,NA,NA,NA
"DOCK",2026-01-14 20:45:00,NA,NA,NA
"DOCK",2026-01-14 21:00:00,NA,NA,NA
"DOCK",2026-01-14 21:15:00,NA,NA,NA
"DOCK",2026-01-14 21:30:00,NA,NA,NA
"DOCK",2026-01-14 21:45:00,NA,NA,NA
"DOCK",2026-01-14 22:00:00,NA,NA,NA
"DOCK",2026-01-14 22:15:00,NA,NA,NA
"DOCK",2026-01-14 22:30:00,NA,NA,NA
"DOCK",2026-01-14 22:45:00,NA,NA,NA
"DOCK",2026-01-14 23:00:00,NA,NA,NA
"DOCK",2026-01-14 23:15:00,NA,NA,NA
"DOCK",2026-01-14 23:30:00,NA,NA,NA
"DOCK",2026-01-14 23:45:00,NA,NA,NA
"DOCK",2026-01-15,NA,NA,NA
"DOCK",2026-01-15 00:15:00,NA,NA,NA
"DOCK",2026-01-15 00:30:00,NA,NA,NA
"DOCK",2026-01-15 00:45:00,NA,NA,NA
"DOCK",2026-01-15 01:00:00,NA,NA,NA
"DOCK",2026-01-15 01:15:00,NA,NA,NA
"DOCK",2026-01-15 01:30:00,NA,NA,NA
"DOCK",2026-01-15 01:45:00,NA,NA,NA
"DOCK",2026-01-15 02:00:00,NA,NA,NA
"DOCK",2026-01-15 02:15:00,NA,NA,NA
"DOCK",2026-01-15 02:30:00,NA,NA,NA
"DOCK",2026-01-15 02:45:00,NA,NA,NA
"DOCK",2026-01-15 03:00:00,NA,NA,NA
"DOCK",2026-01-15 03:15:00,NA,NA,NA
"DOCK",2026-01-15 03:30:00,NA,NA,NA
"DOCK",2026-01-15 03:45:00,NA,NA,NA
"DOCK",2026-01-15 04:00:00,NA,NA,NA
"DOCK",2026-01-15 04:15:00,NA,NA,NA
"DOCK",2026-01-15 04:30:00,NA,NA,NA
"DOCK",2026-01-15 04:45:00,NA,NA,NA
"DOCK",2026-01-15 05:00:00,NA,NA,NA
"DOCK",2026-01-15 05:15:00,NA,NA,NA
"DOCK",2026-01-15 05:30:00,NA,NA,NA
"DOCK",2026-01-15 05:45:00,NA,NA,NA
"DOCK",2026-01-15 06:00:00,NA,NA,NA
"DOCK",2026-01-15 06:15:00,NA,NA,NA
"DOCK",2026-01-15 06:30:00,NA,NA,NA
"DOCK",2026-01-15 06:45:00,NA,NA,NA
"DOCK",2026-01-15 07:00:00,NA,NA,NA
"DOCK",2026-01-15 07:15:00,NA,NA,NA
"DOCK",2026-01-15 07:30:00,NA,NA,NA
"DOCK",2026-01-15 07:45:00,NA,NA,NA
"DOCK",2026-01-15 08:00:00,NA,NA,NA
"DOCK",2026-01-15 08:15:00,NA,NA,NA
"DOCK",2026-01-15 08:30:00,NA,NA,NA
"DOCK",2026-01-15 08:45:00,NA,NA,NA
"DOCK",2026-01-15 09:00:00,NA,NA,NA
"DOCK",2026-01-15 09:15:00,NA,NA,NA
"DOCK",2026-01-15 09:30:00,NA,NA,NA
"DOCK",2026-01-15 09:45:00,NA,NA,NA
"DOCK",2026-01-15 10:00:00,NA,NA,NA
"DOCK",2026-01-15 10:15:00,NA,NA,NA
"DOCK",2026-01-15 10:30:00,NA,NA,NA
"DOCK",2026-01-15 10:45:00,NA,NA,NA
"DOCK",2026-01-15 11:00:00,NA,NA,NA
"DOCK",2026-01-15 11:15:00,NA,NA,NA
"DOCK",2026-01-15 11:30:00,NA,NA,NA
"DOCK",2026-01-15 11:45:00,NA,NA,NA
"DOCK",2026-01-15 12:00:00,NA,NA,NA
"DOCK",2026-01-15 12:15:00,NA,NA,NA
"DOCK",2026-01-15 12:30:00,NA,NA,NA
"DOCK",2026-01-15 12:45:00,NA,NA,NA
"DOCK",2026-01-15 13:00:00,NA,NA,NA
"DOCK",2026-01-15 13:15:00,NA,NA,NA
"DOCK",2026-01-15 13:30:00,NA,NA,NA
"DOCK",2026-01-15 13:45:00,NA,NA,NA
"DOCK",2026-01-15 14:00:00,NA,NA,NA
"DOCK",2026-01-15 14:15:00,NA,NA,NA
"DOCK",2026-01-15 14:30:00,NA,NA,NA
"DOCK",2026-01-15 14:45:00,NA,NA,NA
"DOCK",2026-01-15 15:00:00,NA,NA,NA
"DOCK",2026-01-15 15:15:00,NA,NA,NA
"DOCK",2026-01-15 15:30:00,NA,NA,NA
"DOCK",2026-01-15 15:45:00,NA,NA,NA
"DOCK",2026-01-15 16:00:00,NA,NA,NA
"DOCK",2026-01-15 16:15:00,NA,NA,NA
"DOCK",2026-01-15 16:30:00,NA,NA,NA
"DOCK",2026-01-15 16:45:00,NA,NA,NA
"DOCK",2026-01-15 17:00:00,NA,NA,NA
"DOCK",2026-01-15 17:15:00,NA,NA,NA
"DOCK",2026-01-15 17:30:00,NA,NA,NA
"DOCK",2026-01-15 17:45:00,NA,NA,NA
"DOCK",2026-01-15 18:00:00,NA,NA,NA
"DOCK",2026-01-15 18:15:00,NA,NA,NA
"DOCK",2026-01-15 18:30:00,NA,NA,NA
"DOCK",2026-01-15 18:45:00,NA,NA,NA
"DOCK",2026-01-15 19:00:00,NA,NA,NA
"DOCK",2026-01-15 19:15:00,NA,NA,NA
"DOCK",2026-01-15 19:30:00,NA,NA,NA
"DOCK",2026-01-15 19:45:00,NA,NA,NA
"DOCK",2026-01-15 20:00:00,NA,NA,NA
"DOCK",2026-01-15 20:15:00,NA,NA,NA
"DOCK",2026-01-15 20:30:00,NA,NA,NA
"DOCK",2026-01-15 20:45:00,NA,NA,NA
"DOCK",2026-01-15 21:00:00,NA,NA,NA
"DOCK",2026-01-15 21:15:00,NA,NA,NA
"DOCK",2026-01-15 21:30:00,NA,NA,NA
"DOCK",2026-01-15 21:45:00,NA,NA,NA
"DOCK",2026-01-15 22:00:00,NA,NA,NA
"DOCK",2026-01-15 22:15:00,NA,NA,NA
"DOCK",2026-01-15 22:30:00,NA,NA,NA
"DOCK",2026-01-15 22:45:00,NA,NA,NA
"DOCK",2026-01-15 23:00:00,NA,NA,NA
"DOCK",2026-01-15 23:15:00,NA,NA,NA
"DOCK",2026-01-15 23:30:00,NA,NA,NA
"DOCK",2026-01-15 23:45:00,NA,NA,NA
"DOCK",2026-01-16,NA,NA,NA
"DOCK",2026-01-16 00:15:00,NA,NA,NA
"DOCK",2026-01-16 00:30:00,NA,NA,NA
"DOCK",2026-01-16 00:45:00,NA,NA,NA
"DOCK",2026-01-16 01:00:00,NA,NA,NA
"DOCK",2026-01-16 01:15:00,NA,NA,NA
"DOCK",2026-01-16 01:30:00,NA,NA,NA
"DOCK",2026-01-16 01:45:00,NA,NA,NA
"DOCK",2026-01-16 02:00:00,NA,NA,NA
"DOCK",2026-01-16 02:15:00,NA,NA,NA
"DOCK",2026-01-16 02:30:00,NA,NA,NA
"DOCK",2026-01-16 02:45:00,NA,NA,NA
"DOCK",2026-01-16 03:00:00,NA,NA,NA
"DOCK",2026-01-16 03:15:00,NA,NA,NA
"DOCK",2026-01-16 03:30:00,NA,NA,NA
"DOCK",2026-01-16 03:45:00,NA,NA,NA
"DOCK",2026-01-16 04:00:00,NA,NA,NA
"DOCK",2026-01-16 04:15:00,NA,NA,NA
"DOCK",2026-01-16 04:30:00,NA,NA,NA
"DOCK",2026-01-16 04:45:00,NA,NA,NA
"DOCK",2026-01-16 05:00:00,NA,NA,NA
"DOCK",2026-01-16 05:15:00,NA,NA,NA
"DOCK",2026-01-16 05:30:00,NA,NA,NA
"DOCK",2026-01-16 05:45:00,NA,NA,NA
"DOCK",2026-01-16 06:00:00,NA,NA,NA
"DOCK",2026-01-16 06:15:00,NA,NA,NA
"DOCK",2026-01-16 06:30:00,NA,NA,NA
"DOCK",2026-01-16 06:45:00,NA,NA,NA
"DOCK",2026-01-16 07:00:00,NA,NA,NA
"DOCK",2026-01-16 07:15:00,NA,NA,NA
"DOCK",2026-01-16 07:30:00,NA,NA,NA
"DOCK",2026-01-16 07:45:00,NA,NA,NA
"DOCK",2026-01-16 08:00:00,NA,NA,NA
"DOCK",2026-01-16 08:15:00,NA,NA,NA
"DOCK",2026-01-16 08:30:00,NA,NA,NA
"DOCK",2026-01-16 08:45:00,NA,NA,NA
"DOCK",2026-01-16 09:00:00,NA,NA,NA
"DOCK",2026-01-16 09:15:00,NA,NA,NA
"DOCK",2026-01-16 09:30:00,NA,NA,NA
"DOCK",2026-01-16 09:45:00,NA,NA,NA
"DOCK",2026-01-16 10:00:00,NA,NA,NA
"DOCK",2026-01-16 10:15:00,NA,NA,NA
"DOCK",2026-01-16 10:30:00,NA,NA,NA
"DOCK",2026-01-16 10:45:00,NA,NA,NA
"DOCK",2026-01-16 11:00:00,NA,NA,NA
"DOCK",2026-01-16 11:15:00,NA,NA,NA
"DOCK",2026-01-16 11:30:00,NA,NA,NA
"DOCK",2026-01-16 11:45:00,NA,NA,NA
"DOCK",2026-01-16 12:00:00,NA,NA,NA
"DOCK",2026-01-16 12:15:00,NA,NA,NA
"DOCK",2026-01-16 12:30:00,NA,NA,NA
"DOCK",2026-01-16 12:45:00,NA,NA,NA
"DOCK",2026-01-16 13:00:00,NA,NA,NA
"DOCK",2026-01-16 13:15:00,NA,NA,NA
"DOCK",2026-01-16 13:30:00,NA,NA,NA
"DOCK",2026-01-16 13:45:00,NA,NA,NA
"DOCK",2026-01-16 14:00:00,NA,NA,NA
"DOCK",2026-01-16 14:15:00,NA,NA,NA
"DOCK",2026-01-16 14:30:00,NA,NA,NA
"DOCK",2026-01-16 14:45:00,NA,NA,NA
"DOCK",2026-01-16 15:00:00,NA,NA,NA
"DOCK",2026-01-16 15:15:00,NA,NA,NA
"DOCK",2026-01-16 15:30:00,NA,NA,NA
"DOCK",2026-01-16 15:45:00,NA,NA,NA
"DOCK",2026-01-16 16:00:00,NA,NA,NA
"DOCK",2026-01-16 16:15:00,NA,NA,NA
"DOCK",2026-01-16 16:30:00,NA,NA,NA
"DOCK",2026-01-16 16:45:00,NA,NA,NA
"DOCK",2026-01-16 17:00:00,NA,NA,NA
"DOCK",2026-01-16 17:15:00,NA,NA,NA
"DOCK",2026-01-16 17:30:00,NA,NA,NA
"DOCK",2026-01-16 17:45:00,NA,NA,NA
"DOCK",2026-01-16 18:00:00,NA,NA,NA
"DOCK",2026-01-16 18:15:00,NA,NA,NA
"DOCK",2026-01-16 18:30:00,NA,NA,NA
"DOCK",2026-01-16 18:45:00,NA,NA,NA
"DOCK",2026-01-16 19:00:00,NA,NA,NA
"DOCK",2026-01-16 19:15:00,NA,NA,NA
"DOCK",2026-01-16 19:30:00,NA,NA,NA
"DOCK",2026-01-16 19:45:00,NA,NA,NA
"DOCK",2026-01-16 20:00:00,NA,NA,NA
"DOCK",2026-01-16 20:15:00,NA,NA,NA
"DOCK",2026-01-16 20:30:00,NA,NA,NA
"DOCK",2026-01-16 20:45:00,NA,NA,NA
"DOCK",2026-01-16 21:00:00,NA,NA,NA
"DOCK",2026-01-16 21:15:00,NA,NA,NA
"DOCK",2026-01-16 21:30:00,NA,NA,NA
"DOCK",2026-01-16 21:45:00,NA,NA,NA
"DOCK",2026-01-16 22:00:00,NA,NA,NA
"DOCK",2026-01-16 22:15:00,NA,NA,NA
"DOCK",2026-01-16 22:30:00,NA,NA,NA
"DOCK",2026-01-16 22:45:00,NA,NA,NA
"DOCK",2026-01-16 23:00:00,NA,NA,NA
"DOCK",2026-01-16 23:15:00,NA,NA,NA
"DOCK",2026-01-16 23:30:00,NA,NA,NA
"DOCK",2026-01-16 23:45:00,NA,NA,NA
"DOCK",2026-01-17,NA,NA,NA
"DOCK",2026-01-17 00:15:00,NA,NA,NA
"DOCK",2026-01-17 00:30:00,NA,NA,NA
"DOCK",2026-01-17 00:45:00,NA,NA,NA
"DOCK",2026-01-17 01:00:00,NA,NA,NA
"DOCK",2026-01-17 01:15:00,NA,NA,NA
"DOCK",2026-01-17 01:30:00,NA,NA,NA
"DOCK",2026-01-17 01:45:00,NA,NA,NA
"DOCK",2026-01-17 02:00:00,NA,NA,NA
"DOCK",2026-01-17 02:15:00,NA,NA,NA
"DOCK",2026-01-17 02:30:00,NA,NA,NA
"DOCK",2026-01-17 02:45:00,NA,NA,NA
"DOCK",2026-01-17 03:00:00,NA,NA,NA
"DOCK",2026-01-17 03:15:00,NA,NA,NA
"DOCK",2026-01-17 03:30:00,NA,NA,NA
"DOCK",2026-01-17 03:45:00,NA,NA,NA
"DOCK",2026-01-17 04:00:00,NA,NA,NA
"DOCK",2026-01-17 04:15:00,NA,NA,NA
"DOCK",2026-01-17 04:30:00,NA,NA,NA
"DOCK",2026-01-17 04:45:00,NA,NA,NA
"DOCK",2026-01-17 05:00:00,NA,NA,NA
"DOCK",2026-01-17 05:15:00,NA,NA,NA
"DOCK",2026-01-17 05:30:00,NA,NA,NA
"DOCK",2026-01-17 05:45:00,NA,NA,NA
"DOCK",2026-01-17 06:00:00,NA,NA,NA
"DOCK",2026-01-17 06:15:00,NA,NA,NA
"DOCK",2026-01-17 06:30:00,NA,NA,NA
"DOCK",2026-01-17 06:45:00,NA,NA,NA
"DOCK",2026-01-17 07:00:00,NA,NA,NA
"DOCK",2026-01-17 07:15:00,NA,NA,NA
"DOCK",2026-01-17 07:30:00,NA,NA,NA
"DOCK",2026-01-17 07:45:00,NA,NA,NA
"DOCK",2026-01-17 08:00:00,NA,NA,NA
"DOCK",2026-01-17 08:15:00,NA,NA,NA
"DOCK",2026-01-17 08:30:00,NA,NA,NA
"DOCK",2026-01-17 08:45:00,NA,NA,NA
"DOCK",2026-01-17 09:00:00,NA,NA,NA
"DOCK",2026-01-17 09:15:00,NA,NA,NA
"DOCK",2026-01-17 09:30:00,NA,NA,NA
"DOCK",2026-01-17 09:45:00,NA,NA,NA
"DOCK",2026-01-17 10:00:00,NA,NA,NA
"DOCK",2026-01-17 10:15:00,NA,NA,NA
"DOCK",2026-01-17 10:30:00,NA,NA,NA
"DOCK",2026-01-17 10:45:00,NA,NA,NA
"DOCK",2026-01-17 11:00:00,NA,NA,NA
"DOCK",2026-01-17 11:15:00,NA,NA,NA
"DOCK",2026-01-17 11:30:00,NA,NA,NA
"DOCK",2026-01-17 11:45:00,NA,NA,NA
"DOCK",2026-01-17 12:00:00,NA,NA,NA
"DOCK",2026-01-17 12:15:00,NA,NA,NA
"DOCK",2026-01-17 12:30:00,NA,NA,NA
"DOCK",2026-01-17 12:45:00,NA,NA,NA
"DOCK",2026-01-17 13:00:00,NA,NA,NA
"DOCK",2026-01-17 13:15:00,NA,NA,NA
"DOCK",2026-01-17 13:30:00,NA,NA,NA
"DOCK",2026-01-17 13:45:00,NA,NA,NA
"DOCK",2026-01-17 14:00:00,NA,NA,NA
"DOCK",2026-01-17 14:15:00,NA,NA,NA
"DOCK",2026-01-17 14:30:00,NA,NA,NA
"DOCK",2026-01-17 14:45:00,NA,NA,NA
"DOCK",2026-01-17 15:00:00,NA,NA,NA
"DOCK",2026-01-17 15:15:00,NA,NA,NA
"DOCK",2026-01-17 15:30:00,NA,NA,NA
"DOCK",2026-01-17 15:45:00,NA,NA,NA
"DOCK",2026-01-17 16:00:00,NA,NA,NA
"DOCK",2026-01-17 16:15:00,NA,NA,NA
"DOCK",2026-01-17 16:30:00,NA,NA,NA
"DOCK",2026-01-17 16:45:00,NA,NA,NA
"DOCK",2026-01-17 17:00:00,NA,NA,NA
"DOCK",2026-01-17 17:15:00,NA,NA,NA
"DOCK",2026-01-17 17:30:00,NA,NA,NA
"DOCK",2026-01-17 17:45:00,NA,NA,NA
"DOCK",2026-01-17 18:00:00,NA,NA,NA
"DOCK",2026-01-17 18:15:00,NA,NA,NA
"DOCK",2026-01-17 18:30:00,NA,NA,NA
"DOCK",2026-01-17 18:45:00,NA,NA,NA
"DOCK",2026-01-17 19:00:00,NA,NA,NA
"DOCK",2026-01-17 19:15:00,NA,NA,NA
"DOCK",2026-01-17 19:30:00,NA,NA,NA
"DOCK",2026-01-17 19:45:00,NA,NA,NA
"DOCK",2026-01-17 20:00:00,NA,NA,NA
"DOCK",2026-01-17 20:15:00,NA,NA,NA
"DOCK",2026-01-17 20:30:00,NA,NA,NA
"DOCK",2026-01-17 20:45:00,NA,NA,NA
"DOCK",2026-01-17 21:00:00,NA,NA,NA
"DOCK",2026-01-17 21:15:00,NA,NA,NA
"DOCK",2026-01-17 21:30:00,NA,NA,NA
"DOCK",2026-01-17 21:45:00,NA,NA,NA
"DOCK",2026-01-17 22:00:00,NA,NA,NA
"DOCK",2026-01-17 22:15:00,NA,NA,NA
"DOCK",2026-01-17 22:30:00,NA,NA,NA
"DOCK",2026-01-17 22:45:00,NA,NA,NA
"DOCK",2026-01-17 23:00:00,NA,NA,NA
"DOCK",2026-01-17 23:15:00,NA,NA,NA
"DOCK",2026-01-17 23:30:00,NA,NA,NA
"DOCK",2026-01-17 23:45:00,NA,NA,NA
"DOCK",2026-01-18,NA,NA,NA
"DOCK",2026-01-18 00:15:00,NA,NA,NA
"DOCK",2026-01-18 00:30:00,NA,NA,NA
"DOCK",2026-01-18 00:45:00,NA,NA,NA
"DOCK",2026-01-18 01:00:00,NA,NA,NA
"DOCK",2026-01-18 01:15:00,NA,NA,NA
"DOCK",2026-01-18 01:30:00,NA,NA,NA
"DOCK",2026-01-18 01:45:00,NA,NA,NA
"DOCK",2026-01-18 02:00:00,NA,NA,NA
"DOCK",2026-01-18 02:15:00,NA,NA,NA
"DOCK",2026-01-18 02:30:00,NA,NA,NA
"DOCK",2026-01-18 02:45:00,NA,NA,NA
"DOCK",2026-01-18 03:00:00,NA,NA,NA
"DOCK",2026-01-18 03:15:00,NA,NA,NA
"DOCK",2026-01-18 03:30:00,NA,NA,NA
"DOCK",2026-01-18 03:45:00,NA,NA,NA
"DOCK",2026-01-18 04:00:00,NA,NA,NA
"DOCK",2026-01-18 04:15:00,NA,NA,NA
"DOCK",2026-01-18 04:30:00,NA,NA,NA
"DOCK",2026-01-18 04:45:00,NA,NA,NA
"DOCK",2026-01-18 05:00:00,NA,NA,NA
"DOCK",2026-01-18 05:15:00,NA,NA,NA
"DOCK",2026-01-18 05:30:00,NA,NA,NA
"DOCK",2026-01-18 05:45:00,NA,NA,NA
"DOCK",2026-01-18 06:00:00,NA,NA,NA
"DOCK",2026-01-18 06:15:00,NA,NA,NA
"DOCK",2026-01-18 06:30:00,NA,NA,NA
"DOCK",2026-01-18 06:45:00,NA,NA,NA
"DOCK",2026-01-18 07:00:00,NA,NA,NA
"DOCK",2026-01-18 07:15:00,NA,NA,NA
"DOCK",2026-01-18 07:30:00,NA,NA,NA
"DOCK",2026-01-18 07:45:00,NA,NA,NA
"DOCK",2026-01-18 08:00:00,NA,NA,NA
"DOCK",2026-01-18 08:15:00,NA,NA,NA
"DOCK",2026-01-18 08:30:00,NA,NA,NA
"DOCK",2026-01-18 08:45:00,NA,NA,NA
"DOCK",2026-01-18 09:00:00,NA,NA,NA
"DOCK",2026-01-18 09:15:00,NA,NA,NA
"DOCK",2026-01-18 09:30:00,NA,NA,NA
"DOCK",2026-01-18 09:45:00,NA,NA,NA
"DOCK",2026-01-18 10:00:00,NA,NA,NA
"DOCK",2026-01-18 10:15:00,NA,NA,NA
"DOCK",2026-01-18 10:30:00,NA,NA,NA
"DOCK",2026-01-18 10:45:00,NA,NA,NA
"DOCK",2026-01-18 11:00:00,NA,NA,NA
"DOCK",2026-01-18 11:15:00,NA,NA,NA
"DOCK",2026-01-18 11:30:00,NA,NA,NA
"DOCK",2026-01-18 11:45:00,NA,NA,NA
"DOCK",2026-01-18 12:00:00,NA,NA,NA
"DOCK",2026-01-18 12:15:00,NA,NA,NA
"DOCK",2026-01-18 12:30:00,NA,NA,NA
"DOCK",2026-01-18 12:45:00,NA,NA,NA
"DOCK",2026-01-18 13:00:00,NA,NA,NA
"DOCK",2026-01-18 13:15:00,NA,NA,NA
"DOCK",2026-01-18 13:30:00,NA,NA,NA
"DOCK",2026-01-18 13:45:00,NA,NA,NA
"DOCK",2026-01-18 14:00:00,NA,NA,NA
"DOCK",2026-01-18 14:15:00,NA,NA,NA
"DOCK",2026-01-18 14:30:00,NA,NA,NA
"DOCK",2026-01-18 14:45:00,NA,NA,NA
"DOCK",2026-01-18 15:00:00,NA,NA,NA
"DOCK",2026-01-18 15:15:00,NA,NA,NA
"DOCK",2026-01-18 15:30:00,NA,NA,NA
"DOCK",2026-01-18 15:45:00,NA,NA,NA
"DOCK",2026-01-18 16:00:00,NA,NA,NA
"DOCK",2026-01-18 16:15:00,NA,NA,NA
"DOCK",2026-01-18 16:30:00,NA,NA,NA
"DOCK",2026-01-18 16:45:00,NA,NA,NA
"DOCK",2026-01-18 17:00:00,NA,NA,NA
"DOCK",2026-01-18 17:15:00,NA,NA,NA
"DOCK",2026-01-18 17:30:00,NA,NA,NA
"DOCK",2026-01-18 17:45:00,NA,NA,NA
"DOCK",2026-01-18 18:00:00,NA,NA,NA
"DOCK",2026-01-18 18:15:00,NA,NA,NA
"DOCK",2026-01-18 18:30:00,NA,NA,NA
"DOCK",2026-01-18 18:45:00,NA,NA,NA
"DOCK",2026-01-18 19:00:00,NA,NA,NA
"DOCK",2026-01-18 19:15:00,NA,NA,NA
"DOCK",2026-01-18 19:30:00,NA,NA,NA
"DOCK",2026-01-18 19:45:00,NA,NA,NA
"DOCK",2026-01-18 20:00:00,NA,NA,NA
"DOCK",2026-01-18 20:15:00,NA,NA,NA
"DOCK",2026-01-18 20:30:00,NA,NA,NA
"DOCK",2026-01-18 20:45:00,NA,NA,NA
"DOCK",2026-01-18 21:00:00,NA,NA,NA
"DOCK",2026-01-18 21:15:00,NA,NA,NA
"DOCK",2026-01-18 21:30:00,NA,NA,NA
"DOCK",2026-01-18 21:45:00,NA,NA,NA
"DOCK",2026-01-18 22:00:00,NA,NA,NA
"DOCK",2026-01-18 22:15:00,NA,NA,NA
"DOCK",2026-01-18 22:30:00,NA,NA,NA
"DOCK",2026-01-18 22:45:00,NA,NA,NA
"DOCK",2026-01-18 23:00:00,NA,NA,NA
"DOCK",2026-01-18 23:15:00,NA,NA,NA
"DOCK",2026-01-18 23:30:00,NA,NA,NA
"DOCK",2026-01-18 23:45:00,NA,NA,NA
"DOCK",2026-01-19,NA,NA,NA
"DOCK",2026-01-19 00:15:00,NA,NA,NA
"DOCK",2026-01-19 00:30:00,NA,NA,NA
"DOCK",2026-01-19 00:45:00,NA,NA,NA
"DOCK",2026-01-19 01:00:00,NA,NA,NA
"DOCK",2026-01-19 01:15:00,NA,NA,NA
"DOCK",2026-01-19 01:30:00,NA,NA,NA
"DOCK",2026-01-19 01:45:00,NA,NA,NA
"DOCK",2026-01-19 02:00:00,NA,NA,NA
"DOCK",2026-01-19 02:15:00,NA,NA,NA
"DOCK",2026-01-19 02:30:00,NA,NA,NA
"DOCK",2026-01-19 02:45:00,NA,NA,NA
"DOCK",2026-01-19 03:00:00,NA,NA,NA
"DOCK",2026-01-19 03:15:00,NA,NA,NA
"DOCK",2026-01-19 03:30:00,NA,NA,NA
"DOCK",2026-01-19 03:45:00,NA,NA,NA
"DOCK",2026-01-19 04:00:00,NA,NA,NA
"DOCK",2026-01-19 04:15:00,NA,NA,NA
"DOCK",2026-01-19 04:30:00,NA,NA,NA
"DOCK",2026-01-19 04:45:00,NA,NA,NA
"DOCK",2026-01-19 05:00:00,NA,NA,NA
"DOCK",2026-01-19 05:15:00,NA,NA,NA
"DOCK",2026-01-19 05:30:00,NA,NA,NA
"DOCK",2026-01-19 05:45:00,NA,NA,NA
"DOCK",2026-01-19 06:00:00,NA,NA,NA
"DOCK",2026-01-19 06:15:00,NA,NA,NA
"DOCK",2026-01-19 06:30:00,NA,NA,NA
"DOCK",2026-01-19 06:45:00,NA,NA,NA
"DOCK",2026-01-19 07:00:00,NA,NA,NA
"DOCK",2026-01-19 07:15:00,NA,NA,NA
"DOCK",2026-01-19 07:30:00,NA,NA,NA
"DOCK",2026-01-19 07:45:00,NA,NA,NA
"DOCK",2026-01-19 08:00:00,NA,NA,NA
"DOCK",2026-01-19 08:15:00,NA,NA,NA
"DOCK",2026-01-19 08:30:00,NA,NA,NA
"DOCK",2026-01-19 08:45:00,NA,NA,NA
"DOCK",2026-01-19 09:00:00,NA,NA,NA
"DOCK",2026-01-19 09:15:00,NA,NA,NA
"DOCK",2026-01-19 09:30:00,NA,NA,NA
"DOCK",2026-01-19 09:45:00,NA,NA,NA
"DOCK",2026-01-19 10:00:00,NA,NA,NA
"DOCK",2026-01-19 10:15:00,NA,NA,NA
"DOCK",2026-01-19 10:30:00,NA,NA,NA
"DOCK",2026-01-19 10:45:00,NA,NA,NA
"DOCK",2026-01-19 11:00:00,NA,NA,NA
"DOCK",2026-01-19 11:15:00,NA,NA,NA
"DOCK",2026-01-19 11:30:00,NA,NA,NA
"DOCK",2026-01-19 11:45:00,NA,NA,NA
"DOCK",2026-01-19 12:00:00,NA,NA,NA
"DOCK",2026-01-19 12:15:00,NA,NA,NA
"DOCK",2026-01-19 12:30:00,NA,NA,NA
"DOCK",2026-01-19 12:45:00,NA,NA,NA
"DOCK",2026-01-19 13:00:00,NA,NA,NA
"DOCK",2026-01-19 13:15:00,NA,NA,NA
"DOCK",2026-01-19 13:30:00,NA,NA,NA
"DOCK",2026-01-19 13:45:00,NA,NA,NA
"DOCK",2026-01-19 14:00:00,NA,NA,NA
"DOCK",2026-01-19 14:15:00,NA,NA,NA
"DOCK",2026-01-19 14:30:00,NA,NA,NA
"DOCK",2026-01-19 14:45:00,NA,NA,NA
"DOCK",2026-01-19 15:00:00,NA,NA,NA
"DOCK",2026-01-19 15:15:00,NA,NA,NA
"DOCK",2026-01-19 15:30:00,NA,NA,NA
"DOCK",2026-01-19 15:45:00,NA,NA,NA
"DOCK",2026-01-19 16:00:00,NA,NA,NA
"DOCK",2026-01-19 16:15:00,NA,NA,NA
"DOCK",2026-01-19 16:30:00,NA,NA,NA
"DOCK",2026-01-19 16:45:00,NA,NA,NA
"DOCK",2026-01-19 17:00:00,NA,NA,NA
"DOCK",2026-01-19 17:15:00,NA,NA,NA
"DOCK",2026-01-19 17:30:00,NA,NA,NA
"DOCK",2026-01-19 17:45:00,NA,NA,NA
"DOCK",2026-01-19 18:00:00,NA,NA,NA
"DOCK",2026-01-19 18:15:00,NA,NA,NA
"DOCK",2026-01-19 18:30:00,NA,NA,NA
"DOCK",2026-01-19 18:45:00,NA,NA,NA
"DOCK",2026-01-19 19:00:00,NA,NA,NA
"DOCK",2026-01-19 19:15:00,NA,NA,NA
"DOCK",2026-01-19 19:30:00,NA,NA,NA
"DOCK",2026-01-19 19:45:00,NA,NA,NA
"DOCK",2026-01-19 20:00:00,NA,NA,NA
"DOCK",2026-01-19 20:15:00,NA,NA,NA
"DOCK",2026-01-19 20:30:00,NA,NA,NA
"DOCK",2026-01-19 20:45:00,NA,NA,NA
"DOCK",2026-01-19 21:00:00,NA,NA,NA
"DOCK",2026-01-19 21:15:00,NA,NA,NA
"DOCK",2026-01-19 21:30:00,NA,NA,NA
"DOCK",2026-01-19 21:45:00,NA,NA,NA
"DOCK",2026-01-19 22:00:00,NA,NA,NA
"DOCK",2026-01-19 22:15:00,NA,NA,NA
"DOCK",2026-01-19 22:30:00,NA,NA,NA
"DOCK",2026-01-19 22:45:00,NA,NA,NA
"DOCK",2026-01-19 23:00:00,NA,NA,NA
"DOCK",2026-01-19 23:15:00,NA,NA,NA
"DOCK",2026-01-19 23:30:00,NA,NA,NA
"DOCK",2026-01-19 23:45:00,NA,NA,NA
"DOCK",2026-01-20,NA,NA,NA
"DOCK",2026-01-20 00:15:00,NA,NA,NA
"DOCK",2026-01-20 00:30:00,NA,NA,NA
"DOCK",2026-01-20 00:45:00,NA,NA,NA
"DOCK",2026-01-20 01:00:00,NA,NA,NA
"DOCK",2026-01-20 01:15:00,NA,NA,NA
"DOCK",2026-01-20 01:30:00,NA,NA,NA
"DOCK",2026-01-20 01:45:00,NA,NA,NA
"DOCK",2026-01-20 02:00:00,NA,NA,NA
"DOCK",2026-01-20 02:15:00,NA,NA,NA
"DOCK",2026-01-20 02:30:00,NA,NA,NA
"DOCK",2026-01-20 02:45:00,NA,NA,NA
"DOCK",2026-01-20 03:00:00,NA,NA,NA
"DOCK",2026-01-20 03:15:00,NA,NA,NA
"DOCK",2026-01-20 03:30:00,NA,NA,NA
"DOCK",2026-01-20 03:45:00,NA,NA,NA
"DOCK",2026-01-20 04:00:00,NA,NA,NA
"DOCK",2026-01-20 04:15:00,NA,NA,NA
"DOCK",2026-01-20 04:30:00,NA,NA,NA
"DOCK",2026-01-20 04:45:00,NA,NA,NA
"DOCK",2026-01-20 05:00:00,NA,NA,NA
"DOCK",2026-01-20 05:15:00,NA,NA,NA
"DOCK",2026-01-20 05:30:00,NA,NA,NA
"DOCK",2026-01-20 05:45:00,NA,NA,NA
"DOCK",2026-01-20 06:00:00,NA,NA,NA
"DOCK",2026-01-20 06:15:00,NA,NA,NA
"DOCK",2026-01-20 06:30:00,NA,NA,NA
"DOCK",2026-01-20 06:45:00,NA,NA,NA
"DOCK",2026-01-20 07:00:00,NA,NA,NA
"DOCK",2026-01-20 07:15:00,NA,NA,NA
"DOCK",2026-01-20 07:30:00,NA,NA,NA
"DOCK",2026-01-20 07:45:00,NA,NA,NA
"DOCK",2026-01-20 08:00:00,NA,NA,NA
"DOCK",2026-01-20 08:15:00,NA,NA,NA
"DOCK",2026-01-20 08:30:00,NA,NA,NA
"DOCK",2026-01-20 08:45:00,NA,NA,NA
"DOCK",2026-01-20 09:00:00,NA,NA,NA
"DOCK",2026-01-20 09:15:00,NA,NA,NA
"DOCK",2026-01-20 09:30:00,NA,NA,NA
"DOCK",2026-01-20 09:45:00,NA,NA,NA
"DOCK",2026-01-20 10:00:00,NA,NA,NA
"DOCK",2026-01-20 10:15:00,NA,NA,NA
"DOCK",2026-01-20 10:30:00,NA,NA,NA
"DOCK",2026-01-20 10:45:00,NA,NA,NA
"DOCK",2026-01-20 11:00:00,NA,NA,NA
"DOCK",2026-01-20 11:15:00,NA,NA,NA
"DOCK",2026-01-20 11:30:00,NA,NA,NA
"DOCK",2026-01-20 11:45:00,NA,NA,NA
"DOCK",2026-01-20 12:00:00,NA,NA,NA
"DOCK",2026-01-20 12:15:00,NA,NA,NA
"DOCK",2026-01-20 12:30:00,NA,NA,NA
"DOCK",2026-01-20 12:45:00,NA,NA,NA
"DOCK",2026-01-20 13:00:00,NA,NA,NA
"DOCK",2026-01-20 13:15:00,0,0,0
"DOCK",2026-01-20 13:30:00,NA,NA,NA
"DOCK",2026-01-20 13:45:00,NA,NA,NA
"DOCK",2026-01-20 14:00:00,NA,NA,NA
"DOCK",2026-01-20 14:15:00,NA,NA,NA
"DOCK",2026-01-20 14:30:00,NA,NA,NA
"DOCK",2026-01-20 14:45:00,NA,NA,NA
"DOCK",2026-01-20 15:00:00,NA,NA,NA
"DOCK",2026-01-20 15:15:00,NA,NA,NA
"DOCK",2026-01-20 15:30:00,NA,NA,NA
"DOCK",2026-01-20 15:45:00,NA,NA,NA
"DOCK",2026-01-20 16:00:00,NA,NA,NA
"DOCK",2026-01-20 16:15:00,NA,NA,NA
"DOCK",2026-01-20 16:30:00,NA,NA,NA
"DOCK",2026-01-20 16:45:00,NA,NA,NA
"DOCK",2026-01-20 17:00:00,NA,NA,NA
"DOCK",2026-01-20 17:15:00,NA,NA,NA
"DOCK",2026-01-20 17:30:00,NA,NA,NA
"DOCK",2026-01-20 17:45:00,NA,NA,NA
"DOCK",2026-01-20 18:00:00,NA,NA,NA
"DOCK",2026-01-20 18:15:00,NA,NA,NA
"DOCK",2026-01-20 18:30:00,NA,NA,NA
"DOCK",2026-01-20 18:45:00,NA,NA,NA
"DOCK",2026-01-20 19:00:00,NA,NA,NA
"DOCK",2026-01-20 19:15:00,NA,NA,NA
"DOCK",2026-01-20 19:30:00,NA,NA,NA
"DOCK",2026-01-20 19:45:00,NA,NA,NA
"DOCK",2026-01-20 20:00:00,NA,NA,NA
"DOCK",2026-01-20 20:15:00,NA,NA,NA
"DOCK",2026-01-20 20:30:00,NA,NA,NA
"DOCK",2026-01-20 20:45:00,NA,NA,NA
"DOCK",2026-01-20 21:00:00,NA,NA,NA
"DOCK",2026-01-20 21:15:00,NA,NA,NA
"DOCK",2026-01-20 21:30:00,NA,NA,NA
"DOCK",2026-01-20 21:45:00,NA,NA,NA
"DOCK",2026-01-20 22:00:00,NA,NA,NA
"DOCK",2026-01-20 22:15:00,NA,NA,NA
"DOCK",2026-01-20 22:30:00,NA,NA,NA
"DOCK",2026-01-20 22:45:00,NA,NA,NA
"DOCK",2026-01-20 23:00:00,NA,NA,NA
"DOCK",2026-01-20 23:15:00,NA,NA,NA
"DOCK",2026-01-20 23:30:00,NA,NA,NA
"DOCK",2026-01-20 23:45:00,NA,NA,NA
"DOCK",2026-01-21,NA,NA,NA
"DOCK",2026-01-21 00:15:00,NA,NA,NA
"DOCK",2026-01-21 00:30:00,NA,NA,NA
"DOCK",2026-01-21 00:45:00,NA,NA,NA
"DOCK",2026-01-21 01:00:00,NA,NA,NA
"DOCK",2026-01-21 01:15:00,NA,NA,NA
"DOCK",2026-01-21 01:30:00,NA,NA,NA
"DOCK",2026-01-21 01:45:00,NA,NA,NA
"DOCK",2026-01-21 02:00:00,NA,NA,NA
"DOCK",2026-01-21 02:15:00,NA,NA,NA
"DOCK",2026-01-21 02:30:00,NA,NA,NA
"DOCK",2026-01-21 02:45:00,NA,NA,NA
"DOCK",2026-01-21 03:00:00,NA,NA,NA
"DOCK",2026-01-21 03:15:00,NA,NA,NA
"DOCK",2026-01-21 03:30:00,NA,NA,NA
"DOCK",2026-01-21 03:45:00,NA,NA,NA
"DOCK",2026-01-21 04:00:00,NA,NA,NA
"DOCK",2026-01-21 04:15:00,NA,NA,NA
"DOCK",2026-01-21 04:30:00,NA,NA,NA
"DOCK",2026-01-21 04:45:00,NA,NA,NA
"DOCK",2026-01-21 05:00:00,NA,NA,NA
"DOCK",2026-01-21 05:15:00,NA,NA,NA
"DOCK",2026-01-21 05:30:00,NA,NA,NA
"DOCK",2026-01-21 05:45:00,NA,NA,NA
"DOCK",2026-01-21 06:00:00,NA,NA,NA
"DOCK",2026-01-21 06:15:00,NA,NA,NA
"DOCK",2026-01-21 06:30:00,NA,NA,NA
"DOCK",2026-01-21 06:45:00,NA,NA,NA
"DOCK",2026-01-21 07:00:00,NA,NA,NA
"DOCK",2026-01-21 07:15:00,NA,NA,NA
"DOCK",2026-01-21 07:30:00,NA,NA,NA
"DOCK",2026-01-21 07:45:00,NA,NA,NA
"DOCK",2026-01-21 08:00:00,NA,NA,NA
"DOCK",2026-01-21 08:15:00,NA,NA,NA
"DOCK",2026-01-21 08:30:00,NA,NA,NA
"DOCK",2026-01-21 08:45:00,NA,NA,NA
"DOCK",2026-01-21 09:00:00,NA,NA,NA
"DOCK",2026-01-21 09:15:00,NA,NA,NA
"DOCK",2026-01-21 09:30:00,NA,NA,NA
"DOCK",2026-01-21 09:45:00,NA,NA,NA
"DOCK",2026-01-21 10:00:00,NA,NA,NA
"DOCK",2026-01-21 10:15:00,NA,NA,NA
"DOCK",2026-01-21 10:30:00,NA,NA,NA
"DOCK",2026-01-21 10:45:00,NA,NA,NA
"DOCK",2026-01-21 11:00:00,NA,NA,NA
"DOCK",2026-01-21 11:15:00,NA,NA,NA
"DOCK",2026-01-21 11:30:00,NA,NA,NA
"DOCK",2026-01-21 11:45:00,NA,NA,NA
"DOCK",2026-01-21 12:00:00,NA,NA,NA
"DOCK",2026-01-21 12:15:00,NA,NA,NA
"DOCK",2026-01-21 12:30:00,NA,NA,NA
"DOCK",2026-01-21 12:45:00,NA,NA,NA
"DOCK",2026-01-21 13:00:00,NA,NA,NA
"DOCK",2026-01-21 13:15:00,NA,NA,NA
"DOCK",2026-01-21 13:30:00,NA,NA,NA
"DOCK",2026-01-21 13:45:00,NA,NA,NA
"DOCK",2026-01-21 14:00:00,NA,NA,NA
"DOCK",2026-01-21 14:15:00,NA,NA,NA
"DOCK",2026-01-21 14:30:00,NA,NA,NA
"DOCK",2026-01-21 14:45:00,NA,NA,NA
"DOCK",2026-01-21 15:00:00,NA,NA,NA
"DOCK",2026-01-21 15:15:00,NA,NA,NA
"DOCK",2026-01-21 15:30:00,NA,NA,NA
"DOCK",2026-01-21 15:45:00,NA,NA,NA
"DOCK",2026-01-21 16:00:00,NA,NA,NA
"DOCK",2026-01-21 16:15:00,NA,NA,NA
"DOCK",2026-01-21 16:30:00,NA,NA,NA
"DOCK",2026-01-21 16:45:00,NA,NA,NA
"DOCK",2026-01-21 17:00:00,NA,NA,NA
"DOCK",2026-01-21 17:15:00,NA,NA,NA
"DOCK",2026-01-21 17:30:00,NA,NA,NA
"DOCK",2026-01-21 17:45:00,NA,NA,NA
"DOCK",2026-01-21 18:00:00,NA,NA,NA
"DOCK",2026-01-21 18:15:00,NA,NA,NA
"DOCK",2026-01-21 18:30:00,NA,NA,NA
"DOCK",2026-01-21 18:45:00,NA,NA,NA
"DOCK",2026-01-21 19:00:00,NA,NA,NA
"DOCK",2026-01-21 19:15:00,NA,NA,NA
"DOCK",2026-01-21 19:30:00,NA,NA,NA
"DOCK",2026-01-21 19:45:00,NA,NA,NA
"DOCK",2026-01-21 20:00:00,NA,NA,NA
"DOCK",2026-01-21 20:15:00,NA,NA,NA
"DOCK",2026-01-21 20:30:00,NA,NA,NA
"DOCK",2026-01-21 20:45:00,NA,NA,NA
"DOCK",2026-01-21 21:00:00,NA,NA,NA
"DOCK",2026-01-21 21:15:00,NA,NA,NA
"DOCK",2026-01-21 21:30:00,NA,NA,NA
"DOCK",2026-01-21 21:45:00,NA,NA,NA
"DOCK",2026-01-21 22:00:00,NA,NA,NA
"DOCK",2026-01-21 22:15:00,NA,NA,NA
"DOCK",2026-01-21 22:30:00,NA,NA,NA
"DOCK",2026-01-21 22:45:00,NA,NA,NA
"DOCK",2026-01-21 23:00:00,NA,NA,NA
"DOCK",2026-01-21 23:15:00,NA,NA,NA
"DOCK",2026-01-21 23:30:00,NA,NA,NA
"DOCK",2026-01-21 23:45:00,NA,NA,NA
"DOCK",2026-01-22,NA,NA,NA
"DOCK",2026-01-22 00:15:00,NA,NA,NA
"DOCK",2026-01-22 00:30:00,NA,NA,NA
"DOCK",2026-01-22 00:45:00,NA,NA,NA
"DOCK",2026-01-22 01:00:00,NA,NA,NA
"DOCK",2026-01-22 01:15:00,NA,NA,NA
"DOCK",2026-01-22 01:30:00,NA,NA,NA
"DOCK",2026-01-22 01:45:00,NA,NA,NA
"DOCK",2026-01-22 02:00:00,NA,NA,NA
"DOCK",2026-01-22 02:15:00,NA,NA,NA
"DOCK",2026-01-22 02:30:00,NA,NA,NA
"DOCK",2026-01-22 02:45:00,NA,NA,NA
"DOCK",2026-01-22 03:00:00,NA,NA,NA
"DOCK",2026-01-22 03:15:00,NA,NA,NA
"DOCK",2026-01-22 03:30:00,NA,NA,NA
"DOCK",2026-01-22 03:45:00,NA,NA,NA
"DOCK",2026-01-22 04:00:00,NA,NA,NA
"DOCK",2026-01-22 04:15:00,NA,NA,NA
"DOCK",2026-01-22 04:30:00,NA,NA,NA
"DOCK",2026-01-22 04:45:00,NA,NA,NA
"DOCK",2026-01-22 05:00:00,NA,NA,NA
"DOCK",2026-01-22 05:15:00,NA,NA,NA
"DOCK",2026-01-22 05:30:00,NA,NA,NA
"DOCK",2026-01-22 05:45:00,NA,NA,NA
"DOCK",2026-01-22 06:00:00,NA,NA,NA
"DOCK",2026-01-22 06:15:00,NA,NA,NA
"DOCK",2026-01-22 06:30:00,NA,NA,NA
"DOCK",2026-01-22 06:45:00,NA,NA,NA
"DOCK",2026-01-22 07:00:00,NA,NA,NA
"DOCK",2026-01-22 07:15:00,NA,NA,NA
"DOCK",2026-01-22 07:30:00,NA,NA,NA
"DOCK",2026-01-22 07:45:00,NA,NA,NA
"DOCK",2026-01-22 08:00:00,NA,NA,NA
"DOCK",2026-01-22 08:15:00,NA,NA,NA
"DOCK",2026-01-22 08:30:00,NA,NA,NA
"DOCK",2026-01-22 08:45:00,NA,NA,NA
"DOCK",2026-01-22 09:00:00,NA,NA,NA
"DOCK",2026-01-22 09:15:00,NA,NA,NA
"DOCK",2026-01-22 09:30:00,NA,NA,NA
"DOCK",2026-01-22 09:45:00,NA,NA,NA
"DOCK",2026-01-22 10:00:00,NA,NA,NA
"DOCK",2026-01-22 10:15:00,NA,NA,NA
"DOCK",2026-01-22 10:30:00,NA,NA,NA
"DOCK",2026-01-22 10:45:00,NA,NA,NA
"DOCK",2026-01-22 11:00:00,NA,NA,NA
"DOCK",2026-01-22 11:15:00,NA,NA,NA
"DOCK",2026-01-22 11:30:00,NA,NA,NA
"DOCK",2026-01-22 11:45:00,NA,NA,NA
"DOCK",2026-01-22 12:00:00,NA,NA,NA
"DOCK",2026-01-22 12:15:00,NA,NA,NA
"DOCK",2026-01-22 12:30:00,NA,NA,NA
"DOCK",2026-01-22 12:45:00,NA,NA,NA
"DOCK",2026-01-22 13:00:00,NA,NA,NA
"DOCK",2026-01-22 13:15:00,NA,NA,NA
"DOCK",2026-01-22 13:30:00,NA,NA,NA
"DOCK",2026-01-22 13:45:00,NA,NA,NA
"DOCK",2026-01-22 14:00:00,NA,NA,NA
"DOCK",2026-01-22 14:15:00,NA,NA,NA
"DOCK",2026-01-22 14:30:00,NA,NA,NA
"DOCK",2026-01-22 14:45:00,NA,NA,NA
"DOCK",2026-01-22 15:00:00,NA,NA,NA
"DOCK",2026-01-22 15:15:00,NA,NA,NA
"DOCK",2026-01-22 15:30:00,NA,NA,NA
"DOCK",2026-01-22 15:45:00,NA,NA,NA
"DOCK",2026-01-22 16:00:00,NA,NA,NA
"DOCK",2026-01-22 16:15:00,NA,NA,NA
"DOCK",2026-01-22 16:30:00,NA,NA,NA
"DOCK",2026-01-22 16:45:00,NA,NA,NA
"DOCK",2026-01-22 17:00:00,NA,NA,NA
"DOCK",2026-01-22 17:15:00,NA,NA,NA
"DOCK",2026-01-22 17:30:00,NA,NA,NA
"DOCK",2026-01-22 17:45:00,NA,NA,NA
"DOCK",2026-01-22 18:00:00,NA,NA,NA
"DOCK",2026-01-22 18:15:00,NA,NA,NA
"DOCK",2026-01-22 18:30:00,NA,NA,NA
"DOCK",2026-01-22 18:45:00,NA,NA,NA
"DOCK",2026-01-22 19:00:00,NA,NA,NA
"DOCK",2026-01-22 19:15:00,NA,NA,NA
"DOCK",2026-01-22 19:30:00,NA,NA,NA
"DOCK",2026-01-22 19:45:00,NA,NA,NA
"DOCK",2026-01-22 20:00:00,NA,NA,NA
"DOCK",2026-01-22 20:15:00,NA,NA,NA
"DOCK",2026-01-22 20:30:00,NA,NA,NA
"DOCK",2026-01-22 20:45:00,NA,NA,NA
"DOCK",2026-01-22 21:00:00,NA,NA,NA
"DOCK",2026-01-22 21:15:00,NA,NA,NA
"DOCK",2026-01-22 21:30:00,NA,NA,NA
"DOCK",2026-01-22 21:45:00,NA,NA,NA
"DOCK",2026-01-22 22:00:00,NA,NA,NA
"DOCK",2026-01-22 22:15:00,NA,NA,NA
"DOCK",2026-01-22 22:30:00,NA,NA,NA
"DOCK",2026-01-22 22:45:00,NA,NA,NA
"DOCK",2026-01-22 23:00:00,NA,NA,NA
"DOCK",2026-01-22 23:15:00,NA,NA,NA
"DOCK",2026-01-22 23:30:00,NA,NA,NA
"DOCK",2026-01-22 23:45:00,NA,NA,NA
"DOCK",2026-01-23,NA,NA,NA
"DOCK",2026-01-23 00:15:00,NA,NA,NA
"DOCK",2026-01-23 00:30:00,NA,NA,NA
"DOCK",2026-01-23 00:45:00,NA,NA,NA
"DOCK",2026-01-23 01:00:00,NA,NA,NA
"DOCK",2026-01-23 01:15:00,NA,NA,NA
"DOCK",2026-01-23 01:30:00,NA,NA,NA
"DOCK",2026-01-23 01:45:00,NA,NA,NA
"DOCK",2026-01-23 02:00:00,NA,NA,NA
"DOCK",2026-01-23 02:15:00,NA,NA,NA
"DOCK",2026-01-23 02:30:00,NA,NA,NA
"DOCK",2026-01-23 02:45:00,NA,NA,NA
"DOCK",2026-01-23 03:00:00,NA,NA,NA
"DOCK",2026-01-23 03:15:00,NA,NA,NA
"DOCK",2026-01-23 03:30:00,NA,NA,NA
"DOCK",2026-01-23 03:45:00,NA,NA,NA
"DOCK",2026-01-23 04:00:00,NA,NA,NA
"DOCK",2026-01-23 04:15:00,NA,NA,NA
"DOCK",2026-01-23 04:30:00,NA,NA,NA
"DOCK",2026-01-23 04:45:00,NA,NA,NA
"DOCK",2026-01-23 05:00:00,NA,NA,NA
"DOCK",2026-01-23 05:15:00,NA,NA,NA
"DOCK",2026-01-23 05:30:00,NA,NA,NA
"DOCK",2026-01-23 05:45:00,NA,NA,NA
"DOCK",2026-01-23 06:00:00,NA,NA,NA
"DOCK",2026-01-23 06:15:00,NA,NA,NA
"DOCK",2026-01-23 06:30:00,NA,NA,NA
"DOCK",2026-01-23 06:45:00,NA,NA,NA
"DOCK",2026-01-23 07:00:00,NA,NA,NA
"DOCK",2026-01-23 07:15:00,NA,NA,NA
"DOCK",2026-01-23 07:30:00,NA,NA,NA
"DOCK",2026-01-23 07:45:00,NA,NA,NA
"DOCK",2026-01-23 08:00:00,NA,NA,NA
"DOCK",2026-01-23 08:15:00,NA,NA,NA
"DOCK",2026-01-23 08:30:00,NA,NA,NA
"DOCK",2026-01-23 08:45:00,NA,NA,NA
"DOCK",2026-01-23 09:00:00,NA,NA,NA
"DOCK",2026-01-23 09:15:00,NA,NA,NA
"DOCK",2026-01-23 09:30:00,NA,NA,NA
"DOCK",2026-01-23 09:45:00,NA,NA,NA
"DOCK",2026-01-23 10:00:00,NA,NA,NA
"DOCK",2026-01-23 10:15:00,NA,NA,NA
"DOCK",2026-01-23 10:30:00,NA,NA,NA
"DOCK",2026-01-23 10:45:00,NA,NA,NA
"DOCK",2026-01-23 11:00:00,NA,NA,NA
"DOCK",2026-01-23 11:15:00,NA,NA,NA
"DOCK",2026-01-23 11:30:00,NA,NA,NA
"DOCK",2026-01-23 11:45:00,NA,NA,NA
"DOCK",2026-01-23 12:00:00,NA,NA,NA
"DOCK",2026-01-23 12:15:00,NA,NA,NA
"DOCK",2026-01-23 12:30:00,NA,NA,NA
"DOCK",2026-01-23 12:45:00,NA,NA,NA
"DOCK",2026-01-23 13:00:00,NA,NA,NA
"DOCK",2026-01-23 13:15:00,NA,NA,NA
"DOCK",2026-01-23 13:30:00,NA,NA,NA
"DOCK",2026-01-23 13:45:00,NA,NA,NA
"DOCK",2026-01-23 14:00:00,NA,NA,NA
"DOCK",2026-01-23 14:15:00,NA,NA,NA
"DOCK",2026-01-23 14:30:00,NA,NA,NA
"DOCK",2026-01-23 14:45:00,NA,NA,NA
"DOCK",2026-01-23 15:00:00,NA,NA,NA
"DOCK",2026-01-23 15:15:00,NA,NA,NA
"DOCK",2026-01-23 15:30:00,NA,NA,NA
"DOCK",2026-01-23 15:45:00,NA,NA,NA
"DOCK",2026-01-23 16:00:00,NA,NA,NA
"DOCK",2026-01-23 16:15:00,NA,NA,NA
"DOCK",2026-01-23 16:30:00,NA,NA,NA
"DOCK",2026-01-23 16:45:00,NA,NA,NA
"DOCK",2026-01-23 17:00:00,NA,NA,NA
"DOCK",2026-01-23 17:15:00,NA,NA,NA
"DOCK",2026-01-23 17:30:00,NA,NA,NA
"DOCK",2026-01-23 17:45:00,NA,NA,NA
"DOCK",2026-01-23 18:00:00,NA,NA,NA
"DOCK",2026-01-23 18:15:00,NA,NA,NA
"DOCK",2026-01-23 18:30:00,NA,NA,NA
"DOCK",2026-01-23 18:45:00,NA,NA,NA
"DOCK",2026-01-23 19:00:00,NA,NA,NA
"DOCK",2026-01-23 19:15:00,NA,NA,NA
"DOCK",2026-01-23 19:30:00,NA,NA,NA
"DOCK",2026-01-23 19:45:00,NA,NA,NA
"DOCK",2026-01-23 20:00:00,NA,NA,NA
"DOCK",2026-01-23 20:15:00,NA,NA,NA
"DOCK",2026-01-23 20:30:00,NA,NA,NA
"DOCK",2026-01-23 20:45:00,NA,NA,NA
"DOCK",2026-01-23 21:00:00,NA,NA,NA
"DOCK",2026-01-23 21:15:00,NA,NA,NA
"DOCK",2026-01-23 21:30:00,NA,NA,NA
"DOCK",2026-01-23 21:45:00,NA,NA,NA
"DOCK",2026-01-23 22:00:00,NA,NA,NA
"DOCK",2026-01-23 22:15:00,NA,NA,NA
"DOCK",2026-01-23 22:30:00,NA,NA,NA
"DOCK",2026-01-23 22:45:00,NA,NA,NA
"DOCK",2026-01-23 23:00:00,NA,NA,NA
"DOCK",2026-01-23 23:15:00,NA,NA,NA
"DOCK",2026-01-23 23:30:00,NA,NA,NA
"DOCK",2026-01-23 23:45:00,NA,NA,NA
"DOCK",2026-01-24,NA,NA,NA
"DOCK",2026-01-24 00:15:00,NA,NA,NA
"DOCK",2026-01-24 00:30:00,NA,NA,NA
"DOCK",2026-01-24 00:45:00,NA,NA,NA
"DOCK",2026-01-24 01:00:00,NA,NA,NA
"DOCK",2026-01-24 01:15:00,NA,NA,NA
"DOCK",2026-01-24 01:30:00,NA,NA,NA
"DOCK",2026-01-24 01:45:00,NA,NA,NA
"DOCK",2026-01-24 02:00:00,NA,NA,NA
"DOCK",2026-01-24 02:15:00,NA,NA,NA
"DOCK",2026-01-24 02:30:00,NA,NA,NA
"DOCK",2026-01-24 02:45:00,NA,NA,NA
"DOCK",2026-01-24 03:00:00,NA,NA,NA
"DOCK",2026-01-24 03:15:00,NA,NA,NA
"DOCK",2026-01-24 03:30:00,NA,NA,NA
"DOCK",2026-01-24 03:45:00,NA,NA,NA
"DOCK",2026-01-24 04:00:00,NA,NA,NA
"DOCK",2026-01-24 04:15:00,NA,NA,NA
"DOCK",2026-01-24 04:30:00,NA,NA,NA
"DOCK",2026-01-24 04:45:00,NA,NA,NA
"DOCK",2026-01-24 05:00:00,NA,NA,NA
"DOCK",2026-01-24 05:15:00,NA,NA,NA
"DOCK",2026-01-24 05:30:00,NA,NA,NA
"DOCK",2026-01-24 05:45:00,NA,NA,NA
"DOCK",2026-01-24 06:00:00,NA,NA,NA
"DOCK",2026-01-24 06:15:00,NA,NA,NA
"DOCK",2026-01-24 06:30:00,NA,NA,NA
"DOCK",2026-01-24 06:45:00,NA,NA,NA
"DOCK",2026-01-24 07:00:00,NA,NA,NA
"DOCK",2026-01-24 07:15:00,NA,NA,NA
"DOCK",2026-01-24 07:30:00,NA,NA,NA
"DOCK",2026-01-24 07:45:00,NA,NA,NA
"DOCK",2026-01-24 08:00:00,NA,NA,NA
"DOCK",2026-01-24 08:15:00,NA,NA,NA
"DOCK",2026-01-24 08:30:00,NA,NA,NA
"DOCK",2026-01-24 08:45:00,NA,NA,NA
"DOCK",2026-01-24 09:00:00,NA,NA,NA
"DOCK",2026-01-24 09:15:00,NA,NA,NA
"DOCK",2026-01-24 09:30:00,NA,NA,NA
"DOCK",2026-01-24 09:45:00,NA,NA,NA
"DOCK",2026-01-24 10:00:00,NA,NA,NA
"DOCK",2026-01-24 10:15:00,NA,NA,NA
"DOCK",2026-01-24 10:30:00,NA,NA,NA
"DOCK",2026-01-24 10:45:00,NA,NA,NA
"DOCK",2026-01-24 11:00:00,NA,NA,NA
"DOCK",2026-01-24 11:15:00,NA,NA,NA
"DOCK",2026-01-24 11:30:00,NA,NA,NA
"DOCK",2026-01-24 11:45:00,NA,NA,NA
"DOCK",2026-01-24 12:00:00,NA,NA,NA
"DOCK",2026-01-24 12:15:00,NA,NA,NA
"DOCK",2026-01-24 12:30:00,NA,NA,NA
"DOCK",2026-01-24 12:45:00,NA,NA,NA
"DOCK",2026-01-24 13:00:00,NA,NA,NA
"DOCK",2026-01-24 13:15:00,NA,NA,NA
"DOCK",2026-01-24 13:30:00,NA,NA,NA
"DOCK",2026-01-24 13:45:00,NA,NA,NA
"DOCK",2026-01-24 14:00:00,NA,NA,NA
"DOCK",2026-01-24 14:15:00,NA,NA,NA
"DOCK",2026-01-24 14:30:00,NA,NA,NA
"DOCK",2026-01-24 14:45:00,NA,NA,NA
"DOCK",2026-01-24 15:00:00,NA,NA,NA
"DOCK",2026-01-24 15:15:00,NA,NA,NA
"DOCK",2026-01-24 15:30:00,NA,NA,NA
"DOCK",2026-01-24 15:45:00,NA,NA,NA
"DOCK",2026-01-24 16:00:00,NA,NA,NA
"DOCK",2026-01-24 16:15:00,NA,NA,NA
"DOCK",2026-01-24 16:30:00,NA,NA,NA
"DOCK",2026-01-24 16:45:00,NA,NA,NA
"DOCK",2026-01-24 17:00:00,NA,NA,NA
"DOCK",2026-01-24 17:15:00,NA,NA,NA
"DOCK",2026-01-24 17:30:00,NA,NA,NA
"DOCK",2026-01-24 17:45:00,NA,NA,NA
"DOCK",2026-01-24 18:00:00,NA,NA,NA
"DOCK",2026-01-24 18:15:00,NA,NA,NA
"DOCK",2026-01-24 18:30:00,NA,NA,NA
"DOCK",2026-01-24 18:45:00,NA,NA,NA
"DOCK",2026-01-24 19:00:00,NA,NA,NA
"DOCK",2026-01-24 19:15:00,NA,NA,NA
"DOCK",2026-01-24 19:30:00,NA,NA,NA
"DOCK",2026-01-24 19:45:00,NA,NA,NA
"DOCK",2026-01-24 20:00:00,NA,NA,NA
"DOCK",2026-01-24 20:15:00,NA,NA,NA
"DOCK",2026-01-24 20:30:00,NA,NA,NA
"DOCK",2026-01-24 20:45:00,NA,NA,NA
"DOCK",2026-01-24 21:00:00,NA,NA,NA
"DOCK",2026-01-24 21:15:00,NA,NA,NA
"DOCK",2026-01-24 21:30:00,NA,NA,NA
"DOCK",2026-01-24 21:45:00,NA,NA,NA
"DOCK",2026-01-24 22:00:00,NA,NA,NA
"DOCK",2026-01-24 22:15:00,NA,NA,NA
"DOCK",2026-01-24 22:30:00,NA,NA,NA
"DOCK",2026-01-24 22:45:00,NA,NA,NA
"DOCK",2026-01-24 23:00:00,NA,NA,NA
"DOCK",2026-01-24 23:15:00,NA,NA,NA
"DOCK",2026-01-24 23:30:00,NA,NA,NA
"DOCK",2026-01-24 23:45:00,NA,NA,NA
"DOCK",2026-01-25,NA,NA,NA
"DOCK",2026-01-25 00:15:00,NA,NA,NA
"DOCK",2026-01-25 00:30:00,NA,NA,NA
"DOCK",2026-01-25 00:45:00,NA,NA,NA
"DOCK",2026-01-25 01:00:00,NA,NA,NA
"DOCK",2026-01-25 01:15:00,NA,NA,NA
"DOCK",2026-01-25 01:30:00,NA,NA,NA
"DOCK",2026-01-25 01:45:00,NA,NA,NA
"DOCK",2026-01-25 02:00:00,NA,NA,NA
"DOCK",2026-01-25 02:15:00,NA,NA,NA
"DOCK",2026-01-25 02:30:00,NA,NA,NA
"DOCK",2026-01-25 02:45:00,NA,NA,NA
"DOCK",2026-01-25 03:00:00,NA,NA,NA
"DOCK",2026-01-25 03:15:00,NA,NA,NA
"DOCK",2026-01-25 03:30:00,NA,NA,NA
"DOCK",2026-01-25 03:45:00,NA,NA,NA
"DOCK",2026-01-25 04:00:00,NA,NA,NA
"DOCK",2026-01-25 04:15:00,NA,NA,NA
"DOCK",2026-01-25 04:30:00,NA,NA,NA
"DOCK",2026-01-25 04:45:00,NA,NA,NA
"DOCK",2026-01-25 05:00:00,NA,NA,NA
"DOCK",2026-01-25 05:15:00,NA,NA,NA
"DOCK",2026-01-25 05:30:00,NA,NA,NA
"DOCK",2026-01-25 05:45:00,NA,NA,NA
"DOCK",2026-01-25 06:00:00,NA,NA,NA
"DOCK",2026-01-25 06:15:00,NA,NA,NA
"DOCK",2026-01-25 06:30:00,NA,NA,NA
"DOCK",2026-01-25 06:45:00,NA,NA,NA
"DOCK",2026-01-25 07:00:00,NA,NA,NA
"DOCK",2026-01-25 07:15:00,NA,NA,NA
"DOCK",2026-01-25 07:30:00,NA,NA,NA
"DOCK",2026-01-25 07:45:00,NA,NA,NA
"DOCK",2026-01-25 08:00:00,NA,NA,NA
"DOCK",2026-01-25 08:15:00,NA,NA,NA
"DOCK",2026-01-25 08:30:00,NA,NA,NA
"DOCK",2026-01-25 08:45:00,NA,NA,NA
"DOCK",2026-01-25 09:00:00,NA,NA,NA
"DOCK",2026-01-25 09:15:00,NA,NA,NA
"DOCK",2026-01-25 09:30:00,NA,NA,NA
"DOCK",2026-01-25 09:45:00,NA,NA,NA
"DOCK",2026-01-25 10:00:00,NA,NA,NA
"DOCK",2026-01-25 10:15:00,NA,NA,NA
"DOCK",2026-01-25 10:30:00,NA,NA,NA
"DOCK",2026-01-25 10:45:00,NA,NA,NA
"DOCK",2026-01-25 11:00:00,NA,NA,NA
"DOCK",2026-01-25 11:15:00,NA,NA,NA
"DOCK",2026-01-25 11:30:00,NA,NA,NA
"DOCK",2026-01-25 11:45:00,NA,NA,NA
"DOCK",2026-01-25 12:00:00,NA,NA,NA
"DOCK",2026-01-25 12:15:00,NA,NA,NA
"DOCK",2026-01-25 12:30:00,NA,NA,NA
"DOCK",2026-01-25 12:45:00,NA,NA,NA
"DOCK",2026-01-25 13:00:00,NA,NA,NA
"DOCK",2026-01-25 13:15:00,NA,NA,NA
"DOCK",2026-01-25 13:30:00,NA,NA,NA
"DOCK",2026-01-25 13:45:00,NA,NA,NA
"DOCK",2026-01-25 14:00:00,NA,NA,NA
"DOCK",2026-01-25 14:15:00,NA,NA,NA
"DOCK",2026-01-25 14:30:00,NA,NA,NA
"DOCK",2026-01-25 14:45:00,NA,NA,NA
"DOCK",2026-01-25 15:00:00,NA,NA,NA
"DOCK",2026-01-25 15:15:00,NA,NA,NA
"DOCK",2026-01-25 15:30:00,NA,NA,NA
"DOCK",2026-01-25 15:45:00,NA,NA,NA
"DOCK",2026-01-25 16:00:00,NA,NA,NA
"DOCK",2026-01-25 16:15:00,NA,NA,NA
"DOCK",2026-01-25 16:30:00,NA,NA,NA
"DOCK",2026-01-25 16:45:00,NA,NA,NA
"DOCK",2026-01-25 17:00:00,NA,NA,NA
"DOCK",2026-01-25 17:15:00,NA,NA,NA
"DOCK",2026-01-25 17:30:00,NA,NA,NA
"DOCK",2026-01-25 17:45:00,NA,NA,NA
"DOCK",2026-01-25 18:00:00,NA,NA,NA
"DOCK",2026-01-25 18:15:00,NA,NA,NA
"DOCK",2026-01-25 18:30:00,NA,NA,NA
"DOCK",2026-01-25 18:45:00,NA,NA,NA
"DOCK",2026-01-25 19:00:00,NA,NA,NA
"DOCK",2026-01-25 19:15:00,NA,NA,NA
"DOCK",2026-01-25 19:30:00,NA,NA,NA
"DOCK",2026-01-25 19:45:00,NA,NA,NA
"DOCK",2026-01-25 20:00:00,NA,NA,NA
"DOCK",2026-01-25 20:15:00,NA,NA,NA
"DOCK",2026-01-25 20:30:00,NA,NA,NA
"DOCK",2026-01-25 20:45:00,NA,NA,NA
"DOCK",2026-01-25 21:00:00,NA,NA,NA
"DOCK",2026-01-25 21:15:00,NA,NA,NA
"DOCK",2026-01-25 21:30:00,NA,NA,NA
"DOCK",2026-01-25 21:45:00,NA,NA,NA
"DOCK",2026-01-25 22:00:00,NA,NA,NA
"DOCK",2026-01-25 22:15:00,NA,NA,NA
"DOCK",2026-01-25 22:30:00,NA,NA,NA
"DOCK",2026-01-25 22:45:00,NA,NA,NA
"DOCK",2026-01-25 23:00:00,NA,NA,NA
"DOCK",2026-01-25 23:15:00,NA,NA,NA
"DOCK",2026-01-25 23:30:00,NA,NA,NA
"DOCK",2026-01-25 23:45:00,NA,NA,NA
"DOCK",2026-01-26,NA,NA,NA
"DOCK",2026-01-26 00:15:00,NA,NA,NA
"DOCK",2026-01-26 00:30:00,NA,NA,NA
"DOCK",2026-01-26 00:45:00,NA,NA,NA
"DOCK",2026-01-26 01:00:00,NA,NA,NA
"DOCK",2026-01-26 01:15:00,NA,NA,NA
"DOCK",2026-01-26 01:30:00,NA,NA,NA
"DOCK",2026-01-26 01:45:00,NA,NA,NA
"DOCK",2026-01-26 02:00:00,NA,NA,NA
"DOCK",2026-01-26 02:15:00,NA,NA,NA
"DOCK",2026-01-26 02:30:00,NA,NA,NA
"DOCK",2026-01-26 02:45:00,NA,NA,NA
"DOCK",2026-01-26 03:00:00,NA,NA,NA
"DOCK",2026-01-26 03:15:00,NA,NA,NA
"DOCK",2026-01-26 03:30:00,NA,NA,NA
"DOCK",2026-01-26 03:45:00,NA,NA,NA
"DOCK",2026-01-26 04:00:00,NA,NA,NA
"DOCK",2026-01-26 04:15:00,NA,NA,NA
"DOCK",2026-01-26 04:30:00,NA,NA,NA
"DOCK",2026-01-26 04:45:00,NA,NA,NA
"DOCK",2026-01-26 05:00:00,NA,NA,NA
"DOCK",2026-01-26 05:15:00,NA,NA,NA
"DOCK",2026-01-26 05:30:00,NA,NA,NA
"DOCK",2026-01-26 05:45:00,NA,NA,NA
"DOCK",2026-01-26 06:00:00,NA,NA,NA
"DOCK",2026-01-26 06:15:00,NA,NA,NA
"DOCK",2026-01-26 06:30:00,NA,NA,NA
"DOCK",2026-01-26 06:45:00,NA,NA,NA
"DOCK",2026-01-26 07:00:00,NA,NA,NA
"DOCK",2026-01-26 07:15:00,NA,NA,NA
"DOCK",2026-01-26 07:30:00,NA,NA,NA
"DOCK",2026-01-26 07:45:00,NA,NA,NA
"DOCK",2026-01-26 08:00:00,NA,NA,NA
"DOCK",2026-01-26 08:15:00,NA,NA,NA
"DOCK",2026-01-26 08:30:00,NA,NA,NA
"DOCK",2026-01-26 08:45:00,NA,NA,NA
"DOCK",2026-01-26 09:00:00,NA,NA,NA
"DOCK",2026-01-26 09:15:00,NA,NA,NA
"DOCK",2026-01-26 09:30:00,NA,NA,NA
"DOCK",2026-01-26 09:45:00,NA,NA,NA
"DOCK",2026-01-26 10:00:00,NA,NA,NA
"DOCK",2026-01-26 10:15:00,NA,NA,NA
"DOCK",2026-01-26 10:30:00,NA,NA,NA
"DOCK",2026-01-26 10:45:00,NA,NA,NA
"DOCK",2026-01-26 11:00:00,NA,NA,NA
"DOCK",2026-01-26 11:15:00,NA,NA,NA
"DOCK",2026-01-26 11:30:00,NA,NA,NA
"DOCK",2026-01-26 11:45:00,NA,NA,NA
"DOCK",2026-01-26 12:00:00,NA,NA,NA
"DOCK",2026-01-26 12:15:00,NA,NA,NA
"DOCK",2026-01-26 12:30:00,NA,NA,NA
"DOCK",2026-01-26 12:45:00,NA,NA,NA
"DOCK",2026-01-26 13:00:00,NA,NA,NA
"DOCK",2026-01-26 13:15:00,NA,NA,NA
"DOCK",2026-01-26 13:30:00,NA,NA,NA
"DOCK",2026-01-26 13:45:00,NA,NA,NA
"DOCK",2026-01-26 14:00:00,NA,NA,NA
"DOCK",2026-01-26 14:15:00,NA,NA,NA
"DOCK",2026-01-26 14:30:00,NA,NA,NA
"DOCK",2026-01-26 14:45:00,NA,NA,NA
"DOCK",2026-01-26 15:00:00,NA,NA,NA
"DOCK",2026-01-26 15:15:00,NA,NA,NA
"DOCK",2026-01-26 15:30:00,NA,NA,NA
"DOCK",2026-01-26 15:45:00,NA,NA,NA
"DOCK",2026-01-26 16:00:00,NA,NA,NA
"DOCK",2026-01-26 16:15:00,NA,NA,NA
"DOCK",2026-01-26 16:30:00,NA,NA,NA
"DOCK",2026-01-26 16:45:00,NA,NA,NA
"DOCK",2026-01-26 17:00:00,NA,NA,NA
"DOCK",2026-01-26 17:15:00,NA,NA,NA
"DOCK",2026-01-26 17:30:00,NA,NA,NA
"DOCK",2026-01-26 17:45:00,NA,NA,NA
"DOCK",2026-01-26 18:00:00,NA,NA,NA
"DOCK",2026-01-26 18:15:00,NA,NA,NA
"DOCK",2026-01-26 18:30:00,NA,NA,NA
"DOCK",2026-01-26 18:45:00,NA,NA,NA
"DOCK",2026-01-26 19:00:00,NA,NA,NA
"DOCK",2026-01-26 19:15:00,NA,NA,NA
"DOCK",2026-01-26 19:30:00,NA,NA,NA
"DOCK",2026-01-26 19:45:00,NA,NA,NA
"DOCK",2026-01-26 20:00:00,NA,NA,NA
"DOCK",2026-01-26 20:15:00,NA,NA,NA
"DOCK",2026-01-26 20:30:00,NA,NA,NA
"DOCK",2026-01-26 20:45:00,NA,NA,NA
"DOCK",2026-01-26 21:00:00,NA,NA,NA
"DOCK",2026-01-26 21:15:00,NA,NA,NA
"DOCK",2026-01-26 21:30:00,NA,NA,NA
"DOCK",2026-01-26 21:45:00,NA,NA,NA
"DOCK",2026-01-26 22:00:00,NA,NA,NA
"DOCK",2026-01-26 22:15:00,NA,NA,NA
"DOCK",2026-01-26 22:30:00,NA,NA,NA
"DOCK",2026-01-26 22:45:00,NA,NA,NA
"DOCK",2026-01-26 23:00:00,NA,NA,NA
"DOCK",2026-01-26 23:15:00,NA,NA,NA
"DOCK",2026-01-26 23:30:00,NA,NA,NA
"DOCK",2026-01-26 23:45:00,NA,NA,NA
"DOCK",2026-01-27,NA,NA,NA
"DOCK",2026-01-27 00:15:00,NA,NA,NA
"DOCK",2026-01-27 00:30:00,NA,NA,NA
"DOCK",2026-01-27 00:45:00,NA,NA,NA
"DOCK",2026-01-27 01:00:00,NA,NA,NA
"DOCK",2026-01-27 01:15:00,NA,NA,NA
"DOCK",2026-01-27 01:30:00,NA,NA,NA
"DOCK",2026-01-27 01:45:00,NA,NA,NA
"DOCK",2026-01-27 02:00:00,NA,NA,NA
"DOCK",2026-01-27 02:15:00,NA,NA,NA
"DOCK",2026-01-27 02:30:00,NA,NA,NA
"DOCK",2026-01-27 02:45:00,NA,NA,NA
"DOCK",2026-01-27 03:00:00,NA,NA,NA
"DOCK",2026-01-27 03:15:00,NA,NA,NA
"DOCK",2026-01-27 03:30:00,NA,NA,NA
"DOCK",2026-01-27 03:45:00,NA,NA,NA
"DOCK",2026-01-27 04:00:00,NA,NA,NA
"DOCK",2026-01-27 04:15:00,NA,NA,NA
"DOCK",2026-01-27 04:30:00,NA,NA,NA
"DOCK",2026-01-27 04:45:00,NA,NA,NA
"DOCK",2026-01-27 05:00:00,NA,NA,NA
"DOCK",2026-01-27 05:15:00,NA,NA,NA
"DOCK",2026-01-27 05:30:00,NA,NA,NA
"DOCK",2026-01-27 05:45:00,NA,NA,NA
"DOCK",2026-01-27 06:00:00,NA,NA,NA
"DOCK",2026-01-27 06:15:00,NA,NA,NA
"DOCK",2026-01-27 06:30:00,NA,NA,NA
"DOCK",2026-01-27 06:45:00,NA,NA,NA
"DOCK",2026-01-27 07:00:00,NA,NA,NA
"DOCK",2026-01-27 07:15:00,NA,NA,NA
"DOCK",2026-01-27 07:30:00,NA,NA,NA
"DOCK",2026-01-27 07:45:00,NA,NA,NA
"DOCK",2026-01-27 08:00:00,NA,NA,NA
"DOCK",2026-01-27 08:15:00,NA,NA,NA
"DOCK",2026-01-27 08:30:00,NA,NA,NA
"DOCK",2026-01-27 08:45:00,NA,NA,NA
"DOCK",2026-01-27 09:00:00,NA,NA,NA
"DOCK",2026-01-27 09:15:00,NA,NA,NA
"DOCK",2026-01-27 09:30:00,NA,NA,NA
"DOCK",2026-01-27 09:45:00,NA,NA,NA
"DOCK",2026-01-27 10:00:00,NA,NA,NA
"DOCK",2026-01-27 10:15:00,NA,NA,NA
"DOCK",2026-01-27 10:30:00,NA,NA,NA
"DOCK",2026-01-27 10:45:00,NA,NA,NA
"DOCK",2026-01-27 11:00:00,NA,NA,NA
"DOCK",2026-01-27 11:15:00,NA,NA,NA
"DOCK",2026-01-27 11:30:00,NA,NA,NA
"DOCK",2026-01-27 11:45:00,NA,NA,NA
"DOCK",2026-01-27 12:00:00,NA,NA,NA
"DOCK",2026-01-27 12:15:00,NA,NA,NA
"DOCK",2026-01-27 12:30:00,NA,NA,NA
"DOCK",2026-01-27 12:45:00,NA,NA,NA
"DOCK",2026-01-27 13:00:00,NA,NA,NA
"DOCK",2026-01-27 13:15:00,NA,NA,NA
"DOCK",2026-01-27 13:30:00,NA,NA,NA
"DOCK",2026-01-27 13:45:00,NA,NA,NA
"DOCK",2026-01-27 14:00:00,NA,NA,NA
"DOCK",2026-01-27 14:15:00,NA,NA,NA
"DOCK",2026-01-27 14:30:00,NA,NA,NA
"DOCK",2026-01-27 14:45:00,NA,NA,NA
"DOCK",2026-01-27 15:00:00,NA,NA,NA
"DOCK",2026-01-27 15:15:00,NA,NA,NA
"DOCK",2026-01-27 15:30:00,NA,NA,NA
"DOCK",2026-01-27 15:45:00,NA,NA,NA
"DOCK",2026-01-27 16:00:00,NA,NA,NA
"DOCK",2026-01-27 16:15:00,NA,NA,NA
"DOCK",2026-01-27 16:30:00,NA,NA,NA
"DOCK",2026-01-27 16:45:00,NA,NA,NA
"DOCK",2026-01-27 17:00:00,NA,NA,NA
"DOCK",2026-01-27 17:15:00,NA,NA,NA
"DOCK",2026-01-27 17:30:00,NA,NA,NA
"DOCK",2026-01-27 17:45:00,NA,NA,NA
"DOCK",2026-01-27 18:00:00,NA,NA,NA
"DOCK",2026-01-27 18:15:00,NA,NA,NA
"DOCK",2026-01-27 18:30:00,NA,NA,NA
"DOCK",2026-01-27 18:45:00,NA,NA,NA
"DOCK",2026-01-27 19:00:00,NA,NA,NA
"DOCK",2026-01-27 19:15:00,NA,NA,NA
"DOCK",2026-01-27 19:30:00,NA,NA,NA
"DOCK",2026-01-27 19:45:00,NA,NA,NA
"DOCK",2026-01-27 20:00:00,NA,NA,NA
"DOCK",2026-01-27 20:15:00,NA,NA,NA
"DOCK",2026-01-27 20:30:00,NA,NA,NA
"DOCK",2026-01-27 20:45:00,NA,NA,NA
"DOCK",2026-01-27 21:00:00,NA,NA,NA
"DOCK",2026-01-27 21:15:00,NA,NA,NA
"DOCK",2026-01-27 21:30:00,NA,NA,NA
"DOCK",2026-01-27 21:45:00,NA,NA,NA
"DOCK",2026-01-27 22:00:00,NA,NA,NA
"DOCK",2026-01-27 22:15:00,NA,NA,NA
"DOCK",2026-01-27 22:30:00,NA,NA,NA
"DOCK",2026-01-27 22:45:00,NA,NA,NA
"DOCK",2026-01-27 23:00:00,NA,NA,NA
"DOCK",2026-01-27 23:15:00,NA,NA,NA
"DOCK",2026-01-27 23:30:00,NA,NA,NA
"DOCK",2026-01-27 23:45:00,NA,NA,NA
"DOCK",2026-01-28,NA,NA,NA
"DOCK",2026-01-28 00:15:00,NA,NA,NA
"DOCK",2026-01-28 00:30:00,NA,NA,NA
"DOCK",2026-01-28 00:45:00,NA,NA,NA
"DOCK",2026-01-28 01:00:00,NA,NA,NA
"DOCK",2026-01-28 01:15:00,NA,NA,NA
"DOCK",2026-01-28 01:30:00,NA,NA,NA
"DOCK",2026-01-28 01:45:00,NA,NA,NA
"DOCK",2026-01-28 02:00:00,NA,NA,NA
"DOCK",2026-01-28 02:15:00,NA,NA,NA
"DOCK",2026-01-28 02:30:00,NA,NA,NA
"DOCK",2026-01-28 02:45:00,NA,NA,NA
"DOCK",2026-01-28 03:00:00,NA,NA,NA
"DOCK",2026-01-28 03:15:00,NA,NA,NA
"DOCK",2026-01-28 03:30:00,NA,NA,NA
"DOCK",2026-01-28 03:45:00,NA,NA,NA
"DOCK",2026-01-28 04:00:00,NA,NA,NA
"DOCK",2026-01-28 04:15:00,NA,NA,NA
"DOCK",2026-01-28 04:30:00,NA,NA,NA
"DOCK",2026-01-28 04:45:00,NA,NA,NA
"DOCK",2026-01-28 05:00:00,NA,NA,NA
"DOCK",2026-01-28 05:15:00,NA,NA,NA
"DOCK",2026-01-28 05:30:00,NA,NA,NA
"DOCK",2026-01-28 05:45:00,NA,NA,NA
"DOCK",2026-01-28 06:00:00,NA,NA,NA
"DOCK",2026-01-28 06:15:00,NA,NA,NA
"DOCK",2026-01-28 06:30:00,NA,NA,NA
"DOCK",2026-01-28 06:45:00,NA,NA,NA
"DOCK",2026-01-28 07:00:00,NA,NA,NA
"DOCK",2026-01-28 07:15:00,NA,NA,NA
"DOCK",2026-01-28 07:30:00,NA,NA,NA
"DOCK",2026-01-28 07:45:00,NA,NA,NA
"DOCK",2026-01-28 08:00:00,NA,NA,NA
"DOCK",2026-01-28 08:15:00,NA,NA,NA
"DOCK",2026-01-28 08:30:00,NA,NA,NA
"DOCK",2026-01-28 08:45:00,NA,NA,NA
"DOCK",2026-01-28 09:00:00,NA,NA,NA
"DOCK",2026-01-28 09:15:00,NA,NA,NA
"DOCK",2026-01-28 09:30:00,NA,NA,NA
"DOCK",2026-01-28 09:45:00,NA,NA,NA
"DOCK",2026-01-28 10:00:00,NA,NA,NA
"DOCK",2026-01-28 10:15:00,NA,NA,NA
"DOCK",2026-01-28 10:30:00,NA,NA,NA
"DOCK",2026-01-28 10:45:00,NA,NA,NA
"DOCK",2026-01-28 11:00:00,NA,NA,NA
"DOCK",2026-01-28 11:15:00,NA,NA,NA
"DOCK",2026-01-28 11:30:00,NA,NA,NA
"DOCK",2026-01-28 11:45:00,NA,NA,NA
"DOCK",2026-01-28 12:00:00,NA,NA,NA
"DOCK",2026-01-28 12:15:00,NA,NA,NA
"DOCK",2026-01-28 12:30:00,NA,NA,NA
"DOCK",2026-01-28 12:45:00,NA,NA,NA
"DOCK",2026-01-28 13:00:00,NA,NA,NA
"DOCK",2026-01-28 13:15:00,NA,NA,NA
"DOCK",2026-01-28 13:30:00,NA,NA,NA
"DOCK",2026-01-28 13:45:00,NA,NA,NA
"DOCK",2026-01-28 14:00:00,NA,NA,NA
"DOCK",2026-01-28 14:15:00,NA,NA,NA
"DOCK",2026-01-28 14:30:00,NA,NA,NA
"DOCK",2026-01-28 14:45:00,NA,NA,NA
"DOCK",2026-01-28 15:00:00,NA,NA,NA
"DOCK",2026-01-28 15:15:00,NA,NA,NA
"DOCK",2026-01-28 15:30:00,NA,NA,NA
"DOCK",2026-01-28 15:45:00,NA,NA,NA
"DOCK",2026-01-28 16:00:00,NA,NA,NA
"DOCK",2026-01-28 16:15:00,NA,NA,NA
"DOCK",2026-01-28 16:30:00,NA,NA,NA
"DOCK",2026-01-28 16:45:00,NA,NA,NA
"DOCK",2026-01-28 17:00:00,NA,NA,NA
"DOCK",2026-01-28 17:15:00,NA,NA,NA
"DOCK",2026-01-28 17:30:00,NA,NA,NA
"DOCK",2026-01-28 17:45:00,NA,NA,NA
"DOCK",2026-01-28 18:00:00,NA,NA,NA
"DOCK",2026-01-28 18:15:00,NA,NA,NA
"DOCK",2026-01-28 18:30:00,NA,NA,NA
"DOCK",2026-01-28 18:45:00,NA,NA,NA
"DOCK",2026-01-28 19:00:00,NA,NA,NA
"DOCK",2026-01-28 19:15:00,NA,NA,NA
"DOCK",2026-01-28 19:30:00,NA,NA,NA
"DOCK",2026-01-28 19:45:00,NA,NA,NA
"DOCK",2026-01-28 20:00:00,NA,NA,NA
"DOCK",2026-01-28 20:15:00,NA,NA,NA
"DOCK",2026-01-28 20:30:00,NA,NA,NA
"DOCK",2026-01-28 20:45:00,NA,NA,NA
"DOCK",2026-01-28 21:00:00,NA,NA,NA
"DOCK",2026-01-28 21:15:00,NA,NA,NA
"DOCK",2026-01-28 21:30:00,NA,NA,NA
"DOCK",2026-01-28 21:45:00,NA,NA,NA
"DOCK",2026-01-28 22:00:00,NA,NA,NA
"DOCK",2026-01-28 22:15:00,NA,NA,NA
"DOCK",2026-01-28 22:30:00,NA,NA,NA
"DOCK",2026-01-28 22:45:00,NA,NA,NA
"DOCK",2026-01-28 23:00:00,NA,NA,NA
"DOCK",2026-01-28 23:15:00,NA,NA,NA
"DOCK",2026-01-28 23:30:00,NA,NA,NA
"DOCK",2026-01-28 23:45:00,NA,NA,NA
"DOCK",2026-01-29,NA,NA,NA
"DOCK",2026-01-29 00:15:00,NA,NA,NA
"DOCK",2026-01-29 00:30:00,NA,NA,NA
"DOCK",2026-01-29 00:45:00,NA,NA,NA
"DOCK",2026-01-29 01:00:00,NA,NA,NA
"DOCK",2026-01-29 01:15:00,NA,NA,NA
"DOCK",2026-01-29 01:30:00,NA,NA,NA
"DOCK",2026-01-29 01:45:00,NA,NA,NA
"DOCK",2026-01-29 02:00:00,NA,NA,NA
"DOCK",2026-01-29 02:15:00,NA,NA,NA
"DOCK",2026-01-29 02:30:00,NA,NA,NA
"DOCK",2026-01-29 02:45:00,NA,NA,NA
"DOCK",2026-01-29 03:00:00,NA,NA,NA
"DOCK",2026-01-29 03:15:00,NA,NA,NA
"DOCK",2026-01-29 03:30:00,NA,NA,NA
"DOCK",2026-01-29 03:45:00,NA,NA,NA
"DOCK",2026-01-29 04:00:00,NA,NA,NA
"DOCK",2026-01-29 04:15:00,NA,NA,NA
"DOCK",2026-01-29 04:30:00,NA,NA,NA
"DOCK",2026-01-29 04:45:00,NA,NA,NA
"DOCK",2026-01-29 05:00:00,NA,NA,NA
"DOCK",2026-01-29 05:15:00,NA,NA,NA
"DOCK",2026-01-29 05:30:00,NA,NA,NA
"DOCK",2026-01-29 05:45:00,NA,NA,NA
"DOCK",2026-01-29 06:00:00,NA,NA,NA
"DOCK",2026-01-29 06:15:00,NA,NA,NA
"DOCK",2026-01-29 06:30:00,NA,NA,NA
"DOCK",2026-01-29 06:45:00,NA,NA,NA
"DOCK",2026-01-29 07:00:00,NA,NA,NA
"DOCK",2026-01-29 07:15:00,NA,NA,NA
"DOCK",2026-01-29 07:30:00,NA,NA,NA
"DOCK",2026-01-29 07:45:00,NA,NA,NA
"DOCK",2026-01-29 08:00:00,NA,NA,NA
"DOCK",2026-01-29 08:15:00,NA,NA,NA
"DOCK",2026-01-29 08:30:00,NA,NA,NA
"DOCK",2026-01-29 08:45:00,NA,NA,NA
"DOCK",2026-01-29 09:00:00,NA,NA,NA
"DOCK",2026-01-29 09:15:00,NA,NA,NA
"DOCK",2026-01-29 09:30:00,NA,NA,NA
"DOCK",2026-01-29 09:45:00,NA,NA,NA
"DOCK",2026-01-29 10:00:00,NA,NA,NA
"DOCK",2026-01-29 10:15:00,NA,NA,NA
"DOCK",2026-01-29 10:30:00,NA,NA,NA
"DOCK",2026-01-29 10:45:00,NA,NA,NA
"DOCK",2026-01-29 11:00:00,NA,NA,NA
"DOCK",2026-01-29 11:15:00,NA,NA,NA
"DOCK",2026-01-29 11:30:00,NA,NA,NA
"DOCK",2026-01-29 11:45:00,NA,NA,NA
"DOCK",2026-01-29 12:00:00,NA,NA,NA
"DOCK",2026-01-29 12:15:00,NA,NA,NA
"DOCK",2026-01-29 12:30:00,NA,NA,NA
"DOCK",2026-01-29 12:45:00,NA,NA,NA
"DOCK",2026-01-29 13:00:00,NA,NA,NA
"DOCK",2026-01-29 13:15:00,NA,NA,NA
"DOCK",2026-01-29 13:30:00,NA,NA,NA
"DOCK",2026-01-29 13:45:00,NA,NA,NA
"DOCK",2026-01-29 14:00:00,NA,NA,NA
"DOCK",2026-01-29 14:15:00,NA,NA,NA
"DOCK",2026-01-29 14:30:00,NA,NA,NA
"DOCK",2026-01-29 14:45:00,NA,NA,NA
"DOCK",2026-01-29 15:00:00,NA,NA,NA
"DOCK",2026-01-29 15:15:00,NA,NA,NA
"DOCK",2026-01-29 15:30:00,NA,NA,NA
"DOCK",2026-01-29 15:45:00,NA,NA,NA
"DOCK",2026-01-29 16:00:00,NA,NA,NA
"DOCK",2026-01-29 16:15:00,NA,NA,NA
"DOCK",2026-01-29 16:30:00,NA,NA,NA
"DOCK",2026-01-29 16:45:00,NA,NA,NA
"DOCK",2026-01-29 17:00:00,NA,NA,NA
"DOCK",2026-01-29 17:15:00,NA,NA,NA
"DOCK",2026-01-29 17:30:00,NA,NA,NA
"DOCK",2026-01-29 17:45:00,NA,NA,NA
"DOCK",2026-01-29 18:00:00,NA,NA,NA
"DOCK",2026-01-29 18:15:00,NA,NA,NA
"DOCK",2026-01-29 18:30:00,NA,NA,NA
"DOCK",2026-01-29 18:45:00,NA,NA,NA
"DOCK",2026-01-29 19:00:00,NA,NA,NA
"DOCK",2026-01-29 19:15:00,NA,NA,NA
"DOCK",2026-01-29 19:30:00,NA,NA,NA
"DOCK",2026-01-29 19:45:00,NA,NA,NA
"DOCK",2026-01-29 20:00:00,NA,NA,NA
"DOCK",2026-01-29 20:15:00,NA,NA,NA
"DOCK",2026-01-29 20:30:00,NA,NA,NA
"DOCK",2026-01-29 20:45:00,NA,NA,NA
"DOCK",2026-01-29 21:00:00,NA,NA,NA
"DOCK",2026-01-29 21:15:00,NA,NA,NA
"DOCK",2026-01-29 21:30:00,NA,NA,NA
"DOCK",2026-01-29 21:45:00,NA,NA,NA
"DOCK",2026-01-29 22:00:00,NA,NA,NA
"DOCK",2026-01-29 22:15:00,NA,NA,NA
"DOCK",2026-01-29 22:30:00,NA,NA,NA
"DOCK",2026-01-29 22:45:00,NA,NA,NA
"DOCK",2026-01-29 23:00:00,NA,NA,NA
"DOCK",2026-01-29 23:15:00,NA,NA,NA
"DOCK",2026-01-29 23:30:00,NA,NA,NA
"DOCK",2026-01-29 23:45:00,NA,NA,NA
"DOCK",2026-01-30,NA,NA,NA
"DOCK",2026-01-30 00:15:00,NA,NA,NA
"DOCK",2026-01-30 00:30:00,NA,NA,NA
"DOCK",2026-01-30 00:45:00,NA,NA,NA
"DOCK",2026-01-30 01:00:00,NA,NA,NA
"DOCK",2026-01-30 01:15:00,NA,NA,NA
"DOCK",2026-01-30 01:30:00,NA,NA,NA
"DOCK",2026-01-30 01:45:00,NA,NA,NA
"DOCK",2026-01-30 02:00:00,NA,NA,NA
"DOCK",2026-01-30 02:15:00,NA,NA,NA
"DOCK",2026-01-30 02:30:00,NA,NA,NA
"DOCK",2026-01-30 02:45:00,NA,NA,NA
"DOCK",2026-01-30 03:00:00,NA,NA,NA
"DOCK",2026-01-30 03:15:00,NA,NA,NA
"DOCK",2026-01-30 03:30:00,NA,NA,NA
"DOCK",2026-01-30 03:45:00,NA,NA,NA
"DOCK",2026-01-30 04:00:00,NA,NA,NA
"DOCK",2026-01-30 04:15:00,NA,NA,NA
"DOCK",2026-01-30 04:30:00,NA,NA,NA
"DOCK",2026-01-30 04:45:00,NA,NA,NA
"DOCK",2026-01-30 05:00:00,NA,NA,NA
"DOCK",2026-01-30 05:15:00,NA,NA,NA
"DOCK",2026-01-30 05:30:00,NA,NA,NA
"DOCK",2026-01-30 05:45:00,NA,NA,NA
"DOCK",2026-01-30 06:00:00,NA,NA,NA
"DOCK",2026-01-30 06:15:00,NA,NA,NA
"DOCK",2026-01-30 06:30:00,NA,NA,NA
"DOCK",2026-01-30 06:45:00,NA,NA,NA
"DOCK",2026-01-30 07:00:00,NA,NA,NA
"DOCK",2026-01-30 07:15:00,NA,NA,NA
"DOCK",2026-01-30 07:30:00,NA,NA,NA
"DOCK",2026-01-30 07:45:00,NA,NA,NA
"DOCK",2026-01-30 08:00:00,NA,NA,NA
"DOCK",2026-01-30 08:15:00,NA,NA,NA
"DOCK",2026-01-30 08:30:00,NA,NA,NA
"DOCK",2026-01-30 08:45:00,NA,NA,NA
"DOCK",2026-01-30 09:00:00,NA,NA,NA
"DOCK",2026-01-30 09:15:00,NA,NA,NA
"DOCK",2026-01-30 09:30:00,NA,NA,NA
"DOCK",2026-01-30 09:45:00,NA,NA,NA
"DOCK",2026-01-30 10:00:00,NA,NA,NA
"DOCK",2026-01-30 10:15:00,NA,NA,NA
"DOCK",2026-01-30 10:30:00,NA,NA,NA
"DOCK",2026-01-30 10:45:00,NA,NA,NA
"DOCK",2026-01-30 11:00:00,NA,NA,NA
"DOCK",2026-01-30 11:15:00,NA,NA,NA
"DOCK",2026-01-30 11:30:00,NA,NA,NA
"DOCK",2026-01-30 11:45:00,NA,NA,NA
"DOCK",2026-01-30 12:00:00,NA,NA,NA
"DOCK",2026-01-30 12:15:00,NA,NA,NA
"DOCK",2026-01-30 12:30:00,NA,NA,NA
"DOCK",2026-01-30 12:45:00,NA,NA,NA
"DOCK",2026-01-30 13:00:00,NA,NA,NA
"DOCK",2026-01-30 13:15:00,NA,NA,NA
"DOCK",2026-01-30 13:30:00,NA,NA,NA
"DOCK",2026-01-30 13:45:00,NA,NA,NA
"DOCK",2026-01-30 14:00:00,NA,NA,NA
"DOCK",2026-01-30 14:15:00,NA,NA,NA
"DOCK",2026-01-30 14:30:00,NA,NA,NA
"DOCK",2026-01-30 14:45:00,NA,NA,NA
"DOCK",2026-01-30 15:00:00,NA,NA,NA
"DOCK",2026-01-30 15:15:00,NA,NA,NA
"DOCK",2026-01-30 15:30:00,NA,NA,NA
"DOCK",2026-01-30 15:45:00,NA,NA,NA
"DOCK",2026-01-30 16:00:00,NA,NA,NA
"DOCK",2026-01-30 16:15:00,NA,NA,NA
"DOCK",2026-01-30 16:30:00,NA,NA,NA
"DOCK",2026-01-30 16:45:00,NA,NA,NA
"DOCK",2026-01-30 17:00:00,NA,NA,NA
"DOCK",2026-01-30 17:15:00,NA,NA,NA
"DOCK",2026-01-30 17:30:00,NA,NA,NA
"DOCK",2026-01-30 17:45:00,NA,NA,NA
"DOCK",2026-01-30 18:00:00,NA,NA,NA
"DOCK",2026-01-30 18:15:00,NA,NA,NA
"DOCK",2026-01-30 18:30:00,NA,NA,NA
"DOCK",2026-01-30 18:45:00,NA,NA,NA
"DOCK",2026-01-30 19:00:00,NA,NA,NA
"DOCK",2026-01-30 19:15:00,NA,NA,NA
"DOCK",2026-01-30 19:30:00,NA,NA,NA
"DOCK",2026-01-30 19:45:00,NA,NA,NA
"DOCK",2026-01-30 20:00:00,NA,NA,NA
"DOCK",2026-01-30 20:15:00,NA,NA,NA
"DOCK",2026-01-30 20:30:00,NA,NA,NA
"DOCK",2026-01-30 20:45:00,NA,NA,NA
"DOCK",2026-01-30 21:00:00,NA,NA,NA
"DOCK",2026-01-30 21:15:00,NA,NA,NA
"DOCK",2026-01-30 21:30:00,NA,NA,NA
"DOCK",2026-01-30 21:45:00,NA,NA,NA
"DOCK",2026-01-30 22:00:00,NA,NA,NA
"DOCK",2026-01-30 22:15:00,NA,NA,NA
"DOCK",2026-01-30 22:30:00,NA,NA,NA
"DOCK",2026-01-30 22:45:00,NA,NA,NA
"DOCK",2026-01-30 23:00:00,NA,NA,NA
"DOCK",2026-01-30 23:15:00,NA,NA,NA
"DOCK",2026-01-30 23:30:00,NA,NA,NA
"DOCK",2026-01-30 23:45:00,NA,NA,NA
"DOCK",2026-01-31,NA,NA,NA
"DOCK",2026-01-31 00:15:00,NA,NA,NA
"DOCK",2026-01-31 00:30:00,NA,NA,NA
"DOCK",2026-01-31 00:45:00,NA,NA,NA
"DOCK",2026-01-31 01:00:00,NA,NA,NA
"DOCK",2026-01-31 01:15:00,NA,NA,NA
"DOCK",2026-01-31 01:30:00,NA,NA,NA
"DOCK",2026-01-31 01:45:00,NA,NA,NA
"DOCK",2026-01-31 02:00:00,NA,NA,NA
"DOCK",2026-01-31 02:15:00,NA,NA,NA
"DOCK",2026-01-31 02:30:00,NA,NA,NA
"DOCK",2026-01-31 02:45:00,NA,NA,NA
"DOCK",2026-01-31 03:00:00,NA,NA,NA
"DOCK",2026-01-31 03:15:00,NA,NA,NA
"DOCK",2026-01-31 03:30:00,NA,NA,NA
"DOCK",2026-01-31 03:45:00,NA,NA,NA
"DOCK",2026-01-31 04:00:00,NA,NA,NA
"DOCK",2026-01-31 04:15:00,NA,NA,NA
"DOCK",2026-01-31 04:30:00,NA,NA,NA
"DOCK",2026-01-31 04:45:00,NA,NA,NA
"DOCK",2026-01-31 05:00:00,NA,NA,NA
"DOCK",2026-01-31 05:15:00,NA,NA,NA
"DOCK",2026-01-31 05:30:00,NA,NA,NA
"DOCK",2026-01-31 05:45:00,NA,NA,NA
"DOCK",2026-01-31 06:00:00,NA,NA,NA
"DOCK",2026-01-31 06:15:00,NA,NA,NA
"DOCK",2026-01-31 06:30:00,NA,NA,NA
"DOCK",2026-01-31 06:45:00,NA,NA,NA
"DOCK",2026-01-31 07:00:00,NA,NA,NA
"DOCK",2026-01-31 07:15:00,NA,NA,NA
"DOCK",2026-01-31 07:30:00,NA,NA,NA
"DOCK",2026-01-31 07:45:00,NA,NA,NA
"DOCK",2026-01-31 08:00:00,NA,NA,NA
"DOCK",2026-01-31 08:15:00,NA,NA,NA
"DOCK",2026-01-31 08:30:00,NA,NA,NA
"DOCK",2026-01-31 08:45:00,NA,NA,NA
"DOCK",2026-01-31 09:00:00,NA,NA,NA
"DOCK",2026-01-31 09:15:00,NA,NA,NA
"DOCK",2026-01-31 09:30:00,NA,NA,NA
"DOCK",2026-01-31 09:45:00,NA,NA,NA
"DOCK",2026-01-31 10:00:00,NA,NA,NA
"DOCK",2026-01-31 10:15:00,NA,NA,NA
"DOCK",2026-01-31 10:30:00,NA,NA,NA
"DOCK",2026-01-31 10:45:00,NA,NA,NA
"DOCK",2026-01-31 11:00:00,NA,NA,NA
"DOCK",2026-01-31 11:15:00,NA,NA,NA
"DOCK",2026-01-31 11:30:00,NA,NA,NA
"DOCK",2026-01-31 11:45:00,NA,NA,NA
"DOCK",2026-01-31 12:00:00,NA,NA,NA
"DOCK",2026-01-31 12:15:00,NA,NA,NA
"DOCK",2026-01-31 12:30:00,NA,NA,NA
"DOCK",2026-01-31 12:45:00,NA,NA,NA
"DOCK",2026-01-31 13:00:00,NA,NA,NA
"DOCK",2026-01-31 13:15:00,NA,NA,NA
"DOCK",2026-01-31 13:30:00,NA,NA,NA
"DOCK",2026-01-31 13:45:00,NA,NA,NA
"DOCK",2026-01-31 14:00:00,NA,NA,NA
"DOCK",2026-01-31 14:15:00,NA,NA,NA
"DOCK",2026-01-31 14:30:00,NA,NA,NA
"DOCK",2026-01-31 14:45:00,NA,NA,NA
"DOCK",2026-01-31 15:00:00,NA,NA,NA
"DOCK",2026-01-31 15:15:00,NA,NA,NA
"DOCK",2026-01-31 15:30:00,NA,NA,NA
"DOCK",2026-01-31 15:45:00,NA,NA,NA
"DOCK",2026-01-31 16:00:00,NA,NA,NA
"DOCK",2026-01-31 16:15:00,NA,NA,NA
"DOCK",2026-01-31 16:30:00,NA,NA,NA
"DOCK",2026-01-31 16:45:00,NA,NA,NA
"DOCK",2026-01-31 17:00:00,NA,NA,NA
"DOCK",2026-01-31 17:15:00,NA,NA,NA
"DOCK",2026-01-31 17:30:00,NA,NA,NA
"DOCK",2026-01-31 17:45:00,NA,NA,NA
"DOCK",2026-01-31 18:00:00,NA,NA,NA
"DOCK",2026-01-31 18:15:00,NA,NA,NA
"DOCK",2026-01-31 18:30:00,NA,NA,NA
"DOCK",2026-01-31 18:45:00,NA,NA,NA
"DOCK",2026-01-31 19:00:00,NA,NA,NA
"DOCK",2026-01-31 19:15:00,NA,NA,NA
"DOCK",2026-01-31 19:30:00,NA,NA,NA
"DOCK",2026-01-31 19:45:00,NA,NA,NA
"DOCK",2026-01-31 20:00:00,NA,NA,NA
"DOCK",2026-01-31 20:15:00,NA,NA,NA
"DOCK",2026-01-31 20:30:00,NA,NA,NA
"DOCK",2026-01-31 20:45:00,NA,NA,NA
"DOCK",2026-01-31 21:00:00,NA,NA,NA
"DOCK",2026-01-31 21:15:00,NA,NA,NA
"DOCK",2026-01-31 21:30:00,NA,NA,NA
"DOCK",2026-01-31 21:45:00,NA,NA,NA
"DOCK",2026-01-31 22:00:00,NA,NA,NA
"DOCK",2026-01-31 22:15:00,NA,NA,NA
"DOCK",2026-01-31 22:30:00,NA,NA,NA
"DOCK",2026-01-31 22:45:00,NA,NA,NA
"DOCK",2026-01-31 23:00:00,NA,NA,NA
"DOCK",2026-01-31 23:15:00,NA,NA,NA
"DOCK",2026-01-31 23:30:00,NA,NA,NA
"DOCK",2026-01-31 23:45:00,NA,NA,NA
"DOCK",2026-02-01,NA,NA,NA
"DOCK",2026-02-01 00:15:00,NA,NA,NA
"DOCK",2026-02-01 00:30:00,NA,NA,NA
"DOCK",2026-02-01 00:45:00,NA,NA,NA
"DOCK",2026-02-01 01:00:00,NA,NA,NA
"DOCK",2026-02-01 01:15:00,NA,NA,NA
"DOCK",2026-02-01 01:30:00,NA,NA,NA
"DOCK",2026-02-01 01:45:00,NA,NA,NA
"DOCK",2026-02-01 02:00:00,NA,NA,NA
"DOCK",2026-02-01 02:15:00,NA,NA,NA
"DOCK",2026-02-01 02:30:00,NA,NA,NA
"DOCK",2026-02-01 02:45:00,NA,NA,NA
"DOCK",2026-02-01 03:00:00,NA,NA,NA
"DOCK",2026-02-01 03:15:00,NA,NA,NA
"DOCK",2026-02-01 03:30:00,NA,NA,NA
"DOCK",2026-02-01 03:45:00,NA,NA,NA
"DOCK",2026-02-01 04:00:00,NA,NA,NA
"DOCK",2026-02-01 04:15:00,NA,NA,NA
"DOCK",2026-02-01 04:30:00,NA,NA,NA
"DOCK",2026-02-01 04:45:00,NA,NA,NA
"DOCK",2026-02-01 05:00:00,NA,NA,NA
"DOCK",2026-02-01 05:15:00,NA,NA,NA
"DOCK",2026-02-01 05:30:00,NA,NA,NA
"DOCK",2026-02-01 05:45:00,NA,NA,NA
"DOCK",2026-02-01 06:00:00,NA,NA,NA
"DOCK",2026-02-01 06:15:00,NA,NA,NA
"DOCK",2026-02-01 06:30:00,NA,NA,NA
"DOCK",2026-02-01 06:45:00,NA,NA,NA
"DOCK",2026-02-01 07:00:00,NA,NA,NA
"DOCK",2026-02-01 07:15:00,NA,NA,NA
"DOCK",2026-02-01 07:30:00,NA,NA,NA
"DOCK",2026-02-01 07:45:00,NA,NA,NA
"DOCK",2026-02-01 08:00:00,NA,NA,NA
"DOCK",2026-02-01 08:15:00,NA,NA,NA
"DOCK",2026-02-01 08:30:00,NA,NA,NA
"DOCK",2026-02-01 08:45:00,NA,NA,NA
"DOCK",2026-02-01 09:00:00,NA,NA,NA
"DOCK",2026-02-01 09:15:00,NA,NA,NA
"DOCK",2026-02-01 09:30:00,NA,NA,NA
"DOCK",2026-02-01 09:45:00,NA,NA,NA
"DOCK",2026-02-01 10:00:00,NA,NA,NA
"DOCK",2026-02-01 10:15:00,NA,NA,NA
"DOCK",2026-02-01 10:30:00,NA,NA,NA
"DOCK",2026-02-01 10:45:00,NA,NA,NA
"DOCK",2026-02-01 11:00:00,NA,NA,NA
"DOCK",2026-02-01 11:15:00,NA,NA,NA
"DOCK",2026-02-01 11:30:00,NA,NA,NA
"DOCK",2026-02-01 11:45:00,NA,NA,NA
"DOCK",2026-02-01 12:00:00,NA,NA,NA
"DOCK",2026-02-01 12:15:00,NA,NA,NA
"DOCK",2026-02-01 12:30:00,NA,NA,NA
"DOCK",2026-02-01 12:45:00,NA,NA,NA
"DOCK",2026-02-01 13:00:00,NA,NA,NA
"DOCK",2026-02-01 13:15:00,NA,NA,NA
"DOCK",2026-02-01 13:30:00,NA,NA,NA
"DOCK",2026-02-01 13:45:00,NA,NA,NA
"DOCK",2026-02-01 14:00:00,NA,NA,NA
"DOCK",2026-02-01 14:15:00,NA,NA,NA
"DOCK",2026-02-01 14:30:00,NA,NA,NA
"DOCK",2026-02-01 14:45:00,NA,NA,NA
"DOCK",2026-02-01 15:00:00,NA,NA,NA
"DOCK",2026-02-01 15:15:00,NA,NA,NA
"DOCK",2026-02-01 15:30:00,NA,NA,NA
"DOCK",2026-02-01 15:45:00,NA,NA,NA
"DOCK",2026-02-01 16:00:00,NA,NA,NA
"DOCK",2026-02-01 16:15:00,NA,NA,NA
"DOCK",2026-02-01 16:30:00,NA,NA,NA
"DOCK",2026-02-01 16:45:00,NA,NA,NA
"DOCK",2026-02-01 17:00:00,NA,NA,NA
"DOCK",2026-02-01 17:15:00,NA,NA,NA
"DOCK",2026-02-01 17:30:00,NA,NA,NA
"DOCK",2026-02-01 17:45:00,NA,NA,NA
"DOCK",2026-02-01 18:00:00,NA,NA,NA
"DOCK",2026-02-01 18:15:00,NA,NA,NA
"DOCK",2026-02-01 18:30:00,NA,NA,NA
"DOCK",2026-02-01 18:45:00,NA,NA,NA
"DOCK",2026-02-01 19:00:00,NA,NA,NA
"DOCK",2026-02-01 19:15:00,NA,NA,NA
"DOCK",2026-02-01 19:30:00,NA,NA,NA
"DOCK",2026-02-01 19:45:00,NA,NA,NA
"DOCK",2026-02-01 20:00:00,NA,NA,NA
"DOCK",2026-02-01 20:15:00,NA,NA,NA
"DOCK",2026-02-01 20:30:00,NA,NA,NA
"DOCK",2026-02-01 20:45:00,NA,NA,NA
"DOCK",2026-02-01 21:00:00,NA,NA,NA
"DOCK",2026-02-01 21:15:00,NA,NA,NA
"DOCK",2026-02-01 21:30:00,NA,NA,NA
"DOCK",2026-02-01 21:45:00,NA,NA,NA
"DOCK",2026-02-01 22:00:00,NA,NA,NA
"DOCK",2026-02-01 22:15:00,NA,NA,NA
"DOCK",2026-02-01 22:30:00,NA,NA,NA
"DOCK",2026-02-01 22:45:00,NA,NA,NA
"DOCK",2026-02-01 23:00:00,NA,NA,NA
"DOCK",2026-02-01 23:15:00,NA,NA,NA
"DOCK",2026-02-01 23:30:00,NA,NA,NA
"DOCK",2026-02-01 23:45:00,NA,NA,NA
"DOCK",2026-02-02,NA,NA,NA
"DOCK",2026-02-02 00:15:00,NA,NA,NA
"DOCK",2026-02-02 00:30:00,NA,NA,NA
"DOCK",2026-02-02 00:45:00,NA,NA,NA
"DOCK",2026-02-02 01:00:00,NA,NA,NA
"DOCK",2026-02-02 01:15:00,NA,NA,NA
"DOCK",2026-02-02 01:30:00,NA,NA,NA
"DOCK",2026-02-02 01:45:00,NA,NA,NA
"DOCK",2026-02-02 02:00:00,NA,NA,NA
"DOCK",2026-02-02 02:15:00,NA,NA,NA
"DOCK",2026-02-02 02:30:00,NA,NA,NA
"DOCK",2026-02-02 02:45:00,NA,NA,NA
"DOCK",2026-02-02 03:00:00,NA,NA,NA
"DOCK",2026-02-02 03:15:00,NA,NA,NA
"DOCK",2026-02-02 03:30:00,NA,NA,NA
"DOCK",2026-02-02 03:45:00,NA,NA,NA
"DOCK",2026-02-02 04:00:00,NA,NA,NA
"DOCK",2026-02-02 04:15:00,NA,NA,NA
"DOCK",2026-02-02 04:30:00,NA,NA,NA
"DOCK",2026-02-02 04:45:00,NA,NA,NA
"DOCK",2026-02-02 05:00:00,NA,NA,NA
"DOCK",2026-02-02 05:15:00,NA,NA,NA
"DOCK",2026-02-02 05:30:00,NA,NA,NA
"DOCK",2026-02-02 05:45:00,NA,NA,NA
"DOCK",2026-02-02 06:00:00,NA,NA,NA
"DOCK",2026-02-02 06:15:00,NA,NA,NA
"DOCK",2026-02-02 06:30:00,NA,NA,NA
"DOCK",2026-02-02 06:45:00,NA,NA,NA
"DOCK",2026-02-02 07:00:00,NA,NA,NA
"DOCK",2026-02-02 07:15:00,NA,NA,NA
"DOCK",2026-02-02 07:30:00,NA,NA,NA
"DOCK",2026-02-02 07:45:00,NA,NA,NA
"DOCK",2026-02-02 08:00:00,NA,NA,NA
"DOCK",2026-02-02 08:15:00,NA,NA,NA
"DOCK",2026-02-02 08:30:00,NA,NA,NA
"DOCK",2026-02-02 08:45:00,NA,NA,NA
"DOCK",2026-02-02 09:00:00,NA,NA,NA
"DOCK",2026-02-02 09:15:00,NA,NA,NA
"DOCK",2026-02-02 09:30:00,NA,NA,NA
"DOCK",2026-02-02 09:45:00,NA,NA,NA
"DOCK",2026-02-02 10:00:00,NA,NA,NA
"DOCK",2026-02-02 10:15:00,NA,NA,NA
"DOCK",2026-02-02 10:30:00,NA,NA,NA
"DOCK",2026-02-02 10:45:00,NA,NA,NA
"DOCK",2026-02-02 11:00:00,NA,NA,NA
"DOCK",2026-02-02 11:15:00,NA,NA,NA
"DOCK",2026-02-02 11:30:00,NA,NA,NA
"DOCK",2026-02-02 11:45:00,NA,NA,NA
"DOCK",2026-02-02 12:00:00,NA,NA,NA
"DOCK",2026-02-02 12:15:00,NA,NA,NA
"DOCK",2026-02-02 12:30:00,NA,NA,NA
"DOCK",2026-02-02 12:45:00,NA,NA,NA
"DOCK",2026-02-02 13:00:00,NA,NA,NA
"DOCK",2026-02-02 13:15:00,NA,NA,NA
"DOCK",2026-02-02 13:30:00,NA,NA,NA
"DOCK",2026-02-02 13:45:00,NA,NA,NA
"DOCK",2026-02-02 14:00:00,NA,NA,NA
"DOCK",2026-02-02 14:15:00,NA,NA,NA
"DOCK",2026-02-02 14:30:00,NA,NA,NA
"DOCK",2026-02-02 14:45:00,NA,NA,NA
"DOCK",2026-02-02 15:00:00,NA,NA,NA
"DOCK",2026-02-02 15:15:00,NA,NA,NA
"DOCK",2026-02-02 15:30:00,NA,NA,NA
"DOCK",2026-02-02 15:45:00,NA,NA,NA
"DOCK",2026-02-02 16:00:00,NA,NA,NA
"DOCK",2026-02-02 16:15:00,NA,NA,NA
"DOCK",2026-02-02 16:30:00,NA,NA,NA
"DOCK",2026-02-02 16:45:00,NA,NA,NA
"DOCK",2026-02-02 17:00:00,NA,NA,NA
"DOCK",2026-02-02 17:15:00,NA,NA,NA
"DOCK",2026-02-02 17:30:00,NA,NA,NA
"DOCK",2026-02-02 17:45:00,NA,NA,NA
"DOCK",2026-02-02 18:00:00,NA,NA,NA
"DOCK",2026-02-02 18:15:00,NA,NA,NA
"DOCK",2026-02-02 18:30:00,NA,NA,NA
"DOCK",2026-02-02 18:45:00,NA,NA,NA
"DOCK",2026-02-02 19:00:00,NA,NA,NA
"DOCK",2026-02-02 19:15:00,NA,NA,NA
"DOCK",2026-02-02 19:30:00,NA,NA,NA
"DOCK",2026-02-02 19:45:00,NA,NA,NA
"DOCK",2026-02-02 20:00:00,NA,NA,NA
"DOCK",2026-02-02 20:15:00,NA,NA,NA
"DOCK",2026-02-02 20:30:00,NA,NA,NA
"DOCK",2026-02-02 20:45:00,NA,NA,NA
"DOCK",2026-02-02 21:00:00,NA,NA,NA
"DOCK",2026-02-02 21:15:00,NA,NA,NA
"DOCK",2026-02-02 21:30:00,NA,NA,NA
"DOCK",2026-02-02 21:45:00,NA,NA,NA
"DOCK",2026-02-02 22:00:00,NA,NA,NA
"DOCK",2026-02-02 22:15:00,NA,NA,NA
"DOCK",2026-02-02 22:30:00,NA,NA,NA
"DOCK",2026-02-02 22:45:00,NA,NA,NA
"DOCK",2026-02-02 23:00:00,NA,NA,NA
"DOCK",2026-02-02 23:15:00,NA,NA,NA
"DOCK",2026-02-02 23:30:00,NA,NA,NA
"DOCK",2026-02-02 23:45:00,NA,NA,NA
"DOCK",2026-02-03,NA,NA,NA
"DOCK",2026-02-03 00:15:00,NA,NA,NA
"DOCK",2026-02-03 00:30:00,NA,NA,NA
"DOCK",2026-02-03 00:45:00,NA,NA,NA
"DOCK",2026-02-03 01:00:00,NA,NA,NA
"DOCK",2026-02-03 01:15:00,NA,NA,NA
"DOCK",2026-02-03 01:30:00,NA,NA,NA
"DOCK",2026-02-03 01:45:00,NA,NA,NA
"DOCK",2026-02-03 02:00:00,NA,NA,NA
"DOCK",2026-02-03 02:15:00,NA,NA,NA
"DOCK",2026-02-03 02:30:00,NA,NA,NA
"DOCK",2026-02-03 02:45:00,NA,NA,NA
"DOCK",2026-02-03 03:00:00,NA,NA,NA
"DOCK",2026-02-03 03:15:00,NA,NA,NA
"DOCK",2026-02-03 03:30:00,NA,NA,NA
"DOCK",2026-02-03 03:45:00,NA,NA,NA
"DOCK",2026-02-03 04:00:00,NA,NA,NA
"DOCK",2026-02-03 04:15:00,NA,NA,NA
"DOCK",2026-02-03 04:30:00,NA,NA,NA
"DOCK",2026-02-03 04:45:00,NA,NA,NA
"DOCK",2026-02-03 05:00:00,NA,NA,NA
"DOCK",2026-02-03 05:15:00,NA,NA,NA
"DOCK",2026-02-03 05:30:00,NA,NA,NA
"DOCK",2026-02-03 05:45:00,NA,NA,NA
"DOCK",2026-02-03 06:00:00,NA,NA,NA
"DOCK",2026-02-03 06:15:00,NA,NA,NA
"DOCK",2026-02-03 06:30:00,NA,NA,NA
"DOCK",2026-02-03 06:45:00,NA,NA,NA
"DOCK",2026-02-03 07:00:00,NA,NA,NA
"DOCK",2026-02-03 07:15:00,NA,NA,NA
"DOCK",2026-02-03 07:30:00,NA,NA,NA
"DOCK",2026-02-03 07:45:00,NA,NA,NA
"DOCK",2026-02-03 08:00:00,NA,NA,NA
"DOCK",2026-02-03 08:15:00,NA,NA,NA
"DOCK",2026-02-03 08:30:00,NA,NA,NA
"DOCK",2026-02-03 08:45:00,NA,NA,NA
"DOCK",2026-02-03 09:00:00,NA,NA,NA
"DOCK",2026-02-03 09:15:00,NA,NA,NA
"DOCK",2026-02-03 09:30:00,NA,NA,NA
"DOCK",2026-02-03 09:45:00,NA,NA,NA
"DOCK",2026-02-03 10:00:00,NA,NA,NA
"DOCK",2026-02-03 10:15:00,NA,NA,NA
"DOCK",2026-02-03 10:30:00,NA,NA,NA
"DOCK",2026-02-03 10:45:00,NA,NA,NA
"DOCK",2026-02-03 11:00:00,NA,NA,NA
"DOCK",2026-02-03 11:15:00,NA,NA,NA
"DOCK",2026-02-03 11:30:00,NA,NA,NA
"DOCK",2026-02-03 11:45:00,NA,NA,NA
"DOCK",2026-02-03 12:00:00,NA,NA,NA
"DOCK",2026-02-03 12:15:00,NA,NA,NA
"DOCK",2026-02-03 12:30:00,NA,NA,NA
"DOCK",2026-02-03 12:45:00,NA,NA,NA
"DOCK",2026-02-03 13:00:00,NA,NA,NA
"DOCK",2026-02-03 13:15:00,NA,NA,NA
"DOCK",2026-02-03 13:30:00,NA,NA,NA
"DOCK",2026-02-03 13:45:00,NA,NA,NA
"DOCK",2026-02-03 14:00:00,NA,NA,NA
"DOCK",2026-02-03 14:15:00,NA,NA,NA
"DOCK",2026-02-03 14:30:00,NA,NA,NA
"DOCK",2026-02-03 14:45:00,NA,NA,NA
"DOCK",2026-02-03 15:00:00,NA,NA,NA
"DOCK",2026-02-03 15:15:00,NA,NA,NA
"DOCK",2026-02-03 15:30:00,NA,NA,NA
"DOCK",2026-02-03 15:45:00,NA,NA,NA
"DOCK",2026-02-03 16:00:00,NA,NA,NA
"DOCK",2026-02-03 16:15:00,NA,NA,NA
"DOCK",2026-02-03 16:30:00,NA,NA,NA
"DOCK",2026-02-03 16:45:00,NA,NA,NA
"DOCK",2026-02-03 17:00:00,NA,NA,NA
"DOCK",2026-02-03 17:15:00,NA,NA,NA
"DOCK",2026-02-03 17:30:00,NA,NA,NA
"DOCK",2026-02-03 17:45:00,NA,NA,NA
"DOCK",2026-02-03 18:00:00,NA,NA,NA
"DOCK",2026-02-03 18:15:00,NA,NA,NA
"DOCK",2026-02-03 18:30:00,NA,NA,NA
"DOCK",2026-02-03 18:45:00,NA,NA,NA
"DOCK",2026-02-03 19:00:00,NA,NA,NA
"DOCK",2026-02-03 19:15:00,NA,NA,NA
"DOCK",2026-02-03 19:30:00,NA,NA,NA
"DOCK",2026-02-03 19:45:00,NA,NA,NA
"DOCK",2026-02-03 20:00:00,NA,NA,NA
"DOCK",2026-02-03 20:15:00,NA,NA,NA
"DOCK",2026-02-03 20:30:00,NA,NA,NA
"DOCK",2026-02-03 20:45:00,NA,NA,NA
"DOCK",2026-02-03 21:00:00,NA,NA,NA
"DOCK",2026-02-03 21:15:00,NA,NA,NA
"DOCK",2026-02-03 21:30:00,NA,NA,NA
"DOCK",2026-02-03 21:45:00,NA,NA,NA
"DOCK",2026-02-03 22:00:00,NA,NA,NA
"DOCK",2026-02-03 22:15:00,NA,NA,NA
"DOCK",2026-02-03 22:30:00,NA,NA,NA
"DOCK",2026-02-03 22:45:00,NA,NA,NA
"DOCK",2026-02-03 23:00:00,NA,NA,NA
"DOCK",2026-02-03 23:15:00,NA,NA,NA
"DOCK",2026-02-03 23:30:00,NA,NA,NA
"DOCK",2026-02-03 23:45:00,NA,NA,NA
"DOCK",2026-02-04,NA,NA,NA
"DOCK",2026-02-04 00:15:00,NA,NA,NA
"DOCK",2026-02-04 00:30:00,NA,NA,NA
"DOCK",2026-02-04 00:45:00,NA,NA,NA
"DOCK",2026-02-04 01:00:00,NA,NA,NA
"DOCK",2026-02-04 01:15:00,NA,NA,NA
"DOCK",2026-02-04 01:30:00,NA,NA,NA
"DOCK",2026-02-04 01:45:00,NA,NA,NA
"DOCK",2026-02-04 02:00:00,NA,NA,NA
"DOCK",2026-02-04 02:15:00,NA,NA,NA
"DOCK",2026-02-04 02:30:00,NA,NA,NA
"DOCK",2026-02-04 02:45:00,NA,NA,NA
"DOCK",2026-02-04 03:00:00,NA,NA,NA
"DOCK",2026-02-04 03:15:00,NA,NA,NA
"DOCK",2026-02-04 03:30:00,NA,NA,NA
"DOCK",2026-02-04 03:45:00,NA,NA,NA
"DOCK",2026-02-04 04:00:00,NA,NA,NA
"DOCK",2026-02-04 04:15:00,NA,NA,NA
"DOCK",2026-02-04 04:30:00,NA,NA,NA
"DOCK",2026-02-04 04:45:00,NA,NA,NA
"DOCK",2026-02-04 05:00:00,NA,NA,NA
"DOCK",2026-02-04 05:15:00,NA,NA,NA
"DOCK",2026-02-04 05:30:00,NA,NA,NA
"DOCK",2026-02-04 05:45:00,NA,NA,NA
"DOCK",2026-02-04 06:00:00,NA,NA,NA
"DOCK",2026-02-04 06:15:00,NA,NA,NA
"DOCK",2026-02-04 06:30:00,NA,NA,NA
"DOCK",2026-02-04 06:45:00,NA,NA,NA
"DOCK",2026-02-04 07:00:00,NA,NA,NA
"DOCK",2026-02-04 07:15:00,NA,NA,NA
"DOCK",2026-02-04 07:30:00,NA,NA,NA
"DOCK",2026-02-04 07:45:00,NA,NA,NA
"DOCK",2026-02-04 08:00:00,NA,NA,NA
"DOCK",2026-02-04 08:15:00,NA,NA,NA
"DOCK",2026-02-04 08:30:00,NA,NA,NA
"DOCK",2026-02-04 08:45:00,NA,NA,NA
"DOCK",2026-02-04 09:00:00,NA,NA,NA
"DOCK",2026-02-04 09:15:00,NA,NA,NA
"DOCK",2026-02-04 09:30:00,NA,NA,NA
"DOCK",2026-02-04 09:45:00,NA,NA,NA
"DOCK",2026-02-04 10:00:00,NA,NA,NA
"DOCK",2026-02-04 10:15:00,NA,NA,NA
"DOCK",2026-02-04 10:30:00,NA,NA,NA
"DOCK",2026-02-04 10:45:00,NA,NA,NA
"DOCK",2026-02-04 11:00:00,NA,NA,NA
"DOCK",2026-02-04 11:15:00,NA,NA,NA
"DOCK",2026-02-04 11:30:00,NA,NA,NA
"DOCK",2026-02-04 11:45:00,NA,NA,NA
"DOCK",2026-02-04 12:00:00,NA,NA,NA
"DOCK",2026-02-04 12:15:00,NA,NA,NA
"DOCK",2026-02-04 12:30:00,NA,NA,NA
"DOCK",2026-02-04 12:45:00,NA,NA,NA
"DOCK",2026-02-04 13:00:00,NA,NA,NA
"DOCK",2026-02-04 13:15:00,NA,NA,NA
"DOCK",2026-02-04 13:30:00,NA,NA,NA
"DOCK",2026-02-04 13:45:00,NA,NA,NA
"DOCK",2026-02-04 14:00:00,NA,NA,NA
"DOCK",2026-02-04 14:15:00,NA,NA,NA
"DOCK",2026-02-04 14:30:00,NA,NA,NA
"DOCK",2026-02-04 14:45:00,NA,NA,NA
"DOCK",2026-02-04 15:00:00,NA,NA,NA
"DOCK",2026-02-04 15:15:00,NA,NA,NA
"DOCK",2026-02-04 15:30:00,NA,NA,NA
"DOCK",2026-02-04 15:45:00,NA,NA,NA
"DOCK",2026-02-04 16:00:00,NA,NA,NA
"DOCK",2026-02-04 16:15:00,NA,NA,NA
"DOCK",2026-02-04 16:30:00,NA,NA,NA
"DOCK",2026-02-04 16:45:00,NA,NA,NA
"DOCK",2026-02-04 17:00:00,NA,NA,NA
"DOCK",2026-02-04 17:15:00,NA,NA,NA
"DOCK",2026-02-04 17:30:00,NA,NA,NA
"DOCK",2026-02-04 17:45:00,NA,NA,NA
"DOCK",2026-02-04 18:00:00,NA,NA,NA
"DOCK",2026-02-04 18:15:00,NA,NA,NA
"DOCK",2026-02-04 18:30:00,NA,NA,NA
"DOCK",2026-02-04 18:45:00,NA,NA,NA
"DOCK",2026-02-04 19:00:00,NA,NA,NA
"DOCK",2026-02-04 19:15:00,NA,NA,NA
"DOCK",2026-02-04 19:30:00,NA,NA,NA
"DOCK",2026-02-04 19:45:00,NA,NA,NA
"DOCK",2026-02-04 20:00:00,NA,NA,NA
"DOCK",2026-02-04 20:15:00,NA,NA,NA
"DOCK",2026-02-04 20:30:00,NA,NA,NA
"DOCK",2026-02-04 20:45:00,NA,NA,NA
"DOCK",2026-02-04 21:00:00,NA,NA,NA
"DOCK",2026-02-04 21:15:00,NA,NA,NA
"DOCK",2026-02-04 21:30:00,NA,NA,NA
"DOCK",2026-02-04 21:45:00,NA,NA,NA
"DOCK",2026-02-04 22:00:00,NA,NA,NA
"DOCK",2026-02-04 22:15:00,NA,NA,NA
"DOCK",2026-02-04 22:30:00,NA,NA,NA
"DOCK",2026-02-04 22:45:00,NA,NA,NA
"DOCK",2026-02-04 23:00:00,NA,NA,NA
"DOCK",2026-02-04 23:15:00,NA,NA,NA
"DOCK",2026-02-04 23:30:00,NA,NA,NA
"DOCK",2026-02-04 23:45:00,NA,NA,NA
"DOCK",2026-02-05,NA,NA,NA
"DOCK",2026-02-05 00:15:00,NA,NA,NA
"DOCK",2026-02-05 00:30:00,NA,NA,NA
"DOCK",2026-02-05 00:45:00,NA,NA,NA
"DOCK",2026-02-05 01:00:00,NA,NA,NA
"DOCK",2026-02-05 01:15:00,NA,NA,NA
"DOCK",2026-02-05 01:30:00,NA,NA,NA
"DOCK",2026-02-05 01:45:00,NA,NA,NA
"DOCK",2026-02-05 02:00:00,NA,NA,NA
"DOCK",2026-02-05 02:15:00,NA,NA,NA
"DOCK",2026-02-05 02:30:00,NA,NA,NA
"DOCK",2026-02-05 02:45:00,NA,NA,NA
"DOCK",2026-02-05 03:00:00,NA,NA,NA
"DOCK",2026-02-05 03:15:00,NA,NA,NA
"DOCK",2026-02-05 03:30:00,NA,NA,NA
"DOCK",2026-02-05 03:45:00,NA,NA,NA
"DOCK",2026-02-05 04:00:00,NA,NA,NA
"DOCK",2026-02-05 04:15:00,NA,NA,NA
"DOCK",2026-02-05 04:30:00,NA,NA,NA
"DOCK",2026-02-05 04:45:00,NA,NA,NA
"DOCK",2026-02-05 05:00:00,NA,NA,NA
"DOCK",2026-02-05 05:15:00,NA,NA,NA
"DOCK",2026-02-05 05:30:00,NA,NA,NA
"DOCK",2026-02-05 05:45:00,NA,NA,NA
"DOCK",2026-02-05 06:00:00,NA,NA,NA
"DOCK",2026-02-05 06:15:00,NA,NA,NA
"DOCK",2026-02-05 06:30:00,NA,NA,NA
"DOCK",2026-02-05 06:45:00,NA,NA,NA
"DOCK",2026-02-05 07:00:00,NA,NA,NA
"DOCK",2026-02-05 07:15:00,NA,NA,NA
"DOCK",2026-02-05 07:30:00,NA,NA,NA
"DOCK",2026-02-05 07:45:00,NA,NA,NA
"DOCK",2026-02-05 08:00:00,NA,NA,NA
"DOCK",2026-02-05 08:15:00,NA,NA,NA
"DOCK",2026-02-05 08:30:00,NA,NA,NA
"DOCK",2026-02-05 08:45:00,NA,NA,NA
"DOCK",2026-02-05 09:00:00,NA,NA,NA
"DOCK",2026-02-05 09:15:00,NA,NA,NA
"DOCK",2026-02-05 09:30:00,NA,NA,NA
"DOCK",2026-02-05 09:45:00,NA,NA,NA
"DOCK",2026-02-05 10:00:00,NA,NA,NA
"DOCK",2026-02-05 10:15:00,NA,NA,NA
"DOCK",2026-02-05 10:30:00,NA,NA,NA
"DOCK",2026-02-05 10:45:00,NA,NA,NA
"DOCK",2026-02-05 11:00:00,NA,NA,NA
"DOCK",2026-02-05 11:15:00,NA,NA,NA
"DOCK",2026-02-05 11:30:00,NA,NA,NA
"DOCK",2026-02-05 11:45:00,NA,NA,NA
"DOCK",2026-02-05 12:00:00,NA,NA,NA
"DOCK",2026-02-05 12:15:00,NA,NA,NA
"DOCK",2026-02-05 12:30:00,NA,NA,NA
"DOCK",2026-02-05 12:45:00,NA,NA,NA
"DOCK",2026-02-05 13:00:00,NA,NA,NA
"DOCK",2026-02-05 13:15:00,NA,NA,NA
"DOCK",2026-02-05 13:30:00,NA,NA,NA
"DOCK",2026-02-05 13:45:00,NA,NA,NA
"DOCK",2026-02-05 14:00:00,NA,NA,NA
"DOCK",2026-02-05 14:15:00,NA,NA,NA
"DOCK",2026-02-05 14:30:00,NA,NA,NA
"DOCK",2026-02-05 14:45:00,NA,NA,NA
"DOCK",2026-02-05 15:00:00,NA,NA,NA
"DOCK",2026-02-05 15:15:00,NA,NA,NA
"DOCK",2026-02-05 15:30:00,NA,NA,NA
"DOCK",2026-02-05 15:45:00,NA,NA,NA
"DOCK",2026-02-05 16:00:00,NA,NA,NA
"DOCK",2026-02-05 16:15:00,NA,NA,NA
"DOCK",2026-02-05 16:30:00,NA,NA,NA
"DOCK",2026-02-05 16:45:00,NA,NA,NA
"DOCK",2026-02-05 17:00:00,NA,NA,NA
"DOCK",2026-02-05 17:15:00,NA,NA,NA
"DOCK",2026-02-05 17:30:00,NA,NA,NA
"DOCK",2026-02-05 17:45:00,NA,NA,NA
"DOCK",2026-02-05 18:00:00,NA,NA,NA
"DOCK",2026-02-05 18:15:00,NA,NA,NA
"DOCK",2026-02-05 18:30:00,NA,NA,NA
"DOCK",2026-02-05 18:45:00,NA,NA,NA
"DOCK",2026-02-05 19:00:00,NA,NA,NA
"DOCK",2026-02-05 19:15:00,NA,NA,NA
"DOCK",2026-02-05 19:30:00,NA,NA,NA
"DOCK",2026-02-05 19:45:00,NA,NA,NA
"DOCK",2026-02-05 20:00:00,NA,NA,NA
"DOCK",2026-02-05 20:15:00,NA,NA,NA
"DOCK",2026-02-05 20:30:00,NA,NA,NA
"DOCK",2026-02-05 20:45:00,NA,NA,NA
"DOCK",2026-02-05 21:00:00,NA,NA,NA
"DOCK",2026-02-05 21:15:00,NA,NA,NA
"DOCK",2026-02-05 21:30:00,NA,NA,NA
"DOCK",2026-02-05 21:45:00,NA,NA,NA
"DOCK",2026-02-05 22:00:00,NA,NA,NA
"DOCK",2026-02-05 22:15:00,NA,NA,NA
"DOCK",2026-02-05 22:30:00,NA,NA,NA
"DOCK",2026-02-05 22:45:00,NA,NA,NA
"DOCK",2026-02-05 23:00:00,NA,NA,NA
"DOCK",2026-02-05 23:15:00,NA,NA,NA
"DOCK",2026-02-05 23:30:00,NA,NA,NA
"DOCK",2026-02-05 23:45:00,NA,NA,NA
"DOCK",2026-02-06,NA,NA,NA
"DOCK",2026-02-06 00:15:00,NA,NA,NA
"DOCK",2026-02-06 00:30:00,NA,NA,NA
"DOCK",2026-02-06 00:45:00,NA,NA,NA
"DOCK",2026-02-06 01:00:00,NA,NA,NA
"DOCK",2026-02-06 01:15:00,NA,NA,NA
"DOCK",2026-02-06 01:30:00,NA,NA,NA
"DOCK",2026-02-06 01:45:00,NA,NA,NA
"DOCK",2026-02-06 02:00:00,NA,NA,NA
"DOCK",2026-02-06 02:15:00,NA,NA,NA
"DOCK",2026-02-06 02:30:00,NA,NA,NA
"DOCK",2026-02-06 02:45:00,NA,NA,NA
"DOCK",2026-02-06 03:00:00,NA,NA,NA
"DOCK",2026-02-06 03:15:00,NA,NA,NA
"DOCK",2026-02-06 03:30:00,NA,NA,NA
"DOCK",2026-02-06 03:45:00,NA,NA,NA
"DOCK",2026-02-06 04:00:00,NA,NA,NA
"DOCK",2026-02-06 04:15:00,NA,NA,NA
"DOCK",2026-02-06 04:30:00,NA,NA,NA
"DOCK",2026-02-06 04:45:00,NA,NA,NA
"DOCK",2026-02-06 05:00:00,NA,NA,NA
"DOCK",2026-02-06 05:15:00,NA,NA,NA
"DOCK",2026-02-06 05:30:00,NA,NA,NA
"DOCK",2026-02-06 05:45:00,NA,NA,NA
"DOCK",2026-02-06 06:00:00,NA,NA,NA
"DOCK",2026-02-06 06:15:00,NA,NA,NA
"DOCK",2026-02-06 06:30:00,NA,NA,NA
"DOCK",2026-02-06 06:45:00,NA,NA,NA
"DOCK",2026-02-06 07:00:00,NA,NA,NA
"DOCK",2026-02-06 07:15:00,NA,NA,NA
"DOCK",2026-02-06 07:30:00,NA,NA,NA
"DOCK",2026-02-06 07:45:00,NA,NA,NA
"DOCK",2026-02-06 08:00:00,NA,NA,NA
"DOCK",2026-02-06 08:15:00,NA,NA,NA
"DOCK",2026-02-06 08:30:00,NA,NA,NA
"DOCK",2026-02-06 08:45:00,NA,NA,NA
"DOCK",2026-02-06 09:00:00,NA,NA,NA
"DOCK",2026-02-06 09:15:00,NA,NA,NA
"DOCK",2026-02-06 09:30:00,NA,NA,NA
"DOCK",2026-02-06 09:45:00,NA,NA,NA
"DOCK",2026-02-06 10:00:00,NA,NA,NA
"DOCK",2026-02-06 10:15:00,NA,NA,NA
"DOCK",2026-02-06 10:30:00,NA,NA,NA
"DOCK",2026-02-06 10:45:00,NA,NA,NA
"DOCK",2026-02-06 11:00:00,NA,NA,NA
"DOCK",2026-02-06 11:15:00,NA,NA,NA
"DOCK",2026-02-06 11:30:00,NA,NA,NA
"DOCK",2026-02-06 11:45:00,NA,NA,NA
"DOCK",2026-02-06 12:00:00,NA,NA,NA
"DOCK",2026-02-06 12:15:00,NA,NA,NA
"DOCK",2026-02-06 12:30:00,NA,NA,NA
"DOCK",2026-02-06 12:45:00,NA,NA,NA
"DOCK",2026-02-06 13:00:00,NA,NA,NA
"DOCK",2026-02-06 13:15:00,NA,NA,NA
"DOCK",2026-02-06 13:30:00,NA,NA,NA
"DOCK",2026-02-06 13:45:00,NA,NA,NA
"DOCK",2026-02-06 14:00:00,NA,NA,NA
"DOCK",2026-02-06 14:15:00,NA,NA,NA
"DOCK",2026-02-06 14:30:00,NA,NA,NA
"DOCK",2026-02-06 14:45:00,NA,NA,NA
"DOCK",2026-02-06 15:00:00,NA,NA,NA
"DOCK",2026-02-06 15:15:00,NA,NA,NA
"DOCK",2026-02-06 15:30:00,NA,NA,NA
"DOCK",2026-02-06 15:45:00,NA,NA,NA
"DOCK",2026-02-06 16:00:00,NA,NA,NA
"DOCK",2026-02-06 16:15:00,NA,NA,NA
"DOCK",2026-02-06 16:30:00,NA,NA,NA
"DOCK",2026-02-06 16:45:00,NA,NA,NA
"DOCK",2026-02-06 17:00:00,NA,NA,NA
"DOCK",2026-02-06 17:15:00,NA,NA,NA
"DOCK",2026-02-06 17:30:00,NA,NA,NA
"DOCK",2026-02-06 17:45:00,NA,NA,NA
"DOCK",2026-02-06 18:00:00,NA,NA,NA
"DOCK",2026-02-06 18:15:00,NA,NA,NA
"DOCK",2026-02-06 18:30:00,NA,NA,NA
"DOCK",2026-02-06 18:45:00,NA,NA,NA
"DOCK",2026-02-06 19:00:00,NA,NA,NA
"DOCK",2026-02-06 19:15:00,NA,NA,NA
"DOCK",2026-02-06 19:30:00,NA,NA,NA
"DOCK",2026-02-06 19:45:00,NA,NA,NA
"DOCK",2026-02-06 20:00:00,NA,NA,NA
"DOCK",2026-02-06 20:15:00,NA,NA,NA
"DOCK",2026-02-06 20:30:00,NA,NA,NA
"DOCK",2026-02-06 20:45:00,NA,NA,NA
"DOCK",2026-02-06 21:00:00,NA,NA,NA
"DOCK",2026-02-06 21:15:00,NA,NA,NA
"DOCK",2026-02-06 21:30:00,NA,NA,NA
"DOCK",2026-02-06 21:45:00,NA,NA,NA
"DOCK",2026-02-06 22:00:00,NA,NA,NA
"DOCK",2026-02-06 22:15:00,NA,NA,NA
"DOCK",2026-02-06 22:30:00,NA,NA,NA
"DOCK",2026-02-06 22:45:00,NA,NA,NA
"DOCK",2026-02-06 23:00:00,NA,NA,NA
"DOCK",2026-02-06 23:15:00,NA,NA,NA
"DOCK",2026-02-06 23:30:00,NA,NA,NA
"DOCK",2026-02-06 23:45:00,NA,NA,NA
"DOCK",2026-02-07,NA,NA,NA
"DOCK",2026-02-07 00:15:00,NA,NA,NA
"DOCK",2026-02-07 00:30:00,NA,NA,NA
"DOCK",2026-02-07 00:45:00,NA,NA,NA
"DOCK",2026-02-07 01:00:00,NA,NA,NA
"DOCK",2026-02-07 01:15:00,NA,NA,NA
"DOCK",2026-02-07 01:30:00,NA,NA,NA
"DOCK",2026-02-07 01:45:00,NA,NA,NA
"DOCK",2026-02-07 02:00:00,NA,NA,NA
"DOCK",2026-02-07 02:15:00,NA,NA,NA
"DOCK",2026-02-07 02:30:00,NA,NA,NA
"DOCK",2026-02-07 02:45:00,NA,NA,NA
"DOCK",2026-02-07 03:00:00,NA,NA,NA
"DOCK",2026-02-07 03:15:00,NA,NA,NA
"DOCK",2026-02-07 03:30:00,NA,NA,NA
"DOCK",2026-02-07 03:45:00,NA,NA,NA
"DOCK",2026-02-07 04:00:00,NA,NA,NA
"DOCK",2026-02-07 04:15:00,NA,NA,NA
"DOCK",2026-02-07 04:30:00,NA,NA,NA
"DOCK",2026-02-07 04:45:00,NA,NA,NA
"DOCK",2026-02-07 05:00:00,NA,NA,NA
"DOCK",2026-02-07 05:15:00,NA,NA,NA
"DOCK",2026-02-07 05:30:00,NA,NA,NA
"DOCK",2026-02-07 05:45:00,NA,NA,NA
"DOCK",2026-02-07 06:00:00,NA,NA,NA
"DOCK",2026-02-07 06:15:00,NA,NA,NA
"DOCK",2026-02-07 06:30:00,NA,NA,NA
"DOCK",2026-02-07 06:45:00,NA,NA,NA
"DOCK",2026-02-07 07:00:00,NA,NA,NA
"DOCK",2026-02-07 07:15:00,NA,NA,NA
"DOCK",2026-02-07 07:30:00,NA,NA,NA
"DOCK",2026-02-07 07:45:00,NA,NA,NA
"DOCK",2026-02-07 08:00:00,NA,NA,NA
"DOCK",2026-02-07 08:15:00,NA,NA,NA
"DOCK",2026-02-07 08:30:00,NA,NA,NA
"DOCK",2026-02-07 08:45:00,NA,NA,NA
"DOCK",2026-02-07 09:00:00,NA,NA,NA
"DOCK",2026-02-07 09:15:00,NA,NA,NA
"DOCK",2026-02-07 09:30:00,NA,NA,NA
"DOCK",2026-02-07 09:45:00,NA,NA,NA
"DOCK",2026-02-07 10:00:00,NA,NA,NA
"DOCK",2026-02-07 10:15:00,NA,NA,NA
"DOCK",2026-02-07 10:30:00,NA,NA,NA
"DOCK",2026-02-07 10:45:00,NA,NA,NA
"DOCK",2026-02-07 11:00:00,NA,NA,NA
"DOCK",2026-02-07 11:15:00,NA,NA,NA
"DOCK",2026-02-07 11:30:00,NA,NA,NA
"DOCK",2026-02-07 11:45:00,NA,NA,NA
"DOCK",2026-02-07 12:00:00,NA,NA,NA
"DOCK",2026-02-07 12:15:00,NA,NA,NA
"DOCK",2026-02-07 12:30:00,NA,NA,NA
"DOCK",2026-02-07 12:45:00,NA,NA,NA
"DOCK",2026-02-07 13:00:00,NA,NA,NA
"DOCK",2026-02-07 13:15:00,NA,NA,NA
"DOCK",2026-02-07 13:30:00,NA,NA,NA
"DOCK",2026-02-07 13:45:00,NA,NA,NA
"DOCK",2026-02-07 14:00:00,NA,NA,NA
"DOCK",2026-02-07 14:15:00,NA,NA,NA
"DOCK",2026-02-07 14:30:00,NA,NA,NA
"DOCK",2026-02-07 14:45:00,NA,NA,NA
"DOCK",2026-02-07 15:00:00,NA,NA,NA
"DOCK",2026-02-07 15:15:00,NA,NA,NA
"DOCK",2026-02-07 15:30:00,NA,NA,NA
"DOCK",2026-02-07 15:45:00,NA,NA,NA
"DOCK",2026-02-07 16:00:00,NA,NA,NA
"DOCK",2026-02-07 16:15:00,NA,NA,NA
"DOCK",2026-02-07 16:30:00,NA,NA,NA
"DOCK",2026-02-07 16:45:00,NA,NA,NA
"DOCK",2026-02-07 17:00:00,NA,NA,NA
"DOCK",2026-02-07 17:15:00,NA,NA,NA
"DOCK",2026-02-07 17:30:00,NA,NA,NA
"DOCK",2026-02-07 17:45:00,NA,NA,NA
"DOCK",2026-02-07 18:00:00,NA,NA,NA
"DOCK",2026-02-07 18:15:00,NA,NA,NA
"DOCK",2026-02-07 18:30:00,NA,NA,NA
"DOCK",2026-02-07 18:45:00,NA,NA,NA
"DOCK",2026-02-07 19:00:00,NA,NA,NA
"DOCK",2026-02-07 19:15:00,NA,NA,NA
"DOCK",2026-02-07 19:30:00,NA,NA,NA
"DOCK",2026-02-07 19:45:00,NA,NA,NA
"DOCK",2026-02-07 20:00:00,NA,NA,NA
"DOCK",2026-02-07 20:15:00,NA,NA,NA
"DOCK",2026-02-07 20:30:00,NA,NA,NA
"DOCK",2026-02-07 20:45:00,NA,NA,NA
"DOCK",2026-02-07 21:00:00,NA,NA,NA
"DOCK",2026-02-07 21:15:00,NA,NA,NA
"DOCK",2026-02-07 21:30:00,NA,NA,NA
"DOCK",2026-02-07 21:45:00,NA,NA,NA
"DOCK",2026-02-07 22:00:00,NA,NA,NA
"DOCK",2026-02-07 22:15:00,NA,NA,NA
"DOCK",2026-02-07 22:30:00,NA,NA,NA
"DOCK",2026-02-07 22:45:00,NA,NA,NA
"DOCK",2026-02-07 23:00:00,NA,NA,NA
"DOCK",2026-02-07 23:15:00,NA,NA,NA
"DOCK",2026-02-07 23:30:00,NA,NA,NA
"DOCK",2026-02-07 23:45:00,NA,NA,NA
"DOCK",2026-02-08,NA,NA,NA
"DOCK",2026-02-08 00:15:00,NA,NA,NA
"DOCK",2026-02-08 00:30:00,NA,NA,NA
"DOCK",2026-02-08 00:45:00,NA,NA,NA
"DOCK",2026-02-08 01:00:00,NA,NA,NA
"DOCK",2026-02-08 01:15:00,NA,NA,NA
"DOCK",2026-02-08 01:30:00,NA,NA,NA
"DOCK",2026-02-08 01:45:00,NA,NA,NA
"DOCK",2026-02-08 02:00:00,NA,NA,NA
"DOCK",2026-02-08 02:15:00,NA,NA,NA
"DOCK",2026-02-08 02:30:00,NA,NA,NA
"DOCK",2026-02-08 02:45:00,NA,NA,NA
"DOCK",2026-02-08 03:00:00,NA,NA,NA
"DOCK",2026-02-08 03:15:00,NA,NA,NA
"DOCK",2026-02-08 03:30:00,NA,NA,NA
"DOCK",2026-02-08 03:45:00,NA,NA,NA
"DOCK",2026-02-08 04:00:00,NA,NA,NA
"DOCK",2026-02-08 04:15:00,NA,NA,NA
"DOCK",2026-02-08 04:30:00,NA,NA,NA
"DOCK",2026-02-08 04:45:00,NA,NA,NA
"DOCK",2026-02-08 05:00:00,NA,NA,NA
"DOCK",2026-02-08 05:15:00,NA,NA,NA
"DOCK",2026-02-08 05:30:00,NA,NA,NA
"DOCK",2026-02-08 05:45:00,NA,NA,NA
"DOCK",2026-02-08 06:00:00,NA,NA,NA
"DOCK",2026-02-08 06:15:00,NA,NA,NA
"DOCK",2026-02-08 06:30:00,NA,NA,NA
"DOCK",2026-02-08 06:45:00,NA,NA,NA
"DOCK",2026-02-08 07:00:00,NA,NA,NA
"DOCK",2026-02-08 07:15:00,NA,NA,NA
"DOCK",2026-02-08 07:30:00,NA,NA,NA
"DOCK",2026-02-08 07:45:00,NA,NA,NA
"DOCK",2026-02-08 08:00:00,NA,NA,NA
"DOCK",2026-02-08 08:15:00,NA,NA,NA
"DOCK",2026-02-08 08:30:00,NA,NA,NA
"DOCK",2026-02-08 08:45:00,NA,NA,NA
"DOCK",2026-02-08 09:00:00,NA,NA,NA
"DOCK",2026-02-08 09:15:00,NA,NA,NA
"DOCK",2026-02-08 09:30:00,NA,NA,NA
"DOCK",2026-02-08 09:45:00,NA,NA,NA
"DOCK",2026-02-08 10:00:00,NA,NA,NA
"DOCK",2026-02-08 10:15:00,NA,NA,NA
"DOCK",2026-02-08 10:30:00,NA,NA,NA
"DOCK",2026-02-08 10:45:00,NA,NA,NA
"DOCK",2026-02-08 11:00:00,NA,NA,NA
"DOCK",2026-02-08 11:15:00,NA,NA,NA
"DOCK",2026-02-08 11:30:00,NA,NA,NA
"DOCK",2026-02-08 11:45:00,NA,NA,NA
"DOCK",2026-02-08 12:00:00,NA,NA,NA
"DOCK",2026-02-08 12:15:00,NA,NA,NA
"DOCK",2026-02-08 12:30:00,NA,NA,NA
"DOCK",2026-02-08 12:45:00,NA,NA,NA
"DOCK",2026-02-08 13:00:00,NA,NA,NA
"DOCK",2026-02-08 13:15:00,NA,NA,NA
"DOCK",2026-02-08 13:30:00,NA,NA,NA
"DOCK",2026-02-08 13:45:00,NA,NA,NA
"DOCK",2026-02-08 14:00:00,NA,NA,NA
"DOCK",2026-02-08 14:15:00,NA,NA,NA
"DOCK",2026-02-08 14:30:00,NA,NA,NA
"DOCK",2026-02-08 14:45:00,NA,NA,NA
"DOCK",2026-02-08 15:00:00,NA,NA,NA
"DOCK",2026-02-08 15:15:00,NA,NA,NA
"DOCK",2026-02-08 15:30:00,NA,NA,NA
"DOCK",2026-02-08 15:45:00,NA,NA,NA
"DOCK",2026-02-08 16:00:00,NA,NA,NA
"DOCK",2026-02-08 16:15:00,NA,NA,NA
"DOCK",2026-02-08 16:30:00,NA,NA,NA
"DOCK",2026-02-08 16:45:00,NA,NA,NA
"DOCK",2026-02-08 17:00:00,NA,NA,NA
"DOCK",2026-02-08 17:15:00,NA,NA,NA
"DOCK",2026-02-08 17:30:00,NA,NA,NA
"DOCK",2026-02-08 17:45:00,NA,NA,NA
"DOCK",2026-02-08 18:00:00,NA,NA,NA
"DOCK",2026-02-08 18:15:00,NA,NA,NA
"DOCK",2026-02-08 18:30:00,NA,NA,NA
"DOCK",2026-02-08 18:45:00,NA,NA,NA
"DOCK",2026-02-08 19:00:00,NA,NA,NA
"DOCK",2026-02-08 19:15:00,NA,NA,NA
"DOCK",2026-02-08 19:30:00,NA,NA,NA
"DOCK",2026-02-08 19:45:00,NA,NA,NA
"DOCK",2026-02-08 20:00:00,NA,NA,NA
"DOCK",2026-02-08 20:15:00,NA,NA,NA
"DOCK",2026-02-08 20:30:00,NA,NA,NA
"DOCK",2026-02-08 20:45:00,NA,NA,NA
"DOCK",2026-02-08 21:00:00,NA,NA,NA
"DOCK",2026-02-08 21:15:00,NA,NA,NA
"DOCK",2026-02-08 21:30:00,NA,NA,NA
"DOCK",2026-02-08 21:45:00,NA,NA,NA
"DOCK",2026-02-08 22:00:00,NA,NA,NA
"DOCK",2026-02-08 22:15:00,NA,NA,NA
"DOCK",2026-02-08 22:30:00,NA,NA,NA
"DOCK",2026-02-08 22:45:00,NA,NA,NA
"DOCK",2026-02-08 23:00:00,NA,NA,NA
"DOCK",2026-02-08 23:15:00,NA,NA,NA
"DOCK",2026-02-08 23:30:00,NA,NA,NA
"DOCK",2026-02-08 23:45:00,NA,NA,NA
"DOCK",2026-02-09,NA,NA,NA
"DOCK",2026-02-09 00:15:00,NA,NA,NA
"DOCK",2026-02-09 00:30:00,NA,NA,NA
"DOCK",2026-02-09 00:45:00,NA,NA,NA
"DOCK",2026-02-09 01:00:00,NA,NA,NA
"DOCK",2026-02-09 01:15:00,NA,NA,NA
"DOCK",2026-02-09 01:30:00,NA,NA,NA
"DOCK",2026-02-09 01:45:00,NA,NA,NA
"DOCK",2026-02-09 02:00:00,NA,NA,NA
"DOCK",2026-02-09 02:15:00,NA,NA,NA
"DOCK",2026-02-09 02:30:00,NA,NA,NA
"DOCK",2026-02-09 02:45:00,NA,NA,NA
"DOCK",2026-02-09 03:00:00,NA,NA,NA
"DOCK",2026-02-09 03:15:00,NA,NA,NA
"DOCK",2026-02-09 03:30:00,NA,NA,NA
"DOCK",2026-02-09 03:45:00,NA,NA,NA
"DOCK",2026-02-09 04:00:00,NA,NA,NA
"DOCK",2026-02-09 04:15:00,NA,NA,NA
"DOCK",2026-02-09 04:30:00,NA,NA,NA
"DOCK",2026-02-09 04:45:00,NA,NA,NA
"DOCK",2026-02-09 05:00:00,NA,NA,NA
"DOCK",2026-02-09 05:15:00,NA,NA,NA
"DOCK",2026-02-09 05:30:00,NA,NA,NA
"DOCK",2026-02-09 05:45:00,NA,NA,NA
"DOCK",2026-02-09 06:00:00,NA,NA,NA
"DOCK",2026-02-09 06:15:00,NA,NA,NA
"DOCK",2026-02-09 06:30:00,NA,NA,NA
"DOCK",2026-02-09 06:45:00,NA,NA,NA
"DOCK",2026-02-09 07:00:00,NA,NA,NA
"DOCK",2026-02-09 07:15:00,NA,NA,NA
"DOCK",2026-02-09 07:30:00,NA,NA,NA
"DOCK",2026-02-09 07:45:00,NA,NA,NA
"DOCK",2026-02-09 08:00:00,NA,NA,NA
"DOCK",2026-02-09 08:15:00,NA,NA,NA
"DOCK",2026-02-09 08:30:00,NA,NA,NA
"DOCK",2026-02-09 08:45:00,NA,NA,NA
"DOCK",2026-02-09 09:00:00,NA,NA,NA
"DOCK",2026-02-09 09:15:00,NA,NA,NA
"DOCK",2026-02-09 09:30:00,NA,NA,NA
"DOCK",2026-02-09 09:45:00,NA,NA,NA
"DOCK",2026-02-09 10:00:00,NA,NA,NA
"DOCK",2026-02-09 10:15:00,NA,NA,NA
"DOCK",2026-02-09 10:30:00,NA,NA,NA
"DOCK",2026-02-09 10:45:00,NA,NA,NA
"DOCK",2026-02-09 11:00:00,NA,NA,NA
"DOCK",2026-02-09 11:15:00,NA,NA,NA
"DOCK",2026-02-09 11:30:00,NA,NA,NA
"DOCK",2026-02-09 11:45:00,NA,NA,NA
"DOCK",2026-02-09 12:00:00,NA,NA,NA
"DOCK",2026-02-09 12:15:00,NA,NA,NA
"DOCK",2026-02-09 12:30:00,NA,NA,NA
"DOCK",2026-02-09 12:45:00,NA,NA,NA
"DOCK",2026-02-09 13:00:00,NA,NA,NA
"DOCK",2026-02-09 13:15:00,NA,NA,NA
"DOCK",2026-02-09 13:30:00,NA,NA,NA
"DOCK",2026-02-09 13:45:00,NA,NA,NA
"DOCK",2026-02-09 14:00:00,NA,NA,NA
"DOCK",2026-02-09 14:15:00,NA,NA,NA
"DOCK",2026-02-09 14:30:00,NA,NA,NA
"DOCK",2026-02-09 14:45:00,NA,NA,NA
"DOCK",2026-02-09 15:00:00,NA,NA,NA
"DOCK",2026-02-09 15:15:00,NA,NA,NA
"DOCK",2026-02-09 15:30:00,NA,NA,NA
"DOCK",2026-02-09 15:45:00,NA,NA,NA
"DOCK",2026-02-09 16:00:00,NA,NA,NA
"DOCK",2026-02-09 16:15:00,NA,NA,NA
"DOCK",2026-02-09 16:30:00,NA,NA,NA
"DOCK",2026-02-09 16:45:00,NA,NA,NA
"DOCK",2026-02-09 17:00:00,NA,NA,NA
"DOCK",2026-02-09 17:15:00,NA,NA,NA
"DOCK",2026-02-09 17:30:00,NA,NA,NA
"DOCK",2026-02-09 17:45:00,NA,NA,NA
"DOCK",2026-02-09 18:00:00,NA,NA,NA
"DOCK",2026-02-09 18:15:00,NA,NA,NA
"DOCK",2026-02-09 18:30:00,NA,NA,NA
"DOCK",2026-02-09 18:45:00,NA,NA,NA
"DOCK",2026-02-09 19:00:00,NA,NA,NA
"DOCK",2026-02-09 19:15:00,NA,NA,NA
"DOCK",2026-02-09 19:30:00,NA,NA,NA
"DOCK",2026-02-09 19:45:00,NA,NA,NA
"DOCK",2026-02-09 20:00:00,NA,NA,NA
"DOCK",2026-02-09 20:15:00,NA,NA,NA
"DOCK",2026-02-09 20:30:00,NA,NA,NA
"DOCK",2026-02-09 20:45:00,NA,NA,NA
"DOCK",2026-02-09 21:00:00,NA,NA,NA
"DOCK",2026-02-09 21:15:00,NA,NA,NA
"DOCK",2026-02-09 21:30:00,NA,NA,NA
"DOCK",2026-02-09 21:45:00,NA,NA,NA
"DOCK",2026-02-09 22:00:00,NA,NA,NA
"DOCK",2026-02-09 22:15:00,NA,NA,NA
"DOCK",2026-02-09 22:30:00,NA,NA,NA
"DOCK",2026-02-09 22:45:00,NA,NA,NA
"DOCK",2026-02-09 23:00:00,NA,NA,NA
"DOCK",2026-02-09 23:15:00,NA,NA,NA
"DOCK",2026-02-09 23:30:00,NA,NA,NA
"DOCK",2026-02-09 23:45:00,NA,NA,NA
"DOCK",2026-02-10,NA,NA,NA
"DOCK",2026-02-10 00:15:00,NA,NA,NA
"DOCK",2026-02-10 00:30:00,NA,NA,NA
"DOCK",2026-02-10 00:45:00,NA,NA,NA
"DOCK",2026-02-10 01:00:00,NA,NA,NA
"DOCK",2026-02-10 01:15:00,NA,NA,NA
"DOCK",2026-02-10 01:30:00,NA,NA,NA
"DOCK",2026-02-10 01:45:00,NA,NA,NA
"DOCK",2026-02-10 02:00:00,NA,NA,NA
"DOCK",2026-02-10 02:15:00,NA,NA,NA
"DOCK",2026-02-10 02:30:00,NA,NA,NA
"DOCK",2026-02-10 02:45:00,NA,NA,NA
"DOCK",2026-02-10 03:00:00,NA,NA,NA
"DOCK",2026-02-10 03:15:00,NA,NA,NA
"DOCK",2026-02-10 03:30:00,NA,NA,NA
"DOCK",2026-02-10 03:45:00,NA,NA,NA
"DOCK",2026-02-10 04:00:00,NA,NA,NA
"DOCK",2026-02-10 04:15:00,NA,NA,NA
"DOCK",2026-02-10 04:30:00,NA,NA,NA
"DOCK",2026-02-10 04:45:00,NA,NA,NA
"DOCK",2026-02-10 05:00:00,NA,NA,NA
"DOCK",2026-02-10 05:15:00,NA,NA,NA
"DOCK",2026-02-10 05:30:00,NA,NA,NA
"DOCK",2026-02-10 05:45:00,NA,NA,NA
"DOCK",2026-02-10 06:00:00,NA,NA,NA
"DOCK",2026-02-10 06:15:00,NA,NA,NA
"DOCK",2026-02-10 06:30:00,NA,NA,NA
"DOCK",2026-02-10 06:45:00,NA,NA,NA
"DOCK",2026-02-10 07:00:00,NA,NA,NA
"DOCK",2026-02-10 07:15:00,NA,NA,NA
"DOCK",2026-02-10 07:30:00,NA,NA,NA
"DOCK",2026-02-10 07:45:00,NA,NA,NA
"DOCK",2026-02-10 08:00:00,NA,NA,NA
"DOCK",2026-02-10 08:15:00,NA,NA,NA
"DOCK",2026-02-10 08:30:00,NA,NA,NA
"DOCK",2026-02-10 08:45:00,NA,NA,NA
"DOCK",2026-02-10 09:00:00,NA,NA,NA
"DOCK",2026-02-10 09:15:00,NA,NA,NA
"DOCK",2026-02-10 09:30:00,NA,NA,NA
"DOCK",2026-02-10 09:45:00,NA,NA,NA
"DOCK",2026-02-10 10:00:00,NA,NA,NA
"DOCK",2026-02-10 10:15:00,NA,NA,NA
"DOCK",2026-02-10 10:30:00,NA,NA,NA
"DOCK",2026-02-10 10:45:00,NA,NA,NA
"DOCK",2026-02-10 11:00:00,NA,NA,NA
"DOCK",2026-02-10 11:15:00,NA,NA,NA
"DOCK",2026-02-10 11:30:00,NA,NA,NA
"DOCK",2026-02-10 11:45:00,NA,NA,NA
"DOCK",2026-02-10 12:00:00,NA,NA,NA
"DOCK",2026-02-10 12:15:00,NA,NA,NA
"DOCK",2026-02-10 12:30:00,NA,NA,NA
"DOCK",2026-02-10 12:45:00,NA,NA,NA
"DOCK",2026-02-10 13:00:00,NA,NA,NA
"DOCK",2026-02-10 13:15:00,NA,NA,NA
"DOCK",2026-02-10 13:30:00,NA,NA,NA
"DOCK",2026-02-10 13:45:00,NA,NA,NA
"DOCK",2026-02-10 14:00:00,NA,NA,NA
"DOCK",2026-02-10 14:15:00,NA,NA,NA
"DOCK",2026-02-10 14:30:00,NA,NA,NA
"DOCK",2026-02-10 14:45:00,NA,NA,NA
"DOCK",2026-02-10 15:00:00,NA,NA,NA
"DOCK",2026-02-10 15:15:00,NA,NA,NA
"DOCK",2026-02-10 15:30:00,NA,NA,NA
"DOCK",2026-02-10 15:45:00,NA,NA,NA
"DOCK",2026-02-10 16:00:00,NA,NA,NA
"DOCK",2026-02-10 16:15:00,NA,NA,NA
"DOCK",2026-02-10 16:30:00,NA,NA,NA
"DOCK",2026-02-10 16:45:00,NA,NA,NA
"DOCK",2026-02-10 17:00:00,NA,NA,NA
"DOCK",2026-02-10 17:15:00,NA,NA,NA
"DOCK",2026-02-10 17:30:00,NA,NA,NA
"DOCK",2026-02-10 17:45:00,NA,NA,NA
"DOCK",2026-02-10 18:00:00,NA,NA,NA
"DOCK",2026-02-10 18:15:00,NA,NA,NA
"DOCK",2026-02-10 18:30:00,NA,NA,NA
"DOCK",2026-02-10 18:45:00,NA,NA,NA
"DOCK",2026-02-10 19:00:00,NA,NA,NA
"DOCK",2026-02-10 19:15:00,NA,NA,NA
"DOCK",2026-02-10 19:30:00,NA,NA,NA
"DOCK",2026-02-10 19:45:00,NA,NA,NA
"DOCK",2026-02-10 20:00:00,NA,NA,NA
"DOCK",2026-02-10 20:15:00,NA,NA,NA
"DOCK",2026-02-10 20:30:00,NA,NA,NA
"DOCK",2026-02-10 20:45:00,NA,NA,NA
"DOCK",2026-02-10 21:00:00,NA,NA,NA
"DOCK",2026-02-10 21:15:00,NA,NA,NA
"DOCK",2026-02-10 21:30:00,NA,NA,NA
"DOCK",2026-02-10 21:45:00,NA,NA,NA
"DOCK",2026-02-10 22:00:00,NA,NA,NA
"DOCK",2026-02-10 22:15:00,NA,NA,NA
"DOCK",2026-02-10 22:30:00,NA,NA,NA
"DOCK",2026-02-10 22:45:00,NA,NA,NA
"DOCK",2026-02-10 23:00:00,NA,NA,NA
"DOCK",2026-02-10 23:15:00,NA,NA,NA
"DOCK",2026-02-10 23:30:00,NA,NA,NA
"DOCK",2026-02-10 23:45:00,NA,NA,NA
"DOCK",2026-02-11,NA,NA,NA
"DOCK",2026-02-11 00:15:00,NA,NA,NA
"DOCK",2026-02-11 00:30:00,NA,NA,NA
"DOCK",2026-02-11 00:45:00,NA,NA,NA
"DOCK",2026-02-11 01:00:00,NA,NA,NA
"DOCK",2026-02-11 01:15:00,NA,NA,NA
"DOCK",2026-02-11 01:30:00,NA,NA,NA
"DOCK",2026-02-11 01:45:00,NA,NA,NA
"DOCK",2026-02-11 02:00:00,NA,NA,NA
"DOCK",2026-02-11 02:15:00,NA,NA,NA
"DOCK",2026-02-11 02:30:00,NA,NA,NA
"DOCK",2026-02-11 02:45:00,NA,NA,NA
"DOCK",2026-02-11 03:00:00,NA,NA,NA
"DOCK",2026-02-11 03:15:00,NA,NA,NA
"DOCK",2026-02-11 03:30:00,NA,NA,NA
"DOCK",2026-02-11 03:45:00,NA,NA,NA
"DOCK",2026-02-11 04:00:00,NA,NA,NA
"DOCK",2026-02-11 04:15:00,NA,NA,NA
"DOCK",2026-02-11 04:30:00,NA,NA,NA
"DOCK",2026-02-11 04:45:00,NA,NA,NA
"DOCK",2026-02-11 05:00:00,NA,NA,NA
"DOCK",2026-02-11 05:15:00,NA,NA,NA
"DOCK",2026-02-11 05:30:00,NA,NA,NA
"DOCK",2026-02-11 05:45:00,NA,NA,NA
"DOCK",2026-02-11 06:00:00,NA,NA,NA
"DOCK",2026-02-11 06:15:00,NA,NA,NA
"DOCK",2026-02-11 06:30:00,NA,NA,NA
"DOCK",2026-02-11 06:45:00,NA,NA,NA
"DOCK",2026-02-11 07:00:00,NA,NA,NA
"DOCK",2026-02-11 07:15:00,NA,NA,NA
"DOCK",2026-02-11 07:30:00,NA,NA,NA
"DOCK",2026-02-11 07:45:00,NA,NA,NA
"DOCK",2026-02-11 08:00:00,NA,NA,NA
"DOCK",2026-02-11 08:15:00,NA,NA,NA
"DOCK",2026-02-11 08:30:00,NA,NA,NA
"DOCK",2026-02-11 08:45:00,NA,NA,NA
"DOCK",2026-02-11 09:00:00,NA,NA,NA
"DOCK",2026-02-11 09:15:00,NA,NA,NA
"DOCK",2026-02-11 09:30:00,NA,NA,NA
"DOCK",2026-02-11 09:45:00,NA,NA,NA
"DOCK",2026-02-11 10:00:00,NA,NA,NA
"DOCK",2026-02-11 10:15:00,NA,NA,NA
"DOCK",2026-02-11 10:30:00,NA,NA,NA
"DOCK",2026-02-11 10:45:00,NA,NA,NA
"DOCK",2026-02-11 11:00:00,NA,NA,NA
"DOCK",2026-02-11 11:15:00,NA,NA,NA
"DOCK",2026-02-11 11:30:00,NA,NA,NA
"DOCK",2026-02-11 11:45:00,NA,NA,NA
"DOCK",2026-02-11 12:00:00,NA,NA,NA
"DOCK",2026-02-11 12:15:00,NA,NA,NA
"DOCK",2026-02-11 12:30:00,NA,NA,NA
"DOCK",2026-02-11 12:45:00,NA,NA,NA
"DOCK",2026-02-11 13:00:00,NA,NA,NA
"DOCK",2026-02-11 13:15:00,NA,NA,NA
"DOCK",2026-02-11 13:30:00,NA,NA,NA
"DOCK",2026-02-11 13:45:00,NA,NA,NA
"DOCK",2026-02-11 14:00:00,NA,NA,NA
"DOCK",2026-02-11 14:15:00,NA,NA,NA
"DOCK",2026-02-11 14:30:00,NA,NA,NA
"DOCK",2026-02-11 14:45:00,NA,NA,NA
"DOCK",2026-02-11 15:00:00,NA,NA,NA
"DOCK",2026-02-11 15:15:00,NA,NA,NA
"DOCK",2026-02-11 15:30:00,NA,NA,NA
"DOCK",2026-02-11 15:45:00,NA,NA,NA
"DOCK",2026-02-11 16:00:00,NA,NA,NA
"DOCK",2026-02-11 16:15:00,NA,NA,NA
"DOCK",2026-02-11 16:30:00,NA,NA,NA
"DOCK",2026-02-11 16:45:00,NA,NA,NA
"DOCK",2026-02-11 17:00:00,NA,NA,NA
"DOCK",2026-02-11 17:15:00,NA,NA,NA
"DOCK",2026-02-11 17:30:00,NA,NA,NA
"DOCK",2026-02-11 17:45:00,NA,NA,NA
"DOCK",2026-02-11 18:00:00,NA,NA,NA
"DOCK",2026-02-11 18:15:00,NA,NA,NA
"DOCK",2026-02-11 18:30:00,NA,NA,NA
"DOCK",2026-02-11 18:45:00,NA,NA,NA
"DOCK",2026-02-11 19:00:00,NA,NA,NA
"DOCK",2026-02-11 19:15:00,NA,NA,NA
"DOCK",2026-02-11 19:30:00,NA,NA,NA
"DOCK",2026-02-11 19:45:00,NA,NA,NA
"DOCK",2026-02-11 20:00:00,NA,NA,NA
"DOCK",2026-02-11 20:15:00,NA,NA,NA
"DOCK",2026-02-11 20:30:00,NA,NA,NA
"DOCK",2026-02-11 20:45:00,NA,NA,NA
"DOCK",2026-02-11 21:00:00,NA,NA,NA
"DOCK",2026-02-11 21:15:00,NA,NA,NA
"DOCK",2026-02-11 21:30:00,NA,NA,NA
"DOCK",2026-02-11 21:45:00,NA,NA,NA
"DOCK",2026-02-11 22:00:00,NA,NA,NA
"DOCK",2026-02-11 22:15:00,NA,NA,NA
"DOCK",2026-02-11 22:30:00,NA,NA,NA
"DOCK",2026-02-11 22:45:00,NA,NA,NA
"DOCK",2026-02-11 23:00:00,NA,NA,NA
"DOCK",2026-02-11 23:15:00,NA,NA,NA
"DOCK",2026-02-11 23:30:00,NA,NA,NA
"DOCK",2026-02-11 23:45:00,NA,NA,NA
"DOCK",2026-02-12,NA,NA,NA
"DOCK",2026-02-12 00:15:00,NA,NA,NA
"DOCK",2026-02-12 00:30:00,NA,NA,NA
"DOCK",2026-02-12 00:45:00,NA,NA,NA
"DOCK",2026-02-12 01:00:00,NA,NA,NA
"DOCK",2026-02-12 01:15:00,NA,NA,NA
"DOCK",2026-02-12 01:30:00,NA,NA,NA
"DOCK",2026-02-12 01:45:00,NA,NA,NA
"DOCK",2026-02-12 02:00:00,NA,NA,NA
"DOCK",2026-02-12 02:15:00,NA,NA,NA
"DOCK",2026-02-12 02:30:00,NA,NA,NA
"DOCK",2026-02-12 02:45:00,NA,NA,NA
"DOCK",2026-02-12 03:00:00,NA,NA,NA
"DOCK",2026-02-12 03:15:00,NA,NA,NA
"DOCK",2026-02-12 03:30:00,NA,NA,NA
"DOCK",2026-02-12 03:45:00,NA,NA,NA
"DOCK",2026-02-12 04:00:00,NA,NA,NA
"DOCK",2026-02-12 04:15:00,NA,NA,NA
"DOCK",2026-02-12 04:30:00,NA,NA,NA
"DOCK",2026-02-12 04:45:00,NA,NA,NA
"DOCK",2026-02-12 05:00:00,NA,NA,NA
"DOCK",2026-02-12 05:15:00,NA,NA,NA
"DOCK",2026-02-12 05:30:00,NA,NA,NA
"DOCK",2026-02-12 05:45:00,NA,NA,NA
"DOCK",2026-02-12 06:00:00,NA,NA,NA
"DOCK",2026-02-12 06:15:00,NA,NA,NA
"DOCK",2026-02-12 06:30:00,NA,NA,NA
"DOCK",2026-02-12 06:45:00,NA,NA,NA
"DOCK",2026-02-12 07:00:00,NA,NA,NA
"DOCK",2026-02-12 07:15:00,NA,NA,NA
"DOCK",2026-02-12 07:30:00,NA,NA,NA
"DOCK",2026-02-12 07:45:00,NA,NA,NA
"DOCK",2026-02-12 08:00:00,NA,NA,NA
"DOCK",2026-02-12 08:15:00,NA,NA,NA
"DOCK",2026-02-12 08:30:00,NA,NA,NA
"DOCK",2026-02-12 08:45:00,NA,NA,NA
"DOCK",2026-02-12 09:00:00,NA,NA,NA
"DOCK",2026-02-12 09:15:00,NA,NA,NA
"DOCK",2026-02-12 09:30:00,NA,NA,NA
"DOCK",2026-02-12 09:45:00,NA,NA,NA
"DOCK",2026-02-12 10:00:00,NA,NA,NA
"DOCK",2026-02-12 10:15:00,NA,NA,NA
"DOCK",2026-02-12 10:30:00,NA,NA,NA
"DOCK",2026-02-12 10:45:00,NA,NA,NA
"DOCK",2026-02-12 11:00:00,NA,NA,NA
"DOCK",2026-02-12 11:15:00,NA,NA,NA
"DOCK",2026-02-12 11:30:00,NA,NA,NA
"DOCK",2026-02-12 11:45:00,NA,NA,NA
"DOCK",2026-02-12 12:00:00,NA,NA,NA
"DOCK",2026-02-12 12:15:00,NA,NA,NA
"DOCK",2026-02-12 12:30:00,NA,NA,NA
"DOCK",2026-02-12 12:45:00,NA,NA,NA
"DOCK",2026-02-12 13:00:00,NA,NA,NA
"DOCK",2026-02-12 13:15:00,NA,NA,NA
"DOCK",2026-02-12 13:30:00,NA,NA,NA
"DOCK",2026-02-12 13:45:00,NA,NA,NA
"DOCK",2026-02-12 14:00:00,NA,NA,NA
"DOCK",2026-02-12 14:15:00,NA,NA,NA
"DOCK",2026-02-12 14:30:00,NA,NA,NA
"DOCK",2026-02-12 14:45:00,NA,NA,NA
"DOCK",2026-02-12 15:00:00,NA,NA,NA
"DOCK",2026-02-12 15:15:00,NA,NA,NA
"DOCK",2026-02-12 15:30:00,NA,NA,NA
"DOCK",2026-02-12 15:45:00,NA,NA,NA
"DOCK",2026-02-12 16:00:00,NA,NA,NA
"DOCK",2026-02-12 16:15:00,NA,NA,NA
"DOCK",2026-02-12 16:30:00,NA,NA,NA
"DOCK",2026-02-12 16:45:00,NA,NA,NA
"DOCK",2026-02-12 17:00:00,NA,NA,NA
"DOCK",2026-02-12 17:15:00,NA,NA,NA
"DOCK",2026-02-12 17:30:00,NA,NA,NA
"DOCK",2026-02-12 17:45:00,NA,NA,NA
"DOCK",2026-02-12 18:00:00,NA,NA,NA
"DOCK",2026-02-12 18:15:00,NA,NA,NA
"DOCK",2026-02-12 18:30:00,NA,NA,NA
"DOCK",2026-02-12 18:45:00,NA,NA,NA
"DOCK",2026-02-12 19:00:00,NA,NA,NA
"DOCK",2026-02-12 19:15:00,NA,NA,NA
"DOCK",2026-02-12 19:30:00,NA,NA,NA
"DOCK",2026-02-12 19:45:00,NA,NA,NA
"DOCK",2026-02-12 20:00:00,NA,NA,NA
"DOCK",2026-02-12 20:15:00,NA,NA,NA
"DOCK",2026-02-12 20:30:00,NA,NA,NA
"DOCK",2026-02-12 20:45:00,NA,NA,NA
"DOCK",2026-02-12 21:00:00,NA,NA,NA
"DOCK",2026-02-12 21:15:00,NA,NA,NA
"DOCK",2026-02-12 21:30:00,NA,NA,NA
"DOCK",2026-02-12 21:45:00,NA,NA,NA
"DOCK",2026-02-12 22:00:00,NA,NA,NA
"DOCK",2026-02-12 22:15:00,NA,NA,NA
"DOCK",2026-02-12 22:30:00,NA,NA,NA
"DOCK",2026-02-12 22:45:00,NA,NA,NA
"DOCK",2026-02-12 23:00:00,NA,NA,NA
"DOCK",2026-02-12 23:15:00,NA,NA,NA
"DOCK",2026-02-12 23:30:00,NA,NA,NA
"DOCK",2026-02-12 23:45:00,NA,NA,NA
"DOCK",2026-02-13,NA,NA,NA
"DOCK",2026-02-13 00:15:00,NA,NA,NA
"DOCK",2026-02-13 00:30:00,NA,NA,NA
"DOCK",2026-02-13 00:45:00,NA,NA,NA
"DOCK",2026-02-13 01:00:00,NA,NA,NA
"DOCK",2026-02-13 01:15:00,NA,NA,NA
"DOCK",2026-02-13 01:30:00,NA,NA,NA
"DOCK",2026-02-13 01:45:00,NA,NA,NA
"DOCK",2026-02-13 02:00:00,NA,NA,NA
"DOCK",2026-02-13 02:15:00,NA,NA,NA
"DOCK",2026-02-13 02:30:00,NA,NA,NA
"DOCK",2026-02-13 02:45:00,NA,NA,NA
"DOCK",2026-02-13 03:00:00,NA,NA,NA
"DOCK",2026-02-13 03:15:00,NA,NA,NA
"DOCK",2026-02-13 03:30:00,NA,NA,NA
"DOCK",2026-02-13 03:45:00,NA,NA,NA
"DOCK",2026-02-13 04:00:00,NA,NA,NA
"DOCK",2026-02-13 04:15:00,NA,NA,NA
"DOCK",2026-02-13 04:30:00,NA,NA,NA
"DOCK",2026-02-13 04:45:00,NA,NA,NA
"DOCK",2026-02-13 05:00:00,NA,NA,NA
"DOCK",2026-02-13 05:15:00,NA,NA,NA
"DOCK",2026-02-13 05:30:00,NA,NA,NA
"DOCK",2026-02-13 05:45:00,NA,NA,NA
"DOCK",2026-02-13 06:00:00,NA,NA,NA
"DOCK",2026-02-13 06:15:00,NA,NA,NA
"DOCK",2026-02-13 06:30:00,NA,NA,NA
"DOCK",2026-02-13 06:45:00,NA,NA,NA
"DOCK",2026-02-13 07:00:00,NA,NA,NA
"DOCK",2026-02-13 07:15:00,NA,NA,NA
"DOCK",2026-02-13 07:30:00,NA,NA,NA
"DOCK",2026-02-13 07:45:00,NA,NA,NA
"DOCK",2026-02-13 08:00:00,NA,NA,NA
"DOCK",2026-02-13 08:15:00,NA,NA,NA
"DOCK",2026-02-13 08:30:00,NA,NA,NA
"DOCK",2026-02-13 08:45:00,NA,NA,NA
"DOCK",2026-02-13 09:00:00,NA,NA,NA
"DOCK",2026-02-13 09:15:00,NA,NA,NA
"DOCK",2026-02-13 09:30:00,NA,NA,NA
"DOCK",2026-02-13 09:45:00,NA,NA,NA
"DOCK",2026-02-13 10:00:00,NA,NA,NA
"DOCK",2026-02-13 10:15:00,NA,NA,NA
"DOCK",2026-02-13 10:30:00,NA,NA,NA
"DOCK",2026-02-13 10:45:00,NA,NA,NA
"DOCK",2026-02-13 11:00:00,NA,NA,NA
"DOCK",2026-02-13 11:15:00,NA,NA,NA
"DOCK",2026-02-13 11:30:00,NA,NA,NA
"DOCK",2026-02-13 11:45:00,NA,NA,NA
"DOCK",2026-02-13 12:00:00,NA,NA,NA
"DOCK",2026-02-13 12:15:00,NA,NA,NA
"DOCK",2026-02-13 12:30:00,NA,NA,NA
"DOCK",2026-02-13 12:45:00,NA,NA,NA
"DOCK",2026-02-13 13:00:00,NA,NA,NA
"DOCK",2026-02-13 13:15:00,NA,NA,NA
"DOCK",2026-02-13 13:30:00,NA,NA,NA
"DOCK",2026-02-13 13:45:00,NA,NA,NA
"DOCK",2026-02-13 14:00:00,NA,NA,NA
"DOCK",2026-02-13 14:15:00,NA,NA,NA
"DOCK",2026-02-13 14:30:00,NA,NA,NA
"DOCK",2026-02-13 14:45:00,NA,NA,NA
"DOCK",2026-02-13 15:00:00,NA,NA,NA
"DOCK",2026-02-13 15:15:00,NA,NA,NA
"DOCK",2026-02-13 15:30:00,NA,NA,NA
"DOCK",2026-02-13 15:45:00,NA,NA,NA
"DOCK",2026-02-13 16:00:00,NA,NA,NA
"DOCK",2026-02-13 16:15:00,NA,NA,NA
"DOCK",2026-02-13 16:30:00,NA,NA,NA
"DOCK",2026-02-13 16:45:00,NA,NA,NA
"DOCK",2026-02-13 17:00:00,NA,NA,NA
"DOCK",2026-02-13 17:15:00,NA,NA,NA
"DOCK",2026-02-13 17:30:00,NA,NA,NA
"DOCK",2026-02-13 17:45:00,NA,NA,NA
"DOCK",2026-02-13 18:00:00,NA,NA,NA
"DOCK",2026-02-13 18:15:00,NA,NA,NA
"DOCK",2026-02-13 18:30:00,NA,NA,NA
"DOCK",2026-02-13 18:45:00,NA,NA,NA
"DOCK",2026-02-13 19:00:00,NA,NA,NA
"DOCK",2026-02-13 19:15:00,NA,NA,NA
"DOCK",2026-02-13 19:30:00,NA,NA,NA
"DOCK",2026-02-13 19:45:00,NA,NA,NA
"DOCK",2026-02-13 20:00:00,NA,NA,NA
"DOCK",2026-02-13 20:15:00,NA,NA,NA
"DOCK",2026-02-13 20:30:00,NA,NA,NA
"DOCK",2026-02-13 20:45:00,NA,NA,NA
"DOCK",2026-02-13 21:00:00,NA,NA,NA
"DOCK",2026-02-13 21:15:00,NA,NA,NA
"DOCK",2026-02-13 21:30:00,NA,NA,NA
"DOCK",2026-02-13 21:45:00,NA,NA,NA
"DOCK",2026-02-13 22:00:00,NA,NA,NA
"DOCK",2026-02-13 22:15:00,NA,NA,NA
"DOCK",2026-02-13 22:30:00,NA,NA,NA
"DOCK",2026-02-13 22:45:00,NA,NA,NA
"DOCK",2026-02-13 23:00:00,NA,NA,NA
"DOCK",2026-02-13 23:15:00,NA,NA,NA
"DOCK",2026-02-13 23:30:00,NA,NA,NA
"DOCK",2026-02-13 23:45:00,NA,NA,NA
"DOCK",2026-02-14,NA,NA,NA
"DOCK",2026-02-14 00:15:00,NA,NA,NA
"DOCK",2026-02-14 00:30:00,NA,NA,NA
"DOCK",2026-02-14 00:45:00,NA,NA,NA
"DOCK",2026-02-14 01:00:00,NA,NA,NA
"DOCK",2026-02-14 01:15:00,NA,NA,NA
"DOCK",2026-02-14 01:30:00,NA,NA,NA
"DOCK",2026-02-14 01:45:00,NA,NA,NA
"DOCK",2026-02-14 02:00:00,NA,NA,NA
"DOCK",2026-02-14 02:15:00,NA,NA,NA
"DOCK",2026-02-14 02:30:00,NA,NA,NA
"DOCK",2026-02-14 02:45:00,NA,NA,NA
"DOCK",2026-02-14 03:00:00,NA,NA,NA
"DOCK",2026-02-14 03:15:00,NA,NA,NA
"DOCK",2026-02-14 03:30:00,NA,NA,NA
"DOCK",2026-02-14 03:45:00,NA,NA,NA
"DOCK",2026-02-14 04:00:00,NA,NA,NA
"DOCK",2026-02-14 04:15:00,NA,NA,NA
"DOCK",2026-02-14 04:30:00,NA,NA,NA
"DOCK",2026-02-14 04:45:00,NA,NA,NA
"DOCK",2026-02-14 05:00:00,NA,NA,NA
"DOCK",2026-02-14 05:15:00,NA,NA,NA
"DOCK",2026-02-14 05:30:00,NA,NA,NA
"DOCK",2026-02-14 05:45:00,NA,NA,NA
"DOCK",2026-02-14 06:00:00,NA,NA,NA
"DOCK",2026-02-14 06:15:00,NA,NA,NA
"DOCK",2026-02-14 06:30:00,NA,NA,NA
"DOCK",2026-02-14 06:45:00,NA,NA,NA
"DOCK",2026-02-14 07:00:00,NA,NA,NA
"DOCK",2026-02-14 07:15:00,NA,NA,NA
"DOCK",2026-02-14 07:30:00,NA,NA,NA
"DOCK",2026-02-14 07:45:00,NA,NA,NA
"DOCK",2026-02-14 08:00:00,NA,NA,NA
"DOCK",2026-02-14 08:15:00,NA,NA,NA
"DOCK",2026-02-14 08:30:00,NA,NA,NA
"DOCK",2026-02-14 08:45:00,NA,NA,NA
"DOCK",2026-02-14 09:00:00,NA,NA,NA
"DOCK",2026-02-14 09:15:00,NA,NA,NA
"DOCK",2026-02-14 09:30:00,NA,NA,NA
"DOCK",2026-02-14 09:45:00,NA,NA,NA
"DOCK",2026-02-14 10:00:00,NA,NA,NA
"DOCK",2026-02-14 10:15:00,NA,NA,NA
"DOCK",2026-02-14 10:30:00,NA,NA,NA
"DOCK",2026-02-14 10:45:00,NA,NA,NA
"DOCK",2026-02-14 11:00:00,NA,NA,NA
"DOCK",2026-02-14 11:15:00,NA,NA,NA
"DOCK",2026-02-14 11:30:00,NA,NA,NA
"DOCK",2026-02-14 11:45:00,NA,NA,NA
"DOCK",2026-02-14 12:00:00,NA,NA,NA
"DOCK",2026-02-14 12:15:00,NA,NA,NA
"DOCK",2026-02-14 12:30:00,NA,NA,NA
"DOCK",2026-02-14 12:45:00,NA,NA,NA
"DOCK",2026-02-14 13:00:00,NA,NA,NA
"DOCK",2026-02-14 13:15:00,NA,NA,NA
"DOCK",2026-02-14 13:30:00,NA,NA,NA
"DOCK",2026-02-14 13:45:00,NA,NA,NA
"DOCK",2026-02-14 14:00:00,NA,NA,NA
"DOCK",2026-02-14 14:15:00,NA,NA,NA
"DOCK",2026-02-14 14:30:00,NA,NA,NA
"DOCK",2026-02-14 14:45:00,NA,NA,NA
"DOCK",2026-02-14 15:00:00,NA,NA,NA
"DOCK",2026-02-14 15:15:00,NA,NA,NA
"DOCK",2026-02-14 15:30:00,NA,NA,NA
"DOCK",2026-02-14 15:45:00,NA,NA,NA
"DOCK",2026-02-14 16:00:00,NA,NA,NA
"DOCK",2026-02-14 16:15:00,NA,NA,NA
"DOCK",2026-02-14 16:30:00,NA,NA,NA
"DOCK",2026-02-14 16:45:00,NA,NA,NA
"DOCK",2026-02-14 17:00:00,NA,NA,NA
"DOCK",2026-02-14 17:15:00,NA,NA,NA
"DOCK",2026-02-14 17:30:00,NA,NA,NA
"DOCK",2026-02-14 17:45:00,NA,NA,NA
"DOCK",2026-02-14 18:00:00,NA,NA,NA
"DOCK",2026-02-14 18:15:00,NA,NA,NA
"DOCK",2026-02-14 18:30:00,NA,NA,NA
"DOCK",2026-02-14 18:45:00,NA,NA,NA
"DOCK",2026-02-14 19:00:00,NA,NA,NA
"DOCK",2026-02-14 19:15:00,NA,NA,NA
"DOCK",2026-02-14 19:30:00,NA,NA,NA
"DOCK",2026-02-14 19:45:00,NA,NA,NA
"DOCK",2026-02-14 20:00:00,NA,NA,NA
"DOCK",2026-02-14 20:15:00,NA,NA,NA
"DOCK",2026-02-14 20:30:00,NA,NA,NA
"DOCK",2026-02-14 20:45:00,NA,NA,NA
"DOCK",2026-02-14 21:00:00,NA,NA,NA
"DOCK",2026-02-14 21:15:00,NA,NA,NA
"DOCK",2026-02-14 21:30:00,NA,NA,NA
"DOCK",2026-02-14 21:45:00,NA,NA,NA
"DOCK",2026-02-14 22:00:00,NA,NA,NA
"DOCK",2026-02-14 22:15:00,NA,NA,NA
"DOCK",2026-02-14 22:30:00,NA,NA,NA
"DOCK",2026-02-14 22:45:00,NA,NA,NA
"DOCK",2026-02-14 23:00:00,NA,NA,NA
"DOCK",2026-02-14 23:15:00,NA,NA,NA
"DOCK",2026-02-14 23:30:00,NA,NA,NA
"DOCK",2026-02-14 23:45:00,NA,NA,NA
"DOCK",2026-02-15,NA,NA,NA
"DOCK",2026-02-15 00:15:00,NA,NA,NA
"DOCK",2026-02-15 00:30:00,NA,NA,NA
"DOCK",2026-02-15 00:45:00,NA,NA,NA
"DOCK",2026-02-15 01:00:00,NA,NA,NA
"DOCK",2026-02-15 01:15:00,NA,NA,NA
"DOCK",2026-02-15 01:30:00,NA,NA,NA
"DOCK",2026-02-15 01:45:00,NA,NA,NA
"DOCK",2026-02-15 02:00:00,NA,NA,NA
"DOCK",2026-02-15 02:15:00,NA,NA,NA
"DOCK",2026-02-15 02:30:00,NA,NA,NA
"DOCK",2026-02-15 02:45:00,NA,NA,NA
"DOCK",2026-02-15 03:00:00,NA,NA,NA
"DOCK",2026-02-15 03:15:00,NA,NA,NA
"DOCK",2026-02-15 03:30:00,NA,NA,NA
"DOCK",2026-02-15 03:45:00,NA,NA,NA
"DOCK",2026-02-15 04:00:00,NA,NA,NA
"DOCK",2026-02-15 04:15:00,NA,NA,NA
"DOCK",2026-02-15 04:30:00,NA,NA,NA
"DOCK",2026-02-15 04:45:00,NA,NA,NA
"DOCK",2026-02-15 05:00:00,NA,NA,NA
"DOCK",2026-02-15 05:15:00,NA,NA,NA
"DOCK",2026-02-15 05:30:00,NA,NA,NA
"DOCK",2026-02-15 05:45:00,NA,NA,NA
"DOCK",2026-02-15 06:00:00,NA,NA,NA
"DOCK",2026-02-15 06:15:00,NA,NA,NA
"DOCK",2026-02-15 06:30:00,NA,NA,NA
"DOCK",2026-02-15 06:45:00,NA,NA,NA
"DOCK",2026-02-15 07:00:00,NA,NA,NA
"DOCK",2026-02-15 07:15:00,NA,NA,NA
"DOCK",2026-02-15 07:30:00,NA,NA,NA
"DOCK",2026-02-15 07:45:00,NA,NA,NA
"DOCK",2026-02-15 08:00:00,NA,NA,NA
"DOCK",2026-02-15 08:15:00,NA,NA,NA
"DOCK",2026-02-15 08:30:00,NA,NA,NA
"DOCK",2026-02-15 08:45:00,NA,NA,NA
"DOCK",2026-02-15 09:00:00,NA,NA,NA
"DOCK",2026-02-15 09:15:00,NA,NA,NA
"DOCK",2026-02-15 09:30:00,NA,NA,NA
"DOCK",2026-02-15 09:45:00,NA,NA,NA
"DOCK",2026-02-15 10:00:00,NA,NA,NA
"DOCK",2026-02-15 10:15:00,NA,NA,NA
"DOCK",2026-02-15 10:30:00,NA,NA,NA
"DOCK",2026-02-15 10:45:00,NA,NA,NA
"DOCK",2026-02-15 11:00:00,NA,NA,NA
"DOCK",2026-02-15 11:15:00,NA,NA,NA
"DOCK",2026-02-15 11:30:00,NA,NA,NA
"DOCK",2026-02-15 11:45:00,NA,NA,NA
"DOCK",2026-02-15 12:00:00,NA,NA,NA
"DOCK",2026-02-15 12:15:00,NA,NA,NA
"DOCK",2026-02-15 12:30:00,NA,NA,NA
"DOCK",2026-02-15 12:45:00,NA,NA,NA
"DOCK",2026-02-15 13:00:00,NA,NA,NA
"DOCK",2026-02-15 13:15:00,NA,NA,NA
"DOCK",2026-02-15 13:30:00,NA,NA,NA
"DOCK",2026-02-15 13:45:00,NA,NA,NA
"DOCK",2026-02-15 14:00:00,NA,NA,NA
"DOCK",2026-02-15 14:15:00,NA,NA,NA
"DOCK",2026-02-15 14:30:00,NA,NA,NA
"DOCK",2026-02-15 14:45:00,NA,NA,NA
"DOCK",2026-02-15 15:00:00,NA,NA,NA
"DOCK",2026-02-15 15:15:00,NA,NA,NA
"DOCK",2026-02-15 15:30:00,NA,NA,NA
"DOCK",2026-02-15 15:45:00,NA,NA,NA
"DOCK",2026-02-15 16:00:00,NA,NA,NA
"DOCK",2026-02-15 16:15:00,NA,NA,NA
"DOCK",2026-02-15 16:30:00,NA,NA,NA
"DOCK",2026-02-15 16:45:00,NA,NA,NA
"DOCK",2026-02-15 17:00:00,NA,NA,NA
"DOCK",2026-02-15 17:15:00,NA,NA,NA
"DOCK",2026-02-15 17:30:00,NA,NA,NA
"DOCK",2026-02-15 17:45:00,NA,NA,NA
"DOCK",2026-02-15 18:00:00,NA,NA,NA
"DOCK",2026-02-15 18:15:00,NA,NA,NA
"DOCK",2026-02-15 18:30:00,NA,NA,NA
"DOCK",2026-02-15 18:45:00,NA,NA,NA
"DOCK",2026-02-15 19:00:00,NA,NA,NA
"DOCK",2026-02-15 19:15:00,NA,NA,NA
"DOCK",2026-02-15 19:30:00,NA,NA,NA
"DOCK",2026-02-15 19:45:00,NA,NA,NA
"DOCK",2026-02-15 20:00:00,NA,NA,NA
"DOCK",2026-02-15 20:15:00,NA,NA,NA
"DOCK",2026-02-15 20:30:00,NA,NA,NA
"DOCK",2026-02-15 20:45:00,NA,NA,NA
"DOCK",2026-02-15 21:00:00,NA,NA,NA
"DOCK",2026-02-15 21:15:00,NA,NA,NA
"DOCK",2026-02-15 21:30:00,NA,NA,NA
"DOCK",2026-02-15 21:45:00,NA,NA,NA
"DOCK",2026-02-15 22:00:00,NA,NA,NA
"DOCK",2026-02-15 22:15:00,NA,NA,NA
"DOCK",2026-02-15 22:30:00,NA,NA,NA
"DOCK",2026-02-15 22:45:00,NA,NA,NA
"DOCK",2026-02-15 23:00:00,NA,NA,NA
"DOCK",2026-02-15 23:15:00,NA,NA,NA
"DOCK",2026-02-15 23:30:00,NA,NA,NA
"DOCK",2026-02-15 23:45:00,NA,NA,NA
"DOCK",2026-02-16,NA,NA,NA
"DOCK",2026-02-16 00:15:00,NA,NA,NA
"DOCK",2026-02-16 00:30:00,NA,NA,NA
"DOCK",2026-02-16 00:45:00,NA,NA,NA
"DOCK",2026-02-16 01:00:00,NA,NA,NA
"DOCK",2026-02-16 01:15:00,NA,NA,NA
"DOCK",2026-02-16 01:30:00,NA,NA,NA
"DOCK",2026-02-16 01:45:00,NA,NA,NA
"DOCK",2026-02-16 02:00:00,NA,NA,NA
"DOCK",2026-02-16 02:15:00,NA,NA,NA
"DOCK",2026-02-16 02:30:00,NA,NA,NA
"DOCK",2026-02-16 02:45:00,NA,NA,NA
"DOCK",2026-02-16 03:00:00,NA,NA,NA
"DOCK",2026-02-16 03:15:00,NA,NA,NA
"DOCK",2026-02-16 03:30:00,NA,NA,NA
"DOCK",2026-02-16 03:45:00,NA,NA,NA
"DOCK",2026-02-16 04:00:00,NA,NA,NA
"DOCK",2026-02-16 04:15:00,NA,NA,NA
"DOCK",2026-02-16 04:30:00,NA,NA,NA
"DOCK",2026-02-16 04:45:00,NA,NA,NA
"DOCK",2026-02-16 05:00:00,NA,NA,NA
"DOCK",2026-02-16 05:15:00,NA,NA,NA
"DOCK",2026-02-16 05:30:00,NA,NA,NA
"DOCK",2026-02-16 05:45:00,NA,NA,NA
"DOCK",2026-02-16 06:00:00,NA,NA,NA
"DOCK",2026-02-16 06:15:00,NA,NA,NA
"DOCK",2026-02-16 06:30:00,NA,NA,NA
"DOCK",2026-02-16 06:45:00,NA,NA,NA
"DOCK",2026-02-16 07:00:00,NA,NA,NA
"DOCK",2026-02-16 07:15:00,NA,NA,NA
"DOCK",2026-02-16 07:30:00,NA,NA,NA
"DOCK",2026-02-16 07:45:00,NA,NA,NA
"DOCK",2026-02-16 08:00:00,NA,NA,NA
"DOCK",2026-02-16 08:15:00,NA,NA,NA
"DOCK",2026-02-16 08:30:00,NA,NA,NA
"DOCK",2026-02-16 08:45:00,NA,NA,NA
"DOCK",2026-02-16 09:00:00,NA,NA,NA
"DOCK",2026-02-16 09:15:00,NA,NA,NA
"DOCK",2026-02-16 09:30:00,NA,NA,NA
"DOCK",2026-02-16 09:45:00,NA,NA,NA
"DOCK",2026-02-16 10:00:00,NA,NA,NA
"DOCK",2026-02-16 10:15:00,NA,NA,NA
"DOCK",2026-02-16 10:30:00,NA,NA,NA
"DOCK",2026-02-16 10:45:00,NA,NA,NA
"DOCK",2026-02-16 11:00:00,NA,NA,NA
"DOCK",2026-02-16 11:15:00,NA,NA,NA
"DOCK",2026-02-16 11:30:00,NA,NA,NA
"DOCK",2026-02-16 11:45:00,NA,NA,NA
"DOCK",2026-02-16 12:00:00,NA,NA,NA
"DOCK",2026-02-16 12:15:00,NA,NA,NA
"DOCK",2026-02-16 12:30:00,NA,NA,NA
"DOCK",2026-02-16 12:45:00,NA,NA,NA
"DOCK",2026-02-16 13:00:00,NA,NA,NA
"DOCK",2026-02-16 13:15:00,NA,NA,NA
"DOCK",2026-02-16 13:30:00,NA,NA,NA
"DOCK",2026-02-16 13:45:00,NA,NA,NA
"DOCK",2026-02-16 14:00:00,NA,NA,NA
"DOCK",2026-02-16 14:15:00,NA,NA,NA
"DOCK",2026-02-16 14:30:00,NA,NA,NA
"DOCK",2026-02-16 14:45:00,NA,NA,NA
"DOCK",2026-02-16 15:00:00,NA,NA,NA
"DOCK",2026-02-16 15:15:00,NA,NA,NA
"DOCK",2026-02-16 15:30:00,NA,NA,NA
"DOCK",2026-02-16 15:45:00,NA,NA,NA
"DOCK",2026-02-16 16:00:00,NA,NA,NA
"DOCK",2026-02-16 16:15:00,NA,NA,NA
"DOCK",2026-02-16 16:30:00,NA,NA,NA
"DOCK",2026-02-16 16:45:00,NA,NA,NA
"DOCK",2026-02-16 17:00:00,NA,NA,NA
"DOCK",2026-02-16 17:15:00,NA,NA,NA
"DOCK",2026-02-16 17:30:00,NA,NA,NA
"DOCK",2026-02-16 17:45:00,NA,NA,NA
"DOCK",2026-02-16 18:00:00,NA,NA,NA
"DOCK",2026-02-16 18:15:00,NA,NA,NA
"DOCK",2026-02-16 18:30:00,NA,NA,NA
"DOCK",2026-02-16 18:45:00,NA,NA,NA
"DOCK",2026-02-16 19:00:00,NA,NA,NA
"DOCK",2026-02-16 19:15:00,NA,NA,NA
"DOCK",2026-02-16 19:30:00,NA,NA,NA
"DOCK",2026-02-16 19:45:00,NA,NA,NA
"DOCK",2026-02-16 20:00:00,NA,NA,NA
"DOCK",2026-02-16 20:15:00,NA,NA,NA
"DOCK",2026-02-16 20:30:00,NA,NA,NA
"DOCK",2026-02-16 20:45:00,NA,NA,NA
"DOCK",2026-02-16 21:00:00,NA,NA,NA
"DOCK",2026-02-16 21:15:00,NA,NA,NA
"DOCK",2026-02-16 21:30:00,NA,NA,NA
"DOCK",2026-02-16 21:45:00,NA,NA,NA
"DOCK",2026-02-16 22:00:00,NA,NA,NA
"DOCK",2026-02-16 22:15:00,NA,NA,NA
"DOCK",2026-02-16 22:30:00,NA,NA,NA
"DOCK",2026-02-16 22:45:00,NA,NA,NA
"DOCK",2026-02-16 23:00:00,NA,NA,NA
"DOCK",2026-02-16 23:15:00,NA,NA,NA
"DOCK",2026-02-16 23:30:00,NA,NA,NA
"DOCK",2026-02-16 23:45:00,NA,NA,NA
"DOCK",2026-02-17,NA,NA,NA
"DOCK",2026-02-17 00:15:00,NA,NA,NA
"DOCK",2026-02-17 00:30:00,NA,NA,NA
"DOCK",2026-02-17 00:45:00,NA,NA,NA
"DOCK",2026-02-17 01:00:00,NA,NA,NA
"DOCK",2026-02-17 01:15:00,NA,NA,NA
"DOCK",2026-02-17 01:30:00,NA,NA,NA
"DOCK",2026-02-17 01:45:00,NA,NA,NA
"DOCK",2026-02-17 02:00:00,NA,NA,NA
"DOCK",2026-02-17 02:15:00,NA,NA,NA
"DOCK",2026-02-17 02:30:00,NA,NA,NA
"DOCK",2026-02-17 02:45:00,NA,NA,NA
"DOCK",2026-02-17 03:00:00,NA,NA,NA
"DOCK",2026-02-17 03:15:00,NA,NA,NA
"DOCK",2026-02-17 03:30:00,NA,NA,NA
"DOCK",2026-02-17 03:45:00,NA,NA,NA
"DOCK",2026-02-17 04:00:00,NA,NA,NA
"DOCK",2026-02-17 04:15:00,NA,NA,NA
"DOCK",2026-02-17 04:30:00,NA,NA,NA
"DOCK",2026-02-17 04:45:00,NA,NA,NA
"DOCK",2026-02-17 05:00:00,NA,NA,NA
"DOCK",2026-02-17 05:15:00,NA,NA,NA
"DOCK",2026-02-17 05:30:00,NA,NA,NA
"DOCK",2026-02-17 05:45:00,NA,NA,NA
"DOCK",2026-02-17 06:00:00,NA,NA,NA
"DOCK",2026-02-17 06:15:00,NA,NA,NA
"DOCK",2026-02-17 06:30:00,NA,NA,NA
"DOCK",2026-02-17 06:45:00,NA,NA,NA
"DOCK",2026-02-17 07:00:00,NA,NA,NA
"DOCK",2026-02-17 07:15:00,NA,NA,NA
"DOCK",2026-02-17 07:30:00,NA,NA,NA
"DOCK",2026-02-17 07:45:00,NA,NA,NA
"DOCK",2026-02-17 08:00:00,NA,NA,NA
"DOCK",2026-02-17 08:15:00,NA,NA,NA
"DOCK",2026-02-17 08:30:00,NA,NA,NA
"DOCK",2026-02-17 08:45:00,NA,NA,NA
"DOCK",2026-02-17 09:00:00,NA,NA,NA
"DOCK",2026-02-17 09:15:00,NA,NA,NA
"DOCK",2026-02-17 09:30:00,NA,NA,NA
"DOCK",2026-02-17 09:45:00,NA,NA,NA
"DOCK",2026-02-17 10:00:00,NA,NA,NA
"DOCK",2026-02-17 10:15:00,NA,NA,NA
"DOCK",2026-02-17 10:30:00,NA,NA,NA
"DOCK",2026-02-17 10:45:00,NA,NA,NA
"DOCK",2026-02-17 11:00:00,NA,NA,NA
"DOCK",2026-02-17 11:15:00,NA,NA,NA
"DOCK",2026-02-17 11:30:00,NA,NA,NA
"DOCK",2026-02-17 11:45:00,NA,NA,NA
"DOCK",2026-02-17 12:00:00,NA,NA,NA
"DOCK",2026-02-17 12:15:00,NA,NA,NA
"DOCK",2026-02-17 12:30:00,NA,NA,NA
"DOCK",2026-02-17 12:45:00,NA,NA,NA
"DOCK",2026-02-17 13:00:00,NA,NA,NA
"DOCK",2026-02-17 13:15:00,NA,NA,NA
"DOCK",2026-02-17 13:30:00,NA,NA,NA
"DOCK",2026-02-17 13:45:00,NA,NA,NA
"DOCK",2026-02-17 14:00:00,NA,NA,NA
"DOCK",2026-02-17 14:15:00,NA,NA,NA
"DOCK",2026-02-17 14:30:00,NA,NA,NA
"DOCK",2026-02-17 14:45:00,NA,NA,NA
"DOCK",2026-02-17 15:00:00,NA,NA,NA
"DOCK",2026-02-17 15:15:00,NA,NA,NA
"DOCK",2026-02-17 15:30:00,NA,NA,NA
"DOCK",2026-02-17 15:45:00,NA,NA,NA
"DOCK",2026-02-17 16:00:00,NA,NA,NA
"DOCK",2026-02-17 16:15:00,NA,NA,NA
"DOCK",2026-02-17 16:30:00,NA,NA,NA
"DOCK",2026-02-17 16:45:00,NA,NA,NA
"DOCK",2026-02-17 17:00:00,NA,NA,NA
"DOCK",2026-02-17 17:15:00,NA,NA,NA
"DOCK",2026-02-17 17:30:00,NA,NA,NA
"DOCK",2026-02-17 17:45:00,NA,NA,NA
"DOCK",2026-02-17 18:00:00,NA,NA,NA
"DOCK",2026-02-17 18:15:00,NA,NA,NA
"DOCK",2026-02-17 18:30:00,NA,NA,NA
"DOCK",2026-02-17 18:45:00,NA,NA,NA
"DOCK",2026-02-17 19:00:00,NA,NA,NA
"DOCK",2026-02-17 19:15:00,NA,NA,NA
"DOCK",2026-02-17 19:30:00,NA,NA,NA
"DOCK",2026-02-17 19:45:00,NA,NA,NA
"DOCK",2026-02-17 20:00:00,NA,NA,NA
"DOCK",2026-02-17 20:15:00,NA,NA,NA
"DOCK",2026-02-17 20:30:00,NA,NA,NA
"DOCK",2026-02-17 20:45:00,NA,NA,NA
"DOCK",2026-02-17 21:00:00,NA,NA,NA
"DOCK",2026-02-17 21:15:00,NA,NA,NA
"DOCK",2026-02-17 21:30:00,NA,NA,NA
"DOCK",2026-02-17 21:45:00,NA,NA,NA
"DOCK",2026-02-17 22:00:00,NA,NA,NA
"DOCK",2026-02-17 22:15:00,NA,NA,NA
"DOCK",2026-02-17 22:30:00,NA,NA,NA
"DOCK",2026-02-17 22:45:00,NA,NA,NA
"DOCK",2026-02-17 23:00:00,NA,NA,NA
"DOCK",2026-02-17 23:15:00,NA,NA,NA
"DOCK",2026-02-17 23:30:00,NA,NA,NA
"DOCK",2026-02-17 23:45:00,NA,NA,NA
"DOCK",2026-02-18,NA,NA,NA
"DOCK",2026-02-18 00:15:00,NA,NA,NA
"DOCK",2026-02-18 00:30:00,NA,NA,NA
"DOCK",2026-02-18 00:45:00,NA,NA,NA
"DOCK",2026-02-18 01:00:00,NA,NA,NA
"DOCK",2026-02-18 01:15:00,NA,NA,NA
"DOCK",2026-02-18 01:30:00,NA,NA,NA
"DOCK",2026-02-18 01:45:00,NA,NA,NA
"DOCK",2026-02-18 02:00:00,NA,NA,NA
"DOCK",2026-02-18 02:15:00,NA,NA,NA
"DOCK",2026-02-18 02:30:00,NA,NA,NA
"DOCK",2026-02-18 02:45:00,NA,NA,NA
"DOCK",2026-02-18 03:00:00,NA,NA,NA
"DOCK",2026-02-18 03:15:00,NA,NA,NA
"DOCK",2026-02-18 03:30:00,NA,NA,NA
"DOCK",2026-02-18 03:45:00,NA,NA,NA
"DOCK",2026-02-18 04:00:00,NA,NA,NA
"DOCK",2026-02-18 04:15:00,NA,NA,NA
"DOCK",2026-02-18 04:30:00,NA,NA,NA
"DOCK",2026-02-18 04:45:00,NA,NA,NA
"DOCK",2026-02-18 05:00:00,NA,NA,NA
"DOCK",2026-02-18 05:15:00,NA,NA,NA
"DOCK",2026-02-18 05:30:00,NA,NA,NA
"DOCK",2026-02-18 05:45:00,NA,NA,NA
"DOCK",2026-02-18 06:00:00,NA,NA,NA
"DOCK",2026-02-18 06:15:00,NA,NA,NA
"DOCK",2026-02-18 06:30:00,NA,NA,NA
"DOCK",2026-02-18 06:45:00,NA,NA,NA
"DOCK",2026-02-18 07:00:00,NA,NA,NA
"DOCK",2026-02-18 07:15:00,NA,NA,NA
"DOCK",2026-02-18 07:30:00,NA,NA,NA
"DOCK",2026-02-18 07:45:00,NA,NA,NA
"DOCK",2026-02-18 08:00:00,NA,NA,NA
"DOCK",2026-02-18 08:15:00,NA,NA,NA
"DOCK",2026-02-18 08:30:00,NA,NA,NA
"DOCK",2026-02-18 08:45:00,NA,NA,NA
"DOCK",2026-02-18 09:00:00,NA,NA,NA
"DOCK",2026-02-18 09:15:00,NA,NA,NA
"DOCK",2026-02-18 09:30:00,NA,NA,NA
"DOCK",2026-02-18 09:45:00,NA,NA,NA
"DOCK",2026-02-18 10:00:00,NA,NA,NA
"DOCK",2026-02-18 10:15:00,NA,NA,NA
"DOCK",2026-02-18 10:30:00,NA,NA,NA
"DOCK",2026-02-18 10:45:00,NA,NA,NA
"DOCK",2026-02-18 11:00:00,NA,NA,NA
"DOCK",2026-02-18 11:15:00,NA,NA,NA
"DOCK",2026-02-18 11:30:00,NA,NA,NA
"DOCK",2026-02-18 11:45:00,NA,NA,NA
"DOCK",2026-02-18 12:00:00,NA,NA,NA
"DOCK",2026-02-18 12:15:00,NA,NA,NA
"DOCK",2026-02-18 12:30:00,NA,NA,NA
"DOCK",2026-02-18 12:45:00,NA,NA,NA
"DOCK",2026-02-18 13:00:00,NA,NA,NA
"DOCK",2026-02-18 13:15:00,NA,NA,NA
"DOCK",2026-02-18 13:30:00,NA,NA,NA
"DOCK",2026-02-18 13:45:00,NA,NA,NA
"DOCK",2026-02-18 14:00:00,NA,NA,NA
"DOCK",2026-02-18 14:15:00,NA,NA,NA
"DOCK",2026-02-18 14:30:00,NA,NA,NA
"DOCK",2026-02-18 14:45:00,NA,NA,NA
"DOCK",2026-02-18 15:00:00,NA,NA,NA
"DOCK",2026-02-18 15:15:00,NA,NA,NA
"DOCK",2026-02-18 15:30:00,NA,NA,NA
"DOCK",2026-02-18 15:45:00,NA,NA,NA
"DOCK",2026-02-18 16:00:00,NA,NA,NA
"DOCK",2026-02-18 16:15:00,NA,NA,NA
"DOCK",2026-02-18 16:30:00,NA,NA,NA
"DOCK",2026-02-18 16:45:00,NA,NA,NA
"DOCK",2026-02-18 17:00:00,NA,NA,NA
"DOCK",2026-02-18 17:15:00,NA,NA,NA
"DOCK",2026-02-18 17:30:00,NA,NA,NA
"DOCK",2026-02-18 17:45:00,NA,NA,NA
"DOCK",2026-02-18 18:00:00,NA,NA,NA
"DOCK",2026-02-18 18:15:00,NA,NA,NA
"DOCK",2026-02-18 18:30:00,NA,NA,NA
"DOCK",2026-02-18 18:45:00,NA,NA,NA
"DOCK",2026-02-18 19:00:00,NA,NA,NA
"DOCK",2026-02-18 19:15:00,NA,NA,NA
"DOCK",2026-02-18 19:30:00,NA,NA,NA
"DOCK",2026-02-18 19:45:00,NA,NA,NA
"DOCK",2026-02-18 20:00:00,NA,NA,NA
"DOCK",2026-02-18 20:15:00,NA,NA,NA
"DOCK",2026-02-18 20:30:00,NA,NA,NA
"DOCK",2026-02-18 20:45:00,NA,NA,NA
"DOCK",2026-02-18 21:00:00,NA,NA,NA
"DOCK",2026-02-18 21:15:00,NA,NA,NA
"DOCK",2026-02-18 21:30:00,NA,NA,NA
"DOCK",2026-02-18 21:45:00,NA,NA,NA
"DOCK",2026-02-18 22:00:00,NA,NA,NA
"DOCK",2026-02-18 22:15:00,NA,NA,NA
"DOCK",2026-02-18 22:30:00,NA,NA,NA
"DOCK",2026-02-18 22:45:00,NA,NA,NA
"DOCK",2026-02-18 23:00:00,NA,NA,NA
"DOCK",2026-02-18 23:15:00,NA,NA,NA
"DOCK",2026-02-18 23:30:00,NA,NA,NA
"DOCK",2026-02-18 23:45:00,NA,NA,NA
"DOCK",2026-02-19,NA,NA,NA
"DOCK",2026-02-19 00:15:00,NA,NA,NA
"DOCK",2026-02-19 00:30:00,NA,NA,NA
"DOCK",2026-02-19 00:45:00,NA,NA,NA
"DOCK",2026-02-19 01:00:00,NA,NA,NA
"DOCK",2026-02-19 01:15:00,NA,NA,NA
"DOCK",2026-02-19 01:30:00,NA,NA,NA
"DOCK",2026-02-19 01:45:00,NA,NA,NA
"DOCK",2026-02-19 02:00:00,NA,NA,NA
"DOCK",2026-02-19 02:15:00,NA,NA,NA
"DOCK",2026-02-19 02:30:00,NA,NA,NA
"DOCK",2026-02-19 02:45:00,NA,NA,NA
"DOCK",2026-02-19 03:00:00,NA,NA,NA
"DOCK",2026-02-19 03:15:00,NA,NA,NA
"DOCK",2026-02-19 03:30:00,NA,NA,NA
"DOCK",2026-02-19 03:45:00,NA,NA,NA
"DOCK",2026-02-19 04:00:00,NA,NA,NA
"DOCK",2026-02-19 04:15:00,NA,NA,NA
"DOCK",2026-02-19 04:30:00,NA,NA,NA
"DOCK",2026-02-19 04:45:00,NA,NA,NA
"DOCK",2026-02-19 05:00:00,NA,NA,NA
"DOCK",2026-02-19 05:15:00,NA,NA,NA
"DOCK",2026-02-19 05:30:00,NA,NA,NA
"DOCK",2026-02-19 05:45:00,NA,NA,NA
"DOCK",2026-02-19 06:00:00,NA,NA,NA
"DOCK",2026-02-19 06:15:00,NA,NA,NA
"DOCK",2026-02-19 06:30:00,NA,NA,NA
"DOCK",2026-02-19 06:45:00,NA,NA,NA
"DOCK",2026-02-19 07:00:00,NA,NA,NA
"DOCK",2026-02-19 07:15:00,NA,NA,NA
"DOCK",2026-02-19 07:30:00,NA,NA,NA
"DOCK",2026-02-19 07:45:00,NA,NA,NA
"DOCK",2026-02-19 08:00:00,NA,NA,NA
"DOCK",2026-02-19 08:15:00,NA,NA,NA
"DOCK",2026-02-19 08:30:00,NA,NA,NA
"DOCK",2026-02-19 08:45:00,NA,NA,NA
"DOCK",2026-02-19 09:00:00,NA,NA,NA
"DOCK",2026-02-19 09:15:00,NA,NA,NA
"DOCK",2026-02-19 09:30:00,NA,NA,NA
"DOCK",2026-02-19 09:45:00,NA,NA,NA
"DOCK",2026-02-19 10:00:00,NA,NA,NA
"DOCK",2026-02-19 10:15:00,NA,NA,NA
"DOCK",2026-02-19 10:30:00,NA,NA,NA
"DOCK",2026-02-19 10:45:00,NA,NA,NA
"DOCK",2026-02-19 11:00:00,NA,NA,NA
"DOCK",2026-02-19 11:15:00,NA,NA,NA
"DOCK",2026-02-19 11:30:00,NA,NA,NA
"DOCK",2026-02-19 11:45:00,NA,NA,NA
"DOCK",2026-02-19 12:00:00,NA,NA,NA
"DOCK",2026-02-19 12:15:00,NA,NA,NA
"DOCK",2026-02-19 12:30:00,NA,NA,NA
"DOCK",2026-02-19 12:45:00,NA,NA,NA
"DOCK",2026-02-19 13:00:00,NA,NA,NA
"DOCK",2026-02-19 13:15:00,NA,NA,NA
"DOCK",2026-02-19 13:30:00,NA,NA,NA
"DOCK",2026-02-19 13:45:00,NA,NA,NA
"DOCK",2026-02-19 14:00:00,NA,NA,NA
"DOCK",2026-02-19 14:15:00,NA,NA,NA
"DOCK",2026-02-19 14:30:00,NA,NA,NA
"DOCK",2026-02-19 14:45:00,NA,NA,NA
"DOCK",2026-02-19 15:00:00,NA,NA,NA
"DOCK",2026-02-19 15:15:00,NA,NA,NA
"DOCK",2026-02-19 15:30:00,NA,NA,NA
"DOCK",2026-02-19 15:45:00,NA,NA,NA
"DOCK",2026-02-19 16:00:00,NA,NA,NA
"DOCK",2026-02-19 16:15:00,NA,NA,NA
"DOCK",2026-02-19 16:30:00,NA,NA,NA
"DOCK",2026-02-19 16:45:00,NA,NA,NA
"DOCK",2026-02-19 17:00:00,NA,NA,NA
"DOCK",2026-02-19 17:15:00,NA,NA,NA
"DOCK",2026-02-19 17:30:00,NA,NA,NA
"DOCK",2026-02-19 17:45:00,NA,NA,NA
"DOCK",2026-02-19 18:00:00,NA,NA,NA
"DOCK",2026-02-19 18:15:00,NA,NA,NA
"DOCK",2026-02-19 18:30:00,NA,NA,NA
"DOCK",2026-02-19 18:45:00,NA,NA,NA
"DOCK",2026-02-19 19:00:00,NA,NA,NA
"DOCK",2026-02-19 19:15:00,NA,NA,NA
"DOCK",2026-02-19 19:30:00,NA,NA,NA
"DOCK",2026-02-19 19:45:00,NA,NA,NA
"DOCK",2026-02-19 20:00:00,NA,NA,NA
"DOCK",2026-02-19 20:15:00,NA,NA,NA
"DOCK",2026-02-19 20:30:00,NA,NA,NA
"DOCK",2026-02-19 20:45:00,NA,NA,NA
"DOCK",2026-02-19 21:00:00,NA,NA,NA
"DOCK",2026-02-19 21:15:00,NA,NA,NA
"DOCK",2026-02-19 21:30:00,NA,NA,NA
"DOCK",2026-02-19 21:45:00,NA,NA,NA
"DOCK",2026-02-19 22:00:00,NA,NA,NA
"DOCK",2026-02-19 22:15:00,NA,NA,NA
"DOCK",2026-02-19 22:30:00,NA,NA,NA
"DOCK",2026-02-19 22:45:00,NA,NA,NA
"DOCK",2026-02-19 23:00:00,NA,NA,NA
"DOCK",2026-02-19 23:15:00,NA,NA,NA
"DOCK",2026-02-19 23:30:00,NA,NA,NA
"DOCK",2026-02-19 23:45:00,NA,NA,NA
"DOCK",2026-02-20,NA,NA,NA
"DOCK",2026-02-20 00:15:00,NA,NA,NA
"DOCK",2026-02-20 00:30:00,NA,NA,NA
"DOCK",2026-02-20 00:45:00,NA,NA,NA
"DOCK",2026-02-20 01:00:00,NA,NA,NA
"DOCK",2026-02-20 01:15:00,NA,NA,NA
"DOCK",2026-02-20 01:30:00,NA,NA,NA
"DOCK",2026-02-20 01:45:00,NA,NA,NA
"DOCK",2026-02-20 02:00:00,NA,NA,NA
"DOCK",2026-02-20 02:15:00,NA,NA,NA
"DOCK",2026-02-20 02:30:00,NA,NA,NA
"DOCK",2026-02-20 02:45:00,NA,NA,NA
"DOCK",2026-02-20 03:00:00,NA,NA,NA
"DOCK",2026-02-20 03:15:00,NA,NA,NA
"DOCK",2026-02-20 03:30:00,NA,NA,NA
"DOCK",2026-02-20 03:45:00,NA,NA,NA
"DOCK",2026-02-20 04:00:00,NA,NA,NA
"DOCK",2026-02-20 04:15:00,NA,NA,NA
"DOCK",2026-02-20 04:30:00,NA,NA,NA
"DOCK",2026-02-20 04:45:00,NA,NA,NA
"DOCK",2026-02-20 05:00:00,NA,NA,NA
"DOCK",2026-02-20 05:15:00,NA,NA,NA
"DOCK",2026-02-20 05:30:00,NA,NA,NA
"DOCK",2026-02-20 05:45:00,NA,NA,NA
"DOCK",2026-02-20 06:00:00,NA,NA,NA
"DOCK",2026-02-20 06:15:00,NA,NA,NA
"DOCK",2026-02-20 06:30:00,NA,NA,NA
"DOCK",2026-02-20 06:45:00,NA,NA,NA
"DOCK",2026-02-20 07:00:00,NA,NA,NA
"DOCK",2026-02-20 07:15:00,NA,NA,NA
"DOCK",2026-02-20 07:30:00,NA,NA,NA
"DOCK",2026-02-20 07:45:00,NA,NA,NA
"DOCK",2026-02-20 08:00:00,NA,NA,NA
"DOCK",2026-02-20 08:15:00,NA,NA,NA
"DOCK",2026-02-20 08:30:00,NA,NA,NA
"DOCK",2026-02-20 08:45:00,NA,NA,NA
"DOCK",2026-02-20 09:00:00,NA,NA,NA
"DOCK",2026-02-20 09:15:00,NA,NA,NA
"DOCK",2026-02-20 09:30:00,NA,NA,NA
"DOCK",2026-02-20 09:45:00,NA,NA,NA
"DOCK",2026-02-20 10:00:00,NA,NA,NA
"DOCK",2026-02-20 10:15:00,NA,NA,NA
"DOCK",2026-02-20 10:30:00,NA,NA,NA
"DOCK",2026-02-20 10:45:00,NA,NA,NA
"DOCK",2026-02-20 11:00:00,NA,NA,NA
"DOCK",2026-02-20 11:15:00,NA,NA,NA
"DOCK",2026-02-20 11:30:00,NA,NA,NA
"DOCK",2026-02-20 11:45:00,NA,NA,NA
"DOCK",2026-02-20 12:00:00,NA,NA,NA
"DOCK",2026-02-20 12:15:00,NA,NA,NA
"DOCK",2026-02-20 12:30:00,NA,NA,NA
"DOCK",2026-02-20 12:45:00,NA,NA,NA
"DOCK",2026-02-20 13:00:00,NA,NA,NA
"DOCK",2026-02-20 13:15:00,NA,NA,NA
"DOCK",2026-02-20 13:30:00,NA,NA,NA
"DOCK",2026-02-20 13:45:00,NA,NA,NA
"DOCK",2026-02-20 14:00:00,NA,NA,NA
"DOCK",2026-02-20 14:15:00,NA,NA,NA
"DOCK",2026-02-20 14:30:00,NA,NA,NA
"DOCK",2026-02-20 14:45:00,NA,NA,NA
"DOCK",2026-02-20 15:00:00,NA,NA,NA
"DOCK",2026-02-20 15:15:00,NA,NA,NA
"DOCK",2026-02-20 15:30:00,NA,NA,NA
"DOCK",2026-02-20 15:45:00,NA,NA,NA
"DOCK",2026-02-20 16:00:00,NA,NA,NA
"DOCK",2026-02-20 16:15:00,NA,NA,NA
"DOCK",2026-02-20 16:30:00,NA,NA,NA
"DOCK",2026-02-20 16:45:00,NA,NA,NA
"DOCK",2026-02-20 17:00:00,NA,NA,NA
"DOCK",2026-02-20 17:15:00,NA,NA,NA
"DOCK",2026-02-20 17:30:00,NA,NA,NA
"DOCK",2026-02-20 17:45:00,NA,NA,NA
"DOCK",2026-02-20 18:00:00,NA,NA,NA
"DOCK",2026-02-20 18:15:00,NA,NA,NA
"DOCK",2026-02-20 18:30:00,NA,NA,NA
"DOCK",2026-02-20 18:45:00,NA,NA,NA
"DOCK",2026-02-20 19:00:00,NA,NA,NA
"DOCK",2026-02-20 19:15:00,NA,NA,NA
"DOCK",2026-02-20 19:30:00,NA,NA,NA
"DOCK",2026-02-20 19:45:00,NA,NA,NA
"DOCK",2026-02-20 20:00:00,NA,NA,NA
"DOCK",2026-02-20 20:15:00,NA,NA,NA
"DOCK",2026-02-20 20:30:00,NA,NA,NA
"DOCK",2026-02-20 20:45:00,NA,NA,NA
"DOCK",2026-02-20 21:00:00,NA,NA,NA
"DOCK",2026-02-20 21:15:00,NA,NA,NA
"DOCK",2026-02-20 21:30:00,NA,NA,NA
"DOCK",2026-02-20 21:45:00,NA,NA,NA
"DOCK",2026-02-20 22:00:00,NA,NA,NA
"DOCK",2026-02-20 22:15:00,NA,NA,NA
"DOCK",2026-02-20 22:30:00,NA,NA,NA
"DOCK",2026-02-20 22:45:00,NA,NA,NA
"DOCK",2026-02-20 23:00:00,NA,NA,NA
"DOCK",2026-02-20 23:15:00,NA,NA,NA
"DOCK",2026-02-20 23:30:00,NA,NA,NA
"DOCK",2026-02-20 23:45:00,NA,NA,NA
"DOCK",2026-02-21,NA,NA,NA
"DOCK",2026-02-21 00:15:00,NA,NA,NA
"DOCK",2026-02-21 00:30:00,NA,NA,NA
"DOCK",2026-02-21 00:45:00,NA,NA,NA
"DOCK",2026-02-21 01:00:00,NA,NA,NA
"DOCK",2026-02-21 01:15:00,NA,NA,NA
"DOCK",2026-02-21 01:30:00,NA,NA,NA
"DOCK",2026-02-21 01:45:00,NA,NA,NA
"DOCK",2026-02-21 02:00:00,NA,NA,NA
"DOCK",2026-02-21 02:15:00,NA,NA,NA
"DOCK",2026-02-21 02:30:00,NA,NA,NA
"DOCK",2026-02-21 02:45:00,NA,NA,NA
"DOCK",2026-02-21 03:00:00,NA,NA,NA
"DOCK",2026-02-21 03:15:00,NA,NA,NA
"DOCK",2026-02-21 03:30:00,NA,NA,NA
"DOCK",2026-02-21 03:45:00,NA,NA,NA
"DOCK",2026-02-21 04:00:00,NA,NA,NA
"DOCK",2026-02-21 04:15:00,NA,NA,NA
"DOCK",2026-02-21 04:30:00,NA,NA,NA
"DOCK",2026-02-21 04:45:00,NA,NA,NA
"DOCK",2026-02-21 05:00:00,NA,NA,NA
"DOCK",2026-02-21 05:15:00,NA,NA,NA
"DOCK",2026-02-21 05:30:00,NA,NA,NA
"DOCK",2026-02-21 05:45:00,NA,NA,NA
"DOCK",2026-02-21 06:00:00,NA,NA,NA
"DOCK",2026-02-21 06:15:00,NA,NA,NA
"DOCK",2026-02-21 06:30:00,NA,NA,NA
"DOCK",2026-02-21 06:45:00,NA,NA,NA
"DOCK",2026-02-21 07:00:00,NA,NA,NA
"DOCK",2026-02-21 07:15:00,NA,NA,NA
"DOCK",2026-02-21 07:30:00,NA,NA,NA
"DOCK",2026-02-21 07:45:00,NA,NA,NA
"DOCK",2026-02-21 08:00:00,NA,NA,NA
"DOCK",2026-02-21 08:15:00,NA,NA,NA
"DOCK",2026-02-21 08:30:00,NA,NA,NA
"DOCK",2026-02-21 08:45:00,NA,NA,NA
"DOCK",2026-02-21 09:00:00,NA,NA,NA
"DOCK",2026-02-21 09:15:00,NA,NA,NA
"DOCK",2026-02-21 09:30:00,NA,NA,NA
"DOCK",2026-02-21 09:45:00,NA,NA,NA
"DOCK",2026-02-21 10:00:00,NA,NA,NA
"DOCK",2026-02-21 10:15:00,NA,NA,NA
"DOCK",2026-02-21 10:30:00,NA,NA,NA
"DOCK",2026-02-21 10:45:00,NA,NA,NA
"DOCK",2026-02-21 11:00:00,NA,NA,NA
"DOCK",2026-02-21 11:15:00,NA,NA,NA
"DOCK",2026-02-21 11:30:00,NA,NA,NA
"DOCK",2026-02-21 11:45:00,NA,NA,NA
"DOCK",2026-02-21 12:00:00,NA,NA,NA
"DOCK",2026-02-21 12:15:00,NA,NA,NA
"DOCK",2026-02-21 12:30:00,NA,NA,NA
"DOCK",2026-02-21 12:45:00,NA,NA,NA
"DOCK",2026-02-21 13:00:00,NA,NA,NA
"DOCK",2026-02-21 13:15:00,NA,NA,NA
"DOCK",2026-02-21 13:30:00,NA,NA,NA
"DOCK",2026-02-21 13:45:00,NA,NA,NA
"DOCK",2026-02-21 14:00:00,NA,NA,NA
"DOCK",2026-02-21 14:15:00,NA,NA,NA
"DOCK",2026-02-21 14:30:00,NA,NA,NA
"DOCK",2026-02-21 14:45:00,NA,NA,NA
"DOCK",2026-02-21 15:00:00,NA,NA,NA
"DOCK",2026-02-21 15:15:00,NA,NA,NA
"DOCK",2026-02-21 15:30:00,NA,NA,NA
"DOCK",2026-02-21 15:45:00,NA,NA,NA
"DOCK",2026-02-21 16:00:00,NA,NA,NA
"DOCK",2026-02-21 16:15:00,NA,NA,NA
"DOCK",2026-02-21 16:30:00,NA,NA,NA
"DOCK",2026-02-21 16:45:00,NA,NA,NA
"DOCK",2026-02-21 17:00:00,NA,NA,NA
"DOCK",2026-02-21 17:15:00,NA,NA,NA
"DOCK",2026-02-21 17:30:00,NA,NA,NA
"DOCK",2026-02-21 17:45:00,NA,NA,NA
"DOCK",2026-02-21 18:00:00,NA,NA,NA
"DOCK",2026-02-21 18:15:00,NA,NA,NA
"DOCK",2026-02-21 18:30:00,NA,NA,NA
"DOCK",2026-02-21 18:45:00,NA,NA,NA
"DOCK",2026-02-21 19:00:00,NA,NA,NA
"DOCK",2026-02-21 19:15:00,NA,NA,NA
"DOCK",2026-02-21 19:30:00,NA,NA,NA
"DOCK",2026-02-21 19:45:00,NA,NA,NA
"DOCK",2026-02-21 20:00:00,NA,NA,NA
"DOCK",2026-02-21 20:15:00,NA,NA,NA
"DOCK",2026-02-21 20:30:00,NA,NA,NA
"DOCK",2026-02-21 20:45:00,NA,NA,NA
"DOCK",2026-02-21 21:00:00,NA,NA,NA
"DOCK",2026-02-21 21:15:00,NA,NA,NA
"DOCK",2026-02-21 21:30:00,NA,NA,NA
"DOCK",2026-02-21 21:45:00,NA,NA,NA
"DOCK",2026-02-21 22:00:00,NA,NA,NA
"DOCK",2026-02-21 22:15:00,NA,NA,NA
"DOCK",2026-02-21 22:30:00,NA,NA,NA
"DOCK",2026-02-21 22:45:00,NA,NA,NA
"DOCK",2026-02-21 23:00:00,NA,NA,NA
"DOCK",2026-02-21 23:15:00,NA,NA,NA
"DOCK",2026-02-21 23:30:00,NA,NA,NA
"DOCK",2026-02-21 23:45:00,NA,NA,NA
"DOCK",2026-02-22,NA,NA,NA
"DOCK",2026-02-22 00:15:00,NA,NA,NA
"DOCK",2026-02-22 00:30:00,NA,NA,NA
"DOCK",2026-02-22 00:45:00,NA,NA,NA
"DOCK",2026-02-22 01:00:00,NA,NA,NA
"DOCK",2026-02-22 01:15:00,NA,NA,NA
"DOCK",2026-02-22 01:30:00,NA,NA,NA
"DOCK",2026-02-22 01:45:00,NA,NA,NA
"DOCK",2026-02-22 02:00:00,NA,NA,NA
"DOCK",2026-02-22 02:15:00,NA,NA,NA
"DOCK",2026-02-22 02:30:00,NA,NA,NA
"DOCK",2026-02-22 02:45:00,NA,NA,NA
"DOCK",2026-02-22 03:00:00,NA,NA,NA
"DOCK",2026-02-22 03:15:00,NA,NA,NA
"DOCK",2026-02-22 03:30:00,NA,NA,NA
"DOCK",2026-02-22 03:45:00,NA,NA,NA
"DOCK",2026-02-22 04:00:00,NA,NA,NA
"DOCK",2026-02-22 04:15:00,NA,NA,NA
"DOCK",2026-02-22 04:30:00,NA,NA,NA
"DOCK",2026-02-22 04:45:00,NA,NA,NA
"DOCK",2026-02-22 05:00:00,NA,NA,NA
"DOCK",2026-02-22 05:15:00,NA,NA,NA
"DOCK",2026-02-22 05:30:00,NA,NA,NA
"DOCK",2026-02-22 05:45:00,NA,NA,NA
"DOCK",2026-02-22 06:00:00,NA,NA,NA
"DOCK",2026-02-22 06:15:00,NA,NA,NA
"DOCK",2026-02-22 06:30:00,NA,NA,NA
"DOCK",2026-02-22 06:45:00,NA,NA,NA
"DOCK",2026-02-22 07:00:00,NA,NA,NA
"DOCK",2026-02-22 07:15:00,NA,NA,NA
"DOCK",2026-02-22 07:30:00,NA,NA,NA
"DOCK",2026-02-22 07:45:00,NA,NA,NA
"DOCK",2026-02-22 08:00:00,NA,NA,NA
"DOCK",2026-02-22 08:15:00,NA,NA,NA
"DOCK",2026-02-22 08:30:00,NA,NA,NA
"DOCK",2026-02-22 08:45:00,NA,NA,NA
"DOCK",2026-02-22 09:00:00,NA,NA,NA
"DOCK",2026-02-22 09:15:00,NA,NA,NA
"DOCK",2026-02-22 09:30:00,NA,NA,NA
"DOCK",2026-02-22 09:45:00,NA,NA,NA
"DOCK",2026-02-22 10:00:00,NA,NA,NA
"DOCK",2026-02-22 10:15:00,NA,NA,NA
"DOCK",2026-02-22 10:30:00,NA,NA,NA
"DOCK",2026-02-22 10:45:00,NA,NA,NA
"DOCK",2026-02-22 11:00:00,NA,NA,NA
"DOCK",2026-02-22 11:15:00,NA,NA,NA
"DOCK",2026-02-22 11:30:00,NA,NA,NA
"DOCK",2026-02-22 11:45:00,NA,NA,NA
"DOCK",2026-02-22 12:00:00,NA,NA,NA
"DOCK",2026-02-22 12:15:00,NA,NA,NA
"DOCK",2026-02-22 12:30:00,NA,NA,NA
"DOCK",2026-02-22 12:45:00,NA,NA,NA
"DOCK",2026-02-22 13:00:00,NA,NA,NA
"DOCK",2026-02-22 13:15:00,NA,NA,NA
"DOCK",2026-02-22 13:30:00,NA,NA,NA
"DOCK",2026-02-22 13:45:00,NA,NA,NA
"DOCK",2026-02-22 14:00:00,NA,NA,NA
"DOCK",2026-02-22 14:15:00,NA,NA,NA
"DOCK",2026-02-22 14:30:00,NA,NA,NA
"DOCK",2026-02-22 14:45:00,NA,NA,NA
"DOCK",2026-02-22 15:00:00,NA,NA,NA
"DOCK",2026-02-22 15:15:00,NA,NA,NA
"DOCK",2026-02-22 15:30:00,NA,NA,NA
"DOCK",2026-02-22 15:45:00,NA,NA,NA
"DOCK",2026-02-22 16:00:00,NA,NA,NA
"DOCK",2026-02-22 16:15:00,NA,NA,NA
"DOCK",2026-02-22 16:30:00,NA,NA,NA
"DOCK",2026-02-22 16:45:00,NA,NA,NA
"DOCK",2026-02-22 17:00:00,NA,NA,NA
"DOCK",2026-02-22 17:15:00,NA,NA,NA
"DOCK",2026-02-22 17:30:00,NA,NA,NA
"DOCK",2026-02-22 17:45:00,NA,NA,NA
"DOCK",2026-02-22 18:00:00,NA,NA,NA
"DOCK",2026-02-22 18:15:00,NA,NA,NA
"DOCK",2026-02-22 18:30:00,NA,NA,NA
"DOCK",2026-02-22 18:45:00,NA,NA,NA
"DOCK",2026-02-22 19:00:00,NA,NA,NA
"DOCK",2026-02-22 19:15:00,NA,NA,NA
"DOCK",2026-02-22 19:30:00,NA,NA,NA
"DOCK",2026-02-22 19:45:00,NA,NA,NA
"DOCK",2026-02-22 20:00:00,NA,NA,NA
"DOCK",2026-02-22 20:15:00,NA,NA,NA
"DOCK",2026-02-22 20:30:00,NA,NA,NA
"DOCK",2026-02-22 20:45:00,NA,NA,NA
"DOCK",2026-02-22 21:00:00,NA,NA,NA
"DOCK",2026-02-22 21:15:00,NA,NA,NA
"DOCK",2026-02-22 21:30:00,NA,NA,NA
"DOCK",2026-02-22 21:45:00,NA,NA,NA
"DOCK",2026-02-22 22:00:00,NA,NA,NA
"DOCK",2026-02-22 22:15:00,NA,NA,NA
"DOCK",2026-02-22 22:30:00,NA,NA,NA
"DOCK",2026-02-22 22:45:00,NA,NA,NA
"DOCK",2026-02-22 23:00:00,NA,NA,NA
"DOCK",2026-02-22 23:15:00,NA,NA,NA
"DOCK",2026-02-22 23:30:00,NA,NA,NA
"DOCK",2026-02-22 23:45:00,NA,NA,NA
"DOCK",2026-02-23,NA,NA,NA
"DOCK",2026-02-23 00:15:00,NA,NA,NA
"DOCK",2026-02-23 00:30:00,NA,NA,NA
"DOCK",2026-02-23 00:45:00,NA,NA,NA
"DOCK",2026-02-23 01:00:00,NA,NA,NA
"DOCK",2026-02-23 01:15:00,NA,NA,NA
"DOCK",2026-02-23 01:30:00,NA,NA,NA
"DOCK",2026-02-23 01:45:00,NA,NA,NA
"DOCK",2026-02-23 02:00:00,NA,NA,NA
"DOCK",2026-02-23 02:15:00,NA,NA,NA
"DOCK",2026-02-23 02:30:00,NA,NA,NA
"DOCK",2026-02-23 02:45:00,NA,NA,NA
"DOCK",2026-02-23 03:00:00,NA,NA,NA
"DOCK",2026-02-23 03:15:00,NA,NA,NA
"DOCK",2026-02-23 03:30:00,NA,NA,NA
"DOCK",2026-02-23 03:45:00,NA,NA,NA
"DOCK",2026-02-23 04:00:00,NA,NA,NA
"DOCK",2026-02-23 04:15:00,NA,NA,NA
"DOCK",2026-02-23 04:30:00,NA,NA,NA
"DOCK",2026-02-23 04:45:00,NA,NA,NA
"DOCK",2026-02-23 05:00:00,NA,NA,NA
"DOCK",2026-02-23 05:15:00,NA,NA,NA
"DOCK",2026-02-23 05:30:00,NA,NA,NA
"DOCK",2026-02-23 05:45:00,NA,NA,NA
"DOCK",2026-02-23 06:00:00,NA,NA,NA
"DOCK",2026-02-23 06:15:00,NA,NA,NA
"DOCK",2026-02-23 06:30:00,NA,NA,NA
"DOCK",2026-02-23 06:45:00,NA,NA,NA
"DOCK",2026-02-23 07:00:00,NA,NA,NA
"DOCK",2026-02-23 07:15:00,NA,NA,NA
"DOCK",2026-02-23 07:30:00,NA,NA,NA
"DOCK",2026-02-23 07:45:00,NA,NA,NA
"DOCK",2026-02-23 08:00:00,NA,NA,NA
"DOCK",2026-02-23 08:15:00,NA,NA,NA
"DOCK",2026-02-23 08:30:00,NA,NA,NA
"DOCK",2026-02-23 08:45:00,NA,NA,NA
"DOCK",2026-02-23 09:00:00,NA,NA,NA
"DOCK",2026-02-23 09:15:00,NA,NA,NA
"DOCK",2026-02-23 09:30:00,NA,NA,NA
"DOCK",2026-02-23 09:45:00,NA,NA,NA
"DOCK",2026-02-23 10:00:00,NA,NA,NA
"DOCK",2026-02-23 10:15:00,NA,NA,NA
"DOCK",2026-02-23 10:30:00,NA,NA,NA
"DOCK",2026-02-23 10:45:00,NA,NA,NA
"DOCK",2026-02-23 11:00:00,NA,NA,NA
"DOCK",2026-02-23 11:15:00,NA,NA,NA
"DOCK",2026-02-23 11:30:00,NA,NA,NA
"DOCK",2026-02-23 11:45:00,NA,NA,NA
"DOCK",2026-02-23 12:00:00,NA,NA,NA
"DOCK",2026-02-23 12:15:00,NA,NA,NA
"DOCK",2026-02-23 12:30:00,NA,NA,NA
"DOCK",2026-02-23 12:45:00,NA,NA,NA
"DOCK",2026-02-23 13:00:00,NA,NA,NA
"DOCK",2026-02-23 13:15:00,NA,NA,NA
"DOCK",2026-02-23 13:30:00,NA,NA,NA
"DOCK",2026-02-23 13:45:00,NA,NA,NA
"DOCK",2026-02-23 14:00:00,NA,NA,NA
"DOCK",2026-02-23 14:15:00,NA,NA,NA
"DOCK",2026-02-23 14:30:00,NA,NA,NA
"DOCK",2026-02-23 14:45:00,NA,NA,NA
"DOCK",2026-02-23 15:00:00,NA,NA,NA
"DOCK",2026-02-23 15:15:00,NA,NA,NA
"DOCK",2026-02-23 15:30:00,NA,NA,NA
"DOCK",2026-02-23 15:45:00,NA,NA,NA
"DOCK",2026-02-23 16:00:00,NA,NA,NA
"DOCK",2026-02-23 16:15:00,NA,NA,NA
"DOCK",2026-02-23 16:30:00,NA,NA,NA
"DOCK",2026-02-23 16:45:00,NA,NA,NA
"DOCK",2026-02-23 17:00:00,NA,NA,NA
"DOCK",2026-02-23 17:15:00,NA,NA,NA
"DOCK",2026-02-23 17:30:00,NA,NA,NA
"DOCK",2026-02-23 17:45:00,NA,NA,NA
"DOCK",2026-02-23 18:00:00,NA,NA,NA
"DOCK",2026-02-23 18:15:00,NA,NA,NA
"DOCK",2026-02-23 18:30:00,NA,NA,NA
"DOCK",2026-02-23 18:45:00,NA,NA,NA
"DOCK",2026-02-23 19:00:00,NA,NA,NA
"DOCK",2026-02-23 19:15:00,NA,NA,NA
"DOCK",2026-02-23 19:30:00,NA,NA,NA
"DOCK",2026-02-23 19:45:00,NA,NA,NA
"DOCK",2026-02-23 20:00:00,NA,NA,NA
"DOCK",2026-02-23 20:15:00,NA,NA,NA
"DOCK",2026-02-23 20:30:00,NA,NA,NA
"DOCK",2026-02-23 20:45:00,NA,NA,NA
"DOCK",2026-02-23 21:00:00,NA,NA,NA
"DOCK",2026-02-23 21:15:00,NA,NA,NA
"DOCK",2026-02-23 21:30:00,NA,NA,NA
"DOCK",2026-02-23 21:45:00,NA,NA,NA
"DOCK",2026-02-23 22:00:00,NA,NA,NA
"DOCK",2026-02-23 22:15:00,NA,NA,NA
"DOCK",2026-02-23 22:30:00,NA,NA,NA
"DOCK",2026-02-23 22:45:00,NA,NA,NA
"DOCK",2026-02-23 23:00:00,NA,NA,NA
"DOCK",2026-02-23 23:15:00,NA,NA,NA
"DOCK",2026-02-23 23:30:00,NA,NA,NA
"DOCK",2026-02-23 23:45:00,NA,NA,NA
"DOCK",2026-02-24,NA,NA,NA
"DOCK",2026-02-24 00:15:00,NA,NA,NA
"DOCK",2026-02-24 00:30:00,NA,NA,NA
"DOCK",2026-02-24 00:45:00,NA,NA,NA
"DOCK",2026-02-24 01:00:00,NA,NA,NA
"DOCK",2026-02-24 01:15:00,NA,NA,NA
"DOCK",2026-02-24 01:30:00,NA,NA,NA
"DOCK",2026-02-24 01:45:00,NA,NA,NA
"DOCK",2026-02-24 02:00:00,NA,NA,NA
"DOCK",2026-02-24 02:15:00,NA,NA,NA
"DOCK",2026-02-24 02:30:00,NA,NA,NA
"DOCK",2026-02-24 02:45:00,NA,NA,NA
"DOCK",2026-02-24 03:00:00,NA,NA,NA
"DOCK",2026-02-24 03:15:00,NA,NA,NA
"DOCK",2026-02-24 03:30:00,NA,NA,NA
"DOCK",2026-02-24 03:45:00,NA,NA,NA
"DOCK",2026-02-24 04:00:00,NA,NA,NA
"DOCK",2026-02-24 04:15:00,NA,NA,NA
"DOCK",2026-02-24 04:30:00,NA,NA,NA
"DOCK",2026-02-24 04:45:00,NA,NA,NA
"DOCK",2026-02-24 05:00:00,NA,NA,NA
"DOCK",2026-02-24 05:15:00,NA,NA,NA
"DOCK",2026-02-24 05:30:00,NA,NA,NA
"DOCK",2026-02-24 05:45:00,NA,NA,NA
"DOCK",2026-02-24 06:00:00,NA,NA,NA
"DOCK",2026-02-24 06:15:00,NA,NA,NA
"DOCK",2026-02-24 06:30:00,NA,NA,NA
"DOCK",2026-02-24 06:45:00,NA,NA,NA
"DOCK",2026-02-24 07:00:00,NA,NA,NA
"DOCK",2026-02-24 07:15:00,NA,NA,NA
"DOCK",2026-02-24 07:30:00,NA,NA,NA
"DOCK",2026-02-24 07:45:00,NA,NA,NA
"DOCK",2026-02-24 08:00:00,NA,NA,NA
"DOCK",2026-02-24 08:15:00,NA,NA,NA
"DOCK",2026-02-24 08:30:00,NA,NA,NA
"DOCK",2026-02-24 08:45:00,NA,NA,NA
"DOCK",2026-02-24 09:00:00,NA,NA,NA
"DOCK",2026-02-24 09:15:00,NA,NA,NA
"DOCK",2026-02-24 09:30:00,NA,NA,NA
"DOCK",2026-02-24 09:45:00,NA,NA,NA
"DOCK",2026-02-24 10:00:00,NA,NA,NA
"DOCK",2026-02-24 10:15:00,NA,NA,NA
"DOCK",2026-02-24 10:30:00,NA,NA,NA
"DOCK",2026-02-24 10:45:00,NA,NA,NA
"DOCK",2026-02-24 11:00:00,NA,NA,NA
"DOCK",2026-02-24 11:15:00,NA,NA,NA
"DOCK",2026-02-24 11:30:00,NA,NA,NA
"DOCK",2026-02-24 11:45:00,NA,NA,NA
"DOCK",2026-02-24 12:00:00,NA,NA,NA
"DOCK",2026-02-24 12:15:00,NA,NA,NA
"DOCK",2026-02-24 12:30:00,NA,NA,NA
"DOCK",2026-02-24 12:45:00,NA,NA,NA
"DOCK",2026-02-24 13:00:00,NA,NA,NA
"DOCK",2026-02-24 13:15:00,NA,NA,NA
"DOCK",2026-02-24 13:30:00,NA,NA,NA
"DOCK",2026-02-24 13:45:00,NA,NA,NA
"DOCK",2026-02-24 14:00:00,NA,NA,NA
"DOCK",2026-02-24 14:15:00,NA,NA,NA
"DOCK",2026-02-24 14:30:00,NA,NA,NA
"DOCK",2026-02-24 14:45:00,NA,NA,NA
"DOCK",2026-02-24 15:00:00,NA,NA,NA
"DOCK",2026-02-24 15:15:00,NA,NA,NA
"DOCK",2026-02-24 15:30:00,NA,NA,NA
"DOCK",2026-02-24 15:45:00,NA,NA,NA
"DOCK",2026-02-24 16:00:00,NA,NA,NA
"DOCK",2026-02-24 16:15:00,NA,NA,NA
"DOCK",2026-02-24 16:30:00,NA,NA,NA
"DOCK",2026-02-24 16:45:00,NA,NA,NA
"DOCK",2026-02-24 17:00:00,NA,NA,NA
"DOCK",2026-02-24 17:15:00,NA,NA,NA
"DOCK",2026-02-24 17:30:00,NA,NA,NA
"DOCK",2026-02-24 17:45:00,NA,NA,NA
"DOCK",2026-02-24 18:00:00,NA,NA,NA
"DOCK",2026-02-24 18:15:00,NA,NA,NA
"DOCK",2026-02-24 18:30:00,NA,NA,NA
"DOCK",2026-02-24 18:45:00,NA,NA,NA
"DOCK",2026-02-24 19:00:00,NA,NA,NA
"DOCK",2026-02-24 19:15:00,NA,NA,NA
"DOCK",2026-02-24 19:30:00,NA,NA,NA
"DOCK",2026-02-24 19:45:00,NA,NA,NA
"DOCK",2026-02-24 20:00:00,NA,NA,NA
"DOCK",2026-02-24 20:15:00,NA,NA,NA
"DOCK",2026-02-24 20:30:00,NA,NA,NA
"DOCK",2026-02-24 20:45:00,NA,NA,NA
"DOCK",2026-02-24 21:00:00,NA,NA,NA
"DOCK",2026-02-24 21:15:00,NA,NA,NA
"DOCK",2026-02-24 21:30:00,NA,NA,NA
"DOCK",2026-02-24 21:45:00,NA,NA,NA
"DOCK",2026-02-24 22:00:00,NA,NA,NA
"DOCK",2026-02-24 22:15:00,NA,NA,NA
"DOCK",2026-02-24 22:30:00,NA,NA,NA
"DOCK",2026-02-24 22:45:00,NA,NA,NA
"DOCK",2026-02-24 23:00:00,NA,NA,NA
"DOCK",2026-02-24 23:15:00,NA,NA,NA
"DOCK",2026-02-24 23:30:00,NA,NA,NA
"DOCK",2026-02-24 23:45:00,NA,NA,NA
"DOCK",2026-02-25,NA,NA,NA
"DOCK",2026-02-25 00:15:00,NA,NA,NA
"DOCK",2026-02-25 00:30:00,NA,NA,NA
"DOCK",2026-02-25 00:45:00,NA,NA,NA
"DOCK",2026-02-25 01:00:00,NA,NA,NA
"DOCK",2026-02-25 01:15:00,NA,NA,NA
"DOCK",2026-02-25 01:30:00,NA,NA,NA
"DOCK",2026-02-25 01:45:00,NA,NA,NA
"DOCK",2026-02-25 02:00:00,NA,NA,NA
"DOCK",2026-02-25 02:15:00,NA,NA,NA
"DOCK",2026-02-25 02:30:00,NA,NA,NA
"DOCK",2026-02-25 02:45:00,NA,NA,NA
"DOCK",2026-02-25 03:00:00,NA,NA,NA
"DOCK",2026-02-25 03:15:00,NA,NA,NA
"DOCK",2026-02-25 03:30:00,NA,NA,NA
"DOCK",2026-02-25 03:45:00,NA,NA,NA
"DOCK",2026-02-25 04:00:00,NA,NA,NA
"DOCK",2026-02-25 04:15:00,NA,NA,NA
"DOCK",2026-02-25 04:30:00,NA,NA,NA
"DOCK",2026-02-25 04:45:00,NA,NA,NA
"DOCK",2026-02-25 05:00:00,NA,NA,NA
"DOCK",2026-02-25 05:15:00,NA,NA,NA
"DOCK",2026-02-25 05:30:00,NA,NA,NA
"DOCK",2026-02-25 05:45:00,NA,NA,NA
"DOCK",2026-02-25 06:00:00,NA,NA,NA
"DOCK",2026-02-25 06:15:00,NA,NA,NA
"DOCK",2026-02-25 06:30:00,NA,NA,NA
"DOCK",2026-02-25 06:45:00,NA,NA,NA
"DOCK",2026-02-25 07:00:00,NA,NA,NA
"DOCK",2026-02-25 07:15:00,NA,NA,NA
"DOCK",2026-02-25 07:30:00,NA,NA,NA
"DOCK",2026-02-25 07:45:00,NA,NA,NA
"DOCK",2026-02-25 08:00:00,NA,NA,NA
"DOCK",2026-02-25 08:15:00,NA,NA,NA
"DOCK",2026-02-25 08:30:00,NA,NA,NA
"DOCK",2026-02-25 08:45:00,NA,NA,NA
"DOCK",2026-02-25 09:00:00,NA,NA,NA
"DOCK",2026-02-25 09:15:00,NA,NA,NA
"DOCK",2026-02-25 09:30:00,NA,NA,NA
"DOCK",2026-02-25 09:45:00,NA,NA,NA
"DOCK",2026-02-25 10:00:00,NA,NA,NA
"DOCK",2026-02-25 10:15:00,NA,NA,NA
"DOCK",2026-02-25 10:30:00,NA,NA,NA
"DOCK",2026-02-25 10:45:00,NA,NA,NA
"DOCK",2026-02-25 11:00:00,NA,NA,NA
"DOCK",2026-02-25 11:15:00,NA,NA,NA
"DOCK",2026-02-25 11:30:00,NA,NA,NA
"DOCK",2026-02-25 11:45:00,NA,NA,NA
"DOCK",2026-02-25 12:00:00,NA,NA,NA
"DOCK",2026-02-25 12:15:00,NA,NA,NA
"DOCK",2026-02-25 12:30:00,NA,NA,NA
"DOCK",2026-02-25 12:45:00,NA,NA,NA
"DOCK",2026-02-25 13:00:00,NA,NA,NA
"DOCK",2026-02-25 13:15:00,NA,NA,NA
"DOCK",2026-02-25 13:30:00,NA,NA,NA
"DOCK",2026-02-25 13:45:00,NA,NA,NA
"DOCK",2026-02-25 14:00:00,NA,NA,NA
"DOCK",2026-02-25 14:15:00,NA,NA,NA
"DOCK",2026-02-25 14:30:00,NA,NA,NA
"DOCK",2026-02-25 14:45:00,NA,NA,NA
"DOCK",2026-02-25 15:00:00,NA,NA,NA
"DOCK",2026-02-25 15:15:00,NA,NA,NA
"DOCK",2026-02-25 15:30:00,NA,NA,NA
"DOCK",2026-02-25 15:45:00,NA,NA,NA
"DOCK",2026-02-25 16:00:00,NA,NA,NA
"DOCK",2026-02-25 16:15:00,NA,NA,NA
"DOCK",2026-02-25 16:30:00,NA,NA,NA
"DOCK",2026-02-25 16:45:00,NA,NA,NA
"DOCK",2026-02-25 17:00:00,NA,NA,NA
"DOCK",2026-02-25 17:15:00,NA,NA,NA
"DOCK",2026-02-25 17:30:00,NA,NA,NA
"DOCK",2026-02-25 17:45:00,NA,NA,NA
"DOCK",2026-02-25 18:00:00,NA,NA,NA
"DOCK",2026-02-25 18:15:00,NA,NA,NA
"DOCK",2026-02-25 18:30:00,NA,NA,NA
"DOCK",2026-02-25 18:45:00,NA,NA,NA
"DOCK",2026-02-25 19:00:00,NA,NA,NA
"DOCK",2026-02-25 19:15:00,NA,NA,NA
"DOCK",2026-02-25 19:30:00,NA,NA,NA
"DOCK",2026-02-25 19:45:00,NA,NA,NA
"DOCK",2026-02-25 20:00:00,NA,NA,NA
"DOCK",2026-02-25 20:15:00,NA,NA,NA
"DOCK",2026-02-25 20:30:00,NA,NA,NA
"DOCK",2026-02-25 20:45:00,NA,NA,NA
"DOCK",2026-02-25 21:00:00,NA,NA,NA
"DOCK",2026-02-25 21:15:00,NA,NA,NA
"DOCK",2026-02-25 21:30:00,NA,NA,NA
"DOCK",2026-02-25 21:45:00,NA,NA,NA
"DOCK",2026-02-25 22:00:00,NA,NA,NA
"DOCK",2026-02-25 22:15:00,NA,NA,NA
"DOCK",2026-02-25 22:30:00,NA,NA,NA
"DOCK",2026-02-25 22:45:00,NA,NA,NA
"DOCK",2026-02-25 23:00:00,NA,NA,NA
"DOCK",2026-02-25 23:15:00,NA,NA,NA
"DOCK",2026-02-25 23:30:00,NA,NA,NA
"DOCK",2026-02-25 23:45:00,NA,NA,NA
"DOCK",2026-02-26,NA,NA,NA
"DOCK",2026-02-26 00:15:00,NA,NA,NA
"DOCK",2026-02-26 00:30:00,NA,NA,NA
"DOCK",2026-02-26 00:45:00,NA,NA,NA
"DOCK",2026-02-26 01:00:00,NA,NA,NA
"DOCK",2026-02-26 01:15:00,NA,NA,NA
"DOCK",2026-02-26 01:30:00,NA,NA,NA
"DOCK",2026-02-26 01:45:00,NA,NA,NA
"DOCK",2026-02-26 02:00:00,NA,NA,NA
"DOCK",2026-02-26 02:15:00,NA,NA,NA
"DOCK",2026-02-26 02:30:00,NA,NA,NA
"DOCK",2026-02-26 02:45:00,NA,NA,NA
"DOCK",2026-02-26 03:00:00,NA,NA,NA
"DOCK",2026-02-26 03:15:00,NA,NA,NA
"DOCK",2026-02-26 03:30:00,NA,NA,NA
"DOCK",2026-02-26 03:45:00,NA,NA,NA
"DOCK",2026-02-26 04:00:00,NA,NA,NA
"DOCK",2026-02-26 04:15:00,NA,NA,NA
"DOCK",2026-02-26 04:30:00,NA,NA,NA
"DOCK",2026-02-26 04:45:00,NA,NA,NA
"DOCK",2026-02-26 05:00:00,NA,NA,NA
"DOCK",2026-02-26 05:15:00,NA,NA,NA
"DOCK",2026-02-26 05:30:00,NA,NA,NA
"DOCK",2026-02-26 05:45:00,NA,NA,NA
"DOCK",2026-02-26 06:00:00,NA,NA,NA
"DOCK",2026-02-26 06:15:00,NA,NA,NA
"DOCK",2026-02-26 06:30:00,NA,NA,NA
"DOCK",2026-02-26 06:45:00,NA,NA,NA
"DOCK",2026-02-26 07:00:00,NA,NA,NA
"DOCK",2026-02-26 07:15:00,NA,NA,NA
"DOCK",2026-02-26 07:30:00,NA,NA,NA
"DOCK",2026-02-26 07:45:00,NA,NA,NA
"DOCK",2026-02-26 08:00:00,NA,NA,NA
"DOCK",2026-02-26 08:15:00,NA,NA,NA
"DOCK",2026-02-26 08:30:00,NA,NA,NA
"DOCK",2026-02-26 08:45:00,NA,NA,NA
"DOCK",2026-02-26 09:00:00,NA,NA,NA
"DOCK",2026-02-26 09:15:00,NA,NA,NA
"DOCK",2026-02-26 09:30:00,NA,NA,NA
"DOCK",2026-02-26 09:45:00,NA,NA,NA
"DOCK",2026-02-26 10:00:00,NA,NA,NA
"DOCK",2026-02-26 10:15:00,NA,NA,NA
"DOCK",2026-02-26 10:30:00,NA,NA,NA
"DOCK",2026-02-26 10:45:00,NA,NA,NA
"DOCK",2026-02-26 11:00:00,NA,NA,NA
"DOCK",2026-02-26 11:15:00,NA,NA,NA
"DOCK",2026-02-26 11:30:00,NA,NA,NA
"DOCK",2026-02-26 11:45:00,NA,NA,NA
"DOCK",2026-02-26 12:00:00,NA,NA,NA
"DOCK",2026-02-26 12:15:00,NA,NA,NA
"DOCK",2026-02-26 12:30:00,NA,NA,NA
"DOCK",2026-02-26 12:45:00,NA,NA,NA
"DOCK",2026-02-26 13:00:00,NA,NA,NA
"DOCK",2026-02-26 13:15:00,NA,NA,NA
"DOCK",2026-02-26 13:30:00,NA,NA,NA
"DOCK",2026-02-26 13:45:00,NA,NA,NA
"DOCK",2026-02-26 14:00:00,NA,NA,NA
"DOCK",2026-02-26 14:15:00,NA,NA,NA
"DOCK",2026-02-26 14:30:00,NA,NA,NA
"DOCK",2026-02-26 14:45:00,NA,NA,NA
"DOCK",2026-02-26 15:00:00,NA,NA,NA
"DOCK",2026-02-26 15:15:00,NA,NA,NA
"DOCK",2026-02-26 15:30:00,NA,NA,NA
"DOCK",2026-02-26 15:45:00,NA,NA,NA
"DOCK",2026-02-26 16:00:00,NA,NA,NA
"DOCK",2026-02-26 16:15:00,NA,NA,NA
"DOCK",2026-02-26 16:30:00,NA,NA,NA
"DOCK",2026-02-26 16:45:00,NA,NA,NA
"DOCK",2026-02-26 17:00:00,NA,NA,NA
"DOCK",2026-02-26 17:15:00,NA,NA,NA
"DOCK",2026-02-26 17:30:00,NA,NA,NA
"DOCK",2026-02-26 17:45:00,NA,NA,NA
"DOCK",2026-02-26 18:00:00,NA,NA,NA
"DOCK",2026-02-26 18:15:00,NA,NA,NA
"DOCK",2026-02-26 18:30:00,NA,NA,NA
"DOCK",2026-02-26 18:45:00,NA,NA,NA
"DOCK",2026-02-26 19:00:00,NA,NA,NA
"DOCK",2026-02-26 19:15:00,NA,NA,NA
"DOCK",2026-02-26 19:30:00,NA,NA,NA
"DOCK",2026-02-26 19:45:00,NA,NA,NA
"DOCK",2026-02-26 20:00:00,NA,NA,NA
"DOCK",2026-02-26 20:15:00,NA,NA,NA
"DOCK",2026-02-26 20:30:00,NA,NA,NA
"DOCK",2026-02-26 20:45:00,NA,NA,NA
"DOCK",2026-02-26 21:00:00,NA,NA,NA
"DOCK",2026-02-26 21:15:00,NA,NA,NA
"DOCK",2026-02-26 21:30:00,NA,NA,NA
"DOCK",2026-02-26 21:45:00,NA,NA,NA
"DOCK",2026-02-26 22:00:00,NA,NA,NA
"DOCK",2026-02-26 22:15:00,NA,NA,NA
"DOCK",2026-02-26 22:30:00,NA,NA,NA
"DOCK",2026-02-26 22:45:00,NA,NA,NA
"DOCK",2026-02-26 23:00:00,NA,NA,NA
"DOCK",2026-02-26 23:15:00,NA,NA,NA
"DOCK",2026-02-26 23:30:00,NA,NA,NA
"DOCK",2026-02-26 23:45:00,NA,NA,NA
"DOCK",2026-02-27,NA,NA,NA
"DOCK",2026-02-27 00:15:00,NA,NA,NA
"DOCK",2026-02-27 00:30:00,NA,NA,NA
"DOCK",2026-02-27 00:45:00,NA,NA,NA
"DOCK",2026-02-27 01:00:00,NA,NA,NA
"DOCK",2026-02-27 01:15:00,NA,NA,NA
"DOCK",2026-02-27 01:30:00,NA,NA,NA
"DOCK",2026-02-27 01:45:00,NA,NA,NA
"DOCK",2026-02-27 02:00:00,NA,NA,NA
"DOCK",2026-02-27 02:15:00,NA,NA,NA
"DOCK",2026-02-27 02:30:00,NA,NA,NA
"DOCK",2026-02-27 02:45:00,NA,NA,NA
"DOCK",2026-02-27 03:00:00,NA,NA,NA
"DOCK",2026-02-27 03:15:00,NA,NA,NA
"DOCK",2026-02-27 03:30:00,NA,NA,NA
"DOCK",2026-02-27 03:45:00,NA,NA,NA
"DOCK",2026-02-27 04:00:00,NA,NA,NA
"DOCK",2026-02-27 04:15:00,NA,NA,NA
"DOCK",2026-02-27 04:30:00,NA,NA,NA
"DOCK",2026-02-27 04:45:00,NA,NA,NA
"DOCK",2026-02-27 05:00:00,NA,NA,NA
"DOCK",2026-02-27 05:15:00,NA,NA,NA
"DOCK",2026-02-27 05:30:00,NA,NA,NA
"DOCK",2026-02-27 05:45:00,NA,NA,NA
"DOCK",2026-02-27 06:00:00,NA,NA,NA
"DOCK",2026-02-27 06:15:00,NA,NA,NA
"DOCK",2026-02-27 06:30:00,NA,NA,NA
"DOCK",2026-02-27 06:45:00,NA,NA,NA
"DOCK",2026-02-27 07:00:00,NA,NA,NA
"DOCK",2026-02-27 07:15:00,NA,NA,NA
"DOCK",2026-02-27 07:30:00,NA,NA,NA
"DOCK",2026-02-27 07:45:00,NA,NA,NA
"DOCK",2026-02-27 08:00:00,NA,NA,NA
"DOCK",2026-02-27 08:15:00,NA,NA,NA
"DOCK",2026-02-27 08:30:00,NA,NA,NA
"DOCK",2026-02-27 08:45:00,NA,NA,NA
"DOCK",2026-02-27 09:00:00,NA,NA,NA
"DOCK",2026-02-27 09:15:00,NA,NA,NA
"DOCK",2026-02-27 09:30:00,NA,NA,NA
"DOCK",2026-02-27 09:45:00,NA,NA,NA
"DOCK",2026-02-27 10:00:00,NA,NA,NA
"DOCK",2026-02-27 10:15:00,NA,NA,NA
"DOCK",2026-02-27 10:30:00,NA,NA,NA
"DOCK",2026-02-27 10:45:00,NA,NA,NA
"DOCK",2026-02-27 11:00:00,NA,NA,NA
"DOCK",2026-02-27 11:15:00,NA,NA,NA
"DOCK",2026-02-27 11:30:00,NA,NA,NA
"DOCK",2026-02-27 11:45:00,NA,NA,NA
"DOCK",2026-02-27 12:00:00,NA,NA,NA
"DOCK",2026-02-27 12:15:00,NA,NA,NA
"DOCK",2026-02-27 12:30:00,NA,NA,NA
"DOCK",2026-02-27 12:45:00,NA,NA,NA
"DOCK",2026-02-27 13:00:00,NA,NA,NA
"DOCK",2026-02-27 13:15:00,NA,NA,NA
"DOCK",2026-02-27 13:30:00,NA,NA,NA
"DOCK",2026-02-27 13:45:00,NA,NA,NA
"DOCK",2026-02-27 14:00:00,NA,NA,NA
"DOCK",2026-02-27 14:15:00,NA,NA,NA
"DOCK",2026-02-27 14:30:00,NA,NA,NA
"DOCK",2026-02-27 14:45:00,NA,NA,NA
"DOCK",2026-02-27 15:00:00,NA,NA,NA
"DOCK",2026-02-27 15:15:00,NA,NA,NA
"DOCK",2026-02-27 15:30:00,NA,NA,NA
"DOCK",2026-02-27 15:45:00,NA,NA,NA
"DOCK",2026-02-27 16:00:00,NA,NA,NA
"DOCK",2026-02-27 16:15:00,NA,NA,NA
"DOCK",2026-02-27 16:30:00,NA,NA,NA
"DOCK",2026-02-27 16:45:00,NA,NA,NA
"DOCK",2026-02-27 17:00:00,NA,NA,NA
"DOCK",2026-02-27 17:15:00,NA,NA,NA
"DOCK",2026-02-27 17:30:00,NA,NA,NA
"DOCK",2026-02-27 17:45:00,NA,NA,NA
"DOCK",2026-02-27 18:00:00,NA,NA,NA
"DOCK",2026-02-27 18:15:00,NA,NA,NA
"DOCK",2026-02-27 18:30:00,NA,NA,NA
"DOCK",2026-02-27 18:45:00,NA,NA,NA
"DOCK",2026-02-27 19:00:00,NA,NA,NA
"DOCK",2026-02-27 19:15:00,NA,NA,NA
"DOCK",2026-02-27 19:30:00,NA,NA,NA
"DOCK",2026-02-27 19:45:00,NA,NA,NA
"DOCK",2026-02-27 20:00:00,NA,NA,NA
"DOCK",2026-02-27 20:15:00,NA,NA,NA
"DOCK",2026-02-27 20:30:00,NA,NA,NA
"DOCK",2026-02-27 20:45:00,NA,NA,NA
"DOCK",2026-02-27 21:00:00,NA,NA,NA
"DOCK",2026-02-27 21:15:00,NA,NA,NA
"DOCK",2026-02-27 21:30:00,NA,NA,NA
"DOCK",2026-02-27 21:45:00,NA,NA,NA
"DOCK",2026-02-27 22:00:00,NA,NA,NA
"DOCK",2026-02-27 22:15:00,NA,NA,NA
"DOCK",2026-02-27 22:30:00,NA,NA,NA
"DOCK",2026-02-27 22:45:00,NA,NA,NA
"DOCK",2026-02-27 23:00:00,NA,NA,NA
"DOCK",2026-02-27 23:15:00,NA,NA,NA
"DOCK",2026-02-27 23:30:00,NA,NA,NA
"DOCK",2026-02-27 23:45:00,NA,NA,NA
"DOCK",2026-02-28,NA,NA,NA
"DOCK",2026-02-28 00:15:00,NA,NA,NA
"DOCK",2026-02-28 00:30:00,NA,NA,NA
"DOCK",2026-02-28 00:45:00,NA,NA,NA
"DOCK",2026-02-28 01:00:00,NA,NA,NA
"DOCK",2026-02-28 01:15:00,NA,NA,NA
"DOCK",2026-02-28 01:30:00,NA,NA,NA
"DOCK",2026-02-28 01:45:00,NA,NA,NA
"DOCK",2026-02-28 02:00:00,NA,NA,NA
"DOCK",2026-02-28 02:15:00,NA,NA,NA
"DOCK",2026-02-28 02:30:00,NA,NA,NA
"DOCK",2026-02-28 02:45:00,NA,NA,NA
"DOCK",2026-02-28 03:00:00,NA,NA,NA
"DOCK",2026-02-28 03:15:00,NA,NA,NA
"DOCK",2026-02-28 03:30:00,NA,NA,NA
"DOCK",2026-02-28 03:45:00,NA,NA,NA
"DOCK",2026-02-28 04:00:00,NA,NA,NA
"DOCK",2026-02-28 04:15:00,NA,NA,NA
"DOCK",2026-02-28 04:30:00,NA,NA,NA
"DOCK",2026-02-28 04:45:00,NA,NA,NA
"DOCK",2026-02-28 05:00:00,NA,NA,NA
"DOCK",2026-02-28 05:15:00,NA,NA,NA
"DOCK",2026-02-28 05:30:00,NA,NA,NA
"DOCK",2026-02-28 05:45:00,NA,NA,NA
"DOCK",2026-02-28 06:00:00,NA,NA,NA
"DOCK",2026-02-28 06:15:00,NA,NA,NA
"DOCK",2026-02-28 06:30:00,NA,NA,NA
"DOCK",2026-02-28 06:45:00,NA,NA,NA
"DOCK",2026-02-28 07:00:00,NA,NA,NA
"DOCK",2026-02-28 07:15:00,NA,NA,NA
"DOCK",2026-02-28 07:30:00,NA,NA,NA
"DOCK",2026-02-28 07:45:00,NA,NA,NA
"DOCK",2026-02-28 08:00:00,NA,NA,NA
"DOCK",2026-02-28 08:15:00,NA,NA,NA
"DOCK",2026-02-28 08:30:00,NA,NA,NA
"DOCK",2026-02-28 08:45:00,NA,NA,NA
"DOCK",2026-02-28 09:00:00,NA,NA,NA
"DOCK",2026-02-28 09:15:00,NA,NA,NA
"DOCK",2026-02-28 09:30:00,NA,NA,NA
"DOCK",2026-02-28 09:45:00,NA,NA,NA
"DOCK",2026-02-28 10:00:00,NA,NA,NA
"DOCK",2026-02-28 10:15:00,NA,NA,NA
"DOCK",2026-02-28 10:30:00,NA,NA,NA
"DOCK",2026-02-28 10:45:00,NA,NA,NA
"DOCK",2026-02-28 11:00:00,NA,NA,NA
"DOCK",2026-02-28 11:15:00,NA,NA,NA
"DOCK",2026-02-28 11:30:00,NA,NA,NA
"DOCK",2026-02-28 11:45:00,NA,NA,NA
"DOCK",2026-02-28 12:00:00,NA,NA,NA
"DOCK",2026-02-28 12:15:00,NA,NA,NA
"DOCK",2026-02-28 12:30:00,NA,NA,NA
"DOCK",2026-02-28 12:45:00,NA,NA,NA
"DOCK",2026-02-28 13:00:00,NA,NA,NA
"DOCK",2026-02-28 13:15:00,NA,NA,NA
"DOCK",2026-02-28 13:30:00,NA,NA,NA
"DOCK",2026-02-28 13:45:00,NA,NA,NA
"DOCK",2026-02-28 14:00:00,NA,NA,NA
"DOCK",2026-02-28 14:15:00,NA,NA,NA
"DOCK",2026-02-28 14:30:00,NA,NA,NA
"DOCK",2026-02-28 14:45:00,NA,NA,NA
"DOCK",2026-02-28 15:00:00,NA,NA,NA
"DOCK",2026-02-28 15:15:00,NA,NA,NA
"DOCK",2026-02-28 15:30:00,NA,NA,NA
"DOCK",2026-02-28 15:45:00,NA,NA,NA
"DOCK",2026-02-28 16:00:00,NA,NA,NA
"DOCK",2026-02-28 16:15:00,NA,NA,NA
"DOCK",2026-02-28 16:30:00,NA,NA,NA
"DOCK",2026-02-28 16:45:00,NA,NA,NA
"DOCK",2026-02-28 17:00:00,NA,NA,NA
"DOCK",2026-02-28 17:15:00,NA,NA,NA
"DOCK",2026-02-28 17:30:00,NA,NA,NA
"DOCK",2026-02-28 17:45:00,NA,NA,NA
"DOCK",2026-02-28 18:00:00,NA,NA,NA
"DOCK",2026-02-28 18:15:00,NA,NA,NA
"DOCK",2026-02-28 18:30:00,NA,NA,NA
"DOCK",2026-02-28 18:45:00,NA,NA,NA
"DOCK",2026-02-28 19:00:00,NA,NA,NA
"DOCK",2026-02-28 19:15:00,NA,NA,NA
"DOCK",2026-02-28 19:30:00,NA,NA,NA
"DOCK",2026-02-28 19:45:00,NA,NA,NA
"DOCK",2026-02-28 20:00:00,NA,NA,NA
"DOCK",2026-02-28 20:15:00,NA,NA,NA
"DOCK",2026-02-28 20:30:00,NA,NA,NA
"DOCK",2026-02-28 20:45:00,NA,NA,NA
"DOCK",2026-02-28 21:00:00,NA,NA,NA
"DOCK",2026-02-28 21:15:00,NA,NA,NA
"DOCK",2026-02-28 21:30:00,NA,NA,NA
"DOCK",2026-02-28 21:45:00,NA,NA,NA
"DOCK",2026-02-28 22:00:00,NA,NA,NA
"DOCK",2026-02-28 22:15:00,NA,NA,NA
"DOCK",2026-02-28 22:30:00,NA,NA,NA
"DOCK",2026-02-28 22:45:00,NA,NA,NA
"DOCK",2026-02-28 23:00:00,NA,NA,NA
"DOCK",2026-02-28 23:15:00,NA,NA,NA
"DOCK",2026-02-28 23:30:00,NA,NA,NA
"DOCK",2026-02-28 23:45:00,NA,NA,NA
"DOCK",2026-03-31 01:00:00,3,113.617,105.0901
"DOCK",2026-03-31 01:15:00,3,88.36876,96.66096
"DOCK",2026-03-31 01:30:00,3,201.9857,135.3027
"DOCK",2026-03-31 01:45:00,3,113.8228,105.2805
"DOCK",2026-03-31 02:00:00,3,240.2926,138.412
"DOCK",2026-03-31 02:15:00,2,202.3517,129.5836
"DOCK",2026-03-31 02:30:00,3,265.5866,146.5995
"DOCK",2026-03-31 02:45:00,2,152.0392,116.704
"DOCK",2026-03-31 03:00:00,2,101.3594,101.3594
"DOCK",2026-03-31 03:15:00,3,114.0294,109.3827
"DOCK",2026-03-31 03:30:00,2,139.3693,116.704
"DOCK",2026-03-31 03:45:00,2,165.0086,120.3714
"DOCK",2026-03-31 04:00:00,2,126.9297,113.3254
"DOCK",2026-03-31 04:15:00,2,152.3156,116.9162
"DOCK",2026-03-31 04:30:00,2,216.1735,133.3318
"DOCK",2026-03-31 04:45:00,2,89.01261,101.7287
"DOCK",2026-03-31 05:00:00,2,178.0252,123.9306
"DOCK",2026-03-31 05:15:00,2,101.7287,101.7287
"DOCK",2026-03-31 05:30:00,2,127.1609,109.7812
"DOCK",2026-03-31 05:45:00,2,127.3929,109.9815
"DOCK",2026-03-31 06:00:00,2,178.3501,124.1567
"DOCK",2026-03-31 06:15:00,2,267.5251,144.9837
"DOCK",2026-03-31 06:30:00,2,153.151,117.5575
"DOCK",2026-03-31 06:45:00,2,280.7768,147.9395
"DOCK",2026-03-31 07:00:00,2,204.2013,130.7681
"DOCK",2026-03-31 07:15:00,2,191.4387,127.6258
"DOCK",2026-03-31 07:30:00,2,179.0034,124.6115
"DOCK",2026-03-31 07:45:00,2,179.0034,124.6115
"DOCK",2026-03-31 08:00:00,2,179.0034,127.8596
"DOCK",2026-03-31 08:15:00,2,115.0736,106.4374
"DOCK",2026-03-31 08:30:00,2,256.1884,143.0191
"DOCK",2026-03-31 08:45:00,2,166.5224,121.4757
