"","datetime_15min","depth_m","temp_c","salinity_ppt","odo_mg_l","chlorophyll_ug_l","p_h","amb_t_c","ch4d_ppm","co2d_ppm","h2o_ppm","radon_concentration_rad7","radon_concentration_uncertainty_rad7","rh_sample_rad7","total_counts_rad7","water_depth","flowrate","cross_area","mean_velocity","total_volume","temp_k","ln_pH2O","pH2O","pCH4_uatm","pCH4_atm","CH4_M","CH4_nM","CH4_gL","CH4_mgL","CH4_ugL","C_CH4_nM","Kh","Beta1","Beta2","Beta","Kw","Rad_w_Bqm3","Rad_err_w_Bqm3"
"1",2023-07-26 01:00:00,0.836,25.107,8,0.09,6.98,6.93,31.0677825,195.138353571429,8481.53728571429,1017.57089285714,NA,NA,NA,NA,0.989666666666667,-0.1541,1.924,-0.08,-86617.6266666667,298.257,-3.45953349726559,0.0314444286476747,189.002339536127,0.000189002339536127,2.768581870461e-07,276.8581870461,4.44080532021945e-06,0.00444080532021945,4.44080532021945,244.905176240622,0.00129577854349157,-1.62507070745825,-0.0344046538584002,0.190238760537744,0.207724847159824,NA,NA
"2",2023-07-26 02:00:00,0.8337,24.5237,7.496,0.086,6.776,6.936,30.7662279444444,183.633569444444,8661.45488333333,1034.89430333333,489.686025,170.60495,6.5,91.5,0.9559,-0.15692,1.8616,-0.0843,-86953.415,297.6737,-3.49435601998793,0.0303682998293249,178.056930148826,0.000178056930148826,2.60824913559207e-07,260.824913559207,4.18363161348968e-06,0.00418363161348968,4.18363161348968,234.128539679961,0.00131490832445706,-1.60718992105751,-0.0325169389800682,0.194036913928467,0.211457756198676,103.547908088349,36.0757399233873
"3",2023-07-26 03:00:00,0.8037,23.7423,6.874,0.069,7.029,6.938,30.2770765555556,205.172653333333,9362.22908888889,944.157582222222,434.829625,163.024125,6.75,88.25,0.8881,-0.10782,1.7358,-0.062,-87442.208,296.8923,-3.54124863490392,0.0289771237114237,199.227339975492,0.000199227339975492,2.918361766897e-07,291.8361766897,4.68105227410279e-06,0.00468105227410279,4.68105227410279,267.11521732925,0.00134075582880396,-1.58293773076008,-0.0301822503026623,0.199264940374737,0.216585123401862,94.1776279894102,35.3086002306055
"4",2023-07-26 04:00:00,0.8255,23.4051,6.791,0.063,7.239,6.925,29.878119,294.848838333333,10322.8651444444,761.420343888889,365.317475,151.340625,6.75,66.75,0.8828,-0.06084,1.7262,-0.0354,-87721.739,296.5551,-3.56157106263249,0.0283941816766408,286.47684685055,0.00028647684685055,4.1964274434056e-07,419.64274434056,6.73106961922258e-06,0.00673106961922258,6.73106961922258,386.917686273352,0.00135060718004621,-1.57236570375712,-0.0299796946555781,0.201423545093581,0.218682700192501,79.8886118605063,33.0955765238206
"5",2023-07-26 05:00:00,0.8277,23.0381,6.709,0.051,8.919,6.927,29.5341787777778,414.537558333333,11196.0128333333,694.372380555556,428.02465,161.0643,6.25,76.25,0.8661,-0.03692,1.6951,-0.0219,-87929.726,296.1881,-3.58374920313011,0.0277713833151749,403.025276902322,0.000403025276902322,5.90367546617597e-07,590.367546617597,9.46949544774625e-06,0.00946949544774625,9.46949544774625,548.674635401885,0.00136139013319222,-1.56078602871701,-0.029796435280758,0.203806866992781,0.220996407474078,94.5919099603497,35.5946316723272
"6",2023-07-26 06:00:00,0.8811,22.8879,6.661,0.05,12.043,6.929,29.6177162222222,542.455820555556,11781.2902777778,707.967602777778,327.975175,144.732,6.5,65.5,0.9055,0.01297,1.7677,0.0071,-87942.678,296.0379,-3.59284392953024,0.027519955252572,527.527460647369,0.000527527460647369,7.72743325454693e-07,772.743325454693,1.23948029402933e-05,0.0123948029402933,12.3948029402933,720.583602256445,0.00136596415544351,-1.55602475725763,-0.0296572801216629,0.204808058718546,0.22196942195173,72.8004600092675,32.1260783779178
"7",2023-07-26 07:00:00,0.928,23.281,6.903,0.051,15.05,6.947,30.3945822777778,612.113762777778,11417.3946666667,755.123602222222,381.366225,154.7349,6.5,75.75,0.9461,0.01318,1.8434,0.0072,-87888.523,296.431,-3.56906356039893,0.0281822333388118,594.863029885276,0.000594863029885276,8.71379160697148e-07,871.379160697148,1.39769217375823e-05,0.0139769217375823,13.9769217375823,804.895545854768,0.00135307710416967,-1.56845864082327,-0.030535758434294,0.202099647399468,0.219324915168485,83.6431149462504,33.937218816104
"8",2023-07-26 08:00:00,0.9046,25.9657,9.255,0.054,19.502,7.038,31.734273,539.347566111111,8138.82011666667,784.249167222222,444.037175,163.5897,7,82.75,0.9664,0.01584,1.8808,0.0084,-87853.031,299.1157,-3.40855060053693,0.0330891261773531,521.501026442612,0.000521501026442612,7.63915563574196e-07,763.915563574196,1.22532056397301e-05,0.0122532056397301,12.2532056397301,659.395394685119,0.00126441821060861,-1.65104997924744,-0.0393243030839048,0.184450474518176,0.20198437781745,89.688572520193,33.0425637718432
"9",2023-07-26 09:00:00,0.8232,27.1645,9.888,0.074,21.694,7.078,33.4446365555556,407.037624444444,6248.96221111111,1008.488205,528.30465,173.725275,7,101.75,0.9872,0.01353,1.9193,0.0072,-87749.759,300.3145,-3.33792940216052,0.0355104106688864,392.583551242734,0.000392583551242734,5.75072089202407e-07,575.072089202407,9.22415631080661e-06,0.00922415631080661,9.22415631080661,483.117029943502,0.00123060945476238,-1.68664120916922,-0.0413674225382904,0.177637800270982,0.195303705544499,103.179855801389,33.9291899542371
"10",2023-07-26 10:00:00,0.7937,26.9955,9.32,0.129,20.306,7.055,35.0603088888889,239.442896861111,5065.26690333333,1288.85177222222,654.5603,190.854175,7,123,0.9657,-0.10097,1.8797,-0.0538,-87950.004,300.1455,-3.34784633023141,0.0351599968701983,231.024085356883,0.000231024085356883,3.38413321194177e-07,338.413321194177,5.4281496719546e-06,0.0054281496719546,5.4281496719546,286.20546331141,0.00123885551962811,-1.68167119896115,-0.0390726615481712,0.178932997204421,0.196617001326815,128.69768337358,37.5251755792032
"11",2023-07-26 11:00:00,0.7443,28.6284,10.326,0.157,24.125,7.149,36.0700929444444,105.328336166667,4704.06731666667,1702.22241111111,535.30595,174.938725,6.5,113,0.9235,-0.10028,1.8015,-0.0556,-88322.095,301.7784,-3.2525563432011,0.0386752155508608,101.254740061807,0.000101254740061807,1.48321993432138e-07,148.321993432138,2.37908477465149e-06,0.00237908477465149,2.37908477465149,120.842448618906,0.00119344979351231,-1.7290474760047,-0.0424840976962341,0.17007231097395,0.187897308768153,100.58254737258,32.870515626832
"12",2023-07-26 12:00:00,0.6653,28.8497,10.082,0.258,26.356,7.131,36.5228277777778,222.229207222222,5111.76349444444,1251.08660555556,485.738125,167.124625,6,106.75,0.8245,-0.09638,1.6185,-0.0582,-88682.774,301.9997,-3.23973231910362,0.0391743812574959,213.523515531948,0.000213523515531948,3.12777786491818e-07,312.777786491818,5.01695569532877e-06,0.00501695569532877,5.01695569532877,254.129204223864,0.001190169633498,-1.7353582776751,-0.0413847212405695,0.169188297330447,0.187057715677488,90.861064079966,31.2619505859568
"13",2023-07-26 13:00:00,0.5339,29.3919,10.023,0.324,41.426,7.152,37.016531,331.551868888889,4808.89674444444,1195.04073333333,548.44185,175.630225,6,101.25,0.6486,-0.02898,1.2928,-0.0201,-88870.221,302.5419,-3.20840286306128,0.0404211211667441,318.150170623471,0.000318150170623471,4.66039095936085e-07,466.039095936085,7.4752670988148e-06,0.0074752670988148,7.4752670988148,374.914284838864,0.00117841924806815,-1.75071035800844,-0.0409211495693437,0.166687994972952,0.184624209065742,101.255642774802,32.4255913786633
"14",2023-07-26 14:00:00,0.4375,29.7929,10.088,0.304,39.283,7.157,37.6641513333333,499.655292222222,6418.29129444444,1298.77471666667,674.188725,193.04345,6.5,132.75,0.729,-0.04221,1.4418,-0.0293,-89021.343,302.9429,-3.18531438718633,0.0413652404348563,478.986930924902,0.000478986930924902,7.01639215896033e-07,701.639215896033,1.12542930229724e-05,0.0112542930229724,11.2542930229724,559.976143641542,0.00116908438933867,-1.761964581075,-0.041032032918383,0.164804292686112,0.182779756027017,123.228050671666,35.2844346936136
"15",2023-07-26 15:00:00,0.3701,29.9476,9.989,0.173,24.503,6.964,38.1149524444444,746.003561666667,8701.14981666667,1750.34091111111,704.562575,197.9496,8,141.5,0.6651,-0.0384,1.3235,-0.0289,-89168.947,303.0976,-3.17642578811164,0.0417345583969302,714.869432457971,0.000714869432457971,1.04716933944173e-06,1047.16933944173,1.67965962046454e-05,0.0167965962046454,16.7965962046454,833.80044554332,0.00116636746192437,-1.76628370003105,-0.0405726613210851,0.16416941577313,0.182168610339513,128.349185184979,36.0602035492624
"16",2023-07-26 16:00:00,0.358,29.7518,9.793,0.117,12.282,6.811,38.3538273333333,1004.25276277778,12094.6882888889,2712.81903888889,873.81345,217.302375,11.5,150,0.659,-0.01962,1.3124,-0.0151,-89261.568,302.9018,-3.1876776092883,0.0412676006031758,962.809660858829,0.000962809660858829,1.41036210361245e-06,1410.36210361245,2.26222081419436e-05,0.0226222081419436,22.6222081419436,1128.44874305323,0.00117203720416209,-1.76081498467732,-0.0398471274295531,0.165189478051338,0.183182098637418,160.066981588603,39.8059050913952
"17",2023-07-26 17:00:00,0.3648,29.3658,9.719,0.074,11.244,6.714,38.4365410555556,1303.25890555556,16101.1490555556,3678.67238888889,989.222925,230.257025,15.5,181.25,0.6715,-0.00809,1.3351,-0.0063,-89328.608,302.5158,-3.20990804601149,0.040360325750562,1250.65895159001,0.00125065895159001,1.83201525864711e-06,1832.01525864711,2.93855247486997e-05,0.0293855247486997,29.3855247486997,1477.19185913571,0.00118113084087208,-1.74997491414655,-0.0396899815479786,0.167016128114173,0.184971691778736,182.978237983559,42.5910314581886
"18",2023-07-26 18:00:00,0.4068,30.6157,10.63,0.224,24.852,6.983,38.0788251111111,1327.58807777778,7814.91716111111,5510.06892777778,1023.445625,234.12095,19.5,199.75,0.7551,0.00812,1.4903,0.0054,-89312.829,303.7657,-3.13815720613781,0.0433626341379117,1270.02036167525,0.00127002036167525,1.86037662659637e-06,1860.37662659637,2.98404410906057e-05,0.0298404410906057,29.8404410906057,1457.32685954382,0.00114748306682383,-1.78479280678896,-0.0429314367067591,0.160779045707065,0.178799778014054,182.991850559454,41.8607738884393
"19",2023-07-26 19:00:00,0.4464,31.0676,11.195,0.573,45.496,7.402,37.2303193333333,1072.58609722222,2952.03743888889,7767.00264444444,888.218725,219.672325,23.5,188.25,0.8345,0.03594,1.6369,0.0214,-89259.321,304.2176,-3.11238107816461,0.0444948847622714,1024.8615024287,0.0010248615024287,1.50125812321766e-06,1501.25812321766,2.40801802964113e-05,0.0240801802964113,24.0801802964113,1162.25594753638,0.00113406147541114,-1.79718057170838,-0.0450542238127209,0.158462897930926,0.176486188898375,156.758337683424,38.7691314456953
"20",2023-07-26 20:00:00,0.5644,30.5314,11.388,1.454,82.62,7.569,36.6250196111111,857.578556111111,2475.51316111111,9693.36096111111,777.92035,206.96065,27.5,162,0.9422,0.08331,1.8362,0.0456,-88992.905,303.6814,-3.14297530944996,0.0431542109942464,820.570430156551,0.000820570430156551,1.20200438891052e-06,1202.00438891052,1.92801503981248e-05,0.0192801503981248,19.2801503981248,938.866790203089,0.00114416356682993,-1.7824701866732,-0.0460243526721758,0.160655245962782,0.178612520634531,138.946314566396,36.9657633686608
"21",2023-07-26 21:00:00,0.631,30.277,11.497,1.334,65.786,7.488,36.1616275,696.026842777778,2610.57441111111,11287.3503888889,719.5951,201.08025,31.5,151.5,0.9991,0.15406,1.9412,0.0787,-88651.037,303.427,-3.1575338486008,0.0425304999079405,666.424473205093,0.000666424473205093,9.76205225329749e-07,976.205225329749,1.56583318142892e-05,0.0156583318142892,15.6583318142892,765.643752983708,0.00114888300740432,-1.77543855616377,-0.0465637546793852,0.161701649600007,0.179625284397515,129.257474488558,36.1190970929734
"22",2023-07-26 22:00:00,0.7284,30.0238,11.606,1.43,53.9,7.408,35.9000121111111,548.29792,3100.54725555556,12525.1205,790.66855,210.151125,34.75,148.25,1.0885,0.40456,2.1067,0.1924,-87501.428,303.1738,-3.17205136288314,0.0419175229908728,525.314629332552,0.000525314629332552,7.69501881631496e-07,769.501881631496,1.23428101813692e-05,0.0123428101813692,12.3428101813692,606.005422779139,0.00115360469505506,-1.76840653904028,-0.0471085882360045,0.162754047743279,0.180643467397808,142.829108434397,37.9624278975502
"23",2023-07-26 23:00:00,0.7526,29.8814,11.739,0.464,51.739,7.339,35.7902443333333,430.674344444444,3568.01709444444,13804.0064444444,583.79945,183.57305,38,133.75,1.1062,0.1798,2.1394,0.084,-86538.508,303.0314,-3.18022817647562,0.041576168719732,412.768555236562,0.000412768555236562,6.04639890452726e-07,604.639890452726,9.69842384286172e-06,0.00969842384286172,9.69842384286172,477.070370756497,0.00115578176850967,-1.76443697799476,-0.047709023301017,0.163303311383606,0.181167970247887,105.765761388333,33.2575568607138
"24",2023-07-27,0.7597,29.7977,11.817,0.222,48.02,7.262,35.5918110555556,354.371638333333,3998.65841666667,14935.1123333333,587.3326,184.4016,40.75,125.75,1.1115,0.09987,2.1493,0.0462,-85891.559,302.9477,-3.18503843808156,0.0413766567108865,339.708924705941,0.000339708924705941,4.9761922126625e-07,497.61922126625,7.98181230911065e-06,0.00798181230911065,7.98181230911065,393.065489807967,0.00115706553823457,-1.76209878264311,-0.0480624808427686,0.163627747493998,0.181477758592303,106.58780379619,33.4647890488344
"25",2023-07-27 01:00:00,0.7355,29.0303,11.677,0.14,25.123,7.026,35.304503,298.259574444444,6759.89492777778,15816.112,668.4511,195.56915,43,138.75,1.0003,-0.17192,1.9436,-0.0896,-86175.599,302.1803,-3.22928265036507,0.039585886864462,286.452704674244,0.000286452704674244,4.1960737991502e-07,419.60737991502,6.73050237383692e-06,0.00673050237383692,6.73050237383692,336.553181839757,0.00117489964782315,-1.74048915762768,-0.0478439281889903,0.167238710028854,0.185012789925433,123.672002939725,36.1827940648455
"26",2023-07-27 02:00:00,0.7395,28.5226,11.578,0.066,21.964,7.043,35.0982192777778,274.961838888889,8124.48562222222,16601.9008888889,570.460325,183.569925,45.5,122.5,1.0648,-0.09248,2.0629,-0.0449,-86578.16,301.6726,-3.2586948738018,0.0384385337416667,264.392708967088,0.000264392708967088,3.87293015803349e-07,387.293015803349,6.21217997348571e-06,0.00621217997348571,6.21217997348571,313.823579943899,0.00118696003823224,-1.72602117018057,-0.0476886901373123,0.169702247933055,0.187422728756395,106.91723075876,34.4051762611067
"27",2023-07-27 03:00:00,0.7228,27.7789,11.469,0.064,22.569,6.961,35.0079005,254.116168333333,9793.61692777778,17102.004,585.9406,183.8387,47.25,117.75,1.0232,-0.1717,1.9861,-0.0862,-87148.072,300.9289,-3.30198314271473,0.0368100965691952,244.762127637189,0.000244762127637189,3.58537355048061e-07,358.537355048061,5.75093917497089e-06,0.00575093917497089,5.75093917497089,294.86321521705,0.00120469297298365,-1.7045794557754,-0.0476318810659896,0.173390095292426,0.191023579158868,111.928470586495,35.1175264619134
"28",2023-07-27 04:00:00,0.7232,26.8318,11.219,0.065,25.102,6.906,34.8076373888889,239.123072777778,10706.0921111111,17468.3708333333,477.877725,168.67775,48.25,107.5,0.9801,-0.10728,1.9063,-0.0562,-87648.335,299.9818,-3.35746437417639,0.0348234475462328,230.795982995807,0.000230795982995807,3.38079187731578e-07,338.079187731578,5.42279017121451e-06,0.00542279017121451,5.4227901712145,283.572018631821,0.00122866964559333,-1.6768422594275,-0.0471306318810903,0.178356148877166,0.195876253271976,93.6048982951357,33.039965680347
"29",2023-07-27 05:00:00,0.7487,26.5292,11.112,0.06,35.257,6.88,34.6381163333333,252.161923888889,11180.6916111111,17768.2077777778,443.362675,164.390375,49.5,91.25,0.9837,-0.04208,1.9126,-0.022,-87875.194,299.6792,-3.37527483072753,0.0342087166223259,243.535788091633,0.000243535788091633,3.56740963828148e-07,356.740963828148,5.7221250598035e-06,0.0057221250598035,5.7221250598035,301.176224465164,0.00123668158517976,-1.66787752287064,-0.0468624182949899,0.180010527954604,0.197493725092489,87.5613462527207,32.4660675281012
"30",2023-07-27 06:00:00,0.7725,26.4344,11.057,0.057,41.367,6.875,34.647542,276.916533333333,11459.5237777778,18092.5981111111,448.201075,165.152475,50.5,93,0.9877,-0.000140000000000001,1.9199,-2e-04,-88005.303,299.5844,-3.38086299587534,0.0340180858006763,267.496362942774,0.000267496362942774,3.91839372293093e-07,391.839372293093,6.28510353158122e-06,0.00628510353158122,6.28510353158122,331.52644609743,0.00123936805140171,-1.66505872387479,-0.0466881067935167,0.180550126491635,0.198023069064326,88.7541524294301,32.7039999630694
"31",2023-07-27 07:00:00,0.8036,27.1823,11.313,0.105,44.382,6.989,34.9603713888889,280.267722777778,9730.94472777778,18722.3823333333,408.38885,161.2265,51.25,84.75,1.0311,0.1282,2.0007,0.0642,-87683.341,300.3323,-3.33688563636244,0.0355474945707177,270.304907423987,0.000270304907423987,3.95953440590954e-07,395.953440590954,6.35109318707889e-06,0.00635109318707889,6.35109318707889,329.692020156006,0.0012197041603794,-1.68716377581187,-0.0473187294657355,0.176491510083149,0.194054919105786,79.2498652504548,31.286795415209
"32",2023-07-27 08:00:00,0.7869,28.0994,11.449,0.472,62.37,7.172,35.8292813888889,263.801271666667,6689.22669444444,19938.232,384.3527,155.85255,52,88,1.0527,0.11932,2.0405,0.0584,-87321.542,301.2494,-3.28329808828289,0.0375043612072331,253.907573487153,0.000253907573487153,3.71933969946921e-07,371.933969946921,5.9658208779486e-06,0.0059658208779486,5.96582087794861,304.049972051045,0.00119748287880995,-1.71385617302833,-0.0473759219396283,0.171833018745497,0.189509770445798,72.8385919472227,29.5355809738923
"33",2023-07-27 09:00:00,0.7717,28.891,11.482,1.479,77.66,7.38,37.2307023888889,246.758503888889,4251.39727777778,21844.1479444444,404.694425,156.197875,53,76.5,1.0853,0.19239,2.1008,0.0915,-86722.296,302.041,-3.23734141120275,0.0392681556524738,237.068752549608,0.000237068752549608,3.47267791484768e-07,347.267791484768,5.57017537541569e-06,0.00557017537541569,5.57017537541569,279.591452341182,0.00117936864025416,-1.73653314513531,-0.047111499556953,0.168024639827683,0.185796559539422,75.1908318297846,29.0210277823687
"34",2023-07-27 10:00:00,0.7562,29.282,11.482,0.674,52.576,7.381,38.5977321666667,234.482643888889,3608.05117222222,24070.1119444444,376.0993,150.25135,53.5,81.75,1.0892,-0.00642,2.108,-0.0034,-86321.115,302.432,-3.21474277922905,0.0401656652898965,225.064492498158,0.000225064492498158,3.29683471191001e-07,329.683471191001,5.28812287790366e-06,0.00528812287790366,5.28812287790366,263.478851323819,0.00117068156064633,-1.74761117245036,-0.0469277777524733,0.166204063034355,0.184021333302603,69.2102946401757,27.6494537575161
"35",2023-07-27 11:00:00,0.7188,29.5108,11.476,0.936,57.692,7.247,39.8107356666667,222.861981111111,3776.09067777778,26474.5464444444,373.88875,150.375675,54.25,77.75,1.074,-0.08909,2.0798,-0.0434,-86442.712,302.6608,-3.20154965999691,0.0406990867044977,213.791702018734,0.000213791702018734,3.13170636785122e-07,313.170636785122,5.02325701403336e-06,0.00502325701403336,5.02325701403336,249.213237207259,0.00116568246032964,-1.75405616573461,-0.0468001977115612,0.165157392890383,0.183000800505647,68.4219405500558,27.5188689015771
"36",2023-07-27 12:00:00,0.6605,29.6236,11.402,1.231,45.682,7.042,40.7691446666667,207.252351666667,6466.50221666667,28868.4951666667,278.477375,133.555175,55,67.25,1.023,-0.22105,1.9856,-0.1111,-87152.189,302.7736,-3.19505371792024,0.0409643261689277,198.762398733716,0.000198762398733716,2.91155112161097e-07,291.155112161097,4.67012799906399e-06,0.00467012799906399,4.67012799906399,231.303634560312,0.00116371927504353,-1.75722343455211,-0.046449124557056,0.164692931670618,0.182554171028618,50.8372063433507,24.3810542587071
"37",2023-07-27 13:00:00,0.588,29.8718,11.194,0.76,27.753,6.914,41.5149682777778,190.691502222222,9038.83708333333,31147.9928888889,253.6322,127.852233333333,56,71,0.9595,-0.20174,1.8677,-0.1077,-87922.682,303.0218,-3.18077973736996,0.0415532432541461,182.767651843884,0.000182767651843884,2.67725367126995e-07,267.725367126995,4.29431488871699e-06,0.00429431488871699,4.29431488871699,211.960629498076,0.0011597272677067,-1.76416898455915,-0.0454980022889985,0.16370864485806,0.181611891782721,46.0626236590134,23.2194859643125
"38",2023-07-27 14:00:00,0.4782,30.4851,10.932,0.441,12.862,6.845,42.16269,211.682413333333,10566.1486,33039.1455555556,228.4117,122.883625,57,57.25,0.8853,-0.13282,1.7305,-0.0765,-88519.23,303.6351,-3.14562284843342,0.0430401096500608,202.571579052477,0.000202571579052477,2.96734951859231e-07,296.734951859231,4.75962862782206e-06,0.00475962862782206,4.75962862782206,232.601158860544,0.00114824182122946,-1.78119296286292,-0.0441982658935083,0.161154583487721,0.179140355382583,40.91775311154,22.0134162532001
"39",2023-07-27 15:00:00,0.3945,30.7617,10.716,0.163,10.365,6.754,42.5729235555556,332.608174444444,12983.2935,34265.3208333333,231.329075,124.003025,57.5,58.5,0.8244,-0.06537,1.618,-0.0403,-88854.872,303.9117,-3.12981989190049,0.043725673324038,318.064658063782,0.000318064658063782,4.6591383371815e-07,465.91383371815,7.47325789283913e-06,0.00747325789283913,7.47325789283913,363.794449075097,0.00114377514084619,-1.78880663485766,-0.0432282761848976,0.160087472334864,0.17811625797544,41.20346919992,22.086954790635
"40",2023-07-27 16:00:00,0.3564,30.4817,10.536,0.081,8.48,6.707,42.7336397777778,585.382390555556,15930.9298888889,34897.9383888889,201.87765,119.4102,58.5,52.25,0.7771,-0.04995,1.5305,-0.0325,-89055.498,303.6317,-3.14581730440994,0.0430317410572846,560.192367105675,0.000560192367105675,8.20592187031076e-07,820.592187031076,1.31622986799785e-05,0.0131622986799785,13.1622986799785,644.783052396415,0.0011510029237417,-1.78109912705061,-0.0425984267536348,0.161427758238521,0.179442008644155,36.2253310163617,21.4272061406003
"41",2023-07-27 17:00:00,0.3449,29.8262,10.35,0.061,7.786,6.695,42.6321394444444,983.55208,18515.2872777778,34517.7183888889,210.466575,118.647025,59,52.25,0.7394,-0.03304,1.4613,-0.0227,-89209.415,302.9762,-3.18340019542092,0.0414444972688304,942.789258506688,0.000942789258506687,1.38103541743094e-06,1381.03541743094,2.21518080955922e-05,0.0221518080955922,22.1518080955922,1099.8008270061,0.00116653941173249,-1.76289535526826,-0.042084935773166,0.164477698229351,0.182437591046222,38.3970149387491,21.6456774258009
"42",2023-07-27 18:00:00,0.3861,29.2091,10.217,0.057,8.267,6.747,41.3969281111111,1382.27456111111,18521.8539444444,32466.1181111111,251.566825,128.898125,60,57.5,0.7527,-0.00732,1.4854,-0.0048,-89271.903,302.3591,-3.21895113356065,0.0399969891136576,1326.98774053826,0.00132698774053826,1.94382472185007e-06,1943.82472185007,3.11789485384751e-05,0.0311789485384751,31.1789485384751,1567.3572626643,0.00118113921838384,-1.74555186819175,-0.0417874702569815,0.167404985661064,0.185306318140187,46.6169221069669,23.8856369589236
"43",2023-07-27 19:00:00,0.4613,29.1049,10.243,0.056,9.416,6.758,39.9312654444444,1608.92827777778,17541.5204444444,29535.7183333333,368.9148,151.78515,61,77,0.8066,0.00905,1.5851,0.0059,-89261.713,302.2549,-3.22497038112497,0.0397569604575328,1544.96217985916,0.00154496217985916,2.26312239954489e-06,2263.12239954489,3.63004832887001e-05,0.0363004832887001,36.3004832887001,1828.1368289695,0.00118328904927379,-1.74260350990925,-0.0419370816301778,0.16787416609968,0.185761630192356,68.530214650087,28.1958569029913
"44",2023-07-27 20:00:00,0.5258,29.9337,10.731,0.111,32.748,6.796,38.6896189444444,1522.56816111111,14188.5357777778,27855.1722222222,340.651633333333,145.285766666667,61,73.6666666666667,0.8761,0.04311,1.7136,0.0247,-89190.014,303.0837,-3.17722401783531,0.0417012579247434,1459.07515351661,0.00145907515351661,2.13731164787728e-06,2137.31164787728,3.42824788319515e-05,0.0342824788319515,34.2824788319515,1694.80151804137,0.00116155875450049,-1.76589613480633,-0.0435918840837997,0.163737946081852,0.181681502943028,61.8901007239974,26.3957364442301
"45",2023-07-27 21:00:00,0.5573,30.5045,11.109,0.296,41.223,6.947,37.7780627222222,1213.54176666667,9614.02496111111,27317.4343888889,270.290433333333,132.369866666667,62,71.3333333333333,0.9413,0.05145,1.8345,0.0279,-89015.843,303.6545,-3.14451340044976,0.0430878869107205,1161.2528162631,0.0011612528162631,1.70104957537484e-06,1701.04957537484,2.72848351890124e-05,0.0272848351890124,27.2848351890124,1331.52295822605,0.00114662624673831,-1.78172826378474,-0.0449066994353899,0.160954274569628,0.178929122340484,48.3628300133624,23.6848240669935
"46",2023-07-27 22:00:00,0.611,30.7001,11.336,0.936,31.821,7.083,37.1768378333333,939.571412777778,7319.53614444444,26909.3427222222,334.93275,143.929675,62,72.25,1.0096,0.18526,1.9606,0.0946,-88552.898,303.8501,-3.13333643962413,0.0435721799502159,898.632238104146,0.000898632238104146,1.31635244766448e-06,1316.35244766448,2.11142932605382e-05,0.0211142932605382,21.1142932605382,1025.26104919639,0.00114091282921186,-1.78711447990447,-0.0457517279090496,0.159954447435285,0.177932179566744,59.5953142157833,25.6097207770831
"47",2023-07-27 23:00:00,0.6216,30.8241,11.441,0.577,33.228,7.166,36.8007435,702.434331666667,5958.66426666667,26592.5166666667,337.667766666667,145.370633333333,62,71.3333333333333,1.0359,0.0787,2.0095,0.0391,-88123.62,303.9741,-3.12625933092434,0.0438816387459235,671.610362081736,0.000671610362081736,9.8380172279181e-07,983.80172279181,1.57801796335806e-05,0.0157801796335806,15.7801796335806,764.004479896152,0.00113757101294273,-1.79051875748034,-0.0461302844294505,0.159350509316718,0.177332702376317,59.8795375683756,25.7789672551567
"48",2023-07-28,0.6436,30.5743,11.441,0.51,27.353,7.152,36.6061406666667,542.929259444444,5532.53530555556,26298.757,315.7297,140.990033333333,62,69.3333333333333,1.0473,0.00932,2.0305,0.0044,-87854.62,303.7243,-3.1405230112125,0.0432601678545081,519.442048547754,0.000519442048547754,7.60899490394692e-07,760.899490394692,1.22048278259309e-05,0.0122048278259309,12.2048278259309,593.664554395246,0.00114288890561517,-1.7836526226484,-0.0462223517254232,0.160433624835728,0.178391324911931,56.3234394970465,25.1513988457107
"49",2023-07-28 01:00:00,0.6317,29.5181,11.39,0.103,13.834,6.927,36.3350142777778,451.409387777778,8188.81312777778,25938.5212777778,251.8434,130.013775,62,67.25,1.0056,-0.12808,1.9531,-0.0654,-88214.804,302.6681,-3.20112909966706,0.0407162067253959,433.029709827233,0.000433029709827233,6.34319240143325e-07,634.319240143325,1.01744806118989e-05,0.0101744806118989,10.1744806118989,504.963291715259,0.00116611696670126,-1.75426134252635,-0.0464462712257803,0.16518196182931,0.183032438371407,46.0955115897455,23.7967382601214
"50",2023-07-28 02:00:00,0.6385,28.5279,11.254,0.061,15.461,6.889,36.0224490555556,428.793184444444,10564.4382555556,25468.8620555556,324.312525,143.105825,62.5,70.75,0.9684,-0.12024,1.8846,-0.064,-88587.731,301.6779,-3.25838725044054,0.0384503601514409,412.305932072072,0.000412305932072072,6.03962221536454e-07,603.962221536454,9.68755403344473e-06,0.00968755403344473,9.68755403344473,490.287709122796,0.00118913571448953,-1.72617291348379,-0.0463515430239161,0.169903532902763,0.187648328788895,60.8567033215566,26.853568901206
"51",2023-07-28 03:00:00,0.6183,27.3829,10.975,0.056,33.078,6.946,35.5927104444444,450.109677777778,12219.7426111111,24898.4377777778,266.22695,132.7604,63,65.75,0.9008,-0.08286,1.7595,-0.0468,-89001.748,300.5329,-3.32513247240924,0.035967754954956,433.920243184613,0.000433920243184612,6.35623729026548e-07,635.623729026548,1.01954046135858e-05,0.0101954046135858,10.1954046135858,528.286896948663,0.00121747465172742,-1.69304106094571,-0.0457934405012641,0.175725088648574,0.193341279495929,51.4726591492988,25.6680656023914
"52",2023-07-28 04:00:00,0.6067,26.7463,10.73,0.051,21.137,6.932,35.1907328333333,572.210330555556,13690.8921666667,24158.3126111111,293.13635,136.51475,63,62.25,0.8484,-0.05952,1.6628,-0.0357,-89233.158,299.8963,-3.36249259698763,0.0346487869788636,552.383936705031,0.000552383936705031,8.09154085842997e-07,809.154085842997,1.29788315369217e-05,0.0129788315369217,12.9788315369217,681.823858068648,0.00123432962612151,-1.67431432214255,-0.0451252846981524,0.179166523478108,0.196710150008961,57.6628953815794,26.8538369509359
"53",2023-07-28 05:00:00,0.5758,26.329,10.477,0.05,15.018,6.922,34.9802067777778,875.825502777778,16136.9363888889,23280.7372777778,298.59025,143.177925,63,66.25,0.7848,-0.04419,1.5445,-0.0284,-89419.695,299.479,-3.38708072162438,0.0338072268856396,846.21627129314,0.00084621627129314,1.23957144284104e-06,1239.57144284104,1.98827259431703e-05,0.0198827259431703,19.8827259431703,1054.60555495036,0.00124626007644449,-1.66191897159889,-0.0443003798968643,0.181550876820725,0.199050613360403,59.4345724059359,28.4996537909197
"54",2023-07-28 06:00:00,0.5494,26.1179,10.332,0.05,12.225,6.911,35.3408495,1361.84762222222,19928.8306666667,22185.0581666667,384.247633333333,154.292766666667,63,77,0.7351,-0.02374,1.4526,-0.0164,-89536.467,299.2679,-3.39954884843539,0.0333883309484987,1316.37780311004,0.00131637780311004,1.92828286110771e-06,1928.28286110771,3.09296570921677e-05,0.0309296570921677,30.9296570921677,1648.74764147507,0.00125248818202478,-1.65561222662681,-0.0438102466765456,0.182789059136642,0.200266878531205,76.9520741106698,30.8997307602769
"55",2023-07-28 07:00:00,0.5275,26.2179,10.302,0.05,11.397,6.876,36.2099343888889,1891.16450555556,22965.5282222222,21629.9008888889,420.1181,160.1426,63,79.25,0.7133,-0.02184,1.4126,-0.0154,-89613.196,299.3679,-3.39364009032233,0.0335861985179177,1827.64747904193,0.00182764747904193,2.67721113319978e-06,2677.21113319978,4.29424665765244e-05,0.0429424665765244,42.9424665765244,2285.06544372284,0.00125027691057834,-1.65860283567938,-0.0436246440470746,0.182277053077542,0.199772647256132,83.9281049972163,31.9921111404798
"56",2023-07-28 08:00:00,0.5313,26.3288,10.415,0.05,11.299,6.818,37.4463587222222,1846.31999722222,21273.5928666667,7326.50794888889,637.928133333333,191.813633333333,47.3333333333333,111.666666666667,0.7255,-0.01653,1.4353,-0.0116,-89677.898,299.4788,-3.38709252469655,0.0338068278588596,1783.90177490376,0.00178390177490376,2.61313067595002e-06,2613.13067595002,4.19146160422384e-05,0.0419146160422384,41.9146160422384,2224.04598871229,0.00124673119338775,-1.6619130080337,-0.0440383387120776,0.181599539838744,0.199103834052569,127.013937196665,38.1908298202203
"57",2023-07-28 09:00:00,0.5163,26.4289,10.442,0.05,10.902,6.776,38.6617647222222,2131.01602222222,24873.5913888889,1.50157606777778,876.606233333333,221.089,10.6666666666667,148,0.729,-0.01542,1.4416,-0.0107,-89738.681,299.5789,-3.38118732721539,0.0340070544584398,2058.5464443027,0.0020585464443027,3.01544117347237e-06,3015.44117347237,4.83676764224968e-05,0.0483676764224968,48.3676764224968,2561.04890531353,0.00124410547665882,-1.6648950351439,-0.044094447089175,0.181048653090309,0.19856619564077,174.064364827985,43.9008016280221
"58",2023-07-28 10:00:00,0.5025,26.5928,10.447,0.051,10.818,6.755,39.8246628888889,2287.69988888889,25827.2715,-0.01,1104.296775,241.22685,8.25,201.75,0.7404,-0.00937,1.4625,-0.0063,-89775.269,299.7428,-3.3715280616383,0.0343371291989162,2209.14684223576,0.00220914684223576,3.23604666038064e-06,3236.04666038064,5.19061884325054e-05,0.0519061884325054,51.9061884325054,2739.6005349974,0.00124011699114794,-1.66976586351772,-0.0440216752635357,0.180182052077668,0.197723861612689,218.345822719438,47.6963043066648
"59",2023-07-28 11:00:00,0.4612,26.6851,10.451,0.05,10.41,6.75,40.9097160555556,2361.82393333333,26747.6837222222,-0.01,1216.34475,250.447425,7.25,218.75,0.7333,-0.01581,1.4495,-0.0109,-89835.838,299.8351,-3.36609374896261,0.0345242358309153,2280.28376686783,0.00228028376686783,3.34025087305868e-06,3340.25087305868,5.35776240038612e-05,0.0535776240038612,53.5776240038612,2822.69637397695,0.00123787066109503,-1.67250240538486,-0.04398630590068,0.179696006015488,0.197251217035528,239.925482272275,49.4010593846641
"60",2023-07-28 12:00:00,0.431,26.7683,10.442,0.05,10.001,6.749,41.8762413333333,2330.79453888889,27046.2267222222,-0.01,1318.54875,260.4888,7,253.75,0.7282,-0.01628,1.4404,-0.0114,-89886.069,299.9183,-3.36119847368708,0.0346936558075952,2249.93075539845,0.00224993075539845,3.29578856773787e-06,3295.78856773787,5.28644486265155e-05,0.0528644486265155,52.8644486265155,2780.79040232308,0.00123594488214843,-1.67496516598977,-0.0439018030920437,0.179269150375795,0.196837264591443,259.539529180467,51.2739028487076
"61",2023-07-28 13:00:00,0.3502,26.8151,10.446,0.051,10.056,6.745,42.4283183888889,2250.53677777778,27450.1631111111,-0.01,1313.5045,260.153825,7,253,0.6739,-0.02421,1.3396,-0.0181,-89969.465,299.9651,-3.35844623866994,0.0347892724203188,2172.24224072372,0.00217224224072372,3.18198732390173e-06,3181.98732390173,5.10390766753838e-05,0.0510390766753838,51.0390766753838,2682.27674397162,0.00123479632873633,-1.67634881142073,-0.0438925563191976,0.179022932335707,0.196597590336348,258.23181959595,51.1456151117841
"62",2023-07-28 14:00:00,0.2802,26.8853,10.452,0.052,9.346,6.734,42.4395841111111,2162.23282222222,27779.0509444444,-0.01,1077.13136666667,238.196066666667,6.33333333333333,227.666666666667,0.6127,-0.02329,1.2264,-0.0191,-90050.422,300.0353,-3.35431971726156,0.0349331277030565,2086.69926691979,0.00208669926691979,3.05668055415479e-06,3056.68055415479,4.90291560886428e-05,0.0490291560886428,49.0291560886428,2573.05988347809,0.00123307652629611,-1.678422043875,-0.0438788805183583,0.178654603891144,0.196239017663777,211.375201289508,46.7433621340422
"63",2023-07-28 15:00:00,0.2039,26.9234,10.445,0.051,9.113,6.741,42.4732361111111,2072.45520555556,27990.5917777778,-0.01,1057.120375,236.249775,6.25,224.25,0.5445,-0.01956,1.1003,-0.0177,-90129.254,300.0734,-3.35208102890673,0.0350114196914064,1999.89560656221,0.00199989560656221,2.92952708031659e-06,2929.52708031659,4.69896143682781e-05,0.0469896143682781,46.9896143682781,2464.31265766424,0.00123222064670683,-1.67954613732149,-0.0438285187982728,0.178462879723458,0.196053315366682,207.25195426042,46.3175516433827
"64",2023-07-28 16:00:00,0.1481,26.9486,10.447,0.054,8.584,6.742,42.2461196666667,1964.96216111111,27624.5171666667,-0.01,1254.47966666667,255.359266666667,6,241,0.4852,-0.01558,0.9906,-0.0157,-90191.627,300.0986,-3.35060067692195,0.0350632872971783,1896.06412832799,0.00189606412832799,2.77743057773997e-06,2777.43057773997,4.45499864669491e-05,0.0445499864669491,44.5499864669491,2335.20388140226,0.00123160596021693,-1.68028919850228,-0.0438230802937534,0.178331289994253,0.195925207627565,245.784189156225,50.0313173412895
"65",2023-07-28 17:00:00,0.1314,27.0465,10.435,0.055,8.265,6.76,41.6828892222222,1831.94338333333,25954.507,-0.01,1121.56,243.27915,6,234.5,0.4446,-0.01243,0.9153,-0.0136,-90239.99,300.1965,-3.34485230955389,0.0352654243740531,1767.33912249084,0.00176733912249084,2.58886904018949e-06,2588.86904018949,4.15254594046394e-05,0.0415254594046394,41.5254594046394,2172.71086485488,0.00122936839749958,-1.68317265775273,-0.0437194125733372,0.177836254551224,0.195445071167441,219.203374018555,47.5477107853045
"66",2023-07-28 18:00:00,0.1528,27.159,10.266,0.06,9.065,6.839,40.5493158333333,1853.93921666667,26445.4291111111,-0.01,910.1867,222.415825,6,207.5,0.4365,-0.01208,0.9002,-0.0135,-90283.733,300.309,-3.33825194253202,0.0354989589748734,1788.12630447231,0.00178812630447231,2.61931893584322e-06,2619.31893584322,4.20138757309252e-05,0.0420138757309252,42.0138757309252,2195.72798932433,0.00122794904578752,-1.68647970721156,-0.0429517202794539,0.177385237672872,0.195022454110571,177.506843932802,43.3760800245274
"67",2023-07-28 19:00:00,0.2005,27.0429,10.065,0.062,10.037,6.869,39.6422713333333,2001.9133,27394.4078333333,-0.01,1008.1469,232.70315,6,210,0.4632,-0.00727,0.9497,-0.0079,-90320.423,300.1929,-3.34506361422819,0.0352579734123587,1931.32989409475,0.00193132989409475,2.82908928206576e-06,2829.08928206576,4.53785920843348e-05,0.0453785920843347,45.3785920843347,2379.76688424231,0.00123219077772197,-1.68306671875904,-0.0421711096709973,0.178130682194265,0.195766304473273,197.361192979187,45.5554357147898
"68",2023-07-28 20:00:00,0.3229,26.9688,10.034,0.062,9.526,6.882,38.1557091111111,2084.52690555556,26165.9763888889,-0.01,945.2356,225.5708,6,197.5,0.573,0.00159,1.1529,0.0012,-90332.192,300.1188,-3.34941424976171,0.0351049120205877,2011.34977193148,0.00201134977193148,2.94630559991611e-06,2946.30559991611,4.72587418226544e-05,0.0472587418226544,47.2587418226544,2482.38020817697,0.00123418623792776,-1.6808845776546,-0.0420800042808941,0.17853607775057,0.196163402567116,185.420631523569,44.2487356477864
"69",2023-07-28 21:00:00,0.4173,27.0103,10.083,0.06,14.647,6.957,36.3628716666667,2037.99356666667,23264.612,-0.01,698.580475,197.22715,5,163.5,0.6656,0.00613,1.3243,0.0038,-90274.831,300.1603,-3.34697735796971,0.0351905632106076,1966.27542523607,0.00196627542523607,2.88027889390281e-06,2880.27889390281,4.6199673458201e-05,0.046199673458201,46.199673458201,2424.09043056403,0.0012328336099064,-1.68210706190499,-0.0422636353932242,0.178285211843381,0.195914855106985,136.862292540194,38.6397285154136
"70",2023-07-28 22:00:00,0.4762,27.5467,10.358,0.06,35.532,7.03,35.5534173333333,1900.27562222222,19938.2278333333,-0.01,725.737175,201.506925,5,151.75,0.7232,0.02555,1.431,0.0175,-90265.954,300.6967,-3.31554865389973,0.0363141204880931,1831.26878431626,0.00183126878431626,2.68251576601783e-06,2682.51576601783,4.3027552886926e-05,0.043027552886926,43.027552886926,2230.75512945725,0.00121814730233069,-1.69782402036547,-0.0431347045470641,0.175352205475587,0.193036168860447,140.093523861604,38.8981248008494
"71",2023-07-28 23:00:00,0.5343,29.3666,10.961,0.182,72.736,7.143,35.2069836111111,1614.33353333333,14453.8381111111,-0.01,653.013825,193.397325,5,141.25,0.8816,0.06008,1.7239,0.035,-90075.838,302.5166,-3.20986190574101,0.0403621880298518,1549.17549971804,0.00154917549971804,2.26929423900697e-06,2269.29423900697,3.63994795936718e-05,0.0363994795936718,36.3994795936718,1816.30800647589,0.00117243527722099,-1.74999746182908,-0.0447616554024152,0.166167474407599,0.184032287711418,120.175628121933,35.5913521570186
"72",2023-07-29,0.5411,29.702,11.087,0.331,76.214,7.085,34.9482402777778,1309.99526666667,11128.6231111111,3.59781693333333,599.5295,184.836675,5,125.5,0.9158,0.06789,1.7873,0.0376,-89913.944,302.852,-3.19054205458502,0.0411495609597174,1256.08953658403,0.00125608953658402,1.83997019676974e-06,1839.97019676974,2.95131219561867e-05,0.0295131219561867,29.5131219561867,1462.3080676181,0.00116417502497067,-1.75942085366878,-0.0451330210308496,0.164547849163426,0.182440582884283,109.378511436323,33.7217107253929
"73",2023-07-29 01:00:00,0.5703,29.8704,11.141,0.409,72.881,7.089,34.7595968333333,1050.86607888889,9745.89303888889,257.448381055556,579.98205,183.185175,5,119.5,0.9582,-0.012,1.8658,-0.0069,-89706.503,303.0204,-3.18086017666025,0.0415499008752154,1007.20269747793,0.00100720269747793,1.47539079937357e-06,1475.39079937357,2.36652684219521e-05,0.0236652684219521,23.6652684219521,1168.4778744273,0.00116012186757761,-1.764129898143,-0.0452831560468637,0.163750221107994,0.181657175545425,105.357901070045,33.2769014922944
"74",2023-07-29 02:00:00,0.5612,29.3885,11.126,0.093,92.383,7.013,34.5075997222222,845.82287,9448.85598333333,519.619370555556,496.6607,169.734675,5,107.5,0.9411,0.01368,1.834,0.0075,-89769.704,302.5385,-3.20859892377728,0.0404131969497087,811.640463770122,0.000811640463770122,1.18892341694903e-06,1188.92341694903,1.90703316078624e-05,0.0190703316078624,19.0703316078624,950.271285532315,0.00117080324102897,-1.75061457342922,-0.0454258809125861,0.165954694206809,0.183809936859919,91.291171907803,31.1989198946888
"75",2023-07-29 03:00:00,0.5478,28.4029,11.106,0.062,69.483,7.018,34.1941308888889,686.687616111111,9618.84173333333,587.494611111111,507.6864,173.18205,5,106.5,0.9022,-0.06454,1.762,-0.0362,-89899.783,301.5529,-3.26564579715537,0.038172276880134,660.475186298759,0.000660475186298759,9.67490471897874e-07,967.490471897874,1.55185471692419e-05,0.0155185471692419,15.5185471692419,787.95945469126,0.00119301901273068,-1.722590070286,-0.0458034467814217,0.170606845779176,0.188347022165708,95.6212216340287,32.6183234100528
"76",2023-07-29 04:00:00,0.5696,27.5881,11.051,0.06,53.988,7.005,33.8414382777778,575.118702222222,10460.8198333333,601.104682222222,444.1599,164.1133,5,93.25,0.8771,-0.03432,1.7156,-0.0202,-90014.026,300.7381,-3.31312825066537,0.0364021217581717,554.183161198527,0.000554183161198527,8.11789661850051e-07,811.789661850051,1.30211061760748e-05,0.0130211061760748,13.0211061760748,671.744776707488,0.00121213494696358,-1.699030606859,-0.0459981479443213,0.174639967156703,0.192278571871753,85.4024312547008,31.5554709491606
"77",2023-07-29 05:00:00,0.5392,26.557,10.807,0.06,29.119,6.96,33.5776489444444,518.006283333333,12060.7523888889,563.520688333333,467.5661,166.9755,5,92.3333333333333,0.8033,-0.04771,1.5789,-0.0297,-90218.621,299.707,-3.37363686954739,0.0342647950862241,500.25690418154,0.00050025690418154,7.32796323521287e-07,732.796323521287,1.17540530292814e-05,0.0117540530292814,11.7540530292814,619.462735226386,0.00123828922709198,-1.66870320140289,-0.0455597268823854,0.180096415778208,0.197606284033093,92.3939995608458,32.9954080795678
"78",2023-07-29 06:00:00,0.564,26.0823,10.622,0.059,16.913,6.921,33.5131202777778,566.299652222222,15274.567,463.963688888889,410.514775,158.068875,5,81,0.7825,-0.01203,1.5408,-0.0079,-90289.025,299.2323,-3.40165345023726,0.0333181357001909,547.431603562511,0.000547431603562511,8.01899710162509e-07,801.899710162509,1.28624713510066e-05,0.0128624713510066,12.8624713510066,684.92659510264,0.00125116378127488,-1.65454624484653,-0.0450614915837387,0.18275519820067,0.200205961173503,82.1875051047995,31.6463310509894
"79",2023-07-29 07:00:00,0.5295,25.9314,10.519,0.059,13.752,6.871,33.8384407222222,645.721133888889,18316.0305555556,436.071318333333,432.278566666667,162.938766666667,5,83.6666666666667,0.7404,-0.02618,1.4628,-0.0179,-90375.741,299.0814,-3.41058068604902,0.0330220205605122,624.398117329253,0.000624398117329253,9.14643338188583e-07,914.643338188583,1.46708791445449e-05,0.0146708791445449,14.6708791445449,784.015292009772,0.00125563365783877,-1.65002006631399,-0.0447158916844376,0.183647713336304,0.201082244962183,86.9235446343682,32.7640929927027
"80",2023-07-29 08:00:00,0.5365,26.2662,10.691,0.06,15.951,6.911,34.7372835555556,668.785518333333,18526.6025555556,528.310941666667,446.709375,163.8068,5,87.25,0.7574,-0.00126,1.4941,-7e-04,-90410.641,299.4162,-3.3907877674492,0.0336821339535438,646.25939491864,0.00064625939491864,9.4666661205262e-07,946.66661205262,1.5184532457324e-05,0.015184532457324,15.184532457324,805.350823354091,0.00124617271282452,-1.66004533532847,-0.0452428325857057,0.181720012752521,0.199194273045255,88.9819492156253,32.6293764458695
"81",2023-07-29 09:00:00,0.5567,26.3343,10.719,0.057,16.035,6.899,35.7659291666667,650.437894444444,18475.5846111111,665.25849,442.4505,164.12775,5.5,87,0.7855,0.00331,1.546,0.0021,-90410.565,299.4843,-3.38676794674388,0.033817802590699,628.441514132612,0.000628441514132612,9.20566267562016e-07,920.566267562016,1.47658829316947e-05,0.0147658829316947,14.7658829316947,781.978332851707,0.00124431361593132,-1.66207699809395,-0.0453204696170516,0.181337114731865,0.198819765218716,87.9679045309037,32.6318407208762
"82",2023-07-29 10:00:00,0.5751,26.3738,10.701,0.06,15.428,6.892,37.1342327777778,625.342744444444,19004.2087777778,944.374758333333,458.7221,167.05505,6.25,92.25,0.8249,0.02242,1.6191,0.0139,-90375.93,299.5238,-3.38443728515664,0.0338967123636045,604.145681307344,0.000604145681307344,8.8497675980625e-07,884.97675980625,1.41950272272922e-05,0.0141950272272922,14.1950272272922,751.251510001606,0.00124349396717681,-1.66325425824337,-0.0452208301533208,0.181141807358481,0.19863182309676,91.1168070177743,33.1824491390204
"83",2023-07-29 11:00:00,0.5642,26.717,10.735,0.064,17.925,6.903,38.9743051666667,592.605619444444,19697.3588333333,1833.38748333333,479.8346,165.717175,8.5,96.75,0.8699,0.0369,1.7022,0.0217,-90251.125,299.867,-3.36421646930738,0.0345891083486508,572.107919465461,0.000572107919465461,8.38046564749786e-07,838.046564749786,1.34422668985866e-05,0.0134422668985866,13.4422668985866,706.549049515051,0.00123499260449882,-1.67344710693896,-0.0451631837218209,0.179315170804226,0.196854117970166,94.4574169545673,32.6221083171326
"84",2023-07-29 12:00:00,0.4757,28.4547,10.869,0.092,24.275,6.963,40.3956453888889,535.953805,19061.8148888889,4055.36658888889,466.298366666667,164.024433333333,12.3333333333333,91.6666666666667,0.8874,-0.01036,1.7347,-0.006,-90201.165,301.6047,-3.26263702430662,0.0382873015439505,515.433580054337,0.000515433580054337,7.55027725406796e-07,755.027725406796,1.2110644715525e-05,0.012110644715525,12.110644715525,615.185343694656,0.00119352981160017,-1.72407581235223,-0.0448009698767111,0.170524417353292,0.188288360748725,87.7985550794747,30.8838916750719
"85",2023-07-29 13:00:00,0.4305,29.5804,10.967,0.166,32.927,6.993,41.3864656666667,456.097043333333,18006.6457777778,7723.23532222222,502.748125,170.242525,19.5,96.75,0.8766,-0.01552,1.7148,-0.0091,-90242.666,302.7304,-3.19754087401448,0.0408625680930807,437.459746843072,0.000437459746843072,6.40808535565606e-07,640.808535565606,1.02785689104723e-05,0.0102785689104723,10.2785689104723,510.810786320819,0.00116767494611124,-1.75601122966608,-0.0446951040211528,0.165182173273076,0.18307034738359,92.0382738901986,31.1663581912095
"86",2023-07-29 14:00:00,0.2965,31.3346,11.005,0.313,37.791,6.984,42.0248250555556,385.278565,17323.7474444444,12445.45105,471.935225,164.98455,26.25,96.5,0.8315,-0.04941,1.6309,-0.0302,-90384.171,304.4846,-3.0971925271762,0.0451758559728825,367.873276038121,0.000367873276038121,5.38875489671681e-07,538.875489671681,8.64356285433377e-06,0.00864356285433377,8.64356285433377,415.586991427852,0.00112970149912381,-1.80445006661031,-0.0442028769117531,0.157449116379387,0.175511005751899,82.8298259894985,28.9566043040244
"87",2023-07-29 15:00:00,0.2061,31.6734,10.922,0.08,30.205,6.858,42.4203525,349.34189,16961.0771666667,17911.1910555556,399.915425,155.7088,34,81.5,0.7735,-0.02762,1.5238,-0.018,-90526.823,304.8234,-3.07796322796048,0.0460529620563599,333.253661195133,0.000333253661195133,4.88163293065078e-07,488.163293065078,7.83013922076386e-06,0.00783013922076386,7.83013922076386,374.297283405675,0.0011231603039659,-1.81362153630038,-0.0437663741576321,0.15607979275856,0.17417819183584,69.6565456137615,27.1210772369284
"88",2023-07-29 16:00:00,0.1646,28.6308,9.035,0.069,25.383,6.877,39.6757081111111,381.80252,16894.6008333333,21436.1056666667,340.9653,143.748225,41,80.75,0.6601,-0.07136,1.3141,-0.0568,-90669.795,301.7808,-3.25241715170964,0.0386805991864089,367.034169755519,0.000367034169755519,5.37646333224675e-07,537.646333224675,8.62384718492378e-06,0.00862384718492378,8.62384718492378,441.399982252767,0.0012026127772975,-1.72911605647815,-0.0371716160409484,0.170966495825904,0.188886713833198,64.4038150481506,27.1521298396052
"89",2023-07-29 17:00:00,0.3034,25.5226,7.607,0.061,15.787,6.802,35.5205213888889,479.085877777778,17600.2405,18609.8708888889,253.2678,127.1457,45,60.25,0.5856,-0.02578,1.176,-0.0231,-90875.918,298.6726,-3.43481680460186,0.032231315478623,463.644309709769,0.000463644309709769,6.79164730635258e-07,679.164730635258,1.08938022793895e-05,0.0108938022793895,10.8938022793895,597.29148112198,0.00128825366474544,-1.63769526711182,-0.0325207585374206,0.188206403836328,0.205792040894915,52.1204974549652,26.1655730940126
"90",2023-07-29 18:00:00,0.364,25.7387,7.993,0.06,13.399,6.807,34.2327899444444,562.381732777778,19577.5706111111,15980.0742222222,263.935975,130.09805,45,54.25,0.6284,-0.04868,1.2553,-0.0389,-91000.784,298.8887,-3.42199570892641,0.0326472167113586,544.021534473272,0.000544021534473272,7.96904504557828e-07,796.904504557828,1.27823482531076e-05,0.0127823482531076,12.7823482531076,696.233728207305,0.00127979075108011,-1.64422189323642,-0.0340680313005363,0.186692962270312,0.204284886663455,53.9181307392834,26.5770653993865
"91",2023-07-29 19:00:00,0.3872,25.5604,7.965,0.06,11.739,6.805,34.064027,622.155552222222,21016.5443888889,15034.5866111111,289.479725,135.841675,44.5,58.75,0.6186,-0.02056,1.2373,-0.0165,-91111.171,298.7104,-3.43257262938639,0.0323037294216204,602.057607605077,0.000602057607605077,8.81918065924221e-07,881.918065924221,1.41459657774245e-05,0.0141459657774245,14.1459657774245,773.346062315509,0.00128450509145097,-1.63883876000071,-0.0340331633043145,0.187707210086765,0.205272179417542,59.4221340479408,27.8845166829795
"92",2023-07-29 20:00:00,0.4141,25.5234,7.981,0.06,12.072,6.807,33.7406468888889,656.03397,21353.3897222222,14804.0208333333,281.087825,134.246675,45.25,56,0.6276,-0.01262,1.2539,-0.0109,-91202.037,298.6734,-3.43476930214183,0.0322328465817473,634.888127692575,0.000634888127692575,9.30009524969192e-07,930.009524969192,1.49173527805058e-05,0.0149173527805058,14.9173527805058,816.032402970204,0.00128531684146619,-1.63771947620365,-0.0341192653718897,0.187901245966622,0.205458919996658,57.7520009487097,27.5821768586424
"93",2023-07-29 21:00:00,0.5482,26.7181,9.287,0.058,21.579,6.929,33.309325,594.76958,18429.8110555556,14798.7840555556,279.631475,135.331075,46.25,60.5,0.7878,-0.01146,1.5504,-0.0075,-91160.702,299.8681,-3.36415174362877,0.0345913472245934,574.195698939594,0.000574195698939594,8.41104827634675e-07,841.104827634675,1.34913214352602e-05,0.0134913214352602,13.4913214352602,715.321186296022,0.00124577942262029,-1.67347967295981,-0.0390707588742304,0.180405094481264,0.198051374381904,55.3813979441891,26.8025054003306
"94",2023-07-29 22:00:00,0.5317,26.5313,9.249,0.059,20.796,6.934,32.8670704444444,530.006470555556,16378.1927222222,14870.1367222222,234.471433333333,125.2232,47,46.3333333333333,0.7545,0.02549,1.4883,0.0156,-91244.97,299.6813,-3.37515108777921,0.0342129499716526,511.873385693786,0.000511873385693786,7.49812610299686e-07,749.812610299686,1.2026994269207e-05,0.012026994269207,12.026994269207,640.145727475367,0.00125059388779849,-1.66793990901188,-0.0390045622126695,0.181419278416228,0.199040692662776,46.6693565003005,24.9245124654493
"95",2023-07-29 23:00:00,0.6497,27.6508,9.979,0.081,37.493,7.045,32.4981632222222,410.587533333333,13307.5322777778,14927.8055,217.49485,121.28905,48,50.25,0.9216,0.09072,1.7978,0.0511,-90952.934,300.8008,-3.30946401103758,0.0365357525319249,395.586408822773,0.000395586408822773,5.79470795099951e-07,579.470795099951,9.29471155340322e-06,0.00929471155340322,9.29471155340322,482.013443961396,0.00121847827228398,-1.70085621323647,-0.0415055455070669,0.175106352909028,0.192832257148519,41.9400228436785,23.3884412788995
"96",2023-07-30,0.6654,28.1809,10.237,0.326,47.632,7.126,32.3721656666667,313.394517222222,11178.6172777778,15050.3724444444,239.220625,126.586125,49,48.75,0.9779,0.11842,1.9021,0.062,-90637.793,301.3309,-3.27855387664418,0.0376827125660833,301.584961709951,0.000301584961709951,4.41773715311204e-07,441.773715311204,7.08605039359172e-06,0.00708605039359172,7.08605039359172,363.202177718819,0.00120431130139748,-1.71620636127205,-0.0423222639765181,0.172298192616885,0.190074206295513,45.4696704263916,24.0607572373996
"97",2023-07-30 01:00:00,0.6898,28.2583,10.378,0.497,68.251,7.163,32.3887325,241.403857777778,9592.10061666667,15461.4714444444,251.6116,128.66465,49.75,47.5,1.0155,0.1034,1.9712,0.0522,-90261.951,301.4083,-3.27405103446185,0.0378527744655952,232.266051994191,0.000232266051994191,3.40232603603171e-07,340.232603603171,5.45733096179486e-06,0.00545733096179486,5.45733096179486,279.072521949366,0.00120152092633987,-1.7184350259747,-0.0428685606228823,0.171820734562078,0.189596176127062,47.704597229212,24.3943256427268
"98",2023-07-30 02:00:00,0.7459,28.4694,10.495,0.971,61.155,7.238,32.3776824444444,182.594676666667,8382.42378333333,15990.2704444444,200.00205,117.6828,50.25,44.25,1.0762,0.29476,2.0839,0.1411,-89341.888,301.6194,-3.26178339766885,0.0383199985576301,175.597648920169,0.000175597648920169,2.5722246004422e-07,257.22246004422,4.1258482591093e-06,0.0041258482591093,4.1258482591093,209.990335100406,0.00119586074410297,-1.72449718093325,-0.0432525442756459,0.170716716440622,0.188509879490355,37.702362343324,22.1843704460876
"99",2023-07-30 03:00:00,0.6862,27.2102,10.346,0.275,44.236,7.031,32.0179298888889,140.942745,8020.78731111111,16302.0503333333,215.135733333333,123.733733333333,51,41.6666666666667,0.9833,-0.32848,1.9121,-0.1697,-89745.603,300.3602,-3.33524990462012,0.0356056883170414,135.924381550982,0.000135924381550982,1.9910747107114e-07,199.10747107114,3.19368383598109e-06,0.00319368383598109,3.19368383598109,166.663449518882,0.00122614830111529,-1.68798250944681,-0.0432593129483623,0.177064390859866,0.19470289530129,41.8875501627663,24.0913161264378
"100",2023-07-30 04:00:00,0.7323,26.0325,10.087,0.072,40.406,6.94,31.5474000555556,115.871167222222,8720.80685,16339.2595555556,205.8065,119.440975,51.5,40.25,0.9666,-0.07608,1.8811,-0.0412,-90221.486,299.1825,-3.40459848358575,0.0332201570265165,112.021908852254,0.000112021908852254,1.64094172963136e-07,164.094172963136,2.6320705343287e-06,0.0026320705343287,2.6320705343287,140.748209244835,0.00125643466253077,-1.65305389991786,-0.0428206457463876,0.18343873330866,0.2009213209889,41.3509138481021,23.9982384772022
"101",2023-07-30 05:00:00,0.6741,24.6894,9.472,0.06,26.961,6.888,30.9473646666667,101.146470333333,9428.65767222222,16137.6299444444,130.769415,101.166055,52,36,0.8435,-0.10883,1.6533,-0.0648,-90677.112,297.8394,-3.48444810800225,0.0306706817812561,98.0442391284424,9.80442391284424e-05,1.43619123244908e-07,143.619123244908,2.30365073684832e-06,0.00230365073684832,2.30365073684832,126.957546511315,0.00129490062485971,-1.61228868694524,-0.0409864419882912,0.191421949293544,0.208724138841002,27.2947335326166,21.1157977098164
"102",2023-07-30 06:00:00,0.6569,24.2083,9.034,0.054,19.215,6.876,30.7605543888889,110.263348888889,10738.1353333333,15955.6172222222,165.0949425,109.453595,52.75,31.25,0.7855,-0.05475,1.546,-0.0357,-90910.16,297.3583,-3.51324980474995,0.029799914101707,106.977510563433,0.000106977510563433,1.5670493657374e-07,156.70493657374,2.51354718264279e-06,0.00251354718264279,2.51354718264279,140.231926640517,0.00131085427116352,-1.59744222582887,-0.0393778713439689,0.194597861758116,0.211844368867027,34.9744338970506,23.1871277530022
"103",2023-07-30 07:00:00,0.5572,24.168,8.746,0.052,17.638,6.857,30.9677313888889,151.768952777778,12554.1024444444,15959.3938333333,165.411233333333,111.1312,53,34.6666666666667,0.6747,-0.05121,1.3413,-0.0381,-91118.814,297.318,-3.51566722518214,0.0297279621852898,147.257171088699,0.000147257171088699,2.1570819449757e-07,215.70819449757,3.45995943974102e-06,0.00345995943974102,3.45995943974102,193.528195352179,0.0013142191576912,-1.59619269780709,-0.0381462687847607,0.195081283932694,0.212341853107452,35.1237278107892,23.5978049460549
"104",2023-07-30 08:00:00,0.5065,24.4801,8.668,0.057,16.839,6.856,31.4698061111111,237.774807222222,15100.6902777778,16310.8567777778,166.261,111.9884,54,34.5,0.6337,-0.03438,1.2652,-0.0272,-91265.86,297.6301,-3.49696513354642,0.0302891687631793,230.572805958636,0.000230572805958636,3.37752269080448e-07,337.752269080448,5.41754639605039e-06,0.00541754639605039,5.41754639605039,301.285662000517,0.0013066834171874,-1.60584574938389,-0.0376257861273675,0.193307801215117,0.210632327316256,35.019941371928,23.5883773244238
"105",2023-07-30 09:00:00,0.4596,24.7225,8.689,0.057,17.979,6.86,32.0694522777778,321.896391111111,16561.8178888889,17031.2948333333,183.480133333333,114.471766666667,55,36.6666666666667,0.5971,-0.03515,1.1975,-0.0294,-91394.602,297.8725,-3.48247041813699,0.0307313988971622,312.004064712319,0.000312004064712319,4.57036034153193e-07,457.036034153193,7.33085798781721e-06,0.00733085798781721,7.33085798781721,405.678232464456,0.00130023380573105,-1.61330537006002,-0.037579737247002,0.191879999048516,0.209246842454984,38.3926385532195,23.9528557252437
"106",2023-07-30 10:00:00,0.4452,24.8491,8.729,0.058,17.765,6.851,32.9518370555556,348.547617222222,16767.136,18022.0473888889,219.79875,123.97185,55,41.75,0.6046,-0.01808,1.2117,-0.0148,-91486.285,297.9991,-3.47491080839557,0.030964596608478,337.75498085609,0.00033775498085609,4.94757006157235e-07,494.757006157235,7.93590237876204e-06,0.00793590237876204,7.93590237876204,437.952101884028,0.00129665623516187,-1.61718830904064,-0.0376818484382702,0.191116869190626,0.208503221722952,45.8287475056778,25.8485301279546
"107",2023-07-30 11:00:00,0.4348,25.0912,8.763,0.06,17.52,6.83,33.9165225555556,358.112237777778,16976.6437222222,19306.6172222222,198.283275,117.46745,55.25,40.25,0.6304,-0.01387,1.259,-0.0111,-91547.239,298.2412,-3.46047470468487,0.0314148468419376,346.862196675765,0.000346862196675765,5.08097620178528e-07,508.097620178528,8.14988582766359e-06,0.00814988582766359,8.14988582766359,447.518031234978,0.00129018969355517,-1.62458886410077,-0.0376946449327681,0.189705291377344,0.207131370114328,41.0706864215062,24.3311938623364
"108",2023-07-30 12:00:00,0.4324,25.528,8.766,0.06,17.561,6.811,34.8636806111111,365.685142777778,17668.9354444444,20755.0397222222,207.97415,118.4573,56,44.25,0.6793,-0.00663,1.3496,-0.0049,-91574.841,298.678,-3.43449616861003,0.0322416516553077,353.894849788815,0.000353894849788815,5.18399331764648e-07,518.399331764648,8.31512528150496e-06,0.00831512528150495,8.31512528150495,452.667255588688,0.00127910099810386,-1.63785867161273,-0.0374727630904484,0.187246109337755,0.204745720098049,42.5818171035296,24.2536251893706
"109",2023-07-30 13:00:00,0.3842,25.9025,8.781,0.06,17.384,6.787,35.5721722222222,387.592645,18819.5185,21916.7726111111,192.285525,114.323325,56,42,0.7026,-0.01079,1.3925,-0.0078,-91614.279,299.0525,-3.4122915772542,0.0329655717791803,374.81543184017,0.00037481543184017,5.49044637176755e-07,549.044637176755,8.80667598031515e-06,0.00880667598031515,8.80667598031515,475.872019416967,0.00126961693407514,-1.64915179453932,-0.037342444501104,0.185167540568393,0.202726765241915,38.9814224860935,23.1763978689502
"110",2023-07-30 14:00:00,0.3656,26.2968,8.752,0.06,17.254,6.79,36.0239308888889,389.723213333333,18989.1296111111,22888.1227777778,181.7591,113.3486,56.5,43.5,0.7227,-0.01497,1.4297,-0.0105,-91648.404,299.4468,-3.38898124717519,0.0337430364049591,376.572768757969,0.000376572768757969,5.51618854587423e-07,551.618854587423,8.84796642758227e-06,0.00884796642758227,8.84796642758227,474.515312137462,0.00126008928819397,-1.66095855540649,-0.037022236756183,0.183052772725702,0.200675698421522,36.4746343369672,22.7463094701017
"111",2023-07-30 15:00:00,0.3226,26.4861,8.749,0.06,17.286,6.787,36.3807292222222,391.358450555556,19075.5189444444,23654.1341666667,246.6878,127.009725,57,51,0.7032,-0.01703,1.394,-0.0123,-91714.471,299.6361,-3.3778149431395,0.034121932904406,378.004543764127,0.000378004543764127,5.53716175887443e-07,553.716175887443,8.88160746123459e-06,0.00888160746123459,8.88160746123459,474.574134351281,0.00125547203646159,-1.66659658933036,-0.0369176674790935,0.182042653984919,0.199694493405421,49.2621952502977,25.3631426914368
"112",2023-07-30 16:00:00,0.3108,26.7815,8.721,0.06,16.263,6.763,36.2379250555556,399.442971111111,19303.6348888889,24017.2312222222,177.207,113.177325,57,40.25,0.6747,-0.0171,1.3411,-0.0126,-91772.755,299.9315,-3.36042210335686,0.0347206013908512,385.574070932785,0.000385574070932785,5.64804322065181e-07,564.804322065181,9.0594613259255e-06,0.0090594613259255,9.0594613259255,481.386902604145,0.00124849397014578,-1.67535554573455,-0.0366599720775024,0.180501621510469,0.198199238850695,35.1222925190151,22.4316596701577
"113",2023-07-30 17:00:00,0.3107,26.765,8.721,0.06,14.154,6.734,36.1897047222222,422.722539444444,20657.6593888889,24058.8290555556,182.988,112.635275,58,35.75,0.6266,-0.02313,1.252,-0.0184,-91854.761,299.915,-3.36139257841534,0.0346869222585606,408.059595581794,0.000408059595581794,5.97742017992035e-07,597.742017992035,9.58778196859224e-06,0.00958778196859224,9.58778196859224,509.623144550129,0.0012488939117423,-1.67486755622303,-0.0366676582299078,0.180588337869017,0.198283548789992,36.283510025983,22.3337220459366
"114",2023-07-30 18:00:00,0.3315,26.182,8.722,0.065,13.197,6.761,35.8735467222222,463.876601666667,22226.9435,23731.1289444444,183.266566666667,113.779333333333,57.3333333333333,44.6666666666667,0.5892,-0.003,1.183,-0.0025,-91896.881,299.332,-3.39576081796511,0.033515046812411,448.329755646626,0.000448329755646626,6.56731359261404e-07,656.731359261404,1.05339710025529e-05,0.0105339710025529,10.5339710025529,566.305429939599,0.00126314486782796,-1.6575298383784,-0.0369517019954659,0.183694442495394,0.201301939817065,36.8919153736135,22.9040005110925
"115",2023-07-30 19:00:00,0.3429,25.404,8.821,0.069,13.234,6.804,34.5339162777778,536.629125555556,22500.6116666667,22507.1979444444,202.131,118.37195,57.5,49,0.5545,-0.00207,1.1187,-0.0019,-91904.611,298.554,-3.44186224575853,0.0320050297219117,519.454294442506,0.000519454294442506,7.60917428671161e-07,760.917428671161,1.22051155558854e-05,0.0122051155558854,12.2051155558854,665.836196631635,0.00128179938784841,-1.6341023514229,-0.037774022517097,0.187894174931502,0.205369055473181,41.5114525518496,24.3099355660187
"116",2023-07-30 20:00:00,0.4051,25.0705,8.888,0.069,13.083,6.822,32.8111431111111,609.123366111111,22022.4958888889,20624.4171111111,NA,NA,NA,NA,0.5743,0.00207,1.1554,0.0018,-91903.035,298.2205,-3.46170797706236,0.0313761276600461,590.011433615292,0.000590011433615292,8.64272348417024e-07,864.272348417024,1.38629284686091e-05,0.0138629284686091,13.8629284686091,760.960141397504,0.00128973795767774,-1.62395737827016,-0.0382438496741112,0.189720901177544,0.207134036279033,NA,NA
"117",2023-07-30 21:00:00,0.4858,24.9942,8.891,0.068,12.953,6.824,31.4487935,657.650941111111,22063.8120555556,18918.1081111111,NA,NA,NA,NA,0.6529,0.00765,1.3008,0.0058,-91889.476,298.1442,-3.4662554879213,0.0312337683159533,637.110023983678,0.000637110023983678,9.33264247532251e-07,933.264247532251,1.49695585304173e-05,0.0149695585304173,14.9695585304173,822.930912204501,0.00129166216387389,-1.6216276691851,-0.0382993711215237,0.190152853089286,0.207552517891351,NA,NA
"118",2023-07-30 22:00:00,0.5942,25.0066,8.897,0.064,12.467,6.824,30.772701,671.068402222222,22197.6405555556,17753.1196111111,NA,NA,NA,NA,0.7727,0.052,1.5224,0.0336,-91796.652,298.1566,-3.46551626290801,0.031256865634516,650.092907342393,0.000650092907342393,9.52282094391431e-07,952.282094391431,1.52746047940385e-05,0.0152746047940385,15.2746047940385,839.463814688594,0.00129129822092716,-1.62200650552744,-0.0383182680637462,0.190077238008771,0.207478612564839,NA,NA
"119",2023-07-30 23:00:00,0.6359,27.5962,8.663,0.21,21.031,6.981,30.4087425555556,638.659722777778,21074.9104444444,17183.5402777778,NA,NA,NA,NA,0.9115,0.12862,1.7793,0.0719,-91462.734,300.7462,-3.31265478220196,0.0364193610954641,615.400143716805,0.000615400143716805,9.01462746522124e-07,901.462746522124,1.44594624542149e-05,0.0144594624542149,14.4594624542149,756.581220341895,0.00122941346060208,-1.69926656998339,-0.0360550144236329,0.176343481852904,0.194159370536444,NA,NA
"120",2023-07-31,0.673,29.8047,9.972,0.934,38.289,7.242,30.5243057777778,470.801388333333,15569.5696666667,17207.0031111111,NA,NA,NA,NA,1.0269,0.32119,1.9928,0.16,-90714.496,302.9547,-3.18463603016011,0.0413933103556905,451.313360350162,0.000451313360350162,6.61101862775331e-07,661.101862775331,1.06040738789163e-05,0.0106040738789163,10.6040738789163,527.868757583268,0.00116962803222512,-1.7622944715737,-0.0405558505741715,0.164828403973837,0.182813617709583,NA,NA
"121",2023-07-31 01:00:00,0.7137,30.4526,11.551,1.681,39.989,7.419,31.375546,331.027186666667,12086.0689444444,17851.2938888889,NA,NA,NA,NA,1.1231,0.49119,2.1709,0.2264,-89155.655,303.6026,-3.14748182183272,0.0429601735545129,316.806201276205,0.000316806201276205,4.64070395877435e-07,464.070395877435,7.44368914987406e-06,0.00744368914987406,7.44368914987406,362.663406150731,0.00114474844460051,-1.78029575655993,-0.0467134541087729,0.160894049113349,0.17883160034904,NA,NA
"122",2023-07-31 02:00:00,0.7651,30.2058,11.593,2.287,38.698,7.477,31.6250200555556,248.324009444444,9913.14073888889,18429.1693888889,NA,NA,NA,NA,1.1756,0.42555,2.2676,0.188,-87422.341,303.3558,-3.16161339213285,0.0423573483138143,237.805662881723,0.000237805662881723,3.48347247215663e-07,348.347247215663,5.58748984533924e-06,0.00558748984533924,5.58748984533924,273.420292462291,0.0011497635890962,-1.77346453605742,-0.0469811931702644,0.161953547413857,0.17986288829789,NA,NA
"123",2023-07-31 03:00:00,0.7875,29.4346,10.918,1.798,41.809,7.438,31.3434906666667,190.88679,8193.51373888889,18692.3013888889,NA,NA,NA,NA,1.1786,0.2449,2.2734,0.1071,-86483.581,302.5846,-3.2059409983986,0.0405207550878205,183.15191313291,0.00018315191313291,2.68288248433612e-07,268.288248433612,4.30334350487513e-06,0.00430334350487513,4.30334350487513,214.513081993777,0.00117123036458871,-1.75191278028735,-0.0445569325524565,0.165883472031493,0.183759048256491,NA,NA
"124",2023-07-31 04:00:00,0.8153,28.906,10.724,1.309,36.693,7.367,31.0767123888889,148.373287777778,7380.89771666667,18676.6572222222,NA,NA,NA,NA,1.1805,-0.0634,2.2767,-0.0289,-85794.947,302.056,-3.23647322701288,0.0393022624473674,142.541881881357,0.000142541881881357,2.08801050255087e-07,208.801050255087,3.34916884609159e-06,0.00334916884609159,3.34916884609159,168.82153030219,0.00118436439924868,-1.73695962822852,-0.043994623045453,0.168477300857876,0.186306350312746,NA,NA
"125",2023-07-31 05:00:00,0.8281,28.0425,10.386,0.613,29.692,7.156,31.243123,116.862216666667,7078.97348333333,18892.0143888889,NA,NA,NA,NA,1.1538,-0.18845,2.2274,-0.0846,-86417.374,301.1925,-3.28661203715443,0.0373802793869942,112.493874357883,0.000112493874357883,1.64785526914402e-07,164.785526914402,2.643159851707e-06,0.002643159851707,2.643159851707,135.715511969142,0.00120642579646055,-1.71221325627914,-0.0430046564207732,0.172869567712749,0.19061694041121,NA,NA
"126",2023-07-31 06:00:00,0.8286,26.6991,9.919,0.43,19.929,6.963,31.353493,95.4132231666667,7371.6836,19074.2231111111,NA,NA,NA,NA,1.0836,-0.53419,2.098,-0.2557,-87705.591,299.8491,-3.36526980853373,0.0345526934663829,92.1164393139493,9.21164393139493e-05,1.34935844964645e-07,134.935844964645,2.16437095323291e-06,0.00216437095323291,2.16437095323291,114.363063898116,0.00124150547665381,-1.67291707626269,-0.0417397390181941,0.180025492110951,0.197622118932915,NA,NA
"127",2023-07-31 07:00:00,0.8333,25.4607,9.616,0.214,19.283,6.887,31.6266003333333,68.4705775555556,7109.18553888889,12705.1671777778,234.388,123.4975,29,48,1.0175,-0.43976,1.9754,-0.2224,-89576.761,298.6107,-3.43849318471219,0.0321130384615595,66.2717792650288,6.62717792650288e-05,9.70775531385848e-08,97.0775531385848,1.5571239523429e-06,0.0015571239523429,1.5571239523429,84.4443723680142,0.00127421314629733,-1.63582101510123,-0.0411453669534547,0.186940221930255,0.2043651859006,47.9007471928699,25.2385895457594
"128",2023-07-31 08:00:00,0.7916,25.0469,9.196,0.316,17.306,6.854,32.0068741111111,57.4486931666667,7911.85785555556,3059.53075555556,194.51075,114.7091425,14.25,39.75,0.951,-0.32605,1.8522,-0.1753,-90957.888,298.1969,-3.46311426411451,0.031332034829288,55.6487087114716,5.56487087114716e-05,8.1516454468912e-08,81.516454468912,1.30752392968135e-06,0.00130752392968135,1.30752392968135,71.6714875923199,0.0012879272359027,-1.62323713270052,-0.0395827332432804,0.189603568915612,0.206989553284173,40.2616932514694,23.7435941636855
"129",2023-07-31 09:00:00,0.7718,25.2209,8.903,0.232,19.869,6.819,32.608209,54.7371115555556,8442.48380555556,2190.8504,178.831175,110.658135,9,38,0.9277,-0.16266,1.8089,-0.0898,-91774.923,298.3709,-3.45275181586902,0.0316583994631054,53.0042222124732,5.30042222124732e-05,7.76427048657193e-08,77.6427048657193,1.24538898604614e-06,0.00124538898604614,1.24538898604614,68.1525684305468,0.00128579508548111,-1.62854014485659,-0.0382251018164752,0.188856984397143,0.206294813860009,36.8919439589917,22.8281993619208
"130",2023-07-31 10:00:00,0.768,25.6985,8.726,0.35,18.815,6.814,33.3450018888889,61.4507452777778,9077.47735,1937.06472777778,181.651,111.84115,7.5,36.25,0.9387,-0.10329,1.8293,-0.0564,-92293.25,298.8485,-3.42437915729626,0.0325694964146718,59.4493254497743,5.94493254497743e-05,8.70837498918474e-08,87.0837498918474,1.39682334826523e-06,0.00139682334826523,1.39682334826523,75.8056779726879,0.00127513100273496,-1.6430097300038,-0.0372129831172004,0.186332472731369,0.203863005590557,37.0319188285303,22.8002729877043
"131",2023-07-31 11:00:00,0.7943,26.2372,8.648,0.213,16.547,6.823,34.3318837222222,66.6003093333333,9517.55355555556,1835.29147222222,200.9154,117.75725,7,42.5,0.9912,0.05012,1.9266,0.0259,-92351.105,299.3872,-3.39250021671899,0.033624504366409,64.3609069413505,6.43609069413505e-05,9.42784309239678e-08,94.2784309239678,1.51222603202044e-06,0.00151222603202044,1.51222603202044,81.2458529584087,0.00126234785709973,-1.65917939166214,-0.0366112415346545,0.183454126751241,0.201075662956247,40.3991972531196,23.6781171116546
"132",2023-07-31 12:00:00,0.7554,28.0587,8.578,0.799,17.72,6.975,35.2982851111111,69.7626983888889,9386.58533888889,1855.58667222222,235.990466666667,123.902166666667,6.66666666666667,50,1.0316,0.10469,2.0017,0.0523,-92074.23,301.2087,-3.28566837760439,0.0374155702929326,67.1524872434948,6.71524872434948e-05,9.83676494137609e-08,98.3676494137609,1.57781709659672e-06,0.00157781709659672,1.57781709659672,81.8694406673422,0.00121915723494327,-1.71268118792494,-0.0355119204945539,0.174088217970265,0.191971026249826,45.3033320711754,23.785626089577
"133",2023-07-31 13:00:00,0.7125,29.9416,8.384,2.506,38.718,7.264,36.1253263333333,72.1634028333333,7806.00510555556,1892.00778888889,244.774325,126.7109,6.25,45.5,1.077,0.21668,2.0853,0.1038,-91487.301,303.0916,-3.17677033747278,0.0417201812586067,69.1527325868888,6.91527325868888e-05,1.01297688802578e-07,101.297688802578,1.62481492839335e-06,0.00162481492839335,1.62481492839335,81.4367424612787,0.00117763592868807,-1.76611641811467,-0.0340554036775081,0.165270488710265,0.183386772308168,44.8883734056605,23.237102967263
"134",2023-07-31 14:00:00,0.7044,29.9865,10.628,1.514,68.962,7.377,36.5881902777778,77.3859197777778,6271.83994444444,1839.68314444444,201.7134,116.655525,6,42.25,1.0911,0.06098,2.1114,0.0288,-90933.599,303.1365,-3.17419233671039,0.0418278746737791,74.1490312237978,7.41490312237978e-05,1.08616466897868e-07,108.616466897868,1.7422081290418e-06,0.0017422081290418,1.7422081290418,86.0954935194608,0.00116111420605896,-1.76736778670413,-0.0431531564939927,0.163568904495814,0.18152555452204,36.6161367895262,21.1759588636848
"135",2023-07-31 15:00:00,0.6883,30.0327,10.313,1.056,43.879,7.252,36.8236187222222,80.166959,5227.89936666667,1807.21924444444,229.870433333333,123.3648,6,47.3333333333333,1.0136,-0.08737,1.9682,-0.0465,-90951.108,303.1827,-3.17154060259095,0.0419389382655097,76.8048418555654,7.68048418555654e-05,1.12506804543706e-07,112.506804543706,1.80460914488105e-06,0.00180460914488105,1.80460914488105,89.2680441141491,0.00116227104903128,-1.76865428378467,-0.0418570303379883,0.163570479520723,0.181554968410717,41.7341192623912,22.3974923669945
"136",2023-07-31 16:00:00,0.66,29.338,9.278,0.902,22.525,6.994,36.7450295,69.0247301111111,5530.78698333333,1766.61106111111,202.785925,118.24925,6,45,1.024,-0.27412,1.9873,-0.1377,-91709.399,302.488,-3.21151159307429,0.0402956579322303,66.2433331976893,6.62433331976893e-05,9.70358842013031e-08,97.0358842013031,1.5564555825889e-06,0.0015564555825889,1.5564555825889,78.4884788170491,0.00118485098844312,-1.74919117228788,-0.0378992326292863,0.167446663562645,0.185431471234624,37.602892418424,21.9271323998908
"137",2023-07-31 17:00:00,0.6479,27.9144,8.811,0.177,12.943,6.817,36.6413106666667,53.1390791111111,7025.33897777778,1668.69258333333,189.69995,116.1011,6,43.75,0.9507,-0.20526,1.852,-0.1107,-92574.224,301.0644,-3.29407800844196,0.0371022385113941,51.1675003236548,5.11675003236548e-05,7.49522011741025e-08,74.9522011741025,1.2022333068326e-06,0.0012022333068326,1.2022333068326,62.4670384235136,0.00122083428012673,-1.70850817006976,-0.0365360957726104,0.174637258330361,0.192484207932913,36.5142446206631,22.3476282736399
"138",2023-07-31 18:00:00,0.6193,27.0158,8.505,0.11,10.901,6.744,35.8951657222222,47.7795746666667,8211.59735555556,1577.74278333333,192.76205,115.407575,6,40.25,0.8733,-0.12562,1.7083,-0.0732,-93164.318,300.1658,-3.34665445393255,0.0352019282202241,46.0976415088578,4.60976415088578e-05,6.75256691878353e-08,67.5256691878353,1.08311173377288e-06,0.00108311173377288,1.08311173377288,57.3662335602645,0.00124445051162198,-1.68226900767562,-0.0356468944213485,0.179439728448847,0.197187148605641,38.0101989988781,22.7568906417417
"139",2023-07-31 19:00:00,0.5873,26.3096,8.36,0.067,10.576,6.681,34.3841294444444,61.9867748888889,9357.79761666667,1514.99872777778,232.841225,123.53405,5.5,46.75,0.8017,-0.09304,1.5759,-0.0589,-93564.202,299.4596,-3.38822570310095,0.0337685403893734,59.8935719774464,5.98935719774464e-05,8.77344999754427e-08,87.7344999754427,1.4072613796061e-06,0.0014072613796061,1.4072613796061,75.6310863225666,0.00126275798596628,-1.66134040376965,-0.0353580321819154,0.18328766215954,0.200941790207692,46.787532585652,24.8231531586065
"140",2023-07-31 20:00:00,0.5662,25.5314,8.261,0.06,10.729,6.691,32.5928080555556,90.7798202222222,10408.8926555556,1311.84677222222,147.1647075,105.2118825,5,36.75,0.7448,-0.06069,1.4709,-0.0414,-93801.592,298.6814,-3.4342942934504,0.0322481611008397,87.8523379549907,8.78523379549907e-05,1.28689618729989e-07,128.689618729989,2.06418148442902e-06,0.00206418148442902,2.06418148442902,112.708891491269,0.00128293559528277,-1.63796154765469,-0.0353123079086261,0.187631779663893,0.20516976984991,30.1937491678044,21.5862977180008
"141",2023-07-31 21:00:00,0.5928,24.8918,8.207,0.06,10.846,6.718,31.1757548888889,127.211831666667,11388.2315555556,1000.21686333333,146.7850275,103.06425,5,32.75,0.7339,-0.03564,1.4507,-0.0246,-93967.007,298.0418,-3.47236272790685,0.0310435974996806,123.26271876721,0.00012326271876721,1.80560160958959e-07,180.560160958959,2.89618498178171e-06,0.00289618498178171,2.89618498178171,160.201946146784,0.00129967883029854,-1.61849594125346,-0.035406129561036,0.191301976468521,0.208735073806464,30.6391835488964,21.5131238305579
"142",2023-07-31 22:00:00,0.6562,24.4624,8.145,0.06,11.405,6.727,30.2411557777778,159.488907777778,11850.5250555556,792.656046111111,145.205556666667,105.588246666667,5,30,0.7786,0.00506,1.533,0.003,-94056.338,297.6124,-3.49802458576755,0.0302570958292634,154.663236611441,0.000154663236611441,2.26556895517903e-07,226.556895517903,3.63397260410717e-06,0.00363397260410717,3.63397260410717,202.812791772485,0.00131131868319819,-1.60529976116715,-0.0353650565933328,0.193851123772006,0.211211781762708,30.6691243454126,22.301481711667
"143",2023-07-31 23:00:00,0.7578,24.565,8.163,0.057,11.954,6.728,29.5460928333333,188.61078,12241.1607222222,696.64126,112.314945,96.680475,5,27.25,0.8857,0.03484,1.7312,0.0201,-93974.149,297.715,-3.4918853438748,0.0304434228256054,182.868822274993,0.000182868822274993,2.678735656213e-07,267.8735656213,4.29669199256566e-06,0.00429669199256566,4.29669199256566,239.283351689428,0.00130849725345527,-1.60846220308298,-0.0353882564361221,0.193234566124476,0.210612589616505,23.6549414190853,20.3621252051038
"144",2023-08-01,0.8158,25.8352,7.885,1.385,18.267,6.965,29.0785025555556,197.460665555556,11381.9953722222,694.432345,161.015366666667,111.214066666667,5,31.6666666666667,0.9816,0.20236,1.9089,0.1049,-93595.698,298.9852,-3.41627722083963,0.0328344442482364,190.977154341152,0.000190977154341152,2.79750974765093e-07,279.750974765093,4.48720563523209e-06,0.00448720563523209,4.48720563523209,244.107437672522,0.00127820229867108,-1.64712805055388,-0.0335630143264527,0.186245224023083,0.203860756191054,32.8247144070465,22.6721837297489
"145",2023-08-01 01:00:00,0.8203,28.8131,9.964,0.659,43.477,7.111,28.9402949444444,161.327240555556,8194.77316111111,894.21259,183.820575,113.921125,5,36,1.0754,0.36795,2.0827,0.1764,-92522.028,301.9631,-3.24185176062174,0.0390914413724458,155.0207261896,0.0001550207261896,2.27080560551573e-07,227.080560551573,3.64237219124723e-06,0.00364237219124723,3.64237219124723,184.759021172035,0.0011918343160518,-1.73431635457114,-0.0409157795726412,0.169444111170096,0.187317843989262,34.4328737898665,21.3394595198312
"146",2023-08-01 02:00:00,0.807,29.6715,10.971,0.746,48.674,7.22,29.1076981666667,118.976330555556,6362.99980555556,1147.20856666667,231.491133333333,127.569266666667,5,42.3333333333333,1.1508,0.53309,2.2217,0.2395,-90914.838,302.8215,-3.1922969134764,0.0410774126111473,114.089090734365,0.000114089090734365,1.67122263671327e-07,167.122263671327,2.68064110928808e-06,0.00268064110928808,2.68064110928808,132.987377731364,0.00116564499616357,-1.75856637460302,-0.044673416418811,0.164764220940403,0.182662085050354,42.2846530853361,23.3020682376779
"147",2023-08-01 03:00:00,0.8741,28.8932,10.656,1.876,42.259,7.341,29.1352643333333,88.1339778333333,5125.48633888889,1339.88160555556,208.943533333333,120.354466666667,5,39.6666666666667,1.2029,0.44339,2.3182,0.1913,-88986.171,302.0432,-3.23721407137707,0.0392731563709055,84.6726783402949,8.46726783402949e-05,1.24031926139998e-07,124.031926139998,1.98947209528556e-06,0.00198947209528556,1.98947209528556,100.348252694827,0.00118513143391464,-1.73659570346422,-0.0437213761797244,0.168584684021406,0.186417197264559,38.950667870554,22.4361423542708
"148",2023-08-01 04:00:00,0.9,28.6019,10.599,1.027,44.095,7.31,29.27648,70.6439255555556,4497.12242222222,1411.08286111111,213.07395,121.37005,5,40.25,1.1945,0.11428,2.3027,0.0494,-88092.828,301.7519,-3.25409341683896,0.0386158145607641,67.9159528264578,6.79159528264578e-05,9.94860043383084e-08,99.4860043383084,1.59575550958647e-06,0.00159575550958647,1.59575550958647,80.9632911326796,0.00119211006785933,-1.72829002929809,-0.0436195063203038,0.170008042263516,0.18780981061064,40.0173781955609,22.7944861043039
"149",2023-08-01 05:00:00,0.901,27.3083,10.067,1.275,30.408,7.176,29.253621,59.9256802777778,4590.33116111111,1435.03592222222,242.976566666667,127.762333333333,5,45,1.1541,-0.40384,2.2278,-0.1831,-88484.365,300.4583,-3.32950120471528,0.0358109642013386,57.7796838866094,5.77796838866094e-05,8.46379921444609e-08,84.6379921444609,1.35759339399715e-06,0.00135759339399715,1.35759339399715,70.8312015855036,0.00122588420048312,-1.69085793469706,-0.0420425826227651,0.176770938494666,0.194443696392135,47.2452617593368,24.8425803530175
"150",2023-08-01 06:00:00,0.9126,25.4441,9.824,0.624,49.712,6.962,29.2100518333333,49.7580845,5459.04139444444,1436.94748333333,286.077425,136.13605,5,47.75,1.0695,-0.59065,2.0715,-0.2849,-90507.233,298.5941,-3.43947939064374,0.0320813840043522,48.1617762838345,4.81617762838345e-05,7.05492963716121e-08,70.5492963716121,1.13161071380066e-06,0.00113161071380066,1.13161071380066,61.3110313206382,0.00127302263436694,-1.63531802799561,-0.0420452404858241,0.186866042614913,0.204272735914924,58.4378182882466,27.808883390151
"151",2023-08-01 07:00:00,0.8991,24.5136,9.947,0.43,15.968,6.91,29.3582026111111,41.3097681111111,6265.55906111111,1402.19814444444,194.778025,117.9229,5,42,0.9958,-0.4843,1.935,-0.25,-92440.184,297.6636,-3.49496034745419,0.0303499529761385,40.0560185914837,4.00560185914837e-05,5.8675658273549e-08,58.675658273549,9.41157558707726e-07,0.000941157558707726,0.941157558707726,51.8994802131521,0.00129567246167063,-1.60687863657088,-0.0431557345570542,0.192043307762216,0.209278060935051,40.7627673847589,24.6786758518379
"152",2023-08-01 08:00:00,0.847,23.7802,9.529,0.72,13.712,6.899,29.9418335,34.3472460555556,6376.83053888889,1340.77920555556,226.02395,124.163875,5,44.25,0.9076,-0.30476,1.7718,-0.1714,-93868.399,296.9302,-3.53896774776677,0.0290432926927784,33.3496889351732,3.33496889351732e-05,4.88519583397991e-08,48.8519583397991,7.83585411770377e-07,0.000783585411770377,0.783585411770377,43.9594568383555,0.00131813693746308,-1.58412196401051,-0.0418146176439466,0.196727337678697,0.213854247565086,48.3361817589385,26.5529720628903
"153",2023-08-01 09:00:00,0.7812,23.7274,9.257,1.021,11.498,6.892,30.7364463888889,31.9499067777778,6325.04,1258.85322777778,229.25865,122.934875,5,46,0.8336,-0.19023,1.6353,-0.1161,-94718.714,296.8774,-3.54214552363189,0.0289511461073213,31.024920358539,3.1024920358539e-05,4.54465443380023e-08,45.4465443380023,7.28962571181557e-07,0.000728962571181557,0.728962571181557,41.0066652550317,0.00132173313520675,-1.58247193917975,-0.0406551194247524,0.197280824821828,0.214417786355335,49.1571322358125,26.3594237633698
"154",2023-08-01 10:00:00,0.7159,24.1409,9.128,1.071,11.571,6.884,31.6057908333333,38.0386021111111,6702.46525555556,1289.24864444444,189.5937,113.56515,5,40.5,0.7785,-0.13329,1.5332,-0.087,-95288.3,297.2909,-3.51729325409599,0.0296796629383602,36.9096292218069,3.69096292218069e-05,5.40667012692717e-08,54.0667012692717,8.67229888359118e-07,0.000867229888359118,0.867229888359118,48.4205183339382,0.00131186683136146,-1.59535193099273,-0.039829098784086,0.194917082309191,0.212143784825457,40.2211250970622,24.0921407452707
"155",2023-08-01 11:00:00,0.6748,24.7548,9.023,1.247,11.963,6.881,32.3716569444444,45.0070053333333,6807.73479444444,1320.94191666667,227.176325,122.187725,5,46.25,0.7664,-0.09839,1.5108,-0.0652,-95694.947,297.9048,-3.48054100881232,0.0307907495816035,43.6212059026968,4.36212059026968e-05,6.38980872545063e-08,63.8980872545063,1.02492531956228e-06,0.00102492531956228,1.02492531956228,56.5662982373534,0.00129676145046362,-1.61429689089591,-0.0390055107311664,0.191416728772573,0.208764277143136,47.4263012726592,25.5084320853893
"156",2023-08-01 12:00:00,0.6858,25.4579,8.884,1.202,11.15,6.869,33.0527993888889,48.9567636111111,6662.26752222222,1361.16226111111,184.8922,114.56265,5,41.5,0.7975,-0.06136,1.568,-0.0393,-95987.621,298.6079,-3.43865952396232,0.0321076972471173,47.3848746668869,4.73848746668869e-05,6.94112598070426e-08,69.4112598070426,1.11335660730496e-06,0.00111335660730496,1.11335660730496,60.6503059475308,0.00127995075166705,-1.63573618459686,-0.0380147581062,0.187542284305048,0.205021444911343,37.906865996837,23.4878000358725
"157",2023-08-01 13:00:00,0.7045,26.0576,8.783,1.867,9.892,6.857,33.6431352777778,51.9518603333333,6647.27558333333,1446.16296666667,169.078825,111.2216025,5,39.75,0.84,-0.04594,1.6471,-0.0281,-96183.805,299.2076,-3.40311400014414,0.0332695084206341,50.2234474785059,5.02234474785059e-05,7.35693148044146e-08,73.5693148044146,1.18005180946281e-06,0.00118005180946281,1.18005180946281,63.5704913878104,0.00126575324035684,-1.65380623606685,-0.0372723514378703,0.184320610831942,0.201904183040672,34.1377220311017,22.4561067892368
"158",2023-08-01 14:00:00,0.721,26.4815,8.725,1.399,9.65,6.851,34.1261179444444,52.253241,6603.58363888889,1546.38107777778,182.9449,112.921375,5.5,36.5,0.879,-0.03892,1.719,-0.0227,-96308.909,299.6315,-3.37808609470762,0.0341126819431513,50.4707428092682,5.04707428092682e-05,7.39315628967284e-08,73.9315628967284,1.18586226886352e-06,0.00118586226886352,1.18586226886352,63.3794502261549,0.00125576614684807,-1.6664598172045,-0.0368186025384294,0.182085591453341,0.19973852789878,36.5411450125895,22.5547492108061
"159",2023-08-01 15:00:00,0.7269,26.7138,8.684,0.978,9.031,6.827,34.4912807222222,52.2369278888889,6745.95954444444,1679.67957222222,166.851325,108.1236475,6,35.75,0.9035,-0.01382,1.764,-0.0078,-96406.538,299.8638,-3.3644047652617,0.0345825959726998,50.4304393168524,5.04304393168524e-05,7.38725247288981e-08,73.8725247288981,1.18491529665152e-06,0.00118491529665152,1.18491529665152,63.0589630394837,0.00125041470773806,-1.67335236567344,-0.0365359212708564,0.180885998816114,0.198576470700331,33.1327472501739,21.4708123197967
"160",2023-08-01 16:00:00,0.7164,26.4687,8.615,0.642,8.54,6.806,34.4540241666667,50.474949,7008.84052777778,1799.31971666667,186.984686666667,112.397983333333,6.33333333333333,38,0.8891,-0.0729,1.7377,-0.042,-96561.222,299.6187,-3.3788406532509,0.0340869516365584,48.7544118545793,4.87544118545793e-05,7.14174126610619e-08,71.4174126610619,1.14553529908343e-06,0.00114553529908343,1.14553529908343,61.2800257168066,0.00125691241850251,-1.66607917301958,-0.0363604815103837,0.182238382582219,0.199897592090013,37.3777886223722,22.4680862241067
"161",2023-08-01 17:00:00,0.681,25.8107,8.581,0.216,7.617,6.73,33.9660426666667,53.1510556666667,7697.48279444444,1889.44636666667,136.83786,101.82395,7,29.6666666666667,0.8316,-0.05556,1.6313,-0.0341,-96806.513,298.9607,-3.41772866745866,0.0327868213750328,51.4084014986292,5.14084014986292e-05,7.5305082851252e-08,75.3050828512521,1.20789352893408e-06,0.00120789352893408,1.20789352893408,65.4656880528883,0.00127344337004203,-1.64639070406051,-0.0365378919085454,0.185828960419254,0.203388453550109,27.8312407325064,20.7098157248637
"162",2023-08-01 18:00:00,0.6369,25.1744,8.68,0.065,7.214,6.662,33.1548166666667,77.850632,9314.08810555555,2019.66145,159.89975,108.38415,7.5,29.75,0.7587,-0.05084,1.4965,-0.034,-96997.021,298.3244,-3.45551974575439,0.0315708923966063,75.3928180741202,7.53928180741202e-05,1.10438415627694e-07,110.438415627694,1.77143218666822e-06,0.00177143218666822,1.77143218666822,97.160211099715,0.00128871971603707,-1.62712460757898,-0.037292642766297,0.189300940903143,0.206747536570989,33.058879410817,22.4081560158405
"163",2023-08-01 19:00:00,0.587,24.5139,8.721,0.06,7.705,6.733,31.8340808333333,133.767275555556,10924.2848333333,1910.61989444444,152.0581175,104.22916,8.75,32.25,0.6758,-0.03344,1.343,-0.0247,-97152.714,297.6639,-3.49494239646199,0.0303504977927921,129.707372154059,0.000129707372154059,1.90000547026152e-07,190.000547026152,3.04760877429947e-06,0.00304760877429947,3.04760877429947,169.317749454424,0.00130538262122309,-1.60688788346776,-0.0378364786835967,0.193065771694187,0.210392497012635,31.9918870318657,21.9290332339295
"164",2023-08-01 20:00:00,0.5613,23.9216,8.678,0.06,8.068,6.794,30.2627272777778,210.879459444444,11776.8821666667,1734.22080555556,185.034,113.624725,9.75,33.5,0.6171,-0.02875,1.2346,-0.0234,-97258.498,297.0716,-3.5304638855947,0.0292913259739602,204.702520456645,0.000204702520456645,2.99856440065711e-07,299.856440065711,4.80969729865401e-06,0.00480969729865401,4.80969729865401,270.466543954544,0.00132126631050362,-1.58853302668368,-0.0379954004582167,0.196610939939772,0.213829494802899,39.5657267413596,24.2963175438684
"165",2023-08-01 21:00:00,0.5351,23.4129,8.64,0.059,8.271,6.851,29.2856687222222,291.457348333333,11904.2403888889,1757.32335,130.79561,99.86353,11,28,0.5536,-0.01651,1.1173,-0.0146,-97347.426,296.5629,-3.56110037794371,0.0284075495288412,283.177759275009,0.000283177759275009,4.14810108896405e-07,414.810108896405,6.65355414669833e-06,0.00665355414669833,6.65355414669833,378.089071727598,0.00133516513689345,-1.57261098049398,-0.0381375058087322,0.199738056911654,0.21685849312863,28.36413889244,21.6562546343057
"166",2023-08-01 22:00:00,0.5681,22.9609,8.605,0.056,7.883,6.858,28.5508325555556,351.358012222222,11822.9194444444,1839.28595,141.665775,103.1849475,11.75,26.75,0.5567,-0.01428,1.1231,-0.0129,-97396.857,296.1109,-3.58842241472477,0.0276419045425125,341.645807588129,0.000341645807588129,5.00456444787394e-07,500.456444787394,8.0273213743898e-06,0.0080273213743898,8.0273213743898,460.444240641405,0.00134772395976974,-1.55834043184192,-0.0382660913747018,0.20258281294551,0.219611858194496,31.1114840903134,22.6606380581765
"167",2023-08-01 23:00:00,0.6454,22.5381,8.59,0.057,7.629,6.868,27.8742096666667,376.521763888889,11777.1414444444,1942.32297777778,120.0102175,97.127155,13,26.5,0.6208,-0.00072,1.2414,-7e-04,-97425.41,295.6881,-3.61406525178491,0.0269420985475042,366.377477420914,0.000366377477420914,5.36684384025252e-07,536.684384025252,8.60841751976504e-06,0.00860841751976505,8.60841751976504,498.089199004123,0.00135949732093354,-1.54488626983819,-0.0384722941389804,0.205284478055016,0.222222871226723,26.6690151093935,21.583875258183
"168",2023-08-02,0.7531,22.2437,8.619,0.056,7.524,6.879,27.4318347222222,385.586181666667,11655.0843333333,2094.79442222222,191.298,116.491675,14,35.25,0.737,0.01554,1.4567,0.0104,-97400.663,295.3937,-3.63196983549004,0.0264640043050504,375.382027295072,0.000375382027295072,5.49874608862913e-07,549.874608862913,8.81998872616113e-06,0.00881998872616113,8.81998872616113,513.32070609955,0.00136746212864382,-1.53545747440948,-0.0387977605202858,0.207161782100877,0.224031796863891,42.8568346764686,26.0978392699344
"169",2023-08-02 01:00:00,0.8554,22.3303,8.519,0.11,9.55,6.902,27.6220979444444,402.640848888889,11508.5830555556,2333.22387222222,234.8372,127.6882,15,42.5,0.8576,0.07037,1.6793,0.041,-97274.992,295.4803,-3.62669886240146,0.0266038636316566,391.929046652515,0.000391929046652514,5.74113344698469e-07,574.113344698469,9.20877804896345e-06,0.00920877804896345,9.20877804896345,535.328888571178,0.00136588214918861,-1.53823619797196,-0.0382903395699641,0.206691788954433,0.223589060251849,52.5070288601756,28.5496846432502
"170",2023-08-02 02:00:00,0.8867,25.0487,8.193,1.687,32.725,7.21,27.7026112222222,421.064998333333,9316.15328333333,2615.91185555556,NA,NA,NA,NA,0.9663,0.15885,1.8803,0.0843,-96835.351,298.1987,-3.46300699602147,0.0313353959371465,407.870759895284,0.000407870759895284,5.97465403925008e-07,597.465403925008,9.58334507895713e-06,0.00958334507895713,9.58334507895713,528.500391185124,0.00129575454568209,-1.62329207759773,-0.0352645526258325,0.190413619113866,0.207875137038441,NA,NA
"171",2023-08-02 03:00:00,0.8709,27.4533,9.873,1.465,57.985,7.263,27.8288664444444,354.292569444444,6172.40400555556,2929.36800555556,NA,NA,NA,NA,1.0519,0.32923,2.039,0.1611,-95981.953,300.6033,-3.32101196352621,0.0361162661679559,341.49684470506,0.00034149684470506,5.0023823799776e-07,500.23823799776,8.02382133748407e-06,0.00802382133748407,8.02382133748407,417.954654263033,0.00122389023718215,-1.69509851672637,-0.0411606142207124,0.176178229109803,0.193885253738104,NA,NA
"172",2023-08-02 04:00:00,0.8823,28.0664,10.736,1.16,51.712,7.243,28.2755664444444,278.634323888889,5211.28611111111,3331.15627222222,252.978166666667,130.347033333333,18,48.3333333333333,1.1068,0.34632,2.1407,0.1619,-94650.05,301.2164,-3.2852198885714,0.0374323545291879,268.204385093079,0.000268204385093079,3.92876511459747e-07,392.876511459746,6.30173924381433e-06,0.00630173924381433,6.30173924381433,322.744980490693,0.00120335459980897,-1.71290355052938,-0.0444419489693892,0.172502163683131,0.190226910989725,48.1232551928439,24.7955135076748
"173",2023-08-02 05:00:00,0.9011,27.8228,10.794,0.73,60.52,7.217,28.4777575555556,221.240609444444,4875.04082777778,3788.33425,345.0349,146.9264,19.75,58.25,1.1148,0.11269,2.1551,0.0521,-93811.772,300.9728,-3.29942110879469,0.0369045261985204,213.075829577025,0.000213075829577025,3.1212199819761e-07,312.12199819761,5.00643685108966e-06,0.00500643685108966,5.00643685108966,257.513722313695,0.00120855435750213,-1.70585338241592,-0.0448058585694289,0.173659422297404,0.191348206389281,66.0218092567049,28.114103111234
"174",2023-08-02 06:00:00,0.9045,26.2555,10.372,0.491,49.889,7.124,28.5726127777778,179.431030555556,5117.7651,4287.11965555556,308.2223,141.1821,20.75,57.5,1.0742,-0.23376,2.0804,-0.1126,-94097.856,299.4055,-3.39141955826553,0.0336608606117192,173.391227646608,0.000173391227646608,2.53990405905857e-07,253.990405905857,4.07400611072995e-06,0.00407400611072995,4.07400611072995,216.536909145224,0.00124883428120454,-1.65972588564526,-0.0438991037640927,0.182022497044587,0.199518714035816,61.4961169331615,28.168471036876
"175",2023-08-02 07:00:00,0.9162,25.0064,10.092,0.345,31.862,7.017,29.1836954444444,147.258123888889,5876.96418333333,4951.43217777778,358.3279,150.581025,22.25,68.5,1.026,-0.19592,1.9915,-0.0982,-94932.475,298.1564,-3.46552818533768,0.031256492978959,142.655351373461,0.000142655351373461,2.08967264905901e-07,208.967264905901,3.35183492909065e-06,0.00335183492909065,3.35183492909065,182.878244498724,0.00128195852968714,-1.62200039594289,-0.0434651109165828,0.189102608928252,0.206414618739358,73.9641168621747,31.0821248647567
"176",2023-08-02 08:00:00,0.9093,23.8456,9.695,0.439,18.625,6.963,30.3614612222222,120.300387777778,6361.46512222222,5774.57750555556,359.08375,149.9893,23.5,68.75,0.9607,-0.19071,1.8696,-0.1017,-95621.779,296.9956,-3.5350334180588,0.0291577836557534,116.79269509725,0.00011679269509725,1.71082611486256e-07,171.082611486256,2.74416508823954e-06,0.00274416508823954,2.74416508823954,153.590997913322,0.00131507366779601,-1.58616356129837,-0.0424990459403769,0.19619178422092,0.213319043272058,76.5994020045429,31.9955739770457
"177",2023-08-02 09:00:00,0.8627,23.5426,9.407,0.534,13.403,6.928,31.5774657222222,109.4929735,6976.67376666667,6773.38964444444,359.10475,149.586925,25.25,74,0.8887,-0.1352,1.7372,-0.0776,-96204.746,296.6926,-3.55327785491693,0.0286306396630783,106.358119630083,0.000106358119630083,1.5579762795893e-07,155.79762795893,2.49899395246124e-06,0.00249899395246124,2.49899395246124,140.970527397033,0.00132543267864582,-1.5766844347166,-0.0414362096195201,0.198270970830548,0.215359801721543,77.3367277572642,32.2150105081353
"178",2023-08-02 10:00:00,0.7822,24.138,9.276,0.771,8.03,6.891,32.8600099444444,118.007187822222,7023.64275777778,7931.13067777778,349.224325,146.82925,27.5,69.75,0.82,-0.08526,1.6097,-0.0527,-96596.473,297.288,-3.51746727713564,0.0296744984426377,114.505383710972,0.000114505383710972,1.6773206627518e-07,167.73206627518,2.69042234305388e-06,0.00269042234305388,2.69042234305388,150.088779116028,0.00131075740067274,-1.59526193517166,-0.0404767011794687,0.194808425559325,0.212023456773497,74.0437485758912,31.13124514046
"179",2023-08-02 11:00:00,0.7282,25.0703,9.141,0.466,7.822,6.849,33.6745840555556,392.192113333333,11514.3946666667,8860.27632222222,344.665975,144.259175,29.75,76.5,0.7911,-0.04034,1.5566,-0.0259,-96818.86,298.2203,-3.46171989368653,0.0313757537647565,379.886790156907,0.000379886790156907,5.56473365693444e-07,556.473365693444,8.92583278572284e-06,0.00892583278572284,8.92583278572284,489.203796241633,0.00128776206205952,-1.62395127579559,-0.0393325885712136,0.189515613565788,0.206909768011252,71.3147569286219,29.8486324327446
"180",2023-08-02 12:00:00,0.6538,25.7993,9.208,0.431,8.185,6.813,34.2808553888889,689.839411666667,12349.4793333333,10193.3961333333,433.3555,160.200125,32,85.75,0.8234,-0.00944,1.6162,-0.0061,-96904.15,298.9493,-3.4184041266617,0.0327646826927585,667.237042234449,0.000667237042234449,9.7739550894671e-07,977.39550894671,1.56774239635052e-05,0.0156774239635052,15.6774239635052,846.660351897679,0.0012689048993179,-1.64604749945029,-0.0392138132895339,0.185395979294296,0.202906821280777,87.9307869895418,32.5056981325331
"181",2023-08-02 13:00:00,0.7427,26.4059,9.25,0.418,9.816,6.813,34.7448326666667,744.437798333333,11328.5496277778,7774.77442222222,447.964625,162.082625,35.25,94,0.8914,0.04724,1.7416,0.0269,-96844.208,299.5559,-3.38254376865862,0.0339609571521094,719.155978161724,0.000719155978161724,1.05344844305042e-06,1053.44844305042,1.68973130265287e-05,0.0168973130265287,16.8973130265287,901.563538561345,0.00125364116539208,-1.66421033933769,-0.0390726457146303,0.182084760178178,0.199687220250625,89.4528107368637,32.3658288371745
"182",2023-08-02 14:00:00,0.6857,29.968,10.536,3.634,52.778,7.693,35.1188210555556,640.263895555556,2337.67461055556,1569.724,413.5042,156.394675,11.5,90,0.9617,0.09103,1.8721,0.0485,-96580.584,303.118,-3.17525443652423,0.0417834728800821,613.511446439514,0.000613511446439514,8.98696107202458e-07,898.696107202458,1.44150855595274e-05,0.0144150855595274,14.4150855595274,712.992789976083,0.0011621507538513,-1.76685231739051,-0.0427866453724133,0.163713232707361,0.181674639105948,75.1232263037939,28.4129461387171
"183",2023-08-02 15:00:00,0.668,30.8517,11.296,5.914,97.213,8.222,35.4434637777778,500.43081,466.089372222222,1113.53565555556,476.697825,167.2708,6.75,94.25,1.0169,0.17961,1.974,0.0907,-96121.26,304.0017,-3.12468499882871,0.0439507774268285,478.436486852162,0.000478436486852162,7.00832903400522e-07,700.832903400522,1.12413597705444e-05,0.0112413597705444,11.2413597705444,544.440444275589,0.0011379576166059,-1.79127539813172,-0.0455358323076619,0.159324666587677,0.177320042081592,84.5280783892036,29.6604652950216
"184",2023-08-02 16:00:00,0.7191,30.3289,11.306,4.367,123.823,8.074,35.6480278333333,428.184501666667,522.099616666667,978.422416111111,581.998675,181.6384,6,111.25,1.0577,0.14259,2.0497,0.0697,-95440.357,303.4789,-3.15456151083196,0.0426571029781535,409.919391285422,0.000409919391285422,6.00466321130538e-07,600.466321130538,9.63147979093383e-06,0.00963147979093383,9.63147979093383,471.023278269167,0.00114906317749969,-1.77687581561645,-0.0457700313206291,0.161597622228316,0.179540430666172,104.492292756642,32.6114365615145
"185",2023-08-02 17:00:00,0.7248,29.9599,11.235,2.634,119.147,7.843,35.4193553888889,392.628423888889,810.234964444444,878.316234444444,577.832775,180.95915,5.25,105.5,1.0488,-0.06784,2.0328,-0.0337,-95302.928,303.1099,-3.17571951050511,0.0417640449922708,376.230672728349,0.000376230672728349,5.51117738639395e-07,551.117738639395,8.83992852777589e-06,0.00883992852777589,8.83992852777589,435.497607751807,0.00115752818501922,-1.76662656896177,-0.0456285739451946,0.163285489169681,0.181195124633619,104.700481683515,32.7889157378437
"186",2023-08-02 18:00:00,0.7132,28.6366,11.003,1.915,56.572,7.276,34.6628668333333,340.200220555556,3519.73232777778,772.759570555556,617.631475,187.872975,5,121.25,0.9931,-0.18753,1.9303,-0.0972,-95856.329,301.7866,-3.25208078267798,0.0386936123304519,327.036645106645,0.000327036645106645,4.79056359218017e-07,479.056359218017,7.684064001857e-06,0.007684064001857,7.684064001857,388.669645444167,0.00118845900378358,-1.72928177995682,-0.0452655545902423,0.169560186168612,0.187336599228235,115.704980102819,35.1954842233913
"187",2023-08-02 19:00:00,0.7164,26.7582,10.566,0.255,28.58,6.949,33.4357144444444,284.312493888889,8178.90056666667,652.56164,555.39135,180.11005,5,118.25,0.9157,-0.1428,1.7871,-0.0798,-96454.036,299.9082,-3.36179256711591,0.0346730506561719,274.454512386097,0.000274454512386097,4.0203194792365e-07,402.03194792365,6.44859244469535e-06,0.00644859244469535,6.44859244469535,339.023839804247,0.00123526422231789,-1.67466640223799,-0.0444288482303887,0.179228231236295,0.196785708289442,109.293080187579,35.4430837592968
"188",2023-08-02 20:00:00,0.7106,25.3107,10.165,0.089,14.543,6.835,32.010003,330.679180555556,10674.4076277778,494.375553333333,402.32465,158.1605,5,103,0.837,-0.08102,1.6415,-0.0492,-96847.355,298.4607,-3.44740921161584,0.031827990386152,320.154326775933,0.000320154326775933,4.68974864034457e-07,468.974864034457,7.52235681911269e-06,0.00752235681911269,7.52235681911269,407.789873140391,0.00127372907074841,-1.6312704095352,-0.0435873207672499,0.187334829655712,0.204693700872871,82.3533215608824,32.3744580769037
"189",2023-08-02 21:00:00,0.703,24.5132,9.909,0.062,11.107,6.788,30.8223141111111,593.091595555556,13050.6676666667,330.414602222222,411.0268,157.431875,4.75,90.5,0.7817,-0.03875,1.5392,-0.0252,-97054.362,297.6632,-3.49498428217441,0.0303492265672061,575.091724346934,0.000575091724346934,8.42417361492363e-07,842.417361492363,1.35123744783375e-05,0.0135123744783375,13.5123744783375,745.309028208079,0.00129598287830422,-1.60686630729663,-0.0429911290602469,0.192077289907129,0.209314811499483,86.0339971632357,32.9528232396352
"190",2023-08-02 22:00:00,0.6632,23.9271,9.712,0.06,9.309,6.794,30.1998232222222,1020.07517277778,15149.8969444444,146.165612293333,480.891575,168.49235,4.5,94,0.7198,-0.04173,1.4244,-0.0295,-97195.252,297.0771,-3.53013329878172,0.0293010109007269,990.185939020655,0.000990185939020655,1.45046397091502e-06,1450.46397091502,2.32654420934769e-05,0.0232654420934769,23.2654420934769,1299.90919325235,0.00131279302404358,-1.58870437471692,-0.042518948848857,0.1956900354082,0.212831880717428,102.349058328416,35.8605437369991
"191",2023-08-02 23:00:00,0.6583,23.5715,9.627,0.06,8.901,6.816,29.5958497222222,1605.71092777778,17464.4239444444,-0.01,474.82005,167.6839,4,96.5,0.6916,-0.00553,1.3724,-0.0044,-97292.168,296.7215,-3.55153588340544,0.0286805568857718,1559.65824417154,0.00155965824417154,2.28464978239224e-06,2284.64978239224,3.66457825095715e-05,0.0366457825095715,36.6457825095715,2063.23718012412,0.00132287774442539,-1.5775907904968,-0.0423855786372078,0.197903375656508,0.214981462492633,102.077508769825,36.0489300584684
"192",2023-08-03,0.7324,23.4804,9.687,0.06,9.662,6.826,29.1895490555556,1881.07539444444,15926.2294444444,-0.01,560.375,180.392625,4,99.25,0.7654,-0.00151,1.509,-0.001,-97298.25,296.6304,-3.55702831912704,0.0285234625823633,1827.4206108164,0.0018274206108164,2.6768788075483e-06,2676.8788075483,4.29371360730747e-05,0.0429371360730747,42.9371360730747,2420.99706552411,0.00132481654808661,-1.57473212580098,-0.0427123577799842,0.198405079214214,0.215460289252586,120.738559589918,38.8674471615333
"193",2023-08-03 01:00:00,0.8133,24.057,9.838,1.093,13.213,7.013,29.0663641111111,1749.68504444444,12173.9680055556,-0.01,610.26245,187.065525,4,117.25,0.867,0.07286,1.697,0.0422,-97186.06,297.207,-3.52232947928403,0.0295305652338032,1698.01585610087,0.00169801585610087,2.4873215466508e-06,2487.3215466508,3.98966376082788e-05,0.0398966376082788,39.8966376082788,2221.64968991792,0.00130837982574524,-1.59274634690643,-0.0429831201336472,0.194810211826563,0.211967631800613,129.35588630334,39.6518363257884
"194",2023-08-03 02:00:00,0.8484,25.9405,9.742,4.017,23.551,7.55,29.1883505555556,1241.58533333333,3465.09940555556,281.646277317222,593.893625,185.788525,4,114.75,0.989,0.21714,1.9224,0.1123,-96680.648,299.0905,-3.41004204033907,0.0330398125213861,1200.5635866907,0.0012005635866907,1.758633564328e-06,1758.633564328,2.82084823718211e-05,0.0282084823718211,28.2084823718211,1514.29757624931,0.00126132225984249,-1.65029337161005,-0.0414077564130215,0.184205899493264,0.201699559152078,119.78808234573,37.4734635880149
"195",2023-08-03 03:00:00,0.8283,26.9252,10.099,2.491,31.256,7.421,29.3194308333333,859.569710555556,2946.29311666667,600.133437222222,534.41345,177.15035,4,107.75,1.0758,0.46086,2.0828,0.2211,-95413.624,300.0752,-3.35197528009959,0.0350151223030062,829.471772012493,0.000829471772012493,1.21504343051478e-06,1215.04343051478,1.94892966254571e-05,0.0194892966254571,19.4892966254571,1024.18555758874,0.00123474431818677,-1.67959922457,-0.0423757036232721,0.178712854107299,0.196329106493936,104.920915136842,34.779769930588
"196",2023-08-03 04:00:00,0.931,27.979,10.848,1.409,48.594,7.37,29.5119987777778,627.794977222222,3387.00712777778,613.009203333333,648.571225,193.09875,4,119.5,1.1491,0.61712,2.2186,0.2779,-93452.608,301.129,-3.29031206387342,0.0372422269123636,604.41449422607,0.00060441449422607,8.85370527722116e-07,885.370527722117,1.42013432646627e-05,0.0142013432646627,14.2013432646627,728.053047531641,0.00120455921306766,-1.71037772211179,-0.0449498219490334,0.172850616825605,0.190555860860617,123.5890481093,36.7960985373591
"197",2023-08-03 05:00:00,0.9515,27.9683,11.183,1.174,49.585,7.368,29.7071866666667,464.210313888889,3273.93608333333,554.246086111111,634.40915,191.082325,4,116.75,1.1982,0.53651,2.3098,0.2323,-91337.512,301.1183,-3.29093570780146,0.0372190082647628,446.93286637967,0.00044693286637967,6.54685139987596e-07,654.685139987596,1.0501149645401e-05,0.010501149645401,10.501149645401,537.389527599386,0.00120239429235189,-1.71006821431746,-0.0463435452954678,0.172663311056913,0.19034260552015,120.755090576824,36.3711076093481
"198",2023-08-03 06:00:00,0.9475,27.8778,11.317,0.536,62.518,7.286,30.0548391111111,361.762832777778,3608.77463333333,495.428158333333,662.273,194.98435,4,125.5,1.1917,0.0319,2.2974,0.0133,-90217.07,301.0278,-3.29621247142992,0.03702312961489,348.369240529996,0.000348369240529996,5.1030519829796e-07,510.30519829796,8.18529538069928e-06,0.00818529538069928,8.18529538069928,419.266142094736,0.00120351079635182,-1.70744795532697,-0.046947202955062,0.173011855439202,0.190669515712176,126.27527217925,37.1775715859535
"199",2023-08-03 07:00:00,0.9485,27.0345,11.122,0.595,44.021,7.174,30.4527911666667,306.835985,5111.54504444444,526.770706111111,647.16095,193.104175,4.25,131.75,1.1548,-0.29018,2.2293,-0.1309,-90745.125,300.1845,-3.34555668088988,0.0352405931664546,296.022902883787,0.000296022902883787,4.33626189060286e-07,433.626189060286,6.95536407252699e-06,0.00695536407252699,6.95536407252699,362.50562389372,0.00122458640991043,-1.68281950040849,-0.0466046657312832,0.177386525734064,0.194943018613279,126.159509121637,37.6443107813269
"200",2023-08-03 08:00:00,0.9308,25.4625,10.807,0.524,22.707,7.031,30.8790928888889,259.425418888889,6899.68571666667,541.959856111111,665.272625,195.565375,4.5,135.5,1.0768,-0.49784,2.0848,-0.2388,-92294.309,298.6125,-3.43838625420947,0.0321164725084688,251.093589555146,0.000251093589555146,3.6781193372396e-07,367.81193372396,5.89970341693232e-06,0.00589970341693232,5.89970341693232,317.633756507954,0.00126500145651148,-1.63587554670546,-0.0462402937042033,0.185980055333229,0.203316746378158,135.261065569456,39.7617157492244
"201",2023-08-03 09:00:00,0.8899,24.7697,10.79,0.82,16.257,6.983,31.6539194444444,207.241709444444,7723.82694444444,662.710961666667,633.125625,191.241075,4.25,118.5,1.0049,-0.39494,1.9517,-0.2022,-93920.934,297.9197,-3.47965113191585,0.0308181617529142,200.854900920835,0.000200854900920835,2.94220293064876e-07,294.220293064876,4.71929350076061e-06,0.00471929350076061,4.71929350076061,257.598767092817,0.0012825117331558,-1.61475408344292,-0.0466337385328057,0.189875284070392,0.207093493200314,131.116197315882,39.6047822651333
"202",2023-08-03 10:00:00,0.8149,24.4989,10.61,1.455,12.678,6.974,32.7724024444444,179.357805,7698.14560555556,809.619874444444,599.666475,186.432375,4.5,123.25,0.923,-0.27681,1.8011,-0.1534,-95123.845,297.6489,-3.49583999643347,0.0303232674099476,173.919090316924,0.000173919090316924,2.54763640259843e-07,254.763640259843,4.08640878976788e-06,0.00408640878976787,4.08640878976788,224.498892103884,0.00129082374853037,-1.60642547688989,-0.0460424452601523,0.191576528769931,0.208759081289358,125.185822401028,38.9194513275931
"203",2023-08-03 11:00:00,0.7573,24.7065,10.461,2.156,11.059,6.976,33.8786432777778,188.119725,7659.92071666667,892.418605,461.788375,164.148025,4.75,116,0.8699,-0.16418,1.7022,-0.0964,-95896.976,297.8565,-3.48342633879345,0.0307020361549236,182.344066401596,0.000182344066401596,2.67104882227713e-07,267.104882227713,4.28436231093252e-06,0.00428436231093252,4.28436231093252,234.620410733109,0.00128669067967575,-1.61281399844444,-0.0452544000152236,0.190506607789163,0.207737988002756,95.9309879055622,34.0997804481261
"204",2023-08-03 12:00:00,0.7455,24.7862,10.385,1.56,9.915,6.962,34.3213570555556,217.003308888889,7839.65753888889,867.470307777778,451.394825,161.814625,5,97,0.8577,-0.11236,1.6796,-0.0671,-96402.421,297.9362,-3.47866581577687,0.0308485423495332,210.309073124641,0.000210309073124641,3.08069142675899e-07,308.069142675899,4.94142904852143e-06,0.00494142904852143,4.94142904852143,270.301243714022,0.00128525716792935,-1.61526022590073,-0.0448723536525026,0.190113773231482,0.207365093041367,93.6035298845166,33.5547047685789
"205",2023-08-03 13:00:00,0.7899,24.7159,10.342,0.723,10.171,6.936,34.1513347777778,234.068474444444,8032.99297777778,822.462284444444,415.20485,156.233325,5,85.25,0.9017,-0.0466,1.761,-0.0267,-96673.963,297.8659,-3.48286472126869,0.0307192837991297,226.878058549556,0.000226878058549556,3.32340055285732e-07,332.340055285732,5.33073448678314e-06,0.00533073448678314,5.33073448678314,292.079084226318,0.00128738356672124,-1.61310269659432,-0.0447333295495568,0.190550881394567,0.207792823658744,86.2765881783053,32.4641637513442
"206",2023-08-03 14:00:00,0.8658,24.9881,10.378,1.236,14.252,6.963,33.9392517777778,242.390574444444,7956.19213333333,798.945594444444,378.103925,150.2204,5,83.5,0.9835,0.10545,1.9126,0.0547,-96585.805,298.1381,-3.46661916457909,0.0312224113888507,234.82255621236,0.00023482255621236,3.43977473242114e-07,343.977473242114,5.5173986708035e-06,0.0055173986708035,5.5173986708035,300.618506460527,0.00128019433613807,-1.62144127473827,-0.0447088465231152,0.18897319086453,0.206260692203143,77.9879772952251,30.984563687033
"207",2023-08-03 15:00:00,0.886,26.2459,10.528,2.589,44.245,7.204,33.9377901111111,250.999931666667,5820.86797777778,815.786332777778,360.242325,147.81605,5,67,1.0538,0.20162,2.0423,0.0983,-96030.275,299.3959,-3.39198644232846,0.0336417842140574,242.555846127794,0.000242555846127794,3.55305505641837e-07,355.305505641837,5.69910031049507e-06,0.00569910031049507,5.69910031049507,302.683511469285,0.00124789204754856,-1.65943922317093,-0.0445650516821861,0.181953471652012,0.199436658990952,71.8455257251326,29.4799391572395
"208",2023-08-03 16:00:00,0.8852,27.2618,10.902,3.063,59.329,7.506,33.6108387777778,243.369011666667,2741.65429444444,809.968460555556,301.632225,137.88845,4.75,71,1.1019,0.27832,2.1317,0.1305,-95127.811,300.4118,-3.33222559112772,0.0357135340769886,234.677444175226,0.000234677444175226,3.43764907325638e-07,343.764907325638,5.51398911350324e-06,0.00551398911350324,5.51398911350324,286.505558168408,0.00122084829743792,-1.68949561520761,-0.0455554511219603,0.176391192405577,0.193995956854131,58.5154321069154,26.749801796883
"209",2023-08-03 17:00:00,0.8827,27.4973,11.365,2.722,82.006,7.645,32.8214473333333,240.256982777778,2055.12792777778,735.689110555556,334.05685,144.20555,5,67,1.131,0.2722,2.1849,0.1246,-94091.841,300.6473,-3.31843776045181,0.0362093565357369,231.557432028177,0.000231557432028177,3.39194588732155e-07,339.194588732155,5.44068120326376e-06,0.00544068120326376,5.44068120326376,280.639495409507,0.00121196496675329,-1.69638306672346,-0.0473559592228424,0.174865350672503,0.192468590676337,64.2954511252764,27.755038976206
"210",2023-08-03 18:00:00,0.8769,27.4251,11.088,2.845,99.752,7.66,32.1964587222222,231.557644444444,1611.78115,711.232173333333,326.558575,142.1192,4.5,71.75,1.1336,0.12617,2.19,0.0575,-93360.422,300.5751,-3.32266224460962,0.0360567133306951,223.20843683918,0.00022320843683918,3.26964646619505e-07,326.964646619505,5.24451293177685e-06,0.00524451293177685,5.24451293177685,271.34636813533,0.0012156635832311,-1.69427468699732,-0.0462415359957235,0.175429816333307,0.1930435093808,63.0400133363931,27.4351891183918
"211",2023-08-03 19:00:00,0.8541,26.5822,10.045,1.747,52.218,7.237,31.6982607777778,207.990536111111,4909.39083888889,692.271137222222,368.238775,151.131575,4.5,71,0.8494,-0.23207,1.664,-0.1448,-93629.156,299.7322,-3.37215239757134,0.0343156979863783,200.853195689897,0.000200853195689897,2.94217795174389e-07,294.217795174389,4.7192534345972e-06,0.0047192534345972,4.7192534345972,249.736804593552,0.00124337979157238,-1.66945129347233,-0.0423335177712764,0.180543269224181,0.198113239171723,72.9529765038773,29.9411658643742
"212",2023-08-03 20:00:00,0.8261,25.2139,9.909,0.5,18.822,6.997,31.0974359444444,169.843480555556,7976.99141666667,752.718833888889,422.115,159.087125,4.25,81,0.9977,-0.31167,1.9387,-0.1604,-94635.931,298.3639,-3.45316843079215,0.0316452128486459,164.46874746242,0.00016446874746242,2.40920400032852e-07,240.920400032852,3.86436321652694e-06,0.00386436321652694,3.86436321652694,210.214578923666,0.00127814300386582,-1.628327129983,-0.0425486586209076,0.188082273176155,0.205443750853754,86.7208888916325,32.6834556725401
"213",2023-08-03 21:00:00,0.8034,23.9644,9.904,0.234,11.066,6.908,30.4026916666667,155.076058333333,8752.36076666667,804.847301111111,353.47235,147.26525,5,72.25,0.9255,-0.16883,1.8052,-0.0934,-95518.746,297.1144,-3.52789168593379,0.0293667660938396,150.521976001504,0.000150521976001504,2.20490611326043e-07,220.490611326043,3.53666940566972e-06,0.00353666940566972,3.53666940566972,197.225132315737,0.00131027466922017,-1.58986597584278,-0.0433341483485566,0.195303577324928,0.212438239775763,75.0910438434025,31.2847704901377
"214",2023-08-03 22:00:00,0.7697,23.3406,9.756,0.194,8.402,6.873,30.1128683888889,185.171139444444,9517.63228888889,745.84305,366.763875,149.389,5,71.5,0.861,-0.12501,1.686,-0.0742,-95992.821,296.4906,-3.56546434066122,0.02828385014915,179.93378668445,0.00017993378668445,2.6357420808685e-07,263.57420808685,4.22773029771308e-06,0.00422773029771308,4.22773029771308,238.950228291629,0.00132798977165237,-1.57033613019743,-0.0431142137176684,0.199199121513312,0.216220637221141,79.3019187621949,32.300984773829
"215",2023-08-03 23:00:00,0.7197,22.941,9.648,0.123,6.941,6.87,29.9529721111111,289.038016111111,10517.8622222222,571.142172222222,349.1992,146.824125,5,69.25,0.7914,-0.10071,1.5572,-0.0646,-96418.298,296.091,-3.5896274863937,0.0276086141295169,281.058077055538,0.000281058077055538,4.11705113594035e-07,411.705113594035,6.60375002204832e-06,0.00660375002204832,6.60375002204832,376.51850923901,0.0013396466423721,-1.55770947421022,-0.0429184889039373,0.201769774227848,0.218715776023788,76.375374014886,32.1127524383887
"216",2023-08-04,0.7096,22.6666,9.8,0.124,6.288,6.861,29.7693822222222,409.605008333333,11151.1268333333,579.173617222222,364.5341,149.1103,5.25,73.75,0.7709,-0.07946,1.5189,-0.0522,-96745.121,295.8166,-3.60626292046205,0.0271531319303042,398.482949502745,0.000398482949502745,5.83713763749601e-07,583.713763749601,9.3627687705436e-06,0.0093627687705436,9.3627687705436,536.305856536297,0.00134586901950394,-1.54898616382048,-0.0437959300689175,0.203359060001401,0.220234251176315,80.2828945417319,32.8391952631757
"217",2023-08-04 01:00:00,0.7774,22.4874,8.593,0.085,5.979,6.853,29.5292263888889,530.602085555556,11587.0222222222,655.157485,317.808625,142.8416,6,66.75,0.8281,-0.01888,1.6248,-0.012,-96917.868,295.6374,-3.61714579928345,0.0268592298401144,516.350522185975,0.000516350522185975,7.56370898918903e-07,756.370898918903,1.21321892186592e-05,0.0121321892186592,12.1321892186592,702.691184878084,0.00136088016702924,-1.54326604145126,-0.0385190243581385,0.205607747070011,0.222534650425172,70.7234312664797,31.7872055221723
"218",2023-08-04 02:00:00,0.8633,22.5278,9.909,0.085,6.129,6.844,29.3920567777778,589.005947777778,11633.9446666667,764.972938888889,339.414275,145.746125,6.25,66.25,0.9152,0.04288,1.7858,0.0227,-96912.087,295.6778,-3.61469098588287,0.0269252452313462,573.14681819114,0.00057314681819114,8.39568385159109e-07,839.568385159109,1.34666768979521e-05,0.0134666768979521,13.4666768979521,773.04274555158,0.00134876914782728,-1.54455723038561,-0.044387528152945,0.204140916073819,0.220977254090029,75.002834488458,32.2065784967621
"219",2023-08-04 03:00:00,0.9336,23.8598,10.401,0.567,21.328,7.039,29.4507833888889,555.642895,8549.87727777778,909.331387222222,326.44805,144.438625,7,68,1.029,0.23187,1.9968,0.1157,-96394.483,297.0098,-3.53417943522644,0.0291826945373831,539.427738123348,0.000539427738123348,7.90175327912605e-07,790.175327912605,1.26744122597182e-05,0.0126744122597182,12.6744122597182,706.12896567666,0.00130903347338656,-1.58660652479571,-0.0455836524549026,0.195500923213024,0.212578034425465,69.3956848110258,30.7044789976168
"220",2023-08-04 04:00:00,0.9541,25.1896,10.91,1.915,28.552,7.301,29.7825945555556,434.6107,4536.75016111111,1103.31735166667,295.773075,138.02175,7.75,62,1.117,0.60195,2.1592,0.2759,-95045.323,298.3396,-3.45461485218775,0.0315994736232637,420.877230648962,0.000420877230648962,6.16517802543825e-07,616.517802543825,9.88894555280296e-06,0.00988894555280296,9.88894555280296,534.937864241843,0.00127100690008107,-1.62758745292911,-0.0468633039248086,0.18741108547336,0.204693934745334,60.5429545134769,28.2522150879369
"221",2023-08-04 05:00:00,1.012,25.4886,10.189,1.563,32.803,7.316,30.2013707222222,357.921225,3889.66317777778,1261.32306111111,416.717375,159.926825,8.75,77.5,1.1989,0.60674,2.3111,0.2628,-92450.765,298.6386,-3.43683592656997,0.0321663021791377,346.408222720323,0.000346408222720323,5.07432620969638e-07,507.432620969638,8.13921924035299e-06,0.00813921924035299,8.13921924035299,439.626378372841,0.00126909914239472,-1.63666605347007,-0.0435799670078225,0.186328129864539,0.203715071731152,84.8916099397423,32.5795046266104
"222",2023-08-04 06:00:00,1.0215,25.5524,10.41,1.199,37.784,7.279,30.3426371111111,321.592329444444,4251.88366666667,1446.09381111111,367.87025,151.813275,9.25,80.5,1.2127,0.41683,2.3365,0.1783,-90792.208,298.7024,-3.43304753324169,0.0322883918983507,311.208630279839,0.000311208630279839,4.55870849979119e-07,455.870849979119,7.31216843366507e-06,0.00731216843366507,7.31216843366507,393.932546232708,0.00126581498038304,-1.63859681683133,-0.0444852504522164,0.185800443192771,0.203181542386031,74.7444447929349,30.8456553691747
"223",2023-08-04 07:00:00,0.928,25.4067,9.423,0.602,32.085,7.196,30.5047639444444,296.241938333333,5072.43125,1680.22286111111,484.927925,169.855175,10,86,1.1913,-0.22817,2.2968,-0.1005,-90363.328,298.5567,-3.44170178129742,0.0320101658037735,286.759184769252,0.000286759184769252,4.20056324217391e-07,420.056324217391,6.73770344044695e-06,0.00673770344044695,6.73770344044695,366.208860720172,0.00127706061451824,-1.6341842329176,-0.0403504102600426,0.187395364905754,0.204825706540574,99.3257048593793,34.7907062289478
"224",2023-08-04 08:00:00,0.975,24.7933,10.329,0.313,16.309,7.084,30.8273328888889,258.215656111111,6353.70223333333,1927.22890555556,448.16085,165.1082,10.75,82.25,1.1472,-0.22269,2.2151,-0.1006,-91317.682,297.9433,-3.47824186941662,0.0308616232492482,250.246701815153,0.000250246701815153,3.66571378686908e-07,366.571378686908,5.87980491413801e-06,0.00587980491413801,5.87980491413801,321.695802203614,0.00128551465362064,-1.61547797377889,-0.0446256816021565,0.190119272194518,0.207376032770394,92.9378191160075,34.2394834938607
"225",2023-08-04 09:00:00,0.938,24.105,10.046,0.388,11.616,7.005,31.3931241666667,215.589982222222,7578.65127777778,2302.03837777778,428.308375,162.0045,11.75,89.25,1.0814,-0.43396,2.0937,-0.2074,-92513.461,297.255,-3.51944781097407,0.0296157852558666,209.205115605413,0.000209205115605413,3.06452021543433e-07,306.452021543433,4.91549042555666e-06,0.00491549042555666,4.91549042555666,273.110249149984,0.00130546640009083,-1.59423751156854,-0.0438591238351048,0.194349608633963,0.211500614733622,90.5874846080586,34.264051339613
"226",2023-08-04 10:00:00,0.8892,23.8782,10.58,0.566,10.271,6.981,31.9629181111111,178.755082777778,8211.15420555556,2710.20240555556,459.95455,167.163475,12.75,96,1.0196,-0.29335,1.979,-0.1481,-93845.565,297.0282,-3.5330730038574,0.0292150010548904,173.532752845858,0.000173532752845858,2.54197717678727e-07,254.197717678727,4.07733139156677e-06,0.00407733139156677,4.07733139156677,226.828090486277,0.00130711976134995,-1.58718033639562,-0.046354690481626,0.195238180583697,0.212305492769726,97.6508773894275,35.4897239329747
"227",2023-08-04 11:00:00,0.8102,23.984,10.751,0.88,9.193,6.987,32.6549357777778,162.117993333333,8133.63395555556,3160.89978888889,417.173875,156.99565,14,89.75,0.9389,-0.24045,1.8298,-0.1308,-94829.021,297.134,-3.52671404368423,0.0294013700094798,157.351502226146,0.000157351502226146,2.30494774520947e-07,230.494774520947,3.69713618331599e-06,0.00369713618331599,3.69713618331599,205.028501953491,0.00130299678778296,-1.59047604708327,-0.0470256876485805,0.194465261744347,0.211540329793684,88.2490990988093,33.2109115771739
"228",2023-08-04 12:00:00,0.7901,24.2256,10.692,0.8,9.868,6.994,33.3496468888889,168.577422222222,7875.80687777778,3683.03957777778,411.1402,155.4267,15,83,0.9179,-0.12258,1.7912,-0.0685,-95433.022,297.3756,-3.51221228187538,0.0298308482385862,163.548614723459,0.000163548614723459,2.39572552791512e-07,239.572552791512,3.84274374677585e-06,0.00384274374677585,3.84274374677585,212.156017310955,0.00129720461203346,-1.59797834367873,-0.0465924148880821,0.193095429566492,0.210221011256062,86.4303086120194,32.6739580501925
"229",2023-08-04 13:00:00,0.7787,24.3324,10.551,0.729,8.313,6.988,33.7462976111111,184.007963333333,8053.38526666667,4161.29840555556,398.432075,153.966875,16.25,81.25,0.9188,-0.08079,1.7928,-0.0454,-95841.964,297.4824,-3.50581026254749,0.0300224385315766,178.483595564838,0.000178483595564838,2.61449910127197e-07,261.449910127197,4.19365655844024e-06,0.00419365655844024,4.19365655844024,231.237245764829,0.00129556581955358,-1.60128429701454,-0.04590261333975,0.19259092283412,0.209747061844806,83.5699570759794,32.2940996526765
"230",2023-08-04 14:00:00,0.8341,24.5917,9.612,0.68,7.636,6.986,34.3406824444444,202.882275555556,8110.06465555556,4765.52557222222,358.95005,147.654375,17.5,72,0.9938,0.03955,1.9312,0.0204,-95859.798,297.7417,-3.49028849313992,0.0304920752622085,196.695973939947,0.000196695973939947,2.88128130466193e-07,288.128130466193,4.62157521267773e-06,0.00462157521267773,4.62157521267773,254.978567307895,0.00129630801383735,-1.60928421155429,-0.0416532144538005,0.191869960398811,0.209144016796905,75.07225528645,30.8810290851366
"231",2023-08-04 15:00:00,0.8493,25.939,10.117,1.666,15.737,7.081,34.9801547222222,213.94039,7035.49110555556,5502.52533333333,327.3988,142.668325,19,66,1.0553,0.24123,2.0453,0.1166,-95472.096,299.089,-3.41013082552834,0.0330368792056281,206.872467178365,0.000206872467178365,3.03035064821556e-07,303.035064821556,4.86068243973776e-06,0.00486068243973776,4.86068243973776,260.34952742965,0.00125850254981093,-1.65024832442317,-0.0430025491500441,0.183920648310681,0.201386208246726,65.9336029165283,28.7314330086616
"232",2023-08-04 16:00:00,0.8807,26.7219,11.026,3.152,36.158,7.272,35.5679261666667,230.792251111111,4776.38582222222,6435.17394444444,303.2699,137.995125,20.75,69.75,1.1355,0.47022,2.1934,0.2143,-94021.028,299.8719,-3.36392814998563,0.034599082494606,222.807050975802,0.000222807050975802,3.26376680551394e-07,326.376680551394,5.23508195604435e-06,0.00523508195604435,5.23508195604435,274.657360899267,0.00123271395450181,-1.67359216868433,-0.0463845473391717,0.179070317332013,0.196588527519508,59.6193830819885,27.1282584286205
"233",2023-08-04 17:00:00,0.934,26.6463,10.715,2.904,32.436,7.336,35.7716305,240.620312222222,4358.76060555556,7277.42369444444,307.025825,138.882825,22.5,67.5,1.1871,0.60949,2.2892,0.266,-92139.156,299.7963,-3.36837769843239,0.0344454741996503,232.33203146566,0.00023233203146566,3.40329252972157e-07,340.329252972157,5.4588812176734e-06,0.0054588812176734,5.4588812176734,287.356033707969,0.00123683347446838,-1.67135261603644,-0.0451198806446981,0.179698919738762,0.197228889810279,60.554362607835,27.3917053884652
"234",2023-08-04 18:00:00,0.9494,26.9296,11.502,1.508,45.13,7.475,35.5383648333333,236.6489,2671.50691666667,8129.20583888889,447.539175,161.883625,24.5,82,1.1346,0.20695,2.1921,0.087,-90454.421,300.0796,-3.35171678909083,0.0350241745671117,228.360467615285,0.000228360467615285,3.34511547381574e-07,334.511547381574,5.36556522000045e-06,0.00536556522000045,5.36556522000045,279.574029481295,0.00122426632070262,-1.67972898598332,-0.048260072134383,0.177641277314449,0.195154762731133,87.3394015100119,31.5923604269307
"235",2023-08-04 19:00:00,0.923,26.6574,11.395,1.457,30.586,7.29,34.7845560555556,226.894114444444,4196.12232777778,8680.4078,437.625375,161.349875,26.5,85,0.6029,-0.11262,1.2082,-0.1096,-90453.155,299.8074,-3.36772423185468,0.0344679905215881,219.073530258369,0.000219073530258369,3.2090767006367e-07,320.90767006367,5.14735902782126e-06,0.00514735902782126,5.14735902782126,269.792080047438,0.0012315138197173,-1.67168163447415,-0.0479764591569333,0.179127382235528,0.196608876942485,86.041033500284,31.7228177185604
"236",2023-08-04 20:00:00,0.8756,26.0462,11.23,0.694,14.855,7.057,33.6919125555556,201.486580555556,6841.89433333333,8881.15915,456.997525,164.06625,28.5,88.5,1.0262,-0.49182,1.9913,-0.2459,-91552.043,299.1962,-3.40378819258104,0.0332470859292987,194.787738898224,0.000194787738898224,2.85332871447675e-07,285.332871447675,4.57673925802071e-06,0.00457673925802071,4.57673925802071,242.988560331693,0.00124745305688185,-1.65346458049228,-0.047664003951515,0.182477466567858,0.19987759320055,91.343565395608,32.7931671754397
"237",2023-08-04 21:00:00,0.8372,25.332,11.092,0.255,10.027,6.948,32.9910131666667,164.881632777778,8612.80343333333,9088.33608333333,423.550775,158.9083,30.25,86.25,1.0408,-0.45654,2.0182,-0.2261,-93349.232,298.482,-3.44614251529628,0.0318683323291119,159.627130109449,0.000159627130109449,2.33828205269525e-07,233.828205269525,3.75060441252318e-06,0.00375060441252318,3.75060441252318,202.096786394212,0.00126605537702547,-1.63191735502038,-0.0475478065848814,0.186473682658662,0.203767299093256,86.3057974506054,32.3803150945009
"238",2023-08-04 22:00:00,0.7059,24.7333,10.961,0.263,8.586,6.937,32.5328963888889,145.184799444444,9028.04286111111,9446.908,418.13645,158.92025,31.75,87,0.9519,-0.34875,1.854,-0.1877,-94803.523,297.8833,-3.48182523765405,0.0307512325932052,140.72018790773,0.00014072018790773,2.0613256005476e-07,206.13256005476,3.30636626327835e-06,0.00330636626327835,3.30636626327835,180.41736117627,0.0012821000586964,-1.61363696507516,-0.0473984575340237,0.189942207791466,0.207141173956462,86.6132751269874,32.9189271504544
"239",2023-08-04 23:00:00,0.7152,24.1959,10.884,0.207,7.866,6.918,31.9598214444444,160.229679444444,9278.14290555556,9605.6819,288.828325,136.288325,33.25,67.5,0.8769,-0.20919,1.7151,-0.1218,-95769.931,297.3459,-3.51399354714165,0.0297777588824615,155.458398684134,0.000155458398684134,2.27721680728466e-07,227.721680728466,3.6526557588846e-06,0.0036526557588846,3.6526557588846,201.54420195626,0.00129645103553244,-1.59705785290335,-0.0474508307653556,0.193107416317642,0.210213064256431,60.7154872423023,28.6495864206263
"240",2023-08-05,0.6661,23.6296,9.956,0.222,7.014,6.911,31.4264033333333,220.647512222222,9844.74201666667,9545.31597222222,278.42665,133.6635,34.75,64.75,0.8044,-0.15921,1.5809,-0.1007,-96426.395,296.7796,-3.54803502339997,0.0287811394592806,214.297025401611,0.000214297025401611,3.13910854689296e-07,313.910854689296,5.03513010921631e-06,0.00503513010921631,5.03513010921631,282.587853842816,0.00131867371146763,-1.57941147931249,-0.0437932863115519,0.197265495312533,0.214330495305346,59.6753218007082,28.6481641592461
"241",2023-08-05 01:00:00,0.6728,23.2257,9.897,0.164,6.323,6.91,30.9347587777778,300.314219444444,10160.5293888889,9516.41422222222,311.7663,142.24125,36,60,0.7865,-0.11229,1.548,-0.0726,-96910.691,296.3757,-3.57240457491743,0.0280882332043929,291.878923614094,0.000291878923614094,4.27555922466869e-07,427.555922466869,6.85799699636858e-06,0.00685799699636858,6.85799699636858,388.175403984076,0.00132991926644659,-1.56671480213007,-0.0438195008129381,0.199780842061514,0.21676802823566,67.5809661213273,30.8333552962756
"242",2023-08-05 02:00:00,0.7036,22.9086,10.405,0.147,6.126,6.9,30.5387026111111,373.171382777778,10505.0465555556,9633.68571111111,294.21,138.862175,37.5,63.75,0.8016,-0.06905,1.576,-0.0441,-97245.687,296.0586,-3.59158990609533,0.0275544875686665,362.888836550045,0.000362888836550045,5.31574083331968e-07,531.574083331968,8.52644829664477e-06,0.00852644829664477,8.52644829664477,484.2019528922,0.00133429828675764,-1.55668170279267,-0.0463109663901546,0.201293211705473,0.218175311905642,64.1893585157588,30.2962983425208
"243",2023-08-05 03:00:00,0.791,22.7003,9.812,0.088,6.069,6.903,30.1682396666667,417.285158888889,10523.6285,9861.35262222222,241.0993,126.6835,38.75,50.5,0.8816,-0.02602,1.7241,-0.0152,-97392.938,295.8503,-3.60421797922336,0.0272087153019609,405.931365800948,0.000405931365800948,5.9462450187986e-07,594.62450187986,9.53777701015295e-06,0.00953777701015295,9.53777701015295,545.915976853449,0.00134484797886041,-1.55005982312385,-0.0438245927845085,0.203135016338624,0.220016677738556,53.0458669910915,27.8724827942924
"244",2023-08-05 04:00:00,0.8564,22.6181,9.936,0.183,7.262,6.918,29.8595182777778,428.816681111111,10455.3842944444,10072.7157333333,291.45765,137.1091,39.75,54.5,0.9354,0.04157,1.8237,0.022,-97410.731,295.7681,-3.60920686518321,0.0270733121618722,417.207193243172,0.000417207193243172,6.11141784950328e-07,611.141784950328,9.80271423060326e-06,0.00980271423060326,9.80271423060326,561.589503694045,0.00134606860281702,-1.54743984484197,-0.0444402001193386,0.203542582584223,0.220396862236972,64.2363515349615,30.2184154241352
"245",2023-08-05 05:00:00,0.8926,23.8207,10.389,1.508,22.447,7.159,29.7461018888889,420.282257222222,6780.2101,10443.1416666667,285.757325,136.420125,41.25,55,1.0133,0.14929,1.9677,0.0757,-97025.264,296.9707,-3.53653111892205,0.0291141467041656,408.046097928297,0.000408046097928297,5.97722246089286e-07,597.722246089286,9.58746482727215e-06,0.00958746482727215,9.58746482727214,534.603291378308,0.00131015415682826,-1.58538654064407,-0.0455591921017421,0.195744364705895,0.212814720877778,60.8133653586555,29.0322108239866
"246",2023-08-05 06:00:00,0.9072,24.5593,10.316,1.523,27.851,7.299,30.3268335,406.482071666667,4626.71330555556,11060.0621111111,292.573225,138.97925,42.5,56.5,1.0619,0.19663,2.0575,0.0955,-96400.471,297.7093,-3.49222628674565,0.0304330451269389,394.111584436343,0.000394111584436343,5.77310413345733e-07,577.310413345733,9.26005903006556e-06,0.00926005903006556,9.26005903006556,509.030560993693,0.00129158994836882,-1.6082866664634,-0.0447257899207273,0.191472237189313,0.208687774860203,61.0564553089234,29.0032704342398
"247",2023-08-05 07:00:00,0.9172,24.6195,10.333,0.657,23.781,7.204,31.4390983333333,411.479143333333,4952.77413888889,12086.1807777778,361.07795,150.49815,44.25,69.25,1.0729,-0.02632,2.0781,-0.0131,-95954.064,297.7695,-3.48862620028742,0.0305428041719145,398.911416437676,0.000398911416437676,5.84341399254566e-07,584.341399254566,9.37283604404323e-06,0.00937283604404323,9.37283604404323,514.561960971178,0.00128991535405598,-1.61013966179102,-0.0447589327508574,0.191111434465457,0.208336651235812,75.2257709380918,31.3542805881849
"248",2023-08-05 08:00:00,0.8833,24.1518,10.347,0.395,16.388,7.097,32.5489754444444,375.354396111111,6316.07151666667,13472.07,405.7438,156.85635,45.75,78.25,1.0236,-0.20215,1.9864,-0.1017,-96522.757,297.3018,-3.51663920198581,0.0296990813339603,364.206715371948,0.000364206715371948,5.33504564945444e-07,533.504564945444,8.55741322172492e-06,0.00855741322172492,8.55741322172492,474.143461109898,0.00130185260484743,-1.59569014884666,-0.045140457141047,0.193818988201773,0.21095637586149,85.5942415762692,33.0898471268614
"249",2023-08-05 09:00:00,0.8358,23.6297,10.334,0.255,12.55,7.004,33.5862303888889,269.124529666667,7711.53426111111,12470.2721611111,399.944,157.422,47.5,77.5,0.9466,-0.16842,1.844,-0.0912,-97195.677,296.7797,-3.54802899916522,0.0287813128441413,261.378772384298,0.000261378772384298,3.82878080939415e-07,382.878080939415,6.14136441826822e-06,0.00614136441826822,6.14136441826821,343.875410385883,0.00131562103245436,-1.57941461138079,-0.0454559156825087,0.196937171587563,0.213973841122481,85.5775539138894,33.6841900171832
"250",2023-08-05 10:00:00,0.7621,23.7958,10.322,0.272,9.985,6.976,34.6644384444444,248.545179444444,9212.91678333333,2566.85446111111,404.3626,158.165275,17,81.5,0.8719,-0.10996,1.7062,-0.0643,-97688.706,296.9458,-3.53802910505266,0.0290705667658753,241.319830211068,0.000241319830211068,3.53494940086381e-07,353.494940086381,5.67005883898556e-06,0.00567005883898556,5.67005883898555,316.453532806685,0.00131134491736507,-1.58460916989328,-0.0452832185763444,0.195950659542724,0.213021143541797,86.1377834575343,33.6925477491028
"251",2023-08-05 11:00:00,0.6641,24.3101,10.299,0.266,8.797,6.935,35.0909815555556,406.453364444444,11041.0039611111,1396.81140555556,419.169725,161.042625,8.25,86,0.791,-0.07813,1.5565,-0.0499,-98028.025,297.4601,-3.50714658240557,0.0299823457455579,394.266939142226,0.000394266939142226,5.77537983133098e-07,577.537983133098,9.26370924945489e-06,0.00926370924945489,9.26370924945489,511.811748816441,0.00129813509073306,-1.60059453798095,-0.0448215842461495,0.192932262684763,0.210103057482834,88.0688408267385,33.8355478975614
"252",2023-08-05 12:00:00,0.5564,25.3228,10.296,0.134,8.191,6.873,35.7137405555556,750.845101666667,13696.4606666667,895.148612222222,501.1614,169.4059,6.75,90.5,0.7191,-0.04132,1.4235,-0.0291,-98226.049,298.4728,-3.44668960774589,0.0318509021736835,726.930007785892,0.000726930007785892,1.06483615260509e-06,1064.83615260509,1.70799718877856e-05,0.0170799718877856,17.0799718877856,924.95610185683,0.00127241425164727,-1.63163795402669,-0.0441414118952803,0.187162254741733,0.204513425689469,102.49423473733,34.6457809410075
"253",2023-08-05 13:00:00,0.4476,26.4108,10.276,0.099,7.111,6.819,36.4430523333333,1199.87170833333,15947.8391666667,230.201907739333,491.393675,167.7098,6,101.5,0.6634,-0.03684,1.3205,-0.028,-98367.111,299.5608,-3.38225476779861,0.0339707733162019,1159.11113852102,0.00115911113852102,1.69791236015113e-06,1697.91236015113,2.72345142568241e-05,0.0272345142568241,27.2345142568241,1444.00849444115,0.00124578950753907,-1.664356233575,-0.0434037525734563,0.181271388598568,0.198798470385129,97.6883109469271,33.3404517085959
"254",2023-08-05 14:00:00,0.4319,26.6077,10.268,0.072,7.449,6.788,36.9186812222222,1538.85986666667,16574.3792777778,-0.01,636.47525,188.7537,6,120,0.6729,-0.0241,1.3378,-0.018,-98480.395,299.7577,-3.37065054226396,0.0343672739190855,1485.97344810585,0.00148597344810585,2.17671334572337e-06,2176.71334572337,3.49144820654028e-05,0.0349144820654028,34.9144820654028,1844.23620927796,0.00124109634100716,-1.67020793845654,-0.0432590882620727,0.180239811854688,0.197797076514713,125.892943723971,37.3349300413352
"255",2023-08-05 15:00:00,0.4931,26.6936,10.262,0.062,7.161,6.78,37.1879985555556,1653.64152777778,16865.3148333333,-0.01,565.99125,179.8172,6,123.25,0.7427,0.00265,1.4672,0.0018,-98519.405,299.8436,-3.36559348897979,0.034541511245097,1596.52225035068,0.00159652225035068,2.33864965320369e-06,2338.64965320369,3.75119404373872e-05,0.0375119404373872,37.5119404373872,1978.2126446331,0.00123907615080127,-1.6727541825919,-0.0431861415200029,0.179794576025135,0.197365011663372,111.706869657617,35.489623775275
"256",2023-08-05 16:00:00,0.5596,26.9094,10.26,0.061,7.471,6.775,37.5156655,1726.71224444444,17230.4393333333,-0.01,776.949275,205.720375,6,139.75,0.8342,0.02511,1.6359,0.0154,-98460.951,300.0594,-3.35290356889441,0.0349826332396132,1666.3073032867,0.0016663073032867,2.44087359014648e-06,2440.87359014648,3.91516123859496e-05,0.0391516123859496,39.1516123859496,2056.10032999746,0.0012339262547442,-1.67913317635942,-0.0430597972106283,0.178673890843725,0.196275967352128,152.496470534159,40.3779656071675
"257",2023-08-05 17:00:00,0.5729,29.4802,10.637,1.792,32.029,7.217,37.4212444444444,1503.28142222222,8654.82307222222,46.0281350277778,731.598625,200.137475,5.25,147.25,0.9152,0.08869,1.7863,0.0494,-98277.148,302.6302,-3.20331280819746,0.0406273914070517,1442.20701948665,0.00144220701948665,2.11260253042483e-06,2112.60253042483,3.38861445880142e-05,0.0338861445880142,33.8861445880142,1690.52054004842,0.00117217605878119,-1.75319580397694,-0.0433912787085935,0.165864003456506,0.183765171293586,134.442346641277,36.7782973756408
"258",2023-08-05 18:00:00,0.6261,29.7613,10.948,4.525,74.279,7.616,37.0057104444444,924.378428888889,1934.59685,638.319917222222,604.35665,184.718625,5.25,135.25,1.0008,0.15254,1.9443,0.0784,-97826.411,302.9113,-3.18713130082009,0.0412901516019515,886.210703422493,0.000886210703422493,1.2981568868014e-06,1298.1568868014,2.08224364642945e-05,0.0208224364642945,20.8224364642945,1031.40278676548,0.00116383472100062,-1.76108078532892,-0.0445428729894497,0.164371912693648,0.182281199917698,110.16285534024,33.6707326121474
"259",2023-08-05 19:00:00,0.6939,29.1852,11.058,3.034,99.489,7.593,35.8366777777778,641.883593333333,1845.42042777778,807.779309444444,548.6559,178.079,5,121.5,1.0293,0.14114,1.997,0.0707,-97252.275,302.3352,-3.22033133032823,0.0399418234776212,616.245592155232,0.000616245592155232,9.0270119321267e-07,902.70119321267,1.44793271391312e-05,0.0144793271391312,14.4793271391312,724.570798945447,0.00117578252594288,-1.74487612106926,-0.0452378127833937,0.166941148335278,0.184778273733026,101.37969007544,32.9051302081035
"260",2023-08-05 20:00:00,0.7012,28.8945,11.042,1.05,85.446,7.46,34.8453478333333,501.330439444444,2295.45772222222,847.711808333333,611.956175,185.638375,5,122.25,1.0405,-0.04534,2.0177,-0.0226,-97079.143,302.0445,-3.23713882610929,0.0392761116012246,481.640129155733,0.000481640129155733,7.05525726792485e-07,705.525726792485,1.13166326577515e-05,0.0113166326577515,11.3166326577515,569.482983495855,0.00118238275638307,-1.7366326685416,-0.0453045248661858,0.168311778782909,0.186116225760916,113.894973622087,34.5503137113896
"261",2023-08-05 21:00:00,0.6852,27.9414,10.994,0.442,33.529,7.127,34.0467997777778,414.738757777778,5190.31820555556,793.378272222222,569.630425,180.709725,5,114.75,0.9974,-0.14256,1.938,-0.0737,-97463.79,301.0914,-3.29250378313275,0.0371606917909197,399.326778626249,0.000399326778626249,5.84949838402874e-07,584.949838402874,9.3825954079821e-06,0.0093825954079821,9.3825954079821,480.938488772377,0.00120437324645967,-1.70928983439806,-0.0455742188411176,0.172930750069096,0.190620397735143,108.583178175538,34.4469596541083
"262",2023-08-05 22:00:00,0.68,26.6264,10.875,0.111,16.134,6.945,33.3570337777778,341.627216111111,8535.13367222222,707.211885555556,591.8367,183.7342,5,119,0.9342,-0.1254,1.8213,-0.0687,-97966.083,299.7764,-3.36954936639376,0.0344051391757804,329.873484194574,0.000329873484194574,4.8321187458758e-07,483.21187458758,7.75071846838478e-06,0.00775071846838478,7.75071846838478,407.762720114448,0.00123611851104083,-1.67076258586599,-0.0458053454857379,0.179681771049852,0.197196977744642,116.708408558362,36.2318289483296
"263",2023-08-05 23:00:00,0.6775,25.347,10.741,0.065,10.271,6.871,32.6084114444444,349.566167777778,10482.52845,638.001787222222,454.67225,163.8441,5,91.25,0.8706,-0.07178,1.7036,-0.0423,-98301.12,298.497,-3.44525059893177,0.0318967688955627,338.416136510462,0.000338416136510462,4.95725493405986e-07,495.725493405986,7.95143691423201e-06,0.00795143691423201,7.95143691423201,429.240389684816,0.00126838038549484,-1.63237279950622,-0.046033330161306,0.186671268850723,0.203993460509369,92.750165675081,33.4231249430431
"264",2023-08-06,0.6554,24.5586,10.606,0.06,8.846,6.843,31.9650458333333,551.501538888889,12468.3311666667,474.197962777778,458.1751,164.765775,5,99.5,0.8113,-0.04869,1.5941,-0.0307,-98509.154,297.7086,-3.49226815794543,0.0304317708855171,534.718370414412,0.000534718370414412,7.83276857717847e-07,783.276857717847,1.25637607977943e-05,0.0125637607977943,12.5637607977943,689.427125086636,0.00128932754741963,-1.60826510808121,-0.045983591953061,0.191235677104989,0.208429455247953,95.4971865011762,34.3420407267567
"265",2023-08-06 01:00:00,0.6233,24.0645,10.521,0.06,8.324,6.854,31.4728853333333,937.744372222222,14466.7988888889,223.623190966667,478.596375,168.0512,5,92,0.7565,-0.02531,1.4924,-0.0167,-98669.449,297.2145,-3.52187914891943,0.0295438667386836,910.039777454338,0.000910039777454338,1.33306266760621e-06,1333.06266760621,2.13823251884037e-05,0.0213823251884037,21.3823251884037,1185.54107625488,0.00130273544698366,-1.5929794268766,-0.0459618388879689,0.194185524358911,0.211293258391256,101.124187527993,35.5080856245606
"266",2023-08-06 02:00:00,0.6519,23.7339,10.462,0.06,7.581,6.89,31.0903941666667,1347.88254444444,15480.0661111111,0.121165774513889,583.3426,182.689825,5,101.5,0.7608,-0.02133,1.5005,-0.0142,-98733.882,296.8839,-3.54175425087641,0.0289624761183324,1308.84452844066,0.00130884452844065,1.91724781904101e-06,1917.24781904101,3.07526550174178e-05,0.0307526550174178,30.7526550174178,1717.00360501339,0.00131184687539551,-1.58267515228055,-0.0459425183160767,0.196200600619003,0.213248396463891,124.396874039077,38.9583122315189
"267",2023-08-06 03:00:00,0.7098,23.7389,9.934,0.06,8.808,6.88,30.6001150555556,1526.15241666667,14826.0098888889,-0.01,570.688225,181.2022,5,113.5,0.8178,0.01461,1.6062,0.009,-98749.412,296.8889,-3.54145328507378,0.0289711941449604,1481.93795870862,0.00148193795870862,2.17080199943473e-06,2170.80199943473,3.48196640709331e-05,0.0348196640709331,34.8196640709331,1950.17471481464,0.00131596245534736,-1.58283145379901,-0.0436204070511897,0.19662599428667,0.213714351657242,121.964264004297,38.725510691866
"268",2023-08-06 04:00:00,0.7897,23.8889,10.625,0.095,13.16,6.9,30.1642941111111,1362.00853888889,12587.6921111111,3.71184924166667,552.451125,179.18785,5,104,0.9051,0.07063,1.7675,0.0397,-98607.899,297.0389,-3.53242966155299,0.0292338023479807,1322.19185046675,0.00132219185046675,1.93679951023771e-06,1936.79951023771,3.10662641442129e-05,0.0310662641442129,31.0662641442129,1727.41790248818,0.00130648052465183,-1.5875139324646,-0.0465440046852118,0.195136115221313,0.212202149059535,117.231315975358,38.0240468553576
"269",2023-08-06 05:00:00,0.8341,25.0542,10.808,0.999,28.712,7.15,29.9779867222222,956.120695,6751.24961666667,382.470591944444,532.627675,177.1571,4.5,107.75,0.9834,0.12544,1.9121,0.0655,-98233.327,298.2042,-3.46267924152212,0.0313456679373014,926.150453186548,0.000926150453186548,1.35666222984578e-06,1356.66222984578,2.17608621667264e-05,0.0217608621667264,21.7608621667264,1181.01758484948,0.00127518977158196,-1.62345995361675,-0.046516385012171,0.188251519875117,0.20551855714129,109.46487125952,36.4090715793353
"270",2023-08-06 06:00:00,0.8655,25.9203,10.721,2.512,34.437,7.395,30.5411507222222,629.458261666667,3754.05492222222,593.262598333333,537.8537,178.39005,5,103.5,1.0525,0.32132,2.04,0.1569,-97474.336,299.0703,-3.4112377658865,0.0330003295839683,608.685931572315,0.000608685931572315,8.9162750000439e-07,891.62750000439,1.43017051000704e-05,0.0143017051000704,14.3017051000704,763.519028117347,0.00125437272083006,-1.64968663222237,-0.0455814874772764,0.183550009056293,0.200967806236383,108.091278165122,35.8506570028988
"271",2023-08-06 07:00:00,0.8915,26.4253,10.75,2.691,36.096,7.425,31.7325104444444,463.272941111111,3220.89762777778,601.252141666667,528.0218,177.15755,5,106.25,1.0951,0.2648,2.1191,0.125,-96279.529,299.5753,-3.38139962415336,0.0339998356312792,447.521737260914,0.000447521737260914,6.55547741609277e-07,655.547741609277,1.05149857754128e-05,0.0105149857754128,10.5149857754128,555.770003059719,0.00124188381655234,-1.66478788446918,-0.0453972080668621,0.180832318806856,0.198326546425991,104.720740031635,35.1350450647898
"272",2023-08-06 08:00:00,0.8878,26.5757,10.776,0.836,38.768,7.337,33.3221546666667,391.183747222222,3496.01783888889,730.889153333333,481.725525,169.473575,5,100,1.0978,0.06642,2.124,0.0313,-95706.608,299.7257,-3.37253526991933,0.0343025619695241,377.765142491661,0.000377765142491661,5.53365491327485e-07,553.365491327485,8.87598248089286e-06,0.00887598248089286,8.87598248089286,467.700318854858,0.00123807166476505,-1.66925836640331,-0.0454180495475048,0.180021963525281,0.197536917565401,95.1585753210745,33.4772876142888
"273",2023-08-06 09:00:00,0.8458,26.3197,10.766,0.706,22.084,7.169,34.9288161666667,334.806588888889,4725.3596,898.036697777778,616.8659,189.303625,5,115.25,1.0613,-0.22025,2.0564,-0.1076,-96011.747,299.4697,-3.3876295834461,0.0337886764809681,323.493917373226,0.000323493917373226,4.73866829924996e-07,473.866829924996,7.60082395199693e-06,0.00760082395199693,7.60082395199693,402.527961417183,0.00124431384888382,-1.66164164264234,-0.0455279626230831,0.181378439358288,0.198855379172963,122.667102443371,37.6440441281913
"274",2023-08-06 10:00:00,0.7874,25.9676,10.775,0.417,12.484,7.056,127.340941643836,285.244159279314,5861.15164140947,981.223508571429,603.2442,187.667425,5,111,0.9935,-0.208,1.931,-0.1073,-96881.055,299.1176,-3.40843816229381,0.0330928468696982,275.804617995808,0.000275804617995808,4.04009636624979e-07,404.009636624979,6.48031457146467e-06,0.00648031457146467,6.48031457146467,345.529766575324,0.00125280631298413,-1.6511070108978,-0.0457815688662931,0.18325281445781,0.200674142609795,121.055512619331,37.6599996076629
"275",2023-08-06 11:00:00,0.7219,26.1474,10.728,0.728,10.221,7.015,36.8292560215054,293.694491628106,7691.94551304348,1140.47734459277,484.584525,170.21245,5,106.75,0.9301,-0.13093,1.8134,-0.072,-97466.093,299.2974,-3.39780529792001,0.0334465959687643,283.871410628369,0.000283871410628369,4.15826197144861e-07,415.826197144861,6.66985220220357e-06,0.00666985220220357,6.66985220220357,354.492426226802,0.0012487781895405,-1.65649502697242,-0.0454713858929914,0.1823246457878,0.199777750101444,96.8092061384771,34.0046603002546
"276",2023-08-06 12:00:00,0.6278,26.8225,10.771,0.641,9.695,6.971,37.6068177777778,254.103205,8588.40326666667,1143.48831111111,511.86035,173.815175,5,108,0.8584,-0.10189,1.6811,-0.0603,-97884.203,299.9725,-3.35801114564729,0.034804412283239,245.259292290688,0.000245259292290688,3.59265621719091e-07,359.265621719091,5.76262057237422e-06,0.00576262057237422,5.76262057237422,302.210353599974,0.00123220755787628,-1.67656748376132,-0.0452539207255354,0.178740292873244,0.196292046508948,100.474115628286,34.1185364150609
"277",2023-08-06 13:00:00,0.5342,27.7852,10.738,0.504,9.484,6.882,38.1174353333333,412.593730555556,10650.6747444444,940.927883888889,482.945125,166.842425,5,99.5,0.81,-0.04979,1.5916,-0.0313,-98147.549,300.9352,-3.30161541814125,0.0368236350351751,397.400529603776,0.000397400529603776,5.82128191784796e-07,582.128191784796,9.33733619622813e-06,0.00933733619622813,9.33733619622813,480.787206238956,0.00120983031079078,-1.7047623381284,-0.0445927214873267,0.173886053432552,0.191573985967181,92.5197225996686,31.9626683856805
"278",2023-08-06 14:00:00,0.494,28.5216,10.72,0.353,8.567,6.822,38.4485025,614.634384444444,11994.4480555556,717.872317777778,475.606425,165.61975,5.25,94.5,0.8152,-0.0217,1.601,-0.0136,-98254.946,301.6716,-3.2587529173254,0.038436302698499,591.010111195032,0.000591010111195032,8.65735251282931e-07,865.735251282931,1.38863934305782e-05,0.0138863934305782,13.8863934305782,705.117137136534,0.00119307119079702,-1.72599253768871,-0.0441551404164326,0.170307836229666,0.188090929701414,89.4572546502158,31.1515727544158
"279",2023-08-06 15:00:00,0.5071,29.0012,10.839,0.406,23.483,6.842,38.3770350555556,713.276535555556,11182.4880833333,628.910041111111,492.051675,168.493725,5.25,106,0.8492,-0.00129,1.664,-0.001,-98308.745,302.1512,-3.23096543964303,0.0395193281770141,685.088326065972,0.000685088326065972,1.00354478355448e-06,1003.54478355448,1.60968583282138e-05,0.0160968583282138,16.0968583282138,809.377683610632,0.00118142092459577,-1.73966359056062,-0.0444234364899398,0.167950325130232,0.185782142699944,91.4144145005964,31.3031252619951
"280",2023-08-06 16:00:00,0.5118,29.6943,11.435,1.535,78.843,7.494,37.9861743888889,571.67373,2993.0369,885.78015,508.92555,171.295575,5,101.25,0.9271,0.09933,1.8081,0.0541,-98158.029,302.8443,-3.19098504653965,0.0411313360725039,548.160025687548,0.000548160025687548,8.02966732028148e-07,802.966732028148,1.28795863817315e-05,0.0128795863817315,12.8795863817315,636.931516935604,0.00116194448169896,-1.75920517888453,-0.046552973780358,0.164349807087237,0.182216372990919,92.7345678434084,31.2128583858939
"281",2023-08-06 17:00:00,0.6573,29.478,11.581,1.751,78.273,7.781,37.4552333333333,402.795512222222,1510.2298,1027.83648666667,504.9256,170.44485,5,97.5,1.0306,0.29479,1.9995,0.146,-97499.641,302.628,-3.20343958613557,0.0406222410766735,386.433055820129,0.000386433055820129,5.66062597487558e-07,566.062597487558,9.07964406370042e-06,0.00907964406370042,9.07964406370042,450.455992447599,0.00116567665644336,-1.75313392888405,-0.0472431056453811,0.165236576580608,0.183068697409615,92.4360718807681,31.2031166696772
"282",2023-08-06 18:00:00,0.7467,29.1667,11.614,1.756,64.752,7.702,36.7624375555556,295.499836666667,1574.88204444444,1139.15939444444,537.368025,175.3061,5,111.75,1.1137,0.48204,2.1533,0.223,-96087.606,302.3167,-3.22139985411792,0.0398991674830093,283.709639192301,0.000283709639192301,4.15589227874451e-07,415.589227874451,6.66605121510619e-06,0.00666605121510619,6.66605121510619,332.596645912947,0.00117231352047052,-1.74435284571723,-0.047521074262173,0.166647592632981,0.184442065779781,99.1132686150012,32.3338192277969
"283",2023-08-06 19:00:00,0.8516,28.7495,11.729,2.016,57.426,7.68,36.0297607222222,238.44344,1809.47125555556,1312.55648888889,571.966175,179.594825,6,114.75,1.2113,0.83522,2.3337,0.358,-93583.751,301.8995,-3.24553611642793,0.0389476795923566,229.156621297981,0.000229156621297981,3.35677785142134e-07,335.677785142134,5.38427167367983e-06,0.00538427167367983,5.38427167367983,270.587473675102,0.00118079709913006,-1.73250410610014,-0.0481952629196472,0.168520248205123,0.186257289668689,106.532869537667,33.4508453430225
"284",2023-08-06 20:00:00,0.8945,28.723,11.763,1.612,55.31,7.834,35.5078722222222,199.187147222222,1352.37788888889,1540.51249444444,472.9961,166.262075,6.5,101.75,1.2549,0.69834,2.4143,0.2893,-90840.511,301.873,-3.2470717863915,0.0388879147125923,191.4411744292,0.0001914411744292,2.80430689950869e-07,280.430689950869,4.49810826681194e-06,0.00449810826681194,4.49810826681194,226.120974443999,0.0011811512080314,-1.73174836772198,-0.0483483172808526,0.168621843277038,0.186353218728059,88.1443456808189,30.983472828656
"285",2023-08-06 21:00:00,0.9388,28.7369,11.832,1.081,57.103,7.761,35.2670178333333,175.676862777778,1384.72876666667,1814.74497222222,454.8552,163.28225,7.25,92.5,1.3011,0.36221,2.4997,0.1451,-88551.972,301.8869,-3.24626624575442,0.0389192531283456,168.839650486536,0.000168839650486536,2.47323073618697e-07,247.323073618697,3.9670621008439e-06,0.0039670621008439,3.9670621008439,199.290688107921,0.00118035477764634,-1.73214482047213,-0.0486248742521294,0.168508397316667,0.186236418414412,84.7106033451713,30.4091014306467
"286",2023-08-06 22:00:00,0.864,28.3519,11.762,0.734,39.765,7.448,34.7759903888889,158.554070555556,2796.68653333333,2054.74574444444,466.5418,165.599375,8.25,93,1.2433,-0.38088,2.3931,-0.1586,-89200.127,301.5019,-3.26860925230148,0.0380593225012393,152.519610050397,0.000152519610050397,2.23416825586224e-07,223.416825586224,3.58360588240304e-06,0.00358360588240304,3.58360588240304,181.423831532048,0.00118951150918954,-1.72112587399079,-0.0485357718484241,0.170390631452158,0.188076511532219,87.7455542279621,31.1453527619157
"287",2023-08-06 23:00:00,0.8601,27.8414,11.704,0.376,28.12,7.159,34.3805841111111,147.245553888889,5006.01576111111,2279.78674444444,451.089,163.867275,9.25,94.25,1.1502,-0.35404,2.2207,-0.1586,-90255.416,300.9914,-3.29833585663328,0.036944598655351,141.805625996679,0.000141805625996679,2.07722553184975e-07,207.722553184975,3.331869753087e-06,0.003331869753087,3.331869753087,170.388362094204,0.00120156277930887,-1.70639282000005,-0.0485728822866345,0.172913172716441,0.190537718961609,85.9494691086732,31.2228967909547
"288",2023-08-07,0.8449,27.1881,11.661,0.117,23.987,6.974,34.1286255,137.530617222222,7371.60626111111,2516.68602222222,432.12455,161.20805,10,95.25,1.1419,-0.25305,2.2052,-0.115,-91540.871,300.3381,-3.33654556330397,0.0355595853715521,132.640085497906,0.000132640085497906,1.94296502840753e-07,194.296502840753,3.11651590556568e-06,0.00311651590556568,3.11651590556568,161.425900128232,0.00121702198488692,-1.68733401323725,-0.0487708421094472,0.176205411208586,0.193744090836923,83.7215780680645,31.2331070828432
"289",2023-08-07 01:00:00,0.8163,26.7772,11.652,0.136,21.552,6.921,34.0112483888889,136.09237,8384.70479444444,2776.90672222222,370.294175,150.92315,11.25,81.5,1.0994,-0.40567,2.127,-0.191,-92597.662,299.9272,-3.36067500333731,0.0347118216617735,131.368355923032,0.000131368355923032,1.92433622490294e-07,192.433622490294,3.08663530474432e-06,0.00308663530474432,3.08663530474432,161.158166570436,0.00122676549796252,-1.67522838699835,-0.0489835248118855,0.178313523195399,0.19579379730599,72.5013026435388,29.5498166398815
"290",2023-08-07 02:00:00,0.8095,26.4287,11.638,0.116,20.001,6.89,33.8710590555556,142.489796111111,9111.87063888889,2990.64475555556,395.367125,155.786,12,78.5,1.0789,-0.18266,2.0893,-0.0874,-93690.82,299.5787,-3.3811991213375,0.0340066533774565,137.644195004936,0.000137644195004936,2.01626722611031e-07,201.626722611031,3.23409263068093e-06,0.00323409263068093,3.23409263068093,170.014009558784,0.00123517021224678,-1.66488908251463,-0.049145041051423,0.180137627402581,0.197566890859783,78.1114536344212,30.7781556594822
"291",2023-08-07 03:00:00,0.791,26.0832,11.6,0.109,17.208,6.881,33.8299351666667,151.57316,9550.05576666667,3232.71525,394.12025,153.917,13,78,1.0437,-0.21243,2.0239,-0.1051,-94454.275,299.2332,-3.4016002369964,0.0333199087133256,146.52275614541,0.00014652275614541,2.14632394112042e-07,214.632394112042,3.44270360155715e-06,0.00344270360155715,3.44270360155715,182.240787024707,0.001243771219017,-1.65457320240045,-0.0492098442437569,0.181993729345554,0.199372381519327,78.5766928474924,30.6867988463102
"292",2023-08-07 04:00:00,0.8372,26.2992,11.617,0.167,19.499,6.937,33.7882531666667,159.438299444444,9147.48105555556,3519.31116111111,334.66185,144.225925,14.25,72.25,1.0903,0.20484,2.1102,0.0962,-94479.145,299.4492,-3.38883957706635,0.0337478171231835,154.057604872362,0.000154057604872362,2.25669741921231e-07,225.669741921231,3.61974266041654e-06,0.00361974266041654,3.61974266041654,190.790154179129,0.00123843385944628,-1.6610301588118,-0.0491400439176159,0.18083501138516,0.198246016808629,66.345378740307,28.5922151517901
"293",2023-08-07 05:00:00,0.8591,27.2048,11.746,0.995,33.432,7.169,33.8285489444444,158.392074444444,6276.23572777778,3896.07531666667,317.28675,141.665825,15.25,70,1.151,0.48422,2.2221,0.2179,-93152.479,300.3548,-3.33556647087878,0.0355944185415312,152.754200653008,0.000152754200653007,2.23760463284551e-07,223.760463284551,3.58911783108421e-06,0.00358911783108421,3.58911783108421,185.750685612575,0.00121601032782412,-1.68782407779418,-0.0491163157975068,0.176058246338048,0.193593041798335,61.4245070548079,27.4255179806206
"294",2023-08-07 06:00:00,0.901,27.4192,11.769,1.876,40.675,7.244,34.0328943333333,148.824812944444,4474.66481111111,4707.59288888889,382.676225,153.97,16.5,67.75,1.2041,0.60209,2.3207,0.2593,-91201.364,300.5692,-3.32300756075433,0.0360442645150993,143.460532020265,0.000143460532020265,2.10146725724565e-07,210.146725724565,3.37075348062201e-06,0.00337075348062201,3.37075348062201,173.708544168256,0.00121084553167361,-1.69410227109736,-0.0490850526758208,0.174961850883715,0.192524779610607,73.6746558803442,29.6430403166452
"295",2023-08-07 07:00:00,0.787,27.547,11.743,1.51,40.565,7.303,34.4249155555556,140.772948888889,4153.41727222222,2372.04612222222,366.945466666667,149.881933333333,11.6666666666667,70.6666666666667,1.2486,0.36931,2.4031,0.154,-89242.748,300.697,-3.31553111201797,0.0363147575116817,135.660813385785,0.000135660813385785,1.98721385880033e-07,198.721385880033,3.18749102951572e-06,0.00318749102951572,3.18749102951572,163.887751409546,0.0012080699453238,-1.69783276707222,-0.048902204945734,0.174342247497807,0.191924549865818,70.4258435153024,28.7660225880185
"296",2023-08-07 08:00:00,0.9196,27.4968,10.463,0.268,37.589,7.229,34.8471963333333,154.783366111111,4458.56886111111,1466.32024444444,425.1566,157.711475,6.5,78.75,1.2458,-0.05111,2.3975,-0.0212,-88881.906,300.6468,-3.3184670079436,0.0362082975183769,149.178923940064,0.000149178923940064,2.18523254944364e-07,218.523254944364,3.50511300930759e-06,0.00350511300930759,3.50511300930759,181.781750711373,0.00121854847796333,-1.69636847543764,-0.0435977426109147,0.175526330138804,0.193195787925956,82.1384643289204,30.4691926775897
"297",2023-08-07 09:00:00,0.9079,27.4617,11.748,0.405,33.641,7.165,35.4645451111111,166.05062,4967.85889444444,1347.07761111111,396.651425,154.038625,6,75.5,1.1773,-0.17849,2.271,-0.0776,-89164.907,300.6117,-3.32052045853608,0.0361340218559636,160.050543267724,0.000160050543267724,2.34448437800292e-07,234.448437800292,3.76055294231669e-06,0.00376055294231669,3.76055294231669,193.662926748439,0.00121001105522329,-1.6953438297608,-0.0489725974064799,0.174764412349279,0.192334713878154,76.2898383367369,29.6269748655592
"298",2023-08-07 10:00:00,0.8614,27.3717,11.758,0.541,25.828,7.073,36.4774594444444,168.252599444444,6528.36882222222,1335.02205555556,437.6168,159.91875,5,84.5,1.1772,-0.38936,2.2709,-0.1713,-90344.596,300.5217,-3.32578821044103,0.0359441772616007,162.204898185288,0.000162204898185288,2.37604223057738e-07,237.604223057738,3.81117173784611e-06,0.00381117173784611,3.81117173784611,196.597184398435,0.00121202988687716,-1.6927134914074,-0.0490671306245763,0.175208143213307,0.192765326935041,84.3573455242663,30.826790126793
"299",2023-08-07 11:00:00,0.8117,27.2444,11.749,0.467,19.491,7.003,37.3481356666667,161.004903888889,7788.82506111111,1412.79337222222,453.96035,162.987575,5,91,1.1166,-0.41087,2.159,-0.1908,-91744.203,300.3944,-3.33324528567422,0.0356771357421808,155.260710077688,0.000155260710077688,2.27432098550201e-07,227.432098550201,3.64801086074522e-06,0.00364801086074522,3.64801086074522,188.651545636407,0.00121506300945043,-1.68898554303618,-0.0491051427501078,0.175855844344525,0.193395976014523,87.7941049601445,31.5211411453653
"300",2023-08-07 12:00:00,0.7136,27.4154,11.714,0.669,13.753,6.961,38.0318523333333,157.651153888889,8906.73334444444,1351.50581111111,382.761925,151.49015,5.25,82,1.0292,-0.4127,1.9965,-0.2064,-93311.976,300.5654,-3.32322997592963,0.0360362486152348,151.96999771287,0.00015196999771287,2.22611731449721e-07,222.611731449721,3.57069217245352e-06,0.00357069217245352,3.57069217245352,184.086328426009,0.00121133336314066,-1.6939912136076,-0.0488578866184811,0.175021037110051,0.192587472185237,73.7151515845052,29.1751050494623
"301",2023-08-07 13:00:00,0.6198,27.8814,11.675,0.815,11.467,6.957,38.6447194444444,162.689893888889,8996.30497222222,1345.85032777778,356.459125,147.499375,5,71.25,0.9725,-0.27625,1.892,-0.146,-94499.091,301.0314,-3.29600249805743,0.0370309043024038,156.665339997321,0.000156665339997321,2.29489656641676e-07,229.489656641676,3.68101409253248e-06,0.00368101409253248,3.68101409253248,188.132047592788,0.0012008530259214,-1.70755227066597,-0.0484303286579242,0.172737427196106,0.190369355816372,67.8588940011175,28.0793610020674
"302",2023-08-07 14:00:00,0.5176,28.4033,11.599,0.528,27.909,6.94,39.0421923888889,179.347085,9162.88507777778,1304.74796666667,348.418725,146.7752,5,72.5,0.9038,-0.18654,1.765,-0.1054,-95359.236,301.5533,-3.26562255887985,0.0381731639483189,172.500839320642,0.000172500839320642,2.52686129470449e-07,252.686129470449,4.053085516706e-06,0.004053085516706,4.053085516706,205.190729908349,0.00118950569003867,-1.72260154868698,-0.0478364740151747,0.170258395447367,0.187962588320917,65.4896853704738,27.5882464933203
"303",2023-08-07 15:00:00,0.5043,28.6932,11.503,0.193,11.34,6.926,39.1352797222222,204.831134444444,9562.4277,1257.94687777778,330.6302,142.884975,5,68.5,0.9113,-0.11847,1.7788,-0.0667,-95891.471,301.8432,-3.24879905747225,0.0388208027198087,196.879425383302,0.000196879425383302,2.88396857478476e-07,288.396857478476,4.62588559395476e-06,0.00462588559395476,4.62588559395476,233.036510042434,0.00118365090505896,-1.73089807221989,-0.0472943928927805,0.168943242254968,0.186689983015247,61.7253464223277,26.675193555884
"304",2023-08-07 16:00:00,0.5513,28.6482,11.465,0.12,9.363,6.909,38.9791084444444,216.814485555556,10134.8429777778,1193.02488888889,289.66685,137.7524,5,66,0.9527,-0.05916,1.8551,-0.0319,-96192.205,301.7982,-3.25140808877376,0.0387196500440498,208.419504550364,0.000208419504550364,3.05301227045555e-07,305.301227045555,4.8970316818107e-06,0.0048970316818107,4.8970316818107,246.962597686864,0.00118493035582083,-1.72961317316725,-0.0471604280896551,0.169183119851661,0.186927186679904,54.1466093449296,25.7496685904047
"305",2023-08-07 17:00:00,0.6086,28.5584,11.373,0.414,18.534,6.969,37.7320782777778,220.367888888889,9580.07798333333,1125.59640555556,288.12385,135.240075,5,59,1.005,-0.01513,1.9523,-0.0081,-96188.549,301.7084,-3.25661720420151,0.0385184793353708,211.879652914543,0.000211879652914543,3.10369790775339e-07,310.369790775339,4.97833144403644e-06,0.00497833144403644,4.97833144403644,251.629072992844,0.00118760376247328,-1.72704586213219,-0.0468264521208693,0.169674681374278,0.187414521830288,53.9985935756517,25.3459539884173
"306",2023-08-07 18:00:00,0.7214,27.7367,10.582,2.331,29.099,7.203,35.686778,191.674008888889,6085.41885,1101.02855,262.9631,132.206675,5,56.5,1.0947,0.30286,2.118,0.1357,-96019.535,300.8867,-3.30444676551112,0.0367195219937044,184.635830903872,0.000184635830903872,2.70461950541228e-07,270.461950541228,4.33820968668129e-06,0.00433820968668129,4.33820968668129,223.794622458082,0.00121208663216945,-1.70335388352189,-0.0439695617404792,0.174239681931289,0.191932648381311,50.4712042095596,25.3747772664373
"307",2023-08-07 19:00:00,0.7881,28.4414,11.302,3.451,46.197,7.542,34.1034501666667,153.576726666667,3451.73910555556,1209.22586666667,207.183575,119.8888,5,45.75,1.1869,0.26698,2.2888,0.113,-94343.241,301.5914,-3.26340943479883,0.038257739449335,147.701228272372,0.000147701228272372,2.16358667222501e-07,216.358667222501,3.47039302224891e-06,0.00347039302224891,3.47039302224891,175.875555541056,0.00119075215283064,-1.72369447472796,-0.0465924237487105,0.170284127559836,0.188014748045211,38.9535676527311,22.5408625254427
"308",2023-08-07 20:00:00,0.8483,28.3032,11.295,4.192,40.038,7.502,33.2859695555556,124.074272222222,3396.61834444444,1233.27965555556,218.1624,123.264175,5,46.25,1.2455,0.81159,2.3972,0.3308,-93174.534,301.4532,-3.27144012685443,0.0379517336918557,119.365438484834,0.000119365438484834,1.74851268910124e-07,174.851268910124,2.80461435331838e-06,0.00280461435331838,2.80461435331838,142.514952991129,0.00119393816836886,-1.71972641268873,-0.0466334658290534,0.170954151465005,0.188668043245142,41.160273117664,23.2560106994768
"309",2023-08-07 21:00:00,0.8281,28.4172,11.35,2.105,38.59,7.526,33.1384662777778,105.533862222222,2740.51881666667,1306.22283333333,238.4533,126.1007,5,46,1.3105,0.07706,2.517,0.0288,-90778.162,301.5672,-3.26481507239709,0.0382040007103474,101.502046474919,0.000101502046474919,1.4868425775832e-07,148.68425775832,2.38489549444345e-06,0.00238489549444345,2.38489549444345,120.884807712131,0.00119095931471689,-1.72300037004366,-0.0468025185099164,0.170366566716394,0.188090677277233,44.8508426959913,23.7183660681332
"310",2023-08-07 22:00:00,0.8768,28.1275,11.31,1.464,32.897,7.371,33.2060286666667,93.9918399444445,3581.52670555556,1348.65594444444,249.2022,128.4418,5,46,1.2297,0.00118,2.3679,-0.0078,-91019.953,301.2775,-3.28166202395833,0.0375657709754444,90.4609640115308,9.04609640115308e-05,1.32510838522651e-07,132.510838522651,2.12547384990332e-06,0.00212547384990332,2.12547384990332,108.357377063098,0.00119783575431814,-1.71466688533565,-0.0467860647498558,0.171795072734383,0.189485594090182,47.2202269155802,24.3378707790123
"311",2023-08-07 23:00:00,0.8434,27.5674,11.079,0.626,20.994,7.169,33.0841253888889,85.6975917777778,4991.34352222222,1361.81706111111,268.6625,133.800125,5,53.5,1.2261,-0.4773,2.3614,-0.2018,-92035.419,300.7174,-3.31433835749005,0.0363580979447908,82.5817903422886,8.25817903422886e-05,1.20969109764998e-07,120.969109764998,1.94034452063057e-06,0.00194034452063057,1.94034452063057,100.123225243715,0.0012124128676397,-1.69842742919996,-0.0461259473077381,0.17472300694273,0.192356757708218,51.6790474177841,25.7373582259542
"312",2023-08-08,0.8179,26.7103,10.484,0.25,17.246,7.005,32.6749685555556,78.7405045,6587.12076111111,1333.0183,286.77435,136.3499,5,51.75,1.1764,-0.38981,2.2693,-0.1729,-93490.203,299.8603,-3.36461071919568,0.0345754742844814,76.0180142115131,7.60180142115131e-05,1.11354227937593e-07,111.354227937593,1.78612181611899e-06,0.00178612181611899,1.78612181611899,94.0358627653534,0.00123702077383536,-1.67324873602274,-0.0441109770224562,0.179539558620915,0.197096049459767,56.5220914713924,26.8740266342342
"313",2023-08-08 01:00:00,0.7638,25.8978,9.841,0.171,13.288,6.917,32.3289295,78.4338455555555,7914.50877777778,1331.93374444444,265.1613,132.54965,5,50.5,1.0911,-0.56916,2.1112,-0.2693,-95344.107,299.0478,-3.41256985461985,0.0329563994830847,75.8489484084321,7.58489484084321e-05,1.11106573586608e-07,111.106573586608,1.78214944032919e-06,0.00178214944032919,1.78214944032919,95.6925694560948,0.00126162025267389,-1.6490105442462,-0.0418529330614784,0.184360264339642,0.201839763712936,53.5200941378149,26.7537900362324
"314",2023-08-08 02:00:00,0.7446,25.1544,8.907,0.167,10.043,6.89,32.0292181666667,82.8665398333333,8335.63977777778,1287.19791666667,196.483375,117.88785,5,43.5,1.0399,-0.49951,2.0164,-0.2497,-97096.371,298.3044,-3.45671055486074,0.0315333198661336,80.2534827265691,8.02534827265691e-05,1.17558511637188e-07,117.558511637188,1.88563852666049e-06,0.00188563852666049,1.88563852666049,103.322586071461,0.00128745298722412,-1.6265154050288,-0.0382789856026428,0.189229561353017,0.206655723088688,40.6044139355308,24.3621988851208
"315",2023-08-08 03:00:00,0.7073,24.4736,7.807,0.134,8.287,6.88,31.8486427777778,89.9579108333333,8230.78346666667,1252.32010555556,206.24495,119.659275,5,44,0.9696,-0.33219,1.8867,-0.176,-98739.95,297.6236,-3.49735418128781,0.0302773871225659,87.2342203422952,8.72342203422952e-05,1.27784175326208e-07,127.784175326208,2.04965817223237e-06,0.00204965817223237,2.04965817223237,114.602224598347,0.00131373014109215,-1.60564526562746,-0.0338917237907119,0.19406987789895,0.211458084246187,43.6121620124506,25.3029210537876
"316",2023-08-08 04:00:00,0.6895,24.1571,7.495,0.131,7.571,6.872,31.9635874444444,98.6974762777778,8483.74093888889,1216.10991111111,194.435125,119.740475,5,38.5,0.9328,-0.23944,1.8186,-0.1314,-99728.309,297.3071,-3.51632119633182,0.0297085273115013,95.7653196082032,9.57653196082032e-05,1.4028087077488e-07,140.28087077488,2.25010516722908e-06,0.00225010516722908,2.25010516722908,126.849515931042,0.0013245871934643,-1.59585457925578,-0.0326954633692117,0.196213869716332,0.213566818909539,41.5248911305286,25.5725923404672
"317",2023-08-08 05:00:00,0.7215,23.984,7.312,0.079,8.335,6.854,32.1603956111111,112.771393333333,8856.33571111111,1168.80412222222,209.279,119.778825,5,38.25,0.9413,-0.12449,1.8341,-0.0678,-100341.36,297.134,-3.52671404368423,0.0294013700094798,109.455759871455,0.000109455759871455,1.60335175290103e-07,160.335175290103,2.57177621165325e-06,0.00257177621165325,2.57177621165325,145.650722792125,0.00133068120821761,-1.59047604708327,-0.0319832413809339,0.197412607061123,0.214746467459271,44.9419259634087,25.7220795451722
"318",2023-08-08 06:00:00,0.766,23.8986,7.251,0.078,8.502,6.852,32.2327038888889,124.237858333333,9080.68571666667,1092.36060555556,220.57895,123.1843,5,44.5,0.9359,-0.0459,1.8246,-0.0253,-100697.98,297.0486,-3.53184649018757,0.0292508556362452,120.603794674669,0.000120603794674669,1.76665262591242e-07,176.665262591242,2.83371081196352e-06,0.00283371081196352,2.83371081196352,160.820808064498,0.00133346391378742,-1.58781629550943,-0.0317589685586242,0.197982771625051,0.215304796395171,47.4917059188107,26.5221706305817
"319",2023-08-08 07:00:00,0.8142,24.018,7.15,0.095,8.465,6.86,32.1247625,133.696516111111,8910.89046111111,1054.01179444444,207.832425,120.256275,5,40.25,1.0176,0.00154,1.9754,0.000800000000000001,-100649.21,297.168,-3.52467161338876,0.0294614816236805,129.757618658553,0.000129757618658553,1.90074150115795e-07,190.074150115796,3.04878936785736e-06,0.00304878936785736,3.04878936785736,172.719135000144,0.00133109051156866,-1.59153382046366,-0.03125801682432,0.197346968645441,0.214699630160821,44.6215447829266,25.818977767018
"320",2023-08-08 08:00:00,0.7863,24.1259,7.153,0.124,8.357,6.873,32.1254882777778,134.993003333333,8672.04383333333,1050.76102222222,243.2172,127.3212,4.75,42.5,0.9863,-0.10669,1.9178,-0.0555,-100973.46,297.2759,-3.51819341488323,0.0296529584908355,130.990061408937,0.000130990061408937,1.91879481554267e-07,191.879481554267,3.07774688413044e-06,0.00307774688413044,3.07774688413044,173.979338795261,0.00132818732141911,-1.59488638431957,-0.0312186479499756,0.196694201628633,0.214067163880408,52.0648162109339,27.2552881858502
"321",2023-08-08 09:00:00,0.746,24.4442,7.179,0.177,8.259,6.891,32.6702387777778,135.028733888889,8670.98361666667,1043.60835555556,211.6118,118.69715,4.5,42.5,0.959,-0.1225,1.8671,-0.0658,-101323.04,297.5942,-3.4991141153195,0.0302241477817412,130.94760548105,0.00013094760548105,1.91817290412861e-07,191.817290412861,3.07674933822229e-06,0.00307674933822229,3.07674933822229,172.791112738024,0.00131954389011741,-1.6047381665237,-0.0311793637157261,0.194773578639646,0.212203870827028,44.9048430726748,25.1879946861363
"322",2023-08-08 10:00:00,0.6131,25.0205,7.387,0.218,8.121,6.909,33.1458323333333,140.389242222222,8952.54121111111,1017.13218166667,230.598,123.11615,4.5,40.75,0.9125,-0.07722,1.7814,-0.0434,-101712.08,298.1705,-3.46468769857408,0.0312827746904775,135.997477188818,0.000135997477188818,1.99214544485268e-07,199.214544485268,3.19540129354369e-06,0.00319540129354369,3.19540129354369,177.183563294215,0.00130284448621216,-1.62243106711775,-0.0318084263559293,0.191237437735941,0.208754759027803,48.1384299222933,25.7010822256808
"323",2023-08-08 11:00:00,0.5915,25.9421,7.761,0.395,7.688,6.886,33.5010878333333,159.196942777778,9689.89811666667,977.516195,274.0134,131.587125,5,50.5,0.8589,-0.11745,1.6818,-0.0699,-102045.78,299.0921,-3.40994733725319,0.0330429416417225,153.936607488031,0.000153936607488031,2.25492500112767e-07,225.492500112767,3.61689970180879e-06,0.00361689970180879,3.61689970180879,196.497087346017,0.00127648056269718,-1.65034142057807,-0.0329869218213167,0.185754690801169,0.203396524095085,55.7333731154761,26.7643638406654
"324",2023-08-08 12:00:00,0.4766,26.9782,8.116,0.18,7.262,6.831,34.3980685,216.344350555556,11229.1546666667,885.728992777778,242.278775,127.5722,4.75,48.5,0.7908,-0.07203,1.5562,-0.0466,-102360.82,300.1282,-3.34886221193389,0.0351242966097834,208.745407416791,0.000208745407416791,3.05778622600413e-07,305.778622600413,4.90468910651062e-06,0.00490468910651062,4.90468910651062,260.571315592094,0.00124827328570551,-1.68116155967343,-0.0340324151751006,0.179928815663105,0.19769984101446,47.898475298678,25.2210036578648
"325",2023-08-08 13:00:00,0.3501,27.6457,8.342,0.086,6.629,6.788,35.2045977222222,630.809468888889,14820.4292222222,571.329477777778,348.137175,144.45415,4.75,63.25,0.7008,-0.05463,1.3895,-0.0394,-102608.13,300.7957,-3.30976199429105,0.0365248671115486,607.769236865016,0.000607769236865016,8.9028468892935e-07,890.28468892935,1.42801664104268e-05,0.0142801664104268,14.2801664104268,747.924906267626,0.00123060671863808,-1.70070779812303,-0.0346988607732652,0.176328480159388,0.194174807320078,67.5994688765812,28.0493567428356
"326",2023-08-08 14:00:00,0.2511,27.6141,8.382,0.065,7.183,6.833,35.5135737777778,1207.50312,16227.9497777778,83.6138565288889,464.2641,165.135525,5,79.5,0.6051,-0.03554,1.2126,-0.0291,-102775.86,300.7641,-3.31160857827436,0.0364574831119082,1163.48059539502,0.00116348059539502,1.70431291535845e-06,1704.31291535845,2.73371791623495e-05,0.0273371791623495,27.3371791623495,1432.31531851046,0.00123106077074209,-1.69978789386134,-0.0348781649473587,0.17645911741625,0.194298252375957,90.2057032708967,32.0855439126862
"327",2023-08-08 15:00:00,0.2236,27.527,8.351,0.06,7.364,6.917,36.0135577222222,1753.77756111111,15919.0341666667,-0.01,623.34165,187.110175,5,105,0.5489,-0.01901,1.1085,-0.0171,-102867.01,300.677,-3.31670065798923,0.0362723105604495,1690.16399676054,0.00169016399676054,2.47581982901471e-06,2475.81982901471,3.9712150057396e-05,0.039712150057396,39.712150057396,2084.57678858881,0.00123335770527843,-1.6972495469699,-0.0347848920337935,0.176924102287764,0.194753828678667,121.398172912378,36.4404229659854
"328",2023-08-08 16:00:00,0.2415,27.2252,8.303,0.06,6.593,6.913,36.5290783333333,2081.03852222222,15306.6832777778,-0.01,607.338075,186.07785,5,123.25,0.5583,-0.01908,1.1257,-0.017,-102935.73,300.3752,-3.33437062184565,0.0356370095532177,2006.87653252517,0.00200687653252517,2.93975301990418e-06,2939.75301990418,4.7153638439263e-05,0.047153638439263,47.153638439263,2490.37810226236,0.00124092242940766,-1.68842251447075,-0.0347106457721241,0.17850598297751,0.196297896167183,119.219186384727,36.5266904783126
"329",2023-08-08 17:00:00,0.2956,26.7724,8.295,0.06,7.36,6.9,36.5923096111111,2200.73681111111,14789.7198888889,-0.01,651.550575,191.8962,5,126.5,0.599,-0.00941,1.2011,-0.008,-102990.8,299.9224,-3.36095732003502,0.0347020233181961,2124.36679097472,0.00212436679097472,3.11185745009141e-06,3111.85745009141,4.99141934994662e-05,0.0499141934994662,49.9141934994662,2659.5379208911,0.00125192030500102,-1.67508643046626,-0.0348732505423476,0.18087308509047,0.198601097476617,129.398659256521,38.1107959215923
"330",2023-08-08 18:00:00,0.3918,26.5614,8.309,0.06,7.16,6.898,35.7347017222222,2208.92878333333,14246.7083333333,-0.01,553.8959,179.20345,5,117.5,0.6915,0.01035,1.3722,0.0075,-102989.34,299.7114,-3.37337765556961,0.0342736781512209,2133.2206691544,0.0021332206691544,3.12482696500413e-06,3124.82696500413,5.01222245186662e-05,0.0501222245186662,50.1222245186662,2681.37680909557,0.00125696176109078,-1.6688338456424,-0.0350267613541489,0.181979614395169,0.19967550796938,110.599445194657,35.7825399086154
"331",2023-08-08 19:00:00,0.4816,26.2796,8.316,0.06,7.906,6.906,34.1737680555556,2157.07853888889,13301.7103333333,-0.01,584.103425,183.3489,5,120.25,0.7695,0.01012,1.5166,0.0067,-102951.45,299.4296,-3.38999662519703,0.0337087918562848,2084.36602740382,0.00208436602740382,3.05326273158222e-06,3053.26273158222,4.89743342145788e-05,0.0489743342145788,48.9743342145788,2634.29109398234,0.00126383325162111,-1.66044530531085,-0.0351859079461313,0.183483375328426,0.201136202384186,117.484344704096,36.8781014573179
"332",2023-08-08 20:00:00,0.5838,26.4144,8.343,0.06,9.802,6.909,32.631664,2081.53511111111,12760.8956111111,-0.01,577.03755,182.125,4.5,110.75,0.8688,0.06562,1.7003,0.0383,-102819.72,299.5644,-3.38204244748756,0.0339779867670373,2010.80873865065,0.00201080873865065,2.94551307272502e-06,2945.51307272502,4.72460296865094e-05,0.0472460296865094,47.2460296865094,2534.23904235606,0.00126030834939411,-1.66446341280677,-0.035237487440406,0.182738172821933,0.200409485991209,115.643798793127,36.499577636149
"333",2023-08-08 21:00:00,0.6178,27.7962,9.041,0.31,31.451,7.075,31.7146486111111,1770.95564444444,7829.05252222222,-0.01,512.88755,173.054875,4.25,107.5,0.9444,0.08568,1.8399,0.0466,-102544.33,300.9462,-3.30097340136546,0.0368472840170748,1705.70073883196,0.00170570073883196,2.49857867027061e-06,2498.57867027061,4.00772018711405e-05,0.0400772018711405,40.0772018711405,2084.23817016468,0.00122192487973708,-1.70508160532415,-0.0375406612713862,0.175060742270383,0.192875215652393,98.9232968116777,33.377996335323
"334",2023-08-08 22:00:00,0.6336,28.2813,9.792,0.323,38.563,7.183,31.1514241666667,1202.59202833333,4591.64906111111,134.832470282722,528.110325,175.3405,4,98.5,0.9929,0.06656,1.9298,0.0344,-102257.8,301.4313,-3.27271348788416,0.0379034381889991,1157.00965572082,0.00115700965572082,1.69483402408608e-06,1694.83402408608,2.71851377463408e-05,0.0271851377463408,27.1851377463408,1394.43169120365,0.00120520315825274,-1.71909667280826,-0.0404377518780121,0.172124982313649,0.189946392755923,100.312651210908,33.3052954790199
"335",2023-08-08 23:00:00,0.6292,28.2977,9.404,0.128,31.315,7.119,30.8624675,829.6478,4667.42627222222,463.086455555556,556.88685,180.93755,4.75,107,1.0005,-0.01508,1.9437,-0.0078,-102141.77,301.4477,-3.27175990091565,0.0379395996521488,798.171294615714,0.000798171294615714,1.16919323920488e-06,1169.19323920488,1.87538595568463e-05,0.0187538595568463,18.7538595568463,963.887546513345,0.00120761990942986,-1.71956828295652,-0.038828463882281,0.172320916526896,0.190172959725151,105.904820496516,34.4094294089175
"336",2023-08-09,0.6538,26.7481,9.187,0.163,27.069,7.036,30.8124871111111,646.414800555556,5814.49523888889,527.341107222222,585.443325,184.8939,4.25,114.75,0.9746,-0.07199,1.8958,-0.0379,-102340.99,299.8981,-3.36238670606014,0.034652456165278,624.014940014717,0.000624014940014717,9.14082044731158e-07,914.082044731158,1.46618759974878e-05,0.0146618759974878,14.6618759974878,777.400460665002,0.00124580424412061,-1.67436758290823,-0.0386352737953075,0.180323493190554,0.197981596167711,115.907003949232,36.6055894436731
"337",2023-08-09 01:00:00,0.668555555555556,25.2955555555556,8.44888888888889,0.0877777777777778,20.7144444444444,6.94333333333333,30.6430638815789,589.292971052632,7773.63924342105,501.262113815789,591.686075,184.740475,4.5,111,0.936176470588235,-0.0847352941176471,1.825,-0.0465294117647059,-102596.458823529,298.445555555556,-3.44830996629126,0.0317993340833894,570.553846993136,0.000570553846993136,8.35770097229425e-07,835.770097229425,1.340575235956e-05,0.01340575235956,13.40575235956,734.557052969022,0.00128744562295075,-1.63081027389009,-0.0362365203175457,0.188803819663351,0.206288342853523,122.057939901255,38.1098064457226
"338",2023-08-09 01:00:00,0.668555555555556,25.2955555555556,8.44888888888889,0.0877777777777778,20.7144444444444,6.94333333333333,30.6430638815789,589.292971052632,7773.63924342105,501.262113815789,591.686075,184.740475,4.5,111,0.918333333333333,-0.0371666666666667,1.79166666666667,-0.021,-102730.133333333,298.445555555556,-3.44830996629126,0.0317993340833894,570.553846993136,0.000570553846993136,8.35770097229425e-07,835.770097229425,1.340575235956e-05,0.01340575235956,13.40575235956,734.557052969022,0.00128744562295075,-1.63081027389009,-0.0362365203175457,0.188803819663351,0.206288342853523,122.057939901255,38.1098064457226
"339",2023-08-09 01:00:00,0.668555555555556,25.2955555555556,8.44888888888889,0.0877777777777778,20.7144444444444,6.94333333333333,30.4271875,601.183382142857,9255.33714285714,520.421460714286,591.686075,184.740475,4.5,111,0.936176470588235,-0.0847352941176471,1.825,-0.0465294117647059,-102596.458823529,298.445555555556,-3.44830996629126,0.0317993340833894,582.066150928714,0.000582066150928714,8.52633780526418e-07,852.633780526418,1.36762458396437e-05,0.0136762458396437,13.6762458396437,749.378518280962,0.00128744562295075,-1.63081027389009,-0.0362365203175457,0.188803819663351,0.206288342853523,122.057939901255,38.1098064457226
"340",2023-08-09 01:00:00,0.668555555555556,25.2955555555556,8.44888888888889,0.0877777777777778,20.7144444444444,6.94333333333333,30.4271875,601.183382142857,9255.33714285714,520.421460714286,591.686075,184.740475,4.5,111,0.918333333333333,-0.0371666666666667,1.79166666666667,-0.021,-102730.133333333,298.445555555556,-3.44830996629126,0.0317993340833894,582.066150928714,0.000582066150928714,8.52633780526418e-07,852.633780526418,1.36762458396437e-05,0.0136762458396437,13.6762458396437,749.378518280962,0.00128744562295075,-1.63081027389009,-0.0362365203175457,0.188803819663351,0.206288342853523,122.057939901255,38.1098064457226
"341",2023-08-09 01:00:00,0.679,24.538,8.28,0.06,16.79,6.9,30.6430638815789,589.292971052632,7773.63924342105,501.262113815789,591.686075,184.740475,4.5,111,0.936176470588235,-0.0847352941176471,1.825,-0.0465294117647059,-102596.458823529,297.688,-3.49350046770893,0.0303942926146888,571.381828054679,0.000571381828054679,8.36982957007615e-07,836.982957007615,1.34252066304021e-05,0.0134252066304021,13.4252066304021,747.520498145228,0.00130826788925057,-1.60763055291047,-0.0359100985904639,0.19329444101683,0.210658742659411,124.643844608582,38.9171961818023
"342",2023-08-09 01:00:00,0.679,24.538,8.28,0.06,16.79,6.9,30.6430638815789,589.292971052632,7773.63924342105,501.262113815789,591.686075,184.740475,4.5,111,0.918333333333333,-0.0371666666666667,1.79166666666667,-0.021,-102730.133333333,297.688,-3.49350046770893,0.0303942926146888,571.381828054679,0.000571381828054679,8.36982957007615e-07,836.982957007615,1.34252066304021e-05,0.0134252066304021,13.4252066304021,747.520498145228,0.00130826788925057,-1.60763055291047,-0.0359100985904639,0.19329444101683,0.210658742659411,124.643844608582,38.9171961818023
"343",2023-08-09 01:00:00,0.679,24.538,8.28,0.06,16.79,6.9,30.4271875,601.183382142857,9255.33714285714,520.421460714286,591.686075,184.740475,4.5,111,0.936176470588235,-0.0847352941176471,1.825,-0.0465294117647059,-102596.458823529,297.688,-3.49350046770893,0.0303942926146888,582.910838510919,0.000582910838510919,8.53871112684334e-07,853.871112684334,1.36960926474567e-05,0.0136960926474567,13.6960926474567,762.603532319961,0.00130826788925057,-1.60763055291047,-0.0359100985904639,0.19329444101683,0.210658742659411,124.643844608582,38.9171961818023
"344",2023-08-09 01:00:00,0.679,24.538,8.28,0.06,16.79,6.9,30.4271875,601.183382142857,9255.33714285714,520.421460714286,591.686075,184.740475,4.5,111,0.918333333333333,-0.0371666666666667,1.79166666666667,-0.021,-102730.133333333,297.688,-3.49350046770893,0.0303942926146888,582.910838510919,0.000582910838510919,8.53871112684334e-07,853.871112684334,1.36960926474567e-05,0.0136960926474567,13.6960926474567,762.603532319961,0.00130826788925057,-1.60763055291047,-0.0359100985904639,0.19329444101683,0.210658742659411,124.643844608582,38.9171961818023
"345",2023-08-09 02:00:00,0.5796,23.8838,8.274,0.06,14.474,6.906,30.1546377777778,651.433898888889,10411.4720388889,551.310053333333,531.0608,177.6168,4.75,105.25,0.8905,-0.05952,1.7405,-0.0343,-102843.19,297.0338,-3.53273629477704,0.0292248396672075,632.395847640077,0.000632395847640077,9.26358733457091e-07,926.358733457091,1.48587940846517e-05,0.0148587940846517,14.8587940846517,838.265972907396,0.00132553996999754,-1.58735493678797,-0.0362480971668408,0.197186946355816,0.21442865819683,113.874654764935,38.0861320972147
"346",2023-08-09 03:00:00,0.6717,23.1372,8.396,0.06,11.192,6.898,29.7167991111111,816.668572777778,12245.7435,547.593506111111,480.50535,168.930025,5,95.75,0.8337,-0.03327,1.6353,-0.0203,-103022.78,296.2872,-3.57775435288049,0.0279383686234882,793.852185148294,0.000793852185148294,1.16286643489263e-06,1162.86643489263,1.86523776156777e-05,0.0186523776156777,18.6523776156777,1067.44610859112,0.0013446408897794,-1.56392040978468,-0.0372278437351458,0.20166482265518,0.218746863053266,105.109037992812,36.9529130442599
"347",2023-08-09 04:00:00,0.6647,22.844,8.254,0.06,10.121,6.911,29.2683458333333,1073.28061444444,14243.7976111111,355.263883888889,446.95385,165.687525,6,99.75,0.8028,-0.02028,1.5782,-0.0129,-103113.46,295.994,-3.59550408740297,0.027446845113085,1043.82244765691,0.00104382244765691,1.52903287422575e-06,1529.03287422575,2.4525687302581e-05,0.024525687302581,24.525687302581,1413.17833826315,0.00135384934615589,-1.55463071500173,-0.0367769160926886,0.203638761639109,0.220669418314503,98.6290460929277,36.5621697637197
"348",2023-08-09 05:00:00,0.6613,22.6921,8.794,0.06,9.265,6.915,28.7159054444444,1404.07123333333,16581.0904444444,48.2203070993333,481.1516,169.60435,6,87.75,0.7792,-0.02,1.5347,-0.0131,-103191.92,295.8421,-3.60471551268325,0.0271951814228971,1365.88726141216,0.00136588726141216,2.00080629600699e-06,2000.80629600699,3.20929329879522e-05,0.0320929329879521,32.0929329879522,1848.77381023389,0.00135353323986818,-1.54979863650686,-0.0392832083061165,0.204112933074265,0.221069737352554,106.368057838761,37.4943891083506
"349",2023-08-09 06:00:00,0.6822,22.5898,8.877,0.06,10.147,6.914,28.6564147222222,1695.03338888889,17587.4178888889,-0.00455436388888889,572.189875,183.547875,7,104,0.789,-0.00261,1.5524,-0.0017,-103220.21,295.7398,-3.61092517843706,0.0270268316766988,1649.222006801,0.001649222006801,2.41584636444238e-06,2415.84636444238,3.87501756856558e-05,0.0387501756856558,38.7501756856558,2235.79050660426,0.00135566375987246,-1.54653693707388,-0.0397227438604999,0.204689786826184,0.221617853260181,126.807491754711,40.677486027968
"350",2023-08-09 07:00:00,0.7108,22.5843,8.944,0.06,9.949,6.912,29.5894742222222,1933.46004444444,18415.2465555556,-0.01,550.19525,180.577375,7.75,105.5,0.8009,0.00099,1.5745,5e-04,-103236.28,295.7343,-3.61125916956319,0.0270178064621007,1881.22219516144,0.00188122219516144,2.75568952036028e-06,2755.68952036028,4.42012599065789e-05,0.0442012599065789,44.2012599065789,2549.5376116879,0.00135525597042465,-1.54636140702238,-0.0400262946121976,0.204663583973641,0.221585362408698,121.915213866794,40.0133030821864
"351",2023-08-09 08:00:00,0.7408,22.6875,8.91,0.06,9.788,6.907,31.0994612777778,2128.54932222222,18635.4185,-0.01,674.26825,197.335975,9.25,123.5,0.8325,-0.01449,1.6329,-0.0088,-103244.16,295.8375,-3.60499463052633,0.0271875918218415,2070.67919207699,0.00207067919207699,3.03321370772205e-06,3033.21370772205,4.86527478718617e-05,0.0486527478718617,48.6527478718617,2800.99343890288,0.00135269309201555,-1.54965210033062,-0.039804478730156,0.20403645929739,0.220983474381811,149.002140550343,43.6079893760221
"352",2023-08-09 09:00:00,0.7408,22.7672,8.914,0.06,9.897,6.888,32.6752016666667,2262.62447222222,18935.3710555556,-0.01,722.343425,201.09465,10.5,135.5,0.8546,0.0225,1.674,0.0134,-103241.97,295.9172,-3.60016000357343,0.0273193519335197,2200.81103797219,0.00220081103797219,3.22383604086318e-06,3223.83604086318,5.17103300954454e-05,0.0517103300954454,51.7103300954454,2972.12470023587,0.00135046791794281,-1.55218928597809,-0.0397688785133058,0.203526682554377,0.220490741448948,159.270037359022,44.3395084799167
"353",2023-08-09 10:00:00,0.6988,23.4044,8.862,0.06,10.893,6.882,34.0358546111111,2324.97087222222,18347.5938333333,11.3554253066667,887.0497,217.5599,13,167.75,0.8664,-0.0398,1.6956,-0.0236,-103254.4,296.5544,-3.56161330494086,0.0283929822662082,2258.95801547777,0.00225895801547777,3.30901205939245e-06,3309.01205939245,5.30765534326549e-05,0.0530765534326549,53.0765534326549,3012.49425678119,0.00133357691295739,-1.57234369005391,-0.0391228199874706,0.199594691721241,0.21669662839677,192.220679210366,47.1444968043384
"354",2023-08-09 11:00:00,0.6291,23.7987,8.921,0.061,11.511,6.893,35.0781207222222,2379.40505555556,18534.4441666667,631.4350905,786.31265,207.064625,15.5,155.75,0.8418,-0.02671,1.6501,-0.0162,-103381.45,296.9487,-3.53785462612488,0.0290756394096634,2310.22233215069,0.00231022233215069,3.38410608102762e-06,3384.10608102762,5.4281061539683e-05,0.054281061539683,54.281061539683,3055.40791917316,0.00132256011754884,-1.58469972506518,-0.0391351518818875,0.197141235243244,0.214317530740895,168.52058553833,44.3775791337894
"355",2023-08-09 12:00:00,0.538,24.1701,8.917,0.062,11.346,6.899,36.1274582222222,2430.91384444444,18682.6336666667,1818.50425,774.918325,206.26075,18.5,151.25,0.803,-0.04481,1.5787,-0.0284,-103520.55,297.3201,-3.51554123699817,0.0297317077931655,2358.63862435106,0.00235863862435106,3.45502820249441e-06,3455.02820249441,5.54186523680103e-05,0.0554186523680103,55.4186523680103,3096.40277039341,0.00131279236184192,-1.59625783223801,-0.0388908332596186,0.194923390762146,0.212171488316823,164.41557433923,43.7626503088442
"356",2023-08-09 13:00:00,0.4534,24.9001,8.987,0.063,11.135,6.867,36.7410706666667,2490.17256666667,19417.8217777778,3116.72194444444,695.7726,196.390975,21.75,152,0.7361,-0.03007,1.4543,-0.0206,-103648.85,298.0501,-3.47186752987731,0.0310589740347318,2412.83036157657,0.00241283036157657,3.53441042685182e-06,3534.41042685182,5.66919432467031e-05,0.0566919432467031,56.6919432467031,3120.55065112049,0.00129331539457316,-1.61875000003096,-0.0387664166380816,0.190611792995143,0.207987786796198,144.712203187437,40.8469242369975
"357",2023-08-09 14:00:00,0.4043,25.7915,9.259,0.063,9.874,6.811,36.8643519444444,2781.26103333333,24212.9519444444,3727.8035,823.65085,211.72025,25,159.75,0.6816,-0.02544,1.3542,-0.0189,-103748.85,298.9415,-3.41886631670404,0.0327495426818867,2690.17600641271,0.00269017600641271,3.9406774212336e-06,3940.6774212336,6.3208465836587e-05,0.063208465836587,63.208465836587,3413.04590372565,0.00126870728740045,-1.6458126339693,-0.0394352443014539,0.185398470007576,0.202904253054255,167.122260496753,42.9589391827102
"358",2023-08-09 15:00:00,0.3413,26.0796,9.427,0.065,9.166,6.758,37.1074563333333,3420.29573333333,28989.1365555556,3316.55063333333,993.805,230.403275,28.25,182.5,0.6259,-0.02063,1.2509,-0.0167,-103836.78,299.2296,-3.40181309214362,0.0333128171540897,3306.35604695589,0.00330635604695589,4.84328259182286e-06,4843.28259182286,7.76862527728387e-05,0.0776862527728387,77.6862527728387,4166.98655825382,0.00126029577549287,-1.65446536951509,-0.0399934224298686,0.183698621302892,0.201237653205256,199.99098594365,46.3658143518053
"359",2023-08-09 16:00:00,0.3127,26.0104,9.468,0.069,9.097,6.791,37.3979948888889,4178.42706666667,29224.7185,2671.23305555556,1215.26575,253.501075,31.5,210.5,0.5911,-0.01362,1.1866,-0.0115,-103898.43,299.1604,-3.40590577320374,0.0331767570349425,4039.80040708764,0.00403980040708764,5.91766122831826e-06,5917.66122831826,9.49192861022249e-05,0.0949192861022249,94.9192861022249,5096.96835484543,0.00126168816308425,-1.6523911977522,-0.0402049351399112,0.184041108071875,0.201566214560591,244.956516912637,51.0972520747904
"360",2023-08-09 17:00:00,0.327,26.0282,9.486,0.07,8.807,6.814,37.5662512777778,4797.77969444444,28856.0078888889,2947.74268333333,1256.6095,257.854275,34.5,235.25,0.5945,-0.00416,1.1923,-0.0036,-103927.09,299.1782,-3.4048528258975,0.0332117088094853,4638.43723230049,0.00463843723230049,6.79456839536306e-06,6794.56839536306,0.000108984877061623,0.108984877061623,108.984877061623,5849.58970369892,0.00126111218299223,-1.65292497890487,-0.0402716638578782,0.183930622746959,0.201457194355901,253.153024270972,51.9465987941749
"361",2023-08-09 18:00:00,0.4041,25.9332,9.483,0.07,8.903,6.83,36.3991166111111,5176.23153333333,27047.3371666667,3368.44594444444,1142.31325,246.83215,37,242.25,0.6661,0.01271,1.3251,0.0096,-103913.01,299.0832,-3.41047413778706,0.0330255391868208,5005.28369598918,0.00500528369598918,7.33193976923278e-06,7331.93976923278,0.000117604313898494,0.117604313898494,117.604313898494,6324.07274066782,0.00126347937994712,-1.65007413031769,-0.0403109035786846,0.184448491397565,0.201960260085507,230.701881069121,49.8502852114648
"362",2023-08-09 19:00:00,0.4829,25.895,9.469,0.07,8.881,6.828,35.015521396648,5351.23081564246,27473.1834636871,3527.36054748603,1144.27525,245.702275,39.25,230.5,0.7569,0.02592,1.4933,0.0172,-103852.51,299.045,-3.41273564160736,0.0329509361938363,5174.90275047773,0.00517490275047773,7.5804045450098e-06,7580.4045450098,0.000121589688901957,0.121589688901957,121.589688901957,6543.82505581011,0.00126453102045367,-1.64892638935468,-0.040272390539757,0.184667423987794,0.202174152686912,231.342879109354,49.6746492613716
"363",2023-08-09 20:00:00,0.5573,26.0173,9.454,0.069,10.264,6.795,34.1902085,5384.69725,28216.7991111111,3844.71443333333,1045.517275,236.2946,41.5,218.75,0.8595,0.06938,1.683,0.0412,-103671.55,299.1673,-3.40549759132812,0.0331903019499202,5205.9775223636,0.00520597752236359,7.62592411385909e-06,7625.92411385909,0.0001223198227863,0.1223198227863,122.3198227863,6567.99027194342,0.00126162478491867,-1.65259813359118,-0.0401417336437385,0.18401465694517,0.201541893021097,210.715530789759,47.6232609946629
"364",2023-08-09 21:00:00,0.5872,28.4848,9.643,0.563,32.752,7.065,33.8152795,4595.01027222222,13859.6572722222,6160.57891111111,967.2388,228.728125,44.5,205.75,0.9458,0.12033,1.8427,0.065,-103339.79,301.6348,-3.26088922373553,0.0383542786249933,4418.7719679567,0.0044187719679567,6.4727939295417e-06,6472.7939295417,0.000103823614629849,0.103823614629849,103.823614629849,5309.59939516439,0.00120160067857487,-1.72493849099912,-0.0397346713776543,0.171242745911688,0.18910038958273,182.905233899533,43.2525775460274
"365",2023-08-09 22:00:00,0.6255,28.9682,10.095,1.557,44.049,7.27,33.3282407777778,3085.99555,4725.10856111111,10482.12715,864.089725,217.487625,47,183.75,1.0117,0.21169,1.9645,0.1069,-102806.29,302.1182,-3.23287420406076,0.0394439670365786,2964.27164325077,0.00296427164325077,4.34218367389946e-06,4342.18367389946,6.96486261293474e-05,0.0696486261293474,69.6486261293473,3519.78799278332,0.00118740399544603,-1.73872683716253,-0.0413879825433036,0.168618785397717,0.186501204212135,161.153774259832,40.5617039637372
"366",2023-08-09 23:00:00,0.675,28.9504,10.849,1.3,53.252,7.306,32.9650013888889,2032.18392222222,3762.14518333333,13404.8916111111,744.102425,205.677725,48.5,168,1.0659,0.18666,2.0649,0.0906,-101920.23,302.1004,-3.23390397716818,0.0394033696071577,1952.10902802518,0.00195210902802518,2.8595273886124e-06,2859.5273886124,4.58668193133429e-05,0.0458668193133429,45.8668193133429,2308.34580852653,0.00118248815787801,-1.73822131824259,-0.0444873045599509,0.168181988197845,0.186007123951544,138.408351999619,38.2575220881465
"367",2023-08-10,0.6857,28.753,10.845,0.756,54.966,7.263,32.7900581666667,1344.7157,3701.69029444444,15288.171,719.45055,202.264275,49.75,151,1.0681,0.05954,2.0688,0.0287,-101509.71,301.903,-3.24533331504079,0.0389555790367032,1292.33152126675,0.00129233152126675,1.89305890561239e-06,1893.05890561239,3.03646648460228e-05,0.0303646648460228,30.3646648460228,1533.93517880397,0.00118695176397183,-1.73260389267789,-0.044561224432633,0.169116894942972,0.18691890146062,134.478906461239,37.8070160877286
"368",2023-08-10 01:00:00,0.6694,28.0167,10.651,0.437,38.44,7.132,32.6862515,933.47441,5130.27182777778,16348.8954444444,725.175625,202.35385,51.25,136.5,1.0458,-0.07531,2.0281,-0.0371,-101637.35,301.1667,-3.28811514091228,0.0373241351550395,898.633284957389,0.000898633284957389,1.31635398113698e-06,1316.35398113698,2.11143178574372e-05,0.0211143178574372,21.1143178574372,1082.95214033172,0.00120511020285997,-1.71146774116298,-0.0441147390116418,0.172806556577596,0.190531138139623,138.168537182362,38.5547093474345
"369",2023-08-10 02:00:00,0.6615,27.1044,10.486,0.14,26.269,7.007,32.5709187777778,687.919205555556,7410.19051111111,16819.7383333333,699.12595,199.53675,52.25,144.25,1.0103,-0.16045,1.9618,-0.0819,-102022.02,300.2544,-3.34145461791452,0.0353854491985552,663.576875454659,0.000663576875454659,9.72033950241003e-07,972.033950241003,1.55914245618657e-05,0.0155914245618657,15.5914245618657,814.619867970612,0.00122761943356218,-1.6848755434723,-0.0439016475122642,0.177501327542037,0.195114605895434,136.409684205521,38.9325343379058
"370",2023-08-10 03:00:00,0.6605,26.0365,10.278,0.068,18.841,6.917,32.2705375555556,527.519316111111,9304.51985555556,16998.7142222222,627.207325,189.906125,53.25,129,0.9637,-0.12236,1.8757,-0.0651,-102554.61,299.1865,-3.40436189354935,0.0332280175144142,509.990895036179,0.000509990895036179,7.47055062684797e-07,747.055062684797,1.19827632054641e-05,0.0119827632054641,11.9827632054641,639.98111345649,0.00125488733168675,-1.65317381731735,-0.0436291059635071,0.183268511921726,0.200737560468861,125.9040683287,38.1212922505946
"371",2023-08-10 04:00:00,0.6471,25.0652,10.136,0.063,13.892,6.858,31.9432813888889,448.057203888889,10524.8464777778,17013.9683333333,590.511825,186.184875,54,119.25,0.9089,-0.10922,1.7743,-0.0612,-102976.59,298.2152,-3.46202377374035,0.0313662207476339,434.003342724142,0.000434003342724142,6.35745456556033e-07,635.745456556033,1.01973571231588e-05,0.0101973571231588,10.1973571231588,555.580459215365,0.00128012944722525,-1.62379565517801,-0.0436171873561338,0.188734720988624,0.20605367954079,121.677134353597,38.3640785685921
"372",2023-08-10 05:00:00,0.6287,24.4892,10.023,0.06,18.051,6.823,31.6589482222222,497.647491111111,12235.1306666667,16871.5210555556,451.2349,166.742175,54.75,106.25,0.8584,-0.05351,1.6811,-0.032,-103254.09,297.6392,-3.496420499141,0.0303056697795294,482.565950578886,0.000482565950578886,7.06881907045976e-07,706.881907045976,1.13383857890175e-05,0.0113383857890175,11.3383857890175,625.26080535364,0.00129570021383311,-1.60612638688486,-0.0435015290911697,0.192121380619527,0.209345978511775,94.4642116791631,34.9068037845567
"373",2023-08-10 06:00:00,0.5754,24.194,9.963,0.06,19.611,6.822,31.6381987777778,687.343442222222,13730.2563888889,16839.8047222222,456.120575,167.107075,55,95,0.8394,-0.02986,1.6455,-0.0182,-103397.58,297.344,-3.51410751389509,0.0297743654013683,666.878227417263,0.000666878227417263,9.76869902649904e-07,976.869902649904,1.56689932385045e-05,0.0156689932385045,15.6689932385045,869.483640561988,0.00130381170776768,-1.5969989494163,-0.0434368339278337,0.193895527435787,0.2110696383301,96.2732048001671,35.2712298826508
"374",2023-08-10 07:00:00,0.6261,24.1688,9.946,0.06,15.443,6.828,32.1792968888889,816.644813333333,13470.9783277778,12726.1347888889,475.21025,169.9794,52.25,101,0.8379,-0.00863,1.6428,-0.0052,-103473.16,297.3188,-3.51561922944511,0.0297293890349715,792.366461974355,0.000792366461974355,1.16069008815851e-06,1160.69008815851,1.86174690140626e-05,0.0186174690140626,18.6174690140626,1033.72324157752,0.00130460246765338,-1.59621751121601,-0.0433796127765643,0.194058207940325,0.211228824876324,100.378102676684,35.9045489151827
"375",2023-08-10 08:00:00,0.6701,24.3593,9.966,0.06,17.673,6.834,32.7688518333333,941.291479444444,13981.1571111111,2065.15927222222,547.724275,180.30175,15,105.75,0.8886,0.02699,1.737,0.0156,-103420.92,297.5093,-3.50419859209749,0.0300708638204096,912.986031550759,0.000912986031550759,1.33737845845681e-06,1337.37845845681,2.14515504736473e-05,0.0214515504736473,21.4515504736473,1186.42751506393,0.00129950237360009,-1.60211596685468,-0.0433397101045903,0.192924631451712,0.21012949681844,115.093026300995,37.8867160029842
"376",2023-08-10 09:00:00,0.6801,24.6289,9.992,0.061,18.215,6.836,33.4726786111111,997.380696111111,13254.7169444444,1086.86988611111,463.86205,167.335575,8.75,98,0.9153,-0.01124,1.786,-0.0063,-103382.35,297.7789,-3.48806420982024,0.0305599737606407,966.900768208586,0.000966900768208586,1.41635492130266e-06,1416.35492130266,2.27183329376947e-05,0.0227183329376947,22.7183329376947,1249.58044672343,0.00129235645250192,-1.61042881697358,-0.0432757333953092,0.191339766252162,0.208592147614227,96.7579812062378,34.9048869615115
"377",2023-08-10 10:00:00,0.6723,24.9671,10.014,0.073,18.055,6.848,34.2140442777778,991.20924,12717.1547222222,913.646790555556,548.21555,175.7431,7,99.5,0.9334,0.03776,1.8196,0.0206,-103362.31,298.1171,-3.46787129552371,0.0311833413073277,960.300023962103,0.000960300023962103,1.40668588710065e-06,1406.68588710065,2.25632416290944e-05,0.0225632416290944,22.5632416290944,1232.60489050079,0.00128356228235336,-1.62079943052528,-0.0431539915596787,0.189388764395174,0.206699722548316,113.316002081672,36.3260500097809
"378",2023-08-10 11:00:00,0.6658,25.4115,10.038,0.157,23.662,6.882,35.1472547777778,925.149744444444,11226.5265555556,877.490478888889,538.4441,174.6369,6.5,109,0.9446,-0.00349,1.8403,-0.002,-103306.11,298.5615,-3.44141651928961,0.0320192983903736,895.5270987213,0.0008955270987213,1.31180391529091e-06,1311.80391529091,2.10413348012662e-05,0.0210413348012662,21.0413348012662,1139.27766071302,0.0012721866957904,-1.6343297900501,-0.042980985068109,0.186875852099427,0.204261155835926,109.983214219035,35.671535045603
"379",2023-08-10 12:00:00,0.6355,25.6504,10.034,0.202,25.096,6.899,35.3593677222222,866.667034444444,10602.5760555556,794.767595,531.60185,174.5249,6,105.25,0.9351,-0.03194,1.8225,-0.0175,-103361.83,298.8004,-3.42723195285064,0.0324767147076086,838.520536420303,0.000838520536420303,1.22829842256992e-06,1228.29842256992,1.97019066980215e-05,0.0197019066980215,19.7019066980215,1061.79008658402,0.00126626604891142,-1.64155818355769,-0.0428197358674069,0.185559829224292,0.202984994311368,107.907198498163,35.4259358336921
"380",2023-08-10 13:00:00,0.594,25.6831,10.003,0.169,20.756,6.897,35.1823874444444,880.667506111111,10994.6140555556,710.800375,524.12985,173.26655,6,113,0.9067,-0.06163,1.7702,-0.035,-103495.93,298.8331,-3.42529241273308,0.0325397657232318,852.010791782193,0.000852010791782193,1.24805948823423e-06,1248.05948823423,2.0018874191277e-05,0.020018874191277,20.018874191277,1078.38355331208,0.00126569236412648,-1.64254513271476,-0.0426680182679802,0.185404908505437,0.202837721266323,106.31330442166,35.1449921736774
"381",2023-08-10 14:00:00,0.5322,25.4023,9.904,0.063,14.125,6.874,35.2658691111111,1082.11370055556,13930.3385555556,315.793437616667,474.414425,166.536375,5.75,104.25,0.8341,-0.03466,1.6359,-0.0211,-103728.87,298.5523,-3.44196328063021,0.0320017962612234,1047.4841183789,0.0010474841183789,1.53439663596615e-06,1534.39663596615,2.4611722040897e-05,0.024611722040897,24.611722040897,1333.91987611572,0.00127345117000925,-1.63405079433628,-0.0424127594147229,0.187034244401538,0.204427984055798,96.9835845097407,34.0446954132104
"382",2023-08-10 15:00:00,0.5009,25.5605,9.884,0.06,13.292,6.857,35.5744316666667,1386.81797222222,15700.0761111111,0.949090043055556,472.58525,167.25635,5.5,92.25,0.8142,-0.03664,1.5995,-0.023,-103818.75,298.7105,-3.43256669327118,0.0323039211808471,1342.01831375537,0.00134201831375537,1.96584210672142e-06,1965.84210672142,3.15321073918116e-05,0.0315321073918116,31.5321073918116,1703.8988050801,0.00126965391426893,-1.63884178406642,-0.0422326822385801,0.186173831025818,0.203595380386739,96.216173738912,34.0526202003475
"383",2023-08-10 16:00:00,0.4547,25.7436,9.927,0.06,11.369,6.818,35.8785975,1822.75911666667,19017.4542222222,-0.01,600.8339,184.485025,5.5,107,0.7717,-0.02387,1.5206,-0.0159,-103936.04,298.8936,-3.42170523893431,0.0326567011254419,1763.23381697001,0.00176323381697001,2.58285542445035e-06,2582.85542445035,4.14290010081836e-05,0.0414290010081836,41.4290010081836,2230.09390450102,0.001264774916995,-1.64436958351665,-0.0423083213300779,0.185133534745702,0.202581836649709,121.718034983408,37.3733151988675
"384",2023-08-10 17:00:00,0.4365,25.629,9.941,0.06,10.176,6.79,35.5185389444444,2265.81623888889,20790.1563333333,-0.01,655.40975,192.48365,5.25,127,0.7543,-0.01659,1.4886,-0.0113,-104002.52,298.779,-3.42850151560744,0.0324355096423265,2192.32333442467,0.00219232333442467,3.21140291319863e-06,3211.40291319863,5.1510902727706e-05,0.051510902727706,51.510902727706,2778.79424380441,0.00126751113769158,-1.640911970583,-0.0424355271490285,0.185751132642357,0.203179709535972,133.165962632044,39.1087720974238
"385",2023-08-10 18:00:00,0.4684,25.6467,9.982,0.06,14.112,6.784,34.9721745555556,2740.24178333333,22544.4813333333,-0.01,717.39345,199.57005,5,139,0.7724,0.02867,1.5218,0.0181,-104008.45,298.7967,-3.42745144191043,0.0324695872063399,2651.26726378294,0.00265126726378293,3.88368233867979e-06,3883.68233867979,6.22942647124239e-05,0.0622942647124239,62.2942647124239,3358.51070131353,0.00126675674957095,-1.6414464732301,-0.0426000248163889,0.185621337910792,0.203049764661649,145.666571192308,40.5226516860135
"386",2023-08-10 19:00:00,0.5351,26.1102,10.089,0.06,25.834,6.845,34.0999049444444,2581.44137777778,15504.1056111111,-0.01,789.8819,208.438075,5,156.25,0.8506,-0.0022,1.6665,-0.0013,-103924.43,299.2602,-3.40000400899707,0.0333731373552143,2495.29058010277,0.00249529058010277,3.65520145335774e-06,3655.20145335774,5.86294313118581e-05,0.0586294313118581,58.6294313118581,3130.38266429619,0.00125451628329686,-1.65538172214162,-0.0427842923628408,0.183018870402297,0.200513504522663,158.38198792802,41.7946488942078
"387",2023-08-10 20:00:00,0.5961,26.7653,10.526,1.088,33.823,7.074,33.1364723333333,2209.83549444444,11053.7003,-0.01,745.845125,202.885125,5,152.25,0.9175,0.1453,1.7905,0.0808,-103687.17,299.9153,-3.36137493233019,0.0346875343523386,2133.18174981789,0.00213318174981789,3.12476995440323e-06,3124.76995440323,5.01213100686278e-05,0.0501213100686278,50.1213100686278,2635.31543780864,0.00123539189196309,-1.67487643008334,-0.0442566561556723,0.179221450126331,0.19678292140243,146.76958261126,39.9243276065971
"388",2023-08-10 21:00:00,0.6331,26.9603,10.69,1.967,38.951,7.32,32.6055173888889,1577.50491111111,4250.18119444444,0.205565876666667,548.865075,177.5323,5,116,0.9797,0.02432,1.9052,0.0126,-103401.64,300.1103,-3.34991346677306,0.0350873914251619,1522.15437881984,0.00152215437881984,2.22971262027045e-06,2229.71262027045,3.57645904291381e-05,0.0357645904291381,35.7645904291381,1871.53426869754,0.00122952986552428,-1.68063407384881,-0.0448358584788554,0.178089342166418,0.195667017771797,107.394792384343,34.7372156991679
"389",2023-08-10 22:00:00,0.6977,27.0699,10.688,3.824,41.781,7.537,32.2052587777778,1112.10834833333,2842.51045,341.7911965,572.041625,181.825225,5,112.5,1.044,0.37729,2.0243,0.1857,-102686.67,300.2199,-3.34347896968925,0.0353138890583061,1072.83547749947,0.00107283547749947,1.57153232086033e-06,1571.53232086033,2.52073784265997e-05,0.0252073784265997,25.2073784265997,1316.31182698648,0.00122694658649292,-1.6838610897148,-0.0447664300047939,0.177527896378512,0.195121388606872,111.617556210932,35.4779903857569
"390",2023-08-10 23:00:00,0.7326,27.1694,10.793,1.968,51.72,7.45,31.9272270555556,791.821096111111,2526.02228888889,666.140263333333,496.092475,171.821,5,107.25,1.0835,0.18997,2.0977,0.0906,-101623.86,300.3194,-3.33764205933228,0.0355206157967283,763.695123176404,0.000763695123176404,1.11869116423372e-06,1118.69116423372,1.79438062743089e-05,0.0179438062743089,17.9438062743089,934.627772684071,0.00122382315183147,-1.68678507891745,-0.045150866806348,0.176941528981082,0.194541364886257,96.5105071963014,33.4262918561216
"391",2023-08-11,0.7603,27.233,10.981,1.325,67.683,7.401,31.6099391666667,603.684071111111,2986.86125555556,671.618641666667,540.015375,177.287475,5,108,1.111,0.22274,2.1481,0.1038,-100811.85,300.383,-3.33391343428653,0.0356533060754586,582.160738150908,0.000582160738150908,8.52772335672975e-07,852.772335672975,1.36784682641945e-05,0.0136784682641945,13.6784682641945,710.786844151739,0.00122094603358066,-1.68865126890915,-0.0459016458191547,0.176479083850338,0.194074012975348,104.802950894637,34.4068917235166
"392",2023-08-11 01:00:00,0.7612,26.7204,10.935,0.51,47.126,7.215,31.4550598333333,482.06795,4120.89395,632.816287777778,487.24145,169.6007,5,93.75,1.0927,-0.06082,2.1146,-0.029,-100540.87,299.8704,-3.36401640986426,0.0345960289185722,465.390313261083,0.000465390313261083,6.81722346477365e-07,681.722346477365,1.09348264374969e-05,0.0109348264374969,10.9348264374969,574.02418020706,0.0012334252859385,-1.67354776341754,-0.0460026062262257,0.179146679590756,0.196671376414247,95.8264466175737,33.3556031098199
"393",2023-08-11 02:00:00,0.748,25.7784,10.858,0.558,23.861,7.037,31.1659206111111,390.374792222222,6374.2055,586.005414444444,504.516475,173.10895,5,99.5,1.0413,-0.2008,2.0192,-0.0995,-101096.05,298.9284,-3.41964262065483,0.0327241289484494,377.600117183318,0.000377600117183318,5.53123755654812e-07,553.123755654812,8.87210504070318e-06,0.00887210504070318,8.87210504070318,474.572508992131,0.0012568123986088,-1.6454181049384,-0.0462539429688283,0.184211256300049,0.201596105098897,101.708556318225,34.8980900777596
"394",2023-08-11 03:00:00,0.738,24.7926,10.793,0.189,17.254,6.924,30.8106155,316.392852222222,8301.45829444444,584.032250555556,462.59235,165.7839,5,87.25,0.9851,-0.12548,1.9158,-0.0656,-101664.91,297.9426,-3.4782836659249,0.0308603333681265,306.628863327352,0.000306628863327352,4.49162224156438e-07,449.162224156438,7.20456207546927e-06,0.00720456207546927,7.20456207546927,393.069939230949,0.00128190782487203,-1.6154565069282,-0.0466308436740904,0.189742507319691,0.20696458342064,95.7402330113248,34.311395801349
"395",2023-08-11 04:00:00,0.7211,23.8816,10.734,0.089,14.583,6.869,30.2981318333333,284.167868333333,9612.42427222222,584.281228333333,512.181375,174.691925,5,102.25,0.9226,-0.1231,1.7991,-0.0682,-102140.24,297.0316,-3.53286857162464,0.0292209741532499,275.864206397581,0.000275864206397581,4.04096924099432e-07,404.096924099432,6.48171466255489e-06,0.00648171466255489,6.48171466255489,360.223545216446,0.0013058002338197,-1.58728634588697,-0.0470268988875858,0.195086301842372,0.21214276541945,108.655573288836,37.0596280659471
"396",2023-08-11 05:00:00,0.7101,23.2962,10.688,0.069,15.501,6.836,29.7895624444444,335.88829,10936.6121111111,534.770933888889,386.765525,154.374825,5,83.25,0.8727,-0.09225,1.7074,-0.0542,-102496.76,296.4462,-3.56814548248757,0.0282081187050353,326.413513244049,0.000326413513244049,4.78143570740412e-07,478.143570740412,7.66942287467621e-06,0.00766942287467621,7.66942287467621,431.387170663922,0.00132159715563426,-1.56893765535916,-0.0472671566619518,0.198651188864296,0.215593593499187,83.3841693763495,33.2822232675581
"397",2023-08-11 06:00:00,0.5894,22.916,10.617,0.06,16.804,6.836,29.7899250555556,522.135878333333,12920.4754444444,502.967043888889,391.569625,156.467575,5,77.25,0.799,-0.07052,1.5711,-0.0448,-102801.93,296.066,-3.59114165616275,0.0275668416343797,507.742241263691,0.000507742241263691,7.43761144692705e-07,743.761144692705,1.1929928760871e-05,0.011929928760871,11.929928760871,676.495281733948,0.00133235966353766,-1.55691649351762,-0.0472487094074603,0.20105732694111,0.21792509082243,85.3328460914299,34.0982104926404
"398",2023-08-11 07:00:00,0.6526,22.9745,10.557,0.06,13.494,6.849,30.5168278333333,836.609314444444,14591.6287222222,451.423421111111,439.84375,165.3457,5,84,0.7696,-0.03093,1.5169,-0.0204,-102974.3,296.1245,-3.58759895392269,0.0276646759415502,813.464788870656,0.000813464788870656,1.19159576132929e-06,1191.59576132929,1.91131960117218e-05,0.0191131960117218,19.1131960117218,1082.94540422936,0.0013312750828869,-1.55877150907453,-0.0469359379686757,0.200747486447482,0.217632249864607,95.7241849013855,35.9845566964383
"399",2023-08-11 08:00:00,0.6329,23.3625,10.517,0.06,13.162,6.841,31.8346488888889,1176.1225,15709.0625,89.7655016877778,495.991375,171.556775,5,88,0.7581,-0.02868,1.4954,-0.0192,-103081.02,296.5125,-3.5641422213144,0.0283212695052194,1142.81321770635,0.00114281321770635,1.67403851382497e-06,1674.03851382497,2.68515777617525e-05,0.0268515777617525,26.8515777617525,1509.90804783101,0.00132122032230379,-1.57102550607513,-0.0464607055581089,0.198396800329429,0.215365664498188,106.819512062245,36.947438847041
"400",2023-08-11 09:00:00,0.6282,23.5091,10.527,0.06,13.427,6.833,33.2515744444444,1383.66332222222,15372.8287777778,-0.01,576.435825,184.850275,5,108.5,0.7735,-0.01229,1.5238,-0.0082,-103158.05,296.6591,-3.55529757756343,0.0285728720692678,1344.12808712943,0.00134412808712943,1.96893258715067e-06,1968.93258715067,3.15816786978968e-05,0.0315816786978968,31.5816786978968,1770.55421617642,0.00131725111105868,-1.575633222489,-0.046394637082637,0.197497794938502,0.214495764592497,123.643043021882,39.6496010712583
"401",2023-08-11 10:00:00,0.64225,23.674,10.525,0.06,13.88,6.8225,34.4848476666667,1470.91220555556,15281.6459444444,-0.01,517.3971,174.8829,5,100.75,0.8068,-0.00567,1.5856,-0.0033,-103174.35,296.824,-3.54536071650409,0.0288582120701737,1428.46430919103,0.00142846430919103,2.09247165867538e-06,2092.47165867538,3.35632454051531e-05,0.0335632454051531,33.5632454051531,1875.45345257606,0.00131291586391695,-1.58080156111319,-0.0462632988404798,0.196505499663774,0.213536695706389,110.483267102068,37.3439166015508
"402",2023-08-11 11:00:00,NA,NA,NA,NA,NA,NA,35.4602555555556,1538.23116666667,15463.0345,-0.01,591.76445,182.006825,5,119.5,0.8172,-0.0063,1.6046,-0.004,-103215.26,NA,NA,NA,NA,NA,NA,NA,NA,NA,NA,NA,NA,NA,NA,NA,NA,NA,NA
"403",2023-08-11 12:00:00,NA,NA,NA,NA,NA,NA,36.294681,1595.4978,15714.6194444444,-0.01,638.416675,188.8814,5,127.25,0.8372,-0.0094,1.6421,-0.0058,-103217.23,NA,NA,NA,NA,NA,NA,NA,NA,NA,NA,NA,NA,NA,NA,NA,NA,NA,NA
"404",2023-08-11 13:00:00,NA,NA,NA,NA,NA,NA,36.9192876666667,1646.72410555556,15672.5543888889,-0.01,650.05805,189.998775,5.75,132.5,0.8183,-0.02606,1.607,-0.0163,-103309.72,NA,NA,NA,NA,NA,NA,NA,NA,NA,NA,NA,NA,NA,NA,NA,NA,NA,NA
"405",2023-08-11 14:00:00,NA,NA,NA,NA,NA,NA,37.4111973333333,1712.97205,16059.018,-0.01,676.005725,193.8481,6,127.75,0.7886,-0.03083,1.5519,-0.02,-103386.92,NA,NA,NA,NA,NA,NA,NA,NA,NA,NA,NA,NA,NA,NA,NA,NA,NA,NA
"406",2023-08-11 15:00:00,NA,NA,NA,NA,NA,NA,37.722497,1928.04085555556,19933.0437222222,-0.01,692.26675,195.807925,7,136.5,0.7232,-0.02301,1.4308,-0.0162,-103501.86,NA,NA,NA,NA,NA,NA,NA,NA,NA,NA,NA,NA,NA,NA,NA,NA,NA,NA
"407",2023-08-11 16:00:00,NA,NA,NA,NA,NA,NA,37.6702491111111,2350.0668,22736.4162222222,-0.01,684.158025,194.93145,8,134.75,0.672,-0.01654,1.3362,-0.0124,-103567.25,NA,NA,NA,NA,NA,NA,NA,NA,NA,NA,NA,NA,NA,NA,NA,NA,NA,NA
"408",2023-08-11 17:00:00,NA,NA,NA,NA,NA,NA,37.3126621666667,2995.82864444444,24934.4051111111,-0.01,735.022775,201.20835,9.25,145.25,0.6238,-0.00719,1.247,-0.0059,-103610.2,NA,NA,NA,NA,NA,NA,NA,NA,NA,NA,NA,NA,NA,NA,NA,NA,NA,NA
"409",2023-08-11 18:00:00,NA,NA,NA,NA,NA,NA,36.0222506111111,3683.57798888889,25529.4315555556,-0.01,852.519325,215.938825,10.25,165,0.6004,-0.00429,1.2039,-0.0037,-103630.57,NA,NA,NA,NA,NA,NA,NA,NA,NA,NA,NA,NA,NA,NA,NA,NA,NA,NA
"410",2023-08-11 19:00:00,NA,NA,NA,NA,NA,NA,34.8033438333333,4216.86345555556,25337.0103333333,-0.01,960.147825,227.11955,11.25,176.5,0.6337,0.00116,1.2651,8e-04,-103641.87,NA,NA,NA,NA,NA,NA,NA,NA,NA,NA,NA,NA,NA,NA,NA,NA,NA,NA
"411",2023-08-11 20:00:00,NA,NA,NA,NA,NA,NA,33.7349841666667,4535.44131111111,24900.9920555556,-0.01,943.196125,225.657625,12,191.75,0.7214,0.01735,1.4276,0.0123,-103595.42,NA,NA,NA,NA,NA,NA,NA,NA,NA,NA,NA,NA,NA,NA,NA,NA,NA,NA
"412",2023-08-11 21:00:00,NA,NA,NA,NA,NA,NA,33.1989562222222,4329.95802222222,21432.5688888889,-0.01,1065.06285,239.11345,13,202,0.7865,0.03888,1.5483,0.0244,-103530.1,NA,NA,NA,NA,NA,NA,NA,NA,NA,NA,NA,NA,NA,NA,NA,NA,NA,NA
"413",2023-08-11 22:00:00,NA,NA,NA,NA,NA,NA,33.1367234444444,3465.98281666667,9953.16393333333,-0.01,947.020725,226.56365,14,198.25,0.9066,0.0694,1.77,0.0393,-103290.83,NA,NA,NA,NA,NA,NA,NA,NA,NA,NA,NA,NA,NA,NA,NA,NA,NA,NA
"414",2023-08-11 23:00:00,NA,NA,NA,NA,NA,NA,33.2414535,2422.97692777778,5565.82569444444,337.753401804444,824.993725,213.679875,14.75,170,0.9752,0.13331,1.8971,0.0697,-102996.28,NA,NA,NA,NA,NA,NA,NA,NA,NA,NA,NA,NA,NA,NA,NA,NA,NA,NA
"415",2023-08-12,NA,NA,NA,NA,NA,NA,33.145306,1714.18718333333,4591.61260555556,1962.26068333333,809.619875,211.958025,15.75,158.75,1.0683,0.35642,2.0691,0.1726,-101990.44,NA,NA,NA,NA,NA,NA,NA,NA,NA,NA,NA,NA,NA,NA,NA,NA,NA,NA
"416",2023-08-12 01:00:00,NA,NA,NA,NA,NA,NA,33.0377767222222,1209.14532777778,4070.01470555556,3172.58763888889,729.88295,202.52395,16.5,153.5,1.092,0.19774,2.1132,0.0933,-101141.91,NA,NA,NA,NA,NA,NA,NA,NA,NA,NA,NA,NA,NA,NA,NA,NA,NA,NA
"417",2023-08-12 02:00:00,NA,NA,NA,NA,NA,NA,32.8453740555556,869.054952777778,4140.94006111111,3879.79123888889,700.800975,199.121,17.25,136.25,1.1102,0.13336,2.1468,0.0619,-100350.22,NA,NA,NA,NA,NA,NA,NA,NA,NA,NA,NA,NA,NA,NA,NA,NA,NA,NA
"418",2023-08-12 03:00:00,NA,NA,NA,NA,NA,NA,32.6710295,650.547850555556,5140.03741111111,4229.02981111111,662.285,194.7362,18.5,132.25,1.0869,-0.0387,2.1037,-0.0184,-100373.7,NA,NA,NA,NA,NA,NA,NA,NA,NA,NA,NA,NA,NA,NA,NA,NA,NA,NA
"419",2023-08-12 04:00:00,NA,NA,NA,NA,NA,NA,32.3690201111111,509.124252222222,6935.93473333333,4365.22363333333,722.782675,202.215825,19.25,140.75,1.0489,-0.2147,2.0331,-0.1058,-100739.41,NA,NA,NA,NA,NA,NA,NA,NA,NA,NA,NA,NA,NA,NA,NA,NA,NA,NA
"420",2023-08-12 05:00:00,NA,NA,NA,NA,NA,NA,32.0894981111111,397.885003333333,8487.93317222222,4589.56250555556,592.99755,186.1521,20,126.5,1.0079,-0.14004,1.9578,-0.0716,-101377.1,NA,NA,NA,NA,NA,NA,NA,NA,NA,NA,NA,NA,NA,NA,NA,NA,NA,NA
"421",2023-08-12 06:00:00,NA,NA,NA,NA,NA,NA,32.0226558333333,323.729885555556,9453.11292777778,4836.24399444444,583.394075,184.67705,20.75,122,0.9503,-0.14821,1.8509,-0.0799,-101940.3,NA,NA,NA,NA,NA,NA,NA,NA,NA,NA,NA,NA,NA,NA,NA,NA,NA,NA
"422",2023-08-12 07:00:00,NA,NA,NA,NA,NA,NA,32.5705917777778,307.679661666667,10273.2030722222,5287.55762222222,542.08795,179.299375,21.75,102.5,0.909,-0.09282,1.7747,-0.0524,-102354.92,NA,NA,NA,NA,NA,NA,NA,NA,NA,NA,NA,NA,NA,NA,NA,NA,NA,NA
"423",2023-08-12 08:00:00,NA,NA,NA,NA,NA,NA,33.7286568333333,364.297923888889,11244.4336666667,6000.30821666667,526.41575,178.445675,22.75,109.75,0.879,-0.06128,1.7191,-0.0355,-102633.15,NA,NA,NA,NA,NA,NA,NA,NA,NA,NA,NA,NA,NA,NA,NA,NA,NA,NA
"424",2023-08-12 09:00:00,NA,NA,NA,NA,NA,NA,34.9229661111111,442.552765,11476.6922222222,6987.10437777778,534.016425,176.612975,24.25,110.25,0.903,0.01713,1.7635,0.0094,-102719.6,NA,NA,NA,NA,NA,NA,NA,NA,NA,NA,NA,NA,NA,NA,NA,NA,NA,NA
"425",2023-08-12 10:00:00,NA,NA,NA,NA,NA,NA,36.1883912222222,482.282011666667,11101.8549444444,8205.89541666667,522.9781,176.477175,25.75,100.5,0.9335,0.01328,1.8196,0.0071,-102661.92,NA,NA,NA,NA,NA,NA,NA,NA,NA,NA,NA,NA,NA,NA,NA,NA,NA,NA
"426",2023-08-12 11:00:00,NA,NA,NA,NA,NA,NA,37.5077295,498.074422222222,10116.78255,9718.80278888889,526.5785,175.206675,27.5,100.25,0.9668,0.05578,1.8817,0.0299,-102497.52,NA,NA,NA,NA,NA,NA,NA,NA,NA,NA,NA,NA,NA,NA,NA,NA,NA,NA
"427",2023-08-12 12:00:00,NA,NA,NA,NA,NA,NA,38.4055921666667,476.60139,7670.16727777778,11454.7078888889,447.170425,161.2533,29.5,97.25,0.9894,0.06441,1.9232,0.0334,-102322.82,NA,NA,NA,NA,NA,NA,NA,NA,NA,NA,NA,NA,NA,NA,NA,NA,NA,NA
"428",2023-08-12 13:00:00,NA,NA,NA,NA,NA,NA,39.0270641111111,419.682352222222,3614.59203888889,13428.8163333333,485.3093,167.17515,32,101.25,1.0013,-0.00389,1.9453,-0.002,-102159.33,NA,NA,NA,NA,NA,NA,NA,NA,NA,NA,NA,NA,NA,NA,NA,NA,NA,NA
"429",2023-08-12 14:00:00,NA,NA,NA,NA,NA,NA,39.4152396666667,383.410245555556,3837.96787777778,15226.6497222222,502.74995,170.405525,34.25,106.75,0.9828,-0.07059,1.9112,-0.0371,-102312.93,NA,NA,NA,NA,NA,NA,NA,NA,NA,NA,NA,NA,NA,NA,NA,NA,NA,NA
"430",2023-08-12 15:00:00,NA,NA,NA,NA,NA,NA,39.3777628333333,368.27819,7579.66507777778,16711.4474444444,476.265975,167.834475,36.75,97.75,0.934,-0.10253,1.8211,-0.0564,-102640.51,NA,NA,NA,NA,NA,NA,NA,NA,NA,NA,NA,NA,NA,NA,NA,NA,NA,NA
"431",2023-08-12 16:00:00,NA,NA,NA,NA,NA,NA,39.3872927222222,397.539112777778,11766.6797222222,18080.5501111111,499.432575,169.809275,39,101.25,0.8695,-0.05301,1.7016,-0.031,-102946.53,NA,NA,NA,NA,NA,NA,NA,NA,NA,NA,NA,NA,NA,NA,NA,NA,NA,NA
"432",2023-08-12 17:00:00,NA,NA,NA,NA,NA,NA,39.0203223333333,553.618450555556,14768.3413888889,19082.3211666667,418.5156,157.520075,41.75,97.5,0.8204,-0.0457,1.6105,-0.0285,-103093.19,NA,NA,NA,NA,NA,NA,NA,NA,NA,NA,NA,NA,NA,NA,NA,NA,NA,NA
"433",2023-08-12 18:00:00,NA,NA,NA,NA,NA,NA,38.3380468888889,925.367102777778,17950.4076666667,19293.2200555556,426.87625,160.72205,44.25,84.5,0.7683,-0.0162,1.5142,-0.0107,-103214.17,NA,NA,NA,NA,NA,NA,NA,NA,NA,NA,NA,NA,NA,NA,NA,NA,NA,NA
"434",2023-08-12 19:00:00,NA,NA,NA,NA,NA,NA,37.5239051666667,1376.04907777778,19930.6815,18707.5729444444,442.2277,161.015625,46.25,93.75,0.748,-0.01445,1.4771,-0.0097,-103273.25,NA,NA,NA,NA,NA,NA,NA,NA,NA,NA,NA,NA,NA,NA,NA,NA,NA,NA
"435",2023-08-12 20:00:00,NA,NA,NA,NA,NA,NA,36.5776422222222,1792.35505,19198.8158333333,17748.2748888889,502.30965,172.1266,49,100.5,0.7676,0.0141,1.5131,0.0091,-103277.13,NA,NA,NA,NA,NA,NA,NA,NA,NA,NA,NA,NA,NA,NA,NA,NA,NA,NA
"436",2023-08-12 21:00:00,NA,NA,NA,NA,NA,NA,35.6965195,1614.89886111111,11047.3032777778,18179.0281111111,514.732725,172.745275,50.75,105.25,0.8397,0.01385,1.6464,0.0083,-103220.88,NA,NA,NA,NA,NA,NA,NA,NA,NA,NA,NA,NA,NA,NA,NA,NA,NA,NA
"437",2023-08-12 22:00:00,NA,NA,NA,NA,NA,NA,35.1170998333333,1349.8459,10032.0070444444,18477.5359444444,413.06,159.92555,51.5,97,0.9048,0.0959,1.767,0.0535,-103063.1,NA,NA,NA,NA,NA,NA,NA,NA,NA,NA,NA,NA,NA,NA,NA,NA,NA,NA
"438",2023-08-12 23:00:00,NA,NA,NA,NA,NA,NA,34.8304508888889,1062.90129777778,6034.21561111111,19157.0805,543.0888,177.324,52.5,108.5,1.0081,0.20463,1.9579,0.1043,-102478.58,NA,NA,NA,NA,NA,NA,NA,NA,NA,NA,NA,NA,NA,NA,NA,NA,NA,NA
"439",2023-08-13,NA,NA,NA,NA,NA,NA,34.7515006666667,789.599731111111,3675.59200555556,19865.718,481.08195,168.853475,53.75,102.25,1.0627,0.3132,2.0587,0.1512,-101661.21,NA,NA,NA,NA,NA,NA,NA,NA,NA,NA,NA,NA,NA,NA,NA,NA,NA,NA
"440",2023-08-13 01:00:00,NA,NA,NA,NA,NA,NA,34.8189255555556,600.881558333333,3012.22098888889,20483.9147222222,471.9967,167.08985,54.75,98.25,1.1451,0.58266,2.2114,0.264,-99749.659,NA,NA,NA,NA,NA,NA,NA,NA,NA,NA,NA,NA,NA,NA,NA,NA,NA,NA
"441",2023-08-13 02:00:00,NA,NA,NA,NA,NA,NA,34.7122419444444,490.450119444444,3540.46245555556,20829.8684444444,394.184025,156.4111,55,90.75,1.1469,0.25393,2.2148,0.1145,-98479.751,NA,NA,NA,NA,NA,NA,NA,NA,NA,NA,NA,NA,NA,NA,NA,NA,NA,NA
"442",2023-08-13 03:00:00,NA,NA,NA,NA,NA,NA,34.6895655555556,421.803755555556,3761.24962222222,21109.0106666667,403.941475,157.8259,56,91.5,1.1542,0.11147,2.2281,0.0493,-97535.795,NA,NA,NA,NA,NA,NA,NA,NA,NA,NA,NA,NA,NA,NA,NA,NA,NA,NA
"443",2023-08-13 04:00:00,NA,NA,NA,NA,NA,NA,34.636885,362.296241111111,5349.81081666667,21333.8242777778,433.5304,162.033825,57,94,1.1267,-0.09463,2.1771,-0.0437,-97736.292,NA,NA,NA,NA,NA,NA,NA,NA,NA,NA,NA,NA,NA,NA,NA,NA,NA,NA
"444",2023-08-13 05:00:00,NA,NA,NA,NA,NA,NA,34.2414873888889,312.279038888889,7615.32022777778,21134.6038888889,526.7761,176.054233333333,57,106.333333333333,1.0721,-0.31691,2.0761,-0.1522,-98565.747,NA,NA,NA,NA,NA,NA,NA,NA,NA,NA,NA,NA,NA,NA,NA,NA,NA,NA
"445",2023-08-13 06:00:00,NA,NA,NA,NA,NA,NA,33.9366233333333,257.993126111111,8993.08676666667,20874.9608333333,NA,NA,NA,NA,1.037,-0.22097,2.0112,-0.1102,-99424.261,NA,NA,NA,NA,NA,NA,NA,NA,NA,NA,NA,NA,NA,NA,NA,NA,NA,NA
"446",2023-08-13 07:00:00,NA,NA,NA,NA,NA,NA,34.4583458333333,219.613563888889,9694.00418888889,21487.5559444444,NA,NA,NA,NA,0.9679,-0.22095,1.8838,-0.1167,-100302.738,NA,NA,NA,NA,NA,NA,NA,NA,NA,NA,NA,NA,NA,NA,NA,NA,NA,NA
"447",2023-08-13 08:00:00,NA,NA,NA,NA,NA,NA,35.2442218888889,216.515503888889,10254.1247833333,22709.3590555556,NA,NA,NA,NA,0.9211,-0.13502,1.7969,-0.0751,-100878.43,NA,NA,NA,NA,NA,NA,NA,NA,NA,NA,NA,NA,NA,NA,NA,NA,NA,NA
"448",2023-08-13 09:00:00,NA,NA,NA,NA,NA,NA,35.9976381111111,241.425711111111,10601.0877777778,24027.8135555556,NA,NA,NA,NA,0.9001,-0.10162,1.758,-0.0579,-101349.69,NA,NA,NA,NA,NA,NA,NA,NA,NA,NA,NA,NA,NA,NA,NA,NA,NA,NA
"449",2023-08-13 10:00:00,NA,NA,NA,NA,NA,NA,36.8667985,280.390581111111,10753.3395,25447.1458333333,NA,NA,NA,NA,0.9199,-0.05269,1.7949,-0.0293,-101582.6,NA,NA,NA,NA,NA,NA,NA,NA,NA,NA,NA,NA,NA,NA,NA,NA,NA,NA
"450",2023-08-13 11:00:00,NA,NA,NA,NA,NA,NA,37.7096253333333,307.277866111111,10509.0377777778,26994.7941666667,NA,NA,NA,NA,0.9454,-0.00728,1.842,-0.004,-101716.95,NA,NA,NA,NA,NA,NA,NA,NA,NA,NA,NA,NA,NA,NA,NA,NA,NA,NA
"451",2023-08-13 12:00:00,NA,NA,NA,NA,NA,NA,38.4234916111111,318.426139444444,9139.36947222222,28661.3819444444,NA,NA,NA,NA,0.9649,-0.0129,1.8782,-0.0069,-101735.86,NA,NA,NA,NA,NA,NA,NA,NA,NA,NA,NA,NA,NA,NA,NA,NA,NA,NA
"452",2023-08-13 13:00:00,NA,NA,NA,NA,NA,NA,39.1431738333333,318.314224444444,7150.70823333333,30468.1065555556,NA,NA,NA,NA,0.9883,0.02448,1.9211,0.0129,-101669.94,NA,NA,NA,NA,NA,NA,NA,NA,NA,NA,NA,NA,NA,NA,NA,NA,NA,NA
"453",2023-08-13 14:00:00,NA,NA,NA,NA,NA,NA,39.6317927222222,311.807660555556,7375.38589444444,32036.4388888889,NA,NA,NA,NA,0.971,-0.07733,1.8893,-0.041,-101814.04,NA,NA,NA,NA,NA,NA,NA,NA,NA,NA,NA,NA,NA,NA,NA,NA,NA,NA
"454",2023-08-13 15:00:00,NA,NA,NA,NA,NA,NA,39.782129,308.437703888889,9854.35856111111,32985.9288333333,NA,NA,NA,NA,0.9381,-0.0891,1.8285,-0.049,-102080.96,NA,NA,NA,NA,NA,NA,NA,NA,NA,NA,NA,NA,NA,NA,NA,NA,NA,NA
"455",2023-08-13 16:00:00,NA,NA,NA,NA,NA,NA,39.6489853333333,338.110823888889,11711.8147222222,33385.5440555556,NA,NA,NA,NA,0.8611,-0.08009,1.686,-0.0474,-102429.97,NA,NA,NA,NA,NA,NA,NA,NA,NA,NA,NA,NA,NA,NA,NA,NA,NA,NA
"456",2023-08-13 17:00:00,NA,NA,NA,NA,NA,NA,39.3099343888889,526.894877222222,15211.0466111111,32781.3246111111,NA,NA,NA,NA,0.7592,-0.05399,1.4974,-0.0362,-102664.96,NA,NA,NA,NA,NA,NA,NA,NA,NA,NA,NA,NA,NA,NA,NA,NA,NA,NA
"457",2023-08-13 18:00:00,NA,NA,NA,NA,NA,NA,38.0975478888889,926.145169444444,17593.5657222222,30565.5829444444,NA,NA,NA,NA,0.7191,-0.03489,1.4232,-0.0243,-102822.2,NA,NA,NA,NA,NA,NA,NA,NA,NA,NA,NA,NA,NA,NA,NA,NA,NA,NA
"458",2023-08-13 19:00:00,NA,NA,NA,NA,NA,NA,36.1228496666667,1452.0383,18849.4729444444,26467.3515,NA,NA,NA,NA,0.6545,-0.0247,1.3036,-0.0191,-102919.36,NA,NA,NA,NA,NA,NA,NA,NA,NA,NA,NA,NA,NA,NA,NA,NA,NA,NA
"459",2023-08-13 20:00:00,NA,NA,NA,NA,NA,NA,34.3506917222222,1979.26733333333,18740.0647777778,22324.2779444444,NA,NA,NA,NA,0.6152,-0.01494,1.231,-0.0123,-102994.81,NA,NA,NA,NA,NA,NA,NA,NA,NA,NA,NA,NA,NA,NA,NA,NA,NA,NA
"460",2023-08-13 21:00:00,NA,NA,NA,NA,NA,NA,33.0315302222222,2386.26724444444,18095.158,19317.4831111111,NA,NA,NA,NA,0.6225,-0.00526,1.2443,-0.0041,-103031.6,NA,NA,NA,NA,NA,NA,NA,NA,NA,NA,NA,NA,NA,NA,NA,NA,NA,NA
"461",2023-08-13 22:00:00,NA,NA,NA,NA,NA,NA,32.0411749444444,2563.52305555556,17310.002,17424.2070555556,NA,NA,NA,NA,0.6685,0.00348,1.3294,0.0026,-103032.68,NA,NA,NA,NA,NA,NA,NA,NA,NA,NA,NA,NA,NA,NA,NA,NA,NA,NA
"462",2023-08-13 23:00:00,NA,NA,NA,NA,NA,NA,31.4100028333333,2583.40697777778,16525.2094444444,16438.9546666667,NA,NA,NA,NA,0.7479,0.01463,1.4767,0.0098,-103004.68,NA,NA,NA,NA,NA,NA,NA,NA,NA,NA,NA,NA,NA,NA,NA,NA,NA,NA
"463",2023-08-14,NA,NA,NA,NA,NA,NA,31.079788,2470.18916111111,14440.8955555556,16195.0767222222,NA,NA,NA,NA,0.8307,0.02229,1.6297,0.0135,-102942.73,NA,NA,NA,NA,NA,NA,NA,NA,NA,NA,NA,NA,NA,NA,NA,NA,NA,NA
"464",2023-08-14 01:00:00,NA,NA,NA,NA,NA,NA,30.9946162777778,2189.51257777778,11343.3123333333,16625.4255555556,NA,NA,NA,NA,0.9011,0.07835,1.7602,0.0446,-102745.11,NA,NA,NA,NA,NA,NA,NA,NA,NA,NA,NA,NA,NA,NA,NA,NA,NA,NA
"465",2023-08-14 02:00:00,NA,NA,NA,NA,NA,NA,31.2811551666667,1648.10827222222,4907.07893888889,18128.7944444444,NA,NA,NA,NA,0.9593,0.04425,1.8675,0.0237,-102529.3,NA,NA,NA,NA,NA,NA,NA,NA,NA,NA,NA,NA,NA,NA,NA,NA,NA,NA
"466",2023-08-14 03:00:00,NA,NA,NA,NA,NA,NA,31.4326566111111,1204.86108888889,3679.45987777778,19209.0021666667,NA,NA,NA,NA,0.9767,0.05911,1.9002,0.0313,-102312.26,NA,NA,NA,NA,NA,NA,NA,NA,NA,NA,NA,NA,NA,NA,NA,NA,NA,NA
"467",2023-08-14 04:00:00,NA,NA,NA,NA,NA,NA,31.6061567222222,929.161166666667,4363.60693333333,19856.7868888889,NA,NA,NA,NA,0.9703,-0.0662,1.8878,-0.0352,-102330.46,NA,NA,NA,NA,NA,NA,NA,NA,NA,NA,NA,NA,NA,NA,NA,NA,NA,NA
"468",2023-08-14 05:00:00,NA,NA,NA,NA,NA,NA,31.5339765555556,812.674593888889,7691.25073888889,19946.5835,NA,NA,NA,NA,0.9202,-0.05254,1.7953,-0.029,-102585.86,NA,NA,NA,NA,NA,NA,NA,NA,NA,NA,NA,NA,NA,NA,NA,NA,NA,NA
"469",2023-08-14 06:00:00,NA,NA,NA,NA,NA,NA,31.5942782777778,839.548333333333,11237.2982555556,19859.1982777778,NA,NA,NA,NA,0.8769,-0.05062,1.7151,-0.0297,-102748.79,NA,NA,NA,NA,NA,NA,NA,NA,NA,NA,NA,NA,NA,NA,NA,NA,NA,NA
"470",2023-08-14 07:00:00,NA,NA,NA,NA,NA,NA,32.4891527222222,1034.85196888889,13867.8332222222,20204.822,NA,NA,NA,NA,0.8181,-0.03582,1.6065,-0.0221,-102926.29,NA,NA,NA,NA,NA,NA,NA,NA,NA,NA,NA,NA,NA,NA,NA,NA,NA,NA
"471",2023-08-14 08:00:00,NA,NA,NA,NA,NA,NA,34.2230267222222,1350.29672777778,16334.5569444444,21168.196,NA,NA,NA,NA,0.7749,-0.02838,1.5266,-0.0185,-103036.3,NA,NA,NA,NA,NA,NA,NA,NA,NA,NA,NA,NA,NA,NA,NA,NA,NA,NA
"472",2023-08-14 09:00:00,NA,NA,NA,NA,NA,NA,35.9101758333333,1623.48658333333,16312.9603888889,22945.5195,NA,NA,NA,NA,0.7412,-0.0243,1.4642,-0.0166,-103132.01,NA,NA,NA,NA,NA,NA,NA,NA,NA,NA,NA,NA,NA,NA,NA,NA,NA,NA
"473",2023-08-14 10:00:00,NA,NA,NA,NA,NA,NA,36.9636872222222,1759.67241111111,16065.988,24711.8651111111,NA,NA,NA,NA,0.7516,-0.00706,1.4835,-0.0051,-103194.69,NA,NA,NA,NA,NA,NA,NA,NA,NA,NA,NA,NA,NA,NA,NA,NA,NA,NA
"474",2023-08-14 11:00:00,NA,NA,NA,NA,NA,NA,37.9583103888889,1877.51537222222,16263.7915555556,26171.4701666667,NA,NA,NA,NA,0.8042,0.00351,1.5807,0.0023,-103179.03,NA,NA,NA,NA,NA,NA,NA,NA,NA,NA,NA,NA,NA,NA,NA,NA,NA,NA
"475",2023-08-14 12:00:00,0.661,27.65875,11.13,0.7575,24.5125,6.8425,38.9024417159763,1933.85094674556,14860.3943313609,27829.5206508876,NA,NA,NA,NA,0.812235294117647,0.0636235294117647,1.59047058823529,0.0375294117647059,-97007.3411764706,300.80875,-3.30899953066213,0.0365527266135596,1863.1634217778,0.0018631634217778,2.72923630675699e-06,2729.23630675699,4.37769503603821e-05,0.0437769503603821,43.7769503603821,2254.28130267436,0.00120992140373997,-1.70108753824948,-0.04628858211728,0.174230504079578,0.191872817660801,NA,NA
"476",2023-08-14 13:00:00,0.7708,29.6654,11.439,1.692,37.874,7.121,39.6442217222222,1568.21938333333,4944.30401666667,31181.8893888889,NA,NA,NA,NA,0.9245,0.04775,1.8036,0.0263,-102865.3,302.8154,-3.19264793357779,0.0410629961441415,1503.82359684235,0.00150382359684235,2.20286095759855e-06,2202.86095759855,3.53338897598807e-05,0.0353338897598807,35.3338897598807,1748.26856757627,0.00116254896601383,-1.758395420081,-0.0465817275132292,0.164478215257123,0.182341338255067,NA,NA
"477",2023-08-14 14:00:00,0.7727,30.3629,11.513,2.578,56.766,7.51,40.1233085,1122.58389944444,2354.70877777778,34139.9253333333,NA,NA,NA,NA,0.9706,0.0994,1.8889,0.0526,-102595.69,303.5129,-3.15261494257534,0.0427402188089341,1074.6044179508,0.0010746044179508,1.57412353559105e-06,1574.12353559105,2.52489415108805e-05,0.0252489415108805,25.2489415108805,1232.49440157451,0.0011469284705946,-1.77781661078681,-0.0465946716943011,0.161312583724789,0.179243822415535,NA,NA
"478",2023-08-14 15:00:00,0.7832,30.258,11.505,1.995,54.997,7.463,40.1522975555556,828.005575,2295.07626666667,35491.2678888889,NA,NA,NA,NA,0.993,0.03546,1.93,0.0184,-102321.89,303.408,-3.15862227741785,0.0424842336700424,792.828392671602,0.000792828392671602,1.16136674272107e-06,1161.36674272107,1.8628322553246e-05,0.018628322553246,18.628322553246,911.148170795106,0.00114923756416543,-1.77491204016577,-0.0466037067824642,0.161780346928537,0.179701451586651,NA,NA
"479",2023-08-14 16:00:00,0.7593,29.9094,11.154,1.648,48.189,7.183,38.1385939444444,530.377498888889,3237.94366111111,12999.6048055556,436.8139,159.3996,22,82,0.9631,-0.13437,1.8749,-0.0726,-102482.76,303.0594,-3.17861968458414,0.0416430974620352,508.290937010988,0.000508290937010988,7.44564896171176e-07,744.564896171176,1.19428209345857e-05,0.0119428209345857,11.9428209345857,589.202011990894,0.00115918260407259,-1.76521834936148,-0.0453200807077037,0.163566044212481,0.181476211676397,79.2713317795926,28.927235550733
"480",2023-08-14 17:00:00,0.7597,28.8517,10.159,1.205,26.162,6.989,36.0818276666667,486.055139444444,7119.57710555556,2282.48499444444,493.1662,169.43145,11.5,94.5,0.9152,0.04445,1.7859,0.0212,-102862.45,302.0017,-3.23961651948242,0.0391789178986243,467.012025041946,0.000467012025041946,6.84097894762444e-07,684.097894762444,1.09729302319896e-05,0.0109729302319896,10.9729302319896,555.54771198164,0.00118957903050086,-1.73541519285615,-0.041699934472611,0.169125349270955,0.18698935746997,92.2168308639066,31.6818779707053
"481",2023-08-14 18:00:00,0.7175,27.6013,9.146,0.513,16.377,6.824,35.8085022222222,536.436273888889,9535.72204444444,1557.76496666667,526.32115,174.641075,8.25,107.75,0.8411,-0.18599,1.6488,-0.1093,-103078.25,300.7513,-3.31235668731724,0.0364302191388808,516.893782877072,0.000516893782877072,7.5716668890965e-07,757.16668890965,1.21449536901108e-05,0.0121449536901108,12.1449536901108,633.577456790517,0.00122574013806855,-1.69941512120415,-0.0380629550235226,0.17596360832096,0.193744404009591,101.971777524392,33.8357309914692
"482",2023-08-14 19:00:00,0.7673,28.2506,10.112,0.564,19.744,6.926,35.3311895555556,716.924970555556,10084.9086722222,1172.94895,513.6334,173.2162,7,104.5,0.8721,0.00401,1.7063,0.0023,-103234.3,301.4006,-3.27449887371365,0.0378358263028869,689.799521897413,0.000689799521897413,1.01044593165621e-06,1010.44593165621,1.62075527437656e-05,0.0162075527437656,16.2075527437656,830.248091091846,0.00120360780884293,-1.71821345488874,-0.0417733266202603,0.172047138011565,0.189841151839533,97.5087562792558,32.883562925267
"483",2023-08-14 20:00:00,0.7172,26.746,9.082,0.128,12.293,6.757,34.8970398888889,938.311452222222,14577.3328388889,782.1937,407.56185,156.017375,6.75,94.25,0.7774,-0.07959,1.5308,-0.0509,-103473.93,299.896,-3.36251024561611,0.0346481754806973,905.800672370079,0.000905800672370079,1.32685305691459e-06,1326.85305691459,2.128272303291e-05,0.02128272303291,21.28272303291,1129.20979877627,0.00124664270321375,-1.67430544517663,-0.0381947252074626,0.180414162130765,0.198079756786996,80.7297521236581,30.9038836945455
"484",2023-08-14 21:00:00,0.707,28.2198,10.663,0.301,18.576,6.906,34.7270946111111,1123.589,11744.529,526.179953888889,502.271775,170.629275,6,100,0.7871,-0.03409,1.5492,-0.022,-103607.54,301.3698,-3.27629049121809,0.0377680996631299,1081.1531786676,0.0010811531786676,1.58371642223945e-06,1583.71642223945,2.54028114127208e-05,0.0254028114127208,25.4028114127208,1297.77206415948,0.00120035910707754,-1.71732685327158,-0.0440644929606667,0.171805656298826,0.189555322268519,95.2082881765059,32.3436872110687
"485",2023-08-14 22:00:00,0.6879,28.1236,10.814,0.227,18.243,6.907,34.6983836666667,980.424003888889,8530.05070555556,765.288886111111,600.31285,184.688575,6,115.75,0.8077,-0.00025,1.587,-2e-04,-103694.21,301.2736,-3.28188907262361,0.0375572426855785,943.601981640067,0.000943601981640067,1.38222592678564e-06,1382.22592678564,2.21709038656416e-05,0.0221709038656416,22.1709038656416,1133.71948953621,0.00120148061533922,-1.71455439183656,-0.0447362068435062,0.172166955977582,0.189893313667976,113.995396323967,35.0711255033666
"486",2023-08-14 23:00:00,0.7459,28.2473,10.973,0.357,19.779,6.926,34.9939196666667,850.744214444444,7639.80484444444,925.137273333333,536.960925,176.562375,6,111.5,0.8909,0.05907,1.7409,0.034,-103560.29,301.3973,-3.27469081279521,0.0378285648261151,818.56178177789,0.00081856178177789,1.19906204041952e-06,1199.06204041952,1.92329551283292e-05,0.0192329551283292,19.2329551283292,980.236464575409,0.00119751066614223,-1.71811848614054,-0.0453318189874058,0.171452279433518,0.189182698517693,101.583716790056,33.4025465591928
"487",2023-08-15,0.8182,28.3717,11.078,0.499,22.972,6.986,35.0220638333333,727.885097222222,6558.98395555556,967.892471111111,539.950625,175.43745,6,107.25,0.972,0.14504,1.891,0.0763,-103231.96,301.5217,-3.26745859889756,0.0381031407947673,700.150388880351,0.000700150388880351,1.02560829564749e-06,1025.60829564749,1.64507570621858e-05,0.0164507570621858,16.4507570621858,835.92863911416,0.00119392726532787,-1.72169449169367,-0.0457034183068617,0.170776787744167,0.188515128541682,101.788861478037,33.0726134377749
"488",2023-08-15 01:00:00,0.8665,28.4601,11.059,1.083,27.251,7.06,34.9345667777778,610.587635,5729.01512222222,1000.82384555556,489.869125,169.97325,6,103,1.0351,0.15174,2.008,0.0755,-102684.14,301.6101,-3.26232343616695,0.0382993098702251,587.202549964207,0.000587202549964207,8.60157783289569e-07,860.157783289569,1.37969308439647e-05,0.0137969308439647,13.7969308439647,699.977953153492,0.00119205537032521,-1.72423061421203,-0.0455814848238229,0.170364997565379,0.188115701820222,92.1520742494332,31.9746372144141
"489",2023-08-15 02:00:00,0.9312,28.604,11.08,1.521,30.236,7.144,34.8758307777778,519.32252,4848.96148333333,1034.54125944444,531.676875,175.599575,5.5,112,1.1087,0.51034,2.144,0.2375,-101501.45,301.754,-3.25397159978993,0.0386205189118198,499.266014795006,0.000499266014795006,7.31344829112317e-07,731.344829112317,1.17307710589616e-05,0.0117307710589616,11.7307710589616,593.452382626598,0.00118864966779336,-1.72835006702562,-0.0455980180926558,0.169661825463922,0.187428645363501,99.6514764523493,32.9123904686564
"490",2023-08-15 03:00:00,0.9645,28.674,11.129,1.123,32.326,7.149,34.8271212777778,438.102153333333,4336.06494444444,1083.40967222222,569.578475,180.736025,5.75,111.75,1.1457,0.26311,2.2126,0.1189,-99970.873,301.824,-3.24991213582192,0.0387776161647054,421.113596190442,0.000421113596190442,6.16864040243608e-07,616.864040243608,9.89449920550747e-06,0.00989449920550747,9.89449920550747,499.745522374101,0.001186723788771,-1.73034998047792,-0.0457659072849402,0.169294430473789,0.18706616212089,106.548859344919,33.8095945537352
"491",2023-08-15 04:00:00,0.969,28.8375,11.344,1.02,34.107,7.193,34.7901948888889,379.549876111111,4087.48165,1086.55771111111,480.076525,167.2434,5.75,98.25,1.1561,0.2924,2.2317,0.131,-99009.744,301.9875,-3.24043873461351,0.0391467176394297,364.691744280909,0.000364691744280909,5.34215054692447e-07,534.215054692447,8.56880947726684e-06,0.00856880947726684,8.56880947726684,430.896012759151,0.00118153487024715,-1.73501104905512,-0.0465708399457495,0.168371591324848,0.186147230222268,89.3649154234813,31.1318956829548
"492",2023-08-15 05:00:00,0.9567,28.4151,11.285,0.692,25.227,7.056,34.7359457222222,330.172035,5832.46121666667,1051.38094444444,542.400675,176.813775,5.75,104,1.1272,-0.22343,2.1781,-0.103,-98913.236,301.5651,-3.26493706132362,0.0381993405296111,317.55968100168,0.00031755968100168,4.65174123118502e-07,465.174123118501,7.46139293482076e-06,0.00746139293482076,7.46139293482076,378.36247649941,0.00119146887698696,-1.72294012307403,-0.0465355420628959,0.170422323768449,0.188150924801262,102.053188614079,33.2676752838522
"493",2023-08-15 06:00:00,0.9511,27.7845,11.16,0.398,20.035,6.92,34.6497149444444,291.85343,7925.77507222222,1054.29633888889,483.6566,169.220625,5.5,95,1.0894,-0.21981,2.1082,-0.1045,-99754.42,300.9345,-3.30165627556193,0.0368221305471782,281.106764899898,0.000281106764899898,4.11776433495967e-07,411.776433495967,6.60489399327531e-06,0.00660489399327531,6.60489399327531,339.237986108761,0.00120679410269462,-1.70474201892165,-0.0463455759218128,0.173585050543716,0.191241919798088,92.4954167070159,32.3620771944323
"494",2023-08-15 07:00:00,0.9295,26.9048,10.901,0.417,12.253,6.829,34.9300504444444,252.812361111111,9306.55173888889,1117.19591111111,454.384025,165.84045,5.5,101,1.0271,-0.26732,1.993,-0.134,-100674.78,300.0548,-3.35317385109041,0.0349731793344469,243.970709068007,0.000243970709068007,3.5737805347118e-07,357.37805347118,5.73234397767772e-06,0.00573234397767772,5.73234397767772,299.910181319085,0.00122928765696822,-1.67899746592199,-0.0457526275231748,0.178217583950642,0.195771706054523,88.9555357781711,32.4668678293498
"495",2023-08-15 08:00:00,0.908,26.6401,10.749,0.544,11.352,6.807,35.5935421111111,224.031555,9711.49844444444,1197.04827777778,444.445025,165.230175,6,95.25,0.9814,-0.18603,1.9085,-0.097,-101511.09,299.7901,-3.36874272173851,0.0344329030934216,216.317498176816,0.000216317498176816,3.16870524029328e-07,316.870524029328,5.08260320543042e-06,0.00508260320543042,5.08260320543042,267.526068784635,0.00123672874843422,-1.67116881071386,-0.0452666580650837,0.179705573735977,0.197232113933245,87.6588318078639,32.58869670081
"496",2023-08-15 09:00:00,0.8502,26.7748,10.559,0.764,10.993,6.777,36.8146124444444,219.896435,10052.3833222222,1235.97341666667,430.08945,161.09745,6,92.75,0.9326,-0.14409,1.8182,-0.0794,-102063.38,299.9248,-3.36081616040137,0.0347069221887965,212.264506540861,0.000212264506540861,3.10933539761315e-07,310.933539761315,4.9873739777715e-06,0.0049873739777715,4.9873739777715,262.129574396836,0.00123491948168158,-1.67515741030109,-0.0443900451716316,0.179147201655582,0.19670762814245,84.6018755985908,31.6890972892969
"497",2023-08-15 10:00:00,0.8195,27.3799,10.434,0.997,10.445,6.789,37.8454352222222,246.960601666667,10256.8401666667,1259.72319444444,456.67415,164.87935,6,90.5,0.9119,-0.10483,1.7801,-0.0589,-102517.16,300.5299,-3.32530811107207,0.035961438181388,238.079543256592,0.000238079543256592,3.48748438143987e-07,348.748438143987,5.59392494782955e-06,0.00559392494782955,5.59392494782955,290.814834402372,0.00122150282390681,-1.69295332575631,-0.0435376747128905,0.176137383483623,0.193792971790573,88.5002406684338,31.952459223398
"498",2023-08-15 11:00:00,0.7845,28.3508,10.348,1.183,9.569,6.806,38.8787308333333,253.314749444444,9581.84993888889,2177.13671111111,375.112625,153.271525,7,83.5,0.9164,-0.05301,1.7883,-0.0298,-102794.69,301.5008,-3.26867318253503,0.0380568894376628,243.674378031908,0.000243674378031908,3.5694397591626e-07,356.94397591626,5.72538137369681e-06,0.00572538137369681,5.72538137369681,292.316123143146,0.00119961780760088,-1.72109427797574,-0.042701426417721,0.171393070168137,0.189182309244552,70.9646726242856,28.9962610409341
"499",2023-08-15 12:00:00,0.791,28.7261,10.288,0.866,13.55,6.811,39.5571917777778,280.09684,10006.0849444444,2273.13061111111,403.422975,157.4494,8.75,81.75,0.9461,-0.01252,1.8434,-0.0068,-102921.18,301.8761,-3.24689212612564,0.0388949019532611,269.202500870782,0.000269202500870782,3.94338591375556e-07,394.338591375556,6.32519100566392e-06,0.00632519100566392,6.32519100566392,320.756092133738,0.0011915048749406,-1.73183679414731,-0.04228440045081,0.169632457935538,0.187472029416051,75.6305238363108,29.5173585483396
"500",2023-08-15 13:00:00,0.7969,29.4816,10.347,0.932,14.073,6.835,39.6254618888889,296.412237777778,9320.08128333333,2339.62034444444,340.53565,147.23915,9,68.75,0.9909,0.04158,1.9261,0.0217,-102821.03,302.6316,-3.20323213242089,0.0406306691855862,284.36881020207,0.00028436881020207,4.165548079364e-07,416.5548079364,6.68153911929985e-06,0.00668153911929985,6.68153911929985,333.895585975523,0.00117416388153912,-1.75323517770754,-0.0422077261764783,0.166053890144642,0.183976402931346,62.6505239568879,27.0885291876689
"501",2023-08-15 14:00:00,0.7945,29.8648,10.677,0.931,20.24,6.946,38.8865209444444,293.497281111111,7695.56045555556,2224.84315555556,313.430525,143.277225,9,66,1.0096,-0.01506,1.9605,-0.0076,-102750.28,303.0148,-3.18118194228947,0.0415365336960212,281.306421404549,0.000281306421404549,4.12068898330239e-07,412.068898330239,6.60958512921704e-06,0.00660958512921704,6.60958512921704,327.282227905927,0.00116343674727304,-1.7639735421938,-0.0433993992931824,0.16408463101514,0.182024790957812,57.0521257929224,26.0800069296404
"502",2023-08-15 15:00:00,0.8183,29.6002,10.526,1.138,18.693,6.974,36.8836175555556,283.867029444444,7062.95721111111,1868.27901666667,369.764425,150.831675,8,69.25,1.0352,0.1972,2.0082,0.0938,-102736.61,302.7502,-3.19640082710788,0.0409091799017184,272.254262068735,0.000272254262068735,3.98808933248766e-07,398.808933248766,6.39689528931021e-06,0.00639689528931021,6.39689528931021,318.618068971503,0.00117029598196359,-1.75656694552252,-0.0428898829502564,0.16538869826007,0.183311226344411,67.7819702052858,27.6491393158316
"503",2023-08-15 16:00:00,0.7888,29.1216,10.385,0.971,14.093,6.914,36.1866698333333,258.323869444444,6726.98762222222,1766.93847777778,341.25295,147.1012,8,72.75,0.9996,-0.35199,1.942,-0.1818,-102774.48,302.2716,-3.22400536603187,0.0397953450419011,248.043781927344,0.000248043781927344,3.6334445351845e-07,363.34445351845,5.82804503443594e-06,0.00582804503443594,5.82804503443594,293.167079849032,0.00118191666636862,-1.74307642623604,-0.0425113884922596,0.167698456399821,0.185577450973839,63.3288525983031,27.2986657311929
"504",2023-08-15 17:00:00,0.818,27.7831,8.949,0.51,8.088,6.791,35.2250527777778,236.028458888889,8791.18361666667,1615.40008333333,204.205725,99.644,560.5,51.25,0.9732,-0.09336,1.8933,-0.0497,-103526.86,300.9331,-3.30173799105222,0.0368191217316935,227.338098328915,0.000227338098328915,3.33013939956128e-07,333.013939956128,5.34154359689629e-06,0.00534154359689629,5.34154359689629,278.013050353781,0.00122290567396033,-1.70470137971714,-0.0371642709945914,0.175193246129556,0.193012801233133,39.4143190100927,19.2325675660743
"505",2023-08-15 18:00:00,0.8144,27.2429,8.178,0.461,8.243,6.771,34.9500040555556,241.305306111111,9098.84921666667,1539.57391111111,309.083625,138.22725,7,66,0.9401,-0.16238,1.8322,-0.0899,-103994.17,300.3929,-3.33333319666894,0.0356739994675802,232.696980749379,0.000232696980749379,3.4086384528092e-07,340.86384528092,5.46745607830596e-06,0.00546745607830596,5.46745607830596,288.876802164726,0.00124142909475845,-1.6889415636202,-0.0341807123726747,0.178507925891828,0.196311599969362,60.6767009480803,27.135612606865
"506",2023-08-15 19:00:00,0.7543,26.6265,7.514,0.159,7.097,6.696,34.6706001666667,310.805567777778,11425.0140111111,1351.11667222222,283.03285,132.843825,7,57.75,0.8346,-0.11036,1.6371,-0.0671,-104543.42,299.7765,-3.36954347817276,0.0344053417614378,300.112195997026,0.000300112195997026,4.39616349184283e-07,439.616349184283,7.0514462409159e-06,0.0070514462409159,7.0514462409159,378.560413532007,0.00126139629972172,-1.67076555138193,-0.0316488205082572,0.182242990107845,0.200007928698753,56.6088140822049,26.5698182786696
"507",2023-08-15 20:00:00,0.7275,26.7072,8.141,0.136,9.355,6.74,34.1974982222222,506.189051666667,13238.5446111111,1139.47828888889,331.5385,141.895325,7,63.75,0.782,-0.08078,1.5395,-0.0526,-104850.08,299.8572,-3.36479314010396,0.0345691675703801,488.69051751731,0.00048869051751731,7.15853417680056e-07,715.853417680056,1.14822888195881e-05,0.0114822888195881,11.4822888195881,613.145457163176,0.00125467025691051,-1.67315694418384,-0.0342542625713176,0.181334623350354,0.199064588764019,65.9975751619398,28.2463345186619
"508",2023-08-15 21:00:00,0.678,26.0147,7.835,0.079,8.496,6.716,33.8875285555556,808.977836111111,14791.0950555556,915.211941666667,367.334975,148.209575,7,69.5,0.7046,-0.0467,1.3965,-0.0334,-105093.9,299.1647,-3.40565139647781,0.0331851975031694,782.131746844077,0.000782131746844077,1.14569786804708e-06,1145.69786804708,1.83769938034751e-05,0.0183769938034751,18.3769938034751,996.510033023005,0.00127409485300136,-1.65252016084103,-0.033268622548071,0.185298214143115,0.202945944150323,74.5491433208104,30.0785321304931
"509",2023-08-15 22:00:00,0.708,27.1139,9.458,0.08,13.282,6.748,33.5384405555556,1056.04592333333,14555.5388333333,580.853687222222,292.475375,135.7486,7,66.5,0.7316,-0.04968,1.4463,-0.0342,-105244.41,300.2639,-3.34089728064137,0.0354051763249352,1018.65643121049,0.00101865643121049,1.49216868669437e-06,1492.16868669437,2.39343857345777e-05,0.0239343857345777,23.9343857345777,1258.03883451906,0.00123499817600338,-1.68515477240771,-0.0395930922421968,0.178217981161591,0.19590857065241,57.2984326672775,26.5943141940657
"510",2023-08-15 23:00:00,0.7142,27.0015,9.451,0.08,12.439,6.704,33.3284954444444,1185.89333888889,14753.9407222222,294.868022222222,424.88435,158.26185,6.25,81.25,0.7453,-0.02436,1.4718,-0.017,-105410.07,300.1515,-3.34749403242995,0.0351723858418407,1144.18264080622,0.00114418264080622,1.67604449955858e-06,1676.04449955858,2.68837537729197e-05,0.0268837537729197,26.8837537729197,1416.19678001653,0.0012377366423062,-1.68184791449553,-0.0396188988841295,0.178803683829865,0.196478835464249,83.4807822949845,31.0951039864177
"511",2023-08-16,0.8131,26.8645,9.148,0.08,11.593,6.702,33.1216409444444,1136.45032777778,13306.5019444444,406.707916666667,360.335625,148.5715,6,79,0.8654,0.03228,1.694,0.0191,-105369.8,300.0145,-3.35554216126981,0.034890450001718,1096.79906443701,0.00109679906443701,1.60663514154991e-06,1606.63514154991,2.57704276704606e-05,0.0257704276704606,25.7704276704606,1363.63640473887,0.00124328735221782,-1.67780803236022,-0.0384145749550907,0.179743830198944,0.197421765862058,71.1380953905083,29.3312478867748
"512",2023-08-16 01:00:00,0.8701,26.3457,8.493,0.1,10.874,6.717,32.6937441111111,1035.23756722222,12476.8726666667,538.574808888889,464.8525,166.15365,6.25,87,0.919,0.03481,1.7932,0.0188,-105321.56,299.4957,-3.38609522833957,0.0338405601024972,1000.20454810828,0.00100020454810828,1.46513963025093e-06,1465.13963025093,2.35008396692249e-05,0.0235008396692249,23.5008396692249,1261.11459354566,0.00126085668769539,-1.6624168520115,-0.0359034318574259,0.1829906383752,0.200640341693675,93.2681644371592,33.3371251096513
"513",2023-08-16 02:00:00,0.9589,27.117,8.879,0.796,20.983,6.893,32.0356035555556,893.784992777778,8720.82747222222,784.22195,546.9671,177.772225,6,99.75,1.0026,0.12908,1.9478,0.0662,-104955.15,300.267,-3.34071542137109,0.0354116156699076,862.134622122,0.000862134622122,1.26288927986919e-06,1262.88927986919,2.02567440491018e-05,0.0202567440491018,20.2567440491018,1068.38068273326,0.00123922721036723,-1.68524587862321,-0.0371678623035834,0.178634449834929,0.196368406914093,107.407058061422,34.9088486168238
"514",2023-08-16 03:00:00,0.9707,27.9769,9.521,1.074,30.821,7.017,31.6833876666667,685.732735,5902.75743333333,931.54396,400.652975,154.7949,6,89.5,1.0545,0.17373,2.0439,0.0851,-104381.65,301.1269,-3.29043445730139,0.03723766898753,660.197646400156,0.000660197646400156,9.67083920352805e-07,967.083920352805,1.5512026082459e-05,0.015512026082459,15.512026082459,801.615230549275,0.00121420492017841,-1.71031698243925,-0.0394521966414313,0.173814058741373,0.191616652700741,76.7717819640938,29.661280593146
"515",2023-08-16 04:00:00,0.9625,28.1491,9.714,0.705,26.276,7.034,31.4759878333333,546.912931111111,5592.78343888889,856.436507222222,431.3137,159.86105,6,86.25,1.066,0.06096,2.0651,0.0295,-103981.49,301.2991,-3.28040464479569,0.0376130351008385,526.341875836126,0.000526341875836126,7.71006633399791e-07,771.006633399791,1.23669463997327e-05,0.0123669463997327,12.3669463997327,636.249662230761,0.00120881444445217,-1.71528977868616,-0.040174232387992,0.172827030027621,0.190637483444976,82.2245583433414,30.4755082728715
"516",2023-08-16 05:00:00,0.9727,27.0073,9.16,0.665,18.958,6.952,31.533987,461.796856666667,6211.81303333333,826.914454444444,518.011475,173.027225,6,103.75,1.0471,-0.1267,2.0304,-0.0631,-104019.75,300.1573,-3.34715349311844,0.0351843654614241,445.54882729277,0.00044554882729277,6.52657744171541e-07,652.657744171541,1.04686302165115e-05,0.0104686302165115,10.4686302165115,552.375632897152,0.00123976453097965,-1.68201872092298,-0.0383962459470479,0.178991856807805,0.196689410439017,101.887371618396,34.0326228751491
"517",2023-08-16 06:00:00,0.9041,25.3189,8.554,0.39,13.364,6.821,31.6206460555556,405.742423333333,8823.7996,867.578105555556,510.517275,173.3063,6,96.75,0.9781,-0.18649,1.9028,-0.098,-104694.48,298.4689,-3.44692153894079,0.031843515812558,392.822158060093,0.000392822158060093,5.75421610012746e-07,575.421610012746,9.22976262460445e-06,0.00922976262460445,9.22976262460445,505.182005239291,0.00128603235554245,-1.63151949813889,-0.0366750852848291,0.188587236994589,0.206067820537486,105.201182205986,35.7128515264157
"518",2023-08-16 07:00:00,0.975,24.4063,8.219,0.408,11.039,6.795,31.8248506181259,380.602412467407,9903.72184863704,959.648959111111,541.93705,178.56985,6.25,104.25,0.916,-0.11726,1.7875,-0.0655,-105226.52,297.5563,-3.50138345678994,0.0301556366374812,369.125104413692,0.000369125104413691,5.40709217949352e-07,540.709217949352,8.6729758559076e-06,0.0086729758559076,8.6729758559076,484.363859671424,0.00131219430453199,-1.60356809617758,-0.0357168119394917,0.194118805452877,0.21146356767702,114.59994204936,37.7610175605503
"519",2023-08-16 08:00:00,0.9089,24.4206,8.022,0.289,11.184,6.778,32.8173601666667,462.972488888889,11721.0435,1095.55185,424.75695,160.443275,7,86.25,0.8395,-0.08244,1.6458,-0.0499,-105598.93,297.5706,-3.50052713734597,0.0301814705546731,448.999298347865,0.000448999298347865,6.57712132191887e-07,657.712132191887,1.05497026003579e-05,0.0105497026003579,10.5497026003579,589.714316606205,0.00131339696693539,-1.60400966848952,-0.034853131720447,0.194200761831576,0.211563013797105,89.8628604732661,33.9438628024776
"520",2023-08-16 09:00:00,0.8239,24.9454,8.063,0.176,11.574,6.75,33.4390111428571,623.378324285714,13548.2534285714,1214.00585714286,492.58215,171.07435,8.25,99.75,0.7696,-0.0518,1.5167,-0.0344,-105819.61,298.0954,-3.46916537478272,0.0311430136917309,603.964444597356,0.000603964444597356,8.84711277023991e-07,884.711277023991,1.41907688834648e-05,0.0141907688834648,14.1907688834648,784.812841650846,0.00129943550265456,-1.62013593353211,-0.0347574809224034,0.191112424441947,0.208565749987157,102.735765545036,35.6802501113154
"521",2023-08-16 10:00:00,0.739,25.6852,8.207,0.081,12.581,6.758,28.1578781419,1060.2336176,14221.968306143,971.674277333333,445.55455,163.833625,9.25,93.75,0.7127,-0.04008,1.4117,-0.0284,-105991.14,298.8352,-3.42516787159997,0.0325438185148481,1025.72956716548,0.00102572956716548,1.50252969916669e-06,1502.52969916669,2.41005763746337e-05,0.0241005763746337,24.1005763746337,1312.39884996215,0.00127947842391718,-1.64260849459853,-0.035006118508691,0.186819080741415,0.204386298214083,91.0652451269416,33.4853481367443
"522",2023-08-16 11:00:00,0.6892,26.0954,8.257,0.08,14.557,6.707,23.8864833333333,462.498615333333,5967.92526523333,722.1138283,604.717575,187.562525,10.5,109.5,0.6912,-0.04045,1.3716,-0.0295,-106134.78,299.2454,-3.40087893785858,0.0333439510043008,447.077084164102,0.000447077084164102,6.54896395966943e-07,654.896395966943,1.05045381913098e-05,0.0105045381913098,10.5045381913098,567.27087653883,0.00126884355434914,-1.65493858312671,-0.0350223234249992,0.184526737638461,0.202155509483127,122.246989467526,37.9167978013168
"523",2023-08-16 12:00:00,0.6987,26.1133,8.273,0.08,16.251,6.69,25.1959017926047,1401.25420924747,10239.277129731,816.38614607846,676.41695,196.217425,12.5,129,0.7068,-0.01594,1.401,-0.0115,-106241.3,299.2633,-3.39982075933444,0.0333792535316878,1354.48138973465,0.00135448138973465,1.98409851893891e-06,1984.09851893891,3.182494024378e-05,0.03182494024378,31.82494024378,1717.8571974311,0.00126827670756527,-1.65547452656379,-0.0350817430571143,0.184416909930518,0.202047274543692,136.668201202657,39.6451959392313
"524",2023-08-16 13:00:00,0.7309,26.314,8.326,0.08,17.441,6.681,37.3108019011628,1941.64832962209,18784.1104302326,2117.52583898256,733.32975,204.99455,14.75,141,0.7518,-0.00895,1.4838,-0.006,-106277.56,299.464,-3.38796600178864,0.0337773112623898,1876.06466963035,0.00187606466963035,2.74813457066132e-06,2748.13457066132,4.40800785134076e-05,0.0440800785134076,44.0800785134076,2369.29822056007,0.00126290860806355,-1.66147164341492,-0.0352121834795385,0.183290339839023,0.200947678306986,147.360910695942,41.1931788880853
"525",2023-08-16 14:00:00,0.7703,26.445,8.329,0.08,16.221,6.678,38.1167059444444,1924.79654444444,19115.4643888889,3027.29331666667,734.66585,205.038375,17.25,147,0.8105,0.02598,1.5921,0.0164,-106255.62,299.595,-3.38023795912997,0.0340393550004095,1859.27771156454,0.00185927771156454,2.7235443630082e-06,2723.5443630082,4.36856515826515e-05,0.0436856515826515,43.6856515826515,2342.06358019892,0.00125966312919877,-1.6653741500293,-0.0351642706284074,0.182585189944495,0.20026216357833,147.125772628113,41.061428594085
"526",2023-08-16 15:00:00,0.745,27.7288,8.286,0.08,13.373,6.695,38.0874138888889,1936.19077777778,18186.3456111111,3996.02950555556,791.490025,211.775075,20,156.5,0.8664,0.01198,1.6958,0.0071,-106188.79,300.8788,-3.30490805243376,0.0367025876646729,1865.12756602086,0.00186512756602086,2.73211346380999e-06,2732.11346380999,4.38230999595123e-05,0.0438230999595123,43.8230999595123,2292.33881344525,0.00122905202582782,-1.70312434521591,-0.0344325457634099,0.175949740339379,0.19381126389758,153.399682107577,41.0443949477547
"527",2023-08-16 16:00:00,0.7352,30.3334,10.45,2.171,40.34,7.287,37.7072714649682,1513.73701910828,6236.84334394904,5994.43405095541,754.081,207.0808,22,143.5,0.9047,0.0154,1.7662,0.0088,-106121.49,303.4834,-3.15430384826042,0.0426680955330104,1449.14874336511,0.00144914874336511,2.12277104523095e-06,2122.77104523095,3.40492475655045e-05,0.0340492475655045,34.0492475655045,1673.4658552608,0.00115479233096169,-1.77700036725535,-0.042303081851926,0.162138649430547,0.180144201356729,135.843319503283,37.3044053323125
"528",2023-08-16 17:00:00,0.717,30.2674,10.855,1.656,39.642,7.298,NA,NA,NA,NA,716.224675,202.3534,24,143.5,0.8998,-0.0355,1.758,-0.0203,-106165.04,303.4174,-3.15808377216812,0.0425071178137279,NA,NA,NA,NA,NA,NA,NA,NA,NA,-1.77517255059028,-0.0439672014341607,0.162165193226987,0.180134509608017,129.016780600286,36.4508304765149
"529",2023-08-16 18:00:00,0.6964,30.2516,10.953,1.239,38.954,7.228,NA,NA,NA,NA,503.93075,178.279825,21.75,110.5,0.8749,-0.03221,1.7113,-0.0189,-106284.86,303.4016,-3.15898894104653,0.0424686591024149,NA,NA,NA,NA,NA,NA,NA,NA,NA,-1.77473464496023,-0.0443701274526344,0.162170865801667,0.18013143019444,90.7737667164566,32.1137998520644
"530",2023-08-16 19:00:00,0.6672,30.065,10.959,0.483,27.517,7.089,NA,NA,NA,NA,697.010775,195.093475,28,147.25,0.825,-0.058,1.6187,-0.0358,-106457.2,303.215,-3.16968723141683,0.0420167387582749,NA,NA,NA,NA,NA,NA,NA,NA,NA,-1.76955305392963,-0.0444662828573919,0.16299767586287,0.180938459772141,126.116056073086,35.2999128780946
"531",2023-08-16 20:00:00,0.5782,29.5213,10.74,0.225,24.003,6.978,NA,NA,NA,NA,604.60295,184.320125,29.75,130.75,0.7623,-0.03035,1.5032,-0.0201,-106616.3,302.6713,-3.2009447517387,0.0407237133655735,NA,NA,NA,NA,NA,NA,NA,NA,NA,-1.75435127418493,-0.0437943678093218,0.165605695916037,0.183503903607218,110.94700145744,33.8234624508705
"532",2023-08-16 21:00:00,0.6242,28.8322,10.563,0.089,24.519,6.89,123.8862128532,4658.1166306122,8642.9624130608,5059.2612,583.173025,181.6992,30.75,123.5,0.7192,-0.02834,1.4235,-0.0198,-106713.86,301.9822,-3.24074564028985,0.0391347051331491,4475.82260979737,0.00447582260979737,6.55636399173559e-06,6556.36399173558,0.000105164078427439,0.105164078427439,105.164078427439,5313.52086647698,0.00118716073663106,-1.73486017919699,-0.0433669459393882,0.168937386779661,0.186769480951759,108.918923184317,33.9358652733498
"533",2023-08-16 22:00:00,0.676,27.8583,10.348,0.08,23.566,6.8,331.168844006033,3555.64344417363,14250.6960886847,4562.39706409562,670.898,192.414075,31.75,129.5,0.6878,-0.01367,1.3652,-0.0101,-106795.72,301.0083,-3.29734992653323,0.0369810414088698,3424.15204672947,0.00342415204672947,5.0158348841312e-06,5015.8348841312,8.04539915414644e-05,0.0804539915414644,80.4539915414644,4146.51419953293,0.00121096088694233,-1.7068827928437,-0.0429370092369188,0.173805259974999,0.191531487593383,128.498091963425,36.8533540186547
"534",2023-08-16 23:00:00,0.7194,26.979,10.191,0.08,19.606,6.755,30.4380651745526,2079.25375175439,18547.5512962301,5596.61646120175,785.6384,206.511975,32.75,146.75,0.7174,0.00125,1.42,8e-04,-106818.9,300.129,-3.34881523180742,0.0351259467924253,2006.21799510231,0.00200621799510231,2.93878836794567e-06,2938.78836794567,4.71381654218485e-05,0.0471381654218485,47.1381654218485,2473.22297813521,0.00123277878285061,-1.68118513039415,-0.0427329820217634,0.178365919297108,0.19598310449468,153.971852642233,40.4728579758277
"535",2023-08-17,0.7583,27.092,10.293,0.08,19.723,6.764,105.595058807061,1834.81315332586,13720.8913202393,6440.42110607432,692.201825,196.2424,33.25,137.25,0.777,0.03262,1.5305,0.0208,-106774.29,300.242,-3.34218215008964,0.0353597145085442,1769.93468404774,0.00176993468404774,2.59267112258049e-06,2592.67112258049,4.1586444806191e-05,0.041586444806191,41.586444806191,2175.84768794738,0.00122933784368321,-1.68451100256252,-0.0431002095399805,0.177708411045526,0.1953341707821,135.210669500231,38.3328464762892
"536",2023-08-17 01:00:00,0.8865,26.3192,9.63,0.146,16.709,6.806,96.8445615759827,1717.67941335338,12799.6303304286,7277.95389318182,724.033475,200.925425,34.75,149,0.8853,0.08039,1.7307,0.0465,-106546.67,299.4692,-3.38765909324431,0.0337876793986655,1659.64301202531,0.00165964301202531,2.43111146973516e-06,2431.11146973516,3.89950279745519e-05,0.0389950279745519,38.9950279745519,2079.3403059776,0.00125288407863093,-1.66162673114149,-0.0407242407583888,0.182254544677927,0.199815569068509,144.673160831775,40.1480281367069
"537",2023-08-17 02:00:00,0.954,26.9081,8.922,1.855,22.68,7.046,53.2226820558935,1261.01393103,4363.56448673702,5589.09127649197,727.7228,200.47885,35.5,140.75,0.9711,0.15106,1.8896,0.0793,-106174.59,300.0581,-3.3529799520377,0.0349799612582023,1216.90371257652,0.00121690371257652,1.78256923433059e-06,1782.56923433059,2.85924105186626e-05,0.0285924105186626,28.5924105186626,1513.73958686131,0.00124392716631319,-1.67909482457626,-0.0374450078018194,0.179686819994138,0.197387830139055,143.643624434718,39.5720851902731
"538",2023-08-17 03:00:00,0.9497,29.1126,10.824,1.065,65.087,7.112,30.9641778258169,829.509409478189,5166.9792803768,9265.85532175431,572.641175,181.250675,36.25,132,1.0562,0.3051,2.0466,0.1491,-105287.84,302.2626,-3.22452541895865,0.0397746547369498,796.515959115143,0.000796515959115143,1.16676843755023e-06,1166.76843755023,1.87149657383056e-05,0.0187149657383056,18.7149657383056,939.121766448018,0.00117903697433922,-1.74282157949789,-0.0443124219686885,0.16743936362503,0.1852852183476,106.101945144701,33.5830708930249
"539",2023-08-17 04:00:00,0.9603,29.3464,11.143,0.844,62.348,7.125,31.4960307017544,590.728821052632,4506.98485380117,9856.32494736842,661.956025,192.0383,37,127,1.104,0.33151,2.1351,0.1549,-104207.59,302.4964,-3.21102703267081,0.0403151883437419,566.913477371818,0.000566913477371818,8.30437538193334e-07,830.437538193334,1.33202181126211e-05,0.0133202181126211,13.3202181126211,664.204714685081,0.00117161567187342,-1.74942802939746,-0.0455137755495159,0.166137120424045,0.183986384164891,121.790895515914,35.3324324381726
"540",2023-08-17 05:00:00,0.9824,29.2573,11.363,0.648,55.672,7.136,31.6666416666667,425.525262222222,4343.68642222222,10194.1327777778,650.79985,191.288125,38,122,1.134,0.21295,2.1909,0.0969,-103007.52,302.4073,-3.21616839628322,0.0401084452297039,408.458105548527,0.000408458105548527,5.98325771331704e-07,598.325771331704,9.59714537216053e-06,0.00959714537216053,9.59714537216053,478.73571855674,0.00117205586583681,-1.74691375305395,-0.0464526240969461,0.166399063743737,0.184222191430611,119.891774549713,35.2395175821527
"541",2023-08-17 06:00:00,0.9849,28.4561,11.005,0.585,44.647,7.049,31.8230957777778,326.385515,4801.94786666667,10611.6596666667,695.2571,197.503625,39,138.25,1.109,-0.04353,2.1448,-0.0205,-102843.89,301.6061,-3.26255572245033,0.0382904144991486,313.888078344132,0.000313888078344132,4.59795812681618e-07,459.795812681618,7.37512483541316e-06,0.00737512483541315,7.37512483541316,374.32100170998,0.00119253016452441,-1.7241159476622,-0.0453608657566588,0.170422128075685,0.188176289227926,130.830901137369,37.1654992615638
"542",2023-08-17 07:00:00,1.0036,26.8922,10.422,0.839,30.235,6.934,32.4200735,270.979272777778,6227.95800555556,11347.8398333333,751.342125,204.3984,39.75,143.5,1.0597,-0.29363,2.0532,-0.1432,-103497.17,300.0422,-3.35391423755579,0.0349472952493828,261.50928012555,0.00026150928012555,3.8306925389911e-07,383.06925389911,6.14443083254173e-06,0.00614443083254173,6.14443083254173,322.476127826514,0.00123313454754529,-1.67862567839786,-0.0437491402665691,0.178641402827165,0.196229029893278,147.435136306704,40.1088997437381
"543",2023-08-17 08:00:00,0.9898,26.1828,10.332,0.89,23.158,6.872,33.5341601111111,217.337402777778,7724.05635555556,12606.9649444444,636.500075,189.93335,41,126.25,1.0079,-0.17971,1.9575,-0.0918,-104367.17,299.3328,-3.39571355310905,0.0335166309336942,210.052985260787,0.000210052985260787,3.07694014929412e-07,307.694014929412,4.93541199946776e-06,0.00493541199946776,4.93541199946776,262.756389581893,0.00125090528590047,-1.6575537568837,-0.0437721742965754,0.182441458788476,0.199929389329083,127.255071302666,37.973258678727
"544",2023-08-17 09:00:00,0.9595,25.7607,10.053,1.219,17.596,6.837,34.6978838888889,188.339982222222,8426.62304444444,14232.422,592.021975,184.401725,42,118,0.9504,-0.18236,1.8511,-0.0986,-105017.15,298.9107,-3.42069164275761,0.0326898186135436,182.1831823657,0.0001821831823657,2.66869212856572e-07,266.869212856572,4.28058217421941e-06,0.00428058217421941,4.28058217421941,230.167982021183,0.00126338764661143,-1.64488488870607,-0.0428351961537393,0.184940692781513,0.202382397722156,119.814826804707,37.3196632496017
"545",2023-08-17 10:00:00,0.8445,26.0755,9.773,1.425,16.515,6.814,35.9482044553012,193.893023255422,8807.46597710241,18278.8390963855,518.980825,173.586775,43.5,106.75,0.9136,-0.0928,1.7832,-0.0521,-105503.49,299.2255,-3.40205551759875,0.0333047422581338,187.43546609025,0.00018743546609025,2.74562968147641e-07,274.562968147641,4.40399000908816e-06,0.00440399000908816,4.40399000908816,235.749709350271,0.00125776468172122,-1.65434255116882,-0.0414635952990318,0.18345128079972,0.200963943704692,104.296433299115,34.8846828789791
"546",2023-08-17 11:00:00,0.8045,26.8516,9.713,1.594,16.848,6.804,36.8695086810404,232.840311010101,8964.49901912626,17969.9764074613,501.884725,171.541525,44.75,108.75,0.9087,-0.04416,1.7739,-0.0251,-105767.89,300.0016,-3.35630040851559,0.0348640044417806,224.722565372819,0.000224722565372819,3.29182602660721e-07,329.182602660721,5.28008894667796e-06,0.00528008894667796,5.28008894667796,278.516261487558,0.00123937825747714,-1.67742710887163,-0.0407937764047364,0.179385010694377,0.197019184420026,98.8809191923692,33.7969713496675
"547",2023-08-17 12:00:00,0.8344,29.5908,11.179,2.433,74.052,7.364,38.1471106111111,243.524099444444,4234.07403333333,20268.0603888889,421.644625,161.231575,46.5,92,0.9645,0.0597,1.8773,0.0319,-105686.31,302.7408,-3.19694204031892,0.0408870453036431,233.567118557931,0.000233567118557931,3.42138457948399e-07,342.138457948399,5.48790086549232e-06,0.00548790086549232,5.48790086549232,272.33440673199,0.00116597922007778,-1.75630314655778,-0.0455546481163844,0.164992081907215,0.182865952298209,77.1044458820461,29.4837655029151
"548",2023-08-17 13:00:00,0.8157,30.1753,11.589,2.925,81.828,7.572,38.5573194444444,222.142891111111,1823.05931666667,22114.198,331.195375,145.0692,48,77.75,1.0139,0.22653,1.9685,0.1129,-105339.92,303.3253,-3.16336161705637,0.0422833628330468,212.749942645478,0.000212749942645478,3.11644625984802e-07,311.644625984802,4.99877980079622e-06,0.00499877980079622,4.99877980079622,244.757758109542,0.00115044805684108,-1.77261811312675,-0.0469773404598016,0.162091311130485,0.179997787208668,59.614434633745,26.1121349921317
"549",2023-08-17 14:00:00,0.8841,30.1068,11.58,2.918,80.326,7.611,38.9711306666667,199.221488888889,1610.12702222222,23881.2747222222,381.875025,153.4621,50,80.25,1.1011,0.41359,2.1303,0.1947,-103928.31,303.2568,-3.16728941880232,0.0421176079077643,190.830756333066,0.000190830756333066,2.79536525106928e-07,279.536525106928,4.48376586271512e-06,0.00448376586271512,4.48376586271512,219.834644696846,0.00115198749363629,-1.7707153575439,-0.0469688020959393,0.162401411524365,0.18030141817449,68.8526085729189,27.6694342660354
"550",2023-08-17 15:00:00,0.9412,29.8697,11.53,2.835,64.741,7.582,39.2421666666667,186.021497777778,1553.94683333333,25596.1023888889,384.9759,155.712375,51.75,82.25,1.1487,0.58958,2.218,0.2642,-102377.76,303.0197,-3.18090039662295,0.0415482297733758,178.292633845319,0.000178292633845319,2.61170181761977e-07,261.170181761977,4.18916971546211e-06,0.00418916971546212,4.18916971546212,206.367931910814,0.0011574675153986,-1.76411035454926,-0.0468645622928304,0.163494665376778,0.181373254453859,69.8243318693034,28.2420602124897
"551",2023-08-17 16:00:00,1.0155,29.808,11.745,3.685,42.885,7.642,39.3381907222222,168.702762777778,1400.96505555556,26622.5758888889,311.447425,142.801075,53.25,75,1.2152,0.62679,2.3413,0.268,-99813.819,302.958,-3.18444633091609,0.0414011633801231,161.718272133337,0.000161718272133337,2.36891393751797e-07,236.891393751797,3.79973795577883e-06,0.00379973795577883,3.79973795577883,187.162248726284,0.00115733519940139,-1.76238671600193,-0.0477651575110856,0.16362928396132,0.181485632840393,56.5232330226359,25.9163434666635
"552",2023-08-17 17:00:00,1.0154,29.9281,11.749,2.364,50.064,7.628,39.2898608888889,154.517559444444,1420.37473888889,27186.6771111111,308.869725,141.832175,54,72.5,1.2205,0.25462,2.3508,0.1083,-98399.057,303.0781,-3.17754563036186,0.041687848434408,148.07605484587,0.00014807605484587,2.16907728180424e-07,216.907728180424,3.479199960014e-06,0.003479199960014,3.479199960014,170.983494139721,0.00115470049710397,-1.76573996479409,-0.0477296356277388,0.163087306247019,0.180956217871004,55.891897250857,25.6654139604183
"553",2023-08-17 18:00:00,0.9942,29.7582,11.738,2.192,39.262,7.431,38.7891457222222,145.638292222222,2437.61699444444,27088.4451666667,225.512925,102.65525,52.65,55.5,1.1299,-0.27254,2.1831,-0.1278,-98410.501,302.9082,-3.18730956560839,0.0412827916779218,139.625936944084,0.000139625936944084,2.04529657473172e-07,204.529657473172,3.28065570586968e-06,0.00328065570586968,3.28065570586968,161.752020430966,0.0011584668577425,-1.76099405559174,-0.0477584122622658,0.163858428002614,0.181709908406009,40.9779329461211,18.6534760748959
"554",2023-08-17 19:00:00,0.9672,29.258,11.666,0.909,29.841,7.064,37.9632630555556,134.909808333333,5045.58141111111,26413.1334444444,337.545625,143.972725,56,63.25,1.1563,-0.30434,2.232,-0.1366,-99499.034,302.408,-3.21612799052867,0.0401100658744219,129.498567033978,0.000129498567033978,1.89694680934052e-07,189.694680934052,3.04270268218219e-06,0.00304270268218219,3.04270268218219,151.50459415695,0.0011699325917421,-1.74693352241596,-0.047690979594765,0.1661898445845,0.183990988545156,62.1053532228426,26.4896839962899
"555",2023-08-17 20:00:00,0.9218,28.6127,11.488,0.436,24.973,6.881,37.4129625,121.917809444444,7564.37737777778,25660.5503333333,240.058475,126.038375,56.5,60.25,1.0841,-0.49647,2.0983,-0.2367,-101002.33,301.7627,-3.25346694972195,0.0386400136777135,117.206903619954,0.000117206903619954,1.71689360698654e-07,171.689360698654,2.75389734560641e-06,0.00275389734560641,2.75389734560641,138.956593599552,0.00118556662882352,-1.72859876972408,-0.0472727305623491,0.169335808968413,0.187073882192907,44.908670871559,23.5784881165355
"556",2023-08-17 21:00:00,0.9023,28.2601,11.442,0.301,24.263,6.813,37.4478780555556,117.338033888889,9065.46027777778,25465.2092222222,221.957275,122.763025,57,52,1.0531,-0.22393,2.0412,-0.1101,-102297.31,301.4101,-3.27394634852264,0.0378567373262247,112.895998761582,0.000112895998761582,1.65374574825915e-07,165.374574825915,2.65260818020768e-06,0.00265260818020768,2.65260818020768,134.783186357949,0.00119387035711151,-1.71848681723844,-0.047262706578187,0.171058525984534,0.188756241709138,41.8958210490015,23.1722872198449
"557",2023-08-17 22:00:00,0.8175,27.8914,11.311,0.357,21.916,6.774,37.1375630555556,120.741661666667,9836.37265,25404.7346111111,254.402425,129.57925,57.25,61.75,0.9631,-0.31535,1.8751,-0.168,-103288.24,301.0414,-3.29541926867745,0.0370525081129104,116.267880268196,0.000116267880268196,1.70313841732065e-07,170.313841732065,2.73183402138231e-06,0.00273183402138232,2.73183402138232,139.898294323358,0.00120324111870495,-1.7078419989498,-0.0469150191347836,0.172949260729292,0.190609143616735,48.4914283632706,24.6989898729988
"558",2023-08-17 23:00:00,0.8268,27.4794,11.201,0.264,19.678,6.743,36.5998691111111,140.786282222222,10353.3853888889,24914.4220555556,220.058925,120.73715,58,51.25,0.944,-0.14468,1.8391,-0.0788,-104091.22,300.6294,-3.31948488961489,0.0361714605074096,135.693836774836,0.000135693836774836,1.98769759861251e-07,198.769759861251,3.18826694817446e-06,0.00318826694817446,3.18826694817446,164.674521382642,0.00121357406715454,-1.69586061459501,-0.046682535276836,0.175074593050664,0.192687423994382,42.4025873852229,23.2645304139233
"559",2023-08-18,0.8548,27.1421,11.011,0.283,17.525,6.744,35.7373226666667,164.717571111111,10555.023,24066.135,177.2406,110.80349,58.25,41.25,0.9715,-0.05587,1.8904,-0.03,-104446.04,300.2921,-3.3392431052341,0.0354637911625338,158.876061568427,0.000158876061568427,2.32728010027894e-07,232.728010027894,3.73295728084743e-06,0.00373295728084743,3.73295728084743,194.283938013485,0.00122286476701091,-1.68598335311171,-0.046078272015352,0.176919292472672,0.19449923436622,34.4731609986095,21.5511939701051
"560",2023-08-18 01:00:00,0.8918,26.8309,10.871,0.252,15.379,6.737,34.7125232777778,184.227907777778,10883.5178333333,22891.5032222222,172.3448,110.1111625,58.75,42,1.0003,-0.02605,1.9436,-0.0139,-104635.67,299.9809,-3.35751728585919,0.0348216050277873,177.812796338044,0.000177812796338044,2.60467296587821e-07,260.467296587821,4.17789543726865e-06,0.00417789543726865,4.17789543726865,218.934922173542,0.001231266403107,-1.6768156702917,-0.0456692154210944,0.178621741377298,0.196167346651763,33.8084221252287,21.6002145843661
"561",2023-08-18 02:00:00,0.9671,27.5374,11.207,0.795,22.647,6.913,34.1790165555556,189.802668333333,8918.15161666667,22074.0097222222,180.76715,113.0862,59,40,1.0983,0.46558,2.125,0.2161,-103944.35,300.6874,-3.31609247199018,0.0362943775814011,182.913898622886,0.000182913898622886,2.67939595258748e-07,267.939595258748,4.29775110795032e-06,0.00429775110795032,4.29775110795032,221.724661833225,0.00121218050406523,-1.6975528483654,-0.0466754022325064,0.174779823155034,0.192400112015182,34.7796199086652,21.7577975473712
"562",2023-08-18 03:00:00,0.9861,28.4408,11.344,1.427,29.783,7.244,34.2144456666667,172.366250555556,4550.39108888889,21957.591,197.310075,116.27805,59,39.5,1.1724,0.41649,2.262,0.1839,-102004.08,301.5908,-3.26344428221324,0.0382564062892767,165.772137243743,0.000165772137243743,2.42829657520124e-07,242.829657520124,3.8949877066228e-06,0.0038949877066228,3.8949877066228,197.346329393376,0.00119046742519346,-1.72367726930086,-0.0467658707429501,0.170257524179216,0.187985000634191,37.0913345740073,21.8585293029925
"563",2023-08-18 04:00:00,1.0284,28.5499,11.42,1.933,31.106,7.313,34.3778621111111,160.516032222222,3304.70643333333,22105.6342777778,178.5064,114.570375,59,42.25,1.2157,0.63974,2.342,0.2725,-100332.983,301.6999,-3.25711045482449,0.0384994847565701,154.336247686498,0.000154336247686498,2.26077909061089e-07,226.077909061089,3.62628966133987e-06,0.00362628966133987,3.62628966133987,183.268547086109,0.00118746276285258,-1.7268026312126,-0.0470242183027486,0.169682395764527,0.187417762525786,33.4552700845329,21.4725233342402
"564",2023-08-18 05:00:00,1.0517,28.4829,11.482,1.22,31.727,7.233,34.4231686111111,150.800634444444,3660.8649,22266.7526666667,208.65115,118.79635,59.5,43.75,1.2403,0.03347,2.3878,0.0127,-98774.218,301.6329,-3.26099953827509,0.0383500478238147,145.017422901638,0.000145017422901638,2.12427321763236e-07,212.427321763236,3.40733424108231e-06,0.00340733424108231,3.40733424108231,172.358442795371,0.00118853610377753,-1.72488405049671,-0.0473133662042178,0.169959107208345,0.187681707445228,39.1600040924103,22.2959018062609
"565",2023-08-18 06:00:00,1.0506,28.1684,11.446,0.52,28.122,7.099,34.4255288888889,145.776008888889,4660.35765,22378.4753888889,244.31265,126.764825,60,49.25,1.2203,-0.07636,2.3505,-0.0324,-99143.716,301.3184,-3.27928132680829,0.0376553102390519,140.286768048767,0.000140286768048767,2.05497669308556e-07,205.497669308556,3.29618261570924e-06,0.00329618261570924,3.29618261570924,167.77311763406,0.00119592973712059,-1.715846133984,-0.0473271254786531,0.171499786124796,0.189185579921164,46.2204303723263,23.9820769312298
"566",2023-08-18 07:00:00,1.034,27.7717,11.413,0.591,22.417,7.01,34.3986343333333,116.743289611111,5598.97315555556,8823.78224444444,277.81135,134.855925,42.5,55.25,1.1776,-0.34995,2.2718,-0.1549,-99837.72,300.9217,-3.3024034208261,0.036794629341988,112.447763541706,0.000112447763541706,1.64717981946433e-07,164.717981946433,2.64207643042078e-06,0.00264207643042078,2.64207643042078,135.529121099953,0.0012052629312604,-1.70437042121859,-0.0474032521880278,0.173465998405883,0.191102629077413,53.0904793725455,25.7713218141665
"567",2023-08-18 08:00:00,1.0023,26.8927,11.314,0.52,16.586,6.894,33.8821516666667,117.009823888889,7783.08867222222,2680.22782777778,349.40125,148.174,11.75,64.25,1.0961,-0.43645,2.1206,-0.2057,-101382.43,300.0427,-3.35388485579273,0.0349483220776056,112.920526877376,0.000112920526877376,1.65410504591056e-07,165.410504591056,2.65318449364053e-06,0.00265318449364053,2.65318449364053,138.499779296955,0.00122652438070322,-1.67864043351638,-0.0474932509840991,0.17797117420006,0.195493141604087,68.3055480428951,28.967000764044
"568",2023-08-18 09:00:00,0.9486,26.4757,11.241,0.817,11.685,6.857,33.6804853333333,112.326815,8562.75643888889,2012.29098333333,358.251475,149.694425,8.25,64.75,1.0162,-0.42487,1.9728,-0.2151,-102950.61,299.6257,-3.37842799496326,0.0341010208021836,108.496355945042,0.000108496355945042,1.58929802042535e-07,158.929802042535,2.54923402476227e-06,0.00254923402476227,2.54923402476227,134.210276087631,0.00123700261560503,-1.66628734890627,-0.0474394499818416,0.18019299664864,0.197658622573482,70.8114930834181,29.5883938524293
"569",2023-08-18 10:00:00,0.9001,26.482,11.182,1.107,10.641,6.857,33.9531163888889,115.085332777778,8383.90401111111,1796.42875,322.563175,142.585675,7.25,66.75,0.9537,-0.2817,1.8574,-0.1514,-104205.52,299.632,-3.37805662125244,0.03411368737656,111.159347713769,0.000111159347713769,1.62830658905038e-07,162.830658905038,2.61180376883681e-06,0.00261180376883681,2.61180376883681,137.53651798318,0.00123729151719503,-1.66647468430024,-0.047186582368154,0.180204805482613,0.197675732294952,63.7629118295099,28.1857277203951
"570",2023-08-18 11:00:00,0.8207,26.933,10.976,1.392,9.684,6.872,34.4042816111111,128.636839444444,8099.20192222222,1656.59258333333,306.821325,140.705225,7,63.75,0.8884,-0.19692,1.7363,-0.1134,-105056.06,300.083,-3.3515170519445,0.035031170894409,124.130540338549,0.000124130540338549,1.81831380709521e-07,181.831380709521,2.91657534658071e-06,0.00291657534658071,2.91657534658071,152.440295723659,0.00122806438534706,-1.67982924895689,-0.0460511207328921,0.178016262644907,0.195568933345311,60.004719257845,27.517570769362
"571",2023-08-18 12:00:00,0.7821,27.3279,10.794,1.365,9.975,6.869,34.9609303888889,157.783751111111,8184.19680555556,1503.29676111111,258.45775,131.4239,6.5,61,0.8671,-0.13364,1.6968,-0.0788,-105645.41,300.4779,-3.32835314860375,0.0358521008062663,152.126872160685,0.000152126872160685,2.22841527415857e-07,222.841527415857,3.57437809975035e-06,0.00357437809975035,3.57437809975035,185.60804383339,0.00122008716275545,-1.6914318090647,-0.0450680581183434,0.176135821730771,0.193757722234803,50.0781849339321,25.4643955112145
"572",2023-08-18 13:00:00,0.7644,27.7732,10.652,1.158,8.818,6.861,35.4157686111111,189.475001111111,8288.15100555556,1381.00848333333,258.934175,132.7018,6,56.75,0.8626,-0.11042,1.6888,-0.0654,-106068.45,300.9232,-3.30231586099883,0.0367978512143953,182.502728211377,0.000182502728211377,2.67337296393154e-07,267.337296393154,4.28809023414618e-06,0.00428809023414618,4.28809023414618,220.961821809896,0.00121073160919532,-1.70441397238523,-0.0442417143391009,0.174007707160215,0.191700369992,49.6377771510734,25.4389841586044
"573",2023-08-18 14:00:00,0.7675,28.195,10.555,1.013,8.746,6.844,35.9812168333333,212.941480555556,8260.15298333333,1297.05918333333,220.137475,122.3274,6,44.25,0.8892,-0.04443,1.738,-0.0258,-106371.27,301.345,-3.27773339530492,0.0377136432155075,204.910681532101,0.000204910681532101,3.00161362735483e-07,300.161362735483,4.81458825827715e-06,0.00481458825827715,4.81458825827715,246.241625708468,0.00120170224347183,-1.7166125972271,-0.0436301413239624,0.172003106970293,0.18975755544559,41.7727491179647,23.2125483880149
"574",2023-08-18 15:00:00,0.8076,28.4751,10.527,0.756,8.424,6.834,36.4198565555556,226.618846111111,8319.04307777778,1240.97007222222,273.340125,133.313875,6,53,0.9424,1.00000000000003e-05,1.8362,-1e-04,-106425.17,301.6251,-3.26145242507023,0.0383326835260716,217.93193760209,0.00021793193760209,3.19235419477046e-07,319.235419477046,5.12053612841182e-06,0.00512053612841182,5.12053612841182,260.538233341436,0.00119550276204646,-1.72466053772236,-0.0433817697899391,0.170666775056835,0.188458294318856,51.5132137264028,25.1241054915371
"575",2023-08-18 16:00:00,0.7662,28.6593,10.567,0.699,9.168,6.887,36.5565156536608,233.818294152047,8089.12095116374,1206.56306432749,210.5973,121.291525,6,44.25,0.9733,-0.00713,1.8932,-0.0038,-106432.76,301.8093,-3.25076444541774,0.0387445797113337,224.759102616305,0.000224759102616305,3.29236123876468e-07,329.236123876468,5.28094742697854e-06,0.00528094742697854,5.28094742697854,267.696419952826,0.00119103705628253,-1.72993021509953,-0.0434614975238699,0.169756246901351,0.187567322159706,39.5011716150643,22.7503265449171
"576",2023-08-18 17:00:00,0.8376,28.9699,10.59,0.756,12.683,6.99,36.6288345,237.3355,7066.05979444444,1178.8674,224.86495,125.48765,6,44.25,0.9922,0.01041,1.9287,0.0054,-106409.78,302.1199,-3.23277586217214,0.0394478462214911,227.973125693099,0.000227973125693099,3.3394415344028e-07,333.94415344028,5.35646422118208e-06,0.00535646422118208,5.35646422118208,269.891487261924,0.00118387413622278,-1.73877510826652,-0.0434166599830544,0.168268936291995,0.186115300038968,41.8508076374975,23.355171630935
"577",2023-08-18 18:00:00,0.859,27.9319,10.55,0.412,10.767,6.892,36.1885802222222,236.856076111111,8143.33690555556,1131.01973888889,175.217075,113.53215,5.75,42,0.9756,-0.08699,1.8978,-0.046,-106549.69,301.0819,-3.29305764058224,0.0371401157637776,228.05921402499,0.00022805921402499,3.34070259072367e-07,334.070259072367,5.35848695552076e-06,0.00535848695552076,5.35848695552076,275.448875329964,0.00120779542500651,-1.70901484900759,-0.0437383975242706,0.173296158974353,0.191017158362439,33.4694677630783,21.6865886757781
"578",2023-08-18 19:00:00,0.8847,26.6569,10.445,0.14,5.919,6.765,34.9232941666667,235.896078888889,9872.58908333333,1032.04263111111,198.5116,133.351225,11.225,42,0.9272,-0.09221,1.8083,-0.0509,-106896.86,299.8069,-3.36775366610243,0.0344669759971573,227.765454400002,0.000227765454400002,3.33639948223299e-07,333.639948223299,5.35158476950172e-06,0.00535158476950172,5.35158476950172,282.108458953619,0.00123859195283487,-1.67166681526943,-0.0439769488300336,0.179847903813891,0.197399386834856,39.1860681196062,26.323450048677
"579",2023-08-18 20:00:00,0.8622,25.619,10.467,0.097,5.918,6.737,33.1559726111111,282.361575555556,10903.2725,815.81728,165.15605,107.440285,5,35.5,0.8541,-0.07524,1.6728,-0.0449,-107204.78,298.769,-3.42909484010993,0.032416270567978,273.208466324346,0.000273208466324346,4.00206689810555e-07,400.206689810555,6.4193153045613e-06,0.0064193153045613,6.4193153045613,345.260940859846,0.00126372709273936,-1.64060991518787,-0.0446871239466848,0.185389355882674,0.202777201053306,33.4898815560198,21.7864402726695
"580",2023-08-18 21:00:00,0.825,24.8426,10.447,0.08,6.607,6.74,31.6610813333333,479.074960555556,12694.6395555556,585.03767,194.741575,114.566875,5,39.5,0.7743,-0.05256,1.5253,-0.0344,-107421.93,297.9926,-3.47529876227222,0.0309525861032221,464.246351589062,0.000464246351589062,6.80046625661722e-07,680.046625661721,1.0907947875614e-05,0.010907947875614,10.907947875614,595.786037695048,0.00128334026892347,-1.61698916580607,-0.0451025433822499,0.189741680312452,0.206998413489571,40.3111970654603,23.715161363458
"581",2023-08-18 22:00:00,0.7847,24.2834,10.421,0.08,7.533,6.794,30.5055337222222,822.897794444444,14365.8491111111,467.485189444444,232.5403,124.840075,5,46.5,0.7017,-0.03285,1.391,-0.0236,-107584.7,297.4334,-3.50874687019358,0.0299344037350458,798.264839632866,0.000798264839632866,1.16933026768781e-06,1169.33026768781,1.87560574937124e-05,0.0187560574937124,18.7560574937124,1036.03468992525,0.00129785835287664,-1.59976831581425,-0.0453711152439204,0.192985652723985,0.210142335130567,48.8665616539625,26.2341848783751
"582",2023-08-18 23:00:00,0.7701,23.7922,10.344,0.08,7.847,6.817,29.5542954444444,1189.35045555556,14936.9762222222,195.290505388889,340.3633,145.472975,5,60.5,0.6574,-0.02731,1.3091,-0.0209,-107682.95,296.9422,-3.53824570496831,0.029064270765513,1154.7828518802,0.0011547828518802,1.6915721127482e-06,1691.5721127482,2.71328166884811e-05,0.0271328166884811,27.1328166884811,1514.22388333192,0.00131126287584413,-1.58449674996786,-0.0453823220230921,0.195953268932876,0.213021397672047,72.5046658822704,30.9888564580108
"583",2023-08-19,0.7763,23.3601,10.276,0.08,7.954,6.845,28.9202508333333,1474.84097777778,14738.8096111111,23.6176771044444,391.85975,152.97185,5,73.25,0.6329,-0.02016,1.2637,-0.016,-107768.51,296.5101,-3.56428710028656,0.0283171666460625,1433.0776600336,0.0014330776600336,2.09922947952362e-06,2099.22947952362,3.36716408515589e-05,0.0336716408515589,33.6716408515589,1896.30476634597,0.00132323936045553,-1.57094997132238,-0.0453978172018476,0.198622788442317,0.215609236182721,84.4885813882521,32.9821437359578
"584",2023-08-19 01:00:00,0.8236,22.935,10.243,0.08,7.619,6.831,28.2898683333333,1655.03529444444,14376.2760555556,-0.01,467.655475,164.720825,5,85,0.657,-0.00944,1.3082,-0.0072,-107819.97,296.085,-3.58999086066581,0.0275985836920707,1609.35866435739,0.00160935866435739,2.35745294589728e-06,2357.45294589728,3.78135452521923e-05,0.0378135452521923,37.8135452521923,2148.35699687227,0.00133491498474027,-1.557519191382,-0.0455698625523223,0.201273811044265,0.218173737298338,102.03014274878,35.9377580011156
"585",2023-08-19 02:00:00,0.8877,22.5681,10.232,0.08,7.963,6.833,27.6614636111111,1674.58375555556,13645.2451111111,0.404427321555556,396.231475,154.15005,5,85.75,0.7166,0.01783,1.419,0.0122,-107821.73,295.7181,-3.61224300717816,0.02699123839958,1629.38466618929,0.00162938466618929,2.38678783442072e-06,2386.78783442072,3.82840768641084e-05,0.0382840768641084,38.2840768641084,2191.49351200236,0.00134498228532351,-1.54584429046646,-0.045802978103661,0.203589968006939,0.22041090433122,87.3337377292433,33.9763519232028
"586",2023-08-19 03:00:00,0.9961,22.0681,10.311,0.08,8.542,6.85,27.0793646666667,1622.79757222222,12829.0453888889,44.0588666722222,480.33995,167.49655,5,94,0.8017,0.00111,1.5764,8e-04,-107759.77,295.2181,-3.64266863226234,0.0261823805083578,1580.30886869826,0.00158030886869826,2.31489964322396e-06,2314.89964322396,3.71309902773123e-05,0.0371309902773123,37.1309902773123,2146.24058345789,0.00135811462301405,-1.52980976142717,-0.0465560254399919,0.206725017469658,0.223426567380045,107.320706204002,37.4231792145001
"587",2023-08-19 04:00:00,1.0598,21.9142,10.351,0.08,10.456,6.861,26.5001267777778,1488.96029444444,11712.0428333333,231.115532777778,451.978725,164.3901,5,91.25,0.8496,0.00759,1.6648,0.0045,-107751.25,295.0642,-3.65205719356298,0.0259377159477946,1450.3400652696,0.0014503400652696,2.12451614120952e-06,2124.51614120952,3.40772389050007e-05,0.0340772389050007,34.0772389050007,1975.46234541662,0.00136206838156223,-1.52484534573936,-0.0468628599543581,0.207690101753665,0.224352603777645,101.40260380585,36.8813469702674
"588",2023-08-19 05:00:00,1.103,21.6982,10.34,0.08,11.418,6.861,25.9289780555556,1357.57628333333,11137.7163888889,366.247016666667,452.79015,163.85185,5,86.75,0.8831,0.01093,1.7264,0.0064,-107720.66,294.8482,-3.66525287946472,0.0255976983154524,1322.82545519235,0.00132282545519235,1.93772763978397e-06,1937.72763978397,3.10811513421348e-05,0.0310811513421348,31.0811513421348,1809.91669051771,0.0013682203373192,-1.51785464830358,-0.0469922622811742,0.209120024785211,0.225731879523613,102.209171589279,36.9865860639211
"589",2023-08-19 06:00:00,0.9607,21.3603,10.333,0.08,12.658,6.879,25.8995564444444,1291.08562777778,11145.9267777778,449.398433888889,455.46705,164.344075,5,96,0.8947,-0.01624,1.7483,-0.0095,-107722.95,294.5103,-3.685939625167,0.0250736048296336,1258.71345694566,0.00125871345694566,1.84381382027228e-06,1843.81382027228,2.95747736771673e-05,0.0295747736771673,29.5747736771673,1734.31811640429,0.00137784982502111,-1.50686447713495,-0.0472458184820851,0.211377362371137,0.227907048893034,103.804151233516,37.4551731363054
"590",2023-08-19 07:00:00,1.1329,20.7522,10.298,0.08,12.421,6.893,26.7201732777778,1265.92131111111,11282.9728888889,483.762928333333,361.398525,149.479425,5,78,0.8629,-0.03227,1.689,-0.019,-107823.14,293.9022,-3.72330436925037,0.0241540229670763,1235.34421868802,0.00123534421868802,1.80958162530296e-06,1809.58162530296,2.90256892698595e-05,0.0290256892698595,29.0256892698595,1724.12437459331,0.00139566312652872,-1.48691850073029,-0.0476136056783098,0.215556525094805,0.23193313911667,83.8202943753844,34.6692322736048
"591",2023-08-19 08:00:00,1.0981,21.0922,10.253,0.1,12.063,6.887,28.0170536111111,1179.84271666667,11155.2366666667,526.750562222222,432.88525,160.693675,5,89.25,0.8258,-0.03434,1.6207,-0.0213,-107925.49,294.2422,-3.70239145911731,0.0246644727651473,1150.74251811428,0.00115074251811428,1.68565367023453e-06,1685.65367023453,2.70378848705618e-05,0.0270378848705618,27.0378848705618,1595.1740471745,0.00138621283394351,-1.4980972851605,-0.0471091976922596,0.213267830526197,0.229736026517501,99.4493372730352,36.9171263809948
"592",2023-08-19 09:00:00,1.0052,21.5286,10.23,0.081,13.263,6.874,29.4735536666667,1198.5187,12089.7804444444,409.292717777778,426.77385,160.130975,5,82.25,0.7612,-0.03903,1.5012,-0.0258,-108078.49,294.6786,-3.67562931920743,0.0253334586484847,1168.15607607411,0.00116815607607411,1.71116174647641e-06,1711.16174647641,2.74470344134816e-05,0.0274470344134816,27.4470344134816,1604.98425354867,0.00137394675799028,-1.51234670973475,-0.0466333619529532,0.210350504263804,0.226929497000739,96.847575113569,36.338441610988
"593",2023-08-19 10:00:00,0.9326,21.7429,10.243,0.08,13.337,6.877,30.7414135,1276.43392222222,12917.9402222222,129.290617213889,447.775175,164.12165,5,89.25,0.7147,-0.03627,1.4152,-0.0257,-108210.37,294.8929,-3.66252030585493,0.0256677415651912,1243.67074618158,0.00124367074618158,1.82177865583662e-06,1821.77865583662,2.92213296396194e-05,0.0292213296396194,29.2213296396194,1701.07345071012,0.00136778440429905,-1.51930355071094,-0.0465144767508062,0.208917043375113,0.225546962402757,100.994330560613,37.0171396220284
"594",2023-08-19 11:00:00,0.8608,22.0117,10.237,0.08,13.699,6.874,31.9588807777778,1414.35173888889,13599.1787777778,-0.009053026,470.36505,167.84145,5,91.75,0.6642,-0.02095,1.3214,-0.0158,-108311.51,295.1617,-3.64610798503462,0.0260924847465473,1377.44778771568,0.00137744778771568,2.01774061735743e-06,2017.74061735743,3.23645595024132e-05,0.0323645595024132,32.3645595024132,1873.75184592592,0.00136030698414587,-1.52799203097189,-0.0462674993654245,0.207160892258505,0.223854882418222,105.293512961391,37.5721280546538
"595",2023-08-19 12:00:00,0.8099,22.4353,10.24,0.08,13.849,6.874,33.0057776666667,1542.6205,14074.7144444444,-0.01,463.42495,165.252525,5,101.5,0.6392,-0.01522,1.2753,-0.012,-108374.4,295.5853,-3.6203126607553,0.026774304924557,1501.31790835013,0.00150131790835013,2.1991905248676e-06,2199.1905248676,3.52750160188763e-05,0.0352750160188763,35.2750160188763,2024.61311451633,0.00134855722645797,-1.54159953601766,-0.0459427937837364,0.204427410007659,0.221218148692428,102.518009496881,36.5568576472492
"596",2023-08-19 13:00:00,0.8141,22.9376,10.244,0.08,13.432,6.869,33.8596623333333,1674.51660555556,14562.2006666667,-0.01,553.363075,179.44335,5,107.5,0.6612,0.00287,1.3161,0.0023,-108400.76,296.0876,-3.5898333964286,0.0276029298241253,1628.29504120307,0.00162829504120307,2.38519170815591e-06,2385.19170815591,3.82584749988208e-05,0.0382584749988208,38.2584749988208,2173.50767644431,0.00133483651392711,-1.55760164979714,-0.0455723369167528,0.20125671702597,0.218157123661353,120.720096782402,39.1468450961575
"597",2023-08-19 14:00:00,0.8643,23.4841,10.26,0.08,13.645,6.863,34.5522828333333,1790.9156,14965.1803888889,-0.01,522.781725,175.540275,5.25,100.5,0.7302,0.00189,1.444,0.0012,-108384.12,296.6341,-3.55680517081237,0.0285298282551185,1739.82108551259,0.00173982108551259,2.54855951890226e-06,2548.55951890226,4.08788946831922e-05,0.0408788946831922,40.8788946831922,2296.68925216157,0.00132007208746118,-1.57484832128144,-0.0452361528944027,0.197881982460181,0.214894906729971,112.343130034009,37.7227110234785
"598",2023-08-19 15:00:00,0.8864,24.5668,10.281,0.08,13.93,6.844,35.195735,1872.72463333333,15237.9134444444,-0.01,553.6801,179.6718,6,107,0.8102,0.0478,1.5915,0.0298,-108306.3,297.7168,-3.49177768078662,0.0304467006349335,1815.70634705057,0.00181570634705057,2.65971928541355e-06,2659.71928541355,4.26618973380334e-05,0.0426618973380334,42.6618973380334,2345.29928058458,0.00129167322920597,-1.60851763192263,-0.0445690058628791,0.191458034037244,0.208677551630457,115.540607654507,37.4934713210371
"599",2023-08-19 16:00:00,0.8418,28.6653,10.38,1.24,20.18,6.919,35.7317006666667,1705.92839444444,10725.7983111111,20.5829179191111,628.5131,189.948833333333,6.66666666666667,125.666666666667,0.8956,0.06231,1.7499,0.0354,-108106.22,301.8153,-3.25041655253286,0.0387580610196915,1639.80991763734,0.00163980991763734,2.40205915975188e-06,2402.05915975188,3.85290289224202e-05,0.0385290289224202,38.5290289224202,1955.02890017796,0.0011922289767553,-1.73010156180245,-0.0426896853306866,0.169858210279053,0.187683714782483,117.961673397454,35.6503026585988
"600",2023-08-19 17:00:00,0.8372,30.2541,10.423,5.405,39.98,7.663,35.7687007222222,1175.45636833333,2745.06131666667,995.794463888889,414.615675,159.406125,7.75,98.75,0.9647,0.10357,1.8778,0.0553,-107793.76,303.4041,-3.15884571096872,0.0424747423273389,1125.52916197135,0.00112552916197135,1.64872013762211e-06,1648.72013762211,2.64454710074586e-05,0.0264454710074586,26.4454710074586,1301.89480955152,0.00115669576012697,-1.77480394250859,-0.0422222182329171,0.162508306638812,0.180507730251777,74.8413344210584,28.774037811981
"601",2023-08-19 18:00:00,0.8807,29.6111,10.383,5.09,47.633,7.902,35.0462246666667,759.188204444444,1123.10518333333,1840.20434444444,408.599475,158.94985,8.75,91,1.0025,0.09216,1.9475,0.0473,-107443.84,302.7611,-3.19577329801795,0.0409348596584377,728.11094184117,0.00072811094184117,1.06656603204662e-06,1066.56603204662,1.71077191540278e-05,0.0171077191540278,17.1077191540278,852.652932645183,0.00117104809672148,-1.75687278182584,-0.0423028922482356,0.1654352045575,0.183369374008983,74.924629951149,29.1465344933217
"602",2023-08-19 19:00:00,0.9073,28.8876,10.47,3.038,40.254,7.587,33.9243600555556,520.555026111111,1450.02751111111,2187.44569444444,404.4576,157.994533333333,10,78,1.0055,-0.0168,1.9531,-0.0087,-107264.76,302.0376,-3.23753821326995,0.039260428358746,500.117812801691,0.000500117812801691,7.32592576904429e-07,732.592576904429,1.1750784933547e-05,0.011750784933547,11.750784933547,593.424878871062,0.00118657017142953,-1.73643645902688,-0.0429606830071814,0.168739842769928,0.18658530893138,75.4658462456447,29.4794588114693
"603",2023-08-19 20:00:00,0.7061,27.5025,10.467,1.698,22.724,7.165,32.6965099444444,404.750352777778,3165.08266666667,2346.95435,226.868375,138.146775,10.5,64.25,0.9296,-0.07467,1.8125,-0.0416,-107479.26,300.6525,-3.318133593099,0.0362203719149205,390.090144467471,0.000390090144467471,5.71419647221731e-07,571.419647221731,9.16557114143656e-06,0.00916557114143656,9.16557114143656,475.280294760444,0.0012183858051817,-1.69653480809388,-0.0436114572273055,0.175494729946636,0.193164668845986,43.822954528502,26.6850760450159
"604",2023-08-19 21:00:00,0.9304,26.2758,10.539,0.764,16.306,6.961,31.5948181111111,355.313235555556,6235.98386111111,2367.39304444444,352.028975,145.99465,12.25,73,0.9254,-0.07627,1.8047,-0.0422,-107754.36,299.4258,-3.39022097079046,0.0337012302856856,343.338742380546,0.000343338742380546,5.02936323388718e-07,502.936323388719,8.06709862715504e-06,0.00806709862715504,8.06709862715504,428.17208980962,0.00124708352701731,-1.66033189098375,-0.0445939110442979,0.181785873818151,0.199272856293973,70.1498193464897,29.0927709091389
"605",2023-08-19 22:00:00,0.9553,24.6928,10.596,0.177,11.062,6.815,30.5205552777778,358.521625555556,9455.2689,2376.62497777778,252.590066666667,126.394066666667,13.3333333333333,63.3333333333333,0.8727,-0.05145,1.7077,-0.03,-108000.46,297.8428,-3.4842449385944,0.0306769137584987,347.523288567831,0.000347523288567831,5.09066014025702e-07,509.066014025702,8.16541886497225e-06,0.00816541886497225,8.16541886497225,446.908793421977,0.00128598228701081,-1.6123931478569,-0.0458477908845328,0.190473740560918,0.207692594600539,52.4610863163232,26.2511116481135
"606",2023-08-19 23:00:00,0.9638,23.6014,10.617,0.081,10.269,6.779,29.5464756111111,450.592872222222,11514.4235,2500.16292222222,302.43895,138.028025,14.25,64.5,0.8267,-0.02404,1.622,-0.015,-108110.7,296.7514,-3.54973404157883,0.0287322812978477,437.646311066728,0.000437646311066728,6.41081822302986e-07,641.081822302986,1.02829524297399e-05,0.0102829524297399,10.2829524297399,575.105685891013,0.00131408781782997,-1.57852801018456,-0.0467219132338447,0.196862468514412,0.213872279476873,64.6833076390919,29.5203683384408
"607",2023-08-20,0.9557,23.0486,10.607,0.08,10.366,6.785,28.7595676666667,652.044787222222,12756.2778333333,2664.71949444444,268.1234,131.252875,15,60.25,0.7845,-0.0173,1.5443,-0.0112,-108207.1,296.1986,-3.5831138115692,0.0277890346247359,633.925092053225,0.000633925092053225,9.28598831843246e-07,928.598831843246,1.48947252627657e-05,0.0148947252627657,14.8947252627657,842.406664089597,0.00132887414404298,-1.56111839267898,-0.0471002873294284,0.200243995198342,0.217140732330791,58.2205114310217,28.5003453980218
"608",2023-08-20 01:00:00,0.9792,22.7637,10.605,0.08,9.74,6.784,28.1871630555556,845.618466111111,13233.3552777778,2759.06180555556,304.231266666667,138.2545,16,63,0.7895,-0.00093,1.5533,-6e-04,-108230.17,295.9137,-3.60037225261268,0.0273135540426997,822.521620437481,0.000822521620437481,1.20486257048164e-06,1204.86257048164,1.93259956305255e-05,0.0193259956305255,19.3259956305255,1099.36184826309,0.00133657501632403,-1.55207794258239,-0.047315884031332,0.202018939391193,0.218854738514822,66.5824543143664,30.2576524459975
"609",2023-08-20 02:00:00,1.0304,22.8185,10.613,0.082,10.902,6.803,27.7402209444444,931.524570555556,12778.3899444444,2861.57802777778,371.662325,150.20995,16.75,74.75,0.837,0.02623,1.6411,0.0159,-108193.76,295.9685,-3.59704969291058,0.0274044558855059,905.996646555501,0.000905996646555501,1.32714012774036e-06,1327.14012774036,2.12873276489554e-05,0.0212873276489554,21.2873276489554,1209.52863528344,0.00133502551017372,-1.5538204581973,-0.0473080055217228,0.201668813601338,0.218515893312714,81.2141249580551,32.823261408708
"610",2023-08-20 03:00:00,1.0898,23.0067,10.618,0.178,12.871,6.83,27.3375405555556,832.791248888889,10692.1061277778,2991.71652222222,329.815866666667,142.4727,17.3333333333333,62.6666666666667,0.9029,0.05111,1.7632,0.0289,-108045.09,296.1567,-3.58564963165699,0.0277186559048503,809.707394820367,0.000809707394820367,1.18609178022867e-06,1186.09178022867,1.90249121548678e-05,0.0190249121548678,19.0249121548678,1076.83778688703,0.00132990978441778,-1.55979172714663,-0.0471818950455593,0.200493465820161,0.217380498659571,71.6955375618384,30.9707865713754
"611",2023-08-20 04:00:00,1.1276,23.8867,10.696,0.589,23.118,6.959,27.3264464444444,657.219076666667,8007.73477777778,3163.46131666667,399.8394,155.359,18,74.25,0.9664,0.10534,1.8807,0.0558,-107769.68,297.0367,-3.53256193324175,0.0292299357993388,638.008605249599,0.000638008605249599,9.34580525313823e-07,934.580525313823,1.49906716260337e-05,0.0149906716260337,14.9906716260337,833.220527228973,0.00130597067245355,-1.58744534789412,-0.046856651707666,0.195088495633876,0.212148793523891,84.8254463133165,32.9592244130782
"612",2023-08-20 05:00:00,1.1427,24.3711,10.75,0.724,28.927,7.012,27.6830204444444,501.116741111111,6384.22825555556,3341.28018888889,362.231325,148.396775,19,71,1.0051,0.08044,1.9523,0.0411,-107411.36,297.5211,-3.50349171845012,0.0300921276359051,486.037072177107,0.000486037072177107,7.11966544807913e-07,711.966544807913,1.14199433787189e-05,0.0114199433787189,11.4199433787189,628.445457244577,0.00129299901842792,-1.60248066047658,-0.0467407103097205,0.192199502521627,0.209348004428656,75.8324050302979,31.0665687098983
"613",2023-08-20 06:00:00,1.164,24.3954,10.784,0.625,34.603,7.038,28.2250117777778,407.683652222222,5865.54441666667,3567.60311666667,325.3582,142.289933333333,20,68.6666666666667,1.0242,0.0955,1.9875,0.048,-107068.97,297.5454,-3.50203623860909,0.0301359580099694,395.397714797502,0.000395397714797502,5.79194388543973e-07,579.194388543973,9.29027799224533e-06,0.00929027799224533,9.29027799224533,510.896179696559,0.00129210706227326,-1.60323143608934,-0.0468711620399836,0.192030205670153,0.209180685916925,68.0586514446961,29.7643058537402
"614",2023-08-20 07:00:00,1.1557,23.943,10.785,0.771,31.337,7.002,29.25862,347.787053333333,5749.59835555556,3978.46182777778,355.444475,147.464175,21,71.75,1.0091,-0.08644,1.9596,-0.0445,-107042.97,297.093,-3.52917768054549,0.0293290248639853,337.586798198748,0.000337586798198748,4.94510645473454e-07,494.510645473454,7.9319507533942e-06,0.0079319507533942,7.9319507533942,440.143217584004,0.00130379274288113,-1.58919963036668,-0.0472047344085549,0.194678779212592,0.211743373796839,75.2630123339462,31.2245619286675
"615",2023-08-20 08:00:00,1.1345,23.0934,10.784,0.692,22.746,6.934,30.4897521111111,322.291914444444,7065.41109444444,4480.56131666667,404.830525,156.467975,21.75,77,0.9511,-0.10822,1.8525,-0.0584,-107450.2,296.2434,-3.5804033820905,0.0278644570099322,313.311425249758,0.000313311425249758,4.58951108162856e-07,458.951108162856,7.36157577493221e-06,0.00736157577493221,7.36157577493221,415.522707597044,0.00132622903000044,-1.56253577292193,-0.047850789793128,0.199810359909094,0.216703277959706,87.7281017856487,33.9071230782173
"616",2023-08-20 09:00:00,1.0906,22.8624,10.773,0.769,18.816,6.892,32.0968118333333,326.750784444444,8519.28363333333,5223.35773888889,369.9916,152.24735,23.25,81.5,0.879,-0.07955,1.7187,-0.0461,-107794.73,296.0124,-3.594389014708,0.0274774674101839,317.77250041362,0.00031777250041362,4.65485869505887e-07,465.485869505887,7.46639334687443e-06,0.00746639334687443,7.46639334687443,423.44020371381,0.00133252626694459,-1.55521514008881,-0.0479859086165125,0.201251270692114,0.218095814170317,80.6936192381784,33.2045097535233
"617",2023-08-20 10:00:00,1.0008,23.5268,10.759,0.673,16.465,6.856,33.7662028888889,437.404772777778,10475.1364611111,6239.65324444444,382.532975,153.17775,24.25,79.25,0.8053,-0.04118,1.583,-0.0259,-108009.98,296.6768,-3.55423037598793,0.0286033813599232,424.893517253364,0.000424893517253364,6.22401019813418e-07,622.401019813418,9.98331235780723e-06,0.00998331235780723,9.98331235780723,558.697446331333,0.00131491167467773,-1.57618871834028,-0.0474035889077111,0.197189061533723,0.214173237308541,81.9283256330172,32.8065746011384
"618",2023-08-20 11:00:00,0.8833,24.4881,10.743,0.294,16.94,6.857,35.1848125,730.292964444444,13237.0311111111,7352.96046111111,438.791866666667,161.555466666667,25.3333333333333,80,0.7342,-0.03452,1.4512,-0.024,-108131.96,297.6381,-3.49648633205876,0.0303036747345545,708.162403988986,0.000708162403988986,1.03734461585923e-06,1037.34461585923,1.6639007638382e-05,0.016639007638382,16.639007638382,913.567807069003,0.00129005409200347,-1.60609246613488,-0.0466272288660765,0.191528301072581,0.208698955253417,91.57540414703,33.7164571088116
"619",2023-08-20 12:00:00,0.808,24.6915,10.741,0.175,20.074,6.852,36.3189051666667,1055.79825444444,15273.3552222222,8192.79097777778,462.1793,166.357425,27,89,0.6565,-0.02854,1.3073,-0.0214,-108248.01,297.8415,-3.48432262039272,0.0306745308132531,1023.41213835591,0.00102341213835591,1.49913503674927e-06,1499.13503674927,2.40461259894583e-05,0.0240461259894583,24.0461259894583,1314.9623103604,0.00128488051008742,-1.61235320768271,-0.0464760935771351,0.190361705912956,0.207569526017476,95.9343382360888,34.5307318567378
"620",2023-08-20 13:00:00,0.7735,24.9293,10.739,0.11,21.635,6.82,37.2452255555556,1201.84108888889,15518.2522777778,9227.69393333333,621.406875,188.556775,29,109.5,0.6459,-0.00835,1.2881,-0.0068,-108316.75,298.0793,-3.47012563646406,0.0311131226032845,1164.44805974062,0.00116444805974062,1.70573009583046e-06,1705.73009583046,2.73599107371205e-05,0.0273599107371205,27.3599107371205,1489.17899784584,0.00127887112300874,-1.61964349209345,-0.0463039652843944,0.189011492786353,0.206261810220433,128.172506920922,38.8920617408269
"621",2023-08-20 14:00:00,0.7991,25.182,10.738,0.113,19.559,6.788,37.7935795,1339.40477777778,16139.4145555556,10203.8205111111,685.88965,197.19365,30.5,121,0.6975,0.00402,1.383,0.0028,-108317.37,298.332,-3.45506728587159,0.0315851801908134,1297.09943652323,0.00129709943652323,1.90004313859669e-06,1900.04313859669,3.04766919430909e-05,0.0304766919430909,30.4766919430909,1650.59176527643,0.00127252523499717,-1.62735604629301,-0.0461295460595421,0.187592055319009,0.20488637396094,140.529443325838,40.4022919166227
"622",2023-08-20 15:00:00,0.8317,25.859,10.737,0.097,19.645,6.78,38.0803913888889,1461.20869444444,16689.8253333333,11112.4655,611.1723,188.575875,32.5,122.5,0.7735,0.02209,1.5235,0.0143,-108271.45,299.009,-3.41486750305742,0.0328807641890285,1413.16303593146,0.00141316303593146,2.07005774155384e-06,2070.05774155384,3.32037261745236e-05,0.0332037261745236,33.2037261745236,1774.58454587646,0.00125575358310075,-1.64784401332296,-0.0456878098809823,0.183868983130452,0.201275785381122,123.014184685686,37.9557573445572
"623",2023-08-20 16:00:00,0.8065,28.5639,10.806,1.049,29.649,6.927,38.2367885555556,1429.04025,11911.7068444444,12335.0173333333,557.763233333333,180.512033333333,34.3333333333333,116.666666666667,0.8428,0.05096,1.6526,0.0306,-108152.51,301.7139,-3.25629805889412,0.0385307742890037,1373.97822267735,0.00137397822267735,2.01265825970669e-06,2012.65825970669,3.22830384856953e-05,0.0322830384856953,32.2830384856953,1637.09583860568,0.00119150057226935,-1.72720322632082,-0.0444893223421451,0.170044935793566,0.187826911050802,104.762945214708,33.9050176284994
"624",2023-08-20 17:00:00,0.8409,29.6293,10.983,3.318,52.563,7.588,38.1617725555556,983.858911666667,2405.765,14326.5769444444,620.04775,189.354975,36,124,0.9229,0.06146,1.8002,0.0341,-107946.37,302.7793,-3.19472561186301,0.0409777690175527,943.542568438529,0.000943542568438529,1.3821388959515e-06,1382.1388959515,2.2169507891062e-05,0.022169507891062,22.169507891062,1100.63191267793,0.00116648887871521,-1.75738330489645,-0.044739835596513,0.164948307756046,0.182840685186016,113.369955458047,34.6217933723809
"625",2023-08-20 18:00:00,0.9133,29.0621,11.088,2.786,56.912,7.672,37.7710879444444,654.165805555556,1665.77752777778,15281.5587777778,466.386625,168.939175,37.5,102.75,0.9815,0.12846,1.9086,0.0673,-107598.63,302.2121,-3.22744414798229,0.039658732553992,628.222418827061,0.000628222418827061,9.20245327994632e-07,920.245327994632,1.47607350610339e-05,0.0147607350610339,14.7607350610339,740.242794074821,0.0011783132404872,-1.74139081044712,-0.0454161247105878,0.16749413635632,0.185314862478235,86.428373273563,31.3069399823114
"626",2023-08-20 19:00:00,0.9494,28.7204,11.139,1.973,55.179,7.642,36.8822936666667,463.886528888889,1606.64472777778,15387.8309444444,475.589125,169.026,38.5,100.75,1.0111,0.08677,1.9633,0.0442,-107209.97,301.8704,-3.24722247243465,0.0388820552881369,445.849667225209,0.000445849667225209,6.53098426538175e-07,653.098426538175,1.04756987616723e-05,0.0104756987616723,10.4756987616723,528.603091882472,0.00118560835801961,-1.731674199681,-0.0457847928772312,0.169067202941743,0.186843800764801,88.8608797174058,31.5814602680712
"627",2023-08-20 20:00:00,0.9483,28.3872,11.167,1.407,49.548,7.452,35.9913186666667,356.890884444444,2069.65447777778,15152.6221666667,521.673133333333,176.2492,40.3333333333333,102.666666666667,0.9583,-0.03728,1.8658,-0.0215,-107079.04,301.5372,-3.26655795490904,0.0381374736176128,343.279967754578,0.000343279967754578,5.02850227965616e-07,502.850227965616,8.06571765656848e-06,0.00806571765656848,8.06571765656848,409.512842124725,0.0011929412741541,-1.722139475543,-0.0460628527322619,0.170639467014263,0.188373227504935,98.2692518286125,33.2006306491629
"628",2023-08-20 21:00:00,0.9359,27.5965,11.131,0.575,28.286,7.065,35.2460533333333,311.915746111111,4470.66819444444,14913.693,317.133675,152.358925,33,65.75,0.9644,-0.09563,1.8771,-0.051,-107363.12,300.7465,-3.31263724689028,0.0364199997259046,300.555774723239,0.000300555774723239,4.4026612104559e-07,440.26612104559,7.06186858157126e-06,0.00706186858157126,7.06186858157126,364.080897670106,0.00121135885013476,-1.69927530867879,-0.0463265553429825,0.174539908056751,0.19217377433055,60.944775292068,29.2793896701952
"629",2023-08-20 22:00:00,0.9284,26.8001,11.126,0.291,20.83,6.921,34.5922416111111,306.978573888889,7301.14618888889,14658.8272222222,381.37925,151.392975,42,86.75,0.9215,-0.05339,1.7978,-0.0295,-107639.87,299.9501,-3.35932825890292,0.0347586011068224,296.308428090744,0.000296308428090744,4.34044437804445e-07,434.044437804445,6.9620727823833e-06,0.0069620727823833,6.9620727823833,364.492160076583,0.00123011067361526,-1.67590546520547,-0.0467586997325975,0.17858972108026,0.196112043554809,74.7930640869005,29.6899857070922
"630",2023-08-20 23:00:00,0.9205,25.8528,11.081,0.102,16.629,6.819,33.9554506666667,343.678025555556,9960.92633333333,14362.5663888889,379.5557,150.2768,43.25,76.75,0.8699,-0.06732,1.7025,-0.0395,-107850.14,299.0028,-3.41523471588723,0.0328686921673268,332.381778328895,0.000332381778328895,4.86886124167299e-07,486.886124167299,7.80965343164348e-06,0.00780965343164348,7.80965343164348,416.57241223426,0.00125329497401647,-1.64765753206922,-0.0471555999694423,0.183633541047159,0.201013885949168,76.2959661911568,30.207723536006
"631",2023-08-21,0.9248,25.1476,11.051,0.08,14.899,6.782,33.2860645555556,463.269348333333,11768.7256111111,14119.1888888889,346.3883,147.184,44.3333333333333,79.6666666666667,0.8397,-0.00916,1.6467,-0.0055,-107984.02,298.2976,-3.45711547129741,0.0315205540914611,448.666841780277,0.000448666841780276,6.5722513651342e-07,657.22513651342,1.05418911896753e-05,0.0105418911896753,10.5418911896753,570.241646243377,0.00127096899779957,-1.62630822554254,-0.0474977753876969,0.187531958843606,0.204797119701067,70.9393261381491,30.1428592660818
"632",2023-08-21 01:00:00,0.8459,24.6478,10.999,0.08,13.887,6.788,32.6567948888889,670.908077777778,13098.5996111111,13837.3450555556,432.0658,159.733775,45,85.5,0.8123,-0.01951,1.5954,-0.0122,-108042.75,297.7978,-3.48693437226816,0.0305945210789781,650.381966450149,0.000650381966450149,9.52705519734836e-07,952.705519734836,1.52813965365468e-05,0.0152813965365468,15.2813965365468,835.0732392905,0.00128397354534354,-1.611010053935,-0.0476235884289988,0.190398955518134,0.207579681770449,89.6880812678946,33.1574861824926
"633",2023-08-21 02:00:00,0.9408,24.5914,11.018,0.08,15.212,6.807,32.1365015555556,888.997513333333,13739.2291111111,13518.5127222222,421.41455,158.64785,46,91.5,0.827,0.01088,1.6231,0.0066,-108054.61,297.7414,-3.49030643347551,0.0304915282290581,861.890620559968,0.000861890620559968,1.26253185662106e-06,1262.53185662106,2.02510109802018e-05,0.0202510109802018,20.2510109802018,1107.75304344292,0.001285259425057,-1.60927497771942,-0.0477462742629263,0.190706200595629,0.20787527422304,87.6016651428292,32.9789653236458
"634",2023-08-21 03:00:00,0.9705,24.6863,11.037,0.083,16.582,6.811,31.7806229444444,956.214208333333,12758.0616666667,13455.3779444444,403.966125,155.124875,47,86,0.8622,0.01307,1.6882,0.0076,-108018.6,297.8363,-3.4846333552911,0.030665000646892,926.891899016224,0.000926891899016224,1.35774832935493e-06,1357.74832935493,2.1778283202853e-05,0.021778283202853,21.778283202853,1188.92317755444,0.00128269885497579,-1.61219343754387,-0.0477605912587022,0.190147721219033,0.207332578221886,83.7553382105547,32.1624402800978
"635",2023-08-21 04:00:00,1.0271,25.0062,11.08,0.149,22.354,6.852,31.6689731666667,831.541357777778,10290.8861,13766.4242222222,352.183833333333,147.221566666667,48,81.6666666666667,0.9243,0.07412,1.8032,0.0412,-107835.5,298.1562,-3.46554010778553,0.0312561203272768,805.550601041968,0.000805550601041968,1.18000274243032e-06,1180.00274243032,1.89272439885823e-05,0.0189272439885823,18.9272439885823,1026.5039195287,0.00127428856511426,-1.62199428633607,-0.0477204554989311,0.188300772311027,0.205539237522683,72.3875965711491,30.2598085595616
"636",2023-08-21 05:00:00,1.0463,25.3162,11.122,0.246,32.526,6.927,31.7587689444444,681.940891666667,8246.27933333333,14218.4356111111,402.17675,155.064475,49,85.5,0.9625,0.05763,1.8732,0.0309,-107612.34,298.4662,-3.44708211072673,0.0318384030529004,660.228982699529,0.000660228982699529,9.67129823017578e-07,967.129823017578,1.5512762361202e-05,0.015512762361202,15.512762361202,835.993662150281,0.00126621775786348,-1.63143748527653,-0.0476871683887474,0.186537189239841,0.203825905294147,81.9740401570077,31.6061569958366
"637",2023-08-21 06:00:00,1.057,25.9083,11.107,0.799,40.402,7.119,32.3037771111111,538.264263333333,5407.50992777778,14966.3498333333,383.956925,152.45615,50,76.5,0.9937,0.08605,1.9314,0.0445,-107339.8,299.0583,-3.41194818485137,0.032976893849811,520.513979858243,0.000520513979858243,7.62469698255549e-07,762.469698255549,1.2230013960019e-05,0.012230013960019,12.230013960019,651.548855218887,0.00125174131806475,-1.64932608664845,-0.047230345603932,0.183313691533672,0.200701010275615,77.0605427498185,30.5981033277307
"638",2023-08-21 07:00:00,1.0496,25.93,11.088,0.909,41.699,7.12,33.0398531666667,428.591797222222,4587.73369444444,16016.1805555556,371.78705,151.0539,51.25,78.5,0.993,-0.02473,1.9303,-0.0128,-107237.69,299.08,-3.41066355792753,0.0330192840770552,414.440002916646,0.000414440002916646,6.0708829387242e-07,607.08829387242,9.73769623371361e-06,0.00973769623371361,9.73769623371361,518.611690525962,0.00125135529117894,-1.6499780153006,-0.0471355900646404,0.18321158252237,0.200603771190886,74.5818843099344,30.301981993091
"639",2023-08-21 08:00:00,1.0364,25.4967,11.116,0.694,37.589,7.007,33.6783031666667,380.608093888889,5964.52176111111,17170.2768888889,395.408175,154.7049,52.25,83.5,0.9644,-0.07668,1.8772,-0.0412,-107393.82,298.6467,-3.43635485303465,0.0321817802584318,368.359447846776,0.000368359447846776,5.39587653583871e-07,539.587653583871,8.6549859634853e-06,0.0086549859634853,8.6549859634853,464.791469766381,0.00126178783382181,-1.63691130651289,-0.0475394607898558,0.185546312076911,0.202865801936444,80.2147965136009,31.3843336019974
"640",2023-08-21 09:00:00,0.9982,24.9616,11.119,0.569,28.458,6.908,34.3915350555556,392.239958888889,8239.92119444445,18492.5031666667,348.5842,148.423825,53.25,78.25,0.8969,-0.07966,1.752,-0.0451,-107728.87,298.1116,-3.46819926770811,0.0311731157158158,380.012617262079,0.000380012617262079,5.56657682270183e-07,556.657682270183,8.92878922361374e-06,0.00892878922361374,8.92878922361374,484.556784423489,0.00127510709490288,-1.62063128789372,-0.0479197049325621,0.188520034706596,0.205747791244513,71.7204292127357,30.5378741618122
"641",2023-08-21 10:00:00,0.931,25.222,11.087,0.4,26.652,6.838,35.3791675555556,491.856920555556,10790.8570555556,20042.19,334.015233333333,143.3197,54.3333333333333,73.6666666666667,0.8326,-0.05153,1.6331,-0.0315,-107952.47,298.372,-3.45268634982961,0.031660472080953,476.284498254483,0.000476284498254483,6.97680584423097e-07,697.680584423097,1.11907965741465e-05,0.0111907965741465,11.1907965741465,604.325531715756,0.00126883309016045,-1.6285736161494,-0.0476013696880012,0.18708822427127,0.204363491313445,68.2605192358749,29.2893142659955
"642",2023-08-21 11:00:00,0.823,25.9099,11.041,0.163,24.397,6.776,36.561464,769.111342222222,14288.9369444444,21632.5621666667,341.8016,145.4212,55,78,0.7583,-0.04051,1.4958,-0.027,-108115.05,299.0599,-3.41185345857761,0.0329800177760094,743.746036484003,0.000743746036484003,1.08946894408323e-06,1089.46894408323,1.7475081863095e-05,0.017475081863095,17.475081863095,931.320214470093,0.00125220191945201,-1.64937416397139,-0.0469486674765297,0.183356518761526,0.200748973696394,68.6163204077855,29.1931566536981
"643",2023-08-21 12:00:00,0.7399,25.9677,11.044,0.104,24.609,6.771,37.6274975,1230.65185777778,18342.2757222222,22611.0493333333,441.532675,162.214075,56,87.75,0.6941,-0.03716,1.3771,-0.0271,-108251.84,299.1177,-3.40843224453653,0.0330930427057111,1189.92584329248,0.00118992584329248,1.74305097228855e-06,1743.05097228855,2.79585375955083e-05,0.0279585375955083,27.9585375955083,1488.3214458179,0.00125076823417817,-1.6511100125086,-0.0469244509665642,0.18304294830678,0.200444392087655,88.5027486272113,32.5149016514363
"644",2023-08-21 13:00:00,0.686,26.0844,11.037,0.08,25.589,6.764,38.5145392222222,1549.23164444444,18673.0385,23644.953,413.404825,158.648225,57,87.5,0.6449,-0.0229,1.286,-0.0179,-108359.38,299.2344,-3.40152928657476,0.0333222728587409,1497.60772486687,0.00149760772486687,2.19375569969399e-06,2193.75569969399,3.51878414230915e-05,0.0351878414230915,35.1878414230915,1868.98409199183,0.00124797973525275,-1.65460914511353,-0.0468207131551138,0.182422499164092,0.199842896151813,82.6160175111332,31.7047207533444
"645",2023-08-21 14:00:00,0.6744,26.167,11.028,0.08,24.024,6.763,38.9188692777778,1687.16037888889,18492.9341944444,14557.1259166667,481.394775,169.3542,49.25,99.25,0.6343,-0.0066,1.2665,-0.0052,-108416.3,299.317,-3.39664708721021,0.0334853566161815,1630.6652119331,0.0016306652119331,2.38866362904809e-06,2388.66362904809,3.83141646099313e-05,0.0383141646099313,38.3141646099313,2031.87789568976,0.00124604233954377,-1.65708130138496,-0.0467306925618684,0.181988461194246,0.199422442757745,96.0009219613152,33.7730282552837
"646",2023-08-21 15:00:00,0.7209,26.2084,11.015,0.08,23.389,6.748,39.0593625,2047.47967777778,21407.7936111111,230.595182728889,719.99185,200.756725,11.5,119.75,0.6869,0.00154,1.3636,0.0011,-108418.07,299.3584,-3.39420122938327,0.0335673572769905,1978.75119591643,0.00197875119591643,2.89855390182623e-06,2898.55390182623,4.64928045852927e-05,0.0464928045852927,46.4928045852927,2463.81609233878,0.00124513688099008,-1.65831896367309,-0.0466498055654799,0.181778063154043,0.199219440384013,143.43637343805,39.9946424078272
"647",2023-08-21 16:00:00,0.7786,26.2585,11.011,0.08,21.9,6.746,39.2376377777778,2449.64380555556,22351.8119444444,-0.01,873.8379,219.303666666667,7.33333333333333,166.333333333333,0.7501,0.01748,1.4804,0.0118,-108388.27,299.4085,-3.39124241547323,0.0336668239186596,2367.17207889048,0.00236717207889048,3.46752834804193e-06,3467.52834804193,5.56191547025926e-05,0.0556191547025926,55.6191547025926,2944.65428354154,0.0012439544677807,-1.65981545730793,-0.0466017909415309,0.181514952046385,0.198964376788505,173.862613187676,43.6336173657673
"648",2023-08-21 17:00:00,0.8058,26.615,10.988,0.08,19.358,6.744,39.3013034444444,2770.45449444444,21580.5481666667,-0.01,934.602566666667,226.341666666667,6.66666666666667,176.333333333333,0.8256,0.0385,1.6201,0.0238,-108285.6,299.765,-3.3702206528765,0.0343820512213396,2675.20058611007,0.00267520058611006,3.91874082655747e-06,3918.74082655747,6.28566028579818e-05,0.0628566028579818,62.8566028579818,3305.34460802607,0.00123555019582,-1.67042448127761,-0.0462880939332096,0.179655783064627,0.197160958485696,184.267137847192,44.62573994525
"649",2023-08-21 18:00:00,0.7879,28.6868,11.023,0.188,24.404,6.789,38.7707557777778,2488.71842777778,12428.8849277778,-0.01,981.2885,232.2679,6.33333333333333,194.666666666667,0.8871,0.05511,1.7339,0.0317,-108118.29,301.8368,-3.24917006567466,0.0388064025551809,2392.14021862294,0.00239214021862294,3.50410267784762e-06,3504.10267784762,5.62058069526759e-05,0.0562058069526759,56.2058069526759,2839.91290166676,0.00118718496497734,-1.73071539677446,-0.0453239189328337,0.16930739419265,0.187088420572755,183.587715591208,43.4546345607506
"650",2023-08-21 19:00:00,0.7932,30.4403,11.11,2.509,40.862,7.364,37.6229745,1865.08708888889,4178.45285555556,-0.01,864.25395,219.729675,6,172.75,0.9376,0.05514,1.8277,0.0302,-107899.81,303.5903,-3.14818549008052,0.0429299544781285,1785.01898506514,0.00178501898506514,2.61476721008282e-06,2614.76721008282,4.19408660497285e-05,0.0419408660497285,41.9408660497285,2049.19768706658,0.00114799769874257,-1.77995605493317,-0.0449345926029375,0.161235274640337,0.179203607536673,154.87742566782,39.3763504428608
"651",2023-08-21 20:00:00,0.7982,30.1194,11.119,1.651,32.028,7.208,36.6145746666667,1336.49943333333,3205.46635555556,178.104473897222,665.36915,196.0789,6,144.5,0.941,-0.00235,1.8339,-0.0012,-107822.41,303.2694,-3.16656678090384,0.0421480546867866,1280.16858212834,0.00128016858212834,1.87524214584488e-06,1875.24214584488,3.00788840193518e-05,0.0300788840193518,30.0788840193518,1478.41568051708,0.00115486014979304,-1.77106553766572,-0.0450940166601963,0.162649198419976,0.180584019093198,120.155035287625,35.4087158213732
"652",2023-08-21 21:00:00,0.7886,29.4084,11.133,1.174,28.317,7.086,35.8866604444444,1046.212975,5175.90003888889,612.305618888889,446.05365,172.805575,6.25,98.5,0.892,-0.04296,1.7432,-0.0251,-107893.35,302.5584,-3.20745146321667,0.0404595961143656,1003.88362058189,0.00100388362058189,1.47052888277318e-06,1470.52888277318,2.35872832796818e-05,0.0235872832796818,23.5872832796818,1174.8601105717,0.00117031505095253,-1.75117510829816,-0.0454457677889646,0.165858398442335,0.183715363936575,81.9469086449878,31.7470391013942
"653",2023-08-21 22:00:00,0.7787,28.2045,11.151,0.424,21.233,6.911,35.2704099444444,980.522950555556,9269.11618333333,596.731235,632.927766666667,186.870766666667,6,120.333333333333,0.8643,-0.03746,1.6917,-0.0222,-108064.32,301.3545,-3.27718063800645,0.0377344954694155,943.523411720159,0.000943523411720159,1.38211083442416e-06,1382.11083442416,2.21690577841635e-05,0.0221690577841635,22.1690577841635,1129.60020674708,0.00119721481493255,-1.71688624228025,-0.0460889241379858,0.171533762404669,0.189245730194318,119.778877363092,35.3644946898053
"654",2023-08-21 23:00:00,0.782,27.019,11.098,0.083,18.737,6.809,34.7675199444444,1088.47023333333,12797.3718333333,349.866613333333,534.15105,173.9412,5.25,113.75,0.8152,-0.0215,1.6012,-0.0134,-108161.99,300.169,-3.34646658868708,0.0352085420602767,1050.14678334166,0.00105014678334166,1.53829701411019e-06,1538.29701411019,2.46742841063275e-05,0.0246742841063275,24.6742841063275,1286.56549717265,0.00122512920820334,-1.68236322310901,-0.0465130510329399,0.177483741021342,0.195039784216128,104.180705530818,33.9254541142943
"655",2023-08-22,0.7806,25.9356,11.014,0.08,14.165,6.794,34.3323612222222,1353.66688888889,15667.4536111111,25.7708469988889,520.690133333333,173.307533333333,5,113,0.7656,-0.02171,1.5093,-0.0142,-108237.52,299.0856,-3.41033207570598,0.0330302311968681,1308.95495858534,0.00130895495858534,1.91740958153416e-06,1917.40958153415,3.07552496878078e-05,0.0307552496878078,30.7552496878078,1638.5217659798,0.00125177856979176,-1.6501462128824,-0.0468174382730056,0.183239057930434,0.200637611512204,104.470024689971,34.7720095450717
"656",2023-08-22 01:00:00,0.7681,25.17,10.925,0.083,11.245,6.738,33.9088471666667,1841.76906666667,19977.4361111111,-0.01,624.48615,186.372875,5,121.75,0.7202,-0.01019,1.4252,-0.0072,-108300.05,298.32,-3.45578170818826,0.031562623092052,1783.63800379287,0.00178363800379287,2.61274429347594e-06,2612.74429347594,4.19084184673541e-05,0.0419084184673541,41.9084184673541,2267.6840691746,0.00127138133654498,-1.62699060208175,-0.0469410157439999,0.187508403140656,0.204786772194474,127.886502938654,38.1666994958541
"657",2023-08-22 02:00:00,0.7734,24.892,10.901,0.087,10.959,6.725,33.7231936666667,2394.02667777778,22837.8286666667,-0.01,555.019875,177.9681,5,116,0.704,-0.01244,1.3952,-0.0089,-108336.74,298.042,-3.4723507950557,0.031043967940515,2319.70659034411,0.00231970659034411,3.39799900179966e-06,3397.99900179966,5.45039039888666e-05,0.0545039039888666,54.5039039888666,2965.86757147893,0.00127855289277726,-1.61850206360313,-0.0470282783996831,0.189090348830943,0.206322041904712,114.512833907698,36.7187417859019
"658",2023-08-22 03:00:00,0.8043,24.8322,10.9,0.087,11.052,6.734,33.7372174444444,2843.20773888889,23296.9785,-0.01,721.203175,198.75365,5,131.25,0.7186,0.00535,1.4224,0.0034,-108359.25,297.9822,-3.4759195284781,0.0309333777465519,2755.25771988992,0.00275525771988992,4.03601171840355e-06,4036.01171840355,6.47376279631929e-05,0.0647376279631929,64.7376279631929,3526.92668246003,0.00128007142743835,-1.61667048762227,-0.0470655078006011,0.189429947038994,0.206651116106766,149.037441053493,41.0726636027934
"659",2023-08-22 04:00:00,0.8862,25.3622,11.023,0.08,17.898,6.824,33.6878731666667,2865.90059444444,17590.2676666667,-0.01,782.8569,206.315033333333,5,146.333333333333,0.8065,0.02677,1.5847,0.0171,-108271.83,298.5122,-3.44434689427589,0.0319256071825036,2774.40497784211,0.00277440497784211,4.06405938774223e-06,4064.05938774223,6.51875125793854e-05,0.0651875125793854,65.1875125793854,3511.93796185257,0.00126583465279972,-1.63283418937359,-0.0472316808901306,0.186361699940777,0.203665535585068,159.440969824966,42.0192617630844
"660",2023-08-22 05:00:00,0.8918,25.1498,11.038,0.08,18.855,6.854,33.4298496666667,2493.55895555556,14452.1538333333,-0.01,715.276925,199.5371,5,151.75,0.8119,-0.01081,1.5948,-0.0069,-108268.63,298.2998,-3.45698446662496,0.0315246837017754,2414.95029818994,0.00241495029818994,3.53751579480055e-06,3537.51579480055,5.67417533486008e-05,0.0567417533486008,56.7417533486008,3069.43640674999,0.00127101431820382,-1.62637525701108,-0.0474403905837594,0.187530149794422,0.204796654503556,146.486321283591,40.8645305293415
"661",2023-08-22 06:00:00,0.9429,25.5131,11.106,0.313,30.427,6.937,33.1545891111111,2177.38620555556,11343.8056833333,-0.01,657.669475,192.447925,5,146.75,0.863,0.05259,1.6891,0.0313,-108166.02,298.6631,-3.43538091842803,0.0322131384755473,2107.24576220125,0.00210724576220125,3.08677788230288e-06,3086.77788230288,4.95119172321381e-05,0.0495119172321381,49.5119172321381,2658.2037714619,0.0012614588289337,-1.63740775708658,-0.0474857177877375,0.185464187499605,0.202787146906876,133.366916442993,39.0259656388985
"662",2023-08-22 07:00:00,0.9256,25.1308,11.11,0.272,30.106,6.939,32.7936063333333,1773.43984444444,10234.0168722222,-0.01,593.936233333333,184.145333333333,5,122.333333333333,0.8511,-0.03978,1.6677,-0.0234,-108190.55,298.2808,-3.45811594303591,0.0314890344381311,1717.59593610878,0.00171759593610878,2.51600323104958e-06,2516.00323104958,4.03566918260353e-05,0.0403566918260353,40.3566918260353,2182.95066777381,0.00127093376380437,-1.62579626019494,-0.0477629771282536,0.187578240616301,0.204836125475463,121.659596815491,37.7196166043876
"663",2023-08-22 08:00:00,0.9153,24.9176,11.085,0.105,27.492,6.896,32.4397962222222,1646.58807777778,11806.4783888889,-0.01,515.029275,172.4642,5,116.5,0.821,-0.01724,1.6118,-0.0107,-108257.86,298.0676,-3.47082354034191,0.0310914162099639,1595.39332252522,0.00159539332252522,2.33699595456785e-06,2336.99595456785,3.74854151112683e-05,0.0374854151112683,37.4854151112683,2036.484450837,0.00127647798325594,-1.61928554032785,-0.0478040564958318,0.188795738538898,0.20601827814943,106.105444432049,35.5307775264189
"664",2023-08-22 09:00:00,0.8778,24.8591,11.023,0.088,24.444,6.884,32.2602454444444,1750.21232777778,14115.3428333333,-0.01,500.680275,171.0016,5,104.5,0.7708,-0.0365,1.5193,-0.0242,-108353.99,298.0091,-3.47431399382836,0.0309830822463085,1695.98535527774,0.00169598535527774,2.48434718782504e-06,2484.34718782504,3.98489288927136e-05,0.0398489288927136,39.8489288927136,2168.20637096963,0.00127843460689233,-1.61749463724451,-0.0475776891312592,0.189176975002187,0.206393776537156,103.337292794912,35.2936660178961
"665",2023-08-22 10:00:00,0.7991,25.0292,10.877,0.08,18.869,6.841,32.4543091111111,2348.13448333333,20484.1030555556,-0.01,610.90505,186.530175,5,117.75,0.6958,-0.01934,1.3803,-0.0139,-108468.56,298.1792,-3.46416914542151,0.0312990006783995,2274.64022054651,0.00227464022054651,3.33198398066535e-06,3331.98398066535,5.34450230498722e-05,0.0534450230498722,53.4450230498722,2900.81094737031,0.00127528341456714,-1.62269674520505,-0.0468304203748799,0.188336096377597,0.205593653849514,125.59820138462,38.3494202314393
"666",2023-08-22 11:00:00,0.694,25.4483,10.851,0.081,18.632,6.802,33.1710670555556,1304.83664744444,19072.7508166667,348.202610338333,704.6414,199.011225,5,125.5,0.6237,-0.01733,1.2469,-0.0138,-108524.55,298.5983,-3.43922985688293,0.0320893903915614,1262.96523486738,0.00126296523486738,1.85004199464314e-06,1850.04199464314,2.96746735940759e-05,0.0296746735940759,29.6746735940759,1597.67173386879,0.00126501639931249,-1.63544530420786,-0.0464378849088219,0.186023328867198,0.203354383159752,143.291917245824,40.4698049017416
"667",2023-08-22 12:00:00,0.5968,25.4198,10.87,0.08,19.283,6.814,33.8490488333333,3202.15022777778,28070.7823333333,-0.01,725.262225,200.500975,5,133,0.5473,-0.01144,1.1054,-0.0103,-108580.96,298.5698,-3.44092327833407,0.0320350955151161,3099.56903937717,0.00309956903937717,4.54037271164125e-06,4540.37271164125,7.28275782947256e-05,0.0728275782947256,72.8275782947256,3922.74694209725,0.00126557817950249,-1.63458145248392,-0.0465379850809021,0.186165458742349,0.20349033052759,147.583849884426,40.8000096738541
"668",2023-08-22 13:00:00,0.527,25.4848,10.87,0.08,21.689,6.823,34.6035866111111,4352.11129444444,25470.5895,-0.01,889.659275,220.495175,5,164.5,0.4894,-0.00791,0.9983,-0.008,-108612.27,298.6348,-3.43706162561154,0.0321590430948559,4212.1515597728,0.0042121515597728,6.17012809081758e-06,6170.12809081758,9.89688545767141e-05,0.0989688545767141,98.9688545767141,5324.01427922225,0.00126396550638587,-1.63655098397719,-0.0464952051882527,0.185807109482601,0.203142848174683,180.727919028524,44.7920178582752
"669",2023-08-22 14:00:00,0.4799,25.5422,10.866,0.08,20.738,6.822,34.9847885555556,4991.12054444444,25262.7441666667,-0.01,1100.3758,243.2801,5,192,0.4622,-0.00638,0.9481,-0.0069,-108639.79,298.6922,-3.43365307759641,0.0322688457637414,4830.06284540752,0.00483006284540752,7.07526925846676e-06,7075.26925846676,0.000113487318905807,0.113487318905807,113.487318905807,6098.31501714787,0.00126257467290435,-1.63828828797277,-0.0464405377260323,0.185494726539209,0.202840300049037,223.2005574387,49.3470084799598
"670",2023-08-22 15:00:00,0.4751,25.6124,10.859,0.08,20.256,6.821,35.1723562222222,5463.45998888889,24973.1956111111,-0.01,1082.6514,241.15385,5,206.25,0.4653,-0.00547,0.9536,-0.0058,-108660.36,298.7624,-3.42948645901533,0.0324035782291561,5286.42433573706,0.00528642433573706,7.74376582396108e-06,7743.76582396108,0.000124210003816336,0.124210003816336,124.210003816336,6665.61581436452,0.00126089307082368,-1.64041052836594,-0.0463649792312854,0.185115466085291,0.202473150008275,219.207839318868,48.8271796461229
"671",2023-08-22 16:00:00,0.5411,25.6705,10.859,0.08,19.814,6.821,35.210842,6287.35805555556,25289.778,-0.01,996.536666666667,232.321233333333,5,210.333333333333,0.5222,0.00031,1.0584,1e-04,-108673.85,298.8205,-3.42603970132022,0.0325154582114275,6082.92172743986,0.00608292172743986,8.910507063223e-06,8910.507063223,0.000142924533294097,0.142924533294097,142.924533294097,7661.19546160672,0.00125945981304466,-1.64216491029026,-0.0463274237003756,0.184797927624488,0.202165144176142,201.464978893479,46.9672556320125
"672",2023-08-22 17:00:00,0.6246,25.8021,10.865,0.08,19.28,6.812,35.1704432777778,6976.65861666667,25416.8127222222,-0.01,NA,NA,NA,NA,0.6079,0.00451,1.2174,0.0036,-108663.96,298.9521,-3.41823821897555,0.0327701190563496,6748.03268318299,0.00674803268318299,9.88478819563377e-06,9884.78819563378,0.000158552002657966,0.158552002657966,158.552002657966,8476.72471313713,0.00125617718690994,-1.64613180195565,-0.046268641124064,0.184077126565898,0.201465288481936,NA,NA
"673",2023-08-22 18:00:00,0.7151,26.3412,11.241,0.08,26.508,7.003,34.5606618333333,6436.88979444444,14443.3624944444,-0.01,NA,NA,NA,NA,0.6787,0.01574,1.3483,0.0117,-108630.41,299.4912,-3.38636076812088,0.0338315752806289,6219.11967279059,0.00621911967279058,9.11001526149056e-06,9110.01526149056,0.000146124644794309,0.146124644794309,146.124644794309,7713.16932369068,0.00124023490936133,-1.66228270765076,-0.0475231864139176,0.180900903148437,0.198346068332451,NA,NA
"674",2023-08-22 19:00:00,0.8001,26.75,11.207,0.08,29.179,7.053,33.0820870555556,5272.69513333333,8078.82366666667,-0.01,NA,NA,NA,NA,0.7661,0.02584,1.5104,0.0173,-108539.7,299.9,-3.36227493387185,0.0346563295625576,5089.96287310964,0.00508996287310964,7.45598121504593e-06,7455.98121504593,0.000119593938689337,0.119593938689337,119.593938689337,6264.22993797411,0.00123070248136153,-1.67442380069004,-0.0471290996890001,0.17878829181978,0.196297304472825,NA,NA
"675",2023-08-22 20:00:00,0.8558,26.8978,11.152,1.485,32.965,7.219,31.6254289444444,4181.63692222222,5672.10800555556,-0.01,NA,NA,NA,NA,0.8231,0.04289,1.6154,0.0263,-108439.49,300.0478,-3.35358516817201,0.0349587972265455,4035.45192498322,0.00403545192498322,5.91129139779242e-06,5911.29139779242,9.48171140205904e-05,0.0948171140205904,94.8171140205904,4953.9175480107,0.00122759919833051,-1.67879092795798,-0.0468102163206462,0.178065976249363,0.195600601971348,NA,NA
"676",2023-08-22 21:00:00,0.9176,27.0819,10.969,3.45,43.215,7.497,30.7013102222222,3074.52179444444,2287.12115,-0.01,NA,NA,NA,NA,0.8882,0.06105,1.7358,0.0351,-108238.74,300.2319,-3.3427747873024,0.0353387652343862,2965.87199054257,0.00296587199054257,4.34452792662638e-06,4344.52792662638,6.96862279430871e-05,0.0696862279430871,69.686227943087,3631.98678168982,0.0012245932370889,-1.68421401645629,-0.0459365760055305,0.177257714284273,0.194832218009242,NA,NA
"677",2023-08-22 22:00:00,0.9161,26.4164,10.893,3.411,47.797,7.491,30.4885095,2231.61032777778,2067.44315,-0.01,NA,NA,NA,NA,0.892,-0.04068,1.7431,-0.0234,-108205.3,299.5664,-3.38192449426681,0.0339819948163457,2155.77575718713,0.00215577575718713,3.157866560158e-06,3157.866560158,5.06521796249342e-05,0.0506521796249342,50.6521796249342,2675.37759084655,0.00124102777477069,-1.66452295376062,-0.046006459404723,0.180770065227257,0.198252380259545,NA,NA
"678",2023-08-22 23:00:00,0.9347,25.842,10.926,1.642,37.994,7.283,30.0303347777778,1775.31360555556,3632.4565,0.0924585705555555,NA,NA,NA,NA,0.8759,0.02592,1.7135,0.0153,-108228.9,298.992,-3.41587441829441,0.0328476727098621,1716.9986852829,0.0017169986852829,2.51512835414981e-06,2515.12835414981,4.03426588005629e-05,0.0403426588005629,40.3426588005629,2154.37877737949,0.00125473525160244,-1.64733264318713,-0.046502884715213,0.183813149735246,0.201203226306574,NA,NA
"679",2023-08-23,0.9408,25.3417,10.935,1.503,38.829,7.211,29.4693563333333,1488.56418888889,4109.41631666667,152.07285563,NA,NA,NA,NA,0.8622,-0.0265,1.688,-0.0156,-108245.19,298.4917,-3.44556573107382,0.0318867187822014,1441.09876120853,0.00144109876120853,2.11097910936871e-06,2110.97910936871,3.38601049142741e-05,0.0338601049142741,33.8601049142741,1825.90158951523,0.00126702044208545,-1.63221189003609,-0.0468683101254928,0.186545481655784,0.203852381280446,NA,NA
"680",2023-08-23 01:00:00,0.971111111111111,24.8271111111111,10.9633333333333,0.602222222222222,31.5422222222222,7.11333333333333,28.9237372368421,1368.16631578947,5560.19953289474,278.420621710526,NA,NA,NA,NA,0.863705882352941,0.0277235294117647,1.691,0.0162352941176471,-108234.617647059,297.977111111111,-3.47622329740466,0.0309239825747502,1325.85716448064,0.00132585716448064,1.94216860881782e-06,1942.16860881782,3.11523844854378e-05,0.0311523844854378,31.1523844854378,1696.70859907573,0.0012797069281142,-1.61651453123154,-0.0473425427188153,0.18940701252841,0.206622567883587,NA,NA
"681",NA,NA,NA,NA,NA,NA,NA,NA,NA,NA,NA,NA,NA,NA,NA,NA,NA,NA,NA,NA,NA,NA,NA,NA,NA,NA,NA,NA,NA,NA,NA,NA,NA,NA,NA,NA,NA,NA
"682",NA,NA,NA,NA,NA,NA,NA,NA,NA,NA,NA,NA,NA,NA,NA,NA,NA,NA,NA,NA,NA,NA,NA,NA,NA,NA,NA,NA,NA,NA,NA,NA,NA,NA,NA,NA,NA,NA
"683",NA,NA,NA,NA,NA,NA,NA,NA,NA,NA,NA,NA,NA,NA,NA,NA,NA,NA,NA,NA,NA,NA,NA,NA,NA,NA,NA,NA,NA,NA,NA,NA,NA,NA,NA,NA,NA,NA
"684",NA,NA,NA,NA,NA,NA,NA,NA,NA,NA,NA,NA,NA,NA,NA,NA,NA,NA,NA,NA,NA,NA,NA,NA,NA,NA,NA,NA,NA,NA,NA,NA,NA,NA,NA,NA,NA,NA
