"TOA5","GCREW_MARSH_OUTLET","CR1000X","27811","CR1000X.Std.05.01","CPU:GCREW_MARSH_OUTLET_v4.5CR1X.CR1X","21222","SontekTable"
"TIMESTAMP","RECORD","SONTEK_ID","Sample_number","yyyy","MM","dd","hh","Minute","ss","Flowrate","Stage","Mean_velocity","Total_volume","Water_depth","Index_velocity","Cross_area","Water_temperature","System_status","Velocity_XZxc","Velocity_XZzc","Velocity_XZxL","Velocity_XZxR","Batt_Vol_Sontek","Pitch_angle","Roll_angle","Perc_submergance","IceScore"
"TS","RN","","","","","","","","","m","m","m/s","m3","m","m/s","m2","Celsius","unitless","m/s","m/s","m/s","m/s","volts","degrees","degrees","percent","integer"
"","","Smp","Smp","Smp","Smp","Smp","Smp","Smp","Smp","Smp","Smp","Smp","Smp","Smp","Smp","Smp","Smp","Smp","Smp","Smp","Smp","Smp","Smp","Smp","Smp","Smp","Smp"
"2023-12-11 13:21:00",98531,"",7999,2023,12,11,14,12,0,-0.034,0.623,-0.029,-182085.3,0.573,-0.029,1.153,7.88,0,-0.029,-0.004,-0.012,-0.021,13.19,-1.5,0.8,100,0
"2023-12-11 13:24:00",98532,"",7999,2023,12,11,14,18,0,-0.0248,0.635,-0.021,-182095.4,0.585,-0.021,1.176,7.9,0,-0.021,0,-0.009,-0.012,13.16,-1.4,0.8,100,0
"2023-12-11 13:27:00",98533,"",7999,2023,12,11,14,18,0,-0.0248,0.635,-0.021,-182095.4,0.585,-0.021,1.176,7.9,0,-0.021,0,-0.009,-0.012,13.16,-1.4,0.8,100,0
"2023-12-11 13:30:00",98534,"",7999,2023,12,11,14,24,0,-0.0173,0.637,-0.015,-182102.5,0.587,-0.015,1.179,7.87,0,-0.015,-0.002,-0.009,-0.019,13.19,-1.3,0.8,100,0
"2023-12-11 13:33:00",98535,"",7999,2023,12,11,14,24,0,-0.0173,0.637,-0.015,-182102.5,0.587,-0.015,1.179,7.87,0,-0.015,-0.002,-0.009,-0.019,13.19,-1.3,0.8,100,0
"2023-12-11 13:36:00",98536,"",7999,2023,12,11,14,30,0,-0.0297,0.633,-0.025,-182111.7,0.583,-0.025,1.172,7.83,0,-0.025,0.001,-0.002,-0.021,13.18,-1.2,0.8,100,0
"2023-12-11 13:39:00",98537,"",7999,2023,12,11,14,30,0,-0.0297,0.633,-0.025,-182111.7,0.583,-0.025,1.172,7.83,0,-0.025,0.001,-0.002,-0.021,13.18,-1.2,0.8,100,0
"2023-12-11 13:42:00",98538,"",7999,2023,12,11,14,36,0,-0.0221,0.657,-0.018,-182120.6,0.607,-0.018,1.216,7.82,0,-0.018,0,-0.014,-0.026,13.2,-1.4,0.8,100,0
"2023-12-11 13:45:00",98539,"",7999,2023,12,11,14,36,0,-0.0221,0.657,-0.018,-182120.6,0.607,-0.018,1.216,7.82,0,-0.018,0,-0.014,-0.026,13.2,-1.4,0.8,100,0
"2023-12-11 13:48:00",98540,"",7999,2023,12,11,14,42,0,-0.0183,0.663,-0.015,-182127.7,0.613,-0.015,1.227,7.73,0,-0.015,-0.001,-0.007,-0.024,13.18,-1.2,0.8,100,0
"2023-12-11 13:51:00",98541,"",7999,2023,12,11,14,42,0,-0.0183,0.663,-0.015,-182127.7,0.613,-0.015,1.227,7.73,0,-0.015,-0.001,-0.007,-0.024,13.18,-1.2,0.8,100,0
"2023-12-11 13:54:00",98542,"",7999,2023,12,11,14,48,0,-0.0248,0.666,-0.02,-182135.8,0.616,-0.019,1.232,7.7,0,-0.019,0,-0.002,-0.038,13.17,-1.2,0.8,100,0
"2023-12-11 13:57:00",98543,"",7999,2023,12,11,14,48,0,-0.0248,0.666,-0.02,-182135.8,0.616,-0.019,1.232,7.7,0,-0.019,0,-0.002,-0.038,13.17,-1.2,0.8,100,0
"2023-12-11 14:00:00",98544,"",7999,2023,12,11,14,54,0,-0.0302,0.677,-0.024,-182146.1,0.627,-0.024,1.254,7.66,0,-0.024,0,-0.009,-0.036,13.2,-1.2,0.8,100,0
"2023-12-11 14:03:00",98545,"",7999,2023,12,11,14,54,0,-0.0302,0.677,-0.024,-182146.1,0.627,-0.024,1.254,7.66,0,-0.024,0,-0.009,-0.036,13.2,-1.2,0.8,100,0
"2023-12-11 14:06:00",98546,"",7999,2023,12,11,15,0,0,-0.0111,0.687,-0.009,-182152.4,0.637,-0.007,1.271,7.62,0,-0.007,0,0,0,13.19,-1.2,0.8,100,0
"2023-12-11 14:09:00",98547,"",7999,2023,12,11,15,0,0,-0.0111,0.687,-0.009,-182152.4,0.637,-0.007,1.271,7.62,0,-0.007,0,0,0,13.19,-1.2,0.8,100,0
"2023-12-11 14:12:00",98548,"",7999,2023,12,11,15,6,0,-0.0042,0.7,-0.003,-182154.7,0.65,-0.002,1.296,7.6,0,-0.002,0,-0.007,-0.012,13.22,-1.2,0.8,100,0
"2023-12-11 14:15:00",98549,"",7999,2023,12,11,15,6,0,-0.0042,0.7,-0.003,-182154.7,0.65,-0.002,1.296,7.6,0,-0.002,0,-0.007,-0.012,13.22,-1.2,0.8,100,0
"2023-12-11 14:18:00",98550,"",7999,2023,12,11,15,12,0,-0.0065,0.717,-0.005,-182156.8,0.667,-0.004,1.326,7.63,0,-0.004,-0.001,-0.007,-0.019,13.17,-1.3,0.9,100,0
"2023-12-11 14:21:00",98551,"",7999,2023,12,11,15,12,0,-0.0065,0.717,-0.005,-182156.8,0.667,-0.004,1.326,7.63,0,-0.004,-0.001,-0.007,-0.019,13.17,-1.3,0.9,100,0
"2023-12-11 14:24:00",98552,"",7999,2023,12,11,15,18,0,-0.004,0.733,-0.003,-182158.6,0.683,-0.001,1.357,7.67,0,-0.001,-0.001,-0.007,-0.002,13.17,-1.4,0.9,100,0
"2023-12-11 14:27:00",98553,"",7999,2023,12,11,15,18,0,-0.004,0.733,-0.003,-182158.6,0.683,-0.001,1.357,7.67,0,-0.001,-0.001,-0.007,-0.002,13.17,-1.4,0.9,100,0
"2023-12-11 14:30:00",98554,"",7999,2023,12,11,15,24,0,-0.0221,0.745,-0.016,-182164.4,0.695,-0.016,1.379,7.61,0,-0.016,-0.002,-0.019,-0.024,13.18,-1.2,0.8,100,0
"2023-12-11 14:33:00",98555,"",7999,2023,12,11,15,24,0,-0.0221,0.745,-0.016,-182164.4,0.695,-0.016,1.379,7.61,0,-0.016,-0.002,-0.019,-0.024,13.18,-1.2,0.8,100,0
"2023-12-11 14:36:00",98556,"",7999,2023,12,11,15,30,0,-0.0014,0.762,-0.001,-182167.4,0.712,0,1.41,7.7,0,0,0,-0.014,0.002,13.19,-1.1,0.7,100,0
"2023-12-11 14:39:00",98557,"",7999,2023,12,11,15,30,0,-0.0014,0.762,-0.001,-182167.4,0.712,0,1.41,7.7,0,0,0,-0.014,0.002,13.19,-1.1,0.7,100,0
"2023-12-11 14:42:00",98558,"",7999,2023,12,11,15,36,0,-0.0012,0.771,-0.001,-182167.8,0.721,-0.001,1.427,7.66,0,-0.001,-0.002,-0.002,-0.005,13.2,-1.1,0.7,100,0
"2023-12-11 14:45:00",98559,"",7999,2023,12,11,15,36,0,-0.0012,0.771,-0.001,-182167.8,0.721,-0.001,1.427,7.66,0,-0.001,-0.002,-0.002,-0.005,13.2,-1.1,0.7,100,0
"2023-12-11 14:48:00",98560,"",7999,2023,12,11,15,42,0,-0.0233,0.773,-0.016,-182173.6,0.723,-0.017,1.43,7.66,0,-0.017,0,-0.019,-0.038,13.21,-1.2,0.8,100,0
"2023-12-11 14:51:00",98561,"",7999,2023,12,11,15,42,0,-0.0233,0.773,-0.016,-182173.6,0.723,-0.017,1.43,7.66,0,-0.017,0,-0.019,-0.038,13.21,-1.2,0.8,100,0
"2023-12-11 14:54:00",98562,"",7999,2023,12,11,15,48,0,-0.0146,0.777,-0.01,-182179.9,0.727,-0.01,1.437,7.65,0,-0.01,0.001,-0.012,-0.017,13.19,-1.2,0.8,100,0
"2023-12-11 14:57:00",98563,"",7999,2023,12,11,15,48,0,-0.0146,0.777,-0.01,-182179.9,0.727,-0.01,1.437,7.65,0,-0.01,0.001,-0.012,-0.017,13.19,-1.2,0.8,100,0
"2023-12-11 15:00:00",98564,"",7999,2023,12,11,15,54,0,-0.0409,0.784,-0.028,-182191.5,0.734,-0.029,1.451,7.74,0,-0.029,0,-0.019,-0.043,13.21,-1.2,0.8,100,0
"2023-12-11 15:03:00",98565,"",7999,2023,12,11,15,54,0,-0.0409,0.784,-0.028,-182191.5,0.734,-0.029,1.451,7.74,0,-0.029,0,-0.019,-0.043,13.21,-1.2,0.8,100,0
"2023-12-11 15:06:00",98566,"",7999,2023,12,11,16,0,0,-0.0513,0.791,-0.035,-182208.7,0.741,-0.035,1.464,7.75,0,-0.035,-0.001,-0.033,-0.057,13.19,-1.1,0.7,99,0
"2023-12-11 15:09:00",98567,"",7999,2023,12,11,16,0,0,-0.0513,0.791,-0.035,-182208.7,0.741,-0.035,1.464,7.75,0,-0.035,-0.001,-0.033,-0.057,13.19,-1.1,0.7,99,0
"2023-12-11 15:12:00",98568,"",7999,2023,12,11,16,6,0,-0.0618,0.791,-0.042,-182229.7,0.741,-0.042,1.464,7.73,0,-0.042,0,-0.023,-0.064,13.22,-1.1,0.7,100,0
"2023-12-11 15:15:00",98569,"",7999,2023,12,11,16,6,0,-0.0618,0.791,-0.042,-182229.7,0.741,-0.042,1.464,7.73,0,-0.042,0,-0.023,-0.064,13.22,-1.1,0.7,100,0
"2023-12-11 15:18:00",98570,"",7999,2023,12,11,16,12,0,-0.044,0.788,-0.03,-182247.7,0.738,-0.03,1.459,7.71,0,-0.03,0,-0.026,-0.043,13.19,-1.1,0.7,100,0
"2023-12-11 15:21:00",98571,"",7999,2023,12,11,16,12,0,-0.044,0.788,-0.03,-182247.7,0.738,-0.03,1.459,7.71,0,-0.03,0,-0.026,-0.043,13.19,-1.1,0.7,100,0
"2023-12-11 15:24:00",98572,"",7999,2023,12,11,16,18,0,-0.074,0.779,-0.051,-182270.8,0.729,-0.053,1.441,7.71,0,-0.053,-0.001,-0.033,-0.066,13.18,-1.1,0.7,100,0
"2023-12-11 15:27:00",98573,"",7999,2023,12,11,16,18,0,-0.074,0.779,-0.051,-182270.8,0.729,-0.053,1.441,7.71,0,-0.053,-0.001,-0.033,-0.066,13.18,-1.1,0.7,100,0
"2023-12-11 15:30:00",98574,"",7999,2023,12,11,16,24,0,-0.0585,0.764,-0.041,-182293.7,0.714,-0.042,1.414,7.71,0,-0.042,-0.001,-0.026,-0.052,13.19,-1.1,0.7,100,0
"2023-12-11 15:33:00",98575,"",7999,2023,12,11,16,24,0,-0.0585,0.764,-0.041,-182293.7,0.714,-0.042,1.414,7.71,0,-0.042,-0.001,-0.026,-0.052,13.19,-1.1,0.7,100,0
"2023-12-11 15:36:00",98576,"",7999,2023,12,11,16,30,0,-0.0738,0.754,-0.053,-182318.5,0.704,-0.053,1.394,7.67,0,-0.053,0.001,-0.026,-0.073,13.21,-1.1,0.7,100,0
"2023-12-11 15:39:00",98577,"",7999,2023,12,11,16,30,0,-0.0738,0.754,-0.053,-182318.5,0.704,-0.053,1.394,7.67,0,-0.053,0.001,-0.026,-0.073,13.21,-1.1,0.7,100,0
"2023-12-11 15:42:00",98578,"",7999,2023,12,11,16,36,0,-0.0344,0.754,-0.025,-182335.6,0.704,-0.024,1.395,7.63,0,-0.024,0,-0.007,-0.043,13.22,-1.1,0.7,100,0
"2023-12-11 15:45:00",98579,"",7999,2023,12,11,16,36,0,-0.0344,0.754,-0.025,-182335.6,0.704,-0.024,1.395,7.63,0,-0.024,0,-0.007,-0.043,13.22,-1.1,0.7,100,0
"2023-12-11 15:48:00",98580,"",7999,2023,12,11,16,42,0,-0.041,0.749,-0.03,-182349.6,0.699,-0.03,1.386,7.58,0,-0.03,0.001,-0.014,-0.036,13.2,-1.1,0.7,100,0
"2023-12-11 15:51:00",98581,"",7999,2023,12,11,16,42,0,-0.041,0.749,-0.03,-182349.6,0.699,-0.03,1.386,7.58,0,-0.03,0.001,-0.014,-0.036,13.2,-1.1,0.7,100,0
"2023-12-11 15:54:00",98582,"",7999,2023,12,11,16,48,0,-0.0256,0.749,-0.019,-182360.7,0.699,-0.018,1.386,7.55,0,-0.018,0.001,-0.009,-0.031,13.19,-1.1,0.7,100,0
"2023-12-11 15:57:00",98583,"",7999,2023,12,11,16,48,0,-0.0256,0.749,-0.019,-182360.7,0.699,-0.018,1.386,7.55,0,-0.018,0.001,-0.009,-0.031,13.19,-1.1,0.7,100,0
"2023-12-11 16:00:00",98584,"",7999,2023,12,11,16,54,0,-0.021,0.745,-0.015,-182368.8,0.695,-0.016,1.378,7.49,0,-0.016,0.003,-0.019,-0.021,13.2,-1.1,0.7,100,0
"2023-12-11 16:03:00",98585,"",7999,2023,12,11,16,54,0,-0.021,0.745,-0.015,-182368.8,0.695,-0.016,1.378,7.49,0,-0.016,0.003,-0.019,-0.021,13.2,-1.1,0.7,100,0
"2023-12-11 16:06:00",98586,"",7999,2023,12,11,17,0,0,-0.0454,0.733,-0.033,-182382.2,0.683,-0.035,1.356,7.43,0,-0.035,0.004,-0.023,-0.04,13.19,-1.1,0.7,100,0
"2023-12-11 16:09:00",98587,"",7999,2023,12,11,17,0,0,-0.0454,0.733,-0.033,-182382.2,0.683,-0.035,1.356,7.43,0,-0.035,0.004,-0.023,-0.04,13.19,-1.1,0.7,100,0
"2023-12-11 16:12:00",98588,"",7999,2023,12,11,17,6,0,-0.0219,0.732,-0.016,-182393,0.682,-0.016,1.354,7.38,0,-0.016,0.002,-0.005,-0.026,13.15,-1.1,0.7,100,0
"2023-12-11 16:15:00",98589,"",7999,2023,12,11,17,6,0,-0.0219,0.732,-0.016,-182393,0.682,-0.016,1.354,7.38,0,-0.016,0.002,-0.005,-0.026,13.15,-1.1,0.7,100,0
"2023-12-11 16:18:00",98590,"",7999,2023,12,11,17,12,0,-0.0079,0.735,-0.006,-182397.5,0.685,-0.005,1.361,7.35,0,-0.005,0.001,0,-0.036,13.21,-1.1,0.7,100,0
"2023-12-11 16:21:00",98591,"",7999,2023,12,11,17,12,0,-0.0079,0.735,-0.006,-182397.5,0.685,-0.005,1.361,7.35,0,-0.005,0.001,0,-0.036,13.21,-1.1,0.7,100,0
"2023-12-11 16:24:00",98592,"",7999,2023,12,11,17,18,0,-0.0355,0.732,-0.026,-182407,0.682,-0.028,1.354,7.31,0,-0.028,0.002,-0.026,-0.047,13.19,-1.1,0.7,100,0
"2023-12-11 16:27:00",98593,"",7999,2023,12,11,17,18,0,-0.0355,0.732,-0.026,-182407,0.682,-0.028,1.354,7.31,0,-0.028,0.002,-0.026,-0.047,13.19,-1.1,0.7,100,0
"2023-12-11 16:30:00",98594,"",7999,2023,12,11,17,24,0,-0.0063,0.73,-0.005,-182412.8,0.68,-0.005,1.351,7.24,0,-0.005,0.003,-0.007,-0.024,13.2,-1.1,0.7,100,0
"2023-12-11 16:33:00",98595,"",7999,2023,12,11,17,24,0,-0.0063,0.73,-0.005,-182412.8,0.68,-0.005,1.351,7.24,0,-0.005,0.003,-0.007,-0.024,13.2,-1.1,0.7,100,0
"2023-12-11 16:36:00",98596,"",7999,2023,12,11,17,30,0,-0.0272,0.716,-0.021,-182420,0.666,-0.022,1.326,7.2,0,-0.022,0.006,-0.009,-0.045,13.19,-1.1,0.7,100,0
"2023-12-11 16:39:00",98597,"",7999,2023,12,11,17,30,0,-0.0272,0.716,-0.021,-182420,0.666,-0.022,1.326,7.2,0,-0.022,0.006,-0.009,-0.045,13.19,-1.1,0.7,100,0
"2023-12-11 16:42:00",98598,"",7999,2023,12,11,17,36,0,-0.004,0.715,-0.003,-182424.3,0.665,-0.004,1.324,7.15,0,-0.004,0.003,-0.002,-0.012,13.18,-1.1,0.7,100,0
"2023-12-11 16:45:00",98599,"",7999,2023,12,11,17,36,0,-0.004,0.715,-0.003,-182424.3,0.665,-0.004,1.324,7.15,0,-0.004,0.003,-0.002,-0.012,13.18,-1.1,0.7,100,0
"2023-12-11 16:48:00",98600,"",7999,2023,12,11,17,42,0,-0.0183,0.717,-0.014,-182429.2,0.667,-0.015,1.327,7.13,0,-0.015,0.003,-0.002,-0.033,13.2,-1.1,0.7,100,0
"2023-12-11 16:51:00",98601,"",7999,2023,12,11,17,42,0,-0.0183,0.717,-0.014,-182429.2,0.667,-0.015,1.327,7.13,0,-0.015,0.003,-0.002,-0.033,13.2,-1.1,0.7,100,0
"2023-12-11 16:54:00",98602,"",7999,2023,12,11,17,48,0,-0.0078,0.72,-0.006,-182433.3,0.67,-0.006,1.332,7.1,0,-0.006,-0.003,-0.014,-0.026,13.21,-1.1,0.7,100,0
"2023-12-11 16:57:00",98603,"",7999,2023,12,11,17,48,0,-0.0078,0.72,-0.006,-182433.3,0.67,-0.006,1.332,7.1,0,-0.006,-0.003,-0.014,-0.026,13.21,-1.1,0.7,100,0
"2023-12-11 17:00:00",98604,"",7999,2023,12,11,17,54,0,-0.0081,0.723,-0.006,-182436.2,0.673,-0.006,1.338,7.05,0,-0.006,0.003,-0.007,-0.005,13.18,-1.1,0.7,100,0
"2023-12-11 17:03:00",98605,"",7999,2023,12,11,17,54,0,-0.0081,0.723,-0.006,-182436.2,0.673,-0.006,1.338,7.05,0,-0.006,0.003,-0.007,-0.005,13.18,-1.1,0.7,100,0
"2023-12-11 17:06:00",98606,"",7999,2023,12,11,18,0,0,-0.0176,0.717,-0.013,-182441.4,0.667,-0.012,1.326,7,0,-0.012,0.003,-0.009,-0.028,13.2,-1.1,0.7,100,0
"2023-12-11 17:09:00",98607,"",7999,2023,12,11,18,0,0,-0.0176,0.717,-0.013,-182441.4,0.667,-0.012,1.326,7,0,-0.012,0.003,-0.009,-0.028,13.2,-1.1,0.7,100,0
"2023-12-11 17:12:00",98608,"",7999,2023,12,11,18,6,0,-0.0172,0.715,-0.013,-182447.6,0.665,-0.013,1.323,6.97,0,-0.013,0.004,-0.005,-0.033,13.2,-1.1,0.7,100,0
"2023-12-11 17:15:00",98609,"",7999,2023,12,11,18,6,0,-0.0172,0.715,-0.013,-182447.6,0.665,-0.013,1.323,6.97,0,-0.013,0.004,-0.005,-0.033,13.2,-1.1,0.7,100,0
"2023-12-11 17:18:00",98610,"",7999,2023,12,11,18,12,0,-0.0193,0.714,-0.015,-182454.3,0.664,-0.014,1.321,6.93,0,-0.014,0.004,-0.007,-0.028,13.19,-1.1,0.7,100,0
"2023-12-11 17:21:00",98611,"",7999,2023,12,11,18,12,0,-0.0193,0.714,-0.015,-182454.3,0.664,-0.014,1.321,6.93,0,-0.014,0.004,-0.007,-0.028,13.19,-1.1,0.7,100,0
"2023-12-11 17:24:00",98612,"",7999,2023,12,11,18,18,0,-0.0109,0.712,-0.008,-182459.3,0.662,-0.007,1.317,6.89,0,-0.007,0.003,-0.002,-0.019,13.16,-1.1,0.7,100,0
"2023-12-11 17:27:00",98613,"",7999,2023,12,11,18,18,0,-0.0109,0.712,-0.008,-182459.3,0.662,-0.007,1.317,6.89,0,-0.007,0.003,-0.002,-0.019,13.16,-1.1,0.7,100,0
"2023-12-11 17:30:00",98614,"",7999,2023,12,11,18,24,0,-0.008,0.718,-0.006,-182462.5,0.668,-0.006,1.329,6.87,0,-0.006,0.003,-0.016,-0.007,13.18,-1.1,0.7,100,0
"2023-12-11 17:33:00",98615,"",7999,2023,12,11,18,24,0,-0.008,0.718,-0.006,-182462.5,0.668,-0.006,1.329,6.87,0,-0.006,0.003,-0.016,-0.007,13.18,-1.1,0.7,100,0
"2023-12-11 17:36:00",98616,"",7999,2023,12,11,18,30,0,-0.0217,0.715,-0.016,-182468.7,0.665,-0.016,1.323,6.83,0,-0.016,0.004,-0.019,-0.05,13.17,-1,0.7,100,0
"2023-12-11 17:39:00",98617,"",7999,2023,12,11,18,30,0,-0.0217,0.715,-0.016,-182468.7,0.665,-0.016,1.323,6.83,0,-0.016,0.004,-0.019,-0.05,13.17,-1,0.7,100,0
"2023-12-11 17:42:00",98618,"",7999,2023,12,11,18,36,0,-0.0213,0.716,-0.016,-182476.5,0.666,-0.017,1.325,6.79,0,-0.017,0.006,-0.012,-0.024,13.19,-1.1,0.7,100,0
"2023-12-11 17:45:00",98619,"",7999,2023,12,11,18,36,0,-0.0213,0.716,-0.016,-182476.5,0.666,-0.017,1.325,6.79,0,-0.017,0.006,-0.012,-0.024,13.19,-1.1,0.7,100,0
"2023-12-11 17:48:00",98620,"",7999,2023,12,11,18,42,0,0.0024,0.721,0.002,-182478.5,0.671,0.001,1.335,6.77,0,0.001,0.001,-0.03,-0.009,13.18,-1.1,0.7,100,0
"2023-12-11 17:51:00",98621,"",7999,2023,12,11,18,42,0,0.0024,0.721,0.002,-182478.5,0.671,0.001,1.335,6.77,0,0.001,0.001,-0.03,-0.009,13.18,-1.1,0.7,100,0
"2023-12-11 17:54:00",98622,"",7999,2023,12,11,18,48,0,-0.0115,0.721,-0.009,-182481,0.671,-0.008,1.335,6.76,0,-0.008,0.001,-0.014,-0.017,13.21,-1.1,0.7,100,0
"2023-12-11 17:57:00",98623,"",7999,2023,12,11,18,48,0,-0.0115,0.721,-0.009,-182481,0.671,-0.008,1.335,6.76,0,-0.008,0.001,-0.014,-0.017,13.21,-1.1,0.7,100,0
"2023-12-11 18:00:00",98624,"",7999,2023,12,11,18,54,0,-0.0191,0.72,-0.014,-182486.9,0.67,-0.013,1.333,6.72,0,-0.013,0.003,-0.019,-0.024,13.18,-1,0.7,100,0
"2023-12-11 18:03:00",98625,"",7999,2023,12,11,18,54,0,-0.0191,0.72,-0.014,-182486.9,0.67,-0.013,1.333,6.72,0,-0.013,0.003,-0.019,-0.024,13.18,-1,0.7,100,0
"2023-12-11 18:06:00",98626,"",7999,2023,12,11,19,0,0,-0.0256,0.711,-0.019,-182495.4,0.661,-0.019,1.317,6.68,0,-0.019,0.006,-0.014,-0.026,13.18,-1,0.7,100,0
"2023-12-11 18:09:00",98627,"",7999,2023,12,11,19,0,0,-0.0256,0.711,-0.019,-182495.4,0.661,-0.019,1.317,6.68,0,-0.019,0.006,-0.014,-0.026,13.18,-1,0.7,100,0
"2023-12-11 18:12:00",98628,"",7999,2023,12,11,19,6,0,-0.0289,0.702,-0.022,-182505.4,0.652,-0.023,1.299,6.65,0,-0.023,0.006,-0.021,-0.036,13.18,-1.1,0.7,100,0
"2023-12-11 18:15:00",98629,"",7999,2023,12,11,19,6,0,-0.0289,0.702,-0.022,-182505.4,0.652,-0.023,1.299,6.65,0,-0.023,0.006,-0.021,-0.036,13.18,-1.1,0.7,100,0
"2023-12-11 18:18:00",98630,"",7999,2023,12,11,19,12,0,-0.0283,0.7,-0.022,-182515.7,0.65,-0.023,1.296,6.65,0,-0.023,0.002,-0.026,-0.031,13.1,-1.1,0.7,100,0
"2023-12-11 18:21:00",98631,"",7999,2023,12,11,19,12,0,-0.0283,0.7,-0.022,-182515.7,0.65,-0.023,1.296,6.65,0,-0.023,0.002,-0.026,-0.031,13.1,-1.1,0.7,100,0
"2023-12-11 18:24:00",98632,"",7999,2023,12,11,19,18,0,-0.0262,0.697,-0.02,-182525.4,0.647,-0.021,1.29,6.62,0,-0.021,0.003,-0.023,-0.031,13.1,-1,0.7,100,0
"2023-12-11 18:27:00",98633,"",7999,2023,12,11,19,18,0,-0.0262,0.697,-0.02,-182525.4,0.647,-0.021,1.29,6.62,0,-0.021,0.003,-0.023,-0.031,13.1,-1,0.7,100,0
"2023-12-11 18:30:00",98634,"",7999,2023,12,11,19,24,0,-0.024,0.694,-0.019,-182534.3,0.644,-0.018,1.285,6.61,0,-0.018,0.003,-0.026,-0.031,13.1,-1,0.7,100,0
"2023-12-11 18:33:00",98635,"",7999,2023,12,11,19,24,0,-0.024,0.694,-0.019,-182534.3,0.644,-0.018,1.285,6.61,0,-0.018,0.003,-0.026,-0.031,13.1,-1,0.7,100,0
"2023-12-11 18:36:00",98636,"",7999,2023,12,11,19,30,0,-0.02,0.692,-0.016,-182542,0.642,-0.016,1.28,6.58,0,-0.016,0.004,-0.012,-0.033,13.1,-1,0.7,100,0
"2023-12-11 18:39:00",98637,"",7999,2023,12,11,19,30,0,-0.02,0.692,-0.016,-182542,0.642,-0.016,1.28,6.58,0,-0.016,0.004,-0.012,-0.033,13.1,-1,0.7,100,0
"2023-12-11 18:42:00",98638,"",7999,2023,12,11,19,36,0,-0.0232,0.685,-0.018,-182550,0.635,-0.018,1.268,6.56,0,-0.018,0.004,-0.023,-0.038,13.1,-1,0.7,100,0
"2023-12-11 18:45:00",98639,"",7999,2023,12,11,19,36,0,-0.0232,0.685,-0.018,-182550,0.635,-0.018,1.268,6.56,0,-0.018,0.004,-0.023,-0.038,13.1,-1,0.7,100,0
"2023-12-11 18:48:00",98640,"",7999,2023,12,11,19,42,0,-0.0319,0.676,-0.026,-182560.5,0.626,-0.025,1.252,6.55,0,-0.025,0,-0.007,-0.031,13.1,-1,0.7,100,0
"2023-12-11 18:51:00",98641,"",7999,2023,12,11,19,42,0,-0.0319,0.676,-0.026,-182560.5,0.626,-0.025,1.252,6.55,0,-0.025,0,-0.007,-0.031,13.1,-1,0.7,100,0
"2023-12-11 18:54:00",98642,"",7999,2023,12,11,19,48,0,-0.0277,0.667,-0.023,-182571,0.617,-0.023,1.234,6.52,0,-0.023,0.005,-0.016,-0.043,13.1,-1,0.7,100,0
"2023-12-11 18:57:00",98643,"",7999,2023,12,11,19,48,0,-0.0277,0.667,-0.023,-182571,0.617,-0.023,1.234,6.52,0,-0.023,0.005,-0.016,-0.043,13.1,-1,0.7,100,0
"2023-12-11 19:00:00",98644,"",7999,2023,12,11,19,54,0,-0.0328,0.654,-0.027,-182582.2,0.604,-0.028,1.21,6.53,0,-0.028,0.007,-0.009,-0.031,13.1,-1,0.7,100,0
"2023-12-11 19:03:00",98645,"",7999,2023,12,11,19,54,0,-0.0328,0.654,-0.027,-182582.2,0.604,-0.028,1.21,6.53,0,-0.028,0.007,-0.009,-0.031,13.1,-1,0.7,100,0
"2023-12-11 19:06:00",98646,"",7999,2023,12,11,20,0,0,-0.0279,0.649,-0.023,-182592.8,0.599,-0.023,1.202,6.52,0,-0.023,0.006,-0.028,-0.028,13.1,-1,0.7,100,0
"2023-12-11 19:09:00",98647,"",7999,2023,12,11,20,0,0,-0.0279,0.649,-0.023,-182592.8,0.599,-0.023,1.202,6.52,0,-0.023,0.006,-0.028,-0.028,13.1,-1,0.7,100,0
"2023-12-11 19:12:00",98648,"",7999,2023,12,11,20,6,0,-0.0208,0.643,-0.018,-182601.2,0.593,-0.017,1.19,6.47,0,-0.017,0.004,-0.016,-0.031,13.1,-1,0.7,100,0
"2023-12-11 19:15:00",98649,"",7999,2023,12,11,20,6,0,-0.0208,0.643,-0.018,-182601.2,0.593,-0.017,1.19,6.47,0,-0.017,0.004,-0.016,-0.031,13.1,-1,0.7,100,0
"2023-12-11 19:18:00",98650,"",7999,2023,12,11,20,12,0,-0.0168,0.645,-0.014,-182607.7,0.595,-0.013,1.194,6.45,0,-0.013,0.004,-0.014,-0.017,13.1,-1,0.7,100,0
"2023-12-11 19:21:00",98651,"",7999,2023,12,11,20,12,0,-0.0168,0.645,-0.014,-182607.7,0.595,-0.013,1.194,6.45,0,-0.013,0.004,-0.014,-0.017,13.1,-1,0.7,100,0
"2023-12-11 19:24:00",98652,"",7999,2023,12,11,20,18,0,-0.0222,0.643,-0.019,-182615.1,0.593,-0.018,1.19,6.42,0,-0.018,0.005,-0.007,-0.026,13.1,-1,0.7,100,0
"2023-12-11 19:27:00",98653,"",7999,2023,12,11,20,18,0,-0.0222,0.643,-0.019,-182615.1,0.593,-0.018,1.19,6.42,0,-0.018,0.005,-0.007,-0.026,13.1,-1,0.7,100,0
"2023-12-11 19:30:00",98654,"",7999,2023,12,11,20,24,0,-0.0214,0.637,-0.018,-182622.9,0.587,-0.018,1.178,6.38,0,-0.018,0.004,-0.012,-0.033,13.1,-1,0.7,100,0
"2023-12-11 19:33:00",98655,"",7999,2023,12,11,20,24,0,-0.0214,0.637,-0.018,-182622.9,0.587,-0.018,1.178,6.38,0,-0.018,0.004,-0.012,-0.033,13.1,-1,0.7,100,0
"2023-12-11 19:36:00",98656,"",7999,2023,12,11,20,30,0,-0.0188,0.63,-0.016,-182630,0.58,-0.016,1.165,6.34,0,-0.016,0.004,-0.009,-0.021,13.1,-1,0.7,100,0
"2023-12-11 19:39:00",98657,"",7999,2023,12,11,20,30,0,-0.0188,0.63,-0.016,-182630,0.58,-0.016,1.165,6.34,0,-0.016,0.004,-0.009,-0.021,13.1,-1,0.7,100,0
"2023-12-11 19:42:00",98658,"",7999,2023,12,11,20,36,0,-0.0169,0.622,-0.015,-182636.3,0.572,-0.014,1.151,6.32,0,-0.014,0.004,-0.014,-0.033,13.1,-1.1,0.7,100,0
"2023-12-11 19:45:00",98659,"",7999,2023,12,11,20,36,0,-0.0169,0.622,-0.015,-182636.3,0.572,-0.014,1.151,6.32,0,-0.014,0.004,-0.014,-0.033,13.1,-1.1,0.7,100,0
"2023-12-11 19:48:00",98660,"",7999,2023,12,11,20,42,0,-0.0178,0.615,-0.016,-182642.7,0.565,-0.016,1.138,6.27,0,-0.016,0.003,-0.016,-0.038,13.1,-1.1,0.7,100,0
"2023-12-11 19:51:00",98661,"",7999,2023,12,11,20,42,0,-0.0178,0.615,-0.016,-182642.7,0.565,-0.016,1.138,6.27,0,-0.016,0.003,-0.016,-0.038,13.1,-1.1,0.7,100,0
"2023-12-11 19:54:00",98662,"",7999,2023,12,11,20,48,0,-0.0115,0.621,-0.01,-182647.6,0.571,-0.01,1.15,6.24,0,-0.01,0.001,-0.021,-0.021,13.1,-1.1,0.7,100,0
"2023-12-11 19:57:00",98663,"",7999,2023,12,11,20,48,0,-0.0115,0.621,-0.01,-182647.6,0.571,-0.01,1.15,6.24,0,-0.01,0.001,-0.021,-0.021,13.1,-1.1,0.7,100,0
"2023-12-11 20:00:00",98664,"",7999,2023,12,11,20,54,0,-0.0166,0.618,-0.014,-182653,0.568,-0.013,1.145,6.2,0,-0.013,0.002,-0.012,-0.019,13.1,-1.1,0.7,100,0
"2023-12-11 20:03:00",98665,"",7999,2023,12,11,20,54,0,-0.0166,0.618,-0.014,-182653,0.568,-0.013,1.145,6.2,0,-0.013,0.002,-0.012,-0.019,13.1,-1.1,0.7,100,0
"2023-12-11 20:06:00",98666,"",7999,2023,12,11,21,0,0,-0.0182,0.616,-0.016,-182659.3,0.566,-0.016,1.141,6.15,0,-0.016,0.003,-0.005,-0.028,13.1,-1.1,0.7,100,0
"2023-12-11 20:09:00",98667,"",7999,2023,12,11,21,0,0,-0.0182,0.616,-0.016,-182659.3,0.566,-0.016,1.141,6.15,0,-0.016,0.003,-0.005,-0.028,13.1,-1.1,0.7,100,0
"2023-12-11 20:12:00",98668,"",7999,2023,12,11,21,6,0,-0.0213,0.613,-0.019,-182666.7,0.563,-0.019,1.135,6.12,0,-0.019,0.001,-0.012,-0.036,13.1,-1.1,0.7,100,0
"2023-12-11 20:15:00",98669,"",7999,2023,12,11,21,6,0,-0.0213,0.613,-0.019,-182666.7,0.563,-0.019,1.135,6.12,0,-0.019,0.001,-0.012,-0.036,13.1,-1.1,0.7,100,0
"2023-12-11 20:18:00",98670,"",7999,2023,12,11,21,12,0,-0.014,0.602,-0.013,-182672.6,0.552,-0.012,1.115,6.08,0,-0.012,0.003,-0.005,-0.021,13.1,-1.1,0.7,100,0
"2023-12-11 20:21:00",98671,"",7999,2023,12,11,21,12,0,-0.014,0.602,-0.013,-182672.6,0.552,-0.012,1.115,6.08,0,-0.012,0.003,-0.005,-0.021,13.1,-1.1,0.7,100,0
"2023-12-11 20:24:00",98672,"",7999,2023,12,11,21,18,0,-0.0156,0.591,-0.014,-182678,0.541,-0.013,1.094,6.07,0,-0.013,0.001,-0.014,-0.021,13.1,-1.1,0.7,100,0
"2023-12-11 20:27:00",98673,"",7999,2023,12,11,21,18,0,-0.0156,0.591,-0.014,-182678,0.541,-0.013,1.094,6.07,0,-0.013,0.001,-0.014,-0.021,13.1,-1.1,0.7,100,0
"2023-12-11 20:30:00",98674,"",7999,2023,12,11,21,24,0,-0.0173,0.588,-0.016,-182684.1,0.538,-0.016,1.088,6.05,0,-0.016,0.003,-0.012,-0.017,13.1,-1.1,0.7,100,0
"2023-12-11 20:33:00",98675,"",7999,2023,12,11,21,24,0,-0.0173,0.588,-0.016,-182684.1,0.538,-0.016,1.088,6.05,0,-0.016,0.003,-0.012,-0.017,13.1,-1.1,0.7,100,0
"2023-12-11 20:36:00",98676,"",7999,2023,12,11,21,30,0,-0.0188,0.579,-0.018,-182690.7,0.529,-0.017,1.072,6.02,0,-0.017,0.003,-0.019,-0.024,13.09,-1.1,0.7,100,0
"2023-12-11 20:39:00",98677,"",7999,2023,12,11,21,30,0,-0.0188,0.579,-0.018,-182690.7,0.529,-0.017,1.072,6.02,0,-0.017,0.003,-0.019,-0.024,13.09,-1.1,0.7,100,0
"2023-12-11 20:42:00",98678,"",7999,2023,12,11,21,36,0,-0.0163,0.573,-0.015,-182696.8,0.523,-0.015,1.06,5.99,0,-0.015,0.001,-0.014,-0.021,13.09,-1.1,0.7,100,0
"2023-12-11 20:45:00",98679,"",7999,2023,12,11,21,36,0,-0.0163,0.573,-0.015,-182696.8,0.523,-0.015,1.06,5.99,0,-0.015,0.001,-0.014,-0.021,13.09,-1.1,0.7,100,0
"2023-12-11 20:48:00",98680,"",7999,2023,12,11,21,42,0,-0.0153,0.566,-0.015,-182702.5,0.516,-0.015,1.048,5.98,0,-0.015,0.001,-0.016,-0.019,13.09,-1.1,0.7,100,0
"2023-12-11 20:51:00",98681,"",7999,2023,12,11,21,42,0,-0.0153,0.566,-0.015,-182702.5,0.516,-0.015,1.048,5.98,0,-0.015,0.001,-0.016,-0.019,13.09,-1.1,0.7,100,0
"2023-12-11 20:54:00",98682,"",7999,2023,12,11,21,48,0,-0.0146,0.568,-0.014,-182707.9,0.518,-0.013,1.051,5.95,0,-0.013,0.001,-0.014,-0.007,13.09,-1.1,0.7,100,0
"2023-12-11 20:57:00",98683,"",7999,2023,12,11,21,48,0,-0.0146,0.568,-0.014,-182707.9,0.518,-0.013,1.051,5.95,0,-0.013,0.001,-0.014,-0.007,13.09,-1.1,0.7,100,0
"2023-12-11 21:00:00",98684,"",7999,2023,12,11,21,54,0,-0.0194,0.573,-0.018,-182714.3,0.523,-0.018,1.06,5.92,0,-0.018,0.001,-0.019,-0.009,13.09,-1,0.7,100,0
"2023-12-11 21:03:00",98685,"",7999,2023,12,11,21,54,0,-0.0194,0.573,-0.018,-182714.3,0.523,-0.018,1.06,5.92,0,-0.018,0.001,-0.019,-0.009,13.09,-1,0.7,100,0
"2023-12-11 21:06:00",98686,"",7999,2023,12,11,22,0,0,-0.014,0.577,-0.013,-182720,0.527,-0.012,1.067,5.9,0,-0.012,0.003,-0.002,-0.012,13.09,-1,0.7,100,0
"2023-12-11 21:09:00",98687,"",7999,2023,12,11,22,0,0,-0.014,0.577,-0.013,-182720,0.527,-0.012,1.067,5.9,0,-0.012,0.003,-0.002,-0.012,13.09,-1,0.7,100,0
"2023-12-11 21:12:00",98688,"",7999,2023,12,11,22,6,0,-0.0241,0.579,-0.022,-182727.5,0.529,-0.022,1.072,5.86,0,-0.022,0,-0.005,-0.009,13.09,-1,0.7,100,0
"2023-12-11 21:15:00",98689,"",7999,2023,12,11,22,6,0,-0.0241,0.579,-0.022,-182727.5,0.529,-0.022,1.072,5.86,0,-0.022,0,-0.005,-0.009,13.09,-1,0.7,100,0
"2023-12-11 21:18:00",98690,"",7999,2023,12,11,22,12,0,-0.0163,0.581,-0.015,-182734.3,0.531,-0.015,1.074,5.83,0,-0.015,0.002,0,-0.019,13.09,-1,0.7,100,0
"2023-12-11 21:21:00",98691,"",7999,2023,12,11,22,12,0,-0.0163,0.581,-0.015,-182734.3,0.531,-0.015,1.074,5.83,0,-0.015,0.002,0,-0.019,13.09,-1,0.7,100,0
"2023-12-11 21:24:00",98692,"",7999,2023,12,11,22,18,0,-0.0165,0.588,-0.015,-182740.2,0.538,-0.015,1.088,5.8,0,-0.015,0.001,-0.002,-0.017,13.09,-1,0.7,100,0
"2023-12-11 21:27:00",98693,"",7999,2023,12,11,22,18,0,-0.0165,0.588,-0.015,-182740.2,0.538,-0.015,1.088,5.8,0,-0.015,0.001,-0.002,-0.017,13.09,-1,0.7,100,0
"2023-12-11 21:30:00",98694,"",7999,2023,12,11,22,24,0,-0.0152,0.59,-0.014,-182745.9,0.54,-0.013,1.091,5.78,0,-0.013,0.003,-0.012,-0.007,13.09,-1,0.7,100,0
"2023-12-11 21:33:00",98695,"",7999,2023,12,11,22,24,0,-0.0152,0.59,-0.014,-182745.9,0.54,-0.013,1.091,5.78,0,-0.013,0.003,-0.012,-0.007,13.09,-1,0.7,100,0
"2023-12-11 21:36:00",98696,"",7999,2023,12,11,22,30,0,-0.0143,0.583,-0.013,-182751.2,0.533,-0.012,1.08,5.75,0,-0.012,0.003,-0.012,-0.012,13.09,-1.1,0.7,100,0
"2023-12-11 21:39:00",98697,"",7999,2023,12,11,22,30,0,-0.0143,0.583,-0.013,-182751.2,0.533,-0.012,1.08,5.75,0,-0.012,0.003,-0.012,-0.012,13.09,-1.1,0.7,100,0
"2023-12-11 21:42:00",98698,"",7999,2023,12,11,22,36,0,-0.0085,0.577,-0.008,-182754.9,0.527,-0.008,1.067,5.73,0,-0.008,0.004,-0.002,-0.009,13.09,-1.1,0.7,100,0
"2023-12-11 21:45:00",98699,"",7999,2023,12,11,22,36,0,-0.0085,0.577,-0.008,-182754.9,0.527,-0.008,1.067,5.73,0,-0.008,0.004,-0.002,-0.009,13.09,-1.1,0.7,100,0
"2023-12-11 21:48:00",98700,"",7999,2023,12,11,22,42,0,-0.012,0.578,-0.011,-182758.8,0.528,-0.011,1.07,5.71,0,-0.011,0.003,-0.005,-0.026,13.09,-1.1,0.7,100,0
"2023-12-11 21:51:00",98701,"",7999,2023,12,11,22,42,0,-0.012,0.578,-0.011,-182758.8,0.528,-0.011,1.07,5.71,0,-0.011,0.003,-0.005,-0.026,13.09,-1.1,0.7,100,0
"2023-12-11 21:54:00",98702,"",7999,2023,12,11,22,48,0,-0.0119,0.585,-0.011,-182763.1,0.535,-0.01,1.083,5.69,0,-0.01,0.002,0,-0.012,13.09,-1.1,0.7,100,0
"2023-12-11 21:57:00",98703,"",7999,2023,12,11,22,48,0,-0.0119,0.585,-0.011,-182763.1,0.535,-0.01,1.083,5.69,0,-0.01,0.002,0,-0.012,13.09,-1.1,0.7,100,0
"2023-12-11 22:00:00",98704,"",7999,2023,12,11,22,54,0,-0.0141,0.588,-0.013,-182768,0.538,-0.012,1.088,5.65,0,-0.012,0.003,-0.007,-0.024,13.09,-1.1,0.7,100,0
"2023-12-11 22:03:00",98705,"",7999,2023,12,11,22,54,0,-0.0141,0.588,-0.013,-182768,0.538,-0.012,1.088,5.65,0,-0.012,0.003,-0.007,-0.024,13.09,-1.1,0.7,100,0
"2023-12-11 22:06:00",98706,"",7999,2023,12,11,23,0,0,-0.0149,0.583,-0.014,-182773.2,0.533,-0.014,1.079,5.62,0,-0.014,0.006,0,-0.019,13.09,-1.1,0.7,100,0
"2023-12-11 22:09:00",98707,"",7999,2023,12,11,23,0,0,-0.0149,0.583,-0.014,-182773.2,0.533,-0.014,1.079,5.62,0,-0.014,0.006,0,-0.019,13.09,-1.1,0.7,100,0
"2023-12-11 22:12:00",98708,"",7999,2023,12,11,23,6,0,-0.0157,0.573,-0.015,-182778.8,0.523,-0.015,1.06,5.6,0,-0.015,0.003,-0.012,-0.017,13.09,-1.1,0.7,100,0
"2023-12-11 22:15:00",98709,"",7999,2023,12,11,23,6,0,-0.0157,0.573,-0.015,-182778.8,0.523,-0.015,1.06,5.6,0,-0.015,0.003,-0.012,-0.017,13.09,-1.1,0.7,100,0
"2023-12-11 22:18:00",98710,"",7999,2023,12,11,23,12,0,-0.0123,0.568,-0.012,-182783.6,0.518,-0.011,1.051,5.58,0,-0.011,0.003,-0.014,-0.019,13.09,-1.1,0.7,100,0
"2023-12-11 22:21:00",98711,"",7999,2023,12,11,23,12,0,-0.0123,0.568,-0.012,-182783.6,0.518,-0.011,1.051,5.58,0,-0.011,0.003,-0.014,-0.019,13.09,-1.1,0.7,100,0
"2023-12-11 22:24:00",98712,"",7999,2023,12,11,23,18,0,-0.0131,0.561,-0.013,-182788.3,0.511,-0.012,1.038,5.56,0,-0.012,0.003,-0.007,-0.012,13.09,-1.1,0.7,100,0
"2023-12-11 22:27:00",98713,"",7999,2023,12,11,23,18,0,-0.0131,0.561,-0.013,-182788.3,0.511,-0.012,1.038,5.56,0,-0.012,0.003,-0.007,-0.012,13.09,-1.1,0.7,100,0
"2023-12-11 22:30:00",98714,"",7999,2023,12,11,23,24,0,-0.0111,0.552,-0.011,-182792.5,0.502,-0.011,1.022,5.54,0,-0.011,0.003,-0.012,-0.009,13.09,-1.1,0.7,100,0
"2023-12-11 22:33:00",98715,"",7999,2023,12,11,23,24,0,-0.0111,0.552,-0.011,-182792.5,0.502,-0.011,1.022,5.54,0,-0.011,0.003,-0.012,-0.009,13.09,-1.1,0.7,100,0
"2023-12-11 22:36:00",98716,"",7999,2023,12,11,23,30,0,-0.0137,0.551,-0.014,-182797.2,0.501,-0.012,1.019,5.54,0,-0.012,0.001,-0.012,-0.019,13.09,-1.1,0.7,100,0
"2023-12-11 22:39:00",98717,"",7999,2023,12,11,23,30,0,-0.0137,0.551,-0.014,-182797.2,0.501,-0.012,1.019,5.54,0,-0.012,0.001,-0.012,-0.019,13.09,-1.1,0.7,100,0
"2023-12-11 22:42:00",98718,"",7999,2023,12,11,23,36,0,-0.0137,0.554,-0.013,-182802.1,0.504,-0.013,1.025,5.53,0,-0.013,0.003,-0.012,-0.012,13.09,-1.1,0.7,100,0
"2023-12-11 22:45:00",98719,"",7999,2023,12,11,23,36,0,-0.0137,0.554,-0.013,-182802.1,0.504,-0.013,1.025,5.53,0,-0.013,0.003,-0.012,-0.012,13.09,-1.1,0.7,100,0
"2023-12-11 22:48:00",98720,"",7999,2023,12,11,23,42,0,-0.013,0.566,-0.012,-182806.9,0.516,-0.012,1.047,5.52,0,-0.012,0.003,-0.014,-0.007,13.09,-1,0.7,100,0
"2023-12-11 22:51:00",98721,"",7999,2023,12,11,23,42,0,-0.013,0.566,-0.012,-182806.9,0.516,-0.012,1.047,5.52,0,-0.012,0.003,-0.014,-0.007,13.09,-1,0.7,100,0
"2023-12-11 22:54:00",98722,"",7999,2023,12,11,23,48,0,-0.0135,0.57,-0.013,-182811.7,0.52,-0.012,1.055,5.48,0,-0.012,0.001,-0.009,-0.017,13.09,-1,0.7,100,0
"2023-12-11 22:57:00",98723,"",7999,2023,12,11,23,48,0,-0.0135,0.57,-0.013,-182811.7,0.52,-0.012,1.055,5.48,0,-0.012,0.001,-0.009,-0.017,13.09,-1,0.7,100,0
"2023-12-11 23:00:00",98724,"",7999,2023,12,11,23,54,0,-0.0119,0.569,-0.011,-182816.2,0.519,-0.011,1.053,5.45,0,-0.011,0.003,-0.002,-0.014,13.09,-1,0.7,100,0
"2023-12-11 23:03:00",98725,"",7999,2023,12,11,23,54,0,-0.0119,0.569,-0.011,-182816.2,0.519,-0.011,1.053,5.45,0,-0.011,0.003,-0.002,-0.014,13.09,-1,0.7,100,0
"2023-12-11 23:06:00",98726,"",7999,2023,12,12,0,0,0,-0.0135,0.571,-0.013,-182820.9,0.521,-0.012,1.057,5.43,0,-0.012,0.001,0,-0.017,13.09,-1,0.7,100,0
"2023-12-11 23:09:00",98727,"",7999,2023,12,12,0,0,0,-0.0135,0.571,-0.013,-182820.9,0.521,-0.012,1.057,5.43,0,-0.012,0.001,0,-0.017,13.09,-1,0.7,100,0
"2023-12-11 23:12:00",98728,"",7999,2023,12,12,0,6,0,-0.0112,0.58,-0.01,-182825.2,0.53,-0.01,1.073,5.41,0,-0.01,0.003,-0.014,-0.017,13.09,-1,0.7,100,0
"2023-12-11 23:15:00",98729,"",7999,2023,12,12,0,6,0,-0.0112,0.58,-0.01,-182825.2,0.53,-0.01,1.073,5.41,0,-0.01,0.003,-0.014,-0.017,13.09,-1,0.7,100,0
"2023-12-11 23:18:00",98730,"",7999,2023,12,12,0,12,0,-0.0127,0.591,-0.012,-182829.6,0.541,-0.011,1.094,5.38,0,-0.011,0.001,-0.002,-0.014,13.09,-1,0.7,100,0
"2023-12-11 23:21:00",98731,"",7999,2023,12,12,0,12,0,-0.0127,0.591,-0.012,-182829.6,0.541,-0.011,1.094,5.38,0,-0.011,0.001,-0.002,-0.014,13.09,-1,0.7,100,0
"2023-12-11 23:24:00",98732,"",7999,2023,12,12,0,18,0,-0.0109,0.601,-0.01,-182833.8,0.551,-0.01,1.112,5.37,0,-0.01,0.002,-0.007,-0.005,13.09,-1,0.7,100,0
"2023-12-11 23:27:00",98733,"",7999,2023,12,12,0,18,0,-0.0109,0.601,-0.01,-182833.8,0.551,-0.01,1.112,5.37,0,-0.01,0.002,-0.007,-0.005,13.09,-1,0.7,100,0
"2023-12-11 23:30:00",98734,"",7999,2023,12,12,0,24,0,-0.0086,0.611,-0.008,-182837.2,0.561,-0.007,1.13,5.35,0,-0.007,0.002,0,-0.019,13.09,-1,0.7,100,0
"2023-12-11 23:33:00",98735,"",7999,2023,12,12,0,24,0,-0.0086,0.611,-0.008,-182837.2,0.561,-0.007,1.13,5.35,0,-0.007,0.002,0,-0.019,13.09,-1,0.7,100,0
"2023-12-11 23:36:00",98736,"",7999,2023,12,12,0,30,0,-0.0003,0.618,0,-182838.3,0.568,0,1.143,5.31,0,0,0.001,-0.014,-0.012,13.09,-1,0.7,100,0
"2023-12-11 23:39:00",98737,"",7999,2023,12,12,0,30,0,-0.0003,0.618,0,-182838.3,0.568,0,1.143,5.31,0,0,0.001,-0.014,-0.012,13.09,-1,0.7,100,0
"2023-12-11 23:42:00",98738,"",7999,2023,12,12,0,36,0,0.0075,0.625,0.007,-182836.5,0.575,0.005,1.157,5.28,0,0.005,0.001,-0.005,-0.021,13.09,-1,0.7,100,0
"2023-12-11 23:45:00",98739,"",7999,2023,12,12,0,36,0,0.0075,0.625,0.007,-182836.5,0.575,0.005,1.157,5.28,0,0.005,0.001,-0.005,-0.021,13.09,-1,0.7,100,0
"2023-12-11 23:48:00",98740,"",7999,2023,12,12,0,42,0,-0.0107,0.638,-0.009,-182838.2,0.588,-0.008,1.18,5.27,0,-0.008,0.001,-0.019,-0.021,13.09,-1,0.7,100,0
"2023-12-11 23:51:00",98741,"",7999,2023,12,12,0,42,0,-0.0107,0.638,-0.009,-182838.2,0.588,-0.008,1.18,5.27,0,-0.008,0.001,-0.019,-0.021,13.09,-1,0.7,100,0
"2023-12-11 23:54:00",98742,"",7999,2023,12,12,0,48,0,-0.0112,0.641,-0.009,-182842.2,0.591,-0.008,1.187,5.23,0,-0.008,0.002,-0.007,-0.019,13.09,-1,0.7,100,0
"2023-12-11 23:57:00",98743,"",7999,2023,12,12,0,48,0,-0.0112,0.641,-0.009,-182842.2,0.591,-0.008,1.187,5.23,0,-0.008,0.002,-0.007,-0.019,13.09,-1,0.7,100,0
"2023-12-12 00:00:00",98744,"",7999,2023,12,12,0,54,0,-0.0173,0.637,-0.015,-182847.7,0.587,-0.015,1.179,5.19,0,-0.015,0.001,-0.014,-0.012,13.09,-1,0.7,100,0
"2023-12-12 00:03:00",98745,"",7999,2023,12,12,0,54,0,-0.0173,0.637,-0.015,-182847.7,0.587,-0.015,1.179,5.19,0,-0.015,0.001,-0.014,-0.012,13.09,-1,0.7,100,0
"2023-12-12 00:06:00",98746,"",7999,2023,12,12,1,0,0,0.0162,0.639,0.014,-182845.9,0.589,0.013,1.183,5.14,0,0.013,-0.007,-0.012,-0.007,13.09,-1,0.7,100,0
"2023-12-12 00:09:00",98747,"",7999,2023,12,12,1,0,0,0.0162,0.639,0.014,-182845.9,0.589,0.013,1.183,5.14,0,0.013,-0.007,-0.012,-0.007,13.09,-1,0.7,100,0
"2023-12-12 00:12:00",98748,"",7999,2023,12,12,1,6,0,-0.0006,0.644,-0.001,-182844.1,0.594,-0.001,1.192,5.13,0,-0.001,-0.002,-0.019,-0.014,13.09,-1,0.7,100,0
"2023-12-12 00:15:00",98749,"",7999,2023,12,12,1,6,0,-0.0006,0.644,-0.001,-182844.1,0.594,-0.001,1.192,5.13,0,-0.001,-0.002,-0.019,-0.014,13.09,-1,0.7,100,0
"2023-12-12 00:18:00",98750,"",7999,2023,12,12,1,12,0,-0.0098,0.65,-0.008,-182846.5,0.6,-0.007,1.203,5.12,0,-0.007,-0.001,-0.021,-0.024,13.09,-1,0.7,100,0
"2023-12-12 00:21:00",98751,"",7999,2023,12,12,1,12,0,-0.0098,0.65,-0.008,-182846.5,0.6,-0.007,1.203,5.12,0,-0.007,-0.001,-0.021,-0.024,13.09,-1,0.7,100,0
"2023-12-12 00:24:00",98752,"",7999,2023,12,12,1,18,0,-0.0134,0.657,-0.011,-182850.9,0.607,-0.011,1.216,5.1,0,-0.011,0.003,-0.009,-0.005,13.09,-1,0.7,100,0
"2023-12-12 00:27:00",98753,"",7999,2023,12,12,1,18,0,-0.0134,0.657,-0.011,-182850.9,0.607,-0.011,1.216,5.1,0,-0.011,0.003,-0.009,-0.005,13.09,-1,0.7,100,0
"2023-12-12 00:30:00",98754,"",7999,2023,12,12,1,24,0,-0.012,0.662,-0.01,-182855.4,0.612,-0.01,1.225,5.06,0,-0.01,0.001,-0.009,-0.017,13.09,-1,0.7,100,0
"2023-12-12 00:33:00",98755,"",7999,2023,12,12,1,24,0,-0.012,0.662,-0.01,-182855.4,0.612,-0.01,1.225,5.06,0,-0.01,0.001,-0.009,-0.017,13.09,-1,0.7,100,0
"2023-12-12 00:36:00",98756,"",7999,2023,12,12,1,30,0,-0.0197,0.668,-0.016,-182861.6,0.618,-0.015,1.236,5.02,0,-0.015,-0.004,-0.021,-0.021,13.09,-1,0.7,100,0
"2023-12-12 00:39:00",98757,"",7999,2023,12,12,1,30,0,-0.0197,0.668,-0.016,-182861.6,0.618,-0.015,1.236,5.02,0,-0.015,-0.004,-0.021,-0.021,13.09,-1,0.7,100,0
"2023-12-12 00:42:00",98758,"",7999,2023,12,12,1,36,0,-0.011,0.672,-0.009,-182866.7,0.622,-0.008,1.243,5,0,-0.008,0.002,-0.021,-0.024,13.09,-1,0.7,100,0
"2023-12-12 00:45:00",98759,"",7999,2023,12,12,1,36,0,-0.011,0.672,-0.009,-182866.7,0.622,-0.008,1.243,5,0,-0.008,0.002,-0.021,-0.024,13.09,-1,0.7,100,0
"2023-12-12 00:48:00",98760,"",7999,2023,12,12,1,42,0,-0.0062,0.683,-0.005,-182869.5,0.633,-0.004,1.263,4.98,0,-0.004,-0.001,-0.014,-0.019,13.09,-1,0.7,100,0
"2023-12-12 00:51:00",98761,"",7999,2023,12,12,1,42,0,-0.0062,0.683,-0.005,-182869.5,0.633,-0.004,1.263,4.98,0,-0.004,-0.001,-0.014,-0.019,13.09,-1,0.7,100,0
"2023-12-12 00:54:00",98762,"",7999,2023,12,12,1,48,0,-0.0064,0.691,-0.005,-182871.8,0.641,-0.005,1.278,4.95,0,-0.005,-0.002,-0.009,-0.012,13.09,-1,0.7,100,0
"2023-12-12 00:57:00",98763,"",7999,2023,12,12,1,48,0,-0.0064,0.691,-0.005,-182871.8,0.641,-0.005,1.278,4.95,0,-0.005,-0.002,-0.009,-0.012,13.09,-1,0.7,100,0
"2023-12-12 01:00:00",98764,"",7999,2023,12,12,1,54,0,0.0026,0.435,0.003,-182871.9,0.385,0.004,0.805,4.9,0,0.004,0.003,-0.03,-0.005,13.09,-1,0.7,100,0
"2023-12-12 01:03:00",98765,"",7999,2023,12,12,1,54,0,0.0026,0.435,0.003,-182871.9,0.385,0.004,0.805,4.9,0,0.004,0.003,-0.03,-0.005,13.09,-1,0.7,100,0
"2023-12-12 01:06:00",98766,"",7999,2023,12,12,2,0,0,-0.0099,0.459,-0.012,-182874,0.409,-0.011,0.849,4.86,0,-0.011,0.001,-0.037,-0.024,13.09,-1,0.7,100,0
"2023-12-12 01:09:00",98767,"",7999,2023,12,12,2,0,0,-0.0099,0.459,-0.012,-182874,0.409,-0.011,0.849,4.86,0,-0.011,0.001,-0.037,-0.024,13.09,-1,0.7,100,0
"2023-12-12 01:12:00",98768,"",7999,2023,12,12,2,6,0,0.0067,0.486,0.007,-182873.6,0.436,0.007,0.9,4.81,0,0.007,0.003,-0.016,-0.012,13.09,-1,0.7,100,0
"2023-12-12 01:15:00",98769,"",7999,2023,12,12,2,6,0,0.0067,0.486,0.007,-182873.6,0.436,0.007,0.9,4.81,0,0.007,0.003,-0.016,-0.012,13.09,-1,0.7,100,0
"2023-12-12 01:18:00",98770,"",7999,2023,12,12,2,12,0,-0.0021,0.723,-0.002,-182873.3,0.673,-0.002,1.339,4.82,0,-0.002,0.001,0.007,-0.005,13.09,-1,0.7,100,0
"2023-12-12 01:21:00",98771,"",7999,2023,12,12,2,12,0,-0.0021,0.723,-0.002,-182873.3,0.673,-0.002,1.339,4.82,0,-0.002,0.001,0.007,-0.005,13.09,-1,0.7,100,0
"2023-12-12 01:24:00",98772,"",7999,2023,12,12,2,18,0,-0.0138,0.726,-0.01,-182876.8,0.676,-0.01,1.344,4.75,0,-0.01,0,-0.023,-0.033,13.09,-1,0.7,100,0
"2023-12-12 01:27:00",98773,"",7999,2023,12,12,2,18,0,-0.0138,0.726,-0.01,-182876.8,0.676,-0.01,1.344,4.75,0,-0.01,0,-0.023,-0.033,13.09,-1,0.7,100,0
"2023-12-12 01:30:00",98774,"",7999,2023,12,12,2,24,0,-0.0086,0.733,-0.006,-182880.6,0.683,-0.005,1.357,4.79,0,-0.005,-0.002,-0.014,-0.021,13.08,-1,0.7,100,0
"2023-12-12 01:33:00",98775,"",7999,2023,12,12,2,24,0,-0.0086,0.733,-0.006,-182880.6,0.683,-0.005,1.357,4.79,0,-0.005,-0.002,-0.014,-0.021,13.08,-1,0.7,100,0
"2023-12-12 01:36:00",98776,"",7999,2023,12,12,2,30,0,0.0034,0.742,0.003,-182880.8,0.692,0.001,1.373,4.76,0,0.001,-0.005,-0.016,-0.019,13.08,-1,0.7,100,0
"2023-12-12 01:39:00",98777,"",7999,2023,12,12,2,30,0,0.0034,0.742,0.003,-182880.8,0.692,0.001,1.373,4.76,0,0.001,-0.005,-0.016,-0.019,13.08,-1,0.7,100,0
"2023-12-12 01:42:00",98778,"",7999,2023,12,12,2,36,0,-0.0033,0.744,-0.002,-182881.2,0.694,-0.001,1.376,4.72,0,-0.001,0.001,-0.044,-0.031,13.08,-1,0.7,100,0
"2023-12-12 01:45:00",98779,"",7999,2023,12,12,2,36,0,-0.0033,0.744,-0.002,-182881.2,0.694,-0.001,1.376,4.72,0,-0.001,0.001,-0.044,-0.031,13.08,-1,0.7,100,0
"2023-12-12 01:48:00",98780,"",7999,2023,12,12,2,42,0,0.0105,0.749,0.008,-182879,0.699,0.007,1.386,4.67,0,0.007,-0.004,-0.03,0.005,13.08,-1,0.7,100,0
"2023-12-12 01:51:00",98781,"",7999,2023,12,12,2,42,0,0.0105,0.749,0.008,-182879,0.699,0.007,1.386,4.67,0,0.007,-0.004,-0.03,0.005,13.08,-1,0.7,100,0
"2023-12-12 01:54:00",98782,"",7999,2023,12,12,2,48,0,0.01,0.754,0.007,-182875.4,0.704,0.006,1.395,4.7,0,0.006,-0.001,0,0.014,13.08,-1,0.7,100,0
"2023-12-12 01:57:00",98783,"",7999,2023,12,12,2,48,0,0.01,0.754,0.007,-182875.4,0.704,0.006,1.395,4.7,0,0.006,-0.001,0,0.014,13.08,-1,0.7,100,0
"2023-12-12 02:00:00",98784,"",7999,2023,12,12,2,54,0,0.0084,0.757,0.006,-182872.1,0.707,0.005,1.402,4.7,0,0.005,0,-0.021,-0.014,13.08,-1,0.7,100,0
"2023-12-12 02:03:00",98785,"",7999,2023,12,12,2,54,0,0.0084,0.757,0.006,-182872.1,0.707,0.005,1.402,4.7,0,0.005,0,-0.021,-0.014,13.08,-1,0.7,100,0
"2023-12-12 02:06:00",98786,"",7999,2023,12,12,3,0,0,-0.0126,0.759,-0.009,-182874.2,0.709,-0.007,1.404,4.69,0,-0.007,-0.002,-0.009,-0.007,13.08,-1,0.7,100,0
"2023-12-12 02:09:00",98787,"",7999,2023,12,12,3,0,0,-0.0126,0.759,-0.009,-182874.2,0.709,-0.007,1.404,4.69,0,-0.007,-0.002,-0.009,-0.007,13.08,-1,0.7,100,0
"2023-12-12 02:12:00",98788,"",7999,2023,12,12,3,6,0,0.0017,0.764,0.001,-182875.3,0.714,0.001,1.414,4.71,0,0.001,-0.004,-0.012,-0.014,13.07,-1,0.7,100,0
"2023-12-12 02:15:00",98789,"",7999,2023,12,12,3,6,0,0.0017,0.764,0.001,-182875.3,0.714,0.001,1.414,4.71,0,0.001,-0.004,-0.012,-0.014,13.07,-1,0.7,100,0
"2023-12-12 02:18:00",98790,"",7999,2023,12,12,3,12,0,-0.0053,0.769,-0.004,-182876.3,0.719,-0.002,1.422,4.71,0,-0.002,-0.001,-0.016,-0.024,13.08,-1,0.7,100,0
"2023-12-12 02:21:00",98791,"",7999,2023,12,12,3,12,0,-0.0053,0.769,-0.004,-182876.3,0.719,-0.002,1.422,4.71,0,-0.002,-0.001,-0.016,-0.024,13.08,-1,0.7,100,0
"2023-12-12 02:24:00",98792,"",7999,2023,12,12,3,18,0,-0.0087,0.772,-0.006,-182879.1,0.722,-0.005,1.429,4.62,0,-0.005,0,-0.016,-0.009,13.08,-1,0.7,100,0
"2023-12-12 02:27:00",98793,"",7999,2023,12,12,3,18,0,-0.0087,0.772,-0.006,-182879.1,0.722,-0.005,1.429,4.62,0,-0.005,0,-0.016,-0.009,13.08,-1,0.7,100,0
"2023-12-12 02:30:00",98794,"",7999,2023,12,12,3,24,0,-0.0087,0.777,-0.006,-182882.2,0.727,-0.006,1.438,4.62,0,-0.006,0.001,-0.012,-0.031,13.07,-1,0.7,100,0
"2023-12-12 02:33:00",98795,"",7999,2023,12,12,3,24,0,-0.0087,0.777,-0.006,-182882.2,0.727,-0.006,1.438,4.62,0,-0.006,0.001,-0.012,-0.031,13.07,-1,0.7,100,0
"2023-12-12 02:36:00",98796,"",7999,2023,12,12,3,30,0,-0.0041,0.784,-0.003,-182884.3,0.734,-0.002,1.451,4.65,0,-0.002,-0.002,0.016,-0.005,13.08,-1,0.7,100,0
"2023-12-12 02:39:00",98797,"",7999,2023,12,12,3,30,0,-0.0041,0.784,-0.003,-182884.3,0.734,-0.002,1.451,4.65,0,-0.002,-0.002,0.016,-0.005,13.08,-1,0.7,100,0
"2023-12-12 02:42:00",98798,"",7999,2023,12,12,3,36,0,0.0228,0.796,0.016,-182879.3,0.746,0.015,1.473,4.67,0,0.015,0,-0.005,0.002,13.07,-1,0.7,100,0
"2023-12-12 02:45:00",98799,"",7999,2023,12,12,3,36,0,0.0228,0.796,0.016,-182879.3,0.746,0.015,1.473,4.67,0,0.015,0,-0.005,0.002,13.07,-1,0.7,100,0
"2023-12-12 02:48:00",98800,"",7999,2023,12,12,3,42,0,0.0128,0.807,0.009,-182873.5,0.757,0.007,1.494,4.89,0,0.007,0.001,0,0,13.08,-1,0.7,100,0
"2023-12-12 02:51:00",98801,"",7999,2023,12,12,3,42,0,0.0128,0.807,0.009,-182873.5,0.757,0.007,1.494,4.89,0,0.007,0.001,0,0,13.08,-1,0.7,100,0
"2023-12-12 02:54:00",98802,"",7999,2023,12,12,3,48,0,-0.0143,0.807,-0.01,-182875.4,0.757,-0.008,1.493,4.76,0,-0.008,0.001,-0.026,-0.04,13.07,-1,0.7,100,0
"2023-12-12 02:57:00",98803,"",7999,2023,12,12,3,48,0,-0.0143,0.807,-0.01,-182875.4,0.757,-0.008,1.493,4.76,0,-0.008,0.001,-0.026,-0.04,13.07,-1,0.7,100,0
"2023-12-12 03:00:00",98804,"",7999,2023,12,12,3,54,0,0.0063,0.808,0.004,-182875.6,0.758,0.004,1.496,5.03,0,0.004,-0.002,-0.014,-0.002,13.08,-1,0.7,100,0
"2023-12-12 03:03:00",98805,"",7999,2023,12,12,3,54,0,0.0063,0.808,0.004,-182875.6,0.758,0.004,1.496,5.03,0,0.004,-0.002,-0.014,-0.002,13.08,-1,0.7,100,0
"2023-12-12 03:06:00",98806,"",7999,2023,12,12,4,0,0,0.0009,0.809,0.001,-182874.6,0.759,0.001,1.498,5.21,0,0.001,-0.001,0,-0.002,13.08,-1,0.7,100,0
"2023-12-12 03:09:00",98807,"",7999,2023,12,12,4,0,0,0.0009,0.809,0.001,-182874.6,0.759,0.001,1.498,5.21,0,0.001,-0.001,0,-0.002,13.08,-1,0.7,100,0
"2023-12-12 03:12:00",98808,"",7999,2023,12,12,4,6,0,-0.0027,0.811,-0.002,-182875.1,0.761,-0.001,1.501,5.59,0,-0.001,0.002,-0.019,-0.024,13.09,-1,0.7,100,0
"2023-12-12 03:15:00",98809,"",7999,2023,12,12,4,6,0,-0.0027,0.811,-0.002,-182875.1,0.761,-0.001,1.501,5.59,0,-0.001,0.002,-0.019,-0.024,13.09,-1,0.7,100,0
"2023-12-12 03:18:00",98810,"",7999,2023,12,12,4,12,0,0.001,0.817,0.001,-182875.2,0.767,0,1.513,5.8,0,0,0,-0.026,-0.007,13.08,-1,0.7,100,0
"2023-12-12 03:21:00",98811,"",7999,2023,12,12,4,12,0,0.001,0.817,0.001,-182875.2,0.767,0,1.513,5.8,0,0,0,-0.026,-0.007,13.08,-1,0.7,100,0
"2023-12-12 03:24:00",98812,"",7999,2023,12,12,4,18,0,-0.0222,0.825,-0.015,-182880.4,0.775,-0.013,1.527,5.9,0,-0.013,0.002,-0.035,-0.043,13.09,-1,0.7,100,0
"2023-12-12 03:27:00",98813,"",7999,2023,12,12,4,18,0,-0.0222,0.825,-0.015,-182880.4,0.775,-0.013,1.527,5.9,0,-0.013,0.002,-0.035,-0.043,13.09,-1,0.7,100,0
"2023-12-12 03:30:00",98814,"",7999,2023,12,12,4,24,0,-0.0498,0.821,-0.033,-182895,0.771,-0.033,1.52,6.02,0,-0.033,0.003,-0.04,-0.071,13.09,-1,0.7,100,0
"2023-12-12 03:33:00",98815,"",7999,2023,12,12,4,24,0,-0.0498,0.821,-0.033,-182895,0.771,-0.033,1.52,6.02,0,-0.033,0.003,-0.04,-0.071,13.09,-1,0.7,100,0
"2023-12-12 03:36:00",98816,"",7999,2023,12,12,4,30,0,-0.0097,0.822,-0.006,-182903.4,0.772,-0.006,1.522,6.35,0,-0.006,-0.002,-0.009,-0.014,13.08,-1,0.7,100,0
"2023-12-12 03:39:00",98817,"",7999,2023,12,12,4,30,0,-0.0097,0.822,-0.006,-182903.4,0.772,-0.006,1.522,6.35,0,-0.006,-0.002,-0.009,-0.014,13.08,-1,0.7,100,0
"2023-12-12 03:42:00",98818,"",7999,2023,12,12,4,36,0,-0.0528,0.815,-0.035,-182917.2,0.765,-0.034,1.507,6.28,0,-0.034,0.005,-0.009,-0.043,13.09,-1,0.7,100,0
"2023-12-12 03:45:00",98819,"",7999,2023,12,12,4,36,0,-0.0528,0.815,-0.035,-182917.2,0.765,-0.034,1.507,6.28,0,-0.034,0.005,-0.009,-0.043,13.09,-1,0.7,100,0
"2023-12-12 03:48:00",98820,"",7999,2023,12,12,4,42,0,-0.0164,0.81,-0.011,-182927.5,0.76,-0.008,1.498,6.54,0,-0.008,0.002,-0.002,-0.007,13.08,-1,0.7,100,0
"2023-12-12 03:51:00",98821,"",7999,2023,12,12,4,42,0,-0.0164,0.81,-0.011,-182927.5,0.76,-0.008,1.498,6.54,0,-0.008,0.002,-0.002,-0.007,13.08,-1,0.7,100,0
"2023-12-12 03:54:00",98822,"",7999,2023,12,12,4,48,0,-0.0359,0.806,-0.024,-182938.1,0.756,-0.022,1.491,6.45,0,-0.022,0.003,-0.016,-0.021,13.08,-1,0.7,100,0
"2023-12-12 03:57:00",98823,"",7999,2023,12,12,4,48,0,-0.0359,0.806,-0.024,-182938.1,0.756,-0.022,1.491,6.45,0,-0.022,0.003,-0.016,-0.021,13.08,-1,0.7,100,0
"2023-12-12 04:00:00",98824,"",7999,2023,12,12,4,54,0,-0.0308,0.803,-0.021,-182949.8,0.753,-0.019,1.487,6.68,0,-0.019,0.001,0,-0.033,13.08,-1,0.7,100,0
"2023-12-12 04:03:00",98825,"",7999,2023,12,12,4,54,0,-0.0308,0.803,-0.021,-182949.8,0.753,-0.019,1.487,6.68,0,-0.019,0.001,0,-0.033,13.08,-1,0.7,100,0
"2023-12-12 04:06:00",98826,"",7999,2023,12,12,5,0,0,-0.0347,0.802,-0.023,-182961.9,0.752,-0.022,1.485,6.77,0,-0.022,0.002,-0.005,-0.026,13.09,-1,0.7,100,0
"2023-12-12 04:09:00",98827,"",7999,2023,12,12,5,0,0,-0.0347,0.802,-0.023,-182961.9,0.752,-0.022,1.485,6.77,0,-0.022,0.002,-0.005,-0.026,13.09,-1,0.7,100,0
"2023-12-12 04:12:00",98828,"",7999,2023,12,12,5,6,0,-0.009,0.799,-0.006,-182968.2,0.749,-0.005,1.479,6.82,0,-0.005,0,-0.016,-0.021,13.09,-1,0.7,100,0
"2023-12-12 04:15:00",98829,"",7999,2023,12,12,5,6,0,-0.009,0.799,-0.006,-182968.2,0.749,-0.005,1.479,6.82,0,-0.005,0,-0.016,-0.021,13.09,-1,0.7,100,0
"2023-12-12 04:18:00",98830,"",7999,2023,12,12,5,12,0,-0.0401,0.792,-0.027,-182978.9,0.742,-0.025,1.466,6.78,0,-0.025,0.003,-0.007,-0.036,13.09,-1,0.7,100,0
"2023-12-12 04:21:00",98831,"",7999,2023,12,12,5,12,0,-0.0401,0.792,-0.027,-182978.9,0.742,-0.025,1.466,6.78,0,-0.025,0.003,-0.007,-0.036,13.09,-1,0.7,100,0
"2023-12-12 04:24:00",98832,"",7999,2023,12,12,5,18,0,-0.0094,0.786,-0.006,-182986,0.736,-0.005,1.454,6.96,0,-0.005,0,0.002,-0.019,13.08,-1,0.7,100,0
"2023-12-12 04:27:00",98833,"",7999,2023,12,12,5,18,0,-0.0094,0.786,-0.006,-182986,0.736,-0.005,1.454,6.96,0,-0.005,0,0.002,-0.019,13.08,-1,0.7,100,0
"2023-12-12 04:30:00",98834,"",7999,2023,12,12,5,24,0,-0.0102,0.789,-0.007,-182989.6,0.739,-0.006,1.46,6.88,0,-0.006,0.001,-0.019,-0.021,13.09,-1,0.7,100,0
"2023-12-12 04:33:00",98835,"",7999,2023,12,12,5,24,0,-0.0102,0.789,-0.007,-182989.6,0.739,-0.006,1.46,6.88,0,-0.006,0.001,-0.019,-0.021,13.09,-1,0.7,100,0
"2023-12-12 04:36:00",98836,"",7999,2023,12,12,5,30,0,-0.0286,0.789,-0.02,-182997.7,0.739,-0.018,1.46,6.93,0,-0.018,0.001,-0.021,-0.031,13.09,-1,0.7,100,0
"2023-12-12 04:39:00",98837,"",7999,2023,12,12,5,30,0,-0.0286,0.789,-0.02,-182997.7,0.739,-0.018,1.46,6.93,0,-0.018,0.001,-0.021,-0.031,13.09,-1,0.7,100,0
"2023-12-12 04:42:00",98838,"",7999,2023,12,12,5,36,0,-0.0181,0.787,-0.012,-183005.5,0.737,-0.011,1.456,7.01,0,-0.011,0.001,-0.016,-0.024,13.09,-1,0.7,100,0
"2023-12-12 04:45:00",98839,"",7999,2023,12,12,5,36,0,-0.0181,0.787,-0.012,-183005.5,0.737,-0.011,1.456,7.01,0,-0.011,0.001,-0.016,-0.024,13.09,-1,0.7,100,0
"2023-12-12 04:48:00",98840,"",7999,2023,12,12,5,42,0,-0.0082,0.788,-0.006,-183009.6,0.738,-0.005,1.458,7.05,0,-0.005,0,-0.009,-0.024,13.08,-1,0.7,100,0
"2023-12-12 04:51:00",98841,"",7999,2023,12,12,5,42,0,-0.0082,0.788,-0.006,-183009.6,0.738,-0.005,1.458,7.05,0,-0.005,0,-0.009,-0.024,13.08,-1,0.7,100,0
"2023-12-12 04:54:00",98842,"",7999,2023,12,12,5,48,0,-0.034,0.784,-0.023,-183018.8,0.734,-0.022,1.452,6.95,0,-0.022,0.001,-0.016,-0.031,13.09,-1,0.7,100,0
"2023-12-12 04:57:00",98843,"",7999,2023,12,12,5,48,0,-0.034,0.784,-0.023,-183018.8,0.734,-0.022,1.452,6.95,0,-0.022,0.001,-0.016,-0.031,13.09,-1,0.7,100,0
"2023-12-12 05:00:00",98844,"",7999,2023,12,12,5,54,0,-0.0241,0.783,-0.017,-183028.7,0.733,-0.016,1.449,7.12,0,-0.016,0.001,-0.021,-0.031,13.08,-1,0.7,100,0
"2023-12-12 05:03:00",98845,"",7999,2023,12,12,5,54,0,-0.0241,0.783,-0.017,-183028.7,0.733,-0.016,1.449,7.12,0,-0.016,0.001,-0.021,-0.031,13.08,-1,0.7,100,0
"2023-12-12 05:06:00",98846,"",7999,2023,12,12,6,0,0,-0.022,0.783,-0.015,-183036.9,0.733,-0.013,1.45,7.1,0,-0.013,0.001,-0.019,-0.028,13.08,-1,0.7,100,0
"2023-12-12 05:09:00",98847,"",7999,2023,12,12,6,0,0,-0.022,0.783,-0.015,-183036.9,0.733,-0.013,1.45,7.1,0,-0.013,0.001,-0.019,-0.028,13.08,-1,0.7,100,0
"2023-12-12 05:12:00",98848,"",7999,2023,12,12,6,6,0,-0.0373,0.78,-0.026,-183048.5,0.73,-0.024,1.443,7.1,0,-0.024,0.002,-0.012,-0.033,13.08,-1,0.7,100,0
"2023-12-12 05:15:00",98849,"",7999,2023,12,12,6,6,0,-0.0373,0.78,-0.026,-183048.5,0.73,-0.024,1.443,7.1,0,-0.024,0.002,-0.012,-0.033,13.08,-1,0.7,100,0
"2023-12-12 05:18:00",98850,"",7999,2023,12,12,6,12,0,-0.0112,0.774,-0.008,-183055.7,0.724,-0.006,1.433,7.15,0,-0.006,-0.001,0,-0.012,13.09,-1,0.7,100,0
"2023-12-12 05:21:00",98851,"",7999,2023,12,12,6,12,0,-0.0112,0.774,-0.008,-183055.7,0.724,-0.006,1.433,7.15,0,-0.006,-0.001,0,-0.012,13.09,-1,0.7,100,0
"2023-12-12 05:24:00",98852,"",7999,2023,12,12,6,18,0,-0.0161,0.768,-0.011,-183060.9,0.718,-0.01,1.422,7.1,0,-0.01,-0.001,-0.002,-0.014,13.08,-1,0.7,100,0
"2023-12-12 05:27:00",98853,"",7999,2023,12,12,6,18,0,-0.0161,0.768,-0.011,-183060.9,0.718,-0.01,1.422,7.1,0,-0.01,-0.001,-0.002,-0.014,13.08,-1,0.7,100,0
"2023-12-12 05:30:00",98854,"",7999,2023,12,12,6,24,0,-0.0306,0.758,-0.022,-183070.2,0.708,-0.021,1.402,7.09,0,-0.021,0.002,0,-0.033,13.08,-1,0.7,100,0
"2023-12-12 05:33:00",98855,"",7999,2023,12,12,6,24,0,-0.0306,0.758,-0.022,-183070.2,0.708,-0.021,1.402,7.09,0,-0.021,0.002,0,-0.033,13.08,-1,0.7,100,0
"2023-12-12 05:36:00",98856,"",7999,2023,12,12,6,30,0,-0.0264,0.748,-0.019,-183080.2,0.698,-0.017,1.385,7.11,0,-0.017,0.002,0,-0.031,13.08,-1,0.7,100,0
"2023-12-12 05:39:00",98857,"",7999,2023,12,12,6,30,0,-0.0264,0.748,-0.019,-183080.2,0.698,-0.017,1.385,7.11,0,-0.017,0.002,0,-0.031,13.08,-1,0.7,100,0
"2023-12-12 05:42:00",98858,"",7999,2023,12,12,6,36,0,-0.035,0.737,-0.026,-183091.8,0.687,-0.024,1.364,7.1,0,-0.024,0.002,-0.009,-0.038,13.08,-1,0.7,100,0
"2023-12-12 05:45:00",98859,"",7999,2023,12,12,6,36,0,-0.035,0.737,-0.026,-183091.8,0.687,-0.024,1.364,7.1,0,-0.024,0.002,-0.009,-0.038,13.08,-1,0.7,100,0
"2023-12-12 05:48:00",98860,"",7999,2023,12,12,6,42,0,-0.0242,0.728,-0.018,-183101.9,0.678,-0.017,1.347,7.12,0,-0.017,0.003,0,-0.019,13.08,-1,0.7,100,0
"2023-12-12 05:51:00",98861,"",7999,2023,12,12,6,42,0,-0.0242,0.728,-0.018,-183101.9,0.678,-0.017,1.347,7.12,0,-0.017,0.003,0,-0.019,13.08,-1,0.7,100,0
"2023-12-12 05:54:00",98862,"",7999,2023,12,12,6,48,0,-0.0286,0.722,-0.021,-183111.6,0.672,-0.021,1.336,7.11,0,-0.021,0.002,-0.009,-0.026,13.08,-1,0.7,100,0
"2023-12-12 05:57:00",98863,"",7999,2023,12,12,6,48,0,-0.0286,0.722,-0.021,-183111.6,0.672,-0.021,1.336,7.11,0,-0.021,0.002,-0.009,-0.026,13.08,-1,0.7,100,0
"2023-12-12 06:00:00",98864,"",7999,2023,12,12,6,54,0,-0.039,0.713,-0.03,-183124.4,0.663,-0.029,1.319,7.08,0,-0.029,0.001,-0.009,-0.031,13.08,-1,0.7,100,0
"2023-12-12 06:03:00",98865,"",7999,2023,12,12,6,54,0,-0.039,0.713,-0.03,-183124.4,0.663,-0.029,1.319,7.08,0,-0.029,0.001,-0.009,-0.031,13.08,-1,0.7,100,0
"2023-12-12 06:06:00",98866,"",7999,2023,12,12,7,0,0,-0.0449,0.7,-0.035,-183139.9,0.65,-0.034,1.295,7.09,0,-0.034,0.002,-0.012,-0.033,13.08,-1,0.7,100,0
"2023-12-12 06:09:00",98867,"",7999,2023,12,12,7,0,0,-0.0449,0.7,-0.035,-183139.9,0.65,-0.034,1.295,7.09,0,-0.034,0.002,-0.012,-0.033,13.08,-1,0.7,100,0
"2023-12-12 06:12:00",98868,"",7999,2023,12,12,7,6,0,-0.021,0.692,-0.016,-183150.4,0.642,-0.016,1.28,7.11,0,-0.016,0.001,-0.002,-0.024,13.08,-1,0.7,100,0
"2023-12-12 06:15:00",98869,"",7999,2023,12,12,7,6,0,-0.021,0.692,-0.016,-183150.4,0.642,-0.016,1.28,7.11,0,-0.016,0.001,-0.002,-0.024,13.08,-1,0.7,100,0
"2023-12-12 06:18:00",98870,"",7999,2023,12,12,7,12,0,-0.0248,0.684,-0.02,-183158.9,0.634,-0.018,1.266,7.1,0,-0.018,0.001,-0.005,-0.024,13.08,-1,0.7,100,0
"2023-12-12 06:21:00",98871,"",7999,2023,12,12,7,12,0,-0.0248,0.684,-0.02,-183158.9,0.634,-0.018,1.266,7.1,0,-0.018,0.001,-0.005,-0.024,13.08,-1,0.7,100,0
"2023-12-12 06:24:00",98872,"",7999,2023,12,12,7,18,0,-0.0273,0.67,-0.022,-183168.4,0.62,-0.021,1.239,7.06,0,-0.021,0.003,-0.007,-0.024,13.08,-1,0.7,100,0
"2023-12-12 06:27:00",98873,"",7999,2023,12,12,7,18,0,-0.0273,0.67,-0.022,-183168.4,0.62,-0.021,1.239,7.06,0,-0.021,0.003,-0.007,-0.024,13.08,-1,0.7,100,0
"2023-12-12 06:30:00",98874,"",7999,2023,12,12,7,24,0,-0.0259,0.663,-0.021,-183177.9,0.613,-0.021,1.227,7.1,0,-0.021,0.002,-0.005,-0.026,13.08,-1,0.7,100,0
"2023-12-12 06:33:00",98875,"",7999,2023,12,12,7,24,0,-0.0259,0.663,-0.021,-183177.9,0.613,-0.021,1.227,7.1,0,-0.021,0.002,-0.005,-0.026,13.08,-1,0.7,100,0
"2023-12-12 06:36:00",98876,"",7999,2023,12,12,7,30,0,-0.0205,0.652,-0.017,-183186,0.602,-0.017,1.208,7.05,0,-0.017,0.006,-0.014,-0.024,13.08,-1,0.7,100,0
"2023-12-12 06:39:00",98877,"",7999,2023,12,12,7,30,0,-0.0205,0.652,-0.017,-183186,0.602,-0.017,1.208,7.05,0,-0.017,0.006,-0.014,-0.024,13.08,-1,0.7,100,0
"2023-12-12 06:42:00",98878,"",7999,2023,12,12,7,36,0,-0.0198,0.647,-0.017,-183193.2,0.597,-0.015,1.197,7.05,0,-0.015,0.002,-0.005,-0.021,13.09,-1,0.7,100,0
"2023-12-12 06:45:00",98879,"",7999,2023,12,12,7,36,0,-0.0198,0.647,-0.017,-183193.2,0.597,-0.015,1.197,7.05,0,-0.015,0.002,-0.005,-0.021,13.09,-1,0.7,100,0
"2023-12-12 06:48:00",98880,"",7999,2023,12,12,7,42,0,-0.0216,0.65,-0.018,-183200.8,0.6,-0.017,1.203,7.05,0,-0.017,-0.001,-0.005,-0.019,13.08,-1,0.7,100,0
"2023-12-12 06:51:00",98881,"",7999,2023,12,12,7,42,0,-0.0216,0.65,-0.018,-183200.8,0.6,-0.017,1.203,7.05,0,-0.017,-0.001,-0.005,-0.019,13.08,-1,0.7,100,0
"2023-12-12 06:54:00",98882,"",7999,2023,12,12,7,48,0,-0.0148,0.653,-0.012,-183207,0.603,-0.012,1.208,7,0,-0.012,0.002,-0.002,-0.019,13.08,-1,0.7,100,0
"2023-12-12 06:57:00",98883,"",7999,2023,12,12,7,48,0,-0.0148,0.653,-0.012,-183207,0.603,-0.012,1.208,7,0,-0.012,0.002,-0.002,-0.019,13.08,-1,0.7,100,0
"2023-12-12 07:00:00",98884,"",7999,2023,12,12,7,54,0,-0.0061,0.652,-0.005,-183210.2,0.602,-0.005,1.206,6.94,0,-0.005,0.002,0,-0.014,13.08,-1,0.7,100,0
"2023-12-12 07:03:00",98885,"",7999,2023,12,12,7,54,0,-0.0061,0.652,-0.005,-183210.2,0.602,-0.005,1.206,6.94,0,-0.005,0.002,0,-0.014,13.08,-1,0.7,100,0
"2023-12-12 07:06:00",98886,"",7999,2023,12,12,8,0,0,-0.018,0.647,-0.015,-183215.3,0.597,-0.015,1.198,6.89,0,-0.015,0.001,0,-0.017,13.08,-1,0.7,100,0
"2023-12-12 07:09:00",98887,"",7999,2023,12,12,8,0,0,-0.018,0.647,-0.015,-183215.3,0.597,-0.015,1.198,6.89,0,-0.015,0.001,0,-0.017,13.08,-1,0.7,100,0
"2023-12-12 07:12:00",98888,"",7999,2023,12,12,8,6,0,-0.0288,0.642,-0.024,-183224.4,0.592,-0.023,1.188,6.84,0,-0.023,-0.003,0.005,-0.028,13.08,-1,0.7,100,0
"2023-12-12 07:15:00",98889,"",7999,2023,12,12,8,6,0,-0.0288,0.642,-0.024,-183224.4,0.592,-0.023,1.188,6.84,0,-0.023,-0.003,0.005,-0.028,13.08,-1,0.7,100,0
"2023-12-12 07:18:00",98890,"",7999,2023,12,12,8,12,0,-0.0129,0.642,-0.011,-183231,0.592,-0.01,1.188,6.88,0,-0.01,0.002,-0.002,-0.021,13.08,-1,0.7,100,0
"2023-12-12 07:21:00",98891,"",7999,2023,12,12,8,12,0,-0.0129,0.642,-0.011,-183231,0.592,-0.01,1.188,6.88,0,-0.01,0.002,-0.002,-0.021,13.08,-1,0.7,100,0
"2023-12-12 07:24:00",98892,"",7999,2023,12,12,8,18,0,-0.0147,0.637,-0.012,-183236.1,0.587,-0.012,1.179,6.81,0,-0.012,0.001,-0.014,-0.024,13.08,-1,0.7,100,0
"2023-12-12 07:27:00",98893,"",7999,2023,12,12,8,18,0,-0.0147,0.637,-0.012,-183236.1,0.587,-0.012,1.179,6.81,0,-0.012,0.001,-0.014,-0.024,13.08,-1,0.7,100,0
"2023-12-12 07:30:00",98894,"",7999,2023,12,12,8,24,0,-0.0193,0.634,-0.017,-183242.5,0.584,-0.015,1.173,6.71,0,-0.015,0.001,0,-0.014,13.08,-1,0.7,100,0
"2023-12-12 07:33:00",98895,"",7999,2023,12,12,8,24,0,-0.0193,0.634,-0.017,-183242.5,0.584,-0.015,1.173,6.71,0,-0.015,0.001,0,-0.014,13.08,-1,0.7,100,0
"2023-12-12 07:36:00",98896,"",7999,2023,12,12,8,30,0,-0.016,0.628,-0.014,-183248.7,0.578,-0.012,1.163,6.74,0,-0.012,0.001,-0.016,-0.028,13.08,-1,0.7,100,0
"2023-12-12 07:39:00",98897,"",7999,2023,12,12,8,30,0,-0.016,0.628,-0.014,-183248.7,0.578,-0.012,1.163,6.74,0,-0.012,0.001,-0.016,-0.028,13.08,-1,0.7,100,0
"2023-12-12 07:42:00",98898,"",7999,2023,12,12,8,36,0,-0.0151,0.627,-0.013,-183254.3,0.577,-0.011,1.16,6.76,0,-0.011,0.002,-0.007,-0.033,13.08,-1,0.7,100,0
"2023-12-12 07:45:00",98899,"",7999,2023,12,12,8,36,0,-0.0151,0.627,-0.013,-183254.3,0.577,-0.011,1.16,6.76,0,-0.011,0.002,-0.007,-0.033,13.08,-1,0.7,100,0
"2023-12-12 07:48:00",98900,"",7999,2023,12,12,8,42,0,-0.0092,0.623,-0.008,-183258.3,0.573,-0.006,1.153,6.66,0,-0.006,-0.001,-0.014,-0.033,13.08,-1,0.7,100,0
"2023-12-12 07:51:00",98901,"",7999,2023,12,12,8,42,0,-0.0092,0.623,-0.008,-183258.3,0.573,-0.006,1.153,6.66,0,-0.006,-0.001,-0.014,-0.033,13.08,-1,0.7,100,0
"2023-12-12 07:54:00",98902,"",7999,2023,12,12,8,48,0,-0.0129,0.612,-0.011,-183262.5,0.562,-0.01,1.132,6.63,0,-0.01,0.001,0,-0.021,13.08,-1,0.7,100,0
"2023-12-12 07:57:00",98903,"",7999,2023,12,12,8,48,0,-0.0129,0.612,-0.011,-183262.5,0.562,-0.01,1.132,6.63,0,-0.01,0.001,0,-0.021,13.08,-1,0.7,100,0
"2023-12-12 08:00:00",98904,"",7999,2023,12,12,8,54,0,-0.0235,0.602,-0.021,-183269.7,0.552,-0.019,1.115,6.69,0,-0.019,0.002,-0.012,-0.026,13.08,-1,0.7,100,0
"2023-12-12 08:03:00",98905,"",7999,2023,12,12,8,54,0,-0.0235,0.602,-0.021,-183269.7,0.552,-0.019,1.115,6.69,0,-0.019,0.002,-0.012,-0.026,13.08,-1,0.7,100,0
"2023-12-12 08:06:00",98906,"",7999,2023,12,12,9,0,0,-0.0145,0.597,-0.013,-183276,0.547,-0.012,1.104,6.73,0,-0.012,0,-0.012,-0.031,13.08,-1,0.7,100,0
"2023-12-12 08:09:00",98907,"",7999,2023,12,12,9,0,0,-0.0145,0.597,-0.013,-183276,0.547,-0.012,1.104,6.73,0,-0.012,0,-0.012,-0.031,13.08,-1,0.7,100,0
"2023-12-12 08:12:00",98908,"",7999,2023,12,12,9,6,0,-0.0055,0.586,-0.005,-183279.1,0.536,-0.005,1.085,6.73,0,-0.005,0.004,-0.028,-0.021,13.08,-1,0.7,100,0
"2023-12-12 08:15:00",98909,"",7999,2023,12,12,9,6,0,-0.0055,0.586,-0.005,-183279.1,0.536,-0.005,1.085,6.73,0,-0.005,0.004,-0.028,-0.021,13.08,-1,0.7,100,0
"2023-12-12 08:18:00",98910,"",7999,2023,12,12,9,12,0,-0.0126,0.581,-0.012,-183282.8,0.531,-0.011,1.075,6.73,0,-0.011,0.002,-0.014,-0.026,13.08,-1.1,0.7,100,0
"2023-12-12 08:21:00",98911,"",7999,2023,12,12,9,12,0,-0.0126,0.581,-0.012,-183282.8,0.531,-0.011,1.075,6.73,0,-0.011,0.002,-0.014,-0.026,13.08,-1.1,0.7,100,0
"2023-12-12 08:24:00",98912,"",7999,2023,12,12,9,18,0,-0.0181,0.575,-0.017,-183288.7,0.525,-0.016,1.064,6.67,0,-0.016,0.001,0,-0.031,13.08,-1.1,0.7,100,0
"2023-12-12 08:27:00",98913,"",7999,2023,12,12,9,18,0,-0.0181,0.575,-0.017,-183288.7,0.525,-0.016,1.064,6.67,0,-0.016,0.001,0,-0.031,13.08,-1.1,0.7,100,0
"2023-12-12 08:30:00",98914,"",7999,2023,12,12,9,24,0,-0.0193,0.567,-0.018,-183295.5,0.517,-0.017,1.05,6.72,0,-0.017,0.003,-0.012,-0.031,13.08,-1.1,0.7,100,0
"2023-12-12 08:33:00",98915,"",7999,2023,12,12,9,24,0,-0.0193,0.567,-0.018,-183295.5,0.517,-0.017,1.05,6.72,0,-0.017,0.003,-0.012,-0.031,13.08,-1.1,0.7,100,0
"2023-12-12 08:36:00",98916,"",7999,2023,12,12,9,30,0,-0.0178,0.561,-0.017,-183302.1,0.511,-0.016,1.038,6.73,0,-0.016,0.001,0.002,-0.026,13.08,-1.1,0.7,100,0
"2023-12-12 08:39:00",98917,"",7999,2023,12,12,9,30,0,-0.0178,0.561,-0.017,-183302.1,0.511,-0.016,1.038,6.73,0,-0.016,0.001,0.002,-0.026,13.08,-1.1,0.7,100,0
"2023-12-12 08:42:00",98918,"",7999,2023,12,12,9,36,0,-0.016,0.558,-0.016,-183308.1,0.508,-0.015,1.032,6.76,0,-0.015,0,-0.028,-0.021,13.08,-1.1,0.7,100,0
"2023-12-12 08:45:00",98919,"",7999,2023,12,12,9,36,0,-0.016,0.558,-0.016,-183308.1,0.508,-0.015,1.032,6.76,0,-0.015,0,-0.028,-0.021,13.08,-1.1,0.7,100,0
"2023-12-12 08:48:00",98920,"",7999,2023,12,12,9,42,0,-0.0142,0.553,-0.014,-183313.4,0.503,-0.012,1.024,6.74,0,-0.012,0.001,-0.028,-0.019,13.08,-1.2,0.7,100,0
"2023-12-12 08:51:00",98921,"",7999,2023,12,12,9,42,0,-0.0142,0.553,-0.014,-183313.4,0.503,-0.012,1.024,6.74,0,-0.012,0.001,-0.028,-0.019,13.08,-1.2,0.7,100,0
"2023-12-12 08:54:00",98922,"",7999,2023,12,12,9,48,0,-0.0132,0.55,-0.013,-183318.3,0.5,-0.012,1.017,6.73,0,-0.012,0.001,-0.033,-0.026,13.08,-1.2,0.7,100,0
"2023-12-12 08:57:00",98923,"",7999,2023,12,12,9,48,0,-0.0132,0.55,-0.013,-183318.3,0.5,-0.012,1.017,6.73,0,-0.012,0.001,-0.033,-0.026,13.08,-1.2,0.7,100,0
"2023-12-12 09:00:00",98924,"",7999,2023,12,12,9,54,0,-0.0121,0.546,-0.012,-183322.8,0.496,-0.011,1.01,6.75,0,-0.011,0.001,-0.019,-0.026,13.08,-1.4,0.6,100,0
"2023-12-12 09:03:00",98925,"",7999,2023,12,12,9,54,0,-0.0121,0.546,-0.012,-183322.8,0.496,-0.011,1.01,6.75,0,-0.011,0.001,-0.019,-0.026,13.08,-1.4,0.6,100,0
"2023-12-12 09:06:00",98926,"",7999,2023,12,12,10,0,0,-0.0268,0.542,-0.027,-183330.7,0.492,-0.027,1.003,6.74,0,-0.027,0.008,-0.021,-0.021,13.08,-1.4,0.5,100,0
"2023-12-12 09:09:00",98927,"",7999,2023,12,12,10,0,0,-0.0268,0.542,-0.027,-183330.7,0.492,-0.027,1.003,6.74,0,-0.027,0.008,-0.021,-0.021,13.08,-1.4,0.5,100,0
"2023-12-12 09:12:00",98928,"",7999,2023,12,12,10,6,0,-0.0102,0.543,-0.01,-183336.4,0.493,-0.008,1.005,6.78,0,-0.008,0.001,-0.028,-0.014,13.08,-1.5,0.5,100,0
"2023-12-12 09:15:00",98929,"",7999,2023,12,12,10,6,0,-0.0102,0.543,-0.01,-183336.4,0.493,-0.008,1.005,6.78,0,-0.008,0.001,-0.028,-0.014,13.08,-1.5,0.5,100,0
"2023-12-12 09:18:00",98930,"",7999,2023,12,12,10,12,0,-0.0078,0.547,-0.008,-183339.5,0.497,-0.006,1.012,6.77,0,-0.006,0.001,-0.026,-0.021,13.08,-1.5,0.5,100,0
"2023-12-12 09:21:00",98931,"",7999,2023,12,12,10,12,0,-0.0078,0.547,-0.008,-183339.5,0.497,-0.006,1.012,6.77,0,-0.006,0.001,-0.026,-0.021,13.08,-1.5,0.5,100,0
"2023-12-12 09:24:00",98932,"",7999,2023,12,12,10,18,0,-0.0078,0.551,-0.008,-183342.3,0.501,-0.006,1.02,6.81,0,-0.006,0.003,-0.009,-0.024,13.08,-1.5,0.5,100,0
"2023-12-12 09:27:00",98933,"",7999,2023,12,12,10,18,0,-0.0078,0.551,-0.008,-183342.3,0.501,-0.006,1.02,6.81,0,-0.006,0.003,-0.009,-0.024,13.08,-1.5,0.5,100,0
"2023-12-12 09:30:00",98934,"",7999,2023,12,12,10,24,0,-0.0106,0.551,-0.01,-183345.8,0.501,-0.01,1.019,6.83,0,-0.01,0.001,-0.016,-0.021,13.08,-1.5,0.5,100,0
"2023-12-12 09:33:00",98935,"",7999,2023,12,12,10,24,0,-0.0106,0.551,-0.01,-183345.8,0.501,-0.01,1.019,6.83,0,-0.01,0.001,-0.016,-0.021,13.08,-1.5,0.5,100,0
"2023-12-12 09:36:00",98936,"",7999,2023,12,12,10,30,0,-0.0139,0.54,-0.014,-183350.5,0.49,-0.013,1,6.83,0,-0.013,0.002,0,-0.024,13.09,-1.5,0.5,100,0
"2023-12-12 09:39:00",98937,"",7999,2023,12,12,10,30,0,-0.0139,0.54,-0.014,-183350.5,0.49,-0.013,1,6.83,0,-0.013,0.002,0,-0.024,13.09,-1.5,0.5,100,0
"2023-12-12 09:42:00",98938,"",7999,2023,12,12,10,36,0,-0.0144,0.544,-0.014,-183355.6,0.494,-0.013,1.007,6.88,0,-0.013,0.001,-0.019,-0.026,13.09,-1.6,0.5,100,0
"2023-12-12 09:45:00",98939,"",7999,2023,12,12,10,36,0,-0.0144,0.544,-0.014,-183355.6,0.494,-0.013,1.007,6.88,0,-0.013,0.001,-0.019,-0.026,13.09,-1.6,0.5,100,0
"2023-12-12 09:48:00",98940,"",7999,2023,12,12,10,42,0,-0.012,0.545,-0.012,-183360.3,0.495,-0.01,1.009,6.91,0,-0.01,0,-0.014,-0.031,13.09,-1.6,0.5,100,0
"2023-12-12 09:51:00",98941,"",7999,2023,12,12,10,42,0,-0.012,0.545,-0.012,-183360.3,0.495,-0.01,1.009,6.91,0,-0.01,0,-0.014,-0.031,13.09,-1.6,0.5,100,0
"2023-12-12 09:54:00",98942,"",7999,2023,12,12,10,48,0,-0.0083,0.551,-0.008,-183363.7,0.501,-0.007,1.02,6.89,0,-0.007,0.002,-0.002,-0.026,13.09,-1.6,0.5,100,0
"2023-12-12 09:57:00",98943,"",7999,2023,12,12,10,48,0,-0.0083,0.551,-0.008,-183363.7,0.501,-0.007,1.02,6.89,0,-0.007,0.002,-0.002,-0.026,13.09,-1.6,0.5,100,0
"2023-12-12 10:00:00",98944,"",7999,2023,12,12,10,54,0,-0.0118,0.551,-0.012,-183367.6,0.501,-0.011,1.021,6.9,0,-0.011,0,-0.007,-0.024,13.09,-1.8,0.5,100,0
"2023-12-12 10:03:00",98945,"",7999,2023,12,12,10,54,0,-0.0118,0.551,-0.012,-183367.6,0.501,-0.011,1.021,6.9,0,-0.011,0,-0.007,-0.024,13.09,-1.8,0.5,100,0
"2023-12-12 10:06:00",98946,"",7999,2023,12,12,11,0,0,-0.012,0.551,-0.012,-183371.9,0.501,-0.01,1.019,6.91,0,-0.01,0,-0.007,-0.019,13.09,-1.7,0.5,100,0
"2023-12-12 10:09:00",98947,"",7999,2023,12,12,11,0,0,-0.012,0.551,-0.012,-183371.9,0.501,-0.01,1.019,6.91,0,-0.01,0,-0.007,-0.019,13.09,-1.7,0.5,100,0
"2023-12-12 10:12:00",98948,"",7999,2023,12,12,11,6,0,-0.0092,0.557,-0.009,-183375.5,0.507,-0.007,1.031,6.96,0,-0.007,0.001,-0.014,-0.028,13.09,-1.7,0.6,100,0
"2023-12-12 10:15:00",98949,"",7999,2023,12,12,11,6,0,-0.0092,0.557,-0.009,-183375.5,0.507,-0.007,1.031,6.96,0,-0.007,0.001,-0.014,-0.028,13.09,-1.7,0.6,100,0
"2023-12-12 10:18:00",98950,"",7999,2023,12,12,11,12,0,-0.0131,0.556,-0.013,-183379.8,0.506,-0.011,1.029,6.99,0,-0.011,0.001,-0.005,-0.026,13.09,-1.8,0.6,100,0
"2023-12-12 10:21:00",98951,"",7999,2023,12,12,11,12,0,-0.0131,0.556,-0.013,-183379.8,0.506,-0.011,1.029,6.99,0,-0.011,0.001,-0.005,-0.026,13.09,-1.8,0.6,100,0
"2023-12-12 10:24:00",98952,"",7999,2023,12,12,11,18,0,-0.0144,0.557,-0.014,-183384.8,0.507,-0.013,1.03,6.97,0,-0.013,0.001,-0.019,-0.024,13.09,-1.7,0.6,100,0
"2023-12-12 10:27:00",98953,"",7999,2023,12,12,11,18,0,-0.0144,0.557,-0.014,-183384.8,0.507,-0.013,1.03,6.97,0,-0.013,0.001,-0.019,-0.024,13.09,-1.7,0.6,100,0
"2023-12-12 10:30:00",98954,"",7999,2023,12,12,11,24,0,-0.0094,0.562,-0.009,-183388.9,0.512,-0.008,1.04,6.97,0,-0.008,0.001,0.012,-0.017,13.09,-1.7,0.6,100,0
"2023-12-12 10:33:00",98955,"",7999,2023,12,12,11,24,0,-0.0094,0.562,-0.009,-183388.9,0.512,-0.008,1.04,6.97,0,-0.008,0.001,0.012,-0.017,13.09,-1.7,0.6,100,0
"2023-12-12 10:36:00",98956,"",7999,2023,12,12,11,30,0,-0.0105,0.566,-0.01,-183392.5,0.516,-0.008,1.048,6.96,0,-0.008,0.001,-0.016,-0.014,13.09,-1.7,0.6,100,0
"2023-12-12 10:39:00",98957,"",7999,2023,12,12,11,30,0,-0.0105,0.566,-0.01,-183392.5,0.516,-0.008,1.048,6.96,0,-0.008,0.001,-0.016,-0.014,13.09,-1.7,0.6,100,0
"2023-12-12 10:42:00",98958,"",7999,2023,12,12,11,36,0,-0.0061,0.573,-0.006,-183395.3,0.523,-0.005,1.061,6.99,0,-0.005,0,0,-0.028,13.09,-1.7,0.6,100,0
"2023-12-12 10:45:00",98959,"",7999,2023,12,12,11,36,0,-0.0061,0.573,-0.006,-183395.3,0.523,-0.005,1.061,6.99,0,-0.005,0,0,-0.028,13.09,-1.7,0.6,100,0
"2023-12-12 10:48:00",98960,"",7999,2023,12,12,11,42,0,-0.0086,0.583,-0.008,-183398.1,0.533,-0.007,1.079,6.98,0,-0.007,0,-0.005,-0.028,13.09,-1.7,0.6,100,0
"2023-12-12 10:51:00",98961,"",7999,2023,12,12,11,42,0,-0.0086,0.583,-0.008,-183398.1,0.533,-0.007,1.079,6.98,0,-0.007,0,-0.005,-0.028,13.09,-1.7,0.6,100,0
"2023-12-12 10:54:00",98962,"",7999,2023,12,12,11,48,0,0.0017,0.589,0.002,-183398.7,0.539,0.002,1.09,6.96,0,0.002,0.001,-0.026,-0.021,13.09,-1.7,0.6,100,0
"2023-12-12 10:57:00",98963,"",7999,2023,12,12,11,48,0,0.0017,0.589,0.002,-183398.7,0.539,0.002,1.09,6.96,0,0.002,0.001,-0.026,-0.021,13.09,-1.7,0.6,100,0
"2023-12-12 11:00:00",98964,"",7999,2023,12,12,11,54,0,-0.0016,0.597,-0.002,-183398.9,0.547,0,1.105,6.95,0,0,0,-0.005,-0.021,13.09,-1.8,0.6,100,0
"2023-12-12 11:03:00",98965,"",7999,2023,12,12,11,54,0,-0.0016,0.597,-0.002,-183398.9,0.547,0,1.105,6.95,0,0,0,-0.005,-0.021,13.09,-1.8,0.6,100,0
"2023-12-12 11:06:00",98966,"",7999,2023,12,12,12,0,0,-0.0049,0.606,-0.004,-183400.3,0.556,-0.004,1.122,6.95,0,-0.004,0.001,-0.026,-0.033,13.09,-1.7,0.6,100,0
"2023-12-12 11:09:00",98967,"",7999,2023,12,12,12,0,0,-0.0049,0.606,-0.004,-183400.3,0.556,-0.004,1.122,6.95,0,-0.004,0.001,-0.026,-0.033,13.09,-1.7,0.6,100,0
"2023-12-12 11:12:00",98968,"",7999,2023,12,12,12,6,0,-0.0032,0.619,-0.003,-183401.6,0.569,-0.001,1.146,6.92,0,-0.001,0.001,-0.002,-0.014,13.09,-1.8,0.6,100,0
"2023-12-12 11:15:00",98969,"",7999,2023,12,12,12,6,0,-0.0032,0.619,-0.003,-183401.6,0.569,-0.001,1.146,6.92,0,-0.001,0.001,-0.002,-0.014,13.09,-1.8,0.6,100,0
"2023-12-12 11:18:00",98970,"",7999,2023,12,12,12,12,0,-0.003,0.629,-0.003,-183402.8,0.579,-0.001,1.164,6.91,0,-0.001,-0.001,-0.021,-0.026,13.09,-1.8,0.6,100,0
"2023-12-12 11:21:00",98971,"",7999,2023,12,12,12,12,0,-0.003,0.629,-0.003,-183402.8,0.579,-0.001,1.164,6.91,0,-0.001,-0.001,-0.021,-0.026,13.09,-1.8,0.6,100,0
"2023-12-12 11:24:00",98972,"",7999,2023,12,12,12,18,0,0.0054,0.64,0.005,-183401.8,0.59,0.004,1.184,6.88,0,0.004,0.002,-0.009,-0.017,13.09,-1.7,0.7,100,0
"2023-12-12 11:27:00",98973,"",7999,2023,12,12,12,18,0,0.0054,0.64,0.005,-183401.8,0.59,0.004,1.184,6.88,0,0.004,0.002,-0.009,-0.017,13.09,-1.7,0.7,100,0
"2023-12-12 11:30:00",98974,"",7999,2023,12,12,12,24,0,0.0021,0.653,0.002,-183400.7,0.603,0.002,1.208,6.85,0,0.002,0.002,-0.016,-0.009,13.09,-1.8,0.7,100,0
"2023-12-12 11:33:00",98975,"",7999,2023,12,12,12,24,0,0.0021,0.653,0.002,-183400.7,0.603,0.002,1.208,6.85,0,0.002,0.002,-0.016,-0.009,13.09,-1.8,0.7,100,0
"2023-12-12 11:36:00",98976,"",7999,2023,12,12,12,30,0,0.0003,0.664,0,-183400.3,0.614,0,1.228,6.84,0,0,0,-0.026,-0.033,13.09,-1.7,0.7,100,0
"2023-12-12 11:39:00",98977,"",7999,2023,12,12,12,30,0,0.0003,0.664,0,-183400.3,0.614,0,1.228,6.84,0,0,0,-0.026,-0.033,13.09,-1.7,0.7,100,0
"2023-12-12 11:42:00",98978,"",7999,2023,12,12,12,36,0,-0.0067,0.669,-0.005,-183401.9,0.619,-0.005,1.237,6.85,0,-0.005,0.001,-0.005,-0.017,13.09,-1.8,0.7,100,0
"2023-12-12 11:45:00",98979,"",7999,2023,12,12,12,36,0,-0.0067,0.669,-0.005,-183401.9,0.619,-0.005,1.237,6.85,0,-0.005,0.001,-0.005,-0.017,13.09,-1.8,0.7,100,0
"2023-12-12 11:48:00",98980,"",7999,2023,12,12,12,42,0,-0.0071,0.677,-0.006,-183404.5,0.627,-0.006,1.253,6.84,0,-0.006,-0.003,-0.016,-0.017,13.09,-1.8,0.7,100,0
"2023-12-12 11:51:00",98981,"",7999,2023,12,12,12,42,0,-0.0071,0.677,-0.006,-183404.5,0.627,-0.006,1.253,6.84,0,-0.006,-0.003,-0.016,-0.017,13.09,-1.8,0.7,100,0
"2023-12-12 11:54:00",98982,"",7999,2023,12,12,12,48,0,0.0039,0.682,0.003,-183404.3,0.632,0.002,1.261,6.86,0,0.002,0,0.002,-0.024,13.09,-1.6,0.7,100,0
"2023-12-12 11:57:00",98983,"",7999,2023,12,12,12,48,0,0.0039,0.682,0.003,-183404.3,0.632,0.002,1.261,6.86,0,0.002,0,0.002,-0.024,13.09,-1.6,0.7,100,0
"2023-12-12 12:00:00",98984,"",7999,2023,12,12,12,54,0,-0.0046,0.689,-0.004,-183405,0.639,-0.004,1.274,6.85,0,-0.004,-0.003,-0.014,-0.019,13.09,-1.6,0.7,100,0
"2023-12-12 12:03:00",98985,"",7999,2023,12,12,12,54,0,-0.0046,0.689,-0.004,-183405,0.639,-0.004,1.274,6.85,0,-0.004,-0.003,-0.014,-0.019,13.09,-1.6,0.7,100,0
"2023-12-12 12:06:00",98986,"",7999,2023,12,12,13,0,0,-0.0025,0.692,-0.002,-183406.2,0.642,-0.001,1.28,6.81,0,-0.001,0.001,-0.016,-0.026,13.09,-1.6,0.7,100,0
"2023-12-12 12:09:00",98987,"",7999,2023,12,12,13,0,0,-0.0025,0.692,-0.002,-183406.2,0.642,-0.001,1.28,6.81,0,-0.001,0.001,-0.016,-0.026,13.09,-1.6,0.7,100,0
"2023-12-12 12:12:00",98988,"",7999,2023,12,12,13,6,0,0.002,0.698,0.002,-183406,0.648,0.001,1.291,6.86,0,0.001,-0.001,0.005,-0.017,13.09,-1.7,0.7,100,0
"2023-12-12 12:15:00",98989,"",7999,2023,12,12,13,6,0,0.002,0.698,0.002,-183406,0.648,0.001,1.291,6.86,0,0.001,-0.001,0.005,-0.017,13.09,-1.7,0.7,100,0
"2023-12-12 12:18:00",98990,"",7999,2023,12,12,13,12,0,0.0155,0.711,0.012,-183402,0.661,0.011,1.315,6.87,0,0.011,0,-0.012,-0.014,13.09,-1.6,0.7,100,0
"2023-12-12 12:21:00",98991,"",7999,2023,12,12,13,12,0,0.0155,0.711,0.012,-183402,0.661,0.011,1.315,6.87,0,0.011,0,-0.012,-0.014,13.09,-1.6,0.7,100,0
"2023-12-12 12:24:00",98992,"",7999,2023,12,12,13,18,0,0.0079,0.722,0.006,-183398.2,0.672,0.005,1.337,6.91,0,0.005,0,-0.023,-0.005,13.09,-1.5,0.8,100,0
"2023-12-12 12:27:00",98993,"",7999,2023,12,12,13,18,0,0.0079,0.722,0.006,-183398.2,0.672,0.005,1.337,6.91,0,0.005,0,-0.023,-0.005,13.09,-1.5,0.8,100,0
"2023-12-12 12:30:00",98994,"",7999,2023,12,12,13,24,0,0.0117,0.734,0.009,-183394.4,0.684,0.007,1.358,6.91,0,0.007,-0.001,-0.019,-0.019,13.09,-1.6,0.8,100,0
"2023-12-12 12:33:00",98995,"",7999,2023,12,12,13,24,0,0.0117,0.734,0.009,-183394.4,0.684,0.007,1.358,6.91,0,0.007,-0.001,-0.019,-0.019,13.09,-1.6,0.8,100,0
"2023-12-12 12:36:00",98996,"",7999,2023,12,12,13,30,0,0.0091,0.742,0.007,-183390.8,0.692,0.005,1.373,6.9,0,0.005,0.001,-0.028,-0.019,13.09,-1.6,0.8,100,0
"2023-12-12 12:39:00",98997,"",7999,2023,12,12,13,30,0,0.0091,0.742,0.007,-183390.8,0.692,0.005,1.373,6.9,0,0.005,0.001,-0.028,-0.019,13.09,-1.6,0.8,100,0
"2023-12-12 12:42:00",98998,"",7999,2023,12,12,13,36,0,-0.0041,0.754,-0.003,-183390.7,0.704,-0.001,1.396,6.98,0,-0.001,0.001,-0.042,-0.017,13.1,-1.5,0.8,100,0
"2023-12-12 12:45:00",98999,"",7999,2023,12,12,13,36,0,-0.0041,0.754,-0.003,-183390.7,0.704,-0.001,1.396,6.98,0,-0.001,0.001,-0.042,-0.017,13.1,-1.5,0.8,100,0
"2023-12-12 12:48:00",99000,"",7999,2023,12,12,13,42,0,0.0274,0.768,0.019,-183384.6,0.718,0.018,1.422,6.96,0,0.018,-0.001,0.007,0.005,13.1,-1.4,0.8,100,0
"2023-12-12 12:51:00",99001,"",7999,2023,12,12,13,42,0,0.0274,0.768,0.019,-183384.6,0.718,0.018,1.422,6.96,0,0.018,-0.001,0.007,0.005,13.1,-1.4,0.8,100,0
"2023-12-12 12:54:00",99002,"",7999,2023,12,12,13,48,0,0.0215,0.78,0.015,-183376.2,0.73,0.013,1.444,7.18,0,0.013,-0.001,-0.007,0.007,13.1,-1.3,0.7,100,0
"2023-12-12 12:57:00",99003,"",7999,2023,12,12,13,48,0,0.0215,0.78,0.015,-183376.2,0.73,0.013,1.444,7.18,0,0.013,-0.001,-0.007,0.007,13.1,-1.3,0.7,100,0
"2023-12-12 13:00:00",99004,"",7999,2023,12,12,13,54,0,0.0121,0.791,0.008,-183370.7,0.741,0.007,1.464,7.55,0,0.007,-0.001,-0.009,-0.009,13.1,-1.4,0.8,100,0
"2023-12-12 13:03:00",99005,"",7999,2023,12,12,13,54,0,0.0121,0.791,0.008,-183370.7,0.741,0.007,1.464,7.55,0,0.007,-0.001,-0.009,-0.009,13.1,-1.4,0.8,100,0
"2023-12-12 13:06:00",99006,"",7999,2023,12,12,14,0,0,0.0227,0.802,0.015,-183363.8,0.752,0.013,1.484,7.85,0,0.013,-0.001,0.002,0.005,13.1,-1.5,0.8,100,0
"2023-12-12 13:09:00",99007,"",7999,2023,12,12,14,0,0,0.0227,0.802,0.015,-183363.8,0.752,0.013,1.484,7.85,0,0.013,-0.001,0.002,0.005,13.1,-1.5,0.8,100,0
"2023-12-12 13:12:00",99008,"",7999,2023,12,12,14,6,0,0.0357,0.813,0.024,-183352.5,0.763,0.023,1.505,8.03,0,0.023,0.003,0.016,0.012,13.1,-1.4,0.9,100,0
"2023-12-12 13:15:00",99009,"",7999,2023,12,12,14,6,0,0.0357,0.813,0.024,-183352.5,0.763,0.023,1.505,8.03,0,0.023,0.003,0.016,0.012,13.1,-1.4,0.9,100,0
"2023-12-12 13:18:00",99010,"",7999,2023,12,12,14,12,0,0.0125,0.823,0.008,-183345.1,0.773,0.007,1.523,8.14,0,0.007,0.001,-0.014,-0.005,13.1,-1.3,0.9,100,0
"2023-12-12 13:21:00",99011,"",7999,2023,12,12,14,12,0,0.0125,0.823,0.008,-183345.1,0.773,0.007,1.523,8.14,0,0.007,0.001,-0.014,-0.005,13.1,-1.3,0.9,100,0
"2023-12-12 13:24:00",99012,"",7999,2023,12,12,14,18,0,0.0086,0.831,0.006,-183341.6,0.781,0.005,1.538,8.27,0,0.005,0.001,0.002,0,13.1,-1.4,0.9,100,0
"2023-12-12 13:27:00",99013,"",7999,2023,12,12,14,18,0,0.0086,0.831,0.006,-183341.6,0.781,0.005,1.538,8.27,0,0.005,0.001,0.002,0,13.1,-1.4,0.9,100,0
"2023-12-12 13:30:00",99014,"",7999,2023,12,12,14,24,0,-0.0073,0.839,-0.005,-183342.3,0.789,-0.004,1.552,8.4,0,-0.004,0.001,0,-0.019,13.1,-1.4,0.9,100,0
"2023-12-12 13:33:00",99015,"",7999,2023,12,12,14,24,0,-0.0073,0.839,-0.005,-183342.3,0.789,-0.004,1.552,8.4,0,-0.004,0.001,0,-0.019,13.1,-1.4,0.9,100,0
"2023-12-12 13:36:00",99016,"",7999,2023,12,12,14,30,0,0.0194,0.848,0.012,-183338.5,0.798,0.011,1.57,8.66,0,0.011,0,0.012,0.014,13.1,-1.3,0.9,100,0
"2023-12-12 13:39:00",99017,"",7999,2023,12,12,14,30,0,0.0194,0.848,0.012,-183338.5,0.798,0.011,1.57,8.66,0,0.011,0,0.012,0.014,13.1,-1.3,0.9,100,0
"2023-12-12 13:42:00",99018,"",7999,2023,12,12,14,36,0,0.0157,0.854,0.01,-183332.4,0.804,0.01,1.58,8.95,0,0.01,0,0.005,0,13.1,-1.3,0.9,100,0
"2023-12-12 13:45:00",99019,"",7999,2023,12,12,14,36,0,0.0157,0.854,0.01,-183332.4,0.804,0.01,1.58,8.95,0,0.01,0,0.005,0,13.1,-1.3,0.9,100,0
"2023-12-12 13:48:00",99020,"",7999,2023,12,12,14,42,0,0.0418,0.867,0.026,-183320.5,0.817,0.027,1.604,9.16,0,0.027,0,0.012,0.021,13.1,-1.3,0.9,100,0
"2023-12-12 13:51:00",99021,"",7999,2023,12,12,14,42,0,0.0418,0.867,0.026,-183320.5,0.817,0.027,1.604,9.16,0,0.027,0,0.012,0.021,13.1,-1.3,0.9,100,0
"2023-12-12 13:54:00",99022,"",7999,2023,12,12,14,48,0,0.0502,0.874,0.031,-183303.4,0.824,0.03,1.618,9.34,0,0.03,-0.003,0.023,0.04,13.1,-1.2,0.9,100,0
"2023-12-12 13:57:00",99023,"",7999,2023,12,12,14,48,0,0.0502,0.874,0.031,-183303.4,0.824,0.03,1.618,9.34,0,0.03,-0.003,0.023,0.04,13.1,-1.2,0.9,100,0
"2023-12-12 14:00:00",99024,"",7999,2023,12,12,14,54,0,-0.0043,0.883,-0.003,-183298.4,0.833,-0.001,1.635,9.49,0,-0.001,0.001,-0.009,-0.005,13.1,-1.3,0.9,100,0
"2023-12-12 14:03:00",99025,"",7999,2023,12,12,14,54,0,-0.0043,0.883,-0.003,-183298.4,0.833,-0.001,1.635,9.49,0,-0.001,0.001,-0.009,-0.005,13.1,-1.3,0.9,100,0
"2023-12-12 14:06:00",99026,"",7999,2023,12,12,15,0,0,0.0424,0.892,0.026,-183288.7,0.842,0.024,1.651,9.64,0,0.024,-0.001,0.005,0.007,13.1,-1.2,0.9,100,0
"2023-12-12 14:09:00",99027,"",7999,2023,12,12,15,0,0,0.0424,0.892,0.026,-183288.7,0.842,0.024,1.651,9.64,0,0.024,-0.001,0.005,0.007,13.1,-1.2,0.9,100,0
"2023-12-12 14:12:00",99028,"",7999,2023,12,12,15,6,0,0.0526,0.903,0.031,-183271,0.853,0.031,1.672,9.76,0,0.031,-0.001,0.023,0.026,13.1,-1.3,0.9,100,0
"2023-12-12 14:15:00",99029,"",7999,2023,12,12,15,6,0,0.0526,0.903,0.031,-183271,0.853,0.031,1.672,9.76,0,0.031,-0.001,0.023,0.026,13.1,-1.3,0.9,100,0
"2023-12-12 14:18:00",99030,"",7999,2023,12,12,15,12,0,0.0487,0.913,0.029,-183253,0.863,0.028,1.689,9.88,0,0.028,-0.002,0.014,0.026,13.1,-1.2,0.9,100,0
"2023-12-12 14:21:00",99031,"",7999,2023,12,12,15,12,0,0.0487,0.913,0.029,-183253,0.863,0.028,1.689,9.88,0,0.028,-0.002,0.014,0.026,13.1,-1.2,0.9,100,0
"2023-12-12 14:24:00",99032,"",7999,2023,12,12,15,18,0,0.0874,0.923,0.051,-183226.2,0.873,0.051,1.707,9.97,0,0.051,-0.004,0.037,0.04,13.11,-1.1,0.9,100,0
"2023-12-12 14:27:00",99033,"",7999,2023,12,12,15,18,0,0.0874,0.923,0.051,-183226.2,0.873,0.051,1.707,9.97,0,0.051,-0.004,0.037,0.04,13.11,-1.1,0.9,100,0
"2023-12-12 14:30:00",99034,"",7999,2023,12,12,15,24,0,0.0778,0.929,0.045,-183197,0.879,0.045,1.719,10.02,0,0.045,-0.003,0.042,0.038,13.11,-1.1,0.9,100,0
"2023-12-12 14:33:00",99035,"",7999,2023,12,12,15,24,0,0.0778,0.929,0.045,-183197,0.879,0.045,1.719,10.02,0,0.045,-0.003,0.042,0.038,13.11,-1.1,0.9,100,0
"2023-12-12 14:36:00",99036,"",7999,2023,12,12,15,30,0,0.0457,0.937,0.026,-183176.7,0.887,0.025,1.734,10.07,0,0.025,-0.002,0.016,0.021,13.11,-1.1,0.9,100,0
"2023-12-12 14:39:00",99037,"",7999,2023,12,12,15,30,0,0.0457,0.937,0.026,-183176.7,0.887,0.025,1.734,10.07,0,0.025,-0.002,0.016,0.021,13.11,-1.1,0.9,100,0
"2023-12-12 14:42:00",99038,"",7999,2023,12,12,15,36,0,0.0456,0.945,0.026,-183160.3,0.895,0.025,1.748,10.1,0,0.025,-0.003,0.028,0.002,13.11,-1.2,0.9,100,0
"2023-12-12 14:45:00",99039,"",7999,2023,12,12,15,36,0,0.0456,0.945,0.026,-183160.3,0.895,0.025,1.748,10.1,0,0.025,-0.003,0.028,0.002,13.11,-1.2,0.9,100,0
"2023-12-12 14:48:00",99040,"",7999,2023,12,12,15,42,0,0.0523,0.951,0.03,-183142.2,0.901,0.029,1.76,10.1,0,0.029,-0.002,0.028,0.014,13.11,-1.1,0.9,100,0
"2023-12-12 14:51:00",99041,"",7999,2023,12,12,15,42,0,0.0523,0.951,0.03,-183142.2,0.901,0.029,1.76,10.1,0,0.029,-0.002,0.028,0.014,13.11,-1.1,0.9,100,0
"2023-12-12 14:54:00",99042,"",7999,2023,12,12,15,48,0,0.0792,0.957,0.045,-183116.9,0.907,0.045,1.771,10.1,0,0.045,-0.002,0.037,0.04,13.1,-1.1,0.9,100,0
"2023-12-12 14:57:00",99043,"",7999,2023,12,12,15,48,0,0.0792,0.957,0.045,-183116.9,0.907,0.045,1.771,10.1,0,0.045,-0.002,0.037,0.04,13.1,-1.1,0.9,100,0
"2023-12-12 15:00:00",99044,"",7999,2023,12,12,15,54,0,0.0731,0.963,0.041,-183089.8,0.913,0.041,1.782,10.11,0,0.041,-0.002,0.033,0.036,13.11,-1.1,0.8,100,0
"2023-12-12 15:03:00",99045,"",7999,2023,12,12,15,54,0,0.0731,0.963,0.041,-183089.8,0.913,0.041,1.782,10.11,0,0.041,-0.002,0.033,0.036,13.11,-1.1,0.8,100,0
"2023-12-12 15:06:00",99046,"",7999,2023,12,12,16,0,0,0.0741,0.969,0.041,-183063.3,0.919,0.041,1.793,10.09,0,0.041,-0.003,0.028,0.036,13.11,-1,0.7,100,0
"2023-12-12 15:09:00",99047,"",7999,2023,12,12,16,0,0,0.0741,0.969,0.041,-183063.3,0.919,0.041,1.793,10.09,0,0.041,-0.003,0.028,0.036,13.11,-1,0.7,100,0
"2023-12-12 15:12:00",99048,"",7999,2023,12,12,16,6,0,0.0667,0.975,0.037,-183038.3,0.925,0.036,1.804,10.08,0,0.036,-0.002,0.028,0.009,13.11,-1,0.7,100,0
"2023-12-12 15:15:00",99049,"",7999,2023,12,12,16,6,0,0.0667,0.975,0.037,-183038.3,0.925,0.036,1.804,10.08,0,0.036,-0.002,0.028,0.009,13.11,-1,0.7,100,0
"2023-12-12 15:18:00",99050,"",7999,2023,12,12,16,12,0,-0.0146,0.974,-0.008,-183033.8,0.924,-0.007,1.802,10.07,0,-0.007,0,-0.002,-0.014,13.11,-1,0.7,100,0
"2023-12-12 15:21:00",99051,"",7999,2023,12,12,16,12,0,-0.0146,0.974,-0.008,-183033.8,0.924,-0.007,1.802,10.07,0,-0.007,0,-0.002,-0.014,13.11,-1,0.7,100,0
"2023-12-12 15:24:00",99052,"",7999,2023,12,12,16,18,0,0.0146,0.973,0.008,-183032.1,0.923,0.007,1.801,10.08,0,0.007,0,0,0.009,13.11,-1,0.7,100,0
"2023-12-12 15:27:00",99053,"",7999,2023,12,12,16,18,0,0.0146,0.973,0.008,-183032.1,0.923,0.007,1.801,10.08,0,0.007,0,0,0.009,13.11,-1,0.7,100,0
"2023-12-12 15:30:00",99054,"",7999,2023,12,12,16,24,0,0.0564,0.978,0.031,-183016.8,0.928,0.03,1.81,10.04,0,0.03,-0.004,0.016,0.021,13.11,-1,0.7,100,0
"2023-12-12 15:33:00",99055,"",7999,2023,12,12,16,24,0,0.0564,0.978,0.031,-183016.8,0.928,0.03,1.81,10.04,0,0.03,-0.004,0.016,0.021,13.11,-1,0.7,100,0
"2023-12-12 15:36:00",99056,"",7999,2023,12,12,16,30,0,0.0579,0.981,0.032,-182996.1,0.931,0.033,1.815,10.01,0,0.033,-0.003,0.016,0.031,13.11,-1,0.7,100,0
"2023-12-12 15:39:00",99057,"",7999,2023,12,12,16,30,0,0.0579,0.981,0.032,-182996.1,0.931,0.033,1.815,10.01,0,0.033,-0.003,0.016,0.031,13.11,-1,0.7,100,0
"2023-12-12 15:42:00",99058,"",7999,2023,12,12,16,36,0,0.1024,0.989,0.056,-182964.5,0.939,0.056,1.829,9.96,0,0.056,-0.004,0.037,0.054,13.11,-1,0.7,100,0
"2023-12-12 15:45:00",99059,"",7999,2023,12,12,16,36,0,0.1024,0.989,0.056,-182964.5,0.939,0.056,1.829,9.96,0,0.056,-0.004,0.037,0.054,13.11,-1,0.7,100,0
"2023-12-12 15:48:00",99060,"",7999,2023,12,12,16,42,0,0.0683,0.993,0.037,-182935.9,0.943,0.037,1.837,9.94,0,0.037,-0.003,0.03,0.043,13.11,-1,0.7,100,0
"2023-12-12 15:51:00",99061,"",7999,2023,12,12,16,42,0,0.0683,0.993,0.037,-182935.9,0.943,0.037,1.837,9.94,0,0.037,-0.003,0.03,0.043,13.11,-1,0.7,100,0
"2023-12-12 15:54:00",99062,"",7999,2023,12,12,16,48,0,-0.0094,0.99,-0.005,-182929.9,0.94,-0.006,1.831,9.93,0,-0.006,0.003,0.007,-0.007,13.11,-1,0.7,100,0
"2023-12-12 15:57:00",99063,"",7999,2023,12,12,16,48,0,-0.0094,0.99,-0.005,-182929.9,0.94,-0.006,1.831,9.93,0,-0.006,0.003,0.007,-0.007,13.11,-1,0.7,100,0
"2023-12-12 16:00:00",99064,"",7999,2023,12,12,16,54,0,0.0705,0.992,0.038,-182914.1,0.942,0.039,1.836,9.88,0,0.039,-0.003,0.028,0.045,13.11,-1,0.7,100,0
"2023-12-12 16:03:00",99065,"",7999,2023,12,12,16,54,0,0.0705,0.992,0.038,-182914.1,0.942,0.039,1.836,9.88,0,0.039,-0.003,0.028,0.045,13.11,-1,0.7,100,0
"2023-12-12 16:06:00",99066,"",7999,2023,12,12,17,0,0,0.0452,0.995,0.025,-182894.8,0.945,0.023,1.842,9.86,0,0.023,-0.001,0.007,0.021,13.11,-1,0.7,100,0
"2023-12-12 16:09:00",99067,"",7999,2023,12,12,17,0,0,0.0452,0.995,0.025,-182894.8,0.945,0.023,1.842,9.86,0,0.023,-0.001,0.007,0.021,13.11,-1,0.7,100,0
"2023-12-12 16:12:00",99068,"",7999,2023,12,12,17,6,0,0.0469,0.998,0.025,-182878.1,0.948,0.024,1.846,9.84,0,0.024,-0.002,0.028,0.019,13.11,-1,0.7,100,0
"2023-12-12 16:15:00",99069,"",7999,2023,12,12,17,6,0,0.0469,0.998,0.025,-182878.1,0.948,0.024,1.846,9.84,0,0.024,-0.002,0.028,0.019,13.11,-1,0.7,100,0
"2023-12-12 16:18:00",99070,"",7999,2023,12,12,17,12,0,0.0148,0.999,0.008,-182868.9,0.949,0.007,1.848,9.81,0,0.007,0,0.005,0.007,13.11,-1,0.7,100,0
"2023-12-12 16:21:00",99071,"",7999,2023,12,12,17,12,0,0.0148,0.999,0.008,-182868.9,0.949,0.007,1.848,9.81,0,0.007,0,0.005,0.007,13.11,-1,0.7,100,0
"2023-12-12 16:24:00",99072,"",7999,2023,12,12,17,18,0,-0.0098,0.996,-0.005,-182869.5,0.946,-0.005,1.843,9.79,0,-0.005,0.001,-0.007,-0.007,13.11,-1,0.7,100,0
"2023-12-12 16:27:00",99073,"",7999,2023,12,12,17,18,0,-0.0098,0.996,-0.005,-182869.5,0.946,-0.005,1.843,9.79,0,-0.005,0.001,-0.007,-0.007,13.11,-1,0.7,100,0
"2023-12-12 16:30:00",99074,"",7999,2023,12,12,17,24,0,0.0326,0.997,0.018,-182862.8,0.947,0.018,1.845,9.73,0,0.018,-0.003,0.023,0.031,13.11,-1,0.7,100,0
"2023-12-12 16:33:00",99075,"",7999,2023,12,12,17,24,0,0.0326,0.997,0.018,-182862.8,0.947,0.018,1.845,9.73,0,0.018,-0.003,0.023,0.031,13.11,-1,0.7,100,0
"2023-12-12 16:36:00",99076,"",7999,2023,12,12,17,30,0,0.0057,0.998,0.003,-182857.5,0.948,0.002,1.847,9.7,0,0.002,0,0,0.009,13.11,-1,0.7,100,0
"2023-12-12 16:39:00",99077,"",7999,2023,12,12,17,30,0,0.0057,0.998,0.003,-182857.5,0.948,0.002,1.847,9.7,0,0.002,0,0,0.009,13.11,-1,0.7,100,0
"2023-12-12 16:42:00",99078,"",7999,2023,12,12,17,36,0,-0.0082,0.997,-0.004,-182858.8,0.947,-0.004,1.845,9.65,0,-0.004,0.002,0.007,0.007,13.11,-1,0.7,100,0
"2023-12-12 16:45:00",99079,"",7999,2023,12,12,17,36,0,-0.0082,0.997,-0.004,-182858.8,0.947,-0.004,1.845,9.65,0,-0.004,0.002,0.007,0.007,13.11,-1,0.7,100,0
"2023-12-12 16:48:00",99080,"",7999,2023,12,12,17,42,0,0.0492,1,0.027,-182848,0.95,0.027,1.85,9.58,0,0.027,-0.002,0.023,0.028,13.11,-1,0.7,100,0
"2023-12-12 16:51:00",99081,"",7999,2023,12,12,17,42,0,0.0492,1,0.027,-182848,0.95,0.027,1.85,9.58,0,0.027,-0.002,0.023,0.028,13.11,-1,0.7,100,0
"2023-12-12 16:54:00",99082,"",7999,2023,12,12,17,48,0,-0.0055,1,-0.003,-182843.4,0.95,-0.002,1.851,9.57,0,-0.002,-0.001,-0.002,0,13.11,-1,0.7,100,0
"2023-12-12 16:57:00",99083,"",7999,2023,12,12,17,48,0,-0.0055,1,-0.003,-182843.4,0.95,-0.002,1.851,9.57,0,-0.002,-0.001,-0.002,0,13.11,-1,0.7,100,0
"2023-12-12 17:00:00",99084,"",7999,2023,12,12,17,54,0,-0.0416,0.997,-0.023,-182854.1,0.947,-0.022,1.845,9.56,0,-0.022,0.001,-0.023,-0.031,13.11,-1,0.7,100,0
"2023-12-12 17:03:00",99085,"",7999,2023,12,12,17,54,0,-0.0416,0.997,-0.023,-182854.1,0.947,-0.022,1.845,9.56,0,-0.022,0.001,-0.023,-0.031,13.11,-1,0.7,100,0
"2023-12-12 17:06:00",99086,"",7999,2023,12,12,18,0,0,-0.0456,0.994,-0.025,-182870,0.944,-0.023,1.84,9.54,0,-0.023,0.003,-0.019,-0.024,13.11,-1,0.7,100,0
"2023-12-12 17:09:00",99087,"",7999,2023,12,12,18,0,0,-0.0456,0.994,-0.025,-182870,0.944,-0.023,1.84,9.54,0,-0.023,0.003,-0.019,-0.024,13.11,-1,0.7,100,0
"2023-12-12 17:12:00",99088,"",7999,2023,12,12,18,6,0,-0.1149,0.987,-0.063,-182903.1,0.937,-0.063,1.826,9.59,0,-0.063,0.001,-0.046,-0.09,13.11,-1,0.7,100,0
"2023-12-12 17:15:00",99089,"",7999,2023,12,12,18,6,0,-0.1149,0.987,-0.063,-182903.1,0.937,-0.063,1.826,9.59,0,-0.063,0.001,-0.046,-0.09,13.11,-1,0.7,100,0
"2023-12-12 17:18:00",99090,"",7999,2023,12,12,18,12,0,-0.0851,0.982,-0.047,-182937.3,0.932,-0.047,1.817,9.58,0,-0.047,0.005,-0.04,-0.057,13.11,-1,0.7,100,0
"2023-12-12 17:21:00",99091,"",7999,2023,12,12,18,12,0,-0.0851,0.982,-0.047,-182937.3,0.932,-0.047,1.817,9.58,0,-0.047,0.005,-0.04,-0.057,13.11,-1,0.7,100,0
"2023-12-12 17:24:00",99092,"",7999,2023,12,12,18,18,0,-0.0633,0.979,-0.035,-182962.8,0.929,-0.034,1.811,9.53,0,-0.034,0.005,-0.016,-0.031,13.11,-1,0.7,100,0
"2023-12-12 17:27:00",99093,"",7999,2023,12,12,18,18,0,-0.0633,0.979,-0.035,-182962.8,0.929,-0.034,1.811,9.53,0,-0.034,0.005,-0.016,-0.031,13.11,-1,0.7,100,0
"2023-12-12 17:30:00",99094,"",7999,2023,12,12,18,24,0,-0.1012,0.972,-0.056,-182994.7,0.922,-0.056,1.798,9.5,0,-0.056,0.007,-0.04,-0.095,13.1,-1,0.7,100,0
"2023-12-12 17:33:00",99095,"",7999,2023,12,12,18,24,0,-0.1012,0.972,-0.056,-182994.7,0.922,-0.056,1.798,9.5,0,-0.056,0.007,-0.04,-0.095,13.1,-1,0.7,100,0
"2023-12-12 17:36:00",99096,"",7999,2023,12,12,18,30,0,-0.0458,0.967,-0.026,-183017.9,0.917,-0.024,1.789,9.45,0,-0.024,0.003,-0.005,-0.04,13.1,-1,0.7,100,0
"2023-12-12 17:39:00",99097,"",7999,2023,12,12,18,30,0,-0.0458,0.967,-0.026,-183017.9,0.917,-0.024,1.789,9.45,0,-0.024,0.003,-0.005,-0.04,13.1,-1,0.7,100,0
"2023-12-12 17:42:00",99098,"",7999,2023,12,12,18,36,0,-0.0723,0.963,-0.041,-183040.7,0.913,-0.039,1.782,9.5,0,-0.039,0.007,-0.007,-0.021,13.1,-1,0.7,100,0
"2023-12-12 17:45:00",99099,"",7999,2023,12,12,18,36,0,-0.0723,0.963,-0.041,-183040.7,0.913,-0.039,1.782,9.5,0,-0.039,0.007,-0.007,-0.021,13.1,-1,0.7,100,0
"2023-12-12 17:48:00",99100,"",7999,2023,12,12,18,42,0,-0.0468,0.958,-0.026,-183060.7,0.908,-0.025,1.773,9.46,0,-0.025,0.006,-0.005,-0.038,13.1,-1,0.7,100,0
"2023-12-12 17:51:00",99101,"",7999,2023,12,12,18,42,0,-0.0468,0.958,-0.026,-183060.7,0.908,-0.025,1.773,9.46,0,-0.025,0.006,-0.005,-0.038,13.1,-1,0.7,100,0
"2023-12-12 17:54:00",99102,"",7999,2023,12,12,18,48,0,-0.0119,0.957,-0.007,-183069.2,0.907,-0.005,1.77,9.48,0,-0.005,-0.002,0.016,0.002,13.1,-1,0.7,100,0
"2023-12-12 17:57:00",99103,"",7999,2023,12,12,18,48,0,-0.0119,0.957,-0.007,-183069.2,0.907,-0.005,1.77,9.48,0,-0.005,-0.002,0.016,0.002,13.1,-1,0.7,100,0
"2023-12-12 18:00:00",99104,"",7999,2023,12,12,18,54,0,-0.0753,0.951,-0.043,-183088.7,0.901,-0.041,1.76,9.41,0,-0.041,0.007,-0.028,-0.064,13.1,-1,0.7,100,0
"2023-12-12 18:03:00",99105,"",7999,2023,12,12,18,54,0,-0.0753,0.951,-0.043,-183088.7,0.901,-0.041,1.76,9.41,0,-0.041,0.007,-0.028,-0.064,13.1,-1,0.7,100,0
"2023-12-12 18:06:00",99106,"",7999,2023,12,12,19,0,0,-0.0227,0.947,-0.013,-183103.2,0.897,-0.011,1.752,9.43,0,-0.011,0.003,0.026,-0.012,13.1,-1,0.7,100,0
"2023-12-12 18:09:00",99107,"",7999,2023,12,12,19,0,0,-0.0227,0.947,-0.013,-183103.2,0.897,-0.011,1.752,9.43,0,-0.011,0.003,0.026,-0.012,13.1,-1,0.7,100,0
"2023-12-12 18:12:00",99108,"",7999,2023,12,12,19,6,0,-0.0447,0.942,-0.026,-183116.7,0.892,-0.024,1.743,9.46,0,-0.024,0.009,-0.009,-0.031,13.1,-1,0.7,100,0
"2023-12-12 18:15:00",99109,"",7999,2023,12,12,19,6,0,-0.0447,0.942,-0.026,-183116.7,0.892,-0.024,1.743,9.46,0,-0.024,0.009,-0.009,-0.031,13.1,-1,0.7,100,0
"2023-12-12 18:18:00",99110,"",7999,2023,12,12,19,12,0,-0.058,0.935,-0.034,-183136,0.885,-0.031,1.73,9.3,0,-0.031,0.005,0.002,-0.04,13.1,-1,0.7,100,0
"2023-12-12 18:21:00",99111,"",7999,2023,12,12,19,12,0,-0.058,0.935,-0.034,-183136,0.885,-0.031,1.73,9.3,0,-0.031,0.005,0.002,-0.04,13.1,-1,0.7,100,0
"2023-12-12 18:24:00",99112,"",7999,2023,12,12,19,18,0,-0.0339,0.933,-0.02,-183151.1,0.883,-0.018,1.726,9.43,0,-0.018,0.003,0.002,0,13.1,-1,0.7,100,0
"2023-12-12 18:27:00",99113,"",7999,2023,12,12,19,18,0,-0.0339,0.933,-0.02,-183151.1,0.883,-0.018,1.726,9.43,0,-0.018,0.003,0.002,0,13.1,-1,0.7,100,0
"2023-12-12 18:30:00",99114,"",7999,2023,12,12,19,24,0,-0.0758,0.933,-0.044,-183173.4,0.883,-0.042,1.726,9.44,8192,-0.042,0.007,-0.014,-0.047,13.1,-1,0.7,100,0
"2023-12-12 18:33:00",99115,"",7999,2023,12,12,19,24,0,-0.0758,0.933,-0.044,-183173.4,0.883,-0.042,1.726,9.44,8192,-0.042,0.007,-0.014,-0.047,13.1,-1,0.7,100,0
"2023-12-12 18:36:00",99116,"",7999,2023,12,12,19,30,0,-0.0578,0.922,-0.034,-183196.3,0.872,-0.031,1.706,9.45,0,-0.031,0.005,0,-0.014,13.1,-1,0.7,100,0
"2023-12-12 18:39:00",99117,"",7999,2023,12,12,19,30,0,-0.0578,0.922,-0.034,-183196.3,0.872,-0.031,1.706,9.45,0,-0.031,0.005,0,-0.014,13.1,-1,0.7,100,0
"2023-12-12 18:42:00",99118,"",7999,2023,12,12,19,36,0,-0.0559,0.918,-0.033,-183216.7,0.868,-0.03,1.699,9.47,0,-0.03,0.004,-0.014,-0.021,13.1,-1,0.7,100,0
"2023-12-12 18:45:00",99119,"",7999,2023,12,12,19,36,0,-0.0559,0.918,-0.033,-183216.7,0.868,-0.03,1.699,9.47,0,-0.03,0.004,-0.014,-0.021,13.1,-1,0.7,100,0
"2023-12-12 18:48:00",99120,"",7999,2023,12,12,19,42,0,-0.06,0.913,-0.036,-183237.8,0.863,-0.033,1.69,9.47,0,-0.033,0.004,0,-0.005,13.1,-1,0.7,100,0
"2023-12-12 18:51:00",99121,"",7999,2023,12,12,19,42,0,-0.06,0.913,-0.036,-183237.8,0.863,-0.033,1.69,9.47,0,-0.033,0.004,0,-0.005,13.1,-1,0.7,100,0
"2023-12-12 18:54:00",99122,"",7999,2023,12,12,19,48,0,-0.0592,0.909,-0.035,-183259.3,0.859,-0.033,1.682,9.47,0,-0.033,0.001,0.019,-0.007,13.1,-1,0.7,100,0
"2023-12-12 18:57:00",99123,"",7999,2023,12,12,19,48,0,-0.0592,0.909,-0.035,-183259.3,0.859,-0.033,1.682,9.47,0,-0.033,0.001,0.019,-0.007,13.1,-1,0.7,100,0
"2023-12-12 19:00:00",99124,"",7999,2023,12,12,19,54,0,-0.0685,0.903,-0.041,-183282.8,0.853,-0.037,1.671,9.47,0,-0.037,0.004,0.012,-0.012,13.1,-1,0.7,100,0
"2023-12-12 19:03:00",99125,"",7999,2023,12,12,19,54,0,-0.0685,0.903,-0.041,-183282.8,0.853,-0.037,1.671,9.47,0,-0.037,0.004,0.012,-0.012,13.1,-1,0.7,100,0
"2023-12-12 19:06:00",99126,"",7999,2023,12,12,20,0,0,-0.0381,0.897,-0.023,-183300.2,0.847,-0.021,1.66,9.45,0,-0.021,0.004,-0.007,-0.007,13.1,-1,0.7,100,0
"2023-12-12 19:09:00",99127,"",7999,2023,12,12,20,0,0,-0.0381,0.897,-0.023,-183300.2,0.847,-0.021,1.66,9.45,0,-0.021,0.004,-0.007,-0.007,13.1,-1,0.7,100,0
"2023-12-12 19:12:00",99128,"",7999,2023,12,12,20,6,0,-0.0458,0.891,-0.028,-183315.8,0.841,-0.025,1.649,9.48,0,-0.025,0.005,0.028,-0.005,13.1,-1,0.7,100,0
"2023-12-12 19:15:00",99129,"",7999,2023,12,12,20,6,0,-0.0458,0.891,-0.028,-183315.8,0.841,-0.025,1.649,9.48,0,-0.025,0.005,0.028,-0.005,13.1,-1,0.7,100,0
"2023-12-12 19:18:00",99130,"",7999,2023,12,12,20,12,0,-0.0234,0.886,-0.014,-183326.9,0.836,-0.012,1.639,9.45,0,-0.012,0,0.002,0,13.1,-1,0.7,100,0
"2023-12-12 19:21:00",99131,"",7999,2023,12,12,20,12,0,-0.0234,0.886,-0.014,-183326.9,0.836,-0.012,1.639,9.45,0,-0.012,0,0.002,0,13.1,-1,0.7,100,0
"2023-12-12 19:24:00",99132,"",7999,2023,12,12,20,18,0,-0.0097,0.88,-0.006,-183332.1,0.83,-0.007,1.628,9.43,0,-0.007,0.007,0.005,-0.002,13.1,-1,0.7,100,0
"2023-12-12 19:27:00",99133,"",7999,2023,12,12,20,18,0,-0.0097,0.88,-0.006,-183332.1,0.83,-0.007,1.628,9.43,0,-0.007,0.007,0.005,-0.002,13.1,-1,0.7,100,0
"2023-12-12 19:30:00",99134,"",7999,2023,12,12,20,24,0,-0.0151,0.875,-0.009,-183336.9,0.825,-0.008,1.618,9.43,0,-0.008,0.004,-0.005,0.012,13.1,-1,0.7,100,0
"2023-12-12 19:33:00",99135,"",7999,2023,12,12,20,24,0,-0.0151,0.875,-0.009,-183336.9,0.825,-0.008,1.618,9.43,0,-0.008,0.004,-0.005,0.012,13.1,-1,0.7,100,0
"2023-12-12 19:36:00",99136,"",7999,2023,12,12,20,30,0,-0.0064,0.871,-0.004,-183340.3,0.821,-0.002,1.611,9.41,0,-0.002,0,-0.009,0.002,13.1,-1,0.7,100,0
"2023-12-12 19:39:00",99137,"",7999,2023,12,12,20,30,0,-0.0064,0.871,-0.004,-183340.3,0.821,-0.002,1.611,9.41,0,-0.002,0,-0.009,0.002,13.1,-1,0.7,100,0
"2023-12-12 19:42:00",99138,"",7999,2023,12,12,20,36,0,-0.0066,0.867,-0.004,-183342.6,0.817,-0.004,1.604,9.42,0,-0.004,0.003,0.009,-0.002,13.1,-1,0.7,100,0
"2023-12-12 19:45:00",99139,"",7999,2023,12,12,20,36,0,-0.0066,0.867,-0.004,-183342.6,0.817,-0.004,1.604,9.42,0,-0.004,0.003,0.009,-0.002,13.1,-1,0.7,100,0
"2023-12-12 19:48:00",99140,"",7999,2023,12,12,20,42,0,-0.0127,0.862,-0.008,-183346.5,0.812,-0.006,1.596,9.41,0,-0.006,-0.003,0.005,0,13.1,-1,0.7,100,0
"2023-12-12 19:51:00",99141,"",7999,2023,12,12,20,42,0,-0.0127,0.862,-0.008,-183346.5,0.812,-0.006,1.596,9.41,0,-0.006,-0.003,0.005,0,13.1,-1,0.7,100,0
"2023-12-12 19:54:00",99142,"",7999,2023,12,12,20,48,0,-0.0227,0.856,-0.014,-183353.4,0.806,-0.012,1.585,9.42,0,-0.012,0.002,-0.009,0.002,13.1,-1,0.7,100,0
"2023-12-12 19:57:00",99143,"",7999,2023,12,12,20,48,0,-0.0227,0.856,-0.014,-183353.4,0.806,-0.012,1.585,9.42,0,-0.012,0.002,-0.009,0.002,13.1,-1,0.7,100,0
"2023-12-12 20:00:00",99144,"",7999,2023,12,12,20,54,0,0.0019,0.857,0.001,-183355.7,0.807,0.002,1.585,9.39,8192,0.002,-0.002,0.005,0,13.1,-1,0.7,100,0
"2023-12-12 20:03:00",99145,"",7999,2023,12,12,20,54,0,0.0019,0.857,0.001,-183355.7,0.807,0.002,1.585,9.39,8192,0.002,-0.002,0.005,0,13.1,-1,0.7,100,0
"2023-12-12 20:06:00",99146,"",7999,2023,12,12,21,0,0,-0.018,0.85,-0.011,-183359.8,0.8,-0.01,1.573,9.42,0,-0.01,-0.001,-0.026,-0.009,13.1,-1,0.7,100,0
"2023-12-12 20:09:00",99147,"",7999,2023,12,12,21,0,0,-0.018,0.85,-0.011,-183359.8,0.8,-0.01,1.573,9.42,0,-0.01,-0.001,-0.026,-0.009,13.1,-1,0.7,100,0
"2023-12-12 20:12:00",99148,"",7999,2023,12,12,21,6,0,-0.0495,0.844,-0.032,-183373.8,0.794,-0.03,1.562,9.37,0,-0.03,0.002,0.002,-0.012,13.1,-1,0.7,100,0
"2023-12-12 20:15:00",99149,"",7999,2023,12,12,21,6,0,-0.0495,0.844,-0.032,-183373.8,0.794,-0.03,1.562,9.37,0,-0.03,0.002,0.002,-0.012,13.1,-1,0.7,100,0
"2023-12-12 20:18:00",99150,"",7999,2023,12,12,21,12,0,-0.0369,0.836,-0.024,-183388.7,0.786,-0.022,1.547,9.38,0,-0.022,0.002,0,0.007,13.1,-1,0.7,100,0
"2023-12-12 20:21:00",99151,"",7999,2023,12,12,21,12,0,-0.0369,0.836,-0.024,-183388.7,0.786,-0.022,1.547,9.38,0,-0.022,0.002,0,0.007,13.1,-1,0.7,100,0
"2023-12-12 20:24:00",99152,"",7999,2023,12,12,21,18,0,-0.0386,0.827,-0.025,-183402.4,0.777,-0.023,1.531,9.37,0,-0.023,0.003,-0.005,0.005,13.1,-1,0.7,100,0
"2023-12-12 20:27:00",99153,"",7999,2023,12,12,21,18,0,-0.0386,0.827,-0.025,-183402.4,0.777,-0.023,1.531,9.37,0,-0.023,0.003,-0.005,0.005,13.1,-1,0.7,100,0
"2023-12-12 20:30:00",99154,"",7999,2023,12,12,21,24,0,-0.0162,0.819,-0.011,-183410.9,0.769,-0.008,1.515,9.39,0,-0.008,0.001,0.012,0,13.09,-1,0.7,100,0
"2023-12-12 20:33:00",99155,"",7999,2023,12,12,21,24,0,-0.0162,0.819,-0.011,-183410.9,0.769,-0.008,1.515,9.39,0,-0.008,0.001,0.012,0,13.09,-1,0.7,100,0
"2023-12-12 20:36:00",99156,"",7999,2023,12,12,21,30,0,-0.0116,0.813,-0.008,-183415.7,0.763,-0.006,1.505,9.4,0,-0.006,-0.001,0.005,-0.005,13.1,-1,0.7,100,0
"2023-12-12 20:39:00",99157,"",7999,2023,12,12,21,30,0,-0.0116,0.813,-0.008,-183415.7,0.763,-0.006,1.505,9.4,0,-0.006,-0.001,0.005,-0.005,13.1,-1,0.7,100,0
"2023-12-12 20:42:00",99158,"",7999,2023,12,12,21,36,0,-0.0358,0.804,-0.024,-183425.7,0.754,-0.022,1.488,9.36,0,-0.022,0.006,0.012,-0.014,13.09,-1,0.7,100,0
"2023-12-12 20:45:00",99159,"",7999,2023,12,12,21,36,0,-0.0358,0.804,-0.024,-183425.7,0.754,-0.022,1.488,9.36,0,-0.022,0.006,0.012,-0.014,13.09,-1,0.7,100,0
"2023-12-12 20:48:00",99160,"",7999,2023,12,12,21,42,0,-0.0373,0.796,-0.025,-183439,0.746,-0.023,1.472,9.37,0,-0.023,0.004,0.007,-0.014,13.1,-1,0.7,100,0
"2023-12-12 20:51:00",99161,"",7999,2023,12,12,21,42,0,-0.0373,0.796,-0.025,-183439,0.746,-0.023,1.472,9.37,0,-0.023,0.004,0.007,-0.014,13.1,-1,0.7,100,0
"2023-12-12 20:54:00",99162,"",7999,2023,12,12,21,48,0,-0.03,0.795,-0.02,-183450.7,0.745,-0.018,1.471,9.32,8192,-0.018,0.001,0,0.005,13.1,-1,0.7,100,0
"2023-12-12 20:57:00",99163,"",7999,2023,12,12,21,48,0,-0.03,0.795,-0.02,-183450.7,0.745,-0.018,1.471,9.32,8192,-0.018,0.001,0,0.005,13.1,-1,0.7,100,0
"2023-12-12 21:00:00",99164,"",7999,2023,12,12,21,54,0,-0.0346,0.778,-0.024,-183462.6,0.728,-0.023,1.439,9.31,0,-0.023,-0.003,0.005,0,13.09,-1,0.7,100,0
"2023-12-12 21:03:00",99165,"",7999,2023,12,12,21,54,0,-0.0346,0.778,-0.024,-183462.6,0.728,-0.023,1.439,9.31,0,-0.023,-0.003,0.005,0,13.09,-1,0.7,100,0
"2023-12-12 21:06:00",99166,"",7999,2023,12,12,22,0,0,-0.0209,0.769,-0.015,-183471.8,0.719,-0.012,1.424,9.31,0,-0.012,-0.001,0.002,-0.005,13.09,-1,0.7,100,0
"2023-12-12 21:09:00",99167,"",7999,2023,12,12,22,0,0,-0.0209,0.769,-0.015,-183471.8,0.719,-0.012,1.424,9.31,0,-0.012,-0.001,0.002,-0.005,13.09,-1,0.7,100,0
"2023-12-12 21:12:00",99168,"",7999,2023,12,12,22,6,0,-0.0212,0.762,-0.015,-183479.4,0.712,-0.013,1.41,9.27,0,-0.013,0,-0.007,-0.007,13.09,-1,0.7,100,0
"2023-12-12 21:15:00",99169,"",7999,2023,12,12,22,6,0,-0.0212,0.762,-0.015,-183479.4,0.712,-0.013,1.41,9.27,0,-0.013,0,-0.007,-0.007,13.09,-1,0.7,100,0
"2023-12-12 21:18:00",99170,"",7999,2023,12,12,22,12,0,-0.0198,0.755,-0.014,-183486.7,0.705,-0.011,1.397,9.26,0,-0.011,0,0.012,0,13.09,-1,0.7,99,0
"2023-12-12 21:21:00",99171,"",7999,2023,12,12,22,12,0,-0.0198,0.755,-0.014,-183486.7,0.705,-0.011,1.397,9.26,0,-0.011,0,0.012,0,13.09,-1,0.7,99,0
"2023-12-12 21:24:00",99172,"",7999,2023,12,12,22,18,0,-0.0175,0.748,-0.013,-183493.3,0.698,-0.01,1.384,9.3,0,-0.01,0,-0.005,0,13.09,-1,0.7,100,0
"2023-12-12 21:27:00",99173,"",7999,2023,12,12,22,18,0,-0.0175,0.748,-0.013,-183493.3,0.698,-0.01,1.384,9.3,0,-0.01,0,-0.005,0,13.09,-1,0.7,100,0
"2023-12-12 21:30:00",99174,"",7999,2023,12,12,22,24,0,-0.0174,0.742,-0.013,-183499.6,0.692,-0.011,1.373,9.25,0,-0.011,-0.002,-0.007,0.007,13.09,-1,0.7,100,0
"2023-12-12 21:33:00",99175,"",7999,2023,12,12,22,24,0,-0.0174,0.742,-0.013,-183499.6,0.692,-0.011,1.373,9.25,0,-0.011,-0.002,-0.007,0.007,13.09,-1,0.7,100,0
"2023-12-12 21:36:00",99176,"",7999,2023,12,12,22,30,0,-0.003,0.742,-0.002,-183502.4,0.692,-0.001,1.372,9.25,8192,-0.001,0.001,0.007,0.007,13.09,-1,0.7,100,0
"2023-12-12 21:39:00",99177,"",7999,2023,12,12,22,30,0,-0.003,0.742,-0.002,-183502.4,0.692,-0.001,1.372,9.25,8192,-0.001,0.001,0.007,0.007,13.09,-1,0.7,100,0
"2023-12-12 21:42:00",99178,"",7999,2023,12,12,22,36,0,-0.0091,0.732,-0.007,-183505,0.682,-0.005,1.355,9.24,0,-0.005,-0.001,0.005,-0.002,13.09,-1,0.7,100,0
"2023-12-12 21:45:00",99179,"",7999,2023,12,12,22,36,0,-0.0091,0.732,-0.007,-183505,0.682,-0.005,1.355,9.24,0,-0.005,-0.001,0.005,-0.002,13.09,-1,0.7,100,0
"2023-12-12 21:48:00",99180,"",7999,2023,12,12,22,42,0,-0.008,0.726,-0.006,-183508,0.676,-0.004,1.344,9.22,0,-0.004,-0.002,-0.009,-0.005,13.09,-1,0.7,100,0
"2023-12-12 21:51:00",99181,"",7999,2023,12,12,22,42,0,-0.008,0.726,-0.006,-183508,0.676,-0.004,1.344,9.22,0,-0.004,-0.002,-0.009,-0.005,13.09,-1,0.7,100,0
"2023-12-12 21:54:00",99182,"",7999,2023,12,12,22,48,0,-0.0106,0.721,-0.008,-183511.5,0.671,-0.007,1.334,9.21,0,-0.007,-0.002,-0.014,0.002,13.09,-1,0.7,100,0
"2023-12-12 21:57:00",99183,"",7999,2023,12,12,22,48,0,-0.0106,0.721,-0.008,-183511.5,0.671,-0.007,1.334,9.21,0,-0.007,-0.002,-0.014,0.002,13.09,-1,0.7,100,0
"2023-12-12 22:00:00",99184,"",7999,2023,12,12,22,54,0,-0.0138,0.719,-0.01,-183516.1,0.669,-0.008,1.33,9.21,0,-0.008,0.002,0,0.002,13.09,-1,0.7,100,0
"2023-12-12 22:03:00",99185,"",7999,2023,12,12,22,54,0,-0.0138,0.719,-0.01,-183516.1,0.669,-0.008,1.33,9.21,0,-0.008,0.002,0,0.002,13.09,-1,0.7,100,0
"2023-12-12 22:06:00",99186,"",7999,2023,12,12,23,0,0,-0.0055,0.717,-0.004,-183519.1,0.667,-0.002,1.327,9.18,0,-0.002,0,0.002,-0.005,13.09,-1,0.7,100,0
"2023-12-12 22:09:00",99187,"",7999,2023,12,12,23,0,0,-0.0055,0.717,-0.004,-183519.1,0.667,-0.002,1.327,9.18,0,-0.002,0,0.002,-0.005,13.09,-1,0.7,100,0
"2023-12-12 22:12:00",99188,"",7999,2023,12,12,23,6,0,-0.0081,0.713,-0.006,-183521.7,0.663,-0.004,1.319,9.21,0,-0.004,-0.001,-0.005,-0.017,13.09,-1,0.7,100,0
"2023-12-12 22:15:00",99189,"",7999,2023,12,12,23,6,0,-0.0081,0.713,-0.006,-183521.7,0.663,-0.004,1.319,9.21,0,-0.004,-0.001,-0.005,-0.017,13.09,-1,0.7,100,0
"2023-12-12 22:18:00",99190,"",7999,2023,12,12,23,12,0,-0.0061,0.708,-0.005,-183524.2,0.658,-0.004,1.31,9.19,0,-0.004,-0.002,0,-0.002,13.09,-1,0.7,100,0
"2023-12-12 22:21:00",99191,"",7999,2023,12,12,23,12,0,-0.0061,0.708,-0.005,-183524.2,0.658,-0.004,1.31,9.19,0,-0.004,-0.002,0,-0.002,13.09,-1,0.7,100,0
"2023-12-12 22:24:00",99192,"",7999,2023,12,12,23,18,0,-0.0131,0.702,-0.01,-183528,0.652,-0.007,1.3,9.16,0,-0.007,0,-0.005,0.005,13.09,-1,0.7,100,0
"2023-12-12 22:27:00",99193,"",7999,2023,12,12,23,18,0,-0.0131,0.702,-0.01,-183528,0.652,-0.007,1.3,9.16,0,-0.007,0,-0.005,0.005,13.09,-1,0.7,100,0
"2023-12-12 22:30:00",99194,"",7999,2023,12,12,23,24,0,-0.0003,0.697,0,-183529.7,0.647,0,1.29,9.16,0,0,-0.001,-0.005,0.007,13.09,-1,0.7,100,0
"2023-12-12 22:33:00",99195,"",7999,2023,12,12,23,24,0,-0.0003,0.697,0,-183529.7,0.647,0,1.29,9.16,0,0,-0.001,-0.005,0.007,13.09,-1,0.7,100,0
"2023-12-12 22:36:00",99196,"",7999,2023,12,12,23,30,0,0.0007,0.695,0.001,-183529.6,0.645,0.001,1.285,9.13,0,0.001,0.001,-0.012,-0.007,13.09,-1,0.7,100,0
"2023-12-12 22:39:00",99197,"",7999,2023,12,12,23,30,0,0.0007,0.695,0.001,-183529.6,0.645,0.001,1.285,9.13,0,0.001,0.001,-0.012,-0.007,13.09,-1,0.7,100,0
"2023-12-12 22:42:00",99198,"",7999,2023,12,12,23,36,0,-0.0048,0.69,-0.004,-183530.6,0.64,-0.002,1.277,9.11,0,-0.002,0.001,-0.012,-0.005,13.09,-1,0.7,100,0
"2023-12-12 22:45:00",99199,"",7999,2023,12,12,23,36,0,-0.0048,0.69,-0.004,-183530.6,0.64,-0.002,1.277,9.11,0,-0.002,0.001,-0.012,-0.005,13.09,-1,0.7,100,0
"2023-12-12 22:48:00",99200,"",7999,2023,12,12,23,42,0,-0.0137,0.687,-0.011,-183534.5,0.637,-0.01,1.271,9.12,0,-0.01,-0.001,-0.009,0,13.09,-1,0.7,100,0
"2023-12-12 22:51:00",99201,"",7999,2023,12,12,23,42,0,-0.0137,0.687,-0.011,-183534.5,0.637,-0.01,1.271,9.12,0,-0.01,-0.001,-0.009,0,13.09,-1,0.7,100,0
"2023-12-12 22:54:00",99202,"",7999,2023,12,12,23,48,0,-0.0055,0.685,-0.004,-183537.5,0.635,-0.002,1.267,9.13,0,-0.002,-0.001,-0.028,-0.009,13.09,-1,0.7,100,0
"2023-12-12 22:57:00",99203,"",7999,2023,12,12,23,48,0,-0.0055,0.685,-0.004,-183537.5,0.635,-0.002,1.267,9.13,0,-0.002,-0.001,-0.028,-0.009,13.09,-1,0.7,100,0
"2023-12-12 23:00:00",99204,"",7999,2023,12,12,23,54,0,-0.01,0.683,-0.008,-183540.6,0.633,-0.006,1.264,9.09,0,-0.006,0.002,0,0.005,13.09,-1,0.7,100,0
"2023-12-12 23:03:00",99205,"",7999,2023,12,12,23,54,0,-0.01,0.683,-0.008,-183540.6,0.633,-0.006,1.264,9.09,0,-0.006,0.002,0,0.005,13.09,-1,0.7,100,0
"2023-12-12 23:06:00",99206,"",7999,2023,12,13,0,0,0,-0.0065,0.683,-0.005,-183543.3,0.633,-0.004,1.265,9.1,0,-0.004,0.002,-0.009,-0.005,13.09,-1,0.7,100,0
"2023-12-12 23:09:00",99207,"",7999,2023,12,13,0,0,0,-0.0065,0.683,-0.005,-183543.3,0.633,-0.004,1.265,9.1,0,-0.004,0.002,-0.009,-0.005,13.09,-1,0.7,100,0
"2023-12-12 23:12:00",99208,"",7999,2023,12,13,0,6,0,0.0003,0.683,0,-183544,0.633,0,1.264,9.09,0,0,-0.002,-0.009,-0.002,13.09,-1,0.7,100,0
"2023-12-12 23:15:00",99209,"",7999,2023,12,13,0,6,0,0.0003,0.683,0,-183544,0.633,0,1.264,9.09,0,0,-0.002,-0.009,-0.002,13.09,-1,0.7,100,0
"2023-12-12 23:18:00",99210,"",7999,2023,12,13,0,12,0,-0.0001,0.173,-0.001,-183544,0.123,-0.001,0.32,9.1,0,-0.001,0.016,0,0,13.09,-1,0.7,100,0
"2023-12-12 23:21:00",99211,"",7999,2023,12,13,0,12,0,-0.0001,0.173,-0.001,-183544,0.123,-0.001,0.32,9.1,0,-0.001,0.016,0,0,13.09,-1,0.7,100,0
"2023-12-12 23:24:00",99212,"",7999,2023,12,13,0,18,0,0.0034,0.173,0.011,-183543.2,0.123,0.011,0.32,9.09,8192,0.011,-0.004,0,0,13.09,-1,0.7,100,0
"2023-12-12 23:27:00",99213,"",7999,2023,12,13,0,18,0,0.0034,0.173,0.011,-183543.2,0.123,0.011,0.32,9.09,8192,0.011,-0.004,0,0,13.09,-1,0.7,100,0
"2023-12-12 23:30:00",99214,"",7999,2023,12,13,0,24,0,-0.0039,0.69,-0.003,-183543.8,0.64,-0.002,1.277,9.09,0,-0.002,0.004,0,0,13.09,-1,0.7,100,0
"2023-12-12 23:33:00",99215,"",7999,2023,12,13,0,24,0,-0.0039,0.69,-0.003,-183543.8,0.64,-0.002,1.277,9.09,0,-0.002,0.004,0,0,13.09,-1,0.7,100,0
"2023-12-12 23:36:00",99216,"",7999,2023,12,13,0,30,0,0.0146,0.692,0.011,-183540.7,0.642,0.012,1.28,9.1,0,0.012,0.005,-0.005,0.005,13.09,-1,0.7,100,0
"2023-12-12 23:39:00",99217,"",7999,2023,12,13,0,30,0,0.0146,0.692,0.011,-183540.7,0.642,0.012,1.28,9.1,0,0.012,0.005,-0.005,0.005,13.09,-1,0.7,100,0
"2023-12-12 23:42:00",99218,"",7999,2023,12,13,0,36,0,0.0034,0.693,0.003,-183538.1,0.643,0.002,1.282,9.09,0,0.002,0.001,-0.016,0,13.09,-1,0.7,100,0
"2023-12-12 23:45:00",99219,"",7999,2023,12,13,0,36,0,0.0034,0.693,0.003,-183538.1,0.643,0.002,1.282,9.09,0,0.002,0.001,-0.016,0,13.09,-1,0.7,100,0
"2023-12-12 23:48:00",99220,"",7999,2023,12,13,0,42,0,-0.0059,0.697,-0.005,-183539.1,0.647,-0.004,1.29,9.05,0,-0.004,0.001,0.002,0,13.09,-1,0.7,100,0
"2023-12-12 23:51:00",99221,"",7999,2023,12,13,0,42,0,-0.0059,0.697,-0.005,-183539.1,0.647,-0.004,1.29,9.05,0,-0.004,0.001,0.002,0,13.09,-1,0.7,100,0
"2023-12-12 23:54:00",99222,"",7999,2023,12,13,0,48,0,0.0036,0.702,0.003,-183539,0.652,0.002,1.299,8.91,0,0.002,0.001,-0.007,-0.014,13.09,-1,0.7,100,0
"2023-12-12 23:57:00",99223,"",7999,2023,12,13,0,48,0,0.0036,0.702,0.003,-183539,0.652,0.002,1.299,8.91,0,0.002,0.001,-0.007,-0.014,13.09,-1,0.7,100,0
"2023-12-13 00:00:00",99224,"",7999,2023,12,13,0,54,0,-0.0026,0.709,-0.002,-183539.2,0.659,-0.001,1.313,8.8,0,-0.001,-0.001,-0.002,-0.005,13.09,-1,0.7,100,0
"2023-12-13 00:03:00",99225,"",7999,2023,12,13,0,54,0,-0.0026,0.709,-0.002,-183539.2,0.659,-0.001,1.313,8.8,0,-0.001,-0.001,-0.002,-0.005,13.09,-1,0.7,100,0
"2023-12-13 00:06:00",99226,"",7999,2023,12,13,1,0,0,-0.0049,0.714,-0.004,-183540.7,0.664,-0.004,1.321,8.87,0,-0.004,-0.002,0.005,0.005,13.09,-1,0.7,100,0
"2023-12-13 00:09:00",99227,"",7999,2023,12,13,1,0,0,-0.0049,0.714,-0.004,-183540.7,0.664,-0.004,1.321,8.87,0,-0.004,-0.002,0.005,0.005,13.09,-1,0.7,100,0
"2023-12-13 00:12:00",99228,"",7999,2023,12,13,1,6,0,-0.0025,0.717,-0.002,-183541.9,0.667,-0.001,1.327,8.88,0,-0.001,-0.002,-0.014,0.007,13.09,-1,0.7,100,0
"2023-12-13 00:15:00",99229,"",7999,2023,12,13,1,6,0,-0.0025,0.717,-0.002,-183541.9,0.667,-0.001,1.327,8.88,0,-0.001,-0.002,-0.014,0.007,13.09,-1,0.7,100,0
"2023-12-13 00:18:00",99230,"",7999,2023,12,13,1,12,0,-0.0014,0.72,-0.001,-183542.5,0.67,-0.001,1.332,8.83,0,-0.001,0.003,0.009,-0.017,13.09,-1,0.7,100,0
"2023-12-13 00:21:00",99231,"",7999,2023,12,13,1,12,0,-0.0014,0.72,-0.001,-183542.5,0.67,-0.001,1.332,8.83,0,-0.001,0.003,0.009,-0.017,13.09,-1,0.7,100,0
"2023-12-13 00:24:00",99232,"",7999,2023,12,13,1,18,0,-0.0057,0.724,-0.004,-183544.1,0.674,-0.004,1.339,8.84,0,-0.004,-0.002,-0.033,-0.009,13.09,-1,0.7,100,0
"2023-12-13 00:27:00",99233,"",7999,2023,12,13,1,18,0,-0.0057,0.724,-0.004,-183544.1,0.674,-0.004,1.339,8.84,0,-0.004,-0.002,-0.033,-0.009,13.09,-1,0.7,100,0
"2023-12-13 00:30:00",99234,"",7999,2023,12,13,1,24,0,-0.0012,0.728,-0.001,-183545.1,0.678,0,1.348,8.76,0,0,0,0,-0.007,13.09,-1,0.7,100,0
"2023-12-13 00:33:00",99235,"",7999,2023,12,13,1,24,0,-0.0012,0.728,-0.001,-183545.1,0.678,0,1.348,8.76,0,0,0,0,-0.007,13.09,-1,0.7,100,0
"2023-12-13 00:36:00",99236,"",7999,2023,12,13,1,30,0,-0.0042,0.733,-0.003,-183546.3,0.683,-0.002,1.356,8.77,0,-0.002,0.001,0,-0.002,13.09,-1,0.7,100,0
"2023-12-13 00:39:00",99237,"",7999,2023,12,13,1,30,0,-0.0042,0.733,-0.003,-183546.3,0.683,-0.002,1.356,8.77,0,-0.002,0.001,0,-0.002,13.09,-1,0.7,100,0
"2023-12-13 00:42:00",99238,"",7999,2023,12,13,1,36,0,0.0006,0.734,0,-183546.6,0.684,0,1.357,8.82,0,0,0,-0.012,0.005,13.09,-1,0.7,100,0
"2023-12-13 00:45:00",99239,"",7999,2023,12,13,1,36,0,0.0006,0.734,0,-183546.6,0.684,0,1.357,8.82,0,0,0,-0.012,0.005,13.09,-1,0.7,100,0
"2023-12-13 00:48:00",99240,"",7999,2023,12,13,1,42,0,0.0104,0.733,0.008,-183544,0.683,0.008,1.357,8.8,8192,0.008,-0.006,-0.014,0,13.09,-1,0.7,100,0
"2023-12-13 00:51:00",99241,"",7999,2023,12,13,1,42,0,0.0104,0.733,0.008,-183544,0.683,0.008,1.357,8.8,8192,0.008,-0.006,-0.014,0,13.09,-1,0.7,100,0
"2023-12-13 00:54:00",99242,"",7999,2023,12,13,1,48,0,-0.0053,0.742,-0.004,-183544,0.692,-0.004,1.373,8.82,0,-0.004,-0.001,-0.028,-0.005,13.09,-1,0.7,100,0
"2023-12-13 00:57:00",99243,"",7999,2023,12,13,1,48,0,-0.0053,0.742,-0.004,-183544,0.692,-0.004,1.373,8.82,0,-0.004,-0.001,-0.028,-0.005,13.09,-1,0.7,100,0
"2023-12-13 01:00:00",99244,"",7999,2023,12,13,1,54,0,-0.0075,0.742,-0.005,-183546.5,0.692,-0.005,1.374,8.83,8192,-0.005,-0.002,-0.012,-0.017,13.09,-1,0.7,100,0
"2023-12-13 01:03:00",99245,"",7999,2023,12,13,1,54,0,-0.0075,0.742,-0.005,-183546.5,0.692,-0.005,1.374,8.83,8192,-0.005,-0.002,-0.012,-0.017,13.09,-1,0.7,100,0
"2023-12-13 01:06:00",99246,"",7999,2023,12,13,2,0,0,0.005,0.173,0.016,-183546.2,0.123,0.017,0.32,8.82,0,0.017,0.045,0,0,13.09,-1,0.7,100,0
"2023-12-13 01:09:00",99247,"",7999,2023,12,13,2,0,0,0.005,0.173,0.016,-183546.2,0.123,0.017,0.32,8.82,0,0.017,0.045,0,0,13.09,-1,0.7,100,0
"2023-12-13 01:12:00",99248,"",7999,2023,12,13,2,6,0,-0.0085,0.157,-0.029,-183547.6,0.107,-0.031,0.291,8.8,0,-0.031,0.011,0,0,13.09,-1,0.7,100,0
"2023-12-13 01:15:00",99249,"",7999,2023,12,13,2,6,0,-0.0085,0.157,-0.029,-183547.6,0.107,-0.031,0.291,8.8,0,-0.031,0.011,0,0,13.09,-1,0.7,100,0
"2023-12-13 01:18:00",99250,"",7999,2023,12,13,2,12,0,-0.0105,0.16,-0.036,-183551.2,0.11,-0.039,0.296,8.79,0,-0.039,0.019,0,0,13.09,-1,0.7,100,0
"2023-12-13 01:21:00",99251,"",7999,2023,12,13,2,12,0,-0.0105,0.16,-0.036,-183551.2,0.11,-0.039,0.296,8.79,0,-0.039,0.019,0,0,13.09,-1,0.7,100,0
"2023-12-13 01:24:00",99252,"",7999,2023,12,13,2,18,0,0.0031,0.16,0.011,-183551.7,0.11,0.011,0.296,8.79,8192,0.011,0.005,0,0,13.09,-1,0.7,100,0
"2023-12-13 01:27:00",99253,"",7999,2023,12,13,2,18,0,0.0031,0.16,0.011,-183551.7,0.11,0.011,0.296,8.79,8192,0.011,0.005,0,0,13.09,-1,0.7,100,0
"2023-12-13 01:30:00",99254,"",7999,2023,12,13,2,24,0,-0.0002,0.16,-0.001,-183551.4,0.11,-0.001,0.296,8.78,8192,-0.001,0.004,0,0,13.09,-1,0.7,100,0
"2023-12-13 01:33:00",99255,"",7999,2023,12,13,2,24,0,-0.0002,0.16,-0.001,-183551.4,0.11,-0.001,0.296,8.78,8192,-0.001,0.004,0,0,13.09,-1,0.7,100,0
"2023-12-13 01:36:00",99256,"",7999,2023,12,13,2,30,0,0.0062,0.768,0.004,-183550,0.718,0.004,1.421,8.79,0,0.004,-0.001,-0.002,0.002,13.09,-1,0.7,100,0
"2023-12-13 01:39:00",99257,"",7999,2023,12,13,2,30,0,0.0062,0.768,0.004,-183550,0.718,0.004,1.421,8.79,0,0.004,-0.001,-0.002,0.002,13.09,-1,0.7,100,0
"2023-12-13 01:42:00",99258,"",7999,2023,12,13,2,36,0,-0.0017,0.773,-0.001,-183549.6,0.723,-0.001,1.431,8.81,0,-0.001,0.001,-0.021,-0.005,13.09,-1,0.7,100,0
"2023-12-13 01:45:00",99259,"",7999,2023,12,13,2,36,0,-0.0017,0.773,-0.001,-183549.6,0.723,-0.001,1.431,8.81,0,-0.001,0.001,-0.021,-0.005,13.09,-1,0.7,100,0
"2023-12-13 01:48:00",99260,"",7999,2023,12,13,2,42,0,-0.0053,0.777,-0.004,-183551.1,0.727,-0.004,1.438,8.83,0,-0.004,-0.002,0.007,-0.007,13.09,-1,0.7,100,0
