"TOA5","GCREW_MARSH_OUTLET","CR1000X","27811","CR1000X.Std.05.01","CPU:GCREW_MARSH_OUTLET_v4-6_multiple instruments.CR1X","51805","SontekTable"
"TIMESTAMP","RECORD","SONTEK_ID","Sample_number","yyyy","MM","dd","hh","Minute","ss","Flowrate","Stage","Mean_velocity","Total_volume","Water_depth","Index_velocity","Cross_area","Water_temperature","System_status","Velocity_XZxc","Velocity_XZzc","Velocity_XZxL","Velocity_XZxR","Batt_Vol_Sontek","Pitch_angle","Roll_angle","Perc_submergance","IceScore"
"TS","RN","","","","","","","","","m","m","m/s","m3","m","m/s","m2","Celsius","unitless","m/s","m/s","m/s","m/s","volts","degrees","degrees","percent","integer"
"","","Smp","Smp","Smp","Smp","Smp","Smp","Smp","Smp","Smp","Smp","Smp","Smp","Smp","Smp","Smp","Smp","Smp","Smp","Smp","Smp","Smp","Smp","Smp","Smp","Smp","Smp"
"2026-01-14 23:54:00",139098,"",7999,2026,1,14,23,45,5,-0.0009,0.742,-0.001,-362849.3,0.692,0,1.373,7.91,0,0,0,-0.007,-0.009,13.16,-1.6,0.6,100,0
"2026-01-14 23:57:00",139099,"",7999,2026,1,14,23,51,5,-0.0036,0.742,-0.003,-362850.3,0.692,-0.001,1.373,7.9,0,-0.001,-0.001,-0.035,-0.012,13.16,-1.6,0.6,100,0
"2026-01-15 00:00:00",139100,"",7999,2026,1,14,23,51,5,-0.0036,0.742,-0.003,-362850.3,0.692,-0.001,1.373,7.9,0,-0.001,-0.001,-0.035,-0.012,13.16,-1.6,0.6,100,0
"2026-01-15 00:03:00",139101,"",7999,2026,1,14,23,57,5,0,0.745,0,-362850.8,0.695,0,1.378,7.89,0,0,0,0.009,-0.012,13.16,-1.6,0.6,100,0
"2026-01-15 00:06:00",139102,"",7999,2026,1,14,23,57,5,0,0.745,0,-362850.8,0.695,0,1.378,7.89,0,0,0,0.009,-0.012,13.16,-1.6,0.6,100,0
"2026-01-15 00:09:00",139103,"",7999,2026,1,15,0,3,5,0,0.751,0,-362850.7,0.701,0,1.39,7.85,0,0,-0.001,0.005,-0.033,13.16,-1.6,0.6,100,0
"2026-01-15 00:12:00",139104,"",7999,2026,1,15,0,3,5,0,0.751,0,-362850.7,0.701,0,1.39,7.85,0,0,-0.001,0.005,-0.033,13.16,-1.6,0.6,100,0
"2026-01-15 00:15:00",139105,"",7999,2026,1,15,0,9,5,0.0062,0.758,0.004,-362849.2,0.708,0.004,1.402,7.84,0,0.004,0.001,0.014,-0.007,13.16,-1.6,0.6,100,0
"2026-01-15 00:18:00",139106,"",7999,2026,1,15,0,9,5,0.0062,0.758,0.004,-362849.2,0.708,0.004,1.402,7.84,0,0.004,0.001,0.014,-0.007,13.16,-1.6,0.6,100,0
"2026-01-15 00:21:00",139107,"",7999,2026,1,15,0,15,5,0.0104,0.762,0.007,-362846,0.712,0.006,1.411,7.87,0,0.006,-0.001,-0.019,-0.005,13.16,-1.6,0.6,100,0
"2026-01-15 00:24:00",139108,"",7999,2026,1,15,0,15,5,0.0104,0.762,0.007,-362846,0.712,0.006,1.411,7.87,0,0.006,-0.001,-0.019,-0.005,13.16,-1.6,0.6,100,0
"2026-01-15 00:27:00",139109,"",7999,2026,1,15,0,21,5,0.0079,0.762,0.006,-362842.8,0.712,0.006,1.411,7.84,0,0.006,0.003,0.007,-0.019,13.16,-1.6,0.6,100,0
"2026-01-15 00:30:00",139110,"",7999,2026,1,15,0,21,5,0.0079,0.762,0.006,-362842.8,0.712,0.006,1.411,7.84,0,0.006,0.003,0.007,-0.019,13.16,-1.6,0.6,100,0
"2026-01-15 00:33:00",139111,"",7999,2026,1,15,0,27,5,0.003,0.762,0.002,-362841.1,0.712,0.001,1.41,7.87,0,0.001,0.001,0.002,-0.002,13.16,-1.6,0.6,100,0
"2026-01-15 00:36:00",139112,"",7999,2026,1,15,0,27,5,0.003,0.762,0.002,-362841.1,0.712,0.001,1.41,7.87,0,0.001,0.001,0.002,-0.002,13.16,-1.6,0.6,100,0
"2026-01-15 00:39:00",139113,"",7999,2026,1,15,0,33,5,-0.0039,0.764,-0.003,-362841.7,0.714,-0.002,1.414,7.85,0,-0.002,0.001,0.005,-0.007,13.16,-1.6,0.6,100,0
"2026-01-15 00:42:00",139114,"",7999,2026,1,15,0,33,5,-0.0039,0.764,-0.003,-362841.7,0.714,-0.002,1.414,7.85,0,-0.002,0.001,0.005,-0.007,13.16,-1.6,0.6,100,0
"2026-01-15 00:45:00",139115,"",7999,2026,1,15,0,39,5,0.0019,0.767,0.001,-362841.7,0.717,0,1.419,7.86,0,0,0,-0.005,-0.014,13.16,-1.6,0.6,100,0
"2026-01-15 00:48:00",139116,"",7999,2026,1,15,0,39,5,0.0019,0.767,0.001,-362841.7,0.717,0,1.419,7.86,0,0,0,-0.005,-0.014,13.16,-1.6,0.6,100,0
"2026-01-15 00:51:00",139117,"",7999,2026,1,15,0,45,5,-0.0048,0.766,-0.003,-362842.6,0.716,-0.002,1.418,7.84,0,-0.002,-0.001,-0.016,-0.014,13.16,-1.6,0.6,100,0
"2026-01-15 00:54:00",139118,"",7999,2026,1,15,0,45,5,-0.0048,0.766,-0.003,-362842.6,0.716,-0.002,1.418,7.84,0,-0.002,-0.001,-0.016,-0.014,13.16,-1.6,0.6,100,0
"2026-01-15 00:57:00",139119,"",7999,2026,1,15,0,51,5,-0.0222,0.766,-0.016,-362848.5,0.716,-0.015,1.417,7.85,0,-0.015,-0.001,-0.012,-0.026,13.16,-1.6,0.6,100,0
"2026-01-15 01:00:00",139120,"",7999,2026,1,15,0,51,5,-0.0222,0.766,-0.016,-362848.5,0.716,-0.015,1.417,7.85,0,-0.015,-0.001,-0.012,-0.026,13.16,-1.6,0.6,100,0
"2026-01-15 01:03:00",139121,"",7999,2026,1,15,0,57,5,-0.0071,0.768,-0.005,-362852.9,0.718,-0.004,1.422,7.82,0,-0.004,-0.002,0,-0.021,13.16,-1.6,0.6,100,0
"2026-01-15 01:06:00",139122,"",7999,2026,1,15,0,57,5,-0.0071,0.768,-0.005,-362852.9,0.718,-0.004,1.422,7.82,0,-0.004,-0.002,0,-0.021,13.16,-1.6,0.6,100,0
"2026-01-15 01:09:00",139123,"",7999,2026,1,15,1,3,5,0.0008,0.769,0.001,-362853.6,0.719,0,1.424,7.82,0,0,-0.001,-0.002,-0.031,13.16,-1.6,0.6,100,0
"2026-01-15 01:12:00",139124,"",7999,2026,1,15,1,3,5,0.0008,0.769,0.001,-362853.6,0.719,0,1.424,7.82,0,0,-0.001,-0.002,-0.031,13.16,-1.6,0.6,100,0
"2026-01-15 01:15:00",139125,"",7999,2026,1,15,1,9,5,0.0231,0.773,0.016,-362847.9,0.723,0.016,1.431,7.81,0,0.016,-0.002,0.009,0,13.16,-1.6,0.6,100,0
"2026-01-15 01:18:00",139126,"",7999,2026,1,15,1,9,5,0.0231,0.773,0.016,-362847.9,0.723,0.016,1.431,7.81,0,0.016,-0.002,0.009,0,13.16,-1.6,0.6,100,0
"2026-01-15 01:21:00",139127,"",7999,2026,1,15,1,15,5,0.0074,0.776,0.005,-362843.4,0.726,0.005,1.437,7.79,0,0.005,0.001,0.002,0,13.16,-1.6,0.6,100,0
"2026-01-15 01:24:00",139128,"",7999,2026,1,15,1,15,5,0.0074,0.776,0.005,-362843.4,0.726,0.005,1.437,7.79,0,0.005,0.001,0.002,0,13.16,-1.6,0.6,100,0
"2026-01-15 01:27:00",139129,"",7999,2026,1,15,1,21,5,0.0186,0.779,0.013,-362838,0.729,0.012,1.441,7.8,0,0.012,0.001,0.007,0,13.16,-1.6,0.6,100,0
"2026-01-15 01:30:00",139130,"",7999,2026,1,15,1,21,5,0.0186,0.779,0.013,-362838,0.729,0.012,1.441,7.8,0,0.012,0.001,0.007,0,13.16,-1.6,0.6,100,0
"2026-01-15 01:33:00",139131,"",7999,2026,1,15,1,27,5,0.0118,0.783,0.008,-362832.9,0.733,0.007,1.449,7.8,0,0.007,0,0,-0.007,13.16,-1.6,0.6,100,0
"2026-01-15 01:36:00",139132,"",7999,2026,1,15,1,27,5,0.0118,0.783,0.008,-362832.9,0.733,0.007,1.449,7.8,0,0.007,0,0,-0.007,13.16,-1.6,0.6,100,0
"2026-01-15 01:39:00",139133,"",7999,2026,1,15,1,33,5,-0.005,0.784,-0.003,-362832.7,0.734,-0.002,1.45,7.83,0,-0.002,-0.001,-0.007,-0.007,13.16,-1.6,0.6,100,0
"2026-01-15 01:42:00",139134,"",7999,2026,1,15,1,33,5,-0.005,0.784,-0.003,-362832.7,0.734,-0.002,1.45,7.83,0,-0.002,-0.001,-0.007,-0.007,13.16,-1.6,0.6,100,0
"2026-01-15 01:45:00",139135,"",7999,2026,1,15,1,39,5,0.0111,0.789,0.008,-362830.6,0.739,0.006,1.459,7.87,0,0.006,-0.001,0.016,0,13.16,-1.6,0.6,100,0
"2026-01-15 01:48:00",139136,"",7999,2026,1,15,1,39,5,0.0111,0.789,0.008,-362830.6,0.739,0.006,1.459,7.87,0,0.006,-0.001,0.016,0,13.16,-1.6,0.6,100,0
"2026-01-15 01:51:00",139137,"",7999,2026,1,15,1,45,5,-0.0012,0.792,-0.001,-362829.6,0.742,0,1.465,7.87,0,0,0,0,-0.012,13.16,-1.6,0.6,100,0
"2026-01-15 01:54:00",139138,"",7999,2026,1,15,1,45,5,-0.0012,0.792,-0.001,-362829.6,0.742,0,1.465,7.87,0,0,0,0,-0.012,13.16,-1.6,0.6,100,0
"2026-01-15 01:57:00",139139,"",7999,2026,1,15,1,51,5,0.0074,0.795,0.005,-362828,0.745,0.005,1.471,7.88,0,0.005,0.002,0.033,-0.012,13.16,-1.6,0.6,100,0
"2026-01-15 02:00:00",139140,"",7999,2026,1,15,1,51,5,0.0074,0.795,0.005,-362828,0.745,0.005,1.471,7.88,0,0.005,0.002,0.033,-0.012,13.16,-1.6,0.6,100,0
"2026-01-15 02:03:00",139141,"",7999,2026,1,15,1,57,5,-0.0043,0.797,-0.003,-362828.1,0.747,-0.002,1.475,7.88,0,-0.002,-0.001,0.002,-0.026,13.16,-1.6,0.6,100,0
"2026-01-15 02:06:00",139142,"",7999,2026,1,15,1,57,5,-0.0043,0.797,-0.003,-362828.1,0.747,-0.002,1.475,7.88,0,-0.002,-0.001,0.002,-0.026,13.16,-1.6,0.6,100,0
"2026-01-15 02:09:00",139143,"",7999,2026,1,15,2,3,5,-0.002,0.799,-0.001,-362829.1,0.749,-0.001,1.479,7.84,0,-0.001,-0.001,0.035,-0.026,13.16,-1.6,0.6,100,0
"2026-01-15 02:12:00",139144,"",7999,2026,1,15,2,3,5,-0.002,0.799,-0.001,-362829.1,0.749,-0.001,1.479,7.84,0,-0.001,-0.001,0.035,-0.026,13.16,-1.6,0.6,100,0
"2026-01-15 02:15:00",139145,"",7999,2026,1,15,2,9,5,-0.0101,0.799,-0.007,-362831.8,0.749,-0.006,1.479,7.79,0,-0.006,-0.002,0.005,-0.017,13.16,-1.6,0.6,100,0
"2026-01-15 02:18:00",139146,"",7999,2026,1,15,2,9,5,-0.0101,0.799,-0.007,-362831.8,0.749,-0.006,1.479,7.79,0,-0.006,-0.002,0.005,-0.017,13.16,-1.6,0.6,100,0
"2026-01-15 02:21:00",139147,"",7999,2026,1,15,2,15,5,-0.003,0.797,-0.002,-362833.8,0.747,-0.001,1.476,7.75,0,-0.001,-0.001,0.012,-0.017,13.16,-1.6,0.6,100,0
"2026-01-15 02:24:00",139148,"",7999,2026,1,15,2,15,5,-0.003,0.797,-0.002,-362833.8,0.747,-0.001,1.476,7.75,0,-0.001,-0.001,0.012,-0.017,13.16,-1.6,0.6,100,0
"2026-01-15 02:27:00",139149,"",7999,2026,1,15,2,21,5,-0.0048,0.792,-0.003,-362835.3,0.742,-0.002,1.466,7.76,0,-0.002,0,-0.016,-0.021,13.16,-1.6,0.6,100,0
"2026-01-15 02:30:00",139150,"",7999,2026,1,15,2,21,5,-0.0048,0.792,-0.003,-362835.3,0.742,-0.002,1.466,7.76,0,-0.002,0,-0.016,-0.021,13.16,-1.6,0.6,100,0
"2026-01-15 02:33:00",139151,"",7999,2026,1,15,2,27,5,-0.0038,0.79,-0.003,-362836.8,0.74,-0.001,1.463,7.73,0,-0.001,0.001,-0.007,0,13.16,-1.6,0.6,100,0
"2026-01-15 02:36:00",139152,"",7999,2026,1,15,2,27,5,-0.0038,0.79,-0.003,-362836.8,0.74,-0.001,1.463,7.73,0,-0.001,0.001,-0.007,0,13.16,-1.6,0.6,100,0
"2026-01-15 02:39:00",139153,"",7999,2026,1,15,2,33,5,-0.0145,0.785,-0.01,-362840.8,0.735,-0.01,1.453,7.74,0,-0.01,0.002,-0.012,-0.021,13.16,-1.6,0.6,100,0
"2026-01-15 02:42:00",139154,"",7999,2026,1,15,2,33,5,-0.0145,0.785,-0.01,-362840.8,0.735,-0.01,1.453,7.74,0,-0.01,0.002,-0.012,-0.021,13.16,-1.6,0.6,100,0
"2026-01-15 02:45:00",139155,"",7999,2026,1,15,2,39,5,-0.0217,0.78,-0.015,-362847.7,0.73,-0.015,1.444,7.78,0,-0.015,0.002,-0.026,-0.033,13.16,-1.6,0.6,100,0
"2026-01-15 02:48:00",139156,"",7999,2026,1,15,2,39,5,-0.0217,0.78,-0.015,-362847.7,0.73,-0.015,1.444,7.78,0,-0.015,0.002,-0.026,-0.033,13.16,-1.6,0.6,100,0
"2026-01-15 02:51:00",139157,"",7999,2026,1,15,2,45,5,-0.0254,0.773,-0.018,-362856.4,0.723,-0.017,1.431,7.76,0,-0.017,0.001,-0.026,-0.033,13.16,-1.6,0.6,100,0
"2026-01-15 02:54:00",139158,"",7999,2026,1,15,2,45,5,-0.0254,0.773,-0.018,-362856.4,0.723,-0.017,1.431,7.76,0,-0.017,0.001,-0.026,-0.033,13.16,-1.6,0.6,100,0
"2026-01-15 02:57:00",139159,"",7999,2026,1,15,2,51,5,-0.0199,0.768,-0.014,-362864.3,0.718,-0.013,1.421,7.76,0,-0.013,0.004,-0.007,-0.031,13.16,-1.6,0.6,100,0
"2026-01-15 03:00:00",139160,"",7999,2026,1,15,2,51,5,-0.0199,0.768,-0.014,-362864.3,0.718,-0.013,1.421,7.76,0,-0.013,0.004,-0.007,-0.031,13.16,-1.6,0.6,100,0
"2026-01-15 03:03:00",139161,"",7999,2026,1,15,2,57,5,-0.0305,0.763,-0.022,-362874,0.713,-0.021,1.412,7.75,0,-0.021,0.001,-0.014,-0.031,13.16,-1.6,0.6,100,0
"2026-01-15 03:06:00",139162,"",7999,2026,1,15,2,57,5,-0.0305,0.763,-0.022,-362874,0.713,-0.021,1.412,7.75,0,-0.021,0.001,-0.014,-0.031,13.16,-1.6,0.6,100,0
"2026-01-15 03:09:00",139163,"",7999,2026,1,15,3,3,5,-0.0133,0.762,-0.009,-362880.9,0.712,-0.008,1.41,7.74,0,-0.008,0.001,-0.014,-0.012,13.16,-1.6,0.6,100,0
"2026-01-15 03:12:00",139164,"",7999,2026,1,15,3,3,5,-0.0133,0.762,-0.009,-362880.9,0.712,-0.008,1.41,7.74,0,-0.008,0.001,-0.014,-0.012,13.16,-1.6,0.6,100,0
"2026-01-15 03:15:00",139165,"",7999,2026,1,15,3,9,5,-0.0011,0.765,-0.001,-362882.8,0.715,-0.001,1.415,7.72,0,-0.001,0.001,0,-0.005,13.16,-1.6,0.6,100,0
"2026-01-15 03:18:00",139166,"",7999,2026,1,15,3,9,5,-0.0011,0.765,-0.001,-362882.8,0.715,-0.001,1.415,7.72,0,-0.001,0.001,0,-0.005,13.16,-1.6,0.6,100,0
"2026-01-15 03:21:00",139167,"",7999,2026,1,15,3,15,5,-0.0199,0.763,-0.014,-362887.7,0.713,-0.012,1.412,7.76,0,-0.012,0,-0.026,-0.026,13.16,-1.6,0.6,100,0
"2026-01-15 03:24:00",139168,"",7999,2026,1,15,3,15,5,-0.0199,0.763,-0.014,-362887.7,0.713,-0.012,1.412,7.76,0,-0.012,0,-0.026,-0.026,13.16,-1.6,0.6,100,0
"2026-01-15 03:27:00",139169,"",7999,2026,1,15,3,21,5,-0.0394,0.754,-0.028,-362899.5,0.704,-0.027,1.396,7.72,0,-0.027,-0.001,-0.026,-0.036,13.16,-1.6,0.6,100,0
"2026-01-15 03:30:00",139170,"",7999,2026,1,15,3,21,5,-0.0394,0.754,-0.028,-362899.5,0.704,-0.027,1.396,7.72,0,-0.027,-0.001,-0.026,-0.036,13.16,-1.6,0.6,100,0
"2026-01-15 03:33:00",139171,"",7999,2026,1,15,3,27,5,-0.0053,0.749,-0.004,-362905.5,0.699,-0.002,1.386,7.7,0,-0.002,0,-0.021,-0.005,13.16,-1.6,0.6,100,0
"2026-01-15 03:36:00",139172,"",7999,2026,1,15,3,27,5,-0.0053,0.749,-0.004,-362905.5,0.699,-0.002,1.386,7.7,0,-0.002,0,-0.021,-0.005,13.16,-1.6,0.6,100,0
"2026-01-15 03:39:00",139173,"",7999,2026,1,15,3,33,5,-0.0187,0.741,-0.014,-362910.7,0.691,-0.013,1.372,7.71,0,-0.013,0.001,-0.016,-0.012,13.16,-1.6,0.6,100,0
"2026-01-15 03:42:00",139174,"",7999,2026,1,15,3,33,5,-0.0187,0.741,-0.014,-362910.7,0.691,-0.013,1.372,7.71,0,-0.013,0.001,-0.016,-0.012,13.16,-1.6,0.6,100,0
"2026-01-15 03:45:00",139175,"",7999,2026,1,15,3,39,5,-0.0103,0.735,-0.008,-362915.4,0.685,-0.006,1.359,7.7,0,-0.006,0.001,-0.002,-0.007,13.16,-1.6,0.6,100,0
"2026-01-15 03:48:00",139176,"",7999,2026,1,15,3,39,5,-0.0103,0.735,-0.008,-362915.4,0.685,-0.006,1.359,7.7,0,-0.006,0.001,-0.002,-0.007,13.16,-1.6,0.6,100,0
"2026-01-15 03:51:00",139177,"",7999,2026,1,15,3,45,5,-0.0248,0.731,-0.018,-362922.7,0.681,-0.018,1.353,7.69,0,-0.018,0,-0.026,-0.031,13.16,-1.6,0.6,100,0
"2026-01-15 03:54:00",139178,"",7999,2026,1,15,3,45,5,-0.0248,0.731,-0.018,-362922.7,0.681,-0.018,1.353,7.69,0,-0.018,0,-0.026,-0.031,13.16,-1.6,0.6,100,0
"2026-01-15 03:57:00",139179,"",7999,2026,1,15,3,51,5,-0.0338,0.724,-0.025,-362933.8,0.674,-0.024,1.341,7.71,0,-0.024,0.002,-0.021,-0.033,13.16,-1.6,0.6,100,0
"2026-01-15 04:00:00",139180,"",7999,2026,1,15,3,51,5,-0.0338,0.724,-0.025,-362933.8,0.674,-0.024,1.341,7.71,0,-0.024,0.002,-0.021,-0.033,13.16,-1.6,0.6,100,0
"2026-01-15 04:03:00",139181,"",7999,2026,1,15,3,57,5,-0.0206,0.721,-0.015,-362942.8,0.671,-0.015,1.334,7.72,0,-0.015,0.001,-0.009,-0.024,13.16,-1.6,0.6,100,0
"2026-01-15 04:06:00",139182,"",7999,2026,1,15,3,57,5,-0.0206,0.721,-0.015,-362942.8,0.671,-0.015,1.334,7.72,0,-0.015,0.001,-0.009,-0.024,13.16,-1.6,0.6,100,0
"2026-01-15 04:09:00",139183,"",7999,2026,1,15,4,3,5,-0.0402,0.71,-0.031,-362954.9,0.66,-0.029,1.314,7.72,0,-0.029,0.001,-0.026,-0.033,13.16,-1.6,0.6,100,0
"2026-01-15 04:12:00",139184,"",7999,2026,1,15,4,3,5,-0.0402,0.71,-0.031,-362954.9,0.66,-0.029,1.314,7.72,0,-0.029,0.001,-0.026,-0.033,13.16,-1.6,0.6,100,0
"2026-01-15 04:15:00",139185,"",7999,2026,1,15,4,9,5,-0.018,0.702,-0.014,-362964.1,0.652,-0.012,1.299,7.71,0,-0.012,0.002,-0.021,-0.014,13.16,-1.6,0.6,100,0
"2026-01-15 04:18:00",139186,"",7999,2026,1,15,4,9,5,-0.018,0.702,-0.014,-362964.1,0.652,-0.012,1.299,7.71,0,-0.012,0.002,-0.021,-0.014,13.16,-1.6,0.6,100,0
"2026-01-15 04:21:00",139187,"",7999,2026,1,15,4,15,5,-0.0292,0.688,-0.023,-362973.3,0.638,-0.022,1.273,7.7,0,-0.022,0,-0.021,-0.033,13.16,-1.6,0.6,100,0
"2026-01-15 04:24:00",139188,"",7999,2026,1,15,4,15,5,-0.0292,0.688,-0.023,-362973.3,0.638,-0.022,1.273,7.7,0,-0.022,0,-0.021,-0.033,13.16,-1.6,0.6,100,0
"2026-01-15 04:27:00",139189,"",7999,2026,1,15,4,21,5,-0.0229,0.675,-0.018,-362982.3,0.625,-0.017,1.249,7.75,0,-0.017,0.002,-0.005,-0.026,13.16,-1.6,0.6,100,0
"2026-01-15 04:30:00",139190,"",7999,2026,1,15,4,21,5,-0.0229,0.675,-0.018,-362982.3,0.625,-0.017,1.249,7.75,0,-0.017,0.002,-0.005,-0.026,13.16,-1.6,0.6,100,0
"2026-01-15 04:33:00",139191,"",7999,2026,1,15,4,27,5,-0.0079,0.666,-0.006,-362986.9,0.616,-0.005,1.232,7.73,0,-0.005,0.001,0,-0.014,13.16,-1.6,0.6,100,0
"2026-01-15 04:36:00",139192,"",7999,2026,1,15,4,27,5,-0.0079,0.666,-0.006,-362986.9,0.616,-0.005,1.232,7.73,0,-0.005,0.001,0,-0.014,13.16,-1.6,0.6,100,0
"2026-01-15 04:39:00",139193,"",7999,2026,1,15,4,33,5,-0.0116,0.659,-0.01,-362990.7,0.609,-0.008,1.219,7.73,0,-0.008,-0.001,0,-0.019,13.16,-1.6,0.6,100,0
"2026-01-15 04:42:00",139194,"",7999,2026,1,15,4,33,5,-0.0116,0.659,-0.01,-362990.7,0.609,-0.008,1.219,7.73,0,-0.008,-0.001,0,-0.019,13.16,-1.6,0.6,100,0
"2026-01-15 04:45:00",139195,"",7999,2026,1,15,4,39,5,-0.0073,0.659,-0.006,-362993.9,0.609,-0.006,1.22,7.72,0,-0.006,-0.001,-0.021,-0.019,13.16,-1.6,0.6,100,0
"2026-01-15 04:48:00",139196,"",7999,2026,1,15,4,39,5,-0.0073,0.659,-0.006,-362993.9,0.609,-0.006,1.22,7.72,0,-0.006,-0.001,-0.021,-0.019,13.16,-1.6,0.6,100,0
"2026-01-15 04:51:00",139197,"",7999,2026,1,15,4,45,5,0.0145,0.665,0.012,-362991.3,0.615,0.011,1.231,7.74,0,0.011,0.002,0.009,0,13.16,-1.6,0.6,100,0
"2026-01-15 04:54:00",139198,"",7999,2026,1,15,4,45,5,0.0145,0.665,0.012,-362991.3,0.615,0.011,1.231,7.74,0,0.011,0.002,0.009,0,13.16,-1.6,0.6,100,0
"2026-01-15 04:57:00",139199,"",7999,2026,1,15,4,51,5,-0.0153,0.65,-0.013,-362993.2,0.6,-0.012,1.204,7.72,0,-0.012,0.001,-0.007,-0.021,13.15,-1.6,0.6,100,0
"2026-01-15 05:00:00",139200,"",7999,2026,1,15,4,51,5,-0.0153,0.65,-0.013,-362993.2,0.6,-0.012,1.204,7.72,0,-0.012,0.001,-0.007,-0.021,13.15,-1.6,0.6,100,0
"2026-01-15 05:03:00",139201,"",7999,2026,1,15,4,57,5,-0.0159,0.649,-0.013,-362998.9,0.599,-0.012,1.202,7.72,0,-0.012,0.001,-0.007,-0.014,13.16,-1.6,0.6,100,0
"2026-01-15 05:06:00",139202,"",7999,2026,1,15,4,57,5,-0.0159,0.649,-0.013,-362998.9,0.599,-0.012,1.202,7.72,0,-0.012,0.001,-0.007,-0.014,13.16,-1.6,0.6,100,0
"2026-01-15 05:09:00",139203,"",7999,2026,1,15,5,3,5,-0.0071,0.663,-0.006,-363002.5,0.613,-0.005,1.227,7.68,0,-0.005,-0.001,-0.012,-0.007,13.15,-1.6,0.6,100,0
"2026-01-15 05:12:00",139204,"",7999,2026,1,15,5,3,5,-0.0071,0.663,-0.006,-363002.5,0.613,-0.005,1.227,7.68,0,-0.005,-0.001,-0.012,-0.007,13.15,-1.6,0.6,100,0
"2026-01-15 05:15:00",139205,"",7999,2026,1,15,5,9,5,0.0039,0.664,0.003,-363002.4,0.614,0.002,1.229,7.7,0,0.002,-0.001,-0.002,0,13.16,-1.6,0.6,100,0
"2026-01-15 05:18:00",139206,"",7999,2026,1,15,5,9,5,0.0039,0.664,0.003,-363002.4,0.614,0.002,1.229,7.7,0,0.002,-0.001,-0.002,0,13.16,-1.6,0.6,100,0
"2026-01-15 05:21:00",139207,"",7999,2026,1,15,5,15,5,-0.0182,0.657,-0.015,-363006.3,0.607,-0.013,1.217,7.73,0,-0.013,0.001,-0.007,-0.031,13.15,-1.6,0.6,100,0
"2026-01-15 05:24:00",139208,"",7999,2026,1,15,5,15,5,-0.0182,0.657,-0.015,-363006.3,0.607,-0.013,1.217,7.73,0,-0.013,0.001,-0.007,-0.031,13.15,-1.6,0.6,100,0
"2026-01-15 05:27:00",139209,"",7999,2026,1,15,5,21,5,-0.0159,0.649,-0.013,-363012.3,0.599,-0.012,1.202,7.74,0,-0.012,0,-0.019,-0.021,13.16,-1.6,0.6,100,0
"2026-01-15 05:30:00",139210,"",7999,2026,1,15,5,21,5,-0.0159,0.649,-0.013,-363012.3,0.599,-0.012,1.202,7.74,0,-0.012,0,-0.019,-0.021,13.16,-1.6,0.6,100,0
"2026-01-15 05:33:00",139211,"",7999,2026,1,15,5,27,5,-0.0079,0.632,-0.007,-363016.1,0.582,-0.005,1.169,7.7,0,-0.005,0.001,0,-0.017,13.16,-1.6,0.6,100,0
"2026-01-15 05:36:00",139212,"",7999,2026,1,15,5,27,5,-0.0079,0.632,-0.007,-363016.1,0.582,-0.005,1.169,7.7,0,-0.005,0.001,0,-0.017,13.16,-1.6,0.6,100,0
"2026-01-15 05:39:00",139213,"",7999,2026,1,15,5,33,5,-0.0031,0.624,-0.003,-363017.8,0.574,-0.002,1.154,7.74,0,-0.002,0,-0.005,-0.002,13.15,-1.6,0.6,100,0
"2026-01-15 05:42:00",139214,"",7999,2026,1,15,5,33,5,-0.0031,0.624,-0.003,-363017.8,0.574,-0.002,1.154,7.74,0,-0.002,0,-0.005,-0.002,13.15,-1.6,0.6,100,0
"2026-01-15 05:45:00",139215,"",7999,2026,1,15,5,39,5,-0.0041,0.612,-0.004,-363019.3,0.562,-0.002,1.132,7.75,0,-0.002,0,-0.005,-0.009,13.15,-1.6,0.6,100,0
"2026-01-15 05:48:00",139216,"",7999,2026,1,15,5,39,5,-0.0041,0.612,-0.004,-363019.3,0.562,-0.002,1.132,7.75,0,-0.002,0,-0.005,-0.009,13.15,-1.6,0.6,100,0
"2026-01-15 05:51:00",139217,"",7999,2026,1,15,5,45,5,0.0101,0.622,0.009,-363017.3,0.572,0.008,1.15,7.77,0,0.008,0.001,-0.005,0.005,13.15,-1.6,0.6,100,0
"2026-01-15 05:54:00",139218,"",7999,2026,1,15,5,45,5,0.0101,0.622,0.009,-363017.3,0.572,0.008,1.15,7.77,0,0.008,0.001,-0.005,0.005,13.15,-1.6,0.6,100,0
"2026-01-15 05:57:00",139219,"",7999,2026,1,15,5,51,5,0.0074,0.621,0.006,-363014.3,0.571,0.006,1.149,7.74,0,0.006,0.001,0,0,13.15,-1.6,0.6,100,0
"2026-01-15 06:00:00",139220,"",7999,2026,1,15,5,51,5,0.0074,0.621,0.006,-363014.3,0.571,0.006,1.149,7.74,0,0.006,0.001,0,0,13.15,-1.6,0.6,100,0
"2026-01-15 06:03:00",139221,"",7999,2026,1,15,5,57,5,0.0025,0.622,0.002,-363012.8,0.572,0.001,1.152,7.74,0,0.001,-0.001,0.007,-0.002,13.15,-1.6,0.6,100,0
"2026-01-15 06:06:00",139222,"",7999,2026,1,15,5,57,5,0.0025,0.622,0.002,-363012.8,0.572,0.001,1.152,7.74,0,0.001,-0.001,0.007,-0.002,13.15,-1.6,0.6,100,0
"2026-01-15 06:09:00",139223,"",7999,2026,1,15,6,3,5,-0.0112,0.618,-0.01,-363015.2,0.568,-0.008,1.143,7.72,0,-0.008,0.001,-0.012,-0.017,13.15,-1.6,0.6,100,0
"2026-01-15 06:12:00",139224,"",7999,2026,1,15,6,3,5,-0.0112,0.618,-0.01,-363015.2,0.568,-0.008,1.143,7.72,0,-0.008,0.001,-0.012,-0.017,13.15,-1.6,0.6,100,0
"2026-01-15 06:15:00",139225,"",7999,2026,1,15,6,9,5,-0.0114,0.602,-0.01,-363019.3,0.552,-0.01,1.114,7.71,0,-0.01,0,-0.002,-0.038,13.15,-1.6,0.6,100,0
"2026-01-15 06:18:00",139226,"",7999,2026,1,15,6,9,5,-0.0114,0.602,-0.01,-363019.3,0.552,-0.01,1.114,7.71,0,-0.01,0,-0.002,-0.038,13.15,-1.6,0.6,100,0
"2026-01-15 06:21:00",139227,"",7999,2026,1,15,6,15,5,-0.0071,0.582,-0.007,-363022.4,0.532,-0.005,1.077,7.74,0,-0.005,-0.001,-0.007,-0.021,13.15,-1.6,0.6,100,0
"2026-01-15 06:24:00",139228,"",7999,2026,1,15,6,15,5,-0.0071,0.582,-0.007,-363022.4,0.532,-0.005,1.077,7.74,0,-0.005,-0.001,-0.007,-0.021,13.15,-1.6,0.6,100,0
"2026-01-15 06:27:00",139229,"",7999,2026,1,15,6,21,5,-0.0028,0.577,-0.003,-363023.9,0.527,-0.002,1.067,7.74,0,-0.002,0,-0.021,-0.002,13.15,-1.6,0.6,100,0
"2026-01-15 06:30:00",139230,"",7999,2026,1,15,6,21,5,-0.0028,0.577,-0.003,-363023.9,0.527,-0.002,1.067,7.74,0,-0.002,0,-0.021,-0.002,13.15,-1.6,0.6,100,0
"2026-01-15 06:33:00",139231,"",7999,2026,1,15,6,27,5,-0.0035,0.573,-0.003,-363025.1,0.523,-0.002,1.06,7.74,0,-0.002,0,-0.019,-0.014,13.15,-1.6,0.6,100,0
"2026-01-15 06:36:00",139232,"",7999,2026,1,15,6,27,5,-0.0035,0.573,-0.003,-363025.1,0.523,-0.002,1.06,7.74,0,-0.002,0,-0.019,-0.014,13.15,-1.6,0.6,100,0
"2026-01-15 06:39:00",139233,"",7999,2026,1,15,6,33,5,-0.0014,0.57,-0.001,-363025.9,0.52,0,1.055,7.75,0,0,0,-0.012,-0.014,13.15,-1.6,0.6,100,0
"2026-01-15 06:42:00",139234,"",7999,2026,1,15,6,33,5,-0.0014,0.57,-0.001,-363025.9,0.52,0,1.055,7.75,0,0,0,-0.012,-0.014,13.15,-1.6,0.6,100,0
"2026-01-15 06:45:00",139235,"",7999,2026,1,15,6,39,5,-0.0048,0.555,-0.005,-363027.2,0.505,-0.002,1.026,7.75,0,-0.002,0,-0.028,-0.019,13.15,-1.6,0.6,100,0
"2026-01-15 06:48:00",139236,"",7999,2026,1,15,6,39,5,-0.0048,0.555,-0.005,-363027.2,0.505,-0.002,1.026,7.75,0,-0.002,0,-0.028,-0.019,13.15,-1.6,0.6,100,0
"2026-01-15 06:51:00",139237,"",7999,2026,1,15,6,45,5,-0.0035,0.545,-0.004,-363028.7,0.495,-0.002,1.008,7.74,0,-0.002,0,-0.033,-0.019,13.15,-1.6,0.6,97,0
"2026-01-15 06:54:00",139238,"",7999,2026,1,15,6,45,5,-0.0035,0.545,-0.004,-363028.7,0.495,-0.002,1.008,7.74,0,-0.002,0,-0.033,-0.019,13.15,-1.6,0.6,97,0
"2026-01-15 06:57:00",139239,"",7999,2026,1,15,6,51,5,0.002,0.535,0.002,-363028.6,0.485,0.002,0.99,7.73,0,0.002,0.001,-0.037,-0.017,13.15,-1.6,0.6,95,0
"2026-01-15 07:00:00",139240,"",7999,2026,1,15,6,51,5,0.002,0.535,0.002,-363028.6,0.485,0.002,0.99,7.73,0,0.002,0.001,-0.037,-0.017,13.15,-1.6,0.6,95,0
"2026-01-15 07:03:00",139241,"",7999,2026,1,15,6,57,5,-0.0029,0.53,-0.003,-363029.1,0.48,-0.002,0.981,7.74,0,-0.002,0,-0.014,-0.017,13.15,-1.6,0.6,99,0
"2026-01-15 07:06:00",139242,"",7999,2026,1,15,6,57,5,-0.0029,0.53,-0.003,-363029.1,0.48,-0.002,0.981,7.74,0,-0.002,0,-0.014,-0.017,13.15,-1.6,0.6,99,0
"2026-01-15 07:09:00",139243,"",7999,2026,1,15,7,3,5,0,0.159,0,-363029.4,0.109,0,0.294,7.75,0,0,0,0,0,13.15,-1.6,0.6,100,0
"2026-01-15 07:12:00",139244,"",7999,2026,1,15,7,3,5,0,0.159,0,-363029.4,0.109,0,0.294,7.75,0,0,0,0,0,13.15,-1.6,0.6,100,0
"2026-01-15 07:15:00",139245,"",7999,2026,1,15,7,9,5,-0.004,0.504,-0.004,-363030.4,0.454,-0.002,0.933,7.74,0,-0.002,0,-0.028,-0.017,13.15,-1.6,0.6,95,0
"2026-01-15 07:18:00",139246,"",7999,2026,1,15,7,9,5,-0.004,0.504,-0.004,-363030.4,0.454,-0.002,0.933,7.74,0,-0.002,0,-0.028,-0.017,13.15,-1.6,0.6,95,0
"2026-01-15 07:21:00",139247,"",7999,2026,1,15,7,15,5,-0.0035,0.435,-0.004,-363031.7,0.385,-0.002,0.805,7.72,0,-0.002,0.001,-0.021,-0.017,13.15,-1.6,0.6,99,0
"2026-01-15 07:24:00",139248,"",7999,2026,1,15,7,15,5,-0.0035,0.435,-0.004,-363031.7,0.385,-0.002,0.805,7.72,0,-0.002,0.001,-0.021,-0.017,13.15,-1.6,0.6,99,0
"2026-01-15 07:27:00",139249,"",7999,2026,1,15,7,21,5,-0.0047,0.489,-0.005,-363033.3,0.439,-0.005,0.905,7.73,0,-0.005,0.001,-0.014,-0.005,13.15,-1.6,0.6,99,0
"2026-01-15 07:30:00",139250,"",7999,2026,1,15,7,21,5,-0.0047,0.489,-0.005,-363033.3,0.439,-0.005,0.905,7.73,0,-0.005,0.001,-0.014,-0.005,13.15,-1.6,0.6,99,0
"2026-01-15 07:33:00",139251,"",7999,2026,1,15,7,27,5,-0.0004,0.488,0,-363033.9,0.438,0,0.904,7.7,0,0,0,-0.002,-0.012,13.15,-1.6,0.6,98,0
"2026-01-15 07:36:00",139252,"",7999,2026,1,15,7,27,5,-0.0004,0.488,0,-363033.9,0.438,0,0.904,7.7,0,0,0,-0.002,-0.012,13.15,-1.6,0.6,98,0
"2026-01-15 07:39:00",139253,"",7999,2026,1,15,7,33,5,-0.0032,0.501,-0.004,-363034.8,0.451,-0.002,0.928,7.72,0,-0.002,-0.001,-0.007,-0.005,13.15,-1.6,0.6,100,0
"2026-01-15 07:42:00",139254,"",7999,2026,1,15,7,33,5,-0.0032,0.501,-0.004,-363034.8,0.451,-0.002,0.928,7.72,0,-0.002,-0.001,-0.007,-0.005,13.15,-1.6,0.6,100,0
"2026-01-15 07:45:00",139255,"",7999,2026,1,15,7,39,5,-0.0004,0.512,0,-363035.3,0.462,0,0.948,7.73,0,0,0,-0.012,-0.002,13.15,-1.6,0.6,100,0
"2026-01-15 07:48:00",139256,"",7999,2026,1,15,7,39,5,-0.0004,0.512,0,-363035.3,0.462,0,0.948,7.73,0,0,0,-0.012,-0.002,13.15,-1.6,0.6,100,0
"2026-01-15 07:51:00",139257,"",7999,2026,1,15,7,45,5,-0.0004,0.516,0,-363035.4,0.466,-0.001,0.955,7.74,0,-0.001,-0.001,-0.007,-0.012,13.15,-1.6,0.6,100,0
"2026-01-15 07:54:00",139258,"",7999,2026,1,15,7,45,5,-0.0004,0.516,0,-363035.4,0.466,-0.001,0.955,7.74,0,-0.001,-0.001,-0.007,-0.012,13.15,-1.6,0.6,100,0
"2026-01-15 07:57:00",139259,"",7999,2026,1,15,7,51,5,0.0001,0.524,0,-363035.4,0.474,0,0.97,7.77,0,0,0,-0.005,-0.002,13.15,-1.6,0.6,100,0
"2026-01-15 08:00:00",139260,"",7999,2026,1,15,7,51,5,0.0001,0.524,0,-363035.4,0.474,0,0.97,7.77,0,0,0,-0.005,-0.002,13.15,-1.6,0.6,100,0
"2026-01-15 08:03:00",139261,"",7999,2026,1,15,7,57,5,-0.0008,0.538,-0.001,-363035.6,0.488,-0.001,0.996,7.73,0,-0.001,-0.001,-0.014,0.002,13.15,-1.6,0.6,100,0
"2026-01-15 08:06:00",139262,"",7999,2026,1,15,7,57,5,-0.0008,0.538,-0.001,-363035.6,0.488,-0.001,0.996,7.73,0,-0.001,-0.001,-0.014,0.002,13.15,-1.6,0.6,100,0
"2026-01-15 08:09:00",139263,"",7999,2026,1,15,8,3,5,0.0006,0.556,0.001,-363035.5,0.506,0.001,1.028,7.71,0,0.001,-0.002,-0.007,0.009,13.15,-1.6,0.6,100,0
"2026-01-15 08:12:00",139264,"",7999,2026,1,15,8,3,5,0.0006,0.556,0.001,-363035.5,0.506,0.001,1.028,7.71,0,0.001,-0.002,-0.007,0.009,13.15,-1.6,0.6,100,0
"2026-01-15 08:15:00",139265,"",7999,2026,1,15,8,9,5,-0.0036,0.555,-0.004,-363036.3,0.505,-0.002,1.027,7.72,0,-0.002,0,-0.014,-0.017,13.15,-1.6,0.6,100,0
"2026-01-15 08:18:00",139266,"",7999,2026,1,15,8,9,5,-0.0036,0.555,-0.004,-363036.3,0.505,-0.002,1.027,7.72,0,-0.002,0,-0.014,-0.017,13.15,-1.6,0.6,100,0
"2026-01-15 08:21:00",139267,"",7999,2026,1,15,8,15,5,0.0019,0.56,0.002,-363036.3,0.51,0.001,1.037,7.76,0,0.001,-0.001,-0.012,-0.007,13.15,-1.6,0.6,100,0
"2026-01-15 08:24:00",139268,"",7999,2026,1,15,8,15,5,0.0019,0.56,0.002,-363036.3,0.51,0.001,1.037,7.76,0,0.001,-0.001,-0.012,-0.007,13.15,-1.6,0.6,100,0
"2026-01-15 08:27:00",139269,"",7999,2026,1,15,8,21,5,0.0069,0.563,0.007,-363034.4,0.513,0.006,1.043,7.76,0,0.006,0.002,0,-0.017,13.15,-1.7,0.5,100,0
"2026-01-15 08:30:00",139270,"",7999,2026,1,15,8,21,5,0.0069,0.563,0.007,-363034.4,0.513,0.006,1.043,7.76,0,0.006,0.002,0,-0.017,13.15,-1.7,0.5,100,0
"2026-01-15 08:33:00",139271,"",7999,2026,1,15,8,27,5,0.0015,0.561,0.001,-363033.2,0.511,0,1.038,7.74,0,0,0,-0.012,-0.005,13.15,-1.7,0.5,100,0
"2026-01-15 08:36:00",139272,"",7999,2026,1,15,8,27,5,0.0015,0.561,0.001,-363033.2,0.511,0,1.038,7.74,0,0,0,-0.012,-0.005,13.15,-1.7,0.5,100,0
"2026-01-15 08:39:00",139273,"",7999,2026,1,15,8,33,5,0.0008,0.569,0.001,-363032.8,0.519,0,1.053,7.7,0,0,0,-0.007,-0.007,13.15,-1.7,0.5,100,0
"2026-01-15 08:42:00",139274,"",7999,2026,1,15,8,33,5,0.0008,0.569,0.001,-363032.8,0.519,0,1.053,7.7,0,0,0,-0.007,-0.007,13.15,-1.7,0.5,100,0
"2026-01-15 08:45:00",139275,"",7999,2026,1,15,8,39,5,-0.0034,0.567,-0.003,-363033.6,0.517,-0.002,1.049,7.7,0,-0.002,0,-0.019,-0.005,13.15,-1.7,0.5,100,0
"2026-01-15 08:48:00",139276,"",7999,2026,1,15,8,39,5,-0.0034,0.567,-0.003,-363033.6,0.517,-0.002,1.049,7.7,0,-0.002,0,-0.019,-0.005,13.15,-1.7,0.5,100,0
"2026-01-15 08:51:00",139277,"",7999,2026,1,15,8,45,5,-0.0067,0.555,-0.007,-363035.6,0.505,-0.006,1.028,7.7,0,-0.006,-0.001,-0.033,-0.019,13.15,-1.8,0.5,100,0
"2026-01-15 08:54:00",139278,"",7999,2026,1,15,8,45,5,-0.0067,0.555,-0.007,-363035.6,0.505,-0.006,1.028,7.7,0,-0.006,-0.001,-0.033,-0.019,13.15,-1.8,0.5,100,0
"2026-01-15 08:57:00",139279,"",7999,2026,1,15,8,51,5,-0.0028,0.55,-0.003,-363037.1,0.5,-0.002,1.018,7.76,0,-0.002,-0.001,-0.033,-0.009,13.15,-1.8,0.5,100,0
"2026-01-15 09:00:00",139280,"",7999,2026,1,15,8,51,5,-0.0028,0.55,-0.003,-363037.1,0.5,-0.002,1.018,7.76,0,-0.002,-0.001,-0.033,-0.009,13.15,-1.8,0.5,100,0
"2026-01-15 09:03:00",139281,"",7999,2026,1,15,8,57,5,-0.0034,0.538,-0.003,-363038.3,0.488,-0.004,0.996,7.75,0,-0.004,-0.002,-0.023,-0.014,13.15,-1.8,0.5,100,0
"2026-01-15 09:06:00",139282,"",7999,2026,1,15,8,57,5,-0.0034,0.538,-0.003,-363038.3,0.488,-0.004,0.996,7.75,0,-0.004,-0.002,-0.023,-0.014,13.15,-1.8,0.5,100,0
"2026-01-15 09:09:00",139283,"",7999,2026,1,15,9,3,5,-0.0021,0.529,-0.002,-363039.2,0.479,-0.001,0.979,7.75,0,-0.001,0.001,-0.014,-0.019,13.15,-1.9,0.5,100,0
"2026-01-15 09:12:00",139284,"",7999,2026,1,15,9,3,5,-0.0021,0.529,-0.002,-363039.2,0.479,-0.001,0.979,7.75,0,-0.001,0.001,-0.014,-0.019,13.15,-1.9,0.5,100,0
"2026-01-15 09:15:00",139285,"",7999,2026,1,15,9,9,5,-0.0014,0.524,-0.001,-363039.8,0.474,-0.001,0.969,7.79,0,-0.001,-0.001,-0.035,-0.007,13.15,-1.9,0.5,100,0
"2026-01-15 09:18:00",139286,"",7999,2026,1,15,9,9,5,-0.0014,0.524,-0.001,-363039.8,0.474,-0.001,0.969,7.79,0,-0.001,-0.001,-0.035,-0.007,13.15,-1.9,0.5,100,0
"2026-01-15 09:21:00",139287,"",7999,2026,1,15,9,15,5,-0.0046,0.526,-0.005,-363041.1,0.476,-0.004,0.973,7.75,0,-0.004,-0.001,-0.028,-0.019,13.15,-1.9,0.5,100,0
"2026-01-15 09:24:00",139288,"",7999,2026,1,15,9,15,5,-0.0046,0.526,-0.005,-363041.1,0.476,-0.004,0.973,7.75,0,-0.004,-0.001,-0.028,-0.019,13.15,-1.9,0.5,100,0
"2026-01-15 09:27:00",139289,"",7999,2026,1,15,9,21,5,-0.0029,0.514,-0.003,-363042.3,0.464,-0.001,0.951,7.78,0,-0.001,0.001,-0.028,-0.017,13.15,-1.9,0.5,100,0
"2026-01-15 09:30:00",139290,"",7999,2026,1,15,9,21,5,-0.0029,0.514,-0.003,-363042.3,0.464,-0.001,0.951,7.78,0,-0.001,0.001,-0.028,-0.017,13.15,-1.9,0.5,100,0
"2026-01-15 09:33:00",139291,"",7999,2026,1,15,9,27,5,0.0049,0.518,0.005,-363041.5,0.468,0.004,0.959,7.84,0,0.004,0.002,-0.026,-0.009,13.15,-1.9,0.5,100,0
"2026-01-15 09:36:00",139292,"",7999,2026,1,15,9,27,5,0.0049,0.518,0.005,-363041.5,0.468,0.004,0.959,7.84,0,0.004,0.002,-0.026,-0.009,13.15,-1.9,0.5,100,0
"2026-01-15 09:39:00",139293,"",7999,2026,1,15,9,33,5,0.0031,0.536,0.003,-363040.1,0.486,0.002,0.992,7.79,0,0.002,-0.001,-0.023,-0.005,13.15,-1.9,0.5,100,0
"2026-01-15 09:42:00",139294,"",7999,2026,1,15,9,33,5,0.0031,0.536,0.003,-363040.1,0.486,0.002,0.992,7.79,0,0.002,-0.001,-0.023,-0.005,13.15,-1.9,0.5,100,0
"2026-01-15 09:45:00",139295,"",7999,2026,1,15,9,39,5,0.0023,0.534,0.002,-363039.2,0.484,0.001,0.988,7.77,0,0.001,-0.001,-0.03,-0.007,13.15,-1.9,0.5,100,0
"2026-01-15 09:48:00",139296,"",7999,2026,1,15,9,39,5,0.0023,0.534,0.002,-363039.2,0.484,0.001,0.988,7.77,0,0.001,-0.001,-0.03,-0.007,13.15,-1.9,0.5,100,0
"2026-01-15 09:51:00",139297,"",7999,2026,1,15,9,45,5,-0.0003,0.543,0,-363039,0.493,-0.001,1.006,7.78,0,-0.001,-0.001,-0.04,-0.002,13.15,-1.9,0.5,100,0
"2026-01-15 09:54:00",139298,"",7999,2026,1,15,9,45,5,-0.0003,0.543,0,-363039,0.493,-0.001,1.006,7.78,0,-0.001,-0.001,-0.04,-0.002,13.15,-1.9,0.5,100,0
"2026-01-15 09:57:00",139299,"",7999,2026,1,15,9,51,5,-0.0012,0.55,-0.001,-363039.3,0.5,-0.001,1.018,7.72,0,-0.001,0.001,-0.019,-0.014,13.15,-1.9,0.5,100,0
"2026-01-15 10:00:00",139300,"",7999,2026,1,15,9,51,5,-0.0012,0.55,-0.001,-363039.3,0.5,-0.001,1.018,7.72,0,-0.001,0.001,-0.019,-0.014,13.15,-1.9,0.5,100,0
"2026-01-15 10:03:00",139301,"",7999,2026,1,15,9,57,5,0.0142,0.573,0.013,-363036.1,0.523,0.012,1.06,7.74,0,0.012,-0.003,-0.023,0.019,13.15,-1.9,0.5,100,0
"2026-01-15 10:06:00",139302,"",7999,2026,1,15,9,57,5,0.0142,0.573,0.013,-363036.1,0.523,0.012,1.06,7.74,0,0.012,-0.003,-0.023,0.019,13.15,-1.9,0.5,100,0
"2026-01-15 10:09:00",139303,"",7999,2026,1,15,10,3,5,0.0019,0.573,0.002,-363033.9,0.523,0.001,1.06,7.69,0,0.001,0.001,-0.002,-0.019,13.15,-1.9,0.5,100,0
"2026-01-15 10:12:00",139304,"",7999,2026,1,15,10,3,5,0.0019,0.573,0.002,-363033.9,0.523,0.001,1.06,7.69,0,0.001,0.001,-0.002,-0.019,13.15,-1.9,0.5,100,0
"2026-01-15 10:15:00",139305,"",7999,2026,1,15,10,9,5,0.0057,0.586,0.005,-363032.3,0.536,0.005,1.085,7.73,2,0.005,-0.002,-0.014,-0.007,13.15,-2,0.5,100,0
"2026-01-15 10:18:00",139306,"",7999,2026,1,15,10,9,5,0.0057,0.586,0.005,-363032.3,0.536,0.005,1.085,7.73,2,0.005,-0.002,-0.014,-0.007,13.15,-2,0.5,100,0
"2026-01-15 10:21:00",139307,"",7999,2026,1,15,10,15,5,0.0101,0.595,0.009,-363029.1,0.545,0.008,1.102,7.53,0,0.008,0.002,-0.012,-0.012,13.15,-1.9,0.5,100,0
"2026-01-15 10:24:00",139308,"",7999,2026,1,15,10,15,5,0.0101,0.595,0.009,-363029.1,0.545,0.008,1.102,7.53,0,0.008,0.002,-0.012,-0.012,13.15,-1.9,0.5,100,0
"2026-01-15 10:27:00",139309,"",7999,2026,1,15,10,21,5,-0.0033,0.594,-0.003,-363028.7,0.544,-0.001,1.099,7.44,0,-0.001,0.001,-0.023,-0.017,13.15,-1.9,0.5,100,0
"2026-01-15 10:30:00",139310,"",7999,2026,1,15,10,21,5,-0.0033,0.594,-0.003,-363028.7,0.544,-0.001,1.099,7.44,0,-0.001,0.001,-0.023,-0.017,13.15,-1.9,0.5,100,0
"2026-01-15 10:33:00",139311,"",7999,2026,1,15,10,27,5,0.0056,0.619,0.005,-363027.8,0.569,0.004,1.145,7.35,2,0.004,-0.002,-0.023,-0.017,13.15,-2,0.5,100,0
"2026-01-15 10:36:00",139312,"",7999,2026,1,15,10,27,5,0.0056,0.619,0.005,-363027.8,0.569,0.004,1.145,7.35,2,0.004,-0.002,-0.023,-0.017,13.15,-2,0.5,100,0
"2026-01-15 10:39:00",139313,"",7999,2026,1,15,10,33,5,0.0072,0.643,0.006,-363025.3,0.593,0.005,1.191,7.48,2,0.005,-0.002,-0.009,0.005,13.15,-2,0.5,100,0
"2026-01-15 10:42:00",139314,"",7999,2026,1,15,10,33,5,0.0072,0.643,0.006,-363025.3,0.593,0.005,1.191,7.48,2,0.005,-0.002,-0.009,0.005,13.15,-2,0.5,100,0
"2026-01-15 10:45:00",139315,"",7999,2026,1,15,10,39,5,0.0088,0.651,0.007,-363022.3,0.601,0.006,1.205,7.03,2,0.006,0.001,-0.005,0.009,13.15,-2,0.5,100,0
"2026-01-15 10:48:00",139316,"",7999,2026,1,15,10,39,5,0.0088,0.651,0.007,-363022.3,0.601,0.006,1.205,7.03,2,0.006,0.001,-0.005,0.009,13.15,-2,0.5,100,0
"2026-01-15 10:51:00",139317,"",7999,2026,1,15,10,45,5,0.0109,0.655,0.009,-363018.7,0.605,0.007,1.212,7.15,2,0.007,0,0.002,0,13.15,-2,0.5,100,0
"2026-01-15 10:54:00",139318,"",7999,2026,1,15,10,45,5,0.0109,0.655,0.009,-363018.7,0.605,0.007,1.212,7.15,2,0.007,0,0.002,0,13.15,-2,0.5,100,0
"2026-01-15 10:57:00",139319,"",7999,2026,1,15,10,51,5,0.0132,0.661,0.011,-363014.2,0.611,0.01,1.222,7.1,0,0.01,0.002,0,-0.014,13.15,-1.9,0.5,100,0
"2026-01-15 11:00:00",139320,"",7999,2026,1,15,10,51,5,0.0132,0.661,0.011,-363014.2,0.611,0.01,1.222,7.1,0,0.01,0.002,0,-0.014,13.15,-1.9,0.5,100,0
"2026-01-15 11:03:00",139321,"",7999,2026,1,15,10,57,5,0.0049,0.67,0.004,-363011.4,0.62,0.002,1.24,6.99,0,0.002,0,-0.009,-0.002,13.15,-1.9,0.5,100,0
"2026-01-15 11:06:00",139322,"",7999,2026,1,15,10,57,5,0.0049,0.67,0.004,-363011.4,0.62,0.002,1.24,6.99,0,0.002,0,-0.009,-0.002,13.15,-1.9,0.5,100,0
"2026-01-15 11:09:00",139323,"",7999,2026,1,15,11,3,5,0.0262,0.686,0.021,-363004.5,0.636,0.021,1.269,6.96,0,0.021,0.003,0.007,0.019,13.15,-1.9,0.5,100,0
"2026-01-15 11:12:00",139324,"",7999,2026,1,15,11,3,5,0.0262,0.686,0.021,-363004.5,0.636,0.021,1.269,6.96,0,0.021,0.003,0.007,0.019,13.15,-1.9,0.5,100,0
"2026-01-15 11:15:00",139325,"",7999,2026,1,15,11,9,5,0.037,0.698,0.029,-362992.4,0.648,0.027,1.292,7.07,0,0.027,0.002,0.009,0.019,13.15,-1.9,0.5,100,0
"2026-01-15 11:18:00",139326,"",7999,2026,1,15,11,9,5,0.037,0.698,0.029,-362992.4,0.648,0.027,1.292,7.07,0,0.027,0.002,0.009,0.019,13.15,-1.9,0.5,100,0
"2026-01-15 11:21:00",139327,"",7999,2026,1,15,11,15,5,0.0171,0.71,0.013,-362983.9,0.66,0.011,1.313,7,0,0.011,0,-0.007,0,13.15,-1.9,0.6,100,0
"2026-01-15 11:24:00",139328,"",7999,2026,1,15,11,15,5,0.0171,0.71,0.013,-362983.9,0.66,0.011,1.313,7,0,0.011,0,-0.007,0,13.15,-1.9,0.6,100,0
"2026-01-15 11:27:00",139329,"",7999,2026,1,15,11,21,5,0.0278,0.722,0.021,-362975.1,0.672,0.019,1.337,6.87,0,0.019,0.002,0,0.024,13.15,-1.9,0.5,100,0
"2026-01-15 11:30:00",139330,"",7999,2026,1,15,11,21,5,0.0278,0.722,0.021,-362975.1,0.672,0.019,1.337,6.87,0,0.019,0.002,0,0.024,13.15,-1.9,0.5,100,0
"2026-01-15 11:33:00",139331,"",7999,2026,1,15,11,27,5,0.0044,0.719,0.003,-362970.7,0.669,0.002,1.331,6.71,2,0.002,0,-0.002,-0.012,13.15,-2,0.5,100,0
"2026-01-15 11:36:00",139332,"",7999,2026,1,15,11,27,5,0.0044,0.719,0.003,-362970.7,0.669,0.002,1.331,6.71,2,0.002,0,-0.002,-0.012,13.15,-2,0.5,100,0
"2026-01-15 11:39:00",139333,"",7999,2026,1,15,11,33,5,-0.0023,0.716,-0.002,-362970.8,0.666,-0.002,1.325,6.75,0,-0.002,0.002,-0.026,-0.009,13.15,-1.9,0.6,100,0
"2026-01-15 11:42:00",139334,"",7999,2026,1,15,11,33,5,-0.0023,0.716,-0.002,-362970.8,0.666,-0.002,1.325,6.75,0,-0.002,0.002,-0.026,-0.009,13.15,-1.9,0.6,100,0
"2026-01-15 11:45:00",139335,"",7999,2026,1,15,11,39,5,0.0005,0.724,0,-362970.9,0.674,0,1.34,6.82,0,0,0,-0.009,-0.019,13.15,-1.9,0.6,100,0
"2026-01-15 11:48:00",139336,"",7999,2026,1,15,11,39,5,0.0005,0.724,0,-362970.9,0.674,0,1.34,6.82,0,0,0,-0.009,-0.019,13.15,-1.9,0.6,100,0
"2026-01-15 11:51:00",139337,"",7999,2026,1,15,11,45,5,0.0337,0.726,0.025,-362962.7,0.676,0.024,1.343,6.65,0,0.024,0.003,0.002,0.021,13.15,-1.9,0.6,100,0
"2026-01-15 11:54:00",139338,"",7999,2026,1,15,11,45,5,0.0337,0.726,0.025,-362962.7,0.676,0.024,1.343,6.65,0,0.024,0.003,0.002,0.021,13.15,-1.9,0.6,100,0
"2026-01-15 11:57:00",139339,"",7999,2026,1,15,11,51,5,0.0422,0.729,0.031,-362948.5,0.679,0.031,1.35,6.65,0,0.031,0.001,0.019,0.026,13.15,-1.9,0.6,100,0
"2026-01-15 12:00:00",139340,"",7999,2026,1,15,11,51,5,0.0422,0.729,0.031,-362948.5,0.679,0.031,1.35,6.65,0,0.031,0.001,0.019,0.026,13.15,-1.9,0.6,100,0
"2026-01-15 12:03:00",139341,"",7999,2026,1,15,11,57,5,0.0065,0.725,0.005,-362941.9,0.675,0.005,1.341,6.65,2,0.005,0.002,0,-0.002,13.15,-2,0.6,100,0
"2026-01-15 12:06:00",139342,"",7999,2026,1,15,11,57,5,0.0065,0.725,0.005,-362941.9,0.675,0.005,1.341,6.65,2,0.005,0.002,0,-0.002,13.15,-2,0.6,100,0
"2026-01-15 12:09:00",139343,"",7999,2026,1,15,12,3,5,0.0019,0.732,0.001,-362940.6,0.682,0,1.354,6.7,2,0,0,-0.016,-0.012,13.15,-2.1,0.6,100,0
"2026-01-15 12:12:00",139344,"",7999,2026,1,15,12,3,5,0.0019,0.732,0.001,-362940.6,0.682,0,1.354,6.7,2,0,0,-0.016,-0.012,13.15,-2.1,0.6,100,0
"2026-01-15 12:15:00",139345,"",7999,2026,1,15,12,9,5,0.0223,0.736,0.016,-362935,0.686,0.016,1.362,6.69,2,0.016,0.003,0.005,0.002,13.15,-2.1,0.6,100,0
"2026-01-15 12:18:00",139346,"",7999,2026,1,15,12,9,5,0.0223,0.736,0.016,-362935,0.686,0.016,1.362,6.69,2,0.016,0.003,0.005,0.002,13.15,-2.1,0.6,100,0
"2026-01-15 12:21:00",139347,"",7999,2026,1,15,12,15,5,-0.0505,0.716,-0.038,-362944.5,0.666,-0.039,1.326,6.68,2,-0.039,0.001,-0.03,-0.05,13.15,-2,0.6,100,0
"2026-01-15 12:24:00",139348,"",7999,2026,1,15,12,15,5,-0.0505,0.716,-0.038,-362944.5,0.666,-0.039,1.326,6.68,2,-0.039,0.001,-0.03,-0.05,13.15,-2,0.6,100,0
"2026-01-15 12:27:00",139349,"",7999,2026,1,15,12,21,5,-0.0529,0.71,-0.04,-362963.3,0.66,-0.04,1.313,6.69,2,-0.04,0.003,-0.042,-0.078,13.15,-2,0.6,100,0
"2026-01-15 12:30:00",139350,"",7999,2026,1,15,12,21,5,-0.0529,0.71,-0.04,-362963.3,0.66,-0.04,1.313,6.69,2,-0.04,0.003,-0.042,-0.078,13.15,-2,0.6,100,0
"2026-01-15 12:33:00",139351,"",7999,2026,1,15,12,27,5,-0.0559,0.696,-0.043,-362983,0.646,-0.044,1.289,6.71,2,-0.044,0,-0.023,-0.073,13.15,-2,0.6,100,0
"2026-01-15 12:36:00",139352,"",7999,2026,1,15,12,27,5,-0.0559,0.696,-0.043,-362983,0.646,-0.044,1.289,6.71,2,-0.044,0,-0.023,-0.073,13.15,-2,0.6,100,0
"2026-01-15 12:39:00",139353,"",7999,2026,1,15,12,33,5,0.0095,0.717,0.007,-362987.4,0.667,0.006,1.327,6.71,2,0.006,0.001,-0.005,-0.009,13.15,-2,0.6,100,0
"2026-01-15 12:42:00",139354,"",7999,2026,1,15,12,33,5,0.0095,0.717,0.007,-362987.4,0.667,0.006,1.327,6.71,2,0.006,0.001,-0.005,-0.009,13.15,-2,0.6,100,0
"2026-01-15 12:45:00",139355,"",7999,2026,1,15,12,39,5,-0.0046,0.72,-0.003,-362987.4,0.67,-0.004,1.333,6.73,2,-0.004,0.001,-0.009,-0.007,13.15,-2.1,0.6,100,0
"2026-01-15 12:48:00",139356,"",7999,2026,1,15,12,39,5,-0.0046,0.72,-0.003,-362987.4,0.67,-0.004,1.333,6.73,2,-0.004,0.001,-0.009,-0.007,13.15,-2.1,0.6,100,0
"2026-01-15 12:51:00",139357,"",7999,2026,1,15,12,45,5,0.0018,0.729,0.001,-362987.5,0.679,0,1.349,6.76,2,0,0,-0.014,-0.007,13.15,-2,0.6,100,0
"2026-01-15 12:54:00",139358,"",7999,2026,1,15,12,45,5,0.0018,0.729,0.001,-362987.5,0.679,0,1.349,6.76,2,0,0,-0.014,-0.007,13.15,-2,0.6,100,0
"2026-01-15 12:57:00",139359,"",7999,2026,1,15,12,51,5,0.06,0.756,0.043,-362972.9,0.706,0.042,1.398,6.73,0,0.042,0.003,0.04,0.045,13.15,-1.9,0.6,100,0
"2026-01-15 13:00:00",139360,"",7999,2026,1,15,12,51,5,0.06,0.756,0.043,-362972.9,0.706,0.042,1.398,6.73,0,0.042,0.003,0.04,0.045,13.15,-1.9,0.6,100,0
"2026-01-15 13:03:00",139361,"",7999,2026,1,15,12,57,5,0.08,0.772,0.056,-362946.5,0.722,0.056,1.428,6.73,0,0.056,0.003,0.028,0.04,13.15,-1.9,0.6,100,0
"2026-01-15 13:06:00",139362,"",7999,2026,1,15,12,57,5,0.08,0.772,0.056,-362946.5,0.722,0.056,1.428,6.73,0,0.056,0.003,0.028,0.04,13.15,-1.9,0.6,100,0
"2026-01-15 13:09:00",139363,"",7999,2026,1,15,13,3,5,0.1269,0.792,0.087,-362906.4,0.742,0.087,1.465,6.78,0,0.087,0.001,0.051,0.095,13.15,-1.8,0.6,100,0
"2026-01-15 13:12:00",139364,"",7999,2026,1,15,13,3,5,0.1269,0.792,0.087,-362906.4,0.742,0.087,1.465,6.78,0,0.087,0.001,0.051,0.095,13.15,-1.8,0.6,100,0
"2026-01-15 13:15:00",139365,"",7999,2026,1,15,13,9,5,0.0524,0.802,0.035,-362878.6,0.752,0.035,1.484,6.88,0,0.035,-0.004,0.012,0,13.15,-1.9,0.6,100,0
"2026-01-15 13:18:00",139366,"",7999,2026,1,15,13,9,5,0.0524,0.802,0.035,-362878.6,0.752,0.035,1.484,6.88,0,0.035,-0.004,0.012,0,13.15,-1.9,0.6,100,0
"2026-01-15 13:21:00",139367,"",7999,2026,1,15,13,15,5,-0.0219,0.816,-0.015,-362877.6,0.766,-0.015,1.509,7.11,0,-0.015,-0.003,-0.007,-0.019,13.15,-1.9,0.6,100,0
"2026-01-15 13:24:00",139368,"",7999,2026,1,15,13,15,5,-0.0219,0.816,-0.015,-362877.6,0.766,-0.015,1.509,7.11,0,-0.015,-0.003,-0.007,-0.019,13.15,-1.9,0.6,100,0
"2026-01-15 13:27:00",139369,"",7999,2026,1,15,13,21,5,0.1319,0.844,0.085,-362848.5,0.794,0.085,1.561,7.21,0,0.085,-0.006,0.046,0.054,13.15,-1.8,0.6,100,0
"2026-01-15 13:30:00",139370,"",7999,2026,1,15,13,21,5,0.1319,0.844,0.085,-362848.5,0.794,0.085,1.561,7.21,0,0.085,-0.006,0.046,0.054,13.15,-1.8,0.6,100,0
"2026-01-15 13:33:00",139371,"",7999,2026,1,15,13,27,5,0.0568,0.848,0.036,-362819,0.798,0.036,1.57,7.31,0,0.036,-0.001,0.016,0,13.15,-1.8,0.6,100,0
"2026-01-15 13:36:00",139372,"",7999,2026,1,15,13,27,5,0.0568,0.848,0.036,-362819,0.798,0.036,1.57,7.31,0,0.036,-0.001,0.016,0,13.15,-1.8,0.6,100,0
"2026-01-15 13:39:00",139373,"",7999,2026,1,15,13,33,5,-0.0805,0.838,-0.052,-362831.5,0.788,-0.052,1.551,7.34,0,-0.052,-0.003,-0.042,-0.078,13.15,-1.9,0.7,100,0
"2026-01-15 13:42:00",139374,"",7999,2026,1,15,13,33,5,-0.0805,0.838,-0.052,-362831.5,0.788,-0.052,1.551,7.34,0,-0.052,-0.003,-0.042,-0.078,13.15,-1.9,0.7,100,0
"2026-01-15 13:45:00",139375,"",7999,2026,1,15,13,39,5,-0.0732,0.834,-0.047,-362858.8,0.784,-0.047,1.544,7.4,0,-0.047,0.001,-0.046,-0.071,13.15,-1.9,0.7,100,0
"2026-01-15 13:48:00",139376,"",7999,2026,1,15,13,39,5,-0.0732,0.834,-0.047,-362858.8,0.784,-0.047,1.544,7.4,0,-0.047,0.001,-0.046,-0.071,13.15,-1.9,0.7,100,0
"2026-01-15 13:51:00",139377,"",7999,2026,1,15,13,45,5,-0.0835,0.826,-0.055,-362887.6,0.776,-0.056,1.529,7.42,2,-0.056,0,-0.04,-0.085,13.15,-2,0.7,100,0
"2026-01-15 13:54:00",139378,"",7999,2026,1,15,13,45,5,-0.0835,0.826,-0.055,-362887.6,0.776,-0.056,1.529,7.42,2,-0.056,0,-0.04,-0.085,13.15,-2,0.7,100,0
"2026-01-15 13:57:00",139379,"",7999,2026,1,15,13,51,5,-0.019,0.824,-0.013,-362902.2,0.774,-0.012,1.525,7.46,0,-0.012,-0.001,-0.028,-0.036,13.15,-1.9,0.7,100,0
"2026-01-15 14:00:00",139380,"",7999,2026,1,15,13,51,5,-0.019,0.824,-0.013,-362902.2,0.774,-0.012,1.525,7.46,0,-0.012,-0.001,-0.028,-0.036,13.15,-1.9,0.7,100,0
"2026-01-15 14:03:00",139381,"",7999,2026,1,15,13,57,5,0.0024,0.819,0.002,-362903.9,0.769,0.001,1.516,7.44,0,0.001,-0.002,0.002,0.012,13.15,-1.9,0.7,100,0
"2026-01-15 14:06:00",139382,"",7999,2026,1,15,13,57,5,0.0024,0.819,0.002,-362903.9,0.769,0.001,1.516,7.44,0,0.001,-0.002,0.002,0.012,13.15,-1.9,0.7,100,0
"2026-01-15 14:09:00",139383,"",7999,2026,1,15,14,3,5,-0.0975,0.801,-0.066,-362927,0.751,-0.065,1.483,7.45,0,-0.065,-0.006,-0.007,-0.078,13.15,-1.9,0.7,100,0
"2026-01-15 14:12:00",139384,"",7999,2026,1,15,14,3,5,-0.0975,0.801,-0.066,-362927,0.751,-0.065,1.483,7.45,0,-0.065,-0.006,-0.007,-0.078,13.15,-1.9,0.7,100,0
"2026-01-15 14:15:00",139385,"",7999,2026,1,15,14,9,5,-0.0457,0.793,-0.031,-362949.7,0.743,-0.031,1.467,7.49,0,-0.031,-0.003,0.002,-0.05,13.15,-1.9,0.7,100,0
"2026-01-15 14:18:00",139386,"",7999,2026,1,15,14,9,5,-0.0457,0.793,-0.031,-362949.7,0.743,-0.031,1.467,7.49,0,-0.031,-0.003,0.002,-0.05,13.15,-1.9,0.7,100,0
"2026-01-15 14:21:00",139387,"",7999,2026,1,15,14,15,5,-0.0313,0.797,-0.021,-362962.7,0.747,-0.021,1.475,7.48,0,-0.021,0.002,-0.028,-0.057,13.15,-1.9,0.7,100,0
"2026-01-15 14:24:00",139388,"",7999,2026,1,15,14,15,5,-0.0313,0.797,-0.021,-362962.7,0.747,-0.021,1.475,7.48,0,-0.021,0.002,-0.028,-0.057,13.15,-1.9,0.7,100,0
"2026-01-15 14:27:00",139389,"",7999,2026,1,15,14,21,5,-0.0363,0.794,-0.025,-362975.2,0.744,-0.024,1.469,7.49,0,-0.024,-0.002,-0.023,-0.026,13.15,-1.9,0.7,100,0
"2026-01-15 14:30:00",139390,"",7999,2026,1,15,14,21,5,-0.0363,0.794,-0.025,-362975.2,0.744,-0.024,1.469,7.49,0,-0.024,-0.002,-0.023,-0.026,13.15,-1.9,0.7,100,0
"2026-01-15 14:33:00",139391,"",7999,2026,1,15,14,27,5,0.0137,0.793,0.009,-362976.3,0.743,0.008,1.468,7.51,0,0.008,0.001,0.002,0,13.15,-1.8,0.7,100,0
"2026-01-15 14:36:00",139392,"",7999,2026,1,15,14,27,5,0.0137,0.793,0.009,-362976.3,0.743,0.008,1.468,7.51,0,0.008,0.001,0.002,0,13.15,-1.8,0.7,100,0
"2026-01-15 14:39:00",139393,"",7999,2026,1,15,14,33,5,0.0248,0.797,0.017,-362968.6,0.747,0.016,1.474,7.5,0,0.016,0,0.005,0.017,13.15,-1.8,0.7,100,0
"2026-01-15 14:42:00",139394,"",7999,2026,1,15,14,33,5,0.0248,0.797,0.017,-362968.6,0.747,0.016,1.474,7.5,0,0.016,0,0.005,0.017,13.15,-1.8,0.7,100,0
"2026-01-15 14:45:00",139395,"",7999,2026,1,15,14,39,5,0.0627,0.807,0.042,-362950.6,0.757,0.042,1.494,7.49,0,0.042,-0.001,0.016,0.033,13.15,-1.8,0.7,100,0
"2026-01-15 14:48:00",139396,"",7999,2026,1,15,14,39,5,0.0627,0.807,0.042,-362950.6,0.757,0.042,1.494,7.49,0,0.042,-0.001,0.016,0.033,13.15,-1.8,0.7,100,0
"2026-01-15 14:51:00",139397,"",7999,2026,1,15,14,45,5,-0.0071,0.806,-0.005,-362944.8,0.756,-0.005,1.491,7.43,0,-0.005,-0.002,-0.019,-0.021,13.15,-1.7,0.7,100,0
"2026-01-15 14:54:00",139398,"",7999,2026,1,15,14,45,5,-0.0071,0.806,-0.005,-362944.8,0.756,-0.005,1.491,7.43,0,-0.005,-0.002,-0.019,-0.021,13.15,-1.7,0.7,100,0
"2026-01-15 14:57:00",139399,"",7999,2026,1,15,14,51,5,0.041,0.81,0.027,-362935.8,0.76,0.027,1.499,7.43,0,0.027,-0.002,0.009,0.024,13.15,-1.7,0.7,100,0
"2026-01-15 15:00:00",139400,"",7999,2026,1,15,14,51,5,0.041,0.81,0.027,-362935.8,0.76,0.027,1.499,7.43,0,0.027,-0.002,0.009,0.024,13.15,-1.7,0.7,100,0
"2026-01-15 15:03:00",139401,"",7999,2026,1,15,14,57,5,0.0359,0.822,0.024,-362922.2,0.772,0.023,1.522,7.45,0,0.023,-0.001,-0.002,0.031,13.15,-1.8,0.7,100,0
"2026-01-15 15:06:00",139402,"",7999,2026,1,15,14,57,5,0.0359,0.822,0.024,-362922.2,0.772,0.023,1.522,7.45,0,0.023,-0.001,-0.002,0.031,13.15,-1.8,0.7,100,0
"2026-01-15 15:09:00",139403,"",7999,2026,1,15,15,3,5,0.0271,0.835,0.018,-362911.4,0.785,0.016,1.545,7.47,0,0.016,-0.003,0,0.002,13.15,-1.7,0.7,100,0
"2026-01-15 15:12:00",139404,"",7999,2026,1,15,15,3,5,0.0271,0.835,0.018,-362911.4,0.785,0.016,1.545,7.47,0,0.016,-0.003,0,0.002,13.15,-1.7,0.7,100,0
"2026-01-15 15:15:00",139405,"",7999,2026,1,15,15,9,5,0.0225,0.849,0.014,-362902.7,0.799,0.014,1.572,7.45,0,0.014,-0.008,0,-0.031,13.15,-1.7,0.6,100,0
"2026-01-15 15:18:00",139406,"",7999,2026,1,15,15,9,5,0.0225,0.849,0.014,-362902.7,0.799,0.014,1.572,7.45,0,0.014,-0.008,0,-0.031,13.15,-1.7,0.6,100,0
"2026-01-15 15:21:00",139407,"",7999,2026,1,15,15,15,5,0.1064,0.866,0.066,-362874.4,0.816,0.067,1.603,7.4,0,0.067,-0.006,0.04,0.019,13.15,-1.6,0.6,100,0
"2026-01-15 15:24:00",139408,"",7999,2026,1,15,15,15,5,0.1064,0.866,0.066,-362874.4,0.816,0.067,1.603,7.4,0,0.067,-0.006,0.04,0.019,13.15,-1.6,0.6,100,0
"2026-01-15 15:27:00",139409,"",7999,2026,1,15,15,21,5,0.0663,0.866,0.041,-362845.7,0.816,0.041,1.602,7.37,0,0.041,-0.005,0.014,0.002,13.15,-1.6,0.6,100,0
"2026-01-15 15:30:00",139410,"",7999,2026,1,15,15,21,5,0.0663,0.866,0.041,-362845.7,0.816,0.041,1.602,7.37,0,0.041,-0.005,0.014,0.002,13.15,-1.6,0.6,100,0
"2026-01-15 15:33:00",139411,"",7999,2026,1,15,15,27,5,0.0308,0.867,0.019,-362830.3,0.817,0.018,1.604,7.36,0,0.018,-0.001,-0.005,0.005,13.15,-1.6,0.6,100,0
"2026-01-15 15:36:00",139412,"",7999,2026,1,15,15,27,5,0.0308,0.867,0.019,-362830.3,0.817,0.018,1.604,7.36,0,0.018,-0.001,-0.005,0.005,13.15,-1.6,0.6,100,0
"2026-01-15 15:39:00",139413,"",7999,2026,1,15,15,33,5,-0.1196,0.855,-0.076,-362855.3,0.805,-0.076,1.582,7.32,0,-0.076,-0.001,-0.056,-0.097,13.15,-1.6,0.6,100,0
"2026-01-15 15:42:00",139414,"",7999,2026,1,15,15,33,5,-0.1196,0.855,-0.076,-362855.3,0.805,-0.076,1.582,7.32,0,-0.076,-0.001,-0.056,-0.097,13.15,-1.6,0.6,100,0
"2026-01-15 15:45:00",139415,"",7999,2026,1,15,15,39,5,-0.0178,0.849,-0.011,-362874,0.799,-0.01,1.57,7.31,0,-0.01,-0.001,-0.026,-0.026,13.15,-1.6,0.6,100,0
"2026-01-15 15:48:00",139416,"",7999,2026,1,15,15,39,5,-0.0178,0.849,-0.011,-362874,0.799,-0.01,1.57,7.31,0,-0.01,-0.001,-0.026,-0.026,13.15,-1.6,0.6,100,0
"2026-01-15 15:51:00",139417,"",7999,2026,1,15,15,45,5,-0.04,0.835,-0.026,-362885.8,0.785,-0.025,1.544,7.27,0,-0.025,-0.004,-0.014,-0.052,13.15,-1.6,0.6,100,0
"2026-01-15 15:54:00",139418,"",7999,2026,1,15,15,45,5,-0.04,0.835,-0.026,-362885.8,0.785,-0.025,1.544,7.27,0,-0.025,-0.004,-0.014,-0.052,13.15,-1.6,0.6,100,0
"2026-01-15 15:57:00",139419,"",7999,2026,1,15,15,51,5,-0.0256,0.826,-0.017,-362896.7,0.776,-0.016,1.529,7.19,0,-0.016,-0.002,0.009,0,13.15,-1.6,0.6,100,0
"2026-01-15 16:00:00",139420,"",7999,2026,1,15,15,51,5,-0.0256,0.826,-0.017,-362896.7,0.776,-0.016,1.529,7.19,0,-0.016,-0.002,0.009,0,13.15,-1.6,0.6,100,0
"2026-01-15 16:03:00",139421,"",7999,2026,1,15,15,57,5,-0.079,0.819,-0.052,-362918.8,0.769,-0.052,1.515,7.15,0,-0.052,0,-0.019,-0.071,13.15,-1.6,0.6,100,0
"2026-01-15 16:06:00",139422,"",7999,2026,1,15,15,57,5,-0.079,0.819,-0.052,-362918.8,0.769,-0.052,1.515,7.15,0,-0.052,0,-0.019,-0.071,13.15,-1.6,0.6,100,0
"2026-01-15 16:09:00",139423,"",7999,2026,1,15,16,3,5,-0.0413,0.812,-0.027,-362938.2,0.762,-0.027,1.503,7.11,0,-0.027,-0.004,-0.033,-0.04,13.15,-1.6,0.6,100,0
"2026-01-15 16:12:00",139424,"",7999,2026,1,15,16,3,5,-0.0413,0.812,-0.027,-362938.2,0.762,-0.027,1.503,7.11,0,-0.027,-0.004,-0.033,-0.04,13.15,-1.6,0.6,100,0
"2026-01-15 16:15:00",139425,"",7999,2026,1,15,16,9,5,-0.0252,0.795,-0.017,-362949.2,0.745,-0.017,1.471,6.98,0,-0.017,0.001,-0.014,-0.026,13.15,-1.6,0.6,100,0
"2026-01-15 16:18:00",139426,"",7999,2026,1,15,16,9,5,-0.0252,0.795,-0.017,-362949.2,0.745,-0.017,1.471,6.98,0,-0.017,0.001,-0.014,-0.026,13.15,-1.6,0.6,100,0
"2026-01-15 16:21:00",139427,"",7999,2026,1,15,16,15,5,-0.0752,0.766,-0.053,-362970.3,0.716,-0.053,1.418,6.79,0,-0.053,-0.002,-0.028,-0.05,13.15,-1.6,0.6,100,0
"2026-01-15 16:24:00",139428,"",7999,2026,1,15,16,15,5,-0.0752,0.766,-0.053,-362970.3,0.716,-0.053,1.418,6.79,0,-0.053,-0.002,-0.028,-0.05,13.15,-1.6,0.6,100,0
"2026-01-15 16:27:00",139429,"",7999,2026,1,15,16,21,5,-0.0564,0.752,-0.04,-362992.8,0.702,-0.04,1.392,6.68,0,-0.04,-0.005,-0.023,-0.057,13.15,-1.6,0.6,100,0
"2026-01-15 16:30:00",139430,"",7999,2026,1,15,16,21,5,-0.0564,0.752,-0.04,-362992.8,0.702,-0.04,1.392,6.68,0,-0.04,-0.005,-0.023,-0.057,13.15,-1.6,0.6,100,0
"2026-01-15 16:33:00",139431,"",7999,2026,1,15,16,27,5,-0.0329,0.744,-0.024,-363007.5,0.694,-0.024,1.377,6.56,0,-0.024,-0.002,-0.019,-0.036,13.15,-1.6,0.6,100,0
"2026-01-15 16:36:00",139432,"",7999,2026,1,15,16,27,5,-0.0329,0.744,-0.024,-363007.5,0.694,-0.024,1.377,6.56,0,-0.024,-0.002,-0.019,-0.036,13.15,-1.6,0.6,100,0
"2026-01-15 16:39:00",139433,"",7999,2026,1,15,16,33,5,0.0103,0.741,0.008,-363009,0.691,0.006,1.372,6.47,0,0.006,-0.001,-0.009,0,13.15,-1.6,0.6,100,0
"2026-01-15 16:42:00",139434,"",7999,2026,1,15,16,33,5,0.0103,0.741,0.008,-363009,0.691,0.006,1.372,6.47,0,0.006,-0.001,-0.009,0,13.15,-1.6,0.6,100,0
"2026-01-15 16:45:00",139435,"",7999,2026,1,15,16,39,5,0.0239,0.738,0.018,-363002,0.688,0.016,1.366,6.39,0,0.016,0,0.012,0.007,13.15,-1.6,0.6,100,0
"2026-01-15 16:48:00",139436,"",7999,2026,1,15,16,39,5,0.0239,0.738,0.018,-363002,0.688,0.016,1.366,6.39,0,0.016,0,0.012,0.007,13.15,-1.6,0.6,100,0
"2026-01-15 16:51:00",139437,"",7999,2026,1,15,16,45,5,-0.0093,0.735,-0.007,-363001.3,0.685,-0.006,1.36,6.36,0,-0.006,0.001,-0.014,-0.021,13.15,-1.6,0.6,100,0
"2026-01-15 16:54:00",139438,"",7999,2026,1,15,16,45,5,-0.0093,0.735,-0.007,-363001.3,0.685,-0.006,1.36,6.36,0,-0.006,0.001,-0.014,-0.021,13.15,-1.6,0.6,100,0
"2026-01-15 16:57:00",139439,"",7999,2026,1,15,16,51,5,-0.0566,0.729,-0.042,-363016.1,0.679,-0.042,1.349,6.35,0,-0.042,-0.003,-0.037,-0.059,13.15,-1.6,0.6,100,0
"2026-01-15 17:00:00",139440,"",7999,2026,1,15,16,51,5,-0.0566,0.729,-0.042,-363016.1,0.679,-0.042,1.349,6.35,0,-0.042,-0.003,-0.037,-0.059,13.15,-1.6,0.6,100,0
"2026-01-15 17:03:00",139441,"",7999,2026,1,15,16,57,5,-0.0051,0.739,-0.004,-363024.1,0.689,-0.002,1.367,6.31,0,-0.002,0,-0.012,-0.019,13.15,-1.6,0.6,100,0
"2026-01-15 17:06:00",139442,"",7999,2026,1,15,16,57,5,-0.0051,0.739,-0.004,-363024.1,0.689,-0.002,1.367,6.31,0,-0.002,0,-0.012,-0.019,13.15,-1.6,0.6,100,0
"2026-01-15 17:09:00",139443,"",7999,2026,1,15,17,3,5,-0.0192,0.746,-0.014,-363029.3,0.696,-0.013,1.381,6.32,0,-0.013,0.004,-0.023,-0.019,13.15,-1.6,0.6,100,0
"2026-01-15 17:12:00",139444,"",7999,2026,1,15,17,3,5,-0.0192,0.746,-0.014,-363029.3,0.696,-0.013,1.381,6.32,0,-0.013,0.004,-0.023,-0.019,13.15,-1.6,0.6,100,0
"2026-01-15 17:15:00",139445,"",7999,2026,1,15,17,9,5,0.0087,0.748,0.006,-363029.5,0.698,0.005,1.384,6.29,0,0.005,0.001,-0.007,0.009,13.15,-1.6,0.6,100,0
"2026-01-15 17:18:00",139446,"",7999,2026,1,15,17,9,5,0.0087,0.748,0.006,-363029.5,0.698,0.005,1.384,6.29,0,0.005,0.001,-0.007,0.009,13.15,-1.6,0.6,100,0
"2026-01-15 17:21:00",139447,"",7999,2026,1,15,17,15,5,0.0055,0.755,0.004,-363027.2,0.705,0.002,1.397,6.3,0,0.002,-0.001,0.005,0,13.15,-1.6,0.6,100,0
"2026-01-15 17:24:00",139448,"",7999,2026,1,15,17,15,5,0.0055,0.755,0.004,-363027.2,0.705,0.002,1.397,6.3,0,0.002,-0.001,0.005,0,13.15,-1.6,0.6,100,0
"2026-01-15 17:27:00",139449,"",7999,2026,1,15,17,21,5,-0.0027,0.751,-0.002,-363027.2,0.701,-0.001,1.39,6.24,0,-0.001,0.001,-0.014,-0.014,13.15,-1.6,0.6,100,0
"2026-01-15 17:30:00",139450,"",7999,2026,1,15,17,21,5,-0.0027,0.751,-0.002,-363027.2,0.701,-0.001,1.39,6.24,0,-0.001,0.001,-0.014,-0.014,13.15,-1.6,0.6,100,0
"2026-01-15 17:33:00",139451,"",7999,2026,1,15,17,27,5,-0.0321,0.744,-0.023,-363035.2,0.694,-0.023,1.377,6.2,0,-0.023,-0.002,-0.037,-0.04,13.15,-1.6,0.6,100,0
"2026-01-15 17:36:00",139452,"",7999,2026,1,15,17,27,5,-0.0321,0.744,-0.023,-363035.2,0.694,-0.023,1.377,6.2,0,-0.023,-0.002,-0.037,-0.04,13.15,-1.6,0.6,100,0
"2026-01-15 17:39:00",139453,"",7999,2026,1,15,17,33,5,-0.0339,0.736,-0.025,-363047.2,0.686,-0.025,1.362,6.1,0,-0.025,-0.004,-0.026,-0.052,13.15,-1.6,0.6,100,0
"2026-01-15 17:42:00",139454,"",7999,2026,1,15,17,33,5,-0.0339,0.736,-0.025,-363047.2,0.686,-0.025,1.362,6.1,0,-0.025,-0.004,-0.026,-0.052,13.15,-1.6,0.6,100,0
"2026-01-15 17:45:00",139455,"",7999,2026,1,15,17,39,5,-0.0088,0.723,-0.007,-363053.4,0.673,-0.007,1.337,5.72,0,-0.007,-0.003,-0.023,-0.014,13.15,-1.6,0.6,100,0
"2026-01-15 17:48:00",139456,"",7999,2026,1,15,17,39,5,-0.0088,0.723,-0.007,-363053.4,0.673,-0.007,1.337,5.72,0,-0.007,-0.003,-0.023,-0.014,13.15,-1.6,0.6,100,0
"2026-01-15 17:51:00",139457,"",7999,2026,1,15,17,45,5,-0.0207,0.71,-0.016,-363059.4,0.66,-0.016,1.314,5.51,0,-0.016,-0.003,-0.021,-0.033,13.15,-1.6,0.6,100,0
"2026-01-15 17:54:00",139458,"",7999,2026,1,15,17,45,5,-0.0207,0.71,-0.016,-363059.4,0.66,-0.016,1.314,5.51,0,-0.016,-0.003,-0.021,-0.033,13.15,-1.6,0.6,100,0
"2026-01-15 17:57:00",139459,"",7999,2026,1,15,17,51,5,-0.0114,0.71,-0.009,-363064.7,0.66,-0.008,1.314,5.34,0,-0.008,-0.002,-0.019,-0.017,13.14,-1.6,0.6,100,0
"2026-01-15 18:00:00",139460,"",7999,2026,1,15,17,51,5,-0.0114,0.71,-0.009,-363064.7,0.66,-0.008,1.314,5.34,0,-0.008,-0.002,-0.019,-0.017,13.14,-1.6,0.6,100,0
"2026-01-15 18:03:00",139461,"",7999,2026,1,15,17,57,5,-0.0182,0.696,-0.014,-363070.4,0.646,-0.013,1.288,5.21,0,-0.013,-0.002,-0.03,-0.033,13.15,-1.6,0.6,100,0
"2026-01-15 18:06:00",139462,"",7999,2026,1,15,17,57,5,-0.0182,0.696,-0.014,-363070.4,0.646,-0.013,1.288,5.21,0,-0.013,-0.002,-0.03,-0.033,13.15,-1.6,0.6,100,0
"2026-01-15 18:09:00",139463,"",7999,2026,1,15,18,3,5,0.0107,0.686,0.008,-363070.1,0.636,0.008,1.269,5.01,0,0.008,-0.004,-0.014,0,13.14,-1.6,0.6,100,0
"2026-01-15 18:12:00",139464,"",7999,2026,1,15,18,3,5,0.0107,0.686,0.008,-363070.1,0.636,0.008,1.269,5.01,0,0.008,-0.004,-0.014,0,13.14,-1.6,0.6,100,0
"2026-01-15 18:15:00",139465,"",7999,2026,1,15,18,9,5,-0.0097,0.669,-0.008,-363071.1,0.619,-0.007,1.238,4.93,0,-0.007,-0.001,-0.012,-0.021,13.14,-1.6,0.6,100,0
"2026-01-15 18:18:00",139466,"",7999,2026,1,15,18,9,5,-0.0097,0.669,-0.008,-363071.1,0.619,-0.007,1.238,4.93,0,-0.007,-0.001,-0.012,-0.021,13.14,-1.6,0.6,100,0
"2026-01-15 18:21:00",139467,"",7999,2026,1,15,18,15,5,-0.0225,0.652,-0.019,-363077.7,0.602,-0.018,1.206,4.88,0,-0.018,0.002,-0.009,-0.028,13.14,-1.6,0.6,100,0
"2026-01-15 18:24:00",139468,"",7999,2026,1,15,18,15,5,-0.0225,0.652,-0.019,-363077.7,0.602,-0.018,1.206,4.88,0,-0.018,0.002,-0.009,-0.028,13.14,-1.6,0.6,100,0
"2026-01-15 18:27:00",139469,"",7999,2026,1,15,18,21,5,-0.0158,0.643,-0.013,-363084.2,0.593,-0.012,1.19,4.84,0,-0.012,-0.002,-0.019,-0.019,13.14,-1.6,0.6,100,0
"2026-01-15 18:30:00",139470,"",7999,2026,1,15,18,21,5,-0.0158,0.643,-0.013,-363084.2,0.593,-0.012,1.19,4.84,0,-0.012,-0.002,-0.019,-0.019,13.14,-1.6,0.6,100,0
"2026-01-15 18:33:00",139471,"",7999,2026,1,15,18,27,5,-0.0041,0.633,-0.004,-363087.1,0.583,-0.002,1.172,4.73,0,-0.002,0.001,-0.007,-0.005,13.14,-1.6,0.6,100,0
"2026-01-15 18:36:00",139472,"",7999,2026,1,15,18,27,5,-0.0041,0.633,-0.004,-363087.1,0.583,-0.002,1.172,4.73,0,-0.002,0.001,-0.007,-0.005,13.14,-1.6,0.6,100,0
"2026-01-15 18:39:00",139473,"",7999,2026,1,15,18,33,5,0.0046,0.635,0.004,-363086.5,0.585,0.002,1.174,4.64,0,0.002,0.001,-0.005,0,13.14,-1.6,0.6,100,0
"2026-01-15 18:42:00",139474,"",7999,2026,1,15,18,33,5,0.0046,0.635,0.004,-363086.5,0.585,0.002,1.174,4.64,0,0.002,0.001,-0.005,0,13.14,-1.6,0.6,100,0
"2026-01-15 18:45:00",139475,"",7999,2026,1,15,18,39,5,-0.0162,0.618,-0.014,-363089.8,0.568,-0.013,1.144,4.64,0,-0.013,0.002,-0.014,-0.014,13.14,-1.6,0.6,100,0
"2026-01-15 18:48:00",139476,"",7999,2026,1,15,18,39,5,-0.0162,0.618,-0.014,-363089.8,0.568,-0.013,1.144,4.64,0,-0.013,0.002,-0.014,-0.014,13.14,-1.6,0.6,100,0
"2026-01-15 18:51:00",139477,"",7999,2026,1,15,18,45,5,-0.0105,0.603,-0.009,-363094.3,0.553,-0.008,1.117,4.64,0,-0.008,0.001,-0.014,-0.012,13.14,-1.6,0.6,100,0
"2026-01-15 18:54:00",139478,"",7999,2026,1,15,18,45,5,-0.0105,0.603,-0.009,-363094.3,0.553,-0.008,1.117,4.64,0,-0.008,0.001,-0.014,-0.012,13.14,-1.6,0.6,100,0
"2026-01-15 18:57:00",139479,"",7999,2026,1,15,18,51,5,-0.0135,0.603,-0.012,-363098.8,0.553,-0.011,1.115,4.76,0,-0.011,0,-0.023,-0.024,13.14,-1.6,0.6,100,0
"2026-01-15 19:00:00",139480,"",7999,2026,1,15,18,51,5,-0.0135,0.603,-0.012,-363098.8,0.553,-0.011,1.115,4.76,0,-0.011,0,-0.023,-0.024,13.14,-1.6,0.6,100,0
"2026-01-15 19:03:00",139481,"",7999,2026,1,15,18,57,5,-0.0003,0.604,0,-363100.5,0.554,0,1.118,4.84,0,0,0,-0.005,-0.012,13.14,-1.6,0.6,100,0
"2026-01-15 19:06:00",139482,"",7999,2026,1,15,18,57,5,-0.0003,0.604,0,-363100.5,0.554,0,1.118,4.84,0,0,0,-0.005,-0.012,13.14,-1.6,0.6,100,0
"2026-01-15 19:09:00",139483,"",7999,2026,1,15,19,3,5,0.0046,0.608,0.004,-363099.5,0.558,0.004,1.125,4.88,0,0.004,0.001,0,-0.009,13.14,-1.6,0.6,100,0
"2026-01-15 19:12:00",139484,"",7999,2026,1,15,19,3,5,0.0046,0.608,0.004,-363099.5,0.558,0.004,1.125,4.88,0,0.004,0.001,0,-0.009,13.14,-1.6,0.6,100,0
"2026-01-15 19:15:00",139485,"",7999,2026,1,15,19,9,5,-0.0041,0.604,-0.004,-363099.9,0.554,-0.002,1.118,4.87,0,-0.002,0.001,-0.012,-0.009,13.14,-1.6,0.6,100,0
"2026-01-15 19:18:00",139486,"",7999,2026,1,15,19,9,5,-0.0041,0.604,-0.004,-363099.9,0.554,-0.002,1.118,4.87,0,-0.002,0.001,-0.012,-0.009,13.14,-1.6,0.6,100,0
"2026-01-15 19:21:00",139487,"",7999,2026,1,15,19,15,5,-0.0066,0.597,-0.006,-363102,0.547,-0.005,1.106,4.88,0,-0.005,0,-0.005,-0.014,13.14,-1.6,0.6,100,0
"2026-01-15 19:24:00",139488,"",7999,2026,1,15,19,15,5,-0.0066,0.597,-0.006,-363102,0.547,-0.005,1.106,4.88,0,-0.005,0,-0.005,-0.014,13.14,-1.6,0.6,100,0
"2026-01-15 19:27:00",139489,"",7999,2026,1,15,19,21,5,-0.003,0.592,-0.003,-363103.5,0.542,-0.002,1.095,4.91,0,-0.002,0.001,-0.007,-0.009,13.14,-1.6,0.6,100,0
"2026-01-15 19:30:00",139490,"",7999,2026,1,15,19,21,5,-0.003,0.592,-0.003,-363103.5,0.542,-0.002,1.095,4.91,0,-0.002,0.001,-0.007,-0.009,13.14,-1.6,0.6,100,0
"2026-01-15 19:33:00",139491,"",7999,2026,1,15,19,27,5,-0.0033,0.592,-0.003,-363104.7,0.542,-0.002,1.096,4.93,0,-0.002,0,-0.014,-0.007,13.14,-1.6,0.6,100,0
"2026-01-15 19:36:00",139492,"",7999,2026,1,15,19,27,5,-0.0033,0.592,-0.003,-363104.7,0.542,-0.002,1.096,4.93,0,-0.002,0,-0.014,-0.007,13.14,-1.6,0.6,100,0
"2026-01-15 19:39:00",139493,"",7999,2026,1,15,19,33,5,0.0002,0.588,0,-363105,0.538,0,1.089,4.97,0,0,0,-0.012,0.005,13.14,-1.6,0.6,100,0
"2026-01-15 19:42:00",139494,"",7999,2026,1,15,19,33,5,0.0002,0.588,0,-363105,0.538,0,1.089,4.97,0,0,0,-0.012,0.005,13.14,-1.6,0.6,100,0
"2026-01-15 19:45:00",139495,"",7999,2026,1,15,19,39,5,0.0009,0.582,0.001,-363104.8,0.532,0.001,1.077,4.99,0,0.001,-0.002,-0.014,-0.007,13.14,-1.6,0.6,100,0
"2026-01-15 19:48:00",139496,"",7999,2026,1,15,19,39,5,0.0009,0.582,0.001,-363104.8,0.532,0.001,1.077,4.99,0,0.001,-0.002,-0.014,-0.007,13.14,-1.6,0.6,100,0
"2026-01-15 19:51:00",139497,"",7999,2026,1,15,19,45,5,-0.0072,0.573,-0.007,-363106.4,0.523,-0.006,1.061,5,0,-0.006,-0.001,-0.014,-0.014,13.14,-1.6,0.6,100,0
"2026-01-15 19:54:00",139498,"",7999,2026,1,15,19,45,5,-0.0072,0.573,-0.007,-363106.4,0.523,-0.006,1.061,5,0,-0.006,-0.001,-0.014,-0.014,13.14,-1.6,0.6,100,0
"2026-01-15 19:57:00",139499,"",7999,2026,1,15,19,51,5,-0.0048,0.581,-0.005,-363108.5,0.531,-0.004,1.075,4.99,0,-0.004,0.001,-0.005,0,13.14,-1.6,0.6,100,0
"2026-01-15 20:00:00",139500,"",7999,2026,1,15,19,51,5,-0.0048,0.581,-0.005,-363108.5,0.531,-0.004,1.075,4.99,0,-0.004,0.001,-0.005,0,13.14,-1.6,0.6,100,0
"2026-01-15 20:03:00",139501,"",7999,2026,1,15,19,57,5,-0.0019,0.578,-0.002,-363109.5,0.528,-0.001,1.07,5.01,0,-0.001,0.001,-0.005,-0.007,13.14,-1.6,0.6,100,0
"2026-01-15 20:06:00",139502,"",7999,2026,1,15,19,57,5,-0.0019,0.578,-0.002,-363109.5,0.528,-0.001,1.07,5.01,0,-0.001,0.001,-0.005,-0.007,13.14,-1.6,0.6,100,0
"2026-01-15 20:09:00",139503,"",7999,2026,1,15,20,3,5,-0.0064,0.558,-0.006,-363111.3,0.508,-0.005,1.034,4.95,0,-0.005,0.001,-0.009,-0.009,13.14,-1.6,0.6,100,0
"2026-01-15 20:12:00",139504,"",7999,2026,1,15,20,3,5,-0.0064,0.558,-0.006,-363111.3,0.508,-0.005,1.034,4.95,0,-0.005,0.001,-0.009,-0.009,13.14,-1.6,0.6,100,0
"2026-01-15 20:15:00",139505,"",7999,2026,1,15,20,9,5,-0.0051,0.544,-0.005,-363113.3,0.494,-0.005,1.007,4.92,0,-0.005,-0.001,-0.012,-0.024,13.14,-1.6,0.6,100,0
"2026-01-15 20:18:00",139506,"",7999,2026,1,15,20,9,5,-0.0051,0.544,-0.005,-363113.3,0.494,-0.005,1.007,4.92,0,-0.005,-0.001,-0.012,-0.024,13.14,-1.6,0.6,100,0
"2026-01-15 20:21:00",139507,"",7999,2026,1,15,20,15,5,-0.0047,0.528,-0.005,-363115,0.478,-0.004,0.978,5,0,-0.004,-0.001,-0.016,-0.012,13.14,-1.6,0.6,100,0
"2026-01-15 20:24:00",139508,"",7999,2026,1,15,20,15,5,-0.0047,0.528,-0.005,-363115,0.478,-0.004,0.978,5,0,-0.004,-0.001,-0.016,-0.012,13.14,-1.6,0.6,100,0
"2026-01-15 20:27:00",139509,"",7999,2026,1,15,20,21,5,-0.0027,0.521,-0.003,-363116.3,0.471,-0.001,0.963,5.05,0,-0.001,0.001,-0.012,-0.009,13.14,-1.6,0.6,100,0
"2026-01-15 20:30:00",139510,"",7999,2026,1,15,20,21,5,-0.0027,0.521,-0.003,-363116.3,0.471,-0.001,0.963,5.05,0,-0.001,0.001,-0.012,-0.009,13.14,-1.6,0.6,100,0
"2026-01-15 20:33:00",139511,"",7999,2026,1,15,20,27,5,-0.0023,0.525,-0.002,-363117.1,0.475,-0.002,0.972,5.12,0,-0.002,0,-0.012,-0.007,13.14,-1.6,0.6,100,0
"2026-01-15 20:36:00",139512,"",7999,2026,1,15,20,27,5,-0.0023,0.525,-0.002,-363117.1,0.475,-0.002,0.972,5.12,0,-0.002,0,-0.012,-0.007,13.14,-1.6,0.6,100,0
"2026-01-15 20:39:00",139513,"",7999,2026,1,15,20,33,5,-0.0017,0.524,-0.002,-363117.8,0.474,0,0.97,5.38,0,0,0,-0.014,-0.014,13.14,-1.6,0.6,100,0
"2026-01-15 20:42:00",139514,"",7999,2026,1,15,20,33,5,-0.0017,0.524,-0.002,-363117.8,0.474,0,0.97,5.38,0,0,0,-0.014,-0.014,13.14,-1.6,0.6,100,0
"2026-01-15 20:45:00",139515,"",7999,2026,1,15,20,39,5,-0.0035,0.515,-0.004,-363118.9,0.465,-0.002,0.953,5.44,0,-0.002,0,-0.014,-0.026,13.14,-1.6,0.6,100,0
"2026-01-15 20:48:00",139516,"",7999,2026,1,15,20,39,5,-0.0035,0.515,-0.004,-363118.9,0.465,-0.002,0.953,5.44,0,-0.002,0,-0.014,-0.026,13.14,-1.6,0.6,100,0
"2026-01-15 20:51:00",139517,"",7999,2026,1,15,20,45,5,-0.0035,0.506,-0.004,-363120.2,0.456,-0.002,0.937,5.44,0,-0.002,0,-0.009,-0.007,13.14,-1.6,0.6,100,0
"2026-01-15 20:54:00",139518,"",7999,2026,1,15,20,45,5,-0.0035,0.506,-0.004,-363120.2,0.456,-0.002,0.937,5.44,0,-0.002,0,-0.009,-0.007,13.14,-1.6,0.6,100,0
"2026-01-15 20:57:00",139519,"",7999,2026,1,15,20,51,5,-0.0022,0.5,-0.002,-363121.1,0.45,-0.001,0.925,5.57,0,-0.001,-0.001,-0.016,0,13.14,-1.6,0.6,100,0
"2026-01-15 21:00:00",139520,"",7999,2026,1,15,20,51,5,-0.0022,0.5,-0.002,-363121.1,0.45,-0.001,0.925,5.57,0,-0.001,-0.001,-0.016,0,13.14,-1.6,0.6,100,0
"2026-01-15 21:03:00",139521,"",7999,2026,1,15,20,57,5,-0.0022,0.499,-0.002,-363121.9,0.449,-0.001,0.923,5.78,0,-0.001,0.001,-0.005,-0.012,13.14,-1.6,0.6,100,0
"2026-01-15 21:06:00",139522,"",7999,2026,1,15,20,57,5,-0.0022,0.499,-0.002,-363121.9,0.449,-0.001,0.923,5.78,0,-0.001,0.001,-0.005,-0.012,13.14,-1.6,0.6,100,0
"2026-01-15 21:09:00",139523,"",7999,2026,1,15,21,3,5,0.0001,0.499,0,-363122.2,0.449,0.001,0.923,5.94,0,0.001,0.001,-0.023,-0.014,13.14,-1.6,0.6,100,0
"2026-01-15 21:12:00",139524,"",7999,2026,1,15,21,3,5,0.0001,0.499,0,-363122.2,0.449,0.001,0.923,5.94,0,0.001,0.001,-0.023,-0.014,13.14,-1.6,0.6,100,0
"2026-01-15 21:15:00",139525,"",7999,2026,1,15,21,9,5,-0.002,0.497,-0.002,-363122.6,0.447,0,0.921,6.02,0,0,0,-0.005,-0.007,13.14,-1.6,0.6,100,0
"2026-01-15 21:18:00",139526,"",7999,2026,1,15,21,9,5,-0.002,0.497,-0.002,-363122.6,0.447,0,0.921,6.02,0,0,0,-0.005,-0.007,13.14,-1.6,0.6,100,0
"2026-01-15 21:21:00",139527,"",7999,2026,1,15,21,15,5,-0.0003,0.492,0,-363122.9,0.442,0,0.911,6.01,0,0,0,0,-0.014,13.14,-1.6,0.6,100,0
"2026-01-15 21:24:00",139528,"",7999,2026,1,15,21,15,5,-0.0003,0.492,0,-363122.9,0.442,0,0.911,6.01,0,0,0,0,-0.014,13.14,-1.6,0.6,100,0
"2026-01-15 21:27:00",139529,"",7999,2026,1,15,21,21,5,-0.0006,0.495,-0.001,-363123.2,0.445,0,0.916,5.98,0,0,0,-0.012,-0.007,13.14,-1.6,0.6,100,0
"2026-01-15 21:30:00",139530,"",7999,2026,1,15,21,21,5,-0.0006,0.495,-0.001,-363123.2,0.445,0,0.916,5.98,0,0,0,-0.012,-0.007,13.14,-1.6,0.6,100,0
"2026-01-15 21:33:00",139531,"",7999,2026,1,15,21,27,5,-0.001,0.505,-0.001,-363123.5,0.455,0,0.934,6.03,0,0,0,-0.021,0,13.14,-1.6,0.6,100,0
"2026-01-15 21:36:00",139532,"",7999,2026,1,15,21,27,5,-0.001,0.505,-0.001,-363123.5,0.455,0,0.934,6.03,0,0,0,-0.021,0,13.14,-1.6,0.6,100,0
"2026-01-15 21:39:00",139533,"",7999,2026,1,15,21,33,5,-0.001,0.511,-0.001,-363123.8,0.461,0,0.946,6.01,0,0,0,-0.037,-0.017,13.14,-1.6,0.6,100,0
"2026-01-15 21:42:00",139534,"",7999,2026,1,15,21,33,5,-0.001,0.511,-0.001,-363123.8,0.461,0,0.946,6.01,0,0,0,-0.037,-0.017,13.14,-1.6,0.6,100,0
"2026-01-15 21:45:00",139535,"",7999,2026,1,15,21,39,5,-0.0045,0.517,-0.005,-363125.1,0.467,-0.004,0.956,5.95,0,-0.004,0.002,-0.021,-0.024,13.14,-1.6,0.6,100,0
"2026-01-15 21:48:00",139536,"",7999,2026,1,15,21,39,5,-0.0045,0.517,-0.005,-363125.1,0.467,-0.004,0.956,5.95,0,-0.004,0.002,-0.021,-0.024,13.14,-1.6,0.6,100,0
"2026-01-15 21:51:00",139537,"",7999,2026,1,15,21,45,5,-0.002,0.517,-0.002,-363126.1,0.467,-0.001,0.956,5.95,0,-0.001,-0.001,-0.026,-0.007,13.14,-1.6,0.6,100,0
"2026-01-15 21:54:00",139538,"",7999,2026,1,15,21,45,5,-0.002,0.517,-0.002,-363126.1,0.467,-0.001,0.956,5.95,0,-0.001,-0.001,-0.026,-0.007,13.14,-1.6,0.6,100,0
"2026-01-15 21:57:00",139539,"",7999,2026,1,15,21,51,5,0.0003,0.524,0,-363126.3,0.474,0,0.97,5.93,0,0,0,-0.016,-0.012,13.14,-1.6,0.6,100,0
"2026-01-15 22:00:00",139540,"",7999,2026,1,15,21,51,5,0.0003,0.524,0,-363126.3,0.474,0,0.97,5.93,0,0,0,-0.016,-0.012,13.14,-1.6,0.6,100,0
"2026-01-15 22:03:00",139541,"",7999,2026,1,15,21,57,5,-0.0013,0.534,-0.001,-363126.5,0.484,0,0.988,5.93,0,0,0,-0.019,-0.009,13.14,-1.6,0.6,100,0
"2026-01-15 22:06:00",139542,"",7999,2026,1,15,21,57,5,-0.0013,0.534,-0.001,-363126.5,0.484,0,0.988,5.93,0,0,0,-0.019,-0.009,13.14,-1.6,0.6,100,0
"2026-01-15 22:09:00",139543,"",7999,2026,1,15,22,3,5,-0.0065,0.527,-0.007,-363128.3,0.477,-0.006,0.976,5.85,0,-0.006,0.002,0.005,-0.009,13.14,-1.6,0.6,100,0
"2026-01-15 22:12:00",139544,"",7999,2026,1,15,22,3,5,-0.0065,0.527,-0.007,-363128.3,0.477,-0.006,0.976,5.85,0,-0.006,0.002,0.005,-0.009,13.14,-1.6,0.6,100,0
"2026-01-15 22:15:00",139545,"",7999,2026,1,15,22,9,5,-0.0086,0.518,-0.009,-363131.1,0.468,-0.008,0.959,5.67,0,-0.008,0.003,-0.005,-0.007,13.14,-1.6,0.6,100,0
"2026-01-15 22:18:00",139546,"",7999,2026,1,15,22,9,5,-0.0086,0.518,-0.009,-363131.1,0.468,-0.008,0.959,5.67,0,-0.008,0.003,-0.005,-0.007,13.14,-1.6,0.6,100,0
"2026-01-15 22:21:00",139547,"",7999,2026,1,15,22,15,5,-0.0006,0.513,-0.001,-363132.3,0.463,0,0.95,5.69,0,0,0.001,-0.023,0,13.14,-1.6,0.6,100,0
"2026-01-15 22:24:00",139548,"",7999,2026,1,15,22,15,5,-0.0006,0.513,-0.001,-363132.3,0.463,0,0.95,5.69,0,0,0.001,-0.023,0,13.14,-1.6,0.6,100,0
"2026-01-15 22:27:00",139549,"",7999,2026,1,15,22,21,5,-0.0005,0.509,-0.001,-363132.5,0.459,0,0.943,5.64,0,0,0,-0.009,0,13.14,-1.6,0.6,100,0
"2026-01-15 22:30:00",139550,"",7999,2026,1,15,22,21,5,-0.0005,0.509,-0.001,-363132.5,0.459,0,0.943,5.64,0,0,0,-0.009,0,13.14,-1.6,0.6,100,0
"2026-01-15 22:33:00",139551,"",7999,2026,1,15,22,27,5,-0.0042,0.506,-0.005,-363133.6,0.456,-0.004,0.937,5.57,0,-0.004,-0.002,-0.014,-0.019,13.14,-1.6,0.6,100,0
"2026-01-15 22:36:00",139552,"",7999,2026,1,15,22,27,5,-0.0042,0.506,-0.005,-363133.6,0.456,-0.004,0.937,5.57,0,-0.004,-0.002,-0.014,-0.019,13.14,-1.6,0.6,100,0
"2026-01-15 22:39:00",139553,"",7999,2026,1,15,22,33,5,-0.0025,0.505,-0.003,-363134.7,0.455,-0.001,0.935,5.6,0,-0.001,0.001,-0.014,-0.005,13.14,-1.6,0.6,100,0
"2026-01-15 22:42:00",139554,"",7999,2026,1,15,22,33,5,-0.0025,0.505,-0.003,-363134.7,0.455,-0.001,0.935,5.6,0,-0.001,0.001,-0.014,-0.005,13.14,-1.6,0.6,100,0
"2026-01-15 22:45:00",139555,"",7999,2026,1,15,22,39,5,-0.0019,0.498,-0.002,-363135.5,0.448,0,0.922,5.6,0,0,0,0.002,-0.019,13.14,-1.6,0.6,100,0
"2026-01-15 22:48:00",139556,"",7999,2026,1,15,22,39,5,-0.0019,0.498,-0.002,-363135.5,0.448,0,0.922,5.6,0,0,0,0.002,-0.019,13.14,-1.6,0.6,100,0
"2026-01-15 22:51:00",139557,"",7999,2026,1,15,22,45,5,-0.0001,0.498,0,-363135.8,0.448,0,0.922,5.57,0,0,0,-0.007,-0.017,13.14,-1.6,0.6,100,0
"2026-01-15 22:54:00",139558,"",7999,2026,1,15,22,45,5,-0.0001,0.498,0,-363135.8,0.448,0,0.922,5.57,0,0,0,-0.007,-0.017,13.14,-1.6,0.6,100,0
"2026-01-15 22:57:00",139559,"",7999,2026,1,15,22,51,5,-0.0008,0.499,-0.001,-363135.9,0.449,0,0.924,5.52,0,0,0,0,0.002,13.14,-1.6,0.6,100,0
"2026-01-15 23:00:00",139560,"",7999,2026,1,15,22,51,5,-0.0008,0.499,-0.001,-363135.9,0.449,0,0.924,5.52,0,0,0,0,0.002,13.14,-1.6,0.6,100,0
"2026-01-15 23:03:00",139561,"",7999,2026,1,15,22,57,5,-0.0015,0.498,-0.002,-363136.4,0.448,0,0.922,5.42,0,0,0,0,-0.019,13.14,-1.6,0.6,100,0
"2026-01-15 23:06:00",139562,"",7999,2026,1,15,22,57,5,-0.0015,0.498,-0.002,-363136.4,0.448,0,0.922,5.42,0,0,0,0,-0.019,13.14,-1.6,0.6,100,0
"2026-01-15 23:09:00",139563,"",7999,2026,1,15,23,3,5,-0.0051,0.493,-0.006,-363137.8,0.443,-0.005,0.912,5.39,0,-0.005,0.002,0.012,0.014,13.14,-1.6,0.6,100,0
"2026-01-15 23:12:00",139564,"",7999,2026,1,15,23,3,5,-0.0051,0.493,-0.006,-363137.8,0.443,-0.005,0.912,5.39,0,-0.005,0.002,0.012,0.014,13.14,-1.6,0.6,100,0
"2026-01-15 23:15:00",139565,"",7999,2026,1,15,23,9,5,-0.0018,0.489,-0.002,-363138.9,0.439,-0.001,0.904,5.42,0,-0.001,-0.001,-0.019,-0.009,13.14,-1.6,0.6,100,0
"2026-01-15 23:18:00",139566,"",7999,2026,1,15,23,9,5,-0.0018,0.489,-0.002,-363138.9,0.439,-0.001,0.904,5.42,0,-0.001,-0.001,-0.019,-0.009,13.14,-1.6,0.6,100,0
"2026-01-15 23:21:00",139567,"",7999,2026,1,15,23,15,5,-0.0015,0.483,-0.002,-363139.5,0.433,0,0.894,5.44,0,0,0,0,0.002,13.14,-1.6,0.6,100,0
"2026-01-15 23:24:00",139568,"",7999,2026,1,15,23,15,5,-0.0015,0.483,-0.002,-363139.5,0.433,0,0.894,5.44,0,0,0,0,0.002,13.14,-1.6,0.6,100,0
"2026-01-15 23:27:00",139569,"",7999,2026,1,15,23,21,5,0.0006,0.494,0.001,-363139.6,0.444,0,0.914,5.52,0,0,0,0.005,-0.005,13.14,-1.6,0.6,99,0
"2026-01-15 23:30:00",139570,"",7999,2026,1,15,23,21,5,0.0006,0.494,0.001,-363139.6,0.444,0,0.914,5.52,0,0,0,0.005,-0.005,13.14,-1.6,0.6,99,0
"2026-01-15 23:33:00",139571,"",7999,2026,1,15,23,27,5,0.0014,0.509,0.002,-363139.1,0.459,0,0.941,5.54,0,0,0,-0.026,0,13.14,-1.6,0.6,99,0
"2026-01-15 23:36:00",139572,"",7999,2026,1,15,23,27,5,0.0014,0.509,0.002,-363139.1,0.459,0,0.941,5.54,0,0,0,-0.026,0,13.14,-1.6,0.6,99,0
"2026-01-15 23:39:00",139573,"",7999,2026,1,15,23,33,5,-0.0062,0.523,-0.006,-363140.4,0.473,-0.006,0.968,5.49,0,-0.006,-0.006,-0.012,0.002,13.14,-1.6,0.6,100,0
"2026-01-15 23:42:00",139574,"",7999,2026,1,15,23,33,5,-0.0062,0.523,-0.006,-363140.4,0.473,-0.006,0.968,5.49,0,-0.006,-0.006,-0.012,0.002,13.14,-1.6,0.6,100,0
"2026-01-15 23:45:00",139575,"",7999,2026,1,15,23,39,5,0,0.523,0,-363141.2,0.473,0,0.968,5.5,0,0,0,-0.014,0,13.14,-1.6,0.6,100,0
"2026-01-15 23:48:00",139576,"",7999,2026,1,15,23,39,5,0,0.523,0,-363141.2,0.473,0,0.968,5.5,0,0,0,-0.014,0,13.14,-1.6,0.6,100,0
"2026-01-15 23:51:00",139577,"",7999,2026,1,15,23,45,5,0.0016,0.528,0.002,-363140.8,0.478,0.001,0.976,5.5,0,0.001,0.001,-0.002,-0.005,13.14,-1.6,0.6,100,0
"2026-01-15 23:54:00",139578,"",7999,2026,1,15,23,45,5,0.0016,0.528,0.002,-363140.8,0.478,0.001,0.976,5.5,0,0.001,0.001,-0.002,-0.005,13.14,-1.6,0.6,100,0
"2026-01-15 23:57:00",139579,"",7999,2026,1,15,23,51,5,0.0023,0.541,0.002,-363140,0.491,0.001,1.001,5.46,0,0.001,0.001,-0.012,0.002,13.14,-1.6,0.6,100,0
"2026-01-16 00:00:00",139580,"",7999,2026,1,15,23,51,5,0.0023,0.541,0.002,-363140,0.491,0.001,1.001,5.46,0,0.001,0.001,-0.012,0.002,13.14,-1.6,0.6,100,0
"2026-01-16 00:03:00",139581,"",7999,2026,1,15,23,57,5,-0.0069,0.544,-0.007,-363141.4,0.494,-0.006,1.008,5.37,0,-0.006,0.003,-0.009,-0.012,13.14,-1.6,0.6,100,0
"2026-01-16 00:06:00",139582,"",7999,2026,1,15,23,57,5,-0.0069,0.544,-0.007,-363141.4,0.494,-0.006,1.008,5.37,0,-0.006,0.003,-0.009,-0.012,13.14,-1.6,0.6,100,0
"2026-01-16 00:09:00",139583,"",7999,2026,1,16,0,3,5,-0.0036,0.544,-0.004,-363143.1,0.494,-0.002,1.006,5.38,0,-0.002,0.001,-0.002,-0.005,13.14,-1.6,0.6,100,0
"2026-01-16 00:12:00",139584,"",7999,2026,1,16,0,3,5,-0.0036,0.544,-0.004,-363143.1,0.494,-0.002,1.006,5.38,0,-0.002,0.001,-0.002,-0.005,13.14,-1.6,0.6,100,0
"2026-01-16 00:15:00",139585,"",7999,2026,1,16,0,9,5,-0.0001,0.547,0,-363143.6,0.497,0,1.012,5.45,0,0,0,-0.007,-0.007,13.14,-1.6,0.6,100,0
"2026-01-16 00:18:00",139586,"",7999,2026,1,16,0,9,5,-0.0001,0.547,0,-363143.6,0.497,0,1.012,5.45,0,0,0,-0.007,-0.007,13.14,-1.6,0.6,100,0
"2026-01-16 00:21:00",139587,"",7999,2026,1,16,0,15,5,0.0038,0.558,0.004,-363142.7,0.508,0.002,1.033,5.48,0,0.002,-0.001,-0.002,-0.002,13.14,-1.6,0.6,100,0
"2026-01-16 00:24:00",139588,"",7999,2026,1,16,0,15,5,0.0038,0.558,0.004,-363142.7,0.508,0.002,1.033,5.48,0,0.002,-0.001,-0.002,-0.002,13.14,-1.6,0.6,100,0
"2026-01-16 00:27:00",139589,"",7999,2026,1,16,0,21,5,0.0045,0.569,0.004,-363141.2,0.519,0.002,1.053,5.36,0,0.002,0,0,0.024,13.14,-1.6,0.6,100,0
"2026-01-16 00:30:00",139590,"",7999,2026,1,16,0,21,5,0.0045,0.569,0.004,-363141.2,0.519,0.002,1.053,5.36,0,0.002,0,0,0.024,13.14,-1.6,0.6,100,0
"2026-01-16 00:33:00",139591,"",7999,2026,1,16,0,27,5,0.0028,0.576,0.003,-363139.9,0.526,0.001,1.066,5.39,0,0.001,-0.001,-0.012,-0.007,13.14,-1.6,0.6,100,0
"2026-01-16 00:36:00",139592,"",7999,2026,1,16,0,27,5,0.0028,0.576,0.003,-363139.9,0.526,0.001,1.066,5.39,0,0.001,-0.001,-0.012,-0.007,13.14,-1.6,0.6,100,0
"2026-01-16 00:39:00",139593,"",7999,2026,1,16,0,33,5,0.0017,0.567,0.002,-363139.2,0.517,0.001,1.049,5.46,0,0.001,-0.002,0.002,0.009,13.14,-1.6,0.6,100,0
"2026-01-16 00:42:00",139594,"",7999,2026,1,16,0,33,5,0.0017,0.567,0.002,-363139.2,0.517,0.001,1.049,5.46,0,0.001,-0.002,0.002,0.009,13.14,-1.6,0.6,100,0
"2026-01-16 00:45:00",139595,"",7999,2026,1,16,0,39,5,-0.0048,0.557,-0.005,-363140.1,0.507,-0.005,1.03,5.08,0,-0.005,0,-0.005,-0.017,13.14,-1.6,0.6,100,0
"2026-01-16 00:48:00",139596,"",7999,2026,1,16,0,39,5,-0.0048,0.557,-0.005,-363140.1,0.507,-0.005,1.03,5.08,0,-0.005,0,-0.005,-0.017,13.14,-1.6,0.6,100,0
"2026-01-16 00:51:00",139597,"",7999,2026,1,16,0,45,5,-0.0049,0.547,-0.005,-363141.9,0.497,-0.004,1.013,5.07,0,-0.004,-0.001,-0.009,-0.009,13.14,-1.6,0.6,100,0
"2026-01-16 00:54:00",139598,"",7999,2026,1,16,0,45,5,-0.0049,0.547,-0.005,-363141.9,0.497,-0.004,1.013,5.07,0,-0.004,-0.001,-0.009,-0.009,13.14,-1.6,0.6,100,0
"2026-01-16 00:57:00",139599,"",7999,2026,1,16,0,51,5,-0.0001,0.544,0,-363142.5,0.494,0,1.006,5.16,0,0,0,-0.019,-0.002,13.14,-1.6,0.6,100,0
"2026-01-16 01:00:00",139600,"",7999,2026,1,16,0,51,5,-0.0001,0.544,0,-363142.5,0.494,0,1.006,5.16,0,0,0,-0.019,-0.002,13.14,-1.6,0.6,100,0
"2026-01-16 01:03:00",139601,"",7999,2026,1,16,0,57,5,0.0001,0.544,0,-363142.5,0.494,0,1.007,5.1,0,0,0,-0.033,-0.007,13.14,-1.6,0.6,100,0
"2026-01-16 01:06:00",139602,"",7999,2026,1,16,0,57,5,0.0001,0.544,0,-363142.5,0.494,0,1.007,5.1,0,0,0,-0.033,-0.007,13.14,-1.6,0.6,100,0
"2026-01-16 01:09:00",139603,"",7999,2026,1,16,1,3,5,-0.0048,0.539,-0.005,-363143.7,0.489,-0.004,0.997,5.17,0,-0.004,-0.002,0,-0.021,13.14,-1.6,0.6,100,0
"2026-01-16 01:12:00",139604,"",7999,2026,1,16,1,3,5,-0.0048,0.539,-0.005,-363143.7,0.489,-0.004,0.997,5.17,0,-0.004,-0.002,0,-0.021,13.14,-1.6,0.6,100,0
"2026-01-16 01:15:00",139605,"",7999,2026,1,16,1,9,5,-0.0011,0.534,-0.001,-363144.5,0.484,0,0.988,5.26,0,0,0,-0.037,-0.028,13.14,-1.6,0.6,100,0
"2026-01-16 01:18:00",139606,"",7999,2026,1,16,1,9,5,-0.0011,0.534,-0.001,-363144.5,0.484,0,0.988,5.26,0,0,0,-0.037,-0.028,13.14,-1.6,0.6,100,0
"2026-01-16 01:21:00",139607,"",7999,2026,1,16,1,15,5,0.0005,0.524,0.001,-363144.5,0.474,0.001,0.97,5.33,0,0.001,-0.001,-0.002,-0.059,13.14,-1.6,0.6,100,0
"2026-01-16 01:24:00",139608,"",7999,2026,1,16,1,15,5,0.0005,0.524,0.001,-363144.5,0.474,0.001,0.97,5.33,0,0.001,-0.001,-0.002,-0.059,13.14,-1.6,0.6,100,0
"2026-01-16 01:27:00",139609,"",7999,2026,1,16,1,21,5,-0.0009,0.525,-0.001,-363144.7,0.475,0,0.971,5.38,0,0,0,0.005,0.012,13.14,-1.6,0.6,100,0
"2026-01-16 01:30:00",139610,"",7999,2026,1,16,1,21,5,-0.0009,0.525,-0.001,-363144.7,0.475,0,0.971,5.38,0,0,0,0.005,0.012,13.14,-1.6,0.6,100,0
"2026-01-16 01:33:00",139611,"",7999,2026,1,16,1,27,5,-0.0001,0.521,0,-363144.8,0.471,0,0.965,5.34,0,0,0,0.021,0,13.14,-1.6,0.6,100,0
"2026-01-16 01:36:00",139612,"",7999,2026,1,16,1,27,5,-0.0001,0.521,0,-363144.8,0.471,0,0.965,5.34,0,0,0,0.021,0,13.14,-1.6,0.6,100,0
"2026-01-16 01:39:00",139613,"",7999,2026,1,16,1,33,5,-0.0036,0.514,-0.004,-363145.8,0.464,-0.004,0.952,5.11,0,-0.004,-0.001,0.021,0.012,13.14,-1.6,0.6,100,0
"2026-01-16 01:42:00",139614,"",7999,2026,1,16,1,33,5,-0.0036,0.514,-0.004,-363145.8,0.464,-0.004,0.952,5.11,0,-0.004,-0.001,0.021,0.012,13.14,-1.6,0.6,100,0
"2026-01-16 01:45:00",139615,"",7999,2026,1,16,1,39,5,0.003,0.51,0.003,-363145.5,0.46,0.004,0.944,4.98,0,0.004,-0.002,0,0,13.14,-1.6,0.6,99,0
"2026-01-16 01:48:00",139616,"",7999,2026,1,16,1,39,5,0.003,0.51,0.003,-363145.5,0.46,0.004,0.944,4.98,0,0.004,-0.002,0,0,13.14,-1.6,0.6,99,0
"2026-01-16 01:51:00",139617,"",7999,2026,1,16,1,45,5,-0.0006,0.514,-0.001,-363145.3,0.464,0,0.952,4.97,0,0,0,-0.019,0.026,13.14,-1.6,0.6,100,0
"2026-01-16 01:54:00",139618,"",7999,2026,1,16,1,45,5,-0.0006,0.514,-0.001,-363145.3,0.464,0,0.952,4.97,0,0,0,-0.019,0.026,13.14,-1.6,0.6,100,0
"2026-01-16 01:57:00",139619,"",7999,2026,1,16,1,51,5,0.0003,0.524,0,-363145.2,0.474,0,0.969,4.92,0,0,0,-0.002,0.005,13.14,-1.6,0.6,100,0
"2026-01-16 02:00:00",139620,"",7999,2026,1,16,1,51,5,0.0003,0.524,0,-363145.2,0.474,0,0.969,4.92,0,0,0,-0.002,0.005,13.14,-1.6,0.6,100,0
"2026-01-16 02:03:00",139621,"",7999,2026,1,16,1,57,5,-0.0052,0.535,-0.005,-363146.4,0.485,-0.004,0.991,4.91,0,-0.004,0.002,-0.026,-0.009,13.13,-1.6,0.6,100,0
"2026-01-16 02:06:00",139622,"",7999,2026,1,16,1,57,5,-0.0052,0.535,-0.005,-363146.4,0.485,-0.004,0.991,4.91,0,-0.004,0.002,-0.026,-0.009,13.13,-1.6,0.6,100,0
"2026-01-16 02:09:00",139623,"",7999,2026,1,16,2,3,5,0.0021,0.543,0.002,-363146.5,0.493,0.001,1.005,4.96,0,0.001,0.001,-0.033,0.007,13.13,-1.6,0.6,100,0
"2026-01-16 02:12:00",139624,"",7999,2026,1,16,2,3,5,0.0021,0.543,0.002,-363146.5,0.493,0.001,1.005,4.96,0,0.001,0.001,-0.033,0.007,13.13,-1.6,0.6,100,0
"2026-01-16 02:15:00",139625,"",7999,2026,1,16,2,9,5,-0.0016,0.545,-0.002,-363146.7,0.495,-0.001,1.01,5.04,0,-0.001,0.001,-0.005,-0.009,13.14,-1.6,0.6,100,0
"2026-01-16 02:18:00",139626,"",7999,2026,1,16,2,9,5,-0.0016,0.545,-0.002,-363146.7,0.495,-0.001,1.01,5.04,0,-0.001,0.001,-0.005,-0.009,13.14,-1.6,0.6,100,0
"2026-01-16 02:21:00",139627,"",7999,2026,1,16,2,15,5,-0.0017,0.549,-0.002,-363147.3,0.499,-0.001,1.016,5.11,0,-0.001,0.001,-0.002,-0.012,13.13,-1.6,0.6,100,0
"2026-01-16 02:24:00",139628,"",7999,2026,1,16,2,15,5,-0.0017,0.549,-0.002,-363147.3,0.499,-0.001,1.016,5.11,0,-0.001,0.001,-0.002,-0.012,13.13,-1.6,0.6,100,0
"2026-01-16 02:27:00",139629,"",7999,2026,1,16,2,21,5,-0.0003,0.551,0,-363147.6,0.501,0,1.019,5.04,0,0,0,-0.012,-0.002,13.14,-1.6,0.6,100,0
"2026-01-16 02:30:00",139630,"",7999,2026,1,16,2,21,5,-0.0003,0.551,0,-363147.6,0.501,0,1.019,5.04,0,0,0,-0.012,-0.002,13.14,-1.6,0.6,100,0
"2026-01-16 02:33:00",139631,"",7999,2026,1,16,2,27,5,-0.0003,0.552,0,-363147.7,0.502,0,1.021,4.93,0,0,0,-0.009,0,13.13,-1.6,0.6,100,0
"2026-01-16 02:36:00",139632,"",7999,2026,1,16,2,27,5,-0.0003,0.552,0,-363147.7,0.502,0,1.021,4.93,0,0,0,-0.009,0,13.13,-1.6,0.6,100,0
"2026-01-16 02:39:00",139633,"",7999,2026,1,16,2,33,5,0.0005,0.557,0.001,-363147.6,0.507,0.001,1.031,4.91,0,0.001,0.001,-0.002,0.005,13.13,-1.6,0.6,100,0
"2026-01-16 02:42:00",139634,"",7999,2026,1,16,2,33,5,0.0005,0.557,0.001,-363147.6,0.507,0.001,1.031,4.91,0,0.001,0.001,-0.002,0.005,13.13,-1.6,0.6,100,0
"2026-01-16 02:45:00",139635,"",7999,2026,1,16,2,39,5,0.0029,0.561,0.003,-363146.8,0.511,0.002,1.038,4.93,0,0.002,-0.001,0,0.005,13.13,-1.6,0.6,100,0
"2026-01-16 02:48:00",139636,"",7999,2026,1,16,2,39,5,0.0029,0.561,0.003,-363146.8,0.511,0.002,1.038,4.93,0,0.002,-0.001,0,0.005,13.13,-1.6,0.6,100,0
"2026-01-16 02:51:00",139637,"",7999,2026,1,16,2,45,5,-0.0041,0.56,-0.004,-363147.5,0.51,-0.004,1.037,4.88,0,-0.004,0.002,-0.002,-0.012,13.13,-1.6,0.6,100,0
"2026-01-16 02:54:00",139638,"",7999,2026,1,16,2,45,5,-0.0041,0.56,-0.004,-363147.5,0.51,-0.004,1.037,4.88,0,-0.004,0.002,-0.002,-0.012,13.13,-1.6,0.6,100,0
"2026-01-16 02:57:00",139639,"",7999,2026,1,16,2,51,5,-0.0028,0.554,-0.003,-363148.7,0.504,-0.002,1.025,4.87,0,-0.002,0.002,-0.014,-0.002,13.13,-1.6,0.6,100,0
"2026-01-16 03:00:00",139640,"",7999,2026,1,16,2,51,5,-0.0028,0.554,-0.003,-363148.7,0.504,-0.002,1.025,4.87,0,-0.002,0.002,-0.014,-0.002,13.13,-1.6,0.6,100,0
"2026-01-16 03:03:00",139641,"",7999,2026,1,16,2,57,5,-0.0015,0.548,-0.001,-363149.4,0.498,0,1.015,4.9,0,0,0,-0.023,-0.019,13.13,-1.6,0.6,100,0
"2026-01-16 03:06:00",139642,"",7999,2026,1,16,2,57,5,-0.0015,0.548,-0.001,-363149.4,0.498,0,1.015,4.9,0,0,0,-0.023,-0.019,13.13,-1.6,0.6,100,0
"2026-01-16 03:09:00",139643,"",7999,2026,1,16,3,3,5,-0.0014,0.544,-0.001,-363149.9,0.494,0,1.007,4.82,0,0,0,-0.012,-0.009,13.13,-1.6,0.6,100,0
"2026-01-16 03:12:00",139644,"",7999,2026,1,16,3,3,5,-0.0014,0.544,-0.001,-363149.9,0.494,0,1.007,4.82,0,0,0,-0.012,-0.009,13.13,-1.6,0.6,100,0
"2026-01-16 03:15:00",139645,"",7999,2026,1,16,3,9,5,-0.0018,0.544,-0.002,-363150.5,0.494,-0.001,1.007,4.78,0,-0.001,0.001,0.009,-0.021,13.13,-1.6,0.6,100,0
"2026-01-16 03:18:00",139646,"",7999,2026,1,16,3,9,5,-0.0018,0.544,-0.002,-363150.5,0.494,-0.001,1.007,4.78,0,-0.001,0.001,0.009,-0.021,13.13,-1.6,0.6,100,0
"2026-01-16 03:21:00",139647,"",7999,2026,1,16,3,15,5,-0.0014,0.541,-0.001,-363151.1,0.491,0,1.002,4.74,0,0,0,0,-0.005,13.13,-1.6,0.6,100,0
"2026-01-16 03:24:00",139648,"",7999,2026,1,16,3,15,5,-0.0014,0.541,-0.001,-363151.1,0.491,0,1.002,4.74,0,0,0,0,-0.005,13.13,-1.6,0.6,100,0
"2026-01-16 03:27:00",139649,"",7999,2026,1,16,3,21,5,-0.0018,0.533,-0.002,-363151.7,0.483,0,0.987,4.78,0,0,0,-0.012,-0.002,13.13,-1.6,0.6,100,0
"2026-01-16 03:30:00",139650,"",7999,2026,1,16,3,21,5,-0.0018,0.533,-0.002,-363151.7,0.483,0,0.987,4.78,0,0,0,-0.012,-0.002,13.13,-1.6,0.6,100,0
"2026-01-16 03:33:00",139651,"",7999,2026,1,16,3,27,5,-0.0021,0.523,-0.002,-363152.4,0.473,-0.001,0.969,4.84,0,-0.001,-0.001,-0.016,-0.036,13.13,-1.6,0.6,100,0
"2026-01-16 03:36:00",139652,"",7999,2026,1,16,3,27,5,-0.0021,0.523,-0.002,-363152.4,0.473,-0.001,0.969,4.84,0,-0.001,-0.001,-0.016,-0.036,13.13,-1.6,0.6,100,0
"2026-01-16 03:39:00",139653,"",7999,2026,1,16,3,33,5,-0.0017,0.516,-0.002,-363153.1,0.466,0,0.955,4.89,0,0,0,-0.042,-0.026,13.13,-1.6,0.6,100,0
"2026-01-16 03:42:00",139654,"",7999,2026,1,16,3,33,5,-0.0017,0.516,-0.002,-363153.1,0.466,0,0.955,4.89,0,0,0,-0.042,-0.026,13.13,-1.6,0.6,100,0
"2026-01-16 03:45:00",139655,"",7999,2026,1,16,3,39,5,-0.0015,0.511,-0.002,-363153.7,0.461,0,0.946,4.86,0,0,0,0.042,0.009,13.13,-1.6,0.6,100,0
"2026-01-16 03:48:00",139656,"",7999,2026,1,16,3,39,5,-0.0015,0.511,-0.002,-363153.7,0.461,0,0.946,4.86,0,0,0,0.042,0.009,13.13,-1.6,0.6,100,0
"2026-01-16 03:51:00",139657,"",7999,2026,1,16,3,45,5,-0.0014,0.508,-0.002,-363154.3,0.458,0,0.94,4.73,0,0,0,-0.002,-0.007,13.13,-1.6,0.6,100,0
"2026-01-16 03:54:00",139658,"",7999,2026,1,16,3,45,5,-0.0014,0.508,-0.002,-363154.3,0.458,0,0.94,4.73,0,0,0,-0.002,-0.007,13.13,-1.6,0.6,100,0
"2026-01-16 03:57:00",139659,"",7999,2026,1,16,3,51,5,-0.0016,0.502,-0.002,-363154.8,0.452,0,0.929,4.68,0,0,0,-0.005,-0.007,13.13,-1.6,0.6,100,0
"2026-01-16 04:00:00",139660,"",7999,2026,1,16,3,51,5,-0.0016,0.502,-0.002,-363154.8,0.452,0,0.929,4.68,0,0,0,-0.005,-0.007,13.13,-1.6,0.6,100,0
"2026-01-16 04:03:00",139661,"",7999,2026,1,16,3,57,5,-0.0004,0.497,0,-363155.1,0.447,-0.001,0.92,4.7,0,-0.001,-0.001,-0.023,-0.007,13.13,-1.6,0.6,100,0
"2026-01-16 04:06:00",139662,"",7999,2026,1,16,3,57,5,-0.0004,0.497,0,-363155.1,0.447,-0.001,0.92,4.7,0,-0.001,-0.001,-0.023,-0.007,13.13,-1.6,0.6,100,0
"2026-01-16 04:09:00",139663,"",7999,2026,1,16,4,3,5,-0.0012,0.497,-0.001,-363155.5,0.447,0,0.92,4.81,0,0,0,-0.012,-0.005,13.13,-1.6,0.6,100,0
"2026-01-16 04:12:00",139664,"",7999,2026,1,16,4,3,5,-0.0012,0.497,-0.001,-363155.5,0.447,0,0.92,4.81,0,0,0,-0.012,-0.005,13.13,-1.6,0.6,100,0
"2026-01-16 04:15:00",139665,"",7999,2026,1,16,4,9,5,-0.0005,0.5,-0.001,-363155.8,0.45,0,0.925,4.93,0,0,0,0.002,-0.005,13.13,-1.6,0.6,100,0
"2026-01-16 04:18:00",139666,"",7999,2026,1,16,4,9,5,-0.0005,0.5,-0.001,-363155.8,0.45,0,0.925,4.93,0,0,0,0.002,-0.005,13.13,-1.6,0.6,100,0
"2026-01-16 04:21:00",139667,"",7999,2026,1,16,4,15,5,-0.0031,0.498,-0.003,-363156.6,0.448,-0.002,0.922,4.96,0,-0.002,-0.001,-0.007,-0.017,13.13,-1.6,0.6,100,0
"2026-01-16 04:24:00",139668,"",7999,2026,1,16,4,15,5,-0.0031,0.498,-0.003,-363156.6,0.448,-0.002,0.922,4.96,0,-0.002,-0.001,-0.007,-0.017,13.13,-1.6,0.6,100,0
"2026-01-16 04:27:00",139669,"",7999,2026,1,16,4,21,5,-0.0011,0.493,-0.001,-363157.2,0.443,0,0.912,4.96,0,0,0,-0.019,-0.007,13.13,-1.6,0.6,100,0
"2026-01-16 04:30:00",139670,"",7999,2026,1,16,4,21,5,-0.0011,0.493,-0.001,-363157.2,0.443,0,0.912,4.96,0,0,0,-0.019,-0.007,13.13,-1.6,0.6,100,0
"2026-01-16 04:33:00",139671,"",7999,2026,1,16,4,27,5,-0.0015,0.49,-0.002,-363157.7,0.44,0,0.906,4.99,0,0,0,0.007,-0.002,13.13,-1.6,0.6,100,0
"2026-01-16 04:36:00",139672,"",7999,2026,1,16,4,27,5,-0.0015,0.49,-0.002,-363157.7,0.44,0,0.906,4.99,0,0,0,0.007,-0.002,13.13,-1.6,0.6,100,0
"2026-01-16 04:39:00",139673,"",7999,2026,1,16,4,33,5,0.0002,0.487,0,-363157.8,0.437,0,0.902,5.06,0,0,0,-0.033,-0.012,13.13,-1.6,0.6,99,0
"2026-01-16 04:42:00",139674,"",7999,2026,1,16,4,33,5,0.0002,0.487,0,-363157.8,0.437,0,0.902,5.06,0,0,0,-0.033,-0.012,13.13,-1.6,0.6,99,0
"2026-01-16 04:45:00",139675,"",7999,2026,1,16,4,39,5,-0.0009,0.486,-0.001,-363158.1,0.436,0,0.9,5.08,0,0,0,0,-0.002,13.13,-1.6,0.6,100,0
"2026-01-16 04:48:00",139676,"",7999,2026,1,16,4,39,5,-0.0009,0.486,-0.001,-363158.1,0.436,0,0.9,5.08,0,0,0,0,-0.002,13.13,-1.6,0.6,100,0
"2026-01-16 04:51:00",139677,"",7999,2026,1,16,4,45,5,0.0006,0.488,0.001,-363158,0.438,0,0.903,5.11,0,0,0,-0.042,-0.012,13.13,-1.6,0.6,99,0
"2026-01-16 04:54:00",139678,"",7999,2026,1,16,4,45,5,0.0006,0.488,0.001,-363158,0.438,0,0.903,5.11,0,0,0,-0.042,-0.012,13.13,-1.6,0.6,99,0
"2026-01-16 04:57:00",139679,"",7999,2026,1,16,4,51,5,-0.0009,0.489,-0.001,-363158.2,0.439,0,0.906,5.11,0,0,0,0.005,0,13.13,-1.6,0.6,100,0
"2026-01-16 05:00:00",139680,"",7999,2026,1,16,4,51,5,-0.0009,0.489,-0.001,-363158.2,0.439,0,0.906,5.11,0,0,0,0.005,0,13.13,-1.6,0.6,100,0
"2026-01-16 05:03:00",139681,"",7999,2026,1,16,4,57,5,-0.0009,0.487,-0.001,-363158.5,0.437,0,0.902,5.09,0,0,0,-0.026,-0.007,13.13,-1.6,0.6,100,0
"2026-01-16 05:06:00",139682,"",7999,2026,1,16,4,57,5,-0.0009,0.487,-0.001,-363158.5,0.437,0,0.902,5.09,0,0,0,-0.026,-0.007,13.13,-1.6,0.6,100,0
"2026-01-16 05:09:00",139683,"",7999,2026,1,16,5,3,5,-0.001,0.484,-0.001,-363158.9,0.434,0,0.895,5.06,0,0,0,-0.005,-0.019,13.13,-1.6,0.6,100,0
"2026-01-16 05:12:00",139684,"",7999,2026,1,16,5,3,5,-0.001,0.484,-0.001,-363158.9,0.434,0,0.895,5.06,0,0,0,-0.005,-0.019,13.13,-1.6,0.6,100,0
"2026-01-16 05:15:00",139685,"",7999,2026,1,16,5,9,5,-0.0013,0.479,-0.002,-363159.3,0.429,0,0.887,5.04,0,0,0,-0.016,-0.017,13.13,-1.6,0.6,100,0
"2026-01-16 05:18:00",139686,"",7999,2026,1,16,5,9,5,-0.0013,0.479,-0.002,-363159.3,0.429,0,0.887,5.04,0,0,0,-0.016,-0.017,13.13,-1.6,0.6,100,0
"2026-01-16 05:21:00",139687,"",7999,2026,1,16,5,15,5,-0.0027,0.474,-0.003,-363160.2,0.424,-0.002,0.878,5.05,0,-0.002,0.001,0.014,0,13.13,-1.6,0.6,99,0
"2026-01-16 05:24:00",139688,"",7999,2026,1,16,5,15,5,-0.0027,0.474,-0.003,-363160.2,0.424,-0.002,0.878,5.05,0,-0.002,0.001,0.014,0,13.13,-1.6,0.6,99,0
"2026-01-16 05:27:00",139689,"",7999,2026,1,16,5,21,5,-0.0014,0.471,-0.002,-363160.8,0.421,0,0.873,5.05,0,0,0,-0.016,0.005,13.13,-1.6,0.6,100,0
"2026-01-16 05:30:00",139690,"",7999,2026,1,16,5,21,5,-0.0014,0.471,-0.002,-363160.8,0.421,0,0.873,5.05,0,0,0,-0.016,0.005,13.13,-1.6,0.6,100,0
"2026-01-16 05:33:00",139691,"",7999,2026,1,16,5,27,5,-0.0009,0.469,-0.001,-363161.2,0.419,0,0.868,5.04,0,0,0,0.026,0.012,13.13,-1.6,0.6,100,0
"2026-01-16 05:36:00",139692,"",7999,2026,1,16,5,27,5,-0.0009,0.469,-0.001,-363161.2,0.419,0,0.868,5.04,0,0,0,0.026,0.012,13.13,-1.6,0.6,100,0
"2026-01-16 05:39:00",139693,"",7999,2026,1,16,5,33,5,-0.0023,0.467,-0.003,-363161.9,0.417,-0.001,0.865,5.01,0,-0.001,0.001,0.03,-0.021,13.13,-1.6,0.6,99,0
"2026-01-16 05:42:00",139694,"",7999,2026,1,16,5,33,5,-0.0023,0.467,-0.003,-363161.9,0.417,-0.001,0.865,5.01,0,-0.001,0.001,0.03,-0.021,13.13,-1.6,0.6,99,0
"2026-01-16 05:45:00",139695,"",7999,2026,1,16,5,39,5,-0.0007,0.466,-0.001,-363162.4,0.416,0,0.863,4.99,0,0,0,0.002,0,13.13,-1.6,0.6,100,0
"2026-01-16 05:48:00",139696,"",7999,2026,1,16,5,39,5,-0.0007,0.466,-0.001,-363162.4,0.416,0,0.863,4.99,0,0,0,0.002,0,13.13,-1.6,0.6,100,0
"2026-01-16 05:51:00",139697,"",7999,2026,1,16,5,45,5,0.0025,0.465,0.003,-363161.9,0.415,0.002,0.861,4.99,0,0.002,-0.001,0.051,-0.014,13.13,-1.6,0.6,100,0
"2026-01-16 05:54:00",139698,"",7999,2026,1,16,5,45,5,0.0025,0.465,0.003,-363161.9,0.415,0.002,0.861,4.99,0,0.002,-0.001,0.051,-0.014,13.13,-1.6,0.6,100,0
"2026-01-16 05:57:00",139699,"",7999,2026,1,16,5,51,5,0.0026,0.463,0.003,-363160.9,0.413,0.002,0.857,5,0,0.002,-0.001,0.058,-0.033,13.13,-1.6,0.6,100,0
"2026-01-16 06:00:00",139700,"",7999,2026,1,16,5,51,5,0.0026,0.463,0.003,-363160.9,0.413,0.002,0.857,5,0,0.002,-0.001,0.058,-0.033,13.13,-1.6,0.6,100,0
"2026-01-16 06:03:00",139701,"",7999,2026,1,16,5,57,5,-0.0009,0.462,-0.001,-363160.8,0.412,0,0.856,5.02,0,0,0,-0.07,0.009,13.13,-1.6,0.6,100,0
"2026-01-16 06:06:00",139702,"",7999,2026,1,16,5,57,5,-0.0009,0.462,-0.001,-363160.8,0.412,0,0.856,5.02,0,0,0,-0.07,0.009,13.13,-1.6,0.6,100,0
"2026-01-16 06:09:00",139703,"",7999,2026,1,16,6,3,5,-0.0006,0.461,-0.001,-363161.1,0.411,0,0.854,5.01,0,0,0,0.13,-0.005,13.13,-1.6,0.6,100,0
"2026-01-16 06:12:00",139704,"",7999,2026,1,16,6,3,5,-0.0006,0.461,-0.001,-363161.1,0.411,0,0.854,5.01,0,0,0,0.13,-0.005,13.13,-1.6,0.6,100,0
"2026-01-16 06:15:00",139705,"",7999,2026,1,16,6,9,5,-0.0024,0.46,-0.003,-363161.8,0.41,-0.001,0.851,5,0,-0.001,-0.001,0.026,-0.009,13.13,-1.6,0.6,99,0
"2026-01-16 06:18:00",139706,"",7999,2026,1,16,6,9,5,-0.0024,0.46,-0.003,-363161.8,0.41,-0.001,0.851,5,0,-0.001,-0.001,0.026,-0.009,13.13,-1.6,0.6,99,0
"2026-01-16 06:21:00",139707,"",7999,2026,1,16,6,15,5,-0.0009,0.458,-0.001,-363162.3,0.408,0,0.848,5.01,0,0,0,-0.007,-0.009,13.13,-1.6,0.6,100,0
"2026-01-16 06:24:00",139708,"",7999,2026,1,16,6,15,5,-0.0009,0.458,-0.001,-363162.3,0.408,0,0.848,5.01,0,0,0,-0.007,-0.009,13.13,-1.6,0.6,100,0
"2026-01-16 06:27:00",139709,"",7999,2026,1,16,6,21,5,-0.0013,0.456,-0.002,-363162.7,0.406,0,0.844,5.02,0,0,0,-0.002,0.019,13.13,-1.6,0.6,100,0
"2026-01-16 06:30:00",139710,"",7999,2026,1,16,6,21,5,-0.0013,0.456,-0.002,-363162.7,0.406,0,0.844,5.02,0,0,0,-0.002,0.019,13.13,-1.6,0.6,100,0
"2026-01-16 06:33:00",139711,"",7999,2026,1,16,6,27,5,-0.001,0.455,-0.001,-363163.1,0.405,0,0.842,5.01,0,0,0,0.002,0.002,13.13,-1.6,0.6,100,0
"2026-01-16 06:36:00",139712,"",7999,2026,1,16,6,27,5,-0.001,0.455,-0.001,-363163.1,0.405,0,0.842,5.01,0,0,0,0.002,0.002,13.13,-1.6,0.6,100,0
"2026-01-16 06:39:00",139713,"",7999,2026,1,16,6,33,5,-0.0005,0.455,-0.001,-363163.4,0.405,0,0.841,5,0,0,0,-0.023,0.002,13.13,-1.6,0.6,100,0
"2026-01-16 06:42:00",139714,"",7999,2026,1,16,6,33,5,-0.0005,0.455,-0.001,-363163.4,0.405,0,0.841,5,0,0,0,-0.023,0.002,13.13,-1.6,0.6,100,0
"2026-01-16 06:45:00",139715,"",7999,2026,1,16,6,39,5,-0.0006,0.454,-0.001,-363163.6,0.404,0,0.84,5,0,0,0,0.012,0.019,13.13,-1.6,0.6,100,0
"2026-01-16 06:48:00",139716,"",7999,2026,1,16,6,39,5,-0.0006,0.454,-0.001,-363163.6,0.404,0,0.84,5,0,0,0,0.012,0.019,13.13,-1.6,0.6,100,0
"2026-01-16 06:51:00",139717,"",7999,2026,1,16,6,45,5,-0.001,0.453,-0.001,-363163.9,0.403,0,0.838,5,0,0,0,0.005,-0.021,13.13,-1.6,0.6,100,0
"2026-01-16 06:54:00",139718,"",7999,2026,1,16,6,45,5,-0.001,0.453,-0.001,-363163.9,0.403,0,0.838,5,0,0,0,0.005,-0.021,13.13,-1.6,0.6,100,0
"2026-01-16 06:57:00",139719,"",7999,2026,1,16,6,51,5,-0.0011,0.451,-0.001,-363164.3,0.401,0,0.835,5.02,0,0,0,-0.028,-0.007,13.13,-1.6,0.6,100,0
"2026-01-16 07:00:00",139720,"",7999,2026,1,16,6,51,5,-0.0011,0.451,-0.001,-363164.3,0.401,0,0.835,5.02,0,0,0,-0.028,-0.007,13.13,-1.6,0.6,100,0
"2026-01-16 07:03:00",139721,"",7999,2026,1,16,6,57,5,-0.0026,0.45,-0.003,-363165.1,0.4,-0.002,0.832,5.04,0,-0.002,-0.001,0.065,0.002,13.13,-1.6,0.6,99,0
"2026-01-16 07:06:00",139722,"",7999,2026,1,16,6,57,5,-0.0026,0.45,-0.003,-363165.1,0.4,-0.002,0.832,5.04,0,-0.002,-0.001,0.065,0.002,13.13,-1.6,0.6,99,0
"2026-01-16 07:09:00",139723,"",7999,2026,1,16,7,3,5,-0.0027,0.449,-0.003,-363166,0.399,-0.002,0.83,5.01,0,-0.002,0,-0.012,0,13.13,-1.6,0.6,100,0
"2026-01-16 07:12:00",139724,"",7999,2026,1,16,7,3,5,-0.0027,0.449,-0.003,-363166,0.399,-0.002,0.83,5.01,0,-0.002,0,-0.012,0,13.13,-1.6,0.6,100,0
"2026-01-16 07:15:00",139725,"",7999,2026,1,16,7,9,5,-0.0014,0.448,-0.002,-363166.7,0.398,0,0.829,4.99,0,0,0,0.021,0.005,13.13,-1.6,0.6,100,0
"2026-01-16 07:18:00",139726,"",7999,2026,1,16,7,9,5,-0.0014,0.448,-0.002,-363166.7,0.398,0,0.829,4.99,0,0,0,0.021,0.005,13.13,-1.6,0.6,100,0
"2026-01-16 07:21:00",139727,"",7999,2026,1,16,7,15,5,-0.0003,0.447,0,-363166.9,0.397,0,0.827,4.94,0,0,0,0.021,0,13.13,-1.6,0.6,99,0
"2026-01-16 07:24:00",139728,"",7999,2026,1,16,7,15,5,-0.0003,0.447,0,-363166.9,0.397,0,0.827,4.94,0,0,0,0.021,0,13.13,-1.6,0.6,99,0
"2026-01-16 07:27:00",139729,"",7999,2026,1,16,7,21,5,-0.0016,0.446,-0.002,-363167.4,0.396,0,0.826,4.9,0,0,0,-0.033,0.019,13.13,-1.6,0.6,100,0
"2026-01-16 07:30:00",139730,"",7999,2026,1,16,7,21,5,-0.0016,0.446,-0.002,-363167.4,0.396,0,0.826,4.9,0,0,0,-0.033,0.019,13.13,-1.6,0.6,100,0
"2026-01-16 07:33:00",139731,"",7999,2026,1,16,7,27,5,-0.0011,0.446,-0.001,-363167.8,0.396,-0.001,0.825,4.86,0,-0.001,0.003,-0.016,0,13.13,-1.6,0.6,93,0
"2026-01-16 07:36:00",139732,"",7999,2026,1,16,7,27,5,-0.0011,0.446,-0.001,-363167.8,0.396,-0.001,0.825,4.86,0,-0.001,0.003,-0.016,0,13.13,-1.6,0.6,93,0
"2026-01-16 07:39:00",139733,"",7999,2026,1,16,7,33,5,-0.0042,0.446,-0.005,-363169,0.396,-0.004,0.825,4.86,0,-0.004,0.002,-0.067,-0.005,13.13,-1.6,0.6,93,0
"2026-01-16 07:42:00",139734,"",7999,2026,1,16,7,33,5,-0.0042,0.446,-0.005,-363169,0.396,-0.004,0.825,4.86,0,-0.004,0.002,-0.067,-0.005,13.13,-1.6,0.6,93,0
"2026-01-16 07:45:00",139735,"",7999,2026,1,16,7,39,5,0.0043,0.446,0.005,-363168.4,0.396,0.006,0.826,4.85,0,0.006,0.003,0.009,0.026,13.13,-1.6,0.6,100,0
"2026-01-16 07:48:00",139736,"",7999,2026,1,16,7,39,5,0.0043,0.446,0.005,-363168.4,0.396,0.006,0.826,4.85,0,0.006,0.003,0.009,0.026,13.13,-1.6,0.6,100,0
"2026-01-16 07:51:00",139737,"",7999,2026,1,16,7,45,5,-0.0009,0.446,-0.001,-363168.2,0.396,0,0.825,4.84,0,0,0,0,-0.007,13.13,-1.6,0.6,94,0
"2026-01-16 07:54:00",139738,"",7999,2026,1,16,7,45,5,-0.0009,0.446,-0.001,-363168.2,0.396,0,0.825,4.84,0,0,0,0,-0.007,13.13,-1.6,0.6,94,0
"2026-01-16 07:57:00",139739,"",7999,2026,1,16,7,51,5,-0.0005,0.445,-0.001,-363168.4,0.395,0,0.824,4.82,0,0,0,-0.026,0.009,13.13,-1.6,0.6,100,0
"2026-01-16 08:00:00",139740,"",7999,2026,1,16,7,51,5,-0.0005,0.445,-0.001,-363168.4,0.395,0,0.824,4.82,0,0,0,-0.026,0.009,13.13,-1.6,0.6,100,0
"2026-01-16 08:03:00",139741,"",7999,2026,1,16,7,57,5,-0.0016,0.445,-0.002,-363168.9,0.395,-0.001,0.824,4.83,0,-0.001,-0.001,0.002,-0.005,13.13,-1.6,0.6,100,0
"2026-01-16 08:06:00",139742,"",7999,2026,1,16,7,57,5,-0.0016,0.445,-0.002,-363168.9,0.395,-0.001,0.824,4.83,0,-0.001,-0.001,0.002,-0.005,13.13,-1.6,0.6,100,0
"2026-01-16 08:09:00",139743,"",7999,2026,1,16,8,3,5,0.0241,0.444,0.029,-363163.4,0.394,0.029,0.821,4.83,0,0.029,0.01,-0.014,0.007,13.13,-1.6,0.6,95,0
"2026-01-16 08:12:00",139744,"",7999,2026,1,16,8,3,5,0.0241,0.444,0.029,-363163.4,0.394,0.029,0.821,4.83,0,0.029,0.01,-0.014,0.007,13.13,-1.6,0.6,95,0
"2026-01-16 08:15:00",139745,"",7999,2026,1,16,8,9,5,0.0007,0.444,0.001,-363160.3,0.394,0.001,0.821,4.84,0,0.001,0.002,0,0.014,13.13,-1.6,0.6,97,0
"2026-01-16 08:18:00",139746,"",7999,2026,1,16,8,9,5,0.0007,0.444,0.001,-363160.3,0.394,0.001,0.821,4.84,0,0.001,0.002,0,0.014,13.13,-1.6,0.6,97,0
"2026-01-16 08:21:00",139747,"",7999,2026,1,16,8,15,5,0.0029,0.443,0.004,-363159.5,0.393,0.004,0.82,4.85,0,0.004,0.002,-0.042,-0.026,13.13,-1.6,0.6,100,0
"2026-01-16 08:24:00",139748,"",7999,2026,1,16,8,15,5,0.0029,0.443,0.004,-363159.5,0.393,0.004,0.82,4.85,0,0.004,0.002,-0.042,-0.026,13.13,-1.6,0.6,100,0
"2026-01-16 08:27:00",139749,"",7999,2026,1,16,8,21,5,0.0108,0.442,0.013,-363156.6,0.392,0.013,0.819,4.86,0,0.013,-0.003,-0.005,-0.009,13.13,-1.7,0.5,96,0
"2026-01-16 08:30:00",139750,"",7999,2026,1,16,8,21,5,0.0108,0.442,0.013,-363156.6,0.392,0.013,0.819,4.86,0,0.013,-0.003,-0.005,-0.009,13.13,-1.7,0.5,96,0
"2026-01-16 08:33:00",139751,"",7999,2026,1,16,8,27,5,-0.0026,0.442,-0.003,-363156,0.392,-0.002,0.818,4.87,0,-0.002,0.007,-0.058,0.002,13.13,-1.7,0.5,96,0
"2026-01-16 08:36:00",139752,"",7999,2026,1,16,8,27,5,-0.0026,0.442,-0.003,-363156,0.392,-0.002,0.818,4.87,0,-0.002,0.007,-0.058,0.002,13.13,-1.7,0.5,96,0
"2026-01-16 08:39:00",139753,"",7999,2026,1,16,8,33,5,-0.0063,0.441,-0.008,-363157.8,0.391,-0.007,0.817,4.88,0,-0.007,0.002,0.007,0.019,13.13,-1.7,0.5,100,0
"2026-01-16 08:42:00",139754,"",7999,2026,1,16,8,33,5,-0.0063,0.441,-0.008,-363157.8,0.391,-0.007,0.817,4.88,0,-0.007,0.002,0.007,0.019,13.13,-1.7,0.5,100,0
"2026-01-16 08:45:00",139755,"",7999,2026,1,16,8,39,5,-0.0004,0.441,-0.001,-363158.7,0.391,0,0.816,4.9,0,0,0,0.005,-0.017,13.13,-1.7,0.5,99,0
"2026-01-16 08:48:00",139756,"",7999,2026,1,16,8,39,5,-0.0004,0.441,-0.001,-363158.7,0.391,0,0.816,4.9,0,0,0,0.005,-0.017,13.13,-1.7,0.5,99,0
"2026-01-16 08:51:00",139757,"",7999,2026,1,16,8,45,5,0.0009,0.441,0.001,-363158.5,0.391,0.001,0.816,4.91,0,0.001,0.003,0,-0.014,13.13,-1.7,0.5,100,0
"2026-01-16 08:54:00",139758,"",7999,2026,1,16,8,45,5,0.0009,0.441,0.001,-363158.5,0.391,0.001,0.816,4.91,0,0.001,0.003,0,-0.014,13.13,-1.7,0.5,100,0
"2026-01-16 08:57:00",139759,"",7999,2026,1,16,8,51,5,-0.0002,0.44,0,-363158.4,0.39,0,0.815,4.92,0,0,0.007,-0.016,-0.007,13.13,-1.7,0.5,93,0
"2026-01-16 09:00:00",139760,"",7999,2026,1,16,8,51,5,-0.0002,0.44,0,-363158.4,0.39,0,0.815,4.92,0,0,0.007,-0.016,-0.007,13.13,-1.7,0.5,93,0
"2026-01-16 09:03:00",139761,"",7999,2026,1,16,8,57,5,-0.0003,0.44,0,-363158.5,0.39,0,0.815,4.94,0,0,0,-0.033,-0.021,13.13,-1.8,0.5,100,0
"2026-01-16 09:06:00",139762,"",7999,2026,1,16,8,57,5,-0.0003,0.44,0,-363158.5,0.39,0,0.815,4.94,0,0,0,-0.033,-0.021,13.13,-1.8,0.5,100,0
"2026-01-16 09:09:00",139763,"",7999,2026,1,16,9,3,5,-0.0056,0.44,-0.007,-363159.9,0.39,-0.006,0.814,4.95,0,-0.006,-0.003,0,-0.031,13.13,-1.8,0.5,100,0
"2026-01-16 09:12:00",139764,"",7999,2026,1,16,9,3,5,-0.0056,0.44,-0.007,-363159.9,0.39,-0.006,0.814,4.95,0,-0.006,-0.003,0,-0.031,13.13,-1.8,0.5,100,0
"2026-01-16 09:15:00",139765,"",7999,2026,1,16,9,9,5,-0.0008,0.44,-0.001,-363160.8,0.39,0,0.814,4.96,0,0,0,-0.028,0.005,13.13,-1.9,0.5,100,0
"2026-01-16 09:18:00",139766,"",7999,2026,1,16,9,9,5,-0.0008,0.44,-0.001,-363160.8,0.39,0,0.814,4.96,0,0,0,-0.028,0.005,13.13,-1.9,0.5,100,0
"2026-01-16 09:21:00",139767,"",7999,2026,1,16,9,15,5,-0.0009,0.44,-0.001,-363161.2,0.39,0,0.814,4.99,0,0,0,-0.074,-0.05,13.14,-1.9,0.5,100,0
"2026-01-16 09:24:00",139768,"",7999,2026,1,16,9,15,5,-0.0009,0.44,-0.001,-363161.2,0.39,0,0.814,4.99,0,0,0,-0.074,-0.05,13.14,-1.9,0.5,100,0
"2026-01-16 09:27:00",139769,"",7999,2026,1,16,9,21,5,-0.0022,0.439,-0.003,-363161.8,0.389,-0.001,0.813,5.03,2,-0.001,-0.001,-0.012,-0.017,13.15,-2,0.5,100,0
"2026-01-16 09:30:00",139770,"",7999,2026,1,16,9,21,5,-0.0022,0.439,-0.003,-363161.8,0.389,-0.001,0.813,5.03,2,-0.001,-0.001,-0.012,-0.017,13.15,-2,0.5,100,0
"2026-01-16 09:33:00",139771,"",7999,2026,1,16,9,27,5,-0.001,0.44,-0.001,-363162.3,0.39,0,0.814,5.02,2,0,0,-0.056,-0.024,13.15,-2,0.5,100,0
"2026-01-16 09:36:00",139772,"",7999,2026,1,16,9,27,5,-0.001,0.44,-0.001,-363162.3,0.39,0,0.814,5.02,2,0,0,-0.056,-0.024,13.15,-2,0.5,100,0
"2026-01-16 09:39:00",139773,"",7999,2026,1,16,9,33,5,-0.0008,0.443,-0.001,-363162.7,0.393,0,0.821,5.06,2,0,0,-0.037,-0.021,13.15,-2.1,0.4,100,0
"2026-01-16 09:42:00",139774,"",7999,2026,1,16,9,33,5,-0.0008,0.443,-0.001,-363162.7,0.393,0,0.821,5.06,2,0,0,-0.037,-0.021,13.15,-2.1,0.4,100,0
"2026-01-16 09:45:00",139775,"",7999,2026,1,16,9,39,5,-0.0005,0.447,-0.001,-363162.9,0.397,0,0.828,5.09,2,0,0,-0.033,-0.007,13.15,-2,0.5,100,0
"2026-01-16 09:48:00",139776,"",7999,2026,1,16,9,39,5,-0.0005,0.447,-0.001,-363162.9,0.397,0,0.828,5.09,2,0,0,-0.033,-0.007,13.15,-2,0.5,100,0
"2026-01-16 09:51:00",139777,"",7999,2026,1,16,9,45,5,-0.0013,0.453,-0.002,-363163.3,0.403,0,0.839,5.13,2,0,0,-0.009,-0.014,13.15,-2,0.5,100,0
"2026-01-16 09:54:00",139778,"",7999,2026,1,16,9,45,5,-0.0013,0.453,-0.002,-363163.3,0.403,0,0.839,5.13,2,0,0,-0.009,-0.014,13.15,-2,0.5,100,0
"2026-01-16 09:57:00",139779,"",7999,2026,1,16,9,51,5,0,0.459,0,-363163.4,0.409,0,0.85,5.11,0,0,0,-0.019,-0.017,13.15,-1.9,0.5,100,0
"2026-01-16 10:00:00",139780,"",7999,2026,1,16,9,51,5,0,0.459,0,-363163.4,0.409,0,0.85,5.11,0,0,0,-0.019,-0.017,13.15,-1.9,0.5,100,0
"2026-01-16 10:03:00",139781,"",7999,2026,1,16,9,57,5,-0.0005,0.459,-0.001,-363163.6,0.409,0,0.85,5.1,0,0,0,0.026,0,13.15,-1.9,0.5,99,0
"2026-01-16 10:06:00",139782,"",7999,2026,1,16,9,57,5,-0.0005,0.459,-0.001,-363163.6,0.409,0,0.85,5.1,0,0,0,0.026,0,13.15,-1.9,0.5,99,0
"2026-01-16 10:09:00",139783,"",7999,2026,1,16,10,3,5,-0.0009,0.457,-0.001,-363163.8,0.407,0,0.847,5.11,0,0,0,-0.019,-0.024,13.15,-1.9,0.5,100,0
"2026-01-16 10:12:00",139784,"",7999,2026,1,16,10,3,5,-0.0009,0.457,-0.001,-363163.8,0.407,0,0.847,5.11,0,0,0,-0.019,-0.024,13.15,-1.9,0.5,100,0
"2026-01-16 10:15:00",139785,"",7999,2026,1,16,10,9,5,-0.0003,0.457,0,-363164,0.407,0,0.846,5.15,0,0,0,-0.04,-0.014,13.15,-1.8,0.5,100,0
"2026-01-16 10:18:00",139786,"",7999,2026,1,16,10,9,5,-0.0003,0.457,0,-363164,0.407,0,0.846,5.15,0,0,0,-0.04,-0.014,13.15,-1.8,0.5,100,0
"2026-01-16 10:21:00",139787,"",7999,2026,1,16,10,15,5,-0.0005,0.457,-0.001,-363164.2,0.407,0,0.846,5.14,0,0,0,0,0,13.15,-1.8,0.5,100,0
"2026-01-16 10:24:00",139788,"",7999,2026,1,16,10,15,5,-0.0005,0.457,-0.001,-363164.2,0.407,0,0.846,5.14,0,0,0,0,0,13.15,-1.8,0.5,100,0
"2026-01-16 10:27:00",139789,"",7999,2026,1,16,10,21,5,-0.002,0.46,-0.002,-363164.8,0.41,-0.001,0.851,5.11,0,-0.001,0.001,0,-0.033,13.15,-1.9,0.5,100,0
"2026-01-16 10:30:00",139790,"",7999,2026,1,16,10,21,5,-0.002,0.46,-0.002,-363164.8,0.41,-0.001,0.851,5.11,0,-0.001,0.001,0,-0.033,13.15,-1.9,0.5,100,0
"2026-01-16 10:33:00",139791,"",7999,2026,1,16,10,27,5,-0.0044,0.465,-0.005,-363166.1,0.415,-0.004,0.86,5.07,2,-0.004,-0.001,0.026,0.078,13.15,-2,0.5,100,0
"2026-01-16 10:36:00",139792,"",7999,2026,1,16,10,27,5,-0.0044,0.465,-0.005,-363166.1,0.415,-0.004,0.86,5.07,2,-0.004,-0.001,0.026,0.078,13.15,-2,0.5,100,0
"2026-01-16 10:39:00",139793,"",7999,2026,1,16,10,33,5,0.0012,0.464,0.001,-363166.3,0.414,0.001,0.859,5.06,2,0.001,-0.001,0.098,-0.054,13.15,-2,0.5,100,0
"2026-01-16 10:42:00",139794,"",7999,2026,1,16,10,33,5,0.0012,0.464,0.001,-363166.3,0.414,0.001,0.859,5.06,2,0.001,-0.001,0.098,-0.054,13.15,-2,0.5,100,0
"2026-01-16 10:45:00",139795,"",7999,2026,1,16,10,39,5,-0.0031,0.463,-0.004,-363166.9,0.413,-0.002,0.858,5.04,2,-0.002,0.001,-0.084,-0.038,13.15,-2,0.5,100,0
"2026-01-16 10:48:00",139796,"",7999,2026,1,16,10,39,5,-0.0031,0.463,-0.004,-363166.9,0.413,-0.002,0.858,5.04,2,-0.002,0.001,-0.084,-0.038,13.15,-2,0.5,100,0
"2026-01-16 10:51:00",139797,"",7999,2026,1,16,10,45,5,0.0039,0.47,0.005,-363166.3,0.42,0.002,0.869,5.05,2,0.002,-0.001,-0.049,-0.014,13.15,-2.1,0.5,100,0
"2026-01-16 10:54:00",139798,"",7999,2026,1,16,10,45,5,0.0039,0.47,0.005,-363166.3,0.42,0.002,0.869,5.05,2,0.002,-0.001,-0.049,-0.014,13.15,-2.1,0.5,100,0
"2026-01-16 10:57:00",139799,"",7999,2026,1,16,10,51,5,-0.0084,0.479,-0.01,-363167.9,0.429,-0.01,0.886,5.08,2,-0.01,0.004,0.035,0.007,13.15,-2.1,0.5,100,0
"2026-01-16 11:00:00",139800,"",7999,2026,1,16,10,51,5,-0.0084,0.479,-0.01,-363167.9,0.429,-0.01,0.886,5.08,2,-0.01,0.004,0.035,0.007,13.15,-2.1,0.5,100,0
"2026-01-16 11:03:00",139801,"",7999,2026,1,16,10,57,5,0.007,0.485,0.008,-363167.3,0.435,0.006,0.898,5.08,2,0.006,-0.002,-0.03,0.012,13.15,-2.1,0.5,100,0
"2026-01-16 11:06:00",139802,"",7999,2026,1,16,10,57,5,0.007,0.485,0.008,-363167.3,0.435,0.006,0.898,5.08,2,0.006,-0.002,-0.03,0.012,13.15,-2.1,0.5,100,0
"2026-01-16 11:09:00",139803,"",7999,2026,1,16,11,3,5,-0.0037,0.5,-0.004,-363167.3,0.45,-0.004,0.926,5.07,2,-0.004,0.002,0.009,-0.005,13.15,-2.2,0.5,100,0
"2026-01-16 11:12:00",139804,"",7999,2026,1,16,11,3,5,-0.0037,0.5,-0.004,-363167.3,0.45,-0.004,0.926,5.07,2,-0.004,0.002,0.009,-0.005,13.15,-2.2,0.5,100,0
"2026-01-16 11:15:00",139805,"",7999,2026,1,16,11,9,5,0.0142,0.523,0.015,-363164.3,0.473,0.015,0.967,5.11,2,0.015,0.008,-0.016,-0.009,13.15,-2.2,0.5,100,0
"2026-01-16 11:18:00",139806,"",7999,2026,1,16,11,9,5,0.0142,0.523,0.015,-363164.3,0.473,0.015,0.967,5.11,2,0.015,0.008,-0.016,-0.009,13.15,-2.2,0.5,100,0
"2026-01-16 11:21:00",139807,"",7999,2026,1,16,11,15,5,0.004,0.541,0.004,-363161.7,0.491,0.002,1.001,5.07,2,0.002,0,-0.009,-0.012,13.15,-2.1,0.5,100,0
"2026-01-16 11:24:00",139808,"",7999,2026,1,16,11,15,5,0.004,0.541,0.004,-363161.7,0.491,0.002,1.001,5.07,2,0.002,0,-0.009,-0.012,13.15,-2.1,0.5,100,0
"2026-01-16 11:27:00",139809,"",7999,2026,1,16,11,21,5,0.0044,0.554,0.004,-363160.1,0.504,0.004,1.026,5.02,2,0.004,0.001,-0.037,0,13.15,-2,0.5,100,0
"2026-01-16 11:30:00",139810,"",7999,2026,1,16,11,21,5,0.0044,0.554,0.004,-363160.1,0.504,0.004,1.026,5.02,2,0.004,0.001,-0.037,0,13.15,-2,0.5,100,0
"2026-01-16 11:33:00",139811,"",7999,2026,1,16,11,27,5,0.0016,0.561,0.002,-363159.2,0.511,0.001,1.039,5.02,0,0.001,0.001,-0.002,-0.031,13.15,-1.9,0.5,100,0
"2026-01-16 11:36:00",139812,"",7999,2026,1,16,11,27,5,0.0016,0.561,0.002,-363159.2,0.511,0.001,1.039,5.02,0,0.001,0.001,-0.002,-0.031,13.15,-1.9,0.5,100,0
"2026-01-16 11:39:00",139813,"",7999,2026,1,16,11,33,5,-0.0034,0.573,-0.003,-363159.8,0.523,-0.002,1.06,4.9,0,-0.002,0.009,0.051,0.024,13.15,-1.9,0.5,100,0
"2026-01-16 11:42:00",139814,"",7999,2026,1,16,11,33,5,-0.0034,0.573,-0.003,-363159.8,0.523,-0.002,1.06,4.9,0,-0.002,0.009,0.051,0.024,13.15,-1.9,0.5,100,0
"2026-01-16 11:45:00",139815,"",7999,2026,1,16,11,39,5,0.0055,0.589,0.005,-363158.9,0.539,0.004,1.09,4.9,2,0.004,-0.001,-0.026,0,13.15,-2,0.5,100,0
"2026-01-16 11:48:00",139816,"",7999,2026,1,16,11,39,5,0.0055,0.589,0.005,-363158.9,0.539,0.004,1.09,4.9,2,0.004,-0.001,-0.026,0,13.15,-2,0.5,100,0
"2026-01-16 11:51:00",139817,"",7999,2026,1,16,11,45,5,0.009,0.6,0.008,-363156.1,0.55,0.007,1.11,4.59,2,0.007,0,-0.009,0.002,13.15,-2,0.6,100,0
"2026-01-16 11:54:00",139818,"",7999,2026,1,16,11,45,5,0.009,0.6,0.008,-363156.1,0.55,0.007,1.11,4.59,2,0.007,0,-0.009,0.002,13.15,-2,0.6,100,0
"2026-01-16 11:57:00",139819,"",7999,2026,1,16,11,51,5,0.0025,0.598,0.002,-363154.4,0.548,0.002,1.106,4.37,0,0.002,-0.001,-0.021,-0.002,13.16,-1.9,0.6,100,0
"2026-01-16 12:00:00",139820,"",7999,2026,1,16,11,51,5,0.0025,0.598,0.002,-363154.4,0.548,0.002,1.106,4.37,0,0.002,-0.001,-0.021,-0.002,13.16,-1.9,0.6,100,0
"2026-01-16 12:03:00",139821,"",7999,2026,1,16,11,57,5,0.0073,0.609,0.006,-363152.3,0.559,0.005,1.128,4.22,2,0.005,0,0.007,0,13.15,-2,0.6,100,0
"2026-01-16 12:06:00",139822,"",7999,2026,1,16,11,57,5,0.0073,0.609,0.006,-363152.3,0.559,0.005,1.128,4.22,2,0.005,0,0.007,0,13.15,-2,0.6,100,0
"2026-01-16 12:09:00",139823,"",7999,2026,1,16,12,3,5,0.0016,0.614,0.001,-363151.1,0.564,0.001,1.137,4.15,2,0.001,-0.001,0.019,-0.014,13.15,-2,0.6,100,0
"2026-01-16 12:12:00",139824,"",7999,2026,1,16,12,3,5,0.0016,0.614,0.001,-363151.1,0.564,0.001,1.137,4.15,2,0.001,-0.001,0.019,-0.014,13.15,-2,0.6,100,0
"2026-01-16 12:15:00",139825,"",7999,2026,1,16,12,9,5,0.0012,0.613,0.001,-363150.6,0.563,0,1.134,4.09,2,0,0,-0.033,-0.024,13.16,-2.1,0.6,100,0
"2026-01-16 12:18:00",139826,"",7999,2026,1,16,12,9,5,0.0012,0.613,0.001,-363150.6,0.563,0,1.134,4.09,2,0,0,-0.033,-0.024,13.16,-2.1,0.6,100,0
"2026-01-16 12:21:00",139827,"",7999,2026,1,16,12,15,5,-0.0021,0.612,-0.002,-363150.9,0.562,0,1.132,4.13,0,0,0,0.002,-0.017,13.16,-1.9,0.6,100,0
"2026-01-16 12:24:00",139828,"",7999,2026,1,16,12,15,5,-0.0021,0.612,-0.002,-363150.9,0.562,0,1.132,4.13,0,0,0,0.002,-0.017,13.16,-1.9,0.6,100,0
"2026-01-16 12:27:00",139829,"",7999,2026,1,16,12,21,5,0.0006,0.609,0.001,-363151.1,0.559,0,1.126,4.1,0,0,0.002,-0.005,-0.033,13.16,-1.8,0.6,100,0
"2026-01-16 12:30:00",139830,"",7999,2026,1,16,12,21,5,0.0006,0.609,0.001,-363151.1,0.559,0,1.126,4.1,0,0,0.002,-0.005,-0.033,13.16,-1.8,0.6,100,0
"2026-01-16 12:33:00",139831,"",7999,2026,1,16,12,27,5,0.0055,0.622,0.005,-363149.7,0.572,0.005,1.151,4.08,0,0.005,-0.001,-0.009,-0.007,13.16,-1.8,0.6,100,0
"2026-01-16 12:36:00",139832,"",7999,2026,1,16,12,27,5,0.0055,0.622,0.005,-363149.7,0.572,0.005,1.151,4.08,0,0.005,-0.001,-0.009,-0.007,13.16,-1.8,0.6,100,0
"2026-01-16 12:39:00",139833,"",7999,2026,1,16,12,33,5,0.0265,0.64,0.022,-363142.6,0.59,0.022,1.185,4.16,0,0.022,0.001,0.005,0,13.16,-1.7,0.6,100,0
"2026-01-16 12:42:00",139834,"",7999,2026,1,16,12,33,5,0.0265,0.64,0.022,-363142.6,0.59,0.022,1.185,4.16,0,0.022,0.001,0.005,0,13.16,-1.7,0.6,100,0
"2026-01-16 12:36:00",139832,"",7999,2026,1,16,12,27,5,0.0055,0.622,0.005,-363149.7,0.572,0.005,1.151,4.08,0,0.005,-0.001,-0.009,-0.007,13.16,-1.8,0.6,100,0
"2026-01-16 12:39:00",139833,"",7999,2026,1,16,12,33,5,0.0265,0.64,0.022,-363142.6,0.59,0.022,1.185,4.16,0,0.022,0.001,0.005,0,13.16,-1.7,0.6,100,0
"2026-01-16 12:42:00",139834,"",7999,2026,1,16,12,33,5,0.0265,0.64,0.022,-363142.6,0.59,0.022,1.185,4.16,0,0.022,0.001,0.005,0,13.16,-1.7,0.6,100,0
"2026-01-16 12:45:00",139835,"",7999,2026,1,16,12,39,5,0.0246,0.651,0.02,-363133.5,0.601,0.021,1.205,4.12,0,0.021,-0.001,-0.007,-0.002,13.16,-1.7,0.6,100,0
"2026-01-16 12:48:00",139836,"",7999,2026,1,16,12,39,5,0.0246,0.651,0.02,-363133.5,0.601,0.021,1.205,4.12,0,0.021,-0.001,-0.007,-0.002,13.16,-1.7,0.6,100,0
"2026-01-16 12:51:00",139837,"",7999,2026,1,16,12,45,5,0.0036,0.658,0.003,-363129.7,0.608,0.002,1.217,4.13,0,0.002,-0.001,-0.012,-0.009,13.16,-1.8,0.6,100,0
"2026-01-16 12:54:00",139838,"",7999,2026,1,16,12,45,5,0.0036,0.658,0.003,-363129.7,0.608,0.002,1.217,4.13,0,0.002,-0.001,-0.012,-0.009,13.16,-1.8,0.6,100,0
"2026-01-16 12:57:00",139839,"",7999,2026,1,16,12,51,5,0.0004,0.666,0,-363129.2,0.616,0,1.232,4.11,2,0,0,-0.028,-0.009,13.16,-2,0.6,100,0
"2026-01-16 13:00:00",139840,"",7999,2026,1,16,12,51,5,0.0004,0.666,0,-363129.2,0.616,0,1.232,4.11,2,0,0,-0.028,-0.009,13.16,-2,0.6,100,0
"2026-01-16 13:03:00",139841,"",7999,2026,1,16,12,57,5,0.0156,0.673,0.013,-363125.3,0.623,0.011,1.246,4.05,2,0.011,0,0.005,0,13.16,-2,0.6,100,0
"2026-01-16 13:06:00",139842,"",7999,2026,1,16,12,57,5,0.0156,0.673,0.013,-363125.3,0.623,0.011,1.246,4.05,2,0.011,0,0.005,0,13.16,-2,0.6,100,0
"2026-01-16 13:09:00",139843,"",7999,2026,1,16,13,3,5,0.0281,0.688,0.022,-363116.7,0.638,0.022,1.273,4.05,0,0.022,0,-0.012,0.019,13.16,-1.9,0.6,100,0
"2026-01-16 13:12:00",139844,"",7999,2026,1,16,13,3,5,0.0281,0.688,0.022,-363116.7,0.638,0.022,1.273,4.05,0,0.022,0,-0.012,0.019,13.16,-1.9,0.6,100,0
"2026-01-16 13:15:00",139845,"",7999,2026,1,16,13,9,5,0.0183,0.696,0.014,-363108.9,0.646,0.013,1.287,4.1,0,0.013,0,0.012,0.002,13.16,-1.9,0.6,100,0
"2026-01-16 13:18:00",139846,"",7999,2026,1,16,13,9,5,0.0183,0.696,0.014,-363108.9,0.646,0.013,1.287,4.1,0,0.013,0,0.012,0.002,13.16,-1.9,0.6,100,0
"2026-01-16 13:21:00",139847,"",7999,2026,1,16,13,15,5,0.0113,0.703,0.009,-363104,0.653,0.008,1.301,4.1,0,0.008,-0.001,-0.019,-0.005,13.16,-1.7,0.6,100,0
"2026-01-16 13:24:00",139848,"",7999,2026,1,16,13,15,5,0.0113,0.703,0.009,-363104,0.653,0.008,1.301,4.1,0,0.008,-0.001,-0.019,-0.005,13.16,-1.7,0.6,100,0
"2026-01-16 13:27:00",139849,"",7999,2026,1,16,13,21,5,0.0361,0.721,0.027,-363094,0.671,0.027,1.334,4.09,0,0.027,0,0.021,0.002,13.16,-1.6,0.6,100,0
"2026-01-16 13:30:00",139850,"",7999,2026,1,16,13,21,5,0.0361,0.721,0.027,-363094,0.671,0.027,1.334,4.09,0,0.027,0,0.021,0.002,13.16,-1.6,0.6,100,0
"2026-01-16 13:33:00",139851,"",7999,2026,1,16,13,27,5,0.0549,0.733,0.04,-363076.5,0.683,0.041,1.357,4.1,0,0.041,0,0.019,0.021,13.16,-1.7,0.6,100,0
"2026-01-16 13:36:00",139852,"",7999,2026,1,16,13,27,5,0.0549,0.733,0.04,-363076.5,0.683,0.041,1.357,4.1,0,0.041,0,0.019,0.021,13.16,-1.7,0.6,100,0
"2026-01-16 13:39:00",139853,"",7999,2026,1,16,13,33,5,0.0197,0.741,0.014,-363065.1,0.691,0.013,1.371,4.12,0,0.013,0,0,0,13.16,-1.9,0.6,100,0
"2026-01-16 13:42:00",139854,"",7999,2026,1,16,13,33,5,0.0197,0.741,0.014,-363065.1,0.691,0.013,1.371,4.12,0,0.013,0,0,0,13.16,-1.9,0.6,100,0
"2026-01-16 13:45:00",139855,"",7999,2026,1,16,13,39,5,0.0168,0.75,0.012,-363058.7,0.7,0.011,1.388,4.16,0,0.011,-0.001,-0.012,0,13.16,-1.7,0.6,100,0
"2026-01-16 13:48:00",139856,"",7999,2026,1,16,13,39,5,0.0168,0.75,0.012,-363058.7,0.7,0.011,1.388,4.16,0,0.011,-0.001,-0.012,0,13.16,-1.7,0.6,100,0
"2026-01-16 13:51:00",139857,"",7999,2026,1,16,13,45,5,0.0038,0.756,0.003,-363055.8,0.706,0.002,1.398,4.23,0,0.002,-0.001,0.012,-0.007,13.16,-1.9,0.7,100,0
"2026-01-16 13:54:00",139858,"",7999,2026,1,16,13,45,5,0.0038,0.756,0.003,-363055.8,0.706,0.002,1.398,4.23,0,0.002,-0.001,0.012,-0.007,13.16,-1.9,0.7,100,0
"2026-01-16 13:57:00",139859,"",7999,2026,1,16,13,51,5,0.0239,0.761,0.017,-363049.6,0.711,0.016,1.409,4.18,0,0.016,0,-0.019,-0.005,13.16,-1.9,0.7,100,0
"2026-01-16 14:00:00",139860,"",7999,2026,1,16,13,51,5,0.0239,0.761,0.017,-363049.6,0.711,0.016,1.409,4.18,0,0.016,0,-0.019,-0.005,13.16,-1.9,0.7,100,0
"2026-01-16 14:03:00",139861,"",7999,2026,1,16,13,57,5,0.0236,0.768,0.017,-363041,0.718,0.016,1.421,4.18,0,0.016,-0.001,-0.019,0,13.16,-1.8,0.7,100,0
"2026-01-16 14:06:00",139862,"",7999,2026,1,16,13,57,5,0.0236,0.768,0.017,-363041,0.718,0.016,1.421,4.18,0,0.016,-0.001,-0.019,0,13.16,-1.8,0.7,100,0
"2026-01-16 14:09:00",139863,"",7999,2026,1,16,14,3,5,0.0216,0.775,0.015,-363033,0.725,0.015,1.434,4.2,0,0.015,-0.001,-0.035,0.005,13.16,-1.9,0.8,100,0
"2026-01-16 14:12:00",139864,"",7999,2026,1,16,14,3,5,0.0216,0.775,0.015,-363033,0.725,0.015,1.434,4.2,0,0.015,-0.001,-0.035,0.005,13.16,-1.9,0.8,100,0
"2026-01-16 14:15:00",139865,"",7999,2026,1,16,14,9,5,0.0105,0.783,0.007,-363027.8,0.733,0.007,1.448,4.19,0,0.007,-0.002,-0.009,0,13.16,-1.8,0.7,100,0
"2026-01-16 14:18:00",139866,"",7999,2026,1,16,14,9,5,0.0105,0.783,0.007,-363027.8,0.733,0.007,1.448,4.19,0,0.007,-0.002,-0.009,0,13.16,-1.8,0.7,100,0
"2026-01-16 14:21:00",139867,"",7999,2026,1,16,14,15,5,0.0111,0.791,0.008,-363023.9,0.741,0.007,1.463,4.22,0,0.007,0,0,-0.005,13.16,-1.7,0.7,100,0
"2026-01-16 14:24:00",139868,"",7999,2026,1,16,14,15,5,0.0111,0.791,0.008,-363023.9,0.741,0.007,1.463,4.22,0,0.007,0,0,-0.005,13.16,-1.7,0.7,100,0
"2026-01-16 14:27:00",139869,"",7999,2026,1,16,14,21,5,0.0157,0.791,0.011,-363018.8,0.741,0.01,1.464,4.23,0,0.01,0.001,-0.012,-0.005,13.16,-1.7,0.7,100,0
"2026-01-16 14:30:00",139870,"",7999,2026,1,16,14,21,5,0.0157,0.791,0.011,-363018.8,0.741,0.01,1.464,4.23,0,0.01,0.001,-0.012,-0.005,13.16,-1.7,0.7,100,0
"2026-01-16 14:33:00",139871,"",7999,2026,1,16,14,27,5,0.0301,0.796,0.02,-363009.7,0.746,0.021,1.474,4.32,0,0.021,-0.001,0.009,-0.002,13.16,-1.7,0.7,100,0
"2026-01-16 14:36:00",139872,"",7999,2026,1,16,14,27,5,0.0301,0.796,0.02,-363009.7,0.746,0.021,1.474,4.32,0,0.021,-0.001,0.009,-0.002,13.16,-1.7,0.7,100,0
"2026-01-16 14:39:00",139873,"",7999,2026,1,16,14,33,5,0.0249,0.798,0.017,-363000,0.748,0.017,1.477,4.34,0,0.017,0.003,0,0.017,13.16,-1.7,0.7,100,0
"2026-01-16 14:42:00",139874,"",7999,2026,1,16,14,33,5,0.0249,0.798,0.017,-363000,0.748,0.017,1.477,4.34,0,0.017,0.003,0,0.017,13.16,-1.7,0.7,100,0
"2026-01-16 14:45:00",139875,"",7999,2026,1,16,14,39,5,0.0001,0.801,0,-362997,0.751,0,1.483,4.36,0,0,0.002,-0.007,-0.005,13.16,-1.6,0.6,100,0
"2026-01-16 14:48:00",139876,"",7999,2026,1,16,14,39,5,0.0001,0.801,0,-362997,0.751,0,1.483,4.36,0,0,0.002,-0.007,-0.005,13.16,-1.6,0.6,100,0
"2026-01-16 14:51:00",139877,"",7999,2026,1,16,14,45,5,-0.0135,0.803,-0.009,-363000.3,0.753,-0.008,1.486,4.52,0,-0.008,0.002,-0.026,-0.038,13.16,-1.6,0.6,100,0
"2026-01-16 14:54:00",139878,"",7999,2026,1,16,14,45,5,-0.0135,0.803,-0.009,-363000.3,0.753,-0.008,1.486,4.52,0,-0.008,0.002,-0.026,-0.038,13.16,-1.6,0.6,100,0
"2026-01-16 14:57:00",139879,"",7999,2026,1,16,14,51,5,-0.0104,0.81,-0.007,-363004.4,0.76,-0.007,1.499,4.68,0,-0.007,0,-0.016,-0.021,13.16,-1.7,0.7,100,0
"2026-01-16 15:00:00",139880,"",7999,2026,1,16,14,51,5,-0.0104,0.81,-0.007,-363004.4,0.76,-0.007,1.499,4.68,0,-0.007,0,-0.016,-0.021,13.16,-1.7,0.7,100,0
"2026-01-16 15:03:00",139881,"",7999,2026,1,16,14,57,5,0.0079,0.812,0.005,-363003.7,0.762,0.005,1.502,4.89,0,0.005,0,0.002,0,13.16,-1.6,0.6,100,0
"2026-01-16 15:06:00",139882,"",7999,2026,1,16,14,57,5,0.0079,0.812,0.005,-363003.7,0.762,0.005,1.502,4.89,0,0.005,0,0.002,0,13.16,-1.6,0.6,100,0
"2026-01-16 15:09:00",139883,"",7999,2026,1,16,15,3,5,0.0363,0.813,0.024,-362994,0.763,0.024,1.505,5.01,0,0.024,0,0.009,0.014,13.16,-1.6,0.6,100,0
"2026-01-16 15:12:00",139884,"",7999,2026,1,16,15,3,5,0.0363,0.813,0.024,-362994,0.763,0.024,1.505,5.01,0,0.024,0,0.009,0.014,13.16,-1.6,0.6,100,0
"2026-01-16 15:15:00",139885,"",7999,2026,1,16,15,9,5,0.0077,0.818,0.005,-362987.8,0.768,0.005,1.514,5.16,0,0.005,0.003,-0.002,0,13.16,-1.6,0.6,100,0
"2026-01-16 15:18:00",139886,"",7999,2026,1,16,15,9,5,0.0077,0.818,0.005,-362987.8,0.768,0.005,1.514,5.16,0,0.005,0.003,-0.002,0,13.16,-1.6,0.6,100,0
"2026-01-16 15:21:00",139887,"",7999,2026,1,16,15,15,5,0.0184,0.825,0.012,-362982.4,0.775,0.011,1.527,5.27,0,0.011,-0.001,0,0,13.16,-1.6,0.6,100,0
"2026-01-16 15:24:00",139888,"",7999,2026,1,16,15,15,5,0.0184,0.825,0.012,-362982.4,0.775,0.011,1.527,5.27,0,0.011,-0.001,0,0,13.16,-1.6,0.6,100,0
"2026-01-16 15:27:00",139889,"",7999,2026,1,16,15,21,5,0.0003,0.827,0,-362980.2,0.777,0,1.53,5.36,0,0,0,-0.019,-0.021,13.16,-1.6,0.6,100,0
"2026-01-16 15:30:00",139890,"",7999,2026,1,16,15,21,5,0.0003,0.827,0,-362980.2,0.777,0,1.53,5.36,0,0,0,-0.019,-0.021,13.16,-1.6,0.6,100,0
"2026-01-16 15:33:00",139891,"",7999,2026,1,16,15,27,5,0.0216,0.829,0.014,-362974.9,0.779,0.013,1.533,5.36,0,0.013,-0.001,0.002,0.002,13.16,-1.6,0.6,100,0
"2026-01-16 15:36:00",139892,"",7999,2026,1,16,15,27,5,0.0216,0.829,0.014,-362974.9,0.779,0.013,1.533,5.36,0,0.013,-0.001,0.002,0.002,13.16,-1.6,0.6,100,0
"2026-01-16 15:39:00",139893,"",7999,2026,1,16,15,33,5,0.0168,0.828,0.011,-362968.3,0.778,0.01,1.533,5.33,0,0.01,0.002,-0.009,0,13.16,-1.6,0.6,100,0
"2026-01-16 15:42:00",139894,"",7999,2026,1,16,15,33,5,0.0168,0.828,0.011,-362968.3,0.778,0.01,1.533,5.33,0,0.01,0.002,-0.009,0,13.16,-1.6,0.6,100,0
"2026-01-16 15:45:00",139895,"",7999,2026,1,16,15,39,5,0.0108,0.832,0.007,-362963.6,0.782,0.006,1.54,5.42,0,0.006,0.001,-0.007,-0.007,13.16,-1.6,0.6,100,0
"2026-01-16 15:48:00",139896,"",7999,2026,1,16,15,39,5,0.0108,0.832,0.007,-362963.6,0.782,0.006,1.54,5.42,0,0.006,0.001,-0.007,-0.007,13.16,-1.6,0.6,100,0
"2026-01-16 15:51:00",139897,"",7999,2026,1,16,15,45,5,-0.0036,0.835,-0.002,-362963.2,0.785,-0.001,1.546,5.52,0,-0.001,0.001,-0.012,-0.031,13.16,-1.6,0.6,100,0
"2026-01-16 15:54:00",139898,"",7999,2026,1,16,15,45,5,-0.0036,0.835,-0.002,-362963.2,0.785,-0.001,1.546,5.52,0,-0.001,0.001,-0.012,-0.031,13.16,-1.6,0.6,100,0
"2026-01-16 15:57:00",139899,"",7999,2026,1,16,15,51,5,-0.017,0.834,-0.011,-362967.8,0.784,-0.011,1.543,5.57,0,-0.011,0.002,-0.028,-0.026,13.16,-1.6,0.6,100,0
"2026-01-16 16:00:00",139900,"",7999,2026,1,16,15,51,5,-0.017,0.834,-0.011,-362967.8,0.784,-0.011,1.543,5.57,0,-0.011,0.002,-0.028,-0.026,13.16,-1.6,0.6,100,0
"2026-01-16 16:03:00",139901,"",7999,2026,1,16,15,57,5,-0.009,0.832,-0.006,-362972,0.782,-0.005,1.539,5.61,0,-0.005,0,-0.012,-0.021,13.16,-1.6,0.6,100,0
"2026-01-16 16:06:00",139902,"",7999,2026,1,16,15,57,5,-0.009,0.832,-0.006,-362972,0.782,-0.005,1.539,5.61,0,-0.005,0,-0.012,-0.021,13.16,-1.6,0.6,100,0
"2026-01-16 16:09:00",139903,"",7999,2026,1,16,16,3,5,0.0114,0.83,0.007,-362970.3,0.78,0.007,1.535,5.62,0,0.007,0.001,-0.002,-0.007,13.16,-1.6,0.6,100,0
"2026-01-16 16:12:00",139904,"",7999,2026,1,16,16,3,5,0.0114,0.83,0.007,-362970.3,0.78,0.007,1.535,5.62,0,0.007,0.001,-0.002,-0.007,13.16,-1.6,0.6,100,0
"2026-01-16 16:15:00",139905,"",7999,2026,1,16,16,9,5,0.0238,0.833,0.015,-362963.2,0.783,0.015,1.541,5.62,0,0.015,0.001,-0.005,0.002,13.16,-1.6,0.6,100,0
"2026-01-16 16:18:00",139906,"",7999,2026,1,16,16,9,5,0.0238,0.833,0.015,-362963.2,0.783,0.015,1.541,5.62,0,0.015,0.001,-0.005,0.002,13.16,-1.6,0.6,100,0
"2026-01-16 16:21:00",139907,"",7999,2026,1,16,16,15,5,0.019,0.836,0.012,-362955.8,0.786,0.011,1.548,5.63,0,0.011,-0.001,0.014,-0.014,13.16,-1.6,0.6,100,0
"2026-01-16 16:24:00",139908,"",7999,2026,1,16,16,15,5,0.019,0.836,0.012,-362955.8,0.786,0.011,1.548,5.63,0,0.011,-0.001,0.014,-0.014,13.16,-1.6,0.6,100,0
"2026-01-16 16:27:00",139909,"",7999,2026,1,16,16,21,5,-0.0204,0.836,-0.013,-362958.4,0.786,-0.012,1.547,5.6,0,-0.012,0.002,-0.021,-0.026,13.16,-1.6,0.6,100,0
"2026-01-16 16:30:00",139910,"",7999,2026,1,16,16,21,5,-0.0204,0.836,-0.013,-362958.4,0.786,-0.012,1.547,5.6,0,-0.012,0.002,-0.021,-0.026,13.16,-1.6,0.6,100,0
"2026-01-16 16:33:00",139911,"",7999,2026,1,16,16,27,5,-0.0191,0.83,-0.012,-362965.5,0.78,-0.012,1.536,5.6,0,-0.012,0.004,-0.012,-0.014,13.16,-1.6,0.6,100,0
"2026-01-16 16:36:00",139912,"",7999,2026,1,16,16,27,5,-0.0191,0.83,-0.012,-362965.5,0.78,-0.012,1.536,5.6,0,-0.012,0.004,-0.012,-0.014,13.16,-1.6,0.6,100,0
"2026-01-16 16:39:00",139913,"",7999,2026,1,16,16,33,5,-0.0339,0.825,-0.022,-362975.9,0.775,-0.021,1.526,5.64,0,-0.021,0.005,-0.002,-0.026,13.16,-1.6,0.6,100,0
"2026-01-16 16:42:00",139914,"",7999,2026,1,16,16,33,5,-0.0339,0.825,-0.022,-362975.9,0.775,-0.021,1.526,5.64,0,-0.021,0.005,-0.002,-0.026,13.16,-1.6,0.6,100,0
"2026-01-16 16:45:00",139915,"",7999,2026,1,16,16,39,5,-0.003,0.822,-0.002,-362980.7,0.772,0,1.521,5.65,0,0,0,0,-0.007,13.16,-1.6,0.6,100,0
"2026-01-16 16:48:00",139916,"",7999,2026,1,16,16,39,5,-0.003,0.822,-0.002,-362980.7,0.772,0,1.521,5.65,0,0,0,0,-0.007,13.16,-1.6,0.6,100,0
"2026-01-16 16:51:00",139917,"",7999,2026,1,16,16,45,5,-0.0118,0.819,-0.008,-362983.9,0.769,-0.006,1.516,5.7,0,-0.006,0.002,-0.023,-0.009,13.16,-1.6,0.6,100,0
"2026-01-16 16:54:00",139918,"",7999,2026,1,16,16,45,5,-0.0118,0.819,-0.008,-362983.9,0.769,-0.006,1.516,5.7,0,-0.006,0.002,-0.023,-0.009,13.16,-1.6,0.6,100,0
"2026-01-16 16:57:00",139919,"",7999,2026,1,16,16,51,5,-0.0246,0.813,-0.016,-362991.3,0.763,-0.015,1.505,5.65,0,-0.015,0.002,-0.014,-0.014,13.16,-1.6,0.6,100,0
"2026-01-16 17:00:00",139920,"",7999,2026,1,16,16,51,5,-0.0246,0.813,-0.016,-362991.3,0.763,-0.015,1.505,5.65,0,-0.015,0.002,-0.014,-0.014,13.16,-1.6,0.6,100,0
"2026-01-16 17:03:00",139921,"",7999,2026,1,16,16,57,5,-0.0348,0.808,-0.023,-363002.6,0.758,-0.022,1.495,5.67,0,-0.022,0.002,-0.023,-0.021,13.16,-1.6,0.6,100,0
"2026-01-16 17:06:00",139922,"",7999,2026,1,16,16,57,5,-0.0348,0.808,-0.023,-363002.6,0.758,-0.022,1.495,5.67,0,-0.022,0.002,-0.023,-0.021,13.16,-1.6,0.6,100,0
"2026-01-16 17:09:00",139923,"",7999,2026,1,16,17,3,5,-0.031,0.801,-0.021,-363014.2,0.751,-0.019,1.483,5.7,0,-0.019,0.001,-0.019,-0.019,13.16,-1.6,0.6,100,0
"2026-01-16 17:12:00",139924,"",7999,2026,1,16,17,3,5,-0.031,0.801,-0.021,-363014.2,0.751,-0.019,1.483,5.7,0,-0.019,0.001,-0.019,-0.019,13.16,-1.6,0.6,100,0
"2026-01-16 17:15:00",139925,"",7999,2026,1,16,17,9,5,-0.0047,0.798,-0.003,-363019.1,0.748,-0.002,1.477,5.65,0,-0.002,0.001,0,0.002,13.16,-1.6,0.6,100,0
"2026-01-16 17:18:00",139926,"",7999,2026,1,16,17,9,5,-0.0047,0.798,-0.003,-363019.1,0.748,-0.002,1.477,5.65,0,-0.002,0.001,0,0.002,13.16,-1.6,0.6,100,0
"2026-01-16 17:21:00",139927,"",7999,2026,1,16,17,15,5,-0.0056,0.794,-0.004,-363021,0.744,-0.001,1.469,5.66,0,-0.001,-0.001,-0.007,-0.012,13.16,-1.6,0.6,100,0
"2026-01-16 17:24:00",139928,"",7999,2026,1,16,17,15,5,-0.0056,0.794,-0.004,-363021,0.744,-0.001,1.469,5.66,0,-0.001,-0.001,-0.007,-0.012,13.16,-1.6,0.6,100,0
"2026-01-16 17:27:00",139929,"",7999,2026,1,16,17,21,5,-0.0013,0.789,-0.001,-363022.1,0.739,0,1.461,5.64,0,0,0,0,0,13.16,-1.6,0.6,100,0
"2026-01-16 17:30:00",139930,"",7999,2026,1,16,17,21,5,-0.0013,0.789,-0.001,-363022.1,0.739,0,1.461,5.64,0,0,0,0,0,13.16,-1.6,0.6,100,0
"2026-01-16 17:33:00",139931,"",7999,2026,1,16,17,27,5,-0.0088,0.786,-0.006,-363024.3,0.736,-0.004,1.454,5.64,0,-0.004,0.001,-0.009,-0.007,13.16,-1.6,0.6,100,0
"2026-01-16 17:36:00",139932,"",7999,2026,1,16,17,27,5,-0.0088,0.786,-0.006,-363024.3,0.736,-0.004,1.454,5.64,0,-0.004,0.001,-0.009,-0.007,13.16,-1.6,0.6,100,0
"2026-01-16 17:39:00",139933,"",7999,2026,1,16,17,33,5,-0.0149,0.782,-0.01,-363029,0.732,-0.01,1.447,5.65,0,-0.01,0,-0.012,-0.019,13.16,-1.6,0.6,100,0
"2026-01-16 17:42:00",139934,"",7999,2026,1,16,17,33,5,-0.0149,0.782,-0.01,-363029,0.732,-0.01,1.447,5.65,0,-0.01,0,-0.012,-0.019,13.16,-1.6,0.6,100,0
"2026-01-16 17:45:00",139935,"",7999,2026,1,16,17,39,5,-0.0146,0.779,-0.01,-363034.3,0.729,-0.008,1.442,5.65,0,-0.008,-0.001,0,-0.009,13.16,-1.6,0.6,100,0
"2026-01-16 17:48:00",139936,"",7999,2026,1,16,17,39,5,-0.0146,0.779,-0.01,-363034.3,0.729,-0.008,1.442,5.65,0,-0.008,-0.001,0,-0.009,13.16,-1.6,0.6,100,0
"2026-01-16 17:51:00",139937,"",7999,2026,1,16,17,45,5,-0.0111,0.777,-0.008,-363038.7,0.727,-0.007,1.437,5.63,0,-0.007,0,0,-0.012,13.16,-1.6,0.6,100,0
"2026-01-16 17:54:00",139938,"",7999,2026,1,16,17,45,5,-0.0111,0.777,-0.008,-363038.7,0.727,-0.007,1.437,5.63,0,-0.007,0,0,-0.012,13.16,-1.6,0.6,100,0
"2026-01-16 17:57:00",139939,"",7999,2026,1,16,17,51,5,-0.0086,0.773,-0.006,-363042.2,0.723,-0.005,1.431,5.64,0,-0.005,0.002,0,-0.009,13.16,-1.6,0.6,100,0
"2026-01-16 18:00:00",139940,"",7999,2026,1,16,17,51,5,-0.0086,0.773,-0.006,-363042.2,0.723,-0.005,1.431,5.64,0,-0.005,0.002,0,-0.009,13.16,-1.6,0.6,100,0
"2026-01-16 18:03:00",139941,"",7999,2026,1,16,17,57,5,-0.0012,0.771,-0.001,-363043.5,0.721,0,1.426,5.63,0,0,0,0.002,0.009,13.16,-1.6,0.6,100,0
"2026-01-16 18:06:00",139942,"",7999,2026,1,16,17,57,5,-0.0012,0.771,-0.001,-363043.5,0.721,0,1.426,5.63,0,0,0,0.002,0.009,13.16,-1.6,0.6,100,0
"2026-01-16 18:09:00",139943,"",7999,2026,1,16,18,3,5,-0.0063,0.769,-0.004,-363045.2,0.719,-0.004,1.424,5.65,0,-0.004,-0.001,-0.002,-0.002,13.16,-1.6,0.6,100,0
"2026-01-16 18:12:00",139944,"",7999,2026,1,16,18,3,5,-0.0063,0.769,-0.004,-363045.2,0.719,-0.004,1.424,5.65,0,-0.004,-0.001,-0.002,-0.002,13.16,-1.6,0.6,100,0
"2026-01-16 18:15:00",139945,"",7999,2026,1,16,18,9,5,-0.0133,0.766,-0.009,-363049.1,0.716,-0.008,1.417,5.63,0,-0.008,0.002,-0.03,-0.014,13.16,-1.6,0.6,100,0
"2026-01-16 18:18:00",139946,"",7999,2026,1,16,18,9,5,-0.0133,0.766,-0.009,-363049.1,0.716,-0.008,1.417,5.63,0,-0.008,0.002,-0.03,-0.014,13.16,-1.6,0.6,100,0
"2026-01-16 18:21:00",139947,"",7999,2026,1,16,18,15,5,-0.0172,0.76,-0.012,-363054.9,0.71,-0.012,1.407,5.64,0,-0.012,0,-0.012,-0.019,13.16,-1.6,0.6,100,0
"2026-01-16 18:24:00",139948,"",7999,2026,1,16,18,15,5,-0.0172,0.76,-0.012,-363054.9,0.71,-0.012,1.407,5.64,0,-0.012,0,-0.012,-0.019,13.16,-1.6,0.6,100,0
"2026-01-16 18:27:00",139949,"",7999,2026,1,16,18,21,5,-0.0129,0.754,-0.009,-363060.1,0.704,-0.008,1.395,5.65,0,-0.008,0.001,-0.002,-0.002,13.16,-1.6,0.6,100,0
"2026-01-16 18:30:00",139950,"",7999,2026,1,16,18,21,5,-0.0129,0.754,-0.009,-363060.1,0.704,-0.008,1.395,5.65,0,-0.008,0.001,-0.002,-0.002,13.16,-1.6,0.6,100,0
"2026-01-16 18:33:00",139951,"",7999,2026,1,16,18,27,5,0.0035,0.749,0.003,-363060.8,0.699,0.002,1.387,5.67,0,0.002,0,0,0.002,13.16,-1.6,0.6,100,0
"2026-01-16 18:36:00",139952,"",7999,2026,1,16,18,27,5,0.0035,0.749,0.003,-363060.8,0.699,0.002,1.387,5.67,0,0.002,0,0,0.002,13.16,-1.6,0.6,100,0
"2026-01-16 18:39:00",139953,"",7999,2026,1,16,18,33,5,-0.0076,0.746,-0.006,-363062.2,0.696,-0.005,1.381,5.66,0,-0.005,-0.001,0,0.002,13.16,-1.6,0.6,100,0
"2026-01-16 18:42:00",139954,"",7999,2026,1,16,18,33,5,-0.0076,0.746,-0.006,-363062.2,0.696,-0.005,1.381,5.66,0,-0.005,-0.001,0,0.002,13.16,-1.6,0.6,100,0
"2026-01-16 18:45:00",139955,"",7999,2026,1,16,18,39,5,-0.0163,0.742,-0.012,-363067,0.692,-0.011,1.373,5.61,0,-0.011,0,-0.03,-0.024,13.16,-1.6,0.6,100,0
"2026-01-16 18:48:00",139956,"",7999,2026,1,16,18,39,5,-0.0163,0.742,-0.012,-363067,0.692,-0.011,1.373,5.61,0,-0.011,0,-0.03,-0.024,13.16,-1.6,0.6,100,0
"2026-01-16 18:51:00",139957,"",7999,2026,1,16,18,45,5,-0.0293,0.737,-0.022,-363076.1,0.687,-0.021,1.363,5.62,0,-0.021,0.001,-0.026,-0.026,13.16,-1.6,0.6,100,0
"2026-01-16 18:54:00",139958,"",7999,2026,1,16,18,45,5,-0.0293,0.737,-0.022,-363076.1,0.687,-0.021,1.363,5.62,0,-0.021,0.001,-0.026,-0.026,13.16,-1.6,0.6,100,0
"2026-01-16 18:57:00",139959,"",7999,2026,1,16,18,51,5,-0.0162,0.734,-0.012,-363083.5,0.684,-0.011,1.358,5.61,0,-0.011,0.002,-0.014,-0.012,13.16,-1.6,0.6,100,0
"2026-01-16 19:00:00",139960,"",7999,2026,1,16,18,51,5,-0.0162,0.734,-0.012,-363083.5,0.684,-0.011,1.358,5.61,0,-0.011,0.002,-0.014,-0.012,13.16,-1.6,0.6,100,0
"2026-01-16 19:03:00",139961,"",7999,2026,1,16,18,57,5,-0.0133,0.729,-0.01,-363088.6,0.679,-0.008,1.35,5.63,0,-0.008,-0.001,-0.012,-0.021,13.16,-1.6,0.6,100,0
"2026-01-16 19:06:00",139962,"",7999,2026,1,16,18,57,5,-0.0133,0.729,-0.01,-363088.6,0.679,-0.008,1.35,5.63,0,-0.008,-0.001,-0.012,-0.021,13.16,-1.6,0.6,100,0
"2026-01-16 19:09:00",139963,"",7999,2026,1,16,19,3,5,-0.0138,0.726,-0.01,-363093.5,0.676,-0.01,1.343,5.66,0,-0.01,0,-0.005,-0.009,13.16,-1.6,0.6,100,0
"2026-01-16 19:12:00",139964,"",7999,2026,1,16,19,3,5,-0.0138,0.726,-0.01,-363093.5,0.676,-0.01,1.343,5.66,0,-0.01,0,-0.005,-0.009,13.16,-1.6,0.6,100,0
"2026-01-16 19:15:00",139965,"",7999,2026,1,16,19,9,5,-0.0181,0.72,-0.014,-363099.6,0.67,-0.012,1.332,5.65,0,-0.012,0.001,-0.026,-0.019,13.16,-1.6,0.6,100,0
"2026-01-16 19:18:00",139966,"",7999,2026,1,16,19,9,5,-0.0181,0.72,-0.014,-363099.6,0.67,-0.012,1.332,5.65,0,-0.012,0.001,-0.026,-0.019,13.16,-1.6,0.6,100,0
"2026-01-16 19:21:00",139967,"",7999,2026,1,16,19,15,5,-0.0244,0.71,-0.019,-363107.6,0.66,-0.017,1.314,5.6,0,-0.017,0.001,-0.007,-0.019,13.16,-1.6,0.6,100,0
"2026-01-16 19:24:00",139968,"",7999,2026,1,16,19,15,5,-0.0244,0.71,-0.019,-363107.6,0.66,-0.017,1.314,5.6,0,-0.017,0.001,-0.007,-0.019,13.16,-1.6,0.6,100,0
"2026-01-16 19:27:00",139969,"",7999,2026,1,16,19,21,5,-0.0079,0.704,-0.006,-363112.4,0.654,-0.005,1.303,5.65,0,-0.005,0.001,-0.007,-0.012,13.16,-1.6,0.6,100,0
"2026-01-16 19:30:00",139970,"",7999,2026,1,16,19,21,5,-0.0079,0.704,-0.006,-363112.4,0.654,-0.005,1.303,5.65,0,-0.005,0.001,-0.007,-0.012,13.16,-1.6,0.6,100,0
"2026-01-16 19:33:00",139971,"",7999,2026,1,16,19,27,5,-0.028,0.697,-0.022,-363120.1,0.647,-0.021,1.29,5.64,0,-0.021,0.002,-0.007,-0.019,13.16,-1.6,0.6,100,0
"2026-01-16 19:36:00",139972,"",7999,2026,1,16,19,27,5,-0.028,0.697,-0.022,-363120.1,0.647,-0.021,1.29,5.64,0,-0.021,0.002,-0.007,-0.019,13.16,-1.6,0.6,100,0
"2026-01-16 19:39:00",139973,"",7999,2026,1,16,19,33,5,-0.0204,0.689,-0.016,-363128.4,0.639,-0.015,1.276,5.62,0,-0.015,0,-0.014,-0.002,13.16,-1.6,0.6,100,0
"2026-01-16 19:42:00",139974,"",7999,2026,1,16,19,33,5,-0.0204,0.689,-0.016,-363128.4,0.639,-0.015,1.276,5.62,0,-0.015,0,-0.014,-0.002,13.16,-1.6,0.6,100,0
"2026-01-16 19:45:00",139975,"",7999,2026,1,16,19,39,5,-0.0148,0.683,-0.012,-363134.4,0.633,-0.011,1.263,5.62,0,-0.011,0,-0.016,-0.017,13.16,-1.6,0.6,100,0
"2026-01-16 19:48:00",139976,"",7999,2026,1,16,19,39,5,-0.0148,0.683,-0.012,-363134.4,0.633,-0.011,1.263,5.62,0,-0.011,0,-0.016,-0.017,13.16,-1.6,0.6,100,0
"2026-01-16 19:51:00",139977,"",7999,2026,1,16,19,45,5,-0.0131,0.674,-0.011,-363139.4,0.624,-0.008,1.247,5.61,0,-0.008,-0.001,-0.005,-0.005,13.16,-1.6,0.6,100,0
"2026-01-16 19:54:00",139978,"",7999,2026,1,16,19,45,5,-0.0131,0.674,-0.011,-363139.4,0.624,-0.008,1.247,5.61,0,-0.008,-0.001,-0.005,-0.005,13.16,-1.6,0.6,100,0
"2026-01-16 19:57:00",139979,"",7999,2026,1,16,19,51,5,-0.0008,0.669,-0.001,-363141.2,0.619,0,1.238,5.64,0,0,0,-0.012,-0.002,13.16,-1.6,0.6,100,0
"2026-01-16 20:00:00",139980,"",7999,2026,1,16,19,51,5,-0.0008,0.669,-0.001,-363141.2,0.619,0,1.238,5.64,0,0,0,-0.012,-0.002,13.16,-1.6,0.6,100,0
"2026-01-16 20:03:00",139981,"",7999,2026,1,16,19,57,5,0.0015,0.669,0.001,-363140.9,0.619,0,1.238,5.66,0,0,0,-0.012,-0.005,13.16,-1.6,0.6,100,0
"2026-01-16 20:06:00",139982,"",7999,2026,1,16,19,57,5,0.0015,0.669,0.001,-363140.9,0.619,0,1.238,5.66,0,0,0,-0.012,-0.005,13.16,-1.6,0.6,100,0
"2026-01-16 20:09:00",139983,"",7999,2026,1,16,20,3,5,-0.0061,0.663,-0.005,-363142.2,0.613,-0.004,1.228,5.62,0,-0.004,-0.001,-0.002,-0.007,13.16,-1.6,0.6,100,0
"2026-01-16 20:12:00",139984,"",7999,2026,1,16,20,3,5,-0.0061,0.663,-0.005,-363142.2,0.613,-0.004,1.228,5.62,0,-0.004,-0.001,-0.002,-0.007,13.16,-1.6,0.6,100,0
"2026-01-16 20:15:00",139985,"",7999,2026,1,16,20,9,5,-0.0036,0.658,-0.003,-363143.8,0.608,-0.001,1.217,5.62,0,-0.001,-0.001,0.002,-0.002,13.16,-1.6,0.6,100,0
"2026-01-16 20:18:00",139986,"",7999,2026,1,16,20,9,5,-0.0036,0.658,-0.003,-363143.8,0.608,-0.001,1.217,5.62,0,-0.001,-0.001,0.002,-0.002,13.16,-1.6,0.6,100,0
"2026-01-16 20:21:00",139987,"",7999,2026,1,16,20,15,5,-0.0077,0.651,-0.006,-363146.1,0.601,-0.005,1.205,5.63,0,-0.005,0,-0.019,-0.014,13.16,-1.6,0.6,100,0
"2026-01-16 20:24:00",139988,"",7999,2026,1,16,20,15,5,-0.0077,0.651,-0.006,-363146.1,0.601,-0.005,1.205,5.63,0,-0.005,0,-0.019,-0.014,13.16,-1.6,0.6,100,0
"2026-01-16 20:27:00",139989,"",7999,2026,1,16,20,21,5,-0.0031,0.645,-0.003,-363147.8,0.595,-0.001,1.193,5.66,0,-0.001,-0.001,-0.009,0,13.16,-1.6,0.6,100,0
"2026-01-16 20:30:00",139990,"",7999,2026,1,16,20,21,5,-0.0031,0.645,-0.003,-363147.8,0.595,-0.001,1.193,5.66,0,-0.001,-0.001,-0.009,0,13.16,-1.6,0.6,100,0
"2026-01-16 20:33:00",139991,"",7999,2026,1,16,20,27,5,0.0028,0.643,0.002,-363147.5,0.593,0.002,1.191,5.69,0,0.002,0.001,-0.002,0.002,13.16,-1.6,0.6,100,0
"2026-01-16 20:36:00",139992,"",7999,2026,1,16,20,27,5,0.0028,0.643,0.002,-363147.5,0.593,0.002,1.191,5.69,0,0.002,0.001,-0.002,0.002,13.16,-1.6,0.6,100,0
"2026-01-16 20:39:00",139993,"",7999,2026,1,16,20,33,5,0.002,0.643,0.002,-363146.6,0.593,0.001,1.189,5.69,0,0.001,0.001,-0.007,0,13.16,-1.6,0.6,100,0
"2026-01-16 20:42:00",139994,"",7999,2026,1,16,20,33,5,0.002,0.643,0.002,-363146.6,0.593,0.001,1.189,5.69,0,0.001,0.001,-0.007,0,13.16,-1.6,0.6,100,0
"2026-01-16 20:45:00",139995,"",7999,2026,1,16,20,39,5,-0.0046,0.636,-0.004,-363147.5,0.586,-0.004,1.178,5.64,0,-0.004,-0.001,-0.014,-0.009,13.16,-1.6,0.6,100,0
"2026-01-16 20:48:00",139996,"",7999,2026,1,16,20,39,5,-0.0046,0.636,-0.004,-363147.5,0.586,-0.004,1.178,5.64,0,-0.004,-0.001,-0.014,-0.009,13.16,-1.6,0.6,100,0
"2026-01-16 20:51:00",139997,"",7999,2026,1,16,20,45,5,-0.0057,0.631,-0.005,-363149.4,0.581,-0.004,1.168,5.64,0,-0.004,-0.001,-0.007,-0.009,13.16,-1.6,0.6,100,0
"2026-01-16 20:54:00",139998,"",7999,2026,1,16,20,45,5,-0.0057,0.631,-0.005,-363149.4,0.581,-0.004,1.168,5.64,0,-0.004,-0.001,-0.007,-0.009,13.16,-1.6,0.6,100,0
"2026-01-16 20:57:00",139999,"",7999,2026,1,16,20,51,5,-0.0055,0.627,-0.005,-363151.5,0.577,-0.004,1.16,5.68,0,-0.004,-0.002,-0.009,-0.019,13.16,-1.6,0.6,100,0
"2026-01-16 21:00:00",140000,"",7999,2026,1,16,20,51,5,-0.0055,0.627,-0.005,-363151.5,0.577,-0.004,1.16,5.68,0,-0.004,-0.002,-0.009,-0.019,13.16,-1.6,0.6,100,0
"2026-01-16 21:03:00",140001,"",7999,2026,1,16,20,57,5,-0.003,0.625,-0.003,-363152.9,0.575,-0.001,1.157,5.71,0,-0.001,-0.001,-0.005,-0.009,13.16,-1.6,0.6,100,0
"2026-01-16 21:06:00",140002,"",7999,2026,1,16,20,57,5,-0.003,0.625,-0.003,-363152.9,0.575,-0.001,1.157,5.71,0,-0.001,-0.001,-0.005,-0.009,13.16,-1.6,0.6,100,0
"2026-01-16 21:09:00",140003,"",7999,2026,1,16,21,3,5,-0.0011,0.622,-0.001,-363153.5,0.572,0,1.151,5.69,0,0,0,0.007,0,13.16,-1.6,0.6,100,0
"2026-01-16 21:12:00",140004,"",7999,2026,1,16,21,3,5,-0.0011,0.622,-0.001,-363153.5,0.572,0,1.151,5.69,0,0,0,0.007,0,13.16,-1.6,0.6,100,0
"2026-01-16 21:15:00",140005,"",7999,2026,1,16,21,9,5,-0.0004,0.62,0,-363153.8,0.57,0,1.148,5.69,0,0,0.001,-0.005,-0.012,13.16,-1.6,0.6,100,0
"2026-01-16 21:18:00",140006,"",7999,2026,1,16,21,9,5,-0.0004,0.62,0,-363153.8,0.57,0,1.148,5.69,0,0,0.001,-0.005,-0.012,13.16,-1.6,0.6,100,0
"2026-01-16 21:21:00",140007,"",7999,2026,1,16,21,15,5,-0.0035,0.618,-0.003,-363154.7,0.568,-0.002,1.144,5.7,0,-0.002,0,0,-0.014,13.16,-1.6,0.6,100,0
"2026-01-16 21:24:00",140008,"",7999,2026,1,16,21,15,5,-0.0035,0.618,-0.003,-363154.7,0.568,-0.002,1.144,5.7,0,-0.002,0,0,-0.014,13.16,-1.6,0.6,100,0
"2026-01-16 21:27:00",140009,"",7999,2026,1,16,21,21,5,0.0081,0.621,0.007,-363153.1,0.571,0.007,1.15,5.73,0,0.007,0.003,0,-0.007,13.16,-1.6,0.6,100,0
"2026-01-16 21:30:00",140010,"",7999,2026,1,16,21,21,5,0.0081,0.621,0.007,-363153.1,0.571,0.007,1.15,5.73,0,0.007,0.003,0,-0.007,13.16,-1.6,0.6,100,0
"2026-01-16 21:33:00",140011,"",7999,2026,1,16,21,27,5,-0.0002,0.623,0,-363152.2,0.573,0,1.153,5.7,0,0,0,-0.014,0,13.16,-1.6,0.6,100,0
"2026-01-16 21:36:00",140012,"",7999,2026,1,16,21,27,5,-0.0002,0.623,0,-363152.2,0.573,0,1.153,5.7,0,0,0,-0.014,0,13.16,-1.6,0.6,100,0
"2026-01-16 21:39:00",140013,"",7999,2026,1,16,21,33,5,-0.0011,0.622,-0.001,-363152.5,0.572,0,1.152,5.65,0,0,0,-0.016,-0.019,13.16,-1.6,0.6,100,0
"2026-01-16 21:42:00",140014,"",7999,2026,1,16,21,33,5,-0.0011,0.622,-0.001,-363152.5,0.572,0,1.152,5.65,0,0,0,-0.016,-0.019,13.16,-1.6,0.6,100,0
"2026-01-16 21:45:00",140015,"",7999,2026,1,16,21,39,5,0.0025,0.624,0.002,-363152.1,0.574,0.001,1.156,5.66,0,0.001,-0.001,0.014,-0.031,13.16,-1.6,0.6,100,0
"2026-01-16 21:48:00",140016,"",7999,2026,1,16,21,39,5,0.0025,0.624,0.002,-363152.1,0.574,0.001,1.156,5.66,0,0.001,-0.001,0.014,-0.031,13.16,-1.6,0.6,100,0
"2026-01-16 21:51:00",140017,"",7999,2026,1,16,21,45,5,0.0009,0.624,0.001,-363151.5,0.574,0,1.154,5.68,0,0,0,-0.005,-0.005,13.16,-1.6,0.6,100,0
"2026-01-16 21:54:00",140018,"",7999,2026,1,16,21,45,5,0.0009,0.624,0.001,-363151.5,0.574,0,1.154,5.68,0,0,0,-0.005,-0.005,13.16,-1.6,0.6,100,0
"2026-01-16 21:57:00",140019,"",7999,2026,1,16,21,51,5,-0.0009,0.62,-0.001,-363151.7,0.57,-0.001,1.148,5.69,0,-0.001,0.001,-0.016,-0.014,13.16,-1.6,0.6,100,0
"2026-01-16 22:00:00",140020,"",7999,2026,1,16,21,51,5,-0.0009,0.62,-0.001,-363151.7,0.57,-0.001,1.148,5.69,0,-0.001,0.001,-0.016,-0.014,13.16,-1.6,0.6,100,0
"2026-01-16 22:03:00",140021,"",7999,2026,1,16,21,57,5,-0.0016,0.621,-0.001,-363152.2,0.571,0,1.149,5.72,0,0,0,-0.002,-0.021,13.16,-1.6,0.6,100,0
"2026-01-16 22:06:00",140022,"",7999,2026,1,16,21,57,5,-0.0016,0.621,-0.001,-363152.2,0.571,0,1.149,5.72,0,0,0,-0.002,-0.021,13.16,-1.6,0.6,100,0
"2026-01-16 22:09:00",140023,"",7999,2026,1,16,22,3,5,0.0012,0.624,0.001,-363152.1,0.574,0,1.155,5.72,0,0,0,-0.005,-0.017,13.16,-1.6,0.6,100,0
"2026-01-16 22:12:00",140024,"",7999,2026,1,16,22,3,5,0.0012,0.624,0.001,-363152.1,0.574,0,1.155,5.72,0,0,0,-0.005,-0.017,13.16,-1.6,0.6,100,0
"2026-01-16 22:15:00",140025,"",7999,2026,1,16,22,9,5,0.0003,0.627,0,-363151.8,0.577,0,1.161,5.74,0,0,0.001,-0.005,0.002,13.16,-1.6,0.6,100,0
"2026-01-16 22:18:00",140026,"",7999,2026,1,16,22,9,5,0.0003,0.627,0,-363151.8,0.577,0,1.161,5.74,0,0,0.001,-0.005,0.002,13.16,-1.6,0.6,100,0
"2026-01-16 22:21:00",140027,"",7999,2026,1,16,22,15,5,0.005,0.629,0.004,-363150.6,0.579,0.004,1.163,5.7,0,0.004,0.001,-0.002,-0.009,13.16,-1.6,0.6,100,0
"2026-01-16 22:24:00",140028,"",7999,2026,1,16,22,15,5,0.005,0.629,0.004,-363150.6,0.579,0.004,1.163,5.7,0,0.004,0.001,-0.002,-0.009,13.16,-1.6,0.6,100,0
"2026-01-16 22:27:00",140029,"",7999,2026,1,16,22,21,5,0.0049,0.63,0.004,-363148.8,0.58,0.004,1.166,5.73,0,0.004,-0.002,-0.021,0,13.16,-1.6,0.6,100,0
"2026-01-16 22:30:00",140030,"",7999,2026,1,16,22,21,5,0.0049,0.63,0.004,-363148.8,0.58,0.004,1.166,5.73,0,0.004,-0.002,-0.021,0,13.16,-1.6,0.6,100,0
"2026-01-16 22:33:00",140031,"",7999,2026,1,16,22,27,5,0.0014,0.633,0.001,-363147.8,0.583,0,1.172,5.75,0,0,0,-0.009,-0.019,13.16,-1.6,0.6,100,0
"2026-01-16 22:36:00",140032,"",7999,2026,1,16,22,27,5,0.0014,0.633,0.001,-363147.8,0.583,0,1.172,5.75,0,0,0,-0.009,-0.019,13.16,-1.6,0.6,100,0
"2026-01-16 22:39:00",140033,"",7999,2026,1,16,22,33,5,0.0009,0.633,0.001,-363147.4,0.583,0,1.171,5.72,0,0,0,0,-0.019,13.16,-1.6,0.6,100,0
"2026-01-16 22:42:00",140034,"",7999,2026,1,16,22,33,5,0.0009,0.633,0.001,-363147.4,0.583,0,1.171,5.72,0,0,0,0,-0.019,13.16,-1.6,0.6,100,0
"2026-01-16 22:45:00",140035,"",7999,2026,1,16,22,39,5,0.0035,0.636,0.003,-363146.4,0.586,0.002,1.178,5.75,0,0.002,0,0.019,-0.005,13.16,-1.6,0.6,100,0
"2026-01-16 22:48:00",140036,"",7999,2026,1,16,22,39,5,0.0035,0.636,0.003,-363146.4,0.586,0.002,1.178,5.75,0,0.002,0,0.019,-0.005,13.16,-1.6,0.6,100,0
"2026-01-16 22:51:00",140037,"",7999,2026,1,16,22,45,5,-0.0002,0.638,0,-363146.1,0.588,0,1.181,5.8,0,0,0,0,-0.002,13.16,-1.6,0.6,100,0
"2026-01-16 22:54:00",140038,"",7999,2026,1,16,22,45,5,-0.0002,0.638,0,-363146.1,0.588,0,1.181,5.8,0,0,0,0,-0.002,13.16,-1.6,0.6,100,0
"2026-01-16 22:57:00",140039,"",7999,2026,1,16,22,51,5,0.0016,0.64,0.001,-363145.7,0.59,0,1.184,5.78,0,0,0,-0.016,0,13.16,-1.6,0.6,100,0
"2026-01-16 23:00:00",140040,"",7999,2026,1,16,22,51,5,0.0016,0.64,0.001,-363145.7,0.59,0,1.184,5.78,0,0,0,-0.016,0,13.16,-1.6,0.6,100,0
"2026-01-16 23:03:00",140041,"",7999,2026,1,16,22,57,5,-0.0006,0.638,-0.001,-363145.7,0.588,0,1.181,5.77,0,0,0,0,-0.014,13.16,-1.6,0.6,100,0
"2026-01-16 23:06:00",140042,"",7999,2026,1,16,22,57,5,-0.0006,0.638,-0.001,-363145.7,0.588,0,1.181,5.77,0,0,0,0,-0.014,13.16,-1.6,0.6,100,0
"2026-01-16 23:09:00",140043,"",7999,2026,1,16,23,3,5,-0.0039,0.634,-0.003,-363146.7,0.584,-0.002,1.173,5.77,0,-0.002,0,-0.026,-0.005,13.16,-1.6,0.6,100,0
"2026-01-16 23:12:00",140044,"",7999,2026,1,16,23,3,5,-0.0039,0.634,-0.003,-363146.7,0.584,-0.002,1.173,5.77,0,-0.002,0,-0.026,-0.005,13.16,-1.6,0.6,100,0
"2026-01-16 23:15:00",140045,"",7999,2026,1,16,23,9,5,0.0011,0.638,0.001,-363146.9,0.588,0,1.18,5.76,0,0,0,0,-0.017,13.16,-1.6,0.6,100,0
"2026-01-16 23:18:00",140046,"",7999,2026,1,16,23,9,5,0.0011,0.638,0.001,-363146.9,0.588,0,1.18,5.76,0,0,0,0,-0.017,13.16,-1.6,0.6,100,0
"2026-01-16 23:21:00",140047,"",7999,2026,1,16,23,15,5,0.0089,0.646,0.008,-363144.6,0.596,0.007,1.195,5.78,0,0.007,0.001,-0.012,0,13.16,-1.6,0.6,100,0
"2026-01-16 23:24:00",140048,"",7999,2026,1,16,23,15,5,0.0089,0.646,0.008,-363144.6,0.596,0.007,1.195,5.78,0,0.007,0.001,-0.012,0,13.16,-1.6,0.6,100,0
"2026-01-16 23:27:00",140049,"",7999,2026,1,16,23,21,5,0.0091,0.652,0.008,-363141.3,0.602,0.006,1.206,5.74,0,0.006,-0.001,0,0,13.16,-1.6,0.6,100,0
"2026-01-16 23:30:00",140050,"",7999,2026,1,16,23,21,5,0.0091,0.652,0.008,-363141.3,0.602,0.006,1.206,5.74,0,0.006,-0.001,0,0,13.16,-1.6,0.6,100,0
"2026-01-16 23:33:00",140051,"",7999,2026,1,16,23,27,5,0.0003,0.651,0,-363140.1,0.601,0,1.205,5.68,0,0,0,-0.016,-0.021,13.16,-1.6,0.6,100,0
"2026-01-16 23:36:00",140052,"",7999,2026,1,16,23,27,5,0.0003,0.651,0,-363140.1,0.601,0,1.205,5.68,0,0,0,-0.016,-0.021,13.16,-1.6,0.6,100,0
"2026-01-16 23:39:00",140053,"",7999,2026,1,16,23,33,5,0.0025,0.653,0.002,-363139.5,0.603,0.001,1.208,5.66,0,0.001,-0.001,-0.009,-0.012,13.16,-1.6,0.6,100,0
"2026-01-16 23:42:00",140054,"",7999,2026,1,16,23,33,5,0.0025,0.653,0.002,-363139.5,0.603,0.001,1.208,5.66,0,0.001,-0.001,-0.009,-0.012,13.16,-1.6,0.6,100,0
"2026-01-16 23:45:00",140055,"",7999,2026,1,16,23,39,5,0.003,0.655,0.003,-363138.4,0.605,0.002,1.212,5.67,0,0.002,-0.001,-0.012,-0.007,13.16,-1.6,0.6,100,0
"2026-01-16 23:48:00",140056,"",7999,2026,1,16,23,39,5,0.003,0.655,0.003,-363138.4,0.605,0.002,1.212,5.67,0,0.002,-0.001,-0.012,-0.007,13.16,-1.6,0.6,100,0
"2026-01-16 23:51:00",140057,"",7999,2026,1,16,23,45,5,0.0023,0.659,0.002,-363137.5,0.609,0.001,1.219,5.73,0,0.001,-0.001,0,-0.017,13.16,-1.6,0.6,100,0
"2026-01-16 23:54:00",140058,"",7999,2026,1,16,23,45,5,0.0023,0.659,0.002,-363137.5,0.609,0.001,1.219,5.73,0,0.001,-0.001,0,-0.017,13.16,-1.6,0.6,100,0
"2026-01-16 23:57:00",140059,"",7999,2026,1,16,23,51,5,0.0069,0.667,0.006,-363135.6,0.617,0.005,1.235,5.75,0,0.005,0.001,-0.019,-0.005,13.16,-1.6,0.6,100,0
"2026-01-17 00:00:00",140060,"",7999,2026,1,16,23,51,5,0.0069,0.667,0.006,-363135.6,0.617,0.005,1.235,5.75,0,0.005,0.001,-0.019,-0.005,13.16,-1.6,0.6,100,0
"2026-01-17 00:03:00",140061,"",7999,2026,1,16,23,57,5,0.0058,0.672,0.005,-363133.3,0.622,0.004,1.243,5.77,0,0.004,0.001,0.014,-0.007,13.16,-1.6,0.6,100,0
"2026-01-17 00:06:00",140062,"",7999,2026,1,16,23,57,5,0.0058,0.672,0.005,-363133.3,0.622,0.004,1.243,5.77,0,0.004,0.001,0.014,-0.007,13.16,-1.6,0.6,100,0
"2026-01-17 00:09:00",140063,"",7999,2026,1,17,0,3,5,-0.0028,0.672,-0.002,-363133.3,0.622,-0.001,1.244,5.7,0,-0.001,0.001,-0.007,-0.014,13.16,-1.6,0.6,100,0
"2026-01-17 00:12:00",140064,"",7999,2026,1,17,0,3,5,-0.0028,0.672,-0.002,-363133.3,0.622,-0.001,1.244,5.7,0,-0.001,0.001,-0.007,-0.014,13.16,-1.6,0.6,100,0
"2026-01-17 00:15:00",140065,"",7999,2026,1,17,0,9,5,0.0083,0.676,0.007,-363131.7,0.626,0.006,1.251,5.69,0,0.006,0.001,0.002,-0.014,13.16,-1.6,0.6,100,0
"2026-01-17 00:18:00",140066,"",7999,2026,1,17,0,9,5,0.0083,0.676,0.007,-363131.7,0.626,0.006,1.251,5.69,0,0.006,0.001,0.002,-0.014,13.16,-1.6,0.6,100,0
"2026-01-17 00:21:00",140067,"",7999,2026,1,17,0,15,5,0.0056,0.679,0.005,-363129.3,0.629,0.004,1.257,5.71,0,0.004,-0.001,-0.009,-0.005,13.16,-1.6,0.6,100,0
"2026-01-17 00:24:00",140068,"",7999,2026,1,17,0,15,5,0.0056,0.679,0.005,-363129.3,0.629,0.004,1.257,5.71,0,0.004,-0.001,-0.009,-0.005,13.16,-1.6,0.6,100,0
"2026-01-17 00:27:00",140069,"",7999,2026,1,17,0,21,5,0.0085,0.686,0.007,-363126.5,0.636,0.006,1.27,5.72,0,0.006,0.002,-0.012,-0.007,13.16,-1.6,0.6,100,0
"2026-01-17 00:30:00",140070,"",7999,2026,1,17,0,21,5,0.0085,0.686,0.007,-363126.5,0.636,0.006,1.27,5.72,0,0.006,0.002,-0.012,-0.007,13.16,-1.6,0.6,100,0
"2026-01-17 00:33:00",140071,"",7999,2026,1,17,0,27,5,0.0074,0.696,0.006,-363123.8,0.646,0.004,1.287,5.7,0,0.004,-0.001,-0.007,-0.012,13.16,-1.6,0.6,100,0
"2026-01-17 00:36:00",140072,"",7999,2026,1,17,0,27,5,0.0074,0.696,0.006,-363123.8,0.646,0.004,1.287,5.7,0,0.004,-0.001,-0.007,-0.012,13.16,-1.6,0.6,100,0
"2026-01-17 00:39:00",140073,"",7999,2026,1,17,0,33,5,0.0136,0.703,0.01,-363119.6,0.653,0.01,1.301,5.69,0,0.01,0.001,-0.005,0,13.16,-1.6,0.6,100,0
"2026-01-17 00:42:00",140074,"",7999,2026,1,17,0,33,5,0.0136,0.703,0.01,-363119.6,0.653,0.01,1.301,5.69,0,0.01,0.001,-0.005,0,13.16,-1.6,0.6,100,0
"2026-01-17 00:45:00",140075,"",7999,2026,1,17,0,39,5,0.0233,0.715,0.018,-363112.3,0.665,0.017,1.324,5.63,0,0.017,-0.001,0.009,0.005,13.16,-1.6,0.6,100,0
"2026-01-17 00:48:00",140076,"",7999,2026,1,17,0,39,5,0.0233,0.715,0.018,-363112.3,0.665,0.017,1.324,5.63,0,0.017,-0.001,0.009,0.005,13.16,-1.6,0.6,100,0
"2026-01-17 00:51:00",140077,"",7999,2026,1,17,0,45,5,0.0125,0.722,0.009,-363106.5,0.672,0.008,1.337,5.4,0,0.008,-0.001,0,-0.005,13.16,-1.6,0.6,100,0
"2026-01-17 00:54:00",140078,"",7999,2026,1,17,0,45,5,0.0125,0.722,0.009,-363106.5,0.672,0.008,1.337,5.4,0,0.008,-0.001,0,-0.005,13.16,-1.6,0.6,100,0
"2026-01-17 00:57:00",140079,"",7999,2026,1,17,0,51,5,0.0022,0.725,0.002,-363104.5,0.675,0,1.342,5.28,0,0,0,0.002,0,13.16,-1.6,0.6,100,0
"2026-01-17 01:00:00",140080,"",7999,2026,1,17,0,51,5,0.0022,0.725,0.002,-363104.5,0.675,0,1.342,5.28,0,0,0,0.002,0,13.16,-1.6,0.6,100,0
"2026-01-17 01:03:00",140081,"",7999,2026,1,17,0,57,5,-0.0036,0.724,-0.003,-363105.1,0.674,-0.001,1.34,5.26,0,-0.001,0.001,-0.021,-0.021,13.16,-1.6,0.6,100,0
"2026-01-17 01:06:00",140082,"",7999,2026,1,17,0,57,5,-0.0036,0.724,-0.003,-363105.1,0.674,-0.001,1.34,5.26,0,-0.001,0.001,-0.021,-0.021,13.16,-1.6,0.6,100,0
"2026-01-17 01:09:00",140083,"",7999,2026,1,17,1,3,5,-0.004,0.724,-0.003,-363106.5,0.674,-0.001,1.34,5.23,0,-0.001,0.001,-0.023,-0.021,13.16,-1.6,0.6,100,0
"2026-01-17 01:12:00",140084,"",7999,2026,1,17,1,3,5,-0.004,0.724,-0.003,-363106.5,0.674,-0.001,1.34,5.23,0,-0.001,0.001,-0.023,-0.021,13.16,-1.6,0.6,100,0
"2026-01-17 01:15:00",140085,"",7999,2026,1,17,1,9,5,0.0061,0.729,0.005,-363105.5,0.679,0.004,1.349,5.2,0,0.004,0.001,-0.028,0.002,13.16,-1.6,0.6,100,0
"2026-01-17 01:18:00",140086,"",7999,2026,1,17,1,9,5,0.0061,0.729,0.005,-363105.5,0.679,0.004,1.349,5.2,0,0.004,0.001,-0.028,0.002,13.16,-1.6,0.6,100,0
"2026-01-17 01:21:00",140087,"",7999,2026,1,17,1,15,5,-0.0059,0.735,-0.004,-363106.2,0.685,-0.004,1.359,5.19,0,-0.004,-0.001,-0.009,-0.014,13.16,-1.6,0.6,100,0
"2026-01-17 01:24:00",140088,"",7999,2026,1,17,1,15,5,-0.0059,0.735,-0.004,-363106.2,0.685,-0.004,1.359,5.19,0,-0.004,-0.001,-0.009,-0.014,13.16,-1.6,0.6,100,0
"2026-01-17 01:27:00",140089,"",7999,2026,1,17,1,21,5,0.0029,0.738,0.002,-363106.2,0.688,0.001,1.366,5.19,0,0.001,0.001,-0.021,-0.007,13.16,-1.6,0.6,100,0
"2026-01-17 01:30:00",140090,"",7999,2026,1,17,1,21,5,0.0029,0.738,0.002,-363106.2,0.688,0.001,1.366,5.19,0,0.001,0.001,-0.021,-0.007,13.16,-1.6,0.6,100,0
"2026-01-17 01:33:00",140091,"",7999,2026,1,17,1,27,5,0.0033,0.738,0.002,-363105,0.688,0.002,1.366,5.19,0,0.002,0,0.002,-0.009,13.16,-1.6,0.6,100,0
"2026-01-17 01:36:00",140092,"",7999,2026,1,17,1,27,5,0.0033,0.738,0.002,-363105,0.688,0.002,1.366,5.19,0,0.002,0,0.002,-0.009,13.16,-1.6,0.6,100,0
"2026-01-17 01:39:00",140093,"",7999,2026,1,17,1,33,5,0.0046,0.735,0.003,-363103.5,0.685,0.002,1.36,5.2,0,0.002,0.001,0.002,-0.005,13.16,-1.6,0.6,100,0
"2026-01-17 01:42:00",140094,"",7999,2026,1,17,1,33,5,0.0046,0.735,0.003,-363103.5,0.685,0.002,1.36,5.2,0,0.002,0.001,0.002,-0.005,13.16,-1.6,0.6,100,0
"2026-01-17 01:45:00",140095,"",7999,2026,1,17,1,39,5,0.0091,0.739,0.007,-363100.7,0.689,0.006,1.368,5.24,0,0.006,0.001,0.005,0.005,13.16,-1.6,0.6,100,0
"2026-01-17 01:48:00",140096,"",7999,2026,1,17,1,39,5,0.0091,0.739,0.007,-363100.7,0.689,0.006,1.368,5.24,0,0.006,0.001,0.005,0.005,13.16,-1.6,0.6,100,0
"2026-01-17 01:51:00",140097,"",7999,2026,1,17,1,45,5,0.0047,0.746,0.003,-363098.5,0.696,0.002,1.38,5.28,0,0.002,0.001,-0.023,-0.007,13.16,-1.6,0.6,100,0
"2026-01-17 01:54:00",140098,"",7999,2026,1,17,1,45,5,0.0047,0.746,0.003,-363098.5,0.696,0.002,1.38,5.28,0,0.002,0.001,-0.023,-0.007,13.16,-1.6,0.6,100,0
"2026-01-17 01:57:00",140099,"",7999,2026,1,17,1,51,5,0.0092,0.75,0.007,-363095.7,0.7,0.005,1.388,5.3,0,0.005,0,-0.009,-0.007,13.16,-1.6,0.6,100,0
"2026-01-17 02:00:00",140100,"",7999,2026,1,17,1,51,5,0.0092,0.75,0.007,-363095.7,0.7,0.005,1.388,5.3,0,0.005,0,-0.009,-0.007,13.16,-1.6,0.6,100,0
"2026-01-17 02:03:00",140101,"",7999,2026,1,17,1,57,5,0.0028,0.752,0.002,-363093.9,0.702,0.001,1.392,5.34,0,0.001,-0.001,-0.019,-0.017,13.16,-1.6,0.6,100,0
"2026-01-17 02:06:00",140102,"",7999,2026,1,17,1,57,5,0.0028,0.752,0.002,-363093.9,0.702,0.001,1.392,5.34,0,0.001,-0.001,-0.019,-0.017,13.16,-1.6,0.6,100,0
"2026-01-17 02:09:00",140103,"",7999,2026,1,17,2,3,5,0.0052,0.754,0.004,-363092.3,0.704,0.002,1.396,5.35,0,0.002,0,-0.021,-0.026,13.16,-1.6,0.6,100,0
"2026-01-17 02:12:00",140104,"",7999,2026,1,17,2,3,5,0.0052,0.754,0.004,-363092.3,0.704,0.002,1.396,5.35,0,0.002,0,-0.021,-0.026,13.16,-1.6,0.6,100,0
"2026-01-17 02:15:00",140105,"",7999,2026,1,17,2,9,5,0.0096,0.76,0.007,-363089.3,0.71,0.006,1.406,5.36,0,0.006,-0.001,-0.016,-0.007,13.16,-1.6,0.6,100,0
"2026-01-17 02:18:00",140106,"",7999,2026,1,17,2,9,5,0.0096,0.76,0.007,-363089.3,0.71,0.006,1.406,5.36,0,0.006,-0.001,-0.016,-0.007,13.16,-1.6,0.6,100,0
"2026-01-17 02:21:00",140107,"",7999,2026,1,17,2,15,5,0.0237,0.769,0.017,-363082.5,0.719,0.016,1.424,5.34,0,0.016,-0.002,-0.002,0.005,13.16,-1.6,0.6,100,0
"2026-01-17 02:24:00",140108,"",7999,2026,1,17,2,15,5,0.0237,0.769,0.017,-363082.5,0.719,0.016,1.424,5.34,0,0.016,-0.002,-0.002,0.005,13.16,-1.6,0.6,100,0
"2026-01-17 02:27:00",140109,"",7999,2026,1,17,2,21,5,0.0208,0.775,0.015,-363074.6,0.725,0.013,1.434,5.37,0,0.013,0,-0.002,0.007,13.16,-1.6,0.6,100,0
"2026-01-17 02:30:00",140110,"",7999,2026,1,17,2,21,5,0.0208,0.775,0.015,-363074.6,0.725,0.013,1.434,5.37,0,0.013,0,-0.002,0.007,13.16,-1.6,0.6,100,0
"2026-01-17 02:33:00",140111,"",7999,2026,1,17,2,27,5,0.0105,0.778,0.007,-363069.6,0.728,0.006,1.439,5.41,0,0.006,0.001,-0.009,-0.007,13.16,-1.6,0.6,100,0
"2026-01-17 02:36:00",140112,"",7999,2026,1,17,2,27,5,0.0105,0.778,0.007,-363069.6,0.728,0.006,1.439,5.41,0,0.006,0.001,-0.009,-0.007,13.16,-1.6,0.6,100,0
"2026-01-17 02:39:00",140113,"",7999,2026,1,17,2,33,5,0.0126,0.783,0.009,-363065.3,0.733,0.007,1.448,5.4,0,0.007,0,-0.009,-0.002,13.16,-1.6,0.6,100,0
"2026-01-17 02:42:00",140114,"",7999,2026,1,17,2,33,5,0.0126,0.783,0.009,-363065.3,0.733,0.007,1.448,5.4,0,0.007,0,-0.009,-0.002,13.16,-1.6,0.6,100,0
"2026-01-17 02:45:00",140115,"",7999,2026,1,17,2,39,5,0.0025,0.787,0.002,-363063.1,0.737,0.001,1.457,5.4,0,0.001,0.001,-0.012,-0.012,13.16,-1.6,0.6,100,0
"2026-01-17 02:48:00",140116,"",7999,2026,1,17,2,39,5,0.0025,0.787,0.002,-363063.1,0.737,0.001,1.457,5.4,0,0.001,0.001,-0.012,-0.012,13.16,-1.6,0.6,100,0
"2026-01-17 02:51:00",140117,"",7999,2026,1,17,2,45,5,0.0112,0.795,0.008,-363060.1,0.745,0.007,1.471,5.39,0,0.007,0,-0.005,0.002,13.16,-1.6,0.6,100,0
"2026-01-17 02:54:00",140118,"",7999,2026,1,17,2,45,5,0.0112,0.795,0.008,-363060.1,0.745,0.007,1.471,5.39,0,0.007,0,-0.005,0.002,13.16,-1.6,0.6,100,0
"2026-01-17 02:57:00",140119,"",7999,2026,1,17,2,51,5,0.0072,0.8,0.005,-363057,0.75,0.004,1.48,5.43,0,0.004,0.001,0,0.007,13.16,-1.6,0.6,100,0
"2026-01-17 03:00:00",140120,"",7999,2026,1,17,2,51,5,0.0072,0.8,0.005,-363057,0.75,0.004,1.48,5.43,0,0.004,0.001,0,0.007,13.16,-1.6,0.6,100,0
"2026-01-17 03:03:00",140121,"",7999,2026,1,17,2,57,5,0.0052,0.802,0.004,-363054.9,0.752,0.002,1.485,5.45,0,0.002,0,0.012,-0.009,13.16,-1.6,0.6,100,0
"2026-01-17 03:06:00",140122,"",7999,2026,1,17,2,57,5,0.0052,0.802,0.004,-363054.9,0.752,0.002,1.485,5.45,0,0.002,0,0.012,-0.009,13.16,-1.6,0.6,100,0
"2026-01-17 03:09:00",140123,"",7999,2026,1,17,3,3,5,0.0006,0.803,0,-363054.1,0.753,0,1.485,5.44,0,0,0,0.005,-0.005,13.16,-1.6,0.6,100,0
"2026-01-17 03:12:00",140124,"",7999,2026,1,17,3,3,5,0.0006,0.803,0,-363054.1,0.753,0,1.485,5.44,0,0,0,0.005,-0.005,13.16,-1.6,0.6,100,0
"2026-01-17 03:15:00",140125,"",7999,2026,1,17,3,9,5,0.017,0.806,0.011,-363049.9,0.756,0.011,1.491,5.42,0,0.011,-0.001,0.016,-0.028,13.16,-1.6,0.6,100,0
"2026-01-17 03:18:00",140126,"",7999,2026,1,17,3,9,5,0.017,0.806,0.011,-363049.9,0.756,0.011,1.491,5.42,0,0.011,-0.001,0.016,-0.028,13.16,-1.6,0.6,100,0
"2026-01-17 03:21:00",140127,"",7999,2026,1,17,3,15,5,-0.0048,0.805,-0.003,-363049.1,0.755,-0.002,1.49,5.43,0,-0.002,0,0,-0.031,13.16,-1.6,0.6,100,0
"2026-01-17 03:24:00",140128,"",7999,2026,1,17,3,15,5,-0.0048,0.805,-0.003,-363049.1,0.755,-0.002,1.49,5.43,0,-0.002,0,0,-0.031,13.16,-1.6,0.6,100,0
"2026-01-17 03:27:00",140129,"",7999,2026,1,17,3,21,5,0.013,0.805,0.009,-363046.5,0.755,0.008,1.489,5.41,0,0.008,0.001,-0.005,-0.007,13.16,-1.6,0.6,100,0
"2026-01-17 03:30:00",140130,"",7999,2026,1,17,3,21,5,0.013,0.805,0.009,-363046.5,0.755,0.008,1.489,5.41,0,0.008,0.001,-0.005,-0.007,13.16,-1.6,0.6,100,0
"2026-01-17 03:33:00",140131,"",7999,2026,1,17,3,27,5,0.0017,0.801,0.001,-363044.5,0.751,0.001,1.481,5.37,0,0.001,0.001,0,-0.014,13.16,-1.6,0.6,100,0
"2026-01-17 03:36:00",140132,"",7999,2026,1,17,3,27,5,0.0017,0.801,0.001,-363044.5,0.751,0.001,1.481,5.37,0,0.001,0.001,0,-0.014,13.16,-1.6,0.6,100,0
"2026-01-17 03:39:00",140133,"",7999,2026,1,17,3,33,5,-0.009,0.796,-0.006,-363046.5,0.746,-0.005,1.472,5.37,0,-0.005,0.001,-0.007,-0.017,13.16,-1.6,0.6,100,0
"2026-01-17 03:42:00",140134,"",7999,2026,1,17,3,33,5,-0.009,0.796,-0.006,-363046.5,0.746,-0.005,1.472,5.37,0,-0.005,0.001,-0.007,-0.017,13.16,-1.6,0.6,100,0
"2026-01-17 03:45:00",140135,"",7999,2026,1,17,3,39,5,-0.0392,0.788,-0.027,-363057,0.738,-0.025,1.457,5.37,0,-0.025,-0.002,-0.023,-0.04,13.16,-1.6,0.6,100,0
"2026-01-17 03:48:00",140136,"",7999,2026,1,17,3,39,5,-0.0392,0.788,-0.027,-363057,0.738,-0.025,1.457,5.37,0,-0.025,-0.002,-0.023,-0.04,13.16,-1.6,0.6,100,0
"2026-01-17 03:51:00",140137,"",7999,2026,1,17,3,45,5,-0.0433,0.781,-0.03,-363072.1,0.731,-0.03,1.445,5.32,0,-0.03,0,-0.014,-0.045,13.16,-1.6,0.6,100,0
"2026-01-17 03:54:00",140138,"",7999,2026,1,17,3,45,5,-0.0433,0.781,-0.03,-363072.1,0.731,-0.03,1.445,5.32,0,-0.03,0,-0.014,-0.045,13.16,-1.6,0.6,100,0
"2026-01-17 03:57:00",140139,"",7999,2026,1,17,3,51,5,-0.0429,0.773,-0.03,-363087.6,0.723,-0.029,1.43,5.25,0,-0.029,0,-0.028,-0.045,13.16,-1.6,0.6,100,0
"2026-01-17 04:00:00",140140,"",7999,2026,1,17,3,51,5,-0.0429,0.773,-0.03,-363087.6,0.723,-0.029,1.43,5.25,0,-0.029,0,-0.028,-0.045,13.16,-1.6,0.6,100,0
"2026-01-17 04:03:00",140141,"",7999,2026,1,17,3,57,5,-0.0217,0.765,-0.015,-363098,0.715,-0.015,1.415,5.17,0,-0.015,0.001,-0.035,-0.028,13.16,-1.6,0.6,100,0
"2026-01-17 04:06:00",140142,"",7999,2026,1,17,3,57,5,-0.0217,0.765,-0.015,-363098,0.715,-0.015,1.415,5.17,0,-0.015,0.001,-0.035,-0.028,13.16,-1.6,0.6,100,0
"2026-01-17 04:09:00",140143,"",7999,2026,1,17,4,3,5,-0.0159,0.758,-0.011,-363104.4,0.708,-0.011,1.403,5.2,0,-0.011,0.001,-0.019,-0.019,13.16,-1.6,0.6,100,0
"2026-01-17 04:12:00",140144,"",7999,2026,1,17,4,3,5,-0.0159,0.758,-0.011,-363104.4,0.708,-0.011,1.403,5.2,0,-0.011,0.001,-0.019,-0.019,13.16,-1.6,0.6,100,0
"2026-01-17 04:15:00",140145,"",7999,2026,1,17,4,9,5,-0.0217,0.751,-0.016,-363111.6,0.701,-0.015,1.389,5.24,0,-0.015,0,-0.023,-0.021,13.16,-1.6,0.6,100,0
"2026-01-17 04:18:00",140146,"",7999,2026,1,17,4,9,5,-0.0217,0.751,-0.016,-363111.6,0.701,-0.015,1.389,5.24,0,-0.015,0,-0.023,-0.021,13.16,-1.6,0.6,100,0
"2026-01-17 04:21:00",140147,"",7999,2026,1,17,4,15,5,-0.0071,0.746,-0.005,-363115.9,0.696,-0.004,1.38,5.35,0,-0.004,-0.001,0.002,-0.009,13.16,-1.6,0.6,100,0
"2026-01-17 04:24:00",140148,"",7999,2026,1,17,4,15,5,-0.0071,0.746,-0.005,-363115.9,0.696,-0.004,1.38,5.35,0,-0.004,-0.001,0.002,-0.009,13.16,-1.6,0.6,100,0
"2026-01-17 04:27:00",140149,"",7999,2026,1,17,4,21,5,0.0026,0.743,0.002,-363116.2,0.693,0.001,1.376,5.4,0,0.001,0.001,-0.007,-0.007,13.16,-1.6,0.6,100,0
"2026-01-17 04:30:00",140150,"",7999,2026,1,17,4,21,5,0.0026,0.743,0.002,-363116.2,0.693,0.001,1.376,5.4,0,0.001,0.001,-0.007,-0.007,13.16,-1.6,0.6,100,0
"2026-01-17 04:33:00",140151,"",7999,2026,1,17,4,27,5,0.005,0.741,0.004,-363114.6,0.691,0.002,1.372,5.4,0,0.002,0,0,-0.002,13.16,-1.6,0.6,100,0
"2026-01-17 04:36:00",140152,"",7999,2026,1,17,4,27,5,0.005,0.741,0.004,-363114.6,0.691,0.002,1.372,5.4,0,0.002,0,0,-0.002,13.16,-1.6,0.6,100,0
"2026-01-17 04:39:00",140153,"",7999,2026,1,17,4,33,5,-0.0114,0.737,-0.008,-363116.8,0.687,-0.007,1.364,5.39,0,-0.007,0,-0.005,-0.005,13.16,-1.6,0.6,100,0
"2026-01-17 04:42:00",140154,"",7999,2026,1,17,4,33,5,-0.0114,0.737,-0.008,-363116.8,0.687,-0.007,1.364,5.39,0,-0.007,0,-0.005,-0.005,13.16,-1.6,0.6,100,0
"2026-01-17 04:45:00",140155,"",7999,2026,1,17,4,39,5,-0.0191,0.734,-0.014,-363122.7,0.684,-0.012,1.358,5.4,0,-0.012,0,-0.019,-0.033,13.16,-1.6,0.6,100,0
"2026-01-17 04:48:00",140156,"",7999,2026,1,17,4,39,5,-0.0191,0.734,-0.014,-363122.7,0.684,-0.012,1.358,5.4,0,-0.012,0,-0.019,-0.033,13.16,-1.6,0.6,100,0
"2026-01-17 04:51:00",140157,"",7999,2026,1,17,4,45,5,-0.0127,0.733,-0.009,-363128.1,0.683,-0.008,1.357,5.4,0,-0.008,0.001,-0.021,-0.012,13.16,-1.6,0.6,100,0
"2026-01-17 04:54:00",140158,"",7999,2026,1,17,4,45,5,-0.0127,0.733,-0.009,-363128.1,0.683,-0.008,1.357,5.4,0,-0.008,0.001,-0.021,-0.012,13.16,-1.6,0.6,100,0
"2026-01-17 04:57:00",140159,"",7999,2026,1,17,4,51,5,0.0024,0.736,0.002,-363129,0.686,0,1.362,5.44,0,0,0,-0.026,-0.014,13.16,-1.6,0.6,100,0
"2026-01-17 05:00:00",140160,"",7999,2026,1,17,4,51,5,0.0024,0.736,0.002,-363129,0.686,0,1.362,5.44,0,0,0,-0.026,-0.014,13.16,-1.6,0.6,100,0
"2026-01-17 05:03:00",140161,"",7999,2026,1,17,4,57,5,0.0006,0.738,0,-363128.6,0.688,0,1.365,5.49,0,0,0,-0.03,-0.009,13.16,-1.6,0.6,100,0
"2026-01-17 05:06:00",140162,"",7999,2026,1,17,4,57,5,0.0006,0.738,0,-363128.6,0.688,0,1.365,5.49,0,0,0,-0.03,-0.009,13.16,-1.6,0.6,100,0
"2026-01-17 05:09:00",140163,"",7999,2026,1,17,5,3,5,-0.0063,0.738,-0.005,-363130,0.688,-0.004,1.365,5.46,0,-0.004,-0.001,-0.016,-0.009,13.16,-1.6,0.6,100,0
"2026-01-17 05:12:00",140164,"",7999,2026,1,17,5,3,5,-0.0063,0.738,-0.005,-363130,0.688,-0.004,1.365,5.46,0,-0.004,-0.001,-0.016,-0.009,13.16,-1.6,0.6,100,0
"2026-01-17 05:15:00",140165,"",7999,2026,1,17,5,9,5,-0.0035,0.736,-0.003,-363131.6,0.686,-0.002,1.362,5.45,0,-0.002,-0.001,-0.007,-0.021,13.16,-1.6,0.6,100,0
"2026-01-17 05:18:00",140166,"",7999,2026,1,17,5,9,5,-0.0035,0.736,-0.003,-363131.6,0.686,-0.002,1.362,5.45,0,-0.002,-0.001,-0.007,-0.021,13.16,-1.6,0.6,100,0
"2026-01-17 05:21:00",140167,"",7999,2026,1,17,5,15,5,0.001,0.735,0.001,-363131.8,0.685,0,1.361,5.46,0,0,0,-0.005,-0.009,13.16,-1.6,0.6,100,0
"2026-01-17 05:24:00",140168,"",7999,2026,1,17,5,15,5,0.001,0.735,0.001,-363131.8,0.685,0,1.361,5.46,0,0,0,-0.005,-0.009,13.16,-1.6,0.6,100,0
"2026-01-17 05:27:00",140169,"",7999,2026,1,17,5,21,5,-0.0042,0.732,-0.003,-363132.7,0.682,-0.002,1.355,5.48,0,-0.002,0,-0.012,-0.009,13.16,-1.6,0.6,100,0
"2026-01-17 05:30:00",140170,"",7999,2026,1,17,5,21,5,-0.0042,0.732,-0.003,-363132.7,0.682,-0.002,1.355,5.48,0,-0.002,0,-0.012,-0.009,13.16,-1.6,0.6,100,0
"2026-01-17 05:33:00",140171,"",7999,2026,1,17,5,27,5,-0.0193,0.724,-0.014,-363137.8,0.674,-0.013,1.34,5.46,0,-0.013,0.001,-0.019,-0.028,13.16,-1.6,0.6,100,0
"2026-01-17 05:36:00",140172,"",7999,2026,1,17,5,27,5,-0.0193,0.724,-0.014,-363137.8,0.674,-0.013,1.34,5.46,0,-0.013,0.001,-0.019,-0.028,13.16,-1.6,0.6,100,0
"2026-01-17 05:39:00",140173,"",7999,2026,1,17,5,33,5,-0.0213,0.715,-0.016,-363145.3,0.665,-0.015,1.324,5.44,0,-0.015,0.002,-0.014,-0.026,13.16,-1.6,0.6,100,0
"2026-01-17 05:42:00",140174,"",7999,2026,1,17,5,33,5,-0.0213,0.715,-0.016,-363145.3,0.665,-0.015,1.324,5.44,0,-0.015,0.002,-0.014,-0.026,13.16,-1.6,0.6,100,0
"2026-01-17 05:45:00",140175,"",7999,2026,1,17,5,39,5,-0.0287,0.705,-0.022,-363154.7,0.655,-0.021,1.304,5.44,0,-0.021,0.002,-0.012,-0.014,13.16,-1.6,0.6,100,0
"2026-01-17 05:48:00",140176,"",7999,2026,1,17,5,39,5,-0.0287,0.705,-0.022,-363154.7,0.655,-0.021,1.304,5.44,0,-0.021,0.002,-0.012,-0.014,13.16,-1.6,0.6,100,0
"2026-01-17 05:51:00",140177,"",7999,2026,1,17,5,45,5,-0.0226,0.695,-0.018,-363163.6,0.645,-0.016,1.287,5.47,0,-0.016,0.001,-0.012,-0.009,13.16,-1.6,0.6,100,0
"2026-01-17 05:54:00",140178,"",7999,2026,1,17,5,45,5,-0.0226,0.695,-0.018,-363163.6,0.645,-0.016,1.287,5.47,0,-0.016,0.001,-0.012,-0.009,13.16,-1.6,0.6,100,0
"2026-01-17 05:57:00",140179,"",7999,2026,1,17,5,51,5,-0.0189,0.687,-0.015,-363170.9,0.637,-0.013,1.271,5.49,0,-0.013,0.001,-0.007,-0.012,13.16,-1.6,0.6,100,0
"2026-01-17 06:00:00",140180,"",7999,2026,1,17,5,51,5,-0.0189,0.687,-0.015,-363170.9,0.637,-0.013,1.271,5.49,0,-0.013,0.001,-0.007,-0.012,13.16,-1.6,0.6,100,0
"2026-01-17 06:03:00",140181,"",7999,2026,1,17,5,57,5,-0.0105,0.679,-0.008,-363175.7,0.629,-0.006,1.257,5.51,0,-0.006,0.001,-0.002,-0.009,13.16,-1.6,0.6,100,0
"2026-01-17 06:06:00",140182,"",7999,2026,1,17,5,57,5,-0.0105,0.679,-0.008,-363175.7,0.629,-0.006,1.257,5.51,0,-0.006,0.001,-0.002,-0.009,13.16,-1.6,0.6,100,0
"2026-01-17 06:09:00",140183,"",7999,2026,1,17,6,3,5,-0.013,0.67,-0.011,-363180.1,0.62,-0.01,1.24,5.51,0,-0.01,0,0.009,-0.007,13.16,-1.6,0.6,100,0
"2026-01-17 06:12:00",140184,"",7999,2026,1,17,6,3,5,-0.013,0.67,-0.011,-363180.1,0.62,-0.01,1.24,5.51,0,-0.01,0,0.009,-0.007,13.16,-1.6,0.6,100,0
"2026-01-17 06:15:00",140185,"",7999,2026,1,17,6,9,5,-0.0128,0.659,-0.011,-363184.8,0.609,-0.008,1.22,5.52,0,-0.008,-0.001,-0.005,-0.014,13.16,-1.6,0.6,100,0
"2026-01-17 06:18:00",140186,"",7999,2026,1,17,6,9,5,-0.0128,0.659,-0.011,-363184.8,0.609,-0.008,1.22,5.52,0,-0.008,-0.001,-0.005,-0.014,13.16,-1.6,0.6,100,0
"2026-01-17 06:21:00",140187,"",7999,2026,1,17,6,15,5,-0.0089,0.65,-0.007,-363188.5,0.6,-0.006,1.203,5.51,0,-0.006,-0.001,0,-0.012,13.16,-1.6,0.6,100,0
"2026-01-17 06:24:00",140188,"",7999,2026,1,17,6,15,5,-0.0089,0.65,-0.007,-363188.5,0.6,-0.006,1.203,5.51,0,-0.006,-0.001,0,-0.012,13.16,-1.6,0.6,100,0
"2026-01-17 06:27:00",140189,"",7999,2026,1,17,6,21,5,-0.0029,0.645,-0.002,-363190.3,0.595,-0.001,1.193,5.55,0,-0.001,-0.001,-0.016,0.012,13.16,-1.6,0.6,100,0
"2026-01-17 06:30:00",140190,"",7999,2026,1,17,6,21,5,-0.0029,0.645,-0.002,-363190.3,0.595,-0.001,1.193,5.55,0,-0.001,-0.001,-0.016,0.012,13.16,-1.6,0.6,100,0
"2026-01-17 06:33:00",140191,"",7999,2026,1,17,6,27,5,-0.0011,0.642,-0.001,-363190.9,0.592,0,1.187,5.54,0,0,0,-0.009,-0.002,13.16,-1.6,0.6,100,0
"2026-01-17 06:36:00",140192,"",7999,2026,1,17,6,27,5,-0.0011,0.642,-0.001,-363190.9,0.592,0,1.187,5.54,0,0,0,-0.009,-0.002,13.16,-1.6,0.6,100,0
"2026-01-17 06:39:00",140193,"",7999,2026,1,17,6,33,5,-0.0034,0.641,-0.003,-363191.8,0.591,-0.001,1.186,5.55,0,-0.001,-0.001,0.002,-0.007,13.16,-1.6,0.6,100,0
"2026-01-17 06:42:00",140194,"",7999,2026,1,17,6,33,5,-0.0034,0.641,-0.003,-363191.8,0.591,-0.001,1.186,5.55,0,-0.001,-0.001,0.002,-0.007,13.16,-1.6,0.6,100,0
"2026-01-17 06:45:00",140195,"",7999,2026,1,17,6,39,5,-0.0053,0.637,-0.005,-363193.5,0.587,-0.002,1.18,5.52,0,-0.002,0,-0.007,-0.012,13.16,-1.6,0.6,100,0
"2026-01-17 06:48:00",140196,"",7999,2026,1,17,6,39,5,-0.0053,0.637,-0.005,-363193.5,0.587,-0.002,1.18,5.52,0,-0.002,0,-0.007,-0.012,13.16,-1.6,0.6,100,0
"2026-01-17 06:51:00",140197,"",7999,2026,1,17,6,45,5,-0.0034,0.633,-0.003,-363195,0.583,-0.002,1.171,5.5,0,-0.002,0,-0.012,-0.007,13.16,-1.6,0.6,100,0
"2026-01-17 06:54:00",140198,"",7999,2026,1,17,6,45,5,-0.0034,0.633,-0.003,-363195,0.583,-0.002,1.171,5.5,0,-0.002,0,-0.012,-0.007,13.16,-1.6,0.6,100,0
"2026-01-17 06:57:00",140199,"",7999,2026,1,17,6,51,5,-0.0066,0.623,-0.006,-363197,0.573,-0.005,1.153,5.49,0,-0.005,0,-0.009,-0.002,13.16,-1.6,0.6,100,0
"2026-01-17 07:00:00",140200,"",7999,2026,1,17,6,51,5,-0.0066,0.623,-0.006,-363197,0.573,-0.005,1.153,5.49,0,-0.005,0,-0.009,-0.002,13.16,-1.6,0.6,100,0
"2026-01-17 07:03:00",140201,"",7999,2026,1,17,6,57,5,-0.0037,0.615,-0.003,-363198.7,0.565,-0.002,1.138,5.52,0,-0.002,0,-0.019,-0.005,13.16,-1.6,0.6,100,0
"2026-01-17 07:06:00",140202,"",7999,2026,1,17,6,57,5,-0.0037,0.615,-0.003,-363198.7,0.565,-0.002,1.138,5.52,0,-0.002,0,-0.019,-0.005,13.16,-1.6,0.6,100,0
"2026-01-17 07:09:00",140203,"",7999,2026,1,17,7,3,5,-0.0011,0.614,-0.001,-363199.4,0.564,-0.001,1.136,5.54,0,-0.001,-0.001,-0.005,-0.002,13.16,-1.6,0.6,100,0
"2026-01-17 07:12:00",140204,"",7999,2026,1,17,7,3,5,-0.0011,0.614,-0.001,-363199.4,0.564,-0.001,1.136,5.54,0,-0.001,-0.001,-0.005,-0.002,13.16,-1.6,0.6,100,0
"2026-01-17 07:15:00",140205,"",7999,2026,1,17,7,9,5,-0.003,0.614,-0.003,-363200.3,0.564,-0.001,1.136,5.57,0,-0.001,0.001,-0.007,-0.005,13.16,-1.6,0.6,100,0
"2026-01-17 07:18:00",140206,"",7999,2026,1,17,7,9,5,-0.003,0.614,-0.003,-363200.3,0.564,-0.001,1.136,5.57,0,-0.001,0.001,-0.007,-0.005,13.16,-1.6,0.6,100,0
"2026-01-17 07:21:00",140207,"",7999,2026,1,17,7,15,5,-0.0032,0.612,-0.003,-363201.4,0.562,-0.002,1.133,5.59,0,-0.002,0,-0.009,-0.024,13.16,-1.6,0.6,100,0
"2026-01-17 07:24:00",140208,"",7999,2026,1,17,7,15,5,-0.0032,0.612,-0.003,-363201.4,0.562,-0.002,1.133,5.59,0,-0.002,0,-0.009,-0.024,13.16,-1.6,0.6,100,0
"2026-01-17 07:27:00",140209,"",7999,2026,1,17,7,21,5,-0.0035,0.612,-0.003,-363202.7,0.562,-0.002,1.132,5.57,0,-0.002,0,-0.016,-0.014,13.16,-1.6,0.6,100,0
"2026-01-17 07:30:00",140210,"",7999,2026,1,17,7,21,5,-0.0035,0.612,-0.003,-363202.7,0.562,-0.002,1.132,5.57,0,-0.002,0,-0.016,-0.014,13.16,-1.6,0.6,100,0
"2026-01-17 07:33:00",140211,"",7999,2026,1,17,7,27,5,-0.0022,0.603,-0.002,-363203.6,0.553,-0.001,1.116,5.54,0,-0.001,-0.001,-0.012,-0.002,13.16,-1.6,0.6,100,0
"2026-01-17 07:36:00",140212,"",7999,2026,1,17,7,27,5,-0.0022,0.603,-0.002,-363203.6,0.553,-0.001,1.116,5.54,0,-0.001,-0.001,-0.012,-0.002,13.16,-1.6,0.6,100,0
"2026-01-17 07:39:00",140213,"",7999,2026,1,17,7,33,5,-0.0008,0.594,-0.001,-363204.1,0.544,0,1.099,5.59,0,0,0,0,-0.007,13.16,-1.6,0.6,100,0
"2026-01-17 07:42:00",140214,"",7999,2026,1,17,7,33,5,-0.0008,0.594,-0.001,-363204.1,0.544,0,1.099,5.59,0,0,0,0,-0.007,13.16,-1.6,0.6,100,0
"2026-01-17 07:45:00",140215,"",7999,2026,1,17,7,39,5,-0.006,0.589,-0.006,-363205.7,0.539,-0.004,1.091,5.59,0,-0.004,-0.001,-0.005,-0.019,13.16,-1.6,0.6,100,0
"2026-01-17 07:48:00",140216,"",7999,2026,1,17,7,39,5,-0.006,0.589,-0.006,-363205.7,0.539,-0.004,1.091,5.59,0,-0.004,-0.001,-0.005,-0.019,13.16,-1.6,0.6,100,0
"2026-01-17 07:51:00",140217,"",7999,2026,1,17,7,45,5,-0.0046,0.582,-0.004,-363207.5,0.532,-0.004,1.078,5.62,0,-0.004,-0.001,-0.005,-0.009,13.16,-1.6,0.6,100,0
"2026-01-17 07:54:00",140218,"",7999,2026,1,17,7,45,5,-0.0046,0.582,-0.004,-363207.5,0.532,-0.004,1.078,5.62,0,-0.004,-0.001,-0.005,-0.009,13.16,-1.6,0.6,100,0
"2026-01-17 07:57:00",140219,"",7999,2026,1,17,7,51,5,-0.0011,0.58,-0.001,-363208.3,0.53,0,1.074,5.63,0,0,0,0,0.002,13.16,-1.6,0.6,100,0
"2026-01-17 08:00:00",140220,"",7999,2026,1,17,7,51,5,-0.0011,0.58,-0.001,-363208.3,0.53,0,1.074,5.63,0,0,0,0,0.002,13.16,-1.6,0.6,100,0
"2026-01-17 08:03:00",140221,"",7999,2026,1,17,7,57,5,-0.0029,0.571,-0.003,-363209.2,0.521,-0.001,1.057,5.65,0,-0.001,-0.001,-0.005,0,13.16,-1.6,0.6,100,0
"2026-01-17 08:06:00",140222,"",7999,2026,1,17,7,57,5,-0.0029,0.571,-0.003,-363209.2,0.521,-0.001,1.057,5.65,0,-0.001,-0.001,-0.005,0,13.16,-1.6,0.6,100,0
"2026-01-17 08:09:00",140223,"",7999,2026,1,17,8,3,5,-0.0032,0.563,-0.003,-363210.3,0.513,-0.001,1.041,5.68,0,-0.001,-0.001,0,0.002,13.16,-1.6,0.6,100,0
"2026-01-17 08:12:00",140224,"",7999,2026,1,17,8,3,5,-0.0032,0.563,-0.003,-363210.3,0.513,-0.001,1.041,5.68,0,-0.001,-0.001,0,0.002,13.16,-1.6,0.6,100,0
"2026-01-17 08:15:00",140225,"",7999,2026,1,17,8,9,5,-0.003,0.557,-0.003,-363211.4,0.507,-0.002,1.031,5.68,0,-0.002,-0.001,-0.016,-0.017,13.16,-1.6,0.6,100,0
"2026-01-17 08:18:00",140226,"",7999,2026,1,17,8,9,5,-0.003,0.557,-0.003,-363211.4,0.507,-0.002,1.031,5.68,0,-0.002,-0.001,-0.016,-0.017,13.16,-1.6,0.6,100,0
"2026-01-17 08:21:00",140227,"",7999,2026,1,17,8,15,5,-0.0024,0.551,-0.002,-363212.4,0.501,-0.002,1.02,5.67,0,-0.002,0,0.002,-0.012,13.16,-1.6,0.6,100,0
"2026-01-17 08:24:00",140228,"",7999,2026,1,17,8,15,5,-0.0024,0.551,-0.002,-363212.4,0.501,-0.002,1.02,5.67,0,-0.002,0,0.002,-0.012,13.16,-1.6,0.6,100,0
"2026-01-17 08:27:00",140229,"",7999,2026,1,17,8,21,5,-0.0015,0.551,-0.002,-363213.1,0.501,0,1.019,5.69,0,0,0,0.007,0.009,13.16,-1.6,0.6,100,0
"2026-01-17 08:30:00",140230,"",7999,2026,1,17,8,21,5,-0.0015,0.551,-0.002,-363213.1,0.501,0,1.019,5.69,0,0,0,0.007,0.009,13.16,-1.6,0.6,100,0
"2026-01-17 08:33:00",140231,"",7999,2026,1,17,8,27,5,-0.0007,0.547,-0.001,-363213.4,0.497,0,1.013,5.69,0,0,0,-0.016,-0.017,13.16,-1.6,0.6,100,0
"2026-01-17 08:36:00",140232,"",7999,2026,1,17,8,27,5,-0.0007,0.547,-0.001,-363213.4,0.497,0,1.013,5.69,0,0,0,-0.016,-0.017,13.16,-1.6,0.6,100,0
"2026-01-17 08:39:00",140233,"",7999,2026,1,17,8,33,5,-0.0006,0.541,-0.001,-363213.7,0.491,0,1.002,5.67,0,0,0,0,-0.009,13.16,-1.6,0.6,100,0
"2026-01-17 08:42:00",140234,"",7999,2026,1,17,8,33,5,-0.0006,0.541,-0.001,-363213.7,0.491,0,1.002,5.67,0,0,0,0,-0.009,13.16,-1.6,0.6,100,0
"2026-01-17 08:45:00",140235,"",7999,2026,1,17,8,39,5,-0.0012,0.544,-0.001,-363214.1,0.494,0,1.007,5.69,0,0,0,0.002,0.002,13.16,-1.6,0.6,100,0
"2026-01-17 08:48:00",140236,"",7999,2026,1,17,8,39,5,-0.0012,0.544,-0.001,-363214.1,0.494,0,1.007,5.69,0,0,0,0.002,0.002,13.16,-1.6,0.6,100,0
"2026-01-17 08:51:00",140237,"",7999,2026,1,17,8,45,5,0,0.543,0,-363214.2,0.493,0,1.005,5.7,0,0,0,-0.005,0.002,13.16,-1.6,0.6,100,0
"2026-01-17 08:54:00",140238,"",7999,2026,1,17,8,45,5,0,0.543,0,-363214.2,0.493,0,1.005,5.7,0,0,0,-0.005,0.002,13.16,-1.6,0.6,100,0
"2026-01-17 08:57:00",140239,"",7999,2026,1,17,8,51,5,-0.0015,0.539,-0.002,-363214.6,0.489,0,0.998,5.68,0,0,0,-0.005,-0.009,13.16,-1.6,0.6,100,0
"2026-01-17 09:00:00",140240,"",7999,2026,1,17,8,51,5,-0.0015,0.539,-0.002,-363214.6,0.489,0,0.998,5.68,0,0,0,-0.005,-0.009,13.16,-1.6,0.6,100,0
"2026-01-17 09:03:00",140241,"",7999,2026,1,17,8,57,5,-0.0011,0.537,-0.001,-363215.1,0.487,0,0.994,5.74,0,0,0,0.009,0.005,13.16,-1.6,0.6,100,0
"2026-01-17 09:06:00",140242,"",7999,2026,1,17,8,57,5,-0.0011,0.537,-0.001,-363215.1,0.487,0,0.994,5.74,0,0,0,0.009,0.005,13.16,-1.6,0.6,100,0
"2026-01-17 09:09:00",140243,"",7999,2026,1,17,9,3,5,-0.0016,0.532,-0.002,-363215.6,0.482,0,0.984,5.72,0,0,0,-0.014,0.002,13.16,-1.6,0.6,100,0
"2026-01-17 09:12:00",140244,"",7999,2026,1,17,9,3,5,-0.0016,0.532,-0.002,-363215.6,0.482,0,0.984,5.72,0,0,0,-0.014,0.002,13.16,-1.6,0.6,100,0
"2026-01-17 09:15:00",140245,"",7999,2026,1,17,9,9,5,-0.0006,0.526,-0.001,-363215.9,0.476,0,0.974,5.67,0,0,0,0,-0.005,13.16,-1.6,0.6,100,0
"2026-01-17 09:18:00",140246,"",7999,2026,1,17,9,9,5,-0.0006,0.526,-0.001,-363215.9,0.476,0,0.974,5.67,0,0,0,0,-0.005,13.16,-1.6,0.6,100,0
"2026-01-17 09:21:00",140247,"",7999,2026,1,17,9,15,5,-0.0007,0.523,-0.001,-363216.2,0.473,0,0.968,5.7,0,0,0,-0.014,-0.019,13.16,-1.6,0.6,100,0
"2026-01-17 09:24:00",140248,"",7999,2026,1,17,9,15,5,-0.0007,0.523,-0.001,-363216.2,0.473,0,0.968,5.7,0,0,0,-0.014,-0.019,13.16,-1.6,0.6,100,0
"2026-01-17 09:27:00",140249,"",7999,2026,1,17,9,21,5,-0.0051,0.517,-0.005,-363217.5,0.467,-0.005,0.957,5.69,0,-0.005,0.002,-0.007,-0.014,13.16,-1.6,0.6,100,0
"2026-01-17 09:30:00",140250,"",7999,2026,1,17,9,21,5,-0.0051,0.517,-0.005,-363217.5,0.467,-0.005,0.957,5.69,0,-0.005,0.002,-0.007,-0.014,13.16,-1.6,0.6,100,0
"2026-01-17 09:33:00",140251,"",7999,2026,1,17,9,27,5,-0.0009,0.509,-0.001,-363218.4,0.459,0,0.942,5.68,0,0,0,-0.019,-0.026,13.16,-1.6,0.6,100,0
"2026-01-17 09:36:00",140252,"",7999,2026,1,17,9,27,5,-0.0009,0.509,-0.001,-363218.4,0.459,0,0.942,5.68,0,0,0,-0.019,-0.026,13.16,-1.6,0.6,100,0
"2026-01-17 09:39:00",140253,"",7999,2026,1,17,9,33,5,-0.0006,0.501,-0.001,-363218.7,0.451,0,0.926,5.69,0,0,0,-0.03,-0.002,13.16,-1.6,0.6,100,0
"2026-01-17 09:42:00",140254,"",7999,2026,1,17,9,33,5,-0.0006,0.501,-0.001,-363218.7,0.451,0,0.926,5.69,0,0,0,-0.03,-0.002,13.16,-1.6,0.6,100,0
"2026-01-17 09:45:00",140255,"",7999,2026,1,17,9,39,5,-0.0007,0.492,-0.001,-363218.9,0.442,0,0.91,5.7,0,0,0,-0.005,-0.005,13.16,-1.6,0.6,100,0
"2026-01-17 09:48:00",140256,"",7999,2026,1,17,9,39,5,-0.0007,0.492,-0.001,-363218.9,0.442,0,0.91,5.7,0,0,0,-0.005,-0.005,13.16,-1.6,0.6,100,0
"2026-01-17 09:51:00",140257,"",7999,2026,1,17,9,45,5,-0.0007,0.486,-0.001,-363219.2,0.436,0,0.9,5.71,0,0,0,-0.021,-0.012,13.16,-1.6,0.6,100,0
"2026-01-17 09:54:00",140258,"",7999,2026,1,17,9,45,5,-0.0007,0.486,-0.001,-363219.2,0.436,0,0.9,5.71,0,0,0,-0.021,-0.012,13.16,-1.6,0.6,100,0
"2026-01-17 09:57:00",140259,"",7999,2026,1,17,9,51,5,-0.0011,0.484,-0.001,-363219.6,0.434,-0.001,0.896,5.7,0,-0.001,-0.001,0.005,-0.005,13.16,-1.6,0.6,100,0
"2026-01-17 10:00:00",140260,"",7999,2026,1,17,9,51,5,-0.0011,0.484,-0.001,-363219.6,0.434,-0.001,0.896,5.7,0,-0.001,-0.001,0.005,-0.005,13.16,-1.6,0.6,100,0
"2026-01-17 10:03:00",140261,"",7999,2026,1,17,9,57,5,0.0003,0.485,0,-363219.7,0.435,0,0.897,5.68,0,0,0,-0.019,-0.002,13.16,-1.6,0.6,100,0
"2026-01-17 10:06:00",140262,"",7999,2026,1,17,9,57,5,0.0003,0.485,0,-363219.7,0.435,0,0.897,5.68,0,0,0,-0.019,-0.002,13.16,-1.6,0.6,100,0
"2026-01-17 10:09:00",140263,"",7999,2026,1,17,10,3,5,-0.0002,0.49,0,-363219.7,0.44,0,0.907,5.68,0,0,0,-0.014,-0.012,13.16,-1.6,0.6,100,0
"2026-01-17 10:12:00",140264,"",7999,2026,1,17,10,3,5,-0.0002,0.49,0,-363219.7,0.44,0,0.907,5.68,0,0,0,-0.014,-0.012,13.16,-1.6,0.6,100,0
"2026-01-17 10:15:00",140265,"",7999,2026,1,17,10,9,5,0.0005,0.493,0.001,-363219.6,0.443,0,0.912,5.72,0,0,0,-0.019,-0.009,13.16,-1.6,0.6,100,0
"2026-01-17 10:18:00",140266,"",7999,2026,1,17,10,9,5,0.0005,0.493,0.001,-363219.6,0.443,0,0.912,5.72,0,0,0,-0.019,-0.009,13.16,-1.6,0.6,100,0
"2026-01-17 10:21:00",140267,"",7999,2026,1,17,10,15,5,-0.0021,0.498,-0.002,-363220,0.448,-0.001,0.923,5.73,0,-0.001,0.001,-0.009,-0.009,13.16,-1.6,0.6,100,0
"2026-01-17 10:24:00",140268,"",7999,2026,1,17,10,15,5,-0.0021,0.498,-0.002,-363220,0.448,-0.001,0.923,5.73,0,-0.001,0.001,-0.009,-0.009,13.16,-1.6,0.6,100,0
"2026-01-17 10:27:00",140269,"",7999,2026,1,17,10,21,5,0.0001,0.505,0,-363220.3,0.455,0,0.935,5.74,0,0,0,-0.033,-0.002,13.16,-1.6,0.6,100,0
"2026-01-17 10:30:00",140270,"",7999,2026,1,17,10,21,5,0.0001,0.505,0,-363220.3,0.455,0,0.935,5.74,0,0,0,-0.033,-0.002,13.16,-1.6,0.6,100,0
"2026-01-17 10:33:00",140271,"",7999,2026,1,17,10,27,5,0.0005,0.512,0.001,-363220.1,0.462,0,0.949,5.75,0,0,0,-0.021,-0.014,13.16,-1.6,0.6,100,0
"2026-01-17 10:36:00",140272,"",7999,2026,1,17,10,27,5,0.0005,0.512,0.001,-363220.1,0.462,0,0.949,5.75,0,0,0,-0.021,-0.014,13.16,-1.6,0.6,100,0
"2026-01-17 10:39:00",140273,"",7999,2026,1,17,10,33,5,0.0004,0.525,0,-363219.9,0.475,0,0.971,5.74,0,0,0,-0.012,-0.002,13.16,-1.6,0.6,100,0
"2026-01-17 10:42:00",140274,"",7999,2026,1,17,10,33,5,0.0004,0.525,0,-363219.9,0.475,0,0.971,5.74,0,0,0,-0.012,-0.002,13.16,-1.6,0.6,100,0
"2026-01-17 10:45:00",140275,"",7999,2026,1,17,10,39,5,0.0004,0.536,0,-363219.8,0.486,0,0.992,5.77,0,0,0,-0.037,-0.026,13.16,-1.6,0.6,100,0
"2026-01-17 10:48:00",140276,"",7999,2026,1,17,10,39,5,0.0004,0.536,0,-363219.8,0.486,0,0.992,5.77,0,0,0,-0.037,-0.026,13.16,-1.6,0.6,100,0
"2026-01-17 10:51:00",140277,"",7999,2026,1,17,10,45,5,0.0007,0.542,0.001,-363219.5,0.492,0,1.003,5.76,0,0,0,-0.014,-0.009,13.16,-1.6,0.6,100,0
"2026-01-17 10:54:00",140278,"",7999,2026,1,17,10,45,5,0.0007,0.542,0.001,-363219.5,0.492,0,1.003,5.76,0,0,0,-0.014,-0.009,13.16,-1.6,0.6,100,0
"2026-01-17 10:57:00",140279,"",7999,2026,1,17,10,51,5,0.0018,0.551,0.002,-363219,0.501,0.001,1.019,5.81,0,0.001,-0.001,-0.019,-0.014,13.16,-1.6,0.6,100,0
"2026-01-17 11:00:00",140280,"",7999,2026,1,17,10,51,5,0.0018,0.551,0.002,-363219,0.501,0.001,1.019,5.81,0,0.001,-0.001,-0.019,-0.014,13.16,-1.6,0.6,100,0
"2026-01-17 11:03:00",140281,"",7999,2026,1,17,10,57,5,0.0022,0.559,0.002,-363218.2,0.509,0.001,1.035,5.77,0,0.001,-0.001,-0.037,0,13.16,-1.6,0.6,100,0
"2026-01-17 11:06:00",140282,"",7999,2026,1,17,10,57,5,0.0022,0.559,0.002,-363218.2,0.509,0.001,1.035,5.77,0,0.001,-0.001,-0.037,0,13.16,-1.6,0.6,100,0
"2026-01-17 11:09:00",140283,"",7999,2026,1,17,11,3,5,0.0028,0.567,0.003,-363217.3,0.517,0.001,1.049,5.76,0,0.001,-0.001,-0.04,-0.014,13.16,-1.6,0.6,100,0
"2026-01-17 11:12:00",140284,"",7999,2026,1,17,11,3,5,0.0028,0.567,0.003,-363217.3,0.517,0.001,1.049,5.76,0,0.001,-0.001,-0.04,-0.014,13.16,-1.6,0.6,100,0
"2026-01-17 11:15:00",140285,"",7999,2026,1,17,11,9,5,-0.0106,0.571,-0.01,-363219.5,0.521,-0.008,1.057,5.75,0,-0.008,-0.004,-0.019,-0.012,13.16,-1.6,0.6,100,0
"2026-01-17 11:18:00",140286,"",7999,2026,1,17,11,9,5,-0.0106,0.571,-0.01,-363219.5,0.521,-0.008,1.057,5.75,0,-0.008,-0.004,-0.019,-0.012,13.16,-1.6,0.6,100,0
"2026-01-17 11:21:00",140287,"",7999,2026,1,17,11,15,5,0.0005,0.567,0.001,-363220.6,0.517,0,1.05,5.76,0,0,0,-0.035,-0.024,13.16,-1.6,0.6,100,0
"2026-01-17 11:24:00",140288,"",7999,2026,1,17,11,15,5,0.0005,0.567,0.001,-363220.6,0.517,0,1.05,5.76,0,0,0,-0.035,-0.024,13.16,-1.6,0.6,100,0
"2026-01-17 11:27:00",140289,"",7999,2026,1,17,11,21,5,-0.0013,0.563,-0.001,-363220.9,0.513,0,1.042,5.78,0,0,0,-0.007,-0.019,13.16,-1.6,0.6,100,0
"2026-01-17 11:30:00",140290,"",7999,2026,1,17,11,21,5,-0.0013,0.563,-0.001,-363220.9,0.513,0,1.042,5.78,0,0,0,-0.007,-0.019,13.16,-1.6,0.6,100,0
"2026-01-17 11:33:00",140291,"",7999,2026,1,17,11,27,5,-0.0011,0.563,-0.001,-363221.3,0.513,0,1.042,5.8,0,0,0,0.009,-0.014,13.16,-1.6,0.6,100,0
"2026-01-17 11:36:00",140292,"",7999,2026,1,17,11,27,5,-0.0011,0.563,-0.001,-363221.3,0.513,0,1.042,5.8,0,0,0,0.009,-0.014,13.16,-1.6,0.6,100,0
"2026-01-17 11:39:00",140293,"",7999,2026,1,17,11,33,5,-0.0106,0.569,-0.01,-363224,0.519,-0.01,1.052,5.8,0,-0.01,0.004,-0.002,-0.026,13.16,-1.6,0.6,100,0
"2026-01-17 11:42:00",140294,"",7999,2026,1,17,11,33,5,-0.0106,0.569,-0.01,-363224,0.519,-0.01,1.052,5.8,0,-0.01,0.004,-0.002,-0.026,13.16,-1.6,0.6,100,0
"2026-01-17 11:45:00",140295,"",7999,2026,1,17,11,39,5,0.0046,0.574,0.004,-363224.2,0.524,0.002,1.062,5.78,0,0.002,0,-0.014,-0.019,13.16,-1.6,0.6,100,0
"2026-01-17 11:48:00",140296,"",7999,2026,1,17,11,39,5,0.0046,0.574,0.004,-363224.2,0.524,0.002,1.062,5.78,0,0.002,0,-0.014,-0.019,13.16,-1.6,0.6,100,0
"2026-01-17 11:51:00",140297,"",7999,2026,1,17,11,45,5,0.0016,0.576,0.002,-363223.2,0.526,0,1.065,5.74,0,0,0,-0.019,-0.012,13.16,-1.6,0.6,100,0
"2026-01-17 11:54:00",140298,"",7999,2026,1,17,11,45,5,0.0016,0.576,0.002,-363223.2,0.526,0,1.065,5.74,0,0,0,-0.019,-0.012,13.16,-1.6,0.6,100,0
"2026-01-17 11:57:00",140299,"",7999,2026,1,17,11,51,5,0.0008,0.571,0.001,-363222.8,0.521,0,1.057,5.74,0,0,0,0,-0.024,13.16,-1.6,0.6,100,0
"2026-01-17 12:00:00",140300,"",7999,2026,1,17,11,51,5,0.0008,0.571,0.001,-363222.8,0.521,0,1.057,5.74,0,0,0,0,-0.024,13.16,-1.6,0.6,100,0
"2026-01-17 12:03:00",140301,"",7999,2026,1,17,11,57,5,-0.0025,0.567,-0.002,-363223.3,0.517,-0.001,1.049,5.78,0,-0.001,0.001,0.007,-0.017,13.16,-1.6,0.6,100,0
"2026-01-17 12:06:00",140302,"",7999,2026,1,17,11,57,5,-0.0025,0.567,-0.002,-363223.3,0.517,-0.001,1.049,5.78,0,-0.001,0.001,0.007,-0.017,13.16,-1.6,0.6,100,0
"2026-01-17 12:09:00",140303,"",7999,2026,1,17,12,3,5,0.0045,0.571,0.004,-363222.5,0.521,0.002,1.057,5.78,0,0.002,-0.001,-0.007,-0.012,13.16,-1.6,0.6,100,0
"2026-01-17 12:12:00",140304,"",7999,2026,1,17,12,3,5,0.0045,0.571,0.004,-363222.5,0.521,0.002,1.057,5.78,0,0.002,-0.001,-0.007,-0.012,13.16,-1.6,0.6,100,0
"2026-01-17 12:15:00",140305,"",7999,2026,1,17,12,9,5,0.0025,0.58,0.002,-363221.4,0.53,0.001,1.074,5.8,0,0.001,-0.001,-0.002,-0.009,13.16,-1.6,0.6,100,0
"2026-01-17 12:18:00",140306,"",7999,2026,1,17,12,9,5,0.0025,0.58,0.002,-363221.4,0.53,0.001,1.074,5.8,0,0.001,-0.001,-0.002,-0.009,13.16,-1.6,0.6,100,0
"2026-01-17 12:21:00",140307,"",7999,2026,1,17,12,15,5,0.0037,0.587,0.003,-363220.2,0.537,0.002,1.087,5.73,0,0.002,-0.001,-0.016,-0.007,13.16,-1.6,0.6,100,0
"2026-01-17 12:24:00",140308,"",7999,2026,1,17,12,15,5,0.0037,0.587,0.003,-363220.2,0.537,0.002,1.087,5.73,0,0.002,-0.001,-0.016,-0.007,13.16,-1.6,0.6,100,0
"2026-01-17 12:27:00",140309,"",7999,2026,1,17,12,21,5,0.0107,0.6,0.01,-363217.2,0.55,0.01,1.11,5.75,0,0.01,0,-0.009,0.002,13.16,-1.6,0.6,100,0
"2026-01-17 12:30:00",140310,"",7999,2026,1,17,12,21,5,0.0107,0.6,0.01,-363217.2,0.55,0.01,1.11,5.75,0,0.01,0,-0.009,0.002,13.16,-1.6,0.6,100,0
"2026-01-17 12:33:00",140311,"",7999,2026,1,17,12,27,5,0.0133,0.615,0.012,-363212.7,0.565,0.01,1.137,5.81,0,0.01,0,-0.012,-0.002,13.16,-1.6,0.6,100,0
"2026-01-17 12:36:00",140312,"",7999,2026,1,17,12,27,5,0.0133,0.615,0.012,-363212.7,0.565,0.01,1.137,5.81,0,0.01,0,-0.012,-0.002,13.16,-1.6,0.6,100,0
"2026-01-17 12:39:00",140313,"",7999,2026,1,17,12,33,5,0.0175,0.626,0.015,-363206.8,0.576,0.013,1.159,5.77,0,0.013,0,-0.012,-0.002,13.16,-1.6,0.6,100,0
"2026-01-17 12:42:00",140314,"",7999,2026,1,17,12,33,5,0.0175,0.626,0.015,-363206.8,0.576,0.013,1.159,5.77,0,0.013,0,-0.012,-0.002,13.16,-1.6,0.6,100,0
"2026-01-17 12:45:00",140315,"",7999,2026,1,17,12,39,5,0.0195,0.64,0.016,-363200.1,0.59,0.016,1.185,5.76,0,0.016,0,-0.002,-0.005,13.16,-1.6,0.6,100,0
"2026-01-17 12:48:00",140316,"",7999,2026,1,17,12,39,5,0.0195,0.64,0.016,-363200.1,0.59,0.016,1.185,5.76,0,0.016,0,-0.002,-0.005,13.16,-1.6,0.6,100,0
"2026-01-17 12:51:00",140317,"",7999,2026,1,17,12,45,5,0.0129,0.651,0.011,-363194.6,0.601,0.01,1.205,5.77,0,0.01,0,-0.009,-0.012,13.16,-1.6,0.6,100,0
"2026-01-17 12:54:00",140318,"",7999,2026,1,17,12,45,5,0.0129,0.651,0.011,-363194.6,0.601,0.01,1.205,5.77,0,0.01,0,-0.009,-0.012,13.16,-1.6,0.6,100,0
"2026-01-17 12:57:00",140319,"",7999,2026,1,17,12,51,5,0.0134,0.659,0.011,-363189.8,0.609,0.01,1.22,5.73,0,0.01,0,0,-0.012,13.16,-1.6,0.6,100,0
"2026-01-17 13:00:00",140320,"",7999,2026,1,17,12,51,5,0.0134,0.659,0.011,-363189.8,0.609,0.01,1.22,5.73,0,0.01,0,0,-0.012,13.16,-1.6,0.6,100,0
"2026-01-17 13:03:00",140321,"",7999,2026,1,17,12,57,5,0.0158,0.667,0.013,-363184.4,0.617,0.012,1.234,5.68,0,0.012,0.001,0.007,-0.005,13.16,-1.6,0.6,100,0
"2026-01-17 13:06:00",140322,"",7999,2026,1,17,12,57,5,0.0158,0.667,0.013,-363184.4,0.617,0.012,1.234,5.68,0,0.012,0.001,0.007,-0.005,13.16,-1.6,0.6,100,0
"2026-01-17 13:09:00",140323,"",7999,2026,1,17,13,3,5,0.0122,0.674,0.01,-363179.6,0.624,0.008,1.247,5.7,0,0.008,0.001,-0.007,-0.007,13.16,-1.6,0.6,100,0
"2026-01-17 13:12:00",140324,"",7999,2026,1,17,13,3,5,0.0122,0.674,0.01,-363179.6,0.624,0.008,1.247,5.7,0,0.008,0.001,-0.007,-0.007,13.16,-1.6,0.6,100,0
"2026-01-17 13:15:00",140325,"",7999,2026,1,17,13,9,5,0.0124,0.68,0.01,-363175.1,0.63,0.008,1.258,5.72,0,0.008,0.001,0.016,0,13.16,-1.6,0.6,100,0
"2026-01-17 13:18:00",140326,"",7999,2026,1,17,13,9,5,0.0124,0.68,0.01,-363175.1,0.63,0.008,1.258,5.72,0,0.008,0.001,0.016,0,13.16,-1.6,0.6,100,0
"2026-01-17 13:21:00",140327,"",7999,2026,1,17,13,15,5,0.0056,0.686,0.004,-363172.3,0.636,0.004,1.27,5.75,0,0.004,-0.001,-0.007,-0.007,13.16,-1.6,0.6,100,0
"2026-01-17 13:24:00",140328,"",7999,2026,1,17,13,15,5,0.0056,0.686,0.004,-363172.3,0.636,0.004,1.27,5.75,0,0.004,-0.001,-0.007,-0.007,13.16,-1.6,0.6,100,0
"2026-01-17 13:27:00",140329,"",7999,2026,1,17,13,21,5,0.0165,0.694,0.013,-363167.6,0.644,0.012,1.284,5.73,0,0.012,0,0,0.007,13.16,-1.6,0.6,100,0
"2026-01-17 13:30:00",140330,"",7999,2026,1,17,13,21,5,0.0165,0.694,0.013,-363167.6,0.644,0.012,1.284,5.73,0,0.012,0,0,0.007,13.16,-1.6,0.6,100,0
"2026-01-17 13:33:00",140331,"",7999,2026,1,17,13,27,5,0.0085,0.696,0.007,-363163.6,0.646,0.005,1.288,5.72,0,0.005,0.001,-0.04,-0.002,13.16,-1.6,0.6,100,0
"2026-01-17 13:36:00",140332,"",7999,2026,1,17,13,27,5,0.0085,0.696,0.007,-363163.6,0.646,0.005,1.288,5.72,0,0.005,0.001,-0.04,-0.002,13.16,-1.6,0.6,100,0
"2026-01-17 13:39:00",140333,"",7999,2026,1,17,13,33,5,-0.0008,0.695,-0.001,-363162.8,0.645,0,1.285,5.71,0,0,0,-0.007,-0.009,13.16,-1.6,0.6,100,0
"2026-01-17 13:42:00",140334,"",7999,2026,1,17,13,33,5,-0.0008,0.695,-0.001,-363162.8,0.645,0,1.285,5.71,0,0,0,-0.007,-0.009,13.16,-1.6,0.6,100,0
"2026-01-17 13:45:00",140335,"",7999,2026,1,17,13,39,5,-0.007,0.694,-0.005,-363164.6,0.644,-0.005,1.284,5.74,0,-0.005,0,-0.033,-0.007,13.16,-1.6,0.6,100,0
"2026-01-17 13:48:00",140336,"",7999,2026,1,17,13,39,5,-0.007,0.694,-0.005,-363164.6,0.644,-0.005,1.284,5.74,0,-0.005,0,-0.033,-0.007,13.16,-1.6,0.6,100,0
"2026-01-17 13:51:00",140337,"",7999,2026,1,17,13,45,5,-0.0083,0.695,-0.006,-363167.4,0.645,-0.006,1.286,5.78,0,-0.006,-0.001,-0.03,-0.021,13.16,-1.6,0.6,100,0
"2026-01-17 13:54:00",140338,"",7999,2026,1,17,13,45,5,-0.0083,0.695,-0.006,-363167.4,0.645,-0.006,1.286,5.78,0,-0.006,-0.001,-0.03,-0.021,13.16,-1.6,0.6,100,0
"2026-01-17 13:57:00",140339,"",7999,2026,1,17,13,51,5,0.0129,0.704,0.01,-363165.3,0.654,0.01,1.302,5.72,0,0.01,0,-0.014,0.009,13.16,-1.7,0.6,100,0
"2026-01-17 14:00:00",140340,"",7999,2026,1,17,13,51,5,0.0129,0.704,0.01,-363165.3,0.654,0.01,1.302,5.72,0,0.01,0,-0.014,0.009,13.16,-1.7,0.6,100,0
"2026-01-17 14:03:00",140341,"",7999,2026,1,17,13,57,5,0.0037,0.708,0.003,-363162.8,0.658,0.002,1.31,5.72,0,0.002,0.001,-0.002,-0.007,13.16,-1.6,0.6,100,0
"2026-01-17 14:06:00",140342,"",7999,2026,1,17,13,57,5,0.0037,0.708,0.003,-363162.8,0.658,0.002,1.31,5.72,0,0.002,0.001,-0.002,-0.007,13.16,-1.6,0.6,100,0
"2026-01-17 14:09:00",140343,"",7999,2026,1,17,14,3,5,0.0044,0.707,0.003,-363161.3,0.657,0.002,1.308,5.77,0,0.002,0,-0.044,-0.019,13.16,-1.6,0.5,100,0
"2026-01-17 14:12:00",140344,"",7999,2026,1,17,14,3,5,0.0044,0.707,0.003,-363161.3,0.657,0.002,1.308,5.77,0,0.002,0,-0.044,-0.019,13.16,-1.6,0.5,100,0
"2026-01-17 14:15:00",140345,"",7999,2026,1,17,14,9,5,0.0066,0.709,0.005,-363159.2,0.659,0.004,1.313,5.78,0,0.004,0.001,-0.019,-0.017,13.16,-1.6,0.5,100,0
"2026-01-17 14:18:00",140346,"",7999,2026,1,17,14,9,5,0.0066,0.709,0.005,-363159.2,0.659,0.004,1.313,5.78,0,0.004,0.001,-0.019,-0.017,13.16,-1.6,0.5,100,0
"2026-01-17 14:21:00",140347,"",7999,2026,1,17,14,15,5,-0.0128,0.711,-0.01,-363161.4,0.661,-0.01,1.315,5.78,0,-0.01,-0.001,-0.014,-0.024,13.16,-1.6,0.6,100,0
"2026-01-17 14:24:00",140348,"",7999,2026,1,17,14,15,5,-0.0128,0.711,-0.01,-363161.4,0.661,-0.01,1.315,5.78,0,-0.01,-0.001,-0.014,-0.024,13.16,-1.6,0.6,100,0
"2026-01-17 14:27:00",140349,"",7999,2026,1,17,14,21,5,0.0186,0.721,0.014,-363158.5,0.671,0.013,1.334,5.79,0,0.013,0,-0.023,-0.002,13.16,-1.6,0.6,100,0
"2026-01-17 14:30:00",140350,"",7999,2026,1,17,14,21,5,0.0186,0.721,0.014,-363158.5,0.671,0.013,1.334,5.79,0,0.013,0,-0.023,-0.002,13.16,-1.6,0.6,100,0
"2026-01-17 14:33:00",140351,"",7999,2026,1,17,14,27,5,0.0134,0.733,0.01,-363153,0.683,0.008,1.357,5.81,0,0.008,-0.001,0.002,0.002,13.16,-1.7,0.6,100,0
"2026-01-17 14:36:00",140352,"",7999,2026,1,17,14,27,5,0.0134,0.733,0.01,-363153,0.683,0.008,1.357,5.81,0,0.008,-0.001,0.002,0.002,13.16,-1.7,0.6,100,0
"2026-01-17 14:39:00",140353,"",7999,2026,1,17,14,33,5,0.0168,0.741,0.012,-363147.4,0.691,0.011,1.371,5.88,0,0.011,-0.001,-0.019,-0.002,13.16,-1.6,0.6,100,0
"2026-01-17 14:42:00",140354,"",7999,2026,1,17,14,33,5,0.0168,0.741,0.012,-363147.4,0.691,0.011,1.371,5.88,0,0.011,-0.001,-0.019,-0.002,13.16,-1.6,0.6,100,0
"2026-01-17 14:45:00",140355,"",7999,2026,1,17,14,39,5,0.0297,0.75,0.021,-363138.2,0.7,0.021,1.388,5.89,0,0.021,-0.001,-0.007,0.007,13.16,-1.6,0.6,100,0
"2026-01-17 14:48:00",140356,"",7999,2026,1,17,14,39,5,0.0297,0.75,0.021,-363138.2,0.7,0.021,1.388,5.89,0,0.021,-0.001,-0.007,0.007,13.16,-1.6,0.6,100,0
"2026-01-17 14:51:00",140357,"",7999,2026,1,17,14,45,5,0.0235,0.759,0.017,-363129,0.709,0.016,1.404,5.98,0,0.016,0.002,0.019,0.005,13.16,-1.6,0.6,100,0
"2026-01-17 14:54:00",140358,"",7999,2026,1,17,14,45,5,0.0235,0.759,0.017,-363129,0.709,0.016,1.404,5.98,0,0.016,0.002,0.019,0.005,13.16,-1.6,0.6,100,0
"2026-01-17 14:57:00",140359,"",7999,2026,1,17,14,51,5,0.0362,0.766,0.026,-363117.5,0.716,0.024,1.418,6.03,0,0.024,0,-0.023,0.005,13.16,-1.7,0.6,100,0
"2026-01-17 15:00:00",140360,"",7999,2026,1,17,14,51,5,0.0362,0.766,0.026,-363117.5,0.716,0.024,1.418,6.03,0,0.024,0,-0.023,0.005,13.16,-1.7,0.6,100,0
"2026-01-17 15:03:00",140361,"",7999,2026,1,17,14,57,5,0.0254,0.776,0.018,-363107,0.726,0.017,1.436,6.06,0,0.017,0,-0.014,0.002,13.16,-1.6,0.6,100,0
"2026-01-17 15:06:00",140362,"",7999,2026,1,17,14,57,5,0.0254,0.776,0.018,-363107,0.726,0.017,1.436,6.06,0,0.017,0,-0.014,0.002,13.16,-1.6,0.6,100,0
"2026-01-17 15:09:00",140363,"",7999,2026,1,17,15,3,5,0.0127,0.779,0.009,-363100.9,0.729,0.007,1.442,6.12,0,0.007,0,-0.037,0.007,13.16,-1.6,0.6,100,0
"2026-01-17 15:12:00",140364,"",7999,2026,1,17,15,3,5,0.0127,0.779,0.009,-363100.9,0.729,0.007,1.442,6.12,0,0.007,0,-0.037,0.007,13.16,-1.6,0.6,100,0
"2026-01-17 15:15:00",140365,"",7999,2026,1,17,15,9,5,0.0089,0.785,0.006,-363097.2,0.735,0.005,1.452,6.22,0,0.005,0,-0.06,0,13.16,-1.6,0.6,100,0
"2026-01-17 15:18:00",140366,"",7999,2026,1,17,15,9,5,0.0089,0.785,0.006,-363097.2,0.735,0.005,1.452,6.22,0,0.005,0,-0.06,0,13.16,-1.6,0.6,100,0
"2026-01-17 15:21:00",140367,"",7999,2026,1,17,15,15,5,0.0142,0.791,0.01,-363092.7,0.741,0.008,1.465,6.25,0,0.008,-0.001,-0.019,-0.009,13.16,-1.6,0.6,100,0
"2026-01-17 15:24:00",140368,"",7999,2026,1,17,15,15,5,0.0142,0.791,0.01,-363092.7,0.741,0.008,1.465,6.25,0,0.008,-0.001,-0.019,-0.009,13.16,-1.6,0.6,100,0
"2026-01-17 15:27:00",140369,"",7999,2026,1,17,15,21,5,0.0258,0.795,0.018,-363084.8,0.745,0.016,1.471,6.24,0,0.016,0,0,0.009,13.16,-1.6,0.6,100,0
"2026-01-17 15:30:00",140370,"",7999,2026,1,17,15,21,5,0.0258,0.795,0.018,-363084.8,0.745,0.016,1.471,6.24,0,0.016,0,0,0.009,13.16,-1.6,0.6,100,0
"2026-01-17 15:33:00",140371,"",7999,2026,1,17,15,27,5,0.0111,0.794,0.008,-363079,0.744,0.006,1.47,6.23,0,0.006,-0.001,0.002,-0.005,13.16,-1.6,0.6,100,0
"2026-01-17 15:36:00",140372,"",7999,2026,1,17,15,27,5,0.0111,0.794,0.008,-363079,0.744,0.006,1.47,6.23,0,0.006,-0.001,0.002,-0.005,13.16,-1.6,0.6,100,0
"2026-01-17 15:39:00",140373,"",7999,2026,1,17,15,33,5,0.0068,0.794,0.005,-363076.1,0.744,0.004,1.469,6.2,0,0.004,-0.001,-0.033,-0.005,13.16,-1.6,0.6,100,0
"2026-01-17 15:42:00",140374,"",7999,2026,1,17,15,33,5,0.0068,0.794,0.005,-363076.1,0.744,0.004,1.469,6.2,0,0.004,-0.001,-0.033,-0.005,13.16,-1.6,0.6,100,0
"2026-01-17 15:45:00",140375,"",7999,2026,1,17,15,39,5,0.0005,0.792,0,-363075.1,0.742,0,1.465,6.24,0,0,0,-0.04,-0.021,13.16,-1.6,0.6,100,0
"2026-01-17 15:48:00",140376,"",7999,2026,1,17,15,39,5,0.0005,0.792,0,-363075.1,0.742,0,1.465,6.24,0,0,0,-0.04,-0.021,13.16,-1.6,0.6,100,0
"2026-01-17 15:51:00",140377,"",7999,2026,1,17,15,45,5,-0.0112,0.787,-0.008,-363077.8,0.737,-0.007,1.456,6.23,0,-0.007,0.002,-0.046,-0.033,13.16,-1.6,0.6,100,0
"2026-01-17 15:54:00",140378,"",7999,2026,1,17,15,45,5,-0.0112,0.787,-0.008,-363077.8,0.737,-0.007,1.456,6.23,0,-0.007,0.002,-0.046,-0.033,13.16,-1.6,0.6,100,0
"2026-01-17 15:57:00",140379,"",7999,2026,1,17,15,51,5,-0.0079,0.785,-0.005,-363081,0.735,-0.004,1.452,6.3,0,-0.004,0.001,-0.012,-0.021,13.16,-1.6,0.6,100,0
"2026-01-17 16:00:00",140380,"",7999,2026,1,17,15,51,5,-0.0079,0.785,-0.005,-363081,0.735,-0.004,1.452,6.3,0,-0.004,0.001,-0.012,-0.021,13.16,-1.6,0.6,100,0
"2026-01-17 16:03:00",140381,"",7999,2026,1,17,15,57,5,-0.0064,0.784,-0.004,-363083.5,0.734,-0.004,1.451,6.36,0,-0.004,0.001,0.023,-0.024,13.16,-1.6,0.6,100,0
"2026-01-17 16:06:00",140382,"",7999,2026,1,17,15,57,5,-0.0064,0.784,-0.004,-363083.5,0.734,-0.004,1.451,6.36,0,-0.004,0.001,0.023,-0.024,13.16,-1.6,0.6,100,0
"2026-01-17 16:09:00",140383,"",7999,2026,1,17,16,3,5,-0.0145,0.782,-0.01,-363087.8,0.732,-0.008,1.447,6.36,0,-0.008,0.002,-0.023,-0.026,13.16,-1.6,0.6,100,0
"2026-01-17 16:12:00",140384,"",7999,2026,1,17,16,3,5,-0.0145,0.782,-0.01,-363087.8,0.732,-0.008,1.447,6.36,0,-0.008,0.002,-0.023,-0.026,13.16,-1.6,0.6,100,0
"2026-01-17 16:15:00",140385,"",7999,2026,1,17,16,9,5,-0.0232,0.779,-0.016,-363095.1,0.729,-0.015,1.442,6.29,0,-0.015,0,-0.053,-0.017,13.16,-1.6,0.6,100,0
"2026-01-17 16:18:00",140386,"",7999,2026,1,17,16,9,5,-0.0232,0.779,-0.016,-363095.1,0.729,-0.015,1.442,6.29,0,-0.015,0,-0.053,-0.017,13.16,-1.6,0.6,100,0
"2026-01-17 16:21:00",140387,"",7999,2026,1,17,16,15,5,-0.0185,0.776,-0.013,-363102.3,0.726,-0.011,1.436,6.27,0,-0.011,0.003,-0.035,-0.009,13.16,-1.6,0.6,100,0
"2026-01-17 16:24:00",140388,"",7999,2026,1,17,16,15,5,-0.0185,0.776,-0.013,-363102.3,0.726,-0.011,1.436,6.27,0,-0.011,0.003,-0.035,-0.009,13.16,-1.6,0.6,100,0
"2026-01-17 16:27:00",140389,"",7999,2026,1,17,16,21,5,0.008,0.778,0.006,-363102.7,0.728,0.005,1.441,6.26,0,0.005,0,-0.042,-0.002,13.16,-1.6,0.6,100,0
"2026-01-17 16:30:00",140390,"",7999,2026,1,17,16,21,5,0.008,0.778,0.006,-363102.7,0.728,0.005,1.441,6.26,0,0.005,0,-0.042,-0.002,13.16,-1.6,0.6,100,0
"2026-01-17 16:33:00",140391,"",7999,2026,1,17,16,27,5,0.012,0.784,0.008,-363098.8,0.734,0.007,1.451,6.27,0,0.007,0,-0.007,-0.007,13.16,-1.6,0.6,100,0
"2026-01-17 16:36:00",140392,"",7999,2026,1,17,16,27,5,0.012,0.784,0.008,-363098.8,0.734,0.007,1.451,6.27,0,0.007,0,-0.007,-0.007,13.16,-1.6,0.6,100,0
"2026-01-17 16:39:00",140393,"",7999,2026,1,17,16,33,5,0.0037,0.786,0.003,-363096.4,0.736,0.002,1.454,6.28,0,0.002,0,-0.007,-0.007,13.16,-1.6,0.6,100,0
"2026-01-17 16:42:00",140394,"",7999,2026,1,17,16,33,5,0.0037,0.786,0.003,-363096.4,0.736,0.002,1.454,6.28,0,0.002,0,-0.007,-0.007,13.16,-1.6,0.6,100,0
"2026-01-17 16:45:00",140395,"",7999,2026,1,17,16,39,5,-0.0085,0.783,-0.006,-363098,0.733,-0.005,1.448,6.21,0,-0.005,0.001,-0.063,-0.031,13.16,-1.6,0.6,100,0
"2026-01-17 16:48:00",140396,"",7999,2026,1,17,16,39,5,-0.0085,0.783,-0.006,-363098,0.733,-0.005,1.448,6.21,0,-0.005,0.001,-0.063,-0.031,13.16,-1.6,0.6,100,0
"2026-01-17 16:51:00",140397,"",7999,2026,1,17,16,45,5,-0.0217,0.776,-0.015,-363104.3,0.726,-0.015,1.436,6.2,0,-0.015,0.001,-0.019,-0.04,13.16,-1.6,0.6,100,0
"2026-01-17 16:54:00",140398,"",7999,2026,1,17,16,45,5,-0.0217,0.776,-0.015,-363104.3,0.726,-0.015,1.436,6.2,0,-0.015,0.001,-0.019,-0.04,13.16,-1.6,0.6,100,0
"2026-01-17 16:57:00",140399,"",7999,2026,1,17,16,51,5,-0.0125,0.77,-0.009,-363109.9,0.72,-0.007,1.425,6.28,0,-0.007,0.001,-0.002,-0.024,13.16,-1.6,0.6,100,0
"2026-01-17 17:00:00",140400,"",7999,2026,1,17,16,51,5,-0.0125,0.77,-0.009,-363109.9,0.72,-0.007,1.425,6.28,0,-0.007,0.001,-0.002,-0.024,13.16,-1.6,0.6,100,0
"2026-01-17 17:03:00",140401,"",7999,2026,1,17,16,57,5,-0.0198,0.767,-0.014,-363116.2,0.717,-0.013,1.419,6.34,0,-0.013,0.002,-0.002,-0.017,13.16,-1.6,0.6,100,0
"2026-01-17 17:06:00",140402,"",7999,2026,1,17,16,57,5,-0.0198,0.767,-0.014,-363116.2,0.717,-0.013,1.419,6.34,0,-0.013,0.002,-0.002,-0.017,13.16,-1.6,0.6,100,0
"2026-01-17 17:09:00",140403,"",7999,2026,1,17,17,3,5,-0.0211,0.764,-0.015,-363123.6,0.714,-0.013,1.414,6.35,0,-0.013,0.002,0.012,-0.033,13.16,-1.6,0.6,100,0
"2026-01-17 17:12:00",140404,"",7999,2026,1,17,17,3,5,-0.0211,0.764,-0.015,-363123.6,0.714,-0.013,1.414,6.35,0,-0.013,0.002,0.012,-0.033,13.16,-1.6,0.6,100,0
"2026-01-17 17:15:00",140405,"",7999,2026,1,17,17,9,5,-0.0271,0.759,-0.019,-363132.7,0.709,-0.018,1.405,6.35,0,-0.018,0.001,-0.005,-0.028,13.16,-1.6,0.6,100,0
"2026-01-17 17:18:00",140406,"",7999,2026,1,17,17,9,5,-0.0271,0.759,-0.019,-363132.7,0.709,-0.018,1.405,6.35,0,-0.018,0.001,-0.005,-0.028,13.16,-1.6,0.6,100,0
"2026-01-17 17:21:00",140407,"",7999,2026,1,17,17,15,5,-0.0298,0.751,-0.021,-363143.1,0.701,-0.021,1.39,6.31,0,-0.021,0,-0.03,-0.031,13.16,-1.6,0.6,100,0
"2026-01-17 17:24:00",140408,"",7999,2026,1,17,17,15,5,-0.0298,0.751,-0.021,-363143.1,0.701,-0.021,1.39,6.31,0,-0.021,0,-0.03,-0.031,13.16,-1.6,0.6,100,0
"2026-01-17 17:27:00",140409,"",7999,2026,1,17,17,21,5,-0.0189,0.742,-0.014,-363151.3,0.692,-0.012,1.373,6.27,0,-0.012,0.001,-0.028,-0.033,13.17,-1.6,0.6,100,0
"2026-01-17 17:30:00",140410,"",7999,2026,1,17,17,21,5,-0.0189,0.742,-0.014,-363151.3,0.692,-0.012,1.373,6.27,0,-0.012,0.001,-0.028,-0.033,13.17,-1.6,0.6,100,0
"2026-01-17 17:33:00",140411,"",7999,2026,1,17,17,27,5,-0.0173,0.735,-0.013,-363157.7,0.685,-0.012,1.36,6.26,0,-0.012,0,-0.033,-0.019,13.16,-1.6,0.6,100,0
"2026-01-17 17:36:00",140412,"",7999,2026,1,17,17,27,5,-0.0173,0.735,-0.013,-363157.7,0.685,-0.012,1.36,6.26,0,-0.012,0,-0.033,-0.019,13.16,-1.6,0.6,100,0
"2026-01-17 17:39:00",140413,"",7999,2026,1,17,17,33,5,-0.0121,0.724,-0.009,-363162.7,0.674,-0.007,1.34,6.25,0,-0.007,0,0,-0.031,13.16,-1.6,0.6,100,0
"2026-01-17 17:42:00",140414,"",7999,2026,1,17,17,33,5,-0.0121,0.724,-0.009,-363162.7,0.674,-0.007,1.34,6.25,0,-0.007,0,0,-0.031,13.16,-1.6,0.6,100,0
"2026-01-17 17:45:00",140415,"",7999,2026,1,17,17,39,5,-0.0088,0.718,-0.007,-363166.3,0.668,-0.005,1.328,6.28,0,-0.005,0,-0.002,-0.009,13.16,-1.6,0.6,100,0
"2026-01-17 17:48:00",140416,"",7999,2026,1,17,17,39,5,-0.0088,0.718,-0.007,-363166.3,0.668,-0.005,1.328,6.28,0,-0.005,0,-0.002,-0.009,13.16,-1.6,0.6,100,0
"2026-01-17 17:51:00",140417,"",7999,2026,1,17,17,45,5,-0.0144,0.71,-0.011,-363170.8,0.66,-0.01,1.314,6.26,0,-0.01,0,-0.016,-0.019,13.16,-1.6,0.6,100,0
"2026-01-17 17:54:00",140418,"",7999,2026,1,17,17,45,5,-0.0144,0.71,-0.011,-363170.8,0.66,-0.01,1.314,6.26,0,-0.01,0,-0.016,-0.019,13.16,-1.6,0.6,100,0
"2026-01-17 17:57:00",140419,"",7999,2026,1,17,17,51,5,-0.0067,0.709,-0.005,-363174.2,0.659,-0.004,1.311,6.26,0,-0.004,0.001,0.007,-0.026,13.16,-1.6,0.6,100,0
"2026-01-17 18:00:00",140420,"",7999,2026,1,17,17,51,5,-0.0067,0.709,-0.005,-363174.2,0.659,-0.004,1.311,6.26,0,-0.004,0.001,0.007,-0.026,13.16,-1.6,0.6,100,0
"2026-01-17 18:03:00",140421,"",7999,2026,1,17,17,57,5,-0.0043,0.704,-0.003,-363176,0.654,-0.001,1.303,6.27,0,-0.001,-0.001,-0.005,-0.017,13.16,-1.6,0.6,100,0
"2026-01-17 18:06:00",140422,"",7999,2026,1,17,17,57,5,-0.0043,0.704,-0.003,-363176,0.654,-0.001,1.303,6.27,0,-0.001,-0.001,-0.005,-0.017,13.16,-1.6,0.6,100,0
"2026-01-17 18:09:00",140423,"",7999,2026,1,17,18,3,5,-0.0026,0.698,-0.002,-363177.2,0.648,-0.001,1.291,6.28,0,-0.001,-0.001,-0.014,-0.002,13.16,-1.6,0.6,100,0
"2026-01-17 18:12:00",140424,"",7999,2026,1,17,18,3,5,-0.0026,0.698,-0.002,-363177.2,0.648,-0.001,1.291,6.28,0,-0.001,-0.001,-0.014,-0.002,13.16,-1.6,0.6,100,0
"2026-01-17 18:15:00",140425,"",7999,2026,1,17,18,9,5,-0.0038,0.693,-0.003,-363178.4,0.643,-0.001,1.283,6.27,0,-0.001,-0.001,-0.012,-0.012,13.16,-1.6,0.6,100,0
"2026-01-17 18:18:00",140426,"",7999,2026,1,17,18,9,5,-0.0038,0.693,-0.003,-363178.4,0.643,-0.001,1.283,6.27,0,-0.001,-0.001,-0.012,-0.012,13.16,-1.6,0.6,100,0
"2026-01-17 18:21:00",140427,"",7999,2026,1,17,18,15,5,-0.005,0.693,-0.004,-363180.1,0.643,-0.004,1.282,6.31,0,-0.004,-0.001,0,-0.009,13.16,-1.6,0.6,100,0
"2026-01-17 18:24:00",140428,"",7999,2026,1,17,18,15,5,-0.005,0.693,-0.004,-363180.1,0.643,-0.004,1.282,6.31,0,-0.004,-0.001,0,-0.009,13.16,-1.6,0.6,100,0
"2026-01-17 18:27:00",140429,"",7999,2026,1,17,18,21,5,0.0006,0.69,0.001,-363180.6,0.64,0,1.277,6.33,0,0,0,0.014,-0.002,13.16,-1.6,0.6,100,0
"2026-01-17 18:30:00",140430,"",7999,2026,1,17,18,21,5,0.0006,0.69,0.001,-363180.6,0.64,0,1.277,6.33,0,0,0,0.014,-0.002,13.16,-1.6,0.6,100,0
"2026-01-17 18:33:00",140431,"",7999,2026,1,17,18,27,5,-0.0013,0.685,-0.001,-363180.8,0.635,0,1.269,6.35,0,0,0,-0.005,-0.009,13.16,-1.6,0.6,100,0
"2026-01-17 18:36:00",140432,"",7999,2026,1,17,18,27,5,-0.0013,0.685,-0.001,-363180.8,0.635,0,1.269,6.35,0,0,0,-0.005,-0.009,13.16,-1.6,0.6,100,0
"2026-01-17 18:39:00",140433,"",7999,2026,1,17,18,33,5,-0.0057,0.68,-0.005,-363182.3,0.63,-0.004,1.258,6.37,0,-0.004,-0.001,-0.009,-0.017,13.16,-1.6,0.6,100,0
"2026-01-17 18:42:00",140434,"",7999,2026,1,17,18,33,5,-0.0057,0.68,-0.005,-363182.3,0.63,-0.004,1.258,6.37,0,-0.004,-0.001,-0.009,-0.017,13.16,-1.6,0.6,100,0
"2026-01-17 18:45:00",140435,"",7999,2026,1,17,18,39,5,-0.0092,0.676,-0.007,-363185.3,0.626,-0.006,1.251,6.4,0,-0.006,-0.001,-0.016,-0.021,13.16,-1.6,0.6,100,0
"2026-01-17 18:48:00",140436,"",7999,2026,1,17,18,39,5,-0.0092,0.676,-0.007,-363185.3,0.626,-0.006,1.251,6.4,0,-0.006,-0.001,-0.016,-0.021,13.16,-1.6,0.6,100,0
"2026-01-17 18:51:00",140437,"",7999,2026,1,17,18,45,5,-0.0076,0.671,-0.006,-363188.2,0.621,-0.005,1.242,6.39,0,-0.005,0,-0.005,-0.021,13.16,-1.6,0.6,100,0
"2026-01-17 18:54:00",140438,"",7999,2026,1,17,18,45,5,-0.0076,0.671,-0.006,-363188.2,0.621,-0.005,1.242,6.39,0,-0.005,0,-0.005,-0.021,13.16,-1.6,0.6,100,0
"2026-01-17 18:57:00",140439,"",7999,2026,1,17,18,51,5,-0.0058,0.663,-0.005,-363190.5,0.613,-0.002,1.227,6.37,0,-0.002,-0.001,0,0.005,13.16,-1.6,0.6,100,0
"2026-01-17 19:00:00",140440,"",7999,2026,1,17,18,51,5,-0.0058,0.663,-0.005,-363190.5,0.613,-0.002,1.227,6.37,0,-0.002,-0.001,0,0.005,13.16,-1.6,0.6,100,0
"2026-01-17 19:03:00",140441,"",7999,2026,1,17,18,57,5,-0.0014,0.376,-0.002,-363191.5,0.326,-0.001,0.696,6.41,0,-0.001,0.001,0,0,13.16,-1.6,0.6,100,0
"2026-01-17 19:06:00",140442,"",7999,2026,1,17,18,57,5,-0.0014,0.376,-0.002,-363191.5,0.326,-0.001,0.696,6.41,0,-0.001,0.001,0,0,13.16,-1.6,0.6,100,0
"2026-01-17 19:09:00",140443,"",7999,2026,1,17,19,3,5,-0.0078,0.65,-0.007,-363193.6,0.6,-0.005,1.203,6.38,0,-0.005,-0.001,-0.014,-0.005,13.16,-1.6,0.6,100,0
"2026-01-17 19:12:00",140444,"",7999,2026,1,17,19,3,5,-0.0078,0.65,-0.007,-363193.6,0.6,-0.005,1.203,6.38,0,-0.005,-0.001,-0.014,-0.005,13.16,-1.6,0.6,100,0
"2026-01-17 19:15:00",140445,"",7999,2026,1,17,19,9,5,-0.0024,0.64,-0.002,-363195.1,0.59,-0.001,1.184,6.4,0,-0.001,-0.001,0,-0.009,13.16,-1.6,0.6,100,0
"2026-01-17 19:18:00",140446,"",7999,2026,1,17,19,9,5,-0.0024,0.64,-0.002,-363195.1,0.59,-0.001,1.184,6.4,0,-0.001,-0.001,0,-0.009,13.16,-1.6,0.6,100,0
"2026-01-17 19:21:00",140447,"",7999,2026,1,17,19,15,5,-0.0047,0.611,-0.004,-363196.5,0.561,-0.002,1.13,6.42,0,-0.002,-0.001,-0.009,-0.007,13.16,-1.6,0.6,100,0
"2026-01-17 19:24:00",140448,"",7999,2026,1,17,19,15,5,-0.0047,0.611,-0.004,-363196.5,0.561,-0.002,1.13,6.42,0,-0.002,-0.001,-0.009,-0.007,13.16,-1.6,0.6,100,0
"2026-01-17 19:27:00",140449,"",7999,2026,1,17,19,21,5,-0.0013,0.618,-0.001,-363197.4,0.568,0,1.144,6.39,0,0,0,-0.012,-0.009,13.16,-1.6,0.6,100,0
"2026-01-17 19:30:00",140450,"",7999,2026,1,17,19,21,5,-0.0013,0.618,-0.001,-363197.4,0.568,0,1.144,6.39,0,0,0,-0.012,-0.009,13.16,-1.6,0.6,100,0
"2026-01-17 19:33:00",140451,"",7999,2026,1,17,19,27,5,-0.0016,0.199,-0.004,-363198,0.149,-0.005,0.368,6.4,0,-0.005,0.002,0,0,13.16,-1.6,0.6,100,0
"2026-01-17 19:36:00",140452,"",7999,2026,1,17,19,27,5,-0.0016,0.199,-0.004,-363198,0.149,-0.005,0.368,6.4,0,-0.005,0.002,0,0,13.16,-1.6,0.6,100,0
"2026-01-17 19:39:00",140453,"",7999,2026,1,17,19,33,5,0.0002,0.233,0,-363198.1,0.183,0,0.432,6.4,0,0,0,0.005,0.002,13.16,-1.6,0.6,100,0
"2026-01-17 19:42:00",140454,"",7999,2026,1,17,19,33,5,0.0002,0.233,0,-363198.1,0.183,0,0.432,6.4,0,0,0,0.005,0.002,13.16,-1.6,0.6,100,0
"2026-01-17 19:45:00",140455,"",7999,2026,1,17,19,39,5,0.0035,0.594,0.003,-363197.3,0.544,0.002,1.099,6.42,0,0.002,-0.001,0.009,-0.014,13.16,-1.6,0.6,100,0
"2026-01-17 19:48:00",140456,"",7999,2026,1,17,19,39,5,0.0035,0.594,0.003,-363197.3,0.544,0.002,1.099,6.42,0,0.002,-0.001,0.009,-0.014,13.16,-1.6,0.6,100,0
"2026-01-17 19:51:00",140457,"",7999,2026,1,17,19,45,5,0.004,0.588,0.004,-363195.8,0.538,0.002,1.089,6.39,0,0.002,0,-0.016,-0.021,13.16,-1.6,0.6,100,0
"2026-01-17 19:54:00",140458,"",7999,2026,1,17,19,45,5,0.004,0.588,0.004,-363195.8,0.538,0.002,1.089,6.39,0,0.002,0,-0.016,-0.021,13.16,-1.6,0.6,100,0
"2026-01-17 19:57:00",140459,"",7999,2026,1,17,19,51,5,0.0017,0.581,0.002,-363194.9,0.531,0,1.076,6.4,0,0,0,-0.002,0,13.16,-1.6,0.6,100,0
"2026-01-17 20:00:00",140460,"",7999,2026,1,17,19,51,5,0.0017,0.581,0.002,-363194.9,0.531,0,1.076,6.4,0,0,0,-0.002,0,13.16,-1.6,0.6,100,0
"2026-01-17 20:03:00",140461,"",7999,2026,1,17,19,57,5,-0.0029,0.571,-0.003,-363195.4,0.521,-0.002,1.058,6.39,0,-0.002,-0.001,-0.009,-0.019,13.16,-1.6,0.6,100,0
"2026-01-17 20:06:00",140462,"",7999,2026,1,17,19,57,5,-0.0029,0.571,-0.003,-363195.4,0.521,-0.002,1.058,6.39,0,-0.002,-0.001,-0.009,-0.019,13.16,-1.6,0.6,100,0
"2026-01-17 20:09:00",140463,"",7999,2026,1,17,20,3,5,-0.0002,0.567,0,-363195.8,0.517,0,1.049,6.4,0,0,0,-0.016,-0.002,13.16,-1.6,0.6,100,0
"2026-01-17 20:12:00",140464,"",7999,2026,1,17,20,3,5,-0.0002,0.567,0,-363195.8,0.517,0,1.049,6.4,0,0,0,-0.016,-0.002,13.16,-1.6,0.6,100,0
"2026-01-17 20:15:00",140465,"",7999,2026,1,17,20,9,5,-0.0026,0.565,-0.003,-363196.5,0.515,-0.001,1.046,6.43,0,-0.001,-0.001,-0.016,-0.012,13.16,-1.6,0.6,100,0
"2026-01-17 20:18:00",140466,"",7999,2026,1,17,20,9,5,-0.0026,0.565,-0.003,-363196.5,0.515,-0.001,1.046,6.43,0,-0.001,-0.001,-0.016,-0.012,13.16,-1.6,0.6,100,0
"2026-01-17 20:21:00",140467,"",7999,2026,1,17,20,15,5,0,0.152,0,-363196.8,0.102,0,0.282,6.39,0,0,0,0,0,13.16,-1.6,0.6,100,0
"2026-01-17 20:24:00",140468,"",7999,2026,1,17,20,15,5,0,0.152,0,-363196.8,0.102,0,0.282,6.39,0,0,0,0,0,13.16,-1.6,0.6,100,0
"2026-01-17 20:27:00",140469,"",7999,2026,1,17,20,21,5,-0.0012,0.556,-0.001,-363197.1,0.506,-0.001,1.028,6.41,0,-0.001,0.001,-0.021,-0.005,13.16,-1.6,0.6,100,0
"2026-01-17 20:30:00",140470,"",7999,2026,1,17,20,21,5,-0.0012,0.556,-0.001,-363197.1,0.506,-0.001,1.028,6.41,0,-0.001,0.001,-0.021,-0.005,13.16,-1.6,0.6,100,0
"2026-01-17 20:33:00",140471,"",7999,2026,1,17,20,27,5,0.0024,0.536,0.002,-363196.7,0.486,0.001,0.993,6.41,0,0.001,-0.001,-0.002,0,13.16,-1.6,0.6,100,0
"2026-01-17 20:36:00",140472,"",7999,2026,1,17,20,27,5,0.0024,0.536,0.002,-363196.7,0.486,0.001,0.993,6.41,0,0.001,-0.001,-0.002,0,13.16,-1.6,0.6,100,0
"2026-01-17 20:39:00",140473,"",7999,2026,1,17,20,33,5,-0.0006,0.317,-0.001,-363196.5,0.267,-0.001,0.587,6.4,0,-0.001,0.001,0.021,-0.024,13.16,-1.6,0.6,100,0
"2026-01-17 20:42:00",140474,"",7999,2026,1,17,20,33,5,-0.0006,0.317,-0.001,-363196.5,0.267,-0.001,0.587,6.4,0,-0.001,0.001,0.021,-0.024,13.16,-1.6,0.6,100,0
"2026-01-17 20:45:00",140475,"",7999,2026,1,17,20,39,5,-0.0001,0.291,0,-363196.7,0.241,0,0.538,6.47,0,0,0,-0.021,0.002,13.16,-1.6,0.6,100,0
"2026-01-17 20:48:00",140476,"",7999,2026,1,17,20,39,5,-0.0001,0.291,0,-363196.7,0.241,0,0.538,6.47,0,0,0,-0.021,0.002,13.16,-1.6,0.6,100,0
"2026-01-17 20:51:00",140477,"",7999,2026,1,17,20,45,5,0.0013,0.52,0.001,-363196.4,0.47,0.001,0.962,6.47,0,0.001,0.001,-0.014,0,13.16,-1.6,0.6,100,0
"2026-01-17 20:54:00",140478,"",7999,2026,1,17,20,45,5,0.0013,0.52,0.001,-363196.4,0.47,0.001,0.962,6.47,0,0.001,0.001,-0.014,0,13.16,-1.6,0.6,100,0
"2026-01-17 20:57:00",140479,"",7999,2026,1,17,20,51,5,0.0012,0.515,0.001,-363195.9,0.465,0,0.953,6.45,0,0,0,-0.012,0.007,13.16,-1.6,0.6,100,0
"2026-01-17 21:00:00",140480,"",7999,2026,1,17,20,51,5,0.0012,0.515,0.001,-363195.9,0.465,0,0.953,6.45,0,0,0,-0.012,0.007,13.16,-1.6,0.6,100,0
"2026-01-17 21:03:00",140481,"",7999,2026,1,17,20,57,5,-0.0014,0.507,-0.002,-363196.1,0.457,-0.001,0.939,6.49,0,-0.001,-0.001,-0.012,-0.033,13.16,-1.6,0.6,100,0
"2026-01-17 21:06:00",140482,"",7999,2026,1,17,20,57,5,-0.0014,0.507,-0.002,-363196.1,0.457,-0.001,0.939,6.49,0,-0.001,-0.001,-0.012,-0.033,13.16,-1.6,0.6,100,0
"2026-01-17 21:09:00",140483,"",7999,2026,1,17,21,3,5,-0.0007,0.505,-0.001,-363196.4,0.455,0,0.935,6.5,0,0,0,-0.012,0.007,13.16,-1.6,0.6,100,0
"2026-01-17 21:12:00",140484,"",7999,2026,1,17,21,3,5,-0.0007,0.505,-0.001,-363196.4,0.455,0,0.935,6.5,0,0,0,-0.012,0.007,13.16,-1.6,0.6,100,0
"2026-01-17 21:15:00",140485,"",7999,2026,1,17,21,9,5,0.0026,0.497,0.003,-363195.9,0.447,0.002,0.92,6.52,0,0.002,0.001,-0.014,0.007,13.16,-1.6,0.6,100,0
"2026-01-17 21:18:00",140486,"",7999,2026,1,17,21,9,5,0.0026,0.497,0.003,-363195.9,0.447,0.002,0.92,6.52,0,0.002,0.001,-0.014,0.007,13.16,-1.6,0.6,100,0
"2026-01-17 21:21:00",140487,"",7999,2026,1,17,21,15,5,0,0.492,0,-363195.5,0.442,0,0.911,6.5,0,0,0,0,-0.007,13.16,-1.6,0.6,100,0
"2026-01-17 21:24:00",140488,"",7999,2026,1,17,21,15,5,0,0.492,0,-363195.5,0.442,0,0.911,6.5,0,0,0,0,-0.007,13.16,-1.6,0.6,100,0
"2026-01-17 21:27:00",140489,"",7999,2026,1,17,21,21,5,0.0009,0.486,0.001,-363195.3,0.436,0.001,0.9,6.47,0,0.001,0.001,-0.016,0.017,13.16,-1.6,0.6,100,0
"2026-01-17 21:30:00",140490,"",7999,2026,1,17,21,21,5,0.0009,0.486,0.001,-363195.3,0.436,0.001,0.9,6.47,0,0.001,0.001,-0.016,0.017,13.16,-1.6,0.6,100,0
"2026-01-17 21:33:00",140491,"",7999,2026,1,17,21,27,5,0.0012,0.486,0.001,-363194.9,0.436,0.001,0.9,6.46,0,0.001,0.001,-0.007,-0.007,13.16,-1.6,0.6,100,0
"2026-01-17 21:36:00",140492,"",7999,2026,1,17,21,27,5,0.0012,0.486,0.001,-363194.9,0.436,0.001,0.9,6.46,0,0.001,0.001,-0.007,-0.007,13.16,-1.6,0.6,100,0
"2026-01-17 21:39:00",140493,"",7999,2026,1,17,21,33,5,-0.0046,0.481,-0.005,-363195.9,0.431,-0.004,0.891,6.48,0,-0.004,0.001,-0.005,0.012,13.16,-1.6,0.6,100,0
"2026-01-17 21:42:00",140494,"",7999,2026,1,17,21,33,5,-0.0046,0.481,-0.005,-363195.9,0.431,-0.004,0.891,6.48,0,-0.004,0.001,-0.005,0.012,13.16,-1.6,0.6,100,0
"2026-01-17 21:45:00",140495,"",7999,2026,1,17,21,39,5,0.0002,0.475,0,-363196.4,0.425,0.001,0.88,6.46,0,0.001,-0.001,-0.019,-0.005,13.16,-1.6,0.6,100,0
"2026-01-17 21:48:00",140496,"",7999,2026,1,17,21,39,5,0.0002,0.475,0,-363196.4,0.425,0.001,0.88,6.46,0,0.001,-0.001,-0.019,-0.005,13.16,-1.6,0.6,100,0
"2026-01-17 21:51:00",140497,"",7999,2026,1,17,21,45,5,0.0005,0.474,0.001,-363196.2,0.424,0,0.878,6.46,0,0,0,-0.014,0,13.16,-1.6,0.6,100,0
"2026-01-17 21:54:00",140498,"",7999,2026,1,17,21,45,5,0.0005,0.474,0.001,-363196.2,0.424,0,0.878,6.46,0,0,0,-0.014,0,13.16,-1.6,0.6,100,0
"2026-01-17 21:57:00",140499,"",7999,2026,1,17,21,51,5,-0.0005,0.216,-0.001,-363196.3,0.166,-0.002,0.4,6.45,0,-0.002,-0.001,0,0,13.16,-1.6,0.6,100,0
"2026-01-17 22:00:00",140500,"",7999,2026,1,17,21,51,5,-0.0005,0.216,-0.001,-363196.3,0.166,-0.002,0.4,6.45,0,-0.002,-0.001,0,0,13.16,-1.6,0.6,100,0
"2026-01-17 22:03:00",140501,"",7999,2026,1,17,21,57,5,-0.0087,0.468,-0.01,-363198.4,0.418,-0.01,0.866,6.41,0,-0.01,-0.007,-0.021,-0.002,13.16,-1.6,0.6,100,0
"2026-01-17 22:06:00",140502,"",7999,2026,1,17,21,57,5,-0.0087,0.468,-0.01,-363198.4,0.418,-0.01,0.866,6.41,0,-0.01,-0.007,-0.021,-0.002,13.16,-1.6,0.6,100,0
"2026-01-17 22:09:00",140503,"",7999,2026,1,17,22,3,5,0.0006,0.466,0.001,-363199.3,0.416,0.001,0.862,6.46,0,0.001,0.001,-0.014,0.012,13.16,-1.6,0.6,100,0
"2026-01-17 22:12:00",140504,"",7999,2026,1,17,22,3,5,0.0006,0.466,0.001,-363199.3,0.416,0.001,0.862,6.46,0,0.001,0.001,-0.014,0.012,13.16,-1.6,0.6,100,0
"2026-01-17 22:15:00",140505,"",7999,2026,1,17,22,9,5,0,0.464,0,-363199.3,0.414,0,0.859,6.5,0,0,0.001,-0.019,0.005,13.16,-1.6,0.6,100,0
"2026-01-17 22:18:00",140506,"",7999,2026,1,17,22,9,5,0,0.464,0,-363199.3,0.414,0,0.859,6.5,0,0,0.001,-0.019,0.005,13.16,-1.6,0.6,100,0
"2026-01-17 22:21:00",140507,"",7999,2026,1,17,22,15,5,0.0008,0.463,0.001,-363199,0.413,0,0.857,6.52,0,0,0,-0.016,-0.017,13.16,-1.6,0.6,100,0
"2026-01-17 22:24:00",140508,"",7999,2026,1,17,22,15,5,0.0008,0.463,0.001,-363199,0.413,0,0.857,6.52,0,0,0,-0.016,-0.017,13.16,-1.6,0.6,100,0
"2026-01-17 22:27:00",140509,"",7999,2026,1,17,22,21,5,0.0015,0.462,0.002,-363198.6,0.412,0.001,0.855,6.49,0,0.001,0.001,0.002,-0.002,13.16,-1.6,0.6,100,0
"2026-01-17 22:30:00",140510,"",7999,2026,1,17,22,21,5,0.0015,0.462,0.002,-363198.6,0.412,0.001,0.855,6.49,0,0.001,0.001,0.002,-0.002,13.16,-1.6,0.6,100,0
"2026-01-17 22:33:00",140511,"",7999,2026,1,17,22,27,5,-0.0073,0.461,-0.009,-363200.1,0.411,-0.008,0.854,6.47,0,-0.008,-0.004,-0.014,-0.007,13.16,-1.6,0.6,100,0
"2026-01-17 22:36:00",140512,"",7999,2026,1,17,22,27,5,-0.0073,0.461,-0.009,-363200.1,0.411,-0.008,0.854,6.47,0,-0.008,-0.004,-0.014,-0.007,13.16,-1.6,0.6,100,0
"2026-01-17 22:39:00",140513,"",7999,2026,1,17,22,33,5,0.0003,0.176,0.001,-363200.9,0.126,0,0.326,6.45,0,0,0,0,0,13.16,-1.6,0.6,100,0
"2026-01-17 22:42:00",140514,"",7999,2026,1,17,22,33,5,0.0003,0.176,0.001,-363200.9,0.126,0,0.326,6.45,0,0,0,0,0,13.16,-1.6,0.6,100,0
"2026-01-17 22:45:00",140515,"",7999,2026,1,17,22,39,5,-0.0007,0.458,-0.001,-363201.1,0.408,-0.001,0.848,6.47,0,-0.001,-0.001,0.016,-0.005,13.16,-1.6,0.6,100,0
"2026-01-17 22:48:00",140516,"",7999,2026,1,17,22,39,5,-0.0007,0.458,-0.001,-363201.1,0.408,-0.001,0.848,6.47,0,-0.001,-0.001,0.016,-0.005,13.16,-1.6,0.6,100,0
"2026-01-17 22:51:00",140517,"",7999,2026,1,17,22,45,5,0.002,0.457,0.002,-363200.7,0.407,0.001,0.845,6.48,0,0.001,0.001,-0.019,0.017,13.16,-1.6,0.6,100,0
"2026-01-17 22:54:00",140518,"",7999,2026,1,17,22,45,5,0.002,0.457,0.002,-363200.7,0.407,0.001,0.845,6.48,0,0.001,0.001,-0.019,0.017,13.16,-1.6,0.6,100,0
"2026-01-17 22:57:00",140519,"",7999,2026,1,17,22,51,5,0.0003,0.456,0,-363200.3,0.406,0,0.843,6.47,0,0,0,-0.007,0.007,13.16,-1.6,0.6,100,0
"2026-01-17 23:00:00",140520,"",7999,2026,1,17,22,51,5,0.0003,0.456,0,-363200.3,0.406,0,0.843,6.47,0,0,0,-0.007,0.007,13.16,-1.6,0.6,100,0
"2026-01-17 23:03:00",140521,"",7999,2026,1,17,22,57,5,0.0005,0.455,0.001,-363200.2,0.405,0,0.842,6.51,0,0,0,-0.014,0,13.16,-1.6,0.6,100,0
"2026-01-17 23:06:00",140522,"",7999,2026,1,17,22,57,5,0.0005,0.455,0.001,-363200.2,0.405,0,0.842,6.51,0,0,0,-0.014,0,13.16,-1.6,0.6,100,0
"2026-01-17 23:09:00",140523,"",7999,2026,1,17,23,3,5,0.0001,0.454,0,-363200.1,0.404,0.001,0.84,6.53,0,0.001,0.001,-0.023,-0.007,13.16,-1.6,0.6,100,0
"2026-01-17 23:12:00",140524,"",7999,2026,1,17,23,3,5,0.0001,0.454,0,-363200.1,0.404,0.001,0.84,6.53,0,0.001,0.001,-0.023,-0.007,13.16,-1.6,0.6,100,0
"2026-01-17 23:15:00",140525,"",7999,2026,1,17,23,9,5,-0.0022,0.453,-0.003,-363200.6,0.403,-0.001,0.839,6.5,0,-0.001,0.001,0.009,0,13.16,-1.6,0.6,100,0
"2026-01-17 23:18:00",140526,"",7999,2026,1,17,23,9,5,-0.0022,0.453,-0.003,-363200.6,0.403,-0.001,0.839,6.5,0,-0.001,0.001,0.009,0,13.16,-1.6,0.6,100,0
"2026-01-17 23:21:00",140527,"",7999,2026,1,17,23,15,5,-0.0018,0.452,-0.002,-363201.3,0.402,-0.001,0.837,6.5,0,-0.001,0.001,0,-0.017,13.16,-1.6,0.6,100,0
"2026-01-17 23:24:00",140528,"",7999,2026,1,17,23,15,5,-0.0018,0.452,-0.002,-363201.3,0.402,-0.001,0.837,6.5,0,-0.001,0.001,0,-0.017,13.16,-1.6,0.6,100,0
"2026-01-17 23:27:00",140529,"",7999,2026,1,17,23,21,5,0.0016,0.452,0.002,-363201.1,0.402,0.001,0.836,6.52,0,0.001,0.001,0.007,-0.009,13.16,-1.6,0.6,100,0
"2026-01-17 23:30:00",140530,"",7999,2026,1,17,23,21,5,0.0016,0.452,0.002,-363201.1,0.402,0.001,0.836,6.52,0,0.001,0.001,0.007,-0.009,13.16,-1.6,0.6,100,0
"2026-01-17 23:33:00",140531,"",7999,2026,1,17,23,27,5,-0.0008,0.451,-0.001,-363201.1,0.401,-0.001,0.835,6.49,0,-0.001,0.001,-0.005,-0.002,13.16,-1.6,0.6,99,0
"2026-01-17 23:36:00",140532,"",7999,2026,1,17,23,27,5,-0.0008,0.451,-0.001,-363201.1,0.401,-0.001,0.835,6.49,0,-0.001,0.001,-0.005,-0.002,13.16,-1.6,0.6,99,0
"2026-01-17 23:39:00",140533,"",7999,2026,1,17,23,33,5,-0.0016,0.45,-0.002,-363201.6,0.4,-0.001,0.834,6.49,0,-0.001,0.001,0.002,-0.007,13.16,-1.6,0.6,100,0
"2026-01-17 23:42:00",140534,"",7999,2026,1,17,23,33,5,-0.0016,0.45,-0.002,-363201.6,0.4,-0.001,0.834,6.49,0,-0.001,0.001,0.002,-0.007,13.16,-1.6,0.6,100,0
"2026-01-17 23:45:00",140535,"",7999,2026,1,17,23,39,5,-0.0005,0.45,-0.001,-363201.9,0.4,0,0.833,6.51,0,0,0,0,0,13.16,-1.6,0.6,100,0
"2026-01-17 23:48:00",140536,"",7999,2026,1,17,23,39,5,-0.0005,0.45,-0.001,-363201.9,0.4,0,0.833,6.51,0,0,0,0,0,13.16,-1.6,0.6,100,0
"2026-01-17 23:51:00",140537,"",7999,2026,1,17,23,45,5,0,0.45,0,-363202,0.4,0,0.833,6.5,0,0,0.001,-0.009,-0.005,13.16,-1.6,0.6,100,0
"2026-01-17 23:54:00",140538,"",7999,2026,1,17,23,45,5,0,0.45,0,-363202,0.4,0,0.833,6.5,0,0,0.001,-0.009,-0.005,13.16,-1.6,0.6,100,0
"2026-01-17 23:57:00",140539,"",7999,2026,1,17,23,51,5,0.0003,0.45,0,-363201.9,0.4,0,0.833,6.53,0,0,0,-0.002,0.007,13.16,-1.6,0.6,100,0
"2026-01-18 00:00:00",140540,"",7999,2026,1,17,23,51,5,0.0003,0.45,0,-363201.9,0.4,0,0.833,6.53,0,0,0,-0.002,0.007,13.16,-1.6,0.6,100,0
"2026-01-18 00:03:00",140541,"",7999,2026,1,17,23,57,5,-0.0012,0.45,-0.001,-363202.2,0.4,-0.001,0.833,6.53,0,-0.001,0.001,0.002,-0.005,13.16,-1.6,0.6,100,0
"2026-01-18 00:06:00",140542,"",7999,2026,1,17,23,57,5,-0.0012,0.45,-0.001,-363202.2,0.4,-0.001,0.833,6.53,0,-0.001,0.001,0.002,-0.005,13.16,-1.6,0.6,100,0
"2026-01-18 00:09:00",140543,"",7999,2026,1,18,0,3,5,-0.0007,0.451,-0.001,-363202.5,0.401,0,0.834,6.52,0,0,0,0,-0.005,13.16,-1.6,0.6,100,0
"2026-01-18 00:12:00",140544,"",7999,2026,1,18,0,3,5,-0.0007,0.451,-0.001,-363202.5,0.401,0,0.834,6.52,0,0,0,0,-0.005,13.16,-1.6,0.6,100,0
"2026-01-18 00:15:00",140545,"",7999,2026,1,18,0,9,5,-0.0008,0.451,-0.001,-363202.8,0.401,0,0.834,6.52,0,0,0,-0.014,0,13.16,-1.6,0.6,100,0
"2026-01-18 00:18:00",140546,"",7999,2026,1,18,0,9,5,-0.0008,0.451,-0.001,-363202.8,0.401,0,0.834,6.52,0,0,0,-0.014,0,13.16,-1.6,0.6,100,0
"2026-01-18 00:21:00",140547,"",7999,2026,1,18,0,15,5,-0.0003,0.451,0,-363202.9,0.401,0,0.836,6.52,0,0,0,-0.009,0.017,13.16,-1.7,0.6,100,0
"2026-01-18 00:24:00",140548,"",7999,2026,1,18,0,15,5,-0.0003,0.451,0,-363202.9,0.401,0,0.836,6.52,0,0,0,-0.009,0.017,13.16,-1.7,0.6,100,0
"2026-01-18 00:27:00",140549,"",7999,2026,1,18,0,21,5,0.0006,0.289,0.001,-363202.8,0.239,0,0.535,6.52,0,0,0,-0.007,0.026,13.16,-1.6,0.6,100,0
"2026-01-18 00:30:00",140550,"",7999,2026,1,18,0,21,5,0.0006,0.289,0.001,-363202.8,0.239,0,0.535,6.52,0,0,0,-0.007,0.026,13.16,-1.6,0.6,100,0
"2026-01-18 00:33:00",140551,"",7999,2026,1,18,0,27,5,-0.0004,0.454,-0.001,-363202.9,0.404,-0.001,0.84,6.53,0,-0.001,-0.001,0,0.012,13.16,-1.6,0.6,100,0
"2026-01-18 00:36:00",140552,"",7999,2026,1,18,0,27,5,-0.0004,0.454,-0.001,-363202.9,0.404,-0.001,0.84,6.53,0,-0.001,-0.001,0,0.012,13.16,-1.6,0.6,100,0
"2026-01-18 00:39:00",140553,"",7999,2026,1,18,0,33,5,-0.0008,0.454,-0.001,-363203.1,0.404,0,0.841,6.54,0,0,0,0.019,-0.024,13.16,-1.6,0.6,100,0
"2026-01-18 00:42:00",140554,"",7999,2026,1,18,0,33,5,-0.0008,0.454,-0.001,-363203.1,0.404,0,0.841,6.54,0,0,0,0.019,-0.024,13.16,-1.6,0.6,100,0
"2026-01-18 00:45:00",140555,"",7999,2026,1,18,0,39,5,0.0004,0.192,0.001,-363203.1,0.142,0,0.355,6.54,0,0,0,0,0,13.16,-1.6,0.6,100,0
"2026-01-18 00:48:00",140556,"",7999,2026,1,18,0,39,5,0.0004,0.192,0.001,-363203.1,0.142,0,0.355,6.54,0,0,0,0,0,13.16,-1.6,0.6,100,0
"2026-01-18 00:51:00",140557,"",7999,2026,1,18,0,45,5,0.0019,0.455,0.002,-363202.6,0.405,0.001,0.842,6.56,0,0.001,0.001,0,0.007,13.16,-1.6,0.6,100,0
"2026-01-18 00:54:00",140558,"",7999,2026,1,18,0,45,5,0.0019,0.455,0.002,-363202.6,0.405,0.001,0.842,6.56,0,0.001,0.001,0,0.007,13.16,-1.6,0.6,100,0
"2026-01-18 00:57:00",140559,"",7999,2026,1,18,0,51,5,0.0013,0.457,0.002,-363202,0.407,0.001,0.847,6.55,0,0.001,0.001,0.009,0,13.16,-1.6,0.6,100,0
"2026-01-18 01:00:00",140560,"",7999,2026,1,18,0,51,5,0.0013,0.457,0.002,-363202,0.407,0.001,0.847,6.55,0,0.001,0.001,0.009,0,13.16,-1.6,0.6,100,0
"2026-01-18 01:03:00",140561,"",7999,2026,1,18,0,57,5,0.0007,0.459,0.001,-363201.7,0.409,0,0.849,6.52,0,0,0,-0.012,0,13.16,-1.6,0.6,100,0
"2026-01-18 01:06:00",140562,"",7999,2026,1,18,0,57,5,0.0007,0.459,0.001,-363201.7,0.409,0,0.849,6.52,0,0,0,-0.012,0,13.16,-1.6,0.6,100,0
"2026-01-18 01:09:00",140563,"",7999,2026,1,18,1,3,5,-0.0004,0.459,-0.001,-363201.7,0.409,0,0.849,6.49,0,0,0,-0.009,-0.002,13.16,-1.7,0.6,100,0
"2026-01-18 01:12:00",140564,"",7999,2026,1,18,1,3,5,-0.0004,0.459,-0.001,-363201.7,0.409,0,0.849,6.49,0,0,0,-0.009,-0.002,13.16,-1.7,0.6,100,0
"2026-01-18 01:15:00",140565,"",7999,2026,1,18,1,9,5,0.0027,0.458,0.003,-363201.1,0.408,0.004,0.847,6.49,0,0.004,0.002,-0.019,0.007,13.16,-1.7,0.6,100,0
"2026-01-18 01:18:00",140566,"",7999,2026,1,18,1,9,5,0.0027,0.458,0.003,-363201.1,0.408,0.004,0.847,6.49,0,0.004,0.002,-0.019,0.007,13.16,-1.7,0.6,100,0
"2026-01-18 01:21:00",140567,"",7999,2026,1,18,1,15,5,-0.0025,0.457,-0.003,-363201.4,0.407,-0.001,0.845,6.51,0,-0.001,-0.001,-0.002,-0.012,13.16,-1.7,0.6,100,0
"2026-01-18 01:24:00",140568,"",7999,2026,1,18,1,15,5,-0.0025,0.457,-0.003,-363201.4,0.407,-0.001,0.845,6.51,0,-0.001,-0.001,-0.002,-0.012,13.16,-1.7,0.6,100,0
"2026-01-18 01:27:00",140569,"",7999,2026,1,18,1,21,5,-0.0036,0.459,-0.004,-363202.6,0.409,-0.004,0.849,6.53,0,-0.004,-0.003,-0.023,-0.026,13.16,-1.7,0.6,100,0
"2026-01-18 01:30:00",140570,"",7999,2026,1,18,1,21,5,-0.0036,0.459,-0.004,-363202.6,0.409,-0.004,0.849,6.53,0,-0.004,-0.003,-0.023,-0.026,13.16,-1.7,0.6,100,0
"2026-01-18 01:33:00",140571,"",7999,2026,1,18,1,27,5,-0.0002,0.467,0,-363203.1,0.417,0,0.864,6.53,0,0,0,-0.009,0,13.16,-1.7,0.6,100,0
"2026-01-18 01:36:00",140572,"",7999,2026,1,18,1,27,5,-0.0002,0.467,0,-363203.1,0.417,0,0.864,6.53,0,0,0,-0.009,0,13.16,-1.7,0.6,100,0
"2026-01-18 01:39:00",140573,"",7999,2026,1,18,1,33,5,0.0003,0.473,0,-363203,0.423,0,0.875,6.53,0,0,0,0.014,-0.009,13.16,-1.6,0.6,100,0
"2026-01-18 01:42:00",140574,"",7999,2026,1,18,1,33,5,0.0003,0.473,0,-363203,0.423,0,0.875,6.53,0,0,0,0.014,-0.009,13.16,-1.6,0.6,100,0
"2026-01-18 01:45:00",140575,"",7999,2026,1,18,1,39,5,0.0005,0.471,0.001,-363202.8,0.421,0,0.872,6.51,0,0,0,-0.021,-0.007,13.16,-1.6,0.6,100,0
"2026-01-18 01:48:00",140576,"",7999,2026,1,18,1,39,5,0.0005,0.471,0.001,-363202.8,0.421,0,0.872,6.51,0,0,0,-0.021,-0.007,13.16,-1.6,0.6,100,0
"2026-01-18 01:51:00",140577,"",7999,2026,1,18,1,45,5,-0.0019,0.47,-0.002,-363203.2,0.42,-0.002,0.87,6.52,0,-0.002,0.001,-0.033,-0.019,13.16,-1.7,0.6,100,0
"2026-01-18 01:54:00",140578,"",7999,2026,1,18,1,45,5,-0.0019,0.47,-0.002,-363203.2,0.42,-0.002,0.87,6.52,0,-0.002,0.001,-0.033,-0.019,13.16,-1.7,0.6,100,0
"2026-01-18 01:57:00",140579,"",7999,2026,1,18,1,51,5,0.0007,0.477,0.001,-363203.3,0.427,0,0.883,6.54,0,0,0,-0.012,0,13.16,-1.6,0.6,100,0
"2026-01-18 02:00:00",140580,"",7999,2026,1,18,1,51,5,0.0007,0.477,0.001,-363203.3,0.427,0,0.883,6.54,0,0,0,-0.012,0,13.16,-1.6,0.6,100,0
"2026-01-18 02:03:00",140581,"",7999,2026,1,18,1,57,5,-0.0017,0.493,-0.002,-363203.6,0.443,-0.001,0.913,6.48,0,-0.001,0.001,-0.028,-0.005,13.16,-1.6,0.6,100,0
"2026-01-18 02:06:00",140582,"",7999,2026,1,18,1,57,5,-0.0017,0.493,-0.002,-363203.6,0.443,-0.001,0.913,6.48,0,-0.001,0.001,-0.028,-0.005,13.16,-1.6,0.6,100,0
"2026-01-18 02:09:00",140583,"",7999,2026,1,18,2,3,5,0.0006,0.51,0.001,-363203.6,0.46,0,0.944,6.44,0,0,0,-0.023,-0.002,13.16,-1.6,0.6,100,0
"2026-01-18 02:12:00",140584,"",7999,2026,1,18,2,3,5,0.0006,0.51,0.001,-363203.6,0.46,0,0.944,6.44,0,0,0,-0.023,-0.002,13.16,-1.6,0.6,100,0
"2026-01-18 02:15:00",140585,"",7999,2026,1,18,2,9,5,-0.0007,0.518,-0.001,-363203.7,0.468,0,0.959,6.46,0,0,0,-0.002,-0.019,13.16,-1.6,0.6,100,0
"2026-01-18 02:18:00",140586,"",7999,2026,1,18,2,9,5,-0.0007,0.518,-0.001,-363203.7,0.468,0,0.959,6.46,0,0,0,-0.002,-0.019,13.16,-1.6,0.6,100,0
"2026-01-18 02:21:00",140587,"",7999,2026,1,18,2,15,5,0,0.522,0,-363203.8,0.472,0,0.967,6.47,0,0,0,-0.028,-0.017,13.16,-1.6,0.6,100,0
"2026-01-18 02:24:00",140588,"",7999,2026,1,18,2,15,5,0,0.522,0,-363203.8,0.472,0,0.967,6.47,0,0,0,-0.028,-0.017,13.16,-1.6,0.6,100,0
"2026-01-18 02:27:00",140589,"",7999,2026,1,18,2,21,5,0.0004,0.528,0,-363203.7,0.478,0,0.978,6.5,0,0,0.003,-0.012,-0.019,13.16,-1.6,0.6,100,0
"2026-01-18 02:30:00",140590,"",7999,2026,1,18,2,21,5,0.0004,0.528,0,-363203.7,0.478,0,0.978,6.5,0,0,0.003,-0.012,-0.019,13.16,-1.6,0.6,100,0
"2026-01-18 02:33:00",140591,"",7999,2026,1,18,2,27,5,-0.0008,0.536,-0.001,-363203.9,0.486,0,0.992,6.5,0,0,0,-0.023,-0.017,13.16,-1.6,0.6,100,0
"2026-01-18 02:36:00",140592,"",7999,2026,1,18,2,27,5,-0.0008,0.536,-0.001,-363203.9,0.486,0,0.992,6.5,0,0,0,-0.023,-0.017,13.16,-1.6,0.6,100,0
"2026-01-18 02:39:00",140593,"",7999,2026,1,18,2,33,5,-0.0062,0.536,-0.006,-363205.5,0.486,-0.005,0.991,6.47,0,-0.005,0.002,-0.023,-0.031,13.16,-1.6,0.6,100,0
"2026-01-18 02:42:00",140594,"",7999,2026,1,18,2,33,5,-0.0062,0.536,-0.006,-363205.5,0.486,-0.005,0.991,6.47,0,-0.005,0.002,-0.023,-0.031,13.16,-1.6,0.6,100,0
"2026-01-18 02:45:00",140595,"",7999,2026,1,18,2,39,5,-0.0039,0.531,-0.004,-363207.2,0.481,-0.004,0.982,6.48,0,-0.004,-0.001,-0.016,-0.007,13.16,-1.6,0.6,100,0
"2026-01-18 02:48:00",140596,"",7999,2026,1,18,2,39,5,-0.0039,0.531,-0.004,-363207.2,0.481,-0.004,0.982,6.48,0,-0.004,-0.001,-0.016,-0.007,13.16,-1.6,0.6,100,0
"2026-01-18 02:51:00",140597,"",7999,2026,1,18,2,45,5,0,0.521,0,-363207.6,0.471,0,0.964,6.48,0,0,0,-0.007,-0.002,13.16,-1.6,0.6,100,0
"2026-01-18 02:54:00",140598,"",7999,2026,1,18,2,45,5,0,0.521,0,-363207.6,0.471,0,0.964,6.48,0,0,0,-0.007,-0.002,13.16,-1.6,0.6,100,0
"2026-01-18 02:57:00",140599,"",7999,2026,1,18,2,51,5,0.0029,0.517,0.003,-363206.9,0.467,0.002,0.957,6.49,0,0.002,0.001,-0.016,-0.007,13.16,-1.6,0.6,100,0
"2026-01-18 03:00:00",140600,"",7999,2026,1,18,2,51,5,0.0029,0.517,0.003,-363206.9,0.467,0.002,0.957,6.49,0,0.002,0.001,-0.016,-0.007,13.16,-1.6,0.6,100,0
"2026-01-18 03:03:00",140601,"",7999,2026,1,18,2,57,5,0.0024,0.524,0.002,-363206,0.474,0.001,0.97,6.48,0,0.001,0.001,-0.021,-0.005,13.16,-1.6,0.6,100,0
"2026-01-18 03:06:00",140602,"",7999,2026,1,18,2,57,5,0.0024,0.524,0.002,-363206,0.474,0.001,0.97,6.48,0,0.001,0.001,-0.021,-0.005,13.16,-1.6,0.6,100,0
"2026-01-18 03:09:00",140603,"",7999,2026,1,18,3,3,5,-0.0003,0.525,0,-363205.8,0.475,0,0.972,6.46,0,0,0,-0.019,0,13.16,-1.6,0.6,100,0
"2026-01-18 03:12:00",140604,"",7999,2026,1,18,3,3,5,-0.0003,0.525,0,-363205.8,0.475,0,0.972,6.46,0,0,0,-0.019,0,13.16,-1.6,0.6,100,0
"2026-01-18 03:15:00",140605,"",7999,2026,1,18,3,9,5,-0.0026,0.519,-0.003,-363206.4,0.469,-0.002,0.96,6.45,0,-0.002,-0.001,-0.009,-0.012,13.16,-1.6,0.6,100,0
"2026-01-18 03:18:00",140606,"",7999,2026,1,18,3,9,5,-0.0026,0.519,-0.003,-363206.4,0.469,-0.002,0.96,6.45,0,-0.002,-0.001,-0.009,-0.012,13.16,-1.6,0.6,100,0
"2026-01-18 03:21:00",140607,"",7999,2026,1,18,3,15,5,-0.0012,0.508,-0.001,-363207.1,0.458,-0.001,0.94,6.48,0,-0.001,0.001,-0.009,-0.014,13.16,-1.6,0.6,100,0
"2026-01-18 03:24:00",140608,"",7999,2026,1,18,3,15,5,-0.0012,0.508,-0.001,-363207.1,0.458,-0.001,0.94,6.48,0,-0.001,0.001,-0.009,-0.014,13.16,-1.6,0.6,100,0
"2026-01-18 03:27:00",140609,"",7999,2026,1,18,3,21,5,-0.001,0.499,-0.001,-363207.5,0.449,0,0.924,6.48,0,0,0,-0.016,-0.002,13.16,-1.6,0.6,100,0
"2026-01-18 03:30:00",140610,"",7999,2026,1,18,3,21,5,-0.001,0.499,-0.001,-363207.5,0.449,0,0.924,6.48,0,0,0,-0.016,-0.002,13.16,-1.6,0.6,100,0
"2026-01-18 03:33:00",140611,"",7999,2026,1,18,3,27,5,0.0015,0.499,0.002,-363207.2,0.449,0.002,0.924,6.49,0,0.002,-0.001,-0.03,-0.005,13.16,-1.6,0.6,100,0
"2026-01-18 03:36:00",140612,"",7999,2026,1,18,3,27,5,0.0015,0.499,0.002,-363207.2,0.449,0.002,0.924,6.49,0,0.002,-0.001,-0.03,-0.005,13.16,-1.6,0.6,100,0
"2026-01-18 03:39:00",140613,"",7999,2026,1,18,3,33,5,-0.0004,0.505,0,-363207.1,0.455,0,0.935,6.51,0,0,0.001,-0.028,0.007,13.16,-1.6,0.6,100,0
"2026-01-18 03:42:00",140614,"",7999,2026,1,18,3,33,5,-0.0004,0.505,0,-363207.1,0.455,0,0.935,6.51,0,0,0.001,-0.028,0.007,13.16,-1.6,0.6,100,0
"2026-01-18 03:45:00",140615,"",7999,2026,1,18,3,39,5,-0.0001,0.507,0,-363207.2,0.457,0,0.938,6.52,0,0,0,-0.016,-0.012,13.16,-1.6,0.6,100,0
"2026-01-18 03:48:00",140616,"",7999,2026,1,18,3,39,5,-0.0001,0.507,0,-363207.2,0.457,0,0.938,6.52,0,0,0,-0.016,-0.012,13.16,-1.6,0.6,100,0
"2026-01-18 03:51:00",140617,"",7999,2026,1,18,3,45,5,0.0007,0.506,0.001,-363207,0.456,0,0.937,6.51,0,0,0,-0.009,-0.017,13.16,-1.6,0.6,100,0
"2026-01-18 03:54:00",140618,"",7999,2026,1,18,3,45,5,0.0007,0.506,0.001,-363207,0.456,0,0.937,6.51,0,0,0,-0.009,-0.017,13.16,-1.6,0.6,100,0
"2026-01-18 03:57:00",140619,"",7999,2026,1,18,3,51,5,-0.0002,0.509,0,-363207,0.459,0,0.943,6.54,0,0,0,-0.028,0.019,13.16,-1.6,0.6,100,0
"2026-01-18 04:00:00",140620,"",7999,2026,1,18,3,51,5,-0.0002,0.509,0,-363207,0.459,0,0.943,6.54,0,0,0,-0.028,0.019,13.16,-1.6,0.6,100,0
"2026-01-18 04:03:00",140621,"",7999,2026,1,18,3,57,5,-0.0012,0.518,-0.001,-363207.3,0.468,0,0.959,6.54,0,0,0,-0.021,-0.007,13.16,-1.6,0.6,100,0
"2026-01-18 04:06:00",140622,"",7999,2026,1,18,3,57,5,-0.0012,0.518,-0.001,-363207.3,0.468,0,0.959,6.54,0,0,0,-0.021,-0.007,13.16,-1.6,0.6,100,0
"2026-01-18 04:09:00",140623,"",7999,2026,1,18,4,3,5,-0.001,0.529,-0.001,-363207.8,0.479,0,0.978,6.5,0,0,0,-0.026,-0.031,13.16,-1.6,0.6,100,0
"2026-01-18 04:12:00",140624,"",7999,2026,1,18,4,3,5,-0.001,0.529,-0.001,-363207.8,0.479,0,0.978,6.5,0,0,0,-0.026,-0.031,13.16,-1.6,0.6,100,0
"2026-01-18 04:15:00",140625,"",7999,2026,1,18,4,9,5,0.0013,0.536,0.001,-363207.6,0.486,0.001,0.993,6.51,0,0.001,-0.001,-0.016,-0.012,13.16,-1.6,0.6,100,0
"2026-01-18 04:18:00",140626,"",7999,2026,1,18,4,9,5,0.0013,0.536,0.001,-363207.6,0.486,0.001,0.993,6.51,0,0.001,-0.001,-0.016,-0.012,13.16,-1.6,0.6,100,0
"2026-01-18 04:21:00",140627,"",7999,2026,1,18,4,15,5,0.0034,0.533,0.004,-363206.6,0.483,0.002,0.986,6.52,0,0.002,0.001,-0.037,-0.026,13.16,-1.6,0.6,100,0
"2026-01-18 04:24:00",140628,"",7999,2026,1,18,4,15,5,0.0034,0.533,0.004,-363206.6,0.483,0.002,0.986,6.52,0,0.002,0.001,-0.037,-0.026,13.16,-1.6,0.6,100,0
"2026-01-18 04:27:00",140629,"",7999,2026,1,18,4,21,5,0.0007,0.534,0.001,-363206,0.484,0.001,0.988,6.56,0,0.001,0.001,-0.021,-0.007,13.16,-1.6,0.6,100,0
"2026-01-18 04:30:00",140630,"",7999,2026,1,18,4,21,5,0.0007,0.534,0.001,-363206,0.484,0.001,0.988,6.56,0,0.001,0.001,-0.021,-0.007,13.16,-1.6,0.6,100,0
"2026-01-18 04:33:00",140631,"",7999,2026,1,18,4,27,5,0.0056,0.541,0.006,-363204.5,0.491,0.006,1.001,6.54,0,0.006,0.003,-0.019,-0.012,13.16,-1.6,0.6,100,0
"2026-01-18 04:36:00",140632,"",7999,2026,1,18,4,27,5,0.0056,0.541,0.006,-363204.5,0.491,0.006,1.001,6.54,0,0.006,0.003,-0.019,-0.012,13.16,-1.6,0.6,100,0
"2026-01-18 04:39:00",140633,"",7999,2026,1,18,4,33,5,0.0012,0.541,0.001,-363203.5,0.491,0.001,1.001,6.53,0,0.001,0.001,-0.014,-0.009,13.16,-1.6,0.6,100,0
"2026-01-18 04:42:00",140634,"",7999,2026,1,18,4,33,5,0.0012,0.541,0.001,-363203.5,0.491,0.001,1.001,6.53,0,0.001,0.001,-0.014,-0.009,13.16,-1.6,0.6,100,0
"2026-01-18 04:45:00",140635,"",7999,2026,1,18,4,39,5,0.0009,0.532,0.001,-363203.2,0.482,0.001,0.985,6.54,0,0.001,-0.001,-0.016,-0.014,13.16,-1.6,0.6,100,0
"2026-01-18 04:48:00",140636,"",7999,2026,1,18,4,39,5,0.0009,0.532,0.001,-363203.2,0.482,0.001,0.985,6.54,0,0.001,-0.001,-0.016,-0.014,13.16,-1.6,0.6,100,0
"2026-01-18 04:51:00",140637,"",7999,2026,1,18,4,45,5,-0.0031,0.526,-0.003,-363203.8,0.476,-0.002,0.973,6.55,0,-0.002,0.001,-0.009,-0.017,13.16,-1.6,0.6,100,0
"2026-01-18 04:54:00",140638,"",7999,2026,1,18,4,45,5,-0.0031,0.526,-0.003,-363203.8,0.476,-0.002,0.973,6.55,0,-0.002,0.001,-0.009,-0.017,13.16,-1.6,0.6,100,0
"2026-01-18 04:57:00",140639,"",7999,2026,1,18,4,51,5,0.0025,0.522,0.003,-363203.6,0.472,0.002,0.966,6.53,0,0.002,0.001,0,-0.007,13.16,-1.6,0.6,100,0
"2026-01-18 05:00:00",140640,"",7999,2026,1,18,4,51,5,0.0025,0.522,0.003,-363203.6,0.472,0.002,0.966,6.53,0,0.002,0.001,0,-0.007,13.16,-1.6,0.6,100,0
"2026-01-18 05:03:00",140641,"",7999,2026,1,18,4,57,5,0.002,0.52,0.002,-363202.8,0.47,0.001,0.962,6.54,0,0.001,-0.001,-0.026,-0.005,13.16,-1.6,0.6,100,0
"2026-01-18 05:06:00",140642,"",7999,2026,1,18,4,57,5,0.002,0.52,0.002,-363202.8,0.47,0.001,0.962,6.54,0,0.001,-0.001,-0.026,-0.005,13.16,-1.6,0.6,100,0
"2026-01-18 05:09:00",140643,"",7999,2026,1,18,5,3,5,-0.002,0.518,-0.002,-363203.1,0.468,-0.001,0.958,6.55,0,-0.001,0.001,-0.016,-0.012,13.16,-1.6,0.6,100,0
"2026-01-18 05:12:00",140644,"",7999,2026,1,18,5,3,5,-0.002,0.518,-0.002,-363203.1,0.468,-0.001,0.958,6.55,0,-0.001,0.001,-0.016,-0.012,13.16,-1.6,0.6,100,0
"2026-01-18 05:15:00",140645,"",7999,2026,1,18,5,9,5,-0.0005,0.512,-0.001,-363203.4,0.462,0,0.948,6.55,0,0,0,-0.023,0.014,13.16,-1.6,0.6,100,0
"2026-01-18 05:18:00",140646,"",7999,2026,1,18,5,9,5,-0.0005,0.512,-0.001,-363203.4,0.462,0,0.948,6.55,0,0,0,-0.023,0.014,13.16,-1.6,0.6,100,0
"2026-01-18 05:21:00",140647,"",7999,2026,1,18,5,15,5,0.0004,0.506,0,-363203.4,0.456,0.001,0.937,6.56,0,0.001,0.001,0,-0.024,13.16,-1.6,0.6,100,0
"2026-01-18 05:24:00",140648,"",7999,2026,1,18,5,15,5,0.0004,0.506,0,-363203.4,0.456,0.001,0.937,6.56,0,0.001,0.001,0,-0.024,13.16,-1.6,0.6,100,0
"2026-01-18 05:27:00",140649,"",7999,2026,1,18,5,21,5,-0.0006,0.501,-0.001,-363203.5,0.451,0,0.928,6.55,0,0,0,-0.019,-0.009,13.16,-1.6,0.6,100,0
"2026-01-18 05:30:00",140650,"",7999,2026,1,18,5,21,5,-0.0006,0.501,-0.001,-363203.5,0.451,0,0.928,6.55,0,0,0,-0.019,-0.009,13.16,-1.6,0.6,100,0
"2026-01-18 05:33:00",140651,"",7999,2026,1,18,5,27,5,-0.0006,0.498,-0.001,-363203.8,0.448,0,0.921,6.54,0,0,0,-0.007,-0.012,13.16,-1.7,0.6,100,0
"2026-01-18 05:36:00",140652,"",7999,2026,1,18,5,27,5,-0.0006,0.498,-0.001,-363203.8,0.448,0,0.921,6.54,0,0,0,-0.007,-0.012,13.16,-1.7,0.6,100,0
"2026-01-18 05:39:00",140653,"",7999,2026,1,18,5,33,5,-0.0001,0.493,0,-363203.9,0.443,0,0.913,6.58,0,0,0,-0.002,-0.024,13.16,-1.7,0.6,100,0
"2026-01-18 05:42:00",140654,"",7999,2026,1,18,5,33,5,-0.0001,0.493,0,-363203.9,0.443,0,0.913,6.58,0,0,0,-0.002,-0.024,13.16,-1.7,0.6,100,0
"2026-01-18 05:45:00",140655,"",7999,2026,1,18,5,39,5,-0.0008,0.488,-0.001,-363204.1,0.438,0,0.904,6.6,0,0,0,-0.007,-0.014,13.16,-1.7,0.6,100,0
"2026-01-18 05:48:00",140656,"",7999,2026,1,18,5,39,5,-0.0008,0.488,-0.001,-363204.1,0.438,0,0.904,6.6,0,0,0,-0.007,-0.014,13.16,-1.7,0.6,100,0
"2026-01-18 05:51:00",140657,"",7999,2026,1,18,5,45,5,-0.0009,0.486,-0.001,-363204.4,0.436,0,0.899,6.55,0,0,0,-0.019,-0.019,13.16,-1.7,0.6,100,0
"2026-01-18 05:54:00",140658,"",7999,2026,1,18,5,45,5,-0.0009,0.486,-0.001,-363204.4,0.436,0,0.899,6.55,0,0,0,-0.019,-0.019,13.16,-1.7,0.6,100,0
"2026-01-18 05:57:00",140659,"",7999,2026,1,18,5,51,5,0.0011,0.489,0.001,-363204.3,0.439,0.001,0.904,6.58,0,0.001,-0.001,-0.019,-0.002,13.16,-1.7,0.6,100,0
"2026-01-18 06:00:00",140660,"",7999,2026,1,18,5,51,5,0.0011,0.489,0.001,-363204.3,0.439,0.001,0.904,6.58,0,0.001,-0.001,-0.019,-0.002,13.16,-1.7,0.6,100,0
"2026-01-18 06:03:00",140661,"",7999,2026,1,18,5,57,5,0.0029,0.487,0.003,-363203.4,0.437,0.002,0.901,6.56,0,0.002,0,0.002,-0.002,13.16,-1.7,0.6,100,0
"2026-01-18 06:06:00",140662,"",7999,2026,1,18,5,57,5,0.0029,0.487,0.003,-363203.4,0.437,0.002,0.901,6.56,0,0.002,0,0.002,-0.002,13.16,-1.7,0.6,100,0
"2026-01-18 06:09:00",140663,"",7999,2026,1,18,6,3,5,0.0063,0.484,0.007,-363201.6,0.434,0.006,0.896,6.51,0,0.006,0.003,0.005,-0.021,13.16,-1.7,0.6,100,0
"2026-01-18 06:12:00",140664,"",7999,2026,1,18,6,3,5,0.0063,0.484,0.007,-363201.6,0.434,0.006,0.896,6.51,0,0.006,0.003,0.005,-0.021,13.16,-1.7,0.6,100,0
"2026-01-18 06:15:00",140665,"",7999,2026,1,18,6,9,5,-0.0017,0.479,-0.002,-363201.2,0.429,-0.001,0.887,6.5,0,-0.001,0.001,-0.016,-0.014,13.16,-1.7,0.6,100,0
"2026-01-18 06:18:00",140666,"",7999,2026,1,18,6,9,5,-0.0017,0.479,-0.002,-363201.2,0.429,-0.001,0.887,6.5,0,-0.001,0.001,-0.016,-0.014,13.16,-1.7,0.6,100,0
"2026-01-18 06:21:00",140667,"",7999,2026,1,18,6,15,5,-0.0014,0.474,-0.002,-363201.8,0.424,0,0.878,6.52,0,0,0,0,-0.005,13.16,-1.7,0.6,100,0
"2026-01-18 06:24:00",140668,"",7999,2026,1,18,6,15,5,-0.0014,0.474,-0.002,-363201.8,0.424,0,0.878,6.52,0,0,0,0,-0.005,13.16,-1.7,0.6,100,0
"2026-01-18 06:27:00",140669,"",7999,2026,1,18,6,21,5,-0.0005,0.47,-0.001,-363202.1,0.42,0,0.87,6.5,0,0,0,-0.019,-0.028,13.16,-1.7,0.6,100,0
"2026-01-18 06:30:00",140670,"",7999,2026,1,18,6,21,5,-0.0005,0.47,-0.001,-363202.1,0.42,0,0.87,6.5,0,0,0,-0.019,-0.028,13.16,-1.7,0.6,100,0
"2026-01-18 06:33:00",140671,"",7999,2026,1,18,6,27,5,-0.0011,0.466,-0.001,-363202.4,0.416,0,0.863,6.49,0,0,0,-0.012,-0.014,13.16,-1.7,0.6,100,0
"2026-01-18 06:36:00",140672,"",7999,2026,1,18,6,27,5,-0.0011,0.466,-0.001,-363202.4,0.416,0,0.863,6.49,0,0,0,-0.012,-0.014,13.16,-1.7,0.6,100,0
"2026-01-18 06:39:00",140673,"",7999,2026,1,18,6,33,5,-0.0016,0.463,-0.002,-363202.9,0.413,-0.001,0.857,6.53,0,-0.001,0.001,0,-0.005,13.16,-1.7,0.6,100,0
"2026-01-18 06:42:00",140674,"",7999,2026,1,18,6,33,5,-0.0016,0.463,-0.002,-363202.9,0.413,-0.001,0.857,6.53,0,-0.001,0.001,0,-0.005,13.16,-1.7,0.6,100,0
"2026-01-18 06:45:00",140675,"",7999,2026,1,18,6,39,5,-0.0014,0.459,-0.002,-363203.5,0.409,0,0.85,6.52,0,0,0,-0.009,0.012,13.16,-1.7,0.6,100,0
"2026-01-18 06:48:00",140676,"",7999,2026,1,18,6,39,5,-0.0014,0.459,-0.002,-363203.5,0.409,0,0.85,6.52,0,0,0,-0.009,0.012,13.16,-1.7,0.6,100,0
"2026-01-18 06:51:00",140677,"",7999,2026,1,18,6,45,5,-0.0007,0.457,-0.001,-363203.8,0.407,0,0.845,6.52,0,0,0,0.005,0,13.16,-1.7,0.6,100,0
"2026-01-18 06:54:00",140678,"",7999,2026,1,18,6,45,5,-0.0007,0.457,-0.001,-363203.8,0.407,0,0.845,6.52,0,0,0,0.005,0,13.16,-1.7,0.6,100,0
"2026-01-18 06:57:00",140679,"",7999,2026,1,18,6,51,5,-0.002,0.454,-0.002,-363204.4,0.404,-0.001,0.841,6.54,0,-0.001,-0.001,-0.016,0,13.16,-1.7,0.6,100,0
"2026-01-18 07:00:00",140680,"",7999,2026,1,18,6,51,5,-0.002,0.454,-0.002,-363204.4,0.404,-0.001,0.841,6.54,0,-0.001,-0.001,-0.016,0,13.16,-1.7,0.6,100,0
"2026-01-18 07:03:00",140681,"",7999,2026,1,18,6,57,5,-0.0007,0.452,-0.001,-363204.8,0.402,0,0.837,6.55,0,0,0,0.002,-0.009,13.16,-1.7,0.6,100,0
"2026-01-18 07:06:00",140682,"",7999,2026,1,18,6,57,5,-0.0007,0.452,-0.001,-363204.8,0.402,0,0.837,6.55,0,0,0,0.002,-0.009,13.16,-1.7,0.6,100,0
"2026-01-18 07:09:00",140683,"",7999,2026,1,18,7,3,5,-0.0011,0.451,-0.001,-363205.2,0.401,0,0.834,6.54,0,0,0,-0.014,-0.005,13.16,-1.7,0.6,100,0
"2026-01-18 07:12:00",140684,"",7999,2026,1,18,7,3,5,-0.0011,0.451,-0.001,-363205.2,0.401,0,0.834,6.54,0,0,0,-0.014,-0.005,13.16,-1.7,0.6,100,0
"2026-01-18 07:15:00",140685,"",7999,2026,1,18,7,9,5,-0.0011,0.45,-0.001,-363205.6,0.4,0,0.832,6.5,0,0,0,-0.007,-0.014,13.16,-1.7,0.6,100,0
"2026-01-18 07:18:00",140686,"",7999,2026,1,18,7,9,5,-0.0011,0.45,-0.001,-363205.6,0.4,0,0.832,6.5,0,0,0,-0.007,-0.014,13.16,-1.7,0.6,100,0
"2026-01-18 07:21:00",140687,"",7999,2026,1,18,7,15,5,-0.0012,0.448,-0.002,-363206.1,0.398,-0.001,0.83,6.47,0,-0.001,0.002,-0.005,-0.005,13.16,-1.7,0.6,100,0
"2026-01-18 07:24:00",140688,"",7999,2026,1,18,7,15,5,-0.0012,0.448,-0.002,-363206.1,0.398,-0.001,0.83,6.47,0,-0.001,0.002,-0.005,-0.005,13.16,-1.7,0.6,100,0
"2026-01-18 07:27:00",140689,"",7999,2026,1,18,7,21,5,0.0004,0.448,0.001,-363206.1,0.398,0,0.829,6.46,0,0,0,-0.009,-0.002,13.16,-1.7,0.6,100,0
"2026-01-18 07:30:00",140690,"",7999,2026,1,18,7,21,5,0.0004,0.448,0.001,-363206.1,0.398,0,0.829,6.46,0,0,0,-0.009,-0.002,13.16,-1.7,0.6,100,0
"2026-01-18 07:33:00",140691,"",7999,2026,1,18,7,27,5,0.0009,0.447,0.001,-363205.8,0.397,0,0.828,6.45,0,0,0,-0.019,-0.005,13.16,-1.7,0.6,100,0
"2026-01-18 07:36:00",140692,"",7999,2026,1,18,7,27,5,0.0009,0.447,0.001,-363205.8,0.397,0,0.828,6.45,0,0,0,-0.019,-0.005,13.16,-1.7,0.6,100,0
"2026-01-18 07:39:00",140693,"",7999,2026,1,18,7,33,5,0.0013,0.447,0.002,-363205.4,0.397,0.001,0.827,6.43,0,0.001,-0.001,-0.021,-0.019,13.16,-1.7,0.6,100,0
"2026-01-18 07:42:00",140694,"",7999,2026,1,18,7,33,5,0.0013,0.447,0.002,-363205.4,0.397,0.001,0.827,6.43,0,0.001,-0.001,-0.021,-0.019,13.16,-1.7,0.6,100,0
"2026-01-18 07:45:00",140695,"",7999,2026,1,18,7,39,5,0.001,0.447,0.001,-363205,0.397,0.001,0.828,6.41,0,0.001,0.001,-0.014,-0.014,13.16,-1.7,0.6,100,0
"2026-01-18 07:48:00",140696,"",7999,2026,1,18,7,39,5,0.001,0.447,0.001,-363205,0.397,0.001,0.828,6.41,0,0.001,0.001,-0.014,-0.014,13.16,-1.7,0.6,100,0
"2026-01-18 07:51:00",140697,"",7999,2026,1,18,7,45,5,0.0044,0.446,0.005,-363203.8,0.396,0.005,0.825,6.41,0,0.005,0.002,-0.033,-0.005,13.16,-1.7,0.6,100,0
"2026-01-18 07:54:00",140698,"",7999,2026,1,18,7,45,5,0.0044,0.446,0.005,-363203.8,0.396,0.005,0.825,6.41,0,0.005,0.002,-0.033,-0.005,13.16,-1.7,0.6,100,0
"2026-01-18 07:57:00",140699,"",7999,2026,1,18,7,51,5,-0.0004,0.446,-0.001,-363203.4,0.396,0,0.825,6.42,0,0,0,-0.014,0,13.16,-1.7,0.6,100,0
"2026-01-18 08:00:00",140700,"",7999,2026,1,18,7,51,5,-0.0004,0.446,-0.001,-363203.4,0.396,0,0.825,6.42,0,0,0,-0.014,0,13.16,-1.7,0.6,100,0
"2026-01-18 08:03:00",140701,"",7999,2026,1,18,7,57,5,0.0003,0.445,0,-363203.3,0.395,0,0.824,6.47,0,0,0,-0.03,0,13.16,-1.7,0.6,100,0
"2026-01-18 08:06:00",140702,"",7999,2026,1,18,7,57,5,0.0003,0.445,0,-363203.3,0.395,0,0.824,6.47,0,0,0,-0.03,0,13.16,-1.7,0.6,100,0
"2026-01-18 08:09:00",140703,"",7999,2026,1,18,8,3,5,-0.001,0.445,-0.001,-363203.6,0.395,-0.001,0.823,6.47,0,-0.001,0.001,0.007,-0.012,13.16,-1.7,0.6,100,0
"2026-01-18 08:12:00",140704,"",7999,2026,1,18,8,3,5,-0.001,0.445,-0.001,-363203.6,0.395,-0.001,0.823,6.47,0,-0.001,0.001,0.007,-0.012,13.16,-1.7,0.6,100,0
"2026-01-18 08:15:00",140705,"",7999,2026,1,18,8,9,5,-0.0011,0.445,-0.001,-363204,0.395,0,0.823,6.51,0,0,0,0,0,13.16,-1.7,0.6,100,0
"2026-01-18 08:18:00",140706,"",7999,2026,1,18,8,9,5,-0.0011,0.445,-0.001,-363204,0.395,0,0.823,6.51,0,0,0,0,0,13.16,-1.7,0.6,100,0
"2026-01-18 08:21:00",140707,"",7999,2026,1,18,8,15,5,-0.0002,0.445,0,-363204.2,0.395,0,0.824,6.54,0,0,0,-0.005,0.009,13.16,-1.7,0.6,100,0
"2026-01-18 08:24:00",140708,"",7999,2026,1,18,8,15,5,-0.0002,0.445,0,-363204.2,0.395,0,0.824,6.54,0,0,0,-0.005,0.009,13.16,-1.7,0.6,100,0
"2026-01-18 08:27:00",140709,"",7999,2026,1,18,8,21,5,-0.0009,0.445,-0.001,-363204.4,0.395,0,0.824,6.58,0,0,0,-0.005,-0.002,13.16,-1.7,0.6,100,0
"2026-01-18 08:30:00",140710,"",7999,2026,1,18,8,21,5,-0.0009,0.445,-0.001,-363204.4,0.395,0,0.824,6.58,0,0,0,-0.005,-0.002,13.16,-1.7,0.6,100,0
"2026-01-18 08:33:00",140711,"",7999,2026,1,18,8,27,5,-0.0021,0.445,-0.003,-363205.1,0.395,-0.001,0.824,6.6,0,-0.001,0.001,-0.012,-0.009,13.16,-1.7,0.6,100,0
"2026-01-18 08:36:00",140712,"",7999,2026,1,18,8,27,5,-0.0021,0.445,-0.003,-363205.1,0.395,-0.001,0.824,6.6,0,-0.001,0.001,-0.012,-0.009,13.16,-1.7,0.6,100,0
"2026-01-18 08:39:00",140713,"",7999,2026,1,18,8,33,5,-0.0004,0.445,-0.001,-363205.4,0.395,0,0.824,6.62,0,0,0,-0.012,-0.005,13.16,-1.7,0.6,100,0
"2026-01-18 08:42:00",140714,"",7999,2026,1,18,8,33,5,-0.0004,0.445,-0.001,-363205.4,0.395,0,0.824,6.62,0,0,0,-0.012,-0.005,13.16,-1.7,0.6,100,0
"2026-01-18 08:45:00",140715,"",7999,2026,1,18,8,39,5,-0.0012,0.445,-0.002,-363205.8,0.395,-0.001,0.824,6.64,0,-0.001,0.001,-0.021,-0.002,13.16,-1.7,0.6,100,0
"2026-01-18 08:48:00",140716,"",7999,2026,1,18,8,39,5,-0.0012,0.445,-0.002,-363205.8,0.395,-0.001,0.824,6.64,0,-0.001,0.001,-0.021,-0.002,13.16,-1.7,0.6,100,0
"2026-01-18 08:51:00",140717,"",7999,2026,1,18,8,45,5,-0.0011,0.445,-0.001,-363206.2,0.395,0,0.824,6.64,0,0,0,-0.019,-0.019,13.16,-1.7,0.6,100,0
"2026-01-18 08:54:00",140718,"",7999,2026,1,18,8,45,5,-0.0011,0.445,-0.001,-363206.2,0.395,0,0.824,6.64,0,0,0,-0.019,-0.019,13.16,-1.7,0.6,100,0
"2026-01-18 08:57:00",140719,"",7999,2026,1,18,8,51,5,-0.0033,0.445,-0.004,-363207.1,0.395,-0.002,0.824,6.66,0,-0.002,0.001,-0.021,-0.007,13.16,-1.7,0.6,100,0
"2026-01-18 09:00:00",140720,"",7999,2026,1,18,8,51,5,-0.0033,0.445,-0.004,-363207.1,0.395,-0.002,0.824,6.66,0,-0.002,0.001,-0.021,-0.007,13.16,-1.7,0.6,100,0
"2026-01-18 09:03:00",140721,"",7999,2026,1,18,8,57,5,-0.0022,0.445,-0.003,-363208.1,0.395,-0.002,0.824,6.69,0,-0.002,0,-0.005,0,13.16,-1.7,0.6,100,0
"2026-01-18 09:06:00",140722,"",7999,2026,1,18,8,57,5,-0.0022,0.445,-0.003,-363208.1,0.395,-0.002,0.824,6.69,0,-0.002,0,-0.005,0,13.16,-1.7,0.6,100,0
"2026-01-18 09:09:00",140723,"",7999,2026,1,18,9,3,5,-0.0015,0.445,-0.002,-363208.7,0.395,-0.001,0.823,6.67,0,-0.001,0.001,-0.016,0.009,13.16,-1.7,0.6,100,0
"2026-01-18 09:12:00",140724,"",7999,2026,1,18,9,3,5,-0.0015,0.445,-0.002,-363208.7,0.395,-0.001,0.823,6.67,0,-0.001,0.001,-0.016,0.009,13.16,-1.7,0.6,100,0
"2026-01-18 09:15:00",140725,"",7999,2026,1,18,9,9,5,-0.0025,0.445,-0.003,-363209.5,0.395,-0.001,0.824,6.67,0,-0.001,-0.001,-0.021,-0.007,13.16,-1.7,0.6,100,0
"2026-01-18 09:18:00",140726,"",7999,2026,1,18,9,9,5,-0.0025,0.445,-0.003,-363209.5,0.395,-0.001,0.824,6.67,0,-0.001,-0.001,-0.021,-0.007,13.16,-1.7,0.6,100,0
"2026-01-18 09:21:00",140727,"",7999,2026,1,18,9,15,5,0,0.445,0,-363209.8,0.395,0,0.824,6.67,0,0,0,-0.028,-0.012,13.16,-1.7,0.6,100,0
"2026-01-18 09:24:00",140728,"",7999,2026,1,18,9,15,5,0,0.445,0,-363209.8,0.395,0,0.824,6.67,0,0,0,-0.028,-0.012,13.16,-1.7,0.6,100,0
"2026-01-18 09:27:00",140729,"",7999,2026,1,18,9,21,5,-0.0034,0.445,-0.004,-363210.6,0.395,-0.002,0.824,6.71,0,-0.002,0.001,-0.005,0,13.16,-1.7,0.6,100,0
"2026-01-18 09:30:00",140730,"",7999,2026,1,18,9,21,5,-0.0034,0.445,-0.004,-363210.6,0.395,-0.002,0.824,6.71,0,-0.002,0.001,-0.005,0,13.16,-1.7,0.6,100,0
"2026-01-18 09:33:00",140731,"",7999,2026,1,18,9,27,5,-0.0015,0.445,-0.002,-363211.4,0.395,0,0.824,6.7,0,0,0,0.002,-0.007,13.16,-1.7,0.6,100,0
"2026-01-18 09:36:00",140732,"",7999,2026,1,18,9,27,5,-0.0015,0.445,-0.002,-363211.4,0.395,0,0.824,6.7,0,0,0,0.002,-0.007,13.16,-1.7,0.6,100,0
"2026-01-18 09:39:00",140733,"",7999,2026,1,18,9,33,5,-0.0018,0.445,-0.002,-363212,0.395,-0.001,0.824,6.72,0,-0.001,0.001,-0.028,0,13.16,-1.7,0.6,100,0
"2026-01-18 09:42:00",140734,"",7999,2026,1,18,9,33,5,-0.0018,0.445,-0.002,-363212,0.395,-0.001,0.824,6.72,0,-0.001,0.001,-0.028,0,13.16,-1.7,0.6,100,0
"2026-01-18 09:45:00",140735,"",7999,2026,1,18,9,39,5,-0.0016,0.445,-0.002,-363212.7,0.395,-0.001,0.824,6.71,0,-0.001,0.001,-0.023,0.005,13.16,-1.7,0.6,100,0
"2026-01-18 09:48:00",140736,"",7999,2026,1,18,9,39,5,-0.0016,0.445,-0.002,-363212.7,0.395,-0.001,0.824,6.71,0,-0.001,0.001,-0.023,0.005,13.16,-1.7,0.6,100,0
"2026-01-18 09:51:00",140737,"",7999,2026,1,18,9,45,5,-0.0011,0.445,-0.001,-363213.2,0.395,0,0.823,6.71,0,0,0,-0.012,-0.007,13.16,-1.7,0.6,100,0
"2026-01-18 09:54:00",140738,"",7999,2026,1,18,9,45,5,-0.0011,0.445,-0.001,-363213.2,0.395,0,0.823,6.71,0,0,0,-0.012,-0.007,13.16,-1.7,0.6,100,0
"2026-01-18 09:57:00",140739,"",7999,2026,1,18,9,51,5,-0.0016,0.445,-0.002,-363213.7,0.395,-0.001,0.823,6.71,0,-0.001,-0.001,-0.012,-0.005,13.16,-1.7,0.6,100,0
"2026-01-18 10:00:00",140740,"",7999,2026,1,18,9,51,5,-0.0016,0.445,-0.002,-363213.7,0.395,-0.001,0.823,6.71,0,-0.001,-0.001,-0.012,-0.005,13.16,-1.7,0.6,100,0
"2026-01-18 10:03:00",140741,"",7999,2026,1,18,9,57,5,-0.0013,0.444,-0.002,-363214.2,0.394,-0.001,0.823,6.69,0,-0.001,0.001,-0.002,-0.007,13.16,-1.7,0.6,100,0
"2026-01-18 10:06:00",140742,"",7999,2026,1,18,9,57,5,-0.0013,0.444,-0.002,-363214.2,0.394,-0.001,0.823,6.69,0,-0.001,0.001,-0.002,-0.007,13.16,-1.7,0.6,100,0
"2026-01-18 10:09:00",140743,"",7999,2026,1,18,10,3,5,-0.0008,0.445,-0.001,-363214.6,0.395,0,0.823,6.68,0,0,0,-0.014,-0.014,13.16,-1.7,0.6,100,0
"2026-01-18 10:12:00",140744,"",7999,2026,1,18,10,3,5,-0.0008,0.445,-0.001,-363214.6,0.395,0,0.823,6.68,0,0,0,-0.014,-0.014,13.16,-1.7,0.6,100,0
"2026-01-18 10:15:00",140745,"",7999,2026,1,18,10,9,5,-0.0013,0.445,-0.002,-363215,0.395,0,0.823,6.69,0,0,0,0,-0.012,13.16,-1.7,0.6,100,0
"2026-01-18 10:18:00",140746,"",7999,2026,1,18,10,9,5,-0.0013,0.445,-0.002,-363215,0.395,0,0.823,6.69,0,0,0,0,-0.012,13.16,-1.7,0.6,100,0
"2026-01-18 10:21:00",140747,"",7999,2026,1,18,10,15,5,-0.0019,0.445,-0.002,-363215.6,0.395,-0.001,0.823,6.69,0,-0.001,0.001,-0.009,0.002,13.16,-1.7,0.6,100,0
"2026-01-18 10:24:00",140748,"",7999,2026,1,18,10,15,5,-0.0019,0.445,-0.002,-363215.6,0.395,-0.001,0.823,6.69,0,-0.001,0.001,-0.009,0.002,13.16,-1.7,0.6,100,0
"2026-01-18 10:27:00",140749,"",7999,2026,1,18,10,21,5,-0.0009,0.445,-0.001,-363216.1,0.395,0,0.823,6.67,0,0,0,-0.028,-0.002,13.16,-1.7,0.6,100,0
"2026-01-18 10:30:00",140750,"",7999,2026,1,18,10,21,5,-0.0009,0.445,-0.001,-363216.1,0.395,0,0.823,6.67,0,0,0,-0.028,-0.002,13.16,-1.7,0.6,100,0
"2026-01-18 10:33:00",140751,"",7999,2026,1,18,10,27,5,-0.0001,0.445,0,-363216.2,0.395,0,0.823,6.65,0,0,0,-0.009,-0.007,13.16,-1.7,0.6,100,0
"2026-01-18 10:36:00",140752,"",7999,2026,1,18,10,27,5,-0.0001,0.445,0,-363216.2,0.395,0,0.823,6.65,0,0,0,-0.009,-0.007,13.16,-1.7,0.6,100,0
"2026-01-18 10:39:00",140753,"",7999,2026,1,18,10,33,5,-0.0009,0.445,-0.001,-363216.5,0.395,0,0.823,6.68,0,0,0,-0.014,-0.005,13.16,-1.7,0.6,100,0
"2026-01-18 10:42:00",140754,"",7999,2026,1,18,10,33,5,-0.0009,0.445,-0.001,-363216.5,0.395,0,0.823,6.68,0,0,0,-0.014,-0.005,13.16,-1.7,0.6,100,0
"2026-01-18 10:45:00",140755,"",7999,2026,1,18,10,39,5,-0.0012,0.445,-0.001,-363216.9,0.395,0,0.823,6.69,0,0,0,-0.033,-0.007,13.16,-1.7,0.6,100,0
"2026-01-18 10:48:00",140756,"",7999,2026,1,18,10,39,5,-0.0012,0.445,-0.001,-363216.9,0.395,0,0.823,6.69,0,0,0,-0.033,-0.007,13.16,-1.7,0.6,100,0
"2026-01-18 10:51:00",140757,"",7999,2026,1,18,10,45,5,-0.0008,0.445,-0.001,-363217.2,0.395,0,0.824,6.65,0,0,0,-0.04,-0.014,13.16,-1.7,0.6,100,0
"2026-01-18 10:54:00",140758,"",7999,2026,1,18,10,45,5,-0.0008,0.445,-0.001,-363217.2,0.395,0,0.824,6.65,0,0,0,-0.04,-0.014,13.16,-1.7,0.6,100,0
"2026-01-18 10:57:00",140759,"",7999,2026,1,18,10,51,5,-0.0009,0.445,-0.001,-363217.6,0.395,0,0.824,6.68,0,0,0,-0.026,-0.017,13.16,-1.7,0.6,100,0
"2026-01-18 11:00:00",140760,"",7999,2026,1,18,10,51,5,-0.0009,0.445,-0.001,-363217.6,0.395,0,0.824,6.68,0,0,0,-0.026,-0.017,13.16,-1.7,0.6,100,0
"2026-01-18 11:03:00",140761,"",7999,2026,1,18,10,57,5,-0.0018,0.445,-0.002,-363218.1,0.395,-0.001,0.824,6.65,0,-0.001,0.001,-0.04,-0.012,13.16,-1.7,0.6,100,0
"2026-01-18 11:06:00",140762,"",7999,2026,1,18,10,57,5,-0.0018,0.445,-0.002,-363218.1,0.395,-0.001,0.824,6.65,0,-0.001,0.001,-0.04,-0.012,13.16,-1.7,0.6,100,0
"2026-01-18 11:09:00",140763,"",7999,2026,1,18,11,3,5,-0.0008,0.445,-0.001,-363218.5,0.395,0,0.823,6.63,0,0,0,-0.026,-0.028,13.16,-1.7,0.6,100,0
"2026-01-18 11:12:00",140764,"",7999,2026,1,18,11,3,5,-0.0008,0.445,-0.001,-363218.5,0.395,0,0.823,6.63,0,0,0,-0.026,-0.028,13.16,-1.7,0.6,100,0
"2026-01-18 11:15:00",140765,"",7999,2026,1,18,11,9,5,-0.0001,0.445,0,-363218.7,0.395,0,0.823,6.63,0,0,0,-0.04,-0.028,13.16,-1.7,0.6,100,0
"2026-01-18 11:18:00",140766,"",7999,2026,1,18,11,9,5,-0.0001,0.445,0,-363218.7,0.395,0,0.823,6.63,0,0,0,-0.04,-0.028,13.16,-1.7,0.6,100,0
"2026-01-18 11:21:00",140767,"",7999,2026,1,18,11,15,5,-0.0004,0.445,-0.001,-363218.8,0.395,0,0.824,6.61,0,0,0,-0.044,-0.005,13.16,-1.7,0.6,100,0
"2026-01-18 11:24:00",140768,"",7999,2026,1,18,11,15,5,-0.0004,0.445,-0.001,-363218.8,0.395,0,0.824,6.61,0,0,0,-0.044,-0.005,13.16,-1.7,0.6,100,0
"2026-01-18 11:27:00",140769,"",7999,2026,1,18,11,21,5,-0.0016,0.445,-0.002,-363219.2,0.395,-0.002,0.824,6.61,0,-0.002,-0.001,-0.049,-0.019,13.16,-1.7,0.6,100,0
"2026-01-18 11:30:00",140770,"",7999,2026,1,18,11,21,5,-0.0016,0.445,-0.002,-363219.2,0.395,-0.002,0.824,6.61,0,-0.002,-0.001,-0.049,-0.019,13.16,-1.7,0.6,100,0
"2026-01-18 11:33:00",140771,"",7999,2026,1,18,11,27,5,-0.0027,0.446,-0.003,-363220.1,0.396,-0.001,0.825,6.63,0,-0.001,-0.001,-0.044,0.002,13.16,-1.7,0.6,100,0
"2026-01-18 11:36:00",140772,"",7999,2026,1,18,11,27,5,-0.0027,0.446,-0.003,-363220.1,0.396,-0.001,0.825,6.63,0,-0.001,-0.001,-0.044,0.002,13.16,-1.7,0.6,100,0
"2026-01-18 11:39:00",140773,"",7999,2026,1,18,11,33,5,0.0004,0.446,0.001,-363220.3,0.396,0.001,0.825,6.64,0,0.001,-0.001,-0.037,-0.024,13.16,-1.7,0.6,100,0
"2026-01-18 11:42:00",140774,"",7999,2026,1,18,11,33,5,0.0004,0.446,0.001,-363220.3,0.396,0.001,0.825,6.64,0,0.001,-0.001,-0.037,-0.024,13.16,-1.7,0.6,100,0
"2026-01-18 11:45:00",140775,"",7999,2026,1,18,11,39,5,-0.0016,0.446,-0.002,-363220.7,0.396,0,0.825,6.62,0,0,0,-0.04,-0.005,13.16,-1.7,0.6,100,0
"2026-01-18 11:48:00",140776,"",7999,2026,1,18,11,39,5,-0.0016,0.446,-0.002,-363220.7,0.396,0,0.825,6.62,0,0,0,-0.04,-0.005,13.16,-1.7,0.6,100,0
"2026-01-18 11:51:00",140777,"",7999,2026,1,18,11,45,5,0.0014,0.446,0.002,-363220.5,0.396,0.001,0.826,6.6,0,0.001,-0.001,-0.033,-0.019,13.16,-1.7,0.6,100,0
"2026-01-18 11:54:00",140778,"",7999,2026,1,18,11,45,5,0.0014,0.446,0.002,-363220.5,0.396,0.001,0.826,6.6,0,0.001,-0.001,-0.033,-0.019,13.16,-1.7,0.6,100,0
"2026-01-18 11:57:00",140779,"",7999,2026,1,18,11,51,5,0.0015,0.448,0.002,-363219.9,0.398,0.001,0.828,6.63,0,0.001,-0.001,-0.042,-0.017,13.16,-1.7,0.6,100,0
"2026-01-18 12:00:00",140780,"",7999,2026,1,18,11,51,5,0.0015,0.448,0.002,-363219.9,0.398,0.001,0.828,6.63,0,0.001,-0.001,-0.042,-0.017,13.16,-1.7,0.6,100,0
"2026-01-18 12:03:00",140781,"",7999,2026,1,18,11,57,5,0.002,0.449,0.002,-363219.3,0.399,0.001,0.832,6.6,0,0.001,-0.001,-0.035,-0.009,13.16,-1.7,0.6,100,0
"2026-01-18 12:06:00",140782,"",7999,2026,1,18,11,57,5,0.002,0.449,0.002,-363219.3,0.399,0.001,0.832,6.6,0,0.001,-0.001,-0.035,-0.009,13.16,-1.7,0.6,100,0
"2026-01-18 12:09:00",140783,"",7999,2026,1,18,12,3,5,0.0007,0.455,0.001,-363218.8,0.405,0.001,0.842,6.63,0,0.001,-0.001,-0.037,-0.031,13.16,-1.7,0.6,100,0
"2026-01-18 12:12:00",140784,"",7999,2026,1,18,12,3,5,0.0007,0.455,0.001,-363218.8,0.405,0.001,0.842,6.63,0,0.001,-0.001,-0.037,-0.031,13.16,-1.7,0.6,100,0
"2026-01-18 12:15:00",140785,"",7999,2026,1,18,12,9,5,0.0008,0.46,0.001,-363218.6,0.41,0,0.851,6.62,0,0,0,-0.033,-0.04,13.16,-1.7,0.6,100,0
"2026-01-18 12:18:00",140786,"",7999,2026,1,18,12,9,5,0.0008,0.46,0.001,-363218.6,0.41,0,0.851,6.62,0,0,0,-0.033,-0.04,13.16,-1.7,0.6,100,0
"2026-01-18 12:21:00",140787,"",7999,2026,1,18,12,15,5,-0.0005,0.465,-0.001,-363218.6,0.415,0,0.86,6.62,0,0,0,-0.019,-0.009,13.16,-1.7,0.6,100,0
"2026-01-18 12:24:00",140788,"",7999,2026,1,18,12,15,5,-0.0005,0.465,-0.001,-363218.6,0.415,0,0.86,6.62,0,0,0,-0.019,-0.009,13.16,-1.7,0.6,100,0
"2026-01-18 12:27:00",140789,"",7999,2026,1,18,12,21,5,-0.0005,0.47,-0.001,-363218.8,0.42,0,0.869,6.66,0,0,0,-0.007,-0.007,13.16,-1.7,0.6,100,0
"2026-01-18 12:30:00",140790,"",7999,2026,1,18,12,21,5,-0.0005,0.47,-0.001,-363218.8,0.42,0,0.869,6.66,0,0,0,-0.007,-0.007,13.16,-1.7,0.6,100,0
"2026-01-18 12:33:00",140791,"",7999,2026,1,18,12,27,5,0.0017,0.479,0.002,-363218.4,0.429,0,0.886,6.66,0,0,0,-0.012,-0.019,13.16,-1.7,0.6,100,0
"2026-01-18 12:36:00",140792,"",7999,2026,1,18,12,27,5,0.0017,0.479,0.002,-363218.4,0.429,0,0.886,6.66,0,0,0,-0.012,-0.019,13.16,-1.7,0.6,100,0
"2026-01-18 12:39:00",140793,"",7999,2026,1,18,12,33,5,0.0024,0.492,0.003,-363217.7,0.442,0.002,0.912,6.61,0,0.002,0.003,-0.014,-0.014,13.16,-1.7,0.6,100,0
"2026-01-18 12:42:00",140794,"",7999,2026,1,18,12,33,5,0.0024,0.492,0.003,-363217.7,0.442,0.002,0.912,6.61,0,0.002,0.003,-0.014,-0.014,13.16,-1.7,0.6,100,0
"2026-01-18 12:45:00",140795,"",7999,2026,1,18,12,39,5,-0.0033,0.506,-0.004,-363218.2,0.456,-0.002,0.937,6.6,0,-0.002,0,-0.012,-0.012,13.16,-1.7,0.5,100,0
"2026-01-18 12:48:00",140796,"",7999,2026,1,18,12,39,5,-0.0033,0.506,-0.004,-363218.2,0.456,-0.002,0.937,6.6,0,-0.002,0,-0.012,-0.012,13.16,-1.7,0.5,100,0
"2026-01-18 12:51:00",140797,"",7999,2026,1,18,12,45,5,-0.0052,0.518,-0.005,-363219.8,0.468,-0.005,0.959,6.61,0,-0.005,0,-0.005,-0.009,13.16,-1.7,0.6,100,0
"2026-01-18 12:54:00",140798,"",7999,2026,1,18,12,45,5,-0.0052,0.518,-0.005,-363219.8,0.468,-0.005,0.959,6.61,0,-0.005,0,-0.005,-0.009,13.16,-1.7,0.6,100,0
"2026-01-18 12:57:00",140799,"",7999,2026,1,18,12,51,5,0.0055,0.528,0.006,-363219.1,0.478,0.006,0.976,6.63,0,0.006,0.003,-0.009,-0.009,13.16,-1.7,0.6,100,0
"2026-01-18 13:00:00",140800,"",7999,2026,1,18,12,51,5,0.0055,0.528,0.006,-363219.1,0.478,0.006,0.976,6.63,0,0.006,0.003,-0.009,-0.009,13.16,-1.7,0.6,100,0
"2026-01-18 13:03:00",140801,"",7999,2026,1,18,12,57,5,0.0002,0.543,0,-363218.4,0.493,0,1.004,6.62,0,0,0,-0.005,-0.002,13.16,-1.7,0.6,100,0
"2026-01-18 13:06:00",140802,"",7999,2026,1,18,12,57,5,0.0002,0.543,0,-363218.4,0.493,0,1.004,6.62,0,0,0,-0.005,-0.002,13.16,-1.7,0.6,100,0
"2026-01-18 13:09:00",140803,"",7999,2026,1,18,13,3,5,-0.002,0.558,-0.002,-363218.9,0.508,-0.002,1.033,6.63,0,-0.002,-0.001,-0.021,-0.002,13.16,-1.7,0.5,100,0
"2026-01-18 13:12:00",140804,"",7999,2026,1,18,13,3,5,-0.002,0.558,-0.002,-363218.9,0.508,-0.002,1.033,6.63,0,-0.002,-0.001,-0.021,-0.002,13.16,-1.7,0.5,100,0
"2026-01-18 13:15:00",140805,"",7999,2026,1,18,13,9,5,-0.0041,0.57,-0.004,-363220.1,0.52,-0.004,1.055,6.62,0,-0.004,-0.002,-0.009,0,13.16,-1.7,0.5,100,0
"2026-01-18 13:18:00",140806,"",7999,2026,1,18,13,9,5,-0.0041,0.57,-0.004,-363220.1,0.52,-0.004,1.055,6.62,0,-0.004,-0.002,-0.009,0,13.16,-1.7,0.5,100,0
"2026-01-18 13:21:00",140807,"",7999,2026,1,18,13,15,5,0.0019,0.579,0.002,-363220.1,0.529,0.001,1.072,6.63,0,0.001,0.001,-0.005,-0.007,13.16,-1.7,0.6,100,0
"2026-01-18 13:24:00",140808,"",7999,2026,1,18,13,15,5,0.0019,0.579,0.002,-363220.1,0.529,0.001,1.072,6.63,0,0.001,0.001,-0.005,-0.007,13.16,-1.7,0.6,100,0
"2026-01-18 13:27:00",140809,"",7999,2026,1,18,13,21,5,0.0006,0.586,0.001,-363219.8,0.536,0,1.085,6.57,0,0,0,0.007,-0.007,13.16,-1.7,0.5,100,0
"2026-01-18 13:30:00",140810,"",7999,2026,1,18,13,21,5,0.0006,0.586,0.001,-363219.8,0.536,0,1.085,6.57,0,0,0,0.007,-0.007,13.16,-1.7,0.5,100,0
"2026-01-18 13:33:00",140811,"",7999,2026,1,18,13,27,5,0.0036,0.595,0.003,-363218.8,0.545,0.001,1.101,6.57,0,0.001,-0.001,0,-0.002,13.16,-1.7,0.5,100,0
"2026-01-18 13:36:00",140812,"",7999,2026,1,18,13,27,5,0.0036,0.595,0.003,-363218.8,0.545,0.001,1.101,6.57,0,0.001,-0.001,0,-0.002,13.16,-1.7,0.5,100,0
"2026-01-18 13:39:00",140813,"",7999,2026,1,18,13,33,5,0.0021,0.607,0.002,-363217.8,0.557,0.002,1.124,6.58,0,0.002,-0.002,-0.016,-0.002,13.16,-1.7,0.5,100,0
"2026-01-18 13:42:00",140814,"",7999,2026,1,18,13,33,5,0.0021,0.607,0.002,-363217.8,0.557,0.002,1.124,6.58,0,0.002,-0.002,-0.016,-0.002,13.16,-1.7,0.5,100,0
"2026-01-18 13:45:00",140815,"",7999,2026,1,18,13,39,5,0.0018,0.616,0.002,-363217.1,0.566,0,1.14,6.54,0,0,0,-0.005,-0.005,13.16,-1.7,0.6,100,0
"2026-01-18 13:48:00",140816,"",7999,2026,1,18,13,39,5,0.0018,0.616,0.002,-363217.1,0.566,0,1.14,6.54,0,0,0,-0.005,-0.005,13.16,-1.7,0.6,100,0
"2026-01-18 13:51:00",140817,"",7999,2026,1,18,13,45,5,0,0.623,0,-363216.9,0.573,0,1.153,6.57,0,0,0,0.002,-0.005,13.16,-1.6,0.5,100,0
"2026-01-18 13:54:00",140818,"",7999,2026,1,18,13,45,5,0,0.623,0,-363216.9,0.573,0,1.153,6.57,0,0,0,0.002,-0.005,13.16,-1.6,0.5,100,0
"2026-01-18 13:57:00",140819,"",7999,2026,1,18,13,51,5,0.0048,0.629,0.004,-363215.8,0.579,0.004,1.164,6.61,0,0.004,0.001,0.016,-0.002,13.16,-1.6,0.6,100,0
"2026-01-18 14:00:00",140820,"",7999,2026,1,18,13,51,5,0.0048,0.629,0.004,-363215.8,0.579,0.004,1.164,6.61,0,0.004,0.001,0.016,-0.002,13.16,-1.6,0.6,100,0
"2026-01-18 14:03:00",140821,"",7999,2026,1,18,13,57,5,0.0003,0.637,0,-363215.1,0.587,0,1.178,6.58,0,0,0,0,0,13.16,-1.6,0.6,100,0
"2026-01-18 14:06:00",140822,"",7999,2026,1,18,13,57,5,0.0003,0.637,0,-363215.1,0.587,0,1.178,6.58,0,0,0,0,0,13.16,-1.6,0.6,100,0
"2026-01-18 14:09:00",140823,"",7999,2026,1,18,14,3,5,0.0016,0.642,0.001,-363214.6,0.592,0,1.188,6.6,0,0,0,-0.002,-0.007,13.16,-1.6,0.5,100,0
"2026-01-18 14:12:00",140824,"",7999,2026,1,18,14,3,5,0.0016,0.642,0.001,-363214.6,0.592,0,1.188,6.6,0,0,0,-0.002,-0.007,13.16,-1.6,0.5,100,0
"2026-01-18 14:15:00",140825,"",7999,2026,1,18,14,9,5,0.0068,0.647,0.006,-363212.8,0.597,0.005,1.198,6.59,0,0.005,0,-0.007,-0.002,13.16,-1.6,0.5,100,0
"2026-01-18 14:18:00",140826,"",7999,2026,1,18,14,9,5,0.0068,0.647,0.006,-363212.8,0.597,0.005,1.198,6.59,0,0.005,0,-0.007,-0.002,13.16,-1.6,0.5,100,0
"2026-01-18 14:21:00",140827,"",7999,2026,1,18,14,15,5,0.007,0.655,0.006,-363210.3,0.605,0.005,1.212,6.56,0,0.005,0.001,-0.002,-0.005,13.16,-1.6,0.6,100,0
"2026-01-18 14:24:00",140828,"",7999,2026,1,18,14,15,5,0.007,0.655,0.006,-363210.3,0.605,0.005,1.212,6.56,0,0.005,0.001,-0.002,-0.005,13.16,-1.6,0.6,100,0
"2026-01-18 14:27:00",140829,"",7999,2026,1,18,14,21,5,0.0057,0.66,0.005,-363208.1,0.61,0.004,1.221,6.52,0,0.004,0.002,-0.009,-0.005,13.16,-1.6,0.5,100,0
"2026-01-18 14:30:00",140830,"",7999,2026,1,18,14,21,5,0.0057,0.66,0.005,-363208.1,0.61,0.004,1.221,6.52,0,0.004,0.002,-0.009,-0.005,13.16,-1.6,0.5,100,0
"2026-01-18 14:33:00",140831,"",7999,2026,1,18,14,27,5,0.0054,0.667,0.004,-363206.1,0.617,0.004,1.234,6.52,0,0.004,0.001,0,-0.005,13.16,-1.6,0.6,100,0
"2026-01-18 14:36:00",140832,"",7999,2026,1,18,14,27,5,0.0054,0.667,0.004,-363206.1,0.617,0.004,1.234,6.52,0,0.004,0.001,0,-0.005,13.16,-1.6,0.6,100,0
"2026-01-18 14:39:00",140833,"",7999,2026,1,18,14,33,5,0.0044,0.674,0.004,-363204.3,0.624,0.002,1.248,6.54,0,0.002,0.001,-0.009,-0.005,13.16,-1.6,0.5,100,0
"2026-01-18 14:42:00",140834,"",7999,2026,1,18,14,33,5,0.0044,0.674,0.004,-363204.3,0.624,0.002,1.248,6.54,0,0.002,0.001,-0.009,-0.005,13.16,-1.6,0.5,100,0
"2026-01-18 14:45:00",140835,"",7999,2026,1,18,14,39,5,0.0024,0.67,0.002,-363203.2,0.62,0.001,1.24,6.54,0,0.001,-0.001,0.002,-0.012,13.16,-1.6,0.5,100,0
"2026-01-18 14:48:00",140836,"",7999,2026,1,18,14,39,5,0.0024,0.67,0.002,-363203.2,0.62,0.001,1.24,6.54,0,0.001,-0.001,0.002,-0.012,13.16,-1.6,0.5,100,0
"2026-01-18 14:51:00",140837,"",7999,2026,1,18,14,45,5,0.0097,0.684,0.008,-363200.6,0.634,0.007,1.266,6.53,0,0.007,-0.001,0,0,13.16,-1.6,0.5,100,0
"2026-01-18 14:54:00",140838,"",7999,2026,1,18,14,45,5,0.0097,0.684,0.008,-363200.6,0.634,0.007,1.266,6.53,0,0.007,-0.001,0,0,13.16,-1.6,0.5,100,0
"2026-01-18 14:57:00",140839,"",7999,2026,1,18,14,51,5,-0.0062,0.686,-0.005,-363200.9,0.636,-0.004,1.269,6.51,0,-0.004,0.001,0,-0.014,13.16,-1.6,0.5,100,0
"2026-01-18 15:00:00",140840,"",7999,2026,1,18,14,51,5,-0.0062,0.686,-0.005,-363200.9,0.636,-0.004,1.269,6.51,0,-0.004,0.001,0,-0.014,13.16,-1.6,0.5,100,0
"2026-01-18 15:03:00",140841,"",7999,2026,1,18,14,57,5,0.0006,0.693,0.001,-363201.5,0.643,0,1.282,6.49,0,0,0,-0.007,-0.009,13.16,-1.6,0.5,100,0
"2026-01-18 15:06:00",140842,"",7999,2026,1,18,14,57,5,0.0006,0.693,0.001,-363201.5,0.643,0,1.282,6.49,0,0,0,-0.007,-0.009,13.16,-1.6,0.5,100,0
"2026-01-18 15:09:00",140843,"",7999,2026,1,18,15,3,5,0.0095,0.702,0.007,-363199.1,0.652,0.006,1.3,6.5,0,0.006,-0.001,0,0,13.16,-1.6,0.5,100,0
"2026-01-18 15:12:00",140844,"",7999,2026,1,18,15,3,5,0.0095,0.702,0.007,-363199.1,0.652,0.006,1.3,6.5,0,0.006,-0.001,0,0,13.16,-1.6,0.5,100,0
"2026-01-18 15:15:00",140845,"",7999,2026,1,18,15,9,5,0.0137,0.709,0.01,-363194.7,0.659,0.008,1.313,6.53,0,0.008,-0.002,0.002,0,13.16,-1.6,0.5,100,0
"2026-01-18 15:18:00",140846,"",7999,2026,1,18,15,9,5,0.0137,0.709,0.01,-363194.7,0.659,0.008,1.313,6.53,0,0.008,-0.002,0.002,0,13.16,-1.6,0.5,100,0
"2026-01-18 15:21:00",140847,"",7999,2026,1,18,15,15,5,0.0078,0.716,0.006,-363191.1,0.666,0.005,1.326,6.54,0,0.005,-0.001,0,-0.007,13.16,-1.6,0.5,100,0
"2026-01-18 15:24:00",140848,"",7999,2026,1,18,15,15,5,0.0078,0.716,0.006,-363191.1,0.666,0.005,1.326,6.54,0,0.005,-0.001,0,-0.007,13.16,-1.6,0.5,100,0
"2026-01-18 15:27:00",140849,"",7999,2026,1,18,15,21,5,0.016,0.725,0.012,-363186.3,0.675,0.01,1.343,6.54,0,0.01,-0.001,0,-0.002,13.16,-1.6,0.5,100,0
"2026-01-18 15:30:00",140850,"",7999,2026,1,18,15,21,5,0.016,0.725,0.012,-363186.3,0.675,0.01,1.343,6.54,0,0.01,-0.001,0,-0.002,13.16,-1.6,0.5,100,0
"2026-01-18 15:33:00",140851,"",7999,2026,1,18,15,27,5,0.0087,0.73,0.006,-363182.3,0.68,0.005,1.351,6.54,0,0.005,0,0,-0.012,13.16,-1.6,0.5,100,0
"2026-01-18 15:36:00",140852,"",7999,2026,1,18,15,27,5,0.0087,0.73,0.006,-363182.3,0.68,0.005,1.351,6.54,0,0.005,0,0,-0.012,13.16,-1.6,0.5,100,0
"2026-01-18 15:39:00",140853,"",7999,2026,1,18,15,33,5,0.0173,0.736,0.013,-363177.1,0.686,0.012,1.362,6.54,0,0.012,0,0.007,0,13.16,-1.6,0.5,100,0
"2026-01-18 15:42:00",140854,"",7999,2026,1,18,15,33,5,0.0173,0.736,0.013,-363177.1,0.686,0.012,1.362,6.54,0,0.012,0,0.007,0,13.16,-1.6,0.5,100,0
"2026-01-18 15:45:00",140855,"",7999,2026,1,18,15,39,5,0.005,0.738,0.004,-363173.8,0.688,0.004,1.367,6.53,0,0.004,0.001,0.002,-0.007,13.16,-1.6,0.5,100,0
"2026-01-18 15:48:00",140856,"",7999,2026,1,18,15,39,5,0.005,0.738,0.004,-363173.8,0.688,0.004,1.367,6.53,0,0.004,0.001,0.002,-0.007,13.16,-1.6,0.5,100,0
"2026-01-18 15:51:00",140857,"",7999,2026,1,18,15,45,5,-0.0029,0.742,-0.002,-363173.9,0.692,-0.001,1.372,6.49,0,-0.001,0.001,-0.005,-0.014,13.16,-1.6,0.5,100,0
"2026-01-18 15:54:00",140858,"",7999,2026,1,18,15,45,5,-0.0029,0.742,-0.002,-363173.9,0.692,-0.001,1.372,6.49,0,-0.001,0.001,-0.005,-0.014,13.16,-1.6,0.5,100,0
"2026-01-18 15:57:00",140859,"",7999,2026,1,18,15,51,5,-0.0061,0.742,-0.005,-363175.8,0.692,-0.004,1.373,6.48,0,-0.004,-0.001,-0.016,-0.021,13.16,-1.6,0.5,100,0
"2026-01-18 16:00:00",140860,"",7999,2026,1,18,15,51,5,-0.0061,0.742,-0.005,-363175.8,0.692,-0.004,1.373,6.48,0,-0.004,-0.001,-0.016,-0.021,13.16,-1.6,0.5,100,0
"2026-01-18 16:03:00",140861,"",7999,2026,1,18,15,57,5,-0.0097,0.74,-0.007,-363178.8,0.69,-0.005,1.37,6.5,0,-0.005,0,-0.005,-0.017,13.16,-1.6,0.5,100,0
"2026-01-18 16:06:00",140862,"",7999,2026,1,18,15,57,5,-0.0097,0.74,-0.007,-363178.8,0.69,-0.005,1.37,6.5,0,-0.005,0,-0.005,-0.017,13.16,-1.6,0.5,100,0
"2026-01-18 16:09:00",140863,"",7999,2026,1,18,16,3,5,-0.002,0.742,-0.002,-363180.5,0.692,-0.001,1.374,6.5,0,-0.001,-0.001,-0.009,-0.014,13.16,-1.6,0.5,100,0
"2026-01-18 16:12:00",140864,"",7999,2026,1,18,16,3,5,-0.002,0.742,-0.002,-363180.5,0.692,-0.001,1.374,6.5,0,-0.001,-0.001,-0.009,-0.014,13.16,-1.6,0.5,100,0
"2026-01-18 16:15:00",140865,"",7999,2026,1,18,16,9,5,-0.012,0.741,-0.009,-363183.7,0.691,-0.007,1.371,6.5,0,-0.007,0,-0.009,-0.021,13.16,-1.6,0.5,100,0
"2026-01-18 16:18:00",140866,"",7999,2026,1,18,16,9,5,-0.012,0.741,-0.009,-363183.7,0.691,-0.007,1.371,6.5,0,-0.007,0,-0.009,-0.021,13.16,-1.6,0.5,100,0
"2026-01-18 16:21:00",140867,"",7999,2026,1,18,16,15,5,0.0022,0.741,0.002,-363184.6,0.691,0,1.372,6.53,0,0,0,-0.007,-0.007,13.16,-1.6,0.5,100,0
"2026-01-18 16:24:00",140868,"",7999,2026,1,18,16,15,5,0.0022,0.741,0.002,-363184.6,0.691,0,1.372,6.53,0,0,0,-0.007,-0.007,13.16,-1.6,0.5,100,0
"2026-01-18 16:27:00",140869,"",7999,2026,1,18,16,21,5,0.001,0.743,0.001,-363184.1,0.693,0,1.375,6.56,0,0,0,-0.016,0,13.16,-1.6,0.5,100,0
"2026-01-18 16:30:00",140870,"",7999,2026,1,18,16,21,5,0.001,0.743,0.001,-363184.1,0.693,0,1.375,6.56,0,0,0,-0.016,0,13.16,-1.6,0.5,100,0
"2026-01-18 16:33:00",140871,"",7999,2026,1,18,16,27,5,0.0035,0.744,0.003,-363183.1,0.694,0.001,1.378,6.58,0,0.001,0.001,0,-0.012,13.16,-1.6,0.5,100,0
"2026-01-18 16:36:00",140872,"",7999,2026,1,18,16,27,5,0.0035,0.744,0.003,-363183.1,0.694,0.001,1.378,6.58,0,0.001,0.001,0,-0.012,13.16,-1.6,0.5,100,0
"2026-01-18 16:39:00",140873,"",7999,2026,1,18,16,33,5,-0.0051,0.746,-0.004,-363183.9,0.696,-0.002,1.381,6.55,0,-0.002,0,-0.009,-0.019,13.16,-1.6,0.5,100,0
"2026-01-18 16:42:00",140874,"",7999,2026,1,18,16,33,5,-0.0051,0.746,-0.004,-363183.9,0.696,-0.002,1.381,6.55,0,-0.002,0,-0.009,-0.019,13.16,-1.6,0.5,100,0
"2026-01-18 16:45:00",140875,"",7999,2026,1,18,16,39,5,-0.013,0.747,-0.009,-363187.6,0.697,-0.008,1.382,6.52,0,-0.008,0.001,-0.021,-0.024,13.16,-1.6,0.5,100,0
"2026-01-18 16:48:00",140876,"",7999,2026,1,18,16,39,5,-0.013,0.747,-0.009,-363187.6,0.697,-0.008,1.382,6.52,0,-0.008,0.001,-0.021,-0.024,13.16,-1.6,0.5,100,0
"2026-01-18 16:51:00",140877,"",7999,2026,1,18,16,45,5,-0.002,0.747,-0.002,-363189.7,0.697,-0.001,1.383,6.5,0,-0.001,-0.001,-0.012,-0.012,13.16,-1.6,0.5,100,0
"2026-01-18 16:54:00",140878,"",7999,2026,1,18,16,45,5,-0.002,0.747,-0.002,-363189.7,0.697,-0.001,1.383,6.5,0,-0.001,-0.001,-0.012,-0.012,13.16,-1.6,0.5,100,0
"2026-01-18 16:57:00",140879,"",7999,2026,1,18,16,51,5,0.0058,0.749,0.004,-363188.6,0.699,0.002,1.385,6.49,0,0.002,0,-0.007,-0.005,13.16,-1.6,0.5,100,0
"2026-01-18 17:00:00",140880,"",7999,2026,1,18,16,51,5,0.0058,0.749,0.004,-363188.6,0.699,0.002,1.385,6.49,0,0.002,0,-0.007,-0.005,13.16,-1.6,0.5,100,0
"2026-01-18 17:03:00",140881,"",7999,2026,1,18,16,57,5,0.0029,0.753,0.002,-363187.2,0.703,0.001,1.393,6.49,0,0.001,0.001,-0.002,-0.005,13.16,-1.6,0.5,100,0
"2026-01-18 17:06:00",140882,"",7999,2026,1,18,16,57,5,0.0029,0.753,0.002,-363187.2,0.703,0.001,1.393,6.49,0,0.001,0.001,-0.002,-0.005,13.16,-1.6,0.5,100,0
"2026-01-18 17:09:00",140883,"",7999,2026,1,18,17,3,5,-0.0083,0.752,-0.006,-363188.8,0.702,-0.005,1.392,6.48,0,-0.005,0,-0.007,-0.019,13.16,-1.6,0.5,100,0
"2026-01-18 17:12:00",140884,"",7999,2026,1,18,17,3,5,-0.0083,0.752,-0.006,-363188.8,0.702,-0.005,1.392,6.48,0,-0.005,0,-0.007,-0.019,13.16,-1.6,0.5,100,0
"2026-01-18 17:15:00",140885,"",7999,2026,1,18,17,9,5,0.0062,0.75,0.005,-363188.3,0.7,0.004,1.387,6.47,0,0.004,0.001,0.005,-0.009,13.16,-1.6,0.5,100,0
"2026-01-18 17:18:00",140886,"",7999,2026,1,18,17,9,5,0.0062,0.75,0.005,-363188.3,0.7,0.004,1.387,6.47,0,0.004,0.001,0.005,-0.009,13.16,-1.6,0.5,100,0
"2026-01-18 17:21:00",140887,"",7999,2026,1,18,17,15,5,-0.0318,0.75,-0.023,-363195.2,0.7,-0.022,1.389,6.43,0,-0.022,0.001,-0.014,-0.028,13.16,-1.6,0.6,100,0
"2026-01-18 17:24:00",140888,"",7999,2026,1,18,17,15,5,-0.0318,0.75,-0.023,-363195.2,0.7,-0.022,1.389,6.43,0,-0.022,0.001,-0.014,-0.028,13.16,-1.6,0.6,100,0
"2026-01-18 17:27:00",140889,"",7999,2026,1,18,17,21,5,-0.0017,0.749,-0.001,-363199.4,0.699,-0.001,1.385,6.43,0,-0.001,-0.001,-0.002,-0.021,13.16,-1.6,0.5,100,0
"2026-01-18 17:30:00",140890,"",7999,2026,1,18,17,21,5,-0.0017,0.749,-0.001,-363199.4,0.699,-0.001,1.385,6.43,0,-0.001,-0.001,-0.002,-0.021,13.16,-1.6,0.5,100,0
"2026-01-18 17:33:00",140891,"",7999,2026,1,18,17,27,5,0.0086,0.749,0.006,-363197.6,0.699,0.006,1.386,6.44,0,0.006,-0.001,0.005,-0.005,13.16,-1.6,0.5,100,0
"2026-01-18 17:36:00",140892,"",7999,2026,1,18,17,27,5,0.0086,0.749,0.006,-363197.6,0.699,0.006,1.386,6.44,0,0.006,-0.001,0.005,-0.005,13.16,-1.6,0.5,100,0
"2026-01-18 17:39:00",140893,"",7999,2026,1,18,17,33,5,0.0079,0.751,0.006,-363194.7,0.701,0.005,1.39,6.46,0,0.005,0,-0.005,-0.009,13.16,-1.6,0.5,100,0
"2026-01-18 17:42:00",140894,"",7999,2026,1,18,17,33,5,0.0079,0.751,0.006,-363194.7,0.701,0.005,1.39,6.46,0,0.005,0,-0.005,-0.009,13.16,-1.6,0.5,100,0
"2026-01-18 17:45:00",140895,"",7999,2026,1,18,17,39,5,0.0116,0.751,0.008,-363190.9,0.701,0.007,1.39,6.46,0,0.007,0,-0.009,-0.009,13.16,-1.6,0.5,100,0
"2026-01-18 17:48:00",140896,"",7999,2026,1,18,17,39,5,0.0116,0.751,0.008,-363190.9,0.701,0.007,1.39,6.46,0,0.007,0,-0.009,-0.009,13.16,-1.6,0.5,100,0
"2026-01-18 17:51:00",140897,"",7999,2026,1,18,17,45,5,-0.0011,0.752,-0.001,-363189.8,0.702,0,1.392,6.45,0,0,-0.001,-0.007,-0.012,13.16,-1.6,0.5,100,0
"2026-01-18 17:54:00",140898,"",7999,2026,1,18,17,45,5,-0.0011,0.752,-0.001,-363189.8,0.702,0,1.392,6.45,0,0,-0.001,-0.007,-0.012,13.16,-1.6,0.5,100,0
"2026-01-18 17:57:00",140899,"",7999,2026,1,18,17,51,5,0.0149,0.753,0.011,-363186.4,0.703,0.01,1.394,6.45,0,0.01,0,0.007,0,13.16,-1.6,0.5,100,0
"2026-01-18 18:00:00",140900,"",7999,2026,1,18,17,51,5,0.0149,0.753,0.011,-363186.4,0.703,0.01,1.394,6.45,0,0.01,0,0.007,0,13.16,-1.6,0.5,100,0
"2026-01-18 18:03:00",140901,"",7999,2026,1,18,17,57,5,0.006,0.758,0.004,-363183.1,0.708,0.002,1.402,6.42,0,0.002,0,-0.007,-0.009,13.16,-1.6,0.5,100,0
"2026-01-18 18:06:00",140902,"",7999,2026,1,18,17,57,5,0.006,0.758,0.004,-363183.1,0.708,0.002,1.402,6.42,0,0.002,0,-0.007,-0.009,13.16,-1.6,0.5,100,0
"2026-01-18 18:09:00",140903,"",7999,2026,1,18,18,3,5,-0.0334,0.753,-0.024,-363190.4,0.703,-0.022,1.393,6.43,0,-0.022,0.001,-0.007,-0.036,13.16,-1.6,0.5,100,0
"2026-01-18 18:12:00",140904,"",7999,2026,1,18,18,3,5,-0.0334,0.753,-0.024,-363190.4,0.703,-0.022,1.393,6.43,0,-0.022,0.001,-0.007,-0.036,13.16,-1.6,0.5,100,0
"2026-01-18 18:15:00",140905,"",7999,2026,1,18,18,9,5,-0.0241,0.745,-0.017,-363200.2,0.695,-0.017,1.379,6.46,0,-0.017,-0.001,-0.019,-0.026,13.16,-1.6,0.5,100,0
"2026-01-18 18:18:00",140906,"",7999,2026,1,18,18,9,5,-0.0241,0.745,-0.017,-363200.2,0.695,-0.017,1.379,6.46,0,-0.017,-0.001,-0.019,-0.026,13.16,-1.6,0.5,100,0
"2026-01-18 18:21:00",140907,"",7999,2026,1,18,18,15,5,-0.0182,0.739,-0.013,-363207.5,0.689,-0.013,1.367,6.46,0,-0.013,0.001,-0.002,-0.017,13.16,-1.6,0.5,100,0
"2026-01-18 18:24:00",140908,"",7999,2026,1,18,18,15,5,-0.0182,0.739,-0.013,-363207.5,0.689,-0.013,1.367,6.46,0,-0.013,0.001,-0.002,-0.017,13.16,-1.6,0.5,100,0
"2026-01-18 18:27:00",140909,"",7999,2026,1,18,18,21,5,0.0018,0.732,0.001,-363209.3,0.682,0.001,1.355,6.46,0,0.001,0.001,-0.002,-0.007,13.16,-1.6,0.5,100,0
"2026-01-18 18:30:00",140910,"",7999,2026,1,18,18,21,5,0.0018,0.732,0.001,-363209.3,0.682,0.001,1.355,6.46,0,0.001,0.001,-0.002,-0.007,13.16,-1.6,0.5,100,0
"2026-01-18 18:33:00",140911,"",7999,2026,1,18,18,27,5,-0.0283,0.724,-0.021,-363215.8,0.674,-0.019,1.339,6.41,0,-0.019,0,0.002,-0.028,13.16,-1.6,0.5,100,0
"2026-01-18 18:36:00",140912,"",7999,2026,1,18,18,27,5,-0.0283,0.724,-0.021,-363215.8,0.674,-0.019,1.339,6.41,0,-0.019,0,0.002,-0.028,13.16,-1.6,0.5,100,0
"2026-01-18 18:39:00",140913,"",7999,2026,1,18,18,33,5,-0.0328,0.715,-0.025,-363227.1,0.665,-0.023,1.323,6.45,0,-0.023,0,-0.026,-0.028,13.16,-1.6,0.5,100,0
"2026-01-18 18:42:00",140914,"",7999,2026,1,18,18,33,5,-0.0328,0.715,-0.025,-363227.1,0.665,-0.023,1.323,6.45,0,-0.023,0,-0.026,-0.028,13.16,-1.6,0.5,100,0
"2026-01-18 18:45:00",140915,"",7999,2026,1,18,18,39,5,-0.0173,0.704,-0.013,-363235.2,0.654,-0.012,1.303,6.46,0,-0.012,0,-0.014,-0.019,13.16,-1.6,0.5,100,0
"2026-01-18 18:48:00",140916,"",7999,2026,1,18,18,39,5,-0.0173,0.704,-0.013,-363235.2,0.654,-0.012,1.303,6.46,0,-0.012,0,-0.014,-0.019,13.16,-1.6,0.5,100,0
"2026-01-18 18:51:00",140917,"",7999,2026,1,18,18,45,5,-0.0153,0.693,-0.012,-363241,0.643,-0.011,1.282,6.45,0,-0.011,0,-0.002,-0.017,13.16,-1.6,0.5,100,0
"2026-01-18 18:54:00",140918,"",7999,2026,1,18,18,45,5,-0.0153,0.693,-0.012,-363241,0.643,-0.011,1.282,6.45,0,-0.011,0,-0.002,-0.017,13.16,-1.6,0.5,100,0
"2026-01-18 18:57:00",140919,"",7999,2026,1,18,18,51,5,-0.0166,0.686,-0.013,-363246.8,0.636,-0.011,1.27,6.46,0,-0.011,0.001,-0.005,-0.026,13.16,-1.6,0.6,100,0
"2026-01-18 19:00:00",140920,"",7999,2026,1,18,18,51,5,-0.0166,0.686,-0.013,-363246.8,0.636,-0.011,1.27,6.46,0,-0.011,0.001,-0.005,-0.026,13.16,-1.6,0.6,100,0
"2026-01-18 19:03:00",140921,"",7999,2026,1,18,18,57,5,-0.0095,0.681,-0.008,-363251.1,0.631,-0.006,1.26,6.47,0,-0.006,-0.001,-0.007,-0.024,13.16,-1.6,0.5,100,0
"2026-01-18 19:06:00",140922,"",7999,2026,1,18,18,57,5,-0.0095,0.681,-0.008,-363251.1,0.631,-0.006,1.26,6.47,0,-0.006,-0.001,-0.007,-0.024,13.16,-1.6,0.5,100,0
"2026-01-18 19:09:00",140923,"",7999,2026,1,18,19,3,5,-0.0134,0.674,-0.011,-363255.5,0.624,-0.01,1.248,6.49,0,-0.01,-0.001,-0.014,-0.031,13.16,-1.6,0.5,100,0
"2026-01-18 19:12:00",140924,"",7999,2026,1,18,19,3,5,-0.0134,0.674,-0.011,-363255.5,0.624,-0.01,1.248,6.49,0,-0.01,-0.001,-0.014,-0.031,13.16,-1.6,0.5,100,0
"2026-01-18 19:15:00",140925,"",7999,2026,1,18,19,9,5,-0.015,0.668,-0.012,-363260.7,0.618,-0.011,1.236,6.48,0,-0.011,0,-0.007,-0.036,13.16,-1.6,0.5,100,0
"2026-01-18 19:18:00",140926,"",7999,2026,1,18,19,9,5,-0.015,0.668,-0.012,-363260.7,0.618,-0.011,1.236,6.48,0,-0.011,0,-0.007,-0.036,13.16,-1.6,0.5,100,0
"2026-01-18 19:21:00",140927,"",7999,2026,1,18,19,15,5,-0.0057,0.663,-0.005,-363263.9,0.613,-0.004,1.226,6.51,0,-0.004,-0.001,0,-0.017,13.16,-1.6,0.6,100,0
"2026-01-18 19:24:00",140928,"",7999,2026,1,18,19,15,5,-0.0057,0.663,-0.005,-363263.9,0.613,-0.004,1.226,6.51,0,-0.004,-0.001,0,-0.017,13.16,-1.6,0.6,100,0
"2026-01-18 19:27:00",140929,"",7999,2026,1,18,19,21,5,-0.0123,0.658,-0.01,-363267.6,0.608,-0.008,1.218,6.49,0,-0.008,-0.001,-0.016,-0.026,13.16,-1.6,0.5,100,0
"2026-01-18 19:30:00",140930,"",7999,2026,1,18,19,21,5,-0.0123,0.658,-0.01,-363267.6,0.608,-0.008,1.218,6.49,0,-0.008,-0.001,-0.016,-0.026,13.16,-1.6,0.5,100,0
"2026-01-18 19:33:00",140931,"",7999,2026,1,18,19,27,5,-0.0105,0.656,-0.009,-363271.6,0.606,-0.008,1.214,6.49,0,-0.008,-0.002,-0.021,-0.019,13.16,-1.6,0.6,100,0
"2026-01-18 19:36:00",140932,"",7999,2026,1,18,19,27,5,-0.0105,0.656,-0.009,-363271.6,0.606,-0.008,1.214,6.49,0,-0.008,-0.002,-0.021,-0.019,13.16,-1.6,0.6,100,0
"2026-01-18 19:39:00",140933,"",7999,2026,1,18,19,33,5,-0.0033,0.657,-0.003,-363273.7,0.607,-0.001,1.215,6.49,0,-0.001,-0.001,-0.019,-0.017,13.16,-1.6,0.5,100,0
"2026-01-18 19:42:00",140934,"",7999,2026,1,18,19,33,5,-0.0033,0.657,-0.003,-363273.7,0.607,-0.001,1.215,6.49,0,-0.001,-0.001,-0.019,-0.017,13.16,-1.6,0.5,100,0
"2026-01-18 19:45:00",140935,"",7999,2026,1,18,19,39,5,-0.0077,0.658,-0.006,-363276,0.608,-0.006,1.218,6.49,0,-0.006,-0.001,-0.009,-0.026,13.16,-1.6,0.5,100,0
"2026-01-18 19:48:00",140936,"",7999,2026,1,18,19,39,5,-0.0077,0.658,-0.006,-363276,0.608,-0.006,1.218,6.49,0,-0.006,-0.001,-0.009,-0.026,13.16,-1.6,0.5,100,0
"2026-01-18 19:51:00",140937,"",7999,2026,1,18,19,45,5,-0.0023,0.659,-0.002,-363277.4,0.609,-0.001,1.22,6.49,0,-0.001,-0.001,-0.016,-0.009,13.16,-1.6,0.5,100,0
"2026-01-18 19:54:00",140938,"",7999,2026,1,18,19,45,5,-0.0023,0.659,-0.002,-363277.4,0.609,-0.001,1.22,6.49,0,-0.001,-0.001,-0.016,-0.009,13.16,-1.6,0.5,100,0
"2026-01-18 19:57:00",140939,"",7999,2026,1,18,19,51,5,-0.0041,0.661,-0.003,-363278.7,0.611,-0.002,1.223,6.51,0,-0.002,0,0,-0.017,13.16,-1.6,0.5,100,0
"2026-01-18 20:00:00",140940,"",7999,2026,1,18,19,51,5,-0.0041,0.661,-0.003,-363278.7,0.611,-0.002,1.223,6.51,0,-0.002,0,0,-0.017,13.16,-1.6,0.5,100,0
"2026-01-18 20:03:00",140941,"",7999,2026,1,18,19,57,5,-0.0135,0.655,-0.011,-363282.5,0.605,-0.01,1.213,6.52,0,-0.01,0,-0.009,-0.019,13.16,-1.6,0.5,100,0
"2026-01-18 20:06:00",140942,"",7999,2026,1,18,19,57,5,-0.0135,0.655,-0.011,-363282.5,0.605,-0.01,1.213,6.52,0,-0.01,0,-0.009,-0.019,13.16,-1.6,0.5,100,0
"2026-01-18 20:09:00",140943,"",7999,2026,1,18,20,3,5,-0.0117,0.648,-0.01,-363286.9,0.598,-0.01,1.2,6.51,0,-0.01,-0.001,-0.009,-0.021,13.16,-1.6,0.5,100,0
"2026-01-18 20:12:00",140944,"",7999,2026,1,18,20,3,5,-0.0117,0.648,-0.01,-363286.9,0.598,-0.01,1.2,6.51,0,-0.01,-0.001,-0.009,-0.021,13.16,-1.6,0.5,100,0
"2026-01-18 20:15:00",140945,"",7999,2026,1,18,20,9,5,-0.0134,0.642,-0.011,-363291.6,0.592,-0.01,1.187,6.51,0,-0.01,-0.001,-0.016,-0.031,13.16,-1.6,0.5,100,0
"2026-01-18 20:18:00",140946,"",7999,2026,1,18,20,9,5,-0.0134,0.642,-0.011,-363291.6,0.592,-0.01,1.187,6.51,0,-0.01,-0.001,-0.016,-0.031,13.16,-1.6,0.5,100,0
"2026-01-18 20:21:00",140947,"",7999,2026,1,18,20,15,5,-0.0084,0.638,-0.007,-363295.2,0.588,-0.006,1.18,6.51,0,-0.006,-0.001,-0.002,-0.021,13.16,-1.6,0.5,100,0
"2026-01-18 20:24:00",140948,"",7999,2026,1,18,20,15,5,-0.0084,0.638,-0.007,-363295.2,0.588,-0.006,1.18,6.51,0,-0.006,-0.001,-0.002,-0.021,13.16,-1.6,0.5,100,0
"2026-01-18 20:27:00",140949,"",7999,2026,1,18,20,21,5,-0.0076,0.63,-0.007,-363298.1,0.58,-0.005,1.166,6.52,0,-0.005,0,-0.007,-0.014,13.16,-1.6,0.5,100,0
"2026-01-18 20:30:00",140950,"",7999,2026,1,18,20,21,5,-0.0076,0.63,-0.007,-363298.1,0.58,-0.005,1.166,6.52,0,-0.005,0,-0.007,-0.014,13.16,-1.6,0.5,100,0
"2026-01-18 20:33:00",140951,"",7999,2026,1,18,20,27,5,-0.0152,0.618,-0.013,-363302.7,0.568,-0.012,1.143,6.51,0,-0.012,0,-0.012,-0.031,13.16,-1.6,0.5,100,0
"2026-01-18 20:36:00",140952,"",7999,2026,1,18,20,27,5,-0.0152,0.618,-0.013,-363302.7,0.568,-0.012,1.143,6.51,0,-0.012,0,-0.012,-0.031,13.16,-1.6,0.5,100,0
"2026-01-18 20:39:00",140953,"",7999,2026,1,18,20,33,5,-0.0177,0.605,-0.016,-363308.7,0.555,-0.015,1.121,6.51,0,-0.015,-0.001,-0.019,-0.031,13.16,-1.6,0.5,100,0
"2026-01-18 20:42:00",140954,"",7999,2026,1,18,20,33,5,-0.0177,0.605,-0.016,-363308.7,0.555,-0.015,1.121,6.51,0,-0.015,-0.001,-0.019,-0.031,13.16,-1.6,0.5,100,0
"2026-01-18 20:45:00",140955,"",7999,2026,1,18,20,39,5,-0.0089,0.597,-0.008,-363313,0.547,-0.007,1.105,6.53,0,-0.007,-0.001,-0.019,-0.026,13.16,-1.6,0.6,100,0
"2026-01-18 20:48:00",140956,"",7999,2026,1,18,20,39,5,-0.0089,0.597,-0.008,-363313,0.547,-0.007,1.105,6.53,0,-0.007,-0.001,-0.019,-0.026,13.16,-1.6,0.6,100,0
"2026-01-18 20:51:00",140957,"",7999,2026,1,18,20,45,5,-0.0108,0.587,-0.01,-363316.7,0.537,-0.007,1.086,6.53,0,-0.007,0,-0.014,-0.017,13.16,-1.6,0.5,100,0
"2026-01-18 20:54:00",140958,"",7999,2026,1,18,20,45,5,-0.0108,0.587,-0.01,-363316.7,0.537,-0.007,1.086,6.53,0,-0.007,0,-0.014,-0.017,13.16,-1.6,0.5,100,0
"2026-01-18 20:57:00",140959,"",7999,2026,1,18,20,51,5,-0.0127,0.581,-0.012,-363321.1,0.531,-0.011,1.075,6.52,0,-0.011,0,-0.007,-0.024,13.16,-1.6,0.5,100,0
"2026-01-18 21:00:00",140960,"",7999,2026,1,18,20,51,5,-0.0127,0.581,-0.012,-363321.1,0.531,-0.011,1.075,6.52,0,-0.011,0,-0.007,-0.024,13.16,-1.6,0.5,100,0
"2026-01-18 21:03:00",140961,"",7999,2026,1,18,20,57,5,-0.0063,0.575,-0.006,-363324.1,0.525,-0.005,1.064,6.54,0,-0.005,0,-0.002,-0.019,13.16,-1.6,0.5,100,0
"2026-01-18 21:06:00",140962,"",7999,2026,1,18,20,57,5,-0.0063,0.575,-0.006,-363324.1,0.525,-0.005,1.064,6.54,0,-0.005,0,-0.002,-0.019,13.16,-1.6,0.5,100,0
"2026-01-18 21:09:00",140963,"",7999,2026,1,18,21,3,5,-0.011,0.564,-0.011,-363327.5,0.514,-0.008,1.045,6.54,0,-0.008,-0.001,-0.014,-0.019,13.16,-1.6,0.5,100,0
"2026-01-18 21:12:00",140964,"",7999,2026,1,18,21,3,5,-0.011,0.564,-0.011,-363327.5,0.514,-0.008,1.045,6.54,0,-0.008,-0.001,-0.014,-0.019,13.16,-1.6,0.5,100,0
"2026-01-18 21:15:00",140965,"",7999,2026,1,18,21,9,5,-0.0084,0.556,-0.008,-363330.9,0.506,-0.007,1.029,6.57,0,-0.007,0,-0.019,-0.014,13.16,-1.6,0.5,100,0
"2026-01-18 21:18:00",140966,"",7999,2026,1,18,21,9,5,-0.0084,0.556,-0.008,-363330.9,0.506,-0.007,1.029,6.57,0,-0.007,0,-0.019,-0.014,13.16,-1.6,0.5,100,0
"2026-01-18 21:21:00",140967,"",7999,2026,1,18,21,15,5,-0.0048,0.555,-0.005,-363333.1,0.505,-0.004,1.027,6.58,0,-0.004,-0.001,-0.012,-0.028,13.16,-1.6,0.6,100,0
"2026-01-18 21:24:00",140968,"",7999,2026,1,18,21,15,5,-0.0048,0.555,-0.005,-363333.1,0.505,-0.004,1.027,6.58,0,-0.004,-0.001,-0.012,-0.028,13.16,-1.6,0.6,100,0
"2026-01-18 21:27:00",140969,"",7999,2026,1,18,21,21,5,-0.0043,0.554,-0.004,-363334.7,0.504,-0.004,1.026,6.58,0,-0.004,-0.001,-0.014,-0.012,13.16,-1.6,0.5,100,0
"2026-01-18 21:30:00",140970,"",7999,2026,1,18,21,21,5,-0.0043,0.554,-0.004,-363334.7,0.504,-0.004,1.026,6.58,0,-0.004,-0.001,-0.014,-0.012,13.16,-1.6,0.5,100,0
"2026-01-18 21:33:00",140971,"",7999,2026,1,18,21,27,5,-0.0041,0.551,-0.004,-363336.2,0.501,-0.002,1.021,6.58,0,-0.002,0,-0.014,-0.019,13.16,-1.6,0.5,100,0
"2026-01-18 21:36:00",140972,"",7999,2026,1,18,21,27,5,-0.0041,0.551,-0.004,-363336.2,0.501,-0.002,1.021,6.58,0,-0.002,0,-0.014,-0.019,13.16,-1.6,0.5,100,0
"2026-01-18 21:39:00",140973,"",7999,2026,1,18,21,33,5,-0.0039,0.542,-0.004,-363337.7,0.492,-0.002,1.002,6.59,0,-0.002,0,-0.026,-0.014,13.16,-1.6,0.6,100,0
"2026-01-18 21:42:00",140974,"",7999,2026,1,18,21,33,5,-0.0039,0.542,-0.004,-363337.7,0.492,-0.002,1.002,6.59,0,-0.002,0,-0.026,-0.014,13.16,-1.6,0.6,100,0
"2026-01-18 21:45:00",140975,"",7999,2026,1,18,21,39,5,-0.0028,0.535,-0.003,-363338.8,0.485,-0.001,0.991,6.6,0,-0.001,-0.001,-0.021,-0.005,13.16,-1.6,0.6,100,0
"2026-01-18 21:48:00",140976,"",7999,2026,1,18,21,39,5,-0.0028,0.535,-0.003,-363338.8,0.485,-0.001,0.991,6.6,0,-0.001,-0.001,-0.021,-0.005,13.16,-1.6,0.6,100,0
"2026-01-18 21:51:00",140977,"",7999,2026,1,18,21,45,5,-0.0019,0.534,-0.002,-363339.6,0.484,-0.001,0.988,6.6,0,-0.001,0.001,-0.005,-0.012,13.16,-1.6,0.5,100,0
"2026-01-18 21:54:00",140978,"",7999,2026,1,18,21,45,5,-0.0019,0.534,-0.002,-363339.6,0.484,-0.001,0.988,6.6,0,-0.001,0.001,-0.005,-0.012,13.16,-1.6,0.5,100,0
"2026-01-18 21:57:00",140979,"",7999,2026,1,18,21,51,5,-0.0024,0.535,-0.002,-363340.4,0.485,-0.002,0.991,6.6,0,-0.002,0,-0.021,-0.019,13.16,-1.6,0.6,100,0
"2026-01-18 22:00:00",140980,"",7999,2026,1,18,21,51,5,-0.0024,0.535,-0.002,-363340.4,0.485,-0.002,0.991,6.6,0,-0.002,0,-0.021,-0.019,13.16,-1.6,0.6,100,0
"2026-01-18 22:03:00",140981,"",7999,2026,1,18,21,57,5,0,0.532,0,-363340.7,0.482,0,0.984,6.57,0,0,0,-0.019,-0.014,13.16,-1.6,0.6,100,0
"2026-01-18 22:06:00",140982,"",7999,2026,1,18,21,57,5,0,0.532,0,-363340.7,0.482,0,0.984,6.57,0,0,0,-0.019,-0.014,13.16,-1.6,0.6,100,0
"2026-01-18 22:09:00",140983,"",7999,2026,1,18,22,3,5,-0.0054,0.525,-0.006,-363342,0.475,-0.005,0.972,6.56,0,-0.005,0,-0.021,-0.031,13.16,-1.6,0.6,100,0
"2026-01-18 22:12:00",140984,"",7999,2026,1,18,22,3,5,-0.0054,0.525,-0.006,-363342,0.475,-0.005,0.972,6.56,0,-0.005,0,-0.021,-0.031,13.16,-1.6,0.6,100,0
"2026-01-18 22:15:00",140985,"",7999,2026,1,18,22,9,5,-0.0037,0.517,-0.004,-363343.6,0.467,-0.002,0.957,6.55,0,-0.002,0,0,-0.017,13.16,-1.6,0.6,100,0
"2026-01-18 22:18:00",140986,"",7999,2026,1,18,22,9,5,-0.0037,0.517,-0.004,-363343.6,0.467,-0.002,0.957,6.55,0,-0.002,0,0,-0.017,13.16,-1.6,0.6,100,0
"2026-01-18 22:21:00",140987,"",7999,2026,1,18,22,15,5,-0.004,0.51,-0.004,-363345,0.46,-0.002,0.945,6.56,0,-0.002,0,-0.012,-0.017,13.16,-1.6,0.6,100,0
"2026-01-18 22:24:00",140988,"",7999,2026,1,18,22,15,5,-0.004,0.51,-0.004,-363345,0.46,-0.002,0.945,6.56,0,-0.002,0,-0.012,-0.017,13.16,-1.6,0.6,100,0
"2026-01-18 22:27:00",140989,"",7999,2026,1,18,22,21,5,-0.0054,0.512,-0.006,-363346.8,0.462,-0.005,0.947,6.54,0,-0.005,-0.001,-0.019,-0.021,13.16,-1.6,0.6,100,0
"2026-01-18 22:30:00",140990,"",7999,2026,1,18,22,21,5,-0.0054,0.512,-0.006,-363346.8,0.462,-0.005,0.947,6.54,0,-0.005,-0.001,-0.019,-0.021,13.16,-1.6,0.6,100,0
"2026-01-18 22:33:00",140991,"",7999,2026,1,18,22,27,5,-0.0025,0.51,-0.003,-363348,0.46,-0.002,0.944,6.56,0,-0.002,0,-0.021,0,13.16,-1.6,0.6,100,0
"2026-01-18 22:36:00",140992,"",7999,2026,1,18,22,27,5,-0.0025,0.51,-0.003,-363348,0.46,-0.002,0.944,6.56,0,-0.002,0,-0.021,0,13.16,-1.6,0.6,100,0
"2026-01-18 22:39:00",140993,"",7999,2026,1,18,22,33,5,-0.0015,0.512,-0.002,-363348.7,0.462,0,0.947,6.55,0,0,0,0,-0.009,13.16,-1.6,0.6,100,0
"2026-01-18 22:42:00",140994,"",7999,2026,1,18,22,33,5,-0.0015,0.512,-0.002,-363348.7,0.462,0,0.947,6.55,0,0,0,0,-0.009,13.16,-1.6,0.6,100,0
"2026-01-18 22:45:00",140995,"",7999,2026,1,18,22,39,5,-0.0025,0.513,-0.003,-363349.5,0.463,-0.001,0.949,6.55,0,-0.001,-0.001,-0.012,0.007,13.16,-1.6,0.6,100,0
"2026-01-18 22:48:00",140996,"",7999,2026,1,18,22,39,5,-0.0025,0.513,-0.003,-363349.5,0.463,-0.001,0.949,6.55,0,-0.001,-0.001,-0.012,0.007,13.16,-1.6,0.6,100,0
"2026-01-18 22:51:00",140997,"",7999,2026,1,18,22,45,5,-0.004,0.508,-0.004,-363350.8,0.458,-0.004,0.94,6.56,0,-0.004,-0.001,-0.012,-0.009,13.16,-1.6,0.6,100,0
"2026-01-18 22:54:00",140998,"",7999,2026,1,18,22,45,5,-0.004,0.508,-0.004,-363350.8,0.458,-0.004,0.94,6.56,0,-0.004,-0.001,-0.012,-0.009,13.16,-1.6,0.6,100,0
"2026-01-18 22:57:00",140999,"",7999,2026,1,18,22,51,5,-0.0043,0.503,-0.005,-363352.3,0.453,-0.004,0.931,6.55,0,-0.004,0.002,-0.019,-0.019,13.16,-1.6,0.6,100,0
"2026-01-18 23:00:00",141000,"",7999,2026,1,18,22,51,5,-0.0043,0.503,-0.005,-363352.3,0.453,-0.004,0.931,6.55,0,-0.004,0.002,-0.019,-0.019,13.16,-1.6,0.6,100,0
"2026-01-18 23:03:00",141001,"",7999,2026,1,18,22,57,5,-0.0017,0.502,-0.002,-363353.3,0.452,0,0.929,6.58,0,0,0,-0.005,-0.019,13.16,-1.6,0.6,100,0
"2026-01-18 23:06:00",141002,"",7999,2026,1,18,22,57,5,-0.0017,0.502,-0.002,-363353.3,0.452,0,0.929,6.58,0,0,0,-0.005,-0.019,13.16,-1.6,0.6,100,0
"2026-01-18 23:09:00",141003,"",7999,2026,1,18,23,3,5,-0.0015,0.501,-0.002,-363353.8,0.451,0,0.927,6.57,0,0,0,-0.007,-0.017,13.16,-1.6,0.6,100,0
"2026-01-18 23:12:00",141004,"",7999,2026,1,18,23,3,5,-0.0015,0.501,-0.002,-363353.8,0.451,0,0.927,6.57,0,0,0,-0.007,-0.017,13.16,-1.6,0.6,100,0
"2026-01-18 23:15:00",141005,"",7999,2026,1,18,23,9,5,-0.003,0.497,-0.003,-363354.8,0.447,-0.002,0.92,6.56,0,-0.002,0,-0.028,-0.024,13.16,-1.6,0.6,100,0
"2026-01-18 23:18:00",141006,"",7999,2026,1,18,23,9,5,-0.003,0.497,-0.003,-363354.8,0.447,-0.002,0.92,6.56,0,-0.002,0,-0.028,-0.024,13.16,-1.6,0.6,100,0
"2026-01-18 23:21:00",141007,"",7999,2026,1,18,23,15,5,-0.0015,0.497,-0.002,-363355.5,0.447,0,0.92,6.58,0,0,0,0.023,-0.036,13.16,-1.6,0.6,100,0
"2026-01-18 23:24:00",141008,"",7999,2026,1,18,23,15,5,-0.0015,0.497,-0.002,-363355.5,0.447,0,0.92,6.58,0,0,0,0.023,-0.036,13.16,-1.6,0.6,100,0
"2026-01-18 23:27:00",141009,"",7999,2026,1,18,23,21,5,-0.0017,0.495,-0.002,-363356.1,0.445,0,0.917,6.58,0,0,0,-0.014,-0.009,13.16,-1.6,0.6,100,0
"2026-01-18 23:30:00",141010,"",7999,2026,1,18,23,21,5,-0.0017,0.495,-0.002,-363356.1,0.445,0,0.917,6.58,0,0,0,-0.014,-0.009,13.16,-1.6,0.6,100,0
"2026-01-18 23:33:00",141011,"",7999,2026,1,18,23,27,5,-0.0011,0.493,-0.001,-363356.6,0.443,0,0.913,6.6,0,0,0,-0.002,-0.017,13.16,-1.6,0.6,100,0
"2026-01-18 23:36:00",141012,"",7999,2026,1,18,23,27,5,-0.0011,0.493,-0.001,-363356.6,0.443,0,0.913,6.6,0,0,0,-0.002,-0.017,13.16,-1.6,0.6,100,0
"2026-01-18 23:39:00",141013,"",7999,2026,1,18,23,33,5,-0.0006,0.496,-0.001,-363356.9,0.446,0,0.918,6.6,0,0,0,-0.005,-0.007,13.16,-1.6,0.6,100,0
"2026-01-18 23:42:00",141014,"",7999,2026,1,18,23,33,5,-0.0006,0.496,-0.001,-363356.9,0.446,0,0.918,6.6,0,0,0,-0.005,-0.007,13.16,-1.6,0.6,100,0
"2026-01-18 23:45:00",141015,"",7999,2026,1,18,23,39,5,-0.0009,0.496,-0.001,-363357.2,0.446,0,0.919,6.6,0,0,0,-0.019,-0.005,13.16,-1.6,0.6,100,0
"2026-01-18 23:48:00",141016,"",7999,2026,1,18,23,39,5,-0.0009,0.496,-0.001,-363357.2,0.446,0,0.919,6.6,0,0,0,-0.019,-0.005,13.16,-1.6,0.6,100,0
"2026-01-18 23:51:00",141017,"",7999,2026,1,18,23,45,5,-0.0005,0.497,-0.001,-363357.4,0.447,0,0.919,6.59,0,0,-0.001,0.005,-0.009,13.16,-1.6,0.6,100,0
"2026-01-18 23:54:00",141018,"",7999,2026,1,18,23,45,5,-0.0005,0.497,-0.001,-363357.4,0.447,0,0.919,6.59,0,0,-0.001,0.005,-0.009,13.16,-1.6,0.6,100,0
"2026-01-18 23:57:00",141019,"",7999,2026,1,18,23,51,5,-0.0063,0.5,-0.007,-363359,0.45,-0.006,0.925,6.6,0,-0.006,-0.001,0.016,-0.028,13.16,-1.6,0.6,99,0
"2026-01-19 00:00:00",141020,"",7999,2026,1,18,23,51,5,-0.0063,0.5,-0.007,-363359,0.45,-0.006,0.925,6.6,0,-0.006,-0.001,0.016,-0.028,13.16,-1.6,0.6,99,0
"2026-01-19 00:03:00",141021,"",7999,2026,1,18,23,57,5,-0.0019,0.5,-0.002,-363360.3,0.45,-0.001,0.925,6.58,0,-0.001,0.001,0.007,-0.014,13.16,-1.6,0.6,100,0
"2026-01-19 00:06:00",141022,"",7999,2026,1,18,23,57,5,-0.0019,0.5,-0.002,-363360.3,0.45,-0.001,0.925,6.58,0,-0.001,0.001,0.007,-0.014,13.16,-1.6,0.6,100,0
"2026-01-19 00:09:00",141023,"",7999,2026,1,19,0,3,5,-0.0002,0.504,0,-363360.5,0.454,0,0.934,6.57,0,0,0,-0.016,0.009,13.16,-1.6,0.6,100,0
"2026-01-19 00:12:00",141024,"",7999,2026,1,19,0,3,5,-0.0002,0.504,0,-363360.5,0.454,0,0.934,6.57,0,0,0,-0.016,0.009,13.16,-1.6,0.6,100,0
"2026-01-19 00:15:00",141025,"",7999,2026,1,19,0,9,5,-0.0009,0.512,-0.001,-363360.8,0.462,0,0.948,6.53,0,0,0,-0.102,-0.012,13.16,-1.6,0.6,100,0
"2026-01-19 00:18:00",141026,"",7999,2026,1,19,0,9,5,-0.0009,0.512,-0.001,-363360.8,0.462,0,0.948,6.53,0,0,0,-0.102,-0.012,13.16,-1.6,0.6,100,0
"2026-01-19 00:21:00",141027,"",7999,2026,1,19,0,15,5,-0.0009,0.513,-0.001,-363361.2,0.463,0,0.95,6.56,0,0,0,0.051,0.021,13.16,-1.6,0.6,100,0
"2026-01-19 00:24:00",141028,"",7999,2026,1,19,0,15,5,-0.0009,0.513,-0.001,-363361.2,0.463,0,0.95,6.56,0,0,0,0.051,0.021,13.16,-1.6,0.6,100,0
"2026-01-19 00:27:00",141029,"",7999,2026,1,19,0,21,5,-0.0022,0.514,-0.002,-363361.8,0.464,-0.001,0.951,6.57,0,-0.001,0.001,0.144,-0.014,13.16,-1.6,0.6,96,0
"2026-01-19 00:30:00",141030,"",7999,2026,1,19,0,21,5,-0.0022,0.514,-0.002,-363361.8,0.464,-0.001,0.951,6.57,0,-0.001,0.001,0.144,-0.014,13.16,-1.6,0.6,96,0
"2026-01-19 00:33:00",141031,"",7999,2026,1,19,0,27,5,-0.004,0.516,-0.004,-363363,0.466,-0.004,0.954,6.57,0,-0.004,-0.002,-0.04,-0.038,13.16,-1.6,0.6,100,0
"2026-01-19 00:36:00",141032,"",7999,2026,1,19,0,27,5,-0.004,0.516,-0.004,-363363,0.466,-0.004,0.954,6.57,0,-0.004,-0.002,-0.04,-0.038,13.16,-1.6,0.6,100,0
"2026-01-19 00:39:00",141033,"",7999,2026,1,19,0,33,5,-0.0042,0.516,-0.004,-363364.5,0.466,-0.005,0.955,6.57,0,-0.005,0.002,0.005,0.026,13.15,-1.6,0.6,100,0
"2026-01-19 00:42:00",141034,"",7999,2026,1,19,0,33,5,-0.0042,0.516,-0.004,-363364.5,0.466,-0.005,0.955,6.57,0,-0.005,0.002,0.005,0.026,13.15,-1.6,0.6,100,0
"2026-01-19 00:45:00",141035,"",7999,2026,1,19,0,39,5,-0.002,0.518,-0.002,-363365.5,0.468,-0.002,0.958,6.57,0,-0.002,-0.002,0.095,-0.026,13.16,-1.6,0.6,100,0
"2026-01-19 00:48:00",141036,"",7999,2026,1,19,0,39,5,-0.002,0.518,-0.002,-363365.5,0.468,-0.002,0.958,6.57,0,-0.002,-0.002,0.095,-0.026,13.16,-1.6,0.6,100,0
"2026-01-19 00:51:00",141037,"",7999,2026,1,19,0,45,5,-0.0013,0.523,-0.001,-363366.1,0.473,-0.001,0.968,6.57,0,-0.001,0.001,-0.042,0.036,13.15,-1.6,0.6,100,0
"2026-01-19 00:54:00",141038,"",7999,2026,1,19,0,45,5,-0.0013,0.523,-0.001,-363366.1,0.473,-0.001,0.968,6.57,0,-0.001,0.001,-0.042,0.036,13.15,-1.6,0.6,100,0
"2026-01-19 00:57:00",141039,"",7999,2026,1,19,0,51,5,-0.0056,0.525,-0.006,-363367.6,0.475,-0.004,0.972,6.58,0,-0.004,0.002,-0.021,-0.021,13.16,-1.6,0.6,100,0
"2026-01-19 01:00:00",141040,"",7999,2026,1,19,0,51,5,-0.0056,0.525,-0.006,-363367.6,0.475,-0.004,0.972,6.58,0,-0.004,0.002,-0.021,-0.021,13.16,-1.6,0.6,100,0
"2026-01-19 01:03:00",141041,"",7999,2026,1,19,0,57,5,-0.0031,0.52,-0.003,-363369.1,0.47,-0.002,0.963,6.59,0,-0.002,0.006,-0.026,0.107,13.16,-1.6,0.6,100,0
"2026-01-19 01:06:00",141042,"",7999,2026,1,19,0,57,5,-0.0031,0.52,-0.003,-363369.1,0.47,-0.002,0.963,6.59,0,-0.002,0.006,-0.026,0.107,13.16,-1.6,0.6,100,0
"2026-01-19 01:09:00",141043,"",7999,2026,1,19,1,3,5,-0,0.517,0,-363369.5,0.467,0,0.957,6.57,0,0,0,-0.016,-0.045,13.16,-1.6,0.6,100,0
"2026-01-19 01:12:00",141044,"",7999,2026,1,19,1,3,5,-0,0.517,0,-363369.5,0.467,0,0.957,6.57,0,0,0,-0.016,-0.045,13.16,-1.6,0.6,100,0
"2026-01-19 01:15:00",141045,"",7999,2026,1,19,1,9,5,-0.0038,0.516,-0.004,-363370.4,0.466,-0.004,0.956,6.58,0,-0.004,-0.003,-0.163,-0.081,13.15,-1.6,0.6,99,0
"2026-01-19 01:18:00",141046,"",7999,2026,1,19,1,9,5,-0.0038,0.516,-0.004,-363370.4,0.466,-0.004,0.956,6.58,0,-0.004,-0.003,-0.163,-0.081,13.15,-1.6,0.6,99,0
"2026-01-19 01:21:00",141047,"",7999,2026,1,19,1,15,5,-0.0066,0.517,-0.007,-363372.4,0.467,-0.006,0.958,6.57,0,-0.006,0.003,-0.014,-0.026,13.16,-1.6,0.6,95,0
"2026-01-19 01:24:00",141048,"",7999,2026,1,19,1,15,5,-0.0066,0.517,-0.007,-363372.4,0.467,-0.006,0.958,6.57,0,-0.006,0.003,-0.014,-0.026,13.16,-1.6,0.6,95,0
"2026-01-19 01:27:00",141049,"",7999,2026,1,19,1,21,5,0.0056,0.525,0.006,-363371.8,0.475,0.005,0.971,6.55,0,0.005,-0.002,0.021,0.007,13.15,-1.6,0.6,100,0
"2026-01-19 01:30:00",141050,"",7999,2026,1,19,1,21,5,0.0056,0.525,0.006,-363371.8,0.475,0.005,0.971,6.55,0,0.005,-0.002,0.021,0.007,13.15,-1.6,0.6,100,0
"2026-01-19 01:33:00",141051,"",7999,2026,1,19,1,27,5,-0.0071,0.53,-0.007,-363372.9,0.48,-0.006,0.981,6.53,0,-0.006,0.002,-0.016,0.005,13.15,-1.6,0.6,100,0
"2026-01-19 01:36:00",141052,"",7999,2026,1,19,1,27,5,-0.0071,0.53,-0.007,-363372.9,0.48,-0.006,0.981,6.53,0,-0.006,0.002,-0.016,0.005,13.15,-1.6,0.6,100,0
"2026-01-19 01:39:00",141053,"",7999,2026,1,19,1,33,5,-0.0102,0.538,-0.01,-363376.2,0.488,-0.01,0.995,6.53,0,-0.01,0.004,0.03,-0.007,13.15,-1.6,0.6,100,0
"2026-01-19 01:42:00",141054,"",7999,2026,1,19,1,33,5,-0.0102,0.538,-0.01,-363376.2,0.488,-0.01,0.995,6.53,0,-0.01,0.004,0.03,-0.007,13.15,-1.6,0.6,100,0
"2026-01-19 01:45:00",141055,"",7999,2026,1,19,1,39,5,0.0133,0.546,0.013,-363374.2,0.496,0.012,1.01,6.54,0,0.012,0.001,-0.033,0.007,13.15,-1.6,0.6,100,0
"2026-01-19 01:48:00",141056,"",7999,2026,1,19,1,39,5,0.0133,0.546,0.013,-363374.2,0.496,0.012,1.01,6.54,0,0.012,0.001,-0.033,0.007,13.15,-1.6,0.6,100,0
"2026-01-19 01:51:00",141057,"",7999,2026,1,19,1,45,5,-0.0025,0.549,-0.003,-363373.2,0.499,-0.002,1.015,6.54,0,-0.002,0.002,-0.035,-0.014,13.15,-1.6,0.6,100,0
"2026-01-19 01:54:00",141058,"",7999,2026,1,19,1,45,5,-0.0025,0.549,-0.003,-363373.2,0.499,-0.002,1.015,6.54,0,-0.002,0.002,-0.035,-0.014,13.15,-1.6,0.6,100,0
"2026-01-19 01:57:00",141059,"",7999,2026,1,19,1,51,5,-0.0045,0.552,-0.004,-363374.6,0.502,-0.004,1.022,6.56,0,-0.004,-0.001,0.019,0,13.15,-1.6,0.6,100,0
"2026-01-19 02:00:00",141060,"",7999,2026,1,19,1,51,5,-0.0045,0.552,-0.004,-363374.6,0.502,-0.004,1.022,6.56,0,-0.004,-0.001,0.019,0,13.15,-1.6,0.6,100,0
"2026-01-19 02:03:00",141061,"",7999,2026,1,19,1,57,5,0.0056,0.561,0.005,-363373.8,0.511,0.005,1.039,6.54,0,0.005,0,0.007,-0.038,13.15,-1.6,0.6,100,0
"2026-01-19 02:06:00",141062,"",7999,2026,1,19,1,57,5,0.0056,0.561,0.005,-363373.8,0.511,0.005,1.039,6.54,0,0.005,0,0.007,-0.038,13.15,-1.6,0.6,100,0
"2026-01-19 02:09:00",141063,"",7999,2026,1,19,2,3,5,0.0073,0.567,0.007,-363371.3,0.517,0.005,1.048,6.48,0,0.005,-0.002,-0.014,0.083,13.15,-1.6,0.6,100,0
"2026-01-19 02:12:00",141064,"",7999,2026,1,19,2,3,5,0.0073,0.567,0.007,-363371.3,0.517,0.005,1.048,6.48,0,0.005,-0.002,-0.014,0.083,13.15,-1.6,0.6,100,0
"2026-01-19 02:15:00",141065,"",7999,2026,1,19,2,9,5,0.0102,0.571,0.01,-363368,0.521,0.008,1.057,6.49,0,0.008,-0.003,-0.072,-0.026,13.15,-1.6,0.6,100,0
"2026-01-19 02:18:00",141066,"",7999,2026,1,19,2,9,5,0.0102,0.571,0.01,-363368,0.521,0.008,1.057,6.49,0,0.008,-0.003,-0.072,-0.026,13.15,-1.6,0.6,100,0
"2026-01-19 02:21:00",141067,"",7999,2026,1,19,2,15,5,0.0009,0.575,0.001,-363366.6,0.525,0.001,1.063,6.52,0,0.001,0.004,0.023,0.019,13.15,-1.6,0.6,100,0
"2026-01-19 02:24:00",141068,"",7999,2026,1,19,2,15,5,0.0009,0.575,0.001,-363366.6,0.525,0.001,1.063,6.52,0,0.001,0.004,0.023,0.019,13.15,-1.6,0.6,100,0
"2026-01-19 02:27:00",141069,"",7999,2026,1,19,2,21,5,0.0042,0.572,0.004,-363365.4,0.522,0.004,1.058,6.53,0,0.004,0.002,-0.065,-0.036,13.15,-1.6,0.6,100,0
"2026-01-19 02:30:00",141070,"",7999,2026,1,19,2,21,5,0.0042,0.572,0.004,-363365.4,0.522,0.004,1.058,6.53,0,0.004,0.002,-0.065,-0.036,13.15,-1.6,0.6,100,0
"2026-01-19 02:33:00",141071,"",7999,2026,1,19,2,27,5,0.0083,0.575,0.008,-363362.9,0.525,0.006,1.063,6.53,0,0.006,0.001,0.021,0.054,13.15,-1.6,0.6,100,0
"2026-01-19 02:36:00",141072,"",7999,2026,1,19,2,27,5,0.0083,0.575,0.008,-363362.9,0.525,0.006,1.063,6.53,0,0.006,0.001,0.021,0.054,13.15,-1.6,0.6,100,0
"2026-01-19 02:39:00",141073,"",7999,2026,1,19,2,33,5,-0.0044,0.583,-0.004,-363363,0.533,-0.005,1.079,6.51,0,-0.005,0.002,0.019,-0.002,13.15,-1.6,0.6,100,0
"2026-01-19 02:42:00",141074,"",7999,2026,1,19,2,33,5,-0.0044,0.583,-0.004,-363363,0.533,-0.005,1.079,6.51,0,-0.005,0.002,0.019,-0.002,13.15,-1.6,0.6,100,0
"2026-01-19 02:45:00",141075,"",7999,2026,1,19,2,39,5,0.0006,0.583,0.001,-363363.3,0.533,0,1.079,6.46,0,0,0,-0.005,-0.002,13.15,-1.6,0.6,100,0
"2026-01-19 02:48:00",141076,"",7999,2026,1,19,2,39,5,0.0006,0.583,0.001,-363363.3,0.533,0,1.079,6.46,0,0,0,-0.005,-0.002,13.15,-1.6,0.6,100,0
"2026-01-19 02:51:00",141077,"",7999,2026,1,19,2,45,5,-0.0018,0.583,-0.002,-363363.7,0.533,-0.001,1.079,6.49,0,-0.001,-0.001,0.002,-0.007,13.15,-1.6,0.6,100,0
"2026-01-19 02:54:00",141078,"",7999,2026,1,19,2,45,5,-0.0018,0.583,-0.002,-363363.7,0.533,-0.001,1.079,6.49,0,-0.001,-0.001,0.002,-0.007,13.15,-1.6,0.6,100,0
"2026-01-19 02:57:00",141079,"",7999,2026,1,19,2,51,5,-0.0049,0.583,-0.005,-363365.1,0.533,-0.004,1.078,6.51,0,-0.004,0.001,-0.044,-0.014,13.15,-1.6,0.6,100,0
"2026-01-19 03:00:00",141080,"",7999,2026,1,19,2,51,5,-0.0049,0.583,-0.005,-363365.1,0.533,-0.004,1.078,6.51,0,-0.004,0.001,-0.044,-0.014,13.15,-1.6,0.6,100,0
"2026-01-19 03:03:00",141081,"",7999,2026,1,19,2,57,5,-0.0012,0.588,-0.001,-363366,0.538,-0.001,1.088,6.5,0,-0.001,0.002,-0.051,-0.005,13.15,-1.6,0.6,100,0
"2026-01-19 03:06:00",141082,"",7999,2026,1,19,2,57,5,-0.0012,0.588,-0.001,-363366,0.538,-0.001,1.088,6.5,0,-0.001,0.002,-0.051,-0.005,13.15,-1.6,0.6,100,0
"2026-01-19 03:09:00",141083,"",7999,2026,1,19,3,3,5,0.0022,0.591,0.002,-363365.6,0.541,0.001,1.094,6.47,0,0.001,0.001,0.023,-0.012,13.15,-1.6,0.6,100,0
"2026-01-19 03:12:00",141084,"",7999,2026,1,19,3,3,5,0.0022,0.591,0.002,-363365.6,0.541,0.001,1.094,6.47,0,0.001,0.001,0.023,-0.012,13.15,-1.6,0.6,100,0
"2026-01-19 03:15:00",141085,"",7999,2026,1,19,3,9,5,-0.0032,0.591,-0.003,-363366.1,0.541,-0.002,1.093,6.46,0,-0.002,0,0.014,-0.014,13.15,-1.6,0.6,100,0
"2026-01-19 03:18:00",141086,"",7999,2026,1,19,3,9,5,-0.0032,0.591,-0.003,-363366.1,0.541,-0.002,1.093,6.46,0,-0.002,0,0.014,-0.014,13.15,-1.6,0.6,100,0
"2026-01-19 03:21:00",141087,"",7999,2026,1,19,3,15,5,-0.0023,0.591,-0.002,-363367.1,0.541,-0.001,1.094,6.46,0,-0.001,0.001,0.012,-0.028,13.15,-1.6,0.6,100,0
"2026-01-19 03:24:00",141088,"",7999,2026,1,19,3,15,5,-0.0023,0.591,-0.002,-363367.1,0.541,-0.001,1.094,6.46,0,-0.001,0.001,0.012,-0.028,13.15,-1.6,0.6,100,0
"2026-01-19 03:27:00",141089,"",7999,2026,1,19,3,21,5,0.0016,0.592,0.001,-363366.9,0.542,0,1.096,6.48,0,0,0,-0.051,0.005,13.15,-1.6,0.6,100,0
"2026-01-19 03:30:00",141090,"",7999,2026,1,19,3,21,5,0.0016,0.592,0.001,-363366.9,0.542,0,1.096,6.48,0,0,0,-0.051,0.005,13.15,-1.6,0.6,100,0
"2026-01-19 03:33:00",141091,"",7999,2026,1,19,3,27,5,0.0006,0.596,0.001,-363366.6,0.546,0,1.103,6.48,0,0,0,0.016,0.019,13.15,-1.6,0.6,100,0
"2026-01-19 03:36:00",141092,"",7999,2026,1,19,3,27,5,0.0006,0.596,0.001,-363366.6,0.546,0,1.103,6.48,0,0,0,0.016,0.019,13.15,-1.6,0.6,100,0
"2026-01-19 03:39:00",141093,"",7999,2026,1,19,3,33,5,0.0012,0.6,0.001,-363366.2,0.55,0,1.11,6.46,0,0,0,-0.033,-0.007,13.15,-1.6,0.6,100,0
"2026-01-19 03:42:00",141094,"",7999,2026,1,19,3,33,5,0.0012,0.6,0.001,-363366.2,0.55,0,1.11,6.46,0,0,0,-0.033,-0.007,13.15,-1.6,0.6,100,0
"2026-01-19 03:45:00",141095,"",7999,2026,1,19,3,39,5,-0.0023,0.598,-0.002,-363366.6,0.548,0,1.107,6.43,0,0,0,-0.021,-0.007,13.15,-1.6,0.6,100,0
"2026-01-19 03:48:00",141096,"",7999,2026,1,19,3,39,5,-0.0023,0.598,-0.002,-363366.6,0.548,0,1.107,6.43,0,0,0,-0.021,-0.007,13.15,-1.6,0.6,100,0
"2026-01-19 03:51:00",141097,"",7999,2026,1,19,3,45,5,-0.0001,0.599,0,-363367,0.549,0,1.108,6.48,0,0,0,-0.016,0,13.15,-1.6,0.6,100,0
"2026-01-19 03:54:00",141098,"",7999,2026,1,19,3,45,5,-0.0001,0.599,0,-363367,0.549,0,1.108,6.48,0,0,0,-0.016,0,13.15,-1.6,0.6,100,0
"2026-01-19 03:57:00",141099,"",7999,2026,1,19,3,51,5,-0.0009,0.6,-0.001,-363367.2,0.55,-0.001,1.111,6.5,0,-0.001,-0.001,0.046,-0.002,13.15,-1.6,0.6,100,0
"2026-01-19 04:00:00",141100,"",7999,2026,1,19,3,51,5,-0.0009,0.6,-0.001,-363367.2,0.55,-0.001,1.111,6.5,0,-0.001,-0.001,0.046,-0.002,13.15,-1.6,0.6,100,0
"2026-01-19 04:03:00",141101,"",7999,2026,1,19,3,57,5,0.002,0.603,0.002,-363366.8,0.553,0.001,1.115,6.47,0,0.001,0.001,-0.005,-0.017,13.15,-1.6,0.6,100,0
"2026-01-19 04:06:00",141102,"",7999,2026,1,19,3,57,5,0.002,0.603,0.002,-363366.8,0.553,0.001,1.115,6.47,0,0.001,0.001,-0.005,-0.017,13.15,-1.6,0.6,100,0
"2026-01-19 04:09:00",141103,"",7999,2026,1,19,4,3,5,0.0043,0.609,0.004,-363365.5,0.559,0.002,1.126,6.46,0,0.002,0,0.012,0,13.15,-1.6,0.6,100,0
"2026-01-19 04:12:00",141104,"",7999,2026,1,19,4,3,5,0.0043,0.609,0.004,-363365.5,0.559,0.002,1.126,6.46,0,0.002,0,0.012,0,13.15,-1.6,0.6,100,0
"2026-01-19 04:15:00",141105,"",7999,2026,1,19,4,9,5,-0,0.616,0,-363365,0.566,0,1.14,6.47,0,0,0.001,-0.007,0.009,13.15,-1.6,0.6,100,0
"2026-01-19 04:18:00",141106,"",7999,2026,1,19,4,9,5,-0,0.616,0,-363365,0.566,0,1.14,6.47,0,0,0.001,-0.007,0.009,13.15,-1.6,0.6,100,0
"2026-01-19 04:21:00",141107,"",7999,2026,1,19,4,15,5,0.0083,0.628,0.007,-363363.1,0.578,0.006,1.161,6.47,0,0.006,-0.001,-0.002,-0.002,13.15,-1.6,0.6,100,0
"2026-01-19 04:24:00",141108,"",7999,2026,1,19,4,15,5,0.0083,0.628,0.007,-363363.1,0.578,0.006,1.161,6.47,0,0.006,-0.001,-0.002,-0.002,13.15,-1.6,0.6,100,0
"2026-01-19 04:27:00",141109,"",7999,2026,1,19,4,21,5,0.0127,0.64,0.011,-363359,0.59,0.01,1.185,6.49,0,0.01,0.001,-0.002,-0.005,13.15,-1.6,0.6,100,0
"2026-01-19 04:30:00",141110,"",7999,2026,1,19,4,21,5,0.0127,0.64,0.011,-363359,0.59,0.01,1.185,6.49,0,0.01,0.001,-0.002,-0.005,13.15,-1.6,0.6,100,0
"2026-01-19 04:33:00",141111,"",7999,2026,1,19,4,27,5,0.0058,0.648,0.005,-363356.1,0.598,0.004,1.199,6.44,0,0.004,-0.002,-0.016,-0.019,13.15,-1.6,0.6,100,0
"2026-01-19 04:36:00",141112,"",7999,2026,1,19,4,27,5,0.0058,0.648,0.005,-363356.1,0.598,0.004,1.199,6.44,0,0.004,-0.002,-0.016,-0.019,13.15,-1.6,0.6,100,0
"2026-01-19 04:39:00",141113,"",7999,2026,1,19,4,33,5,0.0086,0.653,0.007,-363353.3,0.603,0.006,1.209,6.44,0,0.006,-0.001,0.002,-0.007,13.15,-1.6,0.6,100,0
"2026-01-19 04:42:00",141114,"",7999,2026,1,19,4,33,5,0.0086,0.653,0.007,-363353.3,0.603,0.006,1.209,6.44,0,0.006,-0.001,0.002,-0.007,13.15,-1.6,0.6,100,0
"2026-01-19 04:45:00",141115,"",7999,2026,1,19,4,39,5,0.0047,0.655,0.004,-363351.1,0.605,0.002,1.212,6.42,0,0.002,0.001,0.009,-0.014,13.15,-1.6,0.6,100,0
"2026-01-19 04:48:00",141116,"",7999,2026,1,19,4,39,5,0.0047,0.655,0.004,-363351.1,0.605,0.002,1.212,6.42,0,0.002,0.001,0.009,-0.014,13.15,-1.6,0.6,100,0
"2026-01-19 04:51:00",141117,"",7999,2026,1,19,4,45,5,-0.0001,0.655,0,-363350.5,0.605,0,1.212,6.46,0,0,0,-0.005,-0.024,13.15,-1.6,0.6,100,0
"2026-01-19 04:54:00",141118,"",7999,2026,1,19,4,45,5,-0.0001,0.655,0,-363350.5,0.605,0,1.212,6.46,0,0,0,-0.005,-0.024,13.15,-1.6,0.6,100,0
"2026-01-19 04:57:00",141119,"",7999,2026,1,19,4,51,5,0.0044,0.655,0.004,-363349.5,0.605,0.004,1.213,6.49,0,0.004,0.002,-0.014,-0.007,13.15,-1.6,0.6,100,0
"2026-01-19 05:00:00",141120,"",7999,2026,1,19,4,51,5,0.0044,0.655,0.004,-363349.5,0.605,0.004,1.213,6.49,0,0.004,0.002,-0.014,-0.007,13.15,-1.6,0.6,100,0
"2026-01-19 05:03:00",141121,"",7999,2026,1,19,4,57,5,0.0025,0.659,0.002,-363348.3,0.609,0,1.219,6.5,0,0,0,-0.014,-0.014,13.15,-1.6,0.6,100,0
"2026-01-19 05:06:00",141122,"",7999,2026,1,19,4,57,5,0.0025,0.659,0.002,-363348.3,0.609,0,1.219,6.5,0,0,0,-0.014,-0.014,13.15,-1.6,0.6,100,0
"2026-01-19 05:09:00",141123,"",7999,2026,1,19,5,3,5,0.0022,0.661,0.002,-363347.5,0.611,0.001,1.223,6.47,0,0.001,-0.001,-0.026,-0.014,13.15,-1.6,0.6,100,0
"2026-01-19 05:12:00",141124,"",7999,2026,1,19,5,3,5,0.0022,0.661,0.002,-363347.5,0.611,0.001,1.223,6.47,0,0.001,-0.001,-0.026,-0.014,13.15,-1.6,0.6,100,0
"2026-01-19 05:15:00",141125,"",7999,2026,1,19,5,9,5,-0.0045,0.658,-0.004,-363348.3,0.608,-0.002,1.217,6.43,0,-0.002,0,-0.014,-0.012,13.15,-1.6,0.6,100,0
"2026-01-19 05:18:00",141126,"",7999,2026,1,19,5,9,5,-0.0045,0.658,-0.004,-363348.3,0.608,-0.002,1.217,6.43,0,-0.002,0,-0.014,-0.012,13.15,-1.6,0.6,100,0
"2026-01-19 05:21:00",141127,"",7999,2026,1,19,5,15,5,-0.009,0.652,-0.007,-363351.1,0.602,-0.006,1.208,6.47,0,-0.006,-0.001,-0.028,-0.017,13.15,-1.6,0.6,100,0
"2026-01-19 05:24:00",141128,"",7999,2026,1,19,5,15,5,-0.009,0.652,-0.007,-363351.1,0.602,-0.006,1.208,6.47,0,-0.006,-0.001,-0.028,-0.017,13.15,-1.6,0.6,100,0
"2026-01-19 05:27:00",141129,"",7999,2026,1,19,5,21,5,-0.0133,0.64,-0.011,-363355.3,0.59,-0.01,1.185,6.51,0,-0.01,0,-0.016,-0.024,13.15,-1.6,0.6,100,0
"2026-01-19 05:30:00",141130,"",7999,2026,1,19,5,21,5,-0.0133,0.64,-0.011,-363355.3,0.59,-0.01,1.185,6.51,0,-0.01,0,-0.016,-0.024,13.15,-1.6,0.6,100,0
"2026-01-19 05:33:00",141131,"",7999,2026,1,19,5,27,5,-0.0052,0.638,-0.004,-363358.2,0.588,-0.004,1.18,6.54,0,-0.004,0.001,0.002,-0.005,13.15,-1.6,0.6,100,0
"2026-01-19 05:36:00",141132,"",7999,2026,1,19,5,27,5,-0.0052,0.638,-0.004,-363358.2,0.588,-0.004,1.18,6.54,0,-0.004,0.001,0.002,-0.005,13.15,-1.6,0.6,100,0
"2026-01-19 05:39:00",141133,"",7999,2026,1,19,5,33,5,-0.0059,0.636,-0.005,-363360.3,0.586,-0.004,1.177,6.5,0,-0.004,-0.001,-0.016,-0.012,13.15,-1.6,0.6,100,0
"2026-01-19 05:42:00",141134,"",7999,2026,1,19,5,33,5,-0.0059,0.636,-0.005,-363360.3,0.586,-0.004,1.177,6.5,0,-0.004,-0.001,-0.016,-0.012,13.15,-1.6,0.6,100,0
"2026-01-19 05:45:00",141135,"",7999,2026,1,19,5,39,5,-0.0016,0.634,-0.001,-363361.4,0.584,0,1.173,6.46,0,0,0,-0.007,-0.007,13.15,-1.6,0.6,100,0
"2026-01-19 05:48:00",141136,"",7999,2026,1,19,5,39,5,-0.0016,0.634,-0.001,-363361.4,0.584,0,1.173,6.46,0,0,0,-0.007,-0.007,13.15,-1.6,0.6,100,0
"2026-01-19 05:51:00",141137,"",7999,2026,1,19,5,45,5,-0.0004,0.636,0,-363361.7,0.586,0,1.178,6.48,0,0,0,0.005,0,13.15,-1.6,0.6,100,0
"2026-01-19 05:54:00",141138,"",7999,2026,1,19,5,45,5,-0.0004,0.636,0,-363361.7,0.586,0,1.178,6.48,0,0,0,0.005,0,13.15,-1.6,0.6,100,0
"2026-01-19 05:57:00",141139,"",7999,2026,1,19,5,51,5,-0.0007,0.636,-0.001,-363361.9,0.586,0,1.176,6.47,0,0,0,-0.007,-0.017,13.15,-1.6,0.6,100,0
"2026-01-19 06:00:00",141140,"",7999,2026,1,19,5,51,5,-0.0007,0.636,-0.001,-363361.9,0.586,0,1.176,6.47,0,0,0,-0.007,-0.017,13.15,-1.6,0.6,100,0
"2026-01-19 06:03:00",141141,"",7999,2026,1,19,5,57,5,0.0042,0.639,0.004,-363360.9,0.589,0.002,1.182,6.51,0,0.002,0,0.014,-0.014,13.15,-1.6,0.6,100,0
"2026-01-19 06:06:00",141142,"",7999,2026,1,19,5,57,5,0.0042,0.639,0.004,-363360.9,0.589,0.002,1.182,6.51,0,0.002,0,0.014,-0.014,13.15,-1.6,0.6,100,0
"2026-01-19 06:09:00",141143,"",7999,2026,1,19,6,3,5,0.004,0.646,0.003,-363359.5,0.596,0.002,1.196,6.52,0,0.002,-0.001,-0.009,-0.002,13.15,-1.6,0.6,100,0
"2026-01-19 06:12:00",141144,"",7999,2026,1,19,6,3,5,0.004,0.646,0.003,-363359.5,0.596,0.002,1.196,6.52,0,0.002,-0.001,-0.009,-0.002,13.15,-1.6,0.6,100,0
"2026-01-19 06:15:00",141145,"",7999,2026,1,19,6,9,5,-0.0047,0.646,-0.004,-363360.1,0.596,-0.002,1.195,6.45,0,-0.002,0.001,-0.021,-0.021,13.15,-1.6,0.6,100,0
"2026-01-19 06:18:00",141146,"",7999,2026,1,19,6,9,5,-0.0047,0.646,-0.004,-363360.1,0.596,-0.002,1.195,6.45,0,-0.002,0.001,-0.021,-0.021,13.15,-1.6,0.6,100,0
"2026-01-19 06:21:00",141147,"",7999,2026,1,19,6,15,5,-0.0096,0.639,-0.008,-363363,0.589,-0.007,1.182,6.47,0,-0.007,0,-0.03,-0.021,13.15,-1.6,0.6,100,0
"2026-01-19 06:24:00",141148,"",7999,2026,1,19,6,15,5,-0.0096,0.639,-0.008,-363363,0.589,-0.007,1.182,6.47,0,-0.007,0,-0.03,-0.021,13.15,-1.6,0.6,100,0
"2026-01-19 06:27:00",141149,"",7999,2026,1,19,6,21,5,-0.0093,0.632,-0.008,-363366.4,0.582,-0.006,1.17,6.52,0,-0.006,0.001,0,-0.007,13.15,-1.6,0.6,100,0
"2026-01-19 06:30:00",141150,"",7999,2026,1,19,6,21,5,-0.0093,0.632,-0.008,-363366.4,0.582,-0.006,1.17,6.52,0,-0.006,0.001,0,-0.007,13.15,-1.6,0.6,100,0
"2026-01-19 06:33:00",141151,"",7999,2026,1,19,6,27,5,0.0026,0.63,0.002,-363366.9,0.58,0.001,1.166,6.49,0,0.001,0.001,0,0,13.15,-1.6,0.6,100,0
"2026-01-19 06:36:00",141152,"",7999,2026,1,19,6,27,5,0.0026,0.63,0.002,-363366.9,0.58,0.001,1.166,6.49,0,0.001,0.001,0,0,13.15,-1.6,0.6,100,0
"2026-01-19 06:39:00",141153,"",7999,2026,1,19,6,33,5,0.0047,0.635,0.004,-363365.4,0.585,0.002,1.175,6.47,0,0.002,0,-0.007,0.002,13.15,-1.6,0.6,100,0
"2026-01-19 06:42:00",141154,"",7999,2026,1,19,6,33,5,0.0047,0.635,0.004,-363365.4,0.585,0.002,1.175,6.47,0,0.002,0,-0.007,0.002,13.15,-1.6,0.6,100,0
"2026-01-19 06:45:00",141155,"",7999,2026,1,19,6,39,5,-0.0008,0.636,-0.001,-363365.1,0.586,0,1.178,6.38,0,0,0,0,-0.009,13.15,-1.6,0.6,100,0
"2026-01-19 06:48:00",141156,"",7999,2026,1,19,6,39,5,-0.0008,0.636,-0.001,-363365.1,0.586,0,1.178,6.38,0,0,0,0,-0.009,13.15,-1.6,0.6,100,0
"2026-01-19 06:51:00",141157,"",7999,2026,1,19,6,45,5,-0.0018,0.636,-0.002,-363365.6,0.586,0,1.177,6.4,0,0,0,-0.016,-0.019,13.15,-1.6,0.6,100,0
"2026-01-19 06:54:00",141158,"",7999,2026,1,19,6,45,5,-0.0018,0.636,-0.002,-363365.6,0.586,0,1.177,6.4,0,0,0,-0.016,-0.019,13.15,-1.6,0.6,100,0
"2026-01-19 06:57:00",141159,"",7999,2026,1,19,6,51,5,-0.0073,0.632,-0.006,-363367.6,0.582,-0.005,1.169,6.48,0,-0.005,0,-0.014,-0.007,13.15,-1.6,0.6,100,0
"2026-01-19 07:00:00",141160,"",7999,2026,1,19,6,51,5,-0.0073,0.632,-0.006,-363367.6,0.582,-0.005,1.169,6.48,0,-0.005,0,-0.014,-0.007,13.15,-1.6,0.6,100,0
"2026-01-19 07:03:00",141161,"",7999,2026,1,19,6,57,5,-0.003,0.625,-0.003,-363369.3,0.575,-0.001,1.157,6.53,0,-0.001,0.001,0.002,-0.009,13.15,-1.6,0.6,100,0
"2026-01-19 07:06:00",141162,"",7999,2026,1,19,6,57,5,-0.003,0.625,-0.003,-363369.3,0.575,-0.001,1.157,6.53,0,-0.001,0.001,0.002,-0.009,13.15,-1.6,0.6,100,0
"2026-01-19 07:09:00",141163,"",7999,2026,1,19,7,3,5,0.0006,0.623,0.001,-363369.5,0.573,0.001,1.152,6.53,0,0.001,-0.001,0.005,-0.007,13.15,-1.6,0.6,100,0
"2026-01-19 07:12:00",141164,"",7999,2026,1,19,7,3,5,0.0006,0.623,0.001,-363369.5,0.573,0.001,1.152,6.53,0,0.001,-0.001,0.005,-0.007,13.15,-1.6,0.6,100,0
"2026-01-19 07:15:00",141165,"",7999,2026,1,19,7,9,5,-0.006,0.613,-0.005,-363370.8,0.563,-0.005,1.135,6.47,0,-0.005,0.001,-0.007,-0.007,13.15,-1.6,0.6,100,0
"2026-01-19 07:18:00",141166,"",7999,2026,1,19,7,9,5,-0.006,0.613,-0.005,-363370.8,0.563,-0.005,1.135,6.47,0,-0.005,0.001,-0.007,-0.007,13.15,-1.6,0.6,100,0
"2026-01-19 07:21:00",141167,"",7999,2026,1,19,7,15,5,-0.0063,0.606,-0.006,-363373.1,0.556,-0.004,1.122,6.44,0,-0.004,-0.001,-0.002,-0.009,13.15,-1.6,0.6,100,0
"2026-01-19 07:24:00",141168,"",7999,2026,1,19,7,15,5,-0.0063,0.606,-0.006,-363373.1,0.556,-0.004,1.122,6.44,0,-0.004,-0.001,-0.002,-0.009,13.15,-1.6,0.6,100,0
"2026-01-19 07:27:00",141169,"",7999,2026,1,19,7,21,5,-0.0065,0.603,-0.006,-363375.4,0.553,-0.005,1.115,6.42,0,-0.005,-0.001,0.012,-0.021,13.15,-1.6,0.6,100,0
"2026-01-19 07:30:00",141170,"",7999,2026,1,19,7,21,5,-0.0065,0.603,-0.006,-363375.4,0.553,-0.005,1.115,6.42,0,-0.005,-0.001,0.012,-0.021,13.15,-1.6,0.6,100,0
"2026-01-19 07:33:00",141171,"",7999,2026,1,19,7,27,5,-0.0026,0.597,-0.002,-363376.8,0.547,-0.001,1.105,6.44,0,-0.001,-0.001,0.012,-0.019,13.15,-1.6,0.6,100,0
"2026-01-19 07:36:00",141172,"",7999,2026,1,19,7,27,5,-0.0026,0.597,-0.002,-363376.8,0.547,-0.001,1.105,6.44,0,-0.001,-0.001,0.012,-0.019,13.15,-1.6,0.6,100,0
"2026-01-19 07:39:00",141173,"",7999,2026,1,19,7,33,5,0.0002,0.598,0,-363377.1,0.548,0,1.106,6.46,0,0,0,0.042,-0.017,13.15,-1.6,0.6,100,0
"2026-01-19 07:42:00",141174,"",7999,2026,1,19,7,33,5,0.0002,0.598,0,-363377.1,0.548,0,1.106,6.46,0,0,0,0.042,-0.017,13.15,-1.6,0.6,100,0
"2026-01-19 07:45:00",141175,"",7999,2026,1,19,7,39,5,-0.0031,0.595,-0.003,-363377.8,0.545,-0.002,1.1,6.44,0,-0.002,0,-0.04,-0.017,13.15,-1.6,0.6,100,0
"2026-01-19 07:48:00",141176,"",7999,2026,1,19,7,39,5,-0.0031,0.595,-0.003,-363377.8,0.545,-0.002,1.1,6.44,0,-0.002,0,-0.04,-0.017,13.15,-1.6,0.6,100,0
"2026-01-19 07:51:00",141177,"",7999,2026,1,19,7,45,5,-0.0077,0.587,-0.007,-363380.1,0.537,-0.006,1.085,6.39,0,-0.006,-0.001,0.005,0,13.15,-1.6,0.6,100,0
"2026-01-19 07:54:00",141178,"",7999,2026,1,19,7,45,5,-0.0077,0.587,-0.007,-363380.1,0.537,-0.006,1.085,6.39,0,-0.006,-0.001,0.005,0,13.15,-1.6,0.6,100,0
"2026-01-19 07:57:00",141179,"",7999,2026,1,19,7,51,5,0.0043,0.235,0.01,-363379.9,0.185,0.011,0.436,6.44,0,0.011,0.005,0.012,0.017,13.15,-1.6,0.6,100,0
"2026-01-19 08:00:00",141180,"",7999,2026,1,19,7,51,5,0.0043,0.235,0.01,-363379.9,0.185,0.011,0.436,6.44,0,0.011,0.005,0.012,0.017,13.15,-1.6,0.6,100,0
"2026-01-19 08:03:00",141181,"",7999,2026,1,19,7,57,5,0.0274,0.576,0.026,-363372.8,0.526,0.024,1.066,6.49,0,0.024,0.013,-0.021,-0.05,13.15,-1.6,0.6,100,0
"2026-01-19 08:06:00",141182,"",7999,2026,1,19,7,57,5,0.0274,0.576,0.026,-363372.8,0.526,0.024,1.066,6.49,0,0.024,0.013,-0.021,-0.05,13.15,-1.6,0.6,100,0
"2026-01-19 08:09:00",141183,"",7999,2026,1,19,8,3,5,-0.0009,0.571,-0.001,-363369.8,0.521,-0.001,1.057,6.43,0,-0.001,0.002,-0.021,0.002,13.15,-1.6,0.6,100,0
"2026-01-19 08:12:00",141184,"",7999,2026,1,19,8,3,5,-0.0009,0.571,-0.001,-363369.8,0.521,-0.001,1.057,6.43,0,-0.001,0.002,-0.021,0.002,13.15,-1.6,0.6,100,0
"2026-01-19 08:15:00",141185,"",7999,2026,1,19,8,9,5,-0.0006,0.567,-0.001,-363370,0.517,0,1.049,6.42,0,0,0,0.049,-0.009,13.15,-1.6,0.6,100,0
"2026-01-19 08:18:00",141186,"",7999,2026,1,19,8,9,5,-0.0006,0.567,-0.001,-363370,0.517,0,1.049,6.42,0,0,0,0.049,-0.009,13.15,-1.6,0.6,100,0
"2026-01-19 08:21:00",141187,"",7999,2026,1,19,8,15,5,-0.0033,0.564,-0.003,-363370.9,0.514,-0.001,1.044,6.44,0,-0.001,-0.001,0.058,0.095,13.15,-1.6,0.6,100,0
"2026-01-19 08:24:00",141188,"",7999,2026,1,19,8,15,5,-0.0033,0.564,-0.003,-363370.9,0.514,-0.001,1.044,6.44,0,-0.001,-0.001,0.058,0.095,13.15,-1.6,0.6,100,0
"2026-01-19 08:27:00",141189,"",7999,2026,1,19,8,21,5,-0.0045,0.56,-0.004,-363372.4,0.51,-0.005,1.036,6.46,0,-0.005,0.002,-0.021,-0.017,13.15,-1.6,0.6,100,0
"2026-01-19 08:30:00",141190,"",7999,2026,1,19,8,21,5,-0.0045,0.56,-0.004,-363372.4,0.51,-0.005,1.036,6.46,0,-0.005,0.002,-0.021,-0.017,13.15,-1.6,0.6,100,0
"2026-01-19 08:33:00",141191,"",7999,2026,1,19,8,27,5,-0.0027,0.557,-0.003,-363373.6,0.507,-0.002,1.032,6.49,0,-0.002,0,-0.044,-0.009,13.15,-1.7,0.5,100,0
"2026-01-19 08:36:00",141192,"",7999,2026,1,19,8,27,5,-0.0027,0.557,-0.003,-363373.6,0.507,-0.002,1.032,6.49,0,-0.002,0,-0.044,-0.009,13.15,-1.7,0.5,100,0
"2026-01-19 08:39:00",141193,"",7999,2026,1,19,8,33,5,-0.004,0.554,-0.004,-363374.9,0.504,-0.004,1.026,6.5,0,-0.004,0.001,0.044,-0.073,13.15,-1.7,0.5,100,0
"2026-01-19 08:42:00",141194,"",7999,2026,1,19,8,33,5,-0.004,0.554,-0.004,-363374.9,0.504,-0.004,1.026,6.5,0,-0.004,0.001,0.044,-0.073,13.15,-1.7,0.5,100,0
"2026-01-19 08:45:00",141195,"",7999,2026,1,19,8,39,5,-0.002,0.551,-0.002,-363375.9,0.501,-0.001,1.019,6.48,0,-0.001,0.001,0.03,-0.017,13.15,-1.7,0.5,100,0
"2026-01-19 08:48:00",141196,"",7999,2026,1,19,8,39,5,-0.002,0.551,-0.002,-363375.9,0.501,-0.001,1.019,6.48,0,-0.001,0.001,0.03,-0.017,13.15,-1.7,0.5,100,0
"2026-01-19 08:51:00",141197,"",7999,2026,1,19,8,45,5,-0.005,0.549,-0.005,-363377.4,0.499,-0.004,1.015,6.48,0,-0.004,0.002,-0.03,-0.033,13.15,-1.7,0.5,100,0
"2026-01-19 08:54:00",141198,"",7999,2026,1,19,8,45,5,-0.005,0.549,-0.005,-363377.4,0.499,-0.004,1.015,6.48,0,-0.004,0.002,-0.03,-0.033,13.15,-1.7,0.5,100,0
"2026-01-19 08:57:00",141199,"",7999,2026,1,19,8,51,5,-0.0004,0.552,0,-363378.1,0.502,0,1.022,6.49,0,0,0,0.007,0.019,13.15,-1.7,0.5,100,0
"2026-01-19 09:00:00",141200,"",7999,2026,1,19,8,51,5,-0.0004,0.552,0,-363378.1,0.502,0,1.022,6.49,0,0,0,0.007,0.019,13.15,-1.7,0.5,100,0
"2026-01-19 09:03:00",141201,"",7999,2026,1,19,8,57,5,-0.0003,0.555,0,-363378.2,0.505,0,1.027,6.46,0,0,0,0.035,0.007,13.15,-1.7,0.5,100,0
"2026-01-19 09:06:00",141202,"",7999,2026,1,19,8,57,5,-0.0003,0.555,0,-363378.2,0.505,0,1.027,6.46,0,0,0,0.035,0.007,13.15,-1.7,0.5,100,0
"2026-01-19 09:09:00",141203,"",7999,2026,1,19,9,3,5,-0.001,0.557,-0.001,-363378.5,0.507,0,1.031,6.43,0,0,0,0.009,-0.014,13.15,-1.8,0.5,100,0
"2026-01-19 09:12:00",141204,"",7999,2026,1,19,9,3,5,-0.001,0.557,-0.001,-363378.5,0.507,0,1.031,6.43,0,0,0,0.009,-0.014,13.15,-1.8,0.5,100,0
"2026-01-19 09:15:00",141205,"",7999,2026,1,19,9,9,5,0.0015,0.558,0.002,-363378.3,0.508,0.001,1.033,6.45,0,0.001,0.001,0.012,-0.028,13.15,-1.9,0.5,100,0
"2026-01-19 09:18:00",141206,"",7999,2026,1,19,9,9,5,0.0015,0.558,0.002,-363378.3,0.508,0.001,1.033,6.45,0,0.001,0.001,0.012,-0.028,13.15,-1.9,0.5,100,0
"2026-01-19 09:21:00",141207,"",7999,2026,1,19,9,15,5,-0.003,0.557,-0.003,-363378.8,0.507,-0.002,1.03,6.48,0,-0.002,0.001,0,-0.007,13.15,-1.9,0.5,100,0
"2026-01-19 09:24:00",141208,"",7999,2026,1,19,9,15,5,-0.003,0.557,-0.003,-363378.8,0.507,-0.002,1.03,6.48,0,-0.002,0.001,0,-0.007,13.15,-1.9,0.5,100,0
"2026-01-19 09:27:00",141209,"",7999,2026,1,19,9,21,5,-0.0024,0.56,-0.002,-363379.8,0.51,-0.001,1.036,6.53,0,-0.001,-0.001,0,-0.012,13.15,-1.9,0.5,100,0
"2026-01-19 09:30:00",141210,"",7999,2026,1,19,9,21,5,-0.0024,0.56,-0.002,-363379.8,0.51,-0.001,1.036,6.53,0,-0.001,-0.001,0,-0.012,13.15,-1.9,0.5,100,0
"2026-01-19 09:33:00",141211,"",7999,2026,1,19,9,27,5,-0.0126,0.565,-0.012,-363383.1,0.515,-0.01,1.046,6.53,2,-0.01,-0.001,-0.005,0.017,13.15,-2,0.5,100,0
"2026-01-19 09:36:00",141212,"",7999,2026,1,19,9,27,5,-0.0126,0.565,-0.012,-363383.1,0.515,-0.01,1.046,6.53,2,-0.01,-0.001,-0.005,0.017,13.15,-2,0.5,100,0
"2026-01-19 09:39:00",141213,"",7999,2026,1,19,9,33,5,0,0.563,0,-363384.6,0.513,0,1.041,6.49,0,0,0,0.056,-0.005,13.15,-1.9,0.5,100,0
"2026-01-19 09:42:00",141214,"",7999,2026,1,19,9,33,5,0,0.563,0,-363384.6,0.513,0,1.041,6.49,0,0,0,0.056,-0.005,13.15,-1.9,0.5,100,0
"2026-01-19 09:45:00",141215,"",7999,2026,1,19,9,39,5,0.0003,0.216,0.001,-363384.5,0.166,0.001,0.4,6.51,0,0.001,-0.002,-0.007,0.021,13.15,-1.9,0.5,100,0
"2026-01-19 09:48:00",141216,"",7999,2026,1,19,9,39,5,0.0003,0.216,0.001,-363384.5,0.166,0.001,0.4,6.51,0,0.001,-0.002,-0.007,0.021,13.15,-1.9,0.5,100,0
"2026-01-19 09:51:00",141217,"",7999,2026,1,19,9,45,5,0.0014,0.24,0.003,-363384.1,0.19,0.004,0.444,6.58,2,0.004,-0.002,0.016,-0.014,13.15,-2,0.5,100,0
"2026-01-19 09:54:00",141218,"",7999,2026,1,19,9,45,5,0.0014,0.24,0.003,-363384.1,0.19,0.004,0.444,6.58,2,0.004,-0.002,0.016,-0.014,13.15,-2,0.5,100,0
"2026-01-19 09:57:00",141219,"",7999,2026,1,19,9,51,5,0.0003,0.553,0,-363383.9,0.503,0.001,1.023,6.58,2,0.001,-0.001,0.023,0.005,13.15,-2,0.5,100,0
"2026-01-19 10:00:00",141220,"",7999,2026,1,19,9,51,5,0.0003,0.553,0,-363383.9,0.503,0.001,1.023,6.58,2,0.001,-0.001,0.023,0.005,13.15,-2,0.5,100,0
"2026-01-19 10:03:00",141221,"",7999,2026,1,19,9,57,5,-0.0005,0.553,-0.001,-363384,0.503,0,1.024,6.56,2,0,0.001,0.007,-0.026,13.15,-2,0.5,100,0
"2026-01-19 10:06:00",141222,"",7999,2026,1,19,9,57,5,-0.0005,0.553,-0.001,-363384,0.503,0,1.024,6.56,2,0,0.001,0.007,-0.026,13.15,-2,0.5,100,0
"2026-01-19 10:09:00",141223,"",7999,2026,1,19,10,3,5,0.0014,0.556,0.001,-363383.7,0.506,0.001,1.029,6.59,2,0.001,0.002,0.06,-0.014,13.15,-2.1,0.5,100,0
"2026-01-19 10:12:00",141224,"",7999,2026,1,19,10,3,5,0.0014,0.556,0.001,-363383.7,0.506,0.001,1.029,6.59,2,0.001,0.002,0.06,-0.014,13.15,-2.1,0.5,100,0
"2026-01-19 10:15:00",141225,"",7999,2026,1,19,10,9,5,-0.0018,0.551,-0.002,-363383.9,0.501,-0.001,1.019,6.59,2,-0.001,0.001,-0.026,0.002,13.15,-2.2,0.4,100,0
"2026-01-19 10:18:00",141226,"",7999,2026,1,19,10,9,5,-0.0018,0.551,-0.002,-363383.9,0.501,-0.001,1.019,6.59,2,-0.001,0.001,-0.026,0.002,13.15,-2.2,0.4,100,0
"2026-01-19 10:21:00",141227,"",7999,2026,1,19,10,15,5,-0.0013,0.544,-0.001,-363384.5,0.494,0,1.006,6.6,2,0,0,0.06,-0.019,13.15,-2.2,0.4,100,0
"2026-01-19 10:24:00",141228,"",7999,2026,1,19,10,15,5,-0.0013,0.544,-0.001,-363384.5,0.494,0,1.006,6.6,2,0,0,0.06,-0.019,13.15,-2.2,0.4,100,0
"2026-01-19 10:27:00",141229,"",7999,2026,1,19,10,21,5,-0.0042,0.539,-0.004,-363385.7,0.489,-0.004,0.998,6.67,2,-0.004,0.002,0.037,0.019,13.15,-2.2,0.4,100,0
"2026-01-19 10:30:00",141230,"",7999,2026,1,19,10,21,5,-0.0042,0.539,-0.004,-363385.7,0.489,-0.004,0.998,6.67,2,-0.004,0.002,0.037,0.019,13.15,-2.2,0.4,100,0
"2026-01-19 10:33:00",141231,"",7999,2026,1,19,10,27,5,-0.0016,0.535,-0.002,-363386.6,0.485,-0.001,0.989,6.72,2,-0.001,-0.001,-0.007,0.033,13.15,-2.2,0.5,100,0
"2026-01-19 10:36:00",141232,"",7999,2026,1,19,10,27,5,-0.0016,0.535,-0.002,-363386.6,0.485,-0.001,0.989,6.72,2,-0.001,-0.001,-0.007,0.033,13.15,-2.2,0.5,100,0
"2026-01-19 10:39:00",141233,"",7999,2026,1,19,10,33,5,0.001,0.533,0.001,-363386.5,0.483,0.001,0.987,6.69,2,0.001,0.002,0.019,0.054,13.15,-2.2,0.5,100,0
"2026-01-19 10:42:00",141234,"",7999,2026,1,19,10,33,5,0.001,0.533,0.001,-363386.5,0.483,0.001,0.987,6.69,2,0.001,0.002,0.019,0.054,13.15,-2.2,0.5,100,0
"2026-01-19 10:45:00",141235,"",7999,2026,1,19,10,39,5,0.0131,0.533,0.013,-363383.3,0.483,0.012,0.987,6.65,2,0.012,-0.002,0.023,0.014,13.15,-2.2,0.5,100,0
"2026-01-19 10:48:00",141236,"",7999,2026,1,19,10,39,5,0.0131,0.533,0.013,-363383.3,0.483,0.012,0.987,6.65,2,0.012,-0.002,0.023,0.014,13.15,-2.2,0.5,100,0
"2026-01-19 10:51:00",141237,"",7999,2026,1,19,10,45,5,0.0011,0.534,0.001,-363381.4,0.484,0.001,0.988,6.67,2,0.001,-0.001,-0.028,0,13.15,-2.3,0.5,100,0
"2026-01-19 10:54:00",141238,"",7999,2026,1,19,10,45,5,0.0011,0.534,0.001,-363381.4,0.484,0.001,0.988,6.67,2,0.001,-0.001,-0.028,0,13.15,-2.3,0.5,100,0
"2026-01-19 10:57:00",141239,"",7999,2026,1,19,10,51,5,0.0013,0.54,0.001,-363380.9,0.49,0.001,1,6.72,2,0.001,0.001,-0.002,-0.014,13.15,-2.3,0.5,100,0
"2026-01-19 11:00:00",141240,"",7999,2026,1,19,10,51,5,0.0013,0.54,0.001,-363380.9,0.49,0.001,1,6.72,2,0.001,0.001,-0.002,-0.014,13.15,-2.3,0.5,100,0
"2026-01-19 11:03:00",141241,"",7999,2026,1,19,10,57,5,0.0003,0.55,0,-363380.7,0.5,0,1.017,6.74,2,0,0,-0.016,-0.007,13.16,-2.3,0.5,100,0
"2026-01-19 11:06:00",141242,"",7999,2026,1,19,10,57,5,0.0003,0.55,0,-363380.7,0.5,0,1.017,6.74,2,0,0,-0.016,-0.007,13.16,-2.3,0.5,100,0
"2026-01-19 11:09:00",141243,"",7999,2026,1,19,11,3,5,0.0017,0.558,0.002,-363380.3,0.508,0.001,1.033,6.77,2,0.001,0.001,0.012,-0.012,13.16,-2.3,0.5,100,0
"2026-01-19 11:12:00",141244,"",7999,2026,1,19,11,3,5,0.0017,0.558,0.002,-363380.3,0.508,0.001,1.033,6.77,2,0.001,0.001,0.012,-0.012,13.16,-2.3,0.5,100,0
"2026-01-19 11:15:00",141245,"",7999,2026,1,19,11,9,5,0.0002,0.571,0,-363380,0.521,0,1.056,6.76,2,0,0,-0.042,0.064,13.16,-2.3,0.5,100,0
"2026-01-19 11:18:00",141246,"",7999,2026,1,19,11,9,5,0.0002,0.571,0,-363380,0.521,0,1.056,6.76,2,0,0,-0.042,0.064,13.16,-2.3,0.5,100,0
"2026-01-19 11:21:00",141247,"",7999,2026,1,19,11,15,5,0.0043,0.58,0.004,-363378.9,0.53,0.002,1.073,6.76,2,0.002,0.001,0.028,0,13.16,-2.3,0.5,100,0
"2026-01-19 11:24:00",141248,"",7999,2026,1,19,11,15,5,0.0043,0.58,0.004,-363378.9,0.53,0.002,1.073,6.76,2,0.002,0.001,0.028,0,13.16,-2.3,0.5,100,0
"2026-01-19 11:27:00",141249,"",7999,2026,1,19,11,21,5,0.0046,0.593,0.004,-363377.3,0.543,0.004,1.097,6.76,2,0.004,0.002,0.019,0.019,13.16,-2.1,0.5,100,0
"2026-01-19 11:30:00",141250,"",7999,2026,1,19,11,21,5,0.0046,0.593,0.004,-363377.3,0.543,0.004,1.097,6.76,2,0.004,0.002,0.019,0.019,13.16,-2.1,0.5,100,0
"2026-01-19 11:33:00",141251,"",7999,2026,1,19,11,27,5,0.0088,0.608,0.008,-363374.6,0.558,0.006,1.126,6.75,2,0.006,-0.001,-0.014,0.014,13.15,-2.2,0.5,100,0
"2026-01-19 11:36:00",141252,"",7999,2026,1,19,11,27,5,0.0088,0.608,0.008,-363374.6,0.558,0.006,1.126,6.75,2,0.006,-0.001,-0.014,0.014,13.15,-2.2,0.5,100,0
"2026-01-19 11:39:00",141253,"",7999,2026,1,19,11,33,5,0.0117,0.623,0.01,-363370.7,0.573,0.008,1.152,6.65,2,0.008,0.001,0.014,0.005,13.16,-2.3,0.5,100,0
"2026-01-19 11:42:00",141254,"",7999,2026,1,19,11,33,5,0.0117,0.623,0.01,-363370.7,0.573,0.008,1.152,6.65,2,0.008,0.001,0.014,0.005,13.16,-2.3,0.5,100,0
"2026-01-19 11:45:00",141255,"",7999,2026,1,19,11,39,5,0.0186,0.639,0.016,-363364.8,0.589,0.016,1.182,6.67,2,0.016,0,0.014,0.012,13.16,-2.2,0.5,100,0
"2026-01-19 11:48:00",141256,"",7999,2026,1,19,11,39,5,0.0186,0.639,0.016,-363364.8,0.589,0.016,1.182,6.67,2,0.016,0,0.014,0.012,13.16,-2.2,0.5,100,0
"2026-01-19 11:51:00",141257,"",7999,2026,1,19,11,45,5,0.0151,0.654,0.013,-363358.9,0.604,0.012,1.211,6.64,2,0.012,-0.001,0.019,0,13.16,-2.4,0.5,100,0
"2026-01-19 11:54:00",141258,"",7999,2026,1,19,11,45,5,0.0151,0.654,0.013,-363358.9,0.604,0.012,1.211,6.64,2,0.012,-0.001,0.019,0,13.16,-2.4,0.5,100,0
"2026-01-19 11:57:00",141259,"",7999,2026,1,19,11,51,5,0.0224,0.668,0.018,-363351.7,0.618,0.017,1.237,6.64,2,0.017,0,0.012,-0.002,13.16,-2.2,0.5,100,0
"2026-01-19 12:00:00",141260,"",7999,2026,1,19,11,51,5,0.0224,0.668,0.018,-363351.7,0.618,0.017,1.237,6.64,2,0.017,0,0.012,-0.002,13.16,-2.2,0.5,100,0
"2026-01-19 12:03:00",141261,"",7999,2026,1,19,11,57,5,0.0234,0.68,0.019,-363343.4,0.63,0.017,1.259,6.62,2,0.017,-0.001,0.007,-0.007,13.16,-2.2,0.5,100,0
"2026-01-19 12:06:00",141262,"",7999,2026,1,19,11,57,5,0.0234,0.68,0.019,-363343.4,0.63,0.017,1.259,6.62,2,0.017,-0.001,0.007,-0.007,13.16,-2.2,0.5,100,0
"2026-01-19 12:09:00",141263,"",7999,2026,1,19,12,3,5,0.0109,0.691,0.009,-363337.9,0.641,0.007,1.279,6.58,2,0.007,-0.001,-0.009,-0.009,13.16,-2.3,0.5,100,0
"2026-01-19 12:12:00",141264,"",7999,2026,1,19,12,3,5,0.0109,0.691,0.009,-363337.9,0.641,0.007,1.279,6.58,2,0.007,-0.001,-0.009,-0.009,13.16,-2.3,0.5,100,0
"2026-01-19 12:15:00",141265,"",7999,2026,1,19,12,9,5,0.0043,0.697,0.003,-363335.6,0.647,0.002,1.29,6.58,2,0.002,0.001,0.002,-0.007,13.16,-2.3,0.5,100,0
"2026-01-19 12:18:00",141266,"",7999,2026,1,19,12,9,5,0.0043,0.697,0.003,-363335.6,0.647,0.002,1.29,6.58,2,0.002,0.001,0.002,-0.007,13.16,-2.3,0.5,100,0
"2026-01-19 12:21:00",141267,"",7999,2026,1,19,12,15,5,0.013,0.702,0.01,-363331.9,0.652,0.01,1.299,6.64,2,0.01,0,-0.002,-0.017,13.16,-2.3,0.5,100,0
"2026-01-19 12:24:00",141268,"",7999,2026,1,19,12,15,5,0.013,0.702,0.01,-363331.9,0.652,0.01,1.299,6.64,2,0.01,0,-0.002,-0.017,13.16,-2.3,0.5,100,0
"2026-01-19 12:27:00",141269,"",7999,2026,1,19,12,21,5,0.0001,0.709,0,-363330.3,0.659,0,1.312,6.64,2,0,0,0.005,-0.019,13.16,-2.3,0.6,100,0
"2026-01-19 12:30:00",141270,"",7999,2026,1,19,12,21,5,0.0001,0.709,0,-363330.3,0.659,0,1.312,6.64,2,0,0,0.005,-0.019,13.16,-2.3,0.6,100,0
"2026-01-19 12:33:00",141271,"",7999,2026,1,19,12,27,5,0.008,0.715,0.006,-363328.3,0.665,0.005,1.323,6.59,2,0.005,-0.001,-0.007,-0.005,13.16,-2.2,0.6,100,0
"2026-01-19 12:36:00",141272,"",7999,2026,1,19,12,27,5,0.008,0.715,0.006,-363328.3,0.665,0.005,1.323,6.59,2,0.005,-0.001,-0.007,-0.005,13.16,-2.2,0.6,100,0
"2026-01-19 12:39:00",141273,"",7999,2026,1,19,12,33,5,-0.0014,0.72,-0.001,-363327.7,0.67,-0.001,1.332,6.52,2,-0.001,-0.001,-0.009,-0.012,13.16,-2.1,0.6,100,0
"2026-01-19 12:42:00",141274,"",7999,2026,1,19,12,33,5,-0.0014,0.72,-0.001,-363327.7,0.67,-0.001,1.332,6.52,2,-0.001,-0.001,-0.009,-0.012,13.16,-2.1,0.6,100,0
"2026-01-19 12:45:00",141275,"",7999,2026,1,19,12,39,5,0.0116,0.728,0.009,-363325.1,0.678,0.007,1.347,6.6,2,0.007,0.001,0.007,-0.017,13.16,-2.1,0.6,100,0
"2026-01-19 12:48:00",141276,"",7999,2026,1,19,12,39,5,0.0116,0.728,0.009,-363325.1,0.678,0.007,1.347,6.6,2,0.007,0.001,0.007,-0.017,13.16,-2.1,0.6,100,0
"2026-01-19 12:51:00",141277,"",7999,2026,1,19,12,45,5,0.0202,0.736,0.015,-363318.8,0.686,0.015,1.362,6.57,2,0.015,0,-0.002,0,13.16,-2.1,0.6,100,0
"2026-01-19 12:54:00",141278,"",7999,2026,1,19,12,45,5,0.0202,0.736,0.015,-363318.8,0.686,0.015,1.362,6.57,2,0.015,0,-0.002,0,13.16,-2.1,0.6,100,0
"2026-01-19 12:57:00",141279,"",7999,2026,1,19,12,51,5,0.0317,0.75,0.023,-363308.8,0.7,0.023,1.387,6.63,2,0.023,0.002,0.014,0.002,13.16,-2,0.6,100,0
"2026-01-19 13:00:00",141280,"",7999,2026,1,19,12,51,5,0.0317,0.75,0.023,-363308.8,0.7,0.023,1.387,6.63,2,0.023,0.002,0.014,0.002,13.16,-2,0.6,100,0
"2026-01-19 13:03:00",141281,"",7999,2026,1,19,12,57,5,0.0153,0.759,0.011,-363301.2,0.709,0.01,1.405,6.6,2,0.01,-0.001,0,0.005,13.16,-2,0.6,100,0
"2026-01-19 13:06:00",141282,"",7999,2026,1,19,12,57,5,0.0153,0.759,0.011,-363301.2,0.709,0.01,1.405,6.6,2,0.01,-0.001,0,0.005,13.16,-2,0.6,100,0
"2026-01-19 13:09:00",141283,"",7999,2026,1,19,13,3,5,0.0217,0.769,0.015,-363294.2,0.719,0.015,1.423,6.53,0,0.015,0.001,0,0,13.16,-1.8,0.6,100,0
"2026-01-19 13:12:00",141284,"",7999,2026,1,19,13,3,5,0.0217,0.769,0.015,-363294.2,0.719,0.015,1.423,6.53,0,0.015,0.001,0,0,13.16,-1.8,0.6,100,0
"2026-01-19 13:15:00",141285,"",7999,2026,1,19,13,9,5,0.0424,0.778,0.029,-363281.4,0.728,0.029,1.439,6.57,0,0.029,-0.002,0.016,-0.009,13.16,-1.9,0.7,100,0
"2026-01-19 13:18:00",141286,"",7999,2026,1,19,13,9,5,0.0424,0.778,0.029,-363281.4,0.728,0.029,1.439,6.57,0,0.029,-0.002,0.016,-0.009,13.16,-1.9,0.7,100,0
"2026-01-19 13:21:00",141287,"",7999,2026,1,19,13,15,5,0.0427,0.791,0.029,-363266,0.741,0.028,1.463,6.56,2,0.028,0,0,0.012,13.16,-2,0.7,100,0
"2026-01-19 13:24:00",141288,"",7999,2026,1,19,13,15,5,0.0427,0.791,0.029,-363266,0.741,0.028,1.463,6.56,2,0.028,0,0,0.012,13.16,-2,0.7,100,0
"2026-01-19 13:27:00",141289,"",7999,2026,1,19,13,21,5,0.0607,0.807,0.041,-363246.3,0.757,0.041,1.494,6.6,2,0.041,0,0.037,0.028,13.16,-2,0.7,100,0
"2026-01-19 13:30:00",141290,"",7999,2026,1,19,13,21,5,0.0607,0.807,0.041,-363246.3,0.757,0.041,1.494,6.6,2,0.041,0,0.037,0.028,13.16,-2,0.7,100,0
"2026-01-19 13:33:00",141291,"",7999,2026,1,19,13,27,5,0.05,0.82,0.033,-363227,0.77,0.033,1.518,6.58,0,0.033,0.001,0.021,0,13.16,-1.8,0.7,100,0
"2026-01-19 13:36:00",141292,"",7999,2026,1,19,13,27,5,0.05,0.82,0.033,-363227,0.77,0.033,1.518,6.58,0,0.033,0.001,0.021,0,13.16,-1.8,0.7,100,0
"2026-01-19 13:39:00",141293,"",7999,2026,1,19,13,33,5,0.0452,0.828,0.03,-363210.2,0.778,0.029,1.531,6.55,0,0.029,-0.002,0.002,0.005,13.16,-1.9,0.8,100,0
"2026-01-19 13:42:00",141294,"",7999,2026,1,19,13,33,5,0.0452,0.828,0.03,-363210.2,0.778,0.029,1.531,6.55,0,0.029,-0.002,0.002,0.005,13.16,-1.9,0.8,100,0
"2026-01-19 13:45:00",141295,"",7999,2026,1,19,13,39,5,0.0241,0.831,0.016,-363198.9,0.781,0.015,1.538,6.56,2,0.015,0,-0.012,0.009,13.16,-2,0.7,100,0
"2026-01-19 13:48:00",141296,"",7999,2026,1,19,13,39,5,0.0241,0.831,0.016,-363198.9,0.781,0.015,1.538,6.56,2,0.015,0,-0.012,0.009,13.16,-2,0.7,100,0
"2026-01-19 13:51:00",141297,"",7999,2026,1,19,13,45,5,0.0729,0.841,0.047,-363178.5,0.791,0.047,1.556,6.63,0,0.047,-0.001,0.026,0.014,13.16,-1.8,0.7,100,0
"2026-01-19 13:54:00",141298,"",7999,2026,1,19,13,45,5,0.0729,0.841,0.047,-363178.5,0.791,0.047,1.556,6.63,0,0.047,-0.001,0.026,0.014,13.16,-1.8,0.7,100,0
"2026-01-19 13:57:00",141299,"",7999,2026,1,19,13,51,5,0.0507,0.857,0.032,-363157.5,0.807,0.031,1.585,6.66,0,0.031,-0.001,0.005,0.009,13.16,-1.8,0.7,100,0
"2026-01-19 14:00:00",141300,"",7999,2026,1,19,13,51,5,0.0507,0.857,0.032,-363157.5,0.807,0.031,1.585,6.66,0,0.031,-0.001,0.005,0.009,13.16,-1.8,0.7,100,0
"2026-01-19 14:03:00",141301,"",7999,2026,1,19,13,57,5,0.0327,0.87,0.02,-363143.6,0.82,0.021,1.61,6.77,0,0.021,0.002,-0.007,0.017,13.16,-1.9,0.8,100,0
"2026-01-19 14:06:00",141302,"",7999,2026,1,19,13,57,5,0.0327,0.87,0.02,-363143.6,0.82,0.021,1.61,6.77,0,0.021,0.002,-0.007,0.017,13.16,-1.9,0.8,100,0
"2026-01-19 14:09:00",141303,"",7999,2026,1,19,14,3,5,0.007,0.325,0.012,-363138,0.275,0.011,0.602,6.9,0,0.011,0.004,0,0.005,13.16,-1.8,0.8,100,0
"2026-01-19 14:12:00",141304,"",7999,2026,1,19,14,3,5,0.007,0.325,0.012,-363138,0.275,0.011,0.602,6.9,0,0.011,0.004,0,0.005,13.16,-1.8,0.8,100,0
"2026-01-19 14:15:00",141305,"",7999,2026,1,19,14,9,5,0.0258,0.886,0.016,-363130.9,0.836,0.015,1.64,7,0,0.015,-0.002,-0.007,0.012,13.16,-1.8,0.7,100,0
"2026-01-19 14:18:00",141306,"",7999,2026,1,19,14,9,5,0.0258,0.886,0.016,-363130.9,0.836,0.015,1.64,7,0,0.015,-0.002,-0.007,0.012,13.16,-1.8,0.7,100,0
"2026-01-19 14:21:00",141307,"",7999,2026,1,19,14,15,5,0.0873,0.898,0.053,-363106.8,0.848,0.051,1.662,7.03,0,0.051,-0.002,0.016,0.036,13.16,-1.7,0.7,100,0
"2026-01-19 14:24:00",141308,"",7999,2026,1,19,14,15,5,0.0873,0.898,0.053,-363106.8,0.848,0.051,1.662,7.03,0,0.051,-0.002,0.016,0.036,13.16,-1.7,0.7,100,0
"2026-01-19 14:27:00",141309,"",7999,2026,1,19,14,21,5,0.1047,0.915,0.062,-363071.2,0.865,0.062,1.694,6.92,0,0.062,-0.001,0.033,0.038,13.16,-1.7,0.8,100,0
"2026-01-19 14:30:00",141310,"",7999,2026,1,19,14,21,5,0.1047,0.915,0.062,-363071.2,0.865,0.062,1.694,6.92,0,0.062,-0.001,0.033,0.038,13.16,-1.7,0.8,100,0
"2026-01-19 14:33:00",141311,"",7999,2026,1,19,14,27,5,0.0896,0.924,0.052,-363037.1,0.874,0.051,1.71,6.99,0,0.051,-0.001,0.021,0.033,13.16,-1.7,0.7,100,0
"2026-01-19 14:36:00",141312,"",7999,2026,1,19,14,27,5,0.0896,0.924,0.052,-363037.1,0.874,0.051,1.71,6.99,0,0.051,-0.001,0.021,0.033,13.16,-1.7,0.7,100,0
"2026-01-19 14:39:00",141313,"",7999,2026,1,19,14,33,5,0.1014,0.934,0.059,-363002,0.884,0.058,1.729,7.03,0,0.058,-0.002,0.028,0.038,13.16,-1.7,0.7,100,0
"2026-01-19 14:42:00",141314,"",7999,2026,1,19,14,33,5,0.1014,0.934,0.059,-363002,0.884,0.058,1.729,7.03,0,0.058,-0.002,0.028,0.038,13.16,-1.7,0.7,100,0
"2026-01-19 14:45:00",141315,"",7999,2026,1,19,14,39,5,0.0729,0.941,0.042,-362972.3,0.891,0.041,1.741,7.11,0,0.041,-0.003,0.014,0.007,13.16,-1.7,0.7,100,0
"2026-01-19 14:48:00",141316,"",7999,2026,1,19,14,39,5,0.0729,0.941,0.042,-362972.3,0.891,0.041,1.741,7.11,0,0.041,-0.003,0.014,0.007,13.16,-1.7,0.7,100,0
"2026-01-19 14:51:00",141317,"",7999,2026,1,19,14,45,5,0.0786,0.926,0.046,-362944.7,0.876,0.046,1.713,7.13,0,0.046,-0.004,0.03,0.005,13.16,-1.7,0.8,100,0
"2026-01-19 14:54:00",141318,"",7999,2026,1,19,14,45,5,0.0786,0.926,0.046,-362944.7,0.876,0.046,1.713,7.13,0,0.046,-0.004,0.03,0.005,13.16,-1.7,0.8,100,0
"2026-01-19 14:57:00",141319,"",7999,2026,1,19,14,51,5,0.1075,0.958,0.061,-362909.4,0.908,0.06,1.773,7.14,0,0.06,-0.001,0.04,0.017,13.16,-1.7,0.7,100,0
"2026-01-19 15:00:00",141320,"",7999,2026,1,19,14,51,5,0.1075,0.958,0.061,-362909.4,0.908,0.06,1.773,7.14,0,0.06,-0.001,0.04,0.017,13.16,-1.7,0.7,100,0
"2026-01-19 15:03:00",141321,"",7999,2026,1,19,14,57,5,0.1094,0.966,0.061,-362870.3,0.916,0.062,1.787,7.16,0,0.062,0,0.046,0.009,13.16,-1.7,0.7,100,0
"2026-01-19 15:06:00",141322,"",7999,2026,1,19,14,57,5,0.1094,0.966,0.061,-362870.3,0.916,0.062,1.787,7.16,0,0.062,0,0.046,0.009,13.16,-1.7,0.7,100,0
"2026-01-19 15:09:00",141323,"",7999,2026,1,19,15,3,5,0.0344,0.969,0.019,-362848.9,0.919,0.018,1.793,7.17,0,0.018,0,0.014,0.014,13.16,-1.7,0.7,100,0
"2026-01-19 15:12:00",141324,"",7999,2026,1,19,15,3,5,0.0344,0.969,0.019,-362848.9,0.919,0.018,1.793,7.17,0,0.018,0,0.014,0.014,13.16,-1.7,0.7,100,0
"2026-01-19 15:15:00",141325,"",7999,2026,1,19,15,9,5,0.091,0.976,0.05,-362822.9,0.926,0.051,1.806,7.16,0,0.051,0,0.042,0.007,13.16,-1.6,0.6,100,0
"2026-01-19 15:18:00",141326,"",7999,2026,1,19,15,9,5,0.091,0.976,0.05,-362822.9,0.926,0.051,1.806,7.16,0,0.051,0,0.042,0.007,13.16,-1.6,0.6,100,0
"2026-01-19 15:21:00",141327,"",7999,2026,1,19,15,15,5,0.129,0.987,0.071,-362781,0.937,0.07,1.826,7.12,0,0.07,0.001,0.033,0.005,13.16,-1.6,0.6,100,0
"2026-01-19 15:24:00",141328,"",7999,2026,1,19,15,15,5,0.129,0.987,0.071,-362781,0.937,0.07,1.826,7.12,0,0.07,0.001,0.033,0.005,13.16,-1.6,0.6,100,0
"2026-01-19 15:27:00",141329,"",7999,2026,1,19,15,21,5,0.1091,0.995,0.059,-362739.3,0.945,0.059,1.84,7.16,0,0.059,-0.001,0.026,0.019,13.16,-1.6,0.6,100,0
"2026-01-19 15:30:00",141330,"",7999,2026,1,19,15,21,5,0.1091,0.995,0.059,-362739.3,0.945,0.059,1.84,7.16,0,0.059,-0.001,0.026,0.019,13.16,-1.6,0.6,100,0
"2026-01-19 15:33:00",141331,"",7999,2026,1,19,15,27,5,0.1718,1.005,0.092,-362685,0.955,0.093,1.859,7.12,0,0.093,-0.001,0.06,0.045,13.16,-1.6,0.6,100,0
"2026-01-19 15:36:00",141332,"",7999,2026,1,19,15,27,5,0.1718,1.005,0.092,-362685,0.955,0.093,1.859,7.12,0,0.093,-0.001,0.06,0.045,13.16,-1.6,0.6,100,0
"2026-01-19 15:39:00",141333,"",7999,2026,1,19,15,33,5,0.1218,1.01,0.065,-362635.1,0.96,0.064,1.869,7.12,0,0.064,0.001,0.021,0.012,13.16,-1.6,0.6,100,0
"2026-01-19 15:42:00",141334,"",7999,2026,1,19,15,33,5,0.1218,1.01,0.065,-362635.1,0.96,0.064,1.869,7.12,0,0.064,0.001,0.021,0.012,13.16,-1.6,0.6,100,0
"2026-01-19 15:45:00",141335,"",7999,2026,1,19,15,39,5,0.1021,1.014,0.054,-362595.9,0.964,0.053,1.876,7.14,0,0.053,0,0.037,-0.028,13.16,-1.6,0.6,100,0
"2026-01-19 15:48:00",141336,"",7999,2026,1,19,15,39,5,0.1021,1.014,0.054,-362595.9,0.964,0.053,1.876,7.14,0,0.053,0,0.037,-0.028,13.16,-1.6,0.6,100,0
"2026-01-19 15:51:00",141337,"",7999,2026,1,19,15,45,5,0.2054,1.022,0.109,-362534.4,0.972,0.104,1.891,7.15,0,0.104,-0.005,0.063,0.028,13.16,-1.6,0.6,100,0
"2026-01-19 15:54:00",141338,"",7999,2026,1,19,15,45,5,0.2054,1.022,0.109,-362534.4,0.972,0.104,1.891,7.15,0,0.104,-0.005,0.063,0.028,13.16,-1.6,0.6,100,0
"2026-01-19 15:57:00",141339,"",7999,2026,1,19,15,51,5,0.2088,1.03,0.11,-362459.6,0.98,0.108,1.905,7.14,0,0.108,-0.003,0.04,0.038,13.16,-1.6,0.6,100,0
"2026-01-19 16:00:00",141340,"",7999,2026,1,19,15,51,5,0.2088,1.03,0.11,-362459.6,0.98,0.108,1.905,7.14,0,0.108,-0.003,0.04,0.038,13.16,-1.6,0.6,100,0
"2026-01-19 16:03:00",141341,"",7999,2026,1,19,15,57,5,0.2081,1.037,0.108,-362384.6,0.987,0.105,1.919,7.15,0,0.105,0.002,0.091,0.019,13.16,-1.6,0.6,100,0
"2026-01-19 16:06:00",141342,"",7999,2026,1,19,15,57,5,0.2081,1.037,0.108,-362384.6,0.987,0.105,1.919,7.15,0,0.105,0.002,0.091,0.019,13.16,-1.6,0.6,100,0
"2026-01-19 16:09:00",141343,"",7999,2026,1,19,16,3,5,0.1566,1.041,0.081,-362322,0.991,0.082,1.926,7.16,0,0.082,0.003,0.07,0.019,13.16,-1.6,0.6,100,0
"2026-01-19 16:12:00",141344,"",7999,2026,1,19,16,3,5,0.1566,1.041,0.081,-362322,0.991,0.082,1.926,7.16,0,0.082,0.003,0.07,0.019,13.16,-1.6,0.6,100,0
"2026-01-19 16:15:00",141345,"",7999,2026,1,19,16,9,5,0.2032,1.046,0.105,-362254.4,0.996,0.106,1.936,7.16,0,0.106,0.002,0.081,0.014,13.17,-1.6,0.6,100,0
"2026-01-19 16:18:00",141346,"",7999,2026,1,19,16,9,5,0.2032,1.046,0.105,-362254.4,0.996,0.106,1.936,7.16,0,0.106,0.002,0.081,0.014,13.17,-1.6,0.6,100,0
"2026-01-19 16:21:00",141347,"",7999,2026,1,19,16,15,5,0.2619,1.055,0.134,-362167.2,1.005,0.14,1.952,7.12,0,0.14,-0.003,0.088,0.026,13.17,-1.6,0.6,100,0
"2026-01-19 16:24:00",141348,"",7999,2026,1,19,16,15,5,0.2619,1.055,0.134,-362167.2,1.005,0.14,1.952,7.12,0,0.14,-0.003,0.088,0.026,13.17,-1.6,0.6,100,0
"2026-01-19 16:27:00",141349,"",7999,2026,1,19,16,21,5,0.2446,1.06,0.125,-362077,1.01,0.132,1.962,7.06,0,0.132,0,0.107,0.036,13.17,-1.6,0.6,100,0
"2026-01-19 16:30:00",141350,"",7999,2026,1,19,16,21,5,0.2446,1.06,0.125,-362077,1.01,0.132,1.962,7.06,0,0.132,0,0.107,0.036,13.17,-1.6,0.6,100,0
"2026-01-19 16:33:00",141351,"",7999,2026,1,19,16,27,5,0.217,1.066,0.11,-361995.6,1.016,0.12,1.972,6.91,0,0.12,-0.002,0.088,0.038,13.17,-1.6,0.6,100,0
"2026-01-19 16:36:00",141352,"",7999,2026,1,19,16,27,5,0.217,1.066,0.11,-361995.6,1.016,0.12,1.972,6.91,0,0.12,-0.002,0.088,0.038,13.17,-1.6,0.6,100,0
"2026-01-19 16:39:00",141353,"",7999,2026,1,19,16,33,5,0.1936,1.067,0.098,-361923.1,1.017,0.104,1.975,6.8,0,0.104,-0.003,0.079,0.026,13.17,-1.6,0.6,100,0
"2026-01-19 16:42:00",141354,"",7999,2026,1,19,16,33,5,0.1936,1.067,0.098,-361923.1,1.017,0.104,1.975,6.8,0,0.104,-0.003,0.079,0.026,13.17,-1.6,0.6,100,0
"2026-01-19 16:45:00",141355,"",7999,2026,1,19,16,39,5,0.1653,1.069,0.084,-361860.1,1.019,0.083,1.978,6.78,0,0.083,-0.003,0.065,0.009,13.17,-1.6,0.6,100,0
"2026-01-19 16:48:00",141356,"",7999,2026,1,19,16,39,5,0.1653,1.069,0.084,-361860.1,1.019,0.083,1.978,6.78,0,0.083,-0.003,0.065,0.009,13.17,-1.6,0.6,100,0
"2026-01-19 16:51:00",141357,"",7999,2026,1,19,16,45,5,0.0951,1.069,0.048,-361817.4,1.019,0.047,1.977,6.76,0,0.047,0.001,0.028,-0.007,13.17,-1.6,0.6,100,0
"2026-01-19 16:54:00",141358,"",7999,2026,1,19,16,45,5,0.0951,1.069,0.048,-361817.4,1.019,0.047,1.977,6.76,0,0.047,0.001,0.028,-0.007,13.17,-1.6,0.6,100,0
"2026-01-19 16:57:00",141359,"",7999,2026,1,19,16,51,5,0.1371,1.069,0.069,-361773.1,1.019,0.07,1.979,6.75,0,0.07,0.001,0.051,0.019,13.17,-1.6,0.6,100,0
"2026-01-19 17:00:00",141360,"",7999,2026,1,19,16,51,5,0.1371,1.069,0.069,-361773.1,1.019,0.07,1.979,6.75,0,0.07,0.001,0.051,0.019,13.17,-1.6,0.6,100,0
"2026-01-19 17:03:00",141361,"",7999,2026,1,19,16,57,5,0.1814,1.074,0.091,-361713.1,1.024,0.093,1.987,6.73,0,0.093,-0.005,0.058,0.021,13.17,-1.6,0.6,100,0
"2026-01-19 17:06:00",141362,"",7999,2026,1,19,16,57,5,0.1814,1.074,0.091,-361713.1,1.024,0.093,1.987,6.73,0,0.093,-0.005,0.058,0.021,13.17,-1.6,0.6,100,0
"2026-01-19 17:09:00",141363,"",7999,2026,1,19,17,3,5,0.1577,1.077,0.079,-361653.5,1.027,0.08,1.993,6.72,0,0.08,-0.001,0.042,0.024,13.17,-1.6,0.6,100,0
"2026-01-19 17:12:00",141364,"",7999,2026,1,19,17,3,5,0.1577,1.077,0.079,-361653.5,1.027,0.08,1.993,6.72,0,0.08,-0.001,0.042,0.024,13.17,-1.6,0.6,100,0
"2026-01-19 17:15:00",141365,"",7999,2026,1,19,17,9,5,0.172,1.081,0.086,-361593.3,1.031,0.086,2,6.67,0,0.086,-0.001,0.053,0.014,13.17,-1.6,0.6,100,0
"2026-01-19 17:18:00",141366,"",7999,2026,1,19,17,9,5,0.172,1.081,0.086,-361593.3,1.031,0.086,2,6.67,0,0.086,-0.001,0.053,0.014,13.17,-1.6,0.6,100,0
"2026-01-19 17:21:00",141367,"",7999,2026,1,19,17,15,5,0.0861,1.081,0.043,-361551.9,1.031,0.042,2,6.64,0,0.042,0,0.023,0.009,13.16,-1.6,0.6,100,0
"2026-01-19 17:24:00",141368,"",7999,2026,1,19,17,15,5,0.0861,1.081,0.043,-361551.9,1.031,0.042,2,6.64,0,0.042,0,0.023,0.009,13.16,-1.6,0.6,100,0
"2026-01-19 17:27:00",141369,"",7999,2026,1,19,17,21,5,0.1055,1.081,0.053,-361516.3,1.031,0.052,2,6.63,0,0.052,0.003,0.026,0.012,13.16,-1.6,0.6,100,0
"2026-01-19 17:30:00",141370,"",7999,2026,1,19,17,21,5,0.1055,1.081,0.053,-361516.3,1.031,0.052,2,6.63,0,0.052,0.003,0.026,0.012,13.16,-1.6,0.6,100,0
"2026-01-19 17:33:00",141371,"",7999,2026,1,19,17,27,5,0.1773,1.085,0.088,-361461.1,1.035,0.088,2.008,6.61,0,0.088,-0.001,0.049,0.017,13.17,-1.6,0.6,100,0
"2026-01-19 17:36:00",141372,"",7999,2026,1,19,17,27,5,0.1773,1.085,0.088,-361461.1,1.035,0.088,2.008,6.61,0,0.088,-0.001,0.049,0.017,13.17,-1.6,0.6,100,0
"2026-01-19 17:39:00",141373,"",7999,2026,1,19,17,33,5,0.1063,1.087,0.053,-361414.3,1.037,0.053,2.01,6.57,0,0.053,0,0.03,0.005,13.17,-1.6,0.6,100,0
"2026-01-19 17:42:00",141374,"",7999,2026,1,19,17,33,5,0.1063,1.087,0.053,-361414.3,1.037,0.053,2.01,6.57,0,0.053,0,0.03,0.005,13.17,-1.6,0.6,100,0
"2026-01-19 17:45:00",141375,"",7999,2026,1,19,17,39,5,0.0552,1.085,0.027,-361388.3,1.035,0.027,2.009,6.6,0,0.027,-0.001,0.002,0.007,13.16,-1.6,0.6,100,0
"2026-01-19 17:48:00",141376,"",7999,2026,1,19,17,39,5,0.0552,1.085,0.027,-361388.3,1.035,0.027,2.009,6.6,0,0.027,-0.001,0.002,0.007,13.16,-1.6,0.6,100,0
"2026-01-19 17:51:00",141377,"",7999,2026,1,19,17,45,5,0.0974,1.086,0.048,-361358.3,1.036,0.05,2.01,6.54,0,0.05,0,0.037,0.019,13.16,-1.6,0.6,100,0
"2026-01-19 17:54:00",141378,"",7999,2026,1,19,17,45,5,0.0974,1.086,0.048,-361358.3,1.036,0.05,2.01,6.54,0,0.05,0,0.037,0.019,13.16,-1.6,0.6,100,0
"2026-01-19 17:57:00",141379,"",7999,2026,1,19,17,51,5,0.0198,1.084,0.01,-361341.8,1.034,0.01,2.007,6.56,0,0.01,0.001,0.002,-0.019,13.16,-1.6,0.6,100,0
"2026-01-19 18:00:00",141380,"",7999,2026,1,19,17,51,5,0.0198,1.084,0.01,-361341.8,1.034,0.01,2.007,6.56,0,0.01,0.001,0.002,-0.019,13.16,-1.6,0.6,100,0
"2026-01-19 18:03:00",141381,"",7999,2026,1,19,17,57,5,0.016,1.082,0.008,-361335.6,1.032,0.007,2.002,6.59,0,0.007,0,-0.014,-0.002,13.16,-1.6,0.6,100,0
"2026-01-19 18:06:00",141382,"",7999,2026,1,19,17,57,5,0.016,1.082,0.008,-361335.6,1.032,0.007,2.002,6.59,0,0.007,0,-0.014,-0.002,13.16,-1.6,0.6,100,0
"2026-01-19 18:09:00",141383,"",7999,2026,1,19,18,3,5,-0.015,1.079,-0.008,-361337.3,1.029,-0.007,1.996,6.58,0,-0.007,-0.001,-0.04,-0.021,13.16,-1.6,0.6,100,0
"2026-01-19 18:12:00",141384,"",7999,2026,1,19,18,3,5,-0.015,1.079,-0.008,-361337.3,1.029,-0.007,1.996,6.58,0,-0.007,-0.001,-0.04,-0.021,13.16,-1.6,0.6,100,0
"2026-01-19 18:15:00",141385,"",7999,2026,1,19,18,9,5,-0.0939,1.073,-0.047,-361361.6,1.023,-0.047,1.985,6.54,0,-0.047,-0.001,-0.044,-0.057,13.16,-1.5,0.6,100,0
"2026-01-19 18:18:00",141386,"",7999,2026,1,19,18,9,5,-0.0939,1.073,-0.047,-361361.6,1.023,-0.047,1.985,6.54,0,-0.047,-0.001,-0.044,-0.057,13.16,-1.5,0.6,100,0
"2026-01-19 18:21:00",141387,"",7999,2026,1,19,18,15,5,-0.0029,1.071,-0.001,-361373.6,1.021,-0.001,1.982,6.58,0,-0.001,0.001,-0.026,0.009,13.16,-1.6,0.6,100,0
"2026-01-19 18:24:00",141388,"",7999,2026,1,19,18,15,5,-0.0029,1.071,-0.001,-361373.6,1.021,-0.001,1.982,6.58,0,-0.001,0.001,-0.026,0.009,13.16,-1.6,0.6,100,0
"2026-01-19 18:27:00",141389,"",7999,2026,1,19,18,21,5,-0.0829,1.068,-0.042,-361393.9,1.018,-0.041,1.975,6.59,0,-0.041,-0.002,-0.06,-0.054,13.16,-1.5,0.6,100,0
"2026-01-19 18:30:00",141390,"",7999,2026,1,19,18,21,5,-0.0829,1.068,-0.042,-361393.9,1.018,-0.041,1.975,6.59,0,-0.041,-0.002,-0.06,-0.054,13.16,-1.5,0.6,100,0
"2026-01-19 18:33:00",141391,"",7999,2026,1,19,18,27,5,-0.167,1.061,-0.085,-361443.9,1.011,-0.085,1.964,6.52,0,-0.085,-0.007,-0.074,-0.107,13.16,-1.5,0.6,100,0
"2026-01-19 18:36:00",141392,"",7999,2026,1,19,18,27,5,-0.167,1.061,-0.085,-361443.9,1.011,-0.085,1.964,6.52,0,-0.085,-0.007,-0.074,-0.107,13.16,-1.5,0.6,100,0
"2026-01-19 18:39:00",141393,"",7999,2026,1,19,18,33,5,-0.1452,1.056,-0.074,-361498.8,1.006,-0.075,1.954,6.4,0,-0.075,-0.006,-0.074,-0.097,13.16,-1.5,0.6,100,0
"2026-01-19 18:42:00",141394,"",7999,2026,1,19,18,33,5,-0.1452,1.056,-0.074,-361498.8,1.006,-0.075,1.954,6.4,0,-0.075,-0.006,-0.074,-0.097,13.16,-1.5,0.6,100,0
"2026-01-19 18:45:00",141395,"",7999,2026,1,19,18,39,5,-0.1901,1.049,-0.098,-361561.9,0.999,-0.098,1.941,6.28,0,-0.098,-0.008,-0.1,-0.118,13.16,-1.5,0.6,100,0
"2026-01-19 18:48:00",141396,"",7999,2026,1,19,18,39,5,-0.1901,1.049,-0.098,-361561.9,0.999,-0.098,1.941,6.28,0,-0.098,-0.008,-0.1,-0.118,13.16,-1.5,0.6,100,0
"2026-01-19 18:51:00",141397,"",7999,2026,1,19,18,45,5,-0.07,1.036,-0.037,-361601.5,0.986,-0.036,1.918,6.22,0,-0.036,-0.004,-0.049,-0.04,13.16,-1.5,0.6,100,0
"2026-01-19 18:54:00",141398,"",7999,2026,1,19,18,45,5,-0.07,1.036,-0.037,-361601.5,0.986,-0.036,1.918,6.22,0,-0.036,-0.004,-0.049,-0.04,13.16,-1.5,0.6,100,0
"2026-01-19 18:57:00",141399,"",7999,2026,1,19,18,51,5,-0.0662,1.04,-0.034,-361625.8,0.99,-0.033,1.925,6.17,0,-0.033,-0.003,-0.044,-0.04,13.16,-1.5,0.6,100,0
"2026-01-19 19:00:00",141400,"",7999,2026,1,19,18,51,5,-0.0662,1.04,-0.034,-361625.8,0.99,-0.033,1.925,6.17,0,-0.033,-0.003,-0.044,-0.04,13.16,-1.5,0.6,100,0
"2026-01-19 19:03:00",141401,"",7999,2026,1,19,18,57,5,-0.1447,1.008,-0.078,-361668.5,0.958,-0.077,1.865,6.11,0,-0.077,-0.002,-0.074,-0.114,13.16,-1.5,0.6,100,0
"2026-01-19 19:06:00",141402,"",7999,2026,1,19,18,57,5,-0.1447,1.008,-0.078,-361668.5,0.958,-0.077,1.865,6.11,0,-0.077,-0.002,-0.074,-0.114,13.16,-1.5,0.6,100,0
"2026-01-19 19:09:00",141403,"",7999,2026,1,19,19,3,5,-0.0823,1.012,-0.044,-361705.7,0.962,-0.044,1.873,6.03,0,-0.044,0.001,-0.063,-0.04,13.16,-1.6,0.6,100,0
"2026-01-19 19:12:00",141404,"",7999,2026,1,19,19,3,5,-0.0823,1.012,-0.044,-361705.7,0.962,-0.044,1.873,6.03,0,-0.044,0.001,-0.063,-0.04,13.16,-1.6,0.6,100,0
"2026-01-19 19:15:00",141405,"",7999,2026,1,19,19,9,5,-0.1867,1.016,-0.099,-361760.4,0.966,-0.099,1.881,5.97,0,-0.099,0.003,-0.088,-0.099,13.16,-1.5,0.6,100,0
"2026-01-19 19:18:00",141406,"",7999,2026,1,19,19,9,5,-0.1867,1.016,-0.099,-361760.4,0.966,-0.099,1.881,5.97,0,-0.099,0.003,-0.088,-0.099,13.16,-1.5,0.6,100,0
"2026-01-19 19:21:00",141407,"",7999,2026,1,19,19,15,5,-0.1722,1.008,-0.092,-361824.1,0.958,-0.093,1.865,5.9,0,-0.093,-0.002,-0.098,-0.085,13.16,-1.5,0.6,100,0
"2026-01-19 19:24:00",141408,"",7999,2026,1,19,19,15,5,-0.1722,1.008,-0.092,-361824.1,0.958,-0.093,1.865,5.9,0,-0.093,-0.002,-0.098,-0.085,13.16,-1.5,0.6,100,0
"2026-01-19 19:27:00",141409,"",7999,2026,1,19,19,21,5,-0.1348,1.004,-0.073,-361877.2,0.954,-0.073,1.858,5.82,0,-0.073,0,-0.079,-0.059,13.16,-1.5,0.6,100,0
"2026-01-19 19:30:00",141410,"",7999,2026,1,19,19,21,5,-0.1348,1.004,-0.073,-361877.2,0.954,-0.073,1.858,5.82,0,-0.073,0,-0.079,-0.059,13.16,-1.5,0.6,100,0
"2026-01-19 19:33:00",141411,"",7999,2026,1,19,19,27,5,-0.1626,1.005,-0.087,-361932.4,0.955,-0.087,1.86,5.73,0,-0.087,0.007,-0.091,-0.081,13.16,-1.5,0.6,100,0
"2026-01-19 19:36:00",141412,"",7999,2026,1,19,19,27,5,-0.1626,1.005,-0.087,-361932.4,0.955,-0.087,1.86,5.73,0,-0.087,0.007,-0.091,-0.081,13.16,-1.5,0.6,100,0
"2026-01-19 19:39:00",141413,"",7999,2026,1,19,19,33,5,-0.1121,0.998,-0.061,-361978.8,0.948,-0.06,1.847,5.61,0,-0.06,0.002,-0.072,-0.047,13.16,-1.5,0.6,100,0
"2026-01-19 19:42:00",141414,"",7999,2026,1,19,19,33,5,-0.1121,0.998,-0.061,-361978.8,0.948,-0.06,1.847,5.61,0,-0.06,0.002,-0.072,-0.047,13.16,-1.5,0.6,100,0
"2026-01-19 19:45:00",141415,"",7999,2026,1,19,19,39,5,-0.1503,0.999,-0.081,-362028.3,0.949,-0.081,1.848,5.56,0,-0.081,0.005,-0.07,-0.09,13.16,-1.5,0.6,100,0
"2026-01-19 19:48:00",141416,"",7999,2026,1,19,19,39,5,-0.1503,0.999,-0.081,-362028.3,0.949,-0.081,1.848,5.56,0,-0.081,0.005,-0.07,-0.09,13.16,-1.5,0.6,100,0
"2026-01-19 19:51:00",141417,"",7999,2026,1,19,19,45,5,-0.1477,0.991,-0.08,-362081.8,0.941,-0.081,1.835,5.4,0,-0.081,0.003,-0.086,-0.083,13.16,-1.5,0.6,100,0
"2026-01-19 19:54:00",141418,"",7999,2026,1,19,19,45,5,-0.1477,0.991,-0.08,-362081.8,0.941,-0.081,1.835,5.4,0,-0.081,0.003,-0.086,-0.083,13.16,-1.5,0.6,100,0
"2026-01-19 19:57:00",141419,"",7999,2026,1,19,19,51,5,-0.1189,0.986,-0.065,-362128.1,0.936,-0.064,1.825,5.31,0,-0.064,0.002,-0.067,-0.047,13.16,-1.5,0.6,100,0
"2026-01-19 20:00:00",141420,"",7999,2026,1,19,19,51,5,-0.1189,0.986,-0.065,-362128.1,0.936,-0.064,1.825,5.31,0,-0.064,0.002,-0.067,-0.047,13.16,-1.5,0.6,100,0
"2026-01-19 20:03:00",141421,"",7999,2026,1,19,19,57,5,-0.1801,0.973,-0.1,-362185.6,0.923,-0.109,1.8,5.18,0,-0.109,-0.002,-0.109,-0.14,13.16,-1.5,0.6,100,0
"2026-01-19 20:06:00",141422,"",7999,2026,1,19,19,57,5,-0.1801,0.973,-0.1,-362185.6,0.923,-0.109,1.8,5.18,0,-0.109,-0.002,-0.109,-0.14,13.16,-1.5,0.6,100,0
"2026-01-19 20:09:00",141423,"",7999,2026,1,19,20,3,5,-0.1675,0.941,-0.096,-362247.5,0.891,-0.097,1.741,4.98,0,-0.097,0.004,-0.086,-0.097,13.16,-1.5,0.6,100,0
"2026-01-19 20:12:00",141424,"",7999,2026,1,19,20,3,5,-0.1675,0.941,-0.096,-362247.5,0.891,-0.097,1.741,4.98,0,-0.097,0.004,-0.086,-0.097,13.16,-1.5,0.6,100,0
"2026-01-19 20:15:00",141425,"",7999,2026,1,19,20,9,5,-0.1355,0.937,-0.078,-362300.1,0.887,-0.077,1.733,4.85,0,-0.077,0.005,-0.079,-0.071,13.16,-1.5,0.6,100,0
"2026-01-19 20:18:00",141426,"",7999,2026,1,19,20,9,5,-0.1355,0.937,-0.078,-362300.1,0.887,-0.077,1.733,4.85,0,-0.077,0.005,-0.079,-0.071,13.16,-1.5,0.6,100,0
"2026-01-19 20:21:00",141427,"",7999,2026,1,19,20,15,5,-0.1629,0.934,-0.094,-362355.5,0.884,-0.094,1.728,4.67,0,-0.094,0.006,-0.105,-0.097,13.16,-1.5,0.6,100,0
"2026-01-19 20:24:00",141428,"",7999,2026,1,19,20,15,5,-0.1629,0.934,-0.094,-362355.5,0.884,-0.094,1.728,4.67,0,-0.094,0.006,-0.105,-0.097,13.16,-1.5,0.6,100,0
"2026-01-19 20:27:00",141429,"",7999,2026,1,19,20,21,5,-0.1156,0.917,-0.068,-362402.8,0.867,-0.068,1.696,4.5,0,-0.068,0.005,-0.074,-0.062,13.16,-1.5,0.6,100,0
"2026-01-19 20:30:00",141430,"",7999,2026,1,19,20,21,5,-0.1156,0.917,-0.068,-362402.8,0.867,-0.068,1.696,4.5,0,-0.068,0.005,-0.074,-0.062,13.16,-1.5,0.6,100,0
"2026-01-19 20:33:00",141431,"",7999,2026,1,19,20,27,5,-0.081,0.909,-0.048,-362436.1,0.859,-0.047,1.681,4.37,0,-0.047,0.005,-0.051,-0.047,13.16,-1.5,0.6,100,0
"2026-01-19 20:36:00",141432,"",7999,2026,1,19,20,27,5,-0.081,0.909,-0.048,-362436.1,0.859,-0.047,1.681,4.37,0,-0.047,0.005,-0.051,-0.047,13.16,-1.5,0.6,100,0
"2026-01-19 20:39:00",141433,"",7999,2026,1,19,20,33,5,-0.0628,0.902,-0.038,-362460.9,0.852,-0.036,1.669,4.28,0,-0.036,0.005,-0.023,-0.047,13.16,-1.5,0.6,100,0
"2026-01-19 20:42:00",141434,"",7999,2026,1,19,20,33,5,-0.0628,0.902,-0.038,-362460.9,0.852,-0.036,1.669,4.28,0,-0.036,0.005,-0.023,-0.047,13.16,-1.5,0.6,100,0
"2026-01-19 20:45:00",141435,"",7999,2026,1,19,20,39,5,-0.044,0.902,-0.026,-362479,0.852,-0.025,1.67,4.23,0,-0.025,0.002,-0.03,-0.033,13.16,-1.5,0.6,100,0
"2026-01-19 20:48:00",141436,"",7999,2026,1,19,20,39,5,-0.044,0.902,-0.026,-362479,0.852,-0.025,1.67,4.23,0,-0.025,0.002,-0.03,-0.033,13.16,-1.5,0.6,100,0
"2026-01-19 20:51:00",141437,"",7999,2026,1,19,20,45,5,-0.0786,0.891,-0.048,-362503.2,0.841,-0.047,1.648,4.14,0,-0.047,0.005,-0.04,-0.066,13.16,-1.5,0.6,100,0
"2026-01-19 20:54:00",141438,"",7999,2026,1,19,20,45,5,-0.0786,0.891,-0.048,-362503.2,0.841,-0.047,1.648,4.14,0,-0.047,0.005,-0.04,-0.066,13.16,-1.5,0.6,100,0
"2026-01-19 20:57:00",141439,"",7999,2026,1,19,20,51,5,-0.0651,0.89,-0.04,-362528.3,0.84,-0.039,1.647,4.04,0,-0.039,0.003,-0.035,-0.038,13.16,-1.5,0.6,100,0
"2026-01-19 21:00:00",141440,"",7999,2026,1,19,20,51,5,-0.0651,0.89,-0.04,-362528.3,0.84,-0.039,1.647,4.04,0,-0.039,0.003,-0.035,-0.038,13.16,-1.5,0.6,100,0
"2026-01-19 21:03:00",141441,"",7999,2026,1,19,20,57,5,-0.0749,0.884,-0.046,-362554.1,0.834,-0.045,1.637,4.05,0,-0.045,0.007,-0.042,-0.059,13.16,-1.5,0.6,100,0
"2026-01-19 21:06:00",141442,"",7999,2026,1,19,20,57,5,-0.0749,0.884,-0.046,-362554.1,0.834,-0.045,1.637,4.05,0,-0.045,0.007,-0.042,-0.059,13.16,-1.5,0.6,100,0
"2026-01-19 21:09:00",141443,"",7999,2026,1,19,21,3,5,-0.0765,0.851,-0.049,-362581.4,0.801,-0.048,1.574,3.94,0,-0.048,0.005,-0.037,-0.064,13.16,-1.6,0.6,100,0
"2026-01-19 21:12:00",141444,"",7999,2026,1,19,21,3,5,-0.0765,0.851,-0.049,-362581.4,0.801,-0.048,1.574,3.94,0,-0.048,0.005,-0.037,-0.064,13.16,-1.6,0.6,100,0
"2026-01-19 21:15:00",141445,"",7999,2026,1,19,21,9,5,-0.076,0.851,-0.048,-362608.8,0.801,-0.048,1.574,3.94,0,-0.048,0.006,-0.037,-0.064,13.16,-1.5,0.6,100,0
"2026-01-19 21:18:00",141446,"",7999,2026,1,19,21,9,5,-0.076,0.851,-0.048,-362608.8,0.801,-0.048,1.574,3.94,0,-0.048,0.006,-0.037,-0.064,13.16,-1.5,0.6,100,0
"2026-01-19 21:21:00",141447,"",7999,2026,1,19,21,15,5,-0.1001,0.867,-0.062,-362642,0.817,-0.062,1.605,3.99,0,-0.062,0.006,-0.051,-0.085,13.16,-1.5,0.6,100,0
"2026-01-19 21:24:00",141448,"",7999,2026,1,19,21,15,5,-0.1001,0.867,-0.062,-362642,0.817,-0.062,1.605,3.99,0,-0.062,0.006,-0.051,-0.085,13.16,-1.5,0.6,100,0
"2026-01-19 21:27:00",141449,"",7999,2026,1,19,21,21,5,-0.1157,0.867,-0.072,-362681.8,0.817,-0.071,1.605,3.81,0,-0.071,0.005,-0.051,-0.102,13.16,-1.6,0.6,100,0
"2026-01-19 21:30:00",141450,"",7999,2026,1,19,21,21,5,-0.1157,0.867,-0.072,-362681.8,0.817,-0.071,1.605,3.81,0,-0.071,0.005,-0.051,-0.102,13.16,-1.6,0.6,100,0
"2026-01-19 21:33:00",141451,"",7999,2026,1,19,21,27,5,-0.0921,0.856,-0.058,-362717.7,0.806,-0.058,1.583,3.89,0,-0.058,0.007,-0.044,-0.076,13.15,-1.6,0.5,99,0
"2026-01-19 21:36:00",141452,"",7999,2026,1,19,21,27,5,-0.0921,0.856,-0.058,-362717.7,0.806,-0.058,1.583,3.89,0,-0.058,0.007,-0.044,-0.076,13.15,-1.6,0.5,99,0
"2026-01-19 21:39:00",141453,"",7999,2026,1,19,21,33,5,-0.0851,0.844,-0.055,-362749.2,0.794,-0.054,1.561,3.85,0,-0.054,0.008,-0.042,-0.073,13.15,-1.6,0.5,100,0
"2026-01-19 21:42:00",141454,"",7999,2026,1,19,21,33,5,-0.0851,0.844,-0.055,-362749.2,0.794,-0.054,1.561,3.85,0,-0.054,0.008,-0.042,-0.073,13.15,-1.6,0.5,100,0
"2026-01-19 21:45:00",141455,"",7999,2026,1,19,21,39,5,-0.0652,0.835,-0.042,-362775.1,0.785,-0.042,1.545,4.08,0,-0.042,0.01,-0.028,-0.045,13.15,-1.6,0.5,100,0
"2026-01-19 21:48:00",141456,"",7999,2026,1,19,21,39,5,-0.0652,0.835,-0.042,-362775.1,0.785,-0.042,1.545,4.08,0,-0.042,0.01,-0.028,-0.045,13.15,-1.6,0.5,100,0
"2026-01-19 21:51:00",141457,"",7999,2026,1,19,21,45,5,-0.0675,0.826,-0.044,-362799.1,0.776,-0.044,1.529,4.09,0,-0.044,0.006,-0.044,-0.04,13.15,-1.6,0.6,100,0
"2026-01-19 21:54:00",141458,"",7999,2026,1,19,21,45,5,-0.0675,0.826,-0.044,-362799.1,0.776,-0.044,1.529,4.09,0,-0.044,0.006,-0.044,-0.04,13.15,-1.6,0.6,100,0
"2026-01-19 21:57:00",141459,"",7999,2026,1,19,21,51,5,-0.0621,0.815,-0.041,-362822.2,0.765,-0.041,1.508,3.94,0,-0.041,0.003,-0.028,-0.05,13.15,-1.6,0.6,100,0
"2026-01-19 22:00:00",141460,"",7999,2026,1,19,21,51,5,-0.0621,0.815,-0.041,-362822.2,0.765,-0.041,1.508,3.94,0,-0.041,0.003,-0.028,-0.05,13.15,-1.6,0.6,100,0
"2026-01-19 22:03:00",141461,"",7999,2026,1,19,21,57,5,-0.0299,0.808,-0.02,-362836.8,0.758,-0.019,1.495,4.21,0,-0.019,0.001,-0.014,-0.017,13.16,-1.6,0.6,100,0
"2026-01-19 22:06:00",141462,"",7999,2026,1,19,21,57,5,-0.0299,0.808,-0.02,-362836.8,0.758,-0.019,1.495,4.21,0,-0.019,0.001,-0.014,-0.017,13.16,-1.6,0.6,100,0
"2026-01-19 22:09:00",141463,"",7999,2026,1,19,22,3,5,-0.0223,0.807,-0.015,-362845.8,0.757,-0.013,1.494,4.67,0,-0.013,0.001,-0.002,-0.017,13.16,-1.6,0.6,100,0
"2026-01-19 22:12:00",141464,"",7999,2026,1,19,22,3,5,-0.0223,0.807,-0.015,-362845.8,0.757,-0.013,1.494,4.67,0,-0.013,0.001,-0.002,-0.017,13.16,-1.6,0.6,100,0
"2026-01-19 22:15:00",141465,"",7999,2026,1,19,22,9,5,-0.0323,0.803,-0.022,-362856.2,0.753,-0.021,1.486,4.59,0,-0.021,0.001,-0.002,-0.021,13.16,-1.6,0.5,100,0
"2026-01-19 22:18:00",141466,"",7999,2026,1,19,22,9,5,-0.0323,0.803,-0.022,-362856.2,0.753,-0.021,1.486,4.59,0,-0.021,0.001,-0.002,-0.021,13.16,-1.6,0.5,100,0
"2026-01-19 22:21:00",141467,"",7999,2026,1,19,22,15,5,-0.036,0.802,-0.024,-362868.7,0.752,-0.023,1.485,5.04,0,-0.023,0.004,-0.023,-0.026,13.16,-1.6,0.5,100,0
"2026-01-19 22:24:00",141468,"",7999,2026,1,19,22,15,5,-0.036,0.802,-0.024,-362868.7,0.752,-0.023,1.485,5.04,0,-0.023,0.004,-0.023,-0.026,13.16,-1.6,0.5,100,0
"2026-01-19 22:27:00",141469,"",7999,2026,1,19,22,21,5,-0.0562,0.801,-0.038,-362886.5,0.751,-0.037,1.482,5.16,0,-0.037,0.004,-0.023,-0.059,13.16,-1.6,0.5,100,0
"2026-01-19 22:30:00",141470,"",7999,2026,1,19,22,21,5,-0.0562,0.801,-0.038,-362886.5,0.751,-0.037,1.482,5.16,0,-0.037,0.004,-0.023,-0.059,13.16,-1.6,0.5,100,0
"2026-01-19 22:33:00",141471,"",7999,2026,1,19,22,27,5,-0.0463,0.797,-0.031,-362904.4,0.747,-0.03,1.475,5.17,0,-0.03,0.005,-0.014,-0.04,13.15,-1.6,0.6,100,0
"2026-01-19 22:36:00",141472,"",7999,2026,1,19,22,27,5,-0.0463,0.797,-0.031,-362904.4,0.747,-0.03,1.475,5.17,0,-0.03,0.005,-0.014,-0.04,13.15,-1.6,0.6,100,0
"2026-01-19 22:39:00",141473,"",7999,2026,1,19,22,33,5,-0.0379,0.797,-0.026,-362919,0.747,-0.025,1.475,5.36,0,-0.025,0.002,-0.012,-0.019,13.16,-1.5,0.5,100,0
"2026-01-19 22:42:00",141474,"",7999,2026,1,19,22,33,5,-0.0379,0.797,-0.026,-362919,0.747,-0.025,1.475,5.36,0,-0.025,0.002,-0.012,-0.019,13.16,-1.5,0.5,100,0
"2026-01-19 22:45:00",141475,"",7999,2026,1,19,22,39,5,-0.0378,0.793,-0.026,-362932.7,0.743,-0.024,1.468,5.42,0,-0.024,0.002,-0.014,-0.031,13.16,-1.6,0.6,100,0
"2026-01-19 22:48:00",141476,"",7999,2026,1,19,22,39,5,-0.0378,0.793,-0.026,-362932.7,0.743,-0.024,1.468,5.42,0,-0.024,0.002,-0.014,-0.031,13.16,-1.6,0.6,100,0
"2026-01-19 22:51:00",141477,"",7999,2026,1,19,22,45,5,-0.0269,0.789,-0.018,-362943.7,0.739,-0.017,1.46,5.42,0,-0.017,0.002,-0.007,-0.019,13.16,-1.6,0.6,100,0
"2026-01-19 22:54:00",141478,"",7999,2026,1,19,22,45,5,-0.0269,0.789,-0.018,-362943.7,0.739,-0.017,1.46,5.42,0,-0.017,0.002,-0.007,-0.019,13.16,-1.6,0.6,100,0
"2026-01-19 22:57:00",141479,"",7999,2026,1,19,22,51,5,-0.0194,0.786,-0.013,-362951.6,0.736,-0.012,1.454,5.53,0,-0.012,0.001,0,-0.014,13.16,-1.6,0.6,100,0
"2026-01-19 23:00:00",141480,"",7999,2026,1,19,22,51,5,-0.0194,0.786,-0.013,-362951.6,0.736,-0.012,1.454,5.53,0,-0.012,0.001,0,-0.014,13.16,-1.6,0.6,100,0
"2026-01-19 23:03:00",141481,"",7999,2026,1,19,22,57,5,-0.0448,0.773,-0.031,-362964.7,0.723,-0.03,1.431,5.11,0,-0.03,0.001,-0.002,-0.057,13.15,-1.6,0.6,100,0
"2026-01-19 23:06:00",141482,"",7999,2026,1,19,22,57,5,-0.0448,0.773,-0.031,-362964.7,0.723,-0.03,1.431,5.11,0,-0.03,0.001,-0.002,-0.057,13.15,-1.6,0.6,100,0
"2026-01-19 23:09:00",141483,"",7999,2026,1,19,23,3,5,-0.0394,0.759,-0.028,-362979.6,0.709,-0.027,1.405,5.06,0,-0.027,0.001,-0.002,-0.036,13.15,-1.6,0.6,100,0
"2026-01-19 23:12:00",141484,"",7999,2026,1,19,23,3,5,-0.0394,0.759,-0.028,-362979.6,0.709,-0.027,1.405,5.06,0,-0.027,0.001,-0.002,-0.036,13.15,-1.6,0.6,100,0
"2026-01-19 23:15:00",141485,"",7999,2026,1,19,23,9,5,-0.0525,0.75,-0.038,-362996.9,0.7,-0.038,1.387,5.41,0,-0.038,0.001,-0.014,-0.033,13.15,-1.6,0.6,100,0
"2026-01-19 23:18:00",141486,"",7999,2026,1,19,23,9,5,-0.0525,0.75,-0.038,-362996.9,0.7,-0.038,1.387,5.41,0,-0.038,0.001,-0.014,-0.033,13.15,-1.6,0.6,100,0
"2026-01-19 23:21:00",141487,"",7999,2026,1,19,23,15,5,-0.0512,0.74,-0.037,-363015.5,0.69,-0.036,1.37,5.52,0,-0.036,0.001,-0.016,-0.043,13.15,-1.6,0.6,100,0
"2026-01-19 23:24:00",141488,"",7999,2026,1,19,23,15,5,-0.0512,0.74,-0.037,-363015.5,0.69,-0.036,1.37,5.52,0,-0.036,0.001,-0.016,-0.043,13.15,-1.6,0.6,100,0
"2026-01-19 23:27:00",141489,"",7999,2026,1,19,23,21,5,-0.0366,0.734,-0.027,-363030.4,0.684,-0.025,1.359,5.56,0,-0.025,0.002,-0.009,-0.036,13.15,-1.6,0.6,100,0
"2026-01-19 23:30:00",141490,"",7999,2026,1,19,23,21,5,-0.0366,0.734,-0.027,-363030.4,0.684,-0.025,1.359,5.56,0,-0.025,0.002,-0.009,-0.036,13.15,-1.6,0.6,100,0
"2026-01-19 23:33:00",141491,"",7999,2026,1,19,23,27,5,-0.033,0.729,-0.024,-363042.8,0.679,-0.023,1.349,5.55,0,-0.023,0.002,-0.007,-0.026,13.15,-1.6,0.5,100,0
"2026-01-19 23:36:00",141492,"",7999,2026,1,19,23,27,5,-0.033,0.729,-0.024,-363042.8,0.679,-0.023,1.349,5.55,0,-0.023,0.002,-0.007,-0.026,13.15,-1.6,0.5,100,0
"2026-01-19 23:39:00",141493,"",7999,2026,1,19,23,33,5,-0.015,0.724,-0.011,-363050.3,0.674,-0.01,1.339,5.48,0,-0.01,0.001,0,-0.021,13.15,-1.6,0.6,100,0
"2026-01-19 23:42:00",141494,"",7999,2026,1,19,23,33,5,-0.015,0.724,-0.011,-363050.3,0.674,-0.01,1.339,5.48,0,-0.01,0.001,0,-0.021,13.15,-1.6,0.6,100,0
"2026-01-19 23:45:00",141495,"",7999,2026,1,19,23,39,5,0.0003,0.722,0,-363052.1,0.672,0.001,1.335,5.49,0,0.001,0.002,0.009,-0.005,13.15,-1.6,0.6,100,0
"2026-01-19 23:48:00",141496,"",7999,2026,1,19,23,39,5,0.0003,0.722,0,-363052.1,0.672,0.001,1.335,5.49,0,0.001,0.002,0.009,-0.005,13.15,-1.6,0.6,100,0
"2026-01-19 23:51:00",141497,"",7999,2026,1,19,23,45,5,-0.0026,0.72,-0.002,-363052.7,0.67,-0.001,1.332,5.4,0,-0.001,0.002,0.005,-0.012,13.15,-1.6,0.5,100,0
"2026-01-19 23:54:00",141498,"",7999,2026,1,19,23,45,5,-0.0026,0.72,-0.002,-363052.7,0.67,-0.001,1.332,5.4,0,-0.001,0.002,0.005,-0.012,13.15,-1.6,0.5,100,0
"2026-01-19 23:57:00",141499,"",7999,2026,1,19,23,51,5,-0.0005,0.721,0,-363053.1,0.671,-0.001,1.335,5.45,0,-0.001,0.001,0.005,-0.002,13.15,-1.6,0.6,100,0
"2026-01-20 00:00:00",141500,"",7999,2026,1,19,23,51,5,-0.0005,0.721,0,-363053.1,0.671,-0.001,1.335,5.45,0,-0.001,0.001,0.005,-0.002,13.15,-1.6,0.6,100,0
"2026-01-20 00:03:00",141501,"",7999,2026,1,19,23,57,5,-0.0143,0.723,-0.011,-363056.6,0.673,-0.01,1.338,5.4,0,-0.01,0,-0.007,-0.012,13.15,-1.6,0.6,100,0
"2026-01-20 00:06:00",141502,"",7999,2026,1,19,23,57,5,-0.0143,0.723,-0.011,-363056.6,0.673,-0.01,1.338,5.4,0,-0.01,0,-0.007,-0.012,13.15,-1.6,0.6,100,0
"2026-01-20 00:09:00",141503,"",7999,2026,1,20,0,3,5,-0.0155,0.723,-0.012,-363062.1,0.673,-0.011,1.337,5.41,0,-0.011,0.001,-0.005,-0.019,13.15,-1.6,0.6,100,0
"2026-01-20 00:12:00",141504,"",7999,2026,1,20,0,3,5,-0.0155,0.723,-0.012,-363062.1,0.673,-0.011,1.337,5.41,0,-0.011,0.001,-0.005,-0.019,13.15,-1.6,0.6,100,0
"2026-01-20 00:15:00",141505,"",7999,2026,1,20,0,9,5,-0.0015,0.729,-0.001,-363064.3,0.679,-0.001,1.349,5.54,0,-0.001,0.001,0.002,0.005,13.15,-1.6,0.6,100,0
"2026-01-20 00:18:00",141506,"",7999,2026,1,20,0,9,5,-0.0015,0.729,-0.001,-363064.3,0.679,-0.001,1.349,5.54,0,-0.001,0.001,0.002,0.005,13.15,-1.6,0.6,100,0
"2026-01-20 00:21:00",141507,"",7999,2026,1,20,0,15,5,0.0016,0.735,0.001,-363064.1,0.685,0.001,1.36,5.53,0,0.001,-0.001,0,0.002,13.15,-1.6,0.6,100,0
"2026-01-20 00:24:00",141508,"",7999,2026,1,20,0,15,5,0.0016,0.735,0.001,-363064.1,0.685,0.001,1.36,5.53,0,0.001,-0.001,0,0.002,13.15,-1.6,0.6,100,0
"2026-01-20 00:27:00",141509,"",7999,2026,1,20,0,21,5,0.0006,0.737,0,-363063.8,0.687,0,1.363,5.42,0,0,0,-0.007,-0.009,13.15,-1.6,0.6,100,0
"2026-01-20 00:30:00",141510,"",7999,2026,1,20,0,21,5,0.0006,0.737,0,-363063.8,0.687,0,1.363,5.42,0,0,0,-0.007,-0.009,13.15,-1.6,0.6,100,0
"2026-01-20 00:33:00",141511,"",7999,2026,1,20,0,27,5,-0.0091,0.735,-0.007,-363065.9,0.685,-0.005,1.361,5.35,0,-0.005,0,-0.002,-0.014,13.15,-1.6,0.6,100,0
"2026-01-20 00:36:00",141512,"",7999,2026,1,20,0,27,5,-0.0091,0.735,-0.007,-363065.9,0.685,-0.005,1.361,5.35,0,-0.005,0,-0.002,-0.014,13.15,-1.6,0.6,100,0
"2026-01-20 00:39:00",141513,"",7999,2026,1,20,0,33,5,-0.0202,0.733,-0.015,-363071.8,0.683,-0.013,1.356,5.4,0,-0.013,0.001,-0.005,-0.012,13.15,-1.6,0.6,100,0
"2026-01-20 00:42:00",141514,"",7999,2026,1,20,0,33,5,-0.0202,0.733,-0.015,-363071.8,0.683,-0.013,1.356,5.4,0,-0.013,0.001,-0.005,-0.012,13.15,-1.6,0.6,100,0
"2026-01-20 00:45:00",141515,"",7999,2026,1,20,0,39,5,-0.0173,0.725,-0.013,-363078.4,0.675,-0.011,1.341,5.49,0,-0.011,0.002,0.002,-0.014,13.15,-1.6,0.6,100,0
"2026-01-20 00:48:00",141516,"",7999,2026,1,20,0,39,5,-0.0173,0.725,-0.013,-363078.4,0.675,-0.011,1.341,5.49,0,-0.011,0.002,0.002,-0.014,13.15,-1.6,0.6,100,0
"2026-01-20 00:51:00",141517,"",7999,2026,1,20,0,45,5,-0.0162,0.726,-0.012,-363084.4,0.676,-0.01,1.344,5.55,0,-0.01,0.001,0,-0.019,13.15,-1.6,0.5,100,0
"2026-01-20 00:54:00",141518,"",7999,2026,1,20,0,45,5,-0.0162,0.726,-0.012,-363084.4,0.676,-0.01,1.344,5.55,0,-0.01,0.001,0,-0.019,13.15,-1.6,0.5,100,0
"2026-01-20 00:57:00",141519,"",7999,2026,1,20,0,51,5,-0.0252,0.72,-0.019,-363092.4,0.67,-0.017,1.333,5.58,0,-0.017,0.002,-0.007,-0.021,13.15,-1.6,0.6,100,0
"2026-01-20 01:00:00",141520,"",7999,2026,1,20,0,51,5,-0.0252,0.72,-0.019,-363092.4,0.67,-0.017,1.333,5.58,0,-0.017,0.002,-0.007,-0.021,13.15,-1.6,0.6,100,0
"2026-01-20 01:03:00",141521,"",7999,2026,1,20,0,57,5,-0.024,0.715,-0.018,-363101.2,0.665,-0.017,1.324,5.48,0,-0.017,0.001,0,-0.012,13.15,-1.6,0.6,100,0
"2026-01-20 01:06:00",141522,"",7999,2026,1,20,0,57,5,-0.024,0.715,-0.018,-363101.2,0.665,-0.017,1.324,5.48,0,-0.017,0.001,0,-0.012,13.15,-1.6,0.6,100,0
"2026-01-20 01:09:00",141523,"",7999,2026,1,20,1,3,5,-0.0079,0.711,-0.006,-363106,0.661,-0.004,1.316,5.56,0,-0.004,0.002,-0.002,-0.007,13.15,-1.6,0.6,100,0
"2026-01-20 01:12:00",141524,"",7999,2026,1,20,1,3,5,-0.0079,0.711,-0.006,-363106,0.661,-0.004,1.316,5.56,0,-0.004,0.002,-0.002,-0.007,13.15,-1.6,0.6,100,0
"2026-01-20 01:15:00",141525,"",7999,2026,1,20,1,9,5,-0.0112,0.71,-0.009,-363109.7,0.66,-0.007,1.314,5.49,0,-0.007,0.002,0,-0.007,13.15,-1.6,0.6,100,0
"2026-01-20 01:18:00",141526,"",7999,2026,1,20,1,9,5,-0.0112,0.71,-0.009,-363109.7,0.66,-0.007,1.314,5.49,0,-0.007,0.002,0,-0.007,13.15,-1.6,0.6,100,0
"2026-01-20 01:21:00",141527,"",7999,2026,1,20,1,15,5,-0.0026,0.711,-0.002,-363111.7,0.661,-0.001,1.315,5.5,0,-0.001,0.001,0.005,-0.007,13.15,-1.6,0.6,100,0
"2026-01-20 01:24:00",141528,"",7999,2026,1,20,1,15,5,-0.0026,0.711,-0.002,-363111.7,0.661,-0.001,1.315,5.5,0,-0.001,0.001,0.005,-0.007,13.15,-1.6,0.6,100,0
"2026-01-20 01:27:00",141529,"",7999,2026,1,20,1,21,5,-0.0298,0.707,-0.023,-363119.1,0.657,-0.022,1.308,5.37,0,-0.022,0.002,-0.009,-0.031,13.15,-1.6,0.6,100,0
"2026-01-20 01:30:00",141530,"",7999,2026,1,20,1,21,5,-0.0298,0.707,-0.023,-363119.1,0.657,-0.022,1.308,5.37,0,-0.022,0.002,-0.009,-0.031,13.15,-1.6,0.6,100,0
"2026-01-20 01:33:00",141531,"",7999,2026,1,20,1,27,5,-0.0275,0.699,-0.021,-363129.3,0.649,-0.021,1.294,5.3,0,-0.021,0.001,-0.014,-0.028,13.15,-1.6,0.6,100,0
"2026-01-20 01:36:00",141532,"",7999,2026,1,20,1,27,5,-0.0275,0.699,-0.021,-363129.3,0.649,-0.021,1.294,5.3,0,-0.021,0.001,-0.014,-0.028,13.15,-1.6,0.6,100,0
"2026-01-20 01:39:00",141533,"",7999,2026,1,20,1,33,5,-0.0095,0.703,-0.007,-363134.9,0.653,-0.006,1.3,5.43,0,-0.006,-0.001,-0.023,-0.009,13.15,-1.6,0.6,100,0
"2026-01-20 01:42:00",141534,"",7999,2026,1,20,1,33,5,-0.0095,0.703,-0.007,-363134.9,0.653,-0.006,1.3,5.43,0,-0.006,-0.001,-0.023,-0.009,13.15,-1.6,0.6,100,0
"2026-01-20 01:45:00",141535,"",7999,2026,1,20,1,39,5,0.0062,0.711,0.005,-363134.6,0.661,0.004,1.315,5.43,0,0.004,0.002,0.002,-0.002,13.15,-1.6,0.6,100,0
"2026-01-20 01:48:00",141536,"",7999,2026,1,20,1,39,5,0.0062,0.711,0.005,-363134.6,0.661,0.004,1.315,5.43,0,0.004,0.002,0.002,-0.002,13.15,-1.6,0.6,100,0
"2026-01-20 01:51:00",141537,"",7999,2026,1,20,1,45,5,0.0012,0.714,0.001,-363133.5,0.664,0,1.322,5.5,0,0,0,-0.005,-0.009,13.15,-1.6,0.6,100,0
"2026-01-20 01:54:00",141538,"",7999,2026,1,20,1,45,5,0.0012,0.714,0.001,-363133.5,0.664,0,1.322,5.5,0,0,0,-0.005,-0.009,13.15,-1.6,0.6,100,0
"2026-01-20 01:57:00",141539,"",7999,2026,1,20,1,51,5,-0.0107,0.715,-0.008,-363135.9,0.665,-0.007,1.324,5.41,0,-0.007,0.001,-0.009,-0.014,13.15,-1.6,0.6,99,0
"2026-01-20 02:00:00",141540,"",7999,2026,1,20,1,51,5,-0.0107,0.715,-0.008,-363135.9,0.665,-0.007,1.324,5.41,0,-0.007,0.001,-0.009,-0.014,13.15,-1.6,0.6,99,0
"2026-01-20 02:03:00",141541,"",7999,2026,1,20,1,57,5,-0.0167,0.711,-0.013,-363141.3,0.661,-0.012,1.315,5.43,0,-0.012,0.001,-0.002,-0.019,13.15,-1.6,0.6,100,0
"2026-01-20 02:06:00",141542,"",7999,2026,1,20,1,57,5,-0.0167,0.711,-0.013,-363141.3,0.661,-0.012,1.315,5.43,0,-0.012,0.001,-0.002,-0.019,13.15,-1.6,0.6,100,0
"2026-01-20 02:09:00",141543,"",7999,2026,1,20,2,3,5,-0.0204,0.709,-0.016,-363148.2,0.659,-0.013,1.312,5.46,0,-0.013,0.002,-0.021,-0.026,13.15,-1.6,0.6,100,0
"2026-01-20 02:12:00",141544,"",7999,2026,1,20,2,3,5,-0.0204,0.709,-0.016,-363148.2,0.659,-0.013,1.312,5.46,0,-0.013,0.002,-0.021,-0.026,13.15,-1.6,0.6,100,0
"2026-01-20 02:15:00",141545,"",7999,2026,1,20,2,9,5,-0.0173,0.705,-0.013,-363154.8,0.655,-0.012,1.305,5.47,0,-0.012,0,-0.021,-0.014,13.15,-1.6,0.6,100,0
"2026-01-20 02:18:00",141546,"",7999,2026,1,20,2,9,5,-0.0173,0.705,-0.013,-363154.8,0.655,-0.012,1.305,5.47,0,-0.012,0,-0.021,-0.014,13.15,-1.6,0.6,100,0
"2026-01-20 02:21:00",141547,"",7999,2026,1,20,2,15,5,-0.0093,0.705,-0.007,-363159.1,0.655,-0.006,1.305,5.48,0,-0.006,0.001,-0.019,0,13.15,-1.6,0.6,100,0
"2026-01-20 02:24:00",141548,"",7999,2026,1,20,2,15,5,-0.0093,0.705,-0.007,-363159.1,0.655,-0.006,1.305,5.48,0,-0.006,0.001,-0.019,0,13.15,-1.6,0.6,100,0
"2026-01-20 02:27:00",141549,"",7999,2026,1,20,2,21,5,-0.0024,0.705,-0.002,-363160.8,0.655,-0.001,1.305,5.34,0,-0.001,0.001,-0.005,-0.014,13.15,-1.6,0.6,100,0
"2026-01-20 02:30:00",141550,"",7999,2026,1,20,2,21,5,-0.0024,0.705,-0.002,-363160.8,0.655,-0.001,1.305,5.34,0,-0.001,0.001,-0.005,-0.014,13.15,-1.6,0.6,100,0
"2026-01-20 02:33:00",141551,"",7999,2026,1,20,2,27,5,-0.0051,0.705,-0.004,-363162.3,0.655,-0.002,1.305,5.06,0,-0.002,0.001,-0.012,-0.012,13.15,-1.6,0.6,100,0
"2026-01-20 02:36:00",141552,"",7999,2026,1,20,2,27,5,-0.0051,0.705,-0.004,-363162.3,0.655,-0.002,1.305,5.06,0,-0.002,0.001,-0.012,-0.012,13.15,-1.6,0.6,100,0
"2026-01-20 02:39:00",141553,"",7999,2026,1,20,2,33,5,0.0035,0.698,0.003,-363162.1,0.648,0.004,1.291,5.04,0,0.004,0.002,0.012,-0.021,13.15,-1.6,0.6,100,0
"2026-01-20 02:42:00",141554,"",7999,2026,1,20,2,33,5,0.0035,0.698,0.003,-363162.1,0.648,0.004,1.291,5.04,0,0.004,0.002,0.012,-0.021,13.15,-1.6,0.6,100,0
"2026-01-20 02:45:00",141555,"",7999,2026,1,20,2,39,5,0.0146,0.702,0.011,-363158.2,0.652,0.01,1.298,5.22,0,0.01,0,0.007,0.007,13.15,-1.6,0.6,100,0
"2026-01-20 02:48:00",141556,"",7999,2026,1,20,2,39,5,0.0146,0.702,0.011,-363158.2,0.652,0.01,1.298,5.22,0,0.01,0,0.007,0.007,13.15,-1.6,0.6,100,0
"2026-01-20 02:51:00",141557,"",7999,2026,1,20,2,45,5,-0.0048,0.703,-0.004,-363157.6,0.653,-0.004,1.301,5.14,0,-0.004,0.002,-0.007,-0.005,13.15,-1.6,0.6,100,0
"2026-01-20 02:54:00",141558,"",7999,2026,1,20,2,45,5,-0.0048,0.703,-0.004,-363157.6,0.653,-0.004,1.301,5.14,0,-0.004,0.002,-0.007,-0.005,13.15,-1.6,0.6,100,0
"2026-01-20 02:57:00",141559,"",7999,2026,1,20,2,51,5,-0.0024,0.704,-0.002,-363158.7,0.654,-0.001,1.302,5.22,0,-0.001,0.001,-0.005,-0.012,13.15,-1.6,0.6,100,0
"2026-01-20 03:00:00",141560,"",7999,2026,1,20,2,51,5,-0.0024,0.704,-0.002,-363158.7,0.654,-0.001,1.302,5.22,0,-0.001,0.001,-0.005,-0.012,13.15,-1.6,0.6,100,0
"2026-01-20 03:03:00",141561,"",7999,2026,1,20,2,57,5,0.0021,0.708,0.002,-363158.5,0.658,0,1.309,5.35,0,0,0,-0.007,-0.002,13.15,-1.6,0.6,100,0
"2026-01-20 03:06:00",141562,"",7999,2026,1,20,2,57,5,0.0021,0.708,0.002,-363158.5,0.658,0,1.309,5.35,0,0,0,-0.007,-0.002,13.15,-1.6,0.6,100,0
"2026-01-20 03:09:00",141563,"",7999,2026,1,20,3,3,5,-0.0107,0.703,-0.008,-363160.8,0.653,-0.006,1.301,5.03,0,-0.006,0.001,-0.007,-0.028,13.15,-1.6,0.6,100,0
"2026-01-20 03:12:00",141564,"",7999,2026,1,20,3,3,5,-0.0107,0.703,-0.008,-363160.8,0.653,-0.006,1.301,5.03,0,-0.006,0.001,-0.007,-0.028,13.15,-1.6,0.6,100,0
"2026-01-20 03:15:00",141565,"",7999,2026,1,20,3,9,5,0.0085,0.702,0.007,-363160.1,0.652,0.006,1.299,5.14,0,0.006,0.001,0,-0.005,13.15,-1.6,0.6,100,0
"2026-01-20 03:18:00",141566,"",7999,2026,1,20,3,9,5,0.0085,0.702,0.007,-363160.1,0.652,0.006,1.299,5.14,0,0.006,0.001,0,-0.005,13.15,-1.6,0.6,100,0
"2026-01-20 03:21:00",141567,"",7999,2026,1,20,3,15,5,0.0077,0.707,0.006,-363157.2,0.657,0.005,1.309,5.25,0,0.005,0,0.005,-0.005,13.15,-1.6,0.6,100,0
"2026-01-20 03:24:00",141568,"",7999,2026,1,20,3,15,5,0.0077,0.707,0.006,-363157.2,0.657,0.005,1.309,5.25,0,0.005,0,0.005,-0.005,13.15,-1.6,0.6,100,0
"2026-01-20 03:27:00",141569,"",7999,2026,1,20,3,21,5,0.0141,0.712,0.011,-363152.8,0.662,0.01,1.318,5.28,0,0.01,-0.002,-0.002,0,13.15,-1.6,0.6,100,0
"2026-01-20 03:30:00",141570,"",7999,2026,1,20,3,21,5,0.0141,0.712,0.011,-363152.8,0.662,0.01,1.318,5.28,0,0.01,-0.002,-0.002,0,13.15,-1.6,0.6,100,0
"2026-01-20 03:33:00",141571,"",7999,2026,1,20,3,27,5,-0.0192,0.713,-0.015,-363155.8,0.663,-0.013,1.319,5.23,0,-0.013,0.003,-0.012,-0.031,13.15,-1.6,0.6,100,0
"2026-01-20 03:36:00",141572,"",7999,2026,1,20,3,27,5,-0.0192,0.713,-0.015,-363155.8,0.663,-0.013,1.319,5.23,0,-0.013,0.003,-0.012,-0.031,13.15,-1.6,0.6,100,0
"2026-01-20 03:39:00",141573,"",7999,2026,1,20,3,33,5,-0.0375,0.701,-0.029,-363167.1,0.651,-0.028,1.297,5.07,0,-0.028,0.003,-0.014,-0.036,13.15,-1.6,0.6,100,0
"2026-01-20 03:42:00",141574,"",7999,2026,1,20,3,33,5,-0.0375,0.701,-0.029,-363167.1,0.651,-0.028,1.297,5.07,0,-0.028,0.003,-0.014,-0.036,13.15,-1.6,0.6,100,0
"2026-01-20 03:45:00",141575,"",7999,2026,1,20,3,39,5,-0.026,0.691,-0.02,-363177.8,0.641,-0.019,1.278,5.12,0,-0.019,0.002,-0.014,-0.031,13.15,-1.6,0.6,100,0
"2026-01-20 03:48:00",141576,"",7999,2026,1,20,3,39,5,-0.026,0.691,-0.02,-363177.8,0.641,-0.019,1.278,5.12,0,-0.019,0.002,-0.014,-0.031,13.15,-1.6,0.6,100,0
"2026-01-20 03:51:00",141577,"",7999,2026,1,20,3,45,5,0.0026,0.696,0.002,-363180.3,0.646,0.001,1.287,5.17,0,0.001,-0.001,-0.002,0,13.15,-1.6,0.6,100,0
"2026-01-20 03:54:00",141578,"",7999,2026,1,20,3,45,5,0.0026,0.696,0.002,-363180.3,0.646,0.001,1.287,5.17,0,0.001,-0.001,-0.002,0,13.15,-1.6,0.6,100,0
"2026-01-20 03:57:00",141579,"",7999,2026,1,20,3,51,5,0.0238,0.705,0.018,-363174.3,0.655,0.017,1.305,5.26,0,0.017,0,-0.002,0.009,13.15,-1.6,0.6,100,0
"2026-01-20 04:00:00",141580,"",7999,2026,1,20,3,51,5,0.0238,0.705,0.018,-363174.3,0.655,0.017,1.305,5.26,0,0.017,0,-0.002,0.009,13.15,-1.6,0.6,100,0
"2026-01-20 04:03:00",141581,"",7999,2026,1,20,3,57,5,0.0116,0.715,0.009,-363168.6,0.665,0.007,1.324,5.21,0,0.007,0,0,0,13.15,-1.6,0.6,100,0
"2026-01-20 04:06:00",141582,"",7999,2026,1,20,3,57,5,0.0116,0.715,0.009,-363168.6,0.665,0.007,1.324,5.21,0,0.007,0,0,0,13.15,-1.6,0.6,100,0
"2026-01-20 04:09:00",141583,"",7999,2026,1,20,4,3,5,0.0018,0.716,0.001,-363166.8,0.666,0.001,1.325,5.21,0,0.001,-0.001,-0.012,-0.019,13.15,-1.6,0.6,100,0
"2026-01-20 04:12:00",141584,"",7999,2026,1,20,4,3,5,0.0018,0.716,0.001,-363166.8,0.666,0.001,1.325,5.21,0,0.001,-0.001,-0.012,-0.019,13.15,-1.6,0.6,100,0
"2026-01-20 04:15:00",141585,"",7999,2026,1,20,4,9,5,-0.0058,0.712,-0.004,-363167.9,0.662,-0.004,1.317,5.2,0,-0.004,0.001,-0.019,-0.009,13.15,-1.6,0.6,100,0
"2026-01-20 04:18:00",141586,"",7999,2026,1,20,4,9,5,-0.0058,0.712,-0.004,-363167.9,0.662,-0.004,1.317,5.2,0,-0.004,0.001,-0.019,-0.009,13.15,-1.6,0.6,100,0
"2026-01-20 04:21:00",141587,"",7999,2026,1,20,4,15,5,-0.0131,0.698,-0.01,-363171.8,0.648,-0.01,1.293,5.17,0,-0.01,0.001,-0.016,-0.021,13.15,-1.6,0.6,100,0
"2026-01-20 04:24:00",141588,"",7999,2026,1,20,4,15,5,-0.0131,0.698,-0.01,-363171.8,0.648,-0.01,1.293,5.17,0,-0.01,0.001,-0.016,-0.021,13.15,-1.6,0.6,100,0
"2026-01-20 04:27:00",141589,"",7999,2026,1,20,4,21,5,-0.0175,0.703,-0.014,-363177.6,0.653,-0.012,1.3,5.02,0,-0.012,0.004,-0.012,-0.036,13.15,-1.6,0.6,100,0
"2026-01-20 04:30:00",141590,"",7999,2026,1,20,4,21,5,-0.0175,0.703,-0.014,-363177.6,0.653,-0.012,1.3,5.02,0,-0.012,0.004,-0.012,-0.036,13.15,-1.6,0.6,100,0
"2026-01-20 04:33:00",141591,"",7999,2026,1,20,4,27,5,-0.0216,0.708,-0.017,-363184.9,0.658,-0.016,1.31,4.97,0,-0.016,0.001,-0.005,-0.028,13.15,-1.6,0.6,100,0
"2026-01-20 04:36:00",141592,"",7999,2026,1,20,4,27,5,-0.0216,0.708,-0.017,-363184.9,0.658,-0.016,1.31,4.97,0,-0.016,0.001,-0.005,-0.028,13.15,-1.6,0.6,100,0
"2026-01-20 04:39:00",141593,"",7999,2026,1,20,4,33,5,0.0055,0.716,0.004,-363186.2,0.666,0.002,1.324,4.93,0,0.002,0,0.005,0,13.15,-1.6,0.6,100,0
"2026-01-20 04:42:00",141594,"",7999,2026,1,20,4,33,5,0.0055,0.716,0.004,-363186.2,0.666,0.002,1.324,4.93,0,0.002,0,0.005,0,13.15,-1.6,0.6,100,0
"2026-01-20 04:45:00",141595,"",7999,2026,1,20,4,39,5,0.011,0.72,0.008,-363182.8,0.67,0.007,1.332,4.91,0,0.007,0.001,0,0,13.15,-1.6,0.6,100,0
"2026-01-20 04:48:00",141596,"",7999,2026,1,20,4,39,5,0.011,0.72,0.008,-363182.8,0.67,0.007,1.332,4.91,0,0.007,0.001,0,0,13.15,-1.6,0.6,100,0
"2026-01-20 04:51:00",141597,"",7999,2026,1,20,4,45,5,0.0164,0.729,0.012,-363177.6,0.679,0.012,1.349,4.94,0,0.012,0.001,0.007,0.007,13.15,-1.6,0.6,100,0
"2026-01-20 04:54:00",141598,"",7999,2026,1,20,4,45,5,0.0164,0.729,0.012,-363177.6,0.679,0.012,1.349,4.94,0,0.012,0.001,0.007,0.007,13.15,-1.6,0.6,100,0
"2026-01-20 04:57:00",141599,"",7999,2026,1,20,4,51,5,-0.0268,0.727,-0.02,-363182.1,0.677,-0.019,1.346,4.96,0,-0.019,0,-0.026,-0.038,13.15,-1.6,0.6,100,0
"2026-01-20 05:00:00",141600,"",7999,2026,1,20,4,51,5,-0.0268,0.727,-0.02,-363182.1,0.677,-0.019,1.346,4.96,0,-0.019,0,-0.026,-0.038,13.15,-1.6,0.6,100,0
"2026-01-20 05:03:00",141601,"",7999,2026,1,20,4,57,5,-0.0221,0.716,-0.017,-363190.6,0.666,-0.016,1.326,4.84,0,-0.016,0.002,-0.012,-0.019,13.15,-1.6,0.6,100,0
"2026-01-20 05:06:00",141602,"",7999,2026,1,20,4,57,5,-0.0221,0.716,-0.017,-363190.6,0.666,-0.016,1.326,4.84,0,-0.016,0.002,-0.012,-0.019,13.15,-1.6,0.6,100,0
"2026-01-20 05:09:00",141603,"",7999,2026,1,20,5,3,5,-0.0114,0.71,-0.009,-363196,0.66,-0.007,1.315,4.97,0,-0.007,0,0,-0.014,13.15,-1.6,0.6,100,0
"2026-01-20 05:12:00",141604,"",7999,2026,1,20,5,3,5,-0.0114,0.71,-0.009,-363196,0.66,-0.007,1.315,4.97,0,-0.007,0,0,-0.014,13.15,-1.6,0.6,100,0
"2026-01-20 05:15:00",141605,"",7999,2026,1,20,5,9,5,-0.0342,0.697,-0.027,-363205.6,0.647,-0.025,1.291,5.01,0,-0.025,0.002,-0.026,-0.038,13.15,-1.6,0.6,100,0
"2026-01-20 05:18:00",141606,"",7999,2026,1,20,5,9,5,-0.0342,0.697,-0.027,-363205.6,0.647,-0.025,1.291,5.01,0,-0.025,0.002,-0.026,-0.038,13.15,-1.6,0.6,100,0
"2026-01-20 05:21:00",141607,"",7999,2026,1,20,5,15,5,-0.031,0.683,-0.025,-363217.2,0.633,-0.023,1.264,5.01,0,-0.023,0.003,-0.019,-0.026,13.15,-1.6,0.6,100,0
"2026-01-20 05:24:00",141608,"",7999,2026,1,20,5,15,5,-0.031,0.683,-0.025,-363217.2,0.633,-0.023,1.264,5.01,0,-0.023,0.003,-0.019,-0.026,13.15,-1.6,0.6,100,0
"2026-01-20 05:27:00",141609,"",7999,2026,1,20,5,21,5,-0.0267,0.676,-0.021,-363227.3,0.626,-0.019,1.25,5.03,0,-0.019,0.001,-0.012,-0.024,13.15,-1.6,0.6,100,0
"2026-01-20 05:30:00",141610,"",7999,2026,1,20,5,21,5,-0.0267,0.676,-0.021,-363227.3,0.626,-0.019,1.25,5.03,0,-0.019,0.001,-0.012,-0.024,13.15,-1.6,0.6,100,0
"2026-01-20 05:33:00",141611,"",7999,2026,1,20,5,27,5,-0.0232,0.663,-0.019,-363236.1,0.613,-0.018,1.227,5.06,0,-0.018,0.003,-0.014,-0.028,13.15,-1.6,0.6,100,0
"2026-01-20 05:36:00",141612,"",7999,2026,1,20,5,27,5,-0.0232,0.663,-0.019,-363236.1,0.613,-0.018,1.227,5.06,0,-0.018,0.003,-0.014,-0.028,13.15,-1.6,0.6,100,0
"2026-01-20 05:39:00",141613,"",7999,2026,1,20,5,33,5,-0.0084,0.656,-0.007,-363240.9,0.606,-0.005,1.214,5.09,0,-0.005,0.001,0.002,-0.017,13.15,-1.6,0.6,100,0
"2026-01-20 05:42:00",141614,"",7999,2026,1,20,5,33,5,-0.0084,0.656,-0.007,-363240.9,0.606,-0.005,1.214,5.09,0,-0.005,0.001,0.002,-0.017,13.15,-1.6,0.6,100,0
"2026-01-20 05:45:00",141615,"",7999,2026,1,20,5,39,5,-0.001,0.656,-0.001,-363242.2,0.606,0,1.214,5.1,0,0,0,0,-0.005,13.15,-1.6,0.6,100,0
"2026-01-20 05:48:00",141616,"",7999,2026,1,20,5,39,5,-0.001,0.656,-0.001,-363242.2,0.606,0,1.214,5.1,0,0,0,0,-0.005,13.15,-1.6,0.6,100,0
"2026-01-20 05:51:00",141617,"",7999,2026,1,20,5,45,5,-0.0039,0.649,-0.003,-363243.3,0.599,-0.002,1.202,5.07,0,-0.002,0.001,-0.002,-0.012,13.15,-1.6,0.6,100,0
"2026-01-20 05:54:00",141618,"",7999,2026,1,20,5,45,5,-0.0039,0.649,-0.003,-363243.3,0.599,-0.002,1.202,5.07,0,-0.002,0.001,-0.002,-0.012,13.15,-1.6,0.6,100,0
"2026-01-20 05:57:00",141619,"",7999,2026,1,20,5,51,5,-0.0092,0.642,-0.008,-363246,0.592,-0.006,1.188,5.08,0,-0.006,0.001,-0.009,-0.014,13.15,-1.6,0.6,100,0
"2026-01-20 06:00:00",141620,"",7999,2026,1,20,5,51,5,-0.0092,0.642,-0.008,-363246,0.592,-0.006,1.188,5.08,0,-0.006,0.001,-0.009,-0.014,13.15,-1.6,0.6,100,0
"2026-01-20 06:03:00",141621,"",7999,2026,1,20,5,57,5,-0.0132,0.635,-0.011,-363250.3,0.585,-0.011,1.174,5.08,0,-0.011,0.001,-0.019,-0.026,13.15,-1.6,0.6,100,0
"2026-01-20 06:06:00",141622,"",7999,2026,1,20,5,57,5,-0.0132,0.635,-0.011,-363250.3,0.585,-0.011,1.174,5.08,0,-0.011,0.001,-0.019,-0.026,13.15,-1.6,0.6,100,0
"2026-01-20 06:09:00",141623,"",7999,2026,1,20,6,3,5,-0.0199,0.626,-0.017,-363256.6,0.576,-0.017,1.158,4.94,0,-0.017,0.001,-0.016,-0.009,13.15,-1.6,0.6,100,0
"2026-01-20 06:12:00",141624,"",7999,2026,1,20,6,3,5,-0.0199,0.626,-0.017,-363256.6,0.576,-0.017,1.158,4.94,0,-0.017,0.001,-0.016,-0.009,13.15,-1.6,0.6,100,0
"2026-01-20 06:15:00",141625,"",7999,2026,1,20,6,9,5,-0.0092,0.62,-0.008,-363261.3,0.57,-0.007,1.147,4.97,0,-0.007,0,-0.005,-0.005,13.15,-1.6,0.6,100,0
"2026-01-20 06:18:00",141626,"",7999,2026,1,20,6,9,5,-0.0092,0.62,-0.008,-363261.3,0.57,-0.007,1.147,4.97,0,-0.007,0,-0.005,-0.005,13.15,-1.6,0.6,100,0
"2026-01-20 06:21:00",141627,"",7999,2026,1,20,6,15,5,-0.0001,0.617,0,-363262.4,0.567,0,1.142,5.02,0,0,0.001,0,-0.005,13.15,-1.6,0.6,100,0
"2026-01-20 06:24:00",141628,"",7999,2026,1,20,6,15,5,-0.0001,0.617,0,-363262.4,0.567,0,1.142,5.02,0,0,0.001,0,-0.005,13.15,-1.6,0.6,100,0
"2026-01-20 06:27:00",141629,"",7999,2026,1,20,6,21,5,0.0038,0.622,0.003,-363261.5,0.572,0.002,1.151,4.94,0,0.002,0,0.002,0,13.15,-1.6,0.6,100,0
"2026-01-20 06:30:00",141630,"",7999,2026,1,20,6,21,5,0.0038,0.622,0.003,-363261.5,0.572,0.002,1.151,4.94,0,0.002,0,0.002,0,13.15,-1.6,0.6,100,0
"2026-01-20 06:33:00",141631,"",7999,2026,1,20,6,27,5,-0.0055,0.626,-0.005,-363262.4,0.576,-0.004,1.158,4.89,0,-0.004,0.003,0,-0.005,13.15,-1.6,0.6,100,0
"2026-01-20 06:36:00",141632,"",7999,2026,1,20,6,27,5,-0.0055,0.626,-0.005,-363262.4,0.576,-0.004,1.158,4.89,0,-0.004,0.003,0,-0.005,13.15,-1.6,0.6,100,0
"2026-01-20 06:39:00",141633,"",7999,2026,1,20,6,33,5,-0.0077,0.621,-0.007,-363264.9,0.571,-0.006,1.148,4.81,0,-0.006,-0.001,-0.021,-0.024,13.15,-1.6,0.6,100,0
"2026-01-20 06:42:00",141634,"",7999,2026,1,20,6,33,5,-0.0077,0.621,-0.007,-363264.9,0.571,-0.006,1.148,4.81,0,-0.006,-0.001,-0.021,-0.024,13.15,-1.6,0.6,100,0
"2026-01-20 06:45:00",141635,"",7999,2026,1,20,6,39,5,-0.024,0.61,-0.021,-363271.6,0.56,-0.019,1.13,4.81,0,-0.019,0.001,-0.021,-0.019,13.15,-1.6,0.6,100,0
"2026-01-20 06:48:00",141636,"",7999,2026,1,20,6,39,5,-0.024,0.61,-0.021,-363271.6,0.56,-0.019,1.13,4.81,0,-0.019,0.001,-0.021,-0.019,13.15,-1.6,0.6,100,0
"2026-01-20 06:51:00",141637,"",7999,2026,1,20,6,45,5,-0.0132,0.598,-0.012,-363277.7,0.548,-0.011,1.107,4.93,0,-0.011,0.001,0.009,-0.012,13.15,-1.6,0.6,100,0
"2026-01-20 06:54:00",141638,"",7999,2026,1,20,6,45,5,-0.0132,0.598,-0.012,-363277.7,0.548,-0.011,1.107,4.93,0,-0.011,0.001,0.009,-0.012,13.15,-1.6,0.6,100,0
"2026-01-20 06:57:00",141639,"",7999,2026,1,20,6,51,5,-0.0068,0.592,-0.006,-363280.9,0.542,-0.005,1.096,5.04,0,-0.005,0.001,0.005,0,13.15,-1.6,0.6,100,0
"2026-01-20 07:00:00",141640,"",7999,2026,1,20,6,51,5,-0.0068,0.592,-0.006,-363280.9,0.542,-0.005,1.096,5.04,0,-0.005,0.001,0.005,0,13.15,-1.6,0.6,100,0
"2026-01-20 07:03:00",141641,"",7999,2026,1,20,6,57,5,-0.0068,0.582,-0.006,-363283.4,0.532,-0.006,1.077,5.03,0,-0.006,-0.001,-0.019,-0.005,13.15,-1.6,0.6,100,0
"2026-01-20 07:06:00",141642,"",7999,2026,1,20,6,57,5,-0.0068,0.582,-0.006,-363283.4,0.532,-0.006,1.077,5.03,0,-0.006,-0.001,-0.019,-0.005,13.15,-1.6,0.6,100,0
"2026-01-20 07:09:00",141643,"",7999,2026,1,20,7,3,5,-0.0031,0.577,-0.003,-363284.9,0.527,-0.002,1.067,4.98,0,-0.002,0,-0.002,-0.002,13.15,-1.6,0.6,100,0
"2026-01-20 07:12:00",141644,"",7999,2026,1,20,7,3,5,-0.0031,0.577,-0.003,-363284.9,0.527,-0.002,1.067,4.98,0,-0.002,0,-0.002,-0.002,13.15,-1.6,0.6,100,0
"2026-01-20 07:15:00",141645,"",7999,2026,1,20,7,9,5,-0.0072,0.571,-0.007,-363287.1,0.521,-0.006,1.057,4.98,0,-0.006,-0.001,-0.012,-0.005,13.15,-1.6,0.6,100,0
"2026-01-20 07:18:00",141646,"",7999,2026,1,20,7,9,5,-0.0072,0.571,-0.007,-363287.1,0.521,-0.006,1.057,4.98,0,-0.006,-0.001,-0.012,-0.005,13.15,-1.6,0.6,100,0
"2026-01-20 07:21:00",141647,"",7999,2026,1,20,7,15,5,-0.0079,0.562,-0.008,-363289.8,0.512,-0.006,1.04,4.86,0,-0.006,-0.001,-0.002,-0.045,13.15,-1.6,0.6,100,0
"2026-01-20 07:24:00",141648,"",7999,2026,1,20,7,15,5,-0.0079,0.562,-0.008,-363289.8,0.512,-0.006,1.04,4.86,0,-0.006,-0.001,-0.002,-0.045,13.15,-1.6,0.6,100,0
"2026-01-20 07:27:00",141649,"",7999,2026,1,20,7,21,5,-0.0054,0.557,-0.005,-363292.1,0.507,-0.004,1.03,4.88,0,-0.004,-0.001,-0.019,-0.012,13.14,-1.6,0.6,100,0
"2026-01-20 07:30:00",141650,"",7999,2026,1,20,7,21,5,-0.0054,0.557,-0.005,-363292.1,0.507,-0.004,1.03,4.88,0,-0.004,-0.001,-0.019,-0.012,13.14,-1.6,0.6,100,0
"2026-01-20 07:33:00",141651,"",7999,2026,1,20,7,27,5,-0.006,0.555,-0.006,-363294.2,0.505,-0.005,1.028,4.99,0,-0.005,-0.001,-0.007,0,13.14,-1.6,0.6,100,0
"2026-01-20 07:36:00",141652,"",7999,2026,1,20,7,27,5,-0.006,0.555,-0.006,-363294.2,0.505,-0.005,1.028,4.99,0,-0.005,-0.001,-0.007,0,13.14,-1.6,0.6,100,0
"2026-01-20 07:39:00",141653,"",7999,2026,1,20,7,33,5,-0.0056,0.545,-0.006,-363296.3,0.495,-0.005,1.008,4.99,0,-0.005,0,-0.007,-0.007,13.14,-1.6,0.6,100,0
"2026-01-20 07:42:00",141654,"",7999,2026,1,20,7,33,5,-0.0056,0.545,-0.006,-363296.3,0.495,-0.005,1.008,4.99,0,-0.005,0,-0.007,-0.007,13.14,-1.6,0.6,100,0
"2026-01-20 07:45:00",141655,"",7999,2026,1,20,7,39,5,-0.0085,0.535,-0.009,-363299,0.485,-0.008,0.991,5,0,-0.008,-0.001,0,-0.014,13.14,-1.6,0.6,100,0
"2026-01-20 07:48:00",141656,"",7999,2026,1,20,7,39,5,-0.0085,0.535,-0.009,-363299,0.485,-0.008,0.991,5,0,-0.008,-0.001,0,-0.014,13.14,-1.6,0.6,100,0
"2026-01-20 07:51:00",141657,"",7999,2026,1,20,7,45,5,-0.0047,0.527,-0.005,-363301.2,0.477,-0.004,0.975,4.96,0,-0.004,-0.001,0,0.002,13.14,-1.6,0.6,100,0
"2026-01-20 07:54:00",141658,"",7999,2026,1,20,7,45,5,-0.0047,0.527,-0.005,-363301.2,0.477,-0.004,0.975,4.96,0,-0.004,-0.001,0,0.002,13.14,-1.6,0.6,100,0
"2026-01-20 07:57:00",141659,"",7999,2026,1,20,7,51,5,-0.0004,0.519,0,-363301.9,0.469,-0.001,0.961,4.78,0,-0.001,-0.002,0,-0.012,13.14,-1.6,0.6,100,0
"2026-01-20 08:00:00",141660,"",7999,2026,1,20,7,51,5,-0.0004,0.519,0,-363301.9,0.469,-0.001,0.961,4.78,0,-0.001,-0.002,0,-0.012,13.14,-1.6,0.6,100,0
"2026-01-20 08:03:00",141661,"",7999,2026,1,20,7,57,5,-0.0017,0.519,-0.002,-363302.3,0.469,0,0.96,4.55,0,0,0,0.002,-0.005,13.14,-1.6,0.6,100,0
"2026-01-20 08:06:00",141662,"",7999,2026,1,20,7,57,5,-0.0017,0.519,-0.002,-363302.3,0.469,0,0.96,4.55,0,0,0,0.002,-0.005,13.14,-1.6,0.6,100,0
"2026-01-20 08:09:00",141663,"",7999,2026,1,20,8,3,5,-0.0016,0.52,-0.002,-363302.9,0.47,-0.002,0.963,4.54,0,-0.002,0.002,-0.012,-0.009,13.14,-1.6,0.6,100,0
"2026-01-20 08:12:00",141664,"",7999,2026,1,20,8,3,5,-0.0016,0.52,-0.002,-363302.9,0.47,-0.002,0.963,4.54,0,-0.002,0.002,-0.012,-0.009,13.14,-1.6,0.6,100,0
"2026-01-20 08:15:00",141665,"",7999,2026,1,20,8,9,5,-0.0039,0.517,-0.004,-363304.1,0.467,-0.002,0.957,4.41,0,-0.002,0,-0.007,-0.009,13.14,-1.7,0.6,100,0
"2026-01-20 08:18:00",141666,"",7999,2026,1,20,8,9,5,-0.0039,0.517,-0.004,-363304.1,0.467,-0.002,0.957,4.41,0,-0.002,0,-0.007,-0.009,13.14,-1.7,0.6,100,0
"2026-01-20 08:21:00",141667,"",7999,2026,1,20,8,15,5,-0.003,0.517,-0.003,-363305.3,0.467,-0.002,0.956,4.41,0,-0.002,0,-0.005,0,13.14,-1.7,0.6,100,0
"2026-01-20 08:24:00",141668,"",7999,2026,1,20,8,15,5,-0.003,0.517,-0.003,-363305.3,0.467,-0.002,0.956,4.41,0,-0.002,0,-0.005,0,13.14,-1.7,0.6,100,0
"2026-01-20 08:27:00",141669,"",7999,2026,1,20,8,21,5,-0.003,0.513,-0.003,-363306.4,0.463,-0.002,0.95,4.43,0,-0.002,0,0,-0.002,13.14,-1.7,0.6,100,0
"2026-01-20 08:30:00",141670,"",7999,2026,1,20,8,21,5,-0.003,0.513,-0.003,-363306.4,0.463,-0.002,0.95,4.43,0,-0.002,0,0,-0.002,13.14,-1.7,0.6,100,0
"2026-01-20 08:33:00",141671,"",7999,2026,1,20,8,27,5,-0.0036,0.508,-0.004,-363307.7,0.458,-0.002,0.939,4.4,0,-0.002,0,0.002,0.005,13.14,-1.7,0.5,100,0
"2026-01-20 08:36:00",141672,"",7999,2026,1,20,8,27,5,-0.0036,0.508,-0.004,-363307.7,0.458,-0.002,0.939,4.4,0,-0.002,0,0.002,0.005,13.14,-1.7,0.5,100,0
"2026-01-20 08:39:00",141673,"",7999,2026,1,20,8,33,5,-0.0044,0.502,-0.005,-363309.2,0.452,-0.005,0.929,4.4,0,-0.005,0,0,-0.009,13.14,-1.7,0.5,100,0
"2026-01-20 08:42:00",141674,"",7999,2026,1,20,8,33,5,-0.0044,0.502,-0.005,-363309.2,0.452,-0.005,0.929,4.4,0,-0.005,0,0,-0.009,13.14,-1.7,0.5,100,0
"2026-01-20 08:45:00",141675,"",7999,2026,1,20,8,39,5,-0.0042,0.495,-0.005,-363310.7,0.445,-0.004,0.916,4.39,0,-0.004,0.001,-0.014,-0.009,13.14,-1.8,0.5,100,0
"2026-01-20 08:48:00",141676,"",7999,2026,1,20,8,39,5,-0.0042,0.495,-0.005,-363310.7,0.445,-0.004,0.916,4.39,0,-0.004,0.001,-0.014,-0.009,13.14,-1.8,0.5,100,0
"2026-01-20 08:51:00",141677,"",7999,2026,1,20,8,45,5,-0.0092,0.491,-0.01,-363313.4,0.441,-0.01,0.908,4.29,0,-0.01,0,-0.005,-0.014,13.14,-1.8,0.5,100,0
"2026-01-20 08:54:00",141678,"",7999,2026,1,20,8,45,5,-0.0092,0.491,-0.01,-363313.4,0.441,-0.01,0.908,4.29,0,-0.01,0,-0.005,-0.014,13.14,-1.8,0.5,100,0
"2026-01-20 08:57:00",141679,"",7999,2026,1,20,8,51,5,-0.0054,0.489,-0.006,-363315.9,0.439,-0.005,0.906,4.2,0,-0.005,0,-0.009,-0.009,13.14,-1.8,0.5,100,0
"2026-01-20 09:00:00",141680,"",7999,2026,1,20,8,51,5,-0.0054,0.489,-0.006,-363315.9,0.439,-0.005,0.906,4.2,0,-0.005,0,-0.009,-0.009,13.14,-1.8,0.5,100,0
"2026-01-20 09:03:00",141681,"",7999,2026,1,20,8,57,5,-0.0032,0.485,-0.004,-363317.3,0.435,-0.002,0.898,4.18,0,-0.002,0,-0.005,0,13.14,-1.8,0.5,100,0
"2026-01-20 09:06:00",141682,"",7999,2026,1,20,8,57,5,-0.0032,0.485,-0.004,-363317.3,0.435,-0.002,0.898,4.18,0,-0.002,0,-0.005,0,13.14,-1.8,0.5,100,0
"2026-01-20 09:09:00",141683,"",7999,2026,1,20,9,3,5,-0.0033,0.482,-0.004,-363318.5,0.432,-0.002,0.893,4.22,0,-0.002,0,-0.007,-0.007,13.14,-1.8,0.5,100,0
"2026-01-20 09:12:00",141684,"",7999,2026,1,20,9,3,5,-0.0033,0.482,-0.004,-363318.5,0.432,-0.002,0.893,4.22,0,-0.002,0,-0.007,-0.007,13.14,-1.8,0.5,100,0
"2026-01-20 09:15:00",141685,"",7999,2026,1,20,9,9,5,-0.0032,0.48,-0.004,-363319.7,0.43,-0.002,0.888,4.22,0,-0.002,0,-0.012,-0.002,13.14,-1.9,0.5,100,0
"2026-01-20 09:18:00",141686,"",7999,2026,1,20,9,9,5,-0.0032,0.48,-0.004,-363319.7,0.43,-0.002,0.888,4.22,0,-0.002,0,-0.012,-0.002,13.14,-1.9,0.5,100,0
"2026-01-20 09:21:00",141687,"",7999,2026,1,20,9,15,5,-0.0035,0.478,-0.004,-363320.9,0.428,-0.002,0.884,4.22,2,-0.002,0,0,0.002,13.14,-2,0.5,100,0
"2026-01-20 09:24:00",141688,"",7999,2026,1,20,9,15,5,-0.0035,0.478,-0.004,-363320.9,0.428,-0.002,0.884,4.22,2,-0.002,0,0,0.002,13.14,-2,0.5,100,0
"2026-01-20 09:27:00",141689,"",7999,2026,1,20,9,21,5,-0.0037,0.476,-0.004,-363322.3,0.426,-0.002,0.88,4.21,2,-0.002,0,-0.002,-0.009,13.14,-2,0.5,100,0
"2026-01-20 09:30:00",141690,"",7999,2026,1,20,9,21,5,-0.0037,0.476,-0.004,-363322.3,0.426,-0.002,0.88,4.21,2,-0.002,0,-0.002,-0.009,13.14,-2,0.5,100,0
"2026-01-20 09:33:00",141691,"",7999,2026,1,20,9,27,5,-0.0035,0.474,-0.004,-363323.5,0.424,-0.002,0.877,4.21,2,-0.002,0,0,-0.012,13.14,-2,0.5,100,0
"2026-01-20 09:36:00",141692,"",7999,2026,1,20,9,27,5,-0.0035,0.474,-0.004,-363323.5,0.424,-0.002,0.877,4.21,2,-0.002,0,0,-0.012,13.14,-2,0.5,100,0
"2026-01-20 09:39:00",141693,"",7999,2026,1,20,9,33,5,-0.004,0.472,-0.005,-363324.9,0.422,-0.004,0.874,4.22,2,-0.004,0.001,0,-0.009,13.14,-2,0.5,100,0
"2026-01-20 09:42:00",141694,"",7999,2026,1,20,9,33,5,-0.004,0.472,-0.005,-363324.9,0.422,-0.004,0.874,4.22,2,-0.004,0.001,0,-0.009,13.14,-2,0.5,100,0
"2026-01-20 09:45:00",141695,"",7999,2026,1,20,9,39,5,-0.0044,0.471,-0.005,-363326.5,0.421,-0.004,0.872,4.23,2,-0.004,0.001,-0.007,-0.021,13.14,-2.1,0.5,100,0
"2026-01-20 09:48:00",141696,"",7999,2026,1,20,9,39,5,-0.0044,0.471,-0.005,-363326.5,0.421,-0.004,0.872,4.23,2,-0.004,0.001,-0.007,-0.021,13.14,-2.1,0.5,100,0
"2026-01-20 09:51:00",141697,"",7999,2026,1,20,9,45,5,-0.0038,0.471,-0.004,-363327.9,0.421,-0.004,0.871,4.25,2,-0.004,-0.001,-0.002,-0.026,13.14,-2.1,0.5,100,0
"2026-01-20 09:54:00",141698,"",7999,2026,1,20,9,45,5,-0.0038,0.471,-0.004,-363327.9,0.421,-0.004,0.871,4.25,2,-0.004,-0.001,-0.002,-0.026,13.14,-2.1,0.5,100,0
"2026-01-20 09:57:00",141699,"",7999,2026,1,20,9,51,5,-0.006,0.47,-0.007,-363329.8,0.42,-0.006,0.869,4.23,2,-0.006,0.001,0.002,-0.002,13.14,-2,0.5,100,0
"2026-01-20 10:00:00",141700,"",7999,2026,1,20,9,51,5,-0.006,0.47,-0.007,-363329.8,0.42,-0.006,0.869,4.23,2,-0.006,0.001,0.002,-0.002,13.14,-2,0.5,100,0
"2026-01-20 10:03:00",141701,"",7999,2026,1,20,9,57,5,-0.0054,0.468,-0.006,-363331.9,0.418,-0.005,0.866,4.22,2,-0.005,0.001,-0.012,-0.005,13.14,-2.1,0.5,100,0
"2026-01-20 10:06:00",141702,"",7999,2026,1,20,9,57,5,-0.0054,0.468,-0.006,-363331.9,0.418,-0.005,0.866,4.22,2,-0.005,0.001,-0.012,-0.005,13.14,-2.1,0.5,100,0
"2026-01-20 10:09:00",141703,"",7999,2026,1,20,10,3,5,-0.0026,0.466,-0.003,-363333.2,0.416,-0.002,0.863,4.25,2,-0.002,0,0.009,-0.024,13.14,-2.1,0.5,100,0
"2026-01-20 10:12:00",141704,"",7999,2026,1,20,10,3,5,-0.0026,0.466,-0.003,-363333.2,0.416,-0.002,0.863,4.25,2,-0.002,0,0.009,-0.024,13.14,-2.1,0.5,100,0
"2026-01-20 10:15:00",141705,"",7999,2026,1,20,10,9,5,0.0024,0.465,0.003,-363332.9,0.415,0.001,0.861,4.23,2,0.001,0.001,-0.012,0.002,13.15,-2.1,0.5,100,0
"2026-01-20 10:18:00",141706,"",7999,2026,1,20,10,9,5,0.0024,0.465,0.003,-363332.9,0.415,0.001,0.861,4.23,2,0.001,0.001,-0.012,0.002,13.15,-2.1,0.5,100,0
"2026-01-20 10:21:00",141707,"",7999,2026,1,20,10,15,5,0.0004,0.464,0.001,-363332.5,0.414,0.001,0.859,4.19,2,0.001,-0.002,-0.002,-0.019,13.15,-2.1,0.5,100,0
"2026-01-20 10:24:00",141708,"",7999,2026,1,20,10,15,5,0.0004,0.464,0.001,-363332.5,0.414,0.001,0.859,4.19,2,0.001,-0.002,-0.002,-0.019,13.15,-2.1,0.5,100,0
"2026-01-20 10:27:00",141709,"",7999,2026,1,20,10,21,5,-0.0028,0.463,-0.003,-363333.1,0.413,-0.001,0.857,4.21,2,-0.001,0.001,-0.007,-0.005,13.15,-2.4,0.4,100,0
"2026-01-20 10:30:00",141710,"",7999,2026,1,20,10,21,5,-0.0028,0.463,-0.003,-363333.1,0.413,-0.001,0.857,4.21,2,-0.001,0.001,-0.007,-0.005,13.15,-2.4,0.4,100,0
"2026-01-20 10:33:00",141711,"",7999,2026,1,20,10,27,5,-0.0033,0.462,-0.004,-363334.3,0.412,-0.002,0.856,4.25,2,-0.002,0,-0.019,-0.009,13.15,-2.4,0.4,100,0
"2026-01-20 10:36:00",141712,"",7999,2026,1,20,10,27,5,-0.0033,0.462,-0.004,-363334.3,0.412,-0.002,0.856,4.25,2,-0.002,0,-0.019,-0.009,13.15,-2.4,0.4,100,0
"2026-01-20 10:39:00",141713,"",7999,2026,1,20,10,33,5,-0.0049,0.462,-0.006,-363335.8,0.412,-0.005,0.855,4.25,2,-0.005,-0.001,-0.009,0,13.15,-2.3,0.5,100,0
"2026-01-20 10:42:00",141714,"",7999,2026,1,20,10,33,5,-0.0049,0.462,-0.006,-363335.8,0.412,-0.005,0.855,4.25,2,-0.005,-0.001,-0.009,0,13.15,-2.3,0.5,100,0
"2026-01-20 10:45:00",141715,"",7999,2026,1,20,10,39,5,-0.0042,0.462,-0.005,-363337.5,0.412,-0.004,0.854,4.21,2,-0.004,-0.001,-0.002,-0.007,13.15,-2.3,0.5,100,0
"2026-01-20 10:48:00",141716,"",7999,2026,1,20,10,39,5,-0.0042,0.462,-0.005,-363337.5,0.412,-0.004,0.854,4.21,2,-0.004,-0.001,-0.002,-0.007,13.15,-2.3,0.5,100,0
"2026-01-20 10:51:00",141717,"",7999,2026,1,20,10,45,5,-0.0034,0.461,-0.004,-363338.8,0.411,-0.002,0.853,4.23,2,-0.002,0,-0.005,0.002,13.15,-2.4,0.4,100,0
"2026-01-20 10:54:00",141718,"",7999,2026,1,20,10,45,5,-0.0034,0.461,-0.004,-363338.8,0.411,-0.002,0.853,4.23,2,-0.002,0,-0.005,0.002,13.15,-2.4,0.4,100,0
"2026-01-20 10:57:00",141719,"",7999,2026,1,20,10,51,5,-0.0053,0.461,-0.006,-363340.5,0.411,-0.005,0.853,4.24,2,-0.005,0,-0.007,-0.002,13.15,-2.3,0.5,100,0
"2026-01-20 11:00:00",141720,"",7999,2026,1,20,10,51,5,-0.0053,0.461,-0.006,-363340.5,0.411,-0.005,0.853,4.24,2,-0.005,0,-0.007,-0.002,13.15,-2.3,0.5,100,0
"2026-01-20 11:03:00",141721,"",7999,2026,1,20,10,57,5,-0.0042,0.46,-0.005,-363342.2,0.41,-0.005,0.852,4.23,2,-0.005,0,-0.014,-0.014,13.15,-2.4,0.5,100,0
"2026-01-20 11:06:00",141722,"",7999,2026,1,20,10,57,5,-0.0042,0.46,-0.005,-363342.2,0.41,-0.005,0.852,4.23,2,-0.005,0,-0.014,-0.014,13.15,-2.4,0.5,100,0
"2026-01-20 11:09:00",141723,"",7999,2026,1,20,11,3,5,-0.0025,0.46,-0.003,-363343.3,0.41,-0.002,0.851,4.24,2,-0.002,0,-0.012,-0.017,13.15,-2.4,0.5,100,0
"2026-01-20 11:12:00",141724,"",7999,2026,1,20,11,3,5,-0.0025,0.46,-0.003,-363343.3,0.41,-0.002,0.851,4.24,2,-0.002,0,-0.012,-0.017,13.15,-2.4,0.5,100,0
"2026-01-20 11:15:00",141725,"",7999,2026,1,20,11,9,5,-0.0038,0.459,-0.005,-363344.5,0.409,-0.004,0.849,4.27,2,-0.004,0.001,-0.007,-0.007,13.15,-2.4,0.5,100,0
"2026-01-20 11:18:00",141726,"",7999,2026,1,20,11,9,5,-0.0038,0.459,-0.005,-363344.5,0.409,-0.004,0.849,4.27,2,-0.004,0.001,-0.007,-0.007,13.15,-2.4,0.5,100,0
"2026-01-20 11:21:00",141727,"",7999,2026,1,20,11,15,5,-0.0036,0.459,-0.004,-363345.8,0.409,-0.002,0.85,4.28,2,-0.002,0,0,-0.005,13.15,-2.5,0.5,100,0
"2026-01-20 11:24:00",141728,"",7999,2026,1,20,11,15,5,-0.0036,0.459,-0.004,-363345.8,0.409,-0.002,0.85,4.28,2,-0.002,0,0,-0.005,13.15,-2.5,0.5,100,0
"2026-01-20 11:27:00",141729,"",7999,2026,1,20,11,21,5,-0.0035,0.459,-0.004,-363347.2,0.409,-0.004,0.849,4.29,2,-0.004,0.001,-0.026,-0.002,13.14,-2.4,0.5,100,0
"2026-01-20 11:30:00",141730,"",7999,2026,1,20,11,21,5,-0.0035,0.459,-0.004,-363347.2,0.409,-0.004,0.849,4.29,2,-0.004,0.001,-0.026,-0.002,13.14,-2.4,0.5,100,0
"2026-01-20 11:33:00",141731,"",7999,2026,1,20,11,27,5,-0.0023,0.458,-0.003,-363348.1,0.408,-0.002,0.848,4.27,2,-0.002,0,-0.014,0.007,13.14,-2.5,0.5,100,0
"2026-01-20 11:36:00",141732,"",7999,2026,1,20,11,27,5,-0.0023,0.458,-0.003,-363348.1,0.408,-0.002,0.848,4.27,2,-0.002,0,-0.014,0.007,13.14,-2.5,0.5,100,0
"2026-01-20 11:39:00",141733,"",7999,2026,1,20,11,33,5,-0.0048,0.458,-0.006,-363349.6,0.408,-0.005,0.847,4.29,2,-0.005,0,-0.016,-0.002,13.14,-2.4,0.5,100,0
"2026-01-20 11:42:00",141734,"",7999,2026,1,20,11,33,5,-0.0048,0.458,-0.006,-363349.6,0.408,-0.005,0.847,4.29,2,-0.005,0,-0.016,-0.002,13.14,-2.4,0.5,100,0
"2026-01-20 11:45:00",141735,"",7999,2026,1,20,11,39,5,-0.0028,0.458,-0.003,-363350.8,0.408,-0.002,0.848,4.33,2,-0.002,0,-0.002,0.002,13.14,-2.4,0.5,100,0
"2026-01-20 11:48:00",141736,"",7999,2026,1,20,11,39,5,-0.0028,0.458,-0.003,-363350.8,0.408,-0.002,0.848,4.33,2,-0.002,0,-0.002,0.002,13.14,-2.4,0.5,100,0
"2026-01-20 11:51:00",141737,"",7999,2026,1,20,11,45,5,-0.003,0.457,-0.004,-363351.9,0.407,-0.002,0.846,4.38,2,-0.002,0,0,0,13.14,-2.5,0.5,100,0
"2026-01-20 11:54:00",141738,"",7999,2026,1,20,11,45,5,-0.003,0.457,-0.004,-363351.9,0.407,-0.002,0.846,4.38,2,-0.002,0,0,0,13.14,-2.5,0.5,100,0
"2026-01-20 11:57:00",141739,"",7999,2026,1,20,11,51,5,-0.0034,0.458,-0.004,-363353.2,0.408,-0.002,0.847,4.45,2,-0.002,0,-0.021,-0.005,13.14,-2.4,0.5,100,0
"2026-01-20 12:00:00",141740,"",7999,2026,1,20,11,51,5,-0.0034,0.458,-0.004,-363353.2,0.408,-0.002,0.847,4.45,2,-0.002,0,-0.021,-0.005,13.14,-2.4,0.5,100,0
"2026-01-20 12:03:00",141741,"",7999,2026,1,20,11,57,5,-0.0038,0.457,-0.005,-363354.5,0.407,-0.004,0.846,4.43,2,-0.004,-0.001,-0.007,-0.012,13.15,-2.3,0.5,100,0
"2026-01-20 12:06:00",141742,"",7999,2026,1,20,11,57,5,-0.0038,0.457,-0.005,-363354.5,0.407,-0.004,0.846,4.43,2,-0.004,-0.001,-0.007,-0.012,13.15,-2.3,0.5,100,0
"2026-01-20 12:09:00",141743,"",7999,2026,1,20,12,3,5,-0.0032,0.457,-0.004,-363355.7,0.407,-0.002,0.846,4.41,2,-0.002,0.001,-0.021,-0.007,13.15,-2.2,0.5,100,0
"2026-01-20 12:12:00",141744,"",7999,2026,1,20,12,3,5,-0.0032,0.457,-0.004,-363355.7,0.407,-0.002,0.846,4.41,2,-0.002,0.001,-0.021,-0.007,13.15,-2.2,0.5,100,0
"2026-01-20 12:15:00",141745,"",7999,2026,1,20,12,9,5,-0.0036,0.456,-0.004,-363357,0.406,-0.004,0.844,4.4,2,-0.004,0.001,-0.019,0,13.15,-2.3,0.5,100,0
"2026-01-20 12:18:00",141746,"",7999,2026,1,20,12,9,5,-0.0036,0.456,-0.004,-363357,0.406,-0.004,0.844,4.4,2,-0.004,0.001,-0.019,0,13.15,-2.3,0.5,100,0
"2026-01-20 12:21:00",141747,"",7999,2026,1,20,12,15,5,-0.0033,0.456,-0.004,-363358.2,0.406,-0.002,0.845,4.44,2,-0.002,0,-0.014,-0.002,13.15,-2.2,0.6,100,0
"2026-01-20 12:24:00",141748,"",7999,2026,1,20,12,15,5,-0.0033,0.456,-0.004,-363358.2,0.406,-0.002,0.845,4.44,2,-0.002,0,-0.014,-0.002,13.15,-2.2,0.6,100,0
"2026-01-20 12:27:00",141749,"",7999,2026,1,20,12,21,5,-0.0046,0.456,-0.005,-363359.8,0.406,-0.004,0.844,4.44,2,-0.004,0.001,-0.005,0,13.15,-2.3,0.6,100,0
"2026-01-20 12:30:00",141750,"",7999,2026,1,20,12,21,5,-0.0046,0.456,-0.005,-363359.8,0.406,-0.004,0.844,4.44,2,-0.004,0.001,-0.005,0,13.15,-2.3,0.6,100,0
"2026-01-20 12:33:00",141751,"",7999,2026,1,20,12,27,5,-0.0017,0.455,-0.002,-363360.7,0.405,-0.001,0.843,4.47,2,-0.001,0.001,-0.019,-0.002,13.15,-2.4,0.6,100,0
"2026-01-20 12:36:00",141752,"",7999,2026,1,20,12,27,5,-0.0017,0.455,-0.002,-363360.7,0.405,-0.001,0.843,4.47,2,-0.001,0.001,-0.019,-0.002,13.15,-2.4,0.6,100,0
"2026-01-20 12:39:00",141753,"",7999,2026,1,20,12,33,5,-0.0007,0.456,-0.001,-363361.1,0.406,0,0.843,4.51,2,0,0,-0.014,-0.002,13.15,-2.2,0.6,100,0
"2026-01-20 12:42:00",141754,"",7999,2026,1,20,12,33,5,-0.0007,0.456,-0.001,-363361.1,0.406,0,0.843,4.51,2,0,0,-0.014,-0.002,13.15,-2.2,0.6,100,0
"2026-01-20 12:45:00",141755,"",7999,2026,1,20,12,39,5,-0.0045,0.455,-0.005,-363362.3,0.405,-0.004,0.841,4.46,2,-0.004,-0.001,-0.019,-0.009,13.15,-2.3,0.6,100,0
"2026-01-20 12:48:00",141756,"",7999,2026,1,20,12,39,5,-0.0045,0.455,-0.005,-363362.3,0.405,-0.004,0.841,4.46,2,-0.004,-0.001,-0.019,-0.009,13.15,-2.3,0.6,100,0
"2026-01-20 12:51:00",141757,"",7999,2026,1,20,12,45,5,-0.0045,0.455,-0.005,-363363.9,0.405,-0.005,0.842,4.48,2,-0.005,0,-0.012,-0.002,13.15,-2.2,0.6,100,0
"2026-01-20 12:54:00",141758,"",7999,2026,1,20,12,45,5,-0.0045,0.455,-0.005,-363363.9,0.405,-0.005,0.842,4.48,2,-0.005,0,-0.012,-0.002,13.15,-2.2,0.6,100,0
"2026-01-20 12:57:00",141759,"",7999,2026,1,20,12,51,5,-0.0052,0.455,-0.006,-363365.8,0.405,-0.006,0.842,4.5,2,-0.006,0.001,-0.016,-0.012,13.15,-2.2,0.6,100,0
"2026-01-20 13:00:00",141760,"",7999,2026,1,20,12,51,5,-0.0052,0.455,-0.006,-363365.8,0.405,-0.006,0.842,4.5,2,-0.006,0.001,-0.016,-0.012,13.15,-2.2,0.6,100,0
"2026-01-20 13:03:00",141761,"",7999,2026,1,20,12,57,5,-0.0015,0.455,-0.002,-363366.8,0.405,-0.001,0.842,4.5,2,-0.001,-0.001,-0.035,-0.014,13.15,-2.2,0.6,100,0
"2026-01-20 13:06:00",141762,"",7999,2026,1,20,12,57,5,-0.0015,0.455,-0.002,-363366.8,0.405,-0.001,0.842,4.5,2,-0.001,-0.001,-0.035,-0.014,13.15,-2.2,0.6,100,0
"2026-01-20 13:09:00",141763,"",7999,2026,1,20,13,3,5,-0.0037,0.455,-0.004,-363367.8,0.405,-0.004,0.842,4.52,2,-0.004,0.001,-0.005,-0.007,13.15,-2.2,0.6,100,0
"2026-01-20 13:12:00",141764,"",7999,2026,1,20,13,3,5,-0.0037,0.455,-0.004,-363367.8,0.405,-0.004,0.842,4.52,2,-0.004,0.001,-0.005,-0.007,13.15,-2.2,0.6,100,0
"2026-01-20 13:15:00",141765,"",7999,2026,1,20,13,9,5,-0.0023,0.456,-0.003,-363368.8,0.406,-0.002,0.844,4.55,2,-0.002,0,-0.014,-0.007,13.15,-2.2,0.7,100,0
"2026-01-20 13:18:00",141766,"",7999,2026,1,20,13,9,5,-0.0023,0.456,-0.003,-363368.8,0.406,-0.002,0.844,4.55,2,-0.002,0,-0.014,-0.007,13.15,-2.2,0.7,100,0
"2026-01-20 13:21:00",141767,"",7999,2026,1,20,13,15,5,-0.0034,0.458,-0.004,-363369.9,0.408,-0.004,0.848,4.54,2,-0.004,0.001,-0.002,-0.009,13.15,-2.2,0.7,100,0
"2026-01-20 13:24:00",141768,"",7999,2026,1,20,13,15,5,-0.0034,0.458,-0.004,-363369.9,0.408,-0.004,0.848,4.54,2,-0.004,0.001,-0.002,-0.009,13.15,-2.2,0.7,100,0
"2026-01-20 13:27:00",141769,"",7999,2026,1,20,13,21,5,-0.0011,0.463,-0.001,-363370.6,0.413,-0.001,0.857,4.49,2,-0.001,0.001,0.002,-0.005,13.15,-2.3,0.7,100,0
"2026-01-20 13:30:00",141770,"",7999,2026,1,20,13,21,5,-0.0011,0.463,-0.001,-363370.6,0.413,-0.001,0.857,4.49,2,-0.001,0.001,0.002,-0.005,13.15,-2.3,0.7,100,0
"2026-01-20 13:33:00",141771,"",7999,2026,1,20,13,27,5,-0.0039,0.473,-0.004,-363371.7,0.423,-0.002,0.875,4.5,2,-0.002,0.001,-0.002,-0.002,13.15,-2.2,0.7,100,0
"2026-01-20 13:36:00",141772,"",7999,2026,1,20,13,27,5,-0.0039,0.473,-0.004,-363371.7,0.423,-0.002,0.875,4.5,2,-0.002,0.001,-0.002,-0.002,13.15,-2.2,0.7,100,0
"2026-01-20 13:39:00",141773,"",7999,2026,1,20,13,33,5,0.0004,0.482,0.001,-363372,0.432,0,0.893,4.49,2,0,0,-0.007,0.002,13.15,-2.2,0.7,100,0
"2026-01-20 13:42:00",141774,"",7999,2026,1,20,13,33,5,0.0004,0.482,0.001,-363372,0.432,0,0.893,4.49,2,0,0,-0.007,0.002,13.15,-2.2,0.7,100,0
"2026-01-20 13:45:00",141775,"",7999,2026,1,20,13,39,5,-0.0011,0.488,-0.001,-363372.3,0.438,0,0.903,4.51,2,0,0,-0.005,-0.009,13.15,-2.3,0.8,100,0
"2026-01-20 13:48:00",141776,"",7999,2026,1,20,13,39,5,-0.0011,0.488,-0.001,-363372.3,0.438,0,0.903,4.51,2,0,0,-0.005,-0.009,13.15,-2.3,0.8,100,0
"2026-01-20 13:51:00",141777,"",7999,2026,1,20,13,45,5,0.0019,0.492,0.002,-363371.9,0.442,0.001,0.911,4.53,2,0.001,0.001,0.002,-0.012,13.15,-2.2,0.8,100,0
"2026-01-20 13:54:00",141778,"",7999,2026,1,20,13,45,5,0.0019,0.492,0.002,-363371.9,0.442,0.001,0.911,4.53,2,0.001,0.001,0.002,-0.012,13.15,-2.2,0.8,100,0
"2026-01-20 13:57:00",141779,"",7999,2026,1,20,13,51,5,-0.0026,0.501,-0.003,-363372.3,0.451,-0.001,0.927,4.54,2,-0.001,-0.001,-0.009,0,13.15,-2.2,0.8,100,0
"2026-01-20 14:00:00",141780,"",7999,2026,1,20,13,51,5,-0.0026,0.501,-0.003,-363372.3,0.451,-0.001,0.927,4.54,2,-0.001,-0.001,-0.009,0,13.15,-2.2,0.8,100,0
"2026-01-20 14:03:00",141781,"",7999,2026,1,20,13,57,5,-0.0005,0.509,-0.001,-363372.8,0.459,0,0.942,4.59,2,0,0,-0.014,-0.002,13.15,-2.2,0.8,100,0
"2026-01-20 14:06:00",141782,"",7999,2026,1,20,13,57,5,-0.0005,0.509,-0.001,-363372.8,0.459,0,0.942,4.59,2,0,0,-0.014,-0.002,13.15,-2.2,0.8,100,0
"2026-01-20 14:09:00",141783,"",7999,2026,1,20,14,3,5,-0.0025,0.515,-0.003,-363373.4,0.465,-0.001,0.954,4.56,2,-0.001,0.001,-0.014,-0.005,13.15,-2.2,0.8,100,0
"2026-01-20 14:12:00",141784,"",7999,2026,1,20,14,3,5,-0.0025,0.515,-0.003,-363373.4,0.465,-0.001,0.954,4.56,2,-0.001,0.001,-0.014,-0.005,13.15,-2.2,0.8,100,0
"2026-01-20 14:15:00",141785,"",7999,2026,1,20,14,9,5,-0.0016,0.52,-0.002,-363374.1,0.47,-0.001,0.963,4.58,2,-0.001,0.001,-0.012,-0.002,13.15,-2.3,0.9,100,0
"2026-01-20 14:18:00",141786,"",7999,2026,1,20,14,9,5,-0.0016,0.52,-0.002,-363374.1,0.47,-0.001,0.963,4.58,2,-0.001,0.001,-0.012,-0.002,13.15,-2.3,0.9,100,0
"2026-01-20 14:21:00",141787,"",7999,2026,1,20,14,15,5,-0.0058,0.536,-0.006,-363375.8,0.486,-0.005,0.992,4.59,2,-0.005,0,-0.005,-0.005,13.15,-2.1,0.8,100,0
"2026-01-20 14:24:00",141788,"",7999,2026,1,20,14,15,5,-0.0058,0.536,-0.006,-363375.8,0.486,-0.005,0.992,4.59,2,-0.005,0,-0.005,-0.005,13.15,-2.1,0.8,100,0
"2026-01-20 14:27:00",141789,"",7999,2026,1,20,14,21,5,-0.0049,0.547,-0.005,-363377.6,0.497,-0.004,1.013,4.54,2,-0.004,0.001,-0.014,-0.014,13.15,-2.1,0.8,100,0
"2026-01-20 14:30:00",141790,"",7999,2026,1,20,14,21,5,-0.0049,0.547,-0.005,-363377.6,0.497,-0.004,1.013,4.54,2,-0.004,0.001,-0.014,-0.014,13.15,-2.1,0.8,100,0
"2026-01-20 14:33:00",141791,"",7999,2026,1,20,14,27,5,-0.0014,0.557,-0.001,-363378.6,0.507,0,1.032,4.51,2,0,0,-0.014,-0.012,13.15,-2,0.8,100,0
"2026-01-20 14:36:00",141792,"",7999,2026,1,20,14,27,5,-0.0014,0.557,-0.001,-363378.6,0.507,0,1.032,4.51,2,0,0,-0.014,-0.012,13.15,-2,0.8,100,0
"2026-01-20 14:39:00",141793,"",7999,2026,1,20,14,33,5,0.0019,0.572,0.002,-363378.3,0.522,0.001,1.059,4.53,2,0.001,0.001,-0.005,-0.009,13.15,-2.1,0.8,100,0
"2026-01-20 14:42:00",141794,"",7999,2026,1,20,14,33,5,0.0019,0.572,0.002,-363378.3,0.522,0.001,1.059,4.53,2,0.001,0.001,-0.005,-0.009,13.15,-2.1,0.8,100,0
"2026-01-20 14:45:00",141795,"",7999,2026,1,20,14,39,5,0.0001,0.582,0,-363378,0.532,-0.001,1.077,4.5,2,-0.001,-0.001,-0.009,-0.005,13.15,-2,0.9,100,0
"2026-01-20 14:48:00",141796,"",7999,2026,1,20,14,39,5,0.0001,0.582,0,-363378,0.532,-0.001,1.077,4.5,2,-0.001,-0.001,-0.009,-0.005,13.15,-2,0.9,100,0
"2026-01-20 14:51:00",141797,"",7999,2026,1,20,14,45,5,0.0146,0.605,0.013,-363374.5,0.555,0.012,1.12,4.49,2,0.012,0,0,0.005,13.15,-2,0.8,100,0
"2026-01-20 14:54:00",141798,"",7999,2026,1,20,14,45,5,0.0146,0.605,0.013,-363374.5,0.555,0.012,1.12,4.49,2,0.012,0,0,0.005,13.15,-2,0.8,100,0
"2026-01-20 14:57:00",141799,"",7999,2026,1,20,14,51,5,0.0076,0.619,0.007,-363370.9,0.569,0.006,1.146,4.61,2,0.006,-0.001,-0.005,0,13.15,-2,0.8,100,0
"2026-01-20 15:00:00",141800,"",7999,2026,1,20,14,51,5,0.0076,0.619,0.007,-363370.9,0.569,0.006,1.146,4.61,2,0.006,-0.001,-0.005,0,13.15,-2,0.8,100,0
"2026-01-20 15:03:00",141801,"",7999,2026,1,20,14,57,5,0.0078,0.632,0.007,-363368.1,0.582,0.006,1.169,4.61,2,0.006,-0.001,-0.009,-0.005,13.15,-2,0.8,100,0
"2026-01-20 15:06:00",141802,"",7999,2026,1,20,14,57,5,0.0078,0.632,0.007,-363368.1,0.582,0.006,1.169,4.61,2,0.006,-0.001,-0.009,-0.005,13.15,-2,0.8,100,0
"2026-01-20 15:09:00",141803,"",7999,2026,1,20,15,3,5,0.0188,0.65,0.016,-363362.7,0.6,0.015,1.203,4.63,0,0.015,0,0,0.005,13.15,-1.9,0.6,100,0
"2026-01-20 15:12:00",141804,"",7999,2026,1,20,15,3,5,0.0188,0.65,0.016,-363362.7,0.6,0.015,1.203,4.63,0,0.015,0,0,0.005,13.15,-1.9,0.6,100,0
"2026-01-20 15:15:00",141805,"",7999,2026,1,20,15,9,5,0.0002,0.653,0,-363360.3,0.603,0,1.208,4.62,0,0,0,-0.016,-0.014,13.15,-1.8,0.6,100,0
"2026-01-20 15:18:00",141806,"",7999,2026,1,20,15,9,5,0.0002,0.653,0,-363360.3,0.603,0,1.208,4.62,0,0,0,-0.016,-0.014,13.15,-1.8,0.6,100,0
"2026-01-20 15:21:00",141807,"",7999,2026,1,20,15,15,5,0.0091,0.657,0.008,-363358.1,0.607,0.007,1.217,4.64,0,0.007,0,-0.007,-0.012,13.15,-1.7,0.6,100,0
"2026-01-20 15:24:00",141808,"",7999,2026,1,20,15,15,5,0.0091,0.657,0.008,-363358.1,0.607,0.007,1.217,4.64,0,0.007,0,-0.007,-0.012,13.15,-1.7,0.6,100,0
"2026-01-20 15:27:00",141809,"",7999,2026,1,20,15,21,5,0.0041,0.662,0.003,-363356,0.612,0.002,1.225,4.68,0,0.002,-0.001,-0.014,0,13.15,-1.6,0.6,100,0
"2026-01-20 15:30:00",141810,"",7999,2026,1,20,15,21,5,0.0041,0.662,0.003,-363356,0.612,0.002,1.225,4.68,0,0.002,-0.001,-0.014,0,13.15,-1.6,0.6,100,0
"2026-01-20 15:33:00",141811,"",7999,2026,1,20,15,27,5,0.0053,0.669,0.004,-363354.2,0.619,0.002,1.237,4.68,0,0.002,-0.001,-0.021,-0.009,13.15,-1.6,0.6,100,0
"2026-01-20 15:36:00",141812,"",7999,2026,1,20,15,27,5,0.0053,0.669,0.004,-363354.2,0.619,0.002,1.237,4.68,0,0.002,-0.001,-0.021,-0.009,13.15,-1.6,0.6,100,0
"2026-01-20 15:39:00",141813,"",7999,2026,1,20,15,33,5,-0.0005,0.672,0,-363353.7,0.622,0,1.244,4.7,0,0,-0.001,-0.002,-0.012,13.15,-1.6,0.6,100,0
"2026-01-20 15:42:00",141814,"",7999,2026,1,20,15,33,5,-0.0005,0.672,0,-363353.7,0.622,0,1.244,4.7,0,0,-0.001,-0.002,-0.012,13.15,-1.6,0.6,100,0
"2026-01-20 15:45:00",141815,"",7999,2026,1,20,15,39,5,0.0005,0.673,0,-363353.6,0.623,0.001,1.246,4.73,0,0.001,-0.001,-0.014,-0.014,13.15,-1.6,0.6,100,0
"2026-01-20 15:48:00",141816,"",7999,2026,1,20,15,39,5,0.0005,0.673,0,-363353.6,0.623,0.001,1.246,4.73,0,0.001,-0.001,-0.014,-0.014,13.15,-1.6,0.6,100,0
"2026-01-20 15:51:00",141817,"",7999,2026,1,20,15,45,5,-0.0007,0.677,-0.001,-363353.7,0.627,0,1.254,4.78,0,0,0,-0.033,-0.007,13.15,-1.6,0.6,100,0
"2026-01-20 15:54:00",141818,"",7999,2026,1,20,15,45,5,-0.0007,0.677,-0.001,-363353.7,0.627,0,1.254,4.78,0,0,0,-0.033,-0.007,13.15,-1.6,0.6,100,0
"2026-01-20 15:57:00",141819,"",7999,2026,1,20,15,51,5,0.007,0.687,0.006,-363352.1,0.637,0.005,1.272,4.79,0,0.005,-0.001,-0.009,-0.002,13.15,-1.6,0.6,100,0
"2026-01-20 16:00:00",141820,"",7999,2026,1,20,15,51,5,0.007,0.687,0.006,-363352.1,0.637,0.005,1.272,4.79,0,0.005,-0.001,-0.009,-0.002,13.15,-1.6,0.6,100,0
"2026-01-20 16:03:00",141821,"",7999,2026,1,20,15,57,5,0.0091,0.693,0.007,-363349.1,0.643,0.006,1.282,4.82,0,0.006,-0.001,0.002,-0.002,13.15,-1.6,0.6,100,0
"2026-01-20 16:06:00",141822,"",7999,2026,1,20,15,57,5,0.0091,0.693,0.007,-363349.1,0.643,0.006,1.282,4.82,0,0.006,-0.001,0.002,-0.002,13.15,-1.6,0.6,100,0
"2026-01-20 16:09:00",141823,"",7999,2026,1,20,16,3,5,0.0151,0.698,0.012,-363344.4,0.648,0.011,1.291,4.84,0,0.011,0,0,0,13.15,-1.6,0.6,100,0
"2026-01-20 16:12:00",141824,"",7999,2026,1,20,16,3,5,0.0151,0.698,0.012,-363344.4,0.648,0.011,1.291,4.84,0,0.011,0,0,0,13.15,-1.6,0.6,100,0
"2026-01-20 16:15:00",141825,"",7999,2026,1,20,16,9,5,0.0039,0.703,0.003,-363341.6,0.653,0.001,1.302,4.83,0,0.001,-0.001,-0.005,-0.002,13.15,-1.6,0.6,100,0
"2026-01-20 16:18:00",141826,"",7999,2026,1,20,16,9,5,0.0039,0.703,0.003,-363341.6,0.653,0.001,1.302,4.83,0,0.001,-0.001,-0.005,-0.002,13.15,-1.6,0.6,100,0
"2026-01-20 16:21:00",141827,"",7999,2026,1,20,16,15,5,-0.0001,0.704,0,-363341.2,0.654,0,1.304,4.84,0,0,0,-0.014,-0.009,13.15,-1.6,0.6,100,0
"2026-01-20 16:24:00",141828,"",7999,2026,1,20,16,15,5,-0.0001,0.704,0,-363341.2,0.654,0,1.304,4.84,0,0,0,-0.014,-0.009,13.15,-1.6,0.6,100,0
"2026-01-20 16:27:00",141829,"",7999,2026,1,20,16,21,5,0.0146,0.717,0.011,-363337.7,0.667,0.01,1.328,4.86,0,0.01,-0.001,-0.005,-0.002,13.15,-1.6,0.6,100,0
"2026-01-20 16:30:00",141830,"",7999,2026,1,20,16,21,5,0.0146,0.717,0.011,-363337.7,0.667,0.01,1.328,4.86,0,0.01,-0.001,-0.005,-0.002,13.15,-1.6,0.6,100,0
"2026-01-20 16:33:00",141831,"",7999,2026,1,20,16,27,5,0.012,0.728,0.009,-363333,0.678,0.007,1.348,4.87,0,0.007,-0.002,-0.005,-0.017,13.15,-1.6,0.6,100,0
"2026-01-20 16:36:00",141832,"",7999,2026,1,20,16,27,5,0.012,0.728,0.009,-363333,0.678,0.007,1.348,4.87,0,0.007,-0.002,-0.005,-0.017,13.15,-1.6,0.6,100,0
"2026-01-20 16:39:00",141833,"",7999,2026,1,20,16,33,5,0.0199,0.74,0.015,-363326.8,0.69,0.013,1.369,4.88,0,0.013,-0.002,-0.002,-0.002,13.15,-1.6,0.6,100,0
"2026-01-20 16:42:00",141834,"",7999,2026,1,20,16,33,5,0.0199,0.74,0.015,-363326.8,0.69,0.013,1.369,4.88,0,0.013,-0.002,-0.002,-0.002,13.15,-1.6,0.6,100,0
"2026-01-20 16:45:00",141835,"",7999,2026,1,20,16,39,5,0.0289,0.755,0.021,-363317.4,0.705,0.019,1.397,4.89,0,0.019,-0.001,0.002,0,13.15,-1.6,0.6,100,0
"2026-01-20 16:48:00",141836,"",7999,2026,1,20,16,39,5,0.0289,0.755,0.021,-363317.4,0.705,0.019,1.397,4.89,0,0.019,-0.001,0.002,0,13.15,-1.6,0.6,100,0
"2026-01-20 16:51:00",141837,"",7999,2026,1,20,16,45,5,0.0229,0.766,0.016,-363308.5,0.716,0.016,1.417,4.87,0,0.016,-0.001,-0.012,-0.002,13.15,-1.6,0.6,100,0
"2026-01-20 16:54:00",141838,"",7999,2026,1,20,16,45,5,0.0229,0.766,0.016,-363308.5,0.716,0.016,1.417,4.87,0,0.016,-0.001,-0.012,-0.002,13.15,-1.6,0.6,100,0
"2026-01-20 16:57:00",141839,"",7999,2026,1,20,16,51,5,0.0351,0.776,0.024,-363297.3,0.726,0.023,1.435,4.88,0,0.023,0,-0.009,0,13.15,-1.6,0.6,100,0
"2026-01-20 17:00:00",141840,"",7999,2026,1,20,16,51,5,0.0351,0.776,0.024,-363297.3,0.726,0.023,1.435,4.88,0,0.023,0,-0.009,0,13.15,-1.6,0.6,100,0
"2026-01-20 17:03:00",141841,"",7999,2026,1,20,16,57,5,0.0404,0.784,0.028,-363283.3,0.734,0.027,1.451,4.9,0,0.027,0.001,0,0,13.15,-1.6,0.6,100,0
"2026-01-20 17:06:00",141842,"",7999,2026,1,20,16,57,5,0.0404,0.784,0.028,-363283.3,0.734,0.027,1.451,4.9,0,0.027,0.001,0,0,13.15,-1.6,0.6,100,0
"2026-01-20 17:09:00",141843,"",7999,2026,1,20,17,3,5,0.0069,0.787,0.005,-363276.8,0.737,0.004,1.456,4.91,0,0.004,-0.002,-0.019,-0.026,13.15,-1.6,0.6,100,0
"2026-01-20 17:12:00",141844,"",7999,2026,1,20,17,3,5,0.0069,0.787,0.005,-363276.8,0.737,0.004,1.456,4.91,0,0.004,-0.002,-0.019,-0.026,13.15,-1.6,0.6,100,0
"2026-01-20 17:15:00",141845,"",7999,2026,1,20,17,9,5,0.0103,0.791,0.007,-363273.5,0.741,0.006,1.463,4.93,0,0.006,-0.001,0.009,-0.012,13.15,-1.6,0.6,100,0
"2026-01-20 17:18:00",141846,"",7999,2026,1,20,17,9,5,0.0103,0.791,0.007,-363273.5,0.741,0.006,1.463,4.93,0,0.006,-0.001,0.009,-0.012,13.15,-1.6,0.6,100,0
"2026-01-20 17:21:00",141847,"",7999,2026,1,20,17,15,5,-0.0131,0.791,-0.009,-363275.4,0.741,-0.008,1.464,4.94,0,-0.008,-0.001,-0.019,-0.033,13.15,-1.6,0.6,100,0
"2026-01-20 17:24:00",141848,"",7999,2026,1,20,17,15,5,-0.0131,0.791,-0.009,-363275.4,0.741,-0.008,1.464,4.94,0,-0.008,-0.001,-0.019,-0.033,13.15,-1.6,0.6,100,0
"2026-01-20 17:27:00",141849,"",7999,2026,1,20,17,21,5,-0.0104,0.789,-0.007,-363279.5,0.739,-0.006,1.46,4.93,0,-0.006,-0.001,-0.019,-0.021,13.15,-1.6,0.6,100,0
"2026-01-20 17:30:00",141850,"",7999,2026,1,20,17,21,5,-0.0104,0.789,-0.007,-363279.5,0.739,-0.006,1.46,4.93,0,-0.006,-0.001,-0.019,-0.021,13.15,-1.6,0.6,100,0
"2026-01-20 17:33:00",141851,"",7999,2026,1,20,17,27,5,0.0018,0.79,0.001,-363280.3,0.74,0,1.461,4.93,0,0,0,-0.012,-0.021,13.15,-1.6,0.6,100,0
"2026-01-20 17:36:00",141852,"",7999,2026,1,20,17,27,5,0.0018,0.79,0.001,-363280.3,0.74,0,1.461,4.93,0,0,0,-0.012,-0.021,13.15,-1.6,0.6,100,0
"2026-01-20 17:39:00",141853,"",7999,2026,1,20,17,33,5,-0.0132,0.792,-0.009,-363283.3,0.742,-0.007,1.466,4.93,0,-0.007,0,-0.021,-0.033,13.15,-1.6,0.6,100,0
"2026-01-20 17:42:00",141854,"",7999,2026,1,20,17,33,5,-0.0132,0.792,-0.009,-363283.3,0.742,-0.007,1.466,4.93,0,-0.007,0,-0.021,-0.033,13.15,-1.6,0.6,100,0
"2026-01-20 17:45:00",141855,"",7999,2026,1,20,17,39,5,-0.0004,0.79,0,-363285,0.74,-0.001,1.463,4.99,0,-0.001,-0.001,0.002,-0.019,13.15,-1.6,0.6,100,0
"2026-01-20 17:48:00",141856,"",7999,2026,1,20,17,39,5,-0.0004,0.79,0,-363285,0.74,-0.001,1.463,4.99,0,-0.001,-0.001,0.002,-0.019,13.15,-1.6,0.6,100,0
"2026-01-20 17:51:00",141857,"",7999,2026,1,20,17,45,5,0.0081,0.789,0.006,-363283.1,0.739,0.005,1.46,5,0,0.005,0.001,-0.012,-0.005,13.15,-1.6,0.6,100,0
"2026-01-20 17:54:00",141858,"",7999,2026,1,20,17,45,5,0.0081,0.789,0.006,-363283.1,0.739,0.005,1.46,5,0,0.005,0.001,-0.012,-0.005,13.15,-1.6,0.6,100,0
"2026-01-20 17:57:00",141859,"",7999,2026,1,20,17,51,5,0.0134,0.789,0.009,-363278.8,0.739,0.008,1.461,4.99,0,0.008,0.003,0.009,0,13.15,-1.6,0.6,100,0
"2026-01-20 18:00:00",141860,"",7999,2026,1,20,17,51,5,0.0134,0.789,0.009,-363278.8,0.739,0.008,1.461,4.99,0,0.008,0.003,0.009,0,13.15,-1.6,0.6,100,0
"2026-01-20 18:03:00",141861,"",7999,2026,1,20,17,57,5,0.0101,0.789,0.007,-363274.8,0.739,0.006,1.46,5.01,0,0.006,-0.001,-0.002,0,13.15,-1.6,0.6,100,0
"2026-01-20 18:06:00",141862,"",7999,2026,1,20,17,57,5,0.0101,0.789,0.007,-363274.8,0.739,0.006,1.46,5.01,0,0.006,-0.001,-0.002,0,13.15,-1.6,0.6,100,0
"2026-01-20 18:09:00",141863,"",7999,2026,1,20,18,3,5,0.0074,0.79,0.005,-363271.8,0.74,0.005,1.463,5.05,0,0.005,0,-0.007,0,13.15,-1.6,0.6,100,0
"2026-01-20 18:12:00",141864,"",7999,2026,1,20,18,3,5,0.0074,0.79,0.005,-363271.8,0.74,0.005,1.463,5.05,0,0.005,0,-0.007,0,13.15,-1.6,0.6,100,0
"2026-01-20 18:15:00",141865,"",7999,2026,1,20,18,9,5,-0.0046,0.791,-0.003,-363272,0.741,-0.004,1.463,5.09,0,-0.004,0.002,0.002,-0.012,13.15,-1.6,0.6,100,0
"2026-01-20 18:18:00",141866,"",7999,2026,1,20,18,9,5,-0.0046,0.791,-0.003,-363272,0.741,-0.004,1.463,5.09,0,-0.004,0.002,0.002,-0.012,13.15,-1.6,0.6,100,0
"2026-01-20 18:21:00",141867,"",7999,2026,1,20,18,15,5,0.0033,0.79,0.002,-363271.8,0.74,0.001,1.462,5.14,0,0.001,-0.001,-0.002,-0.012,13.15,-1.5,0.6,100,0
"2026-01-20 18:24:00",141868,"",7999,2026,1,20,18,15,5,0.0033,0.79,0.002,-363271.8,0.74,0.001,1.462,5.14,0,0.001,-0.001,-0.002,-0.012,13.15,-1.5,0.6,100,0
"2026-01-20 18:27:00",141869,"",7999,2026,1,20,18,21,5,0.0121,0.791,0.008,-363268.5,0.741,0.007,1.463,5.18,0,0.007,-0.001,-0.009,0,13.15,-1.6,0.6,100,0
"2026-01-20 18:30:00",141870,"",7999,2026,1,20,18,21,5,0.0121,0.791,0.008,-363268.5,0.741,0.007,1.463,5.18,0,0.007,-0.001,-0.009,0,13.15,-1.6,0.6,100,0
"2026-01-20 18:33:00",141871,"",7999,2026,1,20,18,27,5,0.0086,0.793,0.006,-363265,0.743,0.005,1.467,5.16,0,0.005,-0.001,-0.014,-0.002,13.15,-1.5,0.6,100,0
"2026-01-20 18:36:00",141872,"",7999,2026,1,20,18,27,5,0.0086,0.793,0.006,-363265,0.743,0.005,1.467,5.16,0,0.005,-0.001,-0.014,-0.002,13.15,-1.5,0.6,100,0
"2026-01-20 18:39:00",141873,"",7999,2026,1,20,18,33,5,-0.0017,0.794,-0.001,-363264.3,0.744,-0.001,1.47,5.26,0,-0.001,-0.001,-0.009,-0.009,13.15,-1.6,0.6,100,0
"2026-01-20 18:42:00",141874,"",7999,2026,1,20,18,33,5,-0.0017,0.794,-0.001,-363264.3,0.744,-0.001,1.47,5.26,0,-0.001,-0.001,-0.009,-0.009,13.15,-1.6,0.6,100,0
"2026-01-20 18:45:00",141875,"",7999,2026,1,20,18,39,5,-0.0037,0.794,-0.003,-363265.5,0.744,-0.001,1.468,5.34,0,-0.001,0.001,-0.016,-0.019,13.15,-1.6,0.6,100,0
"2026-01-20 18:48:00",141876,"",7999,2026,1,20,18,39,5,-0.0037,0.794,-0.003,-363265.5,0.744,-0.001,1.468,5.34,0,-0.001,0.001,-0.016,-0.019,13.15,-1.6,0.6,100,0
"2026-01-20 18:51:00",141877,"",7999,2026,1,20,18,45,5,-0.0086,0.791,-0.006,-363268,0.741,-0.005,1.463,5.43,0,-0.005,-0.001,-0.007,-0.021,13.15,-1.6,0.6,100,0
"2026-01-20 18:54:00",141878,"",7999,2026,1,20,18,45,5,-0.0086,0.791,-0.006,-363268,0.741,-0.005,1.463,5.43,0,-0.005,-0.001,-0.007,-0.021,13.15,-1.6,0.6,100,0
"2026-01-20 18:57:00",141879,"",7999,2026,1,20,18,51,5,-0.0066,0.788,-0.005,-363270.6,0.738,-0.002,1.458,5.5,0,-0.002,-0.001,-0.005,-0.002,13.15,-1.6,0.6,100,0
"2026-01-20 19:00:00",141880,"",7999,2026,1,20,18,51,5,-0.0066,0.788,-0.005,-363270.6,0.738,-0.002,1.458,5.5,0,-0.002,-0.001,-0.005,-0.002,13.15,-1.6,0.6,100,0
"2026-01-20 19:03:00",141881,"",7999,2026,1,20,18,57,5,-0.0025,0.786,-0.002,-363272,0.736,0,1.455,5.41,0,0,0,0.007,0,13.15,-1.5,0.6,100,0
"2026-01-20 19:06:00",141882,"",7999,2026,1,20,18,57,5,-0.0025,0.786,-0.002,-363272,0.736,0,1.455,5.41,0,0,0,0.007,0,13.15,-1.5,0.6,100,0
"2026-01-20 19:09:00",141883,"",7999,2026,1,20,19,3,5,-0.0019,0.783,-0.001,-363272.8,0.733,-0.001,1.448,5.31,0,-0.001,0.001,0.009,-0.009,13.15,-1.5,0.6,100,0
"2026-01-20 19:12:00",141884,"",7999,2026,1,20,19,3,5,-0.0019,0.783,-0.001,-363272.8,0.733,-0.001,1.448,5.31,0,-0.001,0.001,0.009,-0.009,13.15,-1.5,0.6,100,0
"2026-01-20 19:15:00",141885,"",7999,2026,1,20,19,9,5,-0.0049,0.78,-0.003,-363274.2,0.73,-0.001,1.443,5.48,0,-0.001,-0.001,0.005,-0.005,13.15,-1.5,0.6,100,0
"2026-01-20 19:18:00",141886,"",7999,2026,1,20,19,9,5,-0.0049,0.78,-0.003,-363274.2,0.73,-0.001,1.443,5.48,0,-0.001,-0.001,0.005,-0.005,13.15,-1.5,0.6,100,0
"2026-01-20 19:21:00",141887,"",7999,2026,1,20,19,15,5,-0.0016,0.777,-0.001,-363275.2,0.727,-0.001,1.438,5.58,0,-0.001,0.002,-0.014,-0.002,13.15,-1.5,0.6,100,0
"2026-01-20 19:24:00",141888,"",7999,2026,1,20,19,15,5,-0.0016,0.777,-0.001,-363275.2,0.727,-0.001,1.438,5.58,0,-0.001,0.002,-0.014,-0.002,13.15,-1.5,0.6,100,0
"2026-01-20 19:27:00",141889,"",7999,2026,1,20,19,21,5,-0.0166,0.772,-0.012,-363279.4,0.722,-0.011,1.429,5.64,0,-0.011,0.001,-0.009,-0.007,13.15,-1.5,0.6,100,0
"2026-01-20 19:30:00",141890,"",7999,2026,1,20,19,21,5,-0.0166,0.772,-0.012,-363279.4,0.722,-0.011,1.429,5.64,0,-0.011,0.001,-0.009,-0.007,13.15,-1.5,0.6,100,0
"2026-01-20 19:33:00",141891,"",7999,2026,1,20,19,27,5,-0.0099,0.768,-0.007,-363283.8,0.718,-0.006,1.421,5.7,0,-0.006,-0.001,-0.005,-0.009,13.15,-1.6,0.6,100,0
"2026-01-20 19:36:00",141892,"",7999,2026,1,20,19,27,5,-0.0099,0.768,-0.007,-363283.8,0.718,-0.006,1.421,5.7,0,-0.006,-0.001,-0.005,-0.009,13.15,-1.6,0.6,100,0
"2026-01-20 19:39:00",141893,"",7999,2026,1,20,19,33,5,-0.0358,0.76,-0.025,-363293.6,0.71,-0.024,1.407,5.68,0,-0.024,0.002,-0.007,-0.024,13.15,-1.6,0.6,100,0
"2026-01-20 19:42:00",141894,"",7999,2026,1,20,19,33,5,-0.0358,0.76,-0.025,-363293.6,0.71,-0.024,1.407,5.68,0,-0.024,0.002,-0.007,-0.024,13.15,-1.6,0.6,100,0
"2026-01-20 19:45:00",141895,"",7999,2026,1,20,19,39,5,-0.0318,0.75,-0.023,-363305.5,0.7,-0.022,1.388,5.7,0,-0.022,0.002,-0.005,-0.017,13.15,-1.6,0.6,100,0
"2026-01-20 19:48:00",141896,"",7999,2026,1,20,19,39,5,-0.0318,0.75,-0.023,-363305.5,0.7,-0.022,1.388,5.7,0,-0.022,0.002,-0.005,-0.017,13.15,-1.6,0.6,100,0
"2026-01-20 19:51:00",141897,"",7999,2026,1,20,19,45,5,-0.0259,0.74,-0.019,-363315.6,0.69,-0.018,1.37,5.62,0,-0.018,0.002,-0.007,-0.002,13.15,-1.6,0.6,100,0
"2026-01-20 19:54:00",141898,"",7999,2026,1,20,19,45,5,-0.0259,0.74,-0.019,-363315.6,0.69,-0.018,1.37,5.62,0,-0.018,0.002,-0.007,-0.002,13.15,-1.6,0.6,100,0
"2026-01-20 19:57:00",141899,"",7999,2026,1,20,19,51,5,-0.0141,0.73,-0.01,-363322.1,0.68,-0.008,1.351,5.61,0,-0.008,-0.001,-0.007,0,13.15,-1.6,0.6,100,0
"2026-01-20 20:00:00",141900,"",7999,2026,1,20,19,51,5,-0.0141,0.73,-0.01,-363322.1,0.68,-0.008,1.351,5.61,0,-0.008,-0.001,-0.007,0,13.15,-1.6,0.6,100,0
"2026-01-20 20:03:00",141901,"",7999,2026,1,20,19,57,5,-0.0061,0.724,-0.005,-363325.3,0.674,-0.002,1.339,5.64,0,-0.002,0.001,-0.009,-0.007,13.15,-1.5,0.6,100,0
"2026-01-20 20:06:00",141902,"",7999,2026,1,20,19,57,5,-0.0061,0.724,-0.005,-363325.3,0.674,-0.002,1.339,5.64,0,-0.002,0.001,-0.009,-0.007,13.15,-1.5,0.6,100,0
"2026-01-20 20:09:00",141903,"",7999,2026,1,20,20,3,5,-0.0044,0.72,-0.003,-363327.1,0.67,-0.001,1.332,5.61,0,-0.001,-0.001,0,0.007,13.15,-1.5,0.6,100,0
"2026-01-20 20:12:00",141904,"",7999,2026,1,20,20,3,5,-0.0044,0.72,-0.003,-363327.1,0.67,-0.001,1.332,5.61,0,-0.001,-0.001,0,0.007,13.15,-1.5,0.6,100,0
"2026-01-20 20:15:00",141905,"",7999,2026,1,20,20,9,5,-0.0077,0.717,-0.006,-363329.4,0.667,-0.004,1.326,5.67,0,-0.004,0.001,0,0,13.15,-1.5,0.6,100,0
"2026-01-20 20:18:00",141906,"",7999,2026,1,20,20,9,5,-0.0077,0.717,-0.006,-363329.4,0.667,-0.004,1.326,5.67,0,-0.004,0.001,0,0,13.15,-1.5,0.6,100,0
"2026-01-20 20:21:00",141907,"",7999,2026,1,20,20,15,5,-0.009,0.712,-0.007,-363332.6,0.662,-0.006,1.318,5.8,0,-0.006,-0.001,-0.002,-0.005,13.15,-1.5,0.6,100,0
"2026-01-20 20:24:00",141908,"",7999,2026,1,20,20,15,5,-0.009,0.712,-0.007,-363332.6,0.662,-0.006,1.318,5.8,0,-0.006,-0.001,-0.002,-0.005,13.15,-1.5,0.6,100,0
"2026-01-20 20:27:00",141909,"",7999,2026,1,20,20,21,5,-0.013,0.705,-0.01,-363336.8,0.655,-0.008,1.305,5.89,0,-0.008,-0.001,-0.012,-0.009,13.15,-1.5,0.6,100,0
"2026-01-20 20:30:00",141910,"",7999,2026,1,20,20,21,5,-0.013,0.705,-0.01,-363336.8,0.655,-0.008,1.305,5.89,0,-0.008,-0.001,-0.012,-0.009,13.15,-1.5,0.6,100,0
"2026-01-20 20:33:00",141911,"",7999,2026,1,20,20,27,5,-0.0164,0.697,-0.013,-363342.3,0.647,-0.011,1.29,5.94,0,-0.011,0,-0.014,-0.007,13.15,-1.5,0.6,100,0
"2026-01-20 20:36:00",141912,"",7999,2026,1,20,20,27,5,-0.0164,0.697,-0.013,-363342.3,0.647,-0.011,1.29,5.94,0,-0.011,0,-0.014,-0.007,13.15,-1.5,0.6,100,0
"2026-01-20 20:39:00",141913,"",7999,2026,1,20,20,33,5,-0.0144,0.69,-0.011,-363347.8,0.64,-0.01,1.277,5.92,0,-0.01,0,-0.012,-0.014,13.15,-1.5,0.6,100,0
"2026-01-20 20:42:00",141914,"",7999,2026,1,20,20,33,5,-0.0144,0.69,-0.011,-363347.8,0.64,-0.01,1.277,5.92,0,-0.01,0,-0.012,-0.014,13.15,-1.5,0.6,100,0
"2026-01-20 20:45:00",141915,"",7999,2026,1,20,20,39,5,-0.0075,0.685,-0.006,-363351.3,0.635,-0.004,1.267,5.77,0,-0.004,-0.001,0.002,-0.007,13.15,-1.5,0.6,100,0
"2026-01-20 20:48:00",141916,"",7999,2026,1,20,20,39,5,-0.0075,0.685,-0.006,-363351.3,0.635,-0.004,1.267,5.77,0,-0.004,-0.001,0.002,-0.007,13.15,-1.5,0.6,100,0
"2026-01-20 20:51:00",141917,"",7999,2026,1,20,20,45,5,-0.0002,0.684,0,-363352.3,0.634,0,1.266,5.64,0,0,0,0.007,0.007,13.15,-1.5,0.6,100,0
"2026-01-20 20:54:00",141918,"",7999,2026,1,20,20,45,5,-0.0002,0.684,0,-363352.3,0.634,0,1.266,5.64,0,0,0,0.007,0.007,13.15,-1.5,0.6,100,0
"2026-01-20 20:57:00",141919,"",7999,2026,1,20,20,51,5,-0.0054,0.681,-0.004,-363353.6,0.631,-0.002,1.26,5.56,0,-0.002,-0.001,-0.007,0,13.15,-1.5,0.6,100,0
"2026-01-20 21:00:00",141920,"",7999,2026,1,20,20,51,5,-0.0054,0.681,-0.004,-363353.6,0.631,-0.002,1.26,5.56,0,-0.002,-0.001,-0.007,0,13.15,-1.5,0.6,100,0
"2026-01-20 21:03:00",141921,"",7999,2026,1,20,20,57,5,-0.0113,0.674,-0.009,-363356.9,0.624,-0.007,1.248,5.65,0,-0.007,0,0.002,-0.007,13.14,-1.5,0.6,100,0
"2026-01-20 21:06:00",141922,"",7999,2026,1,20,20,57,5,-0.0113,0.674,-0.009,-363356.9,0.624,-0.007,1.248,5.65,0,-0.007,0,0.002,-0.007,13.14,-1.5,0.6,100,0
"2026-01-20 21:09:00",141923,"",7999,2026,1,20,21,3,5,-0.024,0.663,-0.02,-363364.1,0.613,-0.018,1.226,5.73,0,-0.018,0.002,-0.012,-0.021,13.14,-1.5,0.6,100,0
"2026-01-20 21:12:00",141924,"",7999,2026,1,20,21,3,5,-0.024,0.663,-0.02,-363364.1,0.613,-0.018,1.226,5.73,0,-0.018,0.002,-0.012,-0.021,13.14,-1.5,0.6,100,0
"2026-01-20 21:15:00",141925,"",7999,2026,1,20,21,9,5,-0.0151,0.653,-0.013,-363370.6,0.603,-0.011,1.208,5.72,0,-0.011,0.001,0.002,-0.017,13.15,-1.5,0.6,100,0
"2026-01-20 21:18:00",141926,"",7999,2026,1,20,21,9,5,-0.0151,0.653,-0.013,-363370.6,0.603,-0.011,1.208,5.72,0,-0.011,0.001,0.002,-0.017,13.15,-1.5,0.6,100,0
"2026-01-20 21:21:00",141927,"",7999,2026,1,20,21,15,5,-0.0021,0.648,-0.002,-363373,0.598,0,1.199,5.59,0,0,0,0,-0.009,13.14,-1.5,0.6,100,0
"2026-01-20 21:24:00",141928,"",7999,2026,1,20,21,15,5,-0.0021,0.648,-0.002,-363373,0.598,0,1.199,5.59,0,0,0,0,-0.009,13.14,-1.5,0.6,100,0
"2026-01-20 21:27:00",141929,"",7999,2026,1,20,21,21,5,-0.0017,0.646,-0.001,-363373.7,0.596,0,1.195,5.45,0,0,0,0,-0.005,13.14,-1.5,0.6,100,0
"2026-01-20 21:30:00",141930,"",7999,2026,1,20,21,21,5,-0.0017,0.646,-0.001,-363373.7,0.596,0,1.195,5.45,0,0,0,0,-0.005,13.14,-1.5,0.6,100,0
"2026-01-20 21:33:00",141931,"",7999,2026,1,20,21,27,5,-0.0052,0.644,-0.004,-363375.1,0.594,-0.002,1.192,5.44,0,-0.002,0,-0.009,-0.019,13.14,-1.5,0.6,100,0
"2026-01-20 21:36:00",141932,"",7999,2026,1,20,21,27,5,-0.0052,0.644,-0.004,-363375.1,0.594,-0.002,1.192,5.44,0,-0.002,0,-0.009,-0.019,13.14,-1.5,0.6,100,0
"2026-01-20 21:39:00",141933,"",7999,2026,1,20,21,33,5,-0.011,0.638,-0.009,-363378.4,0.588,-0.007,1.18,5.55,0,-0.007,-0.001,-0.019,-0.012,13.14,-1.5,0.6,100,0
"2026-01-20 21:42:00",141934,"",7999,2026,1,20,21,33,5,-0.011,0.638,-0.009,-363378.4,0.588,-0.007,1.18,5.55,0,-0.007,-0.001,-0.019,-0.012,13.14,-1.5,0.6,100,0
"2026-01-20 21:45:00",141935,"",7999,2026,1,20,21,39,5,-0.0124,0.626,-0.011,-363382.7,0.576,-0.01,1.158,5.66,0,-0.01,0,-0.023,-0.009,13.14,-1.5,0.6,100,0
"2026-01-20 21:48:00",141936,"",7999,2026,1,20,21,39,5,-0.0124,0.626,-0.011,-363382.7,0.576,-0.01,1.158,5.66,0,-0.01,0,-0.023,-0.009,13.14,-1.5,0.6,100,0
"2026-01-20 21:51:00",141937,"",7999,2026,1,20,21,45,5,-0.0131,0.614,-0.012,-363387.4,0.564,-0.011,1.136,5.7,0,-0.011,0,-0.002,-0.024,13.14,-1.5,0.6,100,0
"2026-01-20 21:54:00",141938,"",7999,2026,1,20,21,45,5,-0.0131,0.614,-0.012,-363387.4,0.564,-0.011,1.136,5.7,0,-0.011,0,-0.002,-0.024,13.14,-1.5,0.6,100,0
"2026-01-20 21:57:00",141939,"",7999,2026,1,20,21,51,5,-0.0065,0.606,-0.006,-363390.5,0.556,-0.004,1.122,5.61,0,-0.004,-0.001,-0.012,-0.017,13.14,-1.5,0.6,100,0
"2026-01-20 22:00:00",141940,"",7999,2026,1,20,21,51,5,-0.0065,0.606,-0.006,-363390.5,0.556,-0.004,1.122,5.61,0,-0.004,-0.001,-0.012,-0.017,13.14,-1.5,0.6,100,0
"2026-01-20 22:03:00",141941,"",7999,2026,1,20,21,57,5,-0.0026,0.602,-0.002,-363391.9,0.552,-0.001,1.115,5.52,0,-0.001,-0.001,-0.002,-0.007,13.14,-1.5,0.6,100,0
"2026-01-20 22:06:00",141942,"",7999,2026,1,20,21,57,5,-0.0026,0.602,-0.002,-363391.9,0.552,-0.001,1.115,5.52,0,-0.001,-0.001,-0.002,-0.007,13.14,-1.5,0.6,100,0
"2026-01-20 22:09:00",141943,"",7999,2026,1,20,22,3,5,-0.0045,0.597,-0.004,-363393.4,0.547,-0.002,1.105,5.5,0,-0.002,0,-0.012,-0.017,13.14,-1.5,0.6,100,0
"2026-01-20 22:12:00",141944,"",7999,2026,1,20,22,3,5,-0.0045,0.597,-0.004,-363393.4,0.547,-0.002,1.105,5.5,0,-0.002,0,-0.012,-0.017,13.14,-1.5,0.6,100,0
"2026-01-20 22:15:00",141945,"",7999,2026,1,20,22,9,5,-0.0076,0.588,-0.007,-363395.8,0.538,-0.006,1.089,5.55,0,-0.006,-0.001,-0.007,-0.014,13.14,-1.5,0.6,100,0
"2026-01-20 22:18:00",141946,"",7999,2026,1,20,22,9,5,-0.0076,0.588,-0.007,-363395.8,0.538,-0.006,1.089,5.55,0,-0.006,-0.001,-0.007,-0.014,13.14,-1.5,0.6,100,0
"2026-01-20 22:21:00",141947,"",7999,2026,1,20,22,15,5,-0.0066,0.58,-0.006,-363398.3,0.53,-0.005,1.073,5.64,0,-0.005,0,0,-0.017,13.14,-1.5,0.6,100,0
"2026-01-20 22:24:00",141948,"",7999,2026,1,20,22,15,5,-0.0066,0.58,-0.006,-363398.3,0.53,-0.005,1.073,5.64,0,-0.005,0,0,-0.017,13.14,-1.5,0.6,100,0
"2026-01-20 22:27:00",141949,"",7999,2026,1,20,22,21,5,-0.0049,0.575,-0.005,-363400.3,0.525,-0.004,1.065,5.71,0,-0.004,-0.001,-0.005,-0.007,13.14,-1.5,0.6,100,0
"2026-01-20 22:30:00",141950,"",7999,2026,1,20,22,21,5,-0.0049,0.575,-0.005,-363400.3,0.525,-0.004,1.065,5.71,0,-0.004,-0.001,-0.005,-0.007,13.14,-1.5,0.6,100,0
"2026-01-20 22:33:00",141951,"",7999,2026,1,20,22,27,5,-0.004,0.575,-0.004,-363401.8,0.525,-0.002,1.064,5.67,0,-0.002,0,-0.009,-0.014,13.14,-1.5,0.6,100,0
"2026-01-20 22:36:00",141952,"",7999,2026,1,20,22,27,5,-0.004,0.575,-0.004,-363401.8,0.525,-0.002,1.064,5.67,0,-0.002,0,-0.009,-0.014,13.14,-1.5,0.6,100,0
"2026-01-20 22:39:00",141953,"",7999,2026,1,20,22,33,5,-0.0032,0.572,-0.003,-363403.1,0.522,-0.002,1.058,5.61,0,-0.002,0,0.005,-0.007,13.14,-1.5,0.6,100,0
"2026-01-20 22:42:00",141954,"",7999,2026,1,20,22,33,5,-0.0032,0.572,-0.003,-363403.1,0.522,-0.002,1.058,5.61,0,-0.002,0,0.005,-0.007,13.14,-1.5,0.6,100,0
"2026-01-20 22:45:00",141955,"",7999,2026,1,20,22,39,5,-0.0045,0.563,-0.004,-363404.6,0.513,-0.004,1.042,5.63,0,-0.004,0.001,0.002,0.002,13.14,-1.5,0.6,100,0
"2026-01-20 22:48:00",141956,"",7999,2026,1,20,22,39,5,-0.0045,0.563,-0.004,-363404.6,0.513,-0.004,1.042,5.63,0,-0.004,0.001,0.002,0.002,13.14,-1.5,0.6,100,0
"2026-01-20 22:51:00",141957,"",7999,2026,1,20,22,45,5,-0.0045,0.552,-0.004,-363406.2,0.502,-0.002,1.022,5.69,0,-0.002,0,-0.026,-0.021,13.14,-1.5,0.6,100,0
"2026-01-20 22:54:00",141958,"",7999,2026,1,20,22,45,5,-0.0045,0.552,-0.004,-363406.2,0.502,-0.002,1.022,5.69,0,-0.002,0,-0.026,-0.021,13.14,-1.5,0.6,100,0
"2026-01-20 22:57:00",141959,"",7999,2026,1,20,22,51,5,-0.0042,0.546,-0.004,-363407.8,0.496,-0.002,1.011,5.76,0,-0.002,0,-0.014,-0.007,13.14,-1.5,0.6,100,0
"2026-01-20 23:00:00",141960,"",7999,2026,1,20,22,51,5,-0.0042,0.546,-0.004,-363407.8,0.496,-0.002,1.011,5.76,0,-0.002,0,-0.014,-0.007,13.14,-1.5,0.6,100,0
"2026-01-20 23:03:00",141961,"",7999,2026,1,20,22,57,5,-0.0013,0.548,-0.001,-363408.6,0.498,0,1.015,5.68,0,0,0,-0.014,-0.014,13.14,-1.5,0.6,100,0
"2026-01-20 23:06:00",141962,"",7999,2026,1,20,22,57,5,-0.0013,0.548,-0.001,-363408.6,0.498,0,1.015,5.68,0,0,0,-0.014,-0.014,13.14,-1.5,0.6,100,0
"2026-01-20 23:09:00",141963,"",7999,2026,1,20,23,3,5,-0.0014,0.55,-0.001,-363409.1,0.5,-0.001,1.017,5.61,0,-0.001,-0.001,-0.012,-0.007,13.14,-1.5,0.6,100,0
"2026-01-20 23:12:00",141964,"",7999,2026,1,20,23,3,5,-0.0014,0.55,-0.001,-363409.1,0.5,-0.001,1.017,5.61,0,-0.001,-0.001,-0.012,-0.007,13.14,-1.5,0.6,100,0
"2026-01-20 23:15:00",141965,"",7999,2026,1,20,23,9,5,-0.0024,0.546,-0.002,-363409.9,0.496,-0.001,1.01,5.59,0,-0.001,-0.001,-0.019,-0.012,13.14,-1.5,0.6,100,0
"2026-01-20 23:18:00",141966,"",7999,2026,1,20,23,9,5,-0.0024,0.546,-0.002,-363409.9,0.496,-0.001,1.01,5.59,0,-0.001,-0.001,-0.019,-0.012,13.14,-1.5,0.6,100,0
"2026-01-20 23:21:00",141967,"",7999,2026,1,20,23,15,5,0.0008,0.538,0.001,-363410,0.488,0.001,0.995,5.62,0,0.001,-0.002,-0.002,-0.007,13.14,-1.6,0.6,100,0
"2026-01-20 23:24:00",141968,"",7999,2026,1,20,23,15,5,0.0008,0.538,0.001,-363410,0.488,0.001,0.995,5.62,0,0.001,-0.002,-0.002,-0.007,13.14,-1.6,0.6,100,0
"2026-01-20 23:27:00",141969,"",7999,2026,1,20,23,21,5,-0.0034,0.53,-0.003,-363410.7,0.48,-0.002,0.982,5.68,0,-0.002,0,-0.033,-0.017,13.14,-1.6,0.6,100,0
"2026-01-20 23:30:00",141970,"",7999,2026,1,20,23,21,5,-0.0034,0.53,-0.003,-363410.7,0.48,-0.002,0.982,5.68,0,-0.002,0,-0.033,-0.017,13.14,-1.6,0.6,100,0
"2026-01-20 23:33:00",141971,"",7999,2026,1,20,23,27,5,-0.0023,0.527,-0.002,-363411.7,0.477,-0.001,0.976,5.69,0,-0.001,0.001,0.019,0.017,13.14,-1.5,0.6,100,0
"2026-01-20 23:36:00",141972,"",7999,2026,1,20,23,27,5,-0.0023,0.527,-0.002,-363411.7,0.477,-0.001,0.976,5.69,0,-0.001,0.001,0.019,0.017,13.14,-1.5,0.6,100,0
"2026-01-20 23:39:00",141973,"",7999,2026,1,20,23,33,5,-0.0009,0.531,-0.001,-363412.2,0.481,0,0.982,5.67,0,0,0,-0.042,0.005,13.14,-1.5,0.6,100,0
"2026-01-20 23:42:00",141974,"",7999,2026,1,20,23,33,5,-0.0009,0.531,-0.001,-363412.2,0.481,0,0.982,5.67,0,0,0,-0.042,0.005,13.14,-1.5,0.6,100,0
"2026-01-20 23:45:00",141975,"",7999,2026,1,20,23,39,5,-0.0018,0.53,-0.002,-363412.8,0.48,0,0.981,5.67,0,0,0,0,-0.007,13.14,-1.5,0.6,100,0
"2026-01-20 23:48:00",141976,"",7999,2026,1,20,23,39,5,-0.0018,0.53,-0.002,-363412.8,0.48,0,0.981,5.67,0,0,0,0,-0.007,13.14,-1.5,0.6,100,0
"2026-01-20 23:51:00",141977,"",7999,2026,1,20,23,45,5,-0.0026,0.526,-0.003,-363413.6,0.476,-0.001,0.974,5.64,0,-0.001,-0.001,-0.016,-0.007,13.14,-1.6,0.6,100,0
"2026-01-20 23:54:00",141978,"",7999,2026,1,20,23,45,5,-0.0026,0.526,-0.003,-363413.6,0.476,-0.001,0.974,5.64,0,-0.001,-0.001,-0.016,-0.007,13.14,-1.6,0.6,100,0
"2026-01-20 23:57:00",141979,"",7999,2026,1,20,23,51,5,-0.0025,0.52,-0.003,-363414.5,0.47,-0.002,0.963,5.7,0,-0.002,0,-0.012,-0.012,13.14,-1.6,0.6,100,0
"2026-01-21 00:00:00",141980,"",7999,2026,1,20,23,51,5,-0.0025,0.52,-0.003,-363414.5,0.47,-0.002,0.963,5.7,0,-0.002,0,-0.012,-0.012,13.14,-1.6,0.6,100,0
"2026-01-21 00:03:00",141981,"",7999,2026,1,20,23,57,5,-0.0136,0.516,-0.014,-363418.1,0.466,-0.012,0.955,5.74,0,-0.012,0.006,-0.005,-0.002,13.14,-1.6,0.6,100,0
"2026-01-21 00:06:00",141982,"",7999,2026,1,20,23,57,5,-0.0136,0.516,-0.014,-363418.1,0.466,-0.012,0.955,5.74,0,-0.012,0.006,-0.005,-0.002,13.14,-1.6,0.6,100,0
"2026-01-21 00:09:00",141983,"",7999,2026,1,21,0,3,5,-0.0025,0.517,-0.003,-363420.4,0.467,-0.001,0.956,5.75,0,-0.001,0.001,0.035,0.021,13.14,-1.5,0.6,100,0
"2026-01-21 00:12:00",141984,"",7999,2026,1,21,0,3,5,-0.0025,0.517,-0.003,-363420.4,0.467,-0.001,0.956,5.75,0,-0.001,0.001,0.035,0.021,13.14,-1.5,0.6,100,0
"2026-01-21 00:15:00",141985,"",7999,2026,1,21,0,9,5,-0.0016,0.519,-0.002,-363421.1,0.469,0,0.961,5.68,0,0,0,0.009,-0.012,13.14,-1.5,0.6,100,0
"2026-01-21 00:18:00",141986,"",7999,2026,1,21,0,9,5,-0.0016,0.519,-0.002,-363421.1,0.469,0,0.961,5.68,0,0,0,0.009,-0.012,13.14,-1.5,0.6,100,0
"2026-01-21 00:21:00",141987,"",7999,2026,1,21,0,15,5,-0.0019,0.517,-0.002,-363421.7,0.467,0,0.956,5.64,0,0,0,0.051,-0.005,13.14,-1.6,0.6,100,0
"2026-01-21 00:24:00",141988,"",7999,2026,1,21,0,15,5,-0.0019,0.517,-0.002,-363421.7,0.467,0,0.956,5.64,0,0,0,0.051,-0.005,13.14,-1.6,0.6,100,0
"2026-01-21 00:27:00",141989,"",7999,2026,1,21,0,21,5,-0.0009,0.513,-0.001,-363422.2,0.463,0,0.949,5.67,0,0,0,0.007,-0.014,13.14,-1.6,0.6,100,0
"2026-01-21 00:30:00",141990,"",7999,2026,1,21,0,21,5,-0.0009,0.513,-0.001,-363422.2,0.463,0,0.949,5.67,0,0,0,0.007,-0.014,13.14,-1.6,0.6,100,0
"2026-01-21 00:33:00",141991,"",7999,2026,1,21,0,27,5,-0.0013,0.51,-0.001,-363422.6,0.46,0,0.944,5.72,0,0,0,0.016,0,13.14,-1.6,0.6,100,0
"2026-01-21 00:36:00",141992,"",7999,2026,1,21,0,27,5,-0.0013,0.51,-0.001,-363422.6,0.46,0,0.944,5.72,0,0,0,0.016,0,13.14,-1.6,0.6,100,0
"2026-01-21 00:39:00",141993,"",7999,2026,1,21,0,33,5,-0.0005,0.513,-0.001,-363422.9,0.463,0,0.95,5.75,0,0,0,-0.014,0.033,13.14,-1.6,0.6,100,0
"2026-01-21 00:42:00",141994,"",7999,2026,1,21,0,33,5,-0.0005,0.513,-0.001,-363422.9,0.463,0,0.95,5.75,0,0,0,-0.014,0.033,13.14,-1.6,0.6,100,0
"2026-01-21 00:45:00",141995,"",7999,2026,1,21,0,39,5,-0.004,0.518,-0.004,-363423.9,0.468,-0.004,0.959,5.72,0,-0.004,0.002,-0.007,0,13.14,-1.6,0.6,100,0
"2026-01-21 00:48:00",141996,"",7999,2026,1,21,0,39,5,-0.004,0.518,-0.004,-363423.9,0.468,-0.004,0.959,5.72,0,-0.004,0.002,-0.007,0,13.14,-1.6,0.6,100,0
"2026-01-21 00:51:00",141997,"",7999,2026,1,21,0,45,5,-0.0021,0.516,-0.002,-363424.9,0.466,-0.002,0.955,5.67,0,-0.002,-0.001,0.002,0.026,13.14,-1.6,0.6,100,0
"2026-01-21 00:54:00",141998,"",7999,2026,1,21,0,45,5,-0.0021,0.516,-0.002,-363424.9,0.466,-0.002,0.955,5.67,0,-0.002,-0.001,0.002,0.026,13.14,-1.6,0.6,100,0
"2026-01-21 00:57:00",141999,"",7999,2026,1,21,0,51,5,-0.0027,0.509,-0.003,-363425.8,0.459,-0.001,0.943,5.67,0,-0.001,0.001,-0.014,-0.009,13.14,-1.6,0.6,100,0
"2026-01-21 01:00:00",142000,"",7999,2026,1,21,0,51,5,-0.0027,0.509,-0.003,-363425.8,0.459,-0.001,0.943,5.67,0,-0.001,0.001,-0.014,-0.009,13.14,-1.6,0.6,100,0
"2026-01-21 01:03:00",142001,"",7999,2026,1,21,0,57,5,-0.0019,0.504,-0.002,-363426.7,0.454,-0.001,0.932,5.71,0,-0.001,0.001,-0.023,-0.002,13.13,-1.6,0.6,100,0
"2026-01-21 01:06:00",142002,"",7999,2026,1,21,0,57,5,-0.0019,0.504,-0.002,-363426.7,0.454,-0.001,0.932,5.71,0,-0.001,0.001,-0.023,-0.002,13.13,-1.6,0.6,100,0
"2026-01-21 01:09:00",142003,"",7999,2026,1,21,1,3,5,-0.001,0.505,-0.001,-363427.2,0.455,0,0.935,5.71,0,0,0,-0.03,0,13.13,-1.6,0.6,100,0
"2026-01-21 01:12:00",142004,"",7999,2026,1,21,1,3,5,-0.001,0.505,-0.001,-363427.2,0.455,0,0.935,5.71,0,0,0,-0.03,0,13.13,-1.6,0.6,100,0
"2026-01-21 01:15:00",142005,"",7999,2026,1,21,1,9,5,-0.0011,0.509,-0.001,-363427.5,0.459,0,0.943,5.67,0,0,0,-0.005,0,13.13,-1.6,0.6,100,0
"2026-01-21 01:18:00",142006,"",7999,2026,1,21,1,9,5,-0.0011,0.509,-0.001,-363427.5,0.459,0,0.943,5.67,0,0,0,-0.005,0,13.13,-1.6,0.6,100,0
"2026-01-21 01:21:00",142007,"",7999,2026,1,21,1,15,5,0,0.511,0,-363427.7,0.461,0,0.946,5.67,0,0,0,-0.042,-0.031,13.13,-1.5,0.6,100,0
"2026-01-21 01:24:00",142008,"",7999,2026,1,21,1,15,5,0,0.511,0,-363427.7,0.461,0,0.946,5.67,0,0,0,-0.042,-0.031,13.13,-1.5,0.6,100,0
"2026-01-21 01:27:00",142009,"",7999,2026,1,21,1,21,5,-0.0008,0.512,-0.001,-363427.9,0.462,0,0.948,5.68,0,0,0,-0.067,0.054,13.13,-1.6,0.6,100,0
"2026-01-21 01:30:00",142010,"",7999,2026,1,21,1,21,5,-0.0008,0.512,-0.001,-363427.9,0.462,0,0.948,5.68,0,0,0,-0.067,0.054,13.13,-1.6,0.6,100,0
"2026-01-21 01:33:00",142011,"",7999,2026,1,21,1,27,5,-0.0008,0.516,-0.001,-363428.2,0.466,0,0.954,5.71,0,0,0,0.007,-0.012,13.13,-1.6,0.6,100,0
"2026-01-21 01:36:00",142012,"",7999,2026,1,21,1,27,5,-0.0008,0.516,-0.001,-363428.2,0.466,0,0.954,5.71,0,0,0,0.007,-0.012,13.13,-1.6,0.6,100,0
"2026-01-21 01:39:00",142013,"",7999,2026,1,21,1,33,5,-0.0031,0.522,-0.003,-363429.1,0.472,-0.002,0.966,5.74,0,-0.002,-0.001,-0.021,0.014,13.13,-1.6,0.6,100,0
"2026-01-21 01:42:00",142014,"",7999,2026,1,21,1,33,5,-0.0031,0.522,-0.003,-363429.1,0.472,-0.002,0.966,5.74,0,-0.002,-0.001,-0.021,0.014,13.13,-1.6,0.6,100,0
"2026-01-21 01:45:00",142015,"",7999,2026,1,21,1,39,5,0.0003,0.523,0,-363429.3,0.473,0,0.968,5.74,0,0,0,0.012,0.078,13.13,-1.6,0.6,100,0
"2026-01-21 01:48:00",142016,"",7999,2026,1,21,1,39,5,0.0003,0.523,0,-363429.3,0.473,0,0.968,5.74,0,0,0,0.012,0.078,13.13,-1.6,0.6,100,0
"2026-01-21 01:51:00",142017,"",7999,2026,1,21,1,45,5,0.0003,0.526,0,-363429.2,0.476,0,0.973,5.71,0,0,0,-0.056,0,13.13,-1.6,0.6,100,0
"2026-01-21 01:54:00",142018,"",7999,2026,1,21,1,45,5,0.0003,0.526,0,-363429.2,0.476,0,0.973,5.71,0,0,0,-0.056,0,13.13,-1.6,0.6,100,0
"2026-01-21 01:57:00",142019,"",7999,2026,1,21,1,51,5,0.0021,0.536,0.002,-363428.7,0.486,0.001,0.992,5.75,0,0.001,-0.001,-0.033,0.014,13.13,-1.6,0.6,100,0
"2026-01-21 02:00:00",142020,"",7999,2026,1,21,1,51,5,0.0021,0.536,0.002,-363428.7,0.486,0.001,0.992,5.75,0,0.001,-0.001,-0.033,0.014,13.13,-1.6,0.6,100,0
"2026-01-21 02:03:00",142021,"",7999,2026,1,21,1,57,5,0.0002,0.542,0,-363428.3,0.492,0,1.003,5.71,0,0,0,0.037,0.014,13.13,-1.6,0.6,100,0
"2026-01-21 02:06:00",142022,"",7999,2026,1,21,1,57,5,0.0002,0.542,0,-363428.3,0.492,0,1.003,5.71,0,0,0,0.037,0.014,13.13,-1.6,0.6,100,0
"2026-01-21 02:09:00",142023,"",7999,2026,1,21,2,3,5,0.0011,0.545,0.001,-363428,0.495,0,1.009,5.68,0,0,0,-0.014,-0.014,13.13,-1.6,0.6,100,0
"2026-01-21 02:12:00",142024,"",7999,2026,1,21,2,3,5,0.0011,0.545,0.001,-363428,0.495,0,1.009,5.68,0,0,0,-0.014,-0.014,13.13,-1.6,0.6,100,0
"2026-01-21 02:15:00",142025,"",7999,2026,1,21,2,9,5,-0.0002,0.552,0,-363427.9,0.502,0,1.022,5.71,0,0,0,-0.023,0,13.13,-1.6,0.6,100,0
"2026-01-21 02:18:00",142026,"",7999,2026,1,21,2,9,5,-0.0002,0.552,0,-363427.9,0.502,0,1.022,5.71,0,0,0,-0.023,0,13.13,-1.6,0.6,100,0
"2026-01-21 02:21:00",142027,"",7999,2026,1,21,2,15,5,0.0033,0.552,0.003,-363427.2,0.502,0.002,1.022,5.71,0,0.002,0,-0.035,0.005,13.13,-1.6,0.6,100,0
"2026-01-21 02:24:00",142028,"",7999,2026,1,21,2,15,5,0.0033,0.552,0.003,-363427.2,0.502,0.002,1.022,5.71,0,0.002,0,-0.035,0.005,13.13,-1.6,0.6,100,0
"2026-01-21 02:27:00",142029,"",7999,2026,1,21,2,21,5,-0.0003,0.555,0,-363426.8,0.505,0,1.028,5.7,0,0,0,-0.021,-0.007,13.13,-1.5,0.6,100,0
"2026-01-21 02:30:00",142030,"",7999,2026,1,21,2,21,5,-0.0003,0.555,0,-363426.8,0.505,0,1.028,5.7,0,0,0,-0.021,-0.007,13.13,-1.5,0.6,100,0
"2026-01-21 02:33:00",142031,"",7999,2026,1,21,2,27,5,0.0082,0.565,0.008,-363424.9,0.515,0.007,1.046,5.68,0,0.007,0,-0.1,0.045,13.13,-1.6,0.6,100,0
"2026-01-21 02:36:00",142032,"",7999,2026,1,21,2,27,5,0.0082,0.565,0.008,-363424.9,0.515,0.007,1.046,5.68,0,0.007,0,-0.1,0.045,13.13,-1.6,0.6,100,0
"2026-01-21 02:39:00",142033,"",7999,2026,1,21,2,33,5,-0.0011,0.564,-0.001,-363424.2,0.514,0,1.043,5.64,0,0,0,-0.067,-0.047,13.13,-1.6,0.6,100,0
"2026-01-21 02:42:00",142034,"",7999,2026,1,21,2,33,5,-0.0011,0.564,-0.001,-363424.2,0.514,0,1.043,5.64,0,0,0,-0.067,-0.047,13.13,-1.6,0.6,100,0
"2026-01-21 02:45:00",142035,"",7999,2026,1,21,2,39,5,-0.0005,0.564,-0.001,-363424.4,0.514,0,1.045,5.65,0,0,0,-0.016,0.038,13.13,-1.5,0.6,100,0
"2026-01-21 02:48:00",142036,"",7999,2026,1,21,2,39,5,-0.0005,0.564,-0.001,-363424.4,0.514,0,1.045,5.65,0,0,0,-0.016,0.038,13.13,-1.5,0.6,100,0
"2026-01-21 02:51:00",142037,"",7999,2026,1,21,2,45,5,0.0028,0.57,0.003,-363423.8,0.52,0.002,1.055,5.66,0,0.002,-0.001,0.028,-0.014,13.13,-1.6,0.6,100,0
"2026-01-21 02:54:00",142038,"",7999,2026,1,21,2,45,5,0.0028,0.57,0.003,-363423.8,0.52,0.002,1.055,5.66,0,0.002,-0.001,0.028,-0.014,13.13,-1.6,0.6,100,0
"2026-01-21 02:57:00",142039,"",7999,2026,1,21,2,51,5,0.0061,0.573,0.006,-363422,0.523,0.005,1.061,5.62,0,0.005,-0.002,0.002,-0.026,13.13,-1.6,0.6,100,0
"2026-01-21 03:00:00",142040,"",7999,2026,1,21,2,51,5,0.0061,0.573,0.006,-363422,0.523,0.005,1.061,5.62,0,0.005,-0.002,0.002,-0.026,13.13,-1.6,0.6,100,0
"2026-01-21 03:03:00",142041,"",7999,2026,1,21,2,57,5,0.0009,0.578,0.001,-363421.1,0.528,0.001,1.07,5.63,0,0.001,0.001,-0.009,-0.024,13.13,-1.6,0.6,100,0
"2026-01-21 03:06:00",142042,"",7999,2026,1,21,2,57,5,0.0009,0.578,0.001,-363421.1,0.528,0.001,1.07,5.63,0,0.001,0.001,-0.009,-0.024,13.13,-1.6,0.6,100,0
"2026-01-21 03:09:00",142043,"",7999,2026,1,21,3,3,5,-0.0006,0.582,-0.001,-363421.1,0.532,-0.001,1.077,5.68,0,-0.001,0.001,-0.012,-0.017,13.13,-1.6,0.6,100,0
"2026-01-21 03:12:00",142044,"",7999,2026,1,21,3,3,5,-0.0006,0.582,-0.001,-363421.1,0.532,-0.001,1.077,5.68,0,-0.001,0.001,-0.012,-0.017,13.13,-1.6,0.6,100,0
"2026-01-21 03:15:00",142045,"",7999,2026,1,21,3,9,5,0.003,0.579,0.003,-363420.5,0.529,0.002,1.072,5.68,0,0.002,0.001,-0.042,-0.026,13.13,-1.5,0.6,100,0
"2026-01-21 03:18:00",142046,"",7999,2026,1,21,3,9,5,0.003,0.579,0.003,-363420.5,0.529,0.002,1.072,5.68,0,0.002,0.001,-0.042,-0.026,13.13,-1.5,0.6,100,0
"2026-01-21 03:21:00",142047,"",7999,2026,1,21,3,15,5,-0.0062,0.58,-0.006,-363421.6,0.53,-0.005,1.073,5.7,0,-0.005,0.002,-0.019,0,13.13,-1.5,0.6,100,0
"2026-01-21 03:24:00",142048,"",7999,2026,1,21,3,15,5,-0.0062,0.58,-0.006,-363421.6,0.53,-0.005,1.073,5.7,0,-0.005,0.002,-0.019,0,13.13,-1.5,0.6,100,0
"2026-01-21 03:27:00",142049,"",7999,2026,1,21,3,21,5,0.0052,0.591,0.005,-363421.1,0.541,0.005,1.093,5.69,0,0.005,0,-0.005,0,13.13,-1.6,0.6,100,0
"2026-01-21 03:30:00",142050,"",7999,2026,1,21,3,21,5,0.0052,0.591,0.005,-363421.1,0.541,0.005,1.093,5.69,0,0.005,0,-0.005,0,13.13,-1.6,0.6,100,0
"2026-01-21 03:33:00",142051,"",7999,2026,1,21,3,27,5,0.0033,0.595,0.003,-363419.7,0.545,0.002,1.101,5.61,0,0.002,0.001,-0.021,-0.012,13.13,-1.6,0.6,100,0
"2026-01-21 03:36:00",142052,"",7999,2026,1,21,3,27,5,0.0033,0.595,0.003,-363419.7,0.545,0.002,1.101,5.61,0,0.002,0.001,-0.021,-0.012,13.13,-1.6,0.6,100,0
"2026-01-21 03:39:00",142053,"",7999,2026,1,21,3,33,5,0.0049,0.601,0.004,-363418.1,0.551,0.002,1.112,5.6,0,0.002,0.001,0.03,0,13.13,-1.6,0.6,100,0
"2026-01-21 03:42:00",142054,"",7999,2026,1,21,3,33,5,0.0049,0.601,0.004,-363418.1,0.551,0.002,1.112,5.6,0,0.002,0.001,0.03,0,13.13,-1.6,0.6,100,0
"2026-01-21 03:45:00",142055,"",7999,2026,1,21,3,39,5,0.0069,0.612,0.006,-363415.8,0.562,0.006,1.133,5.65,0,0.006,0.001,0.014,-0.007,13.13,-1.6,0.6,100,0
"2026-01-21 03:48:00",142056,"",7999,2026,1,21,3,39,5,0.0069,0.612,0.006,-363415.8,0.562,0.006,1.133,5.65,0,0.006,0.001,0.014,-0.007,13.13,-1.6,0.6,100,0
"2026-01-21 03:51:00",142057,"",7999,2026,1,21,3,45,5,-0.0026,0.614,-0.002,-363415.6,0.564,-0.002,1.136,5.59,0,-0.002,0.001,-0.019,-0.005,13.13,-1.6,0.6,100,0
"2026-01-21 03:54:00",142058,"",7999,2026,1,21,3,45,5,-0.0026,0.614,-0.002,-363415.6,0.564,-0.002,1.136,5.59,0,-0.002,0.001,-0.019,-0.005,13.13,-1.6,0.6,100,0
"2026-01-21 03:57:00",142059,"",7999,2026,1,21,3,51,5,0.003,0.614,0.003,-363415.2,0.564,0.002,1.136,5.58,0,0.002,0.001,-0.035,-0.019,13.13,-1.6,0.6,100,0
"2026-01-21 04:00:00",142060,"",7999,2026,1,21,3,51,5,0.003,0.614,0.003,-363415.2,0.564,0.002,1.136,5.58,0,0.002,0.001,-0.035,-0.019,13.13,-1.6,0.6,100,0
"2026-01-21 04:03:00",142061,"",7999,2026,1,21,3,57,5,0.0063,0.62,0.006,-363413.3,0.57,0.005,1.147,5.59,0,0.005,0,-0.028,-0.014,13.13,-1.6,0.6,100,0
"2026-01-21 04:06:00",142062,"",7999,2026,1,21,3,57,5,0.0063,0.62,0.006,-363413.3,0.57,0.005,1.147,5.59,0,0.005,0,-0.028,-0.014,13.13,-1.6,0.6,100,0
"2026-01-21 04:09:00",142063,"",7999,2026,1,21,4,3,5,0.0074,0.619,0.007,-363410.8,0.569,0.005,1.146,5.55,0,0.005,-0.002,-0.026,-0.026,13.13,-1.6,0.6,100,0
"2026-01-21 04:12:00",142064,"",7999,2026,1,21,4,3,5,0.0074,0.619,0.007,-363410.8,0.569,0.005,1.146,5.55,0,0.005,-0.002,-0.026,-0.026,13.13,-1.6,0.6,100,0
"2026-01-21 04:15:00",142065,"",7999,2026,1,21,4,9,5,0.0091,0.624,0.008,-363407.7,0.574,0.007,1.155,5.56,0,0.007,-0.002,-0.009,0,13.13,-1.6,0.6,100,0
"2026-01-21 04:18:00",142066,"",7999,2026,1,21,4,9,5,0.0091,0.624,0.008,-363407.7,0.574,0.007,1.155,5.56,0,0.007,-0.002,-0.009,0,13.13,-1.6,0.6,100,0
"2026-01-21 04:21:00",142067,"",7999,2026,1,21,4,15,5,-0.0055,0.631,-0.005,-363407.9,0.581,-0.004,1.169,5.59,0,-0.004,0.002,-0.007,-0.009,13.13,-1.6,0.6,100,0
"2026-01-21 04:24:00",142068,"",7999,2026,1,21,4,15,5,-0.0055,0.631,-0.005,-363407.9,0.581,-0.004,1.169,5.59,0,-0.004,0.002,-0.007,-0.009,13.13,-1.6,0.6,100,0
"2026-01-21 04:27:00",142069,"",7999,2026,1,21,4,21,5,0.001,0.631,0.001,-363408.3,0.581,0.001,1.167,5.53,0,0.001,-0.001,0.002,-0.026,13.13,-1.6,0.6,100,0
"2026-01-21 04:30:00",142070,"",7999,2026,1,21,4,21,5,0.001,0.631,0.001,-363408.3,0.581,0.001,1.167,5.53,0,0.001,-0.001,0.002,-0.026,13.13,-1.6,0.6,100,0
"2026-01-21 04:33:00",142071,"",7999,2026,1,21,4,27,5,0.0001,0.633,0,-363408.2,0.583,0.001,1.172,5.52,0,0.001,0.001,-0.009,-0.009,13.13,-1.5,0.6,100,0
"2026-01-21 04:36:00",142072,"",7999,2026,1,21,4,27,5,0.0001,0.633,0,-363408.2,0.583,0.001,1.172,5.52,0,0.001,0.001,-0.009,-0.009,13.13,-1.5,0.6,100,0
"2026-01-21 04:39:00",142073,"",7999,2026,1,21,4,33,5,-0.0012,0.636,-0.001,-363408.4,0.586,-0.001,1.176,5.57,0,-0.001,0.001,-0.026,-0.014,13.13,-1.6,0.6,100,0
"2026-01-21 04:42:00",142074,"",7999,2026,1,21,4,33,5,-0.0012,0.636,-0.001,-363408.4,0.586,-0.001,1.176,5.57,0,-0.001,0.001,-0.026,-0.014,13.13,-1.6,0.6,100,0
"2026-01-21 04:45:00",142075,"",7999,2026,1,21,4,39,5,0.004,0.635,0.003,-363407.7,0.585,0.004,1.175,5.53,0,0.004,0.004,0.021,-0.009,13.13,-1.6,0.6,100,0
"2026-01-21 04:48:00",142076,"",7999,2026,1,21,4,39,5,0.004,0.635,0.003,-363407.7,0.585,0.004,1.175,5.53,0,0.004,0.004,0.021,-0.009,13.13,-1.6,0.6,100,0
"2026-01-21 04:51:00",142077,"",7999,2026,1,21,4,45,5,-0.0049,0.639,-0.004,-363408.3,0.589,-0.004,1.183,5.56,0,-0.004,0.001,-0.028,-0.002,13.13,-1.5,0.6,100,0
"2026-01-21 04:54:00",142078,"",7999,2026,1,21,4,45,5,-0.0049,0.639,-0.004,-363408.3,0.589,-0.004,1.183,5.56,0,-0.004,0.001,-0.028,-0.002,13.13,-1.5,0.6,100,0
"2026-01-21 04:57:00",142079,"",7999,2026,1,21,4,51,5,0.0027,0.64,0.002,-363408.3,0.59,0.002,1.185,5.55,0,0.002,-0.001,0.009,-0.017,13.13,-1.6,0.6,100,0
"2026-01-21 05:00:00",142080,"",7999,2026,1,21,4,51,5,0.0027,0.64,0.002,-363408.3,0.59,0.002,1.185,5.55,0,0.002,-0.001,0.009,-0.017,13.13,-1.6,0.6,100,0
"2026-01-21 05:03:00",142081,"",7999,2026,1,21,4,57,5,-0.0063,0.636,-0.005,-363409.5,0.586,-0.005,1.176,5.52,0,-0.005,-0.001,-0.014,-0.021,13.13,-1.6,0.6,100,0
"2026-01-21 05:06:00",142082,"",7999,2026,1,21,4,57,5,-0.0063,0.636,-0.005,-363409.5,0.586,-0.005,1.176,5.52,0,-0.005,-0.001,-0.014,-0.021,13.13,-1.6,0.6,100,0
"2026-01-21 05:09:00",142083,"",7999,2026,1,21,5,3,5,0.0021,0.64,0.002,-363409.7,0.59,0.001,1.185,5.53,0,0.001,0.001,-0.005,-0.009,13.13,-1.6,0.6,100,0
"2026-01-21 05:12:00",142084,"",7999,2026,1,21,5,3,5,0.0021,0.64,0.002,-363409.7,0.59,0.001,1.185,5.53,0,0.001,0.001,-0.005,-0.009,13.13,-1.6,0.6,100,0
"2026-01-21 05:15:00",142085,"",7999,2026,1,21,5,9,5,0.0011,0.644,0.001,-363409.2,0.594,0.001,1.192,5.52,0,0.001,0.001,0.005,-0.017,13.13,-1.6,0.6,100,0
"2026-01-21 05:18:00",142086,"",7999,2026,1,21,5,9,5,0.0011,0.644,0.001,-363409.2,0.594,0.001,1.192,5.52,0,0.001,0.001,0.005,-0.017,13.13,-1.6,0.6,100,0
"2026-01-21 05:21:00",142087,"",7999,2026,1,21,5,15,5,-0,0.644,0,-363409.1,0.594,0,1.192,5.53,0,0,0,-0.04,-0.028,13.13,-1.6,0.6,100,0
"2026-01-21 05:24:00",142088,"",7999,2026,1,21,5,15,5,-0,0.644,0,-363409.1,0.594,0,1.192,5.53,0,0,0,-0.04,-0.028,13.13,-1.6,0.6,100,0
"2026-01-21 05:27:00",142089,"",7999,2026,1,21,5,21,5,0.0041,0.648,0.003,-363408.1,0.598,0.002,1.199,5.49,0,0.002,-0.001,-0.002,-0.009,13.13,-1.6,0.6,100,0
"2026-01-21 05:30:00",142090,"",7999,2026,1,21,5,21,5,0.0041,0.648,0.003,-363408.1,0.598,0.002,1.199,5.49,0,0.002,-0.001,-0.002,-0.009,13.13,-1.6,0.6,100,0
"2026-01-21 05:33:00",142091,"",7999,2026,1,21,5,27,5,0.0023,0.654,0.002,-363407,0.604,0.001,1.21,5.53,0,0.001,-0.001,-0.009,-0.012,13.13,-1.6,0.6,100,0
"2026-01-21 05:36:00",142092,"",7999,2026,1,21,5,27,5,0.0023,0.654,0.002,-363407,0.604,0.001,1.21,5.53,0,0.001,-0.001,-0.009,-0.012,13.13,-1.6,0.6,100,0
"2026-01-21 05:39:00",142093,"",7999,2026,1,21,5,33,5,0.0001,0.655,0,-363406.7,0.605,0,1.211,5.49,0,0,0,0,-0.014,13.13,-1.6,0.6,100,0
"2026-01-21 05:42:00",142094,"",7999,2026,1,21,5,33,5,0.0001,0.655,0,-363406.7,0.605,0,1.211,5.49,0,0,0,0,-0.014,13.13,-1.6,0.6,100,0
"2026-01-21 05:45:00",142095,"",7999,2026,1,21,5,39,5,0.0036,0.656,0.003,-363405.8,0.606,0.002,1.215,5.48,0,0.002,0.001,-0.007,-0.007,13.13,-1.6,0.6,100,0
"2026-01-21 05:48:00",142096,"",7999,2026,1,21,5,39,5,0.0036,0.656,0.003,-363405.8,0.606,0.002,1.215,5.48,0,0.002,0.001,-0.007,-0.007,13.13,-1.6,0.6,100,0
"2026-01-21 05:51:00",142097,"",7999,2026,1,21,5,45,5,0.0014,0.657,0.001,-363405,0.607,0,1.216,5.51,0,0,0,-0.023,-0.024,13.13,-1.6,0.6,100,0
"2026-01-21 05:54:00",142098,"",7999,2026,1,21,5,45,5,0.0014,0.657,0.001,-363405,0.607,0,1.216,5.51,0,0,0,-0.023,-0.024,13.13,-1.6,0.6,100,0
"2026-01-21 05:57:00",142099,"",7999,2026,1,21,5,51,5,0.0012,0.657,0.001,-363404.6,0.607,0,1.217,5.52,0,0,0,0.005,-0.012,13.13,-1.6,0.6,100,0
"2026-01-21 06:00:00",142100,"",7999,2026,1,21,5,51,5,0.0012,0.657,0.001,-363404.6,0.607,0,1.217,5.52,0,0,0,0.005,-0.012,13.13,-1.6,0.6,100,0
"2026-01-21 06:03:00",142101,"",7999,2026,1,21,5,57,5,0.005,0.662,0.004,-363403.2,0.612,0.004,1.225,5.54,0,0.004,0.001,-0.012,0.002,13.13,-1.6,0.6,100,0
"2026-01-21 06:06:00",142102,"",7999,2026,1,21,5,57,5,0.005,0.662,0.004,-363403.2,0.612,0.004,1.225,5.54,0,0.004,0.001,-0.012,0.002,13.13,-1.6,0.6,100,0
"2026-01-21 06:09:00",142103,"",7999,2026,1,21,6,3,5,-0.0001,0.661,0,-363402.7,0.611,0,1.224,5.56,0,0,0,-0.044,-0.019,13.13,-1.6,0.6,100,0
"2026-01-21 06:12:00",142104,"",7999,2026,1,21,6,3,5,-0.0001,0.661,0,-363402.7,0.611,0,1.224,5.56,0,0,0,-0.044,-0.019,13.13,-1.6,0.6,100,0
"2026-01-21 06:15:00",142105,"",7999,2026,1,21,6,9,5,-0.0022,0.659,-0.002,-363403.2,0.609,-0.001,1.22,5.55,0,-0.001,-0.001,0,-0.017,13.13,-1.6,0.6,100,0
"2026-01-21 06:18:00",142106,"",7999,2026,1,21,6,9,5,-0.0022,0.659,-0.002,-363403.2,0.609,-0.001,1.22,5.55,0,-0.001,-0.001,0,-0.017,13.13,-1.6,0.6,100,0
"2026-01-21 06:21:00",142107,"",7999,2026,1,21,6,15,5,0.0005,0.661,0,-363403.3,0.611,0,1.223,5.58,0,0,0.002,0,-0.002,13.13,-1.6,0.6,100,0
"2026-01-21 06:24:00",142108,"",7999,2026,1,21,6,15,5,0.0005,0.661,0,-363403.3,0.611,0,1.223,5.58,0,0,0.002,0,-0.002,13.13,-1.6,0.6,100,0
"2026-01-21 06:27:00",142109,"",7999,2026,1,21,6,21,5,-0.0039,0.656,-0.003,-363404.2,0.606,-0.002,1.214,5.6,0,-0.002,0,-0.019,-0.028,13.13,-1.6,0.6,100,0
"2026-01-21 06:30:00",142110,"",7999,2026,1,21,6,21,5,-0.0039,0.656,-0.003,-363404.2,0.606,-0.002,1.214,5.6,0,-0.002,0,-0.019,-0.028,13.13,-1.6,0.6,100,0
"2026-01-21 06:33:00",142111,"",7999,2026,1,21,6,27,5,-0.0032,0.652,-0.003,-363405.5,0.602,-0.002,1.206,5.6,0,-0.002,0,-0.019,-0.024,13.13,-1.6,0.6,100,0
"2026-01-21 06:36:00",142112,"",7999,2026,1,21,6,27,5,-0.0032,0.652,-0.003,-363405.5,0.602,-0.002,1.206,5.6,0,-0.002,0,-0.019,-0.024,13.13,-1.6,0.6,100,0
"2026-01-21 06:39:00",142113,"",7999,2026,1,21,6,33,5,-0.003,0.651,-0.003,-363406.6,0.601,-0.002,1.204,5.6,0,-0.002,0,-0.026,-0.009,13.13,-1.6,0.6,100,0
"2026-01-21 06:42:00",142114,"",7999,2026,1,21,6,33,5,-0.003,0.651,-0.003,-363406.6,0.601,-0.002,1.204,5.6,0,-0.002,0,-0.026,-0.009,13.13,-1.6,0.6,100,0
"2026-01-21 06:45:00",142115,"",7999,2026,1,21,6,39,5,-0.0023,0.649,-0.002,-363407.5,0.599,0,1.2,5.59,0,0,0,-0.019,-0.002,13.13,-1.6,0.6,100,0
"2026-01-21 06:48:00",142116,"",7999,2026,1,21,6,39,5,-0.0023,0.649,-0.002,-363407.5,0.599,0,1.2,5.59,0,0,0,-0.019,-0.002,13.13,-1.6,0.6,100,0
"2026-01-21 06:51:00",142117,"",7999,2026,1,21,6,45,5,-0.0053,0.644,-0.004,-363409.1,0.594,-0.004,1.192,5.57,0,-0.004,0.001,0.005,-0.002,13.13,-1.6,0.6,100,0
"2026-01-21 06:54:00",142118,"",7999,2026,1,21,6,45,5,-0.0053,0.644,-0.004,-363409.1,0.594,-0.004,1.192,5.57,0,-0.004,0.001,0.005,-0.002,13.13,-1.6,0.6,100,0
"2026-01-21 06:57:00",142119,"",7999,2026,1,21,6,51,5,0.0001,0.639,0,-363409.7,0.589,0,1.183,5.54,0,0,0.001,0.009,-0.002,13.13,-1.6,0.6,100,0
"2026-01-21 07:00:00",142120,"",7999,2026,1,21,6,51,5,0.0001,0.639,0,-363409.7,0.589,0,1.183,5.54,0,0,0.001,0.009,-0.002,13.13,-1.6,0.6,100,0
"2026-01-21 07:03:00",142121,"",7999,2026,1,21,6,57,5,-0.0072,0.635,-0.006,-363411.4,0.585,-0.005,1.175,5.56,0,-0.005,0,0.007,-0.005,13.13,-1.6,0.6,100,0
"2026-01-21 07:06:00",142122,"",7999,2026,1,21,6,57,5,-0.0072,0.635,-0.006,-363411.4,0.585,-0.005,1.175,5.56,0,-0.005,0,0.007,-0.005,13.13,-1.6,0.6,100,0
"2026-01-21 07:09:00",142123,"",7999,2026,1,21,7,3,5,-0.0046,0.628,-0.004,-363413.4,0.578,-0.002,1.162,5.51,0,-0.002,-0.001,-0.007,-0.007,13.13,-1.6,0.6,100,0
"2026-01-21 07:12:00",142124,"",7999,2026,1,21,7,3,5,-0.0046,0.628,-0.004,-363413.4,0.578,-0.002,1.162,5.51,0,-0.002,-0.001,-0.007,-0.007,13.13,-1.6,0.6,100,0
"2026-01-21 07:15:00",142125,"",7999,2026,1,21,7,9,5,-0.0017,0.628,-0.002,-363414.4,0.578,0,1.163,5.51,0,0,0,-0.021,-0.009,13.13,-1.6,0.6,100,0
"2026-01-21 07:18:00",142126,"",7999,2026,1,21,7,9,5,-0.0017,0.628,-0.002,-363414.4,0.578,0,1.163,5.51,0,0,0,-0.021,-0.009,13.13,-1.6,0.6,100,0
"2026-01-21 07:21:00",142127,"",7999,2026,1,21,7,15,5,-0.006,0.627,-0.005,-363416.1,0.577,-0.004,1.16,5.53,0,-0.004,0.002,-0.014,-0.002,13.13,-1.6,0.6,100,0
"2026-01-21 07:24:00",142128,"",7999,2026,1,21,7,15,5,-0.006,0.627,-0.005,-363416.1,0.577,-0.004,1.16,5.53,0,-0.004,0.002,-0.014,-0.002,13.13,-1.6,0.6,100,0
"2026-01-21 07:27:00",142129,"",7999,2026,1,21,7,21,5,-0.0065,0.625,-0.006,-363418.3,0.575,-0.005,1.156,5.48,0,-0.005,0.002,-0.009,-0.005,13.13,-1.6,0.6,100,0
"2026-01-21 07:30:00",142130,"",7999,2026,1,21,7,21,5,-0.0065,0.625,-0.006,-363418.3,0.575,-0.005,1.156,5.48,0,-0.005,0.002,-0.009,-0.005,13.13,-1.6,0.6,100,0
"2026-01-21 07:33:00",142131,"",7999,2026,1,21,7,27,5,0.0004,0.627,0,-363419,0.577,0.001,1.161,5.49,0,0.001,0.001,0,0,13.13,-1.6,0.6,100,0
"2026-01-21 07:36:00",142132,"",7999,2026,1,21,7,27,5,0.0004,0.627,0,-363419,0.577,0.001,1.161,5.49,0,0.001,0.001,0,0,13.13,-1.6,0.6,100,0
"2026-01-21 07:39:00",142133,"",7999,2026,1,21,7,33,5,-0.0066,0.624,-0.006,-363420.6,0.574,-0.005,1.154,5.49,0,-0.005,-0.002,-0.002,-0.002,13.13,-1.6,0.6,100,0
"2026-01-21 07:42:00",142134,"",7999,2026,1,21,7,33,5,-0.0066,0.624,-0.006,-363420.6,0.574,-0.005,1.154,5.49,0,-0.005,-0.002,-0.002,-0.002,13.13,-1.6,0.6,100,0
"2026-01-21 07:45:00",142135,"",7999,2026,1,21,7,39,5,0.0017,0.62,0.002,-363421,0.57,0.001,1.147,5.44,0,0.001,-0.001,-0.009,-0.005,13.13,-1.6,0.6,100,0
"2026-01-21 07:48:00",142136,"",7999,2026,1,21,7,39,5,0.0017,0.62,0.002,-363421,0.57,0.001,1.147,5.44,0,0.001,-0.001,-0.009,-0.005,13.13,-1.6,0.6,100,0
"2026-01-21 07:51:00",142137,"",7999,2026,1,21,7,45,5,-0,0.617,0,-363420.8,0.567,0,1.142,5.45,0,0,-0.004,-0.021,-0.014,13.13,-1.6,0.6,100,0
"2026-01-21 07:54:00",142138,"",7999,2026,1,21,7,45,5,-0,0.617,0,-363420.8,0.567,0,1.142,5.45,0,0,-0.004,-0.021,-0.014,13.13,-1.6,0.6,100,0
"2026-01-21 07:57:00",142139,"",7999,2026,1,21,7,51,5,-0.0069,0.61,-0.006,-363422.4,0.56,-0.005,1.129,5.5,0,-0.005,0,0.014,-0.021,13.13,-1.6,0.6,100,0
"2026-01-21 08:00:00",142140,"",7999,2026,1,21,7,51,5,-0.0069,0.61,-0.006,-363422.4,0.56,-0.005,1.129,5.5,0,-0.005,0,0.014,-0.021,13.13,-1.6,0.6,100,0
"2026-01-21 08:03:00",142141,"",7999,2026,1,21,7,57,5,-0.004,0.607,-0.004,-363424.2,0.557,-0.002,1.123,5.52,0,-0.002,0,-0.007,-0.012,13.13,-1.6,0.6,100,0
"2026-01-21 08:06:00",142142,"",7999,2026,1,21,7,57,5,-0.004,0.607,-0.004,-363424.2,0.557,-0.002,1.123,5.52,0,-0.002,0,-0.007,-0.012,13.13,-1.6,0.6,100,0
"2026-01-21 08:09:00",142143,"",7999,2026,1,21,8,3,5,-0.0007,0.604,-0.001,-363424.9,0.554,0,1.118,5.56,0,0,0,-0.042,-0.033,13.13,-1.6,0.6,100,0
"2026-01-21 08:12:00",142144,"",7999,2026,1,21,8,3,5,-0.0007,0.604,-0.001,-363424.9,0.554,0,1.118,5.56,0,0,0,-0.042,-0.033,13.13,-1.6,0.6,100,0
"2026-01-21 08:15:00",142145,"",7999,2026,1,21,8,9,5,-0.0034,0.594,-0.003,-363425.8,0.544,-0.002,1.1,5.57,0,-0.002,0,-0.007,0.012,13.13,-1.6,0.6,100,0
"2026-01-21 08:18:00",142146,"",7999,2026,1,21,8,9,5,-0.0034,0.594,-0.003,-363425.8,0.544,-0.002,1.1,5.57,0,-0.002,0,-0.007,0.012,13.13,-1.6,0.6,100,0
"2026-01-21 08:21:00",142147,"",7999,2026,1,21,8,15,5,-0.0054,0.586,-0.005,-363427.5,0.536,-0.004,1.084,5.57,0,-0.004,-0.001,-0.012,-0.026,13.13,-1.6,0.6,100,0
"2026-01-21 08:24:00",142148,"",7999,2026,1,21,8,15,5,-0.0054,0.586,-0.005,-363427.5,0.536,-0.004,1.084,5.57,0,-0.004,-0.001,-0.012,-0.026,13.13,-1.6,0.6,100,0
"2026-01-21 08:27:00",142149,"",7999,2026,1,21,8,21,5,-0.0055,0.578,-0.005,-363429.5,0.528,-0.004,1.07,5.56,0,-0.004,0.001,-0.009,-0.047,13.13,-1.7,0.6,100,0
"2026-01-21 08:30:00",142150,"",7999,2026,1,21,8,21,5,-0.0055,0.578,-0.005,-363429.5,0.528,-0.004,1.07,5.56,0,-0.004,0.001,-0.009,-0.047,13.13,-1.7,0.6,100,0
"2026-01-21 08:33:00",142151,"",7999,2026,1,21,8,27,5,-0.0091,0.568,-0.009,-363432.3,0.518,-0.007,1.051,5.55,0,-0.007,0.001,-0.016,0.069,13.13,-1.7,0.5,100,0
"2026-01-21 08:36:00",142152,"",7999,2026,1,21,8,27,5,-0.0091,0.568,-0.009,-363432.3,0.518,-0.007,1.051,5.55,0,-0.007,0.001,-0.016,0.069,13.13,-1.7,0.5,100,0
"2026-01-21 08:39:00",142153,"",7999,2026,1,21,8,33,5,-0.0048,0.557,-0.005,-363434.6,0.507,-0.004,1.03,5.56,0,-0.004,-0.001,-0.033,-0.005,13.13,-1.7,0.5,100,0
"2026-01-21 08:42:00",142154,"",7999,2026,1,21,8,33,5,-0.0048,0.557,-0.005,-363434.6,0.507,-0.004,1.03,5.56,0,-0.004,-0.001,-0.033,-0.005,13.13,-1.7,0.5,100,0
"2026-01-21 08:45:00",142155,"",7999,2026,1,21,8,39,5,-0.0046,0.547,-0.005,-363436.3,0.497,-0.004,1.013,5.58,0,-0.004,-0.001,-0.044,-0.017,13.13,-1.7,0.5,100,0
"2026-01-21 08:48:00",142156,"",7999,2026,1,21,8,39,5,-0.0046,0.547,-0.005,-363436.3,0.497,-0.004,1.013,5.58,0,-0.004,-0.001,-0.044,-0.017,13.13,-1.7,0.5,100,0
"2026-01-21 08:51:00",142157,"",7999,2026,1,21,8,45,5,-0.0052,0.538,-0.005,-363438.1,0.488,-0.004,0.996,5.59,0,-0.004,0.001,-0.03,-0.002,13.13,-1.7,0.5,100,0
"2026-01-21 08:54:00",142158,"",7999,2026,1,21,8,45,5,-0.0052,0.538,-0.005,-363438.1,0.488,-0.004,0.996,5.59,0,-0.004,0.001,-0.03,-0.002,13.13,-1.7,0.5,100,0
"2026-01-21 08:57:00",142159,"",7999,2026,1,21,8,51,5,-0.0038,0.53,-0.004,-363439.7,0.48,-0.002,0.98,5.59,0,-0.002,0,0.037,0.007,13.13,-1.7,0.5,100,0
"2026-01-21 09:00:00",142160,"",7999,2026,1,21,8,51,5,-0.0038,0.53,-0.004,-363439.7,0.48,-0.002,0.98,5.59,0,-0.002,0,0.037,0.007,13.13,-1.7,0.5,100,0
"2026-01-21 09:03:00",142161,"",7999,2026,1,21,8,57,5,-0.0035,0.523,-0.004,-363441,0.473,-0.004,0.969,5.6,0,-0.004,0.001,-0.035,-0.014,13.13,-1.8,0.5,100,0
"2026-01-21 09:06:00",142162,"",7999,2026,1,21,8,57,5,-0.0035,0.523,-0.004,-363441,0.473,-0.004,0.969,5.6,0,-0.004,0.001,-0.035,-0.014,13.13,-1.8,0.5,100,0
"2026-01-21 09:09:00",142163,"",7999,2026,1,21,9,3,5,-0.0044,0.518,-0.005,-363442.5,0.468,-0.004,0.96,5.64,0,-0.004,-0.001,0.019,0.043,13.13,-1.8,0.5,100,0
"2026-01-21 09:12:00",142164,"",7999,2026,1,21,9,3,5,-0.0044,0.518,-0.005,-363442.5,0.468,-0.004,0.96,5.64,0,-0.004,-0.001,0.019,0.043,13.13,-1.8,0.5,100,0
"2026-01-21 09:15:00",142165,"",7999,2026,1,21,9,9,5,-0.0039,0.514,-0.004,-363443.9,0.464,-0.002,0.951,5.7,0,-0.002,0.001,-0.065,0.028,13.13,-1.8,0.5,100,0
"2026-01-21 09:18:00",142166,"",7999,2026,1,21,9,9,5,-0.0039,0.514,-0.004,-363443.9,0.464,-0.002,0.951,5.7,0,-0.002,0.001,-0.065,0.028,13.13,-1.8,0.5,100,0
"2026-01-21 09:21:00",142167,"",7999,2026,1,21,9,15,5,-0.0023,0.512,-0.002,-363445,0.462,-0.001,0.947,5.73,0,-0.001,0.001,0.04,0.026,13.13,-1.9,0.5,100,0
"2026-01-21 09:24:00",142168,"",7999,2026,1,21,9,15,5,-0.0023,0.512,-0.002,-363445,0.462,-0.001,0.947,5.73,0,-0.001,0.001,0.04,0.026,13.13,-1.9,0.5,100,0
"2026-01-21 09:27:00",142169,"",7999,2026,1,21,9,21,5,-0.0016,0.511,-0.002,-363445.7,0.461,0,0.946,5.76,0,0,0,-0.051,-0.024,13.13,-1.9,0.5,100,0
"2026-01-21 09:30:00",142170,"",7999,2026,1,21,9,21,5,-0.0016,0.511,-0.002,-363445.7,0.461,0,0.946,5.76,0,0,0,-0.051,-0.024,13.13,-1.9,0.5,100,0
"2026-01-21 09:33:00",142171,"",7999,2026,1,21,9,27,5,0.0026,0.511,0.003,-363445.2,0.461,0.002,0.946,5.75,0,0.002,0.001,0.019,-0.111,13.13,-1.9,0.5,100,0
"2026-01-21 09:36:00",142172,"",7999,2026,1,21,9,27,5,0.0026,0.511,0.003,-363445.2,0.461,0.002,0.946,5.75,0,0.002,0.001,0.019,-0.111,13.13,-1.9,0.5,100,0
"2026-01-21 09:39:00",142173,"",7999,2026,1,21,9,33,5,-0.0009,0.51,-0.001,-363445.1,0.46,0,0.944,5.74,0,0,0,-0.007,-0.002,13.13,-1.9,0.5,100,0
"2026-01-21 09:42:00",142174,"",7999,2026,1,21,9,33,5,-0.0009,0.51,-0.001,-363445.1,0.46,0,0.944,5.74,0,0,0,-0.007,-0.002,13.13,-1.9,0.5,100,0
"2026-01-21 09:45:00",142175,"",7999,2026,1,21,9,39,5,-0.0012,0.505,-0.001,-363445.5,0.455,0,0.935,5.67,0,0,0,-0.026,-0.012,13.13,-1.9,0.5,100,0
"2026-01-21 09:48:00",142176,"",7999,2026,1,21,9,39,5,-0.0012,0.505,-0.001,-363445.5,0.455,0,0.935,5.67,0,0,0,-0.026,-0.012,13.13,-1.9,0.5,100,0
"2026-01-21 09:51:00",142177,"",7999,2026,1,21,9,45,5,-0.0015,0.499,-0.002,-363446.1,0.449,0,0.924,5.63,2,0,0,0,-0.007,13.13,-2,0.5,99,0
"2026-01-21 09:54:00",142178,"",7999,2026,1,21,9,45,5,-0.0015,0.499,-0.002,-363446.1,0.449,0,0.924,5.63,2,0,0,0,-0.007,13.13,-2,0.5,99,0
"2026-01-21 09:57:00",142179,"",7999,2026,1,21,9,51,5,-0.0022,0.492,-0.002,-363446.8,0.442,-0.001,0.911,5.65,2,-0.001,0.001,-0.016,0,13.13,-2,0.5,99,0
"2026-01-21 10:00:00",142180,"",7999,2026,1,21,9,51,5,-0.0022,0.492,-0.002,-363446.8,0.442,-0.001,0.911,5.65,2,-0.001,0.001,-0.016,0,13.13,-2,0.5,99,0
"2026-01-21 10:03:00",142181,"",7999,2026,1,21,9,57,5,-0.0016,0.488,-0.002,-363447.4,0.438,-0.001,0.903,5.62,2,-0.001,0.001,0.016,-0.009,13.13,-2.1,0.5,97,0
"2026-01-21 10:06:00",142182,"",7999,2026,1,21,9,57,5,-0.0016,0.488,-0.002,-363447.4,0.438,-0.001,0.903,5.62,2,-0.001,0.001,0.016,-0.009,13.13,-2.1,0.5,97,0
"2026-01-21 10:09:00",142183,"",7999,2026,1,21,10,3,5,-0.0018,0.485,-0.002,-363448.1,0.435,-0.001,0.897,5.58,2,-0.001,0.001,-0.002,0.007,13.13,-2,0.5,100,0
"2026-01-21 10:12:00",142184,"",7999,2026,1,21,10,3,5,-0.0018,0.485,-0.002,-363448.1,0.435,-0.001,0.897,5.58,2,-0.001,0.001,-0.002,0.007,13.13,-2,0.5,100,0
"2026-01-21 10:15:00",142185,"",7999,2026,1,21,10,9,5,-0.0017,0.483,-0.002,-363448.7,0.433,0,0.895,5.56,2,0,0,0.009,-0.009,13.14,-2,0.5,100,0
"2026-01-21 10:18:00",142186,"",7999,2026,1,21,10,9,5,-0.0017,0.483,-0.002,-363448.7,0.433,0,0.895,5.56,2,0,0,0.009,-0.009,13.14,-2,0.5,100,0
"2026-01-21 10:21:00",142187,"",7999,2026,1,21,10,15,5,-0.0017,0.48,-0.002,-363449.3,0.43,-0.001,0.888,5.44,2,-0.001,0.001,0,0.002,13.14,-2.1,0.5,100,0
"2026-01-21 10:24:00",142188,"",7999,2026,1,21,10,15,5,-0.0017,0.48,-0.002,-363449.3,0.43,-0.001,0.888,5.44,2,-0.001,0.001,0,0.002,13.14,-2.1,0.5,100,0
"2026-01-21 10:27:00",142189,"",7999,2026,1,21,10,21,5,-0.0017,0.475,-0.002,-363450,0.425,0,0.88,5.37,2,0,0,-0.035,0,13.14,-2.1,0.5,100,0
"2026-01-21 10:30:00",142190,"",7999,2026,1,21,10,21,5,-0.0017,0.475,-0.002,-363450,0.425,0,0.88,5.37,2,0,0,-0.035,0,13.14,-2.1,0.5,100,0
"2026-01-21 10:33:00",142191,"",7999,2026,1,21,10,27,5,-0.0023,0.471,-0.003,-363450.8,0.421,-0.001,0.873,5.43,2,-0.001,0.001,-0.005,-0.045,13.14,-2.1,0.5,100,0
"2026-01-21 10:36:00",142192,"",7999,2026,1,21,10,27,5,-0.0023,0.471,-0.003,-363450.8,0.421,-0.001,0.873,5.43,2,-0.001,0.001,-0.005,-0.045,13.14,-2.1,0.5,100,0
"2026-01-21 10:39:00",142193,"",7999,2026,1,21,10,33,5,-0.0031,0.468,-0.004,-363451.8,0.418,-0.002,0.867,5.46,2,-0.002,0.001,-0.012,-0.007,13.14,-2.1,0.5,100,0
"2026-01-21 10:42:00",142194,"",7999,2026,1,21,10,33,5,-0.0031,0.468,-0.004,-363451.8,0.418,-0.002,0.867,5.46,2,-0.002,0.001,-0.012,-0.007,13.14,-2.1,0.5,100,0
"2026-01-21 10:45:00",142195,"",7999,2026,1,21,10,39,5,-0.0006,0.466,-0.001,-363452.3,0.416,0,0.862,5.52,2,0,0,-0.009,-0.017,13.14,-2.2,0.5,100,0
"2026-01-21 10:48:00",142196,"",7999,2026,1,21,10,39,5,-0.0006,0.466,-0.001,-363452.3,0.416,0,0.862,5.52,2,0,0,-0.009,-0.017,13.14,-2.2,0.5,100,0
"2026-01-21 10:51:00",142197,"",7999,2026,1,21,10,45,5,-0.0021,0.464,-0.003,-363452.9,0.414,-0.001,0.858,5.53,2,-0.001,0.001,-0.016,0.009,13.14,-2.2,0.5,100,0
"2026-01-21 10:54:00",142198,"",7999,2026,1,21,10,45,5,-0.0021,0.464,-0.003,-363452.9,0.414,-0.001,0.858,5.53,2,-0.001,0.001,-0.016,0.009,13.14,-2.2,0.5,100,0
"2026-01-21 10:57:00",142199,"",7999,2026,1,21,10,51,5,-0.0011,0.461,-0.001,-363453.5,0.411,0,0.854,5.52,2,0,0,0.067,0.012,13.14,-2.2,0.5,100,0
"2026-01-21 11:00:00",142200,"",7999,2026,1,21,10,51,5,-0.0011,0.461,-0.001,-363453.5,0.411,0,0.854,5.52,2,0,0,0.067,0.012,13.14,-2.2,0.5,100,0
"2026-01-21 11:03:00",142201,"",7999,2026,1,21,10,57,5,-0.0008,0.459,-0.001,-363453.8,0.409,0,0.85,5.51,2,0,0,0.005,0.002,13.14,-2.2,0.5,100,0
"2026-01-21 11:06:00",142202,"",7999,2026,1,21,10,57,5,-0.0008,0.459,-0.001,-363453.8,0.409,0,0.85,5.51,2,0,0,0.005,0.002,13.14,-2.2,0.5,100,0
"2026-01-21 11:09:00",142203,"",7999,2026,1,21,11,3,5,-0.001,0.457,-0.001,-363454.2,0.407,0,0.846,5.49,2,0,0,0.002,-0.014,13.14,-2.2,0.5,99,0
"2026-01-21 11:12:00",142204,"",7999,2026,1,21,11,3,5,-0.001,0.457,-0.001,-363454.2,0.407,0,0.846,5.49,2,0,0,0.002,-0.014,13.14,-2.2,0.5,99,0
"2026-01-21 11:15:00",142205,"",7999,2026,1,21,11,9,5,0.0005,0.455,0.001,-363454.1,0.405,0,0.843,5.46,2,0,0,0.005,0.002,13.14,-2.2,0.5,100,0
"2026-01-21 11:18:00",142206,"",7999,2026,1,21,11,9,5,0.0005,0.455,0.001,-363454.1,0.405,0,0.843,5.46,2,0,0,0.005,0.002,13.14,-2.2,0.5,100,0
"2026-01-21 11:21:00",142207,"",7999,2026,1,21,11,15,5,-0.0004,0.454,-0.001,-363454.2,0.404,0,0.84,5.43,2,0,0,-0.009,0.005,13.14,-2.2,0.5,100,0
"2026-01-21 11:24:00",142208,"",7999,2026,1,21,11,15,5,-0.0004,0.454,-0.001,-363454.2,0.404,0,0.84,5.43,2,0,0,-0.009,0.005,13.14,-2.2,0.5,100,0
"2026-01-21 11:27:00",142209,"",7999,2026,1,21,11,21,5,-0.0009,0.453,-0.001,-363454.5,0.403,-0.001,0.838,5.45,2,-0.001,0.001,-0.012,-0.009,13.14,-2.2,0.5,98,0
"2026-01-21 11:30:00",142210,"",7999,2026,1,21,11,21,5,-0.0009,0.453,-0.001,-363454.5,0.403,-0.001,0.838,5.45,2,-0.001,0.001,-0.012,-0.009,13.14,-2.2,0.5,98,0
"2026-01-21 11:33:00",142211,"",7999,2026,1,21,11,27,5,-0.0019,0.452,-0.002,-363455,0.402,-0.001,0.836,5.49,2,-0.001,0.001,-0.005,0,13.14,-2.2,0.5,96,0
"2026-01-21 11:36:00",142212,"",7999,2026,1,21,11,27,5,-0.0019,0.452,-0.002,-363455,0.402,-0.001,0.836,5.49,2,-0.001,0.001,-0.005,0,13.14,-2.2,0.5,96,0
"2026-01-21 11:39:00",142213,"",7999,2026,1,21,11,33,5,0,0.45,0,-363455.3,0.4,0,0.834,5.45,2,0,0,-0.009,0,13.14,-2.2,0.5,100,0
"2026-01-21 11:42:00",142214,"",7999,2026,1,21,11,33,5,0,0.45,0,-363455.3,0.4,0,0.834,5.45,2,0,0,-0.009,0,13.14,-2.2,0.5,100,0
"2026-01-21 11:45:00",142215,"",7999,2026,1,21,11,39,5,-0.0029,0.449,-0.004,-363456,0.399,-0.002,0.831,5.42,2,-0.002,0,0.016,0.009,13.14,-2.2,0.5,100,0
"2026-01-21 11:48:00",142216,"",7999,2026,1,21,11,39,5,-0.0029,0.449,-0.004,-363456,0.399,-0.002,0.831,5.42,2,-0.002,0,0.016,0.009,13.14,-2.2,0.5,100,0
"2026-01-21 11:51:00",142217,"",7999,2026,1,21,11,45,5,-0,0.448,0,-363456.3,0.398,0,0.829,5.41,2,0,0,-0.002,0.014,13.14,-2.3,0.5,100,0
"2026-01-21 11:54:00",142218,"",7999,2026,1,21,11,45,5,-0,0.448,0,-363456.3,0.398,0,0.829,5.41,2,0,0,-0.002,0.014,13.14,-2.3,0.5,100,0
"2026-01-21 11:57:00",142219,"",7999,2026,1,21,11,51,5,-0.0016,0.447,-0.002,-363456.7,0.397,0,0.828,5.35,2,0,0,0.005,0.005,13.14,-2.3,0.5,100,0
"2026-01-21 12:00:00",142220,"",7999,2026,1,21,11,51,5,-0.0016,0.447,-0.002,-363456.7,0.397,0,0.828,5.35,2,0,0,0.005,0.005,13.14,-2.3,0.5,100,0
"2026-01-21 12:03:00",142221,"",7999,2026,1,21,11,57,5,-0.0005,0.446,-0.001,-363457.1,0.396,0,0.825,5.38,2,0,0,0.005,0.007,13.14,-2.3,0.5,100,0
"2026-01-21 12:06:00",142222,"",7999,2026,1,21,11,57,5,-0.0005,0.446,-0.001,-363457.1,0.396,0,0.825,5.38,2,0,0,0.005,0.007,13.14,-2.3,0.5,100,0
"2026-01-21 12:09:00",142223,"",7999,2026,1,21,12,3,5,-0.0004,0.446,-0.001,-363457.2,0.396,0,0.826,5.37,2,0,0,0.016,-0.005,13.14,-2.2,0.6,100,0
"2026-01-21 12:12:00",142224,"",7999,2026,1,21,12,3,5,-0.0004,0.446,-0.001,-363457.2,0.396,0,0.826,5.37,2,0,0,0.016,-0.005,13.14,-2.2,0.6,100,0
"2026-01-21 12:15:00",142225,"",7999,2026,1,21,12,9,5,-0.0003,0.445,0,-363457.3,0.395,0,0.824,5.35,2,0,0,0.014,-0.005,13.14,-2.3,0.6,100,0
"2026-01-21 12:18:00",142226,"",7999,2026,1,21,12,9,5,-0.0003,0.445,0,-363457.3,0.395,0,0.824,5.35,2,0,0,0.014,-0.005,13.14,-2.3,0.6,100,0
"2026-01-21 12:21:00",142227,"",7999,2026,1,21,12,15,5,-0.0018,0.445,-0.002,-363457.8,0.395,-0.001,0.823,5.33,2,-0.001,0.001,0.007,0,13.14,-2.2,0.6,100,0
"2026-01-21 12:24:00",142228,"",7999,2026,1,21,12,15,5,-0.0018,0.445,-0.002,-363457.8,0.395,-0.001,0.823,5.33,2,-0.001,0.001,0.007,0,13.14,-2.2,0.6,100,0
"2026-01-21 12:27:00",142229,"",7999,2026,1,21,12,21,5,0.0009,0.445,0.001,-363457.8,0.395,0,0.823,5.38,2,0,0,-0.012,-0.009,13.14,-2.2,0.6,100,0
"2026-01-21 12:30:00",142230,"",7999,2026,1,21,12,21,5,0.0009,0.445,0.001,-363457.8,0.395,0,0.823,5.38,2,0,0,-0.012,-0.009,13.14,-2.2,0.6,100,0
"2026-01-21 12:33:00",142231,"",7999,2026,1,21,12,27,5,-0.0012,0.444,-0.002,-363458,0.394,0,0.822,5.36,2,0,0,0,0,13.14,-2.2,0.6,100,0
"2026-01-21 12:36:00",142232,"",7999,2026,1,21,12,27,5,-0.0012,0.444,-0.002,-363458,0.394,0,0.822,5.36,2,0,0,0,0,13.14,-2.2,0.6,100,0
"2026-01-21 12:39:00",142233,"",7999,2026,1,21,12,33,5,0.0005,0.443,0.001,-363458,0.393,0,0.821,5.34,2,0,0.001,0.002,-0.009,13.14,-2.2,0.6,100,0
"2026-01-21 12:42:00",142234,"",7999,2026,1,21,12,33,5,0.0005,0.443,0.001,-363458,0.393,0,0.821,5.34,2,0,0.001,0.002,-0.009,13.14,-2.2,0.6,100,0
"2026-01-21 12:45:00",142235,"",7999,2026,1,21,12,39,5,-0.0012,0.443,-0.001,-363458.2,0.393,0,0.82,5.33,2,0,0,-0.007,-0.017,13.15,-2.2,0.6,100,0
"2026-01-21 12:48:00",142236,"",7999,2026,1,21,12,39,5,-0.0012,0.443,-0.001,-363458.2,0.393,0,0.82,5.33,2,0,0,-0.007,-0.017,13.15,-2.2,0.6,100,0
"2026-01-21 12:51:00",142237,"",7999,2026,1,21,12,45,5,-0.0007,0.443,-0.001,-363458.5,0.393,0,0.82,5.34,2,0,0,0,-0.009,13.15,-2.2,0.7,100,0
"2026-01-21 12:54:00",142238,"",7999,2026,1,21,12,45,5,-0.0007,0.443,-0.001,-363458.5,0.393,0,0.82,5.34,2,0,0,0,-0.009,13.15,-2.2,0.7,100,0
"2026-01-21 12:57:00",142239,"",7999,2026,1,21,12,51,5,-0.001,0.442,-0.001,-363458.8,0.392,0,0.819,5.38,2,0,0,-0.012,0.007,13.15,-2.2,0.7,100,0
"2026-01-21 13:00:00",142240,"",7999,2026,1,21,12,51,5,-0.001,0.442,-0.001,-363458.8,0.392,0,0.819,5.38,2,0,0,-0.012,0.007,13.15,-2.2,0.7,100,0
"2026-01-21 13:03:00",142241,"",7999,2026,1,21,12,57,5,-0.0003,0.442,0,-363459.1,0.392,0,0.818,5.43,2,0,0,-0.007,0,13.15,-2.2,0.7,100,0
"2026-01-21 13:06:00",142242,"",7999,2026,1,21,12,57,5,-0.0003,0.442,0,-363459.1,0.392,0,0.818,5.43,2,0,0,-0.007,0,13.15,-2.2,0.7,100,0
"2026-01-21 13:09:00",142243,"",7999,2026,1,21,13,3,5,-0,0.442,0,-363459.1,0.392,0,0.818,5.46,2,0,0,0.005,0.002,13.15,-2.1,0.6,100,0
"2026-01-21 13:12:00",142244,"",7999,2026,1,21,13,3,5,-0,0.442,0,-363459.1,0.392,0,0.818,5.46,2,0,0,0.005,0.002,13.15,-2.1,0.6,100,0
"2026-01-21 13:15:00",142245,"",7999,2026,1,21,13,9,5,-0.001,0.442,-0.001,-363459.3,0.392,0,0.819,5.47,2,0,0,0,-0.007,13.15,-2.2,0.7,100,0
"2026-01-21 13:18:00",142246,"",7999,2026,1,21,13,9,5,-0.001,0.442,-0.001,-363459.3,0.392,0,0.819,5.47,2,0,0,0,-0.007,13.15,-2.2,0.7,100,0
"2026-01-21 13:21:00",142247,"",7999,2026,1,21,13,15,5,-0.0002,0.444,0,-363459.5,0.394,0,0.821,5.49,2,0,0,-0.016,0,13.15,-2.1,0.7,100,0
"2026-01-21 13:24:00",142248,"",7999,2026,1,21,13,15,5,-0.0002,0.444,0,-363459.5,0.394,0,0.821,5.49,2,0,0,-0.016,0,13.15,-2.1,0.7,100,0
"2026-01-21 13:27:00",142249,"",7999,2026,1,21,13,21,5,-0.0015,0.447,-0.002,-363459.9,0.397,-0.001,0.827,5.49,2,-0.001,0.001,-0.009,-0.021,13.15,-2.3,0.8,100,0
"2026-01-21 13:30:00",142250,"",7999,2026,1,21,13,21,5,-0.0015,0.447,-0.002,-363459.9,0.397,-0.001,0.827,5.49,2,-0.001,0.001,-0.009,-0.021,13.15,-2.3,0.8,100,0
"2026-01-21 13:33:00",142251,"",7999,2026,1,21,13,27,5,-0.0003,0.455,0,-363460.2,0.405,0,0.843,5.5,2,0,0,-0.005,-0.002,13.15,-2.2,0.8,100,0
"2026-01-21 13:36:00",142252,"",7999,2026,1,21,13,27,5,-0.0003,0.455,0,-363460.2,0.405,0,0.843,5.5,2,0,0,-0.005,-0.002,13.15,-2.2,0.8,100,0
"2026-01-21 13:39:00",142253,"",7999,2026,1,21,13,33,5,-0.0004,0.464,-0.001,-363460.3,0.414,0,0.859,5.5,2,0,0,-0.009,-0.012,13.15,-2.1,0.8,100,0
"2026-01-21 13:42:00",142254,"",7999,2026,1,21,13,33,5,-0.0004,0.464,-0.001,-363460.3,0.414,0,0.859,5.5,2,0,0,-0.009,-0.012,13.15,-2.1,0.8,100,0
"2026-01-21 13:45:00",142255,"",7999,2026,1,21,13,39,5,-0.0001,0.472,0,-363460.4,0.422,0,0.873,5.42,2,0,0,-0.007,-0.002,13.15,-2.2,0.8,100,0
"2026-01-21 13:48:00",142256,"",7999,2026,1,21,13,39,5,-0.0001,0.472,0,-363460.4,0.422,0,0.873,5.42,2,0,0,-0.007,-0.002,13.15,-2.2,0.8,100,0
"2026-01-21 13:51:00",142257,"",7999,2026,1,21,13,45,5,-0.0004,0.477,-0.001,-363460.6,0.427,0,0.883,5.43,2,0,0,-0.009,-0.014,13.15,-2.1,0.8,100,0
"2026-01-21 13:54:00",142258,"",7999,2026,1,21,13,45,5,-0.0004,0.477,-0.001,-363460.6,0.427,0,0.883,5.43,2,0,0,-0.009,-0.014,13.15,-2.1,0.8,100,0
"2026-01-21 13:57:00",142259,"",7999,2026,1,21,13,51,5,-0.0017,0.482,-0.002,-363461,0.432,-0.001,0.893,5.49,2,-0.001,0.001,-0.014,-0.019,13.15,-2.1,0.8,100,0
"2026-01-21 14:00:00",142260,"",7999,2026,1,21,13,51,5,-0.0017,0.482,-0.002,-363461,0.432,-0.001,0.893,5.49,2,-0.001,0.001,-0.014,-0.019,13.15,-2.1,0.8,100,0
"2026-01-21 14:03:00",142261,"",7999,2026,1,21,13,57,5,-0.0007,0.484,-0.001,-363461.4,0.434,-0.001,0.896,5.49,2,-0.001,-0.001,-0.014,-0.009,13.15,-2.1,0.9,100,0
"2026-01-21 14:06:00",142262,"",7999,2026,1,21,13,57,5,-0.0007,0.484,-0.001,-363461.4,0.434,-0.001,0.896,5.49,2,-0.001,-0.001,-0.014,-0.009,13.15,-2.1,0.9,100,0
"2026-01-21 14:09:00",142263,"",7999,2026,1,21,14,3,5,-0.0006,0.484,-0.001,-363461.6,0.434,0,0.896,5.47,2,0,0,0.002,0.005,13.15,-2.1,0.8,100,0
"2026-01-21 14:12:00",142264,"",7999,2026,1,21,14,3,5,-0.0006,0.484,-0.001,-363461.6,0.434,0,0.896,5.47,2,0,0,0.002,0.005,13.15,-2.1,0.8,100,0
"2026-01-21 14:15:00",142265,"",7999,2026,1,21,14,9,5,0.0001,0.489,0,-363461.7,0.439,0,0.905,5.5,2,0,0,-0.009,-0.009,13.15,-2.2,0.9,100,0
"2026-01-21 14:18:00",142266,"",7999,2026,1,21,14,9,5,0.0001,0.489,0,-363461.7,0.439,0,0.905,5.5,2,0,0,-0.009,-0.009,13.15,-2.2,0.9,100,0
"2026-01-21 14:21:00",142267,"",7999,2026,1,21,14,15,5,0.0006,0.495,0.001,-363461.5,0.445,0,0.916,5.45,2,0,0,-0.033,-0.005,13.15,-2.1,0.9,100,0
"2026-01-21 14:24:00",142268,"",7999,2026,1,21,14,15,5,0.0006,0.495,0.001,-363461.5,0.445,0,0.916,5.45,2,0,0,-0.033,-0.005,13.15,-2.1,0.9,100,0
"2026-01-21 14:27:00",142269,"",7999,2026,1,21,14,21,5,-0.0007,0.5,-0.001,-363461.6,0.45,0,0.926,5.4,2,0,0,0,0,13.15,-2,0.9,100,0
"2026-01-21 14:30:00",142270,"",7999,2026,1,21,14,21,5,-0.0007,0.5,-0.001,-363461.6,0.45,0,0.926,5.4,2,0,0,0,0,13.15,-2,0.9,100,0
"2026-01-21 14:33:00",142271,"",7999,2026,1,21,14,27,5,-0.0009,0.505,-0.001,-363461.9,0.455,-0.001,0.935,5.4,2,-0.001,-0.001,-0.042,-0.012,13.15,-2.1,1,100,0
"2026-01-21 14:36:00",142272,"",7999,2026,1,21,14,27,5,-0.0009,0.505,-0.001,-363461.9,0.455,-0.001,0.935,5.4,2,-0.001,-0.001,-0.042,-0.012,13.15,-2.1,1,100,0
"2026-01-21 14:39:00",142273,"",7999,2026,1,21,14,33,5,0.0005,0.51,0.001,-363461.9,0.46,0.001,0.944,5.4,2,0.001,-0.001,-0.012,-0.014,13.15,-2,0.9,100,0
"2026-01-21 14:42:00",142274,"",7999,2026,1,21,14,33,5,0.0005,0.51,0.001,-363461.9,0.46,0.001,0.944,5.4,2,0.001,-0.001,-0.012,-0.014,13.15,-2,0.9,100,0
"2026-01-21 14:45:00",142275,"",7999,2026,1,21,14,39,5,-0,0.517,0,-363461.8,0.467,0,0.956,5.36,2,0,0,-0.023,-0.007,13.15,-2,1,100,0
"2026-01-21 14:48:00",142276,"",7999,2026,1,21,14,39,5,-0,0.517,0,-363461.8,0.467,0,0.956,5.36,2,0,0,-0.023,-0.007,13.15,-2,1,100,0
"2026-01-21 14:51:00",142277,"",7999,2026,1,21,14,45,5,0.0011,0.528,0.001,-363461.6,0.478,0,0.978,5.35,2,0,0,-0.002,-0.005,13.15,-2,1,100,0
"2026-01-21 14:54:00",142278,"",7999,2026,1,21,14,45,5,0.0011,0.528,0.001,-363461.6,0.478,0,0.978,5.35,2,0,0,-0.002,-0.005,13.15,-2,1,100,0
"2026-01-21 14:57:00",142279,"",7999,2026,1,21,14,51,5,0.0024,0.539,0.002,-363460.9,0.489,0.001,0.997,5.27,2,0.001,0.001,-0.007,-0.005,13.15,-2,1,100,0
"2026-01-21 15:00:00",142280,"",7999,2026,1,21,14,51,5,0.0024,0.539,0.002,-363460.9,0.489,0.001,0.997,5.27,2,0.001,0.001,-0.007,-0.005,13.15,-2,1,100,0
"2026-01-21 15:03:00",142281,"",7999,2026,1,21,14,57,5,0.0031,0.553,0.003,-363459.8,0.503,0.001,1.023,5.28,2,0.001,-0.001,0,-0.012,13.15,-2,0.9,100,0
"2026-01-21 15:06:00",142282,"",7999,2026,1,21,14,57,5,0.0031,0.553,0.003,-363459.8,0.503,0.001,1.023,5.28,2,0.001,-0.001,0,-0.012,13.15,-2,0.9,100,0
"2026-01-21 15:09:00",142283,"",7999,2026,1,21,15,3,5,-0.0012,0.566,-0.001,-363459.7,0.516,-0.001,1.048,5.3,0,-0.001,0.003,-0.012,0.005,13.15,-1.9,0.7,100,0
"2026-01-21 15:12:00",142284,"",7999,2026,1,21,15,3,5,-0.0012,0.566,-0.001,-363459.7,0.516,-0.001,1.048,5.3,0,-0.001,0.003,-0.012,0.005,13.15,-1.9,0.7,100,0
"2026-01-21 15:15:00",142285,"",7999,2026,1,21,15,9,5,0.0059,0.577,0.006,-363458.4,0.527,0.004,1.069,5.3,0,0.004,-0.001,-0.021,0.012,13.15,-1.7,0.6,100,0
"2026-01-21 15:18:00",142286,"",7999,2026,1,21,15,9,5,0.0059,0.577,0.006,-363458.4,0.527,0.004,1.069,5.3,0,0.004,-0.001,-0.021,0.012,13.15,-1.7,0.6,100,0
"2026-01-21 15:21:00",142287,"",7999,2026,1,21,15,15,5,0.0126,0.595,0.011,-363454.7,0.545,0.011,1.101,5.31,0,0.011,-0.001,0.012,0.007,13.15,-1.7,0.6,100,0
"2026-01-21 15:24:00",142288,"",7999,2026,1,21,15,15,5,0.0126,0.595,0.011,-363454.7,0.545,0.011,1.101,5.31,0,0.011,-0.001,0.012,0.007,13.15,-1.7,0.6,100,0
"2026-01-21 15:27:00",142289,"",7999,2026,1,21,15,21,5,0.0184,0.611,0.016,-363448.8,0.561,0.016,1.13,5.32,0,0.016,0,-0.002,0,13.15,-1.6,0.6,100,0
"2026-01-21 15:30:00",142290,"",7999,2026,1,21,15,21,5,0.0184,0.611,0.016,-363448.8,0.561,0.016,1.13,5.32,0,0.016,0,-0.002,0,13.15,-1.6,0.6,100,0
"2026-01-21 15:33:00",142291,"",7999,2026,1,21,15,27,5,0.0088,0.616,0.008,-363444.4,0.566,0.007,1.139,5.26,0,0.007,0,0.002,-0.007,13.15,-1.6,0.5,100,0
"2026-01-21 15:36:00",142292,"",7999,2026,1,21,15,27,5,0.0088,0.616,0.008,-363444.4,0.566,0.007,1.139,5.26,0,0.007,0,0.002,-0.007,13.15,-1.6,0.5,100,0
"2026-01-21 15:39:00",142293,"",7999,2026,1,21,15,33,5,0.0003,0.622,0,-363443.3,0.572,0,1.151,5.24,0,0,0,-0.012,-0.014,13.15,-1.6,0.5,100,0
"2026-01-21 15:42:00",142294,"",7999,2026,1,21,15,33,5,0.0003,0.622,0,-363443.3,0.572,0,1.151,5.24,0,0,0,-0.012,-0.014,13.15,-1.6,0.5,100,0
"2026-01-21 15:45:00",142295,"",7999,2026,1,21,15,39,5,-0.001,0.621,-0.001,-363443.5,0.571,0,1.15,5.22,0,0,0,0,-0.007,13.15,-1.6,0.5,100,0
"2026-01-21 15:48:00",142296,"",7999,2026,1,21,15,39,5,-0.001,0.621,-0.001,-363443.5,0.571,0,1.15,5.22,0,0,0,0,-0.007,13.15,-1.6,0.5,100,0
"2026-01-21 15:51:00",142297,"",7999,2026,1,21,15,45,5,0.0108,0.628,0.009,-363441,0.578,0.008,1.163,5.26,0,0.008,0.001,0.005,0,13.15,-1.6,0.6,100,0
"2026-01-21 15:54:00",142298,"",7999,2026,1,21,15,45,5,0.0108,0.628,0.009,-363441,0.578,0.008,1.163,5.26,0,0.008,0.001,0.005,0,13.15,-1.6,0.6,100,0
"2026-01-21 15:57:00",142299,"",7999,2026,1,21,15,51,5,0.0194,0.644,0.016,-363435,0.594,0.016,1.191,5.3,0,0.016,-0.001,-0.007,0,13.15,-1.6,0.6,100,0
"2026-01-21 16:00:00",142300,"",7999,2026,1,21,15,51,5,0.0194,0.644,0.016,-363435,0.594,0.016,1.191,5.3,0,0.016,-0.001,-0.007,0,13.15,-1.6,0.6,100,0
"2026-01-21 16:03:00",142301,"",7999,2026,1,21,15,57,5,0.0205,0.658,0.017,-363427.8,0.608,0.016,1.217,5.32,0,0.016,0,-0.005,0.007,13.15,-1.6,0.6,100,0
"2026-01-21 16:06:00",142302,"",7999,2026,1,21,15,57,5,0.0205,0.658,0.017,-363427.8,0.608,0.016,1.217,5.32,0,0.016,0,-0.005,0.007,13.15,-1.6,0.6,100,0
"2026-01-21 16:09:00",142303,"",7999,2026,1,21,16,3,5,0.0115,0.664,0.009,-363422.6,0.614,0.008,1.229,5.35,0,0.008,-0.001,-0.005,-0.007,13.15,-1.6,0.6,100,0
"2026-01-21 16:12:00",142304,"",7999,2026,1,21,16,3,5,0.0115,0.664,0.009,-363422.6,0.614,0.008,1.229,5.35,0,0.008,-0.001,-0.005,-0.007,13.15,-1.6,0.6,100,0
"2026-01-21 16:15:00",142305,"",7999,2026,1,21,16,9,5,0.0136,0.669,0.011,-363417.9,0.619,0.01,1.239,5.45,0,0.01,-0.002,0.002,-0.009,13.15,-1.6,0.6,100,0
"2026-01-21 16:18:00",142306,"",7999,2026,1,21,16,9,5,0.0136,0.669,0.011,-363417.9,0.619,0.01,1.239,5.45,0,0.01,-0.002,0.002,-0.009,13.15,-1.6,0.6,100,0
"2026-01-21 16:21:00",142307,"",7999,2026,1,21,16,15,5,0.0127,0.681,0.01,-363413.2,0.631,0.01,1.26,5.74,0,0.01,0,0,0,13.15,-1.6,0.6,100,0
"2026-01-21 16:24:00",142308,"",7999,2026,1,21,16,15,5,0.0127,0.681,0.01,-363413.2,0.631,0.01,1.26,5.74,0,0.01,0,0,0,13.15,-1.6,0.6,100,0
"2026-01-21 16:27:00",142309,"",7999,2026,1,21,16,21,5,0.0121,0.694,0.009,-363408.8,0.644,0.008,1.284,6.04,0,0.008,-0.002,0.016,-0.005,13.15,-1.6,0.6,100,0
"2026-01-21 16:30:00",142310,"",7999,2026,1,21,16,21,5,0.0121,0.694,0.009,-363408.8,0.644,0.008,1.284,6.04,0,0.008,-0.002,0.016,-0.005,13.15,-1.6,0.6,100,0
"2026-01-21 16:33:00",142311,"",7999,2026,1,21,16,27,5,0.0192,0.711,0.015,-363402.7,0.661,0.013,1.315,6.23,0,0.013,-0.001,-0.042,0.007,13.15,-1.6,0.6,100,0
"2026-01-21 16:36:00",142312,"",7999,2026,1,21,16,27,5,0.0192,0.711,0.015,-363402.7,0.661,0.013,1.315,6.23,0,0.013,-0.001,-0.042,0.007,13.15,-1.6,0.6,100,0
"2026-01-21 16:39:00",142313,"",7999,2026,1,21,16,33,5,0.0119,0.719,0.009,-363397.5,0.669,0.007,1.331,6.27,0,0.007,-0.001,-0.026,0.002,13.15,-1.6,0.6,100,0
"2026-01-21 16:42:00",142314,"",7999,2026,1,21,16,33,5,0.0119,0.719,0.009,-363397.5,0.669,0.007,1.331,6.27,0,0.007,-0.001,-0.026,0.002,13.15,-1.6,0.6,100,0
"2026-01-21 16:45:00",142315,"",7999,2026,1,21,16,39,5,0.0192,0.723,0.014,-363391.5,0.673,0.013,1.337,6.32,0,0.013,0,-0.002,-0.002,13.15,-1.6,0.6,100,0
"2026-01-21 16:48:00",142316,"",7999,2026,1,21,16,39,5,0.0192,0.723,0.014,-363391.5,0.673,0.013,1.337,6.32,0,0.013,0,-0.002,-0.002,13.15,-1.6,0.6,100,0
"2026-01-21 16:51:00",142317,"",7999,2026,1,21,16,45,5,0.0069,0.727,0.005,-363387.5,0.677,0.004,1.345,6.31,0,0.004,0.001,-0.03,0,13.15,-1.6,0.6,100,0
"2026-01-21 16:54:00",142318,"",7999,2026,1,21,16,45,5,0.0069,0.727,0.005,-363387.5,0.677,0.004,1.345,6.31,0,0.004,0.001,-0.03,0,13.15,-1.6,0.6,100,0
"2026-01-21 16:57:00",142319,"",7999,2026,1,21,16,51,5,0.0098,0.734,0.007,-363384.3,0.684,0.007,1.359,6.32,0,0.007,0,-0.002,-0.005,13.15,-1.6,0.6,100,0
"2026-01-21 17:00:00",142320,"",7999,2026,1,21,16,51,5,0.0098,0.734,0.007,-363384.3,0.684,0.007,1.359,6.32,0,0.007,0,-0.002,-0.005,13.15,-1.6,0.6,100,0
"2026-01-21 17:03:00",142321,"",7999,2026,1,21,16,57,5,0.0073,0.742,0.005,-363381.4,0.692,0.004,1.374,6.32,0,0.004,0.001,0,-0.005,13.15,-1.6,0.6,100,0
"2026-01-21 17:06:00",142322,"",7999,2026,1,21,16,57,5,0.0073,0.742,0.005,-363381.4,0.692,0.004,1.374,6.32,0,0.004,0.001,0,-0.005,13.15,-1.6,0.6,100,0
"2026-01-21 17:09:00",142323,"",7999,2026,1,21,17,3,5,-0.0001,0.746,0,-363380.5,0.696,0,1.381,6.3,0,0,0,-0.005,-0.024,13.15,-1.6,0.6,100,0
"2026-01-21 17:12:00",142324,"",7999,2026,1,21,17,3,5,-0.0001,0.746,0,-363380.5,0.696,0,1.381,6.3,0,0,0,-0.005,-0.024,13.15,-1.6,0.6,100,0
"2026-01-21 17:15:00",142325,"",7999,2026,1,21,17,9,5,0.0073,0.75,0.005,-363378.8,0.7,0.005,1.387,6.3,0,0.005,0,-0.002,-0.005,13.15,-1.6,0.6,100,0
"2026-01-21 17:18:00",142326,"",7999,2026,1,21,17,9,5,0.0073,0.75,0.005,-363378.8,0.7,0.005,1.387,6.3,0,0.005,0,-0.002,-0.005,13.15,-1.6,0.6,100,0
"2026-01-21 17:21:00",142327,"",7999,2026,1,21,17,15,5,0.0198,0.756,0.014,-363373.1,0.706,0.013,1.399,6.29,0,0.013,-0.001,0.009,0.002,13.15,-1.6,0.6,100,0
"2026-01-21 17:24:00",142328,"",7999,2026,1,21,17,15,5,0.0198,0.756,0.014,-363373.1,0.706,0.013,1.399,6.29,0,0.013,-0.001,0.009,0.002,13.15,-1.6,0.6,100,0
"2026-01-21 17:27:00",142329,"",7999,2026,1,21,17,21,5,0.0428,0.767,0.03,-363360.5,0.717,0.03,1.419,6.26,0,0.03,-0.003,0,0,13.15,-1.6,0.6,100,0
"2026-01-21 17:30:00",142330,"",7999,2026,1,21,17,21,5,0.0428,0.767,0.03,-363360.5,0.717,0.03,1.419,6.26,0,0.03,-0.003,0,0,13.15,-1.6,0.6,100,0
"2026-01-21 17:33:00",142331,"",7999,2026,1,21,17,27,5,0.023,0.773,0.016,-363349.8,0.723,0.016,1.43,6.19,0,0.016,-0.001,-0.009,0.002,13.15,-1.6,0.6,100,0
"2026-01-21 17:36:00",142332,"",7999,2026,1,21,17,27,5,0.023,0.773,0.016,-363349.8,0.723,0.016,1.43,6.19,0,0.016,-0.001,-0.009,0.002,13.15,-1.6,0.6,100,0
"2026-01-21 17:39:00",142333,"",7999,2026,1,21,17,33,5,0.0147,0.772,0.01,-363343.5,0.722,0.01,1.428,6.16,0,0.01,0,-0.002,-0.002,13.15,-1.6,0.6,100,0
"2026-01-21 17:42:00",142334,"",7999,2026,1,21,17,33,5,0.0147,0.772,0.01,-363343.5,0.722,0.01,1.428,6.16,0,0.01,0,-0.002,-0.002,13.15,-1.6,0.6,100,0
"2026-01-21 17:45:00",142335,"",7999,2026,1,21,17,39,5,0.0122,0.772,0.009,-363338.8,0.722,0.007,1.429,6.15,0,0.007,0,-0.012,-0.007,13.15,-1.6,0.6,100,0
"2026-01-21 17:48:00",142336,"",7999,2026,1,21,17,39,5,0.0122,0.772,0.009,-363338.8,0.722,0.007,1.429,6.15,0,0.007,0,-0.012,-0.007,13.15,-1.6,0.6,100,0
"2026-01-21 17:51:00",142337,"",7999,2026,1,21,17,45,5,0.0047,0.776,0.003,-363336.2,0.726,0.002,1.437,6.15,0,0.002,0,0,-0.014,13.15,-1.6,0.6,100,0
"2026-01-21 17:54:00",142338,"",7999,2026,1,21,17,45,5,0.0047,0.776,0.003,-363336.2,0.726,0.002,1.437,6.15,0,0.002,0,0,-0.014,13.15,-1.6,0.6,100,0
"2026-01-21 17:57:00",142339,"",7999,2026,1,21,17,51,5,0.0154,0.784,0.011,-363331.9,0.734,0.008,1.451,6.16,0,0.008,-0.001,-0.007,0,13.15,-1.6,0.6,100,0
"2026-01-21 18:00:00",142340,"",7999,2026,1,21,17,51,5,0.0154,0.784,0.011,-363331.9,0.734,0.008,1.451,6.16,0,0.008,-0.001,-0.007,0,13.15,-1.6,0.6,100,0
"2026-01-21 18:03:00",142341,"",7999,2026,1,21,17,57,5,0.0061,0.793,0.004,-363328.6,0.743,0.002,1.468,6.2,0,0.002,-0.001,-0.026,0.005,13.15,-1.6,0.6,100,0
"2026-01-21 18:06:00",142342,"",7999,2026,1,21,17,57,5,0.0061,0.793,0.004,-363328.6,0.743,0.002,1.468,6.2,0,0.002,-0.001,-0.026,0.005,13.15,-1.6,0.6,100,0
"2026-01-21 18:09:00",142343,"",7999,2026,1,21,18,3,5,0.0016,0.795,0.001,-363327.4,0.745,0,1.472,6.26,0,0,0,-0.019,-0.021,13.15,-1.6,0.6,100,0
"2026-01-21 18:12:00",142344,"",7999,2026,1,21,18,3,5,0.0016,0.795,0.001,-363327.4,0.745,0,1.472,6.26,0,0,0,-0.019,-0.021,13.15,-1.6,0.6,100,0
"2026-01-21 18:15:00",142345,"",7999,2026,1,21,18,9,5,0.015,0.796,0.01,-363323.6,0.746,0.01,1.474,6.24,0,0.01,0,0.002,-0.002,13.15,-1.6,0.6,100,0
"2026-01-21 18:18:00",142346,"",7999,2026,1,21,18,9,5,0.015,0.796,0.01,-363323.6,0.746,0.01,1.474,6.24,0,0.01,0,0.002,-0.002,13.15,-1.6,0.6,100,0
"2026-01-21 18:21:00",142347,"",7999,2026,1,21,18,15,5,0.029,0.8,0.02,-363314.8,0.75,0.018,1.481,6.27,0,0.018,0,0.012,0.002,13.15,-1.6,0.6,100,0
"2026-01-21 18:24:00",142348,"",7999,2026,1,21,18,15,5,0.029,0.8,0.02,-363314.8,0.75,0.018,1.481,6.27,0,0.018,0,0.012,0.002,13.15,-1.6,0.6,100,0
"2026-01-21 18:27:00",142349,"",7999,2026,1,21,18,21,5,0.0291,0.805,0.02,-363304.3,0.755,0.018,1.49,6.27,0,0.018,-0.001,0.005,0,13.15,-1.6,0.6,100,0
"2026-01-21 18:30:00",142350,"",7999,2026,1,21,18,21,5,0.0291,0.805,0.02,-363304.3,0.755,0.018,1.49,6.27,0,0.018,-0.001,0.005,0,13.15,-1.6,0.6,100,0
"2026-01-21 18:33:00",142351,"",7999,2026,1,21,18,27,5,0.0216,0.812,0.014,-363295.6,0.762,0.013,1.502,6.32,0,0.013,-0.001,0,0.007,13.15,-1.6,0.6,100,0
"2026-01-21 18:36:00",142352,"",7999,2026,1,21,18,27,5,0.0216,0.812,0.014,-363295.6,0.762,0.013,1.502,6.32,0,0.013,-0.001,0,0.007,13.15,-1.6,0.6,100,0
"2026-01-21 18:39:00",142353,"",7999,2026,1,21,18,33,5,0.0038,0.813,0.003,-363292.1,0.763,0.001,1.505,6.37,0,0.001,0.001,-0.002,-0.005,13.15,-1.6,0.6,100,0
"2026-01-21 18:42:00",142354,"",7999,2026,1,21,18,33,5,0.0038,0.813,0.003,-363292.1,0.763,0.001,1.505,6.37,0,0.001,0.001,-0.002,-0.005,13.15,-1.6,0.6,100,0
"2026-01-21 18:45:00",142355,"",7999,2026,1,21,18,39,5,0.0059,0.812,0.004,-363290.2,0.762,0.004,1.503,6.34,0,0.004,0.003,-0.014,-0.033,13.15,-1.6,0.6,100,0
"2026-01-21 18:48:00",142356,"",7999,2026,1,21,18,39,5,0.0059,0.812,0.004,-363290.2,0.762,0.004,1.503,6.34,0,0.004,0.003,-0.014,-0.033,13.15,-1.6,0.6,100,0
"2026-01-21 18:51:00",142357,"",7999,2026,1,21,18,45,5,0.003,0.81,0.002,-363288.7,0.76,0.001,1.499,6.34,0,0.001,0.002,-0.021,-0.019,13.15,-1.6,0.6,100,0
"2026-01-21 18:54:00",142358,"",7999,2026,1,21,18,45,5,0.003,0.81,0.002,-363288.7,0.76,0.001,1.499,6.34,0,0.001,0.002,-0.021,-0.019,13.15,-1.6,0.6,100,0
"2026-01-21 18:57:00",142359,"",7999,2026,1,21,18,51,5,-0.017,0.806,-0.011,-363292.4,0.756,-0.011,1.491,6.28,0,-0.011,0,-0.012,-0.024,13.15,-1.6,0.6,100,0
"2026-01-21 19:00:00",142360,"",7999,2026,1,21,18,51,5,-0.017,0.806,-0.011,-363292.4,0.756,-0.011,1.491,6.28,0,-0.011,0,-0.012,-0.024,13.15,-1.6,0.6,100,0
"2026-01-21 19:03:00",142361,"",7999,2026,1,21,18,57,5,-0.0146,0.801,-0.01,-363298,0.751,-0.008,1.482,6.24,0,-0.008,0.002,-0.016,-0.026,13.15,-1.6,0.6,100,0
"2026-01-21 19:06:00",142362,"",7999,2026,1,21,18,57,5,-0.0146,0.801,-0.01,-363298,0.751,-0.008,1.482,6.24,0,-0.008,0.002,-0.016,-0.026,13.15,-1.6,0.6,100,0
"2026-01-21 19:09:00",142363,"",7999,2026,1,21,19,3,5,-0.0014,0.799,-0.001,-363300.1,0.749,0,1.479,6.34,0,0,0,0.002,-0.005,13.15,-1.6,0.6,100,0
"2026-01-21 19:12:00",142364,"",7999,2026,1,21,19,3,5,-0.0014,0.799,-0.001,-363300.1,0.749,0,1.479,6.34,0,0,0,0.002,-0.005,13.15,-1.6,0.6,100,0
"2026-01-21 19:15:00",142365,"",7999,2026,1,21,19,9,5,0.0019,0.8,0.001,-363299.8,0.75,0.001,1.481,6.42,0,0.001,-0.001,-0.005,-0.009,13.15,-1.6,0.6,100,0
"2026-01-21 19:18:00",142366,"",7999,2026,1,21,19,9,5,0.0019,0.8,0.001,-363299.8,0.75,0.001,1.481,6.42,0,0.001,-0.001,-0.005,-0.009,13.15,-1.6,0.6,100,0
"2026-01-21 19:21:00",142367,"",7999,2026,1,21,19,15,5,-0.0024,0.799,-0.002,-363300.2,0.749,0,1.479,6.47,0,0,0,-0.012,-0.005,13.15,-1.6,0.6,100,0
"2026-01-21 19:24:00",142368,"",7999,2026,1,21,19,15,5,-0.0024,0.799,-0.002,-363300.2,0.749,0,1.479,6.47,0,0,0,-0.012,-0.005,13.15,-1.6,0.6,100,0
"2026-01-21 19:27:00",142369,"",7999,2026,1,21,19,21,5,0.0027,0.8,0.002,-363299.8,0.75,0.001,1.481,6.55,0,0.001,-0.001,0.007,-0.009,13.15,-1.6,0.6,100,0
"2026-01-21 19:30:00",142370,"",7999,2026,1,21,19,21,5,0.0027,0.8,0.002,-363299.8,0.75,0.001,1.481,6.55,0,0.001,-0.001,0.007,-0.009,13.15,-1.6,0.6,100,0
"2026-01-21 19:33:00",142371,"",7999,2026,1,21,19,27,5,-0.0056,0.797,-0.004,-363300.8,0.747,-0.002,1.474,6.54,0,-0.002,-0.001,-0.019,-0.017,13.15,-1.6,0.6,100,0
"2026-01-21 19:36:00",142372,"",7999,2026,1,21,19,27,5,-0.0056,0.797,-0.004,-363300.8,0.747,-0.002,1.474,6.54,0,-0.002,-0.001,-0.019,-0.017,13.15,-1.6,0.6,100,0
"2026-01-21 19:39:00",142373,"",7999,2026,1,21,19,33,5,0.0018,0.797,0.001,-363301.1,0.747,0,1.475,6.53,0,0,0,0.007,-0.005,13.15,-1.6,0.6,100,0
"2026-01-21 19:42:00",142374,"",7999,2026,1,21,19,33,5,0.0018,0.797,0.001,-363301.1,0.747,0,1.475,6.53,0,0,0,0.007,-0.005,13.15,-1.6,0.6,100,0
"2026-01-21 19:45:00",142375,"",7999,2026,1,21,19,39,5,-0.0022,0.797,-0.002,-363301.4,0.747,-0.001,1.476,6.56,0,-0.001,0.001,-0.014,0,13.15,-1.6,0.6,100,0
"2026-01-21 19:48:00",142376,"",7999,2026,1,21,19,39,5,-0.0022,0.797,-0.002,-363301.4,0.747,-0.001,1.476,6.56,0,-0.001,0.001,-0.014,0,13.15,-1.6,0.6,100,0
"2026-01-21 19:51:00",142377,"",7999,2026,1,21,19,45,5,0.0077,0.798,0.005,-363299.8,0.748,0.005,1.476,6.57,0,0.005,0.001,-0.002,0.014,13.15,-1.6,0.6,100,0
"2026-01-21 19:54:00",142378,"",7999,2026,1,21,19,45,5,0.0077,0.798,0.005,-363299.8,0.748,0.005,1.476,6.57,0,0.005,0.001,-0.002,0.014,13.15,-1.6,0.6,100,0
"2026-01-21 19:57:00",142379,"",7999,2026,1,21,19,51,5,0.0073,0.798,0.005,-363297.1,0.748,0.005,1.477,6.59,0,0.005,0,0,0,13.15,-1.6,0.6,100,0
"2026-01-21 20:00:00",142380,"",7999,2026,1,21,19,51,5,0.0073,0.798,0.005,-363297.1,0.748,0.005,1.477,6.59,0,0.005,0,0,0,13.15,-1.6,0.6,100,0
"2026-01-21 20:03:00",142381,"",7999,2026,1,21,19,57,5,-0,0.796,0,-363296.3,0.746,0,1.473,6.56,0,0,0,-0.014,-0.017,13.15,-1.6,0.6,100,0
"2026-01-21 20:06:00",142382,"",7999,2026,1,21,19,57,5,-0,0.796,0,-363296.3,0.746,0,1.473,6.56,0,0,0,-0.014,-0.017,13.15,-1.6,0.6,100,0
"2026-01-21 20:09:00",142383,"",7999,2026,1,21,20,3,5,-0.0122,0.793,-0.008,-363299.2,0.743,-0.006,1.467,6.57,0,-0.006,0.001,-0.023,-0.028,13.15,-1.6,0.6,100,0
"2026-01-21 20:12:00",142384,"",7999,2026,1,21,20,3,5,-0.0122,0.793,-0.008,-363299.2,0.743,-0.006,1.467,6.57,0,-0.006,0.001,-0.023,-0.028,13.15,-1.6,0.6,100,0
"2026-01-21 20:15:00",142385,"",7999,2026,1,21,20,9,5,-0.0277,0.789,-0.019,-363307.3,0.739,-0.018,1.46,6.57,0,-0.018,0.001,-0.014,-0.014,13.15,-1.6,0.6,100,0
"2026-01-21 20:18:00",142386,"",7999,2026,1,21,20,9,5,-0.0277,0.789,-0.019,-363307.3,0.739,-0.018,1.46,6.57,0,-0.018,0.001,-0.014,-0.014,13.15,-1.6,0.6,100,0
"2026-01-21 20:21:00",142387,"",7999,2026,1,21,20,15,5,-0.0453,0.781,-0.031,-363321.6,0.731,-0.03,1.446,6.54,0,-0.03,0.002,-0.026,-0.045,13.15,-1.6,0.6,100,0
"2026-01-21 20:24:00",142388,"",7999,2026,1,21,20,15,5,-0.0453,0.781,-0.031,-363321.6,0.731,-0.03,1.446,6.54,0,-0.03,0.002,-0.026,-0.045,13.15,-1.6,0.6,100,0
"2026-01-21 20:27:00",142389,"",7999,2026,1,21,20,21,5,-0.0399,0.771,-0.028,-363336.6,0.721,-0.028,1.427,6.31,0,-0.028,0.002,-0.019,-0.038,13.15,-1.6,0.6,100,0
"2026-01-21 20:30:00",142390,"",7999,2026,1,21,20,21,5,-0.0399,0.771,-0.028,-363336.6,0.721,-0.028,1.427,6.31,0,-0.028,0.002,-0.019,-0.038,13.15,-1.6,0.6,100,0
"2026-01-21 20:33:00",142391,"",7999,2026,1,21,20,27,5,-0.0351,0.761,-0.025,-363349.8,0.711,-0.024,1.408,6.25,0,-0.024,0.002,-0.021,-0.026,13.15,-1.6,0.6,100,0
"2026-01-21 20:36:00",142392,"",7999,2026,1,21,20,27,5,-0.0351,0.761,-0.025,-363349.8,0.711,-0.024,1.408,6.25,0,-0.024,0.002,-0.021,-0.026,13.15,-1.6,0.6,100,0
"2026-01-21 20:39:00",142393,"",7999,2026,1,21,20,33,5,-0.0179,0.751,-0.013,-363358.4,0.701,-0.012,1.389,6.43,0,-0.012,0.001,-0.007,-0.007,13.15,-1.6,0.6,100,0
"2026-01-21 20:42:00",142394,"",7999,2026,1,21,20,33,5,-0.0179,0.751,-0.013,-363358.4,0.701,-0.012,1.389,6.43,0,-0.012,0.001,-0.007,-0.007,13.15,-1.6,0.6,100,0
"2026-01-21 20:45:00",142395,"",7999,2026,1,21,20,39,5,-0.0168,0.745,-0.012,-363364.6,0.695,-0.011,1.379,6.59,0,-0.011,0.001,-0.019,-0.014,13.15,-1.6,0.6,100,0
"2026-01-21 20:48:00",142396,"",7999,2026,1,21,20,39,5,-0.0168,0.745,-0.012,-363364.6,0.695,-0.011,1.379,6.59,0,-0.011,0.001,-0.019,-0.014,13.15,-1.6,0.6,100,0
"2026-01-21 20:51:00",142397,"",7999,2026,1,21,20,45,5,-0.0177,0.738,-0.013,-363370.9,0.688,-0.012,1.366,6.66,0,-0.012,0.002,-0.007,-0.019,13.15,-1.6,0.6,100,0
"2026-01-21 20:54:00",142398,"",7999,2026,1,21,20,45,5,-0.0177,0.738,-0.013,-363370.9,0.688,-0.012,1.366,6.66,0,-0.012,0.002,-0.007,-0.019,13.15,-1.6,0.6,100,0
"2026-01-21 20:57:00",142399,"",7999,2026,1,21,20,51,5,-0.0168,0.73,-0.012,-363377,0.68,-0.011,1.35,6.71,0,-0.011,0.003,-0.009,-0.007,13.15,-1.6,0.6,100,0
"2026-01-21 21:00:00",142400,"",7999,2026,1,21,20,51,5,-0.0168,0.73,-0.012,-363377,0.68,-0.011,1.35,6.71,0,-0.011,0.003,-0.009,-0.007,13.15,-1.6,0.6,100,0
"2026-01-21 21:03:00",142401,"",7999,2026,1,21,20,57,5,-0.0099,0.723,-0.007,-363381.4,0.673,-0.006,1.338,6.67,0,-0.006,-0.002,-0.009,-0.002,13.15,-1.6,0.6,100,0
"2026-01-21 21:06:00",142402,"",7999,2026,1,21,20,57,5,-0.0099,0.723,-0.007,-363381.4,0.673,-0.006,1.338,6.67,0,-0.006,-0.002,-0.009,-0.002,13.15,-1.6,0.6,100,0
"2026-01-21 21:09:00",142403,"",7999,2026,1,21,21,3,5,-0.0029,0.72,-0.002,-363383.3,0.67,-0.001,1.333,6.66,0,-0.001,-0.001,0,-0.002,13.15,-1.6,0.6,100,0
"2026-01-21 21:12:00",142404,"",7999,2026,1,21,21,3,5,-0.0029,0.72,-0.002,-363383.3,0.67,-0.001,1.333,6.66,0,-0.001,-0.001,0,-0.002,13.15,-1.6,0.6,100,0
"2026-01-21 21:15:00",142405,"",7999,2026,1,21,21,9,5,-0.006,0.719,-0.005,-363385.1,0.669,-0.002,1.331,6.71,0,-0.002,-0.001,0,-0.012,13.15,-1.6,0.6,100,0
"2026-01-21 21:18:00",142406,"",7999,2026,1,21,21,9,5,-0.006,0.719,-0.005,-363385.1,0.669,-0.002,1.331,6.71,0,-0.002,-0.001,0,-0.012,13.15,-1.6,0.6,100,0
"2026-01-21 21:21:00",142407,"",7999,2026,1,21,21,15,5,-0.0192,0.714,-0.015,-363390.5,0.664,-0.013,1.321,6.61,0,-0.013,0.001,0,-0.012,13.15,-1.6,0.6,100,0
"2026-01-21 21:24:00",142408,"",7999,2026,1,21,21,15,5,-0.0192,0.714,-0.015,-363390.5,0.664,-0.013,1.321,6.61,0,-0.013,0.001,0,-0.012,13.15,-1.6,0.6,100,0
"2026-01-21 21:27:00",142409,"",7999,2026,1,21,21,21,5,-0.0118,0.705,-0.009,-363395.6,0.655,-0.008,1.305,6.5,0,-0.008,-0.001,-0.021,-0.014,13.15,-1.6,0.6,100,0
"2026-01-21 21:30:00",142410,"",7999,2026,1,21,21,21,5,-0.0118,0.705,-0.009,-363395.6,0.655,-0.008,1.305,6.5,0,-0.008,-0.001,-0.021,-0.014,13.15,-1.6,0.6,100,0
"2026-01-21 21:33:00",142411,"",7999,2026,1,21,21,27,5,-0.0038,0.701,-0.003,-363398,0.651,-0.002,1.296,6.52,0,-0.002,0,-0.012,-0.002,13.15,-1.6,0.6,100,0
"2026-01-21 21:36:00",142412,"",7999,2026,1,21,21,27,5,-0.0038,0.701,-0.003,-363398,0.651,-0.002,1.296,6.52,0,-0.002,0,-0.012,-0.002,13.15,-1.6,0.6,100,0
"2026-01-21 21:39:00",142413,"",7999,2026,1,21,21,33,5,-0.002,0.699,-0.002,-363398.9,0.649,0,1.294,6.62,0,0,0,0.012,0,13.15,-1.6,0.6,100,0
"2026-01-21 21:42:00",142414,"",7999,2026,1,21,21,33,5,-0.002,0.699,-0.002,-363398.9,0.649,0,1.294,6.62,0,0,0,0.012,0,13.15,-1.6,0.6,100,0
"2026-01-21 21:45:00",142415,"",7999,2026,1,21,21,39,5,-0.005,0.696,-0.004,-363400.4,0.646,-0.002,1.288,6.71,0,-0.002,0,-0.005,-0.002,13.15,-1.6,0.6,100,0
"2026-01-21 21:48:00",142416,"",7999,2026,1,21,21,39,5,-0.005,0.696,-0.004,-363400.4,0.646,-0.002,1.288,6.71,0,-0.002,0,-0.005,-0.002,13.15,-1.6,0.6,100,0
"2026-01-21 21:51:00",142417,"",7999,2026,1,21,21,45,5,-0.0204,0.688,-0.016,-363405.9,0.638,-0.016,1.274,6.64,0,-0.016,0.001,-0.012,-0.017,13.15,-1.6,0.6,100,0
"2026-01-21 21:54:00",142418,"",7999,2026,1,21,21,45,5,-0.0204,0.688,-0.016,-363405.9,0.638,-0.016,1.274,6.64,0,-0.016,0.001,-0.012,-0.017,13.15,-1.6,0.6,100,0
"2026-01-21 21:57:00",142419,"",7999,2026,1,21,21,51,5,-0.0274,0.676,-0.022,-363415,0.626,-0.021,1.251,6.44,0,-0.021,0.002,-0.014,-0.028,13.15,-1.6,0.6,100,0
"2026-01-21 22:00:00",142420,"",7999,2026,1,21,21,51,5,-0.0274,0.676,-0.022,-363415,0.626,-0.021,1.251,6.44,0,-0.021,0.002,-0.014,-0.028,13.15,-1.6,0.6,100,0
"2026-01-21 22:03:00",142421,"",7999,2026,1,21,21,57,5,-0.0216,0.663,-0.018,-363423.4,0.613,-0.016,1.227,6.38,0,-0.016,0.001,-0.016,-0.024,13.14,-1.6,0.6,100,0
"2026-01-21 22:06:00",142422,"",7999,2026,1,21,21,57,5,-0.0216,0.663,-0.018,-363423.4,0.613,-0.016,1.227,6.38,0,-0.016,0.001,-0.016,-0.024,13.14,-1.6,0.6,100,0
"2026-01-21 22:09:00",142423,"",7999,2026,1,21,22,3,5,-0.0209,0.649,-0.017,-363431.1,0.599,-0.017,1.202,6.48,0,-0.017,0,-0.019,-0.028,13.15,-1.6,0.6,100,0
"2026-01-21 22:12:00",142424,"",7999,2026,1,21,22,3,5,-0.0209,0.649,-0.017,-363431.1,0.599,-0.017,1.202,6.48,0,-0.017,0,-0.019,-0.028,13.15,-1.6,0.6,100,0
"2026-01-21 22:15:00",142425,"",7999,2026,1,21,22,9,5,-0.0131,0.637,-0.011,-363436.7,0.587,-0.01,1.179,6.59,0,-0.01,-0.001,-0.002,-0.005,13.14,-1.6,0.6,100,0
"2026-01-21 22:18:00",142426,"",7999,2026,1,21,22,9,5,-0.0131,0.637,-0.011,-363436.7,0.587,-0.01,1.179,6.59,0,-0.01,-0.001,-0.002,-0.005,13.14,-1.6,0.6,100,0
"2026-01-21 22:21:00",142427,"",7999,2026,1,21,22,15,5,-0.0047,0.631,-0.004,-363439.4,0.581,-0.002,1.168,6.66,0,-0.002,-0.001,0.009,-0.005,13.14,-1.6,0.6,100,0
"2026-01-21 22:24:00",142428,"",7999,2026,1,21,22,15,5,-0.0047,0.631,-0.004,-363439.4,0.581,-0.002,1.168,6.66,0,-0.002,-0.001,0.009,-0.005,13.14,-1.6,0.6,100,0
"2026-01-21 22:27:00",142429,"",7999,2026,1,21,22,21,5,-0.0046,0.623,-0.004,-363441.1,0.573,-0.002,1.153,6.69,0,-0.002,0,-0.014,0,13.14,-1.6,0.6,100,0
"2026-01-21 22:30:00",142430,"",7999,2026,1,21,22,21,5,-0.0046,0.623,-0.004,-363441.1,0.573,-0.002,1.153,6.69,0,-0.002,0,-0.014,0,13.14,-1.6,0.6,100,0
"2026-01-21 22:33:00",142431,"",7999,2026,1,21,22,27,5,-0.0056,0.615,-0.005,-363443,0.565,-0.004,1.138,6.7,0,-0.004,0.001,-0.005,0.002,13.14,-1.6,0.6,100,0
"2026-01-21 22:36:00",142432,"",7999,2026,1,21,22,27,5,-0.0056,0.615,-0.005,-363443,0.565,-0.004,1.138,6.7,0,-0.004,0.001,-0.005,0.002,13.14,-1.6,0.6,100,0
"2026-01-21 22:39:00",142433,"",7999,2026,1,21,22,33,5,-0.0052,0.608,-0.005,-363444.9,0.558,-0.004,1.126,6.68,0,-0.004,-0.001,-0.016,-0.012,13.14,-1.6,0.6,100,0
"2026-01-21 22:42:00",142434,"",7999,2026,1,21,22,33,5,-0.0052,0.608,-0.005,-363444.9,0.558,-0.004,1.126,6.68,0,-0.004,-0.001,-0.016,-0.012,13.14,-1.6,0.6,100,0
"2026-01-21 22:45:00",142435,"",7999,2026,1,21,22,39,5,-0.0067,0.603,-0.006,-363447.2,0.553,-0.005,1.115,6.62,0,-0.005,-0.001,0,-0.012,13.14,-1.6,0.6,100,0
"2026-01-21 22:48:00",142436,"",7999,2026,1,21,22,39,5,-0.0067,0.603,-0.006,-363447.2,0.553,-0.005,1.115,6.62,0,-0.005,-0.001,0,-0.012,13.14,-1.6,0.6,100,0
"2026-01-21 22:51:00",142437,"",7999,2026,1,21,22,45,5,-0.0042,0.597,-0.004,-363449,0.547,-0.002,1.105,6.59,0,-0.002,0,-0.007,0,13.14,-1.6,0.6,100,0
"2026-01-21 22:54:00",142438,"",7999,2026,1,21,22,45,5,-0.0042,0.597,-0.004,-363449,0.547,-0.002,1.105,6.59,0,-0.002,0,-0.007,0,13.14,-1.6,0.6,100,0
"2026-01-21 22:57:00",142439,"",7999,2026,1,21,22,51,5,-0.0019,0.597,-0.002,-363450,0.547,-0.001,1.105,6.62,0,-0.001,0.001,0,-0.012,13.14,-1.6,0.6,100,0
"2026-01-21 23:00:00",142440,"",7999,2026,1,21,22,51,5,-0.0019,0.597,-0.002,-363450,0.547,-0.001,1.105,6.62,0,-0.001,0.001,0,-0.012,13.14,-1.6,0.6,100,0
"2026-01-21 23:03:00",142441,"",7999,2026,1,21,22,57,5,-0.0005,0.596,-0.001,-363450.3,0.546,0,1.103,6.63,0,0,0,0.002,-0.005,13.15,-1.6,0.6,100,0
"2026-01-21 23:06:00",142442,"",7999,2026,1,21,22,57,5,-0.0005,0.596,-0.001,-363450.3,0.546,0,1.103,6.63,0,0,0,0.002,-0.005,13.15,-1.6,0.6,100,0
"2026-01-21 23:09:00",142443,"",7999,2026,1,21,23,3,5,-0.0015,0.594,-0.001,-363450.8,0.544,0,1.099,6.56,0,0,0,-0.009,0.002,13.15,-1.6,0.6,100,0
"2026-01-21 23:12:00",142444,"",7999,2026,1,21,23,3,5,-0.0015,0.594,-0.001,-363450.8,0.544,0,1.099,6.56,0,0,0,-0.009,0.002,13.15,-1.6,0.6,100,0
"2026-01-21 23:15:00",142445,"",7999,2026,1,21,23,9,5,-0.0053,0.591,-0.005,-363452.3,0.541,-0.004,1.094,6.52,0,-0.004,-0.001,-0.019,-0.009,13.14,-1.7,0.6,100,0
"2026-01-21 23:18:00",142446,"",7999,2026,1,21,23,9,5,-0.0053,0.591,-0.005,-363452.3,0.541,-0.004,1.094,6.52,0,-0.004,-0.001,-0.019,-0.009,13.14,-1.7,0.6,100,0
"2026-01-21 23:21:00",142447,"",7999,2026,1,21,23,15,5,-0.004,0.587,-0.004,-363453.9,0.537,-0.002,1.086,6.51,0,-0.002,0,0,-0.002,13.15,-1.7,0.6,100,0
"2026-01-21 23:24:00",142448,"",7999,2026,1,21,23,15,5,-0.004,0.587,-0.004,-363453.9,0.537,-0.002,1.086,6.51,0,-0.002,0,0,-0.002,13.15,-1.7,0.6,100,0
"2026-01-21 23:27:00",142449,"",7999,2026,1,21,23,21,5,-0.0035,0.582,-0.003,-363455.2,0.532,-0.002,1.077,6.54,0,-0.002,0,-0.007,0,13.15,-1.7,0.6,100,0
"2026-01-21 23:30:00",142450,"",7999,2026,1,21,23,21,5,-0.0035,0.582,-0.003,-363455.2,0.532,-0.002,1.077,6.54,0,-0.002,0,-0.007,0,13.15,-1.7,0.6,100,0
"2026-01-21 23:33:00",142451,"",7999,2026,1,21,23,27,5,-0.0024,0.577,-0.002,-363456.2,0.527,-0.001,1.067,6.6,0,-0.001,-0.001,0,-0.019,13.15,-1.7,0.6,100,0
"2026-01-21 23:36:00",142452,"",7999,2026,1,21,23,27,5,-0.0024,0.577,-0.002,-363456.2,0.527,-0.001,1.067,6.6,0,-0.001,-0.001,0,-0.019,13.15,-1.7,0.6,100,0
"2026-01-21 23:39:00",142453,"",7999,2026,1,21,23,33,5,-0.0044,0.569,-0.004,-363457.6,0.519,-0.002,1.053,6.64,0,-0.002,0,-0.005,-0.007,13.15,-1.7,0.6,100,0
"2026-01-21 23:42:00",142454,"",7999,2026,1,21,23,33,5,-0.0044,0.569,-0.004,-363457.6,0.519,-0.002,1.053,6.64,0,-0.002,0,-0.005,-0.007,13.15,-1.7,0.6,100,0
"2026-01-21 23:45:00",142455,"",7999,2026,1,21,23,39,5,-0.003,0.557,-0.003,-363458.8,0.507,-0.001,1.031,6.68,0,-0.001,-0.001,-0.007,0,13.15,-1.7,0.6,100,0
"2026-01-21 23:48:00",142456,"",7999,2026,1,21,23,39,5,-0.003,0.557,-0.003,-363458.8,0.507,-0.001,1.031,6.68,0,-0.001,-0.001,-0.007,0,13.15,-1.7,0.6,100,0
"2026-01-21 23:51:00",142457,"",7999,2026,1,21,23,45,5,-0.0048,0.551,-0.005,-363460.4,0.501,-0.004,1.02,6.68,0,-0.004,0.001,0,0,13.15,-1.7,0.6,100,0
"2026-01-21 23:54:00",142458,"",7999,2026,1,21,23,45,5,-0.0048,0.551,-0.005,-363460.4,0.501,-0.004,1.02,6.68,0,-0.004,0.001,0,0,13.15,-1.7,0.6,100,0
"2026-01-21 23:57:00",142459,"",7999,2026,1,21,23,51,5,-0.0031,0.545,-0.003,-363461.7,0.495,-0.001,1.01,6.69,0,-0.001,-0.001,-0.009,-0.005,13.15,-1.7,0.6,100,0
"2026-01-22 00:00:00",142460,"",7999,2026,1,21,23,51,5,-0.0031,0.545,-0.003,-363461.7,0.495,-0.001,1.01,6.69,0,-0.001,-0.001,-0.009,-0.005,13.15,-1.7,0.6,100,0
"2026-01-22 00:03:00",142461,"",7999,2026,1,21,23,57,5,-0.0038,0.534,-0.004,-363463,0.484,-0.002,0.987,6.66,0,-0.002,0,-0.002,-0.014,13.15,-1.7,0.6,100,0
"2026-01-22 00:06:00",142462,"",7999,2026,1,21,23,57,5,-0.0038,0.534,-0.004,-363463,0.484,-0.002,0.987,6.66,0,-0.002,0,-0.002,-0.014,13.15,-1.7,0.6,100,0
"2026-01-22 00:09:00",142463,"",7999,2026,1,22,0,3,5,-0.0029,0.525,-0.003,-363464.2,0.475,-0.002,0.971,6.59,0,-0.002,0,-0.005,-0.005,13.15,-1.7,0.6,100,0
"2026-01-22 00:12:00",142464,"",7999,2026,1,22,0,3,5,-0.0029,0.525,-0.003,-363464.2,0.475,-0.002,0.971,6.59,0,-0.002,0,-0.005,-0.005,13.15,-1.7,0.6,100,0
"2026-01-22 00:15:00",142465,"",7999,2026,1,22,0,9,5,-0.0025,0.516,-0.003,-363465.1,0.466,-0.002,0.954,6.64,0,-0.002,0,-0.007,-0.017,13.15,-1.7,0.6,100,0
"2026-01-22 00:18:00",142466,"",7999,2026,1,22,0,9,5,-0.0025,0.516,-0.003,-363465.1,0.466,-0.002,0.954,6.64,0,-0.002,0,-0.007,-0.017,13.15,-1.7,0.6,100,0
"2026-01-22 00:21:00",142467,"",7999,2026,1,22,0,15,5,-0.0046,0.506,-0.005,-363466.6,0.456,-0.004,0.936,6.65,0,-0.004,0.001,0.007,0.007,13.15,-1.7,0.6,100,0
"2026-01-22 00:24:00",142468,"",7999,2026,1,22,0,15,5,-0.0046,0.506,-0.005,-363466.6,0.456,-0.004,0.936,6.65,0,-0.004,0.001,0.007,0.007,13.15,-1.7,0.6,100,0
"2026-01-22 00:27:00",142469,"",7999,2026,1,22,0,21,5,-0.0021,0.501,-0.002,-363467.6,0.451,-0.001,0.928,6.64,0,-0.001,0.001,0.005,-0.009,13.15,-1.7,0.6,100,0
"2026-01-22 00:30:00",142470,"",7999,2026,1,22,0,21,5,-0.0021,0.501,-0.002,-363467.6,0.451,-0.001,0.928,6.64,0,-0.001,0.001,0.005,-0.009,13.15,-1.7,0.6,100,0
"2026-01-22 00:33:00",142471,"",7999,2026,1,22,0,27,5,-0.0005,0.501,-0.001,-363468,0.451,0,0.927,6.62,0,0,0,0,0.005,13.15,-1.7,0.6,100,0
"2026-01-22 00:36:00",142472,"",7999,2026,1,22,0,27,5,-0.0005,0.501,-0.001,-363468,0.451,0,0.927,6.62,0,0,0,0,0.005,13.15,-1.7,0.6,100,0
"2026-01-22 00:39:00",142473,"",7999,2026,1,22,0,33,5,-0.001,0.503,-0.001,-363468.3,0.453,0,0.931,6.61,0,0,0,0.012,-0.017,13.15,-1.7,0.6,100,0
"2026-01-22 00:42:00",142474,"",7999,2026,1,22,0,33,5,-0.001,0.503,-0.001,-363468.3,0.453,0,0.931,6.61,0,0,0,0.012,-0.017,13.15,-1.7,0.6,100,0
"2026-01-22 00:45:00",142475,"",7999,2026,1,22,0,39,5,-0.0014,0.509,-0.002,-363468.8,0.459,0,0.941,6.6,0,0,0,0.007,0.007,13.15,-1.7,0.6,100,0
"2026-01-22 00:48:00",142476,"",7999,2026,1,22,0,39,5,-0.0014,0.509,-0.002,-363468.8,0.459,0,0.941,6.6,0,0,0,0.007,0.007,13.15,-1.7,0.6,100,0
"2026-01-22 00:51:00",142477,"",7999,2026,1,22,0,45,5,-0.0004,0.509,0,-363469.1,0.459,0,0.942,6.54,0,0,0,-0.007,0.014,13.15,-1.7,0.6,100,0
"2026-01-22 00:54:00",142478,"",7999,2026,1,22,0,45,5,-0.0004,0.509,0,-363469.1,0.459,0,0.942,6.54,0,0,0,-0.007,0.014,13.15,-1.7,0.6,100,0
"2026-01-22 00:57:00",142479,"",7999,2026,1,22,0,51,5,-0.0014,0.508,-0.002,-363469.5,0.458,0,0.94,6.52,0,0,0,-0.009,0,13.15,-1.7,0.6,100,0
"2026-01-22 01:00:00",142480,"",7999,2026,1,22,0,51,5,-0.0014,0.508,-0.002,-363469.5,0.458,0,0.94,6.52,0,0,0,-0.009,0,13.15,-1.7,0.6,100,0
"2026-01-22 01:03:00",142481,"",7999,2026,1,22,0,57,5,0.0011,0.514,0.001,-363469.4,0.464,0,0.95,6.54,0,0,0,-0.005,0.002,13.15,-1.7,0.6,100,0
"2026-01-22 01:06:00",142482,"",7999,2026,1,22,0,57,5,0.0011,0.514,0.001,-363469.4,0.464,0,0.95,6.54,0,0,0,-0.005,0.002,13.15,-1.7,0.6,100,0
"2026-01-22 01:09:00",142483,"",7999,2026,1,22,1,3,5,-0.0018,0.518,-0.002,-363469.7,0.468,-0.001,0.958,6.57,0,-0.001,-0.001,-0.002,-0.005,13.15,-1.7,0.6,100,0
"2026-01-22 01:12:00",142484,"",7999,2026,1,22,1,3,5,-0.0018,0.518,-0.002,-363469.7,0.468,-0.001,0.958,6.57,0,-0.001,-0.001,-0.002,-0.005,13.15,-1.7,0.6,100,0
"2026-01-22 01:15:00",142485,"",7999,2026,1,22,1,9,5,0.0016,0.529,0.002,-363469.5,0.479,0,0.979,6.59,0,0,0,0,0.007,13.15,-1.7,0.6,100,0
"2026-01-22 01:18:00",142486,"",7999,2026,1,22,1,9,5,0.0016,0.529,0.002,-363469.5,0.479,0,0.979,6.59,0,0,0,0,0.007,13.15,-1.7,0.6,100,0
"2026-01-22 01:21:00",142487,"",7999,2026,1,22,1,15,5,0.0001,0.536,0,-363469.3,0.486,0,0.992,6.55,0,0,0,-0.005,-0.014,13.15,-1.7,0.6,100,0
"2026-01-22 01:24:00",142488,"",7999,2026,1,22,1,15,5,0.0001,0.536,0,-363469.3,0.486,0,0.992,6.55,0,0,0,-0.005,-0.014,13.15,-1.7,0.6,100,0
"2026-01-22 01:27:00",142489,"",7999,2026,1,22,1,21,5,-0.0027,0.393,-0.004,-363469.9,0.343,-0.002,0.727,6.56,0,-0.002,0.001,-0.028,0.012,13.15,-1.6,0.6,98,0
"2026-01-22 01:30:00",142490,"",7999,2026,1,22,1,21,5,-0.0027,0.393,-0.004,-363469.9,0.343,-0.002,0.727,6.56,0,-0.002,0.001,-0.028,0.012,13.15,-1.6,0.6,98,0
"2026-01-22 01:33:00",142491,"",7999,2026,1,22,1,27,5,-0,0.382,0,-363470.3,0.332,0,0.707,6.57,0,0,0,-0.016,-0.019,13.15,-1.7,0.6,100,0
"2026-01-22 01:36:00",142492,"",7999,2026,1,22,1,27,5,-0,0.382,0,-363470.3,0.332,0,0.707,6.57,0,0,0,-0.016,-0.019,13.15,-1.7,0.6,100,0
"2026-01-22 01:39:00",142493,"",7999,2026,1,22,1,33,5,0.0001,0.372,0,-363470.2,0.322,0,0.689,6.6,0,0,0,0.002,0.002,13.15,-1.7,0.6,100,0
"2026-01-22 01:42:00",142494,"",7999,2026,1,22,1,33,5,0.0001,0.372,0,-363470.2,0.322,0,0.689,6.6,0,0,0,0.002,0.002,13.15,-1.7,0.6,100,0
"2026-01-22 01:45:00",142495,"",7999,2026,1,22,1,39,5,0.0012,0.521,0.001,-363469.9,0.471,0,0.965,6.64,0,0,0,-0.007,-0.007,13.15,-1.7,0.6,100,0
"2026-01-22 01:48:00",142496,"",7999,2026,1,22,1,39,5,0.0012,0.521,0.001,-363469.9,0.471,0,0.965,6.64,0,0,0,-0.007,-0.007,13.15,-1.7,0.6,100,0
"2026-01-22 01:51:00",142497,"",7999,2026,1,22,1,45,5,0.0027,0.522,0.003,-363469.1,0.472,0.002,0.965,6.67,0,0.002,0,-0.021,0,13.15,-1.7,0.6,100,0
"2026-01-22 01:54:00",142498,"",7999,2026,1,22,1,45,5,0.0027,0.522,0.003,-363469.1,0.472,0.002,0.965,6.67,0,0.002,0,-0.021,0,13.15,-1.7,0.6,100,0
"2026-01-22 01:57:00",142499,"",7999,2026,1,22,1,51,5,0.0002,0.536,0,-363468.7,0.486,0,0.992,6.66,0,0,0,-0.026,-0.002,13.15,-1.7,0.6,100,0
"2026-01-22 02:00:00",142500,"",7999,2026,1,22,1,51,5,0.0002,0.536,0,-363468.7,0.486,0,0.992,6.66,0,0,0,-0.026,-0.002,13.15,-1.7,0.6,100,0
"2026-01-22 02:03:00",142501,"",7999,2026,1,22,1,57,5,0.0038,0.534,0.004,-363467.8,0.484,0.002,0.988,6.66,0,0.002,0,-0.007,-0.014,13.15,-1.7,0.6,100,0
"2026-01-22 02:06:00",142502,"",7999,2026,1,22,1,57,5,0.0038,0.534,0.004,-363467.8,0.484,0.002,0.988,6.66,0,0.002,0,-0.007,-0.014,13.15,-1.7,0.6,100,0
"2026-01-22 02:09:00",142503,"",7999,2026,1,22,2,3,5,0.0007,0.541,0.001,-363467.1,0.491,0,1.002,6.66,0,0,0,-0.007,-0.002,13.15,-1.7,0.6,100,0
"2026-01-22 02:12:00",142504,"",7999,2026,1,22,2,3,5,0.0007,0.541,0.001,-363467.1,0.491,0,1.002,6.66,0,0,0,-0.007,-0.002,13.15,-1.7,0.6,100,0
"2026-01-22 02:15:00",142505,"",7999,2026,1,22,2,9,5,-0.0001,0.548,0,-363467.1,0.498,0,1.014,6.59,0,0,0,-0.007,-0.005,13.15,-1.6,0.6,100,0
"2026-01-22 02:18:00",142506,"",7999,2026,1,22,2,9,5,-0.0001,0.548,0,-363467.1,0.498,0,1.014,6.59,0,0,0,-0.007,-0.005,13.15,-1.6,0.6,100,0
"2026-01-22 02:21:00",142507,"",7999,2026,1,22,2,15,5,-0.001,0.549,-0.001,-363467.3,0.499,0,1.016,6.6,0,0,0,-0.016,-0.017,13.15,-1.6,0.6,100,0
"2026-01-22 02:24:00",142508,"",7999,2026,1,22,2,15,5,-0.001,0.549,-0.001,-363467.3,0.499,0,1.016,6.6,0,0,0,-0.016,-0.017,13.15,-1.6,0.6,100,0
"2026-01-22 02:27:00",142509,"",7999,2026,1,22,2,21,5,-0.0008,0.545,-0.001,-363467.7,0.495,0,1.008,6.61,0,0,0,-0.002,-0.014,13.15,-1.6,0.6,100,0
"2026-01-22 02:30:00",142510,"",7999,2026,1,22,2,21,5,-0.0008,0.545,-0.001,-363467.7,0.495,0,1.008,6.61,0,0,0,-0.002,-0.014,13.15,-1.6,0.6,100,0
"2026-01-22 02:33:00",142511,"",7999,2026,1,22,2,27,5,0.0014,0.549,0.001,-363467.4,0.499,0,1.016,6.64,0,0,0,0.007,-0.009,13.15,-1.6,0.6,100,0
"2026-01-22 02:36:00",142512,"",7999,2026,1,22,2,27,5,0.0014,0.549,0.001,-363467.4,0.499,0,1.016,6.64,0,0,0,0.007,-0.009,13.15,-1.6,0.6,100,0
"2026-01-22 02:39:00",142513,"",7999,2026,1,22,2,33,5,0.0008,0.553,0.001,-363467,0.503,0,1.024,6.66,0,0,0,-0.021,0,13.15,-1.6,0.6,100,0
"2026-01-22 02:42:00",142514,"",7999,2026,1,22,2,33,5,0.0008,0.553,0.001,-363467,0.503,0,1.024,6.66,0,0,0,-0.021,0,13.15,-1.6,0.6,100,0
"2026-01-22 02:45:00",142515,"",7999,2026,1,22,2,39,5,0.0017,0.557,0.002,-363466.5,0.507,0,1.032,6.63,0,0,0,-0.005,-0.007,13.15,-1.6,0.6,100,0
"2026-01-22 02:48:00",142516,"",7999,2026,1,22,2,39,5,0.0017,0.557,0.002,-363466.5,0.507,0,1.032,6.63,0,0,0,-0.005,-0.007,13.15,-1.6,0.6,100,0
"2026-01-22 02:51:00",142517,"",7999,2026,1,22,2,45,5,0.002,0.565,0.002,-363465.8,0.515,0.001,1.046,6.61,0,0.001,-0.001,-0.005,-0.012,13.15,-1.6,0.6,100,0
"2026-01-22 02:54:00",142518,"",7999,2026,1,22,2,45,5,0.002,0.565,0.002,-363465.8,0.515,0.001,1.046,6.61,0,0.001,-0.001,-0.005,-0.012,13.15,-1.6,0.6,100,0
"2026-01-22 02:57:00",142519,"",7999,2026,1,22,2,51,5,0.0015,0.569,0.002,-363465.2,0.519,0.001,1.053,6.55,0,0.001,-0.001,-0.009,-0.009,13.15,-1.6,0.6,100,0
"2026-01-22 03:00:00",142520,"",7999,2026,1,22,2,51,5,0.0015,0.569,0.002,-363465.2,0.519,0.001,1.053,6.55,0,0.001,-0.001,-0.009,-0.009,13.15,-1.6,0.6,100,0
"2026-01-22 03:03:00",142521,"",7999,2026,1,22,2,57,5,0.0041,0.583,0.004,-363464,0.533,0.002,1.079,6.59,0,0.002,-0.001,0,-0.007,13.15,-1.6,0.6,100,0
"2026-01-22 03:06:00",142522,"",7999,2026,1,22,2,57,5,0.0041,0.583,0.004,-363464,0.533,0.002,1.079,6.59,0,0.002,-0.001,0,-0.007,13.15,-1.6,0.6,100,0
"2026-01-22 03:09:00",142523,"",7999,2026,1,22,3,3,5,0.0064,0.597,0.006,-363462,0.547,0.005,1.106,6.64,0,0.005,-0.001,0,-0.024,13.15,-1.6,0.6,100,0
"2026-01-22 03:12:00",142524,"",7999,2026,1,22,3,3,5,0.0064,0.597,0.006,-363462,0.547,0.005,1.106,6.64,0,0.005,-0.001,0,-0.024,13.15,-1.6,0.6,100,0
"2026-01-22 03:15:00",142525,"",7999,2026,1,22,3,9,5,0.0038,0.602,0.003,-363460.3,0.552,0.002,1.114,6.6,0,0.002,-0.001,-0.002,-0.009,13.15,-1.6,0.6,100,0
"2026-01-22 03:18:00",142526,"",7999,2026,1,22,3,9,5,0.0038,0.602,0.003,-363460.3,0.552,0.002,1.114,6.6,0,0.002,-0.001,-0.002,-0.009,13.15,-1.6,0.6,100,0
"2026-01-22 03:21:00",142527,"",7999,2026,1,22,3,15,5,0.0061,0.609,0.005,-363458.3,0.559,0.005,1.128,6.54,0,0.005,0,0.002,-0.019,13.15,-1.6,0.6,100,0
"2026-01-22 03:24:00",142528,"",7999,2026,1,22,3,15,5,0.0061,0.609,0.005,-363458.3,0.559,0.005,1.128,6.54,0,0.005,0,0.002,-0.019,13.15,-1.6,0.6,100,0
"2026-01-22 03:27:00",142529,"",7999,2026,1,22,3,21,5,0.0033,0.615,0.003,-363456.8,0.565,0.002,1.137,6.57,0,0.002,0,-0.014,-0.017,13.15,-1.6,0.6,100,0
"2026-01-22 03:30:00",142530,"",7999,2026,1,22,3,21,5,0.0033,0.615,0.003,-363456.8,0.565,0.002,1.137,6.57,0,0.002,0,-0.014,-0.017,13.15,-1.6,0.6,100,0
"2026-01-22 03:33:00",142531,"",7999,2026,1,22,3,27,5,0.0085,0.626,0.007,-363454.3,0.576,0.006,1.159,6.59,0,0.006,-0.001,-0.021,-0.019,13.15,-1.6,0.6,100,0
"2026-01-22 03:36:00",142532,"",7999,2026,1,22,3,27,5,0.0085,0.626,0.007,-363454.3,0.576,0.006,1.159,6.59,0,0.006,-0.001,-0.021,-0.019,13.15,-1.6,0.6,100,0
"2026-01-22 03:39:00",142533,"",7999,2026,1,22,3,33,5,0.0096,0.634,0.008,-363451,0.584,0.007,1.174,6.6,0,0.007,-0.001,-0.016,-0.012,13.15,-1.6,0.6,100,0
"2026-01-22 03:42:00",142534,"",7999,2026,1,22,3,33,5,0.0096,0.634,0.008,-363451,0.584,0.007,1.174,6.6,0,0.007,-0.001,-0.016,-0.012,13.15,-1.6,0.6,100,0
"2026-01-22 03:45:00",142535,"",7999,2026,1,22,3,39,5,0.0047,0.637,0.004,-363448.7,0.587,0.004,1.18,6.59,0,0.004,-0.001,-0.016,-0.014,13.15,-1.6,0.6,100,0
"2026-01-22 03:48:00",142536,"",7999,2026,1,22,3,39,5,0.0047,0.637,0.004,-363448.7,0.587,0.004,1.18,6.59,0,0.004,-0.001,-0.016,-0.014,13.15,-1.6,0.6,100,0
"2026-01-22 03:51:00",142537,"",7999,2026,1,22,3,45,5,-0.0017,0.637,-0.002,-363448.6,0.587,0,1.18,6.52,0,0,0,-0.012,-0.009,13.15,-1.6,0.6,100,0
"2026-01-22 03:54:00",142538,"",7999,2026,1,22,3,45,5,-0.0017,0.637,-0.002,-363448.6,0.587,0,1.18,6.52,0,0,0,-0.012,-0.009,13.15,-1.6,0.6,100,0
"2026-01-22 03:57:00",142539,"",7999,2026,1,22,3,51,5,0.0001,0.643,0,-363448.8,0.593,0,1.19,6.55,0,0,0.002,-0.016,-0.012,13.15,-1.6,0.6,100,0
"2026-01-22 04:00:00",142540,"",7999,2026,1,22,3,51,5,0.0001,0.643,0,-363448.8,0.593,0,1.19,6.55,0,0,0.002,-0.016,-0.012,13.15,-1.6,0.6,100,0
"2026-01-22 04:03:00",142541,"",7999,2026,1,22,3,57,5,0.0019,0.648,0.002,-363448.3,0.598,0.001,1.198,6.65,0,0.001,0.001,0.007,-0.031,13.15,-1.6,0.6,100,0
"2026-01-22 04:06:00",142542,"",7999,2026,1,22,3,57,5,0.0019,0.648,0.002,-363448.3,0.598,0.001,1.198,6.65,0,0.001,0.001,0.007,-0.031,13.15,-1.6,0.6,100,0
"2026-01-22 04:09:00",142543,"",7999,2026,1,22,4,3,5,0.0021,0.649,0.002,-363447.5,0.599,0,1.201,6.62,0,0,0,-0.019,-0.019,13.15,-1.6,0.6,100,0
"2026-01-22 04:12:00",142544,"",7999,2026,1,22,4,3,5,0.0021,0.649,0.002,-363447.5,0.599,0,1.201,6.62,0,0,0,-0.019,-0.019,13.15,-1.6,0.6,100,0
"2026-01-22 04:15:00",142545,"",7999,2026,1,22,4,9,5,0.005,0.648,0.004,-363446,0.598,0.004,1.2,6.59,0,0.004,0.002,-0.005,-0.019,13.15,-1.6,0.6,100,0
"2026-01-22 04:18:00",142546,"",7999,2026,1,22,4,9,5,0.005,0.648,0.004,-363446,0.598,0.004,1.2,6.59,0,0.004,0.002,-0.005,-0.019,13.15,-1.6,0.6,100,0
"2026-01-22 04:21:00",142547,"",7999,2026,1,22,4,15,5,0.0028,0.649,0.002,-363444.8,0.599,0.001,1.201,6.64,0,0.001,0.001,-0.009,-0.017,13.15,-1.6,0.6,100,0
"2026-01-22 04:24:00",142548,"",7999,2026,1,22,4,15,5,0.0028,0.649,0.002,-363444.8,0.599,0.001,1.201,6.64,0,0.001,0.001,-0.009,-0.017,13.15,-1.6,0.6,100,0
"2026-01-22 04:27:00",142549,"",7999,2026,1,22,4,21,5,0.0081,0.648,0.007,-363442.5,0.598,0.005,1.199,6.71,0,0.005,0.001,0,-0.014,13.15,-1.6,0.6,100,0
"2026-01-22 04:30:00",142550,"",7999,2026,1,22,4,21,5,0.0081,0.648,0.007,-363442.5,0.598,0.005,1.199,6.71,0,0.005,0.001,0,-0.014,13.15,-1.6,0.6,100,0
"2026-01-22 04:33:00",142551,"",7999,2026,1,22,4,27,5,0.0029,0.653,0.002,-363440.8,0.603,0.001,1.209,6.72,0,0.001,0.001,-0.002,0,13.15,-1.6,0.6,100,0
"2026-01-22 04:36:00",142552,"",7999,2026,1,22,4,27,5,0.0029,0.653,0.002,-363440.8,0.603,0.001,1.209,6.72,0,0.001,0.001,-0.002,0,13.15,-1.6,0.6,100,0
"2026-01-22 04:39:00",142553,"",7999,2026,1,22,4,33,5,0.0141,0.658,0.012,-363437,0.608,0.011,1.217,6.66,0,0.011,0,-0.012,-0.005,13.15,-1.6,0.6,100,0
"2026-01-22 04:42:00",142554,"",7999,2026,1,22,4,33,5,0.0141,0.658,0.012,-363437,0.608,0.011,1.217,6.66,0,0.011,0,-0.012,-0.005,13.15,-1.6,0.6,100,0
"2026-01-22 04:45:00",142555,"",7999,2026,1,22,4,39,5,0.0058,0.663,0.005,-363433.9,0.613,0.004,1.227,6.56,0,0.004,0.001,-0.009,-0.014,13.15,-1.6,0.6,100,0
"2026-01-22 04:48:00",142556,"",7999,2026,1,22,4,39,5,0.0058,0.663,0.005,-363433.9,0.613,0.004,1.227,6.56,0,0.004,0.001,-0.009,-0.014,13.15,-1.6,0.6,100,0
"2026-01-22 04:51:00",142557,"",7999,2026,1,22,4,45,5,0.0108,0.672,0.009,-363430.6,0.622,0.008,1.244,6.27,0,0.008,-0.001,-0.016,-0.002,13.15,-1.6,0.6,100,0
"2026-01-22 04:54:00",142558,"",7999,2026,1,22,4,45,5,0.0108,0.672,0.009,-363430.6,0.622,0.008,1.244,6.27,0,0.008,-0.001,-0.016,-0.002,13.15,-1.6,0.6,100,0
"2026-01-22 04:57:00",142559,"",7999,2026,1,22,4,51,5,0.019,0.687,0.015,-363424.8,0.637,0.013,1.271,5.98,0,0.013,0,0.002,0.002,13.15,-1.6,0.6,100,0
"2026-01-22 05:00:00",142560,"",7999,2026,1,22,4,51,5,0.019,0.687,0.015,-363424.8,0.637,0.013,1.271,5.98,0,0.013,0,0.002,0.002,13.15,-1.6,0.6,100,0
"2026-01-22 05:03:00",142561,"",7999,2026,1,22,4,57,5,0.0272,0.699,0.021,-363415.9,0.649,0.019,1.294,5.76,0,0.019,0,0.007,0.007,13.15,-1.6,0.6,100,0
"2026-01-22 05:06:00",142562,"",7999,2026,1,22,4,57,5,0.0272,0.699,0.021,-363415.9,0.649,0.019,1.294,5.76,0,0.019,0,0.007,0.007,13.15,-1.6,0.6,100,0
"2026-01-22 05:09:00",142563,"",7999,2026,1,22,5,3,5,0.017,0.708,0.013,-363408.6,0.658,0.012,1.311,5.62,0,0.012,0,-0.021,0,13.15,-1.6,0.6,100,0
"2026-01-22 05:12:00",142564,"",7999,2026,1,22,5,3,5,0.017,0.708,0.013,-363408.6,0.658,0.012,1.311,5.62,0,0.012,0,-0.021,0,13.15,-1.6,0.6,100,0
"2026-01-22 05:15:00",142565,"",7999,2026,1,22,5,9,5,0.0081,0.715,0.006,-363404.6,0.665,0.005,1.323,5.55,0,0.005,0,-0.012,-0.005,13.15,-1.6,0.6,100,0
"2026-01-22 05:18:00",142566,"",7999,2026,1,22,5,9,5,0.0081,0.715,0.006,-363404.6,0.665,0.005,1.323,5.55,0,0.005,0,-0.012,-0.005,13.15,-1.6,0.6,100,0
"2026-01-22 05:21:00",142567,"",7999,2026,1,22,5,15,5,0.0112,0.72,0.008,-363400.9,0.67,0.007,1.332,5.51,0,0.007,0.001,-0.023,0,13.15,-1.6,0.6,100,0
"2026-01-22 05:24:00",142568,"",7999,2026,1,22,5,15,5,0.0112,0.72,0.008,-363400.9,0.67,0.007,1.332,5.51,0,0.007,0.001,-0.023,0,13.15,-1.6,0.6,100,0
"2026-01-22 05:27:00",142569,"",7999,2026,1,22,5,21,5,0.017,0.726,0.013,-363395.4,0.676,0.012,1.343,5.51,0,0.012,0.001,0.009,0,13.15,-1.6,0.6,100,0
"2026-01-22 05:30:00",142570,"",7999,2026,1,22,5,21,5,0.017,0.726,0.013,-363395.4,0.676,0.012,1.343,5.51,0,0.012,0.001,0.009,0,13.15,-1.6,0.6,100,0
"2026-01-22 05:33:00",142571,"",7999,2026,1,22,5,27,5,0.0022,0.73,0.002,-363392.8,0.68,0,1.35,5.53,0,0,0,0.002,-0.009,13.15,-1.6,0.6,100,0
"2026-01-22 05:36:00",142572,"",7999,2026,1,22,5,27,5,0.0022,0.73,0.002,-363392.8,0.68,0,1.35,5.53,0,0,0,0.002,-0.009,13.15,-1.6,0.6,100,0
"2026-01-22 05:39:00",142573,"",7999,2026,1,22,5,33,5,0.0034,0.73,0.003,-363391.8,0.68,0.001,1.352,5.53,0,0.001,-0.001,-0.012,-0.019,13.15,-1.6,0.6,100,0
"2026-01-22 05:42:00",142574,"",7999,2026,1,22,5,33,5,0.0034,0.73,0.003,-363391.8,0.68,0.001,1.352,5.53,0,0.001,-0.001,-0.012,-0.019,13.15,-1.6,0.6,100,0
"2026-01-22 05:45:00",142575,"",7999,2026,1,22,5,39,5,0.0026,0.734,0.002,-363390.7,0.684,0,1.359,5.5,0,0,0,-0.019,-0.012,13.15,-1.6,0.6,100,0
"2026-01-22 05:48:00",142576,"",7999,2026,1,22,5,39,5,0.0026,0.734,0.002,-363390.7,0.684,0,1.359,5.5,0,0,0,-0.019,-0.012,13.15,-1.6,0.6,100,0
"2026-01-22 05:51:00",142577,"",7999,2026,1,22,5,45,5,-0.0163,0.732,-0.012,-363394.3,0.682,-0.011,1.355,5.5,0,-0.011,0.001,-0.033,-0.04,13.15,-1.6,0.6,100,0
"2026-01-22 05:54:00",142578,"",7999,2026,1,22,5,45,5,-0.0163,0.732,-0.012,-363394.3,0.682,-0.011,1.355,5.5,0,-0.011,0.001,-0.033,-0.04,13.15,-1.6,0.6,100,0
"2026-01-22 05:57:00",142579,"",7999,2026,1,22,5,51,5,-0.0199,0.731,-0.015,-363401.1,0.681,-0.013,1.353,5.49,0,-0.013,0.002,-0.023,-0.033,13.15,-1.6,0.6,100,0
"2026-01-22 06:00:00",142580,"",7999,2026,1,22,5,51,5,-0.0199,0.731,-0.015,-363401.1,0.681,-0.013,1.353,5.49,0,-0.013,0.002,-0.023,-0.033,13.15,-1.6,0.6,100,0
"2026-01-22 06:03:00",142581,"",7999,2026,1,22,5,57,5,-0.0068,0.729,-0.005,-363405.1,0.679,-0.004,1.35,5.51,0,-0.004,0.001,-0.002,-0.012,13.15,-1.6,0.6,100,0
"2026-01-22 06:06:00",142582,"",7999,2026,1,22,5,57,5,-0.0068,0.729,-0.005,-363405.1,0.679,-0.004,1.35,5.51,0,-0.004,0.001,-0.002,-0.012,13.15,-1.6,0.6,100,0
"2026-01-22 06:09:00",142583,"",7999,2026,1,22,6,3,5,-0.0102,0.724,-0.008,-363408.4,0.674,-0.006,1.34,5.53,0,-0.006,0.002,-0.021,-0.021,13.15,-1.6,0.6,100,0
"2026-01-22 06:12:00",142584,"",7999,2026,1,22,6,3,5,-0.0102,0.724,-0.008,-363408.4,0.674,-0.006,1.34,5.53,0,-0.006,0.002,-0.021,-0.021,13.15,-1.6,0.6,100,0
"2026-01-22 06:15:00",142585,"",7999,2026,1,22,6,9,5,-0.0113,0.725,-0.008,-363412.4,0.675,-0.007,1.341,5.51,0,-0.007,0.001,-0.002,-0.024,13.15,-1.6,0.6,100,0
"2026-01-22 06:18:00",142586,"",7999,2026,1,22,6,9,5,-0.0113,0.725,-0.008,-363412.4,0.675,-0.007,1.341,5.51,0,-0.007,0.001,-0.002,-0.024,13.15,-1.6,0.6,100,0
"2026-01-22 06:21:00",142587,"",7999,2026,1,22,6,15,5,-0.0141,0.726,-0.011,-363417.2,0.676,-0.01,1.343,5.55,0,-0.01,-0.001,-0.016,-0.021,13.15,-1.6,0.6,100,0
"2026-01-22 06:24:00",142588,"",7999,2026,1,22,6,15,5,-0.0141,0.726,-0.011,-363417.2,0.676,-0.01,1.343,5.55,0,-0.01,-0.001,-0.016,-0.021,13.15,-1.6,0.6,100,0
"2026-01-22 06:27:00",142589,"",7999,2026,1,22,6,21,5,-0.0031,0.726,-0.002,-363419.6,0.676,-0.001,1.344,5.56,0,-0.001,0.001,-0.005,-0.005,13.15,-1.6,0.6,100,0
"2026-01-22 06:30:00",142590,"",7999,2026,1,22,6,21,5,-0.0031,0.726,-0.002,-363419.6,0.676,-0.001,1.344,5.56,0,-0.001,0.001,-0.005,-0.005,13.15,-1.6,0.6,100,0
"2026-01-22 06:33:00",142591,"",7999,2026,1,22,6,27,5,0.0035,0.729,0.003,-363419.1,0.679,0.001,1.349,5.61,0,0.001,-0.001,-0.014,0,13.15,-1.6,0.6,100,0
"2026-01-22 06:36:00",142592,"",7999,2026,1,22,6,27,5,0.0035,0.729,0.003,-363419.1,0.679,0.001,1.349,5.61,0,0.001,-0.001,-0.014,0,13.15,-1.6,0.6,100,0
"2026-01-22 06:39:00",142593,"",7999,2026,1,22,6,33,5,0.0019,0.732,0.001,-363418.2,0.682,0,1.355,5.66,0,0,0,-0.016,-0.012,13.15,-1.6,0.6,100,0
"2026-01-22 06:42:00",142594,"",7999,2026,1,22,6,33,5,0.0019,0.732,0.001,-363418.2,0.682,0,1.355,5.66,0,0,0,-0.016,-0.012,13.15,-1.6,0.6,100,0
"2026-01-22 06:45:00",142595,"",7999,2026,1,22,6,39,5,0.0023,0.735,0.002,-363417.4,0.685,0,1.359,5.73,0,0,0,-0.002,-0.012,13.15,-1.6,0.6,100,0
"2026-01-22 06:48:00",142596,"",7999,2026,1,22,6,39,5,0.0023,0.735,0.002,-363417.4,0.685,0,1.359,5.73,0,0,0,-0.002,-0.012,13.15,-1.6,0.6,100,0
"2026-01-22 06:51:00",142597,"",7999,2026,1,22,6,45,5,0.0075,0.739,0.006,-363415.3,0.689,0.005,1.367,5.74,0,0.005,0,-0.007,-0.007,13.15,-1.6,0.6,100,0
"2026-01-22 06:54:00",142598,"",7999,2026,1,22,6,45,5,0.0075,0.739,0.006,-363415.3,0.689,0.005,1.367,5.74,0,0.005,0,-0.007,-0.007,13.15,-1.6,0.6,100,0
"2026-01-22 06:57:00",142599,"",7999,2026,1,22,6,51,5,-0,0.739,0,-363414.4,0.689,0,1.368,5.75,0,0,0,-0.033,-0.017,13.15,-1.6,0.6,100,0
"2026-01-22 07:00:00",142600,"",7999,2026,1,22,6,51,5,-0,0.739,0,-363414.4,0.689,0,1.368,5.75,0,0,0,-0.033,-0.017,13.15,-1.6,0.6,100,0
"2026-01-22 07:03:00",142601,"",7999,2026,1,22,6,57,5,-0.0056,0.737,-0.004,-363415.8,0.687,-0.004,1.364,5.75,0,-0.004,-0.001,-0.021,-0.017,13.15,-1.6,0.6,100,0
"2026-01-22 07:06:00",142602,"",7999,2026,1,22,6,57,5,-0.0056,0.737,-0.004,-363415.8,0.687,-0.004,1.364,5.75,0,-0.004,-0.001,-0.021,-0.017,13.15,-1.6,0.6,100,0
"2026-01-22 07:09:00",142603,"",7999,2026,1,22,7,3,5,-0.0011,0.739,-0.001,-363416.7,0.689,-0.001,1.368,5.77,0,-0.001,-0.001,-0.051,-0.012,13.15,-1.6,0.6,100,0
"2026-01-22 07:12:00",142604,"",7999,2026,1,22,7,3,5,-0.0011,0.739,-0.001,-363416.7,0.689,-0.001,1.368,5.77,0,-0.001,-0.001,-0.051,-0.012,13.15,-1.6,0.6,100,0
"2026-01-22 07:15:00",142605,"",7999,2026,1,22,7,9,5,-0.0009,0.741,-0.001,-363417.1,0.691,0,1.372,5.83,0,0,0,-0.026,-0.017,13.15,-1.6,0.6,100,0
"2026-01-22 07:18:00",142606,"",7999,2026,1,22,7,9,5,-0.0009,0.741,-0.001,-363417.1,0.691,0,1.372,5.83,0,0,0,-0.026,-0.017,13.15,-1.6,0.6,100,0
"2026-01-22 07:21:00",142607,"",7999,2026,1,22,7,15,5,-0.0104,0.738,-0.008,-363419.7,0.688,-0.006,1.366,5.8,0,-0.006,-0.001,-0.026,-0.033,13.15,-1.6,0.6,100,0
"2026-01-22 07:24:00",142608,"",7999,2026,1,22,7,15,5,-0.0104,0.738,-0.008,-363419.7,0.688,-0.006,1.366,5.8,0,-0.006,-0.001,-0.026,-0.033,13.15,-1.6,0.6,100,0
"2026-01-22 07:27:00",142609,"",7999,2026,1,22,7,21,5,-0.0081,0.734,-0.006,-363422.9,0.684,-0.005,1.359,5.79,0,-0.005,0,-0.012,-0.026,13.15,-1.6,0.6,100,0
"2026-01-22 07:30:00",142610,"",7999,2026,1,22,7,21,5,-0.0081,0.734,-0.006,-363422.9,0.684,-0.005,1.359,5.79,0,-0.005,0,-0.012,-0.026,13.15,-1.6,0.6,100,0
"2026-01-22 07:33:00",142611,"",7999,2026,1,22,7,27,5,-0.0208,0.727,-0.015,-363428.8,0.677,-0.015,1.346,5.79,0,-0.015,0.001,-0.012,-0.021,13.15,-1.6,0.6,100,0
"2026-01-22 07:36:00",142612,"",7999,2026,1,22,7,27,5,-0.0208,0.727,-0.015,-363428.8,0.677,-0.015,1.346,5.79,0,-0.015,0.001,-0.012,-0.021,13.15,-1.6,0.6,100,0
"2026-01-22 07:39:00",142613,"",7999,2026,1,22,7,33,5,-0.0251,0.716,-0.019,-363437.4,0.666,-0.017,1.326,5.75,0,-0.017,0.002,-0.021,-0.024,13.15,-1.6,0.6,100,0
"2026-01-22 07:42:00",142614,"",7999,2026,1,22,7,33,5,-0.0251,0.716,-0.019,-363437.4,0.666,-0.017,1.326,5.75,0,-0.017,0.002,-0.021,-0.024,13.15,-1.6,0.6,100,0
"2026-01-22 07:45:00",142615,"",7999,2026,1,22,7,39,5,-0.0273,0.706,-0.021,-363446.9,0.656,-0.019,1.306,5.7,0,-0.019,0.002,-0.019,-0.036,13.15,-1.6,0.6,100,0
"2026-01-22 07:48:00",142616,"",7999,2026,1,22,7,39,5,-0.0273,0.706,-0.021,-363446.9,0.656,-0.019,1.306,5.7,0,-0.019,0.002,-0.019,-0.036,13.15,-1.6,0.6,100,0
"2026-01-22 07:51:00",142617,"",7999,2026,1,22,7,45,5,-0.0137,0.697,-0.011,-363453.5,0.647,-0.01,1.289,5.72,0,-0.01,0,-0.002,-0.019,13.15,-1.6,0.6,100,0
"2026-01-22 07:54:00",142618,"",7999,2026,1,22,7,45,5,-0.0137,0.697,-0.011,-363453.5,0.647,-0.01,1.289,5.72,0,-0.01,0,-0.002,-0.019,13.15,-1.6,0.6,100,0
"2026-01-22 07:57:00",142619,"",7999,2026,1,22,7,51,5,-0.0124,0.685,-0.01,-363458.2,0.635,-0.008,1.268,5.75,0,-0.008,0.003,-0.007,-0.014,13.15,-1.6,0.6,100,0
"2026-01-22 08:00:00",142620,"",7999,2026,1,22,7,51,5,-0.0124,0.685,-0.01,-363458.2,0.635,-0.008,1.268,5.75,0,-0.008,0.003,-0.007,-0.014,13.15,-1.6,0.6,100,0
"2026-01-22 08:03:00",142621,"",7999,2026,1,22,7,57,5,-0.0152,0.678,-0.012,-363463.3,0.628,-0.011,1.255,5.75,0,-0.011,0.002,-0.014,-0.021,13.15,-1.6,0.6,100,0
"2026-01-22 08:06:00",142622,"",7999,2026,1,22,7,57,5,-0.0152,0.678,-0.012,-363463.3,0.628,-0.011,1.255,5.75,0,-0.011,0.002,-0.014,-0.021,13.15,-1.6,0.6,100,0
"2026-01-22 08:09:00",142623,"",7999,2026,1,22,8,3,5,-0.0098,0.681,-0.008,-363467.5,0.631,-0.006,1.259,5.76,0,-0.006,0.002,-0.005,-0.012,13.15,-1.6,0.6,100,0
"2026-01-22 08:12:00",142624,"",7999,2026,1,22,8,3,5,-0.0098,0.681,-0.008,-363467.5,0.631,-0.006,1.259,5.76,0,-0.006,0.002,-0.005,-0.012,13.15,-1.6,0.6,100,0
"2026-01-22 08:15:00",142625,"",7999,2026,1,22,8,9,5,0.0078,0.683,0.006,-363466.8,0.633,0.005,1.264,5.78,0,0.005,-0.002,-0.007,0,13.15,-1.6,0.6,100,0
"2026-01-22 08:18:00",142626,"",7999,2026,1,22,8,9,5,0.0078,0.683,0.006,-363466.8,0.633,0.005,1.264,5.78,0,0.005,-0.002,-0.007,0,13.15,-1.6,0.6,100,0
"2026-01-22 08:21:00",142627,"",7999,2026,1,22,8,15,5,0.0038,0.686,0.003,-363465,0.636,0.002,1.269,5.73,0,0.002,0,-0.002,-0.009,13.15,-1.6,0.6,100,0
"2026-01-22 08:24:00",142628,"",7999,2026,1,22,8,15,5,0.0038,0.686,0.003,-363465,0.636,0.002,1.269,5.73,0,0.002,0,-0.002,-0.009,13.15,-1.6,0.6,100,0
"2026-01-22 08:27:00",142629,"",7999,2026,1,22,8,21,5,-0.0197,0.681,-0.016,-363469.3,0.631,-0.016,1.26,5.73,0,-0.016,0.001,-0.012,-0.036,13.15,-1.7,0.5,100,0
"2026-01-22 08:30:00",142630,"",7999,2026,1,22,8,21,5,-0.0197,0.681,-0.016,-363469.3,0.631,-0.016,1.26,5.73,0,-0.016,0.001,-0.012,-0.036,13.15,-1.7,0.5,100,0
"2026-01-22 08:33:00",142631,"",7999,2026,1,22,8,27,5,-0.0078,0.68,-0.006,-363473.5,0.63,-0.005,1.259,5.7,0,-0.005,0,-0.016,-0.014,13.15,-1.7,0.5,100,0
"2026-01-22 08:36:00",142632,"",7999,2026,1,22,8,27,5,-0.0078,0.68,-0.006,-363473.5,0.63,-0.005,1.259,5.7,0,-0.005,0,-0.016,-0.014,13.15,-1.7,0.5,100,0
"2026-01-22 08:39:00",142633,"",7999,2026,1,22,8,33,5,-0.005,0.677,-0.004,-363475.6,0.627,-0.002,1.253,5.69,0,-0.002,0,-0.019,-0.017,13.15,-1.7,0.5,100,0
"2026-01-22 08:42:00",142634,"",7999,2026,1,22,8,33,5,-0.005,0.677,-0.004,-363475.6,0.627,-0.002,1.253,5.69,0,-0.002,0,-0.019,-0.017,13.15,-1.7,0.5,100,0
"2026-01-22 08:45:00",142635,"",7999,2026,1,22,8,39,5,-0.0181,0.669,-0.015,-363480.6,0.619,-0.013,1.239,5.75,0,-0.013,0.001,-0.005,-0.028,13.15,-1.7,0.5,100,0
"2026-01-22 08:48:00",142636,"",7999,2026,1,22,8,39,5,-0.0181,0.669,-0.015,-363480.6,0.619,-0.013,1.239,5.75,0,-0.013,0.001,-0.005,-0.028,13.15,-1.7,0.5,100,0
"2026-01-22 08:51:00",142637,"",7999,2026,1,22,8,45,5,-0.0166,0.664,-0.014,-363486.8,0.614,-0.013,1.229,5.78,0,-0.013,0.001,-0.019,-0.026,13.15,-1.7,0.5,100,0
"2026-01-22 08:54:00",142638,"",7999,2026,1,22,8,45,5,-0.0166,0.664,-0.014,-363486.8,0.614,-0.013,1.229,5.78,0,-0.013,0.001,-0.019,-0.026,13.15,-1.7,0.5,100,0
"2026-01-22 08:57:00",142639,"",7999,2026,1,22,8,51,5,-0,0.664,0,-363488.8,0.614,0,1.228,5.71,0,0,0,0.002,-0.007,13.15,-1.7,0.5,100,0
"2026-01-22 09:00:00",142640,"",7999,2026,1,22,8,51,5,-0,0.664,0,-363488.8,0.614,0,1.228,5.71,0,0,0,0.002,-0.007,13.15,-1.7,0.5,100,0
"2026-01-22 09:03:00",142641,"",7999,2026,1,22,8,57,5,0.0018,0.654,0.002,-363488.3,0.604,0.001,1.211,5.68,0,0.001,0.001,0.005,-0.012,13.15,-1.8,0.5,100,0
"2026-01-22 09:06:00",142642,"",7999,2026,1,22,8,57,5,0.0018,0.654,0.002,-363488.3,0.604,0.001,1.211,5.68,0,0.001,0.001,0.005,-0.012,13.15,-1.8,0.5,100,0
"2026-01-22 09:09:00",142643,"",7999,2026,1,22,9,3,5,-0.0034,0.642,-0.003,-363489,0.592,-0.001,1.187,5.7,0,-0.001,0.001,0,-0.009,13.15,-1.8,0.5,100,0
"2026-01-22 09:12:00",142644,"",7999,2026,1,22,9,3,5,-0.0034,0.642,-0.003,-363489,0.592,-0.001,1.187,5.7,0,-0.001,0.001,0,-0.009,13.15,-1.8,0.5,100,0
"2026-01-22 09:15:00",142645,"",7999,2026,1,22,9,9,5,-0.012,0.632,-0.01,-363492.3,0.582,-0.008,1.17,5.76,0,-0.008,-0.001,-0.019,-0.014,13.15,-1.9,0.5,100,0
"2026-01-22 09:18:00",142646,"",7999,2026,1,22,9,9,5,-0.012,0.632,-0.01,-363492.3,0.582,-0.008,1.17,5.76,0,-0.008,-0.001,-0.019,-0.014,13.15,-1.9,0.5,100,0
"2026-01-22 09:21:00",142647,"",7999,2026,1,22,9,15,5,-0.0092,0.621,-0.008,-363496,0.571,-0.007,1.15,5.83,0,-0.007,-0.001,-0.005,-0.014,13.15,-1.9,0.5,100,0
"2026-01-22 09:24:00",142648,"",7999,2026,1,22,9,15,5,-0.0092,0.621,-0.008,-363496,0.571,-0.007,1.15,5.83,0,-0.007,-0.001,-0.005,-0.014,13.15,-1.9,0.5,100,0
"2026-01-22 09:27:00",142649,"",7999,2026,1,22,9,21,5,-0.0028,0.609,-0.003,-363497.8,0.559,-0.001,1.128,5.85,0,-0.001,-0.001,0.002,-0.012,13.15,-1.9,0.5,100,0
"2026-01-22 09:30:00",142650,"",7999,2026,1,22,9,21,5,-0.0028,0.609,-0.003,-363497.8,0.559,-0.001,1.128,5.85,0,-0.001,-0.001,0.002,-0.012,13.15,-1.9,0.5,100,0
"2026-01-22 09:33:00",142651,"",7999,2026,1,22,9,27,5,-0.0041,0.6,-0.004,-363499.1,0.55,-0.002,1.11,5.93,0,-0.002,-0.001,-0.021,-0.002,13.15,-1.9,0.5,100,0
"2026-01-22 09:36:00",142652,"",7999,2026,1,22,9,27,5,-0.0041,0.6,-0.004,-363499.1,0.55,-0.002,1.11,5.93,0,-0.002,-0.001,-0.021,-0.002,13.15,-1.9,0.5,100,0
"2026-01-22 09:39:00",142653,"",7999,2026,1,22,9,33,5,-0.0057,0.589,-0.005,-363501,0.539,-0.005,1.091,6,0,-0.005,-0.001,-0.016,-0.014,13.15,-1.9,0.5,100,0
"2026-01-22 09:42:00",142654,"",7999,2026,1,22,9,33,5,-0.0057,0.589,-0.005,-363501,0.539,-0.005,1.091,6,0,-0.005,-0.001,-0.016,-0.014,13.15,-1.9,0.5,100,0
"2026-01-22 09:45:00",142655,"",7999,2026,1,22,9,39,5,-0.0037,0.582,-0.003,-363502.5,0.532,-0.002,1.077,6.03,0,-0.002,-0.001,0,-0.007,13.15,-1.9,0.5,100,0
"2026-01-22 09:48:00",142656,"",7999,2026,1,22,9,39,5,-0.0037,0.582,-0.003,-363502.5,0.532,-0.002,1.077,6.03,0,-0.002,-0.001,0,-0.007,13.15,-1.9,0.5,100,0
"2026-01-22 09:51:00",142657,"",7999,2026,1,22,9,45,5,-0.0035,0.573,-0.003,-363503.8,0.523,-0.002,1.061,6.06,2,-0.002,0,-0.014,-0.012,13.15,-2,0.5,100,0
"2026-01-22 09:54:00",142658,"",7999,2026,1,22,9,45,5,-0.0035,0.573,-0.003,-363503.8,0.523,-0.002,1.061,6.06,2,-0.002,0,-0.014,-0.012,13.15,-2,0.5,100,0
"2026-01-22 09:57:00",142659,"",7999,2026,1,22,9,51,5,-0.0036,0.569,-0.004,-363505.2,0.519,-0.002,1.054,6.14,2,-0.002,-0.001,0,-0.005,13.15,-2,0.5,100,0
"2026-01-22 10:00:00",142660,"",7999,2026,1,22,9,51,5,-0.0036,0.569,-0.004,-363505.2,0.519,-0.002,1.054,6.14,2,-0.002,-0.001,0,-0.005,13.15,-2,0.5,100,0
"2026-01-22 10:03:00",142661,"",7999,2026,1,22,9,57,5,0.002,0.575,0.002,-363505.1,0.525,0,1.064,6.22,2,0,0,-0.002,-0.002,13.15,-2,0.5,100,0
"2026-01-22 10:06:00",142662,"",7999,2026,1,22,9,57,5,0.002,0.575,0.002,-363505.1,0.525,0,1.064,6.22,2,0,0,-0.002,-0.002,13.15,-2,0.5,100,0
"2026-01-22 10:09:00",142663,"",7999,2026,1,22,10,3,5,0.0009,0.571,0.001,-363504.7,0.521,0,1.056,6.2,2,0,0,-0.016,0.005,13.15,-2,0.5,100,0
"2026-01-22 10:12:00",142664,"",7999,2026,1,22,10,3,5,0.0009,0.571,0.001,-363504.7,0.521,0,1.056,6.2,2,0,0,-0.016,0.005,13.15,-2,0.5,100,0
"2026-01-22 10:15:00",142665,"",7999,2026,1,22,10,9,5,-0.0023,0.559,-0.002,-363505.1,0.509,-0.001,1.035,6.12,2,-0.001,0.001,-0.019,-0.009,13.15,-2,0.5,100,0
"2026-01-22 10:18:00",142666,"",7999,2026,1,22,10,9,5,-0.0023,0.559,-0.002,-363505.1,0.509,-0.001,1.035,6.12,2,-0.001,0.001,-0.019,-0.009,13.15,-2,0.5,100,0
"2026-01-22 10:21:00",142667,"",7999,2026,1,22,10,15,5,-0.0019,0.553,-0.002,-363505.8,0.503,-0.001,1.024,6.19,2,-0.001,-0.001,-0.014,-0.014,13.15,-2,0.5,100,0
"2026-01-22 10:24:00",142668,"",7999,2026,1,22,10,15,5,-0.0019,0.553,-0.002,-363505.8,0.503,-0.001,1.024,6.19,2,-0.001,-0.001,-0.014,-0.014,13.15,-2,0.5,100,0
"2026-01-22 10:27:00",142669,"",7999,2026,1,22,10,21,5,-0.0005,0.549,-0.001,-363506.3,0.499,0,1.017,6.29,2,0,0,-0.014,-0.012,13.15,-2,0.5,100,0
"2026-01-22 10:30:00",142670,"",7999,2026,1,22,10,21,5,-0.0005,0.549,-0.001,-363506.3,0.499,0,1.017,6.29,2,0,0,-0.014,-0.012,13.15,-2,0.5,100,0
"2026-01-22 10:33:00",142671,"",7999,2026,1,22,10,27,5,0.0001,0.546,0,-363506.3,0.496,0,1.011,6.38,2,0,0,-0.012,0,13.15,-2,0.5,100,0
"2026-01-22 10:36:00",142672,"",7999,2026,1,22,10,27,5,0.0001,0.546,0,-363506.3,0.496,0,1.011,6.38,2,0,0,-0.012,0,13.15,-2,0.5,100,0
"2026-01-22 10:39:00",142673,"",7999,2026,1,22,10,33,5,-0.0006,0.542,-0.001,-363506.4,0.492,0,1.004,6.43,2,0,0,-0.016,-0.014,13.15,-2,0.5,100,0
"2026-01-22 10:42:00",142674,"",7999,2026,1,22,10,33,5,-0.0006,0.542,-0.001,-363506.4,0.492,0,1.004,6.43,2,0,0,-0.016,-0.014,13.15,-2,0.5,100,0
"2026-01-22 10:45:00",142675,"",7999,2026,1,22,10,39,5,-0.0009,0.535,-0.001,-363506.7,0.485,0,0.991,6.45,2,0,0,-0.012,-0.005,13.15,-2,0.5,100,0
"2026-01-22 10:48:00",142676,"",7999,2026,1,22,10,39,5,-0.0009,0.535,-0.001,-363506.7,0.485,0,0.991,6.45,2,0,0,-0.012,-0.005,13.15,-2,0.5,100,0
"2026-01-22 10:51:00",142677,"",7999,2026,1,22,10,45,5,-0.0006,0.528,-0.001,-363507,0.478,0,0.977,6.58,2,0,0,0,0,13.15,-2.1,0.5,100,0
"2026-01-22 10:54:00",142678,"",7999,2026,1,22,10,45,5,-0.0006,0.528,-0.001,-363507,0.478,0,0.977,6.58,2,0,0,0,0,13.15,-2.1,0.5,100,0
"2026-01-22 10:57:00",142679,"",7999,2026,1,22,10,51,5,-0.0013,0.522,-0.001,-363507.4,0.472,0,0.965,6.66,2,0,0,-0.002,0,13.15,-2.1,0.5,100,0
"2026-01-22 11:00:00",142680,"",7999,2026,1,22,10,51,5,-0.0013,0.522,-0.001,-363507.4,0.472,0,0.965,6.66,2,0,0,-0.002,0,13.15,-2.1,0.5,100,0
"2026-01-22 11:03:00",142681,"",7999,2026,1,22,10,57,5,-0.0012,0.52,-0.001,-363507.9,0.47,0,0.962,6.6,2,0,0,-0.002,-0.017,13.15,-2.1,0.5,100,0
"2026-01-22 11:06:00",142682,"",7999,2026,1,22,10,57,5,-0.0012,0.52,-0.001,-363507.9,0.47,0,0.962,6.6,2,0,0,-0.002,-0.017,13.15,-2.1,0.5,100,0
"2026-01-22 11:09:00",142683,"",7999,2026,1,22,11,3,5,-0.001,0.514,-0.001,-363508.3,0.464,0,0.952,6.6,2,0,0,-0.037,-0.009,13.16,-2.2,0.5,100,0
"2026-01-22 11:12:00",142684,"",7999,2026,1,22,11,3,5,-0.001,0.514,-0.001,-363508.3,0.464,0,0.952,6.6,2,0,0,-0.037,-0.009,13.16,-2.2,0.5,100,0
"2026-01-22 11:15:00",142685,"",7999,2026,1,22,11,9,5,-0.0025,0.506,-0.003,-363509,0.456,-0.002,0.936,6.68,2,-0.002,0,-0.028,0,13.15,-2.2,0.5,100,0
"2026-01-22 11:18:00",142686,"",7999,2026,1,22,11,9,5,-0.0025,0.506,-0.003,-363509,0.456,-0.002,0.936,6.68,2,-0.002,0,-0.028,0,13.15,-2.2,0.5,100,0
"2026-01-22 11:21:00",142687,"",7999,2026,1,22,11,15,5,-0.002,0.498,-0.002,-363509.8,0.448,-0.001,0.923,6.79,2,-0.001,0.001,-0.028,-0.005,13.15,-2.2,0.5,100,0
"2026-01-22 11:24:00",142688,"",7999,2026,1,22,11,15,5,-0.002,0.498,-0.002,-363509.8,0.448,-0.001,0.923,6.79,2,-0.001,0.001,-0.028,-0.005,13.15,-2.2,0.5,100,0
"2026-01-22 11:27:00",142689,"",7999,2026,1,22,11,21,5,-0,0.492,0,-363510.1,0.442,0,0.91,6.72,2,0,0,-0.014,0.002,13.15,-2.2,0.5,100,0
"2026-01-22 11:30:00",142690,"",7999,2026,1,22,11,21,5,-0,0.492,0,-363510.1,0.442,0,0.91,6.72,2,0,0,-0.014,0.002,13.15,-2.2,0.5,100,0
"2026-01-22 11:33:00",142691,"",7999,2026,1,22,11,27,5,-0.001,0.487,-0.001,-363510.3,0.437,0,0.901,6.61,2,0,0,-0.007,-0.005,13.16,-2.1,0.5,100,0
"2026-01-22 11:36:00",142692,"",7999,2026,1,22,11,27,5,-0.001,0.487,-0.001,-363510.3,0.437,0,0.901,6.61,2,0,0,-0.007,-0.005,13.16,-2.1,0.5,100,0
"2026-01-22 11:39:00",142693,"",7999,2026,1,22,11,33,5,-0.0002,0.483,0,-363510.5,0.433,0,0.895,6.55,2,0,0,0.007,0,13.16,-2.1,0.5,100,0
"2026-01-22 11:42:00",142694,"",7999,2026,1,22,11,33,5,-0.0002,0.483,0,-363510.5,0.433,0,0.895,6.55,2,0,0,0.007,0,13.16,-2.1,0.5,100,0
"2026-01-22 11:45:00",142695,"",7999,2026,1,22,11,39,5,-0.0003,0.48,0,-363510.6,0.43,0,0.888,6.48,2,0,0,0,-0.009,13.16,-2.3,0.5,100,0
"2026-01-22 11:48:00",142696,"",7999,2026,1,22,11,39,5,-0.0003,0.48,0,-363510.6,0.43,0,0.888,6.48,2,0,0,0,-0.009,13.16,-2.3,0.5,100,0
"2026-01-22 11:51:00",142697,"",7999,2026,1,22,11,45,5,-0.0005,0.474,-0.001,-363510.8,0.424,0,0.877,6.38,2,0,0,0.026,-0.002,13.16,-2.3,0.5,100,0
"2026-01-22 11:54:00",142698,"",7999,2026,1,22,11,45,5,-0.0005,0.474,-0.001,-363510.8,0.424,0,0.877,6.38,2,0,0,0.026,-0.002,13.16,-2.3,0.5,100,0
"2026-01-22 11:57:00",142699,"",7999,2026,1,22,11,51,5,-0.0002,0.469,0,-363510.9,0.419,0,0.867,6.36,2,0,0,0,0.012,13.16,-2.2,0.6,100,0
"2026-01-22 12:00:00",142700,"",7999,2026,1,22,11,51,5,-0.0002,0.469,0,-363510.9,0.419,0,0.867,6.36,2,0,0,0,0.012,13.16,-2.2,0.6,100,0
"2026-01-22 12:03:00",142701,"",7999,2026,1,22,11,57,5,-0.0001,0.464,0,-363511,0.414,0,0.859,6.48,2,0,0,-0.002,0.009,13.16,-2.2,0.6,100,0
"2026-01-22 12:06:00",142702,"",7999,2026,1,22,11,57,5,-0.0001,0.464,0,-363511,0.414,0,0.859,6.48,2,0,0,-0.002,0.009,13.16,-2.2,0.6,100,0
"2026-01-22 12:09:00",142703,"",7999,2026,1,22,12,3,5,-0.0003,0.46,0,-363511.1,0.41,0,0.852,6.56,2,0,0,0.007,0.002,13.16,-2.2,0.6,100,0
"2026-01-22 12:12:00",142704,"",7999,2026,1,22,12,3,5,-0.0003,0.46,0,-363511.1,0.41,0,0.852,6.56,2,0,0,0.007,0.002,13.16,-2.2,0.6,100,0
"2026-01-22 12:15:00",142705,"",7999,2026,1,22,12,9,5,0.0005,0.457,0.001,-363511,0.407,0,0.845,6.63,2,0,0,0,-0.007,13.16,-2.3,0.6,100,0
"2026-01-22 12:18:00",142706,"",7999,2026,1,22,12,9,5,0.0005,0.457,0.001,-363511,0.407,0,0.845,6.63,2,0,0,0,-0.007,13.16,-2.3,0.6,100,0
"2026-01-22 12:21:00",142707,"",7999,2026,1,22,12,15,5,-0.0002,0.454,0,-363511,0.404,0,0.841,6.67,2,0,0,0,-0.031,13.16,-2.4,0.6,100,0
"2026-01-22 12:24:00",142708,"",7999,2026,1,22,12,15,5,-0.0002,0.454,0,-363511,0.404,0,0.841,6.67,2,0,0,0,-0.031,13.16,-2.4,0.6,100,0
"2026-01-22 12:27:00",142709,"",7999,2026,1,22,12,21,5,-0.0016,0.452,-0.002,-363511.4,0.402,-0.001,0.837,6.58,2,-0.001,-0.001,-0.035,-0.007,13.16,-2.1,0.6,100,0
"2026-01-22 12:30:00",142710,"",7999,2026,1,22,12,21,5,-0.0016,0.452,-0.002,-363511.4,0.402,-0.001,0.837,6.58,2,-0.001,-0.001,-0.035,-0.007,13.16,-2.1,0.6,100,0
"2026-01-22 12:33:00",142711,"",7999,2026,1,22,12,27,5,-0.0007,0.45,-0.001,-363511.8,0.4,0,0.833,6.47,2,0,0,-0.007,-0.021,13.16,-2.1,0.6,100,0
"2026-01-22 12:36:00",142712,"",7999,2026,1,22,12,27,5,-0.0007,0.45,-0.001,-363511.8,0.4,0,0.833,6.47,2,0,0,-0.007,-0.021,13.16,-2.1,0.6,100,0
"2026-01-22 12:39:00",142713,"",7999,2026,1,22,12,33,5,-0.0013,0.448,-0.002,-363512.3,0.398,0,0.829,6.47,2,0,0,-0.002,-0.021,13.16,-2.3,0.6,100,0
"2026-01-22 12:42:00",142714,"",7999,2026,1,22,12,33,5,-0.0013,0.448,-0.002,-363512.3,0.398,0,0.829,6.47,2,0,0,-0.002,-0.021,13.16,-2.3,0.6,100,0
"2026-01-22 12:45:00",142715,"",7999,2026,1,22,12,39,5,-0.0007,0.447,-0.001,-363512.6,0.397,0,0.828,6.44,2,0,0,-0.007,-0.007,13.16,-2.2,0.6,100,0
"2026-01-22 12:48:00",142716,"",7999,2026,1,22,12,39,5,-0.0007,0.447,-0.001,-363512.6,0.397,0,0.828,6.44,2,0,0,-0.007,-0.007,13.16,-2.2,0.6,100,0
"2026-01-22 12:51:00",142717,"",7999,2026,1,22,12,45,5,0.0003,0.446,0,-363512.6,0.396,0.001,0.826,6.37,2,0.001,-0.002,0,-0.017,13.16,-2.2,0.6,100,0
"2026-01-22 12:54:00",142718,"",7999,2026,1,22,12,45,5,0.0003,0.446,0,-363512.6,0.396,0.001,0.826,6.37,2,0.001,-0.002,0,-0.017,13.16,-2.2,0.6,100,0
"2026-01-22 12:57:00",142719,"",7999,2026,1,22,12,51,5,0.0003,0.445,0,-363512.4,0.395,0,0.824,6.34,2,0,0,-0.012,0,13.16,-2.2,0.7,100,0
"2026-01-22 13:00:00",142720,"",7999,2026,1,22,12,51,5,0.0003,0.445,0,-363512.4,0.395,0,0.824,6.34,2,0,0,-0.012,0,13.16,-2.2,0.7,100,0
"2026-01-22 13:03:00",142721,"",7999,2026,1,22,12,57,5,0.001,0.445,0.001,-363512.2,0.395,0,0.824,6.41,2,0,0,0,0.002,13.16,-2.1,0.7,100,0
"2026-01-22 13:06:00",142722,"",7999,2026,1,22,12,57,5,0.001,0.445,0.001,-363512.2,0.395,0,0.824,6.41,2,0,0,0,0.002,13.16,-2.1,0.7,100,0
"2026-01-22 13:09:00",142723,"",7999,2026,1,22,13,3,5,-0.0012,0.444,-0.001,-363512.3,0.394,0,0.823,6.41,2,0,0,-0.016,-0.012,13.16,-2,0.6,100,0
"2026-01-22 13:12:00",142724,"",7999,2026,1,22,13,3,5,-0.0012,0.444,-0.001,-363512.3,0.394,0,0.823,6.41,2,0,0,-0.016,-0.012,13.16,-2,0.6,100,0
"2026-01-22 13:15:00",142725,"",7999,2026,1,22,13,9,5,-0.0028,0.442,-0.004,-363513.2,0.392,-0.002,0.819,6.4,2,-0.002,0,0,-0.009,13.16,-2.3,0.7,100,0
"2026-01-22 13:18:00",142726,"",7999,2026,1,22,13,9,5,-0.0028,0.442,-0.004,-363513.2,0.392,-0.002,0.819,6.4,2,-0.002,0,0,-0.009,13.16,-2.3,0.7,100,0
"2026-01-22 13:21:00",142727,"",7999,2026,1,22,13,15,5,-0.0022,0.443,-0.003,-363514,0.393,-0.001,0.821,6.44,2,-0.001,0.001,0.007,-0.002,13.16,-2,0.7,100,0
"2026-01-22 13:24:00",142728,"",7999,2026,1,22,13,15,5,-0.0022,0.443,-0.003,-363514,0.393,-0.001,0.821,6.44,2,-0.001,0.001,0.007,-0.002,13.16,-2,0.7,100,0
"2026-01-22 13:27:00",142729,"",7999,2026,1,22,13,21,5,-0.0005,0.443,-0.001,-363514.4,0.393,0,0.821,6.42,2,0,0,0,-0.002,13.16,-2,0.6,100,0
"2026-01-22 13:30:00",142730,"",7999,2026,1,22,13,21,5,-0.0005,0.443,-0.001,-363514.4,0.393,0,0.821,6.42,2,0,0,0,-0.002,13.16,-2,0.6,100,0
"2026-01-22 13:33:00",142731,"",7999,2026,1,22,13,27,5,-0.0021,0.443,-0.003,-363515,0.393,-0.002,0.819,6.41,2,-0.002,0.001,-0.009,-0.017,13.16,-2,0.7,100,0
"2026-01-22 13:36:00",142732,"",7999,2026,1,22,13,27,5,-0.0021,0.443,-0.003,-363515,0.393,-0.002,0.819,6.41,2,-0.002,0.001,-0.009,-0.017,13.16,-2,0.7,100,0
"2026-01-22 13:39:00",142733,"",7999,2026,1,22,13,33,5,0,0.442,0,-363515.3,0.392,0,0.818,6.49,2,0,0,-0.014,-0.005,13.16,-2.2,0.8,100,0
"2026-01-22 13:42:00",142734,"",7999,2026,1,22,13,33,5,0,0.442,0,-363515.3,0.392,0,0.818,6.49,2,0,0,-0.014,-0.005,13.16,-2.2,0.8,100,0
"2026-01-22 13:45:00",142735,"",7999,2026,1,22,13,39,5,0.0004,0.442,0.001,-363515.1,0.392,0,0.817,6.45,2,0,0,-0.007,-0.005,13.16,-2.1,0.7,100,0
"2026-01-22 13:48:00",142736,"",7999,2026,1,22,13,39,5,0.0004,0.442,0.001,-363515.1,0.392,0,0.817,6.45,2,0,0,-0.007,-0.005,13.16,-2.1,0.7,100,0
"2026-01-22 13:51:00",142737,"",7999,2026,1,22,13,45,5,-0.0022,0.442,-0.003,-363515.6,0.392,-0.001,0.818,6.34,2,-0.001,0.001,-0.005,-0.007,13.16,-2.1,0.7,100,0
"2026-01-22 13:54:00",142738,"",7999,2026,1,22,13,45,5,-0.0022,0.442,-0.003,-363515.6,0.392,-0.001,0.818,6.34,2,-0.001,0.001,-0.005,-0.007,13.16,-2.1,0.7,100,0
"2026-01-22 13:57:00",142739,"",7999,2026,1,22,13,51,5,-0.0007,0.441,-0.001,-363516.1,0.391,0,0.817,6.36,2,0,0,-0.005,-0.019,13.16,-2,0.7,100,0
"2026-01-22 14:00:00",142740,"",7999,2026,1,22,13,51,5,-0.0007,0.441,-0.001,-363516.1,0.391,0,0.817,6.36,2,0,0,-0.005,-0.019,13.16,-2,0.7,100,0
"2026-01-22 14:03:00",142741,"",7999,2026,1,22,13,57,5,-0.0015,0.441,-0.002,-363516.5,0.391,0,0.816,6.36,0,0,0,-0.016,-0.005,13.16,-1.9,0.7,100,0
"2026-01-22 14:06:00",142742,"",7999,2026,1,22,13,57,5,-0.0015,0.441,-0.002,-363516.5,0.391,0,0.816,6.36,0,0,0,-0.016,-0.005,13.16,-1.9,0.7,100,0
"2026-01-22 14:09:00",142743,"",7999,2026,1,22,14,3,5,0.0006,0.44,0.001,-363516.5,0.39,0.001,0.814,6.34,0,0.001,-0.001,-0.023,-0.007,13.16,-1.9,0.7,100,0
"2026-01-22 14:12:00",142744,"",7999,2026,1,22,14,3,5,0.0006,0.44,0.001,-363516.5,0.39,0.001,0.814,6.34,0,0.001,-0.001,-0.023,-0.007,13.16,-1.9,0.7,100,0
"2026-01-22 14:15:00",142745,"",7999,2026,1,22,14,9,5,-0.0001,0.442,0,-363516.5,0.392,0,0.818,6.35,0,0,0,-0.009,-0.017,13.16,-1.9,0.7,100,0
"2026-01-22 14:18:00",142746,"",7999,2026,1,22,14,9,5,-0.0001,0.442,0,-363516.5,0.392,0,0.818,6.35,0,0,0,-0.009,-0.017,13.16,-1.9,0.7,100,0
"2026-01-22 14:21:00",142747,"",7999,2026,1,22,14,15,5,-0.0012,0.442,-0.002,-363516.8,0.392,0,0.818,6.36,0,0,0,-0.023,-0.021,13.16,-1.8,0.6,100,0
"2026-01-22 14:24:00",142748,"",7999,2026,1,22,14,15,5,-0.0012,0.442,-0.002,-363516.8,0.392,0,0.818,6.36,0,0,0,-0.023,-0.021,13.16,-1.8,0.6,100,0
"2026-01-22 14:27:00",142749,"",7999,2026,1,22,14,21,5,-0.0011,0.441,-0.001,-363517.2,0.391,-0.001,0.817,6.27,0,-0.001,-0.001,-0.019,-0.007,13.16,-1.8,0.6,100,0
"2026-01-22 14:30:00",142750,"",7999,2026,1,22,14,21,5,-0.0011,0.441,-0.001,-363517.2,0.391,-0.001,0.817,6.27,0,-0.001,-0.001,-0.019,-0.007,13.16,-1.8,0.6,100,0
"2026-01-22 14:33:00",142751,"",7999,2026,1,22,14,27,5,-0.0012,0.442,-0.002,-363517.7,0.392,0,0.818,6.28,0,0,0,-0.012,-0.012,13.17,-1.8,0.6,100,0
"2026-01-22 14:36:00",142752,"",7999,2026,1,22,14,27,5,-0.0012,0.442,-0.002,-363517.7,0.392,0,0.818,6.28,0,0,0,-0.012,-0.012,13.17,-1.8,0.6,100,0
"2026-01-22 14:39:00",142753,"",7999,2026,1,22,14,33,5,-0.0006,0.442,-0.001,-363518,0.392,0,0.818,6.27,0,0,0,-0.005,0.012,13.17,-1.8,0.6,100,0
"2026-01-22 14:42:00",142754,"",7999,2026,1,22,14,33,5,-0.0006,0.442,-0.001,-363518,0.392,0,0.818,6.27,0,0,0,-0.005,0.012,13.17,-1.8,0.6,100,0
"2026-01-22 14:45:00",142755,"",7999,2026,1,22,14,39,5,-0,0.448,0,-363518.1,0.398,0,0.829,6.26,0,0,0,-0.012,-0.005,13.17,-1.8,0.6,100,0
"2026-01-22 14:48:00",142756,"",7999,2026,1,22,14,39,5,-0,0.448,0,-363518.1,0.398,0,0.829,6.26,0,0,0,-0.012,-0.005,13.17,-1.8,0.6,100,0
"2026-01-22 14:51:00",142757,"",7999,2026,1,22,14,45,5,0.0004,0.458,0.001,-363518,0.408,0,0.848,6.28,0,0,0,-0.002,0.009,13.16,-1.7,0.6,100,0
"2026-01-22 14:54:00",142758,"",7999,2026,1,22,14,45,5,0.0004,0.458,0.001,-363518,0.408,0,0.848,6.28,0,0,0,-0.002,0.009,13.16,-1.7,0.6,100,0
"2026-01-22 14:57:00",142759,"",7999,2026,1,22,14,51,5,-0.0001,0.473,0,-363517.9,0.423,0,0.875,6.21,0,0,0,-0.019,-0.005,13.16,-1.7,0.6,100,0
"2026-01-22 15:00:00",142760,"",7999,2026,1,22,14,51,5,-0.0001,0.473,0,-363517.9,0.423,0,0.875,6.21,0,0,0,-0.019,-0.005,13.16,-1.7,0.6,100,0
"2026-01-22 15:03:00",142761,"",7999,2026,1,22,14,57,5,0.0017,0.491,0.002,-363517.5,0.441,0.002,0.908,6.26,0,0.002,-0.001,-0.009,-0.007,13.17,-1.7,0.6,100,0
"2026-01-22 15:06:00",142762,"",7999,2026,1,22,14,57,5,0.0017,0.491,0.002,-363517.5,0.441,0.002,0.908,6.26,0,0.002,-0.001,-0.009,-0.007,13.17,-1.7,0.6,100,0
"2026-01-22 15:09:00",142763,"",7999,2026,1,22,15,3,5,0.0007,0.502,0.001,-363517.1,0.452,0,0.929,6.27,0,0,0,-0.002,-0.002,13.17,-1.7,0.6,100,0
"2026-01-22 15:12:00",142764,"",7999,2026,1,22,15,3,5,0.0007,0.502,0.001,-363517.1,0.452,0,0.929,6.27,0,0,0,-0.002,-0.002,13.17,-1.7,0.6,100,0
"2026-01-22 15:15:00",142765,"",7999,2026,1,22,15,9,5,-0.0032,0.502,-0.003,-363517.8,0.452,-0.002,0.929,6.28,0,-0.002,-0.001,-0.019,-0.012,13.17,-1.7,0.6,100,0
"2026-01-22 15:18:00",142766,"",7999,2026,1,22,15,9,5,-0.0032,0.502,-0.003,-363517.8,0.452,-0.002,0.929,6.28,0,-0.002,-0.001,-0.019,-0.012,13.17,-1.7,0.6,100,0
"2026-01-22 15:21:00",142767,"",7999,2026,1,22,15,15,5,0.0006,0.505,0.001,-363518.1,0.455,0.001,0.935,6.29,0,0.001,-0.001,-0.009,-0.007,13.17,-1.7,0.6,100,0
"2026-01-22 15:24:00",142768,"",7999,2026,1,22,15,15,5,0.0006,0.505,0.001,-363518.1,0.455,0.001,0.935,6.29,0,0.001,-0.001,-0.009,-0.007,13.17,-1.7,0.6,100,0
"2026-01-22 15:27:00",142769,"",7999,2026,1,22,15,21,5,0.0027,0.511,0.003,-363517.3,0.461,0.001,0.945,6.21,0,0.001,-0.001,-0.016,-0.017,13.17,-1.7,0.6,100,0
"2026-01-22 15:30:00",142770,"",7999,2026,1,22,15,21,5,0.0027,0.511,0.003,-363517.3,0.461,0.001,0.945,6.21,0,0.001,-0.001,-0.016,-0.017,13.17,-1.7,0.6,100,0
"2026-01-22 15:33:00",142771,"",7999,2026,1,22,15,27,5,0.0021,0.512,0.002,-363516.5,0.462,0.001,0.947,6.19,0,0.001,-0.001,-0.019,-0.019,13.17,-1.7,0.6,100,0
"2026-01-22 15:36:00",142772,"",7999,2026,1,22,15,27,5,0.0021,0.512,0.002,-363516.5,0.462,0.001,0.947,6.19,0,0.001,-0.001,-0.019,-0.019,13.17,-1.7,0.6,100,0
"2026-01-22 15:39:00",142773,"",7999,2026,1,22,15,33,5,0.0008,0.511,0.001,-363516,0.461,0,0.946,6.24,0,0,-0.001,-0.021,-0.009,13.16,-1.7,0.6,100,0
"2026-01-22 15:42:00",142774,"",7999,2026,1,22,15,33,5,0.0008,0.511,0.001,-363516,0.461,0,0.946,6.24,0,0,-0.001,-0.021,-0.009,13.16,-1.7,0.6,100,0
"2026-01-22 15:45:00",142775,"",7999,2026,1,22,15,39,5,-0.0012,0.51,-0.001,-363516.2,0.46,0,0.944,6.3,0,0,0,-0.019,-0.021,13.17,-1.7,0.6,100,0
"2026-01-22 15:48:00",142776,"",7999,2026,1,22,15,39,5,-0.0012,0.51,-0.001,-363516.2,0.46,0,0.944,6.3,0,0,0,-0.019,-0.021,13.17,-1.7,0.6,100,0
"2026-01-22 15:51:00",142777,"",7999,2026,1,22,15,45,5,0,0.511,0,-363516.3,0.461,0,0.946,6.31,0,0,-0.001,0,-0.005,13.17,-1.7,0.6,100,0
"2026-01-22 15:54:00",142778,"",7999,2026,1,22,15,45,5,0,0.511,0,-363516.3,0.461,0,0.946,6.31,0,0,-0.001,0,-0.005,13.17,-1.7,0.6,100,0
"2026-01-22 15:57:00",142779,"",7999,2026,1,22,15,51,5,0.0046,0.517,0.005,-363515.2,0.467,0.004,0.957,6.27,0,0.004,0.001,-0.007,0,13.17,-1.7,0.6,100,0
"2026-01-22 16:00:00",142780,"",7999,2026,1,22,15,51,5,0.0046,0.517,0.005,-363515.2,0.467,0.004,0.957,6.27,0,0.004,0.001,-0.007,0,13.17,-1.7,0.6,100,0
"2026-01-22 16:03:00",142781,"",7999,2026,1,22,15,57,5,-0.0011,0.525,-0.001,-363514.9,0.475,0,0.972,6.25,0,0,0,-0.014,-0.021,13.16,-1.7,0.6,100,0
"2026-01-22 16:06:00",142782,"",7999,2026,1,22,15,57,5,-0.0011,0.525,-0.001,-363514.9,0.475,0,0.972,6.25,0,0,0,-0.014,-0.021,13.16,-1.7,0.6,100,0
"2026-01-22 16:09:00",142783,"",7999,2026,1,22,16,3,5,0.0002,0.534,0,-363515,0.484,0,0.989,6.33,0,0,0,-0.012,-0.021,13.16,-1.7,0.6,100,0
"2026-01-22 16:12:00",142784,"",7999,2026,1,22,16,3,5,0.0002,0.534,0,-363515,0.484,0,0.989,6.33,0,0,0,-0.012,-0.021,13.16,-1.7,0.6,100,0
"2026-01-22 16:15:00",142785,"",7999,2026,1,22,16,9,5,0.0003,0.547,0,-363514.9,0.497,0,1.012,6.33,0,0,0,-0.014,-0.017,13.16,-1.7,0.6,100,0
"2026-01-22 16:18:00",142786,"",7999,2026,1,22,16,9,5,0.0003,0.547,0,-363514.9,0.497,0,1.012,6.33,0,0,0,-0.014,-0.017,13.16,-1.7,0.6,100,0
"2026-01-22 16:21:00",142787,"",7999,2026,1,22,16,15,5,-0,0.558,0,-363514.9,0.508,0,1.033,6.34,0,0,0,-0.014,-0.014,13.17,-1.7,0.6,100,0
"2026-01-22 16:24:00",142788,"",7999,2026,1,22,16,15,5,-0,0.558,0,-363514.9,0.508,0,1.033,6.34,0,0,0,-0.014,-0.014,13.17,-1.7,0.6,100,0
"2026-01-22 16:27:00",142789,"",7999,2026,1,22,16,21,5,0.0052,0.576,0.005,-363513.6,0.526,0.004,1.067,6.33,0,0.004,-0.001,-0.012,0,13.17,-1.7,0.6,100,0
"2026-01-22 16:30:00",142790,"",7999,2026,1,22,16,21,5,0.0052,0.576,0.005,-363513.6,0.526,0.004,1.067,6.33,0,0.004,-0.001,-0.012,0,13.17,-1.7,0.6,100,0
"2026-01-22 16:33:00",142791,"",7999,2026,1,22,16,27,5,0.0039,0.587,0.004,-363512,0.537,0.002,1.087,6.28,0,0.002,0,0,0.007,13.17,-1.6,0.6,100,0
"2026-01-22 16:36:00",142792,"",7999,2026,1,22,16,27,5,0.0039,0.587,0.004,-363512,0.537,0.002,1.087,6.28,0,0.002,0,0,0.007,13.17,-1.6,0.6,100,0
"2026-01-22 16:39:00",142793,"",7999,2026,1,22,16,33,5,0.0091,0.6,0.008,-363509.3,0.55,0.007,1.11,6.28,0,0.007,-0.001,0.002,-0.007,13.16,-1.6,0.6,100,0
"2026-01-22 16:42:00",142794,"",7999,2026,1,22,16,33,5,0.0091,0.6,0.008,-363509.3,0.55,0.007,1.11,6.28,0,0.007,-0.001,0.002,-0.007,13.16,-1.6,0.6,100,0
"2026-01-22 16:45:00",142795,"",7999,2026,1,22,16,39,5,0.008,0.61,0.007,-363506.3,0.56,0.005,1.128,6.27,0,0.005,-0.001,0.012,0.002,13.16,-1.6,0.6,100,0
"2026-01-22 16:48:00",142796,"",7999,2026,1,22,16,39,5,0.008,0.61,0.007,-363506.3,0.56,0.005,1.128,6.27,0,0.005,-0.001,0.012,0.002,13.16,-1.6,0.6,100,0
"2026-01-22 16:51:00",142797,"",7999,2026,1,22,16,45,5,0.0066,0.618,0.006,-363503.7,0.568,0.004,1.144,6.27,0,0.004,-0.001,0.009,0.002,13.17,-1.6,0.6,100,0
"2026-01-22 16:54:00",142798,"",7999,2026,1,22,16,45,5,0.0066,0.618,0.006,-363503.7,0.568,0.004,1.144,6.27,0,0.004,-0.001,0.009,0.002,13.17,-1.6,0.6,100,0
"2026-01-22 16:57:00",142799,"",7999,2026,1,22,16,51,5,0.0029,0.626,0.003,-363502.2,0.576,0.002,1.159,6.27,0,0.002,-0.001,-0.016,-0.002,13.17,-1.6,0.6,100,0
"2026-01-22 17:00:00",142800,"",7999,2026,1,22,16,51,5,0.0029,0.626,0.003,-363502.2,0.576,0.002,1.159,6.27,0,0.002,-0.001,-0.016,-0.002,13.17,-1.6,0.6,100,0
"2026-01-22 17:03:00",142801,"",7999,2026,1,22,16,57,5,0.0037,0.632,0.003,-363501,0.582,0.002,1.169,6.29,0,0.002,0,-0.009,-0.009,13.16,-1.6,0.6,100,0
"2026-01-22 17:06:00",142802,"",7999,2026,1,22,16,57,5,0.0037,0.632,0.003,-363501,0.582,0.002,1.169,6.29,0,0.002,0,-0.009,-0.009,13.16,-1.6,0.6,100,0
"2026-01-22 17:09:00",142803,"",7999,2026,1,22,17,3,5,-0.0021,0.633,-0.002,-363501,0.583,-0.001,1.171,6.29,0,-0.001,0.001,-0.028,-0.009,13.17,-1.6,0.6,100,0
"2026-01-22 17:12:00",142804,"",7999,2026,1,22,17,3,5,-0.0021,0.633,-0.002,-363501,0.583,-0.001,1.171,6.29,0,-0.001,0.001,-0.028,-0.009,13.17,-1.6,0.6,100,0
"2026-01-22 17:15:00",142805,"",7999,2026,1,22,17,9,5,0.0045,0.635,0.004,-363500.2,0.585,0.002,1.175,6.29,0,0.002,0.001,0,-0.021,13.16,-1.6,0.6,100,0
"2026-01-22 17:18:00",142806,"",7999,2026,1,22,17,9,5,0.0045,0.635,0.004,-363500.2,0.585,0.002,1.175,6.29,0,0.002,0.001,0,-0.021,13.16,-1.6,0.6,100,0
"2026-01-22 17:21:00",142807,"",7999,2026,1,22,17,15,5,-0.0046,0.633,-0.004,-363500.8,0.583,-0.002,1.172,6.26,0,-0.002,0,0,-0.028,13.16,-1.6,0.6,100,0
"2026-01-22 17:24:00",142808,"",7999,2026,1,22,17,15,5,-0.0046,0.633,-0.004,-363500.8,0.583,-0.002,1.172,6.26,0,-0.002,0,0,-0.028,13.16,-1.6,0.6,100,0
"2026-01-22 17:27:00",142809,"",7999,2026,1,22,17,21,5,-0.0017,0.63,-0.001,-363501.8,0.58,-0.001,1.165,6.31,0,-0.001,0.001,-0.014,-0.012,13.16,-1.6,0.6,100,0
"2026-01-22 17:30:00",142810,"",7999,2026,1,22,17,21,5,-0.0017,0.63,-0.001,-363501.8,0.58,-0.001,1.165,6.31,0,-0.001,0.001,-0.014,-0.012,13.16,-1.6,0.6,100,0
"2026-01-22 17:33:00",142811,"",7999,2026,1,22,17,27,5,0.0104,0.634,0.009,-363499.5,0.584,0.007,1.173,6.3,0,0.007,0.002,-0.014,-0.019,13.16,-1.6,0.6,100,0
"2026-01-22 17:36:00",142812,"",7999,2026,1,22,17,27,5,0.0104,0.634,0.009,-363499.5,0.584,0.007,1.173,6.3,0,0.007,0.002,-0.014,-0.019,13.16,-1.6,0.6,100,0
"2026-01-22 17:39:00",142813,"",7999,2026,1,22,17,33,5,0.0001,0.636,0,-363498.2,0.586,0,1.177,6.34,0,0,0.002,-0.009,-0.017,13.16,-1.6,0.6,100,0
"2026-01-22 17:42:00",142814,"",7999,2026,1,22,17,33,5,0.0001,0.636,0,-363498.2,0.586,0,1.177,6.34,0,0,0.002,-0.009,-0.017,13.16,-1.6,0.6,100,0
"2026-01-22 17:45:00",142815,"",7999,2026,1,22,17,39,5,0.0052,0.641,0.004,-363496.9,0.591,0.004,1.186,6.39,0,0.004,-0.001,-0.005,-0.002,13.16,-1.6,0.6,100,0
"2026-01-22 17:48:00",142816,"",7999,2026,1,22,17,39,5,0.0052,0.641,0.004,-363496.9,0.591,0.004,1.186,6.39,0,0.004,-0.001,-0.005,-0.002,13.16,-1.6,0.6,100,0
"2026-01-22 17:51:00",142817,"",7999,2026,1,22,17,45,5,0.0044,0.648,0.004,-363495.2,0.598,0.002,1.2,6.36,0,0.002,-0.001,-0.007,0.009,13.16,-1.6,0.6,100,0
"2026-01-22 17:54:00",142818,"",7999,2026,1,22,17,45,5,0.0044,0.648,0.004,-363495.2,0.598,0.002,1.2,6.36,0,0.002,-0.001,-0.007,0.009,13.16,-1.6,0.6,100,0
"2026-01-22 17:57:00",142819,"",7999,2026,1,22,17,51,5,0.0065,0.657,0.005,-363493.1,0.607,0.005,1.215,6.36,0,0.005,-0.001,0.002,0.002,13.16,-1.6,0.6,100,0
"2026-01-22 18:00:00",142820,"",7999,2026,1,22,17,51,5,0.0065,0.657,0.005,-363493.1,0.607,0.005,1.215,6.36,0,0.005,-0.001,0.002,0.002,13.16,-1.6,0.6,100,0
"2026-01-22 18:03:00",142821,"",7999,2026,1,22,17,57,5,0.0115,0.665,0.009,-363489.6,0.615,0.008,1.231,6.39,0,0.008,-0.002,-0.005,0,13.16,-1.6,0.6,100,0
"2026-01-22 18:06:00",142822,"",7999,2026,1,22,17,57,5,0.0115,0.665,0.009,-363489.6,0.615,0.008,1.231,6.39,0,0.008,-0.002,-0.005,0,13.16,-1.6,0.6,100,0
"2026-01-22 18:09:00",142823,"",7999,2026,1,22,18,3,5,0.0023,0.674,0.002,-363487.6,0.624,0,1.248,6.39,0,0,0,-0.009,-0.005,13.16,-1.6,0.6,100,0
"2026-01-22 18:12:00",142824,"",7999,2026,1,22,18,3,5,0.0023,0.674,0.002,-363487.6,0.624,0,1.248,6.39,0,0,0,-0.009,-0.005,13.16,-1.6,0.6,100,0
"2026-01-22 18:15:00",142825,"",7999,2026,1,22,18,9,5,0.0053,0.682,0.004,-363486,0.632,0.004,1.262,6.39,0,0.004,0.001,-0.002,-0.007,13.16,-1.6,0.6,100,0
"2026-01-22 18:18:00",142826,"",7999,2026,1,22,18,9,5,0.0053,0.682,0.004,-363486,0.632,0.004,1.262,6.39,0,0.004,0.001,-0.002,-0.007,13.16,-1.6,0.6,100,0
"2026-01-22 18:21:00",142827,"",7999,2026,1,22,18,15,5,0.0117,0.691,0.009,-363482.6,0.641,0.008,1.278,6.38,0,0.008,-0.002,-0.005,0,13.16,-1.6,0.6,100,0
"2026-01-22 18:24:00",142828,"",7999,2026,1,22,18,15,5,0.0117,0.691,0.009,-363482.6,0.641,0.008,1.278,6.38,0,0.008,-0.002,-0.005,0,13.16,-1.6,0.6,100,0
"2026-01-22 18:27:00",142829,"",7999,2026,1,22,18,21,5,0.0117,0.698,0.009,-363478.3,0.648,0.007,1.292,6.39,0,0.007,-0.001,-0.005,-0.005,13.16,-1.6,0.6,100,0
"2026-01-22 18:30:00",142830,"",7999,2026,1,22,18,21,5,0.0117,0.698,0.009,-363478.3,0.648,0.007,1.292,6.39,0,0.007,-0.001,-0.005,-0.005,13.16,-1.6,0.6,100,0
"2026-01-22 18:33:00",142831,"",7999,2026,1,22,18,27,5,-0.0002,0.702,0,-363477,0.652,0,1.3,6.39,0,0,0,0.005,-0.005,13.16,-1.6,0.6,100,0
"2026-01-22 18:36:00",142832,"",7999,2026,1,22,18,27,5,-0.0002,0.702,0,-363477,0.652,0,1.3,6.39,0,0,0,0.005,-0.005,13.16,-1.6,0.6,100,0
"2026-01-22 18:39:00",142833,"",7999,2026,1,22,18,33,5,0.0046,0.706,0.004,-363475.9,0.656,0.002,1.307,6.42,0,0.002,0,-0.012,-0.005,13.16,-1.6,0.6,100,0
"2026-01-22 18:42:00",142834,"",7999,2026,1,22,18,33,5,0.0046,0.706,0.004,-363475.9,0.656,0.002,1.307,6.42,0,0.002,0,-0.012,-0.005,13.16,-1.6,0.6,100,0
"2026-01-22 18:45:00",142835,"",7999,2026,1,22,18,39,5,0.0031,0.708,0.002,-363474.6,0.658,0.001,1.31,6.38,0,0.001,-0.001,-0.016,-0.012,13.16,-1.6,0.6,100,0
"2026-01-22 18:48:00",142836,"",7999,2026,1,22,18,39,5,0.0031,0.708,0.002,-363474.6,0.658,0.001,1.31,6.38,0,0.001,-0.001,-0.016,-0.012,13.16,-1.6,0.6,100,0
"2026-01-22 18:51:00",142837,"",7999,2026,1,22,18,45,5,-0.0007,0.709,-0.001,-363474.4,0.659,0,1.311,6.39,0,0,0,-0.014,-0.021,13.16,-1.6,0.6,100,0
"2026-01-22 18:54:00",142838,"",7999,2026,1,22,18,45,5,-0.0007,0.709,-0.001,-363474.4,0.659,0,1.311,6.39,0,0,0,-0.014,-0.021,13.16,-1.6,0.6,100,0
"2026-01-22 18:57:00",142839,"",7999,2026,1,22,18,51,5,-0.0071,0.707,-0.005,-363476.2,0.657,-0.005,1.308,6.39,0,-0.005,0,-0.012,-0.012,13.16,-1.6,0.6,100,0
"2026-01-22 19:00:00",142840,"",7999,2026,1,22,18,51,5,-0.0071,0.707,-0.005,-363476.2,0.657,-0.005,1.308,6.39,0,-0.005,0,-0.012,-0.012,13.16,-1.6,0.6,100,0
"2026-01-22 19:03:00",142841,"",7999,2026,1,22,18,57,5,-0.0033,0.705,-0.003,-363477.8,0.655,-0.002,1.304,6.42,0,-0.002,0.001,-0.016,-0.019,13.16,-1.6,0.6,100,0
"2026-01-22 19:06:00",142842,"",7999,2026,1,22,18,57,5,-0.0033,0.705,-0.003,-363477.8,0.655,-0.002,1.304,6.42,0,-0.002,0.001,-0.016,-0.019,13.16,-1.6,0.6,100,0
"2026-01-22 19:09:00",142843,"",7999,2026,1,22,19,3,5,-0.0019,0.701,-0.002,-363478.7,0.651,0,1.297,6.41,0,0,0,-0.014,-0.002,13.16,-1.6,0.6,100,0
"2026-01-22 19:12:00",142844,"",7999,2026,1,22,19,3,5,-0.0019,0.701,-0.002,-363478.7,0.651,0,1.297,6.41,0,0,0,-0.014,-0.002,13.16,-1.6,0.6,100,0
"2026-01-22 19:15:00",142845,"",7999,2026,1,22,19,9,5,-0.0039,0.697,-0.003,-363479.9,0.647,-0.002,1.29,6.42,0,-0.002,0.001,-0.005,-0.019,13.16,-1.6,0.6,100,0
"2026-01-22 19:18:00",142846,"",7999,2026,1,22,19,9,5,-0.0039,0.697,-0.003,-363479.9,0.647,-0.002,1.29,6.42,0,-0.002,0.001,-0.005,-0.019,13.16,-1.6,0.6,100,0
"2026-01-22 19:21:00",142847,"",7999,2026,1,22,19,15,5,-0.0048,0.696,-0.004,-363481.5,0.646,-0.002,1.288,6.43,0,-0.002,0.001,-0.009,-0.009,13.16,-1.6,0.6,100,0
"2026-01-22 19:24:00",142848,"",7999,2026,1,22,19,15,5,-0.0048,0.696,-0.004,-363481.5,0.646,-0.002,1.288,6.43,0,-0.002,0.001,-0.009,-0.009,13.16,-1.6,0.6,100,0
"2026-01-22 19:27:00",142849,"",7999,2026,1,22,19,21,5,-0.0032,0.695,-0.003,-363482.9,0.645,-0.001,1.286,6.47,0,-0.001,-0.001,-0.028,-0.012,13.16,-1.6,0.6,100,0
"2026-01-22 19:30:00",142850,"",7999,2026,1,22,19,21,5,-0.0032,0.695,-0.003,-363482.9,0.645,-0.001,1.286,6.47,0,-0.001,-0.001,-0.028,-0.012,13.16,-1.6,0.6,100,0
"2026-01-22 19:33:00",142851,"",7999,2026,1,22,19,27,5,-0.0004,0.693,0,-363483.4,0.643,0,1.282,6.5,0,0,0,-0.019,-0.012,13.16,-1.6,0.6,100,0
"2026-01-22 19:36:00",142852,"",7999,2026,1,22,19,27,5,-0.0004,0.693,0,-363483.4,0.643,0,1.282,6.5,0,0,0,-0.019,-0.012,13.16,-1.6,0.6,100,0
"2026-01-22 19:39:00",142853,"",7999,2026,1,22,19,33,5,0.0031,0.693,0.002,-363482.7,0.643,0.001,1.282,6.47,0,0.001,0.001,-0.005,-0.012,13.16,-1.6,0.6,100,0
"2026-01-22 19:42:00",142854,"",7999,2026,1,22,19,33,5,0.0031,0.693,0.002,-363482.7,0.643,0.001,1.282,6.47,0,0.001,0.001,-0.005,-0.012,13.16,-1.6,0.6,100,0
"2026-01-22 19:45:00",142855,"",7999,2026,1,22,19,39,5,0.0015,0.693,0.001,-363481.9,0.643,0.001,1.283,6.49,0,0.001,-0.001,-0.019,-0.014,13.16,-1.6,0.6,100,0
"2026-01-22 19:48:00",142856,"",7999,2026,1,22,19,39,5,0.0015,0.693,0.001,-363481.9,0.643,0.001,1.283,6.49,0,0.001,-0.001,-0.019,-0.014,13.16,-1.6,0.6,100,0
"2026-01-22 19:51:00",142857,"",7999,2026,1,22,19,45,5,0.0024,0.694,0.002,-363481.1,0.644,0.001,1.285,6.52,0,0.001,0.001,0,-0.007,13.16,-1.6,0.6,100,0
"2026-01-22 19:54:00",142858,"",7999,2026,1,22,19,45,5,0.0024,0.694,0.002,-363481.1,0.644,0.001,1.285,6.52,0,0.001,0.001,0,-0.007,13.16,-1.6,0.6,100,0
"2026-01-22 19:57:00",142859,"",7999,2026,1,22,19,51,5,-0.0016,0.693,-0.001,-363481.2,0.643,0,1.282,6.47,0,0,0,-0.026,-0.007,13.16,-1.6,0.6,100,0
"2026-01-22 20:00:00",142860,"",7999,2026,1,22,19,51,5,-0.0016,0.693,-0.001,-363481.2,0.643,0,1.282,6.47,0,0,0,-0.026,-0.007,13.16,-1.6,0.6,100,0
"2026-01-22 20:03:00",142861,"",7999,2026,1,22,19,57,5,-0.0039,0.692,-0.003,-363482.4,0.642,-0.002,1.281,6.48,0,-0.002,0,-0.016,-0.009,13.16,-1.6,0.6,100,0
"2026-01-22 20:06:00",142862,"",7999,2026,1,22,19,57,5,-0.0039,0.692,-0.003,-363482.4,0.642,-0.002,1.281,6.48,0,-0.002,0,-0.016,-0.009,13.16,-1.6,0.6,100,0
"2026-01-22 20:09:00",142863,"",7999,2026,1,22,20,3,5,-0.0058,0.689,-0.005,-363484.3,0.639,-0.004,1.275,6.49,0,-0.004,-0.001,-0.019,-0.014,13.16,-1.6,0.6,100,0
"2026-01-22 20:12:00",142864,"",7999,2026,1,22,20,3,5,-0.0058,0.689,-0.005,-363484.3,0.639,-0.004,1.275,6.49,0,-0.004,-0.001,-0.019,-0.014,13.16,-1.6,0.6,100,0
"2026-01-22 20:15:00",142865,"",7999,2026,1,22,20,9,5,-0.0032,0.687,-0.003,-363485.7,0.637,-0.001,1.271,6.47,0,-0.001,0.001,0.021,-0.021,13.16,-1.6,0.6,100,0
"2026-01-22 20:18:00",142866,"",7999,2026,1,22,20,9,5,-0.0032,0.687,-0.003,-363485.7,0.637,-0.001,1.271,6.47,0,-0.001,0.001,0.021,-0.021,13.16,-1.6,0.6,100,0
"2026-01-22 20:21:00",142867,"",7999,2026,1,22,20,15,5,-0.016,0.68,-0.013,-363490,0.63,-0.011,1.259,6.48,0,-0.011,0.001,-0.012,-0.024,13.16,-1.6,0.6,100,0
"2026-01-22 20:24:00",142868,"",7999,2026,1,22,20,15,5,-0.016,0.68,-0.013,-363490,0.63,-0.011,1.259,6.48,0,-0.011,0.001,-0.012,-0.024,13.16,-1.6,0.6,100,0
"2026-01-22 20:27:00",142869,"",7999,2026,1,22,20,21,5,-0.0053,0.676,-0.004,-363493.2,0.626,-0.002,1.252,6.52,0,-0.002,-0.001,-0.016,-0.021,13.16,-1.6,0.6,100,0
"2026-01-22 20:30:00",142870,"",7999,2026,1,22,20,21,5,-0.0053,0.676,-0.004,-363493.2,0.626,-0.002,1.252,6.52,0,-0.002,-0.001,-0.016,-0.021,13.16,-1.6,0.6,100,0
"2026-01-22 20:33:00",142871,"",7999,2026,1,22,20,27,5,-0.0079,0.672,-0.006,-363495.7,0.622,-0.006,1.243,6.5,0,-0.006,-0.001,-0.005,-0.009,13.16,-1.6,0.6,100,0
"2026-01-22 20:36:00",142872,"",7999,2026,1,22,20,27,5,-0.0079,0.672,-0.006,-363495.7,0.622,-0.006,1.243,6.5,0,-0.006,-0.001,-0.005,-0.009,13.16,-1.6,0.6,100,0
"2026-01-22 20:39:00",142873,"",7999,2026,1,22,20,33,5,-0.006,0.667,-0.005,-363498.1,0.617,-0.004,1.234,6.54,0,-0.004,0.001,-0.009,-0.021,13.16,-1.6,0.6,100,0
"2026-01-22 20:42:00",142874,"",7999,2026,1,22,20,33,5,-0.006,0.667,-0.005,-363498.1,0.617,-0.004,1.234,6.54,0,-0.004,0.001,-0.009,-0.021,13.16,-1.6,0.6,100,0
"2026-01-22 20:45:00",142875,"",7999,2026,1,22,20,39,5,-0.0087,0.661,-0.007,-363500.9,0.611,-0.005,1.223,6.52,0,-0.005,0,-0.009,-0.017,13.16,-1.6,0.6,100,0
"2026-01-22 20:48:00",142876,"",7999,2026,1,22,20,39,5,-0.0087,0.661,-0.007,-363500.9,0.611,-0.005,1.223,6.52,0,-0.005,0,-0.009,-0.017,13.16,-1.6,0.6,100,0
"2026-01-22 20:51:00",142877,"",7999,2026,1,22,20,45,5,-0.0066,0.654,-0.005,-363503.6,0.604,-0.004,1.211,6.53,0,-0.004,0.001,0,-0.017,13.16,-1.6,0.6,100,0
"2026-01-22 20:54:00",142878,"",7999,2026,1,22,20,45,5,-0.0066,0.654,-0.005,-363503.6,0.604,-0.004,1.211,6.53,0,-0.004,0.001,0,-0.017,13.16,-1.6,0.6,100,0
"2026-01-22 20:57:00",142879,"",7999,2026,1,22,20,51,5,-0.0086,0.647,-0.007,-363506.4,0.597,-0.006,1.197,6.53,0,-0.006,0.001,-0.021,-0.014,13.16,-1.6,0.6,100,0
"2026-01-22 21:00:00",142880,"",7999,2026,1,22,20,51,5,-0.0086,0.647,-0.007,-363506.4,0.597,-0.006,1.197,6.53,0,-0.006,0.001,-0.021,-0.014,13.16,-1.6,0.6,100,0
"2026-01-22 21:03:00",142881,"",7999,2026,1,22,20,57,5,-0.0071,0.64,-0.006,-363509.2,0.59,-0.005,1.185,6.55,0,-0.005,0,-0.021,-0.021,13.15,-1.6,0.6,100,0
"2026-01-22 21:06:00",142882,"",7999,2026,1,22,20,57,5,-0.0071,0.64,-0.006,-363509.2,0.59,-0.005,1.185,6.55,0,-0.005,0,-0.021,-0.021,13.15,-1.6,0.6,100,0
"2026-01-22 21:09:00",142883,"",7999,2026,1,22,21,3,5,-0.0036,0.634,-0.003,-363510.9,0.584,-0.001,1.174,6.55,0,-0.001,0.001,-0.014,-0.019,13.15,-1.6,0.6,100,0
"2026-01-22 21:12:00",142884,"",7999,2026,1,22,21,3,5,-0.0036,0.634,-0.003,-363510.9,0.584,-0.001,1.174,6.55,0,-0.001,0.001,-0.014,-0.019,13.15,-1.6,0.6,100,0
"2026-01-22 21:15:00",142885,"",7999,2026,1,22,21,9,5,-0.0049,0.628,-0.004,-363512.6,0.578,-0.002,1.163,6.56,0,-0.002,-0.001,-0.014,-0.009,13.15,-1.6,0.6,100,0
"2026-01-22 21:18:00",142886,"",7999,2026,1,22,21,9,5,-0.0049,0.628,-0.004,-363512.6,0.578,-0.002,1.163,6.56,0,-0.002,-0.001,-0.014,-0.009,13.15,-1.6,0.6,100,0
"2026-01-22 21:21:00",142887,"",7999,2026,1,22,21,15,5,-0.003,0.624,-0.003,-363513.9,0.574,-0.002,1.155,6.57,0,-0.002,0,-0.012,-0.012,13.15,-1.6,0.6,100,0
"2026-01-22 21:24:00",142888,"",7999,2026,1,22,21,15,5,-0.003,0.624,-0.003,-363513.9,0.574,-0.002,1.155,6.57,0,-0.002,0,-0.012,-0.012,13.15,-1.6,0.6,100,0
"2026-01-22 21:27:00",142889,"",7999,2026,1,22,21,21,5,-0.0028,0.618,-0.002,-363514.9,0.568,-0.001,1.144,6.57,0,-0.001,-0.001,-0.023,-0.019,13.15,-1.6,0.6,100,0
"2026-01-22 21:30:00",142890,"",7999,2026,1,22,21,21,5,-0.0028,0.618,-0.002,-363514.9,0.568,-0.001,1.144,6.57,0,-0.001,-0.001,-0.023,-0.019,13.15,-1.6,0.6,100,0
"2026-01-22 21:33:00",142891,"",7999,2026,1,22,21,27,5,-0.0033,0.611,-0.003,-363516.1,0.561,-0.002,1.131,6.58,0,-0.002,0,-0.014,-0.012,13.15,-1.6,0.6,100,0
"2026-01-22 21:36:00",142892,"",7999,2026,1,22,21,27,5,-0.0033,0.611,-0.003,-363516.1,0.561,-0.002,1.131,6.58,0,-0.002,0,-0.014,-0.012,13.15,-1.6,0.6,100,0
"2026-01-22 21:39:00",142893,"",7999,2026,1,22,21,33,5,-0.006,0.603,-0.005,-363517.9,0.553,-0.004,1.116,6.61,0,-0.004,-0.001,-0.023,-0.014,13.15,-1.6,0.6,100,0
"2026-01-22 21:42:00",142894,"",7999,2026,1,22,21,33,5,-0.006,0.603,-0.005,-363517.9,0.553,-0.004,1.116,6.61,0,-0.004,-0.001,-0.023,-0.014,13.15,-1.6,0.6,100,0
"2026-01-22 21:45:00",142895,"",7999,2026,1,22,21,39,5,-0.0056,0.596,-0.005,-363520,0.546,-0.004,1.102,6.57,0,-0.004,-0.001,-0.012,-0.014,13.15,-1.6,0.6,100,0
"2026-01-22 21:48:00",142896,"",7999,2026,1,22,21,39,5,-0.0056,0.596,-0.005,-363520,0.546,-0.004,1.102,6.57,0,-0.004,-0.001,-0.012,-0.014,13.15,-1.6,0.6,100,0
"2026-01-22 21:51:00",142897,"",7999,2026,1,22,21,45,5,-0.0043,0.589,-0.004,-363521.8,0.539,-0.002,1.091,6.55,0,-0.002,0,-0.009,-0.007,13.15,-1.6,0.6,100,0
"2026-01-22 21:54:00",142898,"",7999,2026,1,22,21,45,5,-0.0043,0.589,-0.004,-363521.8,0.539,-0.002,1.091,6.55,0,-0.002,0,-0.009,-0.007,13.15,-1.6,0.6,100,0
"2026-01-22 21:57:00",142899,"",7999,2026,1,22,21,51,5,-0.0027,0.584,-0.003,-363522.9,0.534,-0.001,1.08,6.58,0,-0.001,-0.001,-0.002,-0.014,13.15,-1.6,0.6,100,0
"2026-01-22 22:00:00",142900,"",7999,2026,1,22,21,51,5,-0.0027,0.584,-0.003,-363522.9,0.534,-0.001,1.08,6.58,0,-0.001,-0.001,-0.002,-0.014,13.15,-1.6,0.6,100,0
"2026-01-22 22:03:00",142901,"",7999,2026,1,22,21,57,5,-0.0042,0.58,-0.004,-363524.3,0.53,-0.004,1.073,6.58,0,-0.004,-0.001,0,-0.017,13.15,-1.6,0.6,100,0
"2026-01-22 22:06:00",142902,"",7999,2026,1,22,21,57,5,-0.0042,0.58,-0.004,-363524.3,0.53,-0.004,1.073,6.58,0,-0.004,-0.001,0,-0.017,13.15,-1.6,0.6,100,0
"2026-01-22 22:09:00",142903,"",7999,2026,1,22,22,3,5,-0.0045,0.573,-0.004,-363525.8,0.523,-0.004,1.06,6.6,0,-0.004,-0.001,-0.007,-0.007,13.15,-1.6,0.6,100,0
"2026-01-22 22:12:00",142904,"",7999,2026,1,22,22,3,5,-0.0045,0.573,-0.004,-363525.8,0.523,-0.004,1.06,6.6,0,-0.004,-0.001,-0.007,-0.007,13.15,-1.6,0.6,100,0
"2026-01-22 22:15:00",142905,"",7999,2026,1,22,22,9,5,-0.0025,0.569,-0.002,-363527,0.519,-0.001,1.053,6.59,0,-0.001,-0.001,-0.002,-0.012,13.15,-1.6,0.6,100,0
"2026-01-22 22:18:00",142906,"",7999,2026,1,22,22,9,5,-0.0025,0.569,-0.002,-363527,0.519,-0.001,1.053,6.59,0,-0.001,-0.001,-0.002,-0.012,13.15,-1.6,0.6,100,0
"2026-01-22 22:21:00",142907,"",7999,2026,1,22,22,15,5,-0.0021,0.562,-0.002,-363527.8,0.512,-0.001,1.041,6.58,0,-0.001,-0.001,-0.005,-0.005,13.15,-1.6,0.6,100,0
"2026-01-22 22:24:00",142908,"",7999,2026,1,22,22,15,5,-0.0021,0.562,-0.002,-363527.8,0.512,-0.001,1.041,6.58,0,-0.001,-0.001,-0.005,-0.005,13.15,-1.6,0.6,100,0
"2026-01-22 22:27:00",142909,"",7999,2026,1,22,22,21,5,-0.0014,0.556,-0.001,-363528.4,0.506,0,1.029,6.6,0,0,0,-0.016,-0.002,13.15,-1.6,0.6,100,0
"2026-01-22 22:30:00",142910,"",7999,2026,1,22,22,21,5,-0.0014,0.556,-0.001,-363528.4,0.506,0,1.029,6.6,0,0,0,-0.016,-0.002,13.15,-1.6,0.6,100,0
"2026-01-22 22:33:00",142911,"",7999,2026,1,22,22,27,5,-0.0026,0.55,-0.003,-363529.2,0.5,-0.001,1.018,6.59,0,-0.001,-0.001,0,-0.019,13.15,-1.6,0.6,100,0
"2026-01-22 22:36:00",142912,"",7999,2026,1,22,22,27,5,-0.0026,0.55,-0.003,-363529.2,0.5,-0.001,1.018,6.59,0,-0.001,-0.001,0,-0.019,13.15,-1.6,0.6,100,0
"2026-01-22 22:39:00",142913,"",7999,2026,1,22,22,33,5,-0.002,0.545,-0.002,-363530,0.495,0,1.009,6.6,0,0,0,-0.007,0.007,13.15,-1.6,0.6,100,0
"2026-01-22 22:42:00",142914,"",7999,2026,1,22,22,33,5,-0.002,0.545,-0.002,-363530,0.495,0,1.009,6.6,0,0,0,-0.007,0.007,13.15,-1.6,0.6,100,0
"2026-01-22 22:45:00",142915,"",7999,2026,1,22,22,39,5,-0.0017,0.54,-0.002,-363530.7,0.49,0,0.999,6.59,0,0,0,-0.012,-0.007,13.15,-1.6,0.6,100,0
"2026-01-22 22:48:00",142916,"",7999,2026,1,22,22,39,5,-0.0017,0.54,-0.002,-363530.7,0.49,0,0.999,6.59,0,0,0,-0.012,-0.007,13.15,-1.6,0.6,100,0
"2026-01-22 22:51:00",142917,"",7999,2026,1,22,22,45,5,-0.0023,0.535,-0.002,-363531.5,0.485,-0.001,0.99,6.61,0,-0.001,-0.001,-0.007,-0.005,13.15,-1.6,0.6,100,0
"2026-01-22 22:54:00",142918,"",7999,2026,1,22,22,45,5,-0.0023,0.535,-0.002,-363531.5,0.485,-0.001,0.99,6.61,0,-0.001,-0.001,-0.007,-0.005,13.15,-1.6,0.6,100,0
"2026-01-22 22:57:00",142919,"",7999,2026,1,22,22,51,5,-0.0034,0.53,-0.004,-363532.6,0.48,-0.002,0.982,6.61,0,-0.002,0.001,-0.007,0,13.15,-1.6,0.6,100,0
"2026-01-22 23:00:00",142920,"",7999,2026,1,22,22,51,5,-0.0034,0.53,-0.004,-363532.6,0.48,-0.002,0.982,6.61,0,-0.002,0.001,-0.007,0,13.15,-1.6,0.6,100,0
"2026-01-22 23:03:00",142921,"",7999,2026,1,22,22,57,5,-0.0006,0.526,-0.001,-363533.2,0.476,0,0.973,6.64,0,0,0,-0.007,-0.005,13.15,-1.6,0.6,100,0
"2026-01-22 23:06:00",142922,"",7999,2026,1,22,22,57,5,-0.0006,0.526,-0.001,-363533.2,0.476,0,0.973,6.64,0,0,0,-0.007,-0.005,13.15,-1.6,0.6,100,0
"2026-01-22 23:09:00",142923,"",7999,2026,1,22,23,3,5,-0.0018,0.518,-0.002,-363533.7,0.468,-0.001,0.959,6.65,0,-0.001,-0.001,-0.005,0,13.15,-1.6,0.6,100,0
"2026-01-22 23:12:00",142924,"",7999,2026,1,22,23,3,5,-0.0018,0.518,-0.002,-363533.7,0.468,-0.001,0.959,6.65,0,-0.001,-0.001,-0.005,0,13.15,-1.6,0.6,100,0
"2026-01-22 23:15:00",142925,"",7999,2026,1,22,23,9,5,-0.0007,0.51,-0.001,-363534.1,0.46,0,0.944,6.65,0,0,0,-0.007,0.005,13.15,-1.6,0.6,100,0
"2026-01-22 23:18:00",142926,"",7999,2026,1,22,23,9,5,-0.0007,0.51,-0.001,-363534.1,0.46,0,0.944,6.65,0,0,0,-0.007,0.005,13.15,-1.6,0.6,100,0
"2026-01-22 23:21:00",142927,"",7999,2026,1,22,23,15,5,-0.0007,0.503,-0.001,-363534.3,0.453,0,0.93,6.65,0,0,0,-0.016,0,13.15,-1.6,0.6,100,0
"2026-01-22 23:24:00",142928,"",7999,2026,1,22,23,15,5,-0.0007,0.503,-0.001,-363534.3,0.453,0,0.93,6.65,0,0,0,-0.016,0,13.15,-1.6,0.6,100,0
"2026-01-22 23:27:00",142929,"",7999,2026,1,22,23,21,5,-0.0006,0.498,-0.001,-363534.6,0.448,0,0.921,6.65,0,0,0,-0.002,0,13.15,-1.6,0.6,100,0
"2026-01-22 23:30:00",142930,"",7999,2026,1,22,23,21,5,-0.0006,0.498,-0.001,-363534.6,0.448,0,0.921,6.65,0,0,0,-0.002,0,13.15,-1.6,0.6,100,0
"2026-01-22 23:33:00",142931,"",7999,2026,1,22,23,27,5,-0.0028,0.492,-0.003,-363535.3,0.442,-0.002,0.911,6.65,0,-0.002,-0.001,-0.014,0,13.15,-1.6,0.6,100,0
"2026-01-22 23:36:00",142932,"",7999,2026,1,22,23,27,5,-0.0028,0.492,-0.003,-363535.3,0.442,-0.002,0.911,6.65,0,-0.002,-0.001,-0.014,0,13.15,-1.6,0.6,100,0
"2026-01-22 23:39:00",142933,"",7999,2026,1,22,23,33,5,-0.0012,0.487,-0.001,-363536,0.437,0,0.901,6.65,0,0,0,-0.028,-0.014,13.15,-1.6,0.6,100,0
"2026-01-22 23:42:00",142934,"",7999,2026,1,22,23,33,5,-0.0012,0.487,-0.001,-363536,0.437,0,0.901,6.65,0,0,0,-0.028,-0.014,13.15,-1.6,0.6,100,0
"2026-01-22 23:45:00",142935,"",7999,2026,1,22,23,39,5,-0.0011,0.482,-0.001,-363536.4,0.432,0,0.891,6.67,0,0,0,-0.007,-0.021,13.15,-1.6,0.6,100,0
"2026-01-22 23:48:00",142936,"",7999,2026,1,22,23,39,5,-0.0011,0.482,-0.001,-363536.4,0.432,0,0.891,6.67,0,0,0,-0.007,-0.021,13.15,-1.6,0.6,100,0
"2026-01-22 23:51:00",142937,"",7999,2026,1,22,23,45,5,-0.0019,0.477,-0.002,-363537,0.427,-0.001,0.883,6.7,0,-0.001,0.001,0.005,-0.012,13.15,-1.6,0.6,100,0
"2026-01-22 23:54:00",142938,"",7999,2026,1,22,23,45,5,-0.0019,0.477,-0.002,-363537,0.427,-0.001,0.883,6.7,0,-0.001,0.001,0.005,-0.012,13.15,-1.6,0.6,100,0
"2026-01-22 23:57:00",142939,"",7999,2026,1,22,23,51,5,-0.0014,0.473,-0.002,-363537.6,0.423,0,0.875,6.7,0,0,0,-0.002,0,13.15,-1.6,0.6,100,0
"2026-01-23 00:00:00",142940,"",7999,2026,1,22,23,51,5,-0.0014,0.473,-0.002,-363537.6,0.423,0,0.875,6.7,0,0,0,-0.002,0,13.15,-1.6,0.6,100,0
"2026-01-23 00:03:00",142941,"",7999,2026,1,22,23,57,5,-0.0014,0.469,-0.002,-363538.1,0.419,-0.001,0.868,6.68,0,-0.001,0.001,0.012,0,13.15,-1.6,0.6,100,0
"2026-01-23 00:06:00",142942,"",7999,2026,1,22,23,57,5,-0.0014,0.469,-0.002,-363538.1,0.419,-0.001,0.868,6.68,0,-0.001,0.001,0.012,0,13.15,-1.6,0.6,100,0
"2026-01-23 00:09:00",142943,"",7999,2026,1,23,0,3,5,-0.0005,0.466,-0.001,-363538.4,0.416,0,0.862,6.68,0,0,0,0.005,-0.009,13.15,-1.6,0.6,100,0
"2026-01-23 00:12:00",142944,"",7999,2026,1,23,0,3,5,-0.0005,0.466,-0.001,-363538.4,0.416,0,0.862,6.68,0,0,0,0.005,-0.009,13.15,-1.6,0.6,100,0
"2026-01-23 00:15:00",142945,"",7999,2026,1,23,0,9,5,-0.0007,0.462,-0.001,-363538.7,0.412,0,0.856,6.7,0,0,0,-0.007,0.005,13.15,-1.6,0.6,100,0
"2026-01-23 00:18:00",142946,"",7999,2026,1,23,0,9,5,-0.0007,0.462,-0.001,-363538.7,0.412,0,0.856,6.7,0,0,0,-0.007,0.005,13.15,-1.6,0.6,100,0
"2026-01-23 00:21:00",142947,"",7999,2026,1,23,0,15,5,0.0006,0.46,0.001,-363538.6,0.41,0,0.852,6.7,0,0,0,0.005,-0.024,13.15,-1.6,0.6,100,0
"2026-01-23 00:24:00",142948,"",7999,2026,1,23,0,15,5,0.0006,0.46,0.001,-363538.6,0.41,0,0.852,6.7,0,0,0,0.005,-0.024,13.15,-1.6,0.6,100,0
"2026-01-23 00:27:00",142949,"",7999,2026,1,23,0,21,5,0.002,0.458,0.002,-363538,0.408,0.002,0.848,6.72,0,0.002,0.001,-0.019,-0.012,13.15,-1.6,0.6,100,0
"2026-01-23 00:30:00",142950,"",7999,2026,1,23,0,21,5,0.002,0.458,0.002,-363538,0.408,0.002,0.848,6.72,0,0.002,0.001,-0.019,-0.012,13.15,-1.6,0.6,100,0
"2026-01-23 00:33:00",142951,"",7999,2026,1,23,0,27,5,0.0006,0.456,0.001,-363537.7,0.406,0,0.843,6.74,0,0,0,-0.021,-0.014,13.15,-1.6,0.6,100,0
"2026-01-23 00:36:00",142952,"",7999,2026,1,23,0,27,5,0.0006,0.456,0.001,-363537.7,0.406,0,0.843,6.74,0,0,0,-0.021,-0.014,13.15,-1.6,0.6,100,0
"2026-01-23 00:39:00",142953,"",7999,2026,1,23,0,33,5,0.0003,0.453,0,-363537.5,0.403,0,0.839,6.73,0,0,0,-0.016,0,13.15,-1.6,0.6,100,0
"2026-01-23 00:42:00",142954,"",7999,2026,1,23,0,33,5,0.0003,0.453,0,-363537.5,0.403,0,0.839,6.73,0,0,0,-0.016,0,13.15,-1.6,0.6,100,0
"2026-01-23 00:45:00",142955,"",7999,2026,1,23,0,39,5,-0.0004,0.452,0,-363537.5,0.402,0,0.836,6.75,0,0,0,-0.019,0.005,13.15,-1.6,0.6,100,0
"2026-01-23 00:48:00",142956,"",7999,2026,1,23,0,39,5,-0.0004,0.452,0,-363537.5,0.402,0,0.836,6.75,0,0,0,-0.019,0.005,13.15,-1.6,0.6,100,0
"2026-01-23 00:51:00",142957,"",7999,2026,1,23,0,45,5,-0.0018,0.45,-0.002,-363538,0.4,-0.001,0.833,6.74,0,-0.001,-0.001,-0.007,0.005,13.15,-1.6,0.6,100,0
"2026-01-23 00:54:00",142958,"",7999,2026,1,23,0,45,5,-0.0018,0.45,-0.002,-363538,0.4,-0.001,0.833,6.74,0,-0.001,-0.001,-0.007,0.005,13.15,-1.6,0.6,100,0
"2026-01-23 00:57:00",142959,"",7999,2026,1,23,0,51,5,-0.0006,0.448,-0.001,-363538.4,0.398,0,0.83,6.76,0,0,0,0,-0.014,13.15,-1.6,0.6,100,0
"2026-01-23 01:00:00",142960,"",7999,2026,1,23,0,51,5,-0.0006,0.448,-0.001,-363538.4,0.398,0,0.83,6.76,0,0,0,0,-0.014,13.15,-1.6,0.6,100,0
"2026-01-23 01:03:00",142961,"",7999,2026,1,23,0,57,5,-0.0008,0.447,-0.001,-363538.7,0.397,0,0.827,6.78,0,0,0,-0.007,-0.012,13.15,-1.6,0.6,100,0
"2026-01-23 01:06:00",142962,"",7999,2026,1,23,0,57,5,-0.0008,0.447,-0.001,-363538.7,0.397,0,0.827,6.78,0,0,0,-0.007,-0.012,13.15,-1.6,0.6,100,0
"2026-01-23 01:09:00",142963,"",7999,2026,1,23,1,3,5,-0.001,0.446,-0.001,-363539,0.396,0,0.825,6.78,0,0,0,-0.009,-0.005,13.15,-1.6,0.6,100,0
"2026-01-23 01:12:00",142964,"",7999,2026,1,23,1,3,5,-0.001,0.446,-0.001,-363539,0.396,0,0.825,6.78,0,0,0,-0.009,-0.005,13.15,-1.6,0.6,100,0
"2026-01-23 01:15:00",142965,"",7999,2026,1,23,1,9,5,-0.0009,0.445,-0.001,-363539.4,0.395,0,0.823,6.78,0,0,0,-0.016,-0.009,13.15,-1.6,0.6,100,0
"2026-01-23 01:18:00",142966,"",7999,2026,1,23,1,9,5,-0.0009,0.445,-0.001,-363539.4,0.395,0,0.823,6.78,0,0,0,-0.016,-0.009,13.15,-1.6,0.6,100,0
"2026-01-23 01:21:00",142967,"",7999,2026,1,23,1,15,5,-0.002,0.444,-0.002,-363540,0.394,-0.001,0.822,6.78,0,-0.001,-0.001,0.007,0,13.15,-1.6,0.6,100,0
"2026-01-23 01:24:00",142968,"",7999,2026,1,23,1,15,5,-0.002,0.444,-0.002,-363540,0.394,-0.001,0.822,6.78,0,-0.001,-0.001,0.007,0,13.15,-1.6,0.6,100,0
"2026-01-23 01:27:00",142969,"",7999,2026,1,23,1,21,5,-0.0011,0.443,-0.001,-363540.5,0.393,0,0.82,6.79,0,0,0,-0.023,-0.005,13.15,-1.6,0.6,100,0
"2026-01-23 01:30:00",142970,"",7999,2026,1,23,1,21,5,-0.0011,0.443,-0.001,-363540.5,0.393,0,0.82,6.79,0,0,0,-0.023,-0.005,13.15,-1.6,0.6,100,0
"2026-01-23 01:33:00",142971,"",7999,2026,1,23,1,27,5,-0.0006,0.442,-0.001,-363540.8,0.392,-0.001,0.819,6.79,0,-0.001,0.001,0.005,0,13.15,-1.6,0.6,100,0
"2026-01-23 01:36:00",142972,"",7999,2026,1,23,1,27,5,-0.0006,0.442,-0.001,-363540.8,0.392,-0.001,0.819,6.79,0,-0.001,0.001,0.005,0,13.15,-1.6,0.6,100,0
"2026-01-23 01:39:00",142973,"",7999,2026,1,23,1,33,5,-0.0016,0.442,-0.002,-363541.3,0.392,-0.001,0.818,6.78,0,-0.001,0.001,0.002,0.009,13.15,-1.6,0.6,100,0
"2026-01-23 01:42:00",142974,"",7999,2026,1,23,1,33,5,-0.0016,0.442,-0.002,-363541.3,0.392,-0.001,0.818,6.78,0,-0.001,0.001,0.002,0.009,13.15,-1.6,0.6,100,0
"2026-01-23 01:45:00",142975,"",7999,2026,1,23,1,39,5,-0.0012,0.441,-0.002,-363541.8,0.391,-0.001,0.817,6.79,0,-0.001,-0.001,0.005,-0.002,13.15,-1.6,0.6,100,0
"2026-01-23 01:48:00",142976,"",7999,2026,1,23,1,39,5,-0.0012,0.441,-0.002,-363541.8,0.391,-0.001,0.817,6.79,0,-0.001,-0.001,0.005,-0.002,13.15,-1.6,0.6,100,0
"2026-01-23 01:51:00",142977,"",7999,2026,1,23,1,45,5,0.0003,0.441,0,-363541.8,0.391,0,0.816,6.8,0,0,0,0.005,-0.014,13.15,-1.6,0.6,100,0
"2026-01-23 01:54:00",142978,"",7999,2026,1,23,1,45,5,0.0003,0.441,0,-363541.8,0.391,0,0.816,6.8,0,0,0,0.005,-0.014,13.15,-1.6,0.6,100,0
"2026-01-23 01:57:00",142979,"",7999,2026,1,23,1,51,5,-0.0015,0.44,-0.002,-363542.1,0.39,-0.001,0.815,6.79,0,-0.001,0.001,-0.026,0.002,13.15,-1.6,0.6,100,0
"2026-01-23 02:00:00",142980,"",7999,2026,1,23,1,51,5,-0.0015,0.44,-0.002,-363542.1,0.39,-0.001,0.815,6.79,0,-0.001,0.001,-0.026,0.002,13.15,-1.6,0.6,100,0
"2026-01-23 02:03:00",142981,"",7999,2026,1,23,1,57,5,-0.0005,0.44,-0.001,-363542.4,0.39,0,0.814,6.79,0,0,0,-0.009,0.002,13.15,-1.6,0.6,100,0
"2026-01-23 02:06:00",142982,"",7999,2026,1,23,1,57,5,-0.0005,0.44,-0.001,-363542.4,0.39,0,0.814,6.79,0,0,0,-0.009,0.002,13.15,-1.6,0.6,100,0
"2026-01-23 02:09:00",142983,"",7999,2026,1,23,2,3,5,-0.0006,0.44,-0.001,-363542.7,0.39,0,0.814,6.79,0,0,0,0,-0.009,13.14,-1.6,0.6,100,0
"2026-01-23 02:12:00",142984,"",7999,2026,1,23,2,3,5,-0.0006,0.44,-0.001,-363542.7,0.39,0,0.814,6.79,0,0,0,0,-0.009,13.14,-1.6,0.6,100,0
"2026-01-23 02:15:00",142985,"",7999,2026,1,23,2,9,5,0,0.439,0,-363542.8,0.389,0,0.813,6.81,0,0,0,-0.002,0.007,13.14,-1.6,0.6,100,0
"2026-01-23 02:18:00",142986,"",7999,2026,1,23,2,9,5,0,0.439,0,-363542.8,0.389,0,0.813,6.81,0,0,0,-0.002,0.007,13.14,-1.6,0.6,100,0
"2026-01-23 02:21:00",142987,"",7999,2026,1,23,2,15,5,-0.0014,0.439,-0.002,-363543.1,0.389,-0.001,0.813,6.76,0,-0.001,0.001,0,0.009,13.14,-1.6,0.6,100,0
"2026-01-23 02:24:00",142988,"",7999,2026,1,23,2,15,5,-0.0014,0.439,-0.002,-363543.1,0.389,-0.001,0.813,6.76,0,-0.001,0.001,0,0.009,13.14,-1.6,0.6,100,0
"2026-01-23 02:27:00",142989,"",7999,2026,1,23,2,21,5,0.0007,0.439,0.001,-363543.1,0.389,0,0.812,6.71,0,0,0,-0.002,-0.002,13.14,-1.6,0.6,100,0
"2026-01-23 02:30:00",142990,"",7999,2026,1,23,2,21,5,0.0007,0.439,0.001,-363543.1,0.389,0,0.812,6.71,0,0,0,-0.002,-0.002,13.14,-1.6,0.6,100,0
"2026-01-23 02:33:00",142991,"",7999,2026,1,23,2,27,5,-0.0002,0.439,0,-363543.1,0.389,0,0.812,6.69,0,0,0,-0.012,0,13.14,-1.6,0.6,100,0
"2026-01-23 02:36:00",142992,"",7999,2026,1,23,2,27,5,-0.0002,0.439,0,-363543.1,0.389,0,0.812,6.69,0,0,0,-0.012,0,13.14,-1.6,0.6,100,0
"2026-01-23 02:39:00",142993,"",7999,2026,1,23,2,33,5,-0.0008,0.439,-0.001,-363543.3,0.389,0,0.812,6.68,0,0,0,-0.007,-0.002,13.14,-1.6,0.6,100,0
"2026-01-23 02:42:00",142994,"",7999,2026,1,23,2,33,5,-0.0008,0.439,-0.001,-363543.3,0.389,0,0.812,6.68,0,0,0,-0.007,-0.002,13.14,-1.6,0.6,100,0
"2026-01-23 02:45:00",142995,"",7999,2026,1,23,2,39,5,-0.0009,0.439,-0.001,-363543.6,0.389,0,0.812,6.71,0,0,0,0,0.009,13.14,-1.6,0.6,100,0
"2026-01-23 02:48:00",142996,"",7999,2026,1,23,2,39,5,-0.0009,0.439,-0.001,-363543.6,0.389,0,0.812,6.71,0,0,0,0,0.009,13.14,-1.6,0.6,100,0
"2026-01-23 02:51:00",142997,"",7999,2026,1,23,2,45,5,-0.0008,0.44,-0.001,-363543.9,0.39,0,0.815,6.71,0,0,0,-0.012,0.005,13.14,-1.6,0.6,100,0
"2026-01-23 02:54:00",142998,"",7999,2026,1,23,2,45,5,-0.0008,0.44,-0.001,-363543.9,0.39,0,0.815,6.71,0,0,0,-0.012,0.005,13.14,-1.6,0.6,100,0
"2026-01-23 02:57:00",142999,"",7999,2026,1,23,2,51,5,0.0012,0.445,0.001,-363543.7,0.395,0,0.824,6.73,0,0,0,0.005,0.012,13.14,-1.6,0.6,100,0
"2026-01-23 03:00:00",143000,"",7999,2026,1,23,2,51,5,0.0012,0.445,0.001,-363543.7,0.395,0,0.824,6.73,0,0,0,0.005,0.012,13.14,-1.6,0.6,100,0
"2026-01-23 03:03:00",143001,"",7999,2026,1,23,2,57,5,0.0002,0.45,0,-363543.5,0.4,0,0.834,6.73,0,0,0,-0.005,-0.002,13.14,-1.6,0.6,100,0
"2026-01-23 03:06:00",143002,"",7999,2026,1,23,2,57,5,0.0002,0.45,0,-363543.5,0.4,0,0.834,6.73,0,0,0,-0.005,-0.002,13.14,-1.6,0.6,100,0
"2026-01-23 03:09:00",143003,"",7999,2026,1,23,3,3,5,0.0032,0.455,0.004,-363542.7,0.405,0.004,0.842,6.73,0,0.004,-0.003,-0.014,-0.005,13.14,-1.6,0.6,100,0
"2026-01-23 03:12:00",143004,"",7999,2026,1,23,3,3,5,0.0032,0.455,0.004,-363542.7,0.405,0.004,0.842,6.73,0,0.004,-0.003,-0.014,-0.005,13.14,-1.6,0.6,100,0
"2026-01-23 03:15:00",143005,"",7999,2026,1,23,3,9,5,-0.0001,0.459,0,-363542.3,0.409,0,0.849,6.76,0,0,0,-0.021,0.002,13.14,-1.6,0.6,100,0
"2026-01-23 03:18:00",143006,"",7999,2026,1,23,3,9,5,-0.0001,0.459,0,-363542.3,0.409,0,0.849,6.76,0,0,0,-0.021,0.002,13.14,-1.6,0.6,100,0
"2026-01-23 03:21:00",143007,"",7999,2026,1,23,3,15,5,0.0002,0.464,0,-363542.3,0.414,0,0.86,6.74,0,0,0,-0.009,-0.002,13.14,-1.6,0.6,100,0
"2026-01-23 03:24:00",143008,"",7999,2026,1,23,3,15,5,0.0002,0.464,0,-363542.3,0.414,0,0.86,6.74,0,0,0,-0.009,-0.002,13.14,-1.6,0.6,100,0
"2026-01-23 03:27:00",143009,"",7999,2026,1,23,3,21,5,0.0044,0.47,0.005,-363541.2,0.42,0.004,0.869,6.74,0,0.004,-0.001,-0.019,-0.002,13.14,-1.6,0.6,100,0
"2026-01-23 03:30:00",143010,"",7999,2026,1,23,3,21,5,0.0044,0.47,0.005,-363541.2,0.42,0.004,0.869,6.74,0,0.004,-0.001,-0.019,-0.002,13.14,-1.6,0.6,100,0
"2026-01-23 03:33:00",143011,"",7999,2026,1,23,3,27,5,-0.0005,0.474,-0.001,-363540.8,0.424,0,0.877,6.75,0,0,0,-0.03,0,13.14,-1.6,0.6,100,0
"2026-01-23 03:36:00",143012,"",7999,2026,1,23,3,27,5,-0.0005,0.474,-0.001,-363540.8,0.424,0,0.877,6.75,0,0,0,-0.03,0,13.14,-1.6,0.6,100,0
"2026-01-23 03:39:00",143013,"",7999,2026,1,23,3,33,5,0.0006,0.478,0.001,-363540.8,0.428,0,0.884,6.76,0,0,0,-0.014,0,13.14,-1.6,0.6,100,0
"2026-01-23 03:42:00",143014,"",7999,2026,1,23,3,33,5,0.0006,0.478,0.001,-363540.8,0.428,0,0.884,6.76,0,0,0,-0.014,0,13.14,-1.6,0.6,100,0
"2026-01-23 03:45:00",143015,"",7999,2026,1,23,3,39,5,0.0012,0.482,0.001,-363540.4,0.432,0.001,0.892,6.79,0,0.001,0.001,-0.019,-0.002,13.14,-1.6,0.6,100,0
"2026-01-23 03:48:00",143016,"",7999,2026,1,23,3,39,5,0.0012,0.482,0.001,-363540.4,0.432,0.001,0.892,6.79,0,0.001,0.001,-0.019,-0.002,13.14,-1.6,0.6,100,0
"2026-01-23 03:51:00",143017,"",7999,2026,1,23,3,45,5,-0,0.492,0,-363540.3,0.442,0,0.91,6.78,0,0,0,-0.002,0.007,13.14,-1.6,0.6,100,0
"2026-01-23 03:54:00",143018,"",7999,2026,1,23,3,45,5,-0,0.492,0,-363540.3,0.442,0,0.91,6.78,0,0,0,-0.002,0.007,13.14,-1.6,0.6,100,0
"2026-01-23 03:57:00",143019,"",7999,2026,1,23,3,51,5,0.0008,0.501,0.001,-363540.1,0.451,0.001,0.928,6.75,0,0.001,0.001,-0.007,-0.007,13.14,-1.6,0.6,100,0
"2026-01-23 04:00:00",143020,"",7999,2026,1,23,3,51,5,0.0008,0.501,0.001,-363540.1,0.451,0.001,0.928,6.75,0,0.001,0.001,-0.007,-0.007,13.14,-1.6,0.6,100,0
"2026-01-23 04:03:00",143021,"",7999,2026,1,23,3,57,5,0.0002,0.508,0,-363539.9,0.458,0,0.941,6.76,0,0,0,-0.012,-0.009,13.14,-1.6,0.6,100,0
"2026-01-23 04:06:00",143022,"",7999,2026,1,23,3,57,5,0.0002,0.508,0,-363539.9,0.458,0,0.941,6.76,0,0,0,-0.012,-0.009,13.14,-1.6,0.6,100,0
"2026-01-23 04:09:00",143023,"",7999,2026,1,23,4,3,5,0.0006,0.513,0.001,-363539.7,0.463,0,0.95,6.73,0,0,0,-0.021,-0.009,13.14,-1.6,0.6,100,0
"2026-01-23 04:12:00",143024,"",7999,2026,1,23,4,3,5,0.0006,0.513,0.001,-363539.7,0.463,0,0.95,6.73,0,0,0,-0.021,-0.009,13.14,-1.6,0.6,100,0
"2026-01-23 04:15:00",143025,"",7999,2026,1,23,4,9,5,-0.0014,0.52,-0.001,-363540,0.47,-0.001,0.963,6.73,0,-0.001,0.001,-0.016,-0.007,13.14,-1.6,0.6,100,0
"2026-01-23 04:18:00",143026,"",7999,2026,1,23,4,9,5,-0.0014,0.52,-0.001,-363540,0.47,-0.001,0.963,6.73,0,-0.001,0.001,-0.016,-0.007,13.14,-1.6,0.6,100,0
"2026-01-23 04:21:00",143027,"",7999,2026,1,23,4,15,5,-0.0007,0.531,-0.001,-363540.3,0.481,-0.001,0.983,6.74,0,-0.001,0.002,-0.014,-0.007,13.14,-1.6,0.6,100,0
"2026-01-23 04:24:00",143028,"",7999,2026,1,23,4,15,5,-0.0007,0.531,-0.001,-363540.3,0.481,-0.001,0.983,6.74,0,-0.001,0.002,-0.014,-0.007,13.14,-1.6,0.6,100,0
"2026-01-23 04:27:00",143029,"",7999,2026,1,23,4,21,5,0.0034,0.537,0.004,-363539.6,0.487,0.002,0.993,6.78,0,0.002,-0.001,-0.028,-0.012,13.14,-1.6,0.6,100,0
"2026-01-23 04:30:00",143030,"",7999,2026,1,23,4,21,5,0.0034,0.537,0.004,-363539.6,0.487,0.002,0.993,6.78,0,0.002,-0.001,-0.028,-0.012,13.14,-1.6,0.6,100,0
"2026-01-23 04:33:00",143031,"",7999,2026,1,23,4,27,5,0.003,0.545,0.003,-363538.5,0.495,0.002,1.008,6.81,0,0.002,-0.001,-0.009,0,13.14,-1.6,0.6,100,0
"2026-01-23 04:36:00",143032,"",7999,2026,1,23,4,27,5,0.003,0.545,0.003,-363538.5,0.495,0.002,1.008,6.81,0,0.002,-0.001,-0.009,0,13.14,-1.6,0.6,100,0
"2026-01-23 04:39:00",143033,"",7999,2026,1,23,4,33,5,0.0033,0.556,0.003,-363537.3,0.506,0.002,1.029,6.79,0,0.002,-0.001,-0.021,0,13.14,-1.6,0.6,100,0
"2026-01-23 04:42:00",143034,"",7999,2026,1,23,4,33,5,0.0033,0.556,0.003,-363537.3,0.506,0.002,1.029,6.79,0,0.002,-0.001,-0.021,0,13.14,-1.6,0.6,100,0
"2026-01-23 04:45:00",143035,"",7999,2026,1,23,4,39,5,0.0066,0.565,0.006,-363535.3,0.515,0.005,1.046,6.81,0,0.005,-0.001,-0.021,-0.002,13.14,-1.6,0.6,100,0
"2026-01-23 04:48:00",143036,"",7999,2026,1,23,4,39,5,0.0066,0.565,0.006,-363535.3,0.515,0.005,1.046,6.81,0,0.005,-0.001,-0.021,-0.002,13.14,-1.6,0.6,100,0
"2026-01-23 04:51:00",143037,"",7999,2026,1,23,4,45,5,-0.0016,0.575,-0.002,-363534.9,0.525,-0.001,1.063,6.8,0,-0.001,0.002,-0.007,0.002,13.14,-1.6,0.6,100,0
"2026-01-23 04:54:00",143038,"",7999,2026,1,23,4,45,5,-0.0016,0.575,-0.002,-363534.9,0.525,-0.001,1.063,6.8,0,-0.001,0.002,-0.007,0.002,13.14,-1.6,0.6,100,0
"2026-01-23 04:57:00",143039,"",7999,2026,1,23,4,51,5,-0.0011,0.577,-0.001,-363535.4,0.527,-0.001,1.068,6.8,0,-0.001,0.001,-0.033,-0.002,13.14,-1.6,0.6,100,0
"2026-01-23 05:00:00",143040,"",7999,2026,1,23,4,51,5,-0.0011,0.577,-0.001,-363535.4,0.527,-0.001,1.068,6.8,0,-0.001,0.001,-0.033,-0.002,13.14,-1.6,0.6,100,0
"2026-01-23 05:03:00",143041,"",7999,2026,1,23,4,57,5,0.0065,0.579,0.006,-363533.9,0.529,0.005,1.072,6.81,0,0.005,-0.002,-0.023,-0.024,13.14,-1.6,0.6,100,0
"2026-01-23 05:06:00",143042,"",7999,2026,1,23,4,57,5,0.0065,0.579,0.006,-363533.9,0.529,0.005,1.072,6.81,0,0.005,-0.002,-0.023,-0.024,13.14,-1.6,0.6,100,0
"2026-01-23 05:09:00",143043,"",7999,2026,1,23,5,3,5,0.0063,0.585,0.006,-363531.6,0.535,0.006,1.083,6.79,0,0.006,-0.003,-0.005,-0.002,13.14,-1.6,0.6,100,0
"2026-01-23 05:12:00",143044,"",7999,2026,1,23,5,3,5,0.0063,0.585,0.006,-363531.6,0.535,0.006,1.083,6.79,0,0.006,-0.003,-0.005,-0.002,13.14,-1.6,0.6,100,0
"2026-01-23 05:15:00",143045,"",7999,2026,1,23,5,9,5,0.0027,0.597,0.003,-363530.2,0.547,0.002,1.105,6.79,0,0.002,0.001,0,0,13.14,-1.6,0.6,100,0
"2026-01-23 05:18:00",143046,"",7999,2026,1,23,5,9,5,0.0027,0.597,0.003,-363530.2,0.547,0.002,1.105,6.79,0,0.002,0.001,0,0,13.14,-1.6,0.6,100,0
"2026-01-23 05:21:00",143047,"",7999,2026,1,23,5,15,5,0.0039,0.608,0.004,-363528.9,0.558,0.002,1.126,6.79,0,0.002,-0.001,0.019,-0.007,13.14,-1.6,0.6,100,0
"2026-01-23 05:24:00",143048,"",7999,2026,1,23,5,15,5,0.0039,0.608,0.004,-363528.9,0.558,0.002,1.126,6.79,0,0.002,-0.001,0.019,-0.007,13.14,-1.6,0.6,100,0
"2026-01-23 05:27:00",143049,"",7999,2026,1,23,5,21,5,0.0057,0.615,0.005,-363527.1,0.565,0.005,1.139,6.8,0,0.005,-0.001,-0.005,-0.005,13.14,-1.6,0.6,100,0
"2026-01-23 05:30:00",143050,"",7999,2026,1,23,5,21,5,0.0057,0.615,0.005,-363527.1,0.565,0.005,1.139,6.8,0,0.005,-0.001,-0.005,-0.005,13.14,-1.6,0.6,100,0
"2026-01-23 05:33:00",143051,"",7999,2026,1,23,5,27,5,-0.0142,0.616,-0.013,-363529.8,0.566,-0.011,1.14,6.82,0,-0.011,0.002,-0.035,-0.024,13.14,-1.6,0.6,100,0
"2026-01-23 05:36:00",143052,"",7999,2026,1,23,5,27,5,-0.0142,0.616,-0.013,-363529.8,0.566,-0.011,1.14,6.82,0,-0.011,0.002,-0.035,-0.024,13.14,-1.6,0.6,100,0
"2026-01-23 05:39:00",143053,"",7999,2026,1,23,5,33,5,0.0076,0.619,0.007,-363529.7,0.569,0.006,1.146,6.79,0,0.006,-0.001,0,0,13.14,-1.6,0.6,100,0
"2026-01-23 05:42:00",143054,"",7999,2026,1,23,5,33,5,0.0076,0.619,0.007,-363529.7,0.569,0.006,1.146,6.79,0,0.006,-0.001,0,0,13.14,-1.6,0.6,100,0
"2026-01-23 05:45:00",143055,"",7999,2026,1,23,5,39,5,-0.0036,0.628,-0.003,-363529.6,0.578,-0.002,1.163,6.77,0,-0.002,0.003,-0.021,0,13.14,-1.6,0.6,100,0
"2026-01-23 05:48:00",143056,"",7999,2026,1,23,5,39,5,-0.0036,0.628,-0.003,-363529.6,0.578,-0.002,1.163,6.77,0,-0.002,0.003,-0.021,0,13.14,-1.6,0.6,100,0
"2026-01-23 05:51:00",143057,"",7999,2026,1,23,5,45,5,0.011,0.638,0.009,-363527.4,0.588,0.007,1.18,6.78,0,0.007,0,-0.03,-0.002,13.14,-1.6,0.6,100,0
"2026-01-23 05:54:00",143058,"",7999,2026,1,23,5,45,5,0.011,0.638,0.009,-363527.4,0.588,0.007,1.18,6.78,0,0.007,0,-0.03,-0.002,13.14,-1.6,0.6,100,0
"2026-01-23 05:57:00",143059,"",7999,2026,1,23,5,51,5,-0.0017,0.642,-0.002,-363526.5,0.592,-0.001,1.189,6.8,0,-0.001,0.001,-0.023,-0.002,13.14,-1.6,0.6,100,0
"2026-01-23 06:00:00",143060,"",7999,2026,1,23,5,51,5,-0.0017,0.642,-0.002,-363526.5,0.592,-0.001,1.189,6.8,0,-0.001,0.001,-0.023,-0.002,13.14,-1.6,0.6,100,0
"2026-01-23 06:03:00",143061,"",7999,2026,1,23,5,57,5,0.0042,0.646,0.004,-363525.7,0.596,0.002,1.196,6.82,0,0.002,0,-0.007,-0.019,13.14,-1.6,0.6,100,0
"2026-01-23 06:06:00",143062,"",7999,2026,1,23,5,57,5,0.0042,0.646,0.004,-363525.7,0.596,0.002,1.196,6.82,0,0.002,0,-0.007,-0.019,13.14,-1.6,0.6,100,0
"2026-01-23 06:09:00",143063,"",7999,2026,1,23,6,3,5,0.0084,0.655,0.007,-363523.2,0.605,0.006,1.212,6.77,0,0.006,-0.001,-0.009,0.002,13.14,-1.6,0.6,100,0
"2026-01-23 06:12:00",143064,"",7999,2026,1,23,6,3,5,0.0084,0.655,0.007,-363523.2,0.605,0.006,1.212,6.77,0,0.006,-0.001,-0.009,0.002,13.14,-1.6,0.6,100,0
"2026-01-23 06:15:00",143065,"",7999,2026,1,23,6,9,5,0.0036,0.657,0.003,-363521.3,0.607,0.001,1.217,6.76,0,0.001,0.001,-0.021,-0.014,13.14,-1.6,0.6,100,0
"2026-01-23 06:18:00",143066,"",7999,2026,1,23,6,9,5,0.0036,0.657,0.003,-363521.3,0.607,0.001,1.217,6.76,0,0.001,0.001,-0.021,-0.014,13.14,-1.6,0.6,100,0
"2026-01-23 06:21:00",143067,"",7999,2026,1,23,6,15,5,0.009,0.664,0.007,-363518.7,0.614,0.006,1.228,6.74,0,0.006,-0.002,-0.028,0,13.14,-1.6,0.6,100,0
"2026-01-23 06:24:00",143068,"",7999,2026,1,23,6,15,5,0.009,0.664,0.007,-363518.7,0.614,0.006,1.228,6.74,0,0.006,-0.002,-0.028,0,13.14,-1.6,0.6,100,0
"2026-01-23 06:27:00",143069,"",7999,2026,1,23,6,21,5,0.0016,0.667,0.001,-363517.2,0.617,0.001,1.235,6.73,0,0.001,-0.003,-0.033,-0.019,13.14,-1.6,0.6,100,0
"2026-01-23 06:30:00",143070,"",7999,2026,1,23,6,21,5,0.0016,0.667,0.001,-363517.2,0.617,0.001,1.235,6.73,0,0.001,-0.003,-0.033,-0.019,13.14,-1.6,0.6,100,0
"2026-01-23 06:33:00",143071,"",7999,2026,1,23,6,27,5,-0.0094,0.671,-0.008,-363519.3,0.621,-0.006,1.241,6.73,0,-0.006,0.002,-0.016,-0.007,13.14,-1.6,0.6,100,0
"2026-01-23 06:36:00",143072,"",7999,2026,1,23,6,27,5,-0.0094,0.671,-0.008,-363519.3,0.621,-0.006,1.241,6.73,0,-0.006,0.002,-0.016,-0.007,13.14,-1.6,0.6,100,0
"2026-01-23 06:39:00",143073,"",7999,2026,1,23,6,33,5,0.0129,0.679,0.01,-363517.3,0.629,0.01,1.257,6.71,0,0.01,-0.002,-0.026,-0.005,13.14,-1.6,0.6,100,0
"2026-01-23 06:42:00",143074,"",7999,2026,1,23,6,33,5,0.0129,0.679,0.01,-363517.3,0.629,0.01,1.257,6.71,0,0.01,-0.002,-0.026,-0.005,13.14,-1.6,0.6,100,0
"2026-01-23 06:45:00",143075,"",7999,2026,1,23,6,39,5,0.0029,0.685,0.002,-363515.1,0.635,0.001,1.268,6.71,0,0.001,0.001,-0.021,-0.002,13.14,-1.6,0.6,100,0
"2026-01-23 06:48:00",143076,"",7999,2026,1,23,6,39,5,0.0029,0.685,0.002,-363515.1,0.635,0.001,1.268,6.71,0,0.001,0.001,-0.021,-0.002,13.14,-1.6,0.6,100,0
"2026-01-23 06:51:00",143077,"",7999,2026,1,23,6,45,5,0.0025,0.687,0.002,-363514.1,0.637,0.001,1.271,6.73,0,0.001,-0.002,-0.021,-0.024,13.14,-1.6,0.6,100,0
"2026-01-23 06:54:00",143078,"",7999,2026,1,23,6,45,5,0.0025,0.687,0.002,-363514.1,0.637,0.001,1.271,6.73,0,0.001,-0.002,-0.021,-0.024,13.14,-1.6,0.6,100,0
"2026-01-23 06:57:00",143079,"",7999,2026,1,23,6,51,5,0.0043,0.687,0.003,-363512.8,0.637,0.002,1.272,6.74,0,0.002,0,-0.021,-0.009,13.14,-1.6,0.6,100,0
"2026-01-23 07:00:00",143080,"",7999,2026,1,23,6,51,5,0.0043,0.687,0.003,-363512.8,0.637,0.002,1.272,6.74,0,0.002,0,-0.021,-0.009,13.14,-1.6,0.6,100,0
"2026-01-23 07:03:00",143081,"",7999,2026,1,23,6,57,5,-0.0013,0.688,-0.001,-363512.6,0.638,0,1.274,6.73,0,0,0,-0.021,-0.024,13.14,-1.6,0.6,100,0
"2026-01-23 07:06:00",143082,"",7999,2026,1,23,6,57,5,-0.0013,0.688,-0.001,-363512.6,0.638,0,1.274,6.73,0,0,0,-0.021,-0.024,13.14,-1.6,0.6,100,0
"2026-01-23 07:09:00",143083,"",7999,2026,1,23,7,3,5,0.0151,0.693,0.012,-363509.1,0.643,0.011,1.283,6.74,0,0.011,-0.001,0,-0.005,13.14,-1.6,0.6,100,0
"2026-01-23 07:12:00",143084,"",7999,2026,1,23,7,3,5,0.0151,0.693,0.012,-363509.1,0.643,0.011,1.283,6.74,0,0.011,-0.001,0,-0.005,13.14,-1.6,0.6,100,0
"2026-01-23 07:15:00",143085,"",7999,2026,1,23,7,9,5,0.0112,0.702,0.009,-363504.6,0.652,0.008,1.299,6.73,0,0.008,-0.001,-0.016,-0.002,13.14,-1.6,0.6,100,0
"2026-01-23 07:18:00",143086,"",7999,2026,1,23,7,9,5,0.0112,0.702,0.009,-363504.6,0.652,0.008,1.299,6.73,0,0.008,-0.001,-0.016,-0.002,13.14,-1.6,0.6,100,0
"2026-01-23 07:21:00",143087,"",7999,2026,1,23,7,15,5,0.0017,0.702,0.001,-363502.8,0.652,0.001,1.298,6.68,0,0.001,0.002,-0.023,-0.019,13.14,-1.6,0.6,100,0
"2026-01-23 07:24:00",143088,"",7999,2026,1,23,7,15,5,0.0017,0.702,0.001,-363502.8,0.652,0.001,1.298,6.68,0,0.001,0.002,-0.023,-0.019,13.14,-1.6,0.6,100,0
"2026-01-23 07:27:00",143089,"",7999,2026,1,23,7,21,5,0.0067,0.703,0.005,-363501,0.653,0.005,1.301,6.7,0,0.005,-0.001,-0.007,-0.002,13.14,-1.6,0.6,100,0
"2026-01-23 07:30:00",143090,"",7999,2026,1,23,7,21,5,0.0067,0.703,0.005,-363501,0.653,0.005,1.301,6.7,0,0.005,-0.001,-0.007,-0.002,13.14,-1.6,0.6,100,0
"2026-01-23 07:33:00",143091,"",7999,2026,1,23,7,27,5,-0.0061,0.701,-0.005,-363501.7,0.651,-0.004,1.298,6.66,0,-0.004,0.001,-0.028,-0.028,13.14,-1.6,0.6,100,0
"2026-01-23 07:36:00",143092,"",7999,2026,1,23,7,27,5,-0.0061,0.701,-0.005,-363501.7,0.651,-0.004,1.298,6.66,0,-0.004,0.001,-0.028,-0.028,13.14,-1.6,0.6,100,0
"2026-01-23 07:39:00",143093,"",7999,2026,1,23,7,33,5,0.0012,0.703,0.001,-363502.1,0.653,0,1.301,6.64,0,0,0,-0.009,-0.012,13.14,-1.6,0.6,100,0
"2026-01-23 07:42:00",143094,"",7999,2026,1,23,7,33,5,0.0012,0.703,0.001,-363502.1,0.653,0,1.301,6.64,0,0,0,-0.009,-0.012,13.14,-1.6,0.6,100,0
"2026-01-23 07:45:00",143095,"",7999,2026,1,23,7,39,5,-0.0091,0.704,-0.007,-363504.1,0.654,-0.006,1.302,6.65,0,-0.006,-0.002,-0.04,-0.017,13.14,-1.6,0.6,100,0
"2026-01-23 07:48:00",143096,"",7999,2026,1,23,7,39,5,-0.0091,0.704,-0.007,-363504.1,0.654,-0.006,1.302,6.65,0,-0.006,-0.002,-0.04,-0.017,13.14,-1.6,0.6,100,0
"2026-01-23 07:51:00",143097,"",7999,2026,1,23,7,45,5,-0.0159,0.699,-0.012,-363509.1,0.649,-0.011,1.294,6.62,0,-0.011,0.001,-0.016,-0.024,13.14,-1.6,0.6,100,0
"2026-01-23 07:54:00",143098,"",7999,2026,1,23,7,45,5,-0.0159,0.699,-0.012,-363509.1,0.649,-0.011,1.294,6.62,0,-0.011,0.001,-0.016,-0.024,13.14,-1.6,0.6,100,0
"2026-01-23 07:57:00",143099,"",7999,2026,1,23,7,51,5,-0.0098,0.697,-0.008,-363513.3,0.647,-0.007,1.289,6.66,0,-0.007,0.001,-0.007,-0.026,13.14,-1.6,0.6,100,0
"2026-01-23 08:00:00",143100,"",7999,2026,1,23,7,51,5,-0.0098,0.697,-0.008,-363513.3,0.647,-0.007,1.289,6.66,0,-0.007,0.001,-0.007,-0.026,13.14,-1.6,0.6,100,0
"2026-01-23 08:03:00",143101,"",7999,2026,1,23,7,57,5,-0.006,0.696,-0.005,-363516,0.646,-0.005,1.288,6.65,0,-0.005,0.002,0.002,-0.019,13.14,-1.6,0.6,100,0
"2026-01-23 08:06:00",143102,"",7999,2026,1,23,7,57,5,-0.006,0.696,-0.005,-363516,0.646,-0.005,1.288,6.65,0,-0.005,0.002,0.002,-0.019,13.14,-1.6,0.6,100,0
"2026-01-23 08:09:00",143103,"",7999,2026,1,23,8,3,5,0.0053,0.697,0.004,-363515.4,0.647,0.004,1.291,6.67,0,0.004,0.001,-0.012,-0.012,13.14,-1.6,0.6,100,0
"2026-01-23 08:12:00",143104,"",7999,2026,1,23,8,3,5,0.0053,0.697,0.004,-363515.4,0.647,0.004,1.291,6.67,0,0.004,0.001,-0.012,-0.012,13.14,-1.6,0.6,100,0
"2026-01-23 08:15:00",143105,"",7999,2026,1,23,8,9,5,-0.014,0.694,-0.011,-363518.1,0.644,-0.011,1.285,6.64,0,-0.011,0.005,-0.023,-0.021,13.14,-1.6,0.6,100,0
"2026-01-23 08:18:00",143106,"",7999,2026,1,23,8,9,5,-0.014,0.694,-0.011,-363518.1,0.644,-0.011,1.285,6.64,0,-0.011,0.005,-0.023,-0.021,13.14,-1.6,0.6,100,0
"2026-01-23 08:21:00",143107,"",7999,2026,1,23,8,15,5,-0.0145,0.689,-0.011,-363523.3,0.639,-0.011,1.274,6.64,0,-0.011,0,-0.03,-0.028,13.14,-1.6,0.6,100,0
"2026-01-23 08:24:00",143108,"",7999,2026,1,23,8,15,5,-0.0145,0.689,-0.011,-363523.3,0.639,-0.011,1.274,6.64,0,-0.011,0,-0.03,-0.028,13.14,-1.6,0.6,100,0
"2026-01-23 08:27:00",143109,"",7999,2026,1,23,8,21,5,-0.0068,0.685,-0.005,-363526.7,0.635,-0.004,1.267,6.67,0,-0.004,-0.001,-0.007,-0.026,13.14,-1.6,0.5,100,0
"2026-01-23 08:30:00",143110,"",7999,2026,1,23,8,21,5,-0.0068,0.685,-0.005,-363526.7,0.635,-0.004,1.267,6.67,0,-0.004,-0.001,-0.007,-0.026,13.14,-1.6,0.5,100,0
"2026-01-23 08:33:00",143111,"",7999,2026,1,23,8,27,5,0.0029,0.683,0.002,-363526.8,0.633,0.002,1.264,6.69,0,0.002,0.003,0.007,-0.005,13.14,-1.7,0.5,100,0
"2026-01-23 08:36:00",143112,"",7999,2026,1,23,8,27,5,0.0029,0.683,0.002,-363526.8,0.633,0.002,1.264,6.69,0,0.002,0.003,0.007,-0.005,13.14,-1.7,0.5,100,0
"2026-01-23 08:39:00",143113,"",7999,2026,1,23,8,33,5,-0.014,0.682,-0.011,-363529.8,0.632,-0.011,1.263,6.68,0,-0.011,0.005,-0.005,-0.014,13.14,-1.7,0.5,100,0
"2026-01-23 08:42:00",143114,"",7999,2026,1,23,8,33,5,-0.014,0.682,-0.011,-363529.8,0.632,-0.011,1.263,6.68,0,-0.011,0.005,-0.005,-0.014,13.14,-1.7,0.5,100,0
"2026-01-23 08:45:00",143115,"",7999,2026,1,23,8,39,5,-0.0013,0.68,-0.001,-363531.8,0.63,-0.001,1.258,6.67,0,-0.001,0.001,-0.016,-0.019,13.14,-1.7,0.5,100,0
"2026-01-23 08:48:00",143116,"",7999,2026,1,23,8,39,5,-0.0013,0.68,-0.001,-363531.8,0.63,-0.001,1.258,6.67,0,-0.001,0.001,-0.016,-0.019,13.14,-1.7,0.5,100,0
"2026-01-23 08:51:00",143117,"",7999,2026,1,23,8,45,5,0.0008,0.676,0.001,-363531.8,0.626,0,1.251,6.66,0,0,0,-0.026,-0.017,13.14,-1.7,0.5,100,0
"2026-01-23 08:54:00",143118,"",7999,2026,1,23,8,45,5,0.0008,0.676,0.001,-363531.8,0.626,0,1.251,6.66,0,0,0,-0.026,-0.017,13.14,-1.7,0.5,100,0
"2026-01-23 08:57:00",143119,"",7999,2026,1,23,8,51,5,-0.0051,0.67,-0.004,-363532.9,0.62,-0.004,1.24,6.68,0,-0.004,0.002,-0.007,-0.014,13.14,-1.7,0.5,100,0
"2026-01-23 09:00:00",143120,"",7999,2026,1,23,8,51,5,-0.0051,0.67,-0.004,-363532.9,0.62,-0.004,1.24,6.68,0,-0.004,0.002,-0.007,-0.014,13.14,-1.7,0.5,100,0
"2026-01-23 09:03:00",143121,"",7999,2026,1,23,8,57,5,-0.0067,0.666,-0.005,-363535.2,0.616,-0.006,1.232,6.7,0,-0.006,0.003,-0.026,-0.009,13.14,-1.7,0.5,100,0
"2026-01-23 09:06:00",143122,"",7999,2026,1,23,8,57,5,-0.0067,0.666,-0.005,-363535.2,0.616,-0.006,1.232,6.7,0,-0.006,0.003,-0.026,-0.009,13.14,-1.7,0.5,100,0
"2026-01-23 09:09:00",143123,"",7999,2026,1,23,9,3,5,-0.0116,0.662,-0.009,-363538.8,0.612,-0.008,1.226,6.7,0,-0.008,0.002,-0.023,-0.026,13.14,-1.7,0.5,100,0
"2026-01-23 09:12:00",143124,"",7999,2026,1,23,9,3,5,-0.0116,0.662,-0.009,-363538.8,0.612,-0.008,1.226,6.7,0,-0.008,0.002,-0.023,-0.026,13.14,-1.7,0.5,100,0
"2026-01-23 09:15:00",143125,"",7999,2026,1,23,9,9,5,-0.006,0.66,-0.005,-363541.6,0.61,-0.004,1.221,6.69,0,-0.004,-0.001,-0.009,-0.019,13.14,-1.8,0.5,100,0
"2026-01-23 09:18:00",143126,"",7999,2026,1,23,9,9,5,-0.006,0.66,-0.005,-363541.6,0.61,-0.004,1.221,6.69,0,-0.004,-0.001,-0.009,-0.019,13.14,-1.8,0.5,100,0
"2026-01-23 09:21:00",143127,"",7999,2026,1,23,9,15,5,-0.0083,0.654,-0.007,-363544.3,0.604,-0.006,1.21,6.68,0,-0.006,-0.001,-0.03,-0.024,13.14,-1.8,0.5,100,0
"2026-01-23 09:24:00",143128,"",7999,2026,1,23,9,15,5,-0.0083,0.654,-0.007,-363544.3,0.604,-0.006,1.21,6.68,0,-0.006,-0.001,-0.03,-0.024,13.14,-1.8,0.5,100,0
"2026-01-23 09:27:00",143129,"",7999,2026,1,23,9,21,5,-0.0045,0.648,-0.004,-363546.5,0.598,-0.002,1.199,6.7,0,-0.002,0,-0.014,-0.014,13.14,-1.9,0.5,100,0
"2026-01-23 09:30:00",143130,"",7999,2026,1,23,9,21,5,-0.0045,0.648,-0.004,-363546.5,0.598,-0.002,1.199,6.7,0,-0.002,0,-0.014,-0.014,13.14,-1.9,0.5,100,0
"2026-01-23 09:33:00",143131,"",7999,2026,1,23,9,27,5,-0.0023,0.643,-0.002,-363547.6,0.593,-0.001,1.191,6.72,0,-0.001,-0.001,-0.03,-0.017,13.14,-1.9,0.5,100,0
"2026-01-23 09:36:00",143132,"",7999,2026,1,23,9,27,5,-0.0023,0.643,-0.002,-363547.6,0.593,-0.001,1.191,6.72,0,-0.001,-0.001,-0.03,-0.017,13.14,-1.9,0.5,100,0
"2026-01-23 09:39:00",143133,"",7999,2026,1,23,9,33,5,-0.0033,0.64,-0.003,-363548.7,0.59,-0.001,1.185,6.71,0,-0.001,0.001,-0.012,-0.014,13.14,-1.9,0.5,100,0
"2026-01-23 09:42:00",143134,"",7999,2026,1,23,9,33,5,-0.0033,0.64,-0.003,-363548.7,0.59,-0.001,1.185,6.71,0,-0.001,0.001,-0.012,-0.014,13.14,-1.9,0.5,100,0
"2026-01-23 09:45:00",143135,"",7999,2026,1,23,9,39,5,-0.0056,0.636,-0.005,-363550.4,0.586,-0.004,1.177,6.73,0,-0.004,0.001,0.002,-0.017,13.14,-1.9,0.5,100,0
"2026-01-23 09:48:00",143136,"",7999,2026,1,23,9,39,5,-0.0056,0.636,-0.005,-363550.4,0.586,-0.004,1.177,6.73,0,-0.004,0.001,0.002,-0.017,13.14,-1.9,0.5,100,0
"2026-01-23 09:51:00",143137,"",7999,2026,1,23,9,45,5,-0.0144,0.632,-0.012,-363554.6,0.582,-0.011,1.169,6.75,0,-0.011,0.005,-0.023,-0.033,13.14,-1.9,0.5,100,0
"2026-01-23 09:54:00",143138,"",7999,2026,1,23,9,45,5,-0.0144,0.632,-0.012,-363554.6,0.582,-0.011,1.169,6.75,0,-0.011,0.005,-0.023,-0.033,13.14,-1.9,0.5,100,0
"2026-01-23 09:57:00",143139,"",7999,2026,1,23,9,51,5,-0.0082,0.626,-0.007,-363558.3,0.576,-0.006,1.158,6.77,0,-0.006,-0.001,-0.019,-0.019,13.14,-1.9,0.5,100,0
"2026-01-23 10:00:00",143140,"",7999,2026,1,23,9,51,5,-0.0082,0.626,-0.007,-363558.3,0.576,-0.006,1.158,6.77,0,-0.006,-0.001,-0.019,-0.019,13.14,-1.9,0.5,100,0
"2026-01-23 10:03:00",143141,"",7999,2026,1,23,9,57,5,-0.0036,0.62,-0.003,-363560.2,0.57,-0.002,1.148,6.78,0,-0.002,0,-0.014,-0.031,13.14,-1.9,0.5,100,0
"2026-01-23 10:06:00",143142,"",7999,2026,1,23,9,57,5,-0.0036,0.62,-0.003,-363560.2,0.57,-0.002,1.148,6.78,0,-0.002,0,-0.014,-0.031,13.14,-1.9,0.5,100,0
"2026-01-23 10:09:00",143143,"",7999,2026,1,23,10,3,5,-0.0021,0.613,-0.002,-363561.1,0.563,0,1.135,6.77,0,0,0,-0.021,-0.024,13.14,-1.9,0.5,100,0
"2026-01-23 10:12:00",143144,"",7999,2026,1,23,10,3,5,-0.0021,0.613,-0.002,-363561.1,0.563,0,1.135,6.77,0,0,0,-0.021,-0.024,13.14,-1.9,0.5,100,0
"2026-01-23 10:15:00",143145,"",7999,2026,1,23,10,9,5,-0.0044,0.604,-0.004,-363562.5,0.554,-0.002,1.118,6.75,0,-0.002,0.001,-0.019,-0.012,13.14,-1.9,0.5,100,0
"2026-01-23 10:18:00",143146,"",7999,2026,1,23,10,9,5,-0.0044,0.604,-0.004,-363562.5,0.554,-0.002,1.118,6.75,0,-0.002,0.001,-0.019,-0.012,13.14,-1.9,0.5,100,0
"2026-01-23 10:21:00",143147,"",7999,2026,1,23,10,15,5,-0.0127,0.595,-0.012,-363566,0.545,-0.01,1.102,6.74,0,-0.01,0.002,-0.019,-0.021,13.14,-1.9,0.5,100,0
"2026-01-23 10:24:00",143148,"",7999,2026,1,23,10,15,5,-0.0127,0.595,-0.012,-363566,0.545,-0.01,1.102,6.74,0,-0.01,0.002,-0.019,-0.021,13.14,-1.9,0.5,100,0
"2026-01-23 10:27:00",143149,"",7999,2026,1,23,10,21,5,-0.0041,0.592,-0.004,-363568.6,0.542,-0.002,1.096,6.76,0,-0.002,0,0,-0.014,13.14,-1.9,0.5,100,0
"2026-01-23 10:30:00",143150,"",7999,2026,1,23,10,21,5,-0.0041,0.592,-0.004,-363568.6,0.542,-0.002,1.096,6.76,0,-0.002,0,0,-0.014,13.14,-1.9,0.5,100,0
"2026-01-23 10:33:00",143151,"",7999,2026,1,23,10,27,5,0,0.591,0,-363569.1,0.541,0,1.094,6.73,0,0,0,0.002,-0.019,13.14,-1.8,0.5,100,0
"2026-01-23 10:36:00",143152,"",7999,2026,1,23,10,27,5,0,0.591,0,-363569.1,0.541,0,1.094,6.73,0,0,0,0.002,-0.019,13.14,-1.8,0.5,100,0
"2026-01-23 10:39:00",143153,"",7999,2026,1,23,10,33,5,-0.0055,0.583,-0.005,-363570.4,0.533,-0.004,1.079,6.74,0,-0.004,-0.001,-0.014,-0.024,13.15,-1.8,0.5,100,0
"2026-01-23 10:42:00",143154,"",7999,2026,1,23,10,33,5,-0.0055,0.583,-0.005,-363570.4,0.533,-0.004,1.079,6.74,0,-0.004,-0.001,-0.014,-0.024,13.15,-1.8,0.5,100,0
"2026-01-23 10:45:00",143155,"",7999,2026,1,23,10,39,5,-0.0079,0.573,-0.008,-363573,0.523,-0.007,1.06,6.75,0,-0.007,0,-0.028,-0.017,13.15,-1.8,0.5,100,0
"2026-01-23 10:48:00",143156,"",7999,2026,1,23,10,39,5,-0.0079,0.573,-0.008,-363573,0.523,-0.007,1.06,6.75,0,-0.007,0,-0.028,-0.017,13.15,-1.8,0.5,100,0
"2026-01-23 10:51:00",143157,"",7999,2026,1,23,10,45,5,-0.0028,0.565,-0.003,-363574.6,0.515,-0.001,1.046,6.79,0,-0.001,-0.001,-0.019,-0.019,13.15,-1.9,0.5,100,0
"2026-01-23 10:54:00",143158,"",7999,2026,1,23,10,45,5,-0.0028,0.565,-0.003,-363574.6,0.515,-0.001,1.046,6.79,0,-0.001,-0.001,-0.019,-0.019,13.15,-1.9,0.5,100,0
"2026-01-23 10:57:00",143159,"",7999,2026,1,23,10,51,5,-0.0028,0.555,-0.003,-363575.6,0.505,-0.001,1.026,6.8,0,-0.001,-0.001,-0.021,0,13.15,-1.9,0.5,100,0
"2026-01-23 11:00:00",143160,"",7999,2026,1,23,10,51,5,-0.0028,0.555,-0.003,-363575.6,0.505,-0.001,1.026,6.8,0,-0.001,-0.001,-0.021,0,13.15,-1.9,0.5,100,0
"2026-01-23 11:03:00",143161,"",7999,2026,1,23,10,57,5,-0.0029,0.55,-0.003,-363576.7,0.5,-0.002,1.018,6.79,0,-0.002,0,-0.007,-0.019,13.15,-1.9,0.5,100,0
"2026-01-23 11:06:00",143162,"",7999,2026,1,23,10,57,5,-0.0029,0.55,-0.003,-363576.7,0.5,-0.002,1.018,6.79,0,-0.002,0,-0.007,-0.019,13.15,-1.9,0.5,100,0
"2026-01-23 11:09:00",143163,"",7999,2026,1,23,11,3,5,-0.002,0.549,-0.002,-363577.5,0.499,0,1.016,6.78,0,0,0,-0.012,-0.014,13.15,-1.8,0.5,100,0
"2026-01-23 11:12:00",143164,"",7999,2026,1,23,11,3,5,-0.002,0.549,-0.002,-363577.5,0.499,0,1.016,6.78,0,0,0,-0.012,-0.014,13.15,-1.8,0.5,100,0
"2026-01-23 11:15:00",143165,"",7999,2026,1,23,11,9,5,-0.0025,0.541,-0.003,-363578.4,0.491,-0.002,1.001,6.79,0,-0.002,0,-0.005,-0.012,13.15,-1.8,0.5,100,0
"2026-01-23 11:18:00",143166,"",7999,2026,1,23,11,9,5,-0.0025,0.541,-0.003,-363578.4,0.491,-0.002,1.001,6.79,0,-0.002,0,-0.005,-0.012,13.15,-1.8,0.5,100,0
"2026-01-23 11:21:00",143167,"",7999,2026,1,23,11,15,5,-0.0033,0.535,-0.003,-363579.5,0.485,-0.002,0.989,6.79,0,-0.002,0,-0.007,-0.024,13.15,-1.8,0.5,100,0
"2026-01-23 11:24:00",143168,"",7999,2026,1,23,11,15,5,-0.0033,0.535,-0.003,-363579.5,0.485,-0.002,0.989,6.79,0,-0.002,0,-0.007,-0.024,13.15,-1.8,0.5,100,0
"2026-01-23 11:27:00",143169,"",7999,2026,1,23,11,21,5,-0.0034,0.539,-0.003,-363580.7,0.489,-0.002,0.997,6.82,0,-0.002,-0.001,-0.019,-0.005,13.15,-1.8,0.5,100,0
"2026-01-23 11:30:00",143170,"",7999,2026,1,23,11,21,5,-0.0034,0.539,-0.003,-363580.7,0.489,-0.002,0.997,6.82,0,-0.002,-0.001,-0.019,-0.005,13.15,-1.8,0.5,100,0
"2026-01-23 11:33:00",143171,"",7999,2026,1,23,11,27,5,-0.001,0.54,-0.001,-363581.4,0.49,0,0.999,6.78,0,0,0,-0.012,-0.014,13.15,-1.8,0.5,100,0
"2026-01-23 11:36:00",143172,"",7999,2026,1,23,11,27,5,-0.001,0.54,-0.001,-363581.4,0.49,0,0.999,6.78,0,0,0,-0.012,-0.014,13.15,-1.8,0.5,100,0
"2026-01-23 11:39:00",143173,"",7999,2026,1,23,11,33,5,0.0027,0.526,0.003,-363580.9,0.476,0.001,0.973,6.79,0,0.001,0.001,-0.019,-0.002,13.15,-1.8,0.5,100,0
"2026-01-23 11:42:00",143174,"",7999,2026,1,23,11,33,5,0.0027,0.526,0.003,-363580.9,0.476,0.001,0.973,6.79,0,0.001,0.001,-0.019,-0.002,13.15,-1.8,0.5,100,0
"2026-01-23 11:45:00",143175,"",7999,2026,1,23,11,39,5,-0.0019,0.518,-0.002,-363581,0.468,-0.001,0.958,6.85,0,-0.001,-0.001,-0.019,-0.012,13.15,-1.8,0.5,100,0
"2026-01-23 11:48:00",143176,"",7999,2026,1,23,11,39,5,-0.0019,0.518,-0.002,-363581,0.468,-0.001,0.958,6.85,0,-0.001,-0.001,-0.019,-0.012,13.15,-1.8,0.5,100,0
"2026-01-23 11:51:00",143177,"",7999,2026,1,23,11,45,5,-0.0005,0.51,-0.001,-363581.4,0.46,0,0.944,6.85,0,0,0,-0.016,0.005,13.15,-1.8,0.5,100,0
"2026-01-23 11:54:00",143178,"",7999,2026,1,23,11,45,5,-0.0005,0.51,-0.001,-363581.4,0.46,0,0.944,6.85,0,0,0,-0.016,0.005,13.15,-1.8,0.5,100,0
"2026-01-23 11:57:00",143179,"",7999,2026,1,23,11,51,5,-0.0002,0.508,0,-363581.5,0.458,0,0.941,6.84,0,0,0,-0.026,-0.007,13.16,-1.8,0.5,100,0
"2026-01-23 12:00:00",143180,"",7999,2026,1,23,11,51,5,-0.0002,0.508,0,-363581.5,0.458,0,0.941,6.84,0,0,0,-0.026,-0.007,13.16,-1.8,0.5,100,0
"2026-01-23 12:03:00",143181,"",7999,2026,1,23,11,57,5,-0.0005,0.51,-0.001,-363581.7,0.46,-0.001,0.944,6.88,0,-0.001,-0.001,-0.009,-0.002,13.16,-1.8,0.6,100,0
"2026-01-23 12:06:00",143182,"",7999,2026,1,23,11,57,5,-0.0005,0.51,-0.001,-363581.7,0.46,-0.001,0.944,6.88,0,-0.001,-0.001,-0.009,-0.002,13.16,-1.8,0.6,100,0
"2026-01-23 12:09:00",143183,"",7999,2026,1,23,12,3,5,0.0003,0.514,0,-363581.6,0.464,0,0.95,6.84,0,0,-0.001,-0.016,-0.012,13.16,-1.8,0.6,100,0
"2026-01-23 12:12:00",143184,"",7999,2026,1,23,12,3,5,0.0003,0.514,0,-363581.6,0.464,0,0.95,6.84,0,0,-0.001,-0.016,-0.012,13.16,-1.8,0.6,100,0
"2026-01-23 12:15:00",143185,"",7999,2026,1,23,12,9,5,-0.0017,0.51,-0.002,-363582,0.46,-0.001,0.944,6.87,0,-0.001,-0.001,-0.009,-0.007,13.16,-1.8,0.6,100,0
"2026-01-23 12:18:00",143186,"",7999,2026,1,23,12,9,5,-0.0017,0.51,-0.002,-363582,0.46,-0.001,0.944,6.87,0,-0.001,-0.001,-0.009,-0.007,13.16,-1.8,0.6,100,0
"2026-01-23 12:21:00",143187,"",7999,2026,1,23,12,15,5,-0.0033,0.502,-0.004,-363583,0.452,-0.002,0.93,6.86,0,-0.002,-0.001,-0.023,-0.007,13.16,-1.8,0.6,100,0
"2026-01-23 12:24:00",143188,"",7999,2026,1,23,12,15,5,-0.0033,0.502,-0.004,-363583,0.452,-0.002,0.93,6.86,0,-0.002,-0.001,-0.023,-0.007,13.16,-1.8,0.6,100,0
"2026-01-23 12:27:00",143189,"",7999,2026,1,23,12,21,5,-0.0024,0.499,-0.003,-363584,0.449,-0.001,0.924,6.89,0,-0.001,-0.001,-0.007,-0.028,13.16,-1.8,0.6,100,0
"2026-01-23 12:30:00",143190,"",7999,2026,1,23,12,21,5,-0.0024,0.499,-0.003,-363584,0.449,-0.001,0.924,6.89,0,-0.001,-0.001,-0.007,-0.028,13.16,-1.8,0.6,100,0
"2026-01-23 12:33:00",143191,"",7999,2026,1,23,12,27,5,-0.0029,0.496,-0.003,-363585,0.446,-0.002,0.918,6.88,0,-0.002,0,-0.012,-0.002,13.16,-1.9,0.6,100,0
"2026-01-23 12:36:00",143192,"",7999,2026,1,23,12,27,5,-0.0029,0.496,-0.003,-363585,0.446,-0.002,0.918,6.88,0,-0.002,0,-0.012,-0.002,13.16,-1.9,0.6,100,0
"2026-01-23 12:39:00",143193,"",7999,2026,1,23,12,33,5,-0.0012,0.496,-0.001,-363585.7,0.446,-0.001,0.918,6.89,0,-0.001,-0.001,-0.03,-0.014,13.16,-1.8,0.6,100,0
"2026-01-23 12:42:00",143194,"",7999,2026,1,23,12,33,5,-0.0012,0.496,-0.001,-363585.7,0.446,-0.001,0.918,6.89,0,-0.001,-0.001,-0.03,-0.014,13.16,-1.8,0.6,100,0
"2026-01-23 12:45:00",143195,"",7999,2026,1,23,12,39,5,0.001,0.492,0.001,-363585.6,0.442,0.001,0.91,6.88,0,0.001,0.001,-0.016,-0.012,13.16,-1.8,0.6,100,0
"2026-01-23 12:48:00",143196,"",7999,2026,1,23,12,39,5,0.001,0.492,0.001,-363585.6,0.442,0.001,0.91,6.88,0,0.001,0.001,-0.016,-0.012,13.16,-1.8,0.6,100,0
"2026-01-23 12:51:00",143197,"",7999,2026,1,23,12,45,5,-0.0008,0.484,-0.001,-363585.6,0.434,-0.001,0.896,6.87,0,-0.001,-0.002,0,0.007,13.16,-1.9,0.6,100,0
"2026-01-23 12:54:00",143198,"",7999,2026,1,23,12,45,5,-0.0008,0.484,-0.001,-363585.6,0.434,-0.001,0.896,6.87,0,-0.001,-0.002,0,0.007,13.16,-1.9,0.6,100,0
"2026-01-23 12:57:00",143199,"",7999,2026,1,23,12,51,5,-0.0001,0.479,0,-363585.8,0.429,0,0.887,6.84,0,0,0,0,-0.021,13.16,-1.8,0.6,100,0
"2026-01-23 13:00:00",143200,"",7999,2026,1,23,12,51,5,-0.0001,0.479,0,-363585.8,0.429,0,0.887,6.84,0,0,0,0,-0.021,13.16,-1.8,0.6,100,0
"2026-01-23 13:03:00",143201,"",7999,2026,1,23,12,57,5,-0.0007,0.476,-0.001,-363586,0.426,0,0.881,6.77,0,0,0,-0.023,0.002,13.16,-1.8,0.6,100,0
"2026-01-23 13:06:00",143202,"",7999,2026,1,23,12,57,5,-0.0007,0.476,-0.001,-363586,0.426,0,0.881,6.77,0,0,0,-0.023,0.002,13.16,-1.8,0.6,100,0
"2026-01-23 13:09:00",143203,"",7999,2026,1,23,13,3,5,-0.0011,0.472,-0.001,-363586.3,0.422,0,0.873,6.78,0,0,0,-0.012,-0.012,13.16,-1.8,0.6,100,0
"2026-01-23 13:12:00",143204,"",7999,2026,1,23,13,3,5,-0.0011,0.472,-0.001,-363586.3,0.422,0,0.873,6.78,0,0,0,-0.012,-0.012,13.16,-1.8,0.6,100,0
"2026-01-23 13:15:00",143205,"",7999,2026,1,23,13,9,5,-0.0013,0.466,-0.002,-363586.8,0.416,0,0.863,6.82,0,0,0,-0.021,0,13.16,-1.8,0.6,100,0
"2026-01-23 13:18:00",143206,"",7999,2026,1,23,13,9,5,-0.0013,0.466,-0.002,-363586.8,0.416,0,0.863,6.82,0,0,0,-0.021,0,13.16,-1.8,0.6,100,0
"2026-01-23 13:21:00",143207,"",7999,2026,1,23,13,15,5,-0.0013,0.462,-0.002,-363587.3,0.412,-0.001,0.855,6.85,0,-0.001,-0.001,0,-0.005,13.16,-1.8,0.6,100,0
"2026-01-23 13:24:00",143208,"",7999,2026,1,23,13,15,5,-0.0013,0.462,-0.002,-363587.3,0.412,-0.001,0.855,6.85,0,-0.001,-0.001,0,-0.005,13.16,-1.8,0.6,100,0
"2026-01-23 13:27:00",143209,"",7999,2026,1,23,13,21,5,-0.001,0.458,-0.001,-363587.7,0.408,0,0.849,6.79,0,0,0,-0.012,-0.017,13.16,-1.8,0.6,100,0
"2026-01-23 13:30:00",143210,"",7999,2026,1,23,13,21,5,-0.001,0.458,-0.001,-363587.7,0.408,0,0.849,6.79,0,0,0,-0.012,-0.017,13.16,-1.8,0.6,100,0
"2026-01-23 13:33:00",143211,"",7999,2026,1,23,13,27,5,-0.0014,0.456,-0.002,-363588.2,0.406,0,0.844,6.81,0,0,0,-0.009,-0.009,13.16,-1.8,0.6,100,0
"2026-01-23 13:36:00",143212,"",7999,2026,1,23,13,27,5,-0.0014,0.456,-0.002,-363588.2,0.406,0,0.844,6.81,0,0,0,-0.009,-0.009,13.16,-1.8,0.6,100,0
"2026-01-23 13:39:00",143213,"",7999,2026,1,23,13,33,5,-0.0008,0.453,-0.001,-363588.6,0.403,0,0.839,6.84,0,0,0,-0.007,-0.012,13.16,-1.9,0.6,100,0
"2026-01-23 13:42:00",143214,"",7999,2026,1,23,13,33,5,-0.0008,0.453,-0.001,-363588.6,0.403,0,0.839,6.84,0,0,0,-0.007,-0.012,13.16,-1.9,0.6,100,0
"2026-01-23 13:45:00",143215,"",7999,2026,1,23,13,39,5,-0.0013,0.452,-0.002,-363589,0.402,0,0.836,6.9,0,0,0,-0.005,0.005,13.16,-1.9,0.6,100,0
"2026-01-23 13:48:00",143216,"",7999,2026,1,23,13,39,5,-0.0013,0.452,-0.002,-363589,0.402,0,0.836,6.9,0,0,0,-0.005,0.005,13.16,-1.9,0.6,100,0
"2026-01-23 13:51:00",143217,"",7999,2026,1,23,13,45,5,0.0004,0.453,0.001,-363589,0.403,0,0.838,6.88,0,0,0,-0.016,-0.017,13.16,-1.9,0.6,100,0
"2026-01-23 13:54:00",143218,"",7999,2026,1,23,13,45,5,0.0004,0.453,0.001,-363589,0.403,0,0.838,6.88,0,0,0,-0.016,-0.017,13.16,-1.9,0.6,100,0
"2026-01-23 13:57:00",143219,"",7999,2026,1,23,13,51,5,-0.0019,0.457,-0.002,-363589.4,0.407,-0.001,0.846,6.88,2,-0.001,0.001,-0.016,-0.017,13.16,-2,0.7,100,0
"2026-01-23 14:00:00",143220,"",7999,2026,1,23,13,51,5,-0.0019,0.457,-0.002,-363589.4,0.407,-0.001,0.846,6.88,2,-0.001,0.001,-0.016,-0.017,13.16,-2,0.7,100,0
"2026-01-23 14:03:00",143221,"",7999,2026,1,23,13,57,5,-0.0005,0.461,-0.001,-363589.8,0.411,0,0.854,6.91,0,0,0,0,-0.002,13.16,-1.9,0.7,100,0
"2026-01-23 14:06:00",143222,"",7999,2026,1,23,13,57,5,-0.0005,0.461,-0.001,-363589.8,0.411,0,0.854,6.91,0,0,0,0,-0.002,13.16,-1.9,0.7,100,0
"2026-01-23 14:09:00",143223,"",7999,2026,1,23,14,3,5,0,0.464,0,-363589.8,0.414,0,0.858,6.89,0,0,0,0,0,13.16,-1.8,0.6,100,0
"2026-01-23 14:12:00",143224,"",7999,2026,1,23,14,3,5,0,0.464,0,-363589.8,0.414,0,0.858,6.89,0,0,0,0,0,13.16,-1.8,0.6,100,0
"2026-01-23 14:15:00",143225,"",7999,2026,1,23,14,9,5,-0.0008,0.469,-0.001,-363590,0.419,0,0.867,6.88,0,0,0,-0.007,0,13.16,-1.8,0.6,100,0
"2026-01-23 14:18:00",143226,"",7999,2026,1,23,14,9,5,-0.0008,0.469,-0.001,-363590,0.419,0,0.867,6.88,0,0,0,-0.007,0,13.16,-1.8,0.6,100,0
"2026-01-23 14:21:00",143227,"",7999,2026,1,23,14,15,5,-0.0004,0.476,-0.001,-363590.3,0.426,0,0.88,6.87,0,0,0,-0.007,-0.002,13.16,-1.8,0.6,100,0
"2026-01-23 14:24:00",143228,"",7999,2026,1,23,14,15,5,-0.0004,0.476,-0.001,-363590.3,0.426,0,0.88,6.87,0,0,0,-0.007,-0.002,13.16,-1.8,0.6,100,0
"2026-01-23 14:27:00",143229,"",7999,2026,1,23,14,21,5,0.0023,0.484,0.003,-363589.7,0.434,0.002,0.895,6.88,0,0.002,-0.001,-0.005,-0.009,13.16,-1.8,0.6,100,0
"2026-01-23 14:30:00",143230,"",7999,2026,1,23,14,21,5,0.0023,0.484,0.003,-363589.7,0.434,0.002,0.895,6.88,0,0.002,-0.001,-0.005,-0.009,13.16,-1.8,0.6,100,0
"2026-01-23 14:33:00",143231,"",7999,2026,1,23,14,27,5,0.0005,0.489,0.001,-363589.3,0.439,0,0.904,6.86,0,0,0,-0.016,0,13.17,-1.8,0.6,100,0
"2026-01-23 14:36:00",143232,"",7999,2026,1,23,14,27,5,0.0005,0.489,0.001,-363589.3,0.439,0,0.904,6.86,0,0,0,-0.016,0,13.17,-1.8,0.6,100,0
"2026-01-23 14:39:00",143233,"",7999,2026,1,23,14,33,5,0.0002,0.495,0,-363589.2,0.445,0,0.917,6.87,0,0,0,-0.021,-0.028,13.16,-1.8,0.6,100,0
"2026-01-23 14:42:00",143234,"",7999,2026,1,23,14,33,5,0.0002,0.495,0,-363589.2,0.445,0,0.917,6.87,0,0,0,-0.021,-0.028,13.16,-1.8,0.6,100,0
"2026-01-23 14:45:00",143235,"",7999,2026,1,23,14,39,5,0.0012,0.502,0.001,-363588.8,0.452,0,0.929,6.88,0,0,0,-0.021,-0.007,13.16,-1.8,0.6,100,0
"2026-01-23 14:48:00",143236,"",7999,2026,1,23,14,39,5,0.0012,0.502,0.001,-363588.8,0.452,0,0.929,6.88,0,0,0,-0.021,-0.007,13.16,-1.8,0.6,100,0
"2026-01-23 14:51:00",143237,"",7999,2026,1,23,14,45,5,-0.0015,0.507,-0.002,-363589,0.457,-0.001,0.939,6.88,0,-0.001,-0.001,-0.019,0.012,13.16,-1.8,0.6,100,0
"2026-01-23 14:54:00",143238,"",7999,2026,1,23,14,45,5,-0.0015,0.507,-0.002,-363589,0.457,-0.001,0.939,6.88,0,-0.001,-0.001,-0.019,0.012,13.16,-1.8,0.6,100,0
"2026-01-23 14:57:00",143239,"",7999,2026,1,23,14,51,5,0.0001,0.512,0,-363589.2,0.462,0,0.948,6.89,0,0,0,-0.012,-0.007,13.17,-1.8,0.6,100,0
"2026-01-23 15:00:00",143240,"",7999,2026,1,23,14,51,5,0.0001,0.512,0,-363589.2,0.462,0,0.948,6.89,0,0,0,-0.012,-0.007,13.17,-1.8,0.6,100,0
"2026-01-23 15:03:00",143241,"",7999,2026,1,23,14,57,5,-0.0004,0.515,0,-363589.3,0.465,0,0.953,6.91,0,0,0,-0.014,0,13.17,-1.9,0.7,100,0
"2026-01-23 15:06:00",143242,"",7999,2026,1,23,14,57,5,-0.0004,0.515,0,-363589.3,0.465,0,0.953,6.91,0,0,0,-0.014,0,13.17,-1.9,0.7,100,0
"2026-01-23 15:09:00",143243,"",7999,2026,1,23,15,3,5,-0.0012,0.517,-0.001,-363589.7,0.467,-0.001,0.956,6.91,0,-0.001,-0.001,0,-0.019,13.17,-1.8,0.6,100,0
"2026-01-23 15:12:00",143244,"",7999,2026,1,23,15,3,5,-0.0012,0.517,-0.001,-363589.7,0.467,-0.001,0.956,6.91,0,-0.001,-0.001,0,-0.019,13.17,-1.8,0.6,100,0
"2026-01-23 15:15:00",143245,"",7999,2026,1,23,15,9,5,-0.0029,0.525,-0.003,-363590.5,0.475,-0.004,0.972,6.91,0,-0.004,0.002,0.012,0,13.17,-1.7,0.6,100,0
"2026-01-23 15:18:00",143246,"",7999,2026,1,23,15,9,5,-0.0029,0.525,-0.003,-363590.5,0.475,-0.004,0.972,6.91,0,-0.004,0.002,0.012,0,13.17,-1.7,0.6,100,0
"2026-01-23 15:21:00",143247,"",7999,2026,1,23,15,15,5,0.0015,0.531,0.002,-363590.5,0.481,0.001,0.983,6.87,0,0.001,-0.001,0.005,0,13.17,-1.7,0.6,100,0
"2026-01-23 15:24:00",143248,"",7999,2026,1,23,15,15,5,0.0015,0.531,0.002,-363590.5,0.481,0.001,0.983,6.87,0,0.001,-0.001,0.005,0,13.17,-1.7,0.6,100,0
"2026-01-23 15:27:00",143249,"",7999,2026,1,23,15,21,5,0.002,0.538,0.002,-363589.8,0.488,0.002,0.996,6.87,0,0.002,0.001,-0.009,0.005,13.17,-1.7,0.6,100,0
"2026-01-23 15:30:00",143250,"",7999,2026,1,23,15,21,5,0.002,0.538,0.002,-363589.8,0.488,0.002,0.996,6.87,0,0.002,0.001,-0.009,0.005,13.17,-1.7,0.6,100,0
"2026-01-23 15:33:00",143251,"",7999,2026,1,23,15,27,5,0.0011,0.546,0.001,-363589.3,0.496,0.001,1.011,6.85,0,0.001,0.001,-0.002,-0.007,13.17,-1.7,0.6,100,0
"2026-01-23 15:36:00",143252,"",7999,2026,1,23,15,27,5,0.0011,0.546,0.001,-363589.3,0.496,0.001,1.011,6.85,0,0.001,0.001,-0.002,-0.007,13.17,-1.7,0.6,100,0
"2026-01-23 15:39:00",143253,"",7999,2026,1,23,15,33,5,0.0013,0.256,0.003,-363588.8,0.206,0.001,0.473,6.85,0,0.001,0.001,0,0,13.17,-1.7,0.6,100,0
"2026-01-23 15:42:00",143254,"",7999,2026,1,23,15,33,5,0.0013,0.256,0.003,-363588.8,0.206,0.001,0.473,6.85,0,0.001,0.001,0,0,13.17,-1.7,0.6,100,0
"2026-01-23 15:45:00",143255,"",7999,2026,1,23,15,39,5,0.0026,0.558,0.003,-363588,0.508,0.002,1.032,6.86,0,0.002,-0.001,-0.012,-0.007,13.17,-1.7,0.6,100,0
"2026-01-23 15:48:00",143256,"",7999,2026,1,23,15,39,5,0.0026,0.558,0.003,-363588,0.508,0.002,1.032,6.86,0,0.002,-0.001,-0.012,-0.007,13.17,-1.7,0.6,100,0
"2026-01-23 15:51:00",143257,"",7999,2026,1,23,15,45,5,-0.0004,0.571,0,-363587.8,0.521,-0.001,1.056,6.85,0,-0.001,-0.001,-0.007,0.002,13.17,-1.7,0.6,100,0
"2026-01-23 15:54:00",143258,"",7999,2026,1,23,15,45,5,-0.0004,0.571,0,-363587.8,0.521,-0.001,1.056,6.85,0,-0.001,-0.001,-0.007,0.002,13.17,-1.7,0.6,100,0
"2026-01-23 15:57:00",143259,"",7999,2026,1,23,15,51,5,0.0077,0.583,0.007,-363586,0.533,0.006,1.078,6.84,0,0.006,0.001,-0.005,0.005,13.17,-1.7,0.6,100,0
"2026-01-23 16:00:00",143260,"",7999,2026,1,23,15,51,5,0.0077,0.583,0.007,-363586,0.533,0.006,1.078,6.84,0,0.006,0.001,-0.005,0.005,13.17,-1.7,0.6,100,0
"2026-01-23 16:03:00",143261,"",7999,2026,1,23,15,57,5,0.0049,0.585,0.005,-363583.9,0.535,0.004,1.082,6.86,0,0.004,0.001,0.009,0.002,13.17,-1.7,0.6,100,0
"2026-01-23 16:06:00",143262,"",7999,2026,1,23,15,57,5,0.0049,0.585,0.005,-363583.9,0.535,0.004,1.082,6.86,0,0.004,0.001,0.009,0.002,13.17,-1.7,0.6,100,0
"2026-01-23 16:09:00",143263,"",7999,2026,1,23,16,3,5,0.0083,0.588,0.008,-363581.3,0.538,0.006,1.088,6.88,0,0.006,-0.001,0.014,0.007,13.17,-1.7,0.6,100,0
"2026-01-23 16:12:00",143264,"",7999,2026,1,23,16,3,5,0.0083,0.588,0.008,-363581.3,0.538,0.006,1.088,6.88,0,0.006,-0.001,0.014,0.007,13.17,-1.7,0.6,100,0
"2026-01-23 16:15:00",143265,"",7999,2026,1,23,16,9,5,0.0056,0.602,0.005,-363578.9,0.552,0.004,1.113,6.9,0,0.004,-0.002,-0.007,0,13.17,-1.7,0.6,100,0
"2026-01-23 16:18:00",143266,"",7999,2026,1,23,16,9,5,0.0056,0.602,0.005,-363578.9,0.552,0.004,1.113,6.9,0,0.004,-0.002,-0.007,0,13.17,-1.7,0.6,100,0
"2026-01-23 16:21:00",143267,"",7999,2026,1,23,16,15,5,0.0045,0.613,0.004,-363577.2,0.563,0.002,1.134,6.89,0,0.002,0,-0.007,0.002,13.17,-1.7,0.6,100,0
"2026-01-23 16:24:00",143268,"",7999,2026,1,23,16,15,5,0.0045,0.613,0.004,-363577.2,0.563,0.002,1.134,6.89,0,0.002,0,-0.007,0.002,13.17,-1.7,0.6,100,0
"2026-01-23 16:27:00",143269,"",7999,2026,1,23,16,21,5,0.0067,0.622,0.006,-363575,0.572,0.005,1.152,6.91,0,0.005,-0.001,0.005,-0.005,13.17,-1.6,0.6,100,0
"2026-01-23 16:30:00",143270,"",7999,2026,1,23,16,21,5,0.0067,0.622,0.006,-363575,0.572,0.005,1.152,6.91,0,0.005,-0.001,0.005,-0.005,13.17,-1.6,0.6,100,0
"2026-01-23 16:33:00",143271,"",7999,2026,1,23,16,27,5,0.0057,0.629,0.005,-363572.8,0.579,0.004,1.164,6.91,0,0.004,-0.001,-0.009,-0.012,13.17,-1.6,0.6,100,0
"2026-01-23 16:36:00",143272,"",7999,2026,1,23,16,27,5,0.0057,0.629,0.005,-363572.8,0.579,0.004,1.164,6.91,0,0.004,-0.001,-0.009,-0.012,13.17,-1.6,0.6,100,0
"2026-01-23 16:39:00",143273,"",7999,2026,1,23,16,33,5,0.0085,0.64,0.007,-363570.1,0.59,0.006,1.185,6.91,0,0.006,-0.001,0,0,13.17,-1.6,0.6,100,0
"2026-01-23 16:42:00",143274,"",7999,2026,1,23,16,33,5,0.0085,0.64,0.007,-363570.1,0.59,0.006,1.185,6.91,0,0.006,-0.001,0,0,13.17,-1.6,0.6,100,0
"2026-01-23 16:45:00",143275,"",7999,2026,1,23,16,39,5,0.0116,0.65,0.01,-363566.2,0.6,0.008,1.202,6.91,0,0.008,-0.001,0,0,13.17,-1.6,0.6,100,0
"2026-01-23 16:48:00",143276,"",7999,2026,1,23,16,39,5,0.0116,0.65,0.01,-363566.2,0.6,0.008,1.202,6.91,0,0.008,-0.001,0,0,13.17,-1.6,0.6,100,0
"2026-01-23 16:51:00",143277,"",7999,2026,1,23,16,45,5,0.0128,0.656,0.011,-363561.8,0.606,0.01,1.214,6.89,0,0.01,0.001,-0.007,-0.012,13.17,-1.6,0.6,100,0
"2026-01-23 16:54:00",143278,"",7999,2026,1,23,16,45,5,0.0128,0.656,0.011,-363561.8,0.606,0.01,1.214,6.89,0,0.01,0.001,-0.007,-0.012,13.17,-1.6,0.6,100,0
"2026-01-23 16:57:00",143279,"",7999,2026,1,23,16,51,5,0.0039,0.658,0.003,-363559.3,0.608,0.004,1.219,6.89,0,0.004,-0.002,-0.014,-0.005,13.17,-1.6,0.6,100,0
"2026-01-23 17:00:00",143280,"",7999,2026,1,23,16,51,5,0.0039,0.658,0.003,-363559.3,0.608,0.004,1.219,6.89,0,0.004,-0.002,-0.014,-0.005,13.17,-1.6,0.6,100,0
"2026-01-23 17:03:00",143281,"",7999,2026,1,23,16,57,5,0.0029,0.664,0.002,-363558.1,0.614,0.001,1.229,6.92,0,0.001,-0.001,-0.03,-0.014,13.17,-1.6,0.6,100,0
"2026-01-23 17:06:00",143282,"",7999,2026,1,23,16,57,5,0.0029,0.664,0.002,-363558.1,0.614,0.001,1.229,6.92,0,0.001,-0.001,-0.03,-0.014,13.17,-1.6,0.6,100,0
"2026-01-23 17:09:00",143283,"",7999,2026,1,23,17,3,5,0.0069,0.676,0.006,-363556.1,0.626,0.004,1.252,6.92,0,0.004,-0.002,0,-0.007,13.17,-1.6,0.6,100,0
"2026-01-23 17:12:00",143284,"",7999,2026,1,23,17,3,5,0.0069,0.676,0.006,-363556.1,0.626,0.004,1.252,6.92,0,0.004,-0.002,0,-0.007,13.17,-1.6,0.6,100,0
"2026-01-23 17:15:00",143285,"",7999,2026,1,23,17,9,5,0.015,0.686,0.012,-363551.7,0.636,0.011,1.269,6.94,0,0.011,0.002,0,-0.005,13.17,-1.6,0.6,100,0
"2026-01-23 17:18:00",143286,"",7999,2026,1,23,17,9,5,0.015,0.686,0.012,-363551.7,0.636,0.011,1.269,6.94,0,0.011,0.002,0,-0.005,13.17,-1.6,0.6,100,0
"2026-01-23 17:21:00",143287,"",7999,2026,1,23,17,15,5,0.0154,0.69,0.012,-363546.1,0.64,0.011,1.277,6.97,0,0.011,0,-0.012,-0.005,13.17,-1.6,0.6,100,0
"2026-01-23 17:24:00",143288,"",7999,2026,1,23,17,15,5,0.0154,0.69,0.012,-363546.1,0.64,0.011,1.277,6.97,0,0.011,0,-0.012,-0.005,13.17,-1.6,0.6,100,0
"2026-01-23 17:27:00",143289,"",7999,2026,1,23,17,21,5,0.0196,0.701,0.015,-363539.6,0.651,0.015,1.297,7,0,0.015,-0.001,0,0.002,13.17,-1.6,0.6,100,0
"2026-01-23 17:30:00",143290,"",7999,2026,1,23,17,21,5,0.0196,0.701,0.015,-363539.6,0.651,0.015,1.297,7,0,0.015,-0.001,0,0.002,13.17,-1.6,0.6,100,0
"2026-01-23 17:33:00",143291,"",7999,2026,1,23,17,27,5,-0.0023,0.704,-0.002,-363537.8,0.654,0,1.303,7.01,0,0,0,-0.023,-0.024,13.17,-1.6,0.6,100,0
"2026-01-23 17:36:00",143292,"",7999,2026,1,23,17,27,5,-0.0023,0.704,-0.002,-363537.8,0.654,0,1.303,7.01,0,0,0,-0.023,-0.024,13.17,-1.6,0.6,100,0
"2026-01-23 17:39:00",143293,"",7999,2026,1,23,17,33,5,0.0265,0.712,0.02,-363531.7,0.662,0.019,1.318,7.06,0,0.019,-0.001,0.014,0.005,13.17,-1.6,0.6,100,0
"2026-01-23 17:42:00",143294,"",7999,2026,1,23,17,33,5,0.0265,0.712,0.02,-363531.7,0.662,0.019,1.318,7.06,0,0.019,-0.001,0.014,0.005,13.17,-1.6,0.6,100,0
"2026-01-23 17:45:00",143295,"",7999,2026,1,23,17,39,5,0.0109,0.72,0.008,-363525.9,0.67,0.007,1.332,7.05,0,0.007,0,-0.005,-0.012,13.17,-1.6,0.6,100,0
"2026-01-23 17:48:00",143296,"",7999,2026,1,23,17,39,5,0.0109,0.72,0.008,-363525.9,0.67,0.007,1.332,7.05,0,0.007,0,-0.005,-0.012,13.17,-1.6,0.6,100,0
"2026-01-23 17:51:00",143297,"",7999,2026,1,23,17,45,5,-0.0029,0.724,-0.002,-363525.3,0.674,-0.001,1.34,7.1,0,-0.001,0.001,-0.019,-0.012,13.17,-1.6,0.6,100,0
"2026-01-23 17:54:00",143298,"",7999,2026,1,23,17,45,5,-0.0029,0.724,-0.002,-363525.3,0.674,-0.001,1.34,7.1,0,-0.001,0.001,-0.019,-0.012,13.17,-1.6,0.6,100,0
"2026-01-23 17:57:00",143299,"",7999,2026,1,23,17,51,5,0.0145,0.734,0.011,-363522.1,0.684,0.01,1.358,7.1,0,0.01,-0.002,-0.016,0,13.17,-1.6,0.6,100,0
"2026-01-23 18:00:00",143300,"",7999,2026,1,23,17,51,5,0.0145,0.734,0.011,-363522.1,0.684,0.01,1.358,7.1,0,0.01,-0.002,-0.016,0,13.17,-1.6,0.6,100,0
"2026-01-23 18:03:00",143301,"",7999,2026,1,23,17,57,5,0.0211,0.744,0.015,-363515.3,0.694,0.013,1.377,7.09,0,0.013,-0.002,0.007,0,13.17,-1.6,0.6,100,0
"2026-01-23 18:06:00",143302,"",7999,2026,1,23,17,57,5,0.0211,0.744,0.015,-363515.3,0.694,0.013,1.377,7.09,0,0.013,-0.002,0.007,0,13.17,-1.6,0.6,100,0
"2026-01-23 18:09:00",143303,"",7999,2026,1,23,18,3,5,0.0233,0.749,0.017,-363507.2,0.699,0.016,1.387,7.14,0,0.016,0.002,0,-0.007,13.17,-1.6,0.6,100,0
"2026-01-23 18:12:00",143304,"",7999,2026,1,23,18,3,5,0.0233,0.749,0.017,-363507.2,0.699,0.016,1.387,7.14,0,0.016,0.002,0,-0.007,13.17,-1.6,0.6,100,0
"2026-01-23 18:15:00",143305,"",7999,2026,1,23,18,9,5,0.0217,0.754,0.016,-363499.2,0.704,0.015,1.396,7.13,0,0.015,0.001,0,0,13.17,-1.6,0.6,100,0
"2026-01-23 18:18:00",143306,"",7999,2026,1,23,18,9,5,0.0217,0.754,0.016,-363499.2,0.704,0.015,1.396,7.13,0,0.015,0.001,0,0,13.17,-1.6,0.6,100,0
"2026-01-23 18:21:00",143307,"",7999,2026,1,23,18,15,5,0.0181,0.76,0.013,-363492.2,0.71,0.012,1.407,7.12,0,0.012,0.001,-0.009,-0.007,13.17,-1.6,0.6,100,0
"2026-01-23 18:24:00",143308,"",7999,2026,1,23,18,15,5,0.0181,0.76,0.013,-363492.2,0.71,0.012,1.407,7.12,0,0.012,0.001,-0.009,-0.007,13.17,-1.6,0.6,100,0
"2026-01-23 18:27:00",143309,"",7999,2026,1,23,18,21,5,0.0004,0.615,0,-363489.9,0.565,0,1.138,7.11,0,0,0,-0.019,-0.007,13.17,-1.6,0.6,100,0
"2026-01-23 18:30:00",143310,"",7999,2026,1,23,18,21,5,0.0004,0.615,0,-363489.9,0.565,0,1.138,7.11,0,0,0,-0.019,-0.007,13.17,-1.6,0.6,100,0
"2026-01-23 18:33:00",143311,"",7999,2026,1,23,18,27,5,-0.0051,0.77,-0.004,-363491.1,0.72,-0.004,1.424,7.14,0,-0.004,-0.004,0,0,13.16,-1.6,0.6,100,0
"2026-01-23 18:36:00",143312,"",7999,2026,1,23,18,27,5,-0.0051,0.77,-0.004,-363491.1,0.72,-0.004,1.424,7.14,0,-0.004,-0.004,0,0,13.16,-1.6,0.6,100,0
"2026-01-23 18:39:00",143313,"",7999,2026,1,23,18,33,5,-0.0032,0.774,-0.002,-363492.5,0.724,-0.002,1.433,7.13,0,-0.002,-0.001,-0.037,-0.019,13.16,-1.6,0.6,100,0
"2026-01-23 18:42:00",143314,"",7999,2026,1,23,18,33,5,-0.0032,0.774,-0.002,-363492.5,0.724,-0.002,1.433,7.13,0,-0.002,-0.001,-0.037,-0.019,13.16,-1.6,0.6,100,0
"2026-01-23 18:45:00",143315,"",7999,2026,1,23,18,39,5,0.0111,0.781,0.008,-363490.2,0.731,0.007,1.445,7.15,0,0.007,0,0,0.005,13.16,-1.6,0.6,100,0
"2026-01-23 18:48:00",143316,"",7999,2026,1,23,18,39,5,0.0111,0.781,0.008,-363490.2,0.731,0.007,1.445,7.15,0,0.007,0,0,0.005,13.16,-1.6,0.6,100,0
"2026-01-23 18:51:00",143317,"",7999,2026,1,23,18,45,5,0.0021,0.785,0.001,-363488.4,0.735,0,1.453,7.15,0,0,0,-0.002,0,13.16,-1.6,0.6,100,0
"2026-01-23 18:54:00",143318,"",7999,2026,1,23,18,45,5,0.0021,0.785,0.001,-363488.4,0.735,0,1.453,7.15,0,0,0,-0.002,0,13.16,-1.6,0.6,100,0
"2026-01-23 18:57:00",143319,"",7999,2026,1,23,18,51,5,0.0047,0.789,0.003,-363487,0.739,0.002,1.461,7.16,0,0.002,-0.001,-0.005,0,13.16,-1.6,0.6,100,0
"2026-01-23 19:00:00",143320,"",7999,2026,1,23,18,51,5,0.0047,0.789,0.003,-363487,0.739,0.002,1.461,7.16,0,0.002,-0.001,-0.005,0,13.16,-1.6,0.6,100,0
"2026-01-23 19:03:00",143321,"",7999,2026,1,23,18,57,5,0.0128,0.79,0.009,-363483.3,0.74,0.008,1.461,7.2,0,0.008,0.001,0,0.009,13.16,-1.6,0.6,100,0
"2026-01-23 19:06:00",143322,"",7999,2026,1,23,18,57,5,0.0128,0.79,0.009,-363483.3,0.74,0.008,1.461,7.2,0,0.008,0.001,0,0.009,13.16,-1.6,0.6,100,0
"2026-01-23 19:09:00",143323,"",7999,2026,1,23,19,3,5,0.0149,0.795,0.01,-363478.2,0.745,0.008,1.47,7.18,0,0.008,-0.001,-0.014,0.012,13.16,-1.6,0.6,100,0
"2026-01-23 19:12:00",143324,"",7999,2026,1,23,19,3,5,0.0149,0.795,0.01,-363478.2,0.745,0.008,1.47,7.18,0,0.008,-0.001,-0.014,0.012,13.16,-1.6,0.6,100,0
"2026-01-23 19:15:00",143325,"",7999,2026,1,23,19,9,5,-0.026,0.786,-0.018,-363482.6,0.736,-0.017,1.455,7.22,0,-0.017,0.001,-0.023,-0.036,13.16,-1.6,0.6,100,0
"2026-01-23 19:18:00",143326,"",7999,2026,1,23,19,9,5,-0.026,0.786,-0.018,-363482.6,0.736,-0.017,1.455,7.22,0,-0.017,0.001,-0.023,-0.036,13.16,-1.6,0.6,100,0
"2026-01-23 19:21:00",143327,"",7999,2026,1,23,19,15,5,0.0074,0.786,0.005,-363484,0.736,0.004,1.455,7.24,0,0.004,0.001,0.002,0.009,13.16,-1.6,0.6,100,0
"2026-01-23 19:24:00",143328,"",7999,2026,1,23,19,15,5,0.0074,0.786,0.005,-363484,0.736,0.004,1.455,7.24,0,0.004,0.001,0.002,0.009,13.16,-1.6,0.6,100,0
"2026-01-23 19:27:00",143329,"",7999,2026,1,23,19,21,5,0.028,0.792,0.019,-363476.3,0.742,0.018,1.466,7.18,0,0.018,-0.002,0,0.007,13.16,-1.6,0.6,100,0
"2026-01-23 19:30:00",143330,"",7999,2026,1,23,19,21,5,0.028,0.792,0.019,-363476.3,0.742,0.018,1.466,7.18,0,0.018,-0.002,0,0.007,13.16,-1.6,0.6,100,0
"2026-01-23 19:33:00",143331,"",7999,2026,1,23,19,27,5,0.0033,0.796,0.002,-363472.2,0.746,0,1.473,7.17,0,0,0,0.007,-0.002,13.16,-1.6,0.6,100,0
"2026-01-23 19:36:00",143332,"",7999,2026,1,23,19,27,5,0.0033,0.796,0.002,-363472.2,0.746,0,1.473,7.17,0,0,0,0.007,-0.002,13.16,-1.6,0.6,100,0
"2026-01-23 19:39:00",143333,"",7999,2026,1,23,19,33,5,0.0113,0.799,0.008,-363469,0.749,0.006,1.478,7.29,0,0.006,-0.001,-0.005,-0.014,13.16,-1.6,0.6,100,0
"2026-01-23 19:42:00",143334,"",7999,2026,1,23,19,33,5,0.0113,0.799,0.008,-363469,0.749,0.006,1.478,7.29,0,0.006,-0.001,-0.005,-0.014,13.16,-1.6,0.6,100,0
"2026-01-23 19:45:00",143335,"",7999,2026,1,23,19,39,5,0.0039,0.801,0.003,-363466.7,0.751,0.001,1.483,7.3,0,0.001,-0.001,-0.016,-0.024,13.16,-1.6,0.6,100,0
"2026-01-23 19:48:00",143336,"",7999,2026,1,23,19,39,5,0.0039,0.801,0.003,-363466.7,0.751,0.001,1.483,7.3,0,0.001,-0.001,-0.016,-0.024,13.16,-1.6,0.6,100,0
"2026-01-23 19:51:00",143337,"",7999,2026,1,23,19,45,5,-0.0302,0.8,-0.02,-363473.5,0.75,-0.021,1.48,7.29,0,-0.021,0,-0.046,-0.04,13.16,-1.6,0.6,100,0
"2026-01-23 19:54:00",143338,"",7999,2026,1,23,19,45,5,-0.0302,0.8,-0.02,-363473.5,0.75,-0.021,1.48,7.29,0,-0.021,0,-0.046,-0.04,13.16,-1.6,0.6,100,0
"2026-01-23 19:57:00",143339,"",7999,2026,1,23,19,51,5,-0,0.801,0,-363477.2,0.751,0,1.482,7.32,0,0,0,-0.021,-0.024,13.16,-1.6,0.6,100,0
"2026-01-23 20:00:00",143340,"",7999,2026,1,23,19,51,5,-0,0.801,0,-363477.2,0.751,0,1.482,7.32,0,0,0,-0.021,-0.024,13.16,-1.6,0.6,100,0
"2026-01-23 20:03:00",143341,"",7999,2026,1,23,19,57,5,0.0376,0.805,0.025,-363468.1,0.755,0.025,1.49,7.29,0,0.025,0.003,0.005,0.021,13.16,-1.6,0.6,100,0
"2026-01-23 20:06:00",143342,"",7999,2026,1,23,19,57,5,0.0376,0.805,0.025,-363468.1,0.755,0.025,1.49,7.29,0,0.025,0.003,0.005,0.021,13.16,-1.6,0.6,100,0
"2026-01-23 20:09:00",143343,"",7999,2026,1,23,20,3,5,0.0123,0.804,0.008,-363460.7,0.754,0.007,1.487,7.17,0,0.007,0.001,0.002,-0.005,13.16,-1.6,0.6,100,0
"2026-01-23 20:12:00",143344,"",7999,2026,1,23,20,3,5,0.0123,0.804,0.008,-363460.7,0.754,0.007,1.487,7.17,0,0.007,0.001,0.002,-0.005,13.16,-1.6,0.6,100,0
"2026-01-23 20:15:00",143345,"",7999,2026,1,23,20,9,5,-0.0347,0.799,-0.024,-363467.5,0.749,-0.023,1.478,7.1,0,-0.023,0.003,-0.014,-0.062,13.16,-1.6,0.6,100,0
"2026-01-23 20:18:00",143346,"",7999,2026,1,23,20,9,5,-0.0347,0.799,-0.024,-363467.5,0.749,-0.023,1.478,7.1,0,-0.023,0.003,-0.014,-0.062,13.16,-1.6,0.6,100,0
"2026-01-23 20:21:00",143347,"",7999,2026,1,23,20,15,5,0.011,0.801,0.007,-363469,0.751,0.006,1.481,7.01,0,0.006,-0.001,0,-0.002,13.16,-1.6,0.6,100,0
"2026-01-23 20:24:00",143348,"",7999,2026,1,23,20,15,5,0.011,0.801,0.007,-363469,0.751,0.006,1.481,7.01,0,0.006,-0.001,0,-0.002,13.16,-1.6,0.6,100,0
"2026-01-23 20:27:00",143349,"",7999,2026,1,23,20,21,5,-0.0044,0.795,-0.003,-363468.8,0.745,-0.002,1.471,6.88,0,-0.002,0.001,0,-0.005,13.16,-1.6,0.6,99,0
"2026-01-23 20:30:00",143350,"",7999,2026,1,23,20,21,5,-0.0044,0.795,-0.003,-363468.8,0.745,-0.002,1.471,6.88,0,-0.002,0.001,0,-0.005,13.16,-1.6,0.6,99,0
"2026-01-23 20:33:00",143351,"",7999,2026,1,23,20,27,5,0.0113,0.796,0.008,-363466.6,0.746,0.006,1.472,6.97,0,0.006,-0.001,-0.005,-0.005,13.16,-1.6,0.6,100,0
"2026-01-23 20:36:00",143352,"",7999,2026,1,23,20,27,5,0.0113,0.796,0.008,-363466.6,0.746,0.006,1.472,6.97,0,0.006,-0.001,-0.005,-0.005,13.16,-1.6,0.6,100,0
"2026-01-23 20:39:00",143353,"",7999,2026,1,23,20,33,5,-0.007,0.795,-0.005,-363466.9,0.745,-0.005,1.47,7.02,0,-0.005,-0.002,-0.021,-0.036,13.16,-1.6,0.6,100,0
"2026-01-23 20:42:00",143354,"",7999,2026,1,23,20,33,5,-0.007,0.795,-0.005,-363466.9,0.745,-0.005,1.47,7.02,0,-0.005,-0.002,-0.021,-0.036,13.16,-1.6,0.6,100,0
"2026-01-23 20:45:00",143355,"",7999,2026,1,23,20,39,5,-0.0247,0.791,-0.017,-363473.7,0.741,-0.016,1.464,6.86,0,-0.016,-0.002,-0.014,-0.024,13.16,-1.6,0.6,100,0
"2026-01-23 20:48:00",143356,"",7999,2026,1,23,20,39,5,-0.0247,0.791,-0.017,-363473.7,0.741,-0.016,1.464,6.86,0,-0.016,-0.002,-0.014,-0.024,13.16,-1.6,0.6,100,0
"2026-01-23 20:51:00",143357,"",7999,2026,1,23,20,45,5,0.0124,0.798,0.008,-363473.7,0.748,0.007,1.476,6.9,0,0.007,-0.001,-0.007,-0.012,13.16,-1.6,0.6,100,0
"2026-01-23 20:54:00",143358,"",7999,2026,1,23,20,45,5,0.0124,0.798,0.008,-363473.7,0.748,0.007,1.476,6.9,0,0.007,-0.001,-0.007,-0.012,13.16,-1.6,0.6,100,0
"2026-01-23 20:57:00",143359,"",7999,2026,1,23,20,51,5,0.0025,0.804,0.002,-363471.6,0.754,0,1.488,6.98,0,0,0,-0.014,-0.019,13.16,-1.6,0.6,100,0
"2026-01-23 21:00:00",143360,"",7999,2026,1,23,20,51,5,0.0025,0.804,0.002,-363471.6,0.754,0,1.488,6.98,0,0,0,-0.014,-0.019,13.16,-1.6,0.6,100,0
"2026-01-23 21:03:00",143361,"",7999,2026,1,23,20,57,5,-0.0113,0.801,-0.008,-363474,0.751,-0.007,1.483,6.66,0,-0.007,-0.001,-0.021,-0.026,13.16,-1.6,0.6,100,0
"2026-01-23 21:06:00",143362,"",7999,2026,1,23,20,57,5,-0.0113,0.801,-0.008,-363474,0.751,-0.007,1.483,6.66,0,-0.007,-0.001,-0.021,-0.026,13.16,-1.6,0.6,100,0
"2026-01-23 21:09:00",143363,"",7999,2026,1,23,21,3,5,0.0034,0.804,0.002,-363474.5,0.754,0.002,1.488,6.62,0,0.002,-0.001,-0.012,-0.014,13.16,-1.6,0.6,100,0
"2026-01-23 21:12:00",143364,"",7999,2026,1,23,21,3,5,0.0034,0.804,0.002,-363474.5,0.754,0.002,1.488,6.62,0,0.002,-0.001,-0.012,-0.014,13.16,-1.6,0.6,100,0
"2026-01-23 21:15:00",143365,"",7999,2026,1,23,21,9,5,-0.0026,0.801,-0.002,-363474.8,0.751,-0.001,1.483,6.53,0,-0.001,0.001,-0.014,-0.012,13.16,-1.6,0.6,100,0
"2026-01-23 21:18:00",143366,"",7999,2026,1,23,21,9,5,-0.0026,0.801,-0.002,-363474.8,0.751,-0.001,1.483,6.53,0,-0.001,0.001,-0.014,-0.012,13.16,-1.6,0.6,100,0
"2026-01-23 21:21:00",143367,"",7999,2026,1,23,21,15,5,-0.0384,0.785,-0.026,-363484.3,0.735,-0.025,1.453,6.12,0,-0.025,0.002,-0.023,-0.028,13.16,-1.6,0.6,100,0
"2026-01-23 21:24:00",143368,"",7999,2026,1,23,21,15,5,-0.0384,0.785,-0.026,-363484.3,0.735,-0.025,1.453,6.12,0,-0.025,0.002,-0.023,-0.028,13.16,-1.6,0.6,100,0
"2026-01-23 21:27:00",143369,"",7999,2026,1,23,21,21,5,-0.0766,0.759,-0.055,-363507.2,0.709,-0.054,1.405,5.86,0,-0.054,0.002,-0.028,-0.078,13.16,-1.6,0.6,99,0
"2026-01-23 21:30:00",143370,"",7999,2026,1,23,21,21,5,-0.0766,0.759,-0.055,-363507.2,0.709,-0.054,1.405,5.86,0,-0.054,0.002,-0.028,-0.078,13.16,-1.6,0.6,99,0
"2026-01-23 21:33:00",143371,"",7999,2026,1,23,21,27,5,-0.0696,0.738,-0.051,-363533.1,0.688,-0.052,1.366,5.47,0,-0.052,-0.003,-0.03,-0.059,13.16,-1.6,0.6,100,0
"2026-01-23 21:36:00",143372,"",7999,2026,1,23,21,27,5,-0.0696,0.738,-0.051,-363533.1,0.688,-0.052,1.366,5.47,0,-0.052,-0.003,-0.03,-0.059,13.16,-1.6,0.6,100,0
"2026-01-23 21:39:00",143373,"",7999,2026,1,23,21,33,5,-0.0861,0.706,-0.066,-363562.2,0.656,-0.067,1.307,5.15,0,-0.067,0.001,-0.04,-0.073,13.16,-1.6,0.6,100,0
"2026-01-23 21:42:00",143374,"",7999,2026,1,23,21,33,5,-0.0861,0.706,-0.066,-363562.2,0.656,-0.067,1.307,5.15,0,-0.067,0.001,-0.04,-0.073,13.16,-1.6,0.6,100,0
"2026-01-23 21:45:00",143375,"",7999,2026,1,23,21,39,5,-0.0416,0.694,-0.032,-363582.5,0.644,-0.031,1.285,5.03,0,-0.031,0.001,-0.021,-0.031,13.16,-1.6,0.6,100,0
"2026-01-23 21:48:00",143376,"",7999,2026,1,23,21,39,5,-0.0416,0.694,-0.032,-363582.5,0.644,-0.031,1.285,5.03,0,-0.031,0.001,-0.021,-0.031,13.16,-1.6,0.6,100,0
"2026-01-23 21:51:00",143377,"",7999,2026,1,23,21,45,5,-0.035,0.684,-0.028,-363595.9,0.634,-0.028,1.266,4.99,0,-0.028,0.002,-0.019,-0.038,13.16,-1.6,0.6,100,0
"2026-01-23 21:54:00",143378,"",7999,2026,1,23,21,45,5,-0.035,0.684,-0.028,-363595.9,0.634,-0.028,1.266,4.99,0,-0.028,0.002,-0.019,-0.038,13.16,-1.6,0.6,100,0
"2026-01-23 21:57:00",143379,"",7999,2026,1,23,21,51,5,-0.0127,0.684,-0.01,-363603.2,0.634,-0.008,1.265,5.01,0,-0.008,0.002,-0.028,-0.021,13.16,-1.6,0.6,100,0
"2026-01-23 22:00:00",143380,"",7999,2026,1,23,21,51,5,-0.0127,0.684,-0.01,-363603.2,0.634,-0.008,1.265,5.01,0,-0.008,0.002,-0.028,-0.021,13.16,-1.6,0.6,100,0
"2026-01-23 22:03:00",143381,"",7999,2026,1,23,21,57,5,0.0345,0.698,0.027,-363596.4,0.648,0.025,1.291,5.2,0,0.025,0,0.012,0.026,13.16,-1.6,0.6,100,0
"2026-01-23 22:06:00",143382,"",7999,2026,1,23,21,57,5,0.0345,0.698,0.027,-363596.4,0.648,0.025,1.291,5.2,0,0.025,0,0.012,0.026,13.16,-1.6,0.6,100,0
"2026-01-23 22:09:00",143383,"",7999,2026,1,23,22,3,5,0.0238,0.708,0.018,-363586.5,0.658,0.018,1.31,5.32,0,0.018,-0.007,-0.012,0.031,13.15,-1.6,0.6,100,0
"2026-01-23 22:12:00",143384,"",7999,2026,1,23,22,3,5,0.0238,0.708,0.018,-363586.5,0.658,0.018,1.31,5.32,0,0.018,-0.007,-0.012,0.031,13.15,-1.6,0.6,100,0
"2026-01-23 22:15:00",143385,"",7999,2026,1,23,22,9,5,-0.0141,0.692,-0.011,-363587,0.642,-0.01,1.28,4.93,0,-0.01,0.001,-0.007,-0.038,13.15,-1.6,0.6,100,0
"2026-01-23 22:18:00",143386,"",7999,2026,1,23,22,9,5,-0.0141,0.692,-0.011,-363587,0.642,-0.01,1.28,4.93,0,-0.01,0.001,-0.007,-0.038,13.15,-1.6,0.6,100,0
"2026-01-23 22:21:00",143387,"",7999,2026,1,23,22,15,5,-0.0295,0.664,-0.024,-363595.8,0.614,-0.023,1.229,4.75,0,-0.023,0.003,-0.021,-0.043,13.15,-1.6,0.6,100,0
"2026-01-23 22:24:00",143388,"",7999,2026,1,23,22,15,5,-0.0295,0.664,-0.024,-363595.8,0.614,-0.023,1.229,4.75,0,-0.023,0.003,-0.021,-0.043,13.15,-1.6,0.6,100,0
"2026-01-23 22:27:00",143389,"",7999,2026,1,23,22,21,5,-0.0296,0.643,-0.025,-363606.5,0.593,-0.024,1.189,4.55,0,-0.024,0.003,-0.023,-0.033,13.15,-1.6,0.6,100,0
"2026-01-23 22:30:00",143390,"",7999,2026,1,23,22,21,5,-0.0296,0.643,-0.025,-363606.5,0.593,-0.024,1.189,4.55,0,-0.024,0.003,-0.023,-0.033,13.15,-1.6,0.6,100,0
"2026-01-23 22:33:00",143391,"",7999,2026,1,23,22,27,5,0.008,0.648,0.007,-363608.1,0.598,0.006,1.199,4.5,0,0.006,-0.001,-0.012,-0.009,13.15,-1.6,0.6,100,0
"2026-01-23 22:36:00",143392,"",7999,2026,1,23,22,27,5,0.008,0.648,0.007,-363608.1,0.598,0.006,1.199,4.5,0,0.006,-0.001,-0.012,-0.009,13.15,-1.6,0.6,100,0
"2026-01-23 22:39:00",143393,"",7999,2026,1,23,22,33,5,0.0096,0.67,0.008,-363604.8,0.62,0.007,1.239,4.43,0,0.007,-0.003,-0.014,-0.009,13.15,-1.6,0.6,100,0
"2026-01-23 22:42:00",143394,"",7999,2026,1,23,22,33,5,0.0096,0.67,0.008,-363604.8,0.62,0.007,1.239,4.43,0,0.007,-0.003,-0.014,-0.009,13.15,-1.6,0.6,100,0
"2026-01-23 22:45:00",143395,"",7999,2026,1,23,22,39,5,-0.0044,0.678,-0.004,-363604.8,0.628,-0.004,1.255,4.37,0,-0.004,-0.006,-0.021,-0.024,13.15,-1.6,0.6,100,0
"2026-01-23 22:48:00",143396,"",7999,2026,1,23,22,39,5,-0.0044,0.678,-0.004,-363604.8,0.628,-0.004,1.255,4.37,0,-0.004,-0.006,-0.021,-0.024,13.15,-1.6,0.6,100,0
"2026-01-23 22:51:00",143397,"",7999,2026,1,23,22,45,5,-0.0142,0.669,-0.011,-363608.7,0.619,-0.011,1.237,4.26,0,-0.011,0.003,-0.007,-0.019,13.15,-1.6,0.6,100,0
"2026-01-23 22:54:00",143398,"",7999,2026,1,23,22,45,5,-0.0142,0.669,-0.011,-363608.7,0.619,-0.011,1.237,4.26,0,-0.011,0.003,-0.007,-0.019,13.15,-1.6,0.6,100,0
"2026-01-23 22:57:00",143399,"",7999,2026,1,23,22,51,5,-0.0007,0.665,-0.001,-363610.6,0.615,0,1.23,4.21,0,0,0.001,-0.007,-0.009,13.15,-1.6,0.6,100,0
"2026-01-23 23:00:00",143400,"",7999,2026,1,23,22,51,5,-0.0007,0.665,-0.001,-363610.6,0.615,0,1.23,4.21,0,0,0.001,-0.007,-0.009,13.15,-1.6,0.6,100,0
"2026-01-23 23:03:00",143401,"",7999,2026,1,23,22,57,5,0.0112,0.675,0.009,-363608,0.625,0.007,1.249,4.05,0,0.007,-0.003,-0.009,-0.014,13.15,-1.6,0.6,100,0
"2026-01-23 23:06:00",143402,"",7999,2026,1,23,22,57,5,0.0112,0.675,0.009,-363608,0.625,0.007,1.249,4.05,0,0.007,-0.003,-0.009,-0.014,13.15,-1.6,0.6,100,0
"2026-01-23 23:09:00",143403,"",7999,2026,1,23,23,3,5,-0.013,0.674,-0.01,-363609.8,0.624,-0.01,1.247,3.96,0,-0.01,-0.001,-0.026,-0.036,13.15,-1.6,0.6,100,0
"2026-01-23 23:12:00",143404,"",7999,2026,1,23,23,3,5,-0.013,0.674,-0.01,-363609.8,0.624,-0.01,1.247,3.96,0,-0.01,-0.001,-0.026,-0.036,13.15,-1.6,0.6,100,0
"2026-01-23 23:15:00",143405,"",7999,2026,1,23,23,9,5,-0.0534,0.642,-0.045,-363624.2,0.592,-0.045,1.189,3.89,0,-0.045,0.004,-0.042,-0.076,13.15,-1.6,0.6,100,0
"2026-01-23 23:18:00",143406,"",7999,2026,1,23,23,9,5,-0.0534,0.642,-0.045,-363624.2,0.592,-0.045,1.189,3.89,0,-0.045,0.004,-0.042,-0.076,13.15,-1.6,0.6,100,0
"2026-01-23 23:21:00",143407,"",7999,2026,1,23,23,15,5,-0.0482,0.613,-0.042,-363642.1,0.563,-0.042,1.134,3.74,0,-0.042,-0.003,-0.023,-0.043,13.15,-1.6,0.6,100,0
"2026-01-23 23:24:00",143408,"",7999,2026,1,23,23,15,5,-0.0482,0.613,-0.042,-363642.1,0.563,-0.042,1.134,3.74,0,-0.042,-0.003,-0.023,-0.043,13.15,-1.6,0.6,100,0
"2026-01-23 23:27:00",143409,"",7999,2026,1,23,23,21,5,-0.0241,0.597,-0.022,-363653.7,0.547,-0.021,1.104,3.65,0,-0.021,0.001,-0.016,-0.014,13.15,-1.6,0.6,98,0
"2026-01-23 23:30:00",143410,"",7999,2026,1,23,23,21,5,-0.0241,0.597,-0.022,-363653.7,0.547,-0.021,1.104,3.65,0,-0.021,0.001,-0.016,-0.014,13.15,-1.6,0.6,98,0
"2026-01-23 23:33:00",143411,"",7999,2026,1,23,23,27,5,-0.0133,0.57,-0.013,-363659.8,0.52,-0.012,1.055,3.6,0,-0.012,0.002,-0.002,-0.026,13.15,-1.6,0.6,100,0
"2026-01-23 23:36:00",143412,"",7999,2026,1,23,23,27,5,-0.0133,0.57,-0.013,-363659.8,0.52,-0.012,1.055,3.6,0,-0.012,0.002,-0.002,-0.026,13.15,-1.6,0.6,100,0
"2026-01-23 23:39:00",143413,"",7999,2026,1,23,23,33,5,0.0004,0.561,0,-363661.3,0.511,0.001,1.039,3.52,0,0.001,-0.001,-0.021,-0.012,13.15,-1.6,0.6,100,0
"2026-01-23 23:42:00",143414,"",7999,2026,1,23,23,33,5,0.0004,0.561,0,-363661.3,0.511,0.001,1.039,3.52,0,0.001,-0.001,-0.021,-0.012,13.15,-1.6,0.6,100,0
"2026-01-23 23:45:00",143415,"",7999,2026,1,23,23,39,5,-0.0057,0.549,-0.006,-363662.6,0.499,-0.005,1.016,3.44,0,-0.005,0.001,-0.023,-0.005,13.15,-1.6,0.6,100,0
"2026-01-23 23:48:00",143416,"",7999,2026,1,23,23,39,5,-0.0057,0.549,-0.006,-363662.6,0.499,-0.005,1.016,3.44,0,-0.005,0.001,-0.023,-0.005,13.15,-1.6,0.6,100,0
"2026-01-23 23:51:00",143417,"",7999,2026,1,23,23,45,5,-0.0062,0.542,-0.006,-363664.8,0.492,-0.006,1.002,3.38,0,-0.006,0.004,-0.012,0,13.15,-1.6,0.6,100,0
"2026-01-23 23:54:00",143418,"",7999,2026,1,23,23,45,5,-0.0062,0.542,-0.006,-363664.8,0.492,-0.006,1.002,3.38,0,-0.006,0.004,-0.012,0,13.15,-1.6,0.6,100,0
"2026-01-23 23:57:00",143419,"",7999,2026,1,23,23,51,5,-0.0011,0.538,-0.001,-363665.8,0.488,-0.002,0.996,3.37,0,-0.002,-0.001,-0.012,-0.009,13.15,-1.6,0.6,100,0
"2026-01-24 00:00:00",143420,"",7999,2026,1,23,23,51,5,-0.0011,0.538,-0.001,-363665.8,0.488,-0.002,0.996,3.37,0,-0.002,-0.001,-0.012,-0.009,13.15,-1.6,0.6,100,0
"2026-01-24 00:03:00",143421,"",7999,2026,1,23,23,57,5,0.0102,0.533,0.01,-363663.5,0.483,0.008,0.986,3.38,0,0.008,-0.003,-0.019,-0.012,13.15,-1.6,0.6,100,0
"2026-01-24 00:06:00",143422,"",7999,2026,1,23,23,57,5,0.0102,0.533,0.01,-363663.5,0.483,0.008,0.986,3.38,0,0.008,-0.003,-0.019,-0.012,13.15,-1.6,0.6,100,0
"2026-01-24 00:09:00",143423,"",7999,2026,1,24,0,3,5,0.0003,0.529,0,-363662.2,0.479,0,0.979,3.32,0,0,0,-0.012,-0.019,13.15,-1.6,0.6,100,0
"2026-01-24 00:12:00",143424,"",7999,2026,1,24,0,3,5,0.0003,0.529,0,-363662.2,0.479,0,0.979,3.32,0,0,0,-0.012,-0.019,13.15,-1.6,0.6,100,0
"2026-01-24 00:15:00",143425,"",7999,2026,1,24,0,9,5,0.0107,0.515,0.011,-363659.6,0.465,0.01,0.954,3.28,0,0.01,-0.002,-0.014,-0.024,13.15,-1.6,0.6,99,0
"2026-01-24 00:18:00",143426,"",7999,2026,1,24,0,9,5,0.0107,0.515,0.011,-363659.6,0.465,0.01,0.954,3.28,0,0.01,-0.002,-0.014,-0.024,13.15,-1.6,0.6,99,0
"2026-01-24 00:21:00",143427,"",7999,2026,1,24,0,15,5,0.0055,0.505,0.006,-363656.9,0.455,0.005,0.935,3.22,0,0.005,-0.001,-0.009,-0.026,13.15,-1.6,0.6,100,0
"2026-01-24 00:24:00",143428,"",7999,2026,1,24,0,15,5,0.0055,0.505,0.006,-363656.9,0.455,0.005,0.935,3.22,0,0.005,-0.001,-0.009,-0.026,13.15,-1.6,0.6,100,0
"2026-01-24 00:27:00",143429,"",7999,2026,1,24,0,21,5,-0.0002,0.494,0,-363656.3,0.444,0,0.915,3.15,0,0,-0.001,-0.014,-0.009,13.15,-1.6,0.6,100,0
"2026-01-24 00:30:00",143430,"",7999,2026,1,24,0,21,5,-0.0002,0.494,0,-363656.3,0.444,0,0.915,3.15,0,0,-0.001,-0.014,-0.009,13.15,-1.6,0.6,100,0
"2026-01-24 00:33:00",143431,"",7999,2026,1,24,0,27,5,0.0018,0.49,0.002,-363655.9,0.44,0.001,0.906,3.16,0,0.001,-0.002,-0.009,-0.019,13.15,-1.6,0.6,100,0
"2026-01-24 00:36:00",143432,"",7999,2026,1,24,0,27,5,0.0018,0.49,0.002,-363655.9,0.44,0.001,0.906,3.16,0,0.001,-0.002,-0.009,-0.019,13.15,-1.6,0.6,100,0
"2026-01-24 00:39:00",143433,"",7999,2026,1,24,0,33,5,0.0117,0.494,0.013,-363652.9,0.444,0.011,0.915,3.14,0,0.011,-0.004,-0.012,-0.026,13.15,-1.6,0.6,100,0
"2026-01-24 00:42:00",143434,"",7999,2026,1,24,0,33,5,0.0117,0.494,0.013,-363652.9,0.444,0.011,0.915,3.14,0,0.011,-0.004,-0.012,-0.026,13.15,-1.6,0.6,100,0
"2026-01-24 00:45:00",143435,"",7999,2026,1,24,0,39,5,0.0002,0.491,0,-363651.4,0.441,0,0.909,3.01,0,0,0,-0.016,0.012,13.15,-1.6,0.6,100,0
"2026-01-24 00:48:00",143436,"",7999,2026,1,24,0,39,5,0.0002,0.491,0,-363651.4,0.441,0,0.909,3.01,0,0,0,-0.016,0.012,13.15,-1.6,0.6,100,0
"2026-01-24 00:51:00",143437,"",7999,2026,1,24,0,45,5,-0.0036,0.483,-0.004,-363652.3,0.433,-0.005,0.895,2.9,0,-0.005,0.002,-0.016,-0.026,13.15,-1.6,0.6,99,0
"2026-01-24 00:54:00",143438,"",7999,2026,1,24,0,45,5,-0.0036,0.483,-0.004,-363652.3,0.433,-0.005,0.895,2.9,0,-0.005,0.002,-0.016,-0.026,13.15,-1.6,0.6,99,0
"2026-01-24 00:57:00",143439,"",7999,2026,1,24,0,51,5,-0.0017,0.476,-0.002,-363653.1,0.426,-0.002,0.881,2.84,0,-0.002,0.001,-0.023,-0.009,13.15,-1.6,0.6,100,0
"2026-01-24 01:00:00",143440,"",7999,2026,1,24,0,51,5,-0.0017,0.476,-0.002,-363653.1,0.426,-0.002,0.881,2.84,0,-0.002,0.001,-0.023,-0.009,13.15,-1.6,0.6,100,0
"2026-01-24 01:03:00",143441,"",7999,2026,1,24,0,57,5,0.0053,0.469,0.006,-363652,0.419,0.006,0.867,2.83,0,0.006,0.001,-0.007,-0.019,13.15,-1.6,0.6,100,0
"2026-01-24 01:06:00",143442,"",7999,2026,1,24,0,57,5,0.0053,0.469,0.006,-363652,0.419,0.006,0.867,2.83,0,0.006,0.001,-0.007,-0.019,13.15,-1.6,0.6,100,0
"2026-01-24 01:09:00",143443,"",7999,2026,1,24,1,3,5,-0.0035,0.464,-0.004,-363652.3,0.414,-0.004,0.859,2.85,0,-0.004,-0.001,-0.005,-0.007,13.15,-1.6,0.6,100,0
"2026-01-24 01:12:00",143444,"",7999,2026,1,24,1,3,5,-0.0035,0.464,-0.004,-363652.3,0.414,-0.004,0.859,2.85,0,-0.004,-0.001,-0.005,-0.007,13.15,-1.6,0.6,100,0
"2026-01-24 01:15:00",143445,"",7999,2026,1,24,1,9,5,-0.0022,0.459,-0.003,-363653.2,0.409,-0.002,0.85,2.82,0,-0.002,0.001,0.002,-0.019,13.15,-1.6,0.6,100,0
"2026-01-24 01:18:00",143446,"",7999,2026,1,24,1,9,5,-0.0022,0.459,-0.003,-363653.2,0.409,-0.002,0.85,2.82,0,-0.002,0.001,0.002,-0.019,13.15,-1.6,0.6,100,0
"2026-01-24 01:21:00",143447,"",7999,2026,1,24,1,15,5,-0.0034,0.456,-0.004,-363654.3,0.406,-0.002,0.844,2.78,0,-0.002,0.001,-0.009,-0.021,13.15,-1.6,0.6,100,0
"2026-01-24 01:24:00",143448,"",7999,2026,1,24,1,15,5,-0.0034,0.456,-0.004,-363654.3,0.406,-0.002,0.844,2.78,0,-0.002,0.001,-0.009,-0.021,13.15,-1.6,0.6,100,0
"2026-01-24 01:27:00",143449,"",7999,2026,1,24,1,21,5,-0.0017,0.454,-0.002,-363655.2,0.404,-0.002,0.84,2.73,0,-0.002,0.001,-0.009,-0.019,13.14,-1.6,0.6,100,0
"2026-01-24 01:30:00",143450,"",7999,2026,1,24,1,21,5,-0.0017,0.454,-0.002,-363655.2,0.404,-0.002,0.84,2.73,0,-0.002,0.001,-0.009,-0.019,13.14,-1.6,0.6,100,0
"2026-01-24 01:33:00",143451,"",7999,2026,1,24,1,27,5,-0.0027,0.452,-0.003,-363656,0.402,-0.002,0.836,2.7,0,-0.002,0.001,-0.002,-0.024,13.14,-1.6,0.6,100,0
"2026-01-24 01:36:00",143452,"",7999,2026,1,24,1,27,5,-0.0027,0.452,-0.003,-363656,0.402,-0.002,0.836,2.7,0,-0.002,0.001,-0.002,-0.024,13.14,-1.6,0.6,100,0
"2026-01-24 01:39:00",143453,"",7999,2026,1,24,1,33,5,0.0025,0.45,0.003,-363655.8,0.4,0.001,0.833,2.66,0,0.001,0.001,-0.005,-0.019,13.14,-1.6,0.6,100,0
"2026-01-24 01:42:00",143454,"",7999,2026,1,24,1,33,5,0.0025,0.45,0.003,-363655.8,0.4,0.001,0.833,2.66,0,0.001,0.001,-0.005,-0.019,13.14,-1.6,0.6,100,0
"2026-01-24 01:45:00",143455,"",7999,2026,1,24,1,39,5,-0.003,0.448,-0.004,-363656.2,0.398,-0.002,0.83,2.62,0,-0.002,0.001,-0.012,-0.017,13.14,-1.6,0.6,100,0
"2026-01-24 01:48:00",143456,"",7999,2026,1,24,1,39,5,-0.003,0.448,-0.004,-363656.2,0.398,-0.002,0.83,2.62,0,-0.002,0.001,-0.012,-0.017,13.14,-1.6,0.6,100,0
"2026-01-24 01:51:00",143457,"",7999,2026,1,24,1,45,5,-0.0019,0.447,-0.002,-363657,0.397,-0.001,0.827,2.58,0,-0.001,0.001,0,-0.021,13.14,-1.6,0.6,100,0
"2026-01-24 01:54:00",143458,"",7999,2026,1,24,1,45,5,-0.0019,0.447,-0.002,-363657,0.397,-0.001,0.827,2.58,0,-0.001,0.001,0,-0.021,13.14,-1.6,0.6,100,0
"2026-01-24 01:57:00",143459,"",7999,2026,1,24,1,51,5,-0.0019,0.446,-0.002,-363657.7,0.396,-0.001,0.825,2.54,0,-0.001,0.001,-0.005,-0.005,13.14,-1.6,0.6,100,0
"2026-01-24 02:00:00",143460,"",7999,2026,1,24,1,51,5,-0.0019,0.446,-0.002,-363657.7,0.396,-0.001,0.825,2.54,0,-0.001,0.001,-0.005,-0.005,13.14,-1.6,0.6,100,0
"2026-01-24 02:03:00",143461,"",7999,2026,1,24,1,57,5,0.0178,0.441,0.022,-363653.7,0.391,0.021,0.816,2.54,0,0.021,-0.005,-0.023,-0.007,13.14,-1.6,0.6,99,0
"2026-01-24 02:06:00",143462,"",7999,2026,1,24,1,57,5,0.0178,0.441,0.022,-363653.7,0.391,0.021,0.816,2.54,0,0.021,-0.005,-0.023,-0.007,13.14,-1.6,0.6,99,0
"2026-01-24 02:09:00",143463,"",7999,2026,1,24,2,3,5,0.0012,0.444,0.002,-363651.2,0.394,0.002,0.822,2.39,0,0.002,-0.001,0.005,-0.002,13.14,-1.6,0.6,100,0
"2026-01-24 02:12:00",143464,"",7999,2026,1,24,2,3,5,0.0012,0.444,0.002,-363651.2,0.394,0.002,0.822,2.39,0,0.002,-0.001,0.005,-0.002,13.14,-1.6,0.6,100,0
"2026-01-24 02:15:00",143465,"",7999,2026,1,24,2,9,5,0.0002,0.444,0,-363651,0.394,0,0.821,2.29,0,0,0.001,-0.005,-0.017,13.14,-1.6,0.6,100,0
"2026-01-24 02:18:00",143466,"",7999,2026,1,24,2,9,5,0.0002,0.444,0,-363651,0.394,0,0.821,2.29,0,0,0.001,-0.005,-0.017,13.14,-1.6,0.6,100,0
"2026-01-24 02:21:00",143467,"",7999,2026,1,24,2,15,5,-0.0003,0.442,0,-363651,0.392,-0.001,0.819,2.23,0,-0.001,0.002,-0.016,0,13.14,-1.6,0.6,100,0
"2026-01-24 02:24:00",143468,"",7999,2026,1,24,2,15,5,-0.0003,0.442,0,-363651,0.392,-0.001,0.819,2.23,0,-0.001,0.002,-0.016,0,13.14,-1.6,0.6,100,0
"2026-01-24 02:27:00",143469,"",7999,2026,1,24,2,21,5,-0.0015,0.442,-0.002,-363651.5,0.392,-0.002,0.817,2.16,0,-0.002,0.002,-0.016,0,13.14,-1.6,0.6,100,0
"2026-01-24 02:30:00",143470,"",7999,2026,1,24,2,21,5,-0.0015,0.442,-0.002,-363651.5,0.392,-0.002,0.817,2.16,0,-0.002,0.002,-0.016,0,13.14,-1.6,0.6,100,0
"2026-01-24 02:33:00",143471,"",7999,2026,1,24,2,27,5,-0.0008,0.441,-0.001,-363651.8,0.391,-0.001,0.816,2.16,0,-0.001,0.001,-0.012,-0.017,13.14,-1.6,0.6,100,0
"2026-01-24 02:36:00",143472,"",7999,2026,1,24,2,27,5,-0.0008,0.441,-0.001,-363651.8,0.391,-0.001,0.816,2.16,0,-0.001,0.001,-0.012,-0.017,13.14,-1.6,0.6,100,0
"2026-01-24 02:39:00",143473,"",7999,2026,1,24,2,33,5,-0.0001,0.44,0,-363652,0.39,0,0.814,2.19,0,0,0,-0.005,-0.012,13.14,-1.6,0.6,100,0
"2026-01-24 02:42:00",143474,"",7999,2026,1,24,2,33,5,-0.0001,0.44,0,-363652,0.39,0,0.814,2.19,0,0,0,-0.005,-0.012,13.14,-1.6,0.6,100,0
"2026-01-24 02:45:00",143475,"",7999,2026,1,24,2,39,5,0.0069,0.439,0.009,-363650.3,0.389,0.007,0.813,2.16,0,0.007,-0.002,-0.021,-0.024,13.14,-1.6,0.6,100,0
"2026-01-24 02:48:00",143476,"",7999,2026,1,24,2,39,5,0.0069,0.439,0.009,-363650.3,0.389,0.007,0.813,2.16,0,0.007,-0.002,-0.021,-0.024,13.14,-1.6,0.6,100,0
"2026-01-24 02:51:00",143477,"",7999,2026,1,24,2,45,5,-0.0008,0.44,-0.001,-363649.7,0.39,-0.001,0.814,2.1,0,-0.001,0.001,-0.014,-0.007,13.14,-1.6,0.6,100,0
"2026-01-24 02:54:00",143478,"",7999,2026,1,24,2,45,5,-0.0008,0.44,-0.001,-363649.7,0.39,-0.001,0.814,2.1,0,-0.001,0.001,-0.014,-0.007,13.14,-1.6,0.6,100,0
"2026-01-24 02:57:00",143479,"",7999,2026,1,24,2,51,5,0.0101,0.437,0.013,-363647.4,0.387,0.011,0.809,2.06,0,0.011,-0.003,-0.007,-0.024,13.14,-1.6,0.6,100,0
"2026-01-24 03:00:00",143480,"",7999,2026,1,24,2,51,5,0.0101,0.437,0.013,-363647.4,0.387,0.011,0.809,2.06,0,0.011,-0.003,-0.007,-0.024,13.14,-1.6,0.6,100,0
"2026-01-24 03:03:00",143481,"",7999,2026,1,24,2,57,5,0.0042,0.437,0.005,-363645.2,0.387,0.004,0.81,1.99,0,0.004,0.001,0.002,-0.014,13.14,-1.6,0.6,98,0
"2026-01-24 03:06:00",143482,"",7999,2026,1,24,2,57,5,0.0042,0.437,0.005,-363645.2,0.387,0.004,0.81,1.99,0,0.004,0.001,0.002,-0.014,13.14,-1.6,0.6,98,0
"2026-01-24 03:09:00",143483,"",7999,2026,1,24,3,3,5,0,0.437,0,-363644.6,0.387,0,0.809,1.95,0,0,0,-0.007,-0.031,13.14,-1.6,0.6,100,0
"2026-01-24 03:12:00",143484,"",7999,2026,1,24,3,3,5,0,0.437,0,-363644.6,0.387,0,0.809,1.95,0,0,0,-0.007,-0.031,13.14,-1.6,0.6,100,0
"2026-01-24 03:15:00",143485,"",7999,2026,1,24,3,9,5,0.0013,0.419,0.002,-363644.3,0.369,0.001,0.776,1.94,0,0.001,-0.003,-0.023,-0.002,13.14,-1.6,0.6,99,0
"2026-01-24 03:18:00",143486,"",7999,2026,1,24,3,9,5,0.0013,0.419,0.002,-363644.3,0.369,0.001,0.776,1.94,0,0.001,-0.003,-0.023,-0.002,13.14,-1.6,0.6,99,0
"2026-01-24 03:21:00",143487,"",7999,2026,1,24,3,15,5,0.0056,0.414,0.007,-363642.8,0.364,0.008,0.766,1.85,0,0.008,-0.004,-0.005,0.021,13.14,-1.6,0.6,99,0
"2026-01-24 03:24:00",143488,"",7999,2026,1,24,3,15,5,0.0056,0.414,0.007,-363642.8,0.364,0.008,0.766,1.85,0,0.008,-0.004,-0.005,0.021,13.14,-1.6,0.6,99,0
"2026-01-24 03:27:00",143489,"",7999,2026,1,24,3,21,5,0.0058,0.421,0.007,-363640.7,0.371,0.006,0.78,1.82,0,0.006,-0.004,-0.007,-0.009,13.14,-1.6,0.6,100,0
"2026-01-24 03:30:00",143490,"",7999,2026,1,24,3,21,5,0.0058,0.421,0.007,-363640.7,0.371,0.006,0.78,1.82,0,0.006,-0.004,-0.007,-0.009,13.14,-1.6,0.6,100,0
"2026-01-24 03:33:00",143491,"",7999,2026,1,24,3,27,5,0,0.421,0,-363640,0.371,0,0.779,1.89,0,0,-0.002,0.016,-0.014,13.14,-1.6,0.6,100,0
"2026-01-24 03:36:00",143492,"",7999,2026,1,24,3,27,5,0,0.421,0,-363640,0.371,0,0.779,1.89,0,0,-0.002,0.016,-0.014,13.14,-1.6,0.6,100,0
"2026-01-24 03:39:00",143493,"",7999,2026,1,24,3,33,5,0.0019,0.424,0.002,-363639.5,0.374,0.001,0.784,1.87,0,0.001,-0.001,0.005,-0.012,13.14,-1.6,0.6,98,0
"2026-01-24 03:42:00",143494,"",7999,2026,1,24,3,33,5,0.0019,0.424,0.002,-363639.5,0.374,0.001,0.784,1.87,0,0.001,-0.001,0.005,-0.012,13.14,-1.6,0.6,98,0
"2026-01-24 03:45:00",143495,"",7999,2026,1,24,3,39,5,-0.0034,0.424,-0.004,-363640.1,0.374,-0.004,0.785,1.88,0,-0.004,0.002,0.002,0,13.14,-1.6,0.6,100,0
"2026-01-24 03:48:00",143496,"",7999,2026,1,24,3,39,5,-0.0034,0.424,-0.004,-363640.1,0.374,-0.004,0.785,1.88,0,-0.004,0.002,0.002,0,13.14,-1.6,0.6,100,0
"2026-01-24 03:51:00",143497,"",7999,2026,1,24,3,45,5,-0.002,0.426,-0.003,-363641,0.376,-0.001,0.789,1.89,0,-0.001,0.001,-0.016,-0.002,13.14,-1.6,0.6,100,0
"2026-01-24 03:54:00",143498,"",7999,2026,1,24,3,45,5,-0.002,0.426,-0.003,-363641,0.376,-0.001,0.789,1.89,0,-0.001,0.001,-0.016,-0.002,13.14,-1.6,0.6,100,0
"2026-01-24 03:57:00",143499,"",7999,2026,1,24,3,51,5,0.0006,0.428,0.001,-363641.1,0.378,0,0.792,1.92,0,0,0,0,-0.012,13.14,-1.6,0.6,100,0
"2026-01-24 04:00:00",143500,"",7999,2026,1,24,3,51,5,0.0006,0.428,0.001,-363641.1,0.378,0,0.792,1.92,0,0,0,0,-0.012,13.14,-1.6,0.6,100,0
"2026-01-24 04:03:00",143501,"",7999,2026,1,24,3,57,5,0.0012,0.43,0.002,-363640.7,0.38,0,0.796,1.97,0,0,0,-0.009,0.019,13.14,-1.6,0.6,99,0
"2026-01-24 04:06:00",143502,"",7999,2026,1,24,3,57,5,0.0012,0.43,0.002,-363640.7,0.38,0,0.796,1.97,0,0,0,-0.009,0.019,13.14,-1.6,0.6,99,0
"2026-01-24 04:09:00",143503,"",7999,2026,1,24,4,3,5,-0.0005,0.431,-0.001,-363640.7,0.381,0,0.798,2.01,0,0,0,-0.009,-0.005,13.14,-1.6,0.6,100,0
"2026-01-24 04:12:00",143504,"",7999,2026,1,24,4,3,5,-0.0005,0.431,-0.001,-363640.7,0.381,0,0.798,2.01,0,0,0,-0.009,-0.005,13.14,-1.6,0.6,100,0
"2026-01-24 04:15:00",143505,"",7999,2026,1,24,4,9,5,-0.0006,0.432,-0.001,-363640.9,0.382,-0.001,0.799,2.02,0,-0.001,-0.001,-0.007,-0.014,13.14,-1.6,0.6,100,0
"2026-01-24 04:18:00",143506,"",7999,2026,1,24,4,9,5,-0.0006,0.432,-0.001,-363640.9,0.382,-0.001,0.799,2.02,0,-0.001,-0.001,-0.007,-0.014,13.14,-1.6,0.6,100,0
"2026-01-24 04:21:00",143507,"",7999,2026,1,24,4,15,5,-0.0015,0.433,-0.002,-363641.4,0.383,0,0.801,2.01,0,0,0,0.009,0.005,13.14,-1.6,0.6,100,0
"2026-01-24 04:24:00",143508,"",7999,2026,1,24,4,15,5,-0.0015,0.433,-0.002,-363641.4,0.383,0,0.801,2.01,0,0,0,0.009,0.005,13.14,-1.6,0.6,100,0
"2026-01-24 04:27:00",143509,"",7999,2026,1,24,4,21,5,0.0002,0.433,0,-363641.5,0.383,0,0.802,2.08,0,0,0,-0.007,0.007,13.14,-1.6,0.6,100,0
"2026-01-24 04:30:00",143510,"",7999,2026,1,24,4,21,5,0.0002,0.433,0,-363641.5,0.383,0,0.802,2.08,0,0,0,-0.007,0.007,13.14,-1.6,0.6,100,0
"2026-01-24 04:33:00",143511,"",7999,2026,1,24,4,27,5,0.0001,0.433,0,-363641.4,0.383,0,0.802,2.1,0,0,0,-0.002,0,13.14,-1.6,0.6,100,0
"2026-01-24 04:36:00",143512,"",7999,2026,1,24,4,27,5,0.0001,0.433,0,-363641.4,0.383,0,0.802,2.1,0,0,0,-0.002,0,13.14,-1.6,0.6,100,0
"2026-01-24 04:39:00",143513,"",7999,2026,1,24,4,33,5,-0.0001,0.433,0,-363641.5,0.383,0,0.801,2.1,0,0,0,0.009,-0.005,13.14,-1.6,0.6,100,0
"2026-01-24 04:42:00",143514,"",7999,2026,1,24,4,33,5,-0.0001,0.433,0,-363641.5,0.383,0,0.801,2.1,0,0,0,0.009,-0.005,13.14,-1.6,0.6,100,0
"2026-01-24 04:45:00",143515,"",7999,2026,1,24,4,39,5,0.0001,0.433,0,-363641.4,0.383,0,0.802,2.13,0,0,0,0,0.007,13.14,-1.6,0.6,100,0
"2026-01-24 04:48:00",143516,"",7999,2026,1,24,4,39,5,0.0001,0.433,0,-363641.4,0.383,0,0.802,2.13,0,0,0,0,0.007,13.14,-1.6,0.6,100,0
"2026-01-24 04:51:00",143517,"",7999,2026,1,24,4,45,5,0.0031,0.434,0.004,-363640.7,0.384,0.004,0.803,2.18,0,0.004,0.001,0.019,-0.002,13.14,-1.6,0.6,100,0
"2026-01-24 04:54:00",143518,"",7999,2026,1,24,4,45,5,0.0031,0.434,0.004,-363640.7,0.384,0.004,0.803,2.18,0,0.004,0.001,0.019,-0.002,13.14,-1.6,0.6,100,0
"2026-01-24 04:57:00",143519,"",7999,2026,1,24,4,51,5,-0,0.434,0,-363640.3,0.384,0,0.803,2.21,0,0,0,-0.014,-0.009,13.14,-1.6,0.6,100,0
"2026-01-24 05:00:00",143520,"",7999,2026,1,24,4,51,5,-0,0.434,0,-363640.3,0.384,0,0.803,2.21,0,0,0,-0.014,-0.009,13.14,-1.6,0.6,100,0
"2026-01-24 05:03:00",143521,"",7999,2026,1,24,4,57,5,-0.0029,0.434,-0.004,-363641,0.384,-0.002,0.803,2.16,0,-0.002,0.001,-0.016,0.002,13.14,-1.6,0.6,100,0
"2026-01-24 05:06:00",143522,"",7999,2026,1,24,4,57,5,-0.0029,0.434,-0.004,-363641,0.384,-0.002,0.803,2.16,0,-0.002,0.001,-0.016,0.002,13.14,-1.6,0.6,100,0
"2026-01-24 05:09:00",143523,"",7999,2026,1,24,5,3,5,-0.0017,0.431,-0.002,-363641.8,0.381,-0.002,0.798,2.17,0,-0.002,0.001,-0.009,-0.009,13.14,-1.6,0.6,100,0
"2026-01-24 05:12:00",143524,"",7999,2026,1,24,5,3,5,-0.0017,0.431,-0.002,-363641.8,0.381,-0.002,0.798,2.17,0,-0.002,0.001,-0.009,-0.009,13.14,-1.6,0.6,100,0
"2026-01-24 05:15:00",143525,"",7999,2026,1,24,5,9,5,-0.0005,0.433,-0.001,-363642.1,0.383,-0.001,0.801,2.14,0,-0.001,-0.001,0.005,-0.005,13.14,-1.6,0.6,100,0
"2026-01-24 05:18:00",143526,"",7999,2026,1,24,5,9,5,-0.0005,0.433,-0.001,-363642.1,0.383,-0.001,0.801,2.14,0,-0.001,-0.001,0.005,-0.005,13.14,-1.6,0.6,100,0
"2026-01-24 05:21:00",143527,"",7999,2026,1,24,5,15,5,-0.0009,0.433,-0.001,-363642.4,0.383,0,0.801,2.07,0,0,0,0.009,-0.007,13.14,-1.6,0.6,100,0
"2026-01-24 05:24:00",143528,"",7999,2026,1,24,5,15,5,-0.0009,0.433,-0.001,-363642.4,0.383,0,0.801,2.07,0,0,0,0.009,-0.007,13.14,-1.6,0.6,100,0
"2026-01-24 05:27:00",143529,"",7999,2026,1,24,5,21,5,0.0001,0.433,0,-363642.5,0.383,0,0.801,2.06,0,0,0,-0.009,-0.002,13.14,-1.6,0.6,100,0
"2026-01-24 05:30:00",143530,"",7999,2026,1,24,5,21,5,0.0001,0.433,0,-363642.5,0.383,0,0.801,2.06,0,0,0,-0.009,-0.002,13.14,-1.6,0.6,100,0
"2026-01-24 05:33:00",143531,"",7999,2026,1,24,5,27,5,0.0011,0.433,0.001,-363642.2,0.383,0.001,0.802,2.08,0,0.001,-0.001,-0.002,-0.009,13.14,-1.6,0.6,100,0
"2026-01-24 05:36:00",143532,"",7999,2026,1,24,5,27,5,0.0011,0.433,0.001,-363642.2,0.383,0.001,0.802,2.08,0,0.001,-0.001,-0.002,-0.009,13.14,-1.6,0.6,100,0
"2026-01-24 05:39:00",143533,"",7999,2026,1,24,5,33,5,-0.0003,0.433,0,-363642.2,0.383,0,0.801,2.12,0,0,0,-0.005,0,13.14,-1.6,0.6,100,0
"2026-01-24 05:42:00",143534,"",7999,2026,1,24,5,33,5,-0.0003,0.433,0,-363642.2,0.383,0,0.801,2.12,0,0,0,-0.005,0,13.14,-1.6,0.6,100,0
"2026-01-24 05:45:00",143535,"",7999,2026,1,24,5,39,5,0.0016,0.433,0.002,-363641.8,0.383,0.001,0.801,2.1,0,0.001,0.001,-0.005,0.012,13.13,-1.6,0.6,100,0
"2026-01-24 05:48:00",143536,"",7999,2026,1,24,5,39,5,0.0016,0.433,0.002,-363641.8,0.383,0.001,0.801,2.1,0,0.001,0.001,-0.005,0.012,13.13,-1.6,0.6,100,0
"2026-01-24 05:51:00",143537,"",7999,2026,1,24,5,45,5,-0,0.433,0,-363641.6,0.383,0,0.802,2.12,0,0,0,-0.014,-0.019,13.13,-1.6,0.6,100,0
"2026-01-24 05:54:00",143538,"",7999,2026,1,24,5,45,5,-0,0.433,0,-363641.6,0.383,0,0.802,2.12,0,0,0,-0.014,-0.019,13.13,-1.6,0.6,100,0
"2026-01-24 05:57:00",143539,"",7999,2026,1,24,5,51,5,0.0002,0.432,0,-363641.5,0.382,0,0.8,2.14,0,0,0,0.009,-0.007,13.13,-1.6,0.6,100,0
"2026-01-24 06:00:00",143540,"",7999,2026,1,24,5,51,5,0.0002,0.432,0,-363641.5,0.382,0,0.8,2.14,0,0,0,0.009,-0.007,13.13,-1.6,0.6,100,0
"2026-01-24 06:03:00",143541,"",7999,2026,1,24,5,57,5,-0,0.432,0,-363641.5,0.382,0,0.8,2.14,0,0,0,-0.002,-0.005,13.13,-1.6,0.6,100,0
"2026-01-24 06:06:00",143542,"",7999,2026,1,24,5,57,5,-0,0.432,0,-363641.5,0.382,0,0.8,2.14,0,0,0,-0.002,-0.005,13.13,-1.6,0.6,100,0
"2026-01-24 06:09:00",143543,"",7999,2026,1,24,6,3,5,-0,0.432,0,-363641.5,0.382,0,0.8,2.2,0,0,0,-0.007,-0.021,13.13,-1.6,0.6,100,0
"2026-01-24 06:12:00",143544,"",7999,2026,1,24,6,3,5,-0,0.432,0,-363641.5,0.382,0,0.8,2.2,0,0,0,-0.007,-0.021,13.13,-1.6,0.6,100,0
"2026-01-24 06:15:00",143545,"",7999,2026,1,24,6,9,5,0,0.432,0,-363641.5,0.382,0,0.799,2.25,0,0,0,0.012,-0.005,13.13,-1.6,0.6,100,0
"2026-01-24 06:18:00",143546,"",7999,2026,1,24,6,9,5,0,0.432,0,-363641.5,0.382,0,0.799,2.25,0,0,0,0.012,-0.005,13.13,-1.6,0.6,100,0
"2026-01-24 06:21:00",143547,"",7999,2026,1,24,6,15,5,-0.0001,0.432,0,-363641.5,0.382,0,0.8,2.32,0,0,0,0.019,0.002,13.13,-1.6,0.6,100,0
"2026-01-24 06:24:00",143548,"",7999,2026,1,24,6,15,5,-0.0001,0.432,0,-363641.5,0.382,0,0.8,2.32,0,0,0,0.019,0.002,13.13,-1.6,0.6,100,0
"2026-01-24 06:27:00",143549,"",7999,2026,1,24,6,21,5,0.0008,0.432,0.001,-363641.4,0.382,0,0.8,2.23,0,0,0,0.005,0.012,13.13,-1.6,0.6,100,0
"2026-01-24 06:30:00",143550,"",7999,2026,1,24,6,21,5,0.0008,0.432,0.001,-363641.4,0.382,0,0.8,2.23,0,0,0,0.005,0.012,13.13,-1.6,0.6,100,0
"2026-01-24 06:33:00",143551,"",7999,2026,1,24,6,27,5,-0,0.431,0,-363641.3,0.381,0,0.798,2.22,0,0,0,0.014,-0.005,13.13,-1.6,0.6,100,0
"2026-01-24 06:36:00",143552,"",7999,2026,1,24,6,27,5,-0,0.431,0,-363641.3,0.381,0,0.798,2.22,0,0,0,0.014,-0.005,13.13,-1.6,0.6,100,0
"2026-01-24 06:39:00",143553,"",7999,2026,1,24,6,33,5,-0,0.431,0,-363641.3,0.381,0,0.799,2.26,0,0,0.001,0,-0.002,13.13,-1.6,0.6,100,0
"2026-01-24 06:42:00",143554,"",7999,2026,1,24,6,33,5,-0,0.431,0,-363641.3,0.381,0,0.799,2.26,0,0,0.001,0,-0.002,13.13,-1.6,0.6,100,0
"2026-01-24 06:45:00",143555,"",7999,2026,1,24,6,39,5,0.0001,0.431,0,-363641.3,0.381,0,0.798,2.36,0,0,0,0.005,0.007,13.13,-1.6,0.6,100,0
"2026-01-24 06:48:00",143556,"",7999,2026,1,24,6,39,5,0.0001,0.431,0,-363641.3,0.381,0,0.798,2.36,0,0,0,0.005,0.007,13.13,-1.6,0.6,100,0
"2026-01-24 06:51:00",143557,"",7999,2026,1,24,6,45,5,0.0003,0.431,0,-363641.2,0.381,0,0.798,2.36,0,0,0,-0.012,0.007,13.13,-1.6,0.6,100,0
"2026-01-24 06:54:00",143558,"",7999,2026,1,24,6,45,5,0.0003,0.431,0,-363641.2,0.381,0,0.798,2.36,0,0,0,-0.012,0.007,13.13,-1.6,0.6,100,0
"2026-01-24 06:57:00",143559,"",7999,2026,1,24,6,51,5,0.0023,0.431,0.003,-363640.6,0.381,0.002,0.797,2.37,0,0.002,-0.001,-0.023,-0.012,13.13,-1.6,0.6,100,0
"2026-01-24 07:00:00",143560,"",7999,2026,1,24,6,51,5,0.0023,0.431,0.003,-363640.6,0.381,0.002,0.797,2.37,0,0.002,-0.001,-0.023,-0.012,13.13,-1.6,0.6,100,0
"2026-01-24 07:03:00",143561,"",7999,2026,1,24,6,57,5,0.0026,0.431,0.003,-363639.6,0.381,0.002,0.798,2.37,0,0.002,-0.001,-0.016,0.028,13.13,-1.6,0.6,100,0
"2026-01-24 07:06:00",143562,"",7999,2026,1,24,6,57,5,0.0026,0.431,0.003,-363639.6,0.381,0.002,0.798,2.37,0,0.002,-0.001,-0.016,0.028,13.13,-1.6,0.6,100,0
"2026-01-24 07:09:00",143563,"",7999,2026,1,24,7,3,5,0.0001,0.43,0,-363639.3,0.38,0,0.797,2.43,0,0,0,-0.002,0,13.13,-1.6,0.6,100,0
"2026-01-24 07:12:00",143564,"",7999,2026,1,24,7,3,5,0.0001,0.43,0,-363639.3,0.38,0,0.797,2.43,0,0,0,-0.002,0,13.13,-1.6,0.6,100,0
"2026-01-24 07:15:00",143565,"",7999,2026,1,24,7,9,5,0,0.431,0,-363639.3,0.381,0,0.797,2.45,0,0,0,0,0,13.13,-1.6,0.6,100,0
"2026-01-24 07:18:00",143566,"",7999,2026,1,24,7,9,5,0,0.431,0,-363639.3,0.381,0,0.797,2.45,0,0,0,0,0,13.13,-1.6,0.6,100,0
"2026-01-24 07:21:00",143567,"",7999,2026,1,24,7,15,5,-0.0002,0.431,0,-363639.3,0.381,0,0.797,2.46,0,0,0,0.026,0.002,13.13,-1.6,0.6,100,0
"2026-01-24 07:24:00",143568,"",7999,2026,1,24,7,15,5,-0.0002,0.431,0,-363639.3,0.381,0,0.797,2.46,0,0,0,0.026,0.002,13.13,-1.6,0.6,100,0
"2026-01-24 07:27:00",143569,"",7999,2026,1,24,7,21,5,-0.0001,0.43,0,-363639.4,0.38,0,0.796,2.47,0,0,0,-0.019,-0.017,13.13,-1.6,0.6,100,0
"2026-01-24 07:30:00",143570,"",7999,2026,1,24,7,21,5,-0.0001,0.43,0,-363639.4,0.38,0,0.796,2.47,0,0,0,-0.019,-0.017,13.13,-1.6,0.6,100,0
"2026-01-24 07:33:00",143571,"",7999,2026,1,24,7,27,5,-0.0001,0.43,0,-363639.4,0.38,0,0.796,2.52,0,0,0,-0.005,0,13.13,-1.6,0.6,100,0
"2026-01-24 07:36:00",143572,"",7999,2026,1,24,7,27,5,-0.0001,0.43,0,-363639.4,0.38,0,0.796,2.52,0,0,0,-0.005,0,13.13,-1.6,0.6,100,0
"2026-01-24 07:39:00",143573,"",7999,2026,1,24,7,33,5,0.001,0.429,0.001,-363639.2,0.379,0.001,0.794,2.56,0,0.001,0.001,-0.023,-0.021,13.13,-1.6,0.6,100,0
"2026-01-24 07:42:00",143574,"",7999,2026,1,24,7,33,5,0.001,0.429,0.001,-363639.2,0.379,0.001,0.794,2.56,0,0.001,0.001,-0.023,-0.021,13.13,-1.6,0.6,100,0
"2026-01-24 07:45:00",143575,"",7999,2026,1,24,7,39,5,-0,0.429,0,-363639.1,0.379,0,0.794,2.6,0,0,0,-0.019,-0.002,13.13,-1.6,0.6,100,0
"2026-01-24 07:48:00",143576,"",7999,2026,1,24,7,39,5,-0,0.429,0,-363639.1,0.379,0,0.794,2.6,0,0,0,-0.019,-0.002,13.13,-1.6,0.6,100,0
"2026-01-24 07:51:00",143577,"",7999,2026,1,24,7,45,5,-0.0002,0.43,0,-363639.2,0.38,0,0.795,2.53,0,0,0,0.002,0,13.13,-1.6,0.6,100,0
"2026-01-24 07:54:00",143578,"",7999,2026,1,24,7,45,5,-0.0002,0.43,0,-363639.2,0.38,0,0.795,2.53,0,0,0,0.002,0,13.13,-1.6,0.6,100,0
"2026-01-24 07:57:00",143579,"",7999,2026,1,24,7,51,5,-0.0004,0.43,-0.001,-363639.3,0.38,0,0.796,2.54,0,0,0,-0.033,-0.009,13.13,-1.6,0.6,100,0
"2026-01-24 08:00:00",143580,"",7999,2026,1,24,7,51,5,-0.0004,0.43,-0.001,-363639.3,0.38,0,0.796,2.54,0,0,0,-0.033,-0.009,13.13,-1.6,0.6,100,0
"2026-01-24 08:03:00",143581,"",7999,2026,1,24,7,57,5,-0.0001,0.429,0,-363639.3,0.379,0,0.794,2.52,0,0,0,0,-0.009,13.13,-1.6,0.6,100,0
"2026-01-24 08:06:00",143582,"",7999,2026,1,24,7,57,5,-0.0001,0.429,0,-363639.3,0.379,0,0.794,2.52,0,0,0,0,-0.009,13.13,-1.6,0.6,100,0
"2026-01-24 08:09:00",143583,"",7999,2026,1,24,8,3,5,-0.0002,0.429,0,-363639.4,0.379,0,0.794,2.46,0,0,0,0.028,0,13.13,-1.6,0.6,100,0
"2026-01-24 08:12:00",143584,"",7999,2026,1,24,8,3,5,-0.0002,0.429,0,-363639.4,0.379,0,0.794,2.46,0,0,0,0.028,0,13.13,-1.6,0.6,100,0
"2026-01-24 08:15:00",143585,"",7999,2026,1,24,8,9,5,-0.0002,0.429,0,-363639.5,0.379,0,0.794,2.44,0,0,0,0,0.007,13.13,-1.6,0.6,100,0
"2026-01-24 08:18:00",143586,"",7999,2026,1,24,8,9,5,-0.0002,0.429,0,-363639.5,0.379,0,0.794,2.44,0,0,0,0,0.007,13.13,-1.6,0.6,100,0
"2026-01-24 08:21:00",143587,"",7999,2026,1,24,8,15,5,-0.0003,0.428,0,-363639.6,0.378,0,0.793,2.44,0,0,0,-0.028,0.002,13.13,-1.6,0.6,100,0
"2026-01-24 08:24:00",143588,"",7999,2026,1,24,8,15,5,-0.0003,0.428,0,-363639.6,0.378,0,0.793,2.44,0,0,0,-0.028,0.002,13.13,-1.6,0.6,100,0
"2026-01-24 08:27:00",143589,"",7999,2026,1,24,8,21,5,-0.0001,0.428,0,-363639.7,0.378,0,0.792,2.42,0,0,0,-0.007,-0.021,13.13,-1.7,0.6,100,0
"2026-01-24 08:30:00",143590,"",7999,2026,1,24,8,21,5,-0.0001,0.428,0,-363639.7,0.378,0,0.792,2.42,0,0,0,-0.007,-0.021,13.13,-1.7,0.6,100,0
"2026-01-24 08:33:00",143591,"",7999,2026,1,24,8,27,5,0.0001,0.427,0,-363639.7,0.377,0,0.791,2.38,0,0,0,0,0.007,13.13,-1.7,0.5,100,0
"2026-01-24 08:36:00",143592,"",7999,2026,1,24,8,27,5,0.0001,0.427,0,-363639.7,0.377,0,0.791,2.38,0,0,0,0,0.007,13.13,-1.7,0.5,100,0
"2026-01-24 08:39:00",143593,"",7999,2026,1,24,8,33,5,-0.0005,0.427,-0.001,-363639.8,0.377,0,0.791,2.34,0,0,0,-0.044,0.014,13.13,-1.7,0.5,100,0
"2026-01-24 08:42:00",143594,"",7999,2026,1,24,8,33,5,-0.0005,0.427,-0.001,-363639.8,0.377,0,0.791,2.34,0,0,0,-0.044,0.014,13.13,-1.7,0.5,100,0
"2026-01-24 08:45:00",143595,"",7999,2026,1,24,8,39,5,-0.0005,0.428,-0.001,-363640,0.378,0,0.792,2.3,0,0,0,-0.042,0.007,13.13,-1.7,0.5,100,0
"2026-01-24 08:48:00",143596,"",7999,2026,1,24,8,39,5,-0.0005,0.428,-0.001,-363640,0.378,0,0.792,2.3,0,0,0,-0.042,0.007,13.13,-1.7,0.5,100,0
"2026-01-24 08:51:00",143597,"",7999,2026,1,24,8,45,5,-0.0024,0.427,-0.003,-363640.6,0.377,-0.002,0.791,2.29,0,-0.002,0.001,-0.014,0.021,13.13,-1.7,0.5,99,0
"2026-01-24 08:54:00",143598,"",7999,2026,1,24,8,45,5,-0.0024,0.427,-0.003,-363640.6,0.377,-0.002,0.791,2.29,0,-0.002,0.001,-0.014,0.021,13.13,-1.7,0.5,99,0
"2026-01-24 08:57:00",143599,"",7999,2026,1,24,8,51,5,-0.0005,0.427,-0.001,-363641,0.377,0,0.791,2.26,0,0,0,0,-0.009,13.13,-1.7,0.5,100,0
"2026-01-24 09:00:00",143600,"",7999,2026,1,24,8,51,5,-0.0005,0.427,-0.001,-363641,0.377,0,0.791,2.26,0,0,0,0,-0.009,13.13,-1.7,0.5,100,0
"2026-01-24 09:03:00",143601,"",7999,2026,1,24,8,57,5,-0.0004,0.428,-0.001,-363641.2,0.378,0,0.792,2.24,0,0,0,0.009,-0.009,13.13,-1.7,0.5,100,0
"2026-01-24 09:06:00",143602,"",7999,2026,1,24,8,57,5,-0.0004,0.428,-0.001,-363641.2,0.378,0,0.792,2.24,0,0,0,0.009,-0.009,13.13,-1.7,0.5,100,0
"2026-01-24 09:09:00",143603,"",7999,2026,1,24,9,3,5,-0.0004,0.427,-0.001,-363641.4,0.377,0,0.79,2.25,0,0,0,-0.026,0,13.13,-1.8,0.5,100,0
"2026-01-24 09:12:00",143604,"",7999,2026,1,24,9,3,5,-0.0004,0.427,-0.001,-363641.4,0.377,0,0.79,2.25,0,0,0,-0.026,0,13.13,-1.8,0.5,100,0
"2026-01-24 09:15:00",143605,"",7999,2026,1,24,9,9,5,-0.0005,0.426,-0.001,-363641.6,0.376,0,0.789,2.29,0,0,0,0.019,-0.017,13.13,-1.8,0.5,100,0
"2026-01-24 09:18:00",143606,"",7999,2026,1,24,9,9,5,-0.0005,0.426,-0.001,-363641.6,0.376,0,0.789,2.29,0,0,0,0.019,-0.017,13.13,-1.8,0.5,100,0
"2026-01-24 09:21:00",143607,"",7999,2026,1,24,9,15,5,-0.0001,0.427,0,-363641.7,0.377,0,0.79,2.34,0,0,0,0,0.005,13.13,-1.8,0.5,99,0
"2026-01-24 09:24:00",143608,"",7999,2026,1,24,9,15,5,-0.0001,0.427,0,-363641.7,0.377,0,0.79,2.34,0,0,0,0,0.005,13.13,-1.8,0.5,99,0
"2026-01-24 09:27:00",143609,"",7999,2026,1,24,9,21,5,-0.0002,0.426,0,-363641.8,0.376,0,0.789,2.33,0,0,0,-0.026,0,13.13,-1.8,0.5,100,0
"2026-01-24 09:30:00",143610,"",7999,2026,1,24,9,21,5,-0.0002,0.426,0,-363641.8,0.376,0,0.789,2.33,0,0,0,-0.026,0,13.13,-1.8,0.5,100,0
"2026-01-24 09:33:00",143611,"",7999,2026,1,24,9,27,5,-0.0019,0.426,-0.003,-363642.3,0.376,-0.002,0.789,2.33,0,-0.002,0.001,-0.005,-0.019,13.13,-1.8,0.5,100,0
"2026-01-24 09:36:00",143612,"",7999,2026,1,24,9,27,5,-0.0019,0.426,-0.003,-363642.3,0.376,-0.002,0.789,2.33,0,-0.002,0.001,-0.005,-0.019,13.13,-1.8,0.5,100,0
"2026-01-24 09:39:00",143613,"",7999,2026,1,24,9,33,5,-0.0004,0.426,-0.001,-363642.6,0.376,0,0.789,2.33,0,0,0,-0.042,-0.002,13.13,-1.8,0.5,100,0
"2026-01-24 09:42:00",143614,"",7999,2026,1,24,9,33,5,-0.0004,0.426,-0.001,-363642.6,0.376,0,0.789,2.33,0,0,0,-0.042,-0.002,13.13,-1.8,0.5,100,0
"2026-01-24 09:45:00",143615,"",7999,2026,1,24,9,39,5,-0.0004,0.426,-0.001,-363642.8,0.376,0,0.788,2.35,0,0,0,0.03,-0.017,13.13,-1.8,0.5,100,0
"2026-01-24 09:48:00",143616,"",7999,2026,1,24,9,39,5,-0.0004,0.426,-0.001,-363642.8,0.376,0,0.788,2.35,0,0,0,0.03,-0.017,13.13,-1.8,0.5,100,0
"2026-01-24 09:51:00",143617,"",7999,2026,1,24,9,45,5,-0.0001,0.425,0,-363642.9,0.375,0,0.787,2.36,0,0,0,-0.012,-0.028,13.13,-1.8,0.5,100,0
"2026-01-24 09:54:00",143618,"",7999,2026,1,24,9,45,5,-0.0001,0.425,0,-363642.9,0.375,0,0.787,2.36,0,0,0,-0.012,-0.028,13.13,-1.8,0.5,100,0
"2026-01-24 09:57:00",143619,"",7999,2026,1,24,9,51,5,-0.0004,0.425,-0.001,-363643,0.375,0,0.786,2.33,0,0,0,0.002,0.033,13.13,-1.8,0.5,100,0
"2026-01-24 10:00:00",143620,"",7999,2026,1,24,9,51,5,-0.0004,0.425,-0.001,-363643,0.375,0,0.786,2.33,0,0,0,0.002,0.033,13.13,-1.8,0.5,100,0
"2026-01-24 10:03:00",143621,"",7999,2026,1,24,9,57,5,-0.0003,0.425,0,-363643.1,0.375,0,0.787,2.33,0,0,0,-0.019,0,13.13,-1.8,0.5,100,0
"2026-01-24 10:06:00",143622,"",7999,2026,1,24,9,57,5,-0.0003,0.425,0,-363643.1,0.375,0,0.787,2.33,0,0,0,-0.019,0,13.13,-1.8,0.5,100,0
"2026-01-24 10:09:00",143623,"",7999,2026,1,24,10,3,5,-0.0003,0.426,0,-363643.3,0.376,0,0.788,2.33,0,0,0,0.012,-0.021,13.13,-1.8,0.5,100,0
"2026-01-24 10:12:00",143624,"",7999,2026,1,24,10,3,5,-0.0003,0.426,0,-363643.3,0.376,0,0.788,2.33,0,0,0,0.012,-0.021,13.13,-1.8,0.5,100,0
"2026-01-24 10:15:00",143625,"",7999,2026,1,24,10,9,5,-0.0007,0.426,-0.001,-363643.5,0.376,0,0.788,2.36,0,0,0,-0.012,-0.005,13.13,-1.8,0.5,99,0
"2026-01-24 10:18:00",143626,"",7999,2026,1,24,10,9,5,-0.0007,0.426,-0.001,-363643.5,0.376,0,0.788,2.36,0,0,0,-0.012,-0.005,13.13,-1.8,0.5,99,0
"2026-01-24 10:21:00",143627,"",7999,2026,1,24,10,15,5,-0,0.425,0,-363643.5,0.375,0,0.788,2.38,0,0,0,0.023,-0.002,13.13,-1.8,0.6,100,0
"2026-01-24 10:24:00",143628,"",7999,2026,1,24,10,15,5,-0,0.425,0,-363643.5,0.375,0,0.788,2.38,0,0,0,0.023,-0.002,13.13,-1.8,0.6,100,0
"2026-01-24 10:27:00",143629,"",7999,2026,1,24,10,21,5,-0.0046,0.425,-0.006,-363644.7,0.375,-0.005,0.787,2.37,0,-0.005,0.001,-0.026,0,13.13,-1.8,0.6,100,0
"2026-01-24 10:30:00",143630,"",7999,2026,1,24,10,21,5,-0.0046,0.425,-0.006,-363644.7,0.375,-0.005,0.787,2.37,0,-0.005,0.001,-0.026,0,13.13,-1.8,0.6,100,0
"2026-01-24 10:33:00",143631,"",7999,2026,1,24,10,27,5,0.0014,0.425,0.002,-363644.8,0.375,0.001,0.786,2.37,0,0.001,-0.001,-0.051,-0.007,13.13,-1.7,0.6,100,0
"2026-01-24 10:36:00",143632,"",7999,2026,1,24,10,27,5,0.0014,0.425,0.002,-363644.8,0.375,0.001,0.786,2.37,0,0.001,-0.001,-0.051,-0.007,13.13,-1.7,0.6,100,0
"2026-01-24 10:39:00",143633,"",7999,2026,1,24,10,33,5,-0.0004,0.425,-0.001,-363644.8,0.375,0,0.787,2.37,0,0,0,0.009,0.012,13.13,-1.7,0.6,100,0
"2026-01-24 10:42:00",143634,"",7999,2026,1,24,10,33,5,-0.0004,0.425,-0.001,-363644.8,0.375,0,0.787,2.37,0,0,0,0.009,0.012,13.13,-1.7,0.6,100,0
"2026-01-24 10:45:00",143635,"",7999,2026,1,24,10,39,5,0.0015,0.425,0.002,-363644.5,0.375,0,0.787,2.38,0,0,0,0.007,0,13.13,-1.8,0.6,100,0
"2026-01-24 10:48:00",143636,"",7999,2026,1,24,10,39,5,0.0015,0.425,0.002,-363644.5,0.375,0,0.787,2.38,0,0,0,0.007,0,13.13,-1.8,0.6,100,0
"2026-01-24 10:51:00",143637,"",7999,2026,1,24,10,45,5,-0.0004,0.425,-0.001,-363644.4,0.375,0,0.786,2.39,0,0,0,-0.009,0.009,13.13,-1.8,0.6,100,0
"2026-01-24 10:54:00",143638,"",7999,2026,1,24,10,45,5,-0.0004,0.425,-0.001,-363644.4,0.375,0,0.786,2.39,0,0,0,-0.009,0.009,13.13,-1.8,0.6,100,0
"2026-01-24 10:57:00",143639,"",7999,2026,1,24,10,51,5,-0.0005,0.425,-0.001,-363644.6,0.375,0,0.787,2.43,0,0,0,-0.033,-0.005,13.13,-1.8,0.6,99,0
"2026-01-24 11:00:00",143640,"",7999,2026,1,24,10,51,5,-0.0005,0.425,-0.001,-363644.6,0.375,0,0.787,2.43,0,0,0,-0.033,-0.005,13.13,-1.8,0.6,99,0
"2026-01-24 11:03:00",143641,"",7999,2026,1,24,10,57,5,-0.0005,0.425,-0.001,-363644.8,0.375,0,0.786,2.47,0,0,0,-0.026,-0.005,13.13,-1.8,0.5,100,0
"2026-01-24 11:06:00",143642,"",7999,2026,1,24,10,57,5,-0.0005,0.425,-0.001,-363644.8,0.375,0,0.786,2.47,0,0,0,-0.026,-0.005,13.13,-1.8,0.5,100,0
"2026-01-24 11:09:00",143643,"",7999,2026,1,24,11,3,5,0.0001,0.425,0,-363644.8,0.375,0,0.787,2.49,0,0,0,0.037,-0.019,13.13,-1.9,0.5,100,0
"2026-01-24 11:12:00",143644,"",7999,2026,1,24,11,3,5,0.0001,0.425,0,-363644.8,0.375,0,0.787,2.49,0,0,0,0.037,-0.019,13.13,-1.9,0.5,100,0
"2026-01-24 11:15:00",143645,"",7999,2026,1,24,11,9,5,-0.0005,0.425,-0.001,-363644.9,0.375,0,0.786,2.52,0,0,0,0.026,-0.014,13.13,-1.9,0.5,100,0
"2026-01-24 11:18:00",143646,"",7999,2026,1,24,11,9,5,-0.0005,0.425,-0.001,-363644.9,0.375,0,0.786,2.52,0,0,0,0.026,-0.014,13.13,-1.9,0.5,100,0
"2026-01-24 11:21:00",143647,"",7999,2026,1,24,11,15,5,-0.0007,0.425,-0.001,-363645.2,0.375,0,0.786,2.55,0,0,0,-0.037,0.002,13.13,-1.9,0.6,100,0
"2026-01-24 11:24:00",143648,"",7999,2026,1,24,11,15,5,-0.0007,0.425,-0.001,-363645.2,0.375,0,0.786,2.55,0,0,0,-0.037,0.002,13.13,-1.9,0.6,100,0
"2026-01-24 11:27:00",143649,"",7999,2026,1,24,11,21,5,-0.0005,0.425,-0.001,-363645.4,0.375,0,0.786,2.53,0,0,0,0.012,-0.021,13.13,-1.9,0.5,100,0
"2026-01-24 11:30:00",143650,"",7999,2026,1,24,11,21,5,-0.0005,0.425,-0.001,-363645.4,0.375,0,0.786,2.53,0,0,0,0.012,-0.021,13.13,-1.9,0.5,100,0
"2026-01-24 11:33:00",143651,"",7999,2026,1,24,11,27,5,-0.0001,0.424,0,-363645.5,0.374,0,0.786,2.52,2,0,0,0.046,0,13.13,-2,0.5,100,0
"2026-01-24 11:36:00",143652,"",7999,2026,1,24,11,27,5,-0.0001,0.424,0,-363645.5,0.374,0,0.786,2.52,2,0,0,0.046,0,13.13,-2,0.5,100,0
"2026-01-24 11:39:00",143653,"",7999,2026,1,24,11,33,5,-0.0007,0.424,-0.001,-363645.7,0.374,0,0.785,2.55,2,0,0,0.016,0.009,13.13,-2.1,0.5,100,0
"2026-01-24 11:42:00",143654,"",7999,2026,1,24,11,33,5,-0.0007,0.424,-0.001,-363645.7,0.374,0,0.785,2.55,2,0,0,0.016,0.009,13.13,-2.1,0.5,100,0
"2026-01-24 11:45:00",143655,"",7999,2026,1,24,11,39,5,-0.0004,0.424,-0.001,-363645.9,0.374,0,0.785,2.6,2,0,0,0,0,13.13,-2,0.6,99,0
"2026-01-24 11:48:00",143656,"",7999,2026,1,24,11,39,5,-0.0004,0.424,-0.001,-363645.9,0.374,0,0.785,2.6,2,0,0,0,0,13.13,-2,0.6,99,0
"2026-01-24 11:51:00",143657,"",7999,2026,1,24,11,45,5,-0.0003,0.424,0,-363646.1,0.374,0,0.784,2.65,0,0,0,-0.051,0.017,13.14,-1.9,0.6,100,0
"2026-01-24 11:54:00",143658,"",7999,2026,1,24,11,45,5,-0.0003,0.424,0,-363646.1,0.374,0,0.784,2.65,0,0,0,-0.051,0.017,13.14,-1.9,0.6,100,0
"2026-01-24 11:57:00",143659,"",7999,2026,1,24,11,51,5,-0.0005,0.424,-0.001,-363646.2,0.374,0,0.785,2.72,2,0,0,-0.04,-0.007,13.14,-2.1,0.6,100,0
"2026-01-24 12:00:00",143660,"",7999,2026,1,24,11,51,5,-0.0005,0.424,-0.001,-363646.2,0.374,0,0.785,2.72,2,0,0,-0.04,-0.007,13.14,-2.1,0.6,100,0
"2026-01-24 12:03:00",143661,"",7999,2026,1,24,11,57,5,-0.0002,0.424,0,-363646.3,0.374,0,0.785,2.78,2,0,0,-0.019,-0.028,13.14,-2.1,0.6,100,0
"2026-01-24 12:06:00",143662,"",7999,2026,1,24,11,57,5,-0.0002,0.424,0,-363646.3,0.374,0,0.785,2.78,2,0,0,-0.019,-0.028,13.14,-2.1,0.6,100,0
"2026-01-24 12:09:00",143663,"",7999,2026,1,24,12,3,5,-0.0048,0.424,-0.006,-363647.5,0.374,-0.006,0.784,2.78,2,-0.006,0.003,0.019,0.014,13.14,-2.1,0.6,99,0
"2026-01-24 12:12:00",143664,"",7999,2026,1,24,12,3,5,-0.0048,0.424,-0.006,-363647.5,0.374,-0.006,0.784,2.78,2,-0.006,0.003,0.019,0.014,13.14,-2.1,0.6,99,0
"2026-01-24 12:15:00",143665,"",7999,2026,1,24,12,9,5,-0.0005,0.424,-0.001,-363648.3,0.374,0,0.785,2.77,2,0,0,-0.112,-0.021,13.14,-2.1,0.6,100,0
"2026-01-24 12:18:00",143666,"",7999,2026,1,24,12,9,5,-0.0005,0.424,-0.001,-363648.3,0.374,0,0.785,2.77,2,0,0,-0.112,-0.021,13.14,-2.1,0.6,100,0
"2026-01-24 12:21:00",143667,"",7999,2026,1,24,12,15,5,-0.0005,0.424,-0.001,-363648.5,0.374,0,0.784,2.81,2,0,0,-0.014,-0.007,13.14,-2.1,0.6,100,0
"2026-01-24 12:24:00",143668,"",7999,2026,1,24,12,15,5,-0.0005,0.424,-0.001,-363648.5,0.374,0,0.784,2.81,2,0,0,-0.014,-0.007,13.14,-2.1,0.6,100,0
"2026-01-24 12:27:00",143669,"",7999,2026,1,24,12,21,5,0.0004,0.424,0.001,-363648.4,0.374,0,0.784,2.94,2,0,0,0.044,-0.021,13.14,-2.1,0.6,100,0
"2026-01-24 12:30:00",143670,"",7999,2026,1,24,12,21,5,0.0004,0.424,0.001,-363648.4,0.374,0,0.784,2.94,2,0,0,0.044,-0.021,13.14,-2.1,0.6,100,0
"2026-01-24 12:33:00",143671,"",7999,2026,1,24,12,27,5,-0.0031,0.424,-0.004,-363649.1,0.374,-0.004,0.785,3.05,2,-0.004,-0.002,0.021,-0.014,13.14,-2.1,0.6,100,0
"2026-01-24 12:36:00",143672,"",7999,2026,1,24,12,27,5,-0.0031,0.424,-0.004,-363649.1,0.374,-0.004,0.785,3.05,2,-0.004,-0.002,0.021,-0.014,13.14,-2.1,0.6,100,0
"2026-01-24 12:39:00",143673,"",7999,2026,1,24,12,33,5,-0.0006,0.424,-0.001,-363649.7,0.374,0,0.786,3.17,0,0,0,0.063,-0.012,13.14,-1.9,0.6,100,0
"2026-01-24 12:42:00",143674,"",7999,2026,1,24,12,33,5,-0.0006,0.424,-0.001,-363649.7,0.374,0,0.786,3.17,0,0,0,0.063,-0.012,13.14,-1.9,0.6,100,0
"2026-01-24 12:45:00",143675,"",7999,2026,1,24,12,39,5,0,0.424,0,-363649.7,0.374,0,0.785,3.28,0,0,0,0.098,-0.019,13.14,-1.9,0.6,100,0
"2026-01-24 12:48:00",143676,"",7999,2026,1,24,12,39,5,0,0.424,0,-363649.7,0.374,0,0.785,3.28,0,0,0,0.098,-0.019,13.14,-1.9,0.6,100,0
"2026-01-24 12:51:00",143677,"",7999,2026,1,24,12,45,5,-0.0007,0.424,-0.001,-363649.9,0.374,0,0.785,3.35,0,0,0,0.026,0.038,13.14,-1.9,0.6,100,0
"2026-01-24 12:54:00",143678,"",7999,2026,1,24,12,45,5,-0.0007,0.424,-0.001,-363649.9,0.374,0,0.785,3.35,0,0,0,0.026,0.038,13.14,-1.9,0.6,100,0
"2026-01-24 12:57:00",143679,"",7999,2026,1,24,12,51,5,-0.0001,0.423,0,-363650,0.373,0,0.784,3.37,0,0,0,0,-0.033,13.14,-1.9,0.6,100,0
"2026-01-24 13:00:00",143680,"",7999,2026,1,24,12,51,5,-0.0001,0.423,0,-363650,0.373,0,0.784,3.37,0,0,0,0,-0.033,13.14,-1.9,0.6,100,0
"2026-01-24 13:03:00",143681,"",7999,2026,1,24,12,57,5,-0.0004,0.424,-0.001,-363650.2,0.374,0,0.785,3.37,0,0,0,-0.053,0.007,13.14,-1.9,0.6,100,0
"2026-01-24 13:06:00",143682,"",7999,2026,1,24,12,57,5,-0.0004,0.424,-0.001,-363650.2,0.374,0,0.785,3.37,0,0,0,-0.053,0.007,13.14,-1.9,0.6,100,0
"2026-01-24 13:09:00",143683,"",7999,2026,1,24,13,3,5,0.0166,0.424,0.021,-363646.2,0.374,0.022,0.785,3.36,0,0.022,-0.01,-0.012,0.021,13.14,-1.9,0.6,100,0
"2026-01-24 13:12:00",143684,"",7999,2026,1,24,13,3,5,0.0166,0.424,0.021,-363646.2,0.374,0.022,0.785,3.36,0,0.022,-0.01,-0.012,0.021,13.14,-1.9,0.6,100,0
"2026-01-24 13:15:00",143685,"",7999,2026,1,24,13,9,5,-0.0034,0.423,-0.004,-363645.1,0.373,-0.004,0.783,3.34,0,-0.004,0.002,0.014,0,13.14,-1.8,0.6,100,0
"2026-01-24 13:18:00",143686,"",7999,2026,1,24,13,9,5,-0.0034,0.423,-0.004,-363645.1,0.373,-0.004,0.783,3.34,0,-0.004,0.002,0.014,0,13.14,-1.8,0.6,100,0
"2026-01-24 13:21:00",143687,"",7999,2026,1,24,13,15,5,-0.0002,0.424,0,-363645.5,0.374,0,0.784,3.33,0,0,0,-0.002,-0.026,13.14,-1.8,0.6,100,0
"2026-01-24 13:24:00",143688,"",7999,2026,1,24,13,15,5,-0.0002,0.424,0,-363645.5,0.374,0,0.784,3.33,0,0,0,-0.002,-0.026,13.14,-1.8,0.6,100,0
"2026-01-24 13:27:00",143689,"",7999,2026,1,24,13,21,5,-0.0004,0.423,-0.001,-363645.7,0.373,0,0.784,3.35,0,0,0,0.026,-0.031,13.14,-1.8,0.6,100,0
"2026-01-24 13:30:00",143690,"",7999,2026,1,24,13,21,5,-0.0004,0.423,-0.001,-363645.7,0.373,0,0.784,3.35,0,0,0,0.026,-0.031,13.14,-1.8,0.6,100,0
"2026-01-24 13:33:00",143691,"",7999,2026,1,24,13,27,5,-0.0007,0.423,-0.001,-363645.9,0.373,0,0.783,3.39,0,0,0,0.072,0.012,13.14,-1.8,0.6,100,0
"2026-01-24 13:36:00",143692,"",7999,2026,1,24,13,27,5,-0.0007,0.423,-0.001,-363645.9,0.373,0,0.783,3.39,0,0,0,0.072,0.012,13.14,-1.8,0.6,100,0
"2026-01-24 13:39:00",143693,"",7999,2026,1,24,13,33,5,-0.0032,0.423,-0.004,-363646.8,0.373,-0.004,0.783,3.43,0,-0.004,0.002,0.033,-0.059,13.14,-1.8,0.6,100,0
"2026-01-24 13:42:00",143694,"",7999,2026,1,24,13,33,5,-0.0032,0.423,-0.004,-363646.8,0.373,-0.004,0.783,3.43,0,-0.004,0.002,0.033,-0.059,13.14,-1.8,0.6,100,0
"2026-01-24 13:45:00",143695,"",7999,2026,1,24,13,39,5,0.0001,0.423,0,-363647.1,0.373,0,0.783,3.5,0,0,0,-0.012,-0.024,13.14,-1.8,0.6,100,0
"2026-01-24 13:48:00",143696,"",7999,2026,1,24,13,39,5,0.0001,0.423,0,-363647.1,0.373,0,0.783,3.5,0,0,0,-0.012,-0.024,13.14,-1.8,0.6,100,0
"2026-01-24 13:51:00",143697,"",7999,2026,1,24,13,45,5,-0.0002,0.422,0,-363647.2,0.372,0,0.782,3.55,0,0,0,0.009,0.009,13.14,-1.8,0.6,99,0
"2026-01-24 13:54:00",143698,"",7999,2026,1,24,13,45,5,-0.0002,0.422,0,-363647.2,0.372,0,0.782,3.55,0,0,0,0.009,0.009,13.14,-1.8,0.6,99,0
"2026-01-24 13:57:00",143699,"",7999,2026,1,24,13,51,5,-0.0074,0.422,-0.01,-363649,0.372,-0.008,0.782,3.61,0,-0.008,0.002,0.007,-0.009,13.14,-1.8,0.6,100,0
"2026-01-24 14:00:00",143700,"",7999,2026,1,24,13,51,5,-0.0074,0.422,-0.01,-363649,0.372,-0.008,0.782,3.61,0,-0.008,0.002,0.007,-0.009,13.14,-1.8,0.6,100,0
"2026-01-24 14:03:00",143701,"",7999,2026,1,24,13,57,5,0.002,0.422,0.003,-363649.4,0.372,0.002,0.781,3.66,0,0.002,-0.001,-0.086,0.019,13.14,-1.8,0.6,100,0
"2026-01-24 14:06:00",143702,"",7999,2026,1,24,13,57,5,0.002,0.422,0.003,-363649.4,0.372,0.002,0.781,3.66,0,0.002,-0.001,-0.086,0.019,13.14,-1.8,0.6,100,0
"2026-01-24 14:09:00",143703,"",7999,2026,1,24,14,3,5,-0.0024,0.423,-0.003,-363649.7,0.373,-0.001,0.783,3.71,0,-0.001,0.001,-0.088,0.024,13.14,-1.9,0.6,99,0
"2026-01-24 14:12:00",143704,"",7999,2026,1,24,14,3,5,-0.0024,0.423,-0.003,-363649.7,0.373,-0.001,0.783,3.71,0,-0.001,0.001,-0.088,0.024,13.14,-1.9,0.6,99,0
"2026-01-24 14:15:00",143705,"",7999,2026,1,24,14,9,5,-0.0003,0.423,0,-363650.1,0.373,0,0.782,3.76,0,0,0,0.007,0.005,13.14,-1.9,0.6,100,0
"2026-01-24 14:18:00",143706,"",7999,2026,1,24,14,9,5,-0.0003,0.423,0,-363650.1,0.373,0,0.782,3.76,0,0,0,0.007,0.005,13.14,-1.9,0.6,100,0
"2026-01-24 14:21:00",143707,"",7999,2026,1,24,14,15,5,-0.0003,0.423,-0.001,-363650.3,0.373,0,0.782,3.77,0,0,0,-0.021,-0.017,13.14,-1.8,0.6,100,0
"2026-01-24 14:24:00",143708,"",7999,2026,1,24,14,15,5,-0.0003,0.423,-0.001,-363650.3,0.373,0,0.782,3.77,0,0,0,-0.021,-0.017,13.14,-1.8,0.6,100,0
"2026-01-24 14:27:00",143709,"",7999,2026,1,24,14,21,5,0.0007,0.422,0.001,-363650.1,0.372,0,0.782,3.77,0,0,0,-0.079,0.005,13.14,-1.8,0.6,100,0
"2026-01-24 14:30:00",143710,"",7999,2026,1,24,14,21,5,0.0007,0.422,0.001,-363650.1,0.372,0,0.782,3.77,0,0,0,-0.079,0.005,13.14,-1.8,0.6,100,0
"2026-01-24 14:33:00",143711,"",7999,2026,1,24,14,27,5,-0.0004,0.422,-0.001,-363650.2,0.372,0,0.781,3.77,0,0,0,-0.051,-0.026,13.14,-1.8,0.6,100,0
"2026-01-24 14:36:00",143712,"",7999,2026,1,24,14,27,5,-0.0004,0.422,-0.001,-363650.2,0.372,0,0.781,3.77,0,0,0,-0.051,-0.026,13.14,-1.8,0.6,100,0
"2026-01-24 14:39:00",143713,"",7999,2026,1,24,14,33,5,-0,0.422,0,-363650.2,0.372,0,0.781,3.79,0,0,0,-0.051,-0.009,13.14,-1.9,0.7,100,0
"2026-01-24 14:42:00",143714,"",7999,2026,1,24,14,33,5,-0,0.422,0,-363650.2,0.372,0,0.781,3.79,0,0,0,-0.051,-0.009,13.14,-1.9,0.7,100,0
"2026-01-24 14:45:00",143715,"",7999,2026,1,24,14,39,5,-0.0004,0.421,-0.001,-363650.3,0.371,0,0.78,3.81,0,0,0,-0.014,0,13.14,-1.8,0.7,100,0
"2026-01-24 14:48:00",143716,"",7999,2026,1,24,14,39,5,-0.0004,0.421,-0.001,-363650.3,0.371,0,0.78,3.81,0,0,0,-0.014,0,13.14,-1.8,0.7,100,0
"2026-01-24 14:51:00",143717,"",7999,2026,1,24,14,45,5,-0.0003,0.422,0,-363650.5,0.372,0,0.78,3.81,0,0,0,-0.065,0.024,13.14,-1.9,0.7,100,0
"2026-01-24 14:54:00",143718,"",7999,2026,1,24,14,45,5,-0.0003,0.422,0,-363650.5,0.372,0,0.78,3.81,0,0,0,-0.065,0.024,13.14,-1.9,0.7,100,0
"2026-01-24 14:57:00",143719,"",7999,2026,1,24,14,51,5,-0.0004,0.422,-0.001,-363650.6,0.372,0,0.78,3.79,0,0,0,-0.012,0.019,13.14,-1.8,0.6,100,0
"2026-01-24 15:00:00",143720,"",7999,2026,1,24,14,51,5,-0.0004,0.422,-0.001,-363650.6,0.372,0,0.78,3.79,0,0,0,-0.012,0.019,13.14,-1.8,0.6,100,0
"2026-01-24 15:03:00",143721,"",7999,2026,1,24,14,57,5,-0.0005,0.421,-0.001,-363650.8,0.371,0,0.78,3.79,0,0,0,-0.007,0.012,13.14,-1.7,0.6,100,0
"2026-01-24 15:06:00",143722,"",7999,2026,1,24,14,57,5,-0.0005,0.421,-0.001,-363650.8,0.371,0,0.78,3.79,0,0,0,-0.007,0.012,13.14,-1.7,0.6,100,0
"2026-01-24 15:09:00",143723,"",7999,2026,1,24,15,3,5,-0.0001,0.421,0,-363650.9,0.371,0,0.78,3.78,0,0,0,-0.035,0.026,13.14,-1.8,0.6,99,0
"2026-01-24 15:12:00",143724,"",7999,2026,1,24,15,3,5,-0.0001,0.421,0,-363650.9,0.371,0,0.78,3.78,0,0,0,-0.035,0.026,13.14,-1.8,0.6,99,0
"2026-01-24 15:15:00",143725,"",7999,2026,1,24,15,9,5,-0.0004,0.421,-0.001,-363651,0.371,0,0.78,3.81,0,0,0,0.056,-0.038,13.14,-1.8,0.6,100,0
"2026-01-24 15:18:00",143726,"",7999,2026,1,24,15,9,5,-0.0004,0.421,-0.001,-363651,0.371,0,0.78,3.81,0,0,0,0.056,-0.038,13.14,-1.8,0.6,100,0
"2026-01-24 15:21:00",143727,"",7999,2026,1,24,15,15,5,-0.0006,0.421,-0.001,-363651.2,0.371,0,0.78,3.82,0,0,0,-0.046,0.05,13.14,-1.7,0.6,100,0
"2026-01-24 15:24:00",143728,"",7999,2026,1,24,15,15,5,-0.0006,0.421,-0.001,-363651.2,0.371,0,0.78,3.82,0,0,0,-0.046,0.05,13.14,-1.7,0.6,100,0
"2026-01-24 15:27:00",143729,"",7999,2026,1,24,15,21,5,0.0003,0.421,0,-363651.2,0.371,0,0.78,3.85,0,0,0,0.058,0.009,13.14,-1.7,0.6,99,0
"2026-01-24 15:30:00",143730,"",7999,2026,1,24,15,21,5,0.0003,0.421,0,-363651.2,0.371,0,0.78,3.85,0,0,0,0.058,0.009,13.14,-1.7,0.6,99,0
"2026-01-24 15:33:00",143731,"",7999,2026,1,24,15,27,5,-0.0006,0.421,-0.001,-363651.3,0.371,0,0.78,3.86,0,0,0,0.019,-0.002,13.14,-1.7,0.6,100,0
"2026-01-24 15:36:00",143732,"",7999,2026,1,24,15,27,5,-0.0006,0.421,-0.001,-363651.3,0.371,0,0.78,3.86,0,0,0,0.019,-0.002,13.14,-1.7,0.6,100,0
"2026-01-24 15:39:00",143733,"",7999,2026,1,24,15,33,5,-0.0002,0.421,0,-363651.5,0.371,0,0.78,3.88,0,0,0,0.084,-0.014,13.14,-1.7,0.6,99,0
"2026-01-24 15:42:00",143734,"",7999,2026,1,24,15,33,5,-0.0002,0.421,0,-363651.5,0.371,0,0.78,3.88,0,0,0,0.084,-0.014,13.14,-1.7,0.6,99,0
"2026-01-24 15:45:00",143735,"",7999,2026,1,24,15,39,5,-0.0028,0.421,-0.004,-363652.2,0.371,-0.002,0.779,3.85,0,-0.002,0.001,0.023,0,13.14,-1.7,0.6,100,0
"2026-01-24 15:48:00",143736,"",7999,2026,1,24,15,39,5,-0.0028,0.421,-0.004,-363652.2,0.371,-0.002,0.779,3.85,0,-0.002,0.001,0.023,0,13.14,-1.7,0.6,100,0
"2026-01-24 15:51:00",143737,"",7999,2026,1,24,15,45,5,0.0002,0.421,0,-363652.5,0.371,0,0.779,3.85,0,0,0,0.023,0.009,13.14,-1.7,0.6,100,0
"2026-01-24 15:54:00",143738,"",7999,2026,1,24,15,45,5,0.0002,0.421,0,-363652.5,0.371,0,0.779,3.85,0,0,0,0.023,0.009,13.14,-1.7,0.6,100,0
"2026-01-24 15:57:00",143739,"",7999,2026,1,24,15,51,5,-0.0015,0.421,-0.002,-363652.8,0.371,-0.001,0.779,3.82,0,-0.001,0.001,-0.007,-0.002,13.14,-1.7,0.6,100,0
"2026-01-24 16:00:00",143740,"",7999,2026,1,24,15,51,5,-0.0015,0.421,-0.002,-363652.8,0.371,-0.001,0.779,3.82,0,-0.001,0.001,-0.007,-0.002,13.14,-1.7,0.6,100,0
"2026-01-24 16:03:00",143741,"",7999,2026,1,24,15,57,5,-0.0002,0.421,0,-363653.1,0.371,0,0.778,3.82,0,0,0,-0.016,-0.017,13.14,-1.7,0.6,100,0
"2026-01-24 16:06:00",143742,"",7999,2026,1,24,15,57,5,-0.0002,0.421,0,-363653.1,0.371,0,0.778,3.82,0,0,0,-0.016,-0.017,13.14,-1.7,0.6,100,0
"2026-01-24 16:09:00",143743,"",7999,2026,1,24,16,3,5,-0.0001,0.421,0,-363653.1,0.371,0,0.779,3.87,0,0,0,-0.019,0.002,13.14,-1.7,0.6,100,0
"2026-01-24 16:12:00",143744,"",7999,2026,1,24,16,3,5,-0.0001,0.421,0,-363653.1,0.371,0,0.779,3.87,0,0,0,-0.019,0.002,13.14,-1.7,0.6,100,0
"2026-01-24 16:15:00",143745,"",7999,2026,1,24,16,9,5,-0.0031,0.421,-0.004,-363653.9,0.371,-0.004,0.779,3.82,0,-0.004,0.002,-0.086,-0.005,13.14,-1.7,0.6,100,0
"2026-01-24 16:18:00",143746,"",7999,2026,1,24,16,9,5,-0.0031,0.421,-0.004,-363653.9,0.371,-0.004,0.779,3.82,0,-0.004,0.002,-0.086,-0.005,13.14,-1.7,0.6,100,0
"2026-01-24 16:21:00",143747,"",7999,2026,1,24,16,15,5,-0.0009,0.421,-0.001,-363654.5,0.371,0,0.778,3.79,0,0,0,-0.037,-0.012,13.14,-1.7,0.6,100,0
"2026-01-24 16:24:00",143748,"",7999,2026,1,24,16,15,5,-0.0009,0.421,-0.001,-363654.5,0.371,0,0.778,3.79,0,0,0,-0.037,-0.012,13.14,-1.7,0.6,100,0
"2026-01-24 16:27:00",143749,"",7999,2026,1,24,16,21,5,-0.0009,0.421,-0.001,-363654.8,0.371,0,0.779,3.77,0,0,0,0.03,-0.017,13.14,-1.7,0.6,98,0
"2026-01-24 16:30:00",143750,"",7999,2026,1,24,16,21,5,-0.0009,0.421,-0.001,-363654.8,0.371,0,0.779,3.77,0,0,0,0.03,-0.017,13.14,-1.7,0.6,98,0
"2026-01-24 16:33:00",143751,"",7999,2026,1,24,16,27,5,-0.0004,0.42,-0.001,-363655.1,0.37,0,0.777,3.83,0,0,0,0.033,-0.014,13.14,-1.7,0.6,98,0
"2026-01-24 16:36:00",143752,"",7999,2026,1,24,16,27,5,-0.0004,0.42,-0.001,-363655.1,0.37,0,0.777,3.83,0,0,0,0.033,-0.014,13.14,-1.7,0.6,98,0
"2026-01-24 16:39:00",143753,"",7999,2026,1,24,16,33,5,-0.0042,0.421,-0.005,-363656.2,0.371,-0.005,0.78,3.87,0,-0.005,-0.002,0.051,0,13.14,-1.7,0.6,100,0
"2026-01-24 16:42:00",143754,"",7999,2026,1,24,16,33,5,-0.0042,0.421,-0.005,-363656.2,0.371,-0.005,0.78,3.87,0,-0.005,-0.002,0.051,0,13.14,-1.7,0.6,100,0
"2026-01-24 16:45:00",143755,"",7999,2026,1,24,16,39,5,-0.0002,0.421,0,-363656.7,0.371,0,0.78,3.85,0,0,0,0.044,-0.002,13.14,-1.7,0.6,100,0
"2026-01-24 16:48:00",143756,"",7999,2026,1,24,16,39,5,-0.0002,0.421,0,-363656.7,0.371,0,0.78,3.85,0,0,0,0.044,-0.002,13.14,-1.7,0.6,100,0
"2026-01-24 16:51:00",143757,"",7999,2026,1,24,16,45,5,-0.0004,0.421,-0.001,-363656.9,0.371,0,0.78,3.8,0,0,0,-0.042,-0.024,13.14,-1.7,0.6,100,0
"2026-01-24 16:54:00",143758,"",7999,2026,1,24,16,45,5,-0.0004,0.421,-0.001,-363656.9,0.371,0,0.78,3.8,0,0,0,-0.042,-0.024,13.14,-1.7,0.6,100,0
"2026-01-24 16:57:00",143759,"",7999,2026,1,24,16,51,5,-0.0001,0.421,0,-363657,0.371,0,0.78,3.68,0,0,0,0.056,-0.026,13.14,-1.7,0.6,100,0
"2026-01-24 17:00:00",143760,"",7999,2026,1,24,16,51,5,-0.0001,0.421,0,-363657,0.371,0,0.78,3.68,0,0,0,0.056,-0.026,13.14,-1.7,0.6,100,0
"2026-01-24 17:03:00",143761,"",7999,2026,1,24,16,57,5,-0.0002,0.421,0,-363657.1,0.371,0,0.779,3.65,0,0,0,-0.016,0.009,13.14,-1.7,0.6,100,0
"2026-01-24 17:06:00",143762,"",7999,2026,1,24,16,57,5,-0.0002,0.421,0,-363657.1,0.371,0,0.779,3.65,0,0,0,-0.016,0.009,13.14,-1.7,0.6,100,0
"2026-01-24 17:09:00",143763,"",7999,2026,1,24,17,3,5,0.0007,0.421,0.001,-363656.9,0.371,0,0.779,3.63,0,0,0,-0.13,0.002,13.14,-1.6,0.6,100,0
"2026-01-24 17:12:00",143764,"",7999,2026,1,24,17,3,5,0.0007,0.421,0.001,-363656.9,0.371,0,0.779,3.63,0,0,0,-0.13,0.002,13.14,-1.6,0.6,100,0
"2026-01-24 17:15:00",143765,"",7999,2026,1,24,17,9,5,-0.0001,0.421,0,-363656.8,0.371,0,0.779,3.56,0,0,0,-0.072,-0.007,13.14,-1.6,0.6,100,0
"2026-01-24 17:18:00",143766,"",7999,2026,1,24,17,9,5,-0.0001,0.421,0,-363656.8,0.371,0,0.779,3.56,0,0,0,-0.072,-0.007,13.14,-1.6,0.6,100,0
"2026-01-24 17:21:00",143767,"",7999,2026,1,24,17,15,5,-0.0025,0.421,-0.003,-363657.5,0.371,-0.002,0.779,3.51,0,-0.002,0.001,-0.033,0.002,13.14,-1.6,0.6,100,0
"2026-01-24 17:24:00",143768,"",7999,2026,1,24,17,15,5,-0.0025,0.421,-0.003,-363657.5,0.371,-0.002,0.779,3.51,0,-0.002,0.001,-0.033,0.002,13.14,-1.6,0.6,100,0
"2026-01-24 17:27:00",143769,"",7999,2026,1,24,17,21,5,-0.0001,0.421,0,-363657.8,0.371,0,0.779,3.45,0,0,0,0.023,0,13.14,-1.6,0.6,100,0
"2026-01-24 17:30:00",143770,"",7999,2026,1,24,17,21,5,-0.0001,0.421,0,-363657.8,0.371,0,0.779,3.45,0,0,0,0.023,0,13.14,-1.6,0.6,100,0
"2026-01-24 17:33:00",143771,"",7999,2026,1,24,17,27,5,-0.0003,0.42,0,-363657.9,0.37,0,0.777,3.41,0,0,0,0.091,-0.007,13.14,-1.6,0.6,99,0
"2026-01-24 17:36:00",143772,"",7999,2026,1,24,17,27,5,-0.0003,0.42,0,-363657.9,0.37,0,0.777,3.41,0,0,0,0.091,-0.007,13.14,-1.6,0.6,99,0
"2026-01-24 17:39:00",143773,"",7999,2026,1,24,17,33,5,-0.0002,0.42,0,-363658,0.37,0,0.778,3.43,0,0,0,0.005,-0.007,13.14,-1.7,0.6,99,0
"2026-01-24 17:42:00",143774,"",7999,2026,1,24,17,33,5,-0.0002,0.42,0,-363658,0.37,0,0.778,3.43,0,0,0,0.005,-0.007,13.14,-1.7,0.6,99,0
"2026-01-24 17:45:00",143775,"",7999,2026,1,24,17,39,5,-0,0.421,0,-363658.1,0.371,0,0.78,3.47,0,0,0,0,0.005,13.14,-1.7,0.6,100,0
"2026-01-24 17:48:00",143776,"",7999,2026,1,24,17,39,5,-0,0.421,0,-363658.1,0.371,0,0.78,3.47,0,0,0,0,0.005,13.14,-1.7,0.6,100,0
"2026-01-24 17:51:00",143777,"",7999,2026,1,24,17,45,5,-0.0003,0.422,-0.001,-363658.2,0.372,0,0.781,3.53,0,0,0,0.058,-0.021,13.14,-1.7,0.6,100,0
"2026-01-24 17:54:00",143778,"",7999,2026,1,24,17,45,5,-0.0003,0.422,-0.001,-363658.2,0.372,0,0.781,3.53,0,0,0,0.058,-0.021,13.14,-1.7,0.6,100,0
"2026-01-24 17:57:00",143779,"",7999,2026,1,24,17,51,5,-0.0007,0.422,-0.001,-363658.4,0.372,0,0.782,3.53,0,0,0,-0.014,0.012,13.14,-1.6,0.6,100,0
"2026-01-24 18:00:00",143780,"",7999,2026,1,24,17,51,5,-0.0007,0.422,-0.001,-363658.4,0.372,0,0.782,3.53,0,0,0,-0.014,0.012,13.14,-1.6,0.6,100,0
"2026-01-24 18:03:00",143781,"",7999,2026,1,24,17,57,5,0.0005,0.422,0.001,-363658.4,0.372,0,0.781,3.57,0,0,0,-0.033,-0.031,13.14,-1.6,0.6,100,0
"2026-01-24 18:06:00",143782,"",7999,2026,1,24,17,57,5,0.0005,0.422,0.001,-363658.4,0.372,0,0.781,3.57,0,0,0,-0.033,-0.031,13.14,-1.6,0.6,100,0
"2026-01-24 18:09:00",143783,"",7999,2026,1,24,18,3,5,-0.0007,0.422,-0.001,-363658.5,0.372,0,0.78,3.56,0,0,0,0,0.017,13.14,-1.6,0.6,100,0
"2026-01-24 18:12:00",143784,"",7999,2026,1,24,18,3,5,-0.0007,0.422,-0.001,-363658.5,0.372,0,0.78,3.56,0,0,0,0,0.017,13.14,-1.6,0.6,100,0
"2026-01-24 18:15:00",143785,"",7999,2026,1,24,18,9,5,0.0016,0.422,0.002,-363658.2,0.372,0.001,0.781,3.58,0,0.001,0.001,-0.026,0.009,13.14,-1.7,0.6,98,0
"2026-01-24 18:18:00",143786,"",7999,2026,1,24,18,9,5,0.0016,0.422,0.002,-363658.2,0.372,0.001,0.781,3.58,0,0.001,0.001,-0.026,0.009,13.14,-1.7,0.6,98,0
"2026-01-24 18:21:00",143787,"",7999,2026,1,24,18,15,5,0.0085,0.423,0.011,-363655.9,0.373,0.01,0.782,3.59,0,0.01,0.002,-0.03,0.005,13.14,-1.7,0.6,100,0
"2026-01-24 18:24:00",143788,"",7999,2026,1,24,18,15,5,0.0085,0.423,0.011,-363655.9,0.373,0.01,0.782,3.59,0,0.01,0.002,-0.03,0.005,13.14,-1.7,0.6,100,0
"2026-01-24 18:27:00",143789,"",7999,2026,1,24,18,21,5,0.0149,0.422,0.019,-363651.3,0.372,0.018,0.782,3.38,0,0.018,0.005,0.026,-0.012,13.14,-1.7,0.6,100,0
"2026-01-24 18:30:00",143790,"",7999,2026,1,24,18,21,5,0.0149,0.422,0.019,-363651.3,0.372,0.018,0.782,3.38,0,0.018,0.005,0.026,-0.012,13.14,-1.7,0.6,100,0
"2026-01-24 18:33:00",143791,"",7999,2026,1,24,18,27,5,0.0009,0.422,0.001,-363649.3,0.372,0,0.782,3.11,0,0,0,-0.03,-0.007,13.14,-1.6,0.6,100,0
"2026-01-24 18:36:00",143792,"",7999,2026,1,24,18,27,5,0.0009,0.422,0.001,-363649.3,0.372,0,0.782,3.11,0,0,0,-0.03,-0.007,13.14,-1.6,0.6,100,0
"2026-01-24 18:39:00",143793,"",7999,2026,1,24,18,33,5,0.0044,0.423,0.006,-363648.1,0.373,0.005,0.782,3,0,0.005,-0.001,-0.026,0.012,13.14,-1.6,0.6,100,0
"2026-01-24 18:42:00",143794,"",7999,2026,1,24,18,33,5,0.0044,0.423,0.006,-363648.1,0.373,0.005,0.782,3,0,0.005,-0.001,-0.026,0.012,13.14,-1.6,0.6,100,0
"2026-01-24 18:45:00",143795,"",7999,2026,1,24,18,39,5,0.0024,0.423,0.003,-363647,0.373,0.002,0.783,2.9,0,0.002,0,-0.123,0.002,13.14,-1.6,0.6,100,0
"2026-01-24 18:48:00",143796,"",7999,2026,1,24,18,39,5,0.0024,0.423,0.003,-363647,0.373,0.002,0.783,2.9,0,0.002,0,-0.123,0.002,13.14,-1.6,0.6,100,0
"2026-01-24 18:51:00",143797,"",7999,2026,1,24,18,45,5,-0.0002,0.423,0,-363646.8,0.373,0,0.783,2.81,0,0,0,-0.051,-0.005,13.14,-1.6,0.6,100,0
"2026-01-24 18:54:00",143798,"",7999,2026,1,24,18,45,5,-0.0002,0.423,0,-363646.8,0.373,0,0.783,2.81,0,0,0,-0.051,-0.005,13.14,-1.6,0.6,100,0
"2026-01-24 18:57:00",143799,"",7999,2026,1,24,18,51,5,0.0002,0.423,0,-363646.7,0.373,0,0.784,2.78,0,0,0,-0.002,-0.005,13.14,-1.6,0.6,100,0
"2026-01-24 19:00:00",143800,"",7999,2026,1,24,18,51,5,0.0002,0.423,0,-363646.7,0.373,0,0.784,2.78,0,0,0,-0.002,-0.005,13.14,-1.6,0.6,100,0
"2026-01-24 19:03:00",143801,"",7999,2026,1,24,18,57,5,0.0012,0.425,0.002,-363646.4,0.375,0.001,0.786,2.67,0,0.001,-0.001,-0.023,-0.017,13.14,-1.6,0.6,100,0
"2026-01-24 19:06:00",143802,"",7999,2026,1,24,18,57,5,0.0012,0.425,0.002,-363646.4,0.375,0.001,0.786,2.67,0,0.001,-0.001,-0.023,-0.017,13.14,-1.6,0.6,100,0
"2026-01-24 19:09:00",143803,"",7999,2026,1,24,19,3,5,0.0007,0.424,0.001,-363646,0.374,0,0.784,2.61,0,0,0,-0.028,-0.009,13.14,-1.6,0.6,100,0
"2026-01-24 19:12:00",143804,"",7999,2026,1,24,19,3,5,0.0007,0.424,0.001,-363646,0.374,0,0.784,2.61,0,0,0,-0.028,-0.009,13.14,-1.6,0.6,100,0
"2026-01-24 19:15:00",143805,"",7999,2026,1,24,19,9,5,0.003,0.424,0.004,-363645.2,0.374,0.004,0.785,2.58,0,0.004,0.001,-0.005,0,13.14,-1.6,0.6,100,0
"2026-01-24 19:18:00",143806,"",7999,2026,1,24,19,9,5,0.003,0.424,0.004,-363645.2,0.374,0.004,0.785,2.58,0,0.004,0.001,-0.005,0,13.14,-1.6,0.6,100,0
"2026-01-24 19:21:00",143807,"",7999,2026,1,24,19,15,5,0.0008,0.426,0.001,-363644.7,0.376,0,0.788,2.52,0,0,0,0.023,-0.009,13.14,-1.6,0.6,100,0
"2026-01-24 19:24:00",143808,"",7999,2026,1,24,19,15,5,0.0008,0.426,0.001,-363644.7,0.376,0,0.788,2.52,0,0,0,0.023,-0.009,13.14,-1.6,0.6,100,0
"2026-01-24 19:27:00",143809,"",7999,2026,1,24,19,21,5,0.0007,0.425,0.001,-363644.4,0.375,0,0.787,2.43,0,0,0,0.016,-0.017,13.14,-1.6,0.6,100,0
"2026-01-24 19:30:00",143810,"",7999,2026,1,24,19,21,5,0.0007,0.425,0.001,-363644.4,0.375,0,0.787,2.43,0,0,0,0.016,-0.017,13.14,-1.6,0.6,100,0
"2026-01-24 19:33:00",143811,"",7999,2026,1,24,19,27,5,0.0027,0.426,0.003,-363643.6,0.376,0.002,0.788,2.38,0,0.002,0,0.151,-0.005,13.14,-1.6,0.6,100,0
"2026-01-24 19:36:00",143812,"",7999,2026,1,24,19,27,5,0.0027,0.426,0.003,-363643.6,0.376,0.002,0.788,2.38,0,0.002,0,0.151,-0.005,13.14,-1.6,0.6,100,0
"2026-01-24 19:39:00",143813,"",7999,2026,1,24,19,33,5,0.0001,0.426,0,-363643.3,0.376,0,0.789,2.39,0,0,0,0.007,0.009,13.14,-1.6,0.6,100,0
"2026-01-24 19:42:00",143814,"",7999,2026,1,24,19,33,5,0.0001,0.426,0,-363643.3,0.376,0,0.789,2.39,0,0,0,0.007,0.009,13.14,-1.6,0.6,100,0
"2026-01-24 19:45:00",143815,"",7999,2026,1,24,19,39,5,0.0018,0.427,0.002,-363642.8,0.377,0.001,0.79,2.38,0,0.001,-0.001,0.06,-0.002,13.14,-1.6,0.6,100,0
"2026-01-24 19:48:00",143816,"",7999,2026,1,24,19,39,5,0.0018,0.427,0.002,-363642.8,0.377,0.001,0.79,2.38,0,0.001,-0.001,0.06,-0.002,13.14,-1.6,0.6,100,0
"2026-01-24 19:51:00",143817,"",7999,2026,1,24,19,45,5,0.0067,0.427,0.008,-363641,0.377,0.007,0.79,2.35,0,0.007,0.002,0.112,0,13.14,-1.6,0.6,100,0
"2026-01-24 19:54:00",143818,"",7999,2026,1,24,19,45,5,0.0067,0.427,0.008,-363641,0.377,0.007,0.79,2.35,0,0.007,0.002,0.112,0,13.14,-1.6,0.6,100,0
"2026-01-24 19:57:00",143819,"",7999,2026,1,24,19,51,5,0.0019,0.427,0.002,-363639.7,0.377,0.001,0.791,2.28,0,0.001,0.001,0,0,13.14,-1.6,0.6,100,0
"2026-01-24 20:00:00",143820,"",7999,2026,1,24,19,51,5,0.0019,0.427,0.002,-363639.7,0.377,0.001,0.791,2.28,0,0.001,0.001,0,0,13.14,-1.6,0.6,100,0
"2026-01-24 20:03:00",143821,"",7999,2026,1,24,19,57,5,0.0023,0.428,0.003,-363638.9,0.378,0.001,0.792,2.25,0,0.001,-0.001,-0.012,0,13.14,-1.6,0.6,100,0
"2026-01-24 20:06:00",143822,"",7999,2026,1,24,19,57,5,0.0023,0.428,0.003,-363638.9,0.378,0.001,0.792,2.25,0,0.001,-0.001,-0.012,0,13.14,-1.6,0.6,100,0
"2026-01-24 20:09:00",143823,"",7999,2026,1,24,20,3,5,0.0052,0.428,0.007,-363637.3,0.378,0.005,0.793,2.25,0,0.005,0.001,-0.009,-0.007,13.14,-1.6,0.6,100,0
"2026-01-24 20:12:00",143824,"",7999,2026,1,24,20,3,5,0.0052,0.428,0.007,-363637.3,0.378,0.005,0.793,2.25,0,0.005,0.001,-0.009,-0.007,13.14,-1.6,0.6,100,0
"2026-01-24 20:15:00",143825,"",7999,2026,1,24,20,9,5,0.0034,0.429,0.004,-363635.9,0.379,0.004,0.794,2.23,0,0.004,0.001,0.049,-0.007,13.14,-1.6,0.6,100,0
"2026-01-24 20:18:00",143826,"",7999,2026,1,24,20,9,5,0.0034,0.429,0.004,-363635.9,0.379,0.004,0.794,2.23,0,0.004,0.001,0.049,-0.007,13.14,-1.6,0.6,100,0
"2026-01-24 20:21:00",143827,"",7999,2026,1,24,20,15,5,0.0011,0.429,0.001,-363635.2,0.379,0,0.794,2.21,0,0,0,-0.026,0,13.14,-1.6,0.6,100,0
"2026-01-24 20:24:00",143828,"",7999,2026,1,24,20,15,5,0.0011,0.429,0.001,-363635.2,0.379,0,0.794,2.21,0,0,0,-0.026,0,13.14,-1.6,0.6,100,0
"2026-01-24 20:27:00",143829,"",7999,2026,1,24,20,21,5,0.0028,0.43,0.004,-363634.4,0.38,0.002,0.795,2.2,0,0.002,0,0.014,-0.007,13.14,-1.6,0.6,100,0
"2026-01-24 20:30:00",143830,"",7999,2026,1,24,20,21,5,0.0028,0.43,0.004,-363634.4,0.38,0.002,0.795,2.2,0,0.002,0,0.014,-0.007,13.14,-1.6,0.6,100,0
"2026-01-24 20:33:00",143831,"",7999,2026,1,24,20,27,5,-0.0061,0.43,-0.008,-363635.5,0.38,-0.006,0.796,2.17,0,-0.006,-0.001,-0.002,-0.014,13.14,-1.6,0.6,100,0
"2026-01-24 20:36:00",143832,"",7999,2026,1,24,20,27,5,-0.0061,0.43,-0.008,-363635.5,0.38,-0.006,0.796,2.17,0,-0.006,-0.001,-0.002,-0.014,13.14,-1.6,0.6,100,0
"2026-01-24 20:39:00",143833,"",7999,2026,1,24,20,33,5,0.0039,0.431,0.005,-363635.3,0.381,0.004,0.797,2.14,0,0.004,0.001,0.002,-0.017,13.14,-1.6,0.6,100,0
"2026-01-24 20:42:00",143834,"",7999,2026,1,24,20,33,5,0.0039,0.431,0.005,-363635.3,0.381,0.004,0.797,2.14,0,0.004,0.001,0.002,-0.017,13.14,-1.6,0.6,100,0
"2026-01-24 20:45:00",143835,"",7999,2026,1,24,20,39,5,0.0053,0.431,0.007,-363633.6,0.381,0.006,0.797,2.14,0,0.006,0.002,-0.012,-0.012,13.14,-1.6,0.6,100,0
"2026-01-24 20:48:00",143836,"",7999,2026,1,24,20,39,5,0.0053,0.431,0.007,-363633.6,0.381,0.006,0.797,2.14,0,0.006,0.002,-0.012,-0.012,13.14,-1.6,0.6,100,0
"2026-01-24 20:51:00",143837,"",7999,2026,1,24,20,45,5,0.0018,0.432,0.002,-363632.5,0.382,0.002,0.799,2.11,0,0.002,0.001,-0.033,0,13.14,-1.6,0.6,100,0
"2026-01-24 20:54:00",143838,"",7999,2026,1,24,20,45,5,0.0018,0.432,0.002,-363632.5,0.382,0.002,0.799,2.11,0,0.002,0.001,-0.033,0,13.14,-1.6,0.6,100,0
"2026-01-24 20:57:00",143839,"",7999,2026,1,24,20,51,5,-0.0014,0.432,-0.002,-363632.6,0.382,-0.001,0.8,2.11,0,-0.001,0.001,-0.023,-0.021,13.14,-1.6,0.6,100,0
"2026-01-24 21:00:00",143840,"",7999,2026,1,24,20,51,5,-0.0014,0.432,-0.002,-363632.6,0.382,-0.001,0.8,2.11,0,-0.001,0.001,-0.023,-0.021,13.14,-1.6,0.6,100,0
"2026-01-24 21:03:00",143841,"",7999,2026,1,24,20,57,5,-0.0038,0.433,-0.005,-363633.7,0.383,-0.004,0.801,2.14,0,-0.004,0.001,-0.044,-0.026,13.14,-1.6,0.6,100,0
"2026-01-24 21:06:00",143842,"",7999,2026,1,24,20,57,5,-0.0038,0.433,-0.005,-363633.7,0.383,-0.004,0.801,2.14,0,-0.004,0.001,-0.044,-0.026,13.14,-1.6,0.6,100,0
"2026-01-24 21:09:00",143843,"",7999,2026,1,24,21,3,5,-0.0022,0.433,-0.003,-363634.7,0.383,-0.002,0.802,2.18,0,-0.002,0,-0.03,0.002,13.14,-1.6,0.6,100,0
"2026-01-24 21:12:00",143844,"",7999,2026,1,24,21,3,5,-0.0022,0.433,-0.003,-363634.7,0.383,-0.002,0.802,2.18,0,-0.002,0,-0.03,0.002,13.14,-1.6,0.6,100,0
"2026-01-24 21:15:00",143845,"",7999,2026,1,24,21,9,5,-0.0024,0.434,-0.003,-363635.5,0.384,-0.002,0.804,2.2,0,-0.002,0,-0.007,-0.012,13.14,-1.6,0.6,100,0
"2026-01-24 21:18:00",143846,"",7999,2026,1,24,21,9,5,-0.0024,0.434,-0.003,-363635.5,0.384,-0.002,0.804,2.2,0,-0.002,0,-0.007,-0.012,13.14,-1.6,0.6,100,0
"2026-01-24 21:21:00",143847,"",7999,2026,1,24,21,15,5,0.0017,0.434,0.002,-363635.4,0.384,0.002,0.804,2.19,0,0.002,0.001,-0.007,-0.012,13.14,-1.6,0.6,100,0
"2026-01-24 21:24:00",143848,"",7999,2026,1,24,21,15,5,0.0017,0.434,0.002,-363635.4,0.384,0.002,0.804,2.19,0,0.002,0.001,-0.007,-0.012,13.14,-1.6,0.6,100,0
"2026-01-24 21:27:00",143849,"",7999,2026,1,24,21,21,5,-0.0011,0.435,-0.001,-363635.4,0.385,-0.001,0.805,2.2,0,-0.001,0.002,-0.019,-0.036,13.14,-1.6,0.6,100,0
"2026-01-24 21:30:00",143850,"",7999,2026,1,24,21,21,5,-0.0011,0.435,-0.001,-363635.4,0.385,-0.001,0.805,2.2,0,-0.001,0.002,-0.019,-0.036,13.14,-1.6,0.6,100,0
"2026-01-24 21:33:00",143851,"",7999,2026,1,24,21,27,5,0.005,0.436,0.006,-363634.4,0.386,0.006,0.806,2.25,0,0.006,0.002,-0.014,-0.002,13.14,-1.6,0.6,100,0
"2026-01-24 21:36:00",143852,"",7999,2026,1,24,21,27,5,0.005,0.436,0.006,-363634.4,0.386,0.006,0.806,2.25,0,0.006,0.002,-0.014,-0.002,13.14,-1.6,0.6,100,0
"2026-01-24 21:39:00",143853,"",7999,2026,1,24,21,33,5,-0.0029,0.436,-0.004,-363634.5,0.386,-0.004,0.808,2.24,0,-0.004,0.001,-0.056,-0.014,13.14,-1.6,0.6,100,0
"2026-01-24 21:42:00",143854,"",7999,2026,1,24,21,33,5,-0.0029,0.436,-0.004,-363634.5,0.386,-0.004,0.808,2.24,0,-0.004,0.001,-0.056,-0.014,13.14,-1.6,0.6,100,0
"2026-01-24 21:45:00",143855,"",7999,2026,1,24,21,39,5,-0.0037,0.437,-0.005,-363635.7,0.387,-0.004,0.809,2.24,0,-0.004,-0.002,0,-0.017,13.14,-1.6,0.6,100,0
"2026-01-24 21:48:00",143856,"",7999,2026,1,24,21,39,5,-0.0037,0.437,-0.005,-363635.7,0.387,-0.004,0.809,2.24,0,-0.004,-0.002,0,-0.017,13.14,-1.6,0.6,100,0
"2026-01-24 21:51:00",143857,"",7999,2026,1,24,21,45,5,-0.0068,0.437,-0.008,-363637.8,0.387,-0.007,0.81,2.22,0,-0.007,-0.001,-0.002,-0.009,13.14,-1.6,0.6,100,0
"2026-01-24 21:54:00",143858,"",7999,2026,1,24,21,45,5,-0.0068,0.437,-0.008,-363637.8,0.387,-0.007,0.81,2.22,0,-0.007,-0.001,-0.002,-0.009,13.14,-1.6,0.6,100,0
"2026-01-24 21:57:00",143859,"",7999,2026,1,24,21,51,5,0.0006,0.438,0.001,-363638.5,0.388,0.001,0.812,2.19,0,0.001,0.001,-0.016,-0.021,13.14,-1.6,0.6,100,0
"2026-01-24 22:00:00",143860,"",7999,2026,1,24,21,51,5,0.0006,0.438,0.001,-363638.5,0.388,0.001,0.812,2.19,0,0.001,0.001,-0.016,-0.021,13.14,-1.6,0.6,100,0
"2026-01-24 22:03:00",143861,"",7999,2026,1,24,21,57,5,0.0015,0.439,0.002,-363638,0.389,0.002,0.812,2.21,0,0.002,0.001,0.023,-0.017,13.14,-1.6,0.6,100,0
"2026-01-24 22:06:00",143862,"",7999,2026,1,24,21,57,5,0.0015,0.439,0.002,-363638,0.389,0.002,0.812,2.21,0,0.002,0.001,0.023,-0.017,13.14,-1.6,0.6,100,0
"2026-01-24 22:09:00",143863,"",7999,2026,1,24,22,3,5,0.0058,0.44,0.007,-363636.4,0.39,0.006,0.814,2.25,0,0.006,0.001,0.005,-0.009,13.14,-1.6,0.6,100,0
"2026-01-24 22:12:00",143864,"",7999,2026,1,24,22,3,5,0.0058,0.44,0.007,-363636.4,0.39,0.006,0.814,2.25,0,0.006,0.001,0.005,-0.009,13.14,-1.6,0.6,100,0
"2026-01-24 22:15:00",143865,"",7999,2026,1,24,22,9,5,-0.0022,0.44,-0.003,-363636.3,0.39,-0.002,0.815,2.28,0,-0.002,0,-0.023,-0.014,13.14,-1.6,0.6,100,0
"2026-01-24 22:18:00",143866,"",7999,2026,1,24,22,9,5,-0.0022,0.44,-0.003,-363636.3,0.39,-0.002,0.815,2.28,0,-0.002,0,-0.023,-0.014,13.14,-1.6,0.6,100,0
"2026-01-24 22:21:00",143867,"",7999,2026,1,24,22,15,5,-0.01,0.44,-0.012,-363639,0.39,-0.011,0.815,2.28,0,-0.011,0,-0.016,-0.028,13.14,-1.6,0.6,100,0
"2026-01-24 22:24:00",143868,"",7999,2026,1,24,22,15,5,-0.01,0.44,-0.012,-363639,0.39,-0.011,0.815,2.28,0,-0.011,0,-0.016,-0.028,13.14,-1.6,0.6,100,0
"2026-01-24 22:27:00",143869,"",7999,2026,1,24,22,21,5,-0.0043,0.44,-0.005,-363641.3,0.39,-0.005,0.815,2.28,0,-0.005,0,-0.03,-0.012,13.14,-1.6,0.6,100,0
"2026-01-24 22:30:00",143870,"",7999,2026,1,24,22,21,5,-0.0043,0.44,-0.005,-363641.3,0.39,-0.005,0.815,2.28,0,-0.005,0,-0.03,-0.012,13.14,-1.6,0.6,100,0
"2026-01-24 22:33:00",143871,"",7999,2026,1,24,22,27,5,0.0041,0.441,0.005,-363640.8,0.391,0.005,0.816,2.29,0,0.005,0,-0.021,-0.014,13.14,-1.6,0.6,100,0
"2026-01-24 22:36:00",143872,"",7999,2026,1,24,22,27,5,0.0041,0.441,0.005,-363640.8,0.391,0.005,0.816,2.29,0,0.005,0,-0.021,-0.014,13.14,-1.6,0.6,100,0
"2026-01-24 22:39:00",143873,"",7999,2026,1,24,22,33,5,0.0024,0.441,0.003,-363639.7,0.391,0.002,0.816,2.34,0,0.002,0.001,-0.012,-0.033,13.14,-1.6,0.6,100,0
"2026-01-24 22:42:00",143874,"",7999,2026,1,24,22,33,5,0.0024,0.441,0.003,-363639.7,0.391,0.002,0.816,2.34,0,0.002,0.001,-0.012,-0.033,13.14,-1.6,0.6,100,0
"2026-01-24 22:45:00",143875,"",7999,2026,1,24,22,39,5,0.0051,0.441,0.006,-363638.2,0.391,0.006,0.817,2.35,0,0.006,0.002,0.014,-0.009,13.14,-1.6,0.6,100,0
"2026-01-24 22:48:00",143876,"",7999,2026,1,24,22,39,5,0.0051,0.441,0.006,-363638.2,0.391,0.006,0.817,2.35,0,0.006,0.002,0.014,-0.009,13.14,-1.6,0.6,100,0
"2026-01-24 22:51:00",143877,"",7999,2026,1,24,22,45,5,-0.0089,0.442,-0.011,-363639.7,0.392,-0.011,0.817,2.37,0,-0.011,0.002,-0.014,-0.021,13.14,-1.6,0.6,100,0
"2026-01-24 22:54:00",143878,"",7999,2026,1,24,22,45,5,-0.0089,0.442,-0.011,-363639.7,0.392,-0.011,0.817,2.37,0,-0.011,0.002,-0.014,-0.021,13.14,-1.6,0.6,100,0
"2026-01-24 22:57:00",143879,"",7999,2026,1,24,22,51,5,-0.0054,0.441,-0.007,-363642.1,0.391,-0.006,0.817,2.34,0,-0.006,0.002,-0.005,-0.005,13.14,-1.6,0.6,100,0
"2026-01-24 23:00:00",143880,"",7999,2026,1,24,22,51,5,-0.0054,0.441,-0.007,-363642.1,0.391,-0.006,0.817,2.34,0,-0.006,0.002,-0.005,-0.005,13.14,-1.6,0.6,100,0
"2026-01-24 23:03:00",143881,"",7999,2026,1,24,22,57,5,-0.0067,0.441,-0.008,-363644.4,0.391,-0.008,0.817,2.36,0,-0.008,-0.002,-0.016,-0.007,13.14,-1.6,0.6,100,0
"2026-01-24 23:06:00",143882,"",7999,2026,1,24,22,57,5,-0.0067,0.441,-0.008,-363644.4,0.391,-0.008,0.817,2.36,0,-0.008,-0.002,-0.016,-0.007,13.14,-1.6,0.6,100,0
"2026-01-24 23:09:00",143883,"",7999,2026,1,24,23,3,5,0,0.441,0,-363645.2,0.391,0,0.817,2.39,0,0,-0.001,-0.009,-0.007,13.14,-1.6,0.6,100,0
"2026-01-24 23:12:00",143884,"",7999,2026,1,24,23,3,5,0,0.441,0,-363645.2,0.391,0,0.817,2.39,0,0,-0.001,-0.009,-0.007,13.14,-1.6,0.6,100,0
"2026-01-24 23:15:00",143885,"",7999,2026,1,24,23,9,5,-0.002,0.441,-0.002,-363645.7,0.391,-0.001,0.816,2.41,0,-0.001,-0.001,-0.007,-0.021,13.14,-1.6,0.6,100,0
"2026-01-24 23:18:00",143886,"",7999,2026,1,24,23,9,5,-0.002,0.441,-0.002,-363645.7,0.391,-0.001,0.816,2.41,0,-0.001,-0.001,-0.007,-0.021,13.14,-1.6,0.6,100,0
"2026-01-24 23:21:00",143887,"",7999,2026,1,24,23,15,5,0.0045,0.441,0.006,-363644.8,0.391,0.005,0.816,2.44,0,0.005,0.001,-0.009,-0.014,13.14,-1.6,0.6,100,0
"2026-01-24 23:24:00",143888,"",7999,2026,1,24,23,15,5,0.0045,0.441,0.006,-363644.8,0.391,0.005,0.816,2.44,0,0.005,0.001,-0.009,-0.014,13.14,-1.6,0.6,100,0
"2026-01-24 23:27:00",143889,"",7999,2026,1,24,23,21,5,0.0012,0.441,0.001,-363644,0.391,0.001,0.816,2.46,0,0.001,0.001,-0.021,0,13.14,-1.6,0.6,100,0
"2026-01-24 23:30:00",143890,"",7999,2026,1,24,23,21,5,0.0012,0.441,0.001,-363644,0.391,0.001,0.816,2.46,0,0.001,0.001,-0.021,0,13.14,-1.6,0.6,100,0
"2026-01-24 23:33:00",143891,"",7999,2026,1,24,23,27,5,0.0027,0.441,0.003,-363643.2,0.391,0.002,0.817,2.47,0,0.002,0.001,-0.009,-0.019,13.14,-1.6,0.6,100,0
"2026-01-24 23:36:00",143892,"",7999,2026,1,24,23,27,5,0.0027,0.441,0.003,-363643.2,0.391,0.002,0.817,2.47,0,0.002,0.001,-0.009,-0.019,13.14,-1.6,0.6,100,0
"2026-01-24 23:39:00",143893,"",7999,2026,1,24,23,33,5,0,0.442,0,-363642.8,0.392,0,0.817,2.47,0,0,-0.001,-0.016,-0.002,13.14,-1.6,0.6,100,0
"2026-01-24 23:42:00",143894,"",7999,2026,1,24,23,33,5,0,0.442,0,-363642.8,0.392,0,0.817,2.47,0,0,-0.001,-0.016,-0.002,13.14,-1.6,0.6,100,0
"2026-01-24 23:45:00",143895,"",7999,2026,1,24,23,39,5,-0.0005,0.441,-0.001,-363642.9,0.391,0,0.817,2.48,0,0,0,-0.005,-0.009,13.14,-1.6,0.6,100,0
"2026-01-24 23:48:00",143896,"",7999,2026,1,24,23,39,5,-0.0005,0.441,-0.001,-363642.9,0.391,0,0.817,2.48,0,0,0,-0.005,-0.009,13.14,-1.6,0.6,100,0
"2026-01-24 23:51:00",143897,"",7999,2026,1,24,23,45,5,0.0024,0.442,0.003,-363642.4,0.392,0.004,0.818,2.49,0,0.004,0.003,-0.04,-0.009,13.14,-1.6,0.6,100,0
"2026-01-24 23:54:00",143898,"",7999,2026,1,24,23,45,5,0.0024,0.442,0.003,-363642.4,0.392,0.004,0.818,2.49,0,0.004,0.003,-0.04,-0.009,13.14,-1.6,0.6,100,0
"2026-01-24 23:57:00",143899,"",7999,2026,1,24,23,51,5,0.0025,0.442,0.003,-363641.5,0.392,0.001,0.818,2.51,0,0.001,-0.001,-0.014,-0.017,13.14,-1.6,0.6,100,0
"2026-01-25 00:00:00",143900,"",7999,2026,1,24,23,51,5,0.0025,0.442,0.003,-363641.5,0.392,0.001,0.818,2.51,0,0.001,-0.001,-0.014,-0.017,13.14,-1.6,0.6,100,0
"2026-01-25 00:03:00",143901,"",7999,2026,1,24,23,57,5,-0.0016,0.442,-0.002,-363641.6,0.392,-0.002,0.818,2.52,0,-0.002,-0.001,-0.016,-0.026,13.14,-1.6,0.6,100,0
"2026-01-25 00:06:00",143902,"",7999,2026,1,24,23,57,5,-0.0016,0.442,-0.002,-363641.6,0.392,-0.002,0.818,2.52,0,-0.002,-0.001,-0.016,-0.026,13.14,-1.6,0.6,100,0
"2026-01-25 00:09:00",143903,"",7999,2026,1,25,0,3,5,0.0004,0.442,0.001,-363641.7,0.392,0.001,0.818,2.52,0,0.001,0.003,0.014,-0.002,13.14,-1.6,0.6,100,0
"2026-01-25 00:12:00",143904,"",7999,2026,1,25,0,3,5,0.0004,0.442,0.001,-363641.7,0.392,0.001,0.818,2.52,0,0.001,0.003,0.014,-0.002,13.14,-1.6,0.6,100,0
"2026-01-25 00:15:00",143905,"",7999,2026,1,25,0,9,5,0.0029,0.442,0.004,-363640.9,0.392,0.004,0.818,2.54,0,0.004,-0.002,-0.009,-0.019,13.14,-1.6,0.6,100,0
"2026-01-25 00:18:00",143906,"",7999,2026,1,25,0,9,5,0.0029,0.442,0.004,-363640.9,0.392,0.004,0.818,2.54,0,0.004,-0.002,-0.009,-0.019,13.14,-1.6,0.6,100,0
"2026-01-25 00:21:00",143907,"",7999,2026,1,25,0,15,5,0.0018,0.442,0.002,-363640.1,0.392,0.001,0.818,2.56,0,0.001,0.001,-0.014,-0.007,13.14,-1.6,0.6,100,0
"2026-01-25 00:24:00",143908,"",7999,2026,1,25,0,15,5,0.0018,0.442,0.002,-363640.1,0.392,0.001,0.818,2.56,0,0.001,0.001,-0.014,-0.007,13.14,-1.6,0.6,100,0
"2026-01-25 00:27:00",143909,"",7999,2026,1,25,0,21,5,-0.0004,0.442,-0.001,-363640,0.392,-0.001,0.818,2.59,0,-0.001,0.003,0.014,-0.007,13.14,-1.6,0.6,100,0
"2026-01-25 00:30:00",143910,"",7999,2026,1,25,0,21,5,-0.0004,0.442,-0.001,-363640,0.392,-0.001,0.818,2.59,0,-0.001,0.003,0.014,-0.007,13.14,-1.6,0.6,100,0
"2026-01-25 00:33:00",143911,"",7999,2026,1,25,0,27,5,-0.0016,0.442,-0.002,-363640.4,0.392,-0.002,0.818,2.6,0,-0.002,0.001,-0.012,0,13.14,-1.6,0.6,100,0
"2026-01-25 00:36:00",143912,"",7999,2026,1,25,0,27,5,-0.0016,0.442,-0.002,-363640.4,0.392,-0.002,0.818,2.6,0,-0.002,0.001,-0.012,0,13.14,-1.6,0.6,100,0
"2026-01-25 00:39:00",143913,"",7999,2026,1,25,0,33,5,-0.0047,0.441,-0.006,-363641.8,0.391,-0.005,0.817,2.57,0,-0.005,0,0.009,-0.009,13.14,-1.6,0.6,100,0
"2026-01-25 00:42:00",143914,"",7999,2026,1,25,0,33,5,-0.0047,0.441,-0.006,-363641.8,0.391,-0.005,0.817,2.57,0,-0.005,0,0.009,-0.009,13.14,-1.6,0.6,100,0
"2026-01-25 00:45:00",143915,"",7999,2026,1,25,0,39,5,-0.0012,0.44,-0.002,-363642.7,0.39,-0.001,0.815,2.53,0,-0.001,0.002,-0.012,-0.019,13.14,-1.6,0.6,100,0
"2026-01-25 00:48:00",143916,"",7999,2026,1,25,0,39,5,-0.0012,0.44,-0.002,-363642.7,0.39,-0.001,0.815,2.53,0,-0.001,0.002,-0.012,-0.019,13.14,-1.6,0.6,100,0
"2026-01-25 00:51:00",143917,"",7999,2026,1,25,0,45,5,0.0002,0.441,0,-363642.8,0.391,0,0.815,2.54,0,0,0,0.021,-0.005,13.14,-1.6,0.6,100,0
"2026-01-25 00:54:00",143918,"",7999,2026,1,25,0,45,5,0.0002,0.441,0,-363642.8,0.391,0,0.815,2.54,0,0,0,0.021,-0.005,13.14,-1.6,0.6,100,0
"2026-01-25 00:57:00",143919,"",7999,2026,1,25,0,51,5,-0.0017,0.44,-0.002,-363643.1,0.39,-0.001,0.815,2.57,0,-0.001,0.001,-0.007,-0.045,13.14,-1.6,0.6,100,0
"2026-01-25 01:00:00",143920,"",7999,2026,1,25,0,51,5,-0.0017,0.44,-0.002,-363643.1,0.39,-0.001,0.815,2.57,0,-0.001,0.001,-0.007,-0.045,13.14,-1.6,0.6,100,0
"2026-01-25 01:03:00",143921,"",7999,2026,1,25,0,57,5,-0.001,0.44,-0.001,-363643.6,0.39,-0.001,0.814,2.6,0,-0.001,0.002,-0.026,-0.017,13.14,-1.6,0.6,100,0
"2026-01-25 01:06:00",143922,"",7999,2026,1,25,0,57,5,-0.001,0.44,-0.001,-363643.6,0.39,-0.001,0.814,2.6,0,-0.001,0.002,-0.026,-0.017,13.14,-1.6,0.6,100,0
"2026-01-25 01:09:00",143923,"",7999,2026,1,25,1,3,5,0.0006,0.44,0.001,-363643.6,0.39,0.001,0.815,2.63,0,0.001,0.001,-0.012,-0.012,13.14,-1.6,0.6,100,0
"2026-01-25 01:12:00",143924,"",7999,2026,1,25,1,3,5,0.0006,0.44,0.001,-363643.6,0.39,0.001,0.815,2.63,0,0.001,0.001,-0.012,-0.012,13.14,-1.6,0.6,100,0
"2026-01-25 01:15:00",143925,"",7999,2026,1,25,1,9,5,-0.002,0.44,-0.003,-363644,0.39,-0.002,0.815,2.66,0,-0.002,0,-0.012,-0.026,13.14,-1.6,0.6,100,0
"2026-01-25 01:18:00",143926,"",7999,2026,1,25,1,9,5,-0.002,0.44,-0.003,-363644,0.39,-0.002,0.815,2.66,0,-0.002,0,-0.012,-0.026,13.14,-1.6,0.6,100,0
"2026-01-25 01:21:00",143927,"",7999,2026,1,25,1,15,5,0.0016,0.44,0.002,-363643.8,0.39,0.001,0.814,2.69,0,0.001,0.001,0.03,0.012,13.14,-1.6,0.6,100,0
"2026-01-25 01:24:00",143928,"",7999,2026,1,25,1,15,5,0.0016,0.44,0.002,-363643.8,0.39,0.001,0.814,2.69,0,0.001,0.001,0.03,0.012,13.14,-1.6,0.6,100,0
"2026-01-25 01:27:00",143929,"",7999,2026,1,25,1,21,5,-0.0037,0.439,-0.005,-363644.5,0.389,-0.004,0.813,2.7,0,-0.004,-0.001,0.002,-0.007,13.14,-1.6,0.6,100,0
"2026-01-25 01:30:00",143930,"",7999,2026,1,25,1,21,5,-0.0037,0.439,-0.005,-363644.5,0.389,-0.004,0.813,2.7,0,-0.004,-0.001,0.002,-0.007,13.14,-1.6,0.6,100,0
"2026-01-25 01:33:00",143931,"",7999,2026,1,25,1,27,5,0.0015,0.439,0.002,-363644.6,0.389,0.002,0.812,2.73,0,0.002,0.001,0.009,-0.007,13.14,-1.6,0.6,100,0
"2026-01-25 01:36:00",143932,"",7999,2026,1,25,1,27,5,0.0015,0.439,0.002,-363644.6,0.389,0.002,0.812,2.73,0,0.002,0.001,0.009,-0.007,13.14,-1.6,0.6,100,0
"2026-01-25 01:39:00",143933,"",7999,2026,1,25,1,33,5,-0.0011,0.438,-0.001,-363644.7,0.388,-0.001,0.81,2.74,0,-0.001,0.001,-0.019,-0.028,13.14,-1.6,0.6,100,0
"2026-01-25 01:42:00",143934,"",7999,2026,1,25,1,33,5,-0.0011,0.438,-0.001,-363644.7,0.388,-0.001,0.81,2.74,0,-0.001,0.001,-0.019,-0.028,13.14,-1.6,0.6,100,0
"2026-01-25 01:45:00",143935,"",7999,2026,1,25,1,39,5,-0.0034,0.437,-0.004,-363645.7,0.387,-0.004,0.809,2.76,0,-0.004,0.001,-0.023,-0.012,13.14,-1.6,0.6,100,0
"2026-01-25 01:48:00",143936,"",7999,2026,1,25,1,39,5,-0.0034,0.437,-0.004,-363645.7,0.387,-0.004,0.809,2.76,0,-0.004,0.001,-0.023,-0.012,13.14,-1.6,0.6,100,0
"2026-01-25 01:51:00",143937,"",7999,2026,1,25,1,45,5,-0.0006,0.436,-0.001,-363646.2,0.386,0,0.808,2.77,0,0,0,-0.058,0,13.14,-1.6,0.6,100,0
"2026-01-25 01:54:00",143938,"",7999,2026,1,25,1,45,5,-0.0006,0.436,-0.001,-363646.2,0.386,0,0.808,2.77,0,0,0,-0.058,0,13.14,-1.6,0.6,100,0
"2026-01-25 01:57:00",143939,"",7999,2026,1,25,1,51,5,-0.0003,0.435,0,-363646.4,0.385,0,0.806,2.75,0,0,0.001,-0.021,-0.038,13.14,-1.6,0.6,100,0
"2026-01-25 02:00:00",143940,"",7999,2026,1,25,1,51,5,-0.0003,0.435,0,-363646.4,0.385,0,0.806,2.75,0,0,0.001,-0.021,-0.038,13.14,-1.6,0.6,100,0
"2026-01-25 02:03:00",143941,"",7999,2026,1,25,1,57,5,0.0019,0.435,0.002,-363645.9,0.385,0.002,0.805,2.78,0,0.002,0.002,0.081,-0.017,13.14,-1.6,0.6,100,0
"2026-01-25 02:06:00",143942,"",7999,2026,1,25,1,57,5,0.0019,0.435,0.002,-363645.9,0.385,0.002,0.805,2.78,0,0.002,0.002,0.081,-0.017,13.14,-1.6,0.6,100,0
"2026-01-25 02:09:00",143943,"",7999,2026,1,25,2,3,5,-0.0005,0.434,-0.001,-363645.8,0.384,0,0.804,2.77,0,0,0,-0.04,0.024,13.14,-1.6,0.6,100,0
"2026-01-25 02:12:00",143944,"",7999,2026,1,25,2,3,5,-0.0005,0.434,-0.001,-363645.8,0.384,0,0.804,2.77,0,0,0,-0.04,0.024,13.14,-1.6,0.6,100,0
"2026-01-25 02:15:00",143945,"",7999,2026,1,25,2,9,5,0.0005,0.433,0.001,-363645.8,0.383,0,0.802,2.77,0,0,0,0.023,0.002,13.14,-1.6,0.6,100,0
"2026-01-25 02:18:00",143946,"",7999,2026,1,25,2,9,5,0.0005,0.433,0.001,-363645.8,0.383,0,0.802,2.77,0,0,0,0.023,0.002,13.14,-1.6,0.6,100,0
"2026-01-25 02:21:00",143947,"",7999,2026,1,25,2,15,5,-0.0029,0.433,-0.004,-363646.4,0.383,-0.002,0.802,2.76,0,-0.002,0.001,0.005,0.002,13.14,-1.6,0.6,100,0
"2026-01-25 02:24:00",143948,"",7999,2026,1,25,2,15,5,-0.0029,0.433,-0.004,-363646.4,0.383,-0.002,0.802,2.76,0,-0.002,0.001,0.005,0.002,13.14,-1.6,0.6,100,0
"2026-01-25 02:27:00",143949,"",7999,2026,1,25,2,21,5,-0.0101,0.433,-0.013,-363649.2,0.383,-0.012,0.801,2.77,0,-0.012,-0.003,-0.053,-0.028,13.14,-1.6,0.6,100,0
"2026-01-25 02:30:00",143950,"",7999,2026,1,25,2,21,5,-0.0101,0.433,-0.013,-363649.2,0.383,-0.012,0.801,2.77,0,-0.012,-0.003,-0.053,-0.028,13.14,-1.6,0.6,100,0
"2026-01-25 02:33:00",143951,"",7999,2026,1,25,2,27,5,-0.0085,0.432,-0.011,-363652.5,0.382,-0.01,0.8,2.79,0,-0.01,-0.005,0.077,0.009,13.14,-1.6,0.6,100,0
"2026-01-25 02:36:00",143952,"",7999,2026,1,25,2,27,5,-0.0085,0.432,-0.011,-363652.5,0.382,-0.01,0.8,2.79,0,-0.01,-0.005,0.077,0.009,13.14,-1.6,0.6,100,0
"2026-01-25 02:39:00",143953,"",7999,2026,1,25,2,33,5,0.0007,0.432,0.001,-363653.3,0.382,0.001,0.8,2.81,0,0.001,-0.001,-0.1,-0.014,13.14,-1.6,0.6,100,0
"2026-01-25 02:42:00",143954,"",7999,2026,1,25,2,33,5,0.0007,0.432,0.001,-363653.3,0.382,0.001,0.8,2.81,0,0.001,-0.001,-0.1,-0.014,13.14,-1.6,0.6,100,0
"2026-01-25 02:45:00",143955,"",7999,2026,1,25,2,39,5,-0.0044,0.432,-0.006,-363654.3,0.382,-0.005,0.799,2.83,0,-0.005,-0.002,-0.007,-0.019,13.14,-1.6,0.6,100,0
"2026-01-25 02:48:00",143956,"",7999,2026,1,25,2,39,5,-0.0044,0.432,-0.006,-363654.3,0.382,-0.005,0.799,2.83,0,-0.005,-0.002,-0.007,-0.019,13.14,-1.6,0.6,100,0
"2026-01-25 02:51:00",143957,"",7999,2026,1,25,2,45,5,0.0004,0.432,0.001,-363654.8,0.382,0,0.799,2.85,0,0,0,0.037,-0.012,13.14,-1.6,0.6,100,0
"2026-01-25 02:54:00",143958,"",7999,2026,1,25,2,45,5,0.0004,0.432,0.001,-363654.8,0.382,0,0.799,2.85,0,0,0,0.037,-0.012,13.14,-1.6,0.6,100,0
"2026-01-25 02:57:00",143959,"",7999,2026,1,25,2,51,5,-0.0063,0.432,-0.008,-363656.2,0.382,-0.007,0.8,2.86,0,-0.007,-0.003,-0.132,-0.005,13.14,-1.6,0.6,100,0
"2026-01-25 03:00:00",143960,"",7999,2026,1,25,2,51,5,-0.0063,0.432,-0.008,-363656.2,0.382,-0.007,0.8,2.86,0,-0.007,-0.003,-0.132,-0.005,13.14,-1.6,0.6,100,0
"2026-01-25 03:03:00",143961,"",7999,2026,1,25,2,57,5,0.0026,0.432,0.003,-363656.3,0.382,0.002,0.799,2.88,0,0.002,-0.001,-0.037,-0.019,13.14,-1.6,0.6,100,0
"2026-01-25 03:06:00",143962,"",7999,2026,1,25,2,57,5,0.0026,0.432,0.003,-363656.3,0.382,0.002,0.799,2.88,0,0.002,-0.001,-0.037,-0.019,13.14,-1.6,0.6,100,0
"2026-01-25 03:09:00",143963,"",7999,2026,1,25,3,3,5,-0.0041,0.431,-0.005,-363657,0.381,-0.005,0.799,2.89,0,-0.005,0.001,0.021,0,13.14,-1.6,0.6,100,0
"2026-01-25 03:12:00",143964,"",7999,2026,1,25,3,3,5,-0.0041,0.431,-0.005,-363657,0.381,-0.005,0.799,2.89,0,-0.005,0.001,0.021,0,13.14,-1.6,0.6,100,0
"2026-01-25 03:15:00",143965,"",7999,2026,1,25,3,9,5,-0.0168,0.432,-0.021,-363661.6,0.382,-0.021,0.799,2.9,0,-0.021,-0.008,-0.065,0.009,13.14,-1.6,0.6,100,0
"2026-01-25 03:18:00",143966,"",7999,2026,1,25,3,9,5,-0.0168,0.432,-0.021,-363661.6,0.382,-0.021,0.799,2.9,0,-0.021,-0.008,-0.065,0.009,13.14,-1.6,0.6,100,0
"2026-01-25 03:21:00",143967,"",7999,2026,1,25,3,15,5,-0.0011,0.431,-0.001,-363663.8,0.381,-0.001,0.798,2.91,0,-0.001,-0.001,-0.063,0.005,13.14,-1.6,0.6,100,0
"2026-01-25 03:24:00",143968,"",7999,2026,1,25,3,15,5,-0.0011,0.431,-0.001,-363663.8,0.381,-0.001,0.798,2.91,0,-0.001,-0.001,-0.063,0.005,13.14,-1.6,0.6,100,0
"2026-01-25 03:27:00",143969,"",7999,2026,1,25,3,21,5,-0,0.431,0,-363664,0.381,0,0.799,2.92,0,0,0,0.046,-0.014,13.14,-1.6,0.6,100,0
"2026-01-25 03:30:00",143970,"",7999,2026,1,25,3,21,5,-0,0.431,0,-363664,0.381,0,0.799,2.92,0,0,0,0.046,-0.014,13.14,-1.6,0.6,100,0
"2026-01-25 03:33:00",143971,"",7999,2026,1,25,3,27,5,-0.0056,0.432,-0.007,-363665.4,0.382,-0.006,0.799,2.95,0,-0.006,0.003,0.026,-0.012,13.13,-1.6,0.6,100,0
"2026-01-25 03:36:00",143972,"",7999,2026,1,25,3,27,5,-0.0056,0.432,-0.007,-363665.4,0.382,-0.006,0.799,2.95,0,-0.006,0.003,0.026,-0.012,13.13,-1.6,0.6,100,0
"2026-01-25 03:39:00",143973,"",7999,2026,1,25,3,33,5,-0.0052,0.431,-0.007,-363667.3,0.381,-0.006,0.799,2.98,0,-0.006,0.005,0.06,-0.009,13.14,-1.6,0.6,100,0
"2026-01-25 03:42:00",143974,"",7999,2026,1,25,3,33,5,-0.0052,0.431,-0.007,-363667.3,0.381,-0.006,0.799,2.98,0,-0.006,0.005,0.06,-0.009,13.14,-1.6,0.6,100,0
"2026-01-25 03:45:00",143975,"",7999,2026,1,25,3,39,5,0.0013,0.431,0.002,-363667.6,0.381,0.001,0.798,3.01,0,0.001,-0.001,0.04,0.002,13.14,-1.6,0.6,100,0
"2026-01-25 03:48:00",143976,"",7999,2026,1,25,3,39,5,0.0013,0.431,0.002,-363667.6,0.381,0.001,0.798,3.01,0,0.001,-0.001,0.04,0.002,13.14,-1.6,0.6,100,0
"2026-01-25 03:51:00",143977,"",7999,2026,1,25,3,45,5,-0.0119,0.431,-0.015,-363670.3,0.381,-0.013,0.799,3.03,0,-0.013,-0.002,-0.028,0.002,13.14,-1.6,0.6,100,0
"2026-01-25 03:54:00",143978,"",7999,2026,1,25,3,45,5,-0.0119,0.431,-0.015,-363670.3,0.381,-0.013,0.799,3.03,0,-0.013,-0.002,-0.028,0.002,13.14,-1.6,0.6,100,0
"2026-01-25 03:57:00",143979,"",7999,2026,1,25,3,51,5,-0.0026,0.431,-0.003,-363672.4,0.381,-0.002,0.798,3.05,0,-0.002,0.001,-0.014,0.019,13.14,-1.6,0.6,100,0
"2026-01-25 04:00:00",143980,"",7999,2026,1,25,3,51,5,-0.0026,0.431,-0.003,-363672.4,0.381,-0.002,0.798,3.05,0,-0.002,0.001,-0.014,0.019,13.14,-1.6,0.6,100,0
"2026-01-25 04:03:00",143981,"",7999,2026,1,25,3,57,5,-0.0099,0.431,-0.012,-363675.1,0.381,-0.011,0.798,3.05,0,-0.011,-0.002,0.081,-0.005,13.13,-1.6,0.6,100,0
"2026-01-25 04:06:00",143982,"",7999,2026,1,25,3,57,5,-0.0099,0.431,-0.012,-363675.1,0.381,-0.011,0.798,3.05,0,-0.011,-0.002,0.081,-0.005,13.13,-1.6,0.6,100,0
"2026-01-25 04:09:00",143983,"",7999,2026,1,25,4,3,5,-0.0031,0.432,-0.004,-363677,0.382,-0.002,0.799,3.06,0,-0.002,0.001,-0.021,0.005,13.13,-1.6,0.6,100,0
"2026-01-25 04:12:00",143984,"",7999,2026,1,25,4,3,5,-0.0031,0.432,-0.004,-363677,0.382,-0.002,0.799,3.06,0,-0.002,0.001,-0.021,0.005,13.13,-1.6,0.6,100,0
"2026-01-25 04:15:00",143985,"",7999,2026,1,25,4,9,5,0.0038,0.432,0.005,-363676.5,0.382,0.005,0.799,3.06,0,0.005,0.001,0.091,0.019,13.13,-1.6,0.6,100,0
"2026-01-25 04:18:00",143986,"",7999,2026,1,25,4,9,5,0.0038,0.432,0.005,-363676.5,0.382,0.005,0.799,3.06,0,0.005,0.001,0.091,0.019,13.13,-1.6,0.6,100,0
"2026-01-25 04:21:00",143987,"",7999,2026,1,25,4,15,5,0.0003,0.431,0,-363675.9,0.381,0.001,0.799,3.06,0,0.001,-0.001,0.023,-0.026,13.14,-1.6,0.6,100,0
"2026-01-25 04:24:00",143988,"",7999,2026,1,25,4,15,5,0.0003,0.431,0,-363675.9,0.381,0.001,0.799,3.06,0,0.001,-0.001,0.023,-0.026,13.14,-1.6,0.6,100,0
"2026-01-25 04:27:00",143989,"",7999,2026,1,25,4,21,5,-0.002,0.432,-0.003,-363676.4,0.382,-0.001,0.799,3.05,0,-0.001,0.001,0.065,-0.026,13.14,-1.6,0.6,100,0
"2026-01-25 04:30:00",143990,"",7999,2026,1,25,4,21,5,-0.002,0.432,-0.003,-363676.4,0.382,-0.001,0.799,3.05,0,-0.001,0.001,0.065,-0.026,13.14,-1.6,0.6,100,0
"2026-01-25 04:33:00",143991,"",7999,2026,1,25,4,27,5,0.0008,0.432,0.001,-363676.4,0.382,0,0.799,3.03,0,0,0,0.016,-0.019,13.14,-1.6,0.6,100,0
"2026-01-25 04:36:00",143992,"",7999,2026,1,25,4,27,5,0.0008,0.432,0.001,-363676.4,0.382,0,0.799,3.03,0,0,0,0.016,-0.019,13.14,-1.6,0.6,100,0
"2026-01-25 04:39:00",143993,"",7999,2026,1,25,4,33,5,-0.0013,0.432,-0.002,-363676.6,0.382,-0.001,0.799,2.99,0,-0.001,0.001,-0.037,-0.014,13.14,-1.6,0.6,100,0
"2026-01-25 04:42:00",143994,"",7999,2026,1,25,4,33,5,-0.0013,0.432,-0.002,-363676.6,0.382,-0.001,0.799,2.99,0,-0.001,0.001,-0.037,-0.014,13.14,-1.6,0.6,100,0
"2026-01-25 04:45:00",143995,"",7999,2026,1,25,4,39,5,0.0001,0.432,0,-363676.8,0.382,0,0.8,2.95,0,0,0,-0.102,0,13.13,-1.6,0.6,100,0
"2026-01-25 04:48:00",143996,"",7999,2026,1,25,4,39,5,0.0001,0.432,0,-363676.8,0.382,0,0.8,2.95,0,0,0,-0.102,0,13.13,-1.6,0.6,100,0
"2026-01-25 04:51:00",143997,"",7999,2026,1,25,4,45,5,0.0002,0.433,0,-363676.7,0.383,0.001,0.801,2.94,0,0.001,0.001,0,0,13.14,-1.6,0.6,100,0
"2026-01-25 04:54:00",143998,"",7999,2026,1,25,4,45,5,0.0002,0.433,0,-363676.7,0.383,0.001,0.801,2.94,0,0.001,0.001,0,0,13.14,-1.6,0.6,100,0
"2026-01-25 04:57:00",143999,"",7999,2026,1,25,4,51,5,-0.0005,0.433,-0.001,-363676.8,0.383,-0.001,0.802,2.95,0,-0.001,0.001,0.005,-0.052,13.14,-1.6,0.6,100,0
"2026-01-25 05:00:00",144000,"",7999,2026,1,25,4,51,5,-0.0005,0.433,-0.001,-363676.8,0.383,-0.001,0.802,2.95,0,-0.001,0.001,0.005,-0.052,13.14,-1.6,0.6,100,0
"2026-01-25 05:03:00",144001,"",7999,2026,1,25,4,57,5,-0.001,0.434,-0.001,-363677.1,0.384,-0.001,0.802,2.98,0,-0.001,-0.001,-0.109,0.019,13.14,-1.6,0.6,100,0
"2026-01-25 05:06:00",144002,"",7999,2026,1,25,4,57,5,-0.001,0.434,-0.001,-363677.1,0.384,-0.001,0.802,2.98,0,-0.001,-0.001,-0.109,0.019,13.14,-1.6,0.6,100,0
"2026-01-25 05:09:00",144003,"",7999,2026,1,25,5,3,5,-0.0001,0.434,0,-363677.3,0.384,0,0.803,3,0,0,0,0.102,-0.038,13.14,-1.6,0.6,100,0
"2026-01-25 05:12:00",144004,"",7999,2026,1,25,5,3,5,-0.0001,0.434,0,-363677.3,0.384,0,0.803,3,0,0,0,0.102,-0.038,13.14,-1.6,0.6,100,0
"2026-01-25 05:15:00",144005,"",7999,2026,1,25,5,9,5,0.0006,0.435,0.001,-363677.2,0.385,0,0.805,3.01,0,0,0,0.04,-0.014,13.14,-1.6,0.6,100,0
"2026-01-25 05:18:00",144006,"",7999,2026,1,25,5,9,5,0.0006,0.435,0.001,-363677.2,0.385,0,0.805,3.01,0,0,0,0.04,-0.014,13.14,-1.6,0.6,100,0
"2026-01-25 05:21:00",144007,"",7999,2026,1,25,5,15,5,0.0003,0.435,0,-363677,0.385,0.001,0.805,3.02,0,0.001,0.001,-0.002,-0.012,13.14,-1.6,0.6,100,0
"2026-01-25 05:24:00",144008,"",7999,2026,1,25,5,15,5,0.0003,0.435,0,-363677,0.385,0.001,0.805,3.02,0,0.001,0.001,-0.002,-0.012,13.14,-1.6,0.6,100,0
"2026-01-25 05:27:00",144009,"",7999,2026,1,25,5,21,5,0.0002,0.436,0,-363676.9,0.386,0,0.806,3.02,0,0,0,-0.049,0.007,13.14,-1.6,0.6,100,0
"2026-01-25 05:30:00",144010,"",7999,2026,1,25,5,21,5,0.0002,0.436,0,-363676.9,0.386,0,0.806,3.02,0,0,0,-0.049,0.007,13.14,-1.6,0.6,100,0
"2026-01-25 05:33:00",144011,"",7999,2026,1,25,5,27,5,-0.0016,0.436,-0.002,-363677.2,0.386,-0.001,0.807,2.98,0,-0.001,0.001,-0.021,-0.059,13.14,-1.6,0.6,100,0
"2026-01-25 05:36:00",144012,"",7999,2026,1,25,5,27,5,-0.0016,0.436,-0.002,-363677.2,0.386,-0.001,0.807,2.98,0,-0.001,0.001,-0.021,-0.059,13.14,-1.6,0.6,100,0
"2026-01-25 05:39:00",144013,"",7999,2026,1,25,5,33,5,-0.0042,0.437,-0.005,-363678.4,0.387,-0.004,0.809,2.96,0,-0.004,0.002,-0.06,-0.021,13.14,-1.6,0.6,100,0
"2026-01-25 05:42:00",144014,"",7999,2026,1,25,5,33,5,-0.0042,0.437,-0.005,-363678.4,0.387,-0.004,0.809,2.96,0,-0.004,0.002,-0.06,-0.021,13.14,-1.6,0.6,100,0
"2026-01-25 05:45:00",144015,"",7999,2026,1,25,5,39,5,0.0008,0.437,0.001,-363678.7,0.387,0,0.81,2.98,0,0,0,-0.067,0.005,13.14,-1.6,0.6,100,0
"2026-01-25 05:48:00",144016,"",7999,2026,1,25,5,39,5,0.0008,0.437,0.001,-363678.7,0.387,0,0.81,2.98,0,0,0,-0.067,0.005,13.14,-1.6,0.6,100,0
"2026-01-25 05:51:00",144017,"",7999,2026,1,25,5,45,5,0.0013,0.438,0.002,-363678.3,0.388,0.001,0.811,3.01,0,0.001,-0.001,0,-0.007,13.14,-1.6,0.6,100,0
"2026-01-25 05:54:00",144018,"",7999,2026,1,25,5,45,5,0.0013,0.438,0.002,-363678.3,0.388,0.001,0.811,3.01,0,0.001,-0.001,0,-0.007,13.14,-1.6,0.6,100,0
"2026-01-25 05:57:00",144019,"",7999,2026,1,25,5,51,5,0.0005,0.439,0.001,-363678,0.389,0,0.813,2.99,0,0,0,0.007,0.002,13.14,-1.6,0.6,100,0
"2026-01-25 06:00:00",144020,"",7999,2026,1,25,5,51,5,0.0005,0.439,0.001,-363678,0.389,0,0.813,2.99,0,0,0,0.007,0.002,13.14,-1.6,0.6,100,0
"2026-01-25 06:03:00",144021,"",7999,2026,1,25,5,57,5,0.0009,0.441,0.001,-363677.7,0.391,0,0.815,2.76,0,0,0,0,0.012,13.14,-1.6,0.6,100,0
"2026-01-25 06:06:00",144022,"",7999,2026,1,25,5,57,5,0.0009,0.441,0.001,-363677.7,0.391,0,0.815,2.76,0,0,0,0,0.012,13.14,-1.6,0.6,100,0
"2026-01-25 06:09:00",144023,"",7999,2026,1,25,6,3,5,0.0018,0.441,0.002,-363677.2,0.391,0.001,0.817,2.49,0,0.001,0.001,-0.021,-0.012,13.14,-1.6,0.6,100,0
"2026-01-25 06:12:00",144024,"",7999,2026,1,25,6,3,5,0.0018,0.441,0.002,-363677.2,0.391,0.001,0.817,2.49,0,0.001,0.001,-0.021,-0.012,13.14,-1.6,0.6,100,0
"2026-01-25 06:15:00",144025,"",7999,2026,1,25,6,9,5,0.0032,0.443,0.004,-363676.2,0.393,0.004,0.82,2.34,0,0.004,0.001,-0.009,-0.012,13.13,-1.6,0.6,100,0
"2026-01-25 06:18:00",144026,"",7999,2026,1,25,6,9,5,0.0032,0.443,0.004,-363676.2,0.393,0.004,0.82,2.34,0,0.004,0.001,-0.009,-0.012,13.13,-1.6,0.6,100,0
"2026-01-25 06:21:00",144027,"",7999,2026,1,25,6,15,5,0.0036,0.444,0.004,-363674.9,0.394,0.004,0.821,2.24,0,0.004,-0.001,-0.019,0.002,13.14,-1.6,0.6,100,0
"2026-01-25 06:24:00",144028,"",7999,2026,1,25,6,15,5,0.0036,0.444,0.004,-363674.9,0.394,0.004,0.821,2.24,0,0.004,-0.001,-0.019,0.002,13.14,-1.6,0.6,100,0
"2026-01-25 06:27:00",144029,"",7999,2026,1,25,6,21,5,0.0002,0.446,0,-363674.4,0.396,0,0.826,2.17,0,0,0,0,-0.021,13.13,-1.6,0.6,100,0
"2026-01-25 06:30:00",144030,"",7999,2026,1,25,6,21,5,0.0002,0.446,0,-363674.4,0.396,0,0.826,2.17,0,0,0,0,-0.021,13.13,-1.6,0.6,100,0
"2026-01-25 06:33:00",144031,"",7999,2026,1,25,6,27,5,0.0009,0.447,0.001,-363674.2,0.397,0.001,0.827,2.12,0,0.001,-0.002,-0.012,-0.021,13.13,-1.6,0.6,100,0
"2026-01-25 06:36:00",144032,"",7999,2026,1,25,6,27,5,0.0009,0.447,0.001,-363674.2,0.397,0.001,0.827,2.12,0,0.001,-0.002,-0.012,-0.021,13.13,-1.6,0.6,100,0
"2026-01-25 06:39:00",144033,"",7999,2026,1,25,6,33,5,0.0019,0.448,0.002,-363673.6,0.398,0.002,0.829,2.09,0,0.002,0.001,0.012,-0.007,13.14,-1.6,0.6,100,0
"2026-01-25 06:42:00",144034,"",7999,2026,1,25,6,33,5,0.0019,0.448,0.002,-363673.6,0.398,0.002,0.829,2.09,0,0.002,0.001,0.012,-0.007,13.14,-1.6,0.6,100,0
"2026-01-25 06:45:00",144035,"",7999,2026,1,25,6,39,5,0.0004,0.45,0.001,-363673.2,0.4,0.001,0.833,2.07,0,0.001,0.001,-0.021,-0.021,13.14,-1.6,0.6,100,0
"2026-01-25 06:48:00",144036,"",7999,2026,1,25,6,39,5,0.0004,0.45,0.001,-363673.2,0.4,0.001,0.833,2.07,0,0.001,0.001,-0.021,-0.021,13.14,-1.6,0.6,100,0
"2026-01-25 06:51:00",144037,"",7999,2026,1,25,6,45,5,-0.0005,0.453,-0.001,-363673.3,0.403,0,0.838,2.05,0,0,0,-0.03,0,13.14,-1.6,0.6,100,0
"2026-01-25 06:54:00",144038,"",7999,2026,1,25,6,45,5,-0.0005,0.453,-0.001,-363673.3,0.403,0,0.838,2.05,0,0,0,-0.03,0,13.14,-1.6,0.6,100,0
"2026-01-25 06:57:00",144039,"",7999,2026,1,25,6,51,5,0.0074,0.455,0.009,-363671.6,0.405,0.007,0.843,2.05,0,0.007,0.002,-0.026,0.005,13.14,-1.6,0.6,100,0
"2026-01-25 07:00:00",144040,"",7999,2026,1,25,6,51,5,0.0074,0.455,0.009,-363671.6,0.405,0.007,0.843,2.05,0,0.007,0.002,-0.026,0.005,13.14,-1.6,0.6,100,0
"2026-01-25 07:03:00",144041,"",7999,2026,1,25,6,57,5,0.0029,0.456,0.004,-363669.9,0.406,0.002,0.844,2.04,0,0.002,0,-0.021,-0.019,13.14,-1.6,0.6,100,0
"2026-01-25 07:06:00",144042,"",7999,2026,1,25,6,57,5,0.0029,0.456,0.004,-363669.9,0.406,0.002,0.844,2.04,0,0.002,0,-0.021,-0.019,13.14,-1.6,0.6,100,0
"2026-01-25 07:09:00",144043,"",7999,2026,1,25,7,3,5,-0.0022,0.46,-0.003,-363670.2,0.41,-0.001,0.851,2.06,0,-0.001,0.001,-0.007,-0.005,13.14,-1.6,0.6,100,0
"2026-01-25 07:12:00",144044,"",7999,2026,1,25,7,3,5,-0.0022,0.46,-0.003,-363670.2,0.41,-0.001,0.851,2.06,0,-0.001,0.001,-0.007,-0.005,13.14,-1.6,0.6,100,0
"2026-01-25 07:15:00",144045,"",7999,2026,1,25,7,9,5,0.0006,0.458,0.001,-363670.3,0.408,0.001,0.849,2.07,0,0.001,-0.003,-0.014,-0.009,13.14,-1.6,0.6,100,0
"2026-01-25 07:18:00",144046,"",7999,2026,1,25,7,9,5,0.0006,0.458,0.001,-363670.3,0.408,0.001,0.849,2.07,0,0.001,-0.003,-0.014,-0.009,13.14,-1.6,0.6,100,0
"2026-01-25 07:21:00",144047,"",7999,2026,1,25,7,15,5,-0.0008,0.465,-0.001,-363670.4,0.415,0,0.86,2.1,0,0,0,0.037,0,13.14,-1.6,0.6,100,0
"2026-01-25 07:24:00",144048,"",7999,2026,1,25,7,15,5,-0.0008,0.465,-0.001,-363670.4,0.415,0,0.86,2.1,0,0,0,0.037,0,13.14,-1.6,0.6,100,0
"2026-01-25 07:27:00",144049,"",7999,2026,1,25,7,21,5,-0.0019,0.469,-0.002,-363670.9,0.419,-0.002,0.869,2.13,0,-0.002,-0.001,-0.03,-0.014,13.14,-1.6,0.6,100,0
"2026-01-25 07:30:00",144050,"",7999,2026,1,25,7,21,5,-0.0019,0.469,-0.002,-363670.9,0.419,-0.002,0.869,2.13,0,-0.002,-0.001,-0.03,-0.014,13.14,-1.6,0.6,100,0
"2026-01-25 07:33:00",144051,"",7999,2026,1,25,7,27,5,-0,0.476,0,-363671.2,0.426,0,0.881,2.12,0,0,0,-0.044,-0.002,13.13,-1.6,0.6,100,0
"2026-01-25 07:36:00",144052,"",7999,2026,1,25,7,27,5,-0,0.476,0,-363671.2,0.426,0,0.881,2.12,0,0,0,-0.044,-0.002,13.13,-1.6,0.6,100,0
"2026-01-25 07:39:00",144053,"",7999,2026,1,25,7,33,5,0.0031,0.48,0.004,-363670.4,0.43,0.002,0.888,2.13,0,0.002,0.001,-0.026,-0.012,13.14,-1.6,0.6,100,0
"2026-01-25 07:42:00",144054,"",7999,2026,1,25,7,33,5,0.0031,0.48,0.004,-363670.4,0.43,0.002,0.888,2.13,0,0.002,0.001,-0.026,-0.012,13.14,-1.6,0.6,100,0
"2026-01-25 07:45:00",144055,"",7999,2026,1,25,7,39,5,0.0064,0.481,0.007,-363668.5,0.431,0.006,0.891,2.16,0,0.006,0.002,0.002,-0.014,13.14,-1.6,0.6,100,0
"2026-01-25 07:48:00",144056,"",7999,2026,1,25,7,39,5,0.0064,0.481,0.007,-363668.5,0.431,0.006,0.891,2.16,0,0.006,0.002,0.002,-0.014,13.14,-1.6,0.6,100,0
"2026-01-25 07:51:00",144057,"",7999,2026,1,25,7,45,5,0,0.489,0,-363667.7,0.439,0,0.906,2.2,0,0,0,-0.035,0.005,13.14,-1.6,0.6,100,0
"2026-01-25 07:54:00",144058,"",7999,2026,1,25,7,45,5,0,0.489,0,-363667.7,0.439,0,0.906,2.2,0,0,0,-0.035,0.005,13.14,-1.6,0.6,100,0
"2026-01-25 07:57:00",144059,"",7999,2026,1,25,7,51,5,0.0012,0.498,0.001,-363667.4,0.448,0.001,0.922,2.23,0,0.001,0.002,-0.007,0.007,13.14,-1.6,0.6,100,0
"2026-01-25 08:00:00",144060,"",7999,2026,1,25,7,51,5,0.0012,0.498,0.001,-363667.4,0.448,0.001,0.922,2.23,0,0.001,0.002,-0.007,0.007,13.14,-1.6,0.6,100,0
"2026-01-25 08:03:00",144061,"",7999,2026,1,25,7,57,5,0.0022,0.502,0.002,-363666.7,0.452,0.002,0.929,2.26,0,0.002,0.001,-0.033,-0.002,13.14,-1.6,0.6,100,0
"2026-01-25 08:06:00",144062,"",7999,2026,1,25,7,57,5,0.0022,0.502,0.002,-363666.7,0.452,0.002,0.929,2.26,0,0.002,0.001,-0.033,-0.002,13.14,-1.6,0.6,100,0
"2026-01-25 08:09:00",144063,"",7999,2026,1,25,8,3,5,0.0001,0.506,0,-363666.4,0.456,0,0.936,2.29,0,0,0.001,-0.028,-0.005,13.13,-1.6,0.6,100,0
"2026-01-25 08:12:00",144064,"",7999,2026,1,25,8,3,5,0.0001,0.506,0,-363666.4,0.456,0,0.936,2.29,0,0,0.001,-0.028,-0.005,13.13,-1.6,0.6,100,0
"2026-01-25 08:15:00",144065,"",7999,2026,1,25,8,9,5,0.0039,0.512,0.004,-363665.5,0.462,0.004,0.948,2.32,0,0.004,0.003,0.007,-0.019,13.13,-1.6,0.6,100,0
"2026-01-25 08:18:00",144066,"",7999,2026,1,25,8,9,5,0.0039,0.512,0.004,-363665.5,0.462,0.004,0.948,2.32,0,0.004,0.003,0.007,-0.019,13.13,-1.6,0.6,100,0
"2026-01-25 08:21:00",144067,"",7999,2026,1,25,8,15,5,0.0038,0.52,0.004,-363664.1,0.47,0.004,0.963,2.34,0,0.004,-0.001,0,-0.012,13.13,-1.5,0.6,100,0
"2026-01-25 08:24:00",144068,"",7999,2026,1,25,8,15,5,0.0038,0.52,0.004,-363664.1,0.47,0.004,0.963,2.34,0,0.004,-0.001,0,-0.012,13.13,-1.5,0.6,100,0
"2026-01-25 08:27:00",144069,"",7999,2026,1,25,8,21,5,0.0138,0.532,0.014,-363660.3,0.482,0.012,0.984,2.38,0,0.012,0.001,0.007,-0.009,13.13,-1.5,0.6,100,0
"2026-01-25 08:30:00",144070,"",7999,2026,1,25,8,21,5,0.0138,0.532,0.014,-363660.3,0.482,0.012,0.984,2.38,0,0.012,0.001,0.007,-0.009,13.13,-1.5,0.6,100,0
"2026-01-25 08:33:00",144071,"",7999,2026,1,25,8,27,5,-0.0052,0.534,-0.005,-363659.8,0.484,-0.005,0.988,2.39,0,-0.005,-0.002,-0.03,-0.002,13.13,-1.5,0.6,100,0
"2026-01-25 08:36:00",144072,"",7999,2026,1,25,8,27,5,-0.0052,0.534,-0.005,-363659.8,0.484,-0.005,0.988,2.39,0,-0.005,-0.002,-0.03,-0.002,13.13,-1.5,0.6,100,0
"2026-01-25 08:39:00",144073,"",7999,2026,1,25,8,33,5,-0.0207,0.537,-0.021,-363665.5,0.487,-0.019,0.994,2.41,0,-0.019,-0.01,0.06,-0.024,13.13,-1.6,0.6,100,0
"2026-01-25 08:42:00",144074,"",7999,2026,1,25,8,33,5,-0.0207,0.537,-0.021,-363665.5,0.487,-0.019,0.994,2.41,0,-0.019,-0.01,0.06,-0.024,13.13,-1.6,0.6,100,0
"2026-01-25 08:45:00",144075,"",7999,2026,1,25,8,39,5,0.0302,0.549,0.03,-363660.7,0.499,0.028,1.016,2.44,0,0.028,0.011,0.03,-0.009,13.13,-1.6,0.6,100,0
"2026-01-25 08:48:00",144076,"",7999,2026,1,25,8,39,5,0.0302,0.549,0.03,-363660.7,0.499,0.028,1.016,2.44,0,0.028,0.011,0.03,-0.009,13.13,-1.6,0.6,100,0
"2026-01-25 08:51:00",144077,"",7999,2026,1,25,8,45,5,0.031,0.582,0.029,-363649.6,0.532,0.027,1.077,2.48,0,0.027,0.011,0.023,-0.026,13.13,-1.6,0.6,100,0
"2026-01-25 08:54:00",144078,"",7999,2026,1,25,8,45,5,0.031,0.582,0.029,-363649.6,0.532,0.027,1.077,2.48,0,0.027,0.011,0.023,-0.026,13.13,-1.6,0.6,100,0
"2026-01-25 08:57:00",144079,"",7999,2026,1,25,8,51,5,-0.0068,0.578,-0.006,-363647.5,0.528,-0.006,1.07,2.52,0,-0.006,-0.005,0,0,13.13,-1.6,0.6,100,0
"2026-01-25 09:00:00",144080,"",7999,2026,1,25,8,51,5,-0.0068,0.578,-0.006,-363647.5,0.528,-0.006,1.07,2.52,0,-0.006,-0.005,0,0,13.13,-1.6,0.6,100,0
"2026-01-25 09:03:00",144081,"",7999,2026,1,25,8,57,5,0.0091,0.585,0.008,-363646.2,0.535,0.007,1.082,2.55,0,0.007,0,0.019,-0.009,13.13,-1.6,0.6,100,0
"2026-01-25 09:06:00",144082,"",7999,2026,1,25,8,57,5,0.0091,0.585,0.008,-363646.2,0.535,0.007,1.082,2.55,0,0.007,0,0.019,-0.009,13.13,-1.6,0.6,100,0
"2026-01-25 09:09:00",144083,"",7999,2026,1,25,9,3,5,0.0088,0.59,0.008,-363643,0.54,0.007,1.093,2.58,0,0.007,0,-0.002,0,13.13,-1.6,0.6,100,0
"2026-01-25 09:12:00",144084,"",7999,2026,1,25,9,3,5,0.0088,0.59,0.008,-363643,0.54,0.007,1.093,2.58,0,0.007,0,-0.002,0,13.13,-1.6,0.6,100,0
"2026-01-25 09:15:00",144085,"",7999,2026,1,25,9,9,5,0.0083,0.607,0.007,-363639.9,0.557,0.007,1.123,2.61,0,0.007,0.001,-0.012,0.002,13.13,-1.6,0.6,100,0
"2026-01-25 09:18:00",144086,"",7999,2026,1,25,9,9,5,0.0083,0.607,0.007,-363639.9,0.557,0.007,1.123,2.61,0,0.007,0.001,-0.012,0.002,13.13,-1.6,0.6,100,0
"2026-01-25 09:21:00",144087,"",7999,2026,1,25,9,15,5,-0.0051,0.592,-0.005,-363640.1,0.542,-0.004,1.096,2.64,0,-0.004,-0.001,0.016,0.002,13.13,-1.5,0.6,100,0
"2026-01-25 09:24:00",144088,"",7999,2026,1,25,9,15,5,-0.0051,0.592,-0.005,-363640.1,0.542,-0.004,1.096,2.64,0,-0.004,-0.001,0.016,0.002,13.13,-1.5,0.6,100,0
"2026-01-25 09:27:00",144089,"",7999,2026,1,25,9,21,5,-0.0039,0.587,-0.004,-363641.7,0.537,-0.004,1.085,2.67,0,-0.004,0.001,-0.033,-0.007,13.13,-1.6,0.6,100,0
"2026-01-25 09:30:00",144090,"",7999,2026,1,25,9,21,5,-0.0039,0.587,-0.004,-363641.7,0.537,-0.004,1.085,2.67,0,-0.004,0.001,-0.033,-0.007,13.13,-1.6,0.6,100,0
"2026-01-25 09:33:00",144091,"",7999,2026,1,25,9,27,5,-0.0049,0.575,-0.005,-363643.4,0.525,-0.005,1.065,2.64,0,-0.005,0.002,-0.012,-0.019,13.13,-1.6,0.6,100,0
"2026-01-25 09:36:00",144092,"",7999,2026,1,25,9,27,5,-0.0049,0.575,-0.005,-363643.4,0.525,-0.005,1.065,2.64,0,-0.005,0.002,-0.012,-0.019,13.13,-1.6,0.6,100,0
"2026-01-25 09:39:00",144093,"",7999,2026,1,25,9,33,5,-0.0094,0.57,-0.009,-363646.3,0.52,-0.008,1.055,2.63,0,-0.008,-0.001,-0.007,-0.005,13.13,-1.7,0.6,100,0
"2026-01-25 09:42:00",144094,"",7999,2026,1,25,9,33,5,-0.0094,0.57,-0.009,-363646.3,0.52,-0.008,1.055,2.63,0,-0.008,-0.001,-0.007,-0.005,13.13,-1.7,0.6,100,0
"2026-01-25 09:45:00",144095,"",7999,2026,1,25,9,39,5,-0.0082,0.565,-0.008,-363649.3,0.515,-0.006,1.045,2.63,0,-0.006,0.001,-0.026,-0.019,13.13,-1.7,0.6,100,0
"2026-01-25 09:48:00",144096,"",7999,2026,1,25,9,39,5,-0.0082,0.565,-0.008,-363649.3,0.515,-0.006,1.045,2.63,0,-0.006,0.001,-0.026,-0.019,13.13,-1.7,0.6,100,0
"2026-01-25 09:51:00",144097,"",7999,2026,1,25,9,45,5,-0.0175,0.563,-0.017,-363654.5,0.513,-0.016,1.042,2.67,0,-0.016,-0.004,-0.016,0,13.13,-1.6,0.6,100,0
"2026-01-25 09:54:00",144098,"",7999,2026,1,25,9,45,5,-0.0175,0.563,-0.017,-363654.5,0.513,-0.016,1.042,2.67,0,-0.016,-0.004,-0.016,0,13.13,-1.6,0.6,100,0
"2026-01-25 09:57:00",144099,"",7999,2026,1,25,9,51,5,-0.0103,0.552,-0.01,-363659.1,0.502,-0.01,1.021,2.71,0,-0.01,-0.001,-0.042,-0.017,13.14,-1.6,0.6,100,0
"2026-01-25 10:00:00",144100,"",7999,2026,1,25,9,51,5,-0.0103,0.552,-0.01,-363659.1,0.502,-0.01,1.021,2.71,0,-0.01,-0.001,-0.042,-0.017,13.14,-1.6,0.6,100,0
"2026-01-25 10:03:00",144101,"",7999,2026,1,25,9,57,5,-0.0018,0.554,-0.002,-363660.8,0.504,0,1.025,2.76,0,0,0,0.016,0,13.14,-1.6,0.6,100,0
"2026-01-25 10:06:00",144102,"",7999,2026,1,25,9,57,5,-0.0018,0.554,-0.002,-363660.8,0.504,0,1.025,2.76,0,0,0,0.016,0,13.14,-1.6,0.6,100,0
"2026-01-25 10:09:00",144103,"",7999,2026,1,25,10,3,5,-0.0055,0.54,-0.006,-363662.4,0.49,-0.005,1,2.77,0,-0.005,0,0.002,-0.014,13.14,-1.6,0.6,100,0
"2026-01-25 10:12:00",144104,"",7999,2026,1,25,10,3,5,-0.0055,0.54,-0.006,-363662.4,0.49,-0.005,1,2.77,0,-0.005,0,0.002,-0.014,13.14,-1.6,0.6,100,0
"2026-01-25 10:15:00",144105,"",7999,2026,1,25,10,9,5,-0.0031,0.553,-0.003,-363663.8,0.503,-0.002,1.024,2.78,0,-0.002,0,0.028,-0.012,13.14,-1.6,0.6,100,0
"2026-01-25 10:18:00",144106,"",7999,2026,1,25,10,9,5,-0.0031,0.553,-0.003,-363663.8,0.503,-0.002,1.024,2.78,0,-0.002,0,0.028,-0.012,13.14,-1.6,0.6,100,0
"2026-01-25 10:21:00",144107,"",7999,2026,1,25,10,15,5,-0.0025,0.542,-0.003,-363664.8,0.492,-0.001,1.003,2.79,0,-0.001,-0.001,-0.091,-0.012,13.14,-1.6,0.6,100,0
"2026-01-25 10:24:00",144108,"",7999,2026,1,25,10,15,5,-0.0025,0.542,-0.003,-363664.8,0.492,-0.001,1.003,2.79,0,-0.001,-0.001,-0.091,-0.012,13.14,-1.6,0.6,100,0
"2026-01-25 10:27:00",144109,"",7999,2026,1,25,10,21,5,-0.0034,0.537,-0.003,-363665.9,0.487,-0.002,0.994,2.79,0,-0.002,-0.001,0.007,-0.007,13.14,-1.6,0.6,100,0
"2026-01-25 10:30:00",144110,"",7999,2026,1,25,10,21,5,-0.0034,0.537,-0.003,-363665.9,0.487,-0.002,0.994,2.79,0,-0.002,-0.001,0.007,-0.007,13.14,-1.6,0.6,100,0
"2026-01-25 10:33:00",144111,"",7999,2026,1,25,10,27,5,0.0001,0.538,0,-363666.3,0.488,0.001,0.995,2.8,0,0.001,0.001,0.03,-0.007,13.14,-1.6,0.6,100,0
"2026-01-25 10:36:00",144112,"",7999,2026,1,25,10,27,5,0.0001,0.538,0,-363666.3,0.488,0.001,0.995,2.8,0,0.001,0.001,0.03,-0.007,13.14,-1.6,0.6,100,0
"2026-01-25 10:39:00",144113,"",7999,2026,1,25,10,33,5,-0.0034,0.548,-0.003,-363667.1,0.498,-0.002,1.014,2.81,0,-0.002,0.004,0,0.002,13.14,-1.6,0.6,100,0
"2026-01-25 10:42:00",144114,"",7999,2026,1,25,10,33,5,-0.0034,0.548,-0.003,-363667.1,0.498,-0.002,1.014,2.81,0,-0.002,0.004,0,0.002,13.14,-1.6,0.6,100,0
"2026-01-25 10:45:00",144115,"",7999,2026,1,25,10,39,5,0.0005,0.549,0.001,-363667.4,0.499,0,1.016,2.79,0,0,0,0.046,0,13.14,-1.6,0.6,100,0
"2026-01-25 10:48:00",144116,"",7999,2026,1,25,10,39,5,0.0005,0.549,0.001,-363667.4,0.499,0,1.016,2.79,0,0,0,0.046,0,13.14,-1.6,0.6,100,0
"2026-01-25 10:51:00",144117,"",7999,2026,1,25,10,45,5,0.0017,0.55,0.002,-363666.9,0.5,0.001,1.018,2.77,0,0.001,-0.001,-0.014,-0.002,13.14,-1.6,0.6,100,0
"2026-01-25 10:54:00",144118,"",7999,2026,1,25,10,45,5,0.0017,0.55,0.002,-363666.9,0.5,0.001,1.018,2.77,0,0.001,-0.001,-0.014,-0.002,13.14,-1.6,0.6,100,0
"2026-01-25 10:57:00",144119,"",7999,2026,1,25,10,51,5,-0.0022,0.546,-0.002,-363667.3,0.496,-0.001,1.011,2.72,0,-0.001,-0.001,-0.028,-0.005,13.14,-1.6,0.6,100,0
"2026-01-25 11:00:00",144120,"",7999,2026,1,25,10,51,5,-0.0022,0.546,-0.002,-363667.3,0.496,-0.001,1.011,2.72,0,-0.001,-0.001,-0.028,-0.005,13.14,-1.6,0.6,100,0
"2026-01-25 11:03:00",144121,"",7999,2026,1,25,10,57,5,-0.0024,0.548,-0.002,-363668.1,0.498,-0.002,1.015,2.7,0,-0.002,-0.001,-0.072,-0.024,13.14,-1.6,0.6,100,0
"2026-01-25 11:06:00",144122,"",7999,2026,1,25,10,57,5,-0.0024,0.548,-0.002,-363668.1,0.498,-0.002,1.015,2.7,0,-0.002,-0.001,-0.072,-0.024,13.14,-1.6,0.6,100,0
"2026-01-25 11:09:00",144123,"",7999,2026,1,25,11,3,5,-0.0035,0.541,-0.004,-363669.2,0.491,-0.002,1.001,2.74,0,-0.002,0.001,0.002,-0.026,13.14,-1.6,0.6,100,0
"2026-01-25 11:12:00",144124,"",7999,2026,1,25,11,3,5,-0.0035,0.541,-0.004,-363669.2,0.491,-0.002,1.001,2.74,0,-0.002,0.001,0.002,-0.026,13.14,-1.6,0.6,100,0
"2026-01-25 11:15:00",144125,"",7999,2026,1,25,11,9,5,-0.0023,0.544,-0.002,-363670.2,0.494,-0.002,1.007,2.78,0,-0.002,-0.001,0.026,-0.002,13.14,-1.6,0.6,100,0
"2026-01-25 11:18:00",144126,"",7999,2026,1,25,11,9,5,-0.0023,0.544,-0.002,-363670.2,0.494,-0.002,1.007,2.78,0,-0.002,-0.001,0.026,-0.002,13.14,-1.6,0.6,100,0
"2026-01-25 11:21:00",144127,"",7999,2026,1,25,11,15,5,-0.0013,0.544,-0.001,-363670.8,0.494,0,1.007,2.81,0,0,0,-0.007,-0.024,13.14,-1.6,0.6,100,0
"2026-01-25 11:24:00",144128,"",7999,2026,1,25,11,15,5,-0.0013,0.544,-0.001,-363670.8,0.494,0,1.007,2.81,0,0,0,-0.007,-0.024,13.14,-1.6,0.6,100,0
"2026-01-25 11:27:00",144129,"",7999,2026,1,25,11,21,5,-0.0007,0.536,-0.001,-363671.2,0.486,-0.001,0.993,2.83,0,-0.001,0.002,-0.026,-0.014,13.14,-1.6,0.6,100,0
"2026-01-25 11:30:00",144130,"",7999,2026,1,25,11,21,5,-0.0007,0.536,-0.001,-363671.2,0.486,-0.001,0.993,2.83,0,-0.001,0.002,-0.026,-0.014,13.14,-1.6,0.6,100,0
"2026-01-25 11:33:00",144131,"",7999,2026,1,25,11,27,5,-0.0025,0.534,-0.003,-363671.9,0.484,-0.001,0.988,2.84,0,-0.001,0.001,-0.009,-0.002,13.14,-1.6,0.6,100,0
"2026-01-25 11:36:00",144132,"",7999,2026,1,25,11,27,5,-0.0025,0.534,-0.003,-363671.9,0.484,-0.001,0.988,2.84,0,-0.001,0.001,-0.009,-0.002,13.14,-1.6,0.6,100,0
"2026-01-25 11:39:00",144133,"",7999,2026,1,25,11,33,5,-0.0019,0.536,-0.002,-363672.6,0.486,-0.001,0.991,2.86,0,-0.001,-0.001,0.014,-0.021,13.14,-1.6,0.6,100,0
"2026-01-25 11:42:00",144134,"",7999,2026,1,25,11,33,5,-0.0019,0.536,-0.002,-363672.6,0.486,-0.001,0.991,2.86,0,-0.001,-0.001,0.014,-0.021,13.14,-1.6,0.6,100,0
"2026-01-25 11:45:00",144135,"",7999,2026,1,25,11,39,5,-0.0001,0.531,0,-363672.9,0.481,0,0.983,2.85,0,0,0.001,-0.03,-0.019,13.14,-1.6,0.6,100,0
"2026-01-25 11:48:00",144136,"",7999,2026,1,25,11,39,5,-0.0001,0.531,0,-363672.9,0.481,0,0.983,2.85,0,0,0.001,-0.03,-0.019,13.14,-1.6,0.6,100,0
"2026-01-25 11:51:00",144137,"",7999,2026,1,25,11,45,5,-0.0016,0.531,-0.002,-363673.3,0.481,-0.001,0.983,2.85,0,-0.001,-0.001,-0.014,-0.014,13.14,-1.6,0.6,100,0
"2026-01-25 11:54:00",144138,"",7999,2026,1,25,11,45,5,-0.0016,0.531,-0.002,-363673.3,0.481,-0.001,0.983,2.85,0,-0.001,-0.001,-0.014,-0.014,13.14,-1.6,0.6,100,0
"2026-01-25 11:57:00",144139,"",7999,2026,1,25,11,51,5,-0,0.522,0,-363673.5,0.472,0,0.967,2.85,0,0,0.001,-0.04,-0.021,13.14,-1.6,0.6,100,0
"2026-01-25 12:00:00",144140,"",7999,2026,1,25,11,51,5,-0,0.522,0,-363673.5,0.472,0,0.967,2.85,0,0,0.001,-0.04,-0.021,13.14,-1.6,0.6,100,0
"2026-01-25 12:03:00",144141,"",7999,2026,1,25,11,57,5,-0.0011,0.516,-0.001,-363673.8,0.466,-0.001,0.955,2.85,0,-0.001,0.002,0.005,-0.002,13.14,-1.6,0.6,100,0
"2026-01-25 12:06:00",144142,"",7999,2026,1,25,11,57,5,-0.0011,0.516,-0.001,-363673.8,0.466,-0.001,0.955,2.85,0,-0.001,0.002,0.005,-0.002,13.14,-1.6,0.6,100,0
"2026-01-25 12:09:00",144143,"",7999,2026,1,25,12,3,5,-0.0022,0.51,-0.002,-363674.5,0.46,0,0.943,2.87,0,0,0,0.04,-0.005,13.14,-1.6,0.6,100,0
"2026-01-25 12:12:00",144144,"",7999,2026,1,25,12,3,5,-0.0022,0.51,-0.002,-363674.5,0.46,0,0.943,2.87,0,0,0,0.04,-0.005,13.14,-1.6,0.6,100,0
"2026-01-25 12:15:00",144145,"",7999,2026,1,25,12,9,5,-0.0037,0.505,-0.004,-363675.7,0.455,-0.002,0.934,2.89,0,-0.002,0,-0.03,0,13.14,-1.6,0.6,100,0
"2026-01-25 12:18:00",144146,"",7999,2026,1,25,12,9,5,-0.0037,0.505,-0.004,-363675.7,0.455,-0.002,0.934,2.89,0,-0.002,0,-0.03,0,13.14,-1.6,0.6,100,0
"2026-01-25 12:21:00",144147,"",7999,2026,1,25,12,15,5,-0.004,0.497,-0.004,-363677.1,0.447,-0.004,0.92,2.9,0,-0.004,0.001,-0.014,-0.007,13.14,-1.6,0.6,98,0
"2026-01-25 12:24:00",144148,"",7999,2026,1,25,12,15,5,-0.004,0.497,-0.004,-363677.1,0.447,-0.004,0.92,2.9,0,-0.004,0.001,-0.014,-0.007,13.14,-1.6,0.6,98,0
"2026-01-25 12:27:00",144149,"",7999,2026,1,25,12,21,5,-0.0007,0.498,-0.001,-363677.8,0.448,-0.001,0.922,2.9,0,-0.001,0.001,-0.04,-0.017,13.14,-1.6,0.6,100,0
"2026-01-25 12:30:00",144150,"",7999,2026,1,25,12,21,5,-0.0007,0.498,-0.001,-363677.8,0.448,-0.001,0.922,2.9,0,-0.001,0.001,-0.04,-0.017,13.14,-1.6,0.6,100,0
"2026-01-25 12:33:00",144151,"",7999,2026,1,25,12,27,5,-0.0022,0.494,-0.002,-363678.4,0.444,-0.001,0.914,2.93,0,-0.001,-0.001,0.012,-0.007,13.14,-1.6,0.6,100,0
"2026-01-25 12:36:00",144152,"",7999,2026,1,25,12,27,5,-0.0022,0.494,-0.002,-363678.4,0.444,-0.001,0.914,2.93,0,-0.001,-0.001,0.012,-0.007,13.14,-1.6,0.6,100,0
"2026-01-25 12:39:00",144153,"",7999,2026,1,25,12,33,5,-0.0024,0.49,-0.003,-363679.3,0.44,-0.001,0.907,2.95,0,-0.001,0.001,0.023,0.014,13.14,-1.6,0.6,99,0
"2026-01-25 12:42:00",144154,"",7999,2026,1,25,12,33,5,-0.0024,0.49,-0.003,-363679.3,0.44,-0.001,0.907,2.95,0,-0.001,0.001,0.023,0.014,13.14,-1.6,0.6,99,0
"2026-01-25 12:45:00",144155,"",7999,2026,1,25,12,39,5,-0.0016,0.494,-0.002,-363679.9,0.444,-0.001,0.915,2.96,0,-0.001,-0.001,0.009,-0.009,13.14,-1.6,0.6,100,0
"2026-01-25 12:48:00",144156,"",7999,2026,1,25,12,39,5,-0.0016,0.494,-0.002,-363679.9,0.444,-0.001,0.915,2.96,0,-0.001,-0.001,0.009,-0.009,13.14,-1.6,0.6,100,0
"2026-01-25 12:51:00",144157,"",7999,2026,1,25,12,45,5,0.0001,0.499,0,-363680.1,0.449,0,0.923,2.97,0,0,-0.001,-0.009,0,13.14,-1.6,0.6,100,0
"2026-01-25 12:54:00",144158,"",7999,2026,1,25,12,45,5,0.0001,0.499,0,-363680.1,0.449,0,0.923,2.97,0,0,-0.001,-0.009,0,13.14,-1.6,0.6,100,0
"2026-01-25 12:57:00",144159,"",7999,2026,1,25,12,51,5,-0.0004,0.499,-0.001,-363680.2,0.449,0,0.924,2.95,0,0,0,0.014,-0.007,13.14,-1.6,0.6,100,0
"2026-01-25 13:00:00",144160,"",7999,2026,1,25,12,51,5,-0.0004,0.499,-0.001,-363680.2,0.449,0,0.924,2.95,0,0,0,0.014,-0.007,13.14,-1.6,0.6,100,0
"2026-01-25 13:03:00",144161,"",7999,2026,1,25,12,57,5,-0.0016,0.495,-0.002,-363680.7,0.445,-0.001,0.917,2.88,0,-0.001,0.001,0.033,-0.026,13.14,-1.6,0.6,99,0
"2026-01-25 13:06:00",144162,"",7999,2026,1,25,12,57,5,-0.0016,0.495,-0.002,-363680.7,0.445,-0.001,0.917,2.88,0,-0.001,0.001,0.033,-0.026,13.14,-1.6,0.6,99,0
"2026-01-25 13:09:00",144163,"",7999,2026,1,25,13,3,5,-0.0022,0.489,-0.002,-363681.4,0.439,-0.001,0.906,2.81,0,-0.001,0.001,0.056,-0.002,13.14,-1.6,0.6,100,0
"2026-01-25 13:12:00",144164,"",7999,2026,1,25,13,3,5,-0.0022,0.489,-0.002,-363681.4,0.439,-0.001,0.906,2.81,0,-0.001,0.001,0.056,-0.002,13.14,-1.6,0.6,100,0
"2026-01-25 13:15:00",144165,"",7999,2026,1,25,13,9,5,-0.0039,0.486,-0.004,-363682.6,0.436,-0.004,0.9,2.81,0,-0.004,-0.001,0.067,-0.014,13.14,-1.6,0.6,100,0
"2026-01-25 13:18:00",144166,"",7999,2026,1,25,13,9,5,-0.0039,0.486,-0.004,-363682.6,0.436,-0.004,0.9,2.81,0,-0.004,-0.001,0.067,-0.014,13.14,-1.6,0.6,100,0
"2026-01-25 13:21:00",144167,"",7999,2026,1,25,13,15,5,0.0003,0.494,0,-363683,0.444,0,0.914,2.85,0,0,0.001,-0.035,-0.007,13.14,-1.6,0.6,100,0
"2026-01-25 13:24:00",144168,"",7999,2026,1,25,13,15,5,0.0003,0.494,0,-363683,0.444,0,0.914,2.85,0,0,0.001,-0.035,-0.007,13.14,-1.6,0.6,100,0
"2026-01-25 13:27:00",144169,"",7999,2026,1,25,13,21,5,0.0005,0.504,0.001,-363682.8,0.454,0,0.932,2.9,0,0,0,-0.03,-0.002,13.14,-1.6,0.6,100,0
"2026-01-25 13:30:00",144170,"",7999,2026,1,25,13,21,5,0.0005,0.504,0.001,-363682.8,0.454,0,0.932,2.9,0,0,0,-0.03,-0.002,13.14,-1.6,0.6,100,0
"2026-01-25 13:33:00",144171,"",7999,2026,1,25,13,27,5,0.0002,0.506,0,-363682.7,0.456,0,0.937,2.9,0,0,0,0.009,0.002,13.14,-1.6,0.6,100,0
"2026-01-25 13:36:00",144172,"",7999,2026,1,25,13,27,5,0.0002,0.506,0,-363682.7,0.456,0,0.937,2.9,0,0,0,0.009,0.002,13.14,-1.6,0.6,100,0
"2026-01-25 13:39:00",144173,"",7999,2026,1,25,13,33,5,-0.0002,0.493,0,-363682.7,0.443,0,0.913,2.85,0,0,0,0.023,-0.005,13.14,-1.6,0.6,100,0
"2026-01-25 13:42:00",144174,"",7999,2026,1,25,13,33,5,-0.0002,0.493,0,-363682.7,0.443,0,0.913,2.85,0,0,0,0.023,-0.005,13.14,-1.6,0.6,100,0
"2026-01-25 13:45:00",144175,"",7999,2026,1,25,13,39,5,-0.0023,0.487,-0.003,-363683.3,0.437,-0.001,0.901,2.81,0,-0.001,0.001,-0.016,0,13.14,-1.6,0.6,100,0
"2026-01-25 13:48:00",144176,"",7999,2026,1,25,13,39,5,-0.0023,0.487,-0.003,-363683.3,0.437,-0.001,0.901,2.81,0,-0.001,0.001,-0.016,0,13.14,-1.6,0.6,100,0
"2026-01-25 13:51:00",144177,"",7999,2026,1,25,13,45,5,-0.0019,0.479,-0.002,-363684,0.429,0,0.886,2.83,0,0,0,0.019,0.007,13.14,-1.6,0.6,100,0
"2026-01-25 13:54:00",144178,"",7999,2026,1,25,13,45,5,-0.0019,0.479,-0.002,-363684,0.429,0,0.886,2.83,0,0,0,0.019,0.007,13.14,-1.6,0.6,100,0
"2026-01-25 13:57:00",144179,"",7999,2026,1,25,13,51,5,-0.0012,0.474,-0.001,-363684.6,0.424,0,0.877,2.85,0,0,0,-0.007,-0.007,13.14,-1.6,0.6,100,0
"2026-01-25 14:00:00",144180,"",7999,2026,1,25,13,51,5,-0.0012,0.474,-0.001,-363684.6,0.424,0,0.877,2.85,0,0,0,-0.007,-0.007,13.14,-1.6,0.6,100,0
"2026-01-25 14:03:00",144181,"",7999,2026,1,25,13,57,5,-0.0046,0.469,-0.005,-363685.8,0.419,-0.005,0.868,2.87,0,-0.005,0,-0.019,-0.005,13.14,-1.6,0.6,100,0
"2026-01-25 14:06:00",144182,"",7999,2026,1,25,13,57,5,-0.0046,0.469,-0.005,-363685.8,0.419,-0.005,0.868,2.87,0,-0.005,0,-0.019,-0.005,13.14,-1.6,0.6,100,0
"2026-01-25 14:09:00",144183,"",7999,2026,1,25,14,3,5,-0.0012,0.465,-0.001,-363686.7,0.415,-0.001,0.861,2.91,0,-0.001,0.001,0.028,-0.021,13.14,-1.6,0.6,100,0
"2026-01-25 14:12:00",144184,"",7999,2026,1,25,14,3,5,-0.0012,0.465,-0.001,-363686.7,0.415,-0.001,0.861,2.91,0,-0.001,0.001,0.028,-0.021,13.14,-1.6,0.6,100,0
"2026-01-25 14:15:00",144185,"",7999,2026,1,25,14,9,5,-0.0005,0.461,-0.001,-363687,0.411,-0.001,0.854,2.93,0,-0.001,0.002,-0.007,-0.009,13.14,-1.6,0.6,99,0
"2026-01-25 14:18:00",144186,"",7999,2026,1,25,14,9,5,-0.0005,0.461,-0.001,-363687,0.411,-0.001,0.854,2.93,0,-0.001,0.002,-0.007,-0.009,13.14,-1.6,0.6,99,0
"2026-01-25 14:21:00",144187,"",7999,2026,1,25,14,15,5,-0.0013,0.458,-0.002,-363687.3,0.408,-0.001,0.847,2.96,0,-0.001,0.001,-0.016,0.005,13.14,-1.6,0.6,100,0
"2026-01-25 14:24:00",144188,"",7999,2026,1,25,14,15,5,-0.0013,0.458,-0.002,-363687.3,0.408,-0.001,0.847,2.96,0,-0.001,0.001,-0.016,0.005,13.14,-1.6,0.6,100,0
"2026-01-25 14:27:00",144189,"",7999,2026,1,25,14,21,5,0,0.454,0,-363687.5,0.404,0,0.841,2.99,0,0,-0.003,0.023,-0.014,13.14,-1.6,0.6,99,0
"2026-01-25 14:30:00",144190,"",7999,2026,1,25,14,21,5,0,0.454,0,-363687.5,0.404,0,0.841,2.99,0,0,-0.003,0.023,-0.014,13.14,-1.6,0.6,99,0
"2026-01-25 14:33:00",144191,"",7999,2026,1,25,14,27,5,-0.0028,0.452,-0.003,-363688.2,0.402,-0.002,0.837,3,0,-0.002,0.001,-0.053,0,13.14,-1.6,0.6,100,0
"2026-01-25 14:36:00",144192,"",7999,2026,1,25,14,27,5,-0.0028,0.452,-0.003,-363688.2,0.402,-0.002,0.837,3,0,-0.002,0.001,-0.053,0,13.14,-1.6,0.6,100,0
"2026-01-25 14:39:00",144193,"",7999,2026,1,25,14,33,5,-0.0006,0.45,-0.001,-363688.7,0.4,0,0.834,3,0,0,0,-0.026,0.009,13.14,-1.6,0.6,100,0
"2026-01-25 14:42:00",144194,"",7999,2026,1,25,14,33,5,-0.0006,0.45,-0.001,-363688.7,0.4,0,0.834,3,0,0,0,-0.026,0.009,13.14,-1.6,0.6,100,0
"2026-01-25 14:45:00",144195,"",7999,2026,1,25,14,39,5,-0.0021,0.448,-0.003,-363689.3,0.398,-0.001,0.83,3.02,0,-0.001,0.001,0.009,-0.007,13.14,-1.6,0.6,100,0
"2026-01-25 14:48:00",144196,"",7999,2026,1,25,14,39,5,-0.0021,0.448,-0.003,-363689.3,0.398,-0.001,0.83,3.02,0,-0.001,0.001,0.009,-0.007,13.14,-1.6,0.6,100,0
"2026-01-25 14:51:00",144197,"",7999,2026,1,25,14,45,5,-0.0003,0.447,0,-363689.6,0.397,0,0.828,3.03,0,0,0.001,0,-0.007,13.14,-1.7,0.6,100,0
"2026-01-25 14:54:00",144198,"",7999,2026,1,25,14,45,5,-0.0003,0.447,0,-363689.6,0.397,0,0.828,3.03,0,0,0.001,0,-0.007,13.14,-1.7,0.6,100,0
"2026-01-25 14:57:00",144199,"",7999,2026,1,25,14,51,5,-0.0021,0.446,-0.003,-363690.2,0.396,-0.002,0.826,3.05,0,-0.002,0,0.037,0.007,13.14,-1.6,0.6,99,0
"2026-01-25 15:00:00",144200,"",7999,2026,1,25,14,51,5,-0.0021,0.446,-0.003,-363690.2,0.396,-0.002,0.826,3.05,0,-0.002,0,0.037,0.007,13.14,-1.6,0.6,99,0
"2026-01-25 15:03:00",144201,"",7999,2026,1,25,14,57,5,-0.0028,0.447,-0.003,-363691.1,0.397,-0.004,0.827,3.07,0,-0.004,-0.001,-0.037,-0.014,13.14,-1.7,0.6,99,0
"2026-01-25 15:06:00",144202,"",7999,2026,1,25,14,57,5,-0.0028,0.447,-0.003,-363691.1,0.397,-0.004,0.827,3.07,0,-0.004,-0.001,-0.037,-0.014,13.14,-1.7,0.6,99,0
"2026-01-25 15:09:00",144203,"",7999,2026,1,25,15,3,5,-0.0003,0.449,0,-363691.5,0.399,0,0.831,3.08,0,0,0.001,0.056,-0.014,13.14,-1.6,0.6,100,0
"2026-01-25 15:12:00",144204,"",7999,2026,1,25,15,3,5,-0.0003,0.449,0,-363691.5,0.399,0,0.831,3.08,0,0,0.001,0.056,-0.014,13.14,-1.6,0.6,100,0
"2026-01-25 15:15:00",144205,"",7999,2026,1,25,15,9,5,0.0012,0.452,0.002,-363691.3,0.402,0.001,0.836,3.11,0,0.001,0.002,-0.04,-0.017,13.14,-1.6,0.6,100,0
"2026-01-25 15:18:00",144206,"",7999,2026,1,25,15,9,5,0.0012,0.452,0.002,-363691.3,0.402,0.001,0.836,3.11,0,0.001,0.002,-0.04,-0.017,13.14,-1.6,0.6,100,0
"2026-01-25 15:21:00",144207,"",7999,2026,1,25,15,15,5,-0.0018,0.454,-0.002,-363691.6,0.404,-0.001,0.841,3.12,0,-0.001,0.001,-0.007,-0.005,13.14,-1.7,0.6,100,0
"2026-01-25 15:24:00",144208,"",7999,2026,1,25,15,15,5,-0.0018,0.454,-0.002,-363691.6,0.404,-0.001,0.841,3.12,0,-0.001,0.001,-0.007,-0.005,13.14,-1.7,0.6,100,0
"2026-01-25 15:27:00",144209,"",7999,2026,1,25,15,21,5,-0.0007,0.461,-0.001,-363692,0.411,-0.001,0.854,3.13,0,-0.001,0.001,0,-0.009,13.14,-1.7,0.6,100,0
"2026-01-25 15:30:00",144210,"",7999,2026,1,25,15,21,5,-0.0007,0.461,-0.001,-363692,0.411,-0.001,0.854,3.13,0,-0.001,0.001,0,-0.009,13.14,-1.7,0.6,100,0
"2026-01-25 15:33:00",144211,"",7999,2026,1,25,15,27,5,0.0008,0.47,0.001,-363691.8,0.42,0,0.869,3.16,0,0,0,-0.014,-0.005,13.14,-1.7,0.6,100,0
"2026-01-25 15:36:00",144212,"",7999,2026,1,25,15,27,5,0.0008,0.47,0.001,-363691.8,0.42,0,0.869,3.16,0,0,0,-0.014,-0.005,13.14,-1.7,0.6,100,0
"2026-01-25 15:39:00",144213,"",7999,2026,1,25,15,33,5,0.0021,0.472,0.003,-363691.2,0.422,0.002,0.873,3.12,0,0.002,0.001,-0.005,-0.014,13.14,-1.6,0.6,100,0
"2026-01-25 15:42:00",144214,"",7999,2026,1,25,15,33,5,0.0021,0.472,0.003,-363691.2,0.422,0.002,0.873,3.12,0,0.002,0.001,-0.005,-0.014,13.14,-1.6,0.6,100,0
"2026-01-25 15:45:00",144215,"",7999,2026,1,25,15,39,5,-0.0028,0.469,-0.003,-363691.6,0.419,-0.002,0.869,3.02,0,-0.002,0,0.037,-0.028,13.14,-1.6,0.6,100,0
"2026-01-25 15:48:00",144216,"",7999,2026,1,25,15,39,5,-0.0028,0.469,-0.003,-363691.6,0.419,-0.002,0.869,3.02,0,-0.002,0,0.037,-0.028,13.14,-1.6,0.6,100,0
"2026-01-25 15:51:00",144217,"",7999,2026,1,25,15,45,5,-0.0024,0.467,-0.003,-363692.6,0.417,-0.002,0.864,2.97,0,-0.002,0,-0.03,-0.021,13.14,-1.6,0.6,100,0
"2026-01-25 15:54:00",144218,"",7999,2026,1,25,15,45,5,-0.0024,0.467,-0.003,-363692.6,0.417,-0.002,0.864,2.97,0,-0.002,0,-0.03,-0.021,13.14,-1.6,0.6,100,0
"2026-01-25 15:57:00",144219,"",7999,2026,1,25,15,51,5,0.0002,0.465,0,-363692.8,0.415,0.001,0.861,3.01,0,0.001,0.001,0.016,-0.002,13.14,-1.6,0.6,100,0
"2026-01-25 16:00:00",144220,"",7999,2026,1,25,15,51,5,0.0002,0.465,0,-363692.8,0.415,0.001,0.861,3.01,0,0.001,0.001,0.016,-0.002,13.14,-1.6,0.6,100,0
"2026-01-25 16:03:00",144221,"",7999,2026,1,25,15,57,5,-0.0004,0.465,0,-363692.9,0.415,0,0.86,3.04,0,0,0,-0.033,-0.007,13.14,-1.6,0.6,100,0
"2026-01-25 16:06:00",144222,"",7999,2026,1,25,15,57,5,-0.0004,0.465,0,-363692.9,0.415,0,0.86,3.04,0,0,0,-0.033,-0.007,13.14,-1.6,0.6,100,0
"2026-01-25 16:09:00",144223,"",7999,2026,1,25,16,3,5,0.0037,0.463,0.004,-363692,0.413,0.004,0.856,3.07,0,0.004,0.001,0.009,-0.014,13.14,-1.6,0.6,100,0
"2026-01-25 16:12:00",144224,"",7999,2026,1,25,16,3,5,0.0037,0.463,0.004,-363692,0.413,0.004,0.856,3.07,0,0.004,0.001,0.009,-0.014,13.14,-1.6,0.6,100,0
"2026-01-25 16:15:00",144225,"",7999,2026,1,25,16,9,5,-0.0009,0.461,-0.001,-363691.8,0.411,0,0.852,3.07,0,0,0,0.002,-0.002,13.14,-1.6,0.6,100,0
"2026-01-25 16:18:00",144226,"",7999,2026,1,25,16,9,5,-0.0009,0.461,-0.001,-363691.8,0.411,0,0.852,3.07,0,0,0,0.002,-0.002,13.14,-1.6,0.6,100,0
"2026-01-25 16:21:00",144227,"",7999,2026,1,25,16,15,5,-0.0013,0.465,-0.002,-363692.3,0.415,-0.001,0.861,3.07,0,-0.001,0.001,0.028,0.005,13.14,-1.6,0.6,100,0
"2026-01-25 16:24:00",144228,"",7999,2026,1,25,16,15,5,-0.0013,0.465,-0.002,-363692.3,0.415,-0.001,0.861,3.07,0,-0.001,0.001,0.028,0.005,13.14,-1.6,0.6,100,0
"2026-01-25 16:27:00",144229,"",7999,2026,1,25,16,21,5,-0.0009,0.47,-0.001,-363692.6,0.42,0,0.869,3.03,0,0,0,-0.012,0.002,13.14,-1.6,0.6,100,0
"2026-01-25 16:30:00",144230,"",7999,2026,1,25,16,21,5,-0.0009,0.47,-0.001,-363692.6,0.42,0,0.869,3.03,0,0,0,-0.012,0.002,13.14,-1.6,0.6,100,0
"2026-01-25 16:33:00",144231,"",7999,2026,1,25,16,27,5,-0.0001,0.476,0,-363692.8,0.426,0,0.881,2.99,0,0,0,0,-0.007,13.14,-1.6,0.6,100,0
"2026-01-25 16:36:00",144232,"",7999,2026,1,25,16,27,5,-0.0001,0.476,0,-363692.8,0.426,0,0.881,2.99,0,0,0,0,-0.007,13.14,-1.6,0.6,100,0
"2026-01-25 16:39:00",144233,"",7999,2026,1,25,16,33,5,-0.0005,0.477,-0.001,-363692.9,0.427,0,0.883,2.96,0,0,0,0.007,0.005,13.14,-1.6,0.6,100,0
"2026-01-25 16:42:00",144234,"",7999,2026,1,25,16,33,5,-0.0005,0.477,-0.001,-363692.9,0.427,0,0.883,2.96,0,0,0,0.007,0.005,13.14,-1.6,0.6,100,0
"2026-01-25 16:45:00",144235,"",7999,2026,1,25,16,39,5,0.0001,0.483,0,-363693,0.433,0,0.895,2.95,0,0,0,0.009,-0.012,13.14,-1.6,0.6,100,0
"2026-01-25 16:48:00",144236,"",7999,2026,1,25,16,39,5,0.0001,0.483,0,-363693,0.433,0,0.895,2.95,0,0,0,0.009,-0.012,13.14,-1.6,0.6,100,0
"2026-01-25 16:51:00",144237,"",7999,2026,1,25,16,45,5,0.0032,0.495,0.004,-363692.2,0.445,0.004,0.916,2.96,0,0.004,0.002,0.009,-0.017,13.14,-1.6,0.6,100,0
"2026-01-25 16:54:00",144238,"",7999,2026,1,25,16,45,5,0.0032,0.495,0.004,-363692.2,0.445,0.004,0.916,2.96,0,0.004,0.002,0.009,-0.017,13.14,-1.6,0.6,100,0
"2026-01-25 16:57:00",144239,"",7999,2026,1,25,16,51,5,-0.0046,0.508,-0.005,-363692.9,0.458,-0.005,0.939,3,0,-0.005,-0.002,0.023,-0.014,13.14,-1.6,0.6,100,0
"2026-01-25 17:00:00",144240,"",7999,2026,1,25,16,51,5,-0.0046,0.508,-0.005,-363692.9,0.458,-0.005,0.939,3,0,-0.005,-0.002,0.023,-0.014,13.14,-1.6,0.6,100,0
"2026-01-25 17:03:00",144241,"",7999,2026,1,25,16,57,5,0.0117,0.523,0.012,-363690.7,0.473,0.011,0.968,2.96,0,0.011,0.002,-0.002,0.005,13.14,-1.6,0.6,100,0
"2026-01-25 17:06:00",144242,"",7999,2026,1,25,16,57,5,0.0117,0.523,0.012,-363690.7,0.473,0.011,0.968,2.96,0,0.011,0.002,-0.002,0.005,13.14,-1.6,0.6,100,0
"2026-01-25 17:09:00",144243,"",7999,2026,1,25,17,3,5,0.0044,0.535,0.004,-363688.2,0.485,0.004,0.99,2.85,0,0.004,0.001,-0.012,0,13.14,-1.6,0.6,100,0
"2026-01-25 17:12:00",144244,"",7999,2026,1,25,17,3,5,0.0044,0.535,0.004,-363688.2,0.485,0.004,0.99,2.85,0,0.004,0.001,-0.012,0,13.14,-1.6,0.6,100,0
"2026-01-25 17:15:00",144245,"",7999,2026,1,25,17,9,5,0.006,0.547,0.006,-363686.2,0.497,0.005,1.012,2.77,0,0.005,0,0.009,0.005,13.14,-1.7,0.6,100,0
"2026-01-25 17:18:00",144246,"",7999,2026,1,25,17,9,5,0.006,0.547,0.006,-363686.2,0.497,0.005,1.012,2.77,0,0.005,0,0.009,0.005,13.14,-1.7,0.6,100,0
"2026-01-25 17:21:00",144247,"",7999,2026,1,25,17,15,5,0.0148,0.571,0.014,-363681.9,0.521,0.013,1.056,2.75,0,0.013,0.004,0.026,-0.007,13.14,-1.8,0.6,100,0
"2026-01-25 17:24:00",144248,"",7999,2026,1,25,17,15,5,0.0148,0.571,0.014,-363681.9,0.521,0.013,1.056,2.75,0,0.013,0.004,0.026,-0.007,13.14,-1.8,0.6,100,0
"2026-01-25 17:27:00",144249,"",7999,2026,1,25,17,21,5,0.0109,0.583,0.01,-363677.5,0.533,0.01,1.079,2.8,0,0.01,0.001,0.009,0,13.14,-1.8,0.6,100,0
"2026-01-25 17:30:00",144250,"",7999,2026,1,25,17,21,5,0.0109,0.583,0.01,-363677.5,0.533,0.01,1.079,2.8,0,0.01,0.001,0.009,0,13.14,-1.8,0.6,100,0
"2026-01-25 17:33:00",144251,"",7999,2026,1,25,17,27,5,0.0075,0.583,0.007,-363674.3,0.533,0.006,1.079,2.8,0,0.006,0.001,0,-0.017,13.14,-1.8,0.6,100,0
"2026-01-25 17:36:00",144252,"",7999,2026,1,25,17,27,5,0.0075,0.583,0.007,-363674.3,0.533,0.006,1.079,2.8,0,0.006,0.001,0,-0.017,13.14,-1.8,0.6,100,0
"2026-01-25 17:39:00",144253,"",7999,2026,1,25,17,33,5,0.0038,0.587,0.004,-363672.5,0.537,0.002,1.086,2.73,0,0.002,0,0.065,-0.021,13.14,-1.8,0.6,100,0
"2026-01-25 17:42:00",144254,"",7999,2026,1,25,17,33,5,0.0038,0.587,0.004,-363672.5,0.537,0.002,1.086,2.73,0,0.002,0,0.065,-0.021,13.14,-1.8,0.6,100,0
"2026-01-25 17:45:00",144255,"",7999,2026,1,25,17,39,5,0.0021,0.588,0.002,-363671.6,0.538,0.001,1.088,2.68,0,0.001,-0.001,-0.009,-0.007,13.14,-1.8,0.6,100,0
"2026-01-25 17:48:00",144256,"",7999,2026,1,25,17,39,5,0.0021,0.588,0.002,-363671.6,0.538,0.001,1.088,2.68,0,0.001,-0.001,-0.009,-0.007,13.14,-1.8,0.6,100,0
"2026-01-25 17:51:00",144257,"",7999,2026,1,25,17,45,5,0.0038,0.586,0.004,-363670.4,0.536,0.002,1.085,2.62,0,0.002,0,0.046,-0.007,13.14,-1.8,0.6,100,0
"2026-01-25 17:54:00",144258,"",7999,2026,1,25,17,45,5,0.0038,0.586,0.004,-363670.4,0.536,0.002,1.085,2.62,0,0.002,0,0.046,-0.007,13.14,-1.8,0.6,100,0
"2026-01-25 17:57:00",144259,"",7999,2026,1,25,17,51,5,-0.0017,0.587,-0.002,-363670.3,0.537,-0.001,1.087,2.61,0,-0.001,0.001,0.012,-0.012,13.14,-1.8,0.6,100,0
"2026-01-25 18:00:00",144260,"",7999,2026,1,25,17,51,5,-0.0017,0.587,-0.002,-363670.3,0.537,-0.001,1.087,2.61,0,-0.001,0.001,0.012,-0.012,13.14,-1.8,0.6,100,0
"2026-01-25 18:03:00",144261,"",7999,2026,1,25,17,57,5,-0.0008,0.582,-0.001,-363670.8,0.532,0,1.077,2.59,0,0,0,-0.005,-0.009,13.14,-1.8,0.6,100,0
"2026-01-25 18:06:00",144262,"",7999,2026,1,25,17,57,5,-0.0008,0.582,-0.001,-363670.8,0.532,0,1.077,2.59,0,0,0,-0.005,-0.009,13.14,-1.8,0.6,100,0
"2026-01-25 18:09:00",144263,"",7999,2026,1,25,18,3,5,0.0001,0.585,0,-363670.8,0.535,0,1.082,2.6,0,0,0,0.009,-0.012,13.14,-1.8,0.6,100,0
"2026-01-25 18:12:00",144264,"",7999,2026,1,25,18,3,5,0.0001,0.585,0,-363670.8,0.535,0,1.082,2.6,0,0,0,0.009,-0.012,13.14,-1.8,0.6,100,0
"2026-01-25 18:15:00",144265,"",7999,2026,1,25,18,9,5,0.005,0.583,0.005,-363669.6,0.533,0.004,1.079,2.55,0,0.004,0.002,0,-0.009,13.14,-1.8,0.6,100,0
"2026-01-25 18:18:00",144266,"",7999,2026,1,25,18,9,5,0.005,0.583,0.005,-363669.6,0.533,0.004,1.079,2.55,0,0.004,0.002,0,-0.009,13.14,-1.8,0.6,100,0
"2026-01-25 18:21:00",144267,"",7999,2026,1,25,18,15,5,0.0048,0.589,0.004,-363667.8,0.539,0.002,1.089,2.55,0,0.002,0.001,0.007,0.005,13.14,-1.8,0.6,100,0
"2026-01-25 18:24:00",144268,"",7999,2026,1,25,18,15,5,0.0048,0.589,0.004,-363667.8,0.539,0.002,1.089,2.55,0,0.002,0.001,0.007,0.005,13.14,-1.8,0.6,100,0
"2026-01-25 18:27:00",144269,"",7999,2026,1,25,18,21,5,0.0045,0.593,0.004,-363666.2,0.543,0.002,1.097,2.56,0,0.002,0.001,0.014,0,13.14,-1.8,0.6,100,0
"2026-01-25 18:30:00",144270,"",7999,2026,1,25,18,21,5,0.0045,0.593,0.004,-363666.2,0.543,0.002,1.097,2.56,0,0.002,0.001,0.014,0,13.14,-1.8,0.6,100,0
"2026-01-25 18:33:00",144271,"",7999,2026,1,25,18,27,5,-0.0088,0.582,-0.008,-363667.8,0.532,-0.008,1.077,2.56,0,-0.008,-0.001,-0.002,-0.019,13.14,-1.8,0.6,100,0
"2026-01-25 18:36:00",144272,"",7999,2026,1,25,18,27,5,-0.0088,0.582,-0.008,-363667.8,0.532,-0.008,1.077,2.56,0,-0.008,-0.001,-0.002,-0.019,13.14,-1.8,0.6,100,0
"2026-01-25 18:39:00",144273,"",7999,2026,1,25,18,33,5,0.0109,0.595,0.01,-363666.2,0.545,0.01,1.101,2.51,0,0.01,-0.001,0.016,0,13.14,-1.7,0.6,100,0
"2026-01-25 18:42:00",144274,"",7999,2026,1,25,18,33,5,0.0109,0.595,0.01,-363666.2,0.545,0.01,1.101,2.51,0,0.01,-0.001,0.016,0,13.14,-1.7,0.6,100,0
"2026-01-25 18:45:00",144275,"",7999,2026,1,25,18,39,5,0.015,0.598,0.014,-363661.3,0.548,0.013,1.107,2.53,0,0.013,-0.001,-0.023,0.005,13.14,-1.7,0.6,100,0
"2026-01-25 18:48:00",144276,"",7999,2026,1,25,18,39,5,0.015,0.598,0.014,-363661.3,0.548,0.013,1.107,2.53,0,0.013,-0.001,-0.023,0.005,13.14,-1.7,0.6,100,0
"2026-01-25 18:51:00",144277,"",7999,2026,1,25,18,45,5,0.0231,0.608,0.021,-363653.9,0.558,0.019,1.126,2.52,0,0.019,-0.002,0.019,0.012,13.14,-1.7,0.6,100,0
"2026-01-25 18:54:00",144278,"",7999,2026,1,25,18,45,5,0.0231,0.608,0.021,-363653.9,0.558,0.019,1.126,2.52,0,0.019,-0.002,0.019,0.012,13.14,-1.7,0.6,100,0
"2026-01-25 18:57:00",144279,"",7999,2026,1,25,18,51,5,0.0223,0.637,0.019,-363645.8,0.587,0.019,1.178,2.48,0,0.019,-0.003,0,0.009,13.14,-1.6,0.6,100,0
"2026-01-25 19:00:00",144280,"",7999,2026,1,25,18,51,5,0.0223,0.637,0.019,-363645.8,0.587,0.019,1.178,2.48,0,0.019,-0.003,0,0.009,13.14,-1.6,0.6,100,0
"2026-01-25 19:03:00",144281,"",7999,2026,1,25,18,57,5,0.033,0.653,0.027,-363635.1,0.603,0.027,1.208,2.45,0,0.027,-0.005,0.033,0.021,13.14,-1.6,0.6,100,0
"2026-01-25 19:06:00",144282,"",7999,2026,1,25,18,57,5,0.033,0.653,0.027,-363635.1,0.603,0.027,1.208,2.45,0,0.027,-0.005,0.033,0.021,13.14,-1.6,0.6,100,0
"2026-01-25 19:09:00",144283,"",7999,2026,1,25,19,3,5,0.035,0.661,0.029,-363622.8,0.611,0.028,1.223,2.43,0,0.028,-0.002,0.007,0.019,13.14,-1.6,0.6,100,0
"2026-01-25 19:12:00",144284,"",7999,2026,1,25,19,3,5,0.035,0.661,0.029,-363622.8,0.611,0.028,1.223,2.43,0,0.028,-0.002,0.007,0.019,13.14,-1.6,0.6,100,0
"2026-01-25 19:15:00",144285,"",7999,2026,1,25,19,9,5,0.0199,0.681,0.016,-363613.8,0.631,0.015,1.26,2.45,0,0.015,-0.003,0.007,0.007,13.14,-1.6,0.6,100,0
"2026-01-25 19:18:00",144286,"",7999,2026,1,25,19,9,5,0.0199,0.681,0.016,-363613.8,0.631,0.015,1.26,2.45,0,0.015,-0.003,0.007,0.007,13.14,-1.6,0.6,100,0
"2026-01-25 19:21:00",144287,"",7999,2026,1,25,19,15,5,0.0284,0.687,0.022,-363604.5,0.637,0.022,1.272,2.51,0,0.022,-0.001,0,0.002,13.14,-1.6,0.6,100,0
"2026-01-25 19:24:00",144288,"",7999,2026,1,25,19,15,5,0.0284,0.687,0.022,-363604.5,0.637,0.022,1.272,2.51,0,0.022,-0.001,0,0.002,13.14,-1.6,0.6,100,0
"2026-01-25 19:27:00",144289,"",7999,2026,1,25,19,21,5,0.0343,0.714,0.026,-363592.9,0.664,0.025,1.321,2.56,0,0.025,-0.002,0.016,0.019,13.14,-1.6,0.6,100,0
"2026-01-25 19:30:00",144290,"",7999,2026,1,25,19,21,5,0.0343,0.714,0.026,-363592.9,0.664,0.025,1.321,2.56,0,0.025,-0.002,0.016,0.019,13.14,-1.6,0.6,100,0
"2026-01-25 19:33:00",144291,"",7999,2026,1,25,19,27,5,0.0448,0.732,0.033,-363578,0.682,0.033,1.354,2.62,0,0.033,-0.003,0.03,0.005,13.14,-1.6,0.6,100,0
"2026-01-25 19:36:00",144292,"",7999,2026,1,25,19,27,5,0.0448,0.732,0.033,-363578,0.682,0.033,1.354,2.62,0,0.033,-0.003,0.03,0.005,13.14,-1.6,0.6,100,0
"2026-01-25 19:39:00",144293,"",7999,2026,1,25,19,33,5,0.0358,0.743,0.026,-363564,0.693,0.025,1.376,2.68,0,0.025,-0.002,0.014,0.007,13.14,-1.6,0.6,100,0
"2026-01-25 19:42:00",144294,"",7999,2026,1,25,19,33,5,0.0358,0.743,0.026,-363564,0.693,0.025,1.376,2.68,0,0.025,-0.002,0.014,0.007,13.14,-1.6,0.6,100,0
"2026-01-25 19:45:00",144295,"",7999,2026,1,25,19,39,5,0.0277,0.756,0.02,-363553.1,0.706,0.019,1.398,2.73,0,0.019,-0.001,0,-0.002,13.14,-1.6,0.6,100,0
"2026-01-25 19:48:00",144296,"",7999,2026,1,25,19,39,5,0.0277,0.756,0.02,-363553.1,0.706,0.019,1.398,2.73,0,0.019,-0.001,0,-0.002,13.14,-1.6,0.6,100,0
"2026-01-25 19:51:00",144297,"",7999,2026,1,25,19,45,5,0.0201,0.76,0.014,-363544.9,0.71,0.013,1.407,2.8,0,0.013,-0.001,0.007,0.005,13.14,-1.6,0.6,100,0
"2026-01-25 19:54:00",144298,"",7999,2026,1,25,19,45,5,0.0201,0.76,0.014,-363544.9,0.71,0.013,1.407,2.8,0,0.013,-0.001,0.007,0.005,13.14,-1.6,0.6,100,0
"2026-01-25 19:57:00",144299,"",7999,2026,1,25,19,51,5,0.0407,0.774,0.028,-363532.7,0.724,0.029,1.432,2.9,0,0.029,-0.002,0.005,0.009,13.14,-1.6,0.6,100,0
"2026-01-25 20:00:00",144300,"",7999,2026,1,25,19,51,5,0.0407,0.774,0.028,-363532.7,0.724,0.029,1.432,2.9,0,0.029,-0.002,0.005,0.009,13.14,-1.6,0.6,100,0
"2026-01-25 20:03:00",144301,"",7999,2026,1,25,19,57,5,0.0265,0.778,0.018,-363521.4,0.728,0.018,1.439,2.96,0,0.018,-0.002,0.005,0.005,13.14,-1.6,0.6,100,0
"2026-01-25 20:06:00",144302,"",7999,2026,1,25,19,57,5,0.0265,0.778,0.018,-363521.4,0.728,0.018,1.439,2.96,0,0.018,-0.002,0.005,0.005,13.14,-1.6,0.6,100,0
"2026-01-25 20:09:00",144303,"",7999,2026,1,25,20,3,5,-0.001,0.782,-0.001,-363518.5,0.732,0,1.446,3.04,0,0,0,-0.023,-0.017,13.14,-1.6,0.6,100,0
"2026-01-25 20:12:00",144304,"",7999,2026,1,25,20,3,5,-0.001,0.782,-0.001,-363518.5,0.732,0,1.446,3.04,0,0,0,-0.023,-0.017,13.14,-1.6,0.6,100,0
"2026-01-25 20:15:00",144305,"",7999,2026,1,25,20,9,5,0.0038,0.781,0.003,-363517.7,0.731,0.001,1.446,3.13,0,0.001,0.001,-0.023,-0.017,13.15,-1.6,0.6,100,0
"2026-01-25 20:18:00",144306,"",7999,2026,1,25,20,9,5,0.0038,0.781,0.003,-363517.7,0.731,0.001,1.446,3.13,0,0.001,0.001,-0.023,-0.017,13.15,-1.6,0.6,100,0
"2026-01-25 20:21:00",144307,"",7999,2026,1,25,20,15,5,0.0098,0.782,0.007,-363514.9,0.732,0.006,1.447,3.2,0,0.006,0.002,-0.007,-0.017,13.15,-1.6,0.6,100,0
"2026-01-25 20:24:00",144308,"",7999,2026,1,25,20,15,5,0.0098,0.782,0.007,-363514.9,0.732,0.006,1.447,3.2,0,0.006,0.002,-0.007,-0.017,13.15,-1.6,0.6,100,0
"2026-01-25 20:27:00",144309,"",7999,2026,1,25,20,21,5,0.0525,0.794,0.036,-363501.1,0.744,0.035,1.47,3.26,0,0.035,-0.003,0.014,0.024,13.14,-1.6,0.6,100,0
"2026-01-25 20:30:00",144310,"",7999,2026,1,25,20,21,5,0.0525,0.794,0.036,-363501.1,0.744,0.035,1.47,3.26,0,0.035,-0.003,0.014,0.024,13.14,-1.6,0.6,100,0
"2026-01-25 20:33:00",144311,"",7999,2026,1,25,20,27,5,0.0325,0.805,0.022,-363487,0.755,0.021,1.489,3.23,0,0.021,-0.001,-0.007,0.012,13.15,-1.6,0.6,100,0
"2026-01-25 20:36:00",144312,"",7999,2026,1,25,20,27,5,0.0325,0.805,0.022,-363487,0.755,0.021,1.489,3.23,0,0.021,-0.001,-0.007,0.012,13.15,-1.6,0.6,100,0
"2026-01-25 20:39:00",144313,"",7999,2026,1,25,20,33,5,-0.0083,0.805,-0.006,-363485.1,0.755,-0.004,1.489,3.23,0,-0.004,-0.002,-0.016,-0.007,13.15,-1.6,0.6,100,0
"2026-01-25 20:42:00",144314,"",7999,2026,1,25,20,33,5,-0.0083,0.805,-0.006,-363485.1,0.755,-0.004,1.489,3.23,0,-0.004,-0.002,-0.016,-0.007,13.15,-1.6,0.6,100,0
"2026-01-25 20:45:00",144315,"",7999,2026,1,25,20,39,5,0.0144,0.81,0.01,-363482.7,0.76,0.01,1.498,3.26,0,0.01,0.001,-0.014,0,13.15,-1.6,0.6,100,0
"2026-01-25 20:48:00",144316,"",7999,2026,1,25,20,39,5,0.0144,0.81,0.01,-363482.7,0.76,0.01,1.498,3.26,0,0.01,0.001,-0.014,0,13.15,-1.6,0.6,100,0
"2026-01-25 20:51:00",144317,"",7999,2026,1,25,20,45,5,0.0295,0.819,0.02,-363473.8,0.769,0.018,1.515,3.27,0,0.018,-0.001,0.014,0.002,13.15,-1.6,0.6,100,0
"2026-01-25 20:54:00",144318,"",7999,2026,1,25,20,45,5,0.0295,0.819,0.02,-363473.8,0.769,0.018,1.515,3.27,0,0.018,-0.001,0.014,0.002,13.15,-1.6,0.6,100,0
"2026-01-25 20:57:00",144319,"",7999,2026,1,25,20,51,5,0.0683,0.844,0.044,-363453.9,0.794,0.044,1.563,3.28,0,0.044,-0.005,0.019,0.014,13.15,-1.6,0.6,100,0
"2026-01-25 21:00:00",144320,"",7999,2026,1,25,20,51,5,0.0683,0.844,0.044,-363453.9,0.794,0.044,1.563,3.28,0,0.044,-0.005,0.019,0.014,13.15,-1.6,0.6,100,0
"2026-01-25 21:03:00",144321,"",7999,2026,1,25,20,57,5,0.0326,0.863,0.02,-363437.8,0.813,0.019,1.596,3.24,0,0.019,-0.002,0,0.009,13.15,-1.6,0.6,100,0
"2026-01-25 21:06:00",144322,"",7999,2026,1,25,20,57,5,0.0326,0.863,0.02,-363437.8,0.813,0.019,1.596,3.24,0,0.019,-0.002,0,0.009,13.15,-1.6,0.6,100,0
"2026-01-25 21:09:00",144323,"",7999,2026,1,25,21,3,5,-0.0177,0.857,-0.011,-363438.2,0.807,-0.011,1.585,3.22,0,-0.011,-0.004,-0.046,-0.036,13.15,-1.6,0.6,100,0
"2026-01-25 21:12:00",144324,"",7999,2026,1,25,21,3,5,-0.0177,0.857,-0.011,-363438.2,0.807,-0.011,1.585,3.22,0,-0.011,-0.004,-0.046,-0.036,13.15,-1.6,0.6,100,0
"2026-01-25 21:15:00",144325,"",7999,2026,1,25,21,9,5,-0.0506,0.845,-0.032,-363452.4,0.795,-0.033,1.565,3.18,0,-0.033,-0.003,-0.04,-0.047,13.15,-1.6,0.6,100,0
"2026-01-25 21:18:00",144326,"",7999,2026,1,25,21,9,5,-0.0506,0.845,-0.032,-363452.4,0.795,-0.033,1.565,3.18,0,-0.033,-0.003,-0.04,-0.047,13.15,-1.6,0.6,100,0
"2026-01-25 21:21:00",144327,"",7999,2026,1,25,21,15,5,0.0349,0.851,0.022,-363450.1,0.801,0.022,1.575,3.1,0,0.022,-0.003,0.002,0.012,13.15,-1.6,0.6,100,0
"2026-01-25 21:24:00",144328,"",7999,2026,1,25,21,15,5,0.0349,0.851,0.022,-363450.1,0.801,0.022,1.575,3.1,0,0.022,-0.003,0.002,0.012,13.15,-1.6,0.6,100,0
"2026-01-25 21:27:00",144329,"",7999,2026,1,25,21,21,5,0.0774,0.872,0.048,-363427.3,0.822,0.047,1.613,3.14,0,0.047,-0.005,0.019,0.021,13.15,-1.6,0.6,100,0
"2026-01-25 21:30:00",144330,"",7999,2026,1,25,21,21,5,0.0774,0.872,0.048,-363427.3,0.822,0.047,1.613,3.14,0,0.047,-0.005,0.019,0.021,13.15,-1.6,0.6,100,0
"2026-01-25 21:33:00",144331,"",7999,2026,1,25,21,27,5,0.0464,0.887,0.028,-363406.9,0.837,0.029,1.642,3.17,0,0.029,-0.009,0.037,0.009,13.15,-1.6,0.6,100,0
"2026-01-25 21:36:00",144332,"",7999,2026,1,25,21,27,5,0.0464,0.887,0.028,-363406.9,0.837,0.029,1.642,3.17,0,0.029,-0.009,0.037,0.009,13.15,-1.6,0.6,100,0
"2026-01-25 21:39:00",144333,"",7999,2026,1,25,21,33,5,-0.0062,0.887,-0.004,-363402.8,0.837,-0.002,1.641,3.11,0,-0.002,0.003,-0.016,-0.017,13.15,-1.6,0.6,100,0
"2026-01-25 21:42:00",144334,"",7999,2026,1,25,21,33,5,-0.0062,0.887,-0.004,-363402.8,0.837,-0.002,1.641,3.11,0,-0.002,0.003,-0.016,-0.017,13.15,-1.6,0.6,100,0
"2026-01-25 21:45:00",144335,"",7999,2026,1,25,21,39,5,-0.0135,0.882,-0.008,-363406.8,0.832,-0.006,1.632,3.1,0,-0.006,-0.003,-0.016,-0.014,13.15,-1.6,0.6,100,0
"2026-01-25 21:48:00",144336,"",7999,2026,1,25,21,39,5,-0.0135,0.882,-0.008,-363406.8,0.832,-0.006,1.632,3.1,0,-0.006,-0.003,-0.016,-0.014,13.15,-1.6,0.6,100,0
"2026-01-25 21:51:00",144337,"",7999,2026,1,25,21,45,5,0.0809,0.897,0.049,-363389,0.847,0.048,1.66,3.1,0,0.048,-0.008,0.023,0.021,13.15,-1.6,0.6,100,0
"2026-01-25 21:54:00",144338,"",7999,2026,1,25,21,45,5,0.0809,0.897,0.049,-363389,0.847,0.048,1.66,3.1,0,0.048,-0.008,0.023,0.021,13.15,-1.6,0.6,100,0
"2026-01-25 21:57:00",144339,"",7999,2026,1,25,21,51,5,0.0953,0.913,0.056,-363356.4,0.863,0.057,1.69,3.08,0,0.057,-0.005,0.035,0.012,13.15,-1.6,0.6,100,0
"2026-01-25 22:00:00",144340,"",7999,2026,1,25,21,51,5,0.0953,0.913,0.056,-363356.4,0.863,0.057,1.69,3.08,0,0.057,-0.005,0.035,0.012,13.15,-1.6,0.6,100,0
"2026-01-25 22:03:00",144341,"",7999,2026,1,25,21,57,5,0.0207,0.915,0.012,-363339.9,0.865,0.011,1.692,3.13,0,0.011,-0.002,-0.007,-0.005,13.15,-1.6,0.6,100,0
"2026-01-25 22:06:00",144342,"",7999,2026,1,25,21,57,5,0.0207,0.915,0.012,-363339.9,0.865,0.011,1.692,3.13,0,0.011,-0.002,-0.007,-0.005,13.15,-1.6,0.6,100,0
"2026-01-25 22:09:00",144343,"",7999,2026,1,25,22,3,5,-0.0365,0.905,-0.022,-363346.2,0.855,-0.022,1.675,3.15,0,-0.022,-0.004,-0.035,-0.04,13.15,-1.6,0.6,100,0
"2026-01-25 22:12:00",144344,"",7999,2026,1,25,22,3,5,-0.0365,0.905,-0.022,-363346.2,0.855,-0.022,1.675,3.15,0,-0.022,-0.004,-0.035,-0.04,13.15,-1.6,0.6,100,0
"2026-01-25 22:15:00",144345,"",7999,2026,1,25,22,9,5,0.0411,0.905,0.025,-363340.7,0.855,0.024,1.675,3.03,0,0.024,-0.008,0,0.009,13.15,-1.6,0.6,100,0
"2026-01-25 22:18:00",144346,"",7999,2026,1,25,22,9,5,0.0411,0.905,0.025,-363340.7,0.855,0.024,1.675,3.03,0,0.024,-0.008,0,0.009,13.15,-1.6,0.6,100,0
"2026-01-25 22:21:00",144347,"",7999,2026,1,25,22,15,5,0.0332,0.913,0.02,-363327.8,0.863,0.019,1.69,3.07,0,0.019,-0.001,0.012,-0.005,13.14,-1.6,0.6,100,0
"2026-01-25 22:24:00",144348,"",7999,2026,1,25,22,15,5,0.0332,0.913,0.02,-363327.8,0.863,0.019,1.69,3.07,0,0.019,-0.001,0.012,-0.005,13.14,-1.6,0.6,100,0
"2026-01-25 22:27:00",144349,"",7999,2026,1,25,22,21,5,-0.007,0.912,-0.004,-363325.5,0.862,-0.005,1.687,3.16,0,-0.005,-0.005,-0.021,-0.031,13.15,-1.6,0.6,100,0
"2026-01-25 22:30:00",144350,"",7999,2026,1,25,22,21,5,-0.007,0.912,-0.004,-363325.5,0.862,-0.005,1.687,3.16,0,-0.005,-0.005,-0.021,-0.031,13.15,-1.6,0.6,100,0
"2026-01-25 22:33:00",144351,"",7999,2026,1,25,22,27,5,-0.0709,0.899,-0.043,-363343.4,0.849,-0.042,1.664,3.12,0,-0.042,0.002,-0.042,-0.052,13.15,-1.6,0.6,100,0
"2026-01-25 22:36:00",144352,"",7999,2026,1,25,22,27,5,-0.0709,0.899,-0.043,-363343.4,0.849,-0.042,1.664,3.12,0,-0.042,0.002,-0.042,-0.052,13.15,-1.6,0.6,100,0
"2026-01-25 22:39:00",144353,"",7999,2026,1,25,22,33,5,-0.0414,0.886,-0.025,-363361.8,0.836,-0.024,1.64,2.88,0,-0.024,0.005,-0.037,-0.026,13.15,-1.6,0.6,100,0
"2026-01-25 22:42:00",144354,"",7999,2026,1,25,22,33,5,-0.0414,0.886,-0.025,-363361.8,0.836,-0.024,1.64,2.88,0,-0.024,0.005,-0.037,-0.026,13.15,-1.6,0.6,100,0
"2026-01-25 22:45:00",144355,"",7999,2026,1,25,22,39,5,0.0049,0.885,0.003,-363365.6,0.835,0.004,1.637,2.78,0,0.004,0.003,0,-0.002,13.15,-1.6,0.6,100,0
"2026-01-25 22:48:00",144356,"",7999,2026,1,25,22,39,5,0.0049,0.885,0.003,-363365.6,0.835,0.004,1.637,2.78,0,0.004,0.003,0,-0.002,13.15,-1.6,0.6,100,0
"2026-01-25 22:51:00",144357,"",7999,2026,1,25,22,45,5,0.0087,0.888,0.005,-363362.9,0.838,0.006,1.644,2.83,0,0.006,0.005,-0.005,0.005,13.15,-1.6,0.6,100,0
"2026-01-25 22:54:00",144358,"",7999,2026,1,25,22,45,5,0.0087,0.888,0.005,-363362.9,0.838,0.006,1.644,2.83,0,0.006,0.005,-0.005,0.005,13.15,-1.6,0.6,100,0
"2026-01-25 22:57:00",144359,"",7999,2026,1,25,22,51,5,0.026,0.89,0.016,-363355.6,0.84,0.015,1.647,2.93,0,0.015,-0.001,-0.014,-0.012,13.15,-1.6,0.6,100,0
"2026-01-25 23:00:00",144360,"",7999,2026,1,25,22,51,5,0.026,0.89,0.016,-363355.6,0.84,0.015,1.647,2.93,0,0.015,-0.001,-0.014,-0.012,13.15,-1.6,0.6,100,0
"2026-01-25 23:03:00",144361,"",7999,2026,1,25,22,57,5,-0.0044,0.89,-0.003,-363353.6,0.84,-0.002,1.647,3.03,0,-0.002,-0.007,-0.021,-0.017,13.15,-1.6,0.6,100,0
"2026-01-25 23:06:00",144362,"",7999,2026,1,25,22,57,5,-0.0044,0.89,-0.003,-363353.6,0.84,-0.002,1.647,3.03,0,-0.002,-0.007,-0.021,-0.017,13.15,-1.6,0.6,100,0
"2026-01-25 23:09:00",144363,"",7999,2026,1,25,23,3,5,0.0118,0.888,0.007,-363351.3,0.838,0.006,1.643,3.05,0,0.006,0.001,-0.009,-0.009,13.15,-1.6,0.6,100,0
"2026-01-25 23:12:00",144364,"",7999,2026,1,25,23,3,5,0.0118,0.888,0.007,-363351.3,0.838,0.006,1.643,3.05,0,0.006,0.001,-0.009,-0.009,13.15,-1.6,0.6,100,0
"2026-01-25 23:15:00",144365,"",7999,2026,1,25,23,9,5,0.0377,0.895,0.023,-363340.8,0.845,0.022,1.655,3.07,0,0.022,0,0.012,0.005,13.15,-1.6,0.6,100,0
"2026-01-25 23:18:00",144366,"",7999,2026,1,25,23,9,5,0.0377,0.895,0.023,-363340.8,0.845,0.022,1.655,3.07,0,0.022,0,0.012,0.005,13.15,-1.6,0.6,100,0
"2026-01-25 23:21:00",144367,"",7999,2026,1,25,23,15,5,0.0058,0.897,0.004,-363334.8,0.847,0.004,1.66,3.07,0,0.004,0.002,-0.026,-0.017,13.15,-1.6,0.6,100,0
"2026-01-25 23:24:00",144368,"",7999,2026,1,25,23,15,5,0.0058,0.897,0.004,-363334.8,0.847,0.004,1.66,3.07,0,0.004,0.002,-0.026,-0.017,13.15,-1.6,0.6,100,0
"2026-01-25 23:27:00",144369,"",7999,2026,1,25,23,21,5,-0.0288,0.892,-0.017,-363341.1,0.842,-0.016,1.651,3.05,0,-0.016,0.001,-0.026,-0.024,13.15,-1.6,0.6,100,0
"2026-01-25 23:30:00",144370,"",7999,2026,1,25,23,21,5,-0.0288,0.892,-0.017,-363341.1,0.842,-0.016,1.651,3.05,0,-0.016,0.001,-0.026,-0.024,13.15,-1.6,0.6,100,0
"2026-01-25 23:33:00",144371,"",7999,2026,1,25,23,27,5,0.0237,0.89,0.014,-363338.9,0.84,0.013,1.646,2.99,0,0.013,-0.009,-0.019,-0.017,13.15,-1.6,0.6,100,0
"2026-01-25 23:36:00",144372,"",7999,2026,1,25,23,27,5,0.0237,0.89,0.014,-363338.9,0.84,0.013,1.646,2.99,0,0.013,-0.009,-0.019,-0.017,13.15,-1.6,0.6,100,0
"2026-01-25 23:39:00",144373,"",7999,2026,1,25,23,33,5,0.0134,0.89,0.008,-363332.8,0.84,0.008,1.647,2.99,0,0.008,-0.008,-0.005,-0.005,13.15,-1.6,0.6,100,0
"2026-01-25 23:42:00",144374,"",7999,2026,1,25,23,33,5,0.0134,0.89,0.008,-363332.8,0.84,0.008,1.647,2.99,0,0.008,-0.008,-0.005,-0.005,13.15,-1.6,0.6,100,0
"2026-01-25 23:45:00",144375,"",7999,2026,1,25,23,39,5,0.027,0.892,0.016,-363324.7,0.842,0.015,1.651,3.03,0,0.015,-0.003,0.012,-0.009,13.14,-1.6,0.6,100,0
"2026-01-25 23:48:00",144376,"",7999,2026,1,25,23,39,5,0.027,0.892,0.016,-363324.7,0.842,0.015,1.651,3.03,0,0.015,-0.003,0.012,-0.009,13.14,-1.6,0.6,100,0
"2026-01-25 23:51:00",144377,"",7999,2026,1,25,23,45,5,-0.02,0.886,-0.012,-363326.3,0.836,-0.012,1.639,3.02,0,-0.012,-0.004,-0.026,-0.038,13.14,-1.6,0.6,100,0
"2026-01-25 23:54:00",144378,"",7999,2026,1,25,23,45,5,-0.02,0.886,-0.012,-363326.3,0.836,-0.012,1.639,3.02,0,-0.012,-0.004,-0.026,-0.038,13.14,-1.6,0.6,100,0
"2026-01-25 23:57:00",144379,"",7999,2026,1,25,23,51,5,0.0098,0.883,0.006,-363326.3,0.833,0.005,1.634,2.94,0,0.005,-0.003,-0.042,-0.012,13.14,-1.6,0.6,100,0
"2026-01-26 00:00:00",144380,"",7999,2026,1,25,23,51,5,0.0098,0.883,0.006,-363326.3,0.833,0.005,1.634,2.94,0,0.005,-0.003,-0.042,-0.012,13.14,-1.6,0.6,100,0
"2026-01-26 00:03:00",144381,"",7999,2026,1,25,23,57,5,-0.0027,0.883,-0.002,-363325.8,0.833,-0.001,1.633,2.95,0,-0.001,0.003,-0.021,-0.009,13.14,-1.6,0.6,100,0
"2026-01-26 00:06:00",144382,"",7999,2026,1,25,23,57,5,-0.0027,0.883,-0.002,-363325.8,0.833,-0.001,1.633,2.95,0,-0.001,0.003,-0.021,-0.009,13.14,-1.6,0.6,100,0
"2026-01-26 00:09:00",144383,"",7999,2026,1,26,0,3,5,-0.0269,0.882,-0.017,-363332.6,0.832,-0.015,1.632,3,0,-0.015,0.002,-0.026,-0.038,13.14,-1.6,0.6,100,0
"2026-01-26 00:12:00",144384,"",7999,2026,1,26,0,3,5,-0.0269,0.882,-0.017,-363332.6,0.832,-0.015,1.632,3,0,-0.015,0.002,-0.026,-0.038,13.14,-1.6,0.6,100,0
"2026-01-26 00:15:00",144385,"",7999,2026,1,26,0,9,5,-0.0424,0.873,-0.026,-363346,0.823,-0.025,1.615,3.01,0,-0.025,-0.003,-0.028,-0.057,13.14,-1.6,0.6,100,0
"2026-01-26 00:18:00",144386,"",7999,2026,1,26,0,9,5,-0.0424,0.873,-0.026,-363346,0.823,-0.025,1.615,3.01,0,-0.025,-0.003,-0.028,-0.057,13.14,-1.6,0.6,100,0
"2026-01-26 00:21:00",144387,"",7999,2026,1,26,0,15,5,-0.0464,0.865,-0.029,-363362.2,0.815,-0.029,1.601,2.83,0,-0.029,0.001,-0.021,-0.054,13.14,-1.6,0.6,100,0
"2026-01-26 00:24:00",144388,"",7999,2026,1,26,0,15,5,-0.0464,0.865,-0.029,-363362.2,0.815,-0.029,1.601,2.83,0,-0.029,0.001,-0.021,-0.054,13.14,-1.6,0.6,100,0
"2026-01-26 00:27:00",144389,"",7999,2026,1,26,0,21,5,-0.0522,0.858,-0.033,-363380.3,0.808,-0.033,1.588,2.69,0,-0.033,0.001,-0.021,-0.05,13.14,-1.6,0.6,100,0
"2026-01-26 00:30:00",144390,"",7999,2026,1,26,0,21,5,-0.0522,0.858,-0.033,-363380.3,0.808,-0.033,1.588,2.69,0,-0.033,0.001,-0.021,-0.05,13.14,-1.6,0.6,100,0
"2026-01-26 00:33:00",144391,"",7999,2026,1,26,0,27,5,-0.0168,0.849,-0.011,-363390.6,0.799,-0.01,1.572,2.61,0,-0.01,-0.001,-0.009,-0.033,13.14,-1.6,0.6,100,0
"2026-01-26 00:36:00",144392,"",7999,2026,1,26,0,27,5,-0.0168,0.849,-0.011,-363390.6,0.799,-0.01,1.572,2.61,0,-0.01,-0.001,-0.009,-0.033,13.14,-1.6,0.6,100,0
"2026-01-26 00:39:00",144393,"",7999,2026,1,26,0,33,5,-0.0454,0.842,-0.029,-363403.6,0.792,-0.029,1.559,2.71,0,-0.029,0.005,-0.023,-0.038,13.14,-1.6,0.6,100,0
"2026-01-26 00:42:00",144394,"",7999,2026,1,26,0,33,5,-0.0454,0.842,-0.029,-363403.6,0.792,-0.029,1.559,2.71,0,-0.029,0.005,-0.023,-0.038,13.14,-1.6,0.6,100,0
"2026-01-26 00:45:00",144395,"",7999,2026,1,26,0,39,5,-0.0256,0.835,-0.017,-363415.2,0.785,-0.016,1.544,2.75,0,-0.016,0,-0.021,-0.038,13.14,-1.6,0.6,100,0
"2026-01-26 00:48:00",144396,"",7999,2026,1,26,0,39,5,-0.0256,0.835,-0.017,-363415.2,0.785,-0.016,1.544,2.75,0,-0.016,0,-0.021,-0.038,13.14,-1.6,0.6,100,0
"2026-01-26 00:51:00",144397,"",7999,2026,1,26,0,45,5,-0.0256,0.829,-0.017,-363424.4,0.779,-0.016,1.535,2.86,0,-0.016,0.001,-0.014,-0.024,13.14,-1.6,0.6,100,0
"2026-01-26 00:54:00",144398,"",7999,2026,1,26,0,45,5,-0.0256,0.829,-0.017,-363424.4,0.779,-0.016,1.535,2.86,0,-0.016,0.001,-0.014,-0.024,13.14,-1.6,0.6,100,0
"2026-01-26 00:57:00",144399,"",7999,2026,1,26,0,51,5,0.0075,0.833,0.005,-363425.7,0.783,0.005,1.541,2.98,0,0.005,0.002,0.002,-0.009,13.14,-1.6,0.6,100,0
"2026-01-26 01:00:00",144400,"",7999,2026,1,26,0,51,5,0.0075,0.833,0.005,-363425.7,0.783,0.005,1.541,2.98,0,0.005,0.002,0.002,-0.009,13.14,-1.6,0.6,100,0
"2026-01-26 01:03:00",144401,"",7999,2026,1,26,0,57,5,-0.0403,0.834,-0.026,-363434.5,0.784,-0.024,1.543,3.03,0,-0.024,-0.005,-0.014,-0.002,13.14,-1.6,0.6,100,0
"2026-01-26 01:06:00",144402,"",7999,2026,1,26,0,57,5,-0.0403,0.834,-0.026,-363434.5,0.784,-0.024,1.543,3.03,0,-0.024,-0.005,-0.014,-0.002,13.14,-1.6,0.6,100,0
"2026-01-26 01:09:00",144403,"",7999,2026,1,26,1,3,5,-0.0194,0.837,-0.013,-363444,0.787,-0.012,1.549,3.08,0,-0.012,-0.012,0,-0.007,13.14,-1.6,0.6,100,0
"2026-01-26 01:12:00",144404,"",7999,2026,1,26,1,3,5,-0.0194,0.837,-0.013,-363444,0.787,-0.012,1.549,3.08,0,-0.012,-0.012,0,-0.007,13.14,-1.6,0.6,100,0
"2026-01-26 01:15:00",144405,"",7999,2026,1,26,1,9,5,-0.0607,0.834,-0.039,-363460.9,0.784,-0.036,1.544,3.06,0,-0.036,0,-0.026,-0.012,13.14,-1.6,0.6,100,0
"2026-01-26 01:18:00",144406,"",7999,2026,1,26,1,9,5,-0.0607,0.834,-0.039,-363460.9,0.784,-0.036,1.544,3.06,0,-0.036,0,-0.026,-0.012,13.14,-1.6,0.6,100,0
"2026-01-26 01:21:00",144407,"",7999,2026,1,26,1,15,5,-0.0069,0.829,-0.005,-363469.9,0.779,-0.004,1.533,2.97,0,-0.004,-0.002,-0.009,-0.014,13.14,-1.6,0.6,100,0
"2026-01-26 01:24:00",144408,"",7999,2026,1,26,1,15,5,-0.0069,0.829,-0.005,-363469.9,0.779,-0.004,1.533,2.97,0,-0.004,-0.002,-0.009,-0.014,13.14,-1.6,0.6,100,0
"2026-01-26 01:27:00",144409,"",7999,2026,1,26,1,21,5,-0.0076,0.826,-0.005,-363472.6,0.776,-0.004,1.529,2.9,0,-0.004,-0.002,-0.021,-0.026,13.14,-1.6,0.6,100,0
"2026-01-26 01:30:00",144410,"",7999,2026,1,26,1,21,5,-0.0076,0.826,-0.005,-363472.6,0.776,-0.004,1.529,2.9,0,-0.004,-0.002,-0.021,-0.026,13.14,-1.6,0.6,100,0
"2026-01-26 01:33:00",144411,"",7999,2026,1,26,1,27,5,-0.0229,0.821,-0.015,-363479,0.771,-0.015,1.519,2.89,0,-0.015,-0.005,-0.005,-0.031,13.14,-1.6,0.6,100,0
"2026-01-26 01:36:00",144412,"",7999,2026,1,26,1,27,5,-0.0229,0.821,-0.015,-363479,0.771,-0.015,1.519,2.89,0,-0.015,-0.005,-0.005,-0.031,13.14,-1.6,0.6,100,0
"2026-01-26 01:39:00",144413,"",7999,2026,1,26,1,33,5,-0.0265,0.812,-0.018,-363488.1,0.762,-0.017,1.503,2.83,0,-0.017,0,-0.012,-0.038,13.14,-1.6,0.6,100,0
"2026-01-26 01:42:00",144414,"",7999,2026,1,26,1,33,5,-0.0265,0.812,-0.018,-363488.1,0.762,-0.017,1.503,2.83,0,-0.017,0,-0.012,-0.038,13.14,-1.6,0.6,100,0
"2026-01-26 01:45:00",144415,"",7999,2026,1,26,1,39,5,-0.0185,0.803,-0.012,-363495.7,0.753,-0.012,1.486,2.71,0,-0.012,-0.002,-0.009,-0.036,13.14,-1.6,0.6,100,0
"2026-01-26 01:48:00",144416,"",7999,2026,1,26,1,39,5,-0.0185,0.803,-0.012,-363495.7,0.753,-0.012,1.486,2.71,0,-0.012,-0.002,-0.009,-0.036,13.14,-1.6,0.6,100,0
"2026-01-26 01:51:00",144417,"",7999,2026,1,26,1,45,5,-0.0223,0.796,-0.015,-363503.3,0.746,-0.013,1.472,2.74,0,-0.013,0,-0.016,-0.026,13.14,-1.6,0.6,100,0
"2026-01-26 01:54:00",144418,"",7999,2026,1,26,1,45,5,-0.0223,0.796,-0.015,-363503.3,0.746,-0.013,1.472,2.74,0,-0.013,0,-0.016,-0.026,13.14,-1.6,0.6,100,0
"2026-01-26 01:57:00",144419,"",7999,2026,1,26,1,51,5,-0.0073,0.791,-0.005,-363507.8,0.741,-0.006,1.465,2.89,0,-0.006,-0.005,-0.012,-0.012,13.14,-1.6,0.6,100,0
"2026-01-26 02:00:00",144420,"",7999,2026,1,26,1,51,5,-0.0073,0.791,-0.005,-363507.8,0.741,-0.006,1.465,2.89,0,-0.006,-0.005,-0.012,-0.012,13.14,-1.6,0.6,100,0
"2026-01-26 02:03:00",144421,"",7999,2026,1,26,1,57,5,-0.0223,0.787,-0.015,-363514,0.737,-0.013,1.457,3,0,-0.013,0.002,-0.005,-0.026,13.14,-1.6,0.6,100,0
"2026-01-26 02:06:00",144422,"",7999,2026,1,26,1,57,5,-0.0223,0.787,-0.015,-363514,0.737,-0.013,1.457,3,0,-0.013,0.002,-0.005,-0.026,13.14,-1.6,0.6,100,0
"2026-01-26 02:09:00",144423,"",7999,2026,1,26,2,3,5,-0.0245,0.78,-0.017,-363522.6,0.73,-0.016,1.444,3.08,0,-0.016,0.001,-0.023,-0.021,13.14,-1.6,0.6,100,0
"2026-01-26 02:12:00",144424,"",7999,2026,1,26,2,3,5,-0.0245,0.78,-0.017,-363522.6,0.73,-0.016,1.444,3.08,0,-0.016,0.001,-0.023,-0.021,13.14,-1.6,0.6,100,0
"2026-01-26 02:15:00",144425,"",7999,2026,1,26,2,9,5,-0.017,0.776,-0.012,-363529.6,0.726,-0.011,1.436,3.08,0,-0.011,-0.002,0,-0.026,13.14,-1.6,0.6,100,0
"2026-01-26 02:18:00",144426,"",7999,2026,1,26,2,9,5,-0.017,0.776,-0.012,-363529.6,0.726,-0.011,1.436,3.08,0,-0.011,-0.002,0,-0.026,13.14,-1.6,0.6,100,0
"2026-01-26 02:21:00",144427,"",7999,2026,1,26,2,15,5,-0.0109,0.77,-0.008,-363534.3,0.72,-0.007,1.426,3.06,0,-0.007,0,-0.012,-0.017,13.14,-1.6,0.6,100,0
"2026-01-26 02:24:00",144428,"",7999,2026,1,26,2,15,5,-0.0109,0.77,-0.008,-363534.3,0.72,-0.007,1.426,3.06,0,-0.007,0,-0.012,-0.017,13.14,-1.6,0.6,100,0
"2026-01-26 02:27:00",144429,"",7999,2026,1,26,2,21,5,-0.002,0.766,-0.001,-363536.1,0.716,-0.001,1.418,3.03,0,-0.001,-0.001,-0.007,-0.017,13.14,-1.6,0.6,100,0
"2026-01-26 02:30:00",144430,"",7999,2026,1,26,2,21,5,-0.002,0.766,-0.001,-363536.1,0.716,-0.001,1.418,3.03,0,-0.001,-0.001,-0.007,-0.017,13.14,-1.6,0.6,100,0
"2026-01-26 02:33:00",144431,"",7999,2026,1,26,2,27,5,-0.0058,0.766,-0.004,-363537.7,0.716,-0.005,1.417,3.06,0,-0.005,0.008,-0.009,-0.014,13.14,-1.6,0.6,100,0
"2026-01-26 02:36:00",144432,"",7999,2026,1,26,2,27,5,-0.0058,0.766,-0.004,-363537.7,0.716,-0.005,1.417,3.06,0,-0.005,0.008,-0.009,-0.014,13.14,-1.6,0.6,100,0
"2026-01-26 02:39:00",144433,"",7999,2026,1,26,2,33,5,0.0097,0.764,0.007,-363536.1,0.714,0.007,1.414,3.09,0,0.007,-0.008,-0.012,-0.017,13.14,-1.6,0.6,100,0
"2026-01-26 02:42:00",144434,"",7999,2026,1,26,2,33,5,0.0097,0.764,0.007,-363536.1,0.714,0.007,1.414,3.09,0,0.007,-0.008,-0.012,-0.017,13.14,-1.6,0.6,100,0
"2026-01-26 02:45:00",144435,"",7999,2026,1,26,2,39,5,-0.0038,0.763,-0.003,-363535.8,0.713,-0.002,1.413,3.11,0,-0.002,0.001,-0.012,-0.005,13.14,-1.6,0.6,100,0
"2026-01-26 02:48:00",144436,"",7999,2026,1,26,2,39,5,-0.0038,0.763,-0.003,-363535.8,0.713,-0.002,1.413,3.11,0,-0.002,0.001,-0.012,-0.005,13.14,-1.6,0.6,100,0
"2026-01-26 02:51:00",144437,"",7999,2026,1,26,2,45,5,0.0019,0.763,0.001,-363535.8,0.713,0.001,1.411,3.09,0,0.001,-0.001,-0.019,-0.007,13.14,-1.6,0.6,100,0
"2026-01-26 02:54:00",144438,"",7999,2026,1,26,2,45,5,0.0019,0.763,0.001,-363535.8,0.713,0.001,1.411,3.09,0,0.001,-0.001,-0.019,-0.007,13.14,-1.6,0.6,100,0
"2026-01-26 02:57:00",144439,"",7999,2026,1,26,2,51,5,-0.0029,0.764,-0.002,-363536.3,0.714,-0.002,1.414,3.09,0,-0.002,-0.001,0.007,-0.019,13.14,-1.6,0.6,100,0
"2026-01-26 03:00:00",144440,"",7999,2026,1,26,2,51,5,-0.0029,0.764,-0.002,-363536.3,0.714,-0.002,1.414,3.09,0,-0.002,-0.001,0.007,-0.019,13.14,-1.6,0.6,100,0
"2026-01-26 03:03:00",144441,"",7999,2026,1,26,2,57,5,-0.0052,0.765,-0.004,-363537.9,0.715,-0.002,1.415,3.07,0,-0.002,0,-0.009,-0.012,13.14,-1.6,0.6,100,0
"2026-01-26 03:06:00",144442,"",7999,2026,1,26,2,57,5,-0.0052,0.765,-0.004,-363537.9,0.715,-0.002,1.415,3.07,0,-0.002,0,-0.009,-0.012,13.14,-1.6,0.6,100,0
"2026-01-26 03:09:00",144443,"",7999,2026,1,26,3,3,5,0.0024,0.761,0.002,-363537.9,0.711,0.001,1.409,2.99,0,0.001,-0.003,-0.019,-0.014,13.14,-1.6,0.6,100,0
"2026-01-26 03:12:00",144444,"",7999,2026,1,26,3,3,5,0.0024,0.761,0.002,-363537.9,0.711,0.001,1.409,2.99,0,0.001,-0.003,-0.019,-0.014,13.14,-1.6,0.6,100,0
"2026-01-26 03:15:00",144445,"",7999,2026,1,26,3,9,5,-0.0043,0.759,-0.003,-363538.7,0.709,-0.004,1.404,2.93,0,-0.004,-0.002,-0.019,-0.024,13.14,-1.6,0.6,100,0
"2026-01-26 03:18:00",144446,"",7999,2026,1,26,3,9,5,-0.0043,0.759,-0.003,-363538.7,0.709,-0.004,1.404,2.93,0,-0.004,-0.002,-0.019,-0.024,13.14,-1.6,0.6,100,0
"2026-01-26 03:21:00",144447,"",7999,2026,1,26,3,15,5,0.0022,0.758,0.002,-363538.7,0.708,0.001,1.402,2.93,0,0.001,-0.003,-0.007,-0.021,13.14,-1.6,0.6,100,0
"2026-01-26 03:24:00",144448,"",7999,2026,1,26,3,15,5,0.0022,0.758,0.002,-363538.7,0.708,0.001,1.402,2.93,0,0.001,-0.003,-0.007,-0.021,13.14,-1.6,0.6,100,0
"2026-01-26 03:27:00",144449,"",7999,2026,1,26,3,21,5,0.0139,0.757,0.01,-363535.1,0.707,0.01,1.401,2.98,0,0.01,-0.004,0,-0.021,13.14,-1.6,0.6,100,0
"2026-01-26 03:30:00",144450,"",7999,2026,1,26,3,21,5,0.0139,0.757,0.01,-363535.1,0.707,0.01,1.401,2.98,0,0.01,-0.004,0,-0.021,13.14,-1.6,0.6,100,0
"2026-01-26 03:33:00",144451,"",7999,2026,1,26,3,27,5,0.0039,0.756,0.003,-363532.4,0.706,0.002,1.4,3.03,0,0.002,-0.003,-0.002,-0.009,13.14,-1.6,0.6,100,0
"2026-01-26 03:36:00",144452,"",7999,2026,1,26,3,27,5,0.0039,0.756,0.003,-363532.4,0.706,0.002,1.4,3.03,0,0.002,-0.003,-0.002,-0.009,13.14,-1.6,0.6,100,0
"2026-01-26 03:39:00",144453,"",7999,2026,1,26,3,33,5,-0.0188,0.75,-0.014,-363536.5,0.7,-0.012,1.389,3,0,-0.012,0.002,-0.019,-0.017,13.14,-1.6,0.6,100,0
"2026-01-26 03:42:00",144454,"",7999,2026,1,26,3,33,5,-0.0188,0.75,-0.014,-363536.5,0.7,-0.012,1.389,3,0,-0.012,0.002,-0.019,-0.017,13.14,-1.6,0.6,100,0
"2026-01-26 03:45:00",144455,"",7999,2026,1,26,3,39,5,-0.0246,0.744,-0.018,-363544.7,0.694,-0.016,1.377,2.93,0,-0.016,0.002,-0.007,-0.017,13.14,-1.6,0.6,100,0
"2026-01-26 03:48:00",144456,"",7999,2026,1,26,3,39,5,-0.0246,0.744,-0.018,-363544.7,0.694,-0.016,1.377,2.93,0,-0.016,0.002,-0.007,-0.017,13.14,-1.6,0.6,100,0
"2026-01-26 03:51:00",144457,"",7999,2026,1,26,3,45,5,-0.0552,0.736,-0.041,-363560.9,0.686,-0.038,1.361,2.94,0,-0.038,-0.007,-0.014,-0.019,13.14,-1.6,0.6,100,0
"2026-01-26 03:54:00",144458,"",7999,2026,1,26,3,45,5,-0.0552,0.736,-0.041,-363560.9,0.686,-0.038,1.361,2.94,0,-0.038,-0.007,-0.014,-0.019,13.14,-1.6,0.6,100,0
"2026-01-26 03:57:00",144459,"",7999,2026,1,26,3,51,5,-0.0143,0.728,-0.011,-363571,0.678,-0.011,1.348,2.99,0,-0.011,0.005,-0.023,-0.028,13.14,-1.6,0.6,100,0
"2026-01-26 04:00:00",144460,"",7999,2026,1,26,3,51,5,-0.0143,0.728,-0.011,-363571,0.678,-0.011,1.348,2.99,0,-0.011,0.005,-0.023,-0.028,13.14,-1.6,0.6,100,0
"2026-01-26 04:03:00",144461,"",7999,2026,1,26,3,57,5,-0.0201,0.723,-0.015,-363577.5,0.673,-0.015,1.337,3.04,0,-0.015,-0.007,0,-0.021,13.14,-1.6,0.6,100,0
"2026-01-26 04:06:00",144462,"",7999,2026,1,26,3,57,5,-0.0201,0.723,-0.015,-363577.5,0.673,-0.015,1.337,3.04,0,-0.015,-0.007,0,-0.021,13.14,-1.6,0.6,100,0
"2026-01-26 04:09:00",144463,"",7999,2026,1,26,4,3,5,-0.0048,0.719,-0.004,-363581.1,0.669,-0.004,1.33,3.08,0,-0.004,-0.001,-0.019,-0.019,13.14,-1.6,0.6,100,0
"2026-01-26 04:12:00",144464,"",7999,2026,1,26,4,3,5,-0.0048,0.719,-0.004,-363581.1,0.669,-0.004,1.33,3.08,0,-0.004,-0.001,-0.019,-0.019,13.14,-1.6,0.6,100,0
"2026-01-26 04:15:00",144465,"",7999,2026,1,26,4,9,5,0.0133,0.72,0.01,-363578.4,0.67,0.01,1.332,3.11,0,0.01,0.003,-0.007,-0.021,13.14,-1.6,0.6,100,0
"2026-01-26 04:18:00",144466,"",7999,2026,1,26,4,9,5,0.0133,0.72,0.01,-363578.4,0.67,0.01,1.332,3.11,0,0.01,0.003,-0.007,-0.021,13.14,-1.6,0.6,100,0
"2026-01-26 04:21:00",144467,"",7999,2026,1,26,4,15,5,0.0194,0.719,0.015,-363572.2,0.669,0.013,1.331,3.11,0,0.013,-0.001,-0.005,-0.012,13.14,-1.6,0.6,100,0
"2026-01-26 04:24:00",144468,"",7999,2026,1,26,4,15,5,0.0194,0.719,0.015,-363572.2,0.669,0.013,1.331,3.11,0,0.013,-0.001,-0.005,-0.012,13.14,-1.6,0.6,100,0
"2026-01-26 04:27:00",144469,"",7999,2026,1,26,4,21,5,0.0046,0.724,0.003,-363568.7,0.674,0.004,1.341,3.14,0,0.004,-0.003,0,0,13.14,-1.6,0.6,100,0
"2026-01-26 04:30:00",144470,"",7999,2026,1,26,4,21,5,0.0046,0.724,0.003,-363568.7,0.674,0.004,1.341,3.14,0,0.004,-0.003,0,0,13.14,-1.6,0.6,100,0
"2026-01-26 04:33:00",144471,"",7999,2026,1,26,4,27,5,-0.0019,0.733,-0.001,-363568.6,0.683,-0.001,1.356,3.16,0,-0.001,-0.001,0.007,-0.019,13.14,-1.6,0.6,100,0
"2026-01-26 04:36:00",144472,"",7999,2026,1,26,4,27,5,-0.0019,0.733,-0.001,-363568.6,0.683,-0.001,1.356,3.16,0,-0.001,-0.001,0.007,-0.019,13.14,-1.6,0.6,100,0
"2026-01-26 04:39:00",144473,"",7999,2026,1,26,4,33,5,-0.017,0.74,-0.012,-363573,0.69,-0.011,1.369,3.09,0,-0.011,0,0,-0.002,13.14,-1.6,0.6,100,0
"2026-01-26 04:42:00",144474,"",7999,2026,1,26,4,33,5,-0.017,0.74,-0.012,-363573,0.69,-0.011,1.369,3.09,0,-0.011,0,0,-0.002,13.14,-1.6,0.6,100,0
"2026-01-26 04:45:00",144475,"",7999,2026,1,26,4,39,5,0.0226,0.751,0.016,-363569.6,0.701,0.015,1.39,3.07,0,0.015,-0.003,0.002,-0.009,13.14,-1.6,0.6,100,0
"2026-01-26 04:48:00",144476,"",7999,2026,1,26,4,39,5,0.0226,0.751,0.016,-363569.6,0.701,0.015,1.39,3.07,0,0.015,-0.003,0.002,-0.009,13.14,-1.6,0.6,100,0
"2026-01-26 04:51:00",144477,"",7999,2026,1,26,4,45,5,0.0209,0.763,0.015,-363561.8,0.713,0.015,1.412,3.07,0,0.015,0.001,-0.005,0,13.14,-1.6,0.6,100,0
"2026-01-26 04:54:00",144478,"",7999,2026,1,26,4,45,5,0.0209,0.763,0.015,-363561.8,0.713,0.015,1.412,3.07,0,0.015,0.001,-0.005,0,13.14,-1.6,0.6,100,0
"2026-01-26 04:57:00",144479,"",7999,2026,1,26,4,51,5,0.0126,0.773,0.009,-363556.3,0.723,0.008,1.43,3.07,0,0.008,-0.001,0,0.002,13.14,-1.6,0.6,100,0
"2026-01-26 05:00:00",144480,"",7999,2026,1,26,4,51,5,0.0126,0.773,0.009,-363556.3,0.723,0.008,1.43,3.07,0,0.008,-0.001,0,0.002,13.14,-1.6,0.6,100,0
"2026-01-26 05:03:00",144481,"",7999,2026,1,26,4,57,5,0.0151,0.782,0.01,-363551.2,0.732,0.01,1.446,3.05,0,0.01,-0.001,0,0,13.14,-1.6,0.6,100,0
"2026-01-26 05:06:00",144482,"",7999,2026,1,26,4,57,5,0.0151,0.782,0.01,-363551.2,0.732,0.01,1.446,3.05,0,0.01,-0.001,0,0,13.14,-1.6,0.6,100,0
"2026-01-26 05:09:00",144483,"",7999,2026,1,26,5,3,5,0.0165,0.79,0.011,-363545.4,0.74,0.011,1.461,3,0,0.011,-0.001,0,0.002,13.14,-1.6,0.6,100,0
"2026-01-26 05:12:00",144484,"",7999,2026,1,26,5,3,5,0.0165,0.79,0.011,-363545.4,0.74,0.011,1.461,3,0,0.011,-0.001,0,0.002,13.14,-1.6,0.6,100,0
"2026-01-26 05:15:00",144485,"",7999,2026,1,26,5,9,5,0.0276,0.798,0.019,-363536.7,0.748,0.018,1.478,2.97,0,0.018,-0.003,0.005,0.007,13.14,-1.6,0.6,100,0
"2026-01-26 05:18:00",144486,"",7999,2026,1,26,5,9,5,0.0276,0.798,0.019,-363536.7,0.748,0.018,1.478,2.97,0,0.018,-0.003,0.005,0.007,13.14,-1.6,0.6,100,0
"2026-01-26 05:21:00",144487,"",7999,2026,1,26,5,15,5,0.0371,0.809,0.025,-363524.5,0.759,0.024,1.497,2.96,0,0.024,-0.005,0.012,0.002,13.14,-1.6,0.6,100,0
"2026-01-26 05:24:00",144488,"",7999,2026,1,26,5,15,5,0.0371,0.809,0.025,-363524.5,0.759,0.024,1.497,2.96,0,0.024,-0.005,0.012,0.002,13.14,-1.6,0.6,100,0
"2026-01-26 05:27:00",144489,"",7999,2026,1,26,5,21,5,0.0233,0.813,0.016,-363514.4,0.763,0.015,1.504,2.94,0,0.015,-0.003,-0.012,0,13.14,-1.6,0.6,100,0
"2026-01-26 05:30:00",144490,"",7999,2026,1,26,5,21,5,0.0233,0.813,0.016,-363514.4,0.763,0.015,1.504,2.94,0,0.015,-0.003,-0.012,0,13.14,-1.6,0.6,100,0
"2026-01-26 05:33:00",144491,"",7999,2026,1,26,5,27,5,-0.0018,0.81,-0.001,-363512.1,0.76,-0.001,1.498,2.83,0,-0.001,-0.003,-0.009,-0.031,13.14,-1.6,0.6,100,0
"2026-01-26 05:36:00",144492,"",7999,2026,1,26,5,27,5,-0.0018,0.81,-0.001,-363512.1,0.76,-0.001,1.498,2.83,0,-0.001,-0.003,-0.009,-0.031,13.14,-1.6,0.6,100,0
"2026-01-26 05:39:00",144493,"",7999,2026,1,26,5,33,5,-0.003,0.804,-0.002,-363513,0.754,-0.001,1.488,2.67,0,-0.001,-0.005,-0.019,-0.026,13.14,-1.6,0.6,100,0
"2026-01-26 05:42:00",144494,"",7999,2026,1,26,5,33,5,-0.003,0.804,-0.002,-363513,0.754,-0.001,1.488,2.67,0,-0.001,-0.005,-0.019,-0.026,13.14,-1.6,0.6,100,0
"2026-01-26 05:45:00",144495,"",7999,2026,1,26,5,39,5,-0.007,0.803,-0.005,-363515.1,0.753,-0.005,1.486,2.58,0,-0.005,-0.004,-0.014,-0.017,13.14,-1.6,0.6,100,0
"2026-01-26 05:48:00",144496,"",7999,2026,1,26,5,39,5,-0.007,0.803,-0.005,-363515.1,0.753,-0.005,1.486,2.58,0,-0.005,-0.004,-0.014,-0.017,13.14,-1.6,0.6,100,0
"2026-01-26 05:51:00",144497,"",7999,2026,1,26,5,45,5,0.0332,0.809,0.022,-363508,0.759,0.021,1.496,2.69,0,0.021,-0.007,-0.005,-0.009,13.14,-1.6,0.6,100,0
"2026-01-26 05:54:00",144498,"",7999,2026,1,26,5,45,5,0.0332,0.809,0.022,-363508,0.759,0.021,1.496,2.69,0,0.021,-0.007,-0.005,-0.009,13.14,-1.6,0.6,100,0
"2026-01-26 05:57:00",144499,"",7999,2026,1,26,5,51,5,0.0212,0.812,0.014,-363498.9,0.762,0.013,1.503,2.79,0,0.013,-0.004,-0.009,-0.017,13.14,-1.6,0.6,100,0
"2026-01-26 06:00:00",144500,"",7999,2026,1,26,5,51,5,0.0212,0.812,0.014,-363498.9,0.762,0.013,1.503,2.79,0,0.013,-0.004,-0.009,-0.017,13.14,-1.6,0.6,100,0
"2026-01-26 06:03:00",144501,"",7999,2026,1,26,5,57,5,-0.0001,0.812,0,-363496.4,0.762,-0.001,1.502,2.88,0,-0.001,0.001,0,-0.028,13.14,-1.6,0.6,100,0
"2026-01-26 06:06:00",144502,"",7999,2026,1,26,5,57,5,-0.0001,0.812,0,-363496.4,0.762,-0.001,1.502,2.88,0,-0.001,0.001,0,-0.028,13.14,-1.6,0.6,100,0
"2026-01-26 06:09:00",144503,"",7999,2026,1,26,6,3,5,0.0604,0.818,0.04,-363481.9,0.768,0.038,1.514,2.9,0,0.038,-0.002,0.002,0.005,13.14,-1.6,0.6,100,0
"2026-01-26 06:12:00",144504,"",7999,2026,1,26,6,3,5,0.0604,0.818,0.04,-363481.9,0.768,0.038,1.514,2.9,0,0.038,-0.002,0.002,0.005,13.14,-1.6,0.6,100,0
"2026-01-26 06:15:00",144505,"",7999,2026,1,26,6,9,5,0.0129,0.824,0.008,-363471.5,0.774,0.007,1.524,2.89,0,0.007,0.001,0.019,0.002,13.14,-1.6,0.6,100,0
"2026-01-26 06:18:00",144506,"",7999,2026,1,26,6,9,5,0.0129,0.824,0.008,-363471.5,0.774,0.007,1.524,2.89,0,0.007,0.001,0.019,0.002,13.14,-1.6,0.6,100,0
"2026-01-26 06:21:00",144507,"",7999,2026,1,26,6,15,5,0.0274,0.839,0.018,-363463.4,0.789,0.017,1.552,2.9,0,0.017,-0.001,0.012,0.017,13.14,-1.6,0.6,100,0
"2026-01-26 06:24:00",144508,"",7999,2026,1,26,6,15,5,0.0274,0.839,0.018,-363463.4,0.789,0.017,1.552,2.9,0,0.017,-0.001,0.012,0.017,13.14,-1.6,0.6,100,0
"2026-01-26 06:27:00",144509,"",7999,2026,1,26,6,21,5,0.0383,0.852,0.024,-363450.9,0.802,0.024,1.577,2.89,0,0.024,-0.001,0.009,0.009,13.14,-1.6,0.6,100,0
"2026-01-26 06:30:00",144510,"",7999,2026,1,26,6,21,5,0.0383,0.852,0.024,-363450.9,0.802,0.024,1.577,2.89,0,0.024,-0.001,0.009,0.009,13.14,-1.6,0.6,100,0
"2026-01-26 06:33:00",144511,"",7999,2026,1,26,6,27,5,0.0313,0.861,0.02,-363438.8,0.811,0.019,1.594,2.84,0,0.019,0,0.021,0.005,13.14,-1.6,0.6,100,0
"2026-01-26 06:36:00",144512,"",7999,2026,1,26,6,27,5,0.0313,0.861,0.02,-363438.8,0.811,0.019,1.594,2.84,0,0.019,0,0.021,0.005,13.14,-1.6,0.6,100,0
"2026-01-26 06:39:00",144513,"",7999,2026,1,26,6,33,5,0.0143,0.869,0.009,-363431.6,0.819,0.008,1.608,2.82,0,0.008,0.002,-0.002,0.007,13.14,-1.6,0.6,100,0
"2026-01-26 06:42:00",144514,"",7999,2026,1,26,6,33,5,0.0143,0.869,0.009,-363431.6,0.819,0.008,1.608,2.82,0,0.008,0.002,-0.002,0.007,13.14,-1.6,0.6,100,0
"2026-01-26 06:45:00",144515,"",7999,2026,1,26,6,39,5,0.0542,0.881,0.033,-363416.8,0.831,0.033,1.63,2.83,0,0.033,-0.003,0.002,0.005,13.14,-1.6,0.6,100,0
"2026-01-26 06:48:00",144516,"",7999,2026,1,26,6,39,5,0.0542,0.881,0.033,-363416.8,0.831,0.033,1.63,2.83,0,0.033,-0.003,0.002,0.005,13.14,-1.6,0.6,100,0
"2026-01-26 06:51:00",144517,"",7999,2026,1,26,6,45,5,0.0367,0.893,0.022,-363401.5,0.843,0.022,1.652,2.83,0,0.022,0,0.016,0.014,13.14,-1.6,0.6,100,0
"2026-01-26 06:54:00",144518,"",7999,2026,1,26,6,45,5,0.0367,0.893,0.022,-363401.5,0.843,0.022,1.652,2.83,0,0.022,0,0.016,0.014,13.14,-1.6,0.6,100,0
"2026-01-26 06:57:00",144519,"",7999,2026,1,26,6,51,5,0.0794,0.907,0.047,-363378,0.857,0.047,1.678,2.88,0,0.047,-0.013,0.016,0.021,13.14,-1.6,0.6,100,0
"2026-01-26 07:00:00",144520,"",7999,2026,1,26,6,51,5,0.0794,0.907,0.047,-363378,0.857,0.047,1.678,2.88,0,0.047,-0.013,0.016,0.021,13.14,-1.6,0.6,100,0
"2026-01-26 07:03:00",144521,"",7999,2026,1,26,6,57,5,0.0431,0.917,0.025,-363358.2,0.867,0.024,1.697,3.05,0,0.024,-0.002,0.009,0.019,13.14,-1.6,0.6,100,0
"2026-01-26 07:06:00",144522,"",7999,2026,1,26,6,57,5,0.0431,0.917,0.025,-363358.2,0.867,0.024,1.697,3.05,0,0.024,-0.002,0.009,0.019,13.14,-1.6,0.6,100,0
"2026-01-26 07:09:00",144523,"",7999,2026,1,26,7,3,5,0.0486,0.919,0.029,-363341.3,0.869,0.027,1.701,3.24,0,0.027,-0.001,0.007,0,13.14,-1.6,0.6,100,0
"2026-01-26 07:12:00",144524,"",7999,2026,1,26,7,3,5,0.0486,0.919,0.029,-363341.3,0.869,0.027,1.701,3.24,0,0.027,-0.001,0.007,0,13.14,-1.6,0.6,100,0
"2026-01-26 07:15:00",144525,"",7999,2026,1,26,7,9,5,0.0695,0.924,0.041,-363318.8,0.874,0.039,1.71,3.37,0,0.039,-0.003,0.005,0.002,13.14,-1.6,0.6,100,0
"2026-01-26 07:18:00",144526,"",7999,2026,1,26,7,9,5,0.0695,0.924,0.041,-363318.8,0.874,0.039,1.71,3.37,0,0.039,-0.003,0.005,0.002,13.14,-1.6,0.6,100,0
"2026-01-26 07:21:00",144527,"",7999,2026,1,26,7,15,5,0.041,0.927,0.024,-363300.6,0.877,0.023,1.715,3.48,0,0.023,-0.003,0.014,0.005,13.14,-1.6,0.6,100,0
"2026-01-26 07:24:00",144528,"",7999,2026,1,26,7,15,5,0.041,0.927,0.024,-363300.6,0.877,0.023,1.715,3.48,0,0.023,-0.003,0.014,0.005,13.14,-1.6,0.6,100,0
"2026-01-26 07:27:00",144529,"",7999,2026,1,26,7,21,5,0.0249,0.93,0.014,-363289.7,0.88,0.013,1.721,3.55,0,0.013,-0.006,0,0.002,13.14,-1.6,0.6,100,0
"2026-01-26 07:30:00",144530,"",7999,2026,1,26,7,21,5,0.0249,0.93,0.014,-363289.7,0.88,0.013,1.721,3.55,0,0.013,-0.006,0,0.002,13.14,-1.6,0.6,100,0
"2026-01-26 07:33:00",144531,"",7999,2026,1,26,7,27,5,0.0049,0.932,0.003,-363285.5,0.882,0.002,1.724,3.59,0,0.002,-0.007,-0.012,0,13.14,-1.6,0.6,100,0
"2026-01-26 07:36:00",144532,"",7999,2026,1,26,7,27,5,0.0049,0.932,0.003,-363285.5,0.882,0.002,1.724,3.59,0,0.002,-0.007,-0.012,0,13.14,-1.6,0.6,100,0
"2026-01-26 07:39:00",144533,"",7999,2026,1,26,7,33,5,0.003,0.932,0.002,-363284.1,0.882,0.001,1.725,3.63,0,0.001,0.001,-0.021,-0.019,13.14,-1.6,0.6,100,0
"2026-01-26 07:42:00",144534,"",7999,2026,1,26,7,33,5,0.003,0.932,0.002,-363284.1,0.882,0.001,1.725,3.63,0,0.001,0.001,-0.021,-0.019,13.14,-1.6,0.6,100,0
"2026-01-26 07:45:00",144535,"",7999,2026,1,26,7,39,5,0.011,0.931,0.006,-363281.1,0.881,0.005,1.723,3.69,0,0.005,0.001,-0.033,-0.007,13.14,-1.6,0.6,100,0
"2026-01-26 07:48:00",144536,"",7999,2026,1,26,7,39,5,0.011,0.931,0.006,-363281.1,0.881,0.005,1.723,3.69,0,0.005,0.001,-0.033,-0.007,13.14,-1.6,0.6,100,0
"2026-01-26 07:51:00",144537,"",7999,2026,1,26,7,45,5,0.0353,0.932,0.021,-363271.3,0.882,0.019,1.725,3.72,0,0.019,-0.003,-0.026,-0.007,13.14,-1.6,0.6,100,0
"2026-01-26 07:54:00",144538,"",7999,2026,1,26,7,45,5,0.0353,0.932,0.021,-363271.3,0.882,0.019,1.725,3.72,0,0.019,-0.003,-0.026,-0.007,13.14,-1.6,0.6,100,0
"2026-01-26 07:57:00",144539,"",7999,2026,1,26,7,51,5,0.0141,0.931,0.008,-363263.6,0.881,0.006,1.724,3.73,0,0.006,-0.001,-0.009,-0.012,13.14,-1.6,0.6,100,0
"2026-01-26 08:00:00",144540,"",7999,2026,1,26,7,51,5,0.0141,0.931,0.008,-363263.6,0.881,0.006,1.724,3.73,0,0.006,-0.001,-0.009,-0.012,13.14,-1.6,0.6,100,0
"2026-01-26 08:03:00",144541,"",7999,2026,1,26,7,57,5,0.0024,0.928,0.001,-363261.4,0.878,0.002,1.717,3.7,0,0.002,-0.004,-0.012,-0.019,13.14,-1.6,0.6,100,0
"2026-01-26 08:06:00",144542,"",7999,2026,1,26,7,57,5,0.0024,0.928,0.001,-363261.4,0.878,0.002,1.717,3.7,0,0.002,-0.004,-0.012,-0.019,13.14,-1.6,0.6,100,0
"2026-01-26 08:09:00",144543,"",7999,2026,1,26,8,3,5,0.0031,0.928,0.002,-363260.3,0.878,0.001,1.716,3.71,0,0.001,0.001,-0.026,-0.017,13.14,-1.6,0.6,100,0
"2026-01-26 08:12:00",144544,"",7999,2026,1,26,8,3,5,0.0031,0.928,0.002,-363260.3,0.878,0.001,1.716,3.71,0,0.001,0.001,-0.026,-0.017,13.14,-1.6,0.6,100,0
"2026-01-26 08:15:00",144545,"",7999,2026,1,26,8,9,5,0.0184,0.928,0.011,-363255.5,0.878,0.01,1.717,3.75,0,0.01,0.001,-0.002,-0.017,13.14,-1.6,0.6,100,0
"2026-01-26 08:18:00",144546,"",7999,2026,1,26,8,9,5,0.0184,0.928,0.011,-363255.5,0.878,0.01,1.717,3.75,0,0.01,0.001,-0.002,-0.017,13.14,-1.6,0.6,100,0
"2026-01-26 08:21:00",144547,"",7999,2026,1,26,8,15,5,0.0115,0.935,0.007,-363250.5,0.885,0.006,1.73,3.73,0,0.006,-0.002,0,0.009,13.14,-1.6,0.6,100,0
"2026-01-26 08:24:00",144548,"",7999,2026,1,26,8,15,5,0.0115,0.935,0.007,-363250.5,0.885,0.006,1.73,3.73,0,0.006,-0.002,0,0.009,13.14,-1.6,0.6,100,0
"2026-01-26 08:27:00",144549,"",7999,2026,1,26,8,21,5,0.0475,0.941,0.027,-363237.7,0.891,0.027,1.742,3.74,0,0.027,-0.011,0.03,-0.005,13.14,-1.6,0.6,100,0
"2026-01-26 08:30:00",144550,"",7999,2026,1,26,8,21,5,0.0475,0.941,0.027,-363237.7,0.891,0.027,1.742,3.74,0,0.027,-0.011,0.03,-0.005,13.14,-1.6,0.6,100,0
"2026-01-26 08:33:00",144551,"",7999,2026,1,26,8,27,5,0.0918,0.947,0.052,-363210,0.897,0.051,1.753,3.75,0,0.051,-0.008,0.028,0.024,13.14,-1.6,0.6,100,0
"2026-01-26 08:36:00",144552,"",7999,2026,1,26,8,27,5,0.0918,0.947,0.052,-363210,0.897,0.051,1.753,3.75,0,0.051,-0.008,0.028,0.024,13.14,-1.6,0.6,100,0
"2026-01-26 08:39:00",144553,"",7999,2026,1,26,8,33,5,0.1099,0.96,0.062,-363172.6,0.91,0.063,1.776,3.68,0,0.063,-0.002,0.051,0.024,13.14,-1.6,0.6,100,0
"2026-01-26 08:42:00",144554,"",7999,2026,1,26,8,33,5,0.1099,0.96,0.062,-363172.6,0.91,0.063,1.776,3.68,0,0.063,-0.002,0.051,0.024,13.14,-1.6,0.6,100,0
"2026-01-26 08:45:00",144555,"",7999,2026,1,26,8,39,5,0.1297,0.974,0.072,-363128.3,0.924,0.071,1.803,3.63,0,0.071,-0.007,0.04,0.036,13.14,-1.6,0.6,100,0
"2026-01-26 08:48:00",144556,"",7999,2026,1,26,8,39,5,0.1297,0.974,0.072,-363128.3,0.924,0.071,1.803,3.63,0,0.071,-0.007,0.04,0.036,13.14,-1.6,0.6,100,0
"2026-01-26 08:51:00",144557,"",7999,2026,1,26,8,45,5,0.1236,0.988,0.068,-363083,0.938,0.068,1.828,3.56,0,0.068,0,0.042,0.028,13.14,-1.6,0.6,100,0
"2026-01-26 08:54:00",144558,"",7999,2026,1,26,8,45,5,0.1236,0.988,0.068,-363083,0.938,0.068,1.828,3.56,0,0.068,0,0.042,0.028,13.14,-1.6,0.6,100,0
"2026-01-26 08:57:00",144559,"",7999,2026,1,26,8,51,5,0.0811,0.997,0.044,-363048.7,0.947,0.044,1.846,3.53,0,0.044,-0.002,0.03,0.021,13.14,-1.6,0.7,100,0
"2026-01-26 09:00:00",144560,"",7999,2026,1,26,8,51,5,0.0811,0.997,0.044,-363048.7,0.947,0.044,1.846,3.53,0,0.044,-0.002,0.03,0.021,13.14,-1.6,0.7,100,0
"2026-01-26 09:03:00",144561,"",7999,2026,1,26,8,57,5,0.0499,0.999,0.027,-363026.9,0.949,0.028,1.848,3.56,0,0.028,0.004,0.026,0.014,13.14,-1.6,0.7,100,0
"2026-01-26 09:06:00",144562,"",7999,2026,1,26,8,57,5,0.0499,0.999,0.027,-363026.9,0.949,0.028,1.848,3.56,0,0.028,0.004,0.026,0.014,13.14,-1.6,0.7,100,0
"2026-01-26 09:09:00",144563,"",7999,2026,1,26,9,3,5,0.0654,1.002,0.035,-363005.2,0.952,0.035,1.854,3.58,0,0.035,-0.004,0.021,0.012,13.14,-1.6,0.7,100,0
"2026-01-26 09:12:00",144564,"",7999,2026,1,26,9,3,5,0.0654,1.002,0.035,-363005.2,0.952,0.035,1.854,3.58,0,0.035,-0.004,0.021,0.012,13.14,-1.6,0.7,100,0
"2026-01-26 09:15:00",144565,"",7999,2026,1,26,9,9,5,0.075,1.006,0.04,-362979.4,0.956,0.04,1.861,3.64,0,0.04,0,0.035,0.028,13.14,-1.6,0.7,100,0
"2026-01-26 09:18:00",144566,"",7999,2026,1,26,9,9,5,0.075,1.006,0.04,-362979.4,0.956,0.04,1.861,3.64,0,0.04,0,0.035,0.028,13.14,-1.6,0.7,100,0
"2026-01-26 09:21:00",144567,"",7999,2026,1,26,9,15,5,0.0648,1.011,0.035,-362954.8,0.961,0.034,1.871,3.65,0,0.034,0,0.033,0.005,13.14,-1.6,0.7,100,0
"2026-01-26 09:24:00",144568,"",7999,2026,1,26,9,15,5,0.0648,1.011,0.035,-362954.8,0.961,0.034,1.871,3.65,0,0.034,0,0.033,0.005,13.14,-1.6,0.7,100,0
"2026-01-26 09:27:00",144569,"",7999,2026,1,26,9,21,5,0.0768,1.011,0.041,-362928.6,0.961,0.039,1.871,3.67,0,0.039,-0.012,0.005,-0.005,13.14,-1.6,0.7,100,0
"2026-01-26 09:30:00",144570,"",7999,2026,1,26,9,21,5,0.0768,1.011,0.041,-362928.6,0.961,0.039,1.871,3.67,0,0.039,-0.012,0.005,-0.005,13.14,-1.6,0.7,100,0
"2026-01-26 09:33:00",144571,"",7999,2026,1,26,9,27,5,-0.0058,1.007,-0.003,-362920.8,0.957,-0.002,1.863,3.73,0,-0.002,-0.001,-0.014,-0.019,13.14,-1.6,0.7,100,0
"2026-01-26 09:36:00",144572,"",7999,2026,1,26,9,27,5,-0.0058,1.007,-0.003,-362920.8,0.957,-0.002,1.863,3.73,0,-0.002,-0.001,-0.014,-0.019,13.14,-1.6,0.7,100,0
"2026-01-26 09:39:00",144573,"",7999,2026,1,26,9,33,5,-0.029,1.001,-0.016,-362928.4,0.951,-0.014,1.852,3.73,0,-0.014,0.004,-0.002,-0.024,13.14,-1.6,0.6,100,0
"2026-01-26 09:42:00",144574,"",7999,2026,1,26,9,33,5,-0.029,1.001,-0.016,-362928.4,0.951,-0.014,1.852,3.73,0,-0.014,0.004,-0.002,-0.024,13.14,-1.6,0.6,100,0
"2026-01-26 09:45:00",144575,"",7999,2026,1,26,9,39,5,0.0303,0.999,0.016,-362924.6,0.949,0.016,1.848,3.75,0,0.016,-0.011,0.012,-0.014,13.14,-1.6,0.6,100,0
"2026-01-26 09:48:00",144576,"",7999,2026,1,26,9,39,5,0.0303,0.999,0.016,-362924.6,0.949,0.016,1.848,3.75,0,0.016,-0.011,0.012,-0.014,13.14,-1.6,0.6,100,0
"2026-01-26 09:51:00",144577,"",7999,2026,1,26,9,45,5,-0.0234,0.995,-0.013,-362926.6,0.945,-0.012,1.841,3.76,0,-0.012,-0.002,-0.026,-0.033,13.14,-1.6,0.6,100,0
"2026-01-26 09:54:00",144578,"",7999,2026,1,26,9,45,5,-0.0234,0.995,-0.013,-362926.6,0.945,-0.012,1.841,3.76,0,-0.012,-0.002,-0.026,-0.033,13.14,-1.6,0.6,100,0
"2026-01-26 09:57:00",144579,"",7999,2026,1,26,9,51,5,-0.0734,0.985,-0.04,-362947,0.935,-0.04,1.823,3.65,0,-0.04,0.001,-0.035,-0.052,13.14,-1.6,0.6,100,0
"2026-01-26 10:00:00",144580,"",7999,2026,1,26,9,51,5,-0.0734,0.985,-0.04,-362947,0.935,-0.04,1.823,3.65,0,-0.04,0.001,-0.035,-0.052,13.14,-1.6,0.6,100,0
"2026-01-26 10:03:00",144581,"",7999,2026,1,26,9,57,5,-0.0653,0.979,-0.036,-362971.5,0.929,-0.035,1.811,3.45,0,-0.035,0.002,-0.007,-0.052,13.14,-1.6,0.6,100,0
"2026-01-26 10:06:00",144582,"",7999,2026,1,26,9,57,5,-0.0653,0.979,-0.036,-362971.5,0.929,-0.035,1.811,3.45,0,-0.035,0.002,-0.007,-0.052,13.14,-1.6,0.6,100,0
"2026-01-26 10:09:00",144583,"",7999,2026,1,26,10,3,5,-0.0437,0.973,-0.024,-362989.8,0.923,-0.023,1.801,3.28,0,-0.023,0,-0.028,-0.054,13.14,-1.6,0.6,100,0
"2026-01-26 10:12:00",144584,"",7999,2026,1,26,10,3,5,-0.0437,0.973,-0.024,-362989.8,0.923,-0.023,1.801,3.28,0,-0.023,0,-0.028,-0.054,13.14,-1.6,0.6,100,0
"2026-01-26 10:15:00",144585,"",7999,2026,1,26,10,9,5,-0.0351,0.97,-0.02,-363003.5,0.92,-0.018,1.795,3.38,0,-0.018,-0.002,-0.002,-0.017,13.14,-1.6,0.6,100,0
"2026-01-26 10:18:00",144586,"",7999,2026,1,26,10,9,5,-0.0351,0.97,-0.02,-363003.5,0.92,-0.018,1.795,3.38,0,-0.018,-0.002,-0.002,-0.017,13.14,-1.6,0.6,100,0
"2026-01-26 10:21:00",144587,"",7999,2026,1,26,10,15,5,-0.0284,0.968,-0.016,-363014.6,0.918,-0.015,1.791,3.57,0,-0.015,-0.005,-0.019,-0.031,13.14,-1.6,0.6,100,0
"2026-01-26 10:24:00",144588,"",7999,2026,1,26,10,15,5,-0.0284,0.968,-0.016,-363014.6,0.918,-0.015,1.791,3.57,0,-0.015,-0.005,-0.019,-0.031,13.14,-1.6,0.6,100,0
"2026-01-26 10:27:00",144589,"",7999,2026,1,26,10,21,5,-0.0226,0.965,-0.013,-363023.4,0.915,-0.012,1.786,3.66,0,-0.012,-0.005,-0.035,-0.043,13.14,-1.6,0.6,100,0
"2026-01-26 10:30:00",144590,"",7999,2026,1,26,10,21,5,-0.0226,0.965,-0.013,-363023.4,0.915,-0.012,1.786,3.66,0,-0.012,-0.005,-0.035,-0.043,13.14,-1.6,0.6,100,0
"2026-01-26 10:33:00",144591,"",7999,2026,1,26,10,27,5,0.033,0.967,0.018,-363018.2,0.917,0.018,1.79,3.69,0,0.018,-0.005,0.005,0.002,13.14,-1.7,0.6,100,0
"2026-01-26 10:36:00",144592,"",7999,2026,1,26,10,27,5,0.033,0.967,0.018,-363018.2,0.917,0.018,1.79,3.69,0,0.018,-0.005,0.005,0.002,13.14,-1.7,0.6,100,0
"2026-01-26 10:39:00",144593,"",7999,2026,1,26,10,33,5,0.0256,0.976,0.014,-363008.1,0.926,0.014,1.806,3.72,0,0.014,-0.01,0.009,-0.009,13.14,-1.7,0.6,100,0
"2026-01-26 10:42:00",144594,"",7999,2026,1,26,10,33,5,0.0256,0.976,0.014,-363008.1,0.926,0.014,1.806,3.72,0,0.014,-0.01,0.009,-0.009,13.14,-1.7,0.6,100,0
"2026-01-26 10:45:00",144595,"",7999,2026,1,26,10,39,5,0.0485,0.985,0.027,-362993.3,0.935,0.025,1.822,3.7,0,0.025,-0.004,0.009,0.012,13.15,-1.7,0.6,100,0
"2026-01-26 10:48:00",144596,"",7999,2026,1,26,10,39,5,0.0485,0.985,0.027,-362993.3,0.935,0.025,1.822,3.7,0,0.025,-0.004,0.009,0.012,13.15,-1.7,0.6,100,0
"2026-01-26 10:51:00",144597,"",7999,2026,1,26,10,45,5,0.0508,0.992,0.028,-362975.3,0.942,0.028,1.835,3.7,0,0.028,-0.004,-0.002,-0.005,13.15,-1.7,0.6,100,0
"2026-01-26 10:54:00",144598,"",7999,2026,1,26,10,45,5,0.0508,0.992,0.028,-362975.3,0.942,0.028,1.835,3.7,0,0.028,-0.004,-0.002,-0.005,13.15,-1.7,0.6,100,0
"2026-01-26 10:57:00",144599,"",7999,2026,1,26,10,51,5,0.0548,0.996,0.03,-362956,0.946,0.029,1.843,3.7,0,0.029,0,0.016,0.021,13.14,-1.7,0.6,100,0
"2026-01-26 11:00:00",144600,"",7999,2026,1,26,10,51,5,0.0548,0.996,0.03,-362956,0.946,0.029,1.843,3.7,0,0.029,0,0.016,0.021,13.14,-1.7,0.6,100,0
"2026-01-26 11:03:00",144601,"",7999,2026,1,26,10,57,5,0.0412,1.002,0.022,-362939.6,0.952,0.022,1.854,3.68,0,0.022,0.003,0.028,0.002,13.14,-1.7,0.6,100,0
"2026-01-26 11:06:00",144602,"",7999,2026,1,26,10,57,5,0.0412,1.002,0.022,-362939.6,0.952,0.022,1.854,3.68,0,0.022,0.003,0.028,0.002,13.14,-1.7,0.6,100,0
"2026-01-26 11:09:00",144603,"",7999,2026,1,26,11,3,5,0.0181,1.004,0.01,-362930.3,0.954,0.008,1.858,3.67,0,0.008,-0.001,0.007,-0.012,13.14,-1.7,0.6,100,0
"2026-01-26 11:12:00",144604,"",7999,2026,1,26,11,3,5,0.0181,1.004,0.01,-362930.3,0.954,0.008,1.858,3.67,0,0.008,-0.001,0.007,-0.012,13.14,-1.7,0.6,100,0
"2026-01-26 11:15:00",144605,"",7999,2026,1,26,11,9,5,-0.0041,1,-0.002,-362929.1,0.95,-0.002,1.85,3.69,0,-0.002,0.001,-0.009,-0.026,13.14,-1.8,0.6,100,0
"2026-01-26 11:18:00",144606,"",7999,2026,1,26,11,9,5,-0.0041,1,-0.002,-362929.1,0.95,-0.002,1.85,3.69,0,-0.002,0.001,-0.009,-0.026,13.14,-1.8,0.6,100,0
"2026-01-26 11:21:00",144607,"",7999,2026,1,26,11,15,5,-0.0413,0.991,-0.023,-362939.5,0.941,-0.022,1.834,3.61,0,-0.022,-0.003,0,-0.031,13.15,-1.8,0.6,100,0
"2026-01-26 11:24:00",144608,"",7999,2026,1,26,11,15,5,-0.0413,0.991,-0.023,-362939.5,0.941,-0.022,1.834,3.61,0,-0.022,-0.003,0,-0.031,13.15,-1.8,0.6,100,0
"2026-01-26 11:27:00",144609,"",7999,2026,1,26,11,21,5,-0.0834,0.98,-0.046,-362964.5,0.93,-0.046,1.813,3.47,0,-0.046,-0.006,-0.035,-0.054,13.15,-1.7,0.6,100,0
"2026-01-26 11:30:00",144610,"",7999,2026,1,26,11,21,5,-0.0834,0.98,-0.046,-362964.5,0.93,-0.046,1.813,3.47,0,-0.046,-0.006,-0.035,-0.054,13.15,-1.7,0.6,100,0
"2026-01-26 11:33:00",144611,"",7999,2026,1,26,11,27,5,-0.1039,0.966,-0.058,-362999.5,0.916,-0.058,1.787,3.22,0,-0.058,-0.001,-0.051,-0.062,13.15,-1.8,0.6,100,0
"2026-01-26 11:36:00",144612,"",7999,2026,1,26,11,27,5,-0.1039,0.966,-0.058,-362999.5,0.916,-0.058,1.787,3.22,0,-0.058,-0.001,-0.051,-0.062,13.15,-1.8,0.6,100,0
"2026-01-26 11:39:00",144613,"",7999,2026,1,26,11,33,5,-0.12,0.949,-0.068,-363040.8,0.899,-0.068,1.757,2.96,0,-0.068,-0.003,-0.058,-0.092,13.14,-1.9,0.6,100,0
"2026-01-26 11:42:00",144614,"",7999,2026,1,26,11,33,5,-0.12,0.949,-0.068,-363040.8,0.899,-0.068,1.757,2.96,0,-0.068,-0.003,-0.058,-0.092,13.14,-1.9,0.6,100,0
"2026-01-26 11:45:00",144615,"",7999,2026,1,26,11,39,5,-0.0988,0.932,-0.057,-363078.9,0.882,-0.057,1.724,2.63,0,-0.057,-0.002,-0.056,-0.078,13.15,-1.9,0.6,100,0
"2026-01-26 11:48:00",144616,"",7999,2026,1,26,11,39,5,-0.0988,0.932,-0.057,-363078.9,0.882,-0.057,1.724,2.63,0,-0.057,-0.002,-0.056,-0.078,13.15,-1.9,0.6,100,0
"2026-01-26 11:51:00",144617,"",7999,2026,1,26,11,45,5,-0.0801,0.918,-0.047,-363110,0.868,-0.047,1.699,2.36,0,-0.047,0,-0.044,-0.05,13.14,-1.8,0.6,100,0
"2026-01-26 11:54:00",144618,"",7999,2026,1,26,11,45,5,-0.0801,0.918,-0.047,-363110,0.868,-0.047,1.699,2.36,0,-0.047,0,-0.044,-0.05,13.14,-1.8,0.6,100,0
"2026-01-26 11:57:00",144619,"",7999,2026,1,26,11,51,5,-0.063,0.906,-0.038,-363134.8,0.856,-0.038,1.677,2.2,0,-0.038,-0.001,-0.028,-0.057,13.15,-1.8,0.6,100,0
"2026-01-26 12:00:00",144620,"",7999,2026,1,26,11,51,5,-0.063,0.906,-0.038,-363134.8,0.856,-0.038,1.677,2.2,0,-0.038,-0.001,-0.028,-0.057,13.15,-1.8,0.6,100,0
"2026-01-26 12:03:00",144621,"",7999,2026,1,26,11,57,5,-0.0586,0.9,-0.035,-363156.4,0.85,-0.034,1.665,2.06,0,-0.034,0.002,-0.037,-0.05,13.15,-1.8,0.6,100,0
"2026-01-26 12:06:00",144622,"",7999,2026,1,26,11,57,5,-0.0586,0.9,-0.035,-363156.4,0.85,-0.034,1.665,2.06,0,-0.034,0.002,-0.037,-0.05,13.15,-1.8,0.6,100,0
"2026-01-26 12:09:00",144623,"",7999,2026,1,26,12,3,5,-0.0592,0.891,-0.036,-363177.6,0.841,-0.035,1.65,1.96,0,-0.035,0.002,-0.028,-0.043,13.15,-1.8,0.6,100,0
"2026-01-26 12:12:00",144624,"",7999,2026,1,26,12,3,5,-0.0592,0.891,-0.036,-363177.6,0.841,-0.035,1.65,1.96,0,-0.035,0.002,-0.028,-0.043,13.15,-1.8,0.6,100,0
"2026-01-26 12:15:00",144625,"",7999,2026,1,26,12,9,5,-0.0274,0.885,-0.017,-363191.3,0.835,-0.016,1.637,1.88,2,-0.016,-0.004,-0.026,-0.033,13.15,-2,0.6,100,0
"2026-01-26 12:18:00",144626,"",7999,2026,1,26,12,9,5,-0.0274,0.885,-0.017,-363191.3,0.835,-0.016,1.637,1.88,2,-0.016,-0.004,-0.026,-0.033,13.15,-2,0.6,100,0
"2026-01-26 12:21:00",144627,"",7999,2026,1,26,12,15,5,-0.0129,0.883,-0.008,-363197.7,0.833,-0.007,1.635,1.89,2,-0.007,0.002,-0.012,-0.005,13.15,-2,0.6,100,0
"2026-01-26 12:24:00",144628,"",7999,2026,1,26,12,15,5,-0.0129,0.883,-0.008,-363197.7,0.833,-0.007,1.635,1.89,2,-0.007,0.002,-0.012,-0.005,13.15,-2,0.6,100,0
"2026-01-26 12:27:00",144629,"",7999,2026,1,26,12,21,5,-0.0283,0.881,-0.017,-363206.1,0.831,-0.016,1.63,1.9,2,-0.016,0.004,-0.016,-0.009,13.15,-2,0.6,100,0
"2026-01-26 12:30:00",144630,"",7999,2026,1,26,12,21,5,-0.0283,0.881,-0.017,-363206.1,0.831,-0.016,1.63,1.9,2,-0.016,0.004,-0.016,-0.009,13.15,-2,0.6,100,0
"2026-01-26 12:33:00",144631,"",7999,2026,1,26,12,27,5,-0.0236,0.874,-0.015,-363215.2,0.824,-0.013,1.618,1.86,0,-0.013,0.004,-0.019,-0.017,13.15,-1.9,0.6,100,0
"2026-01-26 12:36:00",144632,"",7999,2026,1,26,12,27,5,-0.0236,0.874,-0.015,-363215.2,0.824,-0.013,1.618,1.86,0,-0.013,0.004,-0.019,-0.017,13.15,-1.9,0.6,100,0
"2026-01-26 12:39:00",144633,"",7999,2026,1,26,12,33,5,-0.0128,0.874,-0.008,-363221.1,0.824,-0.006,1.618,1.9,0,-0.006,0.002,-0.005,-0.012,13.15,-1.9,0.6,100,0
"2026-01-26 12:42:00",144634,"",7999,2026,1,26,12,33,5,-0.0128,0.874,-0.008,-363221.1,0.824,-0.006,1.618,1.9,0,-0.006,0.002,-0.005,-0.012,13.15,-1.9,0.6,100,0
"2026-01-26 12:45:00",144635,"",7999,2026,1,26,12,39,5,-0.0191,0.874,-0.012,-363227.2,0.824,-0.011,1.617,2.01,0,-0.011,0,-0.012,-0.017,13.15,-1.9,0.6,100,0
"2026-01-26 12:48:00",144636,"",7999,2026,1,26,12,39,5,-0.0191,0.874,-0.012,-363227.2,0.824,-0.011,1.617,2.01,0,-0.011,0,-0.012,-0.017,13.15,-1.9,0.6,100,0
"2026-01-26 12:51:00",144637,"",7999,2026,1,26,12,45,5,-0.0017,0.871,-0.001,-363229.9,0.821,-0.001,1.612,2,0,-0.001,-0.002,-0.014,-0.009,13.15,-1.9,0.6,100,0
"2026-01-26 12:54:00",144638,"",7999,2026,1,26,12,45,5,-0.0017,0.871,-0.001,-363229.9,0.821,-0.001,1.612,2,0,-0.001,-0.002,-0.014,-0.009,13.15,-1.9,0.6,100,0
"2026-01-26 12:57:00",144639,"",7999,2026,1,26,12,51,5,0.0172,0.87,0.011,-363226,0.82,0.011,1.611,2.01,0,0.011,-0.008,-0.009,-0.012,13.15,-1.9,0.6,100,0
"2026-01-26 13:00:00",144640,"",7999,2026,1,26,12,51,5,0.0172,0.87,0.011,-363226,0.82,0.011,1.611,2.01,0,0.011,-0.008,-0.009,-0.012,13.15,-1.9,0.6,100,0
"2026-01-26 13:03:00",144641,"",7999,2026,1,26,12,57,5,-0.0179,0.867,-0.011,-363228.3,0.817,-0.011,1.604,2.07,2,-0.011,0.002,-0.009,-0.012,13.15,-2,0.6,100,0
"2026-01-26 13:06:00",144642,"",7999,2026,1,26,12,57,5,-0.0179,0.867,-0.011,-363228.3,0.817,-0.011,1.604,2.07,2,-0.011,0.002,-0.009,-0.012,13.15,-2,0.6,100,0
"2026-01-26 13:09:00",144643,"",7999,2026,1,26,13,3,5,-0.0285,0.863,-0.018,-363237.3,0.813,-0.017,1.596,2.09,2,-0.017,0.003,-0.014,-0.014,13.15,-2.1,0.6,100,0
"2026-01-26 13:12:00",144644,"",7999,2026,1,26,13,3,5,-0.0285,0.863,-0.018,-363237.3,0.813,-0.017,1.596,2.09,2,-0.017,0.003,-0.014,-0.014,13.15,-2.1,0.6,100,0
"2026-01-26 13:15:00",144645,"",7999,2026,1,26,13,9,5,-0.0323,0.856,-0.02,-363248.5,0.806,-0.021,1.584,2.03,2,-0.021,0.002,-0.014,-0.031,13.15,-2,0.6,100,0
"2026-01-26 13:18:00",144646,"",7999,2026,1,26,13,9,5,-0.0323,0.856,-0.02,-363248.5,0.806,-0.021,1.584,2.03,2,-0.021,0.002,-0.014,-0.031,13.15,-2,0.6,100,0
"2026-01-26 13:21:00",144647,"",7999,2026,1,26,13,15,5,-0.0383,0.847,-0.024,-363261.6,0.797,-0.023,1.567,1.99,2,-0.023,0.001,-0.023,-0.045,13.15,-2,0.6,100,0
"2026-01-26 13:24:00",144648,"",7999,2026,1,26,13,15,5,-0.0383,0.847,-0.024,-363261.6,0.797,-0.023,1.567,1.99,2,-0.023,0.001,-0.023,-0.045,13.15,-2,0.6,100,0
"2026-01-26 13:27:00",144649,"",7999,2026,1,26,13,21,5,-0.0369,0.836,-0.024,-363275,0.786,-0.023,1.547,1.97,2,-0.023,0.002,-0.021,-0.04,13.15,-2.1,0.6,100,0
"2026-01-26 13:30:00",144650,"",7999,2026,1,26,13,21,5,-0.0369,0.836,-0.024,-363275,0.786,-0.023,1.547,1.97,2,-0.023,0.002,-0.021,-0.04,13.15,-2.1,0.6,100,0
"2026-01-26 13:33:00",144651,"",7999,2026,1,26,13,27,5,-0.0433,0.822,-0.029,-363289.9,0.772,-0.028,1.521,1.95,2,-0.028,0.006,-0.028,-0.036,13.15,-2.1,0.6,100,0
"2026-01-26 13:36:00",144652,"",7999,2026,1,26,13,27,5,-0.0433,0.822,-0.029,-363289.9,0.772,-0.028,1.521,1.95,2,-0.028,0.006,-0.028,-0.036,13.15,-2.1,0.6,100,0
"2026-01-26 13:39:00",144653,"",7999,2026,1,26,13,33,5,-0.0541,0.804,-0.036,-363308.1,0.754,-0.035,1.488,1.91,2,-0.035,0.006,-0.03,-0.054,13.15,-2.1,0.6,100,0
"2026-01-26 13:42:00",144654,"",7999,2026,1,26,13,33,5,-0.0541,0.804,-0.036,-363308.1,0.754,-0.035,1.488,1.91,2,-0.035,0.006,-0.03,-0.054,13.15,-2.1,0.6,100,0
"2026-01-26 13:45:00",144655,"",7999,2026,1,26,13,39,5,-0.046,0.792,-0.031,-363325.6,0.742,-0.03,1.467,1.89,2,-0.03,0.001,-0.023,-0.036,13.15,-2,0.6,100,0
"2026-01-26 13:48:00",144656,"",7999,2026,1,26,13,39,5,-0.046,0.792,-0.031,-363325.6,0.742,-0.03,1.467,1.89,2,-0.03,0.001,-0.023,-0.036,13.15,-2,0.6,100,0
"2026-01-26 13:51:00",144657,"",7999,2026,1,26,13,45,5,-0.0181,0.782,-0.013,-363335.5,0.732,-0.012,1.447,1.91,2,-0.012,-0.001,-0.023,-0.028,13.14,-2.2,0.6,100,0
"2026-01-26 13:54:00",144658,"",7999,2026,1,26,13,45,5,-0.0181,0.782,-0.013,-363335.5,0.732,-0.012,1.447,1.91,2,-0.012,-0.001,-0.023,-0.028,13.14,-2.2,0.6,100,0
"2026-01-26 13:57:00",144659,"",7999,2026,1,26,13,51,5,-0.0151,0.77,-0.011,-363341.3,0.72,-0.01,1.425,1.96,2,-0.01,0.001,-0.012,-0.036,13.15,-2.1,0.6,100,0
"2026-01-26 14:00:00",144660,"",7999,2026,1,26,13,51,5,-0.0151,0.77,-0.011,-363341.3,0.72,-0.01,1.425,1.96,2,-0.01,0.001,-0.012,-0.036,13.15,-2.1,0.6,100,0
"2026-01-26 14:03:00",144661,"",7999,2026,1,26,13,57,5,-0.0374,0.76,-0.027,-363352.1,0.71,-0.027,1.406,1.97,2,-0.027,0,-0.019,-0.031,13.15,-2.1,0.6,100,0
"2026-01-26 14:06:00",144662,"",7999,2026,1,26,13,57,5,-0.0374,0.76,-0.027,-363352.1,0.71,-0.027,1.406,1.97,2,-0.027,0,-0.019,-0.031,13.15,-2.1,0.6,100,0
"2026-01-26 14:09:00",144663,"",7999,2026,1,26,14,3,5,-0.032,0.751,-0.023,-363364.3,0.701,-0.022,1.389,1.97,2,-0.022,0.002,-0.026,-0.026,13.15,-2.1,0.6,100,0
"2026-01-26 14:12:00",144664,"",7999,2026,1,26,14,3,5,-0.032,0.751,-0.023,-363364.3,0.701,-0.022,1.389,1.97,2,-0.022,0.002,-0.026,-0.026,13.15,-2.1,0.6,100,0
"2026-01-26 14:15:00",144665,"",7999,2026,1,26,14,9,5,-0.0141,0.75,-0.01,-363371.5,0.7,-0.01,1.387,2,2,-0.01,0.001,-0.012,-0.009,13.15,-2.1,0.7,100,0
"2026-01-26 14:18:00",144666,"",7999,2026,1,26,14,9,5,-0.0141,0.75,-0.01,-363371.5,0.7,-0.01,1.387,2,2,-0.01,0.001,-0.012,-0.009,13.15,-2.1,0.7,100,0
"2026-01-26 14:21:00",144667,"",7999,2026,1,26,14,15,5,-0.0022,0.751,-0.002,-363373.8,0.701,-0.001,1.39,2.13,2,-0.001,-0.001,-0.007,-0.017,13.15,-2,0.7,100,0
"2026-01-26 14:24:00",144668,"",7999,2026,1,26,14,15,5,-0.0022,0.751,-0.002,-363373.8,0.701,-0.001,1.39,2.13,2,-0.001,-0.001,-0.007,-0.017,13.15,-2,0.7,100,0
"2026-01-26 14:27:00",144669,"",7999,2026,1,26,14,21,5,-0.0113,0.748,-0.008,-363376.8,0.698,-0.006,1.385,2.22,2,-0.006,-0.001,-0.005,-0.021,13.14,-2.1,0.7,100,0
"2026-01-26 14:30:00",144670,"",7999,2026,1,26,14,21,5,-0.0113,0.748,-0.008,-363376.8,0.698,-0.006,1.385,2.22,2,-0.006,-0.001,-0.005,-0.021,13.14,-2.1,0.7,100,0
"2026-01-26 14:33:00",144671,"",7999,2026,1,26,14,27,5,-0.0039,0.754,-0.003,-363379.1,0.704,-0.001,1.395,2.26,2,-0.001,0.001,0.005,-0.007,13.15,-2,0.7,100,0
"2026-01-26 14:36:00",144672,"",7999,2026,1,26,14,27,5,-0.0039,0.754,-0.003,-363379.1,0.704,-0.001,1.395,2.26,2,-0.001,0.001,0.005,-0.007,13.15,-2,0.7,100,0
"2026-01-26 14:39:00",144673,"",7999,2026,1,26,14,33,5,-0.0029,0.756,-0.002,-363380.3,0.706,-0.002,1.398,2.25,2,-0.002,0.001,-0.002,0,13.14,-2.1,0.7,100,0
"2026-01-26 14:42:00",144674,"",7999,2026,1,26,14,33,5,-0.0029,0.756,-0.002,-363380.3,0.706,-0.002,1.398,2.25,2,-0.002,0.001,-0.002,0,13.14,-2.1,0.7,100,0
"2026-01-26 14:45:00",144675,"",7999,2026,1,26,14,39,5,-0.0177,0.743,-0.013,-363384.9,0.693,-0.011,1.376,2.17,2,-0.011,0.001,-0.009,-0.026,13.14,-2.2,0.8,100,0
"2026-01-26 14:48:00",144676,"",7999,2026,1,26,14,39,5,-0.0177,0.743,-0.013,-363384.9,0.693,-0.011,1.376,2.17,2,-0.011,0.001,-0.009,-0.026,13.14,-2.2,0.8,100,0
"2026-01-26 14:51:00",144677,"",7999,2026,1,26,14,45,5,-0.0172,0.735,-0.013,-363391.1,0.685,-0.011,1.361,2.17,2,-0.011,0.001,-0.023,-0.019,13.14,-2.1,0.8,100,0
"2026-01-26 14:54:00",144678,"",7999,2026,1,26,14,45,5,-0.0172,0.735,-0.013,-363391.1,0.685,-0.011,1.361,2.17,2,-0.011,0.001,-0.023,-0.019,13.14,-2.1,0.8,100,0
"2026-01-26 14:57:00",144679,"",7999,2026,1,26,14,51,5,-0.0196,0.727,-0.015,-363397.9,0.677,-0.013,1.345,2.2,2,-0.013,0.002,-0.009,-0.012,13.14,-2.1,0.8,100,0
"2026-01-26 15:00:00",144680,"",7999,2026,1,26,14,51,5,-0.0196,0.727,-0.015,-363397.9,0.677,-0.013,1.345,2.2,2,-0.013,0.002,-0.009,-0.012,13.14,-2.1,0.8,100,0
"2026-01-26 15:03:00",144681,"",7999,2026,1,26,14,57,5,-0.0229,0.715,-0.017,-363405.8,0.665,-0.016,1.324,2.17,2,-0.016,0.003,-0.016,-0.014,13.15,-2,0.7,100,0
"2026-01-26 15:06:00",144682,"",7999,2026,1,26,14,57,5,-0.0229,0.715,-0.017,-363405.8,0.665,-0.016,1.324,2.17,2,-0.016,0.003,-0.016,-0.014,13.15,-2,0.7,100,0
"2026-01-26 15:09:00",144683,"",7999,2026,1,26,15,3,5,-0.0142,0.712,-0.011,-363411.9,0.662,-0.01,1.318,2.21,2,-0.01,0.001,-0.009,-0.012,13.14,-2,0.6,100,0
"2026-01-26 15:12:00",144684,"",7999,2026,1,26,15,3,5,-0.0142,0.712,-0.011,-363411.9,0.662,-0.01,1.318,2.21,2,-0.01,0.001,-0.009,-0.012,13.14,-2,0.6,100,0
"2026-01-26 15:15:00",144685,"",7999,2026,1,26,15,9,5,-0.0249,0.715,-0.019,-363419.6,0.665,-0.017,1.322,2.28,0,-0.017,0.006,-0.012,-0.014,13.14,-1.9,0.6,100,0
"2026-01-26 15:18:00",144686,"",7999,2026,1,26,15,9,5,-0.0249,0.715,-0.019,-363419.6,0.665,-0.017,1.322,2.28,0,-0.017,0.006,-0.012,-0.014,13.14,-1.9,0.6,100,0
"2026-01-26 15:21:00",144687,"",7999,2026,1,26,15,15,5,0.0001,0.715,0,-363422.6,0.665,0,1.323,2.3,0,0,0,0,-0.009,13.14,-1.9,0.6,100,0
"2026-01-26 15:24:00",144688,"",7999,2026,1,26,15,15,5,0.0001,0.715,0,-363422.6,0.665,0,1.323,2.3,0,0,0,0,-0.009,13.14,-1.9,0.6,100,0
"2026-01-26 15:27:00",144689,"",7999,2026,1,26,15,21,5,-0.0224,0.7,-0.017,-363427.9,0.65,-0.016,1.295,2.25,0,-0.016,0.001,-0.012,-0.024,13.14,-1.8,0.6,100,0
"2026-01-26 15:30:00",144690,"",7999,2026,1,26,15,21,5,-0.0224,0.7,-0.017,-363427.9,0.65,-0.016,1.295,2.25,0,-0.016,0.001,-0.012,-0.024,13.14,-1.8,0.6,100,0
"2026-01-26 15:33:00",144691,"",7999,2026,1,26,15,27,5,-0.0277,0.685,-0.022,-363437.3,0.635,-0.022,1.268,2.21,0,-0.022,0.001,-0.014,-0.031,13.15,-1.8,0.6,100,0
"2026-01-26 15:36:00",144692,"",7999,2026,1,26,15,27,5,-0.0277,0.685,-0.022,-363437.3,0.635,-0.022,1.268,2.21,0,-0.022,0.001,-0.014,-0.031,13.15,-1.8,0.6,100,0
"2026-01-26 15:39:00",144693,"",7999,2026,1,26,15,33,5,-0.0206,0.68,-0.016,-363445.6,0.63,-0.015,1.258,2.21,0,-0.015,0.001,-0.016,-0.026,13.14,-1.8,0.6,100,0
"2026-01-26 15:42:00",144694,"",7999,2026,1,26,15,33,5,-0.0206,0.68,-0.016,-363445.6,0.63,-0.015,1.258,2.21,0,-0.015,0.001,-0.016,-0.026,13.14,-1.8,0.6,100,0
"2026-01-26 15:45:00",144695,"",7999,2026,1,26,15,39,5,-0.0183,0.673,-0.015,-363452.5,0.623,-0.015,1.245,2.27,0,-0.015,0.001,-0.012,-0.017,13.15,-1.8,0.6,100,0
"2026-01-26 15:48:00",144696,"",7999,2026,1,26,15,39,5,-0.0183,0.673,-0.015,-363452.5,0.623,-0.015,1.245,2.27,0,-0.015,0.001,-0.012,-0.017,13.15,-1.8,0.6,100,0
"2026-01-26 15:51:00",144697,"",7999,2026,1,26,15,45,5,-0.0188,0.661,-0.015,-363459.2,0.611,-0.015,1.223,2.27,0,-0.015,0.001,-0.009,-0.021,13.15,-1.8,0.6,100,0
"2026-01-26 15:54:00",144698,"",7999,2026,1,26,15,45,5,-0.0188,0.661,-0.015,-363459.2,0.611,-0.015,1.223,2.27,0,-0.015,0.001,-0.009,-0.021,13.15,-1.8,0.6,100,0
"2026-01-26 15:57:00",144699,"",7999,2026,1,26,15,51,5,-0.0157,0.652,-0.013,-363465.3,0.602,-0.011,1.206,2.27,0,-0.011,0.001,-0.009,-0.017,13.14,-1.8,0.6,100,0
"2026-01-26 16:00:00",144700,"",7999,2026,1,26,15,51,5,-0.0157,0.652,-0.013,-363465.3,0.602,-0.011,1.206,2.27,0,-0.011,0.001,-0.009,-0.017,13.14,-1.8,0.6,100,0
"2026-01-26 16:03:00",144701,"",7999,2026,1,26,15,57,5,-0.0099,0.653,-0.008,-363469.6,0.603,-0.007,1.208,2.3,0,-0.007,0,-0.019,-0.021,13.15,-1.8,0.6,100,0
"2026-01-26 16:06:00",144702,"",7999,2026,1,26,15,57,5,-0.0099,0.653,-0.008,-363469.6,0.603,-0.007,1.208,2.3,0,-0.007,0,-0.019,-0.021,13.15,-1.8,0.6,100,0
"2026-01-26 16:09:00",144703,"",7999,2026,1,26,16,3,5,-0.0063,0.657,-0.005,-363472.3,0.607,-0.004,1.216,2.31,0,-0.004,-0.001,0.002,-0.012,13.15,-1.8,0.6,100,0
"2026-01-26 16:12:00",144704,"",7999,2026,1,26,16,3,5,-0.0063,0.657,-0.005,-363472.3,0.607,-0.004,1.216,2.31,0,-0.004,-0.001,0.002,-0.012,13.15,-1.8,0.6,100,0
"2026-01-26 16:15:00",144705,"",7999,2026,1,26,16,9,5,-0.0073,0.661,-0.006,-363474.8,0.611,-0.005,1.224,2.3,0,-0.005,0,-0.002,-0.019,13.15,-1.8,0.6,100,0
"2026-01-26 16:18:00",144706,"",7999,2026,1,26,16,9,5,-0.0073,0.661,-0.006,-363474.8,0.611,-0.005,1.224,2.3,0,-0.005,0,-0.002,-0.019,13.15,-1.8,0.6,100,0
"2026-01-26 16:21:00",144707,"",7999,2026,1,26,16,15,5,-0.0097,0.67,-0.008,-363478,0.62,-0.006,1.24,2.26,0,-0.006,0.003,0,-0.009,13.14,-1.8,0.6,100,0
"2026-01-26 16:24:00",144708,"",7999,2026,1,26,16,15,5,-0.0097,0.67,-0.008,-363478,0.62,-0.006,1.24,2.26,0,-0.006,0.003,0,-0.009,13.14,-1.8,0.6,100,0
"2026-01-26 16:27:00",144709,"",7999,2026,1,26,16,21,5,-0.014,0.671,-0.011,-363482.6,0.621,-0.01,1.243,2.24,0,-0.01,0.003,-0.014,-0.007,13.15,-1.8,0.6,100,0
"2026-01-26 16:30:00",144710,"",7999,2026,1,26,16,21,5,-0.014,0.671,-0.011,-363482.6,0.621,-0.01,1.243,2.24,0,-0.01,0.003,-0.014,-0.007,13.15,-1.8,0.6,100,0
"2026-01-26 16:33:00",144711,"",7999,2026,1,26,16,27,5,-0.0108,0.673,-0.009,-363486.9,0.623,-0.007,1.246,2.19,0,-0.007,0.003,-0.002,-0.014,13.15,-1.8,0.6,100,0
"2026-01-26 16:36:00",144712,"",7999,2026,1,26,16,27,5,-0.0108,0.673,-0.009,-363486.9,0.623,-0.007,1.246,2.19,0,-0.007,0.003,-0.002,-0.014,13.15,-1.8,0.6,100,0
"2026-01-26 16:39:00",144713,"",7999,2026,1,26,16,33,5,0.0031,0.678,0.002,-363487.4,0.628,0.002,1.255,2.22,0,0.002,-0.002,-0.026,-0.007,13.15,-1.7,0.6,100,0
"2026-01-26 16:42:00",144714,"",7999,2026,1,26,16,33,5,0.0031,0.678,0.002,-363487.4,0.628,0.002,1.255,2.22,0,0.002,-0.002,-0.026,-0.007,13.15,-1.7,0.6,100,0
"2026-01-26 16:45:00",144715,"",7999,2026,1,26,16,39,5,0.0115,0.676,0.009,-363484.3,0.626,0.01,1.25,2.19,0,0.01,-0.004,-0.019,-0.009,13.15,-1.7,0.6,100,0
"2026-01-26 16:48:00",144716,"",7999,2026,1,26,16,39,5,0.0115,0.676,0.009,-363484.3,0.626,0.01,1.25,2.19,0,0.01,-0.004,-0.019,-0.009,13.15,-1.7,0.6,100,0
"2026-01-26 16:51:00",144717,"",7999,2026,1,26,16,45,5,0.0023,0.672,0.002,-363482.3,0.622,0.001,1.243,2.24,0,0.001,-0.003,-0.019,-0.026,13.15,-1.7,0.6,100,0
"2026-01-26 16:54:00",144718,"",7999,2026,1,26,16,45,5,0.0023,0.672,0.002,-363482.3,0.622,0.001,1.243,2.24,0,0.001,-0.003,-0.019,-0.026,13.15,-1.7,0.6,100,0
"2026-01-26 16:57:00",144719,"",7999,2026,1,26,16,51,5,-0.026,0.664,-0.021,-363488.3,0.614,-0.019,1.228,2.27,0,-0.019,0.002,-0.016,-0.007,13.15,-1.7,0.6,100,0
"2026-01-26 17:00:00",144720,"",7999,2026,1,26,16,51,5,-0.026,0.664,-0.021,-363488.3,0.614,-0.019,1.228,2.27,0,-0.019,0.002,-0.016,-0.007,13.15,-1.7,0.6,100,0
"2026-01-26 17:03:00",144721,"",7999,2026,1,26,16,57,5,-0.0173,0.652,-0.014,-363495.5,0.602,-0.013,1.206,2.28,0,-0.013,0,-0.023,-0.012,13.15,-1.7,0.6,100,0
"2026-01-26 17:06:00",144722,"",7999,2026,1,26,16,57,5,-0.0173,0.652,-0.014,-363495.5,0.602,-0.013,1.206,2.28,0,-0.013,0,-0.023,-0.012,13.15,-1.7,0.6,100,0
"2026-01-26 17:09:00",144723,"",7999,2026,1,26,17,3,5,-0.0142,0.644,-0.012,-363501,0.594,-0.011,1.191,2.29,0,-0.011,0.001,-0.009,-0.009,13.15,-1.7,0.6,100,0
"2026-01-26 17:12:00",144724,"",7999,2026,1,26,17,3,5,-0.0142,0.644,-0.012,-363501,0.594,-0.011,1.191,2.29,0,-0.011,0.001,-0.009,-0.009,13.15,-1.7,0.6,100,0
"2026-01-26 17:15:00",144725,"",7999,2026,1,26,17,9,5,-0.0129,0.639,-0.011,-363505.8,0.589,-0.01,1.182,2.31,0,-0.01,0,-0.016,-0.014,13.15,-1.7,0.6,100,0
"2026-01-26 17:18:00",144726,"",7999,2026,1,26,17,9,5,-0.0129,0.639,-0.011,-363505.8,0.589,-0.01,1.182,2.31,0,-0.01,0,-0.016,-0.014,13.15,-1.7,0.6,100,0
"2026-01-26 17:21:00",144727,"",7999,2026,1,26,17,15,5,-0.0142,0.63,-0.012,-363510.8,0.58,-0.011,1.167,2.29,0,-0.011,0,-0.012,-0.019,13.14,-1.7,0.6,100,0
"2026-01-26 17:24:00",144728,"",7999,2026,1,26,17,15,5,-0.0142,0.63,-0.012,-363510.8,0.58,-0.011,1.167,2.29,0,-0.011,0,-0.012,-0.019,13.14,-1.7,0.6,100,0
"2026-01-26 17:27:00",144729,"",7999,2026,1,26,17,21,5,-0.0113,0.621,-0.01,-363515.3,0.571,-0.01,1.149,2.3,0,-0.01,0,-0.016,-0.002,13.14,-1.7,0.6,100,0
"2026-01-26 17:30:00",144730,"",7999,2026,1,26,17,21,5,-0.0113,0.621,-0.01,-363515.3,0.571,-0.01,1.149,2.3,0,-0.01,0,-0.016,-0.002,13.14,-1.7,0.6,100,0
"2026-01-26 17:33:00",144731,"",7999,2026,1,26,17,27,5,-0.015,0.612,-0.013,-363520.3,0.562,-0.012,1.133,2.31,0,-0.012,0,-0.014,-0.005,13.14,-1.7,0.6,100,0
"2026-01-26 17:36:00",144732,"",7999,2026,1,26,17,27,5,-0.015,0.612,-0.013,-363520.3,0.562,-0.012,1.133,2.31,0,-0.012,0,-0.014,-0.005,13.14,-1.7,0.6,100,0
"2026-01-26 17:39:00",144733,"",7999,2026,1,26,17,33,5,-0.0129,0.602,-0.012,-363525.2,0.552,-0.011,1.114,2.32,0,-0.011,0.001,-0.007,-0.047,13.14,-1.7,0.6,100,0
"2026-01-26 17:42:00",144734,"",7999,2026,1,26,17,33,5,-0.0129,0.602,-0.012,-363525.2,0.552,-0.011,1.114,2.32,0,-0.011,0.001,-0.007,-0.047,13.14,-1.7,0.6,100,0
"2026-01-26 17:45:00",144735,"",7999,2026,1,26,17,39,5,-0.0102,0.599,-0.009,-363529.2,0.549,-0.007,1.108,2.32,0,-0.007,0,-0.023,0.007,13.14,-1.7,0.6,100,0
"2026-01-26 17:48:00",144736,"",7999,2026,1,26,17,39,5,-0.0102,0.599,-0.009,-363529.2,0.549,-0.007,1.108,2.32,0,-0.007,0,-0.023,0.007,13.14,-1.7,0.6,100,0
"2026-01-26 17:51:00",144737,"",7999,2026,1,26,17,45,5,-0.0076,0.6,-0.007,-363532.3,0.55,-0.005,1.11,2.35,0,-0.005,0,-0.009,0.057,13.14,-1.7,0.6,100,0
"2026-01-26 17:54:00",144738,"",7999,2026,1,26,17,45,5,-0.0076,0.6,-0.007,-363532.3,0.55,-0.005,1.11,2.35,0,-0.005,0,-0.009,0.057,13.14,-1.7,0.6,100,0
"2026-01-26 17:57:00",144739,"",7999,2026,1,26,17,51,5,-0.0074,0.599,-0.007,-363534.9,0.549,-0.006,1.108,2.33,0,-0.006,0.001,-0.007,0.014,13.14,-1.7,0.6,100,0
"2026-01-26 18:00:00",144740,"",7999,2026,1,26,17,51,5,-0.0074,0.599,-0.007,-363534.9,0.549,-0.006,1.108,2.33,0,-0.006,0.001,-0.007,0.014,13.14,-1.7,0.6,100,0
"2026-01-26 18:03:00",144741,"",7999,2026,1,26,17,57,5,-0.0076,0.596,-0.007,-363537.7,0.546,-0.006,1.103,2.31,0,-0.006,0.001,-0.009,0.095,13.14,-1.7,0.6,100,0
"2026-01-26 18:06:00",144742,"",7999,2026,1,26,17,57,5,-0.0076,0.596,-0.007,-363537.7,0.546,-0.006,1.103,2.31,0,-0.006,0.001,-0.009,0.095,13.14,-1.7,0.6,100,0
"2026-01-26 18:09:00",144743,"",7999,2026,1,26,18,3,5,-0.0071,0.597,-0.006,-363540.3,0.547,-0.006,1.105,2.31,0,-0.006,-0.001,-0.012,-0.104,13.14,-1.7,0.6,100,0
"2026-01-26 18:12:00",144744,"",7999,2026,1,26,18,3,5,-0.0071,0.597,-0.006,-363540.3,0.547,-0.006,1.105,2.31,0,-0.006,-0.001,-0.012,-0.104,13.14,-1.7,0.6,100,0
"2026-01-26 18:15:00",144745,"",7999,2026,1,26,18,9,5,-0.0023,0.611,-0.002,-363541.7,0.561,-0.001,1.131,2.32,0,-0.001,0.001,0.012,-0.019,13.14,-1.7,0.6,100,0
"2026-01-26 18:18:00",144746,"",7999,2026,1,26,18,9,5,-0.0023,0.611,-0.002,-363541.7,0.561,-0.001,1.131,2.32,0,-0.001,0.001,0.012,-0.019,13.14,-1.7,0.6,100,0
"2026-01-26 18:21:00",144747,"",7999,2026,1,26,18,15,5,0.0218,0.618,0.019,-363536.8,0.568,0.018,1.144,2.31,0,0.018,-0.008,0.005,-0.024,13.14,-1.7,0.6,100,0
"2026-01-26 18:24:00",144748,"",7999,2026,1,26,18,15,5,0.0218,0.618,0.019,-363536.8,0.568,0.018,1.144,2.31,0,0.018,-0.008,0.005,-0.024,13.14,-1.7,0.6,100,0
"2026-01-26 18:27:00",144749,"",7999,2026,1,26,18,21,5,0.0024,0.624,0.002,-363533.5,0.574,0.001,1.156,2.26,0,0.001,-0.003,-0.005,0.014,13.14,-1.7,0.6,100,0
"2026-01-26 18:30:00",144750,"",7999,2026,1,26,18,21,5,0.0024,0.624,0.002,-363533.5,0.574,0.001,1.156,2.26,0,0.001,-0.003,-0.005,0.014,13.14,-1.7,0.6,100,0
"2026-01-26 18:33:00",144751,"",7999,2026,1,26,18,27,5,-0.013,0.631,-0.011,-363536.4,0.581,-0.01,1.168,2.3,0,-0.01,0.004,0,-0.024,13.14,-1.7,0.6,100,0
"2026-01-26 18:36:00",144752,"",7999,2026,1,26,18,27,5,-0.013,0.631,-0.011,-363536.4,0.581,-0.01,1.168,2.3,0,-0.01,0.004,0,-0.024,13.14,-1.7,0.6,100,0
"2026-01-26 18:39:00",144753,"",7999,2026,1,26,18,33,5,-0.0002,0.631,0,-363538,0.581,-0.001,1.168,2.26,0,-0.001,-0.002,-0.023,0,13.14,-1.7,0.6,100,0
"2026-01-26 18:42:00",144754,"",7999,2026,1,26,18,33,5,-0.0002,0.631,0,-363538,0.581,-0.001,1.168,2.26,0,-0.001,-0.002,-0.023,0,13.14,-1.7,0.6,100,0
"2026-01-26 18:45:00",144755,"",7999,2026,1,26,18,39,5,-0.003,0.633,-0.003,-363538.8,0.583,-0.001,1.171,2.26,0,-0.001,-0.001,0,-0.007,13.14,-1.7,0.6,100,0
"2026-01-26 18:48:00",144756,"",7999,2026,1,26,18,39,5,-0.003,0.633,-0.003,-363538.8,0.583,-0.001,1.171,2.26,0,-0.001,-0.001,0,-0.007,13.14,-1.7,0.6,100,0
"2026-01-26 18:51:00",144757,"",7999,2026,1,26,18,45,5,-0.0037,0.625,-0.003,-363540.1,0.575,-0.002,1.156,2.26,0,-0.002,-0.001,-0.012,-0.005,13.14,-1.7,0.6,100,0
"2026-01-26 18:54:00",144758,"",7999,2026,1,26,18,45,5,-0.0037,0.625,-0.003,-363540.1,0.575,-0.002,1.156,2.26,0,-0.002,-0.001,-0.012,-0.005,13.14,-1.7,0.6,100,0
"2026-01-26 18:57:00",144759,"",7999,2026,1,26,18,51,5,-0.0179,0.615,-0.016,-363544.8,0.565,-0.015,1.138,2.26,0,-0.015,0.002,-0.016,0.014,13.14,-1.7,0.6,100,0
"2026-01-26 19:00:00",144760,"",7999,2026,1,26,18,51,5,-0.0179,0.615,-0.016,-363544.8,0.565,-0.015,1.138,2.26,0,-0.015,0.002,-0.016,0.014,13.14,-1.7,0.6,100,0
"2026-01-26 19:03:00",144761,"",7999,2026,1,26,18,57,5,0.0161,0.611,0.014,-363543.1,0.561,0.014,1.131,2.31,0,0.014,-0.011,-0.014,0.017,13.14,-1.7,0.6,100,0
"2026-01-26 19:06:00",144762,"",7999,2026,1,26,18,57,5,0.0161,0.611,0.014,-363543.1,0.561,0.014,1.131,2.31,0,0.014,-0.011,-0.014,0.017,13.14,-1.7,0.6,100,0
"2026-01-26 19:09:00",144763,"",7999,2026,1,26,19,3,5,-0.0014,0.618,-0.001,-363541.5,0.568,-0.001,1.143,2.32,0,-0.001,0.001,-0.012,-0.002,13.14,-1.7,0.6,100,0
"2026-01-26 19:12:00",144764,"",7999,2026,1,26,19,3,5,-0.0014,0.618,-0.001,-363541.5,0.568,-0.001,1.143,2.32,0,-0.001,0.001,-0.012,-0.002,13.14,-1.7,0.6,100,0
"2026-01-26 19:15:00",144765,"",7999,2026,1,26,19,9,5,-0.0073,0.621,-0.006,-363543.4,0.571,-0.006,1.149,2.31,0,-0.006,0.002,0.002,0,13.14,-1.7,0.6,100,0
"2026-01-26 19:18:00",144766,"",7999,2026,1,26,19,9,5,-0.0073,0.621,-0.006,-363543.4,0.571,-0.006,1.149,2.31,0,-0.006,0.002,0.002,0,13.14,-1.7,0.6,100,0
"2026-01-26 19:21:00",144767,"",7999,2026,1,26,19,15,5,-0.0024,0.631,-0.002,-363544.9,0.581,-0.002,1.168,2.32,0,-0.002,0.001,-0.014,0,13.14,-1.8,0.6,100,0
"2026-01-26 19:24:00",144768,"",7999,2026,1,26,19,15,5,-0.0024,0.631,-0.002,-363544.9,0.581,-0.002,1.168,2.32,0,-0.002,0.001,-0.014,0,13.14,-1.8,0.6,100,0
"2026-01-26 19:27:00",144769,"",7999,2026,1,26,19,21,5,-0.0076,0.633,-0.006,-363547,0.583,-0.006,1.172,2.31,0,-0.006,-0.001,-0.005,-0.007,13.14,-1.8,0.6,100,0
"2026-01-26 19:30:00",144770,"",7999,2026,1,26,19,21,5,-0.0076,0.633,-0.006,-363547,0.583,-0.006,1.172,2.31,0,-0.006,-0.001,-0.005,-0.007,13.14,-1.8,0.6,100,0
"2026-01-26 19:33:00",144771,"",7999,2026,1,26,19,27,5,-0.0019,0.638,-0.002,-363548.4,0.588,-0.001,1.181,2.32,0,-0.001,0.001,-0.012,-0.002,13.14,-1.8,0.6,100,0
"2026-01-26 19:36:00",144772,"",7999,2026,1,26,19,27,5,-0.0019,0.638,-0.002,-363548.4,0.588,-0.001,1.181,2.32,0,-0.001,0.001,-0.012,-0.002,13.14,-1.8,0.6,100,0
"2026-01-26 19:39:00",144773,"",7999,2026,1,26,19,33,5,0.0041,0.645,0.003,-363547.7,0.595,0.002,1.194,2.33,0,0.002,-0.001,-0.007,0.012,13.14,-1.8,0.6,100,0
"2026-01-26 19:42:00",144774,"",7999,2026,1,26,19,33,5,0.0041,0.645,0.003,-363547.7,0.595,0.002,1.194,2.33,0,0.002,-0.001,-0.007,0.012,13.14,-1.8,0.6,100,0
"2026-01-26 19:45:00",144775,"",7999,2026,1,26,19,39,5,-0.0019,0.652,-0.002,-363547.7,0.602,-0.001,1.206,2.3,0,-0.001,0.001,0,-0.009,13.14,-1.8,0.6,100,0
"2026-01-26 19:48:00",144776,"",7999,2026,1,26,19,39,5,-0.0019,0.652,-0.002,-363547.7,0.602,-0.001,1.206,2.3,0,-0.001,0.001,0,-0.009,13.14,-1.8,0.6,100,0
"2026-01-26 19:51:00",144777,"",7999,2026,1,26,19,45,5,0.0019,0.659,0.002,-363547.4,0.609,0.001,1.22,2.31,0,0.001,-0.001,0,-0.005,13.14,-1.8,0.6,100,0
"2026-01-26 19:54:00",144778,"",7999,2026,1,26,19,45,5,0.0019,0.659,0.002,-363547.4,0.609,0.001,1.22,2.31,0,0.001,-0.001,0,-0.005,13.14,-1.8,0.6,100,0
"2026-01-26 19:57:00",144779,"",7999,2026,1,26,19,51,5,0.003,0.67,0.002,-363546.5,0.62,0.001,1.239,2.32,0,0.001,0.001,-0.002,0,13.14,-1.8,0.6,100,0
"2026-01-26 20:00:00",144780,"",7999,2026,1,26,19,51,5,0.003,0.67,0.002,-363546.5,0.62,0.001,1.239,2.32,0,0.001,0.001,-0.002,0,13.14,-1.8,0.6,100,0
"2026-01-26 20:03:00",144781,"",7999,2026,1,26,19,57,5,0.0069,0.681,0.006,-363544.4,0.631,0.005,1.26,2.33,0,0.005,-0.002,0.009,0,13.14,-1.7,0.6,100,0
"2026-01-26 20:06:00",144782,"",7999,2026,1,26,19,57,5,0.0069,0.681,0.006,-363544.4,0.631,0.005,1.26,2.33,0,0.005,-0.002,0.009,0,13.14,-1.7,0.6,100,0
"2026-01-26 20:09:00",144783,"",7999,2026,1,26,20,3,5,0.0039,0.687,0.003,-363542.6,0.637,0.002,1.271,2.31,0,0.002,0,-0.005,0,13.14,-1.7,0.6,100,0
"2026-01-26 20:12:00",144784,"",7999,2026,1,26,20,3,5,0.0039,0.687,0.003,-363542.6,0.637,0.002,1.271,2.31,0,0.002,0,-0.005,0,13.14,-1.7,0.6,100,0
"2026-01-26 20:15:00",144785,"",7999,2026,1,26,20,9,5,0.0079,0.693,0.006,-363540.3,0.643,0.005,1.282,2.3,0,0.005,-0.001,0,-0.007,13.14,-1.7,0.6,100,0
"2026-01-26 20:18:00",144786,"",7999,2026,1,26,20,9,5,0.0079,0.693,0.006,-363540.3,0.643,0.005,1.282,2.3,0,0.005,-0.001,0,-0.007,13.14,-1.7,0.6,100,0
"2026-01-26 20:21:00",144787,"",7999,2026,1,26,20,15,5,-0.0003,0.69,0,-363539.4,0.64,0,1.277,2.27,0,0,0,-0.012,-0.026,13.14,-1.7,0.6,100,0
"2026-01-26 20:24:00",144788,"",7999,2026,1,26,20,15,5,-0.0003,0.69,0,-363539.4,0.64,0,1.277,2.27,0,0,0,-0.012,-0.026,13.14,-1.7,0.6,100,0
"2026-01-26 20:27:00",144789,"",7999,2026,1,26,20,21,5,-0.0083,0.684,-0.007,-363541.4,0.634,-0.006,1.265,2.29,0,-0.006,-0.001,-0.016,-0.014,13.14,-1.7,0.6,100,0
"2026-01-26 20:30:00",144790,"",7999,2026,1,26,20,21,5,-0.0083,0.684,-0.007,-363541.4,0.634,-0.006,1.265,2.29,0,-0.006,-0.001,-0.016,-0.014,13.14,-1.7,0.6,100,0
"2026-01-26 20:33:00",144791,"",7999,2026,1,26,20,27,5,-0.0071,0.677,-0.006,-363544.2,0.627,-0.005,1.252,2.34,0,-0.005,-0.001,-0.014,-0.021,13.14,-1.7,0.6,100,0
"2026-01-26 20:36:00",144792,"",7999,2026,1,26,20,27,5,-0.0071,0.677,-0.006,-363544.2,0.627,-0.005,1.252,2.34,0,-0.005,-0.001,-0.014,-0.021,13.14,-1.7,0.6,100,0
"2026-01-26 20:39:00",144793,"",7999,2026,1,26,20,33,5,-0.0129,0.669,-0.01,-363548.1,0.619,-0.01,1.237,2.36,0,-0.01,0,-0.012,-0.014,13.14,-1.8,0.6,100,0
"2026-01-26 20:42:00",144794,"",7999,2026,1,26,20,33,5,-0.0129,0.669,-0.01,-363548.1,0.619,-0.01,1.237,2.36,0,-0.01,0,-0.012,-0.014,13.14,-1.8,0.6,100,0
"2026-01-26 20:45:00",144795,"",7999,2026,1,26,20,39,5,-0.0102,0.661,-0.008,-363552.1,0.611,-0.007,1.223,2.38,0,-0.007,0,-0.007,-0.012,13.14,-1.8,0.6,100,0
"2026-01-26 20:48:00",144796,"",7999,2026,1,26,20,39,5,-0.0102,0.661,-0.008,-363552.1,0.611,-0.007,1.223,2.38,0,-0.007,0,-0.007,-0.012,13.14,-1.8,0.6,100,0
"2026-01-26 20:51:00",144797,"",7999,2026,1,26,20,45,5,-0.0061,0.654,-0.005,-363554.8,0.604,-0.004,1.211,2.41,0,-0.004,-0.001,-0.016,0,13.14,-1.8,0.6,100,0
"2026-01-26 20:54:00",144798,"",7999,2026,1,26,20,45,5,-0.0061,0.654,-0.005,-363554.8,0.604,-0.004,1.211,2.41,0,-0.004,-0.001,-0.016,0,13.14,-1.8,0.6,100,0
"2026-01-26 20:57:00",144799,"",7999,2026,1,26,20,51,5,-0.0055,0.649,-0.005,-363556.9,0.599,-0.004,1.202,2.4,0,-0.004,0.001,0,-0.021,13.14,-1.8,0.6,100,0
"2026-01-26 21:00:00",144800,"",7999,2026,1,26,20,51,5,-0.0055,0.649,-0.005,-363556.9,0.599,-0.004,1.202,2.4,0,-0.004,0.001,0,-0.021,13.14,-1.8,0.6,100,0
"2026-01-26 21:03:00",144801,"",7999,2026,1,26,20,57,5,-0.0021,0.646,-0.002,-363558.1,0.596,-0.002,1.196,2.39,0,-0.002,-0.001,-0.012,-0.009,13.14,-1.8,0.6,100,0
"2026-01-26 21:06:00",144802,"",7999,2026,1,26,20,57,5,-0.0021,0.646,-0.002,-363558.1,0.596,-0.002,1.196,2.39,0,-0.002,-0.001,-0.012,-0.009,13.14,-1.8,0.6,100,0
"2026-01-26 21:09:00",144803,"",7999,2026,1,26,21,3,5,-0.0129,0.645,-0.011,-363561.5,0.595,-0.01,1.193,2.36,0,-0.01,0.002,-0.016,-0.012,13.14,-1.8,0.6,100,0
"2026-01-26 21:12:00",144804,"",7999,2026,1,26,21,3,5,-0.0129,0.645,-0.011,-363561.5,0.595,-0.01,1.193,2.36,0,-0.01,0.002,-0.016,-0.012,13.14,-1.8,0.6,100,0
"2026-01-26 21:15:00",144805,"",7999,2026,1,26,21,9,5,-0.0017,0.642,-0.002,-363563.4,0.592,-0.001,1.188,2.37,0,-0.001,-0.001,-0.033,0.005,13.14,-1.8,0.6,100,0
"2026-01-26 21:18:00",144806,"",7999,2026,1,26,21,9,5,-0.0017,0.642,-0.002,-363563.4,0.592,-0.001,1.188,2.37,0,-0.001,-0.001,-0.033,0.005,13.14,-1.8,0.6,100,0
"2026-01-26 21:21:00",144807,"",7999,2026,1,26,21,15,5,-0.0029,0.644,-0.002,-363564.4,0.594,-0.001,1.192,2.38,0,-0.001,0.001,-0.04,-0.014,13.14,-1.8,0.6,100,0
"2026-01-26 21:24:00",144808,"",7999,2026,1,26,21,15,5,-0.0029,0.644,-0.002,-363564.4,0.594,-0.001,1.192,2.38,0,-0.001,0.001,-0.04,-0.014,13.14,-1.8,0.6,100,0
"2026-01-26 21:27:00",144809,"",7999,2026,1,26,21,21,5,-0.0007,0.651,-0.001,-363564.9,0.601,-0.001,1.205,2.39,0,-0.001,0.001,-0.009,0,13.14,-1.8,0.6,100,0
"2026-01-26 21:30:00",144810,"",7999,2026,1,26,21,21,5,-0.0007,0.651,-0.001,-363564.9,0.601,-0.001,1.205,2.39,0,-0.001,0.001,-0.009,0,13.14,-1.8,0.6,100,0
"2026-01-26 21:33:00",144811,"",7999,2026,1,26,21,27,5,-0.0089,0.662,-0.007,-363567.2,0.612,-0.006,1.225,2.38,0,-0.006,0.001,0,-0.002,13.14,-1.8,0.6,100,0
"2026-01-26 21:36:00",144812,"",7999,2026,1,26,21,27,5,-0.0089,0.662,-0.007,-363567.2,0.612,-0.006,1.225,2.38,0,-0.006,0.001,0,-0.002,13.14,-1.8,0.6,100,0
"2026-01-26 21:39:00",144813,"",7999,2026,1,26,21,33,5,-0.001,0.67,-0.001,-363568.5,0.62,0,1.24,2.38,0,0,0.001,-0.014,-0.005,13.14,-1.8,0.6,100,0
"2026-01-26 21:42:00",144814,"",7999,2026,1,26,21,33,5,-0.001,0.67,-0.001,-363568.5,0.62,0,1.24,2.38,0,0,0.001,-0.014,-0.005,13.14,-1.8,0.6,100,0
"2026-01-26 21:45:00",144815,"",7999,2026,1,26,21,39,5,-0.006,0.682,-0.005,-363570.1,0.632,-0.005,1.262,2.35,0,-0.005,0.004,-0.007,0,13.14,-1.8,0.6,100,0
"2026-01-26 21:48:00",144816,"",7999,2026,1,26,21,39,5,-0.006,0.682,-0.005,-363570.1,0.632,-0.005,1.262,2.35,0,-0.005,0.004,-0.007,0,13.14,-1.8,0.6,100,0
"2026-01-26 21:51:00",144817,"",7999,2026,1,26,21,45,5,0.0109,0.697,0.009,-363568.2,0.647,0.007,1.29,2.38,0,0.007,-0.001,0,0,13.14,-1.9,0.6,100,0
"2026-01-26 21:54:00",144818,"",7999,2026,1,26,21,45,5,0.0109,0.697,0.009,-363568.2,0.647,0.007,1.29,2.38,0,0.007,-0.001,0,0,13.14,-1.9,0.6,100,0
"2026-01-26 21:57:00",144819,"",7999,2026,1,26,21,51,5,0.0163,0.711,0.012,-363562.9,0.661,0.012,1.317,2.38,0,0.012,-0.007,0.009,0.002,13.14,-1.8,0.6,100,0
"2026-01-26 22:00:00",144820,"",7999,2026,1,26,21,51,5,0.0163,0.711,0.012,-363562.9,0.661,0.012,1.317,2.38,0,0.012,-0.007,0.009,0.002,13.14,-1.8,0.6,100,0
"2026-01-26 22:03:00",144821,"",7999,2026,1,26,21,57,5,0.0247,0.723,0.018,-363555,0.673,0.017,1.338,2.37,0,0.017,-0.002,0.002,0.005,13.14,-1.8,0.6,100,0
"2026-01-26 22:06:00",144822,"",7999,2026,1,26,21,57,5,0.0247,0.723,0.018,-363555,0.673,0.017,1.338,2.37,0,0.017,-0.002,0.002,0.005,13.14,-1.8,0.6,100,0
"2026-01-26 22:09:00",144823,"",7999,2026,1,26,22,3,5,0.0091,0.728,0.007,-363549.9,0.678,0.007,1.348,2.33,0,0.007,-0.004,0,-0.017,13.14,-1.8,0.6,100,0
"2026-01-26 22:12:00",144824,"",7999,2026,1,26,22,3,5,0.0091,0.728,0.007,-363549.9,0.678,0.007,1.348,2.33,0,0.007,-0.004,0,-0.017,13.14,-1.8,0.6,100,0
"2026-01-26 22:15:00",144825,"",7999,2026,1,26,22,9,5,0.0224,0.73,0.017,-363543.4,0.68,0.014,1.35,2.26,0,0.014,-0.004,-0.016,0,13.14,-1.8,0.6,100,0
"2026-01-26 22:18:00",144826,"",7999,2026,1,26,22,9,5,0.0224,0.73,0.017,-363543.4,0.68,0.014,1.35,2.26,0,0.014,-0.004,-0.016,0,13.14,-1.8,0.6,100,0
"2026-01-26 22:21:00",144827,"",7999,2026,1,26,22,15,5,0.015,0.732,0.011,-363537.1,0.682,0.01,1.354,2.28,0,0.01,-0.003,0.03,-0.014,13.14,-1.8,0.6,100,0
"2026-01-26 22:24:00",144828,"",7999,2026,1,26,22,15,5,0.015,0.732,0.011,-363537.1,0.682,0.01,1.354,2.28,0,0.01,-0.003,0.03,-0.014,13.14,-1.8,0.6,100,0
"2026-01-26 22:27:00",144829,"",7999,2026,1,26,22,21,5,-0.0005,0.734,0,-363535.4,0.684,-0.001,1.358,2.34,0,-0.001,0.004,0.014,-0.017,13.14,-1.8,0.6,100,0
"2026-01-26 22:30:00",144830,"",7999,2026,1,26,22,21,5,-0.0005,0.734,0,-363535.4,0.684,-0.001,1.358,2.34,0,-0.001,0.004,0.014,-0.017,13.14,-1.8,0.6,100,0
"2026-01-26 22:33:00",144831,"",7999,2026,1,26,22,27,5,-0.0113,0.733,-0.008,-363538.2,0.683,-0.007,1.357,2.38,0,-0.007,0.002,-0.04,-0.024,13.14,-1.8,0.6,100,0
"2026-01-26 22:36:00",144832,"",7999,2026,1,26,22,27,5,-0.0113,0.733,-0.008,-363538.2,0.683,-0.007,1.357,2.38,0,-0.007,0.002,-0.04,-0.024,13.14,-1.8,0.6,100,0
"2026-01-26 22:39:00",144833,"",7999,2026,1,26,22,33,5,-0.0098,0.723,-0.007,-363541.9,0.673,-0.007,1.338,2.4,0,-0.007,-0.002,-0.035,-0.043,13.14,-1.8,0.6,100,0
"2026-01-26 22:42:00",144834,"",7999,2026,1,26,22,33,5,-0.0098,0.723,-0.007,-363541.9,0.673,-0.007,1.338,2.4,0,-0.007,-0.002,-0.035,-0.043,13.14,-1.8,0.6,100,0
"2026-01-26 22:45:00",144835,"",7999,2026,1,26,22,39,5,-0.0273,0.704,-0.021,-363549.7,0.654,-0.019,1.303,2.4,0,-0.019,-0.001,-0.028,-0.028,13.14,-1.8,0.6,100,0
"2026-01-26 22:48:00",144836,"",7999,2026,1,26,22,39,5,-0.0273,0.704,-0.021,-363549.7,0.654,-0.019,1.303,2.4,0,-0.019,-0.001,-0.028,-0.028,13.14,-1.8,0.6,100,0
"2026-01-26 22:51:00",144837,"",7999,2026,1,26,22,45,5,-0.0222,0.685,-0.018,-363558.3,0.635,-0.016,1.268,2.42,0,-0.016,0,-0.012,-0.017,13.14,-1.8,0.6,100,0
"2026-01-26 22:54:00",144838,"",7999,2026,1,26,22,45,5,-0.0222,0.685,-0.018,-363558.3,0.635,-0.016,1.268,2.42,0,-0.016,0,-0.012,-0.017,13.14,-1.8,0.6,100,0
"2026-01-26 22:57:00",144839,"",7999,2026,1,26,22,51,5,-0.0227,0.669,-0.018,-363566.4,0.619,-0.017,1.237,2.45,0,-0.017,0.002,-0.009,-0.019,13.14,-1.8,0.6,100,0
"2026-01-26 23:00:00",144840,"",7999,2026,1,26,22,51,5,-0.0227,0.669,-0.018,-363566.4,0.619,-0.017,1.237,2.45,0,-0.017,0.002,-0.009,-0.019,13.14,-1.8,0.6,100,0
"2026-01-26 23:03:00",144841,"",7999,2026,1,26,22,57,5,-0.0121,0.655,-0.01,-363572,0.605,-0.01,1.212,2.49,0,-0.01,0,-0.016,-0.012,13.14,-1.8,0.6,100,0
"2026-01-26 23:06:00",144842,"",7999,2026,1,26,22,57,5,-0.0121,0.655,-0.01,-363572,0.605,-0.01,1.212,2.49,0,-0.01,0,-0.016,-0.012,13.14,-1.8,0.6,100,0
"2026-01-26 23:09:00",144843,"",7999,2026,1,26,23,3,5,-0.0108,0.645,-0.009,-363576.1,0.595,-0.007,1.194,2.55,0,-0.007,-0.001,-0.007,-0.014,13.14,-1.8,0.6,100,0
"2026-01-26 23:12:00",144844,"",7999,2026,1,26,23,3,5,-0.0108,0.645,-0.009,-363576.1,0.595,-0.007,1.194,2.55,0,-0.007,-0.001,-0.007,-0.014,13.14,-1.8,0.6,100,0
"2026-01-26 23:15:00",144845,"",7999,2026,1,26,23,9,5,-0.0114,0.637,-0.01,-363580.2,0.587,-0.01,1.179,2.63,0,-0.01,0.001,-0.009,-0.019,13.14,-1.8,0.6,100,0
"2026-01-26 23:18:00",144846,"",7999,2026,1,26,23,9,5,-0.0114,0.637,-0.01,-363580.2,0.587,-0.01,1.179,2.63,0,-0.01,0.001,-0.009,-0.019,13.14,-1.8,0.6,100,0
"2026-01-26 23:21:00",144847,"",7999,2026,1,26,23,15,5,-0.0171,0.626,-0.015,-363585.7,0.576,-0.013,1.159,2.7,0,-0.013,0.003,-0.007,-0.005,13.14,-1.8,0.6,100,0
"2026-01-26 23:24:00",144848,"",7999,2026,1,26,23,15,5,-0.0171,0.626,-0.015,-363585.7,0.576,-0.013,1.159,2.7,0,-0.013,0.003,-0.007,-0.005,13.14,-1.8,0.6,100,0
"2026-01-26 23:27:00",144849,"",7999,2026,1,26,23,21,5,-0.0234,0.618,-0.02,-363593.3,0.568,-0.019,1.144,2.75,0,-0.019,0.006,-0.009,-0.019,13.14,-1.8,0.6,100,0
"2026-01-26 23:30:00",144850,"",7999,2026,1,26,23,21,5,-0.0234,0.618,-0.02,-363593.3,0.568,-0.019,1.144,2.75,0,-0.019,0.006,-0.009,-0.019,13.14,-1.8,0.6,100,0
"2026-01-26 23:33:00",144851,"",7999,2026,1,26,23,27,5,-0.0034,0.614,-0.003,-363597,0.564,-0.002,1.136,2.8,0,-0.002,0,-0.005,-0.028,13.14,-1.8,0.6,100,0
"2026-01-26 23:36:00",144852,"",7999,2026,1,26,23,27,5,-0.0034,0.614,-0.003,-363597,0.564,-0.002,1.136,2.8,0,-0.002,0,-0.005,-0.028,13.14,-1.8,0.6,100,0
"2026-01-26 23:39:00",144853,"",7999,2026,1,26,23,33,5,-0.0095,0.619,-0.008,-363599.7,0.569,-0.007,1.145,2.82,0,-0.007,0.002,0.014,-0.005,13.14,-1.8,0.6,100,0
"2026-01-26 23:42:00",144854,"",7999,2026,1,26,23,33,5,-0.0095,0.619,-0.008,-363599.7,0.569,-0.007,1.145,2.82,0,-0.007,0.002,0.014,-0.005,13.14,-1.8,0.6,100,0
"2026-01-26 23:45:00",144855,"",7999,2026,1,26,23,39,5,0.0028,0.629,0.002,-363600.2,0.579,0.002,1.164,2.79,0,0.002,0.001,0.009,0,13.14,-1.8,0.6,100,0
"2026-01-26 23:48:00",144856,"",7999,2026,1,26,23,39,5,0.0028,0.629,0.002,-363600.2,0.579,0.002,1.164,2.79,0,0.002,0.001,0.009,0,13.14,-1.8,0.6,100,0
"2026-01-26 23:51:00",144857,"",7999,2026,1,26,23,45,5,-0.0014,0.634,-0.001,-363600.2,0.584,-0.001,1.173,2.73,0,-0.001,0.001,-0.023,-0.007,13.14,-1.8,0.6,100,0
"2026-01-26 23:54:00",144858,"",7999,2026,1,26,23,45,5,-0.0014,0.634,-0.001,-363600.2,0.584,-0.001,1.173,2.73,0,-0.001,0.001,-0.023,-0.007,13.14,-1.8,0.6,100,0
"2026-01-26 23:57:00",144859,"",7999,2026,1,26,23,51,5,0.0005,0.632,0,-363600.2,0.582,0.001,1.169,2.66,0,0.001,-0.001,-0.021,-0.014,13.14,-1.8,0.6,100,0
"2026-01-27 00:00:00",144860,"",7999,2026,1,26,23,51,5,0.0005,0.632,0,-363600.2,0.582,0.001,1.169,2.66,0,0.001,-0.001,-0.021,-0.014,13.14,-1.8,0.6,100,0
"2026-01-27 00:03:00",144861,"",7999,2026,1,26,23,57,5,-0,0.628,0,-363600.2,0.578,0,1.163,2.67,0,0,-0.001,-0.014,-0.002,13.14,-1.8,0.6,100,0
"2026-01-27 00:06:00",144862,"",7999,2026,1,26,23,57,5,-0,0.628,0,-363600.2,0.578,0,1.163,2.67,0,0,-0.001,-0.014,-0.002,13.14,-1.8,0.6,100,0
"2026-01-27 00:09:00",144863,"",7999,2026,1,27,0,3,5,0.0007,0.627,0.001,-363600,0.577,0,1.16,2.66,0,0,-0.001,-0.009,0.002,13.13,-1.8,0.6,100,0
"2026-01-27 00:12:00",144864,"",7999,2026,1,27,0,3,5,0.0007,0.627,0.001,-363600,0.577,0,1.16,2.66,0,0,-0.001,-0.009,0.002,13.13,-1.8,0.6,100,0
"2026-01-27 00:15:00",144865,"",7999,2026,1,27,0,9,5,-0.0064,0.63,-0.006,-363601.4,0.58,-0.005,1.165,2.63,0,-0.005,0.002,-0.012,0,13.14,-1.8,0.6,100,0
"2026-01-27 00:18:00",144866,"",7999,2026,1,27,0,9,5,-0.0064,0.63,-0.006,-363601.4,0.58,-0.005,1.165,2.63,0,-0.005,0.002,-0.012,0,13.14,-1.8,0.6,100,0
"2026-01-27 00:21:00",144867,"",7999,2026,1,27,0,15,5,0.0036,0.635,0.003,-363601.3,0.585,0.001,1.176,2.62,0,0.001,-0.001,0.009,-0.014,13.13,-1.8,0.6,100,0
"2026-01-27 00:24:00",144868,"",7999,2026,1,27,0,15,5,0.0036,0.635,0.003,-363601.3,0.585,0.001,1.176,2.62,0,0.001,-0.001,0.009,-0.014,13.13,-1.8,0.6,100,0
"2026-01-27 00:27:00",144869,"",7999,2026,1,27,0,21,5,-0.0147,0.632,-0.013,-363604.4,0.582,-0.011,1.17,2.6,0,-0.011,0.004,0.007,-0.009,13.13,-1.8,0.6,100,0
"2026-01-27 00:30:00",144870,"",7999,2026,1,27,0,21,5,-0.0147,0.632,-0.013,-363604.4,0.582,-0.011,1.17,2.6,0,-0.011,0.004,0.007,-0.009,13.13,-1.8,0.6,100,0
"2026-01-27 00:33:00",144871,"",7999,2026,1,27,0,27,5,-0.0012,0.626,-0.001,-363606.5,0.576,-0.001,1.158,2.61,0,-0.001,-0.002,-0.002,0.021,13.13,-1.8,0.6,100,0
"2026-01-27 00:36:00",144872,"",7999,2026,1,27,0,27,5,-0.0012,0.626,-0.001,-363606.5,0.576,-0.001,1.158,2.61,0,-0.001,-0.002,-0.002,0.021,13.13,-1.8,0.6,100,0
"2026-01-27 00:39:00",144873,"",7999,2026,1,27,0,33,5,0.0007,0.62,0.001,-363606.5,0.57,0,1.148,2.64,0,0,-0.002,-0.014,0,13.14,-1.8,0.6,100,0
"2026-01-27 00:42:00",144874,"",7999,2026,1,27,0,33,5,0.0007,0.62,0.001,-363606.5,0.57,0,1.148,2.64,0,0,-0.002,-0.014,0,13.14,-1.8,0.6,100,0
"2026-01-27 00:45:00",144875,"",7999,2026,1,27,0,39,5,-0.0113,0.614,-0.01,-363609.1,0.564,-0.01,1.136,2.62,0,-0.01,-0.002,0,0.031,13.14,-1.8,0.6,100,0
"2026-01-27 00:48:00",144876,"",7999,2026,1,27,0,39,5,-0.0113,0.614,-0.01,-363609.1,0.564,-0.01,1.136,2.62,0,-0.01,-0.002,0,0.031,13.14,-1.8,0.6,100,0
"2026-01-27 00:51:00",144877,"",7999,2026,1,27,0,45,5,-0.0056,0.605,-0.005,-363611.8,0.555,-0.004,1.121,2.63,0,-0.004,-0.001,-0.058,0.033,13.14,-1.8,0.6,100,0
"2026-01-27 00:54:00",144878,"",7999,2026,1,27,0,45,5,-0.0056,0.605,-0.005,-363611.8,0.555,-0.004,1.121,2.63,0,-0.004,-0.001,-0.058,0.033,13.14,-1.8,0.6,100,0
"2026-01-27 00:57:00",144879,"",7999,2026,1,27,0,51,5,-0.0077,0.597,-0.007,-363614.3,0.547,-0.006,1.105,2.64,0,-0.006,-0.001,-0.014,-0.002,13.13,-1.8,0.6,100,0
"2026-01-27 01:00:00",144880,"",7999,2026,1,27,0,51,5,-0.0077,0.597,-0.007,-363614.3,0.547,-0.006,1.105,2.64,0,-0.006,-0.001,-0.014,-0.002,13.13,-1.8,0.6,100,0
"2026-01-27 01:03:00",144881,"",7999,2026,1,27,0,57,5,-0.0092,0.586,-0.008,-363617.5,0.536,-0.007,1.084,2.64,0,-0.007,0,-0.012,-0.009,13.13,-1.8,0.6,100,0
"2026-01-27 01:06:00",144882,"",7999,2026,1,27,0,57,5,-0.0092,0.586,-0.008,-363617.5,0.536,-0.007,1.084,2.64,0,-0.007,0,-0.012,-0.009,13.13,-1.8,0.6,100,0
"2026-01-27 01:09:00",144883,"",7999,2026,1,27,1,3,5,-0.0099,0.574,-0.009,-363621,0.524,-0.008,1.063,2.67,0,-0.008,-0.001,0.021,0.028,13.13,-1.8,0.6,100,0
"2026-01-27 01:12:00",144884,"",7999,2026,1,27,1,3,5,-0.0099,0.574,-0.009,-363621,0.524,-0.008,1.063,2.67,0,-0.008,-0.001,0.021,0.028,13.13,-1.8,0.6,100,0
"2026-01-27 01:15:00",144885,"",7999,2026,1,27,1,9,5,-0.0048,0.566,-0.005,-363623.3,0.516,-0.004,1.047,2.72,0,-0.004,-0.002,-0.035,-0.064,13.13,-1.8,0.6,100,0
"2026-01-27 01:18:00",144886,"",7999,2026,1,27,1,9,5,-0.0048,0.566,-0.005,-363623.3,0.516,-0.004,1.047,2.72,0,-0.004,-0.002,-0.035,-0.064,13.13,-1.8,0.6,100,0
"2026-01-27 01:21:00",144887,"",7999,2026,1,27,1,15,5,-0.0054,0.561,-0.005,-363625.2,0.511,-0.004,1.039,2.76,0,-0.004,-0.001,0.023,-0.031,13.13,-1.8,0.6,100,0
"2026-01-27 01:24:00",144888,"",7999,2026,1,27,1,15,5,-0.0054,0.561,-0.005,-363625.2,0.511,-0.004,1.039,2.76,0,-0.004,-0.001,0.023,-0.031,13.13,-1.8,0.6,100,0
"2026-01-27 01:27:00",144889,"",7999,2026,1,27,1,21,5,-0.0059,0.56,-0.006,-363627.3,0.51,-0.005,1.036,2.76,0,-0.005,0,-0.007,0.073,13.13,-1.8,0.6,100,0
"2026-01-27 01:30:00",144890,"",7999,2026,1,27,1,21,5,-0.0059,0.56,-0.006,-363627.3,0.51,-0.005,1.036,2.76,0,-0.005,0,-0.007,0.073,13.13,-1.8,0.6,100,0
"2026-01-27 01:33:00",144891,"",7999,2026,1,27,1,27,5,-0.0058,0.556,-0.006,-363629.4,0.506,-0.005,1.029,2.77,0,-0.005,0,-0.023,0.031,13.13,-1.8,0.6,100,0
"2026-01-27 01:36:00",144892,"",7999,2026,1,27,1,27,5,-0.0058,0.556,-0.006,-363629.4,0.506,-0.005,1.029,2.77,0,-0.005,0,-0.023,0.031,13.13,-1.8,0.6,100,0
"2026-01-27 01:39:00",144893,"",7999,2026,1,27,1,33,5,-0.0063,0.551,-0.006,-363631.7,0.501,-0.005,1.019,2.75,0,-0.005,0,-0.028,-0.033,13.13,-1.8,0.6,100,0
"2026-01-27 01:42:00",144894,"",7999,2026,1,27,1,33,5,-0.0063,0.551,-0.006,-363631.7,0.501,-0.005,1.019,2.75,0,-0.005,0,-0.028,-0.033,13.13,-1.8,0.6,100,0
"2026-01-27 01:45:00",144895,"",7999,2026,1,27,1,39,5,-0.0051,0.545,-0.005,-363633.7,0.495,-0.005,1.009,2.78,0,-0.005,0,0.002,0.057,13.13,-1.8,0.6,100,0
"2026-01-27 01:48:00",144896,"",7999,2026,1,27,1,39,5,-0.0051,0.545,-0.005,-363633.7,0.495,-0.005,1.009,2.78,0,-0.005,0,0.002,0.057,13.13,-1.8,0.6,100,0
"2026-01-27 01:51:00",144897,"",7999,2026,1,27,1,45,5,-0.0053,0.544,-0.005,-363635.6,0.494,-0.004,1.007,2.82,0,-0.004,-0.001,0.021,0.005,13.13,-1.8,0.6,100,0
"2026-01-27 01:54:00",144898,"",7999,2026,1,27,1,45,5,-0.0053,0.544,-0.005,-363635.6,0.494,-0.004,1.007,2.82,0,-0.004,-0.001,0.021,0.005,13.13,-1.8,0.6,100,0
"2026-01-27 01:57:00",144899,"",7999,2026,1,27,1,51,5,-0.0029,0.543,-0.003,-363636.9,0.493,-0.002,1.005,2.83,0,-0.002,0,0.049,-0.026,13.13,-1.8,0.6,100,0
"2026-01-27 02:00:00",144900,"",7999,2026,1,27,1,51,5,-0.0029,0.543,-0.003,-363636.9,0.493,-0.002,1.005,2.83,0,-0.002,0,0.049,-0.026,13.13,-1.8,0.6,100,0
"2026-01-27 02:03:00",144901,"",7999,2026,1,27,1,57,5,-0.0057,0.539,-0.006,-363638.7,0.489,-0.005,0.998,2.79,0,-0.005,0,-0.079,-0.017,13.13,-1.8,0.6,100,0
"2026-01-27 02:06:00",144902,"",7999,2026,1,27,1,57,5,-0.0057,0.539,-0.006,-363638.7,0.489,-0.005,0.998,2.79,0,-0.005,0,-0.079,-0.017,13.13,-1.8,0.6,100,0
"2026-01-27 02:09:00",144903,"",7999,2026,1,27,2,3,5,-0.0055,0.534,-0.006,-363640.7,0.484,-0.004,0.989,2.76,0,-0.004,-0.001,-0.044,-0.036,13.13,-1.8,0.6,100,0
"2026-01-27 02:12:00",144904,"",7999,2026,1,27,2,3,5,-0.0055,0.534,-0.006,-363640.7,0.484,-0.004,0.989,2.76,0,-0.004,-0.001,-0.044,-0.036,13.13,-1.8,0.6,100,0
"2026-01-27 02:15:00",144905,"",7999,2026,1,27,2,9,5,-0.0057,0.529,-0.006,-363642.7,0.479,-0.005,0.979,2.77,0,-0.005,0,0.012,0.024,13.13,-1.8,0.6,100,0
"2026-01-27 02:18:00",144906,"",7999,2026,1,27,2,9,5,-0.0057,0.529,-0.006,-363642.7,0.479,-0.005,0.979,2.77,0,-0.005,0,0.012,0.024,13.13,-1.8,0.6,100,0
"2026-01-27 02:21:00",144907,"",7999,2026,1,27,2,15,5,-0.0075,0.524,-0.008,-363645.2,0.474,-0.006,0.97,2.81,0,-0.006,-0.001,-0.009,0.073,13.13,-1.7,0.6,100,0
"2026-01-27 02:24:00",144908,"",7999,2026,1,27,2,15,5,-0.0075,0.524,-0.008,-363645.2,0.474,-0.006,0.97,2.81,0,-0.006,-0.001,-0.009,0.073,13.13,-1.7,0.6,100,0
"2026-01-27 02:27:00",144909,"",7999,2026,1,27,2,21,5,-0.0049,0.52,-0.005,-363647.3,0.47,-0.004,0.963,2.75,0,-0.004,-0.001,0.028,0.024,13.13,-1.7,0.6,100,0
"2026-01-27 02:30:00",144910,"",7999,2026,1,27,2,21,5,-0.0049,0.52,-0.005,-363647.3,0.47,-0.004,0.963,2.75,0,-0.004,-0.001,0.028,0.024,13.13,-1.7,0.6,100,0
"2026-01-27 02:33:00",144911,"",7999,2026,1,27,2,27,5,-0.0037,0.517,-0.004,-363648.8,0.467,-0.004,0.956,2.73,0,-0.004,-0.001,-0.007,-0.097,13.13,-1.7,0.6,99,0
"2026-01-27 02:36:00",144912,"",7999,2026,1,27,2,27,5,-0.0037,0.517,-0.004,-363648.8,0.467,-0.004,0.956,2.73,0,-0.004,-0.001,-0.007,-0.097,13.13,-1.7,0.6,99,0
"2026-01-27 02:39:00",144913,"",7999,2026,1,27,2,33,5,-0.0041,0.515,-0.004,-363650.3,0.465,-0.004,0.953,2.71,0,-0.004,-0.001,0.005,-0.156,13.13,-1.7,0.6,99,0
"2026-01-27 02:42:00",144914,"",7999,2026,1,27,2,33,5,-0.0041,0.515,-0.004,-363650.3,0.465,-0.004,0.953,2.71,0,-0.004,-0.001,0.005,-0.156,13.13,-1.7,0.6,99,0
"2026-01-27 02:45:00",144915,"",7999,2026,1,27,2,39,5,-0.0139,0.511,-0.015,-363654,0.461,-0.015,0.945,2.7,0,-0.015,-0.008,0.002,-0.09,13.13,-1.7,0.6,96,0
"2026-01-27 02:48:00",144916,"",7999,2026,1,27,2,39,5,-0.0139,0.511,-0.015,-363654,0.461,-0.015,0.945,2.7,0,-0.015,-0.008,0.002,-0.09,13.13,-1.7,0.6,96,0
"2026-01-27 02:51:00",144917,"",7999,2026,1,27,2,45,5,-0.0009,0.508,-0.001,-363655.9,0.458,0,0.94,2.72,0,0,0.002,-0.04,-0.019,13.13,-1.7,0.6,99,0
"2026-01-27 02:54:00",144918,"",7999,2026,1,27,2,45,5,-0.0009,0.508,-0.001,-363655.9,0.458,0,0.94,2.72,0,0,0.002,-0.04,-0.019,13.13,-1.7,0.6,99,0
"2026-01-27 02:57:00",144919,"",7999,2026,1,27,2,51,5,-0.0026,0.506,-0.003,-363656.7,0.456,-0.001,0.937,2.75,0,-0.001,0.001,-0.005,-0.026,13.13,-1.8,0.6,97,0
"2026-01-27 03:00:00",144920,"",7999,2026,1,27,2,51,5,-0.0026,0.506,-0.003,-363656.7,0.456,-0.001,0.937,2.75,0,-0.001,0.001,-0.005,-0.026,13.13,-1.8,0.6,97,0
"2026-01-27 03:03:00",144921,"",7999,2026,1,27,2,57,5,-0.0071,0.505,-0.008,-363658.7,0.455,-0.006,0.935,2.76,0,-0.006,-0.002,-0.007,0.007,13.13,-1.8,0.6,99,0
"2026-01-27 03:06:00",144922,"",7999,2026,1,27,2,57,5,-0.0071,0.505,-0.008,-363658.7,0.455,-0.006,0.935,2.76,0,-0.006,-0.002,-0.007,0.007,13.13,-1.8,0.6,99,0
"2026-01-27 03:09:00",144923,"",7999,2026,1,27,3,3,5,-0.0033,0.503,-0.004,-363660.3,0.453,-0.002,0.932,2.81,0,-0.002,0,-0.002,-0.005,13.13,-1.8,0.6,100,0
"2026-01-27 03:12:00",144924,"",7999,2026,1,27,3,3,5,-0.0033,0.503,-0.004,-363660.3,0.453,-0.002,0.932,2.81,0,-0.002,0,-0.002,-0.005,13.13,-1.8,0.6,100,0
"2026-01-27 03:15:00",144925,"",7999,2026,1,27,3,9,5,-0.0055,0.501,-0.006,-363662.1,0.451,-0.005,0.927,2.83,0,-0.005,0,0.009,0.009,13.13,-1.8,0.6,98,0
"2026-01-27 03:18:00",144926,"",7999,2026,1,27,3,9,5,-0.0055,0.501,-0.006,-363662.1,0.451,-0.005,0.927,2.83,0,-0.005,0,0.009,0.009,13.13,-1.8,0.6,98,0
"2026-01-27 03:21:00",144927,"",7999,2026,1,27,3,15,5,-0.004,0.499,-0.004,-363663.7,0.449,-0.004,0.923,2.86,0,-0.004,-0.001,-0.03,-0.002,13.13,-1.8,0.6,100,0
"2026-01-27 03:24:00",144928,"",7999,2026,1,27,3,15,5,-0.004,0.499,-0.004,-363663.7,0.449,-0.004,0.923,2.86,0,-0.004,-0.001,-0.03,-0.002,13.13,-1.8,0.6,100,0
"2026-01-27 03:27:00",144929,"",7999,2026,1,27,3,21,5,-0.0052,0.496,-0.006,-363665.4,0.446,-0.005,0.919,2.89,0,-0.005,0,-0.014,-0.012,13.13,-1.8,0.6,96,0
"2026-01-27 03:30:00",144930,"",7999,2026,1,27,3,21,5,-0.0052,0.496,-0.006,-363665.4,0.446,-0.005,0.919,2.89,0,-0.005,0,-0.014,-0.012,13.13,-1.8,0.6,96,0
"2026-01-27 03:33:00",144931,"",7999,2026,1,27,3,27,5,-0.0039,0.495,-0.004,-363667,0.445,-0.002,0.915,2.91,0,-0.002,0,-0.051,-0.026,13.13,-1.8,0.6,100,0
"2026-01-27 03:36:00",144932,"",7999,2026,1,27,3,27,5,-0.0039,0.495,-0.004,-363667,0.445,-0.002,0.915,2.91,0,-0.002,0,-0.051,-0.026,13.13,-1.8,0.6,100,0
"2026-01-27 03:39:00",144933,"",7999,2026,1,27,3,33,5,-0.0028,0.492,-0.003,-363668.1,0.442,-0.002,0.911,2.91,0,-0.002,0,-0.014,-0.009,13.13,-1.8,0.6,97,0
"2026-01-27 03:42:00",144934,"",7999,2026,1,27,3,33,5,-0.0028,0.492,-0.003,-363668.1,0.442,-0.002,0.911,2.91,0,-0.002,0,-0.014,-0.009,13.13,-1.8,0.6,97,0
"2026-01-27 03:45:00",144935,"",7999,2026,1,27,3,39,5,-0.0039,0.49,-0.004,-363669.4,0.44,-0.002,0.906,2.82,0,-0.002,0,-0.002,-0.014,13.13,-1.8,0.6,99,0
"2026-01-27 03:48:00",144936,"",7999,2026,1,27,3,39,5,-0.0039,0.49,-0.004,-363669.4,0.44,-0.002,0.906,2.82,0,-0.002,0,-0.002,-0.014,13.13,-1.8,0.6,99,0
"2026-01-27 03:51:00",144937,"",7999,2026,1,27,3,45,5,-0.0026,0.488,-0.003,-363670.5,0.438,-0.002,0.902,2.79,0,-0.002,0,0.014,-0.007,13.13,-1.8,0.6,100,0
"2026-01-27 03:54:00",144938,"",7999,2026,1,27,3,45,5,-0.0026,0.488,-0.003,-363670.5,0.438,-0.002,0.902,2.79,0,-0.002,0,0.014,-0.007,13.13,-1.8,0.6,100,0
"2026-01-27 03:57:00",144939,"",7999,2026,1,27,3,51,5,-0.003,0.485,-0.003,-363671.6,0.435,-0.002,0.897,2.79,0,-0.002,0,0.012,0.045,13.13,-1.8,0.6,99,0
"2026-01-27 04:00:00",144940,"",7999,2026,1,27,3,51,5,-0.003,0.485,-0.003,-363671.6,0.435,-0.002,0.897,2.79,0,-0.002,0,0.012,0.045,13.13,-1.8,0.6,99,0
"2026-01-27 04:03:00",144941,"",7999,2026,1,27,3,57,5,0.0061,0.483,0.007,-363670.5,0.433,0.007,0.894,2.81,0,0.007,-0.004,0.033,-0.04,13.13,-1.8,0.6,98,0
"2026-01-27 04:06:00",144942,"",7999,2026,1,27,3,57,5,0.0061,0.483,0.007,-363670.5,0.433,0.007,0.894,2.81,0,0.007,-0.004,0.033,-0.04,13.13,-1.8,0.6,98,0
"2026-01-27 04:09:00",144943,"",7999,2026,1,27,4,3,5,-0.0022,0.48,-0.002,-363670.3,0.43,-0.001,0.889,2.84,0,-0.001,0.001,0.014,0.088,13.13,-1.8,0.6,99,0
"2026-01-27 04:12:00",144944,"",7999,2026,1,27,4,3,5,-0.0022,0.48,-0.002,-363670.3,0.43,-0.001,0.889,2.84,0,-0.001,0.001,0.014,0.088,13.13,-1.8,0.6,99,0
"2026-01-27 04:15:00",144945,"",7999,2026,1,27,4,9,5,-0.0049,0.478,-0.006,-363671.7,0.428,-0.004,0.886,2.86,0,-0.004,0.001,0.023,-0.066,13.13,-1.8,0.6,100,0
"2026-01-27 04:18:00",144946,"",7999,2026,1,27,4,9,5,-0.0049,0.478,-0.006,-363671.7,0.428,-0.004,0.886,2.86,0,-0.004,0.001,0.023,-0.066,13.13,-1.8,0.6,100,0
"2026-01-27 04:21:00",144947,"",7999,2026,1,27,4,15,5,-0.0035,0.475,-0.004,-363673.2,0.425,-0.002,0.88,2.89,0,-0.002,0,0.049,0,13.13,-1.8,0.6,100,0
"2026-01-27 04:24:00",144948,"",7999,2026,1,27,4,15,5,-0.0035,0.475,-0.004,-363673.2,0.425,-0.002,0.88,2.89,0,-0.002,0,0.049,0,13.13,-1.8,0.6,100,0
"2026-01-27 04:27:00",144949,"",7999,2026,1,27,4,21,5,-0.0018,0.472,-0.002,-363674,0.422,-0.001,0.874,2.92,0,-0.001,-0.001,0.002,0.121,13.13,-1.8,0.6,100,0
"2026-01-27 04:30:00",144950,"",7999,2026,1,27,4,21,5,-0.0018,0.472,-0.002,-363674,0.422,-0.001,0.874,2.92,0,-0.001,-0.001,0.002,0.121,13.13,-1.8,0.6,100,0
"2026-01-27 04:33:00",144951,"",7999,2026,1,27,4,27,5,-0.0052,0.47,-0.006,-363675.5,0.42,-0.005,0.87,2.95,0,-0.005,0.001,0.002,0.024,13.13,-1.8,0.6,100,0
"2026-01-27 04:36:00",144952,"",7999,2026,1,27,4,27,5,-0.0052,0.47,-0.006,-363675.5,0.42,-0.005,0.87,2.95,0,-0.005,0.001,0.002,0.024,13.13,-1.8,0.6,100,0
"2026-01-27 04:39:00",144953,"",7999,2026,1,27,4,33,5,-0.0035,0.468,-0.004,-363677,0.418,-0.002,0.866,2.97,0,-0.002,0,0.014,-0.083,13.13,-1.8,0.6,100,0
"2026-01-27 04:42:00",144954,"",7999,2026,1,27,4,33,5,-0.0035,0.468,-0.004,-363677,0.418,-0.002,0.866,2.97,0,-0.002,0,0.014,-0.083,13.13,-1.8,0.6,100,0
"2026-01-27 04:45:00",144955,"",7999,2026,1,27,4,39,5,-0.0043,0.466,-0.005,-363678.5,0.416,-0.004,0.863,2.99,0,-0.004,-0.001,-0.044,0.175,13.13,-1.8,0.6,100,0
"2026-01-27 04:48:00",144956,"",7999,2026,1,27,4,39,5,-0.0043,0.466,-0.005,-363678.5,0.416,-0.004,0.863,2.99,0,-0.004,-0.001,-0.044,0.175,13.13,-1.8,0.6,100,0
"2026-01-27 04:51:00",144957,"",7999,2026,1,27,4,45,5,-0.0068,0.464,-0.008,-363680.6,0.414,-0.007,0.86,3.01,0,-0.007,0.001,-0.019,0.054,13.13,-1.8,0.6,99,0
"2026-01-27 04:54:00",144958,"",7999,2026,1,27,4,45,5,-0.0068,0.464,-0.008,-363680.6,0.414,-0.007,0.86,3.01,0,-0.007,0.001,-0.019,0.054,13.13,-1.8,0.6,99,0
"2026-01-27 04:57:00",144959,"",7999,2026,1,27,4,51,5,-0.0028,0.463,-0.003,-363682.2,0.413,-0.002,0.857,3.03,0,-0.002,0,0.007,0.173,13.13,-1.8,0.6,100,0
"2026-01-27 05:00:00",144960,"",7999,2026,1,27,4,51,5,-0.0028,0.463,-0.003,-363682.2,0.413,-0.002,0.857,3.03,0,-0.002,0,0.007,0.173,13.13,-1.8,0.6,100,0
"2026-01-27 05:03:00",144961,"",7999,2026,1,27,4,57,5,-0.0038,0.462,-0.004,-363683.4,0.412,-0.004,0.855,3.05,0,-0.004,0.001,0,0.064,13.13,-1.8,0.6,100,0
"2026-01-27 05:06:00",144962,"",7999,2026,1,27,4,57,5,-0.0038,0.462,-0.004,-363683.4,0.412,-0.004,0.855,3.05,0,-0.004,0.001,0,0.064,13.13,-1.8,0.6,100,0
"2026-01-27 05:09:00",144963,"",7999,2026,1,27,5,3,5,-0.0037,0.461,-0.004,-363684.8,0.411,-0.002,0.854,3.03,0,-0.002,0,-0.005,-0.026,13.13,-1.8,0.6,100,0
"2026-01-27 05:12:00",144964,"",7999,2026,1,27,5,3,5,-0.0037,0.461,-0.004,-363684.8,0.411,-0.002,0.854,3.03,0,-0.002,0,-0.005,-0.026,13.13,-1.8,0.6,100,0
"2026-01-27 05:15:00",144965,"",7999,2026,1,27,5,9,5,-0.0051,0.461,-0.006,-363686.4,0.411,-0.005,0.853,2.94,0,-0.005,0,-0.002,0.04,13.13,-1.8,0.6,100,0
"2026-01-27 05:18:00",144966,"",7999,2026,1,27,5,9,5,-0.0051,0.461,-0.006,-363686.4,0.411,-0.005,0.853,2.94,0,-0.005,0,-0.002,0.04,13.13,-1.8,0.6,100,0
"2026-01-27 05:21:00",144967,"",7999,2026,1,27,5,15,5,-0.0033,0.461,-0.004,-363687.9,0.411,-0.002,0.853,2.9,0,-0.002,0,-0.007,0.062,13.13,-1.8,0.6,100,0
"2026-01-27 05:24:00",144968,"",7999,2026,1,27,5,15,5,-0.0033,0.461,-0.004,-363687.9,0.411,-0.002,0.853,2.9,0,-0.002,0,-0.007,0.062,13.13,-1.8,0.6,100,0
"2026-01-27 05:27:00",144969,"",7999,2026,1,27,5,21,5,-0.0041,0.46,-0.005,-363689.3,0.41,-0.004,0.851,2.86,0,-0.004,-0.001,0.009,-0.007,13.13,-1.8,0.6,99,0
"2026-01-27 05:30:00",144970,"",7999,2026,1,27,5,21,5,-0.0041,0.46,-0.005,-363689.3,0.41,-0.004,0.851,2.86,0,-0.004,-0.001,0.009,-0.007,13.13,-1.8,0.6,99,0
"2026-01-27 05:33:00",144971,"",7999,2026,1,27,5,27,5,-0.0042,0.459,-0.005,-363690.8,0.409,-0.004,0.85,2.86,0,-0.004,-0.001,-0.012,-0.019,13.13,-1.8,0.6,99,0
"2026-01-27 05:36:00",144972,"",7999,2026,1,27,5,27,5,-0.0042,0.459,-0.005,-363690.8,0.409,-0.004,0.85,2.86,0,-0.004,-0.001,-0.012,-0.019,13.13,-1.8,0.6,99,0
"2026-01-27 05:39:00",144973,"",7999,2026,1,27,5,33,5,-0.0035,0.458,-0.004,-363692.1,0.408,-0.002,0.848,2.86,0,-0.002,0,0,0,13.13,-1.8,0.6,99,0
"2026-01-27 05:42:00",144974,"",7999,2026,1,27,5,33,5,-0.0035,0.458,-0.004,-363692.1,0.408,-0.002,0.848,2.86,0,-0.002,0,0,0,13.13,-1.8,0.6,99,0
"2026-01-27 05:45:00",144975,"",7999,2026,1,27,5,39,5,-0.0028,0.457,-0.003,-363693.3,0.407,-0.002,0.846,2.85,0,-0.002,0,0.005,-0.014,13.13,-1.8,0.6,100,0
"2026-01-27 05:48:00",144976,"",7999,2026,1,27,5,39,5,-0.0028,0.457,-0.003,-363693.3,0.407,-0.002,0.846,2.85,0,-0.002,0,0.005,-0.014,13.13,-1.8,0.6,100,0
"2026-01-27 05:51:00",144977,"",7999,2026,1,27,5,45,5,-0.0039,0.456,-0.005,-363694.5,0.406,-0.004,0.844,2.85,0,-0.004,0.001,-0.012,-0.012,13.13,-1.8,0.6,98,0
"2026-01-27 05:54:00",144978,"",7999,2026,1,27,5,45,5,-0.0039,0.456,-0.005,-363694.5,0.406,-0.004,0.844,2.85,0,-0.004,0.001,-0.012,-0.012,13.13,-1.8,0.6,98,0
"2026-01-27 05:57:00",144979,"",7999,2026,1,27,5,51,5,-0.002,0.455,-0.002,-363695.5,0.405,-0.001,0.843,2.86,0,-0.001,0.001,-0.014,0,13.13,-1.8,0.6,100,0
"2026-01-27 06:00:00",144980,"",7999,2026,1,27,5,51,5,-0.002,0.455,-0.002,-363695.5,0.405,-0.001,0.843,2.86,0,-0.001,0.001,-0.014,0,13.13,-1.8,0.6,100,0
"2026-01-27 06:03:00",144981,"",7999,2026,1,27,5,57,5,-0.0024,0.454,-0.003,-363696.3,0.404,-0.002,0.841,2.86,0,-0.002,0,0.005,-0.005,13.13,-1.8,0.6,100,0
"2026-01-27 06:06:00",144982,"",7999,2026,1,27,5,57,5,-0.0024,0.454,-0.003,-363696.3,0.404,-0.002,0.841,2.86,0,-0.002,0,0.005,-0.005,13.13,-1.8,0.6,100,0
"2026-01-27 06:09:00",144983,"",7999,2026,1,27,6,3,5,-0.0032,0.453,-0.004,-363697.4,0.403,-0.002,0.838,2.87,0,-0.002,0,-0.023,-0.036,13.13,-1.8,0.6,97,0
"2026-01-27 06:12:00",144984,"",7999,2026,1,27,6,3,5,-0.0032,0.453,-0.004,-363697.4,0.403,-0.002,0.838,2.87,0,-0.002,0,-0.023,-0.036,13.13,-1.8,0.6,97,0
"2026-01-27 06:15:00",144985,"",7999,2026,1,27,6,9,5,-0.0028,0.452,-0.003,-363698.5,0.402,-0.002,0.837,2.88,0,-0.002,0,0.016,-0.005,13.13,-1.8,0.6,100,0
"2026-01-27 06:18:00",144986,"",7999,2026,1,27,6,9,5,-0.0028,0.452,-0.003,-363698.5,0.402,-0.002,0.837,2.88,0,-0.002,0,0.016,-0.005,13.13,-1.8,0.6,100,0
"2026-01-27 06:21:00",144987,"",7999,2026,1,27,6,15,5,-0.0026,0.451,-0.003,-363699.5,0.401,-0.002,0.835,2.9,0,-0.002,0,0.019,0.019,13.13,-1.8,0.6,100,0
"2026-01-27 06:24:00",144988,"",7999,2026,1,27,6,15,5,-0.0026,0.451,-0.003,-363699.5,0.401,-0.002,0.835,2.9,0,-0.002,0,0.019,0.019,13.13,-1.8,0.6,100,0
"2026-01-27 06:27:00",144989,"",7999,2026,1,27,6,21,5,-0.0025,0.451,-0.003,-363700.4,0.401,-0.002,0.835,2.92,0,-0.002,0,0.007,-0.007,13.13,-1.8,0.6,100,0
"2026-01-27 06:30:00",144990,"",7999,2026,1,27,6,21,5,-0.0025,0.451,-0.003,-363700.4,0.401,-0.002,0.835,2.92,0,-0.002,0,0.007,-0.007,13.13,-1.8,0.6,100,0
"2026-01-27 06:33:00",144991,"",7999,2026,1,27,6,27,5,-0.0019,0.451,-0.002,-363701.2,0.401,-0.001,0.835,2.92,0,-0.001,-0.001,0,-0.038,13.13,-1.8,0.6,100,0
"2026-01-27 06:36:00",144992,"",7999,2026,1,27,6,27,5,-0.0019,0.451,-0.002,-363701.2,0.401,-0.001,0.835,2.92,0,-0.001,-0.001,0,-0.038,13.13,-1.8,0.6,100,0
"2026-01-27 06:39:00",144993,"",7999,2026,1,27,6,33,5,-0.0022,0.451,-0.003,-363701.9,0.401,-0.002,0.835,2.93,0,-0.002,0,0.016,0,13.13,-1.8,0.6,99,0
"2026-01-27 06:42:00",144994,"",7999,2026,1,27,6,33,5,-0.0022,0.451,-0.003,-363701.9,0.401,-0.002,0.835,2.93,0,-0.002,0,0.016,0,13.13,-1.8,0.6,99,0
"2026-01-27 06:45:00",144995,"",7999,2026,1,27,6,39,5,-0.0033,0.452,-0.004,-363703,0.402,-0.004,0.837,2.97,0,-0.004,0.002,-0.021,-0.014,13.13,-1.8,0.6,100,0
"2026-01-27 06:48:00",144996,"",7999,2026,1,27,6,39,5,-0.0033,0.452,-0.004,-363703,0.402,-0.004,0.837,2.97,0,-0.004,0.002,-0.021,-0.014,13.13,-1.8,0.6,100,0
"2026-01-27 06:51:00",144997,"",7999,2026,1,27,6,45,5,-0.0194,0.453,-0.023,-363708,0.403,-0.022,0.839,2.99,0,-0.022,0.01,0.002,-0.031,13.13,-1.8,0.6,100,0
"2026-01-27 06:54:00",144998,"",7999,2026,1,27,6,45,5,-0.0194,0.453,-0.023,-363708,0.403,-0.022,0.839,2.99,0,-0.022,0.01,0.002,-0.031,13.13,-1.8,0.6,100,0
"2026-01-27 06:57:00",144999,"",7999,2026,1,27,6,51,5,-0.0028,0.454,-0.003,-363711.1,0.404,-0.004,0.84,2.95,0,-0.004,0.003,0.06,-0.045,13.13,-1.8,0.6,100,0
"2026-01-27 07:00:00",145000,"",7999,2026,1,27,6,51,5,-0.0028,0.454,-0.003,-363711.1,0.404,-0.004,0.84,2.95,0,-0.004,0.003,0.06,-0.045,13.13,-1.8,0.6,100,0
"2026-01-27 07:03:00",145001,"",7999,2026,1,27,6,57,5,-0.0134,0.455,-0.016,-363714.6,0.405,-0.015,0.841,2.89,0,-0.015,0.003,-0.123,-0.017,13.13,-1.8,0.6,100,0
"2026-01-27 07:06:00",145002,"",7999,2026,1,27,6,57,5,-0.0134,0.455,-0.016,-363714.6,0.405,-0.015,0.841,2.89,0,-0.015,0.003,-0.123,-0.017,13.13,-1.8,0.6,100,0
"2026-01-27 07:09:00",145003,"",7999,2026,1,27,7,3,5,-0.0055,0.454,-0.007,-363717.6,0.404,-0.006,0.841,2.86,0,-0.006,0.001,-0.021,0,13.13,-1.8,0.6,100,0
"2026-01-27 07:12:00",145004,"",7999,2026,1,27,7,3,5,-0.0055,0.454,-0.007,-363717.6,0.404,-0.006,0.841,2.86,0,-0.006,0.001,-0.021,0,13.13,-1.8,0.6,100,0
"2026-01-27 07:15:00",145005,"",7999,2026,1,27,7,9,5,-0.011,0.455,-0.013,-363720.9,0.405,-0.012,0.842,2.82,0,-0.012,0.003,0.028,-0.014,13.13,-1.8,0.6,100,0
"2026-01-27 07:18:00",145006,"",7999,2026,1,27,7,9,5,-0.011,0.455,-0.013,-363720.9,0.405,-0.012,0.842,2.82,0,-0.012,0.003,0.028,-0.014,13.13,-1.8,0.6,100,0
"2026-01-27 07:21:00",145007,"",7999,2026,1,27,7,15,5,-0.0031,0.455,-0.004,-363722.9,0.405,-0.004,0.842,2.8,0,-0.004,0.003,-0.021,-0.031,13.13,-1.8,0.6,100,0
"2026-01-27 07:24:00",145008,"",7999,2026,1,27,7,15,5,-0.0031,0.455,-0.004,-363722.9,0.405,-0.004,0.842,2.8,0,-0.004,0.003,-0.021,-0.031,13.13,-1.8,0.6,100,0
"2026-01-27 07:27:00",145009,"",7999,2026,1,27,7,21,5,-0.0305,0.455,-0.036,-363730.7,0.405,-0.036,0.843,2.81,0,-0.036,0.001,-0.123,0.009,13.12,-1.8,0.6,100,0
"2026-01-27 07:30:00",145010,"",7999,2026,1,27,7,21,5,-0.0305,0.455,-0.036,-363730.7,0.405,-0.036,0.843,2.81,0,-0.036,0.001,-0.123,0.009,13.12,-1.8,0.6,100,0
"2026-01-27 07:33:00",145011,"",7999,2026,1,27,7,27,5,0.0023,0.455,0.003,-363733.8,0.405,0.004,0.843,2.79,0,0.004,-0.002,-0.091,-0.014,13.13,-1.8,0.6,100,0
"2026-01-27 07:36:00",145012,"",7999,2026,1,27,7,27,5,0.0023,0.455,0.003,-363733.8,0.405,0.004,0.843,2.79,0,0.004,-0.002,-0.091,-0.014,13.13,-1.8,0.6,100,0
"2026-01-27 07:39:00",145013,"",7999,2026,1,27,7,33,5,0.0071,0.456,0.008,-363731.8,0.406,0.007,0.845,2.78,0,0.007,-0.003,0.077,0.012,13.13,-1.8,0.6,100,0
"2026-01-27 07:42:00",145014,"",7999,2026,1,27,7,33,5,0.0071,0.456,0.008,-363731.8,0.406,0.007,0.845,2.78,0,0.007,-0.003,0.077,0.012,13.13,-1.8,0.6,100,0
"2026-01-27 07:45:00",145015,"",7999,2026,1,27,7,39,5,0.0046,0.457,0.006,-363729.8,0.407,0.004,0.846,2.74,0,0.004,-0.001,-0.046,-0.028,13.13,-1.8,0.6,100,0
"2026-01-27 07:48:00",145016,"",7999,2026,1,27,7,39,5,0.0046,0.457,0.006,-363729.8,0.407,0.004,0.846,2.74,0,0.004,-0.001,-0.046,-0.028,13.13,-1.8,0.6,100,0
"2026-01-27 07:51:00",145017,"",7999,2026,1,27,7,45,5,0.0022,0.459,0.003,-363728.7,0.409,0.002,0.849,2.75,0,0.002,-0.003,0.042,0.014,13.13,-1.8,0.6,100,0
"2026-01-27 07:54:00",145018,"",7999,2026,1,27,7,45,5,0.0022,0.459,0.003,-363728.7,0.409,0.002,0.849,2.75,0,0.002,-0.003,0.042,0.014,13.13,-1.8,0.6,100,0
"2026-01-27 07:57:00",145019,"",7999,2026,1,27,7,51,5,0.0179,0.459,0.021,-363724.1,0.409,0.021,0.85,2.78,0,0.021,-0.007,-0.044,-0.007,13.13,-1.8,0.6,100,0
"2026-01-27 08:00:00",145020,"",7999,2026,1,27,7,51,5,0.0179,0.459,0.021,-363724.1,0.409,0.021,0.85,2.78,0,0.021,-0.007,-0.044,-0.007,13.13,-1.8,0.6,100,0
"2026-01-27 08:03:00",145021,"",7999,2026,1,27,7,57,5,0.0045,0.46,0.005,-363720.8,0.41,0.005,0.851,2.8,0,0.005,0.005,0.065,-0.017,13.13,-1.8,0.6,100,0
"2026-01-27 08:06:00",145022,"",7999,2026,1,27,7,57,5,0.0045,0.46,0.005,-363720.8,0.41,0.005,0.851,2.8,0,0.005,0.005,0.065,-0.017,13.13,-1.8,0.6,100,0
"2026-01-27 08:09:00",145023,"",7999,2026,1,27,8,3,5,0.0074,0.46,0.009,-363718.5,0.41,0.007,0.852,2.85,0,0.007,-0.003,0.063,0.002,13.13,-1.8,0.6,100,0
"2026-01-27 08:12:00",145024,"",7999,2026,1,27,8,3,5,0.0074,0.46,0.009,-363718.5,0.41,0.007,0.852,2.85,0,0.007,-0.003,0.063,0.002,13.13,-1.8,0.6,100,0
"2026-01-27 08:15:00",145025,"",7999,2026,1,27,8,9,5,-0.0016,0.46,-0.002,-363718,0.41,-0.001,0.851,2.81,0,-0.001,0.01,-0.072,0.026,13.13,-1.9,0.6,100,0
"2026-01-27 08:18:00",145026,"",7999,2026,1,27,8,9,5,-0.0016,0.46,-0.002,-363718,0.41,-0.001,0.851,2.81,0,-0.001,0.01,-0.072,0.026,13.13,-1.9,0.6,100,0
"2026-01-27 08:21:00",145027,"",7999,2026,1,27,8,15,5,0.0042,0.459,0.005,-363717.2,0.409,0.005,0.85,2.79,0,0.005,-0.003,0.002,0.026,13.13,-1.9,0.6,100,0
"2026-01-27 08:24:00",145028,"",7999,2026,1,27,8,15,5,0.0042,0.459,0.005,-363717.2,0.409,0.005,0.85,2.79,0,0.005,-0.003,0.002,0.026,13.13,-1.9,0.6,100,0
"2026-01-27 08:27:00",145029,"",7999,2026,1,27,8,21,5,0.0036,0.46,0.004,-363715.8,0.41,0.004,0.851,2.8,2,0.004,0.005,-0.051,-0.009,13.12,-2,0.6,100,0
"2026-01-27 08:30:00",145030,"",7999,2026,1,27,8,21,5,0.0036,0.46,0.004,-363715.8,0.41,0.004,0.851,2.8,2,0.004,0.005,-0.051,-0.009,13.12,-2,0.6,100,0
"2026-01-27 08:33:00",145031,"",7999,2026,1,27,8,27,5,0.0061,0.46,0.007,-363713.9,0.41,0.006,0.852,2.82,2,0.006,-0.001,-0.144,0,13.13,-2,0.5,100,0
"2026-01-27 08:36:00",145032,"",7999,2026,1,27,8,27,5,0.0061,0.46,0.007,-363713.9,0.41,0.006,0.852,2.82,2,0.006,-0.001,-0.144,0,13.13,-2,0.5,100,0
"2026-01-27 08:39:00",145033,"",7999,2026,1,27,8,33,5,-0.003,0.461,-0.004,-363713.9,0.411,-0.002,0.854,2.8,2,-0.002,0.007,-0.179,0.04,13.12,-2.1,0.5,100,0
"2026-01-27 08:42:00",145034,"",7999,2026,1,27,8,33,5,-0.003,0.461,-0.004,-363713.9,0.411,-0.002,0.854,2.8,2,-0.002,0.007,-0.179,0.04,13.12,-2.1,0.5,100,0
"2026-01-27 08:45:00",145035,"",7999,2026,1,27,8,39,5,0.0239,0.461,0.028,-363708.5,0.411,0.027,0.854,2.78,2,0.027,0.002,-0.116,-0.045,13.13,-2.2,0.5,100,0
"2026-01-27 08:48:00",145036,"",7999,2026,1,27,8,39,5,0.0239,0.461,0.028,-363708.5,0.411,0.027,0.854,2.78,2,0.027,0.002,-0.116,-0.045,13.13,-2.2,0.5,100,0
"2026-01-27 08:51:00",145037,"",7999,2026,1,27,8,45,5,0.0151,0.461,0.018,-363702,0.411,0.017,0.853,2.78,2,0.017,0,0.019,-0.114,13.13,-2.2,0.5,100,0
"2026-01-27 08:54:00",145038,"",7999,2026,1,27,8,45,5,0.0151,0.461,0.018,-363702,0.411,0.017,0.853,2.78,2,0.017,0,0.019,-0.114,13.13,-2.2,0.5,100,0
"2026-01-27 08:57:00",145039,"",7999,2026,1,27,8,51,5,0.0138,0.461,0.016,-363696.8,0.411,0.015,0.853,2.7,2,0.015,-0.002,0.002,-0.038,13.13,-2.2,0.5,100,0
"2026-01-27 09:00:00",145040,"",7999,2026,1,27,8,51,5,0.0138,0.461,0.016,-363696.8,0.411,0.015,0.853,2.7,2,0.015,-0.002,0.002,-0.038,13.13,-2.2,0.5,100,0
"2026-01-27 09:03:00",145041,"",7999,2026,1,27,8,57,5,0.0082,0.462,0.01,-363693.2,0.412,0.01,0.854,2.66,2,0.01,-0.002,0,-0.057,13.13,-2.3,0.5,100,0
"2026-01-27 09:06:00",145042,"",7999,2026,1,27,8,57,5,0.0082,0.462,0.01,-363693.2,0.412,0.01,0.854,2.66,2,0.01,-0.002,0,-0.057,13.13,-2.3,0.5,100,0
"2026-01-27 09:09:00",145043,"",7999,2026,1,27,9,3,5,0.0159,0.462,0.019,-363688.4,0.412,0.017,0.856,2.63,2,0.017,-0.003,0.046,-0.194,13.13,-2.3,0.5,100,0
"2026-01-27 09:12:00",145044,"",7999,2026,1,27,9,3,5,0.0159,0.462,0.019,-363688.4,0.412,0.017,0.856,2.63,2,0.017,-0.003,0.046,-0.194,13.13,-2.3,0.5,100,0
"2026-01-27 09:15:00",145045,"",7999,2026,1,27,9,9,5,0.0068,0.464,0.008,-363684.8,0.414,0.007,0.858,2.7,2,0.007,0.003,0.037,-0.102,13.13,-2.3,0.5,100,0
"2026-01-27 09:18:00",145046,"",7999,2026,1,27,9,9,5,0.0068,0.464,0.008,-363684.8,0.414,0.007,0.858,2.7,2,0.007,0.003,0.037,-0.102,13.13,-2.3,0.5,100,0
"2026-01-27 09:21:00",145047,"",7999,2026,1,27,9,15,5,0.0099,0.464,0.012,-363681.6,0.414,0.011,0.859,2.75,2,0.011,0,-0.209,0.057,13.13,-2.2,0.5,100,0
"2026-01-27 09:24:00",145048,"",7999,2026,1,27,9,15,5,0.0099,0.464,0.012,-363681.6,0.414,0.011,0.859,2.75,2,0.011,0,-0.209,0.057,13.13,-2.2,0.5,100,0
"2026-01-27 09:27:00",145049,"",7999,2026,1,27,9,21,5,0.0083,0.465,0.01,-363678.4,0.415,0.008,0.86,2.79,2,0.008,0.001,0.016,-0.123,13.13,-2.2,0.5,100,0
"2026-01-27 09:30:00",145050,"",7999,2026,1,27,9,21,5,0.0083,0.465,0.01,-363678.4,0.415,0.008,0.86,2.79,2,0.008,0.001,0.016,-0.123,13.13,-2.2,0.5,100,0
"2026-01-27 09:33:00",145051,"",7999,2026,1,27,9,27,5,0.0036,0.466,0.004,-363676.5,0.416,0.005,0.862,2.79,2,0.005,0.004,0.13,-0.007,13.13,-2.2,0.5,100,0
"2026-01-27 09:36:00",145052,"",7999,2026,1,27,9,27,5,0.0036,0.466,0.004,-363676.5,0.416,0.005,0.862,2.79,2,0.005,0.004,0.13,-0.007,13.13,-2.2,0.5,100,0
"2026-01-27 09:39:00",145053,"",7999,2026,1,27,9,33,5,0.0055,0.467,0.006,-363674.8,0.417,0.006,0.865,2.77,2,0.006,0.003,-0.065,0.18,13.13,-2.2,0.5,100,0
"2026-01-27 09:42:00",145054,"",7999,2026,1,27,9,33,5,0.0055,0.467,0.006,-363674.8,0.417,0.006,0.865,2.77,2,0.006,0.003,-0.065,0.18,13.13,-2.2,0.5,100,0
"2026-01-27 09:45:00",145055,"",7999,2026,1,27,9,39,5,0.015,0.469,0.017,-363670.5,0.419,0.017,0.867,2.78,2,0.017,-0.001,0.04,0.133,13.13,-2.3,0.5,100,0
"2026-01-27 09:48:00",145056,"",7999,2026,1,27,9,39,5,0.015,0.469,0.017,-363670.5,0.419,0.017,0.867,2.78,2,0.017,-0.001,0.04,0.133,13.13,-2.3,0.5,100,0
"2026-01-27 09:51:00",145057,"",7999,2026,1,27,9,45,5,0.0072,0.47,0.008,-363666.9,0.42,0.007,0.869,2.76,2,0.007,0.001,0.079,-0.111,13.13,-2.3,0.5,100,0
"2026-01-27 09:54:00",145058,"",7999,2026,1,27,9,45,5,0.0072,0.47,0.008,-363666.9,0.42,0.007,0.869,2.76,2,0.007,0.001,0.079,-0.111,13.13,-2.3,0.5,100,0
"2026-01-27 09:57:00",145059,"",7999,2026,1,27,9,51,5,0.0113,0.471,0.013,-363663.4,0.421,0.012,0.871,2.75,2,0.012,-0.004,0.149,0.13,13.13,-2.2,0.5,100,0
"2026-01-27 10:00:00",145060,"",7999,2026,1,27,9,51,5,0.0113,0.471,0.013,-363663.4,0.421,0.012,0.871,2.75,2,0.012,-0.004,0.149,0.13,13.13,-2.2,0.5,100,0
"2026-01-27 10:03:00",145061,"",7999,2026,1,27,9,57,5,0.0135,0.473,0.016,-363658.8,0.423,0.014,0.875,2.75,2,0.014,-0.004,-0.07,-0.107,13.13,-2.2,0.5,100,0
"2026-01-27 10:06:00",145062,"",7999,2026,1,27,9,57,5,0.0135,0.473,0.016,-363658.8,0.423,0.014,0.875,2.75,2,0.014,-0.004,-0.07,-0.107,13.13,-2.2,0.5,100,0
"2026-01-27 10:09:00",145063,"",7999,2026,1,27,10,3,5,0.0005,0.474,0.001,-363657,0.424,0,0.877,2.73,2,0,0.002,0.014,0.111,13.13,-2.3,0.5,100,0
"2026-01-27 10:12:00",145064,"",7999,2026,1,27,10,3,5,0.0005,0.474,0.001,-363657,0.424,0,0.877,2.73,2,0,0.002,0.014,0.111,13.13,-2.3,0.5,100,0
"2026-01-27 10:15:00",145065,"",7999,2026,1,27,10,9,5,0.0183,0.479,0.021,-363652.5,0.429,0.021,0.886,2.78,2,0.021,-0.001,-0.035,0.012,13.13,-2.3,0.5,100,0
"2026-01-27 10:18:00",145066,"",7999,2026,1,27,10,9,5,0.0183,0.479,0.021,-363652.5,0.429,0.021,0.886,2.78,2,0.021,-0.001,-0.035,0.012,13.13,-2.3,0.5,100,0
"2026-01-27 10:21:00",145067,"",7999,2026,1,27,10,15,5,0.0175,0.482,0.02,-363646.1,0.432,0.018,0.892,2.81,2,0.018,-0.001,0.002,0.007,13.13,-2.3,0.5,100,0
"2026-01-27 10:24:00",145068,"",7999,2026,1,27,10,15,5,0.0175,0.482,0.02,-363646.1,0.432,0.018,0.892,2.81,2,0.018,-0.001,0.002,0.007,13.13,-2.3,0.5,100,0
"2026-01-27 10:27:00",145069,"",7999,2026,1,27,10,21,5,0.0193,0.491,0.021,-363639.3,0.441,0.021,0.909,2.83,2,0.021,0,0.019,-0.028,13.13,-2.2,0.5,100,0
"2026-01-27 10:30:00",145070,"",7999,2026,1,27,10,21,5,0.0193,0.491,0.021,-363639.3,0.441,0.021,0.909,2.83,2,0.021,0,0.019,-0.028,13.13,-2.2,0.5,100,0
"2026-01-27 10:33:00",145071,"",7999,2026,1,27,10,27,5,0.0196,0.508,0.021,-363632.3,0.458,0.019,0.94,2.83,2,0.019,0.001,0.019,0.007,13.13,-2.2,0.5,100,0
"2026-01-27 10:36:00",145072,"",7999,2026,1,27,10,27,5,0.0196,0.508,0.021,-363632.3,0.458,0.019,0.94,2.83,2,0.019,0.001,0.019,0.007,13.13,-2.2,0.5,100,0
"2026-01-27 10:39:00",145073,"",7999,2026,1,27,10,33,5,0.0172,0.53,0.018,-363625.8,0.48,0.017,0.981,2.84,2,0.017,0,0.058,0,13.14,-2.2,0.5,100,0
"2026-01-27 10:42:00",145074,"",7999,2026,1,27,10,33,5,0.0172,0.53,0.018,-363625.8,0.48,0.017,0.981,2.84,2,0.017,0,0.058,0,13.14,-2.2,0.5,100,0
"2026-01-27 10:45:00",145075,"",7999,2026,1,27,10,39,5,0.0123,0.543,0.012,-363620.8,0.493,0.012,1.006,2.88,2,0.012,0.001,0.079,0.028,13.14,-2.2,0.5,100,0
"2026-01-27 10:48:00",145076,"",7999,2026,1,27,10,39,5,0.0123,0.543,0.012,-363620.8,0.493,0.012,1.006,2.88,2,0.012,0.001,0.079,0.028,13.14,-2.2,0.5,100,0
"2026-01-27 10:51:00",145077,"",7999,2026,1,27,10,45,5,0.0149,0.558,0.014,-363615.7,0.508,0.015,1.032,2.88,2,0.015,0,-0.033,-0.007,13.14,-2.2,0.5,100,0
"2026-01-27 10:54:00",145078,"",7999,2026,1,27,10,45,5,0.0149,0.558,0.014,-363615.7,0.508,0.015,1.032,2.88,2,0.015,0,-0.033,-0.007,13.14,-2.2,0.5,100,0
"2026-01-27 10:57:00",145079,"",7999,2026,1,27,10,51,5,0.0136,0.573,0.013,-363610.6,0.523,0.012,1.061,2.91,2,0.012,0,-0.026,-0.036,13.14,-2.2,0.5,100,0
"2026-01-27 11:00:00",145080,"",7999,2026,1,27,10,51,5,0.0136,0.573,0.013,-363610.6,0.523,0.012,1.061,2.91,2,0.012,0,-0.026,-0.036,13.14,-2.2,0.5,100,0
"2026-01-27 11:03:00",145081,"",7999,2026,1,27,10,57,5,0.0211,0.586,0.019,-363603.9,0.536,0.018,1.084,2.95,2,0.018,-0.001,-0.002,0.038,13.14,-2.2,0.5,100,0
"2026-01-27 11:06:00",145082,"",7999,2026,1,27,10,57,5,0.0211,0.586,0.019,-363603.9,0.536,0.018,1.084,2.95,2,0.018,-0.001,-0.002,0.038,13.14,-2.2,0.5,100,0
"2026-01-27 11:09:00",145083,"",7999,2026,1,27,11,3,5,0.02,0.598,0.018,-363596.6,0.548,0.017,1.106,2.96,2,0.017,0,-0.005,0.007,13.14,-2.2,0.5,100,0
"2026-01-27 11:12:00",145084,"",7999,2026,1,27,11,3,5,0.02,0.598,0.018,-363596.6,0.548,0.017,1.106,2.96,2,0.017,0,-0.005,0.007,13.14,-2.2,0.5,100,0
"2026-01-27 11:15:00",145085,"",7999,2026,1,27,11,9,5,0.0108,0.615,0.009,-363591.6,0.565,0.008,1.138,3.02,2,0.008,-0.002,0.019,0.012,13.14,-2.2,0.5,100,0
"2026-01-27 11:18:00",145086,"",7999,2026,1,27,11,9,5,0.0108,0.615,0.009,-363591.6,0.565,0.008,1.138,3.02,2,0.008,-0.002,0.019,0.012,13.14,-2.2,0.5,100,0
"2026-01-27 11:21:00",145087,"",7999,2026,1,27,11,15,5,0.0188,0.63,0.016,-363585.8,0.58,0.015,1.167,3.08,2,0.015,0.001,0.019,-0.005,13.14,-2.3,0.5,100,0
"2026-01-27 11:24:00",145088,"",7999,2026,1,27,11,15,5,0.0188,0.63,0.016,-363585.8,0.58,0.015,1.167,3.08,2,0.015,0.001,0.019,-0.005,13.14,-2.3,0.5,100,0
"2026-01-27 11:27:00",145089,"",7999,2026,1,27,11,21,5,0.0109,0.642,0.009,-363580.9,0.592,0.008,1.188,3.12,2,0.008,0.001,0.012,-0.081,13.14,-2.3,0.5,100,0
"2026-01-27 11:30:00",145090,"",7999,2026,1,27,11,21,5,0.0109,0.642,0.009,-363580.9,0.592,0.008,1.188,3.12,2,0.008,0.001,0.012,-0.081,13.14,-2.3,0.5,100,0
"2026-01-27 11:33:00",145091,"",7999,2026,1,27,11,27,5,0.0196,0.656,0.016,-363574.8,0.606,0.015,1.214,3.18,2,0.015,0,0.016,-0.005,13.14,-2.3,0.5,100,0
"2026-01-27 11:36:00",145092,"",7999,2026,1,27,11,27,5,0.0196,0.656,0.016,-363574.8,0.606,0.015,1.214,3.18,2,0.015,0,0.016,-0.005,13.14,-2.3,0.5,100,0
"2026-01-27 11:39:00",145093,"",7999,2026,1,27,11,33,5,0.0139,0.67,0.011,-363569.1,0.62,0.01,1.24,3.19,2,0.01,0,0.009,0.019,13.14,-2.2,0.5,100,0
"2026-01-27 11:42:00",145094,"",7999,2026,1,27,11,33,5,0.0139,0.67,0.011,-363569.1,0.62,0.01,1.24,3.19,2,0.01,0,0.009,0.019,13.14,-2.2,0.5,100,0
"2026-01-27 11:45:00",145095,"",7999,2026,1,27,11,39,5,0.0083,0.682,0.007,-363565.4,0.632,0.006,1.262,3.22,2,0.006,-0.001,-0.007,-0.002,13.14,-2.2,0.6,100,0
"2026-01-27 11:48:00",145096,"",7999,2026,1,27,11,39,5,0.0083,0.682,0.007,-363565.4,0.632,0.006,1.262,3.22,2,0.006,-0.001,-0.007,-0.002,13.14,-2.2,0.6,100,0
"2026-01-27 11:51:00",145097,"",7999,2026,1,27,11,45,5,0.0069,0.694,0.005,-363562.8,0.644,0.004,1.285,3.28,2,0.004,0.001,-0.007,0,13.14,-2.2,0.6,100,0
"2026-01-27 11:54:00",145098,"",7999,2026,1,27,11,45,5,0.0069,0.694,0.005,-363562.8,0.644,0.004,1.285,3.28,2,0.004,0.001,-0.007,0,13.14,-2.2,0.6,100,0
"2026-01-27 11:57:00",145099,"",7999,2026,1,27,11,51,5,0.0088,0.705,0.007,-363559.8,0.655,0.006,1.305,3.3,2,0.006,0.001,-0.009,-0.002,13.14,-2.2,0.6,100,0
"2026-01-27 12:00:00",145100,"",7999,2026,1,27,11,51,5,0.0088,0.705,0.007,-363559.8,0.655,0.006,1.305,3.3,2,0.006,0.001,-0.009,-0.002,13.14,-2.2,0.6,100,0
"2026-01-27 12:03:00",145101,"",7999,2026,1,27,11,57,5,0.0152,0.718,0.011,-363555.1,0.668,0.011,1.33,3.33,2,0.011,-0.002,-0.009,0,13.14,-2.2,0.6,100,0
"2026-01-27 12:06:00",145102,"",7999,2026,1,27,11,57,5,0.0152,0.718,0.011,-363555.1,0.668,0.011,1.33,3.33,2,0.011,-0.002,-0.009,0,13.14,-2.2,0.6,100,0
"2026-01-27 12:09:00",145103,"",7999,2026,1,27,12,3,5,0.0046,0.733,0.003,-363552.1,0.683,0.002,1.357,3.36,2,0.002,0,-0.019,-0.021,13.14,-2.2,0.6,100,0
"2026-01-27 12:12:00",145104,"",7999,2026,1,27,12,3,5,0.0046,0.733,0.003,-363552.1,0.683,0.002,1.357,3.36,2,0.002,0,-0.019,-0.021,13.14,-2.2,0.6,100,0
"2026-01-27 12:15:00",145105,"",7999,2026,1,27,12,9,5,0.0049,0.747,0.004,-363550.4,0.697,0.002,1.383,3.38,2,0.002,-0.001,0,-0.017,13.14,-2.2,0.6,100,0
"2026-01-27 12:18:00",145106,"",7999,2026,1,27,12,9,5,0.0049,0.747,0.004,-363550.4,0.697,0.002,1.383,3.38,2,0.002,-0.001,0,-0.017,13.14,-2.2,0.6,100,0
"2026-01-27 12:21:00",145107,"",7999,2026,1,27,12,15,5,0.0064,0.753,0.005,-363548.3,0.703,0.004,1.394,3.36,2,0.004,0.001,-0.016,-0.005,13.14,-2.2,0.6,100,0
"2026-01-27 12:24:00",145108,"",7999,2026,1,27,12,15,5,0.0064,0.753,0.005,-363548.3,0.703,0.004,1.394,3.36,2,0.004,0.001,-0.016,-0.005,13.14,-2.2,0.6,100,0
"2026-01-27 12:27:00",145109,"",7999,2026,1,27,12,21,5,0.0155,0.757,0.011,-363543.8,0.707,0.011,1.402,3.33,2,0.011,0.003,0,-0.024,13.14,-2.2,0.6,100,0
"2026-01-27 12:30:00",145110,"",7999,2026,1,27,12,21,5,0.0155,0.757,0.011,-363543.8,0.707,0.011,1.402,3.33,2,0.011,0.003,0,-0.024,13.14,-2.2,0.6,100,0
"2026-01-27 12:33:00",145111,"",7999,2026,1,27,12,27,5,-0.0074,0.766,-0.005,-363543.7,0.716,-0.005,1.417,3.38,2,-0.005,0.004,-0.005,-0.026,13.14,-2.2,0.6,100,0
"2026-01-27 12:36:00",145112,"",7999,2026,1,27,12,27,5,-0.0074,0.766,-0.005,-363543.7,0.716,-0.005,1.417,3.38,2,-0.005,0.004,-0.005,-0.026,13.14,-2.2,0.6,100,0
"2026-01-27 12:39:00",145113,"",7999,2026,1,27,12,33,5,-0.0167,0.773,-0.012,-363548.6,0.723,-0.011,1.431,3.35,2,-0.011,0.005,-0.026,-0.014,13.14,-2.1,0.6,100,0
"2026-01-27 12:42:00",145114,"",7999,2026,1,27,12,33,5,-0.0167,0.773,-0.012,-363548.6,0.723,-0.011,1.431,3.35,2,-0.011,0.005,-0.026,-0.014,13.14,-2.1,0.6,100,0
"2026-01-27 12:45:00",145115,"",7999,2026,1,27,12,39,5,-0.0008,0.779,-0.001,-363550.8,0.729,0,1.442,3.35,2,0,0,0,-0.028,13.14,-2.1,0.6,100,0
"2026-01-27 12:48:00",145116,"",7999,2026,1,27,12,39,5,-0.0008,0.779,-0.001,-363550.8,0.729,0,1.442,3.35,2,0,0,0,-0.028,13.14,-2.1,0.6,100,0
"2026-01-27 12:51:00",145117,"",7999,2026,1,27,12,45,5,-0.0176,0.781,-0.012,-363555.2,0.731,-0.011,1.445,3.31,2,-0.011,0.003,-0.035,-0.036,13.14,-2.2,0.6,100,0
"2026-01-27 12:54:00",145118,"",7999,2026,1,27,12,45,5,-0.0176,0.781,-0.012,-363555.2,0.731,-0.011,1.445,3.31,2,-0.011,0.003,-0.035,-0.036,13.14,-2.2,0.6,100,0
"2026-01-27 12:57:00",145119,"",7999,2026,1,27,12,51,5,-0.0116,0.781,-0.008,-363560.1,0.731,-0.007,1.446,3.22,2,-0.007,0,-0.033,-0.031,13.14,-2.1,0.6,100,0
"2026-01-27 13:00:00",145120,"",7999,2026,1,27,12,51,5,-0.0116,0.781,-0.008,-363560.1,0.731,-0.007,1.446,3.22,2,-0.007,0,-0.033,-0.031,13.14,-2.1,0.6,100,0
"2026-01-27 13:03:00",145121,"",7999,2026,1,27,12,57,5,0.0081,0.787,0.006,-363559.5,0.737,0.005,1.456,3.23,2,0.005,0.002,-0.007,-0.014,13.14,-2.2,0.6,100,0
"2026-01-27 13:06:00",145122,"",7999,2026,1,27,12,57,5,0.0081,0.787,0.006,-363559.5,0.737,0.005,1.456,3.23,2,0.005,0.002,-0.007,-0.014,13.14,-2.2,0.6,100,0
"2026-01-27 13:09:00",145123,"",7999,2026,1,27,13,3,5,-0.0032,0.791,-0.002,-363559.3,0.741,-0.002,1.463,3.29,2,-0.002,0.002,-0.026,-0.012,13.14,-2.2,0.6,100,0
"2026-01-27 13:12:00",145124,"",7999,2026,1,27,13,3,5,-0.0032,0.791,-0.002,-363559.3,0.741,-0.002,1.463,3.29,2,-0.002,0.002,-0.026,-0.012,13.14,-2.2,0.6,100,0
"2026-01-27 13:15:00",145125,"",7999,2026,1,27,13,9,5,-0.0017,0.795,-0.001,-363560.1,0.745,-0.001,1.471,3.37,2,-0.001,0.003,-0.028,-0.024,13.14,-2.1,0.6,100,0
"2026-01-27 13:18:00",145126,"",7999,2026,1,27,13,9,5,-0.0017,0.795,-0.001,-363560.1,0.745,-0.001,1.471,3.37,2,-0.001,0.003,-0.028,-0.024,13.14,-2.1,0.6,100,0
"2026-01-27 13:21:00",145127,"",7999,2026,1,27,13,15,5,-0.0049,0.795,-0.003,-363561.5,0.745,-0.004,1.471,3.34,2,-0.004,-0.01,-0.016,-0.017,13.14,-2.1,0.6,100,0
"2026-01-27 13:24:00",145128,"",7999,2026,1,27,13,15,5,-0.0049,0.795,-0.003,-363561.5,0.745,-0.004,1.471,3.34,2,-0.004,-0.01,-0.016,-0.017,13.14,-2.1,0.6,100,0
"2026-01-27 13:27:00",145129,"",7999,2026,1,27,13,21,5,-0.01,0.793,-0.007,-363564.5,0.743,-0.006,1.467,3.31,2,-0.006,0.001,-0.026,-0.038,13.14,-2.1,0.6,100,0
"2026-01-27 13:30:00",145130,"",7999,2026,1,27,13,21,5,-0.01,0.793,-0.007,-363564.5,0.743,-0.006,1.467,3.31,2,-0.006,0.001,-0.026,-0.038,13.14,-2.1,0.6,100,0
"2026-01-27 13:33:00",145131,"",7999,2026,1,27,13,27,5,-0.0149,0.791,-0.01,-363569.3,0.741,-0.008,1.464,3.32,2,-0.008,0.003,-0.03,-0.014,13.14,-2.2,0.7,100,0
"2026-01-27 13:36:00",145132,"",7999,2026,1,27,13,27,5,-0.0149,0.791,-0.01,-363569.3,0.741,-0.008,1.464,3.32,2,-0.008,0.003,-0.03,-0.014,13.14,-2.2,0.7,100,0
"2026-01-27 13:39:00",145133,"",7999,2026,1,27,13,33,5,-0.009,0.791,-0.006,-363573.3,0.741,-0.005,1.465,3.37,2,-0.005,-0.001,-0.005,-0.031,13.14,-2.1,0.7,100,0
"2026-01-27 13:42:00",145134,"",7999,2026,1,27,13,33,5,-0.009,0.791,-0.006,-363573.3,0.741,-0.005,1.465,3.37,2,-0.005,-0.001,-0.005,-0.031,13.14,-2.1,0.7,100,0
"2026-01-27 13:45:00",145135,"",7999,2026,1,27,13,39,5,0.0058,0.794,0.004,-363573,0.744,0.002,1.469,3.33,2,0.002,0,-0.014,-0.021,13.14,-2.1,0.7,100,0
"2026-01-27 13:48:00",145136,"",7999,2026,1,27,13,39,5,0.0058,0.794,0.004,-363573,0.744,0.002,1.469,3.33,2,0.002,0,-0.014,-0.021,13.14,-2.1,0.7,100,0
