"TOA5","GCREW_MARSH_OUTLET","CR1000X","27811","CR1000X.Std.05.01","CPU:GCREW_MARSH_OUTLET_v4-6_multiple instruments.CR1X","51805","FLUX_LGR1"
"TIMESTAMP","RECORD","LGR_Time","MIU_DESC","CH4_ppm_LGR1","CH4_ppm_sd_LGR1","CH4L_ppm_LGR1","CH4L_ppm_sd_LGR1","CH4H_ppm_LGR1","CH4H_ppm_sd_LGR1","H2O_ppm_LGR1","H2O_ppm_sd_LGR1","CCO2_ppm_LGR1","CCO2_ppm_sd_LGR1","CH4d_ppm_LGR1","CH4d_ppm_sd_LGR1","CO2d_ppm_LGR1","CO2d_ppm_sd_LGR1","GasP_torr_LGR1","GasP_torr_sd_LGR1","GasT_C_LGR1","GasT_C_sd_LGR1","AmbT_C_LGR1","AmbT_C_sd_LGR1","RD0_us_LGR1","RD0_us_sd_LGR1","RD1_us_LGR1","RD1_us_sd_LGR1","Fit_Flag_LGR1","MIU_Valve_LGR1"
"TS","RN","","","","","","","","","","","","","","","","","","","","","","","","","","","",""
"","","Smp","Smp","Smp","Smp","Smp","Smp","Smp","Smp","Smp","Smp","Smp","Smp","Smp","Smp","Smp","Smp","Smp","Smp","Smp","Smp","Smp","Smp","Smp","Smp","Smp","Smp","Smp","Smp"
"2026-05-14 23:54:10",1237700," 05/15/2026 01:06:28.279","           Ch 2",147.223,0,147.223,0,-0.01,0,9060.74,0,3916.59,0,148.569,0,3952.4,0,140.174,0,23.8086,0,26.8767,0,10.5237,0,11.6597,0,3,2
"2026-05-14 23:54:20",1237701," 05/15/2026 01:06:38.232","           Ch 2",146.981,0,146.981,0,-0.01,0,8860.86,0,3908.4,0,148.295,0,3943.34,0,140.17,0,23.8076,0,26.8785,0,10.521,0,11.6565,0,3,2
"2026-05-14 23:54:30",1237702," 05/15/2026 01:06:48.186","           Ch 2",146.751,0,146.751,0,-0.01,0,9097.97,0,3905.28,0,148.099,0,3941.14,0,140.173,0,23.8069,0,26.8783,0,10.5273,0,11.6676,0,3,2
"2026-05-14 23:54:40",1237703," 05/15/2026 01:06:58.139","           Ch 2",146.665,0,146.665,0,-0.01,0,9165.67,0,3904.12,0,148.022,0,3940.24,0,140.208,0,23.8049,0,26.8829,0,10.5208,0,11.6618,0,3,2
"2026-05-14 23:54:50",1237704," 05/15/2026 01:07:08.093","           Ch 2",146.246,0,146.246,0,-0.01,0,9006.06,0,3896.71,0,147.575,0,3932.12,0,140.175,0,23.8047,0,26.8774,0,10.5222,0,11.6645,0,3,2
"2026-05-14 23:55:00",1237705," 05/15/2026 01:07:18.046","           Ch 2",146.023,0,146.023,0,-0.01,0,9049.19,0,3897.73,0,147.356,0,3933.32,0,140.17,0,23.8032,0,26.883,0,10.5185,0,11.6497,0,3,2
"2026-05-14 23:55:10",1237706," 05/15/2026 01:07:28.003","           Ch 2",145.785,0,145.785,0,-0.01,0,9072.43,0,3885.91,0,147.12,0,3921.49,0,140.174,0,23.8026,0,26.8891,0,10.5233,0,11.6637,0,3,2
"2026-05-14 23:55:20",1237707," 05/15/2026 01:07:37.956","           Ch 2",145.549,0,145.549,0,-0.01,0,9064.51,0,3886.92,0,146.88,0,3922.47,0,140.173,0,23.8006,0,26.8815,0,10.5234,0,11.6539,0,3,2
"2026-05-14 23:55:30",1237708," 05/15/2026 01:07:47.909","           Ch 2",145.283,0,145.283,0,-0.01,0,9044.98,0,3872.37,0,146.609,0,3907.71,0,140.173,0,23.7997,0,26.8809,0,10.5244,0,11.6588,0,3,2
"2026-05-14 23:55:40",1237709," 05/15/2026 01:07:57.862","           Ch 2",144.777,0,144.777,0,-0.01,0,8928.27,0,3862.49,0,146.082,0,3897.29,0,140.171,0,23.7981,0,26.8752,0,10.5218,0,11.6551,0,3,2
"2026-05-14 23:55:50",1237710," 05/15/2026 01:08:07.816","           Ch 2",144.578,0,144.578,0,-0.01,0,9037.56,0,3857.74,0,145.897,0,3892.93,0,140.173,0,23.7962,0,26.8812,0,10.5229,0,11.6616,0,3,2
"2026-05-14 23:56:00",1237711," 05/15/2026 01:08:17.769","           Ch 2",144.282,0,144.282,0,-0.01,0,9175.03,0,3846.66,0,145.618,0,3882.28,0,140.198,0,23.7948,0,26.8842,0,10.5227,0,11.6715,0,3,2
"2026-05-14 23:56:10",1237712," 05/15/2026 01:08:27.723","           Ch 2",143.924,0,143.924,0,-0.01,0,9098.57,0,3843.65,0,145.246,0,3878.94,0,140.173,0,23.7948,0,26.8792,0,10.5214,0,11.6621,0,3,2
"2026-05-14 23:56:20",1237713," 05/15/2026 01:08:38.672","           Ch 2",143.627,0,143.627,0,-0.01,0,9064.76,0,3837.43,0,144.941,0,3872.53,0,140.173,0,23.7936,0,26.8757,0,10.522,0,11.6594,0,3,2
"2026-05-14 23:56:30",1237714," 05/15/2026 01:08:48.625","           Ch 2",143.449,0,143.449,0,-0.01,0,9056.58,0,3829.35,0,144.76,0,3864.35,0,140.175,0,23.7923,0,26.8795,0,10.5225,0,11.6638,0,3,2
"2026-05-14 23:56:40",1237715," 05/15/2026 01:08:58.585","           Ch 2",143.157,0,143.157,0,-0.01,0,9083.87,0,3820.86,0,144.47,0,3855.89,0,140.176,0,23.7915,0,26.8798,0,10.5209,0,11.6621,0,3,2
"2026-05-14 23:56:50",1237716," 05/15/2026 01:09:08.539","            amb",142.692,0,142.692,0,-0.01,0,9022.81,0,3811.22,0,143.992,0,3845.92,0,140.171,0,23.7904,0,26.8797,0,10.5246,0,11.6629,0,3,16
"2026-05-14 23:57:00",1237717," 05/15/2026 01:09:18.491","            amb",142.492,0,142.492,0,-0.01,0,9026.79,0,3805.44,0,143.79,0,3840.1,0,140.139,0,23.7897,0,26.8772,0,10.5197,0,11.658,0,3,16
"2026-05-14 23:57:10",1237718," 05/15/2026 01:09:28.445","            amb",142.426,0,142.426,0,-0.01,0,9089.9,0,3803.68,0,143.733,0,3838.58,0,140.173,0,23.7885,0,26.8676,0,10.5192,0,11.6595,0,3,16
"2026-05-14 23:57:20",1237719," 05/15/2026 01:09:38.399","            amb",142.018,0,142.018,0,-0.01,0,9014.79,0,3793.09,0,143.309,0,3827.59,0,140.171,0,23.7874,0,26.8741,0,10.5195,0,11.6575,0,3,16
"2026-05-14 23:57:30",1237720," 05/15/2026 01:09:48.352","            amb",141.541,0,141.541,0,-0.01,0,8949.86,0,3784.52,0,142.819,0,3818.69,0,140.171,0,23.7854,0,26.8747,0,10.5182,0,11.6578,0,3,16
"2026-05-14 23:57:40",1237721," 05/15/2026 01:09:58.304","            amb",141.519,0,141.519,0,-0.01,0,9167.59,0,3781.69,0,142.828,0,3816.68,0,140.172,0,23.7838,0,26.8714,0,10.5121,0,11.6528,0,3,16
"2026-05-14 23:57:50",1237722," 05/15/2026 01:10:08.259","            amb",141.004,0,141.004,0,-0.01,0,9058.09,0,3766.93,0,142.293,0,3801.36,0,140.173,0,23.7836,0,26.8727,0,10.5224,0,11.6641,0,3,16
"2026-05-14 23:58:00",1237723," 05/15/2026 01:10:18.211","            amb",140.665,0,140.665,0,-0.01,0,9112.35,0,3764.22,0,141.959,0,3798.83,0,140.173,0,23.7823,0,26.8672,0,10.5199,0,11.6588,0,3,16
"2026-05-14 23:58:10",1237724," 05/15/2026 01:10:28.166","            amb",140.423,0,140.423,0,-0.01,0,9015.71,0,3755.7,0,141.701,0,3789.87,0,140.17,0,23.7817,0,26.8712,0,10.5255,0,11.6626,0,3,16
"2026-05-14 23:58:20",1237725," 05/15/2026 01:10:38.118","            amb",140.39,0,140.39,0,-0.01,0,9086.76,0,3749.79,0,141.677,0,3784.18,0,140.174,0,23.7809,0,26.8678,0,10.5204,0,11.6606,0,3,16
"2026-05-14 23:58:30",1237726," 05/15/2026 01:10:48.072","            amb",140.054,0,140.054,0,-0.01,0,9062.88,0,3743.7,0,141.335,0,3777.94,0,140.173,0,23.7791,0,26.8682,0,10.52,0,11.6641,0,3,16
"2026-05-14 23:58:40",1237727," 05/15/2026 01:10:58.024","            amb",139.719,0,139.719,0,-0.01,0,9074.28,0,3741.03,0,140.999,0,3775.29,0,140.17,0,23.7784,0,26.8548,0,10.5166,0,11.6592,0,3,16
"2026-05-14 23:58:50",1237728," 05/15/2026 01:11:07.977","            amb",139.462,0,139.462,0,-0.01,0,8968.23,0,3733.35,0,140.724,0,3767.13,0,140.141,0,23.7777,0,26.8623,0,10.5221,0,11.6635,0,3,16
"2026-05-14 23:59:00",1237729," 05/15/2026 01:11:17.931","            amb",139.109,0,139.109,0,-0.01,0,9037.29,0,3723.72,0,140.377,0,3757.68,0,140.172,0,23.776,0,26.8539,0,10.5134,0,11.6629,0,3,16
"2026-05-14 23:59:10",1237730," 05/15/2026 01:11:27.885","            amb",138.77,0,138.77,0,-0.01,0,9004.17,0,3716.21,0,140.031,0,3749.97,0,140.171,0,23.7745,0,26.8517,0,10.5164,0,11.6621,0,3,16
"2026-05-14 23:59:20",1237731," 05/15/2026 01:11:37.841","            amb",138.434,0,138.434,0,-0.01,0,9024.66,0,3712.66,0,139.695,0,3746.47,0,140.172,0,23.7738,0,26.8616,0,10.5221,0,11.6615,0,3,16
"2026-05-14 23:59:30",1237732," 05/15/2026 01:11:47.794","            amb",138.303,0,138.303,0,-0.01,0,9183.58,0,3707.97,0,139.585,0,3742.33,0,140.173,0,23.7725,0,26.8608,0,10.5233,0,11.6676,0,3,16
"2026-05-14 23:59:40",1237733," 05/15/2026 01:11:57.747","            amb",137.851,0,137.851,0,-0.01,0,9071.53,0,3700.05,0,139.113,0,3733.92,0,140.212,0,23.7711,0,26.8635,0,10.5192,0,11.6616,0,3,16
"2026-05-14 23:59:50",1237734," 05/15/2026 01:12:08.697","            amb",137.669,0,137.669,0,-0.01,0,9113.11,0,3696.18,0,138.935,0,3730.17,0,140.201,0,23.7711,0,26.8575,0,10.5208,0,11.6653,0,3,16
"2026-05-15 00:00:00",1237735," 05/15/2026 01:12:18.649","            amb",137.147,0,137.147,0,-0.01,0,8926.57,0,3686.32,0,138.382,0,3719.53,0,140.17,0,23.7694,0,26.8539,0,10.516,0,11.6593,0,3,16
"2026-05-15 00:00:10",1237736," 05/15/2026 01:12:28.603","            amb",137.1,0,137.1,0,-0.01,0,9080.05,0,3685.25,0,138.357,0,3719.02,0,140.173,0,23.7683,0,26.8557,0,10.5225,0,11.6653,0,3,16
"2026-05-15 00:00:20",1237737," 05/15/2026 01:12:38.556","            amb",136.705,0,136.705,0,-0.01,0,8893.97,0,3675.44,0,137.932,0,3708.43,0,140.17,0,23.767,0,26.85,0,10.5158,0,11.6597,0,3,16
"2026-05-15 00:00:30",1237738," 05/15/2026 01:12:48.510","            amb",136.426,0,136.426,0,-0.01,0,9038.23,0,3676.23,0,137.67,0,3709.76,0,140.174,0,23.7654,0,26.8512,0,10.5147,0,11.6574,0,3,16
"2026-05-15 00:00:40",1237739," 05/15/2026 01:12:58.463","            amb",136.127,0,136.127,0,-0.01,0,9008.06,0,3664.39,0,137.364,0,3697.7,0,140.171,0,23.765,0,26.8476,0,10.5188,0,11.6649,0,3,16
"2026-05-15 00:00:50",1237740," 05/15/2026 01:13:08.415","            amb",135.844,0,135.844,0,-0.01,0,8969.73,0,3662,0,137.074,0,3695.14,0,140.173,0,23.7625,0,26.846,0,10.5208,0,11.6682,0,3,16
"2026-05-15 00:01:00",1237741," 05/15/2026 01:13:18.369","            amb",135.514,0,135.514,0,-0.01,0,9066.03,0,3654.17,0,136.754,0,3687.6,0,140.175,0,23.7616,0,26.8426,0,10.5175,0,11.6646,0,3,16
"2026-05-15 00:01:10",1237742," 05/15/2026 01:13:28.323","            amb",135.1,0,135.1,0,-0.01,0,8846.94,0,3642.23,0,136.306,0,3674.74,0,140.168,0,23.7608,0,26.8416,0,10.5148,0,11.6616,0,3,16
"2026-05-15 00:01:20",1237743," 05/15/2026 01:13:38.276","            amb",134.978,0,134.978,0,-0.01,0,9069.63,0,3645.04,0,136.213,0,3678.4,0,140.172,0,23.7592,0,26.8395,0,10.5156,0,11.6611,0,3,16
"2026-05-15 00:01:30",1237744," 05/15/2026 01:13:48.229","            amb",134.698,0,134.698,0,-0.01,0,9059.39,0,3642.12,0,135.929,0,3675.41,0,140.172,0,23.7589,0,26.8455,0,10.5154,0,11.6566,0,3,16
"2026-05-15 00:01:40",1237745," 05/15/2026 01:13:58.182","            amb",134.53,0,134.53,0,-0.01,0,9028.78,0,3638.94,0,135.756,0,3672.1,0,140.194,0,23.7575,0,26.8345,0,10.5131,0,11.6592,0,3,16
"2026-05-15 00:01:50",1237746," 05/15/2026 01:14:08.137","          Ch 11",134.264,0,134.264,0,-0.01,0,9035.2,0,3631.17,0,135.488,0,3664.28,0,140.17,0,23.7567,0,26.841,0,10.5186,0,11.6603,0,3,11
"2026-05-15 00:02:00",1237747," 05/15/2026 01:14:18.091","          Ch 11",134.091,0,134.091,0,-0.01,0,9064.58,0,3626.33,0,135.317,0,3659.5,0,140.173,0,23.7558,0,26.8379,0,10.5167,0,11.6637,0,3,11
"2026-05-15 00:02:10",1237748," 05/15/2026 01:14:28.044","          Ch 11",133.882,0,133.882,0,-0.01,0,9179.96,0,3627.62,0,135.123,0,3661.23,0,140.171,0,23.7538,0,26.8399,0,10.5169,0,11.6647,0,3,11
"2026-05-15 00:02:20",1237749," 05/15/2026 01:14:37.996","          Ch 11",133.44,0,133.44,0,-0.01,0,9019.81,0,3616.41,0,134.655,0,3649.33,0,140.173,0,23.7526,0,26.8343,0,10.516,0,11.6635,0,3,11
"2026-05-15 00:02:30",1237750," 05/15/2026 01:14:47.949","          Ch 11",133.211,0,133.211,0,-0.01,0,9151.74,0,3613.54,0,134.442,0,3646.91,0,140.171,0,23.7517,0,26.8279,0,10.5208,0,11.6726,0,3,11
"2026-05-15 00:02:40",1237751," 05/15/2026 01:14:57.901","          Ch 11",133.102,0,133.102,0,-0.01,0,9130.71,0,3608.45,0,134.329,0,3641.7,0,140.172,0,23.75,0,26.834,0,10.5168,0,11.6654,0,3,11
"2026-05-15 00:02:50",1237752," 05/15/2026 01:15:07.855","          Ch 11",132.758,0,132.758,0,-0.01,0,9120.37,0,3603.04,0,133.98,0,3636.2,0,140.171,0,23.7485,0,26.8317,0,10.5208,0,11.6657,0,3,11
"2026-05-15 00:03:00",1237753," 05/15/2026 01:15:17.810","          Ch 11",132.458,0,132.458,0,-0.01,0,9069.83,0,3598.22,0,133.67,0,3631.16,0,140.166,0,23.7474,0,26.838,0,10.5153,0,11.6636,0,3,11
"2026-05-15 00:03:10",1237754," 05/15/2026 01:15:27.762","          Ch 11",132.224,0,132.224,0,-0.01,0,9061.39,0,3590.17,0,133.434,0,3623,0,140.171,0,23.7465,0,26.8382,0,10.516,0,11.6655,0,3,11
"2026-05-15 00:03:20",1237755," 05/15/2026 01:15:37.715","          Ch 11",131.902,0,131.902,0,-0.01,0,9116.79,0,3589.46,0,133.115,0,3622.48,0,140.174,0,23.746,0,26.8365,0,10.516,0,11.6612,0,3,11
"2026-05-15 00:03:30",1237756," 05/15/2026 01:15:48.665","          Ch 11",131.449,0,131.449,0,-0.01,0,9065.75,0,3580.46,0,132.652,0,3613.22,0,140.175,0,23.7446,0,26.8383,0,10.5154,0,11.6586,0,3,11
"2026-05-15 00:03:40",1237757," 05/15/2026 01:15:58.627","          Ch 11",131.25,0,131.25,0,-0.01,0,9092.04,0,3576.26,0,132.454,0,3609.08,0,140.176,0,23.744,0,26.844,0,10.5178,0,11.6644,0,3,11
"2026-05-15 00:03:50",1237758," 05/15/2026 01:16:08.580","          Ch 11",130.926,0,130.926,0,-0.01,0,9019.8,0,3570.99,0,132.117,0,3603.49,0,140.172,0,23.7419,0,26.8376,0,10.5179,0,11.6631,0,3,11
"2026-05-15 00:04:00",1237759," 05/15/2026 01:16:18.533","          Ch 11",130.764,0,130.764,0,-0.01,0,9069.25,0,3570.78,0,131.961,0,3603.46,0,140.164,0,23.7411,0,26.8358,0,10.508,0,11.6543,0,3,11
"2026-05-15 00:04:10",1237760," 05/15/2026 01:16:28.486","          Ch 11",130.353,0,130.353,0,-0.01,0,9060.81,0,3561.3,0,131.545,0,3593.86,0,140.176,0,23.7399,0,26.836,0,10.5173,0,11.6608,0,3,11
"2026-05-15 00:04:20",1237761," 05/15/2026 01:16:38.440","          Ch 11",130.136,0,130.136,0,-0.01,0,9069.21,0,3557.55,0,131.327,0,3590.11,0,140.172,0,23.7384,0,26.8299,0,10.5171,0,11.6585,0,3,11
"2026-05-15 00:04:30",1237762," 05/15/2026 01:16:48.395","          Ch 11",129.741,0,129.741,0,-0.01,0,9082.42,0,3552.11,0,130.93,0,3584.67,0,140.174,0,23.7374,0,26.8352,0,10.5154,0,11.659,0,3,11
"2026-05-15 00:04:40",1237763," 05/15/2026 01:16:58.348","          Ch 11",129.57,0,129.57,0,-0.01,0,9097.12,0,3547.36,0,130.759,0,3579.93,0,140.174,0,23.7358,0,26.8361,0,10.5136,0,11.6633,0,3,11
"2026-05-15 00:04:50",1237764," 05/15/2026 01:17:08.300","          Ch 11",129.241,0,129.241,0,-0.01,0,8976.86,0,3541.78,0,130.411,0,3573.86,0,140.177,0,23.7344,0,26.8317,0,10.5132,0,11.6637,0,3,11
"2026-05-15 00:05:00",1237765," 05/15/2026 01:17:18.254","          Ch 11",128.987,0,128.987,0,-0.01,0,9096.34,0,3538.17,0,130.171,0,3570.64,0,140.17,0,23.734,0,26.8248,0,10.5136,0,11.6628,0,3,11
"2026-05-15 00:05:10",1237766," 05/15/2026 01:17:28.206","          Ch 11",128.811,0,128.811,0,-0.01,0,9113.2,0,3533.35,0,129.996,0,3565.85,0,140.174,0,23.7324,0,26.83,0,10.5122,0,11.6648,0,3,11
"2026-05-15 00:05:20",1237767," 05/15/2026 01:17:38.162","          Ch 11",128.418,0,128.418,0,-0.01,0,9134.48,0,3531.17,0,129.602,0,3563.72,0,140.212,0,23.7317,0,26.828,0,10.5171,0,11.6649,0,3,11
"2026-05-15 00:05:30",1237768," 05/15/2026 01:17:48.113","          Ch 11",128.188,0,128.188,0,-0.01,0,9129.77,0,3525.35,0,129.369,0,3557.83,0,140.175,0,23.7294,0,26.8196,0,10.5154,0,11.6661,0,3,11
"2026-05-15 00:05:40",1237769," 05/15/2026 01:17:58.065","          Ch 11",127.959,0,127.959,0,-0.01,0,9125.52,0,3522.65,0,129.138,0,3555.1,0,140.171,0,23.7292,0,26.8203,0,10.5136,0,11.6641,0,3,11
"2026-05-15 00:05:50",1237770," 05/15/2026 01:18:08.018","          Ch 11",127.693,0,127.693,0,-0.01,0,9022.31,0,3519.48,0,128.856,0,3551.53,0,140.172,0,23.7278,0,26.8181,0,10.5111,0,11.6594,0,3,11
"2026-05-15 00:06:00",1237771," 05/15/2026 01:18:17.973","          Ch 11",127.437,0,127.437,0,-0.01,0,9102.59,0,3519.6,0,128.608,0,3551.93,0,140.174,0,23.7262,0,26.8165,0,10.5082,0,11.6552,0,3,11
"2026-05-15 00:06:10",1237772," 05/15/2026 01:18:27.926","          Ch 11",127.237,0,127.237,0,-0.01,0,9050.4,0,3513.1,0,128.399,0,3545.18,0,140.172,0,23.7252,0,26.8168,0,10.5117,0,11.6638,0,3,11
"2026-05-15 00:06:20",1237773," 05/15/2026 01:18:37.879","          Ch 11",127.207,0,127.207,0,-0.01,0,9145.03,0,3512.64,0,128.381,0,3545.06,0,140.172,0,23.724,0,26.8067,0,10.511,0,11.6647,0,3,11
"2026-05-15 00:06:30",1237774," 05/15/2026 01:18:47.833","          Ch 11",127.133,0,127.133,0,-0.01,0,9180.1,0,3518.75,0,128.311,0,3551.35,0,140.17,0,23.7222,0,26.8076,0,10.51,0,11.6615,0,3,11
"2026-05-15 00:06:40",1237775," 05/15/2026 01:18:57.786","          Ch 11",126.725,0,126.725,0,-0.01,0,9084.32,0,3511.56,0,127.886,0,3543.75,0,140.176,0,23.7213,0,26.8058,0,10.5144,0,11.6646,0,3,11
"2026-05-15 00:06:50",1237776," 05/15/2026 01:19:07.740","          Ch 11",126.306,0,126.306,0,-0.01,0,9247.87,0,3510.04,0,127.485,0,3542.8,0,140.171,0,23.7214,0,26.8154,0,10.5233,0,11.6756,0,3,11
"2026-05-15 00:07:00",1237777," 05/15/2026 01:19:18.688","          Ch 11",126.132,0,126.132,0,-0.01,0,9127.84,0,3504.82,0,127.294,0,3537.1,0,140.171,0,23.7193,0,26.8109,0,10.5136,0,11.6684,0,3,11
"2026-05-15 00:07:10",1237778," 05/15/2026 01:19:28.642","          Ch 11",125.896,0,125.896,0,-0.01,0,9062.96,0,3503.45,0,127.047,0,3535.49,0,140.174,0,23.7182,0,26.8061,0,10.5093,0,11.6584,0,3,11
"2026-05-15 00:07:20",1237779," 05/15/2026 01:19:38.595","          Ch 11",125.539,0,125.539,0,-0.01,0,9256.38,0,3501.25,0,126.712,0,3533.96,0,140.174,0,23.717,0,26.8097,0,10.518,0,11.6702,0,3,11
"2026-05-15 00:07:30",1237780," 05/15/2026 01:19:48.548","          Ch 11",125.36,0,125.36,0,-0.01,0,9116.44,0,3499.03,0,126.514,0,3531.22,0,140.171,0,23.7161,0,26.8007,0,10.52,0,11.6816,0,3,11
"2026-05-15 00:07:40",1237781," 05/15/2026 01:19:58.502","          Ch 11",125.179,0,125.179,0,-0.01,0,9113.48,0,3495.42,0,126.331,0,3527.57,0,140.171,0,23.7142,0,26.7914,0,10.5081,0,11.6645,0,3,11
"2026-05-15 00:07:50",1237782," 05/15/2026 01:20:08.455","          Ch 11",125.062,0,125.062,0,-0.01,0,9243.48,0,3502.1,0,126.229,0,3534.77,0,140.173,0,23.7135,0,26.7971,0,10.5133,0,11.6553,0,3,11
"2026-05-15 00:08:00",1237783," 05/15/2026 01:20:18.409","          Ch 11",124.723,0,124.723,0,-0.01,0,9031,0,3494.14,0,125.86,0,3525.99,0,140.173,0,23.7119,0,26.797,0,10.5071,0,11.6599,0,3,11
"2026-05-15 00:08:10",1237784," 05/15/2026 01:20:28.362","          Ch 11",124.556,0,124.556,0,-0.01,0,9143.25,0,3493.92,0,125.705,0,3526.16,0,140.148,0,23.7097,0,26.8046,0,10.5102,0,11.6644,0,3,11
"2026-05-15 00:08:20",1237785," 05/15/2026 01:20:38.316","          Ch 11",124.225,0,124.225,0,-0.01,0,9091.83,0,3487.16,0,125.364,0,3519.15,0,140.171,0,23.7092,0,26.8074,0,10.5122,0,11.6676,0,3,11
"2026-05-15 00:08:30",1237786," 05/15/2026 01:20:48.269","          Ch 11",123.982,0,123.982,0,-0.01,0,9155.29,0,3487.74,0,125.127,0,3519.97,0,140.174,0,23.7076,0,26.8036,0,10.5117,0,11.6683,0,3,11
"2026-05-15 00:08:40",1237787," 05/15/2026 01:20:58.222","          Ch 11",123.701,0,123.701,0,-0.01,0,9042.38,0,3485.62,0,124.83,0,3517.43,0,140.173,0,23.7072,0,26.8027,0,10.5071,0,11.6608,0,3,11
"2026-05-15 00:08:50",1237788," 05/15/2026 01:21:08.176","          Ch 11",123.549,0,123.549,0,-0.01,0,9092.75,0,3488.15,0,124.683,0,3520.16,0,140.17,0,23.7058,0,26.8102,0,10.5134,0,11.6645,0,3,11
"2026-05-15 00:09:00",1237789," 05/15/2026 01:21:18.131","          Ch 11",123.505,0,123.505,0,-0.01,0,9142.14,0,3491.3,0,124.644,0,3523.52,0,140.171,0,23.7048,0,26.8075,0,10.5125,0,11.6616,0,3,11
"2026-05-15 00:09:10",1237790," 05/15/2026 01:21:28.083","          Ch 11",123.325,0,123.325,0,-0.01,0,9109.73,0,3490.03,0,124.459,0,3522.12,0,140.176,0,23.704,0,26.8087,0,10.513,0,11.6653,0,3,11
"2026-05-15 00:09:20",1237791," 05/15/2026 01:21:38.036","          Ch 11",123.202,0,123.202,0,-0.01,0,9169.64,0,3495.37,0,124.343,0,3527.72,0,140.171,0,23.7027,0,26.8069,0,10.5051,0,11.6535,0,3,11
"2026-05-15 00:09:30",1237792," 05/15/2026 01:21:47.991","          Ch 11",122.966,0,122.966,0,-0.01,0,9000.5,0,3491.23,0,124.083,0,3522.94,0,140.173,0,23.7017,0,26.8067,0,10.5078,0,11.66,0,3,11
"2026-05-15 00:09:40",1237793," 05/15/2026 01:21:57.943","          Ch 11",122.92,0,122.92,0,-0.01,0,9116.62,0,3491.02,0,124.051,0,3523.14,0,140.17,0,23.7007,0,26.7991,0,10.5082,0,11.6661,0,3,11
"2026-05-15 00:09:50",1237794," 05/15/2026 01:22:07.898","          Ch 11",122.642,0,122.642,0,-0.01,0,9026.39,0,3492.79,0,123.759,0,3524.61,0,140.172,0,23.6989,0,26.8009,0,10.5137,0,11.6707,0,3,11
"2026-05-15 00:10:00",1237795," 05/15/2026 01:22:17.851","          Ch 11",122.326,0,122.326,0,-0.01,0,9215.22,0,3497.75,0,123.464,0,3530.28,0,140.143,0,23.6981,0,26.804,0,10.514,0,11.6631,0,3,11
"2026-05-15 00:10:10",1237796," 05/15/2026 01:22:27.805","          Ch 11",122.228,0,122.228,0,-0.01,0,9093.51,0,3495.27,0,123.35,0,3527.35,0,140.173,0,23.6971,0,26.8011,0,10.5129,0,11.6603,0,3,11
"2026-05-15 00:10:20",1237797," 05/15/2026 01:22:37.758","          Ch 11",122.112,0,122.112,0,-0.01,0,9035.35,0,3494.07,0,123.226,0,3525.93,0,140.173,0,23.6965,0,26.8025,0,10.5126,0,11.6675,0,3,11
"2026-05-15 00:10:30",1237798," 05/15/2026 01:22:47.712","          Ch 11",122.031,0,122.031,0,-0.01,0,9290.37,0,3499.53,0,123.176,0,3532.35,0,140.174,0,23.6954,0,26.8015,0,10.5179,0,11.6701,0,3,11
"2026-05-15 00:10:40",1237799," 05/15/2026 01:22:58.660","          Ch 11",121.824,0,121.824,0,-0.01,0,9013.57,0,3500.74,0,122.932,0,3532.59,0,140.174,0,23.6946,0,26.795,0,10.5092,0,11.659,0,3,11
"2026-05-15 00:10:50",1237800," 05/15/2026 01:23:08.613","          Ch 11",121.662,0,121.662,0,-0.01,0,9201.78,0,3499.72,0,122.792,0,3532.23,0,140.17,0,23.6934,0,26.789,0,10.5167,0,11.673,0,3,11
"2026-05-15 00:11:00",1237801," 05/15/2026 01:23:18.567","          Ch 11",121.499,0,121.499,0,-0.01,0,9096.11,0,3503.73,0,122.614,0,3535.89,0,140.193,0,23.6925,0,26.7899,0,10.5098,0,11.664,0,3,11
"2026-05-15 00:11:10",1237802," 05/15/2026 01:23:28.522","          Ch 11",121.335,0,121.335,0,-0.01,0,8990.12,0,3504.06,0,122.436,0,3535.85,0,140.172,0,23.6914,0,26.789,0,10.5108,0,11.6648,0,3,11
"2026-05-15 00:11:20",1237803," 05/15/2026 01:23:38.477","          Ch 11",121.08,0,121.08,0,-0.01,0,9089.32,0,3508.99,0,122.191,0,3541.17,0,140.172,0,23.691,0,26.7895,0,10.5144,0,11.6641,0,3,11
"2026-05-15 00:11:30",1237804," 05/15/2026 01:23:48.430","          Ch 11",121.097,0,121.097,0,-0.01,0,9101.91,0,3509.3,0,122.209,0,3541.53,0,140.173,0,23.6897,0,26.7874,0,10.5088,0,11.6685,0,3,11
"2026-05-15 00:11:40",1237805," 05/15/2026 01:23:58.384","          Ch 11",121,0,121,0,-0.01,0,9144.44,0,3515.79,0,122.117,0,3548.23,0,140.174,0,23.6876,0,26.7761,0,10.5062,0,11.6598,0,3,11
"2026-05-15 00:11:50",1237806," 05/15/2026 01:24:08.337","            amb",120.816,0,120.816,0,-0.01,0,9105.23,0,3517.2,0,121.926,0,3549.51,0,140.172,0,23.6869,0,26.7815,0,10.506,0,11.6631,0,3,16
"2026-05-15 00:12:00",1237807," 05/15/2026 01:24:18.291","            amb",120.792,0,120.792,0,-0.01,0,9155.14,0,3522.49,0,121.908,0,3555.04,0,140.173,0,23.687,0,26.7847,0,10.5063,0,11.6642,0,3,16
"2026-05-15 00:12:10",1237808," 05/15/2026 01:24:28.244","            amb",120.654,0,120.654,0,-0.01,0,8999.63,0,3525.52,0,121.75,0,3557.54,0,140.176,0,23.6853,0,26.7857,0,10.5078,0,11.662,0,3,16
"2026-05-15 00:12:20",1237809," 05/15/2026 01:24:38.197","            amb",120.598,0,120.598,0,-0.01,0,9084.4,0,3531.51,0,121.703,0,3563.88,0,140.2,0,23.6848,0,26.7792,0,10.5091,0,11.662,0,3,16
"2026-05-15 00:12:30",1237810," 05/15/2026 01:24:48.151","            amb",120.518,0,120.518,0,-0.01,0,9070.72,0,3537.01,0,121.621,0,3569.38,0,140.173,0,23.6833,0,26.7746,0,10.5116,0,11.6609,0,3,16
"2026-05-15 00:12:40",1237811," 05/15/2026 01:24:58.103","            amb",120.584,0,120.584,0,-0.01,0,9081.27,0,3542.86,0,121.69,0,3575.33,0,140.173,0,23.6819,0,26.7739,0,10.5094,0,11.6622,0,3,16
"2026-05-15 00:12:50",1237812," 05/15/2026 01:25:08.057","            amb",120.459,0,120.459,0,-0.01,0,9104.07,0,3546.37,0,121.566,0,3578.96,0,140.212,0,23.6804,0,26.7712,0,10.5098,0,11.6639,0,3,16
"2026-05-15 00:13:00",1237813," 05/15/2026 01:25:18.009","            amb",120.317,0,120.317,0,-0.01,0,9060.92,0,3549.39,0,121.417,0,3581.85,0,140.172,0,23.6796,0,26.7709,0,10.5076,0,11.6595,0,3,16
"2026-05-15 00:13:10",1237814," 05/15/2026 01:25:27.963","            amb",120.319,0,120.319,0,-0.01,0,9137.35,0,3558.43,0,121.428,0,3591.24,0,140.17,0,23.678,0,26.7728,0,10.5102,0,11.6609,0,3,16
"2026-05-15 00:13:20",1237815," 05/15/2026 01:25:37.917","            amb",120.253,0,120.253,0,-0.01,0,9072.14,0,3560.41,0,121.354,0,3593.01,0,140.173,0,23.6766,0,26.7745,0,10.5113,0,11.6648,0,3,16
"2026-05-15 00:13:30",1237816," 05/15/2026 01:25:47.871","            amb",120.155,0,120.155,0,-0.01,0,9078.36,0,3565.49,0,121.255,0,3598.15,0,140.174,0,23.675,0,26.7778,0,10.5084,0,11.6602,0,3,16
"2026-05-15 00:13:40",1237817," 05/15/2026 01:25:57.824","            amb",120.114,0,120.114,0,-0.01,0,9094.02,0,3570.03,0,121.216,0,3602.79,0,140.172,0,23.6745,0,26.775,0,10.5078,0,11.6624,0,3,16
"2026-05-15 00:13:50",1237818," 05/15/2026 01:26:07.778","            amb",120.039,0,120.039,0,-0.01,0,9087.86,0,3570.71,0,121.14,0,3603.45,0,140.171,0,23.6739,0,26.776,0,10.506,0,11.6624,0,3,16
"2026-05-15 00:14:00",1237819," 05/15/2026 01:26:17.731","            amb",120.037,0,120.037,0,-0.01,0,9134.28,0,3579.44,0,121.143,0,3612.44,0,140.176,0,23.6722,0,26.7766,0,10.5081,0,11.6653,0,3,16
"2026-05-15 00:14:10",1237820," 05/15/2026 01:26:28.680","            amb",120.098,0,120.098,0,-0.01,0,9172.39,0,3589.62,0,121.21,0,3622.85,0,140.171,0,23.6712,0,26.7706,0,10.5029,0,11.6529,0,3,16
"2026-05-15 00:14:20",1237821," 05/15/2026 01:26:38.634","            amb",119.916,0,119.916,0,-0.01,0,9041.21,0,3589.33,0,121.01,0,3622.08,0,140.163,0,23.6705,0,26.7706,0,10.5096,0,11.6608,0,3,16
"2026-05-15 00:14:30",1237822," 05/15/2026 01:26:48.587","            amb",119.913,0,119.913,0,-0.01,0,9078.1,0,3595.09,0,121.012,0,3628.02,0,140.171,0,23.6691,0,26.7666,0,10.5026,0,11.6555,0,3,16
"2026-05-15 00:14:40",1237823," 05/15/2026 01:26:58.540","            amb",119.856,0,119.856,0,-0.01,0,9149.62,0,3596.31,0,120.963,0,3629.52,0,140.171,0,23.6673,0,26.7601,0,10.5095,0,11.6633,0,3,16
"2026-05-15 00:14:50",1237824," 05/15/2026 01:27:08.495","            amb",119.765,0,119.765,0,-0.01,0,9082.78,0,3601.41,0,120.863,0,3634.42,0,140.175,0,23.668,0,26.7739,0,10.5044,0,11.6596,0,3,16
"2026-05-15 00:15:00",1237825," 05/15/2026 01:27:18.447","            amb",119.808,0,119.808,0,-0.01,0,9141.01,0,3607.52,0,120.914,0,3640.8,0,140.17,0,23.6664,0,26.7632,0,10.5057,0,11.6592,0,3,16
"2026-05-15 00:15:10",1237826," 05/15/2026 01:27:28.401","            amb",119.677,0,119.677,0,-0.01,0,9165.24,0,3609.26,0,120.784,0,3642.65,0,140.175,0,23.6646,0,26.763,0,10.5103,0,11.6626,0,3,16
"2026-05-15 00:15:20",1237827," 05/15/2026 01:27:38.354","            amb",119.638,0,119.638,0,-0.01,0,9106.99,0,3613.7,0,120.737,0,3646.91,0,140.173,0,23.6638,0,26.7653,0,10.5056,0,11.6601,0,3,16
"2026-05-15 00:15:30",1237828," 05/15/2026 01:27:48.307","            amb",119.662,0,119.662,0,-0.01,0,9169.69,0,3619.33,0,120.77,0,3652.83,0,140.173,0,23.6626,0,26.772,0,10.5139,0,11.6638,0,3,16
"2026-05-15 00:15:40",1237829," 05/15/2026 01:27:58.261","            amb",119.564,0,119.564,0,-0.01,0,9091.36,0,3621.2,0,120.661,0,3654.43,0,140.14,0,23.6629,0,26.7715,0,10.503,0,11.6553,0,3,16
"2026-05-15 00:15:50",1237830," 05/15/2026 01:28:08.215","            amb",119.549,0,119.549,0,-0.01,0,9094.53,0,3620.61,0,120.646,0,3653.84,0,140.173,0,23.6607,0,26.763,0,10.5085,0,11.6614,0,3,16
"2026-05-15 00:16:00",1237831," 05/15/2026 01:28:18.168","            amb",119.392,0,119.392,0,-0.01,0,9153.09,0,3626.59,0,120.495,0,3660.09,0,140.174,0,23.6598,0,26.7632,0,10.5106,0,11.6606,0,3,16
"2026-05-15 00:16:10",1237832," 05/15/2026 01:28:28.122","            amb",119.403,0,119.403,0,-0.01,0,9031.82,0,3628.73,0,120.491,0,3661.8,0,140.172,0,23.6595,0,26.7659,0,10.5094,0,11.6646,0,3,16
"2026-05-15 00:16:20",1237833," 05/15/2026 01:28:38.076","            amb",119.396,0,119.396,0,-0.01,0,9030.95,0,3634.05,0,120.484,0,3667.17,0,140.173,0,23.6577,0,26.7712,0,10.5101,0,11.6636,0,3,16
"2026-05-15 00:16:30",1237834," 05/15/2026 01:28:48.029","            amb",119.356,0,119.356,0,-0.01,0,9046.16,0,3631.57,0,120.446,0,3664.73,0,140.174,0,23.6573,0,26.7676,0,10.5135,0,11.6692,0,3,16
"2026-05-15 00:16:40",1237835," 05/15/2026 01:28:57.980","            amb",119.291,0,119.291,0,-0.01,0,9064.95,0,3638.12,0,120.383,0,3671.4,0,140.173,0,23.6548,0,26.7642,0,10.5083,0,11.6625,0,3,16
"2026-05-15 00:16:50",1237836," 05/15/2026 01:29:07.934","           Ch 4",119.294,0,119.294,0,-0.01,0,8974.92,0,3644.75,0,120.374,0,3677.76,0,140.172,0,23.6548,0,26.772,0,10.5184,0,11.6754,0,3,4
"2026-05-15 00:17:00",1237837," 05/15/2026 01:29:18.033","           Ch 4",119.311,0,119.311,0,-0.01,0,9071.32,0,3648.61,0,120.403,0,3682.01,0,140.161,0,23.6471,0,26.724,0,10.5003,0,11.6627,0,3,4
"2026-05-15 00:17:10",1237838," 05/15/2026 01:29:27.983","           Ch 4",119.294,0,119.294,0,-0.01,0,9217.32,0,3646.48,0,120.404,0,3680.4,0,140.173,0,23.6523,0,26.7768,0,10.5171,0,11.6675,0,3,4
"2026-05-15 00:17:20",1237839," 05/15/2026 01:29:37.938","           Ch 4",119.091,0,119.091,0,-0.01,0,9097.59,0,3654.14,0,120.185,0,3687.69,0,140.173,0,23.6522,0,26.7625,0,10.5058,0,11.6595,0,3,4
"2026-05-15 00:17:30",1237840," 05/15/2026 01:29:47.891","           Ch 4",118.922,0,118.922,0,-0.01,0,9039.4,0,3657.95,0,120.007,0,3691.32,0,140.193,0,23.6505,0,26.7661,0,10.5023,0,11.6512,0,3,4
"2026-05-15 00:17:40",1237841," 05/15/2026 01:29:57.844","           Ch 4",119.007,0,119.007,0,-0.01,0,9145.57,0,3659.15,0,120.105,0,3692.92,0,140.175,0,23.6502,0,26.7685,0,10.5106,0,11.6634,0,3,4
"2026-05-15 00:17:50",1237842," 05/15/2026 01:30:07.798","           Ch 4",119.086,0,119.086,0,-0.01,0,9151.67,0,3662.12,0,120.186,0,3695.95,0,140.173,0,23.649,0,26.7597,0,10.5126,0,11.6643,0,3,4
"2026-05-15 00:18:00",1237843," 05/15/2026 01:30:17.751","           Ch 4",119.041,0,119.041,0,-0.01,0,9136.75,0,3670.65,0,120.138,0,3704.49,0,140.154,0,23.648,0,26.7658,0,10.5155,0,11.6676,0,3,4
"2026-05-15 00:18:10",1237844," 05/15/2026 01:30:28.700","           Ch 4",118.932,0,118.932,0,-0.01,0,9116.23,0,3671.37,0,120.026,0,3705.15,0,140.174,0,23.6464,0,26.7641,0,10.5129,0,11.6596,0,3,4
"2026-05-15 00:18:20",1237845," 05/15/2026 01:30:38.652","           Ch 4",118.885,0,118.885,0,-0.01,0,9069.3,0,3675.92,0,119.973,0,3709.56,0,140.17,0,23.6452,0,26.7604,0,10.5086,0,11.6567,0,3,4
"2026-05-15 00:18:30",1237846," 05/15/2026 01:30:48.607","           Ch 4",118.817,0,118.817,0,-0.01,0,9046.03,0,3676.88,0,119.901,0,3710.44,0,140.165,0,23.6442,0,26.7577,0,10.5108,0,11.6625,0,3,4
"2026-05-15 00:18:40",1237847," 05/15/2026 01:30:58.561","           Ch 4",118.853,0,118.853,0,-0.01,0,9077.47,0,3681.6,0,119.942,0,3715.33,0,140.172,0,23.6426,0,26.759,0,10.5095,0,11.6612,0,3,4
"2026-05-15 00:18:50",1237848," 05/15/2026 01:31:08.514","           Ch 4",118.814,0,118.814,0,-0.01,0,9108.96,0,3685.73,0,119.906,0,3719.61,0,140.173,0,23.6411,0,26.7574,0,10.5079,0,11.6633,0,3,4
"2026-05-15 00:19:00",1237849," 05/15/2026 01:31:18.468","           Ch 4",118.779,0,118.779,0,-0.01,0,9119.21,0,3689.95,0,119.872,0,3723.91,0,140.18,0,23.6411,0,26.7576,0,10.5095,0,11.6626,0,3,4
"2026-05-15 00:19:10",1237850," 05/15/2026 01:31:28.421","           Ch 4",118.758,0,118.758,0,-0.01,0,9041.89,0,3692.11,0,119.842,0,3725.8,0,140.173,0,23.6394,0,26.7616,0,10.5075,0,11.6623,0,3,4
"2026-05-15 00:19:20",1237851," 05/15/2026 01:31:38.375","           Ch 4",118.801,0,118.801,0,-0.01,0,9070.47,0,3700.27,0,119.888,0,3734.14,0,140.176,0,23.6387,0,26.751,0,10.5109,0,11.6623,0,3,4
"2026-05-15 00:19:30",1237852," 05/15/2026 01:31:48.327","           Ch 4",118.718,0,118.718,0,-0.01,0,8900.54,0,3700.06,0,119.784,0,3733.29,0,140.172,0,23.6381,0,26.7419,0,10.5036,0,11.6626,0,3,4
"2026-05-15 00:19:40",1237853," 05/15/2026 01:31:58.281","           Ch 4",118.735,0,118.735,0,-0.01,0,9189.02,0,3708.04,0,119.836,0,3742.43,0,140.172,0,23.6364,0,26.7459,0,10.516,0,11.668,0,3,4
"2026-05-15 00:19:50",1237854," 05/15/2026 01:32:08.233","           Ch 4",118.856,0,118.856,0,-0.01,0,9145.99,0,3711.18,0,119.953,0,3745.44,0,140.173,0,23.6354,0,26.7548,0,10.5143,0,11.6658,0,3,4
"2026-05-15 00:20:00",1237855," 05/15/2026 01:32:18.189","           Ch 4",118.804,0,118.804,0,-0.01,0,9037.63,0,3717.37,0,119.887,0,3751.27,0,140.175,0,23.6344,0,26.7588,0,10.507,0,11.6631,0,3,4
"2026-05-15 00:20:10",1237856," 05/15/2026 01:32:28.142","           Ch 4",118.846,0,118.846,0,-0.01,0,9084.02,0,3721.21,0,119.936,0,3755.32,0,140.175,0,23.6338,0,26.7476,0,10.513,0,11.6678,0,3,4
"2026-05-15 00:20:20",1237857," 05/15/2026 01:32:38.095","           Ch 4",118.791,0,118.791,0,-0.01,0,9132.09,0,3727.59,0,119.886,0,3761.95,0,140.153,0,23.6323,0,26.7532,0,10.5058,0,11.657,0,3,4
"2026-05-15 00:20:30",1237858," 05/15/2026 01:32:48.049","           Ch 4",118.891,0,118.891,0,-0.01,0,9118.97,0,3733.34,0,119.985,0,3767.7,0,140.173,0,23.6306,0,26.7602,0,10.5152,0,11.6713,0,3,4
"2026-05-15 00:20:40",1237859," 05/15/2026 01:32:58.001","           Ch 4",118.676,0,118.676,0,-0.01,0,9180.8,0,3736.34,0,119.775,0,3770.96,0,140.174,0,23.6294,0,26.7484,0,10.5189,0,11.6676,0,3,4
"2026-05-15 00:20:50",1237860," 05/15/2026 01:33:07.955","           Ch 4",118.742,0,118.742,0,-0.01,0,9141.56,0,3742.3,0,119.837,0,3776.83,0,140.176,0,23.6292,0,26.7549,0,10.5027,0,11.6501,0,3,4
"2026-05-15 00:21:00",1237861," 05/15/2026 01:33:17.907","           Ch 4",118.733,0,118.733,0,-0.01,0,9076.47,0,3740.21,0,119.821,0,3774.47,0,140.171,0,23.6282,0,26.7448,0,10.5067,0,11.6645,0,3,4
"2026-05-15 00:21:10",1237862," 05/15/2026 01:33:27.861","           Ch 4",118.748,0,118.748,0,-0.01,0,9058.87,0,3740.32,0,119.833,0,3774.51,0,140.173,0,23.6273,0,26.7398,0,10.5096,0,11.6674,0,3,4
"2026-05-15 00:21:20",1237863," 05/15/2026 01:33:37.816","           Ch 4",118.724,0,118.724,0,-0.01,0,9022.79,0,3749.38,0,119.805,0,3783.52,0,140.177,0,23.6268,0,26.7448,0,10.5162,0,11.6683,0,3,4
"2026-05-15 00:21:30",1237864," 05/15/2026 01:33:47.769","           Ch 4",118.604,0,118.604,0,-0.01,0,9268.95,0,3750.33,0,119.713,0,3785.41,0,140.171,0,23.6252,0,26.7552,0,10.5131,0,11.6726,0,3,4
"2026-05-15 00:21:40",1237865," 05/15/2026 01:33:57.721","           Ch 4",118.693,0,118.693,0,-0.01,0,9041.66,0,3754.13,0,119.776,0,3788.38,0,140.173,0,23.6244,0,26.7457,0,10.5035,0,11.66,0,3,4
"2026-05-15 00:21:50",1237866," 05/15/2026 01:34:08.669","           Ch 4",118.762,0,118.762,0,-0.01,0,9140.31,0,3760.15,0,119.857,0,3794.83,0,140.153,0,23.6233,0,26.7515,0,10.5118,0,11.6598,0,3,4
"2026-05-15 00:22:00",1237867," 05/15/2026 01:34:18.622","           Ch 4",118.697,0,118.697,0,-0.01,0,9106.7,0,3759.15,0,119.788,0,3793.7,0,140.172,0,23.6216,0,26.7516,0,10.5111,0,11.6626,0,3,4
"2026-05-15 00:22:10",1237868," 05/15/2026 01:34:28.575","           Ch 4",118.615,0,118.615,0,-0.01,0,9085.81,0,3761.46,0,119.702,0,3795.95,0,140.171,0,23.6207,0,26.7551,0,10.5112,0,11.6611,0,3,4
"2026-05-15 00:22:20",1237869," 05/15/2026 01:34:38.529","           Ch 4",118.677,0,118.677,0,-0.01,0,9081.61,0,3766.41,0,119.765,0,3800.93,0,140.139,0,23.6199,0,26.7431,0,10.5108,0,11.6622,0,3,4
"2026-05-15 00:22:30",1237870," 05/15/2026 01:34:48.485","           Ch 4",118.68,0,118.68,0,-0.01,0,9124.51,0,3768.79,0,119.772,0,3803.5,0,140.175,0,23.619,0,26.7353,0,10.513,0,11.6665,0,3,4
"2026-05-15 00:22:40",1237871," 05/15/2026 01:34:58.438","           Ch 4",118.825,0,118.825,0,-0.01,0,9196.69,0,3764.7,0,119.928,0,3799.64,0,140.174,0,23.6189,0,26.7317,0,10.5126,0,11.6675,0,3,4
"2026-05-15 00:22:50",1237872," 05/15/2026 01:35:08.392","           Ch 4",118.614,0,118.614,0,-0.01,0,9082.44,0,3775.49,0,119.701,0,3810.1,0,140.174,0,23.6179,0,26.7381,0,10.5093,0,11.6581,0,3,4
"2026-05-15 00:23:00",1237873," 05/15/2026 01:35:18.345","           Ch 4",118.622,0,118.622,0,-0.01,0,9148.56,0,3774.15,0,119.717,0,3808.99,0,140.173,0,23.6171,0,26.7325,0,10.515,0,11.6654,0,3,4
"2026-05-15 00:23:10",1237874," 05/15/2026 01:35:28.299","           Ch 4",118.648,0,118.648,0,-0.01,0,9080.3,0,3782.83,0,119.735,0,3817.49,0,140.199,0,23.6158,0,26.7305,0,10.5159,0,11.6606,0,3,4
"2026-05-15 00:23:20",1237875," 05/15/2026 01:35:38.253","           Ch 4",118.608,0,118.608,0,-0.01,0,8998.55,0,3780.53,0,119.685,0,3814.86,0,140.176,0,23.6155,0,26.7388,0,10.5132,0,11.6642,0,3,4
"2026-05-15 00:23:30",1237876," 05/15/2026 01:35:48.206","           Ch 4",118.67,0,118.67,0,-0.01,0,9140.76,0,3781.96,0,119.765,0,3816.85,0,140.172,0,23.6147,0,26.7361,0,10.5135,0,11.665,0,3,4
"2026-05-15 00:23:40",1237877," 05/15/2026 01:35:58.158","           Ch 4",118.681,0,118.681,0,-0.01,0,9173.75,0,3787.75,0,119.78,0,3822.82,0,140.157,0,23.6137,0,26.7298,0,10.5136,0,11.6658,0,3,4
"2026-05-15 00:23:50",1237878," 05/15/2026 01:36:08.113","           Ch 4",118.682,0,118.682,0,-0.01,0,9103.14,0,3788.53,0,119.772,0,3823.34,0,140.177,0,23.6127,0,26.7365,0,10.5139,0,11.661,0,3,4
"2026-05-15 00:24:00",1237879," 05/15/2026 01:36:18.067","           Ch 4",118.755,0,118.755,0,-0.01,0,9130.07,0,3791.36,0,119.849,0,3826.3,0,140.172,0,23.6115,0,26.7286,0,10.5094,0,11.6617,0,3,4
"2026-05-15 00:24:10",1237880," 05/15/2026 01:36:28.020","           Ch 4",118.692,0,118.692,0,-0.01,0,9086.12,0,3795.06,0,119.781,0,3829.86,0,140.175,0,23.6106,0,26.7268,0,10.5142,0,11.665,0,3,4
"2026-05-15 00:24:20",1237881," 05/15/2026 01:36:37.974","           Ch 4",118.63,0,118.63,0,-0.01,0,9077.26,0,3793.76,0,119.717,0,3828.52,0,140.172,0,23.6105,0,26.73,0,10.5136,0,11.6614,0,3,4
"2026-05-15 00:24:30",1237882," 05/15/2026 01:36:47.927","           Ch 4",118.593,0,118.593,0,-0.01,0,9023.17,0,3791.45,0,119.672,0,3825.97,0,140.175,0,23.6095,0,26.7314,0,10.512,0,11.6623,0,3,4
"2026-05-15 00:24:40",1237883," 05/15/2026 01:36:57.878","           Ch 4",118.633,0,118.633,0,-0.01,0,9087.22,0,3798.42,0,119.721,0,3833.26,0,140.169,0,23.6083,0,26.725,0,10.5108,0,11.6608,0,3,4
"2026-05-15 00:24:50",1237884," 05/15/2026 01:37:07.832","           Ch 4",118.56,0,118.56,0,-0.01,0,9077.79,0,3796.48,0,119.646,0,3831.26,0,140.171,0,23.6076,0,26.7212,0,10.5089,0,11.6583,0,3,4
"2026-05-15 00:25:00",1237885," 05/15/2026 01:37:17.787","           Ch 4",118.43,0,118.43,0,-0.01,0,9204.17,0,3799.61,0,119.53,0,3834.9,0,140.207,0,23.6057,0,26.7248,0,10.5157,0,11.6726,0,3,4
"2026-05-15 00:25:10",1237886," 05/15/2026 01:37:27.741","           Ch 4",118.505,0,118.505,0,-0.01,0,9045,0,3799.29,0,119.587,0,3833.97,0,140.173,0,23.6056,0,26.7266,0,10.5099,0,11.6623,0,3,4
"2026-05-15 00:25:20",1237887," 05/15/2026 01:37:38.689","           Ch 4",118.665,0,118.665,0,-0.01,0,9049.53,0,3806.36,0,119.749,0,3841.12,0,140.175,0,23.604,0,26.7192,0,10.5141,0,11.6703,0,3,4
"2026-05-15 00:25:30",1237888," 05/15/2026 01:37:48.643","           Ch 4",118.72,0,118.72,0,-0.01,0,9139.17,0,3801.14,0,119.815,0,3836.2,0,140.173,0,23.6032,0,26.7139,0,10.5125,0,11.6702,0,3,4
"2026-05-15 00:25:40",1237889," 05/15/2026 01:37:58.596","           Ch 4",118.643,0,118.643,0,-0.01,0,9060.63,0,3809.33,0,119.728,0,3844.16,0,140.173,0,23.6019,0,26.7198,0,10.5091,0,11.6645,0,3,4
"2026-05-15 00:25:50",1237890," 05/15/2026 01:38:08.548","           Ch 4",118.497,0,118.497,0,-0.01,0,9073.54,0,3813.59,0,119.582,0,3848.51,0,140.174,0,23.6006,0,26.7243,0,10.5069,0,11.6589,0,3,4
"2026-05-15 00:26:00",1237891," 05/15/2026 01:38:18.503","           Ch 4",118.575,0,118.575,0,-0.01,0,9080.71,0,3812.91,0,119.661,0,3847.85,0,140.165,0,23.6003,0,26.7208,0,10.5114,0,11.6634,0,3,4
"2026-05-15 00:26:10",1237892," 05/15/2026 01:38:28.457","           Ch 4",118.632,0,118.632,0,-0.01,0,9078.05,0,3816.05,0,119.719,0,3851.01,0,140.172,0,23.5998,0,26.7216,0,10.5127,0,11.6669,0,3,4
"2026-05-15 00:26:20",1237893," 05/15/2026 01:38:38.410","           Ch 4",118.657,0,118.657,0,-0.01,0,9159.08,0,3825.14,0,119.753,0,3860.49,0,140.174,0,23.5988,0,26.7108,0,10.5063,0,11.657,0,3,4
"2026-05-15 00:26:30",1237894," 05/15/2026 01:38:48.364","           Ch 4",118.636,0,118.636,0,-0.01,0,9071.48,0,3825.85,0,119.722,0,3860.88,0,140.185,0,23.5985,0,26.7152,0,10.5071,0,11.659,0,3,4
"2026-05-15 00:26:40",1237895," 05/15/2026 01:38:58.318","           Ch 4",118.7,0,118.7,0,-0.01,0,9073.82,0,3830.2,0,119.787,0,3865.27,0,140.172,0,23.5964,0,26.7071,0,10.5104,0,11.6612,0,3,4
"2026-05-15 00:26:50",1237896," 05/15/2026 01:39:08.271","            amb",118.919,0,118.919,0,-0.01,0,9055.53,0,3834.38,0,120.005,0,3869.42,0,140.175,0,23.5957,0,26.7074,0,10.5069,0,11.6626,0,3,16
"2026-05-15 00:27:00",1237897," 05/15/2026 01:39:18.224","            amb",118.881,0,118.881,0,-0.01,0,9081.46,0,3842.76,0,119.971,0,3877.98,0,140.173,0,23.5948,0,26.7078,0,10.5095,0,11.6604,0,3,16
"2026-05-15 00:27:10",1237898," 05/15/2026 01:39:28.178","            amb",118.871,0,118.871,0,-0.01,0,8942.77,0,3843.7,0,119.943,0,3878.38,0,140.172,0,23.5938,0,26.7044,0,10.5041,0,11.658,0,3,16
"2026-05-15 00:27:20",1237899," 05/15/2026 01:39:38.131","            amb",118.785,0,118.785,0,-0.01,0,9082.73,0,3846.48,0,119.873,0,3881.74,0,140.173,0,23.5931,0,26.7028,0,10.5133,0,11.6616,0,3,16
"2026-05-15 00:27:30",1237900," 05/15/2026 01:39:48.085","            amb",118.871,0,118.871,0,-0.01,0,9117.05,0,3853.4,0,119.965,0,3888.85,0,140.175,0,23.5917,0,26.7092,0,10.5051,0,11.6563,0,3,16
"2026-05-15 00:27:40",1237901," 05/15/2026 01:39:58.039","            amb",118.844,0,118.844,0,-0.01,0,9115.46,0,3854.98,0,119.937,0,3890.44,0,140.173,0,23.5908,0,26.7032,0,10.5087,0,11.6589,0,3,16
"2026-05-15 00:27:50",1237902," 05/15/2026 01:40:07.991","            amb",118.932,0,118.932,0,-0.01,0,9120.56,0,3858.69,0,120.027,0,3894.2,0,140.156,0,23.5906,0,26.7054,0,10.5084,0,11.6639,0,3,16
"2026-05-15 00:28:00",1237903," 05/15/2026 01:40:17.945","            amb",119.055,0,119.055,0,-0.01,0,9161.74,0,3865.29,0,120.156,0,3901.03,0,140.173,0,23.5894,0,26.7167,0,10.5134,0,11.6651,0,3,16
"2026-05-15 00:28:10",1237904," 05/15/2026 01:40:27.898","            amb",119.141,0,119.141,0,-0.01,0,9070.02,0,3867.84,0,120.231,0,3903.24,0,140.176,0,23.5887,0,26.7142,0,10.5084,0,11.6664,0,3,16
"2026-05-15 00:28:20",1237905," 05/15/2026 01:40:37.851","            amb",119.096,0,119.096,0,-0.01,0,9039.32,0,3872.79,0,120.182,0,3908.12,0,140.175,0,23.5873,0,26.7062,0,10.5133,0,11.6606,0,3,16
"2026-05-15 00:28:30",1237906," 05/15/2026 01:40:47.806","            amb",119.14,0,119.14,0,-0.01,0,9153.84,0,3875.37,0,120.241,0,3911.17,0,140.174,0,23.5869,0,26.7155,0,10.5167,0,11.667,0,3,16
"2026-05-15 00:28:40",1237907," 05/15/2026 01:40:57.759","            amb",119.247,0,119.247,0,-0.01,0,9135.32,0,3882.23,0,120.346,0,3918.02,0,140.177,0,23.5856,0,26.715,0,10.51,0,11.6594,0,3,16
"2026-05-15 00:28:50",1237908," 05/15/2026 01:41:08.707","            amb",119.351,0,119.351,0,-0.01,0,9052.93,0,3883.54,0,120.441,0,3919.02,0,140.176,0,23.5842,0,26.706,0,10.5111,0,11.664,0,3,16
"2026-05-15 00:29:00",1237909," 05/15/2026 01:41:18.661","            amb",119.262,0,119.262,0,-0.01,0,9089.59,0,3886.95,0,120.356,0,3922.6,0,140.175,0,23.5832,0,26.7058,0,10.5088,0,11.6563,0,3,16
"2026-05-15 00:29:10",1237910," 05/15/2026 01:41:28.614","            amb",119.4,0,119.4,0,-0.01,0,9034.13,0,3886.21,0,120.489,0,3921.64,0,140.172,0,23.582,0,26.7005,0,10.5116,0,11.6618,0,3,16
"2026-05-15 00:29:20",1237911," 05/15/2026 01:41:38.567","            amb",119.468,0,119.468,0,-0.01,0,9103.98,0,3896.2,0,120.566,0,3932,0,140.156,0,23.5804,0,26.703,0,10.5108,0,11.6638,0,3,16
"2026-05-15 00:29:30",1237912," 05/15/2026 01:41:48.521","            amb",119.511,0,119.511,0,-0.01,0,9132.68,0,3899.77,0,120.613,0,3935.71,0,140.177,0,23.5791,0,26.6995,0,10.5144,0,11.666,0,3,16
"2026-05-15 00:29:40",1237913," 05/15/2026 01:41:58.475","            amb",119.594,0,119.594,0,-0.01,0,9176.18,0,3906.62,0,120.701,0,3942.8,0,140.17,0,23.5785,0,26.7049,0,10.5152,0,11.6671,0,3,16
"2026-05-15 00:29:50",1237914," 05/15/2026 01:42:08.428","            amb",119.727,0,119.727,0,-0.01,0,9068.63,0,3911.51,0,120.822,0,3947.3,0,140.175,0,23.5779,0,26.7047,0,10.5115,0,11.6597,0,3,16
"2026-05-15 00:30:00",1237915," 05/15/2026 01:42:18.382","            amb",119.779,0,119.779,0,-0.01,0,9108.18,0,3915.05,0,120.88,0,3951.04,0,140.173,0,23.5765,0,26.7031,0,10.5108,0,11.6632,0,3,16
"2026-05-15 00:30:10",1237916," 05/15/2026 01:42:28.335","            amb",119.733,0,119.733,0,-0.01,0,8853.85,0,3913.64,0,120.803,0,3948.6,0,140.174,0,23.5762,0,26.699,0,10.5049,0,11.659,0,3,16
"2026-05-15 00:30:20",1237917," 05/15/2026 01:42:38.288","            amb",119.824,0,119.824,0,-0.01,0,8991.54,0,3919.76,0,120.911,0,3955.32,0,140.172,0,23.5748,0,26.6953,0,10.5123,0,11.662,0,3,16
"2026-05-15 00:30:30",1237918," 05/15/2026 01:42:48.243","            amb",119.942,0,119.942,0,-0.01,0,9101.52,0,3927.9,0,121.044,0,3963.97,0,140.172,0,23.5743,0,26.7019,0,10.5131,0,11.6574,0,3,16
"2026-05-15 00:30:40",1237919," 05/15/2026 01:42:58.195","            amb",120.014,0,120.014,0,-0.01,0,9102.73,0,3932.02,0,121.117,0,3968.14,0,140.207,0,23.5721,0,26.697,0,10.5179,0,11.668,0,3,16
"2026-05-15 00:30:50",1237920," 05/15/2026 01:43:08.149","            amb",120.083,0,120.083,0,-0.01,0,9073.54,0,3933.92,0,121.183,0,3969.94,0,140.172,0,23.5721,0,26.7058,0,10.5098,0,11.6597,0,3,16
"2026-05-15 00:31:00",1237921," 05/15/2026 01:43:18.103","            amb",120.105,0,120.105,0,-0.01,0,9029.38,0,3939.67,0,121.199,0,3975.57,0,140.174,0,23.5706,0,26.7035,0,10.5065,0,11.6548,0,3,16
"2026-05-15 00:31:10",1237922," 05/15/2026 01:43:28.054","            amb",120.299,0,120.299,0,-0.01,0,9052,0,3943.11,0,121.398,0,3979.13,0,140.162,0,23.5691,0,26.6969,0,10.5123,0,11.6661,0,3,16
"2026-05-15 00:31:20",1237923," 05/15/2026 01:43:38.009","            amb",120.342,0,120.342,0,-0.01,0,9031.43,0,3948.27,0,121.439,0,3984.25,0,140.175,0,23.5689,0,26.6928,0,10.5117,0,11.6634,0,3,16
"2026-05-15 00:31:30",1237924," 05/15/2026 01:43:47.963","            amb",120.477,0,120.477,0,-0.01,0,9167.79,0,3951.31,0,121.591,0,3987.87,0,140.172,0,23.5679,0,26.6902,0,10.5178,0,11.662,0,3,16
"2026-05-15 00:31:40",1237925," 05/15/2026 01:43:57.916","            amb",120.617,0,120.617,0,-0.01,0,9045.03,0,3958.32,0,121.718,0,3994.45,0,140.174,0,23.5672,0,26.6925,0,10.5104,0,11.6617,0,3,16
"2026-05-15 00:31:50",1237926," 05/15/2026 01:44:07.870","           Ch 8",120.78,0,120.78,0,-0.01,0,9092.44,0,3967.57,0,121.888,0,4003.97,0,140.174,0,23.5662,0,26.6853,0,10.5044,0,11.657,0,3,8
"2026-05-15 00:32:00",1237927," 05/15/2026 01:44:17.823","           Ch 8",120.846,0,120.846,0,-0.01,0,9076.18,0,3970.14,0,121.953,0,4006.51,0,140.173,0,23.5651,0,26.6905,0,10.5104,0,11.6622,0,3,8
"2026-05-15 00:32:10",1237928," 05/15/2026 01:44:27.777","           Ch 8",120.857,0,120.857,0,-0.01,0,9025.51,0,3973.97,0,121.957,0,4010.17,0,140.174,0,23.564,0,26.6898,0,10.5089,0,11.658,0,3,8
"2026-05-15 00:32:20",1237929," 05/15/2026 01:44:37.729","           Ch 8",121.001,0,121.001,0,-0.01,0,9254.64,0,3983.33,0,122.131,0,4020.54,0,140.174,0,23.563,0,26.6867,0,10.5208,0,11.6735,0,3,8
"2026-05-15 00:32:30",1237930," 05/15/2026 01:44:48.678","           Ch 8",121.218,0,121.218,0,-0.01,0,9106.54,0,3990.43,0,122.332,0,4027.1,0,140.172,0,23.5616,0,26.6792,0,10.514,0,11.6618,0,3,8
"2026-05-15 00:32:40",1237931," 05/15/2026 01:44:58.633","           Ch 8",121.366,0,121.366,0,-0.01,0,9011.51,0,3997.97,0,122.469,0,4034.32,0,140.177,0,23.5611,0,26.6809,0,10.5088,0,11.6596,0,3,8
"2026-05-15 00:32:50",1237932," 05/15/2026 01:45:08.585","           Ch 8",121.374,0,121.374,0,-0.01,0,9137.64,0,4002.13,0,122.493,0,4039.04,0,140.17,0,23.5594,0,26.6773,0,10.5167,0,11.6636,0,3,8
"2026-05-15 00:33:00",1237933," 05/15/2026 01:45:18.539","           Ch 8",121.594,0,121.594,0,-0.01,0,8983.32,0,4003.42,0,122.697,0,4039.71,0,140.172,0,23.5584,0,26.6732,0,10.5158,0,11.6658,0,3,8
"2026-05-15 00:33:10",1237934," 05/15/2026 01:45:28.493","           Ch 8",121.789,0,121.789,0,-0.01,0,9127.68,0,4014.95,0,122.91,0,4051.93,0,140.174,0,23.5581,0,26.6715,0,10.5153,0,11.6635,0,3,8
"2026-05-15 00:33:20",1237935," 05/15/2026 01:45:38.446","           Ch 8",121.975,0,121.975,0,-0.01,0,9082.31,0,4022.39,0,123.093,0,4059.25,0,140.172,0,23.5575,0,26.682,0,10.5081,0,11.6578,0,3,8
"2026-05-15 00:33:30",1237936," 05/15/2026 01:45:48.399","           Ch 8",122.094,0,122.094,0,-0.01,0,9004.73,0,4025.77,0,123.203,0,4062.35,0,140.153,0,23.557,0,26.685,0,10.506,0,11.6558,0,3,8
"2026-05-15 00:33:40",1237937," 05/15/2026 01:45:58.354","           Ch 8",122.305,0,122.305,0,-0.01,0,9063.9,0,4033.74,0,123.424,0,4070.64,0,140.173,0,23.5559,0,26.6852,0,10.5095,0,11.6545,0,3,8
"2026-05-15 00:33:50",1237938," 05/15/2026 01:46:08.307","           Ch 8",122.428,0,122.428,0,-0.01,0,9037.77,0,4035.81,0,123.544,0,4072.62,0,140.177,0,23.5547,0,26.6831,0,10.5126,0,11.6594,0,3,8
"2026-05-15 00:34:00",1237939," 05/15/2026 01:46:18.260","           Ch 8",122.503,0,122.503,0,-0.01,0,9028.72,0,4043.01,0,123.619,0,4079.85,0,140.174,0,23.5543,0,26.6839,0,10.5134,0,11.6598,0,3,8
"2026-05-15 00:34:10",1237940," 05/15/2026 01:46:28.214","           Ch 8",122.681,0,122.681,0,-0.01,0,9100.71,0,4049.58,0,123.808,0,4086.77,0,140.174,0,23.5528,0,26.6828,0,10.5104,0,11.6613,0,3,8
"2026-05-15 00:34:20",1237941," 05/15/2026 01:46:38.167","           Ch 8",122.81,0,122.81,0,-0.01,0,9091.22,0,4054.09,0,123.937,0,4091.29,0,140.176,0,23.5525,0,26.6821,0,10.5132,0,11.6589,0,3,8
"2026-05-15 00:34:30",1237942," 05/15/2026 01:46:48.121","           Ch 8",122.886,0,122.886,0,-0.01,0,9049.87,0,4055.1,0,124.008,0,4092.14,0,140.178,0,23.5511,0,26.6748,0,10.5088,0,11.6613,0,3,8
"2026-05-15 00:34:40",1237943," 05/15/2026 01:46:58.073","           Ch 8",123.09,0,123.09,0,-0.01,0,9061.73,0,4063.98,0,124.216,0,4101.14,0,140.171,0,23.5495,0,26.6734,0,10.5136,0,11.6635,0,3,8
"2026-05-15 00:34:50",1237944," 05/15/2026 01:47:08.027","           Ch 8",123.214,0,123.214,0,-0.01,0,9055.97,0,4068.07,0,124.34,0,4105.25,0,140.174,0,23.5496,0,26.6782,0,10.5152,0,11.6614,0,3,8
"2026-05-15 00:35:00",1237945," 05/15/2026 01:47:17.981","           Ch 8",123.356,0,123.356,0,-0.01,0,9037.81,0,4073.86,0,124.481,0,4111.01,0,140.176,0,23.5489,0,26.6893,0,10.5142,0,11.6577,0,3,8
"2026-05-15 00:35:10",1237946," 05/15/2026 01:47:27.933","           Ch 8",123.426,0,123.426,0,-0.01,0,9010.01,0,4075.32,0,124.548,0,4112.37,0,140.174,0,23.5488,0,26.687,0,10.5114,0,11.6572,0,3,8
"2026-05-15 00:35:20",1237947," 05/15/2026 01:47:37.886","           Ch 8",123.661,0,123.661,0,-0.01,0,9020.17,0,4082.81,0,124.786,0,4119.97,0,140.145,0,23.548,0,26.6889,0,10.5122,0,11.6593,0,3,8
"2026-05-15 00:35:30",1237948," 05/15/2026 01:47:47.840","           Ch 8",123.889,0,123.889,0,-0.01,0,9022.39,0,4088.08,0,125.017,0,4125.3,0,140.175,0,23.547,0,26.6818,0,10.5151,0,11.656,0,3,8
"2026-05-15 00:35:40",1237949," 05/15/2026 01:47:57.794","           Ch 8",124.132,0,124.132,0,-0.01,0,9146.44,0,4089.53,0,125.278,0,4127.28,0,140.175,0,23.546,0,26.682,0,10.5152,0,11.6622,0,3,8
"2026-05-15 00:35:50",1237950," 05/15/2026 01:48:07.747","           Ch 8",124.087,0,124.087,0,-0.01,0,8994.97,0,4096.19,0,125.213,0,4133.37,0,140.161,0,23.5453,0,26.676,0,10.5111,0,11.6542,0,3,8
"2026-05-15 00:36:00",1237951," 05/15/2026 01:48:18.696","           Ch 8",124.219,0,124.219,0,-0.01,0,8971.11,0,4100.75,0,125.343,0,4137.87,0,140.173,0,23.5444,0,26.6796,0,10.5108,0,11.6531,0,3,8
"2026-05-15 00:36:10",1237952," 05/15/2026 01:48:28.649","           Ch 8",124.46,0,124.46,0,-0.01,0,9018.51,0,4104.03,0,125.593,0,4141.38,0,140.174,0,23.5426,0,26.6763,0,10.5116,0,11.6621,0,3,8
"2026-05-15 00:36:20",1237953," 05/15/2026 01:48:38.601","           Ch 8",124.619,0,124.619,0,-0.01,0,9117.72,0,4105.3,0,125.766,0,4143.08,0,140.172,0,23.5413,0,26.6682,0,10.5103,0,11.6658,0,3,8
"2026-05-15 00:36:30",1237954," 05/15/2026 01:48:48.554","           Ch 8",124.625,0,124.625,0,-0.01,0,8986.77,0,4107.64,0,125.755,0,4144.89,0,140.174,0,23.5405,0,26.6733,0,10.5111,0,11.6617,0,3,8
"2026-05-15 00:36:40",1237955," 05/15/2026 01:48:58.507","           Ch 8",124.85,0,124.85,0,-0.01,0,9030.16,0,4112.1,0,125.987,0,4149.57,0,140.145,0,23.54,0,26.6725,0,10.5123,0,11.6696,0,3,8
"2026-05-15 00:36:50",1237956," 05/15/2026 01:49:08.462","           Ch 8",124.884,0,124.884,0,-0.01,0,8880.31,0,4114.66,0,126.003,0,4151.53,0,140.168,0,23.5397,0,26.6734,0,10.505,0,11.6521,0,3,8
"2026-05-15 00:37:00",1237957," 05/15/2026 01:49:18.415","           Ch 8",125.078,0,125.078,0,-0.01,0,9029.44,0,4121.58,0,126.218,0,4159.14,0,140.178,0,23.5386,0,26.6798,0,10.511,0,11.6584,0,3,8
"2026-05-15 00:37:10",1237958," 05/15/2026 01:49:28.369","           Ch 8",125.159,0,125.159,0,-0.01,0,8954.23,0,4116.68,0,126.29,0,4153.87,0,140.172,0,23.5381,0,26.6764,0,10.5097,0,11.6579,0,3,8
"2026-05-15 00:37:20",1237959," 05/15/2026 01:49:38.322","           Ch 8",125.326,0,125.326,0,-0.01,0,8869.13,0,4121.57,0,126.447,0,4158.45,0,140.142,0,23.5371,0,26.6749,0,10.5105,0,11.6597,0,3,8
"2026-05-15 00:37:30",1237960," 05/15/2026 01:49:48.274","           Ch 8",125.442,0,125.442,0,-0.01,0,9000.75,0,4131.57,0,126.581,0,4169.1,0,140.174,0,23.536,0,26.6636,0,10.5131,0,11.6537,0,3,8
"2026-05-15 00:37:40",1237961," 05/15/2026 01:49:58.229","           Ch 8",125.48,0,125.48,0,-0.01,0,9056.54,0,4134.34,0,126.627,0,4172.12,0,140.174,0,23.5348,0,26.6742,0,10.5015,0,11.6468,0,3,8
"2026-05-15 00:37:50",1237962," 05/15/2026 01:50:08.184","           Ch 8",125.626,0,125.626,0,-0.01,0,9009.35,0,4134.09,0,126.768,0,4171.67,0,140.172,0,23.5334,0,26.668,0,10.5123,0,11.6626,0,3,8
"2026-05-15 00:38:00",1237963," 05/15/2026 01:50:18.139","           Ch 8",125.787,0,125.787,0,-0.01,0,9050.08,0,4139.4,0,126.935,0,4177.21,0,140.174,0,23.5333,0,26.6759,0,10.5147,0,11.659,0,3,8
"2026-05-15 00:38:10",1237964," 05/15/2026 01:50:28.090","           Ch 8",125.85,0,125.85,0,-0.01,0,9050.43,0,4140.54,0,126.999,0,4178.36,0,140.174,0,23.5312,0,26.6689,0,10.5148,0,11.6633,0,3,8
"2026-05-15 00:38:20",1237965," 05/15/2026 01:50:38.046","           Ch 8",125.988,0,125.988,0,-0.01,0,9048.98,0,4143.09,0,127.139,0,4180.93,0,140.175,0,23.5312,0,26.6608,0,10.5089,0,11.656,0,3,8
"2026-05-15 00:38:30",1237966," 05/15/2026 01:50:47.999","           Ch 8",126.031,0,126.031,0,-0.01,0,8995.54,0,4142.88,0,127.175,0,4180.48,0,140.173,0,23.531,0,26.6628,0,10.5136,0,11.6565,0,3,8
"2026-05-15 00:38:40",1237967," 05/15/2026 01:50:57.950","           Ch 8",126.07,0,126.07,0,-0.01,0,9044.9,0,4140.66,0,127.221,0,4178.45,0,140.182,0,23.5297,0,26.6509,0,10.5152,0,11.6598,0,3,8
"2026-05-15 00:38:50",1237968," 05/15/2026 01:51:07.905","           Ch 8",126.221,0,126.221,0,-0.01,0,9080.05,0,4148.26,0,127.377,0,4186.27,0,140.173,0,23.529,0,26.6507,0,10.5035,0,11.6503,0,3,8
"2026-05-15 00:39:00",1237969," 05/15/2026 01:51:17.859","           Ch 8",126.318,0,126.318,0,-0.01,0,8958.6,0,4145.13,0,127.46,0,4182.6,0,140.174,0,23.5277,0,26.6608,0,10.5144,0,11.6583,0,3,8
"2026-05-15 00:39:10",1237970," 05/15/2026 01:51:27.812","           Ch 8",126.464,0,126.464,0,-0.01,0,9066.65,0,4147.69,0,127.622,0,4185.64,0,140.173,0,23.5274,0,26.6651,0,10.5146,0,11.661,0,3,8
"2026-05-15 00:39:20",1237971," 05/15/2026 01:51:37.766","           Ch 8",126.65,0,126.65,0,-0.01,0,9024.48,0,4151.1,0,127.803,0,4188.9,0,140.174,0,23.5269,0,26.6544,0,10.516,0,11.6643,0,3,8
"2026-05-15 00:39:30",1237972," 05/15/2026 01:51:47.717","           Ch 8",126.572,0,126.572,0,-0.01,0,9020.53,0,4150.86,0,127.724,0,4188.64,0,140.175,0,23.5254,0,26.6495,0,10.5153,0,11.6582,0,3,8
"2026-05-15 00:39:40",1237973," 05/15/2026 01:51:58.668","           Ch 8",126.68,0,126.68,0,-0.01,0,9049.61,0,4150.38,0,127.837,0,4188.28,0,140.173,0,23.5257,0,26.6583,0,10.5143,0,11.6594,0,3,8
"2026-05-15 00:39:50",1237974," 05/15/2026 01:52:08.622","           Ch 8",126.779,0,126.779,0,-0.01,0,9014.49,0,4151,0,127.933,0,4188.76,0,140.176,0,23.5239,0,26.6564,0,10.5134,0,11.659,0,3,8
"2026-05-15 00:40:00",1237975," 05/15/2026 01:52:18.575","           Ch 8",126.845,0,126.845,0,-0.01,0,8959.65,0,4148.85,0,127.992,0,4186.36,0,140.175,0,23.5223,0,26.6556,0,10.5127,0,11.6577,0,3,8
"2026-05-15 00:40:10",1237976," 05/15/2026 01:52:28.528","           Ch 8",126.821,0,126.821,0,-0.01,0,9009.59,0,4147.28,0,127.974,0,4184.98,0,140.198,0,23.5217,0,26.656,0,10.511,0,11.6599,0,3,8
"2026-05-15 00:40:20",1237977," 05/15/2026 01:52:38.481","           Ch 8",126.942,0,126.942,0,-0.01,0,8997.8,0,4149.69,0,128.095,0,4187.37,0,140.172,0,23.5209,0,26.6573,0,10.513,0,11.6571,0,3,8
"2026-05-15 00:40:30",1237978," 05/15/2026 01:52:48.436","           Ch 8",127.119,0,127.119,0,-0.01,0,9022.92,0,4151.5,0,128.276,0,4189.3,0,140.174,0,23.5204,0,26.6614,0,10.516,0,11.665,0,3,8
"2026-05-15 00:40:40",1237979," 05/15/2026 01:52:58.389","           Ch 8",127.063,0,127.063,0,-0.01,0,9011.58,0,4149.62,0,128.218,0,4187.35,0,140.174,0,23.5199,0,26.6529,0,10.5144,0,11.6586,0,3,8
"2026-05-15 00:40:50",1237980," 05/15/2026 01:53:08.343","           Ch 8",127.122,0,127.122,0,-0.01,0,8906.71,0,4146.65,0,128.265,0,4183.91,0,140.174,0,23.5186,0,26.654,0,10.5111,0,11.6595,0,3,8
"2026-05-15 00:41:00",1237981," 05/15/2026 01:53:18.296","           Ch 8",127.266,0,127.266,0,-0.01,0,9099.6,0,4151.68,0,128.435,0,4189.8,0,140.147,0,23.5188,0,26.6469,0,10.5174,0,11.6595,0,3,8
"2026-05-15 00:41:10",1237982," 05/15/2026 01:53:28.248","           Ch 8",127.203,0,127.203,0,-0.01,0,8942.84,0,4148.12,0,128.35,0,4185.56,0,140.173,0,23.5174,0,26.6526,0,10.5139,0,11.6577,0,3,8
"2026-05-15 00:41:20",1237983," 05/15/2026 01:53:38.203","           Ch 8",127.483,0,127.483,0,-0.01,0,9037.91,0,4150.01,0,128.646,0,4187.86,0,140.175,0,23.5162,0,26.654,0,10.51,0,11.6576,0,3,8
"2026-05-15 00:41:30",1237984," 05/15/2026 01:53:48.154","           Ch 8",127.555,0,127.555,0,-0.01,0,9011.09,0,4146.99,0,128.715,0,4184.7,0,140.172,0,23.5153,0,26.6487,0,10.5139,0,11.6681,0,3,8
"2026-05-15 00:41:40",1237985," 05/15/2026 01:53:58.110","           Ch 8",127.557,0,127.557,0,-0.01,0,9084.27,0,4151.9,0,128.726,0,4189.96,0,140.172,0,23.5136,0,26.6518,0,10.5175,0,11.6668,0,3,8
"2026-05-15 00:41:50",1237986," 05/15/2026 01:54:08.063","            amb",127.6,0,127.6,0,-0.01,0,8983.71,0,4149.81,0,128.757,0,4187.43,0,140.174,0,23.5134,0,26.6505,0,10.5128,0,11.6606,0,3,16
"2026-05-15 00:42:00",1237987," 05/15/2026 01:54:18.017","            amb",127.559,0,127.559,0,-0.01,0,8895.26,0,4148.06,0,128.704,0,4185.29,0,140.176,0,23.5134,0,26.6552,0,10.5154,0,11.664,0,3,16
"2026-05-15 00:42:10",1237988," 05/15/2026 01:54:27.970","            amb",127.671,0,127.671,0,-0.01,0,8979.78,0,4147.56,0,128.828,0,4185.14,0,140.172,0,23.5124,0,26.6428,0,10.5063,0,11.6573,0,3,16
"2026-05-15 00:42:20",1237989," 05/15/2026 01:54:37.922","            amb",127.642,0,127.642,0,-0.01,0,9026.11,0,4144.99,0,128.804,0,4182.74,0,140.174,0,23.5117,0,26.6442,0,10.5112,0,11.6599,0,3,16
"2026-05-15 00:42:30",1237990," 05/15/2026 01:54:47.876","            amb",127.731,0,127.731,0,-0.01,0,9003.92,0,4146.43,0,128.891,0,4184.11,0,140.174,0,23.5105,0,26.6425,0,10.5113,0,11.6581,0,3,16
"2026-05-15 00:42:40",1237991," 05/15/2026 01:54:57.830","            amb",127.812,0,127.812,0,-0.01,0,8869.69,0,4141.12,0,128.955,0,4178.18,0,140.175,0,23.5101,0,26.6395,0,10.5137,0,11.6611,0,3,16
"2026-05-15 00:42:50",1237992," 05/15/2026 01:55:07.784","            amb",127.902,0,127.902,0,-0.01,0,9048.04,0,4146.5,0,129.07,0,4184.36,0,140.152,0,23.509,0,26.6391,0,10.515,0,11.6649,0,3,16
"2026-05-15 00:43:00",1237993," 05/15/2026 01:55:17.738","            amb",127.946,0,127.946,0,-0.01,0,8987.2,0,4145.14,0,129.106,0,4182.73,0,140.174,0,23.5087,0,26.638,0,10.5135,0,11.6592,0,3,16
"2026-05-15 00:43:10",1237994," 05/15/2026 01:55:28.685","            amb",128.11,0,128.11,0,-0.01,0,9094.98,0,4148.94,0,129.286,0,4187.02,0,140.175,0,23.5077,0,26.6331,0,10.515,0,11.6634,0,3,16
"2026-05-15 00:43:20",1237995," 05/15/2026 01:55:38.640","            amb",128.035,0,128.035,0,-0.01,0,8989.12,0,4146.99,0,129.196,0,4184.61,0,140.172,0,23.5066,0,26.6404,0,10.513,0,11.657,0,3,16
"2026-05-15 00:43:30",1237996," 05/15/2026 01:55:48.593","            amb",128.108,0,128.108,0,-0.01,0,9006.29,0,4144.2,0,129.272,0,4181.86,0,140.175,0,23.5056,0,26.6413,0,10.5115,0,11.6593,0,3,16
"2026-05-15 00:43:40",1237997," 05/15/2026 01:55:58.547","            amb",128.275,0,128.275,0,-0.01,0,9003.18,0,4151.73,0,129.44,0,4189.44,0,140.172,0,23.505,0,26.6389,0,10.5132,0,11.6553,0,3,16
"2026-05-15 00:43:50",1237998," 05/15/2026 01:56:08.500","            amb",128.439,0,128.439,0,-0.01,0,9048.44,0,4149.78,0,129.612,0,4187.67,0,140.175,0,23.5042,0,26.6389,0,10.5139,0,11.6646,0,3,16
"2026-05-15 00:44:00",1237999," 05/15/2026 01:56:18.454","            amb",128.367,0,128.367,0,-0.01,0,9019.31,0,4150.59,0,129.535,0,4188.37,0,140.174,0,23.5041,0,26.6353,0,10.5145,0,11.6597,0,3,16
"2026-05-15 00:44:10",1238000," 05/15/2026 01:56:28.407","            amb",128.386,0,128.386,0,-0.01,0,9021.1,0,4149.02,0,129.555,0,4186.79,0,140.173,0,23.5028,0,26.6374,0,10.5144,0,11.6573,0,3,16
"2026-05-15 00:44:20",1238001," 05/15/2026 01:56:38.360","            amb",128.46,0,128.46,0,-0.01,0,8908.52,0,4145.14,0,129.614,0,4182.4,0,140.154,0,23.5032,0,26.6457,0,10.509,0,11.6582,0,3,16
"2026-05-15 00:44:30",1238002," 05/15/2026 01:56:48.314","            amb",128.31,0,128.31,0,-0.01,0,8923.02,0,4143.73,0,129.465,0,4181.04,0,140.174,0,23.5014,0,26.6455,0,10.515,0,11.6597,0,3,16
"2026-05-15 00:44:40",1238003," 05/15/2026 01:56:58.267","            amb",128.285,0,128.285,0,-0.01,0,8967.23,0,4145.1,0,129.446,0,4182.61,0,140.173,0,23.5009,0,26.6408,0,10.5136,0,11.6538,0,3,16
"2026-05-15 00:44:50",1238004," 05/15/2026 01:57:08.219","            amb",128.487,0,128.487,0,-0.01,0,9006.51,0,4147.02,0,129.655,0,4184.71,0,140.14,0,23.5007,0,26.6392,0,10.5108,0,11.6517,0,3,16
"2026-05-15 00:45:00",1238005," 05/15/2026 01:57:18.174","            amb",128.628,0,128.628,0,-0.01,0,9011.56,0,4146.67,0,129.798,0,4184.38,0,140.175,0,23.4997,0,26.6426,0,10.5107,0,11.6626,0,3,16
"2026-05-15 00:45:10",1238006," 05/15/2026 01:57:28.127","            amb",128.658,0,128.658,0,-0.01,0,8987.29,0,4148.82,0,129.825,0,4186.45,0,140.172,0,23.4977,0,26.6437,0,10.5162,0,11.6575,0,3,16
"2026-05-15 00:45:20",1238007," 05/15/2026 01:57:38.080","            amb",128.819,0,128.819,0,-0.01,0,8980.59,0,4146.04,0,129.987,0,4183.61,0,140.175,0,23.4976,0,26.6412,0,10.5129,0,11.6606,0,3,16
"2026-05-15 00:45:30",1238008," 05/15/2026 01:57:48.035","            amb",128.856,0,128.856,0,-0.01,0,9065.75,0,4146.34,0,130.035,0,4184.28,0,140.173,0,23.4971,0,26.6344,0,10.5116,0,11.6605,0,3,16
"2026-05-15 00:45:40",1238009," 05/15/2026 01:57:57.988","            amb",128.847,0,128.847,0,-0.01,0,8976.79,0,4146.36,0,130.014,0,4183.92,0,140.189,0,23.4962,0,26.6435,0,10.5163,0,11.6608,0,3,16
"2026-05-15 00:45:50",1238010," 05/15/2026 01:58:07.942","            amb",128.886,0,128.886,0,-0.01,0,9009.09,0,4143.5,0,130.058,0,4181.17,0,140.171,0,23.495,0,26.6345,0,10.516,0,11.66,0,3,16
"2026-05-15 00:46:00",1238011," 05/15/2026 01:58:17.895","            amb",128.944,0,128.944,0,-0.01,0,9038.82,0,4141.29,0,130.12,0,4179.06,0,140.173,0,23.4943,0,26.6365,0,10.5118,0,11.6602,0,3,16
"2026-05-15 00:46:10",1238012," 05/15/2026 01:58:27.849","            amb",128.976,0,128.976,0,-0.01,0,8972.9,0,4142.94,0,130.143,0,4180.45,0,140.151,0,23.4945,0,26.6297,0,10.5128,0,11.6556,0,3,16
"2026-05-15 00:46:20",1238013," 05/15/2026 01:58:37.802","            amb",128.873,0,128.873,0,-0.01,0,9005.64,0,4139.64,0,130.044,0,4177.26,0,140.174,0,23.4933,0,26.6278,0,10.5153,0,11.6587,0,3,16
"2026-05-15 00:46:30",1238014," 05/15/2026 01:58:47.755","            amb",128.929,0,128.929,0,-0.01,0,8956.33,0,4139.42,0,130.094,0,4176.83,0,140.175,0,23.4922,0,26.6346,0,10.5182,0,11.6625,0,3,16
"2026-05-15 00:46:40",1238015," 05/15/2026 01:58:58.704","            amb",128.958,0,128.958,0,-0.01,0,8950.65,0,4136.01,0,130.123,0,4173.36,0,140.173,0,23.4912,0,26.63,0,10.5109,0,11.6567,0,3,16
"2026-05-15 00:46:50",1238016," 05/15/2026 01:59:08.658","           Ch 5",129.016,0,129.016,0,-0.01,0,9028.33,0,4137.02,0,130.192,0,4174.71,0,140.173,0,23.4905,0,26.6328,0,10.5176,0,11.6609,0,3,5
"2026-05-15 00:47:00",1238017," 05/15/2026 01:59:18.610","           Ch 5",129.164,0,129.164,0,-0.01,0,8960.29,0,4130.81,0,130.332,0,4168.16,0,140.175,0,23.4891,0,26.6256,0,10.5175,0,11.66,0,3,5
"2026-05-15 00:47:10",1238018," 05/15/2026 01:59:28.565","           Ch 5",129.082,0,129.082,0,-0.01,0,8992.24,0,4131.47,0,130.253,0,4168.96,0,140.2,0,23.4886,0,26.6305,0,10.514,0,11.6601,0,3,5
"2026-05-15 00:47:20",1238019," 05/15/2026 01:59:38.531","           Ch 5",129.192,0,129.192,0,-0.01,0,8983.58,0,4132.63,0,130.363,0,4170.09,0,140.174,0,23.4884,0,26.6299,0,10.5124,0,11.6553,0,3,5
"2026-05-15 00:47:30",1238020," 05/15/2026 01:59:48.483","           Ch 5",129.345,0,129.345,0,-0.01,0,9054.7,0,4132.22,0,130.527,0,4169.98,0,140.141,0,23.4876,0,26.6306,0,10.5142,0,11.662,0,3,5
"2026-05-15 00:47:40",1238021," 05/15/2026 01:59:58.435","           Ch 5",129.36,0,129.36,0,-0.01,0,8948.99,0,4123.76,0,130.528,0,4160.99,0,140.169,0,23.4866,0,26.6272,0,10.513,0,11.6594,0,3,5
"2026-05-15 00:47:50",1238022," 05/15/2026 02:00:08.388","           Ch 5",129.211,0,129.211,0,-0.01,0,8940.64,0,4125.2,0,130.377,0,4162.42,0,140.174,0,23.4863,0,26.6306,0,10.5109,0,11.6617,0,3,5
"2026-05-15 00:48:00",1238023," 05/15/2026 02:00:18.344","           Ch 5",129.182,0,129.182,0,-0.01,0,9010.99,0,4123.94,0,130.356,0,4161.44,0,140.154,0,23.4858,0,26.6284,0,10.5144,0,11.6589,0,3,5
"2026-05-15 00:48:10",1238024," 05/15/2026 02:00:28.298","           Ch 5",129.217,0,129.217,0,-0.01,0,9121.99,0,4118.15,0,130.407,0,4156.06,0,140.174,0,23.4843,0,26.625,0,10.5178,0,11.6673,0,3,5
"2026-05-15 00:48:20",1238025," 05/15/2026 02:00:38.250","           Ch 5",129.089,0,129.089,0,-0.01,0,8956.71,0,4110.33,0,130.255,0,4147.48,0,140.174,0,23.4838,0,26.6253,0,10.5141,0,11.6622,0,3,5
"2026-05-15 00:48:30",1238026," 05/15/2026 02:00:48.202","           Ch 5",129.081,0,129.081,0,-0.01,0,8972.72,0,4108.15,0,130.25,0,4145.34,0,140.174,0,23.4826,0,26.6264,0,10.5156,0,11.6634,0,3,5
"2026-05-15 00:48:40",1238027," 05/15/2026 02:00:58.155","           Ch 5",129.053,0,129.053,0,-0.01,0,8973.24,0,4104.97,0,130.222,0,4142.14,0,140.174,0,23.4806,0,26.6203,0,10.5139,0,11.6579,0,3,5
"2026-05-15 00:48:50",1238028," 05/15/2026 02:01:08.109","           Ch 5",129.114,0,129.114,0,-0.01,0,8947.54,0,4103.51,0,130.279,0,4140.55,0,140.175,0,23.4799,0,26.6172,0,10.5147,0,11.6596,0,3,5
"2026-05-15 00:49:00",1238029," 05/15/2026 02:01:18.062","           Ch 5",129.137,0,129.137,0,-0.01,0,8967.25,0,4103.85,0,130.306,0,4140.98,0,140.172,0,23.4799,0,26.629,0,10.5159,0,11.6584,0,3,5
"2026-05-15 00:49:10",1238030," 05/15/2026 02:01:28.016","           Ch 5",129.198,0,129.198,0,-0.01,0,8974.64,0,4100.4,0,130.368,0,4137.53,0,140.175,0,23.4794,0,26.6292,0,10.514,0,11.6591,0,3,5
"2026-05-15 00:49:20",1238031," 05/15/2026 02:01:37.969","           Ch 5",129.201,0,129.201,0,-0.01,0,8864.19,0,4095.36,0,130.357,0,4131.98,0,140.142,0,23.4783,0,26.635,0,10.5041,0,11.6525,0,3,5
"2026-05-15 00:49:30",1238032," 05/15/2026 02:01:47.922","           Ch 5",129.306,0,129.306,0,-0.01,0,9016.47,0,4094.86,0,130.483,0,4132.12,0,140.174,0,23.4774,0,26.62,0,10.5107,0,11.6574,0,3,5
"2026-05-15 00:49:40",1238033," 05/15/2026 02:01:57.876","           Ch 5",129.213,0,129.213,0,-0.01,0,8967.54,0,4088.39,0,130.382,0,4125.38,0,140.174,0,23.4768,0,26.6187,0,10.5143,0,11.6605,0,3,5
"2026-05-15 00:49:50",1238034," 05/15/2026 02:02:07.829","           Ch 5",129.085,0,129.085,0,-0.01,0,8955.64,0,4085.13,0,130.252,0,4122.04,0,140.175,0,23.4761,0,26.6166,0,10.5151,0,11.6582,0,3,5
"2026-05-15 00:50:00",1238035," 05/15/2026 02:02:17.783","           Ch 5",128.986,0,128.986,0,-0.01,0,9029.66,0,4078.29,0,130.162,0,4115.45,0,140.174,0,23.4757,0,26.6278,0,10.5143,0,11.6616,0,3,5
"2026-05-15 00:50:10",1238036," 05/15/2026 02:02:27.736","           Ch 5",128.989,0,128.989,0,-0.01,0,9067.89,0,4072.89,0,130.17,0,4110.16,0,140.173,0,23.4745,0,26.6223,0,10.5178,0,11.6618,0,3,5
"2026-05-15 00:50:20",1238037," 05/15/2026 02:02:38.685","           Ch 5",128.767,0,128.767,0,-0.01,0,9115.35,0,4074.72,0,129.952,0,4112.21,0,140.174,0,23.4733,0,26.6137,0,10.5208,0,11.6605,0,3,5
"2026-05-15 00:50:30",1238038," 05/15/2026 02:02:48.639","           Ch 5",128.827,0,128.827,0,-0.01,0,8994.18,0,4063.86,0,129.996,0,4100.74,0,140.174,0,23.4723,0,26.6178,0,10.5167,0,11.6594,0,3,5
"2026-05-15 00:50:40",1238039," 05/15/2026 02:02:58.591","           Ch 5",128.919,0,128.919,0,-0.01,0,8920.78,0,4065.69,0,130.08,0,4102.29,0,140.173,0,23.4714,0,26.6177,0,10.5219,0,11.6658,0,3,5
"2026-05-15 00:50:50",1238040," 05/15/2026 02:03:08.545","           Ch 5",128.897,0,128.897,0,-0.01,0,8964.65,0,4057.8,0,130.063,0,4094.51,0,140.142,0,23.4716,0,26.6161,0,10.5096,0,11.6589,0,3,5
"2026-05-15 00:51:00",1238041," 05/15/2026 02:03:18.499","           Ch 5",128.819,0,128.819,0,-0.01,0,9011.04,0,4049.36,0,129.991,0,4086.18,0,140.172,0,23.4711,0,26.6092,0,10.5104,0,11.6593,0,3,5
"2026-05-15 00:51:10",1238042," 05/15/2026 02:03:28.452","           Ch 5",128.547,0,128.547,0,-0.01,0,8934.37,0,4041.69,0,129.706,0,4078.12,0,140.176,0,23.4698,0,26.6084,0,10.5144,0,11.661,0,3,5
"2026-05-15 00:51:20",1238043," 05/15/2026 02:03:38.405","           Ch 5",128.459,0,128.459,0,-0.01,0,8960.37,0,4032.72,0,129.621,0,4069.18,0,140.169,0,23.4694,0,26.6126,0,10.5158,0,11.6647,0,3,5
"2026-05-15 00:51:30",1238044," 05/15/2026 02:03:48.360","           Ch 5",128.291,0,128.291,0,-0.01,0,8989.31,0,4028.34,0,129.454,0,4064.88,0,140.173,0,23.4691,0,26.6074,0,10.5115,0,11.6562,0,3,5
"2026-05-15 00:51:40",1238045," 05/15/2026 02:03:58.313","           Ch 5",128.11,0,128.11,0,-0.01,0,8967.95,0,4021.06,0,129.269,0,4057.45,0,140.176,0,23.4674,0,26.6037,0,10.5144,0,11.6648,0,3,5
"2026-05-15 00:51:50",1238046," 05/15/2026 02:04:08.269","           Ch 5",128.135,0,128.135,0,-0.01,0,9088.15,0,4024.37,0,129.31,0,4061.28,0,140.175,0,23.4682,0,26.6125,0,10.5194,0,11.6572,0,3,5
"2026-05-15 00:52:00",1238047," 05/15/2026 02:04:18.222","           Ch 5",127.928,0,127.928,0,-0.01,0,8903.14,0,4008.79,0,129.077,0,4044.8,0,140.173,0,23.4667,0,26.6112,0,10.5099,0,11.662,0,3,5
"2026-05-15 00:52:10",1238048," 05/15/2026 02:04:28.175","           Ch 5",127.974,0,127.974,0,-0.01,0,8954.58,0,4010.15,0,129.13,0,4046.38,0,140.164,0,23.4665,0,26.6168,0,10.513,0,11.6578,0,3,5
"2026-05-15 00:52:20",1238049," 05/15/2026 02:04:38.129","           Ch 5",127.866,0,127.866,0,-0.01,0,8979.01,0,4004.25,0,129.024,0,4040.53,0,140.176,0,23.4653,0,26.6104,0,10.51,0,11.6534,0,3,5
"2026-05-15 00:52:30",1238050," 05/15/2026 02:04:48.082","           Ch 5",127.784,0,127.784,0,-0.01,0,9073.83,0,4000.77,0,128.955,0,4037.4,0,140.171,0,23.4644,0,26.6013,0,10.5112,0,11.6606,0,3,5
"2026-05-15 00:52:40",1238051," 05/15/2026 02:04:58.037","           Ch 5",127.568,0,127.568,0,-0.01,0,9013.93,0,3992.21,0,128.728,0,4028.52,0,140.175,0,23.4645,0,26.6093,0,10.515,0,11.6578,0,3,5
"2026-05-15 00:52:50",1238052," 05/15/2026 02:05:07.988","           Ch 5",127.524,0,127.524,0,-0.01,0,8995.3,0,3981.91,0,128.682,0,4018.05,0,140.174,0,23.4632,0,26.6063,0,10.5118,0,11.6618,0,3,5
"2026-05-15 00:53:00",1238053," 05/15/2026 02:05:17.942","           Ch 5",127.389,0,127.389,0,-0.01,0,9019.61,0,3975.83,0,128.548,0,4012.01,0,140.173,0,23.4628,0,26.6071,0,10.5184,0,11.6632,0,3,5
"2026-05-15 00:53:10",1238054," 05/15/2026 02:05:27.896","           Ch 5",127.299,0,127.299,0,-0.01,0,9001.16,0,3975.67,0,128.455,0,4011.78,0,140.174,0,23.4625,0,26.607,0,10.5164,0,11.6627,0,3,5
"2026-05-15 00:53:20",1238055," 05/15/2026 02:05:37.850","           Ch 5",127.257,0,127.257,0,-0.01,0,9023.06,0,3973.92,0,128.415,0,4010.1,0,140.172,0,23.4619,0,26.6082,0,10.5103,0,11.6588,0,3,5
"2026-05-15 00:53:30",1238056," 05/15/2026 02:05:47.803","           Ch 5",126.991,0,126.991,0,-0.01,0,8906.91,0,3963.51,0,128.132,0,3999.13,0,140.187,0,23.4615,0,26.6019,0,10.5146,0,11.6653,0,3,5
"2026-05-15 00:53:40",1238057," 05/15/2026 02:05:57.763","           Ch 5",126.934,0,126.934,0,-0.01,0,8960.4,0,3961.68,0,128.082,0,3997.5,0,140.173,0,23.4601,0,26.5951,0,10.5072,0,11.6536,0,3,5
"2026-05-15 00:53:50",1238058," 05/15/2026 02:06:07.716","           Ch 5",126.886,0,126.886,0,-0.01,0,8997.38,0,3958.01,0,128.038,0,3993.94,0,140.173,0,23.4597,0,26.5997,0,10.5131,0,11.6593,0,3,5
"2026-05-15 00:54:00",1238059," 05/15/2026 02:06:18.663","           Ch 5",126.943,0,126.943,0,-0.01,0,9021.88,0,3955.48,0,128.099,0,3991.49,0,140.17,0,23.4584,0,26.6003,0,10.5107,0,11.6599,0,3,5
"2026-05-15 00:54:10",1238060," 05/15/2026 02:06:28.619","           Ch 5",126.917,0,126.917,0,-0.01,0,9080.05,0,3947.97,0,128.08,0,3984.15,0,140.172,0,23.4579,0,26.607,0,10.517,0,11.6635,0,3,5
"2026-05-15 00:54:20",1238061," 05/15/2026 02:06:38.572","           Ch 5",126.739,0,126.739,0,-0.01,0,8942.23,0,3945.36,0,127.882,0,3980.96,0,140.177,0,23.4573,0,26.6076,0,10.5134,0,11.6588,0,3,5
"2026-05-15 00:54:30",1238062," 05/15/2026 02:06:48.525","           Ch 5",126.577,0,126.577,0,-0.01,0,9003.97,0,3940.01,0,127.727,0,3975.81,0,140.175,0,23.4578,0,26.6121,0,10.5101,0,11.66,0,3,5
"2026-05-15 00:54:40",1238063," 05/15/2026 02:06:58.480","           Ch 5",126.471,0,126.471,0,-0.01,0,8937.34,0,3931.99,0,127.611,0,3967.45,0,140.175,0,23.4572,0,26.6119,0,10.509,0,11.6608,0,3,5
"2026-05-15 00:54:50",1238064," 05/15/2026 02:07:08.432","           Ch 5",126.418,0,126.418,0,-0.01,0,8986.62,0,3930.78,0,127.565,0,3966.43,0,140.177,0,23.4558,0,26.6101,0,10.5141,0,11.6653,0,3,5
"2026-05-15 00:55:00",1238065," 05/15/2026 02:07:18.384","           Ch 5",126.183,0,126.183,0,-0.01,0,8969.49,0,3923.6,0,127.325,0,3959.11,0,140.208,0,23.4543,0,26.5962,0,10.5139,0,11.6615,0,3,5
"2026-05-15 00:55:10",1238066," 05/15/2026 02:07:28.339","           Ch 5",126.038,0,126.038,0,-0.01,0,8956.9,0,3917.48,0,127.177,0,3952.89,0,140.174,0,23.4549,0,26.6057,0,10.5132,0,11.6644,0,3,5
"2026-05-15 00:55:20",1238067," 05/15/2026 02:07:38.293","           Ch 5",126,0,126,0,-0.01,0,9018.69,0,3914.91,0,127.147,0,3950.53,0,140.173,0,23.4543,0,26.6096,0,10.5143,0,11.6643,0,3,5
"2026-05-15 00:55:30",1238068," 05/15/2026 02:07:48.247","           Ch 5",125.903,0,125.903,0,-0.01,0,9006.55,0,3910.75,0,127.047,0,3946.29,0,140.174,0,23.4535,0,26.6065,0,10.5129,0,11.6626,0,3,5
"2026-05-15 00:55:40",1238069," 05/15/2026 02:07:58.200","           Ch 5",125.795,0,125.795,0,-0.01,0,9074.29,0,3903.12,0,126.947,0,3938.86,0,140.175,0,23.4519,0,26.6019,0,10.5172,0,11.6599,0,3,5
"2026-05-15 00:55:50",1238070," 05/15/2026 02:08:08.157","           Ch 5",125.51,0,125.51,0,-0.01,0,9065.18,0,3894.19,0,126.658,0,3929.81,0,140.174,0,23.4519,0,26.602,0,10.5106,0,11.6678,0,3,5
"2026-05-15 00:56:00",1238071," 05/15/2026 02:08:18.113","           Ch 5",125.413,0,125.413,0,-0.01,0,8998.73,0,3891.37,0,126.552,0,3926.7,0,140.173,0,23.4512,0,26.5997,0,10.5093,0,11.6606,0,3,5
"2026-05-15 00:56:10",1238072," 05/15/2026 02:08:28.065","           Ch 5",125.354,0,125.354,0,-0.01,0,9022.37,0,3888.52,0,126.495,0,3923.92,0,140.171,0,23.4503,0,26.5925,0,10.5114,0,11.6626,0,3,5
"2026-05-15 00:56:20",1238073," 05/15/2026 02:08:38.020","           Ch 5",125.06,0,125.06,0,-0.01,0,8882.11,0,3876.56,0,126.18,0,3911.3,0,140.176,0,23.4501,0,26.5994,0,10.5111,0,11.6607,0,3,5
"2026-05-15 00:56:30",1238074," 05/15/2026 02:08:47.973","           Ch 5",124.925,0,124.925,0,-0.01,0,9000.24,0,3872.37,0,126.06,0,3907.54,0,140.171,0,23.4498,0,26.6029,0,10.5124,0,11.6647,0,3,5
"2026-05-15 00:56:40",1238075," 05/15/2026 02:08:57.927","           Ch 5",124.801,0,124.801,0,-0.01,0,8944.3,0,3869.7,0,125.927,0,3904.62,0,140.174,0,23.4483,0,26.5968,0,10.5102,0,11.6582,0,3,5
"2026-05-15 00:56:50",1238076," 05/15/2026 02:09:07.879","            amb",124.657,0,124.657,0,-0.01,0,9138.99,0,3862.27,0,125.806,0,3897.9,0,140.173,0,23.448,0,26.5917,0,10.5202,0,11.6641,0,3,16
"2026-05-15 00:57:00",1238077," 05/15/2026 02:09:17.832","            amb",124.605,0,124.605,0,-0.01,0,9149.06,0,3863.92,0,125.756,0,3899.6,0,140.175,0,23.4479,0,26.5938,0,10.5174,0,11.6629,0,3,16
"2026-05-15 00:57:10",1238078," 05/15/2026 02:09:27.784","            amb",124.417,0,124.417,0,-0.01,0,8988.09,0,3853.38,0,125.546,0,3888.33,0,140.143,0,23.4473,0,26.5894,0,10.51,0,11.6591,0,3,16
"2026-05-15 00:57:20",1238079," 05/15/2026 02:09:37.738","            amb",124.271,0,124.271,0,-0.01,0,9004.93,0,3851.04,0,125.4,0,3886.03,0,140.171,0,23.4468,0,26.5934,0,10.5117,0,11.6579,0,3,16
"2026-05-15 00:57:30",1238080," 05/15/2026 02:09:48.687","            amb",124.174,0,124.174,0,-0.01,0,9029.38,0,3843.11,0,125.306,0,3878.13,0,140.173,0,23.4459,0,26.5898,0,10.5108,0,11.6621,0,3,16
"2026-05-15 00:57:40",1238081," 05/15/2026 02:09:58.640","            amb",123.953,0,123.953,0,-0.01,0,8967.71,0,3838.21,0,125.075,0,3872.94,0,140.174,0,23.4447,0,26.5943,0,10.5103,0,11.6607,0,3,16
"2026-05-15 00:57:50",1238082," 05/15/2026 02:10:08.595","            amb",123.818,0,123.818,0,-0.01,0,8955.12,0,3831.69,0,124.936,0,3866.31,0,140.174,0,23.4445,0,26.5861,0,10.5125,0,11.6581,0,3,16
"2026-05-15 00:58:00",1238083," 05/15/2026 02:10:18.550","            amb",123.745,0,123.745,0,-0.01,0,8960.27,0,3827.36,0,124.864,0,3861.96,0,140.173,0,23.4451,0,26.5907,0,10.5103,0,11.6586,0,3,16
"2026-05-15 00:58:10",1238084," 05/15/2026 02:10:28.502","            amb",123.635,0,123.635,0,-0.01,0,8977.17,0,3823.84,0,124.755,0,3858.48,0,140.17,0,23.4442,0,26.5888,0,10.5117,0,11.662,0,3,16
"2026-05-15 00:58:20",1238085," 05/15/2026 02:10:38.457","            amb",123.426,0,123.426,0,-0.01,0,8996.49,0,3816.15,0,124.547,0,3850.79,0,140.177,0,23.4426,0,26.5992,0,10.5129,0,11.6636,0,3,16
"2026-05-15 00:58:30",1238086," 05/15/2026 02:10:48.411","            amb",123.27,0,123.27,0,-0.01,0,8936.49,0,3809.37,0,124.381,0,3843.72,0,140.172,0,23.4427,0,26.5986,0,10.5142,0,11.6664,0,3,16
"2026-05-15 00:58:40",1238087," 05/15/2026 02:10:58.364","            amb",123.201,0,123.201,0,-0.01,0,8955.77,0,3808.01,0,124.314,0,3842.42,0,140.142,0,23.4429,0,26.5898,0,10.5108,0,11.6596,0,3,16
"2026-05-15 00:58:50",1238088," 05/15/2026 02:11:08.316","            amb",123.044,0,123.044,0,-0.01,0,8987.5,0,3809.08,0,124.16,0,3843.62,0,140.175,0,23.4411,0,26.592,0,10.5122,0,11.6541,0,3,16
"2026-05-15 00:59:00",1238089," 05/15/2026 02:11:18.271","            amb",122.878,0,122.878,0,-0.01,0,8942.19,0,3798.68,0,123.986,0,3832.95,0,140.175,0,23.4405,0,26.5957,0,10.5143,0,11.661,0,3,16
"2026-05-15 00:59:10",1238090," 05/15/2026 02:11:28.224","            amb",122.785,0,122.785,0,-0.01,0,9089.3,0,3798.04,0,123.911,0,3832.88,0,140.174,0,23.4403,0,26.5855,0,10.5073,0,11.65,0,3,16
"2026-05-15 00:59:20",1238091," 05/15/2026 02:11:38.178","            amb",122.707,0,122.707,0,-0.01,0,9024.45,0,3791.86,0,123.824,0,3826.39,0,140.173,0,23.4389,0,26.5902,0,10.5103,0,11.6603,0,3,16
"2026-05-15 00:59:30",1238092," 05/15/2026 02:11:48.131","            amb",122.544,0,122.544,0,-0.01,0,8999.6,0,3785.57,0,123.657,0,3819.94,0,140.176,0,23.4381,0,26.5871,0,10.5114,0,11.661,0,3,16
"2026-05-15 00:59:40",1238093," 05/15/2026 02:11:58.085","            amb",122.398,0,122.398,0,-0.01,0,9036.04,0,3783.94,0,123.514,0,3818.44,0,140.173,0,23.4376,0,26.5883,0,10.5069,0,11.6552,0,3,16
"2026-05-15 00:59:50",1238094," 05/15/2026 02:12:08.036","            amb",122.182,0,122.182,0,-0.01,0,8985.76,0,3773.47,0,123.29,0,3807.69,0,140.173,0,23.4365,0,26.5805,0,10.51,0,11.6627,0,3,16
"2026-05-15 01:00:00",1238095," 05/15/2026 02:12:17.991","            amb",122.178,0,122.178,0,-0.01,0,9020.3,0,3771.62,0,123.29,0,3805.95,0,140.153,0,23.4359,0,26.582,0,10.5108,0,11.662,0,3,16
"2026-05-15 01:00:10",1238096," 05/15/2026 02:12:27.945","            amb",121.881,0,121.881,0,-0.01,0,8936.7,0,3763.32,0,122.98,0,3797.25,0,140.172,0,23.4347,0,26.5911,0,10.511,0,11.6635,0,3,16
"2026-05-15 01:00:20",1238097," 05/15/2026 02:12:37.898","            amb",121.771,0,121.771,0,-0.01,0,9026.88,0,3763.55,0,122.88,0,3797.84,0,140.173,0,23.4343,0,26.5857,0,10.5105,0,11.6626,0,3,16
"2026-05-15 01:00:30",1238098," 05/15/2026 02:12:47.851","            amb",121.747,0,121.747,0,-0.01,0,9018.23,0,3757.28,0,122.855,0,3791.47,0,140.141,0,23.4338,0,26.5867,0,10.5109,0,11.6643,0,3,16
"2026-05-15 01:00:40",1238099," 05/15/2026 02:12:57.804","            amb",121.632,0,121.632,0,-0.01,0,9028.89,0,3753.67,0,122.741,0,3787.87,0,140.175,0,23.4319,0,26.5862,0,10.5085,0,11.6625,0,3,16
"2026-05-15 01:00:50",1238100," 05/15/2026 02:13:07.758","            amb",121.295,0,121.295,0,-0.01,0,8837.96,0,3751.46,0,122.377,0,3784.91,0,140.173,0,23.4307,0,26.582,0,10.5067,0,11.6545,0,3,16
"2026-05-15 01:01:00",1238101," 05/15/2026 02:13:17.712","            amb",121.339,0,121.339,0,-0.01,0,9004.26,0,3745.88,0,122.442,0,3779.91,0,140.175,0,23.4295,0,26.5877,0,10.508,0,11.6595,0,3,16
"2026-05-15 01:01:10",1238102," 05/15/2026 02:13:28.659","            amb",121.14,0,121.14,0,-0.01,0,8960.48,0,3744.44,0,122.235,0,3778.3,0,140.169,0,23.4283,0,26.5881,0,10.5105,0,11.6569,0,3,16
"2026-05-15 01:01:20",1238103," 05/15/2026 02:13:38.615","            amb",121.054,0,121.054,0,-0.01,0,9008.63,0,3740.71,0,122.154,0,3774.71,0,140.174,0,23.4277,0,26.5877,0,10.5094,0,11.66,0,3,16
"2026-05-15 01:01:30",1238104," 05/15/2026 02:13:48.568","            amb",120.939,0,120.939,0,-0.01,0,8953.24,0,3731.9,0,122.031,0,3765.61,0,140.209,0,23.427,0,26.5881,0,10.5088,0,11.6601,0,3,16
"2026-05-15 01:01:40",1238105," 05/15/2026 02:13:58.521","            amb",120.76,0,120.76,0,-0.01,0,8952.54,0,3730.21,0,121.851,0,3763.91,0,140.174,0,23.4266,0,26.5818,0,10.5114,0,11.6632,0,3,16
"2026-05-15 01:01:50",1238106," 05/15/2026 02:14:08.474","           Ch 9",120.787,0,120.787,0,-0.01,0,8956.74,0,3724.5,0,121.879,0,3758.16,0,140.172,0,23.4264,0,26.5775,0,10.5043,0,11.663,0,3,9
"2026-05-15 01:02:00",1238107," 05/15/2026 02:14:18.426","           Ch 9",120.558,0,120.558,0,-0.01,0,8977.8,0,3722.91,0,121.65,0,3756.64,0,140.172,0,23.4255,0,26.5761,0,10.51,0,11.6631,0,3,9
"2026-05-15 01:02:10",1238108," 05/15/2026 02:14:28.381","           Ch 9",120.384,0,120.384,0,-0.01,0,8971.59,0,3722.57,0,121.474,0,3756.27,0,140.177,0,23.4246,0,26.5725,0,10.5125,0,11.6599,0,3,9
"2026-05-15 01:02:20",1238109," 05/15/2026 02:14:38.335","           Ch 9",120.204,0,120.204,0,-0.01,0,8927.97,0,3716.77,0,121.287,0,3750.25,0,140.172,0,23.4243,0,26.5799,0,10.5097,0,11.6639,0,3,9
"2026-05-15 01:02:30",1238110," 05/15/2026 02:14:48.289","           Ch 9",120.078,0,120.078,0,-0.01,0,9024.72,0,3715.81,0,121.171,0,3749.65,0,140.175,0,23.4241,0,26.5837,0,10.5121,0,11.658,0,3,9
"2026-05-15 01:02:40",1238111," 05/15/2026 02:14:58.242","           Ch 9",120.129,0,120.129,0,-0.01,0,8935.65,0,3716.05,0,121.212,0,3749.55,0,140.176,0,23.4233,0,26.5771,0,10.5083,0,11.6621,0,3,9
"2026-05-15 01:02:50",1238112," 05/15/2026 02:15:08.195","           Ch 9",119.997,0,119.997,0,-0.01,0,9043.74,0,3714.98,0,121.092,0,3748.88,0,140.21,0,23.4217,0,26.5768,0,10.5055,0,11.6605,0,3,9
"2026-05-15 01:03:00",1238113," 05/15/2026 02:15:18.148","           Ch 9",119.931,0,119.931,0,-0.01,0,8952.74,0,3713.42,0,121.014,0,3746.96,0,140.174,0,23.4215,0,26.5783,0,10.5034,0,11.6564,0,3,9
"2026-05-15 01:03:10",1238114," 05/15/2026 02:15:28.102","           Ch 9",119.745,0,119.745,0,-0.01,0,8972.3,0,3712.34,0,120.829,0,3745.95,0,140.171,0,23.4211,0,26.5701,0,10.5004,0,11.6518,0,3,9
"2026-05-15 01:03:20",1238115," 05/15/2026 02:15:38.056","           Ch 9",119.6,0,119.6,0,-0.01,0,8947.11,0,3708.63,0,120.68,0,3742.11,0,140.185,0,23.4207,0,26.5853,0,10.5095,0,11.661,0,3,9
"2026-05-15 01:03:30",1238116," 05/15/2026 02:15:48.010","           Ch 9",119.566,0,119.566,0,-0.01,0,8980.01,0,3712.53,0,120.65,0,3746.17,0,140.176,0,23.4206,0,26.587,0,10.5115,0,11.6591,0,3,9
"2026-05-15 01:03:40",1238117," 05/15/2026 02:15:57.963","           Ch 9",119.559,0,119.559,0,-0.01,0,8975.57,0,3712.27,0,120.642,0,3745.89,0,140.173,0,23.4204,0,26.5735,0,10.5113,0,11.6648,0,3,9
"2026-05-15 01:03:50",1238118," 05/15/2026 02:16:07.916","           Ch 9",119.514,0,119.514,0,-0.01,0,9037.49,0,3713.44,0,120.604,0,3747.3,0,140.173,0,23.4196,0,26.5757,0,10.5137,0,11.6681,0,3,9
"2026-05-15 01:04:00",1238119," 05/15/2026 02:16:17.869","           Ch 9",119.458,0,119.458,0,-0.01,0,9022.02,0,3716.05,0,120.546,0,3749.89,0,140.174,0,23.4185,0,26.5734,0,10.5105,0,11.6591,0,3,9
"2026-05-15 01:04:10",1238120," 05/15/2026 02:16:27.823","           Ch 9",119.362,0,119.362,0,-0.01,0,9047.67,0,3715.87,0,120.452,0,3749.8,0,140.175,0,23.4187,0,26.5782,0,10.5125,0,11.6677,0,3,9
"2026-05-15 01:04:20",1238121," 05/15/2026 02:16:37.776","           Ch 9",119.323,0,119.323,0,-0.01,0,8932.73,0,3722.32,0,120.398,0,3755.87,0,140.169,0,23.4175,0,26.5798,0,10.5108,0,11.6576,0,3,9
"2026-05-15 01:04:30",1238122," 05/15/2026 02:16:47.729","           Ch 9",119.348,0,119.348,0,-0.01,0,9030.55,0,3725.44,0,120.436,0,3759.39,0,140.174,0,23.4165,0,26.5822,0,10.5093,0,11.6591,0,3,9
"2026-05-15 01:04:40",1238123," 05/15/2026 02:16:58.678","           Ch 9",119.307,0,119.307,0,-0.01,0,9040.24,0,3727.8,0,120.395,0,3761.8,0,140.175,0,23.4156,0,26.5821,0,10.509,0,11.6593,0,3,9
"2026-05-15 01:04:50",1238124," 05/15/2026 02:17:08.635","           Ch 9",119.344,0,119.344,0,-0.01,0,9031.18,0,3730.13,0,120.432,0,3764.13,0,140.175,0,23.4153,0,26.5703,0,10.5061,0,11.662,0,3,9
"2026-05-15 01:05:00",1238125," 05/15/2026 02:17:18.588","           Ch 9",119.196,0,119.196,0,-0.01,0,9001.68,0,3730.17,0,120.279,0,3764.05,0,140.173,0,23.4151,0,26.5721,0,10.5119,0,11.665,0,3,9
"2026-05-15 01:05:10",1238126," 05/15/2026 02:17:28.542","           Ch 9",119.195,0,119.195,0,-0.01,0,8968.57,0,3734.31,0,120.274,0,3768.1,0,140.171,0,23.4144,0,26.564,0,10.509,0,11.6604,0,3,9
"2026-05-15 01:05:20",1238127," 05/15/2026 02:17:38.497","           Ch 9",119.183,0,119.183,0,-0.01,0,9034.49,0,3736.65,0,120.269,0,3770.72,0,140.175,0,23.4139,0,26.569,0,10.5106,0,11.663,0,3,9
"2026-05-15 01:05:30",1238128," 05/15/2026 02:17:48.449","           Ch 9",119.037,0,119.037,0,-0.01,0,8939.57,0,3738.67,0,120.11,0,3772.39,0,140.17,0,23.4138,0,26.5689,0,10.5073,0,11.6604,0,3,9
"2026-05-15 01:05:40",1238129," 05/15/2026 02:17:58.402","           Ch 9",119.08,0,119.08,0,-0.01,0,8983.06,0,3743.2,0,120.159,0,3777.13,0,140.167,0,23.4136,0,26.5693,0,10.5105,0,11.664,0,3,9
"2026-05-15 01:05:50",1238130," 05/15/2026 02:18:08.356","           Ch 9",119.113,0,119.113,0,-0.01,0,9004.7,0,3746.67,0,120.196,0,3780.71,0,140.172,0,23.4129,0,26.5691,0,10.5067,0,11.6648,0,3,9
"2026-05-15 01:06:00",1238131," 05/15/2026 02:18:18.311","           Ch 9",119.217,0,119.217,0,-0.01,0,9097.3,0,3754.59,0,120.311,0,3789.06,0,140.174,0,23.4114,0,26.5626,0,10.5113,0,11.6628,0,3,9
"2026-05-15 01:06:10",1238132," 05/15/2026 02:18:28.264","           Ch 9",119.271,0,119.271,0,-0.01,0,8993.39,0,3755.58,0,120.353,0,3789.66,0,140.177,0,23.4109,0,26.5632,0,10.5098,0,11.6661,0,3,9
"2026-05-15 01:06:20",1238133," 05/15/2026 02:18:38.216","           Ch 9",119.222,0,119.222,0,-0.01,0,8979.02,0,3761.05,0,120.302,0,3795.13,0,140.171,0,23.4097,0,26.5591,0,10.5114,0,11.6652,0,3,9
"2026-05-15 01:06:30",1238134," 05/15/2026 02:18:48.169","           Ch 9",119.283,0,119.283,0,-0.01,0,9057.59,0,3768.15,0,120.374,0,3802.59,0,140.173,0,23.4086,0,26.5539,0,10.5101,0,11.6628,0,3,9
"2026-05-15 01:06:40",1238135," 05/15/2026 02:18:58.123","           Ch 9",119.355,0,119.355,0,-0.01,0,8990.39,0,3773.98,0,120.438,0,3808.22,0,140.17,0,23.4088,0,26.5561,0,10.5122,0,11.6644,0,3,9
"2026-05-15 01:06:50",1238136," 05/15/2026 02:19:08.078","           Ch 9",119.311,0,119.311,0,-0.01,0,9069.58,0,3774.7,0,120.403,0,3809.24,0,140.173,0,23.4081,0,26.5713,0,10.5082,0,11.6607,0,3,9
"2026-05-15 01:07:00",1238137," 05/15/2026 02:19:18.033","           Ch 9",119.297,0,119.297,0,-0.01,0,9019.67,0,3777.58,0,120.383,0,3811.97,0,140.151,0,23.4083,0,26.5818,0,10.5086,0,11.6597,0,3,9
"2026-05-15 01:07:10",1238138," 05/15/2026 02:19:27.986","           Ch 9",119.257,0,119.257,0,-0.01,0,9038.85,0,3782.13,0,120.345,0,3816.63,0,140.171,0,23.4073,0,26.5748,0,10.5101,0,11.6633,0,3,9
"2026-05-15 01:07:20",1238139," 05/15/2026 02:19:37.940","           Ch 9",119.25,0,119.25,0,-0.01,0,9049.44,0,3787.2,0,120.339,0,3821.78,0,140.175,0,23.4065,0,26.5701,0,10.5128,0,11.6619,0,3,9
"2026-05-15 01:07:30",1238140," 05/15/2026 02:19:47.894","           Ch 9",119.248,0,119.248,0,-0.01,0,8973.15,0,3789.1,0,120.327,0,3823.4,0,140.173,0,23.4059,0,26.5664,0,10.5087,0,11.6648,0,3,9
"2026-05-15 01:07:40",1238141," 05/15/2026 02:19:57.845","           Ch 9",119.291,0,119.291,0,-0.01,0,8950.24,0,3798.65,0,120.368,0,3832.95,0,140.172,0,23.4047,0,26.5637,0,10.5049,0,11.6552,0,3,9
"2026-05-15 01:07:50",1238142," 05/15/2026 02:20:07.799","           Ch 9",119.487,0,119.487,0,-0.01,0,9005.6,0,3802.84,0,120.572,0,3837.39,0,140.175,0,23.4036,0,26.5696,0,10.5116,0,11.6636,0,3,9
"2026-05-15 01:08:00",1238143," 05/15/2026 02:20:17.753","           Ch 9",119.547,0,119.547,0,-0.01,0,8971.41,0,3810.61,0,120.629,0,3845.11,0,140.174,0,23.4038,0,26.5706,0,10.505,0,11.6585,0,3,9
"2026-05-15 01:08:10",1238144," 05/15/2026 02:20:28.703","           Ch 9",119.512,0,119.512,0,-0.01,0,9008.67,0,3814.17,0,120.599,0,3848.84,0,140.175,0,23.4022,0,26.5667,0,10.509,0,11.6616,0,3,9
"2026-05-15 01:08:20",1238145," 05/15/2026 02:20:38.654","           Ch 9",119.583,0,119.583,0,-0.01,0,8998.06,0,3815.28,0,120.669,0,3849.92,0,140.172,0,23.4018,0,26.5655,0,10.5086,0,11.6646,0,3,9
"2026-05-15 01:08:30",1238146," 05/15/2026 02:20:48.607","           Ch 9",119.702,0,119.702,0,-0.01,0,8931.35,0,3825.72,0,120.78,0,3860.2,0,140.141,0,23.4026,0,26.5719,0,10.5109,0,11.6632,0,3,9
"2026-05-15 01:08:40",1238147," 05/15/2026 02:20:58.563","           Ch 9",119.797,0,119.797,0,-0.01,0,9002.94,0,3833.39,0,120.885,0,3868.21,0,140.173,0,23.4014,0,26.5626,0,10.5073,0,11.6612,0,3,9
"2026-05-15 01:08:50",1238148," 05/15/2026 02:21:08.516","           Ch 9",119.819,0,119.819,0,-0.01,0,8993.51,0,3841.64,0,120.906,0,3876.51,0,140.175,0,23.4008,0,26.5595,0,10.5111,0,11.6616,0,3,9
"2026-05-15 01:09:00",1238149," 05/15/2026 02:21:18.468","           Ch 9",119.752,0,119.752,0,-0.01,0,9043.98,0,3845.05,0,120.845,0,3880.15,0,140.171,0,23.4006,0,26.5637,0,10.5103,0,11.6562,0,3,9
"2026-05-15 01:09:10",1238150," 05/15/2026 02:21:28.423","           Ch 9",119.991,0,119.991,0,-0.01,0,9027.13,0,3850.72,0,121.084,0,3885.8,0,140.173,0,23.3994,0,26.5552,0,10.5106,0,11.6637,0,3,9
"2026-05-15 01:09:20",1238151," 05/15/2026 02:21:38.377","           Ch 9",120.025,0,120.025,0,-0.01,0,9014,0,3862.07,0,121.117,0,3897.2,0,140.173,0,23.3996,0,26.5606,0,10.5046,0,11.6581,0,3,9
"2026-05-15 01:09:30",1238152," 05/15/2026 02:21:48.330","           Ch 9",120.077,0,120.077,0,-0.01,0,8992.27,0,3864.02,0,121.167,0,3899.08,0,140.176,0,23.3981,0,26.5552,0,10.5126,0,11.6657,0,3,9
"2026-05-15 01:09:40",1238153," 05/15/2026 02:21:58.283","           Ch 9",120.364,0,120.364,0,-0.01,0,8955.49,0,3878.29,0,121.452,0,3913.34,0,140.172,0,23.398,0,26.5512,0,10.524,0,11.6712,0,3,9
"2026-05-15 01:09:50",1238154," 05/15/2026 02:22:08.236","           Ch 9",120.387,0,120.387,0,-0.01,0,9041.76,0,3883.25,0,121.485,0,3918.68,0,140.157,0,23.3972,0,26.5524,0,10.5145,0,11.6645,0,3,9
"2026-05-15 01:10:00",1238155," 05/15/2026 02:22:18.191","           Ch 9",120.551,0,120.551,0,-0.01,0,9023.5,0,3885.93,0,121.649,0,3921.32,0,140.174,0,23.3963,0,26.5481,0,10.5059,0,11.6636,0,3,9
"2026-05-15 01:10:10",1238156," 05/15/2026 02:22:28.144","           Ch 9",120.561,0,120.561,0,-0.01,0,8970.74,0,3890.5,0,121.653,0,3925.72,0,140.172,0,23.3963,0,26.5567,0,10.5113,0,11.665,0,3,9
"2026-05-15 01:10:20",1238157," 05/15/2026 02:22:38.098","           Ch 9",120.619,0,120.619,0,-0.01,0,9007.7,0,3898.19,0,121.715,0,3933.63,0,140.173,0,23.3966,0,26.558,0,10.5149,0,11.6614,0,3,9
"2026-05-15 01:10:30",1238158," 05/15/2026 02:22:48.052","           Ch 9",120.736,0,120.736,0,-0.01,0,8968.06,0,3903.92,0,121.828,0,3939.25,0,140.175,0,23.3954,0,26.5578,0,10.5113,0,11.6592,0,3,9
"2026-05-15 01:10:40",1238159," 05/15/2026 02:22:58.003","           Ch 9",120.892,0,120.892,0,-0.01,0,8971.86,0,3905.05,0,121.986,0,3940.41,0,140.174,0,23.3945,0,26.5555,0,10.5111,0,11.662,0,3,9
"2026-05-15 01:10:50",1238160," 05/15/2026 02:23:07.958","           Ch 9",120.91,0,120.91,0,-0.01,0,8985.46,0,3915.62,0,122.006,0,3951.13,0,140.174,0,23.3948,0,26.5636,0,10.5114,0,11.6561,0,3,9
"2026-05-15 01:11:00",1238161," 05/15/2026 02:23:17.911","           Ch 9",121.07,0,121.07,0,-0.01,0,8996.31,0,3918.63,0,122.169,0,3954.2,0,140.172,0,23.3939,0,26.5533,0,10.509,0,11.6616,0,3,9
"2026-05-15 01:11:10",1238162," 05/15/2026 02:23:27.865","           Ch 9",121.122,0,121.122,0,-0.01,0,8983.19,0,3920,0,122.22,0,3955.53,0,140.186,0,23.393,0,26.5534,0,10.5152,0,11.666,0,3,9
"2026-05-15 01:11:20",1238163," 05/15/2026 02:23:37.815","           Ch 9",121.203,0,121.203,0,-0.01,0,9035.36,0,3928.8,0,122.308,0,3964.62,0,140.173,0,23.3926,0,26.5496,0,10.5117,0,11.6581,0,3,9
"2026-05-15 01:11:30",1238164," 05/15/2026 02:23:47.768","           Ch 9",121.275,0,121.275,0,-0.01,0,8970.86,0,3934.56,0,122.372,0,3970.17,0,140.173,0,23.3921,0,26.55,0,10.5121,0,11.6548,0,3,9
"2026-05-15 01:11:40",1238165," 05/15/2026 02:23:57.722","           Ch 9",121.571,0,121.571,0,-0.01,0,9034.09,0,3936.3,0,122.679,0,3972.19,0,140.143,0,23.3906,0,26.5544,0,10.5101,0,11.6602,0,3,9
"2026-05-15 01:11:50",1238166," 05/15/2026 02:24:08.672","            amb",121.567,0,121.567,0,-0.01,0,9025.29,0,3938.79,0,122.674,0,3974.66,0,140.163,0,23.3903,0,26.5564,0,10.5056,0,11.6565,0,3,16
"2026-05-15 01:12:00",1238167," 05/15/2026 02:24:18.624","            amb",121.422,0,121.422,0,-0.01,0,8917.53,0,3935.74,0,122.514,0,3971.15,0,140.174,0,23.39,0,26.5552,0,10.5107,0,11.6581,0,3,16
"2026-05-15 01:12:10",1238168," 05/15/2026 02:24:28.579","            amb",121.421,0,121.421,0,-0.01,0,8949.05,0,3934.75,0,122.518,0,3970.28,0,140.173,0,23.3894,0,26.5535,0,10.508,0,11.6625,0,3,16
"2026-05-15 01:12:20",1238169," 05/15/2026 02:24:38.533","            amb",121.426,0,121.426,0,-0.01,0,8995.81,0,3934.68,0,122.528,0,3970.4,0,140.174,0,23.3893,0,26.5535,0,10.5131,0,11.6614,0,3,16
"2026-05-15 01:12:30",1238170," 05/15/2026 02:24:48.486","            amb",121.439,0,121.439,0,-0.01,0,8928.91,0,3931.46,0,122.533,0,3966.88,0,140.174,0,23.3881,0,26.5522,0,10.5118,0,11.6679,0,3,16
"2026-05-15 01:12:40",1238171," 05/15/2026 02:24:58.440","            amb",121.456,0,121.456,0,-0.01,0,8928.92,0,3933.85,0,122.55,0,3969.29,0,140.212,0,23.387,0,26.5483,0,10.5067,0,11.6551,0,3,16
"2026-05-15 01:12:50",1238172," 05/15/2026 02:25:08.393","            amb",121.462,0,121.462,0,-0.01,0,9004.58,0,3931.22,0,122.565,0,3966.94,0,140.176,0,23.3877,0,26.5502,0,10.5105,0,11.6599,0,3,16
"2026-05-15 01:13:00",1238173," 05/15/2026 02:25:18.345","            amb",121.474,0,121.474,0,-0.01,0,9020.88,0,3927.8,0,122.58,0,3963.55,0,140.171,0,23.3864,0,26.5429,0,10.5098,0,11.6609,0,3,16
"2026-05-15 01:13:10",1238174," 05/15/2026 02:25:28.299","            amb",121.461,0,121.461,0,-0.01,0,8946.42,0,3926.35,0,122.558,0,3961.8,0,140.191,0,23.3862,0,26.5468,0,10.5121,0,11.6605,0,3,16
"2026-05-15 01:13:20",1238175," 05/15/2026 02:25:38.253","            amb",121.512,0,121.512,0,-0.01,0,8968.29,0,3927.25,0,122.611,0,3962.79,0,140.174,0,23.3854,0,26.5543,0,10.5117,0,11.6598,0,3,16
"2026-05-15 01:13:30",1238176," 05/15/2026 02:25:48.207","            amb",121.486,0,121.486,0,-0.01,0,8944.6,0,3923.35,0,122.583,0,3958.76,0,140.171,0,23.384,0,26.557,0,10.5102,0,11.6552,0,3,16
"2026-05-15 01:13:40",1238177," 05/15/2026 02:25:58.160","            amb",121.479,0,121.479,0,-0.01,0,8957.43,0,3917.63,0,122.577,0,3953.04,0,140.174,0,23.3844,0,26.5559,0,10.5109,0,11.6592,0,3,16
"2026-05-15 01:13:50",1238178," 05/15/2026 02:26:08.112","            amb",121.416,0,121.416,0,-0.01,0,9044.28,0,3911.44,0,122.525,0,3947.14,0,140.173,0,23.3837,0,26.5607,0,10.5091,0,11.6597,0,3,16
"2026-05-15 01:14:00",1238179," 05/15/2026 02:26:18.066","            amb",121.35,0,121.35,0,-0.01,0,9074.93,0,3906.42,0,122.461,0,3942.2,0,140.174,0,23.383,0,26.5588,0,10.5114,0,11.6679,0,3,16
"2026-05-15 01:14:10",1238180," 05/15/2026 02:26:28.019","            amb",121.202,0,121.202,0,-0.01,0,8924.66,0,3899.07,0,122.293,0,3934.19,0,140.171,0,23.3823,0,26.5404,0,10.5106,0,11.6606,0,3,16
"2026-05-15 01:14:20",1238181," 05/15/2026 02:26:37.973","            amb",121.124,0,121.124,0,-0.01,0,9006.98,0,3897.94,0,122.224,0,3933.37,0,140.173,0,23.3818,0,26.5508,0,10.5121,0,11.6586,0,3,16
"2026-05-15 01:14:30",1238182," 05/15/2026 02:26:47.926","            amb",121.072,0,121.072,0,-0.01,0,9014.18,0,3889.53,0,122.173,0,3924.91,0,140.207,0,23.3807,0,26.5536,0,10.5088,0,11.6594,0,3,16
"2026-05-15 01:14:40",1238183," 05/15/2026 02:26:57.879","            amb",120.982,0,120.982,0,-0.01,0,8970.79,0,3885.57,0,122.077,0,3920.74,0,140.17,0,23.3807,0,26.5561,0,10.5097,0,11.6565,0,3,16
"2026-05-15 01:14:50",1238184," 05/15/2026 02:27:07.833","            amb",120.862,0,120.862,0,-0.01,0,8977.12,0,3877.18,0,121.957,0,3912.3,0,140.173,0,23.3802,0,26.5502,0,10.5113,0,11.6617,0,3,16
"2026-05-15 01:15:00",1238185," 05/15/2026 02:27:17.786","            amb",120.948,0,120.948,0,-0.01,0,8985.08,0,3873.85,0,122.045,0,3908.97,0,140.157,0,23.3796,0,26.5541,0,10.5071,0,11.6612,0,3,16
"2026-05-15 01:15:10",1238186," 05/15/2026 02:27:27.741","            amb",120.782,0,120.782,0,-0.01,0,8958.53,0,3865.74,0,121.873,0,3900.69,0,140.174,0,23.3782,0,26.5588,0,10.5107,0,11.6579,0,3,16
"2026-05-15 01:15:20",1238187," 05/15/2026 02:27:38.690","            amb",120.731,0,120.731,0,-0.01,0,8998.45,0,3860.18,0,121.827,0,3895.23,0,140.172,0,23.3779,0,26.5508,0,10.5065,0,11.6573,0,3,16
"2026-05-15 01:15:30",1238188," 05/15/2026 02:27:48.643","            amb",120.65,0,120.65,0,-0.01,0,9084.58,0,3854.98,0,121.756,0,3890.32,0,140.173,0,23.3777,0,26.5482,0,10.5127,0,11.6647,0,3,16
"2026-05-15 01:15:40",1238189," 05/15/2026 02:27:58.599","            amb",120.507,0,120.507,0,-0.01,0,8992.49,0,3847.13,0,121.6,0,3882.04,0,140.173,0,23.3782,0,26.548,0,10.5128,0,11.6589,0,3,16
"2026-05-15 01:15:50",1238190," 05/15/2026 02:28:08.552","            amb",120.507,0,120.507,0,-0.01,0,9008.73,0,3844.26,0,121.602,0,3879.21,0,140.174,0,23.3768,0,26.5458,0,10.5109,0,11.6586,0,3,16
"2026-05-15 01:16:00",1238191," 05/15/2026 02:28:18.506","            amb",120.344,0,120.344,0,-0.01,0,9007.52,0,3834.6,0,121.438,0,3869.45,0,140.205,0,23.3761,0,26.5454,0,10.5139,0,11.6611,0,3,16
"2026-05-15 01:16:10",1238192," 05/15/2026 02:28:28.459","            amb",120.287,0,120.287,0,-0.01,0,8941.48,0,3831.7,0,121.372,0,3866.27,0,140.171,0,23.3755,0,26.5451,0,10.5117,0,11.6595,0,3,16
"2026-05-15 01:16:20",1238193," 05/15/2026 02:28:38.411","            amb",120.248,0,120.248,0,-0.01,0,8985.98,0,3825.06,0,121.338,0,3859.75,0,140.174,0,23.3744,0,26.5469,0,10.5131,0,11.6611,0,3,16
"2026-05-15 01:16:30",1238194," 05/15/2026 02:28:48.365","            amb",120.22,0,120.22,0,-0.01,0,8939.04,0,3818,0,121.304,0,3852.44,0,140.172,0,23.3743,0,26.5413,0,10.508,0,11.6586,0,3,16
"2026-05-15 01:16:40",1238195," 05/15/2026 02:28:58.318","            amb",120.021,0,120.021,0,-0.01,0,9025.12,0,3812.72,0,121.114,0,3847.44,0,140.173,0,23.3732,0,26.545,0,10.5156,0,11.6617,0,3,16
"2026-05-15 01:16:50",1238196," 05/15/2026 02:29:08.273","          Ch 12",119.915,0,119.915,0,-0.01,0,8983.46,0,3802.6,0,121.002,0,3837.07,0,140.173,0,23.3723,0,26.5405,0,10.5106,0,11.6614,0,3,12
"2026-05-15 01:17:00",1238197," 05/15/2026 02:29:18.227","          Ch 12",119.798,0,119.798,0,-0.01,0,8996.91,0,3794.86,0,120.886,0,3829.31,0,140.174,0,23.3718,0,26.539,0,10.5119,0,11.666,0,3,12
"2026-05-15 01:17:10",1238198," 05/15/2026 02:29:28.180","          Ch 12",119.804,0,119.804,0,-0.01,0,8988.67,0,3788.63,0,120.89,0,3823,0,140.175,0,23.3709,0,26.5332,0,10.5089,0,11.6616,0,3,12
"2026-05-15 01:17:20",1238199," 05/15/2026 02:29:38.133","          Ch 12",119.593,0,119.593,0,-0.01,0,9006.55,0,3781.13,0,120.68,0,3815.5,0,140.177,0,23.3713,0,26.5411,0,10.5085,0,11.666,0,3,12
"2026-05-15 01:17:30",1238200," 05/15/2026 02:29:48.087","          Ch 12",119.439,0,119.439,0,-0.01,0,8986.66,0,3775.24,0,120.522,0,3809.47,0,140.174,0,23.3702,0,26.5354,0,10.509,0,11.6597,0,3,12
"2026-05-15 01:17:40",1238201," 05/15/2026 02:29:58.039","          Ch 12",119.336,0,119.336,0,-0.01,0,9011.82,0,3768.46,0,120.422,0,3802.73,0,140.173,0,23.3693,0,26.5413,0,10.512,0,11.6628,0,3,12
"2026-05-15 01:17:50",1238202," 05/15/2026 02:30:07.991","          Ch 12",119.177,0,119.177,0,-0.01,0,8957.66,0,3756.68,0,120.255,0,3790.63,0,140.207,0,23.3689,0,26.5348,0,10.5083,0,11.6668,0,3,12
"2026-05-15 01:18:00",1238203," 05/15/2026 02:30:17.944","          Ch 12",118.958,0,118.958,0,-0.01,0,8979.62,0,3752.53,0,120.036,0,3786.53,0,140.172,0,23.3684,0,26.5327,0,10.5122,0,11.6623,0,3,12
"2026-05-15 01:18:10",1238204," 05/15/2026 02:30:27.901","          Ch 12",118.944,0,118.944,0,-0.01,0,9051.43,0,3747.53,0,120.031,0,3781.76,0,140.173,0,23.3679,0,26.5381,0,10.5107,0,11.6624,0,3,12
"2026-05-15 01:18:20",1238205," 05/15/2026 02:30:37.854","          Ch 12",118.801,0,118.801,0,-0.01,0,9067.41,0,3740.53,0,119.888,0,3774.75,0,140.174,0,23.3668,0,26.5313,0,10.5122,0,11.6646,0,3,12
"2026-05-15 01:18:30",1238206," 05/15/2026 02:30:47.807","          Ch 12",118.653,0,118.653,0,-0.01,0,9045.4,0,3730.73,0,119.736,0,3764.78,0,140.173,0,23.3661,0,26.5422,0,10.5131,0,11.6683,0,3,12
"2026-05-15 01:18:40",1238207," 05/15/2026 02:30:57.760","          Ch 12",118.484,0,118.484,0,-0.01,0,8998.18,0,3725.69,0,119.56,0,3759.52,0,140.174,0,23.3655,0,26.5384,0,10.5082,0,11.6607,0,3,12
"2026-05-15 01:18:50",1238208," 05/15/2026 02:31:07.714","          Ch 12",118.268,0,118.268,0,-0.01,0,8955.8,0,3717.48,0,119.336,0,3751.07,0,140.172,0,23.3642,0,26.5362,0,10.5149,0,11.6701,0,3,12
"2026-05-15 01:19:00",1238209," 05/15/2026 02:31:18.664","          Ch 12",118.115,0,118.115,0,-0.01,0,8990.73,0,3707.37,0,119.187,0,3741,0,140.174,0,23.3641,0,26.5298,0,10.5071,0,11.6598,0,3,12
"2026-05-15 01:19:10",1238210," 05/15/2026 02:31:28.617","          Ch 12",117.89,0,117.89,0,-0.01,0,9004.7,0,3695.29,0,118.961,0,3728.87,0,140.175,0,23.3642,0,26.5372,0,10.505,0,11.6625,0,3,12
"2026-05-15 01:19:20",1238211," 05/15/2026 02:31:38.570","          Ch 12",117.804,0,117.804,0,-0.01,0,9026.66,0,3686.65,0,118.877,0,3720.24,0,140.175,0,23.3642,0,26.5345,0,10.5098,0,11.6671,0,3,12
"2026-05-15 01:19:30",1238212," 05/15/2026 02:31:48.522","          Ch 12",117.57,0,117.57,0,-0.01,0,9011.91,0,3677.97,0,118.639,0,3711.41,0,140.172,0,23.3637,0,26.5236,0,10.5095,0,11.664,0,3,12
"2026-05-15 01:19:40",1238213," 05/15/2026 02:31:58.477","          Ch 12",117.271,0,117.271,0,-0.01,0,8978.64,0,3665.97,0,118.333,0,3699.19,0,140.176,0,23.3635,0,26.5258,0,10.5078,0,11.6641,0,3,12
"2026-05-15 01:19:50",1238214," 05/15/2026 02:32:08.430","          Ch 12",117.075,0,117.075,0,-0.01,0,8970.59,0,3655.09,0,118.134,0,3688.17,0,140.173,0,23.3627,0,26.5313,0,10.507,0,11.6625,0,3,12
"2026-05-15 01:20:00",1238215," 05/15/2026 02:32:18.384","          Ch 12",116.827,0,116.827,0,-0.01,0,9034.98,0,3643.25,0,117.892,0,3676.47,0,140.175,0,23.363,0,26.5315,0,10.5096,0,11.6665,0,3,12
"2026-05-15 01:20:10",1238216," 05/15/2026 02:32:28.337","          Ch 12",116.739,0,116.739,0,-0.01,0,9040.78,0,3637.28,0,117.804,0,3670.46,0,140.177,0,23.3625,0,26.539,0,10.5075,0,11.6602,0,3,12
"2026-05-15 01:20:20",1238217," 05/15/2026 02:32:38.289","          Ch 12",116.576,0,116.576,0,-0.01,0,9042.3,0,3628.96,0,117.639,0,3662.07,0,140.173,0,23.3613,0,26.5314,0,10.5048,0,11.6596,0,3,12
"2026-05-15 01:20:30",1238218," 05/15/2026 02:32:48.244","          Ch 12",116.309,0,116.309,0,-0.01,0,9018.29,0,3614.49,0,117.367,0,3647.39,0,140.176,0,23.361,0,26.5235,0,10.5094,0,11.6635,0,3,12
"2026-05-15 01:20:40",1238219," 05/15/2026 02:32:58.195","          Ch 12",115.937,0,115.937,0,-0.01,0,9070.89,0,3603.24,0,116.998,0,3636.23,0,140.142,0,23.3608,0,26.518,0,10.5142,0,11.6624,0,3,12
"2026-05-15 01:20:50",1238220," 05/15/2026 02:33:08.148","          Ch 12",115.818,0,115.818,0,-0.01,0,9098.16,0,3590.45,0,116.881,0,3623.41,0,140.176,0,23.3605,0,26.5266,0,10.5123,0,11.6674,0,3,12
"2026-05-15 01:21:00",1238221," 05/15/2026 02:33:18.105","          Ch 12",115.557,0,115.557,0,-0.01,0,9031.59,0,3578.66,0,116.611,0,3611.27,0,140.174,0,23.3606,0,26.5252,0,10.5059,0,11.6593,0,3,12
"2026-05-15 01:21:10",1238222," 05/15/2026 02:33:28.059","          Ch 12",115.345,0,115.345,0,-0.01,0,8986.35,0,3563.24,0,116.391,0,3595.55,0,140.176,0,23.36,0,26.525,0,10.5028,0,11.6606,0,3,12
"2026-05-15 01:21:20",1238223," 05/15/2026 02:33:38.012","          Ch 12",115.139,0,115.139,0,-0.01,0,9041.28,0,3554.32,0,116.189,0,3586.75,0,140.172,0,23.3596,0,26.5343,0,10.5074,0,11.6611,0,3,12
"2026-05-15 01:21:30",1238224," 05/15/2026 02:33:47.965","          Ch 12",114.845,0,114.845,0,-0.01,0,9027.24,0,3537.38,0,115.891,0,3569.6,0,140.174,0,23.359,0,26.5298,0,10.5092,0,11.6638,0,3,12
"2026-05-15 01:21:40",1238225," 05/15/2026 02:33:57.917","          Ch 12",114.629,0,114.629,0,-0.01,0,9018,0,3526.07,0,115.672,0,3558.15,0,140.178,0,23.3581,0,26.5259,0,10.5093,0,11.6628,0,3,12
"2026-05-15 01:21:50",1238226," 05/15/2026 02:34:07.871","          Ch 12",114.212,0,114.212,0,-0.01,0,8915.77,0,3508.13,0,115.239,0,3539.69,0,140.173,0,23.3577,0,26.5215,0,10.5084,0,11.6623,0,3,12
"2026-05-15 01:22:00",1238227," 05/15/2026 02:34:17.826","          Ch 12",114.009,0,114.009,0,-0.01,0,9023.18,0,3493.73,0,115.048,0,3525.54,0,140.141,0,23.3575,0,26.5164,0,10.509,0,11.6646,0,3,12
"2026-05-15 01:22:10",1238228," 05/15/2026 02:34:27.780","          Ch 12",113.701,0,113.701,0,-0.01,0,9018.91,0,3478.94,0,114.735,0,3510.6,0,140.175,0,23.3563,0,26.5266,0,10.5054,0,11.6618,0,3,12
"2026-05-15 01:22:20",1238229," 05/15/2026 02:34:37.733","          Ch 12",113.334,0,113.334,0,-0.01,0,8974.14,0,3464.5,0,114.36,0,3495.88,0,140.175,0,23.3549,0,26.5272,0,10.5056,0,11.6611,0,3,12
"2026-05-15 01:22:30",1238230," 05/15/2026 02:34:48.681","          Ch 12",113.076,0,113.076,0,-0.01,0,9004.2,0,3447.61,0,114.104,0,3478.93,0,140.172,0,23.3546,0,26.5291,0,10.508,0,11.6656,0,3,12
"2026-05-15 01:22:40",1238231," 05/15/2026 02:34:58.633","          Ch 12",112.635,0,112.635,0,-0.01,0,8981.87,0,3430.69,0,113.656,0,3461.78,0,140.175,0,23.3545,0,26.5241,0,10.5106,0,11.6663,0,3,12
"2026-05-15 01:22:50",1238232," 05/15/2026 02:35:08.587","          Ch 12",112.483,0,112.483,0,-0.01,0,9108.59,0,3416.51,0,113.517,0,3447.92,0,140.175,0,23.3544,0,26.5293,0,10.5093,0,11.6669,0,3,12
"2026-05-15 01:23:00",1238233," 05/15/2026 02:35:18.540","          Ch 12",112.016,0,112.016,0,-0.01,0,9002.1,0,3397.6,0,113.033,0,3428.47,0,140.209,0,23.3534,0,26.5298,0,10.5092,0,11.6643,0,3,12
"2026-05-15 01:23:10",1238234," 05/15/2026 02:35:28.496","          Ch 12",111.755,0,111.755,0,-0.01,0,9096.33,0,3384.2,0,112.781,0,3415.27,0,140.174,0,23.3534,0,26.5289,0,10.5054,0,11.6617,0,3,12
"2026-05-15 01:23:20",1238235," 05/15/2026 02:35:38.449","          Ch 12",111.328,0,111.328,0,-0.01,0,8891.18,0,3365.47,0,112.326,0,3395.67,0,140.174,0,23.352,0,26.5325,0,10.5044,0,11.6654,0,3,12
"2026-05-15 01:23:30",1238236," 05/15/2026 02:35:48.401","          Ch 12",111.034,0,111.034,0,-0.01,0,9030.15,0,3349.31,0,112.046,0,3379.83,0,140.204,0,23.3514,0,26.5254,0,10.5071,0,11.6636,0,3,12
"2026-05-15 01:23:40",1238237," 05/15/2026 02:35:58.355","          Ch 12",110.793,0,110.793,0,-0.01,0,9023.34,0,3335.82,0,111.802,0,3366.2,0,140.172,0,23.3509,0,26.5237,0,10.5087,0,11.6633,0,3,12
"2026-05-15 01:23:50",1238238," 05/15/2026 02:36:08.309","          Ch 12",110.443,0,110.443,0,-0.01,0,9009.95,0,3319.15,0,111.447,0,3349.33,0,140.174,0,23.3506,0,26.5153,0,10.5037,0,11.6652,0,3,12
"2026-05-15 01:24:00",1238239," 05/15/2026 02:36:18.263","          Ch 12",110.186,0,110.186,0,-0.01,0,9014.13,0,3305.42,0,111.189,0,3335.48,0,140.174,0,23.3492,0,26.5244,0,10.5101,0,11.6701,0,3,12
"2026-05-15 01:24:10",1238240," 05/15/2026 02:36:28.214","          Ch 12",109.911,0,109.911,0,-0.01,0,9049.12,0,3288.38,0,110.915,0,3318.41,0,140.174,0,23.3481,0,26.5213,0,10.5063,0,11.6676,0,3,12
"2026-05-15 01:24:20",1238241," 05/15/2026 02:36:38.169","          Ch 12",109.484,0,109.484,0,-0.01,0,9001.91,0,3271.06,0,110.479,0,3300.77,0,140.175,0,23.3487,0,26.5184,0,10.5113,0,11.6728,0,3,12
"2026-05-15 01:24:30",1238242," 05/15/2026 02:36:48.123","          Ch 12",109.052,0,109.052,0,-0.01,0,8986.87,0,3252.51,0,110.041,0,3282,0,140.174,0,23.3488,0,26.5164,0,10.5052,0,11.662,0,3,12
"2026-05-15 01:24:40",1238243," 05/15/2026 02:36:58.077","          Ch 12",108.795,0,108.795,0,-0.01,0,9045.44,0,3239.35,0,109.788,0,3268.92,0,140.177,0,23.3477,0,26.5144,0,10.5064,0,11.6709,0,3,12
"2026-05-15 01:24:50",1238244," 05/15/2026 02:37:08.028","          Ch 12",108.401,0,108.401,0,-0.01,0,9068.41,0,3223.81,0,109.393,0,3253.31,0,140.176,0,23.3468,0,26.5122,0,10.5074,0,11.6622,0,3,12
"2026-05-15 01:25:00",1238245," 05/15/2026 02:37:17.980","          Ch 12",108.078,0,108.078,0,-0.01,0,9228.43,0,3209.45,0,109.085,0,3239.34,0,140.173,0,23.3461,0,26.5111,0,10.514,0,11.6749,0,3,12
"2026-05-15 01:25:10",1238246," 05/15/2026 02:37:27.935","          Ch 12",107.767,0,107.767,0,-0.01,0,8969.85,0,3192.7,0,108.742,0,3221.59,0,140.173,0,23.3457,0,26.5128,0,10.5028,0,11.6633,0,3,12
"2026-05-15 01:25:20",1238247," 05/15/2026 02:37:37.888","          Ch 12",107.547,0,107.547,0,-0.01,0,9100.64,0,3179.26,0,108.535,0,3208.46,0,140.193,0,23.3445,0,26.5123,0,10.508,0,11.6696,0,3,12
"2026-05-15 01:25:30",1238248," 05/15/2026 02:37:47.842","          Ch 12",107.176,0,107.176,0,-0.01,0,9035.73,0,3166.81,0,108.154,0,3195.69,0,140.173,0,23.3444,0,26.5057,0,10.5025,0,11.6644,0,3,12
"2026-05-15 01:25:40",1238249," 05/15/2026 02:37:57.797","          Ch 12",106.792,0,106.792,0,-0.01,0,9079.84,0,3146.83,0,107.771,0,3175.67,0,140.174,0,23.3433,0,26.5097,0,10.5058,0,11.6669,0,3,12
"2026-05-15 01:25:50",1238250," 05/15/2026 02:38:07.751","          Ch 12",106.515,0,106.515,0,-0.01,0,9042.51,0,3136.52,0,107.487,0,3165.14,0,140.174,0,23.3431,0,26.5111,0,10.5093,0,11.6713,0,3,12
"2026-05-15 01:26:00",1238251," 05/15/2026 02:38:18.700","          Ch 12",106.076,0,106.076,0,-0.01,0,9115.34,0,3116.63,0,107.052,0,3145.3,0,140.175,0,23.3426,0,26.5202,0,10.5063,0,11.6704,0,3,12
"2026-05-15 01:26:10",1238252," 05/15/2026 02:38:28.653","          Ch 12",105.658,0,105.658,0,-0.01,0,9064.04,0,3104.76,0,106.625,0,3133.16,0,140.178,0,23.3422,0,26.5097,0,10.5055,0,11.665,0,3,12
"2026-05-15 01:26:20",1238253," 05/15/2026 02:38:38.604","          Ch 12",105.324,0,105.324,0,-0.01,0,9064.47,0,3091.12,0,106.288,0,3119.4,0,140.172,0,23.3414,0,26.5099,0,10.508,0,11.6681,0,3,12
"2026-05-15 01:26:30",1238254," 05/15/2026 02:38:48.559","          Ch 12",105.082,0,105.082,0,-0.01,0,9022.31,0,3080.34,0,106.039,0,3108.38,0,140.174,0,23.3404,0,26.4988,0,10.5024,0,11.6641,0,3,12
"2026-05-15 01:26:40",1238255," 05/15/2026 02:38:58.513","          Ch 12",104.736,0,104.736,0,-0.01,0,9088,0,3065.5,0,105.697,0,3093.61,0,140.169,0,23.3398,0,26.4978,0,10.5,0,11.6653,0,3,12
"2026-05-15 01:26:50",1238256," 05/15/2026 02:39:08.466","            amb",104.286,0,104.286,0,-0.01,0,9065.9,0,3049.02,0,105.24,0,3076.92,0,140.177,0,23.3394,0,26.507,0,10.5066,0,11.6705,0,3,16
"2026-05-15 01:27:00",1238257," 05/15/2026 02:39:18.420","            amb",103.956,0,103.956,0,-0.01,0,9073.23,0,3036.48,0,104.908,0,3064.28,0,140.172,0,23.3387,0,26.5009,0,10.5048,0,11.6687,0,3,16
"2026-05-15 01:27:10",1238258," 05/15/2026 02:39:28.374","            amb",103.697,0,103.697,0,-0.01,0,9085.35,0,3028.27,0,104.647,0,3056.03,0,140.174,0,23.3384,0,26.4988,0,10.5062,0,11.669,0,3,16
"2026-05-15 01:27:20",1238259," 05/15/2026 02:39:38.326","            amb",103.354,0,103.354,0,-0.01,0,9069.82,0,3011.55,0,104.3,0,3039.11,0,140.173,0,23.3374,0,26.5029,0,10.501,0,11.6708,0,3,16
"2026-05-15 01:27:30",1238260," 05/15/2026 02:39:48.281","            amb",103.052,0,103.052,0,-0.01,0,9004.03,0,3000.62,0,103.989,0,3027.89,0,140.176,0,23.3363,0,26.5057,0,10.5026,0,11.6636,0,3,16
"2026-05-15 01:27:40",1238261," 05/15/2026 02:39:58.233","            amb",102.716,0,102.716,0,-0.01,0,9021.68,0,2988.35,0,103.651,0,3015.55,0,140.148,0,23.3358,0,26.5058,0,10.5002,0,11.6676,0,3,16
"2026-05-15 01:27:50",1238262," 05/15/2026 02:40:08.187","            amb",102.367,0,102.367,0,-0.01,0,9082.18,0,2979.36,0,103.305,0,3006.67,0,140.173,0,23.3355,0,26.5046,0,10.5018,0,11.6673,0,3,16
"2026-05-15 01:28:00",1238263," 05/15/2026 02:40:18.140","            amb",101.98,0,101.98,0,-0.01,0,9061.99,0,2965.97,0,102.913,0,2993.1,0,140.177,0,23.3353,0,26.5046,0,10.5023,0,11.6639,0,3,16
"2026-05-15 01:28:10",1238264," 05/15/2026 02:40:28.093","            amb",101.765,0,101.765,0,-0.01,0,9081.35,0,2954.22,0,102.698,0,2981.29,0,140.176,0,23.3351,0,26.507,0,10.5004,0,11.6683,0,3,16
"2026-05-15 01:28:20",1238265," 05/15/2026 02:40:38.048","            amb",101.364,0,101.364,0,-0.01,0,9114.83,0,2943.08,0,102.297,0,2970.15,0,140.174,0,23.3339,0,26.5116,0,10.5031,0,11.6687,0,3,16
"2026-05-15 01:28:30",1238266," 05/15/2026 02:40:48.001","            amb",101.073,0,101.073,0,-0.01,0,9119.57,0,2934.25,0,102.004,0,2961.26,0,140.174,0,23.3331,0,26.5,0,10.5048,0,11.6682,0,3,16
"2026-05-15 01:28:40",1238267," 05/15/2026 02:40:57.954","            amb",100.719,0,100.719,0,-0.01,0,9070.58,0,2923.25,0,101.641,0,2950.01,0,140.174,0,23.3328,0,26.5029,0,10.5051,0,11.662,0,3,16
"2026-05-15 01:28:50",1238268," 05/15/2026 02:41:07.905","            amb",100.455,0,100.455,0,-0.01,0,9124.09,0,2910.97,0,101.38,0,2937.77,0,140.17,0,23.3324,0,26.4989,0,10.5003,0,11.666,0,3,16
"2026-05-15 01:29:00",1238269," 05/15/2026 02:41:17.858","            amb",100.05,0,100.05,0,-0.01,0,9082.46,0,2900.29,0,100.967,0,2926.88,0,140.174,0,23.3319,0,26.4944,0,10.4979,0,11.6641,0,3,16
"2026-05-15 01:29:10",1238270," 05/15/2026 02:41:27.813","            amb",99.8152,0,99.8152,0,-0.01,0,9117.14,0,2888.05,0,100.734,0,2914.62,0,140.174,0,23.3314,0,26.5002,0,10.5021,0,11.6717,0,3,16
"2026-05-15 01:29:20",1238271," 05/15/2026 02:41:37.766","            amb",99.3857,0,99.3857,0,-0.01,0,9098.4,0,2878.3,0,100.298,0,2904.73,0,140.175,0,23.3306,0,26.4945,0,10.5027,0,11.668,0,3,16
"2026-05-15 01:29:30",1238272," 05/15/2026 02:41:47.719","            amb",99.1692,0,99.1692,0,-0.01,0,9103.64,0,2869.11,0,100.08,0,2895.47,0,140.153,0,23.3303,0,26.4931,0,10.5072,0,11.672,0,3,16
"2026-05-15 01:29:40",1238273," 05/15/2026 02:41:58.667","            amb",98.813,0,98.813,0,-0.01,0,8991.51,0,2854.51,0,99.7095,0,2880.41,0,140.141,0,23.3295,0,26.4918,0,10.5023,0,11.6704,0,3,16
"2026-05-15 01:29:50",1238274," 05/15/2026 02:42:08.621","            amb",98.4298,0,98.4298,0,-0.01,0,9113.09,0,2849.73,0,99.3351,0,2875.94,0,140.175,0,23.3292,0,26.4991,0,10.5046,0,11.6726,0,3,16
"2026-05-15 01:30:00",1238275," 05/15/2026 02:42:18.578","            amb",98.1422,0,98.1422,0,-0.01,0,9120.66,0,2840.7,0,99.0455,0,2866.85,0,140.177,0,23.329,0,26.4985,0,10.5035,0,11.6703,0,3,16
"2026-05-15 01:30:10",1238276," 05/15/2026 02:42:28.531","            amb",97.8714,0,97.8714,0,-0.01,0,9116.35,0,2832.5,0,98.7718,0,2858.56,0,140.174,0,23.3285,0,26.486,0,10.5004,0,11.6725,0,3,16
"2026-05-15 01:30:20",1238277," 05/15/2026 02:42:38.485","            amb",97.5434,0,97.5434,0,-0.01,0,9094.83,0,2824.75,0,98.4387,0,2850.68,0,140.174,0,23.3277,0,26.4978,0,10.4994,0,11.6699,0,3,16
"2026-05-15 01:30:30",1238278," 05/15/2026 02:42:48.436","            amb",97.1868,0,97.1868,0,-0.01,0,9110.19,0,2815.22,0,98.0803,0,2841.1,0,140.177,0,23.3266,0,26.4916,0,10.4943,0,11.6647,0,3,16
"2026-05-15 01:30:40",1238279," 05/15/2026 02:42:58.392","            amb",96.9178,0,96.9178,0,-0.01,0,9036.99,0,2804.93,0,97.8016,0,2830.51,0,140.176,0,23.3264,0,26.5014,0,10.4982,0,11.6671,0,3,16
"2026-05-15 01:30:50",1238280," 05/15/2026 02:43:08.345","            amb",96.4158,0,96.4158,0,-0.01,0,9068.88,0,2797.56,0,97.2982,0,2823.16,0,140.174,0,23.3254,0,26.5031,0,10.5026,0,11.6666,0,3,16
"2026-05-15 01:31:00",1238281," 05/15/2026 02:43:18.299","            amb",96.2149,0,96.2149,0,-0.01,0,9133.04,0,2789.5,0,97.1017,0,2815.21,0,140.153,0,23.325,0,26.5112,0,10.5033,0,11.6708,0,3,16
"2026-05-15 01:31:10",1238282," 05/15/2026 02:43:28.250","            amb",95.9328,0,95.9328,0,-0.01,0,9129.87,0,2779.3,0,96.8167,0,2804.91,0,140.175,0,23.3231,0,26.5065,0,10.4981,0,11.6749,0,3,16
"2026-05-15 01:31:20",1238283," 05/15/2026 02:43:38.203","            amb",95.4479,0,95.4479,0,-0.01,0,9084.81,0,2774.8,0,96.3229,0,2800.24,0,140.171,0,23.3234,0,26.5049,0,10.5011,0,11.6671,0,3,16
"2026-05-15 01:31:30",1238284," 05/15/2026 02:43:48.156","            amb",95.2769,0,95.2769,0,-0.01,0,9113.8,0,2767.35,0,96.1533,0,2792.8,0,140.14,0,23.3237,0,26.5033,0,10.4992,0,11.6678,0,3,16
"2026-05-15 01:31:40",1238285," 05/15/2026 02:43:58.111","            amb",94.9572,0,94.9572,0,-0.01,0,9112.11,0,2759.17,0,95.8304,0,2784.55,0,140.176,0,23.3227,0,26.4972,0,10.4998,0,11.6741,0,3,16
"2026-05-15 01:31:50",1238286," 05/15/2026 02:44:08.066","           Ch 3",94.6533,0,94.6533,0,-0.01,0,9098.09,0,2752.65,0,95.5224,0,2777.92,0,140.174,0,23.3221,0,26.4993,0,10.4991,0,11.6689,0,3,3
"2026-05-15 01:32:00",1238287," 05/15/2026 02:44:18.017","           Ch 3",94.3373,0,94.3373,0,-0.01,0,9119.96,0,2745.01,0,95.2056,0,2770.27,0,140.175,0,23.3213,0,26.5015,0,10.4988,0,11.6702,0,3,3
"2026-05-15 01:32:10",1238288," 05/15/2026 02:44:27.973","           Ch 3",94.0707,0,94.0707,0,-0.01,0,9121.43,0,2740.79,0,94.9366,0,2766.02,0,140.172,0,23.3208,0,26.4998,0,10.5002,0,11.6663,0,3,3
"2026-05-15 01:32:20",1238289," 05/15/2026 02:44:37.926","           Ch 3",93.8073,0,93.8073,0,-0.01,0,9207.63,0,2733.18,0,94.679,0,2758.59,0,140.191,0,23.3199,0,26.502,0,10.4971,0,11.6715,0,3,3
"2026-05-15 01:32:30",1238290," 05/15/2026 02:44:47.878","           Ch 3",93.5203,0,93.5203,0,-0.01,0,9123.87,0,2724.67,0,94.3814,0,2749.76,0,140.173,0,23.3191,0,26.4956,0,10.4997,0,11.671,0,3,3
"2026-05-15 01:32:40",1238291," 05/15/2026 02:44:57.832","           Ch 3",93.215,0,93.215,0,-0.01,0,9113.17,0,2720.02,0,94.0723,0,2745.03,0,140.173,0,23.3185,0,26.4895,0,10.4991,0,11.6697,0,3,3
"2026-05-15 01:32:50",1238292," 05/15/2026 02:45:07.785","           Ch 3",92.9817,0,92.9817,0,-0.01,0,9161.64,0,2716.07,0,93.8415,0,2741.18,0,140.149,0,23.3177,0,26.4938,0,10.5071,0,11.6759,0,3,3
"2026-05-15 01:33:00",1238293," 05/15/2026 02:45:17.738","           Ch 3",92.697,0,92.697,0,-0.01,0,9194.03,0,2707.45,0,93.5572,0,2732.57,0,140.174,0,23.3173,0,26.4878,0,10.4974,0,11.6702,0,3,3
"2026-05-15 01:33:10",1238294," 05/15/2026 02:45:28.687","           Ch 3",92.3998,0,92.3998,0,-0.01,0,9165.12,0,2701.1,0,93.2545,0,2726.09,0,140.175,0,23.317,0,26.4885,0,10.4976,0,11.6707,0,3,3
"2026-05-15 01:33:20",1238295," 05/15/2026 02:45:38.640","           Ch 3",92.0451,0,92.0451,0,-0.01,0,9171.17,0,2694.18,0,92.8971,0,2719.11,0,140.173,0,23.3163,0,26.4897,0,10.499,0,11.6713,0,3,3
"2026-05-15 01:33:30",1238296," 05/15/2026 02:45:48.595","           Ch 3",91.761,0,91.761,0,-0.01,0,9177.39,0,2691.33,0,92.6109,0,2716.25,0,140.174,0,23.3158,0,26.4839,0,10.4992,0,11.6687,0,3,3
"2026-05-15 01:33:40",1238297," 05/15/2026 02:45:58.547","           Ch 3",91.667,0,91.667,0,-0.01,0,9212.58,0,2682.12,0,92.5193,0,2707.06,0,140.172,0,23.3152,0,26.4827,0,10.4998,0,11.6723,0,3,3
"2026-05-15 01:33:50",1238298," 05/15/2026 02:46:08.502","           Ch 3",91.2691,0,91.2691,0,-0.01,0,9194.47,0,2678.63,0,92.116,0,2703.49,0,140.208,0,23.3145,0,26.4833,0,10.4989,0,11.6684,0,3,3
"2026-05-15 01:34:00",1238299," 05/15/2026 02:46:18.456","           Ch 3",90.9499,0,90.9499,0,-0.01,0,9120.61,0,2669.7,0,91.7871,0,2694.28,0,140.172,0,23.3147,0,26.4898,0,10.4974,0,11.6725,0,3,3
"2026-05-15 01:34:10",1238300," 05/15/2026 02:46:28.410","           Ch 3",90.7148,0,90.7148,0,-0.01,0,9170.14,0,2667.27,0,91.5544,0,2691.96,0,140.175,0,23.3133,0,26.4857,0,10.4932,0,11.6608,0,3,3
"2026-05-15 01:34:20",1238301," 05/15/2026 02:46:38.363","           Ch 3",90.4009,0,90.4009,0,-0.01,0,9164.7,0,2661.21,0,91.237,0,2685.83,0,140.173,0,23.313,0,26.4886,0,10.4977,0,11.6667,0,3,3
"2026-05-15 01:34:30",1238302," 05/15/2026 02:46:48.315","           Ch 3",90.1383,0,90.1383,0,-0.01,0,9108.25,0,2652.24,0,90.9668,0,2676.62,0,140.175,0,23.3114,0,26.4848,0,10.4961,0,11.6723,0,3,3
"2026-05-15 01:34:40",1238303," 05/15/2026 02:46:58.270","           Ch 3",89.81,0,89.81,0,-0.01,0,9150.04,0,2646.32,0,90.6393,0,2670.75,0,140.173,0,23.3106,0,26.484,0,10.4966,0,11.6675,0,3,3
"2026-05-15 01:34:50",1238304," 05/15/2026 02:47:08.224","           Ch 3",89.5738,0,89.5738,0,-0.01,0,9161.4,0,2641.77,0,90.4021,0,2666.19,0,140.174,0,23.3109,0,26.4886,0,10.4974,0,11.6706,0,3,3
"2026-05-15 01:35:00",1238305," 05/15/2026 02:47:18.177","           Ch 3",89.3278,0,89.3278,0,-0.01,0,9190.62,0,2636.12,0,90.1564,0,2660.57,0,140.177,0,23.3099,0,26.4902,0,10.4953,0,11.668,0,3,3
"2026-05-15 01:35:10",1238306," 05/15/2026 02:47:28.130","           Ch 3",89.017,0,89.017,0,-0.01,0,9210.76,0,2629.8,0,89.8445,0,2654.24,0,140.174,0,23.3099,0,26.4881,0,10.4983,0,11.6717,0,3,3
"2026-05-15 01:35:20",1238307," 05/15/2026 02:47:38.084","           Ch 3",88.7036,0,88.7036,0,-0.01,0,9151.48,0,2623.29,0,89.5229,0,2647.52,0,140.175,0,23.3089,0,26.493,0,10.4954,0,11.6688,0,3,3
"2026-05-15 01:35:30",1238308," 05/15/2026 02:47:48.036","           Ch 3",88.5484,0,88.5484,0,-0.01,0,9217.06,0,2619.36,0,89.3722,0,2643.72,0,140.175,0,23.3079,0,26.4868,0,10.4957,0,11.6703,0,3,3
"2026-05-15 01:35:40",1238309," 05/15/2026 02:47:57.990","           Ch 3",88.1952,0,88.1952,0,-0.01,0,9102.49,0,2613.72,0,89.0054,0,2637.73,0,140.203,0,23.3072,0,26.4827,0,10.4929,0,11.6663,0,3,3
"2026-05-15 01:35:50",1238310," 05/15/2026 02:48:07.944","           Ch 3",87.9301,0,87.9301,0,-0.01,0,9205.21,0,2605.69,0,88.7471,0,2629.89,0,140.173,0,23.3071,0,26.4823,0,10.4995,0,11.6704,0,3,3
"2026-05-15 01:36:00",1238311," 05/15/2026 02:48:17.897","           Ch 3",87.68,0,87.68,0,-0.01,0,9138.37,0,2602.89,0,88.4887,0,2626.89,0,140.175,0,23.306,0,26.4812,0,10.492,0,11.6665,0,3,3
"2026-05-15 01:36:10",1238312," 05/15/2026 02:48:27.850","           Ch 3",87.3399,0,87.3399,0,-0.01,0,9118.98,0,2596.77,0,88.1437,0,2620.67,0,140.175,0,23.3054,0,26.4781,0,10.4927,0,11.6691,0,3,3
"2026-05-15 01:36:20",1238313," 05/15/2026 02:48:37.805","           Ch 3",87.0626,0,87.0626,0,-0.01,0,9117.09,0,2591.28,0,87.8636,0,2615.13,0,140.176,0,23.3046,0,26.4789,0,10.4974,0,11.6735,0,3,3
"2026-05-15 01:36:30",1238314," 05/15/2026 02:48:47.757","           Ch 3",86.7326,0,86.7326,0,-0.01,0,9052.77,0,2584.06,0,87.525,0,2607.66,0,140.173,0,23.3041,0,26.4634,0,10.4954,0,11.6691,0,3,3
"2026-05-15 01:36:40",1238315," 05/15/2026 02:48:57.712","           Ch 3",86.486,0,86.486,0,-0.01,0,9135.95,0,2579.88,0,87.2835,0,2603.67,0,140.174,0,23.3037,0,26.4719,0,10.4943,0,11.6692,0,3,3
"2026-05-15 01:36:50",1238316," 05/15/2026 02:49:08.660","           Ch 3",86.2153,0,86.2153,0,-0.01,0,9177.46,0,2575.61,0,87.0139,0,2599.47,0,140.177,0,23.3036,0,26.4721,0,10.4957,0,11.6693,0,3,3
"2026-05-15 01:37:00",1238317," 05/15/2026 02:49:18.614","           Ch 3",85.9366,0,85.9366,0,-0.01,0,9188.68,0,2570.88,0,86.7336,0,2594.73,0,140.174,0,23.3031,0,26.4776,0,10.4948,0,11.6703,0,3,3
"2026-05-15 01:37:10",1238318," 05/15/2026 02:49:28.563","           Ch 3",85.6487,0,85.6487,0,-0.01,0,9174.65,0,2566.5,0,86.4418,0,2590.26,0,140.16,0,23.3029,0,26.4706,0,10.4944,0,11.6697,0,3,3
"2026-05-15 01:37:20",1238319," 05/15/2026 02:49:38.520","           Ch 3",85.3983,0,85.3983,0,-0.01,0,9171.53,0,2562.19,0,86.1888,0,2585.91,0,140.173,0,23.302,0,26.4682,0,10.4944,0,11.6694,0,3,3
"2026-05-15 01:37:30",1238320," 05/15/2026 02:49:48.474","           Ch 3",85.1014,0,85.1014,0,-0.01,0,9222.09,0,2557.75,0,85.8935,0,2581.56,0,140.176,0,23.301,0,26.4645,0,10.4951,0,11.6668,0,3,3
"2026-05-15 01:37:40",1238321," 05/15/2026 02:49:58.428","           Ch 3",84.7911,0,84.7911,0,-0.01,0,9159.6,0,2552.53,0,85.5749,0,2576.13,0,140.172,0,23.301,0,26.4714,0,10.4916,0,11.6655,0,3,3
"2026-05-15 01:37:50",1238322," 05/15/2026 02:50:08.381","           Ch 3",84.5633,0,84.5633,0,-0.01,0,9219.76,0,2547.9,0,85.3502,0,2571.6,0,140.173,0,23.3002,0,26.4734,0,10.4909,0,11.6659,0,3,3
"2026-05-15 01:38:00",1238323," 05/15/2026 02:50:18.334","           Ch 3",84.3262,0,84.3262,0,-0.01,0,9216.82,0,2541.41,0,85.1106,0,2565.05,0,140.151,0,23.3002,0,26.4792,0,10.4966,0,11.6727,0,3,3
"2026-05-15 01:38:10",1238324," 05/15/2026 02:50:28.288","           Ch 3",84.0797,0,84.0797,0,-0.01,0,9076.73,0,2535.74,0,84.8499,0,2558.97,0,140.173,0,23.2987,0,26.4762,0,10.4931,0,11.6713,0,3,3
"2026-05-15 01:38:20",1238325," 05/15/2026 02:50:38.240","           Ch 3",83.7734,0,83.7734,0,-0.01,0,9211.88,0,2534.1,0,84.5523,0,2557.66,0,140.173,0,23.2981,0,26.4715,0,10.4925,0,11.6702,0,3,3
"2026-05-15 01:38:30",1238326," 05/15/2026 02:50:48.194","           Ch 3",83.5174,0,83.5174,0,-0.01,0,9169.42,0,2525.79,0,84.2903,0,2549.16,0,140.14,0,23.2985,0,26.4759,0,10.4949,0,11.6731,0,3,3
"2026-05-15 01:38:40",1238327," 05/15/2026 02:50:58.149","           Ch 3",83.2305,0,83.2305,0,-0.01,0,9234.55,0,2522.58,0,84.0063,0,2546.09,0,140.176,0,23.2979,0,26.4738,0,10.4985,0,11.6719,0,3,3
"2026-05-15 01:38:50",1238328," 05/15/2026 02:51:08.102","           Ch 3",82.9597,0,82.9597,0,-0.01,0,9237.13,0,2517.91,0,83.7331,0,2541.39,0,140.175,0,23.297,0,26.4708,0,10.4958,0,11.6695,0,3,3
"2026-05-15 01:39:00",1238329," 05/15/2026 02:51:18.055","           Ch 3",82.6528,0,82.6528,0,-0.01,0,9176.35,0,2509.77,0,83.4182,0,2533.01,0,140.174,0,23.2967,0,26.4746,0,10.5,0,11.6749,0,3,3
"2026-05-15 01:39:10",1238330," 05/15/2026 02:51:28.008","           Ch 3",82.4194,0,82.4194,0,-0.01,0,9227.48,0,2502.37,0,83.187,0,2525.68,0,140.172,0,23.2949,0,26.4622,0,10.4911,0,11.6736,0,3,3
"2026-05-15 01:39:20",1238331," 05/15/2026 02:51:37.961","           Ch 3",82.0965,0,82.0965,0,-0.01,0,9237.88,0,2496.54,0,82.8619,0,2519.82,0,140.177,0,23.2949,0,26.4553,0,10.4914,0,11.6699,0,3,3
"2026-05-15 01:39:30",1238332," 05/15/2026 02:51:47.915","           Ch 3",81.8402,0,81.8402,0,-0.01,0,9213.4,0,2489.77,0,82.6013,0,2512.93,0,140.176,0,23.2949,0,26.4619,0,10.4881,0,11.6671,0,3,3
"2026-05-15 01:39:40",1238333," 05/15/2026 02:51:57.869","           Ch 3",81.5767,0,81.5767,0,-0.01,0,9220.9,0,2481.67,0,82.336,0,2504.76,0,140.175,0,23.2945,0,26.4656,0,10.4921,0,11.6696,0,3,3
"2026-05-15 01:39:50",1238334," 05/15/2026 02:52:07.819","           Ch 3",81.2717,0,81.2717,0,-0.01,0,9187.77,0,2472.14,0,82.0254,0,2495.07,0,140.153,0,23.2934,0,26.4658,0,10.4953,0,11.6718,0,3,3
"2026-05-15 01:40:00",1238335," 05/15/2026 02:52:17.772","           Ch 3",80.9591,0,80.9591,0,-0.01,0,9248.09,0,2463.6,0,81.7148,0,2486.59,0,140.175,0,23.2927,0,26.467,0,10.4946,0,11.6741,0,3,3
"2026-05-15 01:40:10",1238336," 05/15/2026 02:52:27.727","           Ch 3",80.7558,0,80.7558,0,-0.01,0,9195.32,0,2455.35,0,81.5053,0,2478.14,0,140.174,0,23.2925,0,26.4713,0,10.491,0,11.6724,0,3,3
"2026-05-15 01:40:20",1238337," 05/15/2026 02:52:38.675","           Ch 3",80.4074,0,80.4074,0,-0.01,0,9202.98,0,2448.2,0,81.1543,0,2470.94,0,140.173,0,23.2928,0,26.4745,0,10.4925,0,11.6697,0,3,3
"2026-05-15 01:40:30",1238338," 05/15/2026 02:52:48.630","           Ch 3",80.0694,0,80.0694,0,-0.01,0,9238.34,0,2436.86,0,80.816,0,2459.58,0,140.175,0,23.2927,0,26.475,0,10.4916,0,11.6689,0,3,3
"2026-05-15 01:40:40",1238339," 05/15/2026 02:52:58.582","           Ch 3",79.823,0,79.823,0,-0.01,0,9241.33,0,2427.62,0,80.5676,0,2450.26,0,140.173,0,23.292,0,26.4647,0,10.4935,0,11.6703,0,3,3
"2026-05-15 01:40:50",1238340," 05/15/2026 02:53:08.535","           Ch 3",79.5472,0,79.5472,0,-0.01,0,9312.37,0,2418.46,0,80.295,0,2441.19,0,140.177,0,23.2914,0,26.4692,0,10.4935,0,11.6703,0,3,3
"2026-05-15 01:41:00",1238341," 05/15/2026 02:53:18.490","           Ch 3",79.2777,0,79.2777,0,-0.01,0,9332.34,0,2408.44,0,80.0245,0,2431.13,0,140.172,0,23.2907,0,26.4674,0,10.4971,0,11.6748,0,3,3
"2026-05-15 01:41:10",1238342," 05/15/2026 02:53:28.442","           Ch 3",78.9429,0,78.9429,0,-0.01,0,9070.12,0,2401.05,0,79.6655,0,2423.03,0,140.175,0,23.2903,0,26.4583,0,10.4893,0,11.6677,0,3,3
"2026-05-15 01:41:20",1238343," 05/15/2026 02:53:38.395","           Ch 3",78.6737,0,78.6737,0,-0.01,0,9238.77,0,2390.09,0,79.4073,0,2412.38,0,140.209,0,23.2887,0,26.4615,0,10.4934,0,11.6744,0,3,3
"2026-05-15 01:41:30",1238344," 05/15/2026 02:53:48.349","           Ch 3",78.3557,0,78.3557,0,-0.01,0,9228.59,0,2381.32,0,79.0855,0,2403.5,0,140.175,0,23.2886,0,26.462,0,10.4937,0,11.6753,0,3,3
"2026-05-15 01:41:40",1238345," 05/15/2026 02:53:58.303","           Ch 3",78.04,0,78.04,0,-0.01,0,9250.64,0,2373.51,0,78.7687,0,2395.68,0,140.172,0,23.2874,0,26.4661,0,10.4916,0,11.6702,0,3,3
"2026-05-15 01:41:50",1238346," 05/15/2026 02:54:08.256","            anb",77.7354,0,77.7354,0,-0.01,0,9309.25,0,2363.12,0,78.4659,0,2385.33,0,140.178,0,23.2871,0,26.4703,0,10.49,0,11.6729,0,3,16
"2026-05-15 01:42:00",1238347," 05/15/2026 02:54:18.209","            anb",77.4681,0,77.4681,0,-0.01,0,9366.62,0,2355.16,0,78.2006,0,2377.43,0,140.175,0,23.2874,0,26.4703,0,10.4918,0,11.6698,0,3,16
"2026-05-15 01:42:10",1238348," 05/15/2026 02:54:28.163","            anb",77.1818,0,77.1818,0,-0.01,0,9295.8,0,2347.78,0,77.9059,0,2369.81,0,140.171,0,23.2865,0,26.4684,0,10.4949,0,11.676,0,3,16
"2026-05-15 01:42:20",1238349," 05/15/2026 02:54:38.116","            anb",76.9108,0,76.9108,0,-0.01,0,9220.4,0,2341.35,0,77.6265,0,2363.14,0,140.174,0,23.2863,0,26.4654,0,10.493,0,11.6717,0,3,16
"2026-05-15 01:42:30",1238350," 05/15/2026 02:54:48.072","            anb",76.7197,0,76.7197,0,-0.01,0,9273,0,2338.42,0,77.4378,0,2360.31,0,140.174,0,23.2853,0,26.4646,0,10.4867,0,11.6672,0,3,16
"2026-05-15 01:42:40",1238351," 05/15/2026 02:54:58.026","            anb",76.4014,0,76.4014,0,-0.01,0,9253.26,0,2330.67,0,77.115,0,2352.44,0,140.202,0,23.2855,0,26.4651,0,10.4905,0,11.6701,0,3,16
"2026-05-15 01:42:50",1238352," 05/15/2026 02:55:07.980","            anb",76.1301,0,76.1301,0,-0.01,0,9268.15,0,2323.16,0,76.8423,0,2344.9,0,140.173,0,23.2848,0,26.4623,0,10.4895,0,11.6743,0,3,16
"2026-05-15 01:43:00",1238353," 05/15/2026 02:55:17.932","            anb",75.9205,0,75.9205,0,-0.01,0,9273.33,0,2319.63,0,76.6311,0,2341.34,0,140.175,0,23.2847,0,26.4642,0,10.4881,0,11.6706,0,3,16
"2026-05-15 01:43:10",1238354," 05/15/2026 02:55:27.886","            anb",75.5996,0,75.5996,0,-0.01,0,9327.79,0,2312.82,0,76.3115,0,2334.6,0,140.212,0,23.2833,0,26.4616,0,10.4912,0,11.674,0,3,16
"2026-05-15 01:43:20",1238355," 05/15/2026 02:55:37.839","            anb",75.3148,0,75.3148,0,-0.01,0,9269.39,0,2308.04,0,76.0195,0,2329.64,0,140.176,0,23.2829,0,26.4549,0,10.4916,0,11.6723,0,3,16
"2026-05-15 01:43:30",1238356," 05/15/2026 02:55:47.793","            anb",75.0097,0,75.0097,0,-0.01,0,9285.26,0,2303.47,0,75.7127,0,2325.05,0,140.174,0,23.2825,0,26.4655,0,10.4893,0,11.6712,0,3,16
"2026-05-15 01:43:40",1238357," 05/15/2026 02:55:57.746","            anb",74.7968,0,74.7968,0,-0.01,0,9336.26,0,2301.32,0,75.5018,0,2323.01,0,140.177,0,23.2828,0,26.4642,0,10.4888,0,11.6675,0,3,16
"2026-05-15 01:43:50",1238358," 05/15/2026 02:56:08.695","            anb",74.5155,0,74.5155,0,-0.01,0,9301.23,0,2296.62,0,75.2151,0,2318.18,0,140.177,0,23.2823,0,26.4595,0,10.4907,0,11.6717,0,3,16
"2026-05-15 01:44:00",1238359," 05/15/2026 02:56:18.649","            anb",74.2905,0,74.2905,0,-0.01,0,9310.33,0,2292.99,0,74.9887,0,2314.54,0,140.176,0,23.2824,0,26.4532,0,10.4914,0,11.6763,0,3,16
"2026-05-15 01:44:10",1238360," 05/15/2026 02:56:28.600","            anb",74.0381,0,74.0381,0,-0.01,0,9283.51,0,2290.91,0,74.7318,0,2312.38,0,140.146,0,23.2818,0,26.4604,0,10.4899,0,11.6732,0,3,16
"2026-05-15 01:44:20",1238361," 05/15/2026 02:56:38.553","            anb",73.8633,0,73.8633,0,-0.01,0,9284.13,0,2290.15,0,74.5555,0,2311.61,0,140.176,0,23.2815,0,26.4639,0,10.4895,0,11.6703,0,3,16
"2026-05-15 01:44:30",1238362," 05/15/2026 02:56:48.508","            anb",73.5914,0,73.5914,0,-0.01,0,9307.39,0,2287.39,0,74.2828,0,2308.88,0,140.176,0,23.2808,0,26.4644,0,10.4894,0,11.6689,0,3,16
"2026-05-15 01:44:40",1238363," 05/15/2026 02:56:58.460","            anb",73.3804,0,73.3804,0,-0.01,0,9238.82,0,2284.48,0,74.0647,0,2305.78,0,140.174,0,23.2813,0,26.4651,0,10.4867,0,11.6712,0,3,16
"2026-05-15 01:44:50",1238364," 05/15/2026 02:57:08.413","            anb",73.2281,0,73.2281,0,-0.01,0,9346.18,0,2281.09,0,73.9189,0,2302.61,0,140.174,0,23.2801,0,26.4589,0,10.4886,0,11.6783,0,3,16
"2026-05-15 01:45:00",1238365," 05/15/2026 02:57:18.368","            anb",72.9091,0,72.9091,0,-0.01,0,9340.47,0,2279.88,0,73.5966,0,2301.38,0,140.178,0,23.28,0,26.4646,0,10.4923,0,11.6726,0,3,16
"2026-05-15 01:45:10",1238366," 05/15/2026 02:57:28.322","            anb",72.6379,0,72.6379,0,-0.01,0,9277.45,0,2279.03,0,73.3181,0,2300.37,0,140.179,0,23.2788,0,26.4676,0,10.4921,0,11.6702,0,3,16
"2026-05-15 01:45:20",1238367," 05/15/2026 02:57:38.275","            anb",72.3903,0,72.3903,0,-0.01,0,9298.13,0,2276.63,0,73.0697,0,2298,0,140.175,0,23.2785,0,26.4677,0,10.4893,0,11.6713,0,3,16
"2026-05-15 01:45:30",1238368," 05/15/2026 02:57:48.229","            anb",72.2202,0,72.2202,0,-0.01,0,9250.82,0,2274,0,72.8945,0,2295.24,0,140.177,0,23.2783,0,26.4632,0,10.4891,0,11.6726,0,3,16
"2026-05-15 01:45:40",1238369," 05/15/2026 02:57:58.180","            anb",72.001,0,72.001,0,-0.01,0,9310.74,0,2274.79,0,72.6777,0,2296.16,0,140.175,0,23.2777,0,26.4594,0,10.4915,0,11.6693,0,3,16
"2026-05-15 01:45:50",1238370," 05/15/2026 02:58:08.138","            anb",71.7817,0,71.7817,0,-0.01,0,9275.96,0,2272.22,0,72.4537,0,2293.49,0,140.176,0,23.278,0,26.4704,0,10.4882,0,11.6698,0,3,16
"2026-05-15 01:46:00",1238371," 05/15/2026 02:58:18.091","            anb",71.5718,0,71.5718,0,-0.01,0,9208.6,0,2270.9,0,72.237,0,2292.01,0,140.147,0,23.2781,0,26.4714,0,10.4874,0,11.6668,0,3,16
"2026-05-15 01:46:10",1238372," 05/15/2026 02:58:28.044","            anb",71.3778,0,71.3778,0,-0.01,0,9312.23,0,2269.08,0,72.0487,0,2290.41,0,140.176,0,23.2765,0,26.4647,0,10.4879,0,11.6733,0,3,16
"2026-05-15 01:46:20",1238373," 05/15/2026 02:58:37.998","            anb",71.1658,0,71.1658,0,-0.01,0,9323.66,0,2267.36,0,71.8356,0,2288.7,0,140.177,0,23.2763,0,26.4597,0,10.4837,0,11.667,0,3,16
"2026-05-15 01:46:30",1238374," 05/15/2026 02:58:47.950","            anb",70.9153,0,70.9153,0,-0.01,0,9314.34,0,2266.72,0,71.582,0,2288.04,0,140.177,0,23.2762,0,26.4578,0,10.4908,0,11.6724,0,3,16
"2026-05-15 01:46:40",1238375," 05/15/2026 02:58:57.906","            anb",70.7061,0,70.7061,0,-0.01,0,9346.98,0,2266.16,0,71.3732,0,2287.54,0,140.174,0,23.2755,0,26.4549,0,10.4838,0,11.666,0,3,16
"2026-05-15 01:46:50",1238376," 05/15/2026 02:59:07.858","           Ch 6",70.4982,0,70.4982,0,-0.01,0,9322.72,0,2264.73,0,71.1617,0,2286.04,0,140.18,0,23.2747,0,26.4587,0,10.488,0,11.6719,0,3,6
"2026-05-15 01:47:00",1238377," 05/15/2026 02:59:17.810","           Ch 6",70.2529,0,70.2529,0,-0.01,0,9259.33,0,2264.22,0,70.9094,0,2285.38,0,140.177,0,23.2739,0,26.4582,0,10.489,0,11.6697,0,3,6
"2026-05-15 01:47:10",1238378," 05/15/2026 02:59:27.764","           Ch 6",70.0784,0,70.0784,0,-0.01,0,9319.24,0,2264.46,0,70.7376,0,2285.76,0,140.176,0,23.2738,0,26.4526,0,10.487,0,11.6695,0,3,6
"2026-05-15 01:47:20",1238379," 05/15/2026 02:59:37.717","           Ch 6",69.9347,0,69.9347,0,-0.01,0,9329.51,0,2264.31,0,70.5933,0,2285.63,0,140.15,0,23.2742,0,26.4518,0,10.4905,0,11.6752,0,3,6
"2026-05-15 01:47:30",1238380," 05/15/2026 02:59:48.666","           Ch 6",69.7016,0,69.7016,0,-0.01,0,9378.78,0,2264.64,0,70.3615,0,2286.08,0,140.182,0,23.2734,0,26.459,0,10.4864,0,11.6738,0,3,6
"2026-05-15 01:47:40",1238381," 05/15/2026 02:59:58.619","           Ch 6",69.4996,0,69.4996,0,-0.01,0,9306.37,0,2264.59,0,70.1524,0,2285.86,0,140.175,0,23.2731,0,26.455,0,10.4872,0,11.6696,0,3,6
"2026-05-15 01:47:50",1238382," 05/15/2026 03:00:08.573","           Ch 6",69.2373,0,69.2373,0,-0.01,0,9234.95,0,2264.35,0,69.8827,0,2285.45,0,140.176,0,23.2724,0,26.4497,0,10.4896,0,11.6697,0,3,6
"2026-05-15 01:48:00",1238383," 05/15/2026 03:00:18.526","           Ch 6",69.139,0,69.139,0,-0.01,0,9353.76,0,2267.31,0,69.7919,0,2288.72,0,140.174,0,23.2721,0,26.4463,0,10.4896,0,11.6713,0,3,6
"2026-05-15 01:48:10",1238384," 05/15/2026 03:00:28.478","           Ch 6",68.964,0,68.964,0,-0.01,0,9463.82,0,2268.48,0,69.6229,0,2290.16,0,140.177,0,23.2719,0,26.4396,0,10.4849,0,11.6736,0,3,6
"2026-05-15 01:48:20",1238385," 05/15/2026 03:00:38.431","           Ch 6",68.7233,0,68.7233,0,-0.01,0,9261.94,0,2268.07,0,69.3657,0,2289.27,0,140.175,0,23.2703,0,26.4404,0,10.4877,0,11.6735,0,3,6
"2026-05-15 01:48:30",1238386," 05/15/2026 03:00:48.385","           Ch 6",68.5569,0,68.5569,0,-0.01,0,9175.33,0,2268.83,0,69.1918,0,2289.84,0,140.176,0,23.2706,0,26.4513,0,10.4849,0,11.6684,0,3,6
"2026-05-15 01:48:40",1238387," 05/15/2026 03:00:58.338","           Ch 6",68.4485,0,68.4485,0,-0.01,0,9329.77,0,2271.68,0,69.0932,0,2293.08,0,140.178,0,23.2693,0,26.4536,0,10.4875,0,11.6713,0,3,6
"2026-05-15 01:48:50",1238388," 05/15/2026 03:01:08.292","           Ch 6",68.2149,0,68.2149,0,-0.01,0,9320.13,0,2273.58,0,68.8566,0,2294.97,0,140.214,0,23.2683,0,26.4504,0,10.4891,0,11.6731,0,3,6
"2026-05-15 01:49:00",1238389," 05/15/2026 03:01:18.245","           Ch 6",68.0247,0,68.0247,0,-0.01,0,9289.37,0,2275.95,0,68.6625,0,2297.29,0,140.175,0,23.2685,0,26.4447,0,10.4895,0,11.6718,0,3,6
"2026-05-15 01:49:10",1238390," 05/15/2026 03:01:28.199","           Ch 6",67.7987,0,67.7987,0,-0.01,0,9244.26,0,2277.84,0,68.4313,0,2299.1,0,140.175,0,23.2683,0,26.4492,0,10.4829,0,11.6646,0,3,6
"2026-05-15 01:49:20",1238391," 05/15/2026 03:01:38.152","           Ch 6",67.7351,0,67.7351,0,-0.01,0,9345.07,0,2279.44,0,68.3741,0,2300.94,0,140.203,0,23.2679,0,26.4451,0,10.4862,0,11.6729,0,3,6
"2026-05-15 01:49:30",1238392," 05/15/2026 03:01:48.105","           Ch 6",67.6064,0,67.6064,0,-0.01,0,9324.64,0,2283.43,0,68.2428,0,2304.92,0,140.177,0,23.2672,0,26.4463,0,10.4845,0,11.6717,0,3,6
"2026-05-15 01:49:40",1238393," 05/15/2026 03:01:58.059","           Ch 6",67.4497,0,67.4497,0,-0.01,0,9360.54,0,2285.95,0,68.0871,0,2307.55,0,140.173,0,23.2667,0,26.4518,0,10.4866,0,11.6717,0,3,6
"2026-05-15 01:49:50",1238394," 05/15/2026 03:02:08.013","           Ch 6",67.3045,0,67.3045,0,-0.01,0,9310.35,0,2289.67,0,67.937,0,2311.19,0,140.175,0,23.2666,0,26.4505,0,10.4869,0,11.6718,0,3,6
"2026-05-15 01:50:00",1238395," 05/15/2026 03:02:17.966","           Ch 6",67.1146,0,67.1146,0,-0.01,0,9369.71,0,2291.48,0,67.7494,0,2313.16,0,140.177,0,23.2655,0,26.4507,0,10.486,0,11.6715,0,3,6
"2026-05-15 01:50:10",1238396," 05/15/2026 03:02:27.920","           Ch 6",66.8999,0,66.8999,0,-0.01,0,9309.29,0,2292.13,0,67.5286,0,2313.67,0,140.174,0,23.2649,0,26.4428,0,10.4827,0,11.667,0,3,6
"2026-05-15 01:50:20",1238397," 05/15/2026 03:02:37.873","           Ch 6",66.7152,0,66.7152,0,-0.01,0,9259.59,0,2294.03,0,67.3388,0,2315.47,0,140.176,0,23.2646,0,26.4397,0,10.4858,0,11.6681,0,3,6
"2026-05-15 01:50:30",1238398," 05/15/2026 03:02:47.826","           Ch 6",66.5455,0,66.5455,0,-0.01,0,9361.85,0,2296.58,0,67.1744,0,2318.29,0,140.175,0,23.2633,0,26.4421,0,10.4905,0,11.6696,0,3,6
"2026-05-15 01:50:40",1238399," 05/15/2026 03:02:57.780","           Ch 6",66.387,0,66.387,0,-0.01,0,9336.12,0,2296.69,0,67.0126,0,2318.33,0,140.21,0,23.2622,0,26.4396,0,10.4833,0,11.6745,0,3,6
"2026-05-15 01:50:50",1238400," 05/15/2026 03:03:07.741","           Ch 6",66.2234,0,66.2234,0,-0.01,0,9281.8,0,2297.19,0,66.8439,0,2318.71,0,140.175,0,23.2632,0,26.4361,0,10.4839,0,11.6724,0,3,6
"2026-05-15 01:51:00",1238401," 05/15/2026 03:03:17.694","           Ch 6",66.1048,0,66.1048,0,-0.01,0,9351.86,0,2301.51,0,66.7289,0,2323.23,0,140.176,0,23.2629,0,26.4477,0,10.4873,0,11.6699,0,3,6
"2026-05-15 01:51:10",1238402," 05/15/2026 03:03:28.644","           Ch 6",65.9945,0,65.9945,0,-0.01,0,9326.25,0,2303.61,0,66.6158,0,2325.29,0,140.153,0,23.2629,0,26.4504,0,10.4854,0,11.6739,0,3,6
"2026-05-15 01:51:20",1238403," 05/15/2026 03:03:38.598","           Ch 6",65.8194,0,65.8194,0,-0.01,0,9346.29,0,2304.46,0,66.4403,0,2326.21,0,140.179,0,23.2622,0,26.4469,0,10.4877,0,11.6719,0,3,6
"2026-05-15 01:51:30",1238404," 05/15/2026 03:03:48.552","           Ch 6",65.6585,0,65.6585,0,-0.01,0,9299.17,0,2304.84,0,66.2748,0,2326.47,0,140.176,0,23.2618,0,26.452,0,10.4848,0,11.6726,0,3,6
"2026-05-15 01:51:40",1238405," 05/15/2026 03:03:58.511","           Ch 6",65.5218,0,65.5218,0,-0.01,0,9342.58,0,2305.7,0,66.1398,0,2327.44,0,140.176,0,23.2608,0,26.4482,0,10.4862,0,11.6709,0,3,6
"2026-05-15 01:51:50",1238406," 05/15/2026 03:04:08.465","           Ch 6",65.4247,0,65.4247,0,-0.01,0,9411.42,0,2307.64,0,66.0463,0,2329.56,0,140.179,0,23.2609,0,26.4472,0,10.4838,0,11.6691,0,3,6
"2026-05-15 01:52:00",1238407," 05/15/2026 03:04:18.416","           Ch 6",65.1748,0,65.1748,0,-0.01,0,9367.38,0,2305.22,0,65.7911,0,2327.01,0,140.212,0,23.2597,0,26.4424,0,10.4851,0,11.6725,0,3,6
"2026-05-15 01:52:10",1238408," 05/15/2026 03:04:28.372","           Ch 6",64.9666,0,64.9666,0,-0.01,0,9344.39,0,2304.7,0,65.5794,0,2326.44,0,140.177,0,23.2595,0,26.4441,0,10.4813,0,11.6696,0,3,6
"2026-05-15 01:52:20",1238409," 05/15/2026 03:04:38.324","           Ch 6",64.8764,0,64.8764,0,-0.01,0,9360.85,0,2306.09,0,65.4894,0,2327.88,0,140.175,0,23.2584,0,26.4409,0,10.4864,0,11.6687,0,3,6
"2026-05-15 01:52:30",1238410," 05/15/2026 03:04:48.279","           Ch 6",64.7848,0,64.7848,0,-0.01,0,9387.81,0,2306.18,0,65.3987,0,2328.04,0,140.176,0,23.2586,0,26.4445,0,10.4837,0,11.6707,0,3,6
"2026-05-15 01:52:40",1238411," 05/15/2026 03:04:58.232","           Ch 6",64.622,0,64.622,0,-0.01,0,9343.72,0,2305.28,0,65.2315,0,2327.02,0,140.175,0,23.2579,0,26.4492,0,10.4862,0,11.6705,0,3,6
"2026-05-15 01:52:50",1238412," 05/15/2026 03:05:08.186","           Ch 6",64.4805,0,64.4805,0,-0.01,0,9363.04,0,2304.03,0,65.0899,0,2325.81,0,140.173,0,23.2581,0,26.4492,0,10.485,0,11.6743,0,3,6
"2026-05-15 01:53:00",1238413," 05/15/2026 03:05:18.137","           Ch 6",64.302,0,64.302,0,-0.01,0,9349.27,0,2304.99,0,64.9089,0,2326.75,0,140.173,0,23.2576,0,26.4429,0,10.4824,0,11.6636,0,3,6
"2026-05-15 01:53:10",1238414," 05/15/2026 03:05:28.093","           Ch 6",64.1838,0,64.1838,0,-0.01,0,9356.91,0,2300.93,0,64.7901,0,2322.66,0,140.176,0,23.2569,0,26.4413,0,10.4823,0,11.6732,0,3,6
"2026-05-15 01:53:20",1238415," 05/15/2026 03:05:38.044","           Ch 6",64.0293,0,64.0293,0,-0.01,0,9337.59,0,2300.33,0,64.6329,0,2322.01,0,140.171,0,23.2562,0,26.432,0,10.4826,0,11.67,0,3,6
"2026-05-15 01:53:30",1238416," 05/15/2026 03:05:48.000","           Ch 6",63.8305,0,63.8305,0,-0.01,0,9338.53,0,2297.18,0,64.4322,0,2318.83,0,140.175,0,23.2566,0,26.4399,0,10.4838,0,11.6728,0,3,6
"2026-05-15 01:53:40",1238417," 05/15/2026 03:05:57.953","           Ch 6",63.687,0,63.687,0,-0.01,0,9387.79,0,2296.54,0,64.2905,0,2318.31,0,140.175,0,23.2562,0,26.4396,0,10.4839,0,11.6706,0,3,6
"2026-05-15 01:53:50",1238418," 05/15/2026 03:06:07.906","           Ch 6",63.5247,0,63.5247,0,-0.01,0,9365.09,0,2293.48,0,64.1253,0,2315.16,0,140.207,0,23.2556,0,26.4483,0,10.4835,0,11.6744,0,3,6
"2026-05-15 01:54:00",1238419," 05/15/2026 03:06:17.859","           Ch 6",63.2945,0,63.2945,0,-0.01,0,9336.59,0,2292.4,0,63.8911,0,2314.01,0,140.172,0,23.2544,0,26.4373,0,10.4824,0,11.6683,0,3,6
"2026-05-15 01:54:10",1238420," 05/15/2026 03:06:27.813","           Ch 6",63.2222,0,63.2222,0,-0.01,0,9373.9,0,2291.63,0,63.8205,0,2313.31,0,140.175,0,23.2541,0,26.4353,0,10.4821,0,11.6738,0,3,6
"2026-05-15 01:54:20",1238421," 05/15/2026 03:06:37.766","           Ch 6",63.1243,0,63.1243,0,-0.01,0,9370.94,0,2291.07,0,63.7214,0,2312.74,0,140.174,0,23.2553,0,26.4446,0,10.4851,0,11.6739,0,3,6
"2026-05-15 01:54:30",1238422," 05/15/2026 03:06:47.718","           Ch 6",62.9623,0,62.9623,0,-0.01,0,9354.27,0,2290.21,0,63.5568,0,2311.84,0,140.175,0,23.2542,0,26.4319,0,10.486,0,11.6697,0,3,6
"2026-05-15 01:54:40",1238423," 05/15/2026 03:06:58.669","           Ch 6",62.8266,0,62.8266,0,-0.01,0,9374.07,0,2289.92,0,63.4211,0,2311.59,0,140.173,0,23.2544,0,26.429,0,10.485,0,11.6744,0,3,6
"2026-05-15 01:54:50",1238424," 05/15/2026 03:07:08.622","           Ch 6",62.7179,0,62.7179,0,-0.01,0,9343.07,0,2289.48,0,63.3094,0,2311.07,0,140.142,0,23.2549,0,26.4255,0,10.486,0,11.6713,0,3,6
"2026-05-15 01:55:00",1238425," 05/15/2026 03:07:18.575","           Ch 6",62.546,0,62.546,0,-0.01,0,9404.46,0,2286.84,0,63.1398,0,2308.55,0,140.171,0,23.2531,0,26.4312,0,10.4807,0,11.6676,0,3,6
"2026-05-15 01:55:10",1238426," 05/15/2026 03:07:28.530","           Ch 6",62.3913,0,62.3913,0,-0.01,0,9380.56,0,2284.61,0,62.9821,0,2306.24,0,140.176,0,23.2534,0,26.4384,0,10.4848,0,11.6733,0,3,6
"2026-05-15 01:55:20",1238427," 05/15/2026 03:07:38.482","           Ch 6",62.2722,0,62.2722,0,-0.01,0,9370.65,0,2283.05,0,62.8612,0,2304.64,0,140.144,0,23.2533,0,26.4319,0,10.4838,0,11.6763,0,3,6
"2026-05-15 01:55:30",1238428," 05/15/2026 03:07:48.434","           Ch 6",62.1526,0,62.1526,0,-0.01,0,9350.07,0,2283.67,0,62.7392,0,2305.23,0,140.175,0,23.2522,0,26.4343,0,10.4801,0,11.6687,0,3,6
"2026-05-15 01:55:40",1238429," 05/15/2026 03:07:58.389","           Ch 6",62.0082,0,62.0082,0,-0.01,0,9374.66,0,2280.89,0,62.595,0,2302.47,0,140.175,0,23.2513,0,26.4288,0,10.4816,0,11.6701,0,3,6
"2026-05-15 01:55:50",1238430," 05/15/2026 03:08:08.343","           Ch 6",61.8145,0,61.8145,0,-0.01,0,9394.02,0,2278.37,0,62.4007,0,2299.97,0,140.176,0,23.2512,0,26.4356,0,10.4842,0,11.6715,0,3,6
"2026-05-15 01:56:00",1238431," 05/15/2026 03:08:18.296","           Ch 6",61.7005,0,61.7005,0,-0.01,0,9438.18,0,2278.38,0,62.2884,0,2300.09,0,140.173,0,23.2509,0,26.4316,0,10.4788,0,11.6657,0,3,6
"2026-05-15 01:56:10",1238432," 05/15/2026 03:08:28.250","           Ch 6",61.4997,0,61.4997,0,-0.01,0,9422.84,0,2275.75,0,62.0847,0,2297.39,0,140.177,0,23.2512,0,26.4221,0,10.4825,0,11.6704,0,3,6
"2026-05-15 01:56:20",1238433," 05/15/2026 03:08:38.204","           Ch 6",61.374,0,61.374,0,-0.01,0,9361.92,0,2274.26,0,61.954,0,2295.75,0,140.175,0,23.2508,0,26.4194,0,10.481,0,11.6729,0,3,6
"2026-05-15 01:56:30",1238434," 05/15/2026 03:08:48.157","           Ch 6",61.1999,0,61.1999,0,-0.01,0,9286.25,0,2271.26,0,61.7735,0,2292.55,0,140.174,0,23.2503,0,26.4242,0,10.4815,0,11.6699,0,3,6
"2026-05-15 01:56:40",1238435," 05/15/2026 03:08:58.111","           Ch 6",61.0791,0,61.0791,0,-0.01,0,9375.69,0,2269.67,0,61.6572,0,2291.15,0,140.153,0,23.2501,0,26.4269,0,10.4841,0,11.6707,0,3,6
"2026-05-15 01:56:50",1238436," 05/15/2026 03:09:08.064","            amb",60.9573,0,60.9573,0,-0.01,0,9366.4,0,2267.93,0,61.5337,0,2289.37,0,140.176,0,23.2496,0,26.4265,0,10.4805,0,11.6678,0,3,16
"2026-05-15 01:57:00",1238437," 05/15/2026 03:09:18.017","            amb",60.7537,0,60.7537,0,-0.01,0,9458.02,0,2263.71,0,61.3338,0,2285.32,0,140.174,0,23.2495,0,26.4232,0,10.484,0,11.6725,0,3,16
"2026-05-15 01:57:10",1238438," 05/15/2026 03:09:27.971","            amb",60.5644,0,60.5644,0,-0.01,0,9395.09,0,2260.17,0,61.1388,0,2281.6,0,140.174,0,23.2488,0,26.4317,0,10.4829,0,11.6711,0,3,16
"2026-05-15 01:57:20",1238439," 05/15/2026 03:09:37.924","            amb",60.415,0,60.415,0,-0.01,0,9396.73,0,2256.45,0,60.9881,0,2277.85,0,140.176,0,23.2482,0,26.4254,0,10.482,0,11.6716,0,3,16
"2026-05-15 01:57:30",1238440," 05/15/2026 03:09:47.878","            amb",60.2467,0,60.2467,0,-0.01,0,9408.49,0,2253.39,0,60.8189,0,2274.8,0,140.175,0,23.247,0,26.4247,0,10.4794,0,11.6653,0,3,16
"2026-05-15 01:57:40",1238441," 05/15/2026 03:09:57.832","            amb",60.0824,0,60.0824,0,-0.01,0,9411.27,0,2249.81,0,60.6532,0,2271.19,0,140.173,0,23.247,0,26.4297,0,10.4825,0,11.6687,0,3,16
"2026-05-15 01:57:50",1238442," 05/15/2026 03:10:07.785","            amb",59.96,0,59.96,0,-0.01,0,9417.31,0,2245.23,0,60.5301,0,2266.58,0,140.176,0,23.2468,0,26.4281,0,10.4807,0,11.6733,0,3,16
"2026-05-15 01:58:00",1238443," 05/15/2026 03:10:17.736","            amb",59.8327,0,59.8327,0,-0.01,0,9454.78,0,2243.38,0,60.4038,0,2264.79,0,140.171,0,23.2454,0,26.4311,0,10.477,0,11.6635,0,3,16
"2026-05-15 01:58:10",1238444," 05/15/2026 03:10:28.687","            amb",59.6027,0,59.6027,0,-0.01,0,9325.39,0,2235.67,0,60.1638,0,2256.72,0,140.206,0,23.2458,0,26.4299,0,10.4761,0,11.6657,0,3,16
"2026-05-15 01:58:20",1238445," 05/15/2026 03:10:38.641","            amb",59.4824,0,59.4824,0,-0.01,0,9433.65,0,2230.48,0,60.0489,0,2251.73,0,140.173,0,23.2455,0,26.4361,0,10.4815,0,11.672,0,3,16
"2026-05-15 01:58:30",1238446," 05/15/2026 03:10:48.594","            amb",59.3343,0,59.3343,0,-0.01,0,9393.71,0,2225.52,0,59.897,0,2246.62,0,140.176,0,23.245,0,26.4306,0,10.4789,0,11.6714,0,3,16
"2026-05-15 01:58:40",1238447," 05/15/2026 03:10:58.548","            amb",59.1429,0,59.1429,0,-0.01,0,9427.92,0,2218.71,0,59.7058,0,2239.83,0,140.175,0,23.2446,0,26.4404,0,10.4855,0,11.6744,0,3,16
"2026-05-15 01:58:50",1238448," 05/15/2026 03:11:08.500","            amb",59.0077,0,59.0077,0,-0.01,0,9406.46,0,2213.64,0,59.5681,0,2234.66,0,140.176,0,23.2443,0,26.4308,0,10.4811,0,11.6732,0,3,16
"2026-05-15 01:59:00",1238449," 05/15/2026 03:11:18.454","            amb",58.8199,0,58.8199,0,-0.01,0,9482.08,0,2208.16,0,59.383,0,2229.29,0,140.174,0,23.2436,0,26.4294,0,10.4824,0,11.6703,0,3,16
"2026-05-15 01:59:10",1238450," 05/15/2026 03:11:28.408","            amb",58.6183,0,58.6183,0,-0.01,0,9370.31,0,2200.42,0,59.1728,0,2221.23,0,140.177,0,23.2435,0,26.4252,0,10.4837,0,11.671,0,3,16
"2026-05-15 01:59:20",1238451," 05/15/2026 03:11:38.361","            amb",58.3965,0,58.3965,0,-0.01,0,9419.19,0,2191.93,0,58.9517,0,2212.77,0,140.176,0,23.2421,0,26.4302,0,10.4808,0,11.6707,0,3,16
"2026-05-15 01:59:30",1238452," 05/15/2026 03:11:48.315","            amb",58.229,0,58.229,0,-0.01,0,9402.42,0,2185.85,0,58.7817,0,2206.6,0,140.159,0,23.2428,0,26.4398,0,10.48,0,11.6773,0,3,16
"2026-05-15 01:59:40",1238453," 05/15/2026 03:11:58.268","            amb",58.0481,0,58.0481,0,-0.01,0,9429.44,0,2179.61,0,58.6007,0,2200.36,0,140.174,0,23.2422,0,26.4352,0,10.4771,0,11.6682,0,3,16
"2026-05-15 01:59:50",1238454," 05/15/2026 03:12:08.222","            amb",57.9107,0,57.9107,0,-0.01,0,9487.72,0,2175.58,0,58.4654,0,2196.42,0,140.178,0,23.2427,0,26.4294,0,10.4761,0,11.6646,0,3,16
"2026-05-15 02:00:00",1238455," 05/15/2026 03:12:18.174","            amb",57.7171,0,57.7171,0,-0.01,0,9350.16,0,2167.41,0,58.2619,0,2187.87,0,140.177,0,23.2418,0,26.43,0,10.4817,0,11.6734,0,3,16
"2026-05-15 02:00:10",1238456," 05/15/2026 03:12:28.128","            amb",57.5796,0,57.5796,0,-0.01,0,9442.96,0,2161.63,0,58.1285,0,2182.24,0,140.174,0,23.2413,0,26.4251,0,10.4817,0,11.6713,0,3,16
"2026-05-15 02:00:20",1238457," 05/15/2026 03:12:38.081","            amb",57.4311,0,57.4311,0,-0.01,0,9396.64,0,2155.62,0,57.9758,0,2176.07,0,140.175,0,23.241,0,26.426,0,10.4814,0,11.6715,0,3,16
"2026-05-15 02:00:30",1238458," 05/15/2026 03:12:48.036","            amb",57.22,0,57.22,0,-0.01,0,9389.38,0,2148.04,0,57.7623,0,2168.4,0,140.178,0,23.2408,0,26.4245,0,10.4802,0,11.671,0,3,16
"2026-05-15 02:00:40",1238459," 05/15/2026 03:12:57.985","            amb",57.1023,0,57.1023,0,-0.01,0,9581.1,0,2139.53,0,57.6547,0,2160.23,0,140.172,0,23.2401,0,26.4134,0,10.4887,0,11.685,0,3,16
"2026-05-15 02:00:50",1238460," 05/15/2026 03:13:07.940","            amb",56.8959,0,56.8959,0,-0.01,0,9551.38,0,2135.9,0,57.4446,0,2156.49,0,140.175,0,23.2395,0,26.416,0,10.4815,0,11.6726,0,3,16
"2026-05-15 02:01:00",1238461," 05/15/2026 03:13:17.893","            amb",56.6592,0,56.6592,0,-0.01,0,9427.9,0,2128.96,0,57.1985,0,2149.22,0,140.173,0,23.2386,0,26.4209,0,10.4818,0,11.6739,0,3,16
"2026-05-15 02:01:10",1238462," 05/15/2026 03:13:27.846","            amb",56.4871,0,56.4871,0,-0.01,0,9433.34,0,2122.66,0,57.0251,0,2142.88,0,140.175,0,23.2381,0,26.4221,0,10.4827,0,11.6708,0,3,16
"2026-05-15 02:01:20",1238463," 05/15/2026 03:13:37.801","            amb",56.3103,0,56.3103,0,-0.01,0,9428.02,0,2117.45,0,56.8462,0,2137.6,0,140.142,0,23.2379,0,26.4213,0,10.4838,0,11.6741,0,3,16
"2026-05-15 02:01:30",1238464," 05/15/2026 03:13:47.753","            amb",56.141,0,56.141,0,-0.01,0,9449.17,0,2112.22,0,56.6765,0,2132.37,0,140.176,0,23.2379,0,26.419,0,10.4827,0,11.675,0,3,16
"2026-05-15 02:01:40",1238465," 05/15/2026 03:13:57.707","            amb",55.9155,0,55.9155,0,-0.01,0,9398.73,0,2106.48,0,56.446,0,2126.46,0,140.172,0,23.2372,0,26.417,0,10.4802,0,11.6682,0,3,16
"2026-05-15 02:01:50",1238466," 05/15/2026 03:14:08.657","           Ch 1",55.7464,0,55.7464,0,-0.01,0,9309.67,0,2101.6,0,56.2703,0,2121.35,0,140.174,0,23.2374,0,26.4246,0,10.4809,0,11.6736,0,3,1
"2026-05-15 02:02:00",1238467," 05/15/2026 03:14:18.612","           Ch 1",55.6203,0,55.6203,0,-0.01,0,9442.13,0,2098.83,0,56.1505,0,2118.84,0,140.173,0,23.2367,0,26.4243,0,10.4766,0,11.6704,0,3,1
"2026-05-15 02:02:10",1238468," 05/15/2026 03:14:28.565","           Ch 1",55.4619,0,55.4619,0,-0.01,0,9484.11,0,2095.76,0,55.993,0,2115.83,0,140.174,0,23.2363,0,26.4195,0,10.4807,0,11.674,0,3,1
"2026-05-15 02:02:20",1238469," 05/15/2026 03:14:38.519","           Ch 1",55.313,0,55.313,0,-0.01,0,9429.55,0,2092.08,0,55.8395,0,2111.99,0,140.213,0,23.2354,0,26.4271,0,10.4821,0,11.6774,0,3,1
"2026-05-15 02:02:30",1238470," 05/15/2026 03:14:48.473","           Ch 1",55.1733,0,55.1733,0,-0.01,0,9429.5,0,2090.61,0,55.6985,0,2110.51,0,140.176,0,23.2356,0,26.4263,0,10.4811,0,11.673,0,3,1
"2026-05-15 02:02:40",1238471," 05/15/2026 03:14:58.426","           Ch 1",55.0698,0,55.0698,0,-0.01,0,9460.26,0,2088.23,0,55.5958,0,2108.17,0,140.172,0,23.2344,0,26.4212,0,10.4801,0,11.6763,0,3,1
"2026-05-15 02:02:50",1238472," 05/15/2026 03:15:08.380","           Ch 1",54.8354,0,54.8354,0,-0.01,0,9472.52,0,2085.88,0,55.3598,0,2105.83,0,140.199,0,23.2335,0,26.4276,0,10.4791,0,11.6683,0,3,1
"2026-05-15 02:03:00",1238473," 05/15/2026 03:15:18.332","           Ch 1",54.7199,0,54.7199,0,-0.01,0,9491.49,0,2083.36,0,55.2442,0,2103.32,0,140.174,0,23.233,0,26.4204,0,10.4829,0,11.6761,0,3,1
"2026-05-15 02:03:10",1238474," 05/15/2026 03:15:28.286","           Ch 1",54.5849,0,54.5849,0,-0.01,0,9418.46,0,2081.26,0,55.1039,0,2101.05,0,140.173,0,23.2333,0,26.4177,0,10.479,0,11.6718,0,3,1
"2026-05-15 02:03:20",1238475," 05/15/2026 03:15:38.239","           Ch 1",54.4758,0,54.4758,0,-0.01,0,9480.63,0,2080,0,54.9972,0,2099.91,0,140.173,0,23.233,0,26.4197,0,10.4786,0,11.6756,0,3,1
"2026-05-15 02:03:30",1238476," 05/15/2026 03:15:48.193","           Ch 1",54.3441,0,54.3441,0,-0.01,0,9380.63,0,2077.78,0,54.8587,0,2097.45,0,140.178,0,23.2329,0,26.418,0,10.4802,0,11.6772,0,3,1
"2026-05-15 02:03:40",1238477," 05/15/2026 03:15:58.146","           Ch 1",54.1823,0,54.1823,0,-0.01,0,9477.69,0,2078.64,0,54.7007,0,2098.53,0,140.175,0,23.2324,0,26.4171,0,10.478,0,11.6688,0,3,1
"2026-05-15 02:03:50",1238478," 05/15/2026 03:16:08.098","           Ch 1",54.0416,0,54.0416,0,-0.01,0,9417.52,0,2074.87,0,54.5554,0,2094.6,0,140.173,0,23.2319,0,26.4126,0,10.478,0,11.6757,0,3,1
"2026-05-15 02:04:00",1238479," 05/15/2026 03:16:18.051","           Ch 1",53.9256,0,53.9256,0,-0.01,0,9427.4,0,2074.23,0,54.4388,0,2093.98,0,140.174,0,23.2313,0,26.4111,0,10.4746,0,11.6718,0,3,1
"2026-05-15 02:04:10",1238480," 05/15/2026 03:16:28.004","           Ch 1",53.7537,0,53.7537,0,-0.01,0,9331.32,0,2072.16,0,54.26,0,2091.67,0,140.194,0,23.2305,0,26.4081,0,10.4874,0,11.685,0,3,1
"2026-05-15 02:04:20",1238481," 05/15/2026 03:16:37.959","           Ch 1",53.5841,0,53.5841,0,-0.01,0,9462.09,0,2071.64,0,54.096,0,2091.42,0,140.173,0,23.2313,0,26.4051,0,10.4785,0,11.6668,0,3,1
"2026-05-15 02:04:30",1238482," 05/15/2026 03:16:47.911","           Ch 1",53.4836,0,53.4836,0,-0.01,0,9503.94,0,2070.38,0,53.9968,0,2090.25,0,140.175,0,23.2301,0,26.4182,0,10.4783,0,11.674,0,3,1
"2026-05-15 02:04:40",1238483," 05/15/2026 03:16:57.864","           Ch 1",53.328,0,53.328,0,-0.01,0,9495.72,0,2068.28,0,53.8392,0,2088.11,0,140.213,0,23.2288,0,26.4117,0,10.4772,0,11.6707,0,3,1
"2026-05-15 02:04:50",1238484," 05/15/2026 03:17:07.819","           Ch 1",53.1701,0,53.1701,0,-0.01,0,9489.34,0,2065.89,0,53.6795,0,2085.69,0,140.174,0,23.2299,0,26.4141,0,10.4802,0,11.6719,0,3,1
"2026-05-15 02:05:00",1238485," 05/15/2026 03:17:17.771","           Ch 1",53.0373,0,53.0373,0,-0.01,0,9459.07,0,2065.12,0,53.5438,0,2084.84,0,140.173,0,23.2291,0,26.4201,0,10.4805,0,11.6707,0,3,1
"2026-05-15 02:05:10",1238486," 05/15/2026 03:17:27.725","           Ch 1",52.9493,0,52.9493,0,-0.01,0,9480.05,0,2064.14,0,53.4561,0,2083.9,0,140.175,0,23.2296,0,26.418,0,10.4713,0,11.6683,0,3,1
"2026-05-15 02:05:20",1238487," 05/15/2026 03:17:38.676","           Ch 1",52.7927,0,52.7927,0,-0.01,0,9448.04,0,2058.68,0,53.2963,0,2078.32,0,140.176,0,23.229,0,26.4219,0,10.4788,0,11.6735,0,3,1
"2026-05-15 02:05:30",1238488," 05/15/2026 03:17:48.630","           Ch 1",52.6116,0,52.6116,0,-0.01,0,9426.3,0,2057.13,0,53.1123,0,2076.71,0,140.176,0,23.229,0,26.4235,0,10.4758,0,11.671,0,3,1
"2026-05-15 02:05:40",1238489," 05/15/2026 03:17:58.583","           Ch 1",52.5061,0,52.5061,0,-0.01,0,9464.11,0,2054.51,0,53.0078,0,2074.14,0,140.143,0,23.2288,0,26.423,0,10.4775,0,11.6726,0,3,1
"2026-05-15 02:05:50",1238490," 05/15/2026 03:18:08.536","           Ch 1",52.3319,0,52.3319,0,-0.01,0,9457.25,0,2052.12,0,52.8315,0,2071.71,0,140.176,0,23.2275,0,26.4214,0,10.4792,0,11.675,0,3,1
"2026-05-15 02:06:00",1238491," 05/15/2026 03:18:18.489","           Ch 1",52.1691,0,52.1691,0,-0.01,0,9421.39,0,2049.29,0,52.6652,0,2068.78,0,140.177,0,23.2277,0,26.4234,0,10.4798,0,11.6819,0,3,1
"2026-05-15 02:06:10",1238492," 05/15/2026 03:18:28.443","           Ch 1",52.0186,0,52.0186,0,-0.01,0,9453.8,0,2046.5,0,52.5151,0,2066.03,0,140.175,0,23.2267,0,26.4212,0,10.4778,0,11.6754,0,3,1
"2026-05-15 02:06:20",1238493," 05/15/2026 03:18:38.398","           Ch 1",51.9,0,51.9,0,-0.01,0,9493.74,0,2046.92,0,52.3975,0,2066.54,0,140.175,0,23.2261,0,26.4251,0,10.4806,0,11.6715,0,3,1
"2026-05-15 02:06:30",1238494," 05/15/2026 03:18:48.350","           Ch 1",51.8257,0,51.8257,0,-0.01,0,9488.76,0,2044.08,0,52.3221,0,2063.66,0,140.177,0,23.2254,0,26.4229,0,10.4813,0,11.678,0,3,1
"2026-05-15 02:06:40",1238495," 05/15/2026 03:18:58.305","           Ch 1",51.686,0,51.686,0,-0.01,0,9475.66,0,2042.97,0,52.1804,0,2062.52,0,140.176,0,23.2256,0,26.4165,0,10.4802,0,11.673,0,3,1
"2026-05-15 02:06:50",1238496," 05/15/2026 03:19:08.257","           Ch 1",51.5744,0,51.5744,0,-0.01,0,9443.38,0,2041.21,0,52.066,0,2060.67,0,140.173,0,23.2249,0,26.4181,0,10.477,0,11.6763,0,3,1
"2026-05-15 02:07:00",1238497," 05/15/2026 03:19:18.211","           Ch 1",51.4784,0,51.4784,0,-0.01,0,9557.74,0,2041.13,0,51.9752,0,2060.82,0,140.181,0,23.2252,0,26.4191,0,10.4785,0,11.6717,0,3,1
"2026-05-15 02:07:10",1238498," 05/15/2026 03:19:28.163","           Ch 1",51.3457,0,51.3457,0,-0.01,0,9428.01,0,2040.1,0,51.8344,0,2059.51,0,140.173,0,23.2243,0,26.4164,0,10.4753,0,11.6734,0,3,1
"2026-05-15 02:07:20",1238499," 05/15/2026 03:19:38.117","           Ch 1",51.2091,0,51.2091,0,-0.01,0,9486.39,0,2038.01,0,51.6995,0,2057.53,0,140.174,0,23.2236,0,26.4122,0,10.4777,0,11.6735,0,3,1
"2026-05-15 02:07:30",1238500," 05/15/2026 03:19:48.070","           Ch 1",51.13,0,51.13,0,-0.01,0,9426.27,0,2038.01,0,51.6165,0,2057.41,0,140.153,0,23.2236,0,26.4148,0,10.4767,0,11.6727,0,3,1
"2026-05-15 02:07:40",1238501," 05/15/2026 03:19:58.023","           Ch 1",50.9631,0,50.9631,0,-0.01,0,9514.78,0,2037.27,0,51.4527,0,2056.84,0,140.178,0,23.223,0,26.419,0,10.4795,0,11.6731,0,3,1
"2026-05-15 02:07:50",1238502," 05/15/2026 03:20:07.978","           Ch 1",50.8642,0,50.8642,0,-0.01,0,9467.77,0,2037.12,0,51.3503,0,2056.59,0,140.174,0,23.223,0,26.4203,0,10.4775,0,11.673,0,3,1
"2026-05-15 02:08:00",1238503," 05/15/2026 03:20:17.932","           Ch 1",50.7843,0,50.7843,0,-0.01,0,9501.33,0,2037.67,0,51.2714,0,2057.22,0,140.176,0,23.2226,0,26.414,0,10.4784,0,11.6712,0,3,1
"2026-05-15 02:08:10",1238504," 05/15/2026 03:20:27.885","           Ch 1",50.6746,0,50.6746,0,-0.01,0,9453.32,0,2035.71,0,51.1582,0,2055.14,0,140.176,0,23.2214,0,26.4082,0,10.477,0,11.6763,0,3,1
"2026-05-15 02:08:20",1238505," 05/15/2026 03:20:37.838","           Ch 1",50.5017,0,50.5017,0,-0.01,0,9518.53,0,2036.68,0,50.987,0,2056.25,0,140.175,0,23.2215,0,26.4099,0,10.4815,0,11.6761,0,3,1
"2026-05-15 02:08:30",1238506," 05/15/2026 03:20:47.792","           Ch 1",50.3854,0,50.3854,0,-0.01,0,9488.82,0,2036.7,0,50.868,0,2056.22,0,140.173,0,23.2215,0,26.4136,0,10.4785,0,11.6715,0,3,1
"2026-05-15 02:08:40",1238507," 05/15/2026 03:20:57.744","           Ch 1",50.3362,0,50.3362,0,-0.01,0,9472.81,0,2037.94,0,50.8176,0,2057.43,0,140.176,0,23.2214,0,26.411,0,10.4755,0,11.6668,0,3,1
"2026-05-15 02:08:50",1238508," 05/15/2026 03:21:08.691","           Ch 1",50.2102,0,50.2102,0,-0.01,0,9464.59,0,2037.18,0,50.69,0,2056.64,0,140.175,0,23.2202,0,26.407,0,10.4724,0,11.6751,0,3,1
"2026-05-15 02:09:00",1238509," 05/15/2026 03:21:18.644","           Ch 1",50.0843,0,50.0843,0,-0.01,0,9471.06,0,2037.87,0,50.5632,0,2057.36,0,140.199,0,23.2204,0,26.4005,0,10.4753,0,11.6725,0,3,1
"2026-05-15 02:09:10",1238510," 05/15/2026 03:21:28.599","           Ch 1",49.9975,0,49.9975,0,-0.01,0,9511.86,0,2037.5,0,50.4776,0,2057.06,0,140.173,0,23.2194,0,26.4057,0,10.4784,0,11.676,0,3,1
"2026-05-15 02:09:20",1238511," 05/15/2026 03:21:38.553","           Ch 1",49.8672,0,49.8672,0,-0.01,0,9444.17,0,2038.14,0,50.3426,0,2057.57,0,140.176,0,23.2195,0,26.401,0,10.4767,0,11.6778,0,3,1
"2026-05-15 02:09:30",1238512," 05/15/2026 03:21:48.505","           Ch 1",49.749,0,49.749,0,-0.01,0,9476.8,0,2038.91,0,50.2249,0,2058.42,0,140.174,0,23.219,0,26.4008,0,10.4776,0,11.6718,0,3,1
"2026-05-15 02:09:40",1238513," 05/15/2026 03:21:58.460","           Ch 1",49.6358,0,49.6358,0,-0.01,0,9513.88,0,2039.56,0,50.1125,0,2059.15,0,140.175,0,23.2186,0,26.4027,0,10.4773,0,11.6742,0,3,1
"2026-05-15 02:09:50",1238514," 05/15/2026 03:22:08.412","           Ch 1",49.5516,0,49.5516,0,-0.01,0,9561.69,0,2039.79,0,50.03,0,2059.49,0,140.174,0,23.2171,0,26.4045,0,10.4782,0,11.6755,0,3,1
"2026-05-15 02:10:00",1238515," 05/15/2026 03:22:18.366","           Ch 1",49.4824,0,49.4824,0,-0.01,0,9501.47,0,2040.79,0,49.9571,0,2060.37,0,140.177,0,23.2168,0,26.4061,0,10.4763,0,11.6753,0,3,1
"2026-05-15 02:10:10",1238516," 05/15/2026 03:22:28.320","           Ch 1",49.3783,0,49.3783,0,-0.01,0,9467.25,0,2042.32,0,49.8503,0,2061.84,0,140.177,0,23.2172,0,26.406,0,10.4773,0,11.6719,0,3,1
"2026-05-15 02:10:20",1238517," 05/15/2026 03:22:38.272","           Ch 1",49.3243,0,49.3243,0,-0.01,0,9532.49,0,2044.28,0,49.799,0,2063.95,0,140.149,0,23.2167,0,26.4003,0,10.4798,0,11.6699,0,3,1
"2026-05-15 02:10:30",1238518," 05/15/2026 03:22:48.229","           Ch 1",49.2303,0,49.2303,0,-0.01,0,9506.4,0,2043.95,0,49.7027,0,2063.57,0,140.175,0,23.2167,0,26.4038,0,10.4732,0,11.672,0,3,1
"2026-05-15 02:10:40",1238519," 05/15/2026 03:22:58.180","           Ch 1",49.1157,0,49.1157,0,-0.01,0,9474.71,0,2042.17,0,49.5856,0,2061.7,0,140.174,0,23.2156,0,26.4014,0,10.4734,0,11.6728,0,3,1
"2026-05-15 02:10:50",1238520," 05/15/2026 03:23:08.135","           Ch 1",48.9847,0,48.9847,0,-0.01,0,9513.54,0,2041.38,0,49.4552,0,2060.99,0,140.177,0,23.2156,0,26.4087,0,10.4769,0,11.6712,0,3,1
"2026-05-15 02:11:00",1238521," 05/15/2026 03:23:18.089","           Ch 1",48.8634,0,48.8634,0,-0.01,0,9445.93,0,2040.01,0,49.3294,0,2059.47,0,140.174,0,23.2152,0,26.4038,0,10.4764,0,11.6749,0,3,1
"2026-05-15 02:11:10",1238522," 05/15/2026 03:23:28.043","           Ch 1",48.7616,0,48.7616,0,-0.01,0,9508.32,0,2038.28,0,49.2296,0,2057.85,0,140.177,0,23.2149,0,26.4084,0,10.4757,0,11.6751,0,3,1
"2026-05-15 02:11:20",1238523," 05/15/2026 03:23:37.994","           Ch 1",48.6484,0,48.6484,0,-0.01,0,9453.65,0,2037.32,0,49.1127,0,2056.76,0,140.176,0,23.2145,0,26.42,0,10.475,0,11.6751,0,3,1
"2026-05-15 02:11:30",1238524," 05/15/2026 03:23:47.949","           Ch 1",48.5267,0,48.5267,0,-0.01,0,9543.99,0,2037.32,0,48.9943,0,2056.95,0,140.174,0,23.2138,0,26.4109,0,10.4787,0,11.6711,0,3,1
"2026-05-15 02:11:40",1238525," 05/15/2026 03:23:57.903","           Ch 1",48.4527,0,48.4527,0,-0.01,0,9540.12,0,2034.51,0,48.9194,0,2054.11,0,140.153,0,23.2127,0,26.405,0,10.4751,0,11.6746,0,3,1
"2026-05-15 02:11:50",1238526," 05/15/2026 03:24:07.857","            amb",48.3315,0,48.3315,0,-0.01,0,9530.02,0,2032.8,0,48.7965,0,2052.35,0,140.175,0,23.213,0,26.4117,0,10.4754,0,11.6716,0,3,16
"2026-05-15 02:12:00",1238527," 05/15/2026 03:24:17.810","            amb",48.1922,0,48.1922,0,-0.01,0,9475.77,0,2029.3,0,48.6532,0,2048.72,0,140.173,0,23.213,0,26.4085,0,10.4737,0,11.6743,0,3,16
"2026-05-15 02:12:10",1238528," 05/15/2026 03:24:27.764","            amb",48.0775,0,48.0775,0,-0.01,0,9510.57,0,2029.91,0,48.5391,0,2049.41,0,140.176,0,23.2132,0,26.4059,0,10.478,0,11.6659,0,3,16
"2026-05-15 02:12:20",1238529," 05/15/2026 03:24:37.717","            amb",48.0143,0,48.0143,0,-0.01,0,9499.96,0,2025.65,0,48.4748,0,2045.08,0,140.174,0,23.2127,0,26.396,0,10.4745,0,11.6747,0,3,16
"2026-05-15 02:12:30",1238530," 05/15/2026 03:24:48.666","            amb",47.867,0,47.867,0,-0.01,0,9502.16,0,2022.88,0,48.3262,0,2042.29,0,140.177,0,23.2121,0,26.3914,0,10.4754,0,11.6717,0,3,16
"2026-05-15 02:12:40",1238531," 05/15/2026 03:24:58.619","            amb",47.7095,0,47.7095,0,-0.01,0,9452.3,0,2018.28,0,48.1648,0,2037.54,0,140.179,0,23.2126,0,26.3995,0,10.4769,0,11.6793,0,3,16
"2026-05-15 02:12:50",1238532," 05/15/2026 03:25:08.572","            amb",47.6164,0,47.6164,0,-0.01,0,9469.21,0,2018.4,0,48.0716,0,2037.7,0,140.174,0,23.212,0,26.3967,0,10.476,0,11.6717,0,3,16
"2026-05-15 02:13:00",1238533," 05/15/2026 03:25:18.524","            amb",47.5242,0,47.5242,0,-0.01,0,9519.76,0,2017.3,0,47.9809,0,2036.69,0,140.172,0,23.2114,0,26.3933,0,10.475,0,11.6717,0,3,16
"2026-05-15 02:13:10",1238534," 05/15/2026 03:25:28.479","            amb",47.4179,0,47.4179,0,-0.01,0,9519.98,0,2011.34,0,47.8737,0,2030.67,0,140.205,0,23.2108,0,26.3976,0,10.4763,0,11.6758,0,3,16
"2026-05-15 02:13:20",1238535," 05/15/2026 03:25:38.433","            amb",47.2858,0,47.2858,0,-0.01,0,9500.67,0,2010.5,0,47.7393,0,2029.78,0,140.175,0,23.2106,0,26.3994,0,10.4761,0,11.6767,0,3,16
"2026-05-15 02:13:30",1238536," 05/15/2026 03:25:48.387","            amb",47.2052,0,47.2052,0,-0.01,0,9536.63,0,2011.37,0,47.6597,0,2030.74,0,140.175,0,23.2098,0,26.3959,0,10.4729,0,11.6696,0,3,16
"2026-05-15 02:13:40",1238537," 05/15/2026 03:25:58.339","            amb",47.0817,0,47.0817,0,-0.01,0,9363.44,0,2008.1,0,47.5267,0,2027.08,0,140.176,0,23.2099,0,26.3934,0,10.4773,0,11.6773,0,3,16
"2026-05-15 02:13:50",1238538," 05/15/2026 03:26:08.293","            amb",46.9538,0,46.9538,0,-0.01,0,9420.64,0,2006.67,0,47.4003,0,2025.76,0,140.174,0,23.2092,0,26.3922,0,10.4703,0,11.6677,0,3,16
"2026-05-15 02:14:00",1238539," 05/15/2026 03:26:18.246","            amb",46.8729,0,46.8729,0,-0.01,0,9488.23,0,2005.1,0,47.3219,0,2024.31,0,140.174,0,23.2098,0,26.3964,0,10.4722,0,11.6702,0,3,16
"2026-05-15 02:14:10",1238540," 05/15/2026 03:26:28.198","            amb",46.7726,0,46.7726,0,-0.01,0,9405.33,0,2004.04,0,47.2167,0,2023.07,0,140.175,0,23.2092,0,26.3943,0,10.4713,0,11.6723,0,3,16
"2026-05-15 02:14:20",1238541," 05/15/2026 03:26:38.152","            amb",46.6666,0,46.6666,0,-0.01,0,9469.42,0,2003.42,0,47.1127,0,2022.58,0,140.175,0,23.2092,0,26.3927,0,10.4762,0,11.6763,0,3,16
"2026-05-15 02:14:30",1238542," 05/15/2026 03:26:48.104","            amb",46.6003,0,46.6003,0,-0.01,0,9476.91,0,2003.55,0,47.0461,0,2022.72,0,140.172,0,23.2083,0,26.3917,0,10.4743,0,11.6748,0,3,16
"2026-05-15 02:14:40",1238543," 05/15/2026 03:26:58.057","            amb",46.5397,0,46.5397,0,-0.01,0,9548.77,0,2003.56,0,46.9883,0,2022.88,0,140.173,0,23.2083,0,26.3961,0,10.4784,0,11.6744,0,3,16
"2026-05-15 02:14:50",1238544," 05/15/2026 03:27:08.012","            amb",46.4053,0,46.4053,0,-0.01,0,9336.43,0,2002.26,0,46.8426,0,2021.13,0,140.177,0,23.2076,0,26.3903,0,10.4721,0,11.6752,0,3,16
"2026-05-15 02:15:00",1238545," 05/15/2026 03:27:17.964","            amb",46.3222,0,46.3222,0,-0.01,0,9546.65,0,2005.36,0,46.7687,0,2024.69,0,140.17,0,23.207,0,26.3849,0,10.4697,0,11.666,0,3,16
"2026-05-15 02:15:10",1238546," 05/15/2026 03:27:27.918","            amb",46.2521,0,46.2521,0,-0.01,0,9588.44,0,2004.48,0,46.6999,0,2023.89,0,140.172,0,23.2067,0,26.3831,0,10.4761,0,11.6735,0,3,16
"2026-05-15 02:15:20",1238547," 05/15/2026 03:27:37.871","            amb",46.1264,0,46.1264,0,-0.01,0,9550.55,0,2002.39,0,46.5712,0,2021.7,0,140.176,0,23.2058,0,26.3845,0,10.477,0,11.6736,0,3,16
"2026-05-15 02:15:30",1238548," 05/15/2026 03:27:47.825","            amb",46.0217,0,46.0217,0,-0.01,0,9501.8,0,2001.73,0,46.4632,0,2020.94,0,140.175,0,23.2059,0,26.3881,0,10.4736,0,11.6713,0,3,16
"2026-05-15 02:15:40",1238549," 05/15/2026 03:27:57.780","            amb",45.9048,0,45.9048,0,-0.01,0,9419.2,0,1999.12,0,46.3413,0,2018.13,0,140.174,0,23.2059,0,26.3833,0,10.4753,0,11.678,0,3,16
"2026-05-15 02:15:50",1238550," 05/15/2026 03:28:07.732","            amb",45.8497,0,45.8497,0,-0.01,0,9497.89,0,1999.32,0,46.2893,0,2018.49,0,140.176,0,23.2055,0,26.3924,0,10.4712,0,11.6697,0,3,16
"2026-05-15 02:16:00",1238551," 05/15/2026 03:28:18.681","            amb",45.7372,0,45.7372,0,-0.01,0,9538.67,0,1994.72,0,46.1777,0,2013.93,0,140.185,0,23.2046,0,26.3936,0,10.4734,0,11.6805,0,3,16
"2026-05-15 02:16:10",1238552," 05/15/2026 03:28:28.635","            amb",45.6074,0,45.6074,0,-0.01,0,9465.61,0,1997.1,0,46.0432,0,2016.18,0,140.174,0,23.205,0,26.3876,0,10.4704,0,11.6644,0,3,16
"2026-05-15 02:16:20",1238553," 05/15/2026 03:28:38.588","            amb",45.5556,0,45.5556,0,-0.01,0,9493.99,0,1995.66,0,45.9923,0,2014.79,0,140.175,0,23.2045,0,26.3879,0,10.472,0,11.676,0,3,16
"2026-05-15 02:16:30",1238554," 05/15/2026 03:28:48.541","            amb",45.466,0,45.466,0,-0.01,0,9532.72,0,1994.21,0,45.9036,0,2013.4,0,140.155,0,23.2039,0,26.38,0,10.4757,0,11.6737,0,3,16
"2026-05-15 02:16:40",1238555," 05/15/2026 03:28:58.494","            amb",45.3888,0,45.3888,0,-0.01,0,9489.12,0,1990.59,0,45.8236,0,2009.66,0,140.185,0,23.2027,0,26.382,0,10.4734,0,11.6721,0,3,16
"2026-05-15 02:16:50",1238556," 05/15/2026 03:29:08.448","          Ch 10",45.2287,0,45.2287,0,-0.01,0,9514.21,0,1990.03,0,45.6632,0,2009.15,0,140.173,0,23.2026,0,26.3834,0,10.477,0,11.6723,0,3,10
"2026-05-15 02:17:00",1238557," 05/15/2026 03:29:18.403","          Ch 10",45.1307,0,45.1307,0,-0.01,0,9544.16,0,1987.09,0,45.5656,0,2006.24,0,140.175,0,23.2023,0,26.3838,0,10.4716,0,11.6735,0,3,10
"2026-05-15 02:17:10",1238558," 05/15/2026 03:29:28.354","          Ch 10",45.0232,0,45.0232,0,-0.01,0,9480.27,0,1983.35,0,45.4541,0,2002.33,0,140.175,0,23.2021,0,26.3911,0,10.4749,0,11.6738,0,3,10
"2026-05-15 02:17:20",1238559," 05/15/2026 03:29:38.308","          Ch 10",44.8699,0,44.8699,0,-0.01,0,9481.54,0,1979.07,0,45.2994,0,1998.02,0,140.175,0,23.2021,0,26.3812,0,10.4763,0,11.6748,0,3,10
"2026-05-15 02:17:30",1238560," 05/15/2026 03:29:48.261","          Ch 10",44.766,0,44.766,0,-0.01,0,9536.82,0,1978.14,0,45.197,0,1997.19,0,140.172,0,23.2026,0,26.3899,0,10.4697,0,11.6624,0,3,10
"2026-05-15 02:17:40",1238561," 05/15/2026 03:29:58.216","          Ch 10",44.6914,0,44.6914,0,-0.01,0,9505.52,0,1975.16,0,45.1203,0,1994.12,0,140.177,0,23.2021,0,26.391,0,10.4731,0,11.6712,0,3,10
"2026-05-15 02:17:50",1238562," 05/15/2026 03:30:08.168","          Ch 10",44.5685,0,44.5685,0,-0.01,0,9554.19,0,1969.98,0,44.9984,0,1988.98,0,140.21,0,23.2012,0,26.3949,0,10.4709,0,11.671,0,3,10
"2026-05-15 02:18:00",1238563," 05/15/2026 03:30:18.123","          Ch 10",44.4411,0,44.4411,0,-0.01,0,9477.11,0,1965.76,0,44.8663,0,1984.57,0,140.178,0,23.2015,0,26.3967,0,10.4738,0,11.6754,0,3,10
"2026-05-15 02:18:10",1238564," 05/15/2026 03:30:28.075","          Ch 10",44.2993,0,44.2993,0,-0.01,0,9571.05,0,1962.26,0,44.7274,0,1981.23,0,140.172,0,23.201,0,26.3983,0,10.4738,0,11.6741,0,3,10
"2026-05-15 02:18:20",1238565," 05/15/2026 03:30:38.029","          Ch 10",44.1641,0,44.1641,0,-0.01,0,9530.78,0,1958.45,0,44.5891,0,1977.3,0,140.177,0,23.201,0,26.4001,0,10.4732,0,11.6726,0,3,10
"2026-05-15 02:18:30",1238566," 05/15/2026 03:30:47.982","          Ch 10",44.0178,0,44.0178,0,-0.01,0,9468.31,0,1953.43,0,44.4385,0,1972.1,0,140.175,0,23.2005,0,26.398,0,10.4672,0,11.6688,0,3,10
"2026-05-15 02:18:40",1238567," 05/15/2026 03:30:57.937","          Ch 10",43.9562,0,43.9562,0,-0.01,0,9522.62,0,1951.31,0,44.3788,0,1970.07,0,140.174,0,23.2001,0,26.3962,0,10.4742,0,11.6759,0,3,10
"2026-05-15 02:18:50",1238568," 05/15/2026 03:31:07.890","          Ch 10",43.8648,0,43.8648,0,-0.01,0,9556.08,0,1950.33,0,44.288,0,1969.14,0,140.175,0,23.199,0,26.3902,0,10.4757,0,11.6735,0,3,10
"2026-05-15 02:19:00",1238569," 05/15/2026 03:31:17.846","          Ch 10",43.7613,0,43.7613,0,-0.01,0,9525.53,0,1945.96,0,44.1821,0,1964.67,0,140.178,0,23.1997,0,26.387,0,10.4765,0,11.6778,0,3,10
"2026-05-15 02:19:10",1238570," 05/15/2026 03:31:27.799","          Ch 10",43.6609,0,43.6609,0,-0.01,0,9510.17,0,1944.23,0,44.0802,0,1962.9,0,140.18,0,23.1998,0,26.3898,0,10.4722,0,11.6724,0,3,10
"2026-05-15 02:19:20",1238571," 05/15/2026 03:31:37.753","          Ch 10",43.5638,0,43.5638,0,-0.01,0,9545.09,0,1941.6,0,43.9836,0,1960.32,0,140.175,0,23.1998,0,26.3961,0,10.4749,0,11.6738,0,3,10
"2026-05-15 02:19:30",1238572," 05/15/2026 03:31:48.702","          Ch 10",43.4475,0,43.4475,0,-0.01,0,9573.71,0,1939.15,0,43.8675,0,1957.89,0,140.175,0,23.199,0,26.3926,0,10.4737,0,11.6766,0,3,10
"2026-05-15 02:19:40",1238573," 05/15/2026 03:31:58.655","          Ch 10",43.3128,0,43.3128,0,-0.01,0,9552.24,0,1935.23,0,43.7305,0,1953.9,0,140.176,0,23.1989,0,26.3951,0,10.4731,0,11.672,0,3,10
"2026-05-15 02:19:50",1238574," 05/15/2026 03:32:08.608","          Ch 10",43.2056,0,43.2056,0,-0.01,0,9556.56,0,1933.63,0,43.6225,0,1952.28,0,140.177,0,23.1988,0,26.3948,0,10.4748,0,11.6737,0,3,10
"2026-05-15 02:20:00",1238575," 05/15/2026 03:32:18.562","          Ch 10",43.0848,0,43.0848,0,-0.01,0,9547.15,0,1930.02,0,43.5001,0,1948.62,0,140.176,0,23.1978,0,26.3869,0,10.4758,0,11.677,0,3,10
"2026-05-15 02:20:10",1238576," 05/15/2026 03:32:28.514","          Ch 10",42.9791,0,42.9791,0,-0.01,0,9536.5,0,1928.58,0,43.393,0,1947.15,0,140.176,0,23.1973,0,26.3825,0,10.4731,0,11.6713,0,3,10
"2026-05-15 02:20:20",1238577," 05/15/2026 03:32:38.469","          Ch 10",42.8952,0,42.8952,0,-0.01,0,9599.64,0,1929.22,0,43.311,0,1947.92,0,140.179,0,23.1971,0,26.3953,0,10.4705,0,11.6708,0,3,10
"2026-05-15 02:20:30",1238578," 05/15/2026 03:32:48.423","          Ch 10",42.8004,0,42.8004,0,-0.01,0,9604.36,0,1926.75,0,43.2155,0,1945.43,0,140.174,0,23.1967,0,26.3903,0,10.4711,0,11.6715,0,3,10
"2026-05-15 02:20:40",1238579," 05/15/2026 03:32:58.375","          Ch 10",42.7317,0,42.7317,0,-0.01,0,9576.12,0,1924.78,0,43.1448,0,1943.39,0,140.147,0,23.1964,0,26.3895,0,10.4726,0,11.6771,0,3,10
"2026-05-15 02:20:50",1238580," 05/15/2026 03:33:08.328","          Ch 10",42.66,0,42.66,0,-0.01,0,9578.74,0,1922.83,0,43.0725,0,1941.43,0,140.174,0,23.1961,0,26.3875,0,10.4753,0,11.6764,0,3,10
"2026-05-15 02:21:00",1238581," 05/15/2026 03:33:18.283","          Ch 10",42.5427,0,42.5427,0,-0.01,0,9499.48,0,1923.88,0,42.9507,0,1942.33,0,140.175,0,23.196,0,26.3879,0,10.4739,0,11.6737,0,3,10
"2026-05-15 02:21:10",1238582," 05/15/2026 03:33:28.236","          Ch 10",42.4483,0,42.4483,0,-0.01,0,9481.1,0,1923.04,0,42.8546,0,1941.45,0,140.176,0,23.1955,0,26.3883,0,10.4704,0,11.6723,0,3,10
"2026-05-15 02:21:20",1238583," 05/15/2026 03:33:38.190","          Ch 10",42.3539,0,42.3539,0,-0.01,0,9556.57,0,1922.82,0,42.7625,0,1941.38,0,140.178,0,23.1951,0,26.3979,0,10.4713,0,11.6741,0,3,10
"2026-05-15 02:21:30",1238584," 05/15/2026 03:33:48.143","          Ch 10",42.2353,0,42.2353,0,-0.01,0,9544.49,0,1923.67,0,42.6423,0,1942.21,0,140.174,0,23.1949,0,26.3902,0,10.4696,0,11.6713,0,3,10
"2026-05-15 02:21:40",1238585," 05/15/2026 03:33:58.097","          Ch 10",42.1191,0,42.1191,0,-0.01,0,9524.44,0,1922.29,0,42.5241,0,1940.77,0,140.174,0,23.194,0,26.3936,0,10.472,0,11.672,0,3,10
"2026-05-15 02:21:50",1238586," 05/15/2026 03:34:08.048","          Ch 10",42.0387,0,42.0387,0,-0.01,0,9562.17,0,1923.18,0,42.4446,0,1941.75,0,140.173,0,23.1938,0,26.3872,0,10.474,0,11.673,0,3,10
"2026-05-15 02:22:00",1238587," 05/15/2026 03:34:18.003","          Ch 10",41.949,0,41.949,0,-0.01,0,9607.26,0,1922.83,0,42.356,0,1941.48,0,140.209,0,23.1932,0,26.3902,0,10.4781,0,11.6791,0,3,10
"2026-05-15 02:22:10",1238588," 05/15/2026 03:34:27.957","          Ch 10",41.8539,0,41.8539,0,-0.01,0,9449.05,0,1922.33,0,42.2531,0,1940.66,0,140.177,0,23.1931,0,26.3932,0,10.4734,0,11.679,0,3,10
"2026-05-15 02:22:20",1238589," 05/15/2026 03:34:37.910","          Ch 10",41.8061,0,41.8061,0,-0.01,0,9538.19,0,1924.44,0,42.2087,0,1942.97,0,140.173,0,23.1923,0,26.391,0,10.4744,0,11.6752,0,3,10
"2026-05-15 02:22:30",1238590," 05/15/2026 03:34:47.864","          Ch 10",41.7763,0,41.7763,0,-0.01,0,9625.05,0,1927.36,0,42.1823,0,1946.09,0,140.182,0,23.1927,0,26.3895,0,10.471,0,11.6725,0,3,10
"2026-05-15 02:22:40",1238591," 05/15/2026 03:34:57.817","          Ch 10",41.7008,0,41.7008,0,-0.01,0,9578.42,0,1930.81,0,42.1041,0,1949.48,0,140.177,0,23.1926,0,26.3934,0,10.4701,0,11.6667,0,3,10
"2026-05-15 02:22:50",1238592," 05/15/2026 03:35:07.770","          Ch 10",41.6197,0,41.6197,0,-0.01,0,9571.56,0,1929.77,0,42.0219,0,1948.42,0,140.173,0,23.1924,0,26.3902,0,10.4746,0,11.6748,0,3,10
"2026-05-15 02:23:00",1238593," 05/15/2026 03:35:17.724","          Ch 10",41.5496,0,41.5496,0,-0.01,0,9533.99,0,1932.49,0,41.9495,0,1951.1,0,140.173,0,23.1921,0,26.3926,0,10.4719,0,11.6705,0,3,10
"2026-05-15 02:23:10",1238594," 05/15/2026 03:35:28.673","          Ch 10",41.4846,0,41.4846,0,-0.01,0,9547.46,0,1934.21,0,41.8845,0,1952.86,0,140.176,0,23.1919,0,26.3903,0,10.4726,0,11.6734,0,3,10
"2026-05-15 02:23:20",1238595," 05/15/2026 03:35:38.624","          Ch 10",41.4335,0,41.4335,0,-0.01,0,9538.71,0,1936.92,0,41.8325,0,1955.57,0,140.174,0,23.191,0,26.3834,0,10.472,0,11.6719,0,3,10
"2026-05-15 02:23:30",1238596," 05/15/2026 03:35:48.580","          Ch 10",41.3696,0,41.3696,0,-0.01,0,9525.43,0,1939.17,0,41.7674,0,1957.82,0,140.16,0,23.1918,0,26.3908,0,10.4744,0,11.673,0,3,10
"2026-05-15 02:23:40",1238597," 05/15/2026 03:35:58.531","          Ch 10",41.3422,0,41.3422,0,-0.01,0,9653.31,0,1942.89,0,41.7452,0,1961.83,0,140.172,0,23.1906,0,26.3885,0,10.4726,0,11.6717,0,3,10
"2026-05-15 02:23:50",1238598," 05/15/2026 03:36:08.487","          Ch 10",41.2684,0,41.2684,0,-0.01,0,9620.56,0,1943.57,0,41.6693,0,1962.45,0,140.176,0,23.1897,0,26.3955,0,10.4747,0,11.6773,0,3,10
"2026-05-15 02:24:00",1238599," 05/15/2026 03:36:18.438","          Ch 10",41.1977,0,41.1977,0,-0.01,0,9633.45,0,1949.19,0,41.5984,0,1968.15,0,140.178,0,23.1895,0,26.3884,0,10.464,0,11.6624,0,3,10
"2026-05-15 02:24:10",1238600," 05/15/2026 03:36:28.390","          Ch 10",41.1371,0,41.1371,0,-0.01,0,9559.58,0,1948.82,0,41.5342,0,1967.63,0,140.173,0,23.1886,0,26.3803,0,10.4732,0,11.6737,0,3,10
"2026-05-15 02:24:20",1238601," 05/15/2026 03:36:38.347","          Ch 10",41.113,0,41.113,0,-0.01,0,9508.31,0,1951.97,0,41.5077,0,1970.71,0,140.177,0,23.189,0,26.3775,0,10.4695,0,11.673,0,3,10
"2026-05-15 02:24:30",1238602," 05/15/2026 03:36:48.301","          Ch 10",41.0299,0,41.0299,0,-0.01,0,9544.62,0,1954.44,0,41.4252,0,1973.27,0,140.178,0,23.1893,0,26.3786,0,10.4715,0,11.6729,0,3,10
"2026-05-15 02:24:40",1238603," 05/15/2026 03:36:58.252","          Ch 10",40.9499,0,40.9499,0,-0.01,0,9503.89,0,1955.7,0,41.3428,0,1974.47,0,140.172,0,23.188,0,26.3816,0,10.4778,0,11.6753,0,3,10
"2026-05-15 02:24:50",1238604," 05/15/2026 03:37:08.207","          Ch 10",40.9311,0,40.9311,0,-0.01,0,9584.76,0,1959.77,0,41.3272,0,1978.73,0,140.142,0,23.1887,0,26.3844,0,10.4726,0,11.673,0,3,10
"2026-05-15 02:25:00",1238605," 05/15/2026 03:37:18.161","          Ch 10",40.8727,0,40.8727,0,-0.01,0,9579.29,0,1960.45,0,41.268,0,1979.41,0,140.172,0,23.1877,0,26.3811,0,10.4726,0,11.6743,0,3,10
"2026-05-15 02:25:10",1238606," 05/15/2026 03:37:28.115","          Ch 10",40.7986,0,40.7986,0,-0.01,0,9595.95,0,1965.07,0,41.1938,0,1984.11,0,140.177,0,23.1879,0,26.3762,0,10.4723,0,11.6705,0,3,10
"2026-05-15 02:25:20",1238607," 05/15/2026 03:37:38.068","          Ch 10",40.7586,0,40.7586,0,-0.01,0,9553.28,0,1967.95,0,41.1518,0,1986.93,0,140.145,0,23.1881,0,26.3806,0,10.472,0,11.6709,0,3,10
"2026-05-15 02:25:30",1238608," 05/15/2026 03:37:48.021","          Ch 10",40.7563,0,40.7563,0,-0.01,0,9607.71,0,1971.2,0,41.1517,0,1990.32,0,140.175,0,23.1869,0,26.3768,0,10.4734,0,11.6777,0,3,10
"2026-05-15 02:25:40",1238609," 05/15/2026 03:37:57.975","          Ch 10",40.6801,0,40.6801,0,-0.01,0,9653.4,0,1973.89,0,41.0766,0,1993.13,0,140.173,0,23.1863,0,26.3716,0,10.4748,0,11.6761,0,3,10
"2026-05-15 02:25:50",1238610," 05/15/2026 03:38:07.929","          Ch 10",40.6627,0,40.6627,0,-0.01,0,9555.91,0,1976.81,0,41.0551,0,1995.89,0,140.177,0,23.1861,0,26.3748,0,10.4716,0,11.6743,0,3,10
"2026-05-15 02:26:00",1238611," 05/15/2026 03:38:17.882","          Ch 10",40.629,0,40.629,0,-0.01,0,9574.09,0,1981.44,0,41.0217,0,2000.59,0,140.173,0,23.1861,0,26.3733,0,10.4735,0,11.6751,0,3,10
"2026-05-15 02:26:10",1238612," 05/15/2026 03:38:27.835","          Ch 10",40.6307,0,40.6307,0,-0.01,0,9541.33,0,1985.89,0,41.0221,0,2005.02,0,140.178,0,23.186,0,26.3663,0,10.4698,0,11.6768,0,3,10
"2026-05-15 02:26:20",1238613," 05/15/2026 03:38:37.787","          Ch 10",40.6117,0,40.6117,0,-0.01,0,9520.86,0,1990.14,0,41.002,0,2009.27,0,140.175,0,23.1856,0,26.3697,0,10.472,0,11.6752,0,3,10
"2026-05-15 02:26:30",1238614," 05/15/2026 03:38:47.740","          Ch 10",40.5851,0,40.5851,0,-0.01,0,9550.8,0,1993.47,0,40.9764,0,2012.69,0,140.176,0,23.1854,0,26.3729,0,10.4709,0,11.6777,0,3,10
"2026-05-15 02:26:40",1238615," 05/15/2026 03:38:58.691","          Ch 10",40.5184,0,40.5184,0,-0.01,0,9634.11,0,1998.98,0,40.9125,0,2018.43,0,140.174,0,23.185,0,26.373,0,10.4704,0,11.6722,0,3,10
"2026-05-15 02:26:50",1238616," 05/15/2026 03:39:08.651","            amb",40.5133,0,40.5133,0,-0.01,0,9560.12,0,2002.91,0,40.9043,0,2022.25,0,140.176,0,23.1845,0,26.3665,0,10.4737,0,11.6745,0,3,16
"2026-05-15 02:27:00",1238617," 05/15/2026 03:39:18.604","            amb",40.4768,0,40.4768,0,-0.01,0,9520.16,0,2006.13,0,40.8658,0,2025.41,0,140.176,0,23.1837,0,26.3659,0,10.4674,0,11.6689,0,3,16
"2026-05-15 02:27:10",1238618," 05/15/2026 03:39:28.556","            amb",40.4598,0,40.4598,0,-0.01,0,9546.9,0,2010.88,0,40.8498,0,2030.26,0,140.159,0,23.184,0,26.3707,0,10.4745,0,11.6762,0,3,16
"2026-05-15 02:27:20",1238619," 05/15/2026 03:39:38.511","            amb",40.4728,0,40.4728,0,-0.01,0,9569.67,0,2016.22,0,40.8639,0,2035.7,0,140.175,0,23.1835,0,26.3743,0,10.4693,0,11.6732,0,3,16
"2026-05-15 02:27:30",1238620," 05/15/2026 03:39:48.465","            amb",40.4399,0,40.4399,0,-0.01,0,9635.82,0,2020.98,0,40.8334,0,2040.64,0,140.176,0,23.1823,0,26.3728,0,10.4723,0,11.6773,0,3,16
"2026-05-15 02:27:40",1238621," 05/15/2026 03:39:58.417","            amb",40.4482,0,40.4482,0,-0.01,0,9583.83,0,2026.03,0,40.8396,0,2045.63,0,140.179,0,23.1814,0,26.3725,0,10.4686,0,11.6743,0,3,16
"2026-05-15 02:27:50",1238622," 05/15/2026 03:40:08.371","            amb",40.4492,0,40.4492,0,-0.01,0,9680.21,0,2029.43,0,40.8445,0,2049.26,0,140.174,0,23.1814,0,26.3724,0,10.476,0,11.681,0,3,16
"2026-05-15 02:28:00",1238623," 05/15/2026 03:40:18.324","            amb",40.4442,0,40.4442,0,-0.01,0,9611.55,0,2035.36,0,40.8367,0,2055.12,0,140.177,0,23.1809,0,26.3707,0,10.4713,0,11.6772,0,3,16
"2026-05-15 02:28:10",1238624," 05/15/2026 03:40:28.277","            amb",40.4242,0,40.4242,0,-0.01,0,9542.5,0,2039.71,0,40.8137,0,2059.36,0,140.176,0,23.1809,0,26.3683,0,10.4703,0,11.6736,0,3,16
"2026-05-15 02:28:20",1238625," 05/15/2026 03:40:38.232","            amb",40.3902,0,40.3902,0,-0.01,0,9577.2,0,2042.87,0,40.7808,0,2062.62,0,140.173,0,23.1807,0,26.3671,0,10.4729,0,11.6741,0,3,16
"2026-05-15 02:28:30",1238626," 05/15/2026 03:40:48.185","            amb",40.3646,0,40.3646,0,-0.01,0,9704.61,0,2049.63,0,40.7602,0,2069.72,0,140.175,0,23.1802,0,26.3622,0,10.4702,0,11.6666,0,3,16
"2026-05-15 02:28:40",1238627," 05/15/2026 03:40:58.138","            amb",40.3196,0,40.3196,0,-0.01,0,9580.13,0,2050.72,0,40.7096,0,2070.55,0,140.173,0,23.1802,0,26.3751,0,10.4694,0,11.6737,0,3,16
"2026-05-15 02:28:50",1238628," 05/15/2026 03:41:08.091","            amb",40.2943,0,40.2943,0,-0.01,0,9525.66,0,2053.92,0,40.6819,0,2073.67,0,140.177,0,23.1798,0,26.3768,0,10.4722,0,11.6768,0,3,16
"2026-05-15 02:29:00",1238629," 05/15/2026 03:41:18.045","            amb",40.2917,0,40.2917,0,-0.01,0,9604.35,0,2058.33,0,40.6824,0,2078.29,0,140.145,0,23.1797,0,26.3789,0,10.4735,0,11.6743,0,3,16
"2026-05-15 02:29:10",1238630," 05/15/2026 03:41:27.999","            amb",40.2639,0,40.2639,0,-0.01,0,9613.77,0,2060.79,0,40.6547,0,2080.8,0,140.177,0,23.1793,0,26.375,0,10.4701,0,11.6728,0,3,16
"2026-05-15 02:29:20",1238631," 05/15/2026 03:41:37.952","            amb",40.229,0,40.229,0,-0.01,0,9573.07,0,2063.09,0,40.6179,0,2083.03,0,140.177,0,23.178,0,26.3691,0,10.4679,0,11.6698,0,3,16
"2026-05-15 02:29:30",1238632," 05/15/2026 03:41:47.905","            amb",40.1679,0,40.1679,0,-0.01,0,9541.6,0,2064.06,0,40.5548,0,2083.95,0,140.174,0,23.178,0,26.3656,0,10.4709,0,11.6692,0,3,16
"2026-05-15 02:29:40",1238633," 05/15/2026 03:41:57.859","            amb",40.1637,0,40.1637,0,-0.01,0,9570.23,0,2065.58,0,40.5518,0,2085.54,0,140.174,0,23.178,0,26.376,0,10.4704,0,11.675,0,3,16
"2026-05-15 02:29:50",1238634," 05/15/2026 03:42:07.811","            amb",40.1114,0,40.1114,0,-0.01,0,9670.99,0,2066.27,0,40.5031,0,2086.45,0,140.176,0,23.1781,0,26.3602,0,10.4733,0,11.675,0,3,16
"2026-05-15 02:30:00",1238635," 05/15/2026 03:42:17.767","            amb",40.0428,0,40.0428,0,-0.01,0,9451.92,0,2064.98,0,40.4249,0,2084.68,0,140.176,0,23.1775,0,26.3591,0,10.4704,0,11.6741,0,3,16
"2026-05-15 02:30:10",1238636," 05/15/2026 03:42:27.720","            amb",40.0387,0,40.0387,0,-0.01,0,9595.2,0,2066.66,0,40.4266,0,2086.69,0,140.175,0,23.1776,0,26.3725,0,10.4699,0,11.6762,0,3,16
"2026-05-15 02:30:20",1238637," 05/15/2026 03:42:38.668","            amb",40.0076,0,40.0076,0,-0.01,0,9555.21,0,2068.69,0,40.3935,0,2088.64,0,140.174,0,23.1767,0,26.3761,0,10.4675,0,11.6702,0,3,16
"2026-05-15 02:30:30",1238638," 05/15/2026 03:42:48.622","            amb",39.9468,0,39.9468,0,-0.01,0,9686.11,0,2067.79,0,40.3375,0,2088.01,0,140.197,0,23.1768,0,26.3733,0,10.4707,0,11.6758,0,3,16
"2026-05-15 02:30:40",1238639," 05/15/2026 03:42:58.573","            amb",39.9322,0,39.9322,0,-0.01,0,9604.42,0,2067.16,0,40.3194,0,2087.21,0,140.176,0,23.1756,0,26.3732,0,10.4674,0,11.6738,0,3,16
"2026-05-15 02:30:50",1238640," 05/15/2026 03:43:08.527","            amb",39.8761,0,39.8761,0,-0.01,0,9513.69,0,2066.72,0,40.2591,0,2086.58,0,140.173,0,23.1751,0,26.3591,0,10.4707,0,11.671,0,3,16
"2026-05-15 02:31:00",1238641," 05/15/2026 03:43:18.479","            amb",39.8533,0,39.8533,0,-0.01,0,9515.78,0,2066.79,0,40.2362,0,2086.65,0,140.165,0,23.1746,0,26.363,0,10.4717,0,11.6726,0,3,16
"2026-05-15 02:31:10",1238642," 05/15/2026 03:43:28.433","            amb",39.8153,0,39.8153,0,-0.01,0,9576.44,0,2065.19,0,40.2003,0,2085.16,0,140.178,0,23.1743,0,26.3644,0,10.4723,0,11.6788,0,3,16
"2026-05-15 02:31:20",1238643," 05/15/2026 03:43:38.389","            amb",39.7714,0,39.7714,0,-0.01,0,9567.36,0,2064.38,0,40.1556,0,2084.32,0,140.174,0,23.1745,0,26.3632,0,10.4689,0,11.6722,0,3,16
"2026-05-15 02:31:30",1238644," 05/15/2026 03:43:48.341","            amb",39.7051,0,39.7051,0,-0.01,0,9422.15,0,2063.69,0,40.0828,0,2083.32,0,140.174,0,23.1745,0,26.3608,0,10.4677,0,11.6672,0,3,16
"2026-05-15 02:31:40",1238645," 05/15/2026 03:43:58.295","            amb",39.6704,0,39.6704,0,-0.01,0,9563.87,0,2061.82,0,40.0534,0,2081.73,0,140.173,0,23.1739,0,26.3566,0,10.4704,0,11.6747,0,3,16
"2026-05-15 02:31:50",1238646," 05/15/2026 03:44:08.247","           Ch 7",39.6331,0,39.6331,0,-0.01,0,9585.04,0,2060.24,0,40.0166,0,2080.18,0,140.177,0,23.1739,0,26.3525,0,10.4703,0,11.6704,0,3,7
"2026-05-15 02:32:00",1238647," 05/15/2026 03:44:18.201","           Ch 7",39.5586,0,39.5586,0,-0.01,0,9595.81,0,2057.59,0,39.9419,0,2077.53,0,140.174,0,23.1734,0,26.3581,0,10.4735,0,11.6732,0,3,7
"2026-05-15 02:32:10",1238648," 05/15/2026 03:44:28.153","           Ch 7",39.4917,0,39.4917,0,-0.01,0,9554.53,0,2054.51,0,39.8726,0,2074.33,0,140.176,0,23.1729,0,26.3575,0,10.472,0,11.6728,0,3,7
"2026-05-15 02:32:20",1238649," 05/15/2026 03:44:38.107","           Ch 7",39.3962,0,39.3962,0,-0.01,0,9563.72,0,2051.03,0,39.7766,0,2070.84,0,140.211,0,23.1726,0,26.3569,0,10.4702,0,11.6709,0,3,7
"2026-05-15 02:32:30",1238650," 05/15/2026 03:44:48.061","           Ch 7",39.3359,0,39.3359,0,-0.01,0,9650.02,0,2046.39,0,39.7192,0,2066.33,0,140.177,0,23.1725,0,26.3532,0,10.4681,0,11.6736,0,3,7
"2026-05-15 02:32:40",1238651," 05/15/2026 03:44:58.014","           Ch 7",39.2837,0,39.2837,0,-0.01,0,9587.23,0,2045.5,0,39.664,0,2065.3,0,140.172,0,23.1715,0,26.359,0,10.4707,0,11.6741,0,3,7
"2026-05-15 02:32:50",1238652," 05/15/2026 03:45:07.967","           Ch 7",39.2179,0,39.2179,0,-0.01,0,9544.49,0,2043.12,0,39.5958,0,2062.81,0,140.176,0,23.1713,0,26.3593,0,10.4729,0,11.6794,0,3,7
"2026-05-15 02:33:00",1238653," 05/15/2026 03:45:17.924","           Ch 7",39.205,0,39.205,0,-0.01,0,9594.17,0,2036.57,0,39.5847,0,2056.3,0,140.174,0,23.171,0,26.3639,0,10.4745,0,11.6801,0,3,7
"2026-05-15 02:33:10",1238654," 05/15/2026 03:45:27.877","           Ch 7",39.0774,0,39.0774,0,-0.01,0,9536.54,0,2037.02,0,39.4536,0,2056.64,0,140.174,0,23.1719,0,26.363,0,10.4688,0,11.6722,0,3,7
"2026-05-15 02:33:20",1238655," 05/15/2026 03:45:37.831","           Ch 7",39.0363,0,39.0363,0,-0.01,0,9648.45,0,2034.53,0,39.4166,0,2054.35,0,140.174,0,23.1714,0,26.3681,0,10.4709,0,11.6719,0,3,7
"2026-05-15 02:33:30",1238656," 05/15/2026 03:45:47.783","           Ch 7",38.9684,0,38.9684,0,-0.01,0,9555.2,0,2031.64,0,39.3444,0,2051.24,0,140.178,0,23.1707,0,26.3677,0,10.4715,0,11.6775,0,3,7
"2026-05-15 02:33:40",1238657," 05/15/2026 03:45:57.737","           Ch 7",38.8865,0,38.8865,0,-0.01,0,9537.67,0,2028.41,0,39.261,0,2047.95,0,140.182,0,23.171,0,26.3654,0,10.4692,0,11.6745,0,3,7
"2026-05-15 02:33:50",1238658," 05/15/2026 03:46:08.687","           Ch 7",38.8385,0,38.8385,0,-0.01,0,9591.88,0,2025.22,0,39.2146,0,2044.84,0,140.176,0,23.1708,0,26.3731,0,10.4714,0,11.6771,0,3,7
"2026-05-15 02:34:00",1238659," 05/15/2026 03:46:18.640","           Ch 7",38.8265,0,38.8265,0,-0.01,0,9633.44,0,2025.67,0,39.2041,0,2045.37,0,140.176,0,23.1709,0,26.375,0,10.4755,0,11.6803,0,3,7
"2026-05-15 02:34:10",1238660," 05/15/2026 03:46:28.593","           Ch 7",38.7465,0,38.7465,0,-0.01,0,9557.52,0,2021.57,0,39.1204,0,2041.08,0,140.175,0,23.1695,0,26.3684,0,10.4696,0,11.673,0,3,7
"2026-05-15 02:34:20",1238661," 05/15/2026 03:46:38.545","           Ch 7",38.6549,0,38.6549,0,-0.01,0,9636.79,0,2018.58,0,39.0311,0,2038.22,0,140.177,0,23.1695,0,26.359,0,10.4699,0,11.6712,0,3,7
"2026-05-15 02:34:30",1238662," 05/15/2026 03:46:48.499","           Ch 7",38.5617,0,38.5617,0,-0.01,0,9581.25,0,2014.26,0,38.9347,0,2033.75,0,140.173,0,23.1692,0,26.3647,0,10.4731,0,11.6762,0,3,7
"2026-05-15 02:34:40",1238663," 05/15/2026 03:46:58.452","           Ch 7",38.5035,0,38.5035,0,-0.01,0,9560.41,0,2010.08,0,38.8752,0,2029.49,0,140.162,0,23.168,0,26.3631,0,10.4698,0,11.6727,0,3,7
"2026-05-15 02:34:50",1238664," 05/15/2026 03:47:08.407","           Ch 7",38.4244,0,38.4244,0,-0.01,0,9600.05,0,2006.33,0,38.7969,0,2025.77,0,140.177,0,23.1681,0,26.368,0,10.4666,0,11.6721,0,3,7
"2026-05-15 02:35:00",1238665," 05/15/2026 03:47:18.360","           Ch 7",38.342,0,38.342,0,-0.01,0,9585.98,0,2002.43,0,38.7131,0,2021.81,0,140.173,0,23.1676,0,26.3644,0,10.472,0,11.6758,0,3,7
"2026-05-15 02:35:10",1238666," 05/15/2026 03:47:28.315","           Ch 7",38.2989,0,38.2989,0,-0.01,0,9581.81,0,1998.43,0,38.6694,0,2017.77,0,140.142,0,23.1682,0,26.3652,0,10.4705,0,11.6765,0,3,7
"2026-05-15 02:35:20",1238667," 05/15/2026 03:47:38.267","           Ch 7",38.2074,0,38.2074,0,-0.01,0,9608.8,0,1994.62,0,38.5781,0,2013.97,0,140.174,0,23.1667,0,26.3673,0,10.4723,0,11.6758,0,3,7
"2026-05-15 02:35:30",1238668," 05/15/2026 03:47:48.219","           Ch 7",38.1204,0,38.1204,0,-0.01,0,9625.85,0,1990.77,0,38.4909,0,2010.12,0,140.176,0,23.1665,0,26.3612,0,10.4709,0,11.6729,0,3,7
"2026-05-15 02:35:40",1238669," 05/15/2026 03:47:58.173","           Ch 7",38.0308,0,38.0308,0,-0.01,0,9624.28,0,1985.41,0,38.4003,0,2004.7,0,140.173,0,23.166,0,26.3625,0,10.4686,0,11.6769,0,3,7
"2026-05-15 02:35:50",1238670," 05/15/2026 03:48:08.128","           Ch 7",38.0005,0,38.0005,0,-0.01,0,9553.89,0,1983.06,0,38.367,0,2002.19,0,140.175,0,23.1651,0,26.3587,0,10.4683,0,11.6712,0,3,7
"2026-05-15 02:36:00",1238671," 05/15/2026 03:48:18.081","           Ch 7",37.9774,0,37.9774,0,-0.01,0,9706.44,0,1977.87,0,38.3497,0,1997.26,0,140.176,0,23.1656,0,26.3614,0,10.475,0,11.6855,0,3,7
"2026-05-15 02:36:10",1238672," 05/15/2026 03:48:28.034","           Ch 7",37.8725,0,37.8725,0,-0.01,0,9597.76,0,1975.72,0,38.2395,0,1994.86,0,140.176,0,23.1648,0,26.3583,0,10.4686,0,11.6728,0,3,7
"2026-05-15 02:36:20",1238673," 05/15/2026 03:48:37.988","           Ch 7",37.8019,0,37.8019,0,-0.01,0,9493.98,0,1973.56,0,38.1643,0,1992.48,0,140.172,0,23.1635,0,26.3576,0,10.4649,0,11.6699,0,3,7
"2026-05-15 02:36:30",1238674," 05/15/2026 03:48:47.941","           Ch 7",37.6904,0,37.6904,0,-0.01,0,9505.5,0,1964.22,0,38.0521,0,1983.07,0,140.191,0,23.1629,0,26.3591,0,10.4701,0,11.6757,0,3,7
"2026-05-15 02:36:40",1238675," 05/15/2026 03:48:57.896","           Ch 7",37.5794,0,37.5794,0,-0.01,0,9628.46,0,1960.82,0,37.9447,0,1979.89,0,140.173,0,23.1635,0,26.3547,0,10.473,0,11.677,0,3,7
"2026-05-15 02:36:50",1238676," 05/15/2026 03:49:07.849","           Ch 7",37.5251,0,37.5251,0,-0.01,0,9612.63,0,1956.01,0,37.8893,0,1974.99,0,140.174,0,23.1638,0,26.3599,0,10.4698,0,11.6716,0,3,7
"2026-05-15 02:37:00",1238677," 05/15/2026 03:49:17.802","           Ch 7",37.4191,0,37.4191,0,-0.01,0,9564.97,0,1950.65,0,37.7805,0,1969.49,0,140.174,0,23.1632,0,26.3605,0,10.4688,0,11.6772,0,3,7
"2026-05-15 02:37:10",1238678," 05/15/2026 03:49:27.756","           Ch 7",37.3164,0,37.3164,0,-0.01,0,9610.31,0,1945.33,0,37.6785,0,1964.2,0,140.178,0,23.1633,0,26.3674,0,10.4678,0,11.6705,0,3,7
"2026-05-15 02:37:20",1238679," 05/15/2026 03:49:37.709","           Ch 7",37.2243,0,37.2243,0,-0.01,0,9670.58,0,1938.34,0,37.5878,0,1957.26,0,140.173,0,23.1621,0,26.3619,0,10.4736,0,11.6813,0,3,7
"2026-05-15 02:37:30",1238680," 05/15/2026 03:49:48.657","           Ch 7",37.1332,0,37.1332,0,-0.01,0,9572.84,0,1933.09,0,37.4921,0,1951.77,0,140.162,0,23.1622,0,26.3603,0,10.4683,0,11.6748,0,3,7
"2026-05-15 02:37:40",1238681," 05/15/2026 03:49:58.610","           Ch 7",37.0571,0,37.0571,0,-0.01,0,9616.35,0,1928.99,0,37.4169,0,1947.72,0,140.172,0,23.1616,0,26.3642,0,10.4684,0,11.6744,0,3,7
"2026-05-15 02:37:50",1238682," 05/15/2026 03:50:08.565","           Ch 7",36.9418,0,36.9418,0,-0.01,0,9653.73,0,1923.32,0,37.3019,0,1942.06,0,140.178,0,23.1616,0,26.37,0,10.4713,0,11.6745,0,3,7
"2026-05-15 02:38:00",1238683," 05/15/2026 03:50:18.516","           Ch 7",36.8593,0,36.8593,0,-0.01,0,9580.82,0,1917.88,0,37.2158,0,1936.44,0,140.177,0,23.1604,0,26.3614,0,10.4667,0,11.675,0,3,7
"2026-05-15 02:38:10",1238684," 05/15/2026 03:50:28.472","           Ch 7",36.7483,0,36.7483,0,-0.01,0,9556.34,0,1913.56,0,37.1029,0,1932.03,0,140.175,0,23.1602,0,26.3595,0,10.4698,0,11.6769,0,3,7
"2026-05-15 02:38:20",1238685," 05/15/2026 03:50:38.425","           Ch 7",36.6626,0,36.6626,0,-0.01,0,9670.1,0,1908.17,0,37.0206,0,1926.8,0,140.175,0,23.1599,0,26.354,0,10.4691,0,11.6719,0,3,7
"2026-05-15 02:38:30",1238686," 05/15/2026 03:50:48.378","           Ch 7",36.5604,0,36.5604,0,-0.01,0,9587.45,0,1901.75,0,36.9143,0,1920.16,0,140.178,0,23.1602,0,26.3613,0,10.4617,0,11.6718,0,3,7
"2026-05-15 02:38:40",1238687," 05/15/2026 03:50:58.332","           Ch 7",36.4687,0,36.4687,0,-0.01,0,9585.65,0,1897.37,0,36.8216,0,1915.74,0,140.174,0,23.1591,0,26.3522,0,10.4694,0,11.6722,0,3,7
"2026-05-15 02:38:50",1238688," 05/15/2026 03:51:08.284","           Ch 7",36.3743,0,36.3743,0,-0.01,0,9620.4,0,1891.74,0,36.7276,0,1910.12,0,140.176,0,23.1581,0,26.3559,0,10.4689,0,11.677,0,3,7
"2026-05-15 02:39:00",1238689," 05/15/2026 03:51:18.239","           Ch 7",36.2864,0,36.2864,0,-0.01,0,9571.61,0,1887.71,0,36.6371,0,1905.95,0,140.175,0,23.1586,0,26.3502,0,10.4663,0,11.6746,0,3,7
"2026-05-15 02:39:10",1238690," 05/15/2026 03:51:28.192","           Ch 7",36.1797,0,36.1797,0,-0.01,0,9591.97,0,1881.84,0,36.5301,0,1900.06,0,140.176,0,23.1579,0,26.3481,0,10.468,0,11.6755,0,3,7
"2026-05-15 02:39:20",1238691," 05/15/2026 03:51:38.145","           Ch 7",36.0705,0,36.0705,0,-0.01,0,9609.07,0,1877.45,0,36.4204,0,1895.67,0,140.146,0,23.1584,0,26.352,0,10.47,0,11.6757,0,3,7
"2026-05-15 02:39:30",1238692," 05/15/2026 03:51:48.099","           Ch 7",35.9686,0,35.9686,0,-0.01,0,9636.54,0,1872.36,0,36.3186,0,1890.58,0,140.176,0,23.1571,0,26.3456,0,10.4665,0,11.6701,0,3,7
"2026-05-15 02:39:40",1238693," 05/15/2026 03:51:58.053","           Ch 7",35.8559,0,35.8559,0,-0.01,0,9564.9,0,1865.57,0,36.2022,0,1883.59,0,140.177,0,23.1565,0,26.3495,0,10.4677,0,11.677,0,3,7
"2026-05-15 02:39:50",1238694," 05/15/2026 03:52:08.005","           Ch 7",35.7445,0,35.7445,0,-0.01,0,9513.87,0,1861.04,0,36.0878,0,1878.91,0,140.16,0,23.1565,0,26.3507,0,10.4676,0,11.6741,0,3,7
"2026-05-15 02:40:00",1238695," 05/15/2026 03:52:17.958","           Ch 7",35.6765,0,35.6765,0,-0.01,0,9664.5,0,1858.29,0,36.0247,0,1876.42,0,140.172,0,23.1554,0,26.3517,0,10.4698,0,11.6747,0,3,7
"2026-05-15 02:40:10",1238696," 05/15/2026 03:52:27.910","           Ch 7",35.5718,0,35.5718,0,-0.01,0,9626.72,0,1851.53,0,35.9176,0,1869.53,0,140.175,0,23.1556,0,26.3529,0,10.4693,0,11.6796,0,3,7
"2026-05-15 02:40:20",1238697," 05/15/2026 03:52:37.865","           Ch 7",35.4973,0,35.4973,0,-0.01,0,9555.51,0,1849.09,0,35.8397,0,1866.93,0,140.174,0,23.1553,0,26.3569,0,10.4683,0,11.6747,0,3,7
"2026-05-15 02:40:30",1238698," 05/15/2026 03:52:47.818","           Ch 7",35.4034,0,35.4034,0,-0.01,0,9605.21,0,1844.44,0,35.7467,0,1862.32,0,140.174,0,23.1542,0,26.3482,0,10.4674,0,11.673,0,3,7
"2026-05-15 02:40:40",1238699," 05/15/2026 03:52:57.772","           Ch 7",35.2687,0,35.2687,0,-0.01,0,9644.99,0,1839.84,0,35.6122,0,1857.76,0,140.175,0,23.1542,0,26.3507,0,10.4738,0,11.6766,0,3,7
"2026-05-15 02:40:50",1238700," 05/15/2026 03:53:07.725","           Ch 7",35.2115,0,35.2115,0,-0.01,0,9637.54,0,1835.73,0,35.5541,0,1853.59,0,140.178,0,23.1538,0,26.3506,0,10.4679,0,11.6774,0,3,7
"2026-05-15 02:41:00",1238701," 05/15/2026 03:53:18.674","           Ch 7",35.1016,0,35.1016,0,-0.01,0,9641.14,0,1831.76,0,35.4434,0,1849.59,0,140.173,0,23.153,0,26.3558,0,10.4707,0,11.6768,0,3,7
"2026-05-15 02:41:10",1238702," 05/15/2026 03:53:28.626","           Ch 7",34.9873,0,34.9873,0,-0.01,0,9550.12,0,1828.29,0,35.3247,0,1845.92,0,140.174,0,23.1527,0,26.3539,0,10.4708,0,11.6742,0,3,7
"2026-05-15 02:41:20",1238703," 05/15/2026 03:53:38.581","           Ch 7",34.9292,0,34.9292,0,-0.01,0,9632.63,0,1825.3,0,35.2689,0,1843.06,0,140.165,0,23.1524,0,26.3592,0,10.4699,0,11.6756,0,3,7
"2026-05-15 02:41:30",1238704," 05/15/2026 03:53:48.534","           Ch 7",34.8315,0,34.8315,0,-0.01,0,9570.56,0,1821.29,0,35.168,0,1838.89,0,140.178,0,23.1513,0,26.3516,0,10.4679,0,11.676,0,3,7
"2026-05-15 02:41:40",1238705," 05/15/2026 03:53:58.487","           Ch 7",34.7371,0,34.7371,0,-0.01,0,9592.74,0,1818.07,0,35.0735,0,1835.68,0,140.173,0,23.1502,0,26.3491,0,10.4687,0,11.6755,0,3,7
"2026-05-15 02:41:50",1238706," 05/15/2026 03:54:08.440","            amb",34.6897,0,34.6897,0,-0.01,0,9578.76,0,1816.36,0,35.0252,0,1833.93,0,140.173,0,23.1505,0,26.3492,0,10.4644,0,11.6737,0,3,16
"2026-05-15 02:42:00",1238707," 05/15/2026 03:54:18.393","            amb",34.5651,0,34.5651,0,-0.01,0,9648.73,0,1812.76,0,34.9019,0,1830.42,0,140.172,0,23.1506,0,26.3432,0,10.4753,0,11.6784,0,3,16
"2026-05-15 02:42:10",1238708," 05/15/2026 03:54:28.347","            amb",34.5087,0,34.5087,0,-0.01,0,9609.75,0,1808.62,0,34.8436,0,1826.17,0,140.177,0,23.15,0,26.3449,0,10.468,0,11.679,0,3,16
"2026-05-15 02:42:20",1238709," 05/15/2026 03:54:38.300","            amb",34.4075,0,34.4075,0,-0.01,0,9632.44,0,1805.88,0,34.7421,0,1823.45,0,140.173,0,23.1498,0,26.3418,0,10.4679,0,11.6782,0,3,16
"2026-05-15 02:42:30",1238710," 05/15/2026 03:54:48.255","            amb",34.3435,0,34.3435,0,-0.01,0,9588.02,0,1805.02,0,34.676,0,1822.5,0,140.176,0,23.15,0,26.3426,0,10.4664,0,11.6753,0,3,16
"2026-05-15 02:42:40",1238711," 05/15/2026 03:54:58.208","            amb",34.2435,0,34.2435,0,-0.01,0,9599.08,0,1802.76,0,34.5754,0,1820.23,0,140.212,0,23.1487,0,26.3336,0,10.4628,0,11.6748,0,3,16
"2026-05-15 02:42:50",1238712," 05/15/2026 03:55:08.160","            amb",34.1624,0,34.1624,0,-0.01,0,9615.56,0,1798.89,0,34.494,0,1816.35,0,140.174,0,23.1491,0,26.3413,0,10.4662,0,11.6771,0,3,16
"2026-05-15 02:43:00",1238713," 05/15/2026 03:55:18.114","            amb",34.0954,0,34.0954,0,-0.01,0,9571.28,0,1797.31,0,34.4249,0,1814.68,0,140.173,0,23.1482,0,26.3412,0,10.4662,0,11.6797,0,3,16
"2026-05-15 02:43:10",1238714," 05/15/2026 03:55:28.068","            amb",34.0394,0,34.0394,0,-0.01,0,9776.65,0,1798.55,0,34.3755,0,1816.3,0,140.174,0,23.1481,0,26.3485,0,10.474,0,11.6888,0,3,16
"2026-05-15 02:43:20",1238715," 05/15/2026 03:55:38.021","            amb",33.9673,0,33.9673,0,-0.01,0,9608.22,0,1796.61,0,34.2969,0,1814.04,0,140.175,0,23.1471,0,26.3469,0,10.4668,0,11.6734,0,3,16
"2026-05-15 02:43:30",1238716," 05/15/2026 03:55:47.975","            amb",33.8905,0,33.8905,0,-0.01,0,9632.28,0,1795.5,0,34.2201,0,1812.97,0,140.173,0,23.1466,0,26.3385,0,10.4661,0,11.6757,0,3,16
"2026-05-15 02:43:40",1238717," 05/15/2026 03:55:57.928","            amb",33.8153,0,33.8153,0,-0.01,0,9539.55,0,1793.05,0,34.141,0,1810.32,0,140.172,0,23.1463,0,26.3424,0,10.465,0,11.6789,0,3,16
"2026-05-15 02:43:50",1238718," 05/15/2026 03:56:07.882","            amb",33.771,0,33.771,0,-0.01,0,9486.99,0,1791.55,0,34.0944,0,1808.71,0,140.175,0,23.146,0,26.3483,0,10.4668,0,11.6763,0,3,16
"2026-05-15 02:44:00",1238719," 05/15/2026 03:56:17.835","            amb",33.6574,0,33.6574,0,-0.01,0,9606.48,0,1792.76,0,33.9839,0,1810.14,0,140.172,0,23.1459,0,26.3461,0,10.4645,0,11.6713,0,3,16
"2026-05-15 02:44:10",1238720," 05/15/2026 03:56:27.788","            amb",33.588,0,33.588,0,-0.01,0,9566.73,0,1790.45,0,33.9124,0,1807.74,0,140.173,0,23.1461,0,26.3417,0,10.4679,0,11.6759,0,3,16
"2026-05-15 02:44:20",1238721," 05/15/2026 03:56:37.743","            amb",33.5105,0,33.5105,0,-0.01,0,9591.71,0,1791.82,0,33.835,0,1809.17,0,140.174,0,23.1454,0,26.3391,0,10.4692,0,11.6744,0,3,16
"2026-05-15 02:44:30",1238722," 05/15/2026 03:56:48.691","            amb",33.4576,0,33.4576,0,-0.01,0,9540.04,0,1791.72,0,33.7798,0,1808.98,0,140.178,0,23.1452,0,26.3414,0,10.4735,0,11.6821,0,3,16
"2026-05-15 02:44:40",1238723," 05/15/2026 03:56:58.645","            amb",33.3928,0,33.3928,0,-0.01,0,9623.29,0,1794.25,0,33.7173,0,1811.68,0,140.173,0,23.1453,0,26.345,0,10.4659,0,11.6738,0,3,16
"2026-05-15 02:44:50",1238724," 05/15/2026 03:57:08.599","            amb",33.3496,0,33.3496,0,-0.01,0,9596.88,0,1794.36,0,33.6728,0,1811.75,0,140.173,0,23.145,0,26.3473,0,10.4652,0,11.6747,0,3,16
"2026-05-15 02:45:00",1238725," 05/15/2026 03:57:18.552","            amb",33.2881,0,33.2881,0,-0.01,0,9610.27,0,1794.43,0,33.6111,0,1811.84,0,140.175,0,23.1441,0,26.3446,0,10.4648,0,11.6761,0,3,16
"2026-05-15 02:45:10",1238726," 05/15/2026 03:57:28.504","            amb",33.2306,0,33.2306,0,-0.01,0,9645.17,0,1796.9,0,33.5542,0,1814.4,0,140.179,0,23.1439,0,26.344,0,10.4686,0,11.6719,0,3,16
"2026-05-15 02:45:20",1238727," 05/15/2026 03:57:38.459","            amb",33.216,0,33.216,0,-0.01,0,9635.04,0,1799.66,0,33.5392,0,1817.17,0,140.174,0,23.1438,0,26.3527,0,10.4618,0,11.6674,0,3,16
"2026-05-15 02:45:30",1238728," 05/15/2026 03:57:48.411","            amb",33.2091,0,33.2091,0,-0.01,0,9601.44,0,1801.69,0,33.531,0,1819.16,0,140.143,0,23.1437,0,26.3388,0,10.4645,0,11.6771,0,3,16
"2026-05-15 02:45:40",1238729," 05/15/2026 03:57:58.364","            amb",33.1506,0,33.1506,0,-0.01,0,9598.39,0,1804.66,0,33.4719,0,1822.15,0,140.172,0,23.1434,0,26.35,0,10.4683,0,11.6743,0,3,16
"2026-05-15 02:45:50",1238730," 05/15/2026 03:58:08.318","            amb",33.1118,0,33.1118,0,-0.01,0,9609.99,0,1805.99,0,33.4331,0,1823.52,0,140.176,0,23.1435,0,26.3452,0,10.4703,0,11.678,0,3,16
"2026-05-15 02:46:00",1238731," 05/15/2026 03:58:18.271","            amb",33.0695,0,33.0695,0,-0.01,0,9621.28,0,1809.37,0,33.3908,0,1826.95,0,140.142,0,23.1434,0,26.3456,0,10.4671,0,11.6762,0,3,16
"2026-05-15 02:46:10",1238732," 05/15/2026 03:58:28.225","            amb",33.0319,0,33.0319,0,-0.01,0,9573.36,0,1812.47,0,33.3512,0,1829.99,0,140.176,0,23.1427,0,26.3419,0,10.4646,0,11.674,0,3,16
"2026-05-15 02:46:20",1238733," 05/15/2026 03:58:38.178","            amb",32.9985,0,32.9985,0,-0.01,0,9660.29,0,1816.25,0,33.3204,0,1833.96,0,140.173,0,23.1425,0,26.3375,0,10.4684,0,11.6747,0,3,16
"2026-05-15 02:46:30",1238734," 05/15/2026 03:58:48.134","            amb",32.9822,0,32.9822,0,-0.01,0,9697.41,0,1820.41,0,33.3052,0,1838.23,0,140.176,0,23.1424,0,26.3384,0,10.4684,0,11.6752,0,3,16
"2026-05-15 02:46:40",1238735," 05/15/2026 03:58:58.087","            amb",32.9622,0,32.9622,0,-0.01,0,9654.33,0,1824.1,0,33.2836,0,1841.88,0,140.172,0,23.1412,0,26.3399,0,10.4684,0,11.6768,0,3,16
"2026-05-15 02:46:50",1238736," 05/15/2026 03:59:08.040","           Ch 2",32.9578,0,32.9578,0,-0.01,0,9668.46,0,1829.54,0,33.2795,0,1847.4,0,140.196,0,23.1414,0,26.354,0,10.4652,0,11.67,0,3,2
"2026-05-15 02:47:00",1238737," 05/15/2026 03:59:17.993","           Ch 2",32.9409,0,32.9409,0,-0.01,0,9610.59,0,1833.69,0,33.2606,0,1851.48,0,140.175,0,23.1403,0,26.3508,0,10.4662,0,11.6717,0,3,2
"2026-05-15 02:47:10",1238738," 05/15/2026 03:59:27.947","           Ch 2",32.9138,0,32.9138,0,-0.01,0,9666.77,0,1835.74,0,33.2351,0,1853.66,0,140.174,0,23.1405,0,26.3511,0,10.4652,0,11.6742,0,3,2
"2026-05-15 02:47:20",1238739," 05/15/2026 03:59:37.901","           Ch 2",32.9007,0,32.9007,0,-0.01,0,9592.03,0,1842.38,0,33.2193,0,1860.22,0,140.159,0,23.141,0,26.3486,0,10.4671,0,11.673,0,3,2
"2026-05-15 02:47:30",1238740," 05/15/2026 03:59:47.856","           Ch 2",32.9075,0,32.9075,0,-0.01,0,9658.1,0,1845.77,0,33.2284,0,1863.77,0,140.179,0,23.14,0,26.3491,0,10.4698,0,11.6806,0,3,2
"2026-05-15 02:47:40",1238741," 05/15/2026 03:59:57.808","           Ch 2",32.9094,0,32.9094,0,-0.01,0,9650.28,0,1851.51,0,33.23,0,1869.56,0,140.173,0,23.1397,0,26.3436,0,10.4684,0,11.6773,0,3,2
"2026-05-15 02:47:50",1238742," 05/15/2026 04:00:07.763","           Ch 2",32.9187,0,32.9187,0,-0.01,0,9679.33,0,1856.96,0,33.2405,0,1875.11,0,140.176,0,23.1396,0,26.3528,0,10.4658,0,11.6785,0,3,2
"2026-05-15 02:48:00",1238743," 05/15/2026 04:00:17.716","           Ch 2",32.9323,0,32.9323,0,-0.01,0,9631.62,0,1862.93,0,33.2526,0,1881.05,0,140.176,0,23.1395,0,26.3522,0,10.4672,0,11.6759,0,3,2
"2026-05-15 02:48:10",1238744," 05/15/2026 04:00:28.666","           Ch 2",32.9496,0,32.9496,0,-0.01,0,9623.97,0,1870.6,0,33.2698,0,1888.78,0,140.177,0,23.1396,0,26.3504,0,10.4667,0,11.6744,0,3,2
"2026-05-15 02:48:20",1238745," 05/15/2026 04:00:38.619","           Ch 2",32.974,0,32.974,0,-0.01,0,9695.22,0,1878.25,0,33.2969,0,1896.64,0,140.181,0,23.1389,0,26.3583,0,10.4607,0,11.6649,0,3,2
"2026-05-15 02:48:30",1238746," 05/15/2026 04:00:48.572","           Ch 2",32.9752,0,32.9752,0,-0.01,0,9605.32,0,1881.1,0,33.295,0,1899.35,0,140.175,0,23.1385,0,26.3506,0,10.4635,0,11.6738,0,3,2
"2026-05-15 02:48:40",1238747," 05/15/2026 04:00:58.526","           Ch 2",32.9861,0,32.9861,0,-0.01,0,9658.2,0,1888.06,0,33.3078,0,1906.47,0,140.177,0,23.1375,0,26.3517,0,10.4661,0,11.672,0,3,2
"2026-05-15 02:48:50",1238748," 05/15/2026 04:01:08.479","           Ch 2",32.9901,0,32.9901,0,-0.01,0,9590.8,0,1892.78,0,33.3095,0,1911.1,0,140.179,0,23.1376,0,26.3563,0,10.4642,0,11.6706,0,3,2
"2026-05-15 02:49:00",1238749," 05/15/2026 04:01:18.432","           Ch 2",32.9931,0,32.9931,0,-0.01,0,9638.86,0,1896.58,0,33.3142,0,1915.04,0,140.174,0,23.1371,0,26.3499,0,10.4649,0,11.6771,0,3,2
"2026-05-15 02:49:10",1238750," 05/15/2026 04:01:28.386","           Ch 2",32.9985,0,32.9985,0,-0.01,0,9643.07,0,1903.59,0,33.3198,0,1922.13,0,140.176,0,23.1374,0,26.3482,0,10.4672,0,11.6733,0,3,2
"2026-05-15 02:49:20",1238751," 05/15/2026 04:01:38.338","           Ch 2",32.9881,0,32.9881,0,-0.01,0,9610.33,0,1907,0,33.3082,0,1925.51,0,140.173,0,23.1369,0,26.3468,0,10.4673,0,11.6773,0,3,2
"2026-05-15 02:49:30",1238752," 05/15/2026 04:01:48.289","           Ch 2",33.0026,0,33.0026,0,-0.01,0,9640.92,0,1908.83,0,33.3239,0,1927.41,0,140.178,0,23.1371,0,26.3392,0,10.4718,0,11.6832,0,3,2
"2026-05-15 02:49:40",1238753," 05/15/2026 04:01:58.243","           Ch 2",32.9986,0,32.9986,0,-0.01,0,9630.88,0,1918.37,0,33.3195,0,1937.02,0,140.172,0,23.1356,0,26.3353,0,10.4641,0,11.6707,0,3,2
"2026-05-15 02:49:50",1238754," 05/15/2026 04:02:08.200","           Ch 2",33.0223,0,33.0223,0,-0.01,0,9657.19,0,1921.1,0,33.3444,0,1939.84,0,140.178,0,23.137,0,26.3414,0,10.4695,0,11.6782,0,3,2
"2026-05-15 02:50:00",1238755," 05/15/2026 04:02:18.154","           Ch 2",33.0455,0,33.0455,0,-0.01,0,9642.6,0,1926.81,0,33.3672,0,1945.57,0,140.176,0,23.1357,0,26.3445,0,10.4653,0,11.671,0,3,2
"2026-05-15 02:50:10",1238756," 05/15/2026 04:02:28.105","           Ch 2",33.0374,0,33.0374,0,-0.01,0,9568.44,0,1931.41,0,33.3566,0,1950.07,0,140.158,0,23.1357,0,26.3399,0,10.4644,0,11.6699,0,3,2
"2026-05-15 02:50:20",1238757," 05/15/2026 04:02:38.057","           Ch 2",33.0337,0,33.0337,0,-0.01,0,9599.07,0,1935.09,0,33.3539,0,1953.84,0,140.173,0,23.1346,0,26.3349,0,10.465,0,11.6714,0,3,2
"2026-05-15 02:50:30",1238758," 05/15/2026 04:02:48.010","           Ch 2",33.0363,0,33.0363,0,-0.01,0,9594.82,0,1939.47,0,33.3563,0,1958.26,0,140.178,0,23.1338,0,26.3331,0,10.4634,0,11.667,0,3,2
"2026-05-15 02:50:40",1238759," 05/15/2026 04:02:57.964","           Ch 2",33.0087,0,33.0087,0,-0.01,0,9633.25,0,1941.13,0,33.3298,0,1960.01,0,140.179,0,23.1341,0,26.3357,0,10.4699,0,11.675,0,3,2
"2026-05-15 02:50:50",1238760," 05/15/2026 04:03:07.918","           Ch 2",33.0239,0,33.0239,0,-0.01,0,9562.37,0,1943.79,0,33.3427,0,1962.55,0,140.174,0,23.1346,0,26.3384,0,10.4655,0,11.6742,0,3,2
"2026-05-15 02:51:00",1238761," 05/15/2026 04:03:17.871","           Ch 2",33.0651,0,33.0651,0,-0.01,0,9629.96,0,1950.53,0,33.3866,0,1969.5,0,140.176,0,23.1341,0,26.3256,0,10.468,0,11.673,0,3,2
"2026-05-15 02:51:10",1238762," 05/15/2026 04:03:27.824","           Ch 2",33.0855,0,33.0855,0,-0.01,0,9695.76,0,1956.31,0,33.4094,0,1975.46,0,140.179,0,23.1338,0,26.3234,0,10.466,0,11.6689,0,3,2
"2026-05-15 02:51:20",1238763," 05/15/2026 04:03:37.777","           Ch 2",33.1178,0,33.1178,0,-0.01,0,9620.83,0,1960.31,0,33.4395,0,1979.36,0,140.173,0,23.1337,0,26.3298,0,10.4682,0,11.6739,0,3,2
"2026-05-15 02:51:30",1238764," 05/15/2026 04:03:47.732","           Ch 2",33.1485,0,33.1485,0,-0.01,0,9635.76,0,1966.74,0,33.471,0,1985.87,0,140.176,0,23.1338,0,26.3262,0,10.4674,0,11.6743,0,3,2
"2026-05-15 02:51:40",1238765," 05/15/2026 04:03:58.681","           Ch 2",33.2065,0,33.2065,0,-0.01,0,9627.13,0,1972.73,0,33.5293,0,1991.9,0,140.163,0,23.1329,0,26.3212,0,10.4633,0,11.6715,0,3,2
"2026-05-15 02:51:50",1238766," 05/15/2026 04:04:08.633","           Ch 2",33.232,0,33.232,0,-0.01,0,9726.78,0,1976.58,0,33.5585,0,1996,0,140.176,0,23.1326,0,26.3227,0,10.4635,0,11.672,0,3,2
"2026-05-15 02:52:00",1238767," 05/15/2026 04:04:18.588","           Ch 2",33.2371,0,33.2371,0,-0.01,0,9627.15,0,1979.73,0,33.5602,0,1998.98,0,140.174,0,23.1324,0,26.3263,0,10.4637,0,11.6746,0,3,2
"2026-05-15 02:52:10",1238768," 05/15/2026 04:04:28.540","           Ch 2",33.2887,0,33.2887,0,-0.01,0,9596.7,0,1986.68,0,33.6113,0,2005.94,0,140.175,0,23.1315,0,26.3224,0,10.4643,0,11.6682,0,3,2
"2026-05-15 02:52:20",1238769," 05/15/2026 04:04:38.497","           Ch 2",33.318,0,33.318,0,-0.01,0,9666.47,0,1990.85,0,33.6432,0,2010.28,0,140.178,0,23.1314,0,26.3293,0,10.4693,0,11.6756,0,3,2
"2026-05-15 02:52:30",1238770," 05/15/2026 04:04:48.450","           Ch 2",33.3299,0,33.3299,0,-0.01,0,9586.96,0,1993.98,0,33.6526,0,2013.29,0,140.2,0,23.1318,0,26.3205,0,10.4635,0,11.6745,0,3,2
"2026-05-15 02:52:40",1238771," 05/15/2026 04:04:58.404","           Ch 2",33.3431,0,33.3431,0,-0.01,0,9570.09,0,1997.7,0,33.6653,0,2017.01,0,140.174,0,23.1316,0,26.3186,0,10.469,0,11.6744,0,3,2
"2026-05-15 02:52:50",1238772," 05/15/2026 04:05:08.358","           Ch 2",33.3794,0,33.3794,0,-0.01,0,9648.95,0,2002.86,0,33.7046,0,2022.37,0,140.177,0,23.1314,0,26.3214,0,10.4682,0,11.6742,0,3,2
"2026-05-15 02:53:00",1238773," 05/15/2026 04:05:18.311","           Ch 2",33.4071,0,33.4071,0,-0.01,0,9685.05,0,2008.08,0,33.7338,0,2027.72,0,140.212,0,23.1304,0,26.3263,0,10.4697,0,11.6749,0,3,2
"2026-05-15 02:53:10",1238774," 05/15/2026 04:05:28.263","           Ch 2",33.4502,0,33.4502,0,-0.01,0,9618.73,0,2013.98,0,33.775,0,2033.54,0,140.175,0,23.1314,0,26.329,0,10.4674,0,11.6744,0,3,2
"2026-05-15 02:53:20",1238775," 05/15/2026 04:05:38.218","           Ch 2",33.5021,0,33.5021,0,-0.01,0,9651.28,0,2018.77,0,33.8286,0,2038.44,0,140.175,0,23.1316,0,26.3298,0,10.4685,0,11.6767,0,3,2
"2026-05-15 02:53:30",1238776," 05/15/2026 04:05:48.169","           Ch 2",33.5381,0,33.5381,0,-0.01,0,9544.81,0,2022.52,0,33.8613,0,2042.01,0,140.175,0,23.1308,0,26.3218,0,10.4664,0,11.6764,0,3,2
"2026-05-15 02:53:40",1238777," 05/15/2026 04:05:58.125","           Ch 2",33.5689,0,33.5689,0,-0.01,0,9619.21,0,2029.55,0,33.895,0,2049.26,0,140.178,0,23.1313,0,26.3265,0,10.4664,0,11.6744,0,3,2
"2026-05-15 02:53:50",1238778," 05/15/2026 04:06:08.078","           Ch 2",33.5885,0,33.5885,0,-0.01,0,9581.88,0,2033.82,0,33.9135,0,2053.5,0,140.173,0,23.1306,0,26.3246,0,10.4687,0,11.6703,0,3,2
"2026-05-15 02:54:00",1238779," 05/15/2026 04:06:18.030","           Ch 2",33.6489,0,33.6489,0,-0.01,0,9569.46,0,2037.29,0,33.974,0,2056.98,0,140.175,0,23.1299,0,26.3214,0,10.4676,0,11.6745,0,3,2
"2026-05-15 02:54:10",1238780," 05/15/2026 04:06:27.985","           Ch 2",33.6889,0,33.6889,0,-0.01,0,9562.14,0,2042.72,0,34.0141,0,2062.44,0,140.176,0,23.1301,0,26.3217,0,10.4685,0,11.6763,0,3,2
"2026-05-15 02:54:20",1238781," 05/15/2026 04:06:37.938","           Ch 2",33.7214,0,33.7214,0,-0.01,0,9602.03,0,2047.65,0,34.0483,0,2067.51,0,140.172,0,23.131,0,26.3278,0,10.4635,0,11.6707,0,3,2
"2026-05-15 02:54:30",1238782," 05/15/2026 04:06:47.892","           Ch 2",33.752,0,33.752,0,-0.01,0,9658.42,0,2051.25,0,34.0812,0,2071.25,0,140.176,0,23.1304,0,26.3275,0,10.4657,0,11.6722,0,3,2
"2026-05-15 02:54:40",1238783," 05/15/2026 04:06:57.843","           Ch 2",33.7704,0,33.7704,0,-0.01,0,9605.73,0,2055.04,0,34.0979,0,2074.97,0,140.175,0,23.1293,0,26.3186,0,10.4712,0,11.6791,0,3,2
"2026-05-15 02:54:50",1238784," 05/15/2026 04:07:07.798","           Ch 2",33.797,0,33.797,0,-0.01,0,9638.85,0,2057.95,0,34.1259,0,2077.98,0,140.193,0,23.1295,0,26.3256,0,10.4646,0,11.6706,0,3,2
"2026-05-15 02:55:00",1238785," 05/15/2026 04:07:17.751","           Ch 2",33.8199,0,33.8199,0,-0.01,0,9621.36,0,2059.38,0,34.1484,0,2079.39,0,140.173,0,23.1293,0,26.3193,0,10.4656,0,11.6727,0,3,2
"2026-05-15 02:55:10",1238786," 05/15/2026 04:07:27.704","           Ch 2",33.8353,0,33.8353,0,-0.01,0,9619.33,0,2064.3,0,34.1639,0,2084.35,0,140.177,0,23.1284,0,26.3242,0,10.4627,0,11.6656,0,3,2
"2026-05-15 02:55:20",1238787," 05/15/2026 04:07:38.654","           Ch 2",33.8721,0,33.8721,0,-0.01,0,9632.52,0,2065.06,0,34.2015,0,2085.15,0,140.176,0,23.1284,0,26.3248,0,10.4681,0,11.6732,0,3,2
"2026-05-15 02:55:30",1238788," 05/15/2026 04:07:48.607","           Ch 2",33.8497,0,33.8497,0,-0.01,0,9669.96,0,2065.24,0,34.1803,0,2085.41,0,140.177,0,23.1281,0,26.3223,0,10.4689,0,11.6707,0,3,2
"2026-05-15 02:55:40",1238789," 05/15/2026 04:07:58.562","           Ch 2",33.9068,0,33.9068,0,-0.01,0,9639.61,0,2063.05,0,34.2368,0,2083.13,0,140.174,0,23.1268,0,26.3327,0,10.466,0,11.6769,0,3,2
"2026-05-15 02:55:50",1238790," 05/15/2026 04:08:08.514","           Ch 2",33.8857,0,33.8857,0,-0.01,0,9594.83,0,2065.63,0,34.214,0,2085.64,0,140.152,0,23.127,0,26.3253,0,10.462,0,11.671,0,3,2
"2026-05-15 02:56:00",1238791," 05/15/2026 04:08:18.469","           Ch 2",33.89,0,33.89,0,-0.01,0,9642.08,0,2066.76,0,34.22,0,2086.88,0,140.177,0,23.1268,0,26.3238,0,10.4676,0,11.6744,0,3,2
"2026-05-15 02:56:10",1238792," 05/15/2026 04:08:28.422","           Ch 2",33.8594,0,33.8594,0,-0.01,0,9638.13,0,2065.81,0,34.1889,0,2085.92,0,140.172,0,23.1263,0,26.3239,0,10.465,0,11.6703,0,3,2
"2026-05-15 02:56:20",1238793," 05/15/2026 04:08:38.376","           Ch 2",33.8606,0,33.8606,0,-0.01,0,9632.52,0,2063.82,0,34.1899,0,2083.89,0,140.177,0,23.1258,0,26.3308,0,10.4676,0,11.679,0,3,2
"2026-05-15 02:56:30",1238794," 05/15/2026 04:08:48.330","           Ch 2",33.844,0,33.844,0,-0.01,0,9648.52,0,2064.7,0,34.1737,0,2084.81,0,140.176,0,23.1264,0,26.3291,0,10.4644,0,11.6734,0,3,2
"2026-05-15 02:56:40",1238795," 05/15/2026 04:08:58.281","           Ch 2",33.8171,0,33.8171,0,-0.01,0,9608.92,0,2063.73,0,34.1452,0,2083.76,0,140.175,0,23.1248,0,26.3281,0,10.4677,0,11.6689,0,3,2
"2026-05-15 02:56:50",1238796," 05/15/2026 04:09:08.236","            amb",33.8308,0,33.8308,0,-0.01,0,9651.05,0,2063.81,0,34.1605,0,2083.92,0,140.176,0,23.1251,0,26.3274,0,10.4671,0,11.6711,0,3,16
"2026-05-15 02:57:00",1238797," 05/15/2026 04:09:18.189","            amb",33.8211,0,33.8211,0,-0.01,0,9617.61,0,2062.63,0,34.1495,0,2082.66,0,140.175,0,23.1238,0,26.3256,0,10.4662,0,11.6726,0,3,16
"2026-05-15 02:57:10",1238798," 05/15/2026 04:09:28.141","            amb",33.7872,0,33.7872,0,-0.01,0,9570.47,0,2062.45,0,34.1137,0,2082.38,0,140.212,0,23.1229,0,26.3214,0,10.4631,0,11.6677,0,3,16
"2026-05-15 02:57:20",1238799," 05/15/2026 04:09:38.095","            amb",33.8099,0,33.8099,0,-0.01,0,9624.63,0,2061.03,0,34.1385,0,2081.06,0,140.175,0,23.1226,0,26.3273,0,10.4674,0,11.6738,0,3,16
"2026-05-15 02:57:30",1238800," 05/15/2026 04:09:48.049","            amb",33.8094,0,33.8094,0,-0.01,0,9651.42,0,2059.51,0,34.1389,0,2079.59,0,140.173,0,23.1215,0,26.3244,0,10.4673,0,11.6762,0,3,16
"2026-05-15 02:57:40",1238801," 05/15/2026 04:09:58.003","            amb",33.7788,0,33.7788,0,-0.01,0,9683.72,0,2058.96,0,34.1091,0,2079.1,0,140.184,0,23.1208,0,26.3264,0,10.4678,0,11.6745,0,3,16
"2026-05-15 02:57:50",1238802," 05/15/2026 04:10:07.957","            amb",33.7443,0,33.7443,0,-0.01,0,9589.66,0,2057.39,0,34.071,0,2077.31,0,140.176,0,23.1216,0,26.3309,0,10.4697,0,11.6728,0,3,16
"2026-05-15 02:58:00",1238803," 05/15/2026 04:10:17.910","            amb",33.7362,0,33.7362,0,-0.01,0,9588.86,0,2055.48,0,34.0628,0,2075.38,0,140.175,0,23.1206,0,26.3244,0,10.4657,0,11.676,0,3,16
"2026-05-15 02:58:10",1238804," 05/15/2026 04:10:27.864","            amb",33.73,0,33.73,0,-0.01,0,9658.35,0,2055.7,0,34.0589,0,2075.75,0,140.174,0,23.121,0,26.327,0,10.4684,0,11.6766,0,3,16
"2026-05-15 02:58:20",1238805," 05/15/2026 04:10:37.816","            amb",33.7165,0,33.7165,0,-0.01,0,9585.5,0,2055.37,0,34.0428,0,2075.26,0,140.177,0,23.1201,0,26.323,0,10.4686,0,11.6768,0,3,16
"2026-05-15 02:58:30",1238806," 05/15/2026 04:10:47.770","            amb",33.7159,0,33.7159,0,-0.01,0,9627.95,0,2054.56,0,34.0436,0,2074.53,0,140.173,0,23.1204,0,26.3221,0,10.4662,0,11.6774,0,3,16
"2026-05-15 02:58:40",1238807," 05/15/2026 04:10:57.723","            amb",33.7193,0,33.7193,0,-0.01,0,9634.53,0,2056.78,0,34.0473,0,2076.79,0,140.175,0,23.1201,0,26.3256,0,10.4659,0,11.6703,0,3,16
"2026-05-15 02:58:50",1238808," 05/15/2026 04:11:08.671","            amb",33.6862,0,33.6862,0,-0.01,0,9571.16,0,2055.18,0,34.0117,0,2075.04,0,140.173,0,23.1194,0,26.3265,0,10.4654,0,11.6711,0,3,16
"2026-05-15 02:59:00",1238809," 05/15/2026 04:11:18.626","            amb",33.677,0,33.677,0,-0.01,0,9679.78,0,2054.11,0,34.0062,0,2074.19,0,140.176,0,23.1191,0,26.3288,0,10.4668,0,11.6729,0,3,16
"2026-05-15 02:59:10",1238810," 05/15/2026 04:11:28.578","            amb",33.6526,0,33.6526,0,-0.01,0,9646.48,0,2053.52,0,33.9804,0,2073.53,0,140.179,0,23.1181,0,26.3248,0,10.4643,0,11.672,0,3,16
"2026-05-15 02:59:20",1238811," 05/15/2026 04:11:38.533","            amb",33.603,0,33.603,0,-0.01,0,9594.73,0,2051.68,0,33.9285,0,2071.56,0,140.175,0,23.1171,0,26.3281,0,10.4671,0,11.6719,0,3,16
"2026-05-15 02:59:30",1238812," 05/15/2026 04:11:48.486","            amb",33.6242,0,33.6242,0,-0.01,0,9643.38,0,2053.07,0,33.9516,0,2073.06,0,140.176,0,23.1175,0,26.3172,0,10.4628,0,11.6682,0,3,16
"2026-05-15 02:59:40",1238813," 05/15/2026 04:11:58.440","            amb",33.6043,0,33.6043,0,-0.01,0,9608.37,0,2053.05,0,33.9303,0,2072.97,0,140.179,0,23.1175,0,26.3164,0,10.4698,0,11.6766,0,3,16
"2026-05-15 02:59:50",1238814," 05/15/2026 04:12:08.393","            amb",33.6031,0,33.6031,0,-0.01,0,9635.09,0,2053.87,0,33.93,0,2073.85,0,140.173,0,23.1177,0,26.3176,0,10.469,0,11.6739,0,3,16
"2026-05-15 03:00:00",1238815," 05/15/2026 04:12:18.345","            amb",33.6304,0,33.6304,0,-0.01,0,9613.9,0,2055.5,0,33.9569,0,2075.45,0,140.142,0,23.1175,0,26.3264,0,10.4662,0,11.667,0,3,16
"2026-05-15 03:00:10",1238816," 05/15/2026 04:12:28.299","            amb",33.6094,0,33.6094,0,-0.01,0,9678.69,0,2053.51,0,33.9379,0,2073.58,0,140.172,0,23.117,0,26.3267,0,10.4691,0,11.6757,0,3,16
"2026-05-15 03:00:20",1238817," 05/15/2026 04:12:38.254","            amb",33.5843,0,33.5843,0,-0.01,0,9633.92,0,2053.98,0,33.911,0,2073.96,0,140.176,0,23.1169,0,26.3271,0,10.4682,0,11.6734,0,3,16
"2026-05-15 03:00:30",1238818," 05/15/2026 04:12:48.207","            amb",33.5665,0,33.5665,0,-0.01,0,9596.95,0,2054.26,0,33.8918,0,2074.16,0,140.148,0,23.1176,0,26.3246,0,10.4663,0,11.6688,0,3,16
"2026-05-15 03:00:40",1238819," 05/15/2026 04:12:58.161","            amb",33.5724,0,33.5724,0,-0.01,0,9646.79,0,2053.21,0,33.8994,0,2073.21,0,140.176,0,23.1167,0,26.3171,0,10.4676,0,11.6728,0,3,16
"2026-05-15 03:00:50",1238820," 05/15/2026 04:13:08.114","            amb",33.5424,0,33.5424,0,-0.01,0,9631.47,0,2054.28,0,33.8686,0,2074.26,0,140.176,0,23.116,0,26.3138,0,10.4668,0,11.6691,0,3,16
"2026-05-15 03:01:00",1238821," 05/15/2026 04:13:18.067","            amb",33.5206,0,33.5206,0,-0.01,0,9555.64,0,2052.57,0,33.844,0,2072.37,0,140.176,0,23.1157,0,26.3167,0,10.47,0,11.6823,0,3,16
"2026-05-15 03:01:10",1238822," 05/15/2026 04:13:28.021","            amb",33.5204,0,33.5204,0,-0.01,0,9584.5,0,2052.39,0,33.8448,0,2072.26,0,140.173,0,23.1154,0,26.3162,0,10.4634,0,11.674,0,3,16
"2026-05-15 03:01:20",1238823," 05/15/2026 04:13:37.973","            amb",33.4997,0,33.4997,0,-0.01,0,9612.62,0,2052.22,0,33.8248,0,2072.14,0,140.177,0,23.1157,0,26.3175,0,10.4657,0,11.6728,0,3,16
"2026-05-15 03:01:30",1238824," 05/15/2026 04:13:47.928","            amb",33.4793,0,33.4793,0,-0.01,0,9677.26,0,2050.62,0,33.8065,0,2070.65,0,140.176,0,23.1162,0,26.3135,0,10.4685,0,11.6773,0,3,16
"2026-05-15 03:01:40",1238825," 05/15/2026 04:13:57.882","            amb",33.4722,0,33.4722,0,-0.01,0,9635.51,0,2049.45,0,33.7978,0,2069.39,0,140.173,0,23.1154,0,26.3107,0,10.4638,0,11.6762,0,3,16
"2026-05-15 03:01:50",1238826," 05/15/2026 04:14:07.834","          Ch 11",33.4824,0,33.4824,0,-0.01,0,9675.16,0,2051.2,0,33.8096,0,2071.24,0,140.155,0,23.1159,0,26.3216,0,10.4622,0,11.6744,0,3,11
"2026-05-15 03:02:00",1238827," 05/15/2026 04:14:17.786","          Ch 11",33.4565,0,33.4565,0,-0.01,0,9652.02,0,2051.31,0,33.7825,0,2071.3,0,140.178,0,23.1147,0,26.3182,0,10.4644,0,11.6695,0,3,11
"2026-05-15 03:02:10",1238828," 05/15/2026 04:14:27.739","          Ch 11",33.4156,0,33.4156,0,-0.01,0,9725.51,0,2051.96,0,33.7438,0,2072.12,0,140.171,0,23.1143,0,26.3107,0,10.4687,0,11.667,0,3,11
"2026-05-15 03:02:20",1238829," 05/15/2026 04:14:38.689","          Ch 11",33.4222,0,33.4222,0,-0.01,0,9610.48,0,2050.32,0,33.7465,0,2070.21,0,140.174,0,23.1139,0,26.3096,0,10.4646,0,11.6733,0,3,11
"2026-05-15 03:02:30",1238830," 05/15/2026 04:14:48.644","          Ch 11",33.4158,0,33.4158,0,-0.01,0,9618.96,0,2050.17,0,33.7403,0,2070.08,0,140.174,0,23.1139,0,26.3168,0,10.468,0,11.676,0,3,11
"2026-05-15 03:02:40",1238831," 05/15/2026 04:14:58.596","          Ch 11",33.3933,0,33.3933,0,-0.01,0,9676.15,0,2050.55,0,33.7196,0,2070.58,0,140.178,0,23.1132,0,26.3223,0,10.4675,0,11.6718,0,3,11
"2026-05-15 03:02:50",1238832," 05/15/2026 04:15:08.550","          Ch 11",33.4024,0,33.4024,0,-0.01,0,9655.48,0,2053.49,0,33.7281,0,2073.51,0,140.174,0,23.1121,0,26.3178,0,10.4621,0,11.6649,0,3,11
"2026-05-15 03:03:00",1238833," 05/15/2026 04:15:18.503","          Ch 11",33.4253,0,33.4253,0,-0.01,0,9695.99,0,2053.31,0,33.7526,0,2073.41,0,140.175,0,23.1124,0,26.3192,0,10.4613,0,11.6684,0,3,11
"2026-05-15 03:03:10",1238834," 05/15/2026 04:15:28.457","          Ch 11",33.3816,0,33.3816,0,-0.01,0,9731.02,0,2049.88,0,33.7096,0,2070.02,0,140.173,0,23.1121,0,26.316,0,10.4715,0,11.684,0,3,11
"2026-05-15 03:03:20",1238835," 05/15/2026 04:15:38.411","          Ch 11",33.3745,0,33.3745,0,-0.01,0,9682.45,0,2051.38,0,33.7008,0,2071.44,0,140.206,0,23.1119,0,26.3087,0,10.4675,0,11.6749,0,3,11
"2026-05-15 03:03:30",1238836," 05/15/2026 04:15:48.365","          Ch 11",33.3676,0,33.3676,0,-0.01,0,9650.67,0,2052.44,0,33.6928,0,2072.44,0,140.175,0,23.1121,0,26.3098,0,10.4671,0,11.6742,0,3,11
"2026-05-15 03:03:40",1238837," 05/15/2026 04:15:58.318","          Ch 11",33.3595,0,33.3595,0,-0.01,0,9648.51,0,2052.31,0,33.6845,0,2072.3,0,140.176,0,23.1113,0,26.3115,0,10.466,0,11.6733,0,3,11
"2026-05-15 03:03:50",1238838," 05/15/2026 04:16:08.272","          Ch 11",33.3543,0,33.3543,0,-0.01,0,9638.74,0,2054,0,33.6789,0,2074,0,140.176,0,23.1113,0,26.3131,0,10.4699,0,11.6745,0,3,11
"2026-05-15 03:04:00",1238839," 05/15/2026 04:16:18.224","          Ch 11",33.3494,0,33.3494,0,-0.01,0,9707.02,0,2054.59,0,33.6763,0,2074.73,0,140.175,0,23.1109,0,26.3138,0,10.4673,0,11.6739,0,3,11
"2026-05-15 03:04:10",1238840," 05/15/2026 04:16:28.177","          Ch 11",33.3739,0,33.3739,0,-0.01,0,9666.53,0,2056.6,0,33.6997,0,2076.68,0,140.173,0,23.1104,0,26.3124,0,10.4663,0,11.6739,0,3,11
"2026-05-15 03:04:20",1238841," 05/15/2026 04:16:38.130","          Ch 11",33.3744,0,33.3744,0,-0.01,0,9595.08,0,2057.16,0,33.6978,0,2077.09,0,140.176,0,23.11,0,26.3077,0,10.4694,0,11.672,0,3,11
"2026-05-15 03:04:30",1238842," 05/15/2026 04:16:48.086","          Ch 11",33.3801,0,33.3801,0,-0.01,0,9646.42,0,2057,0,33.7053,0,2077.03,0,140.177,0,23.1097,0,26.3161,0,10.4636,0,11.6734,0,3,11
"2026-05-15 03:04:40",1238843," 05/15/2026 04:16:58.039","          Ch 11",33.3562,0,33.3562,0,-0.01,0,9616.57,0,2056.55,0,33.6801,0,2076.52,0,140.162,0,23.1098,0,26.3081,0,10.4667,0,11.6753,0,3,11
"2026-05-15 03:04:50",1238844," 05/15/2026 04:17:07.993","          Ch 11",33.365,0,33.365,0,-0.01,0,9670.5,0,2057.59,0,33.6908,0,2077.68,0,140.174,0,23.1092,0,26.3009,0,10.4674,0,11.6761,0,3,11
"2026-05-15 03:05:00",1238845," 05/15/2026 04:17:17.945","          Ch 11",33.3581,0,33.3581,0,-0.01,0,9699.34,0,2059.76,0,33.6848,0,2079.94,0,140.177,0,23.1089,0,26.3013,0,10.4713,0,11.6743,0,3,11
"2026-05-15 03:05:10",1238846," 05/15/2026 04:17:27.900","          Ch 11",33.3526,0,33.3526,0,-0.01,0,9647.97,0,2059.1,0,33.6775,0,2079.16,0,140.176,0,23.109,0,26.3015,0,10.4674,0,11.6703,0,3,11
"2026-05-15 03:05:20",1238847," 05/15/2026 04:17:37.852","          Ch 11",33.3614,0,33.3614,0,-0.01,0,9637.01,0,2058.45,0,33.686,0,2078.48,0,140.174,0,23.1088,0,26.302,0,10.4663,0,11.6752,0,3,11
"2026-05-15 03:05:30",1238848," 05/15/2026 04:17:47.806","          Ch 11",33.3548,0,33.3548,0,-0.01,0,9638.46,0,2059.45,0,33.6794,0,2079.5,0,140.176,0,23.1082,0,26.3082,0,10.4674,0,11.673,0,3,11
"2026-05-15 03:05:40",1238849," 05/15/2026 04:17:57.760","          Ch 11",33.3636,0,33.3636,0,-0.01,0,9605.29,0,2059.15,0,33.6871,0,2079.12,0,140.179,0,23.1087,0,26.3091,0,10.4667,0,11.6735,0,3,11
"2026-05-15 03:05:50",1238850," 05/15/2026 04:18:07.713","          Ch 11",33.3512,0,33.3512,0,-0.01,0,9654.32,0,2059.31,0,33.6763,0,2079.39,0,140.175,0,23.1075,0,26.3031,0,10.4653,0,11.669,0,3,11
"2026-05-15 03:06:00",1238851," 05/15/2026 04:18:18.662","          Ch 11",33.3673,0,33.3673,0,-0.01,0,9619.31,0,2059.74,0,33.6914,0,2079.75,0,140.175,0,23.1076,0,26.3026,0,10.4656,0,11.6711,0,3,11
"2026-05-15 03:06:10",1238852," 05/15/2026 04:18:28.615","          Ch 11",33.379,0,33.379,0,-0.01,0,9642.51,0,2059.37,0,33.704,0,2079.42,0,140.166,0,23.1071,0,26.3027,0,10.4665,0,11.6739,0,3,11
"2026-05-15 03:06:20",1238853," 05/15/2026 04:18:38.568","          Ch 11",33.3585,0,33.3585,0,-0.01,0,9606.05,0,2058.61,0,33.682,0,2078.58,0,140.178,0,23.106,0,26.3017,0,10.4655,0,11.6681,0,3,11
"2026-05-15 03:06:30",1238854," 05/15/2026 04:18:48.521","          Ch 11",33.3636,0,33.3636,0,-0.01,0,9667.11,0,2056.51,0,33.6893,0,2076.59,0,140.175,0,23.1061,0,26.3083,0,10.467,0,11.6746,0,3,11
"2026-05-15 03:06:40",1238855," 05/15/2026 04:18:58.476","          Ch 11",33.3532,0,33.3532,0,-0.01,0,9623.73,0,2055.22,0,33.6773,0,2075.19,0,140.174,0,23.1062,0,26.3019,0,10.4689,0,11.6785,0,3,11
"2026-05-15 03:06:50",1238856," 05/15/2026 04:19:08.429","          Ch 11",33.3726,0,33.3726,0,-0.01,0,9595.58,0,2052.3,0,33.6959,0,2072.18,0,140.176,0,23.1059,0,26.3017,0,10.4669,0,11.6767,0,3,11
"2026-05-15 03:07:00",1238857," 05/15/2026 04:19:18.382","          Ch 11",33.3293,0,33.3293,0,-0.01,0,9633.13,0,2053.89,0,33.6534,0,2073.87,0,140.176,0,23.1056,0,26.3126,0,10.4663,0,11.6696,0,3,11
"2026-05-15 03:07:10",1238858," 05/15/2026 04:19:28.336","          Ch 11",33.2957,0,33.2957,0,-0.01,0,9632.68,0,2050,0,33.6195,0,2069.93,0,140.174,0,23.1052,0,26.3169,0,10.4668,0,11.6744,0,3,11
"2026-05-15 03:07:20",1238859," 05/15/2026 04:19:38.289","          Ch 11",33.2919,0,33.2919,0,-0.01,0,9664.99,0,2049.07,0,33.6169,0,2069.07,0,140.176,0,23.1049,0,26.3063,0,10.4668,0,11.6719,0,3,11
"2026-05-15 03:07:30",1238860," 05/15/2026 04:19:48.242","          Ch 11",33.2524,0,33.2524,0,-0.01,0,9538.06,0,2046.03,0,33.5726,0,2065.74,0,140.174,0,23.1046,0,26.3122,0,10.4656,0,11.6716,0,3,11
"2026-05-15 03:07:40",1238861," 05/15/2026 04:19:58.197","          Ch 11",33.2366,0,33.2366,0,-0.01,0,9646.57,0,2046.35,0,33.5604,0,2066.28,0,140.176,0,23.1046,0,26.3071,0,10.4597,0,11.6632,0,3,11
"2026-05-15 03:07:50",1238862," 05/15/2026 04:20:08.150","          Ch 11",33.2155,0,33.2155,0,-0.01,0,9627.6,0,2042.75,0,33.5384,0,2062.6,0,140.174,0,23.1044,0,26.3067,0,10.4656,0,11.6687,0,3,11
"2026-05-15 03:08:00",1238863," 05/15/2026 04:20:18.103","          Ch 11",33.1908,0,33.1908,0,-0.01,0,9624.76,0,2038.28,0,33.5133,0,2058.09,0,140.207,0,23.1034,0,26.3057,0,10.4629,0,11.6738,0,3,11
"2026-05-15 03:08:10",1238864," 05/15/2026 04:20:28.055","          Ch 11",33.1512,0,33.1512,0,-0.01,0,9601.4,0,2035.75,0,33.4726,0,2055.49,0,140.173,0,23.1031,0,26.3042,0,10.4652,0,11.6767,0,3,11
"2026-05-15 03:08:20",1238865," 05/15/2026 04:20:38.010","          Ch 11",33.1275,0,33.1275,0,-0.01,0,9679.73,0,2035.05,0,33.4513,0,2054.94,0,140.174,0,23.1029,0,26.3074,0,10.4643,0,11.6698,0,3,11
"2026-05-15 03:08:30",1238866," 05/15/2026 04:20:47.964","          Ch 11",33.126,0,33.126,0,-0.01,0,9680.67,0,2033.56,0,33.4498,0,2053.44,0,140.176,0,23.1038,0,26.3059,0,10.4642,0,11.6702,0,3,11
"2026-05-15 03:08:40",1238867," 05/15/2026 04:20:57.918","          Ch 11",33.0805,0,33.0805,0,-0.01,0,9648.98,0,2030.01,0,33.4028,0,2049.78,0,140.176,0,23.1034,0,26.3046,0,10.4659,0,11.6734,0,3,11
"2026-05-15 03:08:50",1238868," 05/15/2026 04:21:07.871","          Ch 11",33.0472,0,33.0472,0,-0.01,0,9654.54,0,2028.76,0,33.3694,0,2048.54,0,140.176,0,23.1028,0,26.3034,0,10.4674,0,11.6697,0,3,11
"2026-05-15 03:09:00",1238869," 05/15/2026 04:21:17.824","          Ch 11",33.045,0,33.045,0,-0.01,0,9638.38,0,2027.35,0,33.3666,0,2047.08,0,140.174,0,23.103,0,26.3038,0,10.4681,0,11.6726,0,3,11
"2026-05-15 03:09:10",1238870," 05/15/2026 04:21:27.778","          Ch 11",33.037,0,33.037,0,-0.01,0,9716.4,0,2027.52,0,33.3612,0,2047.41,0,140.177,0,23.103,0,26.2994,0,10.468,0,11.6701,0,3,11
"2026-05-15 03:09:20",1238871," 05/15/2026 04:21:37.731","          Ch 11",33.0005,0,33.0005,0,-0.01,0,9635.07,0,2023.02,0,33.3216,0,2042.7,0,140.193,0,23.1031,0,26.3032,0,10.4669,0,11.6761,0,3,11
"2026-05-15 03:09:30",1238872," 05/15/2026 04:21:48.680","          Ch 11",32.9784,0,32.9784,0,-0.01,0,9675.64,0,2021.03,0,33.3006,0,2040.78,0,140.169,0,23.103,0,26.3069,0,10.4645,0,11.6761,0,3,11
"2026-05-15 03:09:40",1238873," 05/15/2026 04:21:58.633","          Ch 11",32.961,0,32.961,0,-0.01,0,9654.05,0,2023.37,0,33.2823,0,2043.1,0,140.175,0,23.1024,0,26.3132,0,10.4662,0,11.6678,0,3,11
"2026-05-15 03:09:50",1238874," 05/15/2026 04:22:08.586","          Ch 11",32.9306,0,32.9306,0,-0.01,0,9621.97,0,2019,0,33.2506,0,2038.62,0,140.177,0,23.1012,0,26.3036,0,10.4652,0,11.6719,0,3,11
"2026-05-15 03:10:00",1238875," 05/15/2026 04:22:18.540","          Ch 11",32.9217,0,32.9217,0,-0.01,0,9612.43,0,2017.29,0,33.2412,0,2036.87,0,140.177,0,23.1016,0,26.2984,0,10.4674,0,11.6737,0,3,11
"2026-05-15 03:10:10",1238876," 05/15/2026 04:22:28.494","          Ch 11",32.8886,0,32.8886,0,-0.01,0,9659.33,0,2017.04,0,33.2094,0,2036.71,0,140.174,0,23.1017,0,26.2978,0,10.4677,0,11.6721,0,3,11
"2026-05-15 03:10:20",1238877," 05/15/2026 04:22:38.447","          Ch 11",32.8752,0,32.8752,0,-0.01,0,9650.82,0,2016.38,0,33.1956,0,2036.03,0,140.179,0,23.102,0,26.2952,0,10.4683,0,11.6748,0,3,11
"2026-05-15 03:10:30",1238878," 05/15/2026 04:22:48.399","          Ch 11",32.8562,0,32.8562,0,-0.01,0,9682.94,0,2015.42,0,33.1775,0,2035.13,0,140.174,0,23.1008,0,26.2921,0,10.4657,0,11.6723,0,3,11
"2026-05-15 03:10:40",1238879," 05/15/2026 04:22:58.353","          Ch 11",32.8318,0,32.8318,0,-0.01,0,9667.64,0,2015.5,0,33.1523,0,2035.17,0,140.173,0,23.1013,0,26.2968,0,10.4633,0,11.6697,0,3,11
"2026-05-15 03:10:50",1238880," 05/15/2026 04:23:08.307","          Ch 11",32.7797,0,32.7797,0,-0.01,0,9436.51,0,2010.83,0,33.092,0,2029.99,0,140.141,0,23.1011,0,26.3053,0,10.4725,0,11.6807,0,3,11
"2026-05-15 03:11:00",1238881," 05/15/2026 04:23:18.260","          Ch 11",32.789,0,32.789,0,-0.01,0,9545.03,0,2012.75,0,33.105,0,2032.15,0,140.177,0,23.1009,0,26.3078,0,10.4684,0,11.6752,0,3,11
"2026-05-15 03:11:10",1238882," 05/15/2026 04:23:28.214","          Ch 11",32.7713,0,32.7713,0,-0.01,0,9625.43,0,2010.36,0,33.0898,0,2029.9,0,140.174,0,23.1013,0,26.3102,0,10.4641,0,11.674,0,3,11
"2026-05-15 03:11:20",1238883," 05/15/2026 04:23:38.168","          Ch 11",32.7546,0,32.7546,0,-0.01,0,9582.28,0,2008.98,0,33.0715,0,2028.42,0,140.176,0,23.1014,0,26.311,0,10.4661,0,11.6737,0,3,11
"2026-05-15 03:11:30",1238884," 05/15/2026 04:23:48.121","          Ch 11",32.7363,0,32.7363,0,-0.01,0,9644.29,0,2007.62,0,33.0551,0,2027.17,0,140.174,0,23.1014,0,26.3075,0,10.4635,0,11.6729,0,3,11
"2026-05-15 03:11:40",1238885," 05/15/2026 04:23:58.075","          Ch 11",32.6962,0,32.6962,0,-0.01,0,9615.96,0,2006.58,0,33.0137,0,2026.06,0,140.175,0,23.0999,0,26.3078,0,10.4734,0,11.683,0,3,11
"2026-05-15 03:11:50",1238886," 05/15/2026 04:24:08.028","            amb",32.6689,0,32.6689,0,-0.01,0,9624.11,0,2003.46,0,32.9864,0,2022.93,0,140.176,0,23.1005,0,26.313,0,10.4643,0,11.672,0,3,16
"2026-05-15 03:12:00",1238887," 05/15/2026 04:24:17.982","            amb",32.6312,0,32.6312,0,-0.01,0,9649.57,0,2001.02,0,32.9492,0,2020.52,0,140.173,0,23.1007,0,26.3112,0,10.4681,0,11.6731,0,3,16
"2026-05-15 03:12:10",1238888," 05/15/2026 04:24:27.933","            amb",32.599,0,32.599,0,-0.01,0,9701.38,0,1998.55,0,32.9184,0,2018.13,0,140.175,0,23.1,0,26.309,0,10.4685,0,11.6777,0,3,16
"2026-05-15 03:12:20",1238889," 05/15/2026 04:24:37.889","            amb",32.5635,0,32.5635,0,-0.01,0,9700.53,0,1995.51,0,32.8825,0,2015.05,0,140.177,0,23.1005,0,26.3192,0,10.4658,0,11.6729,0,3,16
"2026-05-15 03:12:30",1238890," 05/15/2026 04:24:47.842","            amb",32.5491,0,32.5491,0,-0.01,0,9635.58,0,1992.85,0,32.8658,0,2012.24,0,140.173,0,23.1002,0,26.3186,0,10.4605,0,11.6723,0,3,16
"2026-05-15 03:12:40",1238891," 05/15/2026 04:24:57.796","            amb",32.5092,0,32.5092,0,-0.01,0,9635.32,0,1988.49,0,32.8254,0,2007.84,0,140.149,0,23.1003,0,26.317,0,10.4664,0,11.6776,0,3,16
"2026-05-15 03:12:50",1238892," 05/15/2026 04:25:07.747","            amb",32.4421,0,32.4421,0,-0.01,0,9614.29,0,1986.61,0,32.7571,0,2005.89,0,140.176,0,23.0994,0,26.3109,0,10.463,0,11.6688,0,3,16
"2026-05-15 03:13:00",1238893," 05/15/2026 04:25:17.701","            amb",32.3892,0,32.3892,0,-0.01,0,9668.99,0,1982,0,32.7055,0,2001.35,0,140.174,0,23.0994,0,26.3045,0,10.4666,0,11.6722,0,3,16
"2026-05-15 03:13:10",1238894," 05/15/2026 04:25:28.648","            amb",32.3804,0,32.3804,0,-0.01,0,9606.31,0,1976.67,0,32.6945,0,1995.84,0,140.173,0,23.0986,0,26.3056,0,10.4659,0,11.6763,0,3,16
"2026-05-15 03:13:20",1238895," 05/15/2026 04:25:38.603","            amb",32.3154,0,32.3154,0,-0.01,0,9468.95,0,1972.78,0,32.6243,0,1991.63,0,140.172,0,23.0978,0,26.3002,0,10.4627,0,11.6775,0,3,16
"2026-05-15 03:13:30",1238896," 05/15/2026 04:25:48.556","            amb",32.2935,0,32.2935,0,-0.01,0,9734.08,0,1971.38,0,32.6109,0,1990.76,0,140.175,0,23.0978,0,26.299,0,10.4641,0,11.6703,0,3,16
"2026-05-15 03:13:40",1238897," 05/15/2026 04:25:58.508","            amb",32.2598,0,32.2598,0,-0.01,0,9617.73,0,1964.37,0,32.5731,0,1983.45,0,140.174,0,23.0981,0,26.2986,0,10.4671,0,11.6781,0,3,16
"2026-05-15 03:13:50",1238898," 05/15/2026 04:26:08.462","            amb",32.1684,0,32.1684,0,-0.01,0,9661.04,0,1961.93,0,32.4822,0,1981.07,0,140.173,0,23.0979,0,26.2997,0,10.467,0,11.6745,0,3,16
"2026-05-15 03:14:00",1238899," 05/15/2026 04:26:18.415","            amb",32.1183,0,32.1183,0,-0.01,0,9671.42,0,1957.04,0,32.432,0,1976.15,0,140.177,0,23.0967,0,26.3023,0,10.4637,0,11.6685,0,3,16
"2026-05-15 03:14:10",1238900," 05/15/2026 04:26:28.370","            amb",32.0646,0,32.0646,0,-0.01,0,9796.78,0,1952.58,0,32.3818,0,1971.9,0,140.211,0,23.0972,0,26.2992,0,10.4657,0,11.6777,0,3,16
"2026-05-15 03:14:20",1238901," 05/15/2026 04:26:38.322","            amb",32.0241,0,32.0241,0,-0.01,0,9706.27,0,1946.48,0,32.338,0,1965.56,0,140.175,0,23.0968,0,26.3044,0,10.4676,0,11.68,0,3,16
"2026-05-15 03:14:30",1238902," 05/15/2026 04:26:48.277","            amb",31.9618,0,31.9618,0,-0.01,0,9640.83,0,1944.21,0,32.273,0,1963.13,0,140.173,0,23.0967,0,26.3138,0,10.4659,0,11.673,0,3,16
"2026-05-15 03:14:40",1238903," 05/15/2026 04:26:58.229","            amb",31.911,0,31.911,0,-0.01,0,9734.4,0,1940.13,0,32.2247,0,1959.2,0,140.175,0,23.0962,0,26.3059,0,10.468,0,11.6729,0,3,16
"2026-05-15 03:14:50",1238904," 05/15/2026 04:27:08.182","            amb",31.8784,0,31.8784,0,-0.01,0,9708.96,0,1935.47,0,32.1909,0,1954.45,0,140.174,0,23.0958,0,26.3117,0,10.4689,0,11.6785,0,3,16
"2026-05-15 03:15:00",1238905," 05/15/2026 04:27:18.137","            amb",31.8379,0,31.8379,0,-0.01,0,9614.33,0,1933.18,0,32.147,0,1951.94,0,140.174,0,23.0952,0,26.3132,0,10.4594,0,11.6708,0,3,16
"2026-05-15 03:15:10",1238906," 05/15/2026 04:27:28.090","            amb",31.7999,0,31.7999,0,-0.01,0,9639.55,0,1930.16,0,32.1094,0,1948.95,0,140.173,0,23.0947,0,26.3089,0,10.4642,0,11.6738,0,3,16
"2026-05-15 03:15:20",1238907," 05/15/2026 04:27:38.044","            amb",31.7366,0,31.7366,0,-0.01,0,9603.37,0,1923.49,0,32.0443,0,1942.14,0,140.179,0,23.0945,0,26.3032,0,10.4671,0,11.6773,0,3,16
"2026-05-15 03:15:30",1238908," 05/15/2026 04:27:47.996","            amb",31.6594,0,31.6594,0,-0.01,0,9621.85,0,1920.59,0,31.967,0,1939.25,0,140.176,0,23.0941,0,26.3041,0,10.4693,0,11.6823,0,3,16
"2026-05-15 03:15:40",1238909," 05/15/2026 04:27:57.950","            amb",31.625,0,31.625,0,-0.01,0,9668.69,0,1920.5,0,31.9338,0,1939.25,0,140.174,0,23.0946,0,26.3036,0,10.4557,0,11.6627,0,3,16
"2026-05-15 03:15:50",1238910," 05/15/2026 04:28:07.903","            amb",31.5831,0,31.5831,0,-0.01,0,9624.06,0,1914.69,0,31.89,0,1933.3,0,140.171,0,23.094,0,26.2982,0,10.4655,0,11.6758,0,3,16
"2026-05-15 03:16:00",1238911," 05/15/2026 04:28:17.856","            amb",31.5311,0,31.5311,0,-0.01,0,9692.05,0,1912.06,0,31.8397,0,1930.78,0,140.207,0,23.0936,0,26.3026,0,10.466,0,11.6767,0,3,16
"2026-05-15 03:16:10",1238912," 05/15/2026 04:28:27.811","            amb",31.4887,0,31.4887,0,-0.01,0,9641.08,0,1909.77,0,31.7952,0,1928.36,0,140.172,0,23.0936,0,26.3018,0,10.4653,0,11.6741,0,3,16
"2026-05-15 03:16:20",1238913," 05/15/2026 04:28:37.765","            amb",31.4729,0,31.4729,0,-0.01,0,9684.46,0,1909.66,0,31.7806,0,1928.34,0,140.176,0,23.0932,0,26.3105,0,10.4663,0,11.671,0,3,16
"2026-05-15 03:16:30",1238914," 05/15/2026 04:28:47.717","            amb",31.4614,0,31.4614,0,-0.01,0,9587.56,0,1907.82,0,31.766,0,1926.29,0,140.172,0,23.0927,0,26.3013,0,10.4614,0,11.67,0,3,16
"2026-05-15 03:16:40",1238915," 05/15/2026 04:28:58.666","            amb",31.4358,0,31.4358,0,-0.01,0,9587.65,0,1905.04,0,31.7401,0,1923.48,0,140.176,0,23.0914,0,26.307,0,10.4637,0,11.6739,0,3,16
"2026-05-15 03:16:50",1238916," 05/15/2026 04:29:08.620","           Ch 4",31.4051,0,31.4051,0,-0.01,0,9659.79,0,1905.3,0,31.7114,0,1923.89,0,140.172,0,23.0916,0,26.3086,0,10.4622,0,11.6719,0,3,4
"2026-05-15 03:17:00",1238917," 05/15/2026 04:29:18.572","           Ch 4",31.4014,0,31.4014,0,-0.01,0,9623.79,0,1904.06,0,31.7065,0,1922.56,0,140.142,0,23.0914,0,26.3017,0,10.4621,0,11.6759,0,3,4
"2026-05-15 03:17:10",1238918," 05/15/2026 04:29:28.526","           Ch 4",31.3581,0,31.3581,0,-0.01,0,9636.17,0,1903.26,0,31.6632,0,1921.78,0,140.173,0,23.0916,0,26.2957,0,10.4643,0,11.6781,0,3,4
"2026-05-15 03:17:20",1238919," 05/15/2026 04:29:38.480","           Ch 4",31.3357,0,31.3357,0,-0.01,0,9652.55,0,1903.55,0,31.6411,0,1922.1,0,140.177,0,23.0912,0,26.2978,0,10.465,0,11.6762,0,3,4
"2026-05-15 03:17:30",1238920," 05/15/2026 04:29:48.433","           Ch 4",31.3222,0,31.3222,0,-0.01,0,9667.34,0,1903.75,0,31.628,0,1922.33,0,140.173,0,23.0916,0,26.2992,0,10.4632,0,11.6724,0,3,4
"2026-05-15 03:17:40",1238921," 05/15/2026 04:29:58.387","           Ch 4",31.323,0,31.323,0,-0.01,0,9624.31,0,1905.1,0,31.6274,0,1923.61,0,140.175,0,23.0914,0,26.2997,0,10.4668,0,11.6779,0,3,4
"2026-05-15 03:17:50",1238922," 05/15/2026 04:30:08.341","           Ch 4",31.3311,0,31.3311,0,-0.01,0,9562.3,0,1907.06,0,31.6336,0,1925.47,0,140.174,0,23.0911,0,26.3005,0,10.4633,0,11.6714,0,3,4
"2026-05-15 03:18:00",1238923," 05/15/2026 04:30:18.297","           Ch 4",31.3174,0,31.3174,0,-0.01,0,9630.2,0,1908.48,0,31.6219,0,1927.04,0,140.176,0,23.0909,0,26.3061,0,10.4648,0,11.6719,0,3,4
"2026-05-15 03:18:10",1238924," 05/15/2026 04:30:28.249","           Ch 4",31.3309,0,31.3309,0,-0.01,0,9690.79,0,1910.79,0,31.6375,0,1929.49,0,140.173,0,23.0907,0,26.3096,0,10.4655,0,11.6762,0,3,4
"2026-05-15 03:18:20",1238925," 05/15/2026 04:30:38.203","           Ch 4",31.354,0,31.354,0,-0.01,0,9653.69,0,1913.8,0,31.6596,0,1932.45,0,140.183,0,23.0904,0,26.306,0,10.4643,0,11.6752,0,3,4
"2026-05-15 03:18:30",1238926," 05/15/2026 04:30:48.157","           Ch 4",31.3595,0,31.3595,0,-0.01,0,9674.8,0,1915.26,0,31.6659,0,1933.97,0,140.177,0,23.0897,0,26.3033,0,10.4673,0,11.6761,0,3,4
"2026-05-15 03:18:40",1238927," 05/15/2026 04:30:58.111","           Ch 4",31.3539,0,31.3539,0,-0.01,0,9652.34,0,1918.71,0,31.6595,0,1937.42,0,140.173,0,23.0888,0,26.3038,0,10.4654,0,11.6721,0,3,4
"2026-05-15 03:18:50",1238928," 05/15/2026 04:31:08.064","           Ch 4",31.3671,0,31.3671,0,-0.01,0,9675.69,0,1921.55,0,31.6735,0,1940.33,0,140.175,0,23.0893,0,26.3093,0,10.4673,0,11.6743,0,3,4
"2026-05-15 03:19:00",1238929," 05/15/2026 04:31:18.017","           Ch 4",31.38,0,31.38,0,-0.01,0,9673.31,0,1925.73,0,31.6866,0,1944.54,0,140.174,0,23.089,0,26.3061,0,10.4651,0,11.6731,0,3,4
"2026-05-15 03:19:10",1238930," 05/15/2026 04:31:27.971","           Ch 4",31.3745,0,31.3745,0,-0.01,0,9664.57,0,1927.79,0,31.6807,0,1946.6,0,140.174,0,23.0889,0,26.3052,0,10.4694,0,11.6758,0,3,4
"2026-05-15 03:19:20",1238931," 05/15/2026 04:31:37.925","           Ch 4",31.4102,0,31.4102,0,-0.01,0,9682.83,0,1932.31,0,31.7173,0,1951.2,0,140.175,0,23.0892,0,26.3036,0,10.4646,0,11.6744,0,3,4
"2026-05-15 03:19:30",1238932," 05/15/2026 04:31:47.878","           Ch 4",31.4311,0,31.4311,0,-0.01,0,9769.49,0,1936.98,0,31.7412,0,1956.09,0,140.177,0,23.0884,0,26.3026,0,10.4677,0,11.6747,0,3,4
"2026-05-15 03:19:40",1238933," 05/15/2026 04:31:57.831","           Ch 4",31.4564,0,31.4564,0,-0.01,0,9611.46,0,1940.3,0,31.7617,0,1959.13,0,140.174,0,23.0876,0,26.3104,0,10.463,0,11.6734,0,3,4
"2026-05-15 03:19:50",1238934," 05/15/2026 04:32:07.787","           Ch 4",31.452,0,31.452,0,-0.01,0,9643.89,0,1945.73,0,31.7583,0,1964.68,0,140.174,0,23.0875,0,26.31,0,10.4657,0,11.6721,0,3,4
"2026-05-15 03:20:00",1238935," 05/15/2026 04:32:17.742","           Ch 4",31.5075,0,31.5075,0,-0.01,0,9630.26,0,1953,0,31.8139,0,1972,0,140.173,0,23.0871,0,26.3115,0,10.4552,0,11.6649,0,3,4
"2026-05-15 03:20:10",1238936," 05/15/2026 04:32:28.691","           Ch 4",31.5628,0,31.5628,0,-0.01,0,9616.21,0,1956.6,0,31.8693,0,1975.6,0,140.176,0,23.0864,0,26.3071,0,10.4626,0,11.6713,0,3,4
"2026-05-15 03:20:20",1238937," 05/15/2026 04:32:38.643","           Ch 4",31.5705,0,31.5705,0,-0.01,0,9664.36,0,1963.71,0,31.8786,0,1982.87,0,140.174,0,23.0863,0,26.3052,0,10.4676,0,11.6711,0,3,4
"2026-05-15 03:20:30",1238938," 05/15/2026 04:32:48.598","           Ch 4",31.6152,0,31.6152,0,-0.01,0,9622.42,0,1970.22,0,31.9224,0,1989.36,0,140.175,0,23.0854,0,26.3037,0,10.4636,0,11.6709,0,3,4
"2026-05-15 03:20:40",1238939," 05/15/2026 04:32:58.551","           Ch 4",31.6282,0,31.6282,0,-0.01,0,9498.79,0,1974.14,0,31.9315,0,1993.07,0,140.142,0,23.0863,0,26.3022,0,10.4663,0,11.6742,0,3,4
"2026-05-15 03:20:50",1238940," 05/15/2026 04:33:08.505","           Ch 4",31.6829,0,31.6829,0,-0.01,0,9543.59,0,1983.18,0,31.9882,0,2002.29,0,140.177,0,23.0861,0,26.2954,0,10.4721,0,11.6827,0,3,4
"2026-05-15 03:21:00",1238941," 05/15/2026 04:33:18.458","           Ch 4",31.7329,0,31.7329,0,-0.01,0,9759.18,0,1992.91,0,32.0456,0,2012.55,0,140.174,0,23.0864,0,26.2977,0,10.4712,0,11.6777,0,3,4
"2026-05-15 03:21:10",1238942," 05/15/2026 04:33:28.412","           Ch 4",31.8118,0,31.8118,0,-0.01,0,9680.7,0,1999.99,0,32.1227,0,2019.54,0,140.156,0,23.0862,0,26.2945,0,10.4602,0,11.6669,0,3,4
"2026-05-15 03:21:20",1238943," 05/15/2026 04:33:38.365","           Ch 4",31.8702,0,31.8702,0,-0.01,0,9704.29,0,2008.22,0,32.1825,0,2027.9,0,140.173,0,23.0853,0,26.2972,0,10.4632,0,11.6732,0,3,4
"2026-05-15 03:21:30",1238944," 05/15/2026 04:33:48.318","           Ch 4",31.905,0,31.905,0,-0.01,0,9632.84,0,2015.84,0,32.2153,0,2035.44,0,140.176,0,23.0855,0,26.3015,0,10.4655,0,11.6736,0,3,4
"2026-05-15 03:21:40",1238945," 05/15/2026 04:33:58.272","           Ch 4",31.9533,0,31.9533,0,-0.01,0,9682.92,0,2022.43,0,32.2657,0,2042.21,0,140.172,0,23.0854,0,26.3031,0,10.4651,0,11.6711,0,3,4
"2026-05-15 03:21:50",1238946," 05/15/2026 04:34:08.224","           Ch 4",31.9962,0,31.9962,0,-0.01,0,9610.14,0,2026.36,0,32.3067,0,2046.02,0,140.175,0,23.0854,0,26.2953,0,10.4639,0,11.6745,0,3,4
"2026-05-15 03:22:00",1238947," 05/15/2026 04:34:18.178","           Ch 4",32.0542,0,32.0542,0,-0.01,0,9668.96,0,2034.92,0,32.3672,0,2054.79,0,140.175,0,23.0848,0,26.2942,0,10.4668,0,11.6749,0,3,4
"2026-05-15 03:22:10",1238948," 05/15/2026 04:34:28.131","           Ch 4",32.1289,0,32.1289,0,-0.01,0,9674.34,0,2043.72,0,32.4428,0,2063.68,0,140.178,0,23.084,0,26.2928,0,10.4653,0,11.6719,0,3,4
"2026-05-15 03:22:20",1238949," 05/15/2026 04:34:38.089","           Ch 4",32.184,0,32.184,0,-0.01,0,9687.69,0,2052.51,0,32.4988,0,2072.59,0,140.173,0,23.0843,0,26.2961,0,10.4707,0,11.673,0,3,4
"2026-05-15 03:22:30",1238950," 05/15/2026 04:34:48.042","           Ch 4",32.2751,0,32.2751,0,-0.01,0,9659.8,0,2060.11,0,32.5899,0,2080.2,0,140.143,0,23.0847,0,26.2922,0,10.4664,0,11.6732,0,3,4
"2026-05-15 03:22:40",1238951," 05/15/2026 04:34:57.995","           Ch 4",32.3282,0,32.3282,0,-0.01,0,9682.12,0,2069.12,0,32.6442,0,2089.35,0,140.177,0,23.0842,0,26.2881,0,10.4668,0,11.6708,0,3,4
"2026-05-15 03:22:50",1238952," 05/15/2026 04:35:07.947","           Ch 4",32.3731,0,32.3731,0,-0.01,0,9649.26,0,2072.94,0,32.6885,0,2093.14,0,140.175,0,23.0835,0,26.2817,0,10.4681,0,11.6752,0,3,4
"2026-05-15 03:23:00",1238953," 05/15/2026 04:35:17.900","           Ch 4",32.4452,0,32.4452,0,-0.01,0,9642.06,0,2080.16,0,32.7611,0,2100.41,0,140.173,0,23.0825,0,26.2776,0,10.4652,0,11.6746,0,3,4
"2026-05-15 03:23:10",1238954," 05/15/2026 04:35:27.856","           Ch 4",32.5317,0,32.5317,0,-0.01,0,9797.15,0,2090.89,0,32.8536,0,2111.58,0,140.175,0,23.083,0,26.2844,0,10.4655,0,11.6672,0,3,4
"2026-05-15 03:23:20",1238955," 05/15/2026 04:35:37.809","           Ch 4",32.6032,0,32.6032,0,-0.01,0,9736.22,0,2095.47,0,32.9237,0,2116.08,0,140.176,0,23.0826,0,26.2893,0,10.462,0,11.6721,0,3,4
"2026-05-15 03:23:30",1238956," 05/15/2026 04:35:47.762","           Ch 4",32.6108,0,32.6108,0,-0.01,0,9688.32,0,2098.15,0,32.9298,0,2118.67,0,140.177,0,23.0824,0,26.2861,0,10.4672,0,11.6731,0,3,4
"2026-05-15 03:23:40",1238957," 05/15/2026 04:35:57.714","           Ch 4",32.6553,0,32.6553,0,-0.01,0,9672.15,0,2102.29,0,32.9743,0,2122.82,0,140.173,0,23.0815,0,26.275,0,10.4667,0,11.6769,0,3,4
"2026-05-15 03:23:50",1238958," 05/15/2026 04:36:08.665","           Ch 4",32.7173,0,32.7173,0,-0.01,0,9701.33,0,2110.03,0,33.0378,0,2130.7,0,140.175,0,23.0815,0,26.2835,0,10.4666,0,11.6697,0,3,4
"2026-05-15 03:24:00",1238959," 05/15/2026 04:36:18.618","           Ch 4",32.7799,0,32.7799,0,-0.01,0,9613.65,0,2115.6,0,33.0981,0,2136.13,0,140.208,0,23.0801,0,26.2849,0,10.4625,0,11.6708,0,3,4
"2026-05-15 03:24:10",1238960," 05/15/2026 04:36:28.571","           Ch 4",32.8383,0,32.8383,0,-0.01,0,9685.37,0,2119.21,0,33.1595,0,2139.94,0,140.177,0,23.0804,0,26.2905,0,10.4686,0,11.677,0,3,4
"2026-05-15 03:24:20",1238961," 05/15/2026 04:36:38.525","           Ch 4",32.8907,0,32.8907,0,-0.01,0,9633.69,0,2124.38,0,33.2107,0,2145.05,0,140.174,0,23.0802,0,26.2907,0,10.4608,0,11.6704,0,3,4
"2026-05-15 03:24:30",1238962," 05/15/2026 04:36:48.479","           Ch 4",32.9286,0,32.9286,0,-0.01,0,9654.87,0,2128.71,0,33.2496,0,2149.47,0,140.176,0,23.0806,0,26.2946,0,10.4677,0,11.6711,0,3,4
"2026-05-15 03:24:40",1238963," 05/15/2026 04:36:58.432","           Ch 4",32.9809,0,32.9809,0,-0.01,0,9668.97,0,2131.26,0,33.3029,0,2152.07,0,140.176,0,23.0794,0,26.2938,0,10.4649,0,11.6709,0,3,4
"2026-05-15 03:24:50",1238964," 05/15/2026 04:37:08.385","           Ch 4",33.0001,0,33.0001,0,-0.01,0,9616.39,0,2133.52,0,33.3205,0,2154.24,0,140.179,0,23.0801,0,26.2913,0,10.4684,0,11.6769,0,3,4
"2026-05-15 03:25:00",1238965," 05/15/2026 04:37:18.338","           Ch 4",33.0382,0,33.0382,0,-0.01,0,9634.62,0,2136.04,0,33.3596,0,2156.82,0,140.175,0,23.0797,0,26.2818,0,10.4673,0,11.675,0,3,4
"2026-05-15 03:25:10",1238966," 05/15/2026 04:37:28.292","           Ch 4",33.0888,0,33.0888,0,-0.01,0,9712.59,0,2140.27,0,33.4133,0,2161.26,0,140.175,0,23.0795,0,26.2806,0,10.4658,0,11.6722,0,3,4
"2026-05-15 03:25:20",1238967," 05/15/2026 04:37:38.246","           Ch 4",33.1273,0,33.1273,0,-0.01,0,9623.73,0,2142.3,0,33.4492,0,2163.12,0,140.205,0,23.0795,0,26.2896,0,10.4664,0,11.6748,0,3,4
"2026-05-15 03:25:30",1238968," 05/15/2026 04:37:48.199","           Ch 4",33.1605,0,33.1605,0,-0.01,0,9632.37,0,2144.15,0,33.483,0,2165,0,140.175,0,23.0787,0,26.2919,0,10.4649,0,11.6724,0,3,4
"2026-05-15 03:25:40",1238969," 05/15/2026 04:37:58.152","           Ch 4",33.1967,0,33.1967,0,-0.01,0,9707.2,0,2147.79,0,33.5221,0,2168.85,0,140.175,0,23.0778,0,26.2888,0,10.4636,0,11.6685,0,3,4
"2026-05-15 03:25:50",1238970," 05/15/2026 04:38:08.106","           Ch 4",33.2191,0,33.2191,0,-0.01,0,9689.14,0,2149.61,0,33.5441,0,2170.64,0,140.176,0,23.078,0,26.2882,0,10.468,0,11.67,0,3,4
"2026-05-15 03:26:00",1238971," 05/15/2026 04:38:18.059","           Ch 4",33.2506,0,33.2506,0,-0.01,0,9638.83,0,2151.07,0,33.5742,0,2172,0,140.175,0,23.0778,0,26.2795,0,10.4709,0,11.6776,0,3,4
"2026-05-15 03:26:10",1238972," 05/15/2026 04:38:28.012","           Ch 4",33.282,0,33.282,0,-0.01,0,9530.81,0,2152.1,0,33.6023,0,2172.81,0,140.173,0,23.0777,0,26.284,0,10.4641,0,11.6691,0,3,4
"2026-05-15 03:26:20",1238973," 05/15/2026 04:38:37.967","           Ch 4",33.3732,0,33.3732,0,-0.01,0,9685.58,0,2156.47,0,33.6996,0,2177.56,0,140.176,0,23.0779,0,26.2855,0,10.4694,0,11.674,0,3,4
"2026-05-15 03:26:30",1238974," 05/15/2026 04:38:47.918","           Ch 4",33.4158,0,33.4158,0,-0.01,0,9613.23,0,2158.59,0,33.7402,0,2179.54,0,140.176,0,23.0781,0,26.2923,0,10.4678,0,11.6737,0,3,4
"2026-05-15 03:26:40",1238975," 05/15/2026 04:38:57.873","           Ch 4",33.4281,0,33.4281,0,-0.01,0,9725.48,0,2159.87,0,33.7564,0,2181.08,0,140.171,0,23.0782,0,26.285,0,10.4648,0,11.6736,0,3,4
"2026-05-15 03:26:50",1238976," 05/15/2026 04:39:07.823","            amb",33.4603,0,33.4603,0,-0.01,0,9636.24,0,2159.67,0,33.7859,0,2180.68,0,140.174,0,23.077,0,26.2918,0,10.4655,0,11.6733,0,3,16
"2026-05-15 03:27:00",1238977," 05/15/2026 04:39:17.777","            amb",33.4996,0,33.4996,0,-0.01,0,9758.31,0,2162.09,0,33.8298,0,2183.4,0,140.174,0,23.0764,0,26.288,0,10.4677,0,11.676,0,3,16
"2026-05-15 03:27:10",1238978," 05/15/2026 04:39:27.733","            amb",33.5259,0,33.5259,0,-0.01,0,9688.39,0,2161.73,0,33.8539,0,2182.88,0,140.201,0,23.0766,0,26.294,0,10.4661,0,11.6722,0,3,16
"2026-05-15 03:27:20",1238979," 05/15/2026 04:39:38.682","            amb",33.5353,0,33.5353,0,-0.01,0,9490.78,0,2161.38,0,33.8566,0,2182.09,0,140.175,0,23.0765,0,26.2983,0,10.4662,0,11.6769,0,3,16
"2026-05-15 03:27:30",1238980," 05/15/2026 04:39:48.635","            amb",33.5409,0,33.5409,0,-0.01,0,9688.55,0,2159.88,0,33.869,0,2181.01,0,140.174,0,23.0755,0,26.2861,0,10.4644,0,11.6768,0,3,16
"2026-05-15 03:27:40",1238981," 05/15/2026 04:39:58.589","            amb",33.5582,0,33.5582,0,-0.01,0,9658.34,0,2160.13,0,33.8855,0,2181.2,0,140.176,0,23.0753,0,26.294,0,10.4647,0,11.6734,0,3,16
"2026-05-15 03:27:50",1238982," 05/15/2026 04:40:08.542","            amb",33.584,0,33.584,0,-0.01,0,9723.25,0,2160.08,0,33.9137,0,2181.29,0,140.178,0,23.0756,0,26.294,0,10.4662,0,11.6754,0,3,16
"2026-05-15 03:28:00",1238983," 05/15/2026 04:40:18.496","            amb",33.5606,0,33.5606,0,-0.01,0,9654.5,0,2156.66,0,33.8878,0,2177.69,0,140.173,0,23.0754,0,26.2938,0,10.4654,0,11.6761,0,3,16
"2026-05-15 03:28:10",1238984," 05/15/2026 04:40:28.450","            amb",33.5544,0,33.5544,0,-0.01,0,9659.57,0,2156.63,0,33.8817,0,2177.66,0,140.141,0,23.0758,0,26.2999,0,10.4669,0,11.6708,0,3,16
"2026-05-15 03:28:20",1238985," 05/15/2026 04:40:38.404","            amb",33.5526,0,33.5526,0,-0.01,0,9671.29,0,2155.65,0,33.8802,0,2176.7,0,140.174,0,23.0756,0,26.2932,0,10.4616,0,11.6647,0,3,16
"2026-05-15 03:28:30",1238986," 05/15/2026 04:40:48.357","            amb",33.5402,0,33.5402,0,-0.01,0,9647.4,0,2152.16,0,33.867,0,2173.13,0,140.177,0,23.075,0,26.2905,0,10.4688,0,11.6772,0,3,16
"2026-05-15 03:28:40",1238987," 05/15/2026 04:40:58.310","            amb",33.5513,0,33.5513,0,-0.01,0,9624.9,0,2147.31,0,33.8774,0,2168.17,0,140.175,0,23.075,0,26.3001,0,10.4642,0,11.6763,0,3,16
"2026-05-15 03:28:50",1238988," 05/15/2026 04:41:08.264","            amb",33.5517,0,33.5517,0,-0.01,0,9685.56,0,2148.1,0,33.8798,0,2169.11,0,140.174,0,23.0743,0,26.2934,0,10.4648,0,11.6714,0,3,16
"2026-05-15 03:29:00",1238989," 05/15/2026 04:41:18.217","            amb",33.5412,0,33.5412,0,-0.01,0,9641.57,0,2145.29,0,33.8678,0,2166.18,0,140.174,0,23.074,0,26.2881,0,10.4619,0,11.67,0,3,16
"2026-05-15 03:29:10",1238990," 05/15/2026 04:41:28.171","            amb",33.502,0,33.502,0,-0.01,0,9596.6,0,2139.5,0,33.8266,0,2160.23,0,140.177,0,23.0733,0,26.2888,0,10.4684,0,11.6716,0,3,16
"2026-05-15 03:29:20",1238991," 05/15/2026 04:41:38.125","            amb",33.4881,0,33.4881,0,-0.01,0,9618.92,0,2136.51,0,33.8133,0,2157.26,0,140.174,0,23.0726,0,26.2997,0,10.4728,0,11.6808,0,3,16
"2026-05-15 03:29:30",1238992," 05/15/2026 04:41:48.077","            amb",33.4833,0,33.4833,0,-0.01,0,9698.25,0,2132.03,0,33.8112,0,2152.91,0,140.174,0,23.0733,0,26.2895,0,10.4685,0,11.6715,0,3,16
"2026-05-15 03:29:40",1238993," 05/15/2026 04:41:58.032","            amb",33.4455,0,33.4455,0,-0.01,0,9671.59,0,2126.56,0,33.7721,0,2147.33,0,140.178,0,23.0731,0,26.2945,0,10.4662,0,11.6746,0,3,16
"2026-05-15 03:29:50",1238994," 05/15/2026 04:42:07.981","            amb",33.3788,0,33.3788,0,-0.01,0,9587.27,0,2119.04,0,33.7019,0,2139.56,0,140.173,0,23.0724,0,26.2884,0,10.4655,0,11.677,0,3,16
"2026-05-15 03:30:00",1238995," 05/15/2026 04:42:17.935","            amb",33.3613,0,33.3613,0,-0.01,0,9678.83,0,2116.28,0,33.6874,0,2136.96,0,140.141,0,23.0727,0,26.2949,0,10.4655,0,11.6679,0,3,16
"2026-05-15 03:30:10",1238996," 05/15/2026 04:42:27.890","            amb",33.3262,0,33.3262,0,-0.01,0,9692.43,0,2111.35,0,33.6524,0,2132.01,0,140.175,0,23.0723,0,26.3009,0,10.4663,0,11.6705,0,3,16
"2026-05-15 03:30:20",1238997," 05/15/2026 04:42:37.842","            amb",33.2748,0,33.2748,0,-0.01,0,9621.55,0,2104.37,0,33.5981,0,2124.81,0,140.174,0,23.0722,0,26.2927,0,10.462,0,11.6736,0,3,16
"2026-05-15 03:30:30",1238998," 05/15/2026 04:42:47.796","            amb",33.2355,0,33.2355,0,-0.01,0,9729.33,0,2098.47,0,33.562,0,2119.09,0,140.173,0,23.072,0,26.2824,0,10.4664,0,11.6757,0,3,16
"2026-05-15 03:30:40",1238999," 05/15/2026 04:42:57.752","            amb",33.191,0,33.191,0,-0.01,0,9645.15,0,2094.13,0,33.5142,0,2114.52,0,140.176,0,23.0715,0,26.2869,0,10.4648,0,11.672,0,3,16
"2026-05-15 03:30:50",1239000," 05/15/2026 04:43:07.705","            amb",33.1374,0,33.1374,0,-0.01,0,9658.06,0,2085.65,0,33.4606,0,2105.99,0,140.174,0,23.0713,0,26.2872,0,10.4655,0,11.6755,0,3,16
"2026-05-15 03:31:00",1239001," 05/15/2026 04:43:18.654","            amb",33.0542,0,33.0542,0,-0.01,0,9696.48,0,2079.37,0,33.3779,0,2099.73,0,140.205,0,23.0704,0,26.2909,0,10.4674,0,11.6731,0,3,16
"2026-05-15 03:31:10",1239002," 05/15/2026 04:43:28.607","            amb",33.0153,0,33.0153,0,-0.01,0,9668.09,0,2073.39,0,33.3376,0,2093.64,0,140.175,0,23.0705,0,26.2844,0,10.467,0,11.6724,0,3,16
"2026-05-15 03:31:20",1239003," 05/15/2026 04:43:38.561","            amb",32.978,0,32.978,0,-0.01,0,9724.53,0,2067.98,0,33.3018,0,2088.28,0,140.175,0,23.0707,0,26.2823,0,10.4658,0,11.6722,0,3,16
"2026-05-15 03:31:30",1239004," 05/15/2026 04:43:48.515","            amb",32.9188,0,32.9188,0,-0.01,0,9695.5,0,2062.15,0,33.2411,0,2082.34,0,140.176,0,23.0708,0,26.2814,0,10.4663,0,11.672,0,3,16
"2026-05-15 03:31:40",1239005," 05/15/2026 04:43:58.468","            amb",32.8657,0,32.8657,0,-0.01,0,9695.38,0,2055.56,0,33.1874,0,2075.68,0,140.175,0,23.07,0,26.275,0,10.4648,0,11.6735,0,3,16
"2026-05-15 03:31:50",1239006," 05/15/2026 04:44:08.418","           Ch 8",32.825,0,32.825,0,-0.01,0,9658.34,0,2049.14,0,33.1452,0,2069.12,0,140.171,0,23.0694,0,26.2745,0,10.4652,0,11.6709,0,3,8
"2026-05-15 03:32:00",1239007," 05/15/2026 04:44:18.373","           Ch 8",32.7743,0,32.7743,0,-0.01,0,9736.81,0,2043.4,0,33.0965,0,2063.49,0,140.175,0,23.0693,0,26.2755,0,10.4669,0,11.6713,0,3,8
"2026-05-15 03:32:10",1239008," 05/15/2026 04:44:28.325","           Ch 8",32.693,0,32.693,0,-0.01,0,9641.69,0,2036.15,0,33.0113,0,2055.97,0,140.174,0,23.0684,0,26.2718,0,10.4603,0,11.6691,0,3,8
"2026-05-15 03:32:20",1239009," 05/15/2026 04:44:38.279","           Ch 8",32.6232,0,32.6232,0,-0.01,0,9649.2,0,2029.56,0,32.941,0,2049.33,0,140.173,0,23.0684,0,26.2647,0,10.467,0,11.6763,0,3,8
"2026-05-15 03:32:30",1239010," 05/15/2026 04:44:48.232","           Ch 8",32.5884,0,32.5884,0,-0.01,0,9693.89,0,2023.82,0,32.9074,0,2043.63,0,140.172,0,23.0675,0,26.2701,0,10.4645,0,11.6736,0,3,8
"2026-05-15 03:32:40",1239011," 05/15/2026 04:44:58.187","           Ch 8",32.4828,0,32.4828,0,-0.01,0,9575.76,0,2015.17,0,32.7969,0,2034.65,0,140.174,0,23.0671,0,26.2689,0,10.4674,0,11.6776,0,3,8
"2026-05-15 03:32:50",1239012," 05/15/2026 04:45:08.139","           Ch 8",32.4577,0,32.4577,0,-0.01,0,9664.54,0,2010.34,0,32.7745,0,2029.96,0,140.199,0,23.0666,0,26.2753,0,10.4689,0,11.678,0,3,8
"2026-05-15 03:33:00",1239013," 05/15/2026 04:45:18.093","           Ch 8",32.3889,0,32.3889,0,-0.01,0,9605.45,0,2003.55,0,32.703,0,2022.98,0,140.172,0,23.0664,0,26.2769,0,10.4652,0,11.6755,0,3,8
"2026-05-15 03:33:10",1239014," 05/15/2026 04:45:28.046","           Ch 8",32.3262,0,32.3262,0,-0.01,0,9710.94,0,1997.78,0,32.6432,0,2017.37,0,140.175,0,23.0671,0,26.2713,0,10.466,0,11.6809,0,3,8
"2026-05-15 03:33:20",1239015," 05/15/2026 04:45:38.000","           Ch 8",32.2708,0,32.2708,0,-0.01,0,9735.18,0,1993.15,0,32.588,0,2012.75,0,140.21,0,23.0661,0,26.2774,0,10.4628,0,11.6717,0,3,8
"2026-05-15 03:33:30",1239016," 05/15/2026 04:45:47.952","           Ch 8",32.2018,0,32.2018,0,-0.01,0,9681.76,0,1988.57,0,32.5166,0,2008.01,0,140.175,0,23.0663,0,26.2782,0,10.4645,0,11.6693,0,3,8
"2026-05-15 03:33:40",1239017," 05/15/2026 04:45:57.908","           Ch 8",32.1392,0,32.1392,0,-0.01,0,9678.75,0,1981.25,0,32.4533,0,2000.61,0,140.173,0,23.0661,0,26.2797,0,10.4646,0,11.673,0,3,8
"2026-05-15 03:33:50",1239018," 05/15/2026 04:46:07.863","           Ch 8",32.092,0,32.092,0,-0.01,0,9653.86,0,1975.83,0,32.4049,0,1995.09,0,140.177,0,23.0666,0,26.2879,0,10.4659,0,11.6745,0,3,8
"2026-05-15 03:34:00",1239019," 05/15/2026 04:46:17.816","           Ch 8",32.0287,0,32.0287,0,-0.01,0,9676.17,0,1969.91,0,32.3416,0,1989.15,0,140.176,0,23.066,0,26.2736,0,10.4629,0,11.667,0,3,8
"2026-05-15 03:34:10",1239020," 05/15/2026 04:46:27.768","           Ch 8",31.9431,0,31.9431,0,-0.01,0,9631.8,0,1962.11,0,32.2538,0,1981.2,0,140.17,0,23.0655,0,26.2739,0,10.4659,0,11.6751,0,3,8
"2026-05-15 03:34:20",1239021," 05/15/2026 04:46:37.722","           Ch 8",31.8742,0,31.8742,0,-0.01,0,9708.37,0,1956.46,0,32.1866,0,1975.64,0,140.174,0,23.0653,0,26.2712,0,10.4655,0,11.6749,0,3,8
"2026-05-15 03:34:30",1239022," 05/15/2026 04:46:48.671","           Ch 8",31.8167,0,31.8167,0,-0.01,0,9705.08,0,1951.87,0,32.1285,0,1971,0,140.174,0,23.0644,0,26.2691,0,10.4646,0,11.6736,0,3,8
"2026-05-15 03:34:40",1239023," 05/15/2026 04:46:58.624","           Ch 8",31.7396,0,31.7396,0,-0.01,0,9660.69,0,1947.31,0,32.0492,0,1966.31,0,140.178,0,23.0637,0,26.276,0,10.4664,0,11.6723,0,3,8
"2026-05-15 03:34:50",1239024," 05/15/2026 04:47:08.579","           Ch 8",31.6858,0,31.6858,0,-0.01,0,9686.16,0,1939.45,0,31.9958,0,1958.42,0,140.175,0,23.064,0,26.2691,0,10.467,0,11.6736,0,3,8
"2026-05-15 03:35:00",1239025," 05/15/2026 04:47:18.532","           Ch 8",31.6324,0,31.6324,0,-0.01,0,9711.84,0,1935.43,0,31.9427,0,1954.41,0,140.176,0,23.0642,0,26.2779,0,10.4661,0,11.676,0,3,8
"2026-05-15 03:35:10",1239026," 05/15/2026 04:47:28.485","           Ch 8",31.5911,0,31.5911,0,-0.01,0,9676.04,0,1932.83,0,31.8998,0,1951.72,0,140.178,0,23.063,0,26.2794,0,10.4644,0,11.6714,0,3,8
"2026-05-15 03:35:20",1239027," 05/15/2026 04:47:38.440","           Ch 8",31.5098,0,31.5098,0,-0.01,0,9657.52,0,1928.06,0,31.817,0,1946.86,0,140.178,0,23.0631,0,26.2737,0,10.4619,0,11.6681,0,3,8
"2026-05-15 03:35:30",1239028," 05/15/2026 04:47:48.393","           Ch 8",31.485,0,31.485,0,-0.01,0,9740.98,0,1922.84,0,31.7947,0,1941.75,0,140.172,0,23.0614,0,26.2669,0,10.4695,0,11.6775,0,3,8
"2026-05-15 03:35:40",1239029," 05/15/2026 04:47:58.345","           Ch 8",31.4376,0,31.4376,0,-0.01,0,9725.95,0,1919.31,0,31.7463,0,1938.16,0,140.143,0,23.0623,0,26.2577,0,10.4675,0,11.6738,0,3,8
"2026-05-15 03:35:50",1239030," 05/15/2026 04:48:08.300","           Ch 8",31.3844,0,31.3844,0,-0.01,0,9718.88,0,1914.91,0,31.6924,0,1933.7,0,140.176,0,23.0618,0,26.2597,0,10.4645,0,11.6785,0,3,8
"2026-05-15 03:36:00",1239031," 05/15/2026 04:48:18.253","           Ch 8",31.3049,0,31.3049,0,-0.01,0,9633.17,0,1910.56,0,31.6094,0,1929.15,0,140.178,0,23.0613,0,26.2692,0,10.467,0,11.6731,0,3,8
"2026-05-15 03:36:10",1239032," 05/15/2026 04:48:28.207","           Ch 8",31.2349,0,31.2349,0,-0.01,0,9637.33,0,1905.8,0,31.5389,0,1924.34,0,140.173,0,23.0609,0,26.2606,0,10.4678,0,11.6784,0,3,8
"2026-05-15 03:36:20",1239033," 05/15/2026 04:48:38.160","           Ch 8",31.2222,0,31.2222,0,-0.01,0,9711.64,0,1904.88,0,31.5284,0,1923.56,0,140.176,0,23.0599,0,26.2583,0,10.4614,0,11.6725,0,3,8
"2026-05-15 03:36:30",1239034," 05/15/2026 04:48:48.113","           Ch 8",31.1594,0,31.1594,0,-0.01,0,9693.67,0,1900.68,0,31.4644,0,1919.28,0,140.174,0,23.0594,0,26.2586,0,10.4656,0,11.6756,0,3,8
"2026-05-15 03:36:40",1239035," 05/15/2026 04:48:58.067","           Ch 8",31.1136,0,31.1136,0,-0.01,0,9685.09,0,1898.86,0,31.4179,0,1917.43,0,140.175,0,23.0596,0,26.2608,0,10.4631,0,11.6693,0,3,8
"2026-05-15 03:36:50",1239036," 05/15/2026 04:49:08.020","           Ch 8",31.0732,0,31.0732,0,-0.01,0,9719.78,0,1896.41,0,31.3782,0,1915.02,0,140.173,0,23.0595,0,26.256,0,10.4669,0,11.6759,0,3,8
"2026-05-15 03:37:00",1239037," 05/15/2026 04:49:17.974","           Ch 8",31.0527,0,31.0527,0,-0.01,0,9679.97,0,1894.92,0,31.3562,0,1913.44,0,140.174,0,23.0596,0,26.26,0,10.4675,0,11.6753,0,3,8
"2026-05-15 03:37:10",1239038," 05/15/2026 04:49:27.928","           Ch 8",30.9904,0,30.9904,0,-0.01,0,9681.45,0,1892.56,0,31.2934,0,1911.06,0,140.178,0,23.0583,0,26.2635,0,10.4687,0,11.6721,0,3,8
"2026-05-15 03:37:20",1239039," 05/15/2026 04:49:37.881","           Ch 8",30.9597,0,30.9597,0,-0.01,0,9685.04,0,1889.45,0,31.2624,0,1907.92,0,140.174,0,23.0587,0,26.2627,0,10.4657,0,11.6769,0,3,8
"2026-05-15 03:37:30",1239040," 05/15/2026 04:49:47.834","           Ch 8",30.9468,0,30.9468,0,-0.01,0,9739.9,0,1889.48,0,31.2512,0,1908.06,0,140.145,0,23.0579,0,26.2698,0,10.4649,0,11.6747,0,3,8
"2026-05-15 03:37:40",1239041," 05/15/2026 04:49:57.787","           Ch 8",30.9196,0,30.9196,0,-0.01,0,9709.76,0,1888.18,0,31.2227,0,1906.7,0,140.173,0,23.0572,0,26.2573,0,10.4639,0,11.6742,0,3,8
"2026-05-15 03:37:50",1239042," 05/15/2026 04:50:07.740","           Ch 8",30.8757,0,30.8757,0,-0.01,0,9657.03,0,1888.13,0,31.1768,0,1906.54,0,140.176,0,23.0566,0,26.2523,0,10.4654,0,11.6708,0,3,8
"2026-05-15 03:38:00",1239043," 05/15/2026 04:50:18.690","           Ch 8",30.853,0,30.853,0,-0.01,0,9694.06,0,1886.77,0,31.155,0,1905.24,0,140.173,0,23.056,0,26.247,0,10.4652,0,11.6748,0,3,8
"2026-05-15 03:38:10",1239044," 05/15/2026 04:50:28.643","           Ch 8",30.849,0,30.849,0,-0.01,0,9680.27,0,1885.88,0,31.1505,0,1904.31,0,140.175,0,23.0554,0,26.2507,0,10.4671,0,11.6734,0,3,8
"2026-05-15 03:38:20",1239045," 05/15/2026 04:50:38.597","           Ch 8",30.8118,0,30.8118,0,-0.01,0,9712.44,0,1886.29,0,31.114,0,1904.79,0,140.175,0,23.0558,0,26.2565,0,10.4644,0,11.6689,0,3,8
"2026-05-15 03:38:30",1239046," 05/15/2026 04:50:48.550","           Ch 8",30.7841,0,30.7841,0,-0.01,0,9717.79,0,1884.95,0,31.0862,0,1903.45,0,140.206,0,23.0548,0,26.2587,0,10.4672,0,11.6742,0,3,8
"2026-05-15 03:38:40",1239047," 05/15/2026 04:50:58.502","           Ch 8",30.7445,0,30.7445,0,-0.01,0,9657.63,0,1884.75,0,31.0444,0,1903.13,0,140.171,0,23.0551,0,26.2483,0,10.4721,0,11.6797,0,3,8
"2026-05-15 03:38:50",1239048," 05/15/2026 04:51:08.457","           Ch 8",30.7569,0,30.7569,0,-0.01,0,9693.3,0,1883.96,0,31.0579,0,1902.4,0,140.175,0,23.0547,0,26.2555,0,10.4636,0,11.6743,0,3,8
"2026-05-15 03:39:00",1239049," 05/15/2026 04:51:18.411","           Ch 8",30.736,0,30.736,0,-0.01,0,9707.73,0,1883.6,0,31.0373,0,1902.06,0,140.175,0,23.0548,0,26.2642,0,10.4667,0,11.6755,0,3,8
"2026-05-15 03:39:10",1239050," 05/15/2026 04:51:28.364","           Ch 8",30.7178,0,30.7178,0,-0.01,0,9676.93,0,1883.35,0,31.018,0,1901.75,0,140.174,0,23.054,0,26.2593,0,10.4661,0,11.6765,0,3,8
"2026-05-15 03:39:20",1239051," 05/15/2026 04:51:38.318","           Ch 8",30.7063,0,30.7063,0,-0.01,0,9669.59,0,1884.83,0,31.0061,0,1903.23,0,140.174,0,23.0534,0,26.2597,0,10.4655,0,11.6718,0,3,8
"2026-05-15 03:39:30",1239052," 05/15/2026 04:51:48.270","           Ch 8",30.6782,0,30.6782,0,-0.01,0,9694.94,0,1883.66,0,30.9785,0,1902.1,0,140.173,0,23.053,0,26.2609,0,10.4649,0,11.6719,0,3,8
"2026-05-15 03:39:40",1239053," 05/15/2026 04:51:58.224","           Ch 8",30.6722,0,30.6722,0,-0.01,0,9711.32,0,1882.73,0,30.973,0,1901.19,0,140.176,0,23.0526,0,26.259,0,10.4614,0,11.6742,0,3,8
"2026-05-15 03:39:50",1239054," 05/15/2026 04:52:08.178","           Ch 8",30.6151,0,30.6151,0,-0.01,0,9704.7,0,1882.76,0,30.9151,0,1901.22,0,140.18,0,23.0518,0,26.2603,0,10.4677,0,11.6745,0,3,8
"2026-05-15 03:40:00",1239055," 05/15/2026 04:52:18.131","           Ch 8",30.6047,0,30.6047,0,-0.01,0,9672.01,0,1881.68,0,30.9036,0,1900.06,0,140.175,0,23.0506,0,26.2518,0,10.4684,0,11.6788,0,3,8
"2026-05-15 03:40:10",1239056," 05/15/2026 04:52:28.085","           Ch 8",30.5928,0,30.5928,0,-0.01,0,9702.11,0,1883.04,0,30.8926,0,1901.49,0,140.176,0,23.0504,0,26.2504,0,10.4674,0,11.6779,0,3,8
"2026-05-15 03:40:20",1239057," 05/15/2026 04:52:38.038","           Ch 8",30.5765,0,30.5765,0,-0.01,0,9754.84,0,1882.21,0,30.8777,0,1900.75,0,140.208,0,23.0502,0,26.2587,0,10.4653,0,11.6727,0,3,8
"2026-05-15 03:40:30",1239058," 05/15/2026 04:52:47.991","           Ch 8",30.558,0,30.558,0,-0.01,0,9587.15,0,1883.28,0,30.8538,0,1901.51,0,140.172,0,23.0495,0,26.2613,0,10.4729,0,11.6799,0,3,8
"2026-05-15 03:40:40",1239059," 05/15/2026 04:52:57.945","           Ch 8",30.5507,0,30.5507,0,-0.01,0,9700.86,0,1882.97,0,30.85,0,1901.41,0,140.175,0,23.0497,0,26.2593,0,10.4645,0,11.6739,0,3,8
"2026-05-15 03:40:50",1239060," 05/15/2026 04:53:07.899","           Ch 8",30.5429,0,30.5429,0,-0.01,0,9757.8,0,1884.15,0,30.8439,0,1902.72,0,140.175,0,23.0497,0,26.2555,0,10.4567,0,11.6646,0,3,8
"2026-05-15 03:41:00",1239061," 05/15/2026 04:53:17.853","           Ch 8",30.5053,0,30.5053,0,-0.01,0,9698.43,0,1881.8,0,30.8041,0,1900.22,0,140.174,0,23.0494,0,26.2525,0,10.4644,0,11.6728,0,3,8
"2026-05-15 03:41:10",1239062," 05/15/2026 04:53:27.806","           Ch 8",30.4773,0,30.4773,0,-0.01,0,9665.26,0,1881.97,0,30.7747,0,1900.34,0,140.175,0,23.0491,0,26.2525,0,10.4641,0,11.6713,0,3,8
"2026-05-15 03:41:20",1239063," 05/15/2026 04:53:37.760","           Ch 8",30.4707,0,30.4707,0,-0.01,0,9678.92,0,1881.47,0,30.7685,0,1899.86,0,140.175,0,23.0495,0,26.2533,0,10.4655,0,11.6723,0,3,8
"2026-05-15 03:41:30",1239064," 05/15/2026 04:53:47.712","           Ch 8",30.4346,0,30.4346,0,-0.01,0,9733.82,0,1880.6,0,30.7338,0,1899.09,0,140.177,0,23.048,0,26.2476,0,10.4698,0,11.6805,0,3,8
"2026-05-15 03:41:40",1239065," 05/15/2026 04:53:58.659","           Ch 8",30.422,0,30.422,0,-0.01,0,9642.38,0,1879.44,0,30.7182,0,1897.74,0,140.175,0,23.0472,0,26.246,0,10.4646,0,11.6759,0,3,8
"2026-05-15 03:41:50",1239066," 05/15/2026 04:54:08.612","            amb",30.3988,0,30.3988,0,-0.01,0,9741.67,0,1879.24,0,30.6978,0,1897.72,0,140.159,0,23.048,0,26.2498,0,10.4671,0,11.6781,0,3,16
"2026-05-15 03:42:00",1239067," 05/15/2026 04:54:18.566","            amb",30.3856,0,30.3856,0,-0.01,0,9671.6,0,1878.44,0,30.6824,0,1896.79,0,140.173,0,23.0478,0,26.2543,0,10.4693,0,11.6781,0,3,16
"2026-05-15 03:42:10",1239068," 05/15/2026 04:54:28.521","            amb",30.3675,0,30.3675,0,-0.01,0,9746.43,0,1878.09,0,30.6664,0,1896.57,0,140.176,0,23.0473,0,26.2601,0,10.4684,0,11.6784,0,3,16
"2026-05-15 03:42:20",1239069," 05/15/2026 04:54:38.475","            amb",30.3324,0,30.3324,0,-0.01,0,9645.12,0,1878.6,0,30.6278,0,1896.9,0,140.175,0,23.0471,0,26.2573,0,10.4672,0,11.6753,0,3,16
"2026-05-15 03:42:30",1239070," 05/15/2026 04:54:48.428","            amb",30.311,0,30.311,0,-0.01,0,9728.8,0,1877.55,0,30.6088,0,1896,0,140.173,0,23.0468,0,26.2514,0,10.4658,0,11.6743,0,3,16
"2026-05-15 03:42:40",1239071," 05/15/2026 04:54:58.381","            amb",30.3006,0,30.3006,0,-0.01,0,9700.56,0,1876.74,0,30.5974,0,1895.12,0,140.177,0,23.0467,0,26.2453,0,10.4608,0,11.6735,0,3,16
"2026-05-15 03:42:50",1239072," 05/15/2026 04:55:08.334","            amb",30.2641,0,30.2641,0,-0.01,0,9699.97,0,1876.61,0,30.5606,0,1894.99,0,140.175,0,23.046,0,26.2437,0,10.4681,0,11.6781,0,3,16
"2026-05-15 03:43:00",1239073," 05/15/2026 04:55:18.288","            amb",30.2251,0,30.2251,0,-0.01,0,9683.39,0,1876.25,0,30.5206,0,1894.6,0,140.175,0,23.0457,0,26.2453,0,10.4665,0,11.6744,0,3,16
"2026-05-15 03:43:10",1239074," 05/15/2026 04:55:28.242","            amb",30.226,0,30.226,0,-0.01,0,9710.2,0,1877.49,0,30.5224,0,1895.9,0,140.141,0,23.0453,0,26.2435,0,10.4695,0,11.6788,0,3,16
"2026-05-15 03:43:20",1239075," 05/15/2026 04:55:38.196","            amb",30.217,0,30.217,0,-0.01,0,9654.66,0,1878.05,0,30.5116,0,1896.36,0,140.175,0,23.0438,0,26.2384,0,10.4639,0,11.6745,0,3,16
"2026-05-15 03:43:30",1239076," 05/15/2026 04:55:48.149","            amb",30.1964,0,30.1964,0,-0.01,0,9724.94,0,1876.84,0,30.493,0,1895.27,0,140.175,0,23.043,0,26.229,0,10.4665,0,11.6779,0,3,16
"2026-05-15 03:43:40",1239077," 05/15/2026 04:55:58.101","            amb",30.1639,0,30.1639,0,-0.01,0,9699.64,0,1876.67,0,30.4594,0,1895.05,0,140.157,0,23.0431,0,26.2302,0,10.4657,0,11.6743,0,3,16
"2026-05-15 03:43:50",1239078," 05/15/2026 04:56:08.057","            amb",30.1605,0,30.1605,0,-0.01,0,9735.06,0,1878.21,0,30.457,0,1896.67,0,140.173,0,23.043,0,26.2276,0,10.4673,0,11.6734,0,3,16
"2026-05-15 03:44:00",1239079," 05/15/2026 04:56:18.009","            amb",30.1685,0,30.1685,0,-0.01,0,9690.96,0,1878.48,0,30.4637,0,1896.86,0,140.176,0,23.0423,0,26.2285,0,10.4669,0,11.6768,0,3,16
"2026-05-15 03:44:10",1239080," 05/15/2026 04:56:27.964","            amb",30.1507,0,30.1507,0,-0.01,0,9675.05,0,1878.01,0,30.4453,0,1896.36,0,140.175,0,23.0426,0,26.2247,0,10.4655,0,11.6755,0,3,16
"2026-05-15 03:44:20",1239081," 05/15/2026 04:56:37.917","            amb",30.1359,0,30.1359,0,-0.01,0,9666.13,0,1879.57,0,30.4301,0,1897.91,0,140.174,0,23.0415,0,26.2166,0,10.4656,0,11.6745,0,3,16
"2026-05-15 03:44:30",1239082," 05/15/2026 04:56:47.869","            amb",30.1227,0,30.1227,0,-0.01,0,9689.37,0,1879.66,0,30.4175,0,1898.05,0,140.175,0,23.041,0,26.221,0,10.4663,0,11.6762,0,3,16
"2026-05-15 03:44:40",1239083," 05/15/2026 04:56:57.824","            amb",30.1151,0,30.1151,0,-0.01,0,9626.19,0,1880.97,0,30.4078,0,1899.25,0,140.174,0,23.0409,0,26.2333,0,10.4651,0,11.6706,0,3,16
"2026-05-15 03:44:50",1239084," 05/15/2026 04:57:07.776","            amb",30.0865,0,30.0865,0,-0.01,0,9721.92,0,1881.59,0,30.3818,0,1900.06,0,140.173,0,23.0401,0,26.2343,0,10.4665,0,11.6736,0,3,16
"2026-05-15 03:45:00",1239085," 05/15/2026 04:57:17.730","            amb",30.0742,0,30.0742,0,-0.01,0,9796.78,0,1882.35,0,30.3717,0,1900.97,0,140.141,0,23.0398,0,26.2314,0,10.4674,0,11.6763,0,3,16
"2026-05-15 03:45:10",1239086," 05/15/2026 04:57:28.676","            amb",30.0565,0,30.0565,0,-0.01,0,9703.72,0,1882.98,0,30.351,0,1901.43,0,140.143,0,23.0384,0,26.2298,0,10.4657,0,11.6759,0,3,16
"2026-05-15 03:45:20",1239087," 05/15/2026 04:57:38.629","            amb",30.056,0,30.056,0,-0.01,0,9814.16,0,1886.75,0,30.3539,0,1905.45,0,140.174,0,23.0374,0,26.2206,0,10.4574,0,11.6643,0,3,16
"2026-05-15 03:45:30",1239088," 05/15/2026 04:57:48.585","            amb",30.0463,0,30.0463,0,-0.01,0,9723.38,0,1886.33,0,30.3414,0,1904.85,0,140.174,0,23.0384,0,26.2178,0,10.4632,0,11.6706,0,3,16
"2026-05-15 03:45:40",1239089," 05/15/2026 04:57:58.540","            amb",30.045,0,30.045,0,-0.01,0,9629.73,0,1887.08,0,30.3371,0,1905.43,0,140.175,0,23.0383,0,26.2182,0,10.4633,0,11.6762,0,3,16
"2026-05-15 03:45:50",1239090," 05/15/2026 04:58:08.492","            amb",30.0172,0,30.0172,0,-0.01,0,9769.86,0,1889.14,0,30.3134,0,1907.78,0,140.175,0,23.0376,0,26.2135,0,10.4639,0,11.6756,0,3,16
"2026-05-15 03:46:00",1239091," 05/15/2026 04:58:18.444","            amb",29.9873,0,29.9873,0,-0.01,0,9690.12,0,1889.65,0,30.2807,0,1908.14,0,140.21,0,23.0361,0,26.2129,0,10.467,0,11.6719,0,3,16
"2026-05-15 03:46:10",1239092," 05/15/2026 04:58:28.398","            amb",29.9973,0,29.9973,0,-0.01,0,9745.71,0,1892.57,0,30.2926,0,1911.2,0,140.175,0,23.0365,0,26.22,0,10.4663,0,11.6713,0,3,16
"2026-05-15 03:46:20",1239093," 05/15/2026 04:58:38.350","            amb",30.0029,0,30.0029,0,-0.01,0,9700.4,0,1895.27,0,30.2968,0,1913.83,0,140.172,0,23.0354,0,26.2187,0,10.462,0,11.6704,0,3,16
"2026-05-15 03:46:30",1239094," 05/15/2026 04:58:48.306","            amb",30.0165,0,30.0165,0,-0.01,0,9721.62,0,1896.8,0,30.3112,0,1915.42,0,140.169,0,23.0361,0,26.2207,0,10.4655,0,11.6764,0,3,16
"2026-05-15 03:46:40",1239095," 05/15/2026 04:58:58.257","            amb",30.023,0,30.023,0,-0.01,0,9771.86,0,1900.23,0,30.3193,0,1918.99,0,140.174,0,23.0349,0,26.2281,0,10.4648,0,11.6729,0,3,16
"2026-05-15 03:46:50",1239096," 05/15/2026 04:59:08.211","           Ch 5",30.0219,0,30.0219,0,-0.01,0,9709.28,0,1899.8,0,30.3162,0,1918.42,0,140.174,0,23.0343,0,26.2173,0,10.4661,0,11.6787,0,3,5
"2026-05-15 03:47:00",1239097," 05/15/2026 04:59:18.165","           Ch 5",30.0185,0,30.0185,0,-0.01,0,9709.87,0,1904.59,0,30.3128,0,1923.26,0,140.176,0,23.0336,0,26.2211,0,10.466,0,11.6736,0,3,5
"2026-05-15 03:47:10",1239098," 05/15/2026 04:59:28.121","           Ch 5",30.0356,0,30.0356,0,-0.01,0,9694.63,0,1907.9,0,30.3296,0,1926.57,0,140.174,0,23.034,0,26.2203,0,10.4664,0,11.6718,0,3,5
"2026-05-15 03:47:20",1239099," 05/15/2026 04:59:38.074","           Ch 5",30.0244,0,30.0244,0,-0.01,0,9697.12,0,1908.36,0,30.3184,0,1927.05,0,140.212,0,23.0332,0,26.2246,0,10.4642,0,11.6719,0,3,5
"2026-05-15 03:47:30",1239100," 05/15/2026 04:59:48.026","           Ch 5",30.0256,0,30.0256,0,-0.01,0,9759.14,0,1909.14,0,30.3215,0,1927.96,0,140.173,0,23.0327,0,26.2234,0,10.4658,0,11.6796,0,3,5
"2026-05-15 03:47:40",1239101," 05/15/2026 04:59:57.982","           Ch 5",30.0371,0,30.0371,0,-0.01,0,9750.68,0,1913.12,0,30.3328,0,1931.95,0,140.174,0,23.0325,0,26.2249,0,10.4644,0,11.6728,0,3,5
"2026-05-15 03:47:50",1239102," 05/15/2026 05:00:07.934","           Ch 5",30.0458,0,30.0458,0,-0.01,0,9663.59,0,1916.41,0,30.339,0,1935.11,0,140.205,0,23.0312,0,26.2256,0,10.4662,0,11.6738,0,3,5
"2026-05-15 03:48:00",1239103," 05/15/2026 05:00:17.888","           Ch 5",30.0778,0,30.0778,0,-0.01,0,9688.96,0,1918.46,0,30.372,0,1937.23,0,140.178,0,23.0313,0,26.229,0,10.4628,0,11.6741,0,3,5
"2026-05-15 03:48:10",1239104," 05/15/2026 05:00:27.842","           Ch 5",30.0526,0,30.0526,0,-0.01,0,9742.49,0,1920.67,0,30.3483,0,1939.56,0,140.174,0,23.0306,0,26.2202,0,10.4666,0,11.6762,0,3,5
"2026-05-15 03:48:20",1239105," 05/15/2026 05:00:37.795","           Ch 5",30.0816,0,30.0816,0,-0.01,0,9726.9,0,1924.59,0,30.377,0,1943.5,0,140.176,0,23.03,0,26.2213,0,10.4651,0,11.672,0,3,5
"2026-05-15 03:48:30",1239106," 05/15/2026 05:00:47.748","           Ch 5",30.1198,0,30.1198,0,-0.01,0,9819.08,0,1930.81,0,30.4185,0,1949.96,0,140.178,0,23.0298,0,26.2088,0,10.466,0,11.6694,0,3,5
"2026-05-15 03:48:40",1239107," 05/15/2026 05:00:57.701","           Ch 5",30.1362,0,30.1362,0,-0.01,0,9743.49,0,1932.09,0,30.4327,0,1951.1,0,140.174,0,23.0283,0,26.2121,0,10.4658,0,11.6764,0,3,5
"2026-05-15 03:48:50",1239108," 05/15/2026 05:01:08.650","           Ch 5",30.1594,0,30.1594,0,-0.01,0,9704.69,0,1933.91,0,30.455,0,1952.86,0,140.164,0,23.0283,0,26.2056,0,10.4645,0,11.6766,0,3,5
"2026-05-15 03:49:00",1239109," 05/15/2026 05:01:18.605","           Ch 5",30.1628,0,30.1628,0,-0.01,0,9676.38,0,1937.96,0,30.4575,0,1956.9,0,140.175,0,23.0281,0,26.2014,0,10.4638,0,11.6704,0,3,5
"2026-05-15 03:49:10",1239110," 05/15/2026 05:01:28.558","           Ch 5",30.1844,0,30.1844,0,-0.01,0,9723.77,0,1939.87,0,30.4808,0,1958.92,0,140.177,0,23.0274,0,26.2019,0,10.4638,0,11.6746,0,3,5
"2026-05-15 03:49:20",1239111," 05/15/2026 05:01:38.511","           Ch 5",30.1971,0,30.1971,0,-0.01,0,9704.93,0,1942.31,0,30.493,0,1961.34,0,140.187,0,23.0269,0,26.2059,0,10.4643,0,11.6762,0,3,5
"2026-05-15 03:49:30",1239112," 05/15/2026 05:01:48.464","           Ch 5",30.2113,0,30.2113,0,-0.01,0,9707.36,0,1946.86,0,30.5075,0,1965.94,0,140.174,0,23.0263,0,26.1992,0,10.4637,0,11.6702,0,3,5
"2026-05-15 03:49:40",1239113," 05/15/2026 05:01:58.418","           Ch 5",30.2509,0,30.2509,0,-0.01,0,9732.03,0,1950.83,0,30.5482,0,1970,0,140.177,0,23.0252,0,26.1909,0,10.4642,0,11.6717,0,3,5
"2026-05-15 03:49:50",1239114," 05/15/2026 05:02:08.372","           Ch 5",30.2627,0,30.2627,0,-0.01,0,9693.79,0,1952.92,0,30.5589,0,1972.04,0,140.175,0,23.0251,0,26.2019,0,10.4662,0,11.6742,0,3,5
"2026-05-15 03:50:00",1239115," 05/15/2026 05:02:18.325","           Ch 5",30.2595,0,30.2595,0,-0.01,0,9703.73,0,1953.03,0,30.556,0,1972.17,0,140.177,0,23.0249,0,26.1923,0,10.4668,0,11.6752,0,3,5
"2026-05-15 03:50:10",1239116," 05/15/2026 05:02:28.278","           Ch 5",30.2844,0,30.2844,0,-0.01,0,9725.27,0,1957.27,0,30.5818,0,1976.49,0,140.173,0,23.0236,0,26.1922,0,10.4644,0,11.671,0,3,5
"2026-05-15 03:50:20",1239117," 05/15/2026 05:02:38.231","           Ch 5",30.3653,0,30.3653,0,-0.01,0,9778.56,0,1959,0,30.6652,0,1978.34,0,140.177,0,23.0227,0,26.1999,0,10.468,0,11.6799,0,3,5
"2026-05-15 03:50:30",1239118," 05/15/2026 05:02:48.183","           Ch 5",30.3475,0,30.3475,0,-0.01,0,9725.64,0,1965.27,0,30.6456,0,1984.57,0,140.173,0,23.0219,0,26.1974,0,10.4658,0,11.6726,0,3,5
"2026-05-15 03:50:40",1239119," 05/15/2026 05:02:58.139","           Ch 5",30.3627,0,30.3627,0,-0.01,0,9698.32,0,1967.22,0,30.6601,0,1986.48,0,140.168,0,23.022,0,26.1983,0,10.4655,0,11.6748,0,3,5
"2026-05-15 03:50:50",1239120," 05/15/2026 05:03:08.092","           Ch 5",30.3961,0,30.3961,0,-0.01,0,9665.41,0,1970.65,0,30.6928,0,1989.89,0,140.175,0,23.0223,0,26.1962,0,10.4652,0,11.6721,0,3,5
"2026-05-15 03:51:00",1239121," 05/15/2026 05:03:18.046","           Ch 5",30.4302,0,30.4302,0,-0.01,0,9666.8,0,1973.37,0,30.7272,0,1992.63,0,140.175,0,23.0218,0,26.1981,0,10.4639,0,11.6747,0,3,5
"2026-05-15 03:51:10",1239122," 05/15/2026 05:03:27.999","           Ch 5",30.4621,0,30.4621,0,-0.01,0,9693.33,0,1978.03,0,30.7602,0,1997.39,0,140.178,0,23.0213,0,26.1953,0,10.4629,0,11.6718,0,3,5
"2026-05-15 03:51:20",1239123," 05/15/2026 05:03:37.953","           Ch 5",30.5018,0,30.5018,0,-0.01,0,9679.2,0,1981.1,0,30.8,0,2000.46,0,140.175,0,23.0202,0,26.1874,0,10.4634,0,11.6738,0,3,5
"2026-05-15 03:51:30",1239124," 05/15/2026 05:03:47.906","           Ch 5",30.5336,0,30.5336,0,-0.01,0,9744.79,0,1984.64,0,30.8341,0,2004.17,0,140.177,0,23.0204,0,26.1902,0,10.4646,0,11.6743,0,3,5
"2026-05-15 03:51:40",1239125," 05/15/2026 05:03:57.857","           Ch 5",30.571,0,30.571,0,-0.01,0,9700.35,0,1987.45,0,30.8705,0,2006.92,0,140.175,0,23.0195,0,26.1885,0,10.4621,0,11.677,0,3,5
"2026-05-15 03:51:50",1239126," 05/15/2026 05:04:07.809","           Ch 5",30.61,0,30.61,0,-0.01,0,9704.75,0,1992.59,0,30.91,0,2012.12,0,140.177,0,23.0186,0,26.1824,0,10.4666,0,11.6737,0,3,5
"2026-05-15 03:52:00",1239127," 05/15/2026 05:04:17.766","           Ch 5",30.6637,0,30.6637,0,-0.01,0,9693.93,0,1996.82,0,30.9638,0,2016.37,0,140.145,0,23.0186,0,26.1915,0,10.4642,0,11.6713,0,3,5
"2026-05-15 03:52:10",1239128," 05/15/2026 05:04:27.720","           Ch 5",30.7059,0,30.7059,0,-0.01,0,9738.7,0,2001.37,0,31.0079,0,2021.05,0,140.177,0,23.0169,0,26.1868,0,10.4706,0,11.6778,0,3,5
"2026-05-15 03:52:20",1239129," 05/15/2026 05:04:38.669","           Ch 5",30.7472,0,30.7472,0,-0.01,0,9687.35,0,2004.92,0,31.048,0,2024.53,0,140.175,0,23.0162,0,26.1879,0,10.4667,0,11.6691,0,3,5
"2026-05-15 03:52:30",1239130," 05/15/2026 05:04:48.622","           Ch 5",30.794,0,30.794,0,-0.01,0,9703.71,0,2008.23,0,31.0957,0,2027.91,0,140.176,0,23.0159,0,26.1783,0,10.4638,0,11.6768,0,3,5
"2026-05-15 03:52:40",1239131," 05/15/2026 05:04:58.575","           Ch 5",30.8176,0,30.8176,0,-0.01,0,9669.18,0,2012.25,0,31.1185,0,2031.9,0,140.173,0,23.016,0,26.1876,0,10.4687,0,11.6764,0,3,5
"2026-05-15 03:52:50",1239132," 05/15/2026 05:05:08.530","           Ch 5",30.872,0,30.872,0,-0.01,0,9703.69,0,2016.27,0,31.1745,0,2036.03,0,140.176,0,23.0155,0,26.1881,0,10.4662,0,11.6753,0,3,5
"2026-05-15 03:53:00",1239133," 05/15/2026 05:05:18.482","           Ch 5",30.9158,0,30.9158,0,-0.01,0,9680.35,0,2021.67,0,31.218,0,2041.43,0,140.179,0,23.0146,0,26.184,0,10.4643,0,11.6693,0,3,5
"2026-05-15 03:53:10",1239134," 05/15/2026 05:05:28.436","           Ch 5",30.9663,0,30.9663,0,-0.01,0,9720.09,0,2023.12,0,31.2702,0,2042.98,0,140.175,0,23.0147,0,26.1857,0,10.4659,0,11.6803,0,3,5
"2026-05-15 03:53:20",1239135," 05/15/2026 05:05:38.389","           Ch 5",31.0033,0,31.0033,0,-0.01,0,9686.65,0,2029.28,0,31.3066,0,2049.13,0,140.175,0,23.0136,0,26.1832,0,10.465,0,11.6729,0,3,5
"2026-05-15 03:53:30",1239136," 05/15/2026 05:05:48.342","           Ch 5",31.0638,0,31.0638,0,-0.01,0,9770.18,0,2033.09,0,31.3703,0,2053.15,0,140.165,0,23.0134,0,26.1773,0,10.4702,0,11.6756,0,3,5
"2026-05-15 03:53:40",1239137," 05/15/2026 05:05:58.294","           Ch 5",31.1211,0,31.1211,0,-0.01,0,9642.54,0,2038.15,0,31.4241,0,2058,0,140.178,0,23.0128,0,26.1695,0,10.4671,0,11.6763,0,3,5
"2026-05-15 03:53:50",1239138," 05/15/2026 05:06:08.250","           Ch 5",31.1689,0,31.1689,0,-0.01,0,9774.36,0,2042.84,0,31.4765,0,2063.01,0,140.174,0,23.0116,0,26.1705,0,10.4681,0,11.6763,0,3,5
"2026-05-15 03:54:00",1239139," 05/15/2026 05:06:18.204","           Ch 5",31.245,0,31.245,0,-0.01,0,9751.75,0,2048.86,0,31.5527,0,2069.04,0,140.176,0,23.0109,0,26.1754,0,10.4677,0,11.6747,0,3,5
"2026-05-15 03:54:10",1239140," 05/15/2026 05:06:28.157","           Ch 5",31.2942,0,31.2942,0,-0.01,0,9722.5,0,2052.33,0,31.6014,0,2072.48,0,140.175,0,23.0103,0,26.1661,0,10.4689,0,11.6725,0,3,5
"2026-05-15 03:54:20",1239141," 05/15/2026 05:06:38.110","           Ch 5",31.3616,0,31.3616,0,-0.01,0,9690.58,0,2058.17,0,31.6685,0,2078.31,0,140.176,0,23.0093,0,26.1609,0,10.4669,0,11.6727,0,3,5
"2026-05-15 03:54:30",1239142," 05/15/2026 05:06:48.063","           Ch 5",31.4298,0,31.4298,0,-0.01,0,9695.76,0,2064.26,0,31.7376,0,2084.48,0,140.173,0,23.0099,0,26.1633,0,10.4621,0,11.6706,0,3,5
"2026-05-15 03:54:40",1239143," 05/15/2026 05:06:58.016","           Ch 5",31.5306,0,31.5306,0,-0.01,0,9780.1,0,2070.9,0,31.842,0,2091.35,0,140.174,0,23.0091,0,26.1668,0,10.4668,0,11.6758,0,3,5
"2026-05-15 03:54:50",1239144," 05/15/2026 05:07:07.970","           Ch 5",31.6127,0,31.6127,0,-0.01,0,9715.84,0,2075.53,0,31.9228,0,2095.89,0,140.178,0,23.0081,0,26.1729,0,10.4641,0,11.6728,0,3,5
"2026-05-15 03:55:00",1239145," 05/15/2026 05:07:17.923","           Ch 5",31.6713,0,31.6713,0,-0.01,0,9728.86,0,2080.19,0,31.9824,0,2100.63,0,140.175,0,23.0081,0,26.1783,0,10.466,0,11.6736,0,3,5
"2026-05-15 03:55:10",1239146," 05/15/2026 05:07:27.878","           Ch 5",31.7531,0,31.7531,0,-0.01,0,9692.17,0,2086.55,0,32.0639,0,2106.97,0,140.175,0,23.0068,0,26.1735,0,10.4638,0,11.6694,0,3,5
"2026-05-15 03:55:20",1239147," 05/15/2026 05:07:37.830","           Ch 5",31.8526,0,31.8526,0,-0.01,0,9705.02,0,2093.79,0,32.1648,0,2114.31,0,140.161,0,23.0065,0,26.1651,0,10.465,0,11.6702,0,3,5
"2026-05-15 03:55:30",1239148," 05/15/2026 05:07:47.782","           Ch 5",31.9096,0,31.9096,0,-0.01,0,9733.97,0,2099.16,0,32.2233,0,2119.79,0,140.178,0,23.0054,0,26.1664,0,10.4668,0,11.6723,0,3,5
"2026-05-15 03:55:40",1239149," 05/15/2026 05:07:57.737","           Ch 5",31.9826,0,31.9826,0,-0.01,0,9677.5,0,2104.4,0,32.2951,0,2124.96,0,140.175,0,23.004,0,26.1586,0,10.4644,0,11.67,0,3,5
"2026-05-15 03:55:50",1239150," 05/15/2026 05:08:08.687","           Ch 5",32.0659,0,32.0659,0,-0.01,0,9681.22,0,2109.94,0,32.3793,0,2130.57,0,140.176,0,23.0031,0,26.1605,0,10.4697,0,11.6775,0,3,5
"2026-05-15 03:56:00",1239151," 05/15/2026 05:08:18.641","           Ch 5",32.163,0,32.163,0,-0.01,0,9687.17,0,2116.27,0,32.4776,0,2136.97,0,140.176,0,23.0028,0,26.156,0,10.4655,0,11.6739,0,3,5
"2026-05-15 03:56:10",1239152," 05/15/2026 05:08:28.594","           Ch 5",32.2484,0,32.2484,0,-0.01,0,9765.98,0,2125.34,0,32.5664,0,2146.31,0,140.177,0,23.0022,0,26.1494,0,10.4648,0,11.6677,0,3,5
"2026-05-15 03:56:20",1239153," 05/15/2026 05:08:38.545","           Ch 5",32.2709,0,32.2709,0,-0.01,0,9602.97,0,2127.44,0,32.5838,0,2148.07,0,140.194,0,23.0013,0,26.1532,0,10.4736,0,11.6834,0,3,5
"2026-05-15 03:56:30",1239154," 05/15/2026 05:08:48.500","           Ch 5",32.4021,0,32.4021,0,-0.01,0,9627.42,0,2130.02,0,32.7171,0,2150.73,0,140.174,0,23.0007,0,26.1554,0,10.4684,0,11.6739,0,3,5
"2026-05-15 03:56:40",1239155," 05/15/2026 05:08:58.453","           Ch 5",32.4886,0,32.4886,0,-0.01,0,9719.59,0,2139.87,0,32.8075,0,2160.87,0,140.175,0,22.9993,0,26.1541,0,10.468,0,11.6733,0,3,5
"2026-05-15 03:56:50",1239156," 05/15/2026 05:09:08.408","            amb",32.5657,0,32.5657,0,-0.01,0,9691.17,0,2140.99,0,32.8844,0,2161.94,0,140.215,0,22.9982,0,26.1542,0,10.4716,0,11.6792,0,3,16
"2026-05-15 03:57:00",1239157," 05/15/2026 05:09:18.361","            amb",32.613,0,32.613,0,-0.01,0,9642.29,0,2149.8,0,32.9305,0,2170.73,0,140.175,0,22.9981,0,26.149,0,10.4659,0,11.6724,0,3,16
"2026-05-15 03:57:10",1239158," 05/15/2026 05:09:28.312","            amb",32.7024,0,32.7024,0,-0.01,0,9652.61,0,2154.99,0,33.0211,0,2175.99,0,140.173,0,22.9965,0,26.1481,0,10.4667,0,11.6711,0,3,16
"2026-05-15 03:57:20",1239159," 05/15/2026 05:09:38.267","            amb",32.8331,0,32.8331,0,-0.01,0,9629.44,0,2162.01,0,33.1523,0,2183.04,0,140.176,0,22.9962,0,26.1475,0,10.4688,0,11.6791,0,3,16
"2026-05-15 03:57:30",1239160," 05/15/2026 05:09:48.220","            amb",32.9168,0,32.9168,0,-0.01,0,9787.35,0,2170.44,0,33.2421,0,2191.89,0,140.176,0,22.9946,0,26.1395,0,10.4685,0,11.6677,0,3,16
"2026-05-15 03:57:40",1239161," 05/15/2026 05:09:58.173","            amb",33.0069,0,33.0069,0,-0.01,0,9667.42,0,2172.53,0,33.3291,0,2193.74,0,140.174,0,22.9937,0,26.1409,0,10.4682,0,11.6769,0,3,16
"2026-05-15 03:57:50",1239162," 05/15/2026 05:10:08.128","            amb",33.1416,0,33.1416,0,-0.01,0,9687.74,0,2182.77,0,33.4658,0,2204.12,0,140.175,0,22.9943,0,26.1388,0,10.4671,0,11.6686,0,3,16
"2026-05-15 03:58:00",1239163," 05/15/2026 05:10:18.080","            amb",33.2319,0,33.2319,0,-0.01,0,9721.64,0,2188.85,0,33.5582,0,2210.34,0,140.177,0,22.9938,0,26.1386,0,10.4646,0,11.6693,0,3,16
"2026-05-15 03:58:10",1239164," 05/15/2026 05:10:28.035","            amb",33.296,0,33.296,0,-0.01,0,9686.34,0,2192.12,0,33.6217,0,2213.56,0,140.193,0,22.9929,0,26.136,0,10.4685,0,11.6722,0,3,16
"2026-05-15 03:58:20",1239165," 05/15/2026 05:10:37.989","            amb",33.4071,0,33.4071,0,-0.01,0,9656.61,0,2198.96,0,33.7329,0,2220.4,0,140.173,0,22.9924,0,26.1432,0,10.463,0,11.668,0,3,16
"2026-05-15 03:58:30",1239166," 05/15/2026 05:10:47.942","            amb",33.5268,0,33.5268,0,-0.01,0,9717.53,0,2204.23,0,33.8558,0,2225.86,0,140.177,0,22.9915,0,26.1354,0,10.4686,0,11.6738,0,3,16
"2026-05-15 03:58:40",1239167," 05/15/2026 05:10:57.896","            amb",33.6467,0,33.6467,0,-0.01,0,9684.33,0,2210.28,0,33.9758,0,2231.89,0,140.176,0,22.9911,0,26.1363,0,10.4677,0,11.6761,0,3,16
"2026-05-15 03:58:50",1239168," 05/15/2026 05:11:07.848","            amb",33.7463,0,33.7463,0,-0.01,0,9755.74,0,2218.42,0,34.0788,0,2240.28,0,140.176,0,22.9901,0,26.1361,0,10.4674,0,11.6701,0,3,16
"2026-05-15 03:59:00",1239169," 05/15/2026 05:11:17.801","            amb",33.7983,0,33.7983,0,-0.01,0,9687.94,0,2221.05,0,34.129,0,2242.78,0,140.173,0,22.9886,0,26.1355,0,10.4725,0,11.6742,0,3,16
"2026-05-15 03:59:10",1239170," 05/15/2026 05:11:27.756","            amb",33.9287,0,33.9287,0,-0.01,0,9719.37,0,2228.44,0,34.2617,0,2250.31,0,140.177,0,22.9874,0,26.1312,0,10.4702,0,11.6712,0,3,16
"2026-05-15 03:59:20",1239171," 05/15/2026 05:11:37.709","            amb",34.0432,0,34.0432,0,-0.01,0,9639.78,0,2233.17,0,34.3746,0,2254.91,0,140.176,0,22.9866,0,26.131,0,10.4693,0,11.6765,0,3,16
"2026-05-15 03:59:30",1239172," 05/15/2026 05:11:48.656","            amb",34.1317,0,34.1317,0,-0.01,0,9682.24,0,2239.71,0,34.4654,0,2261.61,0,140.176,0,22.9859,0,26.1283,0,10.4704,0,11.6719,0,3,16
"2026-05-15 03:59:40",1239173," 05/15/2026 05:11:58.610","            amb",34.2947,0,34.2947,0,-0.01,0,9661.04,0,2247.95,0,34.6292,0,2269.88,0,140.145,0,22.986,0,26.1258,0,10.464,0,11.6686,0,3,16
"2026-05-15 03:59:50",1239174," 05/15/2026 05:12:08.564","            amb",34.4206,0,34.4206,0,-0.01,0,9728.58,0,2254.53,0,34.7588,0,2276.68,0,140.176,0,22.9851,0,26.1303,0,10.4674,0,11.669,0,3,16
"2026-05-15 04:00:00",1239175," 05/15/2026 05:12:18.517","            amb",34.5214,0,34.5214,0,-0.01,0,9656.76,0,2259.47,0,34.858,0,2281.5,0,140.177,0,22.9845,0,26.1239,0,10.4709,0,11.6727,0,3,16
"2026-05-15 04:00:10",1239176," 05/15/2026 05:12:28.468","            amb",34.6733,0,34.6733,0,-0.01,0,9788.22,0,2269.17,0,35.016,0,2291.6,0,140.17,0,22.9832,0,26.125,0,10.4563,0,11.6596,0,3,16
"2026-05-15 04:00:20",1239177," 05/15/2026 05:12:38.423","            amb",34.7726,0,34.7726,0,-0.01,0,9666.34,0,2271.05,0,35.112,0,2293.22,0,140.175,0,22.9826,0,26.1199,0,10.4668,0,11.6739,0,3,16
"2026-05-15 04:00:30",1239178," 05/15/2026 05:12:48.375","            amb",34.8952,0,34.8952,0,-0.01,0,9680.1,0,2276.26,0,35.2363,0,2298.51,0,140.176,0,22.9813,0,26.1172,0,10.4675,0,11.6759,0,3,16
"2026-05-15 04:00:40",1239179," 05/15/2026 05:12:58.329","            amb",34.9715,0,34.9715,0,-0.01,0,9665.52,0,2282.24,0,35.3129,0,2304.51,0,140.179,0,22.9808,0,26.1227,0,10.4691,0,11.6718,0,3,16
"2026-05-15 04:00:50",1239180," 05/15/2026 05:13:08.282","            amb",35.0466,0,35.0466,0,-0.01,0,9641.77,0,2286.07,0,35.3878,0,2308.33,0,140.174,0,22.9796,0,26.1203,0,10.4711,0,11.6714,0,3,16
"2026-05-15 04:01:00",1239181," 05/15/2026 05:13:18.236","            amb",35.2121,0,35.2121,0,-0.01,0,9675.88,0,2291.75,0,35.5562,0,2314.15,0,140.176,0,22.9789,0,26.114,0,10.4693,0,11.6756,0,3,16
"2026-05-15 04:01:10",1239182," 05/15/2026 05:13:28.189","            amb",35.3402,0,35.3402,0,-0.01,0,9698.32,0,2299.22,0,35.6863,0,2321.73,0,140.174,0,22.9778,0,26.112,0,10.4696,0,11.6789,0,3,16
"2026-05-15 04:01:20",1239183," 05/15/2026 05:13:38.144","            amb",35.4492,0,35.4492,0,-0.01,0,9659.99,0,2304.12,0,35.795,0,2326.6,0,140.176,0,22.9772,0,26.1107,0,10.466,0,11.6681,0,3,16
"2026-05-15 04:01:30",1239184," 05/15/2026 05:13:48.096","            amb",35.5356,0,35.5356,0,-0.01,0,9733.34,0,2305.64,0,35.8849,0,2328.3,0,140.146,0,22.9775,0,26.1182,0,10.4714,0,11.6765,0,3,16
"2026-05-15 04:01:40",1239185," 05/15/2026 05:13:58.051","            amb",35.6215,0,35.6215,0,-0.01,0,9674.32,0,2310.06,0,35.9695,0,2332.62,0,140.175,0,22.9764,0,26.1179,0,10.4686,0,11.6712,0,3,16
"2026-05-15 04:01:50",1239186," 05/15/2026 05:14:08.006","           Ch 9",35.7287,0,35.7287,0,-0.01,0,9676.23,0,2314.96,0,36.0778,0,2337.58,0,140.178,0,22.9757,0,26.1123,0,10.4702,0,11.6706,0,3,9
"2026-05-15 04:02:00",1239187," 05/15/2026 05:14:17.959","           Ch 9",35.856,0,35.856,0,-0.01,0,9675.74,0,2319.43,0,36.2064,0,2342.09,0,140.175,0,22.9756,0,26.1167,0,10.4656,0,11.6695,0,3,9
"2026-05-15 04:02:10",1239188," 05/15/2026 05:14:27.914","           Ch 9",35.975,0,35.975,0,-0.01,0,9692.83,0,2325.38,0,36.3271,0,2348.14,0,140.176,0,22.9742,0,26.1121,0,10.4704,0,11.6738,0,3,9
"2026-05-15 04:02:20",1239189," 05/15/2026 05:14:37.867","           Ch 9",36.0857,0,36.0857,0,-0.01,0,9716.5,0,2329.03,0,36.4398,0,2351.88,0,140.179,0,22.9741,0,26.1102,0,10.4698,0,11.6741,0,3,9
"2026-05-15 04:02:30",1239190," 05/15/2026 05:14:47.821","           Ch 9",36.2094,0,36.2094,0,-0.01,0,9683.45,0,2334.55,0,36.5635,0,2357.38,0,140.179,0,22.973,0,26.1129,0,10.4694,0,11.6732,0,3,9
"2026-05-15 04:02:40",1239191," 05/15/2026 05:14:57.773","           Ch 9",36.3261,0,36.3261,0,-0.01,0,9757.14,0,2339.17,0,36.6841,0,2362.22,0,140.174,0,22.9716,0,26.1123,0,10.4687,0,11.6721,0,3,9
"2026-05-15 04:02:50",1239192," 05/15/2026 05:15:07.726","           Ch 9",36.4409,0,36.4409,0,-0.01,0,9713.83,0,2343.19,0,36.7984,0,2366.17,0,140.143,0,22.9706,0,26.1072,0,10.4695,0,11.673,0,3,9
"2026-05-15 04:03:00",1239193," 05/15/2026 05:15:18.676","           Ch 9",36.5458,0,36.5458,0,-0.01,0,9747.4,0,2348.48,0,36.9056,0,2371.6,0,140.175,0,22.97,0,26.1097,0,10.4656,0,11.6682,0,3,9
"2026-05-15 04:03:10",1239194," 05/15/2026 05:15:28.630","           Ch 9",36.6691,0,36.6691,0,-0.01,0,9711.81,0,2352.95,0,37.0287,0,2376.02,0,140.175,0,22.9697,0,26.11,0,10.4692,0,11.6685,0,3,9
"2026-05-15 04:03:20",1239195," 05/15/2026 05:15:38.582","           Ch 9",36.8176,0,36.8176,0,-0.01,0,9681.82,0,2357.07,0,37.1775,0,2380.12,0,140.174,0,22.9691,0,26.1112,0,10.4677,0,11.6704,0,3,9
"2026-05-15 04:03:30",1239196," 05/15/2026 05:15:48.535","           Ch 9",36.8993,0,36.8993,0,-0.01,0,9750.77,0,2362.04,0,37.2626,0,2385.3,0,140.176,0,22.9681,0,26.1091,0,10.4759,0,11.6751,0,3,9
"2026-05-15 04:03:40",1239197," 05/15/2026 05:15:58.490","           Ch 9",37.0441,0,37.0441,0,-0.01,0,9721.27,0,2364.99,0,37.4077,0,2388.21,0,140.176,0,22.9676,0,26.1041,0,10.469,0,11.6715,0,3,9
"2026-05-15 04:03:50",1239198," 05/15/2026 05:16:08.443","           Ch 9",37.1645,0,37.1645,0,-0.01,0,9782.5,0,2368.67,0,37.5317,0,2392.07,0,140.21,0,22.9659,0,26.0974,0,10.4683,0,11.6696,0,3,9
"2026-05-15 04:04:00",1239199," 05/15/2026 05:16:18.397","           Ch 9",37.3079,0,37.3079,0,-0.01,0,9661.89,0,2371.08,0,37.6719,0,2394.21,0,140.175,0,22.9661,0,26.0939,0,10.4718,0,11.6745,0,3,9
"2026-05-15 04:04:10",1239200," 05/15/2026 05:16:28.351","           Ch 9",37.4329,0,37.4329,0,-0.01,0,9677.96,0,2377,0,37.7987,0,2400.23,0,140.176,0,22.9656,0,26.095,0,10.4693,0,11.673,0,3,9
"2026-05-15 04:04:20",1239201," 05/15/2026 05:16:38.303","           Ch 9",37.5269,0,37.5269,0,-0.01,0,9692.37,0,2377.38,0,37.8942,0,2400.64,0,140.209,0,22.9636,0,26.0906,0,10.4738,0,11.6805,0,3,9
"2026-05-15 04:04:30",1239202," 05/15/2026 05:16:48.256","           Ch 9",37.5864,0,37.5864,0,-0.01,0,9636.59,0,2382.34,0,37.9521,0,2405.53,0,140.175,0,22.9628,0,26.0973,0,10.4704,0,11.6714,0,3,9
"2026-05-15 04:04:40",1239203," 05/15/2026 05:16:58.210","           Ch 9",37.7674,0,37.7674,0,-0.01,0,9664.81,0,2385.46,0,38.136,0,2408.74,0,140.175,0,22.9617,0,26.096,0,10.4696,0,11.6786,0,3,9
"2026-05-15 04:04:50",1239204," 05/15/2026 05:17:08.172","           Ch 9",37.9004,0,37.9004,0,-0.01,0,9686.21,0,2392.14,0,38.2711,0,2415.54,0,140.176,0,22.962,0,26.0979,0,10.4737,0,11.6725,0,3,9
"2026-05-15 04:05:00",1239205," 05/15/2026 05:17:18.120","           Ch 9",38.0144,0,38.0144,0,-0.01,0,9616.69,0,2395.12,0,38.3835,0,2418.38,0,140.178,0,22.9608,0,26.0819,0,10.4695,0,11.6694,0,3,9
"2026-05-15 04:05:10",1239206," 05/15/2026 05:17:28.074","           Ch 9",38.1477,0,38.1477,0,-0.01,0,9628.68,0,2399.72,0,38.5186,0,2423.05,0,140.179,0,22.9597,0,26.0835,0,10.4701,0,11.6675,0,3,9
"2026-05-15 04:05:20",1239207," 05/15/2026 05:17:38.027","           Ch 9",38.2915,0,38.2915,0,-0.01,0,9678.95,0,2401.41,0,38.6658,0,2424.88,0,140.176,0,22.9589,0,26.0856,0,10.4676,0,11.6727,0,3,9
"2026-05-15 04:05:30",1239208," 05/15/2026 05:17:47.989","           Ch 9",38.4251,0,38.4251,0,-0.01,0,9647.42,0,2404.27,0,38.7994,0,2427.69,0,140.175,0,22.9581,0,26.0819,0,10.4685,0,11.6712,0,3,9
"2026-05-15 04:05:40",1239209," 05/15/2026 05:17:57.940","           Ch 9",38.5363,0,38.5363,0,-0.01,0,9698.49,0,2405.6,0,38.9137,0,2429.16,0,140.177,0,22.9579,0,26.0776,0,10.4726,0,11.6784,0,3,9
"2026-05-15 04:05:50",1239210," 05/15/2026 05:18:07.896","           Ch 9",38.618,0,38.618,0,-0.01,0,9613.94,0,2409.6,0,38.9929,0,2432.99,0,140.175,0,22.9571,0,26.0794,0,10.4679,0,11.6732,0,3,9
"2026-05-15 04:06:00",1239211," 05/15/2026 05:18:17.849","           Ch 9",38.763,0,38.763,0,-0.01,0,9702.37,0,2414.8,0,39.1428,0,2438.46,0,140.144,0,22.9566,0,26.0828,0,10.4684,0,11.6742,0,3,9
"2026-05-15 04:06:10",1239212," 05/15/2026 05:18:27.801","           Ch 9",38.8841,0,38.8841,0,-0.01,0,9748.05,0,2420.06,0,39.2669,0,2443.88,0,140.177,0,22.9553,0,26.0749,0,10.4704,0,11.6672,0,3,9
"2026-05-15 04:06:20",1239213," 05/15/2026 05:18:37.755","           Ch 9",38.9594,0,38.9594,0,-0.01,0,9677.55,0,2419.72,0,39.3401,0,2443.36,0,140.176,0,22.954,0,26.0752,0,10.4698,0,11.6716,0,3,9
"2026-05-15 04:06:30",1239214," 05/15/2026 05:18:47.708","           Ch 9",39.0773,0,39.0773,0,-0.01,0,9696.29,0,2422.15,0,39.4599,0,2445.87,0,140.166,0,22.9537,0,26.0766,0,10.4733,0,11.6726,0,3,9
"2026-05-15 04:06:40",1239215," 05/15/2026 05:18:58.660","           Ch 9",39.1953,0,39.1953,0,-0.01,0,9657.7,0,2424.87,0,39.5776,0,2448.52,0,140.174,0,22.9533,0,26.0757,0,10.4699,0,11.6718,0,3,9
"2026-05-15 04:06:50",1239216," 05/15/2026 05:19:08.613","           Ch 9",39.3064,0,39.3064,0,-0.01,0,9612.09,0,2425.9,0,39.6879,0,2449.44,0,140.177,0,22.9522,0,26.0777,0,10.4689,0,11.6737,0,3,9
"2026-05-15 04:07:00",1239217," 05/15/2026 05:19:18.566","           Ch 9",39.4826,0,39.4826,0,-0.01,0,9692.06,0,2430.66,0,39.869,0,2454.45,0,140.213,0,22.9516,0,26.0788,0,10.4715,0,11.6724,0,3,9
"2026-05-15 04:07:10",1239218," 05/15/2026 05:19:28.520","           Ch 9",39.5382,0,39.5382,0,-0.01,0,9634.52,0,2434.39,0,39.9229,0,2458.08,0,140.178,0,22.9503,0,26.0652,0,10.4642,0,11.6628,0,3,9
"2026-05-15 04:07:20",1239219," 05/15/2026 05:19:38.473","           Ch 9",39.655,0,39.655,0,-0.01,0,9701.89,0,2434.09,0,40.0435,0,2457.93,0,140.174,0,22.9501,0,26.0629,0,10.4736,0,11.6712,0,3,9
"2026-05-15 04:07:30",1239220," 05/15/2026 05:19:48.426","           Ch 9",39.7443,0,39.7443,0,-0.01,0,9654.59,0,2435.64,0,40.1318,0,2459.38,0,140.182,0,22.9495,0,26.0676,0,10.4733,0,11.6721,0,3,9
"2026-05-15 04:07:40",1239221," 05/15/2026 05:19:58.381","           Ch 9",39.8476,0,39.8476,0,-0.01,0,9663.79,0,2437.95,0,40.2364,0,2461.73,0,140.176,0,22.949,0,26.0747,0,10.4707,0,11.6681,0,3,9
"2026-05-15 04:07:50",1239222," 05/15/2026 05:20:08.334","           Ch 9",39.9539,0,39.9539,0,-0.01,0,9665.94,0,2440.11,0,40.3439,0,2463.93,0,140.176,0,22.9481,0,26.0765,0,10.4708,0,11.6736,0,3,9
"2026-05-15 04:08:00",1239223," 05/15/2026 05:20:18.287","           Ch 9",40.0337,0,40.0337,0,-0.01,0,9687.9,0,2441.55,0,40.4254,0,2465.44,0,140.175,0,22.9465,0,26.0715,0,10.4709,0,11.6706,0,3,9
"2026-05-15 04:08:10",1239224," 05/15/2026 05:20:28.240","           Ch 9",40.2073,0,40.2073,0,-0.01,0,9633.75,0,2439.18,0,40.5984,0,2462.91,0,140.175,0,22.9448,0,26.0698,0,10.4746,0,11.6766,0,3,9
"2026-05-15 04:08:20",1239225," 05/15/2026 05:20:38.194","           Ch 9",40.2566,0,40.2566,0,-0.01,0,9692.41,0,2448.07,0,40.6506,0,2472.03,0,140.175,0,22.9453,0,26.0649,0,10.4719,0,11.6676,0,3,9
"2026-05-15 04:08:30",1239226," 05/15/2026 05:20:48.147","           Ch 9",40.341,0,40.341,0,-0.01,0,9601.08,0,2448.07,0,40.7321,0,2471.8,0,140.175,0,22.9445,0,26.0623,0,10.4705,0,11.6721,0,3,9
"2026-05-15 04:08:40",1239227," 05/15/2026 05:20:58.102","           Ch 9",40.4551,0,40.4551,0,-0.01,0,9675.47,0,2450.36,0,40.8503,0,2474.3,0,140.177,0,22.9443,0,26.07,0,10.4726,0,11.6672,0,3,9
"2026-05-15 04:08:50",1239228," 05/15/2026 05:21:08.054","           Ch 9",40.5434,0,40.5434,0,-0.01,0,9613.25,0,2449.82,0,40.9369,0,2473.6,0,140.215,0,22.9423,0,26.0627,0,10.4723,0,11.6726,0,3,9
"2026-05-15 04:09:00",1239229," 05/15/2026 05:21:18.008","           Ch 9",40.6642,0,40.6642,0,-0.01,0,9643.13,0,2454.54,0,41.0602,0,2478.44,0,140.176,0,22.9421,0,26.0609,0,10.4715,0,11.6707,0,3,9
"2026-05-15 04:09:10",1239230," 05/15/2026 05:21:27.960","           Ch 9",40.7634,0,40.7634,0,-0.01,0,9531.99,0,2455.31,0,41.1557,0,2478.94,0,140.173,0,22.9408,0,26.0492,0,10.4759,0,11.6813,0,3,9
"2026-05-15 04:09:20",1239231," 05/15/2026 05:21:37.915","           Ch 9",40.8713,0,40.8713,0,-0.01,0,9682.1,0,2458.48,0,41.2709,0,2482.52,0,140.182,0,22.9404,0,26.0596,0,10.4732,0,11.6711,0,3,9
"2026-05-15 04:09:30",1239232," 05/15/2026 05:21:47.869","           Ch 9",40.9827,0,40.9827,0,-0.01,0,9709.64,0,2461.05,0,41.3845,0,2485.18,0,140.178,0,22.9399,0,26.0519,0,10.4733,0,11.6709,0,3,9
"2026-05-15 04:09:40",1239233," 05/15/2026 05:21:57.822","           Ch 9",41.0408,0,41.0408,0,-0.01,0,9626.52,0,2462.94,0,41.4397,0,2486.88,0,140.174,0,22.9381,0,26.0505,0,10.4688,0,11.6666,0,3,9
"2026-05-15 04:09:50",1239234," 05/15/2026 05:22:07.776","           Ch 9",41.1799,0,41.1799,0,-0.01,0,9646.58,0,2462.4,0,41.581,0,2486.38,0,140.177,0,22.9369,0,26.0525,0,10.4715,0,11.679,0,3,9
"2026-05-15 04:10:00",1239235," 05/15/2026 05:22:17.728","           Ch 9",41.2451,0,41.2451,0,-0.01,0,9645.67,0,2463.32,0,41.6468,0,2487.31,0,140.175,0,22.9358,0,26.0498,0,10.4726,0,11.6738,0,3,9
"2026-05-15 04:10:10",1239236," 05/15/2026 05:22:28.677","           Ch 9",41.3228,0,41.3228,0,-0.01,0,9721,0,2464.98,0,41.7284,0,2489.18,0,140.177,0,22.9351,0,26.0455,0,10.4726,0,11.6729,0,3,9
"2026-05-15 04:10:20",1239237," 05/15/2026 05:22:38.630","           Ch 9",41.44,0,41.44,0,-0.01,0,9741.62,0,2468.08,0,41.8477,0,2492.36,0,140.171,0,22.935,0,26.0319,0,10.472,0,11.6711,0,3,9
"2026-05-15 04:10:30",1239238," 05/15/2026 05:22:48.584","           Ch 9",41.5286,0,41.5286,0,-0.01,0,9675.13,0,2468.44,0,41.9343,0,2492.56,0,140.176,0,22.9332,0,26.0397,0,10.4719,0,11.6728,0,3,9
"2026-05-15 04:10:40",1239239," 05/15/2026 05:22:58.537","           Ch 9",41.6408,0,41.6408,0,-0.01,0,9643.4,0,2472.16,0,42.0463,0,2496.23,0,140.176,0,22.9325,0,26.038,0,10.4717,0,11.6695,0,3,9
"2026-05-15 04:10:50",1239240," 05/15/2026 05:23:08.491","           Ch 9",41.7241,0,41.7241,0,-0.01,0,9635.28,0,2472.88,0,42.1301,0,2496.94,0,140.18,0,22.9316,0,26.0451,0,10.4747,0,11.6751,0,3,9
"2026-05-15 04:11:00",1239241," 05/15/2026 05:23:18.445","           Ch 9",41.8006,0,41.8006,0,-0.01,0,9653.44,0,2475.24,0,42.2081,0,2499.36,0,140.174,0,22.9305,0,26.0391,0,10.4727,0,11.6695,0,3,9
"2026-05-15 04:11:10",1239242," 05/15/2026 05:23:28.399","           Ch 9",41.9342,0,41.9342,0,-0.01,0,9639.68,0,2478.9,0,42.3424,0,2503.03,0,140.178,0,22.9303,0,26.0406,0,10.4753,0,11.6684,0,3,9
"2026-05-15 04:11:20",1239243," 05/15/2026 05:23:38.351","           Ch 9",42.0459,0,42.0459,0,-0.01,0,9687.22,0,2480.7,0,42.4572,0,2504.97,0,140.175,0,22.9292,0,26.0395,0,10.4735,0,11.6691,0,3,9
"2026-05-15 04:11:30",1239244," 05/15/2026 05:23:48.305","           Ch 9",42.1468,0,42.1468,0,-0.01,0,9703.74,0,2482.29,0,42.5598,0,2506.61,0,140.179,0,22.9275,0,26.0359,0,10.4728,0,11.6727,0,3,9
"2026-05-15 04:11:40",1239245," 05/15/2026 05:23:58.258","           Ch 9",42.2018,0,42.2018,0,-0.01,0,9637.71,0,2483.23,0,42.6124,0,2507.39,0,140.173,0,22.926,0,26.0283,0,10.4758,0,11.6688,0,3,9
"2026-05-15 04:11:50",1239246," 05/15/2026 05:24:08.213","            amb",42.3074,0,42.3074,0,-0.01,0,9630.11,0,2486.8,0,42.7188,0,2510.99,0,140.177,0,22.9256,0,26.0365,0,10.4727,0,11.6693,0,3,16
"2026-05-15 04:12:00",1239247," 05/15/2026 05:24:18.166","            amb",42.4275,0,42.4275,0,-0.01,0,9654.79,0,2490.11,0,42.8411,0,2514.39,0,140.177,0,22.9258,0,26.0386,0,10.4724,0,11.6676,0,3,16
"2026-05-15 04:12:10",1239248," 05/15/2026 05:24:28.119","            amb",42.5961,0,42.5961,0,-0.01,0,9645.25,0,2493.42,0,43.011,0,2517.7,0,140.17,0,22.9248,0,26.028,0,10.4723,0,11.67,0,3,16
"2026-05-15 04:12:20",1239249," 05/15/2026 05:24:38.073","            amb",42.7064,0,42.7064,0,-0.01,0,9648.75,0,2496.37,0,43.1225,0,2520.69,0,140.175,0,22.9238,0,26.0313,0,10.4706,0,11.672,0,3,16
"2026-05-15 04:12:30",1239250," 05/15/2026 05:24:48.025","            amb",42.8073,0,42.8073,0,-0.01,0,9662.86,0,2497.81,0,43.2249,0,2522.18,0,140.178,0,22.9228,0,26.0304,0,10.4761,0,11.6792,0,3,16
"2026-05-15 04:12:40",1239251," 05/15/2026 05:24:57.980","            amb",42.9467,0,42.9467,0,-0.01,0,9646.05,0,2504.08,0,43.365,0,2528.47,0,140.178,0,22.9221,0,26.0294,0,10.4734,0,11.6727,0,3,16
"2026-05-15 04:12:50",1239252," 05/15/2026 05:25:07.934","            amb",43.0408,0,43.0408,0,-0.01,0,9669.74,0,2505.93,0,43.4611,0,2530.4,0,140.175,0,22.9212,0,26.0304,0,10.4738,0,11.6696,0,3,16
"2026-05-15 04:13:00",1239253," 05/15/2026 05:25:17.886","            amb",43.1526,0,43.1526,0,-0.01,0,9695.54,0,2510.04,0,43.5751,0,2534.62,0,140.179,0,22.9199,0,26.0233,0,10.4738,0,11.6709,0,3,16
"2026-05-15 04:13:10",1239254," 05/15/2026 05:25:27.839","            amb",43.2496,0,43.2496,0,-0.01,0,9630.66,0,2509,0,43.6702,0,2533.39,0,140.176,0,22.9194,0,26.0245,0,10.4736,0,11.6701,0,3,16
"2026-05-15 04:13:20",1239255," 05/15/2026 05:25:37.793","            amb",43.3692,0,43.3692,0,-0.01,0,9652.38,0,2512.84,0,43.7919,0,2537.34,0,140.177,0,22.9174,0,26.0272,0,10.4724,0,11.6764,0,3,16
"2026-05-15 04:13:30",1239256," 05/15/2026 05:25:47.746","            amb",43.4906,0,43.4906,0,-0.01,0,9620.63,0,2517.95,0,43.9131,0,2542.41,0,140.142,0,22.9168,0,26.0315,0,10.4716,0,11.6704,0,3,16
"2026-05-15 04:13:40",1239257," 05/15/2026 05:25:57.700","            amb",43.6104,0,43.6104,0,-0.01,0,9626.83,0,2522.13,0,44.0343,0,2546.65,0,140.178,0,22.9163,0,26.0247,0,10.4709,0,11.6678,0,3,16
"2026-05-15 04:13:50",1239258," 05/15/2026 05:26:08.647","            amb",43.7353,0,43.7353,0,-0.01,0,9696.2,0,2524.22,0,44.1636,0,2548.94,0,140.176,0,22.9155,0,26.0176,0,10.4742,0,11.6703,0,3,16
"2026-05-15 04:14:00",1239259," 05/15/2026 05:26:18.602","            amb",43.8062,0,43.8062,0,-0.01,0,9616.18,0,2527.93,0,44.2316,0,2552.48,0,140.177,0,22.9142,0,26.0161,0,10.4739,0,11.6717,0,3,16
"2026-05-15 04:14:10",1239260," 05/15/2026 05:26:28.555","            amb",43.9196,0,43.9196,0,-0.01,0,9659.71,0,2528.86,0,44.348,0,2553.53,0,140.175,0,22.9135,0,26.0149,0,10.4718,0,11.6721,0,3,16
"2026-05-15 04:14:20",1239261," 05/15/2026 05:26:38.509","            amb",44.04,0,44.04,0,-0.01,0,9530.35,0,2531.51,0,44.4638,0,2555.87,0,140.178,0,22.9122,0,26.01,0,10.4742,0,11.6688,0,3,16
"2026-05-15 04:14:30",1239262," 05/15/2026 05:26:48.463","            amb",44.1643,0,44.1643,0,-0.01,0,9609.64,0,2537.59,0,44.5929,0,2562.22,0,140.174,0,22.9112,0,26.0072,0,10.4734,0,11.6678,0,3,16
"2026-05-15 04:14:40",1239263," 05/15/2026 05:26:58.416","            amb",44.2123,0,44.2123,0,-0.01,0,9529.39,0,2536.24,0,44.6377,0,2560.64,0,140.178,0,22.9103,0,26.0034,0,10.4697,0,11.6706,0,3,16
"2026-05-15 04:14:50",1239264," 05/15/2026 05:27:08.369","            amb",44.3068,0,44.3068,0,-0.01,0,9541.66,0,2543.58,0,44.7336,0,2568.09,0,140.175,0,22.9093,0,26.0056,0,10.473,0,11.6638,0,3,16
"2026-05-15 04:15:00",1239265," 05/15/2026 05:27:18.323","            amb",44.4414,0,44.4414,0,-0.01,0,9685.91,0,2545.59,0,44.876,0,2570.49,0,140.196,0,22.9078,0,26.0118,0,10.4744,0,11.6666,0,3,16
"2026-05-15 04:15:10",1239266," 05/15/2026 05:27:28.276","            amb",44.5665,0,44.5665,0,-0.01,0,9662.36,0,2549.87,0,45.0013,0,2574.75,0,140.176,0,22.9064,0,26.007,0,10.4752,0,11.6677,0,3,16
"2026-05-15 04:15:20",1239267," 05/15/2026 05:27:38.230","            amb",44.7367,0,44.7367,0,-0.01,0,9628.91,0,2554.79,0,45.1717,0,2579.63,0,140.176,0,22.9053,0,25.9948,0,10.4711,0,11.6713,0,3,16
"2026-05-15 04:15:30",1239268," 05/15/2026 05:27:48.183","            amb",44.868,0,44.868,0,-0.01,0,9716.57,0,2560.44,0,45.3082,0,2585.56,0,140.16,0,22.9052,0,26.0003,0,10.477,0,11.669,0,3,16
"2026-05-15 04:15:40",1239269," 05/15/2026 05:27:58.136","            amb",45.0088,0,45.0088,0,-0.01,0,9593.65,0,2563.79,0,45.4448,0,2588.62,0,140.181,0,22.9036,0,25.9983,0,10.4734,0,11.6717,0,3,16
"2026-05-15 04:15:50",1239270," 05/15/2026 05:28:08.089","            amb",45.1168,0,45.1168,0,-0.01,0,9646.28,0,2567.68,0,45.5562,0,2592.69,0,140.177,0,22.903,0,25.9921,0,10.4726,0,11.6682,0,3,16
"2026-05-15 04:16:00",1239271," 05/15/2026 05:28:18.043","            amb",45.2445,0,45.2445,0,-0.01,0,9733.97,0,2572.29,0,45.6892,0,2597.57,0,140.178,0,22.9018,0,25.9937,0,10.4753,0,11.6717,0,3,16
"2026-05-15 04:16:10",1239272," 05/15/2026 05:28:27.997","            amb",45.3843,0,45.3843,0,-0.01,0,9553.72,0,2574.72,0,45.822,0,2599.56,0,140.177,0,22.9009,0,25.9971,0,10.4743,0,11.6733,0,3,16
"2026-05-15 04:16:20",1239273," 05/15/2026 05:28:37.950","            amb",45.4756,0,45.4756,0,-0.01,0,9533.93,0,2579.49,0,45.9134,0,2604.32,0,140.213,0,22.8989,0,25.9976,0,10.4745,0,11.6731,0,3,16
"2026-05-15 04:16:30",1239274," 05/15/2026 05:28:47.902","            amb",45.6186,0,45.6186,0,-0.01,0,9612.93,0,2584.95,0,46.0614,0,2610.04,0,140.176,0,22.8986,0,25.9917,0,10.4734,0,11.6657,0,3,16
"2026-05-15 04:16:40",1239275," 05/15/2026 05:28:57.859","            amb",45.7548,0,45.7548,0,-0.01,0,9640.75,0,2587.6,0,46.2002,0,2612.79,0,140.177,0,22.8971,0,25.9852,0,10.4755,0,11.6696,0,3,16
"2026-05-15 04:16:50",1239276," 05/15/2026 05:29:07.812","          Ch 12",45.8973,0,45.8973,0,-0.01,0,9547.89,0,2592.68,0,46.3397,0,2617.68,0,140.213,0,22.8954,0,25.9894,0,10.4735,0,11.6708,0,3,12
"2026-05-15 04:17:00",1239277," 05/15/2026 05:29:17.765","          Ch 12",46.005,0,46.005,0,-0.01,0,9572.3,0,2598.41,0,46.4496,0,2623.52,0,140.176,0,22.8948,0,25.9903,0,10.4776,0,11.6693,0,3,12
"2026-05-15 04:17:10",1239278," 05/15/2026 05:29:27.717","          Ch 12",46.1209,0,46.1209,0,-0.01,0,9609.53,0,2602.11,0,46.5684,0,2627.35,0,140.175,0,22.8931,0,25.986,0,10.4748,0,11.6679,0,3,12
"2026-05-15 04:17:20",1239279," 05/15/2026 05:29:38.666","          Ch 12",46.2772,0,46.2772,0,-0.01,0,9716.5,0,2607.64,0,46.7313,0,2633.23,0,140.175,0,22.8926,0,25.99,0,10.472,0,11.6632,0,3,12
"2026-05-15 04:17:30",1239280," 05/15/2026 05:29:48.619","          Ch 12",46.394,0,46.394,0,-0.01,0,9670,0,2611.48,0,46.847,0,2636.98,0,140.177,0,22.8915,0,25.9818,0,10.4703,0,11.6625,0,3,12
"2026-05-15 04:17:40",1239281," 05/15/2026 05:29:58.572","          Ch 12",46.4368,0,46.4368,0,-0.01,0,9580.64,0,2608.32,0,46.886,0,2633.56,0,140.175,0,22.8903,0,25.9842,0,10.4751,0,11.6734,0,3,12
"2026-05-15 04:17:50",1239282," 05/15/2026 05:30:08.527","          Ch 12",46.5912,0,46.5912,0,-0.01,0,9689.83,0,2611.91,0,47.0471,0,2637.47,0,140.156,0,22.8897,0,25.9873,0,10.4773,0,11.6759,0,3,12
"2026-05-15 04:18:00",1239283," 05/15/2026 05:30:18.480","          Ch 12",46.7088,0,46.7088,0,-0.01,0,9628.29,0,2618.7,0,47.1629,0,2644.16,0,140.175,0,22.8874,0,25.9862,0,10.474,0,11.6713,0,3,12
"2026-05-15 04:18:10",1239284," 05/15/2026 05:30:28.433","          Ch 12",46.8344,0,46.8344,0,-0.01,0,9641.92,0,2622.84,0,47.2903,0,2648.38,0,140.179,0,22.886,0,25.9879,0,10.4755,0,11.6713,0,3,12
"2026-05-15 04:18:20",1239285," 05/15/2026 05:30:38.388","          Ch 12",46.9429,0,46.9429,0,-0.01,0,9627.11,0,2626.7,0,47.3992,0,2652.24,0,140.179,0,22.886,0,25.9887,0,10.4784,0,11.6754,0,3,12
"2026-05-15 04:18:30",1239286," 05/15/2026 05:30:48.340","          Ch 12",47.1125,0,47.1125,0,-0.01,0,9600.21,0,2630.74,0,47.5691,0,2656.24,0,140.176,0,22.8835,0,25.9881,0,10.473,0,11.6705,0,3,12
"2026-05-15 04:18:40",1239287," 05/15/2026 05:30:58.293","          Ch 12",47.2517,0,47.2517,0,-0.01,0,9635.18,0,2635.72,0,47.7114,0,2661.37,0,140.175,0,22.8817,0,25.9846,0,10.4748,0,11.6735,0,3,12
"2026-05-15 04:18:50",1239288," 05/15/2026 05:31:08.248","          Ch 12",47.3677,0,47.3677,0,-0.01,0,9672.01,0,2640.15,0,47.8303,0,2665.94,0,140.181,0,22.8808,0,25.979,0,10.4763,0,11.6732,0,3,12
"2026-05-15 04:19:00",1239289," 05/15/2026 05:31:18.202","          Ch 12",47.4742,0,47.4742,0,-0.01,0,9622.51,0,2644.71,0,47.9355,0,2670.4,0,140.176,0,22.8802,0,25.9804,0,10.4732,0,11.667,0,3,12
"2026-05-15 04:19:10",1239290," 05/15/2026 05:31:28.155","          Ch 12",47.6057,0,47.6057,0,-0.01,0,9696.66,0,2646.42,0,48.0719,0,2672.33,0,140.144,0,22.879,0,25.979,0,10.4755,0,11.6728,0,3,12
"2026-05-15 04:19:20",1239291," 05/15/2026 05:31:38.109","          Ch 12",47.6002,0,47.6002,0,-0.01,0,9571.3,0,2648.49,0,48.0602,0,2674.08,0,140.178,0,22.8775,0,25.9703,0,10.4762,0,11.6713,0,3,12
"2026-05-15 04:19:30",1239292," 05/15/2026 05:31:48.063","          Ch 12",47.7117,0,47.7117,0,-0.01,0,9622.47,0,2650.55,0,48.1753,0,2676.3,0,140.177,0,22.876,0,25.966,0,10.4781,0,11.6709,0,3,12
"2026-05-15 04:19:40",1239293," 05/15/2026 05:31:58.016","          Ch 12",47.8286,0,47.8286,0,-0.01,0,9624.95,0,2653.82,0,48.2934,0,2679.61,0,140.149,0,22.8749,0,25.9696,0,10.4751,0,11.6728,0,3,12
"2026-05-15 04:19:50",1239294," 05/15/2026 05:32:07.970","          Ch 12",47.935,0,47.935,0,-0.01,0,9658.04,0,2657.09,0,48.4024,0,2683,0,140.178,0,22.8734,0,25.9692,0,10.4802,0,11.6734,0,3,12
"2026-05-15 04:20:00",1239295," 05/15/2026 05:32:17.923","          Ch 12",48.041,0,48.041,0,-0.01,0,9617.1,0,2659.8,0,48.5075,0,2685.63,0,140.18,0,22.8723,0,25.9662,0,10.4746,0,11.6715,0,3,12
"2026-05-15 04:20:10",1239296," 05/15/2026 05:32:27.875","          Ch 12",48.1177,0,48.1177,0,-0.01,0,9677.92,0,2661.58,0,48.588,0,2687.59,0,140.176,0,22.8703,0,25.952,0,10.4793,0,11.6785,0,3,12
"2026-05-15 04:20:20",1239297," 05/15/2026 05:32:37.829","          Ch 12",48.161,0,48.161,0,-0.01,0,9632.93,0,2663.99,0,48.6295,0,2689.9,0,140.176,0,22.8689,0,25.9513,0,10.4771,0,11.6666,0,3,12
"2026-05-15 04:20:30",1239298," 05/15/2026 05:32:47.783","          Ch 12",48.279,0,48.279,0,-0.01,0,9639.63,0,2666.97,0,48.7489,0,2692.92,0,140.178,0,22.8681,0,25.9567,0,10.4758,0,11.6716,0,3,12
"2026-05-15 04:20:40",1239299," 05/15/2026 05:32:57.737","          Ch 12",48.44,0,48.44,0,-0.01,0,9605.34,0,2671.24,0,48.9098,0,2697.15,0,140.181,0,22.8668,0,25.9515,0,10.4637,0,11.6627,0,3,12
"2026-05-15 04:20:50",1239300," 05/15/2026 05:33:08.685","          Ch 12",48.5483,0,48.5483,0,-0.01,0,9605.83,0,2675.45,0,49.0192,0,2701.4,0,140.177,0,22.866,0,25.9474,0,10.4765,0,11.6709,0,3,12
"2026-05-15 04:21:00",1239301," 05/15/2026 05:33:18.639","          Ch 12",48.6677,0,48.6677,0,-0.01,0,9603.03,0,2680,0,49.1396,0,2705.98,0,140.177,0,22.864,0,25.9472,0,10.4742,0,11.6672,0,3,12
"2026-05-15 04:21:10",1239302," 05/15/2026 05:33:28.592","          Ch 12",48.8321,0,48.8321,0,-0.01,0,9660.56,0,2684.62,0,49.3084,0,2710.81,0,140.165,0,22.863,0,25.947,0,10.4748,0,11.6728,0,3,12
"2026-05-15 04:21:20",1239303," 05/15/2026 05:33:38.545","          Ch 12",48.9456,0,48.9456,0,-0.01,0,9643.4,0,2688.62,0,49.4222,0,2714.8,0,140.179,0,22.8622,0,25.9523,0,10.4757,0,11.6739,0,3,12
"2026-05-15 04:21:30",1239304," 05/15/2026 05:33:48.499","          Ch 12",49.0496,0,49.0496,0,-0.01,0,9578.09,0,2695.84,0,49.524,0,2721.91,0,140.175,0,22.8605,0,25.9473,0,10.4713,0,11.6627,0,3,12
"2026-05-15 04:21:40",1239305," 05/15/2026 05:33:58.453","          Ch 12",49.2054,0,49.2054,0,-0.01,0,9516.24,0,2697.41,0,49.6781,0,2723.33,0,140.176,0,22.8593,0,25.944,0,10.4748,0,11.6672,0,3,12
"2026-05-15 04:21:50",1239306," 05/15/2026 05:34:08.406","          Ch 12",49.3352,0,49.3352,0,-0.01,0,9649.43,0,2703.79,0,49.8159,0,2730.13,0,140.178,0,22.8582,0,25.9473,0,10.4797,0,11.6704,0,3,12
"2026-05-15 04:22:00",1239307," 05/15/2026 05:34:18.358","          Ch 12",49.4869,0,49.4869,0,-0.01,0,9656.71,0,2705.81,0,49.9694,0,2732.2,0,140.178,0,22.8566,0,25.9478,0,10.4784,0,11.6717,0,3,12
"2026-05-15 04:22:10",1239308," 05/15/2026 05:34:28.311","          Ch 12",49.6018,0,49.6018,0,-0.01,0,9600.35,0,2708.86,0,50.0826,0,2735.12,0,140.173,0,22.8548,0,25.9446,0,10.4785,0,11.6716,0,3,12
"2026-05-15 04:22:20",1239309," 05/15/2026 05:34:38.265","          Ch 12",49.7079,0,49.7079,0,-0.01,0,9609.45,0,2714.27,0,50.1902,0,2740.6,0,140.176,0,22.8532,0,25.9379,0,10.4809,0,11.6753,0,3,12
"2026-05-15 04:22:30",1239310," 05/15/2026 05:34:48.218","          Ch 12",49.8324,0,49.8324,0,-0.01,0,9733.1,0,2717.53,0,50.3222,0,2744.24,0,140.21,0,22.8527,0,25.9293,0,10.4812,0,11.6743,0,3,12
"2026-05-15 04:22:40",1239311," 05/15/2026 05:34:58.172","          Ch 12",49.9473,0,49.9473,0,-0.01,0,9551.68,0,2724.26,0,50.429,0,2750.53,0,140.177,0,22.8514,0,25.9292,0,10.474,0,11.6668,0,3,12
"2026-05-15 04:22:50",1239312," 05/15/2026 05:35:08.126","          Ch 12",50.0312,0,50.0312,0,-0.01,0,9658.53,0,2723.78,0,50.5191,0,2750.35,0,140.175,0,22.8501,0,25.9277,0,10.4811,0,11.6758,0,3,12
"2026-05-15 04:23:00",1239313," 05/15/2026 05:35:18.079","          Ch 12",50.1379,0,50.1379,0,-0.01,0,9685.7,0,2729.72,0,50.6283,0,2756.42,0,140.178,0,22.8496,0,25.9304,0,10.477,0,11.6695,0,3,12
"2026-05-15 04:23:10",1239314," 05/15/2026 05:35:28.032","          Ch 12",50.2337,0,50.2337,0,-0.01,0,9544.38,0,2733.39,0,50.7178,0,2759.73,0,140.178,0,22.8475,0,25.9233,0,10.4797,0,11.6692,0,3,12
"2026-05-15 04:23:20",1239315," 05/15/2026 05:35:37.987","          Ch 12",50.3412,0,50.3412,0,-0.01,0,9611.83,0,2736.55,0,50.8297,0,2763.11,0,140.175,0,22.8465,0,25.9189,0,10.4782,0,11.6689,0,3,12
"2026-05-15 04:23:30",1239316," 05/15/2026 05:35:47.940","          Ch 12",50.4554,0,50.4554,0,-0.01,0,9609.99,0,2740.59,0,50.945,0,2767.19,0,140.177,0,22.8452,0,25.9261,0,10.4782,0,11.672,0,3,12
"2026-05-15 04:23:40",1239317," 05/15/2026 05:35:57.894","          Ch 12",50.5672,0,50.5672,0,-0.01,0,9533.49,0,2740.47,0,51.054,0,2766.85,0,140.178,0,22.8444,0,25.9177,0,10.4767,0,11.6707,0,3,12
"2026-05-15 04:23:50",1239318," 05/15/2026 05:36:07.847","          Ch 12",50.6644,0,50.6644,0,-0.01,0,9620.55,0,2747.59,0,51.1565,0,2774.28,0,140.198,0,22.8429,0,25.9217,0,10.4765,0,11.669,0,3,12
"2026-05-15 04:24:00",1239319," 05/15/2026 05:36:17.801","          Ch 12",50.7444,0,50.7444,0,-0.01,0,9584.74,0,2749.29,0,51.2355,0,2775.89,0,140.177,0,22.8414,0,25.9185,0,10.4786,0,11.6688,0,3,12
"2026-05-15 04:24:10",1239320," 05/15/2026 05:36:27.753","          Ch 12",50.8871,0,50.8871,0,-0.01,0,9601.97,0,2754.61,0,51.3804,0,2781.31,0,140.179,0,22.8395,0,25.909,0,10.4764,0,11.6664,0,3,12
"2026-05-15 04:24:20",1239321," 05/15/2026 05:36:37.706","          Ch 12",50.9998,0,50.9998,0,-0.01,0,9604.86,0,2758.07,0,51.4944,0,2784.82,0,140.213,0,22.8376,0,25.9121,0,10.4757,0,11.6644,0,3,12
"2026-05-15 04:24:30",1239322," 05/15/2026 05:36:48.657","          Ch 12",51.1115,0,51.1115,0,-0.01,0,9648.32,0,2762.88,0,51.6094,0,2789.79,0,140.182,0,22.8374,0,25.9191,0,10.4803,0,11.6726,0,3,12
"2026-05-15 04:24:40",1239323," 05/15/2026 05:36:58.611","          Ch 12",51.1811,0,51.1811,0,-0.01,0,9663.43,0,2764.39,0,51.6805,0,2791.37,0,140.176,0,22.8362,0,25.922,0,10.4809,0,11.6691,0,3,12
"2026-05-15 04:24:50",1239324," 05/15/2026 05:37:08.563","          Ch 12",51.3364,0,51.3364,0,-0.01,0,9551.47,0,2767.52,0,51.8314,0,2794.21,0,140.179,0,22.8351,0,25.9141,0,10.4773,0,11.6687,0,3,12
"2026-05-15 04:25:00",1239325," 05/15/2026 05:37:18.517","          Ch 12",51.4618,0,51.4618,0,-0.01,0,9675.9,0,2772.77,0,51.9646,0,2799.86,0,140.175,0,22.8344,0,25.916,0,10.475,0,11.6717,0,3,12
"2026-05-15 04:25:10",1239326," 05/15/2026 05:37:28.471","          Ch 12",51.513,0,51.513,0,-0.01,0,9605.55,0,2778.48,0,52.0126,0,2805.43,0,140.179,0,22.8332,0,25.9068,0,10.4727,0,11.6655,0,3,12
"2026-05-15 04:25:20",1239327," 05/15/2026 05:37:38.423","          Ch 12",51.6289,0,51.6289,0,-0.01,0,9648.86,0,2777.62,0,52.1319,0,2804.68,0,140.147,0,22.8324,0,25.903,0,10.4798,0,11.6735,0,3,12
"2026-05-15 04:25:30",1239328," 05/15/2026 05:37:48.380","          Ch 12",51.7334,0,51.7334,0,-0.01,0,9578.45,0,2781.56,0,52.2337,0,2808.46,0,140.177,0,22.8308,0,25.9034,0,10.4788,0,11.6697,0,3,12
"2026-05-15 04:25:40",1239329," 05/15/2026 05:37:58.334","          Ch 12",51.8351,0,51.8351,0,-0.01,0,9607.65,0,2785.78,0,52.338,0,2812.8,0,140.177,0,22.8292,0,25.8915,0,10.4796,0,11.6714,0,3,12
"2026-05-15 04:25:50",1239330," 05/15/2026 05:38:08.287","          Ch 12",51.9533,0,51.9533,0,-0.01,0,9639.23,0,2789.12,0,52.4589,0,2816.26,0,140.178,0,22.8278,0,25.8945,0,10.4772,0,11.6721,0,3,12
"2026-05-15 04:26:00",1239331," 05/15/2026 05:38:18.240","          Ch 12",52.0258,0,52.0258,0,-0.01,0,9412.6,0,2791.27,0,52.5201,0,2817.79,0,140.175,0,22.8268,0,25.8953,0,10.4776,0,11.6674,0,3,12
"2026-05-15 04:26:10",1239332," 05/15/2026 05:38:28.194","          Ch 12",52.1687,0,52.1687,0,-0.01,0,9543,0,2798.02,0,52.6713,0,2824.98,0,140.177,0,22.8266,0,25.8789,0,10.4785,0,11.6682,0,3,12
"2026-05-15 04:26:20",1239333," 05/15/2026 05:38:38.147","          Ch 12",52.3056,0,52.3056,0,-0.01,0,9612.76,0,2802.56,0,52.8133,0,2829.76,0,140.176,0,22.8256,0,25.8815,0,10.4728,0,11.6682,0,3,12
"2026-05-15 04:26:30",1239334," 05/15/2026 05:38:48.101","          Ch 12",52.3889,0,52.3889,0,-0.01,0,9548.95,0,2803.42,0,52.894,0,2830.45,0,140.174,0,22.8239,0,25.8859,0,10.4776,0,11.6711,0,3,12
"2026-05-15 04:26:40",1239335," 05/15/2026 05:38:58.055","          Ch 12",52.5009,0,52.5009,0,-0.01,0,9618.54,0,2807.88,0,53.0107,0,2835.15,0,140.151,0,22.823,0,25.885,0,10.479,0,11.6733,0,3,12
"2026-05-15 04:26:50",1239336," 05/15/2026 05:39:08.009","            amb",52.581,0,52.581,0,-0.01,0,9621.7,0,2809.11,0,53.0918,0,2836.4,0,140.175,0,22.8221,0,25.8824,0,10.4773,0,11.6698,0,3,16
"2026-05-15 04:27:00",1239337," 05/15/2026 05:39:17.962","            amb",52.6694,0,52.6694,0,-0.01,0,9572.87,0,2814.42,0,53.1784,0,2841.63,0,140.176,0,22.8201,0,25.8859,0,10.4776,0,11.6697,0,3,16
"2026-05-15 04:27:10",1239338," 05/15/2026 05:39:27.915","            amb",52.8019,0,52.8019,0,-0.01,0,9633.1,0,2811.74,0,53.3155,0,2839.09,0,140.175,0,22.8187,0,25.8884,0,10.4823,0,11.6766,0,3,16
"2026-05-15 04:27:20",1239339," 05/15/2026 05:39:37.869","            amb",52.8714,0,52.8714,0,-0.01,0,9579.05,0,2820.85,0,53.3827,0,2848.14,0,140.179,0,22.8176,0,25.8777,0,10.4821,0,11.6694,0,3,16
"2026-05-15 04:27:30",1239340," 05/15/2026 05:39:47.821","            amb",52.9954,0,52.9954,0,-0.01,0,9561.34,0,2823.28,0,53.507,0,2850.54,0,140.177,0,22.8153,0,25.8811,0,10.4778,0,11.6709,0,3,16
"2026-05-15 04:27:40",1239341," 05/15/2026 05:39:57.776","            amb",52.9878,0,52.9878,0,-0.01,0,9398.66,0,2827.27,0,53.4905,0,2854.09,0,140.178,0,22.8145,0,25.8759,0,10.4732,0,11.6643,0,3,16
"2026-05-15 04:27:50",1239342," 05/15/2026 05:40:07.735","            amb",53.1752,0,53.1752,0,-0.01,0,9511.01,0,2830.45,0,53.6858,0,2857.63,0,140.175,0,22.8129,0,25.8762,0,10.4766,0,11.6675,0,3,16
"2026-05-15 04:28:00",1239343," 05/15/2026 05:40:18.683","            amb",53.2814,0,53.2814,0,-0.01,0,9660,0,2836.69,0,53.8012,0,2864.36,0,140.177,0,22.8117,0,25.8666,0,10.4782,0,11.6669,0,3,16
"2026-05-15 04:28:10",1239344," 05/15/2026 05:40:28.638","            amb",53.3917,0,53.3917,0,-0.01,0,9598.3,0,2839.84,0,53.9092,0,2867.36,0,140.178,0,22.8106,0,25.8767,0,10.4783,0,11.6681,0,3,16
"2026-05-15 04:28:20",1239345," 05/15/2026 05:40:38.594","            amb",53.4847,0,53.4847,0,-0.01,0,9665.88,0,2844.79,0,54.0068,0,2872.55,0,140.177,0,22.8089,0,25.8736,0,10.4815,0,11.6683,0,3,16
"2026-05-15 04:28:30",1239346," 05/15/2026 05:40:48.546","            amb",53.5662,0,53.5662,0,-0.01,0,9565.18,0,2846.46,0,54.0835,0,2873.95,0,140.144,0,22.8077,0,25.8778,0,10.4796,0,11.6712,0,3,16
"2026-05-15 04:28:40",1239347," 05/15/2026 05:40:58.501","            amb",53.6712,0,53.6712,0,-0.01,0,9603.84,0,2850.84,0,54.1916,0,2878.48,0,140.178,0,22.8069,0,25.8783,0,10.481,0,11.6684,0,3,16
"2026-05-15 04:28:50",1239348," 05/15/2026 05:41:08.454","            amb",53.7868,0,53.7868,0,-0.01,0,9582.57,0,2855.08,0,54.3072,0,2882.7,0,140.178,0,22.8043,0,25.8835,0,10.4774,0,11.667,0,3,16
"2026-05-15 04:29:00",1239349," 05/15/2026 05:41:18.408","            amb",53.8833,0,53.8833,0,-0.01,0,9618.13,0,2858.87,0,54.4065,0,2886.63,0,140.16,0,22.8037,0,25.8823,0,10.48,0,11.6686,0,3,16
"2026-05-15 04:29:10",1239350," 05/15/2026 05:41:28.360","            amb",53.9963,0,53.9963,0,-0.01,0,9573.86,0,2864.32,0,54.5183,0,2892.01,0,140.176,0,22.8014,0,25.8646,0,10.4795,0,11.6653,0,3,16
"2026-05-15 04:29:20",1239351," 05/15/2026 05:41:38.314","            amb",54.1067,0,54.1067,0,-0.01,0,9523.96,0,2865.02,0,54.6269,0,2892.57,0,140.179,0,22.7997,0,25.8634,0,10.4781,0,11.6718,0,3,16
"2026-05-15 04:29:30",1239352," 05/15/2026 05:41:48.268","            amb",54.2542,0,54.2542,0,-0.01,0,9508.27,0,2870.24,0,54.775,0,2897.8,0,140.179,0,22.7982,0,25.8664,0,10.4811,0,11.6701,0,3,16
"2026-05-15 04:29:40",1239353," 05/15/2026 05:41:58.222","            amb",54.3662,0,54.3662,0,-0.01,0,9534.78,0,2875.66,0,54.8896,0,2903.34,0,140.178,0,22.7975,0,25.8656,0,10.4782,0,11.6708,0,3,16
"2026-05-15 04:29:50",1239354," 05/15/2026 05:42:08.175","            amb",54.4786,0,54.4786,0,-0.01,0,9586.86,0,2880.97,0,55.006,0,2908.86,0,140.181,0,22.7959,0,25.8636,0,10.4787,0,11.6696,0,3,16
"2026-05-15 04:30:00",1239355," 05/15/2026 05:42:18.126","            amb",54.5369,0,54.5369,0,-0.01,0,9491.22,0,2882.68,0,55.0595,0,2910.31,0,140.178,0,22.7945,0,25.8605,0,10.4757,0,11.662,0,3,16
"2026-05-15 04:30:10",1239356," 05/15/2026 05:42:28.082","            amb",54.7129,0,54.7129,0,-0.01,0,9576.94,0,2890.99,0,55.242,0,2918.95,0,140.176,0,22.7928,0,25.8639,0,10.4791,0,11.6685,0,3,16
"2026-05-15 04:30:20",1239357," 05/15/2026 05:42:38.035","            amb",54.8916,0,54.8916,0,-0.01,0,9566.49,0,2892.29,0,55.4218,0,2920.22,0,140.145,0,22.7919,0,25.8654,0,10.4796,0,11.6713,0,3,16
"2026-05-15 04:30:30",1239358," 05/15/2026 05:42:47.988","            amb",54.9482,0,54.9482,0,-0.01,0,9569.19,0,2901.74,0,55.4791,0,2929.78,0,140.174,0,22.7894,0,25.8601,0,10.4778,0,11.666,0,3,16
"2026-05-15 04:30:40",1239359," 05/15/2026 05:42:57.939","            amb",55.0669,0,55.0669,0,-0.01,0,9565.9,0,2906.66,0,55.5987,0,2934.73,0,140.178,0,22.7886,0,25.8585,0,10.4808,0,11.6668,0,3,16
"2026-05-15 04:30:50",1239360," 05/15/2026 05:43:07.892","            amb",55.1612,0,55.1612,0,-0.01,0,9518.08,0,2907.88,0,55.6913,0,2935.82,0,140.145,0,22.7864,0,25.8551,0,10.4801,0,11.6683,0,3,16
"2026-05-15 04:31:00",1239361," 05/15/2026 05:43:17.846","            amb",55.3237,0,55.3237,0,-0.01,0,9593.03,0,2915.15,0,55.8595,0,2943.39,0,140.177,0,22.7848,0,25.8473,0,10.4789,0,11.6672,0,3,16
"2026-05-15 04:31:10",1239362," 05/15/2026 05:43:27.800","            amb",55.4374,0,55.4374,0,-0.01,0,9640.67,0,2920.8,0,55.9771,0,2949.23,0,140.178,0,22.7837,0,25.8515,0,10.4735,0,11.6636,0,3,16
"2026-05-15 04:31:20",1239363," 05/15/2026 05:43:37.754","            amb",55.4972,0,55.4972,0,-0.01,0,9569.48,0,2921.13,0,56.0334,0,2949.36,0,140.177,0,22.7825,0,25.8453,0,10.4767,0,11.6676,0,3,16
"2026-05-15 04:31:30",1239364," 05/15/2026 05:43:47.706","            amb",55.6534,0,55.6534,0,-0.01,0,9586.01,0,2927.11,0,56.192,0,2955.44,0,140.174,0,22.7813,0,25.8446,0,10.4798,0,11.6697,0,3,16
"2026-05-15 04:31:40",1239365," 05/15/2026 05:43:58.655","            amb",55.8087,0,55.8087,0,-0.01,0,9592.05,0,2933.05,0,56.3492,0,2961.45,0,140.176,0,22.7796,0,25.8354,0,10.479,0,11.6713,0,3,16
"2026-05-15 04:31:50",1239366," 05/15/2026 05:44:08.608","           Ch 3",55.8641,0,55.8641,0,-0.01,0,9634.37,0,2938.48,0,56.4076,0,2967.07,0,140.214,0,22.7775,0,25.8396,0,10.4835,0,11.6665,0,3,3
"2026-05-15 04:32:00",1239367," 05/15/2026 05:44:18.563","           Ch 3",55.9859,0,55.9859,0,-0.01,0,9623.26,0,2941.9,0,56.5299,0,2970.49,0,140.178,0,22.7771,0,25.8348,0,10.4828,0,11.6683,0,3,3
"2026-05-15 04:32:10",1239368," 05/15/2026 05:44:28.517","           Ch 3",56.11,0,56.11,0,-0.01,0,9544.95,0,2941.25,0,56.6507,0,2969.6,0,140.174,0,22.7747,0,25.8386,0,10.4783,0,11.6746,0,3,3
"2026-05-15 04:32:20",1239369," 05/15/2026 05:44:38.470","           Ch 3",56.2591,0,56.2591,0,-0.01,0,9609.5,0,2950.41,0,56.8049,0,2979.03,0,140.178,0,22.7742,0,25.8382,0,10.4784,0,11.6659,0,3,3
"2026-05-15 04:32:30",1239370," 05/15/2026 05:44:48.423","           Ch 3",56.3622,0,56.3622,0,-0.01,0,9582.47,0,2951.6,0,56.9075,0,2980.15,0,140.177,0,22.7727,0,25.8334,0,10.4815,0,11.671,0,3,3
"2026-05-15 04:32:40",1239371," 05/15/2026 05:44:58.377","           Ch 3",56.4333,0,56.4333,0,-0.01,0,9540.32,0,2959.21,0,56.9769,0,2987.71,0,140.178,0,22.7715,0,25.8246,0,10.4795,0,11.6643,0,3,3
"2026-05-15 04:32:50",1239372," 05/15/2026 05:45:08.329","           Ch 3",56.5873,0,56.5873,0,-0.01,0,9576.02,0,2961.17,0,57.1344,0,2989.8,0,140.175,0,22.7691,0,25.8344,0,10.4792,0,11.6667,0,3,3
"2026-05-15 04:33:00",1239373," 05/15/2026 05:45:18.283","           Ch 3",56.6391,0,56.6391,0,-0.01,0,9708.97,0,2968.16,0,57.1944,0,2997.26,0,140.179,0,22.7676,0,25.8386,0,10.4864,0,11.6784,0,3,3
"2026-05-15 04:33:10",1239374," 05/15/2026 05:45:28.238","           Ch 3",56.781,0,56.781,0,-0.01,0,9544.01,0,2969.73,0,57.3281,0,2998.35,0,140.189,0,22.7675,0,25.8322,0,10.4799,0,11.6669,0,3,3
"2026-05-15 04:33:20",1239375," 05/15/2026 05:45:38.189","           Ch 3",56.895,0,56.895,0,-0.01,0,9497.32,0,2971.59,0,57.4405,0,3000.08,0,140.176,0,22.7657,0,25.8199,0,10.4786,0,11.6713,0,3,3
"2026-05-15 04:33:30",1239376," 05/15/2026 05:45:48.143","           Ch 3",56.9945,0,56.9945,0,-0.01,0,9594.51,0,2976.7,0,57.5466,0,3005.54,0,140.179,0,22.764,0,25.8213,0,10.4849,0,11.6653,0,3,3
"2026-05-15 04:33:40",1239377," 05/15/2026 05:45:58.098","           Ch 3",57.0299,0,57.0299,0,-0.01,0,9548.18,0,2977.44,0,57.5797,0,3006.14,0,140.213,0,22.7626,0,25.8203,0,10.4834,0,11.6715,0,3,3
"2026-05-15 04:33:50",1239378," 05/15/2026 05:46:08.051","           Ch 3",57.0891,0,57.0891,0,-0.01,0,9509.26,0,2980.48,0,57.6372,0,3009.09,0,140.175,0,22.7609,0,25.8206,0,10.4799,0,11.6682,0,3,3
"2026-05-15 04:34:00",1239379," 05/15/2026 05:46:18.004","           Ch 3",57.1501,0,57.1501,0,-0.01,0,9553.75,0,2980.37,0,57.7014,0,3009.12,0,140.175,0,22.7599,0,25.8232,0,10.4791,0,11.669,0,3,3
"2026-05-15 04:34:10",1239380," 05/15/2026 05:46:27.957","           Ch 3",57.1991,0,57.1991,0,-0.01,0,9666.75,0,2983.02,0,57.7574,0,3012.14,0,140.177,0,22.7587,0,25.8285,0,10.4823,0,11.6684,0,3,3
"2026-05-15 04:34:20",1239381," 05/15/2026 05:46:37.910","           Ch 3",57.2457,0,57.2457,0,-0.01,0,9637.27,0,2985.14,0,57.8027,0,3014.19,0,140.177,0,22.7571,0,25.8213,0,10.4824,0,11.6677,0,3,3
"2026-05-15 04:34:30",1239382," 05/15/2026 05:46:47.864","           Ch 3",57.3013,0,57.3013,0,-0.01,0,9572.97,0,2986.68,0,57.8552,0,3015.55,0,140.174,0,22.7554,0,25.8158,0,10.4817,0,11.6652,0,3,3
"2026-05-15 04:34:40",1239383," 05/15/2026 05:46:57.818","           Ch 3",57.4593,0,57.4593,0,-0.01,0,9543.85,0,2990.97,0,58.013,0,3019.79,0,140.177,0,22.7544,0,25.8151,0,10.4812,0,11.6712,0,3,3
"2026-05-15 04:34:50",1239384," 05/15/2026 05:47:07.771","           Ch 3",57.6006,0,57.6006,0,-0.01,0,9475.99,0,2997.2,0,58.1516,0,3025.88,0,140.178,0,22.7532,0,25.8194,0,10.4771,0,11.6658,0,3,3
"2026-05-15 04:35:00",1239385," 05/15/2026 05:47:17.724","           Ch 3",57.7719,0,57.7719,0,-0.01,0,9504.28,0,2998.55,0,58.3263,0,3027.32,0,140.178,0,22.7531,0,25.8193,0,10.481,0,11.6694,0,3,3
"2026-05-15 04:35:10",1239386," 05/15/2026 05:47:28.674","           Ch 3",57.9535,0,57.9535,0,-0.01,0,9561.79,0,3009.62,0,58.513,0,3038.67,0,140.155,0,22.7506,0,25.8154,0,10.4789,0,11.6655,0,3,3
"2026-05-15 04:35:20",1239387," 05/15/2026 05:47:38.629","           Ch 3",58.0098,0,58.0098,0,-0.01,0,9471.99,0,3013.86,0,58.5645,0,3042.68,0,140.177,0,22.7499,0,25.8185,0,10.4795,0,11.6672,0,3,3
"2026-05-15 04:35:30",1239388," 05/15/2026 05:47:48.583","           Ch 3",58.1586,0,58.1586,0,-0.01,0,9599.71,0,3019.37,0,58.7223,0,3048.63,0,140.181,0,22.7483,0,25.8145,0,10.4843,0,11.6682,0,3,3
"2026-05-15 04:35:40",1239389," 05/15/2026 05:47:58.535","           Ch 3",58.2645,0,58.2645,0,-0.01,0,9564.82,0,3021.62,0,58.8272,0,3050.8,0,140.177,0,22.747,0,25.8057,0,10.4829,0,11.667,0,3,3
"2026-05-15 04:35:50",1239390," 05/15/2026 05:48:08.489","           Ch 3",58.4035,0,58.4035,0,-0.01,0,9629.32,0,3028.25,0,58.9713,0,3057.69,0,140.177,0,22.7452,0,25.8021,0,10.4845,0,11.6706,0,3,3
"2026-05-15 04:36:00",1239391," 05/15/2026 05:48:18.443","           Ch 3",58.5254,0,58.5254,0,-0.01,0,9540.33,0,3033.43,0,59.0891,0,3062.65,0,140.174,0,22.7443,0,25.8014,0,10.4812,0,11.6673,0,3,3
"2026-05-15 04:36:10",1239392," 05/15/2026 05:48:28.397","           Ch 3",58.72,0,58.72,0,-0.01,0,9579.48,0,3034.46,0,59.288,0,3063.8,0,140.178,0,22.742,0,25.8002,0,10.4821,0,11.672,0,3,3
"2026-05-15 04:36:20",1239393," 05/15/2026 05:48:38.351","           Ch 3",58.7731,0,58.7731,0,-0.01,0,9562.61,0,3045.73,0,59.3405,0,3075.14,0,140.178,0,22.7404,0,25.7983,0,10.4806,0,11.6662,0,3,3
"2026-05-15 04:36:30",1239394," 05/15/2026 05:48:48.303","           Ch 3",58.9221,0,58.9221,0,-0.01,0,9631.14,0,3051.32,0,59.4951,0,3080.99,0,140.152,0,22.739,0,25.8018,0,10.4776,0,11.6574,0,3,3
"2026-05-15 04:36:40",1239395," 05/15/2026 05:48:58.257","           Ch 3",59.0639,0,59.0639,0,-0.01,0,9593.2,0,3054.5,0,59.636,0,3084.08,0,140.178,0,22.7381,0,25.7943,0,10.4831,0,11.6741,0,3,3
"2026-05-15 04:36:50",1239396," 05/15/2026 05:49:08.211","           Ch 3",59.1608,0,59.1608,0,-0.01,0,9536.23,0,3058.77,0,59.7304,0,3088.22,0,140.177,0,22.7366,0,25.7939,0,10.4781,0,11.6656,0,3,3
"2026-05-15 04:37:00",1239397," 05/15/2026 05:49:18.164","           Ch 3",59.2592,0,59.2592,0,-0.01,0,9532.95,0,3062.53,0,59.8296,0,3092.01,0,140.179,0,22.736,0,25.7932,0,10.4824,0,11.6737,0,3,3
"2026-05-15 04:37:10",1239398," 05/15/2026 05:49:28.116","           Ch 3",59.365,0,59.365,0,-0.01,0,9584.9,0,3067.15,0,59.9395,0,3096.84,0,140.178,0,22.7345,0,25.7915,0,10.4796,0,11.6615,0,3,3
"2026-05-15 04:37:20",1239399," 05/15/2026 05:49:38.071","           Ch 3",59.3784,0,59.3784,0,-0.01,0,9522.05,0,3065.87,0,59.9493,0,3095.34,0,140.215,0,22.7328,0,25.7935,0,10.486,0,11.6756,0,3,3
"2026-05-15 04:37:30",1239400," 05/15/2026 05:49:48.025","           Ch 3",59.4378,0,59.4378,0,-0.01,0,9536.15,0,3070.52,0,60.0101,0,3100.09,0,140.177,0,22.732,0,25.7896,0,10.4826,0,11.6662,0,3,3
"2026-05-15 04:37:40",1239401," 05/15/2026 05:49:57.978","           Ch 3",59.5772,0,59.5772,0,-0.01,0,9592.54,0,3075.04,0,60.1542,0,3104.83,0,140.177,0,22.7298,0,25.7862,0,10.4803,0,11.6658,0,3,3
"2026-05-15 04:37:50",1239402," 05/15/2026 05:50:07.931","           Ch 3",59.6765,0,59.6765,0,-0.01,0,9540.78,0,3079.97,0,60.2513,0,3109.64,0,140.216,0,22.7286,0,25.7875,0,10.4819,0,11.6628,0,3,3
"2026-05-15 04:38:00",1239403," 05/15/2026 05:50:17.884","           Ch 3",59.8321,0,59.8321,0,-0.01,0,9479.43,0,3086.19,0,60.4047,0,3115.72,0,140.177,0,22.7268,0,25.7787,0,10.4812,0,11.6647,0,3,3
"2026-05-15 04:38:10",1239404," 05/15/2026 05:50:27.838","           Ch 3",59.945,0,59.945,0,-0.01,0,9538.89,0,3090.36,0,60.5224,0,3120.13,0,140.176,0,22.7252,0,25.7741,0,10.4824,0,11.6665,0,3,3
"2026-05-15 04:38:20",1239405," 05/15/2026 05:50:37.792","           Ch 3",60.1069,0,60.1069,0,-0.01,0,9558.54,0,3098.08,0,60.687,0,3127.98,0,140.178,0,22.7238,0,25.7785,0,10.4822,0,11.6625,0,3,3
"2026-05-15 04:38:30",1239406," 05/15/2026 05:50:47.743","           Ch 3",60.1863,0,60.1863,0,-0.01,0,9556.11,0,3099.13,0,60.767,0,3129.03,0,140.178,0,22.7223,0,25.7738,0,10.4795,0,11.6675,0,3,3
"2026-05-15 04:38:40",1239407," 05/15/2026 05:50:57.699","           Ch 3",60.2883,0,60.2883,0,-0.01,0,9469.04,0,3104.17,0,60.8646,0,3133.85,0,140.178,0,22.721,0,25.7699,0,10.4785,0,11.6652,0,3,3
"2026-05-15 04:38:50",1239408," 05/15/2026 05:51:08.647","           Ch 3",60.4193,0,60.4193,0,-0.01,0,9454.73,0,3107.49,0,60.996,0,3137.15,0,140.148,0,22.72,0,25.7768,0,10.4817,0,11.6674,0,3,3
"2026-05-15 04:39:00",1239409," 05/15/2026 05:51:18.601","           Ch 3",60.6086,0,60.6086,0,-0.01,0,9521.85,0,3114.97,0,61.1913,0,3144.91,0,140.179,0,22.7182,0,25.7645,0,10.48,0,11.6695,0,3,3
"2026-05-15 04:39:10",1239410," 05/15/2026 05:51:28.555","           Ch 3",60.6989,0,60.6989,0,-0.01,0,9575.39,0,3118.78,0,61.2857,0,3148.94,0,140.178,0,22.717,0,25.7577,0,10.4822,0,11.6664,0,3,3
"2026-05-15 04:39:20",1239411," 05/15/2026 05:51:38.508","           Ch 3",60.784,0,60.784,0,-0.01,0,9523.04,0,3122.88,0,61.3685,0,3152.9,0,140.166,0,22.7164,0,25.7647,0,10.4833,0,11.6695,0,3,3
"2026-05-15 04:39:30",1239412," 05/15/2026 05:51:48.460","           Ch 3",60.909,0,60.909,0,-0.01,0,9512.29,0,3130.59,0,61.494,0,3160.65,0,140.175,0,22.7145,0,25.7637,0,10.4776,0,11.6613,0,3,3
"2026-05-15 04:39:40",1239413," 05/15/2026 05:51:58.415","           Ch 3",61.0569,0,61.0569,0,-0.01,0,9484.51,0,3135.24,0,61.6415,0,3165.26,0,140.18,0,22.7131,0,25.7578,0,10.4793,0,11.6641,0,3,3
"2026-05-15 04:39:50",1239414," 05/15/2026 05:52:08.369","           Ch 3",61.1269,0,61.1269,0,-0.01,0,9542.37,0,3135.88,0,61.7158,0,3166.09,0,140.179,0,22.7121,0,25.7644,0,10.4827,0,11.6684,0,3,3
"2026-05-15 04:40:00",1239415," 05/15/2026 05:52:18.322","           Ch 3",61.1682,0,61.1682,0,-0.01,0,9540.72,0,3140.45,0,61.7574,0,3170.7,0,140.178,0,22.7109,0,25.7651,0,10.4828,0,11.6639,0,3,3
"2026-05-15 04:40:10",1239416," 05/15/2026 05:52:28.275","           Ch 3",61.3339,0,61.3339,0,-0.01,0,9566.71,0,3146.05,0,61.9263,0,3176.43,0,140.182,0,22.7093,0,25.7617,0,10.4795,0,11.6648,0,3,3
"2026-05-15 04:40:20",1239417," 05/15/2026 05:52:38.229","           Ch 3",61.4388,0,61.4388,0,-0.01,0,9619.47,0,3153.19,0,62.0355,0,3183.82,0,140.182,0,22.7088,0,25.7571,0,10.4779,0,11.6611,0,3,3
"2026-05-15 04:40:30",1239418," 05/15/2026 05:52:48.182","           Ch 3",61.5843,0,61.5843,0,-0.01,0,9586.7,0,3154.69,0,62.1804,0,3185.22,0,140.176,0,22.7073,0,25.7581,0,10.4805,0,11.668,0,3,3
"2026-05-15 04:40:40",1239419," 05/15/2026 05:52:58.136","           Ch 3",61.7304,0,61.7304,0,-0.01,0,9570.28,0,3163.27,0,62.3269,0,3193.84,0,140.146,0,22.7068,0,25.7554,0,10.4825,0,11.6654,0,3,3
"2026-05-15 04:40:50",1239420," 05/15/2026 05:53:08.089","           Ch 3",61.7704,0,61.7704,0,-0.01,0,9515.88,0,3164.38,0,62.3638,0,3194.78,0,140.176,0,22.7048,0,25.755,0,10.4802,0,11.666,0,3,3
"2026-05-15 04:41:00",1239421," 05/15/2026 05:53:18.043","           Ch 3",61.7731,0,61.7731,0,-0.01,0,9512.58,0,3166.31,0,62.3663,0,3196.72,0,140.179,0,22.7039,0,25.754,0,10.4857,0,11.6665,0,3,3
"2026-05-15 04:41:10",1239422," 05/15/2026 05:53:27.995","           Ch 3",61.9224,0,61.9224,0,-0.01,0,9526.84,0,3165.59,0,62.518,0,3196.04,0,140.147,0,22.7026,0,25.7426,0,10.4851,0,11.6725,0,3,3
"2026-05-15 04:41:20",1239423," 05/15/2026 05:53:37.950","           Ch 3",61.9644,0,61.9644,0,-0.01,0,9553,0,3170.73,0,62.562,0,3201.31,0,140.179,0,22.701,0,25.7465,0,10.4807,0,11.6638,0,3,3
"2026-05-15 04:41:30",1239424," 05/15/2026 05:53:47.903","           Ch 3",62.0868,0,62.0868,0,-0.01,0,9611.35,0,3179.2,0,62.6893,0,3210.05,0,140.178,0,22.6987,0,25.7442,0,10.4783,0,11.6612,0,3,3
"2026-05-15 04:41:40",1239425," 05/15/2026 05:53:57.856","           Ch 3",62.0477,0,62.0477,0,-0.01,0,9512.55,0,3174.69,0,62.6436,0,3205.18,0,140.179,0,22.6972,0,25.7442,0,10.48,0,11.6634,0,3,3
"2026-05-15 04:41:50",1239426," 05/15/2026 05:54:07.810","            anb",62.2073,0,62.2073,0,-0.01,0,9551,0,3180.02,0,62.8072,0,3210.69,0,140.175,0,22.6958,0,25.7368,0,10.4773,0,11.6664,0,3,16
"2026-05-15 04:42:00",1239427," 05/15/2026 05:54:17.763","            anb",62.3265,0,62.3265,0,-0.01,0,9522.27,0,3186.05,0,62.9257,0,3216.68,0,140.18,0,22.6953,0,25.7409,0,10.4834,0,11.6656,0,3,16
"2026-05-15 04:42:10",1239428," 05/15/2026 05:54:27.717","            anb",62.4316,0,62.4316,0,-0.01,0,9438.49,0,3192.83,0,63.0264,0,3223.25,0,140.179,0,22.6944,0,25.7442,0,10.4803,0,11.6637,0,3,16
"2026-05-15 04:42:20",1239429," 05/15/2026 05:54:38.666","            anb",62.6226,0,62.6226,0,-0.01,0,9477.38,0,3200.67,0,63.2217,0,3231.29,0,140.179,0,22.6931,0,25.7425,0,10.4827,0,11.6637,0,3,16
"2026-05-15 04:42:30",1239430," 05/15/2026 05:54:48.618","            anb",62.8444,0,62.8444,0,-0.01,0,9497.87,0,3209.6,0,63.447,0,3240.37,0,140.177,0,22.6915,0,25.7393,0,10.4823,0,11.6679,0,3,16
"2026-05-15 04:42:40",1239431," 05/15/2026 05:54:58.572","            anb",62.9726,0,62.9726,0,-0.01,0,9504.95,0,3217.22,0,63.5769,0,3248.09,0,140.178,0,22.6907,0,25.7343,0,10.4824,0,11.6634,0,3,16
"2026-05-15 04:42:50",1239432," 05/15/2026 05:55:08.525","            anb",63.1065,0,63.1065,0,-0.01,0,9560.13,0,3223.09,0,63.7156,0,3254.2,0,140.179,0,22.6889,0,25.7334,0,10.4824,0,11.6663,0,3,16
"2026-05-15 04:43:00",1239433," 05/15/2026 05:55:18.479","            anb",63.3326,0,63.3326,0,-0.01,0,9432.7,0,3227.59,0,63.9357,0,3258.32,0,140.177,0,22.6873,0,25.735,0,10.4819,0,11.6656,0,3,16
"2026-05-15 04:43:10",1239434," 05/15/2026 05:55:28.431","            anb",63.4077,0,63.4077,0,-0.01,0,9504.08,0,3233.22,0,64.0161,0,3264.25,0,140.177,0,22.6865,0,25.7417,0,10.483,0,11.6707,0,3,16
"2026-05-15 04:43:20",1239435," 05/15/2026 05:55:38.387","            anb",63.4694,0,63.4694,0,-0.01,0,9517.74,0,3238.58,0,64.0793,0,3269.7,0,140.18,0,22.6844,0,25.7339,0,10.4855,0,11.665,0,3,16
"2026-05-15 04:43:30",1239436," 05/15/2026 05:55:48.340","            anb",63.584,0,63.584,0,-0.01,0,9513.05,0,3242.06,0,64.1947,0,3273.2,0,140.177,0,22.6834,0,25.7347,0,10.4832,0,11.6663,0,3,16
"2026-05-15 04:43:40",1239437," 05/15/2026 05:55:58.294","            anb",63.7092,0,63.7092,0,-0.01,0,9535.87,0,3244.87,0,64.3225,0,3276.11,0,140.177,0,22.6821,0,25.7238,0,10.4859,0,11.6676,0,3,16
"2026-05-15 04:43:50",1239438," 05/15/2026 05:56:08.247","            anb",63.8131,0,63.8131,0,-0.01,0,9486.81,0,3252.9,0,64.4243,0,3284.05,0,140.18,0,22.6813,0,25.7196,0,10.4817,0,11.6639,0,3,16
"2026-05-15 04:44:00",1239439," 05/15/2026 05:56:18.201","            anb",63.9513,0,63.9513,0,-0.01,0,9484.15,0,3258.73,0,64.5636,0,3289.93,0,140.197,0,22.6801,0,25.7247,0,10.4844,0,11.666,0,3,16
"2026-05-15 04:44:10",1239440," 05/15/2026 05:56:28.152","            anb",64.0935,0,64.0935,0,-0.01,0,9512.26,0,3266.76,0,64.709,0,3298.13,0,140.176,0,22.6788,0,25.7219,0,10.4844,0,11.667,0,3,16
"2026-05-15 04:44:20",1239441," 05/15/2026 05:56:38.105","            anb",64.2864,0,64.2864,0,-0.01,0,9527.33,0,3272.58,0,64.9048,0,3304.06,0,140.18,0,22.6774,0,25.716,0,10.4775,0,11.6627,0,3,16
"2026-05-15 04:44:30",1239442," 05/15/2026 05:56:48.061","            anb",64.3408,0,64.3408,0,-0.01,0,9497.73,0,3274.83,0,64.9578,0,3306.23,0,140.178,0,22.6766,0,25.7222,0,10.4831,0,11.666,0,3,16
"2026-05-15 04:44:40",1239443," 05/15/2026 05:56:58.015","            anb",64.4367,0,64.4367,0,-0.01,0,9545.29,0,3281.05,0,65.0576,0,3312.67,0,140.179,0,22.6744,0,25.7242,0,10.4845,0,11.6679,0,3,16
"2026-05-15 04:44:50",1239444," 05/15/2026 05:57:07.967","            anb",64.5555,0,64.5555,0,-0.01,0,9516.78,0,3284.32,0,65.1758,0,3315.88,0,140.178,0,22.6736,0,25.7169,0,10.4828,0,11.6682,0,3,16
"2026-05-15 04:45:00",1239445," 05/15/2026 05:57:17.922","            anb",64.6823,0,64.6823,0,-0.01,0,9503.61,0,3291.3,0,65.3029,0,3322.88,0,140.178,0,22.6724,0,25.7217,0,10.4822,0,11.6652,0,3,16
"2026-05-15 04:45:10",1239446," 05/15/2026 05:57:27.875","            anb",64.7428,0,64.7428,0,-0.01,0,9490.85,0,3294.36,0,65.3631,0,3325.92,0,140.179,0,22.6704,0,25.7202,0,10.4803,0,11.663,0,3,16
"2026-05-15 04:45:20",1239447," 05/15/2026 05:57:37.828","            anb",64.8389,0,64.8389,0,-0.01,0,9528.96,0,3297.32,0,65.4627,0,3329.04,0,140.16,0,22.6695,0,25.7237,0,10.4786,0,11.659,0,3,16
"2026-05-15 04:45:30",1239448," 05/15/2026 05:57:47.781","            anb",64.9692,0,64.9692,0,-0.01,0,9513.07,0,3303.7,0,65.5932,0,3335.43,0,140.177,0,22.6681,0,25.7196,0,10.4798,0,11.6646,0,3,16
"2026-05-15 04:45:40",1239449," 05/15/2026 05:57:57.734","            anb",65.0607,0,65.0607,0,-0.01,0,9537.98,0,3305.46,0,65.6872,0,3337.29,0,140.181,0,22.6669,0,25.7231,0,10.4812,0,11.6711,0,3,16
"2026-05-15 04:45:50",1239450," 05/15/2026 05:58:08.684","            anb",65.193,0,65.193,0,-0.01,0,9387.37,0,3309.73,0,65.8108,0,3341.09,0,140.178,0,22.666,0,25.7168,0,10.4813,0,11.6669,0,3,16
"2026-05-15 04:46:00",1239451," 05/15/2026 05:58:18.637","            anb",65.3082,0,65.3082,0,-0.01,0,9480.99,0,3314.22,0,65.9333,0,3345.95,0,140.177,0,22.6647,0,25.7108,0,10.4836,0,11.6685,0,3,16
"2026-05-15 04:46:10",1239452," 05/15/2026 05:58:28.590","            anb",65.3897,0,65.3897,0,-0.01,0,9567.58,0,3320.89,0,66.0213,0,3352.97,0,140.177,0,22.6635,0,25.7076,0,10.49,0,11.6696,0,3,16
"2026-05-15 04:46:20",1239453," 05/15/2026 05:58:38.544","            anb",65.5152,0,65.5152,0,-0.01,0,9510.52,0,3323.42,0,66.1443,0,3355.33,0,140.214,0,22.6615,0,25.7039,0,10.4834,0,11.6654,0,3,16
"2026-05-15 04:46:30",1239454," 05/15/2026 05:58:48.495","            anb",65.6178,0,65.6178,0,-0.01,0,9509.17,0,3330.62,0,66.2478,0,3362.59,0,140.176,0,22.6604,0,25.7041,0,10.484,0,11.6633,0,3,16
"2026-05-15 04:46:40",1239455," 05/15/2026 05:58:58.449","            anb",65.8556,0,65.8556,0,-0.01,0,9524.53,0,3335.71,0,66.4888,0,3367.79,0,140.174,0,22.6589,0,25.7063,0,10.4791,0,11.6662,0,3,16
"2026-05-15 04:46:50",1239456," 05/15/2026 05:59:08.403","           Ch 6",66.0646,0,66.0646,0,-0.01,0,9565.81,0,3345.35,0,66.7027,0,3377.66,0,140.182,0,22.6572,0,25.7017,0,10.4793,0,11.6605,0,3,6
"2026-05-15 04:47:00",1239457," 05/15/2026 05:59:18.355","           Ch 6",66.1301,0,66.1301,0,-0.01,0,9466.48,0,3345.97,0,66.7622,0,3377.95,0,140.179,0,22.6561,0,25.7011,0,10.4809,0,11.666,0,3,6
"2026-05-15 04:47:10",1239458," 05/15/2026 05:59:28.309","           Ch 6",66.2181,0,66.2181,0,-0.01,0,9458.05,0,3352.2,0,66.8503,0,3384.2,0,140.178,0,22.6544,0,25.697,0,10.4819,0,11.665,0,3,6
"2026-05-15 04:47:20",1239459," 05/15/2026 05:59:38.262","           Ch 6",66.4465,0,66.4465,0,-0.01,0,9482.33,0,3359.18,0,67.0826,0,3391.34,0,140.152,0,22.654,0,25.6931,0,10.4816,0,11.667,0,3,6
"2026-05-15 04:47:30",1239460," 05/15/2026 05:59:48.215","           Ch 6",66.6369,0,66.6369,0,-0.01,0,9504.23,0,3368.31,0,67.2763,0,3400.63,0,140.18,0,22.6524,0,25.6936,0,10.4831,0,11.6639,0,3,6
"2026-05-15 04:47:40",1239461," 05/15/2026 05:59:58.172","           Ch 6",66.8121,0,66.8121,0,-0.01,0,9484.93,0,3378.21,0,67.4519,0,3410.56,0,140.178,0,22.6508,0,25.6925,0,10.4826,0,11.6607,0,3,6
"2026-05-15 04:47:50",1239462," 05/15/2026 06:00:08.126","           Ch 6",66.9333,0,66.9333,0,-0.01,0,9402.7,0,3380.82,0,67.5686,0,3412.91,0,140.179,0,22.65,0,25.6984,0,10.4819,0,11.6634,0,3,6
"2026-05-15 04:48:00",1239463," 05/15/2026 06:00:18.078","           Ch 6",67.1578,0,67.1578,0,-0.01,0,9499.4,0,3392.68,0,67.8018,0,3425.22,0,140.177,0,22.648,0,25.7033,0,10.4867,0,11.6615,0,3,6
"2026-05-15 04:48:10",1239464," 05/15/2026 06:00:28.031","           Ch 6",67.3174,0,67.3174,0,-0.01,0,9484.8,0,3395.16,0,67.962,0,3427.67,0,140.212,0,22.6464,0,25.6898,0,10.4857,0,11.6626,0,3,6
"2026-05-15 04:48:20",1239465," 05/15/2026 06:00:37.986","           Ch 6",67.4738,0,67.4738,0,-0.01,0,9502.86,0,3404.8,0,68.1212,0,3437.47,0,140.178,0,22.6459,0,25.6928,0,10.4827,0,11.666,0,3,6
"2026-05-15 04:48:30",1239466," 05/15/2026 06:00:47.938","           Ch 6",67.681,0,67.681,0,-0.01,0,9443.64,0,3414.3,0,68.3263,0,3446.85,0,140.179,0,22.6447,0,25.6964,0,10.4814,0,11.6598,0,3,6
"2026-05-15 04:48:40",1239467," 05/15/2026 06:00:57.893","           Ch 6",67.8713,0,67.8713,0,-0.01,0,9529.4,0,3419.45,0,68.5243,0,3452.35,0,140.179,0,22.6429,0,25.7078,0,10.4825,0,11.6636,0,3,6
"2026-05-15 04:48:50",1239468," 05/15/2026 06:01:07.843","           Ch 6",68.0222,0,68.0222,0,-0.01,0,9588.72,0,3427.32,0,68.6807,0,3460.5,0,140.18,0,22.6413,0,25.6951,0,10.4782,0,11.6566,0,3,6
"2026-05-15 04:49:00",1239469," 05/15/2026 06:01:17.796","           Ch 6",68.1534,0,68.1534,0,-0.01,0,9470.17,0,3428.23,0,68.805,0,3461.01,0,140.178,0,22.6403,0,25.6928,0,10.4814,0,11.667,0,3,6
"2026-05-15 04:49:10",1239470," 05/15/2026 06:01:27.750","           Ch 6",68.3072,0,68.3072,0,-0.01,0,9473.44,0,3433.79,0,68.9605,0,3466.63,0,140.179,0,22.6396,0,25.6952,0,10.48,0,11.6638,0,3,6
"2026-05-15 04:49:20",1239471," 05/15/2026 06:01:37.703","           Ch 6",68.4652,0,68.4652,0,-0.01,0,9462.71,0,3438.92,0,69.1193,0,3471.77,0,140.179,0,22.6382,0,25.6884,0,10.4829,0,11.6649,0,3,6
"2026-05-15 04:49:30",1239472," 05/15/2026 06:01:48.654","           Ch 6",68.5741,0,68.5741,0,-0.01,0,9481.25,0,3444.59,0,69.2305,0,3477.56,0,140.178,0,22.637,0,25.689,0,10.4867,0,11.6674,0,3,6
"2026-05-15 04:49:40",1239473," 05/15/2026 06:01:58.606","           Ch 6",68.7179,0,68.7179,0,-0.01,0,9421.2,0,3450.69,0,69.3715,0,3483.51,0,140.145,0,22.636,0,25.6919,0,10.484,0,11.6642,0,3,6
"2026-05-15 04:49:50",1239474," 05/15/2026 06:02:08.560","           Ch 6",68.9684,0,68.9684,0,-0.01,0,9443.96,0,3451.21,0,69.626,0,3484.11,0,140.179,0,22.6348,0,25.6898,0,10.4889,0,11.6659,0,3,6
"2026-05-15 04:50:00",1239475," 05/15/2026 06:02:18.513","           Ch 6",68.9795,0,68.9795,0,-0.01,0,9465.85,0,3466.5,0,69.6387,0,3499.63,0,140.178,0,22.634,0,25.6831,0,10.479,0,11.6576,0,3,6
"2026-05-15 04:50:10",1239476," 05/15/2026 06:02:28.467","           Ch 6",69.0355,0,69.0355,0,-0.01,0,9463.18,0,3464.1,0,69.695,0,3497.19,0,140.161,0,22.633,0,25.6873,0,10.488,0,11.668,0,3,6
"2026-05-15 04:50:20",1239477," 05/15/2026 06:02:38.419","           Ch 6",69.2296,0,69.2296,0,-0.01,0,9526.96,0,3472.11,0,69.8955,0,3505.5,0,140.179,0,22.6307,0,25.693,0,10.4849,0,11.6652,0,3,6
"2026-05-15 04:50:30",1239478," 05/15/2026 06:02:48.373","           Ch 6",69.3238,0,69.3238,0,-0.01,0,9428.04,0,3476.87,0,69.9836,0,3509.97,0,140.182,0,22.6287,0,25.6885,0,10.4844,0,11.6615,0,3,6
"2026-05-15 04:50:40",1239479," 05/15/2026 06:02:58.327","           Ch 6",69.481,0,69.481,0,-0.01,0,9590.24,0,3484.89,0,70.1538,0,3518.63,0,140.181,0,22.6281,0,25.6915,0,10.4888,0,11.6683,0,3,6
"2026-05-15 04:50:50",1239480," 05/15/2026 06:03:08.281","           Ch 6",69.6499,0,69.6499,0,-0.01,0,9464.04,0,3488.24,0,70.3153,0,3521.57,0,140.18,0,22.6272,0,25.6903,0,10.4852,0,11.6622,0,3,6
"2026-05-15 04:51:00",1239481," 05/15/2026 06:03:18.234","           Ch 6",69.761,0,69.761,0,-0.01,0,9460.34,0,3492.79,0,70.4273,0,3526.15,0,140.18,0,22.6248,0,25.6816,0,10.4872,0,11.6615,0,3,6
"2026-05-15 04:51:10",1239482," 05/15/2026 06:03:28.187","           Ch 6",69.9533,0,69.9533,0,-0.01,0,9471.26,0,3500.52,0,70.6222,0,3533.99,0,140.183,0,22.6244,0,25.6806,0,10.4849,0,11.6598,0,3,6
"2026-05-15 04:51:20",1239483," 05/15/2026 06:03:38.140","           Ch 6",70.062,0,70.062,0,-0.01,0,9467.39,0,3503.68,0,70.7316,0,3537.17,0,140.179,0,22.6229,0,25.6743,0,10.4823,0,11.6607,0,3,6
"2026-05-15 04:51:30",1239484," 05/15/2026 06:03:48.094","           Ch 6",70.3077,0,70.3077,0,-0.01,0,9465.36,0,3510.79,0,70.9796,0,3544.34,0,140.148,0,22.6221,0,25.6796,0,10.4832,0,11.6689,0,3,6
"2026-05-15 04:51:40",1239485," 05/15/2026 06:03:58.047","           Ch 6",70.4653,0,70.4653,0,-0.01,0,9511.23,0,3520.63,0,71.1419,0,3554.44,0,140.18,0,22.6199,0,25.6787,0,10.4817,0,11.6557,0,3,6
"2026-05-15 04:51:50",1239486," 05/15/2026 06:04:08.001","           Ch 6",70.4903,0,70.4903,0,-0.01,0,9498.1,0,3523.96,0,71.1663,0,3557.76,0,140.179,0,22.6187,0,25.6766,0,10.4898,0,11.6609,0,3,6
"2026-05-15 04:52:00",1239487," 05/15/2026 06:04:17.954","           Ch 6",70.734,0,70.734,0,-0.01,0,9500.65,0,3530.47,0,71.4125,0,3564.34,0,140.178,0,22.6183,0,25.6753,0,10.4926,0,11.6736,0,3,6
"2026-05-15 04:52:10",1239488," 05/15/2026 06:04:27.908","           Ch 6",70.8839,0,70.8839,0,-0.01,0,9523.42,0,3535.16,0,71.5655,0,3569.15,0,140.18,0,22.6159,0,25.6702,0,10.4862,0,11.6636,0,3,6
"2026-05-15 04:52:20",1239489," 05/15/2026 06:04:37.861","           Ch 6",70.974,0,70.974,0,-0.01,0,9412.75,0,3542.13,0,71.6484,0,3575.79,0,140.179,0,22.6146,0,25.6676,0,10.4841,0,11.6621,0,3,6
"2026-05-15 04:52:30",1239490," 05/15/2026 06:04:47.814","           Ch 6",71.1312,0,71.1312,0,-0.01,0,9427.32,0,3545.87,0,71.8081,0,3579.62,0,140.179,0,22.614,0,25.6727,0,10.4838,0,11.6648,0,3,6
"2026-05-15 04:52:40",1239491," 05/15/2026 06:04:57.769","           Ch 6",71.2919,0,71.2919,0,-0.01,0,9467.53,0,3550.81,0,71.9733,0,3584.74,0,140.179,0,22.6122,0,25.6755,0,10.4867,0,11.6633,0,3,6
"2026-05-15 04:52:50",1239492," 05/15/2026 06:05:07.722","           Ch 6",71.373,0,71.373,0,-0.01,0,9435.93,0,3554.03,0,72.0529,0,3587.88,0,140.217,0,22.6114,0,25.6654,0,10.4861,0,11.6611,0,3,6
"2026-05-15 04:53:00",1239493," 05/15/2026 06:05:18.670","           Ch 6",71.5703,0,71.5703,0,-0.01,0,9450.16,0,3561.47,0,72.2532,0,3595.45,0,140.211,0,22.6097,0,25.6696,0,10.4847,0,11.667,0,3,6
"2026-05-15 04:53:10",1239494," 05/15/2026 06:05:28.623","           Ch 6",71.7385,0,71.7385,0,-0.01,0,9585.32,0,3562.73,0,72.4328,0,3597.21,0,140.175,0,22.6087,0,25.6726,0,10.492,0,11.6746,0,3,6
"2026-05-15 04:53:20",1239495," 05/15/2026 06:05:38.577","           Ch 6",71.8707,0,71.8707,0,-0.01,0,9441.95,0,3576.87,0,72.5558,0,3610.97,0,140.179,0,22.6076,0,25.6655,0,10.4894,0,11.6681,0,3,6
"2026-05-15 04:53:30",1239496," 05/15/2026 06:05:48.532","           Ch 6",72.0314,0,72.0314,0,-0.01,0,9462.74,0,3580.29,0,72.7195,0,3614.49,0,140.176,0,22.6064,0,25.6642,0,10.4836,0,11.6653,0,3,6
"2026-05-15 04:53:40",1239497," 05/15/2026 06:05:58.484","           Ch 6",72.1332,0,72.1332,0,-0.01,0,9470.99,0,3585.19,0,72.8229,0,3619.47,0,140.179,0,22.6044,0,25.6612,0,10.4862,0,11.6625,0,3,6
"2026-05-15 04:53:50",1239498," 05/15/2026 06:06:08.439","           Ch 6",72.2599,0,72.2599,0,-0.01,0,9366.66,0,3591.29,0,72.9431,0,3625.25,0,140.177,0,22.6026,0,25.6603,0,10.4822,0,11.6604,0,3,6
"2026-05-15 04:54:00",1239499," 05/15/2026 06:06:18.391","           Ch 6",72.402,0,72.402,0,-0.01,0,9478.38,0,3601.58,0,73.0948,0,3636.04,0,140.181,0,22.6014,0,25.6688,0,10.477,0,11.6516,0,3,6
"2026-05-15 04:54:10",1239500," 05/15/2026 06:06:28.345","           Ch 6",72.5438,0,72.5438,0,-0.01,0,9283.87,0,3597.01,0,73.2236,0,3630.72,0,140.177,0,22.5999,0,25.6647,0,10.4854,0,11.6655,0,3,6
"2026-05-15 04:54:20",1239501," 05/15/2026 06:06:38.297","           Ch 6",72.7289,0,72.7289,0,-0.01,0,9376.85,0,3608.56,0,73.4173,0,3642.71,0,140.163,0,22.5994,0,25.657,0,10.4822,0,11.659,0,3,6
"2026-05-15 04:54:30",1239502," 05/15/2026 06:06:48.251","           Ch 6",72.8739,0,72.8739,0,-0.01,0,9545.1,0,3613.96,0,73.5762,0,3648.79,0,140.177,0,22.5984,0,25.6493,0,10.4925,0,11.6695,0,3,6
"2026-05-15 04:54:40",1239503," 05/15/2026 06:06:58.206","           Ch 6",72.985,0,72.985,0,-0.01,0,9381.05,0,3616.56,0,73.6762,0,3650.81,0,140.179,0,22.5971,0,25.6448,0,10.4872,0,11.6668,0,3,6
"2026-05-15 04:54:50",1239504," 05/15/2026 06:07:08.158","           Ch 6",73.0711,0,73.0711,0,-0.01,0,9467.14,0,3623.44,0,73.7694,0,3658.08,0,140.179,0,22.5964,0,25.6412,0,10.4865,0,11.6624,0,3,6
"2026-05-15 04:55:00",1239505," 05/15/2026 06:07:18.111","           Ch 6",73.231,0,73.231,0,-0.01,0,9548.5,0,3626.63,0,73.937,0,3661.59,0,140.178,0,22.5947,0,25.6387,0,10.4854,0,11.6622,0,3,6
"2026-05-15 04:55:10",1239506," 05/15/2026 06:07:28.065","           Ch 6",73.3247,0,73.3247,0,-0.01,0,9418.52,0,3629.16,0,74.0219,0,3663.67,0,140.178,0,22.5935,0,25.6343,0,10.4882,0,11.6674,0,3,6
"2026-05-15 04:55:20",1239507," 05/15/2026 06:07:38.018","           Ch 6",73.436,0,73.436,0,-0.01,0,9357.59,0,3633.5,0,74.1297,0,3667.82,0,140.183,0,22.5926,0,25.6335,0,10.4863,0,11.6614,0,3,6
"2026-05-15 04:55:30",1239508," 05/15/2026 06:07:47.973","           Ch 6",73.5541,0,73.5541,0,-0.01,0,9477.52,0,3638.36,0,74.2578,0,3673.17,0,140.177,0,22.5912,0,25.6402,0,10.488,0,11.6617,0,3,6
"2026-05-15 04:55:40",1239509," 05/15/2026 06:07:57.927","           Ch 6",73.7158,0,73.7158,0,-0.01,0,9470.23,0,3646.03,0,74.4206,0,3680.88,0,140.154,0,22.5899,0,25.6437,0,10.4896,0,11.661,0,3,6
"2026-05-15 04:55:50",1239510," 05/15/2026 06:08:07.880","           Ch 6",73.8914,0,73.8914,0,-0.01,0,9412.08,0,3652.33,0,74.5935,0,3687.03,0,140.179,0,22.5883,0,25.6451,0,10.4891,0,11.6652,0,3,6
"2026-05-15 04:56:00",1239511," 05/15/2026 06:08:17.832","           Ch 6",73.9632,0,73.9632,0,-0.01,0,9305.74,0,3651.11,0,74.6579,0,3685.41,0,140.177,0,22.5872,0,25.6309,0,10.4862,0,11.665,0,3,6
"2026-05-15 04:56:10",1239512," 05/15/2026 06:08:27.785","           Ch 6",74.1788,0,74.1788,0,-0.01,0,9376.54,0,3662.8,0,74.8809,0,3697.47,0,140.146,0,22.5867,0,25.6362,0,10.4817,0,11.6586,0,3,6
"2026-05-15 04:56:20",1239513," 05/15/2026 06:08:37.742","           Ch 6",74.2713,0,74.2713,0,-0.01,0,9486.72,0,3663.96,0,74.9826,0,3699.06,0,140.179,0,22.5856,0,25.6405,0,10.4847,0,11.6656,0,3,6
"2026-05-15 04:56:30",1239514," 05/15/2026 06:08:47.695","           Ch 6",74.3601,0,74.3601,0,-0.01,0,9458.29,0,3665.78,0,75.0701,0,3700.78,0,140.18,0,22.5838,0,25.634,0,10.4902,0,11.6671,0,3,6
"2026-05-15 04:56:40",1239515," 05/15/2026 06:08:58.643","           Ch 6",74.4989,0,74.4989,0,-0.01,0,9396.25,0,3672.37,0,75.2056,0,3707.2,0,140.177,0,22.5824,0,25.6315,0,10.4866,0,11.6642,0,3,6
"2026-05-15 04:56:50",1239516," 05/15/2026 06:09:08.597","            amb",74.5854,0,74.5854,0,-0.01,0,9386.59,0,3677.96,0,75.2921,0,3712.81,0,140.179,0,22.5814,0,25.6347,0,10.4859,0,11.6604,0,3,16
"2026-05-15 04:57:00",1239517," 05/15/2026 06:09:18.550","            amb",74.7655,0,74.7655,0,-0.01,0,9443.18,0,3682.12,0,75.4783,0,3717.22,0,140.176,0,22.5799,0,25.6356,0,10.4854,0,11.664,0,3,16
"2026-05-15 04:57:10",1239518," 05/15/2026 06:09:28.505","            amb",74.8283,0,74.8283,0,-0.01,0,9450.35,0,3686.84,0,75.5422,0,3722.02,0,140.213,0,22.5781,0,25.6332,0,10.4893,0,11.6647,0,3,16
"2026-05-15 04:57:20",1239519," 05/15/2026 06:09:38.456","            amb",74.8767,0,74.8767,0,-0.01,0,9450.93,0,3687.8,0,75.5911,0,3722.98,0,140.178,0,22.5772,0,25.6339,0,10.4887,0,11.6641,0,3,16
"2026-05-15 04:57:30",1239520," 05/15/2026 06:09:48.412","            amb",74.9559,0,74.9559,0,-0.01,0,9403.18,0,3691.83,0,75.6674,0,3726.87,0,140.179,0,22.5758,0,25.6345,0,10.4893,0,11.6637,0,3,16
"2026-05-15 04:57:40",1239521," 05/15/2026 06:09:58.366","            amb",75.1226,0,75.1226,0,-0.01,0,9454.6,0,3697.05,0,75.8397,0,3732.34,0,140.179,0,22.5741,0,25.6368,0,10.4892,0,11.6661,0,3,16
"2026-05-15 04:57:50",1239522," 05/15/2026 06:10:08.319","            amb",75.3312,0,75.3312,0,-0.01,0,9565.91,0,3704.11,0,76.0588,0,3739.89,0,140.181,0,22.5734,0,25.6343,0,10.4904,0,11.6669,0,3,16
"2026-05-15 04:58:00",1239523," 05/15/2026 06:10:18.270","            amb",75.4796,0,75.4796,0,-0.01,0,9327.74,0,3703.07,0,76.1903,0,3737.93,0,140.176,0,22.5723,0,25.6274,0,10.4855,0,11.6636,0,3,16
"2026-05-15 04:58:10",1239524," 05/15/2026 06:10:28.225","            amb",75.6133,0,75.6133,0,-0.01,0,9470.12,0,3712.83,0,76.3363,0,3748.33,0,140.181,0,22.5708,0,25.6297,0,10.489,0,11.6655,0,3,16
"2026-05-15 04:58:20",1239525," 05/15/2026 06:10:38.178","            amb",75.7188,0,75.7188,0,-0.01,0,9428.61,0,3720.9,0,76.4395,0,3756.32,0,140.181,0,22.5695,0,25.6239,0,10.4942,0,11.6691,0,3,16
"2026-05-15 04:58:30",1239526," 05/15/2026 06:10:48.133","            amb",75.8081,0,75.8081,0,-0.01,0,9429.21,0,3722.3,0,76.5298,0,3757.74,0,140.163,0,22.569,0,25.6309,0,10.4929,0,11.666,0,3,16
"2026-05-15 04:58:40",1239527," 05/15/2026 06:10:58.086","            amb",75.9115,0,75.9115,0,-0.01,0,9467.7,0,3731.55,0,76.6371,0,3767.21,0,140.177,0,22.5669,0,25.6269,0,10.4861,0,11.6627,0,3,16
"2026-05-15 04:58:50",1239528," 05/15/2026 06:11:08.040","            amb",76.1241,0,76.1241,0,-0.01,0,9439.58,0,3737.25,0,76.8495,0,3772.86,0,140.182,0,22.5652,0,25.6348,0,10.4848,0,11.6594,0,3,16
"2026-05-15 04:59:00",1239529," 05/15/2026 06:11:17.992","            amb",76.2529,0,76.2529,0,-0.01,0,9460.19,0,3739.5,0,76.9812,0,3775.21,0,140.18,0,22.5648,0,25.6318,0,10.4874,0,11.668,0,3,16
"2026-05-15 04:59:10",1239530," 05/15/2026 06:11:27.945","            amb",76.412,0,76.412,0,-0.01,0,9455.11,0,3748.5,0,77.1414,0,3784.28,0,140.178,0,22.5627,0,25.6271,0,10.4902,0,11.6666,0,3,16
"2026-05-15 04:59:20",1239531," 05/15/2026 06:11:37.899","            amb",76.4981,0,76.4981,0,-0.01,0,9404.26,0,3754.82,0,77.2243,0,3790.47,0,140.18,0,22.5611,0,25.6243,0,10.4897,0,11.6615,0,3,16
"2026-05-15 04:59:30",1239532," 05/15/2026 06:11:47.854","            amb",76.6525,0,76.6525,0,-0.01,0,9560.47,0,3760.2,0,77.3924,0,3796.5,0,140.183,0,22.5604,0,25.6277,0,10.4891,0,11.6638,0,3,16
"2026-05-15 04:59:40",1239533," 05/15/2026 06:11:57.807","            amb",76.6523,0,76.6523,0,-0.01,0,9439.33,0,3760.88,0,77.3828,0,3796.72,0,140.179,0,22.5594,0,25.6229,0,10.4883,0,11.6624,0,3,16
"2026-05-15 04:59:50",1239534," 05/15/2026 06:12:07.759","            amb",76.9055,0,76.9055,0,-0.01,0,9433.88,0,3770.95,0,77.638,0,3806.87,0,140.18,0,22.5584,0,25.6164,0,10.4943,0,11.6635,0,3,16
"2026-05-15 05:00:00",1239535," 05/15/2026 06:12:17.712","            amb",76.9118,0,76.9118,0,-0.01,0,9348.38,0,3771.06,0,77.6376,0,3806.64,0,140.181,0,22.5566,0,25.6187,0,10.4879,0,11.6597,0,3,16
"2026-05-15 05:00:10",1239536," 05/15/2026 06:12:28.659","            amb",77.0173,0,77.0173,0,-0.01,0,9405.81,0,3773.27,0,77.7485,0,3809.1,0,140.177,0,22.5551,0,25.6127,0,10.4831,0,11.6522,0,3,16
"2026-05-15 05:00:20",1239537," 05/15/2026 06:12:38.613","            amb",77.2207,0,77.2207,0,-0.01,0,9418.88,0,3775.89,0,77.9549,0,3811.79,0,140.178,0,22.5535,0,25.6119,0,10.4922,0,11.6681,0,3,16
"2026-05-15 05:00:30",1239538," 05/15/2026 06:12:48.566","            amb",77.3944,0,77.3944,0,-0.01,0,9426.85,0,3790.61,0,78.1309,0,3826.68,0,140.162,0,22.5521,0,25.6187,0,10.4887,0,11.6601,0,3,16
"2026-05-15 05:00:40",1239539," 05/15/2026 06:12:58.521","            amb",77.4533,0,77.4533,0,-0.01,0,9421.53,0,3796.33,0,78.1899,0,3832.43,0,140.183,0,22.5513,0,25.6153,0,10.4908,0,11.6588,0,3,16
"2026-05-15 05:00:50",1239540," 05/15/2026 06:13:08.473","            amb",77.5571,0,77.5571,0,-0.01,0,9377.36,0,3797.93,0,78.2913,0,3833.88,0,140.177,0,22.5495,0,25.6031,0,10.4924,0,11.6647,0,3,16
"2026-05-15 05:01:00",1239541," 05/15/2026 06:13:18.427","            amb",77.7094,0,77.7094,0,-0.01,0,9365.7,0,3808.13,0,78.4441,0,3844.13,0,140.179,0,22.5479,0,25.6007,0,10.4854,0,11.6559,0,3,16
"2026-05-15 05:01:10",1239542," 05/15/2026 06:13:28.380","            amb",77.8868,0,77.8868,0,-0.01,0,9442.75,0,3812.8,0,78.6292,0,3849.14,0,140.179,0,22.5464,0,25.6055,0,10.4833,0,11.6566,0,3,16
"2026-05-15 05:01:20",1239543," 05/15/2026 06:13:38.334","            amb",77.9448,0,77.9448,0,-0.01,0,9409.86,0,3813.51,0,78.6853,0,3849.74,0,140.18,0,22.5457,0,25.6032,0,10.4878,0,11.6608,0,3,16
"2026-05-15 05:01:30",1239544," 05/15/2026 06:13:48.287","            amb",78.0399,0,78.0399,0,-0.01,0,9215.66,0,3819.13,0,78.7658,0,3854.65,0,140.178,0,22.5449,0,25.6024,0,10.4902,0,11.6691,0,3,16
"2026-05-15 05:01:40",1239545," 05/15/2026 06:13:58.241","            amb",78.2345,0,78.2345,0,-0.01,0,9435.71,0,3823.05,0,78.9797,0,3859.46,0,140.18,0,22.5435,0,25.5929,0,10.4918,0,11.6681,0,3,16
"2026-05-15 05:01:50",1239546," 05/15/2026 06:14:08.195","           Ch 1",78.2668,0,78.2668,0,-0.01,0,9465.91,0,3823.78,0,79.0147,0,3860.32,0,140.217,0,22.5418,0,25.5992,0,10.4955,0,11.6665,0,3,1
"2026-05-15 05:02:00",1239547," 05/15/2026 06:14:18.149","           Ch 1",78.3707,0,78.3707,0,-0.01,0,9404.63,0,3830.05,0,79.1148,0,3866.41,0,140.179,0,22.5414,0,25.6003,0,10.4863,0,11.6624,0,3,1
"2026-05-15 05:02:10",1239548," 05/15/2026 06:14:28.104","           Ch 1",78.518,0,78.518,0,-0.01,0,9393.26,0,3837.68,0,79.2625,0,3874.07,0,140.177,0,22.54,0,25.5962,0,10.49,0,11.6614,0,3,1
"2026-05-15 05:02:20",1239549," 05/15/2026 06:14:38.057","           Ch 1",78.6269,0,78.6269,0,-0.01,0,9396.4,0,3842.52,0,79.3727,0,3878.96,0,140.18,0,22.539,0,25.6002,0,10.4885,0,11.6637,0,3,1
"2026-05-15 05:02:30",1239550," 05/15/2026 06:14:48.010","           Ch 1",78.783,0,78.783,0,-0.01,0,9383.01,0,3847.96,0,79.5293,0,3884.41,0,140.18,0,22.5382,0,25.6036,0,10.4884,0,11.6637,0,3,1
"2026-05-15 05:02:40",1239551," 05/15/2026 06:14:57.964","           Ch 1",78.9269,0,78.9269,0,-0.01,0,9424.81,0,3852.98,0,79.6779,0,3889.64,0,140.178,0,22.5369,0,25.6022,0,10.4889,0,11.6609,0,3,1
"2026-05-15 05:02:50",1239552," 05/15/2026 06:15:07.917","           Ch 1",79.0289,0,79.0289,0,-0.01,0,9418.41,0,3857.67,0,79.7804,0,3894.35,0,140.179,0,22.535,0,25.6061,0,10.4882,0,11.6636,0,3,1
"2026-05-15 05:03:00",1239553," 05/15/2026 06:15:17.871","           Ch 1",79.1126,0,79.1126,0,-0.01,0,9365.75,0,3863.28,0,79.8606,0,3899.8,0,140.178,0,22.5342,0,25.5944,0,10.4883,0,11.6547,0,3,1
"2026-05-15 05:03:10",1239554," 05/15/2026 06:15:27.831","           Ch 1",79.2711,0,79.2711,0,-0.01,0,9324.31,0,3865.3,0,80.0172,0,3901.68,0,140.181,0,22.5339,0,25.6081,0,10.4898,0,11.6568,0,3,1
"2026-05-15 05:03:20",1239555," 05/15/2026 06:15:37.783","           Ch 1",79.4195,0,79.4195,0,-0.01,0,9368.25,0,3873.96,0,80.1705,0,3910.59,0,140.176,0,22.5326,0,25.5994,0,10.4889,0,11.6595,0,3,1
"2026-05-15 05:03:30",1239556," 05/15/2026 06:15:47.738","           Ch 1",79.4487,0,79.4487,0,-0.01,0,9414.39,0,3874.8,0,80.2037,0,3911.62,0,140.181,0,22.5314,0,25.6063,0,10.4915,0,11.6605,0,3,1
"2026-05-15 05:03:40",1239557," 05/15/2026 06:15:58.687","           Ch 1",79.4646,0,79.4646,0,-0.01,0,9370.87,0,3875.53,0,80.2163,0,3912.19,0,140.219,0,22.5301,0,25.5986,0,10.4918,0,11.6593,0,3,1
"2026-05-15 05:03:50",1239558," 05/15/2026 06:16:08.641","           Ch 1",79.6383,0,79.6383,0,-0.01,0,9432.89,0,3882.49,0,80.3967,0,3919.46,0,140.182,0,22.5297,0,25.6064,0,10.4871,0,11.6617,0,3,1
"2026-05-15 05:04:00",1239559," 05/15/2026 06:16:18.592","           Ch 1",79.8307,0,79.8307,0,-0.01,0,9353.35,0,3884.44,0,80.5844,0,3921.12,0,140.178,0,22.5281,0,25.5956,0,10.4896,0,11.6672,0,3,1
"2026-05-15 05:04:10",1239560," 05/15/2026 06:16:28.545","           Ch 1",79.9433,0,79.9433,0,-0.01,0,9393.24,0,3898.26,0,80.7013,0,3935.22,0,140.211,0,22.5268,0,25.5899,0,10.4874,0,11.6581,0,3,1
"2026-05-15 05:04:20",1239561," 05/15/2026 06:16:38.501","           Ch 1",80.0292,0,80.0292,0,-0.01,0,9347.64,0,3898.66,0,80.7844,0,3935.44,0,140.18,0,22.5261,0,25.5877,0,10.4905,0,11.658,0,3,1
"2026-05-15 05:04:30",1239562," 05/15/2026 06:16:48.454","           Ch 1",80.2366,0,80.2366,0,-0.01,0,9378.34,0,3904.1,0,80.9962,0,3941.06,0,140.179,0,22.5247,0,25.5981,0,10.489,0,11.6648,0,3,1
"2026-05-15 05:04:40",1239563," 05/15/2026 06:16:58.408","           Ch 1",80.3653,0,80.3653,0,-0.01,0,9418.4,0,3911.66,0,81.1294,0,3948.85,0,140.18,0,22.5228,0,25.5971,0,10.4917,0,11.663,0,3,1
"2026-05-15 05:04:50",1239564," 05/15/2026 06:17:08.362","           Ch 1",80.4567,0,80.4567,0,-0.01,0,9341.11,0,3918.76,0,81.2153,0,3955.71,0,140.182,0,22.5221,0,25.5899,0,10.4888,0,11.6592,0,3,1
"2026-05-15 05:05:00",1239565," 05/15/2026 06:17:18.314","           Ch 1",80.6005,0,80.6005,0,-0.01,0,9403.25,0,3923.41,0,81.3656,0,3960.65,0,140.179,0,22.5212,0,25.5846,0,10.4856,0,11.6593,0,3,1
"2026-05-15 05:05:10",1239566," 05/15/2026 06:17:28.268","           Ch 1",80.7447,0,80.7447,0,-0.01,0,9358.42,0,3929.63,0,81.5075,0,3966.75,0,140.177,0,22.5195,0,25.5819,0,10.491,0,11.6625,0,3,1
"2026-05-15 05:05:20",1239567," 05/15/2026 06:17:38.222","           Ch 1",80.8711,0,80.8711,0,-0.01,0,9384.15,0,3932.83,0,81.6372,0,3970.09,0,140.182,0,22.519,0,25.5875,0,10.4873,0,11.6591,0,3,1
"2026-05-15 05:05:30",1239568," 05/15/2026 06:17:48.175","           Ch 1",80.913,0,80.913,0,-0.01,0,9333.57,0,3936.34,0,81.6753,0,3973.42,0,140.18,0,22.5179,0,25.5823,0,10.49,0,11.6583,0,3,1
"2026-05-15 05:05:40",1239569," 05/15/2026 06:17:58.128","           Ch 1",81.1154,0,81.1154,0,-0.01,0,9404.54,0,3944.44,0,81.8855,0,3981.89,0,140.178,0,22.5162,0,25.5848,0,10.4874,0,11.6593,0,3,1
"2026-05-15 05:05:50",1239570," 05/15/2026 06:18:08.082","           Ch 1",81.2003,0,81.2003,0,-0.01,0,9447.04,0,3947.69,0,81.9747,0,3985.34,0,140.18,0,22.5155,0,25.5828,0,10.4902,0,11.6595,0,3,1
"2026-05-15 05:06:00",1239571," 05/15/2026 06:18:18.033","           Ch 1",81.2762,0,81.2762,0,-0.01,0,9477.37,0,3954.41,0,82.0539,0,3992.24,0,140.191,0,22.5147,0,25.5822,0,10.4888,0,11.6598,0,3,1
"2026-05-15 05:06:10",1239572," 05/15/2026 06:18:27.988","           Ch 1",81.42,0,81.42,0,-0.01,0,9366.35,0,3955.16,0,82.1898,0,3992.56,0,140.179,0,22.5129,0,25.5849,0,10.4894,0,11.6648,0,3,1
"2026-05-15 05:06:20",1239573," 05/15/2026 06:18:37.942","           Ch 1",81.5517,0,81.5517,0,-0.01,0,9337.88,0,3964.21,0,82.3204,0,4001.58,0,140.181,0,22.5109,0,25.574,0,10.4849,0,11.653,0,3,1
"2026-05-15 05:06:30",1239574," 05/15/2026 06:18:47.894","           Ch 1",81.6843,0,81.6843,0,-0.01,0,9390.4,0,3974.64,0,82.4586,0,4012.32,0,140.181,0,22.5098,0,25.5813,0,10.489,0,11.6539,0,3,1
"2026-05-15 05:06:40",1239575," 05/15/2026 06:18:57.849","           Ch 1",81.8602,0,81.8602,0,-0.01,0,9374.98,0,3976.19,0,82.6349,0,4013.82,0,140.176,0,22.5092,0,25.5859,0,10.492,0,11.6601,0,3,1
"2026-05-15 05:06:50",1239576," 05/15/2026 06:19:07.802","           Ch 1",82.1276,0,82.1276,0,-0.01,0,9416.79,0,3987.99,0,82.9083,0,4025.9,0,140.147,0,22.5089,0,25.5897,0,10.4904,0,11.6593,0,3,1
"2026-05-15 05:07:00",1239577," 05/15/2026 06:19:17.756","           Ch 1",82.2113,0,82.2113,0,-0.01,0,9345.46,0,3992.76,0,82.9869,0,4030.43,0,140.181,0,22.5073,0,25.5818,0,10.4904,0,11.6583,0,3,1
"2026-05-15 05:07:10",1239578," 05/15/2026 06:19:27.710","           Ch 1",82.2834,0,82.2834,0,-0.01,0,9361.85,0,3994.24,0,83.061,0,4031.99,0,140.18,0,22.5066,0,25.5796,0,10.4937,0,11.6629,0,3,1
"2026-05-15 05:07:20",1239579," 05/15/2026 06:19:38.658","           Ch 1",82.3729,0,82.3729,0,-0.01,0,9287.48,0,3998.12,0,83.1451,0,4035.6,0,140.178,0,22.5052,0,25.5744,0,10.4896,0,11.6624,0,3,1
"2026-05-15 05:07:30",1239580," 05/15/2026 06:19:48.616","           Ch 1",82.4931,0,82.4931,0,-0.01,0,9318.84,0,4003.74,0,83.2691,0,4041.4,0,140.177,0,22.5038,0,25.5715,0,10.4922,0,11.6622,0,3,1
"2026-05-15 05:07:40",1239581," 05/15/2026 06:19:58.569","           Ch 1",82.5551,0,82.5551,0,-0.01,0,9128.2,0,4004.14,0,83.3156,0,4041.02,0,140.181,0,22.5023,0,25.565,0,10.4861,0,11.6632,0,3,1
"2026-05-15 05:07:50",1239582," 05/15/2026 06:20:08.521","           Ch 1",82.6773,0,82.6773,0,-0.01,0,9281.25,0,4014.86,0,83.4519,0,4052.48,0,140.187,0,22.5013,0,25.5602,0,10.4909,0,11.6614,0,3,1
"2026-05-15 05:08:00",1239583," 05/15/2026 06:20:18.475","           Ch 1",82.8485,0,82.8485,0,-0.01,0,9356.18,0,4023.67,0,83.631,0,4061.67,0,140.179,0,22.4996,0,25.5639,0,10.4946,0,11.6584,0,3,1
"2026-05-15 05:08:10",1239584," 05/15/2026 06:20:28.428","           Ch 1",83.0028,0,83.0028,0,-0.01,0,9403.65,0,4028.15,0,83.7908,0,4066.39,0,140.176,0,22.4981,0,25.5635,0,10.4915,0,11.659,0,3,1
"2026-05-15 05:08:20",1239585," 05/15/2026 06:20:38.382","           Ch 1",83.1221,0,83.1221,0,-0.01,0,9364.99,0,4028.35,0,83.9079,0,4066.43,0,140.21,0,22.4977,0,25.5606,0,10.4904,0,11.6666,0,3,1
"2026-05-15 05:08:30",1239586," 05/15/2026 06:20:48.335","           Ch 1",83.1848,0,83.1848,0,-0.01,0,9219.12,0,4033.11,0,83.9588,0,4070.64,0,140.177,0,22.4968,0,25.5605,0,10.4843,0,11.6577,0,3,1
"2026-05-15 05:08:40",1239587," 05/15/2026 06:20:58.291","           Ch 1",83.3412,0,83.3412,0,-0.01,0,9374.34,0,4040.18,0,84.1298,0,4078.41,0,140.179,0,22.4962,0,25.5658,0,10.4945,0,11.6602,0,3,1
"2026-05-15 05:08:50",1239588," 05/15/2026 06:21:08.242","           Ch 1",83.4004,0,83.4004,0,-0.01,0,9276.57,0,4040.98,0,84.1813,0,4078.82,0,140.178,0,22.4952,0,25.5675,0,10.4847,0,11.6604,0,3,1
"2026-05-15 05:09:00",1239589," 05/15/2026 06:21:18.196","           Ch 1",83.4173,0,83.4173,0,-0.01,0,9338.26,0,4041.67,0,84.2036,0,4079.77,0,140.18,0,22.494,0,25.5662,0,10.4907,0,11.6602,0,3,1
"2026-05-15 05:09:10",1239590," 05/15/2026 06:21:28.149","           Ch 1",83.5234,0,83.5234,0,-0.01,0,9436.57,0,4048.26,0,84.3191,0,4086.83,0,140.179,0,22.4931,0,25.5564,0,10.4912,0,11.6604,0,3,1
"2026-05-15 05:09:20",1239591," 05/15/2026 06:21:38.104","           Ch 1",83.6657,0,83.6657,0,-0.01,0,9293.36,0,4051.87,0,84.4505,0,4089.88,0,140.18,0,22.4919,0,25.5649,0,10.4919,0,11.6587,0,3,1
"2026-05-15 05:09:30",1239592," 05/15/2026 06:21:48.056","           Ch 1",83.7423,0,83.7423,0,-0.01,0,9343.17,0,4053.78,0,84.5321,0,4092.01,0,140.179,0,22.4909,0,25.5628,0,10.4915,0,11.6611,0,3,1
"2026-05-15 05:09:40",1239593," 05/15/2026 06:21:58.011","           Ch 1",83.8206,0,83.8206,0,-0.01,0,9344.82,0,4056.45,0,84.6113,0,4094.71,0,140.15,0,22.4895,0,25.5552,0,10.4886,0,11.6568,0,3,1
"2026-05-15 05:09:50",1239594," 05/15/2026 06:22:07.963","           Ch 1",83.8764,0,83.8764,0,-0.01,0,9400.88,0,4063.49,0,84.6724,0,4102.05,0,140.18,0,22.4879,0,25.5512,0,10.4954,0,11.6595,0,3,1
"2026-05-15 05:10:00",1239595," 05/15/2026 06:22:17.918","           Ch 1",84.0259,0,84.0259,0,-0.01,0,9391.18,0,4064.61,0,84.8225,0,4103.14,0,140.177,0,22.4862,0,25.551,0,10.491,0,11.659,0,3,1
"2026-05-15 05:10:10",1239596," 05/15/2026 06:22:27.872","           Ch 1",84.2143,0,84.2143,0,-0.01,0,9350.09,0,4071.16,0,85.0091,0,4109.58,0,140.181,0,22.4858,0,25.5589,0,10.4892,0,11.6547,0,3,1
"2026-05-15 05:10:20",1239597," 05/15/2026 06:22:37.826","           Ch 1",84.3719,0,84.3719,0,-0.01,0,9359.14,0,4077.5,0,85.169,0,4116.02,0,140.179,0,22.4851,0,25.5498,0,10.4872,0,11.6556,0,3,1
"2026-05-15 05:10:30",1239598," 05/15/2026 06:22:47.779","           Ch 1",84.5185,0,84.5185,0,-0.01,0,9472.84,0,4080.87,0,85.3268,0,4119.9,0,140.182,0,22.484,0,25.548,0,10.4956,0,11.6715,0,3,1
"2026-05-15 05:10:40",1239599," 05/15/2026 06:22:57.732","           Ch 1",84.6431,0,84.6431,0,-0.01,0,9385.21,0,4086.67,0,85.4451,0,4125.39,0,140.179,0,22.4831,0,25.5421,0,10.4884,0,11.6591,0,3,1
"2026-05-15 05:10:50",1239600," 05/15/2026 06:23:08.681","           Ch 1",84.7183,0,84.7183,0,-0.01,0,9395.28,0,4092.51,0,85.5218,0,4131.32,0,140.177,0,22.4822,0,25.5483,0,10.49,0,11.6551,0,3,1
"2026-05-15 05:11:00",1239601," 05/15/2026 06:23:18.635","           Ch 1",84.8621,0,84.8621,0,-0.01,0,9298.81,0,4096.4,0,85.6586,0,4134.85,0,140.181,0,22.481,0,25.5492,0,10.4925,0,11.6582,0,3,1
"2026-05-15 05:11:10",1239602," 05/15/2026 06:23:28.586","           Ch 1",84.9422,0,84.9422,0,-0.01,0,9331.79,0,4098.58,0,85.7424,0,4137.19,0,140.217,0,22.4789,0,25.5424,0,10.4929,0,11.6565,0,3,1
"2026-05-15 05:11:20",1239603," 05/15/2026 06:23:38.539","           Ch 1",85.109,0,85.109,0,-0.01,0,9292.4,0,4104.05,0,85.9073,0,4142.54,0,140.18,0,22.4786,0,25.5442,0,10.4864,0,11.6509,0,3,1
"2026-05-15 05:11:30",1239604," 05/15/2026 06:23:48.495","           Ch 1",85.2182,0,85.2182,0,-0.01,0,9351.93,0,4110.24,0,86.0227,0,4149.04,0,140.177,0,22.4779,0,25.5485,0,10.4843,0,11.654,0,3,1
"2026-05-15 05:11:40",1239605," 05/15/2026 06:23:58.448","           Ch 1",85.3051,0,85.3051,0,-0.01,0,9368.94,0,4112.31,0,86.1119,0,4151.2,0,140.179,0,22.4762,0,25.5436,0,10.487,0,11.6505,0,3,1
"2026-05-15 05:11:50",1239606," 05/15/2026 06:24:08.401","            amb",85.4137,0,85.4137,0,-0.01,0,9304.35,0,4116.36,0,86.2159,0,4155.02,0,140.181,0,22.4759,0,25.5431,0,10.4873,0,11.6575,0,3,16
"2026-05-15 05:12:00",1239607," 05/15/2026 06:24:18.354","            amb",85.4015,0,85.4015,0,-0.01,0,9371.54,0,4120.23,0,86.2094,0,4159.21,0,140.176,0,22.4756,0,25.5439,0,10.4882,0,11.6508,0,3,16
"2026-05-15 05:12:10",1239608," 05/15/2026 06:24:28.307","            amb",85.5713,0,85.5713,0,-0.01,0,9372.35,0,4120.96,0,86.3809,0,4159.94,0,140.179,0,22.4746,0,25.5421,0,10.4909,0,11.6566,0,3,16
"2026-05-15 05:12:20",1239609," 05/15/2026 06:24:38.260","            amb",85.5984,0,85.5984,0,-0.01,0,9392.31,0,4122.79,0,86.41,0,4161.88,0,140.179,0,22.4735,0,25.5367,0,10.4984,0,11.6657,0,3,16
"2026-05-15 05:12:30",1239610," 05/15/2026 06:24:48.215","            amb",85.7523,0,85.7523,0,-0.01,0,9357.09,0,4128.31,0,86.5623,0,4167.3,0,140.165,0,22.4731,0,25.5383,0,10.4938,0,11.6588,0,3,16
"2026-05-15 05:12:40",1239611," 05/15/2026 06:24:58.168","            amb",85.9847,0,85.9847,0,-0.01,0,9480.41,0,4139.48,0,86.8077,0,4179.1,0,140.175,0,22.4717,0,25.539,0,10.4855,0,11.6488,0,3,16
"2026-05-15 05:12:50",1239612," 05/15/2026 06:25:08.121","            amb",85.9791,0,85.9791,0,-0.01,0,9376.45,0,4134.93,0,86.7929,0,4174.07,0,140.182,0,22.4708,0,25.5422,0,10.493,0,11.658,0,3,16
"2026-05-15 05:13:00",1239613," 05/15/2026 06:25:18.075","            amb",86.168,0,86.168,0,-0.01,0,9370.72,0,4134.4,0,86.9831,0,4173.51,0,140.182,0,22.4695,0,25.5471,0,10.496,0,11.6677,0,3,16
"2026-05-15 05:13:10",1239614," 05/15/2026 06:25:28.028","            amb",86.17,0,86.17,0,-0.01,0,9318.15,0,4144.77,0,86.9805,0,4183.75,0,140.177,0,22.4687,0,25.5406,0,10.4896,0,11.6577,0,3,16
"2026-05-15 05:13:20",1239615," 05/15/2026 06:25:37.981","            amb",86.2577,0,86.2577,0,-0.01,0,9386.27,0,4148.51,0,87.075,0,4187.81,0,140.18,0,22.4676,0,25.5339,0,10.4925,0,11.6583,0,3,16
"2026-05-15 05:13:30",1239616," 05/15/2026 06:25:47.935","            amb",86.2961,0,86.2961,0,-0.01,0,9238.88,0,4147.33,0,87.1008,0,4186.01,0,140.18,0,22.4667,0,25.5323,0,10.4894,0,11.6557,0,3,16
"2026-05-15 05:13:40",1239617," 05/15/2026 06:25:57.889","            amb",86.3598,0,86.3598,0,-0.01,0,9216.45,0,4151.02,0,87.1632,0,4189.63,0,140.179,0,22.4657,0,25.5283,0,10.4886,0,11.6508,0,3,16
"2026-05-15 05:13:50",1239618," 05/15/2026 06:26:07.842","            amb",86.4224,0,86.4224,0,-0.01,0,9274.46,0,4155.79,0,87.2314,0,4194.69,0,140.18,0,22.465,0,25.5362,0,10.4926,0,11.6551,0,3,16
"2026-05-15 05:14:00",1239619," 05/15/2026 06:26:17.797","            amb",86.6503,0,86.6503,0,-0.01,0,9354.82,0,4151.78,0,87.4686,0,4190.98,0,140.181,0,22.4645,0,25.5348,0,10.4924,0,11.6624,0,3,16
"2026-05-15 05:14:10",1239620," 05/15/2026 06:26:27.748","            amb",86.648,0,86.648,0,-0.01,0,9340.97,0,4161.27,0,87.465,0,4200.51,0,140.177,0,22.4632,0,25.5247,0,10.4884,0,11.6548,0,3,16
"2026-05-15 05:14:20",1239621," 05/15/2026 06:26:37.703","            amb",86.8293,0,86.8293,0,-0.01,0,9429.62,0,4169.55,0,87.6559,0,4209.24,0,140.147,0,22.4633,0,25.5242,0,10.4815,0,11.6464,0,3,16
"2026-05-15 05:14:30",1239622," 05/15/2026 06:26:48.650","            amb",86.8515,0,86.8515,0,-0.01,0,9384.99,0,4167.65,0,87.6743,0,4207.13,0,140.172,0,22.4612,0,25.526,0,10.4931,0,11.6559,0,3,16
"2026-05-15 05:14:40",1239623," 05/15/2026 06:26:58.605","            amb",86.8905,0,86.8905,0,-0.01,0,9308.79,0,4169.68,0,87.7069,0,4208.86,0,140.183,0,22.4599,0,25.5275,0,10.4959,0,11.6606,0,3,16
"2026-05-15 05:14:50",1239624," 05/15/2026 06:27:08.558","            amb",87.1258,0,87.1258,0,-0.01,0,9258.6,0,4178.31,0,87.94,0,4217.36,0,140.177,0,22.4595,0,25.5217,0,10.5012,0,11.6721,0,3,16
"2026-05-15 05:15:00",1239625," 05/15/2026 06:27:18.511","            amb",87.075,0,87.075,0,-0.01,0,9301.55,0,4174.88,0,87.8925,0,4214.07,0,140.177,0,22.4585,0,25.5239,0,10.4946,0,11.6653,0,3,16
"2026-05-15 05:15:10",1239626," 05/15/2026 06:27:28.466","            amb",87.2094,0,87.2094,0,-0.01,0,9316.66,0,4182.69,0,88.0295,0,4222.03,0,140.183,0,22.4564,0,25.5204,0,10.494,0,11.6611,0,3,16
"2026-05-15 05:15:20",1239627," 05/15/2026 06:27:38.420","            amb",87.2893,0,87.2893,0,-0.01,0,9283.17,0,4186.52,0,88.1072,0,4225.75,0,140.187,0,22.4556,0,25.526,0,10.4951,0,11.6596,0,3,16
"2026-05-15 05:15:30",1239628," 05/15/2026 06:27:48.373","            amb",87.4538,0,87.4538,0,-0.01,0,9341.35,0,4189.64,0,88.2785,0,4229.15,0,140.18,0,22.4548,0,25.5255,0,10.4926,0,11.6623,0,3,16
"2026-05-15 05:15:40",1239629," 05/15/2026 06:27:58.326","            amb",87.5189,0,87.5189,0,-0.01,0,9325.53,0,4193.38,0,88.3427,0,4232.85,0,140.177,0,22.4535,0,25.5262,0,10.4919,0,11.6557,0,3,16
"2026-05-15 05:15:50",1239630," 05/15/2026 06:28:08.278","            amb",87.5708,0,87.5708,0,-0.01,0,9237.16,0,4187.82,0,88.3873,0,4226.87,0,140.203,0,22.4528,0,25.5142,0,10.4917,0,11.6569,0,3,16
"2026-05-15 05:16:00",1239631," 05/15/2026 06:28:18.232","            amb",87.5173,0,87.5173,0,-0.01,0,9282.27,0,4192.67,0,88.3372,0,4231.95,0,140.178,0,22.4521,0,25.5139,0,10.4936,0,11.6584,0,3,16
"2026-05-15 05:16:10",1239632," 05/15/2026 06:28:28.187","            amb",87.5929,0,87.5929,0,-0.01,0,9346.81,0,4191.1,0,88.4193,0,4230.64,0,140.181,0,22.4506,0,25.5142,0,10.496,0,11.6631,0,3,16
"2026-05-15 05:16:20",1239633," 05/15/2026 06:28:38.140","            amb",87.4948,0,87.4948,0,-0.01,0,9289.18,0,4193.16,0,88.3152,0,4232.48,0,140.182,0,22.4496,0,25.5243,0,10.4958,0,11.6582,0,3,16
"2026-05-15 05:16:30",1239634," 05/15/2026 06:28:48.092","            amb",87.5254,0,87.5254,0,-0.01,0,9423.85,0,4195.21,0,88.358,0,4235.12,0,140.178,0,22.4488,0,25.5268,0,10.4889,0,11.6533,0,3,16
"2026-05-15 05:16:40",1239635," 05/15/2026 06:28:58.054","            amb",87.5921,0,87.5921,0,-0.01,0,9286.11,0,4192.18,0,88.4131,0,4231.47,0,140.144,0,22.4478,0,25.5213,0,10.4897,0,11.6583,0,3,16
"2026-05-15 05:16:50",1239636," 05/15/2026 06:29:08.008","          Ch 10",87.5755,0,87.5755,0,-0.01,0,9256.8,0,4190.38,0,88.3938,0,4229.53,0,140.18,0,22.447,0,25.5236,0,10.4942,0,11.6593,0,3,10
"2026-05-15 05:17:00",1239637," 05/15/2026 06:29:17.961","          Ch 10",87.557,0,87.557,0,-0.01,0,9291.38,0,4191.87,0,88.3782,0,4231.19,0,140.18,0,22.4454,0,25.5224,0,10.4936,0,11.6585,0,3,10
"2026-05-15 05:17:10",1239638," 05/15/2026 06:29:27.915","          Ch 10",87.5666,0,87.5666,0,-0.01,0,9244.61,0,4191.73,0,88.3837,0,4230.84,0,140.178,0,22.4447,0,25.5227,0,10.4882,0,11.653,0,3,10
"2026-05-15 05:17:20",1239639," 05/15/2026 06:29:37.868","          Ch 10",87.6047,0,87.6047,0,-0.01,0,9349.68,0,4193.72,0,88.4315,0,4233.3,0,140.182,0,22.4443,0,25.516,0,10.49,0,11.6557,0,3,10
"2026-05-15 05:17:30",1239640," 05/15/2026 06:29:47.821","          Ch 10",87.5722,0,87.5722,0,-0.01,0,9270.73,0,4193.9,0,88.3917,0,4233.14,0,140.182,0,22.4435,0,25.5193,0,10.4959,0,11.6608,0,3,10
"2026-05-15 05:17:40",1239641," 05/15/2026 06:29:57.775","          Ch 10",87.5691,0,87.5691,0,-0.01,0,9344.53,0,4197.33,0,88.3951,0,4236.92,0,140.181,0,22.4429,0,25.5139,0,10.4924,0,11.6528,0,3,10
"2026-05-15 05:17:50",1239642," 05/15/2026 06:30:07.729","          Ch 10",87.7225,0,87.7225,0,-0.01,0,9364.33,0,4191.67,0,88.5517,0,4231.29,0,140.181,0,22.4412,0,25.5077,0,10.4945,0,11.6603,0,3,10
"2026-05-15 05:18:00",1239643," 05/15/2026 06:30:18.677","          Ch 10",87.7755,0,87.7755,0,-0.01,0,9322.19,0,4201.58,0,88.6015,0,4241.11,0,140.18,0,22.4399,0,25.5024,0,10.4892,0,11.6558,0,3,10
"2026-05-15 05:18:10",1239644," 05/15/2026 06:30:28.630","          Ch 10",87.7501,0,87.7501,0,-0.01,0,9349.66,0,4202.64,0,88.5783,0,4242.31,0,140.211,0,22.4392,0,25.5118,0,10.4983,0,11.6565,0,3,10
"2026-05-15 05:18:20",1239645," 05/15/2026 06:30:38.584","          Ch 10",88.0867,0,88.0867,0,-0.01,0,9311.46,0,4206.67,0,88.9147,0,4246.21,0,140.178,0,22.4376,0,25.5042,0,10.4941,0,11.6581,0,3,10
"2026-05-15 05:18:30",1239646," 05/15/2026 06:30:48.537","          Ch 10",88.2554,0,88.2554,0,-0.01,0,9279.64,0,4215.61,0,89.082,0,4255.1,0,140.18,0,22.4366,0,25.5096,0,10.4942,0,11.6609,0,3,10
"2026-05-15 05:18:40",1239647," 05/15/2026 06:30:58.490","          Ch 10",88.432,0,88.432,0,-0.01,0,9272.94,0,4220.78,0,89.2597,0,4260.28,0,140.18,0,22.4355,0,25.5123,0,10.4923,0,11.6594,0,3,10
"2026-05-15 05:18:50",1239648," 05/15/2026 06:31:08.443","          Ch 10",88.5201,0,88.5201,0,-0.01,0,9290.4,0,4230.81,0,89.3502,0,4270.48,0,140.179,0,22.4341,0,25.502,0,10.4954,0,11.6605,0,3,10
"2026-05-15 05:19:00",1239649," 05/15/2026 06:31:18.397","          Ch 10",88.7686,0,88.7686,0,-0.01,0,9514.74,0,4240.23,0,89.6214,0,4280.96,0,140.18,0,22.4336,0,25.5027,0,10.4987,0,11.6685,0,3,10
"2026-05-15 05:19:10",1239650," 05/15/2026 06:31:28.350","          Ch 10",88.9027,0,88.9027,0,-0.01,0,9341.01,0,4246.64,0,89.741,0,4286.68,0,140.18,0,22.4326,0,25.507,0,10.4882,0,11.6497,0,3,10
"2026-05-15 05:19:20",1239651," 05/15/2026 06:31:38.304","          Ch 10",88.9141,0,88.9141,0,-0.01,0,9318.61,0,4251.36,0,89.7504,0,4291.35,0,140.182,0,22.4314,0,25.497,0,10.4927,0,11.6519,0,3,10
"2026-05-15 05:19:30",1239652," 05/15/2026 06:31:48.259","          Ch 10",89.0903,0,89.0903,0,-0.01,0,9308.31,0,4253.5,0,89.9274,0,4293.46,0,140.149,0,22.4311,0,25.5093,0,10.492,0,11.655,0,3,10
"2026-05-15 05:19:40",1239653," 05/15/2026 06:31:58.213","          Ch 10",89.2355,0,89.2355,0,-0.01,0,9303.34,0,4258.26,0,90.0735,0,4298.25,0,140.181,0,22.4298,0,25.5041,0,10.4931,0,11.656,0,3,10
"2026-05-15 05:19:50",1239654," 05/15/2026 06:32:08.166","          Ch 10",89.3394,0,89.3394,0,-0.01,0,9304.87,0,4260.02,0,90.1785,0,4300.03,0,140.181,0,22.429,0,25.5043,0,10.4931,0,11.6621,0,3,10
"2026-05-15 05:20:00",1239655," 05/15/2026 06:32:18.119","          Ch 10",89.4382,0,89.4382,0,-0.01,0,9260.73,0,4264.41,0,90.2742,0,4304.27,0,140.179,0,22.4282,0,25.497,0,10.4956,0,11.6657,0,3,10
"2026-05-15 05:20:10",1239656," 05/15/2026 06:32:28.073","          Ch 10",89.5539,0,89.5539,0,-0.01,0,9265.12,0,4271.31,0,90.3913,0,4311.25,0,140.181,0,22.4269,0,25.508,0,10.4931,0,11.6563,0,3,10
"2026-05-15 05:20:20",1239657," 05/15/2026 06:32:38.033","          Ch 10",89.6159,0,89.6159,0,-0.01,0,9174.66,0,4273.51,0,90.4457,0,4313.08,0,140.219,0,22.4257,0,25.5143,0,10.493,0,11.662,0,3,10
"2026-05-15 05:20:30",1239658," 05/15/2026 06:32:47.984","          Ch 10",89.7659,0,89.7659,0,-0.01,0,9225.04,0,4276.07,0,90.6017,0,4315.89,0,140.182,0,22.4243,0,25.5092,0,10.4904,0,11.6577,0,3,10
"2026-05-15 05:20:40",1239659," 05/15/2026 06:32:57.940","          Ch 10",89.8124,0,89.8124,0,-0.01,0,9213.77,0,4280.32,0,90.6476,0,4320.13,0,140.18,0,22.4238,0,25.5183,0,10.495,0,11.6643,0,3,10
"2026-05-15 05:20:50",1239660," 05/15/2026 06:33:07.893","          Ch 10",89.8857,0,89.8857,0,-0.01,0,9242.67,0,4281.42,0,90.7242,0,4321.36,0,140.181,0,22.4236,0,25.5104,0,10.4974,0,11.6625,0,3,10
"2026-05-15 05:21:00",1239661," 05/15/2026 06:33:17.852","          Ch 10",90.0261,0,90.0261,0,-0.01,0,9326.17,0,4284.74,0,90.8737,0,4325.08,0,140.182,0,22.4221,0,25.5006,0,10.4923,0,11.6558,0,3,10
"2026-05-15 05:21:10",1239662," 05/15/2026 06:33:27.805","          Ch 10",90.031,0,90.031,0,-0.01,0,9291.48,0,4284.23,0,90.8753,0,4324.41,0,140.152,0,22.4221,0,25.4963,0,10.4959,0,11.6586,0,3,10
"2026-05-15 05:21:20",1239663," 05/15/2026 06:33:37.759","          Ch 10",90.1077,0,90.1077,0,-0.01,0,9278.28,0,4282.93,0,90.9516,0,4323.04,0,140.181,0,22.4202,0,25.5009,0,10.4942,0,11.6606,0,3,10
"2026-05-15 05:21:30",1239664," 05/15/2026 06:33:47.712","          Ch 10",90.1533,0,90.1533,0,-0.01,0,9310.46,0,4285.25,0,91.0005,0,4325.52,0,140.18,0,22.4196,0,25.4994,0,10.488,0,11.6549,0,3,10
"2026-05-15 05:21:40",1239665," 05/15/2026 06:33:58.660","          Ch 10",90.2008,0,90.2008,0,-0.01,0,9284.11,0,4286.85,0,91.046,0,4327.02,0,140.18,0,22.4184,0,25.4926,0,10.4912,0,11.6561,0,3,10
"2026-05-15 05:21:50",1239666," 05/15/2026 06:34:08.614","          Ch 10",90.2342,0,90.2342,0,-0.01,0,9261.95,0,4284.79,0,91.0778,0,4324.85,0,140.179,0,22.4176,0,25.4981,0,10.4939,0,11.6606,0,3,10
"2026-05-15 05:22:00",1239667," 05/15/2026 06:34:18.566","          Ch 10",90.2928,0,90.2928,0,-0.01,0,9283.82,0,4280.15,0,91.1389,0,4320.26,0,140.181,0,22.4169,0,25.4956,0,10.4962,0,11.6625,0,3,10
"2026-05-15 05:22:10",1239668," 05/15/2026 06:34:28.522","          Ch 10",90.3502,0,90.3502,0,-0.01,0,9268.96,0,4280.46,0,91.1955,0,4320.51,0,140.183,0,22.415,0,25.4885,0,10.497,0,11.6601,0,3,10
"2026-05-15 05:22:20",1239669," 05/15/2026 06:34:38.475","          Ch 10",90.3685,0,90.3685,0,-0.01,0,9142.42,0,4285.27,0,91.2024,0,4324.81,0,140.179,0,22.4139,0,25.4931,0,10.4941,0,11.6587,0,3,10
"2026-05-15 05:22:30",1239670," 05/15/2026 06:34:48.429","          Ch 10",90.4709,0,90.4709,0,-0.01,0,9317.13,0,4291.88,0,91.3217,0,4332.24,0,140.181,0,22.4135,0,25.494,0,10.4945,0,11.6598,0,3,10
"2026-05-15 05:22:40",1239671," 05/15/2026 06:34:58.383","          Ch 10",90.4864,0,90.4864,0,-0.01,0,9290.49,0,4289.02,0,91.335,0,4329.25,0,140.217,0,22.4125,0,25.4979,0,10.4937,0,11.657,0,3,10
"2026-05-15 05:22:50",1239672," 05/15/2026 06:35:08.336","          Ch 10",90.5361,0,90.5361,0,-0.01,0,9272.84,0,4292.1,0,91.3835,0,4332.27,0,140.18,0,22.4123,0,25.4959,0,10.4923,0,11.6558,0,3,10
"2026-05-15 05:23:00",1239673," 05/15/2026 06:35:18.289","          Ch 10",90.5637,0,90.5637,0,-0.01,0,9230.93,0,4288.4,0,91.4075,0,4328.36,0,140.18,0,22.4108,0,25.4943,0,10.4933,0,11.6581,0,3,10
"2026-05-15 05:23:10",1239674," 05/15/2026 06:35:28.242","          Ch 10",90.6551,0,90.6551,0,-0.01,0,9212.76,0,4287.77,0,91.4981,0,4327.64,0,140.178,0,22.4095,0,25.4963,0,10.4901,0,11.6537,0,3,10
"2026-05-15 05:23:20",1239675," 05/15/2026 06:35:38.203","          Ch 10",90.7818,0,90.7818,0,-0.01,0,9398.52,0,4300.67,0,91.6431,0,4341.47,0,140.181,0,22.4089,0,25.4901,0,10.4925,0,11.6497,0,3,10
"2026-05-15 05:23:30",1239676," 05/15/2026 06:35:48.155","          Ch 10",90.7926,0,90.7926,0,-0.01,0,9184.92,0,4294.98,0,91.6342,0,4334.8,0,140.148,0,22.4084,0,25.4972,0,10.4976,0,11.664,0,3,10
"2026-05-15 05:23:40",1239677," 05/15/2026 06:35:58.110","          Ch 10",90.8568,0,90.8568,0,-0.01,0,9329.27,0,4297.83,0,91.7124,0,4338.31,0,140.181,0,22.4072,0,25.4923,0,10.4964,0,11.659,0,3,10
"2026-05-15 05:23:50",1239678," 05/15/2026 06:36:08.075","          Ch 10",90.7961,0,90.7961,0,-0.01,0,9298.3,0,4293.79,0,91.6482,0,4334.09,0,140.216,0,22.4062,0,25.4905,0,10.4972,0,11.6609,0,3,10
"2026-05-15 05:24:00",1239679," 05/15/2026 06:36:18.028","          Ch 10",90.8104,0,90.8104,0,-0.01,0,9032.05,0,4291.99,0,91.6381,0,4331.11,0,140.179,0,22.4049,0,25.4937,0,10.4901,0,11.6544,0,3,10
"2026-05-15 05:24:10",1239680," 05/15/2026 06:36:27.981","          Ch 10",90.843,0,90.843,0,-0.01,0,9364.38,0,4300.65,0,91.7018,0,4341.31,0,140.18,0,22.4036,0,25.4913,0,10.4949,0,11.6605,0,3,10
"2026-05-15 05:24:20",1239681," 05/15/2026 06:36:37.934","          Ch 10",90.8573,0,90.8573,0,-0.01,0,9260.04,0,4295.03,0,91.7065,0,4335.17,0,140.216,0,22.4028,0,25.483,0,10.4876,0,11.6535,0,3,10
"2026-05-15 05:24:30",1239682," 05/15/2026 06:36:47.888","          Ch 10",90.7919,0,90.7919,0,-0.01,0,9235.89,0,4291.44,0,91.6383,0,4331.45,0,140.181,0,22.4033,0,25.4917,0,10.495,0,11.6577,0,3,10
"2026-05-15 05:24:40",1239683," 05/15/2026 06:36:57.842","          Ch 10",90.9225,0,90.9225,0,-0.01,0,9272.04,0,4296.77,0,91.7734,0,4336.99,0,140.18,0,22.4019,0,25.4862,0,10.495,0,11.6577,0,3,10
"2026-05-15 05:24:50",1239684," 05/15/2026 06:37:07.796","          Ch 10",90.9349,0,90.9349,0,-0.01,0,9138.17,0,4298.07,0,91.7735,0,4337.71,0,140.181,0,22.4008,0,25.4864,0,10.4938,0,11.6561,0,3,10
"2026-05-15 05:25:00",1239685," 05/15/2026 06:37:17.747","          Ch 10",91.0498,0,91.0498,0,-0.01,0,9321.56,0,4305.43,0,91.9065,0,4345.94,0,140.182,0,22.3995,0,25.4765,0,10.4962,0,11.6584,0,3,10
"2026-05-15 05:25:10",1239686," 05/15/2026 06:37:27.702","          Ch 10",91.0521,0,91.0521,0,-0.01,0,9192.19,0,4304.62,0,91.8968,0,4344.56,0,140.178,0,22.3991,0,25.4716,0,10.4871,0,11.6482,0,3,10
"2026-05-15 05:25:20",1239687," 05/15/2026 06:37:38.652","          Ch 10",91.1869,0,91.1869,0,-0.01,0,9272.54,0,4304.2,0,92.0404,0,4344.48,0,140.146,0,22.3988,0,25.4811,0,10.4948,0,11.6579,0,3,10
"2026-05-15 05:25:30",1239688," 05/15/2026 06:37:48.604","          Ch 10",91.3001,0,91.3001,0,-0.01,0,9313.3,0,4309.4,0,92.1584,0,4349.92,0,140.18,0,22.3968,0,25.4854,0,10.4935,0,11.6617,0,3,10
"2026-05-15 05:25:40",1239689," 05/15/2026 06:37:58.559","          Ch 10",91.2806,0,91.2806,0,-0.01,0,9344.29,0,4311.47,0,92.1416,0,4352.14,0,140.18,0,22.3958,0,25.4804,0,10.4951,0,11.6649,0,3,10
"2026-05-15 05:25:50",1239690," 05/15/2026 06:38:08.519","          Ch 10",91.3438,0,91.3438,0,-0.01,0,9302.55,0,4310.91,0,92.2016,0,4351.39,0,140.18,0,22.3948,0,25.4813,0,10.4987,0,11.6612,0,3,10
"2026-05-15 05:26:00",1239691," 05/15/2026 06:38:18.472","          Ch 10",91.2784,0,91.2784,0,-0.01,0,9230.35,0,4313.53,0,92.1288,0,4353.72,0,140.181,0,22.3938,0,25.479,0,10.4984,0,11.6553,0,3,10
"2026-05-15 05:26:10",1239692," 05/15/2026 06:38:28.425","          Ch 10",91.2574,0,91.2574,0,-0.01,0,9260.52,0,4309.23,0,92.1104,0,4349.5,0,140.214,0,22.3936,0,25.4805,0,10.4904,0,11.6573,0,3,10
"2026-05-15 05:26:20",1239693," 05/15/2026 06:38:38.378","          Ch 10",91.1231,0,91.1231,0,-0.01,0,9203.81,0,4301.85,0,91.9695,0,4341.81,0,140.179,0,22.3929,0,25.4771,0,10.4937,0,11.6586,0,3,10
"2026-05-15 05:26:30",1239694," 05/15/2026 06:38:48.332","          Ch 10",91.1262,0,91.1262,0,-0.01,0,9258.19,0,4303.7,0,91.9778,0,4343.92,0,140.18,0,22.3921,0,25.4772,0,10.4955,0,11.6612,0,3,10
"2026-05-15 05:26:40",1239695," 05/15/2026 06:38:58.286","          Ch 10",90.9857,0,90.9857,0,-0.01,0,9289.39,0,4300.87,0,91.8388,0,4341.2,0,140.213,0,22.3904,0,25.4756,0,10.496,0,11.6602,0,3,10
"2026-05-15 05:26:50",1239696," 05/15/2026 06:39:08.237","            amb",90.9547,0,90.9547,0,-0.01,0,9271.57,0,4295.8,0,91.8059,0,4336,0,140.18,0,22.39,0,25.4698,0,10.494,0,11.6598,0,3,16
"2026-05-15 05:27:00",1239697," 05/15/2026 06:39:18.193","            amb",91.075,0,91.075,0,-0.01,0,9351.1,0,4304.01,0,91.9347,0,4344.64,0,140.18,0,22.3895,0,25.4796,0,10.5005,0,11.6621,0,3,16
"2026-05-15 05:27:10",1239698," 05/15/2026 06:39:28.146","            amb",90.9132,0,90.9132,0,-0.01,0,9249.76,0,4294.74,0,91.762,0,4334.83,0,140.181,0,22.3889,0,25.4748,0,10.4962,0,11.6579,0,3,16
"2026-05-15 05:27:20",1239699," 05/15/2026 06:39:38.099","            amb",91.0305,0,91.0305,0,-0.01,0,9284.57,0,4297.58,0,91.8836,0,4337.86,0,140.183,0,22.3874,0,25.4652,0,10.497,0,11.6569,0,3,16
"2026-05-15 05:27:30",1239700," 05/15/2026 06:39:48.052","            amb",91.1997,0,91.1997,0,-0.01,0,9246.69,0,4305.75,0,92.0509,0,4345.94,0,140.18,0,22.3862,0,25.47,0,10.4938,0,11.6571,0,3,16
"2026-05-15 05:27:40",1239701," 05/15/2026 06:39:58.005","            amb",91.2524,0,91.2524,0,-0.01,0,9379.94,0,4317.11,0,92.1165,0,4357.99,0,140.179,0,22.3851,0,25.4721,0,10.4976,0,11.6564,0,3,16
"2026-05-15 05:27:50",1239702," 05/15/2026 06:40:07.958","            amb",91.5236,0,91.5236,0,-0.01,0,9269.41,0,4310.13,0,92.3799,0,4350.45,0,140.18,0,22.3851,0,25.4664,0,10.4952,0,11.6633,0,3,16
"2026-05-15 05:28:00",1239703," 05/15/2026 06:40:17.912","            amb",91.5608,0,91.5608,0,-0.01,0,9230.9,0,4316.43,0,92.4139,0,4356.64,0,140.153,0,22.3852,0,25.4734,0,10.4943,0,11.6615,0,3,16
"2026-05-15 05:28:10",1239704," 05/15/2026 06:40:27.867","            amb",91.5792,0,91.5792,0,-0.01,0,9281.52,0,4320.54,0,92.4371,0,4361.01,0,140.18,0,22.3838,0,25.4617,0,10.4954,0,11.6579,0,3,16
"2026-05-15 05:28:20",1239705," 05/15/2026 06:40:37.818","            amb",91.5753,0,91.5753,0,-0.01,0,9159.55,0,4320.85,0,92.4219,0,4360.8,0,140.179,0,22.383,0,25.4606,0,10.495,0,11.6585,0,3,16
"2026-05-15 05:28:30",1239706," 05/15/2026 06:40:47.771","            amb",91.619,0,91.619,0,-0.01,0,9187.88,0,4325.81,0,92.4686,0,4365.92,0,140.163,0,22.3824,0,25.4581,0,10.4942,0,11.656,0,3,16
"2026-05-15 05:28:40",1239707," 05/15/2026 06:40:57.725","            amb",91.9226,0,91.9226,0,-0.01,0,9394.56,0,4336.99,0,92.7944,0,4378.12,0,140.179,0,22.381,0,25.4693,0,10.4938,0,11.6561,0,3,16
"2026-05-15 05:28:50",1239708," 05/15/2026 06:41:08.672","            amb",91.8884,0,91.8884,0,-0.01,0,9357.3,0,4335.62,0,92.7564,0,4376.57,0,140.181,0,22.3794,0,25.4636,0,10.5017,0,11.6678,0,3,16
"2026-05-15 05:29:00",1239709," 05/15/2026 06:41:18.629","            amb",91.9881,0,91.9881,0,-0.01,0,9209.7,0,4335.74,0,92.8432,0,4376.04,0,140.18,0,22.379,0,25.4637,0,10.4925,0,11.6604,0,3,16
"2026-05-15 05:29:10",1239710," 05/15/2026 06:41:28.582","            amb",92.0152,0,92.0152,0,-0.01,0,9251.66,0,4340.79,0,92.8745,0,4381.32,0,140.178,0,22.3783,0,25.4566,0,10.4872,0,11.6493,0,3,16
"2026-05-15 05:29:20",1239711," 05/15/2026 06:41:38.536","            amb",92.1359,0,92.1359,0,-0.01,0,9228.59,0,4343.16,0,92.9941,0,4383.62,0,140.181,0,22.3768,0,25.4638,0,10.4924,0,11.6568,0,3,16
"2026-05-15 05:29:30",1239712," 05/15/2026 06:41:48.490","            amb",92.11,0,92.11,0,-0.01,0,9196.76,0,4335.9,0,92.965,0,4376.14,0,140.218,0,22.3756,0,25.4598,0,10.4967,0,11.66,0,3,16
"2026-05-15 05:29:40",1239713," 05/15/2026 06:41:58.441","            amb",91.9613,0,91.9613,0,-0.01,0,9245.44,0,4340.83,0,92.8195,0,4381.33,0,140.179,0,22.3758,0,25.4545,0,10.4913,0,11.6495,0,3,16
"2026-05-15 05:29:50",1239714," 05/15/2026 06:42:08.396","            amb",92.0889,0,92.0889,0,-0.01,0,9306.6,0,4347.18,0,92.954,0,4388.01,0,140.179,0,22.3748,0,25.4493,0,10.4933,0,11.6499,0,3,16
"2026-05-15 05:30:00",1239715," 05/15/2026 06:42:18.351","            amb",91.916,0,91.916,0,-0.01,0,9257.07,0,4338.57,0,92.7748,0,4379.1,0,140.181,0,22.3749,0,25.4516,0,10.4972,0,11.6569,0,3,16
"2026-05-15 05:30:10",1239716," 05/15/2026 06:42:28.304","            amb",91.8243,0,91.8243,0,-0.01,0,9256.18,0,4331.13,0,92.6822,0,4371.59,0,140.182,0,22.3739,0,25.4519,0,10.4987,0,11.6615,0,3,16
"2026-05-15 05:30:20",1239717," 05/15/2026 06:42:38.257","            amb",91.8243,0,91.8243,0,-0.01,0,9158.86,0,4325.89,0,92.673,0,4365.88,0,140.18,0,22.3728,0,25.4501,0,10.4901,0,11.6635,0,3,16
"2026-05-15 05:30:30",1239718," 05/15/2026 06:42:48.209","            amb",91.7336,0,91.7336,0,-0.01,0,9357.48,0,4331.88,0,92.6001,0,4372.8,0,140.181,0,22.3716,0,25.4405,0,10.4976,0,11.6617,0,3,16
"2026-05-15 05:30:40",1239719," 05/15/2026 06:42:58.163","            amb",91.8466,0,91.8466,0,-0.01,0,9303.34,0,4324.66,0,92.7091,0,4365.27,0,140.181,0,22.3712,0,25.4389,0,10.4934,0,11.6608,0,3,16
"2026-05-15 05:30:50",1239720," 05/15/2026 06:43:08.117","            amb",91.6897,0,91.6897,0,-0.01,0,9221.36,0,4328.74,0,92.5431,0,4369.03,0,140.153,0,22.3706,0,25.4452,0,10.4956,0,11.6533,0,3,16
"2026-05-15 05:31:00",1239721," 05/15/2026 06:43:18.069","            amb",91.7608,0,91.7608,0,-0.01,0,9295.07,0,4327.28,0,92.6217,0,4367.88,0,140.181,0,22.3693,0,25.4446,0,10.4978,0,11.6627,0,3,16
"2026-05-15 05:31:10",1239722," 05/15/2026 06:43:28.024","            amb",91.7105,0,91.7105,0,-0.01,0,9243.37,0,4329.36,0,92.5662,0,4369.75,0,140.178,0,22.3677,0,25.4441,0,10.4941,0,11.6531,0,3,16
"2026-05-15 05:31:20",1239723," 05/15/2026 06:43:37.977","            amb",91.7508,0,91.7508,0,-0.01,0,9226.78,0,4326.55,0,92.6052,0,4366.84,0,140.16,0,22.3682,0,25.449,0,10.4945,0,11.6614,0,3,16
"2026-05-15 05:31:30",1239724," 05/15/2026 06:43:47.931","            amb",91.745,0,91.745,0,-0.01,0,9262.86,0,4327.62,0,92.6028,0,4368.08,0,140.18,0,22.3676,0,25.453,0,10.4939,0,11.6584,0,3,16
"2026-05-15 05:31:40",1239725," 05/15/2026 06:43:57.883","            amb",91.7789,0,91.7789,0,-0.01,0,9363.5,0,4323.48,0,92.6463,0,4364.35,0,140.179,0,22.3666,0,25.4565,0,10.5007,0,11.667,0,3,16
"2026-05-15 05:31:50",1239726," 05/15/2026 06:44:07.838","           Ch 7",91.6492,0,91.6492,0,-0.01,0,9183.79,0,4325.35,0,92.4987,0,4365.45,0,140.181,0,22.3659,0,25.4626,0,10.4946,0,11.6598,0,3,7
"2026-05-15 05:32:00",1239727," 05/15/2026 06:44:17.791","           Ch 7",91.6693,0,91.6693,0,-0.01,0,9281.69,0,4329.86,0,92.5281,0,4370.43,0,140.177,0,22.3647,0,25.4557,0,10.4962,0,11.6578,0,3,7
"2026-05-15 05:32:10",1239728," 05/15/2026 06:44:27.745","           Ch 7",91.6929,0,91.6929,0,-0.01,0,9292.54,0,4329.09,0,92.553,0,4369.7,0,140.182,0,22.3638,0,25.4598,0,10.4967,0,11.6547,0,3,7
"2026-05-15 05:32:20",1239729," 05/15/2026 06:44:37.698","           Ch 7",91.6873,0,91.6873,0,-0.01,0,9302.2,0,4327.32,0,92.5482,0,4367.95,0,140.182,0,22.3637,0,25.4698,0,10.4948,0,11.6629,0,3,7
"2026-05-15 05:32:30",1239730," 05/15/2026 06:44:48.647","           Ch 7",91.5483,0,91.5483,0,-0.01,0,9311.19,0,4327.98,0,92.4087,0,4368.66,0,140.181,0,22.3628,0,25.4686,0,10.4956,0,11.6568,0,3,7
"2026-05-15 05:32:40",1239731," 05/15/2026 06:44:58.600","           Ch 7",91.6216,0,91.6216,0,-0.01,0,9328.05,0,4326.55,0,92.4843,0,4367.29,0,140.18,0,22.3612,0,25.4581,0,10.4958,0,11.6601,0,3,7
"2026-05-15 05:32:50",1239732," 05/15/2026 06:45:08.553","           Ch 7",91.6377,0,91.6377,0,-0.01,0,9338.38,0,4331.97,0,92.5016,0,4372.8,0,140.177,0,22.3599,0,25.4597,0,10.4974,0,11.6573,0,3,7
"2026-05-15 05:33:00",1239733," 05/15/2026 06:45:18.508","           Ch 7",91.8712,0,91.8712,0,-0.01,0,9392.2,0,4346.93,0,92.7423,0,4388.15,0,140.181,0,22.3599,0,25.4545,0,10.4988,0,11.6555,0,3,7
"2026-05-15 05:33:10",1239734," 05/15/2026 06:45:28.461","           Ch 7",91.8798,0,91.8798,0,-0.01,0,9240.6,0,4341.46,0,92.7367,0,4381.95,0,140.18,0,22.3596,0,25.4537,0,10.4947,0,11.6585,0,3,7
"2026-05-15 05:33:20",1239735," 05/15/2026 06:45:38.421","           Ch 7",91.8395,0,91.8395,0,-0.01,0,9216.55,0,4341.65,0,92.6938,0,4382.04,0,140.181,0,22.359,0,25.4573,0,10.4939,0,11.6565,0,3,7
"2026-05-15 05:33:30",1239736," 05/15/2026 06:45:48.373","           Ch 7",91.7758,0,91.7758,0,-0.01,0,9212.7,0,4339.94,0,92.6292,0,4380.3,0,140.181,0,22.3579,0,25.4555,0,10.4976,0,11.6585,0,3,7
"2026-05-15 05:33:40",1239737," 05/15/2026 06:45:58.328","           Ch 7",91.8306,0,91.8306,0,-0.01,0,9228.19,0,4338.58,0,92.6859,0,4378.99,0,140.18,0,22.3575,0,25.4466,0,10.4896,0,11.6535,0,3,7
"2026-05-15 05:33:50",1239738," 05/15/2026 06:46:08.281","           Ch 7",91.8673,0,91.8673,0,-0.01,0,9266.18,0,4342.5,0,92.7265,0,4383.12,0,140.182,0,22.3561,0,25.4387,0,10.4936,0,11.6576,0,3,7
"2026-05-15 05:34:00",1239739," 05/15/2026 06:46:18.235","           Ch 7",92.0209,0,92.0209,0,-0.01,0,9252.63,0,4348.04,0,92.8802,0,4388.65,0,140.182,0,22.356,0,25.4472,0,10.4929,0,11.6594,0,3,7
"2026-05-15 05:34:10",1239740," 05/15/2026 06:46:28.187","           Ch 7",92.0222,0,92.0222,0,-0.01,0,9255.23,0,4352.17,0,92.8818,0,4392.82,0,140.181,0,22.3552,0,25.4407,0,10.497,0,11.6534,0,3,7
"2026-05-15 05:34:20",1239741," 05/15/2026 06:46:38.148","           Ch 7",92.2533,0,92.2533,0,-0.01,0,9320.39,0,4361.51,0,93.1212,0,4402.55,0,140.18,0,22.3548,0,25.4531,0,10.4952,0,11.6599,0,3,7
"2026-05-15 05:34:30",1239742," 05/15/2026 06:46:48.101","           Ch 7",92.2691,0,92.2691,0,-0.01,0,9180.89,0,4368.41,0,93.124,0,4408.88,0,140.216,0,22.3528,0,25.454,0,10.488,0,11.6462,0,3,7
"2026-05-15 05:34:40",1239743," 05/15/2026 06:46:58.055","           Ch 7",92.4125,0,92.4125,0,-0.01,0,9204.75,0,4372.76,0,93.271,0,4413.38,0,140.182,0,22.3527,0,25.4509,0,10.4919,0,11.6558,0,3,7
"2026-05-15 05:34:50",1239744," 05/15/2026 06:47:08.008","           Ch 7",92.4733,0,92.4733,0,-0.01,0,9242.01,0,4379.6,0,93.3359,0,4420.46,0,140.179,0,22.3516,0,25.4572,0,10.4889,0,11.648,0,3,7
"2026-05-15 05:35:00",1239745," 05/15/2026 06:47:17.961","           Ch 7",92.5688,0,92.5688,0,-0.01,0,9243.81,0,4376.29,0,93.4325,0,4417.12,0,140.18,0,22.3514,0,25.4526,0,10.496,0,11.6631,0,3,7
"2026-05-15 05:35:10",1239746," 05/15/2026 06:47:27.915","           Ch 7",92.6134,0,92.6134,0,-0.01,0,9251.96,0,4383.49,0,93.4783,0,4424.42,0,140.182,0,22.3506,0,25.444,0,10.4929,0,11.6561,0,3,7
"2026-05-15 05:35:20",1239747," 05/15/2026 06:47:37.868","           Ch 7",92.6453,0,92.6453,0,-0.01,0,9276.13,0,4383.98,0,93.5127,0,4425.03,0,140.18,0,22.3497,0,25.4503,0,10.4957,0,11.6602,0,3,7
"2026-05-15 05:35:30",1239748," 05/15/2026 06:47:47.822","           Ch 7",92.7799,0,92.7799,0,-0.01,0,9262.74,0,4391.61,0,93.6473,0,4432.67,0,140.18,0,22.3487,0,25.4514,0,10.4945,0,11.6572,0,3,7
"2026-05-15 05:35:40",1239749," 05/15/2026 06:47:57.776","           Ch 7",92.8105,0,92.8105,0,-0.01,0,9227.79,0,4393.63,0,93.6749,0,4434.56,0,140.18,0,22.3484,0,25.4485,0,10.4929,0,11.6582,0,3,7
"2026-05-15 05:35:50",1239750," 05/15/2026 06:48:07.735","           Ch 7",92.7999,0,92.7999,0,-0.01,0,9289.21,0,4396.48,0,93.67,0,4437.7,0,140.18,0,22.3476,0,25.4549,0,10.4873,0,11.6512,0,3,7
"2026-05-15 05:36:00",1239751," 05/15/2026 06:48:18.684","           Ch 7",92.9361,0,92.9361,0,-0.01,0,9338.63,0,4406.87,0,93.8121,0,4448.41,0,140.18,0,22.3461,0,25.4451,0,10.4955,0,11.6552,0,3,7
"2026-05-15 05:36:10",1239752," 05/15/2026 06:48:28.638","           Ch 7",92.9589,0,92.9589,0,-0.01,0,9314.45,0,4407.46,0,93.8329,0,4448.9,0,140.184,0,22.3457,0,25.4452,0,10.4976,0,11.6615,0,3,7
"2026-05-15 05:36:20",1239753," 05/15/2026 06:48:38.591","           Ch 7",92.9656,0,92.9656,0,-0.01,0,9157.73,0,4406.67,0,93.8248,0,4447.4,0,140.18,0,22.3438,0,25.4456,0,10.4933,0,11.6554,0,3,7
"2026-05-15 05:36:30",1239754," 05/15/2026 06:48:48.545","           Ch 7",92.9618,0,92.9618,0,-0.01,0,9193.62,0,4410.1,0,93.8244,0,4451.02,0,140.18,0,22.3433,0,25.4595,0,10.4963,0,11.656,0,3,7
"2026-05-15 05:36:40",1239755," 05/15/2026 06:48:58.498","           Ch 7",93.1091,0,93.1091,0,-0.01,0,9318.05,0,4410.48,0,93.9849,0,4451.96,0,140.156,0,22.3431,0,25.4455,0,10.494,0,11.6603,0,3,7
"2026-05-15 05:36:50",1239756," 05/15/2026 06:49:08.452","           Ch 7",92.9906,0,92.9906,0,-0.01,0,9086.55,0,4409.17,0,93.8434,0,4449.6,0,140.213,0,22.3418,0,25.4439,0,10.4917,0,11.6562,0,3,7
"2026-05-15 05:37:00",1239757," 05/15/2026 06:49:18.404","           Ch 7",92.9953,0,92.9953,0,-0.01,0,9242.58,0,4411.48,0,93.8629,0,4452.63,0,140.179,0,22.3418,0,25.4468,0,10.4964,0,11.6586,0,3,7
"2026-05-15 05:37:10",1239758," 05/15/2026 06:49:28.357","           Ch 7",93.0728,0,93.0728,0,-0.01,0,9231.6,0,4416.73,0,93.94,0,4457.88,0,140.181,0,22.3407,0,25.4427,0,10.4901,0,11.65,0,3,7
"2026-05-15 05:37:20",1239759," 05/15/2026 06:49:38.312","           Ch 7",93.0707,0,93.0707,0,-0.01,0,9206.78,0,4417.96,0,93.9355,0,4459.02,0,140.183,0,22.3405,0,25.4528,0,10.4962,0,11.6588,0,3,7
"2026-05-15 05:37:30",1239760," 05/15/2026 06:49:48.265","           Ch 7",93.0608,0,93.0608,0,-0.01,0,9369.08,0,4419.05,0,93.9409,0,4460.85,0,140.18,0,22.3396,0,25.4395,0,10.5012,0,11.6618,0,3,7
"2026-05-15 05:37:40",1239761," 05/15/2026 06:49:58.217","           Ch 7",93.2369,0,93.2369,0,-0.01,0,9259.37,0,4422.45,0,94.1083,0,4463.78,0,140.181,0,22.3385,0,25.4358,0,10.4917,0,11.66,0,3,7
"2026-05-15 05:37:50",1239762," 05/15/2026 06:50:08.172","           Ch 7",93.1814,0,93.1814,0,-0.01,0,9297.98,0,4427.04,0,94.0559,0,4468.59,0,140.18,0,22.338,0,25.4431,0,10.4978,0,11.6559,0,3,7
"2026-05-15 05:38:00",1239763," 05/15/2026 06:50:18.126","           Ch 7",93.1806,0,93.1806,0,-0.01,0,9218.79,0,4429.96,0,94.0476,0,4471.18,0,140.182,0,22.3373,0,25.4439,0,10.4951,0,11.6548,0,3,7
"2026-05-15 05:38:10",1239764," 05/15/2026 06:50:28.079","           Ch 7",93.3278,0,93.3278,0,-0.01,0,9138.24,0,4420.18,0,94.1885,0,4460.94,0,140.146,0,22.3361,0,25.4349,0,10.4957,0,11.6633,0,3,7
"2026-05-15 05:38:20",1239765," 05/15/2026 06:50:38.032","           Ch 7",93.1955,0,93.1955,0,-0.01,0,9189.64,0,4429.78,0,94.0599,0,4470.87,0,140.18,0,22.3352,0,25.4331,0,10.4941,0,11.6571,0,3,7
"2026-05-15 05:38:30",1239766," 05/15/2026 06:50:47.986","           Ch 7",93.2184,0,93.2184,0,-0.01,0,9322.53,0,4430.41,0,94.0956,0,4472.1,0,140.181,0,22.3353,0,25.4354,0,10.498,0,11.6514,0,3,7
"2026-05-15 05:38:40",1239767," 05/15/2026 06:50:57.937","           Ch 7",93.392,0,93.392,0,-0.01,0,9337.23,0,4441.13,0,94.2722,0,4482.99,0,140.146,0,22.3347,0,25.4349,0,10.4991,0,11.6582,0,3,7
"2026-05-15 05:38:50",1239768," 05/15/2026 06:51:07.892","           Ch 7",93.2935,0,93.2935,0,-0.01,0,9224.24,0,4437.19,0,94.1621,0,4478.5,0,140.182,0,22.3334,0,25.4369,0,10.4974,0,11.6532,0,3,7
"2026-05-15 05:39:00",1239769," 05/15/2026 06:51:17.846","           Ch 7",93.23,0,93.23,0,-0.01,0,9179.59,0,4430.49,0,94.0938,0,4471.54,0,140.182,0,22.3333,0,25.4395,0,10.4978,0,11.6592,0,3,7
"2026-05-15 05:39:10",1239770," 05/15/2026 06:51:27.798","           Ch 7",93.2275,0,93.2275,0,-0.01,0,9189.97,0,4432.83,0,94.0922,0,4473.94,0,140.178,0,22.3325,0,25.4388,0,10.4952,0,11.6591,0,3,7
"2026-05-15 05:39:20",1239771," 05/15/2026 06:51:37.752","           Ch 7",93.3997,0,93.3997,0,-0.01,0,9265.92,0,4435.45,0,94.2732,0,4476.94,0,140.182,0,22.3321,0,25.4349,0,10.5001,0,11.6646,0,3,7
"2026-05-15 05:39:30",1239772," 05/15/2026 06:51:47.706","           Ch 7",93.3556,0,93.3556,0,-0.01,0,9177.34,0,4440.08,0,94.2203,0,4481.21,0,140.218,0,22.331,0,25.4365,0,10.4939,0,11.6596,0,3,7
"2026-05-15 05:39:40",1239773," 05/15/2026 06:51:58.655","           Ch 7",93.406,0,93.406,0,-0.01,0,9114.02,0,4437.71,0,94.2651,0,4478.53,0,140.192,0,22.3302,0,25.4407,0,10.4979,0,11.661,0,3,7
"2026-05-15 05:39:50",1239774," 05/15/2026 06:52:08.609","           Ch 7",93.3507,0,93.3507,0,-0.01,0,9084.15,0,4442.72,0,94.2065,0,4483.45,0,140.18,0,22.3297,0,25.4478,0,10.4856,0,11.6518,0,3,7
"2026-05-15 05:40:00",1239775," 05/15/2026 06:52:18.562","           Ch 7",93.4544,0,93.4544,0,-0.01,0,9236.96,0,4449.88,0,94.3257,0,4491.36,0,140.182,0,22.328,0,25.4419,0,10.4976,0,11.6553,0,3,7
"2026-05-15 05:40:10",1239776," 05/15/2026 06:52:28.515","           Ch 7",93.4447,0,93.4447,0,-0.01,0,9199.63,0,4451.81,0,94.3123,0,4493.15,0,140.185,0,22.3272,0,25.4347,0,10.4951,0,11.6535,0,3,7
"2026-05-15 05:40:20",1239777," 05/15/2026 06:52:38.470","           Ch 7",93.524,0,93.524,0,-0.01,0,9369.38,0,4450.11,0,94.4085,0,4492.2,0,140.18,0,22.3275,0,25.4418,0,10.4994,0,11.6669,0,3,7
"2026-05-15 05:40:30",1239778," 05/15/2026 06:52:48.423","           Ch 7",93.51,0,93.51,0,-0.01,0,9243.4,0,4451.22,0,94.3824,0,4492.75,0,140.184,0,22.3264,0,25.4429,0,10.4959,0,11.6589,0,3,7
"2026-05-15 05:40:40",1239779," 05/15/2026 06:52:58.376","           Ch 7",93.4633,0,93.4633,0,-0.01,0,9051.43,0,4454.37,0,94.317,0,4495.06,0,140.184,0,22.3255,0,25.4346,0,10.4925,0,11.6512,0,3,7
"2026-05-15 05:40:50",1239780," 05/15/2026 06:53:08.329","           Ch 7",93.4723,0,93.4723,0,-0.01,0,9255.89,0,4457.18,0,94.3455,0,4498.82,0,140.18,0,22.3245,0,25.4355,0,10.4937,0,11.6535,0,3,7
"2026-05-15 05:41:00",1239781," 05/15/2026 06:53:18.283","           Ch 7",93.515,0,93.515,0,-0.01,0,9178.83,0,4461.92,0,94.3813,0,4503.26,0,140.153,0,22.3237,0,25.4341,0,10.4922,0,11.6523,0,3,7
"2026-05-15 05:41:10",1239782," 05/15/2026 06:53:28.243","           Ch 7",93.6004,0,93.6004,0,-0.01,0,9231.95,0,4458.93,0,94.4725,0,4500.48,0,140.181,0,22.3232,0,25.4323,0,10.4969,0,11.6574,0,3,7
"2026-05-15 05:41:20",1239783," 05/15/2026 06:53:38.196","           Ch 7",93.6338,0,93.6338,0,-0.01,0,9211.85,0,4466.32,0,94.5043,0,4507.85,0,140.18,0,22.3224,0,25.4315,0,10.494,0,11.6557,0,3,7
"2026-05-15 05:41:30",1239784," 05/15/2026 06:53:48.149","           Ch 7",93.5714,0,93.5714,0,-0.01,0,9201.3,0,4466.42,0,94.4404,0,4507.9,0,140.181,0,22.3214,0,25.4279,0,10.4897,0,11.6498,0,3,7
"2026-05-15 05:41:40",1239785," 05/15/2026 06:53:58.103","           Ch 7",93.603,0,93.603,0,-0.01,0,9190.53,0,4465.41,0,94.4712,0,4506.83,0,140.179,0,22.3194,0,25.4263,0,10.4973,0,11.6605,0,3,7
"2026-05-15 05:41:50",1239786," 05/15/2026 06:54:08.056","            amb",93.6309,0,93.6309,0,-0.01,0,9207.5,0,4468.01,0,94.501,0,4509.54,0,140.182,0,22.3189,0,25.4273,0,10.4955,0,11.6557,0,3,16
"2026-05-15 05:42:00",1239787," 05/15/2026 06:54:18.010","            amb",93.6143,0,93.6143,0,-0.01,0,9185.45,0,4467.08,0,94.4822,0,4508.49,0,140.18,0,22.3194,0,25.4356,0,10.4946,0,11.6579,0,3,16
"2026-05-15 05:42:10",1239788," 05/15/2026 06:54:27.961","            amb",93.6705,0,93.6705,0,-0.01,0,9190.57,0,4472.41,0,94.5393,0,4513.89,0,140.181,0,22.3183,0,25.4249,0,10.4939,0,11.6544,0,3,16
"2026-05-15 05:42:20",1239789," 05/15/2026 06:54:37.917","            amb",93.7258,0,93.7258,0,-0.01,0,9320.85,0,4466.55,0,94.6076,0,4508.57,0,140.213,0,22.3179,0,25.4282,0,10.4998,0,11.6624,0,3,16
"2026-05-15 05:42:30",1239790," 05/15/2026 06:54:47.870","            amb",93.6087,0,93.6087,0,-0.01,0,9051.65,0,4471.61,0,94.4638,0,4512.45,0,140.179,0,22.3175,0,25.4199,0,10.4977,0,11.6535,0,3,16
"2026-05-15 05:42:40",1239791," 05/15/2026 06:54:57.824","            amb",93.7403,0,93.7403,0,-0.01,0,9254.06,0,4480.37,0,94.6159,0,4522.22,0,140.183,0,22.3172,0,25.4187,0,10.4976,0,11.6556,0,3,16
"2026-05-15 05:42:50",1239792," 05/15/2026 06:55:07.777","            amb",93.7297,0,93.7297,0,-0.01,0,9318.49,0,4479.84,0,94.6114,0,4521.98,0,140.183,0,22.3167,0,25.4096,0,10.5003,0,11.665,0,3,16
"2026-05-15 05:43:00",1239793," 05/15/2026 06:55:17.731","            amb",93.6027,0,93.6027,0,-0.01,0,9053.42,0,4478.4,0,94.4578,0,4519.32,0,140.179,0,22.316,0,25.412,0,10.499,0,11.6603,0,3,16
"2026-05-15 05:43:10",1239794," 05/15/2026 06:55:27.690","            amb",93.8003,0,93.8003,0,-0.01,0,9204.35,0,4486.51,0,94.6717,0,4528.19,0,140.148,0,22.3156,0,25.4111,0,10.4919,0,11.6555,0,3,16
"2026-05-15 05:43:20",1239795," 05/15/2026 06:55:38.639","            amb",93.8722,0,93.8722,0,-0.01,0,9175.87,0,4492.19,0,94.7415,0,4533.79,0,140.181,0,22.3143,0,25.4226,0,10.4995,0,11.663,0,3,16
"2026-05-15 05:43:30",1239796," 05/15/2026 06:55:48.592","            amb",93.9015,0,93.9015,0,-0.01,0,9222.78,0,4493.86,0,94.7756,0,4535.7,0,140.183,0,22.3132,0,25.4194,0,10.4989,0,11.6608,0,3,16
"2026-05-15 05:43:40",1239797," 05/15/2026 06:55:58.546","            amb",93.8319,0,93.8319,0,-0.01,0,9137.55,0,4496.1,0,94.6972,0,4537.56,0,140.18,0,22.3129,0,25.4148,0,10.4957,0,11.6557,0,3,16
"2026-05-15 05:43:50",1239798," 05/15/2026 06:56:08.500","            amb",93.9943,0,93.9943,0,-0.01,0,9195.22,0,4503.64,0,94.8666,0,4545.44,0,140.181,0,22.3129,0,25.4106,0,10.4935,0,11.6552,0,3,16
"2026-05-15 05:44:00",1239799," 05/15/2026 06:56:18.453","            amb",93.9829,0,93.9829,0,-0.01,0,9228.16,0,4506.92,0,94.8583,0,4548.9,0,140.184,0,22.3121,0,25.3931,0,10.4975,0,11.6532,0,3,16
"2026-05-15 05:44:10",1239800," 05/15/2026 06:56:28.405","            amb",94.0433,0,94.0433,0,-0.01,0,9237.11,0,4509.14,0,94.9201,0,4551.18,0,140.181,0,22.3112,0,25.4004,0,10.4993,0,11.6608,0,3,16
"2026-05-15 05:44:20",1239801," 05/15/2026 06:56:38.359","            amb",94.0056,0,94.0056,0,-0.01,0,9251.14,0,4514.86,0,94.8834,0,4557.02,0,140.178,0,22.3105,0,25.4071,0,10.5,0,11.6582,0,3,16
"2026-05-15 05:44:30",1239802," 05/15/2026 06:56:48.314","            amb",94.013,0,94.013,0,-0.01,0,9332.62,0,4516.52,0,94.8986,0,4559.07,0,140.183,0,22.3104,0,25.4157,0,10.4985,0,11.6557,0,3,16
"2026-05-15 05:44:40",1239803," 05/15/2026 06:56:58.267","            amb",94.0739,0,94.0739,0,-0.01,0,9202.31,0,4517.81,0,94.9476,0,4559.77,0,140.183,0,22.3092,0,25.4194,0,10.4957,0,11.6582,0,3,16
"2026-05-15 05:44:50",1239804," 05/15/2026 06:57:08.221","            amb",94.1414,0,94.1414,0,-0.01,0,9131.17,0,4520.72,0,95.0089,0,4562.38,0,140.18,0,22.309,0,25.42,0,10.4935,0,11.6541,0,3,16
"2026-05-15 05:45:00",1239805," 05/15/2026 06:57:18.173","            amb",94.231,0,94.231,0,-0.01,0,9146.93,0,4521.64,0,95.1009,0,4563.38,0,140.18,0,22.3077,0,25.4128,0,10.498,0,11.655,0,3,16
"2026-05-15 05:45:10",1239806," 05/15/2026 06:57:28.127","            amb",94.3612,0,94.3612,0,-0.01,0,9233.51,0,4521.18,0,95.2406,0,4563.32,0,140.183,0,22.307,0,25.4154,0,10.5017,0,11.6611,0,3,16
"2026-05-15 05:45:20",1239807," 05/15/2026 06:57:38.081","            amb",94.1856,0,94.1856,0,-0.01,0,9241.27,0,4537.17,0,95.0641,0,4579.49,0,140.181,0,22.3062,0,25.419,0,10.4911,0,11.6432,0,3,16
"2026-05-15 05:45:30",1239808," 05/15/2026 06:57:48.033","            amb",94.2899,0,94.2899,0,-0.01,0,9162.66,0,4537.68,0,95.1619,0,4579.64,0,140.18,0,22.3059,0,25.4113,0,10.4946,0,11.6566,0,3,16
"2026-05-15 05:45:40",1239809," 05/15/2026 06:57:57.987","            amb",94.3701,0,94.3701,0,-0.01,0,9175.53,0,4541.65,0,95.244,0,4583.71,0,140.18,0,22.3057,0,25.4079,0,10.498,0,11.6628,0,3,16
"2026-05-15 05:45:50",1239810," 05/15/2026 06:58:07.941","            amb",94.4008,0,94.4008,0,-0.01,0,9234.21,0,4543.53,0,95.2806,0,4585.87,0,140.179,0,22.305,0,25.4193,0,10.496,0,11.6577,0,3,16
"2026-05-15 05:46:00",1239811," 05/15/2026 06:58:17.892","            amb",94.4465,0,94.4465,0,-0.01,0,9150.12,0,4549.56,0,95.3187,0,4591.57,0,140.163,0,22.3045,0,25.4052,0,10.4882,0,11.6503,0,3,16
"2026-05-15 05:46:10",1239812," 05/15/2026 06:58:27.847","            amb",94.4102,0,94.4102,0,-0.01,0,9146.84,0,4547.71,0,95.2818,0,4589.69,0,140.184,0,22.304,0,25.417,0,10.4928,0,11.6571,0,3,16
"2026-05-15 05:46:20",1239813," 05/15/2026 06:58:37.800","            amb",94.3971,0,94.3971,0,-0.01,0,9187.96,0,4550.73,0,95.2724,0,4592.92,0,140.178,0,22.3025,0,25.4138,0,10.4912,0,11.6529,0,3,16
"2026-05-15 05:46:30",1239814," 05/15/2026 06:58:47.754","            amb",94.621,0,94.621,0,-0.01,0,9213.78,0,4551.03,0,95.5009,0,4593.35,0,140.154,0,22.3027,0,25.4098,0,10.4968,0,11.6652,0,3,16
"2026-05-15 05:46:40",1239815," 05/15/2026 06:58:57.708","            amb",94.4529,0,94.4529,0,-0.01,0,9192.75,0,4562.16,0,95.3292,0,4604.48,0,140.18,0,22.3008,0,25.4066,0,10.4946,0,11.653,0,3,16
"2026-05-15 05:46:50",1239816," 05/15/2026 06:59:08.656","           Ch 2",94.6543,0,94.6543,0,-0.01,0,9233.41,0,4563.43,0,95.5364,0,4605.96,0,140.182,0,22.3005,0,25.4055,0,10.4967,0,11.664,0,3,2
"2026-05-15 05:47:00",1239817," 05/15/2026 06:59:18.608","           Ch 2",94.4787,0,94.4787,0,-0.01,0,9187.95,0,4562.33,0,95.3548,0,4604.64,0,140.179,0,22.299,0,25.3988,0,10.4996,0,11.6565,0,3,2
"2026-05-15 05:47:10",1239818," 05/15/2026 06:59:28.563","           Ch 2",94.5794,0,94.5794,0,-0.01,0,9231.7,0,4565.48,0,95.4607,0,4608.02,0,140.181,0,22.2991,0,25.412,0,10.4969,0,11.6553,0,3,2
"2026-05-15 05:47:20",1239819," 05/15/2026 06:59:38.517","           Ch 2",94.5735,0,94.5735,0,-0.01,0,9237.59,0,4570.78,0,95.4552,0,4613.4,0,140.182,0,22.2988,0,25.4142,0,10.4926,0,11.6512,0,3,2
"2026-05-15 05:47:30",1239820," 05/15/2026 06:59:48.467","           Ch 2",94.7269,0,94.7269,0,-0.01,0,9114.56,0,4575.96,0,95.5982,0,4618.05,0,140.17,0,22.2977,0,25.4057,0,10.5025,0,11.6637,0,3,2
"2026-05-15 05:47:40",1239821," 05/15/2026 06:59:58.421","           Ch 2",94.694,0,94.694,0,-0.01,0,9178.58,0,4573.58,0,95.5712,0,4615.95,0,140.179,0,22.2971,0,25.4001,0,10.4942,0,11.6558,0,3,2
"2026-05-15 05:47:50",1239822," 05/15/2026 07:00:08.375","           Ch 2",94.6904,0,94.6904,0,-0.01,0,9180.65,0,4575.85,0,95.5678,0,4618.25,0,140.182,0,22.2963,0,25.4086,0,10.4976,0,11.6581,0,3,2
"2026-05-15 05:48:00",1239823," 05/15/2026 07:00:18.328","           Ch 2",94.7348,0,94.7348,0,-0.01,0,9308.55,0,4583.1,0,95.6249,0,4626.17,0,140.177,0,22.2958,0,25.4108,0,10.4926,0,11.6483,0,3,2
"2026-05-15 05:48:10",1239824," 05/15/2026 07:00:28.283","           Ch 2",94.6615,0,94.6615,0,-0.01,0,9190.23,0,4579.98,0,95.5395,0,4622.46,0,140.178,0,22.2951,0,25.4036,0,10.4983,0,11.6545,0,3,2
"2026-05-15 05:48:20",1239825," 05/15/2026 07:00:38.236","           Ch 2",94.6956,0,94.6956,0,-0.01,0,9184.38,0,4582.22,0,95.5734,0,4624.7,0,140.182,0,22.2941,0,25.4055,0,10.496,0,11.6601,0,3,2
"2026-05-15 05:48:30",1239826," 05/15/2026 07:00:48.190","           Ch 2",94.6656,0,94.6656,0,-0.01,0,9143.36,0,4582.91,0,95.5391,0,4625.2,0,140.18,0,22.2935,0,25.3989,0,10.4959,0,11.6559,0,3,2
"2026-05-15 05:48:40",1239827," 05/15/2026 07:00:58.142","           Ch 2",94.6906,0,94.6906,0,-0.01,0,9204.34,0,4587.18,0,95.5702,0,4629.79,0,140.179,0,22.2923,0,25.3916,0,10.4942,0,11.653,0,3,2
"2026-05-15 05:48:50",1239828," 05/15/2026 07:01:08.096","           Ch 2",94.7949,0,94.7949,0,-0.01,0,9212.85,0,4593.27,0,95.6763,0,4635.98,0,140.182,0,22.2913,0,25.3962,0,10.4977,0,11.6593,0,3,2
"2026-05-15 05:49:00",1239829," 05/15/2026 07:01:18.049","           Ch 2",94.6921,0,94.6921,0,-0.01,0,9208.86,0,4594.05,0,95.5722,0,4636.75,0,140.181,0,22.2909,0,25.3956,0,10.499,0,11.6555,0,3,2
"2026-05-15 05:49:10",1239830," 05/15/2026 07:01:28.003","           Ch 2",94.7931,0,94.7931,0,-0.01,0,9001.62,0,4596.71,0,95.6541,0,4638.47,0,140.18,0,22.2897,0,25.4004,0,10.5023,0,11.6668,0,3,2
"2026-05-15 05:49:20",1239831," 05/15/2026 07:01:37.955","           Ch 2",94.8057,0,94.8057,0,-0.01,0,9200.37,0,4593.36,0,95.686,0,4636.02,0,140.166,0,22.2899,0,25.394,0,10.4978,0,11.6614,0,3,2
"2026-05-15 05:49:30",1239832," 05/15/2026 07:01:47.910","           Ch 2",94.7589,0,94.7589,0,-0.01,0,9184.41,0,4592.21,0,95.6373,0,4634.78,0,140.184,0,22.289,0,25.3999,0,10.4978,0,11.6565,0,3,2
"2026-05-15 05:49:40",1239833," 05/15/2026 07:01:57.863","           Ch 2",94.7063,0,94.7063,0,-0.01,0,9192.6,0,4595.33,0,95.585,0,4637.96,0,140.18,0,22.2882,0,25.4005,0,10.4975,0,11.6579,0,3,2
"2026-05-15 05:49:50",1239834," 05/15/2026 07:02:07.822","           Ch 2",94.7845,0,94.7845,0,-0.01,0,9228.76,0,4601.46,0,95.6674,0,4644.32,0,140.179,0,22.2876,0,25.4007,0,10.4965,0,11.6591,0,3,2
"2026-05-15 05:50:00",1239835," 05/15/2026 07:02:17.777","           Ch 2",94.785,0,94.785,0,-0.01,0,9186.53,0,4602.32,0,95.6638,0,4644.99,0,140.183,0,22.2871,0,25.4002,0,10.4969,0,11.6547,0,3,2
"2026-05-15 05:50:10",1239836," 05/15/2026 07:02:27.731","           Ch 2",94.864,0,94.864,0,-0.01,0,9139.75,0,4605,0,95.7391,0,4647.48,0,140.186,0,22.2867,0,25.4004,0,10.4951,0,11.6556,0,3,2
"2026-05-15 05:50:20",1239837," 05/15/2026 07:02:38.681","           Ch 2",94.9829,0,94.9829,0,-0.01,0,9247.03,0,4617.98,0,95.8694,0,4661.08,0,140.181,0,22.286,0,25.4012,0,10.5022,0,11.6591,0,3,2
"2026-05-15 05:50:30",1239838," 05/15/2026 07:02:48.631","           Ch 2",94.8472,0,94.8472,0,-0.01,0,9145.14,0,4608.74,0,95.7225,0,4651.27,0,140.179,0,22.2844,0,25.4022,0,10.4941,0,11.6529,0,3,2
"2026-05-15 05:50:40",1239839," 05/15/2026 07:02:58.586","           Ch 2",94.7639,0,94.7639,0,-0.01,0,9188.63,0,4606.04,0,95.6428,0,4648.76,0,140.182,0,22.2842,0,25.4052,0,10.5013,0,11.6599,0,3,2
"2026-05-15 05:50:50",1239840," 05/15/2026 07:03:08.539","           Ch 2",94.6625,0,94.6625,0,-0.01,0,9169,0,4605.46,0,95.5385,0,4648.08,0,140.182,0,22.2843,0,25.4037,0,10.4985,0,11.6547,0,3,2
"2026-05-15 05:51:00",1239841," 05/15/2026 07:03:18.493","           Ch 2",94.6796,0,94.6796,0,-0.01,0,9154.54,0,4606.15,0,95.5544,0,4648.7,0,140.178,0,22.2838,0,25.4081,0,10.4928,0,11.6571,0,3,2
"2026-05-15 05:51:10",1239842," 05/15/2026 07:03:28.446","           Ch 2",94.753,0,94.753,0,-0.01,0,9176.73,0,4610,0,95.6306,0,4652.7,0,140.184,0,22.2831,0,25.4033,0,10.4968,0,11.6544,0,3,2
"2026-05-15 05:51:20",1239843," 05/15/2026 07:03:38.399","           Ch 2",94.7928,0,94.7928,0,-0.01,0,9173.94,0,4607.51,0,95.6705,0,4650.17,0,140.182,0,22.2822,0,25.4003,0,10.4948,0,11.6527,0,3,2
"2026-05-15 05:51:30",1239844," 05/15/2026 07:03:48.352","           Ch 2",94.6405,0,94.6405,0,-0.01,0,9146.34,0,4606.08,0,95.5141,0,4648.6,0,140.179,0,22.2822,0,25.3935,0,10.493,0,11.6564,0,3,2
"2026-05-15 05:51:40",1239845," 05/15/2026 07:03:58.306","           Ch 2",94.6926,0,94.6926,0,-0.01,0,9252.33,0,4611.2,0,95.5769,0,4654.26,0,140.189,0,22.2806,0,25.3927,0,10.4939,0,11.659,0,3,2
"2026-05-15 05:51:50",1239846," 05/15/2026 07:04:08.259","           Ch 2",94.7227,0,94.7227,0,-0.01,0,9262.9,0,4622.93,0,95.6083,0,4666.15,0,140.18,0,22.2805,0,25.3937,0,10.4895,0,11.6432,0,3,2
"2026-05-15 05:52:00",1239847," 05/15/2026 07:04:18.214","           Ch 2",94.7534,0,94.7534,0,-0.01,0,9246.12,0,4617.93,0,95.6376,0,4661.03,0,140.181,0,22.28,0,25.3956,0,10.4936,0,11.6595,0,3,2
"2026-05-15 05:52:10",1239848," 05/15/2026 07:04:28.166","           Ch 2",94.8454,0,94.8454,0,-0.01,0,9150.37,0,4623.13,0,95.7213,0,4665.82,0,140.18,0,22.2789,0,25.3971,0,10.4957,0,11.6559,0,3,2
"2026-05-15 05:52:20",1239849," 05/15/2026 07:04:38.120","           Ch 2",94.9308,0,94.9308,0,-0.01,0,9195.94,0,4628,0,95.8119,0,4670.95,0,140.183,0,22.2777,0,25.3907,0,10.4948,0,11.6584,0,3,2
"2026-05-15 05:52:30",1239850," 05/15/2026 07:04:48.075","           Ch 2",94.8545,0,94.8545,0,-0.01,0,8966.52,0,4627.78,0,95.7127,0,4669.66,0,140.18,0,22.2769,0,25.3908,0,10.4882,0,11.6509,0,3,2
"2026-05-15 05:52:40",1239851," 05/15/2026 07:04:58.028","           Ch 2",94.9863,0,94.9863,0,-0.01,0,9173.01,0,4634.55,0,95.8657,0,4677.45,0,140.179,0,22.2771,0,25.3892,0,10.4958,0,11.6572,0,3,2
"2026-05-15 05:52:50",1239852," 05/15/2026 07:05:07.980","           Ch 2",95.1365,0,95.1365,0,-0.01,0,9182.63,0,4640.73,0,96.0182,0,4683.73,0,140.184,0,22.2763,0,25.3904,0,10.4953,0,11.6557,0,3,2
"2026-05-15 05:53:00",1239853," 05/15/2026 07:05:17.935","           Ch 2",95.0957,0,95.0957,0,-0.01,0,9118.52,0,4644.91,0,95.9708,0,4687.65,0,140.18,0,22.2759,0,25.3901,0,10.493,0,11.6542,0,3,2
"2026-05-15 05:53:10",1239854," 05/15/2026 07:05:27.887","           Ch 2",95.0896,0,95.0896,0,-0.01,0,9097.91,0,4640.88,0,95.9626,0,4683.49,0,140.178,0,22.2752,0,25.3852,0,10.4955,0,11.6602,0,3,2
"2026-05-15 05:53:20",1239855," 05/15/2026 07:05:37.840","           Ch 2",95.1297,0,95.1297,0,-0.01,0,9186.21,0,4648.67,0,96.0117,0,4691.77,0,140.18,0,22.2743,0,25.38,0,10.4934,0,11.653,0,3,2
"2026-05-15 05:53:30",1239856," 05/15/2026 07:05:47.795","           Ch 2",95.117,0,95.117,0,-0.01,0,9120.4,0,4650.52,0,95.9925,0,4693.33,0,140.184,0,22.2741,0,25.3852,0,10.5,0,11.6605,0,3,2
"2026-05-15 05:53:40",1239857," 05/15/2026 07:05:57.748","           Ch 2",95.1629,0,95.1629,0,-0.01,0,9182.4,0,4654.37,0,96.0448,0,4697.51,0,140.18,0,22.273,0,25.3886,0,10.4873,0,11.6466,0,3,2
"2026-05-15 05:53:50",1239858," 05/15/2026 07:06:07.701","           Ch 2",95.2195,0,95.2195,0,-0.01,0,9147.85,0,4655.03,0,96.0986,0,4698,0,140.181,0,22.2723,0,25.3934,0,10.4973,0,11.6597,0,3,2
"2026-05-15 05:54:00",1239859," 05/15/2026 07:06:18.650","           Ch 2",95.1245,0,95.1245,0,-0.01,0,9000.54,0,4656.18,0,95.9884,0,4698.47,0,140.179,0,22.2708,0,25.3951,0,10.4929,0,11.6467,0,3,2
"2026-05-15 05:54:10",1239860," 05/15/2026 07:06:28.603","           Ch 2",95.2739,0,95.2739,0,-0.01,0,9092.65,0,4662.82,0,96.1481,0,4705.6,0,140.18,0,22.2708,0,25.3939,0,10.495,0,11.6572,0,3,2
"2026-05-15 05:54:20",1239861," 05/15/2026 07:06:38.557","           Ch 2",95.3116,0,95.3116,0,-0.01,0,9099.07,0,4669.98,0,96.1868,0,4712.86,0,140.179,0,22.2702,0,25.393,0,10.4983,0,11.6525,0,3,2
"2026-05-15 05:54:30",1239862," 05/15/2026 07:06:48.511","           Ch 2",95.4422,0,95.4422,0,-0.01,0,9136.81,0,4671.31,0,96.3223,0,4714.38,0,140.216,0,22.2697,0,25.3948,0,10.4932,0,11.6553,0,3,2
"2026-05-15 05:54:40",1239863," 05/15/2026 07:06:58.467","           Ch 2",95.5274,0,95.5274,0,-0.01,0,9135.33,0,4668.52,0,96.4081,0,4711.56,0,140.181,0,22.2696,0,25.3993,0,10.4979,0,11.6556,0,3,2
"2026-05-15 05:54:50",1239864," 05/15/2026 07:07:08.420","           Ch 2",95.37,0,95.37,0,-0.01,0,9069.71,0,4671.99,0,96.2429,0,4714.76,0,140.179,0,22.269,0,25.4082,0,10.4964,0,11.6569,0,3,2
"2026-05-15 05:55:00",1239865," 05/15/2026 07:07:18.373","           Ch 2",95.5465,0,95.5465,0,-0.01,0,9189.8,0,4677.98,0,96.4326,0,4721.37,0,140.182,0,22.2685,0,25.4029,0,10.4929,0,11.6529,0,3,2
"2026-05-15 05:55:10",1239866," 05/15/2026 07:07:28.327","           Ch 2",95.4547,0,95.4547,0,-0.01,0,9186.1,0,4681.43,0,96.3397,0,4724.84,0,140.182,0,22.2679,0,25.4017,0,10.4936,0,11.6495,0,3,2
"2026-05-15 05:55:20",1239867," 05/15/2026 07:07:38.278","           Ch 2",95.5203,0,95.5203,0,-0.01,0,9056.67,0,4685.41,0,96.3933,0,4728.23,0,140.178,0,22.2671,0,25.3904,0,10.5036,0,11.6621,0,3,2
"2026-05-15 05:55:30",1239868," 05/15/2026 07:07:48.233","           Ch 2",95.4519,0,95.4519,0,-0.01,0,9372.54,0,4685.92,0,96.355,0,4730.26,0,140.182,0,22.2666,0,25.3909,0,10.5032,0,11.666,0,3,2
"2026-05-15 05:55:40",1239869," 05/15/2026 07:07:58.188","           Ch 2",95.4963,0,95.4963,0,-0.01,0,9107.19,0,4684.98,0,96.374,0,4728.04,0,140.182,0,22.2657,0,25.3883,0,10.4969,0,11.654,0,3,2
"2026-05-15 05:55:50",1239870," 05/15/2026 07:08:08.141","           Ch 2",95.4939,0,95.4939,0,-0.01,0,9191.82,0,4684.45,0,96.3798,0,4727.9,0,140.164,0,22.2651,0,25.398,0,10.4952,0,11.6544,0,3,2
"2026-05-15 05:56:00",1239871," 05/15/2026 07:08:18.094","           Ch 2",95.46,0,95.46,0,-0.01,0,9198.88,0,4684.12,0,96.3463,0,4727.61,0,140.181,0,22.2644,0,25.3882,0,10.4962,0,11.6582,0,3,2
"2026-05-15 05:56:10",1239872," 05/15/2026 07:08:28.048","           Ch 2",95.4116,0,95.4116,0,-0.01,0,9149.85,0,4684.01,0,96.2926,0,4727.27,0,140.183,0,22.2643,0,25.3858,0,10.4953,0,11.6533,0,3,2
"2026-05-15 05:56:20",1239873," 05/15/2026 07:08:38.000","           Ch 2",95.4317,0,95.4317,0,-0.01,0,9171.51,0,4684.66,0,96.3151,0,4728.02,0,140.172,0,22.2628,0,25.3848,0,10.4972,0,11.6561,0,3,2
"2026-05-15 05:56:30",1239874," 05/15/2026 07:08:47.955","           Ch 2",95.5172,0,95.5172,0,-0.01,0,9137.19,0,4688.75,0,96.3981,0,4731.99,0,140.18,0,22.2629,0,25.3888,0,10.4938,0,11.6558,0,3,2
"2026-05-15 05:56:40",1239875," 05/15/2026 07:08:57.908","           Ch 2",95.5454,0,95.5454,0,-0.01,0,9144.34,0,4695.17,0,96.4272,0,4738.5,0,140.177,0,22.2621,0,25.389,0,10.4986,0,11.6519,0,3,2
"2026-05-15 05:56:50",1239876," 05/15/2026 07:09:07.862","            amb",95.6222,0,95.6222,0,-0.01,0,9209.27,0,4698.32,0,96.511,0,4741.99,0,140.181,0,22.262,0,25.392,0,10.4957,0,11.6525,0,3,16
"2026-05-15 05:57:00",1239877," 05/15/2026 07:09:17.813","            amb",95.6684,0,95.6684,0,-0.01,0,9106.02,0,4698.61,0,96.5476,0,4741.78,0,140.178,0,22.2611,0,25.3801,0,10.4974,0,11.6598,0,3,16
"2026-05-15 05:57:10",1239878," 05/15/2026 07:09:27.768","            amb",95.6343,0,95.6343,0,-0.01,0,9226.8,0,4701.79,0,96.5249,0,4745.58,0,140.187,0,22.2607,0,25.3761,0,10.4946,0,11.6539,0,3,16
"2026-05-15 05:57:20",1239879," 05/15/2026 07:09:37.722","            amb",95.6336,0,95.6336,0,-0.01,0,9056.13,0,4689.41,0,96.5075,0,4732.27,0,140.182,0,22.2603,0,25.3792,0,10.4939,0,11.6564,0,3,16
"2026-05-15 05:57:30",1239880," 05/15/2026 07:09:48.670","            amb",95.5606,0,95.5606,0,-0.01,0,9088.6,0,4698.22,0,96.4371,0,4741.31,0,140.182,0,22.2585,0,25.386,0,10.4951,0,11.6542,0,3,16
"2026-05-15 05:57:40",1239881," 05/15/2026 07:09:58.624","            amb",95.7095,0,95.7095,0,-0.01,0,9255.76,0,4703.5,0,96.6036,0,4747.44,0,140.181,0,22.258,0,25.3785,0,10.4975,0,11.6601,0,3,16
"2026-05-15 05:57:50",1239882," 05/15/2026 07:10:08.577","            amb",95.7307,0,95.7307,0,-0.01,0,9139.39,0,4699.62,0,96.6137,0,4742.96,0,140.179,0,22.2581,0,25.382,0,10.5,0,11.6581,0,3,16
"2026-05-15 05:58:00",1239883," 05/15/2026 07:10:18.530","            amb",95.562,0,95.562,0,-0.01,0,8995.13,0,4700.69,0,96.4294,0,4743.36,0,140.181,0,22.2576,0,25.3857,0,10.4897,0,11.6525,0,3,16
"2026-05-15 05:58:10",1239884," 05/15/2026 07:10:28.485","            amb",95.5832,0,95.5832,0,-0.01,0,9148.54,0,4702.89,0,96.4657,0,4746.31,0,140.18,0,22.2572,0,25.3833,0,10.4945,0,11.6566,0,3,16
"2026-05-15 05:58:20",1239885," 05/15/2026 07:10:38.437","            amb",95.5144,0,95.5144,0,-0.01,0,9166.44,0,4702.9,0,96.3981,0,4746.41,0,140.181,0,22.2565,0,25.3821,0,10.4965,0,11.6537,0,3,16
"2026-05-15 05:58:30",1239886," 05/15/2026 07:10:48.389","            amb",95.4514,0,95.4514,0,-0.01,0,9193.81,0,4699.3,0,96.3371,0,4742.9,0,140.183,0,22.2557,0,25.3833,0,10.4985,0,11.6612,0,3,16
"2026-05-15 05:58:40",1239887," 05/15/2026 07:10:58.343","            amb",95.442,0,95.442,0,-0.01,0,9216.18,0,4699.62,0,96.3298,0,4743.34,0,140.177,0,22.255,0,25.3797,0,10.4944,0,11.6531,0,3,16
"2026-05-15 05:58:50",1239888," 05/15/2026 07:11:08.295","            amb",95.4145,0,95.4145,0,-0.01,0,9151.7,0,4699.92,0,96.2957,0,4743.33,0,140.182,0,22.2545,0,25.3767,0,10.4968,0,11.6555,0,3,16
"2026-05-15 05:59:00",1239889," 05/15/2026 07:11:18.248","            amb",95.4227,0,95.4227,0,-0.01,0,9145.98,0,4700.83,0,96.3035,0,4744.22,0,140.183,0,22.2535,0,25.3791,0,10.4989,0,11.6558,0,3,16
