"TOA5","GCREW_MARSH_OUTLET","CR1000X","27811","CR1000X.Std.05.01","CPU:GCREW_MARSH_OUTLET_v4-6_multiple instruments.CR1X","51805","SontekTable"
"TIMESTAMP","RECORD","SONTEK_ID","Sample_number","yyyy","MM","dd","hh","Minute","ss","Flowrate","Stage","Mean_velocity","Total_volume","Water_depth","Index_velocity","Cross_area","Water_temperature","System_status","Velocity_XZxc","Velocity_XZzc","Velocity_XZxL","Velocity_XZxR","Batt_Vol_Sontek","Pitch_angle","Roll_angle","Perc_submergance","IceScore"
"TS","RN","","","","","","","","","m","m","m/s","m3","m","m/s","m2","Celsius","unitless","m/s","m/s","m/s","m/s","volts","degrees","degrees","percent","integer"
"","","Smp","Smp","Smp","Smp","Smp","Smp","Smp","Smp","Smp","Smp","Smp","Smp","Smp","Smp","Smp","Smp","Smp","Smp","Smp","Smp","Smp","Smp","Smp","Smp","Smp","Smp"
"2025-11-14 23:57:00",109819,"",7999,2025,11,14,23,51,5,-0.0463,1.008,-0.025,-343795.2,0.958,-0.024,1.865,10.78,0,-0.024,0.002,-0.035,-0.024,13.21,-1.5,0.7,100,0
"2025-11-15 00:00:00",109820,"",7999,2025,11,14,23,51,5,-0.0463,1.008,-0.025,-343795.2,0.958,-0.024,1.865,10.78,0,-0.024,0.002,-0.035,-0.024,13.21,-1.5,0.7,100,0
"2025-11-15 00:03:00",109821,"",7999,2025,11,14,23,57,5,0.0173,1.006,0.009,-343796.6,0.956,0.008,1.861,10.86,0,0.008,-0.003,-0.005,0,13.21,-1.5,0.7,100,0
"2025-11-15 00:06:00",109822,"",7999,2025,11,14,23,57,5,0.0173,1.006,0.009,-343796.6,0.956,0.008,1.861,10.86,0,0.008,-0.003,-0.005,0,13.21,-1.5,0.7,100,0
"2025-11-15 00:09:00",109823,"",7999,2025,11,15,0,3,5,0.0636,1.009,0.034,-343779.3,0.959,0.034,1.867,10.98,0,0.034,-0.001,0,0.024,13.21,-1.5,0.7,100,0
"2025-11-15 00:12:00",109824,"",7999,2025,11,15,0,3,5,0.0636,1.009,0.034,-343779.3,0.959,0.034,1.867,10.98,0,0.034,-0.001,0,0.024,13.21,-1.5,0.7,100,0
"2025-11-15 00:15:00",109825,"",7999,2025,11,15,0,9,5,0.1339,1.017,0.071,-343739.5,0.967,0.073,1.882,10.94,0,0.073,-0.005,0.06,0.021,13.21,-1.5,0.7,100,0
"2025-11-15 00:18:00",109826,"",7999,2025,11,15,0,9,5,0.1339,1.017,0.071,-343739.5,0.967,0.073,1.882,10.94,0,0.073,-0.005,0.06,0.021,13.21,-1.5,0.7,100,0
"2025-11-15 00:21:00",109827,"",7999,2025,11,15,0,15,5,0.0554,1.018,0.029,-343710.1,0.968,0.029,1.884,10.93,0,0.029,-0.002,0.035,0.005,13.21,-1.5,0.7,100,0
"2025-11-15 00:24:00",109828,"",7999,2025,11,15,0,15,5,0.0554,1.018,0.029,-343710.1,0.968,0.029,1.884,10.93,0,0.029,-0.002,0.035,0.005,13.21,-1.5,0.7,100,0
"2025-11-15 00:27:00",109829,"",7999,2025,11,15,0,21,5,-0.0544,1.012,-0.029,-343716.5,0.962,-0.029,1.872,10.83,0,-0.029,0.003,-0.035,-0.031,13.21,-1.5,0.7,100,0
"2025-11-15 00:30:00",109830,"",7999,2025,11,15,0,21,5,-0.0544,1.012,-0.029,-343716.5,0.962,-0.029,1.872,10.83,0,-0.029,0.003,-0.035,-0.031,13.21,-1.5,0.7,100,0
"2025-11-15 00:33:00",109831,"",7999,2025,11,15,0,27,5,0.0928,1.015,0.049,-343700.8,0.965,0.048,1.878,10.91,0,0.048,-0.005,0.049,0.028,13.21,-1.5,0.7,100,0
"2025-11-15 00:36:00",109832,"",7999,2025,11,15,0,27,5,0.0928,1.015,0.049,-343700.8,0.965,0.048,1.878,10.91,0,0.048,-0.005,0.049,0.028,13.21,-1.5,0.7,100,0
"2025-11-15 00:39:00",109833,"",7999,2025,11,15,0,33,5,-0.0104,1.016,-0.006,-343692.1,0.966,-0.006,1.88,10.9,0,-0.006,0.001,-0.002,-0.019,13.21,-1.5,0.7,100,0
"2025-11-15 00:42:00",109834,"",7999,2025,11,15,0,33,5,-0.0104,1.016,-0.006,-343692.1,0.966,-0.006,1.88,10.9,0,-0.006,0.001,-0.002,-0.019,13.21,-1.5,0.7,100,0
"2025-11-15 00:45:00",109835,"",7999,2025,11,15,0,39,5,-0.0453,1.009,-0.024,-343704.3,0.959,-0.024,1.866,10.82,0,-0.024,-0.005,-0.009,-0.043,13.21,-1.5,0.6,100,0
"2025-11-15 00:48:00",109836,"",7999,2025,11,15,0,39,5,-0.0453,1.009,-0.024,-343704.3,0.959,-0.024,1.866,10.82,0,-0.024,-0.005,-0.009,-0.043,13.21,-1.5,0.6,100,0
"2025-11-15 00:51:00",109837,"",7999,2025,11,15,0,45,5,0.1083,1.015,0.058,-343683.7,0.965,0.058,1.877,10.89,0,0.058,-0.006,0.063,0.021,13.21,-1.5,0.7,100,0
"2025-11-15 00:54:00",109838,"",7999,2025,11,15,0,45,5,0.1083,1.015,0.058,-343683.7,0.965,0.058,1.877,10.89,0,0.058,-0.006,0.063,0.021,13.21,-1.5,0.7,100,0
"2025-11-15 00:57:00",109839,"",7999,2025,11,15,0,51,5,-0.0112,1.012,-0.006,-343673.4,0.962,-0.006,1.873,10.87,0,-0.006,-0.003,-0.005,-0.028,13.21,-1.5,0.7,100,0
"2025-11-15 01:00:00",109840,"",7999,2025,11,15,0,51,5,-0.0112,1.012,-0.006,-343673.4,0.962,-0.006,1.873,10.87,0,-0.006,-0.003,-0.005,-0.028,13.21,-1.5,0.7,100,0
"2025-11-15 01:03:00",109841,"",7999,2025,11,15,0,57,5,0.1435,1.018,0.076,-343640.3,0.968,0.077,1.884,10.91,0,0.077,-0.008,0.033,0.024,13.21,-1.5,0.7,100,0
"2025-11-15 01:06:00",109842,"",7999,2025,11,15,0,57,5,0.1435,1.018,0.076,-343640.3,0.968,0.077,1.884,10.91,0,0.077,-0.008,0.033,0.024,13.21,-1.5,0.7,100,0
"2025-11-15 01:09:00",109843,"",7999,2025,11,15,1,3,5,0.0217,1.022,0.011,-343617.8,0.972,0.011,1.892,10.83,0,0.011,-0.003,0,-0.043,13.21,-1.5,0.7,100,0
"2025-11-15 01:12:00",109844,"",7999,2025,11,15,1,3,5,0.0217,1.022,0.011,-343617.8,0.972,0.011,1.892,10.83,0,0.011,-0.003,0,-0.043,13.21,-1.5,0.7,100,0
"2025-11-15 01:15:00",109845,"",7999,2025,11,15,1,9,5,0.0002,1.018,0,-343615.2,0.968,0,1.883,10.84,0,0,0.002,-0.012,-0.002,13.21,-1.5,0.7,100,0
"2025-11-15 01:18:00",109846,"",7999,2025,11,15,1,9,5,0.0002,1.018,0,-343615.2,0.968,0,1.883,10.84,0,0,0.002,-0.012,-0.002,13.21,-1.5,0.7,100,0
"2025-11-15 01:21:00",109847,"",7999,2025,11,15,1,15,5,0.1521,1.027,0.08,-343578.6,0.977,0.081,1.901,10.9,0,0.081,-0.009,0.063,0.031,13.21,-1.5,0.7,100,0
"2025-11-15 01:24:00",109848,"",7999,2025,11,15,1,15,5,0.1521,1.027,0.08,-343578.6,0.977,0.081,1.901,10.9,0,0.081,-0.009,0.063,0.031,13.21,-1.5,0.7,100,0
"2025-11-15 01:27:00",109849,"",7999,2025,11,15,1,21,5,-0.0664,1.024,-0.035,-343576.3,0.974,-0.035,1.894,10.96,0,-0.035,-0.006,-0.028,-0.054,13.21,-1.5,0.7,100,0
"2025-11-15 01:30:00",109850,"",7999,2025,11,15,1,21,5,-0.0664,1.024,-0.035,-343576.3,0.974,-0.035,1.894,10.96,0,-0.035,-0.006,-0.028,-0.054,13.21,-1.5,0.7,100,0
"2025-11-15 01:33:00",109851,"",7999,2025,11,15,1,27,5,0.0212,1.021,0.011,-343579.2,0.971,0.01,1.89,10.93,0,0.01,-0.002,0.019,0.009,13.21,-1.5,0.7,100,0
"2025-11-15 01:36:00",109852,"",7999,2025,11,15,1,27,5,0.0212,1.021,0.011,-343579.2,0.971,0.01,1.89,10.93,0,0.01,-0.002,0.019,0.009,13.21,-1.5,0.7,100,0
"2025-11-15 01:39:00",109853,"",7999,2025,11,15,1,33,5,-0.0035,1.024,-0.002,-343577.5,0.974,-0.001,1.894,10.99,0,-0.001,-0.006,-0.023,-0.031,13.21,-1.5,0.7,100,0
"2025-11-15 01:42:00",109854,"",7999,2025,11,15,1,33,5,-0.0035,1.024,-0.002,-343577.5,0.974,-0.001,1.894,10.99,0,-0.001,-0.006,-0.023,-0.031,13.21,-1.5,0.7,100,0
"2025-11-15 01:45:00",109855,"",7999,2025,11,15,1,39,5,-0.0653,1.019,-0.035,-343593.6,0.969,-0.034,1.885,10.95,0,-0.034,0,-0.028,-0.059,13.21,-1.5,0.7,100,0
"2025-11-15 01:48:00",109856,"",7999,2025,11,15,1,39,5,-0.0653,1.019,-0.035,-343593.6,0.969,-0.034,1.885,10.95,0,-0.034,0,-0.028,-0.059,13.21,-1.5,0.7,100,0
"2025-11-15 01:51:00",109857,"",7999,2025,11,15,1,45,5,0.0677,1.022,0.036,-343585.2,0.972,0.035,1.89,10.98,0,0.035,-0.005,0.023,0.019,13.21,-1.5,0.7,100,0
"2025-11-15 01:54:00",109858,"",7999,2025,11,15,1,45,5,0.0677,1.022,0.036,-343585.2,0.972,0.035,1.89,10.98,0,0.035,-0.005,0.023,0.019,13.21,-1.5,0.7,100,0
"2025-11-15 01:57:00",109859,"",7999,2025,11,15,1,51,5,-0.0761,1.017,-0.04,-343595.3,0.967,-0.04,1.881,10.98,0,-0.04,-0.001,-0.035,-0.064,13.21,-1.5,0.6,100,0
"2025-11-15 02:00:00",109860,"",7999,2025,11,15,1,51,5,-0.0761,1.017,-0.04,-343595.3,0.967,-0.04,1.881,10.98,0,-0.04,-0.001,-0.035,-0.064,13.21,-1.5,0.6,100,0
"2025-11-15 02:03:00",109861,"",7999,2025,11,15,1,57,5,-0.0408,1.011,-0.022,-343614.3,0.961,-0.022,1.87,10.86,0,-0.022,-0.003,-0.014,-0.019,13.21,-1.5,0.7,100,0
"2025-11-15 02:06:00",109862,"",7999,2025,11,15,1,57,5,-0.0408,1.011,-0.022,-343614.3,0.961,-0.022,1.87,10.86,0,-0.022,-0.003,-0.014,-0.019,13.21,-1.5,0.7,100,0
"2025-11-15 02:09:00",109863,"",7999,2025,11,15,2,3,5,-0.018,1.008,-0.01,-343623.5,0.958,-0.008,1.865,10.89,0,-0.008,0.003,-0.033,-0.019,13.21,-1.5,0.7,100,0
"2025-11-15 02:12:00",109864,"",7999,2025,11,15,2,3,5,-0.018,1.008,-0.01,-343623.5,0.958,-0.008,1.865,10.89,0,-0.008,0.003,-0.033,-0.019,13.21,-1.5,0.7,100,0
"2025-11-15 02:15:00",109865,"",7999,2025,11,15,2,9,5,-0.0935,1,-0.051,-343648.2,0.95,-0.051,1.85,10.81,0,-0.051,0.001,-0.028,-0.107,13.21,-1.5,0.7,100,0
"2025-11-15 02:18:00",109866,"",7999,2025,11,15,2,9,5,-0.0935,1,-0.051,-343648.2,0.95,-0.051,1.85,10.81,0,-0.051,0.001,-0.028,-0.107,13.21,-1.5,0.7,100,0
"2025-11-15 02:21:00",109867,"",7999,2025,11,15,2,15,5,-0.0565,0.995,-0.031,-343672.9,0.945,-0.03,1.84,10.72,0,-0.03,0.002,-0.019,-0.066,13.21,-1.5,0.7,100,0
"2025-11-15 02:24:00",109868,"",7999,2025,11,15,2,15,5,-0.0565,0.995,-0.031,-343672.9,0.945,-0.03,1.84,10.72,0,-0.03,0.002,-0.019,-0.066,13.21,-1.5,0.7,100,0
"2025-11-15 02:27:00",109869,"",7999,2025,11,15,2,21,5,-0.0371,0.993,-0.02,-343688.7,0.943,-0.019,1.837,10.76,0,-0.019,0.001,-0.023,-0.036,13.21,-1.5,0.6,100,0
"2025-11-15 02:30:00",109870,"",7999,2025,11,15,2,21,5,-0.0371,0.993,-0.02,-343688.7,0.943,-0.019,1.837,10.76,0,-0.019,0.001,-0.023,-0.036,13.21,-1.5,0.6,100,0
"2025-11-15 02:33:00",109871,"",7999,2025,11,15,2,27,5,-0.0474,0.988,-0.026,-343704.5,0.938,-0.025,1.829,10.68,0,-0.025,0.005,-0.002,-0.062,13.21,-1.5,0.6,100,0
"2025-11-15 02:36:00",109872,"",7999,2025,11,15,2,27,5,-0.0474,0.988,-0.026,-343704.5,0.938,-0.025,1.829,10.68,0,-0.025,0.005,-0.002,-0.062,13.21,-1.5,0.6,100,0
"2025-11-15 02:39:00",109873,"",7999,2025,11,15,2,33,5,-0.0406,0.98,-0.022,-343719.9,0.93,-0.022,1.813,10.63,0,-0.022,0.003,0,-0.033,13.21,-1.5,0.7,100,0
"2025-11-15 02:42:00",109874,"",7999,2025,11,15,2,33,5,-0.0406,0.98,-0.022,-343719.9,0.93,-0.022,1.813,10.63,0,-0.022,0.003,0,-0.033,13.21,-1.5,0.7,100,0
"2025-11-15 02:45:00",109875,"",7999,2025,11,15,2,39,5,-0.0597,0.979,-0.033,-343739.1,0.929,-0.031,1.811,10.58,0,-0.031,0.007,-0.028,-0.062,13.21,-1.5,0.7,100,0
"2025-11-15 02:48:00",109876,"",7999,2025,11,15,2,39,5,-0.0597,0.979,-0.033,-343739.1,0.929,-0.031,1.811,10.58,0,-0.031,0.007,-0.028,-0.062,13.21,-1.5,0.7,100,0
"2025-11-15 02:51:00",109877,"",7999,2025,11,15,2,45,5,0.0039,0.98,0.002,-343745.3,0.93,0.002,1.813,10.6,0,0.002,0.001,0.012,-0.005,13.21,-1.5,0.6,100,0
"2025-11-15 02:54:00",109878,"",7999,2025,11,15,2,45,5,0.0039,0.98,0.002,-343745.3,0.93,0.002,1.813,10.6,0,0.002,0.001,0.012,-0.005,13.21,-1.5,0.6,100,0
"2025-11-15 02:57:00",109879,"",7999,2025,11,15,2,51,5,-0.0426,0.98,-0.024,-343755.1,0.93,-0.022,1.813,10.72,0,-0.022,0,-0.049,-0.047,13.21,-1.5,0.6,100,0
"2025-11-15 03:00:00",109880,"",7999,2025,11,15,2,51,5,-0.0426,0.98,-0.024,-343755.1,0.93,-0.022,1.813,10.72,0,-0.022,0,-0.049,-0.047,13.21,-1.5,0.6,100,0
"2025-11-15 03:03:00",109881,"",7999,2025,11,15,2,57,5,-0.116,0.966,-0.065,-343788.1,0.916,-0.067,1.787,10.49,0,-0.067,-0.001,-0.04,-0.13,13.21,-1.5,0.6,100,0
"2025-11-15 03:06:00",109882,"",7999,2025,11,15,2,57,5,-0.116,0.966,-0.065,-343788.1,0.916,-0.067,1.787,10.49,0,-0.067,-0.001,-0.04,-0.13,13.21,-1.5,0.6,100,0
"2025-11-15 03:09:00",109883,"",7999,2025,11,15,3,3,5,-0.1222,0.954,-0.069,-343831.3,0.904,-0.07,1.766,10.43,0,-0.07,0.005,-0.046,-0.109,13.21,-1.5,0.7,100,0
"2025-11-15 03:12:00",109884,"",7999,2025,11,15,3,3,5,-0.1222,0.954,-0.069,-343831.3,0.904,-0.07,1.766,10.43,0,-0.07,0.005,-0.046,-0.109,13.21,-1.5,0.7,100,0
"2025-11-15 03:15:00",109885,"",7999,2025,11,15,3,9,5,-0.0887,0.945,-0.051,-343867.3,0.895,-0.051,1.75,10.37,0,-0.051,0.002,-0.023,-0.073,13.21,-1.5,0.6,100,0
"2025-11-15 03:18:00",109886,"",7999,2025,11,15,3,9,5,-0.0887,0.945,-0.051,-343867.3,0.895,-0.051,1.75,10.37,0,-0.051,0.002,-0.023,-0.073,13.21,-1.5,0.6,100,0
"2025-11-15 03:21:00",109887,"",7999,2025,11,15,3,15,5,0.0062,0.946,0.004,-343876.5,0.896,0.002,1.75,10.37,0,0.002,0.001,0.005,-0.002,13.21,-1.5,0.6,100,0
"2025-11-15 03:24:00",109888,"",7999,2025,11,15,3,15,5,0.0062,0.946,0.004,-343876.5,0.896,0.002,1.75,10.37,0,0.002,0.001,0.005,-0.002,13.21,-1.5,0.6,100,0
"2025-11-15 03:27:00",109889,"",7999,2025,11,15,3,21,5,-0.0396,0.945,-0.023,-343885.2,0.895,-0.022,1.749,10.42,0,-0.022,-0.001,-0.053,-0.024,13.21,-1.5,0.6,100,0
"2025-11-15 03:30:00",109890,"",7999,2025,11,15,3,21,5,-0.0396,0.945,-0.023,-343885.2,0.895,-0.022,1.749,10.42,0,-0.022,-0.001,-0.053,-0.024,13.21,-1.5,0.6,100,0
"2025-11-15 03:33:00",109891,"",7999,2025,11,15,3,27,5,-0.0391,0.94,-0.022,-343899.4,0.89,-0.022,1.74,10.36,0,-0.022,-0.003,-0.009,-0.033,13.21,-1.5,0.6,100,0
"2025-11-15 03:36:00",109892,"",7999,2025,11,15,3,27,5,-0.0391,0.94,-0.022,-343899.4,0.89,-0.022,1.74,10.36,0,-0.022,-0.003,-0.009,-0.033,13.21,-1.5,0.6,100,0
"2025-11-15 03:39:00",109893,"",7999,2025,11,15,3,33,5,-0.0283,0.937,-0.016,-343910.9,0.887,-0.016,1.734,10.31,0,-0.016,-0.004,-0.016,-0.019,13.21,-1.6,0.7,100,0
"2025-11-15 03:42:00",109894,"",7999,2025,11,15,3,33,5,-0.0283,0.937,-0.016,-343910.9,0.887,-0.016,1.734,10.31,0,-0.016,-0.004,-0.016,-0.019,13.21,-1.6,0.7,100,0
"2025-11-15 03:45:00",109895,"",7999,2025,11,15,3,39,5,-0.0428,0.931,-0.025,-343924.6,0.881,-0.024,1.722,10.23,0,-0.024,-0.004,-0.002,-0.024,13.21,-1.5,0.6,100,0
"2025-11-15 03:48:00",109896,"",7999,2025,11,15,3,39,5,-0.0428,0.931,-0.025,-343924.6,0.881,-0.024,1.722,10.23,0,-0.024,-0.004,-0.002,-0.024,13.21,-1.5,0.6,100,0
"2025-11-15 03:51:00",109897,"",7999,2025,11,15,3,45,5,-0.0243,0.927,-0.014,-343935.5,0.877,-0.013,1.715,10.22,0,-0.013,0,-0.012,-0.007,13.21,-1.5,0.6,100,0
"2025-11-15 03:54:00",109898,"",7999,2025,11,15,3,45,5,-0.0243,0.927,-0.014,-343935.5,0.877,-0.013,1.715,10.22,0,-0.013,0,-0.012,-0.007,13.21,-1.5,0.6,100,0
"2025-11-15 03:57:00",109899,"",7999,2025,11,15,3,51,5,-0.0073,0.925,-0.004,-343940.2,0.875,-0.004,1.712,10.23,0,-0.004,-0.001,-0.005,-0.017,13.21,-1.6,0.7,100,0
"2025-11-15 04:00:00",109900,"",7999,2025,11,15,3,51,5,-0.0073,0.925,-0.004,-343940.2,0.875,-0.004,1.712,10.23,0,-0.004,-0.001,-0.005,-0.017,13.21,-1.6,0.7,100,0
"2025-11-15 04:03:00",109901,"",7999,2025,11,15,3,57,5,-0.0663,0.915,-0.039,-343957,0.865,-0.039,1.693,10.18,0,-0.039,-0.005,-0.019,-0.054,13.21,-1.5,0.6,100,0
"2025-11-15 04:06:00",109902,"",7999,2025,11,15,3,57,5,-0.0663,0.915,-0.039,-343957,0.865,-0.039,1.693,10.18,0,-0.039,-0.005,-0.019,-0.054,13.21,-1.5,0.6,100,0
"2025-11-15 04:09:00",109903,"",7999,2025,11,15,4,3,5,-0.0198,0.911,-0.012,-343969.8,0.861,-0.01,1.686,10.15,0,-0.01,-0.001,-0.016,-0.014,13.21,-1.6,0.7,100,0
"2025-11-15 04:12:00",109904,"",7999,2025,11,15,4,3,5,-0.0198,0.911,-0.012,-343969.8,0.861,-0.01,1.686,10.15,0,-0.01,-0.001,-0.016,-0.014,13.21,-1.6,0.7,100,0
"2025-11-15 04:15:00",109905,"",7999,2025,11,15,4,9,5,-0.0614,0.904,-0.037,-343986.9,0.854,-0.036,1.673,10.15,0,-0.036,-0.002,-0.012,-0.052,13.21,-1.6,0.6,100,0
"2025-11-15 04:18:00",109906,"",7999,2025,11,15,4,9,5,-0.0614,0.904,-0.037,-343986.9,0.854,-0.036,1.673,10.15,0,-0.036,-0.002,-0.012,-0.052,13.21,-1.6,0.6,100,0
"2025-11-15 04:21:00",109907,"",7999,2025,11,15,4,15,5,-0.056,0.895,-0.034,-344007.7,0.845,-0.033,1.657,10.08,0,-0.033,-0.004,0.002,-0.052,13.21,-1.5,0.6,100,0
"2025-11-15 04:24:00",109908,"",7999,2025,11,15,4,15,5,-0.056,0.895,-0.034,-344007.7,0.845,-0.033,1.657,10.08,0,-0.033,-0.004,0.002,-0.052,13.21,-1.5,0.6,100,0
"2025-11-15 04:27:00",109909,"",7999,2025,11,15,4,21,5,-0.0692,0.89,-0.042,-344031.1,0.84,-0.042,1.646,10.11,0,-0.042,0,-0.042,-0.054,13.21,-1.6,0.6,100,0
"2025-11-15 04:30:00",109910,"",7999,2025,11,15,4,21,5,-0.0692,0.89,-0.042,-344031.1,0.84,-0.042,1.646,10.11,0,-0.042,0,-0.042,-0.054,13.21,-1.6,0.6,100,0
"2025-11-15 04:33:00",109911,"",7999,2025,11,15,4,27,5,-0.0627,0.883,-0.038,-344054.4,0.833,-0.039,1.633,10.07,0,-0.039,0.002,-0.03,-0.073,13.21,-1.6,0.6,100,0
"2025-11-15 04:36:00",109912,"",7999,2025,11,15,4,27,5,-0.0627,0.883,-0.038,-344054.4,0.833,-0.039,1.633,10.07,0,-0.039,0.002,-0.03,-0.073,13.21,-1.6,0.6,100,0
"2025-11-15 04:39:00",109913,"",7999,2025,11,15,4,33,5,-0.0596,0.877,-0.037,-344076.3,0.827,-0.036,1.624,10.03,0,-0.036,0.001,-0.028,-0.052,13.21,-1.5,0.6,100,0
"2025-11-15 04:42:00",109914,"",7999,2025,11,15,4,33,5,-0.0596,0.877,-0.037,-344076.3,0.827,-0.036,1.624,10.03,0,-0.036,0.001,-0.028,-0.052,13.21,-1.5,0.6,100,0
"2025-11-15 04:45:00",109915,"",7999,2025,11,15,4,39,5,-0.0216,0.874,-0.013,-344088.6,0.824,-0.012,1.617,10.02,0,-0.012,0.002,-0.005,-0.038,13.21,-1.6,0.6,100,0
"2025-11-15 04:48:00",109916,"",7999,2025,11,15,4,39,5,-0.0216,0.874,-0.013,-344088.6,0.824,-0.012,1.617,10.02,0,-0.012,0.002,-0.005,-0.038,13.21,-1.6,0.6,100,0
"2025-11-15 04:51:00",109917,"",7999,2025,11,15,4,45,5,-0.0707,0.861,-0.044,-344108.2,0.811,-0.045,1.593,9.96,0,-0.045,-0.005,-0.023,-0.052,13.21,-1.6,0.6,100,0
"2025-11-15 04:54:00",109918,"",7999,2025,11,15,4,45,5,-0.0707,0.861,-0.044,-344108.2,0.811,-0.045,1.593,9.96,0,-0.045,-0.005,-0.023,-0.052,13.21,-1.6,0.6,100,0
"2025-11-15 04:57:00",109919,"",7999,2025,11,15,4,51,5,-0.0718,0.851,-0.046,-344133.9,0.801,-0.045,1.574,9.93,0,-0.045,0.001,-0.016,-0.066,13.21,-1.6,0.6,100,0
"2025-11-15 05:00:00",109920,"",7999,2025,11,15,4,51,5,-0.0718,0.851,-0.046,-344133.9,0.801,-0.045,1.574,9.93,0,-0.045,0.001,-0.016,-0.066,13.21,-1.6,0.6,100,0
"2025-11-15 05:03:00",109921,"",7999,2025,11,15,4,57,5,-0.0883,0.844,-0.057,-344163.8,0.794,-0.057,1.562,9.95,0,-0.057,0.001,-0.026,-0.083,13.21,-1.6,0.6,100,0
"2025-11-15 05:06:00",109922,"",7999,2025,11,15,4,57,5,-0.0883,0.844,-0.057,-344163.8,0.794,-0.057,1.562,9.95,0,-0.057,0.001,-0.026,-0.083,13.21,-1.6,0.6,100,0
"2025-11-15 05:09:00",109923,"",7999,2025,11,15,5,3,5,-0.0486,0.838,-0.031,-344186,0.788,-0.03,1.551,9.92,0,-0.03,0.003,-0.026,-0.052,13.21,-1.6,0.6,100,0
"2025-11-15 05:12:00",109924,"",7999,2025,11,15,5,3,5,-0.0486,0.838,-0.031,-344186,0.788,-0.03,1.551,9.92,0,-0.03,0.003,-0.026,-0.052,13.21,-1.6,0.6,100,0
"2025-11-15 05:15:00",109925,"",7999,2025,11,15,5,9,5,0.0045,0.841,0.003,-344190.8,0.791,0.002,1.556,9.92,0,0.002,-0.001,-0.012,0,13.21,-1.6,0.6,100,0
"2025-11-15 05:18:00",109926,"",7999,2025,11,15,5,9,5,0.0045,0.841,0.003,-344190.8,0.791,0.002,1.556,9.92,0,0.002,-0.001,-0.012,0,13.21,-1.6,0.6,100,0
"2025-11-15 05:21:00",109927,"",7999,2025,11,15,5,15,5,0.0102,0.841,0.007,-344187.8,0.791,0.006,1.555,9.9,0,0.006,-0.001,0.005,0.014,13.21,-1.6,0.6,100,0
"2025-11-15 05:24:00",109928,"",7999,2025,11,15,5,15,5,0.0102,0.841,0.007,-344187.8,0.791,0.006,1.555,9.9,0,0.006,-0.001,0.005,0.014,13.21,-1.6,0.6,100,0
"2025-11-15 05:27:00",109929,"",7999,2025,11,15,5,21,5,-0.0005,0.836,0,-344186.7,0.786,0,1.547,9.93,0,0,0.004,-0.002,-0.017,13.21,-1.6,0.6,100,0
"2025-11-15 05:30:00",109930,"",7999,2025,11,15,5,21,5,-0.0005,0.836,0,-344186.7,0.786,0,1.547,9.93,0,0,0.004,-0.002,-0.017,13.21,-1.6,0.6,100,0
"2025-11-15 05:33:00",109931,"",7999,2025,11,15,5,27,5,-0.0318,0.831,-0.021,-344194.4,0.781,-0.018,1.538,9.92,0,-0.018,0.004,-0.012,-0.045,13.21,-1.6,0.6,100,0
"2025-11-15 05:36:00",109932,"",7999,2025,11,15,5,27,5,-0.0318,0.831,-0.021,-344194.4,0.781,-0.018,1.538,9.92,0,-0.018,0.004,-0.012,-0.045,13.21,-1.6,0.6,100,0
"2025-11-15 05:39:00",109933,"",7999,2025,11,15,5,33,5,-0.0635,0.824,-0.042,-344213.5,0.774,-0.041,1.525,9.9,0,-0.041,0.002,-0.014,-0.069,13.21,-1.6,0.6,100,0
"2025-11-15 05:42:00",109934,"",7999,2025,11,15,5,33,5,-0.0635,0.824,-0.042,-344213.5,0.774,-0.041,1.525,9.9,0,-0.041,0.002,-0.014,-0.069,13.21,-1.6,0.6,100,0
"2025-11-15 05:45:00",109935,"",7999,2025,11,15,5,39,5,-0.057,0.822,-0.037,-344234.8,0.772,-0.038,1.521,9.9,0,-0.038,0.001,-0.023,-0.052,13.21,-1.6,0.6,100,0
"2025-11-15 05:48:00",109936,"",7999,2025,11,15,5,39,5,-0.057,0.822,-0.037,-344234.8,0.772,-0.038,1.521,9.9,0,-0.038,0.001,-0.023,-0.052,13.21,-1.6,0.6,100,0
"2025-11-15 05:51:00",109937,"",7999,2025,11,15,5,45,5,-0.0295,0.824,-0.019,-344248.7,0.774,-0.018,1.526,9.91,0,-0.018,-0.002,-0.016,-0.026,13.21,-1.6,0.6,100,0
"2025-11-15 05:54:00",109938,"",7999,2025,11,15,5,45,5,-0.0295,0.824,-0.019,-344248.7,0.774,-0.018,1.526,9.91,0,-0.018,-0.002,-0.016,-0.026,13.21,-1.6,0.6,100,0
"2025-11-15 05:57:00",109939,"",7999,2025,11,15,5,51,5,0.0039,0.824,0.003,-344251.3,0.774,0.004,1.525,9.92,0,0.004,-0.002,-0.007,0,13.21,-1.6,0.6,100,0
"2025-11-15 06:00:00",109940,"",7999,2025,11,15,5,51,5,0.0039,0.824,0.003,-344251.3,0.774,0.004,1.525,9.92,0,0.004,-0.002,-0.007,0,13.21,-1.6,0.6,100,0
"2025-11-15 06:03:00",109941,"",7999,2025,11,15,5,57,5,0.0052,0.825,0.003,-344249.5,0.775,0.004,1.526,9.97,0,0.004,-0.003,0.009,0.002,13.21,-1.6,0.6,100,0
"2025-11-15 06:06:00",109942,"",7999,2025,11,15,5,57,5,0.0052,0.825,0.003,-344249.5,0.775,0.004,1.526,9.97,0,0.004,-0.003,0.009,0.002,13.21,-1.6,0.6,100,0
"2025-11-15 06:09:00",109943,"",7999,2025,11,15,6,3,5,-0.0349,0.818,-0.023,-344257.3,0.768,-0.022,1.513,10.01,0,-0.022,0.004,-0.016,-0.033,13.21,-1.6,0.6,100,0
"2025-11-15 06:12:00",109944,"",7999,2025,11,15,6,3,5,-0.0349,0.818,-0.023,-344257.3,0.768,-0.022,1.513,10.01,0,-0.022,0.004,-0.016,-0.033,13.21,-1.6,0.6,100,0
"2025-11-15 06:15:00",109945,"",7999,2025,11,15,6,9,5,-0.0243,0.811,-0.016,-344267.3,0.761,-0.014,1.501,9.97,0,-0.014,0.004,0.005,-0.033,13.21,-1.6,0.6,100,0
"2025-11-15 06:18:00",109946,"",7999,2025,11,15,6,9,5,-0.0243,0.811,-0.016,-344267.3,0.761,-0.014,1.501,9.97,0,-0.014,0.004,0.005,-0.033,13.21,-1.6,0.6,100,0
"2025-11-15 06:21:00",109947,"",7999,2025,11,15,6,15,5,-0.0437,0.805,-0.029,-344280.8,0.755,-0.029,1.489,9.98,0,-0.029,0.002,-0.002,-0.05,13.21,-1.6,0.6,100,0
"2025-11-15 06:24:00",109948,"",7999,2025,11,15,6,15,5,-0.0437,0.805,-0.029,-344280.8,0.755,-0.029,1.489,9.98,0,-0.029,0.002,-0.002,-0.05,13.21,-1.6,0.6,100,0
"2025-11-15 06:27:00",109949,"",7999,2025,11,15,6,21,5,-0.0462,0.798,-0.031,-344297.2,0.748,-0.031,1.477,9.92,0,-0.031,0.001,-0.014,-0.05,13.21,-1.6,0.6,100,0
"2025-11-15 06:30:00",109950,"",7999,2025,11,15,6,21,5,-0.0462,0.798,-0.031,-344297.2,0.748,-0.031,1.477,9.92,0,-0.031,0.001,-0.014,-0.05,13.21,-1.6,0.6,100,0
"2025-11-15 06:33:00",109951,"",7999,2025,11,15,6,27,5,-0.0257,0.794,-0.018,-344308.9,0.744,-0.016,1.469,9.92,0,-0.016,0.004,-0.009,-0.043,13.21,-1.6,0.6,100,0
"2025-11-15 06:36:00",109952,"",7999,2025,11,15,6,27,5,-0.0257,0.794,-0.018,-344308.9,0.744,-0.016,1.469,9.92,0,-0.016,0.004,-0.009,-0.043,13.21,-1.6,0.6,100,0
"2025-11-15 06:39:00",109953,"",7999,2025,11,15,6,33,5,-0.0314,0.791,-0.022,-344319.5,0.741,-0.021,1.463,9.95,0,-0.021,0.003,-0.019,-0.028,13.21,-1.6,0.6,100,0
"2025-11-15 06:42:00",109954,"",7999,2025,11,15,6,33,5,-0.0314,0.791,-0.022,-344319.5,0.741,-0.021,1.463,9.95,0,-0.021,0.003,-0.019,-0.028,13.21,-1.6,0.6,100,0
"2025-11-15 06:45:00",109955,"",7999,2025,11,15,6,39,5,-0.0402,0.787,-0.028,-344333,0.737,-0.027,1.456,9.96,0,-0.027,0.003,-0.021,-0.045,13.21,-1.6,0.6,100,0
"2025-11-15 06:48:00",109956,"",7999,2025,11,15,6,39,5,-0.0402,0.787,-0.028,-344333,0.737,-0.027,1.456,9.96,0,-0.027,0.003,-0.021,-0.045,13.21,-1.6,0.6,100,0
"2025-11-15 06:51:00",109957,"",7999,2025,11,15,6,45,5,-0.0408,0.785,-0.028,-344347.6,0.735,-0.028,1.452,10,0,-0.028,0.002,-0.042,-0.04,13.21,-1.6,0.6,100,0
"2025-11-15 06:54:00",109958,"",7999,2025,11,15,6,45,5,-0.0408,0.785,-0.028,-344347.6,0.735,-0.028,1.452,10,0,-0.028,0.002,-0.042,-0.04,13.21,-1.6,0.6,100,0
"2025-11-15 06:57:00",109959,"",7999,2025,11,15,6,51,5,-0.0232,0.783,-0.016,-344358.1,0.733,-0.016,1.448,10.04,0,-0.016,0.002,-0.023,-0.019,13.21,-1.6,0.6,100,0
"2025-11-15 07:00:00",109960,"",7999,2025,11,15,6,51,5,-0.0232,0.783,-0.016,-344358.1,0.733,-0.016,1.448,10.04,0,-0.016,0.002,-0.023,-0.019,13.21,-1.6,0.6,100,0
"2025-11-15 07:03:00",109961,"",7999,2025,11,15,6,57,5,0.002,0.786,0.001,-344360.4,0.736,0.001,1.455,10.05,0,0.001,-0.001,0.016,-0.002,13.21,-1.6,0.6,100,0
"2025-11-15 07:06:00",109962,"",7999,2025,11,15,6,57,5,0.002,0.786,0.001,-344360.4,0.736,0.001,1.455,10.05,0,0.001,-0.001,0.016,-0.002,13.21,-1.6,0.6,100,0
"2025-11-15 07:09:00",109963,"",7999,2025,11,15,7,3,5,0.0114,0.787,0.008,-344357.4,0.737,0.007,1.456,10.11,0,0.007,0,0,0,13.21,-1.6,0.6,100,0
"2025-11-15 07:12:00",109964,"",7999,2025,11,15,7,3,5,0.0114,0.787,0.008,-344357.4,0.737,0.007,1.456,10.11,0,0.007,0,0,0,13.21,-1.6,0.6,100,0
"2025-11-15 07:15:00",109965,"",7999,2025,11,15,7,9,5,0.0036,0.788,0.003,-344355.1,0.738,0.002,1.458,10.09,0,0.002,0,-0.019,-0.014,13.21,-1.6,0.6,100,0
"2025-11-15 07:18:00",109966,"",7999,2025,11,15,7,9,5,0.0036,0.788,0.003,-344355.1,0.738,0.002,1.458,10.09,0,0.002,0,-0.019,-0.014,13.21,-1.6,0.6,100,0
"2025-11-15 07:21:00",109967,"",7999,2025,11,15,7,15,5,-0.0001,0.79,0,-344354.7,0.74,0,1.462,10.14,0,0,0,-0.009,-0.019,13.21,-1.6,0.6,100,0
"2025-11-15 07:24:00",109968,"",7999,2025,11,15,7,15,5,-0.0001,0.79,0,-344354.7,0.74,0,1.462,10.14,0,0,0,-0.009,-0.019,13.21,-1.6,0.6,100,0
"2025-11-15 07:27:00",109969,"",7999,2025,11,15,7,21,5,-0.0108,0.793,-0.007,-344357.4,0.743,-0.006,1.468,10.21,0,-0.006,-0.002,-0.009,-0.014,13.21,-1.6,0.6,100,0
"2025-11-15 07:30:00",109970,"",7999,2025,11,15,7,21,5,-0.0108,0.793,-0.007,-344357.4,0.743,-0.006,1.468,10.21,0,-0.006,-0.002,-0.009,-0.014,13.21,-1.6,0.6,100,0
"2025-11-15 07:33:00",109971,"",7999,2025,11,15,7,27,5,0.0084,0.798,0.006,-344356.6,0.748,0.005,1.477,10.22,0,0.005,0,0.012,0,13.21,-1.6,0.6,100,0
"2025-11-15 07:36:00",109972,"",7999,2025,11,15,7,27,5,0.0084,0.798,0.006,-344356.6,0.748,0.005,1.477,10.22,0,0.005,0,0.012,0,13.21,-1.6,0.6,100,0
"2025-11-15 07:39:00",109973,"",7999,2025,11,15,7,33,5,0.0073,0.804,0.005,-344353.8,0.754,0.005,1.487,10.33,0,0.005,0,0.007,0,13.21,-1.6,0.6,100,0
"2025-11-15 07:42:00",109974,"",7999,2025,11,15,7,33,5,0.0073,0.804,0.005,-344353.8,0.754,0.005,1.487,10.33,0,0.005,0,0.007,0,13.21,-1.6,0.6,100,0
"2025-11-15 07:45:00",109975,"",7999,2025,11,15,7,39,5,-0.017,0.806,-0.011,-344357.1,0.756,-0.011,1.491,10.39,0,-0.011,-0.002,-0.012,-0.026,13.21,-1.6,0.6,100,0
"2025-11-15 07:48:00",109976,"",7999,2025,11,15,7,39,5,-0.017,0.806,-0.011,-344357.1,0.756,-0.011,1.491,10.39,0,-0.011,-0.002,-0.012,-0.026,13.21,-1.6,0.6,100,0
"2025-11-15 07:51:00",109977,"",7999,2025,11,15,7,45,5,-0.0257,0.805,-0.017,-344365.3,0.755,-0.017,1.49,10.44,0,-0.017,0,-0.023,-0.028,13.21,-1.6,0.6,100,0
"2025-11-15 07:54:00",109978,"",7999,2025,11,15,7,45,5,-0.0257,0.805,-0.017,-344365.3,0.755,-0.017,1.49,10.44,0,-0.017,0,-0.023,-0.028,13.21,-1.6,0.6,100,0
"2025-11-15 07:57:00",109979,"",7999,2025,11,15,7,51,5,-0.0109,0.807,-0.007,-344371,0.757,-0.007,1.493,10.36,0,-0.007,0,-0.016,-0.021,13.21,-1.6,0.6,100,0
"2025-11-15 08:00:00",109980,"",7999,2025,11,15,7,51,5,-0.0109,0.807,-0.007,-344371,0.757,-0.007,1.493,10.36,0,-0.007,0,-0.016,-0.021,13.21,-1.6,0.6,100,0
"2025-11-15 08:03:00",109981,"",7999,2025,11,15,7,57,5,-0.0077,0.81,-0.005,-344374.2,0.76,-0.004,1.499,10.38,0,-0.004,-0.001,-0.002,-0.019,13.21,-1.6,0.6,100,0
"2025-11-15 08:06:00",109982,"",7999,2025,11,15,7,57,5,-0.0077,0.81,-0.005,-344374.2,0.76,-0.004,1.499,10.38,0,-0.004,-0.001,-0.002,-0.019,13.21,-1.6,0.6,100,0
"2025-11-15 08:09:00",109983,"",7999,2025,11,15,8,3,5,0.0084,0.812,0.006,-344373.1,0.762,0.005,1.503,10.43,0,0.005,0.001,-0.002,0.002,13.21,-1.6,0.6,100,0
"2025-11-15 08:12:00",109984,"",7999,2025,11,15,8,3,5,0.0084,0.812,0.006,-344373.1,0.762,0.005,1.503,10.43,0,0.005,0.001,-0.002,0.002,13.21,-1.6,0.6,100,0
"2025-11-15 08:15:00",109985,"",7999,2025,11,15,8,9,5,0.0034,0.814,0.002,-344371.2,0.764,0.002,1.507,10.51,0,0.002,0,-0.012,-0.005,13.21,-1.6,0.6,100,0
"2025-11-15 08:18:00",109986,"",7999,2025,11,15,8,9,5,0.0034,0.814,0.002,-344371.2,0.764,0.002,1.507,10.51,0,0.002,0,-0.012,-0.005,13.21,-1.6,0.6,100,0
"2025-11-15 08:21:00",109987,"",7999,2025,11,15,8,15,5,-0.004,0.816,-0.003,-344371.8,0.766,-0.002,1.509,10.58,0,-0.002,-0.001,-0.005,-0.024,13.21,-1.6,0.6,100,0
"2025-11-15 08:24:00",109988,"",7999,2025,11,15,8,15,5,-0.004,0.816,-0.003,-344371.8,0.766,-0.002,1.509,10.58,0,-0.002,-0.001,-0.005,-0.024,13.21,-1.6,0.6,100,0
"2025-11-15 08:27:00",109989,"",7999,2025,11,15,8,21,5,0.0068,0.818,0.005,-344370.6,0.768,0.004,1.514,10.63,0,0.004,0.001,0.026,-0.002,13.21,-1.6,0.6,100,0
"2025-11-15 08:30:00",109990,"",7999,2025,11,15,8,21,5,0.0068,0.818,0.005,-344370.6,0.768,0.004,1.514,10.63,0,0.004,0.001,0.026,-0.002,13.21,-1.6,0.6,100,0
"2025-11-15 08:33:00",109991,"",7999,2025,11,15,8,27,5,-0.0026,0.818,-0.002,-344370.4,0.768,-0.001,1.513,10.64,0,-0.001,-0.001,-0.007,-0.009,13.21,-1.6,0.6,100,0
"2025-11-15 08:36:00",109992,"",7999,2025,11,15,8,27,5,-0.0026,0.818,-0.002,-344370.4,0.768,-0.001,1.513,10.64,0,-0.001,-0.001,-0.007,-0.009,13.21,-1.6,0.6,100,0
"2025-11-15 08:39:00",109993,"",7999,2025,11,15,8,33,5,-0.0069,0.816,-0.005,-344372.4,0.766,-0.004,1.51,10.65,0,-0.004,-0.001,-0.021,-0.026,13.21,-1.6,0.6,100,0
"2025-11-15 08:42:00",109994,"",7999,2025,11,15,8,33,5,-0.0069,0.816,-0.005,-344372.4,0.766,-0.004,1.51,10.65,0,-0.004,-0.001,-0.021,-0.026,13.21,-1.6,0.6,100,0
"2025-11-15 08:45:00",109995,"",7999,2025,11,15,8,39,5,0.0044,0.819,0.003,-344372.2,0.769,0.002,1.515,10.71,0,0.002,0,-0.019,-0.007,13.21,-1.6,0.6,100,0
"2025-11-15 08:48:00",109996,"",7999,2025,11,15,8,39,5,0.0044,0.819,0.003,-344372.2,0.769,0.002,1.515,10.71,0,0.002,0,-0.019,-0.007,13.21,-1.6,0.6,100,0
"2025-11-15 08:51:00",109997,"",7999,2025,11,15,8,45,5,0.0092,0.825,0.006,-344369.4,0.775,0.006,1.527,10.64,0,0.006,-0.001,-0.012,0.005,13.21,-1.6,0.6,100,0
"2025-11-15 08:54:00",109998,"",7999,2025,11,15,8,45,5,0.0092,0.825,0.006,-344369.4,0.775,0.006,1.527,10.64,0,0.006,-0.001,-0.012,0.005,13.21,-1.6,0.6,100,0
"2025-11-15 08:57:00",109999,"",7999,2025,11,15,8,51,5,0.0154,0.831,0.01,-344364.7,0.781,0.01,1.538,10.68,0,0.01,0,-0.005,-0.005,13.21,-1.6,0.6,100,0
"2025-11-15 09:00:00",110000,"",7999,2025,11,15,8,51,5,0.0154,0.831,0.01,-344364.7,0.781,0.01,1.538,10.68,0,0.01,0,-0.005,-0.005,13.21,-1.6,0.6,100,0
"2025-11-15 09:03:00",110001,"",7999,2025,11,15,8,57,5,0.0524,0.84,0.034,-344350.2,0.79,0.033,1.555,10.72,0,0.033,0.004,0,0.017,13.21,-1.6,0.6,100,0
"2025-11-15 09:06:00",110002,"",7999,2025,11,15,8,57,5,0.0524,0.84,0.034,-344350.2,0.79,0.033,1.555,10.72,0,0.033,0.004,0,0.017,13.21,-1.6,0.6,100,0
"2025-11-15 09:09:00",110003,"",7999,2025,11,15,9,3,5,0.0233,0.848,0.015,-344338.3,0.798,0.015,1.568,10.75,0,0.015,0,0.002,0.012,13.21,-1.6,0.6,100,0
"2025-11-15 09:12:00",110004,"",7999,2025,11,15,9,3,5,0.0233,0.848,0.015,-344338.3,0.798,0.015,1.568,10.75,0,0.015,0,0.002,0.012,13.21,-1.6,0.6,100,0
"2025-11-15 09:15:00",110005,"",7999,2025,11,15,9,9,5,0.02,0.852,0.013,-344330.7,0.802,0.012,1.576,10.71,0,0.012,-0.002,0,0.002,13.21,-1.6,0.6,100,0
"2025-11-15 09:18:00",110006,"",7999,2025,11,15,9,9,5,0.02,0.852,0.013,-344330.7,0.802,0.012,1.576,10.71,0,0.012,-0.002,0,0.002,13.21,-1.6,0.6,100,0
"2025-11-15 09:21:00",110007,"",7999,2025,11,15,9,15,5,0.0192,0.855,0.012,-344323.7,0.805,0.011,1.582,10.71,0,0.011,-0.001,0,0.017,13.21,-1.6,0.6,100,0
"2025-11-15 09:24:00",110008,"",7999,2025,11,15,9,15,5,0.0192,0.855,0.012,-344323.7,0.805,0.011,1.582,10.71,0,0.011,-0.001,0,0.017,13.21,-1.6,0.6,100,0
"2025-11-15 09:27:00",110009,"",7999,2025,11,15,9,21,5,0.0135,0.859,0.009,-344318.1,0.809,0.007,1.589,10.7,0,0.007,0.001,0.007,0.005,13.21,-1.6,0.6,100,0
"2025-11-15 09:30:00",110010,"",7999,2025,11,15,9,21,5,0.0135,0.859,0.009,-344318.1,0.809,0.007,1.589,10.7,0,0.007,0.001,0.007,0.005,13.21,-1.6,0.6,100,0
"2025-11-15 09:33:00",110011,"",7999,2025,11,15,9,27,5,0.0183,0.861,0.012,-344312.1,0.811,0.011,1.593,10.66,0,0.011,-0.001,0,0.014,13.21,-1.6,0.6,100,0
"2025-11-15 09:36:00",110012,"",7999,2025,11,15,9,27,5,0.0183,0.861,0.012,-344312.1,0.811,0.011,1.593,10.66,0,0.011,-0.001,0,0.014,13.21,-1.6,0.6,100,0
"2025-11-15 09:39:00",110013,"",7999,2025,11,15,9,33,5,0.0219,0.869,0.014,-344304.6,0.819,0.012,1.607,10.64,0,0.012,0,0.014,0.019,13.21,-1.6,0.6,100,0
"2025-11-15 09:42:00",110014,"",7999,2025,11,15,9,33,5,0.0219,0.869,0.014,-344304.6,0.819,0.012,1.607,10.64,0,0.012,0,0.014,0.019,13.21,-1.6,0.6,100,0
"2025-11-15 09:45:00",110015,"",7999,2025,11,15,9,39,5,0.0376,0.876,0.023,-344292.9,0.826,0.022,1.621,10.63,0,0.022,-0.001,0.005,0.021,13.21,-1.6,0.6,100,0
"2025-11-15 09:48:00",110016,"",7999,2025,11,15,9,39,5,0.0376,0.876,0.023,-344292.9,0.826,0.022,1.621,10.63,0,0.022,-0.001,0.005,0.021,13.21,-1.6,0.6,100,0
"2025-11-15 09:51:00",110017,"",7999,2025,11,15,9,45,5,0.0545,0.883,0.033,-344275.3,0.833,0.033,1.634,10.66,0,0.033,-0.001,0.028,0.024,13.21,-1.6,0.6,100,0
"2025-11-15 09:54:00",110018,"",7999,2025,11,15,9,45,5,0.0545,0.883,0.033,-344275.3,0.833,0.033,1.634,10.66,0,0.033,-0.001,0.028,0.024,13.21,-1.6,0.6,100,0
"2025-11-15 09:57:00",110019,"",7999,2025,11,15,9,51,5,0.0445,0.891,0.027,-344258.1,0.841,0.027,1.65,10.7,0,0.027,0,0.016,0.019,13.21,-1.6,0.6,100,0
"2025-11-15 10:00:00",110020,"",7999,2025,11,15,9,51,5,0.0445,0.891,0.027,-344258.1,0.841,0.027,1.65,10.7,0,0.027,0,0.016,0.019,13.21,-1.6,0.6,100,0
"2025-11-15 10:03:00",110021,"",7999,2025,11,15,9,57,5,0.0325,0.897,0.02,-344244.9,0.847,0.019,1.661,10.75,0,0.019,0,0.019,0.012,13.21,-1.6,0.6,100,0
"2025-11-15 10:06:00",110022,"",7999,2025,11,15,9,57,5,0.0325,0.897,0.02,-344244.9,0.847,0.019,1.661,10.75,0,0.019,0,0.019,0.012,13.21,-1.6,0.6,100,0
"2025-11-15 10:09:00",110023,"",7999,2025,11,15,10,3,5,0.0487,0.901,0.029,-344229.3,0.851,0.029,1.667,10.78,0,0.029,-0.001,0.009,0.002,13.21,-1.6,0.6,100,0
"2025-11-15 10:12:00",110024,"",7999,2025,11,15,10,3,5,0.0487,0.901,0.029,-344229.3,0.851,0.029,1.667,10.78,0,0.029,-0.001,0.009,0.002,13.21,-1.6,0.6,100,0
"2025-11-15 10:15:00",110025,"",7999,2025,11,15,10,9,5,0.0574,0.91,0.034,-344209.7,0.86,0.034,1.685,10.78,0,0.034,-0.003,0.023,0.012,13.22,-1.6,0.6,100,0
"2025-11-15 10:18:00",110026,"",7999,2025,11,15,10,9,5,0.0574,0.91,0.034,-344209.7,0.86,0.034,1.685,10.78,0,0.034,-0.003,0.023,0.012,13.22,-1.6,0.6,100,0
"2025-11-15 10:21:00",110027,"",7999,2025,11,15,10,15,5,0.0245,0.911,0.015,-344196.9,0.861,0.013,1.685,10.83,0,0.013,-0.001,0,0.021,13.22,-1.6,0.6,100,0
"2025-11-15 10:24:00",110028,"",7999,2025,11,15,10,15,5,0.0245,0.911,0.015,-344196.9,0.861,0.013,1.685,10.83,0,0.013,-0.001,0,0.021,13.22,-1.6,0.6,100,0
"2025-11-15 10:27:00",110029,"",7999,2025,11,15,10,21,5,0.0256,0.918,0.015,-344187.8,0.868,0.015,1.699,10.91,0,0.015,-0.002,0.016,0.012,13.21,-1.6,0.6,100,0
"2025-11-15 10:30:00",110030,"",7999,2025,11,15,10,21,5,0.0256,0.918,0.015,-344187.8,0.868,0.015,1.699,10.91,0,0.015,-0.002,0.016,0.012,13.21,-1.6,0.6,100,0
"2025-11-15 10:33:00",110031,"",7999,2025,11,15,10,27,5,0.0123,0.921,0.007,-344181.7,0.871,0.006,1.705,10.95,0,0.006,-0.001,0.005,0.002,13.22,-1.6,0.6,100,0
"2025-11-15 10:36:00",110032,"",7999,2025,11,15,10,27,5,0.0123,0.921,0.007,-344181.7,0.871,0.006,1.705,10.95,0,0.006,-0.001,0.005,0.002,13.22,-1.6,0.6,100,0
"2025-11-15 10:39:00",110033,"",7999,2025,11,15,10,33,5,0.0037,0.925,0.002,-344179.3,0.875,0.001,1.711,11,0,0.001,0.001,-0.007,0.017,13.21,-1.6,0.6,100,0
"2025-11-15 10:42:00",110034,"",7999,2025,11,15,10,33,5,0.0037,0.925,0.002,-344179.3,0.875,0.001,1.711,11,0,0.001,0.001,-0.007,0.017,13.21,-1.6,0.6,100,0
"2025-11-15 10:45:00",110035,"",7999,2025,11,15,10,39,5,0.043,0.93,0.025,-344168.5,0.88,0.024,1.72,11.03,0,0.024,0.001,0.007,0.005,13.22,-1.6,0.6,100,0
"2025-11-15 10:48:00",110036,"",7999,2025,11,15,10,39,5,0.043,0.93,0.025,-344168.5,0.88,0.024,1.72,11.03,0,0.024,0.001,0.007,0.005,13.22,-1.6,0.6,100,0
"2025-11-15 10:51:00",110037,"",7999,2025,11,15,10,45,5,-0.0057,0.935,-0.003,-344164.8,0.885,-0.002,1.73,11.03,0,-0.002,-0.001,-0.002,-0.024,13.22,-1.6,0.6,100,0
"2025-11-15 10:54:00",110038,"",7999,2025,11,15,10,45,5,-0.0057,0.935,-0.003,-344164.8,0.885,-0.002,1.73,11.03,0,-0.002,-0.001,-0.002,-0.024,13.22,-1.6,0.6,100,0
"2025-11-15 10:57:00",110039,"",7999,2025,11,15,10,51,5,-0.0072,0.936,-0.004,-344167.2,0.886,-0.002,1.731,11.09,0,-0.002,0,-0.014,-0.007,13.22,-1.6,0.6,100,0
"2025-11-15 11:00:00",110040,"",7999,2025,11,15,10,51,5,-0.0072,0.936,-0.004,-344167.2,0.886,-0.002,1.731,11.09,0,-0.002,0,-0.014,-0.007,13.22,-1.6,0.6,100,0
"2025-11-15 11:03:00",110041,"",7999,2025,11,15,10,57,5,0.0183,0.932,0.011,-344163.6,0.882,0.008,1.725,11.09,0,0.008,0.001,0.014,-0.005,13.22,-1.6,0.6,100,0
"2025-11-15 11:06:00",110042,"",7999,2025,11,15,10,57,5,0.0183,0.932,0.011,-344163.6,0.882,0.008,1.725,11.09,0,0.008,0.001,0.014,-0.005,13.22,-1.6,0.6,100,0
"2025-11-15 11:09:00",110043,"",7999,2025,11,15,11,3,5,0.0255,0.945,0.015,-344155.3,0.895,0.013,1.748,11.09,0,0.013,-0.002,-0.002,0,13.22,-1.6,0.6,100,0
"2025-11-15 11:12:00",110044,"",7999,2025,11,15,11,3,5,0.0255,0.945,0.015,-344155.3,0.895,0.013,1.748,11.09,0,0.013,-0.002,-0.002,0,13.22,-1.6,0.6,100,0
"2025-11-15 11:15:00",110045,"",7999,2025,11,15,11,9,5,0.0656,0.938,0.038,-344136.5,0.888,0.038,1.736,11.09,0,0.038,-0.001,0.023,-0.002,13.22,-1.6,0.6,100,0
"2025-11-15 11:18:00",110046,"",7999,2025,11,15,11,9,5,0.0656,0.938,0.038,-344136.5,0.888,0.038,1.736,11.09,0,0.038,-0.001,0.023,-0.002,13.22,-1.6,0.6,100,0
"2025-11-15 11:21:00",110047,"",7999,2025,11,15,11,15,5,0.0102,0.954,0.006,-344126.2,0.904,0.004,1.765,11.06,0,0.004,-0.001,0.005,-0.012,13.22,-1.6,0.6,100,0
"2025-11-15 11:24:00",110048,"",7999,2025,11,15,11,15,5,0.0102,0.954,0.006,-344126.2,0.904,0.004,1.765,11.06,0,0.004,-0.001,0.005,-0.012,13.22,-1.6,0.6,100,0
"2025-11-15 11:27:00",110049,"",7999,2025,11,15,11,21,5,0.0538,0.953,0.031,-344112,0.903,0.03,1.763,11.14,0,0.03,-0.001,0.012,0.017,13.22,-1.6,0.6,100,0
"2025-11-15 11:30:00",110050,"",7999,2025,11,15,11,21,5,0.0538,0.953,0.031,-344112,0.903,0.03,1.763,11.14,0,0.03,-0.001,0.012,0.017,13.22,-1.6,0.6,100,0
"2025-11-15 11:33:00",110051,"",7999,2025,11,15,11,27,5,0.0821,0.967,0.046,-344085.8,0.917,0.046,1.79,11.09,0,0.046,-0.002,0.028,0.012,13.22,-1.6,0.6,100,0
"2025-11-15 11:36:00",110052,"",7999,2025,11,15,11,27,5,0.0821,0.967,0.046,-344085.8,0.917,0.046,1.79,11.09,0,0.046,-0.002,0.028,0.012,13.22,-1.6,0.6,100,0
"2025-11-15 11:39:00",110053,"",7999,2025,11,15,11,33,5,-0.0064,0.972,-0.004,-344077.5,0.922,-0.004,1.798,11.11,0,-0.004,0.002,-0.009,-0.026,13.22,-1.6,0.6,100,0
"2025-11-15 11:42:00",110054,"",7999,2025,11,15,11,33,5,-0.0064,0.972,-0.004,-344077.5,0.922,-0.004,1.798,11.11,0,-0.004,0.002,-0.009,-0.026,13.22,-1.6,0.6,100,0
"2025-11-15 11:45:00",110055,"",7999,2025,11,15,11,39,5,0.0314,0.972,0.017,-344070.7,0.922,0.017,1.798,11.2,0,0.017,-0.002,-0.002,0.021,13.22,-1.6,0.6,100,0
"2025-11-15 11:48:00",110056,"",7999,2025,11,15,11,39,5,0.0314,0.972,0.017,-344070.7,0.922,0.017,1.798,11.2,0,0.017,-0.002,-0.002,0.021,13.22,-1.6,0.6,100,0
"2025-11-15 11:51:00",110057,"",7999,2025,11,15,11,45,5,0.0231,0.978,0.013,-344061.4,0.928,0.012,1.809,11.21,0,0.012,0,0.026,-0.005,13.22,-1.6,0.7,100,0
"2025-11-15 11:54:00",110058,"",7999,2025,11,15,11,45,5,0.0231,0.978,0.013,-344061.4,0.928,0.012,1.809,11.21,0,0.012,0,0.026,-0.005,13.22,-1.6,0.7,100,0
"2025-11-15 11:57:00",110059,"",7999,2025,11,15,11,51,5,0.0108,0.978,0.006,-344056,0.928,0.006,1.81,11.25,0,0.006,-0.003,0,0.005,13.22,-1.6,0.7,100,0
"2025-11-15 12:00:00",110060,"",7999,2025,11,15,11,51,5,0.0108,0.978,0.006,-344056,0.928,0.006,1.81,11.25,0,0.006,-0.003,0,0.005,13.22,-1.6,0.7,100,0
"2025-11-15 12:03:00",110061,"",7999,2025,11,15,11,57,5,0.0316,0.982,0.017,-344047.1,0.932,0.016,1.817,11.31,0,0.016,-0.002,0.016,-0.017,13.22,-1.6,0.7,100,0
"2025-11-15 12:06:00",110062,"",7999,2025,11,15,11,57,5,0.0316,0.982,0.017,-344047.1,0.932,0.016,1.817,11.31,0,0.016,-0.002,0.016,-0.017,13.22,-1.6,0.7,100,0
"2025-11-15 12:09:00",110063,"",7999,2025,11,15,12,3,5,-0.0241,0.982,-0.013,-344049.1,0.932,-0.013,1.817,11.35,0,-0.013,-0.002,0,-0.028,13.22,-1.6,0.7,100,0
"2025-11-15 12:12:00",110064,"",7999,2025,11,15,12,3,5,-0.0241,0.982,-0.013,-344049.1,0.932,-0.013,1.817,11.35,0,-0.013,-0.002,0,-0.028,13.22,-1.6,0.7,100,0
"2025-11-15 12:15:00",110065,"",7999,2025,11,15,12,9,5,0.0031,0.981,0.002,-344051.3,0.931,0.002,1.816,11.37,0,0.002,-0.006,0.002,0.005,13.22,-1.6,0.7,100,0
"2025-11-15 12:18:00",110066,"",7999,2025,11,15,12,9,5,0.0031,0.981,0.002,-344051.3,0.931,0.002,1.816,11.37,0,0.002,-0.006,0.002,0.005,13.22,-1.6,0.7,100,0
"2025-11-15 12:21:00",110067,"",7999,2025,11,15,12,15,5,0.0729,0.99,0.04,-344033.4,0.94,0.039,1.833,11.34,0,0.039,0,0.03,-0.014,13.22,-1.6,0.7,100,0
"2025-11-15 12:24:00",110068,"",7999,2025,11,15,12,15,5,0.0729,0.99,0.04,-344033.4,0.94,0.039,1.833,11.34,0,0.039,0,0.03,-0.014,13.22,-1.6,0.7,100,0
"2025-11-15 12:27:00",110069,"",7999,2025,11,15,12,21,5,0.0346,0.996,0.019,-344016.3,0.946,0.018,1.842,11.39,0,0.018,0,0.035,-0.014,13.22,-1.6,0.7,100,0
"2025-11-15 12:30:00",110070,"",7999,2025,11,15,12,21,5,0.0346,0.996,0.019,-344016.3,0.946,0.018,1.842,11.39,0,0.018,0,0.035,-0.014,13.22,-1.6,0.7,100,0
"2025-11-15 12:33:00",110071,"",7999,2025,11,15,12,27,5,0.0712,0.998,0.039,-343995,0.948,0.037,1.847,11.49,0,0.037,-0.004,0.04,0.028,13.22,-1.6,0.7,100,0
"2025-11-15 12:36:00",110072,"",7999,2025,11,15,12,27,5,0.0712,0.998,0.039,-343995,0.948,0.037,1.847,11.49,0,0.037,-0.004,0.04,0.028,13.22,-1.6,0.7,100,0
"2025-11-15 12:39:00",110073,"",7999,2025,11,15,12,33,5,0.072,1.004,0.039,-343969.2,0.954,0.037,1.857,11.53,0,0.037,-0.003,0.046,-0.002,13.22,-1.6,0.7,100,0
"2025-11-15 12:42:00",110074,"",7999,2025,11,15,12,33,5,0.072,1.004,0.039,-343969.2,0.954,0.037,1.857,11.53,0,0.037,-0.003,0.046,-0.002,13.22,-1.6,0.7,100,0
"2025-11-15 12:45:00",110075,"",7999,2025,11,15,12,39,5,0.0105,1.002,0.006,-343958,0.952,0.005,1.855,11.62,0,0.005,-0.001,0.012,-0.005,13.22,-1.6,0.7,100,0
"2025-11-15 12:48:00",110076,"",7999,2025,11,15,12,39,5,0.0105,1.002,0.006,-343958,0.952,0.005,1.855,11.62,0,0.005,-0.001,0.012,-0.005,13.22,-1.6,0.7,100,0
"2025-11-15 12:51:00",110077,"",7999,2025,11,15,12,45,5,0.0925,1.007,0.05,-343934.5,0.957,0.05,1.864,11.66,0,0.05,0,0.056,0.009,13.22,-1.6,0.7,100,0
"2025-11-15 12:54:00",110078,"",7999,2025,11,15,12,45,5,0.0925,1.007,0.05,-343934.5,0.957,0.05,1.864,11.66,0,0.05,0,0.056,0.009,13.22,-1.6,0.7,100,0
"2025-11-15 12:57:00",110079,"",7999,2025,11,15,12,51,5,0.029,1.01,0.016,-343916.5,0.96,0.015,1.869,11.68,0,0.015,-0.001,0,0,13.22,-1.6,0.7,100,0
"2025-11-15 13:00:00",110080,"",7999,2025,11,15,12,51,5,0.029,1.01,0.016,-343916.5,0.96,0.015,1.869,11.68,0,0.015,-0.001,0,0,13.22,-1.6,0.7,100,0
"2025-11-15 13:03:00",110081,"",7999,2025,11,15,12,57,5,0.0403,1.009,0.022,-343903.3,0.959,0.022,1.868,11.78,0,0.022,-0.001,0.012,0.024,13.22,-1.6,0.7,100,0
"2025-11-15 13:06:00",110082,"",7999,2025,11,15,12,57,5,0.0403,1.009,0.022,-343903.3,0.959,0.022,1.868,11.78,0,0.022,-0.001,0.012,0.024,13.22,-1.6,0.7,100,0
"2025-11-15 13:09:00",110083,"",7999,2025,11,15,13,3,5,0.132,1.018,0.07,-343866.8,0.968,0.07,1.884,11.7,0,0.07,-0.005,0.06,0.012,13.22,-1.6,0.7,100,0
"2025-11-15 13:12:00",110084,"",7999,2025,11,15,13,3,5,0.132,1.018,0.07,-343866.8,0.968,0.07,1.884,11.7,0,0.07,-0.005,0.06,0.012,13.22,-1.6,0.7,100,0
"2025-11-15 13:15:00",110085,"",7999,2025,11,15,13,9,5,0.0077,1.017,0.004,-343849.1,0.967,0.005,1.883,11.68,0,0.005,-0.003,-0.016,-0.005,13.22,-1.6,0.7,100,0
"2025-11-15 13:18:00",110086,"",7999,2025,11,15,13,9,5,0.0077,1.017,0.004,-343849.1,0.967,0.005,1.883,11.68,0,0.005,-0.003,-0.016,-0.005,13.22,-1.6,0.7,100,0
"2025-11-15 13:21:00",110087,"",7999,2025,11,15,13,15,5,0.0332,1.015,0.018,-343840.2,0.965,0.017,1.878,11.65,0,0.017,-0.002,-0.002,0.017,13.22,-1.6,0.7,100,0
"2025-11-15 13:24:00",110088,"",7999,2025,11,15,13,15,5,0.0332,1.015,0.018,-343840.2,0.965,0.017,1.878,11.65,0,0.017,-0.002,-0.002,0.017,13.22,-1.6,0.7,100,0
"2025-11-15 13:27:00",110089,"",7999,2025,11,15,13,21,5,0.0127,1.015,0.007,-343833.1,0.965,0.006,1.879,11.75,0,0.006,-0.001,-0.014,0.005,13.22,-1.6,0.7,100,0
"2025-11-15 13:30:00",110090,"",7999,2025,11,15,13,21,5,0.0127,1.015,0.007,-343833.1,0.965,0.006,1.879,11.75,0,0.006,-0.001,-0.014,0.005,13.22,-1.6,0.7,100,0
"2025-11-15 13:33:00",110091,"",7999,2025,11,15,13,27,5,-0.1209,1.007,-0.065,-343860.6,0.957,-0.067,1.864,11.67,0,-0.067,-0.001,-0.072,-0.104,13.22,-1.6,0.7,100,0
"2025-11-15 13:36:00",110092,"",7999,2025,11,15,13,27,5,-0.1209,1.007,-0.065,-343860.6,0.957,-0.067,1.864,11.67,0,-0.067,-0.001,-0.072,-0.104,13.22,-1.6,0.7,100,0
"2025-11-15 13:39:00",110093,"",7999,2025,11,15,13,33,5,0.0018,1.004,0.001,-343874.7,0.954,0,1.858,11.56,0,0,0,-0.007,-0.007,13.22,-1.6,0.7,100,0
"2025-11-15 13:42:00",110094,"",7999,2025,11,15,13,33,5,0.0018,1.004,0.001,-343874.7,0.954,0,1.858,11.56,0,0,0,-0.007,-0.007,13.22,-1.6,0.7,100,0
"2025-11-15 13:45:00",110095,"",7999,2025,11,15,13,39,5,-0.0596,1.001,-0.032,-343888.8,0.951,-0.031,1.852,11.63,0,-0.031,0,-0.014,-0.031,13.22,-1.6,0.7,100,0
"2025-11-15 13:48:00",110096,"",7999,2025,11,15,13,39,5,-0.0596,1.001,-0.032,-343888.8,0.951,-0.031,1.852,11.63,0,-0.031,0,-0.014,-0.031,13.22,-1.6,0.7,100,0
"2025-11-15 13:51:00",110097,"",7999,2025,11,15,13,45,5,-0.0207,0.997,-0.011,-343900.9,0.947,-0.011,1.845,11.58,0,-0.011,0.001,-0.009,-0.005,13.22,-1.6,0.7,100,0
"2025-11-15 13:54:00",110098,"",7999,2025,11,15,13,45,5,-0.0207,0.997,-0.011,-343900.9,0.947,-0.011,1.845,11.58,0,-0.011,0.001,-0.009,-0.005,13.22,-1.6,0.7,100,0
"2025-11-15 13:57:00",110099,"",7999,2025,11,15,13,51,5,-0.0235,0.997,-0.013,-343909,0.947,-0.012,1.844,11.7,0,-0.012,0,0,-0.021,13.22,-1.6,0.7,100,0
"2025-11-15 14:00:00",110100,"",7999,2025,11,15,13,51,5,-0.0235,0.997,-0.013,-343909,0.947,-0.012,1.844,11.7,0,-0.012,0,0,-0.021,13.22,-1.6,0.7,100,0
"2025-11-15 14:03:00",110101,"",7999,2025,11,15,13,57,5,-0.0816,0.988,-0.045,-343931.4,0.938,-0.045,1.828,11.6,0,-0.045,0.005,-0.012,-0.078,13.22,-1.6,0.7,100,0
"2025-11-15 14:06:00",110102,"",7999,2025,11,15,13,57,5,-0.0816,0.988,-0.045,-343931.4,0.938,-0.045,1.828,11.6,0,-0.045,0.005,-0.012,-0.078,13.22,-1.6,0.7,100,0
"2025-11-15 14:09:00",110103,"",7999,2025,11,15,14,3,5,-0.0493,0.982,-0.027,-343953.1,0.932,-0.028,1.818,11.53,0,-0.028,0.001,-0.016,-0.047,13.22,-1.6,0.7,100,0
"2025-11-15 14:12:00",110104,"",7999,2025,11,15,14,3,5,-0.0493,0.982,-0.027,-343953.1,0.932,-0.028,1.818,11.53,0,-0.028,0.001,-0.016,-0.047,13.22,-1.6,0.7,100,0
"2025-11-15 14:15:00",110105,"",7999,2025,11,15,14,9,5,-0.036,0.982,-0.02,-343967.7,0.932,-0.019,1.817,11.55,0,-0.019,-0.001,0.005,-0.014,13.22,-1.6,0.7,100,0
"2025-11-15 14:18:00",110106,"",7999,2025,11,15,14,9,5,-0.036,0.982,-0.02,-343967.7,0.932,-0.019,1.817,11.55,0,-0.019,-0.001,0.005,-0.014,13.22,-1.6,0.7,100,0
"2025-11-15 14:21:00",110107,"",7999,2025,11,15,14,15,5,0.019,0.983,0.01,-343967.4,0.933,0.01,1.819,11.6,0,0.01,-0.001,0,0.009,13.22,-1.6,0.7,100,0
"2025-11-15 14:24:00",110108,"",7999,2025,11,15,14,15,5,0.019,0.983,0.01,-343967.4,0.933,0.01,1.819,11.6,0,0.01,-0.001,0,0.009,13.22,-1.6,0.7,100,0
"2025-11-15 14:27:00",110109,"",7999,2025,11,15,14,21,5,0.0313,0.988,0.017,-343957.6,0.938,0.017,1.828,11.7,0,0.017,-0.003,0.014,0.009,13.22,-1.6,0.7,100,0
"2025-11-15 14:30:00",110110,"",7999,2025,11,15,14,21,5,0.0313,0.988,0.017,-343957.6,0.938,0.017,1.828,11.7,0,0.017,-0.003,0.014,0.009,13.22,-1.6,0.7,100,0
"2025-11-15 14:33:00",110111,"",7999,2025,11,15,14,27,5,-0.0619,0.982,-0.034,-343968.7,0.932,-0.034,1.818,11.68,0,-0.034,-0.001,-0.037,-0.066,13.22,-1.6,0.7,100,0
"2025-11-15 14:36:00",110112,"",7999,2025,11,15,14,27,5,-0.0619,0.982,-0.034,-343968.7,0.932,-0.034,1.818,11.68,0,-0.034,-0.001,-0.037,-0.066,13.22,-1.6,0.7,100,0
"2025-11-15 14:39:00",110113,"",7999,2025,11,15,14,33,5,-0.0581,0.972,-0.032,-343990.1,0.922,-0.033,1.798,11.53,0,-0.033,-0.001,-0.012,-0.054,13.22,-1.6,0.7,100,0
"2025-11-15 14:42:00",110114,"",7999,2025,11,15,14,33,5,-0.0581,0.972,-0.032,-343990.1,0.922,-0.033,1.798,11.53,0,-0.033,-0.001,-0.012,-0.054,13.22,-1.6,0.7,100,0
"2025-11-15 14:45:00",110115,"",7999,2025,11,15,14,39,5,0.0129,0.97,0.007,-343994,0.92,0.007,1.795,11.54,0,0.007,-0.001,0.012,0.005,13.22,-1.6,0.7,100,0
"2025-11-15 14:48:00",110116,"",7999,2025,11,15,14,39,5,0.0129,0.97,0.007,-343994,0.92,0.007,1.795,11.54,0,0.007,-0.001,0.012,0.005,13.22,-1.6,0.7,100,0
"2025-11-15 14:51:00",110117,"",7999,2025,11,15,14,45,5,-0.0056,0.972,-0.003,-343993.8,0.922,-0.002,1.798,11.63,0,-0.002,0,-0.007,-0.007,13.22,-1.6,0.7,100,0
"2025-11-15 14:54:00",110118,"",7999,2025,11,15,14,45,5,-0.0056,0.972,-0.003,-343993.8,0.922,-0.002,1.798,11.63,0,-0.002,0,-0.007,-0.007,13.22,-1.6,0.7,100,0
"2025-11-15 14:57:00",110119,"",7999,2025,11,15,14,51,5,-0.0618,0.962,-0.035,-344009.3,0.912,-0.035,1.781,11.54,0,-0.035,-0.001,-0.033,-0.078,13.22,-1.6,0.7,100,0
"2025-11-15 15:00:00",110120,"",7999,2025,11,15,14,51,5,-0.0618,0.962,-0.035,-344009.3,0.912,-0.035,1.781,11.54,0,-0.035,-0.001,-0.033,-0.078,13.22,-1.6,0.7,100,0
"2025-11-15 15:03:00",110121,"",7999,2025,11,15,14,57,5,-0.0216,0.956,-0.012,-344021.9,0.906,-0.012,1.769,11.5,0,-0.012,0.001,-0.023,-0.038,13.22,-1.6,0.7,100,0
"2025-11-15 15:06:00",110122,"",7999,2025,11,15,14,57,5,-0.0216,0.956,-0.012,-344021.9,0.906,-0.012,1.769,11.5,0,-0.012,0.001,-0.023,-0.038,13.22,-1.6,0.7,100,0
"2025-11-15 15:09:00",110123,"",7999,2025,11,15,15,3,5,-0.0743,0.948,-0.042,-344042.4,0.898,-0.041,1.755,11.51,0,-0.041,0.003,-0.037,-0.066,13.22,-1.6,0.7,100,0
"2025-11-15 15:12:00",110124,"",7999,2025,11,15,15,3,5,-0.0743,0.948,-0.042,-344042.4,0.898,-0.041,1.755,11.51,0,-0.041,0.003,-0.037,-0.066,13.22,-1.6,0.7,100,0
"2025-11-15 15:15:00",110125,"",7999,2025,11,15,15,9,5,0.0032,0.944,0.002,-344050.5,0.894,0.001,1.746,11.5,0,0.001,-0.001,-0.007,0,13.22,-1.6,0.7,100,0
"2025-11-15 15:18:00",110126,"",7999,2025,11,15,15,9,5,0.0032,0.944,0.002,-344050.5,0.894,0.001,1.746,11.5,0,0.001,-0.001,-0.007,0,13.22,-1.6,0.7,100,0
"2025-11-15 15:21:00",110127,"",7999,2025,11,15,15,15,5,-0.0036,0.944,-0.002,-344051,0.894,-0.002,1.746,11.61,0,-0.002,0.001,0.007,0,13.22,-1.6,0.7,100,0
"2025-11-15 15:24:00",110128,"",7999,2025,11,15,15,15,5,-0.0036,0.944,-0.002,-344051,0.894,-0.002,1.746,11.61,0,-0.002,0.001,0.007,0,13.22,-1.6,0.7,100,0
"2025-11-15 15:27:00",110129,"",7999,2025,11,15,15,21,5,-0.0611,0.938,-0.035,-344066.1,0.888,-0.035,1.736,11.53,0,-0.035,-0.005,-0.028,-0.057,13.22,-1.6,0.6,100,0
"2025-11-15 15:30:00",110130,"",7999,2025,11,15,15,21,5,-0.0611,0.938,-0.035,-344066.1,0.888,-0.035,1.736,11.53,0,-0.035,-0.005,-0.028,-0.057,13.22,-1.6,0.6,100,0
"2025-11-15 15:33:00",110131,"",7999,2025,11,15,15,27,5,-0.0486,0.93,-0.028,-344085.1,0.88,-0.028,1.721,11.51,0,-0.028,0,-0.021,-0.052,13.22,-1.6,0.7,100,0
"2025-11-15 15:36:00",110132,"",7999,2025,11,15,15,27,5,-0.0486,0.93,-0.028,-344085.1,0.88,-0.028,1.721,11.51,0,-0.028,0,-0.021,-0.052,13.22,-1.6,0.7,100,0
"2025-11-15 15:39:00",110133,"",7999,2025,11,15,15,33,5,-0.0317,0.925,-0.019,-344098.6,0.875,-0.017,1.712,11.54,0,-0.017,-0.004,-0.021,-0.028,13.22,-1.6,0.7,100,0
"2025-11-15 15:42:00",110134,"",7999,2025,11,15,15,33,5,-0.0317,0.925,-0.019,-344098.6,0.875,-0.017,1.712,11.54,0,-0.017,-0.004,-0.021,-0.028,13.22,-1.6,0.7,100,0
"2025-11-15 15:45:00",110135,"",7999,2025,11,15,15,39,5,-0.0351,0.923,-0.021,-344110.8,0.873,-0.019,1.709,11.57,0,-0.019,0.001,-0.019,-0.028,13.22,-1.6,0.6,100,0
"2025-11-15 15:48:00",110136,"",7999,2025,11,15,15,39,5,-0.0351,0.923,-0.021,-344110.8,0.873,-0.019,1.709,11.57,0,-0.019,0.001,-0.019,-0.028,13.22,-1.6,0.6,100,0
"2025-11-15 15:51:00",110137,"",7999,2025,11,15,15,45,5,-0.0465,0.921,-0.027,-344126.2,0.871,-0.027,1.705,11.6,0,-0.027,0.005,-0.023,-0.033,13.22,-1.6,0.7,100,0
"2025-11-15 15:54:00",110138,"",7999,2025,11,15,15,45,5,-0.0465,0.921,-0.027,-344126.2,0.871,-0.027,1.705,11.6,0,-0.027,0.005,-0.023,-0.033,13.22,-1.6,0.7,100,0
"2025-11-15 15:57:00",110139,"",7999,2025,11,15,15,51,5,-0.0739,0.912,-0.044,-344149.5,0.862,-0.044,1.687,11.55,0,-0.044,0.001,-0.037,-0.078,13.22,-1.6,0.7,100,0
"2025-11-15 16:00:00",110140,"",7999,2025,11,15,15,51,5,-0.0739,0.912,-0.044,-344149.5,0.862,-0.044,1.687,11.55,0,-0.044,0.001,-0.037,-0.078,13.22,-1.6,0.7,100,0
"2025-11-15 16:03:00",110141,"",7999,2025,11,15,15,57,5,-0.0422,0.903,-0.025,-344168.6,0.853,-0.024,1.671,11.51,0,-0.024,-0.001,-0.021,-0.05,13.22,-1.6,0.7,100,0
"2025-11-15 16:06:00",110142,"",7999,2025,11,15,15,57,5,-0.0422,0.903,-0.025,-344168.6,0.853,-0.024,1.671,11.51,0,-0.024,-0.001,-0.021,-0.05,13.22,-1.6,0.7,100,0
"2025-11-15 16:09:00",110143,"",7999,2025,11,15,16,3,5,-0.0404,0.902,-0.024,-344183.3,0.852,-0.023,1.67,11.55,0,-0.023,0.003,-0.026,-0.024,13.22,-1.6,0.7,100,0
"2025-11-15 16:12:00",110144,"",7999,2025,11,15,16,3,5,-0.0404,0.902,-0.024,-344183.3,0.852,-0.023,1.67,11.55,0,-0.023,0.003,-0.026,-0.024,13.22,-1.6,0.7,100,0
"2025-11-15 16:15:00",110145,"",7999,2025,11,15,16,9,5,-0.0642,0.895,-0.039,-344203.6,0.845,-0.039,1.655,11.54,0,-0.039,0.005,-0.042,-0.066,13.22,-1.6,0.6,100,0
"2025-11-15 16:18:00",110146,"",7999,2025,11,15,16,9,5,-0.0642,0.895,-0.039,-344203.6,0.845,-0.039,1.655,11.54,0,-0.039,0.005,-0.042,-0.066,13.22,-1.6,0.6,100,0
"2025-11-15 16:21:00",110147,"",7999,2025,11,15,16,15,5,-0.0596,0.888,-0.036,-344225.6,0.838,-0.036,1.644,11.52,0,-0.036,0,-0.035,-0.052,13.22,-1.6,0.6,100,0
"2025-11-15 16:24:00",110148,"",7999,2025,11,15,16,15,5,-0.0596,0.888,-0.036,-344225.6,0.838,-0.036,1.644,11.52,0,-0.036,0,-0.035,-0.052,13.22,-1.6,0.6,100,0
"2025-11-15 16:27:00",110149,"",7999,2025,11,15,16,21,5,-0.046,0.882,-0.028,-344243.8,0.832,-0.028,1.633,11.52,0,-0.028,0.005,-0.033,-0.047,13.22,-1.6,0.6,100,0
"2025-11-15 16:30:00",110150,"",7999,2025,11,15,16,21,5,-0.046,0.882,-0.028,-344243.8,0.832,-0.028,1.633,11.52,0,-0.028,0.005,-0.033,-0.047,13.22,-1.6,0.6,100,0
"2025-11-15 16:33:00",110151,"",7999,2025,11,15,16,27,5,-0.0379,0.877,-0.023,-344258.5,0.827,-0.023,1.623,11.55,0,-0.023,0.004,-0.033,-0.043,13.22,-1.6,0.6,100,0
"2025-11-15 16:36:00",110152,"",7999,2025,11,15,16,27,5,-0.0379,0.877,-0.023,-344258.5,0.827,-0.023,1.623,11.55,0,-0.023,0.004,-0.033,-0.043,13.22,-1.6,0.6,100,0
"2025-11-15 16:39:00",110153,"",7999,2025,11,15,16,33,5,-0.0205,0.875,-0.013,-344268,0.825,-0.012,1.62,11.58,0,-0.012,0.002,0.007,0,13.22,-1.6,0.7,100,0
"2025-11-15 16:42:00",110154,"",7999,2025,11,15,16,33,5,-0.0205,0.875,-0.013,-344268,0.825,-0.012,1.62,11.58,0,-0.012,0.002,0.007,0,13.22,-1.6,0.7,100,0
"2025-11-15 16:45:00",110155,"",7999,2025,11,15,16,39,5,-0.0472,0.875,-0.029,-344281.8,0.825,-0.028,1.619,11.59,0,-0.028,0.001,-0.037,-0.031,13.22,-1.6,0.7,100,0
"2025-11-15 16:48:00",110156,"",7999,2025,11,15,16,39,5,-0.0472,0.875,-0.029,-344281.8,0.825,-0.028,1.619,11.59,0,-0.028,0.001,-0.037,-0.031,13.22,-1.6,0.7,100,0
"2025-11-15 16:51:00",110157,"",7999,2025,11,15,16,45,5,-0.0389,0.865,-0.024,-344296.8,0.815,-0.023,1.6,11.54,0,-0.023,-0.002,-0.026,-0.043,13.22,-1.6,0.7,100,0
"2025-11-15 16:54:00",110158,"",7999,2025,11,15,16,45,5,-0.0389,0.865,-0.024,-344296.8,0.815,-0.023,1.6,11.54,0,-0.023,-0.002,-0.026,-0.043,13.22,-1.6,0.7,100,0
"2025-11-15 16:57:00",110159,"",7999,2025,11,15,16,51,5,0.0052,0.867,0.003,-344300.2,0.817,0.002,1.604,11.58,0,0.002,0,0.009,-0.002,13.22,-1.6,0.6,100,0
"2025-11-15 17:00:00",110160,"",7999,2025,11,15,16,51,5,0.0052,0.867,0.003,-344300.2,0.817,0.002,1.604,11.58,0,0.002,0,0.009,-0.002,13.22,-1.6,0.6,100,0
"2025-11-15 17:03:00",110161,"",7999,2025,11,15,16,57,5,0.0239,0.869,0.015,-344293.8,0.819,0.013,1.608,11.63,0,0.013,-0.002,0.012,0.002,13.22,-1.6,0.7,100,0
"2025-11-15 17:06:00",110162,"",7999,2025,11,15,16,57,5,0.0239,0.869,0.015,-344293.8,0.819,0.013,1.608,11.63,0,0.013,-0.002,0.012,0.002,13.22,-1.6,0.7,100,0
"2025-11-15 17:09:00",110163,"",7999,2025,11,15,17,3,5,0.0167,0.871,0.01,-344286.9,0.821,0.011,1.612,11.67,0,0.011,-0.004,0.012,0.026,13.22,-1.6,0.6,100,0
"2025-11-15 17:12:00",110164,"",7999,2025,11,15,17,3,5,0.0167,0.871,0.01,-344286.9,0.821,0.011,1.612,11.67,0,0.011,-0.004,0.012,0.026,13.22,-1.6,0.6,100,0
"2025-11-15 17:15:00",110165,"",7999,2025,11,15,17,9,5,-0.0211,0.86,-0.013,-344290,0.81,-0.012,1.591,11.63,0,-0.012,0.006,-0.016,-0.024,13.22,-1.6,0.6,100,0
"2025-11-15 17:18:00",110166,"",7999,2025,11,15,17,9,5,-0.0211,0.86,-0.013,-344290,0.81,-0.012,1.591,11.63,0,-0.012,0.006,-0.016,-0.024,13.22,-1.6,0.6,100,0
"2025-11-15 17:21:00",110167,"",7999,2025,11,15,17,15,5,-0.0272,0.853,-0.017,-344299.1,0.803,-0.017,1.579,11.53,0,-0.017,-0.001,-0.009,-0.031,13.22,-1.6,0.6,100,0
"2025-11-15 17:24:00",110168,"",7999,2025,11,15,17,15,5,-0.0272,0.853,-0.017,-344299.1,0.803,-0.017,1.579,11.53,0,-0.017,-0.001,-0.009,-0.031,13.22,-1.6,0.6,100,0
"2025-11-15 17:27:00",110169,"",7999,2025,11,15,17,21,5,-0.0076,0.851,-0.005,-344304.2,0.801,-0.004,1.574,11.53,0,-0.004,0.002,-0.005,-0.005,13.22,-1.6,0.7,100,0
"2025-11-15 17:30:00",110170,"",7999,2025,11,15,17,21,5,-0.0076,0.851,-0.005,-344304.2,0.801,-0.004,1.574,11.53,0,-0.004,0.002,-0.005,-0.005,13.22,-1.6,0.7,100,0
"2025-11-15 17:33:00",110171,"",7999,2025,11,15,17,27,5,0.0076,0.851,0.005,-344303.3,0.801,0.005,1.575,11.63,0,0.005,0.002,-0.002,0,13.22,-1.6,0.6,100,0
"2025-11-15 17:36:00",110172,"",7999,2025,11,15,17,27,5,0.0076,0.851,0.005,-344303.3,0.801,0.005,1.575,11.63,0,0.005,0.002,-0.002,0,13.22,-1.6,0.6,100,0
"2025-11-15 17:39:00",110173,"",7999,2025,11,15,17,33,5,-0.0343,0.854,-0.022,-344310.6,0.804,-0.021,1.581,11.65,0,-0.021,0.003,-0.005,-0.028,13.22,-1.6,0.6,100,0
"2025-11-15 17:42:00",110174,"",7999,2025,11,15,17,33,5,-0.0343,0.854,-0.022,-344310.6,0.804,-0.021,1.581,11.65,0,-0.021,0.003,-0.005,-0.028,13.22,-1.6,0.6,100,0
"2025-11-15 17:45:00",110175,"",7999,2025,11,15,17,39,5,-0.0564,0.835,-0.037,-344328.3,0.785,-0.036,1.545,11.62,0,-0.036,0.001,-0.007,-0.05,13.22,-1.6,0.6,100,0
"2025-11-15 17:48:00",110176,"",7999,2025,11,15,17,39,5,-0.0564,0.835,-0.037,-344328.3,0.785,-0.036,1.545,11.62,0,-0.036,0.001,-0.007,-0.05,13.22,-1.6,0.6,100,0
"2025-11-15 17:51:00",110177,"",7999,2025,11,15,17,45,5,-0.0826,0.817,-0.055,-344354.9,0.767,-0.056,1.512,11.56,0,-0.056,-0.001,-0.009,-0.076,13.22,-1.6,0.6,100,0
"2025-11-15 17:54:00",110178,"",7999,2025,11,15,17,45,5,-0.0826,0.817,-0.055,-344354.9,0.767,-0.056,1.512,11.56,0,-0.056,-0.001,-0.009,-0.076,13.22,-1.6,0.6,100,0
"2025-11-15 17:57:00",110179,"",7999,2025,11,15,17,51,5,-0.0639,0.825,-0.042,-344380.1,0.775,-0.041,1.528,11.54,0,-0.041,0.001,-0.04,-0.071,13.22,-1.6,0.6,100,0
"2025-11-15 18:00:00",110180,"",7999,2025,11,15,17,51,5,-0.0639,0.825,-0.042,-344380.1,0.775,-0.041,1.528,11.54,0,-0.041,0.001,-0.04,-0.071,13.22,-1.6,0.6,100,0
"2025-11-15 18:03:00",110181,"",7999,2025,11,15,17,57,5,-0.0543,0.822,-0.036,-344400.9,0.772,-0.035,1.522,11.56,0,-0.035,0.003,-0.033,-0.04,13.22,-1.6,0.7,100,0
"2025-11-15 18:06:00",110182,"",7999,2025,11,15,17,57,5,-0.0543,0.822,-0.036,-344400.9,0.772,-0.035,1.522,11.56,0,-0.035,0.003,-0.033,-0.04,13.22,-1.6,0.7,100,0
"2025-11-15 18:09:00",110183,"",7999,2025,11,15,18,3,5,-0.0453,0.812,-0.03,-344418.3,0.762,-0.03,1.502,11.57,0,-0.03,0.003,-0.04,-0.038,13.22,-1.6,0.6,100,0
"2025-11-15 18:12:00",110184,"",7999,2025,11,15,18,3,5,-0.0453,0.812,-0.03,-344418.3,0.762,-0.03,1.502,11.57,0,-0.03,0.003,-0.04,-0.038,13.22,-1.6,0.6,100,0
"2025-11-15 18:15:00",110185,"",7999,2025,11,15,18,9,5,-0.0407,0.812,-0.027,-344433.5,0.762,-0.027,1.502,11.56,0,-0.027,0.002,-0.033,-0.033,13.22,-1.6,0.6,100,0
"2025-11-15 18:18:00",110186,"",7999,2025,11,15,18,9,5,-0.0407,0.812,-0.027,-344433.5,0.762,-0.027,1.502,11.56,0,-0.027,0.002,-0.033,-0.033,13.22,-1.6,0.6,100,0
"2025-11-15 18:21:00",110187,"",7999,2025,11,15,18,15,5,-0.0233,0.796,-0.016,-344444,0.746,-0.015,1.473,11.55,0,-0.015,0.002,-0.021,-0.019,13.22,-1.6,0.6,100,0
"2025-11-15 18:24:00",110188,"",7999,2025,11,15,18,15,5,-0.0233,0.796,-0.016,-344444,0.746,-0.015,1.473,11.55,0,-0.015,0.002,-0.021,-0.019,13.22,-1.6,0.6,100,0
"2025-11-15 18:27:00",110189,"",7999,2025,11,15,18,21,5,-0.0042,0.804,-0.003,-344447.8,0.754,-0.002,1.487,11.58,0,-0.002,0.001,-0.007,-0.002,13.22,-1.6,0.6,100,0
"2025-11-15 18:30:00",110190,"",7999,2025,11,15,18,21,5,-0.0042,0.804,-0.003,-344447.8,0.754,-0.002,1.487,11.58,0,-0.002,0.001,-0.007,-0.002,13.22,-1.6,0.6,100,0
"2025-11-15 18:33:00",110191,"",7999,2025,11,15,18,27,5,0.0123,0.802,0.008,-344445.3,0.752,0.008,1.484,11.6,0,0.008,0.001,0.014,0.014,13.22,-1.6,0.6,100,0
"2025-11-15 18:36:00",110192,"",7999,2025,11,15,18,27,5,0.0123,0.802,0.008,-344445.3,0.752,0.008,1.484,11.6,0,0.008,0.001,0.014,0.014,13.22,-1.6,0.6,100,0
"2025-11-15 18:39:00",110193,"",7999,2025,11,15,18,33,5,0.0056,0.798,0.004,-344442.5,0.748,0.004,1.477,11.6,0,0.004,0.002,0.009,0,13.22,-1.6,0.6,100,0
"2025-11-15 18:42:00",110194,"",7999,2025,11,15,18,33,5,0.0056,0.798,0.004,-344442.5,0.748,0.004,1.477,11.6,0,0.004,0.002,0.009,0,13.22,-1.6,0.6,100,0
"2025-11-15 18:45:00",110195,"",7999,2025,11,15,18,39,5,-0.0077,0.794,-0.005,-344443.7,0.744,-0.004,1.47,11.59,0,-0.004,0.002,0.009,-0.014,13.22,-1.6,0.6,100,0
"2025-11-15 18:48:00",110196,"",7999,2025,11,15,18,39,5,-0.0077,0.794,-0.005,-344443.7,0.744,-0.004,1.47,11.59,0,-0.004,0.002,0.009,-0.014,13.22,-1.6,0.6,100,0
"2025-11-15 18:51:00",110197,"",7999,2025,11,15,18,45,5,-0.0211,0.789,-0.014,-344449.7,0.739,-0.013,1.461,11.59,0,-0.013,0.002,-0.002,-0.028,13.22,-1.6,0.6,100,0
"2025-11-15 18:54:00",110198,"",7999,2025,11,15,18,45,5,-0.0211,0.789,-0.014,-344449.7,0.739,-0.013,1.461,11.59,0,-0.013,0.002,-0.002,-0.028,13.22,-1.6,0.6,100,0
"2025-11-15 18:57:00",110199,"",7999,2025,11,15,18,51,5,-0.0045,0.792,-0.003,-344453.3,0.742,-0.001,1.466,11.64,0,-0.001,0.001,0,-0.014,13.22,-1.6,0.6,100,0
"2025-11-15 19:00:00",110200,"",7999,2025,11,15,18,51,5,-0.0045,0.792,-0.003,-344453.3,0.742,-0.001,1.466,11.64,0,-0.001,0.001,0,-0.014,13.22,-1.6,0.6,100,0
"2025-11-15 19:03:00",110201,"",7999,2025,11,15,18,57,5,-0.0134,0.795,-0.009,-344457.1,0.745,-0.007,1.47,11.7,0,-0.007,0.002,-0.012,-0.017,13.22,-1.6,0.6,100,0
"2025-11-15 19:06:00",110202,"",7999,2025,11,15,18,57,5,-0.0134,0.795,-0.009,-344457.1,0.745,-0.007,1.47,11.7,0,-0.007,0.002,-0.012,-0.017,13.22,-1.6,0.6,100,0
"2025-11-15 19:09:00",110203,"",7999,2025,11,15,19,3,5,-0.0176,0.797,-0.012,-344463,0.747,-0.011,1.474,11.73,0,-0.011,0.001,-0.012,-0.024,13.22,-1.6,0.6,100,0
"2025-11-15 19:12:00",110204,"",7999,2025,11,15,19,3,5,-0.0176,0.797,-0.012,-344463,0.747,-0.011,1.474,11.73,0,-0.011,0.001,-0.012,-0.024,13.22,-1.6,0.6,100,0
"2025-11-15 19:15:00",110205,"",7999,2025,11,15,19,9,5,-0.0138,0.799,-0.009,-344468.4,0.749,-0.008,1.478,11.76,0,-0.008,-0.002,-0.007,-0.014,13.22,-1.6,0.6,100,0
"2025-11-15 19:18:00",110206,"",7999,2025,11,15,19,9,5,-0.0138,0.799,-0.009,-344468.4,0.749,-0.008,1.478,11.76,0,-0.008,-0.002,-0.007,-0.014,13.22,-1.6,0.6,100,0
"2025-11-15 19:21:00",110207,"",7999,2025,11,15,19,15,5,-0.0032,0.802,-0.002,-344470.9,0.752,-0.001,1.484,11.78,0,-0.001,-0.001,-0.012,-0.007,13.22,-1.6,0.6,100,0
"2025-11-15 19:24:00",110208,"",7999,2025,11,15,19,15,5,-0.0032,0.802,-0.002,-344470.9,0.752,-0.001,1.484,11.78,0,-0.001,-0.001,-0.012,-0.007,13.22,-1.6,0.6,100,0
"2025-11-15 19:27:00",110209,"",7999,2025,11,15,19,21,5,0,0.808,0,-344471.3,0.758,0,1.496,11.92,0,0,0,-0.016,0,13.22,-1.6,0.6,100,0
"2025-11-15 19:30:00",110210,"",7999,2025,11,15,19,21,5,0,0.808,0,-344471.3,0.758,0,1.496,11.92,0,0,0,-0.016,0,13.22,-1.6,0.6,100,0
"2025-11-15 19:33:00",110211,"",7999,2025,11,15,19,27,5,-0.0027,0.809,-0.002,-344471.9,0.759,-0.001,1.498,11.93,0,-0.001,0.001,0.021,0,13.22,-1.6,0.6,100,0
"2025-11-15 19:36:00",110212,"",7999,2025,11,15,19,27,5,-0.0027,0.809,-0.002,-344471.9,0.759,-0.001,1.498,11.93,0,-0.001,0.001,0.021,0,13.22,-1.6,0.6,100,0
"2025-11-15 19:39:00",110213,"",7999,2025,11,15,19,33,5,0.0046,0.806,0.003,-344471.1,0.756,0.002,1.491,11.81,0,0.002,0,0.009,-0.012,13.22,-1.6,0.6,100,0
"2025-11-15 19:42:00",110214,"",7999,2025,11,15,19,33,5,0.0046,0.806,0.003,-344471.1,0.756,0.002,1.491,11.81,0,0.002,0,0.009,-0.012,13.22,-1.6,0.6,100,0
"2025-11-15 19:45:00",110215,"",7999,2025,11,15,19,39,5,0.0141,0.804,0.01,-344467.2,0.754,0.01,1.489,11.83,0,0.01,0.001,0.023,-0.005,13.22,-1.6,0.6,100,0
"2025-11-15 19:48:00",110216,"",7999,2025,11,15,19,39,5,0.0141,0.804,0.01,-344467.2,0.754,0.01,1.489,11.83,0,0.01,0.001,0.023,-0.005,13.22,-1.6,0.6,100,0
"2025-11-15 19:51:00",110217,"",7999,2025,11,15,19,45,5,0.0103,0.804,0.007,-344463,0.754,0.006,1.489,11.78,0,0.006,0.001,0.026,-0.012,13.22,-1.6,0.6,100,0
"2025-11-15 19:54:00",110218,"",7999,2025,11,15,19,45,5,0.0103,0.804,0.007,-344463,0.754,0.006,1.489,11.78,0,0.006,0.001,0.026,-0.012,13.22,-1.6,0.6,100,0
"2025-11-15 19:57:00",110219,"",7999,2025,11,15,19,51,5,0.0254,0.809,0.017,-344455.7,0.759,0.017,1.497,11.82,0,0.017,-0.001,-0.005,0.012,13.22,-1.6,0.6,100,0
"2025-11-15 20:00:00",110220,"",7999,2025,11,15,19,51,5,0.0254,0.809,0.017,-344455.7,0.759,0.017,1.497,11.82,0,0.017,-0.001,-0.005,0.012,13.22,-1.6,0.6,100,0
"2025-11-15 20:03:00",110221,"",7999,2025,11,15,19,57,5,0.0057,0.812,0.004,-344451.2,0.762,0.002,1.503,11.86,0,0.002,0,-0.009,0,13.22,-1.6,0.6,100,0
"2025-11-15 20:06:00",110222,"",7999,2025,11,15,19,57,5,0.0057,0.812,0.004,-344451.2,0.762,0.002,1.503,11.86,0,0.002,0,-0.009,0,13.22,-1.6,0.6,100,0
"2025-11-15 20:09:00",110223,"",7999,2025,11,15,20,3,5,-0.0108,0.809,-0.007,-344453.1,0.759,-0.006,1.497,11.84,0,-0.006,-0.003,-0.005,-0.014,13.22,-1.6,0.6,100,0
"2025-11-15 20:12:00",110224,"",7999,2025,11,15,20,3,5,-0.0108,0.809,-0.007,-344453.1,0.759,-0.006,1.497,11.84,0,-0.006,-0.003,-0.005,-0.014,13.22,-1.6,0.6,100,0
"2025-11-15 20:15:00",110225,"",7999,2025,11,15,20,9,5,0.0111,0.816,0.007,-344451.8,0.766,0.006,1.511,11.87,0,0.006,-0.001,0.053,0,13.22,-1.6,0.6,100,0
"2025-11-15 20:18:00",110226,"",7999,2025,11,15,20,9,5,0.0111,0.816,0.007,-344451.8,0.766,0.006,1.511,11.87,0,0.006,-0.001,0.053,0,13.22,-1.6,0.6,100,0
"2025-11-15 20:21:00",110227,"",7999,2025,11,15,20,15,5,-0.0087,0.821,-0.006,-344452.5,0.771,-0.005,1.52,11.91,0,-0.005,-0.002,-0.019,-0.012,13.22,-1.6,0.6,100,0
"2025-11-15 20:24:00",110228,"",7999,2025,11,15,20,15,5,-0.0087,0.821,-0.006,-344452.5,0.771,-0.005,1.52,11.91,0,-0.005,-0.002,-0.019,-0.012,13.22,-1.6,0.6,100,0
"2025-11-15 20:27:00",110229,"",7999,2025,11,15,20,21,5,-0.0143,0.823,-0.009,-344457,0.773,-0.008,1.522,11.91,0,-0.008,0.001,-0.026,-0.024,13.22,-1.6,0.6,100,0
"2025-11-15 20:30:00",110230,"",7999,2025,11,15,20,21,5,-0.0143,0.823,-0.009,-344457,0.773,-0.008,1.522,11.91,0,-0.008,0.001,-0.026,-0.024,13.22,-1.6,0.6,100,0
"2025-11-15 20:33:00",110231,"",7999,2025,11,15,20,27,5,-0,0.828,0,-344458.8,0.778,0,1.533,11.93,0,0,0,-0.033,-0.026,13.22,-1.6,0.6,100,0
"2025-11-15 20:36:00",110232,"",7999,2025,11,15,20,27,5,-0,0.828,0,-344458.8,0.778,0,1.533,11.93,0,0,0,-0.033,-0.026,13.22,-1.6,0.6,100,0
"2025-11-15 20:39:00",110233,"",7999,2025,11,15,20,33,5,0.0048,0.835,0.003,-344457.6,0.785,0.002,1.546,11.95,0,0.002,-0.001,-0.028,-0.002,13.22,-1.6,0.6,100,0
"2025-11-15 20:42:00",110234,"",7999,2025,11,15,20,33,5,0.0048,0.835,0.003,-344457.6,0.785,0.002,1.546,11.95,0,0.002,-0.001,-0.028,-0.002,13.22,-1.6,0.6,100,0
"2025-11-15 20:45:00",110235,"",7999,2025,11,15,20,39,5,0.0258,0.844,0.017,-344450.8,0.794,0.016,1.562,11.94,0,0.016,-0.004,0,0.005,13.22,-1.6,0.6,100,0
"2025-11-15 20:48:00",110236,"",7999,2025,11,15,20,39,5,0.0258,0.844,0.017,-344450.8,0.794,0.016,1.562,11.94,0,0.016,-0.004,0,0.005,13.22,-1.6,0.6,100,0
"2025-11-15 20:51:00",110237,"",7999,2025,11,15,20,45,5,0.0357,0.858,0.022,-344439.2,0.808,0.022,1.588,11.93,0,0.022,-0.001,0.009,0.012,13.22,-1.6,0.6,100,0
"2025-11-15 20:54:00",110238,"",7999,2025,11,15,20,45,5,0.0357,0.858,0.022,-344439.2,0.808,0.022,1.588,11.93,0,0.022,-0.001,0.009,0.012,13.22,-1.6,0.6,100,0
"2025-11-15 20:57:00",110239,"",7999,2025,11,15,20,51,5,0.0349,0.867,0.022,-344426.5,0.817,0.022,1.604,11.92,0,0.022,-0.002,0.009,0.014,13.22,-1.6,0.6,100,0
"2025-11-15 21:00:00",110240,"",7999,2025,11,15,20,51,5,0.0349,0.867,0.022,-344426.5,0.817,0.022,1.604,11.92,0,0.022,-0.002,0.009,0.014,13.22,-1.6,0.6,100,0
"2025-11-15 21:03:00",110241,"",7999,2025,11,15,20,57,5,0.0441,0.873,0.027,-344411.7,0.823,0.028,1.616,11.89,0,0.028,-0.001,0.028,0.024,13.22,-1.6,0.6,100,0
"2025-11-15 21:06:00",110242,"",7999,2025,11,15,20,57,5,0.0441,0.873,0.027,-344411.7,0.823,0.028,1.616,11.89,0,0.028,-0.001,0.028,0.024,13.22,-1.6,0.6,100,0
"2025-11-15 21:09:00",110243,"",7999,2025,11,15,21,3,5,0.0465,0.881,0.029,-344395.2,0.831,0.029,1.63,11.9,0,0.029,-0.002,0,0.019,13.22,-1.6,0.6,100,0
"2025-11-15 21:12:00",110244,"",7999,2025,11,15,21,3,5,0.0465,0.881,0.029,-344395.2,0.831,0.029,1.63,11.9,0,0.029,-0.002,0,0.019,13.22,-1.6,0.6,100,0
"2025-11-15 21:15:00",110245,"",7999,2025,11,15,21,9,5,0.0265,0.884,0.016,-344383.3,0.834,0.016,1.636,11.9,0,0.016,0,0,0.019,13.22,-1.6,0.7,100,0
"2025-11-15 21:18:00",110246,"",7999,2025,11,15,21,9,5,0.0265,0.884,0.016,-344383.3,0.834,0.016,1.636,11.9,0,0.016,0,0,0.019,13.22,-1.6,0.7,100,0
"2025-11-15 21:21:00",110247,"",7999,2025,11,15,21,15,5,0.0338,0.889,0.021,-344371.9,0.839,0.021,1.645,11.92,0,0.021,-0.002,-0.014,0.017,13.22,-1.6,0.6,100,0
"2025-11-15 21:24:00",110248,"",7999,2025,11,15,21,15,5,0.0338,0.889,0.021,-344371.9,0.839,0.021,1.645,11.92,0,0.021,-0.002,-0.014,0.017,13.22,-1.6,0.6,100,0
"2025-11-15 21:27:00",110249,"",7999,2025,11,15,21,21,5,0.0266,0.895,0.016,-344361.5,0.845,0.016,1.656,11.91,0,0.016,-0.001,0,0.005,13.22,-1.6,0.6,100,0
"2025-11-15 21:30:00",110250,"",7999,2025,11,15,21,21,5,0.0266,0.895,0.016,-344361.5,0.845,0.016,1.656,11.91,0,0.016,-0.001,0,0.005,13.22,-1.6,0.6,100,0
"2025-11-15 21:33:00",110251,"",7999,2025,11,15,21,27,5,0.0136,0.897,0.008,-344355,0.847,0.007,1.661,11.88,0,0.007,0.001,-0.009,-0.007,13.22,-1.6,0.6,100,0
"2025-11-15 21:36:00",110252,"",7999,2025,11,15,21,27,5,0.0136,0.897,0.008,-344355,0.847,0.007,1.661,11.88,0,0.007,0.001,-0.009,-0.007,13.22,-1.6,0.6,100,0
"2025-11-15 21:39:00",110253,"",7999,2025,11,15,21,33,5,0.0465,0.909,0.028,-344342.2,0.859,0.028,1.681,11.87,0,0.028,-0.002,0.009,0.024,13.22,-1.6,0.6,100,0
"2025-11-15 21:42:00",110254,"",7999,2025,11,15,21,33,5,0.0465,0.909,0.028,-344342.2,0.859,0.028,1.681,11.87,0,0.028,-0.002,0.009,0.024,13.22,-1.6,0.6,100,0
"2025-11-15 21:45:00",110255,"",7999,2025,11,15,21,39,5,0.0203,0.915,0.012,-344331.7,0.865,0.011,1.693,11.87,0,0.011,-0.004,-0.009,-0.002,13.22,-1.6,0.6,100,0
"2025-11-15 21:48:00",110256,"",7999,2025,11,15,21,39,5,0.0203,0.915,0.012,-344331.7,0.865,0.011,1.693,11.87,0,0.011,-0.004,-0.009,-0.002,13.22,-1.6,0.6,100,0
"2025-11-15 21:51:00",110257,"",7999,2025,11,15,21,45,5,0.0397,0.923,0.023,-344319.7,0.873,0.023,1.708,11.9,0,0.023,-0.003,0.019,0.005,13.22,-1.6,0.7,100,0
"2025-11-15 21:54:00",110258,"",7999,2025,11,15,21,45,5,0.0397,0.923,0.023,-344319.7,0.873,0.023,1.708,11.9,0,0.023,-0.003,0.019,0.005,13.22,-1.6,0.7,100,0
"2025-11-15 21:57:00",110259,"",7999,2025,11,15,21,51,5,0.025,0.929,0.015,-344308.9,0.879,0.013,1.719,11.88,0,0.013,-0.002,0.014,-0.009,13.22,-1.6,0.7,100,0
"2025-11-15 22:00:00",110260,"",7999,2025,11,15,21,51,5,0.025,0.929,0.015,-344308.9,0.879,0.013,1.719,11.88,0,0.013,-0.002,0.014,-0.009,13.22,-1.6,0.7,100,0
"2025-11-15 22:03:00",110261,"",7999,2025,11,15,21,57,5,0.0264,0.933,0.015,-344299.6,0.883,0.015,1.726,11.88,0,0.015,-0.003,0.014,0.012,13.22,-1.6,0.7,100,0
"2025-11-15 22:06:00",110262,"",7999,2025,11,15,21,57,5,0.0264,0.933,0.015,-344299.6,0.883,0.015,1.726,11.88,0,0.015,-0.003,0.014,0.012,13.22,-1.6,0.7,100,0
"2025-11-15 22:09:00",110263,"",7999,2025,11,15,22,3,5,0.0558,0.939,0.032,-344283,0.889,0.033,1.738,11.91,0,0.033,-0.005,0.03,0.014,13.22,-1.6,0.7,100,0
"2025-11-15 22:12:00",110264,"",7999,2025,11,15,22,3,5,0.0558,0.939,0.032,-344283,0.889,0.033,1.738,11.91,0,0.033,-0.005,0.03,0.014,13.22,-1.6,0.7,100,0
"2025-11-15 22:15:00",110265,"",7999,2025,11,15,22,9,5,0.1004,0.95,0.057,-344252.2,0.9,0.058,1.759,11.85,0,0.058,-0.004,0.056,0.05,13.22,-1.6,0.7,100,0
"2025-11-15 22:18:00",110266,"",7999,2025,11,15,22,9,5,0.1004,0.95,0.057,-344252.2,0.9,0.058,1.759,11.85,0,0.058,-0.004,0.056,0.05,13.22,-1.6,0.7,100,0
"2025-11-15 22:21:00",110267,"",7999,2025,11,15,22,15,5,0.0973,0.957,0.055,-344216.8,0.907,0.054,1.771,11.88,0,0.054,-0.005,0.042,0.031,13.22,-1.6,0.6,100,0
"2025-11-15 22:24:00",110268,"",7999,2025,11,15,22,15,5,0.0973,0.957,0.055,-344216.8,0.907,0.054,1.771,11.88,0,0.054,-0.005,0.042,0.031,13.22,-1.6,0.6,100,0
"2025-11-15 22:27:00",110269,"",7999,2025,11,15,22,21,5,0.0901,0.963,0.051,-344183.4,0.913,0.051,1.783,11.86,0,0.051,-0.005,0.04,0.038,13.22,-1.6,0.7,100,0
"2025-11-15 22:30:00",110270,"",7999,2025,11,15,22,21,5,0.0901,0.963,0.051,-344183.4,0.913,0.051,1.783,11.86,0,0.051,-0.005,0.04,0.038,13.22,-1.6,0.7,100,0
"2025-11-15 22:33:00",110271,"",7999,2025,11,15,22,27,5,0.0983,0.972,0.055,-344149,0.922,0.056,1.798,11.83,0,0.056,-0.004,0.042,0.031,13.22,-1.6,0.7,100,0
"2025-11-15 22:36:00",110272,"",7999,2025,11,15,22,27,5,0.0983,0.972,0.055,-344149,0.922,0.056,1.798,11.83,0,0.056,-0.004,0.042,0.031,13.22,-1.6,0.7,100,0
"2025-11-15 22:39:00",110273,"",7999,2025,11,15,22,33,5,0.1028,0.98,0.057,-344112.5,0.93,0.058,1.813,11.85,0,0.058,-0.004,0.04,0.033,13.22,-1.6,0.7,100,0
"2025-11-15 22:42:00",110274,"",7999,2025,11,15,22,33,5,0.1028,0.98,0.057,-344112.5,0.93,0.058,1.813,11.85,0,0.058,-0.004,0.04,0.033,13.22,-1.6,0.7,100,0
"2025-11-15 22:45:00",110275,"",7999,2025,11,15,22,39,5,0.1189,0.992,0.065,-344071.7,0.942,0.065,1.836,11.8,0,0.065,-0.005,0.053,0.026,13.22,-1.6,0.7,100,0
"2025-11-15 22:48:00",110276,"",7999,2025,11,15,22,39,5,0.1189,0.992,0.065,-344071.7,0.942,0.065,1.836,11.8,0,0.065,-0.005,0.053,0.026,13.22,-1.6,0.7,100,0
"2025-11-15 22:51:00",110277,"",7999,2025,11,15,22,45,5,0.1554,1.003,0.084,-344020.1,0.953,0.085,1.856,11.77,0,0.085,-0.003,0.065,0.028,13.22,-1.6,0.7,100,0
"2025-11-15 22:54:00",110278,"",7999,2025,11,15,22,45,5,0.1554,1.003,0.084,-344020.1,0.953,0.085,1.856,11.77,0,0.085,-0.003,0.065,0.028,13.22,-1.6,0.7,100,0
"2025-11-15 22:57:00",110279,"",7999,2025,11,15,22,51,5,0.1159,1.01,0.062,-343973.6,0.96,0.063,1.868,11.77,0,0.063,-0.006,0.051,0.026,13.22,-1.6,0.7,100,0
"2025-11-15 23:00:00",110280,"",7999,2025,11,15,22,51,5,0.1159,1.01,0.062,-343973.6,0.96,0.063,1.868,11.77,0,0.063,-0.006,0.051,0.026,13.22,-1.6,0.7,100,0
"2025-11-15 23:03:00",110281,"",7999,2025,11,15,22,57,5,0.113,1.015,0.06,-343932.5,0.965,0.06,1.879,11.82,0,0.06,-0.005,0.04,0.024,13.22,-1.6,0.7,100,0
"2025-11-15 23:06:00",110282,"",7999,2025,11,15,22,57,5,0.113,1.015,0.06,-343932.5,0.965,0.06,1.879,11.82,0,0.06,-0.005,0.04,0.024,13.22,-1.6,0.7,100,0
"2025-11-15 23:09:00",110283,"",7999,2025,11,15,23,3,5,0.1019,1.019,0.054,-343894.5,0.969,0.054,1.886,11.84,0,0.054,-0.003,0.04,0.012,13.22,-1.6,0.7,100,0
"2025-11-15 23:12:00",110284,"",7999,2025,11,15,23,3,5,0.1019,1.019,0.054,-343894.5,0.969,0.054,1.886,11.84,0,0.054,-0.003,0.04,0.012,13.22,-1.6,0.7,100,0
"2025-11-15 23:15:00",110285,"",7999,2025,11,15,23,9,5,0.1274,1.025,0.067,-343851.7,0.975,0.068,1.896,11.82,0,0.068,-0.006,0.065,0.026,13.22,-1.6,0.7,100,0
"2025-11-15 23:18:00",110286,"",7999,2025,11,15,23,9,5,0.1274,1.025,0.067,-343851.7,0.975,0.068,1.896,11.82,0,0.068,-0.006,0.065,0.026,13.22,-1.6,0.7,100,0
"2025-11-15 23:21:00",110287,"",7999,2025,11,15,23,15,5,0.12,1.031,0.063,-343807.6,0.981,0.064,1.908,11.82,0,0.064,-0.005,0.046,0.028,13.22,-1.6,0.7,100,0
"2025-11-15 23:24:00",110288,"",7999,2025,11,15,23,15,5,0.12,1.031,0.063,-343807.6,0.981,0.064,1.908,11.82,0,0.064,-0.005,0.046,0.028,13.22,-1.6,0.7,100,0
"2025-11-15 23:27:00",110289,"",7999,2025,11,15,23,21,5,0.1228,1.035,0.064,-343763.7,0.985,0.064,1.915,11.83,0,0.064,-0.005,0.058,0.038,13.22,-1.6,0.7,100,0
"2025-11-15 23:30:00",110290,"",7999,2025,11,15,23,21,5,0.1228,1.035,0.064,-343763.7,0.985,0.064,1.915,11.83,0,0.064,-0.005,0.058,0.038,13.22,-1.6,0.7,100,0
"2025-11-15 23:33:00",110291,"",7999,2025,11,15,23,27,5,0.136,1.04,0.071,-343716.3,0.99,0.071,1.924,11.8,0,0.071,-0.005,0.06,0.026,13.22,-1.6,0.7,100,0
"2025-11-15 23:36:00",110292,"",7999,2025,11,15,23,27,5,0.136,1.04,0.071,-343716.3,0.99,0.071,1.924,11.8,0,0.071,-0.005,0.06,0.026,13.22,-1.6,0.7,100,0
"2025-11-15 23:39:00",110293,"",7999,2025,11,15,23,33,5,0.1171,1.044,0.061,-343671.8,0.994,0.06,1.931,11.78,0,0.06,-0.004,0.04,0.014,13.22,-1.6,0.7,100,0
"2025-11-15 23:42:00",110294,"",7999,2025,11,15,23,33,5,0.1171,1.044,0.061,-343671.8,0.994,0.06,1.931,11.78,0,0.06,-0.004,0.04,0.014,13.22,-1.6,0.7,100,0
"2025-11-15 23:45:00",110295,"",7999,2025,11,15,23,39,5,0.1407,1.049,0.072,-343624,0.999,0.073,1.942,11.75,0,0.073,-0.005,0.053,0.031,13.22,-1.6,0.7,100,0
"2025-11-15 23:48:00",110296,"",7999,2025,11,15,23,39,5,0.1407,1.049,0.072,-343624,0.999,0.073,1.942,11.75,0,0.073,-0.005,0.053,0.031,13.22,-1.6,0.7,100,0
"2025-11-15 23:51:00",110297,"",7999,2025,11,15,23,45,5,0.1453,1.055,0.074,-343572.3,1.005,0.076,1.952,11.74,0,0.076,-0.003,0.06,0.028,13.22,-1.6,0.7,100,0
"2025-11-15 23:54:00",110298,"",7999,2025,11,15,23,45,5,0.1453,1.055,0.074,-343572.3,1.005,0.076,1.952,11.74,0,0.076,-0.003,0.06,0.028,13.22,-1.6,0.7,100,0
"2025-11-15 23:57:00",110299,"",7999,2025,11,15,23,51,5,0.1801,1.062,0.092,-343511.6,1.012,0.092,1.965,11.75,0,0.092,-0.005,0.074,0.047,13.22,-1.6,0.7,100,0
"2025-11-16 00:00:00",110300,"",7999,2025,11,15,23,51,5,0.1801,1.062,0.092,-343511.6,1.012,0.092,1.965,11.75,0,0.092,-0.005,0.074,0.047,13.22,-1.6,0.7,100,0
"2025-11-16 00:03:00",110301,"",7999,2025,11,15,23,57,5,0.1842,1.068,0.093,-343445.8,1.018,0.105,1.976,11.75,0,0.105,-0.008,0.072,0.04,13.22,-1.6,0.7,100,0
"2025-11-16 00:06:00",110302,"",7999,2025,11,15,23,57,5,0.1842,1.068,0.093,-343445.8,1.018,0.105,1.976,11.75,0,0.105,-0.008,0.072,0.04,13.22,-1.6,0.7,100,0
"2025-11-16 00:09:00",110303,"",7999,2025,11,16,0,3,5,0.1866,1.073,0.094,-343378.8,1.023,0.106,1.985,11.73,0,0.106,-0.006,0.067,0.054,13.22,-1.6,0.7,100,0
"2025-11-16 00:12:00",110304,"",7999,2025,11,16,0,3,5,0.1866,1.073,0.094,-343378.8,1.023,0.106,1.985,11.73,0,0.106,-0.006,0.067,0.054,13.22,-1.6,0.7,100,0
"2025-11-16 00:15:00",110305,"",7999,2025,11,16,0,9,5,0.1918,1.079,0.096,-343310.4,1.029,0.102,1.997,11.73,0,0.102,-0.002,0.088,0.047,13.22,-1.6,0.7,100,0
"2025-11-16 00:18:00",110306,"",7999,2025,11,16,0,9,5,0.1918,1.079,0.096,-343310.4,1.029,0.102,1.997,11.73,0,0.102,-0.002,0.088,0.047,13.22,-1.6,0.7,100,0
"2025-11-16 00:21:00",110307,"",7999,2025,11,16,0,15,5,0.2366,1.086,0.118,-343230.6,1.036,0.119,2.01,11.72,0,0.119,0.001,0.098,0.069,13.22,-1.6,0.7,100,0
"2025-11-16 00:24:00",110308,"",7999,2025,11,16,0,15,5,0.2366,1.086,0.118,-343230.6,1.036,0.119,2.01,11.72,0,0.119,0.001,0.098,0.069,13.22,-1.6,0.7,100,0
"2025-11-16 00:27:00",110309,"",7999,2025,11,16,0,21,5,0.2574,1.093,0.127,-343140.4,1.043,0.126,2.022,11.7,0,0.126,0.002,0.1,0.069,13.22,-1.6,0.7,100,0
"2025-11-16 00:30:00",110310,"",7999,2025,11,16,0,21,5,0.2574,1.093,0.127,-343140.4,1.043,0.126,2.022,11.7,0,0.126,0.002,0.1,0.069,13.22,-1.6,0.7,100,0
"2025-11-16 00:33:00",110311,"",7999,2025,11,16,0,27,5,0.2832,1.1,0.139,-343041.5,1.05,0.136,2.035,11.71,0,0.136,0.003,0.112,0.083,13.22,-1.6,0.7,100,0
"2025-11-16 00:36:00",110312,"",7999,2025,11,16,0,27,5,0.2832,1.1,0.139,-343041.5,1.05,0.136,2.035,11.71,0,0.136,0.003,0.112,0.083,13.22,-1.6,0.7,100,0
"2025-11-16 00:39:00",110313,"",7999,2025,11,16,0,33,5,0.2988,1.106,0.146,-342935.8,1.056,0.137,2.047,11.7,0,0.137,0,0.088,0.092,13.22,-1.6,0.7,100,0
"2025-11-16 00:42:00",110314,"",7999,2025,11,16,0,33,5,0.2988,1.106,0.146,-342935.8,1.056,0.137,2.047,11.7,0,0.137,0,0.088,0.092,13.22,-1.6,0.7,100,0
"2025-11-16 00:45:00",110315,"",7999,2025,11,16,0,39,5,0.3018,1.112,0.147,-342827.5,1.062,0.139,2.057,11.71,0,0.139,0.001,0.086,0.092,13.22,-1.6,0.7,100,0
"2025-11-16 00:48:00",110316,"",7999,2025,11,16,0,39,5,0.3018,1.112,0.147,-342827.5,1.062,0.139,2.057,11.71,0,0.139,0.001,0.086,0.092,13.22,-1.6,0.7,100,0
"2025-11-16 00:51:00",110317,"",7999,2025,11,16,0,45,5,0.2953,1.117,0.143,-342720.4,1.067,0.14,2.067,11.69,0,0.14,0.002,0.084,0.083,13.22,-1.6,0.7,100,0
"2025-11-16 00:54:00",110318,"",7999,2025,11,16,0,45,5,0.2953,1.117,0.143,-342720.4,1.067,0.14,2.067,11.69,0,0.14,0.002,0.084,0.083,13.22,-1.6,0.7,100,0
"2025-11-16 00:57:00",110319,"",7999,2025,11,16,0,51,5,0.2728,1.121,0.132,-342619.5,1.071,0.131,2.074,11.7,0,0.131,-0.002,0.088,0.085,13.22,-1.6,0.7,100,0
"2025-11-16 01:00:00",110320,"",7999,2025,11,16,0,51,5,0.2728,1.121,0.132,-342619.5,1.071,0.131,2.074,11.7,0,0.131,-0.002,0.088,0.085,13.22,-1.6,0.7,100,0
"2025-11-16 01:03:00",110321,"",7999,2025,11,16,0,57,5,0.1545,1.12,0.075,-342549.7,1.07,0.075,2.073,11.73,0,0.075,-0.001,0.044,0.052,13.22,-1.6,0.7,100,0
"2025-11-16 01:06:00",110322,"",7999,2025,11,16,0,57,5,0.1545,1.12,0.075,-342549.7,1.07,0.075,2.073,11.73,0,0.075,-0.001,0.044,0.052,13.22,-1.6,0.7,100,0
"2025-11-16 01:09:00",110323,"",7999,2025,11,16,1,3,5,0.1811,1.121,0.087,-342487.7,1.071,0.09,2.075,11.73,0,0.09,-0.003,0.067,0.059,13.22,-1.6,0.7,100,0
"2025-11-16 01:12:00",110324,"",7999,2025,11,16,1,3,5,0.1811,1.121,0.087,-342487.7,1.071,0.09,2.075,11.73,0,0.09,-0.003,0.067,0.059,13.22,-1.6,0.7,100,0
"2025-11-16 01:15:00",110325,"",7999,2025,11,16,1,9,5,0.1794,1.123,0.086,-342422.8,1.073,0.088,2.078,11.73,0,0.088,-0.004,0.06,0.052,13.22,-1.6,0.7,100,0
"2025-11-16 01:18:00",110326,"",7999,2025,11,16,1,9,5,0.1794,1.123,0.086,-342422.8,1.073,0.088,2.078,11.73,0,0.088,-0.004,0.06,0.052,13.22,-1.6,0.7,100,0
"2025-11-16 01:21:00",110327,"",7999,2025,11,16,1,15,5,0.1969,1.124,0.095,-342354.1,1.074,0.099,2.08,11.74,0,0.099,-0.005,0.063,0.069,13.22,-1.6,0.7,100,0
"2025-11-16 01:24:00",110328,"",7999,2025,11,16,1,15,5,0.1969,1.124,0.095,-342354.1,1.074,0.099,2.08,11.74,0,0.099,-0.005,0.063,0.069,13.22,-1.6,0.7,100,0
"2025-11-16 01:27:00",110329,"",7999,2025,11,16,1,21,5,0.2505,1.128,0.12,-342270.3,1.078,0.114,2.087,11.73,0,0.114,-0.006,0.081,0.064,13.22,-1.6,0.7,100,0
"2025-11-16 01:30:00",110330,"",7999,2025,11,16,1,21,5,0.2505,1.128,0.12,-342270.3,1.078,0.114,2.087,11.73,0,0.114,-0.006,0.081,0.064,13.22,-1.6,0.7,100,0
"2025-11-16 01:33:00",110331,"",7999,2025,11,16,1,27,5,0.1137,1.127,0.055,-342212.9,1.077,0.054,2.085,11.8,0,0.054,-0.01,0.042,0.019,13.22,-1.5,0.7,100,0
"2025-11-16 01:36:00",110332,"",7999,2025,11,16,1,27,5,0.1137,1.127,0.055,-342212.9,1.077,0.054,2.085,11.8,0,0.054,-0.01,0.042,0.019,13.22,-1.5,0.7,100,0
"2025-11-16 01:39:00",110333,"",7999,2025,11,16,1,33,5,-0.0213,1.121,-0.01,-342204.4,1.071,-0.01,2.075,11.86,0,-0.01,-0.001,-0.021,-0.014,13.22,-1.6,0.7,100,0
"2025-11-16 01:42:00",110334,"",7999,2025,11,16,1,33,5,-0.0213,1.121,-0.01,-342204.4,1.071,-0.01,2.075,11.86,0,-0.01,-0.001,-0.021,-0.014,13.22,-1.6,0.7,100,0
"2025-11-16 01:45:00",110335,"",7999,2025,11,16,1,39,5,0.0704,1.121,0.034,-342190.1,1.071,0.035,2.074,11.95,0,0.035,-0.003,0,0.019,13.22,-1.6,0.7,100,0
"2025-11-16 01:48:00",110336,"",7999,2025,11,16,1,39,5,0.0704,1.121,0.034,-342190.1,1.071,0.035,2.074,11.95,0,0.035,-0.003,0,0.019,13.22,-1.6,0.7,100,0
"2025-11-16 01:51:00",110337,"",7999,2025,11,16,1,45,5,0.1615,1.124,0.078,-342142.9,1.074,0.079,2.079,11.83,0,0.079,-0.009,0.06,0.047,13.22,-1.6,0.7,100,0
"2025-11-16 01:54:00",110338,"",7999,2025,11,16,1,45,5,0.1615,1.124,0.078,-342142.9,1.074,0.079,2.079,11.83,0,0.079,-0.009,0.06,0.047,13.22,-1.6,0.7,100,0
"2025-11-16 01:57:00",110339,"",7999,2025,11,16,1,51,5,0.1793,1.127,0.086,-342080.4,1.077,0.086,2.086,11.76,0,0.086,-0.001,0.051,0.052,13.22,-1.6,0.7,100,0
"2025-11-16 02:00:00",110340,"",7999,2025,11,16,1,51,5,0.1793,1.127,0.086,-342080.4,1.077,0.086,2.086,11.76,0,0.086,-0.001,0.051,0.052,13.22,-1.6,0.7,100,0
"2025-11-16 02:03:00",110341,"",7999,2025,11,16,1,57,5,0.1683,1.13,0.081,-342018.5,1.08,0.081,2.091,11.77,0,0.081,-0.004,0.053,0.05,13.22,-1.6,0.7,100,0
"2025-11-16 02:06:00",110342,"",7999,2025,11,16,1,57,5,0.1683,1.13,0.081,-342018.5,1.08,0.081,2.091,11.77,0,0.081,-0.004,0.053,0.05,13.22,-1.6,0.7,100,0
"2025-11-16 02:09:00",110343,"",7999,2025,11,16,2,3,5,0.1812,1.132,0.086,-341954.8,1.082,0.088,2.095,11.76,0,0.088,-0.01,0.056,0.071,13.22,-1.6,0.7,100,0
"2025-11-16 02:12:00",110344,"",7999,2025,11,16,2,3,5,0.1812,1.132,0.086,-341954.8,1.082,0.088,2.095,11.76,0,0.088,-0.01,0.056,0.071,13.22,-1.6,0.7,100,0
"2025-11-16 02:15:00",110345,"",7999,2025,11,16,2,9,5,0.1783,1.135,0.085,-341890.3,1.085,0.086,2.1,11.78,0,0.086,-0.01,0.056,0.045,13.22,-1.6,0.7,100,0
"2025-11-16 02:18:00",110346,"",7999,2025,11,16,2,9,5,0.1783,1.135,0.085,-341890.3,1.085,0.086,2.1,11.78,0,0.086,-0.01,0.056,0.045,13.22,-1.6,0.7,100,0
"2025-11-16 02:21:00",110347,"",7999,2025,11,16,2,15,5,0.1259,1.135,0.06,-341838.6,1.085,0.06,2.1,11.8,0,0.06,-0.01,0.019,0.024,13.22,-1.6,0.7,100,0
"2025-11-16 02:24:00",110348,"",7999,2025,11,16,2,15,5,0.1259,1.135,0.06,-341838.6,1.085,0.06,2.1,11.8,0,0.06,-0.01,0.019,0.024,13.22,-1.6,0.7,100,0
"2025-11-16 02:27:00",110349,"",7999,2025,11,16,2,21,5,0.0281,1.132,0.013,-341816.8,1.082,0.013,2.095,11.91,0,0.013,-0.003,0,-0.002,13.22,-1.6,0.7,100,0
"2025-11-16 02:30:00",110350,"",7999,2025,11,16,2,21,5,0.0281,1.132,0.013,-341816.8,1.082,0.013,2.095,11.91,0,0.013,-0.003,0,-0.002,13.22,-1.6,0.7,100,0
"2025-11-16 02:33:00",110351,"",7999,2025,11,16,2,27,5,0.0772,1.132,0.037,-341794.9,1.082,0.036,2.095,11.98,0,0.036,-0.003,0.021,0.026,13.22,-1.6,0.7,100,0
"2025-11-16 02:36:00",110352,"",7999,2025,11,16,2,27,5,0.0772,1.132,0.037,-341794.9,1.082,0.036,2.095,11.98,0,0.036,-0.003,0.021,0.026,13.22,-1.6,0.7,100,0
"2025-11-16 02:39:00",110353,"",7999,2025,11,16,2,33,5,0.0468,1.131,0.022,-341774.3,1.081,0.021,2.094,11.94,0,0.021,-0.003,-0.021,0.021,13.22,-1.6,0.7,100,0
"2025-11-16 02:42:00",110354,"",7999,2025,11,16,2,33,5,0.0468,1.131,0.022,-341774.3,1.081,0.021,2.094,11.94,0,0.021,-0.003,-0.021,0.021,13.22,-1.6,0.7,100,0
"2025-11-16 02:45:00",110355,"",7999,2025,11,16,2,39,5,-0.0006,1.129,0,-341768.9,1.079,0,2.089,11.97,0,0,-0.003,-0.014,-0.017,13.22,-1.6,0.7,100,0
"2025-11-16 02:48:00",110356,"",7999,2025,11,16,2,39,5,-0.0006,1.129,0,-341768.9,1.079,0,2.089,11.97,0,0,-0.003,-0.014,-0.017,13.22,-1.6,0.7,100,0
"2025-11-16 02:51:00",110357,"",7999,2025,11,16,2,45,5,-0.0575,1.125,-0.028,-341782.8,1.075,-0.027,2.082,11.9,0,-0.027,0.002,-0.033,-0.033,13.22,-1.6,0.7,100,0
"2025-11-16 02:54:00",110358,"",7999,2025,11,16,2,45,5,-0.0575,1.125,-0.028,-341782.8,1.075,-0.027,2.082,11.9,0,-0.027,0.002,-0.033,-0.033,13.22,-1.6,0.7,100,0
"2025-11-16 02:57:00",110359,"",7999,2025,11,16,2,51,5,-0.0969,1.12,-0.047,-341812.9,1.07,-0.05,2.072,11.82,0,-0.05,-0.003,-0.042,-0.085,13.22,-1.6,0.7,100,0
"2025-11-16 03:00:00",110360,"",7999,2025,11,16,2,51,5,-0.0969,1.12,-0.047,-341812.9,1.07,-0.05,2.072,11.82,0,-0.05,-0.003,-0.042,-0.085,13.22,-1.6,0.7,100,0
"2025-11-16 03:03:00",110361,"",7999,2025,11,16,2,57,5,-0.0658,1.117,-0.032,-341840.4,1.067,-0.033,2.066,11.83,0,-0.033,-0.005,-0.037,-0.069,13.22,-1.6,0.7,100,0
"2025-11-16 03:06:00",110362,"",7999,2025,11,16,2,57,5,-0.0658,1.117,-0.032,-341840.4,1.067,-0.033,2.066,11.83,0,-0.033,-0.005,-0.037,-0.069,13.22,-1.6,0.7,100,0
"2025-11-16 03:09:00",110363,"",7999,2025,11,16,3,3,5,-0.0711,1.114,-0.035,-341865.4,1.064,-0.034,2.062,11.85,0,-0.034,-0.001,-0.023,-0.054,13.22,-1.6,0.7,100,0
"2025-11-16 03:12:00",110364,"",7999,2025,11,16,3,3,5,-0.0711,1.114,-0.035,-341865.4,1.064,-0.034,2.062,11.85,0,-0.034,-0.001,-0.023,-0.054,13.22,-1.6,0.7,100,0
"2025-11-16 03:15:00",110365,"",7999,2025,11,16,3,9,5,0.0594,1.116,0.029,-341859.6,1.066,0.029,2.065,11.93,0,0.029,-0.003,0.007,0.019,13.22,-1.6,0.7,100,0
"2025-11-16 03:18:00",110366,"",7999,2025,11,16,3,9,5,0.0594,1.116,0.029,-341859.6,1.066,0.029,2.065,11.93,0,0.029,-0.003,0.007,0.019,13.22,-1.6,0.7,100,0
"2025-11-16 03:21:00",110367,"",7999,2025,11,16,3,15,5,0.0438,1.117,0.021,-341842,1.067,0.019,2.066,11.96,0,0.019,-0.002,-0.03,0.009,13.22,-1.6,0.7,100,0
"2025-11-16 03:24:00",110368,"",7999,2025,11,16,3,15,5,0.0438,1.117,0.021,-341842,1.067,0.019,2.066,11.96,0,0.019,-0.002,-0.03,0.009,13.22,-1.6,0.7,100,0
"2025-11-16 03:27:00",110369,"",7999,2025,11,16,3,21,5,-0.1436,1.11,-0.07,-341871.2,1.06,-0.073,2.054,11.84,0,-0.073,-0.001,-0.07,-0.102,13.22,-1.6,0.7,100,0
"2025-11-16 03:30:00",110370,"",7999,2025,11,16,3,21,5,-0.1436,1.11,-0.07,-341871.2,1.06,-0.073,2.054,11.84,0,-0.073,-0.001,-0.07,-0.102,13.22,-1.6,0.7,100,0
"2025-11-16 03:33:00",110371,"",7999,2025,11,16,3,27,5,-0.1856,1.104,-0.091,-341933,1.054,-0.096,2.043,11.84,0,-0.096,-0.002,-0.091,-0.14,13.22,-1.6,0.7,100,0
"2025-11-16 03:36:00",110372,"",7999,2025,11,16,3,27,5,-0.1856,1.104,-0.091,-341933,1.054,-0.096,2.043,11.84,0,-0.096,-0.002,-0.091,-0.14,13.22,-1.6,0.7,100,0
"2025-11-16 03:39:00",110373,"",7999,2025,11,16,3,33,5,-0.2409,1.095,-0.119,-342013.1,1.045,-0.129,2.025,11.89,0,-0.129,-0.002,-0.084,-0.182,13.22,-1.6,0.7,100,0
"2025-11-16 03:42:00",110374,"",7999,2025,11,16,3,33,5,-0.2409,1.095,-0.119,-342013.1,1.045,-0.129,2.025,11.89,0,-0.129,-0.002,-0.084,-0.182,13.22,-1.6,0.7,100,0
"2025-11-16 03:45:00",110375,"",7999,2025,11,16,3,39,5,-0.198,1.09,-0.098,-342089.5,1.04,-0.11,2.017,11.88,0,-0.11,-0.002,-0.086,-0.147,13.22,-1.6,0.7,100,0
"2025-11-16 03:48:00",110376,"",7999,2025,11,16,3,39,5,-0.198,1.09,-0.098,-342089.5,1.04,-0.11,2.017,11.88,0,-0.11,-0.002,-0.086,-0.147,13.22,-1.6,0.7,100,0
"2025-11-16 03:51:00",110377,"",7999,2025,11,16,3,45,5,-0.1976,1.085,-0.098,-342160.8,1.035,-0.115,2.008,11.91,0,-0.115,0,-0.074,-0.144,13.22,-1.6,0.7,100,0
"2025-11-16 03:54:00",110378,"",7999,2025,11,16,3,45,5,-0.1976,1.085,-0.098,-342160.8,1.035,-0.115,2.008,11.91,0,-0.115,0,-0.074,-0.144,13.22,-1.6,0.7,100,0
"2025-11-16 03:57:00",110379,"",7999,2025,11,16,3,51,5,-0.1712,1.077,-0.086,-342225.6,1.027,-0.102,1.992,11.91,0,-0.102,0,-0.063,-0.128,13.22,-1.6,0.7,100,0
"2025-11-16 04:00:00",110380,"",7999,2025,11,16,3,51,5,-0.1712,1.077,-0.086,-342225.6,1.027,-0.102,1.992,11.91,0,-0.102,0,-0.063,-0.128,13.22,-1.6,0.7,100,0
"2025-11-16 04:03:00",110381,"",7999,2025,11,16,3,57,5,-0.2244,1.067,-0.114,-342300,1.017,-0.138,1.974,11.95,0,-0.138,-0.003,-0.084,-0.192,13.22,-1.7,0.7,100,0
"2025-11-16 04:06:00",110382,"",7999,2025,11,16,3,57,5,-0.2244,1.067,-0.114,-342300,1.017,-0.138,1.974,11.95,0,-0.138,-0.003,-0.084,-0.192,13.22,-1.7,0.7,100,0
"2025-11-16 04:09:00",110383,"",7999,2025,11,16,4,3,5,-0.3082,1.05,-0.159,-342400.9,1,-0.188,1.942,11.93,0,-0.188,-0.002,-0.105,-0.225,13.22,-1.9,0.6,100,0
"2025-11-16 04:12:00",110384,"",7999,2025,11,16,4,3,5,-0.3082,1.05,-0.159,-342400.9,1,-0.188,1.942,11.93,0,-0.188,-0.002,-0.105,-0.225,13.22,-1.9,0.6,100,0
"2025-11-16 04:15:00",110385,"",7999,2025,11,16,4,9,5,-0.2612,1.039,-0.136,-342500.6,0.989,-0.157,1.923,11.92,0,-0.157,0,-0.091,-0.192,13.22,-1.9,0.7,100,0
"2025-11-16 04:18:00",110386,"",7999,2025,11,16,4,9,5,-0.2612,1.039,-0.136,-342500.6,0.989,-0.157,1.923,11.92,0,-0.157,0,-0.091,-0.192,13.22,-1.9,0.7,100,0
"2025-11-16 04:21:00",110387,"",7999,2025,11,16,4,15,5,-0.2182,1.031,-0.114,-342584.3,0.981,-0.133,1.908,11.96,0,-0.133,-0.004,-0.074,-0.178,13.22,-1.9,0.7,100,0
"2025-11-16 04:24:00",110388,"",7999,2025,11,16,4,15,5,-0.2182,1.031,-0.114,-342584.3,0.981,-0.133,1.908,11.96,0,-0.133,-0.004,-0.074,-0.178,13.22,-1.9,0.7,100,0
"2025-11-16 04:27:00",110389,"",7999,2025,11,16,4,21,5,-0.1592,1.029,-0.084,-342648.8,0.979,-0.085,1.904,12,0,-0.085,-0.004,-0.035,-0.118,13.22,-1.9,0.7,100,0
"2025-11-16 04:30:00",110390,"",7999,2025,11,16,4,21,5,-0.1592,1.029,-0.084,-342648.8,0.979,-0.085,1.904,12,0,-0.085,-0.004,-0.035,-0.118,13.22,-1.9,0.7,100,0
"2025-11-16 04:33:00",110391,"",7999,2025,11,16,4,27,5,-0.1421,1.024,-0.075,-342702,0.974,-0.077,1.895,12.04,0,-0.077,-0.005,-0.04,-0.118,13.22,-1.8,0.7,100,0
"2025-11-16 04:36:00",110392,"",7999,2025,11,16,4,27,5,-0.1421,1.024,-0.075,-342702,0.974,-0.077,1.895,12.04,0,-0.077,-0.005,-0.04,-0.118,13.22,-1.8,0.7,100,0
"2025-11-16 04:39:00",110393,"",7999,2025,11,16,4,33,5,-0.1859,1.016,-0.099,-342763.7,0.966,-0.1,1.88,12.03,0,-0.1,-0.003,-0.03,-0.161,13.22,-1.8,0.7,100,0
"2025-11-16 04:42:00",110394,"",7999,2025,11,16,4,33,5,-0.1859,1.016,-0.099,-342763.7,0.966,-0.1,1.88,12.03,0,-0.1,-0.003,-0.03,-0.161,13.22,-1.8,0.7,100,0
"2025-11-16 04:45:00",110395,"",7999,2025,11,16,4,39,5,-0.1458,1.016,-0.078,-342821,0.966,-0.079,1.88,12.03,0,-0.079,-0.005,-0.005,-0.123,13.22,-1.8,0.7,100,0
"2025-11-16 04:48:00",110396,"",7999,2025,11,16,4,39,5,-0.1458,1.016,-0.078,-342821,0.966,-0.079,1.88,12.03,0,-0.079,-0.005,-0.005,-0.123,13.22,-1.8,0.7,100,0
"2025-11-16 04:51:00",110397,"",7999,2025,11,16,4,45,5,-0.1492,1.01,-0.08,-342874.3,0.96,-0.081,1.87,12.05,0,-0.081,-0.002,-0.005,-0.121,13.22,-1.8,0.7,100,0
"2025-11-16 04:54:00",110398,"",7999,2025,11,16,4,45,5,-0.1492,1.01,-0.08,-342874.3,0.96,-0.081,1.87,12.05,0,-0.081,-0.002,-0.005,-0.121,13.22,-1.8,0.7,100,0
"2025-11-16 04:57:00",110399,"",7999,2025,11,16,4,51,5,-0.1202,1.008,-0.064,-342921.1,0.958,-0.065,1.865,12.06,0,-0.065,-0.003,-0.023,-0.085,13.22,-1.8,0.7,100,0
"2025-11-16 05:00:00",110400,"",7999,2025,11,16,4,51,5,-0.1202,1.008,-0.064,-342921.1,0.958,-0.065,1.865,12.06,0,-0.065,-0.003,-0.023,-0.085,13.22,-1.8,0.7,100,0
"2025-11-16 05:03:00",110401,"",7999,2025,11,16,4,57,5,-0.1574,1.005,-0.085,-342973.3,0.955,-0.086,1.859,12.08,0,-0.086,0.001,-0.049,-0.118,13.22,-1.8,0.7,100,0
"2025-11-16 05:06:00",110402,"",7999,2025,11,16,4,57,5,-0.1574,1.005,-0.085,-342973.3,0.955,-0.086,1.859,12.08,0,-0.086,0.001,-0.049,-0.118,13.22,-1.8,0.7,100,0
"2025-11-16 05:09:00",110403,"",7999,2025,11,16,5,3,5,-0.143,1.002,-0.077,-343026.5,0.952,-0.077,1.855,12.08,0,-0.077,-0.001,-0.035,-0.109,13.22,-1.8,0.7,100,0
"2025-11-16 05:12:00",110404,"",7999,2025,11,16,5,3,5,-0.143,1.002,-0.077,-343026.5,0.952,-0.077,1.855,12.08,0,-0.077,-0.001,-0.035,-0.109,13.22,-1.8,0.7,100,0
"2025-11-16 05:15:00",110405,"",7999,2025,11,16,5,9,5,-0.1365,0.999,-0.074,-343076.4,0.949,-0.075,1.849,12.1,0,-0.075,-0.001,-0.035,-0.109,13.22,-1.8,0.7,100,0
"2025-11-16 05:18:00",110406,"",7999,2025,11,16,5,9,5,-0.1365,0.999,-0.074,-343076.4,0.949,-0.075,1.849,12.1,0,-0.075,-0.001,-0.035,-0.109,13.22,-1.8,0.7,100,0
"2025-11-16 05:21:00",110407,"",7999,2025,11,16,5,15,5,-0.1714,0.991,-0.094,-343134,0.941,-0.111,1.833,12.08,0,-0.111,0.002,-0.063,-0.147,13.22,-1.8,0.7,100,0
"2025-11-16 05:24:00",110408,"",7999,2025,11,16,5,15,5,-0.1714,0.991,-0.094,-343134,0.941,-0.111,1.833,12.08,0,-0.111,0.002,-0.063,-0.147,13.22,-1.8,0.7,100,0
"2025-11-16 05:27:00",110409,"",7999,2025,11,16,5,21,5,-0.1789,0.979,-0.099,-343197.5,0.929,-0.1,1.812,12.06,0,-0.1,-0.003,-0.058,-0.126,13.22,-1.8,0.7,100,0
"2025-11-16 05:30:00",110410,"",7999,2025,11,16,5,21,5,-0.1789,0.979,-0.099,-343197.5,0.929,-0.1,1.812,12.06,0,-0.1,-0.003,-0.058,-0.126,13.22,-1.8,0.7,100,0
"2025-11-16 05:33:00",110411,"",7999,2025,11,16,5,27,5,-0.116,0.975,-0.064,-343246.8,0.925,-0.065,1.804,12.08,0,-0.065,0,-0.04,-0.085,13.22,-1.7,0.7,100,0
"2025-11-16 05:36:00",110412,"",7999,2025,11,16,5,27,5,-0.116,0.975,-0.064,-343246.8,0.925,-0.065,1.804,12.08,0,-0.065,0,-0.04,-0.085,13.22,-1.7,0.7,100,0
"2025-11-16 05:39:00",110413,"",7999,2025,11,16,5,33,5,-0.0848,0.974,-0.047,-343281.1,0.924,-0.047,1.802,12.1,0,-0.047,-0.003,-0.028,-0.081,13.22,-1.7,0.7,100,0
"2025-11-16 05:42:00",110414,"",7999,2025,11,16,5,33,5,-0.0848,0.974,-0.047,-343281.1,0.924,-0.047,1.802,12.1,0,-0.047,-0.003,-0.028,-0.081,13.22,-1.7,0.7,100,0
"2025-11-16 05:45:00",110415,"",7999,2025,11,16,5,39,5,-0.0973,0.967,-0.054,-343314.7,0.917,-0.054,1.789,12.11,0,-0.054,-0.001,-0.026,-0.083,13.22,-1.7,0.7,100,0
"2025-11-16 05:48:00",110416,"",7999,2025,11,16,5,39,5,-0.0973,0.967,-0.054,-343314.7,0.917,-0.054,1.789,12.11,0,-0.054,-0.001,-0.026,-0.083,13.22,-1.7,0.7,100,0
"2025-11-16 05:51:00",110417,"",7999,2025,11,16,5,45,5,-0.113,0.959,-0.064,-343353.5,0.909,-0.065,1.774,12.12,0,-0.065,-0.001,-0.03,-0.09,13.22,-1.7,0.7,100,0
"2025-11-16 05:54:00",110418,"",7999,2025,11,16,5,45,5,-0.113,0.959,-0.064,-343353.5,0.909,-0.065,1.774,12.12,0,-0.065,-0.001,-0.03,-0.09,13.22,-1.7,0.7,100,0
"2025-11-16 05:57:00",110419,"",7999,2025,11,16,5,51,5,-0.1173,0.948,-0.067,-343395.3,0.898,-0.068,1.755,12.13,0,-0.068,-0.003,-0.026,-0.097,13.22,-1.7,0.7,100,0
"2025-11-16 06:00:00",110420,"",7999,2025,11,16,5,51,5,-0.1173,0.948,-0.067,-343395.3,0.898,-0.068,1.755,12.13,0,-0.068,-0.003,-0.026,-0.097,13.22,-1.7,0.7,100,0
"2025-11-16 06:03:00",110421,"",7999,2025,11,16,5,57,5,-0.07,0.944,-0.04,-343426.1,0.894,-0.04,1.747,12.13,0,-0.04,-0.003,-0.014,-0.062,13.22,-1.7,0.7,100,0
"2025-11-16 06:06:00",110422,"",7999,2025,11,16,5,57,5,-0.07,0.944,-0.04,-343426.1,0.894,-0.04,1.747,12.13,0,-0.04,-0.003,-0.014,-0.062,13.22,-1.7,0.7,100,0
"2025-11-16 06:09:00",110423,"",7999,2025,11,16,6,3,5,-0.055,0.94,-0.032,-343447.8,0.89,-0.031,1.739,12.16,0,-0.031,-0.003,-0.014,-0.052,13.22,-1.7,0.7,100,0
"2025-11-16 06:12:00",110424,"",7999,2025,11,16,6,3,5,-0.055,0.94,-0.032,-343447.8,0.89,-0.031,1.739,12.16,0,-0.031,-0.003,-0.014,-0.052,13.22,-1.7,0.7,100,0
"2025-11-16 06:15:00",110425,"",7999,2025,11,16,6,9,5,-0.0508,0.937,-0.029,-343466.6,0.887,-0.029,1.735,12.19,0,-0.029,0.001,-0.009,-0.047,13.22,-1.7,0.7,100,0
"2025-11-16 06:18:00",110426,"",7999,2025,11,16,6,9,5,-0.0508,0.937,-0.029,-343466.6,0.887,-0.029,1.735,12.19,0,-0.029,0.001,-0.009,-0.047,13.22,-1.7,0.7,100,0
"2025-11-16 06:21:00",110427,"",7999,2025,11,16,6,15,5,-0.0583,0.935,-0.034,-343486.7,0.885,-0.033,1.73,12.2,0,-0.033,0.001,-0.005,-0.059,13.22,-1.7,0.7,100,0
"2025-11-16 06:24:00",110428,"",7999,2025,11,16,6,15,5,-0.0583,0.935,-0.034,-343486.7,0.885,-0.033,1.73,12.2,0,-0.033,0.001,-0.005,-0.059,13.22,-1.7,0.7,100,0
"2025-11-16 06:27:00",110429,"",7999,2025,11,16,6,21,5,-0.0715,0.93,-0.042,-343510.8,0.88,-0.042,1.721,12.18,0,-0.042,0,-0.019,-0.069,13.22,-1.7,0.7,100,0
"2025-11-16 06:30:00",110430,"",7999,2025,11,16,6,21,5,-0.0715,0.93,-0.042,-343510.8,0.88,-0.042,1.721,12.18,0,-0.042,0,-0.019,-0.069,13.22,-1.7,0.7,100,0
"2025-11-16 06:33:00",110431,"",7999,2025,11,16,6,27,5,-0.0779,0.926,-0.046,-343538.2,0.876,-0.046,1.713,12.14,0,-0.046,-0.001,-0.023,-0.05,13.22,-1.7,0.7,100,0
"2025-11-16 06:36:00",110432,"",7999,2025,11,16,6,27,5,-0.0779,0.926,-0.046,-343538.2,0.876,-0.046,1.713,12.14,0,-0.046,-0.001,-0.023,-0.05,13.22,-1.7,0.7,100,0
"2025-11-16 06:39:00",110433,"",7999,2025,11,16,6,33,5,-0.057,0.927,-0.033,-343561.2,0.877,-0.033,1.716,12.16,0,-0.033,-0.001,-0.035,-0.045,13.22,-1.7,0.7,100,0
"2025-11-16 06:42:00",110434,"",7999,2025,11,16,6,33,5,-0.057,0.927,-0.033,-343561.2,0.877,-0.033,1.716,12.16,0,-0.033,-0.001,-0.035,-0.045,13.22,-1.7,0.7,100,0
"2025-11-16 06:45:00",110435,"",7999,2025,11,16,6,39,5,-0.0613,0.925,-0.036,-343582.8,0.875,-0.035,1.712,12.21,0,-0.035,0.001,-0.019,-0.066,13.22,-1.7,0.7,100,0
"2025-11-16 06:48:00",110436,"",7999,2025,11,16,6,39,5,-0.0613,0.925,-0.036,-343582.8,0.875,-0.035,1.712,12.21,0,-0.035,0.001,-0.019,-0.066,13.22,-1.7,0.7,100,0
"2025-11-16 06:51:00",110437,"",7999,2025,11,16,6,45,5,-0.0354,0.922,-0.021,-343598.7,0.872,-0.021,1.706,12.2,0,-0.021,-0.004,-0.019,-0.036,13.22,-1.7,0.7,100,0
"2025-11-16 06:54:00",110438,"",7999,2025,11,16,6,45,5,-0.0354,0.922,-0.021,-343598.7,0.872,-0.021,1.706,12.2,0,-0.021,-0.004,-0.019,-0.036,13.22,-1.7,0.7,100,0
"2025-11-16 06:57:00",110439,"",7999,2025,11,16,6,51,5,-0.0511,0.918,-0.03,-343615.2,0.868,-0.03,1.699,12.2,0,-0.03,0,-0.019,-0.054,13.22,-1.7,0.7,100,0
"2025-11-16 07:00:00",110440,"",7999,2025,11,16,6,51,5,-0.0511,0.918,-0.03,-343615.2,0.868,-0.03,1.699,12.2,0,-0.03,0,-0.019,-0.054,13.22,-1.7,0.7,100,0
"2025-11-16 07:03:00",110441,"",7999,2025,11,16,6,57,5,-0.0731,0.912,-0.043,-343638.9,0.862,-0.044,1.688,12.17,0,-0.044,0,-0.035,-0.059,13.22,-1.7,0.7,100,0
"2025-11-16 07:06:00",110442,"",7999,2025,11,16,6,57,5,-0.0731,0.912,-0.043,-343638.9,0.862,-0.044,1.688,12.17,0,-0.044,0,-0.035,-0.059,13.22,-1.7,0.7,100,0
"2025-11-16 07:09:00",110443,"",7999,2025,11,16,7,3,5,-0.0746,0.908,-0.044,-343665.6,0.858,-0.045,1.679,12.16,0,-0.045,0,-0.026,-0.062,13.22,-1.7,0.7,100,0
"2025-11-16 07:12:00",110444,"",7999,2025,11,16,7,3,5,-0.0746,0.908,-0.044,-343665.6,0.858,-0.045,1.679,12.16,0,-0.045,0,-0.026,-0.062,13.22,-1.7,0.7,100,0
"2025-11-16 07:15:00",110445,"",7999,2025,11,16,7,9,5,-0.1012,0.897,-0.061,-343698.8,0.847,-0.062,1.66,12.12,0,-0.062,-0.001,-0.04,-0.083,13.22,-1.7,0.7,100,0
"2025-11-16 07:18:00",110446,"",7999,2025,11,16,7,9,5,-0.1012,0.897,-0.061,-343698.8,0.847,-0.062,1.66,12.12,0,-0.062,-0.001,-0.04,-0.083,13.22,-1.7,0.7,100,0
"2025-11-16 07:21:00",110447,"",7999,2025,11,16,7,15,5,-0.0456,0.887,-0.028,-343721.9,0.837,-0.027,1.642,12.09,0,-0.027,-0.001,-0.023,-0.04,13.22,-1.7,0.7,100,0
"2025-11-16 07:24:00",110448,"",7999,2025,11,16,7,15,5,-0.0456,0.887,-0.028,-343721.9,0.837,-0.027,1.642,12.09,0,-0.027,-0.001,-0.023,-0.04,13.22,-1.7,0.7,100,0
"2025-11-16 07:27:00",110449,"",7999,2025,11,16,7,21,5,-0.0438,0.883,-0.027,-343737.9,0.833,-0.027,1.634,12.12,0,-0.027,0,-0.016,-0.036,13.22,-1.7,0.7,100,0
"2025-11-16 07:30:00",110450,"",7999,2025,11,16,7,21,5,-0.0438,0.883,-0.027,-343737.9,0.833,-0.027,1.634,12.12,0,-0.027,0,-0.016,-0.036,13.22,-1.7,0.7,100,0
"2025-11-16 07:33:00",110451,"",7999,2025,11,16,7,27,5,-0.0567,0.874,-0.035,-343756.8,0.824,-0.034,1.616,12.13,0,-0.034,-0.002,-0.012,-0.05,13.22,-1.7,0.7,100,0
"2025-11-16 07:36:00",110452,"",7999,2025,11,16,7,27,5,-0.0567,0.874,-0.035,-343756.8,0.824,-0.034,1.616,12.13,0,-0.034,-0.002,-0.012,-0.05,13.22,-1.7,0.7,100,0
"2025-11-16 07:39:00",110453,"",7999,2025,11,16,7,33,5,-0.0307,0.873,-0.019,-343771,0.823,-0.018,1.615,12.14,0,-0.018,0.005,-0.009,-0.026,13.22,-1.7,0.7,100,0
"2025-11-16 07:42:00",110454,"",7999,2025,11,16,7,33,5,-0.0307,0.873,-0.019,-343771,0.823,-0.018,1.615,12.14,0,-0.018,0.005,-0.009,-0.026,13.22,-1.7,0.7,100,0
"2025-11-16 07:45:00",110455,"",7999,2025,11,16,7,39,5,-0.0473,0.872,-0.029,-343786,0.822,-0.029,1.614,12.18,0,-0.029,0.002,-0.016,-0.05,13.22,-1.7,0.6,100,0
"2025-11-16 07:48:00",110456,"",7999,2025,11,16,7,39,5,-0.0473,0.872,-0.029,-343786,0.822,-0.029,1.614,12.18,0,-0.029,0.002,-0.016,-0.05,13.22,-1.7,0.6,100,0
"2025-11-16 07:51:00",110457,"",7999,2025,11,16,7,45,5,-0.0119,0.872,-0.007,-343794.6,0.822,-0.006,1.615,12.14,0,-0.006,-0.001,0.007,-0.021,13.22,-1.7,0.6,100,0
"2025-11-16 07:54:00",110458,"",7999,2025,11,16,7,45,5,-0.0119,0.872,-0.007,-343794.6,0.822,-0.006,1.615,12.14,0,-0.006,-0.001,0.007,-0.021,13.22,-1.7,0.6,100,0
"2025-11-16 07:57:00",110459,"",7999,2025,11,16,7,51,5,0.0033,0.877,0.002,-343795.2,0.827,0.001,1.624,12.13,0,0.001,-0.001,0,0.007,13.22,-1.7,0.7,100,0
"2025-11-16 08:00:00",110460,"",7999,2025,11,16,7,51,5,0.0033,0.877,0.002,-343795.2,0.827,0.001,1.624,12.13,0,0.001,-0.001,0,0.007,13.22,-1.7,0.7,100,0
"2025-11-16 08:03:00",110461,"",7999,2025,11,16,7,57,5,0.0045,0.881,0.003,-343793.8,0.831,0.004,1.63,12.13,0,0.004,0.002,0.012,0.005,13.22,-1.7,0.7,100,0
"2025-11-16 08:06:00",110462,"",7999,2025,11,16,7,57,5,0.0045,0.881,0.003,-343793.8,0.831,0.004,1.63,12.13,0,0.004,0.002,0.012,0.005,13.22,-1.7,0.7,100,0
"2025-11-16 08:09:00",110463,"",7999,2025,11,16,8,3,5,-0.0297,0.879,-0.018,-343800.3,0.829,-0.017,1.627,12.15,0,-0.017,0.001,-0.005,-0.028,13.22,-1.7,0.6,100,0
"2025-11-16 08:12:00",110464,"",7999,2025,11,16,8,3,5,-0.0297,0.879,-0.018,-343800.3,0.829,-0.017,1.627,12.15,0,-0.017,0.001,-0.005,-0.028,13.22,-1.7,0.6,100,0
"2025-11-16 08:15:00",110465,"",7999,2025,11,16,8,9,5,-0.0379,0.885,-0.023,-343813,0.835,-0.022,1.638,12.14,0,-0.022,-0.002,-0.012,-0.04,13.22,-1.6,0.7,100,0
"2025-11-16 08:18:00",110466,"",7999,2025,11,16,8,9,5,-0.0379,0.885,-0.023,-343813,0.835,-0.022,1.638,12.14,0,-0.022,-0.002,-0.012,-0.04,13.22,-1.6,0.7,100,0
"2025-11-16 08:21:00",110467,"",7999,2025,11,16,8,15,5,-0.0095,0.888,-0.006,-343819.8,0.838,-0.005,1.643,12.14,0,-0.005,0.001,0.005,-0.012,13.22,-1.6,0.7,100,0
"2025-11-16 08:24:00",110468,"",7999,2025,11,16,8,15,5,-0.0095,0.888,-0.006,-343819.8,0.838,-0.005,1.643,12.14,0,-0.005,0.001,0.005,-0.012,13.22,-1.6,0.7,100,0
"2025-11-16 08:27:00",110469,"",7999,2025,11,16,8,21,5,-0.0032,0.889,-0.002,-343821.8,0.839,-0.001,1.645,12.13,0,-0.001,-0.001,-0.007,-0.012,13.22,-1.6,0.7,100,0
"2025-11-16 08:30:00",110470,"",7999,2025,11,16,8,21,5,-0.0032,0.889,-0.002,-343821.8,0.839,-0.001,1.645,12.13,0,-0.001,-0.001,-0.007,-0.012,13.22,-1.6,0.7,100,0
"2025-11-16 08:33:00",110471,"",7999,2025,11,16,8,27,5,-0.036,0.866,-0.022,-343830.8,0.816,-0.022,1.603,12.06,0,-0.022,-0.002,-0.009,-0.038,13.22,-1.6,0.7,100,0
"2025-11-16 08:36:00",110472,"",7999,2025,11,16,8,27,5,-0.036,0.866,-0.022,-343830.8,0.816,-0.022,1.603,12.06,0,-0.022,-0.002,-0.009,-0.038,13.22,-1.6,0.7,100,0
"2025-11-16 08:39:00",110473,"",7999,2025,11,16,8,33,5,-0.0716,0.87,-0.045,-343852.4,0.82,-0.045,1.61,12.05,0,-0.045,0,-0.033,-0.059,13.22,-1.7,0.6,100,0
"2025-11-16 08:42:00",110474,"",7999,2025,11,16,8,33,5,-0.0716,0.87,-0.045,-343852.4,0.82,-0.045,1.61,12.05,0,-0.045,0,-0.033,-0.059,13.22,-1.7,0.6,100,0
"2025-11-16 08:45:00",110475,"",7999,2025,11,16,8,39,5,-0.0809,0.867,-0.05,-343880.4,0.817,-0.051,1.604,12.08,0,-0.051,0.001,-0.026,-0.085,13.22,-1.7,0.6,100,0
"2025-11-16 08:48:00",110476,"",7999,2025,11,16,8,39,5,-0.0809,0.867,-0.05,-343880.4,0.817,-0.051,1.604,12.08,0,-0.051,0.001,-0.026,-0.085,13.22,-1.7,0.6,100,0
"2025-11-16 08:51:00",110477,"",7999,2025,11,16,8,45,5,-0.0627,0.864,-0.039,-343905.2,0.814,-0.04,1.598,12.06,0,-0.04,0,-0.007,-0.064,13.22,-1.7,0.6,100,0
"2025-11-16 08:54:00",110478,"",7999,2025,11,16,8,45,5,-0.0627,0.864,-0.039,-343905.2,0.814,-0.04,1.598,12.06,0,-0.04,0,-0.007,-0.064,13.22,-1.7,0.6,100,0
"2025-11-16 08:57:00",110479,"",7999,2025,11,16,8,51,5,-0.0755,0.852,-0.048,-343930.8,0.802,-0.048,1.576,12.06,0,-0.048,-0.002,-0.021,-0.069,13.22,-1.8,0.6,100,0
"2025-11-16 09:00:00",110480,"",7999,2025,11,16,8,51,5,-0.0755,0.852,-0.048,-343930.8,0.802,-0.048,1.576,12.06,0,-0.048,-0.002,-0.021,-0.069,13.22,-1.8,0.6,100,0
"2025-11-16 09:03:00",110481,"",7999,2025,11,16,8,57,5,0.0032,0.855,0.002,-343939.1,0.805,0.001,1.582,12.11,0,0.001,-0.001,0.009,0.012,13.22,-1.8,0.6,100,0
"2025-11-16 09:06:00",110482,"",7999,2025,11,16,8,57,5,0.0032,0.855,0.002,-343939.1,0.805,0.001,1.582,12.11,0,0.001,-0.001,0.009,0.012,13.22,-1.8,0.6,100,0
"2025-11-16 09:09:00",110483,"",7999,2025,11,16,9,3,5,-0.0425,0.86,-0.027,-343948.9,0.81,-0.027,1.591,12.16,0,-0.027,-0.003,-0.037,-0.047,13.22,-1.8,0.6,100,0
"2025-11-16 09:12:00",110484,"",7999,2025,11,16,9,3,5,-0.0425,0.86,-0.027,-343948.9,0.81,-0.027,1.591,12.16,0,-0.027,-0.003,-0.037,-0.047,13.22,-1.8,0.6,100,0
"2025-11-16 09:15:00",110485,"",7999,2025,11,16,9,9,5,-0.0564,0.848,-0.036,-343967.6,0.798,-0.036,1.569,12.14,0,-0.036,0,-0.019,-0.057,13.22,-1.8,0.6,100,0
"2025-11-16 09:18:00",110486,"",7999,2025,11,16,9,9,5,-0.0564,0.848,-0.036,-343967.6,0.798,-0.036,1.569,12.14,0,-0.036,0,-0.019,-0.057,13.22,-1.8,0.6,100,0
"2025-11-16 09:21:00",110487,"",7999,2025,11,16,9,15,5,-0.0533,0.846,-0.034,-343987.2,0.796,-0.034,1.565,12.17,0,-0.034,-0.002,-0.016,-0.054,13.22,-1.9,0.6,100,0
"2025-11-16 09:24:00",110488,"",7999,2025,11,16,9,15,5,-0.0533,0.846,-0.034,-343987.2,0.796,-0.034,1.565,12.17,0,-0.034,-0.002,-0.016,-0.054,13.22,-1.9,0.6,100,0
"2025-11-16 09:27:00",110489,"",7999,2025,11,16,9,21,5,-0.0361,0.846,-0.023,-344002.3,0.796,-0.022,1.566,12.22,0,-0.022,0.001,-0.026,-0.043,13.22,-1.8,0.6,100,0
"2025-11-16 09:30:00",110490,"",7999,2025,11,16,9,21,5,-0.0361,0.846,-0.023,-344002.3,0.796,-0.022,1.566,12.22,0,-0.022,0.001,-0.026,-0.043,13.22,-1.8,0.6,100,0
"2025-11-16 09:33:00",110491,"",7999,2025,11,16,9,27,5,0.0365,0.85,0.023,-343997.8,0.8,0.023,1.573,12.29,0,0.023,-0.002,0.005,0.012,13.22,-1.8,0.6,100,0
"2025-11-16 09:36:00",110492,"",7999,2025,11,16,9,27,5,0.0365,0.85,0.023,-343997.8,0.8,0.023,1.573,12.29,0,0.023,-0.002,0.005,0.012,13.22,-1.8,0.6,100,0
"2025-11-16 09:39:00",110493,"",7999,2025,11,16,9,33,5,0.0767,0.86,0.048,-343975,0.81,0.048,1.592,12.32,0,0.048,-0.002,0.028,0.04,13.22,-1.8,0.6,100,0
"2025-11-16 09:42:00",110494,"",7999,2025,11,16,9,33,5,0.0767,0.86,0.048,-343975,0.81,0.048,1.592,12.32,0,0.048,-0.002,0.028,0.04,13.22,-1.8,0.6,100,0
"2025-11-16 09:45:00",110495,"",7999,2025,11,16,9,39,5,0.0902,0.877,0.056,-343944.1,0.827,0.054,1.623,12.32,0,0.054,0.002,0.042,0.066,13.22,-1.8,0.6,100,0
"2025-11-16 09:48:00",110496,"",7999,2025,11,16,9,39,5,0.0902,0.877,0.056,-343944.1,0.827,0.054,1.623,12.32,0,0.054,0.002,0.042,0.066,13.22,-1.8,0.6,100,0
"2025-11-16 09:51:00",110497,"",7999,2025,11,16,9,45,5,0.0246,0.879,0.015,-343927.4,0.829,0.016,1.626,12.23,0,0.016,-0.008,0.005,0.012,13.22,-1.7,0.6,100,0
"2025-11-16 09:54:00",110498,"",7999,2025,11,16,9,45,5,0.0246,0.879,0.015,-343927.4,0.829,0.016,1.626,12.23,0,0.016,-0.008,0.005,0.012,13.22,-1.7,0.6,100,0
"2025-11-16 09:57:00",110499,"",7999,2025,11,16,9,51,5,0.0889,0.88,0.055,-343903.1,0.83,0.054,1.629,12.23,0,0.054,-0.002,0.063,0.019,13.22,-1.8,0.6,100,0
"2025-11-16 10:00:00",110500,"",7999,2025,11,16,9,51,5,0.0889,0.88,0.055,-343903.1,0.83,0.054,1.629,12.23,0,0.054,-0.002,0.063,0.019,13.22,-1.8,0.6,100,0
"2025-11-16 10:03:00",110501,"",7999,2025,11,16,9,57,5,-0.0009,0.885,-0.001,-343892.7,0.835,-0.001,1.639,12.33,0,-0.001,0.002,-0.014,-0.024,13.22,-1.8,0.6,100,0
"2025-11-16 10:06:00",110502,"",7999,2025,11,16,9,57,5,-0.0009,0.885,-0.001,-343892.7,0.835,-0.001,1.639,12.33,0,-0.001,0.002,-0.014,-0.024,13.22,-1.8,0.6,100,0
"2025-11-16 10:09:00",110503,"",7999,2025,11,16,10,3,5,0.0319,0.89,0.019,-343885.1,0.84,0.019,1.647,12.4,0,0.019,-0.006,0.012,-0.002,13.22,-1.8,0.6,100,0
"2025-11-16 10:12:00",110504,"",7999,2025,11,16,10,3,5,0.0319,0.89,0.019,-343885.1,0.84,0.019,1.647,12.4,0,0.019,-0.006,0.012,-0.002,13.22,-1.8,0.6,100,0
"2025-11-16 10:15:00",110505,"",7999,2025,11,16,10,9,5,-0.0037,0.895,-0.002,-343882.2,0.845,-0.002,1.657,12.41,0,-0.002,-0.005,-0.014,-0.028,13.22,-1.7,0.6,100,0
"2025-11-16 10:18:00",110506,"",7999,2025,11,16,10,9,5,-0.0037,0.895,-0.002,-343882.2,0.845,-0.002,1.657,12.41,0,-0.002,-0.005,-0.014,-0.028,13.22,-1.7,0.6,100,0
"2025-11-16 10:21:00",110507,"",7999,2025,11,16,10,15,5,-0.1469,0.88,-0.09,-343917.9,0.83,-0.091,1.629,12.4,0,-0.091,0.002,-0.037,-0.104,13.22,-1.8,0.6,100,0
"2025-11-16 10:24:00",110508,"",7999,2025,11,16,10,15,5,-0.1469,0.88,-0.09,-343917.9,0.83,-0.091,1.629,12.4,0,-0.091,0.002,-0.037,-0.104,13.22,-1.8,0.6,100,0
"2025-11-16 10:27:00",110509,"",7999,2025,11,16,10,21,5,-0.0775,0.878,-0.048,-343954.1,0.828,-0.048,1.624,12.5,0,-0.048,-0.003,-0.019,-0.057,13.22,-1.8,0.6,100,0
"2025-11-16 10:30:00",110510,"",7999,2025,11,16,10,21,5,-0.0775,0.878,-0.048,-343954.1,0.828,-0.048,1.624,12.5,0,-0.048,-0.003,-0.019,-0.057,13.22,-1.8,0.6,100,0
"2025-11-16 10:33:00",110511,"",7999,2025,11,16,10,27,5,-0.0915,0.888,-0.056,-343985.4,0.838,-0.056,1.642,12.48,0,-0.056,-0.003,-0.014,-0.116,13.22,-1.8,0.6,100,0
"2025-11-16 10:36:00",110512,"",7999,2025,11,16,10,27,5,-0.0915,0.888,-0.056,-343985.4,0.838,-0.056,1.642,12.48,0,-0.056,-0.003,-0.014,-0.116,13.22,-1.8,0.6,100,0
"2025-11-16 10:39:00",110513,"",7999,2025,11,16,10,33,5,0.0216,0.903,0.013,-343991.2,0.853,0.012,1.671,12.5,0,0.012,0.002,0.014,-0.028,13.22,-1.7,0.7,100,0
"2025-11-16 10:42:00",110514,"",7999,2025,11,16,10,33,5,0.0216,0.903,0.013,-343991.2,0.853,0.012,1.671,12.5,0,0.012,0.002,0.014,-0.028,13.22,-1.7,0.7,100,0
"2025-11-16 10:45:00",110515,"",7999,2025,11,16,10,39,5,-0.0467,0.909,-0.028,-343999.8,0.859,-0.027,1.682,12.5,0,-0.027,-0.006,0,-0.076,13.22,-1.7,0.6,100,0
"2025-11-16 10:48:00",110516,"",7999,2025,11,16,10,39,5,-0.0467,0.909,-0.028,-343999.8,0.859,-0.027,1.682,12.5,0,-0.027,-0.006,0,-0.076,13.22,-1.7,0.6,100,0
"2025-11-16 10:51:00",110517,"",7999,2025,11,16,10,45,5,0.0349,0.913,0.021,-343997.1,0.863,0.021,1.69,12.5,0,0.021,-0.009,0.03,-0.028,13.22,-1.7,0.7,100,0
"2025-11-16 10:54:00",110518,"",7999,2025,11,16,10,45,5,0.0349,0.913,0.021,-343997.1,0.863,0.021,1.69,12.5,0,0.021,-0.009,0.03,-0.028,13.22,-1.7,0.7,100,0
"2025-11-16 10:57:00",110519,"",7999,2025,11,16,10,51,5,0.0258,0.908,0.015,-343986.7,0.858,0.016,1.68,12.54,0,0.016,-0.008,0.005,0,13.22,-1.7,0.7,100,0
"2025-11-16 11:00:00",110520,"",7999,2025,11,16,10,51,5,0.0258,0.908,0.015,-343986.7,0.858,0.016,1.68,12.54,0,0.016,-0.008,0.005,0,13.22,-1.7,0.7,100,0
"2025-11-16 11:03:00",110521,"",7999,2025,11,16,10,57,5,-0.1551,0.881,-0.095,-344020.8,0.831,-0.097,1.63,12.63,0,-0.097,0.002,-0.04,-0.126,13.22,-1.9,0.6,100,0
"2025-11-16 11:06:00",110522,"",7999,2025,11,16,10,57,5,-0.1551,0.881,-0.095,-344020.8,0.831,-0.097,1.63,12.63,0,-0.097,0.002,-0.04,-0.126,13.22,-1.9,0.6,100,0
"2025-11-16 11:09:00",110523,"",7999,2025,11,16,11,3,5,-0.074,0.884,-0.045,-344057.2,0.834,-0.045,1.635,12.76,0,-0.045,-0.009,-0.042,-0.052,13.22,-1.8,0.6,100,0
"2025-11-16 11:12:00",110524,"",7999,2025,11,16,11,3,5,-0.074,0.884,-0.045,-344057.2,0.834,-0.045,1.635,12.76,0,-0.045,-0.009,-0.042,-0.052,13.22,-1.8,0.6,100,0
"2025-11-16 11:15:00",110525,"",7999,2025,11,16,11,9,5,0.0946,0.901,0.057,-344043.4,0.851,0.057,1.668,12.8,0,0.057,-0.005,0.044,0.005,13.22,-1.8,0.6,100,0
"2025-11-16 11:18:00",110526,"",7999,2025,11,16,11,9,5,0.0946,0.901,0.057,-344043.4,0.851,0.057,1.668,12.8,0,0.057,-0.005,0.044,0.005,13.22,-1.8,0.6,100,0
"2025-11-16 11:21:00",110527,"",7999,2025,11,16,11,15,5,0.1802,0.933,0.104,-343988.8,0.883,0.117,1.726,12.77,0,0.117,0.002,0.116,0.019,13.22,-1.7,0.7,100,0
"2025-11-16 11:24:00",110528,"",7999,2025,11,16,11,15,5,0.1802,0.933,0.104,-343988.8,0.883,0.117,1.726,12.77,0,0.117,0.002,0.116,0.019,13.22,-1.7,0.7,100,0
"2025-11-16 11:27:00",110529,"",7999,2025,11,16,11,21,5,0.2288,0.961,0.129,-343912.2,0.911,0.146,1.777,12.75,0,0.146,0.008,0.17,0.021,13.22,-1.7,0.7,100,0
"2025-11-16 11:30:00",110530,"",7999,2025,11,16,11,21,5,0.2288,0.961,0.129,-343912.2,0.911,0.146,1.777,12.75,0,0.146,0.008,0.17,0.021,13.22,-1.7,0.7,100,0
"2025-11-16 11:33:00",110531,"",7999,2025,11,16,11,27,5,0.1053,0.967,0.059,-343859.5,0.917,0.06,1.789,12.9,0,0.06,-0.002,0.06,0.054,13.22,-1.7,0.7,100,0
"2025-11-16 11:36:00",110532,"",7999,2025,11,16,11,27,5,0.1053,0.967,0.059,-343859.5,0.917,0.06,1.789,12.9,0,0.06,-0.002,0.06,0.054,13.22,-1.7,0.7,100,0
"2025-11-16 11:39:00",110533,"",7999,2025,11,16,11,33,5,0.1007,0.969,0.056,-343822.7,0.919,0.057,1.794,13.01,0,0.057,-0.006,0.053,0.04,13.22,-1.7,0.7,100,0
"2025-11-16 11:42:00",110534,"",7999,2025,11,16,11,33,5,0.1007,0.969,0.056,-343822.7,0.919,0.057,1.794,13.01,0,0.057,-0.006,0.053,0.04,13.22,-1.7,0.7,100,0
"2025-11-16 11:45:00",110535,"",7999,2025,11,16,11,39,5,0.1326,0.976,0.073,-343778.8,0.926,0.075,1.807,13.07,0,0.075,0.001,0.088,0.033,13.22,-1.7,0.7,100,0
"2025-11-16 11:48:00",110536,"",7999,2025,11,16,11,39,5,0.1326,0.976,0.073,-343778.8,0.926,0.075,1.807,13.07,0,0.075,0.001,0.088,0.033,13.22,-1.7,0.7,100,0
"2025-11-16 11:51:00",110537,"",7999,2025,11,16,11,45,5,0.0709,0.978,0.039,-343745.8,0.928,0.04,1.81,13.09,0,0.04,-0.002,0.046,0.017,13.22,-1.6,0.7,100,0
"2025-11-16 11:54:00",110538,"",7999,2025,11,16,11,45,5,0.0709,0.978,0.039,-343745.8,0.928,0.04,1.81,13.09,0,0.04,-0.002,0.046,0.017,13.22,-1.6,0.7,100,0
"2025-11-16 11:57:00",110539,"",7999,2025,11,16,11,51,5,0.0884,0.986,0.048,-343716.1,0.936,0.048,1.824,13.16,0,0.048,0.009,0.063,-0.026,13.22,-1.6,0.7,100,0
"2025-11-16 12:00:00",110540,"",7999,2025,11,16,11,51,5,0.0884,0.986,0.048,-343716.1,0.936,0.048,1.824,13.16,0,0.048,0.009,0.063,-0.026,13.22,-1.6,0.7,100,0
"2025-11-16 12:03:00",110541,"",7999,2025,11,16,11,57,5,0.0774,0.989,0.042,-343686.8,0.939,0.042,1.83,13.19,0,0.042,-0.002,0.051,0.028,13.22,-1.6,0.7,100,0
"2025-11-16 12:06:00",110542,"",7999,2025,11,16,11,57,5,0.0774,0.989,0.042,-343686.8,0.939,0.042,1.83,13.19,0,0.042,-0.002,0.051,0.028,13.22,-1.6,0.7,100,0
"2025-11-16 12:09:00",110543,"",7999,2025,11,16,12,3,5,0.2066,0.999,0.112,-343628,0.949,0.119,1.849,13.19,0,0.119,0.003,0.123,0.043,13.22,-1.6,0.7,100,0
"2025-11-16 12:12:00",110544,"",7999,2025,11,16,12,3,5,0.2066,0.999,0.112,-343628,0.949,0.119,1.849,13.19,0,0.119,0.003,0.123,0.043,13.22,-1.6,0.7,100,0
"2025-11-16 12:15:00",110545,"",7999,2025,11,16,12,9,5,0.1024,1.005,0.055,-343578.6,0.955,0.056,1.859,13.16,0,0.056,-0.002,0.077,0.014,13.22,-1.6,0.7,100,0
"2025-11-16 12:18:00",110546,"",7999,2025,11,16,12,9,5,0.1024,1.005,0.055,-343578.6,0.955,0.056,1.859,13.16,0,0.056,-0.002,0.077,0.014,13.22,-1.6,0.7,100,0
"2025-11-16 12:21:00",110547,"",7999,2025,11,16,12,15,5,-0.1226,0.992,-0.067,-343595.7,0.942,-0.067,1.836,13.15,0,-0.067,-0.002,-0.042,-0.092,13.22,-1.7,0.7,100,0
"2025-11-16 12:24:00",110548,"",7999,2025,11,16,12,15,5,-0.1226,0.992,-0.067,-343595.7,0.942,-0.067,1.836,13.15,0,-0.067,-0.002,-0.042,-0.092,13.22,-1.7,0.7,100,0
"2025-11-16 12:27:00",110549,"",7999,2025,11,16,12,21,5,-0.0505,0.983,-0.028,-343622.6,0.933,-0.028,1.819,13.18,0,-0.028,-0.002,-0.002,-0.026,13.22,-1.7,0.7,100,0
"2025-11-16 12:30:00",110550,"",7999,2025,11,16,12,21,5,-0.0505,0.983,-0.028,-343622.6,0.933,-0.028,1.819,13.18,0,-0.028,-0.002,-0.002,-0.026,13.22,-1.7,0.7,100,0
"2025-11-16 12:33:00",110551,"",7999,2025,11,16,12,27,5,-0.1861,0.965,-0.104,-343673.3,0.915,-0.115,1.786,13.21,0,-0.115,0.001,-0.053,-0.147,13.22,-1.9,0.7,100,0
"2025-11-16 12:36:00",110552,"",7999,2025,11,16,12,27,5,-0.1861,0.965,-0.104,-343673.3,0.915,-0.115,1.786,13.21,0,-0.115,0.001,-0.053,-0.147,13.22,-1.9,0.7,100,0
"2025-11-16 12:39:00",110553,"",7999,2025,11,16,12,33,5,-0.0888,0.955,-0.05,-343717,0.905,-0.051,1.766,13.2,0,-0.051,-0.001,-0.016,-0.066,13.22,-1.9,0.7,100,0
"2025-11-16 12:42:00",110554,"",7999,2025,11,16,12,33,5,-0.0888,0.955,-0.05,-343717,0.905,-0.051,1.766,13.2,0,-0.051,-0.001,-0.016,-0.066,13.22,-1.9,0.7,100,0
"2025-11-16 12:45:00",110555,"",7999,2025,11,16,12,39,5,-0.008,0.958,-0.005,-343729.6,0.908,-0.005,1.773,13.28,0,-0.005,-0.003,-0.019,-0.021,13.22,-1.6,0.7,100,0
"2025-11-16 12:48:00",110556,"",7999,2025,11,16,12,39,5,-0.008,0.958,-0.005,-343729.6,0.908,-0.005,1.773,13.28,0,-0.005,-0.003,-0.019,-0.021,13.22,-1.6,0.7,100,0
"2025-11-16 12:51:00",110557,"",7999,2025,11,16,12,45,5,-0.069,0.962,-0.039,-343747.1,0.912,-0.038,1.78,13.25,0,-0.038,0.002,-0.019,-0.054,13.22,-1.6,0.7,100,0
"2025-11-16 12:54:00",110558,"",7999,2025,11,16,12,45,5,-0.069,0.962,-0.039,-343747.1,0.912,-0.038,1.78,13.25,0,-0.038,0.002,-0.019,-0.054,13.22,-1.6,0.7,100,0
"2025-11-16 12:57:00",110559,"",7999,2025,11,16,12,51,5,-0.0415,0.957,-0.023,-343765.4,0.907,-0.023,1.771,13.26,0,-0.023,-0.003,-0.019,-0.031,13.22,-1.6,0.7,100,0
"2025-11-16 13:00:00",110560,"",7999,2025,11,16,12,51,5,-0.0415,0.957,-0.023,-343765.4,0.907,-0.023,1.771,13.26,0,-0.023,-0.003,-0.019,-0.031,13.22,-1.6,0.7,100,0
"2025-11-16 13:03:00",110561,"",7999,2025,11,16,12,57,5,-0.0121,0.964,-0.007,-343773.3,0.914,-0.007,1.784,13.3,0,-0.007,-0.003,-0.023,0.002,13.22,-1.7,0.7,100,0
"2025-11-16 13:06:00",110562,"",7999,2025,11,16,12,57,5,-0.0121,0.964,-0.007,-343773.3,0.914,-0.007,1.784,13.3,0,-0.007,-0.003,-0.023,0.002,13.22,-1.7,0.7,100,0
"2025-11-16 13:09:00",110563,"",7999,2025,11,16,13,3,5,-0.0043,0.971,-0.002,-343775.8,0.921,-0.002,1.796,13.25,0,-0.002,0.002,-0.03,-0.005,13.22,-1.6,0.7,100,0
"2025-11-16 13:12:00",110564,"",7999,2025,11,16,13,3,5,-0.0043,0.971,-0.002,-343775.8,0.921,-0.002,1.796,13.25,0,-0.002,0.002,-0.03,-0.005,13.22,-1.6,0.7,100,0
"2025-11-16 13:15:00",110565,"",7999,2025,11,16,13,9,5,-0.0899,0.955,-0.051,-343797.9,0.905,-0.052,1.766,13.23,0,-0.052,-0.004,-0.009,-0.092,13.22,-1.8,0.7,100,0
"2025-11-16 13:18:00",110566,"",7999,2025,11,16,13,9,5,-0.0899,0.955,-0.051,-343797.9,0.905,-0.052,1.766,13.23,0,-0.052,-0.004,-0.009,-0.092,13.22,-1.8,0.7,100,0
"2025-11-16 13:21:00",110567,"",7999,2025,11,16,13,15,5,-0.0975,0.954,-0.055,-343832.1,0.904,-0.054,1.766,13.32,0,-0.054,-0.004,-0.019,-0.078,13.22,-1.7,0.7,100,0
"2025-11-16 13:24:00",110568,"",7999,2025,11,16,13,15,5,-0.0975,0.954,-0.055,-343832.1,0.904,-0.054,1.766,13.32,0,-0.054,-0.004,-0.019,-0.078,13.22,-1.7,0.7,100,0
"2025-11-16 13:27:00",110569,"",7999,2025,11,16,13,21,5,-0.0068,0.955,-0.004,-343845.4,0.905,-0.004,1.768,13.36,0,-0.004,-0.004,-0.005,-0.009,13.22,-1.7,0.7,100,0
"2025-11-16 13:30:00",110570,"",7999,2025,11,16,13,21,5,-0.0068,0.955,-0.004,-343845.4,0.905,-0.004,1.768,13.36,0,-0.004,-0.004,-0.005,-0.009,13.22,-1.7,0.7,100,0
"2025-11-16 13:33:00",110571,"",7999,2025,11,16,13,27,5,0.0556,0.96,0.031,-343832.9,0.91,0.031,1.776,13.41,0,0.031,-0.002,0.03,0.024,13.22,-1.7,0.7,100,0
"2025-11-16 13:36:00",110572,"",7999,2025,11,16,13,27,5,0.0556,0.96,0.031,-343832.9,0.91,0.031,1.776,13.41,0,0.031,-0.002,0.03,0.024,13.22,-1.7,0.7,100,0
"2025-11-16 13:39:00",110573,"",7999,2025,11,16,13,33,5,0.1189,0.968,0.066,-343797.7,0.918,0.067,1.791,13.38,0,0.067,0,0.072,0.021,13.22,-1.7,0.7,100,0
"2025-11-16 13:42:00",110574,"",7999,2025,11,16,13,33,5,0.1189,0.968,0.066,-343797.7,0.918,0.067,1.791,13.38,0,0.067,0,0.072,0.021,13.22,-1.7,0.7,100,0
"2025-11-16 13:45:00",110575,"",7999,2025,11,16,13,39,5,-0.0376,0.961,-0.021,-343792.4,0.911,-0.021,1.779,13.33,0,-0.021,-0.002,-0.026,-0.038,13.22,-1.7,0.7,100,0
"2025-11-16 13:48:00",110576,"",7999,2025,11,16,13,39,5,-0.0376,0.961,-0.021,-343792.4,0.911,-0.021,1.779,13.33,0,-0.021,-0.002,-0.026,-0.038,13.22,-1.7,0.7,100,0
"2025-11-16 13:51:00",110577,"",7999,2025,11,16,13,45,5,-0.0251,0.969,-0.014,-343803,0.919,-0.013,1.793,13.37,0,-0.013,-0.005,-0.026,-0.024,13.22,-1.7,0.7,100,0
"2025-11-16 13:54:00",110578,"",7999,2025,11,16,13,45,5,-0.0251,0.969,-0.014,-343803,0.919,-0.013,1.793,13.37,0,-0.013,-0.005,-0.026,-0.024,13.22,-1.7,0.7,100,0
"2025-11-16 13:57:00",110579,"",7999,2025,11,16,13,51,5,-0.1321,0.959,-0.074,-343837.7,0.909,-0.075,1.774,13.41,0,-0.075,-0.002,-0.042,-0.116,13.22,-1.8,0.7,100,0
"2025-11-16 14:00:00",110580,"",7999,2025,11,16,13,51,5,-0.1321,0.959,-0.074,-343837.7,0.909,-0.075,1.774,13.41,0,-0.075,-0.002,-0.042,-0.116,13.22,-1.8,0.7,100,0
"2025-11-16 14:03:00",110581,"",7999,2025,11,16,13,57,5,0.0037,0.957,0.002,-343852.7,0.907,0.002,1.771,13.43,0,0.002,-0.001,0.009,0,13.22,-1.7,0.7,100,0
"2025-11-16 14:06:00",110582,"",7999,2025,11,16,13,57,5,0.0037,0.957,0.002,-343852.7,0.907,0.002,1.771,13.43,0,0.002,-0.001,0.009,0,13.22,-1.7,0.7,100,0
"2025-11-16 14:09:00",110583,"",7999,2025,11,16,14,3,5,-0.0207,0.952,-0.012,-343857.2,0.902,-0.011,1.762,13.48,0,-0.011,0.003,-0.019,-0.021,13.22,-1.7,0.7,100,0
"2025-11-16 14:12:00",110584,"",7999,2025,11,16,14,3,5,-0.0207,0.952,-0.012,-343857.2,0.902,-0.011,1.762,13.48,0,-0.011,0.003,-0.019,-0.021,13.22,-1.7,0.7,100,0
"2025-11-16 14:15:00",110585,"",7999,2025,11,16,14,9,5,-0.0193,0.95,-0.011,-343864.4,0.9,-0.011,1.758,13.54,0,-0.011,0.001,-0.012,-0.031,13.22,-1.7,0.7,100,0
"2025-11-16 14:18:00",110586,"",7999,2025,11,16,14,9,5,-0.0193,0.95,-0.011,-343864.4,0.9,-0.011,1.758,13.54,0,-0.011,0.001,-0.012,-0.031,13.22,-1.7,0.7,100,0
"2025-11-16 14:21:00",110587,"",7999,2025,11,16,14,15,5,-0.1086,0.943,-0.062,-343892.8,0.893,-0.063,1.745,13.54,0,-0.063,0.002,-0.051,-0.104,13.22,-1.8,0.8,100,0
"2025-11-16 14:24:00",110588,"",7999,2025,11,16,14,15,5,-0.1086,0.943,-0.062,-343892.8,0.893,-0.063,1.745,13.54,0,-0.063,0.002,-0.051,-0.104,13.22,-1.8,0.8,100,0
"2025-11-16 14:27:00",110589,"",7999,2025,11,16,14,21,5,-0.1469,0.932,-0.085,-343941.1,0.882,-0.086,1.724,13.58,0,-0.086,0.003,-0.049,-0.123,13.22,-1.8,0.8,100,0
"2025-11-16 14:30:00",110590,"",7999,2025,11,16,14,21,5,-0.1469,0.932,-0.085,-343941.1,0.882,-0.086,1.724,13.58,0,-0.086,0.003,-0.049,-0.123,13.22,-1.8,0.8,100,0
"2025-11-16 14:33:00",110591,"",7999,2025,11,16,14,27,5,-0.1226,0.92,-0.072,-343988.2,0.87,-0.073,1.703,13.63,0,-0.073,0.001,-0.028,-0.114,13.22,-1.9,0.8,100,0
"2025-11-16 14:36:00",110592,"",7999,2025,11,16,14,27,5,-0.1226,0.92,-0.072,-343988.2,0.87,-0.073,1.703,13.63,0,-0.073,0.001,-0.028,-0.114,13.22,-1.9,0.8,100,0
"2025-11-16 14:39:00",110593,"",7999,2025,11,16,14,33,5,-0.0694,0.912,-0.041,-344019.5,0.862,-0.041,1.687,13.62,0,-0.041,0.005,-0.014,-0.071,13.22,-1.7,0.8,100,0
"2025-11-16 14:42:00",110594,"",7999,2025,11,16,14,33,5,-0.0694,0.912,-0.041,-344019.5,0.862,-0.041,1.687,13.62,0,-0.041,0.005,-0.014,-0.071,13.22,-1.7,0.8,100,0
"2025-11-16 14:45:00",110595,"",7999,2025,11,16,14,39,5,-0.1501,0.904,-0.09,-344063.9,0.854,-0.091,1.673,13.59,0,-0.091,-0.001,-0.04,-0.116,13.22,-1.7,0.7,100,0
"2025-11-16 14:48:00",110596,"",7999,2025,11,16,14,39,5,-0.1501,0.904,-0.09,-344063.9,0.854,-0.091,1.673,13.59,0,-0.091,-0.001,-0.04,-0.116,13.22,-1.7,0.7,100,0
"2025-11-16 14:51:00",110597,"",7999,2025,11,16,14,45,5,-0.1664,0.878,-0.102,-344121.9,0.828,-0.115,1.625,13.45,0,-0.115,0.002,-0.063,-0.159,13.22,-1.7,0.7,100,0
"2025-11-16 14:54:00",110598,"",7999,2025,11,16,14,45,5,-0.1664,0.878,-0.102,-344121.9,0.828,-0.115,1.625,13.45,0,-0.115,0.002,-0.063,-0.159,13.22,-1.7,0.7,100,0
"2025-11-16 14:57:00",110599,"",7999,2025,11,16,14,51,5,-0.0698,0.857,-0.044,-344158.6,0.807,-0.044,1.586,13.29,0,-0.044,-0.003,0,-0.062,13.22,-1.6,0.7,100,0
"2025-11-16 15:00:00",110600,"",7999,2025,11,16,14,51,5,-0.0698,0.857,-0.044,-344158.6,0.807,-0.044,1.586,13.29,0,-0.044,-0.003,0,-0.062,13.22,-1.6,0.7,100,0
"2025-11-16 15:03:00",110601,"",7999,2025,11,16,14,57,5,-0.1046,0.825,-0.069,-344192,0.775,-0.069,1.527,13.15,0,-0.069,0,0,-0.102,13.22,-1.6,0.7,99,0
"2025-11-16 15:06:00",110602,"",7999,2025,11,16,14,57,5,-0.1046,0.825,-0.069,-344192,0.775,-0.069,1.527,13.15,0,-0.069,0,0,-0.102,13.22,-1.6,0.7,99,0
"2025-11-16 15:09:00",110603,"",7999,2025,11,16,15,3,5,-0.0995,0.807,-0.067,-344228.4,0.757,-0.068,1.493,13.06,0,-0.068,0.001,-0.03,-0.102,13.22,-1.7,0.7,100,0
"2025-11-16 15:12:00",110604,"",7999,2025,11,16,15,3,5,-0.0995,0.807,-0.067,-344228.4,0.757,-0.068,1.493,13.06,0,-0.068,0.001,-0.03,-0.102,13.22,-1.7,0.7,100,0
"2025-11-16 15:15:00",110605,"",7999,2025,11,16,15,9,5,-0.0521,0.803,-0.035,-344252.9,0.753,-0.035,1.487,13,0,-0.035,0.002,-0.033,-0.054,13.22,-1.6,0.7,100,0
"2025-11-16 15:18:00",110606,"",7999,2025,11,16,15,9,5,-0.0521,0.803,-0.035,-344252.9,0.753,-0.035,1.487,13,0,-0.035,0.002,-0.033,-0.054,13.22,-1.6,0.7,100,0
"2025-11-16 15:21:00",110607,"",7999,2025,11,16,15,15,5,-0.0652,0.795,-0.044,-344274.8,0.745,-0.045,1.471,12.94,0,-0.045,0.001,-0.007,-0.052,13.22,-1.6,0.7,100,0
"2025-11-16 15:24:00",110608,"",7999,2025,11,16,15,15,5,-0.0652,0.795,-0.044,-344274.8,0.745,-0.045,1.471,12.94,0,-0.045,0.001,-0.007,-0.052,13.22,-1.6,0.7,100,0
"2025-11-16 15:27:00",110609,"",7999,2025,11,16,15,21,5,0.0581,0.807,0.039,-344268.7,0.757,0.039,1.494,12.9,0,0.039,-0.003,0.019,0.033,13.22,-1.6,0.7,100,0
"2025-11-16 15:30:00",110610,"",7999,2025,11,16,15,21,5,0.0581,0.807,0.039,-344268.7,0.757,0.039,1.494,12.9,0,0.039,-0.003,0.019,0.033,13.22,-1.6,0.7,100,0
"2025-11-16 15:33:00",110611,"",7999,2025,11,16,15,27,5,0.0548,0.83,0.036,-344248.5,0.78,0.035,1.536,12.97,0,0.035,-0.005,0.019,0.021,13.22,-1.6,0.7,100,0
"2025-11-16 15:36:00",110612,"",7999,2025,11,16,15,27,5,0.0548,0.83,0.036,-344248.5,0.78,0.035,1.536,12.97,0,0.035,-0.005,0.019,0.021,13.22,-1.6,0.7,100,0
"2025-11-16 15:39:00",110613,"",7999,2025,11,16,15,33,5,-0.001,0.838,-0.001,-344242.2,0.788,0,1.551,12.97,0,0,-0.002,-0.019,0.009,13.22,-1.6,0.7,100,0
"2025-11-16 15:42:00",110614,"",7999,2025,11,16,15,33,5,-0.001,0.838,-0.001,-344242.2,0.788,0,1.551,12.97,0,0,-0.002,-0.019,0.009,13.22,-1.6,0.7,100,0
"2025-11-16 15:45:00",110615,"",7999,2025,11,16,15,39,5,0.029,0.859,0.018,-344235.4,0.809,0.017,1.59,13.01,0,0.017,0,0.005,0.012,13.22,-1.6,0.7,100,0
"2025-11-16 15:48:00",110616,"",7999,2025,11,16,15,39,5,0.029,0.859,0.018,-344235.4,0.809,0.017,1.59,13.01,0,0.017,0,0.005,0.012,13.22,-1.6,0.7,100,0
"2025-11-16 15:51:00",110617,"",7999,2025,11,16,15,45,5,0.0553,0.883,0.034,-344218.6,0.833,0.034,1.634,13.04,0,0.034,-0.006,0.026,0.021,13.22,-1.6,0.7,100,0
"2025-11-16 15:54:00",110618,"",7999,2025,11,16,15,45,5,0.0553,0.883,0.034,-344218.6,0.833,0.034,1.634,13.04,0,0.034,-0.006,0.026,0.021,13.22,-1.6,0.7,100,0
"2025-11-16 15:57:00",110619,"",7999,2025,11,16,15,51,5,0.162,0.908,0.096,-344173.1,0.858,0.106,1.681,13.04,0,0.106,-0.004,0.088,0.083,13.22,-1.6,0.7,100,0
"2025-11-16 16:00:00",110620,"",7999,2025,11,16,15,51,5,0.162,0.908,0.096,-344173.1,0.858,0.106,1.681,13.04,0,0.106,-0.004,0.088,0.083,13.22,-1.6,0.7,100,0
"2025-11-16 16:03:00",110621,"",7999,2025,11,16,15,57,5,0.1215,0.918,0.072,-344124.5,0.868,0.071,1.698,13.01,0,0.071,-0.007,0.058,0.045,13.22,-1.6,0.7,100,0
"2025-11-16 16:06:00",110622,"",7999,2025,11,16,15,57,5,0.1215,0.918,0.072,-344124.5,0.868,0.071,1.698,13.01,0,0.071,-0.007,0.058,0.045,13.22,-1.6,0.7,100,0
"2025-11-16 16:09:00",110623,"",7999,2025,11,16,16,3,5,0.0267,0.917,0.016,-344103.5,0.867,0.015,1.697,12.98,0,0.015,0.001,0.016,-0.005,13.22,-1.6,0.7,100,0
"2025-11-16 16:12:00",110624,"",7999,2025,11,16,16,3,5,0.0267,0.917,0.016,-344103.5,0.867,0.015,1.697,12.98,0,0.015,0.001,0.016,-0.005,13.22,-1.6,0.7,100,0
"2025-11-16 16:15:00",110625,"",7999,2025,11,16,16,9,5,-0.0645,0.911,-0.038,-344115.8,0.861,-0.039,1.686,12.98,0,-0.039,0,-0.042,-0.066,13.22,-1.6,0.7,100,0
"2025-11-16 16:18:00",110626,"",7999,2025,11,16,16,9,5,-0.0645,0.911,-0.038,-344115.8,0.861,-0.039,1.686,12.98,0,-0.039,0,-0.042,-0.066,13.22,-1.6,0.7,100,0
"2025-11-16 16:21:00",110627,"",7999,2025,11,16,16,15,5,-0.1189,0.891,-0.072,-344152,0.841,-0.073,1.648,12.84,0,-0.073,-0.002,-0.023,-0.097,13.22,-1.6,0.7,100,0
"2025-11-16 16:24:00",110628,"",7999,2025,11,16,16,15,5,-0.1189,0.891,-0.072,-344152,0.841,-0.073,1.648,12.84,0,-0.073,-0.002,-0.023,-0.097,13.22,-1.6,0.7,100,0
"2025-11-16 16:27:00",110629,"",7999,2025,11,16,16,21,5,-0.1531,0.861,-0.096,-344203.1,0.811,-0.098,1.594,12.68,0,-0.098,0,-0.04,-0.126,13.22,-1.6,0.7,100,0
"2025-11-16 16:30:00",110630,"",7999,2025,11,16,16,21,5,-0.1531,0.861,-0.096,-344203.1,0.811,-0.098,1.594,12.68,0,-0.098,0,-0.04,-0.126,13.22,-1.6,0.7,100,0
"2025-11-16 16:33:00",110631,"",7999,2025,11,16,16,27,5,-0.1272,0.833,-0.082,-344252,0.783,-0.083,1.542,12.5,0,-0.083,-0.001,-0.037,-0.104,13.22,-1.6,0.7,100,0
"2025-11-16 16:36:00",110632,"",7999,2025,11,16,16,27,5,-0.1272,0.833,-0.082,-344252,0.783,-0.083,1.542,12.5,0,-0.083,-0.001,-0.037,-0.104,13.22,-1.6,0.7,100,0
"2025-11-16 16:39:00",110633,"",7999,2025,11,16,16,33,5,-0.0973,0.804,-0.065,-344290.6,0.754,-0.065,1.488,12.31,0,-0.065,0.001,-0.042,-0.078,13.22,-1.6,0.7,100,0
"2025-11-16 16:42:00",110634,"",7999,2025,11,16,16,33,5,-0.0973,0.804,-0.065,-344290.6,0.754,-0.065,1.488,12.31,0,-0.065,0.001,-0.042,-0.078,13.22,-1.6,0.7,100,0
"2025-11-16 16:45:00",110635,"",7999,2025,11,16,16,39,5,-0.069,0.784,-0.048,-344318.8,0.734,-0.047,1.45,12.25,0,-0.047,0.001,-0.035,-0.073,13.22,-1.6,0.7,100,0
"2025-11-16 16:48:00",110636,"",7999,2025,11,16,16,39,5,-0.069,0.784,-0.048,-344318.8,0.734,-0.047,1.45,12.25,0,-0.047,0.001,-0.035,-0.073,13.22,-1.6,0.7,100,0
"2025-11-16 16:51:00",110637,"",7999,2025,11,16,16,45,5,-0.0757,0.758,-0.054,-344345.3,0.708,-0.053,1.402,12.16,0,-0.053,0.005,-0.04,-0.064,13.22,-1.6,0.7,100,0
"2025-11-16 16:54:00",110638,"",7999,2025,11,16,16,45,5,-0.0757,0.758,-0.054,-344345.3,0.708,-0.053,1.402,12.16,0,-0.053,0.005,-0.04,-0.064,13.22,-1.6,0.7,100,0
"2025-11-16 16:57:00",110639,"",7999,2025,11,16,16,51,5,-0.0363,0.734,-0.027,-344363.1,0.684,-0.027,1.359,12.1,0,-0.027,0.002,-0.023,-0.04,13.22,-1.6,0.7,100,0
"2025-11-16 17:00:00",110640,"",7999,2025,11,16,16,51,5,-0.0363,0.734,-0.027,-344363.1,0.684,-0.027,1.359,12.1,0,-0.027,0.002,-0.023,-0.04,13.22,-1.6,0.7,100,0
"2025-11-16 17:03:00",110641,"",7999,2025,11,16,16,57,5,-0.0213,0.722,-0.016,-344372.6,0.672,-0.015,1.337,12.07,0,-0.015,0.002,-0.016,-0.009,13.22,-1.6,0.7,100,0
"2025-11-16 17:06:00",110642,"",7999,2025,11,16,16,57,5,-0.0213,0.722,-0.016,-344372.6,0.672,-0.015,1.337,12.07,0,-0.015,0.002,-0.016,-0.009,13.22,-1.6,0.7,100,0
"2025-11-16 17:09:00",110643,"",7999,2025,11,16,17,3,5,-0.0138,0.713,-0.011,-344378.5,0.663,-0.01,1.319,12.06,0,-0.01,0.002,-0.005,-0.017,13.22,-1.6,0.7,100,0
"2025-11-16 17:12:00",110644,"",7999,2025,11,16,17,3,5,-0.0138,0.713,-0.011,-344378.5,0.663,-0.01,1.319,12.06,0,-0.01,0.002,-0.005,-0.017,13.22,-1.6,0.7,100,0
"2025-11-16 17:15:00",110645,"",7999,2025,11,16,17,9,5,-0.0065,0.707,-0.005,-344381.7,0.657,-0.004,1.309,12.05,0,-0.004,0.001,-0.012,-0.017,13.22,-1.6,0.7,100,0
"2025-11-16 17:18:00",110646,"",7999,2025,11,16,17,9,5,-0.0065,0.707,-0.005,-344381.7,0.657,-0.004,1.309,12.05,0,-0.004,0.001,-0.012,-0.017,13.22,-1.6,0.7,100,0
"2025-11-16 17:21:00",110647,"",7999,2025,11,16,17,15,5,-0.0052,0.285,-0.01,-344383.8,0.235,-0.01,0.527,12.03,0,-0.01,0.003,-0.016,0,13.22,-1.6,0.7,100,0
"2025-11-16 17:24:00",110648,"",7999,2025,11,16,17,15,5,-0.0052,0.285,-0.01,-344383.8,0.235,-0.01,0.527,12.03,0,-0.01,0.003,-0.016,0,13.22,-1.6,0.7,100,0
"2025-11-16 17:27:00",110649,"",7999,2025,11,16,17,21,5,-0.0031,0.493,-0.003,-344385.2,0.443,-0.002,0.912,12.04,0,-0.002,-0.001,-0.016,-0.009,13.22,-1.6,0.7,100,0
"2025-11-16 17:30:00",110650,"",7999,2025,11,16,17,21,5,-0.0031,0.493,-0.003,-344385.2,0.443,-0.002,0.912,12.04,0,-0.002,-0.001,-0.016,-0.009,13.22,-1.6,0.7,100,0
"2025-11-16 17:33:00",110651,"",7999,2025,11,16,17,27,5,-0.0079,0.593,-0.007,-344387.4,0.543,-0.007,1.098,12.06,0,-0.007,-0.001,0,-0.012,13.22,-1.6,0.7,100,0
"2025-11-16 17:36:00",110652,"",7999,2025,11,16,17,27,5,-0.0079,0.593,-0.007,-344387.4,0.543,-0.007,1.098,12.06,0,-0.007,-0.001,0,-0.012,13.22,-1.6,0.7,100,0
"2025-11-16 17:39:00",110653,"",7999,2025,11,16,17,33,5,0.0054,0.411,0.007,-344387.1,0.361,0.006,0.76,12.04,0,0.006,0.001,0.002,-0.007,13.22,-1.6,0.7,100,0
"2025-11-16 17:42:00",110654,"",7999,2025,11,16,17,33,5,0.0054,0.411,0.007,-344387.1,0.361,0.006,0.76,12.04,0,0.006,0.001,0.002,-0.007,13.22,-1.6,0.7,100,0
"2025-11-16 17:45:00",110655,"",7999,2025,11,16,17,39,5,0.0083,0.735,0.006,-344384.4,0.685,0.005,1.36,12,0,0.005,-0.002,0.016,0.005,13.22,-1.6,0.7,100,0
"2025-11-16 17:48:00",110656,"",7999,2025,11,16,17,39,5,0.0083,0.735,0.006,-344384.4,0.685,0.005,1.36,12,0,0.005,-0.002,0.016,0.005,13.22,-1.6,0.7,100,0
"2025-11-16 17:51:00",110657,"",7999,2025,11,16,17,45,5,-0.0101,0.729,-0.008,-344385.8,0.679,-0.006,1.349,11.96,0,-0.006,0.003,0,-0.012,13.22,-1.6,0.7,100,0
"2025-11-16 17:54:00",110658,"",7999,2025,11,16,17,45,5,-0.0101,0.729,-0.008,-344385.8,0.679,-0.006,1.349,11.96,0,-0.006,0.003,0,-0.012,13.22,-1.6,0.7,100,0
"2025-11-16 17:57:00",110659,"",7999,2025,11,16,17,51,5,-0.002,0.731,-0.002,-344387.6,0.681,-0.001,1.354,11.93,0,-0.001,0.003,0,0,13.22,-1.6,0.7,100,0
"2025-11-16 18:00:00",110660,"",7999,2025,11,16,17,51,5,-0.002,0.731,-0.002,-344387.6,0.681,-0.001,1.354,11.93,0,-0.001,0.003,0,0,13.22,-1.6,0.7,100,0
"2025-11-16 18:03:00",110661,"",7999,2025,11,16,17,57,5,-0.026,0.727,-0.019,-344394.1,0.677,-0.018,1.346,11.9,0,-0.018,0.001,-0.014,-0.036,13.22,-1.6,0.7,100,0
"2025-11-16 18:06:00",110662,"",7999,2025,11,16,17,57,5,-0.026,0.727,-0.019,-344394.1,0.677,-0.018,1.346,11.9,0,-0.018,0.001,-0.014,-0.036,13.22,-1.6,0.7,100,0
"2025-11-16 18:09:00",110663,"",7999,2025,11,16,18,3,5,-0.0106,0.716,-0.008,-344399.8,0.666,-0.008,1.326,11.84,0,-0.008,0.007,-0.009,-0.036,13.22,-1.6,0.7,100,0
"2025-11-16 18:12:00",110664,"",7999,2025,11,16,18,3,5,-0.0106,0.716,-0.008,-344399.8,0.666,-0.008,1.326,11.84,0,-0.008,0.007,-0.009,-0.036,13.22,-1.6,0.7,100,0
"2025-11-16 18:15:00",110665,"",7999,2025,11,16,18,9,5,-0.017,0.7,-0.013,-344405.1,0.65,-0.012,1.295,11.77,0,-0.012,0.003,-0.016,-0.026,13.22,-1.6,0.7,100,0
"2025-11-16 18:18:00",110666,"",7999,2025,11,16,18,9,5,-0.017,0.7,-0.013,-344405.1,0.65,-0.012,1.295,11.77,0,-0.012,0.003,-0.016,-0.026,13.22,-1.6,0.7,100,0
"2025-11-16 18:21:00",110667,"",7999,2025,11,16,18,15,5,-0.0199,0.677,-0.016,-344411.9,0.627,-0.014,1.252,11.65,0,-0.014,0.007,-0.016,-0.028,13.22,-1.6,0.7,100,0
"2025-11-16 18:24:00",110668,"",7999,2025,11,16,18,15,5,-0.0199,0.677,-0.016,-344411.9,0.627,-0.014,1.252,11.65,0,-0.014,0.007,-0.016,-0.028,13.22,-1.6,0.7,100,0
"2025-11-16 18:27:00",110669,"",7999,2025,11,16,18,21,5,-0.0142,0.662,-0.012,-344417.8,0.612,-0.011,1.225,11.58,0,-0.011,0.005,-0.014,-0.026,13.22,-1.6,0.7,100,0
"2025-11-16 18:30:00",110670,"",7999,2025,11,16,18,21,5,-0.0142,0.662,-0.012,-344417.8,0.612,-0.011,1.225,11.58,0,-0.011,0.005,-0.014,-0.026,13.22,-1.6,0.7,100,0
"2025-11-16 18:33:00",110671,"",7999,2025,11,16,18,27,5,-0.0129,0.651,-0.011,-344422.6,0.601,-0.01,1.205,11.65,0,-0.01,0.003,-0.002,-0.026,13.22,-1.6,0.7,100,0
"2025-11-16 18:36:00",110672,"",7999,2025,11,16,18,27,5,-0.0129,0.651,-0.011,-344422.6,0.601,-0.01,1.205,11.65,0,-0.01,0.003,-0.002,-0.026,13.22,-1.6,0.7,100,0
"2025-11-16 18:39:00",110673,"",7999,2025,11,16,18,33,5,-0.0147,0.633,-0.013,-344427.7,0.583,-0.011,1.172,11.78,0,-0.011,0.004,-0.023,-0.024,13.22,-1.6,0.7,100,0
"2025-11-16 18:42:00",110674,"",7999,2025,11,16,18,33,5,-0.0147,0.633,-0.013,-344427.7,0.583,-0.011,1.172,11.78,0,-0.011,0.004,-0.023,-0.024,13.22,-1.6,0.7,100,0
"2025-11-16 18:45:00",110675,"",7999,2025,11,16,18,39,5,-0.0132,0.622,-0.012,-344432.6,0.572,-0.011,1.152,11.84,0,-0.011,0.004,-0.012,-0.019,13.22,-1.6,0.7,100,0
"2025-11-16 18:48:00",110676,"",7999,2025,11,16,18,39,5,-0.0132,0.622,-0.012,-344432.6,0.572,-0.011,1.152,11.84,0,-0.011,0.004,-0.012,-0.019,13.22,-1.6,0.7,100,0
"2025-11-16 18:51:00",110677,"",7999,2025,11,16,18,45,5,-0.0158,0.611,-0.014,-344438,0.561,-0.013,1.131,11.83,0,-0.013,0.002,-0.007,-0.017,13.21,-1.6,0.7,100,0
"2025-11-16 18:54:00",110678,"",7999,2025,11,16,18,45,5,-0.0158,0.611,-0.014,-344438,0.561,-0.013,1.131,11.83,0,-0.013,0.002,-0.007,-0.017,13.21,-1.6,0.7,100,0
"2025-11-16 18:57:00",110679,"",7999,2025,11,16,18,51,5,-0.0136,0.606,-0.012,-344443.2,0.556,-0.012,1.122,11.86,0,-0.012,0,-0.002,-0.005,13.21,-1.6,0.7,100,0
"2025-11-16 19:00:00",110680,"",7999,2025,11,16,18,51,5,-0.0136,0.606,-0.012,-344443.2,0.556,-0.012,1.122,11.86,0,-0.012,0,-0.002,-0.005,13.21,-1.6,0.7,100,0
"2025-11-16 19:03:00",110681,"",7999,2025,11,16,18,57,5,-0.0042,0.216,-0.011,-344445.8,0.166,-0.011,0.399,11.85,0,-0.011,0.005,0.009,0.009,13.21,-1.6,0.7,100,0
"2025-11-16 19:06:00",110682,"",7999,2025,11,16,18,57,5,-0.0042,0.216,-0.011,-344445.8,0.166,-0.011,0.399,11.85,0,-0.011,0.005,0.009,0.009,13.21,-1.6,0.7,100,0
"2025-11-16 19:09:00",110683,"",7999,2025,11,16,19,3,5,-0.0071,0.505,-0.008,-344448.1,0.455,-0.007,0.935,11.85,0,-0.007,0,0,-0.007,13.21,-1.6,0.7,100,0
"2025-11-16 19:12:00",110684,"",7999,2025,11,16,19,3,5,-0.0071,0.505,-0.008,-344448.1,0.455,-0.007,0.935,11.85,0,-0.007,0,0,-0.007,13.21,-1.6,0.7,100,0
"2025-11-16 19:15:00",110685,"",7999,2025,11,16,19,9,5,-0.0039,0.596,-0.004,-344449.9,0.546,-0.002,1.102,11.84,0,-0.002,0.002,0.002,-0.007,13.21,-1.6,0.7,100,0
"2025-11-16 19:18:00",110686,"",7999,2025,11,16,19,9,5,-0.0039,0.596,-0.004,-344449.9,0.546,-0.002,1.102,11.84,0,-0.002,0.002,0.002,-0.007,13.21,-1.6,0.7,100,0
"2025-11-16 19:21:00",110687,"",7999,2025,11,16,19,15,5,-0.0063,0.595,-0.006,-344451.9,0.545,-0.004,1.101,11.84,0,-0.004,0.001,0,-0.005,13.21,-1.6,0.7,100,0
"2025-11-16 19:24:00",110688,"",7999,2025,11,16,19,15,5,-0.0063,0.595,-0.006,-344451.9,0.545,-0.004,1.101,11.84,0,-0.004,0.001,0,-0.005,13.21,-1.6,0.7,100,0
"2025-11-16 19:27:00",110689,"",7999,2025,11,16,19,21,5,-0.0037,0.604,-0.003,-344453.5,0.554,-0.001,1.117,11.84,0,-0.001,0.001,0.002,-0.014,13.21,-1.6,0.7,100,0
"2025-11-16 19:30:00",110690,"",7999,2025,11,16,19,21,5,-0.0037,0.604,-0.003,-344453.5,0.554,-0.001,1.117,11.84,0,-0.001,0.001,0.002,-0.014,13.21,-1.6,0.7,100,0
"2025-11-16 19:33:00",110691,"",7999,2025,11,16,19,27,5,-0.0012,0.18,-0.004,-344454.3,0.13,-0.004,0.333,11.82,0,-0.004,0.001,0,0,13.21,-1.6,0.7,100,0
"2025-11-16 19:36:00",110692,"",7999,2025,11,16,19,27,5,-0.0012,0.18,-0.004,-344454.3,0.13,-0.004,0.333,11.82,0,-0.004,0.001,0,0,13.21,-1.6,0.7,100,0
"2025-11-16 19:39:00",110693,"",7999,2025,11,16,19,33,5,-0.0085,0.599,-0.008,-344456.5,0.549,-0.007,1.108,11.83,0,-0.007,0.001,0.007,-0.019,13.21,-1.6,0.7,100,0
"2025-11-16 19:42:00",110694,"",7999,2025,11,16,19,33,5,-0.0085,0.599,-0.008,-344456.5,0.549,-0.007,1.108,11.83,0,-0.007,0.001,0.007,-0.019,13.21,-1.6,0.7,100,0
"2025-11-16 19:45:00",110695,"",7999,2025,11,16,19,39,5,0.0012,0.15,0.005,-344457.2,0.1,0.005,0.277,11.81,0,0.005,0.004,0,0,13.21,-1.6,0.7,100,0
"2025-11-16 19:48:00",110696,"",7999,2025,11,16,19,39,5,0.0012,0.15,0.005,-344457.2,0.1,0.005,0.277,11.81,0,0.005,0.004,0,0,13.21,-1.6,0.7,100,0
"2025-11-16 19:51:00",110697,"",7999,2025,11,16,19,45,5,-0.0047,0.395,-0.006,-344458.2,0.345,-0.005,0.731,11.82,0,-0.005,0.001,0,-0.014,13.21,-1.6,0.7,100,0
"2025-11-16 19:54:00",110698,"",7999,2025,11,16,19,45,5,-0.0047,0.395,-0.006,-344458.2,0.345,-0.005,0.731,11.82,0,-0.005,0.001,0,-0.014,13.21,-1.6,0.7,100,0
"2025-11-16 19:57:00",110699,"",7999,2025,11,16,19,51,5,-0.0049,0.573,-0.005,-344459.9,0.523,-0.004,1.06,11.85,0,-0.004,0.001,-0.007,-0.009,13.21,-1.6,0.7,100,0
"2025-11-16 20:00:00",110700,"",7999,2025,11,16,19,51,5,-0.0049,0.573,-0.005,-344459.9,0.523,-0.004,1.06,11.85,0,-0.004,0.001,-0.007,-0.009,13.21,-1.6,0.7,100,0
"2025-11-16 20:03:00",110701,"",7999,2025,11,16,19,57,5,-0.0052,0.573,-0.005,-344461.8,0.523,-0.004,1.061,11.87,0,-0.004,-0.001,0,-0.009,13.21,-1.6,0.7,100,0
"2025-11-16 20:06:00",110702,"",7999,2025,11,16,19,57,5,-0.0052,0.573,-0.005,-344461.8,0.523,-0.004,1.061,11.87,0,-0.004,-0.001,0,-0.009,13.21,-1.6,0.7,100,0
"2025-11-16 20:09:00",110703,"",7999,2025,11,16,20,3,5,-0.0043,0.578,-0.004,-344463.5,0.528,-0.002,1.07,11.88,0,-0.002,0,-0.007,-0.007,13.21,-1.6,0.7,100,0
"2025-11-16 20:12:00",110704,"",7999,2025,11,16,20,3,5,-0.0043,0.578,-0.004,-344463.5,0.528,-0.002,1.07,11.88,0,-0.002,0,-0.007,-0.007,13.21,-1.6,0.7,100,0
"2025-11-16 20:15:00",110705,"",7999,2025,11,16,20,9,5,-0.0029,0.573,-0.003,-344464.7,0.523,-0.002,1.06,11.89,0,-0.002,0.001,-0.009,-0.012,13.21,-1.6,0.7,100,0
"2025-11-16 20:18:00",110706,"",7999,2025,11,16,20,9,5,-0.0029,0.573,-0.003,-344464.7,0.523,-0.002,1.06,11.89,0,-0.002,0.001,-0.009,-0.012,13.21,-1.6,0.7,100,0
"2025-11-16 20:21:00",110707,"",7999,2025,11,16,20,15,5,-0.0004,0.134,-0.002,-344465.2,0.084,-0.002,0.248,11.9,0,-0.002,0.001,0,0,13.21,-1.6,0.7,100,0
"2025-11-16 20:24:00",110708,"",7999,2025,11,16,20,15,5,-0.0004,0.134,-0.002,-344465.2,0.084,-0.002,0.248,11.9,0,-0.002,0.001,0,0,13.21,-1.6,0.7,100,0
"2025-11-16 20:27:00",110709,"",7999,2025,11,16,20,21,5,0,0.149,0,-344465.2,0.099,0,0.275,11.91,0,0,0,0,0,13.21,-1.6,0.7,100,0
"2025-11-16 20:30:00",110710,"",7999,2025,11,16,20,21,5,0,0.149,0,-344465.2,0.099,0,0.275,11.91,0,0,0,0,0,13.21,-1.6,0.7,100,0
"2025-11-16 20:33:00",110711,"",7999,2025,11,16,20,27,5,-0.0161,0.563,-0.016,-344469.1,0.513,-0.013,1.041,11.92,0,-0.013,-0.005,0.002,-0.019,13.21,-1.6,0.7,100,0
"2025-11-16 20:36:00",110712,"",7999,2025,11,16,20,27,5,-0.0161,0.563,-0.016,-344469.1,0.513,-0.013,1.041,11.92,0,-0.013,-0.005,0.002,-0.019,13.21,-1.6,0.7,100,0
"2025-11-16 20:39:00",110713,"",7999,2025,11,16,20,33,5,-0.0059,0.396,-0.008,-344472.4,0.346,-0.007,0.733,11.92,0,-0.007,-0.001,-0.009,0.007,13.21,-1.6,0.7,100,0
"2025-11-16 20:42:00",110714,"",7999,2025,11,16,20,33,5,-0.0059,0.396,-0.008,-344472.4,0.346,-0.007,0.733,11.92,0,-0.007,-0.001,-0.009,0.007,13.21,-1.6,0.7,100,0
"2025-11-16 20:45:00",110715,"",7999,2025,11,16,20,39,5,0.0033,0.553,0.003,-344472.4,0.503,0.004,1.024,11.91,0,0.004,0.002,-0.016,-0.012,13.21,-1.6,0.7,100,0
"2025-11-16 20:48:00",110716,"",7999,2025,11,16,20,39,5,0.0033,0.553,0.003,-344472.4,0.503,0.004,1.024,11.91,0,0.004,0.002,-0.016,-0.012,13.21,-1.6,0.7,100,0
"2025-11-16 20:51:00",110717,"",7999,2025,11,16,20,45,5,-0.0072,0.552,-0.007,-344473.7,0.502,-0.006,1.022,11.92,0,-0.006,-0.003,-0.007,-0.007,13.21,-1.6,0.7,100,0
"2025-11-16 20:54:00",110718,"",7999,2025,11,16,20,45,5,-0.0072,0.552,-0.007,-344473.7,0.502,-0.006,1.022,11.92,0,-0.006,-0.003,-0.007,-0.007,13.21,-1.6,0.7,100,0
"2025-11-16 20:57:00",110719,"",7999,2025,11,16,20,51,5,-0,0.551,0,-344474.6,0.501,0,1.02,11.94,0,0,0.002,-0.009,-0.014,13.21,-1.6,0.7,100,0
"2025-11-16 21:00:00",110720,"",7999,2025,11,16,20,51,5,-0,0.551,0,-344474.6,0.501,0,1.02,11.94,0,0,0.002,-0.009,-0.014,13.21,-1.6,0.7,100,0
"2025-11-16 21:03:00",110721,"",7999,2025,11,16,20,57,5,-0.012,0.553,-0.012,-344477.5,0.503,-0.011,1.023,11.92,0,-0.011,-0.003,-0.007,0,13.21,-1.6,0.7,100,0
"2025-11-16 21:06:00",110722,"",7999,2025,11,16,20,57,5,-0.012,0.553,-0.012,-344477.5,0.503,-0.011,1.023,11.92,0,-0.011,-0.003,-0.007,0,13.21,-1.6,0.7,100,0
"2025-11-16 21:09:00",110723,"",7999,2025,11,16,21,3,5,-0.0036,0.549,-0.004,-344479.8,0.499,-0.002,1.016,11.91,0,-0.002,0.001,0.007,-0.005,13.21,-1.6,0.7,100,0
"2025-11-16 21:12:00",110724,"",7999,2025,11,16,21,3,5,-0.0036,0.549,-0.004,-344479.8,0.499,-0.002,1.016,11.91,0,-0.002,0.001,0.007,-0.005,13.21,-1.6,0.7,100,0
"2025-11-16 21:15:00",110725,"",7999,2025,11,16,21,9,5,-0.0066,0.543,-0.007,-344481.8,0.493,-0.006,1.005,11.88,0,-0.006,0.001,-0.007,-0.005,13.21,-1.6,0.7,100,0
"2025-11-16 21:18:00",110726,"",7999,2025,11,16,21,9,5,-0.0066,0.543,-0.007,-344481.8,0.493,-0.006,1.005,11.88,0,-0.006,0.001,-0.007,-0.005,13.21,-1.6,0.7,100,0
"2025-11-16 21:21:00",110727,"",7999,2025,11,16,21,15,5,-0.0057,0.535,-0.006,-344484,0.485,-0.005,0.99,11.89,0,-0.005,0.001,0.005,-0.009,13.21,-1.6,0.7,100,0
"2025-11-16 21:24:00",110728,"",7999,2025,11,16,21,15,5,-0.0057,0.535,-0.006,-344484,0.485,-0.005,0.99,11.89,0,-0.005,0.001,0.005,-0.009,13.21,-1.6,0.7,100,0
"2025-11-16 21:27:00",110729,"",7999,2025,11,16,21,21,5,-0.0055,0.531,-0.006,-344486.1,0.481,-0.005,0.984,11.91,0,-0.005,0,0,-0.012,13.21,-1.6,0.7,100,0
"2025-11-16 21:30:00",110730,"",7999,2025,11,16,21,21,5,-0.0055,0.531,-0.006,-344486.1,0.481,-0.005,0.984,11.91,0,-0.005,0,0,-0.012,13.21,-1.6,0.7,100,0
"2025-11-16 21:33:00",110731,"",7999,2025,11,16,21,27,5,-0.0052,0.525,-0.005,-344488,0.475,-0.004,0.972,11.95,0,-0.004,0.001,0.002,0,13.21,-1.6,0.7,100,0
"2025-11-16 21:36:00",110732,"",7999,2025,11,16,21,27,5,-0.0052,0.525,-0.005,-344488,0.475,-0.004,0.972,11.95,0,-0.004,0.001,0.002,0,13.21,-1.6,0.7,100,0
"2025-11-16 21:39:00",110733,"",7999,2025,11,16,21,33,5,-0.0073,0.524,-0.008,-344490.4,0.474,-0.007,0.97,11.97,0,-0.007,0,-0.012,-0.012,13.21,-1.6,0.7,100,0
"2025-11-16 21:42:00",110734,"",7999,2025,11,16,21,33,5,-0.0073,0.524,-0.008,-344490.4,0.474,-0.007,0.97,11.97,0,-0.007,0,-0.012,-0.012,13.21,-1.6,0.7,100,0
"2025-11-16 21:45:00",110735,"",7999,2025,11,16,21,39,5,-0.0065,0.52,-0.007,-344492.8,0.47,-0.006,0.962,11.97,0,-0.006,0.001,-0.012,-0.005,13.21,-1.6,0.7,100,0
"2025-11-16 21:48:00",110736,"",7999,2025,11,16,21,39,5,-0.0065,0.52,-0.007,-344492.8,0.47,-0.006,0.962,11.97,0,-0.006,0.001,-0.012,-0.005,13.21,-1.6,0.7,100,0
"2025-11-16 21:51:00",110737,"",7999,2025,11,16,21,45,5,-0.0077,0.521,-0.008,-344495.5,0.471,-0.007,0.964,11.96,0,-0.007,0.001,0,-0.009,13.21,-1.6,0.7,100,0
"2025-11-16 21:54:00",110738,"",7999,2025,11,16,21,45,5,-0.0077,0.521,-0.008,-344495.5,0.471,-0.007,0.964,11.96,0,-0.007,0.001,0,-0.009,13.21,-1.6,0.7,100,0
"2025-11-16 21:57:00",110739,"",7999,2025,11,16,21,51,5,0.0009,0.521,0.001,-344496.2,0.471,0.001,0.965,11.97,0,0.001,0.002,-0.012,0.002,13.21,-1.6,0.7,100,0
"2025-11-16 22:00:00",110740,"",7999,2025,11,16,21,51,5,0.0009,0.521,0.001,-344496.2,0.471,0.001,0.965,11.97,0,0.001,0.002,-0.012,0.002,13.21,-1.6,0.7,100,0
"2025-11-16 22:03:00",110741,"",7999,2025,11,16,21,57,5,-0.0021,0.529,-0.002,-344496.6,0.479,-0.001,0.978,11.97,0,-0.001,0.001,-0.012,-0.026,13.21,-1.6,0.7,100,0
"2025-11-16 22:06:00",110742,"",7999,2025,11,16,21,57,5,-0.0021,0.529,-0.002,-344496.6,0.479,-0.001,0.978,11.97,0,-0.001,0.001,-0.012,-0.026,13.21,-1.6,0.7,100,0
"2025-11-16 22:09:00",110743,"",7999,2025,11,16,22,3,5,-0.0048,0.531,-0.005,-344498.1,0.481,-0.005,0.982,11.94,0,-0.005,0.001,-0.002,-0.012,13.21,-1.6,0.7,100,0
"2025-11-16 22:12:00",110744,"",7999,2025,11,16,22,3,5,-0.0048,0.531,-0.005,-344498.1,0.481,-0.005,0.982,11.94,0,-0.005,0.001,-0.002,-0.012,13.21,-1.6,0.7,100,0
"2025-11-16 22:15:00",110745,"",7999,2025,11,16,22,9,5,-0.0036,0.538,-0.004,-344499.5,0.488,-0.004,0.995,11.92,0,-0.004,0.002,0.005,-0.005,13.21,-1.6,0.7,100,0
"2025-11-16 22:18:00",110746,"",7999,2025,11,16,22,9,5,-0.0036,0.538,-0.004,-344499.5,0.488,-0.004,0.995,11.92,0,-0.004,0.002,0.005,-0.005,13.21,-1.6,0.7,100,0
"2025-11-16 22:21:00",110747,"",7999,2025,11,16,22,15,5,-0.0075,0.541,-0.008,-344501.8,0.491,-0.006,1.001,11.93,0,-0.006,0.001,-0.007,-0.031,13.21,-1.6,0.7,100,0
"2025-11-16 22:24:00",110748,"",7999,2025,11,16,22,15,5,-0.0075,0.541,-0.008,-344501.8,0.491,-0.006,1.001,11.93,0,-0.006,0.001,-0.007,-0.031,13.21,-1.6,0.7,100,0
"2025-11-16 22:27:00",110749,"",7999,2025,11,16,22,21,5,-0.0042,0.54,-0.004,-344503.7,0.49,-0.002,1,11.94,0,-0.002,0,-0.014,-0.005,13.21,-1.6,0.7,100,0
"2025-11-16 22:30:00",110750,"",7999,2025,11,16,22,21,5,-0.0042,0.54,-0.004,-344503.7,0.49,-0.002,1,11.94,0,-0.002,0,-0.014,-0.005,13.21,-1.6,0.7,100,0
"2025-11-16 22:33:00",110751,"",7999,2025,11,16,22,27,5,-0.0085,0.542,-0.008,-344506.2,0.492,-0.007,1.004,11.95,0,-0.007,-0.001,-0.005,-0.009,13.21,-1.6,0.7,98,0
"2025-11-16 22:36:00",110752,"",7999,2025,11,16,22,27,5,-0.0085,0.542,-0.008,-344506.2,0.492,-0.007,1.004,11.95,0,-0.007,-0.001,-0.005,-0.009,13.21,-1.6,0.7,98,0
"2025-11-16 22:39:00",110753,"",7999,2025,11,16,22,33,5,-0.0071,0.543,-0.007,-344509,0.493,-0.006,1.006,11.95,0,-0.006,0.001,-0.014,-0.017,13.21,-1.6,0.7,100,0
"2025-11-16 22:42:00",110754,"",7999,2025,11,16,22,33,5,-0.0071,0.543,-0.007,-344509,0.493,-0.006,1.006,11.95,0,-0.006,0.001,-0.014,-0.017,13.21,-1.6,0.7,100,0
"2025-11-16 22:45:00",110755,"",7999,2025,11,16,22,39,5,-0.0037,0.553,-0.004,-344510.7,0.503,-0.002,1.023,11.96,0,-0.002,0,-0.007,-0.014,13.21,-1.6,0.7,100,0
"2025-11-16 22:48:00",110756,"",7999,2025,11,16,22,39,5,-0.0037,0.553,-0.004,-344510.7,0.503,-0.002,1.023,11.96,0,-0.002,0,-0.007,-0.014,13.21,-1.6,0.7,100,0
"2025-11-16 22:51:00",110757,"",7999,2025,11,16,22,45,5,-0.0012,0.562,-0.001,-344511.5,0.512,-0.002,1.041,11.96,0,-0.002,-0.002,-0.019,-0.005,13.21,-1.6,0.7,100,0
"2025-11-16 22:54:00",110758,"",7999,2025,11,16,22,45,5,-0.0012,0.562,-0.001,-344511.5,0.512,-0.002,1.041,11.96,0,-0.002,-0.002,-0.019,-0.005,13.21,-1.6,0.7,100,0
"2025-11-16 22:57:00",110759,"",7999,2025,11,16,22,51,5,-0.0047,0.562,-0.005,-344512.8,0.512,-0.004,1.04,11.93,0,-0.004,-0.001,0,-0.005,13.21,-1.6,0.7,100,0
"2025-11-16 23:00:00",110760,"",7999,2025,11,16,22,51,5,-0.0047,0.562,-0.005,-344512.8,0.512,-0.004,1.04,11.93,0,-0.004,-0.001,0,-0.005,13.21,-1.6,0.7,100,0
"2025-11-16 23:03:00",110761,"",7999,2025,11,16,22,57,5,-0.0082,0.562,-0.008,-344515.3,0.512,-0.007,1.04,11.91,0,-0.007,-0.002,0.014,-0.019,13.21,-1.6,0.7,100,0
"2025-11-16 23:06:00",110762,"",7999,2025,11,16,22,57,5,-0.0082,0.562,-0.008,-344515.3,0.512,-0.007,1.04,11.91,0,-0.007,-0.002,0.014,-0.019,13.21,-1.6,0.7,100,0
"2025-11-16 23:09:00",110763,"",7999,2025,11,16,23,3,5,-0.0039,0.563,-0.004,-344517.3,0.513,-0.002,1.041,11.91,0,-0.002,-0.001,-0.007,-0.005,13.21,-1.6,0.7,100,0
"2025-11-16 23:12:00",110764,"",7999,2025,11,16,23,3,5,-0.0039,0.563,-0.004,-344517.3,0.513,-0.002,1.041,11.91,0,-0.002,-0.001,-0.007,-0.005,13.21,-1.6,0.7,100,0
"2025-11-16 23:15:00",110765,"",7999,2025,11,16,23,9,5,-0.0031,0.562,-0.003,-344518.4,0.512,-0.002,1.041,11.92,0,-0.002,-0.001,-0.007,-0.014,13.21,-1.6,0.7,100,0
"2025-11-16 23:18:00",110766,"",7999,2025,11,16,23,9,5,-0.0031,0.562,-0.003,-344518.4,0.512,-0.002,1.041,11.92,0,-0.002,-0.001,-0.007,-0.014,13.21,-1.6,0.7,100,0
"2025-11-16 23:21:00",110767,"",7999,2025,11,16,23,15,5,-0.0099,0.569,-0.009,-344521.2,0.519,-0.008,1.053,11.9,0,-0.008,-0.002,-0.002,-0.012,13.21,-1.6,0.7,100,0
"2025-11-16 23:24:00",110768,"",7999,2025,11,16,23,15,5,-0.0099,0.569,-0.009,-344521.2,0.519,-0.008,1.053,11.9,0,-0.008,-0.002,-0.002,-0.012,13.21,-1.6,0.7,100,0
"2025-11-16 23:27:00",110769,"",7999,2025,11,16,23,21,5,-0.0031,0.579,-0.003,-344523.2,0.529,-0.002,1.072,11.9,0,-0.002,0.001,-0.023,0.002,13.21,-1.6,0.7,100,0
"2025-11-16 23:30:00",110770,"",7999,2025,11,16,23,21,5,-0.0031,0.579,-0.003,-344523.2,0.529,-0.002,1.072,11.9,0,-0.002,0.001,-0.023,0.002,13.21,-1.6,0.7,100,0
"2025-11-16 23:33:00",110771,"",7999,2025,11,16,23,27,5,-0.0018,0.586,-0.002,-344524,0.536,-0.001,1.085,11.91,0,-0.001,-0.001,-0.005,-0.005,13.21,-1.6,0.7,100,0
"2025-11-16 23:36:00",110772,"",7999,2025,11,16,23,27,5,-0.0018,0.586,-0.002,-344524,0.536,-0.001,1.085,11.91,0,-0.001,-0.001,-0.005,-0.005,13.21,-1.6,0.7,100,0
"2025-11-16 23:39:00",110773,"",7999,2025,11,16,23,33,5,0.0008,0.59,0.001,-344524,0.54,0.001,1.092,11.92,0,0.001,0.001,-0.002,-0.012,13.21,-1.6,0.7,100,0
"2025-11-16 23:42:00",110774,"",7999,2025,11,16,23,33,5,0.0008,0.59,0.001,-344524,0.54,0.001,1.092,11.92,0,0.001,0.001,-0.002,-0.012,13.21,-1.6,0.7,100,0
"2025-11-16 23:45:00",110775,"",7999,2025,11,16,23,39,5,-0.0047,0.605,-0.004,-344525.1,0.555,-0.002,1.119,11.9,0,-0.002,0,-0.021,-0.017,13.21,-1.6,0.7,100,0
"2025-11-16 23:48:00",110776,"",7999,2025,11,16,23,39,5,-0.0047,0.605,-0.004,-344525.1,0.555,-0.002,1.119,11.9,0,-0.002,0,-0.021,-0.017,13.21,-1.6,0.7,100,0
"2025-11-16 23:51:00",110777,"",7999,2025,11,16,23,45,5,0.001,0.617,0.001,-344525.4,0.567,0,1.141,11.89,0,0,0,0.005,0,13.21,-1.6,0.7,100,0
"2025-11-16 23:54:00",110778,"",7999,2025,11,16,23,45,5,0.001,0.617,0.001,-344525.4,0.567,0,1.141,11.89,0,0,0,0.005,0,13.21,-1.6,0.7,100,0
"2025-11-16 23:57:00",110779,"",7999,2025,11,16,23,51,5,0.0067,0.624,0.006,-344523.7,0.574,0.005,1.155,11.86,0,0.005,-0.002,-0.019,0,13.2,-1.6,0.7,100,0
"2025-11-17 00:00:00",110780,"",7999,2025,11,16,23,51,5,0.0067,0.624,0.006,-344523.7,0.574,0.005,1.155,11.86,0,0.005,-0.002,-0.019,0,13.2,-1.6,0.7,100,0
"2025-11-17 00:03:00",110781,"",7999,2025,11,16,23,57,5,-0,0.625,0,-344522.8,0.575,0,1.157,11.81,0,0,0,0.005,0,13.21,-1.6,0.7,100,0
"2025-11-17 00:06:00",110782,"",7999,2025,11,16,23,57,5,-0,0.625,0,-344522.8,0.575,0,1.157,11.81,0,0,0,0.005,0,13.21,-1.6,0.7,100,0
"2025-11-17 00:09:00",110783,"",7999,2025,11,17,0,3,5,-0.0011,0.634,-0.001,-344523.1,0.584,0,1.172,11.78,0,0,0,-0.009,-0.007,13.2,-1.6,0.7,100,0
"2025-11-17 00:12:00",110784,"",7999,2025,11,17,0,3,5,-0.0011,0.634,-0.001,-344523.1,0.584,0,1.172,11.78,0,0,0,-0.009,-0.007,13.2,-1.6,0.7,100,0
"2025-11-17 00:15:00",110785,"",7999,2025,11,17,0,9,5,0.0044,0.638,0.004,-344522.2,0.588,0.002,1.181,11.76,0,0.002,-0.001,0,-0.007,13.21,-1.6,0.7,100,0
"2025-11-17 00:18:00",110786,"",7999,2025,11,17,0,9,5,0.0044,0.638,0.004,-344522.2,0.588,0.002,1.181,11.76,0,0.002,-0.001,0,-0.007,13.21,-1.6,0.7,100,0
"2025-11-17 00:21:00",110787,"",7999,2025,11,17,0,15,5,0.0043,0.648,0.004,-344520.7,0.598,0.002,1.2,11.72,0,0.002,0,-0.012,-0.002,13.2,-1.6,0.7,100,0
"2025-11-17 00:24:00",110788,"",7999,2025,11,17,0,15,5,0.0043,0.648,0.004,-344520.7,0.598,0.002,1.2,11.72,0,0.002,0,-0.012,-0.002,13.2,-1.6,0.7,100,0
"2025-11-17 00:27:00",110789,"",7999,2025,11,17,0,21,5,0.0049,0.652,0.004,-344518.9,0.602,0.002,1.207,11.63,0,0.002,0,-0.007,0.009,13.2,-1.6,0.7,100,0
"2025-11-17 00:30:00",110790,"",7999,2025,11,17,0,21,5,0.0049,0.652,0.004,-344518.9,0.602,0.002,1.207,11.63,0,0.002,0,-0.007,0.009,13.2,-1.6,0.7,100,0
"2025-11-17 00:33:00",110791,"",7999,2025,11,17,0,27,5,-0.0005,0.658,0,-344518.5,0.608,0,1.218,11.61,0,0,0,-0.012,-0.007,13.2,-1.6,0.7,100,0
"2025-11-17 00:36:00",110792,"",7999,2025,11,17,0,27,5,-0.0005,0.658,0,-344518.5,0.608,0,1.218,11.61,0,0,0,-0.012,-0.007,13.2,-1.6,0.7,100,0
"2025-11-17 00:39:00",110793,"",7999,2025,11,17,0,33,5,-0.0123,0.662,-0.01,-344521.5,0.612,-0.01,1.225,11.62,0,-0.01,0.002,-0.012,-0.009,13.2,-1.6,0.7,100,0
"2025-11-17 00:42:00",110794,"",7999,2025,11,17,0,33,5,-0.0123,0.662,-0.01,-344521.5,0.612,-0.01,1.225,11.62,0,-0.01,0.002,-0.012,-0.009,13.2,-1.6,0.7,100,0
"2025-11-17 00:45:00",110795,"",7999,2025,11,17,0,39,5,-0,0.665,0,-344523,0.615,0,1.231,11.66,0,0,0,-0.028,-0.014,13.2,-1.6,0.7,100,0
"2025-11-17 00:48:00",110796,"",7999,2025,11,17,0,39,5,-0,0.665,0,-344523,0.615,0,1.231,11.66,0,0,0,-0.028,-0.014,13.2,-1.6,0.7,100,0
"2025-11-17 00:51:00",110797,"",7999,2025,11,17,0,45,5,0.0052,0.672,0.004,-344521.8,0.622,0.005,1.244,11.72,0,0.005,-0.002,-0.009,-0.019,13.2,-1.6,0.7,100,0
"2025-11-17 00:54:00",110798,"",7999,2025,11,17,0,45,5,0.0052,0.672,0.004,-344521.8,0.622,0.005,1.244,11.72,0,0.005,-0.002,-0.009,-0.019,13.2,-1.6,0.7,100,0
"2025-11-17 00:57:00",110799,"",7999,2025,11,17,0,51,5,-0.0002,0.677,0,-344521.2,0.627,0,1.253,11.46,0,0,0,0.005,0.002,13.2,-1.6,0.7,100,0
"2025-11-17 01:00:00",110800,"",7999,2025,11,17,0,51,5,-0.0002,0.677,0,-344521.2,0.627,0,1.253,11.46,0,0,0,0.005,0.002,13.2,-1.6,0.7,100,0
"2025-11-17 01:03:00",110801,"",7999,2025,11,17,0,57,5,-0.0069,0.676,-0.006,-344522.9,0.626,-0.005,1.252,10.84,0,-0.005,0.001,-0.021,0.002,13.2,-1.6,0.7,100,0
"2025-11-17 01:06:00",110802,"",7999,2025,11,17,0,57,5,-0.0069,0.676,-0.006,-344522.9,0.626,-0.005,1.252,10.84,0,-0.005,0.001,-0.021,0.002,13.2,-1.6,0.7,100,0
"2025-11-17 01:09:00",110803,"",7999,2025,11,17,1,3,5,0.0013,0.68,0.001,-344523.4,0.63,0.001,1.259,10.17,0,0.001,-0.002,0.002,-0.007,13.2,-1.6,0.7,100,0
"2025-11-17 01:12:00",110804,"",7999,2025,11,17,1,3,5,0.0013,0.68,0.001,-344523.4,0.63,0.001,1.259,10.17,0,0.001,-0.002,0.002,-0.007,13.2,-1.6,0.7,100,0
"2025-11-17 01:15:00",110805,"",7999,2025,11,17,1,9,5,0.0059,0.68,0.005,-344521.8,0.63,0.004,1.258,9.62,0,0.004,-0.001,-0.009,0,13.2,-1.6,0.7,100,0
"2025-11-17 01:18:00",110806,"",7999,2025,11,17,1,9,5,0.0059,0.68,0.005,-344521.8,0.63,0.004,1.258,9.62,0,0.004,-0.001,-0.009,0,13.2,-1.6,0.7,100,0
"2025-11-17 01:21:00",110807,"",7999,2025,11,17,1,15,5,0.0064,0.475,0.007,-344519.6,0.425,0.007,0.879,9.34,0,0.007,0.001,-0.014,0.005,13.2,-1.6,0.7,100,0
"2025-11-17 01:24:00",110808,"",7999,2025,11,17,1,15,5,0.0064,0.475,0.007,-344519.6,0.425,0.007,0.879,9.34,0,0.007,0.001,-0.014,0.005,13.2,-1.6,0.7,100,0
"2025-11-17 01:27:00",110809,"",7999,2025,11,17,1,21,5,0.0015,0.692,0.001,-344518.5,0.642,0.001,1.28,9.1,0,0.001,-0.001,-0.002,-0.012,13.2,-1.6,0.7,100,0
"2025-11-17 01:30:00",110810,"",7999,2025,11,17,1,21,5,0.0015,0.692,0.001,-344518.5,0.642,0.001,1.28,9.1,0,0.001,-0.001,-0.002,-0.012,13.2,-1.6,0.7,100,0
"2025-11-17 01:33:00",110811,"",7999,2025,11,17,1,27,5,0.0062,0.701,0.005,-344516.8,0.651,0.004,1.296,8.91,0,0.004,-0.001,-0.012,-0.021,13.2,-1.6,0.7,100,0
"2025-11-17 01:36:00",110812,"",7999,2025,11,17,1,27,5,0.0062,0.701,0.005,-344516.8,0.651,0.004,1.296,8.91,0,0.004,-0.001,-0.012,-0.021,13.2,-1.6,0.7,100,0
"2025-11-17 01:39:00",110813,"",7999,2025,11,17,1,33,5,0.0062,0.706,0.005,-344514.5,0.656,0.004,1.307,8.78,0,0.004,0.002,-0.023,-0.021,13.2,-1.6,0.7,100,0
"2025-11-17 01:42:00",110814,"",7999,2025,11,17,1,33,5,0.0062,0.706,0.005,-344514.5,0.656,0.004,1.307,8.78,0,0.004,0.002,-0.023,-0.021,13.2,-1.6,0.7,100,0
"2025-11-17 01:45:00",110815,"",7999,2025,11,17,1,39,5,0.0029,0.708,0.002,-344513,0.658,0.002,1.311,8.72,0,0.002,0.001,-0.014,-0.019,13.2,-1.6,0.7,100,0
"2025-11-17 01:48:00",110816,"",7999,2025,11,17,1,39,5,0.0029,0.708,0.002,-344513,0.658,0.002,1.311,8.72,0,0.002,0.001,-0.014,-0.019,13.2,-1.6,0.7,100,0
"2025-11-17 01:51:00",110817,"",7999,2025,11,17,1,45,5,0.0116,0.392,0.016,-344509.9,0.342,0.017,0.725,8.67,0,0.017,0.008,-0.009,-0.026,13.2,-1.6,0.7,100,0
"2025-11-17 01:54:00",110818,"",7999,2025,11,17,1,45,5,0.0116,0.392,0.016,-344509.9,0.342,0.017,0.725,8.67,0,0.017,0.008,-0.009,-0.026,13.2,-1.6,0.7,100,0
"2025-11-17 01:57:00",110819,"",7999,2025,11,17,1,51,5,-0.001,0.36,-0.002,-344508.8,0.31,-0.002,0.667,8.64,0,-0.002,-0.004,0,-0.007,13.2,-1.6,0.7,100,0
"2025-11-17 02:00:00",110820,"",7999,2025,11,17,1,51,5,-0.001,0.36,-0.002,-344508.8,0.31,-0.002,0.667,8.64,0,-0.002,-0.004,0,-0.007,13.2,-1.6,0.7,100,0
"2025-11-17 02:03:00",110821,"",7999,2025,11,17,1,57,5,-0.0001,0.715,0,-344508.9,0.665,0,1.324,8.59,0,0,0,-0.005,-0.002,13.2,-1.6,0.7,100,0
"2025-11-17 02:06:00",110822,"",7999,2025,11,17,1,57,5,-0.0001,0.715,0,-344508.9,0.665,0,1.324,8.59,0,0,0,-0.005,-0.002,13.2,-1.6,0.7,100,0
"2025-11-17 02:09:00",110823,"",7999,2025,11,17,2,3,5,-0.0173,0.707,-0.013,-344513.1,0.657,-0.012,1.308,8.56,0,-0.012,-0.003,0.002,-0.009,13.2,-1.6,0.7,100,0
"2025-11-17 02:12:00",110824,"",7999,2025,11,17,2,3,5,-0.0173,0.707,-0.013,-344513.1,0.657,-0.012,1.308,8.56,0,-0.012,-0.003,0.002,-0.009,13.2,-1.6,0.7,100,0
"2025-11-17 02:15:00",110825,"",7999,2025,11,17,2,9,5,-0.015,0.7,-0.012,-344518.8,0.65,-0.011,1.295,8.58,0,-0.011,0.002,-0.002,-0.009,13.2,-1.6,0.7,100,0
"2025-11-17 02:18:00",110826,"",7999,2025,11,17,2,9,5,-0.015,0.7,-0.012,-344518.8,0.65,-0.011,1.295,8.58,0,-0.011,0.002,-0.002,-0.009,13.2,-1.6,0.7,100,0
"2025-11-17 02:21:00",110827,"",7999,2025,11,17,2,15,5,-0.0089,0.694,-0.007,-344522.8,0.644,-0.006,1.285,8.59,0,-0.006,0.003,0.005,-0.017,13.2,-1.6,0.7,100,0
"2025-11-17 02:24:00",110828,"",7999,2025,11,17,2,15,5,-0.0089,0.694,-0.007,-344522.8,0.644,-0.006,1.285,8.59,0,-0.006,0.003,0.005,-0.017,13.2,-1.6,0.7,100,0
"2025-11-17 02:27:00",110829,"",7999,2025,11,17,2,21,5,-0.0149,0.635,-0.013,-344527.4,0.585,-0.011,1.175,8.6,0,-0.011,-0.003,0,-0.017,13.2,-1.6,0.7,100,0
"2025-11-17 02:30:00",110830,"",7999,2025,11,17,2,21,5,-0.0149,0.635,-0.013,-344527.4,0.585,-0.011,1.175,8.6,0,-0.011,-0.003,0,-0.017,13.2,-1.6,0.7,100,0
"2025-11-17 02:33:00",110831,"",7999,2025,11,17,2,27,5,-0.0061,0.681,-0.005,-344530.7,0.631,-0.004,1.261,8.61,0,-0.004,-0.001,0.002,-0.002,13.2,-1.6,0.7,100,0
"2025-11-17 02:36:00",110832,"",7999,2025,11,17,2,27,5,-0.0061,0.681,-0.005,-344530.7,0.631,-0.004,1.261,8.61,0,-0.004,-0.001,0.002,-0.002,13.2,-1.6,0.7,100,0
"2025-11-17 02:39:00",110833,"",7999,2025,11,17,2,33,5,-0.0153,0.679,-0.012,-344535.1,0.629,-0.012,1.257,8.63,0,-0.012,-0.003,0.005,-0.005,13.2,-1.6,0.7,100,0
"2025-11-17 02:42:00",110834,"",7999,2025,11,17,2,33,5,-0.0153,0.679,-0.012,-344535.1,0.629,-0.012,1.257,8.63,0,-0.012,-0.003,0.005,-0.005,13.2,-1.6,0.7,100,0
"2025-11-17 02:45:00",110835,"",7999,2025,11,17,2,39,5,0.0129,0.676,0.01,-344533.8,0.626,0.012,1.251,8.62,0,0.012,0.005,0.002,-0.002,13.2,-1.6,0.7,100,0
"2025-11-17 02:48:00",110836,"",7999,2025,11,17,2,39,5,0.0129,0.676,0.01,-344533.8,0.626,0.012,1.251,8.62,0,0.012,0.005,0.002,-0.002,13.2,-1.6,0.7,100,0
"2025-11-17 02:51:00",110837,"",7999,2025,11,17,2,45,5,-0.0007,0.675,-0.001,-344532.5,0.625,0,1.249,8.63,0,0,0,0,0.005,13.2,-1.6,0.7,100,0
"2025-11-17 02:54:00",110838,"",7999,2025,11,17,2,45,5,-0.0007,0.675,-0.001,-344532.5,0.625,0,1.249,8.63,0,0,0,0,0.005,13.2,-1.6,0.7,100,0
"2025-11-17 02:57:00",110839,"",7999,2025,11,17,2,51,5,0.0063,0.669,0.005,-344531,0.619,0.007,1.239,8.64,0,0.007,0.004,0.04,-0.014,13.2,-1.6,0.7,100,0
"2025-11-17 03:00:00",110840,"",7999,2025,11,17,2,51,5,0.0063,0.669,0.005,-344531,0.619,0.007,1.239,8.64,0,0.007,0.004,0.04,-0.014,13.2,-1.6,0.7,100,0
"2025-11-17 03:03:00",110841,"",7999,2025,11,17,2,57,5,0.0014,0.668,0.001,-344529.9,0.618,0.002,1.236,8.66,0,0.002,0.002,-0.012,-0.019,13.2,-1.6,0.7,100,0
"2025-11-17 03:06:00",110842,"",7999,2025,11,17,2,57,5,0.0014,0.668,0.001,-344529.9,0.618,0.002,1.236,8.66,0,0.002,0.002,-0.012,-0.019,13.2,-1.6,0.7,100,0
"2025-11-17 03:09:00",110843,"",7999,2025,11,17,3,3,5,0.0002,0.671,0,-344529.7,0.621,0,1.241,8.67,0,0,0.001,-0.03,0,13.2,-1.6,0.7,100,0
"2025-11-17 03:12:00",110844,"",7999,2025,11,17,3,3,5,0.0002,0.671,0,-344529.7,0.621,0,1.241,8.67,0,0,0.001,-0.03,0,13.2,-1.6,0.7,100,0
"2025-11-17 03:15:00",110845,"",7999,2025,11,17,3,9,5,0,0.134,0,-344529.7,0.084,0,0.248,8.69,0,0,0,0,0,13.2,-1.6,0.7,100,0
"2025-11-17 03:18:00",110846,"",7999,2025,11,17,3,9,5,0,0.134,0,-344529.7,0.084,0,0.248,8.69,0,0,0,0,0,13.2,-1.6,0.7,100,0
"2025-11-17 03:21:00",110847,"",7999,2025,11,17,3,15,5,0.0036,0.679,0.003,-344528.8,0.629,0.002,1.257,8.7,0,0.002,0,-0.014,-0.007,13.2,-1.6,0.7,100,0
"2025-11-17 03:24:00",110848,"",7999,2025,11,17,3,15,5,0.0036,0.679,0.003,-344528.8,0.629,0.002,1.257,8.7,0,0.002,0,-0.014,-0.007,13.2,-1.6,0.7,100,0
"2025-11-17 03:27:00",110849,"",7999,2025,11,17,3,21,5,0.0144,0.678,0.011,-344524.9,0.628,0.012,1.255,8.72,0,0.012,0.004,-0.019,-0.017,13.2,-1.6,0.7,100,0
"2025-11-17 03:30:00",110850,"",7999,2025,11,17,3,21,5,0.0144,0.678,0.011,-344524.9,0.628,0.012,1.255,8.72,0,0.012,0.004,-0.019,-0.017,13.2,-1.6,0.7,100,0
"2025-11-17 03:33:00",110851,"",7999,2025,11,17,3,27,5,-0.0076,0.605,-0.007,-344525,0.555,-0.007,1.12,8.73,0,-0.007,-0.002,-0.026,-0.009,13.2,-1.6,0.7,100,0
"2025-11-17 03:36:00",110852,"",7999,2025,11,17,3,27,5,-0.0076,0.605,-0.007,-344525,0.555,-0.007,1.12,8.73,0,-0.007,-0.002,-0.026,-0.009,13.2,-1.6,0.7,100,0
"2025-11-17 03:39:00",110853,"",7999,2025,11,17,3,33,5,-0.0059,0.681,-0.005,-344527.3,0.631,-0.005,1.261,8.75,0,-0.005,-0.002,-0.014,-0.002,13.2,-1.6,0.7,100,0
"2025-11-17 03:42:00",110854,"",7999,2025,11,17,3,33,5,-0.0059,0.681,-0.005,-344527.3,0.631,-0.005,1.261,8.75,0,-0.005,-0.002,-0.014,-0.002,13.2,-1.6,0.7,100,0
"2025-11-17 03:45:00",110855,"",7999,2025,11,17,3,39,5,0.0043,0.355,0.007,-344527,0.305,0.006,0.656,8.77,0,0.006,0.002,0.002,0.002,13.2,-1.6,0.7,100,0
"2025-11-17 03:48:00",110856,"",7999,2025,11,17,3,39,5,0.0043,0.355,0.007,-344527,0.305,0.006,0.656,8.77,0,0.006,0.002,0.002,0.002,13.2,-1.6,0.7,100,0
"2025-11-17 03:51:00",110857,"",7999,2025,11,17,3,45,5,0.0104,0.346,0.016,-344523.9,0.296,0.017,0.64,8.78,0,0.017,0.007,0,0.017,13.2,-1.6,0.7,100,0
"2025-11-17 03:54:00",110858,"",7999,2025,11,17,3,45,5,0.0104,0.346,0.016,-344523.9,0.296,0.017,0.64,8.78,0,0.017,0.007,0,0.017,13.2,-1.6,0.7,100,0
"2025-11-17 03:57:00",110859,"",7999,2025,11,17,3,51,5,0.0017,0.339,0.003,-344522.3,0.289,0.002,0.627,8.78,0,0.002,0.001,0.007,-0.009,13.2,-1.6,0.7,100,0
"2025-11-17 04:00:00",110860,"",7999,2025,11,17,3,51,5,0.0017,0.339,0.003,-344522.3,0.289,0.002,0.627,8.78,0,0.002,0.001,0.007,-0.009,13.2,-1.6,0.7,100,0
"2025-11-17 04:03:00",110861,"",7999,2025,11,17,3,57,5,0.0002,0.238,0,-344522,0.188,0,0.441,8.78,0,0,0,0.002,-0.005,13.2,-1.6,0.7,100,0
"2025-11-17 04:06:00",110862,"",7999,2025,11,17,3,57,5,0.0002,0.238,0,-344522,0.188,0,0.441,8.78,0,0,0,0.002,-0.005,13.2,-1.6,0.7,100,0
"2025-11-17 04:09:00",110863,"",7999,2025,11,17,4,3,5,0.0005,0.172,0.002,-344521.8,0.122,0.001,0.318,8.78,0,0.001,-0.001,0,0,13.2,-1.6,0.7,100,0
"2025-11-17 04:12:00",110864,"",7999,2025,11,17,4,3,5,0.0005,0.172,0.002,-344521.8,0.122,0.001,0.318,8.78,0,0.001,-0.001,0,0,13.2,-1.6,0.7,100,0
"2025-11-17 04:15:00",110865,"",7999,2025,11,17,4,9,5,0.0092,0.191,0.026,-344519.6,0.141,0.027,0.354,8.78,0,0.027,0.009,0,0,13.2,-1.6,0.7,100,0
"2025-11-17 04:18:00",110866,"",7999,2025,11,17,4,9,5,0.0092,0.191,0.026,-344519.6,0.141,0.027,0.354,8.78,0,0.027,0.009,0,0,13.2,-1.6,0.7,100,0
"2025-11-17 04:21:00",110867,"",7999,2025,11,17,4,15,5,0.0017,0.148,0.007,-344518,0.098,0.007,0.273,8.8,0,0.007,-0.02,0,0,13.2,-1.6,0.7,100,0
"2025-11-17 04:24:00",110868,"",7999,2025,11,17,4,15,5,0.0017,0.148,0.007,-344518,0.098,0.007,0.273,8.8,0,0.007,-0.02,0,0,13.2,-1.6,0.7,100,0
"2025-11-17 04:27:00",110869,"",7999,2025,11,17,4,21,5,-0.0108,0.182,-0.032,-344520.4,0.132,-0.034,0.338,8.82,0,-0.034,-0.02,0,0,13.2,-1.6,0.7,100,0
"2025-11-17 04:30:00",110870,"",7999,2025,11,17,4,21,5,-0.0108,0.182,-0.032,-344520.4,0.132,-0.034,0.338,8.82,0,-0.034,-0.02,0,0,13.2,-1.6,0.7,100,0
"2025-11-17 04:33:00",110871,"",7999,2025,11,17,4,27,5,-0.0215,0.222,-0.052,-344526.9,0.172,-0.054,0.411,8.82,0,-0.054,0.022,-0.007,-0.005,13.2,-1.6,0.7,100,0
"2025-11-17 04:36:00",110872,"",7999,2025,11,17,4,27,5,-0.0215,0.222,-0.052,-344526.9,0.172,-0.054,0.411,8.82,0,-0.054,0.022,-0.007,-0.005,13.2,-1.6,0.7,100,0
"2025-11-17 04:39:00",110873,"",7999,2025,11,17,4,33,5,0.0004,0.246,0.001,-344529.3,0.196,0.001,0.455,8.82,0,0.001,-0.006,0.04,0,13.2,-1.6,0.7,100,0
"2025-11-17 04:42:00",110874,"",7999,2025,11,17,4,33,5,0.0004,0.246,0.001,-344529.3,0.196,0.001,0.455,8.82,0,0.001,-0.006,0.04,0,13.2,-1.6,0.7,100,0
"2025-11-17 04:45:00",110875,"",7999,2025,11,17,4,39,5,-0.113,0.203,-0.3,-344556.4,0.153,-0.308,0.377,8.85,0,-0.308,-0.167,0,0,13.2,-1.6,0.7,100,0
"2025-11-17 04:48:00",110876,"",7999,2025,11,17,4,39,5,-0.113,0.203,-0.3,-344556.4,0.153,-0.308,0.377,8.85,0,-0.308,-0.167,0,0,13.2,-1.6,0.7,100,0
"2025-11-17 04:51:00",110877,"",7999,2025,11,17,4,45,5,-0.0002,0.13,-0.001,-344570.1,0.08,-0.001,0.242,8.85,0,-0.001,-0.008,0,0,13.2,-1.6,0.7,100,0
"2025-11-17 04:54:00",110878,"",7999,2025,11,17,4,45,5,-0.0002,0.13,-0.001,-344570.1,0.08,-0.001,0.242,8.85,0,-0.001,-0.008,0,0,13.2,-1.6,0.7,100,0
"2025-11-17 04:57:00",110879,"",7999,2025,11,17,4,51,5,-0.01,0.199,-0.027,-344572.5,0.149,-0.029,0.369,8.86,0,-0.029,0.025,0,0,13.2,-1.6,0.7,100,0
"2025-11-17 05:00:00",110880,"",7999,2025,11,17,4,51,5,-0.01,0.199,-0.027,-344572.5,0.149,-0.029,0.369,8.86,0,-0.029,0.025,0,0,13.2,-1.6,0.7,100,0
"2025-11-17 05:03:00",110881,"",7999,2025,11,17,4,57,5,-0.0376,0.134,-0.151,-344582.8,0.084,-0.163,0.249,8.87,0,-0.163,-0.025,0,0,13.2,-1.6,0.7,100,0
"2025-11-17 05:06:00",110882,"",7999,2025,11,17,4,57,5,-0.0376,0.134,-0.151,-344582.8,0.084,-0.163,0.249,8.87,0,-0.163,-0.025,0,0,13.2,-1.6,0.7,100,0
"2025-11-17 05:09:00",110883,"",7999,2025,11,17,5,3,5,0.0261,0.199,0.071,-344581,0.149,0.073,0.368,8.9,0,0.073,0.026,0,0,13.2,-1.6,0.7,100,0
"2025-11-17 05:12:00",110884,"",7999,2025,11,17,5,3,5,0.0261,0.199,0.071,-344581,0.149,0.073,0.368,8.9,0,0.073,0.026,0,0,13.2,-1.6,0.7,100,0
"2025-11-17 05:15:00",110885,"",7999,2025,11,17,5,9,5,-0.0588,0.21,-0.151,-344592,0.16,-0.157,0.388,8.92,0,-0.157,-0.017,0,0,13.2,-1.6,0.7,100,0
"2025-11-17 05:18:00",110886,"",7999,2025,11,17,5,9,5,-0.0588,0.21,-0.151,-344592,0.16,-0.157,0.388,8.92,0,-0.157,-0.017,0,0,13.2,-1.6,0.7,100,0
"2025-11-17 05:21:00",110887,"",7999,2025,11,17,5,15,5,-0.0031,0.161,-0.01,-344599.8,0.111,-0.011,0.299,8.92,0,-0.011,-0.027,0,0,13.2,-1.6,0.7,100,0
"2025-11-17 05:24:00",110888,"",7999,2025,11,17,5,15,5,-0.0031,0.161,-0.01,-344599.8,0.111,-0.011,0.299,8.92,0,-0.011,-0.027,0,0,13.2,-1.6,0.7,100,0
"2025-11-17 05:27:00",110889,"",7999,2025,11,17,5,21,5,-0.0053,0.136,-0.021,-344601.5,0.086,-0.023,0.252,8.93,0,-0.023,0.045,0,0,13.2,-1.6,0.7,100,0
"2025-11-17 05:30:00",110890,"",7999,2025,11,17,5,21,5,-0.0053,0.136,-0.021,-344601.5,0.086,-0.023,0.252,8.93,0,-0.023,0.045,0,0,13.2,-1.6,0.7,100,0
"2025-11-17 05:33:00",110891,"",7999,2025,11,17,5,27,5,0,0.106,0,-344602.1,0.056,0,0.197,8.96,0,0,0,0,0,13.2,-1.6,0.7,100,0
"2025-11-17 05:36:00",110892,"",7999,2025,11,17,5,27,5,0,0.106,0,-344602.1,0.056,0,0.197,8.96,0,0,0,0,0,13.2,-1.6,0.7,100,0
"2025-11-17 05:39:00",110893,"",7999,2025,11,17,5,33,5,0.0078,0.146,0.029,-344600.3,0.096,0.031,0.27,8.97,0,0.031,-0.013,0,0,13.2,-1.6,0.7,100,0
"2025-11-17 05:42:00",110894,"",7999,2025,11,17,5,33,5,0.0078,0.146,0.029,-344600.3,0.096,0.031,0.27,8.97,0,0.031,-0.013,0,0,13.2,-1.6,0.7,100,0
"2025-11-17 05:45:00",110895,"",7999,2025,11,17,5,39,5,0.0147,0.177,0.045,-344595.8,0.127,0.047,0.328,8.97,0,0.047,-0.018,0,0,13.2,-1.6,0.7,100,0
"2025-11-17 05:48:00",110896,"",7999,2025,11,17,5,39,5,0.0147,0.177,0.045,-344595.8,0.127,0.047,0.328,8.97,0,0.047,-0.018,0,0,13.2,-1.6,0.7,100,0
"2025-11-17 05:51:00",110897,"",7999,2025,11,17,5,45,5,-0.0024,0.158,-0.008,-344594.6,0.108,-0.009,0.292,8.96,0,-0.009,-0.038,0,0,13.2,-1.6,0.7,100,0
"2025-11-17 05:54:00",110898,"",7999,2025,11,17,5,45,5,-0.0024,0.158,-0.008,-344594.6,0.108,-0.009,0.292,8.96,0,-0.009,-0.038,0,0,13.2,-1.6,0.7,100,0
"2025-11-17 05:57:00",110899,"",7999,2025,11,17,5,51,5,0.0094,0.131,0.039,-344592.6,0.081,0.042,0.243,8.98,0,0.042,-0.022,0,0,13.2,-1.6,0.7,100,0
"2025-11-17 06:00:00",110900,"",7999,2025,11,17,5,51,5,0.0094,0.131,0.039,-344592.6,0.081,0.042,0.243,8.98,0,0.042,-0.022,0,0,13.2,-1.6,0.7,100,0
"2025-11-17 06:03:00",110901,"",7999,2025,11,17,5,57,5,-0.0057,0.173,-0.018,-344592.9,0.123,-0.019,0.32,8.98,0,-0.019,0,0,0,13.2,-1.6,0.7,100,0
"2025-11-17 06:06:00",110902,"",7999,2025,11,17,5,57,5,-0.0057,0.173,-0.018,-344592.9,0.123,-0.019,0.32,8.98,0,-0.019,0,0,0,13.2,-1.6,0.7,100,0
"2025-11-17 06:09:00",110903,"",7999,2025,11,17,6,3,5,0,0.122,0,-344593.6,0.072,0,0.226,8.98,0,0,0,0,0,13.2,-1.6,0.7,100,0
"2025-11-17 06:12:00",110904,"",7999,2025,11,17,6,3,5,0,0.122,0,-344593.6,0.072,0,0.226,8.98,0,0,0,0,0,13.2,-1.6,0.7,100,0
"2025-11-17 06:15:00",110905,"",7999,2025,11,17,6,9,5,-0.0042,0.197,-0.012,-344594.6,0.147,-0.012,0.364,8.97,0,-0.012,0.014,0,0,13.2,-1.6,0.7,100,0
"2025-11-17 06:18:00",110906,"",7999,2025,11,17,6,9,5,-0.0042,0.197,-0.012,-344594.6,0.147,-0.012,0.364,8.97,0,-0.012,0.014,0,0,13.2,-1.6,0.7,100,0
"2025-11-17 06:21:00",110907,"",7999,2025,11,17,6,15,5,0.0051,0.192,0.014,-344593.9,0.142,0.015,0.357,8.98,0,0.015,0.03,0,0,13.2,-1.6,0.7,100,0
"2025-11-17 06:24:00",110908,"",7999,2025,11,17,6,15,5,0.0051,0.192,0.014,-344593.9,0.142,0.015,0.357,8.98,0,0.015,0.03,0,0,13.2,-1.6,0.7,100,0
"2025-11-17 06:27:00",110909,"",7999,2025,11,17,6,21,5,0.0132,0.186,0.038,-344590.1,0.136,0.04,0.344,8.99,0,0.04,-0.033,0,0,13.2,-1.6,0.7,100,0
"2025-11-17 06:30:00",110910,"",7999,2025,11,17,6,21,5,0.0132,0.186,0.038,-344590.1,0.136,0.04,0.344,8.99,0,0.04,-0.033,0,0,13.2,-1.6,0.7,100,0
"2025-11-17 06:33:00",110911,"",7999,2025,11,17,6,27,5,-0.0122,0.17,-0.039,-344591.4,0.12,-0.041,0.314,9.01,0,-0.041,0.02,0,0,13.2,-1.6,0.7,100,0
"2025-11-17 06:36:00",110912,"",7999,2025,11,17,6,27,5,-0.0122,0.17,-0.039,-344591.4,0.12,-0.041,0.314,9.01,0,-0.041,0.02,0,0,13.2,-1.6,0.7,100,0
"2025-11-17 06:39:00",110913,"",7999,2025,11,17,6,33,5,-0.0089,0.169,-0.028,-344595.1,0.119,-0.03,0.312,9.01,0,-0.03,-0.028,0,0,13.2,-1.6,0.7,100,0
"2025-11-17 06:42:00",110914,"",7999,2025,11,17,6,33,5,-0.0089,0.169,-0.028,-344595.1,0.119,-0.03,0.312,9.01,0,-0.03,-0.028,0,0,13.2,-1.6,0.7,100,0
"2025-11-17 06:45:00",110915,"",7999,2025,11,17,6,39,5,0.0302,0.163,0.1,-344588.9,0.113,0.106,0.301,9.02,0,0.106,-0.01,0,0,13.2,-1.6,0.7,100,0
"2025-11-17 06:48:00",110916,"",7999,2025,11,17,6,39,5,0.0302,0.163,0.1,-344588.9,0.113,0.106,0.301,9.02,0,0.106,-0.01,0,0,13.2,-1.6,0.7,100,0
"2025-11-17 06:51:00",110917,"",7999,2025,11,17,6,45,5,-0.004,0.191,-0.012,-344586.2,0.141,-0.012,0.354,9.03,0,-0.012,-0.005,0,0,13.2,-1.6,0.7,100,0
"2025-11-17 06:54:00",110918,"",7999,2025,11,17,6,45,5,-0.004,0.191,-0.012,-344586.2,0.141,-0.012,0.354,9.03,0,-0.012,-0.005,0,0,13.2,-1.6,0.7,100,0
"2025-11-17 06:57:00",110919,"",7999,2025,11,17,6,51,5,0.0269,0.14,0.103,-344580.3,0.09,0.111,0.26,9.04,0,0.111,0.012,0,0,13.2,-1.6,0.7,99,0
"2025-11-17 07:00:00",110920,"",7999,2025,11,17,6,51,5,0.0269,0.14,0.103,-344580.3,0.09,0.111,0.26,9.04,0,0.111,0.012,0,0,13.2,-1.6,0.7,99,0
"2025-11-17 07:03:00",110921,"",7999,2025,11,17,6,57,5,-0.0025,0.133,-0.01,-344577.7,0.083,-0.011,0.247,9.05,0,-0.011,-0.033,0,0,13.2,-1.6,0.7,100,0
"2025-11-17 07:06:00",110922,"",7999,2025,11,17,6,57,5,-0.0025,0.133,-0.01,-344577.7,0.083,-0.011,0.247,9.05,0,-0.011,-0.033,0,0,13.2,-1.6,0.7,100,0
"2025-11-17 07:09:00",110923,"",7999,2025,11,17,7,3,5,0.0227,0.136,0.09,-344572.6,0.086,0.097,0.253,9.05,0,0.097,0.029,0,0,13.2,-1.6,0.7,97,0
"2025-11-17 07:12:00",110924,"",7999,2025,11,17,7,3,5,0.0227,0.136,0.09,-344572.6,0.086,0.097,0.253,9.05,0,0.097,0.029,0,0,13.2,-1.6,0.7,97,0
"2025-11-17 07:15:00",110925,"",7999,2025,11,17,7,9,5,0.0073,0.142,0.028,-344568.1,0.092,0.03,0.263,9.06,0,0.03,-0.026,0,0,13.2,-1.6,0.7,100,0
"2025-11-17 07:18:00",110926,"",7999,2025,11,17,7,9,5,0.0073,0.142,0.028,-344568.1,0.092,0.03,0.263,9.06,0,0.03,-0.026,0,0,13.2,-1.6,0.7,100,0
"2025-11-17 07:21:00",110927,"",7999,2025,11,17,7,15,5,0,0.123,0,-344567.2,0.073,0,0.228,9.08,0,0,0,0,0,13.2,-1.6,0.7,99,0
"2025-11-17 07:24:00",110928,"",7999,2025,11,17,7,15,5,0,0.123,0,-344567.2,0.073,0,0.228,9.08,0,0,0,0,0,13.2,-1.6,0.7,99,0
"2025-11-17 07:27:00",110929,"",7999,2025,11,17,7,21,5,-0.0114,0.132,-0.047,-344569.9,0.082,-0.051,0.244,9.11,0,-0.051,0,0,0,13.2,-1.6,0.7,99,0
"2025-11-17 07:30:00",110930,"",7999,2025,11,17,7,21,5,-0.0114,0.132,-0.047,-344569.9,0.082,-0.051,0.244,9.11,0,-0.051,0,0,0,13.2,-1.6,0.7,99,0
"2025-11-17 07:33:00",110931,"",7999,2025,11,17,7,27,5,0.0004,0.137,0.002,-344571.2,0.087,0.002,0.254,9.12,0,0.002,0.012,0,0,13.2,-1.6,0.7,98,0
"2025-11-17 07:36:00",110932,"",7999,2025,11,17,7,27,5,0.0004,0.137,0.002,-344571.2,0.087,0.002,0.254,9.12,0,0.002,0.012,0,0,13.2,-1.6,0.7,98,0
"2025-11-17 07:39:00",110933,"",7999,2025,11,17,7,33,5,-0.0008,0.128,-0.004,-344571.4,0.078,-0.004,0.237,9.15,0,-0.004,-0.013,0,0,13.2,-1.6,0.7,93,0
"2025-11-17 07:42:00",110934,"",7999,2025,11,17,7,33,5,-0.0008,0.128,-0.004,-344571.4,0.078,-0.004,0.237,9.15,0,-0.004,-0.013,0,0,13.2,-1.6,0.7,93,0
"2025-11-17 07:45:00",110935,"",7999,2025,11,17,7,39,5,-0.0009,0.133,-0.004,-344571.7,0.083,-0.004,0.246,9.16,0,-0.004,0.007,0,0,13.2,-1.6,0.7,85,0
"2025-11-17 07:48:00",110936,"",7999,2025,11,17,7,39,5,-0.0009,0.133,-0.004,-344571.7,0.083,-0.004,0.246,9.16,0,-0.004,0.007,0,0,13.2,-1.6,0.7,85,0
"2025-11-17 07:51:00",110937,"",7999,2025,11,17,7,45,5,-0.0013,0.132,-0.006,-344572.1,0.082,-0.006,0.244,9.15,0,-0.006,-0.003,0,0,13.2,-1.6,0.7,97,0
"2025-11-17 07:54:00",110938,"",7999,2025,11,17,7,45,5,-0.0013,0.132,-0.006,-344572.1,0.082,-0.006,0.244,9.15,0,-0.006,-0.003,0,0,13.2,-1.6,0.7,97,0
"2025-11-17 07:57:00",110939,"",7999,2025,11,17,7,51,5,0,0.124,0,-344572.3,0.074,0,0.23,9.15,0,0,0,0,0,13.2,-1.7,0.7,92,0
"2025-11-17 08:00:00",110940,"",7999,2025,11,17,7,51,5,0,0.124,0,-344572.3,0.074,0,0.23,9.15,0,0,0,0,0,13.2,-1.7,0.7,92,0
"2025-11-17 08:03:00",110941,"",7999,2025,11,17,7,57,5,0.008,0.141,0.031,-344570.4,0.091,0.033,0.262,9.18,0,0.033,-0.003,0,0,13.2,-1.7,0.6,93,0
"2025-11-17 08:06:00",110942,"",7999,2025,11,17,7,57,5,0.008,0.141,0.031,-344570.4,0.091,0.033,0.262,9.18,0,0.033,-0.003,0,0,13.2,-1.7,0.6,93,0
"2025-11-17 08:09:00",110943,"",7999,2025,11,17,8,3,5,0.0065,0.128,0.028,-344567.9,0.078,0.03,0.238,9.22,0,0.03,0.018,0,0,13.2,-1.7,0.6,92,0
"2025-11-17 08:12:00",110944,"",7999,2025,11,17,8,3,5,0.0065,0.128,0.028,-344567.9,0.078,0.03,0.238,9.22,0,0.03,0.018,0,0,13.2,-1.7,0.6,92,0
"2025-11-17 08:15:00",110945,"",7999,2025,11,17,8,9,5,0.1161,0.498,0.126,-344539.3,0.448,0.126,0.921,9.23,0,0.126,-0.036,0.005,-0.019,13.2,-1.7,0.6,100,0
"2025-11-17 08:18:00",110946,"",7999,2025,11,17,8,9,5,0.1161,0.498,0.126,-344539.3,0.448,0.126,0.921,9.23,0,0.126,-0.036,0.005,-0.019,13.2,-1.7,0.6,100,0
"2025-11-17 08:21:00",110947,"",7999,2025,11,17,8,15,5,-0.008,0.131,-0.033,-344527.2,0.081,-0.036,0.243,9.26,0,-0.036,0.009,0,0,13.2,-1.7,0.6,96,0
"2025-11-17 08:24:00",110948,"",7999,2025,11,17,8,15,5,-0.008,0.131,-0.033,-344527.2,0.081,-0.036,0.243,9.26,0,-0.036,0.009,0,0,13.2,-1.7,0.6,96,0
"2025-11-17 08:27:00",110949,"",7999,2025,11,17,8,21,5,0.0002,0.135,0.001,-344528.2,0.085,0.001,0.251,9.27,0,0.001,-0.014,0,0,13.2,-1.8,0.6,100,0
"2025-11-17 08:30:00",110950,"",7999,2025,11,17,8,21,5,0.0002,0.135,0.001,-344528.2,0.085,0.001,0.251,9.27,0,0.001,-0.014,0,0,13.2,-1.8,0.6,100,0
"2025-11-17 08:33:00",110951,"",7999,2025,11,17,8,27,5,0.0037,0.136,0.015,-344527.3,0.086,0.016,0.253,9.27,0,0.016,-0.008,0,0,13.2,-1.8,0.6,93,0
"2025-11-17 08:36:00",110952,"",7999,2025,11,17,8,27,5,0.0037,0.136,0.015,-344527.3,0.086,0.016,0.253,9.27,0,0.016,-0.008,0,0,13.2,-1.8,0.6,93,0
"2025-11-17 08:39:00",110953,"",7999,2025,11,17,8,33,5,0.0112,0.136,0.044,-344524.1,0.086,0.048,0.252,9.27,0,0.048,-0.012,0,0,13.2,-1.8,0.6,100,0
"2025-11-17 08:42:00",110954,"",7999,2025,11,17,8,33,5,0.0112,0.136,0.044,-344524.1,0.086,0.048,0.252,9.27,0,0.048,-0.012,0,0,13.2,-1.8,0.6,100,0
"2025-11-17 08:45:00",110955,"",7999,2025,11,17,8,39,5,-0.0129,0.508,-0.014,-344525.8,0.458,-0.012,0.94,9.28,0,-0.012,-0.005,-0.014,-0.012,13.2,-1.9,0.5,100,0
"2025-11-17 08:48:00",110956,"",7999,2025,11,17,8,39,5,-0.0129,0.508,-0.014,-344525.8,0.458,-0.012,0.94,9.28,0,-0.012,-0.005,-0.014,-0.012,13.2,-1.9,0.5,100,0
"2025-11-17 08:51:00",110957,"",7999,2025,11,17,8,45,5,0.0313,0.262,0.065,-344519.9,0.212,0.069,0.485,9.31,2,0.069,-0.007,0.009,-0.002,13.2,-2,0.5,100,0
"2025-11-17 08:54:00",110958,"",7999,2025,11,17,8,45,5,0.0313,0.262,0.065,-344519.9,0.212,0.069,0.485,9.31,2,0.069,-0.007,0.009,-0.002,13.2,-2,0.5,100,0
"2025-11-17 08:57:00",110959,"",7999,2025,11,17,8,51,5,0.0194,0.262,0.04,-344511.4,0.212,0.042,0.486,9.33,2,0.042,-0.023,-0.033,-0.021,13.2,-2,0.5,100,0
"2025-11-17 09:00:00",110960,"",7999,2025,11,17,8,51,5,0.0194,0.262,0.04,-344511.4,0.212,0.042,0.486,9.33,2,0.042,-0.023,-0.033,-0.021,13.2,-2,0.5,100,0
"2025-11-17 09:03:00",110961,"",7999,2025,11,17,8,57,5,0.0696,0.513,0.073,-344492.5,0.463,0.07,0.95,9.33,2,0.07,-0.003,-0.009,-0.009,13.2,-2,0.5,99,0
"2025-11-17 09:06:00",110962,"",7999,2025,11,17,8,57,5,0.0696,0.513,0.073,-344492.5,0.463,0.07,0.95,9.33,2,0.07,-0.003,-0.009,-0.009,13.2,-2,0.5,99,0
"2025-11-17 09:09:00",110963,"",7999,2025,11,17,9,3,5,0,0.137,0,-344484.1,0.087,0,0.253,9.35,2,0,0,0,0,13.2,-2,0.5,97,0
"2025-11-17 09:12:00",110964,"",7999,2025,11,17,9,3,5,0,0.137,0,-344484.1,0.087,0,0.253,9.35,2,0,0,0,0,13.2,-2,0.5,97,0
"2025-11-17 09:15:00",110965,"",7999,2025,11,17,9,9,5,-0.0023,0.149,-0.008,-344484.7,0.099,-0.009,0.276,9.35,2,-0.009,-0.021,0,0,13.2,-2,0.5,97,0
"2025-11-17 09:18:00",110966,"",7999,2025,11,17,9,9,5,-0.0023,0.149,-0.008,-344484.7,0.099,-0.009,0.276,9.35,2,-0.009,-0.021,0,0,13.2,-2,0.5,97,0
"2025-11-17 09:21:00",110967,"",7999,2025,11,17,9,15,5,-0.0153,0.53,-0.016,-344488.6,0.48,-0.013,0.981,9.36,2,-0.013,0.001,0.005,-0.021,13.2,-2,0.5,97,0
"2025-11-17 09:24:00",110968,"",7999,2025,11,17,9,15,5,-0.0153,0.53,-0.016,-344488.6,0.48,-0.013,0.981,9.36,2,-0.013,0.001,0.005,-0.021,13.2,-2,0.5,97,0
"2025-11-17 09:27:00",110969,"",7999,2025,11,17,9,21,5,-0.0212,0.536,-0.021,-344495.4,0.486,-0.021,0.993,9.36,0,-0.021,-0.008,-0.014,-0.021,13.2,-1.9,0.5,97,0
"2025-11-17 09:30:00",110970,"",7999,2025,11,17,9,21,5,-0.0212,0.536,-0.021,-344495.4,0.486,-0.021,0.993,9.36,0,-0.021,-0.008,-0.014,-0.021,13.2,-1.9,0.5,97,0
"2025-11-17 09:33:00",110971,"",7999,2025,11,17,9,27,5,-0.005,0.541,-0.005,-344499.2,0.491,-0.004,1.002,9.35,2,-0.004,-0.001,-0.005,-0.019,13.2,-2,0.5,100,0
"2025-11-17 09:36:00",110972,"",7999,2025,11,17,9,27,5,-0.005,0.541,-0.005,-344499.2,0.491,-0.004,1.002,9.35,2,-0.004,-0.001,-0.005,-0.019,13.2,-2,0.5,100,0
"2025-11-17 09:39:00",110973,"",7999,2025,11,17,9,33,5,0.0024,0.542,0.002,-344499.2,0.492,0.001,1.004,9.34,2,0.001,-0.001,-0.007,-0.017,13.2,-2,0.5,100,0
"2025-11-17 09:42:00",110974,"",7999,2025,11,17,9,33,5,0.0024,0.542,0.002,-344499.2,0.492,0.001,1.004,9.34,2,0.001,-0.001,-0.007,-0.017,13.2,-2,0.5,100,0
"2025-11-17 09:45:00",110975,"",7999,2025,11,17,9,39,5,-0.0013,0.153,-0.005,-344499.2,0.103,-0.005,0.284,9.32,0,-0.005,0.002,0,0,13.21,-1.9,0.6,100,0
"2025-11-17 09:48:00",110976,"",7999,2025,11,17,9,39,5,-0.0013,0.153,-0.005,-344499.2,0.103,-0.005,0.284,9.32,0,-0.005,0.002,0,0,13.21,-1.9,0.6,100,0
"2025-11-17 09:51:00",110977,"",7999,2025,11,17,9,45,5,-0.0084,0.563,-0.008,-344501.4,0.513,-0.006,1.043,9.36,0,-0.006,-0.001,-0.005,-0.014,13.21,-1.7,0.6,100,0
"2025-11-17 09:54:00",110978,"",7999,2025,11,17,9,45,5,-0.0084,0.563,-0.008,-344501.4,0.513,-0.006,1.043,9.36,0,-0.006,-0.001,-0.005,-0.014,13.21,-1.7,0.6,100,0
"2025-11-17 09:57:00",110979,"",7999,2025,11,17,9,51,5,-0.0011,0.568,-0.001,-344502.7,0.518,-0.001,1.051,9.39,0,-0.001,0.003,-0.002,-0.002,13.21,-1.9,0.6,100,0
"2025-11-17 10:00:00",110980,"",7999,2025,11,17,9,51,5,-0.0011,0.568,-0.001,-344502.7,0.518,-0.001,1.051,9.39,0,-0.001,0.003,-0.002,-0.002,13.21,-1.9,0.6,100,0
"2025-11-17 10:03:00",110981,"",7999,2025,11,17,9,57,5,-0.0023,0.562,-0.002,-344503.4,0.512,-0.001,1.04,9.41,2,-0.001,-0.001,-0.002,0.002,13.21,-2.1,0.6,100,0
"2025-11-17 10:06:00",110982,"",7999,2025,11,17,9,57,5,-0.0023,0.562,-0.002,-344503.4,0.512,-0.001,1.04,9.41,2,-0.001,-0.001,-0.002,0.002,13.21,-2.1,0.6,100,0
"2025-11-17 10:09:00",110983,"",7999,2025,11,17,10,3,5,-0.0025,0.573,-0.002,-344504.3,0.523,-0.002,1.06,9.44,0,-0.002,-0.001,-0.009,-0.002,13.21,-1.9,0.6,100,0
"2025-11-17 10:12:00",110984,"",7999,2025,11,17,10,3,5,-0.0025,0.573,-0.002,-344504.3,0.523,-0.002,1.06,9.44,0,-0.002,-0.001,-0.009,-0.002,13.21,-1.9,0.6,100,0
"2025-11-17 10:15:00",110985,"",7999,2025,11,17,10,9,5,0.0036,0.591,0.003,-344503.8,0.541,0.002,1.093,9.43,2,0.002,0.001,0,-0.012,13.21,-2.2,0.5,100,0
"2025-11-17 10:18:00",110986,"",7999,2025,11,17,10,9,5,0.0036,0.591,0.003,-344503.8,0.541,0.002,1.093,9.43,2,0.002,0.001,0,-0.012,13.21,-2.2,0.5,100,0
"2025-11-17 10:21:00",110987,"",7999,2025,11,17,10,15,5,0.0047,0.6,0.004,-344502.2,0.55,0.004,1.11,9.38,0,0.004,0.002,0.007,0.012,13.21,-1.9,0.6,100,0
"2025-11-17 10:24:00",110988,"",7999,2025,11,17,10,15,5,0.0047,0.6,0.004,-344502.2,0.55,0.004,1.11,9.38,0,0.004,0.002,0.007,0.012,13.21,-1.9,0.6,100,0
"2025-11-17 10:27:00",110989,"",7999,2025,11,17,10,21,5,0.0033,0.607,0.003,-344500.8,0.557,0.002,1.123,9.39,2,0.002,-0.001,0,0.009,13.21,-2,0.6,100,0
"2025-11-17 10:30:00",110990,"",7999,2025,11,17,10,21,5,0.0033,0.607,0.003,-344500.8,0.557,0.002,1.123,9.39,2,0.002,-0.001,0,0.009,13.21,-2,0.6,100,0
"2025-11-17 10:33:00",110991,"",7999,2025,11,17,10,27,5,0.0024,0.594,0.002,-344499.8,0.544,0.002,1.099,9.42,2,0.002,0.001,-0.007,0,13.21,-2.1,0.6,100,0
"2025-11-17 10:36:00",110992,"",7999,2025,11,17,10,27,5,0.0024,0.594,0.002,-344499.8,0.544,0.002,1.099,9.42,2,0.002,0.001,-0.007,0,13.21,-2.1,0.6,100,0
"2025-11-17 10:39:00",110993,"",7999,2025,11,17,10,33,5,0.0004,0.602,0,-344499.4,0.552,0,1.114,9.41,0,0,0,0,0,13.21,-1.8,0.6,100,0
"2025-11-17 10:42:00",110994,"",7999,2025,11,17,10,33,5,0.0004,0.602,0,-344499.4,0.552,0,1.114,9.41,0,0,0,0,0,13.21,-1.8,0.6,100,0
"2025-11-17 10:45:00",110995,"",7999,2025,11,17,10,39,5,0.0006,0.621,0.001,-344499.2,0.571,0,1.149,9.42,0,0,0,0.007,0,13.21,-1.7,0.6,100,0
"2025-11-17 10:48:00",110996,"",7999,2025,11,17,10,39,5,0.0006,0.621,0.001,-344499.2,0.571,0,1.149,9.42,0,0,0,0.007,0,13.21,-1.7,0.6,100,0
"2025-11-17 10:51:00",110997,"",7999,2025,11,17,10,45,5,-0.0021,0.636,-0.002,-344499.6,0.586,-0.001,1.176,9.49,0,-0.001,-0.001,-0.014,-0.014,13.21,-1.8,0.6,100,0
"2025-11-17 10:54:00",110998,"",7999,2025,11,17,10,45,5,-0.0021,0.636,-0.002,-344499.6,0.586,-0.001,1.176,9.49,0,-0.001,-0.001,-0.014,-0.014,13.21,-1.8,0.6,100,0
"2025-11-17 10:57:00",110999,"",7999,2025,11,17,10,51,5,0.0206,0.653,0.017,-344494.9,0.603,0.017,1.208,9.52,0,0.017,0.001,0.005,0.009,13.21,-1.7,0.6,100,0
"2025-11-17 11:00:00",111000,"",7999,2025,11,17,10,51,5,0.0206,0.653,0.017,-344494.9,0.603,0.017,1.208,9.52,0,0.017,0.001,0.005,0.009,13.21,-1.7,0.6,100,0
"2025-11-17 11:03:00",111001,"",7999,2025,11,17,10,57,5,0.0071,0.66,0.006,-344490.7,0.61,0.005,1.222,9.59,0,0.005,0,-0.005,0,13.21,-1.7,0.6,100,0
"2025-11-17 11:06:00",111002,"",7999,2025,11,17,10,57,5,0.0071,0.66,0.006,-344490.7,0.61,0.005,1.222,9.59,0,0.005,0,-0.005,0,13.21,-1.7,0.6,100,0
"2025-11-17 11:09:00",111003,"",7999,2025,11,17,11,3,5,0.0334,0.684,0.026,-344481.8,0.634,0.027,1.265,9.65,0,0.027,0,0.007,0.021,13.21,-1.8,0.6,100,0
"2025-11-17 11:12:00",111004,"",7999,2025,11,17,11,3,5,0.0334,0.684,0.026,-344481.8,0.634,0.027,1.265,9.65,0,0.027,0,0.007,0.021,13.21,-1.8,0.6,100,0
"2025-11-17 11:15:00",111005,"",7999,2025,11,17,11,9,5,0.013,0.697,0.01,-344474.7,0.647,0.01,1.29,9.72,0,0.01,-0.001,0.005,0,13.21,-1.7,0.6,100,0
"2025-11-17 11:18:00",111006,"",7999,2025,11,17,11,9,5,0.013,0.697,0.01,-344474.7,0.647,0.01,1.29,9.72,0,0.01,-0.001,0.005,0,13.21,-1.7,0.6,100,0
"2025-11-17 11:21:00",111007,"",7999,2025,11,17,11,15,5,-0.0085,0.701,-0.007,-344475.2,0.651,-0.006,1.298,9.89,0,-0.006,-0.001,-0.002,-0.028,13.21,-1.7,0.6,100,0
"2025-11-17 11:24:00",111008,"",7999,2025,11,17,11,15,5,-0.0085,0.701,-0.007,-344475.2,0.651,-0.006,1.298,9.89,0,-0.006,-0.001,-0.002,-0.028,13.21,-1.7,0.6,100,0
"2025-11-17 11:27:00",111009,"",7999,2025,11,17,11,21,5,-0,0.705,0,-344476.3,0.655,0,1.304,10.06,0,0,0,-0.002,-0.012,13.21,-1.7,0.6,100,0
"2025-11-17 11:30:00",111010,"",7999,2025,11,17,11,21,5,-0,0.705,0,-344476.3,0.655,0,1.304,10.06,0,0,0,-0.002,-0.012,13.21,-1.7,0.6,100,0
"2025-11-17 11:33:00",111011,"",7999,2025,11,17,11,27,5,-0.0073,0.709,-0.006,-344478,0.659,-0.005,1.311,10.14,0,-0.005,0.002,-0.012,-0.007,13.21,-1.8,0.6,100,0
"2025-11-17 11:36:00",111012,"",7999,2025,11,17,11,27,5,-0.0073,0.709,-0.006,-344478,0.659,-0.005,1.311,10.14,0,-0.005,0.002,-0.012,-0.007,13.21,-1.8,0.6,100,0
"2025-11-17 11:39:00",111013,"",7999,2025,11,17,11,33,5,0.0061,0.706,0.005,-344477.4,0.656,0.004,1.307,10.2,2,0.004,0.001,0.002,0.005,13.21,-2,0.6,100,0
"2025-11-17 11:42:00",111014,"",7999,2025,11,17,11,33,5,0.0061,0.706,0.005,-344477.4,0.656,0.004,1.307,10.2,2,0.004,0.001,0.002,0.005,13.21,-2,0.6,100,0
"2025-11-17 11:45:00",111015,"",7999,2025,11,17,11,39,5,0.0011,0.706,0.001,-344476.4,0.656,0,1.306,10.28,2,0,0,-0.009,-0.002,13.21,-2,0.6,100,0
"2025-11-17 11:48:00",111016,"",7999,2025,11,17,11,39,5,0.0011,0.706,0.001,-344476.4,0.656,0,1.306,10.28,2,0,0,-0.009,-0.002,13.21,-2,0.6,100,0
"2025-11-17 11:51:00",111017,"",7999,2025,11,17,11,45,5,0.0396,0.721,0.03,-344466.8,0.671,0.029,1.334,10.37,0,0.029,-0.001,0.019,0.021,13.21,-1.8,0.6,100,0
"2025-11-17 11:54:00",111018,"",7999,2025,11,17,11,45,5,0.0396,0.721,0.03,-344466.8,0.671,0.029,1.334,10.37,0,0.029,-0.001,0.019,0.021,13.21,-1.8,0.6,100,0
"2025-11-17 11:57:00",111019,"",7999,2025,11,17,11,51,5,0.0105,0.722,0.008,-344459.5,0.672,0.006,1.337,10.41,0,0.006,-0.002,-0.002,0,13.21,-1.8,0.6,100,0
"2025-11-17 12:00:00",111020,"",7999,2025,11,17,11,51,5,0.0105,0.722,0.008,-344459.5,0.672,0.006,1.337,10.41,0,0.006,-0.002,-0.002,0,13.21,-1.8,0.6,100,0
"2025-11-17 12:03:00",111021,"",7999,2025,11,17,11,57,5,-0.0072,0.723,-0.005,-344459.9,0.673,-0.004,1.337,10.45,2,-0.004,0.002,-0.005,-0.017,13.21,-2,0.7,100,0
"2025-11-17 12:06:00",111022,"",7999,2025,11,17,11,57,5,-0.0072,0.723,-0.005,-344459.9,0.673,-0.004,1.337,10.45,2,-0.004,0.002,-0.005,-0.017,13.21,-2,0.7,100,0
"2025-11-17 12:09:00",111023,"",7999,2025,11,17,12,3,5,-0.007,0.724,-0.005,-344462.5,0.674,-0.005,1.339,10.47,0,-0.005,-0.002,-0.005,-0.009,13.21,-1.8,0.7,100,0
"2025-11-17 12:12:00",111024,"",7999,2025,11,17,12,3,5,-0.007,0.724,-0.005,-344462.5,0.674,-0.005,1.339,10.47,0,-0.005,-0.002,-0.005,-0.009,13.21,-1.8,0.7,100,0
"2025-11-17 12:15:00",111025,"",7999,2025,11,17,12,9,5,0.0191,0.726,0.014,-344458.8,0.676,0.013,1.343,10.51,0,0.013,-0.002,0.009,0.009,13.21,-1.7,0.6,100,0
"2025-11-17 12:18:00",111026,"",7999,2025,11,17,12,9,5,0.0191,0.726,0.014,-344458.8,0.676,0.013,1.343,10.51,0,0.013,-0.002,0.009,0.009,13.21,-1.7,0.6,100,0
"2025-11-17 12:21:00",111027,"",7999,2025,11,17,12,15,5,0,0.728,0,-344456.4,0.678,0,1.348,10.55,0,0,0,-0.009,-0.019,13.21,-1.8,0.6,100,0
"2025-11-17 12:24:00",111028,"",7999,2025,11,17,12,15,5,0,0.728,0,-344456.4,0.678,0,1.348,10.55,0,0,0,-0.009,-0.019,13.21,-1.8,0.6,100,0
"2025-11-17 12:27:00",111029,"",7999,2025,11,17,12,21,5,0.0245,0.736,0.018,-344450.6,0.686,0.017,1.363,10.52,0,0.017,0,0.007,0.005,13.21,-1.9,0.7,100,0
"2025-11-17 12:30:00",111030,"",7999,2025,11,17,12,21,5,0.0245,0.736,0.018,-344450.6,0.686,0.017,1.363,10.52,0,0.017,0,0.007,0.005,13.21,-1.9,0.7,100,0
"2025-11-17 12:33:00",111031,"",7999,2025,11,17,12,27,5,0.0225,0.739,0.016,-344442.2,0.689,0.016,1.368,10.54,2,0.016,-0.002,0.005,0.028,13.21,-2,0.7,100,0
"2025-11-17 12:36:00",111032,"",7999,2025,11,17,12,27,5,0.0225,0.739,0.016,-344442.2,0.689,0.016,1.368,10.54,2,0.016,-0.002,0.005,0.028,13.21,-2,0.7,100,0
"2025-11-17 12:39:00",111033,"",7999,2025,11,17,12,33,5,-0.0088,0.736,-0.006,-344441.6,0.686,-0.005,1.363,10.6,0,-0.005,0.001,-0.019,-0.005,13.21,-1.9,0.7,100,0
"2025-11-17 12:42:00",111034,"",7999,2025,11,17,12,33,5,-0.0088,0.736,-0.006,-344441.6,0.686,-0.005,1.363,10.6,0,-0.005,0.001,-0.019,-0.005,13.21,-1.9,0.7,100,0
"2025-11-17 12:45:00",111035,"",7999,2025,11,17,12,39,5,-0.0196,0.741,-0.014,-344447.4,0.691,-0.015,1.372,10.69,2,-0.015,-0.001,-0.005,-0.014,13.21,-2,0.7,100,0
"2025-11-17 12:48:00",111036,"",7999,2025,11,17,12,39,5,-0.0196,0.741,-0.014,-344447.4,0.691,-0.015,1.372,10.69,2,-0.015,-0.001,-0.005,-0.014,13.21,-2,0.7,100,0
"2025-11-17 12:51:00",111037,"",7999,2025,11,17,12,45,5,-0.0119,0.743,-0.009,-344452.6,0.693,-0.008,1.375,10.77,0,-0.008,-0.002,-0.014,-0.021,13.21,-1.9,0.7,100,0
"2025-11-17 12:54:00",111038,"",7999,2025,11,17,12,45,5,-0.0119,0.743,-0.009,-344452.6,0.693,-0.008,1.375,10.77,0,-0.008,-0.002,-0.014,-0.021,13.21,-1.9,0.7,100,0
"2025-11-17 12:57:00",111039,"",7999,2025,11,17,12,51,5,-0.0407,0.736,-0.03,-344463.8,0.686,-0.029,1.362,10.86,2,-0.029,-0.002,-0.033,-0.031,13.21,-2.1,0.7,100,0
"2025-11-17 13:00:00",111040,"",7999,2025,11,17,12,51,5,-0.0407,0.736,-0.03,-344463.8,0.686,-0.029,1.362,10.86,2,-0.029,-0.002,-0.033,-0.031,13.21,-2.1,0.7,100,0
"2025-11-17 13:03:00",111041,"",7999,2025,11,17,12,57,5,-0.0178,0.743,-0.013,-344473,0.693,-0.012,1.376,10.96,2,-0.012,-0.002,-0.023,-0.021,13.21,-2.1,0.7,100,0
"2025-11-17 13:06:00",111042,"",7999,2025,11,17,12,57,5,-0.0178,0.743,-0.013,-344473,0.693,-0.012,1.376,10.96,2,-0.012,-0.002,-0.023,-0.021,13.21,-2.1,0.7,100,0
"2025-11-17 13:09:00",111043,"",7999,2025,11,17,13,3,5,-0.0073,0.751,-0.005,-344476.9,0.701,-0.005,1.39,11.09,2,-0.005,-0.002,-0.007,-0.005,13.21,-2,0.7,100,0
"2025-11-17 13:12:00",111044,"",7999,2025,11,17,13,3,5,-0.0073,0.751,-0.005,-344476.9,0.701,-0.005,1.39,11.09,2,-0.005,-0.002,-0.007,-0.005,13.21,-2,0.7,100,0
"2025-11-17 13:15:00",111045,"",7999,2025,11,17,13,9,5,-0.0494,0.757,-0.035,-344489.7,0.707,-0.035,1.4,11.16,2,-0.035,0.004,-0.033,-0.054,13.22,-2,0.7,100,0
"2025-11-17 13:18:00",111046,"",7999,2025,11,17,13,9,5,-0.0494,0.757,-0.035,-344489.7,0.707,-0.035,1.4,11.16,2,-0.035,0.004,-0.033,-0.054,13.22,-2,0.7,100,0
"2025-11-17 13:21:00",111047,"",7999,2025,11,17,13,15,5,0.0022,0.775,0.002,-344495,0.725,0.002,1.434,11.33,0,0.002,-0.004,0.019,-0.012,13.22,-1.9,0.7,100,0
"2025-11-17 13:24:00",111048,"",7999,2025,11,17,13,15,5,0.0022,0.775,0.002,-344495,0.725,0.002,1.434,11.33,0,0.002,-0.004,0.019,-0.012,13.22,-1.9,0.7,100,0
"2025-11-17 13:27:00",111049,"",7999,2025,11,17,13,21,5,0.0083,0.781,0.006,-344492.8,0.731,0.005,1.444,11.48,2,0.005,-0.001,0,-0.009,13.22,-2.1,0.8,100,0
"2025-11-17 13:30:00",111050,"",7999,2025,11,17,13,21,5,0.0083,0.781,0.006,-344492.8,0.731,0.005,1.444,11.48,2,0.005,-0.001,0,-0.009,13.22,-2.1,0.8,100,0
"2025-11-17 13:33:00",111051,"",7999,2025,11,17,13,27,5,0.0163,0.789,0.011,-344487.8,0.739,0.01,1.459,11.61,2,0.01,-0.002,-0.002,-0.002,13.22,-2,0.8,100,0
"2025-11-17 13:36:00",111052,"",7999,2025,11,17,13,27,5,0.0163,0.789,0.011,-344487.8,0.739,0.01,1.459,11.61,2,0.01,-0.002,-0.002,-0.002,13.22,-2,0.8,100,0
"2025-11-17 13:39:00",111053,"",7999,2025,11,17,13,33,5,-0.0193,0.796,-0.013,-344490.5,0.746,-0.013,1.474,11.66,2,-0.013,-0.004,-0.026,-0.028,13.22,-2,0.7,100,0
"2025-11-17 13:42:00",111054,"",7999,2025,11,17,13,33,5,-0.0193,0.796,-0.013,-344490.5,0.746,-0.013,1.474,11.66,2,-0.013,-0.004,-0.026,-0.028,13.22,-2,0.7,100,0
"2025-11-17 13:45:00",111055,"",7999,2025,11,17,13,39,5,0.0038,0.801,0.003,-344491.9,0.751,0.002,1.482,11.75,2,0.002,-0.002,-0.014,-0.017,13.22,-2,0.7,99,0
"2025-11-17 13:48:00",111056,"",7999,2025,11,17,13,39,5,0.0038,0.801,0.003,-344491.9,0.751,0.002,1.482,11.75,2,0.002,-0.002,-0.014,-0.017,13.22,-2,0.7,99,0
"2025-11-17 13:51:00",111057,"",7999,2025,11,17,13,45,5,-0.0066,0.801,-0.005,-344493.1,0.751,-0.005,1.482,11.8,0,-0.005,-0.002,-0.03,-0.012,13.22,-1.9,0.8,100,0
"2025-11-17 13:54:00",111058,"",7999,2025,11,17,13,45,5,-0.0066,0.801,-0.005,-344493.1,0.751,-0.005,1.482,11.8,0,-0.005,-0.002,-0.03,-0.012,13.22,-1.9,0.8,100,0
"2025-11-17 13:57:00",111059,"",7999,2025,11,17,13,51,5,-0.0596,0.804,-0.04,-344508.2,0.754,-0.04,1.488,11.83,2,-0.04,-0.005,-0.042,-0.054,13.22,-2,0.8,100,0
"2025-11-17 14:00:00",111060,"",7999,2025,11,17,13,51,5,-0.0596,0.804,-0.04,-344508.2,0.754,-0.04,1.488,11.83,2,-0.04,-0.005,-0.042,-0.054,13.22,-2,0.8,100,0
"2025-11-17 14:03:00",111061,"",7999,2025,11,17,13,57,5,0.0357,0.819,0.024,-344506.8,0.769,0.024,1.516,11.79,0,0.024,-0.006,0.002,-0.019,13.22,-1.9,0.8,100,0
"2025-11-17 14:06:00",111062,"",7999,2025,11,17,13,57,5,0.0357,0.819,0.024,-344506.8,0.769,0.024,1.516,11.79,0,0.024,-0.006,0.002,-0.019,13.22,-1.9,0.8,100,0
"2025-11-17 14:09:00",111063,"",7999,2025,11,17,14,3,5,-0.0204,0.818,-0.014,-344507.4,0.768,-0.012,1.513,11.82,0,-0.012,-0.001,0.002,-0.045,13.22,-1.9,0.8,100,0
"2025-11-17 14:12:00",111064,"",7999,2025,11,17,14,3,5,-0.0204,0.818,-0.014,-344507.4,0.768,-0.012,1.513,11.82,0,-0.012,-0.001,0.002,-0.045,13.22,-1.9,0.8,100,0
"2025-11-17 14:15:00",111065,"",7999,2025,11,17,14,9,5,0.0357,0.821,0.024,-344501.3,0.771,0.023,1.519,11.83,0,0.023,-0.004,0.035,0.024,13.22,-1.9,0.8,100,0
"2025-11-17 14:18:00",111066,"",7999,2025,11,17,14,9,5,0.0357,0.821,0.024,-344501.3,0.771,0.023,1.519,11.83,0,0.023,-0.004,0.035,0.024,13.22,-1.9,0.8,100,0
"2025-11-17 14:21:00",111067,"",7999,2025,11,17,14,15,5,0.0284,0.832,0.018,-344490.2,0.782,0.018,1.539,11.89,0,0.018,-0.008,0,-0.031,13.22,-1.8,0.8,100,0
"2025-11-17 14:24:00",111068,"",7999,2025,11,17,14,15,5,0.0284,0.832,0.018,-344490.2,0.782,0.018,1.539,11.89,0,0.018,-0.008,0,-0.031,13.22,-1.8,0.8,100,0
"2025-11-17 14:27:00",111069,"",7999,2025,11,17,14,21,5,0.0234,0.831,0.015,-344481.1,0.781,0.015,1.538,11.91,0,0.015,-0.001,0.007,0.012,13.22,-1.8,0.8,100,0
"2025-11-17 14:30:00",111070,"",7999,2025,11,17,14,21,5,0.0234,0.831,0.015,-344481.1,0.781,0.015,1.538,11.91,0,0.015,-0.001,0.007,0.012,13.22,-1.8,0.8,100,0
"2025-11-17 14:33:00",111071,"",7999,2025,11,17,14,27,5,-0.0145,0.827,-0.01,-344481.8,0.777,-0.008,1.53,11.92,2,-0.008,-0.001,-0.03,-0.009,13.22,-2,0.8,100,0
"2025-11-17 14:36:00",111072,"",7999,2025,11,17,14,27,5,-0.0145,0.827,-0.01,-344481.8,0.777,-0.008,1.53,11.92,2,-0.008,-0.001,-0.03,-0.009,13.22,-2,0.8,100,0
"2025-11-17 14:39:00",111073,"",7999,2025,11,17,14,33,5,0.0278,0.829,0.018,-344476.9,0.779,0.018,1.534,11.9,0,0.018,-0.003,0.019,0.017,13.22,-1.9,0.8,100,0
"2025-11-17 14:42:00",111074,"",7999,2025,11,17,14,33,5,0.0278,0.829,0.018,-344476.9,0.779,0.018,1.534,11.9,0,0.018,-0.003,0.019,0.017,13.22,-1.9,0.8,100,0
"2025-11-17 14:45:00",111075,"",7999,2025,11,17,14,39,5,0.0032,0.83,0.002,-344472.8,0.78,0.001,1.537,11.94,0,0.001,-0.001,0.028,0.002,13.22,-1.7,0.7,100,0
"2025-11-17 14:48:00",111076,"",7999,2025,11,17,14,39,5,0.0032,0.83,0.002,-344472.8,0.78,0.001,1.537,11.94,0,0.001,-0.001,0.028,0.002,13.22,-1.7,0.7,100,0
"2025-11-17 14:51:00",111077,"",7999,2025,11,17,14,45,5,0.0061,0.839,0.004,-344470.9,0.789,0.004,1.553,11.97,0,0.004,-0.001,0.005,0.007,13.22,-1.6,0.6,100,0
"2025-11-17 14:54:00",111078,"",7999,2025,11,17,14,45,5,0.0061,0.839,0.004,-344470.9,0.789,0.004,1.553,11.97,0,0.004,-0.001,0.005,0.007,13.22,-1.6,0.6,100,0
"2025-11-17 14:57:00",111079,"",7999,2025,11,17,14,51,5,-0.0423,0.839,-0.027,-344480.3,0.789,-0.028,1.553,11.94,0,-0.028,-0.002,-0.03,-0.026,13.22,-1.6,0.7,100,0
"2025-11-17 15:00:00",111080,"",7999,2025,11,17,14,51,5,-0.0423,0.839,-0.027,-344480.3,0.789,-0.028,1.553,11.94,0,-0.028,-0.002,-0.03,-0.026,13.22,-1.6,0.7,100,0
"2025-11-17 15:03:00",111081,"",7999,2025,11,17,14,57,5,-0.0149,0.847,-0.01,-344489,0.797,-0.008,1.568,11.89,0,-0.008,-0.002,-0.016,-0.026,13.22,-1.6,0.7,100,0
"2025-11-17 15:06:00",111082,"",7999,2025,11,17,14,57,5,-0.0149,0.847,-0.01,-344489,0.797,-0.008,1.568,11.89,0,-0.008,-0.002,-0.016,-0.026,13.22,-1.6,0.7,100,0
"2025-11-17 15:09:00",111083,"",7999,2025,11,17,15,3,5,0.0126,0.855,0.008,-344487.8,0.805,0.007,1.583,11.91,0,0.007,0.001,-0.033,0.007,13.22,-1.6,0.7,100,0
"2025-11-17 15:12:00",111084,"",7999,2025,11,17,15,3,5,0.0126,0.855,0.008,-344487.8,0.805,0.007,1.583,11.91,0,0.007,0.001,-0.033,0.007,13.22,-1.6,0.7,100,0
"2025-11-17 15:15:00",111085,"",7999,2025,11,17,15,9,5,0.043,0.859,0.027,-344475.9,0.809,0.027,1.589,11.93,0,0.027,-0.003,0.012,0.026,13.22,-1.6,0.7,100,0
"2025-11-17 15:18:00",111086,"",7999,2025,11,17,15,9,5,0.043,0.859,0.027,-344475.9,0.809,0.027,1.589,11.93,0,0.027,-0.003,0.012,0.026,13.22,-1.6,0.7,100,0
"2025-11-17 15:21:00",111087,"",7999,2025,11,17,15,15,5,0.0265,0.858,0.017,-344464.4,0.808,0.016,1.588,11.88,0,0.016,-0.002,0.012,-0.009,13.22,-1.6,0.7,100,0
"2025-11-17 15:24:00",111088,"",7999,2025,11,17,15,15,5,0.0265,0.858,0.017,-344464.4,0.808,0.016,1.588,11.88,0,0.016,-0.002,0.012,-0.009,13.22,-1.6,0.7,100,0
"2025-11-17 15:27:00",111089,"",7999,2025,11,17,15,21,5,0.0043,0.849,0.003,-344460.1,0.799,0.004,1.571,11.85,0,0.004,-0.002,-0.007,-0.002,13.22,-1.6,0.7,100,0
"2025-11-17 15:30:00",111090,"",7999,2025,11,17,15,21,5,0.0043,0.849,0.003,-344460.1,0.799,0.004,1.571,11.85,0,0.004,-0.002,-0.007,-0.002,13.22,-1.6,0.7,100,0
"2025-11-17 15:33:00",111091,"",7999,2025,11,17,15,27,5,-0.0168,0.847,-0.011,-344463.7,0.797,-0.01,1.568,11.85,0,-0.01,-0.001,-0.028,-0.026,13.22,-1.6,0.7,100,0
"2025-11-17 15:36:00",111092,"",7999,2025,11,17,15,27,5,-0.0168,0.847,-0.011,-344463.7,0.797,-0.01,1.568,11.85,0,-0.01,-0.001,-0.028,-0.026,13.22,-1.6,0.7,100,0
"2025-11-17 15:39:00",111093,"",7999,2025,11,17,15,33,5,-0.0011,0.846,-0.001,-344465.9,0.796,-0.001,1.565,11.84,0,-0.001,-0.003,0,0,13.22,-1.6,0.7,100,0
"2025-11-17 15:42:00",111094,"",7999,2025,11,17,15,33,5,-0.0011,0.846,-0.001,-344465.9,0.796,-0.001,1.565,11.84,0,-0.001,-0.003,0,0,13.22,-1.6,0.7,100,0
"2025-11-17 15:45:00",111095,"",7999,2025,11,17,15,39,5,-0.0053,0.835,-0.003,-344467.4,0.785,-0.002,1.545,11.79,0,-0.002,-0.001,0.005,-0.028,13.22,-1.6,0.7,100,0
"2025-11-17 15:48:00",111096,"",7999,2025,11,17,15,39,5,-0.0053,0.835,-0.003,-344467.4,0.785,-0.002,1.545,11.79,0,-0.002,-0.001,0.005,-0.028,13.22,-1.6,0.7,100,0
"2025-11-17 15:51:00",111097,"",7999,2025,11,17,15,45,5,-0.0029,0.832,-0.002,-344468.8,0.782,-0.002,1.539,11.76,0,-0.002,0.003,0.007,0,13.22,-1.6,0.7,100,0
"2025-11-17 15:54:00",111098,"",7999,2025,11,17,15,45,5,-0.0029,0.832,-0.002,-344468.8,0.782,-0.002,1.539,11.76,0,-0.002,0.003,0.007,0,13.22,-1.6,0.7,100,0
"2025-11-17 15:57:00",111099,"",7999,2025,11,17,15,51,5,-0.0184,0.826,-0.012,-344473.5,0.776,-0.012,1.529,11.72,0,-0.012,-0.001,-0.002,-0.017,13.22,-1.6,0.7,100,0
"2025-11-17 16:00:00",111100,"",7999,2025,11,17,15,51,5,-0.0184,0.826,-0.012,-344473.5,0.776,-0.012,1.529,11.72,0,-0.012,-0.001,-0.002,-0.017,13.22,-1.6,0.7,100,0
"2025-11-17 16:03:00",111101,"",7999,2025,11,17,15,57,5,0.007,0.83,0.005,-344474.1,0.78,0.004,1.536,11.71,0,0.004,-0.002,0,0.007,13.22,-1.6,0.7,100,0
"2025-11-17 16:06:00",111102,"",7999,2025,11,17,15,57,5,0.007,0.83,0.005,-344474.1,0.78,0.004,1.536,11.71,0,0.004,-0.002,0,0.007,13.22,-1.6,0.7,100,0
"2025-11-17 16:09:00",111103,"",7999,2025,11,17,16,3,5,0.0275,0.831,0.018,-344466.6,0.781,0.017,1.538,11.7,0,0.017,-0.002,0.012,0.009,13.22,-1.6,0.7,100,0
"2025-11-17 16:12:00",111104,"",7999,2025,11,17,16,3,5,0.0275,0.831,0.018,-344466.6,0.781,0.017,1.538,11.7,0,0.017,-0.002,0.012,0.009,13.22,-1.6,0.7,100,0
"2025-11-17 16:15:00",111105,"",7999,2025,11,17,16,9,5,-0.0371,0.82,-0.024,-344472.2,0.77,-0.023,1.517,11.64,0,-0.023,0,-0.005,-0.024,13.22,-1.6,0.7,100,0
"2025-11-17 16:18:00",111106,"",7999,2025,11,17,16,9,5,-0.0371,0.82,-0.024,-344472.2,0.77,-0.023,1.517,11.64,0,-0.023,0,-0.005,-0.024,13.22,-1.6,0.7,100,0
"2025-11-17 16:21:00",111107,"",7999,2025,11,17,16,15,5,-0.0089,0.815,-0.006,-344478.8,0.765,-0.005,1.508,11.62,0,-0.005,0.001,-0.002,0,13.22,-1.6,0.7,100,0
"2025-11-17 16:24:00",111108,"",7999,2025,11,17,16,15,5,-0.0089,0.815,-0.006,-344478.8,0.765,-0.005,1.508,11.62,0,-0.005,0.001,-0.002,0,13.22,-1.6,0.7,100,0
"2025-11-17 16:27:00",111109,"",7999,2025,11,17,16,21,5,-0.027,0.813,-0.018,-344486.4,0.763,-0.017,1.504,11.55,0,-0.017,0,-0.019,-0.024,13.22,-1.6,0.7,100,0
"2025-11-17 16:30:00",111110,"",7999,2025,11,17,16,21,5,-0.027,0.813,-0.018,-344486.4,0.763,-0.017,1.504,11.55,0,-0.017,0,-0.019,-0.024,13.22,-1.6,0.7,100,0
"2025-11-17 16:33:00",111111,"",7999,2025,11,17,16,27,5,-0.0313,0.809,-0.021,-344497.2,0.759,-0.021,1.497,11.54,0,-0.021,0,-0.021,-0.026,13.22,-1.6,0.7,100,0
"2025-11-17 16:36:00",111112,"",7999,2025,11,17,16,27,5,-0.0313,0.809,-0.021,-344497.2,0.759,-0.021,1.497,11.54,0,-0.021,0,-0.021,-0.026,13.22,-1.6,0.7,100,0
"2025-11-17 16:39:00",111113,"",7999,2025,11,17,16,33,5,-0.0131,0.809,-0.009,-344504.1,0.759,-0.007,1.497,11.53,0,-0.007,0.001,-0.035,-0.026,13.22,-1.6,0.7,100,0
"2025-11-17 16:42:00",111114,"",7999,2025,11,17,16,33,5,-0.0131,0.809,-0.009,-344504.1,0.759,-0.007,1.497,11.53,0,-0.007,0.001,-0.035,-0.026,13.22,-1.6,0.7,100,0
"2025-11-17 16:45:00",111115,"",7999,2025,11,17,16,39,5,-0.0182,0.809,-0.012,-344510,0.759,-0.011,1.497,11.51,0,-0.011,0.003,-0.009,-0.026,13.22,-1.6,0.7,100,0
"2025-11-17 16:48:00",111116,"",7999,2025,11,17,16,39,5,-0.0182,0.809,-0.012,-344510,0.759,-0.011,1.497,11.51,0,-0.011,0.003,-0.009,-0.026,13.22,-1.6,0.7,100,0
"2025-11-17 16:51:00",111117,"",7999,2025,11,17,16,45,5,-0.0377,0.799,-0.026,-344521.3,0.749,-0.025,1.478,11.44,0,-0.025,0.004,-0.021,-0.047,13.22,-1.6,0.7,100,0
"2025-11-17 16:54:00",111118,"",7999,2025,11,17,16,45,5,-0.0377,0.799,-0.026,-344521.3,0.749,-0.025,1.478,11.44,0,-0.025,0.004,-0.021,-0.047,13.22,-1.6,0.7,100,0
"2025-11-17 16:57:00",111119,"",7999,2025,11,17,16,51,5,-0.0251,0.789,-0.017,-344531.9,0.739,-0.017,1.46,11.36,0,-0.017,0.007,-0.007,-0.04,13.22,-1.6,0.7,100,0
"2025-11-17 17:00:00",111120,"",7999,2025,11,17,16,51,5,-0.0251,0.789,-0.017,-344531.9,0.739,-0.017,1.46,11.36,0,-0.017,0.007,-0.007,-0.04,13.22,-1.6,0.7,100,0
"2025-11-17 17:03:00",111121,"",7999,2025,11,17,16,57,5,-0.0289,0.786,-0.02,-344541.8,0.736,-0.019,1.455,11.31,0,-0.019,0,-0.03,-0.036,13.22,-1.6,0.7,100,0
"2025-11-17 17:06:00",111122,"",7999,2025,11,17,16,57,5,-0.0289,0.786,-0.02,-344541.8,0.736,-0.019,1.455,11.31,0,-0.019,0,-0.03,-0.036,13.22,-1.6,0.7,100,0
"2025-11-17 17:09:00",111123,"",7999,2025,11,17,17,3,5,-0.0231,0.782,-0.016,-344550.9,0.732,-0.016,1.448,11.29,0,-0.016,0.001,-0.016,-0.009,13.22,-1.6,0.7,100,0
"2025-11-17 17:12:00",111124,"",7999,2025,11,17,17,3,5,-0.0231,0.782,-0.016,-344550.9,0.732,-0.016,1.448,11.29,0,-0.016,0.001,-0.016,-0.009,13.22,-1.6,0.7,100,0
"2025-11-17 17:15:00",111125,"",7999,2025,11,17,17,9,5,-0.0016,0.778,-0.001,-344554.1,0.728,-0.001,1.44,11.28,0,-0.001,0.001,0,-0.002,13.22,-1.6,0.7,100,0
"2025-11-17 17:18:00",111126,"",7999,2025,11,17,17,9,5,-0.0016,0.778,-0.001,-344554.1,0.728,-0.001,1.44,11.28,0,-0.001,0.001,0,-0.002,13.22,-1.6,0.7,100,0
"2025-11-17 17:21:00",111127,"",7999,2025,11,17,17,15,5,-0.0113,0.77,-0.008,-344557,0.72,-0.008,1.425,11.23,0,-0.008,0.006,-0.016,-0.038,13.22,-1.6,0.7,100,0
"2025-11-17 17:24:00",111128,"",7999,2025,11,17,17,15,5,-0.0113,0.77,-0.008,-344557,0.72,-0.008,1.425,11.23,0,-0.008,0.006,-0.016,-0.038,13.22,-1.6,0.7,100,0
"2025-11-17 17:27:00",111129,"",7999,2025,11,17,17,21,5,-0.0015,0.757,-0.001,-344558.7,0.707,-0.001,1.4,11.12,0,-0.001,0.006,-0.012,-0.014,13.22,-1.6,0.7,100,0
"2025-11-17 17:30:00",111130,"",7999,2025,11,17,17,21,5,-0.0015,0.757,-0.001,-344558.7,0.707,-0.001,1.4,11.12,0,-0.001,0.006,-0.012,-0.014,13.22,-1.6,0.7,100,0
"2025-11-17 17:33:00",111131,"",7999,2025,11,17,17,27,5,-0.0139,0.75,-0.01,-344562.3,0.7,-0.008,1.388,11.07,0,-0.008,0.002,-0.014,-0.014,13.21,-1.6,0.7,100,0
"2025-11-17 17:36:00",111132,"",7999,2025,11,17,17,27,5,-0.0139,0.75,-0.01,-344562.3,0.7,-0.008,1.388,11.07,0,-0.008,0.002,-0.014,-0.014,13.21,-1.6,0.7,100,0
"2025-11-17 17:39:00",111133,"",7999,2025,11,17,17,33,5,-0.0218,0.747,-0.016,-344569.2,0.697,-0.016,1.382,11.11,0,-0.016,0.003,-0.007,-0.012,13.21,-1.6,0.7,100,0
"2025-11-17 17:42:00",111134,"",7999,2025,11,17,17,33,5,-0.0218,0.747,-0.016,-344569.2,0.697,-0.016,1.382,11.11,0,-0.016,0.003,-0.007,-0.012,13.21,-1.6,0.7,100,0
"2025-11-17 17:45:00",111135,"",7999,2025,11,17,17,39,5,-0.0065,0.745,-0.005,-344573.3,0.695,-0.002,1.378,11.2,0,-0.002,-0.001,-0.005,-0.005,13.21,-1.6,0.7,100,0
"2025-11-17 17:48:00",111136,"",7999,2025,11,17,17,39,5,-0.0065,0.745,-0.005,-344573.3,0.695,-0.002,1.378,11.2,0,-0.002,-0.001,-0.005,-0.005,13.21,-1.6,0.7,100,0
"2025-11-17 17:51:00",111137,"",7999,2025,11,17,17,45,5,-0.0036,0.743,-0.003,-344575,0.693,-0.001,1.376,11.27,0,-0.001,0.001,-0.005,-0.007,13.21,-1.6,0.7,100,0
"2025-11-17 17:54:00",111138,"",7999,2025,11,17,17,45,5,-0.0036,0.743,-0.003,-344575,0.693,-0.001,1.376,11.27,0,-0.001,0.001,-0.005,-0.007,13.21,-1.6,0.7,100,0
"2025-11-17 17:57:00",111139,"",7999,2025,11,17,17,51,5,-0.0141,0.734,-0.01,-344578.9,0.684,-0.008,1.359,11.3,0,-0.008,0.003,-0.002,-0.026,13.21,-1.6,0.7,100,0
"2025-11-17 18:00:00",111140,"",7999,2025,11,17,17,51,5,-0.0141,0.734,-0.01,-344578.9,0.684,-0.008,1.359,11.3,0,-0.008,0.003,-0.002,-0.026,13.21,-1.6,0.7,100,0
"2025-11-17 18:03:00",111141,"",7999,2025,11,17,17,57,5,-0.0174,0.728,-0.013,-344584.8,0.678,-0.012,1.347,11.34,0,-0.012,0.001,-0.012,-0.017,13.21,-1.6,0.7,100,0
"2025-11-17 18:06:00",111142,"",7999,2025,11,17,17,57,5,-0.0174,0.728,-0.013,-344584.8,0.678,-0.012,1.347,11.34,0,-0.012,0.001,-0.012,-0.017,13.21,-1.6,0.7,100,0
"2025-11-17 18:09:00",111143,"",7999,2025,11,17,18,3,5,-0.0079,0.726,-0.006,-344588.8,0.676,-0.004,1.344,11.35,0,-0.004,0.002,-0.012,-0.028,13.21,-1.6,0.7,100,0
"2025-11-17 18:12:00",111144,"",7999,2025,11,17,18,3,5,-0.0079,0.726,-0.006,-344588.8,0.676,-0.004,1.344,11.35,0,-0.004,0.002,-0.012,-0.028,13.21,-1.6,0.7,100,0
"2025-11-17 18:15:00",111145,"",7999,2025,11,17,18,9,5,-0.0086,0.722,-0.006,-344591.8,0.672,-0.005,1.336,11.31,0,-0.005,0.001,-0.007,-0.005,13.21,-1.6,0.7,100,0
"2025-11-17 18:18:00",111146,"",7999,2025,11,17,18,9,5,-0.0086,0.722,-0.006,-344591.8,0.672,-0.005,1.336,11.31,0,-0.005,0.001,-0.007,-0.005,13.21,-1.6,0.7,100,0
"2025-11-17 18:21:00",111147,"",7999,2025,11,17,18,15,5,-0.0048,0.716,-0.004,-344594,0.666,-0.002,1.325,11.3,0,-0.002,0.001,0,-0.012,13.21,-1.6,0.7,100,0
"2025-11-17 18:24:00",111148,"",7999,2025,11,17,18,15,5,-0.0048,0.716,-0.004,-344594,0.666,-0.002,1.325,11.3,0,-0.002,0.001,0,-0.012,13.21,-1.6,0.7,100,0
"2025-11-17 18:27:00",111149,"",7999,2025,11,17,18,21,5,-0.0123,0.708,-0.009,-344597.5,0.658,-0.008,1.309,11.3,0,-0.008,0.001,-0.002,-0.014,13.21,-1.6,0.7,100,0
"2025-11-17 18:30:00",111150,"",7999,2025,11,17,18,21,5,-0.0123,0.708,-0.009,-344597.5,0.658,-0.008,1.309,11.3,0,-0.008,0.001,-0.002,-0.014,13.21,-1.6,0.7,100,0
"2025-11-17 18:33:00",111151,"",7999,2025,11,17,18,27,5,-0.0103,0.699,-0.008,-344601.5,0.649,-0.006,1.293,11.32,0,-0.006,0.002,0.007,-0.019,13.21,-1.6,0.7,100,0
"2025-11-17 18:36:00",111152,"",7999,2025,11,17,18,27,5,-0.0103,0.699,-0.008,-344601.5,0.649,-0.006,1.293,11.32,0,-0.006,0.002,0.007,-0.019,13.21,-1.6,0.7,100,0
"2025-11-17 18:39:00",111153,"",7999,2025,11,17,18,33,5,-0.0108,0.694,-0.008,-344605.3,0.644,-0.007,1.284,11.35,0,-0.007,0,-0.002,-0.007,13.21,-1.6,0.7,100,0
"2025-11-17 18:42:00",111154,"",7999,2025,11,17,18,33,5,-0.0108,0.694,-0.008,-344605.3,0.644,-0.007,1.284,11.35,0,-0.007,0,-0.002,-0.007,13.21,-1.6,0.7,100,0
"2025-11-17 18:45:00",111155,"",7999,2025,11,17,18,39,5,-0.0034,0.69,-0.003,-344607.5,0.64,-0.001,1.277,11.32,0,-0.001,0.001,-0.009,-0.007,13.21,-1.5,0.7,100,0
"2025-11-17 18:48:00",111156,"",7999,2025,11,17,18,39,5,-0.0034,0.69,-0.003,-344607.5,0.64,-0.001,1.277,11.32,0,-0.001,0.001,-0.009,-0.007,13.21,-1.5,0.7,100,0
"2025-11-17 18:51:00",111157,"",7999,2025,11,17,18,45,5,-0.0111,0.683,-0.009,-344610.6,0.633,-0.007,1.265,11.33,0,-0.007,0,0.012,-0.007,13.21,-1.5,0.7,100,0
"2025-11-17 18:54:00",111158,"",7999,2025,11,17,18,45,5,-0.0111,0.683,-0.009,-344610.6,0.633,-0.007,1.265,11.33,0,-0.007,0,0.012,-0.007,13.21,-1.5,0.7,100,0
"2025-11-17 18:57:00",111159,"",7999,2025,11,17,18,51,5,-0.0054,0.679,-0.004,-344613.2,0.629,-0.002,1.256,11.32,0,-0.002,0,0,-0.005,13.21,-1.5,0.7,100,0
"2025-11-17 19:00:00",111160,"",7999,2025,11,17,18,51,5,-0.0054,0.679,-0.004,-344613.2,0.629,-0.002,1.256,11.32,0,-0.002,0,0,-0.005,13.21,-1.5,0.7,100,0
"2025-11-17 19:03:00",111161,"",7999,2025,11,17,18,57,5,-0.0119,0.672,-0.01,-344616.8,0.622,-0.008,1.244,11.32,0,-0.008,-0.002,0.014,0,13.21,-1.6,0.7,100,0
"2025-11-17 19:06:00",111162,"",7999,2025,11,17,18,57,5,-0.0119,0.672,-0.01,-344616.8,0.622,-0.008,1.244,11.32,0,-0.008,-0.002,0.014,0,13.21,-1.6,0.7,100,0
"2025-11-17 19:09:00",111163,"",7999,2025,11,17,19,3,5,-0.0138,0.661,-0.011,-344621.5,0.611,-0.011,1.223,11.35,0,-0.011,0,-0.002,-0.012,13.21,-1.6,0.7,100,0
"2025-11-17 19:12:00",111164,"",7999,2025,11,17,19,3,5,-0.0138,0.661,-0.011,-344621.5,0.611,-0.011,1.223,11.35,0,-0.011,0,-0.002,-0.012,13.21,-1.6,0.7,100,0
"2025-11-17 19:15:00",111165,"",7999,2025,11,17,19,9,5,-0.0076,0.651,-0.006,-344625,0.601,-0.005,1.205,11.35,0,-0.005,0,0.002,-0.009,13.21,-1.5,0.7,100,0
"2025-11-17 19:18:00",111166,"",7999,2025,11,17,19,9,5,-0.0076,0.651,-0.006,-344625,0.601,-0.005,1.205,11.35,0,-0.005,0,0.002,-0.009,13.21,-1.5,0.7,100,0
"2025-11-17 19:21:00",111167,"",7999,2025,11,17,19,15,5,-0.0031,0.648,-0.003,-344626.7,0.598,-0.001,1.198,11.38,0,-0.001,-0.001,-0.009,-0.002,13.21,-1.5,0.7,100,0
"2025-11-17 19:24:00",111168,"",7999,2025,11,17,19,15,5,-0.0031,0.648,-0.003,-344626.7,0.598,-0.001,1.198,11.38,0,-0.001,-0.001,-0.009,-0.002,13.21,-1.5,0.7,100,0
"2025-11-17 19:27:00",111169,"",7999,2025,11,17,19,21,5,0.006,0.649,0.005,-344625.6,0.599,0.006,1.202,11.39,0,0.006,0.004,-0.002,-0.017,13.21,-1.6,0.7,100,0
"2025-11-17 19:30:00",111170,"",7999,2025,11,17,19,21,5,0.006,0.649,0.005,-344625.6,0.599,0.006,1.202,11.39,0,0.006,0.004,-0.002,-0.017,13.21,-1.6,0.7,100,0
"2025-11-17 19:33:00",111171,"",7999,2025,11,17,19,27,5,0.0013,0.65,0.001,-344624.5,0.6,0,1.202,11.4,0,0,0,0.005,-0.019,13.21,-1.6,0.7,100,0
"2025-11-17 19:36:00",111172,"",7999,2025,11,17,19,27,5,0.0013,0.65,0.001,-344624.5,0.6,0,1.202,11.4,0,0,0,0.005,-0.019,13.21,-1.6,0.7,100,0
"2025-11-17 19:39:00",111173,"",7999,2025,11,17,19,33,5,0.0174,0.64,0.015,-344620.2,0.59,0.017,1.185,11.38,0,0.017,0.009,0.014,0.012,13.21,-1.6,0.7,100,0
"2025-11-17 19:42:00",111174,"",7999,2025,11,17,19,33,5,0.0174,0.64,0.015,-344620.2,0.59,0.017,1.185,11.38,0,0.017,0.009,0.014,0.012,13.21,-1.6,0.7,100,0
"2025-11-17 19:45:00",111175,"",7999,2025,11,17,19,39,5,-0.0006,0.627,-0.001,-344618.3,0.577,0,1.161,11.36,0,0,0.001,0.005,-0.017,13.21,-1.6,0.7,100,0
"2025-11-17 19:48:00",111176,"",7999,2025,11,17,19,39,5,-0.0006,0.627,-0.001,-344618.3,0.577,0,1.161,11.36,0,0,0.001,0.005,-0.017,13.21,-1.6,0.7,100,0
"2025-11-17 19:51:00",111177,"",7999,2025,11,17,19,45,5,-0.0096,0.617,-0.008,-344620.7,0.567,-0.007,1.142,11.37,0,-0.007,-0.001,-0.009,-0.014,13.21,-1.6,0.7,100,0
"2025-11-17 19:54:00",111178,"",7999,2025,11,17,19,45,5,-0.0096,0.617,-0.008,-344620.7,0.567,-0.007,1.142,11.37,0,-0.007,-0.001,-0.009,-0.014,13.21,-1.6,0.7,100,0
"2025-11-17 19:57:00",111179,"",7999,2025,11,17,19,51,5,-0.0069,0.615,-0.006,-344623.5,0.565,-0.005,1.138,11.41,0,-0.005,0,0,-0.007,13.21,-1.5,0.7,100,0
"2025-11-17 20:00:00",111180,"",7999,2025,11,17,19,51,5,-0.0069,0.615,-0.006,-344623.5,0.565,-0.005,1.138,11.41,0,-0.005,0,0,-0.007,13.21,-1.5,0.7,100,0
"2025-11-17 20:03:00",111181,"",7999,2025,11,17,19,57,5,-0.003,0.612,-0.003,-344625.1,0.562,-0.001,1.132,11.45,0,-0.001,0.001,-0.002,-0.017,13.21,-1.6,0.7,100,0
"2025-11-17 20:06:00",111182,"",7999,2025,11,17,19,57,5,-0.003,0.612,-0.003,-344625.1,0.562,-0.001,1.132,11.45,0,-0.001,0.001,-0.002,-0.017,13.21,-1.6,0.7,100,0
"2025-11-17 20:09:00",111183,"",7999,2025,11,17,20,3,5,-0.0043,0.606,-0.004,-344626.5,0.556,-0.001,1.122,11.45,0,-0.001,0.001,0.019,-0.019,13.21,-1.5,0.7,100,0
"2025-11-17 20:12:00",111184,"",7999,2025,11,17,20,3,5,-0.0043,0.606,-0.004,-344626.5,0.556,-0.001,1.122,11.45,0,-0.001,0.001,0.019,-0.019,13.21,-1.5,0.7,100,0
"2025-11-17 20:15:00",111185,"",7999,2025,11,17,20,9,5,-0.0017,0.601,-0.002,-344627.4,0.551,-0.001,1.113,11.45,0,-0.001,0.002,-0.007,-0.009,13.21,-1.5,0.7,100,0
"2025-11-17 20:18:00",111186,"",7999,2025,11,17,20,9,5,-0.0017,0.601,-0.002,-344627.4,0.551,-0.001,1.113,11.45,0,-0.001,0.002,-0.007,-0.009,13.21,-1.5,0.7,100,0
"2025-11-17 20:21:00",111187,"",7999,2025,11,17,20,15,5,-0.0014,0.596,-0.001,-344627.9,0.546,-0.001,1.104,11.48,0,-0.001,0.002,0.012,-0.007,13.21,-1.6,0.7,100,0
"2025-11-17 20:24:00",111188,"",7999,2025,11,17,20,15,5,-0.0014,0.596,-0.001,-344627.9,0.546,-0.001,1.104,11.48,0,-0.001,0.002,0.012,-0.007,13.21,-1.6,0.7,100,0
"2025-11-17 20:27:00",111189,"",7999,2025,11,17,20,21,5,-0.0017,0.591,-0.002,-344628.5,0.541,0,1.093,11.48,0,0,0,-0.002,-0.007,13.21,-1.5,0.7,100,0
"2025-11-17 20:30:00",111190,"",7999,2025,11,17,20,21,5,-0.0017,0.591,-0.002,-344628.5,0.541,0,1.093,11.48,0,0,0,-0.002,-0.007,13.21,-1.5,0.7,100,0
"2025-11-17 20:33:00",111191,"",7999,2025,11,17,20,27,5,-0.0007,0.584,-0.001,-344628.9,0.534,0,1.081,11.49,0,0,0.001,0,-0.024,13.21,-1.5,0.7,100,0
"2025-11-17 20:36:00",111192,"",7999,2025,11,17,20,27,5,-0.0007,0.584,-0.001,-344628.9,0.534,0,1.081,11.49,0,0,0.001,0,-0.024,13.21,-1.5,0.7,100,0
"2025-11-17 20:39:00",111193,"",7999,2025,11,17,20,33,5,-0.0027,0.578,-0.003,-344629.7,0.528,-0.001,1.069,11.48,0,-0.001,-0.001,-0.002,-0.014,13.21,-1.5,0.7,100,0
"2025-11-17 20:42:00",111194,"",7999,2025,11,17,20,33,5,-0.0027,0.578,-0.003,-344629.7,0.528,-0.001,1.069,11.48,0,-0.001,-0.001,-0.002,-0.014,13.21,-1.5,0.7,100,0
"2025-11-17 20:45:00",111195,"",7999,2025,11,17,20,39,5,-0.0029,0.57,-0.003,-344630.7,0.52,-0.001,1.055,11.43,0,-0.001,-0.001,0,-0.012,13.21,-1.5,0.7,100,0
"2025-11-17 20:48:00",111196,"",7999,2025,11,17,20,39,5,-0.0029,0.57,-0.003,-344630.7,0.52,-0.001,1.055,11.43,0,-0.001,-0.001,0,-0.012,13.21,-1.5,0.7,100,0
"2025-11-17 20:51:00",111197,"",7999,2025,11,17,20,45,5,0.001,0.567,0.001,-344630.8,0.517,0,1.049,11.44,0,0,0,0.012,-0.014,13.21,-1.5,0.7,100,0
"2025-11-17 20:54:00",111198,"",7999,2025,11,17,20,45,5,0.001,0.567,0.001,-344630.8,0.517,0,1.049,11.44,0,0,0,0.012,-0.014,13.21,-1.5,0.7,100,0
"2025-11-17 20:57:00",111199,"",7999,2025,11,17,20,51,5,-0.0092,0.565,-0.009,-344632.9,0.515,-0.008,1.046,11.46,0,-0.008,-0.004,-0.005,-0.009,13.21,-1.5,0.7,100,0
"2025-11-17 21:00:00",111200,"",7999,2025,11,17,20,51,5,-0.0092,0.565,-0.009,-344632.9,0.515,-0.008,1.046,11.46,0,-0.008,-0.004,-0.005,-0.009,13.21,-1.5,0.7,100,0
"2025-11-17 21:03:00",111201,"",7999,2025,11,17,20,57,5,-0.0044,0.564,-0.004,-344635.1,0.514,-0.004,1.044,11.43,0,-0.004,-0.002,0.009,-0.009,13.21,-1.5,0.7,100,0
"2025-11-17 21:06:00",111202,"",7999,2025,11,17,20,57,5,-0.0044,0.564,-0.004,-344635.1,0.514,-0.004,1.044,11.43,0,-0.004,-0.002,0.009,-0.009,13.21,-1.5,0.7,100,0
"2025-11-17 21:09:00",111203,"",7999,2025,11,17,21,3,5,0.007,0.56,0.007,-344633.9,0.51,0.008,1.037,11.42,0,0.008,0.004,-0.007,-0.005,13.21,-1.5,0.7,100,0
"2025-11-17 21:12:00",111204,"",7999,2025,11,17,21,3,5,0.007,0.56,0.007,-344633.9,0.51,0.008,1.037,11.42,0,0.008,0.004,-0.007,-0.005,13.21,-1.5,0.7,100,0
"2025-11-17 21:15:00",111205,"",7999,2025,11,17,21,9,5,-0.0069,0.558,-0.007,-344634.8,0.508,-0.006,1.032,11.42,0,-0.006,-0.003,-0.002,-0.009,13.21,-1.5,0.7,100,0
"2025-11-17 21:18:00",111206,"",7999,2025,11,17,21,9,5,-0.0069,0.558,-0.007,-344634.8,0.508,-0.006,1.032,11.42,0,-0.006,-0.003,-0.002,-0.009,13.21,-1.5,0.7,100,0
"2025-11-17 21:21:00",111207,"",7999,2025,11,17,21,15,5,-0.0012,0.56,-0.001,-344635.9,0.51,0,1.037,11.39,0,0,0,0,-0.017,13.21,-1.5,0.7,100,0
"2025-11-17 21:24:00",111208,"",7999,2025,11,17,21,15,5,-0.0012,0.56,-0.001,-344635.9,0.51,0,1.037,11.39,0,0,0,0,-0.017,13.21,-1.5,0.7,100,0
"2025-11-17 21:27:00",111209,"",7999,2025,11,17,21,21,5,-0.0063,0.56,-0.006,-344637.6,0.51,-0.005,1.037,11.4,0,-0.005,-0.001,-0.014,0.002,13.21,-1.5,0.7,100,0
"2025-11-17 21:30:00",111210,"",7999,2025,11,17,21,21,5,-0.0063,0.56,-0.006,-344637.6,0.51,-0.005,1.037,11.4,0,-0.005,-0.001,-0.014,0.002,13.21,-1.5,0.7,100,0
"2025-11-17 21:33:00",111211,"",7999,2025,11,17,21,27,5,0.0028,0.555,0.003,-344637.6,0.505,0.004,1.028,11.38,0,0.004,0.002,-0.007,-0.019,13.21,-1.5,0.7,100,0
"2025-11-17 21:36:00",111212,"",7999,2025,11,17,21,27,5,0.0028,0.555,0.003,-344637.6,0.505,0.004,1.028,11.38,0,0.004,0.002,-0.007,-0.019,13.21,-1.5,0.7,100,0
"2025-11-17 21:39:00",111213,"",7999,2025,11,17,21,33,5,0.0035,0.551,0.003,-344636.5,0.501,0.004,1.019,11.4,0,0.004,0.002,-0.019,-0.028,13.2,-1.5,0.7,100,0
"2025-11-17 21:42:00",111214,"",7999,2025,11,17,21,33,5,0.0035,0.551,0.003,-344636.5,0.501,0.004,1.019,11.4,0,0.004,0.002,-0.019,-0.028,13.2,-1.5,0.7,100,0
"2025-11-17 21:45:00",111215,"",7999,2025,11,17,21,39,5,-0.0074,0.55,-0.007,-344637.8,0.5,-0.007,1.019,11.42,0,-0.007,-0.003,-0.005,-0.024,13.2,-1.5,0.7,100,0
"2025-11-17 21:48:00",111216,"",7999,2025,11,17,21,39,5,-0.0074,0.55,-0.007,-344637.8,0.5,-0.007,1.019,11.42,0,-0.007,-0.003,-0.005,-0.024,13.2,-1.5,0.7,100,0
"2025-11-17 21:51:00",111217,"",7999,2025,11,17,21,45,5,0,0.551,0,-344638.7,0.501,0,1.02,11.41,0,0,0,-0.005,-0.002,13.2,-1.5,0.7,100,0
"2025-11-17 21:54:00",111218,"",7999,2025,11,17,21,45,5,0,0.551,0,-344638.7,0.501,0,1.02,11.41,0,0,0,-0.005,-0.002,13.2,-1.5,0.7,100,0
"2025-11-17 21:57:00",111219,"",7999,2025,11,17,21,51,5,-0.0009,0.552,-0.001,-344638.9,0.502,-0.001,1.022,11.44,0,-0.001,0.002,-0.009,-0.005,13.2,-1.5,0.7,100,0
"2025-11-17 22:00:00",111220,"",7999,2025,11,17,21,51,5,-0.0009,0.552,-0.001,-344638.9,0.502,-0.001,1.022,11.44,0,-0.001,0.002,-0.009,-0.005,13.2,-1.5,0.7,100,0
"2025-11-17 22:03:00",111221,"",7999,2025,11,17,21,57,5,0.0057,0.552,0.006,-344637.6,0.502,0.006,1.021,11.45,0,0.006,0.003,-0.03,-0.033,13.2,-1.5,0.7,100,0
"2025-11-17 22:06:00",111222,"",7999,2025,11,17,21,57,5,0.0057,0.552,0.006,-344637.6,0.502,0.006,1.021,11.45,0,0.006,0.003,-0.03,-0.033,13.2,-1.5,0.7,100,0
"2025-11-17 22:09:00",111223,"",7999,2025,11,17,22,3,5,0.0119,0.545,0.012,-344634.1,0.495,0.013,1.009,11.41,0,0.013,0.007,-0.016,-0.002,13.2,-1.5,0.7,100,0
"2025-11-17 22:12:00",111224,"",7999,2025,11,17,22,3,5,0.0119,0.545,0.012,-344634.1,0.495,0.013,1.009,11.41,0,0.013,0.007,-0.016,-0.002,13.2,-1.5,0.7,100,0
"2025-11-17 22:15:00",111225,"",7999,2025,11,17,22,9,5,0.0092,0.539,0.009,-344630.4,0.489,0.011,0.997,11.42,0,0.011,0.005,-0.019,0.009,13.2,-1.5,0.7,100,0
"2025-11-17 22:18:00",111226,"",7999,2025,11,17,22,9,5,0.0092,0.539,0.009,-344630.4,0.489,0.011,0.997,11.42,0,0.011,0.005,-0.019,0.009,13.2,-1.5,0.7,100,0
"2025-11-17 22:21:00",111227,"",7999,2025,11,17,22,15,5,-0.0015,0.537,-0.002,-344629.7,0.487,0,0.994,11.41,0,0,0,-0.014,-0.026,13.2,-1.5,0.7,100,0
"2025-11-17 22:24:00",111228,"",7999,2025,11,17,22,15,5,-0.0015,0.537,-0.002,-344629.7,0.487,0,0.994,11.41,0,0,0,-0.014,-0.026,13.2,-1.5,0.7,100,0
"2025-11-17 22:27:00",111229,"",7999,2025,11,17,22,21,5,0.0022,0.54,0.002,-344629.3,0.49,0.002,1,11.41,0,0.002,0.001,-0.012,-0.014,13.2,-1.5,0.7,100,0
"2025-11-17 22:30:00",111230,"",7999,2025,11,17,22,21,5,0.0022,0.54,0.002,-344629.3,0.49,0.002,1,11.41,0,0.002,0.001,-0.012,-0.014,13.2,-1.5,0.7,100,0
"2025-11-17 22:33:00",111231,"",7999,2025,11,17,22,27,5,-0.0037,0.539,-0.004,-344629.9,0.489,-0.004,0.998,11.39,0,-0.004,-0.002,-0.028,-0.031,13.2,-1.5,0.7,100,0
"2025-11-17 22:36:00",111232,"",7999,2025,11,17,22,27,5,-0.0037,0.539,-0.004,-344629.9,0.489,-0.004,0.998,11.39,0,-0.004,-0.002,-0.028,-0.031,13.2,-1.5,0.7,100,0
"2025-11-17 22:39:00",111233,"",7999,2025,11,17,22,33,5,-0,0.541,0,-344630.4,0.491,0,1.002,11.35,0,0,0,-0.026,-0.024,13.2,-1.5,0.7,100,0
"2025-11-17 22:42:00",111234,"",7999,2025,11,17,22,33,5,-0,0.541,0,-344630.4,0.491,0,1.002,11.35,0,0,0,-0.026,-0.024,13.2,-1.5,0.7,100,0
"2025-11-17 22:45:00",111235,"",7999,2025,11,17,22,39,5,0.0134,0.546,0.013,-344627.2,0.496,0.015,1.011,11.37,0,0.015,0.007,-0.03,-0.017,13.2,-1.5,0.7,100,0
"2025-11-17 22:48:00",111236,"",7999,2025,11,17,22,39,5,0.0134,0.546,0.013,-344627.2,0.496,0.015,1.011,11.37,0,0.015,0.007,-0.03,-0.017,13.2,-1.5,0.7,100,0
"2025-11-17 22:51:00",111237,"",7999,2025,11,17,22,45,5,0.0031,0.552,0.003,-344624.8,0.502,0.002,1.021,11.4,0,0.002,0.001,-0.026,-0.014,13.2,-1.5,0.7,100,0
"2025-11-17 22:54:00",111238,"",7999,2025,11,17,22,45,5,0.0031,0.552,0.003,-344624.8,0.502,0.002,1.021,11.4,0,0.002,0.001,-0.026,-0.014,13.2,-1.5,0.7,100,0
"2025-11-17 22:57:00",111239,"",7999,2025,11,17,22,51,5,0.0065,0.559,0.006,-344622.9,0.509,0.006,1.034,11.39,0,0.006,0.003,-0.033,-0.012,13.2,-1.5,0.7,100,0
"2025-11-17 23:00:00",111240,"",7999,2025,11,17,22,51,5,0.0065,0.559,0.006,-344622.9,0.509,0.006,1.034,11.39,0,0.006,0.003,-0.033,-0.012,13.2,-1.5,0.7,100,0
"2025-11-17 23:03:00",111241,"",7999,2025,11,17,22,57,5,0.0048,0.56,0.005,-344620.9,0.51,0.004,1.036,11.4,0,0.004,0.002,-0.033,-0.014,13.2,-1.5,0.7,100,0
"2025-11-17 23:06:00",111242,"",7999,2025,11,17,22,57,5,0.0048,0.56,0.005,-344620.9,0.51,0.004,1.036,11.4,0,0.004,0.002,-0.033,-0.014,13.2,-1.5,0.7,100,0
"2025-11-17 23:09:00",111243,"",7999,2025,11,17,23,3,5,0.002,0.562,0.002,-344619.9,0.512,0.001,1.04,11.41,0,0.001,-0.001,-0.051,-0.019,13.2,-1.5,0.7,100,0
"2025-11-17 23:12:00",111244,"",7999,2025,11,17,23,3,5,0.002,0.562,0.002,-344619.9,0.512,0.001,1.04,11.41,0,0.001,-0.001,-0.051,-0.019,13.2,-1.5,0.7,100,0
"2025-11-17 23:15:00",111245,"",7999,2025,11,17,23,9,5,-0.0017,0.567,-0.002,-344620,0.517,0,1.049,11.41,0,0,0,0,-0.019,13.2,-1.5,0.7,100,0
"2025-11-17 23:18:00",111246,"",7999,2025,11,17,23,9,5,-0.0017,0.567,-0.002,-344620,0.517,0,1.049,11.41,0,0,0,0,-0.019,13.2,-1.5,0.7,100,0
"2025-11-17 23:21:00",111247,"",7999,2025,11,17,23,15,5,0.0022,0.57,0.002,-344619.7,0.52,0.001,1.055,11.41,0,0.001,-0.001,-0.035,-0.021,13.2,-1.6,0.7,100,0
"2025-11-17 23:24:00",111248,"",7999,2025,11,17,23,15,5,0.0022,0.57,0.002,-344619.7,0.52,0.001,1.055,11.41,0,0.001,-0.001,-0.035,-0.021,13.2,-1.6,0.7,100,0
"2025-11-17 23:27:00",111249,"",7999,2025,11,17,23,21,5,0.0116,0.573,0.011,-344616.6,0.523,0.012,1.061,11.38,0,0.012,0.005,-0.016,-0.014,13.2,-1.5,0.7,100,0
"2025-11-17 23:30:00",111250,"",7999,2025,11,17,23,21,5,0.0116,0.573,0.011,-344616.6,0.523,0.012,1.061,11.38,0,0.012,0.005,-0.016,-0.014,13.2,-1.5,0.7,100,0
"2025-11-17 23:33:00",111251,"",7999,2025,11,17,23,27,5,0.0005,0.577,0.001,-344615.1,0.527,0,1.067,11.4,0,0,0,-0.021,-0.005,13.2,-1.5,0.7,100,0
"2025-11-17 23:36:00",111252,"",7999,2025,11,17,23,27,5,0.0005,0.577,0.001,-344615.1,0.527,0,1.067,11.4,0,0,0,-0.021,-0.005,13.2,-1.5,0.7,100,0
"2025-11-17 23:39:00",111253,"",7999,2025,11,17,23,33,5,-0.0148,0.577,-0.014,-344618.6,0.527,-0.013,1.067,11.36,0,-0.013,-0.005,-0.046,-0.007,13.2,-1.5,0.7,100,0
"2025-11-17 23:42:00",111254,"",7999,2025,11,17,23,33,5,-0.0148,0.577,-0.014,-344618.6,0.527,-0.013,1.067,11.36,0,-0.013,-0.005,-0.046,-0.007,13.2,-1.5,0.7,100,0
"2025-11-17 23:45:00",111255,"",7999,2025,11,17,23,39,5,0.0053,0.576,0.005,-344619.1,0.526,0.005,1.066,11.35,0,0.005,0.003,-0.03,-0.019,13.2,-1.5,0.7,100,0
"2025-11-17 23:48:00",111256,"",7999,2025,11,17,23,39,5,0.0053,0.576,0.005,-344619.1,0.526,0.005,1.066,11.35,0,0.005,0.003,-0.03,-0.019,13.2,-1.5,0.7,100,0
"2025-11-17 23:51:00",111257,"",7999,2025,11,17,23,45,5,0.0021,0.578,0.002,-344618,0.528,0.001,1.069,11.35,0,0.001,0.001,0.012,-0.026,13.2,-1.5,0.7,100,0
"2025-11-17 23:54:00",111258,"",7999,2025,11,17,23,45,5,0.0021,0.578,0.002,-344618,0.528,0.001,1.069,11.35,0,0.001,0.001,0.012,-0.026,13.2,-1.5,0.7,100,0
"2025-11-17 23:57:00",111259,"",7999,2025,11,17,23,51,5,-0.0045,0.578,-0.004,-344618.8,0.528,-0.004,1.069,11.34,0,-0.004,-0.001,-0.021,-0.024,13.2,-1.5,0.7,100,0
"2025-11-18 00:00:00",111260,"",7999,2025,11,17,23,51,5,-0.0045,0.578,-0.004,-344618.8,0.528,-0.004,1.069,11.34,0,-0.004,-0.001,-0.021,-0.024,13.2,-1.5,0.7,100,0
"2025-11-18 00:03:00",111261,"",7999,2025,11,17,23,57,5,0.007,0.581,0.007,-344617.7,0.531,0.006,1.075,11.3,0,0.006,0.003,0,-0.024,13.2,-1.5,0.7,100,0
"2025-11-18 00:06:00",111262,"",7999,2025,11,17,23,57,5,0.007,0.581,0.007,-344617.7,0.531,0.006,1.075,11.3,0,0.006,0.003,0,-0.024,13.2,-1.5,0.7,100,0
"2025-11-18 00:09:00",111263,"",7999,2025,11,18,0,3,5,-0.0074,0.585,-0.007,-344618.6,0.535,-0.006,1.082,11.3,0,-0.006,-0.003,-0.021,-0.014,13.2,-1.5,0.7,100,0
"2025-11-18 00:12:00",111264,"",7999,2025,11,18,0,3,5,-0.0074,0.585,-0.007,-344618.6,0.535,-0.006,1.082,11.3,0,-0.006,-0.003,-0.021,-0.014,13.2,-1.5,0.7,100,0
"2025-11-18 00:15:00",111265,"",7999,2025,11,18,0,9,5,-0.0036,0.591,-0.003,-344620.4,0.541,-0.002,1.093,11.35,0,-0.002,0.001,-0.007,-0.024,13.2,-1.5,0.7,100,0
"2025-11-18 00:18:00",111266,"",7999,2025,11,18,0,9,5,-0.0036,0.591,-0.003,-344620.4,0.541,-0.002,1.093,11.35,0,-0.002,0.001,-0.007,-0.024,13.2,-1.5,0.7,100,0
"2025-11-18 00:21:00",111267,"",7999,2025,11,18,0,15,5,-0.0063,0.591,-0.006,-344622.3,0.541,-0.005,1.094,11.36,0,-0.005,0.002,-0.049,-0.019,13.2,-1.5,0.7,100,0
"2025-11-18 00:24:00",111268,"",7999,2025,11,18,0,15,5,-0.0063,0.591,-0.006,-344622.3,0.541,-0.005,1.094,11.36,0,-0.005,0.002,-0.049,-0.019,13.2,-1.5,0.7,100,0
"2025-11-18 00:27:00",111269,"",7999,2025,11,18,0,21,5,-0.0127,0.591,-0.012,-344626.2,0.541,-0.01,1.093,11.35,0,-0.01,-0.004,-0.021,-0.021,13.2,-1.5,0.7,100,0
"2025-11-18 00:30:00",111270,"",7999,2025,11,18,0,21,5,-0.0127,0.591,-0.012,-344626.2,0.541,-0.01,1.093,11.35,0,-0.01,-0.004,-0.021,-0.021,13.2,-1.5,0.7,100,0
"2025-11-18 00:33:00",111271,"",7999,2025,11,18,0,27,5,-0.0031,0.587,-0.003,-344628.5,0.537,-0.002,1.086,11.34,0,-0.002,0.002,-0.03,0,13.2,-1.5,0.7,100,0
"2025-11-18 00:36:00",111272,"",7999,2025,11,18,0,27,5,-0.0031,0.587,-0.003,-344628.5,0.537,-0.002,1.086,11.34,0,-0.002,0.002,-0.03,0,13.2,-1.5,0.7,100,0
"2025-11-18 00:39:00",111273,"",7999,2025,11,18,0,33,5,0.0013,0.586,0.001,-344628.5,0.536,0.001,1.085,11.34,0,0.001,0.001,-0.009,-0.005,13.2,-1.6,0.7,100,0
"2025-11-18 00:42:00",111274,"",7999,2025,11,18,0,33,5,0.0013,0.586,0.001,-344628.5,0.536,0.001,1.085,11.34,0,0.001,0.001,-0.009,-0.005,13.2,-1.6,0.7,100,0
"2025-11-18 00:45:00",111275,"",7999,2025,11,18,0,39,5,-0.0023,0.595,-0.002,-344628.9,0.545,-0.002,1.102,11.38,0,-0.002,0,-0.012,-0.026,13.2,-1.5,0.7,100,0
"2025-11-18 00:48:00",111276,"",7999,2025,11,18,0,39,5,-0.0023,0.595,-0.002,-344628.9,0.545,-0.002,1.102,11.38,0,-0.002,0,-0.012,-0.026,13.2,-1.5,0.7,100,0
"2025-11-18 00:51:00",111277,"",7999,2025,11,18,0,45,5,-0.0027,0.6,-0.003,-344629.9,0.55,-0.001,1.11,11.39,0,-0.001,-0.001,-0.012,-0.028,13.2,-1.6,0.7,100,0
"2025-11-18 00:54:00",111278,"",7999,2025,11,18,0,45,5,-0.0027,0.6,-0.003,-344629.9,0.55,-0.001,1.11,11.39,0,-0.001,-0.001,-0.012,-0.028,13.2,-1.6,0.7,100,0
"2025-11-18 00:57:00",111279,"",7999,2025,11,18,0,51,5,0.0009,0.606,0.001,-344630,0.556,0.001,1.122,11.38,0,0.001,0.001,-0.03,-0.026,13.2,-1.5,0.7,100,0
"2025-11-18 01:00:00",111280,"",7999,2025,11,18,0,51,5,0.0009,0.606,0.001,-344630,0.556,0.001,1.122,11.38,0,0.001,0.001,-0.03,-0.026,13.2,-1.5,0.7,100,0
"2025-11-18 01:03:00",111281,"",7999,2025,11,18,0,57,5,0.0096,0.613,0.008,-344627.6,0.563,0.007,1.134,11.36,0,0.007,0.002,0.012,-0.012,13.2,-1.5,0.7,100,0
"2025-11-18 01:06:00",111282,"",7999,2025,11,18,0,57,5,0.0096,0.613,0.008,-344627.6,0.563,0.007,1.134,11.36,0,0.007,0.002,0.012,-0.012,13.2,-1.5,0.7,100,0
"2025-11-18 01:09:00",111283,"",7999,2025,11,18,1,3,5,0.0035,0.614,0.003,-344625.6,0.564,0.002,1.137,11.35,0,0.002,0,-0.002,-0.021,13.2,-1.6,0.7,100,0
"2025-11-18 01:12:00",111284,"",7999,2025,11,18,1,3,5,0.0035,0.614,0.003,-344625.6,0.564,0.002,1.137,11.35,0,0.002,0,-0.002,-0.021,13.2,-1.6,0.7,100,0
"2025-11-18 01:15:00",111285,"",7999,2025,11,18,1,9,5,-0.0005,0.623,-0.001,-344625.3,0.573,0,1.153,11.38,0,0,0,-0.019,-0.019,13.2,-1.6,0.7,100,0
"2025-11-18 01:18:00",111286,"",7999,2025,11,18,1,9,5,-0.0005,0.623,-0.001,-344625.3,0.573,0,1.153,11.38,0,0,0,-0.019,-0.019,13.2,-1.6,0.7,100,0
"2025-11-18 01:21:00",111287,"",7999,2025,11,18,1,15,5,-0.0037,0.628,-0.003,-344626.3,0.578,-0.004,1.162,11.4,0,-0.004,-0.002,-0.035,-0.017,13.2,-1.6,0.7,100,0
"2025-11-18 01:24:00",111288,"",7999,2025,11,18,1,15,5,-0.0037,0.628,-0.003,-344626.3,0.578,-0.004,1.162,11.4,0,-0.004,-0.002,-0.035,-0.017,13.2,-1.6,0.7,100,0
"2025-11-18 01:27:00",111289,"",7999,2025,11,18,1,21,5,-0.0064,0.63,-0.006,-344628.3,0.58,-0.004,1.165,11.37,0,-0.004,0.002,-0.033,-0.028,13.2,-1.6,0.7,100,0
"2025-11-18 01:30:00",111290,"",7999,2025,11,18,1,21,5,-0.0064,0.63,-0.006,-344628.3,0.58,-0.004,1.165,11.37,0,-0.004,0.002,-0.033,-0.028,13.2,-1.6,0.7,100,0
"2025-11-18 01:33:00",111291,"",7999,2025,11,18,1,27,5,0.0029,0.639,0.003,-344628.3,0.589,0.002,1.183,11.38,0,0.002,0.001,-0.026,-0.031,13.2,-1.5,0.7,100,0
"2025-11-18 01:36:00",111292,"",7999,2025,11,18,1,27,5,0.0029,0.639,0.003,-344628.3,0.589,0.002,1.183,11.38,0,0.002,0.001,-0.026,-0.031,13.2,-1.5,0.7,100,0
"2025-11-18 01:39:00",111293,"",7999,2025,11,18,1,33,5,0.0188,0.646,0.016,-344623.4,0.596,0.016,1.196,11.39,0,0.016,0.007,-0.023,-0.028,13.2,-1.6,0.7,100,0
"2025-11-18 01:42:00",111294,"",7999,2025,11,18,1,33,5,0.0188,0.646,0.016,-344623.4,0.596,0.016,1.196,11.39,0,0.016,0.007,-0.023,-0.028,13.2,-1.6,0.7,100,0
"2025-11-18 01:45:00",111295,"",7999,2025,11,18,1,39,5,-0.0041,0.654,-0.003,-344622.2,0.604,-0.002,1.211,11.4,0,-0.002,-0.002,0,-0.021,13.2,-1.6,0.7,100,0
"2025-11-18 01:48:00",111296,"",7999,2025,11,18,1,39,5,-0.0041,0.654,-0.003,-344622.2,0.604,-0.002,1.211,11.4,0,-0.002,-0.002,0,-0.021,13.2,-1.6,0.7,100,0
"2025-11-18 01:51:00",111297,"",7999,2025,11,18,1,45,5,0.0064,0.661,0.005,-344621.1,0.611,0.004,1.223,11.38,0,0.004,-0.001,-0.035,-0.019,13.2,-1.6,0.7,100,0
"2025-11-18 01:54:00",111298,"",7999,2025,11,18,1,45,5,0.0064,0.661,0.005,-344621.1,0.611,0.004,1.223,11.38,0,0.004,-0.001,-0.035,-0.019,13.2,-1.6,0.7,100,0
"2025-11-18 01:57:00",111299,"",7999,2025,11,18,1,51,5,-0.0034,0.653,-0.003,-344621.2,0.603,-0.002,1.209,11.38,0,-0.002,0,-0.03,-0.028,13.2,-1.5,0.7,100,0
"2025-11-18 02:00:00",111300,"",7999,2025,11,18,1,51,5,-0.0034,0.653,-0.003,-344621.2,0.603,-0.002,1.209,11.38,0,-0.002,0,-0.03,-0.028,13.2,-1.5,0.7,100,0
"2025-11-18 02:03:00",111301,"",7999,2025,11,18,1,57,5,-0.0123,0.648,-0.01,-344624.5,0.598,-0.008,1.198,11.39,0,-0.008,-0.001,-0.007,-0.033,13.2,-1.5,0.7,100,0
"2025-11-18 02:06:00",111302,"",7999,2025,11,18,1,57,5,-0.0123,0.648,-0.01,-344624.5,0.598,-0.008,1.198,11.39,0,-0.008,-0.001,-0.007,-0.033,13.2,-1.5,0.7,100,0
"2025-11-18 02:09:00",111303,"",7999,2025,11,18,2,3,5,-0.0025,0.65,-0.002,-344626.7,0.6,-0.002,1.203,11.39,0,-0.002,0.004,-0.021,-0.038,13.2,-1.6,0.7,100,0
"2025-11-18 02:12:00",111304,"",7999,2025,11,18,2,3,5,-0.0025,0.65,-0.002,-344626.7,0.6,-0.002,1.203,11.39,0,-0.002,0.004,-0.021,-0.038,13.2,-1.6,0.7,100,0
"2025-11-18 02:15:00",111305,"",7999,2025,11,18,2,9,5,0.0009,0.65,0.001,-344626.8,0.6,0.001,1.203,11.23,0,0.001,0.003,-0.042,-0.024,13.2,-1.6,0.7,100,0
"2025-11-18 02:18:00",111306,"",7999,2025,11,18,2,9,5,0.0009,0.65,0.001,-344626.8,0.6,0.001,1.203,11.23,0,0.001,0.003,-0.042,-0.024,13.2,-1.6,0.7,100,0
"2025-11-18 02:21:00",111307,"",7999,2025,11,18,2,15,5,0.0005,0.649,0,-344626.5,0.599,0,1.2,10.89,0,0,0,0,-0.017,13.2,-1.5,0.7,100,0
"2025-11-18 02:24:00",111308,"",7999,2025,11,18,2,15,5,0.0005,0.649,0,-344626.5,0.599,0,1.2,10.89,0,0,0,0,-0.017,13.2,-1.5,0.7,100,0
"2025-11-18 02:27:00",111309,"",7999,2025,11,18,2,21,5,-0.0021,0.643,-0.002,-344627,0.593,-0.001,1.19,10.82,0,-0.001,0.001,-0.012,-0.031,13.19,-1.5,0.7,100,0
"2025-11-18 02:30:00",111310,"",7999,2025,11,18,2,21,5,-0.0021,0.643,-0.002,-344627,0.593,-0.001,1.19,10.82,0,-0.001,0.001,-0.012,-0.031,13.19,-1.5,0.7,100,0
"2025-11-18 02:33:00",111311,"",7999,2025,11,18,2,27,5,-0.0061,0.637,-0.005,-344628.7,0.587,-0.005,1.179,10.79,0,-0.005,-0.002,-0.014,-0.019,13.19,-1.5,0.7,100,0
"2025-11-18 02:36:00",111312,"",7999,2025,11,18,2,27,5,-0.0061,0.637,-0.005,-344628.7,0.587,-0.005,1.179,10.79,0,-0.005,-0.002,-0.014,-0.019,13.19,-1.5,0.7,100,0
"2025-11-18 02:39:00",111313,"",7999,2025,11,18,2,33,5,0.0092,0.636,0.008,-344627.3,0.586,0.007,1.177,10.74,0,0.007,0.002,-0.019,-0.017,13.19,-1.5,0.7,100,0
"2025-11-18 02:42:00",111314,"",7999,2025,11,18,2,33,5,0.0092,0.636,0.008,-344627.3,0.586,0.007,1.177,10.74,0,0.007,0.002,-0.019,-0.017,13.19,-1.5,0.7,100,0
"2025-11-18 02:45:00",111315,"",7999,2025,11,18,2,39,5,0.0001,0.636,0,-344626.1,0.586,0,1.176,10.58,0,0,0,0.002,-0.009,13.19,-1.5,0.7,100,0
"2025-11-18 02:48:00",111316,"",7999,2025,11,18,2,39,5,0.0001,0.636,0,-344626.1,0.586,0,1.176,10.58,0,0,0,0.002,-0.009,13.19,-1.5,0.7,100,0
"2025-11-18 02:51:00",111317,"",7999,2025,11,18,2,45,5,-0.0041,0.637,-0.004,-344627.1,0.587,-0.004,1.179,10.42,0,-0.004,-0.002,0.005,-0.017,13.19,-1.5,0.7,100,0
"2025-11-18 02:54:00",111318,"",7999,2025,11,18,2,45,5,-0.0041,0.637,-0.004,-344627.1,0.587,-0.004,1.179,10.42,0,-0.004,-0.002,0.005,-0.017,13.19,-1.5,0.7,100,0
"2025-11-18 02:57:00",111319,"",7999,2025,11,18,2,51,5,0.0084,0.642,0.007,-344625.6,0.592,0.007,1.188,10.47,0,0.007,0.003,-0.005,-0.017,13.19,-1.5,0.7,100,0
"2025-11-18 03:00:00",111320,"",7999,2025,11,18,2,51,5,0.0084,0.642,0.007,-344625.6,0.592,0.007,1.188,10.47,0,0.007,0.003,-0.005,-0.017,13.19,-1.5,0.7,100,0
"2025-11-18 03:03:00",111321,"",7999,2025,11,18,2,57,5,0.0035,0.643,0.003,-344623.7,0.593,0.002,1.189,10.58,0,0.002,0.001,-0.028,-0.026,13.19,-1.5,0.7,100,0
"2025-11-18 03:06:00",111322,"",7999,2025,11,18,2,57,5,0.0035,0.643,0.003,-344623.7,0.593,0.002,1.189,10.58,0,0.002,0.001,-0.028,-0.026,13.19,-1.5,0.7,100,0
"2025-11-18 03:09:00",111323,"",7999,2025,11,18,3,3,5,0.0062,0.641,0.005,-344621.8,0.591,0.005,1.186,10.66,0,0.005,0.002,-0.012,-0.009,13.19,-1.5,0.7,100,0
"2025-11-18 03:12:00",111324,"",7999,2025,11,18,3,3,5,0.0062,0.641,0.005,-344621.8,0.591,0.005,1.186,10.66,0,0.005,0.002,-0.012,-0.009,13.19,-1.5,0.7,100,0
"2025-11-18 03:15:00",111325,"",7999,2025,11,18,3,9,5,0.0001,0.644,0,-344621,0.594,0.001,1.191,10.72,0,0.001,0.002,-0.012,-0.014,13.19,-1.5,0.7,100,0
"2025-11-18 03:18:00",111326,"",7999,2025,11,18,3,9,5,0.0001,0.644,0,-344621,0.594,0.001,1.191,10.72,0,0.001,0.002,-0.012,-0.014,13.19,-1.5,0.7,100,0
"2025-11-18 03:21:00",111327,"",7999,2025,11,18,3,15,5,0.0091,0.643,0.008,-344618.8,0.593,0.008,1.19,10.64,0,0.008,0.006,-0.016,-0.021,13.19,-1.5,0.7,100,0
"2025-11-18 03:24:00",111328,"",7999,2025,11,18,3,15,5,0.0091,0.643,0.008,-344618.8,0.593,0.008,1.19,10.64,0,0.008,0.006,-0.016,-0.021,13.19,-1.5,0.7,100,0
"2025-11-18 03:27:00",111329,"",7999,2025,11,18,3,21,5,-0.004,0.639,-0.003,-344618.7,0.589,-0.001,1.182,10.55,0,-0.001,-0.001,-0.033,-0.024,13.19,-1.5,0.7,100,0
"2025-11-18 03:30:00",111330,"",7999,2025,11,18,3,21,5,-0.004,0.639,-0.003,-344618.7,0.589,-0.001,1.182,10.55,0,-0.001,-0.001,-0.033,-0.024,13.19,-1.5,0.7,100,0
"2025-11-18 03:33:00",111331,"",7999,2025,11,18,3,27,5,-0.0056,0.635,-0.005,-344620.5,0.585,-0.004,1.175,10.6,0,-0.004,0.001,-0.019,-0.005,13.19,-1.5,0.7,100,0
"2025-11-18 03:36:00",111332,"",7999,2025,11,18,3,27,5,-0.0056,0.635,-0.005,-344620.5,0.585,-0.004,1.175,10.6,0,-0.004,0.001,-0.019,-0.005,13.19,-1.5,0.7,100,0
"2025-11-18 03:39:00",111333,"",7999,2025,11,18,3,33,5,0.0005,0.635,0,-344621,0.585,0,1.175,10.59,0,0,0.001,-0.07,-0.019,13.19,-1.5,0.7,100,0
"2025-11-18 03:42:00",111334,"",7999,2025,11,18,3,33,5,0.0005,0.635,0,-344621,0.585,0,1.175,10.59,0,0,0.001,-0.07,-0.019,13.19,-1.5,0.7,100,0
"2025-11-18 03:45:00",111335,"",7999,2025,11,18,3,39,5,0.0009,0.634,0.001,-344620.8,0.584,0.002,1.173,10.51,0,0.002,0.001,0,-0.009,13.19,-1.5,0.7,100,0
"2025-11-18 03:48:00",111336,"",7999,2025,11,18,3,39,5,0.0009,0.634,0.001,-344620.8,0.584,0.002,1.173,10.51,0,0.002,0.001,0,-0.009,13.19,-1.5,0.7,100,0
"2025-11-18 03:51:00",111337,"",7999,2025,11,18,3,45,5,-0.0029,0.627,-0.003,-344621.3,0.577,-0.002,1.16,10.33,0,-0.002,-0.001,0,0,13.19,-1.5,0.7,100,0
"2025-11-18 03:54:00",111338,"",7999,2025,11,18,3,45,5,-0.0029,0.627,-0.003,-344621.3,0.577,-0.002,1.16,10.33,0,-0.002,-0.001,0,0,13.19,-1.5,0.7,100,0
"2025-11-18 03:57:00",111339,"",7999,2025,11,18,3,51,5,0.0082,0.616,0.007,-344619.8,0.566,0.007,1.139,10.42,0,0.007,0.003,-0.005,-0.021,13.19,-1.5,0.7,100,0
"2025-11-18 04:00:00",111340,"",7999,2025,11,18,3,51,5,0.0082,0.616,0.007,-344619.8,0.566,0.007,1.139,10.42,0,0.007,0.003,-0.005,-0.021,13.19,-1.5,0.7,100,0
"2025-11-18 04:03:00",111341,"",7999,2025,11,18,3,57,5,0.0056,0.268,0.011,-344617.4,0.218,0.011,0.497,10.48,0,0.011,0,0.002,-0.028,13.19,-1.5,0.7,100,0
"2025-11-18 04:06:00",111342,"",7999,2025,11,18,3,57,5,0.0056,0.268,0.011,-344617.4,0.218,0.011,0.497,10.48,0,0.011,0,0.002,-0.028,13.19,-1.5,0.7,100,0
"2025-11-18 04:09:00",111343,"",7999,2025,11,18,4,3,5,-0.0035,0.605,-0.003,-344617.6,0.555,-0.001,1.12,10.45,0,-0.001,-0.001,-0.002,-0.009,13.19,-1.5,0.7,100,0
"2025-11-18 04:12:00",111344,"",7999,2025,11,18,4,3,5,-0.0035,0.605,-0.003,-344617.6,0.555,-0.001,1.12,10.45,0,-0.001,-0.001,-0.002,-0.009,13.19,-1.5,0.7,100,0
"2025-11-18 04:15:00",111345,"",7999,2025,11,18,4,9,5,-0.0114,0.602,-0.01,-344620.7,0.552,-0.01,1.114,10.36,0,-0.01,-0.004,0,-0.007,13.19,-1.5,0.7,100,0
"2025-11-18 04:18:00",111346,"",7999,2025,11,18,4,9,5,-0.0114,0.602,-0.01,-344620.7,0.552,-0.01,1.114,10.36,0,-0.01,-0.004,0,-0.007,13.19,-1.5,0.7,100,0
"2025-11-18 04:21:00",111347,"",7999,2025,11,18,4,15,5,0.0047,0.597,0.004,-344621,0.547,0.004,1.104,10.38,0,0.004,0.001,0.002,-0.017,13.19,-1.5,0.7,100,0
"2025-11-18 04:24:00",111348,"",7999,2025,11,18,4,15,5,0.0047,0.597,0.004,-344621,0.547,0.004,1.104,10.38,0,0.004,0.001,0.002,-0.017,13.19,-1.5,0.7,100,0
"2025-11-18 04:27:00",111349,"",7999,2025,11,18,4,21,5,0.0003,0.592,0,-344620.3,0.542,0.001,1.096,10.43,0,0.001,0.004,-0.007,-0.017,13.19,-1.5,0.7,100,0
"2025-11-18 04:30:00",111350,"",7999,2025,11,18,4,21,5,0.0003,0.592,0,-344620.3,0.542,0.001,1.096,10.43,0,0.001,0.004,-0.007,-0.017,13.19,-1.5,0.7,100,0
"2025-11-18 04:33:00",111351,"",7999,2025,11,18,4,27,5,-0.0007,0.588,-0.001,-344620.5,0.538,0,1.088,10.48,0,0,0,-0.021,-0.021,13.19,-1.5,0.7,100,0
"2025-11-18 04:36:00",111352,"",7999,2025,11,18,4,27,5,-0.0007,0.588,-0.001,-344620.5,0.538,0,1.088,10.48,0,0,0,-0.021,-0.021,13.19,-1.5,0.7,100,0
"2025-11-18 04:39:00",111353,"",7999,2025,11,18,4,33,5,0.0088,0.582,0.008,-344618.4,0.532,0.008,1.078,10.48,0,0.008,0.002,-0.005,-0.021,13.19,-1.5,0.7,100,0
"2025-11-18 04:42:00",111354,"",7999,2025,11,18,4,33,5,0.0088,0.582,0.008,-344618.4,0.532,0.008,1.078,10.48,0,0.008,0.002,-0.005,-0.021,13.19,-1.5,0.7,100,0
"2025-11-18 04:45:00",111355,"",7999,2025,11,18,4,39,5,0.016,0.575,0.015,-344613.5,0.525,0.016,1.064,10.46,0,0.016,0.003,0.007,-0.024,13.19,-1.5,0.7,100,0
"2025-11-18 04:48:00",111356,"",7999,2025,11,18,4,39,5,0.016,0.575,0.015,-344613.5,0.525,0.016,1.064,10.46,0,0.016,0.003,0.007,-0.024,13.19,-1.5,0.7,100,0
"2025-11-18 04:51:00",111357,"",7999,2025,11,18,4,45,5,-0.0034,0.572,-0.003,-344612.4,0.522,-0.004,1.058,10.46,0,-0.004,-0.001,0.009,-0.017,13.19,-1.5,0.7,100,0
"2025-11-18 04:54:00",111358,"",7999,2025,11,18,4,45,5,-0.0034,0.572,-0.003,-344612.4,0.522,-0.004,1.058,10.46,0,-0.004,-0.001,0.009,-0.017,13.19,-1.5,0.7,100,0
"2025-11-18 04:57:00",111359,"",7999,2025,11,18,4,51,5,0.003,0.568,0.003,-344612.1,0.518,0.004,1.051,10.48,0,0.004,0.004,-0.012,-0.002,13.19,-1.5,0.7,100,0
"2025-11-18 05:00:00",111360,"",7999,2025,11,18,4,51,5,0.003,0.568,0.003,-344612.1,0.518,0.004,1.051,10.48,0,0.004,0.004,-0.012,-0.002,13.19,-1.5,0.7,100,0
"2025-11-18 05:03:00",111361,"",7999,2025,11,18,4,57,5,-0.0004,0.568,0,-344611.8,0.518,0,1.051,10.41,0,0,0,-0.002,-0.012,13.19,-1.5,0.7,100,0
"2025-11-18 05:06:00",111362,"",7999,2025,11,18,4,57,5,-0.0004,0.568,0,-344611.8,0.518,0,1.051,10.41,0,0,0,-0.002,-0.012,13.19,-1.5,0.7,100,0
"2025-11-18 05:09:00",111363,"",7999,2025,11,18,5,3,5,0.0198,0.564,0.019,-344607.1,0.514,0.018,1.043,10.44,0,0.018,0.008,-0.005,-0.017,13.19,-1.5,0.7,100,0
"2025-11-18 05:12:00",111364,"",7999,2025,11,18,5,3,5,0.0198,0.564,0.019,-344607.1,0.514,0.018,1.043,10.44,0,0.018,0.008,-0.005,-0.017,13.19,-1.5,0.7,100,0
"2025-11-18 05:15:00",111365,"",7999,2025,11,18,5,9,5,0.006,0.559,0.006,-344603.3,0.509,0.005,1.035,10.44,0,0.005,0.002,-0.007,-0.019,13.19,-1.5,0.7,100,0
"2025-11-18 05:18:00",111366,"",7999,2025,11,18,5,9,5,0.006,0.559,0.006,-344603.3,0.509,0.005,1.035,10.44,0,0.005,0.002,-0.007,-0.019,13.19,-1.5,0.7,100,0
"2025-11-18 05:21:00",111367,"",7999,2025,11,18,5,15,5,-0.0006,0.55,-0.001,-344602.7,0.5,-0.001,1.017,10.42,0,-0.001,0.002,-0.012,-0.005,13.19,-1.5,0.7,100,0
"2025-11-18 05:24:00",111368,"",7999,2025,11,18,5,15,5,-0.0006,0.55,-0.001,-344602.7,0.5,-0.001,1.017,10.42,0,-0.001,0.002,-0.012,-0.005,13.19,-1.5,0.7,100,0
"2025-11-18 05:27:00",111369,"",7999,2025,11,18,5,21,5,0,0.117,0,-344602.8,0.067,0,0.217,10.36,0,0,0,0,0,13.19,-1.5,0.7,100,0
"2025-11-18 05:30:00",111370,"",7999,2025,11,18,5,21,5,0,0.117,0,-344602.8,0.067,0,0.217,10.36,0,0,0,0,0,13.19,-1.5,0.7,100,0
"2025-11-18 05:33:00",111371,"",7999,2025,11,18,5,27,5,0.002,0.428,0.003,-344602.3,0.378,0.001,0.792,10.37,0,0.001,-0.001,-0.023,-0.014,13.19,-1.5,0.7,100,0
"2025-11-18 05:36:00",111372,"",7999,2025,11,18,5,27,5,0.002,0.428,0.003,-344602.3,0.378,0.001,0.792,10.37,0,0.001,-0.001,-0.023,-0.014,13.19,-1.5,0.7,100,0
"2025-11-18 05:39:00",111373,"",7999,2025,11,18,5,33,5,0.0011,0.528,0.001,-344601.8,0.478,0,0.978,10.38,0,0,0,-0.023,-0.012,13.19,-1.5,0.7,100,0
"2025-11-18 05:42:00",111374,"",7999,2025,11,18,5,33,5,0.0011,0.528,0.001,-344601.8,0.478,0,0.978,10.38,0,0,0,-0.023,-0.012,13.19,-1.5,0.7,100,0
"2025-11-18 05:45:00",111375,"",7999,2025,11,18,5,39,5,-0.0014,0.524,-0.002,-344602,0.474,-0.001,0.969,10.39,0,-0.001,-0.001,-0.019,-0.014,13.19,-1.5,0.7,100,0
"2025-11-18 05:48:00",111376,"",7999,2025,11,18,5,39,5,-0.0014,0.524,-0.002,-344602,0.474,-0.001,0.969,10.39,0,-0.001,-0.001,-0.019,-0.014,13.19,-1.5,0.7,100,0
"2025-11-18 05:51:00",111377,"",7999,2025,11,18,5,45,5,0.0173,0.147,0.064,-344598,0.097,0.068,0.273,10.38,0,0.068,0.03,0,0,13.19,-1.5,0.7,100,0
"2025-11-18 05:54:00",111378,"",7999,2025,11,18,5,45,5,0.0173,0.147,0.064,-344598,0.097,0.068,0.273,10.38,0,0.068,0.03,0,0,13.19,-1.5,0.7,100,0
"2025-11-18 05:57:00",111379,"",7999,2025,11,18,5,51,5,-0.0055,0.515,-0.006,-344597.3,0.465,-0.005,0.953,10.41,0,-0.005,0.002,-0.005,-0.017,13.19,-1.6,0.7,98,0
"2025-11-18 06:00:00",111380,"",7999,2025,11,18,5,51,5,-0.0055,0.515,-0.006,-344597.3,0.465,-0.005,0.953,10.41,0,-0.005,0.002,-0.005,-0.017,13.19,-1.6,0.7,98,0
"2025-11-18 06:03:00",111381,"",7999,2025,11,18,5,57,5,-0.0003,0.511,0,-344598,0.461,0,0.945,10.4,0,0,0,-0.007,-0.017,13.19,-1.5,0.7,100,0
"2025-11-18 06:06:00",111382,"",7999,2025,11,18,5,57,5,-0.0003,0.511,0,-344598,0.461,0,0.945,10.4,0,0,0,-0.007,-0.017,13.19,-1.5,0.7,100,0
"2025-11-18 06:09:00",111383,"",7999,2025,11,18,6,3,5,-0.0006,0.507,-0.001,-344598.2,0.457,0,0.939,10.38,0,0,-0.001,-0.026,-0.019,13.19,-1.6,0.7,100,0
"2025-11-18 06:12:00",111384,"",7999,2025,11,18,6,3,5,-0.0006,0.507,-0.001,-344598.2,0.457,0,0.939,10.38,0,0,-0.001,-0.026,-0.019,13.19,-1.6,0.7,100,0
"2025-11-18 06:15:00",111385,"",7999,2025,11,18,6,9,5,-0.0028,0.504,-0.003,-344599,0.454,-0.002,0.933,10.35,0,-0.002,-0.001,-0.005,-0.007,13.19,-1.6,0.7,100,0
"2025-11-18 06:18:00",111386,"",7999,2025,11,18,6,9,5,-0.0028,0.504,-0.003,-344599,0.454,-0.002,0.933,10.35,0,-0.002,-0.001,-0.005,-0.007,13.19,-1.6,0.7,100,0
"2025-11-18 06:21:00",111387,"",7999,2025,11,18,6,15,5,-0.0029,0.202,-0.008,-344600,0.152,-0.007,0.374,10.32,0,-0.007,-0.003,0,0,13.19,-1.6,0.7,100,0
"2025-11-18 06:24:00",111388,"",7999,2025,11,18,6,15,5,-0.0029,0.202,-0.008,-344600,0.152,-0.007,0.374,10.32,0,-0.007,-0.003,0,0,13.19,-1.6,0.7,100,0
"2025-11-18 06:27:00",111389,"",7999,2025,11,18,6,21,5,0.0011,0.222,0.003,-344600.1,0.172,0.001,0.412,10.28,0,0.001,-0.001,0,0.028,13.19,-1.6,0.7,100,0
"2025-11-18 06:30:00",111390,"",7999,2025,11,18,6,21,5,0.0011,0.222,0.003,-344600.1,0.172,0.001,0.412,10.28,0,0.001,-0.001,0,0.028,13.19,-1.6,0.7,100,0
"2025-11-18 06:33:00",111391,"",7999,2025,11,18,6,27,5,-0.0119,0.2,-0.032,-344602.8,0.15,-0.033,0.37,10.24,0,-0.033,-0.012,0,0,13.19,-1.6,0.7,100,0
"2025-11-18 06:36:00",111392,"",7999,2025,11,18,6,27,5,-0.0119,0.2,-0.032,-344602.8,0.15,-0.033,0.37,10.24,0,-0.033,-0.012,0,0,13.19,-1.6,0.7,100,0
"2025-11-18 06:39:00",111393,"",7999,2025,11,18,6,33,5,0.01,0.187,0.029,-344601.8,0.137,0.031,0.346,10.24,0,0.031,-0.025,0,0,13.19,-1.6,0.7,100,0
"2025-11-18 06:42:00",111394,"",7999,2025,11,18,6,33,5,0.01,0.187,0.029,-344601.8,0.137,0.031,0.346,10.24,0,0.031,-0.025,0,0,13.19,-1.6,0.7,100,0
"2025-11-18 06:45:00",111395,"",7999,2025,11,18,6,39,5,0.0076,0.176,0.023,-344598.8,0.126,0.025,0.327,10.24,0,0.025,0.005,0,0,13.19,-1.5,0.7,100,0
"2025-11-18 06:48:00",111396,"",7999,2025,11,18,6,39,5,0.0076,0.176,0.023,-344598.8,0.126,0.025,0.327,10.24,0,0.025,0.005,0,0,13.19,-1.5,0.7,100,0
"2025-11-18 06:51:00",111397,"",7999,2025,11,18,6,45,5,-0.0007,0.162,-0.003,-344598.1,0.112,-0.003,0.3,10.18,0,-0.003,-0.076,0,0,13.19,-1.6,0.7,100,0
"2025-11-18 06:54:00",111398,"",7999,2025,11,18,6,45,5,-0.0007,0.162,-0.003,-344598.1,0.112,-0.003,0.3,10.18,0,-0.003,-0.076,0,0,13.19,-1.6,0.7,100,0
"2025-11-18 06:57:00",111399,"",7999,2025,11,18,6,51,5,-0.0135,0.155,-0.047,-344601.4,0.105,-0.052,0.287,10.18,0,-0.052,0.025,0,0,13.19,-1.6,0.7,100,0
"2025-11-18 07:00:00",111400,"",7999,2025,11,18,6,51,5,-0.0135,0.155,-0.047,-344601.4,0.105,-0.052,0.287,10.18,0,-0.052,0.025,0,0,13.19,-1.6,0.7,100,0
"2025-11-18 07:03:00",111401,"",7999,2025,11,18,6,57,5,-0.0063,0.167,-0.02,-344604.6,0.117,-0.022,0.31,10.17,0,-0.022,-0.002,0,0,13.19,-1.6,0.7,100,0
"2025-11-18 07:06:00",111402,"",7999,2025,11,18,6,57,5,-0.0063,0.167,-0.02,-344604.6,0.117,-0.022,0.31,10.17,0,-0.022,-0.002,0,0,13.19,-1.6,0.7,100,0
"2025-11-18 07:09:00",111403,"",7999,2025,11,18,7,3,5,-0.0616,0.157,-0.211,-344620.2,0.107,-0.228,0.291,10.15,0,-0.228,-0.022,0,0,13.19,-1.6,0.7,100,0
"2025-11-18 07:12:00",111404,"",7999,2025,11,18,7,3,5,-0.0616,0.157,-0.211,-344620.2,0.107,-0.228,0.291,10.15,0,-0.228,-0.022,0,0,13.19,-1.6,0.7,100,0
"2025-11-18 07:15:00",111405,"",7999,2025,11,18,7,9,5,0.0028,0.139,0.011,-344626.8,0.089,0.012,0.257,10.13,0,0.012,0.018,0,0,13.19,-1.6,0.7,100,0
"2025-11-18 07:18:00",111406,"",7999,2025,11,18,7,9,5,0.0028,0.139,0.011,-344626.8,0.089,0.012,0.257,10.13,0,0.012,0.018,0,0,13.19,-1.6,0.7,100,0
"2025-11-18 07:21:00",111407,"",7999,2025,11,18,7,15,5,-0.003,0.146,-0.011,-344627.3,0.096,-0.012,0.271,10.13,0,-0.012,-0.021,0,0,13.19,-1.6,0.7,100,0
"2025-11-18 07:24:00",111408,"",7999,2025,11,18,7,15,5,-0.003,0.146,-0.011,-344627.3,0.096,-0.012,0.271,10.13,0,-0.012,-0.021,0,0,13.19,-1.6,0.7,100,0
"2025-11-18 07:27:00",111409,"",7999,2025,11,18,7,21,5,-0.0058,0.131,-0.024,-344629,0.081,-0.026,0.243,10.1,0,-0.026,-0.04,0,0,13.19,-1.6,0.7,99,0
"2025-11-18 07:30:00",111410,"",7999,2025,11,18,7,21,5,-0.0058,0.131,-0.024,-344629,0.081,-0.026,0.243,10.1,0,-0.026,-0.04,0,0,13.19,-1.6,0.7,99,0
"2025-11-18 07:33:00",111411,"",7999,2025,11,18,7,27,5,-0.0038,0.138,-0.015,-344630.6,0.088,-0.016,0.256,10.09,0,-0.016,0.031,0,0,13.19,-1.6,0.7,100,0
"2025-11-18 07:36:00",111412,"",7999,2025,11,18,7,27,5,-0.0038,0.138,-0.015,-344630.6,0.088,-0.016,0.256,10.09,0,-0.016,0.031,0,0,13.19,-1.6,0.7,100,0
"2025-11-18 07:39:00",111413,"",7999,2025,11,18,7,33,5,-0.0188,0.144,-0.071,-344635.6,0.094,-0.076,0.266,10.04,0,-0.076,-0.022,0,0,13.19,-1.6,0.7,100,0
"2025-11-18 07:42:00",111414,"",7999,2025,11,18,7,33,5,-0.0188,0.144,-0.071,-344635.6,0.094,-0.076,0.266,10.04,0,-0.076,-0.022,0,0,13.19,-1.6,0.7,100,0
"2025-11-18 07:45:00",111415,"",7999,2025,11,18,7,39,5,-0.004,0.145,-0.015,-344638.8,0.095,-0.016,0.269,10.05,0,-0.016,0.009,0,0,13.19,-1.6,0.7,100,0
"2025-11-18 07:48:00",111416,"",7999,2025,11,18,7,39,5,-0.004,0.145,-0.015,-344638.8,0.095,-0.016,0.269,10.05,0,-0.016,0.009,0,0,13.19,-1.6,0.7,100,0
"2025-11-18 07:51:00",111417,"",7999,2025,11,18,7,45,5,-0.0047,0.152,-0.017,-344640.5,0.102,-0.018,0.282,10.02,0,-0.018,0.011,0,0,13.19,-1.6,0.7,100,0
"2025-11-18 07:54:00",111418,"",7999,2025,11,18,7,45,5,-0.0047,0.152,-0.017,-344640.5,0.102,-0.018,0.282,10.02,0,-0.018,0.011,0,0,13.19,-1.6,0.7,100,0
"2025-11-18 07:57:00",111419,"",7999,2025,11,18,7,51,5,0.0203,0.134,0.081,-344636.2,0.084,0.088,0.249,10.02,0,0.088,-0.02,0,0,13.19,-1.6,0.7,100,0
"2025-11-18 08:00:00",111420,"",7999,2025,11,18,7,51,5,0.0203,0.134,0.081,-344636.2,0.084,0.088,0.249,10.02,0,0.088,-0.02,0,0,13.19,-1.6,0.7,100,0
"2025-11-18 08:03:00",111421,"",7999,2025,11,18,7,57,5,-0.0267,0.142,-0.101,-344640.1,0.092,-0.109,0.263,10.02,0,-0.109,0.057,0,0,13.19,-1.6,0.6,100,0
"2025-11-18 08:06:00",111422,"",7999,2025,11,18,7,57,5,-0.0267,0.142,-0.101,-344640.1,0.092,-0.109,0.263,10.02,0,-0.109,0.057,0,0,13.19,-1.6,0.6,100,0
"2025-11-18 08:09:00",111423,"",7999,2025,11,18,8,3,5,-0.007,0.137,-0.028,-344645,0.087,-0.03,0.253,10.05,0,-0.03,-0.011,0,0,13.19,-1.7,0.6,100,0
"2025-11-18 08:12:00",111424,"",7999,2025,11,18,8,3,5,-0.007,0.137,-0.028,-344645,0.087,-0.03,0.253,10.05,0,-0.03,-0.011,0,0,13.19,-1.7,0.6,100,0
"2025-11-18 08:15:00",111425,"",7999,2025,11,18,8,9,5,0.0172,0.133,0.07,-344641.8,0.083,0.076,0.246,10.07,0,0.076,0.05,0,0,13.19,-1.7,0.6,98,0
"2025-11-18 08:18:00",111426,"",7999,2025,11,18,8,9,5,0.0172,0.133,0.07,-344641.8,0.083,0.076,0.246,10.07,0,0.076,0.05,0,0,13.19,-1.7,0.6,98,0
"2025-11-18 08:21:00",111427,"",7999,2025,11,18,8,15,5,-0.0141,0.131,-0.058,-344643.1,0.081,-0.063,0.243,10.05,0,-0.063,0.01,0,0,13.19,-1.7,0.6,100,0
"2025-11-18 08:24:00",111428,"",7999,2025,11,18,8,15,5,-0.0141,0.131,-0.058,-344643.1,0.081,-0.063,0.243,10.05,0,-0.063,0.01,0,0,13.19,-1.7,0.6,100,0
"2025-11-18 08:27:00",111429,"",7999,2025,11,18,8,21,5,0.0125,0.143,0.047,-344641.8,0.093,0.051,0.264,10.01,0,0.051,-0.002,0,0,13.19,-1.7,0.6,99,0
"2025-11-18 08:30:00",111430,"",7999,2025,11,18,8,21,5,0.0125,0.143,0.047,-344641.8,0.093,0.051,0.264,10.01,0,0.051,-0.002,0,0,13.19,-1.7,0.6,99,0
"2025-11-18 08:33:00",111431,"",7999,2025,11,18,8,27,5,-0.0038,0.141,-0.015,-344641.2,0.091,-0.016,0.261,10.05,0,-0.016,-0.025,0,0,13.19,-1.7,0.6,100,0
"2025-11-18 08:36:00",111432,"",7999,2025,11,18,8,27,5,-0.0038,0.141,-0.015,-344641.2,0.091,-0.016,0.261,10.05,0,-0.016,-0.025,0,0,13.19,-1.7,0.6,100,0
"2025-11-18 08:39:00",111433,"",7999,2025,11,18,8,33,5,-0.0045,0.154,-0.016,-344642.8,0.104,-0.017,0.285,10.08,0,-0.017,-0.003,0,0,13.19,-1.7,0.6,99,0
"2025-11-18 08:42:00",111434,"",7999,2025,11,18,8,33,5,-0.0045,0.154,-0.016,-344642.8,0.104,-0.017,0.285,10.08,0,-0.017,-0.003,0,0,13.19,-1.7,0.6,99,0
"2025-11-18 08:45:00",111435,"",7999,2025,11,18,8,39,5,0.0104,0.154,0.037,-344640.8,0.104,0.039,0.285,10.1,0,0.039,0.009,0,0,13.19,-1.8,0.6,100,0
"2025-11-18 08:48:00",111436,"",7999,2025,11,18,8,39,5,0.0104,0.154,0.037,-344640.8,0.104,0.039,0.285,10.1,0,0.039,0.009,0,0,13.19,-1.8,0.6,100,0
"2025-11-18 08:51:00",111437,"",7999,2025,11,18,8,45,5,0.0201,0.194,0.056,-344634.7,0.144,0.058,0.359,10.04,0,0.058,0.013,0,0,13.19,-1.9,0.6,100,0
"2025-11-18 08:54:00",111438,"",7999,2025,11,18,8,45,5,0.0201,0.194,0.056,-344634.7,0.144,0.058,0.359,10.04,0,0.058,0.013,0,0,13.19,-1.9,0.6,100,0
"2025-11-18 08:57:00",111439,"",7999,2025,11,18,8,51,5,-0.0282,0.476,-0.032,-344639.1,0.426,-0.03,0.881,10.04,0,-0.03,0.079,-0.03,-0.019,13.19,-1.9,0.6,100,0
"2025-11-18 09:00:00",111440,"",7999,2025,11,18,8,51,5,-0.0282,0.476,-0.032,-344639.1,0.426,-0.03,0.881,10.04,0,-0.03,0.079,-0.03,-0.019,13.19,-1.9,0.6,100,0
"2025-11-18 09:03:00",111441,"",7999,2025,11,18,8,57,5,0.0027,0.476,0.003,-344641.8,0.426,0.003,0.88,10.06,0,0.003,0.018,-0.021,-0.026,13.19,-1.8,0.6,100,0
"2025-11-18 09:06:00",111442,"",7999,2025,11,18,8,57,5,0.0027,0.476,0.003,-344641.8,0.426,0.003,0.88,10.06,0,0.003,0.018,-0.021,-0.026,13.19,-1.8,0.6,100,0
"2025-11-18 09:09:00",111443,"",7999,2025,11,18,9,3,5,-0.0656,0.476,-0.075,-344657.2,0.426,-0.074,0.88,10.11,0,-0.074,-0.033,-0.033,-0.014,13.19,-1.8,0.6,100,0
"2025-11-18 09:12:00",111444,"",7999,2025,11,18,9,3,5,-0.0656,0.476,-0.075,-344657.2,0.426,-0.074,0.88,10.11,0,-0.074,-0.033,-0.033,-0.014,13.19,-1.8,0.6,100,0
"2025-11-18 09:15:00",111445,"",7999,2025,11,18,9,9,5,0.002,0.475,0.002,-344664.6,0.425,0.002,0.88,10.16,0,0.002,-0.002,-0.035,-0.031,13.19,-1.8,0.6,100,0
"2025-11-18 09:18:00",111446,"",7999,2025,11,18,9,9,5,0.002,0.475,0.002,-344664.6,0.425,0.002,0.88,10.16,0,0.002,-0.002,-0.035,-0.031,13.19,-1.8,0.6,100,0
"2025-11-18 09:21:00",111447,"",7999,2025,11,18,9,15,5,0.0041,0.475,0.005,-344663.4,0.425,0.004,0.88,10.17,0,0.004,0.001,-0.03,-0.017,13.19,-1.8,0.6,100,0
"2025-11-18 09:24:00",111448,"",7999,2025,11,18,9,15,5,0.0041,0.475,0.005,-344663.4,0.425,0.004,0.88,10.17,0,0.004,0.001,-0.03,-0.017,13.19,-1.8,0.6,100,0
"2025-11-18 09:27:00",111449,"",7999,2025,11,18,9,21,5,-0.0027,0.476,-0.003,-344663.6,0.426,-0.002,0.88,10.21,0,-0.002,0,-0.035,-0.014,13.19,-1.9,0.6,100,0
"2025-11-18 09:30:00",111450,"",7999,2025,11,18,9,21,5,-0.0027,0.476,-0.003,-344663.6,0.426,-0.002,0.88,10.21,0,-0.002,0,-0.035,-0.014,13.19,-1.9,0.6,100,0
"2025-11-18 09:33:00",111451,"",7999,2025,11,18,9,27,5,0,0.138,0,-344663.9,0.088,0,0.256,10.23,0,0,0,0,0,13.19,-1.9,0.5,100,0
"2025-11-18 09:36:00",111452,"",7999,2025,11,18,9,27,5,0,0.138,0,-344663.9,0.088,0,0.256,10.23,0,0,0,0,0,13.19,-1.9,0.5,100,0
"2025-11-18 09:39:00",111453,"",7999,2025,11,18,9,33,5,0.0003,0.475,0,-344663.8,0.425,0,0.88,10.18,0,0,-0.013,-0.007,-0.028,13.2,-1.9,0.6,100,0
"2025-11-18 09:42:00",111454,"",7999,2025,11,18,9,33,5,0.0003,0.475,0,-344663.8,0.425,0,0.88,10.18,0,0,-0.013,-0.007,-0.028,13.2,-1.9,0.6,100,0
"2025-11-18 09:45:00",111455,"",7999,2025,11,18,9,39,5,-0.0043,0.475,-0.005,-344664.8,0.425,-0.004,0.88,10.19,0,-0.004,-0.002,-0.014,-0.017,13.19,-1.9,0.5,100,0
"2025-11-18 09:48:00",111456,"",7999,2025,11,18,9,39,5,-0.0043,0.475,-0.005,-344664.8,0.425,-0.004,0.88,10.19,0,-0.004,-0.002,-0.014,-0.017,13.19,-1.9,0.5,100,0
"2025-11-18 09:51:00",111457,"",7999,2025,11,18,9,45,5,0.0051,0.475,0.006,-344664.1,0.425,0.005,0.879,10.23,2,0.005,0.002,0.009,-0.019,13.19,-2,0.5,100,0
"2025-11-18 09:54:00",111458,"",7999,2025,11,18,9,45,5,0.0051,0.475,0.006,-344664.1,0.425,0.005,0.879,10.23,2,0.005,0.002,0.009,-0.019,13.19,-2,0.5,100,0
"2025-11-18 09:57:00",111459,"",7999,2025,11,18,9,51,5,0.0027,0.475,0.003,-344662.8,0.425,0.002,0.88,10.27,2,0.002,-0.001,0.002,-0.033,13.19,-2,0.6,100,0
"2025-11-18 10:00:00",111460,"",7999,2025,11,18,9,51,5,0.0027,0.475,0.003,-344662.8,0.425,0.002,0.88,10.27,2,0.002,-0.001,0.002,-0.033,13.19,-2,0.6,100,0
"2025-11-18 10:03:00",111461,"",7999,2025,11,18,9,57,5,-0.0064,0.475,-0.007,-344664,0.425,-0.007,0.88,10.27,2,-0.007,-0.002,0.005,-0.028,13.19,-2,0.6,100,0
"2025-11-18 10:06:00",111462,"",7999,2025,11,18,9,57,5,-0.0064,0.475,-0.007,-344664,0.425,-0.007,0.88,10.27,2,-0.007,-0.002,0.005,-0.028,13.19,-2,0.6,100,0
"2025-11-18 10:09:00",111463,"",7999,2025,11,18,10,3,5,-0.0021,0.475,-0.002,-344665.3,0.425,-0.002,0.88,10.27,0,-0.002,-0.001,0.002,-0.021,13.2,-1.9,0.6,100,0
"2025-11-18 10:12:00",111464,"",7999,2025,11,18,10,3,5,-0.0021,0.475,-0.002,-344665.3,0.425,-0.002,0.88,10.27,0,-0.002,-0.001,0.002,-0.021,13.2,-1.9,0.6,100,0
"2025-11-18 10:15:00",111465,"",7999,2025,11,18,10,9,5,-0.0015,0.475,-0.002,-344665.9,0.425,0,0.879,10.24,0,0,0,0.002,-0.033,13.19,-1.9,0.6,100,0
"2025-11-18 10:18:00",111466,"",7999,2025,11,18,10,9,5,-0.0015,0.475,-0.002,-344665.9,0.425,0,0.879,10.24,0,0,0,0.002,-0.033,13.19,-1.9,0.6,100,0
"2025-11-18 10:21:00",111467,"",7999,2025,11,18,10,15,5,-0.0005,0.474,-0.001,-344666.2,0.424,0,0.878,10.27,0,0,0.001,-0.002,-0.043,13.2,-1.9,0.6,100,0
"2025-11-18 10:24:00",111468,"",7999,2025,11,18,10,15,5,-0.0005,0.474,-0.001,-344666.2,0.424,0,0.878,10.27,0,0,0.001,-0.002,-0.043,13.2,-1.9,0.6,100,0
"2025-11-18 10:27:00",111469,"",7999,2025,11,18,10,21,5,-0.0016,0.474,-0.002,-344666.7,0.424,-0.001,0.878,10.28,2,-0.001,-0.001,-0.035,-0.012,13.2,-2,0.6,100,0
"2025-11-18 10:30:00",111470,"",7999,2025,11,18,10,21,5,-0.0016,0.474,-0.002,-344666.7,0.424,-0.001,0.878,10.28,2,-0.001,-0.001,-0.035,-0.012,13.2,-2,0.6,100,0
"2025-11-18 10:33:00",111471,"",7999,2025,11,18,10,27,5,0.0021,0.474,0.002,-344666.4,0.424,0.001,0.878,10.33,2,0.001,-0.001,-0.002,-0.019,13.2,-2.2,0.5,100,0
"2025-11-18 10:36:00",111472,"",7999,2025,11,18,10,27,5,0.0021,0.474,0.002,-344666.4,0.424,0.001,0.878,10.33,2,0.001,-0.001,-0.002,-0.019,13.2,-2.2,0.5,100,0
"2025-11-18 10:39:00",111473,"",7999,2025,11,18,10,33,5,0.005,0.475,0.006,-344664.9,0.425,0.005,0.879,10.39,2,0.005,0.002,-0.009,-0.031,13.2,-2.3,0.5,100,0
"2025-11-18 10:42:00",111474,"",7999,2025,11,18,10,33,5,0.005,0.475,0.006,-344664.9,0.425,0.005,0.879,10.39,2,0.005,0.002,-0.009,-0.031,13.2,-2.3,0.5,100,0
"2025-11-18 10:45:00",111475,"",7999,2025,11,18,10,39,5,-0.0091,0.478,-0.01,-344666.5,0.428,-0.01,0.885,10.43,2,-0.01,-0.004,-0.028,-0.021,13.2,-2.3,0.5,100,0
"2025-11-18 10:48:00",111476,"",7999,2025,11,18,10,39,5,-0.0091,0.478,-0.01,-344666.5,0.428,-0.01,0.885,10.43,2,-0.01,-0.004,-0.028,-0.021,13.2,-2.3,0.5,100,0
"2025-11-18 10:51:00",111477,"",7999,2025,11,18,10,45,5,0.0082,0.486,0.009,-344665.6,0.436,0.01,0.899,10.49,2,0.01,0.004,-0.042,-0.019,13.2,-2.3,0.5,100,0
"2025-11-18 10:54:00",111478,"",7999,2025,11,18,10,45,5,0.0082,0.486,0.009,-344665.6,0.436,0.01,0.899,10.49,2,0.01,0.004,-0.042,-0.019,13.2,-2.3,0.5,100,0
"2025-11-18 10:57:00",111479,"",7999,2025,11,18,10,51,5,-0.0029,0.494,-0.003,-344665.3,0.444,-0.002,0.915,10.54,2,-0.002,0.001,-0.033,-0.017,13.2,-2.4,0.5,100,0
"2025-11-18 11:00:00",111480,"",7999,2025,11,18,10,51,5,-0.0029,0.494,-0.003,-344665.3,0.444,-0.002,0.915,10.54,2,-0.002,0.001,-0.033,-0.017,13.2,-2.4,0.5,100,0
"2025-11-18 11:03:00",111481,"",7999,2025,11,18,10,57,5,0.0037,0.504,0.004,-344664.8,0.454,0.004,0.933,10.54,2,0.004,0.002,-0.021,-0.024,13.2,-2.4,0.5,100,0
"2025-11-18 11:06:00",111482,"",7999,2025,11,18,10,57,5,0.0037,0.504,0.004,-344664.8,0.454,0.004,0.933,10.54,2,0.004,0.002,-0.021,-0.024,13.2,-2.4,0.5,100,0
"2025-11-18 11:09:00",111483,"",7999,2025,11,18,11,3,5,-0.0025,0.514,-0.003,-344664.9,0.464,-0.002,0.952,10.5,2,-0.002,0.001,-0.019,-0.017,13.2,-2.5,0.5,100,0
"2025-11-18 11:12:00",111484,"",7999,2025,11,18,11,3,5,-0.0025,0.514,-0.003,-344664.9,0.464,-0.002,0.952,10.5,2,-0.002,0.001,-0.019,-0.017,13.2,-2.5,0.5,100,0
"2025-11-18 11:15:00",111485,"",7999,2025,11,18,11,9,5,0.0086,0.518,0.009,-344663.2,0.468,0.01,0.959,10.53,2,0.01,0.005,-0.002,-0.026,13.2,-2.5,0.6,100,0
"2025-11-18 11:18:00",111486,"",7999,2025,11,18,11,9,5,0.0086,0.518,0.009,-344663.2,0.468,0.01,0.959,10.53,2,0.01,0.005,-0.002,-0.026,13.2,-2.5,0.6,100,0
"2025-11-18 11:21:00",111487,"",7999,2025,11,18,11,15,5,0.0202,0.525,0.021,-344657.3,0.475,0.022,0.972,10.55,2,0.022,0.008,0.009,0.009,13.2,-2.4,0.6,99,0
"2025-11-18 11:24:00",111488,"",7999,2025,11,18,11,15,5,0.0202,0.525,0.021,-344657.3,0.475,0.022,0.972,10.55,2,0.022,0.008,0.009,0.009,13.2,-2.4,0.6,99,0
"2025-11-18 11:27:00",111489,"",7999,2025,11,18,11,21,5,-0.0001,0.529,0,-344654.9,0.479,0,0.98,10.55,2,0,0,-0.019,-0.002,13.22,-2.4,0.6,100,0
"2025-11-18 11:30:00",111490,"",7999,2025,11,18,11,21,5,-0.0001,0.529,0,-344654.9,0.479,0,0.98,10.55,2,0,0,-0.019,-0.002,13.22,-2.4,0.6,100,0
"2025-11-18 11:33:00",111491,"",7999,2025,11,18,11,27,5,0.0015,0.542,0.002,-344654.6,0.492,0.001,1.002,10.48,2,0.001,-0.002,0.007,-0.002,13.22,-2.2,0.6,100,0
"2025-11-18 11:36:00",111492,"",7999,2025,11,18,11,27,5,0.0015,0.542,0.002,-344654.6,0.492,0.001,1.002,10.48,2,0.001,-0.002,0.007,-0.002,13.22,-2.2,0.6,100,0
"2025-11-18 11:39:00",111493,"",7999,2025,11,18,11,33,5,-0.0056,0.543,-0.006,-344655.7,0.493,-0.005,1.006,10.45,2,-0.005,-0.001,-0.002,-0.017,13.22,-2.2,0.6,100,0
"2025-11-18 11:42:00",111494,"",7999,2025,11,18,11,33,5,-0.0056,0.543,-0.006,-344655.7,0.493,-0.005,1.006,10.45,2,-0.005,-0.001,-0.002,-0.017,13.22,-2.2,0.6,100,0
"2025-11-18 11:45:00",111495,"",7999,2025,11,18,11,39,5,0.0001,0.543,0,-344656.3,0.493,0.001,1.006,10.47,2,0.001,0.001,0.002,-0.014,13.22,-2.3,0.6,100,0
"2025-11-18 11:48:00",111496,"",7999,2025,11,18,11,39,5,0.0001,0.543,0,-344656.3,0.493,0.001,1.006,10.47,2,0.001,0.001,0.002,-0.014,13.22,-2.3,0.6,100,0
"2025-11-18 11:51:00",111497,"",7999,2025,11,18,11,45,5,0.0049,0.55,0.005,-344655.1,0.5,0.005,1.018,10.36,2,0.005,0.002,0,-0.014,13.22,-2.2,0.6,100,0
"2025-11-18 11:54:00",111498,"",7999,2025,11,18,11,45,5,0.0049,0.55,0.005,-344655.1,0.5,0.005,1.018,10.36,2,0.005,0.002,0,-0.014,13.22,-2.2,0.6,100,0
"2025-11-18 11:57:00",111499,"",7999,2025,11,18,11,51,5,0.0003,0.559,0,-344654.4,0.509,0,1.035,10.36,2,0,-0.001,0.002,0.002,13.22,-2.1,0.6,100,0
"2025-11-18 12:00:00",111500,"",7999,2025,11,18,11,51,5,0.0003,0.559,0,-344654.4,0.509,0,1.035,10.36,2,0,-0.001,0.002,0.002,13.22,-2.1,0.6,100,0
"2025-11-18 12:03:00",111501,"",7999,2025,11,18,11,57,5,-0.0075,0.571,-0.007,-344656.2,0.521,-0.006,1.056,10.36,2,-0.006,0.004,-0.009,-0.005,13.22,-2.1,0.6,100,0
"2025-11-18 12:06:00",111502,"",7999,2025,11,18,11,57,5,-0.0075,0.571,-0.007,-344656.2,0.521,-0.006,1.056,10.36,2,-0.006,0.004,-0.009,-0.005,13.22,-2.1,0.6,100,0
"2025-11-18 12:09:00",111503,"",7999,2025,11,18,12,3,5,0.0006,0.574,0.001,-344657,0.524,0,1.063,10.41,2,0,0,-0.009,-0.002,13.22,-2.1,0.7,100,0
"2025-11-18 12:12:00",111504,"",7999,2025,11,18,12,3,5,0.0006,0.574,0.001,-344657,0.524,0,1.063,10.41,2,0,0,-0.009,-0.002,13.22,-2.1,0.7,100,0
"2025-11-18 12:15:00",111505,"",7999,2025,11,18,12,9,5,-0.0004,0.587,0,-344657,0.537,0,1.086,10.48,2,0,0,-0.014,-0.009,13.22,-2,0.7,100,0
"2025-11-18 12:18:00",111506,"",7999,2025,11,18,12,9,5,-0.0004,0.587,0,-344657,0.537,0,1.086,10.48,2,0,0,-0.014,-0.009,13.22,-2,0.7,100,0
"2025-11-18 12:21:00",111507,"",7999,2025,11,18,12,15,5,0.0076,0.6,0.007,-344655.2,0.55,0.006,1.111,10.53,0,0.006,-0.002,0.019,0.002,13.22,-1.9,0.7,100,0
"2025-11-18 12:24:00",111508,"",7999,2025,11,18,12,15,5,0.0076,0.6,0.007,-344655.2,0.55,0.006,1.111,10.53,0,0.006,-0.002,0.019,0.002,13.22,-1.9,0.7,100,0
"2025-11-18 12:27:00",111509,"",7999,2025,11,18,12,21,5,0.0115,0.612,0.01,-344651.5,0.562,0.008,1.133,10.55,0,0.008,0.001,0.019,0.009,13.22,-1.9,0.7,100,0
"2025-11-18 12:30:00",111510,"",7999,2025,11,18,12,21,5,0.0115,0.612,0.01,-344651.5,0.562,0.008,1.133,10.55,0,0.008,0.001,0.019,0.009,13.22,-1.9,0.7,100,0
"2025-11-18 12:33:00",111511,"",7999,2025,11,18,12,27,5,0.0118,0.626,0.01,-344647.3,0.576,0.01,1.158,10.55,0,0.01,0.001,0.007,0.007,13.22,-1.8,0.7,100,0
"2025-11-18 12:36:00",111512,"",7999,2025,11,18,12,27,5,0.0118,0.626,0.01,-344647.3,0.576,0.01,1.158,10.55,0,0.01,0.001,0.007,0.007,13.22,-1.8,0.7,100,0
"2025-11-18 12:39:00",111513,"",7999,2025,11,18,12,33,5,0.015,0.64,0.013,-344642.3,0.59,0.012,1.184,10.53,0,0.012,0,0.005,0.002,13.22,-1.7,0.6,100,0
"2025-11-18 12:42:00",111514,"",7999,2025,11,18,12,33,5,0.015,0.64,0.013,-344642.3,0.59,0.012,1.184,10.53,0,0.012,0,0.005,0.002,13.22,-1.7,0.6,100,0
"2025-11-18 12:45:00",111515,"",7999,2025,11,18,12,39,5,0.0262,0.651,0.022,-344634.1,0.601,0.021,1.205,10.48,0,0.021,0,0.007,0.009,13.23,-1.7,0.6,100,0
"2025-11-18 12:48:00",111516,"",7999,2025,11,18,12,39,5,0.0262,0.651,0.022,-344634.1,0.601,0.021,1.205,10.48,0,0.021,0,0.007,0.009,13.23,-1.7,0.6,100,0
"2025-11-18 12:51:00",111517,"",7999,2025,11,18,12,45,5,0.0209,0.662,0.017,-344626,0.612,0.016,1.225,10.53,0,0.016,-0.001,0.005,0.007,13.23,-1.7,0.6,100,0
"2025-11-18 12:54:00",111518,"",7999,2025,11,18,12,45,5,0.0209,0.662,0.017,-344626,0.612,0.016,1.225,10.53,0,0.016,-0.001,0.005,0.007,13.23,-1.7,0.6,100,0
"2025-11-18 12:57:00",111519,"",7999,2025,11,18,12,51,5,0.0157,0.67,0.013,-344619.7,0.62,0.012,1.239,10.63,0,0.012,0,-0.002,0.007,13.23,-1.7,0.6,100,0
"2025-11-18 13:00:00",111520,"",7999,2025,11,18,12,51,5,0.0157,0.67,0.013,-344619.7,0.62,0.012,1.239,10.63,0,0.012,0,-0.002,0.007,13.23,-1.7,0.6,100,0
"2025-11-18 13:03:00",111521,"",7999,2025,11,18,12,57,5,0.0145,0.674,0.012,-344614.3,0.624,0.011,1.248,10.78,0,0.011,-0.001,-0.012,-0.007,13.23,-1.7,0.6,100,0
"2025-11-18 13:06:00",111522,"",7999,2025,11,18,12,57,5,0.0145,0.674,0.012,-344614.3,0.624,0.011,1.248,10.78,0,0.011,-0.001,-0.012,-0.007,13.23,-1.7,0.6,100,0
"2025-11-18 13:09:00",111523,"",7999,2025,11,18,13,3,5,0.0032,0.683,0.003,-344611.8,0.633,0.001,1.264,10.9,0,0.001,-0.001,0.005,-0.007,13.23,-1.6,0.6,100,0
"2025-11-18 13:12:00",111524,"",7999,2025,11,18,13,3,5,0.0032,0.683,0.003,-344611.8,0.633,0.001,1.264,10.9,0,0.001,-0.001,0.005,-0.007,13.23,-1.6,0.6,100,0
"2025-11-18 13:15:00",111525,"",7999,2025,11,18,13,9,5,0.0148,0.693,0.012,-344607.8,0.643,0.011,1.283,10.9,0,0.011,0,0.009,0.012,13.23,-1.6,0.6,100,0
"2025-11-18 13:18:00",111526,"",7999,2025,11,18,13,9,5,0.0148,0.693,0.012,-344607.8,0.643,0.011,1.283,10.9,0,0.011,0,0.009,0.012,13.23,-1.6,0.6,100,0
"2025-11-18 13:21:00",111527,"",7999,2025,11,18,13,15,5,0.0102,0.699,0.008,-344603.6,0.649,0.007,1.293,10.87,0,0.007,0,0,0.007,13.23,-1.6,0.6,100,0
"2025-11-18 13:24:00",111528,"",7999,2025,11,18,13,15,5,0.0102,0.699,0.008,-344603.6,0.649,0.007,1.293,10.87,0,0.007,0,0,0.007,13.23,-1.6,0.6,100,0
"2025-11-18 13:27:00",111529,"",7999,2025,11,18,13,21,5,0.0099,0.695,0.008,-344600,0.645,0.007,1.286,10.88,0,0.007,0,-0.009,-0.002,13.23,-1.6,0.6,100,0
"2025-11-18 13:30:00",111530,"",7999,2025,11,18,13,21,5,0.0099,0.695,0.008,-344600,0.645,0.007,1.286,10.88,0,0.007,0,-0.009,-0.002,13.23,-1.6,0.6,100,0
"2025-11-18 13:33:00",111531,"",7999,2025,11,18,13,27,5,0.0216,0.704,0.017,-344593.6,0.654,0.015,1.302,10.99,0,0.015,0,0.007,0,13.23,-1.6,0.6,100,0
"2025-11-18 13:36:00",111532,"",7999,2025,11,18,13,27,5,0.0216,0.704,0.017,-344593.6,0.654,0.015,1.302,10.99,0,0.015,0,0.007,0,13.23,-1.6,0.6,100,0
"2025-11-18 13:39:00",111533,"",7999,2025,11,18,13,33,5,0.0122,0.712,0.009,-344588.1,0.662,0.008,1.318,11.01,0,0.008,-0.001,0,0.002,13.23,-1.6,0.6,100,0
"2025-11-18 13:42:00",111534,"",7999,2025,11,18,13,33,5,0.0122,0.712,0.009,-344588.1,0.662,0.008,1.318,11.01,0,0.008,-0.001,0,0.002,13.23,-1.6,0.6,100,0
"2025-11-18 13:45:00",111535,"",7999,2025,11,18,13,39,5,0.0199,0.723,0.015,-344581.8,0.673,0.015,1.338,10.91,0,0.015,0,0.014,0.017,13.23,-1.6,0.6,100,0
"2025-11-18 13:48:00",111536,"",7999,2025,11,18,13,39,5,0.0199,0.723,0.015,-344581.8,0.673,0.015,1.338,10.91,0,0.015,0,0.014,0.017,13.23,-1.6,0.6,100,0
"2025-11-18 13:51:00",111537,"",7999,2025,11,18,13,45,5,0.0098,0.729,0.007,-344577,0.679,0.006,1.349,10.84,0,0.006,-0.001,0.002,-0.009,13.23,-1.7,0.6,100,0
"2025-11-18 13:54:00",111538,"",7999,2025,11,18,13,45,5,0.0098,0.729,0.007,-344577,0.679,0.006,1.349,10.84,0,0.006,-0.001,0.002,-0.009,13.23,-1.7,0.6,100,0
"2025-11-18 13:57:00",111539,"",7999,2025,11,18,13,51,5,0.0214,0.734,0.016,-344570.7,0.684,0.015,1.359,10.79,0,0.015,0.001,0,0.002,13.23,-1.6,0.6,100,0
"2025-11-18 14:00:00",111540,"",7999,2025,11,18,13,51,5,0.0214,0.734,0.016,-344570.7,0.684,0.015,1.359,10.79,0,0.015,0.001,0,0.002,13.23,-1.6,0.6,100,0
"2025-11-18 14:03:00",111541,"",7999,2025,11,18,13,57,5,0.0207,0.743,0.015,-344563.2,0.693,0.015,1.374,10.84,0,0.015,0,0.012,0.002,13.23,-1.6,0.6,100,0
"2025-11-18 14:06:00",111542,"",7999,2025,11,18,13,57,5,0.0207,0.743,0.015,-344563.2,0.693,0.015,1.374,10.84,0,0.015,0,0.012,0.002,13.23,-1.6,0.6,100,0
"2025-11-18 14:09:00",111543,"",7999,2025,11,18,14,3,5,0.0259,0.754,0.019,-344554.4,0.704,0.018,1.395,10.8,0,0.018,0,-0.007,0.012,13.23,-1.6,0.6,100,0
"2025-11-18 14:12:00",111544,"",7999,2025,11,18,14,3,5,0.0259,0.754,0.019,-344554.4,0.704,0.018,1.395,10.8,0,0.018,0,-0.007,0.012,13.23,-1.6,0.6,100,0
"2025-11-18 14:15:00",111545,"",7999,2025,11,18,14,9,5,0.0297,0.762,0.021,-344544.2,0.712,0.021,1.411,10.68,0,0.021,-0.001,-0.002,0.014,13.23,-1.6,0.6,100,0
"2025-11-18 14:18:00",111546,"",7999,2025,11,18,14,9,5,0.0297,0.762,0.021,-344544.2,0.712,0.021,1.411,10.68,0,0.021,-0.001,-0.002,0.014,13.23,-1.6,0.6,100,0
"2025-11-18 14:21:00",111547,"",7999,2025,11,18,14,15,5,0.0347,0.77,0.024,-344532.3,0.72,0.023,1.425,10.64,0,0.023,-0.001,0.042,0.005,13.23,-1.6,0.6,100,0
"2025-11-18 14:24:00",111548,"",7999,2025,11,18,14,15,5,0.0347,0.77,0.024,-344532.3,0.72,0.023,1.425,10.64,0,0.023,-0.001,0.042,0.005,13.23,-1.6,0.6,100,0
"2025-11-18 14:27:00",111549,"",7999,2025,11,18,14,21,5,0.0176,0.77,0.012,-344523.9,0.72,0.012,1.426,10.65,0,0.012,-0.001,-0.002,-0.005,13.23,-1.6,0.6,100,0
"2025-11-18 14:30:00",111550,"",7999,2025,11,18,14,21,5,0.0176,0.77,0.012,-344523.9,0.72,0.012,1.426,10.65,0,0.012,-0.001,-0.002,-0.005,13.23,-1.6,0.6,100,0
"2025-11-18 14:33:00",111551,"",7999,2025,11,18,14,27,5,0.0221,0.774,0.015,-344516.4,0.724,0.013,1.432,10.67,0,0.013,0,0.028,-0.002,13.23,-1.6,0.6,100,0
"2025-11-18 14:36:00",111552,"",7999,2025,11,18,14,27,5,0.0221,0.774,0.015,-344516.4,0.724,0.013,1.432,10.67,0,0.013,0,0.028,-0.002,13.23,-1.6,0.6,100,0
"2025-11-18 14:39:00",111553,"",7999,2025,11,18,14,33,5,0.0071,0.781,0.005,-344512.1,0.731,0.005,1.446,10.71,0,0.005,-0.002,0.007,0,13.23,-1.6,0.6,100,0
"2025-11-18 14:42:00",111554,"",7999,2025,11,18,14,33,5,0.0071,0.781,0.005,-344512.1,0.731,0.005,1.446,10.71,0,0.005,-0.002,0.007,0,13.23,-1.6,0.6,100,0
"2025-11-18 14:45:00",111555,"",7999,2025,11,18,14,39,5,0.0301,0.79,0.021,-344504,0.74,0.019,1.462,10.62,0,0.019,0.001,-0.023,-0.007,13.23,-1.6,0.6,100,0
"2025-11-18 14:48:00",111556,"",7999,2025,11,18,14,39,5,0.0301,0.79,0.021,-344504,0.74,0.019,1.462,10.62,0,0.019,0.001,-0.023,-0.007,13.23,-1.6,0.6,100,0
"2025-11-18 14:51:00",111557,"",7999,2025,11,18,14,45,5,0.0105,0.794,0.007,-344497.8,0.744,0.006,1.468,10.64,0,0.006,0.002,-0.005,-0.017,13.23,-1.6,0.6,100,0
"2025-11-18 14:54:00",111558,"",7999,2025,11,18,14,45,5,0.0105,0.794,0.007,-344497.8,0.744,0.006,1.468,10.64,0,0.006,0.002,-0.005,-0.017,13.23,-1.6,0.6,100,0
"2025-11-18 14:57:00",111559,"",7999,2025,11,18,14,51,5,0.0088,0.797,0.006,-344494.4,0.747,0.005,1.474,10.64,0,0.005,0,0.002,-0.012,13.23,-1.6,0.6,100,0
"2025-11-18 15:00:00",111560,"",7999,2025,11,18,14,51,5,0.0088,0.797,0.006,-344494.4,0.747,0.005,1.474,10.64,0,0.005,0,0.002,-0.012,13.23,-1.6,0.6,100,0
"2025-11-18 15:03:00",111561,"",7999,2025,11,18,14,57,5,0.0039,0.799,0.003,-344492.4,0.749,0.001,1.479,10.65,0,0.001,-0.001,-0.005,-0.005,13.23,-1.6,0.6,100,0
"2025-11-18 15:06:00",111562,"",7999,2025,11,18,14,57,5,0.0039,0.799,0.003,-344492.4,0.749,0.001,1.479,10.65,0,0.001,-0.001,-0.005,-0.005,13.23,-1.6,0.6,100,0
"2025-11-18 15:09:00",111563,"",7999,2025,11,18,15,3,5,0.0053,0.802,0.004,-344490.7,0.752,0.002,1.484,10.64,0,0.002,0.001,0.007,-0.019,13.23,-1.6,0.6,100,0
"2025-11-18 15:12:00",111564,"",7999,2025,11,18,15,3,5,0.0053,0.802,0.004,-344490.7,0.752,0.002,1.484,10.64,0,0.002,0.001,0.007,-0.019,13.23,-1.6,0.6,100,0
"2025-11-18 15:15:00",111565,"",7999,2025,11,18,15,9,5,0.0138,0.807,0.009,-344486.7,0.757,0.008,1.494,10.64,0,0.008,-0.002,-0.026,0.005,13.23,-1.6,0.6,100,0
"2025-11-18 15:18:00",111566,"",7999,2025,11,18,15,9,5,0.0138,0.807,0.009,-344486.7,0.757,0.008,1.494,10.64,0,0.008,-0.002,-0.026,0.005,13.23,-1.6,0.6,100,0
"2025-11-18 15:21:00",111567,"",7999,2025,11,18,15,15,5,0.0061,0.808,0.004,-344483.5,0.758,0.004,1.495,10.57,0,0.004,-0.001,-0.03,-0.005,13.23,-1.6,0.6,100,0
"2025-11-18 15:24:00",111568,"",7999,2025,11,18,15,15,5,0.0061,0.808,0.004,-344483.5,0.758,0.004,1.495,10.57,0,0.004,-0.001,-0.03,-0.005,13.23,-1.6,0.6,100,0
"2025-11-18 15:27:00",111569,"",7999,2025,11,18,15,21,5,0.0014,0.812,0.001,-344482.5,0.762,0.001,1.503,10.53,0,0.001,-0.001,-0.002,-0.002,13.23,-1.6,0.6,100,0
"2025-11-18 15:30:00",111570,"",7999,2025,11,18,15,21,5,0.0014,0.812,0.001,-344482.5,0.762,0.001,1.503,10.53,0,0.001,-0.001,-0.002,-0.002,13.23,-1.6,0.6,100,0
"2025-11-18 15:33:00",111571,"",7999,2025,11,18,15,27,5,0.0041,0.813,0.003,-344481.3,0.763,0.002,1.505,10.49,0,0.002,0,0.019,-0.005,13.23,-1.6,0.6,100,0
"2025-11-18 15:36:00",111572,"",7999,2025,11,18,15,27,5,0.0041,0.813,0.003,-344481.3,0.763,0.002,1.505,10.49,0,0.002,0,0.019,-0.005,13.23,-1.6,0.6,100,0
"2025-11-18 15:39:00",111573,"",7999,2025,11,18,15,33,5,-0.0225,0.811,-0.015,-344486.2,0.761,-0.015,1.5,10.41,0,-0.015,-0.001,0.005,-0.017,13.23,-1.6,0.6,100,0
"2025-11-18 15:42:00",111574,"",7999,2025,11,18,15,33,5,-0.0225,0.811,-0.015,-344486.2,0.761,-0.015,1.5,10.41,0,-0.015,-0.001,0.005,-0.017,13.23,-1.6,0.6,100,0
"2025-11-18 15:45:00",111575,"",7999,2025,11,18,15,39,5,-0.0085,0.811,-0.006,-344491,0.761,-0.005,1.5,10.38,0,-0.005,0.002,0,-0.017,13.23,-1.6,0.6,100,0
"2025-11-18 15:48:00",111576,"",7999,2025,11,18,15,39,5,-0.0085,0.811,-0.006,-344491,0.761,-0.005,1.5,10.38,0,-0.005,0.002,0,-0.017,13.23,-1.6,0.6,100,0
"2025-11-18 15:51:00",111577,"",7999,2025,11,18,15,45,5,-0.0078,0.81,-0.005,-344493.9,0.76,-0.005,1.499,10.43,0,-0.005,0,-0.007,-0.014,13.23,-1.6,0.6,100,0
"2025-11-18 15:54:00",111578,"",7999,2025,11,18,15,45,5,-0.0078,0.81,-0.005,-344493.9,0.76,-0.005,1.499,10.43,0,-0.005,0,-0.007,-0.014,13.23,-1.6,0.6,100,0
"2025-11-18 15:57:00",111579,"",7999,2025,11,18,15,51,5,-0.006,0.809,-0.004,-344496.3,0.759,-0.002,1.497,10.44,0,-0.002,-0.001,-0.005,-0.017,13.23,-1.6,0.6,100,0
"2025-11-18 16:00:00",111580,"",7999,2025,11,18,15,51,5,-0.006,0.809,-0.004,-344496.3,0.759,-0.002,1.497,10.44,0,-0.002,-0.001,-0.005,-0.017,13.23,-1.6,0.6,100,0
"2025-11-18 16:03:00",111581,"",7999,2025,11,18,15,57,5,-0.0072,0.809,-0.005,-344498.7,0.759,-0.004,1.498,10.42,0,-0.004,0.001,-0.007,-0.002,13.23,-1.6,0.6,100,0
"2025-11-18 16:06:00",111582,"",7999,2025,11,18,15,57,5,-0.0072,0.809,-0.005,-344498.7,0.759,-0.004,1.498,10.42,0,-0.004,0.001,-0.007,-0.002,13.23,-1.6,0.6,100,0
"2025-11-18 16:09:00",111583,"",7999,2025,11,18,16,3,5,0.0011,0.809,0.001,-344499.3,0.759,0.001,1.498,10.43,0,0.001,-0.001,-0.021,-0.014,13.23,-1.6,0.6,100,0
"2025-11-18 16:12:00",111584,"",7999,2025,11,18,16,3,5,0.0011,0.809,0.001,-344499.3,0.759,0.001,1.498,10.43,0,0.001,-0.001,-0.021,-0.014,13.23,-1.6,0.6,100,0
"2025-11-18 16:15:00",111585,"",7999,2025,11,18,16,9,5,-0.0173,0.812,-0.012,-344503.4,0.762,-0.011,1.502,10.44,0,-0.011,0.001,-0.028,-0.024,13.23,-1.6,0.6,100,0
"2025-11-18 16:18:00",111586,"",7999,2025,11,18,16,9,5,-0.0173,0.812,-0.012,-344503.4,0.762,-0.011,1.502,10.44,0,-0.011,0.001,-0.028,-0.024,13.23,-1.6,0.6,100,0
"2025-11-18 16:21:00",111587,"",7999,2025,11,18,16,15,5,-0.0067,0.811,-0.005,-344507.1,0.761,-0.004,1.501,10.41,0,-0.004,-0.002,-0.037,-0.007,13.23,-1.6,0.6,100,0
"2025-11-18 16:24:00",111588,"",7999,2025,11,18,16,15,5,-0.0067,0.811,-0.005,-344507.1,0.761,-0.004,1.501,10.41,0,-0.004,-0.002,-0.037,-0.007,13.23,-1.6,0.6,100,0
"2025-11-18 16:27:00",111589,"",7999,2025,11,18,16,21,5,-0.0046,0.813,-0.003,-344509,0.763,-0.002,1.505,10.45,0,-0.002,0,-0.021,-0.005,13.23,-1.6,0.6,100,0
"2025-11-18 16:30:00",111590,"",7999,2025,11,18,16,21,5,-0.0046,0.813,-0.003,-344509,0.763,-0.002,1.505,10.45,0,-0.002,0,-0.021,-0.005,13.23,-1.6,0.6,100,0
"2025-11-18 16:33:00",111591,"",7999,2025,11,18,16,27,5,0.0115,0.813,0.008,-344506.8,0.763,0.008,1.505,10.41,0,0.008,-0.004,0.005,-0.017,13.23,-1.6,0.6,100,0
"2025-11-18 16:36:00",111592,"",7999,2025,11,18,16,27,5,0.0115,0.813,0.008,-344506.8,0.763,0.008,1.505,10.41,0,0.008,-0.004,0.005,-0.017,13.23,-1.6,0.6,100,0
"2025-11-18 16:39:00",111593,"",7999,2025,11,18,16,33,5,-0.0169,0.811,-0.011,-344509.5,0.761,-0.01,1.502,10.4,0,-0.01,0.003,-0.016,-0.024,13.23,-1.6,0.6,100,0
"2025-11-18 16:42:00",111594,"",7999,2025,11,18,16,33,5,-0.0169,0.811,-0.011,-344509.5,0.761,-0.01,1.502,10.4,0,-0.01,0.003,-0.016,-0.024,13.23,-1.6,0.6,100,0
"2025-11-18 16:45:00",111595,"",7999,2025,11,18,16,39,5,-0.0158,0.809,-0.011,-344515.3,0.759,-0.01,1.498,10.37,0,-0.01,0.002,-0.016,-0.012,13.23,-1.6,0.6,100,0
"2025-11-18 16:48:00",111596,"",7999,2025,11,18,16,39,5,-0.0158,0.809,-0.011,-344515.3,0.759,-0.01,1.498,10.37,0,-0.01,0.002,-0.016,-0.012,13.23,-1.6,0.6,100,0
"2025-11-18 16:51:00",111597,"",7999,2025,11,18,16,45,5,-0.0235,0.803,-0.016,-344522.9,0.753,-0.015,1.486,10.36,0,-0.015,0,-0.002,-0.028,13.23,-1.6,0.6,100,0
"2025-11-18 16:54:00",111598,"",7999,2025,11,18,16,45,5,-0.0235,0.803,-0.016,-344522.9,0.753,-0.015,1.486,10.36,0,-0.015,0,-0.002,-0.028,13.23,-1.6,0.6,100,0
"2025-11-18 16:57:00",111599,"",7999,2025,11,18,16,51,5,-0.0235,0.8,-0.016,-344531.4,0.75,-0.015,1.481,10.35,0,-0.015,0,-0.016,-0.019,13.23,-1.6,0.6,100,0
"2025-11-18 17:00:00",111600,"",7999,2025,11,18,16,51,5,-0.0235,0.8,-0.016,-344531.4,0.75,-0.015,1.481,10.35,0,-0.015,0,-0.016,-0.019,13.23,-1.6,0.6,100,0
"2025-11-18 17:03:00",111601,"",7999,2025,11,18,16,57,5,-0.0169,0.795,-0.011,-344538.3,0.745,-0.01,1.472,10.34,0,-0.01,0.001,-0.005,-0.014,13.23,-1.6,0.6,100,0
"2025-11-18 17:06:00",111602,"",7999,2025,11,18,16,57,5,-0.0169,0.795,-0.011,-344538.3,0.745,-0.01,1.472,10.34,0,-0.01,0.001,-0.005,-0.014,13.23,-1.6,0.6,100,0
"2025-11-18 17:09:00",111603,"",7999,2025,11,18,17,3,5,-0.0328,0.787,-0.023,-344548.2,0.737,-0.021,1.456,10.36,0,-0.021,0.004,0,-0.038,13.23,-1.6,0.6,100,0
"2025-11-18 17:12:00",111604,"",7999,2025,11,18,17,3,5,-0.0328,0.787,-0.023,-344548.2,0.737,-0.021,1.456,10.36,0,-0.021,0.004,0,-0.038,13.23,-1.6,0.6,100,0
"2025-11-18 17:15:00",111605,"",7999,2025,11,18,17,9,5,-0.0337,0.777,-0.023,-344560.2,0.727,-0.022,1.438,10.26,0,-0.022,0.003,0.007,-0.017,13.23,-1.6,0.6,100,0
"2025-11-18 17:18:00",111606,"",7999,2025,11,18,17,9,5,-0.0337,0.777,-0.023,-344560.2,0.727,-0.022,1.438,10.26,0,-0.022,0.003,0.007,-0.017,13.23,-1.6,0.6,100,0
"2025-11-18 17:21:00",111607,"",7999,2025,11,18,17,15,5,-0.0261,0.77,-0.018,-344570.6,0.72,-0.016,1.424,10.29,0,-0.016,0.005,0.007,-0.019,13.23,-1.6,0.6,100,0
"2025-11-18 17:24:00",111608,"",7999,2025,11,18,17,15,5,-0.0261,0.77,-0.018,-344570.6,0.72,-0.016,1.424,10.29,0,-0.016,0.005,0.007,-0.019,13.23,-1.6,0.6,100,0
"2025-11-18 17:27:00",111609,"",7999,2025,11,18,17,21,5,-0.0225,0.762,-0.016,-344579.1,0.712,-0.015,1.41,10.29,0,-0.015,0.002,-0.002,-0.017,13.23,-1.6,0.6,100,0
"2025-11-18 17:30:00",111610,"",7999,2025,11,18,17,21,5,-0.0225,0.762,-0.016,-344579.1,0.712,-0.015,1.41,10.29,0,-0.015,0.002,-0.002,-0.017,13.23,-1.6,0.6,100,0
"2025-11-18 17:33:00",111611,"",7999,2025,11,18,17,27,5,-0.017,0.756,-0.012,-344585.9,0.706,-0.011,1.398,10.32,0,-0.011,-0.002,0,-0.002,13.23,-1.6,0.6,100,0
"2025-11-18 17:36:00",111612,"",7999,2025,11,18,17,27,5,-0.017,0.756,-0.012,-344585.9,0.706,-0.011,1.398,10.32,0,-0.011,-0.002,0,-0.002,13.23,-1.6,0.6,100,0
"2025-11-18 17:39:00",111613,"",7999,2025,11,18,17,33,5,0.0063,0.751,0.005,-344586.4,0.701,0.006,1.39,10.36,0,0.006,0.003,-0.002,0.012,13.23,-1.6,0.6,100,0
"2025-11-18 17:42:00",111614,"",7999,2025,11,18,17,33,5,0.0063,0.751,0.005,-344586.4,0.701,0.006,1.39,10.36,0,0.006,0.003,-0.002,0.012,13.23,-1.6,0.6,100,0
"2025-11-18 17:45:00",111615,"",7999,2025,11,18,17,39,5,-0.0155,0.746,-0.011,-344589.4,0.696,-0.011,1.381,10.42,0,-0.011,-0.003,-0.002,-0.002,13.23,-1.6,0.6,100,0
"2025-11-18 17:48:00",111616,"",7999,2025,11,18,17,39,5,-0.0155,0.746,-0.011,-344589.4,0.696,-0.011,1.381,10.42,0,-0.011,-0.003,-0.002,-0.002,13.23,-1.6,0.6,100,0
"2025-11-18 17:51:00",111617,"",7999,2025,11,18,17,45,5,0.0018,0.741,0.001,-344590.8,0.691,0.001,1.372,10.43,0,0.001,-0.001,0.002,0,13.23,-1.6,0.6,100,0
"2025-11-18 17:54:00",111618,"",7999,2025,11,18,17,45,5,0.0018,0.741,0.001,-344590.8,0.691,0.001,1.372,10.43,0,0.001,-0.001,0.002,0,13.23,-1.6,0.6,100,0
"2025-11-18 17:57:00",111619,"",7999,2025,11,18,17,51,5,-0.0017,0.741,-0.001,-344591,0.691,0,1.371,10.41,0,0,0,0,-0.002,13.23,-1.6,0.6,100,0
"2025-11-18 18:00:00",111620,"",7999,2025,11,18,17,51,5,-0.0017,0.741,-0.001,-344591,0.691,0,1.371,10.41,0,0,0,0,-0.002,13.23,-1.6,0.6,100,0
"2025-11-18 18:03:00",111621,"",7999,2025,11,18,17,57,5,0.0007,0.741,0.001,-344591,0.691,0,1.371,10.43,0,0,0,0,-0.002,13.23,-1.6,0.6,100,0
"2025-11-18 18:06:00",111622,"",7999,2025,11,18,17,57,5,0.0007,0.741,0.001,-344591,0.691,0,1.371,10.43,0,0,0,0,-0.002,13.23,-1.6,0.6,100,0
"2025-11-18 18:09:00",111623,"",7999,2025,11,18,18,3,5,0.0002,0.742,0,-344590.9,0.692,0,1.373,10.43,0,0,0,0.002,-0.012,13.23,-1.6,0.6,100,0
"2025-11-18 18:12:00",111624,"",7999,2025,11,18,18,3,5,0.0002,0.742,0,-344590.9,0.692,0,1.373,10.43,0,0,0,0.002,-0.012,13.23,-1.6,0.6,100,0
"2025-11-18 18:15:00",111625,"",7999,2025,11,18,18,9,5,-0.0084,0.743,-0.006,-344592.9,0.693,-0.006,1.375,10.4,0,-0.006,0.001,0.002,-0.002,13.23,-1.6,0.6,100,0
"2025-11-18 18:18:00",111626,"",7999,2025,11,18,18,9,5,-0.0084,0.743,-0.006,-344592.9,0.693,-0.006,1.375,10.4,0,-0.006,0.001,0.002,-0.002,13.23,-1.6,0.6,100,0
"2025-11-18 18:21:00",111627,"",7999,2025,11,18,18,15,5,0.0052,0.743,0.004,-344592.6,0.693,0.004,1.375,10.43,0,0.004,-0.002,-0.005,-0.009,13.23,-1.6,0.6,100,0
"2025-11-18 18:24:00",111628,"",7999,2025,11,18,18,15,5,0.0052,0.743,0.004,-344592.6,0.693,0.004,1.375,10.43,0,0.004,-0.002,-0.005,-0.009,13.23,-1.6,0.6,100,0
"2025-11-18 18:27:00",111629,"",7999,2025,11,18,18,21,5,-0.0037,0.742,-0.003,-344592.9,0.692,-0.001,1.374,10.46,0,-0.001,-0.001,-0.009,-0.009,13.23,-1.6,0.6,100,0
"2025-11-18 18:30:00",111630,"",7999,2025,11,18,18,21,5,-0.0037,0.742,-0.003,-344592.9,0.692,-0.001,1.374,10.46,0,-0.001,-0.001,-0.009,-0.009,13.23,-1.6,0.6,100,0
"2025-11-18 18:33:00",111631,"",7999,2025,11,18,18,27,5,-0.0131,0.738,-0.01,-344596.5,0.688,-0.008,1.366,10.44,0,-0.008,0.001,-0.014,-0.031,13.23,-1.6,0.6,100,0
"2025-11-18 18:36:00",111632,"",7999,2025,11,18,18,27,5,-0.0131,0.738,-0.01,-344596.5,0.688,-0.008,1.366,10.44,0,-0.008,0.001,-0.014,-0.031,13.23,-1.6,0.6,100,0
"2025-11-18 18:39:00",111633,"",7999,2025,11,18,18,33,5,-0.023,0.728,-0.017,-344603.6,0.678,-0.016,1.348,10.43,0,-0.016,0.001,-0.007,-0.021,13.23,-1.6,0.6,100,0
"2025-11-18 18:42:00",111634,"",7999,2025,11,18,18,33,5,-0.023,0.728,-0.017,-344603.6,0.678,-0.016,1.348,10.43,0,-0.016,0.001,-0.007,-0.021,13.23,-1.6,0.6,100,0
"2025-11-18 18:45:00",111635,"",7999,2025,11,18,18,39,5,-0.0144,0.72,-0.011,-344609.9,0.67,-0.01,1.333,10.46,0,-0.01,0,-0.002,-0.014,13.23,-1.6,0.6,100,0
"2025-11-18 18:48:00",111636,"",7999,2025,11,18,18,39,5,-0.0144,0.72,-0.011,-344609.9,0.67,-0.01,1.333,10.46,0,-0.01,0,-0.002,-0.014,13.23,-1.6,0.6,100,0
"2025-11-18 18:51:00",111637,"",7999,2025,11,18,18,45,5,-0.0122,0.713,-0.009,-344614.6,0.663,-0.007,1.319,10.49,0,-0.007,-0.001,0.014,-0.017,13.23,-1.6,0.6,100,0
"2025-11-18 18:54:00",111638,"",7999,2025,11,18,18,45,5,-0.0122,0.713,-0.009,-344614.6,0.663,-0.007,1.319,10.49,0,-0.007,-0.001,0.014,-0.017,13.23,-1.6,0.6,100,0
"2025-11-18 18:57:00",111639,"",7999,2025,11,18,18,51,5,-0.0122,0.704,-0.009,-344619,0.654,-0.007,1.303,10.53,0,-0.007,-0.001,-0.002,-0.007,13.23,-1.6,0.6,100,0
"2025-11-18 19:00:00",111640,"",7999,2025,11,18,18,51,5,-0.0122,0.704,-0.009,-344619,0.654,-0.007,1.303,10.53,0,-0.007,-0.001,-0.002,-0.007,13.23,-1.6,0.6,100,0
"2025-11-18 19:03:00",111641,"",7999,2025,11,18,18,57,5,-0.0124,0.694,-0.01,-344623.4,0.644,-0.008,1.284,10.49,0,-0.008,0.001,-0.019,-0.009,13.23,-1.6,0.6,100,0
"2025-11-18 19:06:00",111642,"",7999,2025,11,18,18,57,5,-0.0124,0.694,-0.01,-344623.4,0.644,-0.008,1.284,10.49,0,-0.008,0.001,-0.019,-0.009,13.23,-1.6,0.6,100,0
"2025-11-18 19:09:00",111643,"",7999,2025,11,18,19,3,5,-0.0123,0.685,-0.01,-344627.8,0.635,-0.008,1.267,10.48,0,-0.008,0.001,-0.016,-0.019,13.23,-1.6,0.6,100,0
"2025-11-18 19:12:00",111644,"",7999,2025,11,18,19,3,5,-0.0123,0.685,-0.01,-344627.8,0.635,-0.008,1.267,10.48,0,-0.008,0.001,-0.016,-0.019,13.23,-1.6,0.6,100,0
"2025-11-18 19:15:00",111645,"",7999,2025,11,18,19,9,5,-0.0083,0.676,-0.007,-344631.3,0.626,-0.005,1.251,10.49,0,-0.005,0.001,0.019,0.007,13.23,-1.6,0.6,100,0
"2025-11-18 19:18:00",111646,"",7999,2025,11,18,19,9,5,-0.0083,0.676,-0.007,-344631.3,0.626,-0.005,1.251,10.49,0,-0.005,0.001,0.019,0.007,13.23,-1.6,0.6,100,0
"2025-11-18 19:21:00",111647,"",7999,2025,11,18,19,15,5,0.0026,0.666,0.002,-344631.7,0.616,0.004,1.233,10.45,0,0.004,0.004,0.005,0,13.23,-1.6,0.6,100,0
"2025-11-18 19:24:00",111648,"",7999,2025,11,18,19,15,5,0.0026,0.666,0.002,-344631.7,0.616,0.004,1.233,10.45,0,0.004,0.004,0.005,0,13.23,-1.6,0.6,100,0
"2025-11-18 19:27:00",111649,"",7999,2025,11,18,19,21,5,0.0071,0.659,0.006,-344629.7,0.609,0.007,1.22,10.48,0,0.007,0.004,0.005,-0.002,13.23,-1.6,0.6,100,0
"2025-11-18 19:30:00",111650,"",7999,2025,11,18,19,21,5,0.0071,0.659,0.006,-344629.7,0.609,0.007,1.22,10.48,0,0.007,0.004,0.005,-0.002,13.23,-1.6,0.6,100,0
"2025-11-18 19:33:00",111651,"",7999,2025,11,18,19,27,5,-0.0029,0.654,-0.002,-344629.5,0.604,-0.001,1.209,10.52,0,-0.001,0.001,-0.014,-0.002,13.23,-1.6,0.6,100,0
"2025-11-18 19:36:00",111652,"",7999,2025,11,18,19,27,5,-0.0029,0.654,-0.002,-344629.5,0.604,-0.001,1.209,10.52,0,-0.001,0.001,-0.014,-0.002,13.23,-1.6,0.6,100,0
"2025-11-18 19:39:00",111653,"",7999,2025,11,18,19,33,5,-0.0132,0.647,-0.011,-344633,0.597,-0.01,1.197,10.55,0,-0.01,-0.003,0.007,-0.002,13.23,-1.6,0.6,100,0
"2025-11-18 19:42:00",111654,"",7999,2025,11,18,19,33,5,-0.0132,0.647,-0.011,-344633,0.597,-0.01,1.197,10.55,0,-0.01,-0.003,0.007,-0.002,13.23,-1.6,0.6,100,0
"2025-11-18 19:45:00",111655,"",7999,2025,11,18,19,39,5,-0.0005,0.642,0,-344634.8,0.592,0,1.188,10.55,0,0,0,0.005,-0.012,13.23,-1.6,0.6,100,0
"2025-11-18 19:48:00",111656,"",7999,2025,11,18,19,39,5,-0.0005,0.642,0,-344634.8,0.592,0,1.188,10.55,0,0,0,0.005,-0.012,13.23,-1.6,0.6,100,0
"2025-11-18 19:51:00",111657,"",7999,2025,11,18,19,45,5,-0.0026,0.638,-0.002,-344635.4,0.588,-0.001,1.18,10.55,0,-0.001,0.001,-0.002,-0.005,13.23,-1.6,0.6,100,0
"2025-11-18 19:54:00",111658,"",7999,2025,11,18,19,45,5,-0.0026,0.638,-0.002,-344635.4,0.588,-0.001,1.18,10.55,0,-0.001,0.001,-0.002,-0.005,13.23,-1.6,0.6,100,0
"2025-11-18 19:57:00",111659,"",7999,2025,11,18,19,51,5,-0.0091,0.637,-0.008,-344638,0.587,-0.007,1.178,10.57,0,-0.007,0.001,-0.03,-0.009,13.23,-1.6,0.6,100,0
"2025-11-18 20:00:00",111660,"",7999,2025,11,18,19,51,5,-0.0091,0.637,-0.008,-344638,0.587,-0.007,1.178,10.57,0,-0.007,0.001,-0.03,-0.009,13.23,-1.6,0.6,100,0
"2025-11-18 20:03:00",111661,"",7999,2025,11,18,19,57,5,0.0034,0.641,0.003,-344638.3,0.591,0.002,1.187,10.48,0,0.002,-0.001,-0.021,0,13.23,-1.6,0.6,100,0
"2025-11-18 20:06:00",111662,"",7999,2025,11,18,19,57,5,0.0034,0.641,0.003,-344638.3,0.591,0.002,1.187,10.48,0,0.002,-0.001,-0.021,0,13.23,-1.6,0.6,100,0
"2025-11-18 20:09:00",111663,"",7999,2025,11,18,20,3,5,0.0031,0.637,0.003,-344637.1,0.587,0.004,1.178,10.45,0,0.004,0.003,-0.016,-0.007,13.23,-1.6,0.6,100,0
"2025-11-18 20:12:00",111664,"",7999,2025,11,18,20,3,5,0.0031,0.637,0.003,-344637.1,0.587,0.004,1.178,10.45,0,0.004,0.003,-0.016,-0.007,13.23,-1.6,0.6,100,0
"2025-11-18 20:15:00",111665,"",7999,2025,11,18,20,9,5,-0.0095,0.627,-0.008,-344639,0.577,-0.007,1.161,10.46,0,-0.007,-0.002,0.002,-0.021,13.23,-1.6,0.6,100,0
"2025-11-18 20:18:00",111666,"",7999,2025,11,18,20,9,5,-0.0095,0.627,-0.008,-344639,0.577,-0.007,1.161,10.46,0,-0.007,-0.002,0.002,-0.021,13.23,-1.6,0.6,100,0
"2025-11-18 20:21:00",111667,"",7999,2025,11,18,20,15,5,-0.0058,0.619,-0.005,-344641.5,0.569,-0.004,1.146,10.53,0,-0.004,-0.001,0.009,-0.005,13.23,-1.6,0.6,100,0
"2025-11-18 20:24:00",111668,"",7999,2025,11,18,20,15,5,-0.0058,0.619,-0.005,-344641.5,0.569,-0.004,1.146,10.53,0,-0.004,-0.001,0.009,-0.005,13.23,-1.6,0.6,100,0
"2025-11-18 20:27:00",111669,"",7999,2025,11,18,20,21,5,-0.0104,0.608,-0.009,-344644.8,0.558,-0.008,1.126,10.56,0,-0.008,-0.003,0,-0.009,13.23,-1.6,0.6,100,0
"2025-11-18 20:30:00",111670,"",7999,2025,11,18,20,21,5,-0.0104,0.608,-0.009,-344644.8,0.558,-0.008,1.126,10.56,0,-0.008,-0.003,0,-0.009,13.23,-1.6,0.6,100,0
"2025-11-18 20:33:00",111671,"",7999,2025,11,18,20,27,5,0.0039,0.603,0.004,-344645.1,0.553,0.004,1.116,10.57,0,0.004,0.003,-0.007,-0.002,13.23,-1.6,0.6,100,0
"2025-11-18 20:36:00",111672,"",7999,2025,11,18,20,27,5,0.0039,0.603,0.004,-344645.1,0.553,0.004,1.116,10.57,0,0.004,0.003,-0.007,-0.002,13.23,-1.6,0.6,100,0
"2025-11-18 20:39:00",111673,"",7999,2025,11,18,20,33,5,0.0047,0.602,0.004,-344643.4,0.552,0.005,1.115,10.6,0,0.005,0.002,-0.009,-0.009,13.23,-1.6,0.6,100,0
"2025-11-18 20:42:00",111674,"",7999,2025,11,18,20,33,5,0.0047,0.602,0.004,-344643.4,0.552,0.005,1.115,10.6,0,0.005,0.002,-0.009,-0.009,13.23,-1.6,0.6,100,0
"2025-11-18 20:45:00",111675,"",7999,2025,11,18,20,39,5,-0.0012,0.609,-0.001,-344643.2,0.559,-0.001,1.126,10.56,0,-0.001,0.002,-0.016,-0.017,13.23,-1.6,0.6,100,0
"2025-11-18 20:48:00",111676,"",7999,2025,11,18,20,39,5,-0.0012,0.609,-0.001,-344643.2,0.559,-0.001,1.126,10.56,0,-0.001,0.002,-0.016,-0.017,13.23,-1.6,0.6,100,0
"2025-11-18 20:51:00",111677,"",7999,2025,11,18,20,45,5,0.0068,0.607,0.006,-344641.7,0.557,0.006,1.123,10.58,0,0.006,0.003,0,-0.002,13.23,-1.6,0.6,100,0
"2025-11-18 20:54:00",111678,"",7999,2025,11,18,20,45,5,0.0068,0.607,0.006,-344641.7,0.557,0.006,1.123,10.58,0,0.006,0.003,0,-0.002,13.23,-1.6,0.6,100,0
"2025-11-18 20:57:00",111679,"",7999,2025,11,18,20,51,5,-0.0022,0.598,-0.002,-344641.4,0.548,-0.001,1.107,10.56,0,-0.001,0.001,0.014,0.002,13.23,-1.6,0.6,100,0
"2025-11-18 21:00:00",111680,"",7999,2025,11,18,20,51,5,-0.0022,0.598,-0.002,-344641.4,0.548,-0.001,1.107,10.56,0,-0.001,0.001,0.014,0.002,13.23,-1.6,0.6,100,0
"2025-11-18 21:03:00",111681,"",7999,2025,11,18,20,57,5,-0.0036,0.591,-0.003,-344642.5,0.541,-0.001,1.094,10.53,0,-0.001,-0.001,0,-0.005,13.23,-1.6,0.6,100,0
"2025-11-18 21:06:00",111682,"",7999,2025,11,18,20,57,5,-0.0036,0.591,-0.003,-344642.5,0.541,-0.001,1.094,10.53,0,-0.001,-0.001,0,-0.005,13.23,-1.6,0.6,100,0
"2025-11-18 21:09:00",111683,"",7999,2025,11,18,21,3,5,0.0088,0.589,0.008,-344640.8,0.539,0.01,1.091,10.55,0,0.01,0.005,-0.012,0,13.23,-1.6,0.6,100,0
"2025-11-18 21:12:00",111684,"",7999,2025,11,18,21,3,5,0.0088,0.589,0.008,-344640.8,0.539,0.01,1.091,10.55,0,0.01,0.005,-0.012,0,13.23,-1.6,0.6,100,0
"2025-11-18 21:15:00",111685,"",7999,2025,11,18,21,9,5,-0.005,0.595,-0.005,-344641,0.545,-0.005,1.101,10.58,0,-0.005,-0.002,-0.007,-0.007,13.23,-1.6,0.6,100,0
"2025-11-18 21:18:00",111686,"",7999,2025,11,18,21,9,5,-0.005,0.595,-0.005,-344641,0.545,-0.005,1.101,10.58,0,-0.005,-0.002,-0.007,-0.007,13.23,-1.6,0.6,100,0
"2025-11-18 21:21:00",111687,"",7999,2025,11,18,21,15,5,0.0033,0.598,0.003,-344640.8,0.548,0.002,1.107,10.56,0,0.002,0.001,0,0,13.23,-1.6,0.6,100,0
"2025-11-18 21:24:00",111688,"",7999,2025,11,18,21,15,5,0.0033,0.598,0.003,-344640.8,0.548,0.002,1.107,10.56,0,0.002,0.001,0,0,13.23,-1.6,0.6,100,0
"2025-11-18 21:27:00",111689,"",7999,2025,11,18,21,21,5,-0.0083,0.591,-0.008,-344642.4,0.541,-0.007,1.094,10.52,0,-0.007,-0.003,0.002,-0.005,13.23,-1.6,0.6,100,0
"2025-11-18 21:30:00",111690,"",7999,2025,11,18,21,21,5,-0.0083,0.591,-0.008,-344642.4,0.541,-0.007,1.094,10.52,0,-0.007,-0.003,0.002,-0.005,13.23,-1.6,0.6,100,0
"2025-11-18 21:33:00",111691,"",7999,2025,11,18,21,27,5,-0.0055,0.583,-0.005,-344644.8,0.533,-0.004,1.08,10.52,0,-0.004,0.001,0.009,-0.005,13.23,-1.6,0.6,100,0
"2025-11-18 21:36:00",111692,"",7999,2025,11,18,21,27,5,-0.0055,0.583,-0.005,-344644.8,0.533,-0.004,1.08,10.52,0,-0.004,0.001,0.009,-0.005,13.23,-1.6,0.6,100,0
"2025-11-18 21:39:00",111693,"",7999,2025,11,18,21,33,5,-0.0051,0.579,-0.005,-344646.7,0.529,-0.004,1.072,10.52,0,-0.004,-0.002,-0.005,-0.012,13.23,-1.6,0.6,100,0
"2025-11-18 21:42:00",111694,"",7999,2025,11,18,21,33,5,-0.0051,0.579,-0.005,-344646.7,0.529,-0.004,1.072,10.52,0,-0.004,-0.002,-0.005,-0.012,13.23,-1.6,0.6,100,0
"2025-11-18 21:45:00",111695,"",7999,2025,11,18,21,39,5,0.0032,0.579,0.003,-344646.5,0.529,0.004,1.071,10.52,0,0.004,0.002,-0.005,-0.014,13.23,-1.6,0.6,100,0
"2025-11-18 21:48:00",111696,"",7999,2025,11,18,21,39,5,0.0032,0.579,0.003,-344646.5,0.529,0.004,1.071,10.52,0,0.004,0.002,-0.005,-0.014,13.23,-1.6,0.6,100,0
"2025-11-18 21:51:00",111697,"",7999,2025,11,18,21,45,5,-0.0048,0.582,-0.005,-344647.3,0.532,-0.004,1.076,10.57,0,-0.004,-0.002,-0.012,-0.021,13.23,-1.6,0.6,100,0
"2025-11-18 21:54:00",111698,"",7999,2025,11,18,21,45,5,-0.0048,0.582,-0.005,-344647.3,0.532,-0.004,1.076,10.57,0,-0.004,-0.002,-0.012,-0.021,13.23,-1.6,0.6,100,0
"2025-11-18 21:57:00",111699,"",7999,2025,11,18,21,51,5,-0.0012,0.581,-0.001,-344648.2,0.531,0,1.076,10.61,0,0,0,-0.005,-0.017,13.23,-1.6,0.6,100,0
"2025-11-18 22:00:00",111700,"",7999,2025,11,18,21,51,5,-0.0012,0.581,-0.001,-344648.2,0.531,0,1.076,10.61,0,0,0,-0.005,-0.017,13.23,-1.6,0.6,100,0
"2025-11-18 22:03:00",111701,"",7999,2025,11,18,21,57,5,-0.006,0.571,-0.006,-344649.8,0.521,-0.006,1.057,10.6,0,-0.006,-0.004,0,-0.014,13.23,-1.6,0.6,100,0
"2025-11-18 22:06:00",111702,"",7999,2025,11,18,21,57,5,-0.006,0.571,-0.006,-344649.8,0.521,-0.006,1.057,10.6,0,-0.006,-0.004,0,-0.014,13.23,-1.6,0.6,100,0
"2025-11-18 22:09:00",111703,"",7999,2025,11,18,22,3,5,-0.0049,0.565,-0.005,-344651.7,0.515,-0.004,1.046,10.54,0,-0.004,-0.002,0,-0.021,13.23,-1.6,0.6,100,0
"2025-11-18 22:12:00",111704,"",7999,2025,11,18,22,3,5,-0.0049,0.565,-0.005,-344651.7,0.515,-0.004,1.046,10.54,0,-0.004,-0.002,0,-0.021,13.23,-1.6,0.6,100,0
"2025-11-18 22:15:00",111705,"",7999,2025,11,18,22,9,5,-0.0011,0.572,-0.001,-344652.6,0.522,0,1.058,10.58,0,0,0,0.002,-0.017,13.23,-1.6,0.6,100,0
"2025-11-18 22:18:00",111706,"",7999,2025,11,18,22,9,5,-0.0011,0.572,-0.001,-344652.6,0.522,0,1.058,10.58,0,0,0,0.002,-0.017,13.23,-1.6,0.6,100,0
"2025-11-18 22:21:00",111707,"",7999,2025,11,18,22,15,5,-0,0.581,0,-344652.7,0.531,-0.001,1.075,10.55,0,-0.001,-0.001,-0.007,-0.014,13.23,-1.6,0.6,100,0
"2025-11-18 22:24:00",111708,"",7999,2025,11,18,22,15,5,-0,0.581,0,-344652.7,0.531,-0.001,1.075,10.55,0,-0.001,-0.001,-0.007,-0.014,13.23,-1.6,0.6,100,0
"2025-11-18 22:27:00",111709,"",7999,2025,11,18,22,21,5,0.0011,0.594,0.001,-344652.4,0.544,0,1.099,10.6,0,0,0,-0.012,-0.007,13.23,-1.6,0.6,100,0
"2025-11-18 22:30:00",111710,"",7999,2025,11,18,22,21,5,0.0011,0.594,0.001,-344652.4,0.544,0,1.099,10.6,0,0,0,-0.012,-0.007,13.23,-1.6,0.6,100,0
"2025-11-18 22:33:00",111711,"",7999,2025,11,18,22,27,5,-0.0041,0.608,-0.004,-344653.3,0.558,-0.004,1.125,10.6,0,-0.004,-0.002,0.002,-0.014,13.23,-1.6,0.6,100,0
"2025-11-18 22:36:00",111712,"",7999,2025,11,18,22,27,5,-0.0041,0.608,-0.004,-344653.3,0.558,-0.004,1.125,10.6,0,-0.004,-0.002,0.002,-0.014,13.23,-1.6,0.6,100,0
"2025-11-18 22:39:00",111713,"",7999,2025,11,18,22,33,5,-0.0064,0.614,-0.006,-344655.3,0.564,-0.005,1.137,10.52,0,-0.005,-0.002,-0.002,0.002,13.23,-1.6,0.6,100,0
"2025-11-18 22:42:00",111714,"",7999,2025,11,18,22,33,5,-0.0064,0.614,-0.006,-344655.3,0.564,-0.005,1.137,10.52,0,-0.005,-0.002,-0.002,0.002,13.23,-1.6,0.6,100,0
"2025-11-18 22:45:00",111715,"",7999,2025,11,18,22,39,5,0.0029,0.618,0.003,-344655.4,0.568,0.002,1.143,10.51,0,0.002,0.001,0.009,-0.014,13.23,-1.6,0.6,100,0
"2025-11-18 22:48:00",111716,"",7999,2025,11,18,22,39,5,0.0029,0.618,0.003,-344655.4,0.568,0.002,1.143,10.51,0,0.002,0.001,0.009,-0.014,13.23,-1.6,0.6,100,0
"2025-11-18 22:51:00",111717,"",7999,2025,11,18,22,45,5,0.0063,0.615,0.006,-344653.5,0.565,0.005,1.138,10.53,0,0.005,0.002,0.028,-0.014,13.23,-1.6,0.6,100,0
"2025-11-18 22:54:00",111718,"",7999,2025,11,18,22,45,5,0.0063,0.615,0.006,-344653.5,0.565,0.005,1.138,10.53,0,0.005,0.002,0.028,-0.014,13.23,-1.6,0.6,100,0
"2025-11-18 22:57:00",111719,"",7999,2025,11,18,22,51,5,0.0184,0.616,0.016,-344648.3,0.566,0.018,1.141,10.58,0,0.018,0.008,0.012,-0.017,13.23,-1.6,0.6,100,0
"2025-11-18 23:00:00",111720,"",7999,2025,11,18,22,51,5,0.0184,0.616,0.016,-344648.3,0.566,0.018,1.141,10.58,0,0.018,0.008,0.012,-0.017,13.23,-1.6,0.6,100,0
"2025-11-18 23:03:00",111721,"",7999,2025,11,18,22,57,5,0,0.104,0,-344646.1,0.054,0,0.192,10.6,0,0,0,0,0,13.23,-1.6,0.6,100,0
"2025-11-18 23:06:00",111722,"",7999,2025,11,18,22,57,5,0,0.104,0,-344646.1,0.054,0,0.192,10.6,0,0,0,0,0,13.23,-1.6,0.6,100,0
"2025-11-18 23:09:00",111723,"",7999,2025,11,18,23,3,5,-0.006,0.633,-0.005,-344647.6,0.583,-0.005,1.171,10.55,0,-0.005,-0.002,0.026,-0.028,13.23,-1.6,0.6,100,0
"2025-11-18 23:12:00",111724,"",7999,2025,11,18,23,3,5,-0.006,0.633,-0.005,-344647.6,0.583,-0.005,1.171,10.55,0,-0.005,-0.002,0.026,-0.028,13.23,-1.6,0.6,100,0
"2025-11-18 23:15:00",111725,"",7999,2025,11,18,23,9,5,0.0014,0.635,0.001,-344647.9,0.585,0.001,1.174,10.57,0,0.001,-0.001,0.005,-0.005,13.23,-1.6,0.6,100,0
"2025-11-18 23:18:00",111726,"",7999,2025,11,18,23,9,5,0.0014,0.635,0.001,-344647.9,0.585,0.001,1.174,10.57,0,0.001,-0.001,0.005,-0.005,13.23,-1.6,0.6,100,0
"2025-11-18 23:21:00",111727,"",7999,2025,11,18,23,15,5,-0.003,0.634,-0.003,-344648.5,0.584,-0.002,1.173,10.59,0,-0.002,-0.002,0.005,-0.012,13.23,-1.6,0.6,100,0
"2025-11-18 23:24:00",111728,"",7999,2025,11,18,23,15,5,-0.003,0.634,-0.003,-344648.5,0.584,-0.002,1.173,10.59,0,-0.002,-0.002,0.005,-0.012,13.23,-1.6,0.6,100,0
"2025-11-18 23:27:00",111729,"",7999,2025,11,18,23,21,5,-0.0037,0.633,-0.003,-344649.7,0.583,-0.004,1.171,10.63,0,-0.004,-0.002,0.023,-0.014,13.23,-1.6,0.6,100,0
"2025-11-18 23:30:00",111730,"",7999,2025,11,18,23,21,5,-0.0037,0.633,-0.003,-344649.7,0.583,-0.004,1.171,10.63,0,-0.004,-0.002,0.023,-0.014,13.23,-1.6,0.6,100,0
"2025-11-18 23:33:00",111731,"",7999,2025,11,18,23,27,5,-0.0045,0.631,-0.004,-344651.3,0.581,-0.005,1.167,10.61,0,-0.005,-0.002,-0.012,0,13.23,-1.6,0.6,100,0
"2025-11-18 23:36:00",111732,"",7999,2025,11,18,23,27,5,-0.0045,0.631,-0.004,-344651.3,0.581,-0.005,1.167,10.61,0,-0.005,-0.002,-0.012,0,13.23,-1.6,0.6,100,0
"2025-11-18 23:39:00",111733,"",7999,2025,11,18,23,33,5,-0.0014,0.631,-0.001,-344652.2,0.581,0,1.168,10.62,0,0,0,-0.002,-0.014,13.23,-1.6,0.6,100,0
"2025-11-18 23:42:00",111734,"",7999,2025,11,18,23,33,5,-0.0014,0.631,-0.001,-344652.2,0.581,0,1.168,10.62,0,0,0,-0.002,-0.014,13.23,-1.6,0.6,100,0
"2025-11-18 23:45:00",111735,"",7999,2025,11,18,23,39,5,0.0086,0.639,0.007,-344650.3,0.589,0.006,1.182,10.56,0,0.006,0.003,0.026,-0.012,13.23,-1.6,0.6,100,0
"2025-11-18 23:48:00",111736,"",7999,2025,11,18,23,39,5,0.0086,0.639,0.007,-344650.3,0.589,0.006,1.182,10.56,0,0.006,0.003,0.026,-0.012,13.23,-1.6,0.6,100,0
"2025-11-18 23:51:00",111737,"",7999,2025,11,18,23,45,5,0.0011,0.643,0.001,-344648.9,0.593,0.001,1.19,10.61,0,0.001,-0.001,0.005,-0.007,13.23,-1.6,0.6,100,0
"2025-11-18 23:54:00",111738,"",7999,2025,11,18,23,45,5,0.0011,0.643,0.001,-344648.9,0.593,0.001,1.19,10.61,0,0.001,-0.001,0.005,-0.007,13.23,-1.6,0.6,100,0
"2025-11-18 23:57:00",111739,"",7999,2025,11,18,23,51,5,0.0042,0.65,0.004,-344647.8,0.6,0.002,1.204,10.63,0,0.002,-0.001,0,0.002,13.23,-1.6,0.6,100,0
"2025-11-19 00:00:00",111740,"",7999,2025,11,18,23,51,5,0.0042,0.65,0.004,-344647.8,0.6,0.002,1.204,10.63,0,0.002,-0.001,0,0.002,13.23,-1.6,0.6,100,0
"2025-11-19 00:03:00",111741,"",7999,2025,11,18,23,57,5,0.018,0.662,0.015,-344642.9,0.612,0.015,1.224,10.65,0,0.015,0.001,-0.023,-0.007,13.23,-1.6,0.6,100,0
"2025-11-19 00:06:00",111742,"",7999,2025,11,18,23,57,5,0.018,0.662,0.015,-344642.9,0.612,0.015,1.224,10.65,0,0.015,0.001,-0.023,-0.007,13.23,-1.6,0.6,100,0
"2025-11-19 00:09:00",111743,"",7999,2025,11,19,0,3,5,0.0199,0.671,0.016,-344636,0.621,0.015,1.243,10.58,0,0.015,0.002,-0.021,-0.005,13.23,-1.6,0.6,100,0
"2025-11-19 00:12:00",111744,"",7999,2025,11,19,0,3,5,0.0199,0.671,0.016,-344636,0.621,0.015,1.243,10.58,0,0.015,0.002,-0.021,-0.005,13.23,-1.6,0.6,100,0
"2025-11-19 00:15:00",111745,"",7999,2025,11,19,0,9,5,0.0147,0.681,0.012,-344630,0.631,0.011,1.26,10.6,0,0.011,-0.001,-0.049,-0.007,13.23,-1.6,0.6,100,0
"2025-11-19 00:18:00",111746,"",7999,2025,11,19,0,9,5,0.0147,0.681,0.012,-344630,0.631,0.011,1.26,10.6,0,0.011,-0.001,-0.049,-0.007,13.23,-1.6,0.6,100,0
"2025-11-19 00:21:00",111747,"",7999,2025,11,19,0,15,5,0.019,0.687,0.015,-344623.7,0.637,0.013,1.272,10.6,0,0.013,0.004,-0.009,-0.007,13.23,-1.6,0.6,100,0
"2025-11-19 00:24:00",111748,"",7999,2025,11,19,0,15,5,0.019,0.687,0.015,-344623.7,0.637,0.013,1.272,10.6,0,0.013,0.004,-0.009,-0.007,13.23,-1.6,0.6,100,0
"2025-11-19 00:27:00",111749,"",7999,2025,11,19,0,21,5,0.0146,0.694,0.011,-344617.9,0.644,0.01,1.285,10.65,0,0.01,0.001,0.002,-0.014,13.23,-1.6,0.6,100,0
"2025-11-19 00:30:00",111750,"",7999,2025,11,19,0,21,5,0.0146,0.694,0.011,-344617.9,0.644,0.01,1.285,10.65,0,0.01,0.001,0.002,-0.014,13.23,-1.6,0.6,100,0
"2025-11-19 00:33:00",111751,"",7999,2025,11,19,0,27,5,0.0135,0.704,0.01,-344612.9,0.654,0.008,1.303,10.62,0,0.008,0.001,-0.007,-0.014,13.23,-1.6,0.6,100,0
"2025-11-19 00:36:00",111752,"",7999,2025,11,19,0,27,5,0.0135,0.704,0.01,-344612.9,0.654,0.008,1.303,10.62,0,0.008,0.001,-0.007,-0.014,13.23,-1.6,0.6,100,0
"2025-11-19 00:39:00",111753,"",7999,2025,11,19,0,33,5,0.014,0.709,0.011,-344607.9,0.659,0.01,1.312,10.6,0,0.01,0.001,-0.005,-0.002,13.23,-1.6,0.6,100,0
"2025-11-19 00:42:00",111754,"",7999,2025,11,19,0,33,5,0.014,0.709,0.011,-344607.9,0.659,0.01,1.312,10.6,0,0.01,0.001,-0.005,-0.002,13.23,-1.6,0.6,100,0
"2025-11-19 00:45:00",111755,"",7999,2025,11,19,0,39,5,0.0224,0.717,0.017,-344600.8,0.667,0.016,1.327,10.57,0,0.016,0.003,0.005,0.002,13.23,-1.6,0.6,100,0
"2025-11-19 00:48:00",111756,"",7999,2025,11,19,0,39,5,0.0224,0.717,0.017,-344600.8,0.667,0.016,1.327,10.57,0,0.016,0.003,0.005,0.002,13.23,-1.6,0.6,100,0
"2025-11-19 00:51:00",111757,"",7999,2025,11,19,0,45,5,0.0169,0.726,0.013,-344594.1,0.676,0.012,1.344,10.65,0,0.012,0.001,0.002,-0.009,13.23,-1.6,0.6,100,0
"2025-11-19 00:54:00",111758,"",7999,2025,11,19,0,45,5,0.0169,0.726,0.013,-344594.1,0.676,0.012,1.344,10.65,0,0.012,0.001,0.002,-0.009,13.23,-1.6,0.6,100,0
"2025-11-19 00:57:00",111759,"",7999,2025,11,19,0,51,5,0.0279,0.733,0.021,-344585.3,0.683,0.019,1.357,10.62,0,0.019,0.005,0.009,0.005,13.23,-1.6,0.6,100,0
"2025-11-19 01:00:00",111760,"",7999,2025,11,19,0,51,5,0.0279,0.733,0.021,-344585.3,0.683,0.019,1.357,10.62,0,0.019,0.005,0.009,0.005,13.23,-1.6,0.6,100,0
"2025-11-19 01:03:00",111761,"",7999,2025,11,19,0,57,5,0.0109,0.74,0.008,-344579.3,0.69,0.007,1.369,10.62,0,0.007,0.001,0,-0.002,13.23,-1.6,0.6,100,0
"2025-11-19 01:06:00",111762,"",7999,2025,11,19,0,57,5,0.0109,0.74,0.008,-344579.3,0.69,0.007,1.369,10.62,0,0.007,0.001,0,-0.002,13.23,-1.6,0.6,100,0
"2025-11-19 01:09:00",111763,"",7999,2025,11,19,1,3,5,-0.0033,0.738,-0.002,-344578.8,0.688,-0.001,1.366,10.55,0,-0.001,0.001,-0.012,-0.017,13.23,-1.6,0.6,100,0
"2025-11-19 01:12:00",111764,"",7999,2025,11,19,1,3,5,-0.0033,0.738,-0.002,-344578.8,0.688,-0.001,1.366,10.55,0,-0.001,0.001,-0.012,-0.017,13.23,-1.6,0.6,100,0
"2025-11-19 01:15:00",111765,"",7999,2025,11,19,1,9,5,0.0069,0.739,0.005,-344577.6,0.689,0.004,1.367,10.57,0,0.004,0.001,0,-0.012,13.23,-1.6,0.6,100,0
"2025-11-19 01:18:00",111766,"",7999,2025,11,19,1,9,5,0.0069,0.739,0.005,-344577.6,0.689,0.004,1.367,10.57,0,0.004,0.001,0,-0.012,13.23,-1.6,0.6,100,0
"2025-11-19 01:21:00",111767,"",7999,2025,11,19,1,15,5,0.0041,0.737,0.003,-344575.7,0.687,0.004,1.364,10.56,0,0.004,0.002,-0.014,-0.012,13.23,-1.6,0.6,100,0
"2025-11-19 01:24:00",111768,"",7999,2025,11,19,1,15,5,0.0041,0.737,0.003,-344575.7,0.687,0.004,1.364,10.56,0,0.004,0.002,-0.014,-0.012,13.23,-1.6,0.6,100,0
"2025-11-19 01:27:00",111769,"",7999,2025,11,19,1,21,5,0.0065,0.736,0.005,-344573.6,0.686,0.004,1.361,10.55,0,0.004,0.001,-0.005,0,13.23,-1.6,0.6,100,0
"2025-11-19 01:30:00",111770,"",7999,2025,11,19,1,21,5,0.0065,0.736,0.005,-344573.6,0.686,0.004,1.361,10.55,0,0.004,0.001,-0.005,0,13.23,-1.6,0.6,100,0
"2025-11-19 01:33:00",111771,"",7999,2025,11,19,1,27,5,0.0085,0.739,0.006,-344570.8,0.689,0.005,1.368,10.58,0,0.005,0,-0.002,-0.007,13.23,-1.6,0.6,100,0
"2025-11-19 01:36:00",111772,"",7999,2025,11,19,1,27,5,0.0085,0.739,0.006,-344570.8,0.689,0.005,1.368,10.58,0,0.005,0,-0.002,-0.007,13.23,-1.6,0.6,100,0
"2025-11-19 01:39:00",111773,"",7999,2025,11,19,1,33,5,0.0067,0.741,0.005,-344568.1,0.691,0.004,1.371,10.6,0,0.004,0.001,0,-0.002,13.23,-1.6,0.6,100,0
"2025-11-19 01:42:00",111774,"",7999,2025,11,19,1,33,5,0.0067,0.741,0.005,-344568.1,0.691,0.004,1.371,10.6,0,0.004,0.001,0,-0.002,13.23,-1.6,0.6,100,0
"2025-11-19 01:45:00",111775,"",7999,2025,11,19,1,39,5,0.0337,0.753,0.024,-344559.2,0.703,0.024,1.393,10.64,0,0.024,0.001,0.012,0.017,13.23,-1.6,0.6,100,0
"2025-11-19 01:48:00",111776,"",7999,2025,11,19,1,39,5,0.0337,0.753,0.024,-344559.2,0.703,0.024,1.393,10.64,0,0.024,0.001,0.012,0.017,13.23,-1.6,0.6,100,0
"2025-11-19 01:51:00",111777,"",7999,2025,11,19,1,45,5,0.0365,0.765,0.026,-344546.4,0.715,0.025,1.415,10.63,0,0.025,-0.002,-0.002,0.021,13.23,-1.6,0.6,100,0
"2025-11-19 01:54:00",111778,"",7999,2025,11,19,1,45,5,0.0365,0.765,0.026,-344546.4,0.715,0.025,1.415,10.63,0,0.025,-0.002,-0.002,0.021,13.23,-1.6,0.6,100,0
"2025-11-19 01:57:00",111779,"",7999,2025,11,19,1,51,5,0.0514,0.776,0.036,-344529.7,0.726,0.035,1.436,10.65,0,0.035,-0.001,0.037,0.033,13.23,-1.6,0.6,100,0
"2025-11-19 02:00:00",111780,"",7999,2025,11,19,1,51,5,0.0514,0.776,0.036,-344529.7,0.726,0.035,1.436,10.65,0,0.035,-0.001,0.037,0.033,13.23,-1.6,0.6,100,0
"2025-11-19 02:03:00",111781,"",7999,2025,11,19,1,57,5,0.058,0.789,0.04,-344509.6,0.739,0.04,1.46,10.62,0,0.04,-0.001,0.016,0.043,13.23,-1.6,0.6,100,0
"2025-11-19 02:06:00",111782,"",7999,2025,11,19,1,57,5,0.058,0.789,0.04,-344509.6,0.739,0.04,1.46,10.62,0,0.04,-0.001,0.016,0.043,13.23,-1.6,0.6,100,0
"2025-11-19 02:09:00",111783,"",7999,2025,11,19,2,3,5,0.028,0.794,0.019,-344495.8,0.744,0.018,1.469,10.5,0,0.018,-0.001,0.012,0.012,13.23,-1.6,0.6,100,0
"2025-11-19 02:12:00",111784,"",7999,2025,11,19,2,3,5,0.028,0.794,0.019,-344495.8,0.744,0.018,1.469,10.5,0,0.018,-0.001,0.012,0.012,13.23,-1.6,0.6,100,0
"2025-11-19 02:15:00",111785,"",7999,2025,11,19,2,9,5,0.0258,0.801,0.017,-344486.3,0.751,0.017,1.483,10.43,0,0.017,0.001,0.012,0.014,13.23,-1.6,0.6,100,0
"2025-11-19 02:18:00",111786,"",7999,2025,11,19,2,9,5,0.0258,0.801,0.017,-344486.3,0.751,0.017,1.483,10.43,0,0.017,0.001,0.012,0.014,13.23,-1.6,0.6,100,0
"2025-11-19 02:21:00",111787,"",7999,2025,11,19,2,15,5,0.0014,0.807,0.001,-344482.8,0.757,0,1.494,10.35,0,0,0,0.009,-0.007,13.23,-1.6,0.6,100,0
"2025-11-19 02:24:00",111788,"",7999,2025,11,19,2,15,5,0.0014,0.807,0.001,-344482.8,0.757,0,1.494,10.35,0,0,0,0.009,-0.007,13.23,-1.6,0.6,100,0
"2025-11-19 02:27:00",111789,"",7999,2025,11,19,2,21,5,0.0229,0.813,0.015,-344477.2,0.763,0.015,1.505,10.34,0,0.015,0.001,-0.009,0.007,13.23,-1.6,0.6,100,0
"2025-11-19 02:30:00",111790,"",7999,2025,11,19,2,21,5,0.0229,0.813,0.015,-344477.2,0.763,0.015,1.505,10.34,0,0.015,0.001,-0.009,0.007,13.23,-1.6,0.6,100,0
"2025-11-19 02:33:00",111791,"",7999,2025,11,19,2,27,5,0.0557,0.825,0.036,-344461,0.775,0.036,1.528,10.37,0,0.036,-0.003,0.033,0.033,13.23,-1.6,0.6,100,0
"2025-11-19 02:36:00",111792,"",7999,2025,11,19,2,27,5,0.0557,0.825,0.036,-344461,0.775,0.036,1.528,10.37,0,0.036,-0.003,0.033,0.033,13.23,-1.6,0.6,100,0
"2025-11-19 02:39:00",111793,"",7999,2025,11,19,2,33,5,0.037,0.833,0.024,-344445.5,0.783,0.023,1.542,10.27,0,0.023,-0.001,0.012,0.021,13.23,-1.6,0.6,100,0
"2025-11-19 02:42:00",111794,"",7999,2025,11,19,2,33,5,0.037,0.833,0.024,-344445.5,0.783,0.023,1.542,10.27,0,0.023,-0.001,0.012,0.021,13.23,-1.6,0.6,100,0
"2025-11-19 02:45:00",111795,"",7999,2025,11,19,2,39,5,0.0035,0.833,0.002,-344440.2,0.783,0.001,1.542,10.2,0,0.001,-0.001,-0.009,-0.007,13.23,-1.6,0.6,100,0
"2025-11-19 02:48:00",111796,"",7999,2025,11,19,2,39,5,0.0035,0.833,0.002,-344440.2,0.783,0.001,1.542,10.2,0,0.001,-0.001,-0.009,-0.007,13.23,-1.6,0.6,100,0
"2025-11-19 02:51:00",111797,"",7999,2025,11,19,2,45,5,-0.022,0.829,-0.014,-344445.1,0.779,-0.013,1.535,10.24,0,-0.013,0.002,-0.028,-0.024,13.23,-1.6,0.6,100,0
"2025-11-19 02:54:00",111798,"",7999,2025,11,19,2,45,5,-0.022,0.829,-0.014,-344445.1,0.779,-0.013,1.535,10.24,0,-0.013,0.002,-0.028,-0.024,13.23,-1.6,0.6,100,0
"2025-11-19 02:57:00",111799,"",7999,2025,11,19,2,51,5,0.0041,0.831,0.003,-344446.7,0.781,0.002,1.537,10.25,0,0.002,0,0.005,-0.005,13.23,-1.6,0.6,100,0
"2025-11-19 03:00:00",111800,"",7999,2025,11,19,2,51,5,0.0041,0.831,0.003,-344446.7,0.781,0.002,1.537,10.25,0,0.002,0,0.005,-0.005,13.23,-1.6,0.6,100,0
"2025-11-19 03:03:00",111801,"",7999,2025,11,19,2,57,5,0.0284,0.836,0.018,-344439.3,0.786,0.018,1.547,10.27,0,0.018,-0.003,0,0.021,13.23,-1.6,0.6,100,0
"2025-11-19 03:06:00",111802,"",7999,2025,11,19,2,57,5,0.0284,0.836,0.018,-344439.3,0.786,0.018,1.547,10.27,0,0.018,-0.003,0,0.021,13.23,-1.6,0.6,100,0
"2025-11-19 03:09:00",111803,"",7999,2025,11,19,3,3,5,0.0111,0.838,0.007,-344433.3,0.788,0.006,1.552,10.23,0,0.006,0.001,-0.014,-0.002,13.23,-1.6,0.6,100,0
"2025-11-19 03:12:00",111804,"",7999,2025,11,19,3,3,5,0.0111,0.838,0.007,-344433.3,0.788,0.006,1.552,10.23,0,0.006,0.001,-0.014,-0.002,13.23,-1.6,0.6,100,0
"2025-11-19 03:15:00",111805,"",7999,2025,11,19,3,9,5,-0.0083,0.832,-0.005,-344433.9,0.782,-0.004,1.539,10.16,0,-0.004,0.001,0,-0.009,13.23,-1.6,0.6,100,0
"2025-11-19 03:18:00",111806,"",7999,2025,11,19,3,9,5,-0.0083,0.832,-0.005,-344433.9,0.782,-0.004,1.539,10.16,0,-0.004,0.001,0,-0.009,13.23,-1.6,0.6,100,0
"2025-11-19 03:21:00",111807,"",7999,2025,11,19,3,15,5,0.0019,0.823,0.001,-344434.4,0.773,0.002,1.523,10.12,0,0.002,0.001,0.023,-0.007,13.23,-1.6,0.6,100,0
"2025-11-19 03:24:00",111808,"",7999,2025,11,19,3,15,5,0.0019,0.823,0.001,-344434.4,0.773,0.002,1.523,10.12,0,0.002,0.001,0.023,-0.007,13.23,-1.6,0.6,100,0
"2025-11-19 03:27:00",111809,"",7999,2025,11,19,3,21,5,0.016,0.821,0.011,-344430.3,0.771,0.011,1.519,10.17,0,0.011,-0.001,0.023,0.009,13.23,-1.6,0.6,100,0
"2025-11-19 03:30:00",111810,"",7999,2025,11,19,3,21,5,0.016,0.821,0.011,-344430.3,0.771,0.011,1.519,10.17,0,0.011,-0.001,0.023,0.009,13.23,-1.6,0.6,100,0
"2025-11-19 03:33:00",111811,"",7999,2025,11,19,3,27,5,0.0097,0.824,0.006,-344426.1,0.774,0.006,1.525,10.19,0,0.006,-0.001,0,0.009,13.23,-1.6,0.6,100,0
"2025-11-19 03:36:00",111812,"",7999,2025,11,19,3,27,5,0.0097,0.824,0.006,-344426.1,0.774,0.006,1.525,10.19,0,0.006,-0.001,0,0.009,13.23,-1.6,0.6,100,0
"2025-11-19 03:39:00",111813,"",7999,2025,11,19,3,33,5,-0.002,0.826,-0.001,-344425.4,0.776,-0.001,1.528,10.25,0,-0.001,0.003,-0.019,-0.021,13.23,-1.6,0.6,100,0
"2025-11-19 03:42:00",111814,"",7999,2025,11,19,3,33,5,-0.002,0.826,-0.001,-344425.4,0.776,-0.001,1.528,10.25,0,-0.001,0.003,-0.019,-0.021,13.23,-1.6,0.6,100,0
"2025-11-19 03:45:00",111815,"",7999,2025,11,19,3,39,5,-0.006,0.823,-0.004,-344427.1,0.773,-0.002,1.523,10.2,0,-0.002,0.001,-0.014,-0.009,13.23,-1.6,0.6,100,0
"2025-11-19 03:48:00",111816,"",7999,2025,11,19,3,39,5,-0.006,0.823,-0.004,-344427.1,0.773,-0.002,1.523,10.2,0,-0.002,0.001,-0.014,-0.009,13.23,-1.6,0.6,100,0
"2025-11-19 03:51:00",111817,"",7999,2025,11,19,3,45,5,-0.0096,0.821,-0.006,-344430.1,0.771,-0.005,1.52,10.24,0,-0.005,0.002,-0.026,-0.019,13.23,-1.6,0.6,100,0
"2025-11-19 03:54:00",111818,"",7999,2025,11,19,3,45,5,-0.0096,0.821,-0.006,-344430.1,0.771,-0.005,1.52,10.24,0,-0.005,0.002,-0.026,-0.019,13.23,-1.6,0.6,100,0
"2025-11-19 03:57:00",111819,"",7999,2025,11,19,3,51,5,0.0109,0.824,0.007,-344428.7,0.774,0.007,1.524,10.28,0,0.007,-0.001,0.002,-0.005,13.23,-1.6,0.6,100,0
"2025-11-19 04:00:00",111820,"",7999,2025,11,19,3,51,5,0.0109,0.824,0.007,-344428.7,0.774,0.007,1.524,10.28,0,0.007,-0.001,0.002,-0.005,13.23,-1.6,0.6,100,0
"2025-11-19 04:03:00",111821,"",7999,2025,11,19,3,57,5,0.0187,0.833,0.012,-344422.8,0.783,0.012,1.541,10.34,0,0.012,-0.002,0.009,0.009,13.23,-1.6,0.6,100,0
"2025-11-19 04:06:00",111822,"",7999,2025,11,19,3,57,5,0.0187,0.833,0.012,-344422.8,0.783,0.012,1.541,10.34,0,0.012,-0.002,0.009,0.009,13.23,-1.6,0.6,100,0
"2025-11-19 04:09:00",111823,"",7999,2025,11,19,4,3,5,-0.0108,0.835,-0.007,-344423.2,0.785,-0.006,1.544,10.28,0,-0.006,-0.001,-0.016,-0.017,13.23,-1.6,0.6,100,0
"2025-11-19 04:12:00",111824,"",7999,2025,11,19,4,3,5,-0.0108,0.835,-0.007,-344423.2,0.785,-0.006,1.544,10.28,0,-0.006,-0.001,-0.016,-0.017,13.23,-1.6,0.6,100,0
"2025-11-19 04:15:00",111825,"",7999,2025,11,19,4,9,5,-0.0047,0.829,-0.003,-344425.7,0.779,-0.002,1.534,10.24,0,-0.002,0.006,-0.016,-0.028,13.23,-1.6,0.6,100,0
"2025-11-19 04:18:00",111826,"",7999,2025,11,19,4,9,5,-0.0047,0.829,-0.003,-344425.7,0.779,-0.002,1.534,10.24,0,-0.002,0.006,-0.016,-0.028,13.23,-1.6,0.6,100,0
"2025-11-19 04:21:00",111827,"",7999,2025,11,19,4,15,5,0.0016,0.83,0.001,-344425.8,0.78,0.001,1.536,10.31,0,0.001,0.001,-0.019,0.002,13.23,-1.6,0.6,100,0
"2025-11-19 04:24:00",111828,"",7999,2025,11,19,4,15,5,0.0016,0.83,0.001,-344425.8,0.78,0.001,1.536,10.31,0,0.001,0.001,-0.019,0.002,13.23,-1.6,0.6,100,0
"2025-11-19 04:27:00",111829,"",7999,2025,11,19,4,21,5,0.0233,0.834,0.015,-344420,0.784,0.016,1.544,10.34,0,0.016,-0.002,0.012,0.017,13.23,-1.6,0.6,100,0
"2025-11-19 04:30:00",111830,"",7999,2025,11,19,4,21,5,0.0233,0.834,0.015,-344420,0.784,0.016,1.544,10.34,0,0.016,-0.002,0.012,0.017,13.23,-1.6,0.6,100,0
"2025-11-19 04:33:00",111831,"",7999,2025,11,19,4,27,5,0.0257,0.84,0.017,-344411,0.79,0.016,1.555,10.28,0,0.016,-0.001,0.026,0.012,13.23,-1.6,0.6,100,0
"2025-11-19 04:36:00",111832,"",7999,2025,11,19,4,27,5,0.0257,0.84,0.017,-344411,0.79,0.016,1.555,10.28,0,0.016,-0.001,0.026,0.012,13.23,-1.6,0.6,100,0
"2025-11-19 04:39:00",111833,"",7999,2025,11,19,4,33,5,-0.0134,0.834,-0.009,-344411.2,0.784,-0.008,1.543,10.26,0,-0.008,0.001,-0.005,-0.026,13.23,-1.6,0.6,100,0
"2025-11-19 04:42:00",111834,"",7999,2025,11,19,4,33,5,-0.0134,0.834,-0.009,-344411.2,0.784,-0.008,1.543,10.26,0,-0.008,0.001,-0.005,-0.026,13.23,-1.6,0.6,100,0
"2025-11-19 04:45:00",111835,"",7999,2025,11,19,4,39,5,-0.0213,0.825,-0.014,-344417.9,0.775,-0.015,1.526,10.22,0,-0.015,0,-0.026,-0.038,13.23,-1.6,0.6,100,0
"2025-11-19 04:48:00",111836,"",7999,2025,11,19,4,39,5,-0.0213,0.825,-0.014,-344417.9,0.775,-0.015,1.526,10.22,0,-0.015,0,-0.026,-0.038,13.23,-1.6,0.6,100,0
"2025-11-19 04:51:00",111837,"",7999,2025,11,19,4,45,5,-0.0195,0.818,-0.013,-344425.2,0.768,-0.011,1.513,10.2,0,-0.011,0.002,-0.016,-0.021,13.23,-1.6,0.6,100,0
"2025-11-19 04:54:00",111838,"",7999,2025,11,19,4,45,5,-0.0195,0.818,-0.013,-344425.2,0.768,-0.011,1.513,10.2,0,-0.011,0.002,-0.016,-0.021,13.23,-1.6,0.6,100,0
"2025-11-19 04:57:00",111839,"",7999,2025,11,19,4,51,5,-0.0224,0.816,-0.015,-344432.9,0.766,-0.013,1.51,10.26,0,-0.013,-0.003,-0.002,-0.017,13.23,-1.6,0.6,100,0
"2025-11-19 05:00:00",111840,"",7999,2025,11,19,4,51,5,-0.0224,0.816,-0.015,-344432.9,0.766,-0.013,1.51,10.26,0,-0.013,-0.003,-0.002,-0.017,13.23,-1.6,0.6,100,0
"2025-11-19 05:03:00",111841,"",7999,2025,11,19,4,57,5,0.0117,0.814,0.008,-344432.8,0.764,0.007,1.507,10.3,0,0.007,0,0.007,0.007,13.23,-1.6,0.6,100,0
"2025-11-19 05:06:00",111842,"",7999,2025,11,19,4,57,5,0.0117,0.814,0.008,-344432.8,0.764,0.007,1.507,10.3,0,0.007,0,0.007,0.007,13.23,-1.6,0.6,100,0
"2025-11-19 05:09:00",111843,"",7999,2025,11,19,5,3,5,-0.0231,0.807,-0.015,-344436.9,0.757,-0.015,1.494,10.19,0,-0.015,0.003,0,-0.021,13.23,-1.6,0.6,100,0
"2025-11-19 05:12:00",111844,"",7999,2025,11,19,5,3,5,-0.0231,0.807,-0.015,-344436.9,0.757,-0.015,1.494,10.19,0,-0.015,0.003,0,-0.021,13.23,-1.6,0.6,100,0
"2025-11-19 05:15:00",111845,"",7999,2025,11,19,5,9,5,-0.0395,0.795,-0.027,-344449.2,0.745,-0.027,1.471,10.13,0,-0.027,0.009,-0.016,-0.05,13.23,-1.6,0.6,100,0
"2025-11-19 05:18:00",111846,"",7999,2025,11,19,5,9,5,-0.0395,0.795,-0.027,-344449.2,0.745,-0.027,1.471,10.13,0,-0.027,0.009,-0.016,-0.05,13.23,-1.6,0.6,100,0
"2025-11-19 05:21:00",111847,"",7999,2025,11,19,5,15,5,-0.0569,0.784,-0.039,-344467.6,0.734,-0.037,1.451,10.1,0,-0.037,0.007,-0.014,-0.057,13.23,-1.6,0.6,100,0
"2025-11-19 05:24:00",111848,"",7999,2025,11,19,5,15,5,-0.0569,0.784,-0.039,-344467.6,0.734,-0.037,1.451,10.1,0,-0.037,0.007,-0.014,-0.057,13.23,-1.6,0.6,100,0
"2025-11-19 05:27:00",111849,"",7999,2025,11,19,5,21,5,-0.032,0.78,-0.022,-344482.1,0.73,-0.022,1.444,10.15,0,-0.022,0.002,-0.002,-0.021,13.23,-1.6,0.6,100,0
"2025-11-19 05:30:00",111850,"",7999,2025,11,19,5,21,5,-0.032,0.78,-0.022,-344482.1,0.73,-0.022,1.444,10.15,0,-0.022,0.002,-0.002,-0.021,13.23,-1.6,0.6,100,0
"2025-11-19 05:33:00",111851,"",7999,2025,11,19,5,27,5,-0.0239,0.772,-0.017,-344491.7,0.722,-0.015,1.429,10.17,0,-0.015,0.001,-0.007,-0.017,13.23,-1.6,0.6,100,0
"2025-11-19 05:36:00",111852,"",7999,2025,11,19,5,27,5,-0.0239,0.772,-0.017,-344491.7,0.722,-0.015,1.429,10.17,0,-0.015,0.001,-0.007,-0.017,13.23,-1.6,0.6,100,0
"2025-11-19 05:39:00",111853,"",7999,2025,11,19,5,33,5,-0.0038,0.762,-0.003,-344495.5,0.712,-0.001,1.41,10.18,0,-0.001,0.005,0.005,-0.002,13.23,-1.6,0.6,100,0
"2025-11-19 05:42:00",111854,"",7999,2025,11,19,5,33,5,-0.0038,0.762,-0.003,-344495.5,0.712,-0.001,1.41,10.18,0,-0.001,0.005,0.005,-0.002,13.23,-1.6,0.6,100,0
"2025-11-19 05:45:00",111855,"",7999,2025,11,19,5,39,5,-0.036,0.748,-0.026,-344504.6,0.698,-0.025,1.384,10.22,0,-0.025,-0.002,0,-0.024,13.23,-1.6,0.6,100,0
"2025-11-19 05:48:00",111856,"",7999,2025,11,19,5,39,5,-0.036,0.748,-0.026,-344504.6,0.698,-0.025,1.384,10.22,0,-0.025,-0.002,0,-0.024,13.23,-1.6,0.6,100,0
"2025-11-19 05:51:00",111857,"",7999,2025,11,19,5,45,5,-0.0321,0.736,-0.024,-344516.7,0.686,-0.022,1.361,10.19,0,-0.022,0.003,-0.005,-0.007,13.23,-1.6,0.6,100,0
"2025-11-19 05:54:00",111858,"",7999,2025,11,19,5,45,5,-0.0321,0.736,-0.024,-344516.7,0.686,-0.022,1.361,10.19,0,-0.022,0.003,-0.005,-0.007,13.23,-1.6,0.6,100,0
"2025-11-19 05:57:00",111859,"",7999,2025,11,19,5,51,5,0.0009,0.735,0.001,-344520.3,0.685,0.002,1.36,10.28,0,0.002,0.001,0,0.002,13.23,-1.6,0.6,100,0
"2025-11-19 06:00:00",111860,"",7999,2025,11,19,5,51,5,0.0009,0.735,0.001,-344520.3,0.685,0.002,1.36,10.28,0,0.002,0.001,0,0.002,13.23,-1.6,0.6,100,0
"2025-11-19 06:03:00",111861,"",7999,2025,11,19,5,57,5,-0.0038,0.729,-0.003,-344521.1,0.679,-0.002,1.348,10.25,0,-0.002,-0.002,0.007,0.002,13.23,-1.6,0.6,100,0
"2025-11-19 06:06:00",111862,"",7999,2025,11,19,5,57,5,-0.0038,0.729,-0.003,-344521.1,0.679,-0.002,1.348,10.25,0,-0.002,-0.002,0.007,0.002,13.23,-1.6,0.6,100,0
"2025-11-19 06:09:00",111863,"",7999,2025,11,19,6,3,5,-0.0002,0.722,0,-344521.6,0.672,0,1.337,10.23,0,0,0,0.012,-0.002,13.23,-1.6,0.6,100,0
"2025-11-19 06:12:00",111864,"",7999,2025,11,19,6,3,5,-0.0002,0.722,0,-344521.6,0.672,0,1.337,10.23,0,0,0,0.012,-0.002,13.23,-1.6,0.6,100,0
"2025-11-19 06:15:00",111865,"",7999,2025,11,19,6,9,5,0.0033,0.723,0.003,-344520.8,0.673,0.004,1.338,10.28,0,0.004,0.004,0.03,-0.002,13.23,-1.6,0.6,100,0
"2025-11-19 06:18:00",111866,"",7999,2025,11,19,6,9,5,0.0033,0.723,0.003,-344520.8,0.673,0.004,1.338,10.28,0,0.004,0.004,0.03,-0.002,13.23,-1.6,0.6,100,0
"2025-11-19 06:21:00",111867,"",7999,2025,11,19,6,15,5,-0.0111,0.72,-0.008,-344523.1,0.67,-0.007,1.332,10.31,0,-0.007,0.003,-0.002,-0.026,13.23,-1.6,0.6,100,0
"2025-11-19 06:24:00",111868,"",7999,2025,11,19,6,15,5,-0.0111,0.72,-0.008,-344523.1,0.67,-0.007,1.332,10.31,0,-0.007,0.003,-0.002,-0.026,13.23,-1.6,0.6,100,0
"2025-11-19 06:27:00",111869,"",7999,2025,11,19,6,21,5,-0.0043,0.721,-0.003,-344525.5,0.671,-0.004,1.334,10.32,0,-0.004,-0.002,-0.005,-0.005,13.23,-1.6,0.6,100,0
"2025-11-19 06:30:00",111870,"",7999,2025,11,19,6,21,5,-0.0043,0.721,-0.003,-344525.5,0.671,-0.004,1.334,10.32,0,-0.004,-0.002,-0.005,-0.005,13.23,-1.6,0.6,100,0
"2025-11-19 06:33:00",111871,"",7999,2025,11,19,6,27,5,0.0009,0.141,0.004,-344525.8,0.091,0.004,0.262,10.33,0,0.004,0.005,0,0,13.23,-1.6,0.6,100,0
"2025-11-19 06:36:00",111872,"",7999,2025,11,19,6,27,5,0.0009,0.141,0.004,-344525.8,0.091,0.004,0.262,10.33,0,0.004,0.005,0,0,13.23,-1.6,0.6,100,0
"2025-11-19 06:39:00",111873,"",7999,2025,11,19,6,33,5,0.0047,0.569,0.004,-344524.5,0.519,0.004,1.053,10.29,0,0.004,0.001,0.014,-0.005,13.23,-1.6,0.6,100,0
"2025-11-19 06:42:00",111874,"",7999,2025,11,19,6,33,5,0.0047,0.569,0.004,-344524.5,0.519,0.004,1.053,10.29,0,0.004,0.001,0.014,-0.005,13.23,-1.6,0.6,100,0
"2025-11-19 06:45:00",111875,"",7999,2025,11,19,6,39,5,-0.0003,0.218,-0.001,-344524,0.168,-0.001,0.403,10.29,0,-0.001,-0.002,-0.009,-0.002,13.23,-1.6,0.6,100,0
"2025-11-19 06:48:00",111876,"",7999,2025,11,19,6,39,5,-0.0003,0.218,-0.001,-344524,0.168,-0.001,0.403,10.29,0,-0.001,-0.002,-0.009,-0.002,13.23,-1.6,0.6,100,0
"2025-11-19 06:51:00",111877,"",7999,2025,11,19,6,45,5,0.0001,0.179,0,-344524,0.129,0.001,0.331,10.3,0,0.001,0.001,0,0,13.23,-1.6,0.6,100,0
"2025-11-19 06:54:00",111878,"",7999,2025,11,19,6,45,5,0.0001,0.179,0,-344524,0.129,0.001,0.331,10.3,0,0.001,0.001,0,0,13.23,-1.6,0.6,100,0
"2025-11-19 06:57:00",111879,"",7999,2025,11,19,6,51,5,-0,0.207,0,-344524,0.157,0,0.384,10.3,0,0,0,0,0,13.23,-1.6,0.6,100,0
"2025-11-19 07:00:00",111880,"",7999,2025,11,19,6,51,5,-0,0.207,0,-344524,0.157,0,0.384,10.3,0,0,0,0,0,13.23,-1.6,0.6,100,0
"2025-11-19 07:03:00",111881,"",7999,2025,11,19,6,57,5,-0.0021,0.157,-0.007,-344524.5,0.107,-0.007,0.291,10.3,0,-0.007,-0.001,0,0,13.23,-1.6,0.6,100,0
"2025-11-19 07:06:00",111882,"",7999,2025,11,19,6,57,5,-0.0021,0.157,-0.007,-344524.5,0.107,-0.007,0.291,10.3,0,-0.007,-0.001,0,0,13.23,-1.6,0.6,100,0
"2025-11-19 07:09:00",111883,"",7999,2025,11,19,7,3,5,0.0098,0.173,0.031,-344522.4,0.123,0.034,0.321,10.3,0,0.034,-0.021,0,0,13.23,-1.6,0.6,100,0
"2025-11-19 07:12:00",111884,"",7999,2025,11,19,7,3,5,0.0098,0.173,0.031,-344522.4,0.123,0.034,0.321,10.3,0,0.034,-0.021,0,0,13.23,-1.6,0.6,100,0
"2025-11-19 07:15:00",111885,"",7999,2025,11,19,7,9,5,0.0007,0.156,0.003,-344521.1,0.106,0.002,0.289,10.34,0,0.002,-0.007,0,0,13.23,-1.6,0.6,100,0
"2025-11-19 07:18:00",111886,"",7999,2025,11,19,7,9,5,0.0007,0.156,0.003,-344521.1,0.106,0.002,0.289,10.34,0,0.002,-0.007,0,0,13.23,-1.6,0.6,100,0
"2025-11-19 07:21:00",111887,"",7999,2025,11,19,7,15,5,-0.0022,0.201,-0.006,-344521.5,0.151,-0.006,0.373,10.33,0,-0.006,-0.035,0,0,13.23,-1.6,0.6,100,0
"2025-11-19 07:24:00",111888,"",7999,2025,11,19,7,15,5,-0.0022,0.201,-0.006,-344521.5,0.151,-0.006,0.373,10.33,0,-0.006,-0.035,0,0,13.23,-1.6,0.6,100,0
"2025-11-19 07:27:00",111889,"",7999,2025,11,19,7,21,5,-0.0002,0.154,-0.001,-344521.8,0.104,-0.001,0.285,10.28,0,-0.001,-0.014,0,0,13.23,-1.6,0.6,100,0
"2025-11-19 07:30:00",111890,"",7999,2025,11,19,7,21,5,-0.0002,0.154,-0.001,-344521.8,0.104,-0.001,0.285,10.28,0,-0.001,-0.014,0,0,13.23,-1.6,0.6,100,0
"2025-11-19 07:33:00",111891,"",7999,2025,11,19,7,27,5,-0.0033,0.149,-0.012,-344522.7,0.099,-0.013,0.275,10.29,0,-0.013,-0.002,0,0,13.23,-1.6,0.6,100,0
"2025-11-19 07:36:00",111892,"",7999,2025,11,19,7,27,5,-0.0033,0.149,-0.012,-344522.7,0.099,-0.013,0.275,10.29,0,-0.013,-0.002,0,0,13.23,-1.6,0.6,100,0
"2025-11-19 07:39:00",111893,"",7999,2025,11,19,7,33,5,0.0633,0.155,0.22,-344507.9,0.105,0.234,0.288,10.34,0,0.234,0.083,0,0,13.23,-1.6,0.6,100,0
"2025-11-19 07:42:00",111894,"",7999,2025,11,19,7,33,5,0.0633,0.155,0.22,-344507.9,0.105,0.234,0.288,10.34,0,0.234,0.083,0,0,13.23,-1.6,0.6,100,0
"2025-11-19 07:45:00",111895,"",7999,2025,11,19,7,39,5,0.011,0.142,0.042,-344497.6,0.092,0.045,0.264,10.31,0,0.045,-0.002,0,0,13.23,-1.6,0.6,100,0
"2025-11-19 07:48:00",111896,"",7999,2025,11,19,7,39,5,0.011,0.142,0.042,-344497.6,0.092,0.045,0.264,10.31,0,0.045,-0.002,0,0,13.23,-1.6,0.6,100,0
"2025-11-19 07:51:00",111897,"",7999,2025,11,19,7,45,5,-0.0033,0.148,-0.012,-344497.1,0.098,-0.013,0.273,10.35,0,-0.013,0.015,0,0,13.23,-1.6,0.6,100,0
"2025-11-19 07:54:00",111898,"",7999,2025,11,19,7,45,5,-0.0033,0.148,-0.012,-344497.1,0.098,-0.013,0.273,10.35,0,-0.013,0.015,0,0,13.23,-1.6,0.6,100,0
"2025-11-19 07:57:00",111899,"",7999,2025,11,19,7,51,5,-0.0065,0.157,-0.023,-344499.1,0.107,-0.024,0.29,10.37,0,-0.024,-0.002,0,0,13.23,-1.6,0.6,100,0
"2025-11-19 08:00:00",111900,"",7999,2025,11,19,7,51,5,-0.0065,0.157,-0.023,-344499.1,0.107,-0.024,0.29,10.37,0,-0.024,-0.002,0,0,13.23,-1.6,0.6,100,0
"2025-11-19 08:03:00",111901,"",7999,2025,11,19,7,57,5,0.0071,0.142,0.027,-344498.1,0.092,0.029,0.263,10.35,0,0.029,0.027,0,0,13.23,-1.6,0.6,100,0
"2025-11-19 08:06:00",111902,"",7999,2025,11,19,7,57,5,0.0071,0.142,0.027,-344498.1,0.092,0.029,0.263,10.35,0,0.029,0.027,0,0,13.23,-1.6,0.6,100,0
"2025-11-19 08:09:00",111903,"",7999,2025,11,19,8,3,5,0.0028,0.149,0.01,-344496.6,0.099,0.011,0.277,10.32,0,0.011,0.02,0,0,13.23,-1.6,0.6,100,0
"2025-11-19 08:12:00",111904,"",7999,2025,11,19,8,3,5,0.0028,0.149,0.01,-344496.6,0.099,0.011,0.277,10.32,0,0.011,0.02,0,0,13.23,-1.6,0.6,100,0
"2025-11-19 08:15:00",111905,"",7999,2025,11,19,8,9,5,-0.0396,0.145,-0.147,-344505.8,0.095,-0.158,0.269,10.29,0,-0.158,0.01,0,0,13.23,-1.6,0.6,100,0
"2025-11-19 08:18:00",111906,"",7999,2025,11,19,8,9,5,-0.0396,0.145,-0.147,-344505.8,0.095,-0.158,0.269,10.29,0,-0.158,0.01,0,0,13.23,-1.6,0.6,100,0
"2025-11-19 08:21:00",111907,"",7999,2025,11,19,8,15,5,0.0095,0.146,0.035,-344508.3,0.096,0.038,0.27,10.29,0,0.038,0.022,0,0,13.23,-1.6,0.6,100,0
"2025-11-19 08:24:00",111908,"",7999,2025,11,19,8,15,5,0.0095,0.146,0.035,-344508.3,0.096,0.038,0.27,10.29,0,0.038,0.022,0,0,13.23,-1.6,0.6,100,0
"2025-11-19 08:27:00",111909,"",7999,2025,11,19,8,21,5,-0.0301,0.162,-0.1,-344514.3,0.112,-0.106,0.301,10.29,0,-0.106,0.006,0,0,13.23,-1.6,0.6,100,0
"2025-11-19 08:30:00",111910,"",7999,2025,11,19,8,21,5,-0.0301,0.162,-0.1,-344514.3,0.112,-0.106,0.301,10.29,0,-0.106,0.006,0,0,13.23,-1.6,0.6,100,0
"2025-11-19 08:33:00",111911,"",7999,2025,11,19,8,27,5,0.0124,0.149,0.045,-344515,0.099,0.048,0.277,10.29,0,0.048,0.002,0,0,13.23,-1.6,0.6,100,0
"2025-11-19 08:36:00",111912,"",7999,2025,11,19,8,27,5,0.0124,0.149,0.045,-344515,0.099,0.048,0.277,10.29,0,0.048,0.002,0,0,13.23,-1.6,0.6,100,0
"2025-11-19 08:39:00",111913,"",7999,2025,11,19,8,33,5,-0.0045,0.146,-0.017,-344514.6,0.096,-0.018,0.27,10.32,0,-0.018,-0.025,0,0,13.23,-1.6,0.6,100,0
"2025-11-19 08:42:00",111914,"",7999,2025,11,19,8,33,5,-0.0045,0.146,-0.017,-344514.6,0.096,-0.018,0.27,10.32,0,-0.018,-0.025,0,0,13.23,-1.6,0.6,100,0
"2025-11-19 08:45:00",111915,"",7999,2025,11,19,8,39,5,-0.004,0.146,-0.015,-344516.1,0.096,-0.016,0.27,10.33,0,-0.016,-0.004,0,0,13.23,-1.6,0.6,100,0
"2025-11-19 08:48:00",111916,"",7999,2025,11,19,8,39,5,-0.004,0.146,-0.015,-344516.1,0.096,-0.016,0.27,10.33,0,-0.016,-0.004,0,0,13.23,-1.6,0.6,100,0
"2025-11-19 08:51:00",111917,"",7999,2025,11,19,8,45,5,0.0115,0.164,0.038,-344513.8,0.114,0.04,0.304,10.34,0,0.04,-0.022,0,0,13.23,-1.6,0.6,100,0
"2025-11-19 08:54:00",111918,"",7999,2025,11,19,8,45,5,0.0115,0.164,0.038,-344513.8,0.114,0.04,0.304,10.34,0,0.04,-0.022,0,0,13.23,-1.6,0.6,100,0
"2025-11-19 08:57:00",111919,"",7999,2025,11,19,8,51,5,-0.0005,0.151,-0.002,-344512.5,0.101,-0.002,0.281,10.34,0,-0.002,0.051,0,0,13.23,-1.6,0.6,100,0
"2025-11-19 09:00:00",111920,"",7999,2025,11,19,8,51,5,-0.0005,0.151,-0.002,-344512.5,0.101,-0.002,0.281,10.34,0,-0.002,0.051,0,0,13.23,-1.6,0.6,100,0
"2025-11-19 09:03:00",111921,"",7999,2025,11,19,8,57,5,-0.0171,0.171,-0.054,-344516.7,0.121,-0.057,0.316,10.34,0,-0.057,0.011,0,0,13.23,-1.6,0.6,100,0
"2025-11-19 09:06:00",111922,"",7999,2025,11,19,8,57,5,-0.0171,0.171,-0.054,-344516.7,0.121,-0.057,0.316,10.34,0,-0.057,0.011,0,0,13.23,-1.6,0.6,100,0
"2025-11-19 09:09:00",111923,"",7999,2025,11,19,9,3,5,-0.044,0.174,-0.136,-344529.3,0.124,-0.143,0.323,10.36,0,-0.143,-0.006,0,0,13.23,-1.6,0.6,100,0
"2025-11-19 09:12:00",111924,"",7999,2025,11,19,9,3,5,-0.044,0.174,-0.136,-344529.3,0.124,-0.143,0.323,10.36,0,-0.143,-0.006,0,0,13.23,-1.6,0.6,100,0
"2025-11-19 09:15:00",111925,"",7999,2025,11,19,9,9,5,-0.0159,0.146,-0.059,-344538.4,0.096,-0.063,0.27,10.35,0,-0.063,0.015,0,0,13.23,-1.7,0.6,100,0
"2025-11-19 09:18:00",111926,"",7999,2025,11,19,9,9,5,-0.0159,0.146,-0.059,-344538.4,0.096,-0.063,0.27,10.35,0,-0.063,0.015,0,0,13.23,-1.7,0.6,100,0
"2025-11-19 09:21:00",111927,"",7999,2025,11,19,9,15,5,0.0125,0.143,0.047,-344537.3,0.093,0.051,0.264,10.36,0,0.051,0.031,0,0,13.23,-1.6,0.6,100,0
"2025-11-19 09:24:00",111928,"",7999,2025,11,19,9,15,5,0.0125,0.143,0.047,-344537.3,0.093,0.051,0.264,10.36,0,0.051,0.031,0,0,13.23,-1.6,0.6,100,0
"2025-11-19 09:27:00",111929,"",7999,2025,11,19,9,21,5,0.0124,0.141,0.047,-344532.8,0.091,0.051,0.262,10.34,0,0.051,-0.007,0,0,13.23,-1.6,0.6,100,0
"2025-11-19 09:30:00",111930,"",7999,2025,11,19,9,21,5,0.0124,0.141,0.047,-344532.8,0.091,0.051,0.262,10.34,0,0.051,-0.007,0,0,13.23,-1.6,0.6,100,0
"2025-11-19 09:33:00",111931,"",7999,2025,11,19,9,27,5,0.0082,0.141,0.032,-344529.4,0.091,0.034,0.261,10.37,0,0.034,0.032,0,0,13.23,-1.7,0.6,100,0
"2025-11-19 09:36:00",111932,"",7999,2025,11,19,9,27,5,0.0082,0.141,0.032,-344529.4,0.091,0.034,0.261,10.37,0,0.034,0.032,0,0,13.23,-1.7,0.6,100,0
"2025-11-19 09:39:00",111933,"",7999,2025,11,19,9,33,5,0.0334,0.191,0.094,-344520.3,0.141,0.098,0.354,10.36,0,0.098,-0.045,0,0,13.23,-1.7,0.6,100,0
"2025-11-19 09:42:00",111934,"",7999,2025,11,19,9,33,5,0.0334,0.191,0.094,-344520.3,0.141,0.098,0.354,10.36,0,0.098,-0.045,0,0,13.23,-1.7,0.6,100,0
"2025-11-19 09:45:00",111935,"",7999,2025,11,19,9,39,5,0.0028,0.136,0.011,-344515.7,0.086,0.012,0.253,10.39,0,0.012,-0.032,0,0,13.23,-1.7,0.6,100,0
"2025-11-19 09:48:00",111936,"",7999,2025,11,19,9,39,5,0.0028,0.136,0.011,-344515.7,0.086,0.012,0.253,10.39,0,0.012,-0.032,0,0,13.23,-1.7,0.6,100,0
"2025-11-19 09:51:00",111937,"",7999,2025,11,19,9,45,5,0.0132,0.133,0.054,-344512.2,0.083,0.058,0.247,10.41,0,0.058,0.025,0,0,13.23,-1.7,0.6,100,0
"2025-11-19 09:54:00",111938,"",7999,2025,11,19,9,45,5,0.0132,0.133,0.054,-344512.2,0.083,0.058,0.247,10.41,0,0.058,0.025,0,0,13.23,-1.7,0.6,100,0
"2025-11-19 09:57:00",111939,"",7999,2025,11,19,9,51,5,-0.0177,0.15,-0.064,-344514.8,0.1,-0.068,0.278,10.44,0,-0.068,-0.023,0,0,13.23,-1.7,0.6,100,0
"2025-11-19 10:00:00",111940,"",7999,2025,11,19,9,51,5,-0.0177,0.15,-0.064,-344514.8,0.1,-0.068,0.278,10.44,0,-0.068,-0.023,0,0,13.23,-1.7,0.6,100,0
"2025-11-19 10:03:00",111941,"",7999,2025,11,19,9,57,5,-0.017,0.141,-0.065,-344521,0.091,-0.07,0.262,10.43,0,-0.07,0.024,0,0,13.23,-1.6,0.6,100,0
"2025-11-19 10:06:00",111942,"",7999,2025,11,19,9,57,5,-0.017,0.141,-0.065,-344521,0.091,-0.07,0.262,10.43,0,-0.07,0.024,0,0,13.23,-1.6,0.6,100,0
"2025-11-19 10:09:00",111943,"",7999,2025,11,19,10,3,5,0.0041,0.133,0.017,-344522.1,0.083,0.018,0.247,10.42,0,0.018,0.013,0,0,13.23,-1.7,0.6,100,0
"2025-11-19 10:12:00",111944,"",7999,2025,11,19,10,3,5,0.0041,0.133,0.017,-344522.1,0.083,0.018,0.247,10.42,0,0.018,0.013,0,0,13.23,-1.7,0.6,100,0
"2025-11-19 10:15:00",111945,"",7999,2025,11,19,10,9,5,0.0027,0.156,0.009,-344520.9,0.106,0.01,0.29,10.43,0,0.01,0.002,0,0,13.23,-1.7,0.6,100,0
"2025-11-19 10:18:00",111946,"",7999,2025,11,19,10,9,5,0.0027,0.156,0.009,-344520.9,0.106,0.01,0.29,10.43,0,0.01,0.002,0,0,13.23,-1.7,0.6,100,0
"2025-11-19 10:21:00",111947,"",7999,2025,11,19,10,15,5,0.0102,0.148,0.037,-344518.2,0.098,0.04,0.275,10.46,0,0.04,-0.004,0,0,13.23,-1.7,0.6,100,0
"2025-11-19 10:24:00",111948,"",7999,2025,11,19,10,15,5,0.0102,0.148,0.037,-344518.2,0.098,0.04,0.275,10.46,0,0.04,-0.004,0,0,13.23,-1.7,0.6,100,0
"2025-11-19 10:27:00",111949,"",7999,2025,11,19,10,21,5,-0.0162,0.165,-0.053,-344520.8,0.115,-0.056,0.306,10.45,0,-0.056,-0.017,0,0,13.23,-1.7,0.6,100,0
"2025-11-19 10:30:00",111950,"",7999,2025,11,19,10,21,5,-0.0162,0.165,-0.053,-344520.8,0.115,-0.056,0.306,10.45,0,-0.056,-0.017,0,0,13.23,-1.7,0.6,100,0
"2025-11-19 10:33:00",111951,"",7999,2025,11,19,10,27,5,-0.012,0.134,-0.048,-344525.7,0.084,-0.052,0.249,10.48,0,-0.052,-0.054,0,0,13.23,-1.7,0.6,100,0
"2025-11-19 10:36:00",111952,"",7999,2025,11,19,10,27,5,-0.012,0.134,-0.048,-344525.7,0.084,-0.052,0.249,10.48,0,-0.052,-0.054,0,0,13.23,-1.7,0.6,100,0
"2025-11-19 10:39:00",111953,"",7999,2025,11,19,10,33,5,0.0151,0.139,0.059,-344523.4,0.089,0.063,0.258,10.52,0,0.063,0.019,0,0,13.23,-1.7,0.6,100,0
"2025-11-19 10:42:00",111954,"",7999,2025,11,19,10,33,5,0.0151,0.139,0.059,-344523.4,0.089,0.063,0.258,10.52,0,0.063,0.019,0,0,13.23,-1.7,0.6,100,0
"2025-11-19 10:45:00",111955,"",7999,2025,11,19,10,39,5,-0.0276,0.164,-0.091,-344528.3,0.114,-0.096,0.304,10.49,0,-0.096,-0.002,0,0,13.23,-1.7,0.6,100,0
"2025-11-19 10:48:00",111956,"",7999,2025,11,19,10,39,5,-0.0276,0.164,-0.091,-344528.3,0.114,-0.096,0.304,10.49,0,-0.096,-0.002,0,0,13.23,-1.7,0.6,100,0
"2025-11-19 10:51:00",111957,"",7999,2025,11,19,10,45,5,-0.014,0.152,-0.05,-344535,0.102,-0.053,0.282,10.5,0,-0.053,-0.006,0,0,13.23,-1.7,0.6,100,0
"2025-11-19 10:54:00",111958,"",7999,2025,11,19,10,45,5,-0.014,0.152,-0.05,-344535,0.102,-0.053,0.282,10.5,0,-0.053,-0.006,0,0,13.23,-1.7,0.6,100,0
"2025-11-19 10:57:00",111959,"",7999,2025,11,19,10,51,5,-0.0048,0.172,-0.015,-344537.8,0.122,-0.016,0.319,10.5,0,-0.016,-0.002,0,0,13.23,-1.7,0.6,100,0
"2025-11-19 11:00:00",111960,"",7999,2025,11,19,10,51,5,-0.0048,0.172,-0.015,-344537.8,0.122,-0.016,0.319,10.5,0,-0.016,-0.002,0,0,13.23,-1.7,0.6,100,0
"2025-11-19 11:03:00",111961,"",7999,2025,11,19,10,57,5,-0.0077,0.176,-0.024,-344540.3,0.126,-0.025,0.327,10.5,0,-0.025,0.012,0,0,13.23,-1.7,0.6,100,0
"2025-11-19 11:06:00",111962,"",7999,2025,11,19,10,57,5,-0.0077,0.176,-0.024,-344540.3,0.126,-0.025,0.327,10.5,0,-0.025,0.012,0,0,13.23,-1.7,0.6,100,0
"2025-11-19 11:09:00",111963,"",7999,2025,11,19,11,3,5,0.0571,0.233,0.133,-344527.5,0.183,0.136,0.431,10.48,0,0.136,0.033,0.002,0.021,13.23,-1.7,0.6,100,0
"2025-11-19 11:12:00",111964,"",7999,2025,11,19,11,3,5,0.0571,0.233,0.133,-344527.5,0.183,0.136,0.431,10.48,0,0.136,0.033,0.002,0.021,13.23,-1.7,0.6,100,0
"2025-11-19 11:15:00",111965,"",7999,2025,11,19,11,9,5,-0.0235,0.597,-0.021,-344526.3,0.547,-0.019,1.104,10.5,0,-0.019,-0.009,0.002,-0.002,13.23,-1.7,0.6,100,0
"2025-11-19 11:18:00",111966,"",7999,2025,11,19,11,9,5,-0.0235,0.597,-0.021,-344526.3,0.547,-0.019,1.104,10.5,0,-0.019,-0.009,0.002,-0.002,13.23,-1.7,0.6,100,0
"2025-11-19 11:21:00",111967,"",7999,2025,11,19,11,15,5,-0.0052,0.603,-0.005,-344530.4,0.553,-0.004,1.116,10.6,0,-0.004,-0.001,0,-0.002,13.23,-1.7,0.6,100,0
"2025-11-19 11:24:00",111968,"",7999,2025,11,19,11,15,5,-0.0052,0.603,-0.005,-344530.4,0.553,-0.004,1.116,10.6,0,-0.004,-0.001,0,-0.002,13.23,-1.7,0.6,100,0
"2025-11-19 11:27:00",111969,"",7999,2025,11,19,11,21,5,-0.0104,0.61,-0.009,-344533.5,0.56,-0.007,1.128,10.68,0,-0.007,0.001,0.007,-0.014,13.23,-1.7,0.6,100,0
"2025-11-19 11:30:00",111970,"",7999,2025,11,19,11,21,5,-0.0104,0.61,-0.009,-344533.5,0.56,-0.007,1.128,10.68,0,-0.007,0.001,0.007,-0.014,13.23,-1.7,0.6,100,0
"2025-11-19 11:33:00",111971,"",7999,2025,11,19,11,27,5,-0.0114,0.607,-0.01,-344537.5,0.557,-0.01,1.124,10.75,0,-0.01,-0.003,-0.005,-0.012,13.23,-1.9,0.6,100,0
"2025-11-19 11:36:00",111972,"",7999,2025,11,19,11,27,5,-0.0114,0.607,-0.01,-344537.5,0.557,-0.01,1.124,10.75,0,-0.01,-0.003,-0.005,-0.012,13.23,-1.9,0.6,100,0
"2025-11-19 11:39:00",111973,"",7999,2025,11,19,11,33,5,-0.014,0.597,-0.013,-344542.3,0.547,-0.011,1.105,10.85,2,-0.011,0.001,-0.019,-0.019,13.23,-2.1,0.6,100,0
"2025-11-19 11:42:00",111974,"",7999,2025,11,19,11,33,5,-0.014,0.597,-0.013,-344542.3,0.547,-0.011,1.105,10.85,2,-0.011,0.001,-0.019,-0.019,13.23,-2.1,0.6,100,0
"2025-11-19 11:45:00",111975,"",7999,2025,11,19,11,39,5,-0.0082,0.562,-0.008,-344545.9,0.512,-0.007,1.041,10.88,0,-0.007,-0.001,-0.007,-0.017,13.23,-1.8,0.6,100,0
"2025-11-19 11:48:00",111976,"",7999,2025,11,19,11,39,5,-0.0082,0.562,-0.008,-344545.9,0.512,-0.007,1.041,10.88,0,-0.007,-0.001,-0.007,-0.017,13.23,-1.8,0.6,100,0
"2025-11-19 11:51:00",111977,"",7999,2025,11,19,11,45,5,0.0033,0.63,0.003,-344546.1,0.58,0.002,1.166,10.87,0,0.002,-0.001,0,0.007,13.23,-1.7,0.6,100,0
"2025-11-19 11:54:00",111978,"",7999,2025,11,19,11,45,5,0.0033,0.63,0.003,-344546.1,0.58,0.002,1.166,10.87,0,0.002,-0.001,0,0.007,13.23,-1.7,0.6,100,0
"2025-11-19 11:57:00",111979,"",7999,2025,11,19,11,51,5,0.0013,0.636,0.001,-344545.3,0.586,0,1.176,10.86,0,0,0,0,0.002,13.23,-1.7,0.6,100,0
"2025-11-19 12:00:00",111980,"",7999,2025,11,19,11,51,5,0.0013,0.636,0.001,-344545.3,0.586,0,1.176,10.86,0,0,0,0,0.002,13.23,-1.7,0.6,100,0
"2025-11-19 12:03:00",111981,"",7999,2025,11,19,11,57,5,-0.0004,0.643,0,-344545.3,0.593,-0.001,1.189,10.88,0,-0.001,-0.003,0.002,0,13.23,-1.7,0.6,100,0
"2025-11-19 12:06:00",111982,"",7999,2025,11,19,11,57,5,-0.0004,0.643,0,-344545.3,0.593,-0.001,1.189,10.88,0,-0.001,-0.003,0.002,0,13.23,-1.7,0.6,100,0
"2025-11-19 12:09:00",111983,"",7999,2025,11,19,12,3,5,0.0043,0.448,0.005,-344544.3,0.398,0.005,0.829,10.87,0,0.005,0.001,-0.014,0,13.23,-1.7,0.6,100,0
"2025-11-19 12:12:00",111984,"",7999,2025,11,19,12,3,5,0.0043,0.448,0.005,-344544.3,0.398,0.005,0.829,10.87,0,0.005,0.001,-0.014,0,13.23,-1.7,0.6,100,0
"2025-11-19 12:15:00",111985,"",7999,2025,11,19,12,9,5,0.0026,0.462,0.003,-344543.1,0.412,0.004,0.856,10.89,0,0.004,0.002,-0.002,0.002,13.23,-1.7,0.6,100,0
"2025-11-19 12:18:00",111986,"",7999,2025,11,19,12,9,5,0.0026,0.462,0.003,-344543.1,0.412,0.004,0.856,10.89,0,0.004,0.002,-0.002,0.002,13.23,-1.7,0.6,100,0
"2025-11-19 12:21:00",111987,"",7999,2025,11,19,12,15,5,0.0029,0.622,0.003,-344542.1,0.572,0.002,1.151,10.9,0,0.002,-0.001,-0.002,-0.007,13.23,-1.7,0.6,100,0
"2025-11-19 12:24:00",111988,"",7999,2025,11,19,12,15,5,0.0029,0.622,0.003,-344542.1,0.572,0.002,1.151,10.9,0,0.002,-0.001,-0.002,-0.007,13.23,-1.7,0.6,100,0
"2025-11-19 12:27:00",111989,"",7999,2025,11,19,12,21,5,-0.0016,0.541,-0.002,-344542.1,0.491,0,1.001,10.9,0,0,0,-0.021,-0.007,13.23,-1.7,0.6,100,0
"2025-11-19 12:30:00",111990,"",7999,2025,11,19,12,21,5,-0.0016,0.541,-0.002,-344542.1,0.491,0,1.001,10.9,0,0,0,-0.021,-0.007,13.23,-1.7,0.6,100,0
"2025-11-19 12:33:00",111991,"",7999,2025,11,19,12,27,5,0.01,0.546,0.01,-344539.9,0.496,0.008,1.01,10.91,0,0.008,-0.002,0.002,0.017,13.23,-1.7,0.6,99,0
"2025-11-19 12:36:00",111992,"",7999,2025,11,19,12,27,5,0.01,0.546,0.01,-344539.9,0.496,0.008,1.01,10.91,0,0.008,-0.002,0.002,0.017,13.23,-1.7,0.6,99,0
"2025-11-19 12:39:00",111993,"",7999,2025,11,19,12,33,5,0.011,0.645,0.009,-344536.1,0.595,0.008,1.193,10.93,0,0.008,0.001,0,-0.012,13.23,-1.7,0.6,100,0
"2025-11-19 12:42:00",111994,"",7999,2025,11,19,12,33,5,0.011,0.645,0.009,-344536.1,0.595,0.008,1.193,10.93,0,0.008,0.001,0,-0.012,13.23,-1.7,0.6,100,0
"2025-11-19 12:45:00",111995,"",7999,2025,11,19,12,39,5,0.0124,0.583,0.012,-344531.7,0.533,0.011,1.08,10.95,0,0.011,-0.001,0.007,0.005,13.23,-1.7,0.6,100,0
"2025-11-19 12:48:00",111996,"",7999,2025,11,19,12,39,5,0.0124,0.583,0.012,-344531.7,0.533,0.011,1.08,10.95,0,0.011,-0.001,0.007,0.005,13.23,-1.7,0.6,100,0
"2025-11-19 12:51:00",111997,"",7999,2025,11,19,12,45,5,0.0158,0.632,0.014,-344526.4,0.582,0.012,1.17,10.96,0,0.012,-0.001,0.005,-0.007,13.23,-1.7,0.6,100,0
"2025-11-19 12:54:00",111998,"",7999,2025,11,19,12,45,5,0.0158,0.632,0.014,-344526.4,0.582,0.012,1.17,10.96,0,0.012,-0.001,0.005,-0.007,13.23,-1.7,0.6,100,0
"2025-11-19 12:57:00",111999,"",7999,2025,11,19,12,51,5,0.0155,0.613,0.014,-344520.8,0.563,0.012,1.134,10.98,0,0.012,0,0.009,0,13.23,-1.7,0.6,100,0
"2025-11-19 13:00:00",112000,"",7999,2025,11,19,12,51,5,0.0155,0.613,0.014,-344520.8,0.563,0.012,1.134,10.98,0,0.012,0,0.009,0,13.23,-1.7,0.6,100,0
"2025-11-19 13:03:00",112001,"",7999,2025,11,19,12,57,5,0.0275,0.583,0.026,-344512.3,0.533,0.024,1.079,10.99,0,0.024,0.001,0.007,0.007,13.23,-1.7,0.6,100,0
"2025-11-19 13:06:00",112002,"",7999,2025,11,19,12,57,5,0.0275,0.583,0.026,-344512.3,0.533,0.024,1.079,10.99,0,0.024,0.001,0.007,0.007,13.23,-1.7,0.6,100,0
"2025-11-19 13:09:00",112003,"",7999,2025,11,19,13,3,5,0.003,0.583,0.003,-344508.3,0.533,0.001,1.079,11.01,0,0.001,-0.001,0.007,0,13.23,-1.7,0.6,100,0
"2025-11-19 13:12:00",112004,"",7999,2025,11,19,13,3,5,0.003,0.583,0.003,-344508.3,0.533,0.001,1.079,11.01,0,0.001,-0.001,0.007,0,13.23,-1.7,0.6,100,0
"2025-11-19 13:15:00",112005,"",7999,2025,11,19,13,9,5,0.0036,0.213,0.009,-344507,0.163,0.01,0.394,11.08,0,0.01,-0.004,0,0.017,13.23,-1.7,0.6,100,0
"2025-11-19 13:18:00",112006,"",7999,2025,11,19,13,9,5,0.0036,0.213,0.009,-344507,0.163,0.01,0.394,11.08,0,0.01,-0.004,0,0.017,13.23,-1.7,0.6,100,0
"2025-11-19 13:21:00",112007,"",7999,2025,11,19,13,15,5,0.0122,0.62,0.011,-344503.7,0.57,0.01,1.148,11.17,0,0.01,0,0.005,0.002,13.23,-1.7,0.6,100,0
"2025-11-19 13:24:00",112008,"",7999,2025,11,19,13,15,5,0.0122,0.62,0.011,-344503.7,0.57,0.01,1.148,11.17,0,0.01,0,0.005,0.002,13.23,-1.7,0.6,100,0
"2025-11-19 13:27:00",112009,"",7999,2025,11,19,13,21,5,0.0078,0.636,0.007,-344500.3,0.586,0.005,1.178,11.28,0,0.005,-0.001,0.012,-0.009,13.23,-1.6,0.6,100,0
"2025-11-19 13:30:00",112010,"",7999,2025,11,19,13,21,5,0.0078,0.636,0.007,-344500.3,0.586,0.005,1.178,11.28,0,0.005,-0.001,0.012,-0.009,13.23,-1.6,0.6,100,0
"2025-11-19 13:33:00",112011,"",7999,2025,11,19,13,27,5,0.0067,0.626,0.006,-344497.8,0.576,0.005,1.159,11.31,0,0.005,0,0,0,13.23,-1.7,0.6,100,0
"2025-11-19 13:36:00",112012,"",7999,2025,11,19,13,27,5,0.0067,0.626,0.006,-344497.8,0.576,0.005,1.159,11.31,0,0.005,0,0,0,13.23,-1.7,0.6,100,0
"2025-11-19 13:39:00",112013,"",7999,2025,11,19,13,33,5,0.0198,0.614,0.017,-344492.2,0.564,0.017,1.136,11.4,0,0.017,-0.001,0.016,0.002,13.23,-1.7,0.6,100,0
"2025-11-19 13:42:00",112014,"",7999,2025,11,19,13,33,5,0.0198,0.614,0.017,-344492.2,0.564,0.017,1.136,11.4,0,0.017,-0.001,0.016,0.002,13.23,-1.7,0.6,100,0
"2025-11-19 13:45:00",112015,"",7999,2025,11,19,13,39,5,0.0272,0.65,0.023,-344483.3,0.6,0.021,1.202,11.64,0,0.021,0.002,0.021,0,13.23,-1.6,0.6,100,0
"2025-11-19 13:48:00",112016,"",7999,2025,11,19,13,39,5,0.0272,0.65,0.023,-344483.3,0.6,0.021,1.202,11.64,0,0.021,0.002,0.021,0,13.23,-1.6,0.6,100,0
"2025-11-19 13:51:00",112017,"",7999,2025,11,19,13,45,5,0.0094,0.633,0.008,-344477.8,0.583,0.007,1.171,11.78,0,0.007,0,0.016,0,13.23,-1.7,0.6,100,0
"2025-11-19 13:54:00",112018,"",7999,2025,11,19,13,45,5,0.0094,0.633,0.008,-344477.8,0.583,0.007,1.171,11.78,0,0.007,0,0.016,0,13.23,-1.7,0.6,100,0
"2025-11-19 13:57:00",112019,"",7999,2025,11,19,13,51,5,-0.007,0.605,-0.006,-344478.3,0.555,-0.005,1.119,11.85,0,-0.005,0.001,-0.012,-0.026,13.23,-1.7,0.6,100,0
"2025-11-19 14:00:00",112020,"",7999,2025,11,19,13,51,5,-0.007,0.605,-0.006,-344478.3,0.555,-0.005,1.119,11.85,0,-0.005,0.001,-0.012,-0.026,13.23,-1.7,0.6,100,0
"2025-11-19 14:03:00",112021,"",7999,2025,11,19,13,57,5,-0.0019,0.615,-0.002,-344479.6,0.565,-0.001,1.138,11.86,0,-0.001,-0.001,-0.002,-0.002,13.23,-1.7,0.6,100,0
"2025-11-19 14:06:00",112022,"",7999,2025,11,19,13,57,5,-0.0019,0.615,-0.002,-344479.6,0.565,-0.001,1.138,11.86,0,-0.001,-0.001,-0.002,-0.002,13.23,-1.7,0.6,100,0
"2025-11-19 14:09:00",112023,"",7999,2025,11,19,14,3,5,-0.0022,0.585,-0.002,-344480.4,0.535,-0.001,1.082,11.9,0,-0.001,-0.001,-0.007,-0.009,13.23,-1.7,0.6,100,0
"2025-11-19 14:12:00",112024,"",7999,2025,11,19,14,3,5,-0.0022,0.585,-0.002,-344480.4,0.535,-0.001,1.082,11.9,0,-0.001,-0.001,-0.007,-0.009,13.23,-1.7,0.6,100,0
"2025-11-19 14:15:00",112025,"",7999,2025,11,19,14,9,5,0.0236,0.651,0.02,-344475,0.601,0.019,1.204,11.96,0,0.019,0.002,0.016,0,13.23,-1.6,0.6,100,0
"2025-11-19 14:18:00",112026,"",7999,2025,11,19,14,9,5,0.0236,0.651,0.02,-344475,0.601,0.019,1.204,11.96,0,0.019,0.002,0.016,0,13.23,-1.6,0.6,100,0
"2025-11-19 14:21:00",112027,"",7999,2025,11,19,14,15,5,0.0313,0.664,0.026,-344464.6,0.614,0.024,1.229,12.01,0,0.024,0.001,0.014,0.007,13.23,-1.6,0.6,100,0
"2025-11-19 14:24:00",112028,"",7999,2025,11,19,14,15,5,0.0313,0.664,0.026,-344464.6,0.614,0.024,1.229,12.01,0,0.024,0.001,0.014,0.007,13.23,-1.6,0.6,100,0
"2025-11-19 14:27:00",112029,"",7999,2025,11,19,14,21,5,0.0222,0.677,0.018,-344455.5,0.627,0.017,1.253,12.05,0,0.017,0.001,-0.009,0,13.23,-1.6,0.6,100,0
"2025-11-19 14:30:00",112030,"",7999,2025,11,19,14,21,5,0.0222,0.677,0.018,-344455.5,0.627,0.017,1.253,12.05,0,0.017,0.001,-0.009,0,13.23,-1.6,0.6,100,0
"2025-11-19 14:33:00",112031,"",7999,2025,11,19,14,27,5,0.0111,0.694,0.009,-344450.2,0.644,0.007,1.284,12.04,0,0.007,0.001,0.002,-0.014,13.23,-1.6,0.6,100,0
"2025-11-19 14:36:00",112032,"",7999,2025,11,19,14,27,5,0.0111,0.694,0.009,-344450.2,0.644,0.007,1.284,12.04,0,0.007,0.001,0.002,-0.014,13.23,-1.6,0.6,100,0
"2025-11-19 14:39:00",112033,"",7999,2025,11,19,14,33,5,0.0021,0.69,0.002,-344448.3,0.64,0.001,1.277,12.05,0,0.001,-0.001,-0.016,0.002,13.23,-1.6,0.6,100,0
"2025-11-19 14:42:00",112034,"",7999,2025,11,19,14,33,5,0.0021,0.69,0.002,-344448.3,0.64,0.001,1.277,12.05,0,0.001,-0.001,-0.016,0.002,13.23,-1.6,0.6,100,0
"2025-11-19 14:45:00",112035,"",7999,2025,11,19,14,39,5,0.013,0.693,0.01,-344444.9,0.643,0.008,1.282,12.03,0,0.008,-0.003,0.009,0.009,13.23,-1.6,0.6,100,0
"2025-11-19 14:48:00",112036,"",7999,2025,11,19,14,39,5,0.013,0.693,0.01,-344444.9,0.643,0.008,1.282,12.03,0,0.008,-0.003,0.009,0.009,13.23,-1.6,0.6,100,0
"2025-11-19 14:51:00",112037,"",7999,2025,11,19,14,45,5,0.0133,0.703,0.01,-344440.2,0.653,0.01,1.301,12.05,0,0.01,0,0.002,-0.005,13.23,-1.6,0.6,100,0
"2025-11-19 14:54:00",112038,"",7999,2025,11,19,14,45,5,0.0133,0.703,0.01,-344440.2,0.653,0.01,1.301,12.05,0,0.01,0,0.002,-0.005,13.23,-1.6,0.6,100,0
"2025-11-19 14:57:00",112039,"",7999,2025,11,19,14,51,5,0,0.706,0,-344438.6,0.656,0,1.306,12.05,0,0,0,-0.002,-0.026,13.23,-1.6,0.6,100,0
"2025-11-19 15:00:00",112040,"",7999,2025,11,19,14,51,5,0,0.706,0,-344438.6,0.656,0,1.306,12.05,0,0,0,-0.002,-0.026,13.23,-1.6,0.6,100,0
"2025-11-19 15:03:00",112041,"",7999,2025,11,19,14,57,5,-0.0079,0.686,-0.006,-344440.5,0.636,-0.005,1.269,12.01,0,-0.005,0.001,-0.016,-0.019,13.23,-1.6,0.6,100,0
"2025-11-19 15:06:00",112042,"",7999,2025,11,19,14,57,5,-0.0079,0.686,-0.006,-344440.5,0.636,-0.005,1.269,12.01,0,-0.005,0.001,-0.016,-0.019,13.23,-1.6,0.6,100,0
"2025-11-19 15:09:00",112043,"",7999,2025,11,19,15,3,5,-0.0176,0.67,-0.014,-344445.5,0.62,-0.013,1.239,12,0,-0.013,0.001,-0.009,-0.04,13.23,-1.6,0.6,95,0
"2025-11-19 15:12:00",112044,"",7999,2025,11,19,15,3,5,-0.0176,0.67,-0.014,-344445.5,0.62,-0.013,1.239,12,0,-0.013,0.001,-0.009,-0.04,13.23,-1.6,0.6,95,0
"2025-11-19 15:15:00",112045,"",7999,2025,11,19,15,9,5,0.0081,0.715,0.006,-344445.7,0.665,0.005,1.323,11.98,0,0.005,0.002,0,-0.002,13.23,-1.6,0.6,100,0
"2025-11-19 15:18:00",112046,"",7999,2025,11,19,15,9,5,0.0081,0.715,0.006,-344445.7,0.665,0.005,1.323,11.98,0,0.005,0.002,0,-0.002,13.23,-1.6,0.6,100,0
"2025-11-19 15:21:00",112047,"",7999,2025,11,19,15,15,5,-0.0008,0.722,-0.001,-344444.9,0.672,0,1.336,11.99,0,0,0,0.002,-0.005,13.23,-1.6,0.6,100,0
"2025-11-19 15:24:00",112048,"",7999,2025,11,19,15,15,5,-0.0008,0.722,-0.001,-344444.9,0.672,0,1.336,11.99,0,0,0,0.002,-0.005,13.23,-1.6,0.6,100,0
"2025-11-19 15:27:00",112049,"",7999,2025,11,19,15,21,5,0.0009,0.72,0.001,-344444.8,0.67,0,1.332,12.02,0,0,0,0.005,-0.005,13.23,-1.6,0.6,100,0
"2025-11-19 15:30:00",112050,"",7999,2025,11,19,15,21,5,0.0009,0.72,0.001,-344444.8,0.67,0,1.332,12.02,0,0,0,0.005,-0.005,13.23,-1.6,0.6,100,0
"2025-11-19 15:33:00",112051,"",7999,2025,11,19,15,27,5,-0.0195,0.694,-0.015,-344449.3,0.644,-0.015,1.285,11.95,0,-0.015,0.001,-0.002,-0.019,13.23,-1.6,0.6,97,0
"2025-11-19 15:36:00",112052,"",7999,2025,11,19,15,27,5,-0.0195,0.694,-0.015,-344449.3,0.644,-0.015,1.285,11.95,0,-0.015,0.001,-0.002,-0.019,13.23,-1.6,0.6,97,0
"2025-11-19 15:39:00",112053,"",7999,2025,11,19,15,33,5,-0.0026,0.689,-0.002,-344452.3,0.639,-0.002,1.275,11.92,0,-0.002,0.001,0.014,-0.005,13.23,-1.6,0.6,100,0
"2025-11-19 15:42:00",112054,"",7999,2025,11,19,15,33,5,-0.0026,0.689,-0.002,-344452.3,0.639,-0.002,1.275,11.92,0,-0.002,0.001,0.014,-0.005,13.23,-1.6,0.6,100,0
"2025-11-19 15:45:00",112055,"",7999,2025,11,19,15,39,5,-0.0068,0.699,-0.005,-344454.2,0.649,-0.004,1.294,11.89,0,-0.004,-0.001,-0.009,-0.007,13.23,-1.6,0.6,100,0
"2025-11-19 15:48:00",112056,"",7999,2025,11,19,15,39,5,-0.0068,0.699,-0.005,-344454.2,0.649,-0.004,1.294,11.89,0,-0.004,-0.001,-0.009,-0.007,13.23,-1.6,0.6,100,0
"2025-11-19 15:51:00",112057,"",7999,2025,11,19,15,45,5,-0.0099,0.714,-0.008,-344457.5,0.664,-0.007,1.322,11.88,0,-0.007,0,-0.009,-0.009,13.23,-1.6,0.6,100,0
"2025-11-19 15:54:00",112058,"",7999,2025,11,19,15,45,5,-0.0099,0.714,-0.008,-344457.5,0.664,-0.007,1.322,11.88,0,-0.007,0,-0.009,-0.009,13.23,-1.6,0.6,100,0
"2025-11-19 15:57:00",112059,"",7999,2025,11,19,15,51,5,-0.0035,0.697,-0.003,-344459.5,0.647,-0.001,1.29,11.86,0,-0.001,0.001,0.009,-0.009,13.23,-1.6,0.6,100,0
"2025-11-19 16:00:00",112060,"",7999,2025,11,19,15,51,5,-0.0035,0.697,-0.003,-344459.5,0.647,-0.001,1.29,11.86,0,-0.001,0.001,0.009,-0.009,13.23,-1.6,0.6,100,0
"2025-11-19 16:03:00",112061,"",7999,2025,11,19,15,57,5,0.0051,0.711,0.004,-344458.7,0.661,0.004,1.317,11.9,0,0.004,-0.001,0.009,0.007,13.23,-1.6,0.6,100,0
"2025-11-19 16:06:00",112062,"",7999,2025,11,19,15,57,5,0.0051,0.711,0.004,-344458.7,0.661,0.004,1.317,11.9,0,0.004,-0.001,0.009,0.007,13.23,-1.6,0.6,100,0
"2025-11-19 16:09:00",112063,"",7999,2025,11,19,16,3,5,0.0014,0.71,0.001,-344457.8,0.66,0.001,1.314,11.9,0,0.001,0.001,0.002,0,13.23,-1.6,0.6,100,0
"2025-11-19 16:12:00",112064,"",7999,2025,11,19,16,3,5,0.0014,0.71,0.001,-344457.8,0.66,0.001,1.314,11.9,0,0.001,0.001,0.002,0,13.23,-1.6,0.6,100,0
"2025-11-19 16:15:00",112065,"",7999,2025,11,19,16,9,5,0.011,0.719,0.008,-344454.9,0.669,0.007,1.33,11.93,0,0.007,0,0.009,0,13.23,-1.6,0.6,100,0
"2025-11-19 16:18:00",112066,"",7999,2025,11,19,16,9,5,0.011,0.719,0.008,-344454.9,0.669,0.007,1.33,11.93,0,0.007,0,0.009,0,13.23,-1.6,0.6,100,0
"2025-11-19 16:21:00",112067,"",7999,2025,11,19,16,15,5,-0.0074,0.704,-0.006,-344455.3,0.654,-0.004,1.302,11.91,0,-0.004,0.001,0.009,-0.009,13.23,-1.6,0.6,100,0
"2025-11-19 16:24:00",112068,"",7999,2025,11,19,16,15,5,-0.0074,0.704,-0.006,-344455.3,0.654,-0.004,1.302,11.91,0,-0.004,0.001,0.009,-0.009,13.23,-1.6,0.6,100,0
"2025-11-19 16:27:00",112069,"",7999,2025,11,19,16,21,5,-0.0039,0.705,-0.003,-344457.2,0.655,-0.002,1.305,11.92,0,-0.002,0.001,-0.002,-0.026,13.23,-1.6,0.6,100,0
"2025-11-19 16:30:00",112070,"",7999,2025,11,19,16,21,5,-0.0039,0.705,-0.003,-344457.2,0.655,-0.002,1.305,11.92,0,-0.002,0.001,-0.002,-0.026,13.23,-1.6,0.6,100,0
"2025-11-19 16:33:00",112071,"",7999,2025,11,19,16,27,5,-0.0129,0.708,-0.01,-344460.8,0.658,-0.008,1.31,11.87,0,-0.008,0.002,-0.014,-0.009,13.23,-1.6,0.6,100,0
"2025-11-19 16:36:00",112072,"",7999,2025,11,19,16,27,5,-0.0129,0.708,-0.01,-344460.8,0.658,-0.008,1.31,11.87,0,-0.008,0.002,-0.014,-0.009,13.23,-1.6,0.6,100,0
"2025-11-19 16:39:00",112073,"",7999,2025,11,19,16,33,5,-0.0075,0.697,-0.006,-344464.1,0.647,-0.005,1.289,11.83,0,-0.005,0.002,-0.023,-0.014,13.23,-1.6,0.6,95,0
"2025-11-19 16:42:00",112074,"",7999,2025,11,19,16,33,5,-0.0075,0.697,-0.006,-344464.1,0.647,-0.005,1.289,11.83,0,-0.005,0.002,-0.023,-0.014,13.23,-1.6,0.6,95,0
"2025-11-19 16:45:00",112075,"",7999,2025,11,19,16,39,5,-0.0065,0.697,-0.005,-344466.6,0.647,-0.005,1.291,11.84,0,-0.005,0.003,-0.014,-0.014,13.23,-1.6,0.6,100,0
"2025-11-19 16:48:00",112076,"",7999,2025,11,19,16,39,5,-0.0065,0.697,-0.005,-344466.6,0.647,-0.005,1.291,11.84,0,-0.005,0.003,-0.014,-0.014,13.23,-1.6,0.6,100,0
"2025-11-19 16:51:00",112077,"",7999,2025,11,19,16,45,5,-0.0076,0.667,-0.006,-344469.2,0.617,-0.005,1.234,11.86,0,-0.005,0.001,-0.026,-0.021,13.23,-1.6,0.6,98,0
"2025-11-19 16:54:00",112078,"",7999,2025,11,19,16,45,5,-0.0076,0.667,-0.006,-344469.2,0.617,-0.005,1.234,11.86,0,-0.005,0.001,-0.026,-0.021,13.23,-1.6,0.6,98,0
"2025-11-19 16:57:00",112079,"",7999,2025,11,19,16,51,5,-0.0143,0.69,-0.011,-344473.5,0.64,-0.01,1.278,11.88,0,-0.01,0.004,0,-0.017,13.23,-1.6,0.6,96,0
"2025-11-19 17:00:00",112080,"",7999,2025,11,19,16,51,5,-0.0143,0.69,-0.011,-344473.5,0.64,-0.01,1.278,11.88,0,-0.01,0.004,0,-0.017,13.23,-1.6,0.6,96,0
"2025-11-19 17:03:00",112081,"",7999,2025,11,19,16,57,5,-0.0191,0.682,-0.015,-344479.8,0.632,-0.015,1.263,11.91,0,-0.015,0.003,0,-0.012,13.23,-1.6,0.6,100,0
"2025-11-19 17:06:00",112082,"",7999,2025,11,19,16,57,5,-0.0191,0.682,-0.015,-344479.8,0.632,-0.015,1.263,11.91,0,-0.015,0.003,0,-0.012,13.23,-1.6,0.6,100,0
"2025-11-19 17:09:00",112083,"",7999,2025,11,19,17,3,5,-0.0078,0.773,-0.005,-344484,0.723,-0.004,1.431,11.9,0,-0.004,0.002,-0.007,0.007,13.23,-1.6,0.6,100,0
"2025-11-19 17:12:00",112084,"",7999,2025,11,19,17,3,5,-0.0078,0.773,-0.005,-344484,0.723,-0.004,1.431,11.9,0,-0.004,0.002,-0.007,0.007,13.23,-1.6,0.6,100,0
"2025-11-19 17:15:00",112085,"",7999,2025,11,19,17,9,5,-0.0265,0.76,-0.019,-344491.3,0.71,-0.018,1.406,11.84,0,-0.018,0.004,-0.016,-0.017,13.23,-1.6,0.6,100,0
"2025-11-19 17:18:00",112086,"",7999,2025,11,19,17,9,5,-0.0265,0.76,-0.019,-344491.3,0.71,-0.018,1.406,11.84,0,-0.018,0.004,-0.016,-0.017,13.23,-1.6,0.6,100,0
"2025-11-19 17:21:00",112087,"",7999,2025,11,19,17,15,5,-0.0148,0.725,-0.011,-344498,0.675,-0.01,1.341,11.85,0,-0.01,0.002,-0.016,-0.019,13.23,-1.6,0.6,100,0
"2025-11-19 17:24:00",112088,"",7999,2025,11,19,17,15,5,-0.0148,0.725,-0.011,-344498,0.675,-0.01,1.341,11.85,0,-0.01,0.002,-0.016,-0.019,13.23,-1.6,0.6,100,0
"2025-11-19 17:27:00",112089,"",7999,2025,11,19,17,21,5,-0.0227,0.728,-0.017,-344505.3,0.678,-0.017,1.347,11.79,0,-0.017,-0.003,-0.012,-0.005,13.23,-1.6,0.6,100,0
"2025-11-19 17:30:00",112090,"",7999,2025,11,19,17,21,5,-0.0227,0.728,-0.017,-344505.3,0.678,-0.017,1.347,11.79,0,-0.017,-0.003,-0.012,-0.005,13.23,-1.6,0.6,100,0
"2025-11-19 17:33:00",112091,"",7999,2025,11,19,17,27,5,-0.0155,0.726,-0.012,-344511.8,0.676,-0.01,1.343,11.8,0,-0.01,0.002,0.005,-0.024,13.23,-1.6,0.6,100,0
"2025-11-19 17:36:00",112092,"",7999,2025,11,19,17,27,5,-0.0155,0.726,-0.012,-344511.8,0.676,-0.01,1.343,11.8,0,-0.01,0.002,0.005,-0.024,13.23,-1.6,0.6,100,0
"2025-11-19 17:39:00",112093,"",7999,2025,11,19,17,33,5,-0.0102,0.751,-0.007,-344516.1,0.701,-0.006,1.389,11.78,0,-0.006,-0.002,0,-0.005,13.23,-1.6,0.6,100,0
"2025-11-19 17:42:00",112094,"",7999,2025,11,19,17,33,5,-0.0102,0.751,-0.007,-344516.1,0.701,-0.006,1.389,11.78,0,-0.006,-0.002,0,-0.005,13.23,-1.6,0.6,100,0
"2025-11-19 17:45:00",112095,"",7999,2025,11,19,17,39,5,-0.0015,0.748,-0.001,-344517.7,0.698,0,1.384,11.81,0,0,0.001,-0.007,0,13.23,-1.6,0.6,100,0
"2025-11-19 17:48:00",112096,"",7999,2025,11,19,17,39,5,-0.0015,0.748,-0.001,-344517.7,0.698,0,1.384,11.81,0,0,0.001,-0.007,0,13.23,-1.6,0.6,100,0
"2025-11-19 17:51:00",112097,"",7999,2025,11,19,17,45,5,-0.0134,0.745,-0.01,-344521.1,0.695,-0.01,1.378,11.79,0,-0.01,-0.003,0.019,-0.014,13.23,-1.6,0.6,100,0
"2025-11-19 17:54:00",112098,"",7999,2025,11,19,17,45,5,-0.0134,0.745,-0.01,-344521.1,0.695,-0.01,1.378,11.79,0,-0.01,-0.003,0.019,-0.014,13.23,-1.6,0.6,100,0
"2025-11-19 17:57:00",112099,"",7999,2025,11,19,17,51,5,-0.0034,0.74,-0.003,-344523.5,0.69,-0.002,1.37,11.78,0,-0.002,0.001,-0.007,-0.012,13.23,-1.6,0.6,100,0
"2025-11-19 18:00:00",112100,"",7999,2025,11,19,17,51,5,-0.0034,0.74,-0.003,-344523.5,0.69,-0.002,1.37,11.78,0,-0.002,0.001,-0.007,-0.012,13.23,-1.6,0.6,100,0
"2025-11-19 18:03:00",112101,"",7999,2025,11,19,17,57,5,-0.026,0.735,-0.019,-344530.2,0.685,-0.019,1.36,11.82,0,-0.019,-0.004,-0.023,-0.007,13.22,-1.6,0.6,100,0
"2025-11-19 18:06:00",112102,"",7999,2025,11,19,17,57,5,-0.026,0.735,-0.019,-344530.2,0.685,-0.019,1.36,11.82,0,-0.019,-0.004,-0.023,-0.007,13.22,-1.6,0.6,100,0
"2025-11-19 18:09:00",112103,"",7999,2025,11,19,18,3,5,-0.0121,0.727,-0.009,-344536.2,0.677,-0.007,1.346,11.87,0,-0.007,0,-0.012,-0.002,13.23,-1.6,0.6,100,0
"2025-11-19 18:12:00",112104,"",7999,2025,11,19,18,3,5,-0.0121,0.727,-0.009,-344536.2,0.677,-0.007,1.346,11.87,0,-0.007,0,-0.012,-0.002,13.23,-1.6,0.6,100,0
"2025-11-19 18:15:00",112105,"",7999,2025,11,19,18,9,5,-0.0079,0.724,-0.006,-344539.6,0.674,-0.005,1.339,11.89,0,-0.005,-0.002,0.012,0.002,13.23,-1.6,0.6,100,0
"2025-11-19 18:18:00",112106,"",7999,2025,11,19,18,9,5,-0.0079,0.724,-0.006,-344539.6,0.674,-0.005,1.339,11.89,0,-0.005,-0.002,0.012,0.002,13.23,-1.6,0.6,100,0
"2025-11-19 18:21:00",112107,"",7999,2025,11,19,18,15,5,0.0023,0.72,0.002,-344540,0.67,0.001,1.332,11.92,0,0.001,0.001,-0.002,-0.007,13.22,-1.6,0.6,100,0
"2025-11-19 18:24:00",112108,"",7999,2025,11,19,18,15,5,0.0023,0.72,0.002,-344540,0.67,0.001,1.332,11.92,0,0.001,0.001,-0.002,-0.007,13.22,-1.6,0.6,100,0
"2025-11-19 18:27:00",112109,"",7999,2025,11,19,18,21,5,-0.0105,0.714,-0.008,-344542.2,0.664,-0.006,1.321,11.94,0,-0.006,0.001,0.002,-0.007,13.23,-1.6,0.6,100,0
"2025-11-19 18:30:00",112110,"",7999,2025,11,19,18,21,5,-0.0105,0.714,-0.008,-344542.2,0.664,-0.006,1.321,11.94,0,-0.006,0.001,0.002,-0.007,13.23,-1.6,0.6,100,0
"2025-11-19 18:33:00",112111,"",7999,2025,11,19,18,27,5,-0.0088,0.704,-0.007,-344545.6,0.654,-0.005,1.304,11.94,0,-0.005,0.003,0,-0.026,13.22,-1.6,0.6,100,0
"2025-11-19 18:36:00",112112,"",7999,2025,11,19,18,27,5,-0.0088,0.704,-0.007,-344545.6,0.654,-0.005,1.304,11.94,0,-0.005,0.003,0,-0.026,13.22,-1.6,0.6,100,0
"2025-11-19 18:39:00",112113,"",7999,2025,11,19,18,33,5,-0.0071,0.696,-0.006,-344548.4,0.646,-0.005,1.288,11.96,0,-0.005,0.002,-0.009,0.005,13.22,-1.6,0.6,100,0
"2025-11-19 18:42:00",112114,"",7999,2025,11,19,18,33,5,-0.0071,0.696,-0.006,-344548.4,0.646,-0.005,1.288,11.96,0,-0.005,0.002,-0.009,0.005,13.22,-1.6,0.6,100,0
"2025-11-19 18:45:00",112115,"",7999,2025,11,19,18,39,5,-0.0035,0.689,-0.003,-344550.1,0.639,-0.002,1.276,11.96,0,-0.002,0.002,-0.014,-0.014,13.22,-1.6,0.6,100,0
"2025-11-19 18:48:00",112116,"",7999,2025,11,19,18,39,5,-0.0035,0.689,-0.003,-344550.1,0.639,-0.002,1.276,11.96,0,-0.002,0.002,-0.014,-0.014,13.22,-1.6,0.6,100,0
"2025-11-19 18:51:00",112117,"",7999,2025,11,19,18,45,5,-0.0049,0.687,-0.004,-344551.7,0.637,-0.002,1.272,11.97,0,-0.002,0,-0.012,-0.007,13.22,-1.6,0.6,100,0
"2025-11-19 18:54:00",112118,"",7999,2025,11,19,18,45,5,-0.0049,0.687,-0.004,-344551.7,0.637,-0.002,1.272,11.97,0,-0.002,0,-0.012,-0.007,13.22,-1.6,0.6,100,0
"2025-11-19 18:57:00",112119,"",7999,2025,11,19,18,51,5,-0.003,0.687,-0.002,-344553,0.637,-0.001,1.27,11.94,0,-0.001,0.001,0.005,-0.012,13.22,-1.6,0.6,100,0
"2025-11-19 19:00:00",112120,"",7999,2025,11,19,18,51,5,-0.003,0.687,-0.002,-344553,0.637,-0.001,1.27,11.94,0,-0.001,0.001,0.005,-0.012,13.22,-1.6,0.6,100,0
"2025-11-19 19:03:00",112121,"",7999,2025,11,19,18,57,5,-0.0083,0.681,-0.007,-344555.4,0.631,-0.006,1.26,11.93,0,-0.006,-0.001,-0.014,-0.007,13.22,-1.6,0.6,100,0
"2025-11-19 19:06:00",112122,"",7999,2025,11,19,18,57,5,-0.0083,0.681,-0.007,-344555.4,0.631,-0.006,1.26,11.93,0,-0.006,-0.001,-0.014,-0.007,13.22,-1.6,0.6,100,0
"2025-11-19 19:09:00",112123,"",7999,2025,11,19,19,3,5,-0.0115,0.674,-0.009,-344559.2,0.624,-0.008,1.248,11.91,0,-0.008,-0.002,0.009,-0.005,13.22,-1.6,0.6,100,0
"2025-11-19 19:12:00",112124,"",7999,2025,11,19,19,3,5,-0.0115,0.674,-0.009,-344559.2,0.624,-0.008,1.248,11.91,0,-0.008,-0.002,0.009,-0.005,13.22,-1.6,0.6,100,0
"2025-11-19 19:15:00",112125,"",7999,2025,11,19,19,9,5,-0.011,0.669,-0.009,-344563.2,0.619,-0.008,1.237,11.9,0,-0.008,-0.004,0,-0.019,13.22,-1.6,0.6,100,0
"2025-11-19 19:18:00",112126,"",7999,2025,11,19,19,9,5,-0.011,0.669,-0.009,-344563.2,0.619,-0.008,1.237,11.9,0,-0.008,-0.004,0,-0.019,13.22,-1.6,0.6,100,0
"2025-11-19 19:21:00",112127,"",7999,2025,11,19,19,15,5,0.0177,0.666,0.014,-344560.3,0.616,0.017,1.232,11.94,0,0.017,0.008,-0.021,0.005,13.22,-1.6,0.6,100,0
"2025-11-19 19:24:00",112128,"",7999,2025,11,19,19,15,5,0.0177,0.666,0.014,-344560.3,0.616,0.017,1.232,11.94,0,0.017,0.008,-0.021,0.005,13.22,-1.6,0.6,100,0
"2025-11-19 19:27:00",112129,"",7999,2025,11,19,19,21,5,0.0089,0.664,0.007,-344556,0.614,0.008,1.229,11.94,0,0.008,0.004,-0.019,-0.012,13.22,-1.6,0.6,100,0
"2025-11-19 19:30:00",112130,"",7999,2025,11,19,19,21,5,0.0089,0.664,0.007,-344556,0.614,0.008,1.229,11.94,0,0.008,0.004,-0.019,-0.012,13.22,-1.6,0.6,100,0
"2025-11-19 19:33:00",112131,"",7999,2025,11,19,19,27,5,-0.0032,0.662,-0.003,-344555.7,0.612,-0.001,1.225,11.91,0,-0.001,-0.001,0.012,-0.007,13.22,-1.6,0.6,100,0
"2025-11-19 19:36:00",112132,"",7999,2025,11,19,19,27,5,-0.0032,0.662,-0.003,-344555.7,0.612,-0.001,1.225,11.91,0,-0.001,-0.001,0.012,-0.007,13.22,-1.6,0.6,100,0
"2025-11-19 19:39:00",112133,"",7999,2025,11,19,19,33,5,-0.0055,0.656,-0.005,-344557.4,0.606,-0.004,1.214,11.95,0,-0.004,-0.001,-0.009,-0.009,13.22,-1.6,0.6,100,0
"2025-11-19 19:42:00",112134,"",7999,2025,11,19,19,33,5,-0.0055,0.656,-0.005,-344557.4,0.606,-0.004,1.214,11.95,0,-0.004,-0.001,-0.009,-0.009,13.22,-1.6,0.6,100,0
"2025-11-19 19:45:00",112135,"",7999,2025,11,19,19,39,5,-0.0069,0.652,-0.006,-344559.8,0.602,-0.005,1.207,11.89,0,-0.005,0.002,0.012,-0.005,13.22,-1.6,0.6,100,0
"2025-11-19 19:48:00",112136,"",7999,2025,11,19,19,39,5,-0.0069,0.652,-0.006,-344559.8,0.602,-0.005,1.207,11.89,0,-0.005,0.002,0.012,-0.005,13.22,-1.6,0.6,100,0
"2025-11-19 19:51:00",112137,"",7999,2025,11,19,19,45,5,-0.0073,0.65,-0.006,-344562.3,0.6,-0.006,1.203,11.86,0,-0.006,-0.001,0.009,-0.009,13.22,-1.6,0.6,100,0
"2025-11-19 19:54:00",112138,"",7999,2025,11,19,19,45,5,-0.0073,0.65,-0.006,-344562.3,0.6,-0.006,1.203,11.86,0,-0.006,-0.001,0.009,-0.009,13.22,-1.6,0.6,100,0
"2025-11-19 19:57:00",112139,"",7999,2025,11,19,19,51,5,0.0013,0.643,0.001,-344562.9,0.593,0.002,1.189,11.94,0,0.002,0.004,-0.007,-0.021,13.22,-1.6,0.6,100,0
"2025-11-19 20:00:00",112140,"",7999,2025,11,19,19,51,5,0.0013,0.643,0.001,-344562.9,0.593,0.002,1.189,11.94,0,0.002,0.004,-0.007,-0.021,13.22,-1.6,0.6,100,0
"2025-11-19 20:03:00",112141,"",7999,2025,11,19,19,57,5,-0.0082,0.629,-0.007,-344564.7,0.579,-0.006,1.164,11.97,0,-0.006,0.001,0,-0.009,13.22,-1.6,0.6,100,0
"2025-11-19 20:06:00",112142,"",7999,2025,11,19,19,57,5,-0.0082,0.629,-0.007,-344564.7,0.579,-0.006,1.164,11.97,0,-0.006,0.001,0,-0.009,13.22,-1.6,0.6,100,0
"2025-11-19 20:09:00",112143,"",7999,2025,11,19,20,3,5,-0.011,0.616,-0.01,-344568.3,0.566,-0.008,1.14,11.93,0,-0.008,-0.001,-0.009,-0.012,13.22,-1.6,0.6,100,0
"2025-11-19 20:12:00",112144,"",7999,2025,11,19,20,3,5,-0.011,0.616,-0.01,-344568.3,0.566,-0.008,1.14,11.93,0,-0.008,-0.001,-0.009,-0.012,13.22,-1.6,0.6,100,0
"2025-11-19 20:15:00",112145,"",7999,2025,11,19,20,9,5,-0.0064,0.606,-0.006,-344571.2,0.556,-0.005,1.121,11.96,0,-0.005,0,-0.005,-0.007,13.22,-1.6,0.6,100,0
"2025-11-19 20:18:00",112146,"",7999,2025,11,19,20,9,5,-0.0064,0.606,-0.006,-344571.2,0.556,-0.005,1.121,11.96,0,-0.005,0,-0.005,-0.007,13.22,-1.6,0.6,100,0
"2025-11-19 20:21:00",112147,"",7999,2025,11,19,20,15,5,-0.0072,0.597,-0.007,-344573.7,0.547,-0.005,1.106,11.95,0,-0.005,-0.002,-0.002,-0.014,13.22,-1.6,0.6,100,0
"2025-11-19 20:24:00",112148,"",7999,2025,11,19,20,15,5,-0.0072,0.597,-0.007,-344573.7,0.547,-0.005,1.106,11.95,0,-0.005,-0.002,-0.002,-0.014,13.22,-1.6,0.6,100,0
"2025-11-19 20:27:00",112149,"",7999,2025,11,19,20,21,5,-0.0039,0.589,-0.004,-344575.5,0.539,-0.002,1.09,11.95,0,-0.002,-0.001,0.002,0,13.22,-1.6,0.6,100,0
"2025-11-19 20:30:00",112150,"",7999,2025,11,19,20,21,5,-0.0039,0.589,-0.004,-344575.5,0.539,-0.002,1.09,11.95,0,-0.002,-0.001,0.002,0,13.22,-1.6,0.6,100,0
"2025-11-19 20:33:00",112151,"",7999,2025,11,19,20,27,5,-0.0009,0.58,-0.001,-344576.2,0.53,-0.001,1.074,11.94,0,-0.001,-0.001,0.005,-0.026,13.22,-1.7,0.6,100,0
"2025-11-19 20:36:00",112152,"",7999,2025,11,19,20,27,5,-0.0009,0.58,-0.001,-344576.2,0.53,-0.001,1.074,11.94,0,-0.001,-0.001,0.005,-0.026,13.22,-1.7,0.6,100,0
"2025-11-19 20:39:00",112153,"",7999,2025,11,19,20,33,5,-0.0023,0.573,-0.002,-344576.9,0.523,-0.001,1.06,11.91,0,-0.001,-0.001,-0.009,0,13.22,-1.6,0.6,100,0
"2025-11-19 20:42:00",112154,"",7999,2025,11,19,20,33,5,-0.0023,0.573,-0.002,-344576.9,0.523,-0.001,1.06,11.91,0,-0.001,-0.001,-0.009,0,13.22,-1.6,0.6,100,0
"2025-11-19 20:45:00",112155,"",7999,2025,11,19,20,39,5,-0.0035,0.57,-0.003,-344578,0.52,-0.001,1.055,11.94,0,-0.001,-0.001,0.009,-0.014,13.22,-1.7,0.6,100,0
"2025-11-19 20:48:00",112156,"",7999,2025,11,19,20,39,5,-0.0035,0.57,-0.003,-344578,0.52,-0.001,1.055,11.94,0,-0.001,-0.001,0.009,-0.014,13.22,-1.7,0.6,100,0
"2025-11-19 20:51:00",112157,"",7999,2025,11,19,20,45,5,-0.0006,0.566,-0.001,-344578.6,0.516,0,1.048,11.89,0,0,0,-0.009,-0.005,13.22,-1.7,0.6,100,0
"2025-11-19 20:54:00",112158,"",7999,2025,11,19,20,45,5,-0.0006,0.566,-0.001,-344578.6,0.516,0,1.048,11.89,0,0,0,-0.009,-0.005,13.22,-1.7,0.6,100,0
"2025-11-19 20:57:00",112159,"",7999,2025,11,19,20,51,5,0.0037,0.563,0.004,-344577.8,0.513,0.005,1.042,11.94,0,0.005,0.002,0.005,-0.005,13.22,-1.7,0.6,100,0
"2025-11-19 21:00:00",112160,"",7999,2025,11,19,20,51,5,0.0037,0.563,0.004,-344577.8,0.513,0.005,1.042,11.94,0,0.005,0.002,0.005,-0.005,13.22,-1.7,0.6,100,0
"2025-11-19 21:03:00",112161,"",7999,2025,11,19,20,57,5,-0.0024,0.559,-0.002,-344577.9,0.509,-0.001,1.034,11.89,0,-0.001,0.001,-0.023,0,13.22,-1.7,0.6,100,0
"2025-11-19 21:06:00",112162,"",7999,2025,11,19,20,57,5,-0.0024,0.559,-0.002,-344577.9,0.509,-0.001,1.034,11.89,0,-0.001,0.001,-0.023,0,13.22,-1.7,0.6,100,0
"2025-11-19 21:09:00",112163,"",7999,2025,11,19,21,3,5,-0.003,0.554,-0.003,-344578.9,0.504,-0.001,1.025,11.91,0,-0.001,0.001,0.009,0,13.22,-1.7,0.6,100,0
"2025-11-19 21:12:00",112164,"",7999,2025,11,19,21,3,5,-0.003,0.554,-0.003,-344578.9,0.504,-0.001,1.025,11.91,0,-0.001,0.001,0.009,0,13.22,-1.7,0.6,100,0
"2025-11-19 21:15:00",112165,"",7999,2025,11,19,21,9,5,0.0002,0.556,0,-344579.3,0.506,0,1.029,11.87,0,0,0,-0.012,-0.005,13.22,-1.7,0.6,100,0
"2025-11-19 21:18:00",112166,"",7999,2025,11,19,21,9,5,0.0002,0.556,0,-344579.3,0.506,0,1.029,11.87,0,0,0,-0.012,-0.005,13.22,-1.7,0.6,100,0
"2025-11-19 21:21:00",112167,"",7999,2025,11,19,21,15,5,-0.0038,0.559,-0.004,-344580.1,0.509,-0.002,1.034,11.87,0,-0.002,0,-0.016,0,13.22,-1.7,0.6,100,0
"2025-11-19 21:24:00",112168,"",7999,2025,11,19,21,15,5,-0.0038,0.559,-0.004,-344580.1,0.509,-0.002,1.034,11.87,0,-0.002,0,-0.016,0,13.22,-1.7,0.6,100,0
"2025-11-19 21:27:00",112169,"",7999,2025,11,19,21,21,5,0.0052,0.557,0.005,-344579.3,0.507,0.005,1.031,11.87,0,0.005,0.002,-0.016,-0.012,13.22,-1.6,0.6,100,0
"2025-11-19 21:30:00",112170,"",7999,2025,11,19,21,21,5,0.0052,0.557,0.005,-344579.3,0.507,0.005,1.031,11.87,0,0.005,0.002,-0.016,-0.012,13.22,-1.6,0.6,100,0
"2025-11-19 21:33:00",112171,"",7999,2025,11,19,21,27,5,-0.0023,0.555,-0.002,-344579.3,0.505,-0.001,1.026,11.9,0,-0.001,-0.001,-0.023,-0.009,13.22,-1.7,0.6,100,0
"2025-11-19 21:36:00",112172,"",7999,2025,11,19,21,27,5,-0.0023,0.555,-0.002,-344579.3,0.505,-0.001,1.026,11.9,0,-0.001,-0.001,-0.023,-0.009,13.22,-1.7,0.6,100,0
"2025-11-19 21:39:00",112173,"",7999,2025,11,19,21,33,5,0.0122,0.55,0.012,-344576.6,0.5,0.015,1.018,11.9,0,0.015,0.008,-0.026,-0.021,13.22,-1.7,0.6,100,0
"2025-11-19 21:42:00",112174,"",7999,2025,11,19,21,33,5,0.0122,0.55,0.012,-344576.6,0.5,0.015,1.018,11.9,0,0.015,0.008,-0.026,-0.021,13.22,-1.7,0.6,100,0
"2025-11-19 21:45:00",112175,"",7999,2025,11,19,21,39,5,-0.0078,0.547,-0.008,-344577,0.497,-0.007,1.013,11.9,0,-0.007,-0.001,-0.028,0,13.22,-1.7,0.6,100,0
"2025-11-19 21:48:00",112176,"",7999,2025,11,19,21,39,5,-0.0078,0.547,-0.008,-344577,0.497,-0.007,1.013,11.9,0,-0.007,-0.001,-0.028,0,13.22,-1.7,0.6,100,0
"2025-11-19 21:51:00",112177,"",7999,2025,11,19,21,45,5,-0.002,0.545,-0.002,-344578.4,0.495,-0.001,1.009,11.88,0,-0.001,-0.001,-0.016,-0.017,13.22,-1.7,0.6,100,0
"2025-11-19 21:54:00",112178,"",7999,2025,11,19,21,45,5,-0.002,0.545,-0.002,-344578.4,0.495,-0.001,1.009,11.88,0,-0.001,-0.001,-0.016,-0.017,13.22,-1.7,0.6,100,0
"2025-11-19 21:57:00",112179,"",7999,2025,11,19,21,51,5,-0.0011,0.54,-0.001,-344579,0.49,0,1,11.85,0,0,0.003,-0.014,-0.007,13.22,-1.7,0.6,99,0
"2025-11-19 22:00:00",112180,"",7999,2025,11,19,21,51,5,-0.0011,0.54,-0.001,-344579,0.49,0,1,11.85,0,0,0.003,-0.014,-0.007,13.22,-1.7,0.6,99,0
"2025-11-19 22:03:00",112181,"",7999,2025,11,19,21,57,5,-0.0009,0.533,-0.001,-344579.3,0.483,0,0.987,11.9,0,0,0,-0.012,-0.026,13.22,-1.7,0.6,100,0
"2025-11-19 22:06:00",112182,"",7999,2025,11,19,21,57,5,-0.0009,0.533,-0.001,-344579.3,0.483,0,0.987,11.9,0,0,0,-0.012,-0.026,13.22,-1.7,0.6,100,0
"2025-11-19 22:09:00",112183,"",7999,2025,11,19,22,3,5,0.0011,0.528,0.001,-344579.2,0.478,0,0.976,11.96,0,0,0,0.012,-0.005,13.22,-1.7,0.6,100,0
"2025-11-19 22:12:00",112184,"",7999,2025,11,19,22,3,5,0.0011,0.528,0.001,-344579.2,0.478,0,0.976,11.96,0,0,0,0.012,-0.005,13.22,-1.7,0.6,100,0
"2025-11-19 22:15:00",112185,"",7999,2025,11,19,22,9,5,0.0001,0.524,0,-344579,0.474,0,0.97,11.97,0,0,0,-0.019,-0.002,13.22,-1.7,0.6,100,0
"2025-11-19 22:18:00",112186,"",7999,2025,11,19,22,9,5,0.0001,0.524,0,-344579,0.474,0,0.97,11.97,0,0,0,-0.019,-0.002,13.22,-1.7,0.6,100,0
"2025-11-19 22:21:00",112187,"",7999,2025,11,19,22,15,5,-0.0093,0.522,-0.01,-344581.3,0.472,-0.01,0.965,11.92,0,-0.01,-0.003,-0.005,-0.007,13.22,-1.7,0.6,100,0
"2025-11-19 22:24:00",112188,"",7999,2025,11,19,22,15,5,-0.0093,0.522,-0.01,-344581.3,0.472,-0.01,0.965,11.92,0,-0.01,-0.003,-0.005,-0.007,13.22,-1.7,0.6,100,0
"2025-11-19 22:27:00",112189,"",7999,2025,11,19,22,21,5,-0.002,0.52,-0.002,-344582.9,0.47,-0.001,0.962,11.94,0,-0.001,-0.001,-0.019,-0.007,13.22,-1.7,0.6,100,0
"2025-11-19 22:30:00",112190,"",7999,2025,11,19,22,21,5,-0.002,0.52,-0.002,-344582.9,0.47,-0.001,0.962,11.94,0,-0.001,-0.001,-0.019,-0.007,13.22,-1.7,0.6,100,0
"2025-11-19 22:33:00",112191,"",7999,2025,11,19,22,27,5,-0.0024,0.516,-0.003,-344583.7,0.466,-0.001,0.956,11.91,0,-0.001,0.001,-0.012,-0.021,13.22,-1.7,0.6,100,0
"2025-11-19 22:36:00",112192,"",7999,2025,11,19,22,27,5,-0.0024,0.516,-0.003,-344583.7,0.466,-0.001,0.956,11.91,0,-0.001,0.001,-0.012,-0.021,13.22,-1.7,0.6,100,0
"2025-11-19 22:39:00",112193,"",7999,2025,11,19,22,33,5,-0.0025,0.512,-0.003,-344584.6,0.462,-0.001,0.947,11.87,0,-0.001,0.001,0,-0.026,13.22,-1.7,0.6,100,0
"2025-11-19 22:42:00",112194,"",7999,2025,11,19,22,33,5,-0.0025,0.512,-0.003,-344584.6,0.462,-0.001,0.947,11.87,0,-0.001,0.001,0,-0.026,13.22,-1.7,0.6,100,0
"2025-11-19 22:45:00",112195,"",7999,2025,11,19,22,39,5,-0.0022,0.134,-0.009,-344585.5,0.084,-0.01,0.248,11.82,0,-0.01,-0.004,0,0,13.22,-1.7,0.6,100,0
"2025-11-19 22:48:00",112196,"",7999,2025,11,19,22,39,5,-0.0022,0.134,-0.009,-344585.5,0.084,-0.01,0.248,11.82,0,-0.01,-0.004,0,0,13.22,-1.7,0.6,100,0
"2025-11-19 22:51:00",112197,"",7999,2025,11,19,22,45,5,-0.0011,0.507,-0.001,-344586,0.457,-0.002,0.939,11.92,0,-0.002,0.002,-0.023,-0.028,13.22,-1.7,0.6,100,0
"2025-11-19 22:54:00",112198,"",7999,2025,11,19,22,45,5,-0.0011,0.507,-0.001,-344586,0.457,-0.002,0.939,11.92,0,-0.002,0.002,-0.023,-0.028,13.22,-1.7,0.6,100,0
"2025-11-19 22:57:00",112199,"",7999,2025,11,19,22,51,5,-0.0033,0.507,-0.004,-344586.9,0.457,-0.002,0.938,11.82,0,-0.002,0,-0.026,0,13.22,-1.7,0.6,100,0
"2025-11-19 23:00:00",112200,"",7999,2025,11,19,22,51,5,-0.0033,0.507,-0.004,-344586.9,0.457,-0.002,0.938,11.82,0,-0.002,0,-0.026,0,13.22,-1.7,0.6,100,0
"2025-11-19 23:03:00",112201,"",7999,2025,11,19,22,57,5,-0.0019,0.506,-0.002,-344587.8,0.456,-0.001,0.936,11.83,0,-0.001,0.001,-0.019,-0.017,13.22,-1.7,0.6,100,0
"2025-11-19 23:06:00",112202,"",7999,2025,11,19,22,57,5,-0.0019,0.506,-0.002,-344587.8,0.456,-0.001,0.936,11.83,0,-0.001,0.001,-0.019,-0.017,13.22,-1.7,0.6,100,0
"2025-11-19 23:09:00",112203,"",7999,2025,11,19,23,3,5,-0.0025,0.505,-0.003,-344588.6,0.455,-0.002,0.935,11.9,0,-0.002,-0.001,-0.026,-0.024,13.22,-1.7,0.6,100,0
"2025-11-19 23:12:00",112204,"",7999,2025,11,19,23,3,5,-0.0025,0.505,-0.003,-344588.6,0.455,-0.002,0.935,11.9,0,-0.002,-0.001,-0.026,-0.024,13.22,-1.7,0.6,100,0
"2025-11-19 23:15:00",112205,"",7999,2025,11,19,23,9,5,0.0006,0.509,0.001,-344588.8,0.459,0,0.942,11.86,0,0,0,-0.026,-0.017,13.22,-1.7,0.6,100,0
"2025-11-19 23:18:00",112206,"",7999,2025,11,19,23,9,5,0.0006,0.509,0.001,-344588.8,0.459,0,0.942,11.86,0,0,0,-0.026,-0.017,13.22,-1.7,0.6,100,0
"2025-11-19 23:21:00",112207,"",7999,2025,11,19,23,15,5,-0.0102,0.516,-0.011,-344591.2,0.466,-0.011,0.955,11.86,0,-0.011,-0.005,-0.012,-0.012,13.22,-1.7,0.6,99,0
"2025-11-19 23:24:00",112208,"",7999,2025,11,19,23,15,5,-0.0102,0.516,-0.011,-344591.2,0.466,-0.011,0.955,11.86,0,-0.011,-0.005,-0.012,-0.012,13.22,-1.7,0.6,99,0
"2025-11-19 23:27:00",112209,"",7999,2025,11,19,23,21,5,0.0041,0.518,0.004,-344591.4,0.468,0.002,0.959,11.86,0,0.002,0.001,-0.035,-0.019,13.22,-1.7,0.6,100,0
"2025-11-19 23:30:00",112210,"",7999,2025,11,19,23,21,5,0.0041,0.518,0.004,-344591.4,0.468,0.002,0.959,11.86,0,0.002,0.001,-0.035,-0.019,13.22,-1.7,0.6,100,0
"2025-11-19 23:33:00",112211,"",7999,2025,11,19,23,27,5,-0.0049,0.517,-0.005,-344592.1,0.467,-0.004,0.957,11.95,0,-0.004,-0.001,-0.023,-0.031,13.22,-1.7,0.6,100,0
"2025-11-19 23:36:00",112212,"",7999,2025,11,19,23,27,5,-0.0049,0.517,-0.005,-344592.1,0.467,-0.004,0.957,11.95,0,-0.004,-0.001,-0.023,-0.031,13.22,-1.7,0.6,100,0
"2025-11-19 23:39:00",112213,"",7999,2025,11,19,23,33,5,-0.0084,0.517,-0.009,-344594.7,0.467,-0.007,0.957,11.94,0,-0.007,-0.003,-0.019,-0.014,13.22,-1.7,0.6,99,0
"2025-11-19 23:42:00",112214,"",7999,2025,11,19,23,33,5,-0.0084,0.517,-0.009,-344594.7,0.467,-0.007,0.957,11.94,0,-0.007,-0.003,-0.019,-0.014,13.22,-1.7,0.6,99,0
"2025-11-19 23:45:00",112215,"",7999,2025,11,19,23,39,5,0.0036,0.525,0.004,-344594.8,0.475,0.004,0.971,11.97,0,0.004,-0.002,-0.037,-0.012,13.22,-1.7,0.6,100,0
"2025-11-19 23:48:00",112216,"",7999,2025,11,19,23,39,5,0.0036,0.525,0.004,-344594.8,0.475,0.004,0.971,11.97,0,0.004,-0.002,-0.037,-0.012,13.22,-1.7,0.6,100,0
"2025-11-19 23:51:00",112217,"",7999,2025,11,19,23,45,5,-0.0001,0.164,0,-344594.4,0.114,0,0.305,11.98,0,0,0,0,0,13.22,-1.7,0.6,100,0
"2025-11-19 23:54:00",112218,"",7999,2025,11,19,23,45,5,-0.0001,0.164,0,-344594.4,0.114,0,0.305,11.98,0,0,0,0,0,13.22,-1.7,0.6,100,0
"2025-11-19 23:57:00",112219,"",7999,2025,11,19,23,51,5,-0.0006,0.536,-0.001,-344594.6,0.486,-0.001,0.993,11.99,0,-0.001,0.001,-0.019,-0.024,13.22,-1.7,0.6,100,0
"2025-11-20 00:00:00",112220,"",7999,2025,11,19,23,51,5,-0.0006,0.536,-0.001,-344594.6,0.486,-0.001,0.993,11.99,0,-0.001,0.001,-0.019,-0.024,13.22,-1.7,0.6,100,0
"2025-11-20 00:03:00",112221,"",7999,2025,11,19,23,57,5,0.0038,0.538,0.004,-344593.8,0.488,0.004,0.997,11.98,0,0.004,0.001,-0.03,-0.017,13.22,-1.7,0.6,100,0
"2025-11-20 00:06:00",112222,"",7999,2025,11,19,23,57,5,0.0038,0.538,0.004,-344593.8,0.488,0.004,0.997,11.98,0,0.004,0.001,-0.03,-0.017,13.22,-1.7,0.6,100,0
"2025-11-20 00:09:00",112223,"",7999,2025,11,20,0,3,5,-0.0034,0.54,-0.003,-344594.2,0.49,-0.002,0.999,11.88,0,-0.002,0,-0.023,-0.021,13.22,-1.7,0.6,99,0
"2025-11-20 00:12:00",112224,"",7999,2025,11,20,0,3,5,-0.0034,0.54,-0.003,-344594.2,0.49,-0.002,0.999,11.88,0,-0.002,0,-0.023,-0.021,13.22,-1.7,0.6,99,0
"2025-11-20 00:15:00",112225,"",7999,2025,11,20,0,9,5,0.0146,0.55,0.014,-344591.1,0.5,0.015,1.017,11.9,0,0.015,0.007,-0.04,-0.021,13.22,-1.7,0.6,100,0
"2025-11-20 00:18:00",112226,"",7999,2025,11,20,0,9,5,0.0146,0.55,0.014,-344591.1,0.5,0.015,1.017,11.9,0,0.015,0.007,-0.04,-0.021,13.22,-1.7,0.6,100,0
"2025-11-20 00:21:00",112227,"",7999,2025,11,20,0,15,5,-0.0038,0.555,-0.004,-344590.2,0.505,-0.002,1.027,11.88,0,-0.002,0,-0.028,-0.026,13.22,-1.7,0.6,100,0
"2025-11-20 00:24:00",112228,"",7999,2025,11,20,0,15,5,-0.0038,0.555,-0.004,-344590.2,0.505,-0.002,1.027,11.88,0,-0.002,0,-0.028,-0.026,13.22,-1.7,0.6,100,0
"2025-11-20 00:27:00",112229,"",7999,2025,11,20,0,21,5,0.0005,0.553,0.001,-344590.6,0.503,0,1.023,11.87,0,0,-0.004,-0.03,-0.031,13.22,-1.7,0.6,100,0
"2025-11-20 00:30:00",112230,"",7999,2025,11,20,0,21,5,0.0005,0.553,0.001,-344590.6,0.503,0,1.023,11.87,0,0,-0.004,-0.03,-0.031,13.22,-1.7,0.6,100,0
"2025-11-20 00:33:00",112231,"",7999,2025,11,20,0,27,5,0.0064,0.559,0.006,-344588.9,0.509,0.007,1.035,11.93,0,0.007,0.004,-0.04,-0.014,13.22,-1.7,0.6,100,0
"2025-11-20 00:36:00",112232,"",7999,2025,11,20,0,27,5,0.0064,0.559,0.006,-344588.9,0.509,0.007,1.035,11.93,0,0.007,0.004,-0.04,-0.014,13.22,-1.7,0.6,100,0
"2025-11-20 00:39:00",112233,"",7999,2025,11,20,0,33,5,-0.0002,0.566,0,-344588.2,0.516,0,1.047,11.94,0,0,0.005,-0.033,-0.014,13.22,-1.7,0.6,100,0
"2025-11-20 00:42:00",112234,"",7999,2025,11,20,0,33,5,-0.0002,0.566,0,-344588.2,0.516,0,1.047,11.94,0,0,0.005,-0.033,-0.014,13.22,-1.7,0.6,100,0
"2025-11-20 00:45:00",112235,"",7999,2025,11,20,0,39,5,0.0099,0.574,0.009,-344585.9,0.524,0.01,1.062,11.92,0,0.01,0.004,0.007,-0.007,13.22,-1.7,0.6,100,0
"2025-11-20 00:48:00",112236,"",7999,2025,11,20,0,39,5,0.0099,0.574,0.009,-344585.9,0.524,0.01,1.062,11.92,0,0.01,0.004,0.007,-0.007,13.22,-1.7,0.6,100,0
"2025-11-20 00:51:00",112237,"",7999,2025,11,20,0,45,5,-0.0013,0.58,-0.001,-344585,0.53,-0.001,1.074,11.82,0,-0.001,0.003,-0.007,-0.026,13.22,-1.7,0.6,100,0
"2025-11-20 00:54:00",112238,"",7999,2025,11,20,0,45,5,-0.0013,0.58,-0.001,-344585,0.53,-0.001,1.074,11.82,0,-0.001,0.003,-0.007,-0.026,13.22,-1.7,0.6,100,0
"2025-11-20 00:57:00",112239,"",7999,2025,11,20,0,51,5,0.0037,0.581,0.003,-344584.3,0.531,0.004,1.075,11.83,0,0.004,0.002,0,-0.031,13.22,-1.7,0.6,100,0
"2025-11-20 01:00:00",112240,"",7999,2025,11,20,0,51,5,0.0037,0.581,0.003,-344584.3,0.531,0.004,1.075,11.83,0,0.004,0.002,0,-0.031,13.22,-1.7,0.6,100,0
"2025-11-20 01:03:00",112241,"",7999,2025,11,20,0,57,5,0.0061,0.589,0.006,-344582.3,0.539,0.005,1.09,11.84,0,0.005,0.002,-0.03,-0.017,13.22,-1.7,0.6,100,0
"2025-11-20 01:06:00",112242,"",7999,2025,11,20,0,57,5,0.0061,0.589,0.006,-344582.3,0.539,0.005,1.09,11.84,0,0.005,0.002,-0.03,-0.017,13.22,-1.7,0.6,100,0
"2025-11-20 01:09:00",112243,"",7999,2025,11,20,1,3,5,-0.002,0.596,-0.002,-344582.1,0.546,-0.002,1.104,11.87,0,-0.002,-0.002,-0.035,-0.031,13.22,-1.6,0.6,100,0
"2025-11-20 01:12:00",112244,"",7999,2025,11,20,1,3,5,-0.002,0.596,-0.002,-344582.1,0.546,-0.002,1.104,11.87,0,-0.002,-0.002,-0.035,-0.031,13.22,-1.6,0.6,100,0
"2025-11-20 01:15:00",112245,"",7999,2025,11,20,1,9,5,0.0032,0.187,0.009,-344581.6,0.137,0.01,0.346,11.91,0,0.01,0.005,0,0,13.22,-1.7,0.6,100,0
"2025-11-20 01:18:00",112246,"",7999,2025,11,20,1,9,5,0.0032,0.187,0.009,-344581.6,0.137,0.01,0.346,11.91,0,0.01,0.005,0,0,13.22,-1.7,0.6,100,0
"2025-11-20 01:21:00",112247,"",7999,2025,11,20,1,15,5,-0.0051,0.608,-0.005,-344582.4,0.558,-0.004,1.126,11.84,0,-0.004,-0.002,-0.019,-0.014,13.22,-1.7,0.6,100,0
"2025-11-20 01:24:00",112248,"",7999,2025,11,20,1,15,5,-0.0051,0.608,-0.005,-344582.4,0.558,-0.004,1.126,11.84,0,-0.004,-0.002,-0.019,-0.014,13.22,-1.7,0.6,100,0
"2025-11-20 01:27:00",112249,"",7999,2025,11,20,1,21,5,0,0.112,0,-344583,0.062,0,0.207,11.87,0,0,0,0,0,13.22,-1.6,0.6,100,0
"2025-11-20 01:30:00",112250,"",7999,2025,11,20,1,21,5,0,0.112,0,-344583,0.062,0,0.207,11.87,0,0,0,0,0,13.22,-1.6,0.6,100,0
"2025-11-20 01:33:00",112251,"",7999,2025,11,20,1,27,5,-0.0008,0.619,-0.001,-344583.2,0.569,0,1.145,11.84,0,0,0.001,0.049,-0.007,13.22,-1.6,0.6,100,0
"2025-11-20 01:36:00",112252,"",7999,2025,11,20,1,27,5,-0.0008,0.619,-0.001,-344583.2,0.569,0,1.145,11.84,0,0,0.001,0.049,-0.007,13.22,-1.6,0.6,100,0
"2025-11-20 01:39:00",112253,"",7999,2025,11,20,1,33,5,0.0089,0.625,0.008,-344581.2,0.575,0.007,1.156,11.88,0,0.007,0.001,-0.023,-0.026,13.22,-1.6,0.6,100,0
"2025-11-20 01:42:00",112254,"",7999,2025,11,20,1,33,5,0.0089,0.625,0.008,-344581.2,0.575,0.007,1.156,11.88,0,0.007,0.001,-0.023,-0.026,13.22,-1.6,0.6,100,0
"2025-11-20 01:45:00",112255,"",7999,2025,11,20,1,39,5,0.0077,0.627,0.007,-344578.2,0.577,0.007,1.161,11.86,0,0.007,0.003,-0.005,-0.014,13.22,-1.6,0.6,100,0
"2025-11-20 01:48:00",112256,"",7999,2025,11,20,1,39,5,0.0077,0.627,0.007,-344578.2,0.577,0.007,1.161,11.86,0,0.007,0.003,-0.005,-0.014,13.22,-1.6,0.6,100,0
"2025-11-20 01:51:00",112257,"",7999,2025,11,20,1,45,5,0.0056,0.629,0.005,-344575.9,0.579,0.005,1.163,11.86,0,0.005,0.002,-0.016,-0.017,13.22,-1.6,0.6,100,0
"2025-11-20 01:54:00",112258,"",7999,2025,11,20,1,45,5,0.0056,0.629,0.005,-344575.9,0.579,0.005,1.163,11.86,0,0.005,0.002,-0.016,-0.017,13.22,-1.6,0.6,100,0
"2025-11-20 01:57:00",112259,"",7999,2025,11,20,1,51,5,0.0078,0.63,0.007,-344573.4,0.58,0.006,1.166,11.92,0,0.006,0.003,0.016,-0.028,13.22,-1.6,0.6,100,0
"2025-11-20 02:00:00",112260,"",7999,2025,11,20,1,51,5,0.0078,0.63,0.007,-344573.4,0.58,0.006,1.166,11.92,0,0.006,0.003,0.016,-0.028,13.22,-1.6,0.6,100,0
"2025-11-20 02:03:00",112261,"",7999,2025,11,20,1,57,5,0.0086,0.638,0.007,-344570.3,0.588,0.008,1.181,11.91,0,0.008,0.004,0.005,-0.021,13.22,-1.6,0.6,100,0
"2025-11-20 02:06:00",112262,"",7999,2025,11,20,1,57,5,0.0086,0.638,0.007,-344570.3,0.588,0.008,1.181,11.91,0,0.008,0.004,0.005,-0.021,13.22,-1.6,0.6,100,0
"2025-11-20 02:09:00",112263,"",7999,2025,11,20,2,3,5,-0.0042,0.648,-0.004,-344570.3,0.598,-0.005,1.199,11.84,0,-0.005,-0.004,0.012,-0.019,13.22,-1.6,0.6,100,0
"2025-11-20 02:12:00",112264,"",7999,2025,11,20,2,3,5,-0.0042,0.648,-0.004,-344570.3,0.598,-0.005,1.199,11.84,0,-0.005,-0.004,0.012,-0.019,13.22,-1.6,0.6,100,0
"2025-11-20 02:15:00",112265,"",7999,2025,11,20,2,9,5,0.0047,0.65,0.004,-344569.7,0.6,0.002,1.203,11.88,0,0.002,0.001,-0.009,-0.019,13.22,-1.6,0.6,100,0
"2025-11-20 02:18:00",112266,"",7999,2025,11,20,2,9,5,0.0047,0.65,0.004,-344569.7,0.6,0.002,1.203,11.88,0,0.002,0.001,-0.009,-0.019,13.22,-1.6,0.6,100,0
"2025-11-20 02:21:00",112267,"",7999,2025,11,20,2,15,5,0.0047,0.652,0.004,-344568,0.602,0.004,1.207,11.9,0,0.004,0.002,-0.03,-0.014,13.22,-1.6,0.6,100,0
"2025-11-20 02:24:00",112268,"",7999,2025,11,20,2,15,5,0.0047,0.652,0.004,-344568,0.602,0.004,1.207,11.9,0,0.004,0.002,-0.03,-0.014,13.22,-1.6,0.6,100,0
"2025-11-20 02:27:00",112269,"",7999,2025,11,20,2,21,5,0.0032,0.654,0.003,-344566.6,0.604,0.002,1.21,11.86,0,0.002,0.001,-0.028,-0.012,13.22,-1.6,0.6,100,0
"2025-11-20 02:30:00",112270,"",7999,2025,11,20,2,21,5,0.0032,0.654,0.003,-344566.6,0.604,0.002,1.21,11.86,0,0.002,0.001,-0.028,-0.012,13.22,-1.6,0.6,100,0
"2025-11-20 02:33:00",112271,"",7999,2025,11,20,2,27,5,0.0131,0.663,0.011,-344563.1,0.613,0.01,1.226,11.83,0,0.01,0.001,-0.014,-0.005,13.22,-1.6,0.6,100,0
"2025-11-20 02:36:00",112272,"",7999,2025,11,20,2,27,5,0.0131,0.663,0.011,-344563.1,0.613,0.01,1.226,11.83,0,0.01,0.001,-0.014,-0.005,13.22,-1.6,0.6,100,0
"2025-11-20 02:39:00",112273,"",7999,2025,11,20,2,33,5,0.0106,0.672,0.009,-344558.9,0.622,0.007,1.244,11.86,0,0.007,0,-0.002,-0.012,13.22,-1.6,0.6,100,0
"2025-11-20 02:42:00",112274,"",7999,2025,11,20,2,33,5,0.0106,0.672,0.009,-344558.9,0.622,0.007,1.244,11.86,0,0.007,0,-0.002,-0.012,13.22,-1.6,0.6,100,0
"2025-11-20 02:45:00",112275,"",7999,2025,11,20,2,39,5,0.0109,0.676,0.009,-344555,0.626,0.007,1.25,11.77,0,0.007,0,0.002,-0.017,13.22,-1.6,0.6,100,0
"2025-11-20 02:48:00",112276,"",7999,2025,11,20,2,39,5,0.0109,0.676,0.009,-344555,0.626,0.007,1.25,11.77,0,0.007,0,0.002,-0.017,13.22,-1.6,0.6,100,0
"2025-11-20 02:51:00",112277,"",7999,2025,11,20,2,45,5,0.0054,0.681,0.004,-344552.4,0.631,0.004,1.261,11.81,0,0.004,0.001,0.012,-0.009,13.22,-1.6,0.6,100,0
"2025-11-20 02:54:00",112278,"",7999,2025,11,20,2,45,5,0.0054,0.681,0.004,-344552.4,0.631,0.004,1.261,11.81,0,0.004,0.001,0.012,-0.009,13.22,-1.6,0.6,100,0
"2025-11-20 02:57:00",112279,"",7999,2025,11,20,2,51,5,0.0129,0.687,0.01,-344548.7,0.637,0.01,1.272,11.78,0,0.01,0.002,-0.016,-0.017,13.22,-1.6,0.6,100,0
"2025-11-20 03:00:00",112280,"",7999,2025,11,20,2,51,5,0.0129,0.687,0.01,-344548.7,0.637,0.01,1.272,11.78,0,0.01,0.002,-0.016,-0.017,13.22,-1.6,0.6,100,0
"2025-11-20 03:03:00",112281,"",7999,2025,11,20,2,57,5,0.0077,0.69,0.006,-344545.3,0.64,0.007,1.278,11.73,0,0.007,0.004,-0.002,-0.012,13.22,-1.6,0.6,100,0
"2025-11-20 03:06:00",112282,"",7999,2025,11,20,2,57,5,0.0077,0.69,0.006,-344545.3,0.64,0.007,1.278,11.73,0,0.007,0.004,-0.002,-0.012,13.22,-1.6,0.6,100,0
"2025-11-20 03:09:00",112283,"",7999,2025,11,20,3,3,5,0.0166,0.697,0.013,-344540.3,0.647,0.012,1.29,11.68,0,0.012,0,0.002,0,13.22,-1.6,0.6,100,0
"2025-11-20 03:12:00",112284,"",7999,2025,11,20,3,3,5,0.0166,0.697,0.013,-344540.3,0.647,0.012,1.29,11.68,0,0.012,0,0.002,0,13.22,-1.6,0.6,100,0
"2025-11-20 03:15:00",112285,"",7999,2025,11,20,3,9,5,0.0059,0.702,0.005,-344536.9,0.652,0.004,1.299,11.44,0,0.004,0.001,-0.016,-0.012,13.22,-1.6,0.6,100,0
"2025-11-20 03:18:00",112286,"",7999,2025,11,20,3,9,5,0.0059,0.702,0.005,-344536.9,0.652,0.004,1.299,11.44,0,0.004,0.001,-0.016,-0.012,13.22,-1.6,0.6,100,0
"2025-11-20 03:21:00",112287,"",7999,2025,11,20,3,15,5,-0.0074,0.705,-0.006,-344538,0.655,-0.004,1.305,11.32,0,-0.004,0.002,0,-0.019,13.22,-1.6,0.6,100,0
"2025-11-20 03:24:00",112288,"",7999,2025,11,20,3,15,5,-0.0074,0.705,-0.006,-344538,0.655,-0.004,1.305,11.32,0,-0.004,0.002,0,-0.019,13.22,-1.6,0.6,100,0
"2025-11-20 03:27:00",112289,"",7999,2025,11,20,3,21,5,0.0103,0.708,0.008,-344536.4,0.658,0.007,1.31,11.2,0,0.007,0.003,-0.012,-0.019,13.22,-1.6,0.6,100,0
"2025-11-20 03:30:00",112290,"",7999,2025,11,20,3,21,5,0.0103,0.708,0.008,-344536.4,0.658,0.007,1.31,11.2,0,0.007,0.003,-0.012,-0.019,13.22,-1.6,0.6,100,0
"2025-11-20 03:33:00",112291,"",7999,2025,11,20,3,27,5,-0.0127,0.708,-0.01,-344538.2,0.658,-0.008,1.31,11.01,0,-0.008,-0.002,-0.016,-0.038,13.22,-1.6,0.6,100,0
"2025-11-20 03:36:00",112292,"",7999,2025,11,20,3,27,5,-0.0127,0.708,-0.01,-344538.2,0.658,-0.008,1.31,11.01,0,-0.008,-0.002,-0.016,-0.038,13.22,-1.6,0.6,100,0
"2025-11-20 03:39:00",112293,"",7999,2025,11,20,3,33,5,-0.0177,0.707,-0.014,-344544,0.657,-0.012,1.309,10.92,0,-0.012,-0.002,-0.019,-0.033,13.22,-1.6,0.6,100,0
"2025-11-20 03:42:00",112294,"",7999,2025,11,20,3,33,5,-0.0177,0.707,-0.014,-344544,0.657,-0.012,1.309,10.92,0,-0.012,-0.002,-0.019,-0.033,13.22,-1.6,0.6,100,0
"2025-11-20 03:45:00",112295,"",7999,2025,11,20,3,39,5,-0.0083,0.712,-0.006,-344548.2,0.662,-0.005,1.318,10.77,0,-0.005,-0.002,0.002,-0.012,13.22,-1.6,0.6,100,0
"2025-11-20 03:48:00",112296,"",7999,2025,11,20,3,39,5,-0.0083,0.712,-0.006,-344548.2,0.662,-0.005,1.318,10.77,0,-0.005,-0.002,0.002,-0.012,13.22,-1.6,0.6,100,0
"2025-11-20 03:51:00",112297,"",7999,2025,11,20,3,45,5,0.0019,0.715,0.001,-344548.7,0.665,0.001,1.322,10.65,0,0.001,0.001,-0.012,0.002,13.22,-1.6,0.6,100,0
"2025-11-20 03:54:00",112298,"",7999,2025,11,20,3,45,5,0.0019,0.715,0.001,-344548.7,0.665,0.001,1.322,10.65,0,0.001,0.001,-0.012,0.002,13.22,-1.6,0.6,100,0
"2025-11-20 03:57:00",112299,"",7999,2025,11,20,3,51,5,-0.0022,0.714,-0.002,-344549,0.664,-0.001,1.321,10.57,0,-0.001,-0.002,0.012,0,13.22,-1.6,0.6,100,0
"2025-11-20 04:00:00",112300,"",7999,2025,11,20,3,51,5,-0.0022,0.714,-0.002,-344549,0.664,-0.001,1.321,10.57,0,-0.001,-0.002,0.012,0,13.22,-1.6,0.6,100,0
"2025-11-20 04:03:00",112301,"",7999,2025,11,20,3,57,5,0.0027,0.715,0.002,-344548.6,0.665,0.001,1.324,10.49,0,0.001,-0.001,0.012,-0.024,13.22,-1.6,0.6,100,0
"2025-11-20 04:06:00",112302,"",7999,2025,11,20,3,57,5,0.0027,0.715,0.002,-344548.6,0.665,0.001,1.324,10.49,0,0.001,-0.001,0.012,-0.024,13.22,-1.6,0.6,100,0
"2025-11-20 04:09:00",112303,"",7999,2025,11,20,4,3,5,-0.008,0.709,-0.006,-344550.2,0.659,-0.005,1.312,10.45,0,-0.005,0,-0.016,-0.028,13.22,-1.6,0.6,100,0
"2025-11-20 04:12:00",112304,"",7999,2025,11,20,4,3,5,-0.008,0.709,-0.006,-344550.2,0.659,-0.005,1.312,10.45,0,-0.005,0,-0.016,-0.028,13.22,-1.6,0.6,100,0
"2025-11-20 04:15:00",112305,"",7999,2025,11,20,4,9,5,-0.0106,0.707,-0.008,-344553.7,0.657,-0.006,1.308,10.47,0,-0.006,0.001,0,-0.028,13.22,-1.6,0.6,100,0
"2025-11-20 04:18:00",112306,"",7999,2025,11,20,4,9,5,-0.0106,0.707,-0.008,-344553.7,0.657,-0.006,1.308,10.47,0,-0.006,0.001,0,-0.028,13.22,-1.6,0.6,100,0
"2025-11-20 04:21:00",112307,"",7999,2025,11,20,4,15,5,-0.0007,0.712,-0.001,-344555.2,0.662,-0.001,1.318,10.52,0,-0.001,-0.001,-0.012,-0.024,13.22,-1.6,0.6,100,0
"2025-11-20 04:24:00",112308,"",7999,2025,11,20,4,15,5,-0.0007,0.712,-0.001,-344555.2,0.662,-0.001,1.318,10.52,0,-0.001,-0.001,-0.012,-0.024,13.22,-1.6,0.6,100,0
"2025-11-20 04:27:00",112309,"",7999,2025,11,20,4,21,5,-0.0101,0.712,-0.008,-344557.7,0.662,-0.007,1.318,10.51,0,-0.007,-0.002,-0.042,-0.007,13.22,-1.6,0.6,100,0
"2025-11-20 04:30:00",112310,"",7999,2025,11,20,4,21,5,-0.0101,0.712,-0.008,-344557.7,0.662,-0.007,1.318,10.51,0,-0.007,-0.002,-0.042,-0.007,13.22,-1.6,0.6,100,0
"2025-11-20 04:33:00",112311,"",7999,2025,11,20,4,27,5,0,0.715,0,-344558.9,0.665,0.001,1.323,10.51,0,0.001,0.001,-0.007,-0.017,13.22,-1.6,0.6,100,0
"2025-11-20 04:36:00",112312,"",7999,2025,11,20,4,27,5,0,0.715,0,-344558.9,0.665,0.001,1.323,10.51,0,0.001,0.001,-0.007,-0.017,13.22,-1.6,0.6,100,0
"2025-11-20 04:39:00",112313,"",7999,2025,11,20,4,33,5,-0.001,0.717,-0.001,-344559.2,0.667,0,1.327,10.47,0,0,0,0.007,-0.017,13.22,-1.6,0.6,100,0
"2025-11-20 04:42:00",112314,"",7999,2025,11,20,4,33,5,-0.001,0.717,-0.001,-344559.2,0.667,0,1.327,10.47,0,0,0,0.007,-0.017,13.22,-1.6,0.6,100,0
"2025-11-20 04:45:00",112315,"",7999,2025,11,20,4,39,5,-0.0017,0.718,-0.001,-344559.7,0.668,-0.001,1.329,10.49,0,-0.001,-0.001,-0.035,-0.009,13.22,-1.6,0.6,100,0
"2025-11-20 04:48:00",112316,"",7999,2025,11,20,4,39,5,-0.0017,0.718,-0.001,-344559.7,0.668,-0.001,1.329,10.49,0,-0.001,-0.001,-0.035,-0.009,13.22,-1.6,0.6,100,0
"2025-11-20 04:51:00",112317,"",7999,2025,11,20,4,45,5,0.0109,0.724,0.008,-344557.3,0.674,0.007,1.339,10.53,0,0.007,-0.001,0.03,0,13.22,-1.6,0.6,100,0
"2025-11-20 04:54:00",112318,"",7999,2025,11,20,4,45,5,0.0109,0.724,0.008,-344557.3,0.674,0.007,1.339,10.53,0,0.007,-0.001,0.03,0,13.22,-1.6,0.6,100,0
"2025-11-20 04:57:00",112319,"",7999,2025,11,20,4,51,5,0.0026,0.724,0.002,-344555.4,0.674,0.001,1.34,10.5,0,0.001,0.001,-0.021,-0.019,13.22,-1.6,0.6,100,0
"2025-11-20 05:00:00",112320,"",7999,2025,11,20,4,51,5,0.0026,0.724,0.002,-344555.4,0.674,0.001,1.34,10.5,0,0.001,0.001,-0.021,-0.019,13.22,-1.6,0.6,100,0
"2025-11-20 05:03:00",112321,"",7999,2025,11,20,4,57,5,0.0176,0.724,0.013,-344550.8,0.674,0.012,1.341,10.51,0,0.012,-0.001,-0.014,0.002,13.22,-1.6,0.6,100,0
"2025-11-20 05:06:00",112322,"",7999,2025,11,20,4,57,5,0.0176,0.724,0.013,-344550.8,0.674,0.012,1.341,10.51,0,0.012,-0.001,-0.014,0.002,13.22,-1.6,0.6,100,0
"2025-11-20 05:09:00",112323,"",7999,2025,11,20,5,3,5,-0.0035,0.726,-0.003,-344549.6,0.676,-0.002,1.344,10.54,0,-0.002,-0.001,-0.016,-0.002,13.22,-1.6,0.6,100,0
"2025-11-20 05:12:00",112324,"",7999,2025,11,20,5,3,5,-0.0035,0.726,-0.003,-344549.6,0.676,-0.002,1.344,10.54,0,-0.002,-0.001,-0.016,-0.002,13.22,-1.6,0.6,100,0
"2025-11-20 05:15:00",112325,"",7999,2025,11,20,5,9,5,-0.0075,0.726,-0.006,-344551.8,0.676,-0.005,1.343,10.56,0,-0.005,-0.001,-0.035,-0.031,13.22,-1.6,0.6,100,0
"2025-11-20 05:18:00",112326,"",7999,2025,11,20,5,9,5,-0.0075,0.726,-0.006,-344551.8,0.676,-0.005,1.343,10.56,0,-0.005,-0.001,-0.035,-0.031,13.22,-1.6,0.6,100,0
"2025-11-20 05:21:00",112327,"",7999,2025,11,20,5,15,5,-0.01,0.724,-0.007,-344555.1,0.674,-0.006,1.339,10.44,0,-0.006,-0.002,0.037,-0.009,13.22,-1.6,0.6,100,0
"2025-11-20 05:24:00",112328,"",7999,2025,11,20,5,15,5,-0.01,0.724,-0.007,-344555.1,0.674,-0.006,1.339,10.44,0,-0.006,-0.002,0.037,-0.009,13.22,-1.6,0.6,100,0
"2025-11-20 05:27:00",112329,"",7999,2025,11,20,5,21,5,-0.0026,0.725,-0.002,-344557,0.675,-0.001,1.342,10.48,0,-0.001,-0.001,0.042,-0.014,13.22,-1.6,0.6,100,0
"2025-11-20 05:30:00",112330,"",7999,2025,11,20,5,21,5,-0.0026,0.725,-0.002,-344557,0.675,-0.001,1.342,10.48,0,-0.001,-0.001,0.042,-0.014,13.22,-1.6,0.6,100,0
"2025-11-20 05:33:00",112331,"",7999,2025,11,20,5,27,5,-0.0012,0.722,-0.001,-344557.6,0.672,-0.001,1.337,10.42,0,-0.001,-0.002,-0.021,-0.019,13.22,-1.6,0.6,100,0
"2025-11-20 05:36:00",112332,"",7999,2025,11,20,5,27,5,-0.0012,0.722,-0.001,-344557.6,0.672,-0.001,1.337,10.42,0,-0.001,-0.002,-0.021,-0.019,13.22,-1.6,0.6,100,0
"2025-11-20 05:39:00",112333,"",7999,2025,11,20,5,33,5,-0.0134,0.719,-0.01,-344561,0.669,-0.008,1.33,10.35,0,-0.008,-0.001,-0.023,-0.007,13.22,-1.6,0.6,100,0
"2025-11-20 05:42:00",112334,"",7999,2025,11,20,5,33,5,-0.0134,0.719,-0.01,-344561,0.669,-0.008,1.33,10.35,0,-0.008,-0.001,-0.023,-0.007,13.22,-1.6,0.6,100,0
"2025-11-20 05:45:00",112335,"",7999,2025,11,20,5,39,5,-0.0001,0.717,0,-344562.6,0.667,0.001,1.326,10.4,0,0.001,0.001,-0.014,-0.021,13.22,-1.6,0.6,100,0
"2025-11-20 05:48:00",112336,"",7999,2025,11,20,5,39,5,-0.0001,0.717,0,-344562.6,0.667,0.001,1.326,10.4,0,0.001,0.001,-0.014,-0.021,13.22,-1.6,0.6,100,0
"2025-11-20 05:51:00",112337,"",7999,2025,11,20,5,45,5,-0.0084,0.71,-0.006,-344564.7,0.66,-0.005,1.314,10.29,0,-0.005,0.001,0,-0.007,13.22,-1.6,0.6,100,0
"2025-11-20 05:54:00",112338,"",7999,2025,11,20,5,45,5,-0.0084,0.71,-0.006,-344564.7,0.66,-0.005,1.314,10.29,0,-0.005,0.001,0,-0.007,13.22,-1.6,0.6,100,0
"2025-11-20 05:57:00",112339,"",7999,2025,11,20,5,51,5,-0.0028,0.703,-0.002,-344566.4,0.653,-0.002,1.301,10.28,0,-0.002,0.001,-0.009,-0.005,13.22,-1.6,0.6,100,0
"2025-11-20 06:00:00",112340,"",7999,2025,11,20,5,51,5,-0.0028,0.703,-0.002,-344566.4,0.653,-0.002,1.301,10.28,0,-0.002,0.001,-0.009,-0.005,13.22,-1.6,0.6,100,0
"2025-11-20 06:03:00",112341,"",7999,2025,11,20,5,57,5,-0.0114,0.698,-0.009,-344569.5,0.648,-0.007,1.292,10.28,0,-0.007,-0.002,0.014,-0.007,13.22,-1.6,0.6,100,0
"2025-11-20 06:06:00",112342,"",7999,2025,11,20,5,57,5,-0.0114,0.698,-0.009,-344569.5,0.648,-0.007,1.292,10.28,0,-0.007,-0.002,0.014,-0.007,13.22,-1.6,0.6,100,0
"2025-11-20 06:09:00",112343,"",7999,2025,11,20,6,3,5,-0.0084,0.691,-0.007,-344572.9,0.641,-0.004,1.28,10.22,0,-0.004,-0.001,0.002,-0.009,13.21,-1.6,0.6,100,0
"2025-11-20 06:12:00",112344,"",7999,2025,11,20,6,3,5,-0.0084,0.691,-0.007,-344572.9,0.641,-0.004,1.28,10.22,0,-0.004,-0.001,0.002,-0.009,13.21,-1.6,0.6,100,0
"2025-11-20 06:15:00",112345,"",7999,2025,11,20,6,9,5,0.0018,0.686,0.001,-344573.4,0.636,0.001,1.269,10.27,0,0.001,-0.001,-0.005,0.014,13.21,-1.6,0.6,100,0
"2025-11-20 06:18:00",112346,"",7999,2025,11,20,6,9,5,0.0018,0.686,0.001,-344573.4,0.636,0.001,1.269,10.27,0,0.001,-0.001,-0.005,0.014,13.21,-1.6,0.6,100,0
"2025-11-20 06:21:00",112347,"",7999,2025,11,20,6,15,5,-0.0045,0.682,-0.004,-344574.3,0.632,-0.002,1.261,10.32,0,-0.002,0,0.012,-0.009,13.21,-1.6,0.6,100,0
"2025-11-20 06:24:00",112348,"",7999,2025,11,20,6,15,5,-0.0045,0.682,-0.004,-344574.3,0.632,-0.002,1.261,10.32,0,-0.002,0,0.012,-0.009,13.21,-1.6,0.6,100,0
"2025-11-20 06:27:00",112349,"",7999,2025,11,20,6,21,5,0.003,0.287,0.006,-344574.1,0.237,0.006,0.532,10.24,0,0.006,0.003,0.002,0.019,13.21,-1.6,0.6,100,0
"2025-11-20 06:30:00",112350,"",7999,2025,11,20,6,21,5,0.003,0.287,0.006,-344574.1,0.237,0.006,0.532,10.24,0,0.006,0.003,0.002,0.019,13.21,-1.6,0.6,100,0
"2025-11-20 06:33:00",112351,"",7999,2025,11,20,6,27,5,-0.0016,0.134,-0.006,-344574.1,0.084,-0.007,0.249,10.25,0,-0.007,-0.003,0,0,13.21,-1.6,0.6,100,0
"2025-11-20 06:36:00",112352,"",7999,2025,11,20,6,27,5,-0.0016,0.134,-0.006,-344574.1,0.084,-0.007,0.249,10.25,0,-0.007,-0.003,0,0,13.21,-1.6,0.6,100,0
"2025-11-20 06:39:00",112353,"",7999,2025,11,20,6,33,5,0.0006,0.32,0.001,-344574.2,0.27,0.001,0.593,10.29,0,0.001,0.002,0.002,0.007,13.22,-1.6,0.6,100,0
"2025-11-20 06:42:00",112354,"",7999,2025,11,20,6,33,5,0.0006,0.32,0.001,-344574.2,0.27,0.001,0.593,10.29,0,0.001,0.002,0.002,0.007,13.22,-1.6,0.6,100,0
"2025-11-20 06:45:00",112355,"",7999,2025,11,20,6,39,5,0.0019,0.255,0.004,-344573.6,0.205,0.005,0.473,10.28,0,0.005,-0.003,0.002,-0.005,13.21,-1.6,0.6,100,0
"2025-11-20 06:48:00",112356,"",7999,2025,11,20,6,39,5,0.0019,0.255,0.004,-344573.6,0.205,0.005,0.473,10.28,0,0.005,-0.003,0.002,-0.005,13.21,-1.6,0.6,100,0
"2025-11-20 06:51:00",112357,"",7999,2025,11,20,6,45,5,0.0024,0.283,0.005,-344572.8,0.233,0.005,0.524,10.28,0,0.005,0.002,0,0.007,13.21,-1.6,0.6,100,0
"2025-11-20 06:54:00",112358,"",7999,2025,11,20,6,45,5,0.0024,0.283,0.005,-344572.8,0.233,0.005,0.524,10.28,0,0.005,0.002,0,0.007,13.21,-1.6,0.6,100,0
"2025-11-20 06:57:00",112359,"",7999,2025,11,20,6,51,5,0.0019,0.322,0.003,-344572.1,0.272,0.002,0.596,10.29,0,0.002,0.001,-0.007,0.007,13.21,-1.6,0.6,100,0
"2025-11-20 07:00:00",112360,"",7999,2025,11,20,6,51,5,0.0019,0.322,0.003,-344572.1,0.272,0.002,0.596,10.29,0,0.002,0.001,-0.007,0.007,13.21,-1.6,0.6,100,0
"2025-11-20 07:03:00",112361,"",7999,2025,11,20,6,57,5,-0.0022,0.349,-0.003,-344572.3,0.299,-0.002,0.646,10.27,0,-0.002,-0.001,-0.007,-0.028,13.22,-1.6,0.6,100,0
"2025-11-20 07:06:00",112362,"",7999,2025,11,20,6,57,5,-0.0022,0.349,-0.003,-344572.3,0.299,-0.002,0.646,10.27,0,-0.002,-0.001,-0.007,-0.028,13.22,-1.6,0.6,100,0
"2025-11-20 07:09:00",112363,"",7999,2025,11,20,7,3,5,-0.0153,0.258,-0.032,-344576.3,0.208,-0.034,0.477,10.27,0,-0.034,0.003,-0.026,-0.014,13.22,-1.6,0.6,100,0
"2025-11-20 07:12:00",112364,"",7999,2025,11,20,7,3,5,-0.0153,0.258,-0.032,-344576.3,0.208,-0.034,0.477,10.27,0,-0.034,0.003,-0.026,-0.014,13.22,-1.6,0.6,100,0
"2025-11-20 07:15:00",112365,"",7999,2025,11,20,7,9,5,0.0036,0.149,0.013,-344577.3,0.099,0.014,0.276,10.3,0,0.014,-0.007,0,0,13.22,-1.6,0.6,100,0
"2025-11-20 07:18:00",112366,"",7999,2025,11,20,7,9,5,0.0036,0.149,0.013,-344577.3,0.099,0.014,0.276,10.3,0,0.014,-0.007,0,0,13.22,-1.6,0.6,100,0
"2025-11-20 07:21:00",112367,"",7999,2025,11,20,7,15,5,-0.0205,0.235,-0.047,-344581.8,0.185,-0.048,0.434,10.32,0,-0.048,-0.015,-0.007,-0.014,13.21,-1.6,0.6,100,0
"2025-11-20 07:24:00",112368,"",7999,2025,11,20,7,15,5,-0.0205,0.235,-0.047,-344581.8,0.185,-0.048,0.434,10.32,0,-0.048,-0.015,-0.007,-0.014,13.21,-1.6,0.6,100,0
"2025-11-20 07:27:00",112369,"",7999,2025,11,20,7,21,5,0.0235,0.232,0.055,-344578.6,0.182,0.058,0.429,10.37,0,0.058,0.028,0.002,0,13.22,-1.6,0.6,100,0
"2025-11-20 07:30:00",112370,"",7999,2025,11,20,7,21,5,0.0235,0.232,0.055,-344578.6,0.182,0.058,0.429,10.37,0,0.058,0.028,0.002,0,13.22,-1.6,0.6,100,0
"2025-11-20 07:33:00",112371,"",7999,2025,11,20,7,27,5,0.0135,0.227,0.032,-344572.5,0.177,0.035,0.42,10.32,0,0.035,0.03,-0.028,0.019,13.21,-1.6,0.6,100,0
"2025-11-20 07:36:00",112372,"",7999,2025,11,20,7,27,5,0.0135,0.227,0.032,-344572.5,0.177,0.035,0.42,10.32,0,0.035,0.03,-0.028,0.019,13.21,-1.6,0.6,100,0
"2025-11-20 07:39:00",112373,"",7999,2025,11,20,7,33,5,0.0009,0.195,0.003,-344570.6,0.145,0.002,0.362,10.29,0,0.002,-0.026,0,0,13.22,-1.6,0.6,100,0
"2025-11-20 07:42:00",112374,"",7999,2025,11,20,7,33,5,0.0009,0.195,0.003,-344570.6,0.145,0.002,0.362,10.29,0,0.002,-0.026,0,0,13.22,-1.6,0.6,100,0
"2025-11-20 07:45:00",112375,"",7999,2025,11,20,7,39,5,-0.0664,0.215,-0.167,-344586.5,0.165,-0.173,0.398,10.31,0,-0.173,-0.018,-0.002,0.012,13.21,-1.6,0.6,100,0
"2025-11-20 07:48:00",112376,"",7999,2025,11,20,7,39,5,-0.0664,0.215,-0.167,-344586.5,0.165,-0.173,0.398,10.31,0,-0.173,-0.018,-0.002,0.012,13.21,-1.6,0.6,100,0
"2025-11-20 07:51:00",112377,"",7999,2025,11,20,7,45,5,0.0218,0.177,0.066,-344589.2,0.127,0.07,0.328,10.28,0,0.07,0.028,0,0,13.22,-1.6,0.6,100,0
"2025-11-20 07:54:00",112378,"",7999,2025,11,20,7,45,5,0.0218,0.177,0.066,-344589.2,0.127,0.07,0.328,10.28,0,0.07,0.028,0,0,13.22,-1.6,0.6,100,0
"2025-11-20 07:57:00",112379,"",7999,2025,11,20,7,51,5,0.0196,0.192,0.055,-344581.9,0.142,0.057,0.356,10.33,0,0.057,0.021,0,0,13.21,-1.6,0.6,100,0
"2025-11-20 08:00:00",112380,"",7999,2025,11,20,7,51,5,0.0196,0.192,0.055,-344581.9,0.142,0.057,0.356,10.33,0,0.057,0.021,0,0,13.21,-1.6,0.6,100,0
"2025-11-20 08:03:00",112381,"",7999,2025,11,20,7,57,5,-0.0212,0.175,-0.065,-344584.6,0.125,-0.069,0.324,10.3,0,-0.069,0.022,0,0,13.22,-1.6,0.6,100,0
"2025-11-20 08:06:00",112382,"",7999,2025,11,20,7,57,5,-0.0212,0.175,-0.065,-344584.6,0.125,-0.069,0.324,10.3,0,-0.069,0.022,0,0,13.22,-1.6,0.6,100,0
"2025-11-20 08:09:00",112383,"",7999,2025,11,20,8,3,5,-0.0115,0.205,-0.03,-344590,0.155,-0.031,0.38,10.29,0,-0.031,-0.003,0,0,13.21,-1.6,0.6,100,0
"2025-11-20 08:12:00",112384,"",7999,2025,11,20,8,3,5,-0.0115,0.205,-0.03,-344590,0.155,-0.031,0.38,10.29,0,-0.031,-0.003,0,0,13.21,-1.6,0.6,100,0
"2025-11-20 08:15:00",112385,"",7999,2025,11,20,8,9,5,0.0386,0.186,0.112,-344582.1,0.136,0.117,0.345,10.29,0,0.117,-0.002,0,0,13.22,-1.6,0.6,100,0
"2025-11-20 08:18:00",112386,"",7999,2025,11,20,8,9,5,0.0386,0.186,0.112,-344582.1,0.136,0.117,0.345,10.29,0,0.117,-0.002,0,0,13.22,-1.6,0.6,100,0
"2025-11-20 08:21:00",112387,"",7999,2025,11,20,8,15,5,0.0491,0.178,0.149,-344565.7,0.128,0.157,0.33,10.3,0,0.157,-0.002,0,0,13.22,-1.7,0.6,100,0
"2025-11-20 08:24:00",112388,"",7999,2025,11,20,8,15,5,0.0491,0.178,0.149,-344565.7,0.128,0.157,0.33,10.3,0,0.157,-0.002,0,0,13.22,-1.7,0.6,100,0
"2025-11-20 08:27:00",112389,"",7999,2025,11,20,8,21,5,-0.0149,0.164,-0.049,-344563.3,0.114,-0.051,0.304,10.35,0,-0.051,-0.073,0,0,13.22,-1.7,0.6,100,0
"2025-11-20 08:30:00",112390,"",7999,2025,11,20,8,21,5,-0.0149,0.164,-0.049,-344563.3,0.114,-0.051,0.304,10.35,0,-0.051,-0.073,0,0,13.22,-1.7,0.6,100,0
"2025-11-20 08:33:00",112391,"",7999,2025,11,20,8,27,5,-0.0648,0.173,-0.202,-344580.7,0.123,-0.214,0.32,10.35,0,-0.214,-0.05,0,0,13.22,-1.7,0.6,100,0
"2025-11-20 08:36:00",112392,"",7999,2025,11,20,8,27,5,-0.0648,0.173,-0.202,-344580.7,0.123,-0.214,0.32,10.35,0,-0.214,-0.05,0,0,13.22,-1.7,0.6,100,0
"2025-11-20 08:39:00",112393,"",7999,2025,11,20,8,33,5,0.0382,0.173,0.119,-344579.3,0.123,0.126,0.32,10.37,0,0.126,0.015,0,0,13.21,-1.7,0.6,100,0
"2025-11-20 08:42:00",112394,"",7999,2025,11,20,8,33,5,0.0382,0.173,0.119,-344579.3,0.123,0.126,0.32,10.37,0,0.126,0.015,0,0,13.21,-1.7,0.6,100,0
"2025-11-20 08:45:00",112395,"",7999,2025,11,20,8,39,5,-0.026,0.157,-0.089,-344580.9,0.107,-0.095,0.29,10.39,0,-0.095,-0.038,0,0,13.22,-1.7,0.6,100,0
"2025-11-20 08:48:00",112396,"",7999,2025,11,20,8,39,5,-0.026,0.157,-0.089,-344580.9,0.107,-0.095,0.29,10.39,0,-0.095,-0.038,0,0,13.22,-1.7,0.6,100,0
"2025-11-20 08:51:00",112397,"",7999,2025,11,20,8,45,5,-0.0236,0.195,-0.066,-344589.8,0.145,-0.068,0.361,10.38,0,-0.068,-0.001,0,0,13.21,-1.7,0.6,100,0
"2025-11-20 08:54:00",112398,"",7999,2025,11,20,8,45,5,-0.0236,0.195,-0.066,-344589.8,0.145,-0.068,0.361,10.38,0,-0.068,-0.001,0,0,13.21,-1.7,0.6,100,0
"2025-11-20 08:57:00",112399,"",7999,2025,11,20,8,51,5,0.0207,0.22,0.051,-344587.6,0.17,0.053,0.407,10.4,0,0.053,-0.056,-0.019,0.005,13.21,-1.7,0.6,100,0
"2025-11-20 09:00:00",112400,"",7999,2025,11,20,8,51,5,0.0207,0.22,0.051,-344587.6,0.17,0.053,0.407,10.4,0,0.053,-0.056,-0.019,0.005,13.21,-1.7,0.6,100,0
"2025-11-20 09:03:00",112401,"",7999,2025,11,20,8,57,5,0.0112,0.169,0.036,-344582.4,0.119,0.037,0.312,10.4,0,0.037,-0.022,0,0,13.21,-1.7,0.6,100,0
"2025-11-20 09:06:00",112402,"",7999,2025,11,20,8,57,5,0.0112,0.169,0.036,-344582.4,0.119,0.037,0.312,10.4,0,0.037,-0.022,0,0,13.21,-1.7,0.6,100,0
"2025-11-20 09:09:00",112403,"",7999,2025,11,20,9,3,5,-0.0194,0.171,-0.061,-344585.7,0.121,-0.066,0.317,10.41,0,-0.066,-0.037,0,0,13.21,-1.7,0.6,100,0
"2025-11-20 09:12:00",112404,"",7999,2025,11,20,9,3,5,-0.0194,0.171,-0.061,-344585.7,0.121,-0.066,0.317,10.41,0,-0.066,-0.037,0,0,13.21,-1.7,0.6,100,0
"2025-11-20 09:15:00",112405,"",7999,2025,11,20,9,9,5,0.0333,0.161,0.112,-344580.1,0.111,0.12,0.298,10.39,0,0.12,-0.049,0,0,13.21,-1.7,0.6,100,0
"2025-11-20 09:18:00",112406,"",7999,2025,11,20,9,9,5,0.0333,0.161,0.112,-344580.1,0.111,0.12,0.298,10.39,0,0.12,-0.049,0,0,13.21,-1.7,0.6,100,0
"2025-11-20 09:21:00",112407,"",7999,2025,11,20,9,15,5,0.0047,0.145,0.018,-344574.9,0.095,0.019,0.269,10.38,0,0.019,0.006,0,0,13.22,-1.7,0.6,100,0
"2025-11-20 09:24:00",112408,"",7999,2025,11,20,9,15,5,0.0047,0.145,0.018,-344574.9,0.095,0.019,0.269,10.38,0,0.019,0.006,0,0,13.22,-1.7,0.6,100,0
"2025-11-20 09:27:00",112409,"",7999,2025,11,20,9,21,5,-0.0351,0.147,-0.129,-344582.8,0.097,-0.138,0.272,10.42,0,-0.138,0.008,0,0,13.21,-1.7,0.6,100,0
"2025-11-20 09:30:00",112410,"",7999,2025,11,20,9,21,5,-0.0351,0.147,-0.129,-344582.8,0.097,-0.138,0.272,10.42,0,-0.138,0.008,0,0,13.21,-1.7,0.6,100,0
"2025-11-20 09:33:00",112411,"",7999,2025,11,20,9,27,5,-0.0208,0.169,-0.066,-344592,0.119,-0.07,0.313,10.43,0,-0.07,-0.047,0,0,13.21,-1.7,0.6,100,0
"2025-11-20 09:36:00",112412,"",7999,2025,11,20,9,27,5,-0.0208,0.169,-0.066,-344592,0.119,-0.07,0.313,10.43,0,-0.07,-0.047,0,0,13.21,-1.7,0.6,100,0
"2025-11-20 09:39:00",112413,"",7999,2025,11,20,9,33,5,0.0104,0.174,0.032,-344591.9,0.124,0.034,0.323,10.43,0,0.034,-0.007,0,0,13.21,-1.7,0.6,100,0
"2025-11-20 09:42:00",112414,"",7999,2025,11,20,9,33,5,0.0104,0.174,0.032,-344591.9,0.124,0.034,0.323,10.43,0,0.034,-0.007,0,0,13.21,-1.7,0.6,100,0
"2025-11-20 09:45:00",112415,"",7999,2025,11,20,9,39,5,-0.0024,0.199,-0.007,-344591.3,0.149,-0.007,0.368,10.44,0,-0.007,-0.016,0,0,13.21,-1.7,0.6,100,0
"2025-11-20 09:48:00",112416,"",7999,2025,11,20,9,39,5,-0.0024,0.199,-0.007,-344591.3,0.149,-0.007,0.368,10.44,0,-0.007,-0.016,0,0,13.21,-1.7,0.6,100,0
"2025-11-20 09:51:00",112417,"",7999,2025,11,20,9,45,5,-0.0118,0.164,-0.039,-344594.4,0.114,-0.043,0.303,10.45,0,-0.043,-0.033,0,0,13.21,-1.7,0.6,100,0
"2025-11-20 09:54:00",112418,"",7999,2025,11,20,9,45,5,-0.0118,0.164,-0.039,-344594.4,0.114,-0.043,0.303,10.45,0,-0.043,-0.033,0,0,13.21,-1.7,0.6,100,0
"2025-11-20 09:57:00",112419,"",7999,2025,11,20,9,51,5,-0.0086,0.164,-0.028,-344597.9,0.114,-0.03,0.304,10.44,0,-0.03,0.06,0,0,13.21,-1.7,0.6,100,0
"2025-11-20 10:00:00",112420,"",7999,2025,11,20,9,51,5,-0.0086,0.164,-0.028,-344597.9,0.114,-0.03,0.304,10.44,0,-0.03,0.06,0,0,13.21,-1.7,0.6,100,0
"2025-11-20 10:03:00",112421,"",7999,2025,11,20,9,57,5,-0.0076,0.191,-0.022,-344600.8,0.141,-0.022,0.353,10.43,0,-0.022,-0.033,0,0,13.21,-1.7,0.6,100,0
"2025-11-20 10:06:00",112422,"",7999,2025,11,20,9,57,5,-0.0076,0.191,-0.022,-344600.8,0.141,-0.022,0.353,10.43,0,-0.022,-0.033,0,0,13.21,-1.7,0.6,100,0
"2025-11-20 10:09:00",112423,"",7999,2025,11,20,10,3,5,0.002,0.146,0.007,-344601.2,0.096,0.008,0.27,10.43,0,0.008,0.005,0,0,13.21,-1.7,0.6,100,0
"2025-11-20 10:12:00",112424,"",7999,2025,11,20,10,3,5,0.002,0.146,0.007,-344601.2,0.096,0.008,0.27,10.43,0,0.008,0.005,0,0,13.21,-1.7,0.6,100,0
"2025-11-20 10:15:00",112425,"",7999,2025,11,20,10,9,5,0.0184,0.167,0.06,-344596.6,0.117,0.063,0.309,10.51,0,0.063,0.005,0,0,13.21,-1.7,0.6,100,0
"2025-11-20 10:18:00",112426,"",7999,2025,11,20,10,9,5,0.0184,0.167,0.06,-344596.6,0.117,0.063,0.309,10.51,0,0.063,0.005,0,0,13.21,-1.7,0.6,100,0
"2025-11-20 10:21:00",112427,"",7999,2025,11,20,10,15,5,0.0061,0.188,0.018,-344592.9,0.138,0.018,0.349,10.5,0,0.018,0.016,0,0,13.21,-1.7,0.6,100,0
"2025-11-20 10:24:00",112428,"",7999,2025,11,20,10,15,5,0.0061,0.188,0.018,-344592.9,0.138,0.018,0.349,10.5,0,0.018,0.016,0,0,13.21,-1.7,0.6,100,0
"2025-11-20 10:27:00",112429,"",7999,2025,11,20,10,21,5,-0.0347,0.629,-0.03,-344600.5,0.579,-0.028,1.163,10.48,0,-0.028,0.029,-0.028,-0.009,13.21,-1.7,0.6,100,0
"2025-11-20 10:30:00",112430,"",7999,2025,11,20,10,21,5,-0.0347,0.629,-0.03,-344600.5,0.579,-0.028,1.163,10.48,0,-0.028,0.029,-0.028,-0.009,13.21,-1.7,0.6,100,0
"2025-11-20 10:33:00",112431,"",7999,2025,11,20,10,27,5,-0.0079,0.197,-0.022,-344606.6,0.147,-0.023,0.365,10.47,0,-0.023,0.009,0,0,13.21,-1.7,0.6,100,0
"2025-11-20 10:36:00",112432,"",7999,2025,11,20,10,27,5,-0.0079,0.197,-0.022,-344606.6,0.147,-0.023,0.365,10.47,0,-0.023,0.009,0,0,13.21,-1.7,0.6,100,0
"2025-11-20 10:39:00",112433,"",7999,2025,11,20,10,33,5,0.0092,0.248,0.02,-344605.3,0.198,0.022,0.459,10.46,0,0.022,0.022,-0.005,-0.009,13.21,-1.7,0.6,100,0
"2025-11-20 10:42:00",112434,"",7999,2025,11,20,10,33,5,0.0092,0.248,0.02,-344605.3,0.198,0.022,0.459,10.46,0,0.022,0.022,-0.005,-0.009,13.21,-1.7,0.6,100,0
"2025-11-20 10:45:00",112435,"",7999,2025,11,20,10,39,5,-0.0107,0.169,-0.034,-344606.8,0.119,-0.037,0.313,10.46,0,-0.037,-0.053,0,0,13.21,-1.7,0.6,100,0
"2025-11-20 10:48:00",112436,"",7999,2025,11,20,10,39,5,-0.0107,0.169,-0.034,-344606.8,0.119,-0.037,0.313,10.46,0,-0.037,-0.053,0,0,13.21,-1.7,0.6,100,0
"2025-11-20 10:51:00",112437,"",7999,2025,11,20,10,45,5,-0.0083,0.262,-0.017,-344610,0.212,-0.016,0.485,10.47,0,-0.016,-0.039,-0.007,-0.002,13.21,-1.7,0.6,100,0
"2025-11-20 10:54:00",112438,"",7999,2025,11,20,10,45,5,-0.0083,0.262,-0.017,-344610,0.212,-0.016,0.485,10.47,0,-0.016,-0.039,-0.007,-0.002,13.21,-1.7,0.6,100,0
"2025-11-20 10:57:00",112439,"",7999,2025,11,20,10,51,5,0.0313,0.265,0.064,-344603.5,0.215,0.064,0.49,10.46,0,0.064,-0.045,0.007,-0.021,13.21,-1.7,0.6,100,0
"2025-11-20 11:00:00",112440,"",7999,2025,11,20,10,51,5,0.0313,0.265,0.064,-344603.5,0.215,0.064,0.49,10.46,0,0.064,-0.045,0.007,-0.021,13.21,-1.7,0.6,100,0
"2025-11-20 11:03:00",112441,"",7999,2025,11,20,10,57,5,0.0254,0.671,0.021,-344593.6,0.621,0.018,1.241,10.51,0,0.018,-0.008,0.005,-0.019,13.21,-1.7,0.6,100,0
"2025-11-20 11:06:00",112442,"",7999,2025,11,20,10,57,5,0.0254,0.671,0.021,-344593.6,0.621,0.018,1.241,10.51,0,0.018,-0.008,0.005,-0.019,13.21,-1.7,0.6,100,0
"2025-11-20 11:09:00",112443,"",7999,2025,11,20,11,3,5,0.0116,0.677,0.009,-344587.8,0.627,0.008,1.253,10.48,0,0.008,-0.001,0.005,-0.014,13.21,-1.7,0.6,100,0
"2025-11-20 11:12:00",112444,"",7999,2025,11,20,11,3,5,0.0116,0.677,0.009,-344587.8,0.627,0.008,1.253,10.48,0,0.008,-0.001,0.005,-0.014,13.21,-1.7,0.6,100,0
"2025-11-20 11:15:00",112445,"",7999,2025,11,20,11,9,5,0.0029,0.691,0.002,-344585.7,0.641,0.002,1.278,10.5,0,0.002,-0.001,-0.012,-0.002,13.21,-1.7,0.6,100,0
"2025-11-20 11:18:00",112446,"",7999,2025,11,20,11,9,5,0.0029,0.691,0.002,-344585.7,0.641,0.002,1.278,10.5,0,0.002,-0.001,-0.012,-0.002,13.21,-1.7,0.6,100,0
"2025-11-20 11:21:00",112447,"",7999,2025,11,20,11,15,5,0.0078,0.704,0.006,-344583.5,0.654,0.004,1.303,10.47,0,0.004,0.001,0.002,-0.002,13.21,-1.7,0.6,100,0
"2025-11-20 11:24:00",112448,"",7999,2025,11,20,11,15,5,0.0078,0.704,0.006,-344583.5,0.654,0.004,1.303,10.47,0,0.004,0.001,0.002,-0.002,13.21,-1.7,0.6,100,0
"2025-11-20 11:27:00",112449,"",7999,2025,11,20,11,21,5,0.0122,0.711,0.009,-344579.6,0.661,0.008,1.315,10.46,0,0.008,0.002,-0.009,0,13.21,-1.7,0.6,100,0
"2025-11-20 11:30:00",112450,"",7999,2025,11,20,11,21,5,0.0122,0.711,0.009,-344579.6,0.661,0.008,1.315,10.46,0,0.008,0.002,-0.009,0,13.21,-1.7,0.6,100,0
"2025-11-20 11:33:00",112451,"",7999,2025,11,20,11,27,5,0.0066,0.714,0.005,-344576.5,0.664,0.005,1.322,10.53,0,0.005,-0.003,-0.009,0,13.21,-1.7,0.6,100,0
"2025-11-20 11:36:00",112452,"",7999,2025,11,20,11,27,5,0.0066,0.714,0.005,-344576.5,0.664,0.005,1.322,10.53,0,0.005,-0.003,-0.009,0,13.21,-1.7,0.6,100,0
"2025-11-20 11:39:00",112453,"",7999,2025,11,20,11,33,5,0.025,0.724,0.019,-344569.7,0.674,0.018,1.34,10.59,0,0.018,0.002,-0.002,0,13.21,-1.7,0.6,100,0
"2025-11-20 11:42:00",112454,"",7999,2025,11,20,11,33,5,0.025,0.724,0.019,-344569.7,0.674,0.018,1.34,10.59,0,0.018,0.002,-0.002,0,13.21,-1.7,0.6,100,0
"2025-11-20 11:45:00",112455,"",7999,2025,11,20,11,39,5,0.0225,0.733,0.017,-344561.3,0.683,0.016,1.357,10.63,0,0.016,-0.001,0.026,0.009,13.21,-1.7,0.6,100,0
"2025-11-20 11:48:00",112456,"",7999,2025,11,20,11,39,5,0.0225,0.733,0.017,-344561.3,0.683,0.016,1.357,10.63,0,0.016,-0.001,0.026,0.009,13.21,-1.7,0.6,100,0
"2025-11-20 11:51:00",112457,"",7999,2025,11,20,11,45,5,0.0185,0.741,0.014,-344554.2,0.691,0.012,1.371,10.64,0,0.012,-0.002,-0.014,-0.005,13.21,-1.7,0.6,100,0
"2025-11-20 11:54:00",112458,"",7999,2025,11,20,11,45,5,0.0185,0.741,0.014,-344554.2,0.691,0.012,1.371,10.64,0,0.012,-0.002,-0.014,-0.005,13.21,-1.7,0.6,100,0
"2025-11-20 11:57:00",112459,"",7999,2025,11,20,11,51,5,0.0102,0.744,0.007,-344549.5,0.694,0.005,1.376,10.63,0,0.005,-0.001,-0.035,-0.005,13.21,-1.7,0.6,100,0
"2025-11-20 12:00:00",112460,"",7999,2025,11,20,11,51,5,0.0102,0.744,0.007,-344549.5,0.694,0.005,1.376,10.63,0,0.005,-0.001,-0.035,-0.005,13.21,-1.7,0.6,100,0
"2025-11-20 12:03:00",112461,"",7999,2025,11,20,11,57,5,0.0277,0.75,0.02,-344541.6,0.7,0.019,1.387,10.71,0,0.019,-0.001,-0.019,-0.009,13.21,-1.7,0.6,100,0
"2025-11-20 12:06:00",112462,"",7999,2025,11,20,11,57,5,0.0277,0.75,0.02,-344541.6,0.7,0.019,1.387,10.71,0,0.019,-0.001,-0.019,-0.009,13.21,-1.7,0.6,100,0
"2025-11-20 12:09:00",112463,"",7999,2025,11,20,12,3,5,0.0277,0.76,0.02,-344531.6,0.71,0.018,1.406,10.7,0,0.018,-0.001,0.014,0,13.21,-1.7,0.6,100,0
"2025-11-20 12:12:00",112464,"",7999,2025,11,20,12,3,5,0.0277,0.76,0.02,-344531.6,0.71,0.018,1.406,10.7,0,0.018,-0.001,0.014,0,13.21,-1.7,0.6,100,0
"2025-11-20 12:15:00",112465,"",7999,2025,11,20,12,9,5,0.0305,0.769,0.021,-344520.9,0.719,0.019,1.423,10.71,0,0.019,0,-0.028,0.009,13.21,-1.7,0.6,100,0
"2025-11-20 12:18:00",112466,"",7999,2025,11,20,12,9,5,0.0305,0.769,0.021,-344520.9,0.719,0.019,1.423,10.71,0,0.019,0,-0.028,0.009,13.21,-1.7,0.6,100,0
"2025-11-20 12:21:00",112467,"",7999,2025,11,20,12,15,5,0.0269,0.777,0.019,-344510.8,0.727,0.018,1.438,10.74,0,0.018,-0.001,0.028,0,13.21,-1.7,0.6,100,0
"2025-11-20 12:24:00",112468,"",7999,2025,11,20,12,15,5,0.0269,0.777,0.019,-344510.8,0.727,0.018,1.438,10.74,0,0.018,-0.001,0.028,0,13.21,-1.7,0.6,100,0
"2025-11-20 12:27:00",112469,"",7999,2025,11,20,12,21,5,0.0481,0.784,0.033,-344496,0.734,0.031,1.45,10.75,0,0.031,-0.007,0.009,-0.002,13.21,-1.7,0.6,100,0
"2025-11-20 12:30:00",112470,"",7999,2025,11,20,12,21,5,0.0481,0.784,0.033,-344496,0.734,0.031,1.45,10.75,0,0.031,-0.007,0.009,-0.002,13.21,-1.7,0.6,100,0
"2025-11-20 12:33:00",112471,"",7999,2025,11,20,12,27,5,0.022,0.787,0.015,-344484.9,0.737,0.013,1.456,10.81,0,0.013,-0.002,0,0,13.21,-1.7,0.6,100,0
"2025-11-20 12:36:00",112472,"",7999,2025,11,20,12,27,5,0.022,0.787,0.015,-344484.9,0.737,0.013,1.456,10.81,0,0.013,-0.002,0,0,13.21,-1.7,0.6,100,0
"2025-11-20 12:39:00",112473,"",7999,2025,11,20,12,33,5,0.0229,0.802,0.015,-344476.8,0.752,0.015,1.483,10.84,0,0.015,-0.001,0.014,0.007,13.21,-1.7,0.6,100,0
"2025-11-20 12:42:00",112474,"",7999,2025,11,20,12,33,5,0.0229,0.802,0.015,-344476.8,0.752,0.015,1.483,10.84,0,0.015,-0.001,0.014,0.007,13.21,-1.7,0.6,100,0
"2025-11-20 12:45:00",112475,"",7999,2025,11,20,12,39,5,0.028,0.813,0.019,-344467.3,0.763,0.018,1.505,10.85,0,0.018,-0.001,-0.007,0,13.21,-1.7,0.6,100,0
"2025-11-20 12:48:00",112476,"",7999,2025,11,20,12,39,5,0.028,0.813,0.019,-344467.3,0.763,0.018,1.505,10.85,0,0.018,-0.001,-0.007,0,13.21,-1.7,0.6,100,0
"2025-11-20 12:51:00",112477,"",7999,2025,11,20,12,45,5,0.04,0.822,0.026,-344454.3,0.772,0.024,1.521,10.85,0,0.024,-0.001,-0.002,0.009,13.21,-1.7,0.6,100,0
"2025-11-20 12:54:00",112478,"",7999,2025,11,20,12,45,5,0.04,0.822,0.026,-344454.3,0.772,0.024,1.521,10.85,0,0.024,-0.001,-0.002,0.009,13.21,-1.7,0.6,100,0
"2025-11-20 12:57:00",112479,"",7999,2025,11,20,12,51,5,0.0535,0.833,0.035,-344436.6,0.783,0.034,1.542,10.86,0,0.034,0,0.023,0.026,13.21,-1.7,0.6,100,0
"2025-11-20 13:00:00",112480,"",7999,2025,11,20,12,51,5,0.0535,0.833,0.035,-344436.6,0.783,0.034,1.542,10.86,0,0.034,0,0.023,0.026,13.21,-1.7,0.6,100,0
"2025-11-20 13:03:00",112481,"",7999,2025,11,20,12,57,5,0.0636,0.846,0.041,-344414.9,0.796,0.04,1.566,10.87,0,0.04,-0.002,0.021,0.043,13.21,-1.7,0.6,100,0
"2025-11-20 13:06:00",112482,"",7999,2025,11,20,12,57,5,0.0636,0.846,0.041,-344414.9,0.796,0.04,1.566,10.87,0,0.04,-0.002,0.021,0.043,13.21,-1.7,0.6,100,0
"2025-11-20 13:09:00",112483,"",7999,2025,11,20,13,3,5,0.0759,0.859,0.048,-344389.1,0.809,0.048,1.589,10.89,0,0.048,-0.002,0.019,0.045,13.21,-1.7,0.6,100,0
"2025-11-20 13:12:00",112484,"",7999,2025,11,20,13,3,5,0.0759,0.859,0.048,-344389.1,0.809,0.048,1.589,10.89,0,0.048,-0.002,0.019,0.045,13.21,-1.7,0.6,100,0
"2025-11-20 13:15:00",112485,"",7999,2025,11,20,13,9,5,0.0611,0.869,0.038,-344365.3,0.819,0.037,1.608,10.91,0,0.037,-0.003,0.014,0.038,13.21,-1.7,0.6,100,0
"2025-11-20 13:18:00",112486,"",7999,2025,11,20,13,9,5,0.0611,0.869,0.038,-344365.3,0.819,0.037,1.608,10.91,0,0.037,-0.003,0.014,0.038,13.21,-1.7,0.6,100,0
"2025-11-20 13:21:00",112487,"",7999,2025,11,20,13,15,5,0.0805,0.882,0.049,-344338.6,0.832,0.05,1.633,10.99,0,0.05,-0.007,0.016,0.045,13.21,-1.7,0.6,100,0
"2025-11-20 13:24:00",112488,"",7999,2025,11,20,13,15,5,0.0805,0.882,0.049,-344338.6,0.832,0.05,1.633,10.99,0,0.05,-0.007,0.016,0.045,13.21,-1.7,0.6,100,0
"2025-11-20 13:27:00",112489,"",7999,2025,11,20,13,21,5,0.085,0.892,0.051,-344308.5,0.842,0.051,1.651,11.06,0,0.051,-0.006,0.028,0.047,13.21,-1.6,0.6,100,0
"2025-11-20 13:30:00",112490,"",7999,2025,11,20,13,21,5,0.085,0.892,0.051,-344308.5,0.842,0.051,1.651,11.06,0,0.051,-0.006,0.028,0.047,13.21,-1.6,0.6,100,0
"2025-11-20 13:33:00",112491,"",7999,2025,11,20,13,27,5,0.0955,0.901,0.057,-344275.4,0.851,0.057,1.667,11.12,0,0.057,-0.007,0.028,0.036,13.21,-1.6,0.6,100,0
"2025-11-20 13:36:00",112492,"",7999,2025,11,20,13,27,5,0.0955,0.901,0.057,-344275.4,0.851,0.057,1.667,11.12,0,0.057,-0.007,0.028,0.036,13.21,-1.6,0.6,100,0
"2025-11-20 13:39:00",112493,"",7999,2025,11,20,13,33,5,0.0656,0.908,0.039,-344248.2,0.858,0.039,1.681,11.2,0,0.039,-0.001,0.016,0.031,13.21,-1.6,0.6,100,0
"2025-11-20 13:42:00",112494,"",7999,2025,11,20,13,33,5,0.0656,0.908,0.039,-344248.2,0.858,0.039,1.681,11.2,0,0.039,-0.001,0.016,0.031,13.21,-1.6,0.6,100,0
"2025-11-20 13:45:00",112495,"",7999,2025,11,20,13,39,5,0.0716,0.917,0.042,-344223.1,0.867,0.042,1.697,11.27,0,0.042,-0.001,0.049,0.024,13.21,-1.6,0.6,100,0
"2025-11-20 13:48:00",112496,"",7999,2025,11,20,13,39,5,0.0716,0.917,0.042,-344223.1,0.867,0.042,1.697,11.27,0,0.042,-0.001,0.049,0.024,13.21,-1.6,0.6,100,0
"2025-11-20 13:51:00",112497,"",7999,2025,11,20,13,45,5,0.0764,0.917,0.045,-344196.1,0.867,0.044,1.696,11.31,0,0.044,-0.006,0.035,0.021,13.21,-1.6,0.6,100,0
"2025-11-20 13:54:00",112498,"",7999,2025,11,20,13,45,5,0.0764,0.917,0.045,-344196.1,0.867,0.044,1.696,11.31,0,0.044,-0.006,0.035,0.021,13.21,-1.6,0.6,100,0
"2025-11-20 13:57:00",112499,"",7999,2025,11,20,13,51,5,0.0841,0.93,0.049,-344166.7,0.88,0.048,1.721,11.29,0,0.048,-0.007,0.026,0.021,13.21,-1.6,0.6,100,0
"2025-11-20 14:00:00",112500,"",7999,2025,11,20,13,51,5,0.0841,0.93,0.049,-344166.7,0.88,0.048,1.721,11.29,0,0.048,-0.007,0.026,0.021,13.21,-1.6,0.6,100,0
"2025-11-20 14:03:00",112501,"",7999,2025,11,20,13,57,5,0.0724,0.947,0.041,-344139.3,0.897,0.041,1.752,11.22,0,0.041,-0.006,0.019,0.024,13.21,-1.6,0.6,100,0
"2025-11-20 14:06:00",112502,"",7999,2025,11,20,13,57,5,0.0724,0.947,0.041,-344139.3,0.897,0.041,1.752,11.22,0,0.041,-0.006,0.019,0.024,13.21,-1.6,0.6,100,0
"2025-11-20 14:09:00",112503,"",7999,2025,11,20,14,3,5,0.0608,0.951,0.035,-344116,0.901,0.034,1.76,11.21,0,0.034,-0.007,0.007,0.012,13.21,-1.6,0.6,100,0
"2025-11-20 14:12:00",112504,"",7999,2025,11,20,14,3,5,0.0608,0.951,0.035,-344116,0.901,0.034,1.76,11.21,0,0.034,-0.007,0.007,0.012,13.21,-1.6,0.6,100,0
"2025-11-20 14:15:00",112505,"",7999,2025,11,20,14,9,5,0.0758,0.954,0.043,-344090.5,0.904,0.042,1.766,11.21,0,0.042,-0.005,0.03,0.028,13.21,-1.6,0.6,100,0
"2025-11-20 14:18:00",112506,"",7999,2025,11,20,14,9,5,0.0758,0.954,0.043,-344090.5,0.904,0.042,1.766,11.21,0,0.042,-0.005,0.03,0.028,13.21,-1.6,0.6,100,0
"2025-11-20 14:21:00",112507,"",7999,2025,11,20,14,15,5,0.0889,0.963,0.05,-344060,0.913,0.048,1.782,11.14,0,0.048,-0.004,0.033,0.031,13.21,-1.6,0.6,100,0
"2025-11-20 14:24:00",112508,"",7999,2025,11,20,14,15,5,0.0889,0.963,0.05,-344060,0.913,0.048,1.782,11.14,0,0.048,-0.004,0.033,0.031,13.21,-1.6,0.6,100,0
"2025-11-20 14:27:00",112509,"",7999,2025,11,20,14,21,5,0.1166,0.957,0.066,-344021.3,0.907,0.065,1.771,11.14,0,0.065,-0.008,0.046,0.028,13.21,-1.6,0.6,100,0
"2025-11-20 14:30:00",112510,"",7999,2025,11,20,14,21,5,0.1166,0.957,0.066,-344021.3,0.907,0.065,1.771,11.14,0,0.065,-0.008,0.046,0.028,13.21,-1.6,0.6,100,0
"2025-11-20 14:33:00",112511,"",7999,2025,11,20,14,27,5,0.1047,0.966,0.059,-343982.2,0.916,0.059,1.788,11.06,0,0.059,-0.005,0.03,0.033,13.21,-1.6,0.6,100,0
"2025-11-20 14:36:00",112512,"",7999,2025,11,20,14,27,5,0.1047,0.966,0.059,-343982.2,0.916,0.059,1.788,11.06,0,0.059,-0.005,0.03,0.033,13.21,-1.6,0.6,100,0
"2025-11-20 14:39:00",112513,"",7999,2025,11,20,14,33,5,0.1011,0.987,0.055,-343945.4,0.937,0.054,1.827,11,0,0.054,-0.008,0.033,0.033,13.21,-1.6,0.6,100,0
"2025-11-20 14:42:00",112514,"",7999,2025,11,20,14,33,5,0.1011,0.987,0.055,-343945.4,0.937,0.054,1.827,11,0,0.054,-0.008,0.033,0.033,13.21,-1.6,0.6,100,0
"2025-11-20 14:45:00",112515,"",7999,2025,11,20,14,39,5,0.1348,0.994,0.073,-343900.9,0.944,0.074,1.839,10.95,0,0.074,-0.009,0.051,0.04,13.21,-1.6,0.6,100,0
"2025-11-20 14:48:00",112516,"",7999,2025,11,20,14,39,5,0.1348,0.994,0.073,-343900.9,0.944,0.074,1.839,10.95,0,0.074,-0.009,0.051,0.04,13.21,-1.6,0.6,100,0
"2025-11-20 14:51:00",112517,"",7999,2025,11,20,14,45,5,0.1637,1.007,0.088,-343845.4,0.957,0.088,1.864,10.88,0,0.088,-0.006,0.067,0.038,13.21,-1.6,0.6,100,0
"2025-11-20 14:54:00",112518,"",7999,2025,11,20,14,45,5,0.1637,1.007,0.088,-343845.4,0.957,0.088,1.864,10.88,0,0.088,-0.006,0.067,0.038,13.21,-1.6,0.6,100,0
"2025-11-20 14:57:00",112519,"",7999,2025,11,20,14,51,5,0.1562,0.996,0.085,-343788.3,0.946,0.085,1.843,10.87,0,0.085,-0.001,0.088,0.026,13.21,-1.6,0.6,100,0
"2025-11-20 15:00:00",112520,"",7999,2025,11,20,14,51,5,0.1562,0.996,0.085,-343788.3,0.946,0.085,1.843,10.87,0,0.085,-0.001,0.088,0.026,13.21,-1.6,0.6,100,0
"2025-11-20 15:03:00",112521,"",7999,2025,11,20,14,57,5,0.1888,1.025,0.1,-343724.2,0.975,0.1,1.896,10.82,0,0.1,-0.007,0.081,0.031,13.21,-1.6,0.6,100,0
"2025-11-20 15:06:00",112522,"",7999,2025,11,20,14,57,5,0.1888,1.025,0.1,-343724.2,0.975,0.1,1.896,10.82,0,0.1,-0.007,0.081,0.031,13.21,-1.6,0.6,100,0
"2025-11-20 15:09:00",112523,"",7999,2025,11,20,15,3,5,0.1791,1.029,0.094,-343658.5,0.979,0.096,1.904,10.79,0,0.096,-0.008,0.077,0.033,13.21,-1.6,0.6,100,0
"2025-11-20 15:12:00",112524,"",7999,2025,11,20,15,3,5,0.1791,1.029,0.094,-343658.5,0.979,0.096,1.904,10.79,0,0.096,-0.008,0.077,0.033,13.21,-1.6,0.6,100,0
"2025-11-20 15:15:00",112525,"",7999,2025,11,20,15,9,5,0.2101,1.032,0.11,-343586.6,0.982,0.112,1.909,10.83,0,0.112,-0.019,0.067,0.043,13.21,-1.6,0.6,100,0
"2025-11-20 15:18:00",112526,"",7999,2025,11,20,15,9,5,0.2101,1.032,0.11,-343586.6,0.982,0.112,1.909,10.83,0,0.112,-0.019,0.067,0.043,13.21,-1.6,0.6,100,0
"2025-11-20 15:21:00",112527,"",7999,2025,11,20,15,15,5,0.2096,0.961,0.118,-343511,0.911,0.116,1.778,10.77,0,0.116,-0.016,0.086,0.054,13.21,-1.6,0.6,100,0
"2025-11-20 15:24:00",112528,"",7999,2025,11,20,15,15,5,0.2096,0.961,0.118,-343511,0.911,0.116,1.778,10.77,0,0.116,-0.016,0.086,0.054,13.21,-1.6,0.6,100,0
"2025-11-20 15:27:00",112529,"",7999,2025,11,20,15,21,5,0.194,0.966,0.109,-343439.3,0.916,0.112,1.787,10.75,0,0.112,-0.014,0.088,0.054,13.21,-1.6,0.6,100,0
"2025-11-20 15:30:00",112530,"",7999,2025,11,20,15,21,5,0.194,0.966,0.109,-343439.3,0.916,0.112,1.787,10.75,0,0.112,-0.014,0.088,0.054,13.21,-1.6,0.6,100,0
"2025-11-20 15:33:00",112531,"",7999,2025,11,20,15,27,5,0.1805,0.991,0.098,-343372.7,0.941,0.102,1.834,10.71,0,0.102,-0.005,0.086,0.038,13.21,-1.6,0.6,100,0
"2025-11-20 15:36:00",112532,"",7999,2025,11,20,15,27,5,0.1805,0.991,0.098,-343372.7,0.941,0.102,1.834,10.71,0,0.102,-0.005,0.086,0.038,13.21,-1.6,0.6,100,0
"2025-11-20 15:39:00",112533,"",7999,2025,11,20,15,33,5,0.1417,0.929,0.082,-343317,0.879,0.083,1.72,10.67,0,0.083,-0.003,0.051,0.026,13.21,-1.6,0.6,100,0
"2025-11-20 15:42:00",112534,"",7999,2025,11,20,15,33,5,0.1417,0.929,0.082,-343317,0.879,0.083,1.72,10.67,0,0.083,-0.003,0.051,0.026,13.21,-1.6,0.6,100,0
"2025-11-20 15:45:00",112535,"",7999,2025,11,20,15,39,5,0.1388,0.925,0.081,-343266.6,0.875,0.082,1.712,10.67,0,0.082,-0.007,0.058,0.024,13.21,-1.6,0.6,100,0
"2025-11-20 15:48:00",112536,"",7999,2025,11,20,15,39,5,0.1388,0.925,0.081,-343266.6,0.875,0.082,1.712,10.67,0,0.082,-0.007,0.058,0.024,13.21,-1.6,0.6,100,0
"2025-11-20 15:51:00",112537,"",7999,2025,11,20,15,45,5,0.1519,0.914,0.09,-343213.5,0.864,0.092,1.691,10.65,0,0.092,-0.005,0.07,0.028,13.21,-1.6,0.6,100,0
"2025-11-20 15:54:00",112538,"",7999,2025,11,20,15,45,5,0.1519,0.914,0.09,-343213.5,0.864,0.092,1.691,10.65,0,0.092,-0.005,0.07,0.028,13.21,-1.6,0.6,100,0
"2025-11-20 15:57:00",112539,"",7999,2025,11,20,15,51,5,0.1279,0.913,0.076,-343164.6,0.863,0.076,1.689,10.68,0,0.076,-0.004,0.072,0.033,13.21,-1.6,0.6,100,0
"2025-11-20 16:00:00",112540,"",7999,2025,11,20,15,51,5,0.1279,0.913,0.076,-343164.6,0.863,0.076,1.689,10.68,0,0.076,-0.004,0.072,0.033,13.21,-1.6,0.6,100,0
"2025-11-20 16:03:00",112541,"",7999,2025,11,20,15,57,5,0.1074,0.935,0.062,-343123.4,0.885,0.063,1.73,10.79,0,0.063,-0.005,0.035,0.047,13.21,-1.6,0.6,100,0
"2025-11-20 16:06:00",112542,"",7999,2025,11,20,15,57,5,0.1074,0.935,0.062,-343123.4,0.885,0.063,1.73,10.79,0,0.063,-0.005,0.035,0.047,13.21,-1.6,0.6,100,0
"2025-11-20 16:09:00",112543,"",7999,2025,11,20,16,3,5,0.1554,0.936,0.09,-343073.2,0.886,0.091,1.732,10.85,0,0.091,-0.011,0.046,0.036,13.21,-1.6,0.6,100,0
"2025-11-20 16:12:00",112544,"",7999,2025,11,20,16,3,5,0.1554,0.936,0.09,-343073.2,0.886,0.091,1.732,10.85,0,0.091,-0.011,0.046,0.036,13.21,-1.6,0.6,100,0
"2025-11-20 16:15:00",112545,"",7999,2025,11,20,16,9,5,0.1568,0.916,0.092,-343016.9,0.866,0.093,1.695,10.78,0,0.093,-0.004,0.081,0.024,13.21,-1.6,0.6,100,0
"2025-11-20 16:18:00",112546,"",7999,2025,11,20,16,9,5,0.1568,0.916,0.092,-343016.9,0.866,0.093,1.695,10.78,0,0.093,-0.004,0.081,0.024,13.21,-1.6,0.6,100,0
"2025-11-20 16:21:00",112547,"",7999,2025,11,20,16,15,5,0.1787,0.995,0.097,-342955.2,0.945,0.097,1.841,10.79,0,0.097,-0.005,0.065,0.043,13.21,-1.6,0.6,100,0
"2025-11-20 16:24:00",112548,"",7999,2025,11,20,16,15,5,0.1787,0.995,0.097,-342955.2,0.945,0.097,1.841,10.79,0,0.097,-0.005,0.065,0.043,13.21,-1.6,0.6,100,0
"2025-11-20 16:27:00",112549,"",7999,2025,11,20,16,21,5,0.1469,1.029,0.077,-342898.5,0.979,0.077,1.904,10.86,0,0.077,0,0.046,0.017,13.21,-1.6,0.6,100,0
"2025-11-20 16:30:00",112550,"",7999,2025,11,20,16,21,5,0.1469,1.029,0.077,-342898.5,0.979,0.077,1.904,10.86,0,0.077,0,0.046,0.017,13.21,-1.6,0.6,100,0
"2025-11-20 16:33:00",112551,"",7999,2025,11,20,16,27,5,0.0993,0.92,0.058,-342857,0.87,0.058,1.703,10.92,0,0.058,-0.001,0.021,0.019,13.21,-1.6,0.6,100,0
"2025-11-20 16:36:00",112552,"",7999,2025,11,20,16,27,5,0.0993,0.92,0.058,-342857,0.87,0.058,1.703,10.92,0,0.058,-0.001,0.021,0.019,13.21,-1.6,0.6,100,0
"2025-11-20 16:39:00",112553,"",7999,2025,11,20,16,33,5,0.1952,1.015,0.104,-342798.3,0.965,0.112,1.878,10.87,0,0.112,-0.014,0.065,0.04,13.21,-1.6,0.6,100,0
"2025-11-20 16:42:00",112554,"",7999,2025,11,20,16,33,5,0.1952,1.015,0.104,-342798.3,0.965,0.112,1.878,10.87,0,0.112,-0.014,0.065,0.04,13.21,-1.6,0.6,100,0
"2025-11-20 16:45:00",112555,"",7999,2025,11,20,16,39,5,0.1348,0.968,0.075,-342742.5,0.918,0.076,1.791,10.87,0,0.076,-0.012,0.063,0.031,13.21,-1.6,0.6,100,0
"2025-11-20 16:48:00",112556,"",7999,2025,11,20,16,39,5,0.1348,0.968,0.075,-342742.5,0.918,0.076,1.791,10.87,0,0.076,-0.012,0.063,0.031,13.21,-1.6,0.6,100,0
"2025-11-20 16:51:00",112557,"",7999,2025,11,20,16,45,5,0.159,0.954,0.09,-342688.1,0.904,0.092,1.766,10.88,0,0.092,-0.011,0.058,0.033,13.21,-1.6,0.6,100,0
"2025-11-20 16:54:00",112558,"",7999,2025,11,20,16,45,5,0.159,0.954,0.09,-342688.1,0.904,0.092,1.766,10.88,0,0.092,-0.011,0.058,0.033,13.21,-1.6,0.6,100,0
"2025-11-20 16:57:00",112559,"",7999,2025,11,20,16,51,5,0.1633,1.029,0.086,-342629.8,0.979,0.087,1.905,10.89,0,0.087,-0.015,0.074,0.031,13.21,-1.6,0.6,100,0
"2025-11-20 17:00:00",112560,"",7999,2025,11,20,16,51,5,0.1633,1.029,0.086,-342629.8,0.979,0.087,1.905,10.89,0,0.087,-0.015,0.074,0.031,13.21,-1.6,0.6,100,0
"2025-11-20 17:03:00",112561,"",7999,2025,11,20,16,57,5,0.0763,0.978,0.042,-342591.9,0.928,0.042,1.81,10.99,0,0.042,-0.004,0.002,0.021,13.21,-1.6,0.6,100,0
"2025-11-20 17:06:00",112562,"",7999,2025,11,20,16,57,5,0.0763,0.978,0.042,-342591.9,0.928,0.042,1.81,10.99,0,0.042,-0.004,0.002,0.021,13.21,-1.6,0.6,100,0
"2025-11-20 17:09:00",112563,"",7999,2025,11,20,17,3,5,0.0859,0.998,0.047,-342562.1,0.948,0.047,1.846,11.1,0,0.047,-0.004,0.028,0.017,13.21,-1.5,0.6,100,0
"2025-11-20 17:12:00",112564,"",7999,2025,11,20,17,3,5,0.0859,0.998,0.047,-342562.1,0.948,0.047,1.846,11.1,0,0.047,-0.004,0.028,0.017,13.21,-1.5,0.6,100,0
"2025-11-20 17:15:00",112565,"",7999,2025,11,20,17,9,5,0.0504,0.992,0.027,-342539.8,0.942,0.027,1.835,11.07,0,0.027,-0.005,0.002,0,13.21,-1.5,0.6,99,0
"2025-11-20 17:18:00",112566,"",7999,2025,11,20,17,9,5,0.0504,0.992,0.027,-342539.8,0.942,0.027,1.835,11.07,0,0.027,-0.005,0.002,0,13.21,-1.5,0.6,99,0
"2025-11-20 17:21:00",112567,"",7999,2025,11,20,17,15,5,-0.0284,1.004,-0.015,-342540.6,0.954,-0.015,1.858,11.01,0,-0.015,0.002,-0.012,-0.028,13.21,-1.5,0.6,100,0
"2025-11-20 17:24:00",112568,"",7999,2025,11,20,17,15,5,-0.0284,1.004,-0.015,-342540.6,0.954,-0.015,1.858,11.01,0,-0.015,0.002,-0.012,-0.028,13.21,-1.5,0.6,100,0
"2025-11-20 17:27:00",112569,"",7999,2025,11,20,17,21,5,0.0488,0.877,0.03,-342532.3,0.827,0.03,1.623,11.1,0,0.03,-0.004,0.005,0.024,13.21,-1.6,0.6,100,0
"2025-11-20 17:30:00",112570,"",7999,2025,11,20,17,21,5,0.0488,0.877,0.03,-342532.3,0.827,0.03,1.623,11.1,0,0.03,-0.004,0.005,0.024,13.21,-1.6,0.6,100,0
"2025-11-20 17:33:00",112571,"",7999,2025,11,20,17,27,5,-0.0597,0.92,-0.035,-342540.7,0.87,-0.035,1.702,11.09,0,-0.035,0.002,-0.021,-0.064,13.21,-1.6,0.6,100,0
"2025-11-20 17:36:00",112572,"",7999,2025,11,20,17,27,5,-0.0597,0.92,-0.035,-342540.7,0.87,-0.035,1.702,11.09,0,-0.035,0.002,-0.021,-0.064,13.21,-1.6,0.6,100,0
"2025-11-20 17:39:00",112573,"",7999,2025,11,20,17,33,5,-0.1178,1.075,-0.059,-342576.2,1.025,-0.059,1.989,10.94,0,-0.059,-0.007,-0.049,-0.09,13.21,-1.6,0.6,100,0
"2025-11-20 17:42:00",112574,"",7999,2025,11,20,17,33,5,-0.1178,1.075,-0.059,-342576.2,1.025,-0.059,1.989,10.94,0,-0.059,-0.007,-0.049,-0.09,13.21,-1.6,0.6,100,0
"2025-11-20 17:45:00",112575,"",7999,2025,11,20,17,39,5,-0.1014,1.066,-0.051,-342614.7,1.016,-0.051,1.973,10.91,0,-0.051,-0.003,-0.06,-0.057,13.21,-1.6,0.6,100,0
"2025-11-20 17:48:00",112576,"",7999,2025,11,20,17,39,5,-0.1014,1.066,-0.051,-342614.7,1.016,-0.051,1.973,10.91,0,-0.051,-0.003,-0.06,-0.057,13.21,-1.6,0.6,100,0
"2025-11-20 17:51:00",112577,"",7999,2025,11,20,17,45,5,-0.1377,1.061,-0.07,-342659.9,1.011,-0.07,1.963,10.87,0,-0.07,-0.006,-0.088,-0.088,13.21,-1.6,0.6,100,0
"2025-11-20 17:54:00",112578,"",7999,2025,11,20,17,45,5,-0.1377,1.061,-0.07,-342659.9,1.011,-0.07,1.963,10.87,0,-0.07,-0.006,-0.088,-0.088,13.21,-1.6,0.6,100,0
"2025-11-20 17:57:00",112579,"",7999,2025,11,20,17,51,5,-0.063,1.057,-0.032,-342691.6,1.007,-0.031,1.956,10.84,0,-0.031,-0.001,-0.072,-0.04,13.21,-1.6,0.6,100,0
"2025-11-20 18:00:00",112580,"",7999,2025,11,20,17,51,5,-0.063,1.057,-0.032,-342691.6,1.007,-0.031,1.956,10.84,0,-0.031,-0.001,-0.072,-0.04,13.21,-1.6,0.6,100,0
"2025-11-20 18:03:00",112581,"",7999,2025,11,20,17,57,5,-0.0706,1.056,-0.036,-342716.1,1.006,-0.035,1.954,10.88,0,-0.035,0,-0.021,-0.043,13.21,-1.6,0.6,100,0
"2025-11-20 18:06:00",112582,"",7999,2025,11,20,17,57,5,-0.0706,1.056,-0.036,-342716.1,1.006,-0.035,1.954,10.88,0,-0.035,0,-0.021,-0.043,13.21,-1.6,0.6,100,0
"2025-11-20 18:09:00",112583,"",7999,2025,11,20,18,3,5,-0.1022,1.055,-0.052,-342749.1,1.005,-0.052,1.953,10.83,0,-0.052,0.001,-0.046,-0.071,13.21,-1.6,0.6,100,0
"2025-11-20 18:12:00",112584,"",7999,2025,11,20,18,3,5,-0.1022,1.055,-0.052,-342749.1,1.005,-0.052,1.953,10.83,0,-0.052,0.001,-0.046,-0.071,13.21,-1.6,0.6,100,0
"2025-11-20 18:15:00",112585,"",7999,2025,11,20,18,9,5,-0.0516,1.051,-0.027,-342773.8,1.001,-0.025,1.945,10.81,0,-0.025,-0.002,-0.03,-0.031,13.21,-1.6,0.6,100,0
"2025-11-20 18:18:00",112586,"",7999,2025,11,20,18,9,5,-0.0516,1.051,-0.027,-342773.8,1.001,-0.025,1.945,10.81,0,-0.025,-0.002,-0.03,-0.031,13.21,-1.6,0.6,100,0
"2025-11-20 18:21:00",112587,"",7999,2025,11,20,18,15,5,-0.1404,1.045,-0.073,-342813.7,0.995,-0.074,1.934,10.83,0,-0.074,0.001,-0.056,-0.097,13.21,-1.6,0.6,100,0
"2025-11-20 18:24:00",112588,"",7999,2025,11,20,18,15,5,-0.1404,1.045,-0.073,-342813.7,0.995,-0.074,1.934,10.83,0,-0.074,0.001,-0.056,-0.097,13.21,-1.6,0.6,100,0
"2025-11-20 18:27:00",112589,"",7999,2025,11,20,18,21,5,-0.1067,1.047,-0.055,-342856.2,0.997,-0.054,1.937,10.84,0,-0.054,0,-0.044,-0.073,13.21,-1.6,0.6,100,0
"2025-11-20 18:30:00",112590,"",7999,2025,11,20,18,21,5,-0.1067,1.047,-0.055,-342856.2,0.997,-0.054,1.937,10.84,0,-0.054,0,-0.044,-0.073,13.21,-1.6,0.6,100,0
"2025-11-20 18:33:00",112591,"",7999,2025,11,20,18,27,5,-0.0796,1.045,-0.041,-342888.1,0.995,-0.041,1.933,10.81,0,-0.041,0.001,-0.026,-0.038,13.21,-1.6,0.6,100,0
"2025-11-20 18:36:00",112592,"",7999,2025,11,20,18,27,5,-0.0796,1.045,-0.041,-342888.1,0.995,-0.041,1.933,10.81,0,-0.041,0.001,-0.026,-0.038,13.21,-1.6,0.6,100,0
"2025-11-20 18:39:00",112593,"",7999,2025,11,20,18,33,5,-0.1222,1.039,-0.064,-342927,0.989,-0.063,1.923,10.75,0,-0.063,0.008,-0.058,-0.083,13.21,-1.6,0.6,100,0
"2025-11-20 18:42:00",112594,"",7999,2025,11,20,18,33,5,-0.1222,1.039,-0.064,-342927,0.989,-0.063,1.923,10.75,0,-0.063,0.008,-0.058,-0.083,13.21,-1.6,0.6,100,0
"2025-11-20 18:45:00",112595,"",7999,2025,11,20,18,39,5,-0.1057,1.029,-0.055,-342967.1,0.979,-0.054,1.905,10.74,0,-0.054,0.004,-0.074,-0.078,13.21,-1.6,0.6,100,0
"2025-11-20 18:48:00",112596,"",7999,2025,11,20,18,39,5,-0.1057,1.029,-0.055,-342967.1,0.979,-0.054,1.905,10.74,0,-0.054,0.004,-0.074,-0.078,13.21,-1.6,0.6,100,0
"2025-11-20 18:51:00",112597,"",7999,2025,11,20,18,45,5,-0.0895,1.028,-0.047,-343001.2,0.978,-0.047,1.902,10.73,0,-0.047,0.005,-0.037,-0.054,13.21,-1.6,0.6,100,0
"2025-11-20 18:54:00",112598,"",7999,2025,11,20,18,45,5,-0.0895,1.028,-0.047,-343001.2,0.978,-0.047,1.902,10.73,0,-0.047,0.005,-0.037,-0.054,13.21,-1.6,0.6,100,0
"2025-11-20 18:57:00",112599,"",7999,2025,11,20,18,51,5,-0.1294,1.025,-0.068,-343043,0.975,-0.069,1.896,10.68,0,-0.069,0.004,-0.088,-0.081,13.21,-1.6,0.6,100,0
"2025-11-20 19:00:00",112600,"",7999,2025,11,20,18,51,5,-0.1294,1.025,-0.068,-343043,0.975,-0.069,1.896,10.68,0,-0.069,0.004,-0.088,-0.081,13.21,-1.6,0.6,100,0
"2025-11-20 19:03:00",112601,"",7999,2025,11,20,18,57,5,-0.1126,1.023,-0.06,-343085.6,0.973,-0.06,1.892,10.69,0,-0.06,0.006,-0.091,-0.076,13.21,-1.6,0.6,100,0
"2025-11-20 19:06:00",112602,"",7999,2025,11,20,18,57,5,-0.1126,1.023,-0.06,-343085.6,0.973,-0.06,1.892,10.69,0,-0.06,0.006,-0.091,-0.076,13.21,-1.6,0.6,100,0
"2025-11-20 19:09:00",112603,"",7999,2025,11,20,19,3,5,-0.161,1.014,-0.086,-343137.8,0.964,-0.087,1.876,10.67,0,-0.087,-0.002,-0.079,-0.13,13.21,-1.7,0.6,100,0
"2025-11-20 19:12:00",112604,"",7999,2025,11,20,19,3,5,-0.161,1.014,-0.086,-343137.8,0.964,-0.087,1.876,10.67,0,-0.087,-0.002,-0.079,-0.13,13.21,-1.7,0.6,100,0
"2025-11-20 19:15:00",112605,"",7999,2025,11,20,19,9,5,-0.1553,1.001,-0.084,-343194.4,0.951,-0.085,1.851,10.68,0,-0.085,-0.001,-0.049,-0.126,13.21,-1.7,0.6,100,0
"2025-11-20 19:18:00",112606,"",7999,2025,11,20,19,9,5,-0.1553,1.001,-0.084,-343194.4,0.951,-0.085,1.851,10.68,0,-0.085,-0.001,-0.049,-0.126,13.21,-1.7,0.6,100,0
"2025-11-20 19:21:00",112607,"",7999,2025,11,20,19,15,5,-0.1078,0.998,-0.058,-343238.9,0.948,-0.058,1.847,10.68,0,-0.058,0.005,-0.037,-0.078,13.21,-1.7,0.6,100,0
"2025-11-20 19:24:00",112608,"",7999,2025,11,20,19,15,5,-0.1078,0.998,-0.058,-343238.9,0.948,-0.058,1.847,10.68,0,-0.058,0.005,-0.037,-0.078,13.21,-1.7,0.6,100,0
"2025-11-20 19:27:00",112609,"",7999,2025,11,20,19,21,5,-0.1484,0.99,-0.081,-343287.5,0.94,-0.082,1.832,10.64,0,-0.082,0.005,-0.063,-0.116,13.21,-1.7,0.6,100,0
"2025-11-20 19:30:00",112610,"",7999,2025,11,20,19,21,5,-0.1484,0.99,-0.081,-343287.5,0.94,-0.082,1.832,10.64,0,-0.082,0.005,-0.063,-0.116,13.21,-1.7,0.6,100,0
"2025-11-20 19:33:00",112611,"",7999,2025,11,20,19,27,5,-0.104,0.984,-0.057,-343330.3,0.934,-0.057,1.821,10.61,0,-0.057,0.005,-0.07,-0.083,13.21,-1.7,0.6,100,0
"2025-11-20 19:36:00",112612,"",7999,2025,11,20,19,27,5,-0.104,0.984,-0.057,-343330.3,0.934,-0.057,1.821,10.61,0,-0.057,0.005,-0.07,-0.083,13.21,-1.7,0.6,100,0
"2025-11-20 19:39:00",112613,"",7999,2025,11,20,19,33,5,-0.0977,0.98,-0.054,-343366.2,0.93,-0.053,1.814,10.63,0,-0.053,-0.001,-0.042,-0.078,13.21,-1.7,0.6,100,0
"2025-11-20 19:42:00",112614,"",7999,2025,11,20,19,33,5,-0.0977,0.98,-0.054,-343366.2,0.93,-0.053,1.814,10.63,0,-0.053,-0.001,-0.042,-0.078,13.21,-1.7,0.6,100,0
"2025-11-20 19:45:00",112615,"",7999,2025,11,20,19,39,5,-0.1007,0.97,-0.056,-343402.1,0.92,-0.056,1.795,10.58,0,-0.056,0.006,-0.084,-0.09,13.21,-1.7,0.6,100,0
"2025-11-20 19:48:00",112616,"",7999,2025,11,20,19,39,5,-0.1007,0.97,-0.056,-343402.1,0.92,-0.056,1.795,10.58,0,-0.056,0.006,-0.084,-0.09,13.21,-1.7,0.6,100,0
"2025-11-20 19:51:00",112617,"",7999,2025,11,20,19,45,5,-0.0752,0.97,-0.042,-343432.3,0.92,-0.041,1.795,10.65,0,-0.041,0.001,-0.053,-0.054,13.21,-1.7,0.6,100,0
"2025-11-20 19:54:00",112618,"",7999,2025,11,20,19,45,5,-0.0752,0.97,-0.042,-343432.3,0.92,-0.041,1.795,10.65,0,-0.041,0.001,-0.053,-0.054,13.21,-1.7,0.6,100,0
"2025-11-20 19:57:00",112619,"",7999,2025,11,20,19,51,5,-0.0961,0.966,-0.054,-343464.4,0.916,-0.053,1.788,10.64,0,-0.053,0.009,-0.063,-0.076,13.21,-1.7,0.6,100,0
"2025-11-20 20:00:00",112620,"",7999,2025,11,20,19,51,5,-0.0961,0.966,-0.054,-343464.4,0.916,-0.053,1.788,10.64,0,-0.053,0.009,-0.063,-0.076,13.21,-1.7,0.6,100,0
"2025-11-20 20:03:00",112621,"",7999,2025,11,20,19,57,5,-0.1072,0.958,-0.06,-343501.7,0.908,-0.06,1.773,10.59,0,-0.06,0.006,-0.132,-0.099,13.21,-1.7,0.6,100,0
"2025-11-20 20:06:00",112622,"",7999,2025,11,20,19,57,5,-0.1072,0.958,-0.06,-343501.7,0.908,-0.06,1.773,10.59,0,-0.06,0.006,-0.132,-0.099,13.21,-1.7,0.6,100,0
"2025-11-20 20:09:00",112623,"",7999,2025,11,20,20,3,5,-0.082,0.951,-0.047,-343534.2,0.901,-0.045,1.76,10.61,0,-0.045,0.005,-0.04,-0.066,13.21,-1.7,0.6,100,0
"2025-11-20 20:12:00",112624,"",7999,2025,11,20,20,3,5,-0.082,0.951,-0.047,-343534.2,0.901,-0.045,1.76,10.61,0,-0.045,0.005,-0.04,-0.066,13.21,-1.7,0.6,100,0
"2025-11-20 20:15:00",112625,"",7999,2025,11,20,20,9,5,-0.0937,0.946,-0.054,-343566.6,0.896,-0.053,1.751,10.55,0,-0.053,0.005,-0.028,-0.083,13.21,-1.7,0.6,100,0
"2025-11-20 20:18:00",112626,"",7999,2025,11,20,20,9,5,-0.0937,0.946,-0.054,-343566.6,0.896,-0.053,1.751,10.55,0,-0.053,0.005,-0.028,-0.083,13.21,-1.7,0.6,100,0
"2025-11-20 20:21:00",112627,"",7999,2025,11,20,20,15,5,-0.043,0.943,-0.025,-343588.2,0.893,-0.023,1.745,10.6,0,-0.023,0.004,-0.028,-0.038,13.21,-1.7,0.6,100,0
"2025-11-20 20:24:00",112628,"",7999,2025,11,20,20,15,5,-0.043,0.943,-0.025,-343588.2,0.893,-0.023,1.745,10.6,0,-0.023,0.004,-0.028,-0.038,13.21,-1.7,0.6,100,0
"2025-11-20 20:27:00",112629,"",7999,2025,11,20,20,21,5,-0.0566,0.942,-0.032,-343606.9,0.892,-0.033,1.744,10.65,0,-0.033,0.001,-0.063,-0.04,13.21,-1.7,0.6,100,0
"2025-11-20 20:30:00",112630,"",7999,2025,11,20,20,21,5,-0.0566,0.942,-0.032,-343606.9,0.892,-0.033,1.744,10.65,0,-0.033,0.001,-0.063,-0.04,13.21,-1.7,0.6,100,0
"2025-11-20 20:33:00",112631,"",7999,2025,11,20,20,27,5,-0.1026,0.935,-0.059,-343638.3,0.885,-0.06,1.729,10.62,0,-0.06,0.002,-0.067,-0.102,13.21,-1.7,0.6,100,0
"2025-11-20 20:36:00",112632,"",7999,2025,11,20,20,27,5,-0.1026,0.935,-0.059,-343638.3,0.885,-0.06,1.729,10.62,0,-0.06,0.002,-0.067,-0.102,13.21,-1.7,0.6,100,0
"2025-11-20 20:39:00",112633,"",7999,2025,11,20,20,33,5,-0.081,0.922,-0.048,-343670.1,0.872,-0.048,1.705,10.62,0,-0.048,0.009,-0.06,-0.081,13.21,-1.7,0.6,100,0
"2025-11-20 20:42:00",112634,"",7999,2025,11,20,20,33,5,-0.081,0.922,-0.048,-343670.1,0.872,-0.048,1.705,10.62,0,-0.048,0.009,-0.06,-0.081,13.21,-1.7,0.6,100,0
"2025-11-20 20:45:00",112635,"",7999,2025,11,20,20,39,5,-0.0789,0.917,-0.046,-343698.8,0.867,-0.046,1.697,10.63,0,-0.046,0.007,-0.046,-0.066,13.21,-1.7,0.6,100,0
"2025-11-20 20:48:00",112636,"",7999,2025,11,20,20,39,5,-0.0789,0.917,-0.046,-343698.8,0.867,-0.046,1.697,10.63,0,-0.046,0.007,-0.046,-0.066,13.21,-1.7,0.6,100,0
"2025-11-20 20:51:00",112637,"",7999,2025,11,20,20,45,5,-0.0701,0.91,-0.042,-343725.1,0.86,-0.04,1.684,10.62,0,-0.04,0.006,-0.033,-0.069,13.21,-1.7,0.6,100,0
"2025-11-20 20:54:00",112638,"",7999,2025,11,20,20,45,5,-0.0701,0.91,-0.042,-343725.1,0.86,-0.04,1.684,10.62,0,-0.04,0.006,-0.033,-0.069,13.21,-1.7,0.6,100,0
"2025-11-20 20:57:00",112639,"",7999,2025,11,20,20,51,5,-0.0558,0.907,-0.033,-343746.9,0.857,-0.033,1.678,10.64,0,-0.033,0.003,-0.033,-0.036,13.21,-1.7,0.6,100,0
"2025-11-20 21:00:00",112640,"",7999,2025,11,20,20,51,5,-0.0558,0.907,-0.033,-343746.9,0.857,-0.033,1.678,10.64,0,-0.033,0.003,-0.033,-0.036,13.21,-1.7,0.6,100,0
"2025-11-20 21:03:00",112641,"",7999,2025,11,20,20,57,5,-0.0757,0.902,-0.045,-343771.8,0.852,-0.046,1.669,10.62,0,-0.046,0.008,-0.044,-0.078,13.21,-1.6,0.6,100,0
"2025-11-20 21:06:00",112642,"",7999,2025,11,20,20,57,5,-0.0757,0.902,-0.045,-343771.8,0.852,-0.046,1.669,10.62,0,-0.046,0.008,-0.044,-0.078,13.21,-1.6,0.6,100,0
"2025-11-20 21:09:00",112643,"",7999,2025,11,20,21,3,5,-0.0702,0.891,-0.043,-343797.7,0.841,-0.042,1.649,10.63,0,-0.042,0.004,-0.044,-0.066,13.21,-1.7,0.6,100,0
"2025-11-20 21:12:00",112644,"",7999,2025,11,20,21,3,5,-0.0702,0.891,-0.043,-343797.7,0.841,-0.042,1.649,10.63,0,-0.042,0.004,-0.044,-0.066,13.21,-1.7,0.6,100,0
"2025-11-20 21:15:00",112645,"",7999,2025,11,20,21,9,5,-0.0479,0.89,-0.029,-343817.7,0.84,-0.028,1.646,10.62,0,-0.028,0.004,-0.014,-0.033,13.21,-1.7,0.6,100,0
"2025-11-20 21:18:00",112646,"",7999,2025,11,20,21,9,5,-0.0479,0.89,-0.029,-343817.7,0.84,-0.028,1.646,10.62,0,-0.028,0.004,-0.014,-0.033,13.21,-1.7,0.6,100,0
"2025-11-20 21:21:00",112647,"",7999,2025,11,20,21,15,5,-0.0675,0.883,-0.041,-343839.6,0.833,-0.041,1.635,10.69,0,-0.041,0.006,-0.03,-0.057,13.21,-1.6,0.6,100,0
"2025-11-20 21:24:00",112648,"",7999,2025,11,20,21,15,5,-0.0675,0.883,-0.041,-343839.6,0.833,-0.041,1.635,10.69,0,-0.041,0.006,-0.03,-0.057,13.21,-1.6,0.6,100,0
"2025-11-20 21:27:00",112649,"",7999,2025,11,20,21,21,5,-0.0498,0.879,-0.031,-343859.7,0.829,-0.03,1.627,10.66,0,-0.03,0.003,-0.009,-0.028,13.21,-1.6,0.6,100,0
"2025-11-20 21:30:00",112650,"",7999,2025,11,20,21,21,5,-0.0498,0.879,-0.031,-343859.7,0.829,-0.03,1.627,10.66,0,-0.03,0.003,-0.009,-0.028,13.21,-1.6,0.6,100,0
"2025-11-20 21:33:00",112651,"",7999,2025,11,20,21,27,5,-0.0685,0.873,-0.042,-343882.2,0.823,-0.041,1.615,10.68,0,-0.041,0.003,-0.03,-0.062,13.21,-1.6,0.6,100,0
"2025-11-20 21:36:00",112652,"",7999,2025,11,20,21,27,5,-0.0685,0.873,-0.042,-343882.2,0.823,-0.041,1.615,10.68,0,-0.041,0.003,-0.03,-0.062,13.21,-1.6,0.6,100,0
"2025-11-20 21:39:00",112653,"",7999,2025,11,20,21,33,5,-0.0606,0.865,-0.038,-343904.9,0.815,-0.036,1.602,10.67,0,-0.036,0.005,-0.016,-0.047,13.21,-1.6,0.6,100,0
"2025-11-20 21:42:00",112654,"",7999,2025,11,20,21,33,5,-0.0606,0.865,-0.038,-343904.9,0.815,-0.036,1.602,10.67,0,-0.036,0.005,-0.016,-0.047,13.21,-1.6,0.6,100,0
"2025-11-20 21:45:00",112655,"",7999,2025,11,20,21,39,5,-0.0345,0.862,-0.022,-343920.5,0.812,-0.021,1.594,10.79,0,-0.021,0.004,-0.009,-0.024,13.21,-1.6,0.6,100,0
"2025-11-20 21:48:00",112656,"",7999,2025,11,20,21,39,5,-0.0345,0.862,-0.022,-343920.5,0.812,-0.021,1.594,10.79,0,-0.021,0.004,-0.009,-0.024,13.21,-1.6,0.6,100,0
"2025-11-20 21:51:00",112657,"",7999,2025,11,20,21,45,5,-0.0557,0.858,-0.035,-343938,0.808,-0.034,1.587,10.84,0,-0.034,0.003,-0.026,-0.047,13.21,-1.6,0.6,100,0
"2025-11-20 21:54:00",112658,"",7999,2025,11,20,21,45,5,-0.0557,0.858,-0.035,-343938,0.808,-0.034,1.587,10.84,0,-0.034,0.003,-0.026,-0.047,13.21,-1.6,0.6,100,0
"2025-11-20 21:57:00",112659,"",7999,2025,11,20,21,51,5,-0.0769,0.849,-0.049,-343963.2,0.799,-0.05,1.572,10.84,0,-0.05,0.006,-0.04,-0.078,13.21,-1.6,0.6,100,0
"2025-11-20 22:00:00",112660,"",7999,2025,11,20,21,51,5,-0.0769,0.849,-0.049,-343963.2,0.799,-0.05,1.572,10.84,0,-0.05,0.006,-0.04,-0.078,13.21,-1.6,0.6,100,0
"2025-11-20 22:03:00",112661,"",7999,2025,11,20,21,57,5,-0.0881,0.844,-0.056,-343993.6,0.794,-0.057,1.561,10.84,0,-0.057,0.006,-0.044,-0.09,13.21,-1.6,0.6,100,0
"2025-11-20 22:06:00",112662,"",7999,2025,11,20,21,57,5,-0.0881,0.844,-0.056,-343993.6,0.794,-0.057,1.561,10.84,0,-0.057,0.006,-0.044,-0.09,13.21,-1.6,0.6,100,0
"2025-11-20 22:09:00",112663,"",7999,2025,11,20,22,3,5,-0.0859,0.836,-0.056,-344024.8,0.786,-0.056,1.546,10.79,0,-0.056,0.006,-0.046,-0.088,13.21,-1.6,0.6,100,0
"2025-11-20 22:12:00",112664,"",7999,2025,11,20,22,3,5,-0.0859,0.836,-0.056,-344024.8,0.786,-0.056,1.546,10.79,0,-0.056,0.006,-0.046,-0.088,13.21,-1.6,0.6,100,0
"2025-11-20 22:15:00",112665,"",7999,2025,11,20,22,9,5,-0.0679,0.832,-0.044,-344051.4,0.782,-0.044,1.54,10.83,0,-0.044,0.006,-0.028,-0.066,13.21,-1.6,0.6,100,0
"2025-11-20 22:18:00",112666,"",7999,2025,11,20,22,9,5,-0.0679,0.832,-0.044,-344051.4,0.782,-0.044,1.54,10.83,0,-0.044,0.006,-0.028,-0.066,13.21,-1.6,0.6,100,0
"2025-11-20 22:21:00",112667,"",7999,2025,11,20,22,15,5,-0.0751,0.826,-0.049,-344077.6,0.776,-0.048,1.528,10.81,0,-0.048,0.006,-0.033,-0.066,13.21,-1.6,0.6,100,0
"2025-11-20 22:24:00",112668,"",7999,2025,11,20,22,15,5,-0.0751,0.826,-0.049,-344077.6,0.776,-0.048,1.528,10.81,0,-0.048,0.006,-0.033,-0.066,13.21,-1.6,0.6,100,0
"2025-11-20 22:27:00",112669,"",7999,2025,11,20,22,21,5,-0.0621,0.822,-0.041,-344101.5,0.772,-0.04,1.522,10.82,0,-0.04,0.005,-0.012,-0.043,13.21,-1.7,0.6,100,0
"2025-11-20 22:30:00",112670,"",7999,2025,11,20,22,21,5,-0.0621,0.822,-0.041,-344101.5,0.772,-0.04,1.522,10.82,0,-0.04,0.005,-0.012,-0.043,13.21,-1.7,0.6,100,0
"2025-11-20 22:33:00",112671,"",7999,2025,11,20,22,27,5,-0.0345,0.817,-0.023,-344117.3,0.767,-0.022,1.513,10.87,0,-0.022,0.003,-0.002,-0.028,13.21,-1.7,0.6,100,0
"2025-11-20 22:36:00",112672,"",7999,2025,11,20,22,27,5,-0.0345,0.817,-0.023,-344117.3,0.767,-0.022,1.513,10.87,0,-0.022,0.003,-0.002,-0.028,13.21,-1.7,0.6,100,0
"2025-11-20 22:39:00",112673,"",7999,2025,11,20,22,33,5,-0.0085,0.819,-0.006,-344123.5,0.769,-0.005,1.516,10.89,0,-0.005,0.001,0.016,-0.009,13.21,-1.6,0.6,100,0
"2025-11-20 22:42:00",112674,"",7999,2025,11,20,22,33,5,-0.0085,0.819,-0.006,-344123.5,0.769,-0.005,1.516,10.89,0,-0.005,0.001,0.016,-0.009,13.21,-1.6,0.6,100,0
"2025-11-20 22:45:00",112675,"",7999,2025,11,20,22,39,5,0.0063,0.821,0.004,-344123,0.771,0.004,1.519,10.96,0,0.004,0.002,0.016,0.002,13.21,-1.6,0.6,100,0
"2025-11-20 22:48:00",112676,"",7999,2025,11,20,22,39,5,0.0063,0.821,0.004,-344123,0.771,0.004,1.519,10.96,0,0.004,0.002,0.016,0.002,13.21,-1.6,0.6,100,0
"2025-11-20 22:51:00",112677,"",7999,2025,11,20,22,45,5,-0.0091,0.819,-0.006,-344124.4,0.769,-0.004,1.515,10.95,0,-0.004,-0.001,0.014,-0.002,13.21,-1.6,0.6,100,0
"2025-11-20 22:54:00",112678,"",7999,2025,11,20,22,45,5,-0.0091,0.819,-0.006,-344124.4,0.769,-0.004,1.515,10.95,0,-0.004,-0.001,0.014,-0.002,13.21,-1.6,0.6,100,0
"2025-11-20 22:57:00",112679,"",7999,2025,11,20,22,51,5,-0.0314,0.814,-0.021,-344133.1,0.764,-0.019,1.506,10.93,0,-0.019,0.002,0.002,-0.024,13.21,-1.6,0.6,100,0
"2025-11-20 23:00:00",112680,"",7999,2025,11,20,22,51,5,-0.0314,0.814,-0.021,-344133.1,0.764,-0.019,1.506,10.93,0,-0.019,0.002,0.002,-0.024,13.21,-1.6,0.6,100,0
"2025-11-20 23:03:00",112681,"",7999,2025,11,20,22,57,5,-0.04,0.809,-0.027,-344146.4,0.759,-0.025,1.496,10.94,0,-0.025,0.004,-0.005,-0.026,13.21,-1.6,0.6,100,0
"2025-11-20 23:06:00",112682,"",7999,2025,11,20,22,57,5,-0.04,0.809,-0.027,-344146.4,0.759,-0.025,1.496,10.94,0,-0.025,0.004,-0.005,-0.026,13.21,-1.6,0.6,100,0
"2025-11-20 23:09:00",112683,"",7999,2025,11,20,23,3,5,-0.0411,0.809,-0.027,-344161.1,0.759,-0.027,1.498,10.95,0,-0.027,0.005,-0.005,-0.038,13.21,-1.6,0.6,100,0
"2025-11-20 23:12:00",112684,"",7999,2025,11,20,23,3,5,-0.0411,0.809,-0.027,-344161.1,0.759,-0.027,1.498,10.95,0,-0.027,0.005,-0.005,-0.038,13.21,-1.6,0.6,100,0
"2025-11-20 23:15:00",112685,"",7999,2025,11,20,23,9,5,-0.0551,0.806,-0.037,-344179.3,0.756,-0.036,1.491,10.94,0,-0.036,0.005,-0.012,-0.043,13.21,-1.6,0.6,100,0
"2025-11-20 23:18:00",112686,"",7999,2025,11,20,23,9,5,-0.0551,0.806,-0.037,-344179.3,0.756,-0.036,1.491,10.94,0,-0.036,0.005,-0.012,-0.043,13.21,-1.6,0.6,100,0
"2025-11-20 23:21:00",112687,"",7999,2025,11,20,23,15,5,-0.0392,0.81,-0.026,-344195.3,0.76,-0.025,1.498,10.94,0,-0.025,0.004,-0.009,-0.019,13.21,-1.6,0.6,100,0
"2025-11-20 23:24:00",112688,"",7999,2025,11,20,23,15,5,-0.0392,0.81,-0.026,-344195.3,0.76,-0.025,1.498,10.94,0,-0.025,0.004,-0.009,-0.019,13.21,-1.6,0.6,100,0
"2025-11-20 23:27:00",112689,"",7999,2025,11,20,23,21,5,-0.0366,0.812,-0.024,-344208.8,0.762,-0.023,1.502,10.96,0,-0.023,0.004,-0.007,-0.028,13.21,-1.6,0.6,100,0
"2025-11-20 23:30:00",112690,"",7999,2025,11,20,23,21,5,-0.0366,0.812,-0.024,-344208.8,0.762,-0.023,1.502,10.96,0,-0.023,0.004,-0.007,-0.028,13.21,-1.6,0.6,100,0
"2025-11-20 23:33:00",112691,"",7999,2025,11,20,23,27,5,-0.0251,0.813,-0.017,-344219.3,0.763,-0.016,1.504,11,0,-0.016,0.002,-0.005,-0.021,13.21,-1.6,0.6,100,0
"2025-11-20 23:36:00",112692,"",7999,2025,11,20,23,27,5,-0.0251,0.813,-0.017,-344219.3,0.763,-0.016,1.504,11,0,-0.016,0.002,-0.005,-0.021,13.21,-1.6,0.6,100,0
"2025-11-20 23:39:00",112693,"",7999,2025,11,20,23,33,5,0.0004,0.816,0,-344222.2,0.766,0,1.509,11.05,0,0,0,0.012,0.005,13.21,-1.6,0.6,100,0
"2025-11-20 23:42:00",112694,"",7999,2025,11,20,23,33,5,0.0004,0.816,0,-344222.2,0.766,0,1.509,11.05,0,0,0,0.012,0.005,13.21,-1.6,0.6,100,0
"2025-11-20 23:45:00",112695,"",7999,2025,11,20,23,39,5,0.011,0.818,0.007,-344219.5,0.768,0.007,1.515,11.03,0,0.007,-0.002,0.028,0.017,13.21,-1.6,0.6,100,0
"2025-11-20 23:48:00",112696,"",7999,2025,11,20,23,39,5,0.011,0.818,0.007,-344219.5,0.768,0.007,1.515,11.03,0,0.007,-0.002,0.028,0.017,13.21,-1.6,0.6,100,0
"2025-11-20 23:51:00",112697,"",7999,2025,11,20,23,45,5,0.0232,0.818,0.015,-344212.6,0.768,0.016,1.514,10.99,0,0.016,-0.001,0.019,0.026,13.21,-1.6,0.6,100,0
"2025-11-20 23:54:00",112698,"",7999,2025,11,20,23,45,5,0.0232,0.818,0.015,-344212.6,0.768,0.016,1.514,10.99,0,0.016,-0.001,0.019,0.026,13.21,-1.6,0.6,100,0
"2025-11-20 23:57:00",112699,"",7999,2025,11,20,23,51,5,0.0248,0.822,0.016,-344203.8,0.772,0.016,1.522,11.03,0,0.016,-0.001,0.021,0.019,13.21,-1.6,0.6,100,0
"2025-11-21 00:00:00",112700,"",7999,2025,11,20,23,51,5,0.0248,0.822,0.016,-344203.8,0.772,0.016,1.522,11.03,0,0.016,-0.001,0.021,0.019,13.21,-1.6,0.6,100,0
"2025-11-21 00:03:00",112701,"",7999,2025,11,20,23,57,5,-0.0326,0.816,-0.022,-344208.7,0.766,-0.021,1.51,11.05,0,-0.021,0.002,-0.014,-0.021,13.21,-1.6,0.6,100,0
"2025-11-21 00:06:00",112702,"",7999,2025,11,20,23,57,5,-0.0326,0.816,-0.022,-344208.7,0.766,-0.021,1.51,11.05,0,-0.021,0.002,-0.014,-0.021,13.21,-1.6,0.6,100,0
"2025-11-21 00:09:00",112703,"",7999,2025,11,21,0,3,5,-0.0408,0.769,-0.029,-344222.4,0.719,-0.028,1.423,11.09,0,-0.028,0.004,-0.014,-0.012,13.21,-1.6,0.6,100,0
"2025-11-21 00:12:00",112704,"",7999,2025,11,21,0,3,5,-0.0408,0.769,-0.029,-344222.4,0.719,-0.028,1.423,11.09,0,-0.028,0.004,-0.014,-0.012,13.21,-1.6,0.6,100,0
"2025-11-21 00:15:00",112705,"",7999,2025,11,21,0,9,5,-0.0283,0.811,-0.019,-344234.1,0.761,-0.018,1.502,11.04,0,-0.018,0.004,-0.002,-0.024,13.21,-1.6,0.6,100,0
"2025-11-21 00:18:00",112706,"",7999,2025,11,21,0,9,5,-0.0283,0.811,-0.019,-344234.1,0.761,-0.018,1.502,11.04,0,-0.018,0.004,-0.002,-0.024,13.21,-1.6,0.6,100,0
"2025-11-21 00:21:00",112707,"",7999,2025,11,21,0,15,5,-0.0019,0.815,-0.001,-344238,0.765,-0.001,1.509,11.07,0,-0.001,-0.001,-0.002,0.007,13.21,-1.6,0.6,100,0
"2025-11-21 00:24:00",112708,"",7999,2025,11,21,0,15,5,-0.0019,0.815,-0.001,-344238,0.765,-0.001,1.509,11.07,0,-0.001,-0.001,-0.002,0.007,13.21,-1.6,0.6,100,0
"2025-11-21 00:27:00",112709,"",7999,2025,11,21,0,21,5,0.0145,0.827,0.009,-344234.7,0.777,0.008,1.531,11.09,0,0.008,0.001,0.007,0.002,13.21,-1.6,0.6,100,0
"2025-11-21 00:30:00",112710,"",7999,2025,11,21,0,21,5,0.0145,0.827,0.009,-344234.7,0.777,0.008,1.531,11.09,0,0.008,0.001,0.007,0.002,13.21,-1.6,0.6,100,0
"2025-11-21 00:33:00",112711,"",7999,2025,11,21,0,27,5,-0.001,0.827,-0.001,-344233.2,0.777,0,1.531,11.1,0,0,0,-0.005,-0.012,13.21,-1.6,0.6,100,0
"2025-11-21 00:36:00",112712,"",7999,2025,11,21,0,27,5,-0.001,0.827,-0.001,-344233.2,0.777,0,1.531,11.1,0,0,0,-0.005,-0.012,13.21,-1.6,0.6,100,0
"2025-11-21 00:39:00",112713,"",7999,2025,11,21,0,33,5,-0.0472,0.823,-0.031,-344244.7,0.773,-0.03,1.522,11.12,0,-0.03,0.002,-0.03,-0.038,13.21,-1.6,0.6,100,0
"2025-11-21 00:42:00",112714,"",7999,2025,11,21,0,33,5,-0.0472,0.823,-0.031,-344244.7,0.773,-0.03,1.522,11.12,0,-0.03,0.002,-0.03,-0.038,13.21,-1.6,0.6,100,0
"2025-11-21 00:45:00",112715,"",7999,2025,11,21,0,39,5,-0.0531,0.82,-0.035,-344263.1,0.77,-0.035,1.517,11.1,0,-0.035,0.003,-0.03,-0.04,13.21,-1.6,0.6,100,0
"2025-11-21 00:48:00",112716,"",7999,2025,11,21,0,39,5,-0.0531,0.82,-0.035,-344263.1,0.77,-0.035,1.517,11.1,0,-0.035,0.003,-0.03,-0.04,13.21,-1.6,0.6,100,0
"2025-11-21 00:51:00",112717,"",7999,2025,11,21,0,45,5,-0.0059,0.823,-0.004,-344270.9,0.773,-0.002,1.523,11.12,0,-0.002,0,-0.005,-0.012,13.21,-1.6,0.6,100,0
"2025-11-21 00:54:00",112718,"",7999,2025,11,21,0,45,5,-0.0059,0.823,-0.004,-344270.9,0.773,-0.002,1.523,11.12,0,-0.002,0,-0.005,-0.012,13.21,-1.6,0.6,100,0
"2025-11-21 00:57:00",112719,"",7999,2025,11,21,0,51,5,0.0036,0.833,0.002,-344270.8,0.783,0.002,1.541,11.09,0,0.002,-0.001,-0.005,-0.005,13.21,-1.6,0.6,100,0
"2025-11-21 01:00:00",112720,"",7999,2025,11,21,0,51,5,0.0036,0.833,0.002,-344270.8,0.783,0.002,1.541,11.09,0,0.002,-0.001,-0.005,-0.005,13.21,-1.6,0.6,100,0
"2025-11-21 01:03:00",112721,"",7999,2025,11,21,0,57,5,0.0361,0.843,0.023,-344261.6,0.793,0.023,1.56,11.11,0,0.023,-0.005,0,0.019,13.21,-1.6,0.6,100,0
"2025-11-21 01:06:00",112722,"",7999,2025,11,21,0,57,5,0.0361,0.843,0.023,-344261.6,0.793,0.023,1.56,11.11,0,0.023,-0.005,0,0.019,13.21,-1.6,0.6,100,0
"2025-11-21 01:09:00",112723,"",7999,2025,11,21,1,3,5,-0.0071,0.845,-0.005,-344259,0.795,-0.002,1.563,11.1,0,-0.002,0,-0.016,-0.012,13.21,-1.6,0.6,100,0
"2025-11-21 01:12:00",112724,"",7999,2025,11,21,1,3,5,-0.0071,0.845,-0.005,-344259,0.795,-0.002,1.563,11.1,0,-0.002,0,-0.016,-0.012,13.21,-1.6,0.6,100,0
"2025-11-21 01:15:00",112725,"",7999,2025,11,21,1,9,5,0.0503,0.849,0.032,-344247.8,0.799,0.031,1.571,11.07,0,0.031,0,0.014,0.036,13.21,-1.6,0.6,100,0
"2025-11-21 01:18:00",112726,"",7999,2025,11,21,1,9,5,0.0503,0.849,0.032,-344247.8,0.799,0.031,1.571,11.07,0,0.031,0,0.014,0.036,13.21,-1.6,0.6,100,0
"2025-11-21 01:21:00",112727,"",7999,2025,11,21,1,15,5,0.0399,0.847,0.025,-344232.2,0.797,0.025,1.568,11.06,0,0.025,-0.003,0,0.019,13.21,-1.6,0.6,100,0
"2025-11-21 01:24:00",112728,"",7999,2025,11,21,1,15,5,0.0399,0.847,0.025,-344232.2,0.797,0.025,1.568,11.06,0,0.025,-0.003,0,0.019,13.21,-1.6,0.6,100,0
"2025-11-21 01:27:00",112729,"",7999,2025,11,21,1,21,5,0.0209,0.863,0.013,-344222.3,0.813,0.012,1.598,11.04,0,0.012,0,-0.002,0.007,13.21,-1.6,0.6,100,0
"2025-11-21 01:30:00",112730,"",7999,2025,11,21,1,21,5,0.0209,0.863,0.013,-344222.3,0.813,0.012,1.598,11.04,0,0.012,0,-0.002,0.007,13.21,-1.6,0.6,100,0
"2025-11-21 01:33:00",112731,"",7999,2025,11,21,1,27,5,0.0322,0.859,0.02,-344212.1,0.809,0.019,1.59,11.07,0,0.019,-0.001,-0.009,0.007,13.21,-1.6,0.6,100,0
"2025-11-21 01:36:00",112732,"",7999,2025,11,21,1,27,5,0.0322,0.859,0.02,-344212.1,0.809,0.019,1.59,11.07,0,0.019,-0.001,-0.009,0.007,13.21,-1.6,0.6,100,0
"2025-11-21 01:39:00",112733,"",7999,2025,11,21,1,33,5,-0.0054,0.874,-0.003,-344209.5,0.824,-0.002,1.618,11.07,0,-0.002,0.001,-0.016,-0.014,13.21,-1.6,0.6,100,0
"2025-11-21 01:42:00",112734,"",7999,2025,11,21,1,33,5,-0.0054,0.874,-0.003,-344209.5,0.824,-0.002,1.618,11.07,0,-0.002,0.001,-0.016,-0.014,13.21,-1.6,0.6,100,0
"2025-11-21 01:45:00",112735,"",7999,2025,11,21,1,39,5,0.0177,0.865,0.011,-344205.9,0.815,0.011,1.601,11.06,0,0.011,-0.001,-0.014,0.007,13.21,-1.6,0.6,100,0
"2025-11-21 01:48:00",112736,"",7999,2025,11,21,1,39,5,0.0177,0.865,0.011,-344205.9,0.815,0.011,1.601,11.06,0,0.011,-0.001,-0.014,0.007,13.21,-1.6,0.6,100,0
"2025-11-21 01:51:00",112737,"",7999,2025,11,21,1,45,5,0.0059,0.881,0.004,-344202.4,0.831,0.002,1.631,11.07,0,0.002,0,-0.023,-0.021,13.21,-1.6,0.6,100,0
"2025-11-21 01:54:00",112738,"",7999,2025,11,21,1,45,5,0.0059,0.881,0.004,-344202.4,0.831,0.002,1.631,11.07,0,0.002,0,-0.023,-0.021,13.21,-1.6,0.6,100,0
"2025-11-21 01:57:00",112739,"",7999,2025,11,21,1,51,5,0.0058,0.898,0.004,-344200.3,0.848,0.002,1.661,11.07,0,0.002,-0.001,-0.012,-0.007,13.21,-1.6,0.6,100,0
"2025-11-21 02:00:00",112740,"",7999,2025,11,21,1,51,5,0.0058,0.898,0.004,-344200.3,0.848,0.002,1.661,11.07,0,0.002,-0.001,-0.012,-0.007,13.21,-1.6,0.6,100,0
"2025-11-21 02:03:00",112741,"",7999,2025,11,21,1,57,5,0.0061,0.902,0.004,-344198.1,0.852,0.002,1.67,11.08,0,0.002,0,-0.033,-0.007,13.21,-1.6,0.6,100,0
"2025-11-21 02:06:00",112742,"",7999,2025,11,21,1,57,5,0.0061,0.902,0.004,-344198.1,0.852,0.002,1.67,11.08,0,0.002,0,-0.033,-0.007,13.21,-1.6,0.6,100,0
"2025-11-21 02:09:00",112743,"",7999,2025,11,21,2,3,5,0.016,0.905,0.01,-344193.5,0.855,0.008,1.674,11.09,0,0.008,0.001,-0.014,-0.002,13.21,-1.6,0.6,100,0
"2025-11-21 02:12:00",112744,"",7999,2025,11,21,2,3,5,0.016,0.905,0.01,-344193.5,0.855,0.008,1.674,11.09,0,0.008,0.001,-0.014,-0.002,13.21,-1.6,0.6,100,0
"2025-11-21 02:15:00",112745,"",7999,2025,11,21,2,9,5,0.0187,0.903,0.011,-344187.1,0.853,0.01,1.672,11.03,0,0.01,0.001,-0.019,0.014,13.21,-1.6,0.6,100,0
"2025-11-21 02:18:00",112746,"",7999,2025,11,21,2,9,5,0.0187,0.903,0.011,-344187.1,0.853,0.01,1.672,11.03,0,0.01,0.001,-0.019,0.014,13.21,-1.6,0.6,100,0
"2025-11-21 02:21:00",112747,"",7999,2025,11,21,2,15,5,0.0408,0.908,0.024,-344175,0.858,0.023,1.68,11.04,0,0.023,-0.002,0,0.019,13.21,-1.6,0.6,100,0
"2025-11-21 02:24:00",112748,"",7999,2025,11,21,2,15,5,0.0408,0.908,0.024,-344175,0.858,0.023,1.68,11.04,0,0.023,-0.002,0,0.019,13.21,-1.6,0.6,100,0
"2025-11-21 02:27:00",112749,"",7999,2025,11,21,2,21,5,0.0037,0.907,0.002,-344169.3,0.857,0.001,1.679,11.02,0,0.001,-0.001,-0.002,-0.019,13.21,-1.6,0.6,100,0
"2025-11-21 02:30:00",112750,"",7999,2025,11,21,2,21,5,0.0037,0.907,0.002,-344169.3,0.857,0.001,1.679,11.02,0,0.001,-0.001,-0.002,-0.019,13.21,-1.6,0.6,100,0
"2025-11-21 02:33:00",112751,"",7999,2025,11,21,2,27,5,-0.0106,0.904,-0.006,-344171.3,0.854,-0.005,1.673,10.96,0,-0.005,0.001,-0.012,-0.024,13.21,-1.6,0.6,100,0
"2025-11-21 02:36:00",112752,"",7999,2025,11,21,2,27,5,-0.0106,0.904,-0.006,-344171.3,0.854,-0.005,1.673,10.96,0,-0.005,0.001,-0.012,-0.024,13.21,-1.6,0.6,100,0
"2025-11-21 02:39:00",112753,"",7999,2025,11,21,2,33,5,-0.0119,0.905,-0.007,-344175.5,0.855,-0.006,1.674,10.96,0,-0.006,0.003,-0.028,-0.019,13.21,-1.6,0.6,100,0
"2025-11-21 02:42:00",112754,"",7999,2025,11,21,2,33,5,-0.0119,0.905,-0.007,-344175.5,0.855,-0.006,1.674,10.96,0,-0.006,0.003,-0.028,-0.019,13.21,-1.6,0.6,100,0
"2025-11-21 02:45:00",112755,"",7999,2025,11,21,2,39,5,-0.0448,0.906,-0.027,-344187.7,0.856,-0.025,1.677,10.98,0,-0.025,0.002,-0.023,-0.04,13.21,-1.6,0.6,100,0
"2025-11-21 02:48:00",112756,"",7999,2025,11,21,2,39,5,-0.0448,0.906,-0.027,-344187.7,0.856,-0.025,1.677,10.98,0,-0.025,0.002,-0.023,-0.04,13.21,-1.6,0.6,100,0
"2025-11-21 02:51:00",112757,"",7999,2025,11,21,2,45,5,-0.0188,0.91,-0.011,-344197.6,0.86,-0.01,1.684,10.91,0,-0.01,0,-0.028,-0.031,13.21,-1.6,0.6,100,0
"2025-11-21 02:54:00",112758,"",7999,2025,11,21,2,45,5,-0.0188,0.91,-0.011,-344197.6,0.86,-0.01,1.684,10.91,0,-0.01,0,-0.028,-0.031,13.21,-1.6,0.6,100,0
"2025-11-21 02:57:00",112759,"",7999,2025,11,21,2,51,5,-0.0385,0.912,-0.023,-344209.1,0.862,-0.023,1.688,10.91,0,-0.023,-0.002,-0.012,-0.047,13.21,-1.6,0.6,100,0
"2025-11-21 03:00:00",112760,"",7999,2025,11,21,2,51,5,-0.0385,0.912,-0.023,-344209.1,0.862,-0.023,1.688,10.91,0,-0.023,-0.002,-0.012,-0.047,13.21,-1.6,0.6,100,0
"2025-11-21 03:03:00",112761,"",7999,2025,11,21,2,57,5,0.0057,0.917,0.003,-344212.4,0.867,0.002,1.696,10.91,0,0.002,-0.001,-0.007,-0.002,13.21,-1.6,0.6,100,0
"2025-11-21 03:06:00",112762,"",7999,2025,11,21,2,57,5,0.0057,0.917,0.003,-344212.4,0.867,0.002,1.696,10.91,0,0.002,-0.001,-0.007,-0.002,13.21,-1.6,0.6,100,0
"2025-11-21 03:09:00",112763,"",7999,2025,11,21,3,3,5,0.0284,0.924,0.017,-344204.8,0.874,0.016,1.711,10.92,0,0.016,-0.003,0,-0.009,13.21,-1.6,0.6,100,0
"2025-11-21 03:12:00",112764,"",7999,2025,11,21,3,3,5,0.0284,0.924,0.017,-344204.8,0.874,0.016,1.711,10.92,0,0.016,-0.003,0,-0.009,13.21,-1.6,0.6,100,0
"2025-11-21 03:15:00",112765,"",7999,2025,11,21,3,9,5,0.0175,0.931,0.01,-344197.3,0.881,0.01,1.722,10.89,0,0.01,0,-0.014,-0.019,13.21,-1.6,0.6,100,0
"2025-11-21 03:18:00",112766,"",7999,2025,11,21,3,9,5,0.0175,0.931,0.01,-344197.3,0.881,0.01,1.722,10.89,0,0.01,0,-0.014,-0.019,13.21,-1.6,0.6,100,0
"2025-11-21 03:21:00",112767,"",7999,2025,11,21,3,15,5,0.0232,0.94,0.013,-344189.6,0.89,0.012,1.739,10.87,0,0.012,0,0.026,-0.002,13.21,-1.6,0.6,100,0
"2025-11-21 03:24:00",112768,"",7999,2025,11,21,3,15,5,0.0232,0.94,0.013,-344189.6,0.89,0.012,1.739,10.87,0,0.012,0,0.026,-0.002,13.21,-1.6,0.6,100,0
"2025-11-21 03:27:00",112769,"",7999,2025,11,21,3,21,5,0.0365,0.946,0.021,-344178,0.896,0.021,1.751,10.8,0,0.021,-0.002,0.021,0.021,13.21,-1.6,0.6,100,0
"2025-11-21 03:30:00",112770,"",7999,2025,11,21,3,21,5,0.0365,0.946,0.021,-344178,0.896,0.021,1.751,10.8,0,0.021,-0.002,0.021,0.021,13.21,-1.6,0.6,100,0
"2025-11-21 03:33:00",112771,"",7999,2025,11,21,3,27,5,0.0355,0.949,0.02,-344165.1,0.899,0.021,1.757,10.86,0,0.021,-0.001,0.016,0.002,13.21,-1.6,0.6,100,0
"2025-11-21 03:36:00",112772,"",7999,2025,11,21,3,27,5,0.0355,0.949,0.02,-344165.1,0.899,0.021,1.757,10.86,0,0.021,-0.001,0.016,0.002,13.21,-1.6,0.6,100,0
"2025-11-21 03:39:00",112773,"",7999,2025,11,21,3,33,5,0.0686,0.955,0.039,-344144.3,0.905,0.039,1.768,10.92,0,0.039,-0.001,0.023,0.014,13.21,-1.6,0.6,100,0
"2025-11-21 03:42:00",112774,"",7999,2025,11,21,3,33,5,0.0686,0.955,0.039,-344144.3,0.905,0.039,1.768,10.92,0,0.039,-0.001,0.023,0.014,13.21,-1.6,0.6,100,0
"2025-11-21 03:45:00",112775,"",7999,2025,11,21,3,39,5,0.0207,0.949,0.012,-344131.1,0.899,0.011,1.756,10.85,0,0.011,-0.001,-0.005,-0.007,13.21,-1.6,0.6,100,0
"2025-11-21 03:48:00",112776,"",7999,2025,11,21,3,39,5,0.0207,0.949,0.012,-344131.1,0.899,0.011,1.756,10.85,0,0.011,-0.001,-0.005,-0.007,13.21,-1.6,0.6,100,0
"2025-11-21 03:51:00",112777,"",7999,2025,11,21,3,45,5,0.0527,0.956,0.03,-344115.9,0.906,0.029,1.768,10.81,0,0.029,0,0.019,0.024,13.21,-1.6,0.6,100,0
"2025-11-21 03:54:00",112778,"",7999,2025,11,21,3,45,5,0.0527,0.956,0.03,-344115.9,0.906,0.029,1.768,10.81,0,0.029,0,0.019,0.024,13.21,-1.6,0.6,100,0
"2025-11-21 03:57:00",112779,"",7999,2025,11,21,3,51,5,0.0341,0.958,0.019,-344101.4,0.908,0.018,1.772,10.8,0,0.018,-0.002,0.007,0.005,13.21,-1.6,0.6,100,0
"2025-11-21 04:00:00",112780,"",7999,2025,11,21,3,51,5,0.0341,0.958,0.019,-344101.4,0.908,0.018,1.772,10.8,0,0.018,-0.002,0.007,0.005,13.21,-1.6,0.6,100,0
"2025-11-21 04:03:00",112781,"",7999,2025,11,21,3,57,5,0.0536,0.96,0.03,-344084.5,0.91,0.03,1.776,10.76,0,0.03,-0.001,0,0.017,13.21,-1.6,0.6,100,0
"2025-11-21 04:06:00",112782,"",7999,2025,11,21,3,57,5,0.0536,0.96,0.03,-344084.5,0.91,0.03,1.776,10.76,0,0.03,-0.001,0,0.017,13.21,-1.6,0.6,100,0
"2025-11-21 04:09:00",112783,"",7999,2025,11,21,4,3,5,0.0548,0.964,0.031,-344064.9,0.914,0.03,1.783,10.78,0,0.03,-0.001,0.023,0.024,13.21,-1.6,0.6,100,0
"2025-11-21 04:12:00",112784,"",7999,2025,11,21,4,3,5,0.0548,0.964,0.031,-344064.9,0.914,0.03,1.783,10.78,0,0.03,-0.001,0.023,0.024,13.21,-1.6,0.6,100,0
"2025-11-21 04:15:00",112785,"",7999,2025,11,21,4,9,5,-0.0617,0.958,-0.035,-344073.1,0.908,-0.034,1.774,10.74,0,-0.034,0,-0.016,-0.038,13.21,-1.6,0.6,100,0
"2025-11-21 04:18:00",112786,"",7999,2025,11,21,4,9,5,-0.0617,0.958,-0.035,-344073.1,0.908,-0.034,1.774,10.74,0,-0.034,0,-0.016,-0.038,13.21,-1.6,0.6,100,0
"2025-11-21 04:21:00",112787,"",7999,2025,11,21,4,15,5,-0.0173,0.95,-0.01,-344084.7,0.9,-0.008,1.758,10.68,0,-0.008,-0.001,-0.002,-0.026,13.21,-1.6,0.6,100,0
"2025-11-21 04:24:00",112788,"",7999,2025,11,21,4,15,5,-0.0173,0.95,-0.01,-344084.7,0.9,-0.008,1.758,10.68,0,-0.008,-0.001,-0.002,-0.026,13.21,-1.6,0.6,100,0
"2025-11-21 04:27:00",112789,"",7999,2025,11,21,4,21,5,-0.0095,0.949,-0.005,-344089,0.899,-0.005,1.756,10.71,0,-0.005,0,0,-0.028,13.21,-1.6,0.6,100,0
"2025-11-21 04:30:00",112790,"",7999,2025,11,21,4,21,5,-0.0095,0.949,-0.005,-344089,0.899,-0.005,1.756,10.71,0,-0.005,0,0,-0.028,13.21,-1.6,0.6,100,0
"2025-11-21 04:33:00",112791,"",7999,2025,11,21,4,27,5,-0.0568,0.942,-0.033,-344103.8,0.892,-0.031,1.742,10.75,0,-0.031,-0.001,-0.012,-0.052,13.21,-1.6,0.6,100,0
"2025-11-21 04:36:00",112792,"",7999,2025,11,21,4,27,5,-0.0568,0.942,-0.033,-344103.8,0.892,-0.031,1.742,10.75,0,-0.031,-0.001,-0.012,-0.052,13.21,-1.6,0.6,100,0
"2025-11-21 04:39:00",112793,"",7999,2025,11,21,4,33,5,0.0236,0.941,0.014,-344105,0.891,0.013,1.742,10.74,0,0.013,-0.001,0.019,0.012,13.21,-1.6,0.6,100,0
"2025-11-21 04:42:00",112794,"",7999,2025,11,21,4,33,5,0.0236,0.941,0.014,-344105,0.891,0.013,1.742,10.74,0,0.013,-0.001,0.019,0.012,13.21,-1.6,0.6,100,0
"2025-11-21 04:45:00",112795,"",7999,2025,11,21,4,39,5,-0.0754,0.943,-0.043,-344120.2,0.893,-0.044,1.745,10.78,0,-0.044,-0.004,-0.044,-0.078,13.21,-1.6,0.6,100,0
"2025-11-21 04:48:00",112796,"",7999,2025,11,21,4,39,5,-0.0754,0.943,-0.043,-344120.2,0.893,-0.044,1.745,10.78,0,-0.044,-0.004,-0.044,-0.078,13.21,-1.6,0.6,100,0
"2025-11-21 04:51:00",112797,"",7999,2025,11,21,4,45,5,-0.0113,0.938,-0.007,-344132,0.888,-0.006,1.736,10.67,0,-0.006,-0.003,-0.005,-0.024,13.21,-1.6,0.6,100,0
"2025-11-21 04:54:00",112798,"",7999,2025,11,21,4,45,5,-0.0113,0.938,-0.007,-344132,0.888,-0.006,1.736,10.67,0,-0.006,-0.003,-0.005,-0.024,13.21,-1.6,0.6,100,0
"2025-11-21 04:57:00",112799,"",7999,2025,11,21,4,51,5,-0.0087,0.942,-0.005,-344135.5,0.892,-0.005,1.743,10.7,0,-0.005,-0.005,0.005,-0.012,13.21,-1.6,0.6,100,0
"2025-11-21 05:00:00",112800,"",7999,2025,11,21,4,51,5,-0.0087,0.942,-0.005,-344135.5,0.892,-0.005,1.743,10.7,0,-0.005,-0.005,0.005,-0.012,13.21,-1.6,0.6,100,0
"2025-11-21 05:03:00",112801,"",7999,2025,11,21,4,57,5,-0.0656,0.939,-0.038,-344152.3,0.889,-0.038,1.738,10.71,0,-0.038,-0.001,-0.023,-0.062,13.21,-1.6,0.6,100,0
"2025-11-21 05:06:00",112802,"",7999,2025,11,21,4,57,5,-0.0656,0.939,-0.038,-344152.3,0.889,-0.038,1.738,10.71,0,-0.038,-0.001,-0.023,-0.062,13.21,-1.6,0.6,100,0
"2025-11-21 05:09:00",112803,"",7999,2025,11,21,5,3,5,0.0114,0.943,0.007,-344157.4,0.893,0.006,1.744,10.71,0,0.006,-0.003,0.023,-0.036,13.21,-1.6,0.6,100,0
"2025-11-21 05:12:00",112804,"",7999,2025,11,21,5,3,5,0.0114,0.943,0.007,-344157.4,0.893,0.006,1.744,10.71,0,0.006,-0.003,0.023,-0.036,13.21,-1.6,0.6,100,0
"2025-11-21 05:15:00",112805,"",7999,2025,11,21,5,9,5,-0.0744,0.942,-0.043,-344173.9,0.892,-0.042,1.743,10.72,0,-0.042,-0.003,-0.026,-0.064,13.21,-1.6,0.6,100,0
"2025-11-21 05:18:00",112806,"",7999,2025,11,21,5,9,5,-0.0744,0.942,-0.043,-344173.9,0.892,-0.042,1.743,10.72,0,-0.042,-0.003,-0.026,-0.064,13.21,-1.6,0.6,100,0
"2025-11-21 05:21:00",112807,"",7999,2025,11,21,5,15,5,-0.044,0.934,-0.025,-344193.4,0.884,-0.024,1.728,10.6,0,-0.024,-0.004,-0.019,-0.033,13.21,-1.6,0.6,100,0
"2025-11-21 05:24:00",112808,"",7999,2025,11,21,5,15,5,-0.044,0.934,-0.025,-344193.4,0.884,-0.024,1.728,10.6,0,-0.024,-0.004,-0.019,-0.033,13.21,-1.6,0.6,100,0
"2025-11-21 05:27:00",112809,"",7999,2025,11,21,5,21,5,0.0378,0.938,0.022,-344189.6,0.888,0.021,1.735,10.63,0,0.021,-0.001,0.037,0.028,13.21,-1.6,0.6,100,0
"2025-11-21 05:30:00",112810,"",7999,2025,11,21,5,21,5,0.0378,0.938,0.022,-344189.6,0.888,0.021,1.735,10.63,0,0.021,-0.001,0.037,0.028,13.21,-1.6,0.6,100,0
"2025-11-21 05:33:00",112811,"",7999,2025,11,21,5,27,5,-0.0155,0.937,-0.009,-344188.8,0.887,-0.008,1.734,10.63,0,-0.008,0.001,0.002,-0.028,13.21,-1.6,0.6,100,0
"2025-11-21 05:36:00",112812,"",7999,2025,11,21,5,27,5,-0.0155,0.937,-0.009,-344188.8,0.887,-0.008,1.734,10.63,0,-0.008,0.001,0.002,-0.028,13.21,-1.6,0.6,100,0
"2025-11-21 05:39:00",112813,"",7999,2025,11,21,5,33,5,0.028,0.936,0.016,-344184,0.886,0.017,1.733,10.63,0,0.017,-0.003,0.019,0.017,13.21,-1.6,0.6,100,0
"2025-11-21 05:42:00",112814,"",7999,2025,11,21,5,33,5,0.028,0.936,0.016,-344184,0.886,0.017,1.733,10.63,0,0.017,-0.003,0.019,0.017,13.21,-1.6,0.6,100,0
"2025-11-21 05:45:00",112815,"",7999,2025,11,21,5,39,5,-0.0315,0.935,-0.018,-344188.2,0.885,-0.017,1.73,10.72,0,-0.017,0,0,-0.036,13.21,-1.6,0.6,100,0
"2025-11-21 05:48:00",112816,"",7999,2025,11,21,5,39,5,-0.0315,0.935,-0.018,-344188.2,0.885,-0.017,1.73,10.72,0,-0.017,0,0,-0.036,13.21,-1.6,0.6,100,0
"2025-11-21 05:51:00",112817,"",7999,2025,11,21,5,45,5,-0.0494,0.926,-0.029,-344203.8,0.876,-0.028,1.714,10.66,0,-0.028,-0.006,-0.012,-0.047,13.21,-1.6,0.6,100,0
"2025-11-21 05:54:00",112818,"",7999,2025,11,21,5,45,5,-0.0494,0.926,-0.029,-344203.8,0.876,-0.028,1.714,10.66,0,-0.028,-0.006,-0.012,-0.047,13.21,-1.6,0.6,100,0
"2025-11-21 05:57:00",112819,"",7999,2025,11,21,5,51,5,-0.0029,0.923,-0.002,-344210.5,0.873,-0.002,1.709,10.53,0,-0.002,0.001,-0.007,-0.009,13.21,-1.6,0.6,100,0
"2025-11-21 06:00:00",112820,"",7999,2025,11,21,5,51,5,-0.0029,0.923,-0.002,-344210.5,0.873,-0.002,1.709,10.53,0,-0.002,0.001,-0.007,-0.009,13.21,-1.6,0.6,100,0
"2025-11-21 06:03:00",112821,"",7999,2025,11,21,5,57,5,-0.0166,0.922,-0.01,-344214.8,0.872,-0.008,1.706,10.59,0,-0.008,0.001,-0.028,-0.021,13.21,-1.6,0.6,100,0
"2025-11-21 06:06:00",112822,"",7999,2025,11,21,5,57,5,-0.0166,0.922,-0.01,-344214.8,0.872,-0.008,1.706,10.59,0,-0.008,0.001,-0.028,-0.021,13.21,-1.6,0.6,100,0
"2025-11-21 06:09:00",112823,"",7999,2025,11,21,6,3,5,-0.0578,0.914,-0.034,-344230.7,0.864,-0.033,1.691,10.52,0,-0.033,-0.006,-0.023,-0.031,13.21,-1.6,0.6,100,0
"2025-11-21 06:12:00",112824,"",7999,2025,11,21,6,3,5,-0.0578,0.914,-0.034,-344230.7,0.864,-0.033,1.691,10.52,0,-0.033,-0.006,-0.023,-0.031,13.21,-1.6,0.6,100,0
"2025-11-21 06:15:00",112825,"",7999,2025,11,21,6,9,5,-0.0316,0.904,-0.019,-344245.3,0.854,-0.018,1.673,10.43,0,-0.018,0.002,-0.014,-0.043,13.21,-1.6,0.6,100,0
"2025-11-21 06:18:00",112826,"",7999,2025,11,21,6,9,5,-0.0316,0.904,-0.019,-344245.3,0.854,-0.018,1.673,10.43,0,-0.018,0.002,-0.014,-0.043,13.21,-1.6,0.6,100,0
"2025-11-21 06:21:00",112827,"",7999,2025,11,21,6,15,5,-0.0474,0.891,-0.029,-344260.4,0.841,-0.029,1.649,10.43,0,-0.029,0.005,-0.023,-0.062,13.21,-1.6,0.6,100,0
"2025-11-21 06:24:00",112828,"",7999,2025,11,21,6,15,5,-0.0474,0.891,-0.029,-344260.4,0.841,-0.029,1.649,10.43,0,-0.029,0.005,-0.023,-0.062,13.21,-1.6,0.6,100,0
"2025-11-21 06:27:00",112829,"",7999,2025,11,21,6,21,5,-0.0516,0.89,-0.031,-344278.5,0.84,-0.03,1.647,10.41,0,-0.03,0.003,-0.03,-0.064,13.21,-1.6,0.6,100,0
"2025-11-21 06:30:00",112830,"",7999,2025,11,21,6,21,5,-0.0516,0.89,-0.031,-344278.5,0.84,-0.03,1.647,10.41,0,-0.03,0.003,-0.03,-0.064,13.21,-1.6,0.6,100,0
"2025-11-21 06:33:00",112831,"",7999,2025,11,21,6,27,5,-0.0603,0.883,-0.037,-344299.2,0.833,-0.036,1.634,10.4,0,-0.036,0.002,-0.035,-0.057,13.21,-1.6,0.6,100,0
"2025-11-21 06:36:00",112832,"",7999,2025,11,21,6,27,5,-0.0603,0.883,-0.037,-344299.2,0.833,-0.036,1.634,10.4,0,-0.036,0.002,-0.035,-0.057,13.21,-1.6,0.6,100,0
"2025-11-21 06:39:00",112833,"",7999,2025,11,21,6,33,5,-0.0792,0.874,-0.049,-344325.4,0.824,-0.048,1.617,10.35,0,-0.048,0.006,-0.033,-0.081,13.21,-1.6,0.6,100,0
"2025-11-21 06:42:00",112834,"",7999,2025,11,21,6,33,5,-0.0792,0.874,-0.049,-344325.4,0.824,-0.048,1.617,10.35,0,-0.048,0.006,-0.033,-0.081,13.21,-1.6,0.6,100,0
"2025-11-21 06:45:00",112835,"",7999,2025,11,21,6,39,5,-0.0509,0.859,-0.032,-344347.2,0.809,-0.031,1.59,10.3,0,-0.031,0.002,-0.007,-0.057,13.21,-1.6,0.6,100,0
"2025-11-21 06:48:00",112836,"",7999,2025,11,21,6,39,5,-0.0509,0.859,-0.032,-344347.2,0.809,-0.031,1.59,10.3,0,-0.031,0.002,-0.007,-0.057,13.21,-1.6,0.6,100,0
"2025-11-21 06:51:00",112837,"",7999,2025,11,21,6,45,5,-0.0299,0.854,-0.019,-344360.5,0.804,-0.018,1.579,10.31,0,-0.018,0.003,-0.014,-0.026,13.21,-1.6,0.6,100,0
"2025-11-21 06:54:00",112838,"",7999,2025,11,21,6,45,5,-0.0299,0.854,-0.019,-344360.5,0.804,-0.018,1.579,10.31,0,-0.018,0.003,-0.014,-0.026,13.21,-1.6,0.6,100,0
"2025-11-21 06:57:00",112839,"",7999,2025,11,21,6,51,5,-0.0366,0.849,-0.023,-344372.9,0.799,-0.022,1.57,10.37,0,-0.022,-0.001,-0.007,-0.036,13.21,-1.6,0.6,100,0
"2025-11-21 07:00:00",112840,"",7999,2025,11,21,6,51,5,-0.0366,0.849,-0.023,-344372.9,0.799,-0.022,1.57,10.37,0,-0.022,-0.001,-0.007,-0.036,13.21,-1.6,0.6,100,0
"2025-11-21 07:03:00",112841,"",7999,2025,11,21,6,57,5,-0.0166,0.845,-0.011,-344381.3,0.795,-0.01,1.563,10.35,0,-0.01,0.002,-0.007,-0.019,13.21,-1.6,0.6,100,0
"2025-11-21 07:06:00",112842,"",7999,2025,11,21,6,57,5,-0.0166,0.845,-0.011,-344381.3,0.795,-0.01,1.563,10.35,0,-0.01,0.002,-0.007,-0.019,13.21,-1.6,0.6,100,0
"2025-11-21 07:09:00",112843,"",7999,2025,11,21,7,3,5,-0.0327,0.835,-0.021,-344391.1,0.785,-0.021,1.546,10.36,0,-0.021,0.003,-0.019,-0.028,13.21,-1.6,0.6,100,0
"2025-11-21 07:12:00",112844,"",7999,2025,11,21,7,3,5,-0.0327,0.835,-0.021,-344391.1,0.785,-0.021,1.546,10.36,0,-0.021,0.003,-0.019,-0.028,13.21,-1.6,0.6,100,0
"2025-11-21 07:15:00",112845,"",7999,2025,11,21,7,9,5,-0.0376,0.828,-0.025,-344404.1,0.778,-0.024,1.532,10.3,0,-0.024,0.003,-0.021,-0.021,13.21,-1.6,0.6,100,0
"2025-11-21 07:18:00",112846,"",7999,2025,11,21,7,9,5,-0.0376,0.828,-0.025,-344404.1,0.778,-0.024,1.532,10.3,0,-0.024,0.003,-0.021,-0.021,13.21,-1.6,0.6,100,0
"2025-11-21 07:21:00",112847,"",7999,2025,11,21,7,15,5,-0.0175,0.829,-0.011,-344412.8,0.779,-0.01,1.535,10.41,0,-0.01,0,0.005,-0.012,13.2,-1.6,0.6,100,0
"2025-11-21 07:24:00",112848,"",7999,2025,11,21,7,15,5,-0.0175,0.829,-0.011,-344412.8,0.779,-0.01,1.535,10.41,0,-0.01,0,0.005,-0.012,13.2,-1.6,0.6,100,0
"2025-11-21 07:27:00",112849,"",7999,2025,11,21,7,21,5,-0.0129,0.828,-0.008,-344418,0.778,-0.007,1.532,10.6,0,-0.007,0,0,-0.009,13.21,-1.6,0.6,100,0
"2025-11-21 07:30:00",112850,"",7999,2025,11,21,7,21,5,-0.0129,0.828,-0.008,-344418,0.778,-0.007,1.532,10.6,0,-0.007,0,0,-0.009,13.21,-1.6,0.6,100,0
"2025-11-21 07:33:00",112851,"",7999,2025,11,21,7,27,5,-0.022,0.824,-0.014,-344424.9,0.774,-0.013,1.524,10.66,0,-0.013,0.001,-0.002,-0.017,13.21,-1.6,0.6,100,0
"2025-11-21 07:36:00",112852,"",7999,2025,11,21,7,27,5,-0.022,0.824,-0.014,-344424.9,0.774,-0.013,1.524,10.66,0,-0.013,0.001,-0.002,-0.017,13.21,-1.6,0.6,100,0
"2025-11-21 07:39:00",112853,"",7999,2025,11,21,7,33,5,-0.0181,0.82,-0.012,-344431.9,0.77,-0.01,1.517,10.75,0,-0.01,0,0.019,-0.009,13.21,-1.6,0.6,100,0
"2025-11-21 07:42:00",112854,"",7999,2025,11,21,7,33,5,-0.0181,0.82,-0.012,-344431.9,0.77,-0.01,1.517,10.75,0,-0.01,0,0.019,-0.009,13.21,-1.6,0.6,100,0
"2025-11-21 07:45:00",112855,"",7999,2025,11,21,7,39,5,-0.0367,0.812,-0.024,-344442.9,0.762,-0.023,1.503,10.77,0,-0.023,0.003,0,-0.014,13.21,-1.6,0.6,100,0
"2025-11-21 07:48:00",112856,"",7999,2025,11,21,7,39,5,-0.0367,0.812,-0.024,-344442.9,0.762,-0.023,1.503,10.77,0,-0.023,0.003,0,-0.014,13.21,-1.6,0.6,100,0
"2025-11-21 07:51:00",112857,"",7999,2025,11,21,7,45,5,-0.0217,0.809,-0.015,-344452.5,0.759,-0.012,1.496,10.84,0,-0.012,0.001,0.012,-0.007,13.21,-1.6,0.6,100,0
"2025-11-21 07:54:00",112858,"",7999,2025,11,21,7,45,5,-0.0217,0.809,-0.015,-344452.5,0.759,-0.012,1.496,10.84,0,-0.012,0.001,0.012,-0.007,13.21,-1.6,0.6,100,0
"2025-11-21 07:57:00",112859,"",7999,2025,11,21,7,51,5,-0.0264,0.805,-0.018,-344461.4,0.755,-0.016,1.489,10.85,0,-0.016,0.001,0.002,-0.014,13.21,-1.6,0.6,100,0
"2025-11-21 08:00:00",112860,"",7999,2025,11,21,7,51,5,-0.0264,0.805,-0.018,-344461.4,0.755,-0.016,1.489,10.85,0,-0.016,0.001,0.002,-0.014,13.21,-1.6,0.6,100,0
"2025-11-21 08:03:00",112861,"",7999,2025,11,21,7,57,5,-0.0242,0.799,-0.016,-344470.4,0.749,-0.015,1.478,10.84,0,-0.015,0,-0.016,-0.019,13.21,-1.6,0.6,100,0
"2025-11-21 08:06:00",112862,"",7999,2025,11,21,7,57,5,-0.0242,0.799,-0.016,-344470.4,0.749,-0.015,1.478,10.84,0,-0.015,0,-0.016,-0.019,13.21,-1.6,0.6,100,0
"2025-11-21 08:09:00",112863,"",7999,2025,11,21,8,3,5,-0.0159,0.795,-0.011,-344477.2,0.745,-0.01,1.47,10.88,0,-0.01,0,-0.002,-0.014,13.21,-1.6,0.6,100,0
"2025-11-21 08:12:00",112864,"",7999,2025,11,21,8,3,5,-0.0159,0.795,-0.011,-344477.2,0.745,-0.01,1.47,10.88,0,-0.01,0,-0.002,-0.014,13.21,-1.6,0.6,100,0
"2025-11-21 08:15:00",112865,"",7999,2025,11,21,8,9,5,-0.0244,0.787,-0.017,-344484.9,0.737,-0.016,1.456,10.88,0,-0.016,0.002,0.005,-0.014,13.21,-1.6,0.6,100,0
"2025-11-21 08:18:00",112866,"",7999,2025,11,21,8,9,5,-0.0244,0.787,-0.017,-344484.9,0.737,-0.016,1.456,10.88,0,-0.016,0.002,0.005,-0.014,13.21,-1.6,0.6,100,0
"2025-11-21 08:21:00",112867,"",7999,2025,11,21,8,15,5,-0.0179,0.783,-0.012,-344492.2,0.733,-0.011,1.449,10.9,0,-0.011,0.001,0.002,-0.017,13.21,-1.6,0.6,100,0
"2025-11-21 08:24:00",112868,"",7999,2025,11,21,8,15,5,-0.0179,0.783,-0.012,-344492.2,0.733,-0.011,1.449,10.9,0,-0.011,0.001,0.002,-0.017,13.21,-1.6,0.6,100,0
"2025-11-21 08:27:00",112869,"",7999,2025,11,21,8,21,5,-0.039,0.775,-0.027,-344503.7,0.725,-0.025,1.435,10.89,0,-0.025,0.003,0.005,-0.019,13.2,-1.6,0.6,100,0
"2025-11-21 08:30:00",112870,"",7999,2025,11,21,8,21,5,-0.039,0.775,-0.027,-344503.7,0.725,-0.025,1.435,10.89,0,-0.025,0.003,0.005,-0.019,13.2,-1.6,0.6,100,0
"2025-11-21 08:33:00",112871,"",7999,2025,11,21,8,27,5,-0.0352,0.766,-0.025,-344516.9,0.716,-0.024,1.417,10.9,0,-0.024,0.002,0,-0.017,13.2,-1.7,0.6,100,0
"2025-11-21 08:36:00",112872,"",7999,2025,11,21,8,27,5,-0.0352,0.766,-0.025,-344516.9,0.716,-0.024,1.417,10.9,0,-0.024,0.002,0,-0.017,13.2,-1.7,0.6,100,0
"2025-11-21 08:39:00",112873,"",7999,2025,11,21,8,33,5,-0.0246,0.76,-0.018,-344527,0.71,-0.017,1.406,10.94,0,-0.017,0,0.002,-0.017,13.2,-1.7,0.6,100,0
"2025-11-21 08:42:00",112874,"",7999,2025,11,21,8,33,5,-0.0246,0.76,-0.018,-344527,0.71,-0.017,1.406,10.94,0,-0.017,0,0.002,-0.017,13.2,-1.7,0.6,100,0
"2025-11-21 08:45:00",112875,"",7999,2025,11,21,8,39,5,-0.0241,0.754,-0.017,-344535.8,0.704,-0.016,1.396,10.96,0,-0.016,0.001,0.002,-0.007,13.2,-1.7,0.6,100,0
"2025-11-21 08:48:00",112876,"",7999,2025,11,21,8,39,5,-0.0241,0.754,-0.017,-344535.8,0.704,-0.016,1.396,10.96,0,-0.016,0.001,0.002,-0.007,13.2,-1.7,0.6,100,0
"2025-11-21 08:51:00",112877,"",7999,2025,11,21,8,45,5,-0.009,0.751,-0.007,-344540.8,0.701,-0.005,1.39,11.01,0,-0.005,-0.001,0.014,-0.007,13.2,-1.7,0.6,100,0
"2025-11-21 08:54:00",112878,"",7999,2025,11,21,8,45,5,-0.009,0.751,-0.007,-344540.8,0.701,-0.005,1.39,11.01,0,-0.005,-0.001,0.014,-0.007,13.2,-1.7,0.6,100,0
"2025-11-21 08:57:00",112879,"",7999,2025,11,21,8,51,5,-0.012,0.748,-0.009,-344544.8,0.698,-0.007,1.385,11.02,0,-0.007,-0.001,-0.002,-0.024,13.2,-1.7,0.6,100,0
"2025-11-21 09:00:00",112880,"",7999,2025,11,21,8,51,5,-0.012,0.748,-0.009,-344544.8,0.698,-0.007,1.385,11.02,0,-0.007,-0.001,-0.002,-0.024,13.2,-1.7,0.6,100,0
"2025-11-21 09:03:00",112881,"",7999,2025,11,21,8,57,5,-0.0237,0.743,-0.017,-344552,0.693,-0.016,1.376,11.02,0,-0.016,0.002,-0.005,0,13.2,-1.7,0.6,100,0
"2025-11-21 09:06:00",112882,"",7999,2025,11,21,8,57,5,-0.0237,0.743,-0.017,-344552,0.693,-0.016,1.376,11.02,0,-0.016,0.002,-0.005,0,13.2,-1.7,0.6,100,0
"2025-11-21 09:09:00",112883,"",7999,2025,11,21,9,3,5,-0.0108,0.738,-0.008,-344557.4,0.688,-0.005,1.366,11.05,0,-0.005,0,0,0,13.2,-1.7,0.6,100,0
"2025-11-21 09:12:00",112884,"",7999,2025,11,21,9,3,5,-0.0108,0.738,-0.008,-344557.4,0.688,-0.005,1.366,11.05,0,-0.005,0,0,0,13.2,-1.7,0.6,100,0
"2025-11-21 09:15:00",112885,"",7999,2025,11,21,9,9,5,-0.0166,0.734,-0.012,-344562.7,0.684,-0.011,1.358,11.05,0,-0.011,0,0.016,-0.009,13.2,-1.7,0.6,100,0
"2025-11-21 09:18:00",112886,"",7999,2025,11,21,9,9,5,-0.0166,0.734,-0.012,-344562.7,0.684,-0.011,1.358,11.05,0,-0.011,0,0.016,-0.009,13.2,-1.7,0.6,100,0
"2025-11-21 09:21:00",112887,"",7999,2025,11,21,9,15,5,-0.013,0.731,-0.01,-344567.8,0.681,-0.008,1.352,11.1,0,-0.008,-0.001,0,-0.009,13.2,-1.7,0.6,100,0
"2025-11-21 09:24:00",112888,"",7999,2025,11,21,9,15,5,-0.013,0.731,-0.01,-344567.8,0.681,-0.008,1.352,11.1,0,-0.008,-0.001,0,-0.009,13.2,-1.7,0.6,100,0
"2025-11-21 09:27:00",112889,"",7999,2025,11,21,9,21,5,-0.0216,0.726,-0.016,-344574.6,0.676,-0.015,1.344,11.1,0,-0.015,0.001,-0.005,0.005,13.2,-1.8,0.6,100,0
"2025-11-21 09:30:00",112890,"",7999,2025,11,21,9,21,5,-0.0216,0.726,-0.016,-344574.6,0.676,-0.015,1.344,11.1,0,-0.015,0.001,-0.005,0.005,13.2,-1.8,0.6,100,0
"2025-11-21 09:33:00",112891,"",7999,2025,11,21,9,27,5,-0.0056,0.723,-0.004,-344578.5,0.673,-0.002,1.338,11.12,0,-0.002,0,0.002,-0.002,13.2,-1.7,0.6,100,0
"2025-11-21 09:36:00",112892,"",7999,2025,11,21,9,27,5,-0.0056,0.723,-0.004,-344578.5,0.673,-0.002,1.338,11.12,0,-0.002,0,0.002,-0.002,13.2,-1.7,0.6,100,0
"2025-11-21 09:39:00",112893,"",7999,2025,11,21,9,33,5,-0.0178,0.722,-0.013,-344583.5,0.672,-0.012,1.335,11.15,0,-0.012,-0.001,0,-0.002,13.2,-1.7,0.6,100,0
"2025-11-21 09:42:00",112894,"",7999,2025,11,21,9,33,5,-0.0178,0.722,-0.013,-344583.5,0.672,-0.012,1.335,11.15,0,-0.012,-0.001,0,-0.002,13.2,-1.7,0.6,100,0
"2025-11-21 09:45:00",112895,"",7999,2025,11,21,9,39,5,-0.0167,0.718,-0.013,-344589.7,0.668,-0.011,1.329,11.19,0,-0.011,0.001,-0.014,-0.009,13.2,-1.8,0.6,100,0
"2025-11-21 09:48:00",112896,"",7999,2025,11,21,9,39,5,-0.0167,0.718,-0.013,-344589.7,0.668,-0.011,1.329,11.19,0,-0.011,0.001,-0.014,-0.009,13.2,-1.8,0.6,100,0
"2025-11-21 09:51:00",112897,"",7999,2025,11,21,9,45,5,-0.0103,0.716,-0.008,-344594.2,0.666,-0.007,1.325,11.14,0,-0.007,0,0.014,-0.017,13.2,-1.8,0.6,100,0
"2025-11-21 09:54:00",112898,"",7999,2025,11,21,9,45,5,-0.0103,0.716,-0.008,-344594.2,0.666,-0.007,1.325,11.14,0,-0.007,0,0.014,-0.017,13.2,-1.8,0.6,100,0
"2025-11-21 09:57:00",112899,"",7999,2025,11,21,9,51,5,-0.0209,0.71,-0.016,-344600.4,0.66,-0.016,1.315,11.19,0,-0.016,0.001,-0.012,-0.028,13.2,-1.8,0.6,100,0
"2025-11-21 10:00:00",112900,"",7999,2025,11,21,9,51,5,-0.0209,0.71,-0.016,-344600.4,0.66,-0.016,1.315,11.19,0,-0.016,0.001,-0.012,-0.028,13.2,-1.8,0.6,100,0
"2025-11-21 10:03:00",112901,"",7999,2025,11,21,9,57,5,-0.0141,0.707,-0.011,-344606.3,0.657,-0.008,1.308,11.19,0,-0.008,0.001,0.002,-0.012,13.2,-1.7,0.6,100,0
"2025-11-21 10:06:00",112902,"",7999,2025,11,21,9,57,5,-0.0141,0.707,-0.011,-344606.3,0.657,-0.008,1.308,11.19,0,-0.008,0.001,0.002,-0.012,13.2,-1.7,0.6,100,0
"2025-11-21 10:09:00",112903,"",7999,2025,11,21,10,3,5,-0.0051,0.708,-0.004,-344609.2,0.658,-0.001,1.311,11.23,0,-0.001,-0.001,0.012,-0.002,13.2,-1.7,0.6,100,0
"2025-11-21 10:12:00",112904,"",7999,2025,11,21,10,3,5,-0.0051,0.708,-0.004,-344609.2,0.658,-0.001,1.311,11.23,0,-0.001,-0.001,0.012,-0.002,13.2,-1.7,0.6,100,0
"2025-11-21 10:15:00",112905,"",7999,2025,11,21,10,9,5,-0.0039,0.706,-0.003,-344610.8,0.656,-0.002,1.307,11.22,0,-0.002,-0.001,-0.007,-0.012,13.2,-1.7,0.6,100,0
"2025-11-21 10:18:00",112906,"",7999,2025,11,21,10,9,5,-0.0039,0.706,-0.003,-344610.8,0.656,-0.002,1.307,11.22,0,-0.002,-0.001,-0.007,-0.012,13.2,-1.7,0.6,100,0
"2025-11-21 10:21:00",112907,"",7999,2025,11,21,10,15,5,-0.0046,0.704,-0.004,-344612.4,0.654,-0.001,1.303,11.22,0,-0.001,-0.001,-0.016,0,13.2,-1.7,0.6,100,0
"2025-11-21 10:24:00",112908,"",7999,2025,11,21,10,15,5,-0.0046,0.704,-0.004,-344612.4,0.654,-0.001,1.303,11.22,0,-0.001,-0.001,-0.016,0,13.2,-1.7,0.6,100,0
"2025-11-21 10:27:00",112909,"",7999,2025,11,21,10,21,5,-0.0095,0.7,-0.007,-344615.3,0.65,-0.006,1.295,11.26,0,-0.006,-0.001,0,-0.012,13.2,-1.7,0.6,100,0
"2025-11-21 10:30:00",112910,"",7999,2025,11,21,10,21,5,-0.0095,0.7,-0.007,-344615.3,0.65,-0.006,1.295,11.26,0,-0.006,-0.001,0,-0.012,13.2,-1.7,0.6,100,0
"2025-11-21 10:33:00",112911,"",7999,2025,11,21,10,27,5,-0.0087,0.693,-0.007,-344618.5,0.643,-0.005,1.282,11.29,0,-0.005,0,0,-0.002,13.2,-1.7,0.6,100,0
"2025-11-21 10:36:00",112912,"",7999,2025,11,21,10,27,5,-0.0087,0.693,-0.007,-344618.5,0.643,-0.005,1.282,11.29,0,-0.005,0,0,-0.002,13.2,-1.7,0.6,100,0
"2025-11-21 10:39:00",112913,"",7999,2025,11,21,10,33,5,-0.0066,0.694,-0.005,-344621.1,0.644,-0.004,1.285,11.3,0,-0.004,0.001,-0.002,-0.017,13.2,-1.7,0.6,100,0
"2025-11-21 10:42:00",112914,"",7999,2025,11,21,10,33,5,-0.0066,0.694,-0.005,-344621.1,0.644,-0.004,1.285,11.3,0,-0.004,0.001,-0.002,-0.017,13.2,-1.7,0.6,100,0
"2025-11-21 10:45:00",112915,"",7999,2025,11,21,10,39,5,-0.0124,0.695,-0.01,-344624.9,0.645,-0.008,1.287,11.33,0,-0.008,-0.002,-0.021,-0.005,13.2,-1.7,0.6,100,0
"2025-11-21 10:48:00",112916,"",7999,2025,11,21,10,39,5,-0.0124,0.695,-0.01,-344624.9,0.645,-0.008,1.287,11.33,0,-0.008,-0.002,-0.021,-0.005,13.2,-1.7,0.6,100,0
"2025-11-21 10:51:00",112917,"",7999,2025,11,21,10,45,5,-0.0054,0.696,-0.004,-344627.7,0.646,-0.002,1.289,11.35,0,-0.002,0,0.005,-0.005,13.2,-1.7,0.6,100,0
"2025-11-21 10:54:00",112918,"",7999,2025,11,21,10,45,5,-0.0054,0.696,-0.004,-344627.7,0.646,-0.002,1.289,11.35,0,-0.002,0,0.005,-0.005,13.2,-1.7,0.6,100,0
"2025-11-21 10:57:00",112919,"",7999,2025,11,21,10,51,5,-0.006,0.695,-0.005,-344629.8,0.645,-0.004,1.286,11.36,0,-0.004,-0.001,0,-0.007,13.2,-1.7,0.6,100,0
"2025-11-21 11:00:00",112920,"",7999,2025,11,21,10,51,5,-0.006,0.695,-0.005,-344629.8,0.645,-0.004,1.286,11.36,0,-0.004,-0.001,0,-0.007,13.2,-1.7,0.6,100,0
"2025-11-21 11:03:00",112921,"",7999,2025,11,21,10,57,5,-0.001,0.696,-0.001,-344630.8,0.646,-0.001,1.289,11.41,0,-0.001,0.001,-0.014,0,13.2,-1.7,0.6,100,0
"2025-11-21 11:06:00",112922,"",7999,2025,11,21,10,57,5,-0.001,0.696,-0.001,-344630.8,0.646,-0.001,1.289,11.41,0,-0.001,0.001,-0.014,0,13.2,-1.7,0.6,100,0
"2025-11-21 11:09:00",112923,"",7999,2025,11,21,11,3,5,0.0059,0.701,0.005,-344629.5,0.651,0.004,1.296,11.43,0,0.004,0.001,-0.007,0.014,13.2,-1.7,0.6,100,0
"2025-11-21 11:12:00",112924,"",7999,2025,11,21,11,3,5,0.0059,0.701,0.005,-344629.5,0.651,0.004,1.296,11.43,0,0.004,0.001,-0.007,0.014,13.2,-1.7,0.6,100,0
"2025-11-21 11:15:00",112925,"",7999,2025,11,21,11,9,5,0.0086,0.703,0.007,-344626.7,0.653,0.006,1.301,11.44,0,0.006,0.002,-0.007,-0.002,13.2,-1.7,0.6,100,0
"2025-11-21 11:18:00",112926,"",7999,2025,11,21,11,9,5,0.0086,0.703,0.007,-344626.7,0.653,0.006,1.301,11.44,0,0.006,0.002,-0.007,-0.002,13.2,-1.7,0.6,100,0
"2025-11-21 11:21:00",112927,"",7999,2025,11,21,11,15,5,-0.0013,0.704,-0.001,-344626,0.654,0,1.303,11.44,0,0,0,0.016,-0.012,13.2,-1.7,0.6,100,0
"2025-11-21 11:24:00",112928,"",7999,2025,11,21,11,15,5,-0.0013,0.704,-0.001,-344626,0.654,0,1.303,11.44,0,0,0,0.016,-0.012,13.2,-1.7,0.6,100,0
"2025-11-21 11:27:00",112929,"",7999,2025,11,21,11,21,5,0.0029,0.709,0.002,-344625.5,0.659,0.001,1.312,11.43,0,0.001,-0.001,-0.005,-0.002,13.2,-1.7,0.6,100,0
"2025-11-21 11:30:00",112930,"",7999,2025,11,21,11,21,5,0.0029,0.709,0.002,-344625.5,0.659,0.001,1.312,11.43,0,0.001,-0.001,-0.005,-0.002,13.2,-1.7,0.6,100,0
"2025-11-21 11:33:00",112931,"",7999,2025,11,21,11,27,5,0.0061,0.717,0.005,-344623.6,0.667,0.004,1.326,11.46,0,0.004,0.001,-0.012,-0.005,13.2,-1.7,0.6,100,0
"2025-11-21 11:36:00",112932,"",7999,2025,11,21,11,27,5,0.0061,0.717,0.005,-344623.6,0.667,0.004,1.326,11.46,0,0.004,0.001,-0.012,-0.005,13.2,-1.7,0.6,100,0
"2025-11-21 11:39:00",112933,"",7999,2025,11,21,11,33,5,0.01,0.725,0.007,-344620.5,0.675,0.006,1.342,11.47,0,0.006,0.001,0.005,-0.005,13.2,-1.7,0.6,100,0
"2025-11-21 11:42:00",112934,"",7999,2025,11,21,11,33,5,0.01,0.725,0.007,-344620.5,0.675,0.006,1.342,11.47,0,0.006,0.001,0.005,-0.005,13.2,-1.7,0.6,100,0
"2025-11-21 11:45:00",112935,"",7999,2025,11,21,11,39,5,0.0147,0.733,0.011,-344615.8,0.683,0.01,1.357,11.47,0,0.01,0.001,0.007,0.005,13.21,-1.7,0.6,100,0
"2025-11-21 11:48:00",112936,"",7999,2025,11,21,11,39,5,0.0147,0.733,0.011,-344615.8,0.683,0.01,1.357,11.47,0,0.01,0.001,0.007,0.005,13.21,-1.7,0.6,100,0
"2025-11-21 11:51:00",112937,"",7999,2025,11,21,11,45,5,0.0321,0.738,0.024,-344606.3,0.688,0.022,1.366,11.46,0,0.022,0,0,0.012,13.21,-1.7,0.6,100,0
"2025-11-21 11:54:00",112938,"",7999,2025,11,21,11,45,5,0.0321,0.738,0.024,-344606.3,0.688,0.022,1.366,11.46,0,0.022,0,0,0.012,13.21,-1.7,0.6,100,0
"2025-11-21 11:57:00",112939,"",7999,2025,11,21,11,51,5,0.0187,0.747,0.014,-344597.9,0.697,0.012,1.383,11.47,0,0.012,0,0.005,0.017,13.21,-1.7,0.6,100,0
"2025-11-21 12:00:00",112940,"",7999,2025,11,21,11,51,5,0.0187,0.747,0.014,-344597.9,0.697,0.012,1.383,11.47,0,0.012,0,0.005,0.017,13.21,-1.7,0.6,100,0
"2025-11-21 12:03:00",112941,"",7999,2025,11,21,11,57,5,0.0204,0.758,0.015,-344590.7,0.708,0.013,1.402,11.46,0,0.013,0,0,0.021,13.21,-1.7,0.6,100,0
"2025-11-21 12:06:00",112942,"",7999,2025,11,21,11,57,5,0.0204,0.758,0.015,-344590.7,0.708,0.013,1.402,11.46,0,0.013,0,0,0.021,13.21,-1.7,0.6,100,0
"2025-11-21 12:09:00",112943,"",7999,2025,11,21,12,3,5,0.0245,0.767,0.017,-344582.3,0.717,0.016,1.42,11.44,0,0.016,0,-0.005,0.005,13.21,-1.7,0.6,100,0
"2025-11-21 12:12:00",112944,"",7999,2025,11,21,12,3,5,0.0245,0.767,0.017,-344582.3,0.717,0.016,1.42,11.44,0,0.016,0,-0.005,0.005,13.21,-1.7,0.6,100,0
"2025-11-21 12:15:00",112945,"",7999,2025,11,21,12,9,5,0.0191,0.773,0.013,-344574.8,0.723,0.012,1.431,11.42,0,0.012,0.001,-0.002,0.002,13.21,-1.7,0.6,100,0
"2025-11-21 12:18:00",112946,"",7999,2025,11,21,12,9,5,0.0191,0.773,0.013,-344574.8,0.723,0.012,1.431,11.42,0,0.012,0.001,-0.002,0.002,13.21,-1.7,0.6,100,0
"2025-11-21 12:21:00",112947,"",7999,2025,11,21,12,15,5,0.009,0.778,0.006,-344570.3,0.728,0.005,1.439,11.42,0,0.005,0,-0.009,0.021,13.21,-1.7,0.6,100,0
"2025-11-21 12:24:00",112948,"",7999,2025,11,21,12,15,5,0.009,0.778,0.006,-344570.3,0.728,0.005,1.439,11.42,0,0.005,0,-0.009,0.021,13.21,-1.7,0.6,100,0
"2025-11-21 12:27:00",112949,"",7999,2025,11,21,12,21,5,0.0279,0.786,0.019,-344562.5,0.736,0.018,1.454,11.49,0,0.018,0,0,0.014,13.21,-1.7,0.6,100,0
"2025-11-21 12:30:00",112950,"",7999,2025,11,21,12,21,5,0.0279,0.786,0.019,-344562.5,0.736,0.018,1.454,11.49,0,0.018,0,0,0.014,13.21,-1.7,0.6,100,0
"2025-11-21 12:33:00",112951,"",7999,2025,11,21,12,27,5,0.0153,0.795,0.01,-344555.5,0.745,0.01,1.472,11.69,0,0.01,0,0.005,0.007,13.21,-1.7,0.6,100,0
"2025-11-21 12:36:00",112952,"",7999,2025,11,21,12,27,5,0.0153,0.795,0.01,-344555.5,0.745,0.01,1.472,11.69,0,0.01,0,0.005,0.007,13.21,-1.7,0.6,100,0
"2025-11-21 12:39:00",112953,"",7999,2025,11,21,12,33,5,0.022,0.802,0.015,-344548.3,0.752,0.013,1.484,11.75,0,0.013,0,-0.007,0.014,13.21,-1.7,0.6,100,0
"2025-11-21 12:42:00",112954,"",7999,2025,11,21,12,33,5,0.022,0.802,0.015,-344548.3,0.752,0.013,1.484,11.75,0,0.013,0,-0.007,0.014,13.21,-1.7,0.6,100,0
"2025-11-21 12:45:00",112955,"",7999,2025,11,21,12,39,5,0.0135,0.807,0.009,-344542.4,0.757,0.007,1.493,11.77,0,0.007,-0.001,0.005,-0.002,13.21,-1.7,0.6,100,0
"2025-11-21 12:48:00",112956,"",7999,2025,11,21,12,39,5,0.0135,0.807,0.009,-344542.4,0.757,0.007,1.493,11.77,0,0.007,-0.001,0.005,-0.002,13.21,-1.7,0.6,100,0
"2025-11-21 12:51:00",112957,"",7999,2025,11,21,12,45,5,0.0261,0.814,0.017,-344534.5,0.764,0.016,1.506,11.8,0,0.016,0,-0.002,0.014,13.21,-1.6,0.6,100,0
"2025-11-21 12:54:00",112958,"",7999,2025,11,21,12,45,5,0.0261,0.814,0.017,-344534.5,0.764,0.016,1.506,11.8,0,0.016,0,-0.002,0.014,13.21,-1.6,0.6,100,0
"2025-11-21 12:57:00",112959,"",7999,2025,11,21,12,51,5,0.0237,0.825,0.016,-344525.7,0.775,0.015,1.526,11.89,0,0.015,0,-0.002,0.002,13.21,-1.6,0.6,100,0
"2025-11-21 13:00:00",112960,"",7999,2025,11,21,12,51,5,0.0237,0.825,0.016,-344525.7,0.775,0.015,1.526,11.89,0,0.015,0,-0.002,0.002,13.21,-1.6,0.6,100,0
"2025-11-21 13:03:00",112961,"",7999,2025,11,21,12,57,5,0.0268,0.831,0.017,-344516.4,0.781,0.016,1.537,11.86,0,0.016,-0.001,-0.002,0.009,13.21,-1.6,0.6,100,0
"2025-11-21 13:06:00",112962,"",7999,2025,11,21,12,57,5,0.0268,0.831,0.017,-344516.4,0.781,0.016,1.537,11.86,0,0.016,-0.001,-0.002,0.009,13.21,-1.6,0.6,100,0
"2025-11-21 13:09:00",112963,"",7999,2025,11,21,13,3,5,0.0442,0.839,0.028,-344502.5,0.789,0.028,1.553,11.82,0,0.028,0,0.016,0.005,13.21,-1.6,0.6,100,0
"2025-11-21 13:12:00",112964,"",7999,2025,11,21,13,3,5,0.0442,0.839,0.028,-344502.5,0.789,0.028,1.553,11.82,0,0.028,0,0.016,0.005,13.21,-1.6,0.6,100,0
"2025-11-21 13:15:00",112965,"",7999,2025,11,21,13,9,5,0.0337,0.85,0.021,-344489.2,0.8,0.022,1.572,11.9,0,0.022,0,0.009,0.017,13.21,-1.6,0.6,100,0
"2025-11-21 13:18:00",112966,"",7999,2025,11,21,13,9,5,0.0337,0.85,0.021,-344489.2,0.8,0.022,1.572,11.9,0,0.022,0,0.009,0.017,13.21,-1.6,0.6,100,0
"2025-11-21 13:21:00",112967,"",7999,2025,11,21,13,15,5,0.0531,0.861,0.033,-344472.3,0.811,0.033,1.593,12.01,0,0.033,-0.002,0.03,0.014,13.21,-1.7,0.6,100,0
"2025-11-21 13:24:00",112968,"",7999,2025,11,21,13,15,5,0.0531,0.861,0.033,-344472.3,0.811,0.033,1.593,12.01,0,0.033,-0.002,0.03,0.014,13.21,-1.7,0.6,100,0
"2025-11-21 13:27:00",112969,"",7999,2025,11,21,13,21,5,0.0566,0.876,0.035,-344452.4,0.826,0.034,1.622,12.26,0,0.034,0,0.028,0.014,13.21,-1.6,0.6,100,0
"2025-11-21 13:30:00",112970,"",7999,2025,11,21,13,21,5,0.0566,0.876,0.035,-344452.4,0.826,0.034,1.622,12.26,0,0.034,0,0.028,0.014,13.21,-1.6,0.6,100,0
"2025-11-21 13:33:00",112971,"",7999,2025,11,21,13,27,5,0.0406,0.887,0.025,-344435.8,0.837,0.024,1.641,12.46,0,0.024,-0.001,0.005,0.019,13.21,-1.6,0.6,100,0
"2025-11-21 13:36:00",112972,"",7999,2025,11,21,13,27,5,0.0406,0.887,0.025,-344435.8,0.837,0.024,1.641,12.46,0,0.024,-0.001,0.005,0.019,13.21,-1.6,0.6,100,0
"2025-11-21 13:39:00",112973,"",7999,2025,11,21,13,33,5,0.0554,0.896,0.033,-344417.6,0.846,0.033,1.658,12.58,0,0.033,-0.002,0.037,0.019,13.21,-1.6,0.6,100,0
"2025-11-21 13:42:00",112974,"",7999,2025,11,21,13,33,5,0.0554,0.896,0.033,-344417.6,0.846,0.033,1.658,12.58,0,0.033,-0.002,0.037,0.019,13.21,-1.6,0.6,100,0
"2025-11-21 13:45:00",112975,"",7999,2025,11,21,13,39,5,0.0644,0.907,0.038,-344395.5,0.857,0.037,1.678,12.64,0,0.037,-0.003,0.042,0.024,13.21,-1.6,0.6,100,0
"2025-11-21 13:48:00",112976,"",7999,2025,11,21,13,39,5,0.0644,0.907,0.038,-344395.5,0.857,0.037,1.678,12.64,0,0.037,-0.003,0.042,0.024,13.21,-1.6,0.6,100,0
"2025-11-21 13:51:00",112977,"",7999,2025,11,21,13,45,5,0.0705,0.918,0.042,-344370.8,0.868,0.041,1.698,12.65,0,0.041,-0.002,0.037,0.026,13.21,-1.6,0.6,100,0
"2025-11-21 13:54:00",112978,"",7999,2025,11,21,13,45,5,0.0705,0.918,0.042,-344370.8,0.868,0.041,1.698,12.65,0,0.041,-0.002,0.037,0.026,13.21,-1.6,0.6,100,0
"2025-11-21 13:57:00",112979,"",7999,2025,11,21,13,51,5,0.0707,0.927,0.041,-344345.4,0.877,0.041,1.716,12.61,0,0.041,-0.002,0.021,0.012,13.21,-1.6,0.6,100,0
"2025-11-21 14:00:00",112980,"",7999,2025,11,21,13,51,5,0.0707,0.927,0.041,-344345.4,0.877,0.041,1.716,12.61,0,0.041,-0.002,0.021,0.012,13.21,-1.6,0.6,100,0
"2025-11-21 14:03:00",112981,"",7999,2025,11,21,13,57,5,0.0724,0.937,0.042,-344319.6,0.887,0.041,1.734,12.58,0,0.041,-0.001,0.035,0.012,13.21,-1.6,0.6,100,0
"2025-11-21 14:06:00",112982,"",7999,2025,11,21,13,57,5,0.0724,0.937,0.042,-344319.6,0.887,0.041,1.734,12.58,0,0.041,-0.001,0.035,0.012,13.21,-1.6,0.6,100,0
"2025-11-21 14:09:00",112983,"",7999,2025,11,21,14,3,5,0.0928,0.948,0.053,-344288.6,0.898,0.052,1.754,12.58,0,0.052,-0.002,0.053,0.014,13.21,-1.6,0.6,100,0
"2025-11-21 14:12:00",112984,"",7999,2025,11,21,14,3,5,0.0928,0.948,0.053,-344288.6,0.898,0.052,1.754,12.58,0,0.052,-0.002,0.053,0.014,13.21,-1.6,0.6,100,0
"2025-11-21 14:15:00",112985,"",7999,2025,11,21,14,9,5,0.0947,0.959,0.053,-344254.7,0.909,0.053,1.775,12.53,0,0.053,0,0.049,0.017,13.21,-1.6,0.6,100,0
"2025-11-21 14:18:00",112986,"",7999,2025,11,21,14,9,5,0.0947,0.959,0.053,-344254.7,0.909,0.053,1.775,12.53,0,0.053,0,0.049,0.017,13.21,-1.6,0.6,100,0
"2025-11-21 14:21:00",112987,"",7999,2025,11,21,14,15,5,0.0826,0.968,0.046,-344223.5,0.918,0.046,1.791,12.53,0,0.046,-0.001,0.035,0.024,13.21,-1.6,0.6,100,0
"2025-11-21 14:24:00",112988,"",7999,2025,11,21,14,15,5,0.0826,0.968,0.046,-344223.5,0.918,0.046,1.791,12.53,0,0.046,-0.001,0.035,0.024,13.21,-1.6,0.6,100,0
"2025-11-21 14:27:00",112989,"",7999,2025,11,21,14,21,5,0.0848,0.975,0.047,-344193.2,0.925,0.047,1.804,12.5,0,0.047,-0.003,0.042,0.007,13.21,-1.6,0.6,100,0
"2025-11-21 14:30:00",112990,"",7999,2025,11,21,14,21,5,0.0848,0.975,0.047,-344193.2,0.925,0.047,1.804,12.5,0,0.047,-0.003,0.042,0.007,13.21,-1.6,0.6,100,0
"2025-11-21 14:33:00",112991,"",7999,2025,11,21,14,27,5,0.0687,0.983,0.038,-344166.5,0.933,0.036,1.819,12.5,0,0.036,0.001,0.007,0.009,13.21,-1.6,0.6,100,0
"2025-11-21 14:36:00",112992,"",7999,2025,11,21,14,27,5,0.0687,0.983,0.038,-344166.5,0.933,0.036,1.819,12.5,0,0.036,0.001,0.007,0.009,13.21,-1.6,0.6,100,0
"2025-11-21 14:39:00",112993,"",7999,2025,11,21,14,33,5,0.0537,0.988,0.029,-344145.4,0.938,0.029,1.829,12.51,0,0.029,-0.001,0.007,0.005,13.21,-1.6,0.6,100,0
"2025-11-21 14:42:00",112994,"",7999,2025,11,21,14,33,5,0.0537,0.988,0.029,-344145.4,0.938,0.029,1.829,12.51,0,0.029,-0.001,0.007,0.005,13.21,-1.6,0.6,100,0
"2025-11-21 14:45:00",112995,"",7999,2025,11,21,14,39,5,0.0573,0.995,0.031,-344125.2,0.945,0.03,1.84,12.52,0,0.03,0.002,0.026,0.014,13.21,-1.6,0.6,100,0
"2025-11-21 14:48:00",112996,"",7999,2025,11,21,14,39,5,0.0573,0.995,0.031,-344125.2,0.945,0.03,1.84,12.52,0,0.03,0.002,0.026,0.014,13.21,-1.6,0.6,100,0
"2025-11-21 14:51:00",112997,"",7999,2025,11,21,14,45,5,0.0777,1.003,0.042,-344099.6,0.953,0.041,1.856,12.54,0,0.041,0.003,0.042,0.017,13.21,-1.6,0.6,100,0
"2025-11-21 14:54:00",112998,"",7999,2025,11,21,14,45,5,0.0777,1.003,0.042,-344099.6,0.953,0.041,1.856,12.54,0,0.041,0.003,0.042,0.017,13.21,-1.6,0.6,100,0
"2025-11-21 14:57:00",112999,"",7999,2025,11,21,14,51,5,0.107,1.01,0.057,-344064.6,0.96,0.057,1.869,12.55,0,0.057,-0.003,0.035,0.021,13.21,-1.6,0.6,100,0
"2025-11-21 15:00:00",113000,"",7999,2025,11,21,14,51,5,0.107,1.01,0.057,-344064.6,0.96,0.057,1.869,12.55,0,0.057,-0.003,0.035,0.021,13.21,-1.6,0.6,100,0
"2025-11-21 15:03:00",113001,"",7999,2025,11,21,14,57,5,0.1457,1.02,0.077,-344016.8,0.97,0.079,1.887,12.57,0,0.079,-0.008,0.067,0.028,13.21,-1.6,0.6,100,0
"2025-11-21 15:06:00",113002,"",7999,2025,11,21,14,57,5,0.1457,1.02,0.077,-344016.8,0.97,0.079,1.887,12.57,0,0.079,-0.008,0.067,0.028,13.21,-1.6,0.6,100,0
"2025-11-21 15:09:00",113003,"",7999,2025,11,21,15,3,5,0.1439,1.027,0.076,-343964.7,0.977,0.076,1.9,12.52,0,0.076,-0.002,0.046,0.031,13.21,-1.6,0.6,100,0
"2025-11-21 15:12:00",113004,"",7999,2025,11,21,15,3,5,0.1439,1.027,0.076,-343964.7,0.977,0.076,1.9,12.52,0,0.076,-0.002,0.046,0.031,13.21,-1.6,0.6,100,0
"2025-11-21 15:15:00",113005,"",7999,2025,11,21,15,9,5,0.163,1.033,0.085,-343908.3,0.983,0.086,1.912,12.46,0,0.086,0,0.077,0.028,13.21,-1.6,0.6,100,0
"2025-11-21 15:18:00",113006,"",7999,2025,11,21,15,9,5,0.163,1.033,0.085,-343908.3,0.983,0.086,1.912,12.46,0,0.086,0,0.077,0.028,13.21,-1.6,0.6,100,0
"2025-11-21 15:21:00",113007,"",7999,2025,11,21,15,15,5,0.1787,1.042,0.093,-343845.9,0.992,0.092,1.927,12.46,0,0.092,-0.003,0.074,0.059,13.21,-1.6,0.6,100,0
"2025-11-21 15:24:00",113008,"",7999,2025,11,21,15,15,5,0.1787,1.042,0.093,-343845.9,0.992,0.092,1.927,12.46,0,0.092,-0.003,0.074,0.059,13.21,-1.6,0.6,100,0
"2025-11-21 15:27:00",113009,"",7999,2025,11,21,15,21,5,0.1856,1.049,0.096,-343779.8,0.999,0.096,1.94,12.49,0,0.096,-0.006,0.077,0.059,13.21,-1.6,0.6,100,0
"2025-11-21 15:30:00",113010,"",7999,2025,11,21,15,21,5,0.1856,1.049,0.096,-343779.8,0.999,0.096,1.94,12.49,0,0.096,-0.006,0.077,0.059,13.21,-1.6,0.6,100,0
"2025-11-21 15:33:00",113011,"",7999,2025,11,21,15,27,5,0.2281,1.057,0.117,-343702.8,1.007,0.12,1.956,12.5,0,0.12,-0.01,0.093,0.081,13.21,-1.6,0.6,100,0
"2025-11-21 15:36:00",113012,"",7999,2025,11,21,15,27,5,0.2281,1.057,0.117,-343702.8,1.007,0.12,1.956,12.5,0,0.12,-0.01,0.093,0.081,13.21,-1.6,0.6,100,0
"2025-11-21 15:39:00",113013,"",7999,2025,11,21,15,33,5,0.205,1.064,0.104,-343626.3,1.014,0.112,1.969,12.47,0,0.112,-0.008,0.088,0.047,13.21,-1.6,0.6,100,0
"2025-11-21 15:42:00",113014,"",7999,2025,11,21,15,33,5,0.205,1.064,0.104,-343626.3,1.014,0.112,1.969,12.47,0,0.112,-0.008,0.088,0.047,13.21,-1.6,0.6,100,0
"2025-11-21 15:45:00",113015,"",7999,2025,11,21,15,39,5,0.2427,1.07,0.123,-343543.4,1.02,0.137,1.98,12.39,0,0.137,-0.006,0.1,0.047,13.21,-1.6,0.6,100,0
"2025-11-21 15:48:00",113016,"",7999,2025,11,21,15,39,5,0.2427,1.07,0.123,-343543.4,1.02,0.137,1.98,12.39,0,0.137,-0.006,0.1,0.047,13.21,-1.6,0.6,100,0
"2025-11-21 15:51:00",113017,"",7999,2025,11,21,15,45,5,0.2535,1.077,0.127,-343453.4,1.027,0.144,1.993,12.34,0,0.144,0.002,0.126,0.038,13.21,-1.6,0.6,100,0
"2025-11-21 15:54:00",113018,"",7999,2025,11,21,15,45,5,0.2535,1.077,0.127,-343453.4,1.027,0.144,1.993,12.34,0,0.144,0.002,0.126,0.038,13.21,-1.6,0.6,100,0
"2025-11-21 15:57:00",113019,"",7999,2025,11,21,15,51,5,0.2359,1.082,0.118,-343366.3,1.032,0.138,2.002,12.32,0,0.138,0.006,0.146,0.04,13.21,-1.6,0.6,100,0
"2025-11-21 16:00:00",113020,"",7999,2025,11,21,15,51,5,0.2359,1.082,0.118,-343366.3,1.032,0.138,2.002,12.32,0,0.138,0.006,0.146,0.04,13.21,-1.6,0.6,100,0
"2025-11-21 16:03:00",113021,"",7999,2025,11,21,15,57,5,0.2787,1.09,0.138,-343271.1,1.04,0.162,2.016,12.29,0,0.162,0.007,0.149,0.045,13.21,-1.6,0.6,100,0
"2025-11-21 16:06:00",113022,"",7999,2025,11,21,15,57,5,0.2787,1.09,0.138,-343271.1,1.04,0.162,2.016,12.29,0,0.162,0.007,0.149,0.045,13.21,-1.6,0.6,100,0
"2025-11-21 16:09:00",113023,"",7999,2025,11,21,16,3,5,0.2876,1.096,0.142,-343168.7,1.046,0.166,2.028,12.27,0,0.166,-0.009,0.137,0.047,13.21,-1.6,0.6,100,0
"2025-11-21 16:12:00",113024,"",7999,2025,11,21,16,3,5,0.2876,1.096,0.142,-343168.7,1.046,0.166,2.028,12.27,0,0.166,-0.009,0.137,0.047,13.21,-1.6,0.6,100,0
"2025-11-21 16:15:00",113025,"",7999,2025,11,21,16,9,5,0.3008,1.102,0.147,-343061.9,1.052,0.175,2.04,12.26,0,0.175,0.001,0.146,0.047,13.21,-1.6,0.6,100,0
"2025-11-21 16:18:00",113026,"",7999,2025,11,21,16,9,5,0.3008,1.102,0.147,-343061.9,1.052,0.175,2.04,12.26,0,0.175,0.001,0.146,0.047,13.21,-1.6,0.6,100,0
"2025-11-21 16:21:00",113027,"",7999,2025,11,21,16,15,5,0.2415,1.107,0.118,-342967.9,1.057,0.137,2.048,12.22,0,0.137,0.003,0.132,0.047,13.21,-1.6,0.6,100,0
"2025-11-21 16:24:00",113028,"",7999,2025,11,21,16,15,5,0.2415,1.107,0.118,-342967.9,1.057,0.137,2.048,12.22,0,0.137,0.003,0.132,0.047,13.21,-1.6,0.6,100,0
"2025-11-21 16:27:00",113029,"",7999,2025,11,21,16,21,5,0.2239,1.109,0.109,-342885.1,1.059,0.121,2.053,12.21,0,0.121,0.001,0.098,0.043,13.21,-1.6,0.6,100,0
"2025-11-21 16:30:00",113030,"",7999,2025,11,21,16,21,5,0.2239,1.109,0.109,-342885.1,1.059,0.121,2.053,12.21,0,0.121,0.001,0.098,0.043,13.21,-1.6,0.6,100,0
"2025-11-21 16:33:00",113031,"",7999,2025,11,21,16,27,5,0.2431,1.113,0.118,-342799.9,1.063,0.132,2.06,12.22,0,0.132,0.001,0.126,0.043,13.21,-1.6,0.6,100,0
"2025-11-21 16:36:00",113032,"",7999,2025,11,21,16,27,5,0.2431,1.113,0.118,-342799.9,1.063,0.132,2.06,12.22,0,0.132,0.001,0.126,0.043,13.21,-1.6,0.6,100,0
"2025-11-21 16:39:00",113033,"",7999,2025,11,21,16,33,5,0.2206,1.116,0.107,-342717.8,1.066,0.123,2.065,12.17,0,0.123,0.003,0.116,0.043,13.21,-1.6,0.6,100,0
"2025-11-21 16:42:00",113034,"",7999,2025,11,21,16,33,5,0.2206,1.116,0.107,-342717.8,1.066,0.123,2.065,12.17,0,0.123,0.003,0.116,0.043,13.21,-1.6,0.6,100,0
"2025-11-21 16:45:00",113035,"",7999,2025,11,21,16,39,5,0.2067,1.119,0.1,-342641.7,1.069,0.12,2.07,12.19,0,0.12,0.004,0.109,0.045,13.21,-1.6,0.6,100,0
"2025-11-21 16:48:00",113036,"",7999,2025,11,21,16,39,5,0.2067,1.119,0.1,-342641.7,1.069,0.12,2.07,12.19,0,0.12,0.004,0.109,0.045,13.21,-1.6,0.6,100,0
"2025-11-21 16:51:00",113037,"",7999,2025,11,21,16,45,5,0.1934,1.121,0.093,-342570.4,1.071,0.122,2.075,12.19,0,0.122,0.003,0.084,0.036,13.21,-1.6,0.6,100,0
"2025-11-21 16:54:00",113038,"",7999,2025,11,21,16,45,5,0.1934,1.121,0.093,-342570.4,1.071,0.122,2.075,12.19,0,0.122,0.003,0.084,0.036,13.21,-1.6,0.6,100,0
"2025-11-21 16:57:00",113039,"",7999,2025,11,21,16,51,5,0.171,1.124,0.082,-342506.2,1.074,0.114,2.079,12.2,0,0.114,0.005,0.1,0.024,13.21,-1.6,0.6,100,0
"2025-11-21 17:00:00",113040,"",7999,2025,11,21,16,51,5,0.171,1.124,0.082,-342506.2,1.074,0.114,2.079,12.2,0,0.114,0.005,0.1,0.024,13.21,-1.6,0.6,100,0
"2025-11-21 17:03:00",113041,"",7999,2025,11,21,16,57,5,0.1528,1.124,0.073,-342449,1.074,0.075,2.08,12.21,0,0.075,0.005,0.074,0.021,13.21,-1.6,0.6,100,0
"2025-11-21 17:06:00",113042,"",7999,2025,11,21,16,57,5,0.1528,1.124,0.073,-342449,1.074,0.075,2.08,12.21,0,0.075,0.005,0.074,0.021,13.21,-1.6,0.6,100,0
"2025-11-21 17:09:00",113043,"",7999,2025,11,21,17,3,5,0.158,1.124,0.076,-342392.7,1.074,0.077,2.079,12.14,0,0.077,0.004,0.053,0.024,13.21,-1.6,0.6,100,0
"2025-11-21 17:12:00",113044,"",7999,2025,11,21,17,3,5,0.158,1.124,0.076,-342392.7,1.074,0.077,2.079,12.14,0,0.077,0.004,0.053,0.024,13.21,-1.6,0.6,100,0
"2025-11-21 17:15:00",113045,"",7999,2025,11,21,17,9,5,0.1485,1.126,0.071,-342338.1,1.076,0.107,2.084,12.12,0,0.107,0.006,0.098,0.028,13.21,-1.6,0.6,100,0
"2025-11-21 17:18:00",113046,"",7999,2025,11,21,17,9,5,0.1485,1.126,0.071,-342338.1,1.076,0.107,2.084,12.12,0,0.107,0.006,0.098,0.028,13.21,-1.6,0.6,100,0
"2025-11-21 17:21:00",113047,"",7999,2025,11,21,17,15,5,0.1306,1.129,0.063,-342288.9,1.079,0.102,2.088,12.11,0,0.102,0.004,0.079,0.024,13.21,-1.5,0.6,100,0
"2025-11-21 17:24:00",113048,"",7999,2025,11,21,17,15,5,0.1306,1.129,0.063,-342288.9,1.079,0.102,2.088,12.11,0,0.102,0.004,0.079,0.024,13.21,-1.5,0.6,100,0
"2025-11-21 17:27:00",113049,"",7999,2025,11,21,17,21,5,0.0598,1.127,0.029,-342258.9,1.077,0.028,2.085,12.18,0,0.028,0.006,0.037,0.017,13.21,-1.6,0.6,100,0
"2025-11-21 17:30:00",113050,"",7999,2025,11,21,17,21,5,0.0598,1.127,0.029,-342258.9,1.077,0.028,2.085,12.18,0,0.028,0.006,0.037,0.017,13.21,-1.6,0.6,100,0
"2025-11-21 17:33:00",113051,"",7999,2025,11,21,17,27,5,0.0108,1.123,0.005,-342249.1,1.073,0.004,2.078,12.24,0,0.004,0.002,-0.014,-0.017,13.21,-1.6,0.6,100,0
"2025-11-21 17:36:00",113052,"",7999,2025,11,21,17,27,5,0.0108,1.123,0.005,-342249.1,1.073,0.004,2.078,12.24,0,0.004,0.002,-0.014,-0.017,13.21,-1.6,0.6,100,0
"2025-11-21 17:39:00",113053,"",7999,2025,11,21,17,33,5,-0.0095,1.12,-0.005,-342250.1,1.07,-0.004,2.073,12.29,0,-0.004,0.002,-0.046,-0.012,13.21,-1.6,0.6,100,0
"2025-11-21 17:42:00",113054,"",7999,2025,11,21,17,33,5,-0.0095,1.12,-0.005,-342250.1,1.07,-0.004,2.073,12.29,0,-0.004,0.002,-0.046,-0.012,13.21,-1.6,0.6,100,0
"2025-11-21 17:45:00",113055,"",7999,2025,11,21,17,39,5,0.018,1.119,0.009,-342246.9,1.069,0.007,2.07,12.29,0,0.007,0.001,-0.016,-0.007,13.21,-1.6,0.6,100,0
"2025-11-21 17:48:00",113056,"",7999,2025,11,21,17,39,5,0.018,1.119,0.009,-342246.9,1.069,0.007,2.07,12.29,0,0.007,0.001,-0.016,-0.007,13.21,-1.6,0.6,100,0
"2025-11-21 17:51:00",113057,"",7999,2025,11,21,17,45,5,0.0313,1.118,0.015,-342237.3,1.068,0.015,2.068,12.28,0,0.015,-0.001,0.005,0,13.21,-1.6,0.6,100,0
"2025-11-21 17:54:00",113058,"",7999,2025,11,21,17,45,5,0.0313,1.118,0.015,-342237.3,1.068,0.015,2.068,12.28,0,0.015,-0.001,0.005,0,13.21,-1.6,0.6,100,0
"2025-11-21 17:57:00",113059,"",7999,2025,11,21,17,51,5,-0.0255,1.115,-0.012,-342239.6,1.065,-0.011,2.064,12.23,0,-0.011,0.001,-0.033,-0.024,13.21,-1.6,0.6,100,0
"2025-11-21 18:00:00",113060,"",7999,2025,11,21,17,51,5,-0.0255,1.115,-0.012,-342239.6,1.065,-0.011,2.064,12.23,0,-0.011,0.001,-0.033,-0.024,13.21,-1.6,0.6,100,0
"2025-11-21 18:03:00",113061,"",7999,2025,11,21,17,57,5,-0.048,1.112,-0.023,-342254.2,1.062,-0.023,2.058,12.23,0,-0.023,0.001,-0.042,-0.038,13.21,-1.6,0.6,100,0
"2025-11-21 18:06:00",113062,"",7999,2025,11,21,17,57,5,-0.048,1.112,-0.023,-342254.2,1.062,-0.023,2.058,12.23,0,-0.023,0.001,-0.042,-0.038,13.21,-1.6,0.6,100,0
"2025-11-21 18:09:00",113063,"",7999,2025,11,21,18,3,5,-0.028,1.111,-0.014,-342266.7,1.061,-0.013,2.056,12.18,0,-0.013,0.001,-0.016,-0.031,13.21,-1.6,0.6,100,0
"2025-11-21 18:12:00",113064,"",7999,2025,11,21,18,3,5,-0.028,1.111,-0.014,-342266.7,1.061,-0.013,2.056,12.18,0,-0.013,0.001,-0.016,-0.031,13.21,-1.6,0.6,100,0
"2025-11-21 18:15:00",113065,"",7999,2025,11,21,18,9,5,-0.0109,1.11,-0.005,-342272.7,1.06,-0.005,2.054,12.23,0,-0.005,0,-0.012,-0.002,13.21,-1.6,0.6,100,0
"2025-11-21 18:18:00",113066,"",7999,2025,11,21,18,9,5,-0.0109,1.11,-0.005,-342272.7,1.06,-0.005,2.054,12.23,0,-0.005,0,-0.012,-0.002,13.21,-1.6,0.6,100,0
"2025-11-21 18:21:00",113067,"",7999,2025,11,21,18,15,5,-0.1033,1.106,-0.051,-342298.8,1.056,-0.051,2.046,12.28,0,-0.051,0,-0.053,-0.09,13.21,-1.6,0.6,100,0
"2025-11-21 18:24:00",113068,"",7999,2025,11,21,18,15,5,-0.1033,1.106,-0.051,-342298.8,1.056,-0.051,2.046,12.28,0,-0.051,0,-0.053,-0.09,13.21,-1.6,0.6,100,0
"2025-11-21 18:27:00",113069,"",7999,2025,11,21,18,21,5,-0.1735,1.099,-0.085,-342352.9,1.049,-0.087,2.033,12.14,0,-0.087,0.003,-0.084,-0.135,13.21,-1.7,0.6,100,0
"2025-11-21 18:30:00",113070,"",7999,2025,11,21,18,21,5,-0.1735,1.099,-0.085,-342352.9,1.049,-0.087,2.033,12.14,0,-0.087,0.003,-0.084,-0.135,13.21,-1.7,0.6,100,0
"2025-11-21 18:33:00",113071,"",7999,2025,11,21,18,27,5,-0.1393,1.094,-0.069,-342407.1,1.044,-0.069,2.025,12.15,0,-0.069,0.001,-0.081,-0.109,13.21,-1.7,0.6,100,0
"2025-11-21 18:36:00",113072,"",7999,2025,11,21,18,27,5,-0.1393,1.094,-0.069,-342407.1,1.044,-0.069,2.025,12.15,0,-0.069,0.001,-0.081,-0.109,13.21,-1.7,0.6,100,0
"2025-11-21 18:39:00",113073,"",7999,2025,11,21,18,33,5,-0.1048,1.093,-0.052,-342449,1.043,-0.052,2.023,12.18,0,-0.052,0.002,-0.044,-0.078,13.21,-1.6,0.6,100,0
"2025-11-21 18:42:00",113074,"",7999,2025,11,21,18,33,5,-0.1048,1.093,-0.052,-342449,1.043,-0.052,2.023,12.18,0,-0.052,0.002,-0.044,-0.078,13.21,-1.6,0.6,100,0
"2025-11-21 18:45:00",113075,"",7999,2025,11,21,18,39,5,-0.1419,1.091,-0.07,-342495.7,1.041,-0.071,2.019,12.16,0,-0.071,0,-0.063,-0.088,13.21,-1.6,0.6,100,0
"2025-11-21 18:48:00",113076,"",7999,2025,11,21,18,39,5,-0.1419,1.091,-0.07,-342495.7,1.041,-0.071,2.019,12.16,0,-0.071,0,-0.063,-0.088,13.21,-1.6,0.6,100,0
"2025-11-21 18:51:00",113077,"",7999,2025,11,21,18,45,5,-0.1744,1.086,-0.087,-342554.6,1.036,-0.087,2.01,12.13,0,-0.087,0.002,-0.081,-0.118,13.21,-1.6,0.6,100,0
"2025-11-21 18:54:00",113078,"",7999,2025,11,21,18,45,5,-0.1744,1.086,-0.087,-342554.6,1.036,-0.087,2.01,12.13,0,-0.087,0.002,-0.081,-0.118,13.21,-1.6,0.6,100,0
"2025-11-21 18:57:00",113079,"",7999,2025,11,21,18,51,5,-0.1183,1.075,-0.059,-342603.9,1.025,-0.106,1.989,12.14,0,-0.106,-0.002,-0.074,-0.144,13.21,-1.7,0.6,100,0
"2025-11-21 19:00:00",113080,"",7999,2025,11,21,18,51,5,-0.1183,1.075,-0.059,-342603.9,1.025,-0.106,1.989,12.14,0,-0.106,-0.002,-0.074,-0.144,13.21,-1.7,0.6,100,0
"2025-11-21 19:03:00",113081,"",7999,2025,11,21,18,57,5,-0.1289,1.07,-0.065,-342649.1,1.02,-0.11,1.98,12.13,0,-0.11,-0.01,-0.1,-0.133,13.21,-1.7,0.6,100,0
"2025-11-21 19:06:00",113082,"",7999,2025,11,21,18,57,5,-0.1289,1.07,-0.065,-342649.1,1.02,-0.11,1.98,12.13,0,-0.11,-0.01,-0.1,-0.133,13.21,-1.7,0.6,100,0
"2025-11-21 19:09:00",113083,"",7999,2025,11,21,19,3,5,-0.1654,1.061,-0.084,-342704.3,1.011,-0.085,1.963,12.15,0,-0.085,-0.006,-0.079,-0.102,13.21,-1.7,0.6,100,0
"2025-11-21 19:12:00",113084,"",7999,2025,11,21,19,3,5,-0.1654,1.061,-0.084,-342704.3,1.011,-0.085,1.963,12.15,0,-0.085,-0.006,-0.079,-0.102,13.21,-1.7,0.6,100,0
"2025-11-21 19:15:00",113085,"",7999,2025,11,21,19,9,5,-0.1893,1.064,-0.096,-342769.6,1.014,-0.097,1.968,12.14,0,-0.097,-0.005,-0.081,-0.133,13.21,-1.7,0.6,100,0
"2025-11-21 19:18:00",113086,"",7999,2025,11,21,19,9,5,-0.1893,1.064,-0.096,-342769.6,1.014,-0.097,1.968,12.14,0,-0.097,-0.005,-0.081,-0.133,13.21,-1.7,0.6,100,0
"2025-11-21 19:21:00",113087,"",7999,2025,11,21,19,15,5,-0.1726,1.057,-0.088,-342833.7,1.007,-0.09,1.956,12.14,0,-0.09,-0.003,-0.06,-0.118,13.21,-1.7,0.6,100,0
"2025-11-21 19:24:00",113088,"",7999,2025,11,21,19,15,5,-0.1726,1.057,-0.088,-342833.7,1.007,-0.09,1.956,12.14,0,-0.09,-0.003,-0.06,-0.118,13.21,-1.7,0.6,100,0
"2025-11-21 19:27:00",113089,"",7999,2025,11,21,19,21,5,-0.1577,1.052,-0.081,-342892.3,1.002,-0.081,1.946,12.16,0,-0.081,-0.005,-0.074,-0.123,13.21,-1.7,0.6,100,0
"2025-11-21 19:30:00",113090,"",7999,2025,11,21,19,21,5,-0.1577,1.052,-0.081,-342892.3,1.002,-0.081,1.946,12.16,0,-0.081,-0.005,-0.074,-0.123,13.21,-1.7,0.6,100,0
"2025-11-21 19:33:00",113091,"",7999,2025,11,21,19,27,5,-0.1574,1.041,-0.082,-342949,0.991,-0.082,1.926,12.17,0,-0.082,-0.003,-0.053,-0.126,13.21,-1.7,0.6,100,0
"2025-11-21 19:36:00",113092,"",7999,2025,11,21,19,27,5,-0.1574,1.041,-0.082,-342949,0.991,-0.082,1.926,12.17,0,-0.082,-0.003,-0.053,-0.126,13.21,-1.7,0.6,100,0
"2025-11-21 19:39:00",113093,"",7999,2025,11,21,19,33,5,-0.1919,1.038,-0.1,-343014,0.988,-0.1,1.921,12.16,0,-0.1,0.002,-0.095,-0.156,13.21,-1.7,0.6,100,0
"2025-11-21 19:42:00",113094,"",7999,2025,11,21,19,33,5,-0.1919,1.038,-0.1,-343014,0.988,-0.1,1.921,12.16,0,-0.1,0.002,-0.095,-0.156,13.21,-1.7,0.6,100,0
"2025-11-21 19:45:00",113095,"",7999,2025,11,21,19,39,5,-0.1464,1.032,-0.077,-343072.2,0.982,-0.117,1.909,12.14,0,-0.117,-0.004,-0.114,-0.159,13.21,-1.7,0.6,100,0
"2025-11-21 19:48:00",113096,"",7999,2025,11,21,19,39,5,-0.1464,1.032,-0.077,-343072.2,0.982,-0.117,1.909,12.14,0,-0.117,-0.004,-0.114,-0.159,13.21,-1.7,0.6,100,0
"2025-11-21 19:51:00",113097,"",7999,2025,11,21,19,45,5,-0.1486,1.021,-0.079,-343125.4,0.971,-0.121,1.889,12.12,0,-0.121,-0.004,-0.091,-0.159,13.21,-1.8,0.6,100,0
"2025-11-21 19:54:00",113098,"",7999,2025,11,21,19,45,5,-0.1486,1.021,-0.079,-343125.4,0.971,-0.121,1.889,12.12,0,-0.121,-0.004,-0.091,-0.159,13.21,-1.8,0.6,100,0
"2025-11-21 19:57:00",113099,"",7999,2025,11,21,19,51,5,-0.1374,1.02,-0.073,-343176.2,0.97,-0.074,1.887,12.15,0,-0.074,0.001,-0.086,-0.088,13.21,-1.7,0.6,100,0
"2025-11-21 20:00:00",113100,"",7999,2025,11,21,19,51,5,-0.1374,1.02,-0.073,-343176.2,0.97,-0.074,1.887,12.15,0,-0.074,0.001,-0.086,-0.088,13.21,-1.7,0.6,100,0
"2025-11-21 20:03:00",113101,"",7999,2025,11,21,19,57,5,-0.1768,1.013,-0.094,-343235.2,0.963,-0.096,1.874,12.13,0,-0.096,0.002,-0.086,-0.13,13.21,-1.7,0.6,100,0
"2025-11-21 20:06:00",113102,"",7999,2025,11,21,19,57,5,-0.1768,1.013,-0.094,-343235.2,0.963,-0.096,1.874,12.13,0,-0.096,0.002,-0.086,-0.13,13.21,-1.7,0.6,100,0
"2025-11-21 20:09:00",113103,"",7999,2025,11,21,20,3,5,-0.1423,1.003,-0.077,-343290.5,0.953,-0.102,1.856,12.09,0,-0.102,0,-0.091,-0.142,13.21,-1.8,0.6,100,0
"2025-11-21 20:12:00",113104,"",7999,2025,11,21,20,3,5,-0.1423,1.003,-0.077,-343290.5,0.953,-0.102,1.856,12.09,0,-0.102,0,-0.091,-0.142,13.21,-1.8,0.6,100,0
"2025-11-21 20:15:00",113105,"",7999,2025,11,21,20,9,5,-0.1731,0.996,-0.094,-343349.2,0.946,-0.094,1.843,12.06,0,-0.094,0.003,-0.091,-0.116,13.21,-1.7,0.6,100,0
"2025-11-21 20:18:00",113106,"",7999,2025,11,21,20,9,5,-0.1731,0.996,-0.094,-343349.2,0.946,-0.094,1.843,12.06,0,-0.094,0.003,-0.091,-0.116,13.21,-1.7,0.6,100,0
"2025-11-21 20:21:00",113107,"",7999,2025,11,21,20,15,5,-0.1529,0.989,-0.084,-343406.7,0.939,-0.085,1.829,12.06,0,-0.085,0.003,-0.074,-0.102,13.21,-1.7,0.6,100,0
"2025-11-21 20:24:00",113108,"",7999,2025,11,21,20,15,5,-0.1529,0.989,-0.084,-343406.7,0.939,-0.085,1.829,12.06,0,-0.085,0.003,-0.074,-0.102,13.21,-1.7,0.6,100,0
"2025-11-21 20:27:00",113109,"",7999,2025,11,21,20,21,5,-0.0879,0.981,-0.048,-343446.2,0.931,-0.048,1.814,12.06,0,-0.048,0.004,-0.03,-0.069,13.21,-1.7,0.6,100,0
"2025-11-21 20:30:00",113110,"",7999,2025,11,21,20,21,5,-0.0879,0.981,-0.048,-343446.2,0.931,-0.048,1.814,12.06,0,-0.048,0.004,-0.03,-0.069,13.21,-1.7,0.6,100,0
"2025-11-21 20:33:00",113111,"",7999,2025,11,21,20,27,5,-0.0963,0.982,-0.053,-343479.8,0.932,-0.053,1.818,12.09,0,-0.053,0,-0.058,-0.069,13.21,-1.7,0.6,100,0
"2025-11-21 20:36:00",113112,"",7999,2025,11,21,20,27,5,-0.0963,0.982,-0.053,-343479.8,0.932,-0.053,1.818,12.09,0,-0.053,0,-0.058,-0.069,13.21,-1.7,0.6,100,0
"2025-11-21 20:39:00",113113,"",7999,2025,11,21,20,33,5,-0.1184,0.961,-0.067,-343519.8,0.911,-0.067,1.779,12.07,0,-0.067,-0.001,-0.065,-0.114,13.21,-1.7,0.6,100,0
"2025-11-21 20:42:00",113114,"",7999,2025,11,21,20,33,5,-0.1184,0.961,-0.067,-343519.8,0.911,-0.067,1.779,12.07,0,-0.067,-0.001,-0.065,-0.114,13.21,-1.7,0.6,100,0
"2025-11-21 20:45:00",113115,"",7999,2025,11,21,20,39,5,-0.0664,0.972,-0.037,-343550,0.922,-0.038,1.799,12.06,0,-0.038,0.001,-0.028,-0.047,13.21,-1.7,0.6,100,0
"2025-11-21 20:48:00",113116,"",7999,2025,11,21,20,39,5,-0.0664,0.972,-0.037,-343550,0.922,-0.038,1.799,12.06,0,-0.038,0.001,-0.028,-0.047,13.21,-1.7,0.6,100,0
"2025-11-21 20:51:00",113117,"",7999,2025,11,21,20,45,5,-0.0933,0.961,-0.052,-343580.4,0.911,-0.053,1.778,12.08,0,-0.053,-0.002,-0.044,-0.073,13.21,-1.7,0.6,100,0
"2025-11-21 20:54:00",113118,"",7999,2025,11,21,20,45,5,-0.0933,0.961,-0.052,-343580.4,0.911,-0.053,1.778,12.08,0,-0.053,-0.002,-0.044,-0.073,13.21,-1.7,0.6,100,0
"2025-11-21 20:57:00",113119,"",7999,2025,11,21,20,51,5,-0.071,0.968,-0.04,-343608.7,0.918,-0.04,1.791,12.03,0,-0.04,0,-0.019,-0.069,13.21,-1.7,0.6,100,0
"2025-11-21 21:00:00",113120,"",7999,2025,11,21,20,51,5,-0.071,0.968,-0.04,-343608.7,0.918,-0.04,1.791,12.03,0,-0.04,0,-0.019,-0.069,13.21,-1.7,0.6,100,0
"2025-11-21 21:03:00",113121,"",7999,2025,11,21,20,57,5,-0.0633,0.964,-0.036,-343632.4,0.914,-0.035,1.783,12.02,0,-0.035,0.003,-0.014,-0.05,13.21,-1.7,0.6,100,0
"2025-11-21 21:06:00",113122,"",7999,2025,11,21,20,57,5,-0.0633,0.964,-0.036,-343632.4,0.914,-0.035,1.783,12.02,0,-0.035,0.003,-0.014,-0.05,13.21,-1.7,0.6,100,0
"2025-11-21 21:09:00",113123,"",7999,2025,11,21,21,3,5,-0.0762,0.958,-0.043,-343658.3,0.908,-0.044,1.773,12.01,0,-0.044,0,-0.023,-0.085,13.21,-1.7,0.6,100,0
"2025-11-21 21:12:00",113124,"",7999,2025,11,21,21,3,5,-0.0762,0.958,-0.043,-343658.3,0.908,-0.044,1.773,12.01,0,-0.044,0,-0.023,-0.085,13.21,-1.7,0.6,100,0
"2025-11-21 21:15:00",113125,"",7999,2025,11,21,21,9,5,-0.0626,0.953,-0.035,-343682.5,0.903,-0.035,1.764,11.95,0,-0.035,0.003,-0.023,-0.038,13.21,-1.7,0.6,100,0
"2025-11-21 21:18:00",113126,"",7999,2025,11,21,21,9,5,-0.0626,0.953,-0.035,-343682.5,0.903,-0.035,1.764,11.95,0,-0.035,0.003,-0.023,-0.038,13.21,-1.7,0.6,100,0
"2025-11-21 21:21:00",113127,"",7999,2025,11,21,21,15,5,-0.0402,0.953,-0.023,-343699.6,0.903,-0.022,1.763,11.97,0,-0.022,0.004,-0.012,-0.031,13.21,-1.7,0.6,100,0
"2025-11-21 21:24:00",113128,"",7999,2025,11,21,21,15,5,-0.0402,0.953,-0.023,-343699.6,0.903,-0.022,1.763,11.97,0,-0.022,0.004,-0.012,-0.031,13.21,-1.7,0.6,100,0
"2025-11-21 21:27:00",113129,"",7999,2025,11,21,21,21,5,-0.1007,0.942,-0.058,-343728.7,0.892,-0.058,1.743,11.94,0,-0.058,0,-0.037,-0.099,13.21,-1.7,0.6,100,0
"2025-11-21 21:30:00",113130,"",7999,2025,11,21,21,21,5,-0.1007,0.942,-0.058,-343728.7,0.892,-0.058,1.743,11.94,0,-0.058,0,-0.037,-0.099,13.21,-1.7,0.6,100,0
"2025-11-21 21:33:00",113131,"",7999,2025,11,21,21,27,5,-0.0929,0.932,-0.054,-343763,0.882,-0.054,1.725,11.89,0,-0.054,-0.004,-0.04,-0.085,13.21,-1.7,0.6,100,0
"2025-11-21 21:36:00",113132,"",7999,2025,11,21,21,27,5,-0.0929,0.932,-0.054,-343763,0.882,-0.054,1.725,11.89,0,-0.054,-0.004,-0.04,-0.085,13.21,-1.7,0.6,100,0
"2025-11-21 21:39:00",113133,"",7999,2025,11,21,21,33,5,-0.0965,0.924,-0.056,-343797.4,0.874,-0.056,1.709,11.89,0,-0.056,-0.002,-0.037,-0.09,13.21,-1.7,0.6,100,0
"2025-11-21 21:42:00",113134,"",7999,2025,11,21,21,33,5,-0.0965,0.924,-0.056,-343797.4,0.874,-0.056,1.709,11.89,0,-0.056,-0.002,-0.037,-0.09,13.21,-1.7,0.6,100,0
"2025-11-21 21:45:00",113135,"",7999,2025,11,21,21,39,5,-0.0971,0.913,-0.057,-343832.3,0.863,-0.058,1.69,11.89,0,-0.058,-0.001,-0.035,-0.085,13.21,-1.7,0.6,100,0
"2025-11-21 21:48:00",113136,"",7999,2025,11,21,21,39,5,-0.0971,0.913,-0.057,-343832.3,0.863,-0.058,1.69,11.89,0,-0.058,-0.001,-0.035,-0.085,13.21,-1.7,0.6,100,0
"2025-11-21 21:51:00",113137,"",7999,2025,11,21,21,45,5,-0.0597,0.906,-0.036,-343858.3,0.856,-0.036,1.676,11.89,0,-0.036,0,-0.012,-0.045,13.21,-1.7,0.6,100,0
"2025-11-21 21:54:00",113138,"",7999,2025,11,21,21,45,5,-0.0597,0.906,-0.036,-343858.3,0.856,-0.036,1.676,11.89,0,-0.036,0,-0.012,-0.045,13.21,-1.7,0.6,100,0
"2025-11-21 21:57:00",113139,"",7999,2025,11,21,21,51,5,-0.0606,0.903,-0.036,-343880,0.853,-0.036,1.671,11.89,0,-0.036,0.002,-0.03,-0.045,13.21,-1.7,0.6,100,0
"2025-11-21 22:00:00",113140,"",7999,2025,11,21,21,51,5,-0.0606,0.903,-0.036,-343880,0.853,-0.036,1.671,11.89,0,-0.036,0.002,-0.03,-0.045,13.21,-1.7,0.6,100,0
"2025-11-21 22:03:00",113141,"",7999,2025,11,21,21,57,5,-0.0494,0.895,-0.03,-343899.2,0.845,-0.03,1.657,11.92,0,-0.03,0.001,-0.019,-0.054,13.21,-1.7,0.6,100,0
"2025-11-21 22:06:00",113142,"",7999,2025,11,21,21,57,5,-0.0494,0.895,-0.03,-343899.2,0.845,-0.03,1.657,11.92,0,-0.03,0.001,-0.019,-0.054,13.21,-1.7,0.6,100,0
"2025-11-21 22:09:00",113143,"",7999,2025,11,21,22,3,5,-0.0263,0.882,-0.016,-343911.4,0.832,-0.016,1.633,11.94,0,-0.016,0,0,-0.024,13.21,-1.7,0.6,100,0
"2025-11-21 22:12:00",113144,"",7999,2025,11,21,22,3,5,-0.0263,0.882,-0.016,-343911.4,0.832,-0.016,1.633,11.94,0,-0.016,0,0,-0.024,13.21,-1.7,0.6,100,0
"2025-11-21 22:15:00",113145,"",7999,2025,11,21,22,9,5,-0.0586,0.889,-0.036,-343928.7,0.839,-0.035,1.645,11.94,0,-0.035,-0.003,-0.014,-0.064,13.21,-1.7,0.6,100,0
"2025-11-21 22:18:00",113146,"",7999,2025,11,21,22,9,5,-0.0586,0.889,-0.036,-343928.7,0.839,-0.035,1.645,11.94,0,-0.035,-0.003,-0.014,-0.064,13.21,-1.7,0.6,100,0
"2025-11-21 22:21:00",113147,"",7999,2025,11,21,22,15,5,-0.0431,0.881,-0.026,-343946.1,0.831,-0.025,1.63,11.93,0,-0.025,0,-0.021,-0.05,13.21,-1.7,0.6,100,0
"2025-11-21 22:24:00",113148,"",7999,2025,11,21,22,15,5,-0.0431,0.881,-0.026,-343946.1,0.831,-0.025,1.63,11.93,0,-0.025,0,-0.021,-0.05,13.21,-1.7,0.6,100,0
"2025-11-21 22:27:00",113149,"",7999,2025,11,21,22,21,5,-0.0559,0.88,-0.034,-343964.7,0.83,-0.034,1.629,11.93,0,-0.034,0.006,-0.023,-0.043,13.21,-1.7,0.6,100,0
"2025-11-21 22:30:00",113150,"",7999,2025,11,21,22,21,5,-0.0559,0.88,-0.034,-343964.7,0.83,-0.034,1.629,11.93,0,-0.034,0.006,-0.023,-0.043,13.21,-1.7,0.6,100,0
"2025-11-21 22:33:00",113151,"",7999,2025,11,21,22,27,5,-0.0649,0.873,-0.04,-343987,0.823,-0.041,1.615,11.88,0,-0.041,0.001,-0.042,-0.071,13.21,-1.7,0.6,100,0
"2025-11-21 22:36:00",113152,"",7999,2025,11,21,22,27,5,-0.0649,0.873,-0.04,-343987,0.823,-0.041,1.615,11.88,0,-0.041,0.001,-0.042,-0.071,13.21,-1.7,0.6,100,0
"2025-11-21 22:39:00",113153,"",7999,2025,11,21,22,33,5,-0.0558,0.869,-0.035,-344008.2,0.819,-0.034,1.609,11.87,0,-0.034,0.005,-0.028,-0.04,13.21,-1.6,0.6,100,0
"2025-11-21 22:42:00",113154,"",7999,2025,11,21,22,33,5,-0.0558,0.869,-0.035,-344008.2,0.819,-0.034,1.609,11.87,0,-0.034,0.005,-0.028,-0.04,13.21,-1.6,0.6,100,0
"2025-11-21 22:45:00",113155,"",7999,2025,11,21,22,39,5,-0.0358,0.866,-0.022,-344023.5,0.816,-0.022,1.602,11.89,0,-0.022,0.001,-0.016,-0.038,13.21,-1.6,0.6,100,0
"2025-11-21 22:48:00",113156,"",7999,2025,11,21,22,39,5,-0.0358,0.866,-0.022,-344023.5,0.816,-0.022,1.602,11.89,0,-0.022,0.001,-0.016,-0.038,13.21,-1.6,0.6,100,0
"2025-11-21 22:51:00",113157,"",7999,2025,11,21,22,45,5,-0.0277,0.868,-0.017,-344034.5,0.818,-0.017,1.607,11.93,0,-0.017,0.003,-0.021,-0.028,13.21,-1.6,0.6,100,0
"2025-11-21 22:54:00",113158,"",7999,2025,11,21,22,45,5,-0.0277,0.868,-0.017,-344034.5,0.818,-0.017,1.607,11.93,0,-0.017,0.003,-0.021,-0.028,13.21,-1.6,0.6,100,0
"2025-11-21 22:57:00",113159,"",7999,2025,11,21,22,51,5,-0.0364,0.863,-0.023,-344046.5,0.813,-0.022,1.597,11.96,0,-0.022,-0.001,-0.023,-0.04,13.21,-1.7,0.6,100,0
"2025-11-21 23:00:00",113160,"",7999,2025,11,21,22,51,5,-0.0364,0.863,-0.023,-344046.5,0.813,-0.022,1.597,11.96,0,-0.022,-0.001,-0.023,-0.04,13.21,-1.7,0.6,100,0
"2025-11-21 23:03:00",113161,"",7999,2025,11,21,22,57,5,-0.0403,0.856,-0.025,-344060.6,0.806,-0.024,1.584,11.94,0,-0.024,-0.001,-0.023,-0.052,13.21,-1.7,0.6,100,0
"2025-11-21 23:06:00",113162,"",7999,2025,11,21,22,57,5,-0.0403,0.856,-0.025,-344060.6,0.806,-0.024,1.584,11.94,0,-0.024,-0.001,-0.023,-0.052,13.21,-1.7,0.6,100,0
"2025-11-21 23:09:00",113163,"",7999,2025,11,21,23,3,5,-0.0312,0.849,-0.02,-344073,0.799,-0.019,1.57,11.9,0,-0.019,0,-0.019,-0.043,13.21,-1.6,0.6,100,0
"2025-11-21 23:12:00",113164,"",7999,2025,11,21,23,3,5,-0.0312,0.849,-0.02,-344073,0.799,-0.019,1.57,11.9,0,-0.019,0,-0.019,-0.043,13.21,-1.6,0.6,100,0
"2025-11-21 23:15:00",113165,"",7999,2025,11,21,23,9,5,-0.0129,0.846,-0.008,-344079.8,0.796,-0.007,1.566,11.91,0,-0.007,-0.001,-0.014,-0.028,13.21,-1.6,0.6,100,0
"2025-11-21 23:18:00",113166,"",7999,2025,11,21,23,9,5,-0.0129,0.846,-0.008,-344079.8,0.796,-0.007,1.566,11.91,0,-0.007,-0.001,-0.014,-0.028,13.21,-1.6,0.6,100,0
"2025-11-21 23:21:00",113167,"",7999,2025,11,21,23,15,5,-0.0306,0.84,-0.02,-344088.7,0.79,-0.019,1.555,11.94,0,-0.019,0.002,-0.023,-0.038,13.21,-1.6,0.6,100,0
"2025-11-21 23:24:00",113168,"",7999,2025,11,21,23,15,5,-0.0306,0.84,-0.02,-344088.7,0.79,-0.019,1.555,11.94,0,-0.019,0.002,-0.023,-0.038,13.21,-1.6,0.6,100,0
"2025-11-21 23:27:00",113169,"",7999,2025,11,21,23,21,5,-0.0396,0.833,-0.026,-344101.9,0.783,-0.025,1.541,11.95,0,-0.025,0.004,-0.007,-0.052,13.21,-1.6,0.6,100,0
"2025-11-21 23:30:00",113170,"",7999,2025,11,21,23,21,5,-0.0396,0.833,-0.026,-344101.9,0.783,-0.025,1.541,11.95,0,-0.025,0.004,-0.007,-0.052,13.21,-1.6,0.6,100,0
"2025-11-21 23:33:00",113171,"",7999,2025,11,21,23,27,5,-0.038,0.842,-0.024,-344115.8,0.792,-0.024,1.558,11.95,0,-0.024,0.005,-0.023,-0.04,13.21,-1.6,0.6,100,0
"2025-11-21 23:36:00",113172,"",7999,2025,11,21,23,27,5,-0.038,0.842,-0.024,-344115.8,0.792,-0.024,1.558,11.95,0,-0.024,0.005,-0.023,-0.04,13.21,-1.6,0.6,100,0
"2025-11-21 23:39:00",113173,"",7999,2025,11,21,23,33,5,-0.0343,0.839,-0.022,-344128.6,0.789,-0.021,1.553,11.97,0,-0.021,0.003,-0.026,-0.033,13.21,-1.6,0.6,100,0
"2025-11-21 23:42:00",113174,"",7999,2025,11,21,23,33,5,-0.0343,0.839,-0.022,-344128.6,0.789,-0.021,1.553,11.97,0,-0.021,0.003,-0.026,-0.033,13.21,-1.6,0.6,100,0
"2025-11-21 23:45:00",113175,"",7999,2025,11,21,23,39,5,-0.0275,0.841,-0.018,-344139.3,0.791,-0.017,1.557,11.96,0,-0.017,0.006,-0.009,-0.019,13.2,-1.6,0.6,100,0
"2025-11-21 23:48:00",113176,"",7999,2025,11,21,23,39,5,-0.0275,0.841,-0.018,-344139.3,0.791,-0.017,1.557,11.96,0,-0.017,0.006,-0.009,-0.019,13.2,-1.6,0.6,100,0
"2025-11-21 23:51:00",113177,"",7999,2025,11,21,23,45,5,0.0006,0.841,0,-344142.5,0.791,0,1.557,12.01,0,0,0,0.005,0,13.21,-1.6,0.6,100,0
"2025-11-21 23:54:00",113178,"",7999,2025,11,21,23,45,5,0.0006,0.841,0,-344142.5,0.791,0,1.557,12.01,0,0,0,0.005,0,13.21,-1.6,0.6,100,0
"2025-11-21 23:57:00",113179,"",7999,2025,11,21,23,51,5,0.0012,0.847,0.001,-344142.1,0.797,0,1.567,12.02,0,0,0,0.002,0.002,13.21,-1.6,0.6,100,0
"2025-11-22 00:00:00",113180,"",7999,2025,11,21,23,51,5,0.0012,0.847,0.001,-344142.1,0.797,0,1.567,12.02,0,0,0,0.002,0.002,13.21,-1.6,0.6,100,0
"2025-11-22 00:03:00",113181,"",7999,2025,11,21,23,57,5,-0.0105,0.841,-0.007,-344144.4,0.791,-0.006,1.557,12.07,0,-0.006,-0.001,-0.002,-0.012,13.2,-1.6,0.6,100,0
"2025-11-22 00:06:00",113182,"",7999,2025,11,21,23,57,5,-0.0105,0.841,-0.007,-344144.4,0.791,-0.006,1.557,12.07,0,-0.006,-0.001,-0.002,-0.012,13.2,-1.6,0.6,100,0
"2025-11-22 00:09:00",113183,"",7999,2025,11,22,0,3,5,-0.0221,0.843,-0.014,-344151,0.793,-0.013,1.56,12.13,0,-0.013,0.002,-0.012,-0.012,13.21,-1.6,0.6,100,0
"2025-11-22 00:12:00",113184,"",7999,2025,11,22,0,3,5,-0.0221,0.843,-0.014,-344151,0.793,-0.013,1.56,12.13,0,-0.013,0.002,-0.012,-0.012,13.21,-1.6,0.6,100,0
"2025-11-22 00:15:00",113185,"",7999,2025,11,22,0,9,5,-0.0245,0.85,-0.016,-344159.6,0.8,-0.015,1.573,12.14,0,-0.015,0,-0.009,-0.024,13.21,-1.6,0.6,100,0
"2025-11-22 00:18:00",113186,"",7999,2025,11,22,0,9,5,-0.0245,0.85,-0.016,-344159.6,0.8,-0.015,1.573,12.14,0,-0.015,0,-0.009,-0.024,13.21,-1.6,0.6,100,0
"2025-11-22 00:21:00",113187,"",7999,2025,11,22,0,15,5,-0.0111,0.849,-0.007,-344165.2,0.799,-0.006,1.572,12.11,0,-0.006,-0.002,-0.012,-0.021,13.21,-1.6,0.6,100,0
"2025-11-22 00:24:00",113188,"",7999,2025,11,22,0,15,5,-0.0111,0.849,-0.007,-344165.2,0.799,-0.006,1.572,12.11,0,-0.006,-0.002,-0.012,-0.021,13.21,-1.6,0.6,100,0
"2025-11-22 00:27:00",113189,"",7999,2025,11,22,0,21,5,-0.0112,0.851,-0.007,-344169.3,0.801,-0.005,1.575,12.12,0,-0.005,-0.001,-0.005,-0.007,13.21,-1.6,0.6,100,0
"2025-11-22 00:30:00",113190,"",7999,2025,11,22,0,21,5,-0.0112,0.851,-0.007,-344169.3,0.801,-0.005,1.575,12.12,0,-0.005,-0.001,-0.005,-0.007,13.21,-1.6,0.6,100,0
"2025-11-22 00:33:00",113191,"",7999,2025,11,22,0,27,5,-0.0119,0.851,-0.008,-344173.5,0.801,-0.006,1.575,12.15,0,-0.006,-0.001,0,-0.014,13.21,-1.6,0.6,100,0
"2025-11-22 00:36:00",113192,"",7999,2025,11,22,0,27,5,-0.0119,0.851,-0.008,-344173.5,0.801,-0.006,1.575,12.15,0,-0.006,-0.001,0,-0.014,13.21,-1.6,0.6,100,0
"2025-11-22 00:39:00",113193,"",7999,2025,11,22,0,33,5,-0.0203,0.851,-0.013,-344179.8,0.801,-0.011,1.575,12.17,0,-0.011,0,-0.023,-0.014,13.21,-1.6,0.6,100,0
"2025-11-22 00:42:00",113194,"",7999,2025,11,22,0,33,5,-0.0203,0.851,-0.013,-344179.8,0.801,-0.011,1.575,12.17,0,-0.011,0,-0.023,-0.014,13.21,-1.6,0.6,100,0
"2025-11-22 00:45:00",113195,"",7999,2025,11,22,0,39,5,-0.0074,0.852,-0.005,-344184,0.802,-0.002,1.577,12.23,0,-0.002,-0.001,0.005,-0.005,13.21,-1.6,0.6,100,0
"2025-11-22 00:48:00",113196,"",7999,2025,11,22,0,39,5,-0.0074,0.852,-0.005,-344184,0.802,-0.002,1.577,12.23,0,-0.002,-0.001,0.005,-0.005,13.21,-1.6,0.6,100,0
"2025-11-22 00:51:00",113197,"",7999,2025,11,22,0,45,5,-0.004,0.856,-0.003,-344185.9,0.806,-0.001,1.584,12.24,0,-0.001,-0.001,-0.012,0,13.21,-1.6,0.6,100,0
"2025-11-22 00:54:00",113198,"",7999,2025,11,22,0,45,5,-0.004,0.856,-0.003,-344185.9,0.806,-0.001,1.584,12.24,0,-0.001,-0.001,-0.012,0,13.21,-1.6,0.6,100,0
"2025-11-22 00:57:00",113199,"",7999,2025,11,22,0,51,5,-0.0048,0.859,-0.003,-344187.5,0.809,-0.001,1.59,12.24,0,-0.001,0.001,0.002,0.009,13.21,-1.6,0.6,100,0
"2025-11-22 01:00:00",113200,"",7999,2025,11,22,0,51,5,-0.0048,0.859,-0.003,-344187.5,0.809,-0.001,1.59,12.24,0,-0.001,0.001,0.002,0.009,13.21,-1.6,0.6,100,0
"2025-11-22 01:03:00",113201,"",7999,2025,11,22,0,57,5,0.0041,0.864,0.003,-344187.1,0.814,0.002,1.6,12.27,0,0.002,0,0.009,-0.007,13.21,-1.6,0.6,100,0
"2025-11-22 01:06:00",113202,"",7999,2025,11,22,0,57,5,0.0041,0.864,0.003,-344187.1,0.814,0.002,1.6,12.27,0,0.002,0,0.009,-0.007,13.21,-1.6,0.6,100,0
"2025-11-22 01:09:00",113203,"",7999,2025,11,22,1,3,5,0.0002,0.868,0,-344186.6,0.818,0,1.607,12.27,0,0,0,0.007,-0.002,13.21,-1.6,0.6,100,0
"2025-11-22 01:12:00",113204,"",7999,2025,11,22,1,3,5,0.0002,0.868,0,-344186.6,0.818,0,1.607,12.27,0,0,0,0.007,-0.002,13.21,-1.6,0.6,100,0
"2025-11-22 01:15:00",113205,"",7999,2025,11,22,1,9,5,0.0328,0.875,0.02,-344178.7,0.825,0.019,1.619,12.28,0,0.019,-0.003,0.014,0.028,13.21,-1.6,0.6,100,0
"2025-11-22 01:18:00",113206,"",7999,2025,11,22,1,9,5,0.0328,0.875,0.02,-344178.7,0.825,0.019,1.619,12.28,0,0.019,-0.003,0.014,0.028,13.21,-1.6,0.6,100,0
"2025-11-22 01:21:00",113207,"",7999,2025,11,22,1,15,5,0.0513,0.878,0.032,-344162.4,0.828,0.031,1.625,12.21,0,0.031,-0.005,0.009,0.026,13.2,-1.6,0.6,100,0
"2025-11-22 01:24:00",113208,"",7999,2025,11,22,1,15,5,0.0513,0.878,0.032,-344162.4,0.828,0.031,1.625,12.21,0,0.031,-0.005,0.009,0.026,13.2,-1.6,0.6,100,0
"2025-11-22 01:27:00",113209,"",7999,2025,11,22,1,21,5,0.0427,0.895,0.026,-344146,0.845,0.025,1.655,12.2,0,0.025,-0.002,0.007,0.014,13.21,-1.6,0.6,100,0
"2025-11-22 01:30:00",113210,"",7999,2025,11,22,1,21,5,0.0427,0.895,0.026,-344146,0.845,0.025,1.655,12.2,0,0.025,-0.002,0.007,0.014,13.21,-1.6,0.6,100,0
"2025-11-22 01:33:00",113211,"",7999,2025,11,22,1,27,5,0.0464,0.903,0.028,-344129.7,0.853,0.027,1.671,12.21,0,0.027,0,0.007,0.024,13.21,-1.6,0.6,100,0
"2025-11-22 01:36:00",113212,"",7999,2025,11,22,1,27,5,0.0464,0.903,0.028,-344129.7,0.853,0.027,1.671,12.21,0,0.027,0,0.007,0.024,13.21,-1.6,0.6,100,0
"2025-11-22 01:39:00",113213,"",7999,2025,11,22,1,33,5,0.0268,0.911,0.016,-344117.7,0.861,0.015,1.685,12.16,0,0.015,0,-0.007,0.007,13.21,-1.6,0.6,100,0
"2025-11-22 01:42:00",113214,"",7999,2025,11,22,1,33,5,0.0268,0.911,0.016,-344117.7,0.861,0.015,1.685,12.16,0,0.015,0,-0.007,0.007,13.21,-1.6,0.6,100,0
"2025-11-22 01:45:00",113215,"",7999,2025,11,22,1,39,5,0.0488,0.92,0.029,-344102.8,0.87,0.028,1.702,12.15,0,0.028,-0.001,0,0.014,13.21,-1.6,0.6,100,0
"2025-11-22 01:48:00",113216,"",7999,2025,11,22,1,39,5,0.0488,0.92,0.029,-344102.8,0.87,0.028,1.702,12.15,0,0.028,-0.001,0,0.014,13.21,-1.6,0.6,100,0
"2025-11-22 01:51:00",113217,"",7999,2025,11,22,1,45,5,0.0164,0.927,0.01,-344092.9,0.877,0.008,1.716,12.1,0,0.008,0.002,-0.016,0,13.21,-1.6,0.6,100,0
"2025-11-22 01:54:00",113218,"",7999,2025,11,22,1,45,5,0.0164,0.927,0.01,-344092.9,0.877,0.008,1.716,12.1,0,0.008,0.002,-0.016,0,13.21,-1.6,0.6,100,0
"2025-11-22 01:57:00",113219,"",7999,2025,11,22,1,51,5,0.0139,0.931,0.008,-344087.6,0.881,0.007,1.723,12.12,0,0.007,0.002,0,-0.005,13.21,-1.6,0.6,100,0
"2025-11-22 02:00:00",113220,"",7999,2025,11,22,1,51,5,0.0139,0.931,0.008,-344087.6,0.881,0.007,1.723,12.12,0,0.007,0.002,0,-0.005,13.21,-1.6,0.6,100,0
"2025-11-22 02:03:00",113221,"",7999,2025,11,22,1,57,5,0.0264,0.936,0.015,-344079.6,0.886,0.015,1.732,12.15,0,0.015,-0.002,-0.007,0.002,13.21,-1.6,0.6,100,0
"2025-11-22 02:06:00",113222,"",7999,2025,11,22,1,57,5,0.0264,0.936,0.015,-344079.6,0.886,0.015,1.732,12.15,0,0.015,-0.002,-0.007,0.002,13.21,-1.6,0.6,100,0
"2025-11-22 02:09:00",113223,"",7999,2025,11,22,2,3,5,0.0424,0.941,0.024,-344066.2,0.891,0.023,1.741,12.16,0,0.023,-0.002,0.009,0.019,13.2,-1.6,0.6,100,0
"2025-11-22 02:12:00",113224,"",7999,2025,11,22,2,3,5,0.0424,0.941,0.024,-344066.2,0.891,0.023,1.741,12.16,0,0.023,-0.002,0.009,0.019,13.2,-1.6,0.6,100,0
"2025-11-22 02:15:00",113225,"",7999,2025,11,22,2,9,5,0.0505,0.945,0.029,-344049,0.895,0.028,1.749,12.17,0,0.028,0,0.03,0.009,13.21,-1.6,0.6,100,0
"2025-11-22 02:18:00",113226,"",7999,2025,11,22,2,9,5,0.0505,0.945,0.029,-344049,0.895,0.028,1.749,12.17,0,0.028,0,0.03,0.009,13.21,-1.6,0.6,100,0
"2025-11-22 02:21:00",113227,"",7999,2025,11,22,2,15,5,0.0752,0.952,0.043,-344024.8,0.902,0.042,1.761,12.11,0,0.042,-0.001,0.026,0.028,13.21,-1.6,0.6,100,0
"2025-11-22 02:24:00",113228,"",7999,2025,11,22,2,15,5,0.0752,0.952,0.043,-344024.8,0.902,0.042,1.761,12.11,0,0.042,-0.001,0.026,0.028,13.21,-1.6,0.6,100,0
"2025-11-22 02:27:00",113229,"",7999,2025,11,22,2,21,5,0.0227,0.955,0.013,-344010.4,0.905,0.012,1.767,12.1,0,0.012,0,-0.005,0.002,13.21,-1.6,0.6,100,0
"2025-11-22 02:30:00",113230,"",7999,2025,11,22,2,21,5,0.0227,0.955,0.013,-344010.4,0.905,0.012,1.767,12.1,0,0.012,0,-0.005,0.002,13.21,-1.6,0.6,100,0
"2025-11-22 02:33:00",113231,"",7999,2025,11,22,2,27,5,-0.0027,0.955,-0.002,-344008.3,0.905,-0.001,1.766,12.14,0,-0.001,-0.001,0.002,-0.019,13.21,-1.6,0.6,100,0
"2025-11-22 02:36:00",113232,"",7999,2025,11,22,2,27,5,-0.0027,0.955,-0.002,-344008.3,0.905,-0.001,1.766,12.14,0,-0.001,-0.001,0.002,-0.019,13.21,-1.6,0.6,100,0
"2025-11-22 02:39:00",113233,"",7999,2025,11,22,2,33,5,-0.0177,0.953,-0.01,-344012.9,0.903,-0.01,1.764,12.17,0,-0.01,-0.001,-0.014,-0.026,13.21,-1.6,0.6,100,0
"2025-11-22 02:42:00",113234,"",7999,2025,11,22,2,33,5,-0.0177,0.953,-0.01,-344012.9,0.903,-0.01,1.764,12.17,0,-0.01,-0.001,-0.014,-0.026,13.21,-1.6,0.6,100,0
"2025-11-22 02:45:00",113235,"",7999,2025,11,22,2,39,5,0.0627,0.956,0.035,-343999.9,0.906,0.035,1.77,12.13,0,0.035,-0.003,0.035,0.026,13.21,-1.6,0.6,100,0
"2025-11-22 02:48:00",113236,"",7999,2025,11,22,2,39,5,0.0627,0.956,0.035,-343999.9,0.906,0.035,1.77,12.13,0,0.035,-0.003,0.035,0.026,13.21,-1.6,0.6,100,0
"2025-11-22 02:51:00",113237,"",7999,2025,11,22,2,45,5,0.0781,0.966,0.044,-343973.7,0.916,0.044,1.787,12.06,0,0.044,-0.001,0.035,0.017,13.21,-1.6,0.6,100,0
"2025-11-22 02:54:00",113238,"",7999,2025,11,22,2,45,5,0.0781,0.966,0.044,-343973.7,0.916,0.044,1.787,12.06,0,0.044,-0.001,0.035,0.017,13.21,-1.6,0.6,100,0
"2025-11-22 02:57:00",113239,"",7999,2025,11,22,2,51,5,0.057,0.97,0.032,-343950.6,0.92,0.031,1.796,12.05,0,0.031,0,0.026,0.014,13.21,-1.6,0.6,100,0
"2025-11-22 03:00:00",113240,"",7999,2025,11,22,2,51,5,0.057,0.97,0.032,-343950.6,0.92,0.031,1.796,12.05,0,0.031,0,0.026,0.014,13.21,-1.6,0.6,100,0
"2025-11-22 03:03:00",113241,"",7999,2025,11,22,2,57,5,0.0055,0.97,0.003,-343942.4,0.92,0.001,1.795,12.06,0,0.001,-0.001,-0.009,-0.019,13.21,-1.6,0.6,100,0
"2025-11-22 03:06:00",113242,"",7999,2025,11,22,2,57,5,0.0055,0.97,0.003,-343942.4,0.92,0.001,1.795,12.06,0,0.001,-0.001,-0.009,-0.019,13.21,-1.6,0.6,100,0
"2025-11-22 03:09:00",113243,"",7999,2025,11,22,3,3,5,0.0907,0.977,0.05,-343919.9,0.927,0.05,1.807,12.12,0,0.05,-0.002,0.021,0.04,13.21,-1.6,0.6,100,0
"2025-11-22 03:12:00",113244,"",7999,2025,11,22,3,3,5,0.0907,0.977,0.05,-343919.9,0.927,0.05,1.807,12.12,0,0.05,-0.002,0.021,0.04,13.21,-1.6,0.6,100,0
"2025-11-22 03:15:00",113245,"",7999,2025,11,22,3,9,5,0.0693,0.982,0.038,-343892.4,0.932,0.038,1.818,12.04,0,0.038,-0.001,0.023,0.019,13.21,-1.6,0.6,100,0
"2025-11-22 03:18:00",113246,"",7999,2025,11,22,3,9,5,0.0693,0.982,0.038,-343892.4,0.932,0.038,1.818,12.04,0,0.038,-0.001,0.023,0.019,13.21,-1.6,0.6,100,0
"2025-11-22 03:21:00",113247,"",7999,2025,11,22,3,15,5,0.1405,0.977,0.078,-343850.3,0.927,0.079,1.809,12.05,0,0.079,-0.003,0.046,0.057,13.21,-1.6,0.6,100,0
"2025-11-22 03:24:00",113248,"",7999,2025,11,22,3,15,5,0.1405,0.977,0.078,-343850.3,0.927,0.079,1.809,12.05,0,0.079,-0.003,0.046,0.057,13.21,-1.6,0.6,100,0
"2025-11-22 03:27:00",113249,"",7999,2025,11,22,3,21,5,0.0903,0.968,0.05,-343811.8,0.918,0.051,1.792,11.98,0,0.051,-0.002,0.033,0.031,13.21,-1.6,0.6,100,0
"2025-11-22 03:30:00",113250,"",7999,2025,11,22,3,21,5,0.0903,0.968,0.05,-343811.8,0.918,0.051,1.792,11.98,0,0.051,-0.002,0.033,0.031,13.21,-1.6,0.6,100,0
"2025-11-22 03:33:00",113251,"",7999,2025,11,22,3,27,5,-0.014,0.971,-0.008,-343804.3,0.921,-0.007,1.797,11.96,0,-0.007,0,-0.028,-0.031,13.21,-1.6,0.6,100,0
"2025-11-22 03:36:00",113252,"",7999,2025,11,22,3,27,5,-0.014,0.971,-0.008,-343804.3,0.921,-0.007,1.797,11.96,0,-0.007,0,-0.028,-0.031,13.21,-1.6,0.6,100,0
"2025-11-22 03:39:00",113253,"",7999,2025,11,22,3,33,5,0.0944,0.972,0.052,-343783.3,0.922,0.052,1.799,12.02,0,0.052,-0.003,0.026,0.04,13.21,-1.6,0.6,100,0
"2025-11-22 03:42:00",113254,"",7999,2025,11,22,3,33,5,0.0944,0.972,0.052,-343783.3,0.922,0.052,1.799,12.02,0,0.052,-0.003,0.026,0.04,13.21,-1.6,0.6,100,0
"2025-11-22 03:45:00",113255,"",7999,2025,11,22,3,39,5,0.1085,0.966,0.061,-343746,0.916,0.062,1.788,11.97,0,0.062,-0.001,0.037,0.036,13.21,-1.6,0.6,100,0
"2025-11-22 03:48:00",113256,"",7999,2025,11,22,3,39,5,0.1085,0.966,0.061,-343746,0.916,0.062,1.788,11.97,0,0.062,-0.001,0.037,0.036,13.21,-1.6,0.6,100,0
"2025-11-22 03:51:00",113257,"",7999,2025,11,22,3,45,5,0.0136,0.97,0.008,-343729.7,0.92,0.006,1.796,11.94,0,0.006,0.001,-0.014,-0.009,13.21,-1.6,0.6,100,0
"2025-11-22 03:54:00",113258,"",7999,2025,11,22,3,45,5,0.0136,0.97,0.008,-343729.7,0.92,0.006,1.796,11.94,0,0.006,0.001,-0.014,-0.009,13.21,-1.6,0.6,100,0
"2025-11-22 03:57:00",113259,"",7999,2025,11,22,3,51,5,0.0457,0.975,0.025,-343717,0.925,0.025,1.805,11.97,0,0.025,-0.002,0.005,0.028,13.21,-1.6,0.6,100,0
"2025-11-22 04:00:00",113260,"",7999,2025,11,22,3,51,5,0.0457,0.975,0.025,-343717,0.925,0.025,1.805,11.97,0,0.025,-0.002,0.005,0.028,13.21,-1.6,0.6,100,0
"2025-11-22 04:03:00",113261,"",7999,2025,11,22,3,57,5,0.0401,0.977,0.022,-343701.9,0.927,0.021,1.808,11.96,0,0.021,0.004,-0.012,0.005,13.21,-1.6,0.6,100,0
"2025-11-22 04:06:00",113262,"",7999,2025,11,22,3,57,5,0.0401,0.977,0.022,-343701.9,0.927,0.021,1.808,11.96,0,0.021,0.004,-0.012,0.005,13.21,-1.6,0.6,100,0
"2025-11-22 04:09:00",113263,"",7999,2025,11,22,4,3,5,0.1493,0.978,0.083,-343661.3,0.928,0.083,1.81,11.92,0,0.083,-0.002,0.046,0.021,13.21,-1.6,0.6,100,0
"2025-11-22 04:12:00",113264,"",7999,2025,11,22,4,3,5,0.1493,0.978,0.083,-343661.3,0.928,0.083,1.81,11.92,0,0.083,-0.002,0.046,0.021,13.21,-1.6,0.6,100,0
"2025-11-22 04:15:00",113265,"",7999,2025,11,22,4,9,5,0.0188,0.975,0.01,-343638.8,0.925,0.01,1.804,11.9,0,0.01,-0.002,-0.012,-0.021,13.21,-1.6,0.6,100,0
"2025-11-22 04:18:00",113266,"",7999,2025,11,22,4,9,5,0.0188,0.975,0.01,-343638.8,0.925,0.01,1.804,11.9,0,0.01,-0.002,-0.012,-0.021,13.21,-1.6,0.6,100,0
"2025-11-22 04:21:00",113267,"",7999,2025,11,22,4,15,5,-0.1146,1.022,-0.061,-343664.1,0.972,-0.061,1.891,11.89,0,-0.061,-0.004,-0.044,-0.09,13.21,-1.6,0.6,100,0
"2025-11-22 04:24:00",113268,"",7999,2025,11,22,4,15,5,-0.1146,1.022,-0.061,-343664.1,0.972,-0.061,1.891,11.89,0,-0.061,-0.004,-0.044,-0.09,13.21,-1.6,0.6,100,0
"2025-11-22 04:27:00",113269,"",7999,2025,11,22,4,21,5,0.0178,1.021,0.009,-343673.6,0.971,0.008,1.889,11.93,0,0.008,-0.003,-0.002,0,13.21,-1.6,0.6,100,0
"2025-11-22 04:30:00",113270,"",7999,2025,11,22,4,21,5,0.0178,1.021,0.009,-343673.6,0.971,0.008,1.889,11.93,0,0.008,-0.003,-0.002,0,13.21,-1.6,0.6,100,0
"2025-11-22 04:33:00",113271,"",7999,2025,11,22,4,27,5,0.0257,1.023,0.014,-343665.2,0.973,0.012,1.893,12.03,0,0.012,0.002,-0.012,0,13.21,-1.6,0.6,100,0
"2025-11-22 04:36:00",113272,"",7999,2025,11,22,4,27,5,0.0257,1.023,0.014,-343665.2,0.973,0.012,1.893,12.03,0,0.012,0.002,-0.012,0,13.21,-1.6,0.6,100,0
"2025-11-22 04:39:00",113273,"",7999,2025,11,22,4,33,5,0.0458,1.026,0.024,-343651.1,0.976,0.023,1.899,12,0,0.023,-0.001,-0.009,-0.002,13.21,-1.6,0.6,100,0
"2025-11-22 04:42:00",113274,"",7999,2025,11,22,4,33,5,0.0458,1.026,0.024,-343651.1,0.976,0.023,1.899,12,0,0.023,-0.001,-0.009,-0.002,13.21,-1.6,0.6,100,0
"2025-11-22 04:45:00",113275,"",7999,2025,11,22,4,39,5,-0.0152,1.026,-0.008,-343649.3,0.976,-0.007,1.898,12.02,0,-0.007,0.001,-0.009,-0.017,13.21,-1.6,0.6,100,0
"2025-11-22 04:48:00",113276,"",7999,2025,11,22,4,39,5,-0.0152,1.026,-0.008,-343649.3,0.976,-0.007,1.898,12.02,0,-0.007,0.001,-0.009,-0.017,13.21,-1.6,0.6,100,0
"2025-11-22 04:51:00",113277,"",7999,2025,11,22,4,45,5,-0.007,1.025,-0.004,-343652.8,0.975,-0.004,1.897,11.99,0,-0.004,0.001,-0.019,-0.014,13.21,-1.6,0.6,100,0
"2025-11-22 04:54:00",113278,"",7999,2025,11,22,4,45,5,-0.007,1.025,-0.004,-343652.8,0.975,-0.004,1.897,11.99,0,-0.004,0.001,-0.019,-0.014,13.21,-1.6,0.6,100,0
"2025-11-22 04:57:00",113279,"",7999,2025,11,22,4,51,5,0.0264,1.024,0.014,-343647.3,0.974,0.012,1.895,12.09,0,0.012,-0.001,-0.005,0,13.21,-1.6,0.6,100,0
"2025-11-22 05:00:00",113280,"",7999,2025,11,22,4,51,5,0.0264,1.024,0.014,-343647.3,0.974,0.012,1.895,12.09,0,0.012,-0.001,-0.005,0,13.21,-1.6,0.6,100,0
"2025-11-22 05:03:00",113281,"",7999,2025,11,22,4,57,5,-0.0096,1.024,-0.005,-343646.5,0.974,-0.004,1.895,12.03,0,-0.004,0.001,-0.002,-0.005,13.21,-1.6,0.6,100,0
"2025-11-22 05:06:00",113282,"",7999,2025,11,22,4,57,5,-0.0096,1.024,-0.005,-343646.5,0.974,-0.004,1.895,12.03,0,-0.004,0.001,-0.002,-0.005,13.21,-1.6,0.6,100,0
"2025-11-22 05:09:00",113283,"",7999,2025,11,22,5,3,5,0.0585,1.024,0.031,-343633.6,0.974,0.031,1.894,12.02,0,0.031,-0.002,0.016,0.028,13.21,-1.6,0.6,100,0
"2025-11-22 05:12:00",113284,"",7999,2025,11,22,5,3,5,0.0585,1.024,0.031,-343633.6,0.974,0.031,1.894,12.02,0,0.031,-0.002,0.016,0.028,13.21,-1.6,0.6,100,0
"2025-11-22 05:15:00",113285,"",7999,2025,11,22,5,9,5,0.0725,1.025,0.038,-343609.2,0.975,0.037,1.896,12.07,0,0.037,-0.004,0.002,0.026,13.21,-1.6,0.6,100,0
"2025-11-22 05:18:00",113286,"",7999,2025,11,22,5,9,5,0.0725,1.025,0.038,-343609.2,0.975,0.037,1.896,12.07,0,0.037,-0.004,0.002,0.026,13.21,-1.6,0.6,100,0
"2025-11-22 05:21:00",113287,"",7999,2025,11,22,5,15,5,0.1793,0.998,0.097,-343557.4,0.948,0.099,1.848,12.02,0,0.099,-0.005,0.067,0.033,13.21,-1.6,0.6,100,0
"2025-11-22 05:24:00",113288,"",7999,2025,11,22,5,15,5,0.1793,0.998,0.097,-343557.4,0.948,0.099,1.848,12.02,0,0.099,-0.005,0.067,0.033,13.21,-1.6,0.6,100,0
"2025-11-22 05:27:00",113289,"",7999,2025,11,22,5,21,5,0.043,1.026,0.023,-343525.5,0.976,0.022,1.899,11.96,0,0.022,-0.001,0.012,0.007,13.21,-1.6,0.6,100,0
"2025-11-22 05:30:00",113290,"",7999,2025,11,22,5,21,5,0.043,1.026,0.023,-343525.5,0.976,0.022,1.899,11.96,0,0.022,-0.001,0.012,0.007,13.21,-1.6,0.6,100,0
"2025-11-22 05:33:00",113291,"",7999,2025,11,22,5,27,5,-0.0233,1.021,-0.012,-343526,0.971,-0.012,1.889,11.96,0,-0.012,0.001,0,-0.028,13.21,-1.6,0.6,100,0
"2025-11-22 05:36:00",113292,"",7999,2025,11,22,5,27,5,-0.0233,1.021,-0.012,-343526,0.971,-0.012,1.889,11.96,0,-0.012,0.001,0,-0.028,13.21,-1.6,0.6,100,0
"2025-11-22 05:39:00",113293,"",7999,2025,11,22,5,33,5,-0.0115,1.023,-0.006,-343531.5,0.973,-0.005,1.892,11.99,0,-0.005,0,-0.019,-0.014,13.21,-1.6,0.6,100,0
"2025-11-22 05:42:00",113294,"",7999,2025,11,22,5,33,5,-0.0115,1.023,-0.006,-343531.5,0.973,-0.005,1.892,11.99,0,-0.005,0,-0.019,-0.014,13.21,-1.6,0.6,100,0
"2025-11-22 05:45:00",113295,"",7999,2025,11,22,5,39,5,0.0367,1.021,0.019,-343524.1,0.971,0.019,1.889,12.04,0,0.019,-0.003,0.021,0.012,13.21,-1.6,0.6,100,0
"2025-11-22 05:48:00",113296,"",7999,2025,11,22,5,39,5,0.0367,1.021,0.019,-343524.1,0.971,0.019,1.889,12.04,0,0.019,-0.003,0.021,0.012,13.21,-1.6,0.6,100,0
"2025-11-22 05:51:00",113297,"",7999,2025,11,22,5,45,5,0.049,1.026,0.026,-343507.9,0.976,0.025,1.899,12.06,0,0.025,-0.003,0.007,-0.012,13.21,-1.6,0.6,100,0
"2025-11-22 05:54:00",113298,"",7999,2025,11,22,5,45,5,0.049,1.026,0.026,-343507.9,0.976,0.025,1.899,12.06,0,0.025,-0.003,0.007,-0.012,13.21,-1.6,0.6,100,0
"2025-11-22 05:57:00",113299,"",7999,2025,11,22,5,51,5,-0.0287,1.016,-0.015,-343508.9,0.966,-0.015,1.88,12.06,0,-0.015,-0.002,-0.016,-0.04,13.21,-1.6,0.6,100,0
"2025-11-22 06:00:00",113300,"",7999,2025,11,22,5,51,5,-0.0287,1.016,-0.015,-343508.9,0.966,-0.015,1.88,12.06,0,-0.015,-0.002,-0.016,-0.04,13.21,-1.6,0.6,100,0
"2025-11-22 06:03:00",113301,"",7999,2025,11,22,5,57,5,-0.0644,1.02,-0.034,-343527.8,0.97,-0.034,1.887,11.99,0,-0.034,-0.003,-0.037,-0.052,13.21,-1.6,0.6,100,0
"2025-11-22 06:06:00",113302,"",7999,2025,11,22,5,57,5,-0.0644,1.02,-0.034,-343527.8,0.97,-0.034,1.887,11.99,0,-0.034,-0.003,-0.037,-0.052,13.21,-1.6,0.6,100,0
"2025-11-22 06:09:00",113303,"",7999,2025,11,22,6,3,5,-0.0622,1.017,-0.033,-343550.5,0.967,-0.033,1.882,11.99,0,-0.033,0.002,-0.04,-0.064,13.21,-1.6,0.6,100,0
"2025-11-22 06:12:00",113304,"",7999,2025,11,22,6,3,5,-0.0622,1.017,-0.033,-343550.5,0.967,-0.033,1.882,11.99,0,-0.033,0.002,-0.04,-0.064,13.21,-1.6,0.6,100,0
"2025-11-22 06:15:00",113305,"",7999,2025,11,22,6,9,5,-0.0769,1.013,-0.041,-343576.4,0.963,-0.041,1.874,12,0,-0.041,0,-0.035,-0.083,13.21,-1.6,0.6,100,0
"2025-11-22 06:18:00",113306,"",7999,2025,11,22,6,9,5,-0.0769,1.013,-0.041,-343576.4,0.963,-0.041,1.874,12,0,-0.041,0,-0.035,-0.083,13.21,-1.6,0.6,100,0
"2025-11-22 06:21:00",113307,"",7999,2025,11,22,6,15,5,-0.0883,1.01,-0.047,-343606.9,0.96,-0.047,1.869,11.98,0,-0.047,0.001,-0.051,-0.083,13.21,-1.6,0.6,100,0
"2025-11-22 06:24:00",113308,"",7999,2025,11,22,6,15,5,-0.0883,1.01,-0.047,-343606.9,0.96,-0.047,1.869,11.98,0,-0.047,0.001,-0.051,-0.083,13.21,-1.6,0.6,100,0
"2025-11-22 06:27:00",113309,"",7999,2025,11,22,6,21,5,-0.0601,1.009,-0.032,-343631.9,0.959,-0.033,1.866,11.96,0,-0.033,0.001,-0.03,-0.047,13.21,-1.6,0.6,100,0
"2025-11-22 06:30:00",113310,"",7999,2025,11,22,6,21,5,-0.0601,1.009,-0.032,-343631.9,0.959,-0.033,1.866,11.96,0,-0.033,0.001,-0.03,-0.047,13.21,-1.6,0.6,100,0
"2025-11-22 06:33:00",113311,"",7999,2025,11,22,6,27,5,-0.0638,1.004,-0.034,-343654.5,0.954,-0.035,1.859,11.97,0,-0.035,-0.001,-0.044,-0.059,13.21,-1.6,0.6,100,0
"2025-11-22 06:36:00",113312,"",7999,2025,11,22,6,27,5,-0.0638,1.004,-0.034,-343654.5,0.954,-0.035,1.859,11.97,0,-0.035,-0.001,-0.044,-0.059,13.21,-1.6,0.6,100,0
"2025-11-22 06:39:00",113313,"",7999,2025,11,22,6,33,5,-0.0714,0.998,-0.039,-343679.3,0.948,-0.039,1.847,11.95,0,-0.039,-0.006,-0.026,-0.064,13.21,-1.6,0.6,100,0
"2025-11-22 06:42:00",113314,"",7999,2025,11,22,6,33,5,-0.0714,0.998,-0.039,-343679.3,0.948,-0.039,1.847,11.95,0,-0.039,-0.006,-0.026,-0.064,13.21,-1.6,0.6,100,0
"2025-11-22 06:45:00",113315,"",7999,2025,11,22,6,39,5,-0.0653,0.991,-0.036,-343703.5,0.941,-0.035,1.834,11.94,0,-0.035,-0.005,-0.028,-0.062,13.21,-1.6,0.6,100,0
"2025-11-22 06:48:00",113316,"",7999,2025,11,22,6,39,5,-0.0653,0.991,-0.036,-343703.5,0.941,-0.035,1.834,11.94,0,-0.035,-0.005,-0.028,-0.062,13.21,-1.6,0.6,100,0
"2025-11-22 06:51:00",113317,"",7999,2025,11,22,6,45,5,-0.1018,0.977,-0.056,-343735.8,0.927,-0.057,1.808,11.9,0,-0.057,-0.006,-0.037,-0.076,13.21,-1.7,0.6,100,0
"2025-11-22 06:54:00",113318,"",7999,2025,11,22,6,45,5,-0.1018,0.977,-0.056,-343735.8,0.927,-0.057,1.808,11.9,0,-0.057,-0.006,-0.037,-0.076,13.21,-1.7,0.6,100,0
"2025-11-22 06:57:00",113319,"",7999,2025,11,22,6,51,5,-0.0682,0.973,-0.038,-343764.4,0.923,-0.038,1.8,11.93,0,-0.038,0.002,-0.012,-0.024,13.21,-1.7,0.6,100,0
"2025-11-22 07:00:00",113320,"",7999,2025,11,22,6,51,5,-0.0682,0.973,-0.038,-343764.4,0.923,-0.038,1.8,11.93,0,-0.038,0.002,-0.012,-0.024,13.21,-1.7,0.6,100,0
"2025-11-22 07:03:00",113321,"",7999,2025,11,22,6,57,5,-0.116,0.957,-0.066,-343800.4,0.907,-0.067,1.771,11.95,0,-0.067,-0.007,-0.049,-0.076,13.21,-1.7,0.6,100,0
"2025-11-22 07:06:00",113322,"",7999,2025,11,22,6,57,5,-0.116,0.957,-0.066,-343800.4,0.907,-0.067,1.771,11.95,0,-0.067,-0.007,-0.049,-0.076,13.21,-1.7,0.6,100,0
"2025-11-22 07:09:00",113323,"",7999,2025,11,22,7,3,5,-0.1046,0.947,-0.06,-343839.5,0.897,-0.061,1.751,11.91,0,-0.061,-0.004,-0.033,-0.059,13.21,-1.7,0.6,100,0
"2025-11-22 07:12:00",113324,"",7999,2025,11,22,7,3,5,-0.1046,0.947,-0.06,-343839.5,0.897,-0.061,1.751,11.91,0,-0.061,-0.004,-0.033,-0.059,13.21,-1.7,0.6,100,0
"2025-11-22 07:15:00",113325,"",7999,2025,11,22,7,9,5,-0.1071,0.938,-0.062,-343877.8,0.888,-0.062,1.736,11.98,0,-0.062,-0.005,-0.046,-0.066,13.21,-1.7,0.6,100,0
"2025-11-22 07:18:00",113326,"",7999,2025,11,22,7,9,5,-0.1071,0.938,-0.062,-343877.8,0.888,-0.062,1.736,11.98,0,-0.062,-0.005,-0.046,-0.066,13.21,-1.7,0.6,100,0
"2025-11-22 07:21:00",113327,"",7999,2025,11,22,7,15,5,-0.1033,0.924,-0.06,-343915.4,0.874,-0.062,1.71,11.97,0,-0.062,-0.005,-0.044,-0.092,13.21,-1.7,0.6,100,0
"2025-11-22 07:24:00",113328,"",7999,2025,11,22,7,15,5,-0.1033,0.924,-0.06,-343915.4,0.874,-0.062,1.71,11.97,0,-0.062,-0.005,-0.044,-0.092,13.21,-1.7,0.6,100,0
"2025-11-22 07:27:00",113329,"",7999,2025,11,22,7,21,5,-0.0581,0.92,-0.034,-343941.8,0.87,-0.034,1.703,12,0,-0.034,-0.002,-0.007,-0.069,13.21,-1.7,0.6,100,0
"2025-11-22 07:30:00",113330,"",7999,2025,11,22,7,21,5,-0.0581,0.92,-0.034,-343941.8,0.87,-0.034,1.703,12,0,-0.034,-0.002,-0.007,-0.069,13.21,-1.7,0.6,100,0
"2025-11-22 07:33:00",113331,"",7999,2025,11,22,7,27,5,-0.0884,0.919,-0.052,-343970,0.869,-0.052,1.7,12.05,0,-0.052,0.002,-0.028,-0.083,13.21,-1.6,0.6,100,0
"2025-11-22 07:36:00",113332,"",7999,2025,11,22,7,27,5,-0.0884,0.919,-0.052,-343970,0.869,-0.052,1.7,12.05,0,-0.052,0.002,-0.028,-0.083,13.21,-1.6,0.6,100,0
"2025-11-22 07:39:00",113333,"",7999,2025,11,22,7,33,5,-0.0836,0.914,-0.049,-344000.7,0.864,-0.05,1.691,12.02,0,-0.05,0.003,-0.033,-0.078,13.21,-1.7,0.6,100,0
"2025-11-22 07:42:00",113334,"",7999,2025,11,22,7,33,5,-0.0836,0.914,-0.049,-344000.7,0.864,-0.05,1.691,12.02,0,-0.05,0.003,-0.033,-0.078,13.21,-1.7,0.6,100,0
"2025-11-22 07:45:00",113335,"",7999,2025,11,22,7,39,5,-0.0519,0.909,-0.031,-344023.2,0.859,-0.03,1.681,12.02,0,-0.03,0.004,-0.026,-0.054,13.21,-1.7,0.6,100,0
"2025-11-22 07:48:00",113336,"",7999,2025,11,22,7,39,5,-0.0519,0.909,-0.031,-344023.2,0.859,-0.03,1.681,12.02,0,-0.03,0.004,-0.026,-0.054,13.21,-1.7,0.6,100,0
"2025-11-22 07:51:00",113337,"",7999,2025,11,22,7,45,5,-0.0476,0.906,-0.028,-344040.8,0.856,-0.028,1.677,12.04,0,-0.028,0.004,-0.028,-0.043,13.21,-1.6,0.6,100,0
"2025-11-22 07:54:00",113338,"",7999,2025,11,22,7,45,5,-0.0476,0.906,-0.028,-344040.8,0.856,-0.028,1.677,12.04,0,-0.028,0.004,-0.028,-0.043,13.21,-1.6,0.6,100,0
"2025-11-22 07:57:00",113339,"",7999,2025,11,22,7,51,5,-0.0415,0.903,-0.025,-344056.5,0.853,-0.024,1.671,12.04,0,-0.024,0.005,-0.019,-0.031,13.21,-1.6,0.6,100,0
"2025-11-22 08:00:00",113340,"",7999,2025,11,22,7,51,5,-0.0415,0.903,-0.025,-344056.5,0.853,-0.024,1.671,12.04,0,-0.024,0.005,-0.019,-0.031,13.21,-1.6,0.6,100,0
"2025-11-22 08:03:00",113341,"",7999,2025,11,22,7,57,5,-0.0021,0.903,-0.001,-344062,0.853,-0.001,1.671,12.04,0,-0.001,0.001,0.005,-0.002,13.21,-1.6,0.6,100,0
"2025-11-22 08:06:00",113342,"",7999,2025,11,22,7,57,5,-0.0021,0.903,-0.001,-344062,0.853,-0.001,1.671,12.04,0,-0.001,0.001,0.005,-0.002,13.21,-1.6,0.6,100,0
"2025-11-22 08:09:00",113343,"",7999,2025,11,22,8,3,5,-0.0215,0.903,-0.013,-344067.4,0.853,-0.012,1.671,12.09,0,-0.012,0.001,-0.005,-0.007,13.21,-1.6,0.6,100,0
"2025-11-22 08:12:00",113344,"",7999,2025,11,22,8,3,5,-0.0215,0.903,-0.013,-344067.4,0.853,-0.012,1.671,12.09,0,-0.012,0.001,-0.005,-0.007,13.21,-1.6,0.6,100,0
"2025-11-22 08:15:00",113345,"",7999,2025,11,22,8,9,5,-0.042,0.899,-0.025,-344080.1,0.849,-0.024,1.664,12.09,0,-0.024,0.006,-0.021,-0.052,13.21,-1.6,0.6,100,0
"2025-11-22 08:18:00",113346,"",7999,2025,11,22,8,9,5,-0.042,0.899,-0.025,-344080.1,0.849,-0.024,1.664,12.09,0,-0.024,0.006,-0.021,-0.052,13.21,-1.6,0.6,100,0
"2025-11-22 08:21:00",113347,"",7999,2025,11,22,8,15,5,-0.0399,0.892,-0.024,-344094.7,0.842,-0.024,1.651,12.05,0,-0.024,0.003,-0.014,-0.066,13.21,-1.6,0.6,100,0
"2025-11-22 08:24:00",113348,"",7999,2025,11,22,8,15,5,-0.0399,0.892,-0.024,-344094.7,0.842,-0.024,1.651,12.05,0,-0.024,0.003,-0.014,-0.066,13.21,-1.6,0.6,100,0
"2025-11-22 08:27:00",113349,"",7999,2025,11,22,8,21,5,-0.0627,0.886,-0.038,-344114.6,0.836,-0.037,1.64,12.04,0,-0.037,0.004,-0.026,-0.076,13.21,-1.6,0.6,100,0
"2025-11-22 08:30:00",113350,"",7999,2025,11,22,8,21,5,-0.0627,0.886,-0.038,-344114.6,0.836,-0.037,1.64,12.04,0,-0.037,0.004,-0.026,-0.076,13.21,-1.6,0.6,100,0
"2025-11-22 08:33:00",113351,"",7999,2025,11,22,8,27,5,-0.0596,0.879,-0.037,-344136.4,0.829,-0.036,1.627,12.05,0,-0.036,0.007,-0.037,-0.064,13.21,-1.6,0.6,100,0
"2025-11-22 08:36:00",113352,"",7999,2025,11,22,8,27,5,-0.0596,0.879,-0.037,-344136.4,0.829,-0.036,1.627,12.05,0,-0.036,0.007,-0.037,-0.064,13.21,-1.6,0.6,100,0
"2025-11-22 08:39:00",113353,"",7999,2025,11,22,8,33,5,-0.0529,0.872,-0.033,-344156.3,0.822,-0.033,1.614,12.04,0,-0.033,0.008,-0.021,-0.057,13.21,-1.6,0.6,100,0
"2025-11-22 08:42:00",113354,"",7999,2025,11,22,8,33,5,-0.0529,0.872,-0.033,-344156.3,0.822,-0.033,1.614,12.04,0,-0.033,0.008,-0.021,-0.057,13.21,-1.6,0.6,100,0
"2025-11-22 08:45:00",113355,"",7999,2025,11,22,8,39,5,-0.0738,0.863,-0.046,-344180.3,0.813,-0.047,1.597,12.06,0,-0.047,0.002,-0.026,-0.073,13.21,-1.6,0.6,100,0
"2025-11-22 08:48:00",113356,"",7999,2025,11,22,8,39,5,-0.0738,0.863,-0.046,-344180.3,0.813,-0.047,1.597,12.06,0,-0.047,0.002,-0.026,-0.073,13.21,-1.6,0.6,100,0
"2025-11-22 08:51:00",113357,"",7999,2025,11,22,8,45,5,-0.0523,0.85,-0.033,-344201.8,0.8,-0.033,1.573,12.06,0,-0.033,0,-0.016,-0.073,13.21,-1.6,0.6,100,0
"2025-11-22 08:54:00",113358,"",7999,2025,11,22,8,45,5,-0.0523,0.85,-0.033,-344201.8,0.8,-0.033,1.573,12.06,0,-0.033,0,-0.016,-0.073,13.21,-1.6,0.6,100,0
"2025-11-22 08:57:00",113359,"",7999,2025,11,22,8,51,5,-0.0442,0.846,-0.028,-344218.7,0.796,-0.028,1.565,12.09,0,-0.028,0.004,-0.026,-0.045,13.21,-1.6,0.6,100,0
"2025-11-22 09:00:00",113360,"",7999,2025,11,22,8,51,5,-0.0442,0.846,-0.028,-344218.7,0.796,-0.028,1.565,12.09,0,-0.028,0.004,-0.026,-0.045,13.21,-1.6,0.6,100,0
"2025-11-22 09:03:00",113361,"",7999,2025,11,22,8,57,5,-0.052,0.834,-0.034,-344236.4,0.784,-0.034,1.543,12.1,0,-0.034,0,-0.007,-0.078,13.21,-1.6,0.6,100,0
"2025-11-22 09:06:00",113362,"",7999,2025,11,22,8,57,5,-0.052,0.834,-0.034,-344236.4,0.784,-0.034,1.543,12.1,0,-0.034,0,-0.007,-0.078,13.21,-1.6,0.6,100,0
"2025-11-22 09:09:00",113363,"",7999,2025,11,22,9,3,5,-0.0435,0.824,-0.029,-344253.2,0.774,-0.027,1.525,12.11,0,-0.027,0.003,-0.021,-0.038,13.21,-1.6,0.6,100,0
"2025-11-22 09:12:00",113364,"",7999,2025,11,22,9,3,5,-0.0435,0.824,-0.029,-344253.2,0.774,-0.027,1.525,12.11,0,-0.027,0.003,-0.021,-0.038,13.21,-1.6,0.6,100,0
"2025-11-22 09:15:00",113365,"",7999,2025,11,22,9,9,5,-0.0567,0.819,-0.037,-344272,0.769,-0.037,1.516,12.14,0,-0.037,0.007,-0.03,-0.057,13.21,-1.6,0.6,100,0
"2025-11-22 09:18:00",113366,"",7999,2025,11,22,9,9,5,-0.0567,0.819,-0.037,-344272,0.769,-0.037,1.516,12.14,0,-0.037,0.007,-0.03,-0.057,13.21,-1.6,0.6,100,0
"2025-11-22 09:21:00",113367,"",7999,2025,11,22,9,15,5,-0.0772,0.805,-0.052,-344297.3,0.755,-0.052,1.489,12.11,0,-0.052,0.003,-0.04,-0.083,13.21,-1.6,0.6,100,0
"2025-11-22 09:24:00",113368,"",7999,2025,11,22,9,15,5,-0.0772,0.805,-0.052,-344297.3,0.755,-0.052,1.489,12.11,0,-0.052,0.003,-0.04,-0.083,13.21,-1.6,0.6,100,0
"2025-11-22 09:27:00",113369,"",7999,2025,11,22,9,21,5,-0.0606,0.796,-0.041,-344321.2,0.746,-0.04,1.473,12.12,0,-0.04,0.006,-0.033,-0.05,13.21,-1.6,0.6,100,0
"2025-11-22 09:30:00",113370,"",7999,2025,11,22,9,21,5,-0.0606,0.796,-0.041,-344321.2,0.746,-0.04,1.473,12.12,0,-0.04,0.006,-0.033,-0.05,13.21,-1.6,0.6,100,0
"2025-11-22 09:33:00",113371,"",7999,2025,11,22,9,27,5,-0.0618,0.79,-0.042,-344343.3,0.74,-0.042,1.462,12.14,0,-0.042,0.005,-0.044,-0.076,13.21,-1.6,0.6,100,0
"2025-11-22 09:36:00",113372,"",7999,2025,11,22,9,27,5,-0.0618,0.79,-0.042,-344343.3,0.74,-0.042,1.462,12.14,0,-0.042,0.005,-0.044,-0.076,13.21,-1.6,0.6,100,0
"2025-11-22 09:39:00",113373,"",7999,2025,11,22,9,33,5,-0.0315,0.782,-0.022,-344358.3,0.732,-0.022,1.448,12.14,0,-0.022,0.004,-0.019,-0.038,13.21,-1.7,0.6,100,0
"2025-11-22 09:42:00",113374,"",7999,2025,11,22,9,33,5,-0.0315,0.782,-0.022,-344358.3,0.732,-0.022,1.448,12.14,0,-0.022,0.004,-0.019,-0.038,13.21,-1.7,0.6,100,0
"2025-11-22 09:45:00",113375,"",7999,2025,11,22,9,39,5,-0.011,0.786,-0.008,-344364.7,0.736,-0.006,1.454,12.17,0,-0.006,0.001,0.009,-0.005,13.21,-1.6,0.6,100,0
"2025-11-22 09:48:00",113376,"",7999,2025,11,22,9,39,5,-0.011,0.786,-0.008,-344364.7,0.736,-0.006,1.454,12.17,0,-0.006,0.001,0.009,-0.005,13.21,-1.6,0.6,100,0
"2025-11-22 09:51:00",113377,"",7999,2025,11,22,9,45,5,-0.0242,0.783,-0.017,-344371.8,0.733,-0.016,1.45,12.2,0,-0.016,0.002,-0.002,-0.012,13.21,-1.6,0.6,100,0
"2025-11-22 09:54:00",113378,"",7999,2025,11,22,9,45,5,-0.0242,0.783,-0.017,-344371.8,0.733,-0.016,1.45,12.2,0,-0.016,0.002,-0.002,-0.012,13.21,-1.6,0.6,100,0
"2025-11-22 09:57:00",113379,"",7999,2025,11,22,9,51,5,-0.035,0.774,-0.024,-344383.1,0.724,-0.023,1.432,12.21,0,-0.023,0.003,-0.021,-0.043,13.21,-1.6,0.6,100,0
"2025-11-22 10:00:00",113380,"",7999,2025,11,22,9,51,5,-0.035,0.774,-0.024,-344383.1,0.724,-0.023,1.432,12.21,0,-0.023,0.003,-0.021,-0.043,13.21,-1.6,0.6,100,0
"2025-11-22 10:03:00",113381,"",7999,2025,11,22,9,57,5,-0.0179,0.768,-0.013,-344391.7,0.718,-0.011,1.421,12.21,0,-0.011,0.003,-0.009,-0.028,13.21,-1.7,0.6,100,0
"2025-11-22 10:06:00",113382,"",7999,2025,11,22,9,57,5,-0.0179,0.768,-0.013,-344391.7,0.718,-0.011,1.421,12.21,0,-0.011,0.003,-0.009,-0.028,13.21,-1.7,0.6,100,0
"2025-11-22 10:09:00",113383,"",7999,2025,11,22,10,3,5,-0.0215,0.766,-0.015,-344399,0.716,-0.013,1.417,12.21,0,-0.013,0.002,-0.002,-0.019,13.21,-1.7,0.6,100,0
"2025-11-22 10:12:00",113384,"",7999,2025,11,22,10,3,5,-0.0215,0.766,-0.015,-344399,0.716,-0.013,1.417,12.21,0,-0.013,0.002,-0.002,-0.019,13.21,-1.7,0.6,100,0
"2025-11-22 10:15:00",113385,"",7999,2025,11,22,10,9,5,-0.0263,0.767,-0.019,-344407.9,0.717,-0.017,1.42,12.23,0,-0.017,0.001,0.002,-0.021,13.21,-1.7,0.6,100,0
"2025-11-22 10:18:00",113386,"",7999,2025,11,22,10,9,5,-0.0263,0.767,-0.019,-344407.9,0.717,-0.017,1.42,12.23,0,-0.017,0.001,0.002,-0.021,13.21,-1.7,0.6,100,0
"2025-11-22 10:21:00",113387,"",7999,2025,11,22,10,15,5,-0.0298,0.77,-0.021,-344418.2,0.72,-0.021,1.425,12.28,0,-0.021,0.002,-0.009,-0.036,13.21,-1.7,0.6,100,0
"2025-11-22 10:24:00",113388,"",7999,2025,11,22,10,15,5,-0.0298,0.77,-0.021,-344418.2,0.72,-0.021,1.425,12.28,0,-0.021,0.002,-0.009,-0.036,13.21,-1.7,0.6,100,0
"2025-11-22 10:27:00",113389,"",7999,2025,11,22,10,21,5,-0.0447,0.76,-0.032,-344432.6,0.71,-0.031,1.406,12.25,0,-0.031,0.005,-0.035,-0.052,13.21,-1.7,0.6,100,0
"2025-11-22 10:30:00",113390,"",7999,2025,11,22,10,21,5,-0.0447,0.76,-0.032,-344432.6,0.71,-0.031,1.406,12.25,0,-0.031,0.005,-0.035,-0.052,13.21,-1.7,0.6,100,0
"2025-11-22 10:33:00",113391,"",7999,2025,11,22,10,27,5,-0.0266,0.75,-0.019,-344444.3,0.7,-0.018,1.388,12.26,0,-0.018,0.004,-0.021,-0.019,13.21,-1.7,0.6,100,0
"2025-11-22 10:36:00",113392,"",7999,2025,11,22,10,27,5,-0.0266,0.75,-0.019,-344444.3,0.7,-0.018,1.388,12.26,0,-0.018,0.004,-0.021,-0.019,13.21,-1.7,0.6,100,0
"2025-11-22 10:39:00",113393,"",7999,2025,11,22,10,33,5,-0.0126,0.749,-0.009,-344450.6,0.699,-0.007,1.387,12.31,0,-0.007,0.001,0,-0.019,13.21,-1.7,0.6,100,0
"2025-11-22 10:42:00",113394,"",7999,2025,11,22,10,33,5,-0.0126,0.749,-0.009,-344450.6,0.699,-0.007,1.387,12.31,0,-0.007,0.001,0,-0.019,13.21,-1.7,0.6,100,0
"2025-11-22 10:45:00",113395,"",7999,2025,11,22,10,39,5,-0.0165,0.746,-0.012,-344456.1,0.696,-0.011,1.381,12.31,0,-0.011,0.002,-0.005,-0.007,13.21,-1.7,0.6,100,0
"2025-11-22 10:48:00",113396,"",7999,2025,11,22,10,39,5,-0.0165,0.746,-0.012,-344456.1,0.696,-0.011,1.381,12.31,0,-0.011,0.002,-0.005,-0.007,13.21,-1.7,0.6,100,0
"2025-11-22 10:51:00",113397,"",7999,2025,11,22,10,45,5,-0.0233,0.742,-0.017,-344463.7,0.692,-0.016,1.374,12.31,0,-0.016,0.002,-0.002,-0.024,13.21,-1.7,0.6,100,0
"2025-11-22 10:54:00",113398,"",7999,2025,11,22,10,45,5,-0.0233,0.742,-0.017,-344463.7,0.692,-0.016,1.374,12.31,0,-0.016,0.002,-0.002,-0.024,13.21,-1.7,0.6,100,0
"2025-11-22 10:57:00",113399,"",7999,2025,11,22,10,51,5,-0.0248,0.737,-0.018,-344472.4,0.687,-0.017,1.364,12.3,0,-0.017,0.001,-0.002,-0.026,13.21,-1.7,0.6,100,0
"2025-11-22 11:00:00",113400,"",7999,2025,11,22,10,51,5,-0.0248,0.737,-0.018,-344472.4,0.687,-0.017,1.364,12.3,0,-0.017,0.001,-0.002,-0.026,13.21,-1.7,0.6,100,0
"2025-11-22 11:03:00",113401,"",7999,2025,11,22,10,57,5,-0.0332,0.73,-0.025,-344483.4,0.68,-0.024,1.351,12.31,0,-0.024,0.001,-0.009,-0.028,13.21,-1.7,0.6,100,0
"2025-11-22 11:06:00",113402,"",7999,2025,11,22,10,57,5,-0.0332,0.73,-0.025,-344483.4,0.68,-0.024,1.351,12.31,0,-0.024,0.001,-0.009,-0.028,13.21,-1.7,0.6,100,0
"2025-11-22 11:09:00",113403,"",7999,2025,11,22,11,3,5,-0.0152,0.73,-0.011,-344491,0.68,-0.01,1.351,12.31,0,-0.01,0.001,0.002,-0.017,13.21,-1.7,0.6,100,0
"2025-11-22 11:12:00",113404,"",7999,2025,11,22,11,3,5,-0.0152,0.73,-0.011,-344491,0.68,-0.01,1.351,12.31,0,-0.01,0.001,0.002,-0.017,13.21,-1.7,0.6,100,0
"2025-11-22 11:15:00",113405,"",7999,2025,11,22,11,9,5,-0.0228,0.735,-0.017,-344498.3,0.685,-0.016,1.36,12.31,0,-0.016,0.001,-0.002,-0.021,13.21,-1.7,0.6,100,0
"2025-11-22 11:18:00",113406,"",7999,2025,11,22,11,9,5,-0.0228,0.735,-0.017,-344498.3,0.685,-0.016,1.36,12.31,0,-0.016,0.001,-0.002,-0.021,13.21,-1.7,0.6,100,0
"2025-11-22 11:21:00",113407,"",7999,2025,11,22,11,15,5,-0.034,0.729,-0.025,-344509.3,0.679,-0.024,1.348,12.3,0,-0.024,0.001,-0.009,-0.031,13.21,-1.7,0.6,100,0
"2025-11-22 11:24:00",113408,"",7999,2025,11,22,11,15,5,-0.034,0.729,-0.025,-344509.3,0.679,-0.024,1.348,12.3,0,-0.024,0.001,-0.009,-0.031,13.21,-1.7,0.6,100,0
"2025-11-22 11:27:00",113409,"",7999,2025,11,22,11,21,5,-0.0426,0.717,-0.032,-344523.6,0.667,-0.031,1.327,12.3,0,-0.031,0.003,-0.019,-0.054,13.21,-1.7,0.6,100,0
"2025-11-22 11:30:00",113410,"",7999,2025,11,22,11,21,5,-0.0426,0.717,-0.032,-344523.6,0.667,-0.031,1.327,12.3,0,-0.031,0.003,-0.019,-0.054,13.21,-1.7,0.6,100,0
"2025-11-22 11:33:00",113411,"",7999,2025,11,22,11,27,5,-0.0224,0.711,-0.017,-344534.1,0.661,-0.016,1.317,12.34,0,-0.016,0.002,-0.007,-0.024,13.21,-1.7,0.6,100,0
"2025-11-22 11:36:00",113412,"",7999,2025,11,22,11,27,5,-0.0224,0.711,-0.017,-344534.1,0.661,-0.016,1.317,12.34,0,-0.016,0.002,-0.007,-0.024,13.21,-1.7,0.6,100,0
"2025-11-22 11:39:00",113413,"",7999,2025,11,22,11,33,5,-0.0173,0.706,-0.013,-344541,0.656,-0.011,1.306,12.34,0,-0.011,0.001,-0.005,-0.005,13.21,-1.7,0.6,100,0
"2025-11-22 11:42:00",113414,"",7999,2025,11,22,11,33,5,-0.0173,0.706,-0.013,-344541,0.656,-0.011,1.306,12.34,0,-0.011,0.001,-0.005,-0.005,13.21,-1.7,0.6,100,0
"2025-11-22 11:45:00",113415,"",7999,2025,11,22,11,39,5,0.0047,0.712,0.004,-344541.9,0.662,0.002,1.317,12.35,0,0.002,0,0.012,0.007,13.21,-1.7,0.6,100,0
"2025-11-22 11:48:00",113416,"",7999,2025,11,22,11,39,5,0.0047,0.712,0.004,-344541.9,0.662,0.002,1.317,12.35,0,0.002,0,0.012,0.007,13.21,-1.7,0.6,100,0
"2025-11-22 11:51:00",113417,"",7999,2025,11,22,11,45,5,-0.0107,0.706,-0.008,-344543.9,0.656,-0.006,1.307,12.34,0,-0.006,0.001,-0.007,-0.012,13.21,-1.7,0.6,100,0
"2025-11-22 11:54:00",113418,"",7999,2025,11,22,11,45,5,-0.0107,0.706,-0.008,-344543.9,0.656,-0.006,1.307,12.34,0,-0.006,0.001,-0.007,-0.012,13.21,-1.7,0.6,100,0
"2025-11-22 11:57:00",113419,"",7999,2025,11,22,11,51,5,-0.0181,0.709,-0.014,-344549.6,0.659,-0.013,1.312,12.34,0,-0.013,0.002,0,-0.036,13.21,-1.7,0.6,100,0
"2025-11-22 12:00:00",113420,"",7999,2025,11,22,11,51,5,-0.0181,0.709,-0.014,-344549.6,0.659,-0.013,1.312,12.34,0,-0.013,0.002,0,-0.036,13.21,-1.7,0.6,100,0
"2025-11-22 12:03:00",113421,"",7999,2025,11,22,11,57,5,-0.0146,0.708,-0.011,-344555.3,0.658,-0.01,1.31,12.37,0,-0.01,0,0.002,-0.012,13.21,-1.7,0.6,100,0
"2025-11-22 12:06:00",113422,"",7999,2025,11,22,11,57,5,-0.0146,0.708,-0.011,-344555.3,0.658,-0.01,1.31,12.37,0,-0.01,0,0.002,-0.012,13.21,-1.7,0.6,100,0
"2025-11-22 12:09:00",113423,"",7999,2025,11,22,12,3,5,-0.0098,0.709,-0.008,-344559.4,0.659,-0.006,1.313,12.4,0,-0.006,-0.001,0.002,-0.012,13.21,-1.7,0.6,100,0
"2025-11-22 12:12:00",113424,"",7999,2025,11,22,12,3,5,-0.0098,0.709,-0.008,-344559.4,0.659,-0.006,1.313,12.4,0,-0.006,-0.001,0.002,-0.012,13.21,-1.7,0.6,100,0
"2025-11-22 12:15:00",113425,"",7999,2025,11,22,12,9,5,-0.0038,0.713,-0.003,-344561.5,0.663,-0.001,1.32,12.43,0,-0.001,-0.001,0,-0.005,13.21,-1.7,0.6,100,0
"2025-11-22 12:18:00",113426,"",7999,2025,11,22,12,9,5,-0.0038,0.713,-0.003,-344561.5,0.663,-0.001,1.32,12.43,0,-0.001,-0.001,0,-0.005,13.21,-1.7,0.6,100,0
"2025-11-22 12:21:00",113427,"",7999,2025,11,22,12,15,5,0.0048,0.723,0.004,-344560.8,0.673,0.004,1.338,12.44,0,0.004,0.002,0.009,0,13.21,-1.7,0.6,100,0
"2025-11-22 12:24:00",113428,"",7999,2025,11,22,12,15,5,0.0048,0.723,0.004,-344560.8,0.673,0.004,1.338,12.44,0,0.004,0.002,0.009,0,13.21,-1.7,0.6,100,0
"2025-11-22 12:27:00",113429,"",7999,2025,11,22,12,21,5,0.0098,0.733,0.007,-344557.8,0.683,0.007,1.356,12.48,0,0.007,-0.001,0.002,0.002,13.21,-1.7,0.6,100,0
"2025-11-22 12:30:00",113430,"",7999,2025,11,22,12,21,5,0.0098,0.733,0.007,-344557.8,0.683,0.007,1.356,12.48,0,0.007,-0.001,0.002,0.002,13.21,-1.7,0.6,100,0
"2025-11-22 12:33:00",113431,"",7999,2025,11,22,12,27,5,0.0144,0.742,0.011,-344553.2,0.692,0.01,1.373,12.48,0,0.01,0,-0.021,0,13.21,-1.7,0.6,100,0
"2025-11-22 12:36:00",113432,"",7999,2025,11,22,12,27,5,0.0144,0.742,0.011,-344553.2,0.692,0.01,1.373,12.48,0,0.01,0,-0.021,0,13.21,-1.7,0.6,100,0
"2025-11-22 12:39:00",113433,"",7999,2025,11,22,12,33,5,0.0073,0.748,0.005,-344549.7,0.698,0.005,1.385,12.5,2,0.005,0,-0.014,-0.017,13.21,-2,0.6,100,0
"2025-11-22 12:42:00",113434,"",7999,2025,11,22,12,33,5,0.0073,0.748,0.005,-344549.7,0.698,0.005,1.385,12.5,2,0.005,0,-0.014,-0.017,13.21,-2,0.6,100,0
"2025-11-22 12:45:00",113435,"",7999,2025,11,22,12,39,5,0,0.755,0,-344548.8,0.705,0,1.397,12.55,0,0,0,0,-0.009,13.21,-1.8,0.6,100,0
"2025-11-22 12:48:00",113436,"",7999,2025,11,22,12,39,5,0,0.755,0,-344548.8,0.705,0,1.397,12.55,0,0,0,0,-0.009,13.21,-1.8,0.6,100,0
"2025-11-22 12:51:00",113437,"",7999,2025,11,22,12,45,5,0.0094,0.766,0.007,-344546.5,0.716,0.006,1.417,12.52,0,0.006,0.002,0,-0.007,13.21,-1.8,0.6,100,0
"2025-11-22 12:54:00",113438,"",7999,2025,11,22,12,45,5,0.0094,0.766,0.007,-344546.5,0.716,0.006,1.417,12.52,0,0.006,0.002,0,-0.007,13.21,-1.8,0.6,100,0
"2025-11-22 12:57:00",113439,"",7999,2025,11,22,12,51,5,0.0114,0.777,0.008,-344542.6,0.727,0.007,1.438,12.51,0,0.007,0,0,0.007,13.21,-1.7,0.6,100,0
"2025-11-22 13:00:00",113440,"",7999,2025,11,22,12,51,5,0.0114,0.777,0.008,-344542.6,0.727,0.007,1.438,12.51,0,0.007,0,0,0.007,13.21,-1.7,0.6,100,0
"2025-11-22 13:03:00",113441,"",7999,2025,11,22,12,57,5,0.0365,0.79,0.025,-344532.5,0.74,0.024,1.461,12.52,0,0.024,0,0.002,0.014,13.21,-1.7,0.6,100,0
"2025-11-22 13:06:00",113442,"",7999,2025,11,22,12,57,5,0.0365,0.79,0.025,-344532.5,0.74,0.024,1.461,12.52,0,0.024,0,0.002,0.014,13.21,-1.7,0.6,100,0
"2025-11-22 13:09:00",113443,"",7999,2025,11,22,13,3,5,0.0111,0.791,0.008,-344525.4,0.741,0.005,1.463,12.47,0,0.005,-0.002,0,-0.005,13.21,-1.7,0.6,100,0
"2025-11-22 13:12:00",113444,"",7999,2025,11,22,13,3,5,0.0111,0.791,0.008,-344525.4,0.741,0.005,1.463,12.47,0,0.005,-0.002,0,-0.005,13.21,-1.7,0.6,100,0
"2025-11-22 13:15:00",113445,"",7999,2025,11,22,13,9,5,0.0014,0.793,0.001,-344523.8,0.743,0,1.467,12.54,0,0,0,-0.014,-0.012,13.21,-1.7,0.6,100,0
"2025-11-22 13:18:00",113446,"",7999,2025,11,22,13,9,5,0.0014,0.793,0.001,-344523.8,0.743,0,1.467,12.54,0,0,0,-0.014,-0.012,13.21,-1.7,0.6,100,0
"2025-11-22 13:21:00",113447,"",7999,2025,11,22,13,15,5,0.0192,0.802,0.013,-344518.9,0.752,0.012,1.484,12.59,0,0.012,0,0.002,0.017,13.21,-1.8,0.6,100,0
"2025-11-22 13:24:00",113448,"",7999,2025,11,22,13,15,5,0.0192,0.802,0.013,-344518.9,0.752,0.012,1.484,12.59,0,0.012,0,0.002,0.017,13.21,-1.8,0.6,100,0
"2025-11-22 13:27:00",113449,"",7999,2025,11,22,13,21,5,0.0225,0.811,0.015,-344511.2,0.761,0.015,1.5,12.57,0,0.015,-0.001,0.012,0.002,13.21,-1.8,0.6,100,0
"2025-11-22 13:30:00",113450,"",7999,2025,11,22,13,21,5,0.0225,0.811,0.015,-344511.2,0.761,0.015,1.5,12.57,0,0.015,-0.001,0.012,0.002,13.21,-1.8,0.6,100,0
"2025-11-22 13:33:00",113451,"",7999,2025,11,22,13,27,5,0.0068,0.803,0.005,-344506.9,0.753,0.004,1.485,12.55,2,0.004,-0.002,0.005,-0.002,13.21,-2,0.6,100,0
"2025-11-22 13:36:00",113452,"",7999,2025,11,22,13,27,5,0.0068,0.803,0.005,-344506.9,0.753,0.004,1.485,12.55,2,0.004,-0.002,0.005,-0.002,13.21,-2,0.6,100,0
"2025-11-22 13:39:00",113453,"",7999,2025,11,22,13,33,5,-0.0131,0.81,-0.009,-344509.2,0.76,-0.008,1.499,12.66,0,-0.008,0.002,-0.021,-0.043,13.21,-1.9,0.6,100,0
"2025-11-22 13:42:00",113454,"",7999,2025,11,22,13,33,5,-0.0131,0.81,-0.009,-344509.2,0.76,-0.008,1.499,12.66,0,-0.008,0.002,-0.021,-0.043,13.21,-1.9,0.6,100,0
"2025-11-22 13:45:00",113455,"",7999,2025,11,22,13,39,5,-0.0404,0.807,-0.027,-344520.5,0.757,-0.027,1.494,12.92,2,-0.027,0.005,-0.04,-0.052,13.21,-2.1,0.7,100,0
"2025-11-22 13:48:00",113456,"",7999,2025,11,22,13,39,5,-0.0404,0.807,-0.027,-344520.5,0.757,-0.027,1.494,12.92,2,-0.027,0.005,-0.04,-0.052,13.21,-2.1,0.7,100,0
"2025-11-22 13:51:00",113457,"",7999,2025,11,22,13,45,5,-0.0023,0.807,-0.002,-344525.9,0.757,0,1.494,12.97,2,0,0,-0.002,-0.019,13.21,-2.1,0.7,100,0
"2025-11-22 13:54:00",113458,"",7999,2025,11,22,13,45,5,-0.0023,0.807,-0.002,-344525.9,0.757,0,1.494,12.97,2,0,0,-0.002,-0.019,13.21,-2.1,0.7,100,0
"2025-11-22 13:57:00",113459,"",7999,2025,11,22,13,51,5,0.0152,0.803,0.01,-344522.5,0.753,0.01,1.487,12.91,2,0.01,0,0,0.019,13.21,-2.1,0.7,100,0
"2025-11-22 14:00:00",113460,"",7999,2025,11,22,13,51,5,0.0152,0.803,0.01,-344522.5,0.753,0.01,1.487,12.91,2,0.01,0,0,0.019,13.21,-2.1,0.7,100,0
"2025-11-22 14:03:00",113461,"",7999,2025,11,22,13,57,5,0.0089,0.788,0.006,-344518.6,0.738,0.005,1.459,12.81,2,0.005,-0.002,0.007,-0.005,13.21,-2.1,0.7,100,0
"2025-11-22 14:06:00",113462,"",7999,2025,11,22,13,57,5,0.0089,0.788,0.006,-344518.6,0.738,0.005,1.459,12.81,2,0.005,-0.002,0.007,-0.005,13.21,-2.1,0.7,100,0
"2025-11-22 14:09:00",113463,"",7999,2025,11,22,14,3,5,-0.0109,0.798,-0.007,-344520.1,0.748,-0.007,1.477,12.89,2,-0.007,-0.001,-0.016,-0.007,13.21,-2.2,0.8,100,0
"2025-11-22 14:12:00",113464,"",7999,2025,11,22,14,3,5,-0.0109,0.798,-0.007,-344520.1,0.748,-0.007,1.477,12.89,2,-0.007,-0.001,-0.016,-0.007,13.21,-2.2,0.8,100,0
"2025-11-22 14:15:00",113465,"",7999,2025,11,22,14,9,5,-0.001,0.799,-0.001,-344521.7,0.749,-0.001,1.479,12.97,2,-0.001,0.001,0,-0.017,13.21,-2.1,0.7,100,0
"2025-11-22 14:18:00",113466,"",7999,2025,11,22,14,9,5,-0.001,0.799,-0.001,-344521.7,0.749,-0.001,1.479,12.97,2,-0.001,0.001,0,-0.017,13.21,-2.1,0.7,100,0
"2025-11-22 14:21:00",113467,"",7999,2025,11,22,14,15,5,0.0232,0.812,0.015,-344516.2,0.762,0.015,1.503,12.94,2,0.015,0,0.009,0.017,13.21,-2,0.7,100,0
"2025-11-22 14:24:00",113468,"",7999,2025,11,22,14,15,5,0.0232,0.812,0.015,-344516.2,0.762,0.015,1.503,12.94,2,0.015,0,0.009,0.017,13.21,-2,0.7,100,0
"2025-11-22 14:27:00",113469,"",7999,2025,11,22,14,21,5,0.0798,0.808,0.053,-344494.3,0.758,0.053,1.495,12.85,0,0.053,-0.004,0.03,0.05,13.21,-1.9,0.7,100,0
"2025-11-22 14:30:00",113470,"",7999,2025,11,22,14,21,5,0.0798,0.808,0.053,-344494.3,0.758,0.053,1.495,12.85,0,0.053,-0.004,0.03,0.05,13.21,-1.9,0.7,100,0
"2025-11-22 14:33:00",113471,"",7999,2025,11,22,14,27,5,0.0574,0.823,0.038,-344470.9,0.773,0.038,1.523,12.89,0,0.038,-0.002,0.021,0.028,13.21,-1.8,0.7,100,0
"2025-11-22 14:36:00",113472,"",7999,2025,11,22,14,27,5,0.0574,0.823,0.038,-344470.9,0.773,0.038,1.523,12.89,0,0.038,-0.002,0.021,0.028,13.21,-1.8,0.7,100,0
"2025-11-22 14:39:00",113473,"",7999,2025,11,22,14,33,5,0.043,0.837,0.028,-344453.7,0.787,0.028,1.549,12.91,0,0.028,-0.001,0.019,0.024,13.21,-1.7,0.6,100,0
"2025-11-22 14:42:00",113474,"",7999,2025,11,22,14,33,5,0.043,0.837,0.028,-344453.7,0.787,0.028,1.549,12.91,0,0.028,-0.001,0.019,0.024,13.21,-1.7,0.6,100,0
"2025-11-22 14:45:00",113475,"",7999,2025,11,22,14,39,5,0.0499,0.847,0.032,-344436.5,0.797,0.033,1.567,13.02,0,0.033,-0.001,0.012,0.024,13.21,-1.7,0.6,100,0
"2025-11-22 14:48:00",113476,"",7999,2025,11,22,14,39,5,0.0499,0.847,0.032,-344436.5,0.797,0.033,1.567,13.02,0,0.033,-0.001,0.012,0.024,13.21,-1.7,0.6,100,0
"2025-11-22 14:51:00",113477,"",7999,2025,11,22,14,45,5,0.0525,0.855,0.033,-344417.9,0.805,0.033,1.582,13.16,0,0.033,-0.002,0.009,0.019,13.21,-1.6,0.6,100,0
"2025-11-22 14:54:00",113478,"",7999,2025,11,22,14,45,5,0.0525,0.855,0.033,-344417.9,0.805,0.033,1.582,13.16,0,0.033,-0.002,0.009,0.019,13.21,-1.6,0.6,100,0
"2025-11-22 14:57:00",113479,"",7999,2025,11,22,14,51,5,0.0799,0.857,0.05,-344392.4,0.807,0.051,1.585,13.35,0,0.051,-0.001,0.03,0.04,13.21,-1.6,0.6,100,0
"2025-11-22 15:00:00",113480,"",7999,2025,11,22,14,51,5,0.0799,0.857,0.05,-344392.4,0.807,0.051,1.585,13.35,0,0.051,-0.001,0.03,0.04,13.21,-1.6,0.6,100,0
"2025-11-22 15:03:00",113481,"",7999,2025,11,22,14,57,5,0.0496,0.876,0.031,-344370.8,0.826,0.03,1.621,13.65,0,0.03,-0.001,0.016,0.014,13.21,-1.6,0.6,100,0
"2025-11-22 15:06:00",113482,"",7999,2025,11,22,14,57,5,0.0496,0.876,0.031,-344370.8,0.826,0.03,1.621,13.65,0,0.03,-0.001,0.016,0.014,13.21,-1.6,0.6,100,0
"2025-11-22 15:09:00",113483,"",7999,2025,11,22,15,3,5,0.0626,0.884,0.038,-344349.9,0.834,0.037,1.635,13.86,0,0.037,-0.007,0.002,0.007,13.21,-1.6,0.6,100,0
"2025-11-22 15:12:00",113484,"",7999,2025,11,22,15,3,5,0.0626,0.884,0.038,-344349.9,0.834,0.037,1.635,13.86,0,0.037,-0.007,0.002,0.007,13.21,-1.6,0.6,100,0
"2025-11-22 15:15:00",113485,"",7999,2025,11,22,15,9,5,0.0377,0.888,0.023,-344333.3,0.838,0.023,1.643,13.96,0,0.023,-0.003,0,0.002,13.21,-1.6,0.6,100,0
"2025-11-22 15:18:00",113486,"",7999,2025,11,22,15,9,5,0.0377,0.888,0.023,-344333.3,0.838,0.023,1.643,13.96,0,0.023,-0.003,0,0.002,13.21,-1.6,0.6,100,0
"2025-11-22 15:21:00",113487,"",7999,2025,11,22,15,15,5,0.1228,0.879,0.076,-344299.3,0.829,0.076,1.626,13.97,0,0.076,-0.007,0.037,0.036,13.21,-1.6,0.6,100,0
"2025-11-22 15:24:00",113488,"",7999,2025,11,22,15,15,5,0.1228,0.879,0.076,-344299.3,0.829,0.076,1.626,13.97,0,0.076,-0.007,0.037,0.036,13.21,-1.6,0.6,100,0
"2025-11-22 15:27:00",113489,"",7999,2025,11,22,15,21,5,0.0848,0.864,0.053,-344264.2,0.814,0.053,1.6,13.9,0,0.053,-0.004,0.04,0.031,13.21,-1.6,0.6,100,0
"2025-11-22 15:30:00",113490,"",7999,2025,11,22,15,21,5,0.0848,0.864,0.053,-344264.2,0.814,0.053,1.6,13.9,0,0.053,-0.004,0.04,0.031,13.21,-1.6,0.6,100,0
"2025-11-22 15:33:00",113491,"",7999,2025,11,22,15,27,5,0.0785,0.865,0.049,-344235.2,0.815,0.05,1.6,13.91,0,0.05,-0.007,0.035,0.017,13.21,-1.6,0.6,100,0
"2025-11-22 15:36:00",113492,"",7999,2025,11,22,15,27,5,0.0785,0.865,0.049,-344235.2,0.815,0.05,1.6,13.91,0,0.05,-0.007,0.035,0.017,13.21,-1.6,0.6,100,0
"2025-11-22 15:39:00",113493,"",7999,2025,11,22,15,33,5,0.0609,0.864,0.038,-344211.3,0.814,0.039,1.6,13.9,0,0.039,-0.006,0.021,0.024,13.21,-1.6,0.6,98,0
"2025-11-22 15:42:00",113494,"",7999,2025,11,22,15,33,5,0.0609,0.864,0.038,-344211.3,0.814,0.039,1.6,13.9,0,0.039,-0.006,0.021,0.024,13.21,-1.6,0.6,98,0
"2025-11-22 15:45:00",113495,"",7999,2025,11,22,15,39,5,0.0046,0.904,0.003,-344202.8,0.854,0.002,1.674,13.91,0,0.002,-0.002,-0.005,0.017,13.21,-1.6,0.6,99,0
"2025-11-22 15:48:00",113496,"",7999,2025,11,22,15,39,5,0.0046,0.904,0.003,-344202.8,0.854,0.002,1.674,13.91,0,0.002,-0.002,-0.005,0.017,13.21,-1.6,0.6,99,0
"2025-11-22 15:51:00",113497,"",7999,2025,11,22,15,45,5,0.0645,0.945,0.037,-344186.8,0.895,0.036,1.749,13.94,0,0.036,-0.001,0.023,0.031,13.21,-1.6,0.6,100,0
"2025-11-22 15:54:00",113498,"",7999,2025,11,22,15,45,5,0.0645,0.945,0.037,-344186.8,0.895,0.036,1.749,13.94,0,0.036,-0.001,0.023,0.031,13.21,-1.6,0.6,100,0
"2025-11-22 15:57:00",113499,"",7999,2025,11,22,15,51,5,0.0813,0.909,0.048,-344159.6,0.859,0.048,1.681,13.79,0,0.048,-0.006,0.014,0.021,13.21,-1.6,0.6,100,0
"2025-11-22 16:00:00",113500,"",7999,2025,11,22,15,51,5,0.0813,0.909,0.048,-344159.6,0.859,0.048,1.681,13.79,0,0.048,-0.006,0.014,0.021,13.21,-1.6,0.6,100,0
"2025-11-22 16:03:00",113501,"",7999,2025,11,22,15,57,5,0.0441,0.98,0.024,-344139.2,0.93,0.023,1.814,13.79,0,0.023,-0.005,0,0.009,13.21,-1.6,0.6,100,0
"2025-11-22 16:06:00",113502,"",7999,2025,11,22,15,57,5,0.0441,0.98,0.024,-344139.2,0.93,0.023,1.814,13.79,0,0.023,-0.005,0,0.009,13.21,-1.6,0.6,100,0
"2025-11-22 16:09:00",113503,"",7999,2025,11,22,16,3,5,0.0392,0.989,0.021,-344124.5,0.939,0.021,1.83,13.77,0,0.021,-0.006,0.007,0.002,13.21,-1.6,0.6,100,0
"2025-11-22 16:12:00",113504,"",7999,2025,11,22,16,3,5,0.0392,0.989,0.021,-344124.5,0.939,0.021,1.83,13.77,0,0.021,-0.006,0.007,0.002,13.21,-1.6,0.6,100,0
"2025-11-22 16:15:00",113505,"",7999,2025,11,22,16,9,5,-0.0288,0.962,-0.016,-344126.7,0.912,-0.016,1.78,13.74,0,-0.016,0.005,-0.03,-0.021,13.21,-1.6,0.6,100,0
"2025-11-22 16:18:00",113506,"",7999,2025,11,22,16,9,5,-0.0288,0.962,-0.016,-344126.7,0.912,-0.016,1.78,13.74,0,-0.016,0.005,-0.03,-0.021,13.21,-1.6,0.6,100,0
"2025-11-22 16:21:00",113507,"",7999,2025,11,22,16,15,5,0.0672,0.929,0.039,-344114,0.879,0.039,1.72,13.76,0,0.039,-0.005,0.042,0.028,13.21,-1.6,0.6,100,0
"2025-11-22 16:24:00",113508,"",7999,2025,11,22,16,15,5,0.0672,0.929,0.039,-344114,0.879,0.039,1.72,13.76,0,0.039,-0.005,0.042,0.028,13.21,-1.6,0.6,100,0
"2025-11-22 16:27:00",113509,"",7999,2025,11,22,16,21,5,0.0628,0.929,0.037,-344090.9,0.879,0.036,1.718,13.63,0,0.036,0,0.04,0.019,13.21,-1.6,0.6,100,0
"2025-11-22 16:30:00",113510,"",7999,2025,11,22,16,21,5,0.0628,0.929,0.037,-344090.9,0.879,0.036,1.718,13.63,0,0.036,0,0.04,0.019,13.21,-1.6,0.6,100,0
"2025-11-22 16:33:00",113511,"",7999,2025,11,22,16,27,5,0.0184,0.934,0.011,-344078.9,0.884,0.011,1.727,13.66,0,0.011,-0.004,0.005,0.021,13.21,-1.6,0.6,100,0
"2025-11-22 16:36:00",113512,"",7999,2025,11,22,16,27,5,0.0184,0.934,0.011,-344078.9,0.884,0.011,1.727,13.66,0,0.011,-0.004,0.005,0.021,13.21,-1.6,0.6,100,0
"2025-11-22 16:39:00",113513,"",7999,2025,11,22,16,33,5,0.0256,0.905,0.015,-344070.5,0.855,0.015,1.675,13.66,0,0.015,-0.001,0.021,0.026,13.21,-1.6,0.6,100,0
"2025-11-22 16:42:00",113514,"",7999,2025,11,22,16,33,5,0.0256,0.905,0.015,-344070.5,0.855,0.015,1.675,13.66,0,0.015,-0.001,0.021,0.026,13.21,-1.6,0.6,100,0
"2025-11-22 16:45:00",113515,"",7999,2025,11,22,16,39,5,0.1018,0.888,0.062,-344043,0.838,0.063,1.644,13.59,0,0.063,-0.008,0.065,0.043,13.21,-1.6,0.6,100,0
"2025-11-22 16:48:00",113516,"",7999,2025,11,22,16,39,5,0.1018,0.888,0.062,-344043,0.838,0.063,1.644,13.59,0,0.063,-0.008,0.065,0.043,13.21,-1.6,0.6,100,0
"2025-11-22 16:51:00",113517,"",7999,2025,11,22,16,45,5,0.108,0.885,0.066,-344004.8,0.835,0.068,1.638,13.53,0,0.068,-0.006,0.053,0.04,13.21,-1.6,0.6,100,0
"2025-11-22 16:54:00",113518,"",7999,2025,11,22,16,45,5,0.108,0.885,0.066,-344004.8,0.835,0.068,1.638,13.53,0,0.068,-0.006,0.053,0.04,13.21,-1.6,0.6,100,0
"2025-11-22 16:57:00",113519,"",7999,2025,11,22,16,51,5,0.139,0.877,0.086,-343958.5,0.827,0.103,1.624,13.41,0,0.103,-0.013,0.063,0.081,13.21,-1.6,0.6,100,0
"2025-11-22 17:00:00",113520,"",7999,2025,11,22,16,51,5,0.139,0.877,0.086,-343958.5,0.827,0.103,1.624,13.41,0,0.103,-0.013,0.063,0.081,13.21,-1.6,0.6,100,0
"2025-11-22 17:03:00",113521,"",7999,2025,11,22,16,57,5,0.1219,0.928,0.071,-343912.5,0.878,0.073,1.717,13.36,0,0.073,-0.009,0.049,0.047,13.21,-1.6,0.6,100,0
"2025-11-22 17:06:00",113522,"",7999,2025,11,22,16,57,5,0.1219,0.928,0.071,-343912.5,0.878,0.073,1.717,13.36,0,0.073,-0.009,0.049,0.047,13.21,-1.6,0.6,100,0
"2025-11-22 17:09:00",113523,"",7999,2025,11,22,17,3,5,0.1258,0.917,0.074,-343867.7,0.867,0.076,1.697,13.38,0,0.076,-0.011,0.06,0.059,13.21,-1.6,0.6,100,0
"2025-11-22 17:12:00",113524,"",7999,2025,11,22,17,3,5,0.1258,0.917,0.074,-343867.7,0.867,0.076,1.697,13.38,0,0.076,-0.011,0.06,0.059,13.21,-1.6,0.6,100,0
"2025-11-22 17:15:00",113525,"",7999,2025,11,22,17,9,5,0.1661,0.922,0.097,-343812.7,0.872,0.115,1.705,13.3,0,0.115,-0.019,0.086,0.092,13.21,-1.6,0.6,100,0
"2025-11-22 17:18:00",113526,"",7999,2025,11,22,17,9,5,0.1661,0.922,0.097,-343812.7,0.872,0.115,1.705,13.3,0,0.115,-0.019,0.086,0.092,13.21,-1.6,0.6,100,0
"2025-11-22 17:21:00",113527,"",7999,2025,11,22,17,15,5,0.1295,0.922,0.076,-343761.7,0.872,0.08,1.707,13.28,0,0.08,-0.009,0.077,0.064,13.21,-1.6,0.6,100,0
"2025-11-22 17:24:00",113528,"",7999,2025,11,22,17,15,5,0.1295,0.922,0.076,-343761.7,0.872,0.08,1.707,13.28,0,0.08,-0.009,0.077,0.064,13.21,-1.6,0.6,100,0
"2025-11-22 17:27:00",113529,"",7999,2025,11,22,17,21,5,0.1249,0.906,0.075,-343716.1,0.856,0.076,1.676,13.27,0,0.076,-0.006,0.07,0.031,13.21,-1.6,0.6,100,0
"2025-11-22 17:30:00",113530,"",7999,2025,11,22,17,21,5,0.1249,0.906,0.075,-343716.1,0.856,0.076,1.676,13.27,0,0.076,-0.006,0.07,0.031,13.21,-1.6,0.6,100,0
"2025-11-22 17:33:00",113531,"",7999,2025,11,22,17,27,5,0.0224,0.917,0.013,-343695.8,0.867,0.012,1.698,13.3,0,0.012,-0.002,-0.005,0.005,13.21,-1.6,0.6,100,0
"2025-11-22 17:36:00",113532,"",7999,2025,11,22,17,27,5,0.0224,0.917,0.013,-343695.8,0.867,0.012,1.698,13.3,0,0.012,-0.002,-0.005,0.005,13.21,-1.6,0.6,100,0
"2025-11-22 17:39:00",113533,"",7999,2025,11,22,17,33,5,-0.056,0.906,-0.033,-343706.5,0.856,-0.033,1.677,13.31,0,-0.033,-0.005,-0.042,-0.045,13.21,-1.6,0.6,100,0
"2025-11-22 17:42:00",113534,"",7999,2025,11,22,17,33,5,-0.056,0.906,-0.033,-343706.5,0.856,-0.033,1.677,13.31,0,-0.033,-0.005,-0.042,-0.045,13.21,-1.6,0.6,100,0
"2025-11-22 17:45:00",113535,"",7999,2025,11,22,17,39,5,-0.0106,0.91,-0.006,-343715.8,0.86,-0.006,1.684,13.3,0,-0.006,-0.003,-0.023,-0.024,13.21,-1.6,0.6,100,0
"2025-11-22 17:48:00",113536,"",7999,2025,11,22,17,39,5,-0.0106,0.91,-0.006,-343715.8,0.86,-0.006,1.684,13.3,0,-0.006,-0.003,-0.023,-0.024,13.21,-1.6,0.6,100,0
"2025-11-22 17:51:00",113537,"",7999,2025,11,22,17,45,5,-0.0835,0.929,-0.049,-343737.2,0.879,-0.05,1.719,13.29,0,-0.05,-0.006,-0.037,-0.066,13.21,-1.6,0.6,100,0
"2025-11-22 17:54:00",113538,"",7999,2025,11,22,17,45,5,-0.0835,0.929,-0.049,-343737.2,0.879,-0.05,1.719,13.29,0,-0.05,-0.006,-0.037,-0.066,13.21,-1.6,0.6,100,0
"2025-11-22 17:57:00",113539,"",7999,2025,11,22,17,51,5,-0.1184,1.023,-0.063,-343775.6,0.973,-0.062,1.893,13.23,0,-0.062,-0.001,-0.035,-0.09,13.21,-1.6,0.6,100,0
"2025-11-22 18:00:00",113540,"",7999,2025,11,22,17,51,5,-0.1184,1.023,-0.063,-343775.6,0.973,-0.062,1.893,13.23,0,-0.062,-0.001,-0.035,-0.09,13.21,-1.6,0.6,100,0
"2025-11-22 18:03:00",113541,"",7999,2025,11,22,17,57,5,-0.1095,1.02,-0.058,-343816.1,0.97,-0.057,1.887,13.21,0,-0.057,0.003,-0.03,-0.085,13.21,-1.6,0.6,100,0
"2025-11-22 18:06:00",113542,"",7999,2025,11,22,17,57,5,-0.1095,1.02,-0.058,-343816.1,0.97,-0.057,1.887,13.21,0,-0.057,0.003,-0.03,-0.085,13.21,-1.6,0.6,100,0
"2025-11-22 18:09:00",113543,"",7999,2025,11,22,18,3,5,-0.1299,1.012,-0.069,-343860.5,0.962,-0.069,1.873,13.21,0,-0.069,0.002,-0.049,-0.118,13.21,-1.6,0.6,100,0
"2025-11-22 18:12:00",113544,"",7999,2025,11,22,18,3,5,-0.1299,1.012,-0.069,-343860.5,0.962,-0.069,1.873,13.21,0,-0.069,0.002,-0.049,-0.118,13.21,-1.6,0.6,100,0
"2025-11-22 18:15:00",113545,"",7999,2025,11,22,18,9,5,-0.0867,1.005,-0.047,-343896.8,0.955,-0.046,1.86,13.19,0,-0.046,0.001,-0.028,-0.078,13.21,-1.6,0.6,100,0
"2025-11-22 18:18:00",113546,"",7999,2025,11,22,18,9,5,-0.0867,1.005,-0.047,-343896.8,0.955,-0.046,1.86,13.19,0,-0.046,0.001,-0.028,-0.078,13.21,-1.6,0.6,100,0
"2025-11-22 18:21:00",113547,"",7999,2025,11,22,18,15,5,-0.0404,1.003,-0.022,-343917,0.953,-0.022,1.856,13.22,0,-0.022,0.003,-0.012,-0.033,13.21,-1.6,0.6,100,0
"2025-11-22 18:24:00",113548,"",7999,2025,11,22,18,15,5,-0.0404,1.003,-0.022,-343917,0.953,-0.022,1.856,13.22,0,-0.022,0.003,-0.012,-0.033,13.21,-1.6,0.6,100,0
"2025-11-22 18:27:00",113549,"",7999,2025,11,22,18,21,5,-0.0427,1,-0.023,-343932.1,0.95,-0.022,1.85,13.23,0,-0.022,0.002,-0.028,-0.036,13.21,-1.6,0.6,100,0
"2025-11-22 18:30:00",113550,"",7999,2025,11,22,18,21,5,-0.0427,1,-0.023,-343932.1,0.95,-0.022,1.85,13.23,0,-0.022,0.002,-0.028,-0.036,13.21,-1.6,0.6,100,0
"2025-11-22 18:33:00",113551,"",7999,2025,11,22,18,27,5,0.0467,1.005,0.025,-343926,0.955,0.025,1.859,13.27,0,0.025,-0.006,-0.021,0.014,13.21,-1.6,0.6,100,0
"2025-11-22 18:36:00",113552,"",7999,2025,11,22,18,27,5,0.0467,1.005,0.025,-343926,0.955,0.025,1.859,13.27,0,0.025,-0.006,-0.021,0.014,13.21,-1.6,0.6,100,0
"2025-11-22 18:39:00",113553,"",7999,2025,11,22,18,33,5,0.0402,1.009,0.022,-343910.8,0.959,0.021,1.868,13.23,0,0.021,-0.005,-0.021,0.007,13.21,-1.6,0.6,100,0
"2025-11-22 18:42:00",113554,"",7999,2025,11,22,18,33,5,0.0402,1.009,0.022,-343910.8,0.959,0.021,1.868,13.23,0,0.021,-0.005,-0.021,0.007,13.21,-1.6,0.6,100,0
"2025-11-22 18:45:00",113555,"",7999,2025,11,22,18,39,5,0.075,1.01,0.04,-343887.9,0.96,0.04,1.869,13.21,0,0.04,-0.006,0.007,0.014,13.21,-1.6,0.6,100,0
"2025-11-22 18:48:00",113556,"",7999,2025,11,22,18,39,5,0.075,1.01,0.04,-343887.9,0.96,0.04,1.869,13.21,0,0.04,-0.006,0.007,0.014,13.21,-1.6,0.6,100,0
"2025-11-22 18:51:00",113557,"",7999,2025,11,22,18,45,5,0.066,1.018,0.035,-343863,0.968,0.035,1.883,13.16,0,0.035,-0.001,0.002,0.04,13.21,-1.6,0.6,100,0
"2025-11-22 18:54:00",113558,"",7999,2025,11,22,18,45,5,0.066,1.018,0.035,-343863,0.968,0.035,1.883,13.16,0,0.035,-0.001,0.002,0.04,13.21,-1.6,0.6,100,0
"2025-11-22 18:57:00",113559,"",7999,2025,11,22,18,51,5,-0.0209,0.993,-0.011,-343860.1,0.943,-0.011,1.837,13.16,0,-0.011,-0.002,-0.044,-0.017,13.21,-1.6,0.6,100,0
"2025-11-22 19:00:00",113560,"",7999,2025,11,22,18,51,5,-0.0209,0.993,-0.011,-343860.1,0.943,-0.011,1.837,13.16,0,-0.011,-0.002,-0.044,-0.017,13.21,-1.6,0.6,100,0
"2025-11-22 19:03:00",113561,"",7999,2025,11,22,18,57,5,-0.0214,1.016,-0.011,-343867.8,0.966,-0.01,1.88,13.19,0,-0.01,0,-0.014,-0.021,13.21,-1.6,0.6,100,0
"2025-11-22 19:06:00",113562,"",7999,2025,11,22,18,57,5,-0.0214,1.016,-0.011,-343867.8,0.966,-0.01,1.88,13.19,0,-0.01,0,-0.014,-0.021,13.21,-1.6,0.6,100,0
"2025-11-22 19:09:00",113563,"",7999,2025,11,22,19,3,5,-0.0524,1.014,-0.028,-343883,0.964,-0.028,1.876,13.2,0,-0.028,-0.002,-0.033,-0.052,13.21,-1.6,0.6,100,0
"2025-11-22 19:12:00",113564,"",7999,2025,11,22,19,3,5,-0.0524,1.014,-0.028,-343883,0.964,-0.028,1.876,13.2,0,-0.028,-0.002,-0.033,-0.052,13.21,-1.6,0.6,100,0
"2025-11-22 19:15:00",113565,"",7999,2025,11,22,19,9,5,-0.1084,1.006,-0.058,-343915.3,0.956,-0.058,1.862,13.06,0,-0.058,-0.001,-0.042,-0.088,13.21,-1.6,0.6,100,0
"2025-11-22 19:18:00",113566,"",7999,2025,11,22,19,9,5,-0.1084,1.006,-0.058,-343915.3,0.956,-0.058,1.862,13.06,0,-0.058,-0.001,-0.042,-0.088,13.21,-1.6,0.6,100,0
"2025-11-22 19:21:00",113567,"",7999,2025,11,22,19,15,5,-0.0901,0.998,-0.049,-343949.9,0.948,-0.05,1.847,12.93,0,-0.05,0,-0.049,-0.076,13.21,-1.6,0.6,100,0
"2025-11-22 19:24:00",113568,"",7999,2025,11,22,19,15,5,-0.0901,0.998,-0.049,-343949.9,0.948,-0.05,1.847,12.93,0,-0.05,0,-0.049,-0.076,13.21,-1.6,0.6,100,0
"2025-11-22 19:27:00",113569,"",7999,2025,11,22,19,21,5,-0.1098,0.984,-0.06,-343987.1,0.934,-0.061,1.82,12.9,0,-0.061,-0.001,-0.04,-0.102,13.21,-1.6,0.6,100,0
"2025-11-22 19:30:00",113570,"",7999,2025,11,22,19,21,5,-0.1098,0.984,-0.06,-343987.1,0.934,-0.061,1.82,12.9,0,-0.061,-0.001,-0.04,-0.102,13.21,-1.6,0.6,100,0
"2025-11-22 19:33:00",113571,"",7999,2025,11,22,19,27,5,-0.1013,0.983,-0.056,-344024.6,0.933,-0.057,1.818,12.85,0,-0.057,0.001,-0.037,-0.092,13.21,-1.6,0.6,100,0
"2025-11-22 19:36:00",113572,"",7999,2025,11,22,19,27,5,-0.1013,0.983,-0.056,-344024.6,0.933,-0.057,1.818,12.85,0,-0.057,0.001,-0.037,-0.092,13.21,-1.6,0.6,100,0
"2025-11-22 19:39:00",113573,"",7999,2025,11,22,19,33,5,-0.1,0.956,-0.057,-344060.8,0.906,-0.056,1.769,12.82,0,-0.056,0.001,-0.033,-0.081,13.21,-1.6,0.6,100,0
"2025-11-22 19:42:00",113574,"",7999,2025,11,22,19,33,5,-0.1,0.956,-0.057,-344060.8,0.906,-0.056,1.769,12.82,0,-0.056,0.001,-0.033,-0.081,13.21,-1.6,0.6,100,0
"2025-11-22 19:45:00",113575,"",7999,2025,11,22,19,39,5,-0.1211,0.944,-0.069,-344101.9,0.894,-0.069,1.746,12.72,0,-0.069,-0.001,-0.044,-0.121,13.21,-1.6,0.6,100,0
"2025-11-22 19:48:00",113576,"",7999,2025,11,22,19,39,5,-0.1211,0.944,-0.069,-344101.9,0.894,-0.069,1.746,12.72,0,-0.069,-0.001,-0.044,-0.121,13.21,-1.6,0.6,100,0
"2025-11-22 19:51:00",113577,"",7999,2025,11,22,19,45,5,-0.1063,0.94,-0.061,-344142,0.89,-0.061,1.739,12.66,0,-0.061,-0.001,-0.049,-0.097,13.21,-1.6,0.6,100,0
"2025-11-22 19:54:00",113578,"",7999,2025,11,22,19,45,5,-0.1063,0.94,-0.061,-344142,0.89,-0.061,1.739,12.66,0,-0.061,-0.001,-0.049,-0.097,13.21,-1.6,0.6,100,0
"2025-11-22 19:57:00",113579,"",7999,2025,11,22,19,51,5,-0.1,0.931,-0.058,-344178.8,0.881,-0.058,1.723,12.63,0,-0.058,0.002,-0.042,-0.085,13.21,-1.6,0.6,100,0
"2025-11-22 20:00:00",113580,"",7999,2025,11,22,19,51,5,-0.1,0.931,-0.058,-344178.8,0.881,-0.058,1.723,12.63,0,-0.058,0.002,-0.042,-0.085,13.21,-1.6,0.6,100,0
"2025-11-22 20:03:00",113581,"",7999,2025,11,22,19,57,5,-0.0902,0.924,-0.053,-344212.4,0.874,-0.053,1.709,12.57,0,-0.053,0.002,-0.03,-0.066,13.21,-1.6,0.6,100,0
"2025-11-22 20:06:00",113582,"",7999,2025,11,22,19,57,5,-0.0902,0.924,-0.053,-344212.4,0.874,-0.053,1.709,12.57,0,-0.053,0.002,-0.03,-0.066,13.21,-1.6,0.6,100,0
"2025-11-22 20:09:00",113583,"",7999,2025,11,22,20,3,5,-0.046,0.916,-0.027,-344234.3,0.866,-0.025,1.695,12.51,0,-0.025,0.005,-0.016,-0.033,13.21,-1.6,0.6,100,0
"2025-11-22 20:12:00",113584,"",7999,2025,11,22,20,3,5,-0.046,0.916,-0.027,-344234.3,0.866,-0.025,1.695,12.51,0,-0.025,0.005,-0.016,-0.033,13.21,-1.6,0.6,100,0
"2025-11-22 20:15:00",113585,"",7999,2025,11,22,20,9,5,-0.0255,0.915,-0.015,-344246,0.865,-0.013,1.693,12.51,0,-0.013,0.004,-0.016,-0.021,13.21,-1.6,0.6,100,0
"2025-11-22 20:18:00",113586,"",7999,2025,11,22,20,9,5,-0.0255,0.915,-0.015,-344246,0.865,-0.013,1.693,12.51,0,-0.013,0.004,-0.016,-0.021,13.21,-1.6,0.6,100,0
"2025-11-22 20:21:00",113587,"",7999,2025,11,22,20,15,5,-0.0214,0.916,-0.013,-344254.2,0.866,-0.012,1.696,12.54,0,-0.012,0.001,-0.019,-0.024,13.21,-1.6,0.6,100,0
"2025-11-22 20:24:00",113588,"",7999,2025,11,22,20,15,5,-0.0214,0.916,-0.013,-344254.2,0.866,-0.012,1.696,12.54,0,-0.012,0.001,-0.019,-0.024,13.21,-1.6,0.6,100,0
"2025-11-22 20:27:00",113589,"",7999,2025,11,22,20,21,5,-0.0303,0.914,-0.018,-344264,0.864,-0.017,1.692,12.52,0,-0.017,0.001,-0.009,-0.031,13.21,-1.6,0.6,100,0
"2025-11-22 20:30:00",113590,"",7999,2025,11,22,20,21,5,-0.0303,0.914,-0.018,-344264,0.864,-0.017,1.692,12.52,0,-0.017,0.001,-0.009,-0.031,13.21,-1.6,0.6,100,0
"2025-11-22 20:33:00",113591,"",7999,2025,11,22,20,27,5,-0.0434,0.912,-0.026,-344278.1,0.862,-0.024,1.688,12.42,0,-0.024,0.003,-0.028,-0.045,13.21,-1.6,0.6,100,0
"2025-11-22 20:36:00",113592,"",7999,2025,11,22,20,27,5,-0.0434,0.912,-0.026,-344278.1,0.862,-0.024,1.688,12.42,0,-0.024,0.003,-0.028,-0.045,13.21,-1.6,0.6,100,0
"2025-11-22 20:39:00",113593,"",7999,2025,11,22,20,33,5,-0.0369,0.91,-0.022,-344292.2,0.86,-0.021,1.685,12.36,0,-0.021,0.006,-0.03,-0.026,13.2,-1.6,0.6,100,0
"2025-11-22 20:42:00",113594,"",7999,2025,11,22,20,33,5,-0.0369,0.91,-0.022,-344292.2,0.86,-0.021,1.685,12.36,0,-0.021,0.006,-0.03,-0.026,13.2,-1.6,0.6,100,0
"2025-11-22 20:45:00",113595,"",7999,2025,11,22,20,39,5,-0.0616,0.904,-0.037,-344311.4,0.854,-0.036,1.673,12.33,0,-0.036,0.006,-0.035,-0.057,13.2,-1.6,0.6,100,0
"2025-11-22 20:48:00",113596,"",7999,2025,11,22,20,39,5,-0.0616,0.904,-0.037,-344311.4,0.854,-0.036,1.673,12.33,0,-0.036,0.006,-0.035,-0.057,13.2,-1.6,0.6,100,0
"2025-11-22 20:51:00",113597,"",7999,2025,11,22,20,45,5,-0.0688,0.893,-0.042,-344335.3,0.843,-0.041,1.652,12.19,0,-0.041,0.001,-0.023,-0.05,13.2,-1.6,0.6,100,0
"2025-11-22 20:54:00",113598,"",7999,2025,11,22,20,45,5,-0.0688,0.893,-0.042,-344335.3,0.843,-0.041,1.652,12.19,0,-0.041,0.001,-0.023,-0.05,13.2,-1.6,0.6,100,0
"2025-11-22 20:57:00",113599,"",7999,2025,11,22,20,51,5,-0.0431,0.879,-0.027,-344354,0.829,-0.025,1.627,12.1,0,-0.025,0.004,-0.026,-0.04,13.2,-1.6,0.6,100,0
"2025-11-22 21:00:00",113600,"",7999,2025,11,22,20,51,5,-0.0431,0.879,-0.027,-344354,0.829,-0.025,1.627,12.1,0,-0.025,0.004,-0.026,-0.04,13.2,-1.6,0.6,100,0
"2025-11-22 21:03:00",113601,"",7999,2025,11,22,20,57,5,-0.0354,0.884,-0.022,-344367.7,0.834,-0.021,1.636,12.08,0,-0.021,-0.003,-0.007,-0.033,13.2,-1.6,0.6,100,0
"2025-11-22 21:06:00",113602,"",7999,2025,11,22,20,57,5,-0.0354,0.884,-0.022,-344367.7,0.834,-0.021,1.636,12.08,0,-0.021,-0.003,-0.007,-0.033,13.2,-1.6,0.6,100,0
"2025-11-22 21:09:00",113603,"",7999,2025,11,22,21,3,5,-0.0326,0.88,-0.02,-344379.8,0.83,-0.019,1.628,12.04,0,-0.019,0.002,-0.007,-0.031,13.2,-1.6,0.6,100,0
"2025-11-22 21:12:00",113604,"",7999,2025,11,22,21,3,5,-0.0326,0.88,-0.02,-344379.8,0.83,-0.019,1.628,12.04,0,-0.019,0.002,-0.007,-0.031,13.2,-1.6,0.6,100,0
"2025-11-22 21:15:00",113605,"",7999,2025,11,22,21,9,5,-0.047,0.878,-0.029,-344395,0.828,-0.029,1.624,12,0,-0.029,0.003,-0.028,-0.047,13.2,-1.6,0.6,100,0
"2025-11-22 21:18:00",113606,"",7999,2025,11,22,21,9,5,-0.047,0.878,-0.029,-344395,0.828,-0.029,1.624,12,0,-0.029,0.003,-0.028,-0.047,13.2,-1.6,0.6,100,0
"2025-11-22 21:21:00",113607,"",7999,2025,11,22,21,15,5,-0.0719,0.859,-0.045,-344417.9,0.809,-0.045,1.59,11.91,0,-0.045,-0.003,-0.033,-0.078,13.2,-1.6,0.6,100,0
"2025-11-22 21:24:00",113608,"",7999,2025,11,22,21,15,5,-0.0719,0.859,-0.045,-344417.9,0.809,-0.045,1.59,11.91,0,-0.045,-0.003,-0.033,-0.078,13.2,-1.6,0.6,100,0
"2025-11-22 21:27:00",113609,"",7999,2025,11,22,21,21,5,-0.0563,0.853,-0.036,-344440.1,0.803,-0.035,1.579,11.8,0,-0.035,-0.003,0.002,-0.052,13.2,-1.6,0.6,100,0
"2025-11-22 21:30:00",113610,"",7999,2025,11,22,21,21,5,-0.0563,0.853,-0.036,-344440.1,0.803,-0.035,1.579,11.8,0,-0.035,-0.003,0.002,-0.052,13.2,-1.6,0.6,100,0
"2025-11-22 21:33:00",113611,"",7999,2025,11,22,21,27,5,-0.04,0.849,-0.026,-344456.4,0.799,-0.025,1.57,11.77,0,-0.025,0,-0.014,-0.045,13.2,-1.6,0.6,100,0
"2025-11-22 21:36:00",113612,"",7999,2025,11,22,21,27,5,-0.04,0.849,-0.026,-344456.4,0.799,-0.025,1.57,11.77,0,-0.025,0,-0.014,-0.045,13.2,-1.6,0.6,100,0
"2025-11-22 21:39:00",113613,"",7999,2025,11,22,21,33,5,-0.0534,0.844,-0.034,-344474.1,0.794,-0.034,1.563,11.75,0,-0.034,0.001,-0.03,-0.066,13.2,-1.6,0.6,100,0
"2025-11-22 21:42:00",113614,"",7999,2025,11,22,21,33,5,-0.0534,0.844,-0.034,-344474.1,0.794,-0.034,1.563,11.75,0,-0.034,0.001,-0.03,-0.066,13.2,-1.6,0.6,100,0
"2025-11-22 21:45:00",113615,"",7999,2025,11,22,21,39,5,-0.0287,0.837,-0.019,-344487.4,0.787,-0.017,1.549,11.7,0,-0.017,0.003,-0.016,-0.031,13.2,-1.6,0.6,100,0
"2025-11-22 21:48:00",113616,"",7999,2025,11,22,21,39,5,-0.0287,0.837,-0.019,-344487.4,0.787,-0.017,1.549,11.7,0,-0.017,0.003,-0.016,-0.031,13.2,-1.6,0.6,100,0
"2025-11-22 21:51:00",113617,"",7999,2025,11,22,21,45,5,-0.0305,0.834,-0.02,-344498.2,0.784,-0.019,1.543,11.68,0,-0.019,0,-0.002,-0.038,13.2,-1.6,0.6,100,0
"2025-11-22 21:54:00",113618,"",7999,2025,11,22,21,45,5,-0.0305,0.834,-0.02,-344498.2,0.784,-0.019,1.543,11.68,0,-0.019,0,-0.002,-0.038,13.2,-1.6,0.6,100,0
"2025-11-22 21:57:00",113619,"",7999,2025,11,22,21,51,5,-0.0262,0.837,-0.017,-344508.2,0.787,-0.017,1.549,11.55,0,-0.017,-0.004,-0.009,-0.031,13.2,-1.6,0.6,100,0
"2025-11-22 22:00:00",113620,"",7999,2025,11,22,21,51,5,-0.0262,0.837,-0.017,-344508.2,0.787,-0.017,1.549,11.55,0,-0.017,-0.004,-0.009,-0.031,13.2,-1.6,0.6,100,0
"2025-11-22 22:03:00",113621,"",7999,2025,11,22,21,57,5,-0.0106,0.829,-0.007,-344513.9,0.779,-0.006,1.535,11.5,0,-0.006,0.001,-0.005,-0.021,13.2,-1.6,0.6,100,0
"2025-11-22 22:06:00",113622,"",7999,2025,11,22,21,57,5,-0.0106,0.829,-0.007,-344513.9,0.779,-0.006,1.535,11.5,0,-0.006,0.001,-0.005,-0.021,13.2,-1.6,0.6,100,0
"2025-11-22 22:09:00",113623,"",7999,2025,11,22,22,3,5,-0.0337,0.825,-0.022,-344523.3,0.775,-0.022,1.527,11.47,0,-0.022,0.001,-0.023,-0.036,13.2,-1.6,0.6,100,0
"2025-11-22 22:12:00",113624,"",7999,2025,11,22,22,3,5,-0.0337,0.825,-0.022,-344523.3,0.775,-0.022,1.527,11.47,0,-0.022,0.001,-0.023,-0.036,13.2,-1.6,0.6,100,0
"2025-11-22 22:15:00",113625,"",7999,2025,11,22,22,9,5,-0.0346,0.811,-0.023,-344535.7,0.761,-0.022,1.502,11.39,0,-0.022,-0.003,-0.016,-0.036,13.2,-1.6,0.6,100,0
"2025-11-22 22:18:00",113626,"",7999,2025,11,22,22,9,5,-0.0346,0.811,-0.023,-344535.7,0.761,-0.022,1.502,11.39,0,-0.022,-0.003,-0.016,-0.036,13.2,-1.6,0.6,100,0
"2025-11-22 22:21:00",113627,"",7999,2025,11,22,22,15,5,-0.0275,0.81,-0.018,-344546.4,0.76,-0.018,1.499,11.34,0,-0.018,0.001,-0.028,-0.038,13.2,-1.6,0.6,100,0
"2025-11-22 22:24:00",113628,"",7999,2025,11,22,22,15,5,-0.0275,0.81,-0.018,-344546.4,0.76,-0.018,1.499,11.34,0,-0.018,0.001,-0.028,-0.038,13.2,-1.6,0.6,100,0
"2025-11-22 22:27:00",113629,"",7999,2025,11,22,22,21,5,-0.0386,0.801,-0.026,-344559,0.751,-0.024,1.483,11.31,0,-0.024,0,-0.016,-0.036,13.2,-1.6,0.6,100,0
"2025-11-22 22:30:00",113630,"",7999,2025,11,22,22,21,5,-0.0386,0.801,-0.026,-344559,0.751,-0.024,1.483,11.31,0,-0.024,0,-0.016,-0.036,13.2,-1.6,0.6,100,0
"2025-11-22 22:33:00",113631,"",7999,2025,11,22,22,27,5,-0.0124,0.798,-0.008,-344566.6,0.748,-0.007,1.477,11.3,0,-0.007,0.003,0,-0.012,13.2,-1.6,0.6,100,0
"2025-11-22 22:36:00",113632,"",7999,2025,11,22,22,27,5,-0.0124,0.798,-0.008,-344566.6,0.748,-0.007,1.477,11.3,0,-0.007,0.003,0,-0.012,13.2,-1.6,0.6,100,0
"2025-11-22 22:39:00",113633,"",7999,2025,11,22,22,33,5,-0.0205,0.795,-0.014,-344573,0.745,-0.013,1.472,11.41,0,-0.013,0.003,-0.023,-0.028,13.2,-1.6,0.6,100,0
"2025-11-22 22:42:00",113634,"",7999,2025,11,22,22,33,5,-0.0205,0.795,-0.014,-344573,0.745,-0.013,1.472,11.41,0,-0.013,0.003,-0.023,-0.028,13.2,-1.6,0.6,100,0
"2025-11-22 22:45:00",113635,"",7999,2025,11,22,22,39,5,-0.023,0.792,-0.016,-344581,0.742,-0.014,1.465,11.39,0,-0.014,0.004,-0.023,-0.043,13.2,-1.6,0.6,100,0
"2025-11-22 22:48:00",113636,"",7999,2025,11,22,22,39,5,-0.023,0.792,-0.016,-344581,0.742,-0.014,1.465,11.39,0,-0.014,0.004,-0.023,-0.043,13.2,-1.6,0.6,100,0
"2025-11-22 22:51:00",113637,"",7999,2025,11,22,22,45,5,-0.0144,0.791,-0.01,-344587.3,0.741,-0.008,1.464,11.47,0,-0.008,0.002,0,-0.009,13.2,-1.6,0.6,100,0
"2025-11-22 22:54:00",113638,"",7999,2025,11,22,22,45,5,-0.0144,0.791,-0.01,-344587.3,0.741,-0.008,1.464,11.47,0,-0.008,0.002,0,-0.009,13.2,-1.6,0.6,100,0
"2025-11-22 22:57:00",113639,"",7999,2025,11,22,22,51,5,-0.0207,0.787,-0.014,-344594,0.737,-0.013,1.457,11.65,0,-0.013,0.003,-0.014,-0.021,13.2,-1.6,0.6,100,0
"2025-11-22 23:00:00",113640,"",7999,2025,11,22,22,51,5,-0.0207,0.787,-0.014,-344594,0.737,-0.013,1.457,11.65,0,-0.013,0.003,-0.014,-0.021,13.2,-1.6,0.6,100,0
"2025-11-22 23:03:00",113641,"",7999,2025,11,22,22,57,5,-0.0183,0.788,-0.013,-344600.9,0.738,-0.011,1.458,11.72,0,-0.011,0.001,-0.021,-0.031,13.2,-1.6,0.6,100,0
"2025-11-22 23:06:00",113642,"",7999,2025,11,22,22,57,5,-0.0183,0.788,-0.013,-344600.9,0.738,-0.011,1.458,11.72,0,-0.011,0.001,-0.021,-0.031,13.2,-1.6,0.6,100,0
"2025-11-22 23:09:00",113643,"",7999,2025,11,22,23,3,5,-0.0252,0.789,-0.017,-344609.2,0.739,-0.017,1.46,11.87,0,-0.017,0,-0.019,-0.014,13.2,-1.6,0.6,100,0
"2025-11-22 23:12:00",113644,"",7999,2025,11,22,23,3,5,-0.0252,0.789,-0.017,-344609.2,0.739,-0.017,1.46,11.87,0,-0.017,0,-0.019,-0.014,13.2,-1.6,0.6,100,0
"2025-11-22 23:15:00",113645,"",7999,2025,11,22,23,9,5,-0.0238,0.778,-0.017,-344617.9,0.728,-0.015,1.44,11.86,0,-0.015,0.003,-0.026,-0.021,13.2,-1.6,0.6,100,0
"2025-11-22 23:18:00",113646,"",7999,2025,11,22,23,9,5,-0.0238,0.778,-0.017,-344617.9,0.728,-0.015,1.44,11.86,0,-0.015,0.003,-0.026,-0.021,13.2,-1.6,0.6,100,0
"2025-11-22 23:21:00",113647,"",7999,2025,11,22,23,15,5,-0.0037,0.781,-0.003,-344621.7,0.731,-0.002,1.445,11.92,0,-0.002,0.001,0.009,-0.009,13.2,-1.6,0.6,100,0
"2025-11-22 23:24:00",113648,"",7999,2025,11,22,23,15,5,-0.0037,0.781,-0.003,-344621.7,0.731,-0.002,1.445,11.92,0,-0.002,0.001,0.009,-0.009,13.2,-1.6,0.6,100,0
"2025-11-22 23:27:00",113649,"",7999,2025,11,22,23,21,5,-0.0071,0.775,-0.005,-344623.8,0.725,-0.005,1.435,11.97,0,-0.005,0.002,-0.019,-0.019,13.2,-1.6,0.6,100,0
"2025-11-22 23:30:00",113650,"",7999,2025,11,22,23,21,5,-0.0071,0.775,-0.005,-344623.8,0.725,-0.005,1.435,11.97,0,-0.005,0.002,-0.019,-0.019,13.2,-1.6,0.6,100,0
"2025-11-22 23:33:00",113651,"",7999,2025,11,22,23,27,5,-0.0162,0.774,-0.011,-344628.5,0.724,-0.011,1.432,12.04,0,-0.011,0.002,-0.023,-0.017,13.2,-1.6,0.6,100,0
"2025-11-22 23:36:00",113652,"",7999,2025,11,22,23,27,5,-0.0162,0.774,-0.011,-344628.5,0.724,-0.011,1.432,12.04,0,-0.011,0.002,-0.023,-0.017,13.2,-1.6,0.6,100,0
"2025-11-22 23:39:00",113653,"",7999,2025,11,22,23,33,5,-0.0323,0.764,-0.023,-344638.3,0.714,-0.022,1.413,12,0,-0.022,0.003,-0.021,-0.04,13.2,-1.6,0.6,100,0
"2025-11-22 23:42:00",113654,"",7999,2025,11,22,23,33,5,-0.0323,0.764,-0.023,-344638.3,0.714,-0.022,1.413,12,0,-0.022,0.003,-0.021,-0.04,13.2,-1.6,0.6,100,0
"2025-11-22 23:45:00",113655,"",7999,2025,11,22,23,39,5,-0.0363,0.753,-0.026,-344650.8,0.703,-0.025,1.394,11.9,0,-0.025,0.005,-0.023,-0.036,13.2,-1.6,0.6,100,0
"2025-11-22 23:48:00",113656,"",7999,2025,11,22,23,39,5,-0.0363,0.753,-0.026,-344650.8,0.703,-0.025,1.394,11.9,0,-0.025,0.005,-0.023,-0.036,13.2,-1.6,0.6,100,0
"2025-11-22 23:51:00",113657,"",7999,2025,11,22,23,45,5,-0.0187,0.741,-0.014,-344659.7,0.691,-0.012,1.372,11.81,0,-0.012,0.003,-0.023,-0.028,13.2,-1.6,0.6,100,0
"2025-11-22 23:54:00",113658,"",7999,2025,11,22,23,45,5,-0.0187,0.741,-0.014,-344659.7,0.691,-0.012,1.372,11.81,0,-0.012,0.003,-0.023,-0.028,13.2,-1.6,0.6,100,0
"2025-11-22 23:57:00",113659,"",7999,2025,11,22,23,51,5,-0.0148,0.737,-0.011,-344665.5,0.687,-0.01,1.363,11.91,0,-0.01,0.003,-0.014,-0.019,13.2,-1.6,0.6,100,0
"2025-11-23 00:00:00",113660,"",7999,2025,11,22,23,51,5,-0.0148,0.737,-0.011,-344665.5,0.687,-0.01,1.363,11.91,0,-0.01,0.003,-0.014,-0.019,13.2,-1.6,0.6,100,0
"2025-11-23 00:03:00",113661,"",7999,2025,11,22,23,57,5,-0.0048,0.732,-0.004,-344668.4,0.682,-0.002,1.354,11.96,0,-0.002,0.006,-0.019,-0.021,13.2,-1.6,0.6,100,0
"2025-11-23 00:06:00",113662,"",7999,2025,11,22,23,57,5,-0.0048,0.732,-0.004,-344668.4,0.682,-0.002,1.354,11.96,0,-0.002,0.006,-0.019,-0.021,13.2,-1.6,0.6,100,0
"2025-11-23 00:09:00",113663,"",7999,2025,11,23,0,3,5,-0.024,0.728,-0.018,-344674.8,0.678,-0.017,1.348,12.04,0,-0.017,0.002,-0.012,-0.019,13.2,-1.6,0.6,100,0
"2025-11-23 00:12:00",113664,"",7999,2025,11,23,0,3,5,-0.024,0.728,-0.018,-344674.8,0.678,-0.017,1.348,12.04,0,-0.017,0.002,-0.012,-0.019,13.2,-1.6,0.6,100,0
"2025-11-23 00:15:00",113665,"",7999,2025,11,23,0,9,5,-0.0185,0.595,-0.017,-344682.1,0.545,-0.016,1.101,12.07,0,-0.016,0.004,-0.007,-0.031,13.2,-1.6,0.6,100,0
"2025-11-23 00:18:00",113666,"",7999,2025,11,23,0,9,5,-0.0185,0.595,-0.017,-344682.1,0.545,-0.016,1.101,12.07,0,-0.016,0.004,-0.007,-0.031,13.2,-1.6,0.6,100,0
"2025-11-23 00:21:00",113667,"",7999,2025,11,23,0,15,5,-0.0149,0.721,-0.011,-344687.9,0.671,-0.01,1.334,12.03,0,-0.01,0.002,-0.016,-0.009,13.2,-1.6,0.6,100,0
"2025-11-23 00:24:00",113668,"",7999,2025,11,23,0,15,5,-0.0149,0.721,-0.011,-344687.9,0.671,-0.01,1.334,12.03,0,-0.01,0.002,-0.016,-0.009,13.2,-1.6,0.6,100,0
"2025-11-23 00:27:00",113669,"",7999,2025,11,23,0,21,5,0.006,0.727,0.004,-344688.3,0.677,0.004,1.345,12.06,0,0.004,0.002,0,-0.007,13.2,-1.6,0.6,100,0
"2025-11-23 00:30:00",113670,"",7999,2025,11,23,0,21,5,0.006,0.727,0.004,-344688.3,0.677,0.004,1.345,12.06,0,0.004,0.002,0,-0.007,13.2,-1.6,0.6,100,0
"2025-11-23 00:33:00",113671,"",7999,2025,11,23,0,27,5,0.0132,0.729,0.01,-344684.4,0.679,0.01,1.349,12.14,0,0.01,0.002,0.007,0.002,13.2,-1.6,0.6,100,0
"2025-11-23 00:36:00",113672,"",7999,2025,11,23,0,27,5,0.0132,0.729,0.01,-344684.4,0.679,0.01,1.349,12.14,0,0.01,0.002,0.007,0.002,13.2,-1.6,0.6,100,0
"2025-11-23 00:39:00",113673,"",7999,2025,11,23,0,33,5,0.0058,0.736,0.004,-344681.4,0.686,0.005,1.362,12.17,0,0.005,0.003,-0.012,0.005,13.2,-1.6,0.6,100,0
"2025-11-23 00:42:00",113674,"",7999,2025,11,23,0,33,5,0.0058,0.736,0.004,-344681.4,0.686,0.005,1.362,12.17,0,0.005,0.003,-0.012,0.005,13.2,-1.6,0.6,100,0
"2025-11-23 00:45:00",113675,"",7999,2025,11,23,0,39,5,0.0076,0.74,0.006,-344678.8,0.69,0.005,1.37,12.16,0,0.005,-0.001,-0.019,-0.005,13.2,-1.6,0.6,100,0
"2025-11-23 00:48:00",113676,"",7999,2025,11,23,0,39,5,0.0076,0.74,0.006,-344678.8,0.69,0.005,1.37,12.16,0,0.005,-0.001,-0.019,-0.005,13.2,-1.6,0.6,100,0
"2025-11-23 00:51:00",113677,"",7999,2025,11,23,0,45,5,-0.0058,0.748,-0.004,-344679.3,0.698,-0.005,1.384,12.22,0,-0.005,-0.004,-0.014,-0.009,13.2,-1.6,0.6,100,0
"2025-11-23 00:54:00",113678,"",7999,2025,11,23,0,45,5,-0.0058,0.748,-0.004,-344679.3,0.698,-0.005,1.384,12.22,0,-0.005,-0.004,-0.014,-0.009,13.2,-1.6,0.6,100,0
"2025-11-23 00:57:00",113679,"",7999,2025,11,23,0,51,5,-0.0133,0.752,-0.01,-344683.3,0.702,-0.012,1.392,12.26,0,-0.012,-0.005,0,-0.005,13.2,-1.6,0.6,100,0
"2025-11-23 01:00:00",113680,"",7999,2025,11,23,0,51,5,-0.0133,0.752,-0.01,-344683.3,0.702,-0.012,1.392,12.26,0,-0.012,-0.005,0,-0.005,13.2,-1.6,0.6,100,0
"2025-11-23 01:03:00",113681,"",7999,2025,11,23,0,57,5,-0.0035,0.759,-0.003,-344685.7,0.709,-0.001,1.404,12.29,0,-0.001,-0.001,0.021,-0.014,13.2,-1.6,0.6,100,0
"2025-11-23 01:06:00",113682,"",7999,2025,11,23,0,57,5,-0.0035,0.759,-0.003,-344685.7,0.709,-0.001,1.404,12.29,0,-0.001,-0.001,0.021,-0.014,13.2,-1.6,0.6,100,0
"2025-11-23 01:09:00",113683,"",7999,2025,11,23,1,3,5,-0.0088,0.756,-0.006,-344688.3,0.706,-0.004,1.399,12.35,0,-0.004,0.001,0.002,-0.012,13.2,-1.6,0.6,100,0
"2025-11-23 01:12:00",113684,"",7999,2025,11,23,1,3,5,-0.0088,0.756,-0.006,-344688.3,0.706,-0.004,1.399,12.35,0,-0.004,0.001,0.002,-0.012,13.2,-1.6,0.6,100,0
"2025-11-23 01:15:00",113685,"",7999,2025,11,23,1,9,5,0.0137,0.757,0.01,-344686,0.707,0.01,1.401,12.34,0,0.01,0.003,-0.012,-0.007,13.2,-1.6,0.6,100,0
"2025-11-23 01:18:00",113686,"",7999,2025,11,23,1,9,5,0.0137,0.757,0.01,-344686,0.707,0.01,1.401,12.34,0,0.01,0.003,-0.012,-0.007,13.2,-1.6,0.6,100,0
"2025-11-23 01:21:00",113687,"",7999,2025,11,23,1,15,5,0.025,0.769,0.018,-344678.4,0.719,0.019,1.423,12.27,0,0.019,0.008,0.002,-0.014,13.2,-1.6,0.6,100,0
"2025-11-23 01:24:00",113688,"",7999,2025,11,23,1,15,5,0.025,0.769,0.018,-344678.4,0.719,0.019,1.423,12.27,0,0.019,0.008,0.002,-0.014,13.2,-1.6,0.6,100,0
"2025-11-23 01:27:00",113689,"",7999,2025,11,23,1,21,5,0.0089,0.775,0.006,-344673.2,0.725,0.006,1.435,12.19,0,0.006,0.003,0.014,-0.024,13.2,-1.6,0.6,100,0
"2025-11-23 01:30:00",113690,"",7999,2025,11,23,1,21,5,0.0089,0.775,0.006,-344673.2,0.725,0.006,1.435,12.19,0,0.006,0.003,0.014,-0.024,13.2,-1.6,0.6,100,0
"2025-11-23 01:33:00",113691,"",7999,2025,11,23,1,27,5,-0.0014,0.779,-0.001,-344672.5,0.729,0,1.442,12.1,0,0,-0.004,-0.023,-0.026,13.2,-1.6,0.6,100,0
"2025-11-23 01:36:00",113692,"",7999,2025,11,23,1,27,5,-0.0014,0.779,-0.001,-344672.5,0.729,0,1.442,12.1,0,0,-0.004,-0.023,-0.026,13.2,-1.6,0.6,100,0
"2025-11-23 01:39:00",113693,"",7999,2025,11,23,1,33,5,-0.0084,0.78,-0.006,-344674.7,0.73,-0.006,1.444,12.14,0,-0.006,0.004,-0.021,-0.036,13.2,-1.6,0.6,100,0
"2025-11-23 01:42:00",113694,"",7999,2025,11,23,1,33,5,-0.0084,0.78,-0.006,-344674.7,0.73,-0.006,1.444,12.14,0,-0.006,0.004,-0.021,-0.036,13.2,-1.6,0.6,100,0
"2025-11-23 01:45:00",113695,"",7999,2025,11,23,1,39,5,-0.0251,0.779,-0.017,-344681.7,0.729,-0.017,1.442,12.16,0,-0.017,0,-0.028,-0.026,13.2,-1.6,0.6,100,0
"2025-11-23 01:48:00",113696,"",7999,2025,11,23,1,39,5,-0.0251,0.779,-0.017,-344681.7,0.729,-0.017,1.442,12.16,0,-0.017,0,-0.028,-0.026,13.2,-1.6,0.6,100,0
"2025-11-23 01:51:00",113697,"",7999,2025,11,23,1,45,5,0.0248,0.793,0.017,-344678.8,0.743,0.016,1.467,12.1,0,0.016,0.003,0.005,-0.007,13.2,-1.6,0.6,100,0
"2025-11-23 01:54:00",113698,"",7999,2025,11,23,1,45,5,0.0248,0.793,0.017,-344678.8,0.743,0.016,1.467,12.1,0,0.016,0.003,0.005,-0.007,13.2,-1.6,0.6,100,0
"2025-11-23 01:57:00",113699,"",7999,2025,11,23,1,51,5,-0.0106,0.792,-0.007,-344678.4,0.742,-0.006,1.466,12.05,0,-0.006,-0.001,-0.014,-0.033,13.2,-1.6,0.6,100,0
"2025-11-23 02:00:00",113700,"",7999,2025,11,23,1,51,5,-0.0106,0.792,-0.007,-344678.4,0.742,-0.006,1.466,12.05,0,-0.006,-0.001,-0.014,-0.033,13.2,-1.6,0.6,100,0
"2025-11-23 02:03:00",113701,"",7999,2025,11,23,1,57,5,0.0137,0.793,0.009,-344676.4,0.743,0.008,1.468,11.99,0,0.008,0.001,-0.042,-0.014,13.2,-1.6,0.6,100,0
"2025-11-23 02:06:00",113702,"",7999,2025,11,23,1,57,5,0.0137,0.793,0.009,-344676.4,0.743,0.008,1.468,11.99,0,0.008,0.001,-0.042,-0.014,13.2,-1.6,0.6,100,0
"2025-11-23 02:09:00",113703,"",7999,2025,11,23,2,3,5,0.0245,0.796,0.017,-344668.8,0.746,0.018,1.472,12,0,0.018,0.004,-0.007,0.007,13.2,-1.6,0.6,100,0
"2025-11-23 02:12:00",113704,"",7999,2025,11,23,2,3,5,0.0245,0.796,0.017,-344668.8,0.746,0.018,1.472,12,0,0.018,0.004,-0.007,0.007,13.2,-1.6,0.6,100,0
"2025-11-23 02:15:00",113705,"",7999,2025,11,23,2,9,5,0.0152,0.805,0.01,-344662.2,0.755,0.011,1.49,11.96,0,0.011,0.005,-0.007,-0.007,13.2,-1.6,0.6,100,0
"2025-11-23 02:18:00",113706,"",7999,2025,11,23,2,9,5,0.0152,0.805,0.01,-344662.2,0.755,0.011,1.49,11.96,0,0.011,0.005,-0.007,-0.007,13.2,-1.6,0.6,100,0
"2025-11-23 02:21:00",113707,"",7999,2025,11,23,2,15,5,0.0215,0.805,0.014,-344655.2,0.755,0.015,1.489,11.97,0,0.015,0,0.012,0.002,13.19,-1.6,0.6,100,0
"2025-11-23 02:24:00",113708,"",7999,2025,11,23,2,15,5,0.0215,0.805,0.014,-344655.2,0.755,0.015,1.489,11.97,0,0.015,0,0.012,0.002,13.19,-1.6,0.6,100,0
"2025-11-23 02:27:00",113709,"",7999,2025,11,23,2,21,5,0.0134,0.793,0.009,-344649.4,0.743,0.007,1.468,11.94,0,0.007,0.001,-0.021,0,13.2,-1.6,0.6,100,0
"2025-11-23 02:30:00",113710,"",7999,2025,11,23,2,21,5,0.0134,0.793,0.009,-344649.4,0.743,0.007,1.468,11.94,0,0.007,0.001,-0.021,0,13.2,-1.6,0.6,100,0
"2025-11-23 02:33:00",113711,"",7999,2025,11,23,2,27,5,-0.001,0.827,-0.001,-344648,0.777,-0.001,1.531,11.92,0,-0.001,0.001,-0.026,0.005,13.19,-1.6,0.6,100,0
"2025-11-23 02:36:00",113712,"",7999,2025,11,23,2,27,5,-0.001,0.827,-0.001,-344648,0.777,-0.001,1.531,11.92,0,-0.001,0.001,-0.026,0.005,13.19,-1.6,0.6,100,0
"2025-11-23 02:39:00",113713,"",7999,2025,11,23,2,33,5,0.0237,0.819,0.016,-344642.4,0.769,0.016,1.516,11.9,0,0.016,-0.003,0.012,0.019,13.2,-1.6,0.6,100,0
"2025-11-23 02:42:00",113714,"",7999,2025,11,23,2,33,5,0.0237,0.819,0.016,-344642.4,0.769,0.016,1.516,11.9,0,0.016,-0.003,0.012,0.019,13.2,-1.6,0.6,100,0
"2025-11-23 02:45:00",113715,"",7999,2025,11,23,2,39,5,-0.0051,0.839,-0.003,-344640.8,0.789,-0.002,1.553,11.82,0,-0.002,0,-0.007,-0.009,13.2,-1.6,0.6,100,0
"2025-11-23 02:48:00",113716,"",7999,2025,11,23,2,39,5,-0.0051,0.839,-0.003,-344640.8,0.789,-0.002,1.553,11.82,0,-0.002,0,-0.007,-0.009,13.2,-1.6,0.6,100,0
"2025-11-23 02:51:00",113717,"",7999,2025,11,23,2,45,5,-0.0093,0.836,-0.006,-344643.7,0.786,-0.005,1.547,11.78,0,-0.005,0,-0.019,-0.017,13.19,-1.6,0.6,100,0
"2025-11-23 02:54:00",113718,"",7999,2025,11,23,2,45,5,-0.0093,0.836,-0.006,-344643.7,0.786,-0.005,1.547,11.78,0,-0.005,0,-0.019,-0.017,13.19,-1.6,0.6,100,0
"2025-11-23 02:57:00",113719,"",7999,2025,11,23,2,51,5,0.0118,0.854,0.008,-344642,0.804,0.007,1.58,11.67,0,0.007,0,-0.005,0,13.2,-1.6,0.6,100,0
"2025-11-23 03:00:00",113720,"",7999,2025,11,23,2,51,5,0.0118,0.854,0.008,-344642,0.804,0.007,1.58,11.67,0,0.007,0,-0.005,0,13.2,-1.6,0.6,100,0
"2025-11-23 03:03:00",113721,"",7999,2025,11,23,2,57,5,0.0059,0.853,0.004,-344639.2,0.803,0.004,1.579,11.57,0,0.004,0.002,-0.016,-0.007,13.19,-1.6,0.6,100,0
"2025-11-23 03:06:00",113722,"",7999,2025,11,23,2,57,5,0.0059,0.853,0.004,-344639.2,0.803,0.004,1.579,11.57,0,0.004,0.002,-0.016,-0.007,13.19,-1.6,0.6,100,0
"2025-11-23 03:09:00",113723,"",7999,2025,11,23,3,3,5,0.0297,0.865,0.019,-344631.3,0.815,0.018,1.601,11.54,0,0.018,-0.003,0.005,0.021,13.19,-1.6,0.6,100,0
"2025-11-23 03:12:00",113724,"",7999,2025,11,23,3,3,5,0.0297,0.865,0.019,-344631.3,0.815,0.018,1.601,11.54,0,0.018,-0.003,0.005,0.021,13.19,-1.6,0.6,100,0
"2025-11-23 03:15:00",113725,"",7999,2025,11,23,3,9,5,0.042,0.875,0.026,-344617.6,0.825,0.027,1.62,11.48,0,0.027,-0.002,0.012,0.009,13.19,-1.6,0.6,100,0
"2025-11-23 03:18:00",113726,"",7999,2025,11,23,3,9,5,0.042,0.875,0.026,-344617.6,0.825,0.027,1.62,11.48,0,0.027,-0.002,0.012,0.009,13.19,-1.6,0.6,100,0
"2025-11-23 03:21:00",113727,"",7999,2025,11,23,3,15,5,0.0173,0.88,0.011,-344608.4,0.83,0.01,1.628,11.41,0,0.01,0,0.007,-0.007,13.19,-1.6,0.6,100,0
"2025-11-23 03:24:00",113728,"",7999,2025,11,23,3,15,5,0.0173,0.88,0.011,-344608.4,0.83,0.01,1.628,11.41,0,0.01,0,0.007,-0.007,13.19,-1.6,0.6,100,0
"2025-11-23 03:27:00",113729,"",7999,2025,11,23,3,21,5,0.0388,0.885,0.024,-344597,0.835,0.023,1.637,11.42,0,0.023,0,0.014,0.024,13.2,-1.6,0.6,100,0
"2025-11-23 03:30:00",113730,"",7999,2025,11,23,3,21,5,0.0388,0.885,0.024,-344597,0.835,0.023,1.637,11.42,0,0.023,0,0.014,0.024,13.2,-1.6,0.6,100,0
"2025-11-23 03:33:00",113731,"",7999,2025,11,23,3,27,5,0.0688,0.896,0.042,-344575.8,0.846,0.041,1.658,11.34,0,0.041,-0.001,0.035,0.031,13.19,-1.6,0.6,100,0
"2025-11-23 03:36:00",113732,"",7999,2025,11,23,3,27,5,0.0688,0.896,0.042,-344575.8,0.846,0.041,1.658,11.34,0,0.041,-0.001,0.035,0.031,13.19,-1.6,0.6,100,0
"2025-11-23 03:39:00",113733,"",7999,2025,11,23,3,33,5,0.0223,0.898,0.013,-344562.2,0.848,0.012,1.662,11.25,0,0.012,0,0.002,0.012,13.19,-1.6,0.6,100,0
"2025-11-23 03:42:00",113734,"",7999,2025,11,23,3,33,5,0.0223,0.898,0.013,-344562.2,0.848,0.012,1.662,11.25,0,0.012,0,0.002,0.012,13.19,-1.6,0.6,100,0
"2025-11-23 03:45:00",113735,"",7999,2025,11,23,3,39,5,0.0564,0.903,0.034,-344546,0.853,0.034,1.67,11.25,0,0.034,-0.002,0.012,0.028,13.19,-1.6,0.6,100,0
"2025-11-23 03:48:00",113736,"",7999,2025,11,23,3,39,5,0.0564,0.903,0.034,-344546,0.853,0.034,1.67,11.25,0,0.034,-0.002,0.012,0.028,13.19,-1.6,0.6,100,0
"2025-11-23 03:51:00",113737,"",7999,2025,11,23,3,45,5,0.0549,0.91,0.033,-344526,0.86,0.033,1.683,11.09,0,0.033,-0.002,0.021,0.009,13.19,-1.6,0.6,100,0
"2025-11-23 03:54:00",113738,"",7999,2025,11,23,3,45,5,0.0549,0.91,0.033,-344526,0.86,0.033,1.683,11.09,0,0.033,-0.002,0.021,0.009,13.19,-1.6,0.6,100,0
"2025-11-23 03:57:00",113739,"",7999,2025,11,23,3,51,5,-0.0036,0.908,-0.002,-344520.3,0.858,-0.001,1.68,11,0,-0.001,0.001,-0.014,-0.009,13.19,-1.6,0.6,100,0
"2025-11-23 04:00:00",113740,"",7999,2025,11,23,3,51,5,-0.0036,0.908,-0.002,-344520.3,0.858,-0.001,1.68,11,0,-0.001,0.001,-0.014,-0.009,13.19,-1.6,0.6,100,0
"2025-11-23 04:03:00",113741,"",7999,2025,11,23,3,57,5,0.075,0.915,0.044,-344502.7,0.865,0.045,1.694,11.06,0,0.045,-0.002,0.023,0.019,13.19,-1.6,0.6,100,0
"2025-11-23 04:06:00",113742,"",7999,2025,11,23,3,57,5,0.075,0.915,0.044,-344502.7,0.865,0.045,1.694,11.06,0,0.045,-0.002,0.023,0.019,13.19,-1.6,0.6,100,0
"2025-11-23 04:09:00",113743,"",7999,2025,11,23,4,3,5,0.0451,0.922,0.026,-344482.8,0.872,0.025,1.706,10.94,0,0.025,-0.001,-0.002,0.012,13.19,-1.6,0.6,100,0
"2025-11-23 04:12:00",113744,"",7999,2025,11,23,4,3,5,0.0451,0.922,0.026,-344482.8,0.872,0.025,1.706,10.94,0,0.025,-0.001,-0.002,0.012,13.19,-1.6,0.6,100,0
"2025-11-23 04:15:00",113745,"",7999,2025,11,23,4,9,5,0.0137,0.923,0.008,-344474.1,0.873,0.007,1.707,10.94,0,0.007,0,-0.028,0,13.19,-1.6,0.6,100,0
"2025-11-23 04:18:00",113746,"",7999,2025,11,23,4,9,5,0.0137,0.923,0.008,-344474.1,0.873,0.007,1.707,10.94,0,0.007,0,-0.028,0,13.19,-1.6,0.6,100,0
"2025-11-23 04:21:00",113747,"",7999,2025,11,23,4,15,5,0.0354,0.929,0.021,-344464,0.879,0.021,1.719,10.98,0,0.021,0,0,0,13.19,-1.6,0.6,100,0
"2025-11-23 04:24:00",113748,"",7999,2025,11,23,4,15,5,0.0354,0.929,0.021,-344464,0.879,0.021,1.719,10.98,0,0.021,0,0,0,13.19,-1.6,0.6,100,0
"2025-11-23 04:27:00",113749,"",7999,2025,11,23,4,21,5,-0.0005,0.93,0,-344459.8,0.88,0,1.721,10.91,0,0,0,-0.023,-0.012,13.19,-1.6,0.6,100,0
"2025-11-23 04:30:00",113750,"",7999,2025,11,23,4,21,5,-0.0005,0.93,0,-344459.8,0.88,0,1.721,10.91,0,0,0,-0.023,-0.012,13.19,-1.6,0.6,100,0
"2025-11-23 04:33:00",113751,"",7999,2025,11,23,4,27,5,0.0352,0.935,0.02,-344451.4,0.885,0.019,1.731,10.89,0,0.019,-0.003,-0.007,0.002,13.19,-1.6,0.6,100,0
"2025-11-23 04:36:00",113752,"",7999,2025,11,23,4,27,5,0.0352,0.935,0.02,-344451.4,0.885,0.019,1.731,10.89,0,0.019,-0.003,-0.007,0.002,13.19,-1.6,0.6,100,0
"2025-11-23 04:39:00",113753,"",7999,2025,11,23,4,33,5,0.0214,0.941,0.012,-344442.1,0.891,0.011,1.741,10.8,0,0.011,-0.002,-0.007,0.002,13.19,-1.6,0.6,100,0
"2025-11-23 04:42:00",113754,"",7999,2025,11,23,4,33,5,0.0214,0.941,0.012,-344442.1,0.891,0.011,1.741,10.8,0,0.011,-0.002,-0.007,0.002,13.19,-1.6,0.6,100,0
"2025-11-23 04:45:00",113755,"",7999,2025,11,23,4,39,5,0.007,0.944,0.004,-344437.8,0.894,0.002,1.747,10.86,0,0.002,-0.001,-0.002,-0.021,13.19,-1.6,0.6,100,0
"2025-11-23 04:48:00",113756,"",7999,2025,11,23,4,39,5,0.007,0.944,0.004,-344437.8,0.894,0.002,1.747,10.86,0,0.002,-0.001,-0.002,-0.021,13.19,-1.6,0.6,100,0
"2025-11-23 04:51:00",113757,"",7999,2025,11,23,4,45,5,0.0209,0.948,0.012,-344431.9,0.898,0.011,1.755,10.86,0,0.011,0,0.019,0.005,13.19,-1.6,0.6,100,0
"2025-11-23 04:54:00",113758,"",7999,2025,11,23,4,45,5,0.0209,0.948,0.012,-344431.9,0.898,0.011,1.755,10.86,0,0.011,0,0.019,0.005,13.19,-1.6,0.6,100,0
"2025-11-23 04:57:00",113759,"",7999,2025,11,23,4,51,5,0.0223,0.953,0.013,-344424.1,0.903,0.012,1.763,10.79,0,0.012,0,0.002,0.014,13.19,-1.6,0.7,100,0
"2025-11-23 05:00:00",113760,"",7999,2025,11,23,4,51,5,0.0223,0.953,0.013,-344424.1,0.903,0.012,1.763,10.79,0,0.012,0,0.002,0.014,13.19,-1.6,0.7,100,0
"2025-11-23 05:03:00",113761,"",7999,2025,11,23,4,57,5,0.0266,0.954,0.015,-344415,0.904,0.013,1.766,10.82,0,0.013,-0.002,0.009,0,13.19,-1.6,0.6,100,0
"2025-11-23 05:06:00",113762,"",7999,2025,11,23,4,57,5,0.0266,0.954,0.015,-344415,0.904,0.013,1.766,10.82,0,0.013,-0.002,0.009,0,13.19,-1.6,0.6,100,0
"2025-11-23 05:09:00",113763,"",7999,2025,11,23,5,3,5,0.042,0.96,0.024,-344401.7,0.91,0.023,1.776,10.84,0,0.023,0,0.028,0,13.19,-1.6,0.6,100,0
"2025-11-23 05:12:00",113764,"",7999,2025,11,23,5,3,5,0.042,0.96,0.024,-344401.7,0.91,0.023,1.776,10.84,0,0.023,0,0.028,0,13.19,-1.6,0.6,100,0
"2025-11-23 05:15:00",113765,"",7999,2025,11,23,5,9,5,0.0291,0.964,0.016,-344389.7,0.914,0.015,1.785,10.78,0,0.015,-0.002,0.019,-0.014,13.19,-1.6,0.6,100,0
"2025-11-23 05:18:00",113766,"",7999,2025,11,23,5,9,5,0.0291,0.964,0.016,-344389.7,0.914,0.015,1.785,10.78,0,0.015,-0.002,0.019,-0.014,13.19,-1.6,0.6,100,0
"2025-11-23 05:21:00",113767,"",7999,2025,11,23,5,15,5,0.0243,0.966,0.014,-344380.3,0.916,0.013,1.788,10.83,0,0.013,-0.002,0.009,-0.007,13.19,-1.6,0.6,100,0
"2025-11-23 05:24:00",113768,"",7999,2025,11,23,5,15,5,0.0243,0.966,0.014,-344380.3,0.916,0.013,1.788,10.83,0,0.013,-0.002,0.009,-0.007,13.19,-1.6,0.6,100,0
"2025-11-23 05:27:00",113769,"",7999,2025,11,23,5,21,5,0.0375,0.971,0.021,-344368.4,0.921,0.019,1.797,10.8,0,0.019,0.001,0.053,0.002,13.19,-1.6,0.6,100,0
"2025-11-23 05:30:00",113770,"",7999,2025,11,23,5,21,5,0.0375,0.971,0.021,-344368.4,0.921,0.019,1.797,10.8,0,0.019,0.001,0.053,0.002,13.19,-1.6,0.6,100,0
"2025-11-23 05:33:00",113771,"",7999,2025,11,23,5,27,5,0.031,0.973,0.017,-344356.4,0.923,0.017,1.8,10.77,0,0.017,-0.001,0.03,-0.009,13.19,-1.6,0.6,100,0
"2025-11-23 05:36:00",113772,"",7999,2025,11,23,5,27,5,0.031,0.973,0.017,-344356.4,0.923,0.017,1.8,10.77,0,0.017,-0.001,0.03,-0.009,13.19,-1.6,0.6,100,0
"2025-11-23 05:39:00",113773,"",7999,2025,11,23,5,33,5,0.0582,0.974,0.032,-344338.8,0.924,0.031,1.802,10.74,0,0.031,-0.001,0.019,0.021,13.19,-1.6,0.6,100,0
"2025-11-23 05:42:00",113774,"",7999,2025,11,23,5,33,5,0.0582,0.974,0.032,-344338.8,0.924,0.031,1.802,10.74,0,0.031,-0.001,0.019,0.021,13.19,-1.6,0.6,100,0
"2025-11-23 05:45:00",113775,"",7999,2025,11,23,5,39,5,0.0653,0.978,0.036,-344316.1,0.928,0.036,1.809,10.76,0,0.036,0,0.028,0.007,13.19,-1.6,0.6,100,0
"2025-11-23 05:48:00",113776,"",7999,2025,11,23,5,39,5,0.0653,0.978,0.036,-344316.1,0.928,0.036,1.809,10.76,0,0.036,0,0.028,0.007,13.19,-1.6,0.6,100,0
"2025-11-23 05:51:00",113777,"",7999,2025,11,23,5,45,5,0.0388,0.978,0.021,-344298.9,0.928,0.022,1.81,10.62,0,0.022,0,0.033,0.012,13.19,-1.6,0.6,100,0
"2025-11-23 05:54:00",113778,"",7999,2025,11,23,5,45,5,0.0388,0.978,0.021,-344298.9,0.928,0.022,1.81,10.62,0,0.022,0,0.033,0.012,13.19,-1.6,0.6,100,0
"2025-11-23 05:57:00",113779,"",7999,2025,11,23,5,51,5,0.0677,0.981,0.037,-344278,0.931,0.036,1.816,10.64,0,0.036,-0.002,0.021,0.007,13.19,-1.6,0.6,100,0
"2025-11-23 06:00:00",113780,"",7999,2025,11,23,5,51,5,0.0677,0.981,0.037,-344278,0.931,0.036,1.816,10.64,0,0.036,-0.002,0.021,0.007,13.19,-1.6,0.6,100,0
"2025-11-23 06:03:00",113781,"",7999,2025,11,23,5,57,5,-0.0046,0.98,-0.003,-344271,0.93,-0.001,1.813,10.6,0,-0.001,0.001,-0.012,-0.009,13.19,-1.6,0.7,100,0
"2025-11-23 06:06:00",113782,"",7999,2025,11,23,5,57,5,-0.0046,0.98,-0.003,-344271,0.93,-0.001,1.813,10.6,0,-0.001,0.001,-0.012,-0.009,13.19,-1.6,0.7,100,0
"2025-11-23 06:09:00",113783,"",7999,2025,11,23,6,3,5,0.0199,0.977,0.011,-344266.8,0.927,0.01,1.808,10.54,0,0.01,0,-0.026,0.005,13.19,-1.5,0.6,100,0
"2025-11-23 06:12:00",113784,"",7999,2025,11,23,6,3,5,0.0199,0.977,0.011,-344266.8,0.927,0.01,1.808,10.54,0,0.01,0,-0.026,0.005,13.19,-1.5,0.6,100,0
"2025-11-23 06:15:00",113785,"",7999,2025,11,23,6,9,5,0.0563,0.981,0.031,-344250.9,0.931,0.031,1.815,10.58,0,0.031,-0.002,0.026,0.002,13.19,-1.6,0.6,100,0
"2025-11-23 06:18:00",113786,"",7999,2025,11,23,6,9,5,0.0563,0.981,0.031,-344250.9,0.931,0.031,1.815,10.58,0,0.031,-0.002,0.026,0.002,13.19,-1.6,0.6,100,0
"2025-11-23 06:21:00",113787,"",7999,2025,11,23,6,15,5,0.0274,0.98,0.015,-344237.5,0.93,0.015,1.814,10.55,0,0.015,0.003,0,-0.007,13.19,-1.6,0.6,100,0
"2025-11-23 06:24:00",113788,"",7999,2025,11,23,6,15,5,0.0274,0.98,0.015,-344237.5,0.93,0.015,1.814,10.55,0,0.015,0.003,0,-0.007,13.19,-1.6,0.6,100,0
"2025-11-23 06:27:00",113789,"",7999,2025,11,23,6,21,5,0.0497,0.983,0.027,-344222.3,0.933,0.027,1.82,10.61,0,0.027,-0.003,0.009,0.014,13.19,-1.5,0.6,100,0
"2025-11-23 06:30:00",113790,"",7999,2025,11,23,6,21,5,0.0497,0.983,0.027,-344222.3,0.933,0.027,1.82,10.61,0,0.027,-0.003,0.009,0.014,13.19,-1.5,0.6,100,0
"2025-11-23 06:33:00",113791,"",7999,2025,11,23,6,27,5,0.0229,0.974,0.013,-344210.8,0.924,0.011,1.803,10.46,0,0.011,-0.001,0.005,-0.012,13.19,-1.6,0.6,100,0
"2025-11-23 06:36:00",113792,"",7999,2025,11,23,6,27,5,0.0229,0.974,0.013,-344210.8,0.924,0.011,1.803,10.46,0,0.011,-0.001,0.005,-0.012,13.19,-1.6,0.6,100,0
"2025-11-23 06:39:00",113793,"",7999,2025,11,23,6,33,5,0.0096,0.983,0.005,-344205.8,0.933,0.004,1.82,10.39,0,0.004,0.002,-0.002,-0.005,13.19,-1.6,0.6,100,0
"2025-11-23 06:42:00",113794,"",7999,2025,11,23,6,33,5,0.0096,0.983,0.005,-344205.8,0.933,0.004,1.82,10.39,0,0.004,0.002,-0.002,-0.005,13.19,-1.6,0.6,100,0
"2025-11-23 06:45:00",113795,"",7999,2025,11,23,6,39,5,0.0121,0.984,0.007,-344201.7,0.934,0.006,1.821,10.45,0,0.006,-0.002,-0.014,0.002,13.19,-1.6,0.6,100,0
"2025-11-23 06:48:00",113796,"",7999,2025,11,23,6,39,5,0.0121,0.984,0.007,-344201.7,0.934,0.006,1.821,10.45,0,0.006,-0.002,-0.014,0.002,13.19,-1.6,0.6,100,0
"2025-11-23 06:51:00",113797,"",7999,2025,11,23,6,45,5,-0.0124,0.982,-0.007,-344203.2,0.932,-0.006,1.818,10.44,0,-0.006,0.002,-0.007,-0.014,13.19,-1.6,0.6,100,0
"2025-11-23 06:54:00",113798,"",7999,2025,11,23,6,45,5,-0.0124,0.982,-0.007,-344203.2,0.932,-0.006,1.818,10.44,0,-0.006,0.002,-0.007,-0.014,13.19,-1.6,0.6,100,0
"2025-11-23 06:57:00",113799,"",7999,2025,11,23,6,51,5,-0.0197,0.98,-0.011,-344209.5,0.93,-0.011,1.813,10.52,0,-0.011,0.001,0.012,-0.019,13.19,-1.5,0.6,100,0
"2025-11-23 07:00:00",113800,"",7999,2025,11,23,6,51,5,-0.0197,0.98,-0.011,-344209.5,0.93,-0.011,1.813,10.52,0,-0.011,0.001,0.012,-0.019,13.19,-1.5,0.6,100,0
"2025-11-23 07:03:00",113801,"",7999,2025,11,23,6,57,5,-0.0246,0.978,-0.014,-344217.8,0.928,-0.013,1.81,10.44,0,-0.013,0,0.007,-0.031,13.19,-1.6,0.6,100,0
"2025-11-23 07:06:00",113802,"",7999,2025,11,23,6,57,5,-0.0246,0.978,-0.014,-344217.8,0.928,-0.013,1.81,10.44,0,-0.013,0,0.007,-0.031,13.19,-1.6,0.6,100,0
"2025-11-23 07:09:00",113803,"",7999,2025,11,23,7,3,5,-0.0455,0.974,-0.025,-344231.6,0.924,-0.024,1.803,10.41,0,-0.024,-0.003,-0.051,-0.038,13.19,-1.6,0.6,100,0
"2025-11-23 07:12:00",113804,"",7999,2025,11,23,7,3,5,-0.0455,0.974,-0.025,-344231.6,0.924,-0.024,1.803,10.41,0,-0.024,-0.003,-0.051,-0.038,13.19,-1.6,0.6,100,0
"2025-11-23 07:15:00",113805,"",7999,2025,11,23,7,9,5,-0.0528,0.969,-0.029,-344249.8,0.919,-0.029,1.794,10.35,0,-0.029,-0.002,-0.037,-0.05,13.19,-1.6,0.6,100,0
"2025-11-23 07:18:00",113806,"",7999,2025,11,23,7,9,5,-0.0528,0.969,-0.029,-344249.8,0.919,-0.029,1.794,10.35,0,-0.029,-0.002,-0.037,-0.05,13.19,-1.6,0.6,100,0
"2025-11-23 07:21:00",113807,"",7999,2025,11,23,7,15,5,-0.0134,0.966,-0.008,-344259.3,0.916,-0.007,1.788,10.25,0,-0.007,0.001,-0.014,-0.019,13.19,-1.6,0.6,100,0
"2025-11-23 07:24:00",113808,"",7999,2025,11,23,7,15,5,-0.0134,0.966,-0.008,-344259.3,0.916,-0.007,1.788,10.25,0,-0.007,0.001,-0.014,-0.019,13.19,-1.6,0.6,100,0
"2025-11-23 07:27:00",113809,"",7999,2025,11,23,7,21,5,-0.0772,0.959,-0.044,-344279.5,0.909,-0.044,1.775,10.15,0,-0.044,0.001,-0.014,-0.073,13.19,-1.6,0.6,100,0
"2025-11-23 07:30:00",113810,"",7999,2025,11,23,7,21,5,-0.0772,0.959,-0.044,-344279.5,0.909,-0.044,1.775,10.15,0,-0.044,0.001,-0.014,-0.073,13.19,-1.6,0.6,100,0
"2025-11-23 07:33:00",113811,"",7999,2025,11,23,7,27,5,-0.0348,0.955,-0.02,-344297.2,0.905,-0.018,1.767,10.08,0,-0.018,0.001,0.021,-0.043,13.19,-1.6,0.6,100,0
"2025-11-23 07:36:00",113812,"",7999,2025,11,23,7,27,5,-0.0348,0.955,-0.02,-344297.2,0.905,-0.018,1.767,10.08,0,-0.018,0.001,0.021,-0.043,13.19,-1.6,0.6,100,0
"2025-11-23 07:39:00",113813,"",7999,2025,11,23,7,33,5,-0.0451,0.95,-0.026,-344312.2,0.9,-0.024,1.759,9.95,0,-0.024,0.001,0,-0.045,13.19,-1.6,0.6,100,0
"2025-11-23 07:42:00",113814,"",7999,2025,11,23,7,33,5,-0.0451,0.95,-0.026,-344312.2,0.9,-0.024,1.759,9.95,0,-0.024,0.001,0,-0.045,13.19,-1.6,0.6,100,0
"2025-11-23 07:45:00",113815,"",7999,2025,11,23,7,39,5,-0.0575,0.942,-0.033,-344331.4,0.892,-0.033,1.743,9.8,0,-0.033,0.001,-0.03,-0.054,13.19,-1.6,0.6,100,0
"2025-11-23 07:48:00",113816,"",7999,2025,11,23,7,39,5,-0.0575,0.942,-0.033,-344331.4,0.892,-0.033,1.743,9.8,0,-0.033,0.001,-0.03,-0.054,13.19,-1.6,0.6,100,0
"2025-11-23 07:51:00",113817,"",7999,2025,11,23,7,45,5,-0.0397,0.937,-0.023,-344347.8,0.887,-0.023,1.735,9.76,0,-0.023,0.002,-0.046,-0.045,13.19,-1.6,0.6,100,0
"2025-11-23 07:54:00",113818,"",7999,2025,11,23,7,45,5,-0.0397,0.937,-0.023,-344347.8,0.887,-0.023,1.735,9.76,0,-0.023,0.002,-0.046,-0.045,13.19,-1.6,0.6,100,0
"2025-11-23 07:57:00",113819,"",7999,2025,11,23,7,51,5,-0.0509,0.931,-0.03,-344364.8,0.881,-0.029,1.723,9.61,0,-0.029,-0.001,-0.028,-0.057,13.19,-1.6,0.6,100,0
"2025-11-23 08:00:00",113820,"",7999,2025,11,23,7,51,5,-0.0509,0.931,-0.03,-344364.8,0.881,-0.029,1.723,9.61,0,-0.029,-0.001,-0.028,-0.057,13.19,-1.6,0.6,100,0
"2025-11-23 08:03:00",113821,"",7999,2025,11,23,7,57,5,-0.0256,0.927,-0.015,-344377.1,0.877,-0.015,1.716,9.59,0,-0.015,0.003,0.002,-0.026,13.19,-1.6,0.6,100,0
"2025-11-23 08:06:00",113822,"",7999,2025,11,23,7,57,5,-0.0256,0.927,-0.015,-344377.1,0.877,-0.015,1.716,9.59,0,-0.015,0.003,0.002,-0.026,13.19,-1.6,0.6,100,0
"2025-11-23 08:09:00",113823,"",7999,2025,11,23,8,3,5,-0.0434,0.924,-0.025,-344390.6,0.874,-0.024,1.71,9.56,0,-0.024,0.003,0.019,-0.04,13.19,-1.6,0.6,100,0
"2025-11-23 08:12:00",113824,"",7999,2025,11,23,8,3,5,-0.0434,0.924,-0.025,-344390.6,0.874,-0.024,1.71,9.56,0,-0.024,0.003,0.019,-0.04,13.19,-1.6,0.6,100,0
"2025-11-23 08:15:00",113825,"",7999,2025,11,23,8,9,5,-0.0183,0.922,-0.011,-344400.2,0.872,-0.01,1.706,9.55,0,-0.01,0.004,0.012,-0.026,13.19,-1.6,0.6,100,0
"2025-11-23 08:18:00",113826,"",7999,2025,11,23,8,9,5,-0.0183,0.922,-0.011,-344400.2,0.872,-0.01,1.706,9.55,0,-0.01,0.004,0.012,-0.026,13.19,-1.6,0.6,100,0
"2025-11-23 08:21:00",113827,"",7999,2025,11,23,8,15,5,-0.0304,0.921,-0.018,-344409.7,0.871,-0.017,1.705,9.57,0,-0.017,0.003,-0.005,-0.026,13.19,-1.6,0.6,100,0
"2025-11-23 08:24:00",113828,"",7999,2025,11,23,8,15,5,-0.0304,0.921,-0.018,-344409.7,0.871,-0.017,1.705,9.57,0,-0.017,0.003,-0.005,-0.026,13.19,-1.6,0.6,100,0
"2025-11-23 08:27:00",113829,"",7999,2025,11,23,8,21,5,-0.0367,0.917,-0.022,-344422.2,0.867,-0.021,1.697,9.5,0,-0.021,0.004,-0.028,-0.043,13.19,-1.7,0.6,100,0
"2025-11-23 08:30:00",113830,"",7999,2025,11,23,8,21,5,-0.0367,0.917,-0.022,-344422.2,0.867,-0.021,1.697,9.5,0,-0.021,0.004,-0.028,-0.043,13.19,-1.7,0.6,100,0
"2025-11-23 08:33:00",113831,"",7999,2025,11,23,8,27,5,-0.0206,0.917,-0.012,-344431.5,0.867,-0.011,1.697,9.48,0,-0.011,0.001,-0.009,-0.038,13.19,-1.7,0.6,100,0
"2025-11-23 08:36:00",113832,"",7999,2025,11,23,8,27,5,-0.0206,0.917,-0.012,-344431.5,0.867,-0.011,1.697,9.48,0,-0.011,0.001,-0.009,-0.038,13.19,-1.7,0.6,100,0
"2025-11-23 08:39:00",113833,"",7999,2025,11,23,8,33,5,-0.0594,0.913,-0.035,-344448.3,0.863,-0.035,1.689,9.45,0,-0.035,0.004,-0.009,-0.062,13.19,-1.7,0.6,100,0
"2025-11-23 08:42:00",113834,"",7999,2025,11,23,8,33,5,-0.0594,0.913,-0.035,-344448.3,0.863,-0.035,1.689,9.45,0,-0.035,0.004,-0.009,-0.062,13.19,-1.7,0.6,100,0
"2025-11-23 08:45:00",113835,"",7999,2025,11,23,8,39,5,-0.03,0.909,-0.018,-344462.7,0.859,-0.017,1.682,9.44,0,-0.017,0.002,-0.014,-0.057,13.19,-1.7,0.6,100,0
"2025-11-23 08:48:00",113836,"",7999,2025,11,23,8,39,5,-0.03,0.909,-0.018,-344462.7,0.859,-0.017,1.682,9.44,0,-0.017,0.002,-0.014,-0.057,13.19,-1.7,0.6,100,0
"2025-11-23 08:51:00",113837,"",7999,2025,11,23,8,45,5,-0.0413,0.904,-0.025,-344476.2,0.854,-0.023,1.673,9.42,0,-0.023,0.005,-0.021,-0.045,13.19,-1.8,0.5,100,0
"2025-11-23 08:54:00",113838,"",7999,2025,11,23,8,45,5,-0.0413,0.904,-0.025,-344476.2,0.854,-0.023,1.673,9.42,0,-0.023,0.005,-0.021,-0.045,13.19,-1.8,0.5,100,0
"2025-11-23 08:57:00",113839,"",7999,2025,11,23,8,51,5,-0.026,0.899,-0.016,-344487.4,0.849,-0.016,1.664,9.43,0,-0.016,0.002,-0.021,-0.033,13.19,-1.7,0.6,100,0
"2025-11-23 09:00:00",113840,"",7999,2025,11,23,8,51,5,-0.026,0.899,-0.016,-344487.4,0.849,-0.016,1.664,9.43,0,-0.016,0.002,-0.021,-0.033,13.19,-1.7,0.6,100,0
"2025-11-23 09:03:00",113841,"",7999,2025,11,23,8,57,5,-0.0482,0.893,-0.029,-344502.1,0.843,-0.029,1.652,9.38,0,-0.029,0.005,-0.04,-0.062,13.19,-1.8,0.5,100,0
"2025-11-23 09:06:00",113842,"",7999,2025,11,23,8,57,5,-0.0482,0.893,-0.029,-344502.1,0.843,-0.029,1.652,9.38,0,-0.029,0.005,-0.04,-0.062,13.19,-1.8,0.5,100,0
"2025-11-23 09:09:00",113843,"",7999,2025,11,23,9,3,5,-0.044,0.882,-0.027,-344518.5,0.832,-0.027,1.633,9.32,0,-0.027,0,-0.03,-0.059,13.19,-1.8,0.5,100,0
"2025-11-23 09:12:00",113844,"",7999,2025,11,23,9,3,5,-0.044,0.882,-0.027,-344518.5,0.832,-0.027,1.633,9.32,0,-0.027,0,-0.03,-0.059,13.19,-1.8,0.5,100,0
"2025-11-23 09:15:00",113845,"",7999,2025,11,23,9,9,5,-0.0111,0.876,-0.007,-344526.4,0.826,-0.006,1.621,9.28,0,-0.006,0.001,-0.042,-0.036,13.19,-1.8,0.5,100,0
"2025-11-23 09:18:00",113846,"",7999,2025,11,23,9,9,5,-0.0111,0.876,-0.007,-344526.4,0.826,-0.006,1.621,9.28,0,-0.006,0.001,-0.042,-0.036,13.19,-1.8,0.5,100,0
"2025-11-23 09:21:00",113847,"",7999,2025,11,23,9,15,5,-0.0092,0.872,-0.006,-344530,0.822,-0.004,1.613,9.27,0,-0.004,-0.001,-0.023,-0.028,13.19,-1.8,0.5,100,0
"2025-11-23 09:24:00",113848,"",7999,2025,11,23,9,15,5,-0.0092,0.872,-0.006,-344530,0.822,-0.004,1.613,9.27,0,-0.004,-0.001,-0.023,-0.028,13.19,-1.8,0.5,100,0
"2025-11-23 09:27:00",113849,"",7999,2025,11,23,9,21,5,-0.0264,0.865,-0.017,-344537.4,0.815,-0.016,1.6,9.3,0,-0.016,0.003,-0.042,-0.036,13.19,-1.8,0.5,100,0
"2025-11-23 09:30:00",113850,"",7999,2025,11,23,9,21,5,-0.0264,0.865,-0.017,-344537.4,0.815,-0.016,1.6,9.3,0,-0.016,0.003,-0.042,-0.036,13.19,-1.8,0.5,100,0
"2025-11-23 09:33:00",113851,"",7999,2025,11,23,9,27,5,-0.0329,0.856,-0.021,-344548.5,0.806,-0.019,1.583,9.32,0,-0.019,-0.001,0.005,-0.05,13.19,-1.8,0.5,100,0
"2025-11-23 09:36:00",113852,"",7999,2025,11,23,9,27,5,-0.0329,0.856,-0.021,-344548.5,0.806,-0.019,1.583,9.32,0,-0.019,-0.001,0.005,-0.05,13.19,-1.8,0.5,100,0
"2025-11-23 09:39:00",113853,"",7999,2025,11,23,9,33,5,-0.0189,0.852,-0.012,-344557,0.802,-0.011,1.577,9.36,0,-0.011,0.002,-0.028,-0.033,13.19,-1.8,0.5,100,0
"2025-11-23 09:42:00",113854,"",7999,2025,11,23,9,33,5,-0.0189,0.852,-0.012,-344557,0.802,-0.011,1.577,9.36,0,-0.011,0.002,-0.028,-0.033,13.19,-1.8,0.5,100,0
"2025-11-23 09:45:00",113855,"",7999,2025,11,23,9,39,5,-0.035,0.849,-0.022,-344567.7,0.799,-0.022,1.57,9.44,0,-0.022,0.001,-0.037,-0.036,13.19,-1.8,0.5,100,0
"2025-11-23 09:48:00",113856,"",7999,2025,11,23,9,39,5,-0.035,0.849,-0.022,-344567.7,0.799,-0.022,1.57,9.44,0,-0.022,0.001,-0.037,-0.036,13.19,-1.8,0.5,100,0
"2025-11-23 09:51:00",113857,"",7999,2025,11,23,9,45,5,-0.0367,0.844,-0.024,-344580.8,0.794,-0.023,1.561,9.52,0,-0.023,0.004,-0.021,-0.047,13.19,-1.8,0.6,100,0
"2025-11-23 09:54:00",113858,"",7999,2025,11,23,9,45,5,-0.0367,0.844,-0.024,-344580.8,0.794,-0.023,1.561,9.52,0,-0.023,0.004,-0.021,-0.047,13.19,-1.8,0.6,100,0
"2025-11-23 09:57:00",113859,"",7999,2025,11,23,9,51,5,-0.0279,0.839,-0.018,-344591.9,0.789,-0.017,1.553,9.59,0,-0.017,-0.001,-0.014,-0.038,13.19,-1.8,0.6,100,0
"2025-11-23 10:00:00",113860,"",7999,2025,11,23,9,51,5,-0.0279,0.839,-0.018,-344591.9,0.789,-0.017,1.553,9.59,0,-0.017,-0.001,-0.014,-0.038,13.19,-1.8,0.6,100,0
"2025-11-23 10:03:00",113861,"",7999,2025,11,23,9,57,5,-0.028,0.834,-0.018,-344602,0.784,-0.017,1.544,9.72,0,-0.017,0.001,-0.021,-0.038,13.2,-1.8,0.5,100,0
"2025-11-23 10:06:00",113862,"",7999,2025,11,23,9,57,5,-0.028,0.834,-0.018,-344602,0.784,-0.017,1.544,9.72,0,-0.017,0.001,-0.021,-0.038,13.2,-1.8,0.5,100,0
"2025-11-23 10:09:00",113863,"",7999,2025,11,23,10,3,5,-0.0278,0.831,-0.018,-344612,0.781,-0.016,1.538,9.7,0,-0.016,0.003,-0.016,-0.019,13.2,-1.9,0.5,100,0
"2025-11-23 10:12:00",113864,"",7999,2025,11,23,10,3,5,-0.0278,0.831,-0.018,-344612,0.781,-0.016,1.538,9.7,0,-0.016,0.003,-0.016,-0.019,13.2,-1.9,0.5,100,0
"2025-11-23 10:15:00",113865,"",7999,2025,11,23,10,9,5,-0.0238,0.832,-0.016,-344621.1,0.782,-0.015,1.539,9.8,0,-0.015,0,-0.035,-0.024,13.2,-1.8,0.5,100,0
"2025-11-23 10:18:00",113866,"",7999,2025,11,23,10,9,5,-0.0238,0.832,-0.016,-344621.1,0.782,-0.015,1.539,9.8,0,-0.015,0,-0.035,-0.024,13.2,-1.8,0.5,100,0
"2025-11-23 10:21:00",113867,"",7999,2025,11,23,10,15,5,-0.0386,0.83,-0.025,-344633.3,0.78,-0.024,1.535,9.89,0,-0.024,0.001,-0.026,-0.031,13.2,-1.8,0.5,100,0
"2025-11-23 10:24:00",113868,"",7999,2025,11,23,10,15,5,-0.0386,0.83,-0.025,-344633.3,0.78,-0.024,1.535,9.89,0,-0.024,0.001,-0.026,-0.031,13.2,-1.8,0.5,100,0
"2025-11-23 10:27:00",113869,"",7999,2025,11,23,10,21,5,-0.0345,0.826,-0.023,-344646.2,0.776,-0.021,1.529,9.9,0,-0.021,0.001,-0.028,-0.031,13.2,-1.8,0.6,100,0
"2025-11-23 10:30:00",113870,"",7999,2025,11,23,10,21,5,-0.0345,0.826,-0.023,-344646.2,0.776,-0.021,1.529,9.9,0,-0.021,0.001,-0.028,-0.031,13.2,-1.8,0.6,100,0
"2025-11-23 10:33:00",113871,"",7999,2025,11,23,10,27,5,-0.0296,0.821,-0.02,-344657.4,0.771,-0.018,1.519,9.94,0,-0.018,0.003,-0.04,-0.021,13.2,-1.7,0.6,100,0
"2025-11-23 10:36:00",113872,"",7999,2025,11,23,10,27,5,-0.0296,0.821,-0.02,-344657.4,0.771,-0.018,1.519,9.94,0,-0.018,0.003,-0.04,-0.021,13.2,-1.7,0.6,100,0
"2025-11-23 10:39:00",113873,"",7999,2025,11,23,10,33,5,-0.0157,0.816,-0.01,-344664.8,0.766,-0.008,1.511,9.96,0,-0.008,0.001,-0.007,-0.019,13.2,-1.8,0.6,100,0
"2025-11-23 10:42:00",113874,"",7999,2025,11,23,10,33,5,-0.0157,0.816,-0.01,-344664.8,0.766,-0.008,1.511,9.96,0,-0.008,0.001,-0.007,-0.019,13.2,-1.8,0.6,100,0
"2025-11-23 10:45:00",113875,"",7999,2025,11,23,10,39,5,0.0229,0.822,0.015,-344661.2,0.772,0.015,1.522,10,0,0.015,0,0.035,0.007,13.2,-1.7,0.6,100,0
"2025-11-23 10:48:00",113876,"",7999,2025,11,23,10,39,5,0.0229,0.822,0.015,-344661.2,0.772,0.015,1.522,10,0,0.015,0,0.035,0.007,13.2,-1.7,0.6,100,0
"2025-11-23 10:51:00",113877,"",7999,2025,11,23,10,45,5,0.0009,0.826,0.001,-344658.2,0.776,0.001,1.528,9.91,0,0.001,-0.001,0.007,0,13.2,-1.7,0.6,100,0
"2025-11-23 10:54:00",113878,"",7999,2025,11,23,10,45,5,0.0009,0.826,0.001,-344658.2,0.776,0.001,1.528,9.91,0,0.001,-0.001,0.007,0,13.2,-1.7,0.6,100,0
"2025-11-23 10:57:00",113879,"",7999,2025,11,23,10,51,5,-0.011,0.823,-0.007,-344660.8,0.773,-0.006,1.522,9.9,0,-0.006,-0.001,0.012,-0.012,13.2,-1.6,0.6,100,0
"2025-11-23 11:00:00",113880,"",7999,2025,11,23,10,51,5,-0.011,0.823,-0.007,-344660.8,0.773,-0.006,1.522,9.9,0,-0.006,-0.001,0.012,-0.012,13.2,-1.6,0.6,100,0
"2025-11-23 11:03:00",113881,"",7999,2025,11,23,10,57,5,-0.0116,0.821,-0.008,-344664.9,0.771,-0.006,1.519,9.89,0,-0.006,0.002,-0.007,-0.017,13.2,-1.7,0.6,100,0
"2025-11-23 11:06:00",113882,"",7999,2025,11,23,10,57,5,-0.0116,0.821,-0.008,-344664.9,0.771,-0.006,1.519,9.89,0,-0.006,0.002,-0.007,-0.017,13.2,-1.7,0.6,100,0
"2025-11-23 11:09:00",113883,"",7999,2025,11,23,11,3,5,-0.059,0.816,-0.039,-344680.4,0.766,-0.039,1.511,9.96,0,-0.039,0.002,-0.007,-0.054,13.2,-1.7,0.6,100,0
"2025-11-23 11:12:00",113884,"",7999,2025,11,23,11,3,5,-0.059,0.816,-0.039,-344680.4,0.766,-0.039,1.511,9.96,0,-0.039,0.002,-0.007,-0.054,13.2,-1.7,0.6,100,0
"2025-11-23 11:15:00",113885,"",7999,2025,11,23,11,9,5,-0.008,0.82,-0.005,-344689.5,0.77,-0.004,1.518,9.97,0,-0.004,-0.001,0.005,-0.005,13.2,-1.7,0.6,100,0
"2025-11-23 11:18:00",113886,"",7999,2025,11,23,11,9,5,-0.008,0.82,-0.005,-344689.5,0.77,-0.004,1.518,9.97,0,-0.004,-0.001,0.005,-0.005,13.2,-1.7,0.6,100,0
"2025-11-23 11:21:00",113887,"",7999,2025,11,23,11,15,5,-0.027,0.816,-0.018,-344696.9,0.766,-0.016,1.509,10.07,2,-0.016,0.002,-0.007,-0.021,13.2,-2.1,0.6,100,0
"2025-11-23 11:24:00",113888,"",7999,2025,11,23,11,15,5,-0.027,0.816,-0.018,-344696.9,0.766,-0.016,1.509,10.07,2,-0.016,0.002,-0.007,-0.021,13.2,-2.1,0.6,100,0
"2025-11-23 11:27:00",113889,"",7999,2025,11,23,11,21,5,-0.0306,0.807,-0.021,-344707.5,0.757,-0.019,1.493,10.08,2,-0.019,0.003,-0.012,-0.014,13.2,-2,0.6,100,0
"2025-11-23 11:30:00",113890,"",7999,2025,11,23,11,21,5,-0.0306,0.807,-0.021,-344707.5,0.757,-0.019,1.493,10.08,2,-0.019,0.003,-0.012,-0.014,13.2,-2,0.6,100,0
"2025-11-23 11:33:00",113891,"",7999,2025,11,23,11,27,5,-0.0343,0.804,-0.023,-344719.5,0.754,-0.022,1.487,10.1,0,-0.022,0.002,-0.007,-0.014,13.2,-1.7,0.6,100,0
"2025-11-23 11:36:00",113892,"",7999,2025,11,23,11,27,5,-0.0343,0.804,-0.023,-344719.5,0.754,-0.022,1.487,10.1,0,-0.022,0.002,-0.007,-0.014,13.2,-1.7,0.6,100,0
"2025-11-23 11:39:00",113893,"",7999,2025,11,23,11,33,5,-0.0245,0.804,-0.017,-344729.5,0.754,-0.015,1.487,10.26,0,-0.015,0,-0.002,-0.005,13.2,-1.8,0.6,100,0
"2025-11-23 11:42:00",113894,"",7999,2025,11,23,11,33,5,-0.0245,0.804,-0.017,-344729.5,0.754,-0.015,1.487,10.26,0,-0.015,0,-0.002,-0.005,13.2,-1.8,0.6,100,0
"2025-11-23 11:45:00",113895,"",7999,2025,11,23,11,39,5,-0.0236,0.797,-0.016,-344738.1,0.747,-0.015,1.475,10.43,2,-0.015,0.002,0.005,-0.002,13.2,-2,0.6,100,0
"2025-11-23 11:48:00",113896,"",7999,2025,11,23,11,39,5,-0.0236,0.797,-0.016,-344738.1,0.747,-0.015,1.475,10.43,2,-0.015,0.002,0.005,-0.002,13.2,-2,0.6,100,0
"2025-11-23 11:51:00",113897,"",7999,2025,11,23,11,45,5,-0.0051,0.796,-0.004,-344742.2,0.746,-0.001,1.472,10.52,2,-0.001,0.001,0.005,-0.002,13.2,-2.1,0.6,100,0
"2025-11-23 11:54:00",113898,"",7999,2025,11,23,11,45,5,-0.0051,0.796,-0.004,-344742.2,0.746,-0.001,1.472,10.52,2,-0.001,0.001,0.005,-0.002,13.2,-2.1,0.6,100,0
"2025-11-23 11:57:00",113899,"",7999,2025,11,23,11,51,5,-0.0311,0.785,-0.021,-344750.3,0.735,-0.019,1.453,10.55,2,-0.019,0.002,-0.021,-0.019,13.2,-2.2,0.6,100,0
"2025-11-23 12:00:00",113900,"",7999,2025,11,23,11,51,5,-0.0311,0.785,-0.021,-344750.3,0.735,-0.019,1.453,10.55,2,-0.019,0.002,-0.021,-0.019,13.2,-2.2,0.6,100,0
"2025-11-23 12:03:00",113901,"",7999,2025,11,23,11,57,5,-0.0224,0.782,-0.016,-344759.4,0.732,-0.015,1.446,10.58,2,-0.015,0,0,-0.012,13.2,-2.2,0.6,100,0
"2025-11-23 12:06:00",113902,"",7999,2025,11,23,11,57,5,-0.0224,0.782,-0.016,-344759.4,0.732,-0.015,1.446,10.58,2,-0.015,0,0,-0.012,13.2,-2.2,0.6,100,0
"2025-11-23 12:09:00",113903,"",7999,2025,11,23,12,3,5,0.0236,0.572,0.022,-344756.4,0.522,0.023,1.058,10.63,2,0.023,-0.002,0.028,0.014,13.2,-2.1,0.6,100,0
"2025-11-23 12:12:00",113904,"",7999,2025,11,23,12,3,5,0.0236,0.572,0.022,-344756.4,0.522,0.023,1.058,10.63,2,0.023,-0.002,0.028,0.014,13.2,-2.1,0.6,100,0
"2025-11-23 12:15:00",113905,"",7999,2025,11,23,12,9,5,-0.0201,0.788,-0.014,-344758.4,0.738,-0.013,1.458,10.7,2,-0.013,0,-0.019,-0.017,13.2,-2.2,0.6,100,0
"2025-11-23 12:18:00",113906,"",7999,2025,11,23,12,9,5,-0.0201,0.788,-0.014,-344758.4,0.738,-0.013,1.458,10.7,2,-0.013,0,-0.019,-0.017,13.2,-2.2,0.6,100,0
"2025-11-23 12:21:00",113907,"",7999,2025,11,23,12,15,5,-0.0019,0.788,-0.001,-344761.3,0.738,-0.001,1.458,10.73,2,-0.001,-0.001,-0.005,-0.002,13.2,-2.2,0.6,100,0
"2025-11-23 12:24:00",113908,"",7999,2025,11,23,12,15,5,-0.0019,0.788,-0.001,-344761.3,0.738,-0.001,1.458,10.73,2,-0.001,-0.001,-0.005,-0.002,13.2,-2.2,0.6,100,0
"2025-11-23 12:27:00",113909,"",7999,2025,11,23,12,21,5,0.015,0.796,0.01,-344757.9,0.746,0.01,1.473,10.78,2,0.01,0.001,-0.002,0.007,13.2,-2.1,0.6,100,0
"2025-11-23 12:30:00",113910,"",7999,2025,11,23,12,21,5,0.015,0.796,0.01,-344757.9,0.746,0.01,1.473,10.78,2,0.01,0.001,-0.002,0.007,13.2,-2.1,0.6,100,0
"2025-11-23 12:33:00",113911,"",7999,2025,11,23,12,27,5,0.0436,0.807,0.029,-344745.7,0.757,0.029,1.493,10.84,2,0.029,-0.005,0.021,0.033,13.2,-2.2,0.7,100,0
"2025-11-23 12:36:00",113912,"",7999,2025,11,23,12,27,5,0.0436,0.807,0.029,-344745.7,0.757,0.029,1.493,10.84,2,0.029,-0.005,0.021,0.033,13.2,-2.2,0.7,100,0
"2025-11-23 12:39:00",113913,"",7999,2025,11,23,12,33,5,0.0164,0.813,0.011,-344736.5,0.763,0.01,1.504,10.85,2,0.01,0,-0.023,0,13.2,-2.2,0.7,100,0
"2025-11-23 12:42:00",113914,"",7999,2025,11,23,12,33,5,0.0164,0.813,0.011,-344736.5,0.763,0.01,1.504,10.85,2,0.01,0,-0.023,0,13.2,-2.2,0.7,100,0
"2025-11-23 12:45:00",113915,"",7999,2025,11,23,12,39,5,0.0248,0.819,0.016,-344728.5,0.769,0.015,1.516,10.92,2,0.015,0,0.007,0.014,13.21,-2.1,0.7,100,0
"2025-11-23 12:48:00",113916,"",7999,2025,11,23,12,39,5,0.0248,0.819,0.016,-344728.5,0.769,0.015,1.516,10.92,2,0.015,0,0.007,0.014,13.21,-2.1,0.7,100,0
"2025-11-23 12:51:00",113917,"",7999,2025,11,23,12,45,5,0.0005,0.822,0,-344725.4,0.772,0,1.522,11.06,2,0,-0.001,-0.021,-0.017,13.21,-2.1,0.7,100,0
"2025-11-23 12:54:00",113918,"",7999,2025,11,23,12,45,5,0.0005,0.822,0,-344725.4,0.772,0,1.522,11.06,2,0,-0.001,-0.021,-0.017,13.21,-2.1,0.7,100,0
"2025-11-23 12:57:00",113919,"",7999,2025,11,23,12,51,5,0.0172,0.831,0.011,-344721.2,0.781,0.01,1.538,11.14,2,0.01,0.002,-0.002,-0.007,13.21,-2.2,0.7,100,0
"2025-11-23 13:00:00",113920,"",7999,2025,11,23,12,51,5,0.0172,0.831,0.011,-344721.2,0.781,0.01,1.538,11.14,2,0.01,0.002,-0.002,-0.007,13.21,-2.2,0.7,100,0
"2025-11-23 13:03:00",113921,"",7999,2025,11,23,12,57,5,0.0143,0.84,0.009,-344715.7,0.79,0.007,1.554,11.26,2,0.007,0,-0.002,-0.005,13.21,-2.2,0.7,100,0
"2025-11-23 13:06:00",113922,"",7999,2025,11,23,12,57,5,0.0143,0.84,0.009,-344715.7,0.79,0.007,1.554,11.26,2,0.007,0,-0.002,-0.005,13.21,-2.2,0.7,100,0
"2025-11-23 13:09:00",113923,"",7999,2025,11,23,13,3,5,0.005,0.843,0.003,-344712.8,0.793,0.001,1.56,11.23,2,0.001,0.001,-0.002,0.002,13.21,-2.1,0.7,100,0
"2025-11-23 13:12:00",113924,"",7999,2025,11,23,13,3,5,0.005,0.843,0.003,-344712.8,0.793,0.001,1.56,11.23,2,0.001,0.001,-0.002,0.002,13.21,-2.1,0.7,100,0
"2025-11-23 13:15:00",113925,"",7999,2025,11,23,13,9,5,0.0419,0.851,0.027,-344702.1,0.801,0.027,1.575,11.32,2,0.027,-0.001,0.023,0.028,13.21,-2.1,0.7,100,0
"2025-11-23 13:18:00",113926,"",7999,2025,11,23,13,9,5,0.0419,0.851,0.027,-344702.1,0.801,0.027,1.575,11.32,2,0.027,-0.001,0.023,0.028,13.21,-2.1,0.7,100,0
"2025-11-23 13:21:00",113927,"",7999,2025,11,23,13,15,5,0.0344,0.863,0.022,-344688.8,0.813,0.022,1.597,11.33,0,0.022,0.002,0.005,0.017,13.21,-1.9,0.7,100,0
"2025-11-23 13:24:00",113928,"",7999,2025,11,23,13,15,5,0.0344,0.863,0.022,-344688.8,0.813,0.022,1.597,11.33,0,0.022,0.002,0.005,0.017,13.21,-1.9,0.7,100,0
"2025-11-23 13:27:00",113929,"",7999,2025,11,23,13,21,5,0.0423,0.872,0.026,-344674.5,0.822,0.025,1.614,11.43,2,0.025,0.004,0.026,0.021,13.21,-2,0.7,100,0
"2025-11-23 13:30:00",113930,"",7999,2025,11,23,13,21,5,0.0423,0.872,0.026,-344674.5,0.822,0.025,1.614,11.43,2,0.025,0.004,0.026,0.021,13.21,-2,0.7,100,0
"2025-11-23 13:33:00",113931,"",7999,2025,11,23,13,27,5,0.0688,0.888,0.042,-344652.9,0.838,0.041,1.643,11.53,0,0.041,-0.002,0.023,0.014,13.21,-1.9,0.7,100,0
"2025-11-23 13:36:00",113932,"",7999,2025,11,23,13,27,5,0.0688,0.888,0.042,-344652.9,0.838,0.041,1.643,11.53,0,0.041,-0.002,0.023,0.014,13.21,-1.9,0.7,100,0
"2025-11-23 13:39:00",113933,"",7999,2025,11,23,13,33,5,0.042,0.893,0.025,-344634.5,0.843,0.024,1.653,11.81,0,0.024,0,0.019,0.021,13.21,-1.7,0.7,100,0
"2025-11-23 13:42:00",113934,"",7999,2025,11,23,13,33,5,0.042,0.893,0.025,-344634.5,0.843,0.024,1.653,11.81,0,0.024,0,0.019,0.021,13.21,-1.7,0.7,100,0
"2025-11-23 13:45:00",113935,"",7999,2025,11,23,13,39,5,0.1165,0.911,0.069,-344601.5,0.861,0.069,1.685,12.29,0,0.069,-0.003,0.051,0.021,13.21,-1.7,0.7,100,0
"2025-11-23 13:48:00",113936,"",7999,2025,11,23,13,39,5,0.1165,0.911,0.069,-344601.5,0.861,0.069,1.685,12.29,0,0.069,-0.003,0.051,0.021,13.21,-1.7,0.7,100,0
"2025-11-23 13:51:00",113937,"",7999,2025,11,23,13,45,5,0.0467,0.924,0.027,-344576.3,0.874,0.025,1.709,12.9,0,0.025,-0.002,0.021,-0.002,13.21,-1.9,0.7,100,0
"2025-11-23 13:54:00",113938,"",7999,2025,11,23,13,45,5,0.0467,0.924,0.027,-344576.3,0.874,0.025,1.709,12.9,0,0.025,-0.002,0.021,-0.002,13.21,-1.9,0.7,100,0
"2025-11-23 13:57:00",113939,"",7999,2025,11,23,13,51,5,0.0566,0.934,0.033,-344557.1,0.884,0.033,1.729,13.24,0,0.033,-0.003,0.021,0.014,13.21,-1.8,0.7,100,0
"2025-11-23 14:00:00",113940,"",7999,2025,11,23,13,51,5,0.0566,0.934,0.033,-344557.1,0.884,0.033,1.729,13.24,0,0.033,-0.003,0.021,0.014,13.21,-1.8,0.7,100,0
"2025-11-23 14:03:00",113941,"",7999,2025,11,23,13,57,5,0.0549,0.945,0.031,-344537.1,0.895,0.031,1.749,13.43,0,0.031,-0.003,0.021,0.017,13.21,-1.7,0.7,100,0
"2025-11-23 14:06:00",113942,"",7999,2025,11,23,13,57,5,0.0549,0.945,0.031,-344537.1,0.895,0.031,1.749,13.43,0,0.031,-0.003,0.021,0.017,13.21,-1.7,0.7,100,0
"2025-11-23 14:09:00",113943,"",7999,2025,11,23,14,3,5,0.0852,0.955,0.048,-344510.1,0.905,0.048,1.768,13.56,0,0.048,-0.004,0.035,0.014,13.21,-1.7,0.7,100,0
"2025-11-23 14:12:00",113944,"",7999,2025,11,23,14,3,5,0.0852,0.955,0.048,-344510.1,0.905,0.048,1.768,13.56,0,0.048,-0.004,0.035,0.014,13.21,-1.7,0.7,100,0
"2025-11-23 14:15:00",113945,"",7999,2025,11,23,14,9,5,0.1066,0.965,0.06,-344474.2,0.915,0.059,1.786,13.59,0,0.059,-0.001,0.037,0.014,13.21,-1.6,0.7,100,0
"2025-11-23 14:18:00",113946,"",7999,2025,11,23,14,9,5,0.1066,0.965,0.06,-344474.2,0.915,0.059,1.786,13.59,0,0.059,-0.001,0.037,0.014,13.21,-1.6,0.7,100,0
"2025-11-23 14:21:00",113947,"",7999,2025,11,23,14,15,5,0.0776,0.972,0.043,-344442.8,0.922,0.042,1.798,13.68,0,0.042,-0.005,0.033,0.021,13.21,-1.6,0.7,100,0
"2025-11-23 14:24:00",113948,"",7999,2025,11,23,14,15,5,0.0776,0.972,0.043,-344442.8,0.922,0.042,1.798,13.68,0,0.042,-0.005,0.033,0.021,13.21,-1.6,0.7,100,0
"2025-11-23 14:27:00",113949,"",7999,2025,11,23,14,21,5,-0.0019,0.967,-0.001,-344433.9,0.917,-0.002,1.789,13.73,0,-0.002,0.003,-0.002,-0.002,13.21,-1.8,0.7,100,0
"2025-11-23 14:30:00",113950,"",7999,2025,11,23,14,21,5,-0.0019,0.967,-0.001,-344433.9,0.917,-0.002,1.789,13.73,0,-0.002,0.003,-0.002,-0.002,13.21,-1.8,0.7,100,0
"2025-11-23 14:33:00",113951,"",7999,2025,11,23,14,27,5,0.1043,0.979,0.058,-344409.1,0.929,0.057,1.812,13.76,0,0.057,-0.003,0.023,0.033,13.22,-1.7,0.7,100,0
"2025-11-23 14:36:00",113952,"",7999,2025,11,23,14,27,5,0.1043,0.979,0.058,-344409.1,0.929,0.057,1.812,13.76,0,0.057,-0.003,0.023,0.033,13.22,-1.7,0.7,100,0
"2025-11-23 14:39:00",113953,"",7999,2025,11,23,14,33,5,-0.0072,0.981,-0.004,-344398.3,0.931,-0.002,1.816,13.76,0,-0.002,-0.001,-0.012,0,13.21,-1.8,0.7,100,0
"2025-11-23 14:42:00",113954,"",7999,2025,11,23,14,33,5,-0.0072,0.981,-0.004,-344398.3,0.931,-0.002,1.816,13.76,0,-0.002,-0.001,-0.012,0,13.21,-1.8,0.7,100,0
"2025-11-23 14:45:00",113955,"",7999,2025,11,23,14,39,5,0.0808,0.989,0.044,-344379.8,0.939,0.044,1.83,13.82,0,0.044,-0.007,0.028,-0.002,13.22,-1.8,0.7,100,0
"2025-11-23 14:48:00",113956,"",7999,2025,11,23,14,39,5,0.0808,0.989,0.044,-344379.8,0.939,0.044,1.83,13.82,0,0.044,-0.007,0.028,-0.002,13.22,-1.8,0.7,100,0
"2025-11-23 14:51:00",113957,"",7999,2025,11,23,14,45,5,0.0905,1.001,0.049,-344348.4,0.951,0.048,1.853,13.81,0,0.048,-0.002,0.012,0.005,13.22,-1.7,0.7,100,0
"2025-11-23 14:54:00",113958,"",7999,2025,11,23,14,45,5,0.0905,1.001,0.049,-344348.4,0.951,0.048,1.853,13.81,0,0.048,-0.002,0.012,0.005,13.22,-1.7,0.7,100,0
"2025-11-23 14:57:00",113959,"",7999,2025,11,23,14,51,5,0.0753,1.007,0.04,-344319.4,0.957,0.04,1.864,13.89,0,0.04,-0.001,0.026,0,13.22,-1.6,0.7,100,0
"2025-11-23 15:00:00",113960,"",7999,2025,11,23,14,51,5,0.0753,1.007,0.04,-344319.4,0.957,0.04,1.864,13.89,0,0.04,-0.001,0.026,0,13.22,-1.6,0.7,100,0
"2025-11-23 15:03:00",113961,"",7999,2025,11,23,14,57,5,0.1316,1.014,0.07,-344278.8,0.964,0.07,1.877,13.87,0,0.07,-0.005,0.053,0.026,13.22,-1.6,0.7,100,0
"2025-11-23 15:06:00",113962,"",7999,2025,11,23,14,57,5,0.1316,1.014,0.07,-344278.8,0.964,0.07,1.877,13.87,0,0.07,-0.005,0.053,0.026,13.22,-1.6,0.7,100,0
"2025-11-23 15:09:00",113963,"",7999,2025,11,23,15,3,5,0.1692,1.025,0.089,-344222.3,0.975,0.09,1.896,13.8,0,0.09,-0.002,0.063,0.045,13.22,-1.6,0.7,100,0
"2025-11-23 15:12:00",113964,"",7999,2025,11,23,15,3,5,0.1692,1.025,0.089,-344222.3,0.975,0.09,1.896,13.8,0,0.09,-0.002,0.063,0.045,13.22,-1.6,0.7,100,0
"2025-11-23 15:15:00",113965,"",7999,2025,11,23,15,9,5,0.2046,1.037,0.107,-344152.9,0.987,0.125,1.919,13.75,0,0.125,-0.009,0.074,0.04,13.22,-1.6,0.7,100,0
"2025-11-23 15:18:00",113966,"",7999,2025,11,23,15,9,5,0.2046,1.037,0.107,-344152.9,0.987,0.125,1.919,13.75,0,0.125,-0.009,0.074,0.04,13.22,-1.6,0.7,100,0
"2025-11-23 15:21:00",113967,"",7999,2025,11,23,15,15,5,0.2961,1.056,0.151,-344057.3,1.006,0.175,1.955,13.66,0,0.175,-0.02,0.098,0.073,13.22,-1.6,0.7,100,0
"2025-11-23 15:24:00",113968,"",7999,2025,11,23,15,15,5,0.2961,1.056,0.151,-344057.3,1.006,0.175,1.955,13.66,0,0.175,-0.02,0.098,0.073,13.22,-1.6,0.7,100,0
"2025-11-23 15:27:00",113969,"",7999,2025,11,23,15,21,5,0.2999,1.07,0.151,-343949.8,1.02,0.151,1.98,13.6,0,0.151,-0.005,0.119,0.116,13.22,-1.6,0.7,100,0
"2025-11-23 15:30:00",113970,"",7999,2025,11,23,15,21,5,0.2999,1.07,0.151,-343949.8,1.02,0.151,1.98,13.6,0,0.151,-0.005,0.119,0.116,13.22,-1.6,0.7,100,0
"2025-11-23 15:33:00",113971,"",7999,2025,11,23,15,27,5,0.4042,1.085,0.201,-343816.8,1.035,0.184,2.007,13.51,0,0.184,-0.004,0.135,0.144,13.22,-1.6,0.7,100,0
"2025-11-23 15:36:00",113972,"",7999,2025,11,23,15,27,5,0.4042,1.085,0.201,-343816.8,1.035,0.184,2.007,13.51,0,0.184,-0.004,0.135,0.144,13.22,-1.6,0.7,100,0
"2025-11-23 15:39:00",113973,"",7999,2025,11,23,15,33,5,0.4106,1.096,0.202,-343669.7,1.046,0.186,2.028,13.35,0,0.186,-0.028,0.144,0.144,13.22,-1.6,0.7,100,0
"2025-11-23 15:42:00",113974,"",7999,2025,11,23,15,33,5,0.4106,1.096,0.202,-343669.7,1.046,0.186,2.028,13.35,0,0.186,-0.028,0.144,0.144,13.22,-1.6,0.7,100,0
"2025-11-23 15:45:00",113975,"",7999,2025,11,23,15,39,5,0.4116,1.103,0.202,-343521.7,1.053,0.175,2.04,13.17,0,0.175,-0.009,0.128,0.135,13.22,-1.6,0.7,100,0
"2025-11-23 15:48:00",113976,"",7999,2025,11,23,15,39,5,0.4116,1.103,0.202,-343521.7,1.053,0.175,2.04,13.17,0,0.175,-0.009,0.128,0.135,13.22,-1.6,0.7,100,0
"2025-11-23 15:51:00",113977,"",7999,2025,11,23,15,45,5,0.4855,1.11,0.236,-343355.7,1.06,0.202,2.054,13.06,0,0.202,-0.005,0.126,0.166,13.22,-1.6,0.7,100,0
"2025-11-23 15:54:00",113978,"",7999,2025,11,23,15,45,5,0.4855,1.11,0.236,-343355.7,1.06,0.202,2.054,13.06,0,0.202,-0.005,0.126,0.166,13.22,-1.6,0.7,100,0
"2025-11-23 15:57:00",113979,"",7999,2025,11,23,15,51,5,0.482,1.117,0.233,-343181.8,1.067,0.196,2.066,13,0,0.196,-0.017,0.044,0.199,13.22,-1.6,0.7,100,0
"2025-11-23 16:00:00",113980,"",7999,2025,11,23,15,51,5,0.482,1.117,0.233,-343181.8,1.067,0.196,2.066,13,0,0.196,-0.017,0.044,0.199,13.22,-1.6,0.7,100,0
"2025-11-23 16:03:00",113981,"",7999,2025,11,23,15,57,5,0.4941,1.126,0.237,-343005.3,1.076,0.192,2.083,12.87,0,0.192,-0.01,0.046,0.173,13.22,-1.6,0.7,100,0
"2025-11-23 16:06:00",113982,"",7999,2025,11,23,15,57,5,0.4941,1.126,0.237,-343005.3,1.076,0.192,2.083,12.87,0,0.192,-0.01,0.046,0.173,13.22,-1.6,0.7,100,0
"2025-11-23 16:09:00",113983,"",7999,2025,11,23,16,3,5,0.4855,1.133,0.232,-342829.5,1.083,0.189,2.096,12.78,0,0.189,-0.014,0.058,0.142,13.21,-1.6,0.7,100,0
"2025-11-23 16:12:00",113984,"",7999,2025,11,23,16,3,5,0.4855,1.133,0.232,-342829.5,1.083,0.189,2.096,12.78,0,0.189,-0.014,0.058,0.142,13.21,-1.6,0.7,100,0
"2025-11-23 16:15:00",113985,"",7999,2025,11,23,16,9,5,0.3102,1.135,0.148,-342696.7,1.085,0.126,2.1,12.8,0,0.126,-0.004,0.072,0.09,13.22,-1.6,0.7,100,0
"2025-11-23 16:18:00",113986,"",7999,2025,11,23,16,9,5,0.3102,1.135,0.148,-342696.7,1.085,0.126,2.1,12.8,0,0.126,-0.004,0.072,0.09,13.22,-1.6,0.7,100,0
"2025-11-23 16:21:00",113987,"",7999,2025,11,23,16,15,5,0.3273,1.138,0.155,-342580.9,1.088,0.133,2.105,12.78,0,0.133,-0.011,0.079,0.107,13.22,-1.6,0.7,100,0
"2025-11-23 16:24:00",113988,"",7999,2025,11,23,16,15,5,0.3273,1.138,0.155,-342580.9,1.088,0.133,2.105,12.78,0,0.133,-0.011,0.079,0.107,13.22,-1.6,0.7,100,0
"2025-11-23 16:27:00",113989,"",7999,2025,11,23,16,21,5,0.3122,1.142,0.148,-342466.7,1.092,0.132,2.113,12.79,0,0.132,-0.008,0.088,0.116,13.21,-1.6,0.7,100,0
"2025-11-23 16:30:00",113990,"",7999,2025,11,23,16,21,5,0.3122,1.142,0.148,-342466.7,1.092,0.132,2.113,12.79,0,0.132,-0.008,0.088,0.116,13.21,-1.6,0.7,100,0
"2025-11-23 16:33:00",113991,"",7999,2025,11,23,16,27,5,0.1924,1.142,0.091,-342383.1,1.092,0.093,2.113,12.82,0,0.093,0.003,0.049,0.097,13.22,-1.6,0.7,100,0
"2025-11-23 16:36:00",113992,"",7999,2025,11,23,16,27,5,0.1924,1.142,0.091,-342383.1,1.092,0.093,2.113,12.82,0,0.093,0.003,0.049,0.097,13.22,-1.6,0.7,100,0
"2025-11-23 16:39:00",113993,"",7999,2025,11,23,16,33,5,0.3167,1.146,0.149,-342283.9,1.096,0.142,2.12,12.82,0,0.142,-0.013,0.084,0.111,13.22,-1.6,0.7,100,0
"2025-11-23 16:42:00",113994,"",7999,2025,11,23,16,33,5,0.3167,1.146,0.149,-342283.9,1.096,0.142,2.12,12.82,0,0.142,-0.013,0.084,0.111,13.22,-1.6,0.7,100,0
"2025-11-23 16:45:00",113995,"",7999,2025,11,23,16,39,5,0.3702,1.151,0.174,-342157.1,1.101,0.169,2.129,12.74,0,0.169,-0.015,0.086,0.137,13.22,-1.6,0.7,100,0
"2025-11-23 16:48:00",113996,"",7999,2025,11,23,16,39,5,0.3702,1.151,0.174,-342157.1,1.101,0.169,2.129,12.74,0,0.169,-0.015,0.086,0.137,13.22,-1.6,0.7,100,0
"2025-11-23 16:51:00",113997,"",7999,2025,11,23,16,45,5,0.3956,1.158,0.185,-342017.7,1.108,0.173,2.142,12.76,0,0.173,-0.012,0.093,0.137,13.22,-1.6,0.7,100,0
"2025-11-23 16:54:00",113998,"",7999,2025,11,23,16,45,5,0.3956,1.158,0.185,-342017.7,1.108,0.173,2.142,12.76,0,0.173,-0.012,0.093,0.137,13.22,-1.6,0.7,100,0
"2025-11-23 16:57:00",113999,"",7999,2025,11,23,16,51,5,0.4177,1.163,0.194,-341870,1.113,0.181,2.153,12.81,0,0.181,-0.015,0.091,0.156,13.22,-1.6,0.7,100,0
"2025-11-23 17:00:00",114000,"",7999,2025,11,23,16,51,5,0.4177,1.163,0.194,-341870,1.113,0.181,2.153,12.81,0,0.181,-0.015,0.091,0.156,13.22,-1.6,0.7,100,0
"2025-11-23 17:03:00",114001,"",7999,2025,11,23,16,57,5,0.4211,1.166,0.195,-341718.8,1.116,0.177,2.157,12.86,0,0.177,-0.006,0.095,0.154,13.22,-1.6,0.7,100,0
"2025-11-23 17:06:00",114002,"",7999,2025,11,23,16,57,5,0.4211,1.166,0.195,-341718.8,1.116,0.177,2.157,12.86,0,0.177,-0.006,0.095,0.154,13.22,-1.6,0.7,100,0
"2025-11-23 17:09:00",114003,"",7999,2025,11,23,17,3,5,0.5542,1.171,0.256,-341535.2,1.121,0.237,2.167,12.96,0,0.237,-0.026,0.181,0.085,13.22,-1.6,0.7,100,0
"2025-11-23 17:12:00",114004,"",7999,2025,11,23,17,3,5,0.5542,1.171,0.256,-341535.2,1.121,0.237,2.167,12.96,0,0.237,-0.026,0.181,0.085,13.22,-1.6,0.7,100,0
"2025-11-23 17:15:00",114005,"",7999,2025,11,23,17,9,5,0.6273,1.186,0.286,-341318.1,1.136,0.271,2.195,12.97,0,0.271,-0.019,0.195,0.118,13.22,-1.6,0.6,100,0
"2025-11-23 17:18:00",114006,"",7999,2025,11,23,17,9,5,0.6273,1.186,0.286,-341318.1,1.136,0.271,2.195,12.97,0,0.271,-0.019,0.195,0.118,13.22,-1.6,0.6,100,0
"2025-11-23 17:21:00",114007,"",7999,2025,11,23,17,15,5,0.5611,1.191,0.255,-341108.2,1.141,0.238,2.204,13.04,0,0.238,-0.018,0.17,0.126,13.21,-1.6,0.7,100,0
"2025-11-23 17:24:00",114008,"",7999,2025,11,23,17,15,5,0.5611,1.191,0.255,-341108.2,1.141,0.238,2.204,13.04,0,0.238,-0.018,0.17,0.126,13.21,-1.6,0.7,100,0
"2025-11-23 17:27:00",114009,"",7999,2025,11,23,17,21,5,0.599,1.198,0.27,-340897,1.148,0.236,2.216,13.07,0,0.236,-0.018,0.135,0.154,13.21,-1.6,0.7,100,0
"2025-11-23 17:30:00",114010,"",7999,2025,11,23,17,21,5,0.599,1.198,0.27,-340897,1.148,0.236,2.216,13.07,0,0.236,-0.018,0.135,0.154,13.21,-1.6,0.7,100,0
"2025-11-23 17:33:00",114011,"",7999,2025,11,23,17,27,5,0.5684,1.203,0.255,-340688.8,1.153,0.23,2.225,13.05,0,0.23,-0.026,0.119,0.206,13.21,-1.6,0.7,100,0
"2025-11-23 17:36:00",114012,"",7999,2025,11,23,17,27,5,0.5684,1.203,0.255,-340688.8,1.153,0.23,2.225,13.05,0,0.23,-0.026,0.119,0.206,13.21,-1.6,0.7,100,0
"2025-11-23 17:39:00",114013,"",7999,2025,11,23,17,33,5,0.5592,1.206,0.251,-340486.3,1.156,0.226,2.231,13.04,0,0.226,-0.025,0.105,0.197,13.21,-1.6,0.7,100,0
"2025-11-23 17:42:00",114014,"",7999,2025,11,23,17,33,5,0.5592,1.206,0.251,-340486.3,1.156,0.226,2.231,13.04,0,0.226,-0.025,0.105,0.197,13.21,-1.6,0.7,100,0
"2025-11-23 17:45:00",114015,"",7999,2025,11,23,17,39,5,0.6954,1.216,0.309,-340252.3,1.166,0.265,2.251,13.04,0,0.265,-0.018,0.077,0.204,13.21,-1.6,0.7,100,0
"2025-11-23 17:48:00",114016,"",7999,2025,11,23,17,39,5,0.6954,1.216,0.309,-340252.3,1.166,0.265,2.251,13.04,0,0.265,-0.018,0.077,0.204,13.21,-1.6,0.7,100,0
"2025-11-23 17:51:00",114017,"",7999,2025,11,23,17,45,5,0.5847,1.204,0.262,-340028.5,1.154,0.207,2.227,13.02,0,0.207,-0.004,0.102,0.159,13.21,-1.6,0.7,100,0
"2025-11-23 17:54:00",114018,"",7999,2025,11,23,17,45,5,0.5847,1.204,0.262,-340028.5,1.154,0.207,2.227,13.02,0,0.207,-0.004,0.102,0.159,13.21,-1.6,0.7,100,0
"2025-11-23 17:57:00",114019,"",7999,2025,11,23,17,51,5,0.6005,1.222,0.265,-339814.2,1.172,0.197,2.262,13,0,0.197,0.001,0.153,0.126,13.21,-1.6,0.7,100,0
"2025-11-23 18:00:00",114020,"",7999,2025,11,23,17,51,5,0.6005,1.222,0.265,-339814.2,1.172,0.197,2.262,13,0,0.197,0.001,0.153,0.126,13.21,-1.6,0.7,100,0
"2025-11-23 18:03:00",114021,"",7999,2025,11,23,17,57,5,0.6266,1.225,0.276,-339591.8,1.175,0.202,2.267,12.95,0,0.202,-0.006,0.109,0.135,13.21,-1.6,0.7,100,0
"2025-11-23 18:06:00",114022,"",7999,2025,11,23,17,57,5,0.6266,1.225,0.276,-339591.8,1.175,0.202,2.267,12.95,0,0.202,-0.006,0.109,0.135,13.21,-1.6,0.7,100,0
"2025-11-23 18:09:00",114023,"",7999,2025,11,23,18,3,5,0.597,1.226,0.263,-339373.3,1.176,0.19,2.268,12.89,0,0.19,-0.004,0.107,0.116,13.21,-1.6,0.7,100,0
"2025-11-23 18:12:00",114024,"",7999,2025,11,23,18,3,5,0.597,1.226,0.263,-339373.3,1.176,0.19,2.268,12.89,0,0.19,-0.004,0.107,0.116,13.21,-1.6,0.7,100,0
"2025-11-23 18:15:00",114025,"",7999,2025,11,23,18,9,5,0.5641,1.226,0.249,-339166.2,1.176,0.188,2.269,12.84,0,0.188,-0.004,0.086,0.111,13.21,-1.6,0.7,100,0
"2025-11-23 18:18:00",114026,"",7999,2025,11,23,18,9,5,0.5641,1.226,0.249,-339166.2,1.176,0.188,2.269,12.84,0,0.188,-0.004,0.086,0.111,13.21,-1.6,0.7,100,0
"2025-11-23 18:21:00",114027,"",7999,2025,11,23,18,15,5,0.4247,1.225,0.187,-338996.6,1.175,0.146,2.266,12.77,0,0.146,-0.006,0.102,0.062,13.21,-1.6,0.7,100,0
"2025-11-23 18:24:00",114028,"",7999,2025,11,23,18,15,5,0.4247,1.225,0.187,-338996.6,1.175,0.146,2.266,12.77,0,0.146,-0.006,0.102,0.062,13.21,-1.6,0.7,100,0
"2025-11-23 18:27:00",114029,"",7999,2025,11,23,18,21,5,0.3435,1.219,0.152,-338863.2,1.169,0.131,2.255,12.8,0,0.131,-0.005,0.091,0.026,13.21,-1.6,0.7,100,0
"2025-11-23 18:30:00",114030,"",7999,2025,11,23,18,21,5,0.3435,1.219,0.152,-338863.2,1.169,0.131,2.255,12.8,0,0.131,-0.005,0.091,0.026,13.21,-1.6,0.7,100,0
"2025-11-23 18:33:00",114031,"",7999,2025,11,23,18,27,5,0.3104,1.217,0.138,-338747.4,1.167,0.125,2.251,12.75,0,0.125,-0.004,0.086,0.047,13.21,-1.6,0.6,100,0
"2025-11-23 18:36:00",114032,"",7999,2025,11,23,18,27,5,0.3104,1.217,0.138,-338747.4,1.167,0.125,2.251,12.75,0,0.125,-0.004,0.086,0.047,13.21,-1.6,0.6,100,0
"2025-11-23 18:39:00",114033,"",7999,2025,11,23,18,33,5,0.1927,1.208,0.086,-338663.9,1.158,0.089,2.235,12.76,0,0.089,-0.01,0.058,0.026,13.21,-1.6,0.7,100,0
"2025-11-23 18:42:00",114034,"",7999,2025,11,23,18,33,5,0.1927,1.208,0.086,-338663.9,1.158,0.089,2.235,12.76,0,0.089,-0.01,0.058,0.026,13.21,-1.6,0.7,100,0
"2025-11-23 18:45:00",114035,"",7999,2025,11,23,18,39,5,0.1807,1.204,0.081,-338597.4,1.154,0.086,2.229,12.77,0,0.086,-0.01,0.06,0.019,13.21,-1.6,0.7,100,0
"2025-11-23 18:48:00",114036,"",7999,2025,11,23,18,39,5,0.1807,1.204,0.081,-338597.4,1.154,0.086,2.229,12.77,0,0.086,-0.01,0.06,0.019,13.21,-1.6,0.7,100,0
"2025-11-23 18:51:00",114037,"",7999,2025,11,23,18,45,5,0.2021,1.21,0.09,-338527.2,1.16,0.094,2.24,12.73,0,0.094,-0.014,0.051,0.028,13.21,-1.5,0.7,100,0
"2025-11-23 18:54:00",114038,"",7999,2025,11,23,18,45,5,0.2021,1.21,0.09,-338527.2,1.16,0.094,2.24,12.73,0,0.094,-0.014,0.051,0.028,13.21,-1.5,0.7,100,0
"2025-11-23 18:57:00",114039,"",7999,2025,11,23,18,51,5,0.1609,1.206,0.072,-338464.3,1.156,0.076,2.231,12.68,0,0.076,-0.009,0.035,0.014,13.21,-1.6,0.7,100,0
"2025-11-23 19:00:00",114040,"",7999,2025,11,23,18,51,5,0.1609,1.206,0.072,-338464.3,1.156,0.076,2.231,12.68,0,0.076,-0.009,0.035,0.014,13.21,-1.6,0.7,100,0
"2025-11-23 19:03:00",114041,"",7999,2025,11,23,18,57,5,0.1284,1.195,0.058,-338414.2,1.145,0.06,2.211,12.64,0,0.06,-0.007,0.049,0.017,13.21,-1.5,0.6,100,0
"2025-11-23 19:06:00",114042,"",7999,2025,11,23,18,57,5,0.1284,1.195,0.058,-338414.2,1.145,0.06,2.211,12.64,0,0.06,-0.007,0.049,0.017,13.21,-1.5,0.6,100,0
"2025-11-23 19:09:00",114043,"",7999,2025,11,23,19,3,5,0.025,1.177,0.012,-338392.8,1.127,0.011,2.178,12.63,0,0.011,0,0.012,-0.017,13.21,-1.6,0.6,100,0
"2025-11-23 19:12:00",114044,"",7999,2025,11,23,19,3,5,0.025,1.177,0.012,-338392.8,1.127,0.011,2.178,12.63,0,0.011,0,0.012,-0.017,13.21,-1.6,0.6,100,0
"2025-11-23 19:15:00",114045,"",7999,2025,11,23,19,9,5,-0.0161,1.202,-0.007,-338393.7,1.152,-0.007,2.223,12.72,0,-0.007,0,-0.035,-0.033,13.21,-1.6,0.7,100,0
"2025-11-23 19:18:00",114046,"",7999,2025,11,23,19,9,5,-0.0161,1.202,-0.007,-338393.7,1.152,-0.007,2.223,12.72,0,-0.007,0,-0.035,-0.033,13.21,-1.6,0.7,100,0
"2025-11-23 19:21:00",114047,"",7999,2025,11,23,19,15,5,0.1884,1.199,0.085,-338350.3,1.149,0.088,2.218,12.7,0,0.088,-0.003,0.053,0.014,13.21,-1.5,0.7,100,0
"2025-11-23 19:24:00",114048,"",7999,2025,11,23,19,15,5,0.1884,1.199,0.085,-338350.3,1.149,0.088,2.218,12.7,0,0.088,-0.003,0.053,0.014,13.21,-1.5,0.7,100,0
"2025-11-23 19:27:00",114049,"",7999,2025,11,23,19,21,5,0.1493,1.179,0.068,-338291.9,1.129,0.071,2.181,12.65,0,0.071,-0.006,0.058,0.019,13.21,-1.6,0.7,100,0
"2025-11-23 19:30:00",114050,"",7999,2025,11,23,19,21,5,0.1493,1.179,0.068,-338291.9,1.129,0.071,2.181,12.65,0,0.071,-0.006,0.058,0.019,13.21,-1.6,0.7,100,0
"2025-11-23 19:33:00",114051,"",7999,2025,11,23,19,27,5,0.0776,1.18,0.036,-338255.3,1.13,0.038,2.183,12.62,0,0.038,-0.002,0.012,0,13.21,-1.6,0.7,100,0
"2025-11-23 19:36:00",114052,"",7999,2025,11,23,19,27,5,0.0776,1.18,0.036,-338255.3,1.13,0.038,2.183,12.62,0,0.038,-0.002,0.012,0,13.21,-1.6,0.7,100,0
"2025-11-23 19:39:00",114053,"",7999,2025,11,23,19,33,5,-0.1012,1.197,-0.046,-338270.3,1.147,-0.047,2.215,12.63,0,-0.047,0.002,-0.037,-0.071,13.21,-1.6,0.7,100,0
"2025-11-23 19:42:00",114054,"",7999,2025,11,23,19,33,5,-0.1012,1.197,-0.046,-338270.3,1.147,-0.047,2.215,12.63,0,-0.047,0.002,-0.037,-0.071,13.21,-1.6,0.7,100,0
"2025-11-23 19:45:00",114055,"",7999,2025,11,23,19,39,5,-0.1654,1.191,-0.075,-338322.2,1.141,-0.077,2.205,12.45,0,-0.077,-0.002,-0.06,-0.123,13.21,-1.6,0.7,100,0
"2025-11-23 19:48:00",114056,"",7999,2025,11,23,19,39,5,-0.1654,1.191,-0.075,-338322.2,1.141,-0.077,2.205,12.45,0,-0.077,-0.002,-0.06,-0.123,13.21,-1.6,0.7,100,0
"2025-11-23 19:51:00",114057,"",7999,2025,11,23,19,45,5,-0.0596,1.191,-0.027,-338356.3,1.141,-0.027,2.203,12.48,0,-0.027,0,-0.044,-0.038,13.21,-1.5,0.6,100,0
"2025-11-23 19:54:00",114058,"",7999,2025,11,23,19,45,5,-0.0596,1.191,-0.027,-338356.3,1.141,-0.027,2.203,12.48,0,-0.027,0,-0.044,-0.038,13.21,-1.5,0.6,100,0
"2025-11-23 19:57:00",114059,"",7999,2025,11,23,19,51,5,-0.1678,1.186,-0.076,-338403.8,1.136,-0.079,2.195,12.48,0,-0.079,0.004,-0.088,-0.092,13.21,-1.6,0.7,100,0
"2025-11-23 20:00:00",114060,"",7999,2025,11,23,19,51,5,-0.1678,1.186,-0.076,-338403.8,1.136,-0.079,2.195,12.48,0,-0.079,0.004,-0.088,-0.092,13.21,-1.6,0.7,100,0
"2025-11-23 20:03:00",114061,"",7999,2025,11,23,19,57,5,-0.233,1.179,-0.107,-338479.8,1.129,-0.116,2.181,12.36,0,-0.116,-0.005,-0.105,-0.18,13.21,-1.8,0.7,100,0
"2025-11-23 20:06:00",114062,"",7999,2025,11,23,19,57,5,-0.233,1.179,-0.107,-338479.8,1.129,-0.116,2.181,12.36,0,-0.116,-0.005,-0.105,-0.18,13.21,-1.8,0.7,100,0
"2025-11-23 20:09:00",114063,"",7999,2025,11,23,20,3,5,-0.1961,1.175,-0.09,-338554.9,1.125,-0.093,2.174,12.34,0,-0.093,-0.001,-0.109,-0.128,13.21,-1.9,0.7,100,0
"2025-11-23 20:12:00",114064,"",7999,2025,11,23,20,3,5,-0.1961,1.175,-0.09,-338554.9,1.125,-0.093,2.174,12.34,0,-0.093,-0.001,-0.109,-0.128,13.21,-1.9,0.7,100,0
"2025-11-23 20:15:00",114065,"",7999,2025,11,23,20,9,5,-0.2225,1.169,-0.103,-338631.9,1.119,-0.126,2.164,12.34,0,-0.126,-0.008,-0.119,-0.161,13.21,-1.9,0.7,100,0
"2025-11-23 20:18:00",114066,"",7999,2025,11,23,20,9,5,-0.2225,1.169,-0.103,-338631.9,1.119,-0.126,2.164,12.34,0,-0.126,-0.008,-0.119,-0.161,13.21,-1.9,0.7,100,0
"2025-11-23 20:21:00",114067,"",7999,2025,11,23,20,15,5,-0.3479,1.158,-0.162,-338742.1,1.108,-0.192,2.144,12.29,2,-0.192,-0.011,-0.191,-0.239,13.21,-2,0.6,100,0
"2025-11-23 20:24:00",114068,"",7999,2025,11,23,20,15,5,-0.3479,1.158,-0.162,-338742.1,1.108,-0.192,2.144,12.29,2,-0.192,-0.011,-0.191,-0.239,13.21,-2,0.6,100,0
"2025-11-23 20:27:00",114069,"",7999,2025,11,23,20,21,5,-0.4306,1.147,-0.203,-338887.2,1.097,-0.235,2.122,12.25,2,-0.235,-0.014,-0.228,-0.287,13.21,-2,0.6,100,0
"2025-11-23 20:30:00",114070,"",7999,2025,11,23,20,21,5,-0.4306,1.147,-0.203,-338887.2,1.097,-0.235,2.122,12.25,2,-0.235,-0.014,-0.228,-0.287,13.21,-2,0.6,100,0
"2025-11-23 20:33:00",114071,"",7999,2025,11,23,20,27,5,-0.4319,1.135,-0.206,-339042.6,1.085,-0.242,2.101,12.21,2,-0.242,-0.015,-0.214,-0.289,13.21,-2,0.6,100,0
"2025-11-23 20:36:00",114072,"",7999,2025,11,23,20,27,5,-0.4319,1.135,-0.206,-339042.6,1.085,-0.242,2.101,12.21,2,-0.242,-0.015,-0.214,-0.289,13.21,-2,0.6,100,0
"2025-11-23 20:39:00",114073,"",7999,2025,11,23,20,33,5,-0.3961,1.131,-0.189,-339189.5,1.081,-0.22,2.092,12.12,2,-0.22,-0.013,-0.198,-0.251,13.21,-2,0.6,100,0
"2025-11-23 20:42:00",114074,"",7999,2025,11,23,20,33,5,-0.3961,1.131,-0.189,-339189.5,1.081,-0.22,2.092,12.12,2,-0.22,-0.013,-0.198,-0.251,13.21,-2,0.6,100,0
"2025-11-23 20:45:00",114075,"",7999,2025,11,23,20,39,5,-0.4413,1.121,-0.213,-339342.9,1.071,-0.253,2.074,12.02,2,-0.253,-0.014,-0.221,-0.301,13.21,-2,0.6,100,0
"2025-11-23 20:48:00",114076,"",7999,2025,11,23,20,39,5,-0.4413,1.121,-0.213,-339342.9,1.071,-0.253,2.074,12.02,2,-0.253,-0.014,-0.221,-0.301,13.21,-2,0.6,100,0
"2025-11-23 20:51:00",114077,"",7999,2025,11,23,20,45,5,-0.4584,1.11,-0.223,-339505.9,1.06,-0.26,2.054,11.93,2,-0.26,-0.009,-0.228,-0.298,13.21,-2,0.7,100,0
"2025-11-23 20:54:00",114078,"",7999,2025,11,23,20,45,5,-0.4584,1.11,-0.223,-339505.9,1.06,-0.26,2.054,11.93,2,-0.26,-0.009,-0.228,-0.298,13.21,-2,0.7,100,0
"2025-11-23 20:57:00",114079,"",7999,2025,11,23,20,51,5,-0.4219,1.104,-0.207,-339662.2,1.054,-0.237,2.042,11.86,2,-0.237,-0.011,-0.207,-0.282,13.21,-2,0.6,100,0
"2025-11-23 21:00:00",114080,"",7999,2025,11,23,20,51,5,-0.4219,1.104,-0.207,-339662.2,1.054,-0.237,2.042,11.86,2,-0.237,-0.011,-0.207,-0.282,13.21,-2,0.6,100,0
"2025-11-23 21:03:00",114081,"",7999,2025,11,23,20,57,5,-0.4246,1.094,-0.21,-339814.8,1.044,-0.234,2.025,11.78,2,-0.234,-0.009,-0.195,-0.272,13.2,-2,0.7,100,0
"2025-11-23 21:06:00",114082,"",7999,2025,11,23,20,57,5,-0.4246,1.094,-0.21,-339814.8,1.044,-0.234,2.025,11.78,2,-0.234,-0.009,-0.195,-0.272,13.2,-2,0.7,100,0
"2025-11-23 21:09:00",114083,"",7999,2025,11,23,21,3,5,-0.3781,1.092,-0.187,-339956.5,1.042,-0.201,2.02,11.71,2,-0.201,-0.011,-0.184,-0.225,13.2,-2,0.6,100,0
"2025-11-23 21:12:00",114084,"",7999,2025,11,23,21,3,5,-0.3781,1.092,-0.187,-339956.5,1.042,-0.201,2.02,11.71,2,-0.201,-0.011,-0.184,-0.225,13.2,-2,0.6,100,0
"2025-11-23 21:15:00",114085,"",7999,2025,11,23,21,9,5,-0.3901,1.086,-0.194,-340095.5,1.036,-0.203,2.01,11.63,2,-0.203,-0.016,-0.202,-0.232,13.2,-2,0.6,100,0
"2025-11-23 21:18:00",114086,"",7999,2025,11,23,21,9,5,-0.3901,1.086,-0.194,-340095.5,1.036,-0.203,2.01,11.63,2,-0.203,-0.016,-0.202,-0.232,13.2,-2,0.6,100,0
"2025-11-23 21:21:00",114087,"",7999,2025,11,23,21,15,5,-0.3629,1.081,-0.181,-340229.4,1.031,-0.186,2,11.56,2,-0.186,-0.011,-0.177,-0.211,13.2,-2,0.6,100,0
"2025-11-23 21:24:00",114088,"",7999,2025,11,23,21,15,5,-0.3629,1.081,-0.181,-340229.4,1.031,-0.186,2,11.56,2,-0.186,-0.011,-0.177,-0.211,13.2,-2,0.6,100,0
"2025-11-23 21:27:00",114089,"",7999,2025,11,23,21,21,5,-0.3532,1.076,-0.177,-340357.8,1.026,-0.184,1.99,11.51,2,-0.184,-0.011,-0.17,-0.213,13.2,-2,0.6,100,0
"2025-11-23 21:30:00",114090,"",7999,2025,11,23,21,21,5,-0.3532,1.076,-0.177,-340357.8,1.026,-0.184,1.99,11.51,2,-0.184,-0.011,-0.17,-0.213,13.2,-2,0.6,100,0
"2025-11-23 21:33:00",114091,"",7999,2025,11,23,21,27,5,-0.3901,1.068,-0.197,-340493.8,1.018,-0.203,1.976,11.44,2,-0.203,-0.014,-0.191,-0.22,13.2,-2,0.6,100,0
"2025-11-23 21:36:00",114092,"",7999,2025,11,23,21,27,5,-0.3901,1.068,-0.197,-340493.8,1.018,-0.203,1.976,11.44,2,-0.203,-0.014,-0.191,-0.22,13.2,-2,0.6,100,0
"2025-11-23 21:39:00",114093,"",7999,2025,11,23,21,33,5,-0.3482,1.061,-0.177,-340624.2,1.011,-0.182,1.964,11.37,2,-0.182,-0.013,-0.174,-0.208,13.2,-2,0.6,100,0
"2025-11-23 21:42:00",114094,"",7999,2025,11,23,21,33,5,-0.3482,1.061,-0.177,-340624.2,1.011,-0.182,1.964,11.37,2,-0.182,-0.013,-0.174,-0.208,13.2,-2,0.6,100,0
"2025-11-23 21:45:00",114095,"",7999,2025,11,23,21,39,5,-0.3237,1.06,-0.165,-340743.7,1.01,-0.166,1.961,11.32,2,-0.166,-0.014,-0.158,-0.178,13.2,-2,0.6,100,0
"2025-11-23 21:48:00",114096,"",7999,2025,11,23,21,39,5,-0.3237,1.06,-0.165,-340743.7,1.01,-0.166,1.961,11.32,2,-0.166,-0.014,-0.158,-0.178,13.2,-2,0.6,100,0
"2025-11-23 21:51:00",114097,"",7999,2025,11,23,21,45,5,-0.3392,1.054,-0.174,-340863.9,1.004,-0.175,1.95,11.25,2,-0.175,-0.01,-0.153,-0.197,13.2,-2,0.6,100,0
"2025-11-23 21:54:00",114098,"",7999,2025,11,23,21,45,5,-0.3392,1.054,-0.174,-340863.9,1.004,-0.175,1.95,11.25,2,-0.175,-0.01,-0.153,-0.197,13.2,-2,0.6,100,0
"2025-11-23 21:57:00",114099,"",7999,2025,11,23,21,51,5,-0.3366,1.04,-0.175,-340985.4,0.99,-0.178,1.924,11.17,2,-0.178,-0.012,-0.156,-0.204,13.2,-2,0.6,100,0
"2025-11-23 22:00:00",114100,"",7999,2025,11,23,21,51,5,-0.3366,1.04,-0.175,-340985.4,0.99,-0.178,1.924,11.17,2,-0.178,-0.012,-0.156,-0.204,13.2,-2,0.6,100,0
"2025-11-23 22:03:00",114101,"",7999,2025,11,23,21,57,5,-0.3476,1.005,-0.187,-341109.3,0.955,-0.189,1.859,11.1,2,-0.189,-0.012,-0.174,-0.208,13.2,-2,0.6,100,0
"2025-11-23 22:06:00",114102,"",7999,2025,11,23,21,57,5,-0.3476,1.005,-0.187,-341109.3,0.955,-0.189,1.859,11.1,2,-0.189,-0.012,-0.174,-0.208,13.2,-2,0.6,100,0
"2025-11-23 22:09:00",114103,"",7999,2025,11,23,22,3,5,-0.3254,1.006,-0.175,-341229.1,0.956,-0.179,1.861,11.02,2,-0.179,-0.007,-0.146,-0.201,13.2,-2,0.6,100,0
"2025-11-23 22:12:00",114104,"",7999,2025,11,23,22,3,5,-0.3254,1.006,-0.175,-341229.1,0.956,-0.179,1.861,11.02,2,-0.179,-0.007,-0.146,-0.201,13.2,-2,0.6,100,0
"2025-11-23 22:15:00",114105,"",7999,2025,11,23,22,9,5,-0.3316,0.996,-0.18,-341347.8,0.946,-0.182,1.844,10.93,2,-0.182,-0.007,-0.153,-0.206,13.2,-2,0.6,100,0
"2025-11-23 22:18:00",114106,"",7999,2025,11,23,22,9,5,-0.3316,0.996,-0.18,-341347.8,0.946,-0.182,1.844,10.93,2,-0.182,-0.007,-0.153,-0.206,13.2,-2,0.6,100,0
"2025-11-23 22:21:00",114107,"",7999,2025,11,23,22,15,5,-0.3438,1.008,-0.184,-341470.1,0.958,-0.186,1.865,10.85,2,-0.186,-0.006,-0.139,-0.213,13.2,-2,0.6,100,0
"2025-11-23 22:24:00",114108,"",7999,2025,11,23,22,15,5,-0.3438,1.008,-0.184,-341470.1,0.958,-0.186,1.865,10.85,2,-0.186,-0.006,-0.139,-0.213,13.2,-2,0.6,100,0
"2025-11-23 22:27:00",114109,"",7999,2025,11,23,22,21,5,-0.3036,0.993,-0.165,-341584.2,0.943,-0.168,1.838,10.77,2,-0.168,-0.006,-0.132,-0.192,13.2,-2,0.6,100,0
"2025-11-23 22:30:00",114110,"",7999,2025,11,23,22,21,5,-0.3036,0.993,-0.165,-341584.2,0.943,-0.168,1.838,10.77,2,-0.168,-0.006,-0.132,-0.192,13.2,-2,0.6,100,0
"2025-11-23 22:33:00",114111,"",7999,2025,11,23,22,27,5,-0.2925,0.987,-0.16,-341690.8,0.937,-0.166,1.826,10.72,2,-0.166,-0.007,-0.132,-0.178,13.2,-2,0.6,100,0
"2025-11-23 22:36:00",114112,"",7999,2025,11,23,22,27,5,-0.2925,0.987,-0.16,-341690.8,0.937,-0.166,1.826,10.72,2,-0.166,-0.007,-0.132,-0.178,13.2,-2,0.6,100,0
"2025-11-23 22:39:00",114113,"",7999,2025,11,23,22,33,5,-0.2473,0.972,-0.137,-341785.3,0.922,-0.146,1.798,10.65,2,-0.146,-0.006,-0.107,-0.152,13.2,-2,0.6,100,0
"2025-11-23 22:42:00",114114,"",7999,2025,11,23,22,33,5,-0.2473,0.972,-0.137,-341785.3,0.922,-0.146,1.798,10.65,2,-0.146,-0.006,-0.107,-0.152,13.2,-2,0.6,100,0
"2025-11-23 22:45:00",114115,"",7999,2025,11,23,22,39,5,-0.2157,0.964,-0.121,-341866.8,0.914,-0.133,1.784,10.61,2,-0.133,-0.006,-0.102,-0.133,13.2,-2,0.6,100,0
"2025-11-23 22:48:00",114116,"",7999,2025,11,23,22,39,5,-0.2157,0.964,-0.121,-341866.8,0.914,-0.133,1.784,10.61,2,-0.133,-0.006,-0.102,-0.133,13.2,-2,0.6,100,0
"2025-11-23 22:51:00",114117,"",7999,2025,11,23,22,45,5,-0.2458,0.968,-0.137,-341951.7,0.918,-0.149,1.792,10.55,2,-0.149,-0.005,-0.112,-0.173,13.2,-2,0.6,100,0
"2025-11-23 22:54:00",114118,"",7999,2025,11,23,22,45,5,-0.2458,0.968,-0.137,-341951.7,0.918,-0.149,1.792,10.55,2,-0.149,-0.005,-0.112,-0.173,13.2,-2,0.6,100,0
"2025-11-23 22:57:00",114119,"",7999,2025,11,23,22,51,5,-0.2142,0.96,-0.121,-342032.6,0.91,-0.133,1.776,10.49,2,-0.133,-0.003,-0.109,-0.149,13.2,-2,0.6,100,0
"2025-11-23 23:00:00",114120,"",7999,2025,11,23,22,51,5,-0.2142,0.96,-0.121,-342032.6,0.91,-0.133,1.776,10.49,2,-0.133,-0.003,-0.109,-0.149,13.2,-2,0.6,100,0
"2025-11-23 23:03:00",114121,"",7999,2025,11,23,22,57,5,-0.2224,0.95,-0.126,-342111.7,0.9,-0.139,1.758,10.44,2,-0.139,-0.006,-0.112,-0.144,13.2,-2,0.6,100,0
"2025-11-23 23:06:00",114122,"",7999,2025,11,23,22,57,5,-0.2224,0.95,-0.126,-342111.7,0.9,-0.139,1.758,10.44,2,-0.139,-0.006,-0.112,-0.144,13.2,-2,0.6,100,0
"2025-11-23 23:09:00",114123,"",7999,2025,11,23,23,3,5,-0.1894,0.942,-0.109,-342183.8,0.892,-0.123,1.744,10.38,0,-0.123,-0.006,-0.098,-0.13,13.2,-1.9,0.6,100,0
"2025-11-23 23:12:00",114124,"",7999,2025,11,23,23,3,5,-0.1894,0.942,-0.109,-342183.8,0.892,-0.123,1.744,10.38,0,-0.123,-0.006,-0.098,-0.13,13.2,-1.9,0.6,100,0
"2025-11-23 23:15:00",114125,"",7999,2025,11,23,23,9,5,-0.1709,0.934,-0.099,-342247.6,0.884,-0.113,1.728,10.34,0,-0.113,-0.003,-0.086,-0.099,13.2,-1.9,0.6,100,0
"2025-11-23 23:18:00",114126,"",7999,2025,11,23,23,9,5,-0.1709,0.934,-0.099,-342247.6,0.884,-0.113,1.728,10.34,0,-0.113,-0.003,-0.086,-0.099,13.2,-1.9,0.6,100,0
"2025-11-23 23:21:00",114127,"",7999,2025,11,23,23,15,5,-0.1877,0.937,-0.108,-342313.2,0.887,-0.121,1.734,10.31,0,-0.121,-0.006,-0.098,-0.121,13.2,-1.9,0.6,100,0
"2025-11-23 23:24:00",114128,"",7999,2025,11,23,23,15,5,-0.1877,0.937,-0.108,-342313.2,0.887,-0.121,1.734,10.31,0,-0.121,-0.006,-0.098,-0.121,13.2,-1.9,0.6,100,0
"2025-11-23 23:27:00",114129,"",7999,2025,11,23,23,21,5,-0.1585,0.931,-0.092,-342373.7,0.881,-0.103,1.723,10.25,0,-0.103,-0.004,-0.086,-0.107,13.2,-1.9,0.6,100,0
"2025-11-23 23:30:00",114130,"",7999,2025,11,23,23,21,5,-0.1585,0.931,-0.092,-342373.7,0.881,-0.103,1.723,10.25,0,-0.103,-0.004,-0.086,-0.107,13.2,-1.9,0.6,100,0
"2025-11-23 23:33:00",114131,"",7999,2025,11,23,23,27,5,-0.1655,0.927,-0.096,-342432.5,0.877,-0.098,1.716,10.21,0,-0.098,-0.002,-0.074,-0.111,13.2,-1.9,0.6,100,0
"2025-11-23 23:36:00",114132,"",7999,2025,11,23,23,27,5,-0.1655,0.927,-0.096,-342432.5,0.877,-0.098,1.716,10.21,0,-0.098,-0.002,-0.074,-0.111,13.2,-1.9,0.6,100,0
"2025-11-23 23:39:00",114133,"",7999,2025,11,23,23,33,5,-0.166,0.924,-0.097,-342492.2,0.874,-0.098,1.709,10.15,0,-0.098,-0.003,-0.063,-0.111,13.2,-1.9,0.6,100,0
"2025-11-23 23:42:00",114134,"",7999,2025,11,23,23,33,5,-0.166,0.924,-0.097,-342492.2,0.874,-0.098,1.709,10.15,0,-0.098,-0.003,-0.063,-0.111,13.2,-1.9,0.6,100,0
"2025-11-23 23:45:00",114135,"",7999,2025,11,23,23,39,5,-0.1544,0.92,-0.091,-342549.2,0.87,-0.092,1.702,10.12,0,-0.092,-0.004,-0.058,-0.109,13.2,-1.8,0.6,100,0
"2025-11-23 23:48:00",114136,"",7999,2025,11,23,23,39,5,-0.1544,0.92,-0.091,-342549.2,0.87,-0.092,1.702,10.12,0,-0.092,-0.004,-0.058,-0.109,13.2,-1.8,0.6,100,0
"2025-11-23 23:51:00",114137,"",7999,2025,11,23,23,45,5,-0.1555,0.91,-0.092,-342605.1,0.86,-0.11,1.683,10.08,0,-0.11,-0.006,-0.056,-0.13,13.2,-1.9,0.6,100,0
"2025-11-23 23:54:00",114138,"",7999,2025,11,23,23,45,5,-0.1555,0.91,-0.092,-342605.1,0.86,-0.11,1.683,10.08,0,-0.11,-0.006,-0.056,-0.13,13.2,-1.9,0.6,100,0
"2025-11-23 23:57:00",114139,"",7999,2025,11,23,23,51,5,-0.1477,0.906,-0.088,-342659.2,0.856,-0.103,1.677,10.02,0,-0.103,-0.004,-0.07,-0.123,13.2,-1.9,0.6,100,0
"2025-11-24 00:00:00",114140,"",7999,2025,11,23,23,51,5,-0.1477,0.906,-0.088,-342659.2,0.856,-0.103,1.677,10.02,0,-0.103,-0.004,-0.07,-0.123,13.2,-1.9,0.6,100,0
"2025-11-24 00:03:00",114141,"",7999,2025,11,23,23,57,5,-0.1559,0.901,-0.093,-342714.4,0.851,-0.094,1.668,9.99,0,-0.094,-0.003,-0.065,-0.114,13.2,-1.8,0.6,100,0
"2025-11-24 00:06:00",114142,"",7999,2025,11,23,23,57,5,-0.1559,0.901,-0.093,-342714.4,0.851,-0.094,1.668,9.99,0,-0.094,-0.003,-0.065,-0.114,13.2,-1.8,0.6,100,0
"2025-11-24 00:09:00",114143,"",7999,2025,11,24,0,3,5,-0.1583,0.892,-0.096,-342771.1,0.842,-0.098,1.651,9.93,0,-0.098,-0.003,-0.067,-0.104,13.2,-1.8,0.6,100,0
"2025-11-24 00:12:00",114144,"",7999,2025,11,24,0,3,5,-0.1583,0.892,-0.096,-342771.1,0.842,-0.098,1.651,9.93,0,-0.098,-0.003,-0.067,-0.104,13.2,-1.8,0.6,100,0
"2025-11-24 00:15:00",114145,"",7999,2025,11,24,0,9,5,-0.1432,0.879,-0.088,-342824.5,0.829,-0.088,1.627,9.87,0,-0.088,-0.003,-0.051,-0.107,13.2,-1.8,0.6,100,0
"2025-11-24 00:18:00",114146,"",7999,2025,11,24,0,9,5,-0.1432,0.879,-0.088,-342824.5,0.829,-0.088,1.627,9.87,0,-0.088,-0.003,-0.051,-0.107,13.2,-1.8,0.6,100,0
"2025-11-24 00:21:00",114147,"",7999,2025,11,24,0,15,5,-0.135,0.878,-0.083,-342874.1,0.828,-0.085,1.625,9.85,0,-0.085,-0.004,-0.051,-0.102,13.2,-1.8,0.6,100,0
"2025-11-24 00:24:00",114148,"",7999,2025,11,24,0,15,5,-0.135,0.878,-0.083,-342874.1,0.828,-0.085,1.625,9.85,0,-0.085,-0.004,-0.051,-0.102,13.2,-1.8,0.6,100,0
"2025-11-24 00:27:00",114149,"",7999,2025,11,24,0,21,5,-0.1295,0.873,-0.08,-342921.4,0.823,-0.081,1.615,9.81,0,-0.081,-0.006,-0.037,-0.095,13.2,-1.8,0.6,100,0
"2025-11-24 00:30:00",114150,"",7999,2025,11,24,0,21,5,-0.1295,0.873,-0.08,-342921.4,0.823,-0.081,1.615,9.81,0,-0.081,-0.006,-0.037,-0.095,13.2,-1.8,0.6,100,0
"2025-11-24 00:33:00",114151,"",7999,2025,11,24,0,27,5,-0.1129,0.866,-0.071,-342964,0.816,-0.07,1.602,9.77,0,-0.07,-0.003,-0.04,-0.078,13.2,-1.8,0.6,100,0
"2025-11-24 00:36:00",114152,"",7999,2025,11,24,0,27,5,-0.1129,0.866,-0.071,-342964,0.816,-0.07,1.602,9.77,0,-0.07,-0.003,-0.04,-0.078,13.2,-1.8,0.6,100,0
"2025-11-24 00:39:00",114153,"",7999,2025,11,24,0,33,5,-0.1177,0.866,-0.073,-343005.8,0.816,-0.074,1.602,9.74,0,-0.074,-0.005,-0.035,-0.088,13.2,-1.8,0.6,100,0
"2025-11-24 00:42:00",114154,"",7999,2025,11,24,0,33,5,-0.1177,0.866,-0.073,-343005.8,0.816,-0.074,1.602,9.74,0,-0.074,-0.005,-0.035,-0.088,13.2,-1.8,0.6,100,0
"2025-11-24 00:45:00",114155,"",7999,2025,11,24,0,39,5,-0.1086,0.849,-0.069,-343046,0.799,-0.069,1.571,9.68,0,-0.069,-0.004,-0.035,-0.076,13.2,-1.8,0.6,100,0
"2025-11-24 00:48:00",114156,"",7999,2025,11,24,0,39,5,-0.1086,0.849,-0.069,-343046,0.799,-0.069,1.571,9.68,0,-0.069,-0.004,-0.035,-0.076,13.2,-1.8,0.6,100,0
"2025-11-24 00:51:00",114157,"",7999,2025,11,24,0,45,5,-0.081,0.862,-0.051,-343078.5,0.812,-0.051,1.595,9.65,0,-0.051,-0.002,-0.028,-0.062,13.2,-1.8,0.6,100,0
"2025-11-24 00:54:00",114158,"",7999,2025,11,24,0,45,5,-0.081,0.862,-0.051,-343078.5,0.812,-0.051,1.595,9.65,0,-0.051,-0.002,-0.028,-0.062,13.2,-1.8,0.6,100,0
"2025-11-24 00:57:00",114159,"",7999,2025,11,24,0,51,5,-0.0868,0.854,-0.055,-343109.1,0.804,-0.054,1.581,9.63,0,-0.054,-0.004,-0.023,-0.057,13.2,-1.7,0.6,100,0
"2025-11-24 01:00:00",114160,"",7999,2025,11,24,0,51,5,-0.0868,0.854,-0.055,-343109.1,0.804,-0.054,1.581,9.63,0,-0.054,-0.004,-0.023,-0.057,13.2,-1.7,0.6,100,0
"2025-11-24 01:03:00",114161,"",7999,2025,11,24,0,57,5,-0.0711,0.853,-0.045,-343136.6,0.803,-0.045,1.578,9.59,0,-0.045,-0.003,-0.023,-0.05,13.2,-1.7,0.6,100,0
"2025-11-24 01:06:00",114162,"",7999,2025,11,24,0,57,5,-0.0711,0.853,-0.045,-343136.6,0.803,-0.045,1.578,9.59,0,-0.045,-0.003,-0.023,-0.05,13.2,-1.7,0.6,100,0
"2025-11-24 01:09:00",114163,"",7999,2025,11,24,1,3,5,-0.0894,0.865,-0.056,-343166.7,0.815,-0.056,1.6,9.59,0,-0.056,-0.002,-0.04,-0.059,13.19,-1.7,0.6,100,0
"2025-11-24 01:12:00",114164,"",7999,2025,11,24,1,3,5,-0.0894,0.865,-0.056,-343166.7,0.815,-0.056,1.6,9.59,0,-0.056,-0.002,-0.04,-0.059,13.19,-1.7,0.6,100,0
"2025-11-24 01:15:00",114165,"",7999,2025,11,24,1,9,5,-0.0908,0.853,-0.058,-343199.2,0.803,-0.057,1.578,9.55,0,-0.057,-0.001,-0.04,-0.062,13.2,-1.7,0.6,100,0
"2025-11-24 01:18:00",114166,"",7999,2025,11,24,1,9,5,-0.0908,0.853,-0.058,-343199.2,0.803,-0.057,1.578,9.55,0,-0.057,-0.001,-0.04,-0.062,13.2,-1.7,0.6,100,0
"2025-11-24 01:21:00",114167,"",7999,2025,11,24,1,15,5,-0.098,0.859,-0.062,-343233.6,0.809,-0.061,1.589,9.48,0,-0.061,-0.002,-0.035,-0.059,13.19,-1.7,0.6,100,0
"2025-11-24 01:24:00",114168,"",7999,2025,11,24,1,15,5,-0.098,0.859,-0.062,-343233.6,0.809,-0.061,1.589,9.48,0,-0.061,-0.002,-0.035,-0.059,13.19,-1.7,0.6,100,0
"2025-11-24 01:27:00",114169,"",7999,2025,11,24,1,21,5,-0.0785,0.863,-0.049,-343264.3,0.813,-0.05,1.597,9.45,0,-0.05,-0.001,-0.028,-0.05,13.19,-1.7,0.6,100,0
"2025-11-24 01:30:00",114170,"",7999,2025,11,24,1,21,5,-0.0785,0.863,-0.049,-343264.3,0.813,-0.05,1.597,9.45,0,-0.05,-0.001,-0.028,-0.05,13.19,-1.7,0.6,100,0
"2025-11-24 01:33:00",114171,"",7999,2025,11,24,1,27,5,-0.076,0.864,-0.048,-343291.9,0.814,-0.047,1.599,9.41,0,-0.047,-0.004,-0.035,-0.057,13.19,-1.7,0.6,100,0
"2025-11-24 01:36:00",114172,"",7999,2025,11,24,1,27,5,-0.076,0.864,-0.048,-343291.9,0.814,-0.047,1.599,9.41,0,-0.047,-0.004,-0.035,-0.057,13.19,-1.7,0.6,100,0
"2025-11-24 01:39:00",114173,"",7999,2025,11,24,1,33,5,-0.0542,0.866,-0.034,-343314.1,0.816,-0.034,1.602,9.36,0,-0.034,-0.004,-0.005,-0.045,13.19,-1.7,0.6,100,0
"2025-11-24 01:42:00",114174,"",7999,2025,11,24,1,33,5,-0.0542,0.866,-0.034,-343314.1,0.816,-0.034,1.602,9.36,0,-0.034,-0.004,-0.005,-0.045,13.19,-1.7,0.6,100,0
"2025-11-24 01:45:00",114175,"",7999,2025,11,24,1,39,5,-0.0625,0.869,-0.039,-343335.6,0.819,-0.039,1.608,9.35,0,-0.039,-0.003,-0.005,-0.04,13.19,-1.7,0.6,100,0
"2025-11-24 01:48:00",114176,"",7999,2025,11,24,1,39,5,-0.0625,0.869,-0.039,-343335.6,0.819,-0.039,1.608,9.35,0,-0.039,-0.003,-0.005,-0.04,13.19,-1.7,0.6,100,0
"2025-11-24 01:51:00",114177,"",7999,2025,11,24,1,45,5,-0.0628,0.87,-0.039,-343358.2,0.82,-0.04,1.609,9.31,0,-0.04,-0.003,-0.033,-0.045,13.19,-1.7,0.6,100,0
"2025-11-24 01:54:00",114178,"",7999,2025,11,24,1,45,5,-0.0628,0.87,-0.039,-343358.2,0.82,-0.04,1.609,9.31,0,-0.04,-0.003,-0.033,-0.045,13.19,-1.7,0.6,100,0
"2025-11-24 01:57:00",114179,"",7999,2025,11,24,1,51,5,-0.0598,0.869,-0.037,-343380.1,0.819,-0.038,1.609,9.26,0,-0.038,-0.005,-0.042,-0.04,13.19,-1.7,0.6,100,0
"2025-11-24 02:00:00",114180,"",7999,2025,11,24,1,51,5,-0.0598,0.869,-0.037,-343380.1,0.819,-0.038,1.609,9.26,0,-0.038,-0.005,-0.042,-0.04,13.19,-1.7,0.6,100,0
"2025-11-24 02:03:00",114181,"",7999,2025,11,24,1,57,5,-0.0644,0.855,-0.041,-343402.8,0.805,-0.041,1.581,9.23,0,-0.041,-0.002,-0.03,-0.066,13.19,-1.7,0.6,100,0
"2025-11-24 02:06:00",114182,"",7999,2025,11,24,1,57,5,-0.0644,0.855,-0.041,-343402.8,0.805,-0.041,1.581,9.23,0,-0.041,-0.002,-0.03,-0.066,13.19,-1.7,0.6,100,0
"2025-11-24 02:09:00",114183,"",7999,2025,11,24,2,3,5,-0.0914,0.862,-0.057,-343432.4,0.812,-0.057,1.595,9.18,0,-0.057,-0.002,-0.044,-0.081,13.19,-1.7,0.6,100,0
"2025-11-24 02:12:00",114184,"",7999,2025,11,24,2,3,5,-0.0914,0.862,-0.057,-343432.4,0.812,-0.057,1.595,9.18,0,-0.057,-0.002,-0.044,-0.081,13.19,-1.7,0.6,100,0
"2025-11-24 02:15:00",114185,"",7999,2025,11,24,2,9,5,-0.0679,0.861,-0.043,-343459.7,0.811,-0.042,1.593,9.13,0,-0.042,-0.003,-0.035,-0.05,13.19,-1.7,0.6,100,0
"2025-11-24 02:18:00",114186,"",7999,2025,11,24,2,9,5,-0.0679,0.861,-0.043,-343459.7,0.811,-0.042,1.593,9.13,0,-0.042,-0.003,-0.035,-0.05,13.19,-1.7,0.6,100,0
"2025-11-24 02:21:00",114187,"",7999,2025,11,24,2,15,5,-0.0747,0.861,-0.047,-343485.8,0.811,-0.046,1.593,9.11,0,-0.046,-0.001,-0.028,-0.059,13.19,-1.7,0.6,100,0
"2025-11-24 02:24:00",114188,"",7999,2025,11,24,2,15,5,-0.0747,0.861,-0.047,-343485.8,0.811,-0.046,1.593,9.11,0,-0.046,-0.001,-0.028,-0.059,13.19,-1.7,0.6,100,0
"2025-11-24 02:27:00",114189,"",7999,2025,11,24,2,21,5,-0.0645,0.857,-0.041,-343510.3,0.807,-0.041,1.585,9.08,0,-0.041,-0.002,-0.026,-0.057,13.19,-1.7,0.6,100,0
"2025-11-24 02:30:00",114190,"",7999,2025,11,24,2,21,5,-0.0645,0.857,-0.041,-343510.3,0.807,-0.041,1.585,9.08,0,-0.041,-0.002,-0.026,-0.057,13.19,-1.7,0.6,100,0
"2025-11-24 02:33:00",114191,"",7999,2025,11,24,2,27,5,-0.0405,0.86,-0.025,-343527.7,0.81,-0.024,1.591,9.05,0,-0.024,-0.002,-0.03,-0.038,13.19,-1.7,0.6,100,0
"2025-11-24 02:36:00",114192,"",7999,2025,11,24,2,27,5,-0.0405,0.86,-0.025,-343527.7,0.81,-0.024,1.591,9.05,0,-0.024,-0.002,-0.03,-0.038,13.19,-1.7,0.6,100,0
"2025-11-24 02:39:00",114193,"",7999,2025,11,24,2,33,5,-0.0599,0.862,-0.038,-343547,0.812,-0.038,1.595,9.04,0,-0.038,0,-0.033,-0.054,13.19,-1.6,0.6,100,0
"2025-11-24 02:42:00",114194,"",7999,2025,11,24,2,33,5,-0.0599,0.862,-0.038,-343547,0.812,-0.038,1.595,9.04,0,-0.038,0,-0.033,-0.054,13.19,-1.6,0.6,100,0
"2025-11-24 02:45:00",114195,"",7999,2025,11,24,2,39,5,-0.0527,0.863,-0.033,-343566.8,0.813,-0.033,1.597,9.03,0,-0.033,-0.001,-0.023,-0.045,13.19,-1.7,0.6,100,0
"2025-11-24 02:48:00",114196,"",7999,2025,11,24,2,39,5,-0.0527,0.863,-0.033,-343566.8,0.813,-0.033,1.597,9.03,0,-0.033,-0.001,-0.023,-0.045,13.19,-1.7,0.6,100,0
"2025-11-24 02:51:00",114197,"",7999,2025,11,24,2,45,5,-0.05,0.864,-0.031,-343585.2,0.814,-0.031,1.598,9,0,-0.031,-0.002,-0.033,-0.045,13.19,-1.6,0.6,100,0
"2025-11-24 02:54:00",114198,"",7999,2025,11,24,2,45,5,-0.05,0.864,-0.031,-343585.2,0.814,-0.031,1.598,9,0,-0.031,-0.002,-0.033,-0.045,13.19,-1.6,0.6,100,0
"2025-11-24 02:57:00",114199,"",7999,2025,11,24,2,51,5,-0.0356,0.868,-0.022,-343599.8,0.818,-0.022,1.607,8.95,0,-0.022,-0.004,-0.026,-0.043,13.19,-1.6,0.6,100,0
"2025-11-24 03:00:00",114200,"",7999,2025,11,24,2,51,5,-0.0356,0.868,-0.022,-343599.8,0.818,-0.022,1.607,8.95,0,-0.022,-0.004,-0.026,-0.043,13.19,-1.6,0.6,100,0
"2025-11-24 03:03:00",114201,"",7999,2025,11,24,2,57,5,-0.0186,0.871,-0.012,-343608.5,0.821,-0.012,1.611,8.92,0,-0.012,-0.002,-0.007,-0.021,13.19,-1.6,0.6,100,0
"2025-11-24 03:06:00",114202,"",7999,2025,11,24,2,57,5,-0.0186,0.871,-0.012,-343608.5,0.821,-0.012,1.611,8.92,0,-0.012,-0.002,-0.007,-0.021,13.19,-1.6,0.6,100,0
"2025-11-24 03:09:00",114203,"",7999,2025,11,24,3,3,5,-0.0112,0.879,-0.007,-343613.4,0.829,-0.006,1.627,8.92,0,-0.006,0.001,0,-0.012,13.19,-1.6,0.6,100,0
"2025-11-24 03:12:00",114204,"",7999,2025,11,24,3,3,5,-0.0112,0.879,-0.007,-343613.4,0.829,-0.006,1.627,8.92,0,-0.006,0.001,0,-0.012,13.19,-1.6,0.6,100,0
"2025-11-24 03:15:00",114205,"",7999,2025,11,24,3,9,5,-0.0231,0.885,-0.014,-343620.3,0.835,-0.013,1.637,8.92,0,-0.013,-0.002,0.007,-0.026,13.19,-1.6,0.6,100,0
"2025-11-24 03:18:00",114206,"",7999,2025,11,24,3,9,5,-0.0231,0.885,-0.014,-343620.3,0.835,-0.013,1.637,8.92,0,-0.013,-0.002,0.007,-0.026,13.19,-1.6,0.6,100,0
"2025-11-24 03:21:00",114207,"",7999,2025,11,24,3,15,5,-0.0201,0.887,-0.012,-343628,0.837,-0.012,1.642,8.9,0,-0.012,-0.001,-0.042,-0.031,13.19,-1.6,0.6,100,0
"2025-11-24 03:24:00",114208,"",7999,2025,11,24,3,15,5,-0.0201,0.887,-0.012,-343628,0.837,-0.012,1.642,8.9,0,-0.012,-0.001,-0.042,-0.031,13.19,-1.6,0.6,100,0
"2025-11-24 03:27:00",114209,"",7999,2025,11,24,3,21,5,-0.0356,0.882,-0.022,-343638.9,0.832,-0.022,1.632,8.86,0,-0.022,-0.003,-0.009,-0.036,13.19,-1.6,0.6,100,0
"2025-11-24 03:30:00",114210,"",7999,2025,11,24,3,21,5,-0.0356,0.882,-0.022,-343638.9,0.832,-0.022,1.632,8.86,0,-0.022,-0.003,-0.009,-0.036,13.19,-1.6,0.6,100,0
"2025-11-24 03:33:00",114211,"",7999,2025,11,24,3,27,5,-0.0408,0.878,-0.025,-343653,0.828,-0.024,1.625,8.8,0,-0.024,-0.003,-0.044,-0.043,13.19,-1.6,0.6,100,0
"2025-11-24 03:36:00",114212,"",7999,2025,11,24,3,27,5,-0.0408,0.878,-0.025,-343653,0.828,-0.024,1.625,8.8,0,-0.024,-0.003,-0.044,-0.043,13.19,-1.6,0.6,100,0
"2025-11-24 03:39:00",114213,"",7999,2025,11,24,3,33,5,-0.0213,0.889,-0.013,-343663.1,0.839,-0.012,1.646,8.76,0,-0.012,-0.001,-0.023,-0.009,13.19,-1.6,0.6,100,0
"2025-11-24 03:42:00",114214,"",7999,2025,11,24,3,33,5,-0.0213,0.889,-0.013,-343663.1,0.839,-0.012,1.646,8.76,0,-0.012,-0.001,-0.023,-0.009,13.19,-1.6,0.6,100,0
"2025-11-24 03:45:00",114215,"",7999,2025,11,24,3,39,5,-0.0383,0.891,-0.023,-343674.8,0.841,-0.023,1.649,8.75,0,-0.023,0.001,-0.012,-0.05,13.19,-1.6,0.6,100,0
"2025-11-24 03:48:00",114216,"",7999,2025,11,24,3,39,5,-0.0383,0.891,-0.023,-343674.8,0.841,-0.023,1.649,8.75,0,-0.023,0.001,-0.012,-0.05,13.19,-1.6,0.6,100,0
"2025-11-24 03:51:00",114217,"",7999,2025,11,24,3,45,5,-0.0447,0.886,-0.027,-343690.2,0.836,-0.027,1.639,8.73,0,-0.027,-0.002,-0.016,-0.05,13.19,-1.6,0.6,100,0
"2025-11-24 03:54:00",114218,"",7999,2025,11,24,3,45,5,-0.0447,0.886,-0.027,-343690.2,0.836,-0.027,1.639,8.73,0,-0.027,-0.002,-0.016,-0.05,13.19,-1.6,0.6,100,0
"2025-11-24 03:57:00",114219,"",7999,2025,11,24,3,51,5,-0.0543,0.903,-0.033,-343708.6,0.853,-0.033,1.67,8.7,0,-0.033,0.001,-0.007,-0.054,13.19,-1.6,0.6,100,0
"2025-11-24 04:00:00",114220,"",7999,2025,11,24,3,51,5,-0.0543,0.903,-0.033,-343708.6,0.853,-0.033,1.67,8.7,0,-0.033,0.001,-0.007,-0.054,13.19,-1.6,0.6,100,0
"2025-11-24 04:03:00",114221,"",7999,2025,11,24,3,57,5,-0.0514,0.899,-0.031,-343727.5,0.849,-0.031,1.663,8.66,0,-0.031,-0.001,-0.023,-0.054,13.19,-1.6,0.6,100,0
"2025-11-24 04:06:00",114222,"",7999,2025,11,24,3,57,5,-0.0514,0.899,-0.031,-343727.5,0.849,-0.031,1.663,8.66,0,-0.031,-0.001,-0.023,-0.054,13.19,-1.6,0.6,100,0
"2025-11-24 04:09:00",114223,"",7999,2025,11,24,4,3,5,-0.0261,0.91,-0.015,-343739.9,0.86,-0.015,1.685,8.63,0,-0.015,0,-0.014,-0.036,13.19,-1.6,0.6,100,0
"2025-11-24 04:12:00",114224,"",7999,2025,11,24,4,3,5,-0.0261,0.91,-0.015,-343739.9,0.86,-0.015,1.685,8.63,0,-0.015,0,-0.014,-0.036,13.19,-1.6,0.6,100,0
"2025-11-24 04:15:00",114225,"",7999,2025,11,24,4,9,5,-0.0451,0.913,-0.027,-343753.9,0.863,-0.027,1.689,8.61,0,-0.027,-0.001,-0.023,-0.043,13.19,-1.6,0.6,100,0
"2025-11-24 04:18:00",114226,"",7999,2025,11,24,4,9,5,-0.0451,0.913,-0.027,-343753.9,0.863,-0.027,1.689,8.61,0,-0.027,-0.001,-0.023,-0.043,13.19,-1.6,0.6,100,0
"2025-11-24 04:21:00",114227,"",7999,2025,11,24,4,15,5,-0.0445,0.913,-0.026,-343770,0.863,-0.025,1.689,8.58,0,-0.025,-0.002,-0.014,-0.054,13.19,-1.6,0.6,100,0
"2025-11-24 04:24:00",114228,"",7999,2025,11,24,4,15,5,-0.0445,0.913,-0.026,-343770,0.863,-0.025,1.689,8.58,0,-0.025,-0.002,-0.014,-0.054,13.19,-1.6,0.6,100,0
"2025-11-24 04:27:00",114229,"",7999,2025,11,24,4,21,5,-0.0363,0.915,-0.021,-343784.1,0.865,-0.021,1.692,8.54,0,-0.021,0,-0.019,-0.031,13.19,-1.6,0.6,100,0
"2025-11-24 04:30:00",114230,"",7999,2025,11,24,4,21,5,-0.0363,0.915,-0.021,-343784.1,0.865,-0.021,1.692,8.54,0,-0.021,0,-0.019,-0.031,13.19,-1.6,0.6,100,0
"2025-11-24 04:33:00",114231,"",7999,2025,11,24,4,27,5,-0.0004,0.92,0,-343788.5,0.87,0,1.702,8.51,0,0,0,-0.014,-0.019,13.19,-1.6,0.6,100,0
"2025-11-24 04:36:00",114232,"",7999,2025,11,24,4,27,5,-0.0004,0.92,0,-343788.5,0.87,0,1.702,8.51,0,0,0,-0.014,-0.019,13.19,-1.6,0.6,100,0
"2025-11-24 04:39:00",114233,"",7999,2025,11,24,4,33,5,0.0048,0.928,0.003,-343787.4,0.878,0.002,1.717,8.49,0,0.002,-0.001,0,-0.007,13.19,-1.6,0.6,100,0
"2025-11-24 04:42:00",114234,"",7999,2025,11,24,4,33,5,0.0048,0.928,0.003,-343787.4,0.878,0.002,1.717,8.49,0,0.002,-0.001,0,-0.007,13.19,-1.6,0.6,100,0
"2025-11-24 04:45:00",114235,"",7999,2025,11,24,4,39,5,-0.0078,0.928,-0.005,-343788.7,0.878,-0.004,1.717,8.47,0,-0.004,-0.001,-0.005,-0.005,13.19,-1.6,0.6,100,0
"2025-11-24 04:48:00",114236,"",7999,2025,11,24,4,39,5,-0.0078,0.928,-0.005,-343788.7,0.878,-0.004,1.717,8.47,0,-0.004,-0.001,-0.005,-0.005,13.19,-1.6,0.6,100,0
"2025-11-24 04:51:00",114237,"",7999,2025,11,24,4,45,5,-0.0148,0.928,-0.009,-343793.2,0.878,-0.007,1.717,8.43,0,-0.007,-0.001,-0.026,-0.012,13.19,-1.6,0.6,100,0
"2025-11-24 04:54:00",114238,"",7999,2025,11,24,4,45,5,-0.0148,0.928,-0.009,-343793.2,0.878,-0.007,1.717,8.43,0,-0.007,-0.001,-0.026,-0.012,13.19,-1.6,0.6,100,0
"2025-11-24 04:57:00",114239,"",7999,2025,11,24,4,51,5,-0.0132,0.927,-0.008,-343798.2,0.877,-0.006,1.716,8.38,0,-0.006,-0.002,0.005,-0.019,13.19,-1.6,0.6,100,0
"2025-11-24 05:00:00",114240,"",7999,2025,11,24,4,51,5,-0.0132,0.927,-0.008,-343798.2,0.877,-0.006,1.716,8.38,0,-0.006,-0.002,0.005,-0.019,13.19,-1.6,0.6,100,0
"2025-11-24 05:03:00",114241,"",7999,2025,11,24,4,57,5,0.0006,0.929,0,-343799.6,0.879,0,1.72,8.35,0,0,0,-0.002,-0.007,13.19,-1.6,0.6,100,0
"2025-11-24 05:06:00",114242,"",7999,2025,11,24,4,57,5,0.0006,0.929,0,-343799.6,0.879,0,1.72,8.35,0,0,0,-0.002,-0.007,13.19,-1.6,0.6,100,0
"2025-11-24 05:09:00",114243,"",7999,2025,11,24,5,3,5,-0.0155,0.933,-0.009,-343803.3,0.883,-0.008,1.726,8.36,0,-0.008,0.001,-0.033,-0.031,13.19,-1.6,0.6,100,0
"2025-11-24 05:12:00",114244,"",7999,2025,11,24,5,3,5,-0.0155,0.933,-0.009,-343803.3,0.883,-0.008,1.726,8.36,0,-0.008,0.001,-0.033,-0.031,13.19,-1.6,0.6,100,0
"2025-11-24 05:15:00",114245,"",7999,2025,11,24,5,9,5,-0.0689,0.934,-0.04,-343821.7,0.884,-0.04,1.728,8.39,0,-0.04,0.003,-0.007,-0.052,13.19,-1.6,0.6,100,0
"2025-11-24 05:18:00",114246,"",7999,2025,11,24,5,9,5,-0.0689,0.934,-0.04,-343821.7,0.884,-0.04,1.728,8.39,0,-0.04,0.003,-0.007,-0.052,13.19,-1.6,0.6,100,0
"2025-11-24 05:21:00",114247,"",7999,2025,11,24,5,15,5,-0.068,0.929,-0.04,-343846.3,0.879,-0.04,1.72,8.33,0,-0.04,0.003,-0.009,-0.064,13.19,-1.6,0.6,100,0
"2025-11-24 05:24:00",114248,"",7999,2025,11,24,5,15,5,-0.068,0.929,-0.04,-343846.3,0.879,-0.04,1.72,8.33,0,-0.04,0.003,-0.009,-0.064,13.19,-1.6,0.6,100,0
"2025-11-24 05:27:00",114249,"",7999,2025,11,24,5,21,5,-0.0472,0.929,-0.027,-343865.8,0.879,-0.027,1.718,8.25,0,-0.027,0.003,-0.014,-0.05,13.19,-1.6,0.6,100,0
"2025-11-24 05:30:00",114250,"",7999,2025,11,24,5,21,5,-0.0472,0.929,-0.027,-343865.8,0.879,-0.027,1.718,8.25,0,-0.027,0.003,-0.014,-0.05,13.19,-1.6,0.6,100,0
"2025-11-24 05:33:00",114251,"",7999,2025,11,24,5,27,5,-0.0284,0.932,-0.017,-343878.3,0.882,-0.015,1.725,8.21,0,-0.015,0.003,0,-0.031,13.19,-1.6,0.6,100,0
"2025-11-24 05:36:00",114252,"",7999,2025,11,24,5,27,5,-0.0284,0.932,-0.017,-343878.3,0.882,-0.015,1.725,8.21,0,-0.015,0.003,0,-0.031,13.19,-1.6,0.6,100,0
"2025-11-24 05:39:00",114253,"",7999,2025,11,24,5,33,5,-0.0525,0.933,-0.03,-343894.3,0.883,-0.029,1.726,8.23,0,-0.029,0.003,-0.033,-0.05,13.19,-1.6,0.6,100,0
"2025-11-24 05:42:00",114254,"",7999,2025,11,24,5,33,5,-0.0525,0.933,-0.03,-343894.3,0.883,-0.029,1.726,8.23,0,-0.029,0.003,-0.033,-0.05,13.19,-1.6,0.6,100,0
"2025-11-24 05:45:00",114255,"",7999,2025,11,24,5,39,5,-0.045,0.93,-0.026,-343911.4,0.88,-0.025,1.722,8.21,0,-0.025,0,-0.021,-0.057,13.19,-1.6,0.6,100,0
"2025-11-24 05:48:00",114256,"",7999,2025,11,24,5,39,5,-0.045,0.93,-0.026,-343911.4,0.88,-0.025,1.722,8.21,0,-0.025,0,-0.021,-0.057,13.19,-1.6,0.6,100,0
"2025-11-24 05:51:00",114257,"",7999,2025,11,24,5,45,5,-0.0476,0.926,-0.028,-343928.3,0.876,-0.028,1.714,8.13,0,-0.028,0.001,-0.019,-0.052,13.19,-1.6,0.6,100,0
"2025-11-24 05:54:00",114258,"",7999,2025,11,24,5,45,5,-0.0476,0.926,-0.028,-343928.3,0.876,-0.028,1.714,8.13,0,-0.028,0.001,-0.019,-0.052,13.19,-1.6,0.6,100,0
"2025-11-24 05:57:00",114259,"",7999,2025,11,24,5,51,5,-0.014,0.926,-0.008,-343937.4,0.876,-0.007,1.713,8.08,0,-0.007,-0.001,-0.012,-0.021,13.19,-1.6,0.6,100,0
"2025-11-24 06:00:00",114260,"",7999,2025,11,24,5,51,5,-0.014,0.926,-0.008,-343937.4,0.876,-0.007,1.713,8.08,0,-0.007,-0.001,-0.012,-0.021,13.19,-1.6,0.6,100,0
"2025-11-24 06:03:00",114261,"",7999,2025,11,24,5,57,5,-0.0098,0.928,-0.006,-343941.4,0.878,-0.005,1.717,8.06,0,-0.005,0.004,-0.007,-0.005,13.19,-1.6,0.6,100,0
"2025-11-24 06:06:00",114262,"",7999,2025,11,24,5,57,5,-0.0098,0.928,-0.006,-343941.4,0.878,-0.005,1.717,8.06,0,-0.005,0.004,-0.007,-0.005,13.19,-1.6,0.6,100,0
"2025-11-24 06:09:00",114263,"",7999,2025,11,24,6,3,5,-0.0354,0.928,-0.021,-343951.1,0.878,-0.019,1.717,8.07,0,-0.019,0.001,-0.002,-0.04,13.19,-1.6,0.6,100,0
"2025-11-24 06:12:00",114264,"",7999,2025,11,24,6,3,5,-0.0354,0.928,-0.021,-343951.1,0.878,-0.019,1.717,8.07,0,-0.019,0.001,-0.002,-0.04,13.19,-1.6,0.6,100,0
"2025-11-24 06:15:00",114265,"",7999,2025,11,24,6,9,5,-0.0344,0.926,-0.02,-343963.6,0.876,-0.019,1.713,8.06,0,-0.019,0,-0.005,-0.05,13.19,-1.6,0.6,100,0
"2025-11-24 06:18:00",114266,"",7999,2025,11,24,6,9,5,-0.0344,0.926,-0.02,-343963.6,0.876,-0.019,1.713,8.06,0,-0.019,0,-0.005,-0.05,13.19,-1.6,0.6,100,0
"2025-11-24 06:21:00",114267,"",7999,2025,11,24,6,15,5,-0.05,0.924,-0.029,-343979.8,0.874,-0.029,1.709,8,0,-0.029,0.002,-0.002,-0.047,13.19,-1.6,0.6,100,0
"2025-11-24 06:24:00",114268,"",7999,2025,11,24,6,15,5,-0.05,0.924,-0.029,-343979.8,0.874,-0.029,1.709,8,0,-0.029,0.002,-0.002,-0.047,13.19,-1.6,0.6,100,0
"2025-11-24 06:27:00",114269,"",7999,2025,11,24,6,21,5,-0.0498,0.92,-0.029,-343997.7,0.87,-0.029,1.702,7.93,0,-0.029,0,-0.012,-0.059,13.19,-1.6,0.6,100,0
"2025-11-24 06:30:00",114270,"",7999,2025,11,24,6,21,5,-0.0498,0.92,-0.029,-343997.7,0.87,-0.029,1.702,7.93,0,-0.029,0,-0.012,-0.059,13.19,-1.6,0.6,100,0
"2025-11-24 06:33:00",114271,"",7999,2025,11,24,6,27,5,-0.0523,0.919,-0.031,-344016.2,0.869,-0.03,1.7,7.89,0,-0.03,0.004,-0.014,-0.043,13.19,-1.6,0.6,99,0
"2025-11-24 06:36:00",114272,"",7999,2025,11,24,6,27,5,-0.0523,0.919,-0.031,-344016.2,0.869,-0.03,1.7,7.89,0,-0.03,0.004,-0.014,-0.043,13.19,-1.6,0.6,99,0
"2025-11-24 06:39:00",114273,"",7999,2025,11,24,6,33,5,-0.0827,0.915,-0.049,-344042.3,0.865,-0.05,1.693,7.85,0,-0.05,0.002,-0.049,-0.064,13.19,-1.6,0.6,100,0
"2025-11-24 06:42:00",114274,"",7999,2025,11,24,6,33,5,-0.0827,0.915,-0.049,-344042.3,0.865,-0.05,1.693,7.85,0,-0.05,0.002,-0.049,-0.064,13.19,-1.6,0.6,100,0
"2025-11-24 06:45:00",114275,"",7999,2025,11,24,6,39,5,-0.0652,0.91,-0.039,-344067.9,0.86,-0.039,1.683,7.8,0,-0.039,0.002,-0.026,-0.059,13.19,-1.6,0.6,100,0
"2025-11-24 06:48:00",114276,"",7999,2025,11,24,6,39,5,-0.0652,0.91,-0.039,-344067.9,0.86,-0.039,1.683,7.8,0,-0.039,0.002,-0.026,-0.059,13.19,-1.6,0.6,100,0
"2025-11-24 06:51:00",114277,"",7999,2025,11,24,6,45,5,-0.045,0.909,-0.027,-344086.6,0.859,-0.025,1.681,7.77,0,-0.025,0.001,-0.03,-0.052,13.19,-1.6,0.6,100,0
"2025-11-24 06:54:00",114278,"",7999,2025,11,24,6,45,5,-0.045,0.909,-0.027,-344086.6,0.859,-0.025,1.681,7.77,0,-0.025,0.001,-0.03,-0.052,13.19,-1.6,0.6,100,0
"2025-11-24 06:57:00",114279,"",7999,2025,11,24,6,51,5,-0.0418,0.906,-0.025,-344102,0.856,-0.025,1.677,7.75,0,-0.025,0.001,-0.026,-0.043,13.19,-1.6,0.6,100,0
"2025-11-24 07:00:00",114280,"",7999,2025,11,24,6,51,5,-0.0418,0.906,-0.025,-344102,0.856,-0.025,1.677,7.75,0,-0.025,0.001,-0.026,-0.043,13.19,-1.6,0.6,100,0
"2025-11-24 07:03:00",114281,"",7999,2025,11,24,6,57,5,-0.0479,0.901,-0.029,-344118.6,0.851,-0.029,1.667,7.71,0,-0.029,-0.003,-0.028,-0.057,13.19,-1.6,0.6,100,0
"2025-11-24 07:06:00",114282,"",7999,2025,11,24,6,57,5,-0.0479,0.901,-0.029,-344118.6,0.851,-0.029,1.667,7.71,0,-0.029,-0.003,-0.028,-0.057,13.19,-1.6,0.6,100,0
"2025-11-24 07:09:00",114283,"",7999,2025,11,24,7,3,5,-0.0386,0.895,-0.023,-344133.6,0.845,-0.022,1.656,7.69,0,-0.022,-0.004,-0.014,-0.045,13.19,-1.6,0.6,100,0
"2025-11-24 07:12:00",114284,"",7999,2025,11,24,7,3,5,-0.0386,0.895,-0.023,-344133.6,0.845,-0.022,1.656,7.69,0,-0.022,-0.004,-0.014,-0.045,13.19,-1.6,0.6,100,0
"2025-11-24 07:15:00",114285,"",7999,2025,11,24,7,9,5,-0.0549,0.885,-0.034,-344151.4,0.835,-0.033,1.639,7.66,0,-0.033,-0.006,-0.026,-0.069,13.19,-1.6,0.6,100,0
"2025-11-24 07:18:00",114286,"",7999,2025,11,24,7,9,5,-0.0549,0.885,-0.034,-344151.4,0.835,-0.033,1.639,7.66,0,-0.033,-0.006,-0.026,-0.069,13.19,-1.6,0.6,100,0
"2025-11-24 07:21:00",114287,"",7999,2025,11,24,7,15,5,-0.0418,0.878,-0.026,-344168.1,0.828,-0.025,1.626,7.62,0,-0.025,-0.005,-0.033,-0.05,13.19,-1.6,0.6,100,0
"2025-11-24 07:24:00",114288,"",7999,2025,11,24,7,15,5,-0.0418,0.878,-0.026,-344168.1,0.828,-0.025,1.626,7.62,0,-0.025,-0.005,-0.033,-0.05,13.19,-1.6,0.6,100,0
"2025-11-24 07:27:00",114289,"",7999,2025,11,24,7,21,5,-0.0485,0.874,-0.03,-344184.7,0.824,-0.029,1.618,7.62,0,-0.029,-0.002,-0.033,-0.047,13.19,-1.6,0.6,100,0
"2025-11-24 07:30:00",114290,"",7999,2025,11,24,7,21,5,-0.0485,0.874,-0.03,-344184.7,0.824,-0.029,1.618,7.62,0,-0.029,-0.002,-0.033,-0.047,13.19,-1.6,0.6,100,0
"2025-11-24 07:33:00",114291,"",7999,2025,11,24,7,27,5,-0.0474,0.869,-0.029,-344201.9,0.819,-0.028,1.609,7.61,0,-0.028,-0.002,-0.03,-0.052,13.19,-1.6,0.6,100,0
"2025-11-24 07:36:00",114292,"",7999,2025,11,24,7,27,5,-0.0474,0.869,-0.029,-344201.9,0.819,-0.028,1.609,7.61,0,-0.028,-0.002,-0.03,-0.052,13.19,-1.6,0.6,100,0
"2025-11-24 07:39:00",114293,"",7999,2025,11,24,7,33,5,-0.0359,0.867,-0.022,-344216.3,0.817,-0.022,1.604,7.6,0,-0.022,0.002,-0.03,-0.033,13.19,-1.6,0.6,100,0
"2025-11-24 07:42:00",114294,"",7999,2025,11,24,7,33,5,-0.0359,0.867,-0.022,-344216.3,0.817,-0.022,1.604,7.6,0,-0.022,0.002,-0.03,-0.033,13.19,-1.6,0.6,100,0
"2025-11-24 07:45:00",114295,"",7999,2025,11,24,7,39,5,-0.0502,0.864,-0.031,-344232.7,0.814,-0.031,1.599,7.61,0,-0.031,0.001,-0.044,-0.054,13.19,-1.6,0.6,100,0
"2025-11-24 07:48:00",114296,"",7999,2025,11,24,7,39,5,-0.0502,0.864,-0.031,-344232.7,0.814,-0.031,1.599,7.61,0,-0.031,0.001,-0.044,-0.054,13.19,-1.6,0.6,100,0
"2025-11-24 07:51:00",114297,"",7999,2025,11,24,7,45,5,-0.066,0.858,-0.042,-344254.6,0.808,-0.04,1.587,7.61,0,-0.04,0.003,-0.03,-0.062,13.19,-1.6,0.6,100,0
"2025-11-24 07:54:00",114298,"",7999,2025,11,24,7,45,5,-0.066,0.858,-0.042,-344254.6,0.808,-0.04,1.587,7.61,0,-0.04,0.003,-0.03,-0.062,13.19,-1.6,0.6,100,0
"2025-11-24 07:57:00",114299,"",7999,2025,11,24,7,51,5,-0.0526,0.855,-0.033,-344275.1,0.805,-0.033,1.583,7.63,0,-0.033,0,-0.028,-0.047,13.19,-1.6,0.6,100,0
"2025-11-24 08:00:00",114300,"",7999,2025,11,24,7,51,5,-0.0526,0.855,-0.033,-344275.1,0.805,-0.033,1.583,7.63,0,-0.033,0,-0.028,-0.047,13.19,-1.6,0.6,100,0
"2025-11-24 08:03:00",114301,"",7999,2025,11,24,7,57,5,-0.0675,0.849,-0.043,-344297.6,0.799,-0.042,1.571,7.61,0,-0.042,0.001,-0.028,-0.059,13.19,-1.7,0.6,100,0
"2025-11-24 08:06:00",114302,"",7999,2025,11,24,7,57,5,-0.0675,0.849,-0.043,-344297.6,0.799,-0.042,1.571,7.61,0,-0.042,0.001,-0.028,-0.059,13.19,-1.7,0.6,100,0
"2025-11-24 08:09:00",114303,"",7999,2025,11,24,8,3,5,-0.0435,0.845,-0.028,-344316.2,0.795,-0.028,1.563,7.61,0,-0.028,0,-0.021,-0.031,13.19,-1.7,0.6,100,0
"2025-11-24 08:12:00",114304,"",7999,2025,11,24,8,3,5,-0.0435,0.845,-0.028,-344316.2,0.795,-0.028,1.563,7.61,0,-0.028,0,-0.021,-0.031,13.19,-1.7,0.6,100,0
"2025-11-24 08:15:00",114305,"",7999,2025,11,24,8,9,5,-0.0341,0.842,-0.022,-344329.6,0.792,-0.021,1.559,7.62,0,-0.021,0.003,-0.026,-0.031,13.19,-1.7,0.6,100,0
"2025-11-24 08:18:00",114306,"",7999,2025,11,24,8,9,5,-0.0341,0.842,-0.022,-344329.6,0.792,-0.021,1.559,7.62,0,-0.021,0.003,-0.026,-0.031,13.19,-1.7,0.6,100,0
"2025-11-24 08:21:00",114307,"",7999,2025,11,24,8,15,5,-0.0324,0.841,-0.021,-344341.5,0.791,-0.021,1.556,7.62,0,-0.021,-0.003,-0.016,-0.04,13.19,-1.7,0.6,100,0
"2025-11-24 08:24:00",114308,"",7999,2025,11,24,8,15,5,-0.0324,0.841,-0.021,-344341.5,0.791,-0.021,1.556,7.62,0,-0.021,-0.003,-0.016,-0.04,13.19,-1.7,0.6,100,0
"2025-11-24 08:27:00",114309,"",7999,2025,11,24,8,21,5,-0.0412,0.834,-0.027,-344355.3,0.784,-0.027,1.543,7.61,0,-0.027,-0.003,-0.023,-0.033,13.19,-1.7,0.6,100,0
"2025-11-24 08:30:00",114310,"",7999,2025,11,24,8,21,5,-0.0412,0.834,-0.027,-344355.3,0.784,-0.027,1.543,7.61,0,-0.027,-0.003,-0.023,-0.033,13.19,-1.7,0.6,100,0
"2025-11-24 08:33:00",114311,"",7999,2025,11,24,8,27,5,-0.0513,0.822,-0.034,-344372.6,0.772,-0.034,1.52,7.62,0,-0.034,0.001,-0.035,-0.059,13.19,-1.8,0.5,100,0
"2025-11-24 08:36:00",114312,"",7999,2025,11,24,8,27,5,-0.0513,0.822,-0.034,-344372.6,0.772,-0.034,1.52,7.62,0,-0.034,0.001,-0.035,-0.059,13.19,-1.8,0.5,100,0
"2025-11-24 08:39:00",114313,"",7999,2025,11,24,8,33,5,-0.0428,0.812,-0.028,-344389,0.762,-0.029,1.503,7.65,0,-0.029,0,-0.033,-0.045,13.19,-1.8,0.6,100,0
"2025-11-24 08:42:00",114314,"",7999,2025,11,24,8,33,5,-0.0428,0.812,-0.028,-344389,0.762,-0.029,1.503,7.65,0,-0.029,0,-0.033,-0.045,13.19,-1.8,0.6,100,0
"2025-11-24 08:45:00",114315,"",7999,2025,11,24,8,39,5,-0.0178,0.327,-0.029,-344398.4,0.277,-0.029,0.605,7.7,0,-0.029,0.001,-0.03,-0.026,13.19,-1.8,0.5,100,0
"2025-11-24 08:48:00",114316,"",7999,2025,11,24,8,39,5,-0.0178,0.327,-0.029,-344398.4,0.277,-0.029,0.605,7.7,0,-0.029,0.001,-0.03,-0.026,13.19,-1.8,0.5,100,0
"2025-11-24 08:51:00",114317,"",7999,2025,11,24,8,45,5,-0.022,0.678,-0.018,-344405.8,0.628,-0.017,1.255,7.73,0,-0.017,0.003,-0.026,-0.024,13.19,-1.9,0.5,100,0
"2025-11-24 08:54:00",114318,"",7999,2025,11,24,8,45,5,-0.022,0.678,-0.018,-344405.8,0.628,-0.017,1.255,7.73,0,-0.017,0.003,-0.026,-0.024,13.19,-1.9,0.5,100,0
"2025-11-24 08:57:00",114319,"",7999,2025,11,24,8,51,5,-0.0284,0.668,-0.023,-344415.3,0.618,-0.023,1.237,7.79,0,-0.023,0.004,-0.04,-0.036,13.19,-1.9,0.5,100,0
"2025-11-24 09:00:00",114320,"",7999,2025,11,24,8,51,5,-0.0284,0.668,-0.023,-344415.3,0.618,-0.023,1.237,7.79,0,-0.023,0.004,-0.04,-0.036,13.19,-1.9,0.5,100,0
"2025-11-24 09:03:00",114321,"",7999,2025,11,24,8,57,5,-0.0269,0.66,-0.022,-344425.2,0.61,-0.022,1.222,7.84,0,-0.022,0.004,-0.037,-0.031,13.19,-1.9,0.5,100,0
"2025-11-24 09:06:00",114322,"",7999,2025,11,24,8,57,5,-0.0269,0.66,-0.022,-344425.2,0.61,-0.022,1.222,7.84,0,-0.022,0.004,-0.037,-0.031,13.19,-1.9,0.5,100,0
"2025-11-24 09:09:00",114323,"",7999,2025,11,24,9,3,5,-0.0201,0.654,-0.017,-344433.3,0.604,-0.016,1.211,7.9,2,-0.016,0.003,-0.026,-0.036,13.19,-2,0.5,100,0
"2025-11-24 09:12:00",114324,"",7999,2025,11,24,9,3,5,-0.0201,0.654,-0.017,-344433.3,0.604,-0.016,1.211,7.9,2,-0.016,0.003,-0.026,-0.036,13.19,-2,0.5,100,0
"2025-11-24 09:15:00",114325,"",7999,2025,11,24,9,9,5,-0.02,0.649,-0.017,-344440.5,0.599,-0.016,1.201,7.95,2,-0.016,0.004,-0.019,-0.026,13.19,-2,0.5,100,0
"2025-11-24 09:18:00",114326,"",7999,2025,11,24,9,9,5,-0.02,0.649,-0.017,-344440.5,0.599,-0.016,1.201,7.95,2,-0.016,0.004,-0.019,-0.026,13.19,-2,0.5,100,0
"2025-11-24 09:21:00",114327,"",7999,2025,11,24,9,15,5,-0.0249,0.753,-0.018,-344448.9,0.703,-0.017,1.393,8.03,2,-0.017,0.004,-0.016,-0.036,13.19,-2,0.5,100,0
"2025-11-24 09:24:00",114328,"",7999,2025,11,24,9,15,5,-0.0249,0.753,-0.018,-344448.9,0.703,-0.017,1.393,8.03,2,-0.017,0.004,-0.016,-0.036,13.19,-2,0.5,100,0
"2025-11-24 09:27:00",114329,"",7999,2025,11,24,9,21,5,-0.0146,0.747,-0.011,-344455.4,0.697,-0.011,1.381,8.11,2,-0.011,0.005,-0.014,-0.024,13.19,-2,0.5,100,0
"2025-11-24 09:30:00",114330,"",7999,2025,11,24,9,21,5,-0.0146,0.747,-0.011,-344455.4,0.697,-0.011,1.381,8.11,2,-0.011,0.005,-0.014,-0.024,13.19,-2,0.5,100,0
"2025-11-24 09:33:00",114331,"",7999,2025,11,24,9,27,5,-0.0275,0.741,-0.02,-344463.8,0.691,-0.019,1.37,8.19,2,-0.019,0.001,-0.028,-0.028,13.19,-2,0.5,100,0
"2025-11-24 09:36:00",114332,"",7999,2025,11,24,9,27,5,-0.0275,0.741,-0.02,-344463.8,0.691,-0.019,1.37,8.19,2,-0.019,0.001,-0.028,-0.028,13.19,-2,0.5,100,0
"2025-11-24 09:39:00",114333,"",7999,2025,11,24,9,33,5,-0.0291,0.737,-0.021,-344474,0.687,-0.019,1.363,8.28,2,-0.019,0.003,-0.03,-0.043,13.19,-2,0.5,100,0
"2025-11-24 09:42:00",114334,"",7999,2025,11,24,9,33,5,-0.0291,0.737,-0.021,-344474,0.687,-0.019,1.363,8.28,2,-0.019,0.003,-0.03,-0.043,13.19,-2,0.5,100,0
"2025-11-24 09:45:00",114335,"",7999,2025,11,24,9,39,5,-0.0306,0.734,-0.023,-344484.9,0.684,-0.022,1.359,8.38,2,-0.022,0.002,-0.016,-0.036,13.19,-2,0.5,100,0
"2025-11-24 09:48:00",114336,"",7999,2025,11,24,9,39,5,-0.0306,0.734,-0.023,-344484.9,0.684,-0.022,1.359,8.38,2,-0.022,0.002,-0.016,-0.036,13.19,-2,0.5,100,0
"2025-11-24 09:51:00",114337,"",7999,2025,11,24,9,45,5,-0.0223,0.734,-0.016,-344493.9,0.684,-0.016,1.358,8.46,2,-0.016,0.003,-0.021,-0.019,13.19,-2,0.5,100,0
"2025-11-24 09:54:00",114338,"",7999,2025,11,24,9,45,5,-0.0223,0.734,-0.016,-344493.9,0.684,-0.016,1.358,8.46,2,-0.016,0.003,-0.021,-0.019,13.19,-2,0.5,100,0
"2025-11-24 09:57:00",114339,"",7999,2025,11,24,9,51,5,-0.0278,0.73,-0.021,-344503.3,0.68,-0.019,1.35,8.53,2,-0.019,-0.001,-0.021,-0.024,13.19,-2,0.5,100,0
"2025-11-24 10:00:00",114340,"",7999,2025,11,24,9,51,5,-0.0278,0.73,-0.021,-344503.3,0.68,-0.019,1.35,8.53,2,-0.019,-0.001,-0.021,-0.024,13.19,-2,0.5,100,0
"2025-11-24 10:03:00",114341,"",7999,2025,11,24,9,57,5,-0.0334,0.721,-0.025,-344514.6,0.671,-0.024,1.335,8.59,2,-0.024,0,-0.012,-0.012,13.19,-2,0.5,100,0
"2025-11-24 10:06:00",114342,"",7999,2025,11,24,9,57,5,-0.0334,0.721,-0.025,-344514.6,0.671,-0.024,1.335,8.59,2,-0.024,0,-0.012,-0.012,13.19,-2,0.5,100,0
"2025-11-24 10:09:00",114343,"",7999,2025,11,24,10,3,5,-0.042,0.704,-0.032,-344528.7,0.654,-0.031,1.303,8.65,2,-0.031,0.001,-0.026,-0.038,13.19,-2,0.5,100,0
"2025-11-24 10:12:00",114344,"",7999,2025,11,24,10,3,5,-0.042,0.704,-0.032,-344528.7,0.654,-0.031,1.303,8.65,2,-0.031,0.001,-0.026,-0.038,13.19,-2,0.5,100,0
"2025-11-24 10:15:00",114345,"",7999,2025,11,24,10,9,5,-0.0306,0.701,-0.024,-344541.1,0.651,-0.023,1.298,8.71,2,-0.023,0.002,-0.021,-0.028,13.19,-2.1,0.5,100,0
"2025-11-24 10:18:00",114346,"",7999,2025,11,24,10,9,5,-0.0306,0.701,-0.024,-344541.1,0.651,-0.023,1.298,8.71,2,-0.023,0.002,-0.021,-0.028,13.19,-2.1,0.5,100,0
"2025-11-24 10:21:00",114347,"",7999,2025,11,24,10,15,5,-0.0074,0.294,-0.014,-344546.6,0.244,-0.014,0.544,8.74,2,-0.014,0.007,-0.023,-0.014,13.19,-2,0.5,100,0
"2025-11-24 10:24:00",114348,"",7999,2025,11,24,10,15,5,-0.0074,0.294,-0.014,-344546.6,0.244,-0.014,0.544,8.74,2,-0.014,0.007,-0.023,-0.014,13.19,-2,0.5,100,0
