"TOA5","MGEO_SERC","CR1000X","50443","CR1000X.8.5.0","CPU:MGEO_SERCv31INT.CR1X","63885","FLUX_7810"
"TIMESTAMP","RECORD","TimeLong7810","LI7810_time","Seconds","Nanoseconds","NDX","Diag","H2O","CO2","CH4","cavity_p","cavity_t","laser_phase_p","laser_t","residual","ringdown","thermal_enc_t","phase_err","laser_t_shift","vin","cavity_p_sp","board_t","case_t","exfit_tau_rd1","peak_ht_1","exfit_tau_rd2","peak_ht_2","tec_sp","phase_ctrl_out","meas_phase","laser_phase_sp","num_peaks_win","post_ringdwn_1_ign_len","ringdwn_1_loc","peak_x0","xderiv_weight","xderiv2_weight","ch4_spec_weight","co2_spec_weight","h2o_spec_weight","start_freq","cavity_htr_w","laser_ref_pwr","offset_weight","slope_weight","evenodd_weight","evenodd_lin_weight","num_skipped_modes","pump_sp","pump_tach_ph"
"TS","RN","","","","","","","","","","","","","","","","","","","","","","","","","","","","","","","","","","","","","","","","","","","","","","","","",""
"","","Smp","Smp","Smp","Smp","Smp","Smp","Smp","Smp","Smp","Smp","Smp","Smp","Smp","Smp","Smp","Smp","Smp","Smp","Smp","Smp","Smp","Smp","Smp","Smp","Smp","Smp","Smp","Smp","Smp","Smp","Smp","Smp","Smp","Smp","Smp","Smp","Smp","Smp","Smp","Smp","Smp","Smp","Smp","Smp","Smp","Smp","Smp","Smp","Smp"
"2026-03-31 22:57:00",83061,"2026-03-31 22:00:56",1775016056,1.775016E+09,248908,5005345,0,202.3546,206.2119,25058.23,39.9151,55.0003,48.8047,46.5994,0.00209634,13.0722,54.4998,198.25,0.159228,24.0817,40.0073,47.19,14.3901,13.0722,0.996011,12.9885,1.02462,46.637,29579.5,16198.2,16000,5,4844.75,81816.2,91701.2,-2.22373E-05,-0.000206103,13.1591,0.596748,0.0206416,-0.000206103,-0.000206103,-0.000206103,6048.29,0.852197,47408,-0.000206103,0,0,0
"2026-03-31 22:57:15",83062,"2026-03-31 22:01:10",1775016070,1.775016E+09,9.99506E+08,5005405,0,202.7749,205.888,25053.59,39.9155,55.0003,48.8071,46.5993,0.00209868,13.0728,54.4998,-24.5,0.159228,24.0817,40.0073,47.1862,14.3901,13.0728,0.996024,12.9881,1.02459,46.637,29580.5,15975.5,16000,5,4838,81795.2,91688,5.03266E-05,-0.000197908,13.1566,0.595804,0.0206845,-0.000197908,-0.000197908,-0.000197908,6048.29,0.852197,47408.5,-0.000197908,0,0,0
"2026-03-31 22:57:30",83063,"2026-03-31 22:01:25",1775016085,1.775016E+09,9.987731E+08,5005465,0,202.4113,206.0474,25043.59,39.9155,55.0003,48.8026,46.5991,0.00206804,13.0724,54.4998,189.5,0.159228,24.0817,40.0073,47.1886,14.3901,13.0724,0.995986,12.9882,1.02462,46.637,29577.8,16189.5,16000,5,4854.25,81796.5,91711.5,-1.75884E-05,-0.000195156,13.1514,0.59627,0.0206474,-0.000195156,-0.000195156,-0.000195156,6048.29,0.852197,47409,-0.000195156,0,0,0
"2026-03-31 22:57:45",83064,"2026-03-31 22:01:40",1775016100,1.775016E+09,9.980321E+08,5005525,0,202.3746,205.7801,25034.93,39.9155,55.0003,48.8026,46.5991,0.00208477,13.0727,54.4998,-29.75,0.159228,24.0813,40.0073,47.1848,14.3901,13.0727,0.996076,12.9885,1.02462,46.637,29577.8,15970.2,16000,5,4851.5,81806.5,91713.2,-9.45504E-07,-0.000193291,13.1468,0.595495,0.0206437,-0.000193291,-0.000193291,-0.000193291,6048.29,0.852197,47407.8,-0.000193291,0,0,0
"2026-03-31 22:58:00",83065,"2026-03-31 22:01:55",1775016115,1.775016E+09,9.972899E+08,5005585,0,202.3112,205.7414,25027.63,39.9151,55.0003,48.8055,46.5993,0.0020938,13.0724,54.4998,-26.75,0.159228,24.0817,40.0073,47.1834,14.3901,13.0724,0.996059,12.9883,1.02465,46.637,29579,15973.2,16000,5,4834.5,81795.5,91692.5,5.39005E-05,-0.000195678,13.143,0.595383,0.0206372,-0.000195678,-0.000195678,-0.000195678,6048.29,0.852197,47407.8,-0.000195678,0,0,0
"2026-03-31 22:58:15",83066,"2026-03-31 22:02:10",1775016130,1.775016E+09,9.96546E+08,5005645,0,201.7533,205.5743,25018.92,39.9155,55.0003,48.803,46.5994,0.00208787,13.0723,54.4996,126.25,0.159228,24.0817,40.0073,47.1824,14.3901,13.0723,0.995989,12.9888,1.02458,46.637,29577.8,16126.2,16000,5,4834.25,81802.5,91717.2,7.70566E-05,-0.000198986,13.1384,0.594903,0.0205803,-0.000198986,-0.000198986,-0.000198986,6048.29,0.852197,47408,-0.000198986,0,0,0
"2026-03-31 22:58:30",83067,"2026-03-31 22:02:25",1775016145,1.775016E+09,9.958091E+08,5005705,0,201.8112,205.9957,25009.96,39.9151,55.0003,48.8034,46.5991,0.00210858,13.0722,54.4998,-12.75,0.159228,24.0817,40.0073,47.1791,14.3901,13.0722,0.996056,12.9886,1.02465,46.637,29578,15987.2,16000,5,4838.5,81800.5,91682.2,-3.50045E-06,-0.000180365,13.1337,0.596125,0.0205862,-0.000180365,-0.000180365,-0.000180365,6048.29,0.852197,47408.2,-0.000180365,0,0,0
"2026-03-31 22:58:45",83068,"2026-03-31 22:02:40",1775016160,1.775016E+09,9.950621E+08,5005765,0,202.3046,206.0777,25001.06,39.9151,55.0003,48.8051,46.5991,0.00212856,13.0731,54.4998,-24.75,0.159228,24.0821,40.0073,47.1796,14.3901,13.0731,0.996021,12.9887,1.02463,46.637,29578.5,15975.2,16000,5,4836,81805.2,91684.5,9.90556E-05,-0.00019365,13.129,0.596359,0.0206365,-0.00019365,-0.00019365,-0.00019365,6048.29,0.852197,47409.5,-0.00019365,0,0,0
"2026-03-31 22:59:00",83069,"2026-03-31 22:02:55",1775016175,1.775016E+09,9.943249E+08,5005825,0,202.2714,206.0501,24993.65,39.9147,55.0003,48.8034,46.5993,0.00209396,13.0722,54.499,-3.75,0.159228,24.0813,40.0073,47.1696,14.3901,13.0722,0.99608,12.9887,1.02461,46.637,29578,15996.2,16000,5,4879.25,81825.8,91707,4.6945E-05,-0.000188541,13.1252,0.596279,0.0206331,-0.000188541,-0.000188541,-0.000188541,6048.29,0.852197,47410.2,-0.000188541,0,0,0
"2026-03-31 22:59:15",83070,"2026-03-31 22:03:10",1775016190,1.775016E+09,9.93578E+08,5005885,0,202.6415,205.6538,24984.02,39.9164,55.0003,48.8038,46.5994,0.00210798,13.072,54.4998,-1.75,0.159228,24.0813,40.0073,47.172,14.3901,13.072,0.995982,12.9886,1.02461,46.637,29578.5,15998.2,16000,5,4844.75,81800.2,91701,-2.64037E-06,-0.000200657,13.1201,0.595126,0.0206709,-0.000200657,-0.000200657,-0.000200657,6048.29,0.852197,47410,-0.000200657,0,0,0
"2026-03-31 22:59:30",83071,"2026-03-31 22:03:25",1775016205,1.775016E+09,9.928401E+08,5005945,0,201.1336,205.2328,24974.54,39.9155,55.0003,48.8014,46.5994,0.00204859,13.0724,54.4998,-51.25,0.159228,24.0817,40.0072,47.172,14.3901,13.0724,0.996022,12.9886,1.02464,46.637,29577,15948.8,16000,5,4846,81809.8,91710.5,1.75627E-05,-0.000210335,13.1151,0.593918,0.0205171,-0.000210335,-0.000210335,-0.000210335,6048.29,0.852197,47410.2,-0.000210335,0,0,0
"2026-03-31 22:59:45",83072,"2026-03-31 22:03:40",1775016220,1.775016E+09,9.920981E+08,5006005,0,201.0194,205.7766,24966.29,39.9151,55.0003,48.8047,46.5993,0.00209287,13.0732,54.4998,62.5,0.159228,24.0817,40.0073,47.1701,14.3901,13.0732,0.996009,12.9886,1.02459,46.637,29579.5,16062.5,16000,5,4861,81793.2,91703.8,1.735E-05,-0.00019666,13.1108,0.595496,0.0205055,-0.00019666,-0.00019666,-0.00019666,6048.29,0.852197,47410.5,-0.00019666,0,0,0
"2026-03-31 23:00:00",83073,"2026-03-31 22:03:55",1775016235,1.775016E+09,9.91364E+08,5006065,0,201.1756,205.0807,24958.46,39.9155,55.0003,48.8018,46.5991,0.00208994,13.072,54.4998,142.75,0.159228,24.0817,40.0073,47.1673,14.3901,13.072,0.996019,12.9888,1.02463,46.637,29578,16142.8,16000,5,4853.75,81818.5,91698.2,2.82286E-05,-0.00019893,13.1067,0.593476,0.0205214,-0.00019893,-0.00019893,-0.00019893,6048.29,0.852197,47409.2,-0.00019893,0,0,0
"2026-03-31 23:00:15",83074,"2026-03-31 22:04:10",1775016250,1.775016E+09,9.90614E+08,5006125,0,202.0607,205.637,24949.52,39.9155,55.0003,48.8038,46.5994,0.00209187,13.0732,54.4998,113.5,0.159228,24.0817,40.0073,47.1673,14.3901,13.0732,0.996005,12.9892,1.02464,46.637,29578.5,16113.5,16000,5,4840,81794.8,91698.2,0.000146262,-0.000207221,13.102,0.595082,0.0206117,-0.000207221,-0.000207221,-0.000207221,6048.29,0.852197,47407.8,-0.000207221,0,0,0
"2026-03-31 23:00:30",83075,"2026-03-31 22:04:25",1775016265,1.775016E+09,9.89877E+08,5006185,0,202.054,205.5719,24942.85,39.9164,55.0003,48.8005,46.5994,0.00212891,13.0728,54.4998,16.5,0.159228,24.0817,40.0075,47.1644,14.3901,13.0728,0.996019,12.9883,1.02466,46.637,29576.5,16016.5,16000,5,4873,81838.8,91712,-4.0598E-05,-0.000202227,13.0985,0.594894,0.020611,-0.000202227,-0.000202227,-0.000202227,6048.29,0.852197,47408.8,-0.000202227,0,0,0
"2026-03-31 23:00:45",83076,"2026-03-31 22:04:40",1775016280,1.775016E+09,9.891379E+08,5006245,0,201.4217,205.4854,24931.98,39.9159,55.0003,48.803,46.5993,0.00207791,13.0715,54.4994,-36.5,0.159228,24.0821,40.0075,47.1597,14.3901,13.0715,0.996031,12.9888,1.02465,46.637,29578,15963.5,16000,5,4832.25,81822.2,91710,4.34859E-06,-0.000187757,13.0928,0.594648,0.0205465,-0.000187757,-0.000187757,-0.000187757,6048.29,0.852197,47406.8,-0.000187757,0,0,0
"2026-03-31 23:01:00",83077,"2026-03-31 22:04:55",1775016295,1.775016E+09,9.883969E+08,5006305,0,201.9655,205.1704,24922.68,39.9159,55.0003,48.8038,46.5994,0.00207025,13.0728,54.4998,73.25,0.159228,24.0817,40.0075,47.1597,14.3901,13.0728,0.996057,12.9886,1.02469,46.637,29578.2,16073.2,16000,5,4830,81812.2,91715.8,5.23463E-05,-0.000202169,13.0879,0.593729,0.0206019,-0.000202169,-0.000202169,-0.000202169,6048.29,0.852197,47407.2,-0.000202169,0,0,0
"2026-03-31 23:01:15",83078,"2026-03-31 22:05:10",1775016310,1.775016E+09,9.87653E+08,5006365,0,200.9275,205.1486,24915.47,39.9159,55.0003,48.8022,46.5991,0.00209344,13.0729,54.4996,56,0.159228,24.0821,40.0075,47.1568,14.3901,13.0729,0.996031,12.9885,1.02467,46.637,29577.5,16056,16000,5,4851.75,81820,91705.8,-1.20627E-05,-0.000176501,13.0841,0.593675,0.0204961,-0.000176501,-0.000176501,-0.000176501,6048.29,0.852197,47407.2,-0.000176501,0,0,0
"2026-03-31 23:01:30",83079,"2026-03-31 22:05:25",1775016325,1.775016E+09,9.86913E+08,5006425,0,200.5233,205.3535,24907.26,39.9159,55.0003,48.803,46.5989,0.00208884,13.0724,54.4998,-49.25,0.159228,24.0821,40.0075,47.1549,14.3901,13.0724,0.996019,12.9893,1.02465,46.637,29578,15950.8,16000,5,4834.75,81808.8,91707.8,2.53288E-06,-0.000187571,13.0798,0.594273,0.0204549,-0.000187571,-0.000187571,-0.000187571,6048.29,0.852197,47409,-0.000187571,0,0,0
"2026-03-31 23:01:45",83080,"2026-03-31 22:05:40",1775016340,1.775016E+09,9.86172E+08,5006485,0,200.9475,204.8039,24897.84,39.9151,55.0003,48.8014,46.5991,0.00208757,13.0724,54.4996,13.25,0.159228,24.0817,40.0075,47.153,14.3901,13.0724,0.996074,12.9885,1.02463,46.637,29577.2,16013.2,16000,5,4862.5,81840,91716.2,-1.57909E-05,-0.000191024,13.0749,0.592675,0.0204981,-0.000191024,-0.000191024,-0.000191024,6048.29,0.852197,47409,-0.000191024,0,0,0
"2026-03-31 23:02:00",83081,"2026-03-31 22:05:55",1775016355,1.775016E+09,9.854319E+08,5006545,0,199.9843,204.6989,24889.26,39.9151,55.0003,48.803,46.5991,0.00208772,13.0722,54.4994,93.75,0.159228,24.0821,40.0075,47.1488,14.3901,13.0722,0.996033,12.9889,1.02465,46.637,29578.2,16093.8,16000,5,4843,81823.2,91691.8,3.82105E-05,-0.000195318,13.0704,0.592379,0.0203999,-0.000195318,-0.000195318,-0.000195318,6048.29,0.852444,47408.8,-0.000195318,0,0,0
"2026-03-31 23:02:15",83082,"2026-03-31 22:06:10",1775016370,1.775016E+09,9.846921E+08,5006605,0,200.3838,204.8408,24883.16,39.9155,55.0003,48.8042,46.5994,0.00208306,13.0727,54.4998,-30.5,0.159228,24.0817,40.0075,47.1492,14.3901,13.0727,0.996005,12.9887,1.02462,46.637,29578.5,15969.5,16000,5,4863.5,81818,91698.8,-9.15121E-05,-0.000194498,13.0672,0.592787,0.0204407,-0.000194498,-0.000194498,-0.000194498,6048.29,0.852444,47408.8,-0.000194498,0,0,0
"2026-03-31 23:02:30",83083,"2026-03-31 22:06:25",1775016385,1.775016E+09,9.839511E+08,5006665,0,199.9779,204.7272,24874.18,39.9151,55.0003,48.8038,46.5993,0.00208309,13.0723,54.4998,24,0.159228,24.0817,40.0075,47.1455,14.3901,13.0723,0.995995,12.9889,1.02466,46.637,29578,16024,16000,5,4856.75,81833.5,91713.2,-7.76661E-05,-0.000186376,13.0624,0.592461,0.0203993,-0.000186376,-0.000186376,-0.000186376,6048.29,0.852444,47408.8,-0.000186376,0,0,0
"2026-03-31 23:02:45",83084,"2026-03-31 22:06:40",1775016400,1.775016E+09,9.832189E+08,5006725,0,200.9713,204.6972,24865.45,39.9155,55.0003,48.8047,46.5994,0.0020738,13.0725,54.4998,27.25,0.159228,24.0817,40.0074,47.1473,14.3901,13.0725,0.996069,12.9889,1.02462,46.637,29579.2,16027.2,16000,5,4857,81815,91705.2,-3.2732E-05,-0.000182555,13.0578,0.592365,0.0205006,-0.000182555,-0.000182555,-0.000182555,6048.29,0.852444,47409.8,-0.000182555,0,0,0
"2026-03-31 23:03:00",83085,"2026-03-31 22:06:55",1775016415,1.775016E+09,9.82482E+08,5006785,0,200.1799,204.7092,24857.84,39.9151,55.0003,48.8038,46.5991,0.00210651,13.0723,54.4998,-57,0.159228,24.0817,40.0074,47.1455,14.3901,13.0723,0.99601,12.9887,1.02465,46.637,29578,15943,16000,5,4843.75,81816.2,91706,9.40906E-05,-0.000179149,13.0539,0.592407,0.0204199,-0.000179149,-0.000179149,-0.000179149,6048.29,0.852444,47409.8,-0.000179149,0,0,0
"2026-03-31 23:03:15",83086,"2026-03-31 22:07:10",1775016430,1.775016E+09,9.81729E+08,5006845,0,200.2109,204.1123,24848.27,39.9159,55.0003,48.8038,46.5991,0.00205813,13.0727,54.4998,-44.25,0.159228,24.0821,40.0074,47.1464,14.3901,13.0727,0.996062,12.989,1.02468,46.637,29578.8,15955.8,16000,5,4836.5,81806,91703.5,3.6565E-05,-0.000193645,13.0488,0.590675,0.020423,-0.000193645,-0.000193645,-0.000193645,6048.29,0.852444,47407.5,-0.000193645,0,0,0
"2026-03-31 23:03:30",83087,"2026-03-31 22:07:25",1775016445,1.775016E+09,9.809959E+08,5006905,0,200.135,205.1196,24841.53,39.9151,55.0003,48.803,46.5991,0.00209285,13.0727,54.4998,129.5,0.159228,24.0817,40.0074,47.1455,14.3901,13.0727,0.996029,12.9887,1.02463,46.637,29578.5,16129.5,16000,5,4883,81838.2,91700.8,1.111E-06,-0.000186543,13.0453,0.593598,0.0204153,-0.000186543,-0.000186543,-0.000186543,6048.29,0.852444,47410.8,-0.000186543,0,0,0
"2026-03-31 23:03:45",83088,"2026-03-31 22:07:40",1775016460,1.775016E+09,9.80253E+08,5006965,0,200.4619,204.2761,24832.29,39.9155,55.0003,48.8038,46.5994,0.00204909,13.073,54.4998,-41.25,0.159228,24.0817,40.0074,47.1417,14.3901,13.073,0.996042,12.9888,1.02464,46.637,29578.2,15958.8,16000,5,4836.25,81814.8,91696.8,-9.685E-06,-0.000197419,13.0404,0.591148,0.0204486,-0.000197419,-0.000197419,-0.000197419,6048.29,0.852444,47407.8,-0.000197419,0,0,0
"2026-03-31 23:04:00",83089,"2026-03-31 22:07:55",1775016475,1.775016E+09,9.795069E+08,5007025,0,201.4224,204.6428,24823.91,39.9151,55.0003,48.8034,46.5991,0.00207303,13.0721,54.4998,-17,0.159228,24.0836,40.0074,47.1412,14.3901,13.0721,0.996023,12.9888,1.02466,46.637,29578,15983,16000,5,4870.25,81826,91700,6.43605E-07,-0.000187831,13.036,0.592203,0.0205466,-0.000187831,-0.000187831,-0.000187831,6048.29,0.852444,47408.8,-0.000187831,0,0,0
"2026-03-31 23:04:15",83090,"2026-03-31 22:08:10",1775016490,1.775016E+09,9.78764E+08,5007085,0,202.1748,204.7704,24819.6,39.9155,55.0003,48.8034,46.5991,0.00212585,13.0725,54.4998,27.75,0.159228,24.0817,40.0074,47.1417,14.3901,13.0725,0.996069,12.9889,1.02469,46.637,29577.8,16027.8,16000,5,4857.75,81827.8,91709.8,9.69798E-07,-0.000197607,13.0338,0.592567,0.0206233,-0.000197607,-0.000197607,-0.000197607,6048.29,0.852444,47408.5,-0.000197607,0,0,0
"2026-03-31 23:04:30",83091,"2026-03-31 22:08:25",1775016505,1.775016E+09,9.780371E+08,5007145,0,201.2611,204.1574,24811.98,39.9143,55.0003,48.8034,46.5991,0.00212042,13.0727,54.4998,146.25,0.159228,24.0813,40.0074,47.1379,14.3901,13.0727,0.996029,12.9889,1.0247,46.637,29578.5,16146.2,16000,5,4860.5,81838.2,91737.8,2.54907E-07,-0.00019005,13.0298,0.590796,0.0205301,-0.00019005,-0.00019005,-0.00019005,6048.29,0.852444,47408.5,-0.00019005,0,0,0
"2026-03-31 23:04:45",83092,"2026-03-31 22:08:40",1775016520,1.775017E+09,9.77293E+08,5007205,0,201.819,204.2575,24803.05,39.9159,55.0003,48.8055,46.5993,0.00207424,13.0726,54.4998,2.75,0.159228,24.0817,40.0074,47.136,14.3901,13.0726,0.996074,12.9886,1.02469,46.637,29579.5,16002.8,16000,5,4824,81808.5,91705.8,8.16899E-05,-0.000193381,13.0251,0.591082,0.020587,-0.000193381,-0.000193381,-0.000193381,6048.29,0.852444,47408.2,-0.000193381,0,0,0
"2026-03-31 23:05:00",83093,"2026-03-31 22:08:55",1775016535,1.775017E+09,9.76552E+08,5007265,0,201.8024,204.4469,24796.95,39.9159,55.0003,48.8038,46.5993,0.00209575,13.0727,54.4998,45,0.159228,24.0821,40.0074,47.1341,14.3901,13.0727,0.996069,12.9889,1.02468,46.637,29578.8,16045,16000,5,4833.75,81821.2,91729.2,-3.46609E-05,-0.000192248,13.0219,0.591632,0.0205853,-0.000192248,-0.000192248,-0.000192248,6048.29,0.852444,47408.8,-0.000192248,0,0,0
"2026-03-31 23:05:15",83094,"2026-03-31 22:09:10",1775016550,1.775017E+09,9.758019E+08,5007325,0,200.7551,204.6386,24791,39.9151,55.0003,48.8067,46.5993,0.00210725,13.0726,54.4998,224.5,0.159228,24.0825,40.0074,47.1303,14.3901,13.0726,0.995992,12.9889,1.02466,46.637,29580.5,16224.5,16000,5,4855.5,81818,91716.5,2.17483E-05,-0.000187962,13.0188,0.592197,0.0204785,-0.000187962,-0.000187962,-0.000187962,6048.29,0.852444,47408.5,-0.000187962,0,0,0
"2026-03-31 23:05:30",83095,"2026-03-31 22:09:25",1775016565,1.775017E+09,9.7506E+08,5007385,0,201.2116,203.9369,24782.39,39.9168,55.0003,48.8051,46.5994,0.00207289,13.0721,54.4998,37.5,0.159228,24.0821,40.0074,47.1246,14.3901,13.0721,0.995999,12.9892,1.02468,46.637,29579.8,16037.5,16000,5,4862,81827.5,91714.2,-4.2597E-05,-0.000193892,13.0142,0.590157,0.0205251,-0.000193892,-0.000193892,-0.000193892,6048.29,0.852444,47408.5,-0.000193892,0,0,0
"2026-03-31 23:05:45",83096,"2026-03-31 22:09:40",1775016580,1.775017E+09,9.743199E+08,5007445,0,201.9419,203.4151,24775.02,39.9151,55.0003,48.8067,46.5994,0.00205066,13.0725,54.5,14.75,0.159228,24.0821,40.0074,47.1256,14.3901,13.0725,0.996033,12.9889,1.02467,46.637,29580.5,16014.8,16000,5,4843.5,81812.5,91717.5,9.62463E-06,-0.000198085,13.0103,0.588637,0.0205995,-0.000198085,-0.000198085,-0.000198085,6048.29,0.852444,47409.2,-0.000198085,0,0,0
"2026-03-31 23:06:00",83097,"2026-03-31 22:09:55",1775016595,1.775017E+09,9.73582E+08,5007505,0,201.9891,203.5705,24770.43,39.9159,55.0003,48.8047,46.5994,0.00210028,13.0725,54.4998,11.75,0.159228,24.0813,40.0074,47.1232,14.3901,13.0725,0.996065,12.9888,1.02467,46.637,29579,16011.8,16000,5,4834.75,81819.8,91708.2,1.15216E-05,-0.000199254,13.0079,0.589087,0.0206043,-0.000199254,-0.000199254,-0.000199254,6048.29,0.852444,47407.5,-0.000199254,0,0,0
"2026-03-31 23:06:15",83098,"2026-03-31 22:10:10",1775016610,1.775017E+09,9.72842E+08,5007565,0,200.4293,203.7176,24764.08,39.9147,55.0003,48.8071,46.5993,0.00206355,13.0731,54.4998,-117.25,0.159228,24.0836,40.0074,47.1241,14.3901,13.0731,0.996019,12.9886,1.02465,46.637,29579.8,15882.8,16000,5,4841.25,81806.5,91695.5,-1.42114E-05,-0.00018355,13.0046,0.589528,0.0204453,-0.00018355,-0.00018355,-0.00018355,6048.29,0.852444,47407.2,-0.00018355,0,0,0
"2026-03-31 23:06:30",83099,"2026-03-31 22:10:25",1775016625,1.775017E+09,9.720981E+08,5007625,0,200.7867,203.4308,24756.02,39.9151,55.0003,48.8067,46.5993,0.00204965,13.0733,54.5,-37.25,0.159228,24.0821,40.0074,47.117,14.3901,13.0733,0.996034,12.9891,1.02468,46.637,29580,15962.8,16000,5,4836.75,81818.2,91703.2,4.94965E-05,-0.000193506,13.0004,0.588693,0.0204817,-0.000193506,-0.000193506,-0.000193506,6048.29,0.852444,47408.2,-0.000193506,0,0,0
"2026-03-31 23:06:45",83100,"2026-03-31 22:10:40",1775016640,1.775017E+09,9.7136E+08,5007685,0,202.4584,203.5267,24749.01,39.9151,55.0003,48.8079,46.5993,0.00204016,13.0735,54.4998,16,0.159228,24.0817,40.0074,47.1189,14.3901,13.0735,0.996006,12.9891,1.02467,46.637,29580.2,16016,16000,5,4852,81802,91691,2.3304E-05,-0.000182437,12.9967,0.588956,0.0206522,-0.000182437,-0.000182437,-0.000182437,6048.29,0.852444,47408.8,-0.000182437,0,0,0
"2026-03-31 23:07:00",83101,"2026-03-31 22:10:55",1775016655,1.775017E+09,9.70617E+08,5007745,0,201.7285,203.7361,24743.13,39.9151,55.0003,48.8084,46.5993,0.00206923,13.0733,54.5,38,0.159228,24.0817,40.0074,47.1199,14.3901,13.0733,0.996027,12.9888,1.02468,46.637,29581.2,16038,16000,5,4837.25,81815.2,91718.2,2.54787E-05,-0.000190721,12.9936,0.58957,0.0205778,-0.000190721,-0.000190721,-0.000190721,6048.29,0.852444,47408.2,-0.000190721,0,0,0
"2026-03-31 23:07:15",83102,"2026-03-31 22:11:10",1775016670,1.775017E+09,9.698751E+08,5007805,0,201.8019,203.5851,24738.56,39.9151,55.0003,48.8067,46.5994,0.00210172,13.0736,54.4998,23.75,0.159228,24.0817,40.0074,47.1189,14.3901,13.0736,0.996028,12.9887,1.02469,46.637,29580,16023.8,16000,5,4862.75,81828,91721.2,-7.45519E-05,-0.000206689,12.9912,0.589131,0.0205853,-0.000206689,-0.000206689,-0.000206689,6048.29,0.852444,47409.8,-0.000206689,0,0,0
"2026-03-31 23:07:30",83103,"2026-03-31 22:11:25",1775016685,1.775017E+09,9.6914E+08,5007865,0,202.9173,203.4745,24731,39.9155,55.0003,48.8092,46.5991,0.00209657,13.0721,54.4998,33.5,0.159228,24.0821,40.0075,47.1132,14.3901,13.0721,0.996052,12.9887,1.02468,46.637,29581.8,16033.5,16000,5,4857,81814.2,91690.8,8.75156E-05,-0.000194153,12.9872,0.588801,0.020699,-0.000194153,-0.000194153,-0.000194153,6048.29,0.852444,47409,-0.000194153,0,0,0
"2026-03-31 23:07:45",83104,"2026-03-31 22:11:40",1775016700,1.775017E+09,9.684E+08,5007925,0,202.2188,202.6613,24724.41,39.9147,55.0003,48.8092,46.5991,0.00206629,13.0726,54.4998,4.25,0.159228,24.0817,40.0075,47.1147,14.3901,13.0726,0.995977,12.9891,1.02467,46.637,29581.8,16004.2,16000,5,4866.5,81813.5,91688.8,0.000112916,-0.000190609,12.9838,0.586448,0.0206278,-0.000190609,-0.000190609,-0.000190609,6048.29,0.852444,47411.2,-0.000190609,0,0,0
"2026-03-31 23:08:00",83105,"2026-03-31 22:11:55",1775016715,1.775017E+09,9.676559E+08,5007985,0,202.2968,203.0691,24718.02,39.9147,54.9999,48.8079,46.5991,0.0020958,13.0728,54.4998,110.5,0.159228,24.0817,40.0075,47.1132,14.3901,13.0728,0.995988,12.989,1.02466,46.637,29581.5,16110.5,16000,5,4855.5,81835.2,91700.2,2.9024E-05,-0.000194739,12.9804,0.58763,0.0206357,-0.000194739,-0.000194739,-0.000194739,6048.29,0.852444,47411,-0.000194739,0,0,0
"2026-03-31 23:08:15",83106,"2026-03-31 22:12:10",1775016730,1.775017E+09,9.669139E+08,5008045,0,202.3627,203.3874,24710.26,39.9155,55.0003,48.81,46.5993,0.00207142,13.0728,54.4998,42.25,0.159228,24.0813,40.0075,47.1132,14.3901,13.0728,0.996038,12.9892,1.0247,46.637,29581.8,16042.2,16000,5,4871.25,81834,91721.2,4.51208E-05,-0.000193681,12.9763,0.588553,0.0206424,-0.000193681,-0.000193681,-0.000193681,6048.29,0.852691,47411.2,-0.000193681,0,0,0
"2026-03-31 23:08:30",83107,"2026-03-31 22:12:25",1775016745,1.775017E+09,9.661739E+08,5008105,0,202.5283,202.7084,24704.41,39.9147,55.0003,48.8129,46.5991,0.00208179,13.0728,54.4998,-33.75,0.159228,24.0832,40.0075,47.1113,14.3901,13.0728,0.996063,12.9893,1.02467,46.637,29583.5,15966.2,16000,5,4857.25,81806,91703,-1.35572E-05,-0.000191269,12.9733,0.586582,0.0206593,-0.000191269,-0.000191269,-0.000191269,6048.29,0.852691,47411.8,-0.000191269,0,0,0
"2026-03-31 23:08:45",83108,"2026-03-31 22:12:40",1775016760,1.775017E+09,9.654319E+08,5008165,0,201.833,203.297,24698.05,39.9151,55.0003,48.8088,46.5993,0.00209296,13.0727,54.4998,-7.5,0.159228,24.0813,40.0076,47.109,14.3901,13.0727,0.996055,12.9892,1.0247,46.637,29581.5,15992.5,16000,5,4864.25,81830.5,91719,6.61139E-05,-0.000189133,12.9699,0.588295,0.0205884,-0.000189133,-0.000189133,-0.000189133,6048.29,0.852691,47411.5,-0.000189133,0,0,0
"2026-03-31 23:09:00",83109,"2026-03-31 22:12:55",1775016775,1.775017E+09,9.64695E+08,5008225,0,202.8873,203.0955,24691.84,39.9151,55.0001,48.8096,46.5991,0.00208327,13.0733,54.4998,70.75,0.159228,24.0817,40.0076,47.1113,14.3901,13.0733,0.996022,12.9887,1.0247,46.637,29582,16070.8,16000,5,4872.5,81817.8,91717.5,-7.75521E-05,-0.000190023,12.9667,0.587702,0.0206959,-0.000190023,-0.000190023,-0.000190023,6048.29,0.852691,47408.8,-0.000190023,0,0,0
"2026-03-31 23:09:15",83110,"2026-03-31 22:13:10",1775016790,1.775017E+09,9.639499E+08,5008285,0,202.04,203.2596,24683,39.9159,55.0003,48.81,46.5991,0.00209913,13.0729,54.4998,-54.75,0.159228,24.0817,40.0076,47.1113,14.3901,13.0729,0.996025,12.9889,1.02469,46.637,29581.8,15945.2,16000,5,4854.5,81819.5,91719.8,1.17795E-05,-0.000195475,12.962,0.588185,0.0206095,-0.000195475,-0.000195475,-0.000195475,6048.29,0.852691,47409.5,-0.000195475,0,0,0
"2026-03-31 23:09:30",83111,"2026-03-31 22:13:25",1775016805,1.775017E+09,9.632101E+08,5008345,0,202.0173,202.8602,24677.07,39.9159,54.9999,48.8088,46.5993,0.00208655,13.0724,54.4998,10,0.159228,24.0817,40.0076,47.1094,14.3901,13.0724,0.99598,12.9893,1.02467,46.637,29581.8,16010,16000,5,4840,81819.5,91708.2,-5.73626E-05,-0.000193778,12.9589,0.587027,0.0206072,-0.000193778,-0.000193778,-0.000193778,6048.29,0.852691,47411,-0.000193778,0,0,0
"2026-03-31 23:09:45",83112,"2026-03-31 22:13:40",1775016820,1.775017E+09,9.62471E+08,5008405,0,202.9461,202.9482,24669.77,39.9151,55.0003,48.8108,46.5991,0.00207789,13.0723,54.4998,-41.25,0.159228,24.0821,40.0076,47.109,14.3901,13.0723,0.995997,12.9891,1.0247,46.637,29582.5,15958.8,16000,5,4847.75,81825.5,91713.2,-1.35436E-05,-0.000179989,12.9551,0.587274,0.0207019,-0.000179989,-0.000179989,-0.000179989,6048.29,0.852938,47410.8,-0.000179989,0,0,0
"2026-03-31 23:10:00",83113,"2026-03-31 22:13:55",1775016835,1.775017E+09,9.61729E+08,5008465,0,202.5238,202.4617,24662.21,39.9155,55.0003,48.8112,46.5991,0.00206547,13.0731,54.4998,-76.5,0.159228,24.0813,40.0076,47.109,14.3901,13.0731,0.996011,12.9892,1.02467,46.637,29582.5,15923.5,16000,5,4841.5,81813.2,91699,-5.56982E-05,-0.000174716,12.9511,0.585866,0.0206589,-0.000174716,-0.000174716,-0.000174716,6048.29,0.852938,47411,-0.000174716,0,0,0
"2026-03-31 23:10:15",83114,"2026-03-31 22:14:10",1775016850,1.775017E+09,9.60989E+08,5008525,0,203.2726,202.9062,24656.26,39.9155,55.0003,48.8125,46.5993,0.00208527,13.0721,54.4998,-124,0.159228,24.0813,40.0076,47.1076,14.3901,13.0721,0.996005,12.9888,1.0247,46.637,29583.2,15876,16000,5,4844.25,81801.2,91698.5,-5.22711E-05,-0.000181745,12.948,0.587149,0.0207352,-0.000181745,-0.000181745,-0.000181745,6048.29,0.852938,47411,-0.000181745,0,0,0
"2026-03-31 23:10:30",83115,"2026-03-31 22:14:25",1775016865,1.775017E+09,9.60257E+08,5008585,0,203.2791,202.1754,24649.04,39.9164,55.0003,48.8092,46.5994,0.00206153,13.0738,54.4998,-28,0.159228,24.0813,40.0076,47.1076,14.3901,13.0738,0.996063,12.9892,1.02474,46.637,29581.5,15972,16000,5,4825.25,81810.8,91701,-2.09686E-05,-0.000192373,12.9442,0.585029,0.0207359,-0.000192373,-0.000192373,-0.000192373,6048.29,0.852938,47410,-0.000192373,0,0,0
"2026-03-31 23:10:45",83116,"2026-03-31 22:14:40",1775016880,1.775017E+09,9.595089E+08,5008645,0,203.8234,202.9584,24643.3,39.9155,55.0003,48.8096,46.5991,0.00211255,13.0728,54.4998,-33,0.159228,24.0817,40.0076,47.1132,14.3901,13.0728,0.996029,12.9891,1.02467,46.637,29582,15967,16000,5,4849,81813.5,91711.5,1.3411E-05,-0.000191297,12.9411,0.587296,0.0207914,-0.000191297,-0.000191297,-0.000191297,6048.29,0.852938,47412.8,-0.000191297,0,0,0
"2026-03-31 23:11:00",83117,"2026-03-31 22:14:55",1775016895,1.775017E+09,9.587679E+08,5008705,0,203.0304,202.3954,24634.56,39.9159,55.0003,48.8125,46.5991,0.00205297,13.0727,54.5002,28.75,0.159228,24.0821,40.0076,47.1094,14.3901,13.0727,0.99604,12.989,1.02472,46.637,29583.8,16028.8,16000,5,4837.25,81810.5,91686.2,-2.20636E-05,-0.00018731,12.9366,0.585669,0.0207105,-0.00018731,-0.00018731,-0.00018731,6048.29,0.853185,47409.8,-0.00018731,0,0,0
"2026-03-31 23:11:15",83118,"2026-03-31 22:15:10",1775016910,1.775017E+09,9.580269E+08,5008765,0,203.015,202.8514,24625.69,39.9159,55.0003,48.8104,46.5991,0.00207213,13.0727,54.4998,-18,0.159228,24.0817,40.0076,47.1094,14.3901,13.0727,0.99603,12.9892,1.02473,46.637,29582.8,15982,16000,5,4849.75,81803,91700.8,1.45902E-05,-0.00019214,12.9319,0.586992,0.020709,-0.00019214,-0.00019214,-0.00019214,6048.29,0.853185,47410.8,-0.00019214,0,0,0
"2026-03-31 23:11:30",83119,"2026-03-31 22:15:25",1775016925,1.775017E+09,9.572931E+08,5008825,0,203.355,202.8676,24621.26,39.9151,55.0003,48.8108,46.5989,0.00209238,13.0731,54.4998,6,0.159228,24.0813,40.0076,47.1151,14.3901,13.0731,0.99607,12.9896,1.02476,46.637,29582.5,16006,16000,5,4862,81835,91720.5,-4.22168E-05,-0.000198354,12.9296,0.587036,0.0207436,-0.000198354,-0.000198354,-0.000198354,6048.29,0.853185,47409.8,-0.000198354,0,0,0
"2026-03-31 23:11:45",83120,"2026-03-31 22:15:40",1775016940,1.775017E+09,9.565411E+08,5008885,0,203.5262,202.3945,24612.82,39.9151,55.0003,48.8079,46.5994,0.00205435,13.0725,54.4998,111.25,0.159228,24.0817,40.0078,47.1113,14.3901,13.0725,0.996038,12.9896,1.02469,46.637,29581.8,16111.2,16000,5,4869.75,81843.2,91704,2.29179E-05,-0.000189951,12.9251,0.585662,0.0207611,-0.000189951,-0.000189951,-0.000189951,6048.29,0.853185,47412,-0.000189951,0,0,0
"2026-03-31 23:12:00",83121,"2026-03-31 22:15:55",1775016955,1.775017E+09,9.558079E+08,5008945,0,203.6896,202.215,24606.38,39.9159,55.0003,48.8116,46.5993,0.00204073,13.0726,54.4998,51.5,0.159228,24.0817,40.0078,47.1132,14.3901,13.0726,0.996077,12.9889,1.02469,46.637,29583.2,16051.5,16000,5,4845.5,81808.8,91708.2,-9.9163E-05,-0.000198182,12.9218,0.58514,0.0207777,-0.000198182,-0.000198182,-0.000198182,6048.29,0.853185,47410.5,-0.000198182,0,0,0
"2026-03-31 23:12:15",83122,"2026-03-31 22:16:10",1775016970,1.775017E+09,9.550591E+08,5009005,0,204.3378,203.2527,24599.82,39.9159,55.0003,48.8125,46.5993,0.00206871,13.0728,54.4998,52,0.159228,24.0821,40.0078,47.1151,14.3901,13.0728,0.996031,12.9894,1.0247,46.637,29584.5,16052,16000,5,4850.25,81781.5,91680.5,-6.58638E-06,-0.000179051,12.9183,0.588145,0.0208438,-0.000179051,-0.000179051,-0.000179051,6048.29,0.853185,47412.5,-0.000179051,0,0,0
"2026-03-31 23:12:30",83123,"2026-03-31 22:16:25",1775016985,1.775017E+09,9.54324E+08,5009065,0,203.6296,202.5628,24592.63,39.9164,55.0003,48.8112,46.5994,0.00207435,13.0724,54.4998,-30.75,0.159228,24.0817,40.0079,47.1151,14.3901,13.0724,0.996057,12.9893,1.02475,46.637,29582.8,15969.2,16000,5,4878.5,81828.8,91692.5,7.71712E-05,-0.000184493,12.9145,0.58615,0.0207716,-0.000184493,-0.000184493,-0.000184493,6048.29,0.853185,47409.2,-0.000184493,0,0,0
"2026-03-31 23:12:45",83124,"2026-03-31 22:16:40",1775017000,1.775017E+09,9.535861E+08,5009125,0,203.6359,202.4019,24587.81,39.9155,55.0003,48.8166,46.5994,0.00205733,13.0725,54.4998,153.75,0.159228,24.0817,40.0075,47.1094,14.3901,13.0725,0.996047,12.9896,1.02473,46.637,29586.8,16153.8,16000,5,4844.5,81819,91711,-0.000710286,-0.000183784,12.912,0.585683,0.0207723,-0.000183784,-0.000183784,-0.000183784,6048.29,0.853185,47410.8,-0.000183784,0,0,0
"2026-03-31 23:13:00",83125,"2026-03-31 22:16:55",1775017015,1.775017E+09,9.528451E+08,5009185,0,204.6275,202.5681,24579.21,39.9168,55.0003,48.8088,46.5994,0.00206404,13.0729,54.4998,12.25,0.159228,24.0821,40.0075,47.1113,14.3901,13.0729,0.996065,12.9894,1.02471,46.637,29582,16012.2,16000,5,4851,81807.2,91700,0.000113776,-0.000186432,12.9075,0.586157,0.0208734,-0.000186432,-0.000186432,-0.000186432,6048.29,0.853185,47411.8,-0.000186432,0,0,0
"2026-03-31 23:13:15",83126,"2026-03-31 22:17:10",1775017030,1.775017E+09,9.52101E+08,5009245,0,204.7391,202.802,24572.57,39.9159,55.0003,48.8108,46.5994,0.0020888,13.0723,54.4998,72.5,0.159228,24.0817,40.0079,47.1132,14.3901,13.0723,0.996026,12.9894,1.02472,46.637,29582.5,16072.5,16000,5,4845,81800,91684.2,-8.23406E-07,-0.000193222,12.904,0.586834,0.0208848,-0.000193222,-0.000193222,-0.000193222,6048.29,0.853185,47410.5,-0.000193222,0,0,0
"2026-03-31 23:13:30",83127,"2026-03-31 22:17:25",1775017045,1.775017E+09,9.513619E+08,5009305,0,204.8208,202.3346,24565.17,39.9155,55.0003,48.8125,46.5991,0.00201679,13.0726,54.4998,44.5,0.159228,24.0817,40.0079,47.1151,14.3901,13.0726,0.996034,12.9897,1.02474,46.637,29583.2,16044.5,16000,5,4839.25,81802.5,91688.5,2.89324E-06,-0.000193569,12.9001,0.585477,0.0208931,-0.000193569,-0.000193569,-0.000193569,6048.29,0.853185,47411.5,-0.000193569,0,0,0
"2026-03-31 23:13:45",83128,"2026-03-31 22:17:40",1775017060,1.775017E+09,9.506159E+08,5009365,0,204.6405,202.3219,24558.36,39.9151,55.0003,48.81,46.5994,0.00207625,13.0722,54.5004,100.75,0.159228,24.0821,40.0079,47.1109,14.3901,13.0722,0.996084,12.9894,1.02476,46.637,29582.2,16100.8,16000,5,4855.75,81823.2,91680.5,6.76119E-05,-0.000187617,12.8965,0.585442,0.0208747,-0.000187617,-0.000187617,-0.000187617,6048.29,0.853185,47410.2,-0.000187617,0,0,0
"2026-03-31 23:14:00",83129,"2026-03-31 22:17:55",1775017075,1.775017E+09,9.498789E+08,5009425,0,204.976,202.701,24552.16,39.9164,55.0003,48.8133,46.5991,0.00205015,13.0729,54.4998,-39.75,0.159228,24.0817,40.0079,47.1189,14.3901,13.0729,0.996091,12.9893,1.02476,46.637,29584,15960.2,16000,5,4827.25,81806.5,91700,-1.70703E-05,-0.000189929,12.8933,0.586539,0.0209089,-0.000189929,-0.000189929,-0.000189929,6048.29,0.853185,47411.5,-0.000189929,0,0,0
"2026-03-31 23:14:15",83130,"2026-03-31 22:18:10",1775017090,1.775017E+09,9.49137E+08,5009485,0,204.899,202.3805,24544.15,39.9164,55.0003,48.8129,46.5991,0.00203471,13.0727,54.4998,-44.25,0.159228,24.0821,40.0079,47.1208,14.3901,13.0727,0.996068,12.9895,1.0248,46.637,29583,15955.8,16000,5,4850,81804.5,91678.8,4.23003E-05,-0.000194365,12.8891,0.58561,0.0209011,-0.000194365,-0.000194365,-0.000194365,6048.29,0.853185,47410,-0.000194365,0,0,0
"2026-03-31 23:14:30",83131,"2026-03-31 22:18:25",1775017105,1.775017E+09,9.484069E+08,5009545,0,205.519,202.4844,24537.57,39.9155,55.0003,48.8125,46.5991,0.0020879,13.0735,54.4998,-1.5,0.159228,24.0817,40.0079,47.1175,14.3901,13.0735,0.996085,12.9892,1.02477,46.637,29583.8,15998.5,16000,5,4844.25,81806,91700,-6.03144E-05,-0.000202137,12.8856,0.585906,0.0209643,-0.000202137,-0.000202137,-0.000202137,6048.29,0.853185,47411,-0.000202137,0,0,0
"2026-03-31 23:14:45",83132,"2026-03-31 22:18:40",1775017120,1.775017E+09,9.47665E+08,5009605,0,204.7663,202.4869,24529.66,39.9164,55.0003,48.8137,46.5994,0.00206949,13.0733,54.4998,-28.25,0.159228,24.0817,40.0079,47.1222,14.3901,13.0733,0.996049,12.9897,1.0248,46.637,29584,15971.8,16000,5,4858.5,81822,91718.2,-2.11619E-05,-0.000205674,12.8815,0.58592,0.0208875,-0.000205674,-0.000205674,-0.000205674,6048.29,0.853185,47408.5,-0.000205674,0,0,0
"2026-03-31 23:15:00",83133,"2026-03-31 22:18:55",1775017135,1.775017E+09,9.469161E+08,5009665,0,205.9469,202.0421,24523.02,39.9168,55.0003,48.8137,46.5994,0.00207196,13.0729,54.4998,-98.25,0.159228,24.0817,40.0079,47.1251,14.3901,13.0729,0.996116,12.9894,1.02477,46.637,29584.2,15901.8,16000,5,4847.5,81808.8,91712,-8.62499E-06,-0.000199293,12.8779,0.584619,0.0210079,-0.000199293,-0.000199293,-0.000199293,6048.29,0.853185,47411,-0.000199293,0,0,0
"2026-03-31 23:15:15",83134,"2026-03-31 22:19:10",1775017150,1.775017E+09,9.461751E+08,5009725,0,205.4321,202.4569,24516.32,39.9159,55.0003,48.8108,46.5994,0.00206795,13.0725,54.4998,-1.5,0.159228,24.0817,40.0079,47.1246,14.3901,13.0725,0.996128,12.9894,1.02484,46.637,29582.8,15998.5,16000,5,4834.5,81802.5,91703.2,0.000108525,-0.00019134,12.8744,0.585827,0.0209554,-0.00019134,-0.00019134,-0.00019134,6048.29,0.853185,47409.8,-0.00019134,0,0,0
"2026-03-31 23:15:30",83135,"2026-03-31 22:19:25",1775017165,1.775017E+09,9.454401E+08,5009785,0,205.9195,202.8866,24507.53,39.9151,55.0003,48.812,46.5991,0.00203707,13.0723,54.4998,-62,0.159228,24.0825,40.0079,47.1256,14.3901,13.0723,0.99614,12.9895,1.0248,46.637,29583.2,15938,16000,5,4849.25,81807.8,91683.8,-6.45197E-05,-0.000197556,12.8698,0.58707,0.0210051,-0.000197556,-0.000197556,-0.000197556,6048.29,0.853185,47409.2,-0.000197556,0,0,0
"2026-03-31 23:15:45",83136,"2026-03-31 22:19:40",1775017180,1.775017E+09,9.447E+08,5009845,0,205.7208,202.6936,24504.25,39.9164,55.0003,48.8129,46.5994,0.00211349,13.073,54.4998,-83.25,0.159228,24.0813,40.0079,47.1303,14.3901,13.073,0.996039,12.9893,1.02473,46.637,29584,15916.8,16000,5,4835,81809.5,91684.2,1.59932E-05,-0.000185177,12.8681,0.586511,0.0209849,-0.000185177,-0.000185177,-0.000185177,6048.29,0.853185,47410.8,-0.000185177,0,0,0
"2026-03-31 23:16:00",83137,"2026-03-31 22:19:55",1775017195,1.775017E+09,9.439609E+08,5009905,0,206.193,203.3287,24495.87,39.9155,55.0003,48.8125,46.5994,0.0020718,13.0731,54.4998,-73.25,0.159228,24.0809,40.0079,47.1284,14.3901,13.0731,0.996113,12.9895,1.02479,46.637,29583.2,15926.8,16000,5,4876.25,81819,91694.5,-1.85021E-05,-0.000199348,12.8637,0.58835,0.021033,-0.000199348,-0.000199348,-0.000199348,6048.29,0.853185,47409,-0.000199348,0,0,0
"2026-03-31 23:16:15",83138,"2026-03-31 22:20:10",1775017210,1.775017E+09,9.43214E+08,5009965,0,205.6091,202.107,24486.74,39.9155,55.0003,48.8137,46.5994,0.00205445,13.0725,54.5,-48.75,0.159228,24.0821,40.0079,47.1341,14.3901,13.0725,0.996133,12.9895,1.0248,46.637,29583.8,15951.2,16000,5,4834,81795.5,91707,5.39759E-06,-0.000200834,12.8589,0.58481,0.0209735,-0.000200834,-0.000200834,-0.000200834,6048.29,0.853185,47409.2,-0.000200834,0,0,0
"2026-03-31 23:16:30",83139,"2026-03-31 22:20:25",1775017225,1.775017E+09,9.42478E+08,5010025,0,205.9785,202.3607,24478.65,39.9164,55.0003,48.8129,46.5994,0.00200536,13.0724,54.4998,108,0.159228,24.0821,40.0079,47.1364,14.3901,13.0724,0.996075,12.9893,1.02478,46.637,29584.5,16108,16000,5,4860.5,81802.8,91705.2,3.17389E-05,-0.000172455,12.8547,0.585543,0.0210111,-0.000172455,-0.000172455,-0.000172455,6048.29,0.853185,47408.2,-0.000172455,0,0,0
"2026-03-31 23:16:45",83140,"2026-03-31 22:20:40",1775017240,1.775017E+09,9.4174E+08,5010085,0,205.5003,202.7031,24474.33,39.9172,55.0003,48.8133,46.5994,0.00207548,13.073,54.4998,32.75,0.159228,24.0813,40.0079,47.135,14.3901,13.073,0.996126,12.99,1.0248,46.637,29584.8,16032.8,16000,5,4829.75,81795,91699.8,-1.28717E-06,-0.000189677,12.8524,0.586541,0.0209624,-0.000189677,-0.000189677,-0.000189677,6048.29,0.853185,47410.8,-0.000189677,0,0,0
"2026-03-31 23:17:00",83141,"2026-03-31 22:20:55",1775017255,1.775017E+09,9.40988E+08,5010145,0,205.6368,202.6291,24465.94,39.9155,55.0003,48.812,46.5993,0.00208199,13.0726,54.4998,95.5,0.159228,24.0817,40.0079,47.1417,14.3901,13.0726,0.996118,12.9896,1.0248,46.637,29583.8,16095.5,16000,5,4850.75,81815.2,91711.5,8.15244E-06,-0.000196504,12.848,0.586325,0.0209763,-0.000196504,-0.000196504,-0.000196504,6048.29,0.853185,47410.5,-0.000196504,0,0,0
"2026-03-31 23:17:15",83142,"2026-03-31 22:21:10",1775017270,1.775017E+09,9.40249E+08,5010205,0,205.8839,202.8362,24459.18,39.9155,55.0003,48.8133,46.5991,0.00206903,13.0731,54.5,52.75,0.159228,24.0817,40.0079,47.1417,14.3901,13.0731,0.99608,12.9897,1.02475,46.637,29584.8,16052.8,16000,5,4837,81785.8,91682.2,-6.12579E-05,-0.000190352,12.8444,0.586923,0.0210015,-0.000190352,-0.000190352,-0.000190352,6048.29,0.853185,47410,-0.000190352,0,0,0
"2026-03-31 23:17:30",83143,"2026-03-31 22:21:25",1775017285,1.775017E+09,9.39507E+08,5010265,0,204.8805,202.5355,24451.22,39.9159,55.0003,48.812,46.5991,0.00207092,13.0727,54.4998,59.5,0.159228,24.0817,40.0079,47.1436,14.3901,13.0727,0.996047,12.9894,1.02475,46.637,29583.8,16059.5,16000,5,4863,81808.2,91701.5,0.000112973,-0.0001913,12.8403,0.58606,0.0208992,-0.0001913,-0.0001913,-0.0001913,6048.29,0.853185,47411,-0.0001913,0,0,0
"2026-03-31 23:17:45",83144,"2026-03-31 22:21:40",1775017300,1.775017E+09,9.3877E+08,5010325,0,205.6117,202.5822,24442.47,39.9147,55.0003,48.812,46.5991,0.00203774,13.0731,54.4998,-20,0.159228,24.0813,40.0079,47.1436,14.3901,13.0731,0.996131,12.9896,1.02482,46.637,29584,15980,16000,5,4874.25,81821.5,91704.8,-1.65152E-05,-0.000201292,12.8357,0.586189,0.0209737,-0.000201292,-0.000201292,-0.000201292,6048.29,0.853185,47409.2,-0.000201292,0,0,0
"2026-03-31 23:18:00",83145,"2026-03-31 22:21:55",1775017315,1.775017E+09,9.38025E+08,5010385,0,205.2944,202.2712,24436.49,39.9155,55.0003,48.8149,46.5991,0.00207408,13.0723,54.4998,-40,0.159228,24.0817,40.0079,47.1459,14.3901,13.0723,0.996124,12.9897,1.02477,46.637,29585,15960,16000,5,4842,81790.5,91689,3.67455E-06,-0.000193204,12.8325,0.585289,0.0209414,-0.000193204,-0.000193204,-0.000193204,6048.29,0.853185,47410.2,-0.000193204,0,0,0
"2026-03-31 23:18:15",83146,"2026-03-31 22:22:10",1775017330,1.775017E+09,9.37298E+08,5010445,0,205.8089,202.3413,24428,39.9151,55.0003,48.8133,46.5994,0.00207588,13.0729,54.4998,-6.5,0.159228,24.0813,40.0079,47.1492,14.3901,13.0729,0.996138,12.9896,1.02481,46.637,29584.8,15993.5,16000,5,4832,81795.2,91703.2,-3.01908E-05,-0.000194689,12.8281,0.585488,0.0209939,-0.000194689,-0.000194689,-0.000194689,6048.29,0.853185,47409.8,-0.000194689,0,0,0
"2026-03-31 23:18:30",83147,"2026-03-31 22:22:25",1775017345,1.775017E+09,9.365411E+08,5010505,0,205.691,202.4457,24421.8,39.9164,55.0003,48.8141,46.5991,0.0020762,13.0728,54.4998,11.25,0.159228,24.0821,40.0079,47.1507,14.3901,13.0728,0.996111,12.9895,1.02484,46.637,29584.8,16011.2,16000,5,4849.5,81802.5,91696.2,4.42496E-05,-0.000203435,12.8248,0.585792,0.0209818,-0.000203435,-0.000203435,-0.000203435,6048.29,0.853185,47408.2,-0.000203435,0,0,0
"2026-03-31 23:18:45",83148,"2026-03-31 22:22:40",1775017360,1.775017E+09,9.358079E+08,5010565,0,205.5638,202.3013,24414.13,39.9164,55.0003,48.8133,46.5993,0.00204742,13.0736,54.4998,40.5,0.159228,24.0817,40.0079,47.153,14.3901,13.0736,0.996114,12.9897,1.0248,46.637,29584.5,16040.5,16000,5,4841.5,81803,91692.5,7.49458E-06,-0.000194428,12.8208,0.585375,0.0209689,-0.000194428,-0.000194428,-0.000194428,6048.29,0.853185,47410.5,-0.000194428,0,0,0
"2026-03-31 23:19:00",83149,"2026-03-31 22:22:55",1775017375,1.775017E+09,9.350729E+08,5010625,0,205.8557,202.5107,24406.98,39.9155,55.0003,48.8104,46.5993,0.0021133,13.0725,54.4998,8.75,0.159228,24.0813,40.0079,47.1535,14.3901,13.0725,0.996101,12.9897,1.02478,46.637,29582.5,16008.8,16000,5,4847.25,81811.5,91695,0.000103904,-0.000198698,12.817,0.585979,0.0209986,-0.000198698,-0.000198698,-0.000198698,6048.29,0.853185,47411.2,-0.000198698,0,0,0
"2026-03-31 23:19:15",83150,"2026-03-31 22:23:10",1775017390,1.775017E+09,9.343221E+08,5010685,0,205.2025,203.0273,24400.91,39.9168,55.0003,48.8108,46.5994,0.00211152,13.0735,54.5002,198,0.159228,24.0817,40.0079,47.1564,14.3901,13.0735,0.996122,12.9899,1.02484,46.637,29583.8,16198,16000,5,4851,81838.5,91728,-5.45762E-06,-0.000198582,12.8138,0.587484,0.020932,-0.000198582,-0.000198582,-0.000198582,6048.29,0.853185,47409.8,-0.000198582,0,0,0
"2026-03-31 23:19:30",83151,"2026-03-31 22:23:25",1775017405,1.775017E+09,9.335849E+08,5010745,0,206.6959,202.4491,24391.61,39.9164,55.0003,48.8145,46.5991,0.0020259,13.0733,54.4998,-72,0.159228,24.0817,40.0079,47.1516,14.3901,13.0733,0.996112,12.9894,1.0248,46.637,29584.2,15928,16000,5,4840.5,81800.8,91684.5,-4.02163E-05,-0.000187177,12.8089,0.585793,0.0210843,-0.000187177,-0.000187177,-0.000187177,6048.29,0.853185,47410.8,-0.000187177,0,0,0
"2026-03-31 23:19:45",83152,"2026-03-31 22:23:40",1775017420,1.775017E+09,9.328401E+08,5010805,0,205.7812,202.3813,24382.79,39.9151,55.0003,48.8133,46.5991,0.00202117,13.0727,54.4998,24,0.159228,24.0817,40.0079,47.1564,14.3901,13.0727,0.996076,12.9898,1.02481,46.637,29584.8,16024,16000,5,4850.75,81794,91687.8,-8.49698E-06,-0.00019802,12.8043,0.585605,0.020991,-0.00019802,-0.00019802,-0.00019802,6048.29,0.853185,47411.2,-0.00019802,0,0,0
"2026-03-31 23:20:00",83153,"2026-03-31 22:23:55",1775017435,1.775017E+09,9.321069E+08,5010865,0,205.4294,202.1719,24376.31,39.9159,55.0003,48.8133,46.5991,0.00203108,13.073,54.4998,-0.5,0.159228,24.0817,40.0079,47.1625,14.3901,13.073,0.996078,12.9896,1.02482,46.637,29584.2,15999.5,16000,5,4840.25,81807.8,91694.5,-6.32651E-05,-0.000201021,12.8009,0.585,0.0209551,-0.000201021,-0.000201021,-0.000201021,6048.29,0.853185,47410,-0.000201021,0,0,0
"2026-03-31 23:20:15",83154,"2026-03-31 22:24:10",1775017450,1.775017E+09,9.31359E+08,5010925,0,205.8437,202.7334,24367.2,39.9155,55.0003,48.812,46.5993,0.00204635,13.0725,54.4998,38,0.159228,24.0817,40.0079,47.1606,14.3901,13.0725,0.996137,12.9897,1.02483,46.637,29584.2,16038,16000,5,4857.25,81821.8,91699.8,-5.51354E-05,-0.000197661,12.7961,0.586626,0.0209974,-0.000197661,-0.000197661,-0.000197661,6048.29,0.853185,47410.8,-0.000197661,0,0,0
"2026-03-31 23:20:30",83155,"2026-03-31 22:24:25",1775017465,1.775017E+09,9.306271E+08,5010985,0,206.3816,202.6164,24361.07,39.9164,55.0003,48.8129,46.5994,0.00206693,13.0733,54.4998,21.75,0.159228,24.0817,40.0079,47.1644,14.3901,13.0733,0.996126,12.9899,1.02483,46.637,29584,16021.8,16000,5,4864.25,81821,91705.2,-7.40946E-06,-0.00019568,12.7929,0.586282,0.0210522,-0.00019568,-0.00019568,-0.00019568,6048.29,0.853185,47410.8,-0.00019568,0,0,0
"2026-03-31 23:20:45",83156,"2026-03-31 22:24:40",1775017480,1.775017E+09,9.29883E+08,5011045,0,206.4312,202.5436,24353.35,39.9155,55.0003,48.8125,46.5991,0.00206793,13.0727,54.4998,-37,0.159228,24.0821,40.0079,47.1663,14.3901,13.0727,0.996111,12.9895,1.02484,46.637,29584.2,15963,16000,5,4841.25,81816.2,91698.8,-0.000102473,-0.000198853,12.7888,0.58607,0.0210573,-0.000198853,-0.000198853,-0.000198853,6048.29,0.853185,47409.8,-0.000198853,0,0,0
"2026-03-31 23:21:00",83157,"2026-03-31 22:24:55",1775017495,1.775017E+09,9.291361E+08,5011105,0,205.7557,202.5483,24343.23,39.9159,55.0003,48.8145,46.5994,0.00201233,13.0725,54.4998,22,0.159228,24.0817,40.0078,47.1639,14.3901,13.0725,0.996127,12.9893,1.0248,46.637,29585,16022,16000,5,4836.5,81810.8,91696.5,6.62119E-05,-0.00019494,12.7835,0.586089,0.0209884,-0.00019494,-0.00019494,-0.00019494,6048.29,0.853185,47410.5,-0.00019494,0,0,0
"2026-03-31 23:21:15",83158,"2026-03-31 22:25:10",1775017510,1.775017E+09,9.28395E+08,5011165,0,205.9945,202.5924,24335.72,39.9151,55.0003,48.812,46.5991,0.00202489,13.073,54.4998,34,0.159228,24.0821,40.0078,47.172,14.3901,13.073,0.99619,12.9898,1.02487,46.637,29584.2,16034,16000,5,4860.5,81815.2,91706.5,3.6216E-05,-0.000191825,12.7796,0.586215,0.0210128,-0.000191825,-0.000191825,-0.000191825,6048.29,0.853185,47409,-0.000191825,0,0,0
"2026-03-31 23:21:30",83159,"2026-03-31 22:25:25",1775017525,1.775017E+09,9.276559E+08,5011225,0,206.412,202.8603,24331.12,39.9155,55.0003,48.8108,46.5994,0.00205802,13.073,54.4998,40,0.159228,24.0813,40.0078,47.1701,14.3901,13.073,0.996135,12.9896,1.02488,46.637,29582.2,16040,16000,5,4842,81815.2,91714.5,8.05411E-05,-0.000186996,12.7772,0.586989,0.0210554,-0.000186996,-0.000186996,-0.000186996,6048.29,0.853185,47410.8,-0.000186996,0,0,0
"2026-03-31 23:21:45",83160,"2026-03-31 22:25:40",1775017540,1.775018E+09,9.26924E+08,5011285,0,205.954,202.8916,24321.82,39.9147,55.0003,48.8125,46.5993,0.00205205,13.0732,54.4998,-82,0.159228,24.0817,40.0078,47.1753,14.3901,13.0732,0.996139,12.99,1.02482,46.637,29583,15918,16000,5,4833.25,81814,91703.5,9.85714E-05,-0.000201238,12.7723,0.587084,0.0210086,-0.000201238,-0.000201238,-0.000201238,6048.29,0.853185,47411.2,-0.000201238,0,0,0
"2026-03-31 23:22:00",83161,"2026-03-31 22:25:55",1775017555,1.775018E+09,9.26172E+08,5011345,0,206.5888,202.7218,24313.2,39.9151,55.0003,48.8149,46.5991,0.00202954,13.0731,54.4998,19.25,0.159228,24.0817,40.0078,47.1739,14.3901,13.0731,0.996103,12.9898,1.02484,46.637,29584.8,16019.2,16000,5,4851.75,81815.8,91691,2.61777E-05,-0.000191083,12.7678,0.586586,0.0210734,-0.000191083,-0.000191083,-0.000191083,6048.29,0.853185,47410,-0.000191083,0,0,0
"2026-03-31 23:22:15",83162,"2026-03-31 22:26:10",1775017570,1.775018E+09,9.25431E+08,5011405,0,206.368,202.9037,24305.01,39.9164,55.0003,48.8129,46.5991,0.00205941,13.0731,54.4998,86.25,0.159228,24.0817,40.0078,47.1767,14.3901,13.0731,0.996146,12.9898,1.02489,46.637,29584.8,16086.2,16000,5,4851.5,81828,91702.8,-2.29282E-05,-0.000188361,12.7635,0.587115,0.0210509,-0.000188361,-0.000188361,-0.000188361,6048.29,0.853185,47407.5,-0.000188361,0,0,0
"2026-03-31 23:22:30",83163,"2026-03-31 22:26:25",1775017585,1.775018E+09,9.246941E+08,5011465,0,205.6487,202.349,24298.45,39.9151,55.0003,48.8137,46.5994,0.00203696,13.0731,54.4998,-7.75,0.159228,24.0817,40.0078,47.1758,14.3901,13.0731,0.996133,12.9896,1.02488,46.637,29584.2,15992.2,16000,5,4820.5,81812,91700,4.27919E-05,-0.000197998,12.76,0.585512,0.0209775,-0.000197998,-0.000197998,-0.000197998,6048.29,0.853185,47409.8,-0.000197998,0,0,0
"2026-03-31 23:22:45",83164,"2026-03-31 22:26:40",1775017600,1.775018E+09,9.23953E+08,5011525,0,206.1518,202.9059,24287.56,39.9164,55.0003,48.8133,46.5993,0.00202026,13.073,54.4998,-73.5,0.159228,24.0817,40.0078,47.1815,14.3901,13.073,0.996145,12.9896,1.02487,46.637,29583.5,15926.5,16000,5,4815,81796.5,91710,2.00641E-05,-0.000194285,12.7543,0.587123,0.0210288,-0.000194285,-0.000194285,-0.000194285,6048.29,0.853185,47409.2,-0.000194285,0,0,0
"2026-03-31 23:23:00",83165,"2026-03-31 22:26:55",1775017615,1.775018E+09,9.232111E+08,5011585,0,205.8266,203.0718,24279.7,39.9151,55.0003,48.8145,46.5993,0.00203552,13.0732,54.4998,-18.75,0.159228,24.0817,40.0078,47.1815,14.3901,13.0732,0.996132,12.9902,1.02482,46.637,29585,15981.2,16000,5,4835.75,81797,91690.5,6.89583E-05,-0.0001921,12.7502,0.587608,0.0209957,-0.0001921,-0.0001921,-0.0001921,6048.29,0.853185,47411.2,-0.0001921,0,0,0
"2026-03-31 23:23:15",83166,"2026-03-31 22:27:10",1775017630,1.775018E+09,9.22471E+08,5011645,0,206.0639,202.2216,24273.55,39.9151,55.0003,48.8096,46.5991,0.00201392,13.073,54.4998,-25.75,0.159228,24.0821,40.0078,47.1815,14.3901,13.073,0.996132,12.9897,1.02487,46.637,29582,15974.2,16000,5,4835.75,81827,91717.5,-4.92486E-05,-0.000207516,12.7469,0.585139,0.0210199,-0.000207516,-0.000207516,-0.000207516,6048.29,0.853185,47410,-0.000207516,0,0,0
"2026-03-31 23:23:30",83167,"2026-03-31 22:27:25",1775017645,1.775018E+09,9.217291E+08,5011705,0,206.3039,202.5963,24263.21,39.9164,55.0003,48.8104,46.5993,0.00201253,13.073,54.4998,74.5,0.159228,24.0817,40.0078,47.1853,14.3901,13.073,0.996175,12.9896,1.02488,46.637,29583,16074.5,16000,5,4853,81820.5,91727.2,-8.12091E-06,-0.000196784,12.7415,0.586224,0.0210443,-0.000196784,-0.000196784,-0.000196784,6048.29,0.853185,47410.2,-0.000196784,0,0,0
"2026-03-31 23:23:45",83168,"2026-03-31 22:27:40",1775017660,1.775018E+09,9.209881E+08,5011765,0,206.7878,203.4441,24257.57,39.9159,55.0005,48.8129,46.5994,0.00205869,13.0731,54.4998,-23.75,0.159228,24.0817,40.0078,47.1891,14.3901,13.0731,0.996163,12.9899,1.0249,46.637,29583.5,15976.2,16000,5,4842,81816,91699,-5.09769E-05,-0.000194119,12.7385,0.58868,0.0210937,-0.000194119,-0.000194119,-0.000194119,6048.29,0.847031,47410.5,-0.000194119,0,0,0
"2026-03-31 23:24:00",83169,"2026-03-31 22:27:55",1775017675,1.775018E+09,9.20255E+08,5011825,0,206.1949,202.5938,24248.55,39.9159,55.0003,48.8112,46.5993,0.00200295,13.0731,54.4998,-10,0.159228,24.0836,40.0078,47.1872,14.3901,13.0731,0.996155,12.9895,1.02489,46.637,29583.2,15990,16000,5,4852.25,81829.8,91702.8,6.57576E-05,-0.000191389,12.7338,0.586218,0.0210332,-0.000191389,-0.000191389,-0.000191389,6048.29,0.852938,47409,-0.000191389,0,0,0
"2026-03-31 23:24:15",83170,"2026-03-31 22:28:10",1775017690,1.775018E+09,9.19507E+08,5011885,0,206.0495,202.7516,24240.69,39.9168,55.0003,48.81,46.5993,0.00201562,13.0735,54.4998,83.25,0.159228,24.0817,40.0079,47.1891,14.3901,13.0735,0.996202,12.9898,1.02491,46.637,29583,16083.2,16000,5,4820,81824.5,91705.2,-0.000112088,-0.000198486,12.7297,0.586677,0.0210184,-0.000198486,-0.000198486,-0.000198486,6048.29,0.852938,47412,-0.000198486,0,0,0
"2026-03-31 23:24:30",83171,"2026-03-31 22:28:25",1775017705,1.775018E+09,9.18772E+08,5011945,0,205.572,202.261,24233.23,39.9164,55.0003,48.8137,46.5994,0.00202256,13.0731,54.4998,-70.5,0.159228,24.0813,40.0079,47.1896,14.3901,13.0731,0.996157,12.99,1.02488,46.637,29584,15929.5,16000,5,4837.75,81808.8,91706.2,4.59461E-05,-0.000181677,12.7258,0.585258,0.0209697,-0.000181677,-0.000181677,-0.000181677,6048.29,0.852938,47411.8,-0.000181677,0,0,0
"2026-03-31 23:24:45",83172,"2026-03-31 22:28:40",1775017720,1.775018E+09,9.180231E+08,5012005,0,206.0443,203.2499,24226.19,39.9155,55.0003,48.81,46.5993,0.00208703,13.073,54.4998,65.75,0.159228,24.0817,40.0079,47.1948,14.3901,13.073,0.996139,12.9903,1.0249,46.637,29582.2,16065.8,16000,5,4845.5,81815.2,91691,-1.26195E-05,-0.000183054,12.7221,0.588122,0.0210179,-0.000183054,-0.000183054,-0.000183054,6048.29,0.852938,47411.2,-0.000183054,0,0,0
"2026-03-31 23:25:00",83173,"2026-03-31 22:28:55",1775017735,1.775018E+09,9.172831E+08,5012065,0,205.7672,202.4402,24215.69,39.9155,55.0003,48.8133,46.5991,0.00201253,13.0737,54.4998,12,0.159228,24.0817,40.0079,47.1929,14.3901,13.0737,0.996145,12.9901,1.02488,46.637,29584.5,16012,16000,5,4854.25,81821.2,91691.5,1.18645E-05,-0.000181887,12.7166,0.585776,0.0209896,-0.000181887,-0.000181887,-0.000181887,6048.29,0.852938,47412,-0.000181887,0,0,0
"2026-03-31 23:25:15",83174,"2026-03-31 22:29:10",1775017750,1.775018E+09,9.165449E+08,5012125,0,205.9191,202.8179,24209.4,39.9155,55.0003,48.8116,46.5991,0.00206198,13.0737,54.4998,114.5,0.159228,24.0821,40.0079,47.1986,14.3901,13.0737,0.996171,12.9899,1.02491,46.637,29584.5,16114.5,16000,5,4844.25,81806.2,91710.5,1.59922E-05,-0.000189349,12.7133,0.58687,0.0210051,-0.000189349,-0.000189349,-0.000189349,6048.29,0.852938,47410.8,-0.000189349,0,0,0
"2026-03-31 23:25:30",83175,"2026-03-31 22:29:25",1775017765,1.775018E+09,9.158079E+08,5012185,0,205.8617,202.8709,24202.31,39.9159,55.0003,48.8129,46.5991,0.00204172,13.0731,54.4998,-47.75,0.159228,24.0821,40.0079,47.2009,14.3901,13.0731,0.996164,12.99,1.02491,46.637,29584.2,15952.2,16000,5,4856.75,81818.2,91708,3.14064E-05,-0.000196614,12.7095,0.587024,0.0209992,-0.000196614,-0.000196614,-0.000196614,6048.29,0.852938,47409,-0.000196614,0,0,0
"2026-03-31 23:25:45",83176,"2026-03-31 22:29:40",1775017780,1.775018E+09,9.15062E+08,5012245,0,205.1612,203.0105,24192.45,39.9155,55.0003,48.8133,46.5994,0.00200333,13.0737,54.4998,24.75,0.159228,24.0817,40.0079,47.2005,14.3901,13.0737,0.99618,12.9903,1.02487,46.637,29585.2,16024.8,16000,5,4841.25,81811.8,91710.8,-4.48439E-05,-0.000202463,12.7044,0.587435,0.0209278,-0.000202463,-0.000202463,-0.000202463,6048.29,0.852691,47411.8,-0.000202463,0,0,0
"2026-03-31 23:26:00",83177,"2026-03-31 22:29:55",1775017795,1.775018E+09,9.14324E+08,5012305,0,204.2416,202.9069,24184.43,39.9155,55.0003,48.8141,46.5994,0.00204176,13.0733,54.4998,42.25,0.159228,24.0813,40.0079,47.1995,14.3901,13.0733,0.996158,12.99,1.02489,46.637,29584.8,16042.2,16000,5,4862,81813,91692.2,4.89032E-05,-0.00018463,12.7002,0.587143,0.020834,-0.00018463,-0.00018463,-0.00018463,6048.29,0.852691,47410.5,-0.00018463,0,0,0
"2026-03-31 23:26:15",83178,"2026-03-31 22:30:10",1775017810,1.775018E+09,9.135809E+08,5012365,0,205.5601,202.1234,24176.04,39.9151,55.0003,48.8112,46.5991,0.00202599,13.073,54.4998,-68.75,0.159228,24.0832,40.0079,47.2043,14.3901,13.073,0.996198,12.9904,1.02493,46.637,29582.2,15931.2,16000,5,4855.75,81827.2,91708.8,-3.49791E-05,-0.000194846,12.6957,0.584858,0.0209685,-0.000194846,-0.000194846,-0.000194846,6048.29,0.852691,47411,-0.000194846,0,0,0
"2026-03-31 23:26:30",83179,"2026-03-31 22:30:25",1775017825,1.775018E+09,9.12849E+08,5012425,0,206.2087,203.0055,24170.51,39.9159,55.0003,48.8104,46.5991,0.00205905,13.074,54.4998,-30.75,0.159228,24.0821,40.0079,47.2043,14.3901,13.074,0.996138,12.9899,1.02496,46.637,29582.5,15969.2,16000,5,4843.75,81822,91704.2,-3.36077E-05,-0.000200493,12.6928,0.587412,0.0210346,-0.000200493,-0.000200493,-0.000200493,6048.29,0.852691,47409.5,-0.000200493,0,0,0
"2026-03-31 23:26:45",83180,"2026-03-31 22:30:40",1775017840,1.775018E+09,9.121089E+08,5012485,0,204.9588,202.333,24163.6,39.9155,55.0003,48.8096,46.5989,0.00204433,13.074,54.4998,13,0.159228,24.0817,40.0079,47.2043,14.3901,13.074,0.996198,12.9903,1.02492,46.637,29582.5,16013,16000,5,4849,81813.2,91706,-4.75224E-05,-0.000193954,12.6892,0.585472,0.0209072,-0.000193954,-0.000193954,-0.000193954,6048.29,0.852691,47410.2,-0.000193954,0,0,0
"2026-03-31 23:27:00",83181,"2026-03-31 22:30:55",1775017855,1.775018E+09,9.113569E+08,5012545,0,205.6129,202.42,24153.71,39.9159,55.0003,48.8116,46.5987,0.00198868,13.0729,54.4998,-31,0.159228,24.0817,40.0079,47.2024,14.3901,13.0729,0.996173,12.9903,1.02492,46.637,29583,15969,16000,5,4866.5,81834.8,91728.8,3.74106E-05,-0.000203354,12.684,0.585718,0.0209739,-0.000203354,-0.000203354,-0.000203354,6048.29,0.852691,47409.8,-0.000203354,0,0,0
"2026-03-31 23:27:15",83182,"2026-03-31 22:31:10",1775017870,1.775018E+09,9.10615E+08,5012605,0,205.5926,202.7435,24147.38,39.9159,55.0003,48.8108,46.5994,0.00205753,13.0728,54.4998,136,0.159228,24.0817,40.0079,47.2052,14.3901,13.0728,0.996151,12.9903,1.0249,46.637,29583.2,16136,16000,5,4858.5,81808.2,91725.5,-3.79913E-05,-0.000187736,12.6807,0.586657,0.0209718,-0.000187736,-0.000187736,-0.000187736,6048.29,0.852691,47409.5,-0.000187736,0,0,0
"2026-03-31 23:27:30",83183,"2026-03-31 22:31:25",1775017885,1.775018E+09,9.098771E+08,5012665,0,205.6525,202.7251,24139.13,39.9168,55.0003,48.8104,46.5991,0.00204653,13.0737,54.4998,88.25,0.159228,24.0825,40.0079,47.2062,14.3901,13.0737,0.996121,12.99,1.02488,46.637,29583.2,16088.2,16000,5,4856.75,81805.2,91691.8,-4.38252E-05,-0.000189565,12.6764,0.586603,0.0209779,-0.000189565,-0.000189565,-0.000189565,6048.29,0.852691,47411.8,-0.000189565,0,0,0
"2026-03-31 23:27:45",83184,"2026-03-31 22:31:40",1775017900,1.775018E+09,9.09132E+08,5012725,0,205.7613,202.6987,24132.18,39.9159,55.0003,48.8104,46.5991,0.0020546,13.0737,54.4998,-17,0.159228,24.0817,40.0079,47.2043,14.3901,13.0737,0.996147,12.9902,1.02488,46.637,29583,15983,16000,5,4843.25,81824.2,91702.8,-3.67183E-05,-0.000210737,12.6727,0.586526,0.020989,-0.000210737,-0.000210737,-0.000210737,6048.29,0.852691,47412.8,-0.000210737,0,0,0
"2026-03-31 23:28:00",83185,"2026-03-31 22:31:55",1775017915,1.775018E+09,9.083919E+08,5012785,0,204.9948,202.7385,24124.79,39.9159,55.0003,48.8104,46.5993,0.00204105,13.0728,54.4998,60.25,0.159228,24.0817,40.0079,47.2081,14.3901,13.0728,0.996185,12.9903,1.0249,46.637,29582.5,16060.2,16000,5,4875.25,81825.5,91687.2,8.64186E-05,-0.000195614,12.6688,0.586648,0.0209108,-0.000195614,-0.000195614,-0.000195614,6048.29,0.852691,47410.8,-0.000195614,0,0,0
"2026-03-31 23:28:15",83186,"2026-03-31 22:32:10",1775017930,1.775018E+09,9.0765E+08,5012845,0,205.0388,202.139,24116.48,39.9155,55.0003,48.81,46.5993,0.00202438,13.0737,54.4998,-88.5,0.159228,24.0821,40.0079,47.2104,14.3901,13.0737,0.996174,12.99,1.02493,46.637,29581.8,15911.5,16000,5,4826.25,81819.2,91725.5,2.86052E-05,-0.000194504,12.6645,0.584908,0.0209153,-0.000194504,-0.000194504,-0.000194504,6048.29,0.852691,47412,-0.000194504,0,0,0
"2026-03-31 23:28:30",83187,"2026-03-31 22:32:25",1775017945,1.775018E+09,9.06909E+08,5012905,0,205.7847,202.2462,24108.66,39.9151,55.0003,48.8116,46.5991,0.0019977,13.0737,54.4998,-31.75,0.159228,24.0825,40.0079,47.21,14.3901,13.0737,0.996137,12.99,1.02493,46.637,29583.2,15968.2,16000,5,4840.25,81801.5,91721.5,2.71688E-05,-0.000196751,12.6604,0.585213,0.0209914,-0.000196751,-0.000196751,-0.000196751,6048.29,0.852691,47410.2,-0.000196751,0,0,0
"2026-03-31 23:28:45",83188,"2026-03-31 22:32:40",1775017960,1.775018E+09,9.061711E+08,5012965,0,204.794,202.5922,24103.1,39.9159,55.0003,48.8112,46.5991,0.0020543,13.0736,54.4992,-34.25,0.159228,24.0809,40.0079,47.21,14.3901,13.0736,0.996168,12.9901,1.02492,46.637,29582.5,15965.8,16000,5,4832,81817.2,91725.5,9.90794E-05,-0.000203683,12.6575,0.586225,0.0208904,-0.000203683,-0.000203683,-0.000203683,6048.29,0.852691,47411.8,-0.000203683,0,0,0
"2026-03-31 23:29:00",83189,"2026-03-31 22:32:55",1775017975,1.775018E+09,9.054289E+08,5013025,0,205.2065,202.3379,24095.1,39.9159,55.0003,48.8084,46.5991,0.00202801,13.0732,54.4998,38.25,0.159228,24.0817,40.0079,47.2114,14.3901,13.0732,0.996223,12.9902,1.02495,46.637,29581.8,16038.2,16000,5,4849,81835,91708.5,8.29183E-06,-0.0002111,12.6532,0.585484,0.0209324,-0.0002111,-0.0002111,-0.0002111,6048.29,0.852691,47411.2,-0.0002111,0,0,0
"2026-03-31 23:29:15",83190,"2026-03-31 22:33:10",1775017990,1.775018E+09,9.046869E+08,5013085,0,204.8407,202.4333,24087.32,39.9151,55.0003,48.8079,46.5989,0.00205145,13.0727,54.4998,196.25,0.159228,24.0817,40.0079,47.2095,14.3901,13.0727,0.99623,12.9905,1.02495,46.637,29580.5,16196.2,16000,5,4863.75,81818.5,91707.8,0.000132414,-0.000202275,12.6492,0.585764,0.0208951,-0.000202275,-0.000202275,-0.000202275,6048.29,0.852691,47411,-0.000202275,0,0,0
"2026-03-31 23:29:30",83191,"2026-03-31 22:33:25",1775018005,1.775018E+09,9.039481E+08,5013145,0,204.6246,201.5825,24079.43,39.9159,55.0003,48.81,46.5991,0.00202253,13.0735,54.4998,18,0.159228,24.0817,40.008,47.21,14.3901,13.0735,0.996185,12.9902,1.02489,46.637,29582,16018,16000,5,4830.5,81820,91707.2,9.11222E-05,-0.000199151,12.645,0.583297,0.0208731,-0.000199151,-0.000199151,-0.000199151,6048.29,0.852691,47413.2,-0.000199151,0,0,0
"2026-03-31 23:29:45",83192,"2026-03-31 22:33:40",1775018020,1.775018E+09,9.03208E+08,5013205,0,204.7172,202.0756,24072.69,39.9159,55.0003,48.8084,46.5991,0.00202017,13.0732,54.4998,26,0.159228,24.0821,40.008,47.2138,14.3901,13.0732,0.996173,12.9901,1.0249,46.637,29581.2,16026,16000,5,4844.75,81799.8,91705.5,6.58295E-05,-0.000189299,12.6415,0.584727,0.0208825,-0.000189299,-0.000189299,-0.000189299,6048.29,0.852691,47411.2,-0.000189299,0,0,0
"2026-03-31 23:30:00",83193,"2026-03-31 22:33:55",1775018035,1.775018E+09,9.02468E+08,5013265,0,204.2108,201.828,24064.61,39.9159,55.0003,48.8075,46.5991,0.00204713,13.0737,54.4998,5.5,0.159228,24.0817,40.008,47.2104,14.3901,13.0737,0.996188,12.9904,1.02494,46.637,29580.8,16005.5,16000,5,4864,81828,91697,0.000155857,-0.000194336,12.6372,0.584013,0.0208309,-0.000194336,-0.000194336,-0.000194336,6048.29,0.852691,47409.2,-0.000194336,0,0,0
"2026-03-31 23:30:15",83194,"2026-03-31 22:34:10",1775018050,1.775018E+09,9.017251E+08,5013325,0,204.696,202.5697,24058.08,39.9172,55.0003,48.8096,46.5991,0.0020528,13.0733,54.4998,89.5,0.159228,24.0821,40.008,47.21,14.3901,13.0733,0.99619,12.9903,1.0249,46.637,29582.2,16089.5,16000,5,4846,81814,91715.5,6.39676E-06,-0.000202417,12.6338,0.586161,0.0208804,-0.000202417,-0.000202417,-0.000202417,6048.29,0.852691,47412.8,-0.000202417,0,0,0
"2026-03-31 23:30:30",83195,"2026-03-31 22:34:25",1775018065,1.775018E+09,9.00995E+08,5013385,0,204.2186,201.9941,24049.98,39.9164,55.0003,48.8088,46.5993,0.00198479,13.0733,54.4998,0.25,0.159228,24.0817,40.008,47.2119,14.3901,13.0733,0.9962,12.9903,1.02492,46.637,29580.5,16000.2,16000,5,4850.25,81836.5,91718.8,1.72352E-05,-0.000200765,12.6296,0.584495,0.0208317,-0.000200765,-0.000200765,-0.000200765,6048.29,0.852691,47412.2,-0.000200765,0,0,0
"2026-03-31 23:30:45",83196,"2026-03-31 22:34:40",1775018080,1.775018E+09,9.002459E+08,5013445,0,204.9998,201.7699,24044.31,39.9164,55.0003,48.81,46.5993,0.00202672,13.0732,54.4998,154.75,0.159228,24.0817,40.008,47.2081,14.3901,13.0732,0.996184,12.9903,1.02496,46.637,29583.2,16154.8,16000,5,4836.25,81808.5,91719.5,-2.40244E-06,-0.000202029,12.6266,0.583838,0.0209113,-0.000202029,-0.000202029,-0.000202029,6048.29,0.852691,47410.2,-0.000202029,0,0,0
"2026-03-31 23:31:00",83197,"2026-03-31 22:34:55",1775018095,1.775018E+09,8.995071E+08,5013505,0,205.0874,201.5105,24035.68,39.9164,55.0003,48.8108,46.5991,0.00199624,13.0733,54.4998,50,0.159228,24.0817,40.008,47.2062,14.3901,13.0733,0.996204,12.9903,1.02491,46.637,29582,16050,16000,5,4855.5,81819.2,91705.5,-2.96485E-05,-0.000194606,12.622,0.583084,0.0209203,-0.000194606,-0.000194606,-0.000194606,6048.29,0.852691,47412.5,-0.000194606,0,0,0
"2026-03-31 23:31:15",83198,"2026-03-31 22:35:10",1775018110,1.775018E+09,8.987589E+08,5013565,0,204.2277,201.7131,24028.31,39.9159,55.0003,48.8096,46.5993,0.00199508,13.0728,54.4998,-34.25,0.159228,24.0817,40.008,47.21,14.3901,13.0728,0.996249,12.9905,1.02492,46.637,29582,15965.8,16000,5,4861.75,81816.5,91712,-1.62021E-06,-0.000197144,12.6182,0.583679,0.0208326,-0.000197144,-0.000197144,-0.000197144,6048.29,0.852691,47411.2,-0.000197144,0,0,0
"2026-03-31 23:31:30",83199,"2026-03-31 22:35:25",1775018125,1.775018E+09,8.980191E+08,5013625,0,204.0892,201.4635,24021.68,39.9164,55.0003,48.8075,46.5993,0.00199735,13.0739,54.4998,17,0.159228,24.0817,40.008,47.2081,14.3901,13.0739,0.996192,12.9901,1.02491,46.637,29581,16017,16000,5,4853.25,81812.2,91694.2,-2.0327E-05,-0.000186589,12.6147,0.582956,0.0208185,-0.000186589,-0.000186589,-0.000186589,6048.29,0.852691,47410.8,-0.000186589,0,0,0
"2026-03-31 23:31:45",83200,"2026-03-31 22:35:40",1775018140,1.775018E+09,8.97284E+08,5013685,0,204.0847,200.3479,24014.26,39.9168,55.0003,48.8108,46.5991,0.00199955,13.074,54.4996,-107.75,0.159228,24.0817,40.008,47.2081,14.3901,13.074,0.996233,12.9905,1.02492,46.637,29582.5,15892.2,16000,5,4843.5,81822.5,91689.2,7.54521E-06,-0.00019445,12.6108,0.57972,0.020818,-0.00019445,-0.00019445,-0.00019445,6048.29,0.852691,47409.2,-0.00019445,0,0,0
"2026-03-31 23:32:00",83201,"2026-03-31 22:35:55",1775018155,1.775018E+09,8.965389E+08,5013745,0,204.2549,201.6191,24008.46,39.9172,55.0003,48.8075,46.5991,0.00200795,13.0734,54.4998,55.5,0.159228,24.0817,40.008,47.2104,14.3901,13.0734,0.996226,12.9907,1.02492,46.637,29581,16055.5,16000,5,4864.5,81825.5,91706.2,7.54038E-05,-0.000201197,12.6078,0.583407,0.0208354,-0.000201197,-0.000201197,-0.000201197,6048.29,0.852691,47413,-0.000201197,0,0,0
"2026-03-31 23:32:15",83202,"2026-03-31 22:36:10",1775018170,1.775018E+09,8.95796E+08,5013805,0,203.4281,201.3063,24001.54,39.9172,55.0003,48.8067,46.5991,0.0020119,13.0735,54.4998,152.5,0.159228,24.0821,40.008,47.2085,14.3901,13.0735,0.996102,12.9904,1.02496,46.637,29580.8,16152.5,16000,5,4831.25,81803.2,91703.5,-3.45529E-05,-0.000198334,12.6041,0.582506,0.0207511,-0.000198334,-0.000198334,-0.000198334,6048.29,0.852691,47411.2,-0.000198334,0,0,0
"2026-03-31 23:32:30",83203,"2026-03-31 22:36:25",1775018185,1.775018E+09,8.950579E+08,5013865,0,204.0679,201.5726,23995.74,39.9155,55.0003,48.81,46.5991,0.00204917,13.0729,54.4998,124.25,0.159228,24.0817,40.008,47.2081,14.3901,13.0729,0.996146,12.9901,1.0249,46.637,29582.5,16124.2,16000,5,4842.5,81798,91690.5,6.40701E-05,-0.000203926,12.6011,0.583273,0.0208163,-0.000203926,-0.000203926,-0.000203926,6048.29,0.852691,47412.5,-0.000203926,0,0,0
"2026-03-31 23:32:45",83204,"2026-03-31 22:36:40",1775018200,1.775018E+09,8.94315E+08,5013925,0,203.6939,201.0106,23983.75,39.9159,55.0003,48.8079,46.5994,0.00197876,13.0736,54.4998,17.5,0.159228,24.0817,40.008,47.2076,14.3901,13.0736,0.996172,12.9902,1.02498,46.637,29580.8,16017.5,16000,5,4824.75,81809,91703.2,-8.01869E-06,-0.000211282,12.5948,0.581646,0.0207782,-0.000211282,-0.000211282,-0.000211282,6048.29,0.852691,47409.5,-0.000211282,0,0,0
"2026-03-31 23:33:00",83205,"2026-03-31 22:36:55",1775018215,1.775018E+09,8.93583E+08,5013985,0,203.8956,201.5201,23978.27,39.9164,55.0003,48.8096,46.5993,0.0019917,13.0732,54.4998,-5.5,0.159228,24.0825,40.008,47.2062,14.3901,13.0732,0.996158,12.9907,1.02493,46.637,29581.8,15994.5,16000,5,4835.25,81786,91690.2,4.35663E-05,-0.000190449,12.5919,0.583122,0.0207987,-0.000190449,-0.000190449,-0.000190449,6048.29,0.843402,47413,-0.000190449,0,0,0
"2026-03-31 23:33:15",83206,"2026-03-31 22:37:10",1775018230,1.775018E+09,8.928361E+08,5014045,0,204.3005,201.0781,23973.29,39.9155,55.0003,48.8088,46.5991,0.00202337,13.0736,54.4998,58.5,0.159228,24.0817,40.0081,47.2081,14.3901,13.0736,0.996201,12.9907,1.02491,46.637,29581.2,16058.5,16000,5,4842.25,81806.2,91698.8,6.17353E-05,-0.000195064,12.5893,0.581837,0.02084,-0.000195064,-0.000195064,-0.000195064,6048.29,0.852444,47412.8,-0.000195064,0,0,0
"2026-03-31 23:33:30",83207,"2026-03-31 22:37:25",1775018245,1.775018E+09,8.920939E+08,5014105,0,203.6421,201.1652,23965.27,39.9168,55.0003,48.8084,46.5991,0.00198241,13.0732,54.4998,25.5,0.159228,24.0817,40.0081,47.2043,14.3901,13.0732,0.996166,12.9903,1.02494,46.637,29581,16025.5,16000,5,4835.25,81819,91720,-5.38837E-05,-0.000197586,12.5851,0.582095,0.0207729,-0.000197586,-0.000197586,-0.000197586,6048.29,0.852444,47411,-0.000197586,0,0,0
"2026-03-31 23:33:45",83208,"2026-03-31 22:37:40",1775018260,1.775018E+09,8.913529E+08,5014165,0,203.3627,200.8657,23960.85,39.9164,55.0003,48.8067,46.5991,0.00202922,13.0737,54.4998,-30,0.159228,24.0821,40.0081,47.2062,14.3901,13.0737,0.996213,12.9904,1.02496,46.637,29580.8,15970,16000,5,4845,81809,91703.2,9.05769E-06,-0.000189844,12.5828,0.581228,0.0207444,-0.000189844,-0.000189844,-0.000189844,6048.29,0.852444,47412.2,-0.000189844,0,0,0
"2026-03-31 23:34:00",83209,"2026-03-31 22:37:55",1775018275,1.775018E+09,8.906209E+08,5014225,0,203.3293,201.2051,23954.23,39.9168,55.0003,48.8084,46.5991,0.00206408,13.0737,54.4998,20.75,0.159228,24.0825,40.0082,47.2024,14.3901,13.0737,0.996185,12.9906,1.02498,46.637,29580.8,16020.8,16000,5,4821,81808.8,91706,-3.89876E-05,-0.000192112,12.5793,0.582213,0.020741,-0.000192112,-0.000192112,-0.000192112,6048.29,0.852444,47412.2,-0.000192112,0,0,0
"2026-03-31 23:34:15",83210,"2026-03-31 22:38:10",1775018290,1.775018E+09,8.89874E+08,5014285,0,203.9832,200.7383,23945.75,39.9164,55.0003,48.8075,46.5991,0.00202297,13.0731,54.4998,39.25,0.159228,24.0821,40.0082,47.2024,14.3901,13.0731,0.99616,12.9905,1.02498,46.637,29580.8,16039.2,16000,5,4868.5,81823,91700.5,-6.84985E-05,-0.000188816,12.5748,0.580853,0.0208077,-0.000188816,-0.000188816,-0.000188816,6048.29,0.852444,47411.5,-0.000188816,0,0,0
"2026-03-31 23:34:30",83211,"2026-03-31 22:38:25",1775018305,1.775018E+09,8.89143E+08,5014345,0,203.5612,200.5326,23938.27,39.9168,55.0003,48.8112,46.5991,0.00199972,13.0733,54.4998,-77.75,0.159228,24.0821,40.0082,47.2043,14.3901,13.0733,0.996187,12.9905,1.02493,46.637,29582.5,15922.2,16000,5,4865.75,81821.5,91693.8,-0.000106399,-0.000189406,12.5709,0.58026,0.0207647,-0.000189406,-0.000189406,-0.000189406,6048.29,0.852444,47410.2,-0.000189406,0,0,0
"2026-03-31 23:34:45",83212,"2026-03-31 22:38:40",1775018320,1.775018E+09,8.883901E+08,5014405,0,202.6256,200.4389,23933.01,39.9159,55.0003,48.8067,46.5993,0.00201877,13.0737,54.4998,118,0.159228,24.0817,40.0082,47.1986,14.3901,13.0737,0.996289,12.9907,1.025,46.637,29580.5,16118,16000,5,4854.5,81844.2,91711,-1.77326E-05,-0.000199067,12.5682,0.579996,0.0206693,-0.000199067,-0.000199067,-0.000199067,6048.29,0.852444,47409.5,-0.000199067,0,0,0
"2026-03-31 23:35:00",83213,"2026-03-31 22:38:55",1775018335,1.775018E+09,8.8765E+08,5014465,0,203.0235,199.9785,23923.32,39.9168,55.0003,48.81,46.5991,0.00199387,13.0735,54.4998,-11.5,0.159228,24.0817,40.0082,47.199,14.3901,13.0735,0.996183,12.9908,1.02497,46.637,29582,15988.5,16000,5,4838,81804,91722.5,-3.82112E-05,-0.000187935,12.5631,0.578657,0.0207098,-0.000187935,-0.000187935,-0.000187935,6048.29,0.852444,47410.8,-0.000187935,0,0,0
"2026-03-31 23:35:15",83214,"2026-03-31 22:39:10",1775018350,1.775018E+09,8.86914E+08,5014525,0,202.3288,200.2149,23918.15,39.9168,55.0005,48.8071,46.5993,0.00201191,13.0732,54.4998,-13.75,0.159228,24.0817,40.0082,47.1952,14.3901,13.0732,0.996232,12.9906,1.02498,46.637,29580.2,15986.2,16000,5,4857.25,81831.8,91690,-5.80212E-05,-0.000179997,12.5604,0.579349,0.020639,-0.000179997,-0.000179997,-0.000179997,6048.29,0.852444,47411.2,-0.000179997,0,0,0
"2026-03-31 23:35:30",83215,"2026-03-31 22:39:25",1775018365,1.775018E+09,8.861761E+08,5014585,0,203.1015,200.7553,23911.62,39.9168,55.0003,48.8071,46.5991,0.00201514,13.0731,54.4998,105.5,0.159228,24.0813,40.0082,47.2,14.3901,13.0731,0.996195,12.9906,1.02498,46.637,29580.8,16105.5,16000,5,4850,81821.5,91707.5,-1.69913E-05,-0.000185599,12.5569,0.58091,0.0207178,-0.000185599,-0.000185599,-0.000185599,6048.29,0.852197,47410.2,-0.000185599,0,0,0
"2026-03-31 23:35:45",83216,"2026-03-31 22:39:40",1775018380,1.775018E+09,8.854289E+08,5014645,0,202.1007,199.3929,23904.75,39.9164,55.0003,48.8096,46.5993,0.00202209,13.0736,54.4998,-68.25,0.159228,24.0817,40.0082,47.199,14.3901,13.0736,0.996177,12.9906,1.02492,46.637,29581.8,15931.8,16000,5,4837.5,81794,91700.5,-2.51587E-05,-0.000195555,12.5533,0.576966,0.0206157,-0.000195555,-0.000195555,-0.000195555,6048.29,0.852197,47412,-0.000195555,0,0,0
"2026-03-31 23:36:00",83217,"2026-03-31 22:39:55",1775018395,1.775018E+09,8.84691E+08,5014705,0,202.6155,199.7032,23898.72,39.9168,55.0003,48.8079,46.5993,0.00201479,13.0734,54.4998,6,0.159228,24.0817,40.0082,47.1967,14.3901,13.0734,0.996194,12.9909,1.02499,46.637,29581,16006,16000,5,4855.25,81818,91704.8,-7.62589E-05,-0.000183205,12.5502,0.577862,0.0206682,-0.000183205,-0.000183205,-0.000183205,6048.29,0.852197,47409.8,-0.000183205,0,0,0
"2026-03-31 23:36:15",83218,"2026-03-31 22:40:10",1775018410,1.775018E+09,8.839459E+08,5014765,0,202.7821,199.6774,23889.52,39.9159,55.0003,48.8084,46.5993,0.00199078,13.0732,54.4996,-50.75,0.159228,24.0821,40.0082,47.1948,14.3901,13.0732,0.996294,12.9908,1.02501,46.637,29581.5,15949.2,16000,5,4849.25,81834,91727.2,-3.43216E-05,-0.000204828,12.5453,0.577786,0.0206852,-0.000204828,-0.000204828,-0.000204828,6048.29,0.852197,47410,-0.000204828,0,0,0
"2026-03-31 23:36:30",83219,"2026-03-31 22:40:25",1775018425,1.775018E+09,8.83209E+08,5014825,0,202.9005,199.3635,23883.49,39.9164,55.0003,48.8088,46.5993,0.00199306,13.0742,54.4996,40.25,0.159228,24.0821,40.0082,47.1929,14.3901,13.0742,0.996202,12.9907,1.02496,46.637,29581.5,16040.2,16000,5,4859.25,81804,91693,2.70574E-05,-0.000189723,12.5422,0.576874,0.0206973,-0.000189723,-0.000189723,-0.000189723,6048.29,0.852197,47410.2,-0.000189723,0,0,0
"2026-03-31 23:36:45",83220,"2026-03-31 22:40:40",1775018440,1.775018E+09,8.82468E+08,5014885,0,202.1863,199.3913,23879.02,39.9159,55.0003,48.8092,46.5991,0.00200513,13.0739,54.4998,-63.75,0.159228,24.0817,40.0082,47.1943,14.3901,13.0739,0.996182,12.9907,1.02496,46.637,29581.8,15936.2,16000,5,4853.5,81814.2,91691,-7.0519E-05,-0.000184326,12.5398,0.576961,0.0206245,-0.000184326,-0.000184326,-0.000184326,6048.29,0.852197,47410.2,-0.000184326,0,0,0
"2026-03-31 23:37:00",83221,"2026-03-31 22:40:55",1775018455,1.775018E+09,8.81731E+08,5014945,0,202.1452,200.1593,23870.68,39.9155,55.0003,48.8088,46.5993,0.0020102,13.0733,54.4998,-36.25,0.159228,24.0813,40.0082,47.1872,14.3901,13.0733,0.996191,12.9907,1.02496,46.637,29581.2,15963.8,16000,5,4851.5,81803.2,91691,-2.73942E-05,-0.000195988,12.5354,0.57919,0.0206203,-0.000195988,-0.000195988,-0.000195988,6048.29,0.852197,47411,-0.000195988,0,0,0
"2026-03-31 23:37:15",83222,"2026-03-31 22:41:10",1775018470,1.775018E+09,8.80981E+08,5015005,0,202.7308,199.0996,23862.15,39.9159,55.0003,48.8079,46.5993,0.00198966,13.0738,54.4998,-28.75,0.159228,24.0817,40.0082,47.1877,14.3901,13.0738,0.996207,12.9907,1.02498,46.637,29581,15971.2,16000,5,4850.5,81812,91721.2,-6.80395E-05,-0.000212804,12.5309,0.57611,0.02068,-0.000212804,-0.000212804,-0.000212804,6048.29,0.852197,47410,-0.000212804,0,0,0
"2026-03-31 23:37:30",83223,"2026-03-31 22:41:25",1775018485,1.775018E+09,8.80245E+08,5015065,0,202.7243,199.8727,23859.15,39.9155,55.0003,48.8071,46.5993,0.00201652,13.0731,54.4998,112.75,0.159228,24.0817,40.0082,47.191,14.3901,13.0731,0.996186,12.9908,1.02496,46.637,29580.2,16112.8,16000,5,4847.5,81820.8,91707.5,7.71086E-05,-0.000198254,12.5294,0.578353,0.0206793,-0.000198254,-0.000198254,-0.000198254,6048.29,0.852197,47410.5,-0.000198254,0,0,0
"2026-03-31 23:37:45",83224,"2026-03-31 22:41:40",1775018500,1.775018E+09,8.79514E+08,5015125,0,201.9338,199.0712,23850.97,39.9155,55.0003,48.8075,46.5991,0.00201656,13.0738,54.4998,-67,0.159228,24.0813,40.0082,47.191,14.3901,13.0738,0.996195,12.991,1.02495,46.637,29580.8,15933,16000,5,4858.75,81809,91712,3.38053E-05,-0.000189573,12.5251,0.576034,0.0205987,-0.000189573,-0.000189573,-0.000189573,6048.29,0.852197,47412.2,-0.000189573,0,0,0
"2026-03-31 23:38:00",83225,"2026-03-31 22:41:55",1775018515,1.775018E+09,8.787601E+08,5015185,0,202.0691,199.4819,23844.65,39.9172,55.0003,48.8067,46.5993,0.00203718,13.0738,54.4994,-16.75,0.159228,24.0817,40.0082,47.1872,14.3901,13.0738,0.996224,12.991,1.02496,46.637,29580,15983.2,16000,5,4850.75,81821,91709,3.69288E-06,-0.000195998,12.5218,0.577225,0.0206125,-0.000195998,-0.000195998,-0.000195998,6048.29,0.852197,47409.5,-0.000195998,0,0,0
"2026-03-31 23:38:15",83226,"2026-03-31 22:42:10",1775018530,1.775018E+09,8.7802E+08,5015245,0,202.0607,198.9817,23835.21,39.9168,55.0003,48.8079,46.5991,0.00200542,13.0738,54.4998,-99.75,0.159228,24.0817,40.0082,47.1872,14.3901,13.0738,0.996183,12.9909,1.02498,46.637,29580.5,15900.2,16000,5,4871.25,81813,91704.5,-1.47847E-06,-0.00018882,12.5168,0.575774,0.0206117,-0.00018882,-0.00018882,-0.00018882,6048.29,0.852197,47412.5,-0.00018882,0,0,0
"2026-03-31 23:38:30",83227,"2026-03-31 22:42:25",1775018545,1.775018E+09,8.7728E+08,5015305,0,201.6248,198.9125,23829.04,39.9164,55.0003,48.8092,46.5993,0.00197219,13.0732,54.4998,-105.5,0.159228,24.0817,40.0082,47.1872,14.3901,13.0732,0.996163,12.9907,1.02497,46.637,29581.2,15894.5,16000,5,4852.25,81781.5,91697.2,1.82135E-05,-0.000195356,12.5136,0.575577,0.0205672,-0.000195356,-0.000195356,-0.000195356,6048.29,0.852197,47412,-0.000195356,0,0,0
"2026-03-31 23:38:45",83228,"2026-03-31 22:42:40",1775018560,1.775018E+09,8.765421E+08,5015365,0,201.4821,198.6946,23823.39,39.9159,55.0003,48.8055,46.5991,0.00195688,13.0732,54.4998,-30.75,0.159228,24.0821,40.0082,47.1834,14.3901,13.0732,0.996178,12.9903,1.02497,46.637,29579,15969.2,16000,5,4864.5,81822,91695,2.15805E-05,-0.000192123,12.5106,0.574946,0.0205526,-0.000192123,-0.000192123,-0.000192123,6048.29,0.852197,47412.2,-0.000192123,0,0,0
"2026-03-31 23:39:00",83229,"2026-03-31 22:42:55",1775018575,1.775019E+09,8.758049E+08,5015425,0,202.2886,199.2159,23817.86,39.9151,55.0003,48.8104,46.5991,0.00201687,13.074,54.4998,15,0.159228,24.0817,40.0082,47.1853,14.3901,13.074,0.996152,12.9907,1.02494,46.637,29582.5,16015,16000,5,4851.25,81805.5,91686,-8.39876E-05,-0.00019328,12.5077,0.576451,0.0206349,-0.00019328,-0.00019328,-0.00019328,6048.29,0.852197,47412.8,-0.00019328,0,0,0
"2026-03-31 23:39:15",83230,"2026-03-31 22:43:10",1775018590,1.775019E+09,8.750589E+08,5015485,0,201.9871,198.5528,23809.91,39.9159,55.0003,48.8059,46.5994,0.0020005,13.0736,54.4998,-2.75,0.159228,24.0813,40.0082,47.1758,14.3901,13.0736,0.99616,12.9907,1.02498,46.637,29580.5,15997.2,16000,5,4830.5,81816.2,91704,2.64411E-05,-0.000184415,12.5035,0.57453,0.0206041,-0.000184415,-0.000184415,-0.000184415,6048.29,0.852197,47411.8,-0.000184415,0,0,0
"2026-03-31 23:39:30",83231,"2026-03-31 22:43:25",1775018605,1.775019E+09,8.74315E+08,5015545,0,200.8427,198.5641,23803.5,39.9164,55.0003,48.8075,46.5991,0.0020222,13.0735,54.4998,19,0.159228,24.0817,40.0082,47.1777,14.3901,13.0735,0.996181,12.9907,1.02497,46.637,29580.8,16019,16000,5,4841.75,81816.2,91705.2,2.2899E-05,-0.000196326,12.5002,0.574572,0.0204875,-0.000196326,-0.000196326,-0.000196326,6048.29,0.852197,47412,-0.000196326,0,0,0
"2026-03-31 23:39:45",83232,"2026-03-31 22:43:40",1775018620,1.775019E+09,8.73575E+08,5015605,0,201.6036,198.1654,23796.44,39.9159,55.0003,48.8079,46.5991,0.00203098,13.0736,54.4998,28.25,0.159228,24.0817,40.0082,47.1777,14.3901,13.0736,0.996231,12.9908,1.02495,46.637,29581,16028.2,16000,5,4854,81808.5,91708.8,9.0399E-06,-0.000189671,12.4965,0.573409,0.020565,-0.000189671,-0.000189671,-0.000189671,6048.29,0.852197,47413.2,-0.000189671,0,0,0
"2026-03-31 23:40:00",83233,"2026-03-31 22:43:55",1775018635,1.775019E+09,8.72843E+08,5015665,0,201.5198,198.1711,23790.03,39.9159,55.0003,48.8067,46.5993,0.00197132,13.0737,54.4998,17.5,0.159228,24.0817,40.0082,47.1763,14.3901,13.0737,0.996143,12.9907,1.02489,46.637,29579.8,16017.5,16000,5,4837,81807.2,91709.8,1.61943E-06,-0.00019086,12.4931,0.573427,0.0205565,-0.00019086,-0.00019086,-0.00019086,6048.29,0.852197,47413,-0.00019086,0,0,0
"2026-03-31 23:40:15",83234,"2026-03-31 22:44:10",1775018650,1.775019E+09,8.72097E+08,5015725,0,201.0813,197.629,23783.88,39.9159,55.0003,48.8071,46.5991,0.0019923,13.0738,54.4998,-12.75,0.159228,24.0817,40.0082,47.1758,14.3901,13.0738,0.996164,12.9907,1.02497,46.637,29580.5,15987.2,16000,5,4843.5,81806.2,91695.8,1.74618E-05,-0.000187995,12.4899,0.571857,0.0205118,-0.000187995,-0.000187995,-0.000187995,6048.29,0.852197,47413.5,-0.000187995,0,0,0
"2026-03-31 23:40:30",83235,"2026-03-31 22:44:25",1775018665,1.775019E+09,8.713541E+08,5015785,0,201.5958,198.1582,23775.23,39.9164,55.0003,48.8088,46.5994,0.00197068,13.0736,54.4998,-2.25,0.159228,24.0817,40.0082,47.1758,14.3901,13.0736,0.996222,12.9909,1.02496,46.637,29581.5,15997.8,16000,5,4838,81801,91694.5,-3.86131E-05,-0.000187785,12.4853,0.573388,0.0205642,-0.000187785,-0.000187785,-0.000187785,6048.29,0.852197,47411.5,-0.000187785,0,0,0
"2026-03-31 23:40:45",83236,"2026-03-31 22:44:40",1775018680,1.775019E+09,8.706141E+08,5015845,0,201.689,197.794,23769.32,39.9159,55.0003,48.8059,46.5991,0.00203982,13.0737,54.4998,40.25,0.159228,24.0821,40.0082,47.1744,14.3901,13.0737,0.996127,12.9911,1.02491,46.637,29579.8,16040.2,16000,5,4820.25,81796.5,91705.5,5.06408E-05,-0.000190346,12.4822,0.572331,0.0205737,-0.000190346,-0.000190346,-0.000190346,6048.29,0.852197,47414.5,-0.000190346,0,0,0
"2026-03-31 23:41:00",83237,"2026-03-31 22:44:55",1775018695,1.775019E+09,8.698759E+08,5015905,0,200.8583,197.9219,23761.44,39.9159,55.0003,48.8084,46.5994,0.00200706,13.0735,54.4998,-0.75,0.159228,24.0817,40.0082,47.1701,14.3901,13.0735,0.996185,12.9908,1.02499,46.637,29581.8,15999.2,16000,5,4828,81809.2,91709.5,1.54561E-05,-0.000202308,12.4781,0.572709,0.020489,-0.000202308,-0.000202308,-0.000202308,6048.29,0.852197,47411.8,-0.000202308,0,0,0
"2026-03-31 23:41:15",83238,"2026-03-31 22:45:10",1775018710,1.775019E+09,8.69132E+08,5015965,0,201.4656,198.0692,23755.14,39.9159,55.0003,48.81,46.5994,0.00196952,13.0742,54.4998,-103,0.159228,24.0817,40.0082,47.1682,14.3901,13.0742,0.996177,12.9912,1.02494,46.637,29582,15897,16000,5,4852,81795.8,91684.2,8.24138E-05,-0.000192504,12.4748,0.573131,0.020551,-0.000192504,-0.000192504,-0.000192504,6048.29,0.852197,47411,-0.000192504,0,0,0
"2026-03-31 23:41:30",83239,"2026-03-31 22:45:25",1775018725,1.775019E+09,8.68396E+08,5016025,0,200.5089,197.5226,23747.93,39.9155,55.0003,48.8096,46.5994,0.00202984,13.0732,54.4998,77.25,0.159228,24.0813,40.0082,47.1649,14.3901,13.0732,0.996167,12.9904,1.02495,46.637,29582,16077.2,16000,5,4868.25,81808.2,91708.2,7.09703E-05,-0.000186601,12.471,0.571554,0.0204534,-0.000186601,-0.000186601,-0.000186601,6048.29,0.852197,47412.5,-0.000186601,0,0,0
"2026-03-31 23:41:45",83240,"2026-03-31 22:45:40",1775018740,1.775019E+09,8.676529E+08,5016085,0,200.8734,197.8683,23741.22,39.9164,55.0003,48.8084,46.5994,0.00196834,13.0735,54.4994,-59.75,0.159228,24.0832,40.0082,47.1606,14.3901,13.0735,0.996141,12.9912,1.02497,46.637,29580.8,15940.2,16000,5,4845.5,81811.5,91691.5,2.04743E-05,-0.000191738,12.4675,0.572553,0.0204906,-0.000191738,-0.000191738,-0.000191738,6048.29,0.852197,47412.8,-0.000191738,0,0,0
"2026-03-31 23:42:00",83241,"2026-03-31 22:45:55",1775018755,1.775019E+09,8.6691E+08,5016145,0,201.069,197.4102,23733.43,39.9155,55.0003,48.8104,46.5991,0.0019577,13.0737,54.4998,-73.75,0.159228,24.0821,40.0083,47.1587,14.3901,13.0737,0.996147,12.991,1.02494,46.637,29582.2,15926.2,16000,5,4842.25,81800.2,91671.2,2.68509E-05,-0.000187808,12.4634,0.571223,0.0205105,-0.000187808,-0.000187808,-0.000187808,6048.29,0.852197,47412.5,-0.000187808,0,0,0
"2026-03-31 23:42:15",83242,"2026-03-31 22:46:10",1775018770,1.775019E+09,8.661699E+08,5016205,0,201.1471,197.5915,23727.44,39.9168,55.0003,48.8075,46.5993,0.0019968,13.0736,54.4998,-22.75,0.159228,24.0817,40.0083,47.1587,14.3901,13.0736,0.99619,12.9909,1.02494,46.637,29581.2,15977.2,16000,5,4844.5,81803.5,91701.8,-2.49229E-05,-0.000199732,12.4602,0.571748,0.0205185,-0.000199732,-0.000199732,-0.000199732,6048.29,0.852197,47411.8,-0.000199732,0,0,0
"2026-03-31 23:42:30",83243,"2026-03-31 22:46:25",1775018785,1.775019E+09,8.65432E+08,5016265,0,201.2876,197.2244,23720.09,39.9164,55.0003,48.8084,46.5994,0.00196215,13.0733,54.4998,-34.25,0.159228,24.0817,40.0083,47.1549,14.3901,13.0733,0.996176,12.9909,1.02491,46.637,29581,15965.8,16000,5,4883.5,81809,91696.8,1.42936E-05,-0.000204603,12.4564,0.570682,0.0205328,-0.000204603,-0.000204603,-0.000204603,6048.29,0.852197,47411.5,-0.000204603,0,0,0
"2026-03-31 23:42:45",83244,"2026-03-31 22:46:40",1775018800,1.775019E+09,8.646929E+08,5016325,0,200.2585,197.4596,23712.66,39.9168,55.0003,48.8088,46.5994,0.00201661,13.0734,54.4998,72,0.159228,24.0817,40.0083,47.154,14.3901,13.0734,0.996153,12.9912,1.02498,46.637,29581.5,16072,16000,5,4862.75,81816,91693.2,-1.19092E-05,-0.000191267,12.4525,0.571373,0.0204279,-0.000191267,-0.000191267,-0.000191267,6048.29,0.852197,47409.8,-0.000191267,0,0,0
"2026-03-31 23:43:00",83245,"2026-03-31 22:46:55",1775018815,1.775019E+09,8.639569E+08,5016385,0,199.8908,197.4095,23706.61,39.9164,55.0003,48.81,46.5993,0.00197843,13.0735,54.4996,-86.75,0.159228,24.0809,40.0084,47.153,14.3901,13.0735,0.996162,12.9911,1.02493,46.637,29582.2,15913.2,16000,5,4858,81807.2,91696.5,1.56457E-05,-0.000188819,12.4493,0.571231,0.0203904,-0.000188819,-0.000188819,-0.000188819,6048.29,0.852197,47411.5,-0.000188819,0,0,0
"2026-03-31 23:43:15",83246,"2026-03-31 22:47:10",1775018830,1.775019E+09,8.632081E+08,5016445,0,201.134,196.8064,23698.59,39.9159,55.0003,48.81,46.5993,0.00196351,13.0746,54.4998,57,0.159228,24.0821,40.0084,47.1492,14.3901,13.0746,0.996159,12.9909,1.02495,46.637,29582.5,16057,16000,5,4871,81804,91699.8,1.64791E-05,-0.000204832,12.4451,0.56947,0.0205172,-0.000204832,-0.000204832,-0.000204832,6048.29,0.852197,47410.5,-0.000204832,0,0,0
"2026-03-31 23:43:30",83247,"2026-03-31 22:47:25",1775018845,1.775019E+09,8.624671E+08,5016505,0,200.2915,196.8238,23693.36,39.9164,55.0003,48.81,46.5993,0.00197564,13.0744,54.4996,-6.25,0.159228,24.0813,40.0084,47.1464,14.3901,13.0744,0.996225,12.9912,1.02493,46.637,29582.2,15993.8,16000,5,4854.5,81810.2,91690.5,4.78685E-05,-0.000204817,12.4423,0.569528,0.0204313,-0.000204817,-0.000204817,-0.000204817,6048.29,0.852197,47410.8,-0.000204817,0,0,0
"2026-03-31 23:43:45",83248,"2026-03-31 22:47:40",1775018860,1.775019E+09,8.61726E+08,5016565,0,200.2756,196.7301,23687.28,39.9164,55.0003,48.8075,46.5994,0.00200788,13.0732,54.4996,61.5,0.159228,24.0813,40.0084,47.1464,14.3901,13.0732,0.996134,12.991,1.02495,46.637,29580.8,16061.5,16000,5,4869,81815,91700,3.62375E-05,-0.000195508,12.4392,0.569256,0.0204296,-0.000195508,-0.000195508,-0.000195508,6048.29,0.852197,47411.5,-0.000195508,0,0,0
"2026-03-31 23:44:00",83249,"2026-03-31 22:47:55",1775018875,1.775019E+09,8.60986E+08,5016625,0,200.3454,196.5619,23677,39.9164,55.0003,48.8075,46.5991,0.00196316,13.0741,54.4998,-63.75,0.159228,24.0836,40.0084,47.1488,14.3901,13.0741,0.996136,12.991,1.02495,46.637,29580.2,15936.2,16000,5,4846.25,81804.2,91684.8,1.30277E-05,-0.000201355,12.4338,0.568768,0.0204367,-0.000201355,-0.000201355,-0.000201355,6048.29,0.852197,47413.5,-0.000201355,0,0,0
"2026-03-31 23:44:15",83250,"2026-03-31 22:48:10",1775018890,1.775019E+09,8.60245E+08,5016685,0,200.4343,197.1594,23671.62,39.9164,55.0003,48.8067,46.5993,0.00200612,13.0732,54.4998,102.75,0.159228,24.0817,40.0084,47.1469,14.3901,13.0732,0.996177,12.9911,1.02499,46.637,29580.8,16102.8,16000,5,4848.5,81806.5,91693,4.11497E-05,-0.000198056,12.4309,0.570501,0.0204458,-0.000198056,-0.000198056,-0.000198056,6048.29,0.852197,47409.5,-0.000198056,0,0,0
"2026-03-31 23:44:30",83251,"2026-03-31 22:48:25",1775018905,1.775019E+09,8.59508E+08,5016745,0,200.0333,196.7414,23663.77,39.9168,55.0003,48.8088,46.5993,0.00198877,13.0735,54.4998,-3.75,0.159228,24.0817,40.0084,47.1436,14.3901,13.0735,0.996231,12.9913,1.02496,46.637,29581,15996.2,16000,5,4873.25,81810,91670.8,4.3568E-05,-0.000195533,12.4268,0.569291,0.0204049,-0.000195533,-0.000195533,-0.000195533,6048.29,0.852197,47410.2,-0.000195533,0,0,0
"2026-03-31 23:44:45",83252,"2026-03-31 22:48:40",1775018920,1.775019E+09,8.58768E+08,5016805,0,200.2283,196.852,23657.61,39.9172,55.0003,48.8084,46.5994,0.00199132,13.0738,54.4998,42.25,0.159228,24.0817,40.0084,47.1436,14.3901,13.0738,0.996156,12.9911,1.02492,46.637,29581,16042.2,16000,5,4849.25,81800.2,91698.5,6.50664E-05,-0.000195943,12.4236,0.56961,0.0204248,-0.000195943,-0.000195943,-0.000195943,6048.29,0.852197,47412,-0.000195943,0,0,0
"2026-03-31 23:45:00",83253,"2026-03-31 22:48:55",1775018935,1.775019E+09,8.580229E+08,5016865,0,199.9395,196.6116,23652.13,39.9168,55.0003,48.8042,46.5994,0.00200176,13.0741,54.4996,-18.25,0.159228,24.0817,40.0084,47.1379,14.3901,13.0741,0.996075,12.9911,1.02491,46.637,29578.2,15981.8,16000,5,4816,81778.2,91679.5,7.55078E-05,-0.000178754,12.4207,0.568915,0.0203954,-0.000178754,-0.000178754,-0.000178754,6048.29,0.852197,47412.2,-0.000178754,0,0,0
"2026-03-31 23:45:15",83254,"2026-03-31 22:49:10",1775018950,1.775019E+09,8.572831E+08,5016925,0,200.1491,196.0025,23643.65,39.9168,55.0003,48.8067,46.5993,0.00197917,13.0734,54.4998,13.75,0.159228,24.0821,40.0084,47.1341,14.3901,13.0734,0.996187,12.9913,1.02497,46.637,29580,16013.8,16000,5,4851,81814.2,91700.8,4.35249E-05,-0.000191069,12.4162,0.567147,0.0204167,-0.000191069,-0.000191069,-0.000191069,6048.29,0.852197,47410.5,-0.000191069,0,0,0
"2026-03-31 23:45:30",83255,"2026-03-31 22:49:25",1775018965,1.775019E+09,8.56544E+08,5016985,0,200.4845,196.6508,23637.39,39.9168,55.0003,48.8055,46.5994,0.00200872,13.0738,54.4996,106.25,0.159228,24.0821,40.0084,47.1322,14.3901,13.0738,0.996165,12.9914,1.02499,46.637,29580,16106.2,16000,5,4869.75,81795.5,91679.2,0.000106189,-0.000192176,12.413,0.569025,0.0204509,-0.000192176,-0.000192176,-0.000192176,6048.29,0.852197,47411.5,-0.000192176,0,0,0
"2026-03-31 23:45:45",83256,"2026-03-31 22:49:40",1775018980,1.775019E+09,8.55799E+08,5017045,0,199.5968,196.6509,23631.36,39.9159,55.0003,48.8067,46.5994,0.00196396,13.0743,54.4994,19.25,0.159228,24.0809,40.0084,47.1279,14.3901,13.0743,0.996163,12.9909,1.02495,46.637,29580.2,16019.2,16000,5,4851,81798.2,91687.8,-2.75058E-06,-0.0001904,12.4098,0.569033,0.0203604,-0.0001904,-0.0001904,-0.0001904,6048.29,0.852197,47411.8,-0.0001904,0,0,0
"2026-03-31 23:46:00",83257,"2026-03-31 22:49:55",1775018995,1.775019E+09,8.55062E+08,5017105,0,199.2676,195.5376,23623.34,39.9172,55.0003,48.8088,46.5994,0.00197592,13.0738,54.4998,-13.25,0.159228,24.0813,40.0084,47.1284,14.3901,13.0738,0.996103,12.9911,1.02493,46.637,29581,15986.8,16000,5,4859,81801.2,91678.8,9.53876E-05,-0.000186171,12.4056,0.565805,0.0203268,-0.000186171,-0.000186171,-0.000186171,6048.29,0.864586,47411.8,-0.000186171,0,0,0
"2026-03-31 23:46:15",83258,"2026-03-31 22:50:10",1775019010,1.775019E+09,8.543191E+08,5017165,0,199.4817,196.0144,23617.3,39.9172,55.0003,48.8096,46.5994,0.00196692,13.0739,54.4996,30.25,0.159228,24.0836,40.0084,47.1227,14.3901,13.0739,0.996148,12.991,1.02493,46.637,29581.8,16030.2,16000,5,4851,81796.5,91698.5,5.23869E-05,-0.000195457,12.4024,0.567187,0.0203487,-0.000195457,-0.000195457,-0.000195457,6048.29,0.852444,47412.8,-0.000195457,0,0,0
"2026-03-31 23:46:30",83259,"2026-03-31 22:50:25",1775019025,1.775019E+09,8.535819E+08,5017225,0,199.4225,196.067,23610.23,39.9168,55.0003,48.8071,46.5994,0.00198336,13.0741,54.4998,-31.25,0.159228,24.0817,40.0084,47.1237,14.3901,13.0741,0.996129,12.9914,1.02493,46.637,29580.2,15968.8,16000,5,4861,81803.5,91677.2,3.57508E-05,-0.000182518,12.3987,0.56734,0.0203426,-0.000182518,-0.000182518,-0.000182518,6048.29,0.852444,47413.5,-0.000182518,0,0,0
"2026-03-31 23:46:45",83260,"2026-03-31 22:50:40",1775019040,1.775019E+09,8.528421E+08,5017285,0,198.3943,195.8799,23603.21,39.9172,55.0003,48.8075,46.5993,0.00198974,13.0735,54.4998,25.75,0.159228,24.0817,40.0084,47.117,14.3901,13.0735,0.996159,12.9907,1.02495,46.637,29580.2,16025.8,16000,5,4851.5,81795.2,91679.8,2.39452E-05,-0.000190411,12.395,0.566806,0.0202378,-0.000190411,-0.000190411,-0.000190411,6048.29,0.852444,47411,-0.000190411,0,0,0
"2026-03-31 23:47:00",83261,"2026-03-31 22:50:55",1775019055,1.775019E+09,8.521011E+08,5017345,0,197.7403,195.2108,23595.36,39.9155,55.0003,48.8079,46.5994,0.00195686,13.0737,54.4998,-15.5,0.159228,24.0821,40.0084,47.1151,14.3901,13.0737,0.996159,12.9912,1.02494,46.637,29581,15984.5,16000,5,4842,81802.2,91676,5.29949E-05,-0.000205536,12.3909,0.56487,0.0201711,-0.000205536,-0.000205536,-0.000205536,6048.29,0.852444,47410.8,-0.000205536,0,0,0
"2026-03-31 23:47:15",83262,"2026-03-31 22:51:10",1775019070,1.775019E+09,8.513551E+08,5017405,0,198.1971,195.1046,23589.59,39.9168,55.0003,48.8059,46.5994,0.00197348,13.0738,54.4998,111,0.159228,24.0817,40.0084,47.1113,14.3901,13.0738,0.996124,12.9912,1.02497,46.637,29580,16111,16000,5,4833,81782.2,91693.5,-4.33717E-05,-0.000195311,12.3879,0.564558,0.0202177,-0.000195311,-0.000195311,-0.000195311,6048.29,0.852444,47410.2,-0.000195311,0,0,0
"2026-03-31 23:47:30",83263,"2026-03-31 22:51:25",1775019085,1.775019E+09,8.506319E+08,5017465,0,198.2896,195.3986,23581.32,39.9164,55.0003,48.8067,46.5991,0.00197844,13.0739,54.4998,40.5,0.159228,24.0821,40.0084,47.1099,14.3901,13.0739,0.996127,12.9912,1.02497,46.637,29580.2,16040.5,16000,5,4833.25,81791,91686.2,-5.33372E-05,-0.00020149,12.3835,0.56541,0.0202271,-0.00020149,-0.00020149,-0.00020149,6048.29,0.852444,47411.5,-0.00020149,0,0,0
"2026-03-31 23:47:45",83264,"2026-03-31 22:51:40",1775019100,1.775019E+09,8.49886E+08,5017525,0,198.0023,194.9184,23573.44,39.9176,55.0003,48.8071,46.5994,0.00195726,13.0738,54.4998,-90.25,0.159228,24.0813,40.0086,47.109,14.3901,13.0738,0.996172,12.9916,1.02497,46.637,29579.5,15909.8,16000,5,4815.75,81777.5,91677,4.04455E-05,-0.000191454,12.3794,0.56402,0.0201978,-0.000191454,-0.000191454,-0.000191454,6048.29,0.852444,47410,-0.000191454,0,0,0
"2026-03-31 23:48:00",83265,"2026-03-31 22:51:55",1775019115,1.775019E+09,8.49145E+08,5017585,0,198.8017,195.8494,23567.63,39.9168,55.0003,48.8067,46.5994,0.00192538,13.0741,54.4998,-43.75,0.159228,24.0817,40.0086,47.1061,14.3901,13.0741,0.996135,12.9911,1.02496,46.637,29579.8,15956.2,16000,5,4835.25,81802,91694.5,3.33026E-05,-0.000203609,12.3763,0.566714,0.0202793,-0.000203609,-0.000203609,-0.000203609,6048.29,0.852444,47411,-0.000203609,0,0,0
"2026-03-31 23:48:15",83266,"2026-03-31 22:52:10",1775019130,1.775019E+09,8.483939E+08,5017645,0,197.9828,194.3844,23561.62,39.9164,55.0003,48.8079,46.5994,0.00196334,13.0745,54.4998,46.25,0.159228,24.0821,40.0086,47.1076,14.3901,13.0745,0.996107,12.9911,1.02495,46.637,29580.8,16046.2,16000,5,4855.25,81793.2,91681,-1.10891E-07,-0.000190524,12.3732,0.562471,0.0201958,-0.000190524,-0.000190524,-0.000190524,6048.29,0.852444,47411,-0.000190524,0,0,0
"2026-03-31 23:48:30",83267,"2026-03-31 22:52:25",1775019145,1.775019E+09,8.47657E+08,5017705,0,199.1177,194.4288,23554.02,39.9168,55.0003,48.8075,46.5991,0.0019358,13.0743,54.4998,4,0.159228,24.0817,40.0086,47.1005,14.3901,13.0743,0.996143,12.9914,1.02493,46.637,29580.8,16004,16000,5,4858.5,81803,91685.5,1.39496E-05,-0.000195144,12.3692,0.56259,0.0203116,-0.000195144,-0.000195144,-0.000195144,6048.29,0.852444,47411.2,-0.000195144,0,0,0
"2026-03-31 23:48:45",83268,"2026-03-31 22:52:40",1775019160,1.775019E+09,8.46916E+08,5017765,0,198.4469,194.4476,23546.91,39.9172,55.0003,48.8075,46.5991,0.00197235,13.0741,54.4998,-5.25,0.159228,24.0813,40.0087,47.1,14.3901,13.0741,0.996163,12.9913,1.02495,46.637,29581,15994.8,16000,5,4827,81803.8,91682.8,4.80109E-05,-0.000191741,12.3655,0.56265,0.0202432,-0.000191741,-0.000191741,-0.000191741,6048.29,0.852444,47410.5,-0.000191741,0,0,0
"2026-03-31 23:49:00",83269,"2026-03-31 22:52:55",1775019175,1.775019E+09,8.461771E+08,5017825,0,198.8504,193.5692,23538.73,39.9172,55.0003,48.8108,46.5993,0.00196955,13.0733,54.4998,9.25,0.159228,24.0817,40.0087,47.0962,14.3901,13.0733,0.996129,12.9911,1.02497,46.637,29582.5,16009.2,16000,5,4833.75,81811.5,91712.2,3.59482E-05,-0.000202501,12.3612,0.560098,0.0202843,-0.000202501,-0.000202501,-0.000202501,6048.29,0.852444,47410.8,-0.000202501,0,0,0
"2026-03-31 23:49:15",83270,"2026-03-31 22:53:10",1775019190,1.775019E+09,8.45438E+08,5017885,0,198.3829,194.31,23533.29,39.9172,55.0003,48.8088,46.5994,0.00197958,13.0739,54.4998,82.5,0.159228,24.0817,40.0087,47.0924,14.3901,13.0739,0.996127,12.9915,1.02497,46.637,29581,16082.5,16000,5,4842,81802.2,91689,1.68293E-05,-0.000195849,12.3583,0.562251,0.0202366,-0.000195849,-0.000195849,-0.000195849,6048.29,0.852444,47410.8,-0.000195849,0,0,0
"2026-03-31 23:49:30",83271,"2026-03-31 22:53:25",1775019205,1.775019E+09,8.446951E+08,5017945,0,199.4001,194.5747,23526.75,39.9176,55.0003,48.8104,46.5993,0.00198233,13.0738,54.4998,41,0.159228,24.0817,40.0088,47.0881,14.3901,13.0738,0.996169,12.9914,1.02496,46.637,29582.2,16041,16000,5,4842.5,81799,91676.2,-5.73051E-06,-0.000189166,12.3549,0.56301,0.0203404,-0.000189166,-0.000189166,-0.000189166,6048.29,0.852444,47410.5,-0.000189166,0,0,0
"2026-03-31 23:49:45",83272,"2026-03-31 22:53:40",1775019220,1.775019E+09,8.439541E+08,5018005,0,199.1867,194.095,23520.82,39.9172,55.0003,48.8108,46.5991,0.00200387,13.0729,54.4998,-10.25,0.159228,24.0821,40.0088,47.0877,14.3901,13.0729,0.996182,12.9916,1.02494,46.637,29582.5,15989.8,16000,5,4860,81828.5,91713.2,-1.10882E-05,-0.000201187,12.3518,0.561621,0.0203186,-0.000201187,-0.000201187,-0.000201187,6048.29,0.852444,47411.8,-0.000201187,0,0,0
"2026-03-31 23:50:00",83273,"2026-03-31 22:53:55",1775019235,1.775019E+09,8.432169E+08,5018065,0,199.5945,195.181,23512.03,39.9164,55.0003,48.8116,46.5991,0.0020076,13.0735,54.4998,23.25,0.159228,24.0817,40.0088,47.0886,14.3901,13.0735,0.996141,12.9915,1.02498,46.637,29582.5,16023.2,16000,5,4855.5,81816,91711.8,0.000140475,-0.000200901,12.3471,0.564768,0.0203602,-0.000200901,-0.000200901,-0.000200901,6048.29,0.852444,47411,-0.000200901,0,0,0
"2026-03-31 23:50:15",83274,"2026-03-31 22:54:10",1775019250,1.775019E+09,8.4247E+08,5018125,0,199.4057,194.556,23504.78,39.9164,55.0003,48.8112,46.5993,0.00194725,13.0741,54.4998,26,0.159228,24.0817,40.0089,47.0853,14.3901,13.0741,0.996179,12.9914,1.02499,46.637,29583,16026,16000,5,4839.25,81809,91710.5,-1.1679E-05,-0.000197919,12.3433,0.562956,0.0203409,-0.000197919,-0.000197919,-0.000197919,6048.29,0.852444,47410.2,-0.000197919,0,0,0
"2026-03-31 23:50:30",83275,"2026-03-31 22:54:25",1775019265,1.775019E+09,8.417411E+08,5018185,0,199.2993,193.8258,23499.62,39.9168,55.0003,48.8079,46.5994,0.00197925,13.0738,54.4998,-15.5,0.159228,24.0813,40.0089,47.0848,14.3901,13.0738,0.996133,12.9911,1.02495,46.637,29581.5,15984.5,16000,5,4859.75,81809,91703,-7.26406E-06,-0.000205884,12.3406,0.560839,0.0203301,-0.000205884,-0.000205884,-0.000205884,6048.29,0.852444,47412.2,-0.000205884,0,0,0
"2026-03-31 23:50:45",83276,"2026-03-31 22:54:40",1775019280,1.775019E+09,8.41001E+08,5018245,0,200.0887,194.0929,23491.4,39.9168,55.0003,48.8125,46.5991,0.00197734,13.0742,54.4998,43,0.159228,24.0817,40.0089,47.0829,14.3901,13.0742,0.996144,12.9915,1.02499,46.637,29583.8,16043,16000,5,4860.5,81802,91692.2,5.84315E-07,-0.000191888,12.3363,0.561607,0.0204106,-0.000191888,-0.000191888,-0.000191888,6048.29,0.852444,47410.5,-0.000191888,0,0,0
"2026-03-31 23:51:00",83277,"2026-03-31 22:54:55",1775019295,1.775019E+09,8.402531E+08,5018305,0,199.6494,193.8989,23484.42,39.9176,55.0003,48.8096,46.5991,0.00197958,13.0743,54.4998,102.5,0.159228,24.0829,40.0089,47.0792,14.3901,13.0743,0.996106,12.991,1.025,46.637,29582,16102.5,16000,5,4839,81812.5,91682.8,4.0416E-05,-0.000192636,12.3326,0.561048,0.0203658,-0.000192636,-0.000192636,-0.000192636,6048.29,0.852444,47410.5,-0.000192636,0,0,0
"2026-03-31 23:51:15",83278,"2026-03-31 22:55:10",1775019310,1.775019E+09,8.3951E+08,5018365,0,199.7228,193.3269,23477.24,39.9168,55.0003,48.8112,46.5991,0.00193614,13.0738,54.4998,-50.5,0.159228,24.0813,40.0089,47.0754,14.3901,13.0738,0.996144,12.9913,1.02496,46.637,29583,15949.5,16000,5,4874.75,81797.8,91686.2,-2.43806E-05,-0.000193607,12.3289,0.559388,0.0203733,-0.000193607,-0.000193607,-0.000193607,6048.29,0.852444,47411.8,-0.000193607,0,0,0
"2026-03-31 23:51:30",83279,"2026-03-31 22:55:25",1775019325,1.775019E+09,8.38783E+08,5018425,0,199.8609,194.1862,23472.62,39.9159,55.0003,48.8129,46.5987,0.0020016,13.0746,54.4998,-108.5,0.159228,24.0813,40.0089,47.0773,14.3901,13.0746,0.996133,12.9916,1.02494,46.637,29583.8,15891.5,16000,5,4842,81780.5,91692.2,-2.34157E-05,-0.000182212,12.3264,0.56188,0.0203873,-0.000182212,-0.000182212,-0.000182212,6048.29,0.852444,47412.8,-0.000182212,0,0,0
"2026-03-31 23:51:45",83280,"2026-03-31 22:55:40",1775019340,1.775019E+09,8.380389E+08,5018485,0,200.1108,193.454,23464.52,39.9168,55.0003,48.8112,46.5991,0.00196423,13.0748,54.4998,-6.25,0.159228,24.0817,40.0089,47.0754,14.3901,13.0748,0.996132,12.9913,1.02499,46.637,29583,15993.8,16000,5,4847.5,81805,91680.2,0.000111274,-0.000197103,12.3222,0.559753,0.0204128,-0.000197103,-0.000197103,-0.000197103,6048.29,0.852444,47408.8,-0.000197103,0,0,0
"2026-03-31 23:52:00",83281,"2026-03-31 22:55:55",1775019355,1.775019E+09,8.372879E+08,5018545,0,199.7512,193.4006,23456.91,39.9164,55.0003,48.8096,46.5991,0.00195376,13.0735,54.4998,26.25,0.159228,24.0813,40.0089,47.0716,14.3901,13.0735,0.996176,12.9914,1.02501,46.637,29582.8,16026.2,16000,5,4845.5,81805,91688.2,7.44506E-05,-0.000203517,12.3182,0.559601,0.0203762,-0.000203517,-0.000203517,-0.000203517,6048.29,0.852444,47411,-0.000203517,0,0,0
"2026-03-31 23:52:15",83282,"2026-03-31 22:56:10",1775019370,1.775019E+09,8.365491E+08,5018605,0,201.1067,193.7453,23452.05,39.9176,55.0003,48.8116,46.5994,0.00200803,13.0747,54.4998,104,0.159228,24.0813,40.0089,47.0697,14.3901,13.0747,0.996159,12.9916,1.02504,46.637,29583.5,16104,16000,5,4846.5,81786.5,91686.5,9.07197E-05,-0.000207854,12.3156,0.56059,0.0205144,-0.000207854,-0.000207854,-0.000207854,6048.29,0.852444,47409.5,-0.000207854,0,0,0
"2026-03-31 23:52:30",83283,"2026-03-31 22:56:25",1775019385,1.775019E+09,8.35814E+08,5018665,0,200.6368,193.9577,23443.15,39.9176,55.0003,48.8116,46.5991,0.00199079,13.0742,54.5,-13.25,0.159228,24.0821,40.0089,47.0683,14.3901,13.0742,0.996133,12.9913,1.02497,46.637,29583.5,15986.8,16000,5,4848.75,81796.2,91681.2,0.000117154,-0.000206049,12.3109,0.56121,0.0204665,-0.000206049,-0.000206049,-0.000206049,6048.29,0.852444,47411.8,-0.000206049,0,0,0
"2026-03-31 23:52:45",83284,"2026-03-31 22:56:40",1775019400,1.775019E+09,8.350721E+08,5018725,0,200.1012,192.9392,23437.37,39.9176,55.0003,48.817,46.5991,0.00196288,13.0737,54.4998,78.75,0.159228,24.0813,40.009,47.0669,14.3901,13.0737,0.99609,12.9915,1.02496,46.637,29586.8,16078.8,16000,5,4840.25,81777.8,91675.5,6.28501E-05,-0.000194533,12.3079,0.55826,0.0204118,-0.000194533,-0.000194533,-0.000194533,6048.29,0.852444,47412.2,-0.000194533,0,0,0
"2026-03-31 23:53:00",83285,"2026-03-31 22:56:55",1775019415,1.775019E+09,8.343339E+08,5018785,0,200.5888,193.5488,23430.95,39.9168,55.0003,48.8129,46.5991,0.00197816,13.0741,54.4998,-22.5,0.159228,24.0817,40.0091,47.0678,14.3901,13.0741,0.996159,12.9919,1.02502,46.637,29584.5,15977.5,16000,5,4840,81809.5,91700.2,1.76587E-05,-0.000190894,12.3045,0.560024,0.0204616,-0.000190894,-0.000190894,-0.000190894,6048.29,0.852444,47409.5,-0.000190894,0,0,0
"2026-03-31 23:53:15",83286,"2026-03-31 22:57:10",1775019430,1.775019E+09,8.33586E+08,5018845,0,200.9577,193.0772,23424.44,39.9172,55.0003,48.8116,46.5991,0.00194438,13.0739,54.4998,4.75,0.159228,24.0817,40.0091,47.0664,14.3901,13.0739,0.99615,12.9913,1.02499,46.637,29583.5,16004.8,16000,5,4824.5,81794,91672,8.77058E-05,-0.000192223,12.3011,0.558653,0.0204992,-0.000192223,-0.000192223,-0.000192223,6048.29,0.852444,47412,-0.000192223,0,0,0
"2026-03-31 23:53:30",83287,"2026-03-31 22:57:25",1775019445,1.775019E+09,8.328531E+08,5018905,0,200.8069,192.3862,23417.82,39.9172,55.0003,48.8153,46.5991,0.00199794,13.074,54.4998,-113,0.159228,24.0813,40.0092,47.064,14.3901,13.074,0.99613,12.9918,1.02502,46.637,29585.2,15887,16000,5,4850,81775.2,91668.8,9.87628E-05,-0.000189885,12.2976,0.556649,0.0204838,-0.000189885,-0.000189885,-0.000189885,6048.29,0.852444,47410,-0.000189885,0,0,0
"2026-03-31 23:53:45",83288,"2026-03-31 22:57:40",1775019460,1.77502E+09,8.321149E+08,5018965,0,200.7796,193.0035,23411.78,39.9172,55.0003,48.8149,46.5994,0.00197835,13.0739,54.4998,43,0.159228,24.0813,40.0093,47.0631,14.3901,13.0739,0.996123,12.9914,1.02497,46.637,29585.2,16043,16000,5,4870.5,81798.5,91679,-2.83499E-05,-0.000201204,12.2945,0.55844,0.020481,-0.000201204,-0.000201204,-0.000201204,6048.29,0.852691,47409.8,-0.000201204,0,0,0
"2026-03-31 23:54:00",83289,"2026-03-31 22:57:55",1775019475,1.77502E+09,8.313651E+08,5019025,0,201.9543,192.9478,23403.92,39.9172,55.0003,48.8145,46.5991,0.001994,13.0746,54.4998,-40.75,0.159228,24.0817,40.0093,47.0621,14.3901,13.0746,0.996145,12.9917,1.02497,46.637,29585.2,15959.2,16000,5,4837.5,81787.8,91692,2.3435E-05,-0.000201688,12.2903,0.558269,0.0206008,-0.000201688,-0.000201688,-0.000201688,6048.29,0.852691,47410.2,-0.000201688,0,0,0
"2026-03-31 23:54:15",83290,"2026-03-31 22:58:10",1775019490,1.77502E+09,8.306229E+08,5019085,0,200.6333,192.5839,23396.49,39.9176,55.0003,48.8153,46.5993,0.00196148,13.0739,54.4998,-90.75,0.159228,24.0821,40.0093,47.0583,14.3901,13.0739,0.996148,12.9916,1.02501,46.637,29585,15909.2,16000,5,4852,81786.5,91660.5,6.06345E-05,-0.000207176,12.2864,0.557224,0.0204661,-0.000207176,-0.000207176,-0.000207176,6048.29,0.852691,47411,-0.000207176,0,0,0
"2026-03-31 23:54:30",83291,"2026-03-31 22:58:25",1775019505,1.77502E+09,8.2989E+08,5019145,0,200.8182,193.082,23392.93,39.9176,55.0003,48.8137,46.5991,0.00200791,13.0742,54.4998,-18.75,0.159228,24.0809,40.0093,47.0569,14.3901,13.0742,0.996141,12.9919,1.02502,46.637,29584.5,15981.2,16000,5,4843.25,81785.5,91669.2,0.000101614,-0.000199785,12.2846,0.558668,0.020485,-0.000199785,-0.000199785,-0.000199785,6048.29,0.852691,47411,-0.000199785,0,0,0
"2026-03-31 23:54:45",83292,"2026-03-31 22:58:40",1775019520,1.77502E+09,8.291521E+08,5019205,0,201.3881,192.4261,23387.5,39.9172,55.0001,48.8133,46.5994,0.00201392,13.0741,54.4998,191.75,0.159228,24.0813,40.0093,47.0565,14.3901,13.0741,0.996168,12.9916,1.025,46.637,29585,16191.8,16000,5,4845.75,81804,91691.8,4.99541E-05,-0.000202918,12.2817,0.55676,0.0205431,-0.000202918,-0.000202918,-0.000202918,6048.29,0.852691,47411.5,-0.000202918,0,0,0
"2026-03-31 23:55:00",83293,"2026-03-31 22:58:55",1775019535,1.77502E+09,8.28408E+08,5019265,0,201.0453,192.9736,23378.44,39.9184,55.0003,48.8133,46.5991,0.00197503,13.0736,54.4998,11.25,0.159228,24.0813,40.0093,47.0565,14.3901,13.0736,0.996176,12.9916,1.02503,46.637,29584,16011.2,16000,5,4820.25,81791.2,91695.8,-2.62894E-05,-0.000192948,12.277,0.558351,0.0205081,-0.000192948,-0.000192948,-0.000192948,6048.29,0.852938,47411.2,-0.000192948,0,0,0
"2026-03-31 23:55:15",83294,"2026-03-31 22:59:10",1775019550,1.77502E+09,8.276589E+08,5019325,0,201.5653,192.1649,23371.88,39.918,55.0003,48.8145,46.5991,0.00195897,13.0741,54.4998,8.25,0.159228,24.0817,40.0093,47.0569,14.3901,13.0741,0.996142,12.992,1.02503,46.637,29585,16008.2,16000,5,4858.75,81799.2,91677.8,4.05485E-05,-0.000195833,12.2735,0.556,0.0205611,-0.000195833,-0.000195833,-0.000195833,6048.29,0.852938,47410,-0.000195833,0,0,0
"2026-03-31 23:55:30",83295,"2026-03-31 22:59:25",1775019565,1.77502E+09,8.2693E+08,5019385,0,201.317,192.8134,23365.15,39.918,55.0003,48.8157,46.5991,0.00198883,13.0747,54.4998,1.75,0.159228,24.0813,40.0094,47.0607,14.3901,13.0747,0.996185,12.9915,1.02502,46.637,29586,16001.8,16000,5,4845.25,81817,91697.5,1.41538E-05,-0.000206441,12.27,0.557884,0.0205358,-0.000206441,-0.000206441,-0.000206441,6048.29,0.852938,47412.5,-0.000206441,0,0,0
"2026-03-31 23:55:45",83296,"2026-03-31 22:59:40",1775019580,1.77502E+09,8.26178E+08,5019445,0,201.2306,191.4406,23354.74,39.918,55.0003,48.8145,46.5993,0.00195131,13.0743,54.5,-28.25,0.159228,24.0817,40.0094,47.0555,14.3901,13.0743,0.996279,12.9914,1.02508,46.637,29584.2,15971.8,16000,5,4865,81821.5,91704.8,0.000102512,-0.000209378,12.2645,0.553902,0.020527,-0.000209378,-0.000209378,-0.000209378,6048.29,0.852938,47408.2,-0.000209378,0,0,0
"2026-03-31 23:56:00",83297,"2026-03-31 22:59:55",1775019595,1.77502E+09,8.25438E+08,5019505,0,201.628,192.1494,23353.45,39.9176,55.0003,48.8145,46.5993,0.00196631,13.0741,54.5,-46.5,0.159228,24.0825,40.0095,47.0588,14.3901,13.0741,0.996174,12.9916,1.02506,46.637,29585.2,15953.5,16000,5,4835,81797.8,91682.5,-1.95617E-05,-0.000191982,12.2638,0.555955,0.0205675,-0.000191982,-0.000191982,-0.000191982,6048.29,0.853185,47412,-0.000191982,0,0,0
"2026-03-31 23:56:15",83298,"2026-03-31 23:00:10",1775019610,1.77502E+09,8.24697E+08,5019565,0,201.8792,192.9548,23348.6,39.9172,55.0003,48.8153,46.5993,0.00198195,13.0741,54.4998,-25.25,0.159228,24.0821,40.0095,47.0598,14.3901,13.0741,0.996223,12.9922,1.02506,46.637,29585.5,15974.8,16000,5,4820,81799,91682,8.41163E-05,-0.000189704,12.2613,0.55829,0.0205931,-0.000189704,-0.000189704,-0.000189704,6048.29,0.853185,47409.5,-0.000189704,0,0,0
"2026-03-31 23:56:30",83299,"2026-03-31 23:00:25",1775019625,1.77502E+09,8.23961E+08,5019625,0,201.2066,192.2059,23340.21,39.9176,55.0003,48.8149,46.5991,0.00197606,13.0742,54.4998,11.5,0.159228,24.0821,40.0095,47.0588,14.3901,13.0742,0.99617,12.9919,1.02504,46.637,29585.2,16011.5,16000,5,4820.5,81805.5,91701.8,-2.70361E-05,-0.000183468,12.2569,0.556123,0.0205246,-0.000183468,-0.000183468,-0.000183468,6048.29,0.853185,47409.2,-0.000183468,0,0,0
"2026-03-31 23:56:45",83300,"2026-03-31 23:00:40",1775019640,1.77502E+09,8.2322E+08,5019685,0,201.6889,192.2099,23333.59,39.9172,55.0003,48.8153,46.5991,0.00196769,13.0739,54.4998,-35.5,0.159228,24.0817,40.0095,47.0588,14.3901,13.0739,0.996189,12.9919,1.02503,46.637,29585,15964.5,16000,5,4856.25,81811.2,91699.2,3.38765E-05,-0.00018971,12.2534,0.55613,0.0205737,-0.00018971,-0.00018971,-0.00018971,6048.29,0.853185,47411.8,-0.00018971,0,0,0
