"TOA5","MGEO_SERC","CR1000X","50443","CR1000X.8.2.1","CPU:MGEO_SERCv30INT.CR1X","11106","LevelTable"
"TIMESTAMP","RECORD","Level_m_CBS","Pressure_mbar_CBS","Temperature_CBS","Status_CBS"
"TS","RN","m","mbar","Celsius","na"
"","","Smp","Smp","Smp","Smp"
"2025-12-01 00:00:00",19784,0,0,14.8,1
"2025-12-01 00:06:00",19785,0,0,14.9,1
"2025-12-01 00:12:00",19786,0,0,14.9,1
"2025-12-01 00:18:00",19787,0,0,15,1
"2025-12-01 00:24:00",19788,0,0,14.9,1
"2025-12-01 00:30:00",19789,0,0,14.8,1
"2025-12-01 00:36:00",19790,0,0,14.7,1
"2025-12-01 00:42:00",19791,0,0,14.6,1
"2025-12-01 00:48:00",19792,0,0,14.5,1
"2025-12-01 00:54:00",19793,0,0,14.5,1
"2025-12-01 01:00:00",19794,0,0,14.4,1
"2025-12-01 01:06:00",19795,0,0,14.4,1
"2025-12-01 01:12:00",19796,0,0,14.4,1
"2025-12-01 01:18:00",19797,0,0,14.4,1
"2025-12-01 01:24:00",19798,0,0,14.4,1
"2025-12-01 01:30:00",19799,0,0,14.4,1
"2025-12-01 01:36:00",19800,0,0,14.4,1
"2025-12-01 01:42:00",19801,0,0,14.3,1
"2025-12-01 01:48:00",19802,0,0,14.3,1
"2025-12-01 01:54:00",19803,0,0,14.3,1
"2025-12-01 02:00:00",19804,0,0,14.3,1
"2025-12-01 02:06:00",19805,0,0,14.2,1
"2025-12-01 02:12:00",19806,0,0,14.2,1
"2025-12-01 02:18:00",19807,0,0,14.1,1
"2025-12-01 02:24:00",19808,0,0,14.1,1
"2025-12-01 02:30:00",19809,0,0,14,1
"2025-12-01 02:36:00",19810,0,0,14,1
"2025-12-01 02:42:00",19811,0,0,14,1
"2025-12-01 02:48:00",19812,0,0,14,1
"2025-12-01 02:54:00",19813,0,0,14,1
"2025-12-01 03:00:00",19814,0,0,14,1
"2025-12-01 03:06:00",19815,0,0,14,1
"2025-12-01 03:12:00",19816,0,0,13.9,1
"2025-12-01 03:18:00",19817,0,0,13.9,1
"2025-12-01 03:24:00",19818,0,0,13.9,1
"2025-12-01 03:30:00",19819,0,0,13.8,1
"2025-12-01 03:36:00",19820,0,0,13.8,1
"2025-12-01 03:42:00",19821,0,0,13.7,1
"2025-12-01 03:48:00",19822,0,0,13.6,1
"2025-12-01 03:54:00",19823,0,0,13.5,1
"2025-12-01 04:00:00",19824,0,0,13.4,1
"2025-12-01 04:06:00",19825,0,0,13.4,1
"2025-12-01 04:12:00",19826,0,0,13.3,1
"2025-12-01 04:18:00",19827,0,0,13.3,1
"2025-12-01 04:24:00",19828,0,0,13.2,1
"2025-12-01 04:30:00",19829,0,0,13.2,1
"2025-12-01 04:36:00",19830,0,0,13.2,1
"2025-12-01 04:42:00",19831,0,0,13.1,1
"2025-12-01 04:48:00",19832,0,0,13.1,1
"2025-12-01 04:54:00",19833,0,0,13.1,1
"2025-12-01 05:00:00",19834,0,0,13.1,1
"2025-12-01 05:06:00",19835,0,0,13,1
"2025-12-01 05:12:00",19836,0,0,13,1
"2025-12-01 05:18:00",19837,0,0,12.9,1
"2025-12-01 05:24:00",19838,0,0,12.8,1
"2025-12-01 05:30:00",19839,0,0,12.8,1
"2025-12-01 05:36:00",19840,0,0,12.7,1
"2025-12-01 05:42:00",19841,0,0,12.7,1
"2025-12-01 05:48:00",19842,0,0,12.7,1
"2025-12-01 05:54:00",19843,0,0,12.7,1
"2025-12-01 06:00:00",19844,0,0,12.7,1
"2025-12-01 06:06:00",19845,0,0,12.7,1
"2025-12-01 06:12:00",19846,0,0,12.6,1
"2025-12-01 06:18:00",19847,0,0,12.6,1
"2025-12-01 06:24:00",19848,0,0,12.6,1
"2025-12-01 06:30:00",19849,0,0,12.6,1
"2025-12-01 06:36:00",19850,0,0,12.6,1
"2025-12-01 06:42:00",19851,0,0,12.6,1
"2025-12-01 06:48:00",19852,0,0,12.5,1
"2025-12-01 06:54:00",19853,0,0,12.4,1
"2025-12-01 07:00:00",19854,0,0,12.3,1
"2025-12-01 07:06:00",19855,0,0,12.3,1
"2025-12-01 07:12:00",19856,0,0,12.2,1
"2025-12-01 07:18:00",19857,0,0,12.2,1
"2025-12-01 07:24:00",19858,0,0,12.2,1
"2025-12-01 07:30:00",19859,0,0,12.1,1
"2025-12-01 07:36:00",19860,0,0,12.1,1
"2025-12-01 07:42:00",19861,0,0,12.1,1
"2025-12-01 07:48:00",19862,0,0,12.1,1
"2025-12-01 07:54:00",19863,0,0,12.1,1
"2025-12-01 08:00:00",19864,0,0,12.2,1
"2025-12-01 08:06:00",19865,0,0,12.2,1
"2025-12-01 08:12:00",19866,0,0,12.2,1
"2025-12-01 08:18:00",19867,0,0,12.3,1
"2025-12-01 08:24:00",19868,0,0,12.3,1
"2025-12-01 08:30:00",19869,0,0,12.4,1
"2025-12-01 08:36:00",19870,0,0,12.5,1
"2025-12-01 08:42:00",19871,0,0,12.6,1
"2025-12-01 08:48:00",19872,0,0,12.6,1
"2025-12-01 08:54:00",19873,0,0,12.7,1
"2025-12-01 09:00:00",19874,0,0,12.8,1
"2025-12-01 09:06:00",19875,0,0,12.9,1
"2025-12-01 09:12:00",19876,0,0,13,1
"2025-12-01 09:18:00",19877,0,0,13.1,1
"2025-12-01 09:24:00",19878,0,0,13.3,1
"2025-12-01 09:30:00",19879,0,0,13.4,1
"2025-12-01 09:36:00",19880,0,0,13.5,1
"2025-12-01 09:42:00",19881,0,0,13.7,1
"2025-12-01 09:48:00",19882,0,0,13.8,1
"2025-12-01 09:54:00",19883,0,0,13.9,1
"2025-12-01 10:00:00",19884,0,0,14.1,1
"2025-12-01 10:06:00",19885,0,0,14.2,1
"2025-12-01 10:12:00",19886,0,0,14.4,1
"2025-12-01 10:18:00",19887,0,0,14.6,1
"2025-12-01 10:24:00",19888,0,0,14.7,1
"2025-12-01 10:30:00",19889,0,0,14.8,1
"2025-12-01 10:36:00",19890,0,0,15,1
"2025-12-01 10:42:00",19891,0,0,15.1,1
"2025-12-01 10:48:00",19892,0,0,15.3,1
"2025-12-01 10:54:00",19893,0,0,15.4,1
"2025-12-01 11:00:00",19894,0,0,15.6,1
"2025-12-01 11:06:00",19895,0,0,15.7,1
"2025-12-01 11:12:00",19896,0,0,15.9,1
"2025-12-01 11:18:00",19897,0,0,16,1
"2025-12-01 11:24:00",19898,0,0,16.1,1
"2025-12-01 11:30:00",19899,0,0,16.2,1
"2025-12-01 11:36:00",19900,0,0,16.3,1
"2025-12-01 11:42:00",19901,0,0,16.5,1
"2025-12-01 11:48:00",19902,0,0,16.5,1
"2025-12-01 11:54:00",19903,0,0,16.6,1
"2025-12-01 12:00:00",19904,0,0,16.7,1
"2025-12-01 12:06:00",19905,0,0,16.8,1
"2025-12-01 12:12:00",19906,0,0,16.9,1
"2025-12-01 12:18:00",19907,0,0,17,1
"2025-12-01 12:24:00",19908,0,0,17,1
"2025-12-01 12:30:00",19909,0,0,17.1,1
"2025-12-01 12:36:00",19910,0,0,17.2,1
"2025-12-01 12:42:00",19911,0,0,17.3,1
"2025-12-01 12:48:00",19912,0,0,17.4,1
"2025-12-01 12:54:00",19913,0,0,17.5,1
"2025-12-01 13:00:00",19914,0,0,17.5,1
"2025-12-01 13:06:00",19915,0,0,17.6,1
"2025-12-01 13:12:00",19916,0,0.01,17.7,1
"2025-12-01 13:18:00",19917,0,0,17.7,1
"2025-12-01 13:24:00",19918,0,0,17.8,1
"2025-12-01 13:30:00",19919,0,0,17.8,1
"2025-12-01 13:36:00",19920,0,0,17.9,1
"2025-12-01 13:42:00",19921,0,0,18,1
"2025-12-01 13:48:00",19922,0,0,18,1
"2025-12-01 13:54:00",19923,0,0,18,1
"2025-12-01 14:00:00",19924,0,0,18.1,1
"2025-12-01 14:06:00",19925,0,0,18.2,1
"2025-12-01 14:12:00",19926,0,0,18.3,1
"2025-12-01 14:18:00",19927,0,0,18.4,1
"2025-12-01 14:24:00",19928,0,0,18.5,1
"2025-12-01 14:30:00",19929,0,0,18.6,1
"2025-12-01 14:36:00",19930,0,0,18.8,1
"2025-12-01 14:42:00",19931,0,0,18.8,1
"2025-12-01 14:48:00",19932,0,0,18.9,1
"2025-12-01 14:54:00",19933,0,0,19,1
"2025-12-01 15:00:00",19934,0,0,19.1,1
"2025-12-01 15:06:00",19935,0,0,19.2,1
"2025-12-01 15:12:00",19936,0,0,19.3,1
"2025-12-01 15:18:00",19937,0,0,19.3,1
"2025-12-01 15:24:00",19938,0,0,19.4,1
"2025-12-01 15:30:00",19939,0,0,19.5,1
"2025-12-01 15:36:00",19940,0,0,19.5,1
"2025-12-01 15:42:00",19941,0,0,19.6,1
"2025-12-01 15:48:00",19942,0,0.01,19.7,1
"2025-12-01 15:54:00",19943,0,0,19.7,1
"2025-12-01 16:00:00",19944,0,0,19.8,1
"2025-12-01 16:06:00",19945,0,0,19.8,1
"2025-12-01 16:12:00",19946,0,0,19.9,1
"2025-12-01 16:18:00",19947,0,0,20,1
"2025-12-01 16:24:00",19948,0,0,20.1,1
"2025-12-01 16:30:00",19949,0,0,20.1,1
"2025-12-01 16:36:00",19950,0,0,20.2,1
"2025-12-01 16:42:00",19951,0,0.01,20.2,1
"2025-12-01 16:48:00",19952,0,0,20.3,1
"2025-12-01 16:54:00",19953,0,0,20.3,1
"2025-12-01 17:00:00",19954,0,0,20.3,1
"2025-12-01 17:06:00",19955,0,0,20.4,1
"2025-12-01 17:12:00",19956,0,0,20.4,1
"2025-12-01 17:18:00",19957,0,0,20.4,1
"2025-12-01 17:24:00",19958,0,0,20.4,1
"2025-12-01 17:30:00",19959,0,0,20.4,1
"2025-12-01 17:36:00",19960,0,0,20.4,1
"2025-12-01 17:42:00",19961,0,0,20.4,1
"2025-12-01 17:48:00",19962,0,0,20.4,1
"2025-12-01 17:54:00",19963,0,0,20.4,1
"2025-12-01 18:00:00",19964,0,0,20.4,1
"2025-12-01 18:06:00",19965,0,0,20.4,1
"2025-12-01 18:12:00",19966,0,0,20.4,1
"2025-12-01 18:18:00",19967,0,0,20.4,1
"2025-12-01 18:24:00",19968,0,0,20.3,1
"2025-12-01 18:30:00",19969,0,0,20.3,1
"2025-12-01 18:36:00",19970,0,0,20.3,1
"2025-12-01 18:42:00",19971,0,0,20.3,1
"2025-12-01 18:48:00",19972,0,0,20.2,1
"2025-12-01 18:54:00",19973,0,0,20.2,1
"2025-12-01 19:00:00",19974,0,-0.01,20.2,1
"2025-12-01 19:06:00",19975,0,-0.01,20.2,1
"2025-12-01 19:12:00",19976,0,0,20.2,1
"2025-12-01 19:18:00",19977,0,0,20.1,1
"2025-12-01 19:24:00",19978,0,0,20.1,1
"2025-12-01 19:30:00",19979,0,0,20.1,1
"2025-12-01 19:36:00",19980,0,0,20,1
"2025-12-01 19:42:00",19981,0,0,20,1
"2025-12-01 19:48:00",19982,0,0,20,1
"2025-12-01 19:54:00",19983,0,0,19.9,1
"2025-12-01 20:00:00",19984,0,0,19.9,1
"2025-12-01 20:06:00",19985,0,0,19.9,1
"2025-12-01 20:12:00",19986,0,0,19.8,1
"2025-12-01 20:18:00",19987,0,0,19.8,1
"2025-12-01 20:24:00",19988,0,0,19.8,1
"2025-12-01 20:30:00",19989,0,0,19.8,1
"2025-12-01 20:36:00",19990,0,0,19.8,1
"2025-12-01 20:42:00",19991,0,0,19.8,1
"2025-12-01 20:48:00",19992,0,0,19.8,1
"2025-12-01 20:54:00",19993,0,-0.01,19.8,1
"2025-12-01 21:00:00",19994,0,-0.01,19.8,1
"2025-12-01 21:06:00",19995,0,-0.01,19.8,1
"2025-12-01 21:12:00",19996,0,0,19.8,1
"2025-12-01 21:18:00",19997,0,0,19.7,1
"2025-12-01 21:24:00",19998,0,0,19.7,1
"2025-12-01 21:30:00",19999,0,0,19.6,1
"2025-12-01 21:36:00",20000,0,0,19.6,1
"2025-12-01 21:42:00",20001,0,0,19.6,1
"2025-12-01 21:48:00",20002,0,0,19.6,1
"2025-12-01 21:54:00",20003,0,0,19.6,1
"2025-12-01 22:00:00",20004,0,0,19.6,1
"2025-12-01 22:06:00",20005,0,0,19.6,1
"2025-12-01 22:12:00",20006,0,0,19.6,1
"2025-12-01 22:18:00",20007,0,0,19.6,1
"2025-12-01 22:24:00",20008,0,0,19.6,1
"2025-12-01 22:30:00",20009,0,0,19.6,1
"2025-12-01 22:36:00",20010,0,0,19.6,1
"2025-12-01 22:42:00",20011,0,0,19.6,1
"2025-12-01 22:48:00",20012,0,0,19.6,1
"2025-12-01 22:54:00",20013,0,0,19.6,1
"2025-12-01 23:00:00",20014,0,0,19.6,1
"2025-12-01 23:06:00",20015,0,0,19.6,1
"2025-12-01 23:12:00",20016,0,0,19.5,1
"2025-12-01 23:18:00",20017,0,0,19.5,1
"2025-12-01 23:24:00",20018,0,0,19.5,1
"2025-12-01 23:30:00",20019,0,0,19.5,1
"2025-12-01 23:36:00",20020,0,0,19.5,1
"2025-12-01 23:42:00",20021,0,0,19.5,1
"2025-12-01 23:48:00",20022,0,0,19.4,1
"2025-12-01 23:54:00",20023,0,0,19.4,1
"2025-12-02 00:00:00",20024,0,0,19.4,1
"2025-12-02 00:06:00",20025,0,0,19.3,1
"2025-12-02 00:12:00",20026,0,0,19.3,1
"2025-12-02 00:18:00",20027,0,0,19.3,1
"2025-12-02 00:24:00",20028,0,0,19.2,1
"2025-12-02 00:30:00",20029,0,0,19.2,1
"2025-12-02 00:36:00",20030,0,0,19.2,1
"2025-12-02 00:42:00",20031,0,0,19.2,1
"2025-12-02 00:48:00",20032,0,0,19.2,1
"2025-12-02 00:54:00",20033,0,0,19.2,1
"2025-12-02 01:00:00",20034,0,0,19.2,1
"2025-12-02 01:06:00",20035,0,0,19.2,1
"2025-12-02 01:12:00",20036,0,0,19.1,1
"2025-12-02 01:18:00",20037,0,0,19.1,1
"2025-12-02 01:24:00",20038,0,0,19.1,1
"2025-12-02 01:30:00",20039,0,0,19.1,1
"2025-12-02 01:36:00",20040,0,0,19.1,1
"2025-12-02 01:42:00",20041,0,0,19.1,1
"2025-12-02 01:48:00",20042,0,0,19.1,1
"2025-12-02 01:54:00",20043,0,0,19.1,1
"2025-12-02 02:00:00",20044,0,0,19.1,1
"2025-12-02 02:06:00",20045,0,0,19.1,1
"2025-12-02 02:12:00",20046,0,0,19.1,1
"2025-12-02 02:18:00",20047,0,0,19.1,1
"2025-12-02 02:24:00",20048,0,0,19.2,1
"2025-12-02 02:30:00",20049,0,0,19.2,1
"2025-12-02 02:36:00",20050,0,0,19.2,1
"2025-12-02 02:42:00",20051,0,0,19.3,1
"2025-12-02 02:48:00",20052,0,0,19.4,1
"2025-12-02 02:54:00",20053,0,0,19.4,1
"2025-12-02 03:00:00",20054,0,0,19.4,1
"2025-12-02 03:06:00",20055,0,0,19.5,1
"2025-12-02 03:12:00",20056,0,0,19.5,1
"2025-12-02 03:18:00",20057,0,0,19.6,1
"2025-12-02 03:24:00",20058,0,0,19.6,1
"2025-12-02 03:30:00",20059,0,0,19.7,1
"2025-12-02 03:36:00",20060,0,0,19.7,1
"2025-12-02 03:42:00",20061,0,0,19.7,1
"2025-12-02 03:48:00",20062,0,0,19.7,1
"2025-12-02 03:54:00",20063,0,0,19.7,1
"2025-12-02 04:00:00",20064,0,0,19.7,1
"2025-12-02 04:06:00",20065,0,0,19.7,1
"2025-12-02 04:12:00",20066,0,0,19.7,1
"2025-12-02 04:18:00",20067,0,0,19.7,1
"2025-12-02 04:24:00",20068,0,0,19.7,1
"2025-12-02 04:30:00",20069,0,0,19.7,1
"2025-12-02 04:36:00",20070,0,0,19.7,1
"2025-12-02 04:42:00",20071,0,0,19.7,1
"2025-12-02 04:48:00",20072,0,0,19.7,1
"2025-12-02 04:54:00",20073,0,0,19.7,1
"2025-12-02 05:00:00",20074,0,0,19.7,1
"2025-12-02 05:06:00",20075,0,0.01,19.7,1
"2025-12-02 05:12:00",20076,0,0,19.8,1
"2025-12-02 05:18:00",20077,0,0,19.8,1
"2025-12-02 05:24:00",20078,0,0,19.8,1
"2025-12-02 05:30:00",20079,0,0,19.8,1
"2025-12-02 05:36:00",20080,0,0,19.8,1
"2025-12-02 05:42:00",20081,0,0,19.8,1
"2025-12-02 05:48:00",20082,0,0,19.9,1
"2025-12-02 05:54:00",20083,0,0,19.9,1
"2025-12-02 06:00:00",20084,0,0,19.9,1
"2025-12-02 06:06:00",20085,0,0,19.9,1
"2025-12-02 06:12:00",20086,0,0,19.9,1
"2025-12-02 06:18:00",20087,0,0,19.9,1
"2025-12-02 06:24:00",20088,0,0,20,1
"2025-12-02 06:30:00",20089,0,0,20,1
"2025-12-02 06:36:00",20090,0,0,20,1
"2025-12-02 06:42:00",20091,0,0,20,1
"2025-12-02 06:48:00",20092,0,0,20,1
"2025-12-02 06:54:00",20093,0,0,20,1
"2025-12-02 07:00:00",20094,0,0,20,1
"2025-12-02 07:06:00",20095,0,0,20,1
"2025-12-02 07:12:00",20096,0,0,20.1,1
"2025-12-02 07:18:00",20097,0,0,20.1,1
"2025-12-02 07:24:00",20098,0,0,20.1,1
"2025-12-02 07:30:00",20099,0,0,20.1,1
"2025-12-02 07:36:00",20100,0,0,20.1,1
"2025-12-02 07:42:00",20101,0,0,20.1,1
"2025-12-02 07:48:00",20102,0,0,20.1,1
"2025-12-02 07:54:00",20103,0,0,20.1,1
"2025-12-02 08:00:00",20104,0,0,20.1,1
"2025-12-02 08:06:00",20105,0,0,20.1,1
"2025-12-02 08:12:00",20106,0,0,20.1,1
"2025-12-02 08:18:00",20107,0,0,20.2,1
"2025-12-02 08:24:00",20108,0,0,20.2,1
"2025-12-02 08:30:00",20109,0,0,20.2,1
"2025-12-02 08:36:00",20110,0,0,20.2,1
"2025-12-02 08:42:00",20111,0,0,20.2,1
"2025-12-02 08:48:00",20112,0,0,20.2,1
"2025-12-02 08:54:00",20113,0,0,20.2,1
"2025-12-02 09:00:00",20114,0,0,20.3,1
"2025-12-02 09:06:00",20115,0,0,20.3,1
"2025-12-02 09:12:00",20116,0,0,20.3,1
"2025-12-02 09:18:00",20117,0,0,20.4,1
"2025-12-02 09:24:00",20118,0,0,20.4,1
"2025-12-02 09:30:00",20119,0,0,20.4,1
"2025-12-02 09:36:00",20120,0,0,20.4,1
"2025-12-02 09:42:00",20121,0,0,20.4,1
"2025-12-02 09:48:00",20122,0,0,20.4,1
"2025-12-02 09:54:00",20123,0,0,20.4,1
"2025-12-02 10:00:00",20124,0,0,20.4,1
"2025-12-02 10:06:00",20125,0,0,20.4,1
"2025-12-02 10:12:00",20126,0,0,20.4,1
"2025-12-02 10:18:00",20127,0,0,20.4,1
"2025-12-02 10:24:00",20128,0,0,20.4,1
"2025-12-02 10:30:00",20129,0,0,20.4,1
"2025-12-02 10:36:00",20130,0,0,20.4,1
"2025-12-02 10:42:00",20131,0,0,20.4,1
"2025-12-02 10:48:00",20132,0,0,20.4,1
"2025-12-02 10:54:00",20133,0,0,20.4,1
"2025-12-02 11:00:00",20134,0,0,20.4,1
"2025-12-02 11:06:00",20135,0,0,20.3,1
"2025-12-02 11:12:00",20136,0,0,20.3,1
"2025-12-02 11:18:00",20137,0,0,20.3,1
"2025-12-02 11:24:00",20138,0,0,20.4,1
"2025-12-02 11:30:00",20139,0,0,20.4,1
"2025-12-02 11:36:00",20140,0,0,20.4,1
"2025-12-02 11:42:00",20141,0,0,20.3,1
"2025-12-02 11:48:00",20142,0,0,20.3,1
"2025-12-02 11:54:00",20143,0,0,20.3,1
"2025-12-02 12:00:00",20144,0,0,20.3,1
"2025-12-02 12:06:00",20145,0,0,20.4,1
"2025-12-02 12:12:00",20146,0,0,20.3,1
"2025-12-02 12:18:00",20147,0,0,20.3,1
"2025-12-02 12:24:00",20148,0,0,20.3,1
"2025-12-02 12:30:00",20149,0,0,20.3,1
"2025-12-02 12:36:00",20150,0,0,20.3,1
"2025-12-02 12:42:00",20151,0,0,20.3,1
"2025-12-02 12:48:00",20152,0,0,20.3,1
"2025-12-02 12:54:00",20153,0,0,20.3,1
"2025-12-02 13:00:00",20154,0,0,20.3,1
"2025-12-02 13:06:00",20155,0,0,20.3,1
"2025-12-02 13:12:00",20156,0,0,20.3,1
"2025-12-02 13:18:00",20157,0,0,20.4,1
"2025-12-02 13:24:00",20158,0,0,20.4,1
"2025-12-02 13:30:00",20159,0,0,20.4,1
"2025-12-02 13:36:00",20160,0,0,20.4,1
"2025-12-02 13:42:00",20161,0,0,20.3,1
"2025-12-02 13:48:00",20162,0,0,20.4,1
"2025-12-02 13:54:00",20163,0,0,20.4,1
"2025-12-02 14:00:00",20164,0,0,20.4,1
"2025-12-02 14:06:00",20165,0,0,20.4,1
"2025-12-02 14:12:00",20166,0,0,20.4,1
"2025-12-02 14:18:00",20167,0,0,20.4,1
"2025-12-02 14:24:00",20168,0,0,20.4,1
"2025-12-02 14:30:00",20169,0,0,20.4,1
"2025-12-02 14:36:00",20170,0,0,20.4,1
"2025-12-02 14:42:00",20171,0,0,20.4,1
"2025-12-02 14:48:00",20172,0,0,20.4,1
"2025-12-02 14:54:00",20173,0,0,20.4,1
"2025-12-02 15:00:00",20174,0,0,20.4,1
"2025-12-02 15:06:00",20175,0,0,20.4,1
"2025-12-02 15:12:00",20176,0,0,20.4,1
"2025-12-02 15:18:00",20177,0,0,20.4,1
"2025-12-02 15:24:00",20178,0,0,20.4,1
"2025-12-02 15:30:00",20179,0,0,20.4,1
"2025-12-02 15:36:00",20180,0,0,20.4,1
"2025-12-02 15:42:00",20181,0,0,20.4,1
"2025-12-02 15:48:00",20182,0,0,20.4,1
"2025-12-02 15:54:00",20183,0,0,20.4,1
"2025-12-02 16:00:00",20184,0,0,20.4,1
"2025-12-02 16:06:00",20185,0,0,20.4,1
"2025-12-02 16:12:00",20186,0,0,20.4,1
"2025-12-02 16:18:00",20187,0,0,20.4,1
"2025-12-02 16:24:00",20188,0,0,20.4,1
"2025-12-02 16:30:00",20189,0,0,20.4,1
"2025-12-02 16:36:00",20190,0,0,20.4,1
"2025-12-02 16:42:00",20191,0,0,20.4,1
"2025-12-02 16:48:00",20192,0,0,20.4,1
"2025-12-02 16:54:00",20193,0,0,20.4,1
"2025-12-02 17:00:00",20194,0,0,20.4,1
"2025-12-02 17:06:00",20195,0,0,20.4,1
"2025-12-02 17:12:00",20196,0,0,20.4,1
"2025-12-02 17:18:00",20197,0,0,20.5,1
"2025-12-02 17:24:00",20198,0,0,20.4,1
"2025-12-02 17:30:00",20199,0,0,20.4,1
"2025-12-02 17:36:00",20200,0,0,20.4,1
"2025-12-02 17:42:00",20201,0,0,20.4,1
"2025-12-02 17:48:00",20202,0,0,20.4,1
"2025-12-02 17:54:00",20203,0,0,20.4,1
"2025-12-02 18:00:00",20204,0,0,20.4,1
"2025-12-02 18:06:00",20205,0,0,20.4,1
"2025-12-02 18:12:00",20206,0,0,20.4,1
"2025-12-02 18:18:00",20207,0,0,20.4,1
"2025-12-02 18:24:00",20208,0,0,20.4,1
"2025-12-02 18:30:00",20209,0,0,20.4,1
"2025-12-02 18:36:00",20210,0,0,20.4,1
"2025-12-02 18:42:00",20211,0,0,20.4,1
"2025-12-02 18:48:00",20212,0,0,20.4,1
"2025-12-02 18:54:00",20213,0,0,20.3,1
"2025-12-02 19:00:00",20214,0,0,20.3,1
"2025-12-02 19:06:00",20215,0,0,20.3,1
"2025-12-02 19:12:00",20216,0,0,20.3,1
"2025-12-02 19:18:00",20217,0,0,20.3,1
"2025-12-02 19:24:00",20218,0,0,20.3,1
"2025-12-02 19:30:00",20219,0,0,20.3,1
"2025-12-02 19:36:00",20220,0,0,20.2,1
"2025-12-02 19:42:00",20221,0,0,20.2,1
"2025-12-02 19:48:00",20222,0,0,20.2,1
"2025-12-02 19:54:00",20223,0,-0.01,20.2,1
"2025-12-02 20:00:00",20224,0,0,20.2,1
"2025-12-02 20:06:00",20225,0,0,20.2,1
"2025-12-02 20:12:00",20226,0,0,20.2,1
"2025-12-02 20:18:00",20227,0,0,20.2,1
"2025-12-02 20:24:00",20228,0,0,20.2,1
"2025-12-02 20:30:00",20229,0,0,20.2,1
"2025-12-02 20:36:00",20230,0,0,20.2,1
"2025-12-02 20:42:00",20231,0,0,20.2,1
"2025-12-02 20:48:00",20232,0,0,20.2,1
"2025-12-02 20:54:00",20233,0,0,20.3,1
"2025-12-02 21:00:00",20234,0,0,20.3,1
"2025-12-02 21:06:00",20235,0,0,20.4,1
"2025-12-02 21:12:00",20236,0,0,20.4,1
"2025-12-02 21:18:00",20237,0,0,20.4,1
"2025-12-02 21:24:00",20238,0,0,20.4,1
"2025-12-02 21:30:00",20239,0,0,20.4,1
"2025-12-02 21:36:00",20240,0,0,20.3,1
"2025-12-02 21:42:00",20241,0,0,20.3,1
"2025-12-02 21:48:00",20242,0,0,20.2,1
"2025-12-02 21:54:00",20243,0,0,20.2,1
"2025-12-02 22:00:00",20244,0,0,20.2,1
"2025-12-02 22:06:00",20245,0,0,20.2,1
"2025-12-02 22:12:00",20246,0,0,20.2,1
"2025-12-02 22:18:00",20247,0,0,20.2,1
"2025-12-02 22:24:00",20248,0,0,20.3,1
"2025-12-02 22:30:00",20249,0,0,20.3,1
"2025-12-02 22:36:00",20250,0,0,20.3,1
"2025-12-02 22:42:00",20251,0,0,20.4,1
"2025-12-02 22:48:00",20252,0,0,20.4,1
"2025-12-02 22:54:00",20253,0,0,20.4,1
"2025-12-02 23:00:00",20254,0,0,20.5,1
"2025-12-02 23:06:00",20255,0,0,20.5,1
"2025-12-02 23:12:00",20256,0,0,20.5,1
"2025-12-02 23:18:00",20257,0,0,20.5,1
"2025-12-02 23:24:00",20258,0,0,20.5,1
"2025-12-02 23:30:00",20259,0,0,20.5,1
"2025-12-02 23:36:00",20260,0,0,20.4,1
"2025-12-02 23:42:00",20261,0,0,20.4,1
"2025-12-02 23:48:00",20262,0,0,20.3,1
"2025-12-02 23:54:00",20263,0,0,20.3,1
"2025-12-03 00:00:00",20264,0,0,20.3,1
"2025-12-03 00:06:00",20265,0,0,20.2,1
"2025-12-03 00:12:00",20266,0,0,20.2,1
"2025-12-03 00:18:00",20267,0,0,20.2,1
"2025-12-03 00:24:00",20268,0,0,20.2,1
"2025-12-03 00:30:00",20269,0,0,20.1,1
"2025-12-03 00:36:00",20270,0,0,20.1,1
"2025-12-03 00:42:00",20271,0,0,20.1,1
"2025-12-03 00:48:00",20272,0,0,20.1,1
"2025-12-03 00:54:00",20273,0,0,20.1,1
"2025-12-03 01:00:00",20274,0,0,20.1,1
"2025-12-03 01:06:00",20275,0,0,20.1,1
"2025-12-03 01:12:00",20276,0,0,20.1,1
"2025-12-03 01:18:00",20277,0,0,20.1,1
"2025-12-03 01:24:00",20278,0,0,20.1,1
"2025-12-03 01:30:00",20279,0,0,20.1,1
"2025-12-03 01:36:00",20280,0,0,20.1,1
"2025-12-03 01:42:00",20281,0,0,20.1,1
"2025-12-03 01:48:00",20282,0,0,20.1,1
"2025-12-03 01:54:00",20283,0,0,20.1,1
"2025-12-03 02:00:00",20284,0,0,20.1,1
"2025-12-03 02:06:00",20285,0,0,20,1
"2025-12-03 02:12:00",20286,0,0,20,1
"2025-12-03 02:18:00",20287,0,0,20,1
"2025-12-03 02:24:00",20288,0,0,20,1
"2025-12-03 02:30:00",20289,0,0,20,1
"2025-12-03 02:36:00",20290,0,0,20,1
"2025-12-03 02:42:00",20291,0,0,20,1
"2025-12-03 02:48:00",20292,0,0,20,1
"2025-12-03 02:54:00",20293,0,0,20,1
"2025-12-03 03:00:00",20294,0,0,19.9,1
"2025-12-03 03:06:00",20295,0,0,19.9,1
"2025-12-03 03:12:00",20296,0,0,19.9,1
"2025-12-03 03:18:00",20297,0,0,19.9,1
"2025-12-03 03:24:00",20298,0,0,19.9,1
"2025-12-03 03:30:00",20299,0,0,19.8,1
"2025-12-03 03:36:00",20300,0,0,19.8,1
"2025-12-03 03:42:00",20301,0,0,19.8,1
"2025-12-03 03:48:00",20302,0,0,19.8,1
"2025-12-03 03:54:00",20303,0,0,19.8,1
"2025-12-03 04:00:00",20304,0,0,19.8,1
"2025-12-03 04:06:00",20305,0,0,19.8,1
"2025-12-03 04:12:00",20306,0,0,19.8,1
"2025-12-03 04:18:00",20307,0,0,19.9,1
"2025-12-03 04:24:00",20308,0,0,19.9,1
"2025-12-03 04:30:00",20309,0,0,19.8,1
"2025-12-03 04:36:00",20310,0,0,19.8,1
"2025-12-03 04:42:00",20311,0,0,19.8,1
"2025-12-03 04:48:00",20312,0,0,19.9,1
"2025-12-03 04:54:00",20313,0,0,19.8,1
"2025-12-03 05:00:00",20314,0,0,19.8,1
"2025-12-03 05:06:00",20315,0,0,19.8,1
"2025-12-03 05:12:00",20316,0,0,19.8,1
"2025-12-03 05:18:00",20317,0,0,19.8,1
"2025-12-03 05:24:00",20318,0,0,19.8,1
"2025-12-03 05:30:00",20319,0,0,19.8,1
"2025-12-03 05:36:00",20320,0,0,19.8,1
"2025-12-03 05:42:00",20321,0,0,19.8,1
"2025-12-03 05:48:00",20322,0,0,19.8,1
"2025-12-03 05:54:00",20323,0,0,19.8,1
"2025-12-03 06:00:00",20324,0,0,19.8,1
"2025-12-03 06:06:00",20325,0,-0.01,19.7,1
"2025-12-03 06:12:00",20326,0,0,19.7,1
"2025-12-03 06:18:00",20327,0,0,19.7,1
"2025-12-03 06:24:00",20328,0,0,19.7,1
"2025-12-03 06:30:00",20329,0,0,19.7,1
"2025-12-03 06:36:00",20330,0,0,19.7,1
"2025-12-03 06:42:00",20331,0,0,19.7,1
"2025-12-03 06:48:00",20332,0,0,19.7,1
"2025-12-03 06:54:00",20333,0,0,19.7,1
"2025-12-03 07:00:00",20334,0,0,19.7,1
"2025-12-03 07:06:00",20335,0,0,19.7,1
"2025-12-03 07:12:00",20336,0,0,19.7,1
"2025-12-03 07:18:00",20337,0,0,19.7,1
"2025-12-03 07:24:00",20338,0,0,19.7,1
"2025-12-03 07:30:00",20339,0,0,19.7,1
"2025-12-03 07:36:00",20340,0,0,19.7,1
"2025-12-03 07:42:00",20341,0,0,19.7,1
"2025-12-03 07:48:00",20342,0,0,19.7,1
"2025-12-03 07:54:00",20343,0,0,19.8,1
"2025-12-03 08:00:00",20344,0,0,19.8,1
"2025-12-03 08:06:00",20345,0,0,19.9,1
"2025-12-03 08:12:00",20346,0,0,19.9,1
"2025-12-03 08:18:00",20347,0,0,19.9,1
"2025-12-03 08:24:00",20348,0,0,19.9,1
"2025-12-03 08:30:00",20349,0,0.01,19.9,1
"2025-12-03 08:36:00",20350,0,0.01,19.9,1
"2025-12-03 08:42:00",20351,0,0,19.9,1
"2025-12-03 08:48:00",20352,0,0,19.9,1
"2025-12-03 08:54:00",20353,0,0,19.9,1
"2025-12-03 09:00:00",20354,0,0.01,19.9,1
"2025-12-03 09:06:00",20355,0,0.01,19.9,1
"2025-12-03 09:12:00",20356,0,0.01,20,1
"2025-12-03 09:18:00",20357,0,0,20,1
"2025-12-03 09:24:00",20358,0,0,20,1
"2025-12-03 09:30:00",20359,0,0,20,1
"2025-12-03 09:36:00",20360,0,0,20,1
"2025-12-03 09:42:00",20361,0,0,20,1
"2025-12-03 09:48:00",20362,0,0.01,20,1
"2025-12-03 09:54:00",20363,0,0.01,20,1
"2025-12-03 10:00:00",20364,0,0.01,20,1
"2025-12-03 10:06:00",20365,0,0.01,20,1
"2025-12-03 10:12:00",20366,0,0.01,20,1
"2025-12-03 10:18:00",20367,0,0.01,20.1,1
"2025-12-03 10:24:00",20368,0,0,20.1,1
"2025-12-03 10:30:00",20369,0,0,20.1,1
"2025-12-03 10:36:00",20370,0,0.01,20.1,1
"2025-12-03 10:42:00",20371,0,0.01,20.1,1
"2025-12-03 10:48:00",20372,0,0.01,20.1,1
"2025-12-03 10:54:00",20373,0,0.01,20.1,1
"2025-12-03 11:00:00",20374,0,0.01,20.1,1
"2025-12-03 11:06:00",20375,0,0.01,20.1,1
"2025-12-03 11:12:00",20376,0,0.01,20,1
"2025-12-03 11:18:00",20377,0,0,19.9,1
"2025-12-03 11:24:00",20378,0,0,19.8,1
"2025-12-03 11:30:00",20379,0,0,19.7,1
"2025-12-03 11:36:00",20380,0,0,19.5,1
"2025-12-03 11:42:00",20381,0,0,19.4,1
"2025-12-03 11:48:00",20382,0,0,19.3,1
"2025-12-03 11:54:00",20383,0,0,19.2,1
"2025-12-03 12:00:00",20384,0,0,19.1,1
"2025-12-03 12:06:00",20385,0,0,19,1
"2025-12-03 12:12:00",20386,0,0,19,1
"2025-12-03 12:18:00",20387,0,0,18.9,1
"2025-12-03 12:24:00",20388,0,0,18.9,1
"2025-12-03 12:30:00",20389,0,0,18.8,1
"2025-12-03 12:36:00",20390,0,0,18.8,1
"2025-12-03 12:42:00",20391,0,0,18.7,1
"2025-12-03 12:48:00",20392,0,0,18.7,1
"2025-12-03 12:54:00",20393,0,0,18.7,1
"2025-12-03 13:00:00",20394,0,0,18.7,1
"2025-12-03 13:06:00",20395,0,0,18.6,1
"2025-12-03 13:12:00",20396,0,0,18.6,1
"2025-12-03 13:18:00",20397,0,0,18.6,1
"2025-12-03 13:24:00",20398,0,0,18.6,1
"2025-12-03 13:30:00",20399,0,0,18.5,1
"2025-12-03 13:36:00",20400,0,0,18.5,1
"2025-12-03 13:42:00",20401,0,0,18.5,1
"2025-12-03 13:48:00",20402,0,0,18.5,1
"2025-12-03 13:54:00",20403,0,0,18.5,1
"2025-12-03 14:00:00",20404,0,0,18.5,1
"2025-12-03 14:06:00",20405,0,0,18.4,1
"2025-12-03 14:12:00",20406,0,0,18.4,1
"2025-12-03 14:18:00",20407,0,0,18.4,1
"2025-12-03 14:24:00",20408,0,0,18.4,1
"2025-12-03 14:30:00",20409,0,0,18.4,1
"2025-12-03 14:36:00",20410,0,0,18.3,1
"2025-12-03 14:42:00",20411,0,0,18.3,1
"2025-12-03 14:48:00",20412,0,0,18.3,1
"2025-12-03 14:54:00",20413,0,0,18.3,1
"2025-12-03 15:00:00",20414,0,0,18.3,1
"2025-12-03 15:06:00",20415,0,-0.01,18.3,1
"2025-12-03 15:12:00",20416,0,0,18.3,1
"2025-12-03 15:18:00",20417,0,0,18.4,1
"2025-12-03 15:24:00",20418,0,0,18.5,1
"2025-12-03 15:30:00",20419,0,0,18.6,1
"2025-12-03 15:36:00",20420,0,0,18.7,1
"2025-12-03 15:42:00",20421,0,0,18.8,1
"2025-12-03 15:48:00",20422,0,0,18.9,1
"2025-12-03 15:54:00",20423,0,0,19.1,1
"2025-12-03 16:00:00",20424,0,0,19.2,1
"2025-12-03 16:06:00",20425,0,0,19.2,1
"2025-12-03 16:12:00",20426,0,0,19.3,1
"2025-12-03 16:18:00",20427,0,0,19.4,1
"2025-12-03 16:24:00",20428,0,0.01,19.5,1
"2025-12-03 16:30:00",20429,0,0,19.5,1
"2025-12-03 16:36:00",20430,0,0,19.6,1
"2025-12-03 16:42:00",20431,0,0,19.6,1
"2025-12-03 16:48:00",20432,0,0,19.7,1
"2025-12-03 16:54:00",20433,0,0,19.7,1
"2025-12-03 17:00:00",20434,0,0,19.8,1
"2025-12-03 17:06:00",20435,0,0,19.8,1
"2025-12-03 17:12:00",20436,0,0,19.9,1
"2025-12-03 17:18:00",20437,0,0.01,19.9,1
"2025-12-03 17:24:00",20438,0,0.01,19.9,1
"2025-12-03 17:30:00",20439,0,0.01,19.9,1
"2025-12-03 17:36:00",20440,0,0,19.9,1
"2025-12-03 17:42:00",20441,0,0,19.9,1
"2025-12-03 17:48:00",20442,0,0,19.9,1
"2025-12-03 17:54:00",20443,0,0,19.9,1
"2025-12-03 18:00:00",20444,0,0,19.9,1
"2025-12-03 18:06:00",20445,0,0,19.9,1
"2025-12-03 18:12:00",20446,0,0,19.9,1
"2025-12-03 18:18:00",20447,0,0,19.9,1
"2025-12-03 18:24:00",20448,0,0,19.9,1
"2025-12-03 18:30:00",20449,0,0,19.8,1
"2025-12-03 18:36:00",20450,0,0,19.8,1
"2025-12-03 18:42:00",20451,0,0,19.8,1
"2025-12-03 18:48:00",20452,0,0,19.8,1
"2025-12-03 18:54:00",20453,0,0,19.8,1
"2025-12-03 19:00:00",20454,0,0,19.8,1
"2025-12-03 19:06:00",20455,0,0,19.7,1
"2025-12-03 19:12:00",20456,0,0,19.7,1
"2025-12-03 19:18:00",20457,0,0,19.7,1
"2025-12-03 19:24:00",20458,0,0,19.7,1
"2025-12-03 19:30:00",20459,0,0,19.7,1
"2025-12-03 19:36:00",20460,0,0,19.7,1
"2025-12-03 19:42:00",20461,0,0,19.7,1
"2025-12-03 19:48:00",20462,0,0,19.7,1
"2025-12-03 19:54:00",20463,0,0,19.7,1
"2025-12-03 20:00:00",20464,0,0,19.6,1
"2025-12-03 20:06:00",20465,0,0,19.6,1
"2025-12-03 20:12:00",20466,0,0,19.5,1
"2025-12-03 20:18:00",20467,0,0,19.5,1
"2025-12-03 20:24:00",20468,0,0,19.5,1
"2025-12-03 20:30:00",20469,0,0,19.5,1
"2025-12-03 20:36:00",20470,0,0,19.5,1
"2025-12-03 20:42:00",20471,0,0,19.5,1
"2025-12-03 20:48:00",20472,0,0,19.5,1
"2025-12-03 20:54:00",20473,0,0,19.5,1
"2025-12-03 21:00:00",20474,0,0,19.5,1
"2025-12-03 21:06:00",20475,0,0,19.5,1
"2025-12-03 21:12:00",20476,0,0,19.5,1
"2025-12-03 21:18:00",20477,0,0,19.5,1
"2025-12-03 21:24:00",20478,0,0,19.5,1
"2025-12-03 21:30:00",20479,0,0,19.6,1
"2025-12-03 21:36:00",20480,0,0,19.6,1
"2025-12-03 21:42:00",20481,0,0,19.6,1
"2025-12-03 21:48:00",20482,0,0,19.5,1
"2025-12-03 21:54:00",20483,0,0,19.5,1
"2025-12-03 22:00:00",20484,0,0,19.5,1
"2025-12-03 22:06:00",20485,0,0,19.5,1
"2025-12-03 22:12:00",20486,0,0,19.5,1
"2025-12-03 22:18:00",20487,0,0,19.5,1
"2025-12-03 22:24:00",20488,0,0,19.5,1
"2025-12-03 22:30:00",20489,0,0,19.5,1
"2025-12-03 22:36:00",20490,0,0,19.5,1
"2025-12-03 22:42:00",20491,0,0,19.5,1
"2025-12-03 22:48:00",20492,0,0,19.5,1
"2025-12-03 22:54:00",20493,0,0,19.6,1
"2025-12-03 23:00:00",20494,0,0,19.6,1
"2025-12-03 23:06:00",20495,0,0,19.6,1
"2025-12-03 23:12:00",20496,0,0,19.6,1
"2025-12-03 23:18:00",20497,0,0,19.6,1
"2025-12-03 23:24:00",20498,0,0,19.6,1
"2025-12-03 23:30:00",20499,0,0,19.6,1
"2025-12-03 23:36:00",20500,0,0,19.6,1
"2025-12-03 23:42:00",20501,0,0,19.6,1
"2025-12-03 23:48:00",20502,0,0,19.6,1
"2025-12-03 23:54:00",20503,0,0,19.6,1
"2025-12-04 00:00:00",20504,0,0,19.6,1
"2025-12-04 00:06:00",20505,0,0,19.6,1
"2025-12-04 00:12:00",20506,0,0,19.6,1
"2025-12-04 00:18:00",20507,0,0,19.6,1
"2025-12-04 00:24:00",20508,0,0,19.6,1
"2025-12-04 00:30:00",20509,0,0,19.6,1
"2025-12-04 00:36:00",20510,0,0,19.6,1
"2025-12-04 00:42:00",20511,0,0,19.6,1
"2025-12-04 00:48:00",20512,0,0,19.6,1
"2025-12-04 00:54:00",20513,0,0,19.6,1
"2025-12-04 01:00:00",20514,0,0,19.6,1
"2025-12-04 01:06:00",20515,0,0,19.6,1
"2025-12-04 01:12:00",20516,0,0,19.5,1
"2025-12-04 01:18:00",20517,0,0,19.5,1
"2025-12-04 01:24:00",20518,0,0,19.5,1
"2025-12-04 01:30:00",20519,0,0,19.5,1
"2025-12-04 01:36:00",20520,0,0,19.5,1
"2025-12-04 01:42:00",20521,0,0,19.5,1
"2025-12-04 01:48:00",20522,0,0,19.5,1
"2025-12-04 01:54:00",20523,0,0,19.5,1
"2025-12-04 02:00:00",20524,0,0,19.5,1
"2025-12-04 02:06:00",20525,0,0,19.6,1
"2025-12-04 02:12:00",20526,0,0,19.6,1
"2025-12-04 02:18:00",20527,0,0,19.6,1
"2025-12-04 02:24:00",20528,0,0,19.6,1
"2025-12-04 02:30:00",20529,0,0,19.6,1
"2025-12-04 02:36:00",20530,0,0,19.5,1
"2025-12-04 02:42:00",20531,0,0,19.5,1
"2025-12-04 02:48:00",20532,0,0,19.5,1
"2025-12-04 02:54:00",20533,0,0,19.5,1
"2025-12-04 03:00:00",20534,0,0,19.5,1
"2025-12-04 03:06:00",20535,0,0,19.5,1
"2025-12-04 03:12:00",20536,0,0,19.5,1
"2025-12-04 03:18:00",20537,0,0,19.6,1
"2025-12-04 03:24:00",20538,0,0,19.6,1
"2025-12-04 03:30:00",20539,0,0,19.5,1
"2025-12-04 03:36:00",20540,0,0,19.5,1
"2025-12-04 03:42:00",20541,0,0,19.5,1
"2025-12-04 03:48:00",20542,0,0,19.5,1
"2025-12-04 03:54:00",20543,0,0,19.5,1
"2025-12-04 04:00:00",20544,0,0,19.5,1
"2025-12-04 04:06:00",20545,0,0,19.5,1
"2025-12-04 04:12:00",20546,0,0,19.5,1
"2025-12-04 04:18:00",20547,0,0,19.5,1
"2025-12-04 04:24:00",20548,0,0,19.5,1
"2025-12-04 04:30:00",20549,0,0,19.5,1
"2025-12-04 04:36:00",20550,0,0,19.4,1
"2025-12-04 04:42:00",20551,0,0,19.4,1
"2025-12-04 04:48:00",20552,0,0,19.4,1
"2025-12-04 04:54:00",20553,0,0,19.4,1
"2025-12-04 05:00:00",20554,0,0,19.4,1
"2025-12-04 05:06:00",20555,0,0,19.4,1
"2025-12-04 05:12:00",20556,0,0,19.3,1
"2025-12-04 05:18:00",20557,0,0,19.3,1
"2025-12-04 05:24:00",20558,0,-0.01,19.3,1
"2025-12-04 05:30:00",20559,0,0,19.3,1
"2025-12-04 05:36:00",20560,0,0,19.3,1
"2025-12-04 05:42:00",20561,0,0,19.2,1
"2025-12-04 05:48:00",20562,0,0,19.2,1
"2025-12-04 05:54:00",20563,0,0,19.2,1
"2025-12-04 06:00:00",20564,0,0,19.2,1
"2025-12-04 06:06:00",20565,0,0,19.2,1
"2025-12-04 06:12:00",20566,0,0,19.1,1
"2025-12-04 06:18:00",20567,0,0,19.1,1
"2025-12-04 06:24:00",20568,0,0,19.2,1
"2025-12-04 06:30:00",20569,0,0,19.2,1
"2025-12-04 06:36:00",20570,0,0,19.2,1
"2025-12-04 06:42:00",20571,0,0,19.2,1
"2025-12-04 06:48:00",20572,0,0,19.3,1
"2025-12-04 06:54:00",20573,0,0,19.3,1
"2025-12-04 07:00:00",20574,0,0,19.3,1
"2025-12-04 07:06:00",20575,0,0,19.3,1
"2025-12-04 07:12:00",20576,0,0,19.3,1
"2025-12-04 07:18:00",20577,0,0.01,19.4,1
"2025-12-04 07:24:00",20578,0,0.01,19.4,1
"2025-12-04 07:30:00",20579,0,0.01,19.4,1
"2025-12-04 07:36:00",20580,0,0,19.4,1
"2025-12-04 07:42:00",20581,0,0,19.4,1
"2025-12-04 07:48:00",20582,0,0,19.4,1
"2025-12-04 07:54:00",20583,0,0,19.4,1
"2025-12-04 08:00:00",20584,0,0,19.4,1
"2025-12-04 08:06:00",20585,0,0,19.4,1
"2025-12-04 08:12:00",20586,0,0,19.5,1
"2025-12-04 08:18:00",20587,0,0,19.5,1
"2025-12-04 08:24:00",20588,0,0,19.5,1
"2025-12-04 08:30:00",20589,0,0,19.5,1
"2025-12-04 08:36:00",20590,0,0,19.6,1
"2025-12-04 08:42:00",20591,0,0,19.6,1
"2025-12-04 08:48:00",20592,0,0,19.6,1
"2025-12-04 08:54:00",20593,0,0,19.6,1
"2025-12-04 09:00:00",20594,0,0,19.6,1
"2025-12-04 09:06:00",20595,0,0,19.6,1
"2025-12-04 09:12:00",20596,0,0,19.6,1
"2025-12-04 09:18:00",20597,0,0,19.7,1
"2025-12-04 09:24:00",20598,0,0,19.7,1
"2025-12-04 09:30:00",20599,0,0.01,19.7,1
"2025-12-04 09:36:00",20600,0,0,19.7,1
"2025-12-04 09:42:00",20601,0,0,19.8,1
"2025-12-04 09:48:00",20602,0,0,19.8,1
"2025-12-04 09:54:00",20603,0,0,19.8,1
"2025-12-04 10:00:00",20604,0,0,19.8,1
"2025-12-04 10:06:00",20605,0,0,19.9,1
"2025-12-04 10:12:00",20606,0,0.01,19.9,1
"2025-12-04 10:18:00",20607,0,0.01,19.9,1
"2025-12-04 10:24:00",20608,0,0.01,19.9,1
"2025-12-04 10:30:00",20609,0,0,20,1
"2025-12-04 10:36:00",20610,0,0,20,1
"2025-12-04 10:42:00",20611,0,0,20.1,1
"2025-12-04 10:48:00",20612,0,0,20.1,1
"2025-12-04 10:54:00",20613,0,0,20.1,1
"2025-12-04 11:00:00",20614,0,0,20.1,1
"2025-12-04 11:06:00",20615,0,0.01,20.2,1
"2025-12-04 11:12:00",20616,0,0,20.2,1
"2025-12-04 11:18:00",20617,0,0,20.2,1
"2025-12-04 11:24:00",20618,0,0,20.1,1
"2025-12-04 11:30:00",20619,0,0,20,1
"2025-12-04 11:36:00",20620,0,0,19.9,1
"2025-12-04 11:42:00",20621,0,0,19.7,1
"2025-12-04 11:48:00",20622,0,0,19.6,1
"2025-12-04 11:54:00",20623,0,0,19.5,1
"2025-12-04 12:00:00",20624,0,0,19.4,1
"2025-12-04 12:06:00",20625,0,0,19.3,1
"2025-12-04 12:12:00",20626,0,0,19.2,1
"2025-12-04 12:18:00",20627,0,0,19.1,1
"2025-12-04 12:24:00",20628,0,0,19,1
"2025-12-04 12:30:00",20629,0,0,19,1
"2025-12-04 12:36:00",20630,0,0,18.9,1
"2025-12-04 12:42:00",20631,0,0,18.8,1
"2025-12-04 12:48:00",20632,0,0,18.8,1
"2025-12-04 12:54:00",20633,0,0,18.7,1
"2025-12-04 13:00:00",20634,0,0,18.7,1
"2025-12-04 13:06:00",20635,0,0,18.8,1
"2025-12-04 13:12:00",20636,0,0,18.8,1
"2025-12-04 13:18:00",20637,0,0,18.9,1
"2025-12-04 13:24:00",20638,0,0,19,1
"2025-12-04 13:30:00",20639,0,0,19,1
"2025-12-04 13:36:00",20640,0,0,19.1,1
"2025-12-04 13:42:00",20641,0,0,19.2,1
"2025-12-04 13:48:00",20642,0,0,19.3,1
"2025-12-04 13:54:00",20643,0,0,19.4,1
"2025-12-04 14:00:00",20644,0,0,19.4,1
"2025-12-04 14:06:00",20645,0,0,19.5,1
"2025-12-04 14:12:00",20646,0,0,19.5,1
"2025-12-04 14:18:00",20647,0,0,19.5,1
"2025-12-04 14:24:00",20648,0,0,19.6,1
"2025-12-04 14:30:00",20649,0,0,19.6,1
"2025-12-04 14:36:00",20650,0,0,19.6,1
"2025-12-04 14:42:00",20651,0,0,19.7,1
"2025-12-04 14:48:00",20652,0,0,19.7,1
"2025-12-04 14:54:00",20653,0,0,19.8,1
"2025-12-04 15:00:00",20654,0,0,19.8,1
"2025-12-04 15:06:00",20655,0,0,19.8,1
"2025-12-04 15:12:00",20656,0,0,19.9,1
"2025-12-04 15:18:00",20657,0,0,19.9,1
"2025-12-04 15:24:00",20658,0,0,19.9,1
"2025-12-04 15:30:00",20659,0,0,20,1
"2025-12-04 15:36:00",20660,0,0,20,1
"2025-12-04 15:42:00",20661,0,0,20,1
"2025-12-04 15:48:00",20662,0,0,20,1
"2025-12-04 15:54:00",20663,0,0.01,20.1,1
"2025-12-04 16:00:00",20664,0,0.01,20.1,1
"2025-12-04 16:06:00",20665,0,0,20.1,1
"2025-12-04 16:12:00",20666,0,0,20.1,1
"2025-12-04 16:18:00",20667,0,0,20.1,1
"2025-12-04 16:24:00",20668,0,0,20.1,1
"2025-12-04 16:30:00",20669,0,0,20.2,1
"2025-12-04 16:36:00",20670,0,0,20.2,1
"2025-12-04 16:42:00",20671,0,0,20.2,1
"2025-12-04 16:48:00",20672,0,0,20.2,1
"2025-12-04 16:54:00",20673,0,0,20.2,1
"2025-12-04 17:00:00",20674,0,0,20.2,1
"2025-12-04 17:06:00",20675,0,0,20.2,1
"2025-12-04 17:12:00",20676,0,0,20.2,1
"2025-12-04 17:18:00",20677,0,0,20.2,1
"2025-12-04 17:24:00",20678,0,0,20.2,1
"2025-12-04 17:30:00",20679,0,0,20.2,1
"2025-12-04 17:36:00",20680,0,0,20.2,1
"2025-12-04 17:42:00",20681,0,0,20.2,1
"2025-12-04 17:48:00",20682,0,0,20.2,1
"2025-12-04 17:54:00",20683,0,0,20.2,1
"2025-12-04 18:00:00",20684,0,0,20.2,1
"2025-12-04 18:06:00",20685,0,0,20.2,1
"2025-12-04 18:12:00",20686,0,0,20.2,1
"2025-12-04 18:18:00",20687,0,0,20.2,1
"2025-12-04 18:24:00",20688,0,0,20.2,1
"2025-12-04 18:30:00",20689,0,0,20.2,1
"2025-12-04 18:36:00",20690,0,0,20.2,1
"2025-12-04 18:42:00",20691,0,0,20.2,1
"2025-12-04 18:48:00",20692,0,0,20.1,1
"2025-12-04 18:54:00",20693,0,0,20.1,1
"2025-12-04 19:00:00",20694,0,0,20.1,1
"2025-12-04 19:06:00",20695,0,0,20.1,1
"2025-12-04 19:12:00",20696,0,0,20.1,1
"2025-12-04 19:18:00",20697,0,0,20.1,1
"2025-12-04 19:24:00",20698,0,0,20.1,1
"2025-12-04 19:30:00",20699,0,0,20.1,1
"2025-12-04 19:36:00",20700,0,0,20,1
"2025-12-04 19:42:00",20701,0,0,20,1
"2025-12-04 19:48:00",20702,0,0,20,1
"2025-12-04 19:54:00",20703,0,0,20,1
"2025-12-04 20:00:00",20704,0,0,20,1
"2025-12-04 20:06:00",20705,0,0,20,1
"2025-12-04 20:12:00",20706,0,0,20,1
"2025-12-04 20:18:00",20707,0,0,20,1
"2025-12-04 20:24:00",20708,0,0,20,1
"2025-12-04 20:30:00",20709,0,0,20,1
"2025-12-04 20:36:00",20710,0,0,20,1
"2025-12-04 20:42:00",20711,0,0,20,1
"2025-12-04 20:48:00",20712,0,0,20,1
"2025-12-04 20:54:00",20713,0,0,20,1
"2025-12-04 21:00:00",20714,0,0,20,1
"2025-12-04 21:06:00",20715,0,0,19.9,1
"2025-12-04 21:12:00",20716,0,0,19.9,1
"2025-12-04 21:18:00",20717,0,0,19.9,1
"2025-12-04 21:24:00",20718,0,0,19.9,1
"2025-12-04 21:30:00",20719,0,0,19.9,1
"2025-12-04 21:36:00",20720,0,0,19.9,1
"2025-12-04 21:42:00",20721,0,0,19.9,1
"2025-12-04 21:48:00",20722,0,0,19.8,1
"2025-12-04 21:54:00",20723,0,0,19.8,1
"2025-12-04 22:00:00",20724,0,0,19.8,1
"2025-12-04 22:06:00",20725,0,0,19.8,1
"2025-12-04 22:12:00",20726,0,0,19.8,1
"2025-12-04 22:18:00",20727,0,0,19.8,1
"2025-12-04 22:24:00",20728,0,0,19.8,1
"2025-12-04 22:30:00",20729,0,0,19.8,1
"2025-12-04 22:36:00",20730,0,0,19.8,1
"2025-12-04 22:42:00",20731,0,0,19.8,1
"2025-12-04 22:48:00",20732,0,0,19.8,1
"2025-12-04 22:54:00",20733,0,0,19.7,1
"2025-12-04 23:00:00",20734,0,0,19.7,1
"2025-12-04 23:06:00",20735,0,0,19.7,1
"2025-12-04 23:12:00",20736,0,0,19.7,1
"2025-12-04 23:18:00",20737,0,0,19.7,1
"2025-12-04 23:24:00",20738,0,0,19.7,1
"2025-12-04 23:30:00",20739,0,0,19.7,1
"2025-12-04 23:36:00",20740,0,0,19.7,1
"2025-12-04 23:42:00",20741,0,0,19.7,1
"2025-12-04 23:48:00",20742,0,0,19.7,1
"2025-12-04 23:54:00",20743,0,0,19.7,1
"2025-12-05 00:00:00",20744,0,0,19.7,1
"2025-12-05 00:06:00",20745,0,0,19.7,1
"2025-12-05 00:12:00",20746,0,0,19.6,1
"2025-12-05 00:18:00",20747,0,-0.01,19.6,1
"2025-12-05 00:24:00",20748,0,0,19.6,1
"2025-12-05 00:30:00",20749,0,0,19.6,1
"2025-12-05 00:36:00",20750,0,0,19.6,1
"2025-12-05 00:42:00",20751,0,0,19.6,1
"2025-12-05 00:48:00",20752,0,0,19.6,1
"2025-12-05 00:54:00",20753,0,0,19.6,1
"2025-12-05 01:00:00",20754,0,0,19.6,1
"2025-12-05 01:06:00",20755,0,0,19.6,1
"2025-12-05 01:12:00",20756,0,0,19.5,1
"2025-12-05 01:18:00",20757,0,0,19.5,1
"2025-12-05 01:24:00",20758,0,0,19.5,1
"2025-12-05 01:30:00",20759,0,0,19.5,1
"2025-12-05 01:36:00",20760,0,0,19.5,1
"2025-12-05 01:42:00",20761,0,0,19.5,1
"2025-12-05 01:48:00",20762,0,0,19.5,1
"2025-12-05 01:54:00",20763,0,0,19.5,1
"2025-12-05 02:00:00",20764,0,0,19.5,1
"2025-12-05 02:06:00",20765,0,0,19.5,1
"2025-12-05 02:12:00",20766,0,0,19.5,1
"2025-12-05 02:18:00",20767,0,0,19.5,1
"2025-12-05 02:24:00",20768,0,0,19.6,1
"2025-12-05 02:30:00",20769,0,0,19.6,1
"2025-12-05 02:36:00",20770,0,0,19.7,1
"2025-12-05 02:42:00",20771,0,0,19.7,1
"2025-12-05 02:48:00",20772,0,0,19.7,1
"2025-12-05 02:54:00",20773,0,0,19.7,1
"2025-12-05 03:00:00",20774,0,0,19.7,1
"2025-12-05 03:06:00",20775,0,0,19.7,1
"2025-12-05 03:12:00",20776,0,0,19.7,1
"2025-12-05 03:18:00",20777,0,0.01,19.7,1
"2025-12-05 03:24:00",20778,0,0.01,19.8,1
"2025-12-05 03:30:00",20779,0,0.01,19.8,1
"2025-12-05 03:36:00",20780,0,0.01,19.8,1
"2025-12-05 03:42:00",20781,0,0,19.8,1
"2025-12-05 03:48:00",20782,0,0,19.8,1
"2025-12-05 03:54:00",20783,0,0,19.8,1
"2025-12-05 04:00:00",20784,0,0,19.8,1
"2025-12-05 04:06:00",20785,0,0,19.8,1
"2025-12-05 04:12:00",20786,0,0,19.8,1
"2025-12-05 04:18:00",20787,0,0,19.8,1
"2025-12-05 04:24:00",20788,0,0,19.8,1
"2025-12-05 04:30:00",20789,0,0,19.8,1
"2025-12-05 04:36:00",20790,0,0,19.8,1
"2025-12-05 04:42:00",20791,0,0,19.8,1
"2025-12-05 04:48:00",20792,0,0,19.7,1
"2025-12-05 04:54:00",20793,0,0,19.7,1
"2025-12-05 05:00:00",20794,0,0,19.7,1
"2025-12-05 05:06:00",20795,0,0,19.7,1
"2025-12-05 05:12:00",20796,0,0,19.7,1
"2025-12-05 05:18:00",20797,0,0,19.7,1
"2025-12-05 05:24:00",20798,0,0,19.7,1
"2025-12-05 05:30:00",20799,0,0,19.7,1
"2025-12-05 05:36:00",20800,0,0,19.7,1
"2025-12-05 05:42:00",20801,0,0,19.7,1
"2025-12-05 05:48:00",20802,0,0,19.7,1
"2025-12-05 05:54:00",20803,0,0,19.7,1
"2025-12-05 06:00:00",20804,0,0,19.8,1
"2025-12-05 06:06:00",20805,0,0,19.8,1
"2025-12-05 06:12:00",20806,0,0,19.9,1
"2025-12-05 06:18:00",20807,0,0,19.9,1
"2025-12-05 06:24:00",20808,0,0,19.9,1
"2025-12-05 06:30:00",20809,0,0,19.9,1
"2025-12-05 06:36:00",20810,0,0,19.9,1
"2025-12-05 06:42:00",20811,0,0,19.9,1
"2025-12-05 06:48:00",20812,0,0,19.8,1
"2025-12-05 06:54:00",20813,0,0,19.8,1
"2025-12-05 07:00:00",20814,0,0,19.8,1
"2025-12-05 07:06:00",20815,0,0,19.8,1
"2025-12-05 07:12:00",20816,0,0,19.8,1
"2025-12-05 07:18:00",20817,0,0,19.9,1
"2025-12-05 07:24:00",20818,0,0,19.9,1
"2025-12-05 07:30:00",20819,0,0,19.9,1
"2025-12-05 07:36:00",20820,0,0,19.9,1
"2025-12-05 07:42:00",20821,0,0,19.9,1
"2025-12-05 07:48:00",20822,0,0,20,1
"2025-12-05 07:54:00",20823,0,0,20,1
"2025-12-05 08:00:00",20824,0,0,20.1,1
"2025-12-05 08:06:00",20825,0,0,20.1,1
"2025-12-05 08:12:00",20826,0,0,20,1
"2025-12-05 08:18:00",20827,0,0,20,1
"2025-12-05 08:24:00",20828,0,0,20,1
"2025-12-05 08:30:00",20829,0,0,20,1
"2025-12-05 08:36:00",20830,0,0,20,1
"2025-12-05 08:42:00",20831,0,0,20,1
"2025-12-05 08:48:00",20832,0,0,20,1
"2025-12-05 08:54:00",20833,0,0,20,1
"2025-12-05 09:00:00",20834,0,0,20,1
"2025-12-05 09:06:00",20835,0,0,19.9,1
"2025-12-05 09:12:00",20836,0,0,19.9,1
"2025-12-05 09:18:00",20837,0,0,19.9,1
"2025-12-05 09:24:00",20838,0,0,19.9,1
"2025-12-05 09:30:00",20839,0,0,19.9,1
"2025-12-05 09:36:00",20840,0,0,19.8,1
"2025-12-05 09:42:00",20841,0,0,19.8,1
"2025-12-05 09:48:00",20842,0,0,19.8,1
"2025-12-05 09:54:00",20843,0,0,19.8,1
"2025-12-05 10:00:00",20844,0,0,19.8,1
"2025-12-05 10:06:00",20845,0,0,19.8,1
"2025-12-05 10:12:00",20846,0,0,19.7,1
"2025-12-05 10:18:00",20847,0,0,19.7,1
"2025-12-05 10:24:00",20848,0,0,19.7,1
"2025-12-05 10:30:00",20849,0,0,19.6,1
"2025-12-05 10:36:00",20850,0,0,19.6,1
"2025-12-05 10:42:00",20851,0,0,19.6,1
"2025-12-05 10:48:00",20852,0,0,19.6,1
"2025-12-05 10:54:00",20853,0,0,19.6,1
"2025-12-05 11:00:00",20854,0,0,19.5,1
"2025-12-05 11:06:00",20855,0,0,19.5,1
"2025-12-05 11:12:00",20856,0,0,19.5,1
"2025-12-05 11:18:00",20857,0,0,19.5,1
"2025-12-05 11:24:00",20858,0,0,19.5,1
"2025-12-05 11:30:00",20859,0,0,19.5,1
"2025-12-05 11:36:00",20860,0,0,19.5,1
"2025-12-05 11:42:00",20861,0,0,19.4,1
"2025-12-05 11:48:00",20862,0,0,19.4,1
"2025-12-05 11:54:00",20863,0,0,19.4,1
"2025-12-05 12:00:00",20864,0,0,19.4,1
"2025-12-05 12:06:00",20865,0,0,19.4,1
"2025-12-05 12:12:00",20866,0,0,19.4,1
"2025-12-05 12:18:00",20867,0,0,19.5,1
"2025-12-05 12:24:00",20868,0,0,19.5,1
"2025-12-05 12:30:00",20869,0,0,19.5,1
"2025-12-05 12:36:00",20870,0,0,19.5,1
"2025-12-05 12:42:00",20871,0,0,19.6,1
"2025-12-05 12:48:00",20872,0,0,19.6,1
"2025-12-05 12:54:00",20873,0,0,19.6,1
"2025-12-05 13:00:00",20874,0,0,19.6,1
"2025-12-05 13:06:00",20875,0,0,19.6,1
"2025-12-05 13:12:00",20876,0,0,19.6,1
"2025-12-05 13:18:00",20877,0,0,19.6,1
"2025-12-05 13:24:00",20878,0,0,19.6,1
"2025-12-05 13:30:00",20879,0,0,19.6,1
"2025-12-05 13:36:00",20880,0,0,19.6,1
"2025-12-05 13:42:00",20881,0,0,19.6,1
"2025-12-05 13:48:00",20882,0,0,19.6,1
"2025-12-05 13:54:00",20883,0,0,19.6,1
"2025-12-05 14:00:00",20884,0,0,19.6,1
"2025-12-05 14:06:00",20885,0,0,19.7,1
"2025-12-05 14:12:00",20886,0,0,19.7,1
"2025-12-05 14:18:00",20887,0,0,19.7,1
"2025-12-05 14:24:00",20888,0,0,19.6,1
"2025-12-05 14:30:00",20889,0,0,19.6,1
"2025-12-05 14:36:00",20890,0,0,19.6,1
"2025-12-05 14:42:00",20891,0,0,19.6,1
"2025-12-05 14:48:00",20892,0,0,19.6,1
"2025-12-05 14:54:00",20893,0,0,19.6,1
"2025-12-05 15:00:00",20894,0,0,19.7,1
"2025-12-05 15:06:00",20895,0,0,19.7,1
"2025-12-05 15:12:00",20896,0,0,19.7,1
"2025-12-05 15:18:00",20897,0,0,19.7,1
"2025-12-05 15:24:00",20898,0,0,19.7,1
"2025-12-05 15:30:00",20899,0,0,19.7,1
"2025-12-05 15:36:00",20900,0,0,19.7,1
"2025-12-05 15:42:00",20901,0,0,19.7,1
"2025-12-05 15:48:00",20902,0,0,19.7,1
"2025-12-05 15:54:00",20903,0,0,19.7,1
"2025-12-05 16:00:00",20904,0,0,19.7,1
"2025-12-05 16:06:00",20905,0,0,19.7,1
"2025-12-05 16:12:00",20906,0,0,19.7,1
"2025-12-05 16:18:00",20907,0,0,19.7,1
"2025-12-05 16:24:00",20908,0,0,19.8,1
"2025-12-05 16:30:00",20909,0,0,19.8,1
"2025-12-05 16:36:00",20910,0,0,19.8,1
"2025-12-05 16:42:00",20911,0,0,19.7,1
"2025-12-05 16:48:00",20912,0,0,19.7,1
"2025-12-05 16:54:00",20913,0,0,19.7,1
"2025-12-05 17:00:00",20914,0,0,19.7,1
"2025-12-05 17:06:00",20915,0,0,19.6,1
"2025-12-05 17:12:00",20916,0,0,19.6,1
"2025-12-05 17:18:00",20917,0,0,19.6,1
"2025-12-05 17:24:00",20918,0,0,19.5,1
"2025-12-05 17:30:00",20919,0,0,19.5,1
"2025-12-05 17:36:00",20920,0,0,19.5,1
"2025-12-05 17:42:00",20921,0,0,19.5,1
"2025-12-05 17:48:00",20922,0,0,19.4,1
"2025-12-05 17:54:00",20923,0,0,19.4,1
"2025-12-05 18:00:00",20924,0,0,19.4,1
"2025-12-05 18:06:00",20925,0,0,19.4,1
"2025-12-05 18:12:00",20926,0,0,19.3,1
"2025-12-05 18:18:00",20927,0,0,19.3,1
"2025-12-05 18:24:00",20928,0,0,19.3,1
"2025-12-05 18:30:00",20929,0,0,19.3,1
"2025-12-05 18:36:00",20930,0,0,19.3,1
"2025-12-05 18:42:00",20931,0,0,19.4,1
"2025-12-05 18:48:00",20932,0,0,19.4,1
"2025-12-05 18:54:00",20933,0,0,19.4,1
"2025-12-05 19:00:00",20934,0,0,19.4,1
"2025-12-05 19:06:00",20935,0,0,19.5,1
"2025-12-05 19:12:00",20936,0,0,19.5,1
"2025-12-05 19:18:00",20937,0,0,19.5,1
"2025-12-05 19:24:00",20938,0,0.01,19.5,1
"2025-12-05 19:30:00",20939,0,0,19.5,1
"2025-12-05 19:36:00",20940,0,0,19.6,1
"2025-12-05 19:42:00",20941,0,0,19.6,1
"2025-12-05 19:48:00",20942,0,0,19.6,1
"2025-12-05 19:54:00",20943,0,0,19.6,1
"2025-12-05 20:00:00",20944,0,0,19.6,1
"2025-12-05 20:06:00",20945,0,0,19.6,1
"2025-12-05 20:12:00",20946,0,0,19.6,1
"2025-12-05 20:18:00",20947,0,0,19.6,1
"2025-12-05 20:24:00",20948,0,0,19.6,1
"2025-12-05 20:30:00",20949,0,0,19.5,1
"2025-12-05 20:36:00",20950,0,0,19.5,1
"2025-12-05 20:42:00",20951,0,0,19.5,1
"2025-12-05 20:48:00",20952,0,0,19.5,1
"2025-12-05 20:54:00",20953,0,0,19.5,1
"2025-12-05 21:00:00",20954,0,0,19.5,1
"2025-12-05 21:06:00",20955,0,0,19.5,1
"2025-12-05 21:12:00",20956,0,0,19.5,1
"2025-12-05 21:18:00",20957,0,0,19.5,1
"2025-12-05 21:24:00",20958,0,0,19.5,1
"2025-12-05 21:30:00",20959,0,0,19.6,1
"2025-12-05 21:36:00",20960,0,0,19.6,1
"2025-12-05 21:42:00",20961,0,0,19.6,1
"2025-12-05 21:48:00",20962,0,0,19.6,1
"2025-12-05 21:54:00",20963,0,0,19.6,1
"2025-12-05 22:00:00",20964,0,0,19.6,1
"2025-12-05 22:06:00",20965,0,0,19.6,1
"2025-12-05 22:12:00",20966,0,0,19.6,1
"2025-12-05 22:18:00",20967,0,0,19.6,1
"2025-12-05 22:24:00",20968,0,0,19.5,1
"2025-12-05 22:30:00",20969,0,0,19.6,1
"2025-12-05 22:36:00",20970,0,0,19.6,1
"2025-12-05 22:42:00",20971,0,0,19.6,1
"2025-12-05 22:48:00",20972,0,0,19.6,1
"2025-12-05 22:54:00",20973,0,0,19.6,1
"2025-12-05 23:00:00",20974,0,0,19.6,1
"2025-12-05 23:06:00",20975,0,0,19.6,1
"2025-12-05 23:12:00",20976,0,0,19.5,1
"2025-12-05 23:18:00",20977,0,0,19.5,1
"2025-12-05 23:24:00",20978,0,0,19.5,1
"2025-12-05 23:30:00",20979,0,0,19.5,1
"2025-12-05 23:36:00",20980,0,0,19.5,1
"2025-12-05 23:42:00",20981,0,0,19.5,1
"2025-12-05 23:48:00",20982,0,0,19.5,1
"2025-12-05 23:54:00",20983,0,0,19.5,1
"2025-12-06 00:00:00",20984,0,0,19.5,1
"2025-12-06 00:06:00",20985,0,0,19.5,1
"2025-12-06 00:12:00",20986,0,0,19.5,1
"2025-12-06 00:18:00",20987,0,0,19.5,1
"2025-12-06 00:24:00",20988,0,0,19.5,1
"2025-12-06 00:30:00",20989,0,0,19.5,1
"2025-12-06 00:36:00",20990,0,0,19.5,1
"2025-12-06 00:42:00",20991,0,0,19.5,1
"2025-12-06 00:48:00",20992,0,0,19.4,1
"2025-12-06 00:54:00",20993,0,0,19.4,1
"2025-12-06 01:00:00",20994,0,0,19.4,1
"2025-12-06 01:06:00",20995,0,0,19.4,1
"2025-12-06 01:12:00",20996,0,0,19.4,1
"2025-12-06 01:18:00",20997,0,0,19.4,1
"2025-12-06 01:24:00",20998,0,0,19.4,1
"2025-12-06 01:30:00",20999,0,0,19.4,1
"2025-12-06 01:36:00",21000,0,0,19.4,1
"2025-12-06 01:42:00",21001,0,0,19.4,1
"2025-12-06 01:48:00",21002,0,0,19.4,1
"2025-12-06 01:54:00",21003,0,0,19.4,1
"2025-12-06 02:00:00",21004,0,0,19.4,1
"2025-12-06 02:06:00",21005,0,0,19.4,1
"2025-12-06 02:12:00",21006,0,0,19.4,1
"2025-12-06 02:18:00",21007,0,0,19.4,1
"2025-12-06 02:24:00",21008,0,0,19.4,1
"2025-12-06 02:30:00",21009,0,0,19.4,1
"2025-12-06 02:36:00",21010,0,0,19.3,1
"2025-12-06 02:42:00",21011,0,0,19.3,1
"2025-12-06 02:48:00",21012,0,0,19.3,1
"2025-12-06 02:54:00",21013,0,0,19.4,1
"2025-12-06 03:00:00",21014,0,0,19.4,1
"2025-12-06 03:06:00",21015,0,0,19.4,1
"2025-12-06 03:12:00",21016,0,0,19.4,1
"2025-12-06 03:18:00",21017,0,0,19.4,1
"2025-12-06 03:24:00",21018,0,0,19.5,1
"2025-12-06 03:30:00",21019,0,0,19.4,1
"2025-12-06 03:36:00",21020,0,0,19.4,1
"2025-12-06 03:42:00",21021,0,0,19.5,1
"2025-12-06 03:48:00",21022,0,0,19.5,1
"2025-12-06 03:54:00",21023,0,0,19.5,1
"2025-12-06 04:00:00",21024,0,0,19.5,1
"2025-12-06 04:06:00",21025,0,0,19.5,1
"2025-12-06 04:12:00",21026,0,0,19.6,1
"2025-12-06 04:18:00",21027,0,0,19.6,1
"2025-12-06 04:24:00",21028,0,0,19.5,1
"2025-12-06 04:30:00",21029,0,0,19.6,1
"2025-12-06 04:36:00",21030,0,0,19.6,1
"2025-12-06 04:42:00",21031,0,0,19.6,1
"2025-12-06 04:48:00",21032,0,0,19.7,1
"2025-12-06 04:54:00",21033,0,0,19.8,1
"2025-12-06 05:00:00",21034,0,0,19.8,1
"2025-12-06 05:06:00",21035,0,0,19.8,1
"2025-12-06 05:12:00",21036,0,0,19.9,1
"2025-12-06 05:18:00",21037,0,0.01,19.9,1
"2025-12-06 05:24:00",21038,0,0,19.9,1
"2025-12-06 05:30:00",21039,0,0,19.9,1
"2025-12-06 05:36:00",21040,0,0,20,1
"2025-12-06 05:42:00",21041,0,0,20,1
"2025-12-06 05:48:00",21042,0,0,20,1
"2025-12-06 05:54:00",21043,0,0,20,1
"2025-12-06 06:00:00",21044,0,0,20.1,1
"2025-12-06 06:06:00",21045,0,0,20.1,1
"2025-12-06 06:12:00",21046,0,0,20.1,1
"2025-12-06 06:18:00",21047,0,0,20.1,1
"2025-12-06 06:24:00",21048,0,0,20.1,1
"2025-12-06 06:30:00",21049,0,0,20.2,1
"2025-12-06 06:36:00",21050,0,0.01,20.2,1
"2025-12-06 06:42:00",21051,0,0,20.2,1
"2025-12-06 06:48:00",21052,0,0,20.1,1
"2025-12-06 06:54:00",21053,0,0,20.1,1
"2025-12-06 07:00:00",21054,0,0,20.1,1
"2025-12-06 07:06:00",21055,0,0,20,1
"2025-12-06 07:12:00",21056,0,0,20,1
"2025-12-06 07:18:00",21057,0,0,20,1
"2025-12-06 07:24:00",21058,0,0,19.9,1
"2025-12-06 07:30:00",21059,0,0,19.9,1
"2025-12-06 07:36:00",21060,0,0,19.9,1
"2025-12-06 07:42:00",21061,0,0,19.9,1
"2025-12-06 07:48:00",21062,0,0,19.9,1
"2025-12-06 07:54:00",21063,0,0,19.9,1
"2025-12-06 08:00:00",21064,0,0,19.8,1
"2025-12-06 08:06:00",21065,0,0,19.8,1
"2025-12-06 08:12:00",21066,0,0,19.8,1
"2025-12-06 08:18:00",21067,0,0,19.8,1
"2025-12-06 08:24:00",21068,0,0,19.8,1
"2025-12-06 08:30:00",21069,0,0,19.8,1
"2025-12-06 08:36:00",21070,0,0,19.8,1
"2025-12-06 08:42:00",21071,0,0,19.8,1
"2025-12-06 08:48:00",21072,0,0,19.7,1
"2025-12-06 08:54:00",21073,0,0,19.7,1
"2025-12-06 09:00:00",21074,0,0,19.7,1
"2025-12-06 09:06:00",21075,0,-0.01,19.7,1
"2025-12-06 09:12:00",21076,0,0,19.7,1
"2025-12-06 09:18:00",21077,0,0,19.8,1
"2025-12-06 09:24:00",21078,0,0,19.8,1
"2025-12-06 09:30:00",21079,0,0,19.8,1
"2025-12-06 09:36:00",21080,0,0,19.8,1
"2025-12-06 09:42:00",21081,0,0,19.8,1
"2025-12-06 09:48:00",21082,0,0,19.8,1
"2025-12-06 09:54:00",21083,0,0,19.8,1
"2025-12-06 10:00:00",21084,0,0,19.8,1
"2025-12-06 10:06:00",21085,0,0,19.8,1
"2025-12-06 10:12:00",21086,0,0,19.9,1
"2025-12-06 10:18:00",21087,0,0,19.9,1
"2025-12-06 10:24:00",21088,0,0,19.9,1
"2025-12-06 10:30:00",21089,0,0,20,1
"2025-12-06 10:36:00",21090,0,0,20,1
"2025-12-06 10:42:00",21091,0,0,20.1,1
"2025-12-06 10:48:00",21092,0,0,20.1,1
"2025-12-06 10:54:00",21093,0,0,20.2,1
"2025-12-06 11:00:00",21094,0,0,20.2,1
"2025-12-06 11:06:00",21095,0,0,20.2,1
"2025-12-06 11:12:00",21096,0,0,20.2,1
"2025-12-06 11:18:00",21097,0,0,20.2,1
"2025-12-06 11:24:00",21098,0,0,20.2,1
"2025-12-06 11:30:00",21099,0,0,20.3,1
"2025-12-06 11:36:00",21100,0,0.01,20.3,1
"2025-12-06 11:42:00",21101,0,0,20.3,1
"2025-12-06 11:48:00",21102,0,0.01,20.3,1
"2025-12-06 11:54:00",21103,0,0.01,20.3,1
"2025-12-06 12:00:00",21104,0,0,20.3,1
"2025-12-06 12:06:00",21105,0,0,20.3,1
"2025-12-06 12:12:00",21106,0,0,20.4,1
"2025-12-06 12:18:00",21107,0,0,20.4,1
"2025-12-06 12:24:00",21108,0,0,20.4,1
"2025-12-06 12:30:00",21109,0,0,20.4,1
"2025-12-06 12:36:00",21110,0,0.01,20.4,1
"2025-12-06 12:42:00",21111,0,0.01,20.4,1
"2025-12-06 12:48:00",21112,0,0,20.4,1
"2025-12-06 12:54:00",21113,0,0,20.4,1
"2025-12-06 13:00:00",21114,0,0,20.4,1
"2025-12-06 13:06:00",21115,0,0,20.5,1
"2025-12-06 13:12:00",21116,0,0,20.5,1
"2025-12-06 13:18:00",21117,0,0,20.5,1
"2025-12-06 13:24:00",21118,0,0,20.5,1
"2025-12-06 13:30:00",21119,0,0.01,20.5,1
"2025-12-06 13:36:00",21120,0,0.01,20.5,1
"2025-12-06 13:42:00",21121,0,0,20.6,1
"2025-12-06 13:48:00",21122,0,0,20.6,1
"2025-12-06 13:54:00",21123,0,0,20.6,1
"2025-12-06 14:00:00",21124,0,0,20.6,1
"2025-12-06 14:06:00",21125,0,0,20.6,1
"2025-12-06 14:12:00",21126,0,0,20.7,1
"2025-12-06 14:18:00",21127,0,0,20.7,1
"2025-12-06 14:24:00",21128,0,0,20.7,1
"2025-12-06 14:30:00",21129,0,0,20.8,1
"2025-12-06 14:36:00",21130,0,0,20.8,1
"2025-12-06 14:42:00",21131,0,0,20.8,1
"2025-12-06 14:48:00",21132,0,0,20.8,1
"2025-12-06 14:54:00",21133,0,0,20.9,1
"2025-12-06 15:00:00",21134,0,0,20.9,1
"2025-12-06 15:06:00",21135,0,0,20.9,1
"2025-12-06 15:12:00",21136,0,0,20.9,1
"2025-12-06 15:18:00",21137,0,0,20.9,1
"2025-12-06 15:24:00",21138,0,0,20.9,1
"2025-12-06 15:30:00",21139,0,0,20.9,1
"2025-12-06 15:36:00",21140,0,0,20.9,1
"2025-12-06 15:42:00",21141,0,0,20.9,1
"2025-12-06 15:48:00",21142,0,0,20.8,1
"2025-12-06 15:54:00",21143,0,0,20.8,1
"2025-12-06 16:00:00",21144,0,0,20.8,1
"2025-12-06 16:06:00",21145,0,0,20.8,1
"2025-12-06 16:12:00",21146,0,0,20.8,1
"2025-12-06 16:18:00",21147,0,0,20.8,1
"2025-12-06 16:24:00",21148,0,0,20.8,1
"2025-12-06 16:30:00",21149,0,0,20.8,1
"2025-12-06 16:36:00",21150,0,0,20.8,1
"2025-12-06 16:42:00",21151,0,0,20.8,1
"2025-12-06 16:48:00",21152,0,0,20.8,1
"2025-12-06 16:54:00",21153,0,0,20.8,1
"2025-12-06 17:00:00",21154,0,0,20.7,1
"2025-12-06 17:06:00",21155,0,0,20.7,1
"2025-12-06 17:12:00",21156,0,0,20.7,1
"2025-12-06 17:18:00",21157,0,0,20.7,1
"2025-12-06 17:24:00",21158,0,0,20.7,1
"2025-12-06 17:30:00",21159,0,0,20.7,1
"2025-12-06 17:36:00",21160,0,0,20.7,1
"2025-12-06 17:42:00",21161,0,0,20.6,1
"2025-12-06 17:48:00",21162,0,0,20.6,1
"2025-12-06 17:54:00",21163,0,0,20.6,1
"2025-12-06 18:00:00",21164,0,0,20.6,1
"2025-12-06 18:06:00",21165,0,0,20.6,1
"2025-12-06 18:12:00",21166,0,0,20.6,1
"2025-12-06 18:18:00",21167,0,0,20.6,1
"2025-12-06 18:24:00",21168,0,0,20.5,1
"2025-12-06 18:30:00",21169,0,0,20.5,1
"2025-12-06 18:36:00",21170,0,0,20.5,1
"2025-12-06 18:42:00",21171,0,0,20.5,1
"2025-12-06 18:48:00",21172,0,0,20.5,1
"2025-12-06 18:54:00",21173,0,0,20.5,1
"2025-12-06 19:00:00",21174,0,0,20.5,1
"2025-12-06 19:06:00",21175,0,0,20.5,1
"2025-12-06 19:12:00",21176,0,0,20.5,1
"2025-12-06 19:18:00",21177,0,0,20.5,1
"2025-12-06 19:24:00",21178,0,0,20.4,1
"2025-12-06 19:30:00",21179,0,0,20.4,1
"2025-12-06 19:36:00",21180,0,0,20.4,1
"2025-12-06 19:42:00",21181,0,0,20.3,1
"2025-12-06 19:48:00",21182,0,0,20.3,1
"2025-12-06 19:54:00",21183,0,0,20.3,1
"2025-12-06 20:00:00",21184,0,0,20.3,1
"2025-12-06 20:06:00",21185,0,0,20.3,1
"2025-12-06 20:12:00",21186,0,0,20.3,1
"2025-12-06 20:18:00",21187,0,0,20.4,1
"2025-12-06 20:24:00",21188,0,0,20.4,1
"2025-12-06 20:30:00",21189,0,0,20.4,1
"2025-12-06 20:36:00",21190,0,0,20.4,1
"2025-12-06 20:42:00",21191,0,0,20.4,1
"2025-12-06 20:48:00",21192,0,0,20.4,1
"2025-12-06 20:54:00",21193,0,0,20.4,1
"2025-12-06 21:00:00",21194,0,0,20.5,1
"2025-12-06 21:06:00",21195,0,0,20.5,1
"2025-12-06 21:12:00",21196,0,0.01,20.5,1
"2025-12-06 21:18:00",21197,0,0.01,20.5,1
"2025-12-06 21:24:00",21198,0,0,20.5,1
"2025-12-06 21:30:00",21199,0,0,20.5,1
"2025-12-06 21:36:00",21200,0,0,20.5,1
"2025-12-06 21:42:00",21201,0,0,20.5,1
"2025-12-06 21:48:00",21202,0,0,20.5,1
"2025-12-06 21:54:00",21203,0,0,20.5,1
"2025-12-06 22:00:00",21204,0,0,20.4,1
"2025-12-06 22:06:00",21205,0,0,20.4,1
"2025-12-06 22:12:00",21206,0,0,20.3,1
"2025-12-06 22:18:00",21207,0,0,20.3,1
"2025-12-06 22:24:00",21208,0,0,20.2,1
"2025-12-06 22:30:00",21209,0,0,20.2,1
"2025-12-06 22:36:00",21210,0,0,20.1,1
"2025-12-06 22:42:00",21211,0,0,20,1
"2025-12-06 22:48:00",21212,0,0,20,1
"2025-12-06 22:54:00",21213,0,0,19.9,1
"2025-12-06 23:00:00",21214,0,0,19.9,1
"2025-12-06 23:06:00",21215,0,0,19.9,1
"2025-12-06 23:12:00",21216,0,0,19.9,1
"2025-12-06 23:18:00",21217,0,0,19.9,1
"2025-12-06 23:24:00",21218,0,0,19.8,1
"2025-12-06 23:30:00",21219,0,0,19.8,1
"2025-12-06 23:36:00",21220,0,0,19.8,1
"2025-12-06 23:42:00",21221,0,0,19.7,1
"2025-12-06 23:48:00",21222,0,0,19.7,1
"2025-12-06 23:54:00",21223,0,0,19.6,1
"2025-12-07 00:00:00",21224,0,0,19.7,1
"2025-12-07 00:06:00",21225,0,0,19.7,1
"2025-12-07 00:12:00",21226,0,0,19.7,1
"2025-12-07 00:18:00",21227,0,0,19.7,1
"2025-12-07 00:24:00",21228,0,0,19.6,1
"2025-12-07 00:30:00",21229,0,0,19.6,1
"2025-12-07 00:36:00",21230,0,0,19.6,1
"2025-12-07 00:42:00",21231,0,0,19.6,1
"2025-12-07 00:48:00",21232,0,0,19.5,1
"2025-12-07 00:54:00",21233,0,0,19.5,1
"2025-12-07 01:00:00",21234,0,0,19.5,1
"2025-12-07 01:06:00",21235,0,0,19.5,1
"2025-12-07 01:12:00",21236,0,0,19.5,1
"2025-12-07 01:18:00",21237,0,0,19.5,1
"2025-12-07 01:24:00",21238,0,0,19.5,1
"2025-12-07 01:30:00",21239,0,0,19.4,1
"2025-12-07 01:36:00",21240,0,0,19.4,1
"2025-12-07 01:42:00",21241,0,0,19.4,1
"2025-12-07 01:48:00",21242,0,0,19.4,1
"2025-12-07 01:54:00",21243,0,0,19.4,1
"2025-12-07 02:00:00",21244,0,0,19.4,1
"2025-12-07 02:06:00",21245,0,0,19.4,1
"2025-12-07 02:12:00",21246,0,0,19.4,1
"2025-12-07 02:18:00",21247,0,0,19.4,1
"2025-12-07 02:24:00",21248,0,0,19.5,1
"2025-12-07 02:30:00",21249,0,0,19.5,1
"2025-12-07 02:36:00",21250,0,0,19.5,1
"2025-12-07 02:42:00",21251,0,0,19.5,1
"2025-12-07 02:48:00",21252,0,0,19.5,1
"2025-12-07 02:54:00",21253,0,0,19.5,1
"2025-12-07 03:00:00",21254,0,0,19.6,1
"2025-12-07 03:06:00",21255,0,0,19.6,1
"2025-12-07 03:12:00",21256,0,0,19.5,1
"2025-12-07 03:18:00",21257,0,0,19.5,1
"2025-12-07 03:24:00",21258,0,0,19.5,1
"2025-12-07 03:30:00",21259,0,0,19.5,1
"2025-12-07 03:36:00",21260,0,0,19.5,1
"2025-12-07 03:42:00",21261,0,0,19.5,1
"2025-12-07 03:48:00",21262,0,0,19.5,1
"2025-12-07 03:54:00",21263,0,0,19.5,1
"2025-12-07 04:00:00",21264,0,0,19.5,1
"2025-12-07 04:06:00",21265,0,0,19.5,1
"2025-12-07 04:12:00",21266,0,0,19.5,1
"2025-12-07 04:18:00",21267,0,0,19.5,1
"2025-12-07 04:24:00",21268,0,0,19.5,1
"2025-12-07 04:30:00",21269,0,0,19.5,1
"2025-12-07 04:36:00",21270,0,0,19.6,1
"2025-12-07 04:42:00",21271,0,0,19.6,1
"2025-12-07 04:48:00",21272,0,0,19.5,1
"2025-12-07 04:54:00",21273,0,0,19.5,1
"2025-12-07 05:00:00",21274,0,0,19.5,1
"2025-12-07 05:06:00",21275,0,0,19.5,1
"2025-12-07 05:12:00",21276,0,0,19.5,1
"2025-12-07 05:18:00",21277,0,0,19.5,1
"2025-12-07 05:24:00",21278,0,0,19.5,1
"2025-12-07 05:30:00",21279,0,0,19.5,1
"2025-12-07 05:36:00",21280,0,0,19.5,1
"2025-12-07 05:42:00",21281,0,0,19.6,1
"2025-12-07 05:48:00",21282,0,0,19.6,1
"2025-12-07 05:54:00",21283,0,0,19.6,1
"2025-12-07 06:00:00",21284,0,0,19.6,1
"2025-12-07 06:06:00",21285,0,0,19.6,1
"2025-12-07 06:12:00",21286,0,0,19.6,1
"2025-12-07 06:18:00",21287,0,0,19.6,1
"2025-12-07 06:24:00",21288,0,0,19.5,1
"2025-12-07 06:30:00",21289,0,0,19.5,1
"2025-12-07 06:36:00",21290,0,0,19.5,1
"2025-12-07 06:42:00",21291,0,0,19.5,1
"2025-12-07 06:48:00",21292,0,0,19.5,1
"2025-12-07 06:54:00",21293,0,0,19.5,1
"2025-12-07 07:00:00",21294,0,0,19.5,1
"2025-12-07 07:06:00",21295,0,0,19.5,1
"2025-12-07 07:12:00",21296,0,0,19.5,1
"2025-12-07 07:18:00",21297,0,0,19.5,1
"2025-12-07 07:24:00",21298,0,0,19.5,1
"2025-12-07 07:30:00",21299,0,0,19.5,1
"2025-12-07 07:36:00",21300,0,0,19.6,1
"2025-12-07 07:42:00",21301,0,0,19.6,1
"2025-12-07 07:48:00",21302,0,0,19.6,1
"2025-12-07 07:54:00",21303,0,0,19.6,1
"2025-12-07 08:00:00",21304,0,0,19.5,1
"2025-12-07 08:06:00",21305,0,0,19.5,1
"2025-12-07 08:12:00",21306,0,0,19.6,1
"2025-12-07 08:18:00",21307,0,0.01,19.6,1
"2025-12-07 08:24:00",21308,0,0.01,19.6,1
"2025-12-07 08:30:00",21309,0,0,19.7,1
"2025-12-07 08:36:00",21310,0,0,19.7,1
"2025-12-07 08:42:00",21311,0,0,19.7,1
"2025-12-07 08:48:00",21312,0,0.01,19.7,1
"2025-12-07 08:54:00",21313,0,0,19.8,1
"2025-12-07 09:00:00",21314,0,0,19.8,1
"2025-12-07 09:06:00",21315,0,0,19.9,1
"2025-12-07 09:12:00",21316,0,0,19.9,1
"2025-12-07 09:18:00",21317,0,0,19.9,1
"2025-12-07 09:24:00",21318,0,0,19.9,1
"2025-12-07 09:30:00",21319,0,0,19.9,1
"2025-12-07 09:36:00",21320,0,0,20,1
"2025-12-07 09:42:00",21321,0,0.01,20,1
"2025-12-07 09:48:00",21322,0,0.01,20,1
"2025-12-07 09:54:00",21323,0,0.01,20,1
"2025-12-07 10:00:00",21324,0,0,20,1
"2025-12-07 10:06:00",21325,0,0,20,1
"2025-12-07 10:12:00",21326,0,0,20,1
"2025-12-07 10:18:00",21327,0,0,20,1
"2025-12-07 10:24:00",21328,0,0,20,1
"2025-12-07 10:30:00",21329,0,0,20,1
"2025-12-07 10:36:00",21330,0,0,20,1
"2025-12-07 10:42:00",21331,0,0,20.1,1
"2025-12-07 10:48:00",21332,0,0,20.1,1
"2025-12-07 10:54:00",21333,0,0,20.1,1
"2025-12-07 11:00:00",21334,0,0,20.1,1
"2025-12-07 11:06:00",21335,0,0,20.1,1
"2025-12-07 11:12:00",21336,0,0.01,20.1,1
"2025-12-07 11:18:00",21337,0,0,20.1,1
"2025-12-07 11:24:00",21338,0,0,20,1
"2025-12-07 11:30:00",21339,0,0,19.8,1
"2025-12-07 11:36:00",21340,0,0,19.7,1
"2025-12-07 11:42:00",21341,0,0,19.6,1
"2025-12-07 11:48:00",21342,0,0,19.4,1
"2025-12-07 11:54:00",21343,0,0,19.3,1
"2025-12-07 12:00:00",21344,0,0,19.3,1
"2025-12-07 12:06:00",21345,0,0,19.3,1
"2025-12-07 12:12:00",21346,0,0,19.3,1
"2025-12-07 12:18:00",21347,0,0,19.4,1
"2025-12-07 12:24:00",21348,0,0,19.4,1
"2025-12-07 12:30:00",21349,0,0,19.5,1
"2025-12-07 12:36:00",21350,0,0,19.6,1
"2025-12-07 12:42:00",21351,0,0,19.6,1
"2025-12-07 12:48:00",21352,0,0,19.7,1
"2025-12-07 12:54:00",21353,0,0,19.8,1
"2025-12-07 13:00:00",21354,0,0,19.8,1
"2025-12-07 13:06:00",21355,0,0,19.9,1
"2025-12-07 13:12:00",21356,0,0,19.9,1
"2025-12-07 13:18:00",21357,0,0,19.9,1
"2025-12-07 13:24:00",21358,0,0.01,20,1
"2025-12-07 13:30:00",21359,0,0.01,20,1
"2025-12-07 13:36:00",21360,0,0,20.1,1
"2025-12-07 13:42:00",21361,0,0,20.1,1
"2025-12-07 13:48:00",21362,0,0,20.1,1
"2025-12-07 13:54:00",21363,0,0,20.2,1
"2025-12-07 14:00:00",21364,0,0,20.2,1
"2025-12-07 14:06:00",21365,0,0,20.2,1
"2025-12-07 14:12:00",21366,0,0,20.2,1
"2025-12-07 14:18:00",21367,0,0,20.2,1
"2025-12-07 14:24:00",21368,0,0,20.3,1
"2025-12-07 14:30:00",21369,0,0,20.3,1
"2025-12-07 14:36:00",21370,0,0,20.3,1
"2025-12-07 14:42:00",21371,0,0,20.3,1
"2025-12-07 14:48:00",21372,0,0,20.3,1
"2025-12-07 14:54:00",21373,0,0,20.3,1
"2025-12-07 15:00:00",21374,0,0,20.3,1
"2025-12-07 15:06:00",21375,0,0,20.3,1
"2025-12-07 15:12:00",21376,0,0,20.4,1
"2025-12-07 15:18:00",21377,0,0,20.4,1
"2025-12-07 15:24:00",21378,0,0,20.4,1
"2025-12-07 15:30:00",21379,0,0,20.4,1
"2025-12-07 15:36:00",21380,0,0,20.4,1
"2025-12-07 15:42:00",21381,0,0,20.4,1
"2025-12-07 15:48:00",21382,0,0,20.4,1
"2025-12-07 15:54:00",21383,0,0,20.4,1
"2025-12-07 16:00:00",21384,0,0,20.4,1
"2025-12-07 16:06:00",21385,0,0,20.4,1
"2025-12-07 16:12:00",21386,0,0,20.4,1
"2025-12-07 16:18:00",21387,0,0,20.4,1
"2025-12-07 16:24:00",21388,0,0,20.4,1
"2025-12-07 16:30:00",21389,0,0,20.4,1
"2025-12-07 16:36:00",21390,0,0,20.4,1
"2025-12-07 16:42:00",21391,0,0,20.4,1
"2025-12-07 16:48:00",21392,0,0,20.5,1
"2025-12-07 16:54:00",21393,0,0,20.4,1
"2025-12-07 17:00:00",21394,0,0,20.4,1
"2025-12-07 17:06:00",21395,0,0,20.4,1
"2025-12-07 17:12:00",21396,0,0,20.4,1
"2025-12-07 17:18:00",21397,0,0,20.5,1
"2025-12-07 17:24:00",21398,0,0,20.5,1
"2025-12-07 17:30:00",21399,0,0,20.5,1
"2025-12-07 17:36:00",21400,0,0.01,20.5,1
"2025-12-07 17:42:00",21401,0,0,20.4,1
"2025-12-07 17:48:00",21402,0,0,20.4,1
"2025-12-07 17:54:00",21403,0,0,20.4,1
"2025-12-07 18:00:00",21404,0,0,20.4,1
"2025-12-07 18:06:00",21405,0,0,20.4,1
"2025-12-07 18:12:00",21406,0,0,20.3,1
"2025-12-07 18:18:00",21407,0,0,20.3,1
"2025-12-07 18:24:00",21408,0,0,20.3,1
"2025-12-07 18:30:00",21409,0,0,20.3,1
"2025-12-07 18:36:00",21410,0,0,20.2,1
"2025-12-07 18:42:00",21411,0,0,20.2,1
"2025-12-07 18:48:00",21412,0,0,20.2,1
"2025-12-07 18:54:00",21413,0,0,20.2,1
"2025-12-07 19:00:00",21414,0,0,20.2,1
"2025-12-07 19:06:00",21415,0,0,20.2,1
"2025-12-07 19:12:00",21416,0,0,20.2,1
"2025-12-07 19:18:00",21417,0,0,20.3,1
"2025-12-07 19:24:00",21418,0,0,20.3,1
"2025-12-07 19:30:00",21419,0,0,20.3,1
"2025-12-07 19:36:00",21420,0,0,20.3,1
"2025-12-07 19:42:00",21421,0,0,20.3,1
"2025-12-07 19:48:00",21422,0,0,20.4,1
"2025-12-07 19:54:00",21423,0,0,20.4,1
"2025-12-07 20:00:00",21424,0,0,20.4,1
"2025-12-07 20:06:00",21425,0,0,20.4,1
"2025-12-07 20:12:00",21426,0,0,20.4,1
"2025-12-07 20:18:00",21427,0,0,20.4,1
"2025-12-07 20:24:00",21428,0,0,20.4,1
"2025-12-07 20:30:00",21429,0,0,20.4,1
"2025-12-07 20:36:00",21430,0,0,20.4,1
"2025-12-07 20:42:00",21431,0,0,20.4,1
"2025-12-07 20:48:00",21432,0,0,20.4,1
"2025-12-07 20:54:00",21433,0,0,20.4,1
"2025-12-07 21:00:00",21434,0,0,20.4,1
"2025-12-07 21:06:00",21435,0,0,20.4,1
"2025-12-07 21:12:00",21436,0,0,20.3,1
"2025-12-07 21:18:00",21437,0,0,20.3,1
"2025-12-07 21:24:00",21438,0,0,20.3,1
"2025-12-07 21:30:00",21439,0,0,20.3,1
"2025-12-07 21:36:00",21440,0,0,20.2,1
"2025-12-07 21:42:00",21441,0,0,20.2,1
"2025-12-07 21:48:00",21442,0,0,20.2,1
"2025-12-07 21:54:00",21443,0,0,20.1,1
"2025-12-07 22:00:00",21444,0,0,20,1
"2025-12-07 22:06:00",21445,0,0,20,1
"2025-12-07 22:12:00",21446,0,0,20,1
"2025-12-07 22:18:00",21447,0,0,19.9,1
"2025-12-07 22:24:00",21448,0,0,19.9,1
"2025-12-07 22:30:00",21449,0,0,19.8,1
"2025-12-07 22:36:00",21450,0,0,19.8,1
"2025-12-07 22:42:00",21451,0,0,19.7,1
"2025-12-07 22:48:00",21452,0,0,19.7,1
"2025-12-07 22:54:00",21453,0,0,19.6,1
"2025-12-07 23:00:00",21454,0,0,19.7,1
"2025-12-07 23:06:00",21455,0,0,19.7,1
"2025-12-07 23:12:00",21456,0,0,19.6,1
"2025-12-07 23:18:00",21457,0,0,19.6,1
"2025-12-07 23:24:00",21458,0,0,19.6,1
"2025-12-07 23:30:00",21459,0,0,19.6,1
"2025-12-07 23:36:00",21460,0,0,19.7,1
"2025-12-07 23:42:00",21461,0,0,19.6,1
"2025-12-07 23:48:00",21462,0,0,19.6,1
"2025-12-07 23:54:00",21463,0,0,19.6,1
"2025-12-08 00:00:00",21464,0,0,19.6,1
"2025-12-08 00:06:00",21465,0,0,19.6,1
"2025-12-08 00:12:00",21466,0,0,19.6,1
"2025-12-08 00:18:00",21467,0,0,19.5,1
"2025-12-08 00:24:00",21468,0,0,19.5,1
"2025-12-08 00:30:00",21469,0,0,19.5,1
"2025-12-08 00:36:00",21470,0,0,19.4,1
"2025-12-08 00:42:00",21471,0,0,19.4,1
"2025-12-08 00:48:00",21472,0,0,19.4,1
"2025-12-08 00:54:00",21473,0,0,19.4,1
"2025-12-08 01:00:00",21474,0,0,19.4,1
"2025-12-08 01:06:00",21475,0,0,19.4,1
"2025-12-08 01:12:00",21476,0,0,19.4,1
"2025-12-08 01:18:00",21477,0,0,19.4,1
"2025-12-08 01:24:00",21478,0,0,19.5,1
"2025-12-08 01:30:00",21479,0,0,19.5,1
"2025-12-08 01:36:00",21480,0,0,19.5,1
"2025-12-08 01:42:00",21481,0,0,19.5,1
"2025-12-08 01:48:00",21482,0,0,19.5,1
"2025-12-08 01:54:00",21483,0,0,19.6,1
"2025-12-08 02:00:00",21484,0,0,19.6,1
"2025-12-08 02:06:00",21485,0,0,19.6,1
"2025-12-08 02:12:00",21486,0,0,19.5,1
"2025-12-08 02:18:00",21487,0,0,19.5,1
"2025-12-08 02:24:00",21488,0,0,19.5,1
"2025-12-08 02:30:00",21489,0,0,19.5,1
"2025-12-08 02:36:00",21490,0,0,19.5,1
"2025-12-08 02:42:00",21491,0,0,19.5,1
"2025-12-08 02:48:00",21492,0,0,19.5,1
"2025-12-08 02:54:00",21493,0,0,19.5,1
"2025-12-08 03:00:00",21494,0,0,19.5,1
"2025-12-08 03:06:00",21495,0,0,19.5,1
"2025-12-08 03:12:00",21496,0,0,19.5,1
"2025-12-08 03:18:00",21497,0,0,19.5,1
"2025-12-08 03:24:00",21498,0,0,19.5,1
"2025-12-08 03:30:00",21499,0,0,19.6,1
"2025-12-08 03:36:00",21500,0,0,19.6,1
"2025-12-08 03:42:00",21501,0,0,19.6,1
"2025-12-08 03:48:00",21502,0,0,19.5,1
"2025-12-08 03:54:00",21503,0,0,19.5,1
"2025-12-08 04:00:00",21504,0,0,19.5,1
"2025-12-08 04:06:00",21505,0,0,19.5,1
"2025-12-08 04:12:00",21506,0,0,19.5,1
"2025-12-08 04:18:00",21507,0,0,19.5,1
"2025-12-08 04:24:00",21508,0,0,19.5,1
"2025-12-08 04:30:00",21509,0,0,19.5,1
"2025-12-08 04:36:00",21510,0,0,19.5,1
"2025-12-08 04:42:00",21511,0,0,19.5,1
"2025-12-08 04:48:00",21512,0,0,19.5,1
"2025-12-08 04:54:00",21513,0,0,19.5,1
"2025-12-08 05:00:00",21514,0,0,19.5,1
"2025-12-08 05:06:00",21515,0,0,19.5,1
"2025-12-08 05:12:00",21516,0,0,19.5,1
"2025-12-08 05:18:00",21517,0,0,19.5,1
"2025-12-08 05:24:00",21518,0,0,19.4,1
"2025-12-08 05:30:00",21519,0,0,19.4,1
"2025-12-08 05:36:00",21520,0,0,19.4,1
"2025-12-08 05:42:00",21521,0,0,19.4,1
"2025-12-08 05:48:00",21522,0,0,19.4,1
"2025-12-08 05:54:00",21523,0,0,19.4,1
"2025-12-08 06:00:00",21524,0,0,19.4,1
"2025-12-08 06:06:00",21525,0,0,19.4,1
"2025-12-08 06:12:00",21526,0,0,19.4,1
"2025-12-08 06:18:00",21527,0,-0.01,19.4,1
"2025-12-08 06:24:00",21528,0,0,19.4,1
"2025-12-08 06:30:00",21529,0,0,19.4,1
"2025-12-08 06:36:00",21530,0,0,19.4,1
"2025-12-08 06:42:00",21531,0,0,19.4,1
"2025-12-08 06:48:00",21532,0,0,19.4,1
"2025-12-08 06:54:00",21533,0,0,19.4,1
"2025-12-08 07:00:00",21534,0,0,19.4,1
"2025-12-08 07:06:00",21535,0,0,19.5,1
"2025-12-08 07:12:00",21536,0,0,19.5,1
"2025-12-08 07:18:00",21537,0,0,19.6,1
"2025-12-08 07:24:00",21538,0,0,19.6,1
"2025-12-08 07:30:00",21539,0,0,19.7,1
"2025-12-08 07:36:00",21540,0,0,19.7,1
"2025-12-08 07:42:00",21541,0,0,19.8,1
"2025-12-08 07:48:00",21542,0,0,19.8,1
"2025-12-08 07:54:00",21543,0,0,19.8,1
"2025-12-08 08:00:00",21544,0,0,19.9,1
"2025-12-08 08:06:00",21545,0,0,19.9,1
"2025-12-08 08:12:00",21546,0,0,20,1
"2025-12-08 08:18:00",21547,0,0,20,1
"2025-12-08 08:24:00",21548,0,0,20,1
"2025-12-08 08:30:00",21549,0,0,20.1,1
"2025-12-08 08:36:00",21550,0,0,20.1,1
"2025-12-08 08:42:00",21551,0,0,20.1,1
"2025-12-08 08:48:00",21552,0,0,20.2,1
"2025-12-08 08:54:00",21553,0,0,20.2,1
"2025-12-08 09:00:00",21554,0,0,20.2,1
"2025-12-08 09:06:00",21555,0,0,20.2,1
"2025-12-08 09:12:00",21556,0,0,20.2,1
"2025-12-08 09:18:00",21557,0,0,20.2,1
"2025-12-08 09:24:00",21558,0,0,20.2,1
"2025-12-08 09:30:00",21559,0,0.01,20.2,1
"2025-12-08 09:36:00",21560,0,0.01,20.2,1
"2025-12-08 09:42:00",21561,0,0,20.2,1
"2025-12-08 09:48:00",21562,0,0,20.2,1
"2025-12-08 09:54:00",21563,0,0,20.2,1
"2025-12-08 10:00:00",21564,0,0,20.2,1
"2025-12-08 10:06:00",21565,0,0,20.2,1
"2025-12-08 10:12:00",21566,0,0,20.2,1
"2025-12-08 10:18:00",21567,0,0,20.1,1
"2025-12-08 10:24:00",21568,0,0,20.1,1
"2025-12-08 10:30:00",21569,0,0,20.1,1
"2025-12-08 10:36:00",21570,0,0,20.1,1
"2025-12-08 10:42:00",21571,0,0,20.1,1
"2025-12-08 10:48:00",21572,0,0,20.2,1
"2025-12-08 10:54:00",21573,0,0,20.2,1
"2025-12-08 11:00:00",21574,0,0,20.2,1
"2025-12-08 11:06:00",21575,0,0,20.2,1
"2025-12-08 11:12:00",21576,0,0,20.1,1
"2025-12-08 11:18:00",21577,0,0,20.1,1
"2025-12-08 11:24:00",21578,0,0,20.1,1
"2025-12-08 11:30:00",21579,0,0,20.1,1
"2025-12-08 11:36:00",21580,0,0,20.1,1
"2025-12-08 11:42:00",21581,0,0,20.1,1
"2025-12-08 11:48:00",21582,0,0,20.1,1
"2025-12-08 11:54:00",21583,0,0,20,1
"2025-12-08 12:00:00",21584,0,0,20,1
"2025-12-08 12:06:00",21585,0,0,20,1
"2025-12-08 12:12:00",21586,0,0,19.9,1
"2025-12-08 12:18:00",21587,0,0,19.9,1
"2025-12-08 12:24:00",21588,0,0,19.9,1
"2025-12-08 12:30:00",21589,0,0,19.9,1
"2025-12-08 12:36:00",21590,0,0,19.8,1
"2025-12-08 12:42:00",21591,0,0,19.8,1
"2025-12-08 12:48:00",21592,0,0,19.8,1
"2025-12-08 12:54:00",21593,0,0,19.8,1
"2025-12-08 13:00:00",21594,0,0,19.9,1
"2025-12-08 13:06:00",21595,0,0,19.9,1
"2025-12-08 13:12:00",21596,0,0,20,1
"2025-12-08 13:18:00",21597,0,0,20,1
"2025-12-08 13:24:00",21598,0,0,20.1,1
"2025-12-08 13:30:00",21599,0,0,20.1,1
"2025-12-08 13:36:00",21600,0,0,20.1,1
"2025-12-08 13:42:00",21601,0,0,20.2,1
"2025-12-08 13:48:00",21602,0,0,20.2,1
"2025-12-08 13:54:00",21603,0,0,20.2,1
"2025-12-08 14:00:00",21604,0,0,20.2,1
"2025-12-08 14:06:00",21605,0,0,20.2,1
"2025-12-08 14:12:00",21606,0,0,20.2,1
"2025-12-08 14:18:00",21607,0,0,20.2,1
"2025-12-08 14:24:00",21608,0,0,20.2,1
"2025-12-08 14:30:00",21609,0,0,20.2,1
"2025-12-08 14:36:00",21610,0,0,20.2,1
"2025-12-08 14:42:00",21611,0,0,20.1,1
"2025-12-08 14:48:00",21612,0,0,20.1,1
"2025-12-08 14:54:00",21613,0,0,20.1,1
"2025-12-08 15:00:00",21614,0,0,20.1,1
"2025-12-08 15:06:00",21615,0,0,20.1,1
"2025-12-08 15:12:00",21616,0,0,20,1
"2025-12-08 15:18:00",21617,0,0,20,1
"2025-12-08 15:24:00",21618,0,0,20,1
"2025-12-08 15:30:00",21619,0,0,20,1
"2025-12-08 15:36:00",21620,0,0,20,1
"2025-12-08 15:42:00",21621,0,0,20,1
"2025-12-08 15:48:00",21622,0,0,20,1
"2025-12-08 15:54:00",21623,0,0,20,1
"2025-12-08 16:00:00",21624,0,0,20,1
"2025-12-08 16:06:00",21625,0,0,19.9,1
"2025-12-08 16:12:00",21626,0,0,19.9,1
"2025-12-08 16:18:00",21627,0,0,19.9,1
"2025-12-08 16:24:00",21628,0,0,19.9,1
"2025-12-08 16:30:00",21629,0,0,19.9,1
"2025-12-08 16:36:00",21630,0,0,19.9,1
"2025-12-08 16:42:00",21631,0,0,19.9,1
"2025-12-08 16:48:00",21632,0,0,19.9,1
"2025-12-08 16:54:00",21633,0,0,19.9,1
"2025-12-08 17:00:00",21634,0,0,19.9,1
"2025-12-08 17:06:00",21635,0,0,19.8,1
"2025-12-08 17:12:00",21636,0,0,19.8,1
"2025-12-08 17:18:00",21637,0,0,19.8,1
"2025-12-08 17:24:00",21638,0,0,19.8,1
"2025-12-08 17:30:00",21639,0,0,19.8,1
"2025-12-08 17:36:00",21640,0,-0.01,19.8,1
"2025-12-08 17:42:00",21641,0,0,19.8,1
"2025-12-08 17:48:00",21642,0,0,19.8,1
"2025-12-08 17:54:00",21643,0,0,19.7,1
"2025-12-08 18:00:00",21644,0,0,19.7,1
"2025-12-08 18:06:00",21645,0,0,19.7,1
"2025-12-08 18:12:00",21646,0,0,19.7,1
"2025-12-08 18:18:00",21647,0,-0.01,19.7,1
"2025-12-08 18:24:00",21648,0,0,19.7,1
"2025-12-08 18:30:00",21649,0,0,19.7,1
"2025-12-08 18:36:00",21650,0,0,19.7,1
"2025-12-08 18:42:00",21651,0,0,19.7,1
"2025-12-08 18:48:00",21652,0,0,19.7,1
"2025-12-08 18:54:00",21653,0,0,19.7,1
"2025-12-08 19:00:00",21654,0,0,19.6,1
"2025-12-08 19:06:00",21655,0,0,19.6,1
"2025-12-08 19:12:00",21656,0,0,19.6,1
"2025-12-08 19:18:00",21657,0,0,19.6,1
"2025-12-08 19:24:00",21658,0,0,19.6,1
"2025-12-08 19:30:00",21659,0,0,19.6,1
"2025-12-08 19:36:00",21660,0,0,19.6,1
"2025-12-08 19:42:00",21661,0,0,19.6,1
"2025-12-08 19:48:00",21662,0,0,19.6,1
"2025-12-08 19:54:00",21663,0,0,19.6,1
"2025-12-08 20:00:00",21664,0,0,19.6,1
"2025-12-08 20:06:00",21665,0,0,19.6,1
"2025-12-08 20:12:00",21666,0,0,19.6,1
"2025-12-08 20:18:00",21667,0,0,19.5,1
"2025-12-08 20:24:00",21668,0,0,19.5,1
"2025-12-08 20:30:00",21669,0,0,19.5,1
"2025-12-08 20:36:00",21670,0,0,19.5,1
"2025-12-08 20:42:00",21671,0,0,19.5,1
"2025-12-08 20:48:00",21672,0,0,19.5,1
"2025-12-08 20:54:00",21673,0,0,19.5,1
"2025-12-08 21:00:00",21674,0,0,19.5,1
"2025-12-08 21:06:00",21675,0,0,19.5,1
"2025-12-08 21:12:00",21676,0,0,19.5,1
"2025-12-08 21:18:00",21677,0,0,19.5,1
"2025-12-08 21:24:00",21678,0,0,19.5,1
"2025-12-08 21:30:00",21679,0,0,19.5,1
"2025-12-08 21:36:00",21680,0,0,19.4,1
"2025-12-08 21:42:00",21681,0,0,19.4,1
"2025-12-08 21:48:00",21682,0,0,19.4,1
"2025-12-08 21:54:00",21683,0,0,19.4,1
"2025-12-08 22:00:00",21684,0,0,19.4,1
"2025-12-08 22:06:00",21685,0,0,19.4,1
"2025-12-08 22:12:00",21686,0,0,19.4,1
"2025-12-08 22:18:00",21687,0,0,19.4,1
"2025-12-08 22:24:00",21688,0,0,19.4,1
"2025-12-08 22:30:00",21689,0,0,19.4,1
"2025-12-08 22:36:00",21690,0,0,19.4,1
"2025-12-08 22:42:00",21691,0,0,19.4,1
"2025-12-08 22:48:00",21692,0,0,19.4,1
"2025-12-08 22:54:00",21693,0,0,19.4,1
"2025-12-08 23:00:00",21694,0,0,19.4,1
"2025-12-08 23:06:00",21695,0,0,19.4,1
"2025-12-08 23:12:00",21696,0,0,19.4,1
"2025-12-08 23:18:00",21697,0,0,19.4,1
"2025-12-08 23:24:00",21698,0,0,19.4,1
"2025-12-08 23:30:00",21699,0,0,19.4,1
"2025-12-08 23:36:00",21700,0,0,19.4,1
"2025-12-08 23:42:00",21701,0,0,19.4,1
"2025-12-08 23:48:00",21702,0,0,19.4,1
"2025-12-08 23:54:00",21703,0,0,19.4,1
"2025-12-09 00:00:00",21704,0,0,19.4,1
"2025-12-09 00:06:00",21705,0,0,19.4,1
"2025-12-09 00:12:00",21706,0,0,19.4,1
"2025-12-09 00:18:00",21707,0,0,19.4,1
"2025-12-09 00:24:00",21708,0,0,19.4,1
"2025-12-09 00:30:00",21709,0,0,19.4,1
"2025-12-09 00:36:00",21710,0,0,19.3,1
"2025-12-09 00:42:00",21711,0,0,19.3,1
"2025-12-09 00:48:00",21712,0,0,19.3,1
"2025-12-09 00:54:00",21713,0,0,19.2,1
"2025-12-09 01:00:00",21714,0,0,19.2,1
"2025-12-09 01:06:00",21715,0,0,19.2,1
"2025-12-09 01:12:00",21716,0,0,19.2,1
"2025-12-09 01:18:00",21717,0,0,19.1,1
"2025-12-09 01:24:00",21718,0,0,19.1,1
"2025-12-09 01:30:00",21719,0,0,19.1,1
"2025-12-09 01:36:00",21720,0,0,19.1,1
"2025-12-09 01:42:00",21721,0,0,19.1,1
"2025-12-09 01:48:00",21722,0,0,19.1,1
"2025-12-09 01:54:00",21723,0,0,19,1
"2025-12-09 02:00:00",21724,0,0,19,1
"2025-12-09 02:06:00",21725,0,0,19,1
"2025-12-09 02:12:00",21726,0,0,19,1
"2025-12-09 02:18:00",21727,0,0,19,1
"2025-12-09 02:24:00",21728,0,0,19,1
"2025-12-09 02:30:00",21729,0,0,19,1
"2025-12-09 02:36:00",21730,0,0,19,1
"2025-12-09 02:42:00",21731,0,0,18.9,1
"2025-12-09 02:48:00",21732,0,0,18.9,1
"2025-12-09 02:54:00",21733,0,0,18.9,1
"2025-12-09 03:00:00",21734,0,0,18.9,1
"2025-12-09 03:06:00",21735,0,0,18.9,1
"2025-12-09 03:12:00",21736,0,0,18.9,1
"2025-12-09 03:18:00",21737,0,0,18.8,1
"2025-12-09 03:24:00",21738,0,0,18.8,1
"2025-12-09 03:30:00",21739,0,0,18.8,1
"2025-12-09 03:36:00",21740,0,0,18.8,1
"2025-12-09 03:42:00",21741,0,0,18.8,1
"2025-12-09 03:48:00",21742,0,0,18.7,1
"2025-12-09 03:54:00",21743,0,0,18.7,1
"2025-12-09 04:00:00",21744,0,0,18.7,1
"2025-12-09 04:06:00",21745,0,0,18.7,1
"2025-12-09 04:12:00",21746,0,0,18.8,1
"2025-12-09 04:18:00",21747,0,0,18.8,1
"2025-12-09 04:24:00",21748,0,0,18.7,1
"2025-12-09 04:30:00",21749,0,0,18.7,1
"2025-12-09 04:36:00",21750,0,0,18.7,1
"2025-12-09 04:42:00",21751,0,0,18.7,1
"2025-12-09 04:48:00",21752,0,0,18.7,1
"2025-12-09 04:54:00",21753,0,0,18.7,1
"2025-12-09 05:00:00",21754,0,0,18.7,1
"2025-12-09 05:06:00",21755,0,0,18.7,1
"2025-12-09 05:12:00",21756,0,0,18.6,1
"2025-12-09 05:18:00",21757,0,0,18.6,1
"2025-12-09 05:24:00",21758,0,0,18.6,1
"2025-12-09 05:30:00",21759,0,0,18.6,1
"2025-12-09 05:36:00",21760,0,0,18.6,1
"2025-12-09 05:42:00",21761,0,0,18.6,1
"2025-12-09 05:48:00",21762,0,0,18.6,1
"2025-12-09 05:54:00",21763,0,0,18.6,1
"2025-12-09 06:00:00",21764,0,0,18.6,1
"2025-12-09 06:06:00",21765,0,0,18.6,1
"2025-12-09 06:12:00",21766,0,0,18.6,1
"2025-12-09 06:18:00",21767,0,0,18.6,1
"2025-12-09 06:24:00",21768,0,0,18.6,1
"2025-12-09 06:30:00",21769,0,0,18.6,1
"2025-12-09 06:36:00",21770,0,0,18.6,1
"2025-12-09 06:42:00",21771,0,0,18.6,1
"2025-12-09 06:48:00",21772,0,0,18.5,1
"2025-12-09 06:54:00",21773,0,0,18.5,1
"2025-12-09 07:00:00",21774,0,0,18.5,1
"2025-12-09 07:06:00",21775,0,0,18.5,1
"2025-12-09 07:12:00",21776,0,0,18.5,1
"2025-12-09 07:18:00",21777,0,0,18.5,1
"2025-12-09 07:24:00",21778,0,0,18.5,1
"2025-12-09 07:30:00",21779,0,0,18.5,1
"2025-12-09 07:36:00",21780,0,0,18.5,1
"2025-12-09 07:42:00",21781,0,0,18.5,1
"2025-12-09 07:48:00",21782,0,0,18.5,1
"2025-12-09 07:54:00",21783,0,0,18.6,1
"2025-12-09 08:00:00",21784,0,0,18.6,1
"2025-12-09 08:06:00",21785,0,0,18.6,1
"2025-12-09 08:12:00",21786,0,0,18.6,1
"2025-12-09 08:18:00",21787,0,0,18.7,1
"2025-12-09 08:24:00",21788,0,0,18.7,1
"2025-12-09 08:30:00",21789,0,0,18.7,1
"2025-12-09 08:36:00",21790,0,0,18.8,1
"2025-12-09 08:42:00",21791,0,0,18.8,1
"2025-12-09 08:48:00",21792,0,0,18.9,1
"2025-12-09 08:54:00",21793,0,0,18.9,1
"2025-12-09 09:00:00",21794,0,0,19,1
"2025-12-09 09:06:00",21795,0,0.01,19.1,1
"2025-12-09 09:12:00",21796,0,0,19.1,1
"2025-12-09 09:18:00",21797,0,0,19.2,1
"2025-12-09 09:24:00",21798,0,0,19.2,1
"2025-12-09 09:30:00",21799,0,0,19.3,1
"2025-12-09 09:36:00",21800,0,0,19.3,1
"2025-12-09 09:42:00",21801,0,0,19.3,1
"2025-12-09 09:48:00",21802,0,0,19.4,1
"2025-12-09 09:54:00",21803,0,0,19.4,1
"2025-12-09 10:00:00",21804,0,0,19.4,1
"2025-12-09 10:06:00",21805,0,0,19.5,1
"2025-12-09 10:12:00",21806,0,0,19.5,1
"2025-12-09 10:18:00",21807,0,0,19.6,1
"2025-12-09 10:24:00",21808,0,0,19.7,1
"2025-12-09 10:30:00",21809,0,0,19.7,1
"2025-12-09 10:36:00",21810,0,0,19.8,1
"2025-12-09 10:42:00",21811,0,0,19.8,1
"2025-12-09 10:48:00",21812,0,0,19.9,1
"2025-12-09 10:54:00",21813,0,0,19.9,1
"2025-12-09 11:00:00",21814,0,0,20,1
"2025-12-09 11:06:00",21815,0,0,20,1
"2025-12-09 11:12:00",21816,0,0,20,1
"2025-12-09 11:18:00",21817,0,0,20,1
"2025-12-09 11:24:00",21818,0,0,20,1
"2025-12-09 11:30:00",21819,0,0,20.1,1
"2025-12-09 11:36:00",21820,0,0,20.1,1
"2025-12-09 11:42:00",21821,0,0,20.1,1
"2025-12-09 11:48:00",21822,0,0.01,20.2,1
"2025-12-09 11:54:00",21823,0,0.01,20.2,1
"2025-12-09 12:00:00",21824,0,0.01,20.2,1
"2025-12-09 12:06:00",21825,0,0,20.2,1
"2025-12-09 12:12:00",21826,0,0,20.3,1
"2025-12-09 12:18:00",21827,0,0,20.3,1
"2025-12-09 12:24:00",21828,0,0,20.3,1
"2025-12-09 12:30:00",21829,0,0,20.3,1
"2025-12-09 12:36:00",21830,0,0,20.4,1
"2025-12-09 12:42:00",21831,0,0,20.4,1
"2025-12-09 12:48:00",21832,0,0,20.4,1
"2025-12-09 12:54:00",21833,0,0,20.4,1
"2025-12-09 13:00:00",21834,0,0,20.4,1
"2025-12-09 13:06:00",21835,0,0,20.5,1
"2025-12-09 13:12:00",21836,0,0,20.5,1
"2025-12-09 13:18:00",21837,0,0.01,20.5,1
"2025-12-09 13:24:00",21838,0,0.01,20.5,1
"2025-12-09 13:30:00",21839,0,0.01,20.5,1
"2025-12-09 13:36:00",21840,0,0.01,20.5,1
"2025-12-09 13:42:00",21841,0,0.01,20.5,1
"2025-12-09 13:48:00",21842,0,0.01,20.5,1
"2025-12-09 13:54:00",21843,0,0,20.6,1
"2025-12-09 14:00:00",21844,0,0,20.6,1
"2025-12-09 14:06:00",21845,0,0,20.6,1
"2025-12-09 14:12:00",21846,0,0,20.6,1
"2025-12-09 14:18:00",21847,0,0,20.6,1
"2025-12-09 14:24:00",21848,0,0,20.6,1
"2025-12-09 14:30:00",21849,0,0,20.5,1
"2025-12-09 14:36:00",21850,0,0,20.5,1
"2025-12-09 14:42:00",21851,0,0,20.4,1
"2025-12-09 14:48:00",21852,0,0,20.4,1
"2025-12-09 14:54:00",21853,0,0,20.4,1
"2025-12-09 15:00:00",21854,0,0,20.4,1
"2025-12-09 15:06:00",21855,0,0,20.4,1
"2025-12-09 15:12:00",21856,0,0,20.4,1
"2025-12-09 15:18:00",21857,0,0,20.5,1
"2025-12-09 15:24:00",21858,0,0,20.5,1
"2025-12-09 15:30:00",21859,0,0,20.5,1
"2025-12-09 15:36:00",21860,0,0,20.5,1
"2025-12-09 15:42:00",21861,0,0,20.5,1
"2025-12-09 15:48:00",21862,0,0,20.6,1
"2025-12-09 15:54:00",21863,0,0,20.6,1
"2025-12-09 16:00:00",21864,0,0,20.6,1
"2025-12-09 16:06:00",21865,0,0,20.6,1
"2025-12-09 16:12:00",21866,0,0,20.6,1
"2025-12-09 16:18:00",21867,0,0,20.5,1
"2025-12-09 16:24:00",21868,0,0,20.4,1
"2025-12-09 16:30:00",21869,0,0,20.3,1
"2025-12-09 16:36:00",21870,0,0,20.3,1
"2025-12-09 16:42:00",21871,0,0,20.2,1
"2025-12-09 16:48:00",21872,0,0,20.2,1
"2025-12-09 16:54:00",21873,0,0,20.2,1
"2025-12-09 17:00:00",21874,0,0,20.2,1
"2025-12-09 17:06:00",21875,0,0,20.2,1
"2025-12-09 17:12:00",21876,0,0,20.2,1
"2025-12-09 17:18:00",21877,0,0,20.2,1
"2025-12-09 17:24:00",21878,0,0,20.1,1
"2025-12-09 17:30:00",21879,0,0,20.1,1
"2025-12-09 17:36:00",21880,0,0,20.1,1
"2025-12-09 17:42:00",21881,0,0,20.1,1
"2025-12-09 17:48:00",21882,0,0,20.1,1
"2025-12-09 17:54:00",21883,0,0,20.1,1
"2025-12-09 18:00:00",21884,0,0,20.1,1
"2025-12-09 18:06:00",21885,0,0,20,1
"2025-12-09 18:12:00",21886,0,0,20,1
"2025-12-09 18:18:00",21887,0,0,20,1
"2025-12-09 18:24:00",21888,0,0,20,1
"2025-12-09 18:30:00",21889,0,0,20,1
"2025-12-09 18:36:00",21890,0,0,19.9,1
"2025-12-09 18:42:00",21891,0,0,19.9,1
"2025-12-09 18:48:00",21892,0,0,19.9,1
"2025-12-09 18:54:00",21893,0,0,19.9,1
"2025-12-09 19:00:00",21894,0,0,19.9,1
"2025-12-09 19:06:00",21895,0,0,19.9,1
"2025-12-09 19:12:00",21896,0,0,19.8,1
"2025-12-09 19:18:00",21897,0,0,19.8,1
"2025-12-09 19:24:00",21898,0,0,19.8,1
"2025-12-09 19:30:00",21899,0,0,19.8,1
"2025-12-09 19:36:00",21900,0,0,19.8,1
"2025-12-09 19:42:00",21901,0,0,19.8,1
"2025-12-09 19:48:00",21902,0,0,19.7,1
"2025-12-09 19:54:00",21903,0,0,19.7,1
"2025-12-09 20:00:00",21904,0,0,19.7,1
"2025-12-09 20:06:00",21905,0,0,19.6,1
"2025-12-09 20:12:00",21906,0,0,19.6,1
"2025-12-09 20:18:00",21907,0,0,19.5,1
"2025-12-09 20:24:00",21908,0,0,19.5,1
"2025-12-09 20:30:00",21909,0,-0.01,19.4,1
"2025-12-09 20:36:00",21910,0,0,19.4,1
"2025-12-09 20:42:00",21911,0,0,19.4,1
"2025-12-09 20:48:00",21912,0,0,19.3,1
"2025-12-09 20:54:00",21913,0,0,19.3,1
"2025-12-09 21:00:00",21914,0,0,19.2,1
"2025-12-09 21:06:00",21915,0,0,19.2,1
"2025-12-09 21:12:00",21916,0,0,19.2,1
"2025-12-09 21:18:00",21917,0,0,19.1,1
"2025-12-09 21:24:00",21918,0,0,19.1,1
"2025-12-09 21:30:00",21919,0,0,19.1,1
"2025-12-09 21:36:00",21920,0,0,19,1
"2025-12-09 21:42:00",21921,0,0,19,1
"2025-12-09 21:48:00",21922,0,0,19,1
"2025-12-09 21:54:00",21923,0,0,18.9,1
"2025-12-09 22:00:00",21924,0,0,18.9,1
"2025-12-09 22:06:00",21925,0,0,18.9,1
"2025-12-09 22:12:00",21926,0,0,18.9,1
"2025-12-09 22:18:00",21927,0,0,18.8,1
"2025-12-09 22:24:00",21928,0,0,18.8,1
"2025-12-09 22:30:00",21929,0,0,18.8,1
"2025-12-09 22:36:00",21930,0,0,18.8,1
"2025-12-09 22:42:00",21931,0,0,18.7,1
"2025-12-09 22:48:00",21932,0,0,18.7,1
"2025-12-09 22:54:00",21933,0,0,18.7,1
"2025-12-09 23:00:00",21934,0,0,18.7,1
"2025-12-09 23:06:00",21935,0,0,18.7,1
"2025-12-09 23:12:00",21936,0,0,18.7,1
"2025-12-09 23:18:00",21937,0,0,18.6,1
"2025-12-09 23:24:00",21938,0,0,18.6,1
"2025-12-09 23:30:00",21939,0,0,18.6,1
"2025-12-09 23:36:00",21940,0,0,18.6,1
"2025-12-09 23:42:00",21941,0,0,18.6,1
"2025-12-09 23:48:00",21942,0,0,18.6,1
"2025-12-09 23:54:00",21943,0,0,18.6,1
"2025-12-10 00:00:00",21944,0,0,18.6,1
"2025-12-10 00:06:00",21945,0,-0.01,18.6,1
"2025-12-10 00:12:00",21946,0,0,18.6,1
"2025-12-10 00:18:00",21947,0,0,18.6,1
"2025-12-10 00:24:00",21948,0,0,18.5,1
"2025-12-10 00:30:00",21949,0,0,18.5,1
"2025-12-10 00:36:00",21950,0,0,18.5,1
"2025-12-10 00:42:00",21951,0,0,18.5,1
"2025-12-10 00:48:00",21952,0,0,18.5,1
"2025-12-10 00:54:00",21953,0,0,18.5,1
"2025-12-10 01:00:00",21954,0,0,18.5,1
"2025-12-10 01:06:00",21955,0,0,18.5,1
"2025-12-10 01:12:00",21956,0,0,18.5,1
"2025-12-10 01:18:00",21957,0,0,18.5,1
"2025-12-10 01:24:00",21958,0,0,18.5,1
"2025-12-10 01:30:00",21959,0,0,18.5,1
"2025-12-10 01:36:00",21960,0,0,18.5,1
"2025-12-10 01:42:00",21961,0,0,18.5,1
"2025-12-10 01:48:00",21962,0,0,18.5,1
"2025-12-10 01:54:00",21963,0,0,18.5,1
"2025-12-10 02:00:00",21964,0,0,18.5,1
"2025-12-10 02:06:00",21965,0,0,18.5,1
"2025-12-10 02:12:00",21966,0,0,18.5,1
"2025-12-10 02:18:00",21967,0,0,18.5,1
"2025-12-10 02:24:00",21968,0,0,18.5,1
"2025-12-10 02:30:00",21969,0,0,18.5,1
"2025-12-10 02:36:00",21970,0,0,18.5,1
"2025-12-10 02:42:00",21971,0,0,18.5,1
"2025-12-10 02:48:00",21972,0,0,18.5,1
"2025-12-10 02:54:00",21973,0,0,18.5,1
"2025-12-10 03:00:00",21974,0,0,18.5,1
"2025-12-10 03:06:00",21975,0,0,18.5,1
"2025-12-10 03:12:00",21976,0,0,18.6,1
"2025-12-10 03:18:00",21977,0,0,18.6,1
"2025-12-10 03:24:00",21978,0,0,18.6,1
"2025-12-10 03:30:00",21979,0,0,18.6,1
"2025-12-10 03:36:00",21980,0,0,18.6,1
"2025-12-10 03:42:00",21981,0,0,18.6,1
"2025-12-10 03:48:00",21982,0,0,18.6,1
"2025-12-10 03:54:00",21983,0,0,18.6,1
"2025-12-10 04:00:00",21984,0,0,18.6,1
"2025-12-10 04:06:00",21985,0,0,18.6,1
"2025-12-10 04:12:00",21986,0,0,18.6,1
"2025-12-10 04:18:00",21987,0,0,18.7,1
"2025-12-10 04:24:00",21988,0,0,18.7,1
"2025-12-10 04:30:00",21989,0,0,18.7,1
"2025-12-10 04:36:00",21990,0,0.01,18.7,1
"2025-12-10 04:42:00",21991,0,0,18.7,1
"2025-12-10 04:48:00",21992,0,0.01,18.7,1
"2025-12-10 04:54:00",21993,0,0.01,18.7,1
"2025-12-10 05:00:00",21994,0,0.01,18.7,1
"2025-12-10 05:06:00",21995,0,0.01,18.7,1
"2025-12-10 05:12:00",21996,0,0.01,18.7,1
"2025-12-10 05:18:00",21997,0,0,18.7,1
"2025-12-10 05:24:00",21998,0,0,18.7,1
"2025-12-10 05:30:00",21999,0,0,18.7,1
"2025-12-10 05:36:00",22000,0,0,18.7,1
"2025-12-10 05:42:00",22001,0,0,18.7,1
"2025-12-10 05:48:00",22002,0,0,18.7,1
"2025-12-10 05:54:00",22003,0,0,18.7,1
"2025-12-10 06:00:00",22004,0,0,18.7,1
"2025-12-10 06:06:00",22005,0,0,18.8,1
"2025-12-10 06:12:00",22006,0,0,18.8,1
"2025-12-10 06:18:00",22007,0,0,18.8,1
"2025-12-10 06:24:00",22008,0,0,18.8,1
"2025-12-10 06:30:00",22009,0,0,18.8,1
"2025-12-10 06:36:00",22010,0,0,18.8,1
"2025-12-10 06:42:00",22011,0,0,18.8,1
"2025-12-10 06:48:00",22012,0,0,18.8,1
"2025-12-10 06:54:00",22013,0,0,18.8,1
"2025-12-10 07:00:00",22014,0,0,18.8,1
"2025-12-10 07:06:00",22015,0,0,18.8,1
"2025-12-10 07:12:00",22016,0,0,18.8,1
"2025-12-10 07:18:00",22017,0,0,18.8,1
"2025-12-10 07:24:00",22018,0,0,18.8,1
"2025-12-10 07:30:00",22019,0,0,18.8,1
"2025-12-10 07:36:00",22020,0,0,18.8,1
"2025-12-10 07:42:00",22021,0,0,18.8,1
"2025-12-10 07:48:00",22022,0,0,18.8,1
"2025-12-10 07:54:00",22023,0,0,18.9,1
"2025-12-10 08:00:00",22024,0,0,18.9,1
"2025-12-10 08:06:00",22025,0,0,18.9,1
"2025-12-10 08:12:00",22026,0,0,18.9,1
"2025-12-10 08:18:00",22027,0,0,18.9,1
"2025-12-10 08:24:00",22028,0,0,18.9,1
"2025-12-10 08:30:00",22029,0,0,18.9,1
"2025-12-10 08:36:00",22030,0,0,18.9,1
"2025-12-10 08:42:00",22031,0,0,19,1
"2025-12-10 08:48:00",22032,0,0,19,1
"2025-12-10 08:54:00",22033,0,0,19,1
"2025-12-10 09:00:00",22034,0,0,19,1
"2025-12-10 09:06:00",22035,0,0,19,1
"2025-12-10 09:12:00",22036,0,0,19,1
"2025-12-10 09:18:00",22037,0,0,19,1
"2025-12-10 09:24:00",22038,0,0,19,1
"2025-12-10 09:30:00",22039,0,0,19,1
"2025-12-10 09:36:00",22040,0,0,19,1
"2025-12-10 09:42:00",22041,0,0,19,1
"2025-12-10 09:48:00",22042,0,0,19,1
"2025-12-10 09:54:00",22043,0,0,19,1
"2025-12-10 10:00:00",22044,0,0,19,1
"2025-12-10 10:06:00",22045,0,0,19,1
"2025-12-10 10:12:00",22046,0,0,19,1
"2025-12-10 10:18:00",22047,0,0,19.1,1
"2025-12-10 10:24:00",22048,0,0,19.1,1
"2025-12-10 10:30:00",22049,0,0,19.2,1
"2025-12-10 10:36:00",22050,0,0,19.3,1
"2025-12-10 10:42:00",22051,0,0,19.4,1
"2025-12-10 10:48:00",22052,0,0,19.5,1
"2025-12-10 10:54:00",22053,0,0,19.5,1
"2025-12-10 11:00:00",22054,0,0,19.6,1
"2025-12-10 11:06:00",22055,0,0,19.6,1
"2025-12-10 11:12:00",22056,0,0,19.6,1
"2025-12-10 11:18:00",22057,0,0,19.6,1
"2025-12-10 11:24:00",22058,0,0,19.6,1
"2025-12-10 11:30:00",22059,0,0,19.6,1
"2025-12-10 11:36:00",22060,0,0.01,19.7,1
"2025-12-10 11:42:00",22061,0,0.01,19.7,1
"2025-12-10 11:48:00",22062,0,0.01,19.7,1
"2025-12-10 11:54:00",22063,0,0,19.7,1
"2025-12-10 12:00:00",22064,0,0,19.7,1
"2025-12-10 12:06:00",22065,0,0,19.8,1
"2025-12-10 12:12:00",22066,0,0,19.8,1
"2025-12-10 12:18:00",22067,0,0,19.8,1
"2025-12-10 12:24:00",22068,0,0,19.8,1
"2025-12-10 12:30:00",22069,0,0,19.8,1
"2025-12-10 12:36:00",22070,0,0,19.8,1
"2025-12-10 12:42:00",22071,0,0.01,19.9,1
"2025-12-10 12:48:00",22072,0,0.01,19.9,1
"2025-12-10 12:54:00",22073,0,0.01,19.9,1
"2025-12-10 13:00:00",22074,0,0.01,19.9,1
"2025-12-10 13:06:00",22075,0,0.01,19.9,1
"2025-12-10 13:12:00",22076,0,0,19.9,1
"2025-12-10 13:18:00",22077,0,0,19.9,1
"2025-12-10 13:24:00",22078,0,0,19.9,1
"2025-12-10 13:30:00",22079,0,0,20,1
"2025-12-10 13:36:00",22080,0,0,20,1
"2025-12-10 13:42:00",22081,0,0,20,1
"2025-12-10 13:48:00",22082,0,0,20,1
"2025-12-10 13:54:00",22083,0,0,20,1
"2025-12-10 14:00:00",22084,0,0,20,1
"2025-12-10 14:06:00",22085,0,0,20,1
"2025-12-10 14:12:00",22086,0,0,20,1
"2025-12-10 14:18:00",22087,0,0,20,1
"2025-12-10 14:24:00",22088,0,0,20,1
"2025-12-10 14:30:00",22089,0,0,20,1
"2025-12-10 14:36:00",22090,0,0,20,1
"2025-12-10 14:42:00",22091,0,0,20.1,1
"2025-12-10 14:48:00",22092,0,0,20.1,1
"2025-12-10 14:54:00",22093,0,0,20.1,1
"2025-12-10 15:00:00",22094,0,0,20.1,1
"2025-12-10 15:06:00",22095,0,0,20.1,1
"2025-12-10 15:12:00",22096,0,0,20.1,1
"2025-12-10 15:18:00",22097,0,0,20.1,1
"2025-12-10 15:24:00",22098,0,0,20.1,1
"2025-12-10 15:30:00",22099,0,0,20.1,1
"2025-12-10 15:36:00",22100,0,0,20.1,1
"2025-12-10 15:42:00",22101,0,0,20.1,1
"2025-12-10 15:48:00",22102,0,0,20.1,1
"2025-12-10 15:54:00",22103,0,0,20.1,1
"2025-12-10 16:00:00",22104,0,0,20.1,1
"2025-12-10 16:06:00",22105,0,0,20.1,1
"2025-12-10 16:12:00",22106,0,0,20.1,1
"2025-12-10 16:18:00",22107,0,0,20.2,1
"2025-12-10 16:24:00",22108,0,0,20.2,1
"2025-12-10 16:30:00",22109,0,0,20.2,1
"2025-12-10 16:36:00",22110,0,0,20.2,1
"2025-12-10 16:42:00",22111,0,0,20.2,1
"2025-12-10 16:48:00",22112,0,0,20.2,1
"2025-12-10 16:54:00",22113,0,0,20.2,1
"2025-12-10 17:00:00",22114,0,0,20.2,1
"2025-12-10 17:06:00",22115,0,0,20.2,1
"2025-12-10 17:12:00",22116,0,0,20.2,1
"2025-12-10 17:18:00",22117,0,0,20.2,1
"2025-12-10 17:24:00",22118,0,0,20.2,1
"2025-12-10 17:30:00",22119,0,0,20.2,1
"2025-12-10 17:36:00",22120,0,0,20.2,1
"2025-12-10 17:42:00",22121,0,0,20.2,1
"2025-12-10 17:48:00",22122,0,0,20.2,1
"2025-12-10 17:54:00",22123,0,0,20.2,1
"2025-12-10 18:00:00",22124,0,0,20.2,1
"2025-12-10 18:06:00",22125,0,0,20.2,1
"2025-12-10 18:12:00",22126,0,0,20.2,1
"2025-12-10 18:18:00",22127,0,0,20.2,1
"2025-12-10 18:24:00",22128,0,0,20.2,1
"2025-12-10 18:30:00",22129,0,0,20.2,1
"2025-12-10 18:36:00",22130,0,0,20.2,1
"2025-12-10 18:42:00",22131,0,0,20.2,1
"2025-12-10 18:48:00",22132,0,0,20.2,1
"2025-12-10 18:54:00",22133,0,0,20.2,1
"2025-12-10 19:00:00",22134,0,0,20.2,1
"2025-12-10 19:06:00",22135,0,0,20.2,1
"2025-12-10 19:12:00",22136,0,0,20.2,1
"2025-12-10 19:18:00",22137,0,0,20.2,1
"2025-12-10 19:24:00",22138,0,0,20.2,1
"2025-12-10 19:30:00",22139,0,0,20.2,1
"2025-12-10 19:36:00",22140,0,0,20.2,1
"2025-12-10 19:42:00",22141,0,0,20.2,1
"2025-12-10 19:48:00",22142,0,0,20.2,1
"2025-12-10 19:54:00",22143,0,0,20.2,1
"2025-12-10 20:00:00",22144,0,0,20.2,1
"2025-12-10 20:06:00",22145,0,0,20.2,1
"2025-12-10 20:12:00",22146,0,0,20.3,1
"2025-12-10 20:18:00",22147,0,0,20.3,1
"2025-12-10 20:24:00",22148,0,0,20.2,1
"2025-12-10 20:30:00",22149,0,0,20.3,1
"2025-12-10 20:36:00",22150,0,0,20.2,1
"2025-12-10 20:42:00",22151,0,0,20.2,1
"2025-12-10 20:48:00",22152,0,0,20.2,1
"2025-12-10 20:54:00",22153,0,0,20.2,1
"2025-12-10 21:00:00",22154,0,0,20.2,1
"2025-12-10 21:06:00",22155,0,0,20.2,1
"2025-12-10 21:12:00",22156,0,0,20.2,1
"2025-12-10 21:18:00",22157,0,0,20.2,1
"2025-12-10 21:24:00",22158,0,0,20.2,1
"2025-12-10 21:30:00",22159,0,0,20.2,1
"2025-12-10 21:36:00",22160,0,0,20.2,1
"2025-12-10 21:42:00",22161,0,0,20.2,1
"2025-12-10 21:48:00",22162,0,0,20.2,1
"2025-12-10 21:54:00",22163,0,0,20.2,1
"2025-12-10 22:00:00",22164,0,0,20.2,1
"2025-12-10 22:06:00",22165,0,0,20.2,1
"2025-12-10 22:12:00",22166,0,0,20.2,1
"2025-12-10 22:18:00",22167,0,0,20.2,1
"2025-12-10 22:24:00",22168,0,0,20.2,1
"2025-12-10 22:30:00",22169,0,0,20.2,1
"2025-12-10 22:36:00",22170,0,0,20.2,1
"2025-12-10 22:42:00",22171,0,0,20.2,1
"2025-12-10 22:48:00",22172,0,0,20.2,1
"2025-12-10 22:54:00",22173,0,0,20.2,1
"2025-12-10 23:00:00",22174,0,0,20.2,1
"2025-12-10 23:06:00",22175,0,0,20.2,1
"2025-12-10 23:12:00",22176,0,0,20.2,1
"2025-12-10 23:18:00",22177,0,0,20.2,1
"2025-12-10 23:24:00",22178,0,0,20.2,1
"2025-12-10 23:30:00",22179,0,0,20.2,1
"2025-12-10 23:36:00",22180,0,0,20.2,1
"2025-12-10 23:42:00",22181,0,0,20.2,1
"2025-12-10 23:48:00",22182,0,0,20.2,1
"2025-12-10 23:54:00",22183,0,0,20.2,1
"2025-12-11 00:00:00",22184,0,0,20.2,1
"2025-12-11 00:06:00",22185,0,0,20.2,1
"2025-12-11 00:12:00",22186,0,0,20.2,1
"2025-12-11 00:18:00",22187,0,0,20.2,1
"2025-12-11 00:24:00",22188,0,0,20.2,1
"2025-12-11 00:30:00",22189,0,0,20.2,1
"2025-12-11 00:36:00",22190,0,0,20.2,1
"2025-12-11 00:42:00",22191,0,0,20.2,1
"2025-12-11 00:48:00",22192,0,0,20.2,1
"2025-12-11 00:54:00",22193,0,0,20.2,1
"2025-12-11 01:00:00",22194,0,0,20.2,1
"2025-12-11 01:06:00",22195,0,0,20.2,1
"2025-12-11 01:12:00",22196,0,0,20.2,1
"2025-12-11 01:18:00",22197,0,0,20.2,1
"2025-12-11 01:24:00",22198,0,0,20.2,1
"2025-12-11 01:30:00",22199,0,0,20.2,1
"2025-12-11 01:36:00",22200,0,0,20.2,1
"2025-12-11 01:42:00",22201,0,0,20.2,1
"2025-12-11 01:48:00",22202,0,0,20.2,1
"2025-12-11 01:54:00",22203,0,0,20.2,1
"2025-12-11 02:00:00",22204,0,0,20.2,1
"2025-12-11 02:06:00",22205,0,0,20.2,1
"2025-12-11 02:12:00",22206,0,0,20.2,1
"2025-12-11 02:18:00",22207,0,0,20.2,1
"2025-12-11 02:24:00",22208,0,0,20.2,1
"2025-12-11 02:30:00",22209,0,0,20.2,1
"2025-12-11 02:36:00",22210,0,0,20.2,1
"2025-12-11 02:42:00",22211,0,0,20.2,1
"2025-12-11 02:48:00",22212,0,0,20.2,1
"2025-12-11 02:54:00",22213,0,0,20.1,1
"2025-12-11 03:00:00",22214,0,0,20.1,1
"2025-12-11 03:06:00",22215,0,0,20.2,1
"2025-12-11 03:12:00",22216,0,0,20.2,1
"2025-12-11 03:18:00",22217,0,0,20.2,1
"2025-12-11 03:24:00",22218,0,0,20.2,1
"2025-12-11 03:30:00",22219,0,0,20.1,1
"2025-12-11 03:36:00",22220,0,0,20.1,1
"2025-12-11 03:42:00",22221,0,0,20.1,1
"2025-12-11 03:48:00",22222,0,0,20.1,1
"2025-12-11 03:54:00",22223,0,0,20.1,1
"2025-12-11 04:00:00",22224,0,0,20.1,1
"2025-12-11 04:06:00",22225,0,0,20.1,1
"2025-12-11 04:12:00",22226,0,0,20.1,1
"2025-12-11 04:18:00",22227,0,0,20.1,1
"2025-12-11 04:24:00",22228,0,0,20.1,1
"2025-12-11 04:30:00",22229,0,0,20.1,1
"2025-12-11 04:36:00",22230,0,0,20.1,1
"2025-12-11 04:42:00",22231,0,0,20.1,1
"2025-12-11 04:48:00",22232,0,0,20.1,1
"2025-12-11 04:54:00",22233,0,0,20.1,1
"2025-12-11 05:00:00",22234,0,0,20.1,1
"2025-12-11 05:06:00",22235,0,0,20.1,1
"2025-12-11 05:12:00",22236,0,0,20.1,1
"2025-12-11 05:18:00",22237,0,0,20.1,1
"2025-12-11 05:24:00",22238,0,0,20.1,1
"2025-12-11 05:30:00",22239,0,0,20.1,1
"2025-12-11 05:36:00",22240,0,0,20.1,1
"2025-12-11 05:42:00",22241,0,0,20.1,1
"2025-12-11 05:48:00",22242,0,0,20,1
"2025-12-11 05:54:00",22243,0,0,20,1
"2025-12-11 06:00:00",22244,0,0,20.1,1
"2025-12-11 06:06:00",22245,0,0,20.1,1
"2025-12-11 06:12:00",22246,0,0,20.1,1
"2025-12-11 06:18:00",22247,0,0,20.1,1
"2025-12-11 06:24:00",22248,0,0,20.1,1
"2025-12-11 06:30:00",22249,0,0,20.1,1
"2025-12-11 06:36:00",22250,0,0,20.1,1
"2025-12-11 06:42:00",22251,0,0,20,1
"2025-12-11 06:48:00",22252,0,0,20,1
"2025-12-11 06:54:00",22253,0,0,20,1
"2025-12-11 07:00:00",22254,0,0,20,1
"2025-12-11 07:06:00",22255,0,0,20,1
"2025-12-11 07:12:00",22256,0,0,19.9,1
"2025-12-11 07:18:00",22257,0,0,19.9,1
"2025-12-11 07:24:00",22258,0,0,19.9,1
"2025-12-11 07:30:00",22259,0,0,19.8,1
"2025-12-11 07:36:00",22260,0,0,19.8,1
"2025-12-11 07:42:00",22261,0,0,19.8,1
"2025-12-11 07:48:00",22262,0,0,19.8,1
"2025-12-11 07:54:00",22263,0,0,19.8,1
"2025-12-11 08:00:00",22264,0,0,19.7,1
"2025-12-11 08:06:00",22265,0,0,19.7,1
"2025-12-11 08:12:00",22266,0,0,19.7,1
"2025-12-11 08:18:00",22267,0,0,19.7,1
"2025-12-11 08:24:00",22268,0,0,19.7,1
"2025-12-11 08:30:00",22269,0,0,19.7,1
"2025-12-11 08:36:00",22270,0,0,19.7,1
"2025-12-11 08:42:00",22271,0,0,19.7,1
"2025-12-11 08:48:00",22272,0,0,19.7,1
"2025-12-11 08:54:00",22273,0,0,19.7,1
"2025-12-11 09:00:00",22274,0,0,19.7,1
"2025-12-11 09:06:00",22275,0,0,19.7,1
"2025-12-11 09:12:00",22276,0,0,19.8,1
"2025-12-11 09:18:00",22277,0,0,19.8,1
"2025-12-11 09:24:00",22278,0,0,19.8,1
"2025-12-11 09:30:00",22279,0,0,19.8,1
"2025-12-11 09:36:00",22280,0,0,19.8,1
"2025-12-11 09:42:00",22281,0,0,19.9,1
"2025-12-11 09:48:00",22282,0,0,19.9,1
"2025-12-11 09:54:00",22283,0,0,19.9,1
"2025-12-11 10:00:00",22284,0,0,19.9,1
"2025-12-11 10:06:00",22285,0,0.01,19.9,1
"2025-12-11 10:12:00",22286,0,0.01,19.9,1
"2025-12-11 10:18:00",22287,0,0.01,19.9,1
"2025-12-11 10:24:00",22288,0,0.01,19.9,1
"2025-12-11 10:30:00",22289,0,0.01,19.9,1
"2025-12-11 10:36:00",22290,0,0,19.9,1
"2025-12-11 10:42:00",22291,0,0,19.9,1
"2025-12-11 10:48:00",22292,0,0,19.9,1
"2025-12-11 10:54:00",22293,0,0.01,20,1
"2025-12-11 11:00:00",22294,0,0.01,20,1
"2025-12-11 11:06:00",22295,0,0,20,1
"2025-12-11 11:12:00",22296,0,0,20,1
"2025-12-11 11:18:00",22297,0,0.01,20,1
"2025-12-11 11:24:00",22298,0,0.01,20,1
"2025-12-11 11:30:00",22299,0,0,20,1
"2025-12-11 11:36:00",22300,0,0,20,1
"2025-12-11 11:42:00",22301,0,0,20,1
"2025-12-11 11:48:00",22302,0,0,20,1
"2025-12-11 11:54:00",22303,0,0,20,1
"2025-12-11 12:00:00",22304,0,0,20.1,1
"2025-12-11 12:06:00",22305,0,0,20.1,1
"2025-12-11 12:12:00",22306,0,0,20.1,1
"2025-12-11 12:18:00",22307,0,0,20.1,1
"2025-12-11 12:24:00",22308,0,0,20.1,1
"2025-12-11 12:30:00",22309,0,0,20.2,1
"2025-12-11 12:36:00",22310,0,0,20.2,1
"2025-12-11 12:42:00",22311,0,0,20.2,1
"2025-12-11 12:48:00",22312,0,0,20.2,1
"2025-12-11 12:54:00",22313,0,0,20.2,1
"2025-12-11 13:00:00",22314,0,0,20.3,1
"2025-12-11 13:06:00",22315,0,0.01,20.3,1
"2025-12-11 13:12:00",22316,0,0.01,20.3,1
"2025-12-11 13:18:00",22317,0,0.01,20.3,1
"2025-12-11 13:24:00",22318,0,0,20.3,1
"2025-12-11 13:30:00",22319,0,0,20.4,1
"2025-12-11 13:36:00",22320,0,0,20.4,1
"2025-12-11 13:42:00",22321,0,0,20.3,1
"2025-12-11 13:48:00",22322,0,0,20.2,1
"2025-12-11 13:54:00",22323,0,0,20.1,1
"2025-12-11 14:00:00",22324,0,0,20,1
"2025-12-11 14:06:00",22325,0,0,19.8,1
"2025-12-11 14:12:00",22326,0,0,19.6,1
"2025-12-11 14:18:00",22327,0,0,19.5,1
"2025-12-11 14:24:00",22328,0,0,19.3,1
"2025-12-11 14:30:00",22329,0,0,19.3,1
"2025-12-11 14:36:00",22330,0,0,19.3,1
"2025-12-11 14:42:00",22331,0,0,19.3,1
"2025-12-11 14:48:00",22332,0,0,19.4,1
"2025-12-11 14:54:00",22333,0,0,19.4,1
"2025-12-11 15:00:00",22334,0,0,19.4,1
"2025-12-11 15:06:00",22335,0,0,19.5,1
"2025-12-11 15:12:00",22336,0,0,19.5,1
"2025-12-11 15:18:00",22337,0,0,19.5,1
"2025-12-11 15:24:00",22338,0,0,19.6,1
"2025-12-11 15:30:00",22339,0,0,19.6,1
"2025-12-11 15:36:00",22340,0,0,19.6,1
"2025-12-11 15:42:00",22341,0,0,19.7,1
"2025-12-11 15:48:00",22342,0,0,19.7,1
"2025-12-11 15:54:00",22343,0,0.01,19.7,1
"2025-12-11 16:00:00",22344,0,0.01,19.7,1
"2025-12-11 16:06:00",22345,0,0,19.8,1
"2025-12-11 16:12:00",22346,0,0.01,19.8,1
"2025-12-11 16:18:00",22347,0,0.01,19.8,1
"2025-12-11 16:24:00",22348,0,0.01,19.8,1
"2025-12-11 16:30:00",22349,0,0.01,19.8,1
"2025-12-11 16:36:00",22350,0,0,19.9,1
"2025-12-11 16:42:00",22351,0,0,19.9,1
"2025-12-11 16:48:00",22352,0,0,19.9,1
"2025-12-11 16:54:00",22353,0,0,19.9,1
"2025-12-11 17:00:00",22354,0,0,19.9,1
"2025-12-11 17:06:00",22355,0,0,19.9,1
"2025-12-11 17:12:00",22356,0,0,19.9,1
"2025-12-11 17:18:00",22357,0,0,19.9,1
"2025-12-11 17:24:00",22358,0,0,19.8,1
"2025-12-11 17:30:00",22359,0,0,19.8,1
"2025-12-11 17:36:00",22360,0,0,19.8,1
"2025-12-11 17:42:00",22361,0,0,19.8,1
"2025-12-11 17:48:00",22362,0,0,19.8,1
"2025-12-11 17:54:00",22363,0,0,19.7,1
"2025-12-11 18:00:00",22364,0,0,19.7,1
"2025-12-11 18:06:00",22365,0,0,19.7,1
"2025-12-11 18:12:00",22366,0,0,19.7,1
"2025-12-11 18:18:00",22367,0,0,19.6,1
"2025-12-11 18:24:00",22368,0,0,19.6,1
"2025-12-11 18:30:00",22369,0,0,19.6,1
"2025-12-11 18:36:00",22370,0,0,19.6,1
"2025-12-11 18:42:00",22371,0,0,19.5,1
"2025-12-11 18:48:00",22372,0,0,19.5,1
"2025-12-11 18:54:00",22373,0,0,19.5,1
"2025-12-11 19:00:00",22374,0,0,19.5,1
"2025-12-11 19:06:00",22375,0,0,19.5,1
"2025-12-11 19:12:00",22376,0,0,19.5,1
"2025-12-11 19:18:00",22377,0,0,19.5,1
"2025-12-11 19:24:00",22378,0,0,19.5,1
"2025-12-11 19:30:00",22379,0,0,19.4,1
"2025-12-11 19:36:00",22380,0,0,19.4,1
"2025-12-11 19:42:00",22381,0,0,19.3,1
"2025-12-11 19:48:00",22382,0,0,19.3,1
"2025-12-11 19:54:00",22383,0,0,19.3,1
"2025-12-11 20:00:00",22384,0,0,19.3,1
"2025-12-11 20:06:00",22385,0,0,19.3,1
"2025-12-11 20:12:00",22386,0,0,19.3,1
"2025-12-11 20:18:00",22387,0,0,19.4,1
"2025-12-11 20:24:00",22388,0,0,19.4,1
"2025-12-11 20:30:00",22389,0,0,19.4,1
"2025-12-11 20:36:00",22390,0,0,19.4,1
"2025-12-11 20:42:00",22391,0,0,19.4,1
"2025-12-11 20:48:00",22392,0,0,19.4,1
"2025-12-11 20:54:00",22393,0,0,19.4,1
"2025-12-11 21:00:00",22394,0,0,19.5,1
"2025-12-11 21:06:00",22395,0,0,19.5,1
"2025-12-11 21:12:00",22396,0,0,19.5,1
"2025-12-11 21:18:00",22397,0,0,19.4,1
"2025-12-11 21:24:00",22398,0,0,19.4,1
"2025-12-11 21:30:00",22399,0,0,19.4,1
"2025-12-11 21:36:00",22400,0,0,19.4,1
"2025-12-11 21:42:00",22401,0,0,19.4,1
"2025-12-11 21:48:00",22402,0,0,19.4,1
"2025-12-11 21:54:00",22403,0,0,19.3,1
"2025-12-11 22:00:00",22404,0,0,19.3,1
"2025-12-11 22:06:00",22405,0,0,19.3,1
"2025-12-11 22:12:00",22406,0,0,19.3,1
"2025-12-11 22:18:00",22407,0,0,19.3,1
"2025-12-11 22:24:00",22408,0,0,19.3,1
"2025-12-11 22:30:00",22409,0,0,19.2,1
"2025-12-11 22:36:00",22410,0,0,19.2,1
"2025-12-11 22:42:00",22411,0,0,19.3,1
"2025-12-11 22:48:00",22412,0,0,19.3,1
"2025-12-11 22:54:00",22413,0,0,19.3,1
"2025-12-11 23:00:00",22414,0,0,19.3,1
"2025-12-11 23:06:00",22415,0,0,19.4,1
"2025-12-11 23:12:00",22416,0,0,19.4,1
"2025-12-11 23:18:00",22417,0,0,19.4,1
"2025-12-11 23:24:00",22418,0,0,19.4,1
"2025-12-11 23:30:00",22419,0,0,19.4,1
"2025-12-11 23:36:00",22420,0,0,19.3,1
"2025-12-11 23:42:00",22421,0,0,19.3,1
"2025-12-11 23:48:00",22422,0,0,19.3,1
"2025-12-11 23:54:00",22423,0,0,19.2,1
"2025-12-12 00:00:00",22424,0,0,19.2,1
"2025-12-12 00:06:00",22425,0,0,19.2,1
"2025-12-12 00:12:00",22426,0,0,19.1,1
"2025-12-12 00:18:00",22427,0,0,19.1,1
"2025-12-12 00:24:00",22428,0,0,19.1,1
"2025-12-12 00:30:00",22429,0,0,19.1,1
"2025-12-12 00:36:00",22430,0,0,19.1,1
"2025-12-12 00:42:00",22431,0,0,19,1
"2025-12-12 00:48:00",22432,0,0,19,1
"2025-12-12 00:54:00",22433,0,0,19,1
"2025-12-12 01:00:00",22434,0,0,19,1
"2025-12-12 01:06:00",22435,0,0,19,1
"2025-12-12 01:12:00",22436,0,0,19,1
"2025-12-12 01:18:00",22437,0,0,19,1
"2025-12-12 01:24:00",22438,0,0,19,1
"2025-12-12 01:30:00",22439,0,0,19,1
"2025-12-12 01:36:00",22440,0,0,19,1
"2025-12-12 01:42:00",22441,0,0,19,1
"2025-12-12 01:48:00",22442,0,0,19,1
"2025-12-12 01:54:00",22443,0,0,19,1
"2025-12-12 02:00:00",22444,0,0.01,19,1
"2025-12-12 02:06:00",22445,0,0.01,19,1
"2025-12-12 02:12:00",22446,0,0.01,19.1,1
"2025-12-12 02:18:00",22447,0,0,19.1,1
"2025-12-12 02:24:00",22448,0,0,19.1,1
"2025-12-12 02:30:00",22449,0,0.01,19.1,1
"2025-12-12 02:36:00",22450,0,0,19.1,1
"2025-12-12 02:42:00",22451,0,0,19.1,1
"2025-12-12 02:48:00",22452,0,0.01,19.2,1
"2025-12-12 02:54:00",22453,0,0,19.2,1
"2025-12-12 03:00:00",22454,0,0,19.2,1
"2025-12-12 03:06:00",22455,0,0,19.2,1
"2025-12-12 03:12:00",22456,0,0,19.2,1
"2025-12-12 03:18:00",22457,0,0,19.1,1
"2025-12-12 03:24:00",22458,0,0,19.1,1
"2025-12-12 03:30:00",22459,0,0,19.1,1
"2025-12-12 03:36:00",22460,0,0,19.1,1
"2025-12-12 03:42:00",22461,0,0,19.1,1
"2025-12-12 03:48:00",22462,0,0,19.2,1
"2025-12-12 03:54:00",22463,0,0,19.2,1
"2025-12-12 04:00:00",22464,0,0,19.3,1
"2025-12-12 04:06:00",22465,0,0.01,19.3,1
"2025-12-12 04:12:00",22466,0,0,19.3,1
"2025-12-12 04:18:00",22467,0,0,19.3,1
"2025-12-12 04:24:00",22468,0,0,19.3,1
"2025-12-12 04:30:00",22469,0,0,19.4,1
"2025-12-12 04:36:00",22470,0,0,19.4,1
"2025-12-12 04:42:00",22471,0,0,19.4,1
"2025-12-12 04:48:00",22472,0,0.01,19.4,1
"2025-12-12 04:54:00",22473,0,0.01,19.3,1
"2025-12-12 05:00:00",22474,0,0,19.3,1
"2025-12-12 05:06:00",22475,0,0,19.3,1
"2025-12-12 05:12:00",22476,0,0,19.3,1
"2025-12-12 05:18:00",22477,0,0,19.3,1
"2025-12-12 05:24:00",22478,0,0,19.3,1
"2025-12-12 05:30:00",22479,0,0,19.4,1
"2025-12-12 05:36:00",22480,0,0,19.4,1
"2025-12-12 05:42:00",22481,0,0,19.4,1
"2025-12-12 05:48:00",22482,0,0,19.4,1
"2025-12-12 05:54:00",22483,0,0,19.4,1
"2025-12-12 06:00:00",22484,0,0,19.4,1
"2025-12-12 06:06:00",22485,0,0,19.3,1
"2025-12-12 06:12:00",22486,0,0,19.3,1
"2025-12-12 06:18:00",22487,0,0,19.3,1
"2025-12-12 06:24:00",22488,0,0,19.3,1
"2025-12-12 06:30:00",22489,0,0,19.3,1
"2025-12-12 06:36:00",22490,0,0,19.3,1
"2025-12-12 06:42:00",22491,0,0,19.3,1
"2025-12-12 06:48:00",22492,0,0,19.3,1
"2025-12-12 06:54:00",22493,0,0,19.3,1
"2025-12-12 07:00:00",22494,0,0,19.3,1
"2025-12-12 07:06:00",22495,0,0,19.3,1
"2025-12-12 07:12:00",22496,0,0,19.3,1
"2025-12-12 07:18:00",22497,0,0,19.3,1
"2025-12-12 07:24:00",22498,0,0,19.3,1
"2025-12-12 07:30:00",22499,0,0,19.3,1
"2025-12-12 07:36:00",22500,0,0,19.3,1
"2025-12-12 07:42:00",22501,0,0,19.3,1
"2025-12-12 07:48:00",22502,0,0,19.3,1
"2025-12-12 07:54:00",22503,0,0,19.3,1
"2025-12-12 08:00:00",22504,0,0,19.3,1
"2025-12-12 08:06:00",22505,0,0,19.3,1
"2025-12-12 08:12:00",22506,0,0,19.3,1
"2025-12-12 08:18:00",22507,0,0,19.3,1
"2025-12-12 08:24:00",22508,0,0,19.3,1
"2025-12-12 08:30:00",22509,0,0,19.3,1
"2025-12-12 08:36:00",22510,0,0,19.2,1
"2025-12-12 08:42:00",22511,0,0,19.2,1
"2025-12-12 08:48:00",22512,0,0,19.3,1
"2025-12-12 08:54:00",22513,0,0,19.3,1
"2025-12-12 09:00:00",22514,0,0,19.3,1
"2025-12-12 09:06:00",22515,0,0,19.3,1
"2025-12-12 09:12:00",22516,0,0,19.3,1
"2025-12-12 09:18:00",22517,0,0,19.3,1
"2025-12-12 09:24:00",22518,0,0,19.2,1
"2025-12-12 09:30:00",22519,0,0,19.2,1
"2025-12-12 09:36:00",22520,0,0,19.2,1
"2025-12-12 09:42:00",22521,0,0,19.2,1
"2025-12-12 09:48:00",22522,0,0,19.2,1
"2025-12-12 09:54:00",22523,0,0,19.2,1
"2025-12-12 10:00:00",22524,0,0,19.2,1
"2025-12-12 10:06:00",22525,0,0,19.3,1
"2025-12-12 10:12:00",22526,0,0,19.4,1
"2025-12-12 10:18:00",22527,0,0,19.5,1
"2025-12-12 10:24:00",22528,0,0,19.6,1
"2025-12-12 10:30:00",22529,0,0,19.6,1
"2025-12-12 10:36:00",22530,0,0,19.7,1
"2025-12-12 10:42:00",22531,0,0,19.7,1
"2025-12-12 10:48:00",22532,0,0,19.8,1
"2025-12-12 10:54:00",22533,0,0,19.8,1
"2025-12-12 11:00:00",22534,0,0,19.9,1
"2025-12-12 11:06:00",22535,0,0,20,1
"2025-12-12 11:12:00",22536,0,0,20,1
"2025-12-12 11:18:00",22537,0,0,20.1,1
"2025-12-12 11:24:00",22538,0,0,20.1,1
"2025-12-12 11:30:00",22539,0,0,20.2,1
"2025-12-12 11:36:00",22540,0,0.01,20.2,1
"2025-12-12 11:42:00",22541,0,0,20.3,1
"2025-12-12 11:48:00",22542,0,0,20.3,1
"2025-12-12 11:54:00",22543,0,0,20.4,1
"2025-12-12 12:00:00",22544,0,0,20.4,1
"2025-12-12 12:06:00",22545,0,0.01,20.4,1
"2025-12-12 12:12:00",22546,0,0,20.5,1
"2025-12-12 12:18:00",22547,0,0,20.5,1
"2025-12-12 12:24:00",22548,0,0,20.6,1
"2025-12-12 12:30:00",22549,0,0,20.6,1
"2025-12-12 12:36:00",22550,0,0,20.7,1
"2025-12-12 12:42:00",22551,0,0,20.7,1
"2025-12-12 12:48:00",22552,0,0,20.8,1
"2025-12-12 12:54:00",22553,0,0,20.8,1
"2025-12-12 13:00:00",22554,0,0,20.8,1
"2025-12-12 13:06:00",22555,0,0,20.9,1
"2025-12-12 13:12:00",22556,0,0,20.9,1
"2025-12-12 13:18:00",22557,0,0,20.9,1
"2025-12-12 13:24:00",22558,0,0,21,1
"2025-12-12 13:30:00",22559,0,0,21,1
"2025-12-12 13:36:00",22560,0,0,21,1
"2025-12-12 13:42:00",22561,0,0,21.1,1
"2025-12-12 13:48:00",22562,0,0,21.1,1
"2025-12-12 13:54:00",22563,0,0,21.1,1
"2025-12-12 14:00:00",22564,0,0,21.1,1
"2025-12-12 14:06:00",22565,0,0,21.2,1
"2025-12-12 14:12:00",22566,0,0,21.2,1
"2025-12-12 14:18:00",22567,0,0.01,21.2,1
"2025-12-12 14:24:00",22568,0,0.01,21.2,1
"2025-12-12 14:30:00",22569,0,0.01,21.2,1
"2025-12-12 14:36:00",22570,0,0.01,21.2,1
"2025-12-12 14:42:00",22571,0,0,21.2,1
"2025-12-12 14:48:00",22572,0,0,21.3,1
"2025-12-12 14:54:00",22573,0,0,21.3,1
"2025-12-12 15:00:00",22574,0,0,21.3,1
"2025-12-12 15:06:00",22575,0,0,21.3,1
"2025-12-12 15:12:00",22576,0,0,21.3,1
"2025-12-12 15:18:00",22577,0,0,21.3,1
"2025-12-12 15:24:00",22578,0,0,21.3,1
"2025-12-12 15:30:00",22579,0,0,21.3,1
"2025-12-12 15:36:00",22580,0,0,21.3,1
"2025-12-12 15:42:00",22581,0,0,21.3,1
"2025-12-12 15:48:00",22582,0,0,21.3,1
"2025-12-12 15:54:00",22583,0,0,21.3,1
"2025-12-12 16:00:00",22584,0,0,21.3,1
"2025-12-12 16:06:00",22585,0,0,21.3,1
"2025-12-12 16:12:00",22586,0,0,21.3,1
"2025-12-12 16:18:00",22587,0,0,21.3,1
"2025-12-12 16:24:00",22588,0,0,21.3,1
"2025-12-12 16:30:00",22589,0,0,21.3,1
"2025-12-12 16:36:00",22590,0,0,21.4,1
"2025-12-12 16:42:00",22591,0,0,21.4,1
"2025-12-12 16:48:00",22592,0,0,21.4,1
"2025-12-12 16:54:00",22593,0,0,21.4,1
"2025-12-12 17:00:00",22594,0,0,21.4,1
"2025-12-12 17:06:00",22595,0,0,21.4,1
"2025-12-12 17:12:00",22596,0,0,21.4,1
"2025-12-12 17:18:00",22597,0,0,21.3,1
"2025-12-12 17:24:00",22598,0,0,21.3,1
"2025-12-12 17:30:00",22599,0,0,21.3,1
"2025-12-12 17:36:00",22600,0,0,21.2,1
"2025-12-12 17:42:00",22601,0,0,21.2,1
"2025-12-12 17:48:00",22602,0,0,21.1,1
"2025-12-12 17:54:00",22603,0,0,21.1,1
"2025-12-12 18:00:00",22604,0,0,21,1
"2025-12-12 18:06:00",22605,0,0,21,1
"2025-12-12 18:12:00",22606,0,0,20.9,1
"2025-12-12 18:18:00",22607,0,0,20.9,1
"2025-12-12 18:24:00",22608,0,0,20.8,1
"2025-12-12 18:30:00",22609,0,0,20.8,1
"2025-12-12 18:36:00",22610,0,0,20.7,1
"2025-12-12 18:42:00",22611,0,0,20.7,1
"2025-12-12 18:48:00",22612,0,0,20.6,1
"2025-12-12 18:54:00",22613,0,0,20.6,1
"2025-12-12 19:00:00",22614,0,0,20.5,1
"2025-12-12 19:06:00",22615,0,0,20.5,1
"2025-12-12 19:12:00",22616,0,0,20.5,1
"2025-12-12 19:18:00",22617,0,0,20.4,1
"2025-12-12 19:24:00",22618,0,0,20.4,1
"2025-12-12 19:30:00",22619,0,0,20.4,1
"2025-12-12 19:36:00",22620,0,0,20.3,1
"2025-12-12 19:42:00",22621,0,0,20.3,1
"2025-12-12 19:48:00",22622,0,0,20.3,1
"2025-12-12 19:54:00",22623,0,0,20.3,1
"2025-12-12 20:00:00",22624,0,0,20.3,1
"2025-12-12 20:06:00",22625,0,0,20.2,1
"2025-12-12 20:12:00",22626,0,0,20.2,1
"2025-12-12 20:18:00",22627,0,0,20.2,1
"2025-12-12 20:24:00",22628,0,0,20.2,1
"2025-12-12 20:30:00",22629,0,0,20.1,1
"2025-12-12 20:36:00",22630,0,0,20.1,1
"2025-12-12 20:42:00",22631,0,0,20.1,1
"2025-12-12 20:48:00",22632,0,0,20.1,1
"2025-12-12 20:54:00",22633,0,0,20,1
"2025-12-12 21:00:00",22634,0,0,20,1
"2025-12-12 21:06:00",22635,0,0,20,1
"2025-12-12 21:12:00",22636,0,0,20,1
"2025-12-12 21:18:00",22637,0,0,20,1
"2025-12-12 21:24:00",22638,0,0,20,1
"2025-12-12 21:30:00",22639,0,0,20,1
"2025-12-12 21:36:00",22640,0,0,20,1
"2025-12-12 21:42:00",22641,0,0,19.9,1
"2025-12-12 21:48:00",22642,0,0,19.9,1
"2025-12-12 21:54:00",22643,0,0,19.9,1
"2025-12-12 22:00:00",22644,0,0,19.9,1
"2025-12-12 22:06:00",22645,0,0,19.9,1
"2025-12-12 22:12:00",22646,0,0,19.9,1
"2025-12-12 22:18:00",22647,0,0,19.8,1
"2025-12-12 22:24:00",22648,0,0,19.8,1
"2025-12-12 22:30:00",22649,0,0,19.8,1
"2025-12-12 22:36:00",22650,0,0,19.8,1
"2025-12-12 22:42:00",22651,0,0,19.8,1
"2025-12-12 22:48:00",22652,0,0,19.8,1
"2025-12-12 22:54:00",22653,0,0,19.8,1
"2025-12-12 23:00:00",22654,0,0,19.8,1
"2025-12-12 23:06:00",22655,0,0,19.8,1
"2025-12-12 23:12:00",22656,0,0,19.8,1
"2025-12-12 23:18:00",22657,0,0,19.8,1
"2025-12-12 23:24:00",22658,0,0,19.8,1
"2025-12-12 23:30:00",22659,0,0,19.8,1
"2025-12-12 23:36:00",22660,0,0,19.8,1
"2025-12-12 23:42:00",22661,0,0,19.8,1
"2025-12-12 23:48:00",22662,0,0,19.8,1
"2025-12-12 23:54:00",22663,0,0,19.8,1
"2025-12-13 00:00:00",22664,0,0,19.8,1
"2025-12-13 00:06:00",22665,0,0,19.8,1
"2025-12-13 00:12:00",22666,0,0,19.7,1
"2025-12-13 00:18:00",22667,0,0,19.7,1
"2025-12-13 00:24:00",22668,0,-0.01,19.7,1
"2025-12-13 00:30:00",22669,0,-0.01,19.7,1
"2025-12-13 00:36:00",22670,0,-0.01,19.7,1
"2025-12-13 00:42:00",22671,0,0,19.7,1
"2025-12-13 00:48:00",22672,0,0,19.8,1
"2025-12-13 00:54:00",22673,0,0,19.8,1
"2025-12-13 01:00:00",22674,0,0,19.7,1
"2025-12-13 01:06:00",22675,0,0,19.7,1
"2025-12-13 01:12:00",22676,0,0,19.7,1
"2025-12-13 01:18:00",22677,0,0,19.7,1
"2025-12-13 01:24:00",22678,0,0,19.7,1
"2025-12-13 01:30:00",22679,0,0,19.7,1
"2025-12-13 01:36:00",22680,0,0,19.7,1
"2025-12-13 01:42:00",22681,0,0,19.7,1
"2025-12-13 01:48:00",22682,0,0,19.7,1
"2025-12-13 01:54:00",22683,0,0,19.7,1
"2025-12-13 02:00:00",22684,0,0,19.7,1
"2025-12-13 02:06:00",22685,0,0,19.7,1
"2025-12-13 02:12:00",22686,0,0,19.7,1
"2025-12-13 02:18:00",22687,0,0,19.7,1
"2025-12-13 02:24:00",22688,0,0,19.7,1
"2025-12-13 02:30:00",22689,0,0.01,19.7,1
"2025-12-13 02:36:00",22690,0,0.01,19.7,1
"2025-12-13 02:42:00",22691,0,0,19.7,1
"2025-12-13 02:48:00",22692,0,0,19.7,1
"2025-12-13 02:54:00",22693,0,0,19.7,1
"2025-12-13 03:00:00",22694,0,0,19.7,1
"2025-12-13 03:06:00",22695,0,0,19.7,1
"2025-12-13 03:12:00",22696,0,0,19.7,1
"2025-12-13 03:18:00",22697,0,0,19.7,1
"2025-12-13 03:24:00",22698,0,0,19.7,1
"2025-12-13 03:30:00",22699,0,0,19.7,1
"2025-12-13 03:36:00",22700,0,0,19.7,1
"2025-12-13 03:42:00",22701,0,0,19.7,1
"2025-12-13 03:48:00",22702,0,0,19.7,1
"2025-12-13 03:54:00",22703,0,0,19.8,1
"2025-12-13 04:00:00",22704,0,0,19.8,1
"2025-12-13 04:06:00",22705,0,0,19.8,1
"2025-12-13 04:12:00",22706,0,0,19.8,1
"2025-12-13 04:18:00",22707,0,0,19.8,1
"2025-12-13 04:24:00",22708,0,0,19.8,1
"2025-12-13 04:30:00",22709,0,0,19.8,1
"2025-12-13 04:36:00",22710,0,0,19.8,1
"2025-12-13 04:42:00",22711,0,0,19.8,1
"2025-12-13 04:48:00",22712,0,0,19.8,1
"2025-12-13 04:54:00",22713,0,0,19.8,1
"2025-12-13 05:00:00",22714,0,0,19.8,1
"2025-12-13 05:06:00",22715,0,0,19.8,1
"2025-12-13 05:12:00",22716,0,0,19.8,1
"2025-12-13 05:18:00",22717,0,0,19.8,1
"2025-12-13 05:24:00",22718,0,0,19.8,1
"2025-12-13 05:30:00",22719,0,0,19.8,1
"2025-12-13 05:36:00",22720,0,0,19.8,1
"2025-12-13 05:42:00",22721,0,0,19.8,1
"2025-12-13 05:48:00",22722,0,0,19.8,1
"2025-12-13 05:54:00",22723,0,0,19.8,1
"2025-12-13 06:00:00",22724,0,0,19.8,1
"2025-12-13 06:06:00",22725,0,0,19.8,1
"2025-12-13 06:12:00",22726,0,0,19.8,1
"2025-12-13 06:18:00",22727,0,0,19.8,1
"2025-12-13 06:24:00",22728,0,0,19.8,1
"2025-12-13 06:30:00",22729,0,0,19.8,1
"2025-12-13 06:36:00",22730,0,0,19.8,1
"2025-12-13 06:42:00",22731,0,0,19.9,1
"2025-12-13 06:48:00",22732,0,0,19.9,1
"2025-12-13 06:54:00",22733,0,0,19.9,1
"2025-12-13 07:00:00",22734,0,0,19.9,1
"2025-12-13 07:06:00",22735,0,0,19.9,1
"2025-12-13 07:12:00",22736,0,0,19.9,1
"2025-12-13 07:18:00",22737,0,0,19.9,1
"2025-12-13 07:24:00",22738,0,0,19.9,1
"2025-12-13 07:30:00",22739,0,0,19.9,1
"2025-12-13 07:36:00",22740,0,0,19.9,1
"2025-12-13 07:42:00",22741,0,0,19.9,1
"2025-12-13 07:48:00",22742,0,0,19.9,1
"2025-12-13 07:54:00",22743,0,0,19.9,1
"2025-12-13 08:00:00",22744,0,0,19.9,1
"2025-12-13 08:06:00",22745,0,0,19.9,1
"2025-12-13 08:12:00",22746,0,0,19.9,1
"2025-12-13 08:18:00",22747,0,0,19.9,1
"2025-12-13 08:24:00",22748,0,0,19.9,1
"2025-12-13 08:30:00",22749,0,0,19.9,1
"2025-12-13 08:36:00",22750,0,0,19.9,1
"2025-12-13 08:42:00",22751,0,0,19.9,1
"2025-12-13 08:48:00",22752,0,0,19.9,1
"2025-12-13 08:54:00",22753,0,0,20,1
"2025-12-13 09:00:00",22754,0,0,20,1
"2025-12-13 09:06:00",22755,0,0,20,1
"2025-12-13 09:12:00",22756,0,0,20,1
"2025-12-13 09:18:00",22757,0,0,20.1,1
"2025-12-13 09:24:00",22758,0,0.01,20.1,1
"2025-12-13 09:30:00",22759,0,0,20.1,1
"2025-12-13 09:36:00",22760,0,0,20.2,1
"2025-12-13 09:42:00",22761,0,0,20.2,1
"2025-12-13 09:48:00",22762,0,0,20.2,1
"2025-12-13 09:54:00",22763,0,0,20.3,1
"2025-12-13 10:00:00",22764,0,0,20.3,1
"2025-12-13 10:06:00",22765,0,0,20.3,1
"2025-12-13 10:12:00",22766,0,0,20.4,1
"2025-12-13 10:18:00",22767,0,0,20.4,1
"2025-12-13 10:24:00",22768,0,0,20.5,1
"2025-12-13 10:30:00",22769,0,0,20.5,1
"2025-12-13 10:36:00",22770,0,0,20.5,1
"2025-12-13 10:42:00",22771,0,0,20.5,1
"2025-12-13 10:48:00",22772,0,0,20.6,1
"2025-12-13 10:54:00",22773,0,0,20.6,1
"2025-12-13 11:00:00",22774,0,0,20.6,1
"2025-12-13 11:06:00",22775,0,0,20.6,1
"2025-12-13 11:12:00",22776,0,0,20.7,1
"2025-12-13 11:18:00",22777,0,0,20.7,1
"2025-12-13 11:24:00",22778,0,0,20.7,1
"2025-12-13 11:30:00",22779,0,0,20.7,1
"2025-12-13 11:36:00",22780,0,0,20.7,1
"2025-12-13 11:42:00",22781,0,0,20.8,1
"2025-12-13 11:48:00",22782,0,0,20.8,1
"2025-12-13 11:54:00",22783,0,0,20.8,1
"2025-12-13 12:00:00",22784,0,0,20.8,1
"2025-12-13 12:06:00",22785,0,0,20.8,1
"2025-12-13 12:12:00",22786,0,0,20.9,1
"2025-12-13 12:18:00",22787,0,0,20.9,1
"2025-12-13 12:24:00",22788,0,0,20.9,1
"2025-12-13 12:30:00",22789,0,0,20.9,1
"2025-12-13 12:36:00",22790,0,0,20.9,1
"2025-12-13 12:42:00",22791,0,0,21,1
"2025-12-13 12:48:00",22792,0,0,21,1
"2025-12-13 12:54:00",22793,0,0,21,1
"2025-12-13 13:00:00",22794,0,0,21.1,1
"2025-12-13 13:06:00",22795,0,0.01,21.1,1
"2025-12-13 13:12:00",22796,0,0,21.1,1
"2025-12-13 13:18:00",22797,0,0,21.2,1
"2025-12-13 13:24:00",22798,0,0,21.2,1
"2025-12-13 13:30:00",22799,0,0,21.2,1
"2025-12-13 13:36:00",22800,0,0,21.2,1
"2025-12-13 13:42:00",22801,0,0,21.3,1
"2025-12-13 13:48:00",22802,0,0,21.3,1
"2025-12-13 13:54:00",22803,0,0,21.3,1
"2025-12-13 14:00:00",22804,0,0,21.3,1
"2025-12-13 14:06:00",22805,0,0,21.3,1
"2025-12-13 14:12:00",22806,0,0,21.4,1
"2025-12-13 14:18:00",22807,0,0,21.4,1
"2025-12-13 14:24:00",22808,0,0,21.4,1
"2025-12-13 14:30:00",22809,0,0,21.4,1
"2025-12-13 14:36:00",22810,0,0,21.4,1
"2025-12-13 14:42:00",22811,0,0,21.4,1
"2025-12-13 14:48:00",22812,0,0,21.4,1
"2025-12-13 14:54:00",22813,0,0,21.5,1
"2025-12-13 15:00:00",22814,0,0,21.5,1
"2025-12-13 15:06:00",22815,0,0,21.5,1
"2025-12-13 15:12:00",22816,0,0,21.5,1
"2025-12-13 15:18:00",22817,0,0,21.5,1
"2025-12-13 15:24:00",22818,0,0,21.5,1
"2025-12-13 15:30:00",22819,0,0,21.5,1
"2025-12-13 15:36:00",22820,0,0,21.5,1
"2025-12-13 15:42:00",22821,0,0.01,21.5,1
"2025-12-13 15:48:00",22822,0,0,21.5,1
"2025-12-13 15:54:00",22823,0,0,21.5,1
"2025-12-13 16:00:00",22824,0,0,21.6,1
"2025-12-13 16:06:00",22825,0,0,21.6,1
"2025-12-13 16:12:00",22826,0,0,21.6,1
"2025-12-13 16:18:00",22827,0,0,21.6,1
"2025-12-13 16:24:00",22828,0,0,21.6,1
"2025-12-13 16:30:00",22829,0,0,21.6,1
"2025-12-13 16:36:00",22830,0,0,21.6,1
"2025-12-13 16:42:00",22831,0,0,21.6,1
"2025-12-13 16:48:00",22832,0,0,21.6,1
"2025-12-13 16:54:00",22833,0,0,21.6,1
"2025-12-13 17:00:00",22834,0,0,21.6,1
"2025-12-13 17:06:00",22835,0,0,21.6,1
"2025-12-13 17:12:00",22836,0,0,21.6,1
"2025-12-13 17:18:00",22837,0,0,21.6,1
"2025-12-13 17:24:00",22838,0,0,21.6,1
"2025-12-13 17:30:00",22839,0,0,21.5,1
"2025-12-13 17:36:00",22840,0,0,21.5,1
"2025-12-13 17:42:00",22841,0,0,21.5,1
"2025-12-13 17:48:00",22842,0,0,21.5,1
"2025-12-13 17:54:00",22843,0,0,21.5,1
"2025-12-13 18:00:00",22844,0,0,21.5,1
"2025-12-13 18:06:00",22845,0,0,21.5,1
"2025-12-13 18:12:00",22846,0,0,21.5,1
"2025-12-13 18:18:00",22847,0,0,21.5,1
"2025-12-13 18:24:00",22848,0,0,21.5,1
"2025-12-13 18:30:00",22849,0,0,21.5,1
"2025-12-13 18:36:00",22850,0,0,21.5,1
"2025-12-13 18:42:00",22851,0,0,21.5,1
"2025-12-13 18:48:00",22852,0,0,21.5,1
"2025-12-13 18:54:00",22853,0,0,21.5,1
"2025-12-13 19:00:00",22854,0,0,21.5,1
"2025-12-13 19:06:00",22855,0,0,21.5,1
"2025-12-13 19:12:00",22856,0,0,21.5,1
"2025-12-13 19:18:00",22857,0,0,21.5,1
"2025-12-13 19:24:00",22858,0,0,21.5,1
"2025-12-13 19:30:00",22859,0,0,21.5,1
"2025-12-13 19:36:00",22860,0,0,21.5,1
"2025-12-13 19:42:00",22861,0,0,21.5,1
"2025-12-13 19:48:00",22862,0,0,21.5,1
"2025-12-13 19:54:00",22863,0,0,21.5,1
"2025-12-13 20:00:00",22864,0,0,21.5,1
"2025-12-13 20:06:00",22865,0,0,21.5,1
"2025-12-13 20:12:00",22866,0,0,21.5,1
"2025-12-13 20:18:00",22867,0,0,21.5,1
"2025-12-13 20:24:00",22868,0,0,21.5,1
"2025-12-13 20:30:00",22869,0,0,21.5,1
"2025-12-13 20:36:00",22870,0,0,21.5,1
"2025-12-13 20:42:00",22871,0,0,21.5,1
"2025-12-13 20:48:00",22872,0,0,21.5,1
"2025-12-13 20:54:00",22873,0,0,21.5,1
"2025-12-13 21:00:00",22874,0,0,21.5,1
"2025-12-13 21:06:00",22875,0,0,21.5,1
"2025-12-13 21:12:00",22876,0,0,21.5,1
"2025-12-13 21:18:00",22877,0,0,21.5,1
"2025-12-13 21:24:00",22878,0,0,21.5,1
"2025-12-13 21:30:00",22879,0,0,21.5,1
"2025-12-13 21:36:00",22880,0,0,21.5,1
"2025-12-13 21:42:00",22881,0,0,21.5,1
"2025-12-13 21:48:00",22882,0,0,21.5,1
"2025-12-13 21:54:00",22883,0,0,21.5,1
"2025-12-13 22:00:00",22884,0,0,21.5,1
"2025-12-13 22:06:00",22885,0,0,21.5,1
"2025-12-13 22:12:00",22886,0,0,21.5,1
"2025-12-13 22:18:00",22887,0,0,21.5,1
"2025-12-13 22:24:00",22888,0,0,21.5,1
"2025-12-13 22:30:00",22889,0,0,21.5,1
"2025-12-13 22:36:00",22890,0,0,21.5,1
"2025-12-13 22:42:00",22891,0,0,21.5,1
"2025-12-13 22:48:00",22892,0,0,21.5,1
"2025-12-13 22:54:00",22893,0,0,21.5,1
"2025-12-13 23:00:00",22894,0,0,21.5,1
"2025-12-13 23:06:00",22895,0,0,21.5,1
"2025-12-13 23:12:00",22896,0,0,21.5,1
"2025-12-13 23:18:00",22897,0,0,21.5,1
"2025-12-13 23:24:00",22898,0,0,21.4,1
"2025-12-13 23:30:00",22899,0,0,21.4,1
"2025-12-13 23:36:00",22900,0,0,21.4,1
"2025-12-13 23:42:00",22901,0,0,21.5,1
"2025-12-13 23:48:00",22902,0,0,21.5,1
"2025-12-13 23:54:00",22903,0,0,21.5,1
"2025-12-14 00:00:00",22904,0,0,21.4,1
"2025-12-14 00:06:00",22905,0,0,21.4,1
"2025-12-14 00:12:00",22906,0,0,21.4,1
"2025-12-14 00:18:00",22907,0,0,21.4,1
"2025-12-14 00:24:00",22908,0,0,21.4,1
"2025-12-14 00:30:00",22909,0,0,21.4,1
"2025-12-14 00:36:00",22910,0,0,21.4,1
"2025-12-14 00:42:00",22911,0,0,21.4,1
"2025-12-14 00:48:00",22912,0,0,21.4,1
"2025-12-14 00:54:00",22913,0,0,21.4,1
"2025-12-14 01:00:00",22914,0,0,21.4,1
"2025-12-14 01:06:00",22915,0,0,21.4,1
"2025-12-14 01:12:00",22916,0,0,21.4,1
"2025-12-14 01:18:00",22917,0,0,21.4,1
"2025-12-14 01:24:00",22918,0,0,21.4,1
"2025-12-14 01:30:00",22919,0,0,21.4,1
"2025-12-14 01:36:00",22920,0,0,21.4,1
"2025-12-14 01:42:00",22921,0,0,21.5,1
"2025-12-14 01:48:00",22922,0,0,21.4,1
"2025-12-14 01:54:00",22923,0,0,21.4,1
"2025-12-14 02:00:00",22924,0,0,21.4,1
"2025-12-14 02:06:00",22925,0,0,21.4,1
"2025-12-14 02:12:00",22926,0,0,21.3,1
"2025-12-14 02:18:00",22927,0,0,21.3,1
"2025-12-14 02:24:00",22928,0,0,21.3,1
"2025-12-14 02:30:00",22929,0,0,21.3,1
"2025-12-14 02:36:00",22930,0,0,21.3,1
"2025-12-14 02:42:00",22931,0,0,21.3,1
"2025-12-14 02:48:00",22932,0,0,21.3,1
"2025-12-14 02:54:00",22933,0,0,21.3,1
"2025-12-14 03:00:00",22934,0,0,21.3,1
"2025-12-14 03:06:00",22935,0,0,21.3,1
"2025-12-14 03:12:00",22936,0,0,21.3,1
"2025-12-14 03:18:00",22937,0,0,21.3,1
"2025-12-14 03:24:00",22938,0,0,21.3,1
"2025-12-14 03:30:00",22939,0,0,21.3,1
"2025-12-14 03:36:00",22940,0,0,21.2,1
"2025-12-14 03:42:00",22941,0,0,21.2,1
"2025-12-14 03:48:00",22942,0,0,21.2,1
"2025-12-14 03:54:00",22943,0,0,21.2,1
"2025-12-14 04:00:00",22944,0,0,21.3,1
"2025-12-14 04:06:00",22945,0,0,21.3,1
"2025-12-14 04:12:00",22946,0,0,21.3,1
"2025-12-14 04:18:00",22947,0,0,21.4,1
"2025-12-14 04:24:00",22948,0,0,21.4,1
"2025-12-14 04:30:00",22949,0,0,21.4,1
"2025-12-14 04:36:00",22950,0,0,21.4,1
"2025-12-14 04:42:00",22951,0,0,21.4,1
"2025-12-14 04:48:00",22952,0,0,21.3,1
"2025-12-14 04:54:00",22953,0,0,21.3,1
"2025-12-14 05:00:00",22954,0,0,21.2,1
"2025-12-14 05:06:00",22955,0,0,21.2,1
"2025-12-14 05:12:00",22956,0,0,21.2,1
"2025-12-14 05:18:00",22957,0,0,21.2,1
"2025-12-14 05:24:00",22958,0,0,21.2,1
"2025-12-14 05:30:00",22959,0,0,21.1,1
"2025-12-14 05:36:00",22960,0,0,21.1,1
"2025-12-14 05:42:00",22961,0,0,21.1,1
"2025-12-14 05:48:00",22962,0,-0.01,21,1
"2025-12-14 05:54:00",22963,0,0,21,1
"2025-12-14 06:00:00",22964,0,0,21,1
"2025-12-14 06:06:00",22965,0,0,21,1
"2025-12-14 06:12:00",22966,0,0,21,1
"2025-12-14 06:18:00",22967,0,0,20.9,1
"2025-12-14 06:24:00",22968,0,0,20.9,1
"2025-12-14 06:30:00",22969,0,0,20.8,1
"2025-12-14 06:36:00",22970,0,0,20.9,1
"2025-12-14 06:42:00",22971,0,0,20.9,1
"2025-12-14 06:48:00",22972,0,0,20.9,1
"2025-12-14 06:54:00",22973,0,0,20.9,1
"2025-12-14 07:00:00",22974,0,0,20.9,1
"2025-12-14 07:06:00",22975,0,0,20.9,1
"2025-12-14 07:12:00",22976,0,0,20.8,1
"2025-12-14 07:18:00",22977,0,0,20.8,1
"2025-12-14 07:24:00",22978,0,0,20.8,1
"2025-12-14 07:30:00",22979,0,0,20.7,1
"2025-12-14 07:36:00",22980,0,0,20.6,1
"2025-12-14 07:42:00",22981,0,0,20.6,1
"2025-12-14 07:48:00",22982,0,0,20.6,1
"2025-12-14 07:54:00",22983,0,0,20.6,1
"2025-12-14 08:00:00",22984,0,0,20.6,1
"2025-12-14 08:06:00",22985,0,0,20.5,1
"2025-12-14 08:12:00",22986,0,0,20.5,1
"2025-12-14 08:18:00",22987,0,0,20.5,1
"2025-12-14 08:24:00",22988,0,0,20.5,1
"2025-12-14 08:30:00",22989,0,0,20.4,1
"2025-12-14 08:36:00",22990,0,0,20.5,1
"2025-12-14 08:42:00",22991,0,0,20.5,1
"2025-12-14 08:48:00",22992,0,0,20.5,1
"2025-12-14 08:54:00",22993,0,0,20.5,1
"2025-12-14 09:00:00",22994,0,0,20.5,1
"2025-12-14 09:06:00",22995,0,0,20.5,1
"2025-12-14 09:12:00",22996,0,0,20.5,1
"2025-12-14 09:18:00",22997,0,0,20.5,1
"2025-12-14 09:24:00",22998,0,0,20.4,1
"2025-12-14 09:30:00",22999,0,0,20.4,1
"2025-12-14 09:36:00",23000,0,0,20.4,1
"2025-12-14 09:42:00",23001,0,0,20.4,1
"2025-12-14 09:48:00",23002,0,0,20.4,1
"2025-12-14 09:54:00",23003,0,0,20.4,1
"2025-12-14 10:00:00",23004,0,0,20.3,1
"2025-12-14 10:06:00",23005,0,0,20.3,1
"2025-12-14 10:12:00",23006,0,0,20.4,1
"2025-12-14 10:18:00",23007,0,0,20.4,1
"2025-12-14 10:24:00",23008,0,0,20.4,1
"2025-12-14 10:30:00",23009,0,0,20.4,1
"2025-12-14 10:36:00",23010,0,0,20.4,1
"2025-12-14 10:42:00",23011,0,0,20.4,1
"2025-12-14 10:48:00",23012,0,0,20.4,1
"2025-12-14 10:54:00",23013,0,0,20.4,1
"2025-12-14 11:00:00",23014,0,0,20.4,1
"2025-12-14 11:06:00",23015,0,0,20.4,1
"2025-12-14 11:12:00",23016,0,0,20.4,1
"2025-12-14 11:18:00",23017,0,0,20.4,1
"2025-12-14 11:24:00",23018,0,0,20.4,1
"2025-12-14 11:30:00",23019,0,0,20.4,1
"2025-12-14 11:36:00",23020,0,0,20.4,1
"2025-12-14 11:42:00",23021,0,0,20.3,1
"2025-12-14 11:48:00",23022,0,0,20.3,1
"2025-12-14 11:54:00",23023,0,0,20.3,1
"2025-12-14 12:00:00",23024,0,0,20.3,1
"2025-12-14 12:06:00",23025,0,0,20.4,1
"2025-12-14 12:12:00",23026,0,0,20.4,1
"2025-12-14 12:18:00",23027,0,0,20.4,1
"2025-12-14 12:24:00",23028,0,0,20.4,1
"2025-12-14 12:30:00",23029,0,0,20.4,1
"2025-12-14 12:36:00",23030,0,0,20.4,1
"2025-12-14 12:42:00",23031,0,0,20.5,1
"2025-12-14 12:48:00",23032,0,0,20.5,1
"2025-12-14 12:54:00",23033,0,0,20.5,1
"2025-12-14 13:00:00",23034,0,0,20.5,1
"2025-12-14 13:06:00",23035,0,0,20.5,1
"2025-12-14 13:12:00",23036,0,0,20.5,1
"2025-12-14 13:18:00",23037,0,0,20.5,1
"2025-12-14 13:24:00",23038,0,0,20.5,1
"2025-12-14 13:30:00",23039,0,0,20.5,1
"2025-12-14 13:36:00",23040,0,0,20.5,1
"2025-12-14 13:42:00",23041,0,0,20.6,1
"2025-12-14 13:48:00",23042,0,0,20.6,1
"2025-12-14 13:54:00",23043,0,0,20.6,1
"2025-12-14 14:00:00",23044,0,0,20.6,1
"2025-12-14 14:06:00",23045,0,0,20.6,1
"2025-12-14 14:12:00",23046,0,0,20.6,1
"2025-12-14 14:18:00",23047,0,0,20.6,1
"2025-12-14 14:24:00",23048,0,0,20.7,1
"2025-12-14 14:30:00",23049,0,0,20.7,1
"2025-12-14 14:36:00",23050,0,0,20.7,1
"2025-12-14 14:42:00",23051,0,0,20.7,1
"2025-12-14 14:48:00",23052,0,0,20.7,1
"2025-12-14 14:54:00",23053,0,0,20.7,1
"2025-12-14 15:00:00",23054,0,0,20.7,1
"2025-12-14 15:06:00",23055,0,0,20.7,1
"2025-12-14 15:12:00",23056,0,0,20.7,1
"2025-12-14 15:18:00",23057,0,0,20.7,1
"2025-12-14 15:24:00",23058,0,0,20.7,1
"2025-12-14 15:30:00",23059,0,0,20.7,1
"2025-12-14 15:36:00",23060,0,0,20.7,1
"2025-12-14 15:42:00",23061,0,0,20.7,1
"2025-12-14 15:48:00",23062,0,0,20.7,1
"2025-12-14 15:54:00",23063,0,0,20.7,1
"2025-12-14 16:00:00",23064,0,0,20.7,1
"2025-12-14 16:06:00",23065,0,0,20.7,1
"2025-12-14 16:12:00",23066,0,0,20.6,1
"2025-12-14 16:18:00",23067,0,0,20.6,1
"2025-12-14 16:24:00",23068,0,0,20.6,1
"2025-12-14 16:30:00",23069,0,0,20.5,1
"2025-12-14 16:36:00",23070,0,0,20.5,1
"2025-12-14 16:42:00",23071,0,0,20.5,1
"2025-12-14 16:48:00",23072,0,0,20.4,1
"2025-12-14 16:54:00",23073,0,0,20.4,1
"2025-12-14 17:00:00",23074,0,0,20.3,1
"2025-12-14 17:06:00",23075,0,0,20.3,1
"2025-12-14 17:12:00",23076,0,0,20.2,1
"2025-12-14 17:18:00",23077,0,0,20.2,1
"2025-12-14 17:24:00",23078,0,-0.01,20.2,1
"2025-12-14 17:30:00",23079,0,0,20.1,1
"2025-12-14 17:36:00",23080,0,0,20.1,1
"2025-12-14 17:42:00",23081,0,0,20.1,1
"2025-12-14 17:48:00",23082,0,0,20,1
"2025-12-14 17:54:00",23083,0,0,20,1
"2025-12-14 18:00:00",23084,0,0,20,1
"2025-12-14 18:06:00",23085,0,0,20,1
"2025-12-14 18:12:00",23086,0,0,20,1
"2025-12-14 18:18:00",23087,0,0,19.9,1
"2025-12-14 18:24:00",23088,0,0,19.9,1
"2025-12-14 18:30:00",23089,0,0,19.9,1
"2025-12-14 18:36:00",23090,0,0,19.9,1
"2025-12-14 18:42:00",23091,0,-0.01,19.8,1
"2025-12-14 18:48:00",23092,0,0,19.8,1
"2025-12-14 18:54:00",23093,0,0,19.7,1
"2025-12-14 19:00:00",23094,0,0,19.7,1
"2025-12-14 19:06:00",23095,0,0,19.6,1
"2025-12-14 19:12:00",23096,0,0,19.6,1
"2025-12-14 19:18:00",23097,0,0,19.5,1
"2025-12-14 19:24:00",23098,0,0,19.5,1
"2025-12-14 19:30:00",23099,0,0,19.4,1
"2025-12-14 19:36:00",23100,0,0,19.4,1
"2025-12-14 19:42:00",23101,0,0,19.4,1
"2025-12-14 19:48:00",23102,0,0,19.4,1
"2025-12-14 19:54:00",23103,0,0,19.5,1
"2025-12-14 20:00:00",23104,0,0,19.5,1
"2025-12-14 20:06:00",23105,0,0,19.5,1
"2025-12-14 20:12:00",23106,0,0,19.4,1
"2025-12-14 20:18:00",23107,0,0,19.4,1
"2025-12-14 20:24:00",23108,0,0,19.4,1
"2025-12-14 20:30:00",23109,0,0,19.4,1
"2025-12-14 20:36:00",23110,0,0,19.4,1
"2025-12-14 20:42:00",23111,0,0,19.4,1
"2025-12-14 20:48:00",23112,0,0,19.4,1
"2025-12-14 20:54:00",23113,0,0,19.4,1
"2025-12-14 21:00:00",23114,0,0,19.3,1
"2025-12-14 21:06:00",23115,0,0,19.3,1
"2025-12-14 21:12:00",23116,0,0,19.3,1
"2025-12-14 21:18:00",23117,0,0,19.3,1
"2025-12-14 21:24:00",23118,0,0,19.4,1
"2025-12-14 21:30:00",23119,0,0,19.4,1
"2025-12-14 21:36:00",23120,0,0,19.4,1
"2025-12-14 21:42:00",23121,0,0,19.4,1
"2025-12-14 21:48:00",23122,0,0,19.4,1
"2025-12-14 21:54:00",23123,0,0,19.4,1
"2025-12-14 22:00:00",23124,0,0,19.3,1
"2025-12-14 22:06:00",23125,0,0,19.3,1
"2025-12-14 22:12:00",23126,0,0,19.3,1
"2025-12-14 22:18:00",23127,0,0,19.2,1
"2025-12-14 22:24:00",23128,0,0,19.2,1
"2025-12-14 22:30:00",23129,0,0,19.2,1
"2025-12-14 22:36:00",23130,0,0,19.1,1
"2025-12-14 22:42:00",23131,0,0,19.1,1
"2025-12-14 22:48:00",23132,0,0,19.1,1
"2025-12-14 22:54:00",23133,0,0,19.1,1
"2025-12-14 23:00:00",23134,0,0,19.1,1
"2025-12-14 23:06:00",23135,0,0,19.1,1
"2025-12-14 23:12:00",23136,0,0,19.1,1
"2025-12-14 23:18:00",23137,0,0,19.1,1
"2025-12-14 23:24:00",23138,0,0,19.1,1
"2025-12-14 23:30:00",23139,0,0,19.1,1
"2025-12-14 23:36:00",23140,0,0,19.1,1
"2025-12-14 23:42:00",23141,0,0,19.1,1
"2025-12-14 23:48:00",23142,0,0,19.1,1
"2025-12-14 23:54:00",23143,0,0,19.1,1
"2025-12-15 00:00:00",23144,0,0,19.1,1
"2025-12-15 00:06:00",23145,0,0,19.1,1
"2025-12-15 00:12:00",23146,0,0,19.1,1
"2025-12-15 00:18:00",23147,0,0,19.1,1
"2025-12-15 00:24:00",23148,0,0,19.1,1
"2025-12-15 00:30:00",23149,0,0,19.1,1
"2025-12-15 00:36:00",23150,0,0,19.1,1
"2025-12-15 00:42:00",23151,0,0,19.1,1
"2025-12-15 00:48:00",23152,0,0,19.1,1
"2025-12-15 00:54:00",23153,0,0,19.1,1
"2025-12-15 01:00:00",23154,0,0,19.1,1
"2025-12-15 01:06:00",23155,0,0,19.1,1
"2025-12-15 01:12:00",23156,0,0,19.1,1
"2025-12-15 01:18:00",23157,0,0,19.1,1
"2025-12-15 01:24:00",23158,0,0,19.1,1
"2025-12-15 01:30:00",23159,0,0,19.1,1
"2025-12-15 01:36:00",23160,0,0,19.1,1
"2025-12-15 01:42:00",23161,0,0,19.1,1
"2025-12-15 01:48:00",23162,0,0,19.1,1
"2025-12-15 01:54:00",23163,0,0,19.1,1
"2025-12-15 02:00:00",23164,0,0,19.1,1
"2025-12-15 02:06:00",23165,0,0,19.1,1
"2025-12-15 02:12:00",23166,0,0,19.1,1
"2025-12-15 02:18:00",23167,0,0,19.1,1
"2025-12-15 02:24:00",23168,0,0,19.1,1
"2025-12-15 02:30:00",23169,0,0,19.1,1
"2025-12-15 02:36:00",23170,0,0,19.1,1
"2025-12-15 02:42:00",23171,0,0,19.1,1
"2025-12-15 02:48:00",23172,0,0,19.1,1
"2025-12-15 02:54:00",23173,0,0,19.1,1
"2025-12-15 03:00:00",23174,0,0,19.1,1
"2025-12-15 03:06:00",23175,0,0,19.1,1
"2025-12-15 03:12:00",23176,0,0,19.1,1
"2025-12-15 03:18:00",23177,0,0,19.1,1
"2025-12-15 03:24:00",23178,0,0,19.1,1
"2025-12-15 03:30:00",23179,0,0,19.1,1
"2025-12-15 03:36:00",23180,0,0,19.2,1
"2025-12-15 03:42:00",23181,0,0,19.2,1
"2025-12-15 03:48:00",23182,0,0,19.2,1
"2025-12-15 03:54:00",23183,0,0,19.2,1
"2025-12-15 04:00:00",23184,0,0,19.2,1
"2025-12-15 04:06:00",23185,0,0,19.2,1
"2025-12-15 04:12:00",23186,0,0,19.2,1
"2025-12-15 04:18:00",23187,0,0,19.2,1
"2025-12-15 04:24:00",23188,0,0,19.1,1
"2025-12-15 04:30:00",23189,0,0,19.1,1
"2025-12-15 04:36:00",23190,0,0,19.1,1
"2025-12-15 04:42:00",23191,0,0,19,1
"2025-12-15 04:48:00",23192,0,0,19,1
"2025-12-15 04:54:00",23193,0,0,19,1
"2025-12-15 05:00:00",23194,0,0,18.9,1
"2025-12-15 05:06:00",23195,0,0,18.9,1
"2025-12-15 05:12:00",23196,0,0,18.9,1
"2025-12-15 05:18:00",23197,0,0,18.9,1
"2025-12-15 05:24:00",23198,0,0,18.9,1
"2025-12-15 05:30:00",23199,0,0,18.9,1
"2025-12-15 05:36:00",23200,0,0,19,1
"2025-12-15 05:42:00",23201,0,0,19,1
"2025-12-15 05:48:00",23202,0,0,19,1
"2025-12-15 05:54:00",23203,0,0,19,1
"2025-12-15 06:00:00",23204,0,0,19,1
"2025-12-15 06:06:00",23205,0,0,19,1
"2025-12-15 06:12:00",23206,0,0,19.1,1
"2025-12-15 06:18:00",23207,0,0,19.1,1
"2025-12-15 06:24:00",23208,0,0,19.1,1
"2025-12-15 06:30:00",23209,0,0,19.1,1
"2025-12-15 06:36:00",23210,0,0,19,1
"2025-12-15 06:42:00",23211,0,0,19.1,1
"2025-12-15 06:48:00",23212,0,0,19.1,1
"2025-12-15 06:54:00",23213,0,0,19.1,1
"2025-12-15 07:00:00",23214,0,0,19.1,1
"2025-12-15 07:06:00",23215,0,0,19.1,1
"2025-12-15 07:12:00",23216,0,0,19.1,1
"2025-12-15 07:18:00",23217,0,0,19.2,1
"2025-12-15 07:24:00",23218,0,0,19.2,1
"2025-12-15 07:30:00",23219,0,0,19.2,1
"2025-12-15 07:36:00",23220,0,0,19.2,1
"2025-12-15 07:42:00",23221,0,0,19.2,1
"2025-12-15 07:48:00",23222,0,0,19.2,1
"2025-12-15 07:54:00",23223,0,0,19.2,1
"2025-12-15 08:00:00",23224,0,0,19.2,1
"2025-12-15 08:06:00",23225,0,0,19.2,1
"2025-12-15 08:12:00",23226,0,0,19.3,1
"2025-12-15 08:18:00",23227,0,0,19.3,1
"2025-12-15 08:24:00",23228,0,0,19.3,1
"2025-12-15 08:30:00",23229,0,0,19.4,1
"2025-12-15 08:36:00",23230,0,0,19.4,1
"2025-12-15 08:42:00",23231,0,0,19.4,1
"2025-12-15 08:48:00",23232,0,0,19.4,1
"2025-12-15 08:54:00",23233,0,0,19.4,1
"2025-12-15 09:00:00",23234,0,0,19.4,1
"2025-12-15 09:06:00",23235,0,0,19.4,1
"2025-12-15 09:12:00",23236,0,0,19.4,1
"2025-12-15 09:18:00",23237,0,0,19.4,1
"2025-12-15 09:24:00",23238,0,0,19.4,1
"2025-12-15 09:30:00",23239,0,0,19.4,1
"2025-12-15 09:36:00",23240,0,0,19.4,1
"2025-12-15 09:42:00",23241,0,0,19.4,1
"2025-12-15 09:48:00",23242,0,0,19.5,1
"2025-12-15 09:54:00",23243,0,0,19.5,1
"2025-12-15 10:00:00",23244,0,0,19.6,1
"2025-12-15 10:06:00",23245,0,0,19.6,1
"2025-12-15 10:12:00",23246,0,0,19.7,1
"2025-12-15 10:18:00",23247,0,0,19.7,1
"2025-12-15 10:24:00",23248,0,0.01,19.8,1
"2025-12-15 10:30:00",23249,0,0,19.8,1
"2025-12-15 10:36:00",23250,0,0,19.8,1
"2025-12-15 10:42:00",23251,0,0,19.8,1
"2025-12-15 10:48:00",23252,0,0,19.9,1
"2025-12-15 10:54:00",23253,0,0,19.9,1
"2025-12-15 11:00:00",23254,0,0,19.9,1
"2025-12-15 11:06:00",23255,0,0.01,19.9,1
"2025-12-15 11:12:00",23256,0,0.01,19.9,1
"2025-12-15 11:18:00",23257,0,0,19.8,1
"2025-12-15 11:24:00",23258,0,0,19.8,1
"2025-12-15 11:30:00",23259,0,0.01,19.8,1
"2025-12-15 11:36:00",23260,0,0.01,19.8,1
"2025-12-15 11:42:00",23261,0,0.01,19.8,1
"2025-12-15 11:48:00",23262,0,0,19.8,1
"2025-12-15 11:54:00",23263,0,0,19.8,1
"2025-12-15 12:00:00",23264,0,0,19.8,1
"2025-12-15 12:06:00",23265,0,0,19.8,1
"2025-12-15 12:12:00",23266,0,0,19.8,1
"2025-12-15 12:18:00",23267,0,0,19.8,1
"2025-12-15 12:24:00",23268,0,0,19.8,1
"2025-12-15 12:30:00",23269,0,0,19.8,1
"2025-12-15 12:36:00",23270,0,0,19.8,1
"2025-12-15 12:42:00",23271,0,0,19.8,1
"2025-12-15 12:48:00",23272,0,0,19.8,1
"2025-12-15 12:54:00",23273,0,0,19.8,1
"2025-12-15 13:00:00",23274,0,0,19.8,1
"2025-12-15 13:06:00",23275,0,0,19.8,1
"2025-12-15 13:12:00",23276,0,0,19.8,1
"2025-12-15 13:18:00",23277,0,0,19.8,1
"2025-12-15 13:24:00",23278,0,0,19.8,1
"2025-12-15 13:30:00",23279,0,0,19.8,1
"2025-12-15 13:36:00",23280,0,0,19.8,1
"2025-12-15 13:42:00",23281,0,0,19.8,1
"2025-12-15 13:48:00",23282,0,0,19.8,1
"2025-12-15 13:54:00",23283,0,0,19.9,1
"2025-12-15 14:00:00",23284,0,0,19.9,1
"2025-12-15 14:06:00",23285,0,0,19.9,1
"2025-12-15 14:12:00",23286,0,0,19.9,1
"2025-12-15 14:18:00",23287,0,0,19.9,1
"2025-12-15 14:24:00",23288,0,0,19.9,1
"2025-12-15 14:30:00",23289,0,0,20,1
"2025-12-15 14:36:00",23290,0,0,20,1
"2025-12-15 14:42:00",23291,0,0,20.1,1
"2025-12-15 14:48:00",23292,0,0,20.1,1
"2025-12-15 14:54:00",23293,0,0,20.2,1
"2025-12-15 15:00:00",23294,0,0,20.2,1
"2025-12-15 15:06:00",23295,0,0,20.2,1
"2025-12-15 15:12:00",23296,0,0,20.3,1
"2025-12-15 15:18:00",23297,0,0,20.3,1
"2025-12-15 15:24:00",23298,0,0,20.4,1
"2025-12-15 15:30:00",23299,0,0,20.4,1
"2025-12-15 15:36:00",23300,0,0.01,20.4,1
"2025-12-15 15:42:00",23301,0,0.01,20.4,1
"2025-12-15 15:48:00",23302,0,0.01,20.4,1
"2025-12-15 15:54:00",23303,0,0,20.4,1
"2025-12-15 16:00:00",23304,0,0,20.4,1
"2025-12-15 16:06:00",23305,0,0,20.3,1
"2025-12-15 16:12:00",23306,0,0,20.3,1
"2025-12-15 16:18:00",23307,0,0,20.3,1
"2025-12-15 16:24:00",23308,0,0,20.3,1
"2025-12-15 16:30:00",23309,0,0,20.3,1
"2025-12-15 16:36:00",23310,0,0,20.3,1
"2025-12-15 16:42:00",23311,0,0,20.2,1
"2025-12-15 16:48:00",23312,0,0,20.2,1
"2025-12-15 16:54:00",23313,0,0,20.2,1
"2025-12-15 17:00:00",23314,0,0,20.1,1
"2025-12-15 17:06:00",23315,0,0,20.1,1
"2025-12-15 17:12:00",23316,0,0,20.1,1
"2025-12-15 17:18:00",23317,0,0,20.1,1
"2025-12-15 17:24:00",23318,0,0,20.1,1
"2025-12-15 17:30:00",23319,0,0,20,1
"2025-12-15 17:36:00",23320,0,0,20,1
"2025-12-15 17:42:00",23321,0,0,20,1
"2025-12-15 17:48:00",23322,0,0,20,1
"2025-12-15 17:54:00",23323,0,0,20,1
"2025-12-15 18:00:00",23324,0,0,20,1
"2025-12-15 18:06:00",23325,0,0,19.9,1
"2025-12-15 18:12:00",23326,0,0,19.9,1
"2025-12-15 18:18:00",23327,0,0,19.9,1
"2025-12-15 18:24:00",23328,0,0,19.9,1
"2025-12-15 18:30:00",23329,0,0,19.9,1
"2025-12-15 18:36:00",23330,0,0,19.9,1
"2025-12-15 18:42:00",23331,0,0,19.9,1
"2025-12-15 18:48:00",23332,0,0,19.9,1
"2025-12-15 18:54:00",23333,0,0,19.9,1
"2025-12-15 19:00:00",23334,0,0,19.9,1
"2025-12-15 19:06:00",23335,0,0,19.9,1
"2025-12-15 19:12:00",23336,0,0,19.9,1
"2025-12-15 19:18:00",23337,0,0,19.9,1
"2025-12-15 19:24:00",23338,0,0,19.8,1
"2025-12-15 19:30:00",23339,0,0,19.8,1
"2025-12-15 19:36:00",23340,0,0,19.8,1
"2025-12-15 19:42:00",23341,0,0,19.8,1
"2025-12-15 19:48:00",23342,0,0,19.8,1
"2025-12-15 19:54:00",23343,0,0,19.8,1
"2025-12-15 20:00:00",23344,0,0,19.8,1
"2025-12-15 20:06:00",23345,0,0,19.8,1
"2025-12-15 20:12:00",23346,0,0,19.8,1
"2025-12-15 20:18:00",23347,0,0,19.8,1
"2025-12-15 20:24:00",23348,0,0,19.8,1
"2025-12-15 20:30:00",23349,0,0,19.8,1
"2025-12-15 20:36:00",23350,0,0,19.8,1
"2025-12-15 20:42:00",23351,0,0,19.8,1
"2025-12-15 20:48:00",23352,0,0,19.8,1
"2025-12-15 20:54:00",23353,0,0,19.8,1
"2025-12-15 21:00:00",23354,0,0,19.8,1
"2025-12-15 21:06:00",23355,0,0,19.8,1
"2025-12-15 21:12:00",23356,0,0,19.8,1
"2025-12-15 21:18:00",23357,0,0,19.8,1
"2025-12-15 21:24:00",23358,0,0,19.8,1
"2025-12-15 21:30:00",23359,0,0,19.7,1
"2025-12-15 21:36:00",23360,0,0,19.8,1
"2025-12-15 21:42:00",23361,0,0,19.8,1
"2025-12-15 21:48:00",23362,0,0,19.8,1
"2025-12-15 21:54:00",23363,0,0,19.8,1
"2025-12-15 22:00:00",23364,0,0,19.8,1
"2025-12-15 22:06:00",23365,0,0,19.8,1
"2025-12-15 22:12:00",23366,0,0,19.8,1
"2025-12-15 22:18:00",23367,0,0,19.8,1
"2025-12-15 22:24:00",23368,0,0,19.7,1
"2025-12-15 22:30:00",23369,0,0,19.7,1
"2025-12-15 22:36:00",23370,0,0,19.7,1
"2025-12-15 22:42:00",23371,0,0,19.7,1
"2025-12-15 22:48:00",23372,0,0,19.7,1
"2025-12-15 22:54:00",23373,0,0,19.7,1
"2025-12-15 23:00:00",23374,0,0,19.7,1
"2025-12-15 23:06:00",23375,0,0,19.7,1
"2025-12-15 23:12:00",23376,0,0,19.7,1
"2025-12-15 23:18:00",23377,0,0,19.7,1
"2025-12-15 23:24:00",23378,0,0,19.7,1
"2025-12-15 23:30:00",23379,0,0,19.7,1
"2025-12-15 23:36:00",23380,0,0,19.7,1
"2025-12-15 23:42:00",23381,0,0,19.7,1
"2025-12-15 23:48:00",23382,0,0,19.7,1
"2025-12-15 23:54:00",23383,0,0,19.7,1
"2025-12-16 00:00:00",23384,0,0,19.7,1
"2025-12-16 00:06:00",23385,0,0,19.7,1
"2025-12-16 00:12:00",23386,0,0,19.7,1
"2025-12-16 00:18:00",23387,0,0,19.7,1
"2025-12-16 00:24:00",23388,0,0,19.7,1
"2025-12-16 00:30:00",23389,0,0,19.7,1
"2025-12-16 00:36:00",23390,0,0,19.7,1
"2025-12-16 00:42:00",23391,0,0,19.7,1
"2025-12-16 00:48:00",23392,0,0,19.7,1
"2025-12-16 00:54:00",23393,0,0,19.7,1
"2025-12-16 01:00:00",23394,0,0,19.7,1
"2025-12-16 01:06:00",23395,0,0,19.7,1
"2025-12-16 01:12:00",23396,0,0,19.7,1
"2025-12-16 01:18:00",23397,0,0,19.7,1
"2025-12-16 01:24:00",23398,0,0,19.7,1
"2025-12-16 01:30:00",23399,0,0,19.7,1
"2025-12-16 01:36:00",23400,0,0,19.7,1
"2025-12-16 01:42:00",23401,0,0,19.7,1
"2025-12-16 01:48:00",23402,0,0,19.7,1
"2025-12-16 01:54:00",23403,0,0,19.7,1
"2025-12-16 02:00:00",23404,0,0,19.7,1
"2025-12-16 02:06:00",23405,0,0,19.7,1
"2025-12-16 02:12:00",23406,0,0,19.7,1
"2025-12-16 02:18:00",23407,0,0,19.7,1
"2025-12-16 02:24:00",23408,0,0,19.7,1
"2025-12-16 02:30:00",23409,0,0,19.7,1
"2025-12-16 02:36:00",23410,0,0,19.8,1
"2025-12-16 02:42:00",23411,0,0,19.8,1
"2025-12-16 02:48:00",23412,0,0,19.8,1
"2025-12-16 02:54:00",23413,0,0,19.7,1
"2025-12-16 03:00:00",23414,0,0,19.7,1
"2025-12-16 03:06:00",23415,0,0,19.7,1
"2025-12-16 03:12:00",23416,0,0,19.7,1
"2025-12-16 03:18:00",23417,0,0,19.7,1
"2025-12-16 03:24:00",23418,0,0,19.7,1
"2025-12-16 03:30:00",23419,0,0,19.7,1
"2025-12-16 03:36:00",23420,0,0,19.7,1
"2025-12-16 03:42:00",23421,0,0,19.7,1
"2025-12-16 03:48:00",23422,0,0,19.7,1
"2025-12-16 03:54:00",23423,0,0,19.7,1
"2025-12-16 04:00:00",23424,0,0,19.7,1
"2025-12-16 04:06:00",23425,0,0,19.7,1
"2025-12-16 04:12:00",23426,0,0,19.7,1
"2025-12-16 04:18:00",23427,0,0,19.7,1
"2025-12-16 04:24:00",23428,0,0,19.7,1
"2025-12-16 04:30:00",23429,0,0,19.7,1
"2025-12-16 04:36:00",23430,0,0,19.7,1
"2025-12-16 04:42:00",23431,0,0,19.7,1
"2025-12-16 04:48:00",23432,0,0,19.6,1
"2025-12-16 04:54:00",23433,0,0,19.6,1
"2025-12-16 05:00:00",23434,0,0,19.6,1
"2025-12-16 05:06:00",23435,0,0,19.6,1
"2025-12-16 05:12:00",23436,0,0,19.6,1
"2025-12-16 05:18:00",23437,0,0,19.6,1
"2025-12-16 05:24:00",23438,0,0,19.6,1
"2025-12-16 05:30:00",23439,0,0,19.6,1
"2025-12-16 05:36:00",23440,0,0,19.6,1
"2025-12-16 05:42:00",23441,0,0,19.6,1
"2025-12-16 05:48:00",23442,0,0,19.6,1
"2025-12-16 05:54:00",23443,0,0,19.6,1
"2025-12-16 06:00:00",23444,0,0,19.6,1
"2025-12-16 06:06:00",23445,0,0,19.6,1
"2025-12-16 06:12:00",23446,0,0,19.6,1
"2025-12-16 06:18:00",23447,0,0,19.6,1
"2025-12-16 06:24:00",23448,0,0,19.6,1
"2025-12-16 06:30:00",23449,0,0,19.6,1
"2025-12-16 06:36:00",23450,0,0,19.6,1
"2025-12-16 06:42:00",23451,0,0,19.6,1
"2025-12-16 06:48:00",23452,0,0,19.6,1
"2025-12-16 06:54:00",23453,0,0,19.6,1
"2025-12-16 07:00:00",23454,0,0,19.6,1
"2025-12-16 07:06:00",23455,0,0,19.6,1
"2025-12-16 07:12:00",23456,0,0,19.6,1
"2025-12-16 07:18:00",23457,0,0,19.6,1
"2025-12-16 07:24:00",23458,0,0,19.6,1
"2025-12-16 07:30:00",23459,0,0,19.6,1
"2025-12-16 07:36:00",23460,0,0,19.6,1
"2025-12-16 07:42:00",23461,0,0,19.6,1
"2025-12-16 07:48:00",23462,0,0,19.6,1
"2025-12-16 07:54:00",23463,0,0,19.6,1
"2025-12-16 08:00:00",23464,0,0,19.6,1
"2025-12-16 08:06:00",23465,0,0,19.6,1
"2025-12-16 08:12:00",23466,0,0,19.7,1
"2025-12-16 08:18:00",23467,0,0,19.7,1
"2025-12-16 08:24:00",23468,0,0,19.7,1
"2025-12-16 08:30:00",23469,0,0,19.7,1
"2025-12-16 08:36:00",23470,0,0,19.7,1
"2025-12-16 08:42:00",23471,0,0,19.8,1
"2025-12-16 08:48:00",23472,0,0,19.8,1
"2025-12-16 08:54:00",23473,0,0,19.9,1
"2025-12-16 09:00:00",23474,0,0,19.9,1
"2025-12-16 09:06:00",23475,0,0,19.9,1
"2025-12-16 09:12:00",23476,0,0,19.9,1
"2025-12-16 09:18:00",23477,0,0,20,1
"2025-12-16 09:24:00",23478,0,0,20,1
"2025-12-16 09:30:00",23479,0,0,20,1
"2025-12-16 09:36:00",23480,0,0,20.1,1
"2025-12-16 09:42:00",23481,0,0,20.1,1
"2025-12-16 09:48:00",23482,0,0,20.2,1
"2025-12-16 09:54:00",23483,0,0,20.2,1
"2025-12-16 10:00:00",23484,0,0,20.2,1
"2025-12-16 10:06:00",23485,0,0,20.2,1
"2025-12-16 10:12:00",23486,0,0,20.3,1
"2025-12-16 10:18:00",23487,0,0,20.3,1
"2025-12-16 10:24:00",23488,0,0,20.4,1
"2025-12-16 10:30:00",23489,0,0,20.5,1
"2025-12-16 10:36:00",23490,0,0,20.5,1
"2025-12-16 10:42:00",23491,0,0,20.6,1
"2025-12-16 10:48:00",23492,0,0,20.7,1
"2025-12-16 10:54:00",23493,0,0,20.7,1
"2025-12-16 11:00:00",23494,0,0,20.8,1
"2025-12-16 11:06:00",23495,0,0,20.8,1
"2025-12-16 11:12:00",23496,0,0,20.8,1
"2025-12-16 11:18:00",23497,0,0,20.9,1
"2025-12-16 11:24:00",23498,0,0,20.9,1
"2025-12-16 11:30:00",23499,0,0,20.9,1
"2025-12-16 11:36:00",23500,0,0,21,1
"2025-12-16 11:42:00",23501,0,0,21,1
"2025-12-16 11:48:00",23502,0,0,21,1
"2025-12-16 11:54:00",23503,0,0,21.1,1
"2025-12-16 12:00:00",23504,0,0,21.1,1
"2025-12-16 12:06:00",23505,0,0,21.1,1
"2025-12-16 12:12:00",23506,0,0,21.2,1
"2025-12-16 12:18:00",23507,0,0,21.2,1
"2025-12-16 12:24:00",23508,0,0,21.2,1
"2025-12-16 12:30:00",23509,0,0,21.2,1
"2025-12-16 12:36:00",23510,0,0,21.2,1
"2025-12-16 12:42:00",23511,0,0,21.3,1
"2025-12-16 12:48:00",23512,0,0,21.3,1
"2025-12-16 12:54:00",23513,0,0,21.3,1
"2025-12-16 13:00:00",23514,0,0,21.3,1
"2025-12-16 13:06:00",23515,0,0,21.3,1
"2025-12-16 13:12:00",23516,0,0,21.4,1
"2025-12-16 13:18:00",23517,0,0,21.4,1
"2025-12-16 13:24:00",23518,0,0,21.4,1
"2025-12-16 13:30:00",23519,0,0,21.5,1
"2025-12-16 13:36:00",23520,0,0,21.5,1
"2025-12-16 13:42:00",23521,0,0,21.5,1
"2025-12-16 13:48:00",23522,0,0,21.5,1
"2025-12-16 13:54:00",23523,0,0,21.5,1
"2025-12-16 14:00:00",23524,0,0,21.5,1
"2025-12-16 14:06:00",23525,0,0,21.6,1
"2025-12-16 14:12:00",23526,0,0,21.6,1
"2025-12-16 14:18:00",23527,0,0,21.6,1
"2025-12-16 14:24:00",23528,0,0,21.6,1
"2025-12-16 14:30:00",23529,0,0,21.6,1
"2025-12-16 14:36:00",23530,0,0,21.6,1
"2025-12-16 14:42:00",23531,0,0,21.6,1
"2025-12-16 14:48:00",23532,0,0.01,21.6,1
"2025-12-16 14:54:00",23533,0,0,21.6,1
"2025-12-16 15:00:00",23534,0,0,21.6,1
"2025-12-16 15:06:00",23535,0,0,21.6,1
"2025-12-16 15:12:00",23536,0,0,21.6,1
"2025-12-16 15:18:00",23537,0,0,21.6,1
"2025-12-16 15:24:00",23538,0,0,21.7,1
"2025-12-16 15:30:00",23539,0,0,21.6,1
"2025-12-16 15:36:00",23540,0,0,21.6,1
"2025-12-16 15:42:00",23541,0,0,21.6,1
"2025-12-16 15:48:00",23542,0,0,21.6,1
"2025-12-16 15:54:00",23543,0,0,21.6,1
"2025-12-16 16:00:00",23544,0,0,21.6,1
"2025-12-16 16:06:00",23545,0,0,21.7,1
"2025-12-16 16:12:00",23546,0,0,21.6,1
"2025-12-16 16:18:00",23547,0,0,21.6,1
"2025-12-16 16:24:00",23548,0,0,21.6,1
"2025-12-16 16:30:00",23549,0,0,21.5,1
"2025-12-16 16:36:00",23550,0,0,21.5,1
"2025-12-16 16:42:00",23551,0,0,21.5,1
"2025-12-16 16:48:00",23552,0,0,21.5,1
"2025-12-16 16:54:00",23553,0,0,21.4,1
"2025-12-16 17:00:00",23554,0,0,21.4,1
"2025-12-16 17:06:00",23555,0,0,21.4,1
"2025-12-16 17:12:00",23556,0,0,21.3,1
"2025-12-16 17:18:00",23557,0,0,21.3,1
"2025-12-16 17:24:00",23558,0,0,21.2,1
"2025-12-16 17:30:00",23559,0,0,21.2,1
"2025-12-16 17:36:00",23560,0,0,21.1,1
"2025-12-16 17:42:00",23561,0,0,21.1,1
"2025-12-16 17:48:00",23562,0,0,21.1,1
"2025-12-16 17:54:00",23563,0,0,21.1,1
"2025-12-16 18:00:00",23564,0,0,21.1,1
"2025-12-16 18:06:00",23565,0,0,21.1,1
"2025-12-16 18:12:00",23566,0,0,21.1,1
"2025-12-16 18:18:00",23567,0,0,21.1,1
"2025-12-16 18:24:00",23568,0,0,21,1
"2025-12-16 18:30:00",23569,0,0,21,1
"2025-12-16 18:36:00",23570,0,0,21,1
"2025-12-16 18:42:00",23571,0,0,20.9,1
"2025-12-16 18:48:00",23572,0,0,20.9,1
"2025-12-16 18:54:00",23573,0,0,20.9,1
"2025-12-16 19:00:00",23574,0,0,20.9,1
"2025-12-16 19:06:00",23575,0,0,20.9,1
"2025-12-16 19:12:00",23576,0,0,20.9,1
"2025-12-16 19:18:00",23577,0,0,20.9,1
"2025-12-16 19:24:00",23578,0,0,20.8,1
"2025-12-16 19:30:00",23579,0,0,20.8,1
"2025-12-16 19:36:00",23580,0,0,20.8,1
"2025-12-16 19:42:00",23581,0,0,20.8,1
"2025-12-16 19:48:00",23582,0,0,20.8,1
"2025-12-16 19:54:00",23583,0,0,20.8,1
"2025-12-16 20:00:00",23584,0,0,20.8,1
"2025-12-16 20:06:00",23585,0,0,20.8,1
"2025-12-16 20:12:00",23586,0,0,20.7,1
"2025-12-16 20:18:00",23587,0,0,20.7,1
"2025-12-16 20:24:00",23588,0,0,20.7,1
"2025-12-16 20:30:00",23589,0,0,20.7,1
"2025-12-16 20:36:00",23590,0,0,20.7,1
"2025-12-16 20:42:00",23591,0,0,20.7,1
"2025-12-16 20:48:00",23592,0,0,20.6,1
"2025-12-16 20:54:00",23593,0,0,20.6,1
"2025-12-16 21:00:00",23594,0,0,20.6,1
"2025-12-16 21:06:00",23595,0,0,20.6,1
"2025-12-16 21:12:00",23596,0,0,20.5,1
"2025-12-16 21:18:00",23597,0,0,20.5,1
"2025-12-16 21:24:00",23598,0,0,20.4,1
"2025-12-16 21:30:00",23599,0,0,20.4,1
"2025-12-16 21:36:00",23600,0,0,20.4,1
"2025-12-16 21:42:00",23601,0,0,20.3,1
"2025-12-16 21:48:00",23602,0,0,20.3,1
"2025-12-16 21:54:00",23603,0,0,20.2,1
"2025-12-16 22:00:00",23604,0,0,20.2,1
"2025-12-16 22:06:00",23605,0,0,20.2,1
"2025-12-16 22:12:00",23606,0,0,20.2,1
"2025-12-16 22:18:00",23607,0,0,20.2,1
"2025-12-16 22:24:00",23608,0,0,20.2,1
"2025-12-16 22:30:00",23609,0,0,20.1,1
"2025-12-16 22:36:00",23610,0,0,20.1,1
"2025-12-16 22:42:00",23611,0,0,20.1,1
"2025-12-16 22:48:00",23612,0,0,20.1,1
"2025-12-16 22:54:00",23613,0,0,20.1,1
"2025-12-16 23:00:00",23614,0,0,20.1,1
"2025-12-16 23:06:00",23615,0,0,20.1,1
"2025-12-16 23:12:00",23616,0,0,20.1,1
"2025-12-16 23:18:00",23617,0,0,20.1,1
"2025-12-16 23:24:00",23618,0,0,20,1
"2025-12-16 23:30:00",23619,0,0,20,1
"2025-12-16 23:36:00",23620,0,0,20,1
"2025-12-16 23:42:00",23621,0,0,20,1
"2025-12-16 23:48:00",23622,0,0,20,1
"2025-12-16 23:54:00",23623,0,0,20,1
"2025-12-17 00:00:00",23624,0,0,19.9,1
"2025-12-17 00:06:00",23625,0,0,19.9,1
"2025-12-17 00:12:00",23626,0,0,19.9,1
"2025-12-17 00:18:00",23627,0,0,19.9,1
"2025-12-17 00:24:00",23628,0,0,19.9,1
"2025-12-17 00:30:00",23629,0,0,19.9,1
"2025-12-17 00:36:00",23630,0,0,19.9,1
"2025-12-17 00:42:00",23631,0,0,19.9,1
"2025-12-17 00:48:00",23632,0,0,19.9,1
"2025-12-17 00:54:00",23633,0,0,19.9,1
"2025-12-17 01:00:00",23634,0,0,19.9,1
"2025-12-17 01:06:00",23635,0,0,19.8,1
"2025-12-17 01:12:00",23636,0,0,19.8,1
"2025-12-17 01:18:00",23637,0,0,19.8,1
"2025-12-17 01:24:00",23638,0,0,19.8,1
"2025-12-17 01:30:00",23639,0,0,19.8,1
"2025-12-17 01:36:00",23640,0,0,19.8,1
"2025-12-17 01:42:00",23641,0,0,19.8,1
"2025-12-17 01:48:00",23642,0,0,19.8,1
"2025-12-17 01:54:00",23643,0,0,19.7,1
"2025-12-17 02:00:00",23644,0,0,19.8,1
"2025-12-17 02:06:00",23645,0,0,19.8,1
"2025-12-17 02:12:00",23646,0,0,19.8,1
"2025-12-17 02:18:00",23647,0,0,19.8,1
"2025-12-17 02:24:00",23648,0,0,19.8,1
"2025-12-17 02:30:00",23649,0,0,19.8,1
"2025-12-17 02:36:00",23650,0,0,19.8,1
"2025-12-17 02:42:00",23651,0,0,19.8,1
"2025-12-17 02:48:00",23652,0,0,19.7,1
"2025-12-17 02:54:00",23653,0,0,19.7,1
"2025-12-17 03:00:00",23654,0,0,19.7,1
"2025-12-17 03:06:00",23655,0,0,19.7,1
"2025-12-17 03:12:00",23656,0,0,19.7,1
"2025-12-17 03:18:00",23657,0,0,19.7,1
"2025-12-17 03:24:00",23658,0,0,19.6,1
"2025-12-17 03:30:00",23659,0,0,19.6,1
"2025-12-17 03:36:00",23660,0,0,19.7,1
"2025-12-17 03:42:00",23661,0,0,19.7,1
"2025-12-17 03:48:00",23662,0,0,19.7,1
"2025-12-17 03:54:00",23663,0,0,19.7,1
"2025-12-17 04:00:00",23664,0,0,19.8,1
"2025-12-17 04:06:00",23665,0,0,19.8,1
"2025-12-17 04:12:00",23666,0,0,19.8,1
"2025-12-17 04:18:00",23667,0,0,19.8,1
"2025-12-17 04:24:00",23668,0,0,19.9,1
"2025-12-17 04:30:00",23669,0,0,19.9,1
"2025-12-17 04:36:00",23670,0,0,19.9,1
"2025-12-17 04:42:00",23671,0,0,20,1
"2025-12-17 04:48:00",23672,0,0,20,1
"2025-12-17 04:54:00",23673,0,0,20,1
"2025-12-17 05:00:00",23674,0,0,20,1
"2025-12-17 05:06:00",23675,0,0,19.9,1
"2025-12-17 05:12:00",23676,0,0,19.9,1
"2025-12-17 05:18:00",23677,0,0,19.9,1
"2025-12-17 05:24:00",23678,0,0,19.9,1
"2025-12-17 05:30:00",23679,0,0,19.9,1
"2025-12-17 05:36:00",23680,0,0,19.9,1
"2025-12-17 05:42:00",23681,0,0,19.9,1
"2025-12-17 05:48:00",23682,0,0,19.9,1
"2025-12-17 05:54:00",23683,0,0,19.9,1
"2025-12-17 06:00:00",23684,0,0,19.9,1
"2025-12-17 06:06:00",23685,0,0,19.9,1
"2025-12-17 06:12:00",23686,0,0,19.9,1
"2025-12-17 06:18:00",23687,0,0,19.9,1
"2025-12-17 06:24:00",23688,0,0,19.9,1
"2025-12-17 06:30:00",23689,0,0,19.9,1
"2025-12-17 06:36:00",23690,0,0,19.9,1
"2025-12-17 06:42:00",23691,0,0,19.9,1
"2025-12-17 06:48:00",23692,0,0,19.9,1
"2025-12-17 06:54:00",23693,0,0,19.9,1
"2025-12-17 07:00:00",23694,0,0,19.9,1
"2025-12-17 07:06:00",23695,0,0,19.9,1
"2025-12-17 07:12:00",23696,0,0.01,19.9,1
"2025-12-17 07:18:00",23697,0,0,19.9,1
"2025-12-17 07:24:00",23698,0,0,19.9,1
"2025-12-17 07:30:00",23699,0,0,19.9,1
"2025-12-17 07:36:00",23700,0,0,19.9,1
"2025-12-17 07:42:00",23701,0,0,19.9,1
"2025-12-17 07:48:00",23702,0,0,19.9,1
"2025-12-17 07:54:00",23703,0,0,19.9,1
"2025-12-17 08:00:00",23704,0,0,19.9,1
"2025-12-17 08:06:00",23705,0,0,19.9,1
"2025-12-17 08:12:00",23706,0,0,20,1
"2025-12-17 08:18:00",23707,0,0,20,1
"2025-12-17 08:24:00",23708,0,0,20,1
"2025-12-17 08:30:00",23709,0,0,20,1
"2025-12-17 08:36:00",23710,0,0,20,1
"2025-12-17 08:42:00",23711,0,0,20,1
"2025-12-17 08:48:00",23712,0,0,20,1
"2025-12-17 08:54:00",23713,0,0,20,1
"2025-12-17 09:00:00",23714,0,0,20,1
"2025-12-17 09:06:00",23715,0,0,20.1,1
"2025-12-17 09:12:00",23716,0,0,20.1,1
"2025-12-17 09:18:00",23717,0,0,20.1,1
"2025-12-17 09:24:00",23718,0,0,20.1,1
"2025-12-17 09:30:00",23719,0,0,20.1,1
"2025-12-17 09:36:00",23720,0,0,20.1,1
"2025-12-17 09:42:00",23721,0,0,20.2,1
"2025-12-17 09:48:00",23722,0,0,20.2,1
"2025-12-17 09:54:00",23723,0,0,20.3,1
"2025-12-17 10:00:00",23724,0,0,20.3,1
"2025-12-17 10:06:00",23725,0,0,20.4,1
"2025-12-17 10:12:00",23726,0,0,20.4,1
"2025-12-17 10:18:00",23727,0,0,20.5,1
"2025-12-17 10:24:00",23728,0,0,20.5,1
"2025-12-17 10:30:00",23729,0,0,20.6,1
"2025-12-17 10:36:00",23730,0,0,20.6,1
"2025-12-17 10:42:00",23731,0,0,20.6,1
"2025-12-17 10:48:00",23732,0,0,20.7,1
"2025-12-17 10:54:00",23733,0,0,20.7,1
"2025-12-17 11:00:00",23734,0,0,20.7,1
"2025-12-17 11:06:00",23735,0,0,20.8,1
"2025-12-17 11:12:00",23736,0,0,20.8,1
"2025-12-17 11:18:00",23737,0,0,20.8,1
"2025-12-17 11:24:00",23738,0,0,20.9,1
"2025-12-17 11:30:00",23739,0,0,20.9,1
"2025-12-17 11:36:00",23740,0,0,20.9,1
"2025-12-17 11:42:00",23741,0,0,21,1
"2025-12-17 11:48:00",23742,0,0,21,1
"2025-12-17 11:54:00",23743,0,0,21,1
"2025-12-17 12:00:00",23744,0,0,21.1,1
"2025-12-17 12:06:00",23745,0,0,21.1,1
"2025-12-17 12:12:00",23746,0,0,21.1,1
"2025-12-17 12:18:00",23747,0,0.01,21.1,1
"2025-12-17 12:24:00",23748,0,0.01,21.2,1
"2025-12-17 12:30:00",23749,0,0.01,21.2,1
"2025-12-17 12:36:00",23750,0,0.01,21.2,1
"2025-12-17 12:42:00",23751,0,0,21.3,1
"2025-12-17 12:48:00",23752,0,0,21.3,1
"2025-12-17 12:54:00",23753,0,0,21.3,1
"2025-12-17 13:00:00",23754,0,0,21.3,1
"2025-12-17 13:06:00",23755,0,0,21.4,1
"2025-12-17 13:12:00",23756,0,0,21.4,1
"2025-12-17 13:18:00",23757,0,0,21.4,1
"2025-12-17 13:24:00",23758,0,0,21.5,1
"2025-12-17 13:30:00",23759,0,0,21.5,1
"2025-12-17 13:36:00",23760,0,0,21.5,1
"2025-12-17 13:42:00",23761,0,0,21.6,1
"2025-12-17 13:48:00",23762,0,0,21.6,1
"2025-12-17 13:54:00",23763,0,0,21.6,1
"2025-12-17 14:00:00",23764,0,0,21.6,1
"2025-12-17 14:06:00",23765,0,0,21.7,1
"2025-12-17 14:12:00",23766,0,0,21.7,1
"2025-12-17 14:18:00",23767,0,0,21.7,1
"2025-12-17 14:24:00",23768,0,0,21.7,1
"2025-12-17 14:30:00",23769,0,0,21.8,1
"2025-12-17 14:36:00",23770,0,0,21.8,1
"2025-12-17 14:42:00",23771,0,0,21.8,1
"2025-12-17 14:48:00",23772,0,0,21.8,1
"2025-12-17 14:54:00",23773,0,0,21.8,1
"2025-12-17 15:00:00",23774,0,0,21.9,1
"2025-12-17 15:06:00",23775,0,0,21.9,1
"2025-12-17 15:12:00",23776,0,0,21.9,1
"2025-12-17 15:18:00",23777,0,0,21.9,1
"2025-12-17 15:24:00",23778,0,0,21.9,1
"2025-12-17 15:30:00",23779,0,0,21.9,1
"2025-12-17 15:36:00",23780,0,0,21.9,1
"2025-12-17 15:42:00",23781,0,0,21.9,1
"2025-12-17 15:48:00",23782,0,0.01,22,1
"2025-12-17 15:54:00",23783,0,0,22,1
"2025-12-17 16:00:00",23784,0,0,22,1
"2025-12-17 16:06:00",23785,0,0.01,22,1
"2025-12-17 16:12:00",23786,0,0,22,1
"2025-12-17 16:18:00",23787,0,0,22,1
"2025-12-17 16:24:00",23788,0,0,22,1
"2025-12-17 16:30:00",23789,0,0,22,1
"2025-12-17 16:36:00",23790,0,0,22,1
"2025-12-17 16:42:00",23791,0,0,22,1
"2025-12-17 16:48:00",23792,0,0,22,1
"2025-12-17 16:54:00",23793,0,0,22,1
"2025-12-17 17:00:00",23794,0,0,22,1
"2025-12-17 17:06:00",23795,0,0,22,1
"2025-12-17 17:12:00",23796,0,0,22,1
"2025-12-17 17:18:00",23797,0,0,21.9,1
"2025-12-17 17:24:00",23798,0,0,21.9,1
"2025-12-17 17:30:00",23799,0,0,21.9,1
"2025-12-17 17:36:00",23800,0,0,21.9,1
"2025-12-17 17:42:00",23801,0,0,21.9,1
"2025-12-17 17:48:00",23802,0,0,21.9,1
"2025-12-17 17:54:00",23803,0,0,21.9,1
"2025-12-17 18:00:00",23804,0,0,21.9,1
"2025-12-17 18:06:00",23805,0,0,21.9,1
"2025-12-17 18:12:00",23806,0,0,21.9,1
"2025-12-17 18:18:00",23807,0,0,21.8,1
"2025-12-17 18:24:00",23808,0,0,21.8,1
"2025-12-17 18:30:00",23809,0,0,21.8,1
"2025-12-17 18:36:00",23810,0,0,21.9,1
"2025-12-17 18:42:00",23811,0,0,21.8,1
"2025-12-17 18:48:00",23812,0,0,21.8,1
"2025-12-17 18:54:00",23813,0,0,21.8,1
"2025-12-17 19:00:00",23814,0,0,21.7,1
"2025-12-17 19:06:00",23815,0,0,21.7,1
"2025-12-17 19:12:00",23816,0,0,21.7,1
"2025-12-17 19:18:00",23817,0,0,21.7,1
"2025-12-17 19:24:00",23818,0,0,21.7,1
"2025-12-17 19:30:00",23819,0,0,21.7,1
"2025-12-17 19:36:00",23820,0,0,21.6,1
"2025-12-17 19:42:00",23821,0,0,21.6,1
"2025-12-17 19:48:00",23822,0,0,21.6,1
"2025-12-17 19:54:00",23823,0,0,21.5,1
"2025-12-17 20:00:00",23824,0,0,21.5,1
"2025-12-17 20:06:00",23825,0,0,21.5,1
"2025-12-17 20:12:00",23826,0,0,21.4,1
"2025-12-17 20:18:00",23827,0,0,21.4,1
"2025-12-17 20:24:00",23828,0,0,21.4,1
"2025-12-17 20:30:00",23829,0,0,21.4,1
"2025-12-17 20:36:00",23830,0,0,21.4,1
"2025-12-17 20:42:00",23831,0,0,21.4,1
"2025-12-17 20:48:00",23832,0,0,21.4,1
"2025-12-17 20:54:00",23833,0,0,21.4,1
"2025-12-17 21:00:00",23834,0,0,21.3,1
"2025-12-17 21:06:00",23835,0,0,21.3,1
"2025-12-17 21:12:00",23836,0,0,21.3,1
"2025-12-17 21:18:00",23837,0,0,21.2,1
"2025-12-17 21:24:00",23838,0,0,21.2,1
"2025-12-17 21:30:00",23839,0,0,21.1,1
"2025-12-17 21:36:00",23840,0,0,21.1,1
"2025-12-17 21:42:00",23841,0,0,21.1,1
"2025-12-17 21:48:00",23842,0,0,21,1
"2025-12-17 21:54:00",23843,0,0,21,1
"2025-12-17 22:00:00",23844,0,0,20.9,1
"2025-12-17 22:06:00",23845,0,0,20.9,1
"2025-12-17 22:12:00",23846,0,0,20.9,1
"2025-12-17 22:18:00",23847,0,0,20.8,1
"2025-12-17 22:24:00",23848,0,0,20.8,1
"2025-12-17 22:30:00",23849,0,0,20.7,1
"2025-12-17 22:36:00",23850,0,0,20.7,1
"2025-12-17 22:42:00",23851,0,0,20.7,1
"2025-12-17 22:48:00",23852,0,0,20.7,1
"2025-12-17 22:54:00",23853,0,0,20.6,1
"2025-12-17 23:00:00",23854,0,0,20.6,1
"2025-12-17 23:06:00",23855,0,0,20.6,1
"2025-12-17 23:12:00",23856,0,0,20.6,1
"2025-12-17 23:18:00",23857,0,0,20.5,1
"2025-12-17 23:24:00",23858,0,0,20.5,1
"2025-12-17 23:30:00",23859,0,0,20.5,1
"2025-12-17 23:36:00",23860,0,0,20.5,1
"2025-12-17 23:42:00",23861,0,0,20.5,1
"2025-12-17 23:48:00",23862,0,0,20.5,1
"2025-12-17 23:54:00",23863,0,0,20.4,1
"2025-12-18 00:00:00",23864,0,0,20.4,1
"2025-12-18 00:06:00",23865,0,0,20.4,1
"2025-12-18 00:12:00",23866,0,0,20.4,1
"2025-12-18 00:18:00",23867,0,0,20.4,1
"2025-12-18 00:24:00",23868,0,0,20.4,1
"2025-12-18 00:30:00",23869,0,0,20.4,1
"2025-12-18 00:36:00",23870,0,0,20.4,1
"2025-12-18 00:42:00",23871,0,0,20.3,1
"2025-12-18 00:48:00",23872,0,0,20.3,1
"2025-12-18 00:54:00",23873,0,0,20.3,1
"2025-12-18 01:00:00",23874,0,0,20.3,1
"2025-12-18 01:06:00",23875,0,0,20.3,1
"2025-12-18 01:12:00",23876,0,0,20.3,1
"2025-12-18 01:18:00",23877,0,0,20.3,1
"2025-12-18 01:24:00",23878,0,0,20.3,1
"2025-12-18 01:30:00",23879,0,0,20.3,1
"2025-12-18 01:36:00",23880,0,0,20.3,1
"2025-12-18 01:42:00",23881,0,0,20.3,1
"2025-12-18 01:48:00",23882,0,0,20.3,1
"2025-12-18 01:54:00",23883,0,0,20.2,1
"2025-12-18 02:00:00",23884,0,0,20.2,1
"2025-12-18 02:06:00",23885,0,0,20.2,1
"2025-12-18 02:12:00",23886,0,0,20.2,1
"2025-12-18 02:18:00",23887,0,0,20.1,1
"2025-12-18 02:24:00",23888,0,0,20.2,1
"2025-12-18 02:30:00",23889,0,0,20.2,1
"2025-12-18 02:36:00",23890,0,0,20.2,1
"2025-12-18 02:42:00",23891,0,0,20.2,1
"2025-12-18 02:48:00",23892,0,0,20.2,1
"2025-12-18 02:54:00",23893,0,0,20.2,1
"2025-12-18 03:00:00",23894,0,0,20.2,1
"2025-12-18 03:06:00",23895,0,0,20.1,1
"2025-12-18 03:12:00",23896,0,0,20.1,1
"2025-12-18 03:18:00",23897,0,0,20.1,1
"2025-12-18 03:24:00",23898,0,0,20.1,1
"2025-12-18 03:30:00",23899,0,0,20,1
"2025-12-18 03:36:00",23900,0,0,20,1
"2025-12-18 03:42:00",23901,0,0,20,1
"2025-12-18 03:48:00",23902,0,0,19.9,1
"2025-12-18 03:54:00",23903,0,0,19.9,1
"2025-12-18 04:00:00",23904,0,0,19.9,1
"2025-12-18 04:06:00",23905,0,0,20,1
"2025-12-18 04:12:00",23906,0,0,20,1
"2025-12-18 04:18:00",23907,0,0,20,1
"2025-12-18 04:24:00",23908,0,0,20,1
"2025-12-18 04:30:00",23909,0,0,20,1
"2025-12-18 04:36:00",23910,0,0,20,1
"2025-12-18 04:42:00",23911,0,0,20,1
"2025-12-18 04:48:00",23912,0,0,20,1
"2025-12-18 04:54:00",23913,0,0,20,1
"2025-12-18 05:00:00",23914,0,0,20,1
"2025-12-18 05:06:00",23915,0,0,20,1
"2025-12-18 05:12:00",23916,0,0,19.9,1
"2025-12-18 05:18:00",23917,0,0,19.9,1
"2025-12-18 05:24:00",23918,0,0,19.9,1
"2025-12-18 05:30:00",23919,0,0,19.9,1
"2025-12-18 05:36:00",23920,0,0,19.9,1
"2025-12-18 05:42:00",23921,0,0,19.9,1
"2025-12-18 05:48:00",23922,0,0,19.9,1
"2025-12-18 05:54:00",23923,0,0.01,20,1
"2025-12-18 06:00:00",23924,0,0,20,1
"2025-12-18 06:06:00",23925,0,0,20,1
"2025-12-18 06:12:00",23926,0,0,20,1
"2025-12-18 06:18:00",23927,0,0,20,1
"2025-12-18 06:24:00",23928,0,0,19.9,1
"2025-12-18 06:30:00",23929,0,0,19.9,1
"2025-12-18 06:36:00",23930,0,0,20,1
"2025-12-18 06:42:00",23931,0,0,20,1
"2025-12-18 06:48:00",23932,0,0,20,1
"2025-12-18 06:54:00",23933,0,0,20,1
"2025-12-18 07:00:00",23934,0,0,20,1
"2025-12-18 07:06:00",23935,0,0,20,1
"2025-12-18 07:12:00",23936,0,0,20,1
"2025-12-18 07:18:00",23937,0,0,20,1
"2025-12-18 07:24:00",23938,0,0,20,1
"2025-12-18 07:30:00",23939,0,0,20,1
"2025-12-18 07:36:00",23940,0,0,20,1
"2025-12-18 07:42:00",23941,0,0,20,1
"2025-12-18 07:48:00",23942,0,0,20,1
"2025-12-18 07:54:00",23943,0,0,20,1
"2025-12-18 08:00:00",23944,0,0,20,1
"2025-12-18 08:06:00",23945,0,0,20,1
"2025-12-18 08:12:00",23946,0,0,20,1
"2025-12-18 08:18:00",23947,0,0,20,1
"2025-12-18 08:24:00",23948,0,0,20,1
"2025-12-18 08:30:00",23949,0,0,20,1
"2025-12-18 08:36:00",23950,0,0.01,20,1
"2025-12-18 08:42:00",23951,0,0.01,20,1
"2025-12-18 08:48:00",23952,0,0.01,20.1,1
"2025-12-18 08:54:00",23953,0,0,20.1,1
"2025-12-18 09:00:00",23954,0,0,20.2,1
"2025-12-18 09:06:00",23955,0,0,20.3,1
"2025-12-18 09:12:00",23956,0,0,20.4,1
"2025-12-18 09:18:00",23957,0,0,20.5,1
"2025-12-18 09:24:00",23958,0,0,20.6,1
"2025-12-18 09:30:00",23959,0,0,20.6,1
"2025-12-18 09:36:00",23960,0,0,20.7,1
"2025-12-18 09:42:00",23961,0,0,20.7,1
"2025-12-18 09:48:00",23962,0,0,20.7,1
"2025-12-18 09:54:00",23963,0,0,20.8,1
"2025-12-18 10:00:00",23964,0,0,20.8,1
"2025-12-18 10:06:00",23965,0,0,20.8,1
"2025-12-18 10:12:00",23966,0,0,20.9,1
"2025-12-18 10:18:00",23967,0,0,20.9,1
"2025-12-18 10:24:00",23968,0,0.01,20.9,1
"2025-12-18 10:30:00",23969,0,0,21,1
"2025-12-18 10:36:00",23970,0,0,21,1
"2025-12-18 10:42:00",23971,0,0,21.1,1
"2025-12-18 10:48:00",23972,0,0.01,21,1
"2025-12-18 10:54:00",23973,0,0,20.9,1
"2025-12-18 11:00:00",23974,0,0,20.8,1
"2025-12-18 11:06:00",23975,0,0,20.6,1
"2025-12-18 11:12:00",23976,0,0,20.5,1
"2025-12-18 11:18:00",23977,0,0,20.3,1
"2025-12-18 11:24:00",23978,0,0,20.2,1
"2025-12-18 11:30:00",23979,0,0,20,1
"2025-12-18 11:36:00",23980,0,0,19.9,1
"2025-12-18 11:42:00",23981,0,0,19.8,1
"2025-12-18 11:48:00",23982,0,0,19.8,1
"2025-12-18 11:54:00",23983,0,0,19.7,1
"2025-12-18 12:00:00",23984,0,0,19.7,1
"2025-12-18 12:06:00",23985,0,0,19.6,1
"2025-12-18 12:12:00",23986,0,0,19.6,1
"2025-12-18 12:18:00",23987,0,0,19.5,1
"2025-12-18 12:24:00",23988,0,0,19.5,1
"2025-12-18 12:30:00",23989,0,0,19.5,1
"2025-12-18 12:36:00",23990,0,0,19.5,1
"2025-12-18 12:42:00",23991,0,0,19.5,1
"2025-12-18 12:48:00",23992,0,0,19.4,1
"2025-12-18 12:54:00",23993,0,0,19.4,1
"2025-12-18 13:00:00",23994,0,0,19.4,1
"2025-12-18 13:06:00",23995,0,0,19.4,1
"2025-12-18 13:12:00",23996,0,0,19.4,1
"2025-12-18 13:18:00",23997,0,0,19.4,1
"2025-12-18 13:24:00",23998,0,0,19.4,1
"2025-12-18 13:30:00",23999,0,-0.01,19.4,1
"2025-12-18 13:36:00",24000,0,0,19.4,1
"2025-12-18 13:42:00",24001,0,0,19.3,1
"2025-12-18 13:48:00",24002,0,0,19.3,1
"2025-12-18 13:54:00",24003,0,0,19.3,1
"2025-12-18 14:00:00",24004,0,0,19.3,1
"2025-12-18 14:06:00",24005,0,0,19.3,1
"2025-12-18 14:12:00",24006,0,0,19.3,1
"2025-12-18 14:18:00",24007,0,0,19.3,1
"2025-12-18 14:24:00",24008,0,0,19.3,1
"2025-12-18 14:30:00",24009,0,0,19.2,1
"2025-12-18 14:36:00",24010,0,0,19.2,1
"2025-12-18 14:42:00",24011,0,0,19.2,1
"2025-12-18 14:48:00",24012,0,0,19.2,1
"2025-12-18 14:54:00",24013,0,0,19.2,1
"2025-12-18 15:00:00",0,0,0,19.3,1
"2025-12-18 15:06:00",1,0,0.01,19.4,1
"2025-12-18 15:12:00",2,0,0,19.5,1
"2025-12-18 15:18:00",3,0,0,19.6,1
"2025-12-18 15:24:00",4,0,0,19.7,1
"2025-12-18 15:30:00",5,0,0,19.8,1
"2025-12-18 15:36:00",6,0,0,20,1
"2025-12-18 15:42:00",7,0,0,20.1,1
"2025-12-18 15:48:00",8,0,0,20.1,1
"2025-12-18 15:54:00",9,0,0,20.2,1
"2025-12-18 16:00:00",10,0,0,20.3,1
"2025-12-18 16:06:00",11,0,0,20.4,1
"2025-12-18 16:12:00",12,0,0,20.5,1
"2025-12-18 16:18:00",13,0,0,20.6,1
"2025-12-18 16:24:00",14,0,0,20.7,1
"2025-12-18 16:30:00",15,0,0,20.7,1
"2025-12-18 16:36:00",16,0,0,20.8,1
"2025-12-18 16:42:00",17,0,0,20.8,1
"2025-12-18 16:48:00",18,0,0,20.9,1
"2025-12-18 16:54:00",19,0,0,21,1
"2025-12-18 17:00:00",20,0,0,21,1
"2025-12-18 17:06:00",21,0,0,21,1
"2025-12-18 17:12:00",22,0,0.01,21.1,1
"2025-12-18 17:18:00",23,0,0,21.1,1
"2025-12-18 17:24:00",24,0,0,21.2,1
"2025-12-18 17:30:00",25,0,0,21.2,1
"2025-12-18 17:36:00",26,0,0,21.2,1
"2025-12-18 17:42:00",27,0,0,21.2,1
"2025-12-18 17:48:00",28,0,0,21.3,1
"2025-12-18 17:54:00",29,0,0,21.3,1
"2025-12-18 18:00:00",30,0,0,21.3,1
"2025-12-18 18:06:00",31,0,0,21.3,1
"2025-12-18 18:12:00",32,0,0,21.3,1
"2025-12-18 18:18:00",33,0,0,21.4,1
"2025-12-18 18:24:00",34,0,0,21.4,1
"2025-12-18 18:30:00",35,0,0,21.4,1
"2025-12-18 18:36:00",36,0,0,21.4,1
"2025-12-18 18:42:00",37,0,0,21.4,1
"2025-12-18 18:48:00",38,0,0,21.5,1
"2025-12-18 18:54:00",39,0,0,21.5,1
"2025-12-18 19:00:00",40,0,0,21.5,1
"2025-12-18 19:06:00",41,0,0,21.5,1
"2025-12-18 19:12:00",42,0,0,21.5,1
"2025-12-18 19:18:00",43,0,0,21.5,1
"2025-12-18 19:24:00",44,0,0.01,21.5,1
"2025-12-18 19:30:00",45,0,0,21.5,1
"2025-12-18 19:36:00",46,0,0,21.5,1
"2025-12-18 19:42:00",47,0,0,21.6,1
"2025-12-18 19:48:00",48,0,0,21.6,1
"2025-12-18 19:54:00",49,0,0,21.6,1
"2025-12-18 20:00:00",50,0,0,21.6,1
"2025-12-18 20:06:00",51,0,0,21.6,1
"2025-12-18 20:12:00",52,0,0,21.6,1
"2025-12-18 20:18:00",53,0,0,21.6,1
"2025-12-18 20:24:00",54,0,0,21.6,1
"2025-12-18 20:30:00",55,0,0,21.7,1
"2025-12-18 20:36:00",56,0,0,21.7,1
"2025-12-18 20:42:00",57,0,0,21.7,1
"2025-12-18 20:48:00",58,0,0,21.7,1
"2025-12-18 20:54:00",59,0,0.01,21.7,1
"2025-12-18 21:00:00",60,0,0.01,21.7,1
"2025-12-18 21:06:00",61,0,0,21.7,1
"2025-12-18 21:12:00",62,0,0.01,21.7,1
"2025-12-18 21:18:00",63,0,0.01,21.7,1
"2025-12-18 21:24:00",64,0,0.01,21.7,1
"2025-12-18 21:30:00",65,0,0,21.7,1
"2025-12-18 21:36:00",66,0,0,21.7,1
"2025-12-18 21:42:00",67,0,0,21.7,1
"2025-12-18 21:48:00",68,0,0,21.7,1
"2025-12-18 21:54:00",69,0,0,21.7,1
"2025-12-18 22:00:00",70,0,0,21.7,1
"2025-12-18 22:06:00",71,0,0,21.7,1
"2025-12-18 22:12:00",72,0,0,21.7,1
"2025-12-18 22:18:00",73,0,0,21.7,1
"2025-12-18 22:24:00",74,0,0,21.7,1
"2025-12-18 22:30:00",75,0,0,21.7,1
"2025-12-18 22:36:00",76,0,0,21.7,1
"2025-12-18 22:42:00",77,0,0,21.7,1
"2025-12-18 22:48:00",78,0,0,21.7,1
"2025-12-18 22:54:00",79,0,0,21.7,1
"2025-12-18 23:00:00",80,0,0,21.7,1
"2025-12-18 23:06:00",81,0,0,21.7,1
"2025-12-18 23:12:00",82,0,0,21.7,1
"2025-12-18 23:18:00",83,0,0,21.7,1
"2025-12-18 23:24:00",84,0,0,21.7,1
"2025-12-18 23:30:00",85,0,0,21.7,1
"2025-12-18 23:36:00",86,0,0,21.7,1
"2025-12-18 23:42:00",87,0,0,21.7,1
"2025-12-18 23:48:00",88,0,0,21.7,1
"2025-12-18 23:54:00",89,0,0,21.7,1
"2025-12-19 00:00:00",90,0,0,21.7,1
"2025-12-19 00:06:00",91,0,0,21.7,1
"2025-12-19 00:12:00",92,0,0,21.7,1
"2025-12-19 00:18:00",93,0,0,21.7,1
"2025-12-19 00:24:00",94,0,0,21.7,1
"2025-12-19 00:30:00",95,0,0,21.7,1
"2025-12-19 00:36:00",96,0,0,21.7,1
"2025-12-19 00:42:00",97,0,0,21.7,1
"2025-12-19 00:48:00",98,0,0,21.7,1
"2025-12-19 00:54:00",99,0,0,21.7,1
"2025-12-19 01:00:00",100,0,0,21.7,1
"2025-12-19 01:06:00",101,0,0,21.7,1
"2025-12-19 01:12:00",102,0,0,21.7,1
"2025-12-19 01:18:00",103,0,0,21.7,1
"2025-12-19 01:24:00",104,0,0,21.7,1
"2025-12-19 01:30:00",105,0,0,21.7,1
"2025-12-19 01:36:00",106,0,0,21.7,1
"2025-12-19 01:42:00",107,0,0,21.7,1
"2025-12-19 01:48:00",108,0,0,21.7,1
"2025-12-19 01:54:00",109,0,0,21.7,1
"2025-12-19 02:00:00",110,0,0,21.7,1
"2025-12-19 02:06:00",111,0,0,21.7,1
"2025-12-19 02:12:00",112,0,0,21.7,1
"2025-12-19 02:18:00",113,0,0,21.7,1
"2025-12-19 02:24:00",114,0,0,21.8,1
"2025-12-19 02:30:00",115,0,0,21.8,1
"2025-12-19 02:36:00",116,0,0,21.8,1
"2025-12-19 02:42:00",117,0,0,21.8,1
"2025-12-19 02:48:00",118,0,0,21.7,1
"2025-12-19 02:54:00",119,0,0,21.7,1
"2025-12-19 03:00:00",120,0,0,21.7,1
"2025-12-19 03:06:00",121,0,0,21.7,1
"2025-12-19 03:12:00",122,0,0,21.7,1
"2025-12-19 03:18:00",123,0,0,21.7,1
"2025-12-19 03:24:00",124,0,0,21.8,1
"2025-12-19 03:30:00",125,0,0,21.8,1
"2025-12-19 03:36:00",126,0,0,21.8,1
"2025-12-19 03:42:00",127,0,0,21.8,1
"2025-12-19 03:48:00",128,0,0,21.8,1
"2025-12-19 03:54:00",129,0,0,21.8,1
"2025-12-19 04:00:00",130,0,0,21.8,1
"2025-12-19 04:06:00",131,0,0,21.8,1
"2025-12-19 04:12:00",132,0,0,21.8,1
"2025-12-19 04:18:00",133,0,0,21.8,1
"2025-12-19 04:24:00",134,0,0,21.8,1
"2025-12-19 04:30:00",135,0,0,21.8,1
"2025-12-19 04:36:00",136,0,0,21.8,1
"2025-12-19 04:42:00",137,0,0,21.8,1
"2025-12-19 04:48:00",138,0,0,21.8,1
"2025-12-19 04:54:00",139,0,0,21.8,1
"2025-12-19 05:00:00",140,0,0,21.8,1
"2025-12-19 05:06:00",141,0,0,21.8,1
"2025-12-19 05:12:00",142,0,0,21.8,1
"2025-12-19 05:18:00",143,0,0,21.8,1
"2025-12-19 05:24:00",144,0,0,21.9,1
"2025-12-19 05:30:00",145,0,0,21.9,1
"2025-12-19 05:36:00",146,0,0,21.9,1
"2025-12-19 05:42:00",147,0,0,21.9,1
"2025-12-19 05:48:00",148,0,0,21.9,1
"2025-12-19 05:54:00",149,0,0,21.9,1
"2025-12-19 06:00:00",150,0,0,21.9,1
"2025-12-19 06:06:00",151,0,0,21.9,1
"2025-12-19 06:12:00",152,0,0,21.9,1
"2025-12-19 06:18:00",153,0,0,21.9,1
"2025-12-19 06:24:00",154,0,0,21.9,1
"2025-12-19 06:30:00",155,0,0,21.9,1
"2025-12-19 06:36:00",156,0,0,21.9,1
"2025-12-19 06:42:00",157,0,0,21.9,1
"2025-12-19 06:48:00",158,0,0,21.9,1
"2025-12-19 06:54:00",159,0,0,21.9,1
"2025-12-19 07:00:00",160,0,0,21.9,1
"2025-12-19 07:06:00",161,0,0,21.9,1
"2025-12-19 07:12:00",162,0,0,21.9,1
"2025-12-19 07:18:00",163,0,0,21.9,1
"2025-12-19 07:24:00",164,0,0,21.9,1
"2025-12-19 07:30:00",165,0,0,21.9,1
"2025-12-19 07:36:00",166,0,0,22,1
"2025-12-19 07:42:00",167,0,0,22,1
"2025-12-19 07:48:00",168,0,0,22,1
"2025-12-19 07:54:00",169,0,0,22,1
"2025-12-19 08:00:00",170,0,0,22,1
"2025-12-19 08:06:00",171,0,0,22,1
"2025-12-19 08:12:00",172,0,0,22,1
"2025-12-19 08:18:00",173,0,0,22,1
"2025-12-19 08:24:00",174,0,0,22,1
"2025-12-19 08:30:00",175,0,0,22,1
"2025-12-19 08:36:00",176,0,0,22,1
"2025-12-19 08:42:00",177,0,0,22,1
"2025-12-19 08:48:00",178,0,0,22,1
"2025-12-19 08:54:00",179,0,0,22,1
"2025-12-19 09:00:00",180,0,0,22,1
"2025-12-19 09:06:00",181,0,0.01,22,1
"2025-12-19 09:12:00",182,0,0.01,22.1,1
"2025-12-19 09:18:00",183,0,0.01,22.1,1
"2025-12-19 09:24:00",184,0,0.01,22.1,1
"2025-12-19 09:30:00",185,0,0,22.1,1
"2025-12-19 09:36:00",186,0,0,22.1,1
"2025-12-19 09:42:00",187,0,0,22.1,1
"2025-12-19 09:48:00",188,0,0,22.1,1
"2025-12-19 09:54:00",189,0,0,22.1,1
"2025-12-19 10:00:00",190,0,0.01,22.1,1
"2025-12-19 10:06:00",191,0,0.01,22.1,1
"2025-12-19 10:12:00",192,0,0.01,22.2,1
"2025-12-19 10:18:00",193,0,0.01,22.2,1
"2025-12-19 10:24:00",194,0,0,22.2,1
"2025-12-19 10:30:00",195,0,0,22.2,1
"2025-12-19 10:36:00",196,0,0,22.2,1
"2025-12-19 10:42:00",197,0,0,22.2,1
"2025-12-19 10:48:00",198,0,0,22.1,1
"2025-12-19 10:54:00",199,0,0,22,1
"2025-12-19 11:00:00",200,0,0,21.9,1
"2025-12-19 11:06:00",201,0,0,21.7,1
"2025-12-19 11:12:00",202,0,0,21.6,1
"2025-12-19 11:18:00",203,0,0,21.4,1
"2025-12-19 11:24:00",204,0,0,21.2,1
"2025-12-19 11:30:00",205,0,0,21.1,1
"2025-12-19 11:36:00",206,0,0,20.9,1
"2025-12-19 11:42:00",207,0,0,20.8,1
"2025-12-19 11:48:00",208,0.003,0.25,20.8,1
"2025-12-19 11:54:00",209,1.747,171.36,20.9,0
"2025-12-19 12:00:00",210,1.155,113.31,21,0
"2025-12-19 12:12:00",211,0,0,0,0
"2025-12-19 12:18:00",212,1.864,182.81,21.4,0
"2025-12-19 12:24:00",213,1.878,184.13,21.4,0
"2025-12-19 12:30:00",214,1.889,185.29,21.4,0
"2025-12-19 12:36:00",215,1.906,186.88,21.4,0
"2025-12-19 12:42:00",216,1.91,187.34,21.3,0
"2025-12-19 12:48:00",217,1.909,187.21,21.2,0
"2025-12-19 12:54:00",218,1.91,187.3,20.9,0
"2025-12-19 13:00:00",219,1.907,187,20.7,0
"2025-12-19 13:06:00",220,1.904,186.77,20.5,0
"2025-12-19 13:12:00",221,1.928,189.08,20.2,0
"2025-12-19 13:18:00",222,1.938,190.03,20,0
"2025-12-19 13:24:00",223,1.942,190.46,19.9,0
"2025-12-19 13:30:00",224,1.943,190.59,19.7,0
"2025-12-19 13:36:00",225,1.948,191.06,19.6,0
"2025-12-19 13:42:00",226,1.96,192.26,19.5,0
"2025-12-19 13:48:00",227,1.968,192.98,19.5,0
"2025-12-19 13:54:00",228,1.968,193.01,19.4,0
"2025-12-19 14:00:00",229,1.97,193.23,19.3,0
"2025-12-19 14:06:00",230,1.977,193.89,19.3,0
"2025-12-19 14:12:00",231,1.976,193.8,19.2,0
"2025-12-19 14:18:00",232,1.967,192.95,19.1,0
"2025-12-19 14:24:00",233,1.963,192.49,19.1,0
"2025-12-19 14:30:00",234,1.962,192.42,19,0
"2025-12-19 14:36:00",235,1.965,192.74,19,0
"2025-12-19 14:42:00",236,1.979,194.12,19,0
"2025-12-19 14:48:00",237,1.991,195.21,18.9,0
"2025-12-19 14:54:00",238,2.009,197.02,19,0
"2025-12-19 15:00:00",239,2.016,197.73,19,0
"2025-12-19 15:06:00",240,2.027,198.8,19.1,0
"2025-12-19 15:12:00",241,2.04,200.02,19.2,0
"2025-12-19 15:18:00",242,2.044,200.41,19.3,0
"2025-12-19 15:24:00",243,2.042,200.22,19.4,0
"2025-12-19 15:30:00",244,2.051,201.1,19.5,0
"2025-12-19 15:36:00",245,2.05,201.01,19.5,0
"2025-12-19 15:42:00",246,2.035,199.58,19.6,0
"2025-12-19 15:48:00",247,2.027,198.74,19.7,0
"2025-12-19 15:54:00",248,2.01,197.12,19.7,0
"2025-12-19 16:00:00",249,2.007,196.82,19.8,0
"2025-12-19 16:06:00",250,1.993,195.49,19.8,0
"2025-12-19 16:12:00",251,1.985,194.7,19.8,0
"2025-12-19 16:18:00",252,1.968,192.99,19.9,0
"2025-12-19 16:24:00",253,1.964,192.59,19.9,0
"2025-12-19 16:30:00",254,1.967,192.94,20,0
"2025-12-19 16:36:00",255,1.973,193.5,20,0
"2025-12-19 16:42:00",256,1.976,193.81,20,0
"2025-12-19 16:48:00",257,1.975,193.7,20,0
"2025-12-19 16:54:00",258,1.972,193.35,20.1,0
"2025-12-19 17:00:00",259,1.969,193.09,20.1,0
"2025-12-19 17:06:00",260,1.967,192.89,20.1,0
"2025-12-19 17:12:00",261,1.959,192.14,20.1,0
"2025-12-19 17:18:00",262,1.948,191.05,20.1,0
"2025-12-19 17:24:00",263,1.937,189.98,20.1,0
"2025-12-19 17:30:00",264,1.918,188.13,20.1,0
"2025-12-19 17:36:00",265,1.894,185.73,20.1,0
"2025-12-19 17:42:00",266,1.88,184.34,20.1,0
"2025-12-19 17:48:00",267,1.868,183.24,20.1,0
"2025-12-19 17:54:00",268,1.863,182.71,20.1,0
"2025-12-19 18:00:00",269,1.863,182.74,20.1,0
"2025-12-19 18:06:00",270,1.868,183.21,20.1,0
"2025-12-19 18:12:00",271,1.871,183.48,20.1,0
"2025-12-19 18:18:00",272,1.87,183.41,20.1,0
"2025-12-19 18:24:00",273,1.872,183.58,20.1,0
"2025-12-19 18:30:00",274,1.871,183.52,20.1,0
"2025-12-19 18:36:00",275,1.868,183.21,20.1,0
"2025-12-19 18:42:00",276,1.865,182.94,20.1,0
"2025-12-19 18:48:00",277,1.862,182.6,20.1,0
"2025-12-19 18:54:00",278,1.861,182.5,20.1,0
"2025-12-19 19:00:00",279,1.849,181.33,20.1,0
"2025-12-19 19:06:00",280,1.833,179.75,20.1,0
"2025-12-19 19:12:00",281,1.817,178.16,20,0
"2025-12-19 19:18:00",282,1.788,175.38,20,0
"2025-12-19 19:24:00",283,1.763,172.87,20,0
"2025-12-19 19:30:00",284,1.747,171.34,20,0
"2025-12-19 19:36:00",285,1.725,169.2,20,0
"2025-12-19 19:42:00",286,1.705,167.16,20,0
"2025-12-19 19:48:00",287,1.695,166.2,20,0
"2025-12-19 19:54:00",288,1.687,165.42,20,0
"2025-12-19 20:00:00",289,1.682,164.91,20,0
"2025-12-19 20:06:00",290,1.678,164.59,20,0
"2025-12-19 20:12:00",291,1.67,163.77,20,0
"2025-12-19 20:18:00",292,1.665,163.26,20,0
"2025-12-19 20:24:00",293,1.665,163.26,19.9,0
"2025-12-19 20:30:00",294,1.665,163.26,19.9,0
"2025-12-19 20:36:00",295,1.662,163.02,19.9,0
"2025-12-19 20:42:00",296,1.659,162.7,19.9,0
"2025-12-19 20:48:00",297,1.647,161.48,19.9,0
"2025-12-19 20:54:00",298,1.633,160.17,19.9,0
"2025-12-19 21:00:00",299,1.621,159.01,19.8,0
"2025-12-19 21:06:00",300,1.608,157.68,19.8,0
"2025-12-19 21:12:00",301,1.593,156.18,19.8,0
"2025-12-19 21:18:00",302,1.588,155.76,19.8,0
"2025-12-19 21:24:00",303,1.585,155.42,19.8,0
"2025-12-19 21:30:00",304,1.58,154.97,19.7,0
"2025-12-19 21:36:00",305,1.578,154.78,19.7,0
"2025-12-19 21:42:00",306,1.576,154.51,19.7,0
"2025-12-19 21:48:00",307,1.576,154.53,19.7,0
"2025-12-19 21:54:00",308,1.582,155.12,19.7,0
"2025-12-19 22:00:00",309,1.585,155.43,19.7,0
"2025-12-19 22:06:00",310,1.585,155.45,19.7,0
"2025-12-19 22:12:00",311,1.587,155.59,19.7,0
"2025-12-19 22:18:00",312,1.586,155.57,19.7,0
"2025-12-19 22:24:00",313,1.58,154.98,19.7,0
"2025-12-19 22:30:00",314,1.573,154.26,19.6,0
"2025-12-19 22:36:00",315,1.565,153.43,19.6,0
"2025-12-19 22:42:00",316,1.554,152.4,19.6,0
"2025-12-19 22:48:00",317,1.543,151.31,19.6,0
"2025-12-19 22:54:00",318,1.537,150.71,19.5,0
"2025-12-19 23:00:00",319,1.533,150.32,19.5,0
"2025-12-19 23:06:00",320,1.528,149.87,19.5,0
"2025-12-19 23:12:00",321,1.524,149.46,19.5,0
"2025-12-19 23:18:00",322,1.521,149.21,19.5,0
"2025-12-19 23:24:00",323,1.52,149.1,19.4,0
"2025-12-19 23:30:00",324,1.517,148.79,19.4,0
"2025-12-19 23:36:00",325,1.511,148.22,19.4,0
"2025-12-19 23:42:00",326,1.505,147.62,19.4,0
"2025-12-19 23:48:00",327,1.5,147.09,19.3,0
"2025-12-19 23:54:00",328,1.493,146.39,19.3,0
"2025-12-20 00:00:00",329,1.477,144.81,19.3,0
"2025-12-20 00:06:00",330,1.467,143.82,19.3,0
"2025-12-20 00:12:00",331,1.449,142.09,19.3,0
"2025-12-20 00:18:00",332,1.442,141.38,19.2,0
"2025-12-20 00:24:00",333,1.438,141.05,19.2,0
"2025-12-20 00:30:00",334,1.443,141.53,19.2,0
"2025-12-20 00:36:00",335,1.452,142.4,19.2,0
"2025-12-20 00:42:00",336,1.458,142.98,19.2,0
"2025-12-20 00:48:00",337,1.463,143.46,19.1,0
"2025-12-20 00:54:00",338,1.478,144.92,19.1,0
"2025-12-20 01:00:00",339,1.488,145.89,19.1,0
"2025-12-20 01:06:00",340,1.492,146.28,19.2,0
"2025-12-20 01:12:00",341,1.489,146.04,19.2,0
"2025-12-20 01:18:00",342,1.485,145.6,19.2,0
"2025-12-20 01:24:00",343,1.485,145.63,19.2,0
"2025-12-20 01:30:00",344,1.486,145.69,19.3,0
"2025-12-20 01:36:00",345,1.471,144.22,19.3,0
"2025-12-20 01:42:00",346,1.45,142.24,19.3,0
"2025-12-20 01:48:00",347,1.433,140.52,19.4,0
"2025-12-20 01:54:00",348,1.426,139.81,19.4,0
"2025-12-20 02:00:00",349,1.425,139.74,19.4,0
"2025-12-20 02:06:00",350,1.424,139.68,19.4,0
"2025-12-20 02:12:00",351,1.422,139.49,19.4,0
"2025-12-20 02:18:00",352,1.424,139.69,19.4,0
"2025-12-20 02:24:00",353,1.44,141.23,19.4,0
"2025-12-20 02:30:00",354,1.452,142.37,19.4,0
"2025-12-20 02:36:00",355,1.462,143.42,19.4,0
"2025-12-20 02:42:00",356,1.473,144.43,19.4,0
"2025-12-20 02:48:00",357,1.481,145.28,19.4,0
"2025-12-20 02:54:00",358,1.487,145.84,19.5,0
"2025-12-20 03:00:00",359,1.488,145.93,19.4,0
"2025-12-20 03:06:00",360,1.483,145.4,19.5,0
"2025-12-20 03:12:00",361,1.466,143.75,19.5,0
"2025-12-20 03:18:00",362,1.449,142.1,19.5,0
"2025-12-20 03:24:00",363,1.439,141.11,19.5,0
"2025-12-20 03:30:00",364,1.431,140.37,19.5,0
"2025-12-20 03:36:00",365,1.423,139.54,19.5,0
"2025-12-20 03:42:00",366,1.413,138.55,19.5,0
"2025-12-20 03:48:00",367,1.403,137.61,19.5,0
"2025-12-20 03:54:00",368,1.396,136.88,19.5,0
"2025-12-20 04:00:00",369,1.39,136.34,19.5,0
"2025-12-20 04:06:00",370,1.387,136.07,19.5,0
"2025-12-20 04:12:00",371,1.389,136.26,19.5,0
"2025-12-20 04:18:00",372,1.379,135.24,19.5,0
"2025-12-20 04:24:00",373,1.393,136.64,19.5,0
"2025-12-20 04:30:00",374,1.392,136.55,19.4,0
"2025-12-20 04:36:00",375,1.392,136.47,19.4,0
"2025-12-20 04:42:00",376,1.391,136.46,19.4,0
"2025-12-20 04:48:00",377,1.389,136.23,19.4,0
"2025-12-20 04:54:00",378,1.38,135.37,19.3,0
"2025-12-20 05:00:00",379,1.364,133.77,19.3,0
"2025-12-20 05:06:00",380,1.355,132.87,19.3,0
"2025-12-20 05:12:00",381,1.353,132.72,19.3,0
"2025-12-20 05:18:00",382,1.347,132.07,19.3,0
"2025-12-20 05:24:00",383,1.321,129.52,19.2,0
"2025-12-20 05:30:00",384,1.319,129.37,19.2,0
"2025-12-20 05:36:00",385,1.326,130.02,19.2,0
"2025-12-20 05:42:00",386,1.331,130.54,19.2,0
"2025-12-20 05:48:00",387,1.317,129.14,19.1,0
"2025-12-20 05:54:00",388,1.316,129.02,19.1,0
"2025-12-20 06:00:00",389,1.316,129.02,19.1,0
"2025-12-20 06:06:00",390,1.319,129.37,19.1,0
"2025-12-20 06:12:00",391,1.312,128.64,19.1,0
"2025-12-20 06:18:00",392,1.302,127.71,19.2,0
"2025-12-20 06:24:00",393,1.285,125.99,19.2,0
"2025-12-20 06:30:00",394,1.271,124.69,19.2,0
"2025-12-20 06:36:00",395,1.266,124.16,19.2,0
"2025-12-20 06:42:00",396,1.261,123.62,19.2,0
"2025-12-20 06:48:00",397,1.26,123.56,19.2,0
"2025-12-20 06:54:00",398,1.255,123.05,19.2,0
"2025-12-20 07:00:00",399,1.257,123.27,19.3,0
"2025-12-20 07:06:00",400,1.259,123.49,19.3,0
"2025-12-20 07:12:00",401,1.253,122.9,19.3,0
"2025-12-20 07:18:00",402,1.25,122.62,19.3,0
"2025-12-20 07:24:00",403,1.245,122.11,19.3,0
"2025-12-20 07:30:00",404,1.243,121.93,19.3,0
"2025-12-20 07:36:00",405,1.243,121.89,19.3,0
"2025-12-20 07:42:00",406,1.241,121.67,19.3,0
"2025-12-20 07:48:00",407,1.236,121.2,19.3,0
"2025-12-20 07:54:00",408,1.231,120.7,19.3,0
"2025-12-20 08:00:00",409,1.217,119.35,19.4,0
"2025-12-20 08:06:00",410,1.208,118.49,19.4,0
"2025-12-20 08:12:00",411,1.2,117.65,19.4,0
"2025-12-20 08:18:00",412,1.184,116.08,19.4,0
"2025-12-20 08:24:00",413,1.176,115.3,19.4,0
"2025-12-20 08:30:00",414,1.173,115.03,19.5,0
"2025-12-20 08:36:00",415,1.173,115.06,19.5,0
"2025-12-20 08:42:00",416,1.175,115.22,19.5,0
"2025-12-20 08:48:00",417,1.172,114.91,19.5,0
"2025-12-20 08:54:00",418,1.17,114.74,19.5,0
"2025-12-20 09:00:00",419,1.172,114.91,19.5,0
"2025-12-20 09:06:00",420,1.173,115.04,19.6,0
"2025-12-20 09:12:00",421,1.171,114.8,19.6,0
"2025-12-20 09:18:00",422,1.166,114.31,19.6,0
"2025-12-20 09:24:00",423,1.158,113.54,19.5,0
"2025-12-20 09:30:00",424,1.15,112.76,19.5,0
"2025-12-20 09:36:00",425,1.146,112.39,19.6,0
"2025-12-20 09:42:00",426,1.141,111.85,19.6,0
"2025-12-20 09:48:00",427,1.139,111.69,19.6,0
"2025-12-20 09:54:00",428,1.139,111.74,19.6,0
"2025-12-20 10:00:00",429,1.136,111.43,19.6,0
"2025-12-20 10:06:00",430,1.138,111.64,19.6,0
"2025-12-20 10:12:00",431,1.145,112.25,19.6,0
"2025-12-20 10:18:00",432,1.146,112.38,19.6,0
"2025-12-20 10:24:00",433,1.15,112.76,19.7,0
"2025-12-20 10:30:00",434,1.166,114.35,19.7,0
"2025-12-20 10:36:00",435,1.165,114.24,19.7,0
"2025-12-20 10:42:00",436,1.163,114.05,19.7,0
"2025-12-20 10:48:00",437,1.165,114.25,19.7,0
"2025-12-20 10:54:00",438,1.166,114.35,19.7,0
"2025-12-20 11:00:00",439,1.174,115.1,19.8,0
"2025-12-20 11:06:00",440,1.178,115.51,19.8,0
"2025-12-20 11:12:00",441,1.174,115.11,19.8,0
"2025-12-20 11:18:00",442,1.184,116.08,19.8,0
"2025-12-20 11:24:00",443,1.189,116.56,19.8,0
"2025-12-20 11:30:00",444,1.19,116.7,19.9,0
"2025-12-20 11:36:00",445,1.193,116.98,19.9,0
"2025-12-20 11:42:00",446,1.211,118.75,19.9,0
"2025-12-20 11:48:00",447,1.219,119.52,20,0
"2025-12-20 11:54:00",448,1.223,119.98,20,0
"2025-12-20 12:00:00",449,1.245,122.07,20,0
"2025-12-20 12:06:00",450,1.254,122.98,20.1,0
"2025-12-20 12:12:00",451,1.27,124.53,20.1,0
"2025-12-20 12:18:00",452,1.274,124.9,20.1,0
"2025-12-20 12:24:00",453,1.28,125.5,20.2,0
"2025-12-20 12:30:00",454,1.29,126.46,20.2,0
"2025-12-20 12:36:00",455,1.295,127,20.2,0
"2025-12-20 12:42:00",456,1.3,127.49,20.2,0
"2025-12-20 12:48:00",457,1.32,129.49,20.3,0
"2025-12-20 12:54:00",458,1.318,129.26,20.3,0
"2025-12-20 13:00:00",459,1.321,129.59,20.3,0
"2025-12-20 13:06:00",460,1.338,131.18,20.3,0
"2025-12-20 13:12:00",461,1.345,131.89,20.4,0
"2025-12-20 13:18:00",462,1.347,132.13,20.4,0
"2025-12-20 13:24:00",463,1.362,133.54,20.4,0
"2025-12-20 13:30:00",464,1.369,134.27,20.3,0
"2025-12-20 13:36:00",465,1.379,135.27,20.3,0
"2025-12-20 13:42:00",466,1.395,136.77,20.2,0
"2025-12-20 13:48:00",467,1.406,137.84,20.2,0
"2025-12-20 13:54:00",468,1.425,139.75,20.2,0
"2025-12-20 14:00:00",469,1.432,140.45,20.2,0
"2025-12-20 14:06:00",470,1.446,141.78,20.3,0
"2025-12-20 14:12:00",471,1.456,142.81,20.3,0
"2025-12-20 14:18:00",472,1.471,144.23,20.3,0
"2025-12-20 14:24:00",473,1.475,144.61,20.2,0
"2025-12-20 14:30:00",474,1.478,144.96,20.2,0
"2025-12-20 14:36:00",475,1.486,145.77,20.1,0
"2025-12-20 14:42:00",476,1.494,146.56,20.1,0
"2025-12-20 14:48:00",477,1.501,147.2,20.1,0
"2025-12-20 14:54:00",478,1.508,147.92,20.2,0
"2025-12-20 15:00:00",479,1.509,148.03,20.2,0
"2025-12-20 15:06:00",480,1.508,147.88,20.2,0
"2025-12-20 15:12:00",481,1.522,149.3,20.2,0
"2025-12-20 15:18:00",482,1.534,150.47,20.1,0
"2025-12-20 15:24:00",483,1.544,151.41,20.2,0
"2025-12-20 15:30:00",484,1.555,152.54,20.2,0
"2025-12-20 15:36:00",485,1.564,153.42,20.3,0
"2025-12-20 15:42:00",486,1.578,154.71,20.3,0
"2025-12-20 15:48:00",487,1.588,155.72,20.3,0
"2025-12-20 15:54:00",488,1.595,156.45,20.3,0
"2025-12-20 16:00:00",489,1.604,157.26,20.3,0
"2025-12-20 16:06:00",490,1.613,158.15,20.3,0
"2025-12-20 16:12:00",491,1.619,158.79,20.3,0
"2025-12-20 16:18:00",492,1.627,159.52,20.3,0
"2025-12-20 16:24:00",493,1.635,160.31,20.3,0
"2025-12-20 16:30:00",494,1.64,160.79,20.2,0
"2025-12-20 16:36:00",495,1.643,161.15,20.2,0
"2025-12-20 16:42:00",496,1.645,161.29,20.2,0
"2025-12-20 16:48:00",497,1.647,161.5,20.2,0
"2025-12-20 16:54:00",498,1.651,161.92,20.2,0
"2025-12-20 17:00:00",499,1.653,162.14,20.2,0
"2025-12-20 17:06:00",500,1.656,162.44,20.2,0
"2025-12-20 17:12:00",501,1.662,162.99,20.2,0
"2025-12-20 17:18:00",502,1.662,163,20.2,0
"2025-12-20 17:24:00",503,1.667,163.51,20.1,0
"2025-12-20 17:30:00",504,1.677,164.43,20.1,0
"2025-12-20 17:36:00",505,1.679,164.7,20.1,0
"2025-12-20 17:42:00",506,1.684,165.19,20.1,0
"2025-12-20 17:48:00",507,1.691,165.79,20.1,0
"2025-12-20 17:54:00",508,1.694,166.16,20.1,0
"2025-12-20 18:00:00",509,1.694,166.13,20,0
"2025-12-20 18:06:00",510,1.402,137.51,20,0
"2025-12-20 18:12:00",511,1.611,157.94,20,0
"2025-12-20 18:18:00",512,1.61,157.86,20,0
"2025-12-20 18:24:00",513,1.563,153.32,20,0
"2025-12-20 18:30:00",514,1.417,138.96,19.9,0
"2025-12-20 18:36:00",515,1.548,151.78,19.9,0
"2025-12-20 18:42:00",516,1.58,154.95,19.9,0
"2025-12-20 18:48:00",517,1.565,153.44,19.9,0
"2025-12-20 18:54:00",518,1.578,154.75,19.9,0
"2025-12-20 19:00:00",519,1.573,154.22,19.9,0
"2025-12-20 19:06:00",520,1.565,153.45,19.9,0
"2025-12-20 19:12:00",521,1.595,156.45,19.8,0
"2025-12-20 19:18:00",522,1.597,156.58,19.8,0
"2025-12-20 19:24:00",523,1.605,157.44,19.8,0
"2025-12-20 19:30:00",524,1.624,159.26,19.8,0
"2025-12-20 19:36:00",525,1.611,157.97,19.7,0
"2025-12-20 19:42:00",526,1.615,158.37,19.7,0
"2025-12-20 19:48:00",527,1.621,158.94,19.7,0
"2025-12-20 19:54:00",528,1.635,160.37,19.7,0
"2025-12-20 20:00:00",529,1.633,160.19,19.7,0
"2025-12-20 20:06:00",530,1.629,159.74,19.7,0
"2025-12-20 20:12:00",531,1.628,159.62,19.7,0
"2025-12-20 20:18:00",532,1.625,159.37,19.6,0
"2025-12-20 20:24:00",533,1.62,158.88,19.6,0
"2025-12-20 20:30:00",534,1.613,158.15,19.6,0
"2025-12-20 20:36:00",535,1.603,157.19,19.6,0
"2025-12-20 20:42:00",536,1.585,155.46,19.6,0
"2025-12-20 20:48:00",537,1.575,154.43,19.6,0
"2025-12-20 20:54:00",538,1.565,153.43,19.6,0
"2025-12-20 21:00:00",539,1.555,152.48,19.6,0
"2025-12-20 21:06:00",540,1.545,151.52,19.6,0
"2025-12-20 21:12:00",541,1.538,150.84,19.6,0
"2025-12-20 21:18:00",542,1.535,150.53,19.6,0
"2025-12-20 21:24:00",543,1.533,150.38,19.6,0
"2025-12-20 21:30:00",544,1.534,150.44,19.6,0
"2025-12-20 21:36:00",545,1.537,150.74,19.6,0
"2025-12-20 21:42:00",546,1.54,151.04,19.6,0
"2025-12-20 21:48:00",547,1.542,151.21,19.6,0
"2025-12-20 21:54:00",548,1.543,151.29,19.6,0
"2025-12-20 22:00:00",549,1.542,151.27,19.6,0
"2025-12-20 22:06:00",550,1.542,151.21,19.6,0
"2025-12-20 22:12:00",551,1.539,150.9,19.6,0
"2025-12-20 22:18:00",552,1.532,150.24,19.6,0
"2025-12-20 22:24:00",553,1.522,149.27,19.6,0
"2025-12-20 22:30:00",554,1.512,148.28,19.6,0
"2025-12-20 22:36:00",555,1.504,147.45,19.6,0
"2025-12-20 22:42:00",556,1.494,146.51,19.6,0
"2025-12-20 22:48:00",557,1.479,145.02,19.6,0
"2025-12-20 22:54:00",558,1.471,144.3,19.6,0
"2025-12-20 23:00:00",559,1.464,143.6,19.5,0
"2025-12-20 23:06:00",560,1.461,143.32,19.5,0
"2025-12-20 23:12:00",561,1.46,143.16,19.6,0
"2025-12-20 23:18:00",562,1.459,143.1,19.6,0
"2025-12-20 23:24:00",563,1.463,143.46,19.6,0
"2025-12-20 23:30:00",564,1.469,144.05,19.6,0
"2025-12-20 23:36:00",565,1.477,144.82,19.6,0
"2025-12-20 23:42:00",566,1.485,145.59,19.6,0
"2025-12-20 23:48:00",567,1.491,146.22,19.6,0
"2025-12-20 23:54:00",568,1.497,146.81,19.6,0
"2025-12-21 00:00:00",569,1.238,121.41,19.6,0
"2025-12-21 00:06:00",570,1.519,148.94,19.6,0
"2025-12-21 00:12:00",571,1.539,150.97,19.6,0
"2025-12-21 00:18:00",572,1.554,152.44,19.6,0
"2025-12-21 00:24:00",573,1.508,147.91,19.6,0
"2025-12-21 00:30:00",574,1.543,151.32,19.6,0
"2025-12-21 00:36:00",575,1.461,143.26,19.6,0
"2025-12-21 00:42:00",576,1.462,143.33,19.6,0
"2025-12-21 00:48:00",577,1.46,143.22,19.6,0
"2025-12-21 00:54:00",578,1.458,143,19.6,0
"2025-12-21 01:00:00",579,1.453,142.49,19.6,0
"2025-12-21 01:06:00",580,1.496,146.69,19.6,0
"2025-12-21 01:12:00",581,1.53,150.05,19.6,0
"2025-12-21 01:18:00",582,1.527,149.76,19.6,0
"2025-12-21 01:24:00",583,1.51,148.09,19.6,0
"2025-12-21 01:30:00",584,1.348,132.24,19.6,0
"2025-12-21 01:36:00",585,1.155,113.29,19.6,0
"2025-12-21 01:42:00",586,1.512,148.31,19.6,0
"2025-12-21 01:48:00",587,1.508,147.85,19.6,0
"2025-12-21 01:54:00",588,1.504,147.46,19.6,0
"2025-12-21 02:00:00",589,1.531,150.1,19.7,0
"2025-12-21 02:06:00",590,1.589,155.86,19.7,0
"2025-12-21 02:12:00",591,1.569,153.86,19.7,0
"2025-12-21 02:18:00",592,1.593,156.2,19.7,0
"2025-12-21 02:24:00",593,1.598,156.76,19.7,0
"2025-12-21 02:30:00",594,1.596,156.53,19.7,0
"2025-12-21 02:36:00",595,1.589,155.87,19.7,0
"2025-12-21 02:42:00",596,1.529,149.95,19.7,0
"2025-12-21 02:48:00",597,1.579,154.87,19.7,0
"2025-12-21 02:54:00",598,1.583,155.2,19.7,0
"2025-12-21 03:00:00",599,1.579,154.84,19.7,0
"2025-12-21 03:06:00",600,1.582,155.19,19.7,0
"2025-12-21 03:12:00",601,1.588,155.74,19.7,0
"2025-12-21 03:18:00",602,1.577,154.63,19.7,0
"2025-12-21 03:24:00",603,1.521,149.14,19.7,0
"2025-12-21 03:30:00",604,1.294,126.9,19.7,0
"2025-12-21 03:36:00",605,1.299,127.44,19.7,0
"2025-12-21 03:42:00",606,1.488,145.97,19.7,0
"2025-12-21 03:48:00",607,1.816,178.05,19.7,0
"2025-12-21 03:54:00",608,1.608,157.74,19.7,0
"2025-12-21 04:00:00",609,1.632,160.04,19.7,0
"2025-12-21 04:06:00",610,1.589,155.87,19.7,0
"2025-12-21 04:12:00",611,1.582,155.12,19.7,0
"2025-12-21 04:18:00",612,1.603,157.21,19.8,0
"2025-12-21 04:24:00",613,1.69,165.75,19.8,0
"2025-12-21 04:30:00",614,1.594,156.3,19.8,0
"2025-12-21 04:36:00",615,1.592,156.14,19.8,0
"2025-12-21 04:42:00",616,1.568,153.79,19.8,0
"2025-12-21 04:48:00",617,1.58,154.9,19.8,0
"2025-12-21 04:54:00",618,1.607,157.58,19.8,0
"2025-12-21 05:00:00",619,1.59,155.97,19.8,0
"2025-12-21 05:06:00",620,1.631,159.99,19.8,0
"2025-12-21 05:12:00",621,1.629,159.72,19.8,0
"2025-12-21 05:18:00",622,1.579,154.85,19.8,0
"2025-12-21 05:24:00",623,1.606,157.49,19.8,0
"2025-12-21 05:30:00",624,1.494,146.5,19.8,0
"2025-12-21 05:36:00",625,1.32,129.48,19.8,0
"2025-12-21 05:42:00",626,1.293,126.77,19.8,0
"2025-12-21 05:48:00",627,1.263,123.84,19.8,0
"2025-12-21 05:54:00",628,1.524,149.45,19.8,0
"2025-12-21 06:00:00",629,1.522,149.27,19.8,0
"2025-12-21 06:06:00",630,1.743,170.91,19.8,0
"2025-12-21 06:12:00",631,1.52,149.07,19.8,0
"2025-12-21 06:18:00",632,1.535,150.51,19.8,0
"2025-12-21 06:24:00",633,1.529,149.98,19.8,0
"2025-12-21 06:30:00",634,1.536,150.6,19.8,0
"2025-12-21 06:36:00",635,1.544,151.39,19.8,0
"2025-12-21 06:42:00",636,1.531,150.17,19.8,0
"2025-12-21 06:48:00",637,1.55,152,19.8,0
"2025-12-21 06:54:00",638,1.554,152.39,19.8,0
"2025-12-21 07:00:00",639,1.478,144.94,19.8,0
"2025-12-21 07:06:00",640,1.534,150.46,19.8,0
"2025-12-21 07:12:00",641,1.509,147.94,19.8,0
"2025-12-21 07:18:00",642,1.521,149.13,19.8,0
"2025-12-21 07:24:00",643,1.497,146.79,19.8,0
"2025-12-21 07:30:00",644,1.496,146.74,19.8,0
"2025-12-21 07:36:00",645,1.489,146,19.8,0
"2025-12-21 07:42:00",646,1.462,143.34,19.8,0
"2025-12-21 07:48:00",647,1.472,144.31,19.8,0
"2025-12-21 07:54:00",648,1.476,144.77,19.8,0
"2025-12-21 08:00:00",649,1.475,144.68,19.8,0
"2025-12-21 08:06:00",650,1.471,144.28,19.8,0
"2025-12-21 08:12:00",651,1.455,142.66,19.8,0
"2025-12-21 08:18:00",652,1.451,142.27,19.8,0
"2025-12-21 08:24:00",653,1.45,142.16,19.8,0
"2025-12-21 08:30:00",654,1.421,139.38,19.8,0
"2025-12-21 08:36:00",655,1.422,139.43,19.8,0
"2025-12-21 08:42:00",656,1.418,139.02,19.8,0
"2025-12-21 08:48:00",657,1.392,136.5,19.9,0
"2025-12-21 08:54:00",658,1.384,135.71,19.9,0
"2025-12-21 09:00:00",659,1.371,134.45,19.9,0
"2025-12-21 09:06:00",660,1.363,133.65,19.9,0
"2025-12-21 09:12:00",661,1.356,133.02,19.9,0
"2025-12-21 09:18:00",662,1.252,122.8,19.9,0
"2025-12-21 09:24:00",663,1.158,113.57,19.9,0
"2025-12-21 09:30:00",664,1.168,114.5,19.9,0
"2025-12-21 09:36:00",665,1.097,107.63,20,0
"2025-12-21 09:42:00",666,1.032,101.19,20,0
"2025-12-21 09:48:00",667,0.898,88.11,20,0
"2025-12-21 09:54:00",668,1.244,121.96,20,0
"2025-12-21 10:00:00",669,1.243,121.9,20,0
"2025-12-21 10:06:00",670,1.251,122.68,20,0
"2025-12-21 10:12:00",671,1.206,118.27,20.1,0
"2025-12-21 10:18:00",672,1.104,108.25,20.1,0
"2025-12-21 10:24:00",673,0.989,96.95,20.1,0
"2025-12-21 10:30:00",674,1.16,113.78,20.1,0
"2025-12-21 10:36:00",675,1.221,119.72,20.1,0
"2025-12-21 10:42:00",676,1.194,117.13,20.2,0
"2025-12-21 10:48:00",677,1.201,117.8,20.2,0
"2025-12-21 10:54:00",678,1.211,118.74,20.2,0
"2025-12-21 11:00:00",679,1.208,118.46,20.2,0
"2025-12-21 11:06:00",680,1.225,120.18,20.2,0
"2025-12-21 11:12:00",681,1.248,122.42,20.2,0
"2025-12-21 11:18:00",682,1.29,126.55,20.2,0
"2025-12-21 11:24:00",683,1.246,122.15,20.2,0
"2025-12-21 11:30:00",684,1.258,123.4,20.2,0
"2025-12-21 11:36:00",685,1.26,123.58,20.3,0
"2025-12-21 11:42:00",686,1.207,118.34,20.3,0
"2025-12-21 11:48:00",687,1.146,112.4,20.3,0
"2025-12-21 11:54:00",688,1.052,103.19,20.3,0
"2025-12-21 12:00:00",689,0.96,94.15,20.3,0
"2025-12-21 12:06:00",690,0.865,84.79,20.3,0
"2025-12-21 12:12:00",691,0.891,87.38,20.3,0
"2025-12-21 12:18:00",692,1.142,111.97,20.4,0
"2025-12-21 12:24:00",693,1.197,117.34,20.4,0
"2025-12-21 12:30:00",694,1.171,114.85,20.4,0
"2025-12-21 12:36:00",695,1.195,117.15,20.4,0
"2025-12-21 12:42:00",696,1.211,118.74,20.4,0
"2025-12-21 12:48:00",697,1.246,122.17,20.4,0
"2025-12-21 12:54:00",698,1.258,123.37,20.4,0
"2025-12-21 13:00:00",699,1.288,126.33,20.4,0
"2025-12-21 13:06:00",700,1.304,127.87,20.4,0
"2025-12-21 13:12:00",701,1.31,128.44,20.4,0
"2025-12-21 13:18:00",702,1.308,128.23,20.4,0
"2025-12-21 13:24:00",703,1.315,128.96,20.4,0
"2025-12-21 13:30:00",704,1.302,127.71,20.4,0
"2025-12-21 13:36:00",705,1.303,127.8,20.4,0
"2025-12-21 13:42:00",706,1.295,126.98,20.4,0
"2025-12-21 13:48:00",707,1.294,126.89,20.4,0
"2025-12-21 13:54:00",708,1.306,128.1,20.4,0
"2025-12-21 14:00:00",709,1.297,127.21,20.4,0
"2025-12-21 14:06:00",710,1.304,127.93,20.4,0
"2025-12-21 14:12:00",711,1.31,128.51,20.4,0
"2025-12-21 14:18:00",712,1.299,127.35,20.4,0
"2025-12-21 14:24:00",713,1.282,125.75,20.4,0
"2025-12-21 14:30:00",714,1.199,117.58,20.4,0
"2025-12-21 14:36:00",715,1.099,107.73,20.5,0
"2025-12-21 14:42:00",716,1.419,139.13,20.5,0
"2025-12-21 14:48:00",717,1.324,129.83,20.5,0
"2025-12-21 14:54:00",718,1.337,131.15,20.5,0
"2025-12-21 15:00:00",719,1.382,135.51,20.5,0
"2025-12-21 15:06:00",720,1.381,135.45,20.5,0
"2025-12-21 15:12:00",721,1.45,142.16,20.5,0
"2025-12-21 15:18:00",722,1.43,140.22,20.5,0
"2025-12-21 15:24:00",723,1.425,139.77,20.5,0
"2025-12-21 15:30:00",724,1.454,142.57,20.5,0
"2025-12-21 15:36:00",725,1.42,139.28,20.5,0
"2025-12-21 15:42:00",726,1.418,139.05,20.5,0
"2025-12-21 15:48:00",727,1.417,138.95,20.5,0
"2025-12-21 15:54:00",728,1.416,138.91,20.5,0
"2025-12-21 16:00:00",729,1.418,139.07,20.5,0
"2025-12-21 16:06:00",730,1.344,131.77,20.5,0
"2025-12-21 16:12:00",731,1.347,132.14,20.5,0
"2025-12-21 16:18:00",732,1.347,132.05,20.5,0
"2025-12-21 16:24:00",733,1.451,142.25,20.5,0
"2025-12-21 16:30:00",734,1.416,138.88,20.5,0
"2025-12-21 16:36:00",735,1.479,145.02,20.5,0
"2025-12-21 16:42:00",736,1.474,144.53,20.5,0
"2025-12-21 16:48:00",737,1.489,146.07,20.5,0
"2025-12-21 16:54:00",738,1.501,147.19,20.4,0
"2025-12-21 17:00:00",739,1.507,147.76,20.4,0
"2025-12-21 17:06:00",740,1.513,148.42,20.4,0
"2025-12-21 17:12:00",741,1.518,148.88,20.4,0
"2025-12-21 17:18:00",742,1.518,148.9,20.4,0
"2025-12-21 17:24:00",743,1.514,148.44,20.4,0
"2025-12-21 17:30:00",744,1.508,147.88,20.4,0
"2025-12-21 17:36:00",745,1.501,147.18,20.4,0
"2025-12-21 17:42:00",746,1.491,146.23,20.3,0
"2025-12-21 17:48:00",747,1.481,145.27,20.3,0
"2025-12-21 17:54:00",748,1.465,143.67,20.3,0
"2025-12-21 18:00:00",749,1.457,142.91,20.3,0
"2025-12-21 18:06:00",750,1.282,125.77,20.3,0
"2025-12-21 18:12:00",751,1.437,140.93,20.3,0
"2025-12-21 18:18:00",752,1.419,139.2,20.3,0
"2025-12-21 18:24:00",753,1.42,139.23,20.3,0
"2025-12-21 18:30:00",754,1.447,141.87,20.3,0
"2025-12-21 18:36:00",755,1.451,142.31,20.2,0
"2025-12-21 18:42:00",756,1.459,143.06,20.2,0
"2025-12-21 18:48:00",757,1.466,143.72,20.2,0
"2025-12-21 18:54:00",758,1.466,143.78,20.2,0
"2025-12-21 19:00:00",759,1.464,143.56,20.2,0
"2025-12-21 19:06:00",760,1.463,143.47,20.2,0
"2025-12-21 19:12:00",761,1.463,143.46,20.2,0
"2025-12-21 19:18:00",762,1.458,143.03,20.2,0
"2025-12-21 19:24:00",763,1.448,142.01,20.2,0
"2025-12-21 19:30:00",764,1.436,140.79,20.1,0
"2025-12-21 19:36:00",765,1.424,139.65,20.1,0
"2025-12-21 19:42:00",766,1.412,138.46,20.1,0
"2025-12-21 19:48:00",767,1.4,137.29,20.1,0
"2025-12-21 19:54:00",768,1.388,136.14,20.1,0
"2025-12-21 20:00:00",769,1.378,135.18,20.1,0
"2025-12-21 20:06:00",770,1.37,134.37,20.1,0
"2025-12-21 20:12:00",771,1.364,133.74,20.1,0
"2025-12-21 20:18:00",772,1.361,133.45,20.1,0
"2025-12-21 20:24:00",773,1.358,133.2,20.1,0
"2025-12-21 20:30:00",774,1.356,133.01,20.1,0
"2025-12-21 20:36:00",775,1.356,132.94,20.1,0
"2025-12-21 20:42:00",776,1.355,132.9,20.1,0
"2025-12-21 20:48:00",777,1.354,132.77,20.1,0
"2025-12-21 20:54:00",778,1.349,132.33,20,0
"2025-12-21 21:00:00",779,1.344,131.78,20,0
"2025-12-21 21:06:00",780,1.336,131.05,20,0
"2025-12-21 21:12:00",781,1.326,130.06,20,0
"2025-12-21 21:18:00",782,1.317,129.14,20,0
"2025-12-21 21:24:00",783,1.308,128.31,20,0
"2025-12-21 21:30:00",784,1.3,127.46,20,0
"2025-12-21 21:36:00",785,1.292,126.71,20,0
"2025-12-21 21:42:00",786,1.286,126.12,20,0
"2025-12-21 21:48:00",787,1.281,125.61,20,0
"2025-12-21 21:54:00",788,1.275,125.04,19.9,0
"2025-12-21 22:00:00",789,1.27,124.53,19.9,0
"2025-12-21 22:06:00",790,1.255,123.1,19.9,0
"2025-12-21 22:12:00",791,0.86,84.35,19.9,0
"2025-12-21 22:18:00",792,1.028,100.85,19.9,0
"2025-12-21 22:24:00",793,0.925,90.73,19.9,0
"2025-12-21 22:30:00",794,0.783,76.79,19.9,0
"2025-12-21 22:36:00",795,1.353,132.71,19.9,0
"2025-12-21 22:42:00",796,1.349,132.28,19.9,0
"2025-12-21 22:48:00",797,1.181,115.78,19.9,0
"2025-12-21 22:54:00",798,1.264,123.93,19.9,0
"2025-12-21 23:00:00",799,1.193,116.95,19.9,0
"2025-12-21 23:06:00",800,1.143,112.06,19.9,0
"2025-12-21 23:12:00",801,1.054,103.4,19.9,0
"2025-12-21 23:18:00",802,0.855,83.87,19.9,0
"2025-12-21 23:24:00",803,1.044,102.38,19.9,0
"2025-12-21 23:30:00",804,1.113,109.12,19.9,0
"2025-12-21 23:36:00",805,1.119,109.74,19.9,0
"2025-12-21 23:42:00",806,1.101,107.96,19.9,0
"2025-12-21 23:48:00",807,1.115,109.37,19.8,0
"2025-12-21 23:54:00",808,1.158,113.6,19.8,0
"2025-12-22 00:00:00",809,1.208,118.44,19.8,0
"2025-12-22 00:06:00",810,1.194,117.07,19.8,0
"2025-12-22 00:12:00",811,1.189,116.59,19.8,0
"2025-12-22 00:18:00",812,1.2,117.72,19.7,0
"2025-12-22 00:24:00",813,1.2,117.7,19.7,0
"2025-12-22 00:30:00",814,1.195,117.19,19.7,0
"2025-12-22 00:36:00",815,1.201,117.76,19.7,0
"2025-12-22 00:42:00",816,1.167,114.42,19.6,0
"2025-12-22 00:48:00",817,1.004,98.5,19.6,0
"2025-12-22 00:54:00",818,0.89,87.24,19.6,0
"2025-12-22 01:00:00",819,0.86,84.36,19.6,0
"2025-12-22 01:06:00",820,0.763,74.78,19.5,0
"2025-12-22 01:12:00",821,1.051,103.04,19.5,0
"2025-12-22 01:18:00",822,1.137,111.47,19.5,0
"2025-12-22 01:24:00",823,1.123,110.18,19.5,0
"2025-12-22 01:30:00",824,1.106,108.51,19.5,0
"2025-12-22 01:36:00",825,1.176,115.29,19.4,0
"2025-12-22 01:42:00",826,1.172,114.91,19.4,0
"2025-12-22 01:48:00",827,0.947,92.89,19.4,0
"2025-12-22 01:54:00",828,0.922,90.4,19.4,0
"2025-12-22 02:00:00",829,1.068,104.72,19.5,0
"2025-12-22 02:06:00",830,1.099,107.74,19.5,0
"2025-12-22 02:12:00",831,1.276,125.15,19.5,0
"2025-12-22 02:18:00",832,1.145,112.25,19.4,0
"2025-12-22 02:24:00",833,1.236,121.2,19.4,0
"2025-12-22 02:30:00",834,1.221,119.77,19.4,0
"2025-12-22 02:36:00",835,1.218,119.45,19.4,0
"2025-12-22 02:42:00",836,1.206,118.23,19.4,0
"2025-12-22 02:48:00",837,1.224,120.03,19.4,0
"2025-12-22 02:54:00",838,1.25,122.63,19.3,0
"2025-12-22 03:00:00",839,1.261,123.67,19.3,0
"2025-12-22 03:06:00",840,1.235,121.11,19.3,0
"2025-12-22 03:12:00",841,1.242,121.83,19.3,0
"2025-12-22 03:18:00",842,1.258,123.33,19.4,0
"2025-12-22 03:24:00",843,1.26,123.54,19.4,0
"2025-12-22 03:30:00",844,1.264,123.91,19.4,0
"2025-12-22 03:36:00",845,1.266,124.2,19.4,0
"2025-12-22 03:42:00",846,1.274,124.94,19.3,0
"2025-12-22 03:48:00",847,1.276,125.17,19.3,0
"2025-12-22 03:54:00",848,1.276,125.16,19.3,0
"2025-12-22 04:00:00",849,1.267,124.24,19.3,0
"2025-12-22 04:06:00",850,1.081,106.03,19.3,0
"2025-12-22 04:12:00",851,1.02,100.04,19.3,0
"2025-12-22 04:18:00",852,1.384,135.74,19.3,0
"2025-12-22 04:24:00",853,1.229,120.54,19.3,0
"2025-12-22 04:30:00",854,1.236,121.21,19.3,0
"2025-12-22 04:36:00",855,1.234,120.97,19.2,0
"2025-12-22 04:42:00",856,1.227,120.31,19.2,0
"2025-12-22 04:48:00",857,1.271,124.63,19.3,0
"2025-12-22 04:54:00",858,1.29,126.54,19.3,0
"2025-12-22 05:00:00",859,1.125,110.34,19.3,0
"2025-12-22 05:06:00",860,1.192,116.89,19.3,0
"2025-12-22 05:12:00",861,1.225,120.16,19.3,0
"2025-12-22 05:18:00",862,1.268,124.32,19.3,0
"2025-12-22 05:24:00",863,1.299,127.42,19.2,0
"2025-12-22 05:30:00",864,1.304,127.87,19.2,0
"2025-12-22 05:36:00",865,1.303,127.83,19.2,0
"2025-12-22 05:42:00",866,1.304,127.87,19.2,0
"2025-12-22 05:48:00",867,1.308,128.24,19.1,0
"2025-12-22 05:54:00",868,1.304,127.9,19.1,0
"2025-12-22 06:00:00",869,1.304,127.84,19.1,0
"2025-12-22 06:06:00",870,1.299,127.37,19.1,0
"2025-12-22 06:12:00",871,1.295,127.04,19,0
"2025-12-22 06:18:00",872,1.296,127.1,19,0
"2025-12-22 06:24:00",873,1.294,126.86,19,0
"2025-12-22 06:30:00",874,1.291,126.58,19,0
"2025-12-22 06:36:00",875,1.289,126.37,19,0
"2025-12-22 06:42:00",876,1.286,126.14,19,0
"2025-12-22 06:48:00",877,1.282,125.74,18.9,0
"2025-12-22 06:54:00",878,1.278,125.35,18.9,0
"2025-12-22 07:00:00",879,1.275,125.01,18.9,0
"2025-12-22 07:06:00",880,1.271,124.68,18.9,0
"2025-12-22 07:12:00",881,1.268,124.39,18.9,0
"2025-12-22 07:18:00",882,1.266,124.19,18.9,0
"2025-12-22 07:24:00",883,1.263,123.87,18.8,0
"2025-12-22 07:30:00",884,1.257,123.23,18.8,0
"2025-12-22 07:36:00",885,1.25,122.56,18.8,0
"2025-12-22 07:42:00",886,1.243,121.92,18.8,0
"2025-12-22 07:48:00",887,1.236,121.24,18.8,0
"2025-12-22 07:54:00",888,1.23,120.65,18.8,0
"2025-12-22 08:00:00",889,1.224,120.06,18.8,0
"2025-12-22 08:06:00",890,1.218,119.4,18.8,0
"2025-12-22 08:12:00",891,1.211,118.73,18.9,0
"2025-12-22 08:18:00",892,1.18,115.69,18.9,0
"2025-12-22 08:24:00",893,0.677,66.41,18.9,0
"2025-12-22 08:30:00",894,1.125,110.34,19,0
"2025-12-22 08:36:00",895,1.136,111.39,19.1,0
"2025-12-22 08:42:00",896,1.103,108.19,19.1,0
"2025-12-22 08:48:00",897,1.213,118.94,19.2,0
"2025-12-22 08:54:00",898,1.12,109.83,19.3,0
"2025-12-22 09:00:00",899,1.139,111.69,19.4,0
"2025-12-22 09:06:00",900,1.136,111.36,19.4,0
"2025-12-22 09:12:00",901,1.11,108.85,19.5,0
"2025-12-22 09:18:00",902,1.106,108.43,19.5,0
"2025-12-22 09:24:00",903,1.207,118.33,19.5,0
"2025-12-22 09:30:00",904,1.115,109.38,19.5,0
"2025-12-22 09:36:00",905,1.141,111.93,19.5,0
"2025-12-22 09:42:00",906,1.136,111.4,19.6,0
"2025-12-22 09:48:00",907,1.129,110.69,19.6,0
"2025-12-22 09:54:00",908,1.123,110.11,19.6,0
"2025-12-22 10:00:00",909,1.126,110.46,19.6,0
"2025-12-22 10:06:00",910,1.083,106.16,19.6,0
"2025-12-22 10:12:00",911,1.138,111.64,19.6,0
"2025-12-22 10:18:00",912,1.055,103.48,19.7,0
"2025-12-22 10:24:00",913,1.092,107.11,19.7,0
"2025-12-22 10:30:00",914,1.102,108.06,19.7,0
"2025-12-22 10:36:00",915,1.124,110.26,19.7,0
"2025-12-22 10:42:00",916,1.069,104.88,19.7,0
"2025-12-22 10:48:00",917,1.148,112.54,19.7,0
"2025-12-22 10:54:00",918,1.102,108.09,19.8,0
"2025-12-22 11:00:00",919,1.083,106.19,19.8,0
"2025-12-22 11:06:00",920,1.09,106.86,19.8,0
"2025-12-22 11:12:00",921,1.107,108.61,19.8,0
"2025-12-22 11:18:00",922,1.109,108.8,19.7,0
"2025-12-22 11:24:00",923,1.086,106.48,19.6,0
"2025-12-22 11:30:00",924,1.118,109.65,19.4,0
"2025-12-22 11:36:00",925,1.102,108.07,19.3,0
"2025-12-22 11:42:00",926,1.102,108.03,19.1,0
"2025-12-22 11:48:00",927,1.105,108.35,18.9,0
"2025-12-22 11:54:00",928,1.12,109.83,18.8,0
"2025-12-22 12:00:00",929,1.118,109.65,18.7,0
"2025-12-22 12:06:00",930,1.108,108.64,18.5,0
"2025-12-22 12:12:00",931,1.085,106.44,18.5,0
"2025-12-22 12:18:00",932,1.1,107.85,18.4,0
"2025-12-22 12:24:00",933,1.106,108.46,18.3,0
"2025-12-22 12:30:00",934,1.14,111.81,18.3,0
"2025-12-22 12:36:00",935,1.141,111.91,18.3,0
"2025-12-22 12:42:00",936,1.142,112.04,18.2,0
"2025-12-22 12:48:00",937,1.142,112.01,18.2,0
"2025-12-22 12:54:00",938,1.163,114.06,18.1,0
"2025-12-22 13:00:00",939,1.182,115.94,18.1,0
"2025-12-22 13:06:00",940,1.19,116.72,18.2,0
"2025-12-22 13:12:00",941,1.169,114.64,18.3,0
"2025-12-22 13:18:00",942,1.12,109.84,18.5,0
"2025-12-22 13:24:00",943,1.028,100.84,18.7,0
"2025-12-22 13:30:00",944,1.12,109.81,18.8,0
"2025-12-22 13:36:00",945,1.169,114.67,19,0
"2025-12-22 13:42:00",946,1.224,120.08,19.1,0
"2025-12-22 13:48:00",947,1.242,121.79,19.2,0
"2025-12-22 13:54:00",948,1.252,122.74,19.3,0
"2025-12-22 14:00:00",949,1.259,123.42,19.4,0
"2025-12-22 14:06:00",950,1.265,124.03,19.5,0
"2025-12-22 14:12:00",951,1.293,126.84,19.5,0
"2025-12-22 14:18:00",952,1.295,126.99,19.6,0
"2025-12-22 14:24:00",953,1.297,127.2,19.6,0
"2025-12-22 14:30:00",954,1.149,112.68,19.7,0
"2025-12-22 14:36:00",955,1.147,112.53,19.7,0
"2025-12-22 14:42:00",956,1.034,101.38,19.8,0
"2025-12-22 14:48:00",957,1.166,114.35,19.8,0
"2025-12-22 14:54:00",958,1.242,121.77,19.9,0
"2025-12-22 15:00:00",959,1.461,143.3,19.9,0
"2025-12-22 15:06:00",960,1.349,132.31,19.9,0
"2025-12-22 15:12:00",961,1.353,132.69,20,0
"2025-12-22 15:18:00",962,1.378,135.12,20,0
"2025-12-22 15:24:00",963,1.384,135.71,20,0
"2025-12-22 15:30:00",964,1.393,136.64,20,0
"2025-12-22 15:36:00",965,1.401,137.43,20,0
"2025-12-22 15:42:00",966,1.411,138.42,20,0
"2025-12-22 15:48:00",967,1.421,139.39,20,0
"2025-12-22 15:54:00",968,1.428,140.04,20,0
"2025-12-22 16:00:00",969,1.432,140.41,20,0
"2025-12-22 16:06:00",970,1.442,141.37,20,0
"2025-12-22 16:12:00",971,1.449,142.14,20,0
"2025-12-22 16:18:00",972,1.461,143.23,20.1,0
"2025-12-22 16:24:00",973,1.463,143.45,20.1,0
"2025-12-22 16:30:00",974,1.393,136.58,20.1,0
"2025-12-22 16:36:00",975,1.372,134.59,20.1,0
"2025-12-22 16:42:00",976,1.197,117.37,20.1,0
"2025-12-22 16:48:00",977,1.361,133.52,20.1,0
"2025-12-22 16:54:00",978,1.619,158.8,20.1,0
"2025-12-22 17:00:00",979,1.448,141.96,20.1,0
"2025-12-22 17:06:00",980,1.55,152,20.1,0
"2025-12-22 17:12:00",981,1.522,149.25,20.1,0
"2025-12-22 17:18:00",982,1.291,126.58,20.1,0
"2025-12-22 17:24:00",983,1.426,139.84,20.1,0
"2025-12-22 17:30:00",984,1.51,148.11,20.1,0
"2025-12-22 17:36:00",985,1.539,150.97,20.1,0
"2025-12-22 17:42:00",986,1.543,151.35,20.1,0
"2025-12-22 17:48:00",987,1.552,152.24,20.1,0
"2025-12-22 17:54:00",988,1.559,152.93,20.1,0
"2025-12-22 18:00:00",989,1.561,153.05,20.1,0
"2025-12-22 18:06:00",990,1.566,153.56,20,0
"2025-12-22 18:12:00",991,1.566,153.6,20,0
"2025-12-22 18:18:00",992,1.566,153.61,20,0
"2025-12-22 18:24:00",993,1.554,152.37,20,0
"2025-12-22 18:30:00",994,1.538,150.83,20,0
"2025-12-22 18:36:00",995,1.509,148.01,20,0
"2025-12-22 18:42:00",996,1.431,140.31,19.9,0
"2025-12-22 18:48:00",997,1.487,145.82,19.9,0
"2025-12-22 18:54:00",998,1.53,150.06,19.9,0
"2025-12-22 19:00:00",999,1.544,151.39,19.9,0
"2025-12-22 19:06:00",1000,1.572,154.12,19.8,0
"2025-12-22 19:12:00",1001,1.584,155.32,19.8,0
"2025-12-22 19:18:00",1002,1.586,155.52,19.8,0
"2025-12-22 19:24:00",1003,1.575,154.44,19.8,0
"2025-12-22 19:30:00",1004,1.571,154.07,19.8,0
"2025-12-22 19:36:00",1005,1.571,154.05,19.8,0
"2025-12-22 19:42:00",1006,1.569,153.9,19.8,0
"2025-12-22 19:48:00",1007,1.565,153.52,19.8,0
"2025-12-22 19:54:00",1008,1.562,153.17,19.8,0
"2025-12-22 20:00:00",1009,1.557,152.74,19.8,0
"2025-12-22 20:06:00",1010,1.553,152.28,19.9,0
"2025-12-22 20:12:00",1011,1.549,151.95,19.9,0
"2025-12-22 20:18:00",1012,1.547,151.68,19.9,0
"2025-12-22 20:24:00",1013,1.542,151.19,19.9,0
"2025-12-22 20:30:00",1014,1.538,150.82,19.9,0
"2025-12-22 20:36:00",1015,1.534,150.46,19.9,0
"2025-12-22 20:42:00",1016,1.529,149.95,19.9,0
"2025-12-22 20:48:00",1017,1.523,149.4,20,0
"2025-12-22 20:54:00",1018,1.516,148.63,20,0
"2025-12-22 21:00:00",1019,1.508,147.84,20,0
"2025-12-22 21:06:00",1020,1.501,147.23,20,0
"2025-12-22 21:12:00",1021,1.494,146.55,20,0
"2025-12-22 21:18:00",1022,1.487,145.85,20,0
"2025-12-22 21:24:00",1023,1.481,145.27,20,0
"2025-12-22 21:30:00",1024,1.475,144.62,20,0
"2025-12-22 21:36:00",1025,1.47,144.12,20.1,0
"2025-12-22 21:42:00",1026,1.465,143.71,20,0
"2025-12-22 21:48:00",1027,1.46,143.14,20,0
"2025-12-22 21:54:00",1028,1.455,142.72,20,0
"2025-12-22 22:00:00",1029,1.455,142.65,20,0
"2025-12-22 22:06:00",1030,1.454,142.57,19.9,0
"2025-12-22 22:12:00",1031,1.453,142.48,19.9,0
"2025-12-22 22:18:00",1032,1.453,142.46,19.9,0
"2025-12-22 22:24:00",1033,1.451,142.28,19.9,0
"2025-12-22 22:30:00",1034,1.45,142.17,19.9,0
"2025-12-22 22:36:00",1035,1.448,142.03,19.9,0
"2025-12-22 22:42:00",1036,1.444,141.58,19.9,0
"2025-12-22 22:48:00",1037,1.438,141.02,19.9,0
"2025-12-22 22:54:00",1038,1.432,140.46,19.9,0
"2025-12-22 23:00:00",1039,1.426,139.88,19.9,0
"2025-12-22 23:06:00",1040,1.422,139.41,19.9,0
"2025-12-22 23:12:00",1041,1.416,138.86,19.9,0
"2025-12-22 23:18:00",1042,1.408,138.05,19.9,0
"2025-12-22 23:24:00",1043,1.4,137.25,19.9,0
"2025-12-22 23:30:00",1044,1.394,136.73,19.9,0
"2025-12-22 23:36:00",1045,1.39,136.28,19.9,0
"2025-12-22 23:42:00",1046,1.385,135.83,19.9,0
"2025-12-22 23:48:00",1047,1.381,135.46,19.9,0
"2025-12-22 23:54:00",1048,1.379,135.19,19.9,0
"2025-12-23 00:00:00",1049,1.379,135.19,19.9,0
"2025-12-23 00:06:00",1050,1.38,135.34,19.9,0
"2025-12-23 00:12:00",1051,1.38,135.35,19.9,0
"2025-12-23 00:18:00",1052,1.38,135.37,19.9,0
"2025-12-23 00:24:00",1053,1.381,135.47,19.9,0
"2025-12-23 00:30:00",1054,1.382,135.5,19.9,0
"2025-12-23 00:36:00",1055,1.381,135.42,19.9,0
"2025-12-23 00:42:00",1056,1.301,127.56,19.9,0
"2025-12-23 00:48:00",1057,0.923,90.5,19.9,0
"2025-12-23 00:54:00",1058,1.245,122.14,19.9,0
"2025-12-23 01:00:00",1059,1.281,125.63,19.9,0
"2025-12-23 01:06:00",1060,1.286,126.14,19.9,0
"2025-12-23 01:12:00",1061,1.323,129.74,19.9,0
"2025-12-23 01:18:00",1062,1.33,130.42,19.9,0
"2025-12-23 01:24:00",1063,1.356,132.99,19.9,0
"2025-12-23 01:30:00",1064,1.355,132.9,19.9,0
"2025-12-23 01:36:00",1065,1.367,134.03,19.9,0
"2025-12-23 01:42:00",1066,1.401,137.4,19.9,0
"2025-12-23 01:48:00",1067,1.38,135.37,19.9,0
"2025-12-23 01:54:00",1068,1.368,134.15,19.9,0
"2025-12-23 02:00:00",1069,1.364,133.79,19.9,0
"2025-12-23 02:06:00",1070,1.411,138.37,20,0
"2025-12-23 02:12:00",1071,1.414,138.68,19.9,0
"2025-12-23 02:18:00",1072,1.421,139.39,19.9,0
"2025-12-23 02:24:00",1073,1.456,142.8,19.9,0
"2025-12-23 02:30:00",1074,1.429,140.16,19.9,0
"2025-12-23 02:36:00",1075,1.352,132.63,20,0
"2025-12-23 02:42:00",1076,1.256,123.13,19.9,0
"2025-12-23 02:48:00",1077,1.195,117.15,19.9,0
"2025-12-23 02:54:00",1078,1.101,107.98,19.9,0
"2025-12-23 03:00:00",1079,1.378,135.16,19.9,0
"2025-12-23 03:06:00",1080,1.4,137.33,19.9,0
"2025-12-23 03:12:00",1081,1.427,139.95,19.9,0
"2025-12-23 03:18:00",1082,1.455,142.68,19.9,0
"2025-12-23 03:24:00",1083,1.494,146.5,19.9,0
"2025-12-23 03:30:00",1084,1.506,147.7,19.9,0
"2025-12-23 03:36:00",1085,1.522,149.24,19.9,0
"2025-12-23 03:42:00",1086,1.526,149.64,19.9,0
"2025-12-23 03:48:00",1087,1.527,149.8,19.9,0
"2025-12-23 03:54:00",1088,1.497,146.84,19.9,0
"2025-12-23 04:00:00",1089,1.524,149.43,19.9,0
"2025-12-23 04:06:00",1090,1.531,150.12,19.9,0
"2025-12-23 04:12:00",1091,1.535,150.53,19.9,0
"2025-12-23 04:18:00",1092,1.556,152.55,19.9,0
"2025-12-23 04:24:00",1093,1.521,149.17,19.9,0
"2025-12-23 04:30:00",1094,1.543,151.35,19.9,0
"2025-12-23 04:36:00",1095,1.542,151.24,19.9,0
"2025-12-23 04:42:00",1096,1.554,152.38,19.9,0
"2025-12-23 04:48:00",1097,1.562,153.19,19.9,0
"2025-12-23 04:54:00",1098,1.564,153.41,19.9,0
"2025-12-23 05:00:00",1099,1.573,154.27,20,0
"2025-12-23 05:06:00",1100,1.586,155.51,20,0
"2025-12-23 05:12:00",1101,1.593,156.18,19.9,0
"2025-12-23 05:18:00",1102,1.598,156.67,19.9,0
"2025-12-23 05:24:00",1103,1.602,157.11,20,0
"2025-12-23 05:30:00",1104,1.606,157.53,20,0
"2025-12-23 05:36:00",1105,1.613,158.16,20,0
"2025-12-23 05:42:00",1106,1.62,158.83,20,0
"2025-12-23 05:48:00",1107,1.618,158.72,20,0
"2025-12-23 05:54:00",1108,1.563,153.28,20,0
"2025-12-23 06:00:00",1109,1.527,149.71,20,0
"2025-12-23 06:06:00",1110,1.543,151.35,20,0
"2025-12-23 06:12:00",1111,1.438,141.04,20,0
"2025-12-23 06:18:00",1112,1.359,133.28,20,0
"2025-12-23 06:24:00",1113,1.345,131.92,20,0
"2025-12-23 06:30:00",1114,1.255,123.03,20,0
"2025-12-23 06:36:00",1115,1.467,143.88,20,0
"2025-12-23 06:42:00",1116,1.483,145.4,20,0
"2025-12-23 06:48:00",1117,1.52,149.06,20,0
"2025-12-23 06:54:00",1118,1.525,149.51,20,0
"2025-12-23 07:00:00",1119,1.593,156.18,20,0
"2025-12-23 07:06:00",1120,1.616,158.44,20,0
"2025-12-23 07:12:00",1121,1.564,153.41,20,0
"2025-12-23 07:18:00",1122,1.597,156.61,20,0
"2025-12-23 07:24:00",1123,1.637,160.5,20,0
"2025-12-23 07:30:00",1124,1.593,156.22,20,0
"2025-12-23 07:36:00",1125,1.589,155.83,20,0
"2025-12-23 07:42:00",1126,1.564,153.41,20,0
"2025-12-23 07:48:00",1127,1.562,153.16,20,0
"2025-12-23 07:54:00",1128,1.56,153.02,20,0
"2025-12-23 08:00:00",1129,1.534,150.42,20,0
"2025-12-23 08:06:00",1130,1.502,147.28,20,0
"2025-12-23 08:12:00",1131,1.499,147.03,20,0
"2025-12-23 08:18:00",1132,1.46,143.18,20,0
"2025-12-23 08:24:00",1133,1.376,134.96,20,0
"2025-12-23 08:30:00",1134,1.364,133.72,20,0
"2025-12-23 08:36:00",1135,1.35,132.37,20,0
"2025-12-23 08:42:00",1136,1.449,142.1,19.9,0
"2025-12-23 08:48:00",1137,1.47,144.2,19.9,0
"2025-12-23 08:54:00",1138,1.478,144.94,19.9,0
"2025-12-23 09:00:00",1139,1.483,145.43,19.9,0
"2025-12-23 09:06:00",1140,1.493,146.44,19.8,0
"2025-12-23 09:12:00",1141,1.46,143.17,19.8,0
"2025-12-23 09:18:00",1142,1.476,144.71,19.8,0
"2025-12-23 09:24:00",1143,1.479,145,19.8,0
"2025-12-23 09:30:00",1144,1.464,143.54,19.8,0
"2025-12-23 09:36:00",1145,1.457,142.87,19.8,0
"2025-12-23 09:42:00",1146,1.439,141.13,19.8,0
"2025-12-23 09:48:00",1147,1.428,140.03,19.8,0
"2025-12-23 09:54:00",1148,1.413,138.62,19.8,0
"2025-12-23 10:00:00",1149,1.387,136,19.8,0
"2025-12-23 10:06:00",1150,1.289,126.39,19.8,0
"2025-12-23 10:12:00",1151,1.262,123.8,19.8,0
"2025-12-23 10:18:00",1152,1.387,136.01,19.8,0
"2025-12-23 10:24:00",1153,1.414,138.64,19.8,0
"2025-12-23 10:30:00",1154,1.406,137.9,19.8,0
"2025-12-23 10:36:00",1155,1.467,143.83,19.9,0
"2025-12-23 10:42:00",1156,1.433,140.51,19.9,0
"2025-12-23 10:48:00",1157,1.432,140.47,19.9,0
"2025-12-23 10:54:00",1158,1.43,140.21,19.9,0
"2025-12-23 11:00:00",1159,1.428,140.06,19.9,0
"2025-12-23 11:06:00",1160,1.428,140.07,19.9,0
"2025-12-23 11:12:00",1161,1.425,139.72,19.9,0
"2025-12-23 11:18:00",1162,1.419,139.2,19.9,0
"2025-12-23 11:24:00",1163,1.415,138.75,19.9,0
"2025-12-23 11:30:00",1164,1.41,138.27,19.9,0
"2025-12-23 11:36:00",1165,1.397,137.05,19.9,0
"2025-12-23 11:42:00",1166,1.392,136.49,20,0
"2025-12-23 11:48:00",1167,1.393,136.61,20,0
"2025-12-23 11:54:00",1168,1.391,136.38,20,0
"2025-12-23 12:00:00",1169,1.386,135.97,20,0
"2025-12-23 12:06:00",1170,1.385,135.8,20,0
"2025-12-23 12:12:00",1171,1.388,136.14,20,0
"2025-12-23 12:18:00",1172,1.391,136.4,20,0
"2025-12-23 12:24:00",1173,1.393,136.57,20,0
"2025-12-23 12:30:00",1174,1.401,137.35,20,0
"2025-12-23 12:36:00",1175,1.404,137.66,20,0
"2025-12-23 12:42:00",1176,1.406,137.9,20,0
"2025-12-23 12:48:00",1177,1.409,138.15,20.1,0
"2025-12-23 12:54:00",1178,1.413,138.54,20.1,0
"2025-12-23 13:00:00",1179,1.417,138.97,20.1,0
"2025-12-23 13:06:00",1180,1.421,139.39,20.1,0
"2025-12-23 13:12:00",1181,1.425,139.77,20.1,0
"2025-12-23 13:18:00",1182,1.428,140.03,20.1,0
"2025-12-23 13:24:00",1183,1.43,140.24,20.1,0
"2025-12-23 13:30:00",1184,1.434,140.64,20.1,0
"2025-12-23 13:36:00",1185,1.44,141.25,20.2,0
"2025-12-23 13:42:00",1186,1.447,141.92,20.2,0
"2025-12-23 13:48:00",1187,1.453,142.54,20.2,0
"2025-12-23 13:54:00",1188,1.459,143.04,20.2,0
"2025-12-23 14:00:00",1189,1.464,143.54,20.2,0
"2025-12-23 14:06:00",1190,1.47,144.21,20.2,0
"2025-12-23 14:12:00",1191,1.476,144.76,20.2,0
"2025-12-23 14:18:00",1192,1.48,145.12,20.2,0
"2025-12-23 14:24:00",1193,1.485,145.61,20.2,0
"2025-12-23 14:30:00",1194,1.309,128.35,20.2,0
"2025-12-23 14:36:00",1195,1.356,132.97,20.3,0
"2025-12-23 14:42:00",1196,1.374,134.79,20.3,0
"2025-12-23 14:48:00",1197,1.42,139.3,20.3,0
"2025-12-23 14:54:00",1198,1.44,141.26,20.3,0
"2025-12-23 15:00:00",1199,1.542,151.27,20.3,0
"2025-12-23 15:06:00",1200,1.586,155.53,20.3,0
"2025-12-23 15:12:00",1201,1.611,157.96,20.3,0
"2025-12-23 15:18:00",1202,1.556,152.58,20.3,0
"2025-12-23 15:24:00",1203,1.584,155.33,20.3,0
"2025-12-23 15:30:00",1204,1.589,155.84,20.3,0
"2025-12-23 15:36:00",1205,1.58,154.97,20.3,0
"2025-12-23 15:42:00",1206,1.596,156.48,20.3,0
"2025-12-23 15:48:00",1207,1.615,158.42,20.4,0
"2025-12-23 15:54:00",1208,1.633,160.12,20.4,0
"2025-12-23 16:00:00",1209,1.629,159.78,20.4,0
"2025-12-23 16:06:00",1210,1.637,160.5,20.4,0
"2025-12-23 16:12:00",1211,1.638,160.6,20.4,0
"2025-12-23 16:18:00",1212,1.641,160.93,20.4,0
"2025-12-23 16:24:00",1213,1.648,161.59,20.4,0
"2025-12-23 16:30:00",1214,1.64,160.87,20.4,0
"2025-12-23 16:36:00",1215,1.655,162.28,20.4,0
"2025-12-23 16:42:00",1216,1.651,161.89,20.4,0
"2025-12-23 16:48:00",1217,1.661,162.88,20.4,0
"2025-12-23 16:54:00",1218,1.616,158.45,20.4,0
"2025-12-23 17:00:00",1219,1.678,164.57,20.4,0
"2025-12-23 17:06:00",1220,1.679,164.64,20.4,0
"2025-12-23 17:12:00",1221,1.705,167.2,20.3,0
"2025-12-23 17:18:00",1222,1.707,167.45,20.3,0
"2025-12-23 17:24:00",1223,1.709,167.61,20.3,0
"2025-12-23 17:30:00",1224,1.718,168.46,20.3,0
"2025-12-23 17:36:00",1225,1.721,168.79,20.3,0
"2025-12-23 17:42:00",1226,1.694,166.1,20.3,0
"2025-12-23 17:48:00",1227,1.685,165.29,20.3,0
"2025-12-23 17:54:00",1228,1.613,158.17,20.3,0
"2025-12-23 18:00:00",1229,1.531,150.11,20.3,0
"2025-12-23 18:06:00",1230,1.5,147.1,20.3,0
"2025-12-23 18:12:00",1231,1.468,144,20.3,0
"2025-12-23 18:18:00",1232,1.657,162.47,20.3,0
"2025-12-23 18:24:00",1233,1.647,161.49,20.3,0
"2025-12-23 18:30:00",1234,1.632,160.01,20.3,0
"2025-12-23 18:36:00",1235,1.669,163.67,20.3,0
"2025-12-23 18:42:00",1236,1.725,169.21,20.3,0
"2025-12-23 18:48:00",1237,1.686,165.31,20.3,0
"2025-12-23 18:54:00",1238,1.708,167.48,20.3,0
"2025-12-23 19:00:00",1239,1.709,167.6,20.3,0
"2025-12-23 19:06:00",1240,1.719,168.57,20.3,0
"2025-12-23 19:12:00",1241,1.674,164.21,20.3,0
"2025-12-23 19:18:00",1242,1.635,160.31,20.3,0
"2025-12-23 19:24:00",1243,1.647,161.51,20.3,0
"2025-12-23 19:30:00",1244,1.538,150.83,20.3,0
"2025-12-23 19:36:00",1245,1.32,129.45,20.3,0
"2025-12-23 19:42:00",1246,1.657,162.47,20.3,0
"2025-12-23 19:48:00",1247,1.752,171.83,20.3,0
"2025-12-23 19:54:00",1248,1.701,166.85,20.3,0
"2025-12-23 20:00:00",1249,1.664,163.2,20.3,0
"2025-12-23 20:06:00",1250,1.701,166.77,20.3,0
"2025-12-23 20:12:00",1251,1.704,167.15,20.3,0
"2025-12-23 20:18:00",1252,1.702,166.93,20.3,0
"2025-12-23 20:24:00",1253,1.649,161.74,20.3,0
"2025-12-23 20:30:00",1254,1.587,155.63,20.3,0
"2025-12-23 20:36:00",1255,1.542,151.27,20.3,0
"2025-12-23 20:42:00",1256,1.354,132.79,20.3,0
"2025-12-23 20:48:00",1257,1.541,151.11,20.3,0
"2025-12-23 20:54:00",1258,1.613,158.2,20.3,0
"2025-12-23 21:00:00",1259,1.621,158.94,20.3,0
"2025-12-23 21:06:00",1260,1.647,161.49,20.3,0
"2025-12-23 21:12:00",1261,1.653,162.06,20.3,0
"2025-12-23 21:18:00",1262,1.645,161.33,20.3,0
"2025-12-23 21:24:00",1263,1.636,160.44,20.3,0
"2025-12-23 21:30:00",1264,1.632,160,20.3,0
"2025-12-23 21:36:00",1265,1.624,159.26,20.3,0
"2025-12-23 21:42:00",1266,1.618,158.65,20.3,0
"2025-12-23 21:48:00",1267,1.616,158.44,20.3,0
"2025-12-23 21:54:00",1268,1.601,157.04,20.3,0
"2025-12-23 22:00:00",1269,1.598,156.71,20.3,0
"2025-12-23 22:06:00",1270,1.593,156.25,20.3,0
"2025-12-23 22:12:00",1271,1.59,155.97,20.3,0
"2025-12-23 22:18:00",1272,1.584,155.37,20.3,0
"2025-12-23 22:24:00",1273,1.576,154.51,20.3,0
"2025-12-23 22:30:00",1274,1.568,153.8,20.3,0
"2025-12-23 22:36:00",1275,1.565,153.44,20.3,0
"2025-12-23 22:42:00",1276,1.559,152.91,20.3,0
"2025-12-23 22:48:00",1277,1.551,152.1,20.3,0
"2025-12-23 22:54:00",1278,1.543,151.32,20.3,0
"2025-12-23 23:00:00",1279,1.536,150.65,20.3,0
"2025-12-23 23:06:00",1280,1.524,149.46,20.3,0
"2025-12-23 23:12:00",1281,1.445,141.75,20.3,0
"2025-12-23 23:18:00",1282,1.443,141.48,20.3,0
"2025-12-23 23:24:00",1283,1.444,141.62,20.3,0
"2025-12-23 23:30:00",1284,1.28,125.54,20.3,0
"2025-12-23 23:36:00",1285,1.33,130.44,20.3,0
"2025-12-23 23:42:00",1286,1.241,121.66,20.3,0
"2025-12-23 23:48:00",1287,1.367,134.09,20.3,0
"2025-12-23 23:54:00",1288,1.347,132.13,20.2,0
"2025-12-24 00:00:00",1289,1.337,131.14,20.2,0
"2025-12-24 00:06:00",1290,1.334,130.81,20.2,0
"2025-12-24 00:12:00",1291,1.354,132.83,20.2,0
"2025-12-24 00:18:00",1292,1.36,133.39,20.2,0
"2025-12-24 00:24:00",1293,1.419,139.17,20.2,0
"2025-12-24 00:30:00",1294,1.451,142.34,20.2,0
"2025-12-24 00:36:00",1295,1.456,142.77,20.2,0
"2025-12-24 00:42:00",1296,1.441,141.36,20.2,0
"2025-12-24 00:48:00",1297,1.44,141.26,20.2,0
"2025-12-24 00:54:00",1298,1.445,141.73,20.2,0
"2025-12-24 01:00:00",1299,1.444,141.58,20.2,0
"2025-12-24 01:06:00",1300,1.426,139.88,20.1,0
"2025-12-24 01:12:00",1301,1.441,141.32,20.1,0
"2025-12-24 01:18:00",1302,1.439,141.14,20.1,0
"2025-12-24 01:24:00",1303,1.434,140.65,20.1,0
"2025-12-24 01:30:00",1304,1.433,140.5,20.1,0
"2025-12-24 01:36:00",1305,1.434,140.63,20.1,0
"2025-12-24 01:42:00",1306,1.434,140.61,20.1,0
"2025-12-24 01:48:00",1307,1.432,140.47,20.1,0
"2025-12-24 01:54:00",1308,1.429,140.11,20.1,0
"2025-12-24 02:00:00",1309,1.434,140.6,20.1,0
"2025-12-24 02:06:00",1310,1.441,141.3,20.1,0
"2025-12-24 02:12:00",1311,1.442,141.42,20.1,0
"2025-12-24 02:18:00",1312,1.446,141.82,20.1,0
"2025-12-24 02:24:00",1313,1.45,142.18,20.1,0
"2025-12-24 02:30:00",1314,1.452,142.44,20.1,0
"2025-12-24 02:36:00",1315,1.456,142.82,20.1,0
"2025-12-24 02:42:00",1316,1.457,142.87,20.1,0
"2025-12-24 02:48:00",1317,1.461,143.31,20.1,0
"2025-12-24 02:54:00",1318,1.469,144.08,20.1,0
"2025-12-24 03:00:00",1319,1.472,144.37,20.1,0
"2025-12-24 03:06:00",1320,1.477,144.84,20.1,0
"2025-12-24 03:12:00",1321,1.484,145.58,20.1,0
"2025-12-24 03:18:00",1322,1.49,146.15,20.1,0
"2025-12-24 03:24:00",1323,1.494,146.51,20.1,0
"2025-12-24 03:30:00",1324,1.498,146.93,20.1,0
"2025-12-24 03:36:00",1325,1.504,147.45,20,0
"2025-12-24 03:42:00",1326,1.51,148.11,20,0
"2025-12-24 03:48:00",1327,1.516,148.7,20.1,0
"2025-12-24 03:54:00",1328,1.519,148.99,20,0
"2025-12-24 04:00:00",1329,1.523,149.35,20,0
"2025-12-24 04:06:00",1330,1.527,149.76,20,0
"2025-12-24 04:12:00",1331,1.533,150.31,20,0
"2025-12-24 04:18:00",1332,1.54,151.01,20,0
"2025-12-24 04:24:00",1333,1.543,151.3,20,0
"2025-12-24 04:30:00",1334,1.546,151.58,20,0
"2025-12-24 04:36:00",1335,1.553,152.32,20,0
"2025-12-24 04:42:00",1336,1.558,152.82,20.1,0
"2025-12-24 04:48:00",1337,1.563,153.27,20.1,0
"2025-12-24 04:54:00",1338,1.568,153.79,20.1,0
"2025-12-24 05:00:00",1339,1.571,154.08,20.1,0
"2025-12-24 05:06:00",1340,1.577,154.67,20,0
"2025-12-24 05:12:00",1341,1.583,155.24,20,0
"2025-12-24 05:18:00",1342,1.585,155.42,20,0
"2025-12-24 05:24:00",1343,1.588,155.69,20,0
"2025-12-24 05:30:00",1344,1.589,155.86,20,0
"2025-12-24 05:36:00",1345,1.592,156.16,20,0
"2025-12-24 05:42:00",1346,1.597,156.61,20,0
"2025-12-24 05:48:00",1347,1.598,156.74,20,0
"2025-12-24 05:54:00",1348,1.601,156.96,20.1,0
"2025-12-24 06:00:00",1349,1.605,157.39,20.1,0
"2025-12-24 06:06:00",1350,1.607,157.62,20.1,0
"2025-12-24 06:12:00",1351,1.611,157.95,20.1,0
"2025-12-24 06:18:00",1352,1.615,158.43,20.1,0
"2025-12-24 06:24:00",1353,1.617,158.62,20,0
"2025-12-24 06:30:00",1354,1.619,158.75,20,0
"2025-12-24 06:36:00",1355,1.278,125.31,20,0
"2025-12-24 06:42:00",1356,1.449,142.13,20,0
"2025-12-24 06:48:00",1357,1.499,147.03,20,0
"2025-12-24 06:54:00",1358,1.72,168.71,20,0
"2025-12-24 07:00:00",1359,1.562,153.15,20,0
"2025-12-24 07:06:00",1360,1.578,154.78,20,0
"2025-12-24 07:12:00",1361,1.559,152.93,20,0
"2025-12-24 07:18:00",1362,1.636,160.43,19.9,0
"2025-12-24 07:24:00",1363,1.605,157.43,19.9,0
"2025-12-24 07:30:00",1364,1.625,159.32,19.9,0
"2025-12-24 07:36:00",1365,1.604,157.35,19.9,0
"2025-12-24 07:42:00",1366,1.6,156.95,20,0
"2025-12-24 07:48:00",1367,1.594,156.36,20,0
"2025-12-24 07:54:00",1368,1.624,159.3,20,0
"2025-12-24 08:00:00",1369,1.618,158.63,20,0
"2025-12-24 08:06:00",1370,1.609,157.8,20,0
"2025-12-24 08:12:00",1371,1.597,156.63,20,0
"2025-12-24 08:18:00",1372,1.593,156.27,20,0
"2025-12-24 08:24:00",1373,1.588,155.75,20.1,0
"2025-12-24 08:30:00",1374,1.563,153.27,20.1,0
"2025-12-24 08:36:00",1375,1.532,150.28,20.1,0
"2025-12-24 08:42:00",1376,1.528,149.81,20.1,0
"2025-12-24 08:48:00",1377,1.515,148.56,20.2,0
"2025-12-24 08:54:00",1378,1.5,147.07,20.2,0
"2025-12-24 09:00:00",1379,1.53,150.08,20.2,0
"2025-12-24 09:06:00",1380,1.475,144.61,20.3,0
"2025-12-24 09:12:00",1381,1.471,144.27,20.3,0
"2025-12-24 09:18:00",1382,1.476,144.75,20.3,0
"2025-12-24 09:24:00",1383,1.452,142.37,20.2,0
"2025-12-24 09:30:00",1384,1.432,140.46,20.1,0
"2025-12-24 09:36:00",1385,1.446,141.83,20,0
"2025-12-24 09:42:00",1386,1.469,144.08,19.9,0
"2025-12-24 09:48:00",1387,1.462,143.37,19.7,0
"2025-12-24 09:54:00",1388,1.443,141.55,19.5,0
"2025-12-24 10:00:00",1389,1.45,142.23,19.4,0
"2025-12-24 10:06:00",1390,1.415,138.73,19.3,0
"2025-12-24 10:12:00",1391,1.46,143.17,19.2,0
"2025-12-24 10:18:00",1392,1.439,141.16,19.1,0
"2025-12-24 10:24:00",1393,1.447,141.87,19.1,0
"2025-12-24 10:30:00",1394,1.412,138.44,19,0
"2025-12-24 10:36:00",1395,1.4,137.31,19,0
"2025-12-24 10:42:00",1396,1.415,138.72,18.9,0
"2025-12-24 10:48:00",1397,1.382,135.56,18.9,0
"2025-12-24 10:54:00",1398,1.384,135.75,18.9,0
"2025-12-24 11:00:00",1399,1.349,132.29,18.9,0
"2025-12-24 11:06:00",1400,1.32,129.46,18.9,0
"2025-12-24 11:12:00",1401,1.328,130.24,18.9,0
"2025-12-24 11:18:00",1402,1.298,127.34,18.9,0
"2025-12-24 11:24:00",1403,1.3,127.46,18.9,0
"2025-12-24 11:30:00",1404,1.27,124.5,18.8,0
"2025-12-24 11:36:00",1405,1.251,122.69,18.8,0
"2025-12-24 11:42:00",1406,1.145,112.24,18.7,0
"2025-12-24 11:48:00",1407,1.017,99.78,18.6,0
"2025-12-24 11:54:00",1408,0.951,93.27,18.5,0
"2025-12-24 12:00:00",1409,1.262,123.73,18.5,0
"2025-12-24 12:06:00",1410,1.345,131.93,18.4,0
"2025-12-24 12:12:00",1411,1.317,129.11,18.3,0
"2025-12-24 12:18:00",1412,1.299,127.37,18.3,0
"2025-12-24 12:24:00",1413,1.299,127.35,18.3,0
"2025-12-24 12:30:00",1414,1.319,129.32,18.3,0
"2025-12-24 12:36:00",1415,1.374,134.78,18.3,0
"2025-12-24 12:42:00",1416,1.333,130.7,18.3,0
"2025-12-24 12:48:00",1417,1.301,127.62,18.3,0
"2025-12-24 12:54:00",1418,1.37,134.39,18.3,0
"2025-12-24 13:00:00",1419,1.373,134.61,18.4,0
"2025-12-24 13:06:00",1420,1.373,134.61,18.4,0
"2025-12-24 13:12:00",1421,1.369,134.25,18.4,0
"2025-12-24 13:18:00",1422,1.373,134.6,18.5,0
"2025-12-24 13:24:00",1423,1.377,135.03,18.5,0
"2025-12-24 13:30:00",1424,1.379,135.26,18.5,0
"2025-12-24 13:36:00",1425,1.382,135.53,18.6,0
"2025-12-24 13:42:00",1426,1.392,136.55,18.6,0
"2025-12-24 13:48:00",1427,1.395,136.83,18.6,0
"2025-12-24 13:54:00",1428,1.398,137.06,18.6,0
"2025-12-24 14:00:00",1429,1.399,137.19,18.5,0
"2025-12-24 14:06:00",1430,1.402,137.48,18.5,0
"2025-12-24 14:12:00",1431,1.406,137.89,18.4,0
"2025-12-24 14:18:00",1432,1.41,138.3,18.3,0
"2025-12-24 14:24:00",1433,1.412,138.51,18.2,0
"2025-12-24 14:30:00",1434,1.413,138.53,18.2,0
"2025-12-24 14:36:00",1435,1.413,138.62,18.1,0
"2025-12-24 14:42:00",1436,1.419,139.15,18.1,0
"2025-12-24 14:48:00",1437,1.428,140.07,18.1,0
"2025-12-24 14:54:00",1438,1.438,141.06,18.1,0
"2025-12-24 15:00:00",1439,1.447,141.87,18.1,0
"2025-12-24 15:06:00",1440,1.456,142.79,18,0
"2025-12-24 15:12:00",1441,1.466,143.74,18,0
"2025-12-24 15:18:00",1442,1.474,144.55,18,0
"2025-12-24 15:24:00",1443,1.481,145.26,18,0
"2025-12-24 15:30:00",1444,1.486,145.75,18,0
"2025-12-24 15:36:00",1445,1.492,146.36,18,0
"2025-12-24 15:42:00",1446,1.503,147.38,18,0
"2025-12-24 15:48:00",1447,1.515,148.55,18,0
"2025-12-24 15:54:00",1448,1.521,149.19,18,0
"2025-12-24 16:00:00",1449,1.533,150.3,18,0
"2025-12-24 16:06:00",1450,1.525,149.53,18,0
"2025-12-24 16:12:00",1451,1.49,146.08,17.9,0
"2025-12-24 16:18:00",1452,1.486,145.7,17.9,0
"2025-12-24 16:24:00",1453,1.445,141.72,17.9,0
"2025-12-24 16:30:00",1454,1.386,135.93,17.8,0
"2025-12-24 16:36:00",1455,1.374,134.74,17.9,0
"2025-12-24 16:42:00",1456,1.436,140.8,18,0
"2025-12-24 16:48:00",1457,1.392,136.47,18.2,0
"2025-12-24 16:54:00",1458,1.318,129.21,18.3,0
"2025-12-24 17:00:00",1459,1.469,144.06,18.5,0
"2025-12-24 17:06:00",1460,1.522,149.28,18.6,0
"2025-12-24 17:12:00",1461,1.519,148.92,18.7,0
"2025-12-24 17:18:00",1462,1.61,157.9,18.8,0
"2025-12-24 17:24:00",1463,1.578,154.73,18.9,0
"2025-12-24 17:30:00",1464,1.63,159.81,19,0
"2025-12-24 17:36:00",1465,1.64,160.79,19.1,0
"2025-12-24 17:42:00",1466,1.65,161.85,19.1,0
"2025-12-24 17:48:00",1467,1.654,162.2,19.2,0
"2025-12-24 17:54:00",1468,1.657,162.48,19.3,0
"2025-12-24 18:00:00",1469,1.661,162.86,19.3,0
"2025-12-24 18:06:00",1470,1.666,163.34,19.4,0
"2025-12-24 18:12:00",1471,1.67,163.81,19.4,0
"2025-12-24 18:18:00",1472,1.674,164.12,19.4,0
"2025-12-24 18:24:00",1473,1.681,164.82,19.5,0
"2025-12-24 18:30:00",1474,1.686,165.32,19.5,0
"2025-12-24 18:36:00",1475,1.669,163.65,19.6,0
"2025-12-24 18:42:00",1476,1.693,166.04,19.6,0
"2025-12-24 18:48:00",1477,1.688,165.54,19.6,0
"2025-12-24 18:54:00",1478,1.69,165.69,19.7,0
"2025-12-24 19:00:00",1479,1.699,166.65,19.7,0
"2025-12-24 19:06:00",1480,1.702,166.93,19.7,0
"2025-12-24 19:12:00",1481,1.707,167.45,19.7,0
"2025-12-24 19:18:00",1482,1.707,167.39,19.7,0
"2025-12-24 19:24:00",1483,1.705,167.19,19.8,0
"2025-12-24 19:30:00",1484,1.708,167.55,19.8,0
"2025-12-24 19:36:00",1485,1.71,167.68,19.8,0
"2025-12-24 19:42:00",1486,1.704,167.12,19.8,0
"2025-12-24 19:48:00",1487,1.703,167.02,19.8,0
"2025-12-24 19:54:00",1488,1.709,167.6,19.8,0
"2025-12-24 20:00:00",1489,1.707,167.38,19.8,0
"2025-12-24 20:06:00",1490,1.696,166.29,19.8,0
"2025-12-24 20:12:00",1491,1.693,166.03,19.8,0
"2025-12-24 20:18:00",1492,1.701,166.77,19.9,0
"2025-12-24 20:24:00",1493,1.702,166.93,19.9,0
"2025-12-24 20:30:00",1494,1.701,166.78,19.9,0
"2025-12-24 20:36:00",1495,1.697,166.42,19.9,0
"2025-12-24 20:42:00",1496,1.695,166.22,19.9,0
"2025-12-24 20:48:00",1497,1.692,165.92,19.9,0
"2025-12-24 20:54:00",1498,1.69,165.74,19.9,0
"2025-12-24 21:00:00",1499,1.688,165.51,19.9,0
"2025-12-24 21:06:00",1500,1.683,165.06,19.9,0
"2025-12-24 21:12:00",1501,1.68,164.74,19.9,0
"2025-12-24 21:18:00",1502,1.675,164.27,19.9,0
"2025-12-24 21:24:00",1503,1.67,163.82,19.9,0
"2025-12-24 21:30:00",1504,1.667,163.52,19.9,0
"2025-12-24 21:36:00",1505,1.661,162.92,19.9,0
"2025-12-24 21:42:00",1506,1.66,162.76,19.9,0
"2025-12-24 21:48:00",1507,1.658,162.59,19.9,0
"2025-12-24 21:54:00",1508,1.651,161.96,19.9,0
"2025-12-24 22:00:00",1509,1.65,161.84,19.9,0
"2025-12-24 22:06:00",1510,1.645,161.32,19.9,0
"2025-12-24 22:12:00",1511,1.637,160.53,19.9,0
"2025-12-24 22:18:00",1512,1.4,137.32,19.9,0
"2025-12-24 22:24:00",1513,1.464,143.57,19.9,0
"2025-12-24 22:30:00",1514,1.505,147.63,19.9,0
"2025-12-24 22:36:00",1515,1.524,149.41,20,0
"2025-12-24 22:42:00",1516,1.568,153.78,19.9,0
"2025-12-24 22:48:00",1517,1.597,156.59,19.9,0
"2025-12-24 22:54:00",1518,1.553,152.32,19.9,0
"2025-12-24 23:00:00",1519,1.515,148.62,20,0
"2025-12-24 23:06:00",1520,1.494,146.51,20,0
"2025-12-24 23:12:00",1521,1.461,143.32,20,0
"2025-12-24 23:18:00",1522,1.457,142.9,20,0
"2025-12-24 23:24:00",1523,1.466,143.74,20,0
"2025-12-24 23:30:00",1524,1.465,143.7,20,0
"2025-12-24 23:36:00",1525,1.4,137.25,20,0
"2025-12-24 23:42:00",1526,1.429,140.14,20,0
"2025-12-24 23:48:00",1527,1.534,150.47,20,0
"2025-12-24 23:54:00",1528,1.545,151.5,20,0
"2025-12-25 00:00:00",1529,1.611,157.97,20,0
"2025-12-25 00:06:00",1530,1.526,149.67,20,0
"2025-12-25 00:12:00",1531,1.602,157.14,20,0
"2025-12-25 00:18:00",1532,1.554,152.37,20,0
"2025-12-25 00:24:00",1533,1.543,151.32,20,0
"2025-12-25 00:30:00",1534,1.534,150.45,20,0
"2025-12-25 00:36:00",1535,1.531,150.19,20,0
"2025-12-25 00:42:00",1536,1.527,149.71,20,0
"2025-12-25 00:48:00",1537,1.523,149.4,20,0
"2025-12-25 00:54:00",1538,1.516,148.63,20,0
"2025-12-25 01:00:00",1539,1.508,147.89,20,0
"2025-12-25 01:06:00",1540,1.497,146.82,20,0
"2025-12-25 01:12:00",1541,1.489,146.05,20,0
"2025-12-25 01:18:00",1542,1.475,144.61,20,0
"2025-12-25 01:24:00",1543,1.474,144.58,20,0
"2025-12-25 01:30:00",1544,1.491,146.18,20,0
"2025-12-25 01:36:00",1545,1.48,145.16,20,0
"2025-12-25 01:42:00",1546,1.499,147.02,20,0
"2025-12-25 01:48:00",1547,1.47,144.19,20,0
"2025-12-25 01:54:00",1548,1.481,145.23,20,0
"2025-12-25 02:00:00",1549,1.487,145.84,20,0
"2025-12-25 02:06:00",1550,1.485,145.66,20,0
"2025-12-25 02:12:00",1551,1.504,147.53,20,0
"2025-12-25 02:18:00",1552,1.511,148.19,20,0
"2025-12-25 02:24:00",1553,1.513,148.33,20,0
"2025-12-25 02:30:00",1554,1.513,148.39,20,0
"2025-12-25 02:36:00",1555,1.512,148.29,20,0
"2025-12-25 02:42:00",1556,1.513,148.37,20,0
"2025-12-25 02:48:00",1557,1.515,148.62,20,0
"2025-12-25 02:54:00",1558,1.516,148.63,20,0
"2025-12-25 03:00:00",1559,1.491,146.23,20,0
"2025-12-25 03:06:00",1560,1.484,145.51,20,0
"2025-12-25 03:12:00",1561,1.51,148.05,20,0
"2025-12-25 03:18:00",1562,1.455,142.67,20,0
"2025-12-25 03:24:00",1563,1.442,141.41,20,0
"2025-12-25 03:30:00",1564,1.462,143.36,20,0
"2025-12-25 03:36:00",1565,1.479,145.01,20,0
"2025-12-25 03:42:00",1566,1.56,152.97,20,0
"2025-12-25 03:48:00",1567,1.582,155.12,20,0
"2025-12-25 03:54:00",1568,1.582,155.17,20,0
"2025-12-25 04:00:00",1569,1.592,156.14,20,0
"2025-12-25 04:06:00",1570,1.6,156.91,20,0
"2025-12-25 04:12:00",1571,1.607,157.55,20,0
"2025-12-25 04:18:00",1572,1.61,157.92,20,0
"2025-12-25 04:24:00",1573,1.623,159.15,20,0
"2025-12-25 04:30:00",1574,1.628,159.64,20,0
"2025-12-25 04:36:00",1575,1.627,159.57,20,0
"2025-12-25 04:42:00",1576,1.633,160.15,20,0
"2025-12-25 04:48:00",1577,1.639,160.73,20,0
"2025-12-25 04:54:00",1578,1.644,161.19,20,0
"2025-12-25 05:00:00",1579,1.651,161.87,20,0
"2025-12-25 05:06:00",1580,1.659,162.66,20,0
"2025-12-25 05:12:00",1581,1.666,163.42,20,0
"2025-12-25 05:18:00",1582,1.664,163.22,20,0
"2025-12-25 05:24:00",1583,1.629,159.74,20,0
"2025-12-25 05:30:00",1584,1.654,162.18,20,0
"2025-12-25 05:36:00",1585,1.627,159.53,20,0
"2025-12-25 05:42:00",1586,1.606,157.5,20,0
"2025-12-25 05:48:00",1587,1.571,154.1,20,0
"2025-12-25 05:54:00",1588,1.666,163.38,20,0
"2025-12-25 06:00:00",1589,1.668,163.56,20,0
"2025-12-25 06:06:00",1590,1.701,166.82,20,0
"2025-12-25 06:12:00",1591,1.72,168.65,20,0
"2025-12-25 06:18:00",1592,1.72,168.71,20,0
"2025-12-25 06:24:00",1593,1.716,168.29,19.9,0
"2025-12-25 06:30:00",1594,1.728,169.47,19.9,0
"2025-12-25 06:36:00",1595,1.734,170.03,19.9,0
"2025-12-25 06:42:00",1596,1.742,170.81,19.9,0
"2025-12-25 06:48:00",1597,1.745,171.16,19.9,0
"2025-12-25 06:54:00",1598,1.749,171.51,19.9,0
"2025-12-25 07:00:00",1599,1.73,169.65,19.9,0
"2025-12-25 07:06:00",1600,1.713,167.98,19.9,0
"2025-12-25 07:12:00",1601,1.762,172.83,19.9,0
"2025-12-25 07:18:00",1602,1.762,172.84,19.9,0
"2025-12-25 07:24:00",1603,1.77,173.57,19.9,0
"2025-12-25 07:30:00",1604,1.773,173.89,19.9,0
"2025-12-25 07:36:00",1605,1.777,174.28,19.9,0
"2025-12-25 07:42:00",1606,1.784,174.95,19.9,0
"2025-12-25 07:48:00",1607,1.791,175.62,19.9,0
"2025-12-25 07:54:00",1608,1.781,174.62,19.9,0
"2025-12-25 08:00:00",1609,1.784,174.99,19.9,0
"2025-12-25 08:06:00",1610,1.792,175.77,19.9,0
"2025-12-25 08:12:00",1611,1.789,175.41,20,0
"2025-12-25 08:18:00",1612,1.783,174.86,20,0
"2025-12-25 08:24:00",1613,1.779,174.43,20,0
"2025-12-25 08:30:00",1614,1.773,173.83,20,0
"2025-12-25 08:36:00",1615,1.766,173.15,20,0
"2025-12-25 08:42:00",1616,1.757,172.35,20,0
"2025-12-25 08:48:00",1617,1.75,171.65,20,0
"2025-12-25 08:54:00",1618,1.746,171.18,20,0
"2025-12-25 09:00:00",1619,1.743,170.96,20,0
"2025-12-25 09:06:00",1620,1.746,171.24,20,0
"2025-12-25 09:12:00",1621,1.747,171.31,20.1,0
"2025-12-25 09:18:00",1622,1.746,171.26,20.1,0
"2025-12-25 09:24:00",1623,1.749,171.55,20.1,0
"2025-12-25 09:30:00",1624,1.752,171.86,20.1,0
"2025-12-25 09:36:00",1625,1.753,171.91,20.1,0
"2025-12-25 09:42:00",1626,1.753,171.9,20.1,0
"2025-12-25 09:48:00",1627,1.75,171.65,20.2,0
"2025-12-25 09:54:00",1628,1.742,170.84,20.2,0
"2025-12-25 10:00:00",1629,1.733,169.96,20.2,0
"2025-12-25 10:06:00",1630,1.725,169.18,20.2,0
"2025-12-25 10:12:00",1631,1.717,168.34,20.2,0
"2025-12-25 10:18:00",1632,1.708,167.47,20.2,0
"2025-12-25 10:24:00",1633,1.7,166.75,20.2,0
"2025-12-25 10:30:00",1634,1.694,166.17,20.2,0
"2025-12-25 10:36:00",1635,1.686,165.32,20.2,0
"2025-12-25 10:42:00",1636,1.676,164.38,20.2,0
"2025-12-25 10:48:00",1637,1.67,163.8,20.2,0
"2025-12-25 10:54:00",1638,1.666,163.43,20.2,0
"2025-12-25 11:00:00",1639,1.663,163.07,20.3,0
"2025-12-25 11:06:00",1640,1.658,162.59,20.3,0
"2025-12-25 11:12:00",1641,1.653,162.08,20.3,0
"2025-12-25 11:18:00",1642,1.648,161.6,20.3,0
"2025-12-25 11:24:00",1643,1.646,161.38,20.3,0
"2025-12-25 11:30:00",1644,1.646,161.47,20.3,0
"2025-12-25 11:36:00",1645,1.646,161.43,20.3,0
"2025-12-25 11:42:00",1646,1.644,161.25,20.3,0
"2025-12-25 11:48:00",1647,1.643,161.16,20.3,0
"2025-12-25 11:54:00",1648,1.643,161.16,20.3,0
"2025-12-25 12:00:00",1649,1.641,160.97,20.3,0
"2025-12-25 12:06:00",1650,1.639,160.74,20.3,0
"2025-12-25 12:12:00",1651,1.637,160.58,20.3,0
"2025-12-25 12:18:00",1652,1.635,160.31,20.3,0
"2025-12-25 12:24:00",1653,1.631,159.93,20.4,0
"2025-12-25 12:30:00",1654,1.617,158.54,20.4,0
"2025-12-25 12:36:00",1655,1.606,157.49,20.4,0
"2025-12-25 12:42:00",1656,1.598,156.67,20.4,0
"2025-12-25 12:48:00",1657,1.589,155.79,20.4,0
"2025-12-25 12:54:00",1658,1.579,154.87,20.4,0
"2025-12-25 13:00:00",1659,1.572,154.2,20.4,0
"2025-12-25 13:06:00",1660,1.567,153.67,20.4,0
"2025-12-25 13:12:00",1661,1.567,153.66,20.5,0
"2025-12-25 13:18:00",1662,1.573,154.22,20.5,0
"2025-12-25 13:24:00",1663,1.576,154.51,20.5,0
"2025-12-25 13:30:00",1664,1.579,154.87,20.5,0
"2025-12-25 13:36:00",1665,1.587,155.61,20.6,0
"2025-12-25 13:42:00",1666,1.594,156.32,20.6,0
"2025-12-25 13:48:00",1667,1.601,157.01,20.5,0
"2025-12-25 13:54:00",1668,1.606,157.54,20.4,0
"2025-12-25 14:00:00",1669,1.609,157.83,20.2,0
"2025-12-25 14:06:00",1670,1.611,158.02,20.1,0
"2025-12-25 14:12:00",1671,1.61,157.93,19.9,0
"2025-12-25 14:18:00",1672,1.608,157.71,19.8,0
"2025-12-25 14:24:00",1673,1.606,157.5,19.7,0
"2025-12-25 14:30:00",1674,1.6,156.88,19.6,0
"2025-12-25 14:36:00",1675,1.594,156.37,19.5,0
"2025-12-25 14:42:00",1676,1.596,156.47,19.4,0
"2025-12-25 14:48:00",1677,1.597,156.65,19.2,0
"2025-12-25 14:54:00",1678,1.601,156.97,19.1,0
"2025-12-25 15:00:00",1679,1.608,157.65,19,0
"2025-12-25 15:06:00",1680,1.617,158.55,18.9,0
"2025-12-25 15:12:00",1681,1.628,159.68,18.8,0
"2025-12-25 15:18:00",1682,1.648,161.57,18.7,0
"2025-12-25 15:24:00",1683,1.656,162.42,18.6,0
"2025-12-25 15:30:00",1684,1.666,163.41,18.5,0
"2025-12-25 15:36:00",1685,1.678,164.6,18.5,0
"2025-12-25 15:42:00",1686,1.689,165.61,18.5,0
"2025-12-25 15:48:00",1687,1.695,166.25,18.4,0
"2025-12-25 15:54:00",1688,1.7,166.67,18.4,0
"2025-12-25 16:00:00",1689,1.701,166.84,18.4,0
"2025-12-25 16:06:00",1690,1.702,166.93,18.3,0
"2025-12-25 16:12:00",1691,1.703,167,18.3,0
"2025-12-25 16:18:00",1692,1.703,167.06,18.3,0
"2025-12-25 16:24:00",1693,1.706,167.32,18.2,0
"2025-12-25 16:30:00",1694,1.71,167.73,18.2,0
"2025-12-25 16:36:00",1695,1.717,168.37,18.2,0
"2025-12-25 16:42:00",1696,1.727,169.32,18.1,0
"2025-12-25 16:48:00",1697,1.738,170.49,18.1,0
"2025-12-25 16:54:00",1698,1.749,171.56,18,0
"2025-12-25 17:00:00",1699,1.766,173.17,18,0
"2025-12-25 17:06:00",1700,1.775,174.11,18,0
"2025-12-25 17:12:00",1701,1.787,175.2,18.1,0
"2025-12-25 17:18:00",1702,1.797,176.25,18.3,0
"2025-12-25 17:24:00",1703,1.807,177.21,18.4,0
"2025-12-25 17:30:00",1704,1.817,178.16,18.5,0
"2025-12-25 17:36:00",1705,1.825,179.02,18.7,0
"2025-12-25 17:42:00",1706,1.831,179.56,18.8,0
"2025-12-25 17:48:00",1707,1.834,179.83,18.9,0
"2025-12-25 17:54:00",1708,1.678,164.57,19,0
"2025-12-25 18:00:00",1709,1.678,164.52,19.1,0
"2025-12-25 18:06:00",1710,1.723,168.93,19.2,0
"2025-12-25 18:12:00",1711,1.811,177.65,19.3,0
"2025-12-25 18:18:00",1712,1.805,177.03,19.3,0
"2025-12-25 18:24:00",1713,1.846,180.99,19.4,0
"2025-12-25 18:30:00",1714,1.848,181.27,19.5,0
"2025-12-25 18:36:00",1715,1.877,184.08,19.5,0
"2025-12-25 18:42:00",1716,1.87,183.43,19.6,0
"2025-12-25 18:48:00",1717,1.878,184.18,19.6,0
"2025-12-25 18:54:00",1718,1.882,184.56,19.7,0
"2025-12-25 19:00:00",1719,1.896,185.96,19.7,0
"2025-12-25 19:06:00",1720,1.832,179.64,19.7,0
"2025-12-25 19:12:00",1721,1.843,180.76,19.8,0
"2025-12-25 19:18:00",1722,1.816,178.13,19.8,0
"2025-12-25 19:24:00",1723,1.894,185.76,19.8,0
"2025-12-25 19:30:00",1724,1.866,183.02,19.9,0
"2025-12-25 19:36:00",1725,1.821,178.61,19.9,0
"2025-12-25 19:42:00",1726,1.831,179.58,19.9,0
"2025-12-25 19:48:00",1727,1.829,179.34,19.9,0
"2025-12-25 19:54:00",1728,1.874,183.75,20,0
"2025-12-25 20:00:00",1729,1.796,176.09,20,0
"2025-12-25 20:06:00",1730,1.828,179.26,20,0
"2025-12-25 20:12:00",1731,1.83,179.5,20,0
"2025-12-25 20:18:00",1732,1.82,178.46,20,0
"2025-12-25 20:24:00",1733,1.806,177.12,20.1,0
"2025-12-25 20:30:00",1734,1.819,178.35,20.1,0
"2025-12-25 20:36:00",1735,1.814,177.87,20.1,0
"2025-12-25 20:42:00",1736,1.83,179.43,20.1,0
"2025-12-25 20:48:00",1737,1.791,175.6,20.1,0
"2025-12-25 20:54:00",1738,1.746,171.27,20.1,0
"2025-12-25 21:00:00",1739,1.816,178.07,20.1,0
"2025-12-25 21:06:00",1740,1.963,192.48,20.1,0
"2025-12-25 21:12:00",1741,1.885,184.84,20.1,0
"2025-12-25 21:18:00",1742,1.861,182.47,20.1,0
"2025-12-25 21:24:00",1743,1.877,184.07,20.1,0
"2025-12-25 21:30:00",1744,1.868,183.16,20.2,0
"2025-12-25 21:36:00",1745,1.844,180.86,20.2,0
"2025-12-25 21:42:00",1746,1.849,181.37,20.2,0
"2025-12-25 21:48:00",1747,1.804,176.9,20.2,0
"2025-12-25 21:54:00",1748,1.801,176.63,20.2,0
"2025-12-25 22:00:00",1749,1.779,174.5,20.2,0
"2025-12-25 22:06:00",1750,1.779,174.49,20.2,0
"2025-12-25 22:12:00",1751,1.828,179.23,20.2,0
"2025-12-25 22:18:00",1752,1.819,178.39,20.2,0
"2025-12-25 22:24:00",1753,1.816,178.14,20.2,0
"2025-12-25 22:30:00",1754,1.817,178.21,20.2,0
"2025-12-25 22:36:00",1755,1.819,178.4,20.2,0
"2025-12-25 22:42:00",1756,1.807,177.19,20.2,0
"2025-12-25 22:48:00",1757,1.682,164.92,20.2,0
"2025-12-25 22:54:00",1758,1.701,166.83,20.2,0
"2025-12-25 23:00:00",1759,1.772,173.82,20.2,0
"2025-12-25 23:06:00",1760,1.687,165.48,20.2,0
"2025-12-25 23:12:00",1761,1.753,171.89,20.2,0
"2025-12-25 23:18:00",1762,1.724,169.11,20.1,0
"2025-12-25 23:24:00",1763,1.734,170.04,20.1,0
"2025-12-25 23:30:00",1764,1.738,170.4,20.1,0
"2025-12-25 23:36:00",1765,1.731,169.79,20.1,0
"2025-12-25 23:42:00",1766,1.726,169.23,20.1,0
"2025-12-25 23:48:00",1767,1.717,168.38,20.1,0
"2025-12-25 23:54:00",1768,1.713,167.96,20.1,0
"2025-12-26 00:00:00",1769,1.712,167.91,20.1,0
"2025-12-26 00:06:00",1770,1.707,167.38,20.1,0
"2025-12-26 00:12:00",1771,1.705,167.19,20.1,0
"2025-12-26 00:18:00",1772,1.704,167.11,20.1,0
"2025-12-26 00:24:00",1773,1.695,166.27,20.1,0
"2025-12-26 00:30:00",1774,1.684,165.18,20.1,0
"2025-12-26 00:36:00",1775,1.673,164.07,20.1,0
"2025-12-26 00:42:00",1776,1.662,163.02,20.1,0
"2025-12-26 00:48:00",1777,1.653,162.14,20,0
"2025-12-26 00:54:00",1778,1.643,161.16,20,0
"2025-12-26 01:00:00",1779,1.636,160.43,20,0
"2025-12-26 01:06:00",1780,1.629,159.77,20,0
"2025-12-26 01:12:00",1781,1.623,159.2,20,0
"2025-12-26 01:18:00",1782,1.62,158.84,20,0
"2025-12-26 01:24:00",1783,1.612,158.09,20,0
"2025-12-26 01:30:00",1784,1.604,157.31,20,0
"2025-12-26 01:36:00",1785,1.188,116.46,20,0
"2025-12-26 01:42:00",1786,1.433,140.57,19.9,0
"2025-12-26 01:48:00",1787,1.419,139.2,19.9,0
"2025-12-26 01:54:00",1788,1.416,138.84,19.9,0
"2025-12-26 02:00:00",1789,1.374,134.74,19.9,0
"2025-12-26 02:06:00",1790,1.293,126.76,19.9,0
"2025-12-26 02:12:00",1791,1.197,117.41,19.9,0
"2025-12-26 02:18:00",1792,1.123,110.13,19.8,0
"2025-12-26 02:24:00",1793,1.398,137.08,19.8,0
"2025-12-26 02:30:00",1794,1.433,140.51,19.8,0
"2025-12-26 02:36:00",1795,1.616,158.45,19.8,0
"2025-12-26 02:42:00",1796,1.439,141.15,19.8,0
"2025-12-26 02:48:00",1797,1.409,138.18,19.7,0
"2025-12-26 02:54:00",1798,1.49,146.11,19.7,0
"2025-12-26 03:00:00",1799,1.433,140.49,19.7,0
"2025-12-26 03:06:00",1800,1.491,146.22,19.7,0
"2025-12-26 03:12:00",1801,1.402,137.46,19.8,0
"2025-12-26 03:18:00",1802,1.4,137.27,19.8,0
"2025-12-26 03:24:00",1803,1.343,131.69,19.8,0
"2025-12-26 03:30:00",1804,1.268,124.4,19.9,0
"2025-12-26 03:36:00",1805,1.231,120.68,19.9,0
"2025-12-26 03:42:00",1806,1.281,125.59,19.9,0
"2025-12-26 03:48:00",1807,1.134,111.17,19.9,0
"2025-12-26 03:54:00",1808,1.179,115.58,19.9,0
"2025-12-26 04:00:00",1809,1.416,138.85,19.9,0
"2025-12-26 04:06:00",1810,1.468,143.98,19.9,0
"2025-12-26 04:12:00",1811,1.614,158.25,19.9,0
"2025-12-26 04:18:00",1812,1.567,153.71,19.9,0
"2025-12-26 04:24:00",1813,1.557,152.72,19.9,0
"2025-12-26 04:30:00",1814,1.551,152.06,19.9,0
"2025-12-26 04:36:00",1815,1.535,150.56,19.9,0
"2025-12-26 04:42:00",1816,1.631,159.93,19.9,0
"2025-12-26 04:48:00",1817,1.594,156.3,19.9,0
"2025-12-26 04:54:00",1818,1.598,156.76,19.9,0
"2025-12-26 05:00:00",1819,1.6,156.91,19.9,0
"2025-12-26 05:06:00",1820,1.603,157.21,19.9,0
"2025-12-26 05:12:00",1821,1.609,157.82,19.9,0
"2025-12-26 05:18:00",1822,1.609,157.83,19.9,0
"2025-12-26 05:24:00",1823,1.568,153.82,19.9,0
"2025-12-26 05:30:00",1824,1.632,160.06,19.9,0
"2025-12-26 05:36:00",1825,1.627,159.53,19.8,0
"2025-12-26 05:42:00",1826,1.625,159.35,19.8,0
"2025-12-26 05:48:00",1827,1.632,160,19.8,0
"2025-12-26 05:54:00",1828,1.518,148.9,19.8,0
"2025-12-26 06:00:00",1829,1.534,150.45,19.8,0
"2025-12-26 06:06:00",1830,1.516,148.64,19.8,0
"2025-12-26 06:12:00",1831,1.475,144.64,19.8,0
"2025-12-26 06:18:00",1832,1.468,143.97,19.8,0
"2025-12-26 06:24:00",1833,1.437,140.91,19.7,0
"2025-12-26 06:30:00",1834,1.371,134.46,19.7,0
"2025-12-26 06:36:00",1835,1.56,152.97,19.7,0
"2025-12-26 06:42:00",1836,1.553,152.3,19.7,0
"2025-12-26 06:48:00",1837,1.645,161.31,19.7,0
"2025-12-26 06:54:00",1838,1.621,158.98,19.7,0
"2025-12-26 07:00:00",1839,1.797,176.25,19.7,0
"2025-12-26 07:06:00",1840,1.653,162.14,19.7,0
"2025-12-26 07:12:00",1841,1.718,168.44,19.7,0
"2025-12-26 07:18:00",1842,1.706,167.29,19.7,0
"2025-12-26 07:24:00",1843,1.699,166.57,19.6,0
"2025-12-26 07:30:00",1844,1.708,167.54,19.6,0
"2025-12-26 07:36:00",1845,1.739,170.54,19.6,0
"2025-12-26 07:42:00",1846,1.739,170.5,19.6,0
"2025-12-26 07:48:00",1847,1.743,170.91,19.6,0
"2025-12-26 07:54:00",1848,1.755,172.11,19.6,0
"2025-12-26 08:00:00",1849,1.757,172.35,19.6,0
"2025-12-26 08:06:00",1850,1.76,172.58,19.6,0
"2025-12-26 08:12:00",1851,1.758,172.4,19.6,0
"2025-12-26 08:18:00",1852,1.757,172.33,19.6,0
"2025-12-26 08:24:00",1853,1.675,164.25,19.5,0
"2025-12-26 08:30:00",1854,1.667,163.47,19.5,0
"2025-12-26 08:36:00",1855,1.665,163.32,19.5,0
"2025-12-26 08:42:00",1856,1.581,155.07,19.5,0
"2025-12-26 08:48:00",1857,1.549,151.9,19.5,0
"2025-12-26 08:54:00",1858,1.463,143.44,19.5,0
"2025-12-26 09:00:00",1859,1.422,139.45,19.5,0
"2025-12-26 09:06:00",1860,1.365,133.91,19.5,0
"2025-12-26 09:12:00",1861,1.614,158.27,19.5,0
"2025-12-26 09:18:00",1862,1.645,161.35,19.5,0
"2025-12-26 09:24:00",1863,1.693,166.04,19.5,0
"2025-12-26 09:30:00",1864,1.687,165.49,19.5,0
"2025-12-26 09:36:00",1865,1.715,168.2,19.6,0
"2025-12-26 09:42:00",1866,1.761,172.7,19.6,0
"2025-12-26 09:48:00",1867,1.741,170.7,19.6,0
"2025-12-26 09:54:00",1868,1.744,171.01,19.6,0
"2025-12-26 10:00:00",1869,1.744,171,19.6,0
"2025-12-26 10:06:00",1870,1.744,171.04,19.6,0
"2025-12-26 10:12:00",1871,1.739,170.59,19.7,0
"2025-12-26 10:18:00",1872,1.733,169.95,19.7,0
"2025-12-26 10:24:00",1873,1.716,168.29,19.7,0
"2025-12-26 10:30:00",1874,1.713,167.98,19.7,0
"2025-12-26 10:36:00",1875,1.663,163.11,19.7,0
"2025-12-26 10:42:00",1876,1.685,165.29,19.7,0
"2025-12-26 10:48:00",1877,1.713,168.04,19.6,0
"2025-12-26 10:54:00",1878,1.653,162.09,19.6,0
"2025-12-26 11:00:00",1879,1.615,158.35,19.6,0
"2025-12-26 11:06:00",1880,1.498,146.93,19.6,0
"2025-12-26 11:12:00",1881,1.43,140.24,19.6,0
"2025-12-26 11:18:00",1882,1.396,136.88,19.6,0
"2025-12-26 11:24:00",1883,1.256,123.17,19.6,0
"2025-12-26 11:30:00",1884,1.609,157.8,19.6,0
"2025-12-26 11:36:00",1885,1.68,164.74,19.6,0
"2025-12-26 11:42:00",1886,1.656,162.43,19.6,0
"2025-12-26 11:48:00",1887,1.578,154.79,19.6,0
"2025-12-26 11:54:00",1888,1.565,153.45,19.6,0
"2025-12-26 12:00:00",1889,1.606,157.48,19.7,0
"2025-12-26 12:06:00",1890,1.597,156.65,19.7,0
"2025-12-26 12:12:00",1891,1.522,149.24,19.8,0
"2025-12-26 12:18:00",1892,1.502,147.3,19.8,0
"2025-12-26 12:24:00",1893,1.51,148.07,19.9,0
"2025-12-26 12:30:00",1894,1.511,148.17,19.9,0
"2025-12-26 12:36:00",1895,1.472,144.36,19.9,0
"2025-12-26 12:42:00",1896,1.425,139.77,20,0
"2025-12-26 12:48:00",1897,1.457,142.92,20,0
"2025-12-26 12:54:00",1898,1.384,135.77,20.1,0
"2025-12-26 13:00:00",1899,1.59,155.97,20.1,0
"2025-12-26 13:06:00",1900,1.631,159.95,20.1,0
"2025-12-26 13:12:00",1901,1.636,160.46,20.1,0
"2025-12-26 13:18:00",1902,1.656,162.43,20.1,0
"2025-12-26 13:24:00",1903,1.658,162.6,20.1,0
"2025-12-26 13:30:00",1904,1.614,158.3,20.1,0
"2025-12-26 13:36:00",1905,1.561,153.09,20.1,0
"2025-12-26 13:42:00",1906,1.515,148.55,20.1,0
"2025-12-26 13:48:00",1907,1.457,142.89,20.1,0
"2025-12-26 13:54:00",1908,1.497,146.84,20.2,0
"2025-12-26 14:00:00",1909,1.501,147.21,20.2,0
"2025-12-26 14:06:00",1910,1.511,148.22,20.2,0
"2025-12-26 14:12:00",1911,1.554,152.42,20.2,0
"2025-12-26 14:18:00",1912,1.589,155.85,20.1,0
"2025-12-26 14:24:00",1913,1.537,150.69,20.1,0
"2025-12-26 14:30:00",1914,1.578,154.75,20.1,0
"2025-12-26 14:36:00",1915,1.561,153.04,20.1,0
"2025-12-26 14:42:00",1916,1.554,152.37,20.1,0
"2025-12-26 14:48:00",1917,1.578,154.8,20.1,0
"2025-12-26 14:54:00",1918,1.574,154.4,20.1,0
"2025-12-26 15:00:00",1919,1.651,161.93,20.1,0
"2025-12-26 15:06:00",1920,1.604,157.31,20.1,0
"2025-12-26 15:12:00",1921,1.643,161.1,20.1,0
"2025-12-26 15:18:00",1922,1.664,163.16,20.1,0
"2025-12-26 15:24:00",1923,1.668,163.57,20.1,0
"2025-12-26 15:30:00",1924,1.67,163.73,20.1,0
"2025-12-26 15:36:00",1925,1.682,164.92,20.1,0
"2025-12-26 15:42:00",1926,1.692,165.97,20.1,0
"2025-12-26 15:48:00",1927,1.672,163.96,20.1,0
"2025-12-26 15:54:00",1928,1.641,160.91,20.1,0
"2025-12-26 16:00:00",1929,1.587,155.67,20.1,0
"2025-12-26 16:06:00",1930,1.509,147.99,20.1,0
"2025-12-26 16:12:00",1931,1.685,165.25,20.1,0
"2025-12-26 16:18:00",1932,1.701,166.77,20.1,0
"2025-12-26 16:24:00",1933,1.71,167.66,20.1,0
"2025-12-26 16:30:00",1934,1.732,169.85,20.1,0
"2025-12-26 16:36:00",1935,1.737,170.35,20.1,0
"2025-12-26 16:42:00",1936,1.747,171.33,20.1,0
"2025-12-26 16:48:00",1937,1.761,172.72,20.1,0
"2025-12-26 16:54:00",1938,1.77,173.63,20.1,0
"2025-12-26 17:00:00",1939,1.778,174.37,20.1,0
"2025-12-26 17:06:00",1940,1.795,176.05,20.1,0
"2025-12-26 17:12:00",1941,1.799,176.42,20.1,0
"2025-12-26 17:18:00",1942,1.811,177.6,20.1,0
"2025-12-26 17:24:00",1943,1.816,178.07,20,0
"2025-12-26 17:30:00",1944,1.82,178.46,20,0
"2025-12-26 17:36:00",1945,1.833,179.72,19.9,0
"2025-12-26 17:42:00",1946,1.842,180.62,19.8,0
"2025-12-26 17:48:00",1947,1.843,180.72,19.8,0
"2025-12-26 17:54:00",1948,1.86,182.38,19.7,0
"2025-12-26 18:00:00",1949,1.862,182.61,19.7,0
"2025-12-26 18:06:00",1950,1.871,183.53,19.6,0
"2025-12-26 18:12:00",1951,1.884,184.73,19.6,0
"2025-12-26 18:18:00",1952,1.892,185.58,19.5,0
"2025-12-26 18:24:00",1953,1.903,186.59,19.5,0
"2025-12-26 18:30:00",1954,1.912,187.51,19.5,0
"2025-12-26 18:36:00",1955,1.919,188.15,19.4,0
"2025-12-26 18:42:00",1956,1.925,188.76,19.4,0
"2025-12-26 18:48:00",1957,1.931,189.37,19.4,0
"2025-12-26 18:54:00",1958,1.937,189.95,19.4,0
"2025-12-26 19:00:00",1959,1.857,182.14,19.4,0
"2025-12-26 19:06:00",1960,1.951,191.3,19.3,0
"2025-12-26 19:12:00",1961,1.954,191.61,19.3,0
"2025-12-26 19:18:00",1962,1.959,192.12,19.4,0
"2025-12-26 19:24:00",1963,1.964,192.63,19.4,0
"2025-12-26 19:30:00",1964,1.97,193.22,19.5,0
"2025-12-26 19:36:00",1965,1.975,193.66,19.5,0
"2025-12-26 19:42:00",1966,1.979,194.07,19.6,0
"2025-12-26 19:48:00",1967,1.981,194.3,19.6,0
"2025-12-26 19:54:00",1968,1.936,189.87,19.6,0
"2025-12-26 20:00:00",1969,1.993,195.44,19.7,0
"2025-12-26 20:06:00",1970,2.001,196.2,19.7,0
"2025-12-26 20:12:00",1971,2.006,196.73,19.8,0
"2025-12-26 20:18:00",1972,2.012,197.36,19.8,0
"2025-12-26 20:24:00",1973,2.015,197.56,19.9,0
"2025-12-26 20:30:00",1974,2.014,197.51,19.9,0
"2025-12-26 20:36:00",1975,2.013,197.38,19.9,0
"2025-12-26 20:42:00",1976,2.009,197.06,19.9,0
"2025-12-26 20:48:00",1977,2.008,196.91,19.9,0
"2025-12-26 20:54:00",1978,2.007,196.82,19.8,0
"2025-12-26 21:00:00",1979,2.006,196.72,19.8,0
"2025-12-26 21:06:00",1980,2.006,196.7,19.7,0
"2025-12-26 21:12:00",1981,2.008,196.9,19.7,0
"2025-12-26 21:18:00",1982,2.02,198.13,19.7,0
"2025-12-26 21:24:00",1983,2.021,198.24,19.7,0
"2025-12-26 21:30:00",1984,2.022,198.28,19.6,0
"2025-12-26 21:36:00",1985,2.024,198.48,19.6,0
"2025-12-26 21:42:00",1986,2.025,198.63,19.6,0
"2025-12-26 21:48:00",1987,2.024,198.45,19.6,0
"2025-12-26 21:54:00",1988,2.019,197.98,19.6,0
"2025-12-26 22:00:00",1989,2.013,197.43,19.6,0
"2025-12-26 22:06:00",1990,2.009,197.03,19.6,0
"2025-12-26 22:12:00",1991,2.004,196.51,19.6,0
"2025-12-26 22:18:00",1992,1.996,195.76,19.6,0
"2025-12-26 22:24:00",1993,1.99,195.11,19.6,0
"2025-12-26 22:30:00",1994,1.981,194.24,19.6,0
"2025-12-26 22:36:00",1995,1.972,193.38,19.6,0
"2025-12-26 22:42:00",1996,1.965,192.68,19.6,0
"2025-12-26 22:48:00",1997,1.959,192.08,19.6,0
"2025-12-26 22:54:00",1998,1.954,191.58,19.6,0
"2025-12-26 23:00:00",1999,1.947,190.98,19.6,0
"2025-12-26 23:06:00",2000,1.944,190.67,19.6,0
"2025-12-26 23:12:00",2001,1.941,190.39,19.6,0
"2025-12-26 23:18:00",2002,1.935,189.81,19.7,0
"2025-12-26 23:24:00",2003,1.932,189.43,19.7,0
"2025-12-26 23:30:00",2004,1.929,189.16,19.7,0
"2025-12-26 23:36:00",2005,1.923,188.6,19.7,0
"2025-12-26 23:42:00",2006,1.915,187.84,19.7,0
"2025-12-26 23:48:00",2007,1.905,186.82,19.7,0
"2025-12-26 23:54:00",2008,1.897,186.04,19.7,0
"2025-12-27 00:00:00",2009,1.891,185.45,19.7,0
"2025-12-27 00:06:00",2010,1.882,184.55,19.7,0
"2025-12-27 00:12:00",2011,1.875,183.87,19.8,0
"2025-12-27 00:18:00",2012,1.868,183.16,19.8,0
"2025-12-27 00:24:00",2013,1.86,182.38,19.8,0
"2025-12-27 00:30:00",2014,1.853,181.72,19.8,0
"2025-12-27 00:36:00",2015,1.838,180.24,19.8,0
"2025-12-27 00:42:00",2016,1.834,179.88,19.8,0
"2025-12-27 00:48:00",2017,1.828,179.28,19.8,0
"2025-12-27 00:54:00",2018,1.821,178.62,19.8,0
"2025-12-27 01:00:00",2019,1.818,178.31,19.8,0
"2025-12-27 01:06:00",2020,1.814,177.9,19.8,0
"2025-12-27 01:12:00",2021,1.811,177.61,19.8,0
"2025-12-27 01:18:00",2022,1.807,177.17,19.8,0
"2025-12-27 01:24:00",2023,1.801,176.58,19.8,0
"2025-12-27 01:30:00",2024,1.796,176.16,19.9,0
"2025-12-27 01:36:00",2025,1.79,175.52,19.9,0
"2025-12-27 01:42:00",2026,1.781,174.68,19.9,0
"2025-12-27 01:48:00",2027,1.772,173.73,19.9,0
"2025-12-27 01:54:00",2028,1.656,162.42,19.9,0
"2025-12-27 02:00:00",2029,1.315,128.92,19.9,0
"2025-12-27 02:06:00",2030,1.646,161.43,19.9,0
"2025-12-27 02:12:00",2031,1.648,161.64,19.9,0
"2025-12-27 02:18:00",2032,1.637,160.52,19.9,0
"2025-12-27 02:24:00",2033,1.621,158.94,19.9,0
"2025-12-27 02:30:00",2034,1.703,167.06,19.9,0
"2025-12-27 02:36:00",2035,1.665,163.24,19.9,0
"2025-12-27 02:42:00",2036,1.764,172.99,19.9,0
"2025-12-27 02:48:00",2037,1.657,162.52,19.9,0
"2025-12-27 02:54:00",2038,1.671,163.89,19.9,0
"2025-12-27 03:00:00",2039,1.718,168.52,19.9,0
"2025-12-27 03:06:00",2040,1.721,168.81,19.9,0
"2025-12-27 03:12:00",2041,1.684,165.16,20,0
"2025-12-27 03:18:00",2042,1.672,164.01,20,0
"2025-12-27 03:24:00",2043,1.688,165.52,20,0
"2025-12-27 03:30:00",2044,1.651,161.9,20,0
"2025-12-27 03:36:00",2045,1.576,154.59,20,0
"2025-12-27 03:42:00",2046,1.532,150.25,20,0
"2025-12-27 03:48:00",2047,1.439,141.17,20,0
"2025-12-27 03:54:00",2048,1.466,143.75,20,0
"2025-12-27 04:00:00",2049,1.399,137.21,20,0
"2025-12-27 04:06:00",2050,1.327,130.15,20,0
"2025-12-27 04:12:00",2051,1.264,123.96,20,0
"2025-12-27 04:18:00",2052,1.167,114.44,20,0
"2025-12-27 04:24:00",2053,1.603,157.16,20,0
"2025-12-27 04:30:00",2054,1.592,156.14,20,0
"2025-12-27 04:36:00",2055,1.612,158.09,20,0
"2025-12-27 04:42:00",2056,1.635,160.35,20,0
"2025-12-27 04:48:00",2057,1.785,175.08,20,0
"2025-12-27 04:54:00",2058,1.677,164.51,20,0
"2025-12-27 05:00:00",2059,1.654,162.18,20,0
"2025-12-27 05:06:00",2060,1.841,180.53,20,0
"2025-12-27 05:12:00",2061,1.707,167.36,20,0
"2025-12-27 05:18:00",2062,1.871,183.44,20,0
"2025-12-27 05:24:00",2063,1.808,177.31,20,0
"2025-12-27 05:30:00",2064,1.776,174.14,20,0
"2025-12-27 05:36:00",2065,1.778,174.4,20,0
"2025-12-27 05:42:00",2066,1.785,175.06,20,0
"2025-12-27 05:48:00",2067,1.789,175.49,20,0
"2025-12-27 05:54:00",2068,1.793,175.79,20,0
"2025-12-27 06:00:00",2069,1.797,176.24,20,0
"2025-12-27 06:06:00",2070,1.8,176.55,20,0
"2025-12-27 06:12:00",2071,1.805,177.06,20,0
"2025-12-27 06:18:00",2072,1.809,177.37,20,0
"2025-12-27 06:24:00",2073,1.813,177.8,20,0
"2025-12-27 06:30:00",2074,1.799,176.45,20,0
"2025-12-27 06:36:00",2075,1.793,175.82,20,0
"2025-12-27 06:42:00",2076,1.786,175.16,20,0
"2025-12-27 06:48:00",2077,1.785,175.08,20,0
"2025-12-27 06:54:00",2078,1.749,171.51,20,0
"2025-12-27 07:00:00",2079,1.711,167.77,20,0
"2025-12-27 07:06:00",2080,1.614,158.32,20,0
"2025-12-27 07:12:00",2081,1.624,159.27,20,0
"2025-12-27 07:18:00",2082,1.775,174.08,20,0
"2025-12-27 07:24:00",2083,1.821,178.55,20,0
"2025-12-27 07:30:00",2084,1.789,175.45,20,0
"2025-12-27 07:36:00",2085,1.855,181.91,20,0
"2025-12-27 07:42:00",2086,1.861,182.46,20,0
"2025-12-27 07:48:00",2087,1.863,182.73,20,0
"2025-12-27 07:54:00",2088,1.872,183.63,20,0
"2025-12-27 08:00:00",2089,1.877,184.08,20,0
"2025-12-27 08:06:00",2090,1.888,185.12,20,0
"2025-12-27 08:12:00",2091,1.881,184.42,20,0
"2025-12-27 08:18:00",2092,1.887,185.02,20,0
"2025-12-27 08:24:00",2093,1.885,184.9,20,0
"2025-12-27 08:30:00",2094,1.884,184.81,20,0
"2025-12-27 08:36:00",2095,1.857,182.12,20,0
"2025-12-27 08:42:00",2096,1.793,175.88,20.1,0
"2025-12-27 08:48:00",2097,1.734,170.04,20.1,0
"2025-12-27 08:54:00",2098,1.71,167.74,20,0
"2025-12-27 09:00:00",2099,1.704,167.14,20,0
"2025-12-27 09:06:00",2100,1.532,150.2,20.1,0
"2025-12-27 09:12:00",2101,1.711,167.77,20.1,0
"2025-12-27 09:18:00",2102,1.738,170.47,20.1,0
"2025-12-27 09:24:00",2103,1.78,174.53,20.1,0
"2025-12-27 09:30:00",2104,1.805,177.02,20.1,0
"2025-12-27 09:36:00",2105,1.841,180.54,20.1,0
"2025-12-27 09:42:00",2106,1.895,185.87,20.1,0
"2025-12-27 09:48:00",2107,1.762,172.75,20.1,0
"2025-12-27 09:54:00",2108,1.731,169.72,20.1,0
"2025-12-27 10:00:00",2109,1.661,162.94,20.1,0
"2025-12-27 10:06:00",2110,1.796,176.13,20.1,0
"2025-12-27 10:12:00",2111,1.755,172.1,20.1,0
"2025-12-27 10:18:00",2112,1.743,170.9,20.1,0
"2025-12-27 10:24:00",2113,1.71,167.68,20.1,0
"2025-12-27 10:30:00",2114,1.678,164.58,20.1,0
"2025-12-27 10:36:00",2115,1.759,172.53,20.1,0
"2025-12-27 10:42:00",2116,1.763,172.9,20.1,0
"2025-12-27 10:48:00",2117,1.798,176.36,20.1,0
"2025-12-27 10:54:00",2118,1.863,182.66,20.1,0
"2025-12-27 11:00:00",2119,1.812,177.73,20.2,0
"2025-12-27 11:06:00",2120,1.818,178.25,20.2,0
"2025-12-27 11:12:00",2121,1.809,177.44,20.2,0
"2025-12-27 11:18:00",2122,1.799,176.46,20.2,0
"2025-12-27 11:24:00",2123,1.791,175.66,20.2,0
"2025-12-27 11:30:00",2124,1.784,174.97,20.2,0
"2025-12-27 11:36:00",2125,1.779,174.42,20.2,0
"2025-12-27 11:42:00",2126,1.764,172.96,20.2,0
"2025-12-27 11:48:00",2127,1.75,171.61,20.2,0
"2025-12-27 11:54:00",2128,1.752,171.82,20.2,0
"2025-12-27 12:00:00",2129,1.752,171.81,20.2,0
"2025-12-27 12:06:00",2130,1.75,171.66,20.3,0
"2025-12-27 12:12:00",2131,1.749,171.54,20.3,0
"2025-12-27 12:18:00",2132,1.748,171.38,20.3,0
"2025-12-27 12:24:00",2133,1.747,171.31,20.3,0
"2025-12-27 12:30:00",2134,1.749,171.57,20.3,0
"2025-12-27 12:36:00",2135,1.736,170.2,20.3,0
"2025-12-27 12:42:00",2136,1.73,169.63,20.3,0
"2025-12-27 12:48:00",2137,1.713,167.98,20.4,0
"2025-12-27 12:54:00",2138,1.712,167.9,20.4,0
"2025-12-27 13:00:00",2139,1.678,164.55,20.4,0
"2025-12-27 13:06:00",2140,1.648,161.66,20.4,0
"2025-12-27 13:12:00",2141,1.593,156.21,20.4,0
"2025-12-27 13:18:00",2142,1.517,148.79,20.4,0
"2025-12-27 13:24:00",2143,1.618,158.69,20.4,0
"2025-12-27 13:30:00",2144,1.62,158.86,20.5,0
"2025-12-27 13:36:00",2145,1.645,161.3,20.5,0
"2025-12-27 13:42:00",2146,1.617,158.62,20.5,0
"2025-12-27 13:48:00",2147,1.641,160.92,20.5,0
"2025-12-27 13:54:00",2148,1.638,160.59,20.5,0
"2025-12-27 14:00:00",2149,1.634,160.22,20.5,0
"2025-12-27 14:06:00",2150,1.631,159.96,20.5,0
"2025-12-27 14:12:00",2151,1.631,159.91,20.5,0
"2025-12-27 14:18:00",2152,1.626,159.48,20.5,0
"2025-12-27 14:24:00",2153,1.621,158.94,20.5,0
"2025-12-27 14:30:00",2154,1.621,158.96,20.5,0
"2025-12-27 14:36:00",2155,1.619,158.75,20.5,0
"2025-12-27 14:42:00",2156,1.615,158.38,20.5,0
"2025-12-27 14:48:00",2157,1.609,157.83,20.5,0
"2025-12-27 14:54:00",2158,1.602,157.13,20.5,0
"2025-12-27 15:00:00",2159,1.594,156.3,20.5,0
"2025-12-27 15:06:00",2160,1.58,154.94,20.5,0
"2025-12-27 15:12:00",2161,1.58,154.9,20.5,0
"2025-12-27 15:18:00",2162,1.568,153.79,20.5,0
"2025-12-27 15:24:00",2163,1.553,152.28,20.5,0
"2025-12-27 15:30:00",2164,1.54,151.06,20.4,0
"2025-12-27 15:36:00",2165,1.562,153.21,20.4,0
"2025-12-27 15:42:00",2166,1.572,154.12,20.4,0
"2025-12-27 15:48:00",2167,1.569,153.88,20.4,0
"2025-12-27 15:54:00",2168,1.566,153.62,20.4,0
"2025-12-27 16:00:00",2169,1.566,153.62,20.4,0
"2025-12-27 16:06:00",2170,1.566,153.61,20.4,0
"2025-12-27 16:12:00",2171,1.565,153.51,20.4,0
"2025-12-27 16:18:00",2172,1.566,153.55,20.4,0
"2025-12-27 16:24:00",2173,1.567,153.69,20.4,0
"2025-12-27 16:30:00",2174,1.566,153.61,20.4,0
"2025-12-27 16:36:00",2175,1.561,153.13,20.3,0
"2025-12-27 16:42:00",2176,1.553,152.26,20.3,0
"2025-12-27 16:48:00",2177,1.52,149.08,20.3,0
"2025-12-27 16:54:00",2178,1.464,143.55,20.3,0
"2025-12-27 17:00:00",2179,1.587,155.63,20.3,0
"2025-12-27 17:06:00",2180,1.596,156.55,20.3,0
"2025-12-27 17:12:00",2181,1.604,157.33,20.3,0
"2025-12-27 17:18:00",2182,1.607,157.58,20.3,0
"2025-12-27 17:24:00",2183,1.613,158.21,20.3,0
"2025-12-27 17:30:00",2184,1.618,158.67,20.3,0
"2025-12-27 17:36:00",2185,1.623,159.12,20.3,0
"2025-12-27 17:42:00",2186,1.628,159.64,20.3,0
"2025-12-27 17:48:00",2187,1.63,159.82,20.3,0
"2025-12-27 17:54:00",2188,1.631,159.96,20.2,0
"2025-12-27 18:00:00",2189,1.633,160.13,20.2,0
"2025-12-27 18:06:00",2190,1.633,160.12,20.2,0
"2025-12-27 18:12:00",2191,1.633,160.11,20.2,0
"2025-12-27 18:18:00",2192,1.633,160.17,20.2,0
"2025-12-27 18:24:00",2193,1.635,160.38,20.2,0
"2025-12-27 18:30:00",2194,1.643,161.14,20.2,0
"2025-12-27 18:36:00",2195,1.655,162.3,20.2,0
"2025-12-27 18:42:00",2196,1.666,163.35,20.2,0
"2025-12-27 18:48:00",2197,1.677,164.48,20.2,0
"2025-12-27 18:54:00",2198,1.686,165.38,20.2,0
"2025-12-27 19:00:00",2199,1.7,166.74,20.2,0
"2025-12-27 19:06:00",2200,1.711,167.84,20.1,0
"2025-12-27 19:12:00",2201,1.72,168.68,20.1,0
"2025-12-27 19:18:00",2202,1.725,169.17,20.1,0
"2025-12-27 19:24:00",2203,1.681,164.85,20.1,0
"2025-12-27 19:30:00",2204,1.747,171.31,20.1,0
"2025-12-27 19:36:00",2205,1.749,171.57,20.1,0
"2025-12-27 19:42:00",2206,1.753,171.92,20.1,0
"2025-12-27 19:48:00",2207,1.756,172.19,20.1,0
"2025-12-27 19:54:00",2208,1.756,172.23,20.1,0
"2025-12-27 20:00:00",2209,1.755,172.07,20.1,0
"2025-12-27 20:06:00",2210,1.753,171.96,20.1,0
"2025-12-27 20:12:00",2211,1.753,171.96,20.1,0
"2025-12-27 20:18:00",2212,1.766,173.16,20.1,0
"2025-12-27 20:24:00",2213,1.769,173.5,20.1,0
"2025-12-27 20:30:00",2214,1.769,173.53,20,0
"2025-12-27 20:36:00",2215,1.785,175.03,20,0
"2025-12-27 20:42:00",2216,1.793,175.8,20,0
"2025-12-27 20:48:00",2217,1.8,176.52,20,0
"2025-12-27 20:54:00",2218,1.811,177.59,20,0
"2025-12-27 21:00:00",2219,1.817,178.16,20,0
"2025-12-27 21:06:00",2220,1.823,178.75,20,0
"2025-12-27 21:12:00",2221,1.83,179.48,20,0
"2025-12-27 21:18:00",2222,1.829,179.37,20,0
"2025-12-27 21:24:00",2223,1.828,179.26,20,0
"2025-12-27 21:30:00",2224,1.826,179.03,20,0
"2025-12-27 21:36:00",2225,1.821,178.55,20,0
"2025-12-27 21:42:00",2226,1.817,178.18,19.9,0
"2025-12-27 21:48:00",2227,1.811,177.56,19.9,0
"2025-12-27 21:54:00",2228,1.808,177.3,19.9,0
"2025-12-27 22:00:00",2229,1.807,177.17,19.9,0
"2025-12-27 22:06:00",2230,1.805,176.97,19.9,0
"2025-12-27 22:12:00",2231,1.808,177.31,19.9,0
"2025-12-27 22:18:00",2232,1.813,177.8,19.9,0
"2025-12-27 22:24:00",2233,1.816,178.11,19.9,0
"2025-12-27 22:30:00",2234,1.823,178.77,19.9,0
"2025-12-27 22:36:00",2235,1.829,179.36,19.9,0
"2025-12-27 22:42:00",2236,1.834,179.83,19.9,0
"2025-12-27 22:48:00",2237,1.839,180.33,19.9,0
"2025-12-27 22:54:00",2238,1.839,180.36,19.9,0
"2025-12-27 23:00:00",2239,1.839,180.32,19.9,0
"2025-12-27 23:06:00",2240,1.836,180.09,19.9,0
"2025-12-27 23:12:00",2241,1.828,179.3,19.9,0
"2025-12-27 23:18:00",2242,1.819,178.4,19.9,0
"2025-12-27 23:24:00",2243,1.809,177.42,19.9,0
"2025-12-27 23:30:00",2244,1.799,176.44,19.9,0
"2025-12-27 23:36:00",2245,1.79,175.56,19.9,0
"2025-12-27 23:42:00",2246,1.781,174.65,19.9,0
"2025-12-27 23:48:00",2247,1.774,173.96,19.8,0
"2025-12-27 23:54:00",2248,1.77,173.57,19.8,0
"2025-12-28 00:00:00",2249,1.766,173.2,19.8,0
"2025-12-28 00:06:00",2250,1.765,173.05,19.8,0
"2025-12-28 00:12:00",2251,1.765,173.13,19.8,0
"2025-12-28 00:18:00",2252,1.766,173.2,19.8,0
"2025-12-28 00:24:00",2253,1.768,173.4,19.8,0
"2025-12-28 00:30:00",2254,1.769,173.5,19.8,0
"2025-12-28 00:36:00",2255,1.767,173.29,19.8,0
"2025-12-28 00:42:00",2256,1.764,172.98,19.8,0
"2025-12-28 00:48:00",2257,1.758,172.44,19.8,0
"2025-12-28 00:54:00",2258,1.752,171.79,19.8,0
"2025-12-28 01:00:00",2259,1.745,171.09,19.8,0
"2025-12-28 01:06:00",2260,1.736,170.22,19.8,0
"2025-12-28 01:12:00",2261,1.727,169.36,19.8,0
"2025-12-28 01:18:00",2262,1.718,168.53,19.8,0
"2025-12-28 01:24:00",2263,1.71,167.73,19.8,0
"2025-12-28 01:30:00",2264,1.703,166.98,19.8,0
"2025-12-28 01:36:00",2265,1.695,166.26,19.8,0
"2025-12-28 01:42:00",2266,1.69,165.76,19.8,0
"2025-12-28 01:48:00",2267,1.687,165.42,19.8,0
"2025-12-28 01:54:00",2268,1.684,165.12,19.7,0
"2025-12-28 02:00:00",2269,1.681,164.84,19.7,0
"2025-12-28 02:06:00",2270,1.679,164.63,19.7,0
"2025-12-28 02:12:00",2271,1.678,164.52,19.7,0
"2025-12-28 02:18:00",2272,1.675,164.26,19.7,0
"2025-12-28 02:24:00",2273,1.67,163.74,19.7,0
"2025-12-28 02:30:00",2274,1.664,163.17,19.7,0
"2025-12-28 02:36:00",2275,1.511,148.15,19.7,0
"2025-12-28 02:42:00",2276,1.353,132.65,19.7,0
"2025-12-28 02:48:00",2277,1.352,132.54,19.7,0
"2025-12-28 02:54:00",2278,1.38,135.37,19.7,0
"2025-12-28 03:00:00",2279,1.391,136.39,19.7,0
"2025-12-28 03:06:00",2280,1.394,136.71,19.7,0
"2025-12-28 03:12:00",2281,1.434,140.66,19.7,0
"2025-12-28 03:18:00",2282,1.334,130.85,19.7,0
"2025-12-28 03:24:00",2283,1.679,164.65,19.7,0
"2025-12-28 03:30:00",2284,1.484,145.51,19.7,0
"2025-12-28 03:36:00",2285,1.423,139.59,19.7,0
"2025-12-28 03:42:00",2286,1.267,124.22,19.7,0
"2025-12-28 03:48:00",2287,1.32,129.47,19.7,0
"2025-12-28 03:54:00",2288,1.535,150.58,19.7,0
"2025-12-28 04:00:00",2289,1.558,152.78,19.7,0
"2025-12-28 04:06:00",2290,1.582,155.14,19.7,0
"2025-12-28 04:12:00",2291,1.625,159.32,19.7,0
"2025-12-28 04:18:00",2292,1.656,162.37,19.7,0
"2025-12-28 04:24:00",2293,1.638,160.64,19.7,0
"2025-12-28 04:30:00",2294,1.643,161.08,19.7,0
"2025-12-28 04:36:00",2295,1.65,161.85,19.7,0
"2025-12-28 04:42:00",2296,1.583,155.24,19.7,0
"2025-12-28 04:48:00",2297,1.506,147.72,19.7,0
"2025-12-28 04:54:00",2298,1.492,146.3,19.7,0
"2025-12-28 05:00:00",2299,1.425,139.79,19.7,0
"2025-12-28 05:06:00",2300,1.517,148.77,19.7,0
"2025-12-28 05:12:00",2301,1.563,153.24,19.7,0
"2025-12-28 05:18:00",2302,1.608,157.66,19.7,0
"2025-12-28 05:24:00",2303,1.743,170.92,19.7,0
"2025-12-28 05:30:00",2304,1.688,165.51,19.7,0
"2025-12-28 05:36:00",2305,1.695,166.24,19.7,0
"2025-12-28 05:42:00",2306,1.699,166.6,19.7,0
"2025-12-28 05:48:00",2307,1.634,160.2,19.7,0
"2025-12-28 05:54:00",2308,1.627,159.6,19.7,0
"2025-12-28 06:00:00",2309,1.629,159.72,19.7,0
"2025-12-28 06:06:00",2310,1.594,156.36,19.7,0
"2025-12-28 06:12:00",2311,1.593,156.24,19.7,0
"2025-12-28 06:18:00",2312,1.522,149.27,19.7,0
"2025-12-28 06:24:00",2313,1.702,166.92,19.7,0
"2025-12-28 06:30:00",2314,1.687,165.44,19.7,0
"2025-12-28 06:36:00",2315,1.722,168.91,19.7,0
"2025-12-28 06:42:00",2316,1.764,173.01,19.7,0
"2025-12-28 06:48:00",2317,1.793,175.81,19.7,0
"2025-12-28 06:54:00",2318,1.788,175.34,19.7,0
"2025-12-28 07:00:00",2319,1.813,177.82,19.7,0
"2025-12-28 07:06:00",2320,1.824,178.86,19.7,0
"2025-12-28 07:12:00",2321,1.838,180.22,19.7,0
"2025-12-28 07:18:00",2322,1.804,176.91,19.7,0
"2025-12-28 07:24:00",2323,1.824,178.86,19.7,0
"2025-12-28 07:30:00",2324,1.857,182.16,19.7,0
"2025-12-28 07:36:00",2325,1.819,178.38,19.7,0
"2025-12-28 07:42:00",2326,1.788,175.34,19.7,0
"2025-12-28 07:48:00",2327,1.788,175.31,19.7,0
"2025-12-28 07:54:00",2328,1.725,169.12,19.7,0
"2025-12-28 08:00:00",2329,1.722,168.91,19.7,0
"2025-12-28 08:06:00",2330,1.8,176.54,19.7,0
"2025-12-28 08:12:00",2331,1.811,177.58,19.8,0
"2025-12-28 08:18:00",2332,1.807,177.22,19.8,0
"2025-12-28 08:24:00",2333,1.862,182.57,19.8,0
"2025-12-28 08:30:00",2334,1.894,185.73,19.8,0
"2025-12-28 08:36:00",2335,1.867,183.05,19.8,0
"2025-12-28 08:42:00",2336,1.882,184.6,19.8,0
"2025-12-28 08:48:00",2337,1.883,184.63,19.8,0
"2025-12-28 08:54:00",2338,1.925,188.8,19.8,0
"2025-12-28 09:00:00",2339,1.92,188.33,19.8,0
"2025-12-28 09:06:00",2340,1.889,185.23,19.8,0
"2025-12-28 09:12:00",2341,1.905,186.83,19.8,0
"2025-12-28 09:18:00",2342,1.873,183.69,19.9,0
"2025-12-28 09:24:00",2343,1.998,195.97,19.9,0
"2025-12-28 09:30:00",2344,2,196.18,19.9,0
"2025-12-28 09:36:00",2345,2.002,196.3,19.9,0
"2025-12-28 09:42:00",2346,2,196.17,19.9,0
"2025-12-28 09:48:00",2347,2.01,197.16,19.9,0
"2025-12-28 09:54:00",2348,2.016,197.7,19.9,0
"2025-12-28 10:00:00",2349,2.018,197.88,19.9,0
"2025-12-28 10:06:00",2350,2.013,197.41,19.9,0
"2025-12-28 10:12:00",2351,2.011,197.21,19.9,0
"2025-12-28 10:18:00",2352,2.018,197.95,19.9,0
"2025-12-28 10:24:00",2353,2.025,198.55,19.9,0
"2025-12-28 10:30:00",2354,2.027,198.79,19.9,0
"2025-12-28 10:36:00",2355,2.024,198.45,19.9,0
"2025-12-28 10:42:00",2356,2.023,198.43,20,0
"2025-12-28 10:48:00",2357,2.027,198.79,20,0
"2025-12-28 10:54:00",2358,2.029,198.97,20,0
"2025-12-28 11:00:00",2359,2.029,199.03,20.1,0
"2025-12-28 11:06:00",2360,2.025,198.57,20.1,0
"2025-12-28 11:12:00",2361,2.026,198.66,20.1,0
"2025-12-28 11:18:00",2362,2.018,197.89,20.1,0
"2025-12-28 11:24:00",2363,2.017,197.85,20.1,0
"2025-12-28 11:30:00",2364,1.992,195.32,20,0
"2025-12-28 11:36:00",2365,1.968,193.02,20,0
"2025-12-28 11:42:00",2366,1.916,187.92,20,0
"2025-12-28 11:48:00",2367,1.965,192.74,20,0
"2025-12-28 11:54:00",2368,1.966,192.81,20,0
"2025-12-28 12:00:00",2369,1.974,193.59,20,0
"2025-12-28 12:06:00",2370,1.969,193.14,20,0
"2025-12-28 12:12:00",2371,1.976,193.81,20,0
"2025-12-28 12:18:00",2372,1.993,195.46,20,0
"2025-12-28 12:24:00",2373,1.984,194.58,20,0
"2025-12-28 12:30:00",2374,1.982,194.34,20,0
"2025-12-28 12:36:00",2375,1.986,194.75,20,0
"2025-12-28 12:42:00",2376,1.976,193.76,20,0
"2025-12-28 12:48:00",2377,1.974,193.62,20.1,0
"2025-12-28 12:54:00",2378,1.971,193.33,20.1,0
"2025-12-28 13:00:00",2379,1.955,191.73,20.1,0
"2025-12-28 13:06:00",2380,1.979,194.11,20,0
"2025-12-28 13:12:00",2381,1.977,193.91,20,0
"2025-12-28 13:18:00",2382,1.975,193.65,20,0
"2025-12-28 13:24:00",2383,1.971,193.25,20,0
"2025-12-28 13:30:00",2384,1.965,192.67,20,0
"2025-12-28 13:36:00",2385,1.958,191.99,20,0
"2025-12-28 13:42:00",2386,1.95,191.24,20.1,0
"2025-12-28 13:48:00",2387,1.943,190.53,20.1,0
"2025-12-28 13:54:00",2388,1.936,189.83,20.1,0
"2025-12-28 14:00:00",2389,1.927,188.94,20.1,0
"2025-12-28 14:06:00",2390,1.911,187.37,20,0
"2025-12-28 14:12:00",2391,1.904,186.74,20,0
"2025-12-28 14:18:00",2392,1.899,186.23,20,0
"2025-12-28 14:24:00",2393,1.896,185.95,20,0
"2025-12-28 14:30:00",2394,1.893,185.68,20,0
"2025-12-28 14:36:00",2395,1.89,185.35,20.1,0
"2025-12-28 14:42:00",2396,1.888,185.19,20.1,0
"2025-12-28 14:48:00",2397,1.887,185.07,20.1,0
"2025-12-28 14:54:00",2398,1.885,184.9,20.1,0
"2025-12-28 15:00:00",2399,1.883,184.68,20.1,0
"2025-12-28 15:06:00",2400,1.881,184.42,20,0
"2025-12-28 15:12:00",2401,1.879,184.25,20,0
"2025-12-28 15:18:00",2402,1.878,184.17,20,0
"2025-12-28 15:24:00",2403,1.878,184.14,20,0
"2025-12-28 15:30:00",2404,1.877,184.07,20,0
"2025-12-28 15:36:00",2405,1.874,183.82,20.1,0
"2025-12-28 15:42:00",2406,1.869,183.27,20.1,0
"2025-12-28 15:48:00",2407,1.86,182.44,20,0
"2025-12-28 15:54:00",2408,1.851,181.54,20,0
"2025-12-28 16:00:00",2409,1.842,180.65,20,0
"2025-12-28 16:06:00",2410,1.833,179.78,20,0
"2025-12-28 16:12:00",2411,1.825,178.98,20,0
"2025-12-28 16:18:00",2412,1.819,178.38,20,0
"2025-12-28 16:24:00",2413,1.815,178.02,20,0
"2025-12-28 16:30:00",2414,1.815,177.96,19.9,0
"2025-12-28 16:36:00",2415,1.815,177.96,19.9,0
"2025-12-28 16:42:00",2416,1.814,177.91,19.9,0
"2025-12-28 16:48:00",2417,1.816,178.11,19.9,0
"2025-12-28 16:54:00",2418,1.82,178.47,19.9,0
"2025-12-28 17:00:00",2419,1.824,178.91,19.9,0
"2025-12-28 17:06:00",2420,1.829,179.32,19.9,0
"2025-12-28 17:12:00",2421,1.834,179.85,19.9,0
"2025-12-28 17:18:00",2422,1.842,180.62,19.9,0
"2025-12-28 17:24:00",2423,1.847,181.13,20,0
"2025-12-28 17:30:00",2424,1.85,181.41,20,0
"2025-12-28 17:36:00",2425,1.852,181.64,20,0
"2025-12-28 17:42:00",2426,1.854,181.82,20,0
"2025-12-28 17:48:00",2427,1.855,181.91,20,0
"2025-12-28 17:54:00",2428,1.855,181.88,20,0
"2025-12-28 18:00:00",2429,1.854,181.78,20,0
"2025-12-28 18:06:00",2430,1.855,181.89,20,0
"2025-12-28 18:12:00",2431,1.86,182.42,20,0
"2025-12-28 18:18:00",2432,1.865,182.94,20,0
"2025-12-28 18:24:00",2433,1.87,183.42,20,0
"2025-12-28 18:30:00",2434,1.875,183.89,20,0
"2025-12-28 18:36:00",2435,1.88,184.35,20,0
"2025-12-28 18:42:00",2436,1.885,184.9,20,0
"2025-12-28 18:48:00",2437,1.889,185.29,20,0
"2025-12-28 18:54:00",2438,1.894,185.77,20,0
"2025-12-28 19:00:00",2439,1.901,186.38,20,0
"2025-12-28 19:06:00",2440,1.875,183.92,20,0
"2025-12-28 19:12:00",2441,1.929,189.14,20,0
"2025-12-28 19:18:00",2442,1.934,189.71,20,0
"2025-12-28 19:24:00",2443,1.943,190.53,20,0
"2025-12-28 19:30:00",2444,1.949,191.18,20,0
"2025-12-28 19:36:00",2445,1.955,191.71,20,0
"2025-12-28 19:42:00",2446,1.963,192.55,20,0
"2025-12-28 19:48:00",2447,1.973,193.5,20,0
"2025-12-28 19:54:00",2448,1.979,194.05,20,0
"2025-12-28 20:00:00",2449,1.97,193.18,20,0
"2025-12-28 20:06:00",2450,1.882,184.57,20,0
"2025-12-28 20:12:00",2451,1.804,176.95,20,0
"2025-12-28 20:18:00",2452,1.712,167.93,20,0
"2025-12-28 20:24:00",2453,1.737,170.34,20,0
"2025-12-28 20:30:00",2454,1.923,188.54,20,0
"2025-12-28 20:36:00",2455,1.819,178.42,20,0
"2025-12-28 20:42:00",2456,1.879,184.25,20,0
"2025-12-28 20:48:00",2457,1.99,195.12,20,0
"2025-12-28 20:54:00",2458,2.016,197.74,20,0
"2025-12-28 21:00:00",2459,1.977,193.92,20,0
"2025-12-28 21:06:00",2460,2.022,198.28,20,0
"2025-12-28 21:12:00",2461,2.036,199.62,20.1,0
"2025-12-28 21:18:00",2462,2.033,199.35,20.1,0
"2025-12-28 21:24:00",2463,2.041,200.11,20,0
"2025-12-28 21:30:00",2464,2.036,199.69,20,0
"2025-12-28 21:36:00",2465,2.041,200.13,20.1,0
"2025-12-28 21:42:00",2466,2.04,200.02,20,0
"2025-12-28 21:48:00",2467,1.999,196.04,20,0
"2025-12-28 21:54:00",2468,1.967,192.88,20.1,0
"2025-12-28 22:00:00",2469,1.93,189.24,20.1,0
"2025-12-28 22:06:00",2470,2.01,197.14,20.1,0
"2025-12-28 22:12:00",2471,2.103,206.24,20.1,0
"2025-12-28 22:18:00",2472,2.063,202.31,20.1,0
"2025-12-28 22:24:00",2473,2.074,203.43,20.1,0
"2025-12-28 22:30:00",2474,2.078,203.83,20.1,0
"2025-12-28 22:36:00",2475,2.077,203.69,20.1,0
"2025-12-28 22:42:00",2476,2.074,203.35,20.1,0
"2025-12-28 22:48:00",2477,2.062,202.24,20.1,0
"2025-12-28 22:54:00",2478,1.947,190.95,20.1,0
"2025-12-28 23:00:00",2479,2.057,201.74,20.1,0
"2025-12-28 23:06:00",2480,2.056,201.64,20.1,0
"2025-12-28 23:12:00",2481,2.044,200.5,20.1,0
"2025-12-28 23:18:00",2482,2.042,200.27,20.1,0
"2025-12-28 23:24:00",2483,2.042,200.21,20.1,0
"2025-12-28 23:30:00",2484,2.038,199.82,20.1,0
"2025-12-28 23:36:00",2485,2.038,199.88,20.1,0
"2025-12-28 23:42:00",2486,2.04,200.08,20.1,0
"2025-12-28 23:48:00",2487,2.038,199.87,20.1,0
"2025-12-28 23:54:00",2488,2.037,199.78,20.1,0
"2025-12-29 00:00:00",2489,2.031,199.13,20.1,0
"2025-12-29 00:06:00",2490,2.031,199.22,20.1,0
"2025-12-29 00:12:00",2491,2.038,199.85,20.1,0
"2025-12-29 00:18:00",2492,2.027,198.74,20.1,0
"2025-12-29 00:24:00",2493,2.028,198.85,20.1,0
"2025-12-29 00:30:00",2494,1.98,194.17,20.1,0
"2025-12-29 00:36:00",2495,1.92,188.27,20.1,0
"2025-12-29 00:42:00",2496,2.006,196.75,20.1,0
"2025-12-29 00:48:00",2497,2.001,196.26,20.1,0
"2025-12-29 00:54:00",2498,1.995,195.6,20.1,0
"2025-12-29 01:00:00",2499,1.985,194.63,20.2,0
"2025-12-29 01:06:00",2500,1.967,192.95,20.2,0
"2025-12-29 01:12:00",2501,1.962,192.42,20.2,0
"2025-12-29 01:18:00",2502,1.955,191.72,20.2,0
"2025-12-29 01:24:00",2503,1.948,191.07,20.2,0
"2025-12-29 01:30:00",2504,1.945,190.7,20.2,0
"2025-12-29 01:36:00",2505,1.941,190.32,20.2,0
"2025-12-29 01:42:00",2506,1.937,189.93,20.2,0
"2025-12-29 01:48:00",2507,1.934,189.64,20.2,0
"2025-12-29 01:54:00",2508,1.931,189.38,20.2,0
"2025-12-29 02:00:00",2509,1.928,189.07,20.2,0
"2025-12-29 02:06:00",2510,1.921,188.41,20.2,0
"2025-12-29 02:12:00",2511,1.914,187.74,20.2,0
"2025-12-29 02:18:00",2512,1.907,187.06,20.2,0
"2025-12-29 02:24:00",2513,1.9,186.29,20.2,0
"2025-12-29 02:30:00",2514,1.891,185.42,20.2,0
"2025-12-29 02:36:00",2515,1.881,184.42,20.2,0
"2025-12-29 02:42:00",2516,1.873,183.67,20.2,0
"2025-12-29 02:48:00",2517,1.866,182.99,20.2,0
"2025-12-29 02:54:00",2518,1.858,182.2,20.2,0
"2025-12-29 03:00:00",2519,1.85,181.41,20.3,0
"2025-12-29 03:06:00",2520,1.841,180.57,20.3,0
"2025-12-29 03:12:00",2521,1.836,180.08,20.3,0
"2025-12-29 03:18:00",2522,1.833,179.73,20.3,0
"2025-12-29 03:24:00",2523,1.826,179.1,20.3,0
"2025-12-29 03:30:00",2524,1.819,178.38,20.3,0
"2025-12-29 03:36:00",2525,1.813,177.75,20.3,0
"2025-12-29 03:42:00",2526,1.809,177.39,20.3,0
"2025-12-29 03:48:00",2527,1.804,176.96,20.3,0
"2025-12-29 03:54:00",2528,1.799,176.39,20.3,0
"2025-12-29 04:00:00",2529,1.794,175.89,20.3,0
"2025-12-29 04:06:00",2530,1.789,175.42,20.3,0
"2025-12-29 04:12:00",2531,1.784,174.95,20.3,0
"2025-12-29 04:18:00",2532,1.695,166.22,20.3,0
"2025-12-29 04:24:00",2533,1.766,173.2,20.3,0
"2025-12-29 04:30:00",2534,1.775,174.05,20.4,0
"2025-12-29 04:36:00",2535,1.762,172.82,20.4,0
"2025-12-29 04:42:00",2536,1.764,173.03,20.4,0
"2025-12-29 04:48:00",2537,1.763,172.92,20.4,0
"2025-12-29 04:54:00",2538,1.76,172.57,20.4,0
"2025-12-29 05:00:00",2539,1.76,172.58,20.4,0
"2025-12-29 05:06:00",2540,1.763,172.88,20.4,0
"2025-12-29 05:12:00",2541,1.766,173.2,20.4,0
"2025-12-29 05:18:00",2542,1.769,173.47,20.4,0
"2025-12-29 05:24:00",2543,1.769,173.47,20.4,0
"2025-12-29 05:30:00",2544,1.775,174.08,20.4,0
"2025-12-29 05:36:00",2545,1.788,175.35,20.4,0
"2025-12-29 05:42:00",2546,1.791,175.62,20.4,0
"2025-12-29 05:48:00",2547,1.795,176.08,20.5,0
"2025-12-29 05:54:00",2548,1.801,176.61,20.5,0
"2025-12-29 06:00:00",2549,1.805,177.01,20.5,0
"2025-12-29 06:06:00",2550,1.805,177.02,20.5,0
"2025-12-29 06:12:00",2551,1.805,177.03,20.5,0
"2025-12-29 06:18:00",2552,1.81,177.54,20.5,0
"2025-12-29 06:24:00",2553,1.814,177.9,20.5,0
"2025-12-29 06:30:00",2554,1.814,177.91,20.5,0
"2025-12-29 06:36:00",2555,1.817,178.2,20.5,0
"2025-12-29 06:42:00",2556,1.824,178.86,20.5,0
"2025-12-29 06:48:00",2557,1.831,179.55,20.5,0
"2025-12-29 06:54:00",2558,1.836,180.04,20.6,0
"2025-12-29 07:00:00",2559,1.843,180.77,20.6,0
"2025-12-29 07:06:00",2560,1.852,181.66,20.6,0
"2025-12-29 07:12:00",2561,1.861,182.55,20.6,0
"2025-12-29 07:18:00",2562,1.87,183.43,20.6,0
"2025-12-29 07:24:00",2563,1.875,183.91,20.6,0
"2025-12-29 07:30:00",2564,1.882,184.59,20.6,0
"2025-12-29 07:36:00",2565,1.893,185.63,20.6,0
"2025-12-29 07:42:00",2566,1.902,186.5,20.6,0
"2025-12-29 07:48:00",2567,1.908,187.14,20.6,0
"2025-12-29 07:54:00",2568,1.912,187.54,20.6,0
"2025-12-29 08:00:00",2569,1.919,188.2,20.7,0
"2025-12-29 08:06:00",2570,1.929,189.18,20.7,0
"2025-12-29 08:12:00",2571,1.936,189.84,20.7,0
"2025-12-29 08:18:00",2572,1.85,181.39,20.7,0
"2025-12-29 08:24:00",2573,1.891,185.43,20.7,0
"2025-12-29 08:30:00",2574,1.929,189.17,20.7,0
"2025-12-29 08:36:00",2575,1.931,189.4,20.7,0
"2025-12-29 08:42:00",2576,1.944,190.61,20.7,0
"2025-12-29 08:48:00",2577,1.978,194,20.7,0
"2025-12-29 08:54:00",2578,1.957,191.89,20.7,0
"2025-12-29 09:00:00",2579,1.988,194.92,20.8,0
"2025-12-29 09:06:00",2580,1.996,195.72,20.8,0
"2025-12-29 09:12:00",2581,1.998,195.96,20.8,0
"2025-12-29 09:18:00",2582,2.012,197.31,20.8,0
"2025-12-29 09:24:00",2583,2.026,198.72,20.8,0
"2025-12-29 09:30:00",2584,2.038,199.83,20.8,0
"2025-12-29 09:36:00",2585,2.054,201.39,20.8,0
"2025-12-29 09:42:00",2586,2.064,202.46,20.8,0
"2025-12-29 09:48:00",2587,2.072,203.18,20.8,0
"2025-12-29 09:54:00",2588,2.077,203.7,20.8,0
"2025-12-29 10:00:00",2589,2.084,204.36,20.9,0
"2025-12-29 10:06:00",2590,2.093,205.25,20.9,0
"2025-12-29 10:12:00",2591,2.099,205.87,20.9,0
"2025-12-29 10:18:00",2592,2.103,206.25,20.9,0
"2025-12-29 10:24:00",2593,2.106,206.55,20.9,0
"2025-12-29 10:30:00",2594,2.108,206.69,20.9,0
"2025-12-29 10:36:00",2595,2.108,206.7,20.9,0
"2025-12-29 10:42:00",2596,2.106,206.54,20.9,0
"2025-12-29 10:48:00",2597,2.102,206.1,20.9,0
"2025-12-29 10:54:00",2598,2.097,205.65,20.9,0
"2025-12-29 11:00:00",2599,2.095,205.43,21,0
"2025-12-29 11:06:00",2600,2.091,205.04,21,0
"2025-12-29 11:12:00",2601,2.089,204.9,21,0
"2025-12-29 11:18:00",2602,2.096,205.55,21,0
"2025-12-29 11:24:00",2603,2.105,206.39,21,0
"2025-12-29 11:30:00",2604,2.108,206.72,21,0
"2025-12-29 11:36:00",2605,2.107,206.64,21,0
"2025-12-29 11:42:00",2606,2.109,206.82,21,0
"2025-12-29 11:48:00",2607,2.111,207.01,21,0
"2025-12-29 11:54:00",2608,2.109,206.83,21,0
"2025-12-29 12:00:00",2609,2.106,206.5,21,0
"2025-12-29 12:06:00",2610,2.105,206.45,21,0
"2025-12-29 12:12:00",2611,2.101,206.01,21.1,0
"2025-12-29 12:18:00",2612,2.091,205.03,21.1,0
"2025-12-29 12:24:00",2613,2.083,204.25,21.1,0
"2025-12-29 12:30:00",2614,2.076,203.62,21.1,0
"2025-12-29 12:36:00",2615,2.063,202.32,21.1,0
"2025-12-29 12:42:00",2616,2.054,201.44,21.1,0
"2025-12-29 12:48:00",2617,2.048,200.84,21.1,0
"2025-12-29 12:54:00",2618,2.041,200.11,21,0
"2025-12-29 13:00:00",2619,2.033,199.4,20.8,0
"2025-12-29 13:06:00",2620,2.028,198.89,20.6,0
"2025-12-29 13:12:00",2621,2.024,198.45,20.5,0
"2025-12-29 13:18:00",2622,2.019,198.02,20.3,0
"2025-12-29 13:24:00",2623,2.015,197.59,20.1,0
"2025-12-29 13:30:00",2624,2,196.13,19.9,0
"2025-12-29 13:36:00",2625,1.989,195.08,19.8,0
"2025-12-29 13:42:00",2626,1.974,193.59,19.6,0
"2025-12-29 13:48:00",2627,1.966,192.84,19.6,0
"2025-12-29 13:54:00",2628,1.96,192.26,19.7,0
"2025-12-29 14:00:00",2629,1.953,191.57,19.7,0
"2025-12-29 14:06:00",2630,1.947,190.95,19.8,0
"2025-12-29 14:12:00",2631,1.943,190.5,19.9,0
"2025-12-29 14:18:00",2632,1.933,189.61,19.9,0
"2025-12-29 14:24:00",2633,1.918,188.05,20,0
"2025-12-29 14:30:00",2634,1.907,187.04,20.1,0
"2025-12-29 14:36:00",2635,1.897,186.03,20.1,0
"2025-12-29 14:42:00",2636,1.878,184.22,20.1,0
"2025-12-29 14:48:00",2637,1.872,183.59,20.2,0
"2025-12-29 14:54:00",2638,1.853,181.72,20.2,0
"2025-12-29 15:00:00",2639,1.834,179.85,20.2,0
"2025-12-29 15:06:00",2640,1.824,178.88,20.3,0
"2025-12-29 15:12:00",2641,1.81,177.48,20.3,0
"2025-12-29 15:18:00",2642,1.793,175.83,20.3,0
"2025-12-29 15:24:00",2643,1.782,174.71,20.4,0
"2025-12-29 15:30:00",2644,1.768,173.43,20.4,0
"2025-12-29 15:36:00",2645,1.764,172.98,20.4,0
"2025-12-29 15:42:00",2646,1.764,172.97,20.4,0
"2025-12-29 15:48:00",2647,1.761,172.73,20.4,0
"2025-12-29 15:54:00",2648,1.756,172.25,20.4,0
"2025-12-29 16:00:00",2649,1.732,169.86,20.4,0
"2025-12-29 16:06:00",2650,1.735,170.17,20.4,0
"2025-12-29 16:12:00",2651,1.736,170.25,20.5,0
"2025-12-29 16:18:00",2652,1.722,168.83,20.5,0
"2025-12-29 16:24:00",2653,1.696,166.33,20.5,0
"2025-12-29 16:30:00",2654,1.695,166.21,20.5,0
"2025-12-29 16:36:00",2655,1.69,165.76,20.5,0
"2025-12-29 16:42:00",2656,1.676,164.37,20.5,0
"2025-12-29 16:48:00",2657,1.668,163.57,20.5,0
"2025-12-29 16:54:00",2658,1.658,162.63,20.5,0
"2025-12-29 17:00:00",2659,1.653,162.1,20.4,0
"2025-12-29 17:06:00",2660,1.642,160.98,20.4,0
"2025-12-29 17:12:00",2661,1.633,160.17,20.4,0
"2025-12-29 17:18:00",2662,1.625,159.36,20.4,0
"2025-12-29 17:24:00",2663,1.612,158.05,20.4,0
"2025-12-29 17:30:00",2664,1.608,157.73,20.4,0
"2025-12-29 17:36:00",2665,1.611,158.02,20.4,0
"2025-12-29 17:42:00",2666,1.599,156.81,20.4,0
"2025-12-29 17:48:00",2667,1.595,156.4,20.3,0
"2025-12-29 17:54:00",2668,1.571,154.03,20.3,0
"2025-12-29 18:00:00",2669,1.563,153.3,20.3,0
"2025-12-29 18:06:00",2670,1.556,152.61,20.3,0
"2025-12-29 18:12:00",2671,1.469,144.11,20.3,0
"2025-12-29 18:18:00",2672,1.423,139.55,20.2,0
"2025-12-29 18:24:00",2673,1.447,141.93,20.2,0
"2025-12-29 18:30:00",2674,1.441,141.36,20.2,0
"2025-12-29 18:36:00",2675,1.44,141.24,20.2,0
"2025-12-29 18:42:00",2676,1.456,142.81,20.2,0
"2025-12-29 18:48:00",2677,1.458,143.03,20.1,0
"2025-12-29 18:54:00",2678,1.454,142.63,20.1,0
"2025-12-29 19:00:00",2679,1.445,141.73,20.1,0
"2025-12-29 19:06:00",2680,1.432,140.42,20.1,0
"2025-12-29 19:12:00",2681,1.446,141.76,20,0
"2025-12-29 19:18:00",2682,1.449,142.11,20,0
"2025-12-29 19:24:00",2683,1.462,143.36,20,0
"2025-12-29 19:30:00",2684,1.47,144.16,20,0
"2025-12-29 19:36:00",2685,1.487,145.86,19.9,0
"2025-12-29 19:42:00",2686,1.504,147.45,19.9,0
"2025-12-29 19:48:00",2687,1.512,148.31,19.9,0
"2025-12-29 19:54:00",2688,1.521,149.19,19.8,0
"2025-12-29 20:00:00",2689,1.525,149.51,19.8,0
"2025-12-29 20:06:00",2690,1.525,149.59,19.8,0
"2025-12-29 20:12:00",2691,1.536,150.65,19.7,0
"2025-12-29 20:18:00",2692,1.536,150.66,19.7,0
"2025-12-29 20:24:00",2693,1.534,150.45,19.7,0
"2025-12-29 20:30:00",2694,1.531,150.14,19.7,0
"2025-12-29 20:36:00",2695,1.517,148.76,19.7,0
"2025-12-29 20:42:00",2696,1.508,147.88,19.8,0
"2025-12-29 20:48:00",2697,1.5,147.14,19.8,0
"2025-12-29 20:54:00",2698,1.485,145.66,19.8,0
"2025-12-29 21:00:00",2699,1.474,144.58,19.7,0
"2025-12-29 21:06:00",2700,1.465,143.71,19.7,0
"2025-12-29 21:12:00",2701,1.462,143.4,19.7,0
"2025-12-29 21:18:00",2702,1.465,143.71,19.7,0
"2025-12-29 21:24:00",2703,1.468,143.99,19.7,0
"2025-12-29 21:30:00",2704,1.47,144.14,19.7,0
"2025-12-29 21:36:00",2705,1.483,145.42,19.7,0
"2025-12-29 21:42:00",2706,1.493,146.46,19.7,0
"2025-12-29 21:48:00",2707,1.509,147.98,19.6,0
"2025-12-29 21:54:00",2708,1.513,148.41,19.6,0
"2025-12-29 22:00:00",2709,1.515,148.57,19.6,0
"2025-12-29 22:06:00",2710,1.513,148.36,19.6,0
"2025-12-29 22:12:00",2711,1.481,145.26,19.6,0
"2025-12-29 22:18:00",2712,1.406,137.86,19.6,0
"2025-12-29 22:24:00",2713,1.407,138,19.6,0
"2025-12-29 22:30:00",2714,1.454,142.56,19.6,0
"2025-12-29 22:36:00",2715,1.526,149.62,19.5,0
"2025-12-29 22:42:00",2716,1.474,144.53,19.5,0
"2025-12-29 22:48:00",2717,1.464,143.59,19.5,0
"2025-12-29 22:54:00",2718,1.461,143.25,19.5,0
"2025-12-29 23:00:00",2719,1.449,142.11,19.5,0
"2025-12-29 23:06:00",2720,1.446,141.78,19.5,0
"2025-12-29 23:12:00",2721,1.445,141.75,19.5,0
"2025-12-29 23:18:00",2722,1.444,141.64,19.4,0
"2025-12-29 23:24:00",2723,1.443,141.56,19.4,0
"2025-12-29 23:30:00",2724,1.442,141.44,19.4,0
"2025-12-29 23:36:00",2725,1.44,141.22,19.4,0
"2025-12-29 23:42:00",2726,1.442,141.46,19.4,0
"2025-12-29 23:48:00",2727,1.442,141.39,19.3,0
"2025-12-29 23:54:00",2728,1.434,140.64,19.3,0
"2025-12-30 00:00:00",2729,1.428,140.04,19.3,0
"2025-12-30 00:06:00",2730,1.421,139.4,19.2,0
"2025-12-30 00:12:00",2731,1.415,138.81,19.2,0
"2025-12-30 00:18:00",2732,1.413,138.62,19.2,0
"2025-12-30 00:24:00",2733,1.394,136.72,19.2,0
"2025-12-30 00:30:00",2734,1.401,137.42,19.2,0
"2025-12-30 00:36:00",2735,1.405,137.83,19.1,0
"2025-12-30 00:42:00",2736,1.405,137.75,19.1,0
"2025-12-30 00:48:00",2737,1.391,136.42,19.1,0
"2025-12-30 00:54:00",2738,1.385,135.86,19,0
"2025-12-30 01:00:00",2739,1.384,135.75,19,0
"2025-12-30 01:06:00",2740,1.378,135.09,19,0
"2025-12-30 01:12:00",2741,1.371,134.5,19,0
"2025-12-30 01:18:00",2742,1.36,133.39,19,0
"2025-12-30 01:24:00",2743,1.355,132.9,19,0
"2025-12-30 01:30:00",2744,1.355,132.91,19,0
"2025-12-30 01:36:00",2745,1.348,132.23,18.9,0
"2025-12-30 01:42:00",2746,1.339,131.28,18.9,0
"2025-12-30 01:48:00",2747,1.328,130.27,18.9,0
"2025-12-30 01:54:00",2748,1.321,129.51,18.8,0
"2025-12-30 02:00:00",2749,1.306,128.05,18.8,0
"2025-12-30 02:06:00",2750,1.29,126.48,18.8,0
"2025-12-30 02:12:00",2751,1.274,124.9,18.9,0
"2025-12-30 02:18:00",2752,1.267,124.3,18.9,0
"2025-12-30 02:24:00",2753,1.262,123.79,18.9,0
"2025-12-30 02:30:00",2754,1.255,123.1,18.9,0
"2025-12-30 02:36:00",2755,1.255,123.04,19,0
"2025-12-30 02:42:00",2756,1.256,123.14,19,0
"2025-12-30 02:48:00",2757,1.257,123.23,19,0
"2025-12-30 02:54:00",2758,1.258,123.35,19,0
"2025-12-30 03:00:00",2759,1.253,122.92,19,0
"2025-12-30 03:06:00",2760,1.246,122.16,19.1,0
"2025-12-30 03:12:00",2761,1.238,121.38,19.1,0
"2025-12-30 03:18:00",2762,1.23,120.61,19.1,0
"2025-12-30 03:24:00",2763,1.22,119.69,19.1,0
"2025-12-30 03:30:00",2764,1.205,118.14,19.1,0
"2025-12-30 03:36:00",2765,1.189,116.56,19.1,0
"2025-12-30 03:42:00",2766,1.18,115.69,19.1,0
"2025-12-30 03:48:00",2767,1.164,114.17,19.1,0
"2025-12-30 03:54:00",2768,1.156,113.32,19.1,0
"2025-12-30 04:00:00",2769,1.15,112.74,19.1,0
"2025-12-30 04:06:00",2770,1.088,106.66,19.1,0
"2025-12-30 04:12:00",2771,1.059,103.88,19.1,0
"2025-12-30 04:18:00",2772,1.087,106.64,19.1,0
"2025-12-30 04:24:00",2773,1.152,113.01,19.2,0
"2025-12-30 04:30:00",2774,1.118,109.64,19.2,0
"2025-12-30 04:36:00",2775,1.119,109.69,19.2,0
"2025-12-30 04:42:00",2776,1.116,109.42,19.2,0
"2025-12-30 04:48:00",2777,1.127,110.53,19.2,0
"2025-12-30 04:54:00",2778,1.13,110.78,19.2,0
"2025-12-30 05:00:00",2779,1.112,109.1,19.2,0
"2025-12-30 05:06:00",2780,1.105,108.35,19.2,0
"2025-12-30 05:12:00",2781,1.104,108.29,19.2,0
"2025-12-30 05:18:00",2782,1.083,106.23,19.2,0
"2025-12-30 05:24:00",2783,1.051,103.09,19.2,0
"2025-12-30 05:30:00",2784,0.994,97.52,19.2,0
"2025-12-30 05:36:00",2785,1,98.05,19.2,0
"2025-12-30 05:42:00",2786,0.995,97.56,19.2,0
"2025-12-30 05:48:00",2787,0.959,94.09,19.2,0
"2025-12-30 05:54:00",2788,0.93,91.16,19.2,0
"2025-12-30 06:00:00",2789,0.923,90.54,19.2,0
"2025-12-30 06:06:00",2790,0.831,81.47,19.2,0
"2025-12-30 06:12:00",2791,1.045,102.46,19.2,0
"2025-12-30 06:18:00",2792,1.089,106.78,19.2,0
"2025-12-30 06:24:00",2793,1.094,107.26,19.2,0
"2025-12-30 06:30:00",2794,1.107,108.53,19.1,0
"2025-12-30 06:36:00",2795,1.111,108.97,19.1,0
"2025-12-30 06:42:00",2796,1.104,108.31,19.1,0
"2025-12-30 06:48:00",2797,1.106,108.5,19,0
"2025-12-30 06:54:00",2798,1.108,108.66,19,0
"2025-12-30 07:00:00",2799,1.096,107.47,19,0
"2025-12-30 07:06:00",2800,1.088,106.69,18.9,0
"2025-12-30 07:12:00",2801,1.088,106.74,18.9,0
"2025-12-30 07:18:00",2802,1.094,107.32,18.9,0
"2025-12-30 07:24:00",2803,1.092,107.08,18.9,0
"2025-12-30 07:30:00",2804,1.076,105.49,18.9,0
"2025-12-30 07:36:00",2805,1.058,103.75,18.8,0
"2025-12-30 07:42:00",2806,1.029,100.95,18.8,0
"2025-12-30 07:48:00",2807,1.022,100.23,18.8,0
"2025-12-30 07:54:00",2808,0.998,97.88,18.8,0
"2025-12-30 08:00:00",2809,1.021,100.16,18.8,0
"2025-12-30 08:06:00",2810,0.936,91.8,18.8,0
"2025-12-30 08:12:00",2811,0.927,90.95,18.8,0
"2025-12-30 08:18:00",2812,0.936,91.83,18.8,0
"2025-12-30 08:24:00",2813,0.838,82.16,18.9,0
"2025-12-30 08:30:00",2814,1.287,126.26,18.9,0
"2025-12-30 08:36:00",2815,1.108,108.69,18.9,0
"2025-12-30 08:42:00",2816,1.303,127.75,19,0
"2025-12-30 08:48:00",2817,1.216,119.3,19,0
"2025-12-30 08:54:00",2818,1.212,118.86,19.1,0
"2025-12-30 09:00:00",2819,1.235,121.1,19.1,0
"2025-12-30 09:06:00",2820,1.198,117.53,19.1,0
"2025-12-30 09:12:00",2821,1.187,116.42,19.2,0
"2025-12-30 09:18:00",2822,1.167,114.42,19.2,0
"2025-12-30 09:24:00",2823,1.158,113.55,19.2,0
"2025-12-30 09:30:00",2824,1.154,113.15,19.3,0
"2025-12-30 09:36:00",2825,1.163,114.08,19.3,0
"2025-12-30 09:42:00",2826,1.175,115.26,19.4,0
"2025-12-30 09:48:00",2827,1.111,109,19.4,0
"2025-12-30 09:54:00",2828,1.164,114.13,19.4,0
"2025-12-30 10:00:00",2829,1.157,113.51,19.5,0
"2025-12-30 10:06:00",2830,1.177,115.45,19.5,0
"2025-12-30 10:12:00",2831,1.154,113.2,19.6,0
"2025-12-30 10:18:00",2832,1.117,109.53,19.6,0
"2025-12-30 10:24:00",2833,1.144,112.22,19.7,0
"2025-12-30 10:30:00",2834,1.209,118.52,19.7,0
"2025-12-30 10:36:00",2835,1.263,123.85,19.7,0
"2025-12-30 10:42:00",2836,1.288,126.31,19.7,0
"2025-12-30 10:48:00",2837,1.383,135.62,19.8,0
"2025-12-30 10:54:00",2838,1.334,130.86,19.8,0
"2025-12-30 11:00:00",2839,1.309,128.41,19.8,0
"2025-12-30 11:06:00",2840,1.284,125.95,19.8,0
"2025-12-30 11:12:00",2841,1.258,123.41,19.8,0
"2025-12-30 11:18:00",2842,1.239,121.52,19.9,0
"2025-12-30 11:24:00",2843,1.241,121.68,19.9,0
"2025-12-30 11:30:00",2844,1.245,122.06,19.9,0
"2025-12-30 11:36:00",2845,1.234,121.04,20,0
"2025-12-30 11:42:00",2846,1.246,122.22,20,0
"2025-12-30 11:48:00",2847,1.213,118.91,19.9,0
"2025-12-30 11:54:00",2848,1.224,120.02,19.9,0
"2025-12-30 12:00:00",2849,1.193,116.97,19.9,0
"2025-12-30 12:06:00",2850,1.353,132.71,19.8,0
"2025-12-30 12:12:00",2851,1.398,137.13,19.8,0
"2025-12-30 12:18:00",2852,1.39,136.28,19.8,0
"2025-12-30 12:24:00",2853,1.401,137.38,19.7,0
"2025-12-30 12:30:00",2854,1.421,139.34,19.7,0
"2025-12-30 12:36:00",2855,1.42,139.21,19.7,0
"2025-12-30 12:42:00",2856,1.424,139.67,19.7,0
"2025-12-30 12:48:00",2857,1.436,140.8,19.7,0
"2025-12-30 12:54:00",2858,1.431,140.3,19.7,0
"2025-12-30 13:00:00",2859,1.425,139.79,19.8,0
"2025-12-30 13:06:00",2860,1.432,140.45,19.8,0
"2025-12-30 13:12:00",2861,1.412,138.5,19.8,0
"2025-12-30 13:18:00",2862,1.378,135.16,19.8,0
"2025-12-30 13:24:00",2863,1.28,125.53,19.9,0
"2025-12-30 13:30:00",2864,1.359,133.27,19.9,0
"2025-12-30 13:36:00",2865,1.392,136.55,19.9,0
"2025-12-30 13:42:00",2866,1.388,136.11,19.9,0
"2025-12-30 13:48:00",2867,1.387,136.02,20,0
"2025-12-30 13:54:00",2868,1.386,135.88,20,0
"2025-12-30 14:00:00",2869,1.386,135.89,20,0
"2025-12-30 14:06:00",2870,1.391,136.45,20,0
"2025-12-30 14:12:00",2871,1.396,136.95,20,0
"2025-12-30 14:18:00",2872,1.41,138.23,20,0
"2025-12-30 14:24:00",2873,1.422,139.43,20,0
"2025-12-30 14:30:00",2874,1.424,139.68,20,0
"2025-12-30 14:36:00",2875,1.426,139.89,20,0
"2025-12-30 14:42:00",2876,1.428,140,20,0
"2025-12-30 14:48:00",2877,1.43,140.19,20,0
"2025-12-30 14:54:00",2878,1.413,138.62,20,0
"2025-12-30 15:00:00",2879,1.414,138.66,20.1,0
"2025-12-30 15:06:00",2880,1.418,139.08,20.1,0
"2025-12-30 15:12:00",2881,1.406,137.92,20.1,0
"2025-12-30 15:18:00",2882,1.397,137.02,20.1,0
"2025-12-30 15:24:00",2883,1.382,135.53,20.1,0
"2025-12-30 15:30:00",2884,1.349,132.34,20.1,0
"2025-12-30 15:36:00",2885,1.349,132.34,20.1,0
"2025-12-30 15:42:00",2886,1.356,132.96,20.1,0
"2025-12-30 15:48:00",2887,1.355,132.87,20.2,0
"2025-12-30 15:54:00",2888,1.357,133.04,20.2,0
"2025-12-30 16:00:00",2889,1.357,133.12,20.2,0
"2025-12-30 16:06:00",2890,1.356,132.94,20.1,0
"2025-12-30 16:12:00",2891,1.356,133.03,20.1,0
"2025-12-30 16:18:00",2892,1.355,132.93,20.1,0
"2025-12-30 16:24:00",2893,1.359,133.24,20.1,0
"2025-12-30 16:30:00",2894,1.364,133.8,20.1,0
"2025-12-30 16:36:00",2895,1.363,133.63,20.1,0
"2025-12-30 16:42:00",2896,1.359,133.3,20.1,0
"2025-12-30 16:48:00",2897,1.206,118.31,20.1,0
"2025-12-30 16:54:00",2898,1.211,118.79,20,0
"2025-12-30 17:00:00",2899,1.259,123.47,20,0
"2025-12-30 17:06:00",2900,1.296,127.07,20,0
"2025-12-30 17:12:00",2901,1.304,127.93,20,0
"2025-12-30 17:18:00",2902,1.269,124.44,19.9,0
"2025-12-30 17:24:00",2903,1.312,128.62,19.9,0
"2025-12-30 17:30:00",2904,1.291,126.65,19.9,0
"2025-12-30 17:36:00",2905,1.094,107.28,19.8,0
"2025-12-30 17:42:00",2906,1.112,109.05,19.8,0
"2025-12-30 17:48:00",2907,1.194,117.08,19.8,0
"2025-12-30 17:54:00",2908,1.235,121.16,19.7,0
"2025-12-30 18:00:00",2909,1.208,118.5,19.7,0
"2025-12-30 18:06:00",2910,1.189,116.56,19.7,0
"2025-12-30 18:12:00",2911,1.268,124.31,19.7,0
"2025-12-30 18:18:00",2912,1.198,117.5,19.6,0
"2025-12-30 18:24:00",2913,1.22,119.65,19.6,0
"2025-12-30 18:30:00",2914,1.238,121.38,19.6,0
"2025-12-30 18:36:00",2915,1.209,118.52,19.5,0
"2025-12-30 18:42:00",2916,1.231,120.69,19.5,0
"2025-12-30 18:48:00",2917,1.241,121.69,19.5,0
"2025-12-30 18:54:00",2918,1.233,120.89,19.5,0
"2025-12-30 19:00:00",2919,1.205,118.21,19.4,0
"2025-12-30 19:06:00",2920,1.196,117.31,19.4,0
"2025-12-30 19:12:00",2921,1.187,116.41,19.3,0
"2025-12-30 19:18:00",2922,1.137,111.49,19.3,0
"2025-12-30 19:24:00",2923,1.117,109.55,19.2,0
"2025-12-30 19:30:00",2924,1.249,122.49,19.2,0
"2025-12-30 19:36:00",2925,1.262,123.75,19.1,0
"2025-12-30 19:42:00",2926,1.269,124.48,19.1,0
"2025-12-30 19:48:00",2927,1.278,125.29,19,0
"2025-12-30 19:54:00",2928,1.262,123.74,19,0
"2025-12-30 20:00:00",2929,1.256,123.16,19,0
"2025-12-30 20:06:00",2930,1.256,123.17,18.9,0
"2025-12-30 20:12:00",2931,1.256,123.13,18.9,0
"2025-12-30 20:18:00",2932,1.258,123.4,18.9,0
"2025-12-30 20:24:00",2933,1.261,123.67,18.9,0
"2025-12-30 20:30:00",2934,1.263,123.82,18.9,0
"2025-12-30 20:36:00",2935,1.264,123.93,18.9,0
"2025-12-30 20:42:00",2936,1.265,124.05,18.9,0
"2025-12-30 20:48:00",2937,1.267,124.23,18.9,0
"2025-12-30 20:54:00",2938,1.271,124.6,18.9,0
"2025-12-30 21:00:00",2939,1.277,125.2,18.9,0
"2025-12-30 21:06:00",2940,1.285,126.02,19,0
"2025-12-30 21:12:00",2941,1.301,127.63,19,0
"2025-12-30 21:18:00",2942,1.308,128.32,19,0
"2025-12-30 21:24:00",2943,1.314,128.91,19,0
"2025-12-30 21:30:00",2944,1.32,129.41,19,0
"2025-12-30 21:36:00",2945,1.326,130,18.9,0
"2025-12-30 21:42:00",2946,1.334,130.82,18.9,0
"2025-12-30 21:48:00",2947,1.341,131.53,18.9,0
"2025-12-30 21:54:00",2948,1.344,131.8,18.9,0
"2025-12-30 22:00:00",2949,1.342,131.6,18.8,0
"2025-12-30 22:06:00",2950,1.326,130.04,18.8,0
"2025-12-30 22:12:00",2951,1.342,131.6,18.8,0
"2025-12-30 22:18:00",2952,1.356,132.94,18.8,0
"2025-12-30 22:24:00",2953,1.354,132.79,18.8,0
"2025-12-30 22:30:00",2954,1.348,132.23,18.8,0
"2025-12-30 22:36:00",2955,1.349,132.26,18.7,0
"2025-12-30 22:42:00",2956,1.348,132.18,18.7,0
"2025-12-30 22:48:00",2957,1.324,129.87,18.7,0
"2025-12-30 22:54:00",2958,1.303,127.81,18.7,0
"2025-12-30 23:00:00",2959,1.35,132.44,18.7,0
"2025-12-30 23:06:00",2960,1.368,134.13,18.7,0
"2025-12-30 23:12:00",2961,1.364,133.81,18.7,0
"2025-12-30 23:18:00",2962,1.365,133.85,18.7,0
"2025-12-30 23:24:00",2963,1.368,134.19,18.7,0
"2025-12-30 23:30:00",2964,1.376,134.95,18.7,0
"2025-12-30 23:36:00",2965,1.386,135.96,18.7,0
"2025-12-30 23:42:00",2966,1.395,136.82,18.7,0
"2025-12-30 23:48:00",2967,1.401,137.38,18.7,0
"2025-12-30 23:54:00",2968,1.407,137.99,18.7,0
