"TOA5","MGEO_SERC","CR1000X","50443","CR1000X.8.5.0","CPU:MGEO_SERCv31INT.CR1X","63885","FLUX_7810"
"TIMESTAMP","RECORD","TimeLong7810","LI7810_time","Seconds","Nanoseconds","NDX","Diag","H2O","CO2","CH4","cavity_p","cavity_t","laser_phase_p","laser_t","residual","ringdown","thermal_enc_t","phase_err","laser_t_shift","vin","cavity_p_sp","board_t","case_t","exfit_tau_rd1","peak_ht_1","exfit_tau_rd2","peak_ht_2","tec_sp","phase_ctrl_out","meas_phase","laser_phase_sp","num_peaks_win","post_ringdwn_1_ign_len","ringdwn_1_loc","peak_x0","xderiv_weight","xderiv2_weight","ch4_spec_weight","co2_spec_weight","h2o_spec_weight","start_freq","cavity_htr_w","laser_ref_pwr","offset_weight","slope_weight","evenodd_weight","evenodd_lin_weight","num_skipped_modes","pump_sp","pump_tach_ph"
"TS","RN","","","","","","","","","","","","","","","","","","","","","","","","","","","","","","","","","","","","","","","","","","","","","","","","",""
"","","Smp","Smp","Smp","Smp","Smp","Smp","Smp","Smp","Smp","Smp","Smp","Smp","Smp","Smp","Smp","Smp","Smp","Smp","Smp","Smp","Smp","Smp","Smp","Smp","Smp","Smp","Smp","Smp","Smp","Smp","Smp","Smp","Smp","Smp","Smp","Smp","Smp","Smp","Smp","Smp","Smp","Smp","Smp","Smp","Smp","Smp","Smp","Smp","Smp"
"2026-04-30 22:57:00",254672,"2026-04-30 21:58:46",1777607926,1.777608E+09,1.619091E+08,1.537334E+07,0,111.5826,119.6993,30392.86,40.192,55.0003,52.7269,46.5991,0.00291506,13.0639,54.4998,130.5,0.159228,24.0832,40.2854,46.7719,14.3901,13.0639,0.994429,12.9725,1.02152,46.637,31970.2,16130.5,16000,5,4772,82088.5,91799,8.26754E-05,6.69928E-05,15.9622,0.346494,0.0113841,6.69928E-05,6.69928E-05,6.69928E-05,6048.29,0.854853,47429,6.69928E-05,0,0,0
"2026-04-30 22:57:15",254673,"2026-04-30 21:59:00",1777607940,1.777608E+09,1.61165E+08,1.537339E+07,0,110.77,118.8427,30397.2,40.192,55.0003,52.7269,46.5991,0.00284212,13.0647,54.4998,66.25,0.159228,24.0817,40.2854,46.77,14.3901,13.0647,0.994422,12.9725,1.02156,46.637,31969.8,16066.2,16000,5,4740.75,82098.8,91803.8,-6.42963E-05,6.19037E-05,15.9645,0.344016,0.0113012,6.19037E-05,6.19037E-05,6.19037E-05,6048.29,0.854853,47428.2,6.19037E-05,0,0,0
"2026-04-30 22:57:30",254674,"2026-04-30 21:59:16",1777607956,1.777608E+09,1.604331E+08,1.537346E+07,0,110.3243,118.8375,30402.21,40.192,55.0003,52.7249,46.5991,0.0028163,13.0643,54.4998,82.5,0.159228,24.0809,40.2854,46.7662,14.3901,13.0643,0.99441,12.9725,1.02155,46.637,31968.8,16082.5,16000,5,4746,82087.2,91803,-0.000152845,5.17419E-05,15.9671,0.344004,0.0112558,5.17419E-05,5.17419E-05,5.17419E-05,6048.29,0.854853,47427.2,5.17419E-05,0,0,0
"2026-04-30 22:57:45",254675,"2026-04-30 21:59:31",1777607971,1.777608E+09,1.59692E+08,1.537352E+07,0,110.8021,118.8615,30408.55,40.1907,55.0003,52.7278,46.5987,0.00287986,13.0644,54.4998,135.75,0.159228,24.0817,40.2852,46.7644,14.3901,13.0644,0.994407,12.9725,1.02154,46.637,31970,16135.8,16000,5,4759.5,82085.8,91782.5,-5.77328E-05,5.8996E-05,15.9705,0.34407,0.0113045,5.8996E-05,5.8996E-05,5.8996E-05,6048.29,0.854853,47428.8,5.8996E-05,0,0,0
"2026-04-30 22:58:00",254676,"2026-04-30 21:59:46",1777607986,1.777608E+09,1.58942E+08,1.537358E+07,0,110.6184,118.7029,30410.8,40.1911,55.0003,52.7274,46.5989,0.00283886,13.065,54.4994,-26,0.159228,24.0817,40.2852,46.7625,14.3901,13.065,0.994479,12.9725,1.02159,46.637,31969.2,15974,16000,5,4724.25,82085.8,91796.8,-2.80321E-05,4.63682E-05,15.9716,0.343611,0.0112858,4.63682E-05,4.63682E-05,4.63682E-05,6048.29,0.854853,47425.8,4.63682E-05,0,0,0
"2026-04-30 22:58:15",254677,"2026-04-30 22:00:00",1777608000,1.777608E+09,1.582079E+08,1.537363E+07,0,110.2266,119.2742,30415.59,40.1924,55.0003,52.7274,46.5991,0.00282691,13.0646,54.4998,-62.75,0.159228,24.0821,40.2852,46.7606,14.3901,13.0646,0.994374,12.9728,1.02153,46.637,31969.5,15937.2,16000,5,4722.25,82055.8,91776.5,-7.37055E-05,7.39503E-05,15.9742,0.345272,0.0112458,7.39503E-05,7.39503E-05,7.39503E-05,6048.29,0.854853,47429,7.39503E-05,0,0,0
"2026-04-30 22:58:30",254678,"2026-04-30 22:00:16",1777608016,1.777608E+09,1.5746E+08,1.53737E+07,0,110.966,119.4104,30422.17,40.1907,55.0003,52.7274,46.5991,0.00286577,13.065,54.4998,-105.5,0.159228,24.0821,40.2852,46.7564,14.3901,13.065,0.994372,12.9726,1.02154,46.637,31969,15894.5,16000,5,4738,82076,91773.8,6.7984E-05,6.18551E-05,15.9776,0.345661,0.0113212,6.18551E-05,6.18551E-05,6.18551E-05,6048.29,0.854853,47428.2,6.18551E-05,0,0,0
"2026-04-30 22:58:45",254679,"2026-04-30 22:00:31",1777608031,1.777608E+09,1.567249E+08,1.537376E+07,0,110.3622,118.4493,30427.3,40.1907,55.0003,52.7274,46.5991,0.00281039,13.065,54.4998,11.25,0.159228,24.0817,40.2852,46.7536,14.3901,13.065,0.994406,12.9724,1.02155,46.637,31969.5,16011.2,16000,5,4758.5,82095.8,91800.8,2.13952E-05,4.85833E-05,15.9803,0.342877,0.0112597,4.85833E-05,4.85833E-05,4.85833E-05,6048.29,0.854853,47427.2,4.85833E-05,0,0,0
"2026-04-30 22:59:00",254680,"2026-04-30 22:00:46",1777608046,1.777608E+09,1.55988E+08,1.537382E+07,0,111.0171,119.5049,30435.59,40.192,55.0003,52.7278,46.5993,0.00294167,13.0648,54.4998,43.25,0.159228,24.0821,40.2852,46.7526,14.3901,13.0648,0.994425,12.9726,1.02154,46.637,31969.8,16043.2,16000,5,4738.25,82069.8,91789.2,-1.86464E-05,3.30684E-05,15.9847,0.345935,0.0113264,3.30684E-05,3.30684E-05,3.30684E-05,6048.29,0.854853,47428.2,3.30684E-05,0,0,0
"2026-04-30 22:59:15",254681,"2026-04-30 22:01:00",1777608060,1.777608E+09,1.552551E+08,1.537387E+07,0,111.2982,119.591,30438.65,40.1907,55.0003,52.7265,46.5991,0.00288569,13.0639,54.4998,26.75,0.159228,24.0821,40.2852,46.7475,14.3901,13.0639,0.994378,12.9727,1.02156,46.637,31969.2,16026.8,16000,5,4739.25,82085,91798.5,-7.66942E-05,4.67998E-05,15.9863,0.346182,0.0113551,4.67998E-05,4.67998E-05,4.67998E-05,6048.29,0.854853,47427.8,4.67998E-05,0,0,0
"2026-04-30 22:59:30",254682,"2026-04-30 22:01:16",1777608076,1.777608E+09,1.545019E+08,1.537394E+07,0,110.0962,119.5144,30444.78,40.1916,55.0003,52.7274,46.5991,0.00282884,13.0645,54.4998,18,0.159228,24.0817,40.2852,46.7479,14.3901,13.0645,0.994381,12.9729,1.0215,46.637,31970.5,16018,16000,5,4736.75,82060.8,91790.5,-4.10808E-05,6.24567E-05,15.9895,0.34597,0.0112325,6.24567E-05,6.24567E-05,6.24567E-05,6048.29,0.854853,47429.8,6.24567E-05,0,0,0
"2026-04-30 22:59:45",254683,"2026-04-30 22:01:31",1777608091,1.777608E+09,1.53765E+08,1.5374E+07,0,110.8018,118.9207,30450.35,40.1903,55.0003,52.729,46.5991,0.00285663,13.065,54.4998,55.25,0.159228,24.0813,40.2852,46.7423,14.3901,13.065,0.994349,12.9723,1.02151,46.637,31970,16055.2,16000,5,4725.5,82065.8,91785.5,8.45382E-05,6.07758E-05,15.9924,0.344242,0.0113045,6.07758E-05,6.07758E-05,6.07758E-05,6048.29,0.854853,47428.2,6.07758E-05,0,0,0
"2026-04-30 23:00:00",254684,"2026-04-30 22:01:46",1777608106,1.777608E+09,1.53023E+08,1.537406E+07,0,109.7919,118.9425,30454.9,40.192,55.0003,52.7245,46.5989,0.00283924,13.064,54.4998,70.5,0.159228,24.0817,40.2852,46.7381,14.3901,13.064,0.994418,12.9726,1.02148,46.637,31968.2,16070.5,16000,5,4749.5,82083.5,91791.5,-3.29597E-05,5.55259E-05,15.9948,0.344313,0.0112015,5.55259E-05,5.55259E-05,5.55259E-05,6048.29,0.854853,47429.5,5.55259E-05,0,0,0
"2026-04-30 23:00:15",254685,"2026-04-30 22:02:00",1777608120,1.777608E+09,1.522939E+08,1.537411E+07,0,110.4099,119.5164,30462.49,40.1916,55.0003,52.7278,46.5991,0.00292389,13.0648,54.4998,2,0.159228,24.0817,40.2852,46.7367,14.3901,13.0648,0.99433,12.9726,1.02147,46.637,31970,16002,16000,5,4762.75,82073,91797.8,-3.9852E-05,5.73939E-05,15.9988,0.345973,0.0112645,5.73939E-05,5.73939E-05,5.73939E-05,6048.29,0.854853,47429,5.73939E-05,0,0,0
"2026-04-30 23:00:30",254686,"2026-04-30 22:02:16",1777608136,1.777608E+09,1.515541E+08,1.537418E+07,0,110.1835,119.0732,30464.87,40.1911,55.0003,52.7278,46.5991,0.00283318,13.0642,54.4998,-40.25,0.159228,24.0821,40.2852,46.7343,14.3901,13.0642,0.994375,12.9725,1.02151,46.637,31969.8,15959.8,16000,5,4744.5,82080.8,91800.8,-7.25757E-05,5.57856E-05,16.0001,0.344689,0.0112414,5.57856E-05,5.57856E-05,5.57856E-05,6048.29,0.854853,47430,5.57856E-05,0,0,0
"2026-04-30 23:00:45",254687,"2026-04-30 22:02:31",1777608151,1.777608E+09,1.50816E+08,1.537424E+07,0,111.1037,119.5246,30475.28,40.1899,55.0003,52.7261,46.5991,0.00299386,13.0657,54.4994,-92,0.159228,24.0821,40.2852,46.7306,14.3901,13.0657,0.99445,12.9725,1.02153,46.637,31969.2,15908,16000,5,4740.5,82086,91795.2,6.5075E-06,3.84402E-05,16.0055,0.345991,0.0113353,3.84402E-05,3.84402E-05,3.84402E-05,6048.29,0.854853,47428.2,3.84402E-05,0,0,0
"2026-04-30 23:01:00",254688,"2026-04-30 22:02:46",1777608166,1.777608E+09,1.500709E+08,1.53743E+07,0,109.8266,119.2304,30477.38,40.192,55.0003,52.7261,46.5991,0.0028912,13.0645,54.4998,69.5,0.159228,24.0817,40.2852,46.7268,14.3901,13.0645,0.994351,12.9721,1.02148,46.637,31969,16069.5,16000,5,4758.75,82073,91785.2,-8.94441E-05,5.7732E-05,16.0066,0.345148,0.011205,5.7732E-05,5.7732E-05,5.7732E-05,6048.29,0.854853,47427,5.7732E-05,0,0,0
"2026-04-30 23:01:15",254689,"2026-04-30 22:03:01",1777608181,1.777608E+09,1.49338E+08,1.537436E+07,0,110.065,119.5235,30485.45,40.1911,55.0003,52.7274,46.5987,0.00292338,13.0653,54.4998,-1.5,0.159228,24.0821,40.2852,46.7226,14.3901,13.0653,0.994419,12.9725,1.02151,46.637,31969.5,15998.5,16000,5,4759.25,82098.2,91801.5,-5.08887E-05,5.90582E-05,16.0109,0.345997,0.0112293,5.90582E-05,5.90582E-05,5.90582E-05,6048.29,0.854853,47428.5,5.90582E-05,0,0,0
"2026-04-30 23:01:30",254690,"2026-04-30 22:03:15",1777608195,1.777608E+09,1.485951E+08,1.537441E+07,0,109.4253,119.2933,30487.91,40.1924,55.0003,52.7269,46.5991,0.00288604,13.0647,54.4994,10,0.159228,24.0809,40.2852,46.7156,14.3901,13.0647,0.994419,12.9724,1.02152,46.637,31969.2,16010,16000,5,4765,82086.8,91791.8,-0.000160806,6.63587E-05,16.0122,0.345334,0.0111641,6.63587E-05,6.63587E-05,6.63587E-05,6048.29,0.854853,47427.5,6.63587E-05,0,0,0
"2026-04-30 23:01:45",254691,"2026-04-30 22:03:31",1777608211,1.777608E+09,1.478541E+08,1.537448E+07,0,110.0405,119.2251,30494.83,40.1899,55.0003,52.7282,46.5991,0.00284167,13.0644,54.4998,-49.75,0.159228,24.0809,40.2851,46.7137,14.3901,13.0644,0.994399,12.9723,1.0215,46.637,31969.8,15950.2,16000,5,4736,82076.5,91786,-0.000182495,6.32752E-05,16.0158,0.345131,0.0112268,6.32752E-05,6.32752E-05,6.32752E-05,6048.29,0.854853,47427,6.32752E-05,0,0,0
"2026-04-30 23:02:00",254692,"2026-04-30 22:03:46",1777608226,1.777608E+09,1.47114E+08,1.537454E+07,0,109.2868,118.8161,30501.86,40.1899,55.0003,52.7278,46.5991,0.0029222,13.0647,54.4998,-51.75,0.159228,24.0809,40.2849,46.7137,14.3901,13.0647,0.994368,12.9722,1.02152,46.637,31969.2,15948.2,16000,5,4733,82087.5,91804.5,-4.90997E-05,5.95627E-05,16.0195,0.34395,0.0111499,5.95627E-05,5.95627E-05,5.95627E-05,6048.29,0.854853,47427.2,5.95627E-05,0,0,0
"2026-04-30 23:02:15",254693,"2026-04-30 22:04:00",1777608240,1.777608E+09,1.463809E+08,1.537459E+07,0,111.2179,119.5096,30508.16,40.1916,55.0003,52.7269,46.5991,0.00291312,13.0641,54.4998,-54,0.159228,24.0813,40.2849,46.7067,14.3901,13.0641,0.994385,12.972,1.02148,46.637,31969.2,15946,16000,5,4762.75,82076.8,91779,-0.000147114,6.1174E-05,16.0228,0.345947,0.0113469,6.1174E-05,6.1174E-05,6.1174E-05,6048.29,0.854853,47428.5,6.1174E-05,0,0,0
"2026-04-30 23:02:30",254694,"2026-04-30 22:04:16",1777608256,1.777608E+09,1.45637E+08,1.537466E+07,0,109.9635,120.0033,30513.06,40.1907,55.0003,52.7302,46.5991,0.00286594,13.0645,54.4998,-53,0.159228,24.0809,40.2848,46.7062,14.3901,13.0645,0.994366,12.9723,1.02148,46.637,31970.5,15947,16000,5,4766,82067,91784,-6.01879E-05,6.80879E-05,16.0254,0.34739,0.011219,6.80879E-05,6.80879E-05,6.80879E-05,6048.29,0.854853,47427.2,6.80879E-05,0,0,0
"2026-04-30 23:02:45",254695,"2026-04-30 22:04:31",1777608271,1.777608E+09,1.448939E+08,1.537472E+07,0,109.4292,119.2488,30517.11,40.1903,55.0003,52.7265,46.5991,0.00284855,13.0653,54.4998,-13,0.159228,24.0821,40.2847,46.7025,14.3901,13.0653,0.994457,12.9728,1.02152,46.637,31969,15987,16000,5,4767,82095.8,91814,-4.13039E-05,5.78874E-05,16.0275,0.345205,0.0111645,5.78874E-05,5.78874E-05,5.78874E-05,6048.29,0.854853,47427.8,5.78874E-05,0,0,0
"2026-04-30 23:03:00",254696,"2026-04-30 22:04:46",1777608286,1.777608E+09,1.44156E+08,1.537478E+07,0,110.3767,119.8503,30527.78,40.1911,55.0003,52.7261,46.5991,0.00297012,13.0641,54.4996,-61,0.159228,24.0821,40.2847,46.6987,14.3901,13.0641,0.994316,12.9722,1.02145,46.637,31968.5,15939,16000,5,4728.75,82066.8,91777.8,-7.25096E-05,6.77825E-05,16.0331,0.346942,0.0112611,6.77825E-05,6.77825E-05,6.77825E-05,6048.29,0.854853,47429.5,6.77825E-05,0,0,0
"2026-04-30 23:03:15",254697,"2026-04-30 22:05:00",1777608300,1.777608E+09,1.434231E+08,1.537483E+07,0,109.7537,119.927,30531.04,40.1903,55.0003,52.7261,46.5987,0.00290459,13.0646,54.4998,73,0.159228,24.0821,40.2846,46.6968,14.3901,13.0646,0.994355,12.9725,1.02148,46.637,31969.2,16073,16000,5,4728.5,82073.8,91810.8,-1.46987E-05,5.08654E-05,16.0348,0.34717,0.0111976,5.08654E-05,5.08654E-05,5.08654E-05,6048.29,0.854853,47427.8,5.08654E-05,0,0,0
"2026-04-30 23:03:30",254698,"2026-04-30 22:05:16",1777608316,1.777608E+09,1.42679E+08,1.53749E+07,0,109.4365,118.7974,30536.37,40.1907,55.0003,52.7265,46.5991,0.00286707,13.0647,54.4998,-72.75,0.159228,24.0813,40.2846,46.6954,14.3901,13.0647,0.994338,12.9723,1.02149,46.637,31968.8,15927.2,16000,5,4758.5,82086.5,91796,-9.80727E-05,5.39965E-05,16.0376,0.343895,0.0111652,5.39965E-05,5.39965E-05,5.39965E-05,6048.29,0.854853,47427.5,5.39965E-05,0,0,0
"2026-04-30 23:03:45",254699,"2026-04-30 22:05:31",1777608331,1.777608E+09,1.419449E+08,1.537496E+07,0,109.7203,119.5963,30539.58,40.1907,55.0003,52.7274,46.5991,0.00284591,13.0644,54.4996,57.5,0.159228,24.0809,40.2846,46.6893,14.3901,13.0644,0.994385,12.9723,1.02155,46.637,31970,16057.5,16000,5,4732.5,82075,91795.5,-3.47107E-05,4.98127E-05,16.0393,0.346211,0.0111942,4.98127E-05,4.98127E-05,4.98127E-05,6048.29,0.854853,47425.8,4.98127E-05,0,0,0
"2026-04-30 23:04:00",254700,"2026-04-30 22:05:46",1777608346,1.777608E+09,1.411979E+08,1.537502E+07,0,109.3386,119.2453,30548.66,40.1907,55.0003,52.7253,46.5991,0.00288775,13.0647,54.4998,86.75,0.159228,24.0813,40.2846,46.6912,14.3901,13.0647,0.994314,12.9719,1.02147,46.637,31968.8,16086.8,16000,5,4738.5,82067.5,91786.8,1.74405E-05,7.05302E-05,16.0441,0.345195,0.0111552,7.05302E-05,7.05302E-05,7.05302E-05,6048.29,0.854853,47427,7.05302E-05,0,0,0
"2026-04-30 23:04:15",254701,"2026-04-30 22:06:01",1777608361,1.777608E+09,1.404641E+08,1.537508E+07,0,109.46,119.29,30555.51,40.1903,55.0003,52.7265,46.5991,0.00284735,13.065,54.4998,-90.5,0.159228,24.0809,40.2845,46.6861,14.3901,13.065,0.994345,12.9721,1.02148,46.637,31968.8,15909.5,16000,5,4752,82052.5,91787.5,6.15429E-05,5.67772E-05,16.0477,0.345324,0.0111676,5.67772E-05,5.67772E-05,5.67772E-05,6048.29,0.854853,47426.2,5.67772E-05,0,0,0
"2026-04-30 23:04:30",254702,"2026-04-30 22:06:16",1777608376,1.777608E+09,1.397281E+08,1.537514E+07,0,110.0736,118.9658,30559.48,40.1899,55.0003,52.7261,46.5989,0.00285809,13.0646,54.4994,-99,0.159228,24.0805,40.2845,46.6875,14.3901,13.0646,0.994393,12.9724,1.02148,46.637,31968.5,15901,16000,5,4754.5,82098,91800,1.77406E-05,6.92455E-05,16.0497,0.344378,0.0112302,6.92455E-05,6.92455E-05,6.92455E-05,6048.29,0.854853,47426,6.92455E-05,0,0,0
"2026-04-30 23:04:45",254703,"2026-04-30 22:06:31",1777608391,1.777608E+09,1.38984E+08,1.53752E+07,0,109.0718,119.5581,30567.51,40.1907,55.0003,52.7282,46.5991,0.00291035,13.064,54.4998,63.5,0.159228,24.0821,40.2845,46.68,14.3901,13.064,0.994401,12.9724,1.02145,46.637,31969.5,16063.5,16000,5,4791.25,82101.2,91785.5,-6.75356E-05,5.73477E-05,16.054,0.346105,0.011128,5.73477E-05,5.73477E-05,5.73477E-05,6048.29,0.854853,47426.5,5.73477E-05,0,0,0
"2026-04-30 23:05:00",254704,"2026-04-30 22:06:46",1777608406,1.777608E+09,1.38237E+08,1.537526E+07,0,109.4671,118.8495,30570.78,40.1907,55.0003,52.7249,46.5991,0.00286531,13.0645,54.4998,-56.5,0.159228,24.0821,40.2843,46.6786,14.3901,13.0645,0.994409,12.9718,1.02147,46.637,31967.8,15943.5,16000,5,4759.5,82091.5,91794.8,-0.000167784,5.52896E-05,16.0557,0.344046,0.0111683,5.52896E-05,5.52896E-05,5.52896E-05,6048.29,0.854853,47427,5.52896E-05,0,0,0
"2026-04-30 23:05:15",254705,"2026-04-30 22:07:01",1777608421,1.777608E+09,1.375101E+08,1.537532E+07,0,109.1058,119.682,30578.48,40.1895,55.0003,52.7265,46.5991,0.0028822,13.0641,54.4996,-60.75,0.159228,24.0821,40.2842,46.6701,14.3901,13.0641,0.99434,12.9721,1.02143,46.637,31968.2,15939.2,16000,5,4747,82067,91790,-8.41861E-05,7.39999E-05,16.0597,0.346464,0.0111315,7.39999E-05,7.39999E-05,7.39999E-05,6048.29,0.854853,47428.5,7.39999E-05,0,0,0
"2026-04-30 23:05:30",254706,"2026-04-30 22:07:16",1777608436,1.777608E+09,1.36764E+08,1.537538E+07,0,109.0805,118.9217,30583.54,40.1895,55.0003,52.7261,46.5991,0.00289376,13.0647,54.4998,49.5,0.159228,24.0817,40.2842,46.6706,14.3901,13.0647,0.994349,12.972,1.02146,46.637,31969,16049.5,16000,5,4735,82081.2,91798,-2.45556E-05,5.78199E-05,16.0624,0.344258,0.0111289,5.78199E-05,5.78199E-05,5.78199E-05,6048.29,0.854853,47426.8,5.78199E-05,0,0,0
"2026-04-30 23:05:45",254707,"2026-04-30 22:07:31",1777608451,1.777608E+09,1.360249E+08,1.537544E+07,0,109.7274,119.0001,30585.86,40.1899,55.0003,52.7257,46.5989,0.00288341,13.0642,54.4998,60.25,0.159228,24.0821,40.2842,46.665,14.3901,13.0642,0.994388,12.9718,1.02146,46.637,31969.2,16060.2,16000,5,4767.5,82079.2,91787.5,9.3169E-06,5.35047E-05,16.0636,0.344481,0.0111949,5.35047E-05,5.35047E-05,5.35047E-05,6048.29,0.854853,47428.2,5.35047E-05,0,0,0
"2026-04-30 23:06:00",254708,"2026-04-30 22:07:46",1777608466,1.777608E+09,1.35284E+08,1.53755E+07,0,109.8596,119.5774,30594.93,40.1907,55.0003,52.7253,46.5991,0.00290603,13.0638,54.4998,122.5,0.159228,24.0817,40.2842,46.665,14.3901,13.0638,0.994328,12.9723,1.02145,46.637,31969.2,16122.5,16000,5,4745.75,82065.8,91793.8,7.63254E-05,5.23209E-05,16.0684,0.346155,0.0112084,5.23209E-05,5.23209E-05,5.23209E-05,6048.29,0.854853,47427.8,5.23209E-05,0,0,0
"2026-04-30 23:06:15",254709,"2026-04-30 22:08:01",1777608481,1.777608E+09,1.34556E+08,1.537556E+07,0,109.1656,119.1763,30598.5,40.1899,55.0003,52.7274,46.5991,0.0028114,13.0642,54.4996,120.75,0.159228,24.0817,40.2842,46.6631,14.3901,13.0642,0.994344,12.9726,1.02142,46.637,31970,16120.8,16000,5,4738.25,82060.2,91781,-9.36238E-06,5.52661E-05,16.0703,0.344997,0.0111376,5.52661E-05,5.52661E-05,5.52661E-05,6048.29,0.854853,47427,5.52661E-05,0,0,0
"2026-04-30 23:06:30",254710,"2026-04-30 22:08:16",1777608496,1.777608E+09,1.338091E+08,1.537562E+07,0,108.9108,119.2061,30607.16,40.1895,55.0003,52.7261,46.5993,0.00285895,13.0644,54.4998,-44.75,0.159228,24.0813,40.2842,46.6556,14.3901,13.0644,0.994315,12.9723,1.02143,46.637,31969,15955.2,16000,5,4760,82046.8,91769.2,1.45364E-06,7.05152E-05,16.0748,0.345085,0.0111116,7.05152E-05,7.05152E-05,7.05152E-05,6048.29,0.854853,47427.8,7.05152E-05,0,0,0
"2026-04-30 23:06:45",254711,"2026-04-30 22:08:31",1777608511,1.777608E+09,1.33069E+08,1.537568E+07,0,109.4049,119.0904,30609.36,40.1911,55.0003,52.7257,46.5991,0.00287249,13.0646,54.4998,86.25,0.159228,24.0813,40.2842,46.6528,14.3901,13.0646,0.994361,12.9719,1.02146,46.637,31969.2,16086.2,16000,5,4743.5,82064.5,91778.5,-3.77268E-05,6.23789E-05,16.076,0.344745,0.011162,6.23789E-05,6.23789E-05,6.23789E-05,6048.29,0.854853,47426,6.23789E-05,0,0,0
"2026-04-30 23:07:00",254712,"2026-04-30 22:08:46",1777608526,1.777609E+09,1.32328E+08,1.537574E+07,0,109.4523,119.8894,30616.71,40.1903,55.0003,52.7249,46.5991,0.00293825,13.0641,54.4998,243.5,0.159228,24.0817,40.2842,46.6458,14.3901,13.0641,0.994359,12.9719,1.02149,46.637,31968.5,16243.5,16000,5,4716.5,82074.8,91798.2,2.1854E-05,4.9773E-05,16.0798,0.347063,0.0111668,4.9773E-05,4.9773E-05,4.9773E-05,6048.29,0.854853,47426,4.9773E-05,0,0,0
"2026-04-30 23:07:15",254713,"2026-04-30 22:09:00",1777608540,1.777609E+09,1.31588E+08,1.537579E+07,0,108.5287,119.688,30620.73,40.1911,55.0003,52.7241,46.5991,0.00286988,13.064,54.4998,-47.5,0.159228,24.0821,40.2842,46.6425,14.3901,13.064,0.994353,12.9722,1.02146,46.637,31967.5,15952.5,16000,5,4740.75,82089.5,91800.2,7.8016E-06,5.67606E-05,16.0819,0.346487,0.0110726,5.67606E-05,5.67606E-05,5.67606E-05,6048.29,0.854853,47426.8,5.67606E-05,0,0,0
"2026-04-30 23:07:30",254714,"2026-04-30 22:09:16",1777608556,1.777609E+09,1.308529E+08,1.537586E+07,0,109.1052,119.6896,30630.19,40.1899,55.0003,52.7249,46.5991,0.00295836,13.0651,54.4998,-73,0.159228,24.0821,40.2842,46.6481,14.3901,13.0651,0.994327,12.9719,1.02144,46.637,31968,15927,16000,5,4776.25,82087.5,91805.8,-7.33717E-05,6.0084E-05,16.0869,0.346486,0.0111314,6.0084E-05,6.0084E-05,6.0084E-05,6048.29,0.854853,47427.5,6.0084E-05,0,0,0
"2026-04-30 23:07:45",254715,"2026-04-30 22:09:31",1777608571,1.777609E+09,1.301141E+08,1.537592E+07,0,109.8494,118.7087,30632.19,40.1911,55.0003,52.7269,46.5987,0.00288397,13.0645,54.4998,58,0.159228,24.0817,40.2842,46.6402,14.3901,13.0645,0.994339,12.9722,1.02147,46.637,31969.2,16058,16000,5,4739.5,82074.8,91791,-3.59591E-05,5.3628E-05,16.0879,0.343634,0.0112073,5.3628E-05,5.3628E-05,5.3628E-05,6048.29,0.854853,47427,5.3628E-05,0,0,0
"2026-04-30 23:08:00",254716,"2026-04-30 22:09:46",1777608586,1.777609E+09,1.293681E+08,1.537598E+07,0,108.9244,119.1389,30640.63,40.1895,55.0003,52.7269,46.5989,0.00291651,13.0642,54.4998,-57,0.159228,24.0821,40.2842,46.6369,14.3901,13.0642,0.994302,12.972,1.02144,46.637,31968.5,15943,16000,5,4754.5,82097.8,91800,-0.000170776,4.49867E-05,16.0924,0.34489,0.011113,4.49867E-05,4.49867E-05,4.49867E-05,6048.29,0.854853,47429.8,4.49867E-05,0,0,0
"2026-04-30 23:08:15",254717,"2026-04-30 22:10:01",1777608601,1.777609E+09,1.28643E+08,1.537604E+07,0,108.7187,118.938,30645.54,40.1899,55.0003,52.7257,46.5991,0.00289072,13.0643,54.4998,-39,0.159228,24.0813,40.2842,46.6355,14.3901,13.0643,0.994325,12.9722,1.02139,46.637,31968.5,15961,16000,5,4749.75,82103.2,91800.5,-0.000110812,5.02666E-05,16.095,0.344309,0.011092,5.02666E-05,5.02666E-05,5.02666E-05,6048.29,0.854853,47429,5.02666E-05,0,0,0
"2026-04-30 23:08:30",254718,"2026-04-30 22:10:16",1777608616,1.777609E+09,1.278911E+08,1.53761E+07,0,109.2845,119.3465,30652.42,40.1903,55.0003,52.7274,46.5991,0.00289462,13.0648,54.4994,-32.75,0.159228,24.0817,40.2842,46.635,14.3901,13.0648,0.994314,12.9719,1.0214,46.637,31969,15967.2,16000,5,4756,82087,91819,-3.539E-05,6.54216E-05,16.0986,0.34549,0.0111497,6.54216E-05,6.54216E-05,6.54216E-05,6048.29,0.854853,47431.2,6.54216E-05,0,0,0
"2026-04-30 23:08:45",254719,"2026-04-30 22:10:31",1777608631,1.777609E+09,1.27151E+08,1.537616E+07,0,108.768,119.0437,30654.19,40.1903,55.0003,52.7249,46.5989,0.00284014,13.0649,54.4998,110.5,0.159228,24.0813,40.2841,46.6313,14.3901,13.0649,0.994345,12.972,1.02141,46.637,31968.5,16110.5,16000,5,4760.75,82087,91806.8,-8.2047E-05,5.21194E-05,16.0995,0.344615,0.011097,5.21194E-05,5.21194E-05,5.21194E-05,6048.29,0.854853,47428.8,5.21194E-05,0,0,0
"2026-04-30 23:09:00",254720,"2026-04-30 22:10:46",1777608646,1.777609E+09,1.2641E+08,1.537622E+07,0,107.6493,119.1053,30662.02,40.1891,55.0003,52.7245,46.5991,0.00283312,13.0648,54.4998,77.5,0.159228,24.0813,40.2841,46.6229,14.3901,13.0648,0.994341,12.9723,1.02141,46.637,31968.2,16077.5,16000,5,4731.75,82086,91804,-0.000142499,4.72754E-05,16.1036,0.344803,0.0109829,4.72754E-05,4.72754E-05,4.72754E-05,6048.29,0.854853,47426.8,4.72754E-05,0,0,0
"2026-04-30 23:09:15",254721,"2026-04-30 22:11:01",1777608661,1.777609E+09,1.256781E+08,1.537628E+07,0,108.3985,119.7706,30670.14,40.1899,55.0003,52.7261,46.5991,0.00289421,13.0635,54.4996,-27.25,0.159228,24.0813,40.2841,46.6182,14.3901,13.0635,0.994371,12.9723,1.0214,46.637,31969.2,15972.8,16000,5,4745.25,82089.5,91791.5,-6.49265E-05,6.09593E-05,16.1079,0.346727,0.0110593,6.09593E-05,6.09593E-05,6.09593E-05,6048.29,0.854853,47428.5,6.09593E-05,0,0,0
"2026-04-30 23:09:30",254722,"2026-04-30 22:11:16",1777608676,1.777609E+09,1.24939E+08,1.537634E+07,0,108.696,120.043,30674.88,40.1903,55.0003,52.7253,46.5991,0.00289162,13.0638,54.4994,25.75,0.159228,24.0817,40.284,46.6182,14.3901,13.0638,0.994293,12.9722,1.0214,46.637,31968.8,16025.8,16000,5,4729,82082.5,91797.5,-6.04053E-05,7.56565E-05,16.1104,0.347515,0.0110897,7.56565E-05,7.56565E-05,7.56565E-05,6048.29,0.854853,47426.2,7.56565E-05,0,0,0
"2026-04-30 23:09:45",254723,"2026-04-30 22:11:31",1777608691,1.777609E+09,1.241989E+08,1.53764E+07,0,108.6798,119.8932,30682.65,40.1895,55.0003,52.7232,46.5989,0.00290131,13.0643,54.4994,34,0.159228,24.0809,40.284,46.6126,14.3901,13.0643,0.99437,12.9722,1.02139,46.637,31967.2,16034,16000,5,4764,82111.2,91817.2,-5.79729E-05,6.22921E-05,16.1145,0.347081,0.011088,6.22921E-05,6.22921E-05,6.22921E-05,6048.29,0.854853,47429.2,6.22921E-05,0,0,0
"2026-04-30 23:10:00",254724,"2026-04-30 22:11:46",1777608706,1.777609E+09,1.234541E+08,1.537646E+07,0,108.3026,119.9919,30687.28,40.1903,55.0003,52.7257,46.5987,0.00286354,13.0652,54.4998,30.75,0.159228,24.0817,40.284,46.6154,14.3901,13.0652,0.994332,12.9716,1.02139,46.637,31968.8,16030.8,16000,5,4741.25,82083.8,91803.8,-2.97574E-05,6.57208E-05,16.1169,0.34737,0.0110496,6.57208E-05,6.57208E-05,6.57208E-05,6048.29,0.854853,47428,6.57208E-05,0,0,0
"2026-04-30 23:10:15",254725,"2026-04-30 22:12:00",1777608720,1.777609E+09,1.227181E+08,1.537651E+07,0,108.2731,119.7062,30691.69,40.1895,55.0003,52.7237,46.5991,0.00288,13.0642,54.4998,213.75,0.159228,24.0813,40.284,46.6145,14.3901,13.0642,0.994364,12.9722,1.02143,46.637,31968.5,16213.8,16000,5,4767.5,82113.8,91834.5,-6.35615E-05,5.41062E-05,16.1192,0.346541,0.0110466,5.41062E-05,5.41062E-05,5.41062E-05,6048.29,0.854853,47426.5,5.41062E-05,0,0,0
"2026-04-30 23:10:30",254726,"2026-04-30 22:12:16",1777608736,1.777609E+09,1.219821E+08,1.537658E+07,0,107.4021,119.1801,30699.76,40.1891,55.0003,52.7274,46.5991,0.00288598,13.064,54.4998,-37.5,0.159228,24.0813,40.284,46.607,14.3901,13.064,0.994336,12.9721,1.02144,46.637,31970,15962.5,16000,5,4759.5,82074.2,91793.2,-0.000142238,6.06966E-05,16.1235,0.345022,0.0109577,6.06966E-05,6.06966E-05,6.06966E-05,6048.29,0.854853,47426.2,6.06966E-05,0,0,0
"2026-04-30 23:10:45",254727,"2026-04-30 22:12:31",1777608751,1.777609E+09,1.21244E+08,1.537664E+07,0,108.1337,118.8357,30703.41,40.1903,55.0003,52.7253,46.5991,0.00285588,13.0641,54.4998,25.75,0.159228,24.0809,40.2839,46.6032,14.3901,13.0641,0.994389,12.9718,1.02141,46.637,31968.5,16025.8,16000,5,4730.5,82087,91791,-4.9535E-05,5.58367E-05,16.1254,0.344016,0.0110323,5.58367E-05,5.58367E-05,5.58367E-05,6048.29,0.854853,47428,5.58367E-05,0,0,0
"2026-04-30 23:11:00",254728,"2026-04-30 22:12:46",1777608766,1.777609E+09,1.20496E+08,1.53767E+07,0,108.059,119.4862,30711.23,40.1899,55.0003,52.7249,46.5987,0.00288508,13.0648,54.4998,91.5,0.159228,24.0813,40.2839,46.6037,14.3901,13.0648,0.994319,12.9718,1.02137,46.637,31968,16091.5,16000,5,4750.25,82099.8,91796.5,4.79648E-05,6.25393E-05,16.1295,0.345905,0.0110247,6.25393E-05,6.25393E-05,6.25393E-05,6048.29,0.854853,47428.2,6.25393E-05,0,0,0
"2026-04-30 23:11:15",254729,"2026-04-30 22:13:01",1777608781,1.777609E+09,1.19765E+08,1.537676E+07,0,109.0814,119.9039,30718.2,40.1895,55.0003,52.7249,46.5991,0.00294174,13.0639,54.4998,-74,0.159228,24.0809,40.2837,46.5939,14.3901,13.0639,0.994297,12.9718,1.02137,46.637,31968.2,15926,16000,5,4775.5,82096.2,91806.5,-5.19939E-05,6.03484E-05,16.1331,0.347108,0.011129,6.03484E-05,6.03484E-05,6.03484E-05,6048.29,0.854853,47428.8,6.03484E-05,0,0,0
"2026-04-30 23:11:30",254730,"2026-04-30 22:13:16",1777608796,1.777609E+09,1.190209E+08,1.537682E+07,0,108.3979,120.0682,30725.23,40.1895,55.0003,52.7274,46.5991,0.00295806,13.0642,54.4998,139.5,0.159228,24.0813,40.2837,46.592,14.3901,13.0642,0.994323,12.972,1.0214,46.637,31970.2,16139.5,16000,5,4734.75,82074,91790,2.13603E-05,5.74627E-05,16.1368,0.347591,0.0110593,5.74627E-05,5.74627E-05,5.74627E-05,6048.29,0.854853,47426,5.74627E-05,0,0,0
"2026-04-30 23:11:45",254731,"2026-04-30 22:13:31",1777608811,1.777609E+09,1.18283E+08,1.537688E+07,0,107.5901,119.8981,30728.34,40.1907,55.0003,52.7265,46.5991,0.00289203,13.0635,54.4998,-55.25,0.159228,24.0817,40.2837,46.593,14.3901,13.0635,0.994371,12.9718,1.02142,46.637,31968.8,15944.8,16000,5,4744.75,82080,91775.2,5.36665E-05,6.58623E-05,16.1385,0.347104,0.0109769,6.58623E-05,6.58623E-05,6.58623E-05,6048.29,0.854853,47425.5,6.58623E-05,0,0,0
"2026-04-30 23:12:00",254732,"2026-04-30 22:13:46",1777608826,1.777609E+09,1.175439E+08,1.537694E+07,0,108.847,119.8014,30737.94,40.1899,55.0003,52.7241,46.5991,0.00300327,13.0644,54.4994,82.75,0.159228,24.0817,40.2837,46.5897,14.3901,13.0644,0.994311,12.9719,1.02142,46.637,31967.5,16082.8,16000,5,4766.25,82102.8,91799.2,-5.65348E-05,8.22267E-05,16.1435,0.346813,0.0111051,8.22267E-05,8.22267E-05,8.22267E-05,6048.29,0.854853,47426.5,8.22267E-05,0,0,0
"2026-04-30 23:12:15",254733,"2026-04-30 22:14:01",1777608841,1.777609E+09,1.168051E+08,1.5377E+07,0,108.1629,119.8153,30742.17,40.1891,55.0003,52.7269,46.5987,0.00290016,13.0646,54.4998,-61.75,0.159228,24.0821,40.2837,46.5864,14.3901,13.0646,0.994328,12.9721,1.02136,46.637,31969.2,15938.2,16000,5,4742.5,82079.8,91792.2,6.44404E-06,6.92142E-05,16.1457,0.346859,0.0110353,6.92142E-05,6.92142E-05,6.92142E-05,6048.29,0.854853,47430,6.92142E-05,0,0,0
"2026-04-30 23:12:30",254734,"2026-04-30 22:14:16",1777608856,1.777609E+09,1.16065E+08,1.537706E+07,0,108.9376,119.4203,30747.9,40.1895,55.0003,52.7245,46.5991,0.0029586,13.0639,54.4998,4.5,0.159228,24.0817,40.2836,46.5752,14.3901,13.0639,0.994328,12.9715,1.02141,46.637,31967.5,16004.5,16000,5,4749.75,82088,91799,-0.000104936,6.11709E-05,16.1487,0.345706,0.0111143,6.11709E-05,6.11709E-05,6.11709E-05,6048.29,0.854853,47427,6.11709E-05,0,0,0
"2026-04-30 23:12:45",254735,"2026-04-30 22:14:31",1777608871,1.777609E+09,1.15334E+08,1.537712E+07,0,107.2681,119.1391,30756.25,40.1899,55.0003,52.7253,46.5991,0.00286305,13.0639,54.4998,-12.25,0.159228,24.0817,40.2836,46.5771,14.3901,13.0639,0.994387,12.9716,1.02142,46.637,31968.5,15987.8,16000,5,4768,82096,91790.5,-0.00010941,5.25076E-05,16.1531,0.344904,0.010944,5.25076E-05,5.25076E-05,5.25076E-05,6048.29,0.854853,47426,5.25076E-05,0,0,0
"2026-04-30 23:13:00",254736,"2026-04-30 22:14:46",1777608886,1.777609E+09,1.145821E+08,1.537718E+07,0,109.1307,119.6433,30761.36,40.1899,55.0003,52.7237,46.5987,0.00292971,13.0641,54.4998,-33.75,0.159228,24.0809,40.2836,46.5766,14.3901,13.0641,0.994382,12.9716,1.02143,46.637,31968,15966.2,16000,5,4751.75,82109.8,91800.8,-5.91568E-05,4.35295E-05,16.1558,0.346352,0.011134,4.35295E-05,4.35295E-05,4.35295E-05,6048.29,0.854853,47425.2,4.35295E-05,0,0,0
"2026-04-30 23:13:15",254737,"2026-04-30 22:15:00",1777608900,1.777609E+09,1.138451E+08,1.537723E+07,0,107.6234,119.7716,30769.75,40.1895,55.0003,52.7253,46.5987,0.00287981,13.0643,54.4998,25.75,0.159228,24.0813,40.2836,46.5752,14.3901,13.0643,0.994242,12.9719,1.02136,46.637,31968,16025.8,16000,5,4712,82059.2,91798.8,-0.000132939,7.5069E-05,16.1602,0.346736,0.0109803,7.5069E-05,7.5069E-05,7.5069E-05,6048.29,0.854853,47427,7.5069E-05,0,0,0
"2026-04-30 23:13:30",254738,"2026-04-30 22:15:16",1777608916,1.777609E+09,1.130991E+08,1.53773E+07,0,107.4246,119.7185,30775.63,40.1899,55.0003,52.7224,46.5989,0.00296834,13.0644,54.4998,-11,0.159228,24.0809,40.2836,46.5724,14.3901,13.0644,0.994309,12.9717,1.02141,46.637,31967,15989,16000,5,4743.5,82088.5,91807.2,3.73955E-05,5.76272E-05,16.1633,0.346584,0.01096,5.76272E-05,5.76272E-05,5.76272E-05,6048.29,0.854853,47428,5.76272E-05,0,0,0
"2026-04-30 23:13:45",254739,"2026-04-30 22:15:31",1777608931,1.777609E+09,1.123631E+08,1.537736E+07,0,107.1667,119.4795,30779.93,40.1891,55.0003,52.7245,46.5991,0.00287891,13.0645,54.4998,-32,0.159228,24.0825,40.2836,46.5677,14.3901,13.0645,0.994301,12.9719,1.02136,46.637,31968.2,15968,16000,5,4763.25,82081.8,91786.5,3.10944E-05,6.09862E-05,16.1656,0.345893,0.0109337,6.09862E-05,6.09862E-05,6.09862E-05,6048.29,0.854853,47426.5,6.09862E-05,0,0,0
"2026-04-30 23:14:00",254740,"2026-04-30 22:15:46",1777608946,1.777609E+09,1.1163E+08,1.537742E+07,0,107.591,119.0894,30785.36,40.1903,55.0003,52.7253,46.5991,0.00283751,13.0651,54.4998,-67,0.159228,24.0821,40.2836,46.5635,14.3901,13.0651,0.994279,12.9718,1.02138,46.637,31968.8,15933,16000,5,4754.5,82071.2,91786.2,5.65558E-05,6.67662E-05,16.1684,0.344757,0.010977,6.67662E-05,6.67662E-05,6.67662E-05,6048.29,0.854853,47428,6.67662E-05,0,0,0
"2026-04-30 23:14:15",254741,"2026-04-30 22:16:00",1777608960,1.777609E+09,1.10893E+08,1.537747E+07,0,107.9784,119.4458,30793.38,40.1899,55.0003,52.722,46.5993,0.0028435,13.0638,54.4998,-40.25,0.159228,24.0817,40.2836,46.564,14.3901,13.0638,0.994284,12.9718,1.02133,46.637,31967,15959.8,16000,5,4740.75,82087.2,91809.2,-1.0713E-05,6.68887E-05,16.1726,0.345788,0.0110165,6.68887E-05,6.68887E-05,6.68887E-05,6048.29,0.854853,47426.8,6.68887E-05,0,0,0
"2026-04-30 23:14:30",254742,"2026-04-30 22:16:16",1777608976,1.777609E+09,1.10157E+08,1.537754E+07,0,107.202,119.7677,30801.93,40.1899,55.0003,52.7249,46.5987,0.00292453,13.0638,54.4998,58.25,0.159228,24.0813,40.2836,46.5635,14.3901,13.0638,0.994288,12.9717,1.02136,46.637,31968,16058.2,16000,5,4724.25,82054.2,91787.2,-4.7285E-05,6.55515E-05,16.1771,0.346729,0.0109373,6.55515E-05,6.55515E-05,6.55515E-05,6048.29,0.854853,47426.5,6.55515E-05,0,0,0
"2026-04-30 23:14:45",254743,"2026-04-30 22:16:31",1777608991,1.777609E+09,1.094151E+08,1.53776E+07,0,106.852,119.3964,30807.99,40.1899,55.0003,52.7216,46.5991,0.00294556,13.0637,54.4998,-48.5,0.159228,24.0832,40.2836,46.5546,14.3901,13.0637,0.994311,12.9717,1.0214,46.637,31965.8,15951.5,16000,5,4712.75,82079.8,91805.2,-1.41469E-05,6.2788E-05,16.1803,0.345654,0.0109016,6.2788E-05,6.2788E-05,6.2788E-05,6048.29,0.854853,47426.2,6.2788E-05,0,0,0
"2026-04-30 23:15:00",254744,"2026-04-30 22:16:46",1777609006,1.777609E+09,1.086669E+08,1.537766E+07,0,107.9887,119.5215,30814.27,40.1899,55.0003,52.7237,46.5991,0.00295048,13.0644,54.4998,-88.25,0.159228,24.0813,40.2836,46.5528,14.3901,13.0644,0.994366,12.9721,1.02136,46.637,31967,15911.8,16000,5,4759.75,82107.8,91809,5.27264E-05,7.37611E-05,16.1836,0.346008,0.0110175,7.37611E-05,7.37611E-05,7.37611E-05,6048.29,0.854853,47426.5,7.37611E-05,0,0,0
"2026-04-30 23:15:15",254745,"2026-04-30 22:17:00",1777609020,1.777609E+09,1.07939E+08,1.537771E+07,0,108.1752,120.2135,30821.52,40.1907,55.0003,52.7241,46.5987,0.00295608,13.064,54.4998,14.75,0.159228,24.0809,40.2836,46.549,14.3901,13.064,0.994286,12.9714,1.02134,46.637,31967.8,16014.8,16000,5,4739.25,82071.8,91795.5,-2.89716E-06,6.44092E-05,16.1874,0.348014,0.0110366,6.44092E-05,6.44092E-05,6.44092E-05,6048.29,0.854853,47428.8,6.44092E-05,0,0,0
"2026-04-30 23:15:30",254746,"2026-04-30 22:17:16",1777609036,1.777609E+09,1.071939E+08,1.537778E+07,0,107.6748,119.4116,30828.83,40.1903,55.0003,52.7253,46.5987,0.00292098,13.0644,54.4998,-75.25,0.159228,24.0813,40.2836,46.5476,14.3901,13.0644,0.994327,12.9721,1.02138,46.637,31968,15924.8,16000,5,4741.5,82074.5,91809.5,6.89569E-08,5.78774E-05,16.1912,0.345691,0.0109855,5.78774E-05,5.78774E-05,5.78774E-05,6048.29,0.854853,47427.5,5.78774E-05,0,0,0
"2026-04-30 23:15:45",254747,"2026-04-30 22:17:31",1777609051,1.777609E+09,1.06457E+08,1.537784E+07,0,107.4945,118.9664,30833.81,40.1891,55.0003,52.7241,46.5987,0.00290218,13.064,54.4998,-66.75,0.159228,24.0805,40.2836,46.5434,14.3901,13.064,0.994322,12.9718,1.02139,46.637,31967.5,15933.2,16000,5,4733.5,82087.2,91788,3.89626E-05,5.46257E-05,16.1939,0.344401,0.0109671,5.46257E-05,5.46257E-05,5.46257E-05,6048.29,0.854853,47425.8,5.46257E-05,0,0,0
"2026-04-30 23:16:00",254748,"2026-04-30 22:17:46",1777609066,1.777609E+09,1.057079E+08,1.53779E+07,0,108.3262,119.9428,30841.9,40.1899,55.0003,52.7245,46.5991,0.00298008,13.0642,54.4998,-38.25,0.159228,24.0817,40.2836,46.5416,14.3901,13.0642,0.994348,12.9714,1.02138,46.637,31968,15961.8,16000,5,4759,82103,91808.2,9.57634E-06,5.6682E-05,16.1981,0.347227,0.011052,5.6682E-05,5.6682E-05,5.6682E-05,6048.29,0.854853,47425.5,5.6682E-05,0,0,0
"2026-04-30 23:16:15",254749,"2026-04-30 22:18:00",1777609080,1.777609E+09,1.049831E+08,1.537795E+07,0,107.8652,119.3621,30845.37,40.1891,55.0003,52.7224,46.5989,0.00286919,13.0637,54.4998,24,0.159228,24.0821,40.2836,46.5364,14.3901,13.0637,0.994308,12.9716,1.02136,46.637,31966.5,16024,16000,5,4737.5,82091.2,91807.8,-5.11204E-05,5.69674E-05,16.1999,0.345546,0.0110049,5.69674E-05,5.69674E-05,5.69674E-05,6048.29,0.854853,47426.8,5.69674E-05,0,0,0
"2026-04-30 23:16:30",254750,"2026-04-30 22:18:16",1777609096,1.777609E+09,1.042399E+08,1.537802E+07,0,106.6395,119.3744,30851.63,40.1899,55.0003,52.7232,46.5989,0.00288494,13.0642,54.4998,62,0.159228,24.0809,40.2836,46.536,14.3901,13.0642,0.99431,12.9717,1.02139,46.637,31967.5,16062,16000,5,4720,82087.8,91801,7.49357E-05,5.76906E-05,16.2032,0.345592,0.0108799,5.76906E-05,5.76906E-05,5.76906E-05,6048.29,0.854853,47424.8,5.76906E-05,0,0,0
"2026-04-30 23:16:45",254751,"2026-04-30 22:18:31",1777609111,1.777609E+09,1.03498E+08,1.537808E+07,0,107.654,119.9309,30861.21,40.1907,55.0003,52.7245,46.5993,0.00294635,13.0645,54.4998,-35.25,0.159228,24.0817,40.2836,46.5341,14.3901,13.0645,0.994287,12.9717,1.02135,46.637,31967.5,15964.8,16000,5,4753.5,82086.8,91817.8,-9.14866E-05,5.6232E-05,16.2083,0.347199,0.0109834,5.6232E-05,5.6232E-05,5.6232E-05,6048.29,0.854853,47425.2,5.6232E-05,0,0,0
"2026-04-30 23:17:00",254752,"2026-04-30 22:18:46",1777609126,1.777609E+09,1.02751E+08,1.537814E+07,0,107.1234,119.4147,30864.82,40.1899,55.0003,52.7278,46.5991,0.0028552,13.0651,54.4998,-101.25,0.159228,24.0825,40.2836,46.5285,14.3901,13.0651,0.994226,12.9713,1.02129,46.637,31969.8,15898.8,16000,5,4761,82063.2,91778.5,-6.72069E-05,6.78613E-05,16.2102,0.345705,0.0109293,6.78613E-05,6.78613E-05,6.78613E-05,6048.29,0.854853,47427.5,6.78613E-05,0,0,0
"2026-04-30 23:17:15",254753,"2026-04-30 22:19:00",1777609140,1.777609E+09,1.020141E+08,1.537819E+07,0,107.4068,119.5338,30872.95,40.1903,55.0003,52.7212,46.5989,0.0029405,13.0635,54.4998,-2.75,0.159228,24.0809,40.2836,46.5285,14.3901,13.0635,0.994236,12.9715,1.02135,46.637,31965.5,15997.2,16000,5,4753.25,82098,91822,-0.000110248,6.14687E-05,16.2144,0.346048,0.0109582,6.14687E-05,6.14687E-05,6.14687E-05,6048.29,0.854853,47427.5,6.14687E-05,0,0,0
"2026-04-30 23:17:30",254754,"2026-04-30 22:19:16",1777609156,1.777609E+09,1.012771E+08,1.537826E+07,0,107.4457,119.8126,30882.97,40.1895,55.0003,52.7224,46.5991,0.00294591,13.064,54.4996,131.75,0.159228,24.0801,40.2836,46.5229,14.3901,13.064,0.994322,12.9717,1.02132,46.637,31967,16131.8,16000,5,4742,82091.2,91806.8,-0.000116971,5.12542E-05,16.2197,0.346857,0.0109622,5.12542E-05,5.12542E-05,5.12542E-05,6048.29,0.854853,47426.2,5.12542E-05,0,0,0
"2026-04-30 23:17:45",254755,"2026-04-30 22:19:31",1777609171,1.777609E+09,1.00544E+08,1.537832E+07,0,106.8409,119.4061,30885.59,40.1887,55.0003,52.7241,46.5987,0.00287664,13.0644,54.4998,70.75,0.159228,24.0809,40.2836,46.5248,14.3901,13.0644,0.994345,12.9717,1.02134,46.637,31968,16070.8,16000,5,4726.25,82084.5,91826.2,-0.000102705,4.87971E-05,16.2211,0.345682,0.0109005,4.87971E-05,4.87971E-05,4.87971E-05,6048.29,0.854853,47427,4.87971E-05,0,0,0
"2026-04-30 23:18:00",254756,"2026-04-30 22:19:46",1777609186,1.777609E+09,9.979701E+07,1.537838E+07,0,106.879,119.4001,30894.1,40.1911,55.0003,52.7241,46.5987,0.00288241,13.0645,54.4998,-50.25,0.159228,24.0805,40.2836,46.5192,14.3901,13.0645,0.994265,12.9715,1.02131,46.637,31968,15949.8,16000,5,4735.25,82091.5,91812.8,-0.000143735,5.39696E-05,16.2255,0.345664,0.0109043,5.39696E-05,5.39696E-05,5.39696E-05,6048.29,0.854853,47427.2,5.39696E-05,0,0,0
"2026-04-30 23:18:15",254757,"2026-04-30 22:20:00",1777609200,1.777609E+09,9.906101E+07,1.537843E+07,0,107.7056,120.3049,30902.46,40.1883,55.0003,52.7245,46.5991,0.00289947,13.0642,54.4998,-39.25,0.159228,24.0813,40.2833,46.521,14.3901,13.0642,0.994222,12.9721,1.02126,46.637,31968,15960.8,16000,5,4749.5,82077,91794,-2.33438E-05,6.0858E-05,16.2299,0.348283,0.0109887,6.0858E-05,6.0858E-05,6.0858E-05,6048.29,0.854853,47430,6.0858E-05,0,0,0
"2026-04-30 23:18:30",254758,"2026-04-30 22:20:16",1777609216,1.777609E+09,9.832096E+07,1.53785E+07,0,107.2038,119.9319,30908.63,40.1899,55.0003,52.7232,46.5991,0.00294719,13.0642,54.4998,121,0.159228,24.0813,40.2833,46.5136,14.3901,13.0642,0.994206,12.9714,1.02128,46.637,31967.5,16121,16000,5,4752.5,82080.5,91804.8,-6.2294E-05,6.77817E-05,16.2332,0.347205,0.0109375,6.77817E-05,6.77817E-05,6.77817E-05,6048.29,0.854853,47429.5,6.77817E-05,0,0,0
"2026-04-30 23:18:45",254759,"2026-04-30 22:20:31",1777609231,1.777609E+09,9.75771E+07,1.537856E+07,0,106.7349,119.3566,30916.05,40.1891,55.0003,52.7241,46.5991,0.00294838,13.0638,54.4998,11.25,0.159228,24.0813,40.2833,46.5159,14.3901,13.0638,0.994218,12.9716,1.0213,46.637,31967.5,16011.2,16000,5,4741.5,82066,91768.2,-0.000115907,4.43488E-05,16.2371,0.34554,0.0108896,4.43488E-05,4.43488E-05,4.43488E-05,6048.29,0.854853,47427.8,4.43488E-05,0,0,0
"2026-04-30 23:19:00",254760,"2026-04-30 22:20:46",1777609246,1.777609E+09,9.683895E+07,1.537862E+07,0,106.5659,119.4809,30922.71,40.1887,55.0003,52.7232,46.5991,0.00294031,13.0645,54.4998,-88.5,0.159228,24.0817,40.2831,46.5108,14.3901,13.0645,0.994304,12.9714,1.02132,46.637,31966.2,15911.5,16000,5,4747.5,82090.5,91798.5,-5.20809E-05,4.72126E-05,16.2406,0.345901,0.0108724,4.72126E-05,4.72126E-05,4.72126E-05,6048.29,0.854853,47427.8,4.72126E-05,0,0,0
"2026-04-30 23:19:15",254761,"2026-04-30 22:21:01",1777609261,1.777609E+09,9.6102E+07,1.537868E+07,0,106.3915,119.303,30930.73,40.1891,55.0003,52.7228,46.5991,0.00288889,13.0636,54.4998,-50.5,0.159228,24.0813,40.2831,46.5005,14.3901,13.0636,0.994225,12.9713,1.02128,46.637,31966.5,15949.5,16000,5,4754.25,82080.2,91798.2,-4.74958E-05,5.32141E-05,16.2448,0.345387,0.0108546,5.32141E-05,5.32141E-05,5.32141E-05,6048.29,0.854853,47427.8,5.32141E-05,0,0,0
"2026-04-30 23:19:30",254762,"2026-04-30 22:21:16",1777609276,1.777609E+09,9.536195E+07,1.537874E+07,0,107.2816,120.1124,30938.75,40.1891,55.0003,52.7237,46.5991,0.00296127,13.0637,54.4998,-84.25,0.159228,24.0813,40.283,46.4968,14.3901,13.0637,0.994266,12.9714,1.0213,46.637,31966.5,15915.8,16000,5,4733.25,82077.5,91799.5,-2.53747E-05,5.61418E-05,16.249,0.347728,0.0109454,5.61418E-05,5.61418E-05,5.61418E-05,6048.29,0.854853,47426.8,5.61418E-05,0,0,0
"2026-04-30 23:19:45",254763,"2026-04-30 22:21:31",1777609291,1.777609E+09,9.462595E+07,1.53788E+07,0,107.3465,120.0976,30944.07,40.1891,55.0003,52.7237,46.5989,0.00289996,13.0643,54.4998,-51,0.159228,24.0809,40.283,46.4987,14.3901,13.0643,0.994267,12.9709,1.0213,46.637,31967.8,15949,16000,5,4750.5,82086,91799.8,9.8582E-06,6.2364E-05,16.2518,0.347685,0.010952,6.2364E-05,6.2364E-05,6.2364E-05,6048.29,0.854853,47429.2,6.2364E-05,0,0,0
"2026-04-30 23:20:00",254764,"2026-04-30 22:21:46",1777609306,1.777609E+09,9.388304E+07,1.537886E+07,0,106.5239,120.2329,30951.65,40.1891,55.0003,52.7228,46.5987,0.00290438,13.0637,54.4998,134.75,0.159228,24.0809,40.2829,46.4931,14.3901,13.0637,0.994286,12.9711,1.02129,46.637,31966.5,16134.8,16000,5,4759.25,82104.8,91810.2,-1.3823E-05,4.3316E-05,16.2558,0.348084,0.0108681,4.3316E-05,4.3316E-05,4.3316E-05,6048.29,0.854853,47426.8,4.3316E-05,0,0,0
"2026-04-30 23:20:15",254765,"2026-04-30 22:22:00",1777609320,1.777609E+09,9.31499E+07,1.537891E+07,0,106.304,119.4726,30957.9,40.1899,55.0003,52.7241,46.5991,0.00286408,13.0646,54.4998,75,0.159228,24.0817,40.2829,46.4893,14.3901,13.0646,0.994258,12.9716,1.02131,46.637,31968,16075,16000,5,4746.25,82080.2,91800,-4.15766E-06,4.74845E-05,16.2591,0.34588,0.0108457,4.74845E-05,4.74845E-05,4.74845E-05,6048.29,0.854853,47425.8,4.74845E-05,0,0,0
"2026-04-30 23:20:30",254766,"2026-04-30 22:22:16",1777609336,1.777609E+09,9.240603E+07,1.537898E+07,0,106.2788,119.6476,30968.59,40.1883,55.0003,52.7228,46.5991,0.00290298,13.0646,54.4996,92.25,0.159228,24.0805,40.2829,46.4889,14.3901,13.0646,0.994226,12.9717,1.02128,46.637,31967,16092.2,16000,5,4745.5,82087.5,91806.8,-1.09647E-05,7.39861E-05,16.2647,0.346388,0.0108431,7.39861E-05,7.39861E-05,7.39861E-05,6048.29,0.854853,47426.8,7.39861E-05,0,0,0
"2026-04-30 23:20:45",254767,"2026-04-30 22:22:31",1777609351,1.777609E+09,9.167099E+07,1.537904E+07,0,106.9537,119.7521,30974.52,40.1891,55.0003,52.7216,46.5991,0.00290696,13.0643,54.4998,83.25,0.159228,24.0821,40.2829,46.4907,14.3901,13.0643,0.994259,12.9713,1.0213,46.637,31966.8,16083.2,16000,5,4762.5,82094.2,91803.8,-6.9451E-05,5.90534E-05,16.2678,0.346685,0.010912,5.90534E-05,5.90534E-05,5.90534E-05,6048.29,0.854853,47427.8,5.90534E-05,0,0,0
"2026-04-30 23:21:00",254768,"2026-04-30 22:22:46",1777609366,1.777609E+09,9.093094E+07,1.53791E+07,0,106.8862,119.3848,30979.51,40.1891,55.0003,52.7245,46.5987,0.00287678,13.0645,54.4998,-131,0.159228,24.0813,40.2829,46.4814,14.3901,13.0645,0.994281,12.9716,1.02129,46.637,31966.8,15869,16000,5,4745,82086.2,91783,-2.06381E-05,5.84878E-05,16.2704,0.34562,0.0109051,5.84878E-05,5.84878E-05,5.84878E-05,6048.29,0.854853,47427.5,5.84878E-05,0,0,0
"2026-04-30 23:21:15",254769,"2026-04-30 22:23:00",1777609380,1.777609E+09,9.019398E+07,1.537915E+07,0,106.3817,120.3864,30987.46,40.1887,55.0003,52.7241,46.5989,0.00290987,13.0643,54.4998,-78,0.159228,24.0813,40.2829,46.48,14.3901,13.0643,0.994234,12.9715,1.02126,46.637,31967.5,15922,16000,5,4726,82079.2,91800.5,-4.74951E-05,7.32641E-05,16.2746,0.348531,0.0108536,7.32641E-05,7.32641E-05,7.32641E-05,6048.29,0.854853,47427,7.32641E-05,0,0,0
"2026-04-30 23:21:30",254770,"2026-04-30 22:23:16",1777609396,1.777609E+09,8.945394E+07,1.537922E+07,0,106.3527,119.4937,30994.37,40.1879,55.0003,52.7237,46.5991,0.00287825,13.0644,54.4998,115,0.159228,24.0813,40.2829,46.4763,14.3901,13.0644,0.994262,12.9713,1.02129,46.637,31967.8,16115,16000,5,4760.25,82100,91806,-6.4575E-06,5.51553E-05,16.2782,0.34594,0.0108507,5.51553E-05,5.51553E-05,5.51553E-05,6048.29,0.854853,47425.2,5.51553E-05,0,0,0
"2026-04-30 23:21:45",254771,"2026-04-30 22:23:31",1777609411,1.777609E+09,8.871007E+07,1.537928E+07,0,106.6019,119.9825,31003.95,40.1879,55.0003,52.7195,46.5991,0.00297633,13.0637,54.4998,113.5,0.159228,24.0809,40.2829,46.4763,14.3901,13.0637,0.994268,12.9714,1.02131,46.637,31965.2,16113.5,16000,5,4735.5,82085.5,91799,-4.9169E-05,6.10565E-05,16.2832,0.347357,0.0108761,6.10565E-05,6.10565E-05,6.10565E-05,6048.29,0.854853,47426.8,6.10565E-05,0,0,0
"2026-04-30 23:22:00",254772,"2026-04-30 22:23:46",1777609426,1.777609E+09,8.797908E+07,1.537934E+07,0,106.7398,120.1843,31011.36,40.1883,55.0003,52.7269,46.5989,0.00294783,13.0636,54.4998,-113,0.159228,24.0809,40.2828,46.4698,14.3901,13.0636,0.99424,12.9713,1.02129,46.637,31968.8,15887,16000,5,4747,82072,91799.2,-7.24247E-05,7.0067E-05,16.2871,0.347941,0.0108901,7.0067E-05,7.0067E-05,7.0067E-05,6048.29,0.854853,47428,7.0067E-05,0,0,0
"2026-04-30 23:22:15",254773,"2026-04-30 22:24:01",1777609441,1.777609E+09,8.724189E+07,1.53794E+07,0,106.0266,119.9396,31019.12,40.1879,55.0003,52.7232,46.5991,0.00288947,13.0639,54.4996,125.5,0.159228,24.0801,40.2828,46.4632,14.3901,13.0639,0.994272,12.9715,1.02127,46.637,31968.2,16125.5,16000,5,4746.5,82071.8,91780.2,-4.76407E-06,8.29421E-05,16.2912,0.347237,0.0108174,8.29421E-05,8.29421E-05,8.29421E-05,6048.29,0.854853,47426.8,8.29421E-05,0,0,0
"2026-04-30 23:22:30",254774,"2026-04-30 22:24:16",1777609456,1.777609E+09,8.649898E+07,1.537946E+07,0,106.7624,119.6539,31024.14,40.1895,55.0003,52.7224,46.5991,0.00282895,13.064,54.4998,53.5,0.159228,24.0809,40.2826,46.4632,14.3901,13.064,0.994199,12.9712,1.02122,46.637,31966.5,16053.5,16000,5,4770.75,82089,91792.8,5.94829E-06,6.47877E-05,16.2938,0.346402,0.0108925,6.47877E-05,6.47877E-05,6.47877E-05,6048.29,0.854853,47429,6.47877E-05,0,0,0
"2026-04-30 23:22:45",254775,"2026-04-30 22:24:31",1777609471,1.777609E+09,8.576202E+07,1.537952E+07,0,106.3576,120.1946,31034.81,40.1887,55.0003,52.722,46.5991,0.0029533,13.0639,54.4998,-30.75,0.159228,24.0817,40.2826,46.4618,14.3901,13.0639,0.994244,12.9712,1.02129,46.637,31966.2,15969.2,16000,5,4749.5,82084,91794.5,-7.55888E-05,6.05793E-05,16.2995,0.347974,0.0108512,6.05793E-05,6.05793E-05,6.05793E-05,6048.29,0.854853,47425.2,6.05793E-05,0,0,0
"2026-04-30 23:23:00",254776,"2026-04-30 22:24:46",1777609486,1.777609E+09,8.502102E+07,1.537958E+07,0,106.081,120.1554,31042.14,40.1879,55.0003,52.7212,46.5991,0.00293968,13.0636,54.4998,120,0.159228,24.0813,40.2825,46.4577,14.3901,13.0636,0.994209,12.9712,1.02122,46.637,31967.2,16120,16000,5,4743.5,82066.8,91795.2,-6.06933E-05,6.23066E-05,16.3033,0.347863,0.0108229,6.23066E-05,6.23066E-05,6.23066E-05,6048.29,0.854853,47428,6.23066E-05,0,0,0
"2026-04-30 23:23:15",254777,"2026-04-30 22:25:00",1777609500,1.777609E+09,8.428907E+07,1.537963E+07,0,106.3829,119.5801,31048.62,40.1883,55.0003,52.72,46.5987,0.00286592,13.0634,54.4998,6,0.159228,24.0813,40.2825,46.4521,14.3901,13.0634,0.994172,12.9716,1.02124,46.637,31965.2,16006,16000,5,4770.75,82095.2,91795.8,-5.81004E-05,6.54353E-05,16.3067,0.346191,0.0108537,6.54353E-05,6.54353E-05,6.54353E-05,6048.29,0.854853,47427.5,6.54353E-05,0,0,0
"2026-04-30 23:23:30",254778,"2026-04-30 22:25:16",1777609516,1.777609E+09,8.35371E+07,1.53797E+07,0,106.0561,119.8359,31057.26,40.1883,55.0003,52.7212,46.5994,0.00290297,13.064,54.4998,74.75,0.159228,24.0813,40.2825,46.4488,14.3901,13.064,0.994226,12.9715,1.02127,46.637,31966.5,16074.8,16000,5,4726.75,82086.8,91791.5,-6.55528E-05,5.57663E-05,16.3113,0.346936,0.0108204,5.57663E-05,5.57663E-05,5.57663E-05,6048.29,0.854853,47425.2,5.57663E-05,0,0,0
"2026-04-30 23:23:45",254779,"2026-04-30 22:25:31",1777609531,1.777609E+09,8.279896E+07,1.537976E+07,0,106.0357,120.8179,31068.4,40.1874,55.0003,52.7212,46.5991,0.00294697,13.0635,54.4998,-51.25,0.159228,24.0809,40.2825,46.4465,14.3901,13.0635,0.994229,12.9714,1.02124,46.637,31965.5,15948.8,16000,5,4734.25,82079.5,91804.8,-0.000160612,4.60398E-05,16.3171,0.349786,0.0108183,4.60398E-05,4.60398E-05,4.60398E-05,6048.29,0.854853,47427.8,4.60398E-05,0,0,0
"2026-04-30 23:24:00",254780,"2026-04-30 22:25:46",1777609546,1.77761E+09,8.206296E+07,1.537982E+07,0,105.629,119.9125,31074.46,40.1891,55.0003,52.72,46.5991,0.00292963,13.0636,54.4998,-0.75,0.159228,24.0809,40.2824,46.4428,14.3901,13.0636,0.994238,12.9715,1.02123,46.637,31965.5,15999.2,16000,5,4746.75,82097.5,91787.5,-5.09451E-05,5.95938E-05,16.3203,0.347162,0.0107768,5.95938E-05,5.95938E-05,5.95938E-05,6048.29,0.854853,47427.5,5.95938E-05,0,0,0
"2026-04-30 23:24:15",254781,"2026-04-30 22:26:00",1777609560,1.77761E+09,8.133292E+07,1.537987E+07,0,105.421,120.1279,31080.35,40.1874,55.0003,52.7208,46.5987,0.0028608,13.0643,54.4998,8,0.159228,24.0805,40.2823,46.4409,14.3901,13.0643,0.994263,12.9715,1.02124,46.637,31965,16008,16000,5,4723.25,82080.8,91807.5,-1.041E-05,5.02039E-05,16.3234,0.347788,0.0107556,5.02039E-05,5.02039E-05,5.02039E-05,6048.29,0.854606,47427,5.02039E-05,0,0,0
"2026-04-30 23:24:30",254782,"2026-04-30 22:26:16",1777609576,1.77761E+09,8.059311E+07,1.537994E+07,0,105.7482,120.2461,31089.83,40.1879,55.0003,52.7216,46.5989,0.0029456,13.0638,54.4998,-6.25,0.159228,24.0809,40.2823,46.439,14.3901,13.0638,0.994185,12.9712,1.02124,46.637,31966,15993.8,16000,5,4750,82092.2,91794.8,-0.000130733,5.57298E-05,16.3284,0.348129,0.010789,5.57298E-05,5.57298E-05,5.57298E-05,6048.29,0.854606,47427,5.57298E-05,0,0,0
"2026-04-30 23:24:45",254783,"2026-04-30 22:26:31",1777609591,1.77761E+09,7.985806E+07,1.538E+07,0,105.7962,119.7855,31099.02,40.1887,55.0003,52.72,46.5991,0.00286083,13.0642,54.4998,13.75,0.159228,24.0805,40.2823,46.4409,14.3901,13.0642,0.994183,12.9711,1.02123,46.637,31966.2,16013.8,16000,5,4754.5,82086.5,91785.5,3.10681E-05,6.2961E-05,16.3332,0.346792,0.0107939,6.2961E-05,6.2961E-05,6.2961E-05,6048.29,0.854606,47425.2,6.2961E-05,0,0,0
"2026-04-30 23:25:00",254784,"2026-04-30 22:26:46",1777609606,1.77761E+09,7.91061E+07,1.538006E+07,0,104.658,120.2227,31104.58,40.1879,55.0003,52.7232,46.5991,0.002898,13.0638,54.4998,-132.75,0.159228,24.0809,40.2823,46.432,14.3901,13.0638,0.994213,12.971,1.02118,46.637,31966.8,15867.2,16000,5,4735,82054.8,91774.5,4.46335E-05,7.64103E-05,16.3361,0.34807,0.0106778,7.64103E-05,7.64103E-05,7.64103E-05,6048.29,0.854606,47428.5,7.64103E-05,0,0,0
"2026-04-30 23:25:15",254785,"2026-04-30 22:27:01",1777609621,1.77761E+09,7.836795E+07,1.538012E+07,0,105.7736,120.4402,31117.58,40.1879,55.0003,52.72,46.5991,0.00299059,13.0639,54.4998,-36.25,0.159228,24.0817,40.2823,46.4306,14.3901,13.0639,0.994193,12.9713,1.0212,46.637,31965.2,15963.8,16000,5,4736.5,82082.5,91796.2,-0.000123178,6.95333E-05,16.3429,0.348692,0.0107916,6.95333E-05,6.95333E-05,6.95333E-05,6048.29,0.854606,47426.2,6.95333E-05,0,0,0
"2026-04-30 23:25:30",254786,"2026-04-30 22:27:16",1777609636,1.77761E+09,7.763195E+07,1.538018E+07,0,105.246,119.7569,31122.42,40.1879,55.0003,52.7204,46.5993,0.00286219,13.0639,54.4998,3.5,0.159228,24.0813,40.2823,46.4279,14.3901,13.0639,0.99419,12.9712,1.02125,46.637,31965.5,16003.5,16000,5,4732.25,82074,91776.2,-0.000156631,6.74907E-05,16.3455,0.346713,0.0107378,6.74907E-05,6.74907E-05,6.74907E-05,6048.29,0.854606,47425,6.74907E-05,0,0,0
"2026-04-30 23:25:45",254787,"2026-04-30 22:27:31",1777609651,1.77761E+09,7.688904E+07,1.538024E+07,0,105.7332,120.9292,31133.22,40.1883,55.0003,52.7208,46.5991,0.00299103,13.0634,54.4998,-5,0.159228,24.0813,40.2823,46.4255,14.3901,13.0634,0.994175,12.9708,1.02122,46.637,31965.8,15995,16000,5,4729.25,82074.5,91790.2,-8.58938E-05,6.15939E-05,16.3512,0.350111,0.0107875,6.15939E-05,6.15939E-05,6.15939E-05,6048.29,0.854606,47426.2,6.15939E-05,0,0,0
"2026-04-30 23:26:00",254788,"2026-04-30 22:27:46",1777609666,1.77761E+09,7.614803E+07,1.53803E+07,0,106.188,120.4482,31140.58,40.1891,55.0003,52.72,46.5991,0.00296615,13.0639,54.4998,18.5,0.159228,24.0813,40.2823,46.4241,14.3901,13.0639,0.994177,12.9711,1.0212,46.637,31965,16018.5,16000,5,4728.5,82078.2,91792,-0.000105872,6.56605E-05,16.355,0.348711,0.0108339,6.56605E-05,6.56605E-05,6.56605E-05,6048.29,0.854606,47427.2,6.56605E-05,0,0,0
"2026-04-30 23:26:15",254789,"2026-04-30 22:28:00",1777609680,1.77761E+09,7.541203E+07,1.538035E+07,0,105.682,120.8291,31146.38,40.1891,55.0003,52.7245,46.5989,0.0029306,13.0634,54.4998,26,0.159228,24.0805,40.2822,46.4232,14.3901,13.0634,0.994209,12.9711,1.02123,46.637,31967.2,16026,16000,5,4761.5,82085.5,91795.8,-4.75052E-05,6.20191E-05,16.3581,0.349821,0.0107822,6.20191E-05,6.20191E-05,6.20191E-05,6048.29,0.854606,47426.8,6.20191E-05,0,0,0
"2026-04-30 23:26:30",254790,"2026-04-30 22:28:16",1777609696,1.77761E+09,7.467008E+07,1.538042E+07,0,105.7792,120.447,31155.72,40.1883,55.0003,52.7228,46.5989,0.00288543,13.0634,54.4998,-38.5,0.159228,24.0809,40.2821,46.4241,14.3901,13.0634,0.994184,12.9708,1.02123,46.637,31966.5,15961.5,16000,5,4751.75,82074.5,91792.8,2.73021E-05,5.4444E-05,16.363,0.348711,0.0107922,5.4444E-05,5.4444E-05,5.4444E-05,6048.29,0.854606,47426.2,5.4444E-05,0,0,0
"2026-04-30 23:26:45",254791,"2026-04-30 22:28:31",1777609711,1.77761E+09,7.393503E+07,1.538048E+07,0,105.1321,120.782,31164.05,40.1879,55.0003,52.7195,46.5987,0.00290403,13.0637,54.4998,76,0.159228,24.0805,40.2821,46.4148,14.3901,13.0637,0.994245,12.9712,1.0212,46.637,31965.5,16076,16000,5,4773.25,82100,91797.8,8.17307E-06,6.5892E-05,16.3674,0.349689,0.0107262,6.5892E-05,6.5892E-05,6.5892E-05,6048.29,0.854606,47427.5,6.5892E-05,0,0,0
"2026-04-30 23:27:00",254792,"2026-04-30 22:28:46",1777609726,1.77761E+09,7.319402E+07,1.538054E+07,0,105.7658,120.7784,31175.1,40.1883,55.0003,52.72,46.5991,0.00301839,13.064,54.4998,107.5,0.159228,24.0809,40.2821,46.4116,14.3901,13.064,0.994221,12.9711,1.02117,46.637,31965.8,16107.5,16000,5,4736,82086.5,91795,-0.000106337,6.3518E-05,16.3731,0.349673,0.0107908,6.3518E-05,6.3518E-05,6.3518E-05,6048.29,0.854606,47429.2,6.3518E-05,0,0,0
"2026-04-30 23:27:15",254793,"2026-04-30 22:29:00",1777609740,1.77761E+09,7.245803E+07,1.538059E+07,0,105.3858,120.7421,31182.03,40.1866,55.0003,52.7208,46.5991,0.00291061,13.0644,54.4998,48,0.159228,24.0813,40.2821,46.413,14.3901,13.0644,0.994164,12.9713,1.02117,46.637,31965.5,16048,16000,5,4764.5,82083,91797.8,-0.000122118,5.72266E-05,16.3768,0.349571,0.010752,5.72266E-05,5.72266E-05,5.72266E-05,6048.29,0.854606,47427,5.72266E-05,0,0,0
"2026-04-30 23:27:30",254794,"2026-04-30 22:29:16",1777609756,1.77761E+09,7.171798E+07,1.538066E+07,0,105.7566,120.3932,31189.51,40.1879,55.0003,52.7195,46.5991,0.0029011,13.0635,54.4998,-45.5,0.159228,24.0813,40.2819,46.4037,14.3901,13.0635,0.994147,12.9712,1.02111,46.637,31964.8,15954.5,16000,5,4736.5,82067.5,91796.8,-2.33414E-05,5.94119E-05,16.3807,0.348555,0.0107899,5.94119E-05,5.94119E-05,5.94119E-05,6048.29,0.854606,47427.5,5.94119E-05,0,0,0
"2026-04-30 23:27:45",254795,"2026-04-30 22:29:31",1777609771,1.77761E+09,7.098007E+07,1.538072E+07,0,105.5715,120.4196,31197.03,40.1883,55.0003,52.7191,46.5987,0.00288728,13.0635,54.4998,-2,0.159228,24.0817,40.2819,46.4027,14.3901,13.0635,0.994219,12.9712,1.02118,46.637,31965,15998,16000,5,4741.5,82097.8,91821.8,-1.87758E-05,6.21559E-05,16.3847,0.348633,0.010771,6.21559E-05,6.21559E-05,6.21559E-05,6048.29,0.854606,47425.8,6.21559E-05,0,0,0
"2026-04-30 23:28:00",254796,"2026-04-30 22:29:46",1777609786,1.77761E+09,7.023811E+07,1.538078E+07,0,104.7338,121.0176,31209.58,40.1879,55.0003,52.7216,46.5987,0.00296179,13.0644,54.4998,121.5,0.159228,24.0817,40.2819,46.3985,14.3901,13.0644,0.994181,12.9708,1.02119,46.637,31965.5,16121.5,16000,5,4700.75,82064.5,91797,-4.99552E-05,5.74371E-05,16.3913,0.350376,0.0106855,5.74371E-05,5.74371E-05,5.74371E-05,6048.29,0.854606,47428.2,5.74371E-05,0,0,0
"2026-04-30 23:28:15",254797,"2026-04-30 22:30:01",1777609801,1.77761E+09,6.951189E+07,1.538084E+07,0,104.5398,120.7908,31216.87,40.1887,55.0003,52.72,46.5991,0.00301196,13.0638,54.4996,157,0.159228,24.0809,40.2819,46.3944,14.3901,13.0638,0.994185,12.971,1.02117,46.637,31965.8,16157,16000,5,4753,82075,91807,-4.71616E-05,6.56934E-05,16.3951,0.349719,0.0106657,6.56934E-05,6.56934E-05,6.56934E-05,6048.29,0.854606,47426.8,6.56934E-05,0,0,0
"2026-04-30 23:28:30",254798,"2026-04-30 22:30:16",1777609816,1.77761E+09,6.876802E+07,1.53809E+07,0,105.4583,121.2353,31227.42,40.1883,55.0003,52.7195,46.5991,0.00298682,13.064,54.4998,18,0.159228,24.0809,40.2818,46.3925,14.3901,13.064,0.994085,12.9717,1.02115,46.637,31965.2,16018,16000,5,4757.75,82061,91782,6.84702E-06,7.00164E-05,16.4006,0.351001,0.0107594,7.00164E-05,7.00164E-05,7.00164E-05,6048.29,0.854606,47428.8,7.00164E-05,0,0,0
"2026-04-30 23:28:45",254799,"2026-04-30 22:30:31",1777609831,1.77761E+09,6.802392E+07,1.538096E+07,0,105.0513,121.122,31233.43,40.1883,55.0003,52.7237,46.5989,0.00292855,13.0644,54.4998,-60.25,0.159228,24.0801,40.2818,46.3888,14.3901,13.0644,0.994202,12.971,1.02113,46.637,31967.2,15939.8,16000,5,4758,82069.5,91794,-4.39936E-05,6.46792E-05,16.4038,0.350676,0.0107179,6.46792E-05,6.46792E-05,6.46792E-05,6048.29,0.854606,47428.2,6.46792E-05,0,0,0
"2026-04-30 23:29:00",254800,"2026-04-30 22:30:46",1777609846,1.77761E+09,6.728697E+07,1.538102E+07,0,106.0317,121.5265,31242.52,40.1879,55.0003,52.7204,46.5987,0.00295781,13.064,54.4998,14.75,0.159228,24.0805,40.2818,46.3888,14.3901,13.064,0.994163,12.9707,1.02121,46.637,31965.5,16014.8,16000,5,4746,82088.8,91801.5,-2.16248E-05,5.72916E-05,16.4086,0.351842,0.0108179,5.72916E-05,5.72916E-05,5.72916E-05,6048.29,0.854606,47425.8,5.72916E-05,0,0,0
"2026-04-30 23:29:15",254801,"2026-04-30 22:31:00",1777609860,1.77761E+09,6.654906E+07,1.538107E+07,0,105.3697,120.8784,31250.87,40.1883,55.0003,52.7212,46.5991,0.00294867,13.064,54.4998,-48.5,0.159228,24.0813,40.2818,46.3925,14.3901,13.064,0.994161,12.9707,1.02115,46.637,31965,15951.5,16000,5,4751,82086.2,91819.8,-1.99532E-05,6.41498E-05,16.4129,0.349967,0.0107504,6.41498E-05,6.41498E-05,6.41498E-05,6048.29,0.854606,47428,6.41498E-05,0,0,0
"2026-04-30 23:29:30",254802,"2026-04-30 22:31:16",1777609876,1.77761E+09,6.580901E+07,1.538114E+07,0,105.6231,120.7942,31262.98,40.187,55.0003,52.7191,46.5991,0.00298605,13.0638,54.4998,-101,0.159228,24.0813,40.2816,46.3851,14.3901,13.0638,0.994085,12.9713,1.02111,46.637,31963.8,15899,16000,5,4764.25,82092,91794.2,-6.67867E-05,5.09144E-05,16.4193,0.34972,0.0107762,5.09144E-05,5.09144E-05,5.09144E-05,6048.29,0.854606,47430.5,5.09144E-05,0,0,0
"2026-04-30 23:29:45",254803,"2026-04-30 22:31:31",1777609891,1.77761E+09,6.506991E+07,1.53812E+07,0,104.7899,120.8259,31267.62,40.1874,55.0003,52.722,46.5989,0.00290779,13.0641,54.4998,76,0.159228,24.0813,40.2816,46.3832,14.3901,13.0641,0.994118,12.9711,1.02112,46.637,31966.2,16076,16000,5,4748,82070.8,91781,2.45478E-05,5.25148E-05,16.4218,0.349819,0.0106913,5.25148E-05,5.25148E-05,5.25148E-05,6048.29,0.854606,47430,5.25148E-05,0,0,0
"2026-04-30 23:30:00",254804,"2026-04-30 22:31:46",1777609906,1.77761E+09,6.4327E+07,1.538126E+07,0,104.7701,120.841,31275.92,40.1883,55.0003,52.7208,46.5987,0.00293924,13.0637,54.4998,-95.75,0.159228,24.0813,40.2816,46.3795,14.3901,13.0637,0.994127,12.971,1.02112,46.637,31965,15904.2,16000,5,4736.75,82082.2,91805.5,-1.78391E-05,6.41403E-05,16.4261,0.349863,0.0106892,6.41403E-05,6.41403E-05,6.41403E-05,6048.29,0.854606,47428.2,6.41403E-05,0,0,0
"2026-04-30 23:30:15",254805,"2026-04-30 22:32:00",1777609920,1.77761E+09,6.359911E+07,1.538131E+07,0,104.7601,121.3211,31286.74,40.1874,55.0003,52.7183,46.5991,0.00298459,13.064,54.4998,-49.75,0.159228,24.0809,40.2816,46.3762,14.3901,13.064,0.994174,12.971,1.02116,46.637,31963.8,15950.2,16000,5,4755.25,82098,91799,-6.27561E-05,6.34716E-05,16.4318,0.351256,0.0106882,6.34716E-05,6.34716E-05,6.34716E-05,6048.29,0.854606,47428.2,6.34716E-05,0,0,0
"2026-04-30 23:30:30",254806,"2026-04-30 22:32:16",1777609936,1.77761E+09,6.28581E+07,1.538138E+07,0,104.257,120.2198,31293.5,40.1862,55.0003,52.72,46.5991,0.00288641,13.0639,54.4998,-48.75,0.159228,24.0809,40.2816,46.372,14.3901,13.0639,0.994182,12.971,1.02112,46.637,31964.5,15951.2,16000,5,4750.25,82077,91808.5,-6.40261E-05,6.76941E-05,16.4354,0.348064,0.0106369,6.76941E-05,6.76941E-05,6.76941E-05,6048.29,0.854606,47427,6.76941E-05,0,0,0
"2026-04-30 23:30:45",254807,"2026-04-30 22:32:31",1777609951,1.77761E+09,6.21109E+07,1.538144E+07,0,104.1788,121.2248,31303.5,40.1874,55.0003,52.7175,46.5991,0.00294891,13.0638,54.4996,132.25,0.159228,24.0809,40.2816,46.372,14.3901,13.0638,0.994108,12.9709,1.02114,46.637,31964,16132.2,16000,5,4763.5,82085.2,91797.8,-9.46355E-05,6.52286E-05,16.4406,0.350981,0.0106289,6.52286E-05,6.52286E-05,6.52286E-05,6048.29,0.854606,47427.5,6.52286E-05,0,0,0
"2026-04-30 23:31:00",254808,"2026-04-30 22:32:46",1777609966,1.77761E+09,6.13749E+07,1.53815E+07,0,104.9276,121.5223,31312.32,40.1879,55.0003,52.7191,46.5987,0.00302144,13.0645,54.4998,29.75,0.159228,24.0801,40.2816,46.372,14.3901,13.0645,0.994099,12.9709,1.02111,46.637,31964.8,16029.8,16000,5,4738,82064.5,91793.2,-0.000188351,6.03684E-05,16.4452,0.351838,0.0107053,6.03684E-05,6.03684E-05,6.03684E-05,6048.29,0.854606,47430.2,6.03684E-05,0,0,0
"2026-04-30 23:31:15",254809,"2026-04-30 22:33:00",1777609980,1.77761E+09,6.064105E+07,1.538155E+07,0,104.9362,121.6093,31320.24,40.1883,55.0003,52.7171,46.5991,0.00299027,13.0637,54.4998,-54.75,0.159228,24.0809,40.2814,46.372,14.3901,13.0637,0.994075,12.971,1.0211,46.637,31963.5,15945.2,16000,5,4741.75,82082.5,91801,1.08019E-05,6.20312E-05,16.4494,0.352091,0.0107062,6.20312E-05,6.20312E-05,6.20312E-05,6048.29,0.854606,47427.5,6.20312E-05,0,0,0
"2026-04-30 23:31:30",254810,"2026-04-30 22:33:16",1777609996,1.77761E+09,5.99041E+07,1.538162E+07,0,104.0036,121.3385,31328.95,40.1874,55.0003,52.7191,46.5991,0.00291423,13.064,54.4998,-51.25,0.159228,24.0813,40.2814,46.3665,14.3901,13.064,0.994147,12.9706,1.0211,46.637,31963.8,15948.8,16000,5,4732.75,82075.2,91783,-6.88389E-05,5.22583E-05,16.454,0.351313,0.010611,5.22583E-05,5.22583E-05,5.22583E-05,6048.29,0.854606,47427.8,5.22583E-05,0,0,0
"2026-04-30 23:31:45",254811,"2026-04-30 22:33:31",1777610011,1.77761E+09,5.9165E+07,1.538168E+07,0,105.0712,121.7206,31339.53,40.1874,55.0003,52.7195,46.5991,0.00301795,13.0638,54.4996,43.5,0.159228,24.0817,40.2811,46.3641,14.3901,13.0638,0.994132,12.9709,1.02111,46.637,31965.2,16043.5,16000,5,4754.75,82093,91791.2,-0.000170942,4.74781E-05,16.4595,0.352413,0.0107199,4.74781E-05,4.74781E-05,4.74781E-05,6048.29,0.854606,47426.2,4.74781E-05,0,0,0
"2026-04-30 23:32:00",254812,"2026-04-30 22:33:46",1777610026,1.77761E+09,5.841804E+07,1.538174E+07,0,105.5591,121.6657,31348.1,40.1874,55.0003,52.7179,46.5987,0.00298405,13.0637,54.4998,25.25,0.159228,24.0813,40.2811,46.3614,14.3901,13.0637,0.994179,12.9707,1.02112,46.637,31963.8,16025.2,16000,5,4767.75,82103.8,91798.2,-0.00013606,4.33797E-05,16.464,0.352249,0.0107697,4.33797E-05,4.33797E-05,4.33797E-05,6048.29,0.854606,47426,4.33797E-05,0,0,0
"2026-04-30 23:32:15",254813,"2026-04-30 22:34:01",1777610041,1.77761E+09,5.768394E+07,1.53818E+07,0,104.988,120.9018,31350.92,40.1874,55.0003,52.7171,46.5987,0.00289938,13.0635,54.4996,-50.25,0.159228,24.0805,40.2811,46.3628,14.3901,13.0635,0.994124,12.9706,1.02112,46.637,31962.8,15949.8,16000,5,4764,82094,91795.8,-6.01829E-05,5.29796E-05,16.4655,0.350037,0.0107115,5.29796E-05,5.29796E-05,5.29796E-05,6048.29,0.854606,47426.2,5.29796E-05,0,0,0
"2026-04-30 23:32:30",254814,"2026-04-30 22:34:16",1777610056,1.77761E+09,5.694699E+07,1.538186E+07,0,104.45,120.5754,31359.65,40.1883,55.0003,52.72,46.5991,0.00293454,13.0631,54.4998,-55.25,0.159228,24.0813,40.281,46.36,14.3901,13.0631,0.994091,12.9706,1.02107,46.637,31964.5,15944.8,16000,5,4726.25,82064.5,91779,-2.92795E-07,6.36733E-05,16.4701,0.349095,0.0106566,6.36733E-05,6.36733E-05,6.36733E-05,6048.29,0.854606,47427.5,6.36733E-05,0,0,0
"2026-04-30 23:32:45",254815,"2026-04-30 22:34:31",1777610071,1.77761E+09,5.620503E+07,1.538192E+07,0,104.4089,121.6786,31370.14,40.1866,55.0003,52.7179,46.5991,0.0030517,13.0636,54.499,-14.5,0.159228,24.0809,40.281,46.3553,14.3901,13.0636,0.994158,12.9705,1.02114,46.637,31963.5,15985.5,16000,5,4754,82081.5,91782.2,8.04388E-05,6.3706E-05,16.4756,0.352296,0.0106524,6.3706E-05,6.3706E-05,6.3706E-05,6048.29,0.854606,47425.8,6.3706E-05,0,0,0
"2026-04-30 23:33:00",254816,"2026-04-30 22:34:46",1777610086,1.77761E+09,5.546308E+07,1.538198E+07,0,104.5231,121.7096,31375.5,40.1874,55.0003,52.7159,46.5991,0.00297023,13.0639,54.4998,36.25,0.159228,24.0809,40.281,46.3479,14.3901,13.0639,0.99411,12.9708,1.0211,46.637,31963.2,16036.2,16000,5,4733,82085.8,91805,-5.8368E-05,6.74346E-05,16.4784,0.352385,0.010664,6.74346E-05,6.74346E-05,6.74346E-05,6048.29,0.854606,47427.2,6.74346E-05,0,0,0
"2026-04-30 23:33:15",254817,"2026-04-30 22:35:01",1777610101,1.77761E+09,5.4739E+07,1.538204E+07,0,104.1938,121.4662,31383.74,40.187,55.0003,52.7191,46.5987,0.00298125,13.064,54.4998,14.25,0.159228,24.0801,40.281,46.3451,14.3901,13.064,0.994119,12.9702,1.02109,46.637,31964.8,16014.2,16000,5,4788.5,82092,91793.2,-1.05872E-05,6.9581E-05,16.4828,0.351682,0.0106304,6.9581E-05,6.9581E-05,6.9581E-05,6048.29,0.854606,47428.2,6.9581E-05,0,0,0
"2026-04-30 23:33:30",254818,"2026-04-30 22:35:16",1777610116,1.77761E+09,5.399799E+07,1.53821E+07,0,104.4105,122.0376,31393.2,40.1862,55.0003,52.7175,46.5987,0.00304053,13.0638,54.4998,-33.5,0.159228,24.0809,40.281,46.3432,14.3901,13.0638,0.99415,12.9709,1.02114,46.637,31963.5,15966.5,16000,5,4782.25,82115.8,91797.5,-2.1211E-05,5.63161E-05,16.4877,0.353338,0.0106525,5.63161E-05,5.63161E-05,5.63161E-05,6048.29,0.854606,47427.5,5.63161E-05,0,0,0
"2026-04-30 23:33:45",254819,"2026-04-30 22:35:31",1777610131,1.77761E+09,5.324698E+07,1.538216E+07,0,104.6436,121.6756,31396.41,40.1866,55.0003,52.7171,46.5991,0.00295245,13.0634,54.4996,35.5,0.159228,24.0821,40.281,46.3381,14.3901,13.0634,0.994181,12.9704,1.02111,46.637,31964,16035.5,16000,5,4757.75,82096.2,91818.2,5.30885E-05,4.96718E-05,16.4894,0.352286,0.0106763,4.96718E-05,4.96718E-05,4.96718E-05,6048.29,0.854606,47427.2,4.96718E-05,0,0,0
"2026-04-30 23:34:00",254820,"2026-04-30 22:35:46",1777610146,1.77761E+09,5.251789E+07,1.538222E+07,0,103.6994,121.271,31405.05,40.1862,55.0003,52.7191,46.5991,0.00293071,13.0638,54.4998,70.5,0.159228,24.0817,40.2809,46.3405,14.3901,13.0638,0.994152,12.9706,1.02113,46.637,31964.5,16070.5,16000,5,4766.25,82100.5,91811.5,-8.49606E-06,6.23006E-05,16.494,0.351119,0.01058,6.23006E-05,6.23006E-05,6.23006E-05,6048.29,0.854606,47426.5,6.23006E-05,0,0,0
"2026-04-30 23:34:15",254821,"2026-04-30 22:36:00",1777610160,1.77761E+09,5.177903E+07,1.538227E+07,0,104.0737,121.2897,31411.59,40.1866,55.0003,52.7171,46.5991,0.00288205,13.0643,54.4998,181.5,0.159228,24.0813,40.2809,46.3363,14.3901,13.0643,0.994075,12.9705,1.02113,46.637,31963.5,16181.5,16000,5,4735.5,82071.2,91785.2,-1.60238E-07,6.84173E-05,16.4974,0.351171,0.0106182,6.84173E-05,6.84173E-05,6.84173E-05,6048.29,0.854606,47427,6.84173E-05,0,0,0
"2026-04-30 23:34:30",254822,"2026-04-30 22:36:16",1777610176,1.77761E+09,5.104208E+07,1.538234E+07,0,103.9726,121.695,31422.06,40.1874,55.0003,52.7179,46.5987,0.0029873,13.0637,54.4998,-10,0.159228,24.0813,40.2809,46.333,14.3901,13.0637,0.994118,12.9706,1.02108,46.637,31963.2,15990,16000,5,4731.5,82088,91796.8,-0.000114496,4.74246E-05,16.5029,0.352347,0.0106079,4.74246E-05,4.74246E-05,4.74246E-05,6048.29,0.854606,47427.8,4.74246E-05,0,0,0
"2026-04-30 23:34:45",254823,"2026-04-30 22:36:31",1777610191,1.77761E+09,5.029392E+07,1.53824E+07,0,104.761,121.5171,31429.13,40.187,55.0003,52.7154,46.5991,0.00299414,13.0633,54.4998,24,0.159228,24.0817,40.2809,46.3307,14.3901,13.0633,0.994146,12.9706,1.02112,46.637,31963.5,16024,16000,5,4768.5,82102,91804.5,-4.77231E-05,5.34737E-05,16.5066,0.351825,0.0106883,5.34737E-05,5.34737E-05,5.34737E-05,6048.29,0.854606,47427.5,5.34737E-05,0,0,0
"2026-04-30 23:35:00",254824,"2026-04-30 22:36:46",1777610206,1.77761E+09,4.955196E+07,1.538246E+07,0,104.5366,121.8737,31435.42,40.1879,55.0003,52.7195,46.5991,0.00295641,13.0634,54.4998,-32,0.159228,24.0805,40.2809,46.3321,14.3901,13.0634,0.994134,12.9707,1.02108,46.637,31964.5,15968,16000,5,4758.5,82100.5,91789.2,-9.65005E-05,6.67932E-05,16.5099,0.352861,0.0106654,6.67932E-05,6.67932E-05,6.67932E-05,6048.29,0.854606,47427.2,6.67932E-05,0,0,0
"2026-04-30 23:35:15",254825,"2026-04-30 22:37:01",1777610221,1.77761E+09,4.881906E+07,1.538252E+07,0,104.2977,121.855,31445.92,40.187,55.0003,52.7146,46.5991,0.00303224,13.0626,54.4998,-11.25,0.159228,24.0801,40.2807,46.3261,14.3901,13.0626,0.994135,12.9708,1.02105,46.637,31962.2,15988.8,16000,5,4737.25,82098,91814.8,-8.11691E-05,6.24136E-05,16.5154,0.352809,0.010641,6.24136E-05,6.24136E-05,6.24136E-05,6048.29,0.854606,47427.5,6.24136E-05,0,0,0
"2026-04-30 23:35:30",254826,"2026-04-30 22:37:16",1777610236,1.77761E+09,4.808498E+07,1.538258E+07,0,104.0257,121.7181,31452.07,40.187,55.0003,52.7159,46.5987,0.00298438,13.0647,54.4998,-17.25,0.159228,24.0801,40.2807,46.3242,14.3901,13.0647,0.994084,12.9705,1.02102,46.637,31962.8,15982.8,16000,5,4741,82078.5,91783.8,-4.68007E-05,5.87182E-05,16.5186,0.352414,0.0106133,5.87182E-05,5.87182E-05,5.87182E-05,6048.29,0.854606,47428.5,5.87182E-05,0,0,0
"2026-04-30 23:35:45",254827,"2026-04-30 22:37:31",1777610251,1.77761E+09,4.734707E+07,1.538264E+07,0,104.5068,121.0607,31458.5,40.1874,55.0003,52.7191,46.5987,0.00294819,13.0627,54.4998,-83.5,0.159228,24.0805,40.2807,46.3196,14.3901,13.0627,0.994147,12.9705,1.02104,46.637,31964.5,15916.5,16000,5,4781,82089,91790.2,-1.65939E-05,6.15527E-05,16.522,0.350503,0.0106624,6.15527E-05,6.15527E-05,6.15527E-05,6048.29,0.854359,47427.8,6.15527E-05,0,0,0
"2026-04-30 23:36:00",254828,"2026-04-30 22:37:46",1777610266,1.77761E+09,4.660392E+07,1.53827E+07,0,104.6662,121.6004,31465.63,40.1866,55.0003,52.7195,46.5991,0.00295163,13.0644,54.4998,-25.75,0.159228,24.0817,40.2807,46.3182,14.3901,13.0644,0.994075,12.9707,1.02101,46.637,31965,15974.2,16000,5,4765,82098.5,91801.2,-1.44928E-05,6.73626E-05,16.5258,0.352067,0.0106786,6.73626E-05,6.73626E-05,6.73626E-05,6048.29,0.854359,47428.5,6.73626E-05,0,0,0
"2026-04-30 23:36:15",254829,"2026-04-30 22:38:01",1777610281,1.77761E+09,4.586601E+07,1.538276E+07,0,104.076,122.3087,31473.94,40.187,55.0003,52.7167,46.5991,0.00299375,13.0627,54.4998,-12.5,0.159228,24.0809,40.2807,46.314,14.3901,13.0627,0.9941,12.9702,1.02106,46.637,31963.2,15987.5,16000,5,4752.75,82106.2,91804.2,1.39875E-05,5.57193E-05,16.5301,0.354127,0.0106184,5.57193E-05,5.57193E-05,5.57193E-05,6048.29,0.854359,47428.5,5.57193E-05,0,0,0
"2026-04-30 23:36:30",254830,"2026-04-30 22:38:16",1777610296,1.77761E+09,4.513192E+07,1.538282E+07,0,104.3569,122.2127,31480.87,40.1862,55.0003,52.7204,46.5987,0.00298775,13.064,54.4998,50.75,0.159228,24.0809,40.2807,46.3107,14.3901,13.064,0.99413,12.9712,1.02109,46.637,31965.2,16050.8,16000,5,4750.25,82092.2,91807.8,-0.000173095,6.70919E-05,16.5338,0.353847,0.0106471,6.70919E-05,6.70919E-05,6.70919E-05,6048.29,0.854359,47427.8,6.70919E-05,0,0,0
"2026-04-30 23:36:45",254831,"2026-04-30 22:38:31",1777610311,1.77761E+09,4.438305E+07,1.538288E+07,0,103.6506,121.7774,31491,40.1862,55.0003,52.7167,46.5987,0.00299591,13.0639,54.4998,12.25,0.159228,24.0813,40.2806,46.3075,14.3901,13.0639,0.994,12.97,1.02102,46.637,31963,16012.2,16000,5,4751,82083.5,91798.5,-6.50174E-05,6.34729E-05,16.5391,0.352589,0.010575,6.34729E-05,6.34729E-05,6.34729E-05,6048.29,0.854359,47428,6.34729E-05,0,0,0
"2026-04-30 23:37:00",254832,"2026-04-30 22:38:46",1777610326,1.77761E+09,4.3643E+07,1.538294E+07,0,104.2753,121.9137,31498.5,40.1866,55.0003,52.72,46.5991,0.00305233,13.0632,54.4998,-150,0.159228,24.0825,40.2806,46.3052,14.3901,13.0632,0.994076,12.9701,1.02107,46.637,31963.8,15850,16000,5,4730,82078,91808.2,4.79566E-06,4.01175E-05,16.543,0.35298,0.0106388,4.01175E-05,4.01175E-05,4.01175E-05,6048.29,0.854359,47425.8,4.01175E-05,0,0,0
"2026-04-30 23:37:15",254833,"2026-04-30 22:39:01",1777610341,1.77761E+09,4.2907E+07,1.5383E+07,0,103.4951,121.9781,31506.23,40.1862,55.0003,52.7195,46.5991,0.00301963,13.0631,54.4998,35.25,0.159228,24.0805,40.2806,46.3033,14.3901,13.0631,0.994139,12.9705,1.02107,46.637,31964.5,16035.2,16000,5,4731.5,82084.5,91797,-1.61342E-05,7.31134E-05,16.5471,0.353173,0.0105592,7.31134E-05,7.31134E-05,7.31134E-05,6048.29,0.854359,47427.8,7.31134E-05,0,0,0
"2026-04-30 23:37:30",254834,"2026-04-30 22:39:16",1777610356,1.77761E+09,4.216504E+07,1.538306E+07,0,102.6984,121.9217,31512.58,40.1866,55.0003,52.7187,46.5991,0.00298336,13.0632,54.4998,-37.75,0.159228,24.0805,40.2806,46.3015,14.3901,13.0632,0.994055,12.9706,1.02105,46.637,31964.5,15962.2,16000,5,4760.5,82088.5,91790,-9.58972E-05,6.25124E-05,16.5505,0.353016,0.0104779,6.25124E-05,6.25124E-05,6.25124E-05,6048.29,0.854359,47428.2,6.25124E-05,0,0,0
"2026-04-30 23:37:45",254835,"2026-04-30 22:39:31",1777610371,1.77761E+09,4.143E+07,1.538312E+07,0,103.9635,122.6038,31523.69,40.1858,55.0003,52.7183,46.5987,0.00304108,13.0633,54.4996,119,0.159228,24.0801,40.2805,46.2991,14.3901,13.0633,0.99406,12.9709,1.02103,46.637,31964.8,16119,16000,5,4748,82075,91776.8,-0.000114843,5.17432E-05,16.5563,0.354985,0.0106069,5.17432E-05,5.17432E-05,5.17432E-05,6048.29,0.854359,47427.5,5.17432E-05,0,0,0
"2026-04-30 23:38:00",254836,"2026-04-30 22:39:46",1777610386,1.77761E+09,4.068994E+07,1.538318E+07,0,103.2717,121.9965,31529.61,40.187,55.0003,52.7179,46.5987,0.00297892,13.0645,54.4998,204.25,0.159228,24.0805,40.2805,46.2987,14.3901,13.0645,0.994073,12.9702,1.02103,46.637,31965,16204.2,16000,5,4756.5,82090.8,91802.5,1.30047E-05,4.97801E-05,16.5594,0.353228,0.0105364,4.97801E-05,4.97801E-05,4.97801E-05,6048.29,0.854359,47427.2,4.97801E-05,0,0,0
"2026-04-30 23:38:15",254837,"2026-04-30 22:40:01",1777610401,1.77761E+09,3.994989E+07,1.538324E+07,0,102.5733,121.3122,31537.53,40.1862,55.0003,52.7191,46.5991,0.00292829,13.064,54.4998,-111.5,0.159228,24.0817,40.2805,46.2903,14.3901,13.064,0.994052,12.9708,1.02102,46.637,31964.2,15888.5,16000,5,4731.5,82059.2,91789.5,6.3194E-05,5.90252E-05,16.5636,0.351248,0.0104651,5.90252E-05,5.90252E-05,5.90252E-05,6048.29,0.854359,47428.5,5.90252E-05,0,0,0
"2026-04-30 23:38:30",254838,"2026-04-30 22:40:16",1777610416,1.77761E+09,3.921294E+07,1.53833E+07,0,103.2038,121.7385,31548.07,40.1862,55.0003,52.7179,46.5991,0.00303596,13.0638,54.4996,-4,0.159228,24.0805,40.2805,46.2889,14.3901,13.0638,0.994082,12.9707,1.02102,46.637,31963.5,15996,16000,5,4770,82102.8,91784,-6.58549E-05,5.86307E-05,16.5691,0.35248,0.0105295,5.86307E-05,5.86307E-05,5.86307E-05,6048.29,0.854359,47428.2,5.86307E-05,0,0,0
"2026-04-30 23:38:45",254839,"2026-04-30 22:40:31",1777610431,1.77761E+09,3.847289E+07,1.538336E+07,0,103.3616,121.8172,31556.5,40.1858,55.0003,52.7175,46.5991,0.00302016,13.0645,54.4998,203,0.159228,24.0809,40.2805,46.2862,14.3901,13.0645,0.994077,12.9698,1.02105,46.637,31964,16203,16000,5,4756.25,82099,91805.8,2.77936E-05,6.74225E-05,16.5735,0.352707,0.0105456,6.74225E-05,6.74225E-05,6.74225E-05,6048.29,0.854359,47426.5,6.74225E-05,0,0,0
"2026-04-30 23:39:00",254840,"2026-04-30 22:40:46",1777610446,1.77761E+09,3.77419E+07,1.538342E+07,0,103.1088,122.2883,31564.56,40.1866,55.0003,52.7175,46.5987,0.00298572,13.0632,54.4996,-44.75,0.159228,24.0809,40.2805,46.2848,14.3901,13.0632,0.994089,12.9704,1.02106,46.637,31963.5,15955.2,16000,5,4759.75,82088.2,91809.5,-9.16406E-05,7.39687E-05,16.5777,0.354076,0.0105198,7.39687E-05,7.39687E-05,7.39687E-05,6048.29,0.854359,47427.2,7.39687E-05,0,0,0
"2026-04-30 23:39:15",254841,"2026-04-30 22:41:01",1777610461,1.77761E+09,3.700709E+07,1.538348E+07,0,103.2065,121.2639,31571.95,40.1858,55.0003,52.7187,46.5991,0.00295228,13.064,54.4998,-62.5,0.159228,24.0801,40.2804,46.2815,14.3901,13.064,0.994106,12.9703,1.02107,46.637,31964.5,15937.5,16000,5,4768,82121,91797.5,-0.000150599,5.5117E-05,16.5816,0.351103,0.0105297,5.5117E-05,5.5117E-05,5.5117E-05,6048.29,0.854359,47427,5.5117E-05,0,0,0
"2026-04-30 23:39:30",254842,"2026-04-30 22:41:16",1777610476,1.77761E+09,3.62711E+07,1.538354E+07,0,103.8576,122.5394,31580.97,40.1858,55.0003,52.7163,46.5991,0.00301931,13.0641,54.4998,26.5,0.159228,24.0805,40.2804,46.2811,14.3901,13.0641,0.993998,12.9703,1.02102,46.637,31963,16026.5,16000,5,4765.5,82079.8,91824,-8.48702E-05,6.5851E-05,16.5864,0.354798,0.0105961,6.5851E-05,6.5851E-05,6.5851E-05,6048.29,0.854359,47428.8,6.5851E-05,0,0,0
"2026-04-30 23:39:45",254843,"2026-04-30 22:41:31",1777610491,1.77761E+09,3.552508E+07,1.53836E+07,0,104.1704,121.7734,31588.74,40.1858,55.0003,52.7171,46.5989,0.00294219,13.0634,54.4998,38.5,0.159228,24.0801,40.2804,46.2746,14.3901,13.0634,0.994057,12.9701,1.02099,46.637,31963.5,16038.5,16000,5,4741,82076,91785.5,-6.52171E-05,5.18725E-05,16.5904,0.352573,0.0106281,5.18725E-05,5.18725E-05,5.18725E-05,6048.29,0.854359,47427,5.18725E-05,0,0,0
"2026-04-30 23:40:00",254844,"2026-04-30 22:41:46",1777610506,1.77761E+09,3.478503E+07,1.538366E+07,0,103.8297,122.2072,31598.17,40.1854,55.0003,52.7171,46.5989,0.00297417,13.0628,54.4998,-23,0.159228,24.0801,40.2804,46.2736,14.3901,13.0628,0.99413,12.9702,1.02103,46.637,31963.2,15977,16000,5,4743,82079.5,91807.2,3.81632E-05,5.68296E-05,16.5954,0.353835,0.0105933,5.68296E-05,5.68296E-05,5.68296E-05,6048.29,0.854359,47426,5.68296E-05,0,0,0
"2026-04-30 23:40:15",254845,"2026-04-30 22:42:01",1777610521,1.77761E+09,3.40519E+07,1.538372E+07,0,103.2124,122.0057,31605.25,40.1866,55.0003,52.7159,46.5991,0.0029838,13.0634,54.4998,-23.5,0.159228,24.0805,40.2804,46.2699,14.3901,13.0634,0.994113,12.9706,1.02106,46.637,31962.5,15976.5,16000,5,4761.25,82110,91819.2,-7.67601E-05,5.75466E-05,16.5991,0.353255,0.0105303,5.75466E-05,5.75466E-05,5.75466E-05,6048.29,0.854359,47427.2,5.75466E-05,0,0,0
"2026-04-30 23:40:30",254846,"2026-04-30 22:42:16",1777610536,1.77761E+09,3.330994E+07,1.538378E+07,0,103.8652,122.6074,31615.42,40.1862,55.0003,52.7195,46.5991,0.00296784,13.0634,54.4998,36,0.159228,24.0809,40.2804,46.2681,14.3901,13.0634,0.994035,12.9702,1.021,46.637,31964.5,16036,16000,5,4756.75,82065.5,91781.2,-2.50888E-05,7.18256E-05,16.6044,0.354996,0.0105969,7.18256E-05,7.18256E-05,7.18256E-05,6048.29,0.854359,47428,7.18256E-05,0,0,0
"2026-04-30 23:40:45",254847,"2026-04-30 22:42:31",1777610551,1.77761E+09,3.257298E+07,1.538384E+07,0,102.7623,121.6532,31620.8,40.1866,55.0003,52.7138,46.5991,0.00295642,13.063,54.4998,-6,0.159228,24.0809,40.2804,46.2681,14.3901,13.063,0.994098,12.9701,1.02101,46.637,31961.5,15994,16000,5,4772.25,82108.2,91813.2,2.78631E-05,7.68696E-05,16.6073,0.352236,0.0104844,7.68696E-05,7.68696E-05,7.68696E-05,6048.29,0.854359,47427.5,7.68696E-05,0,0,0
"2026-04-30 23:41:00",254848,"2026-04-30 22:42:46",1777610566,1.777611E+09,3.183293E+07,1.53839E+07,0,103.843,122.0261,31631.83,40.1862,55.0003,52.7179,46.5991,0.00307585,13.0632,54.4998,12.5,0.159228,24.0805,40.2803,46.2644,14.3901,13.0632,0.994088,12.9704,1.02103,46.637,31963.8,16012.5,16000,5,4742.75,82084.5,91773,-4.02043E-05,5.31807E-05,16.6131,0.353309,0.0105947,5.31807E-05,5.31807E-05,5.31807E-05,6048.29,0.854359,47426.2,5.31807E-05,0,0,0
"2026-04-30 23:41:15",254849,"2026-04-30 22:43:00",1777610580,1.777611E+09,3.109097E+07,1.538395E+07,0,103.467,122.3759,31639.15,40.1862,55.0003,52.7171,46.5991,0.00305496,13.0631,54.4998,-31.25,0.159228,24.0809,40.2803,46.2616,14.3901,13.0631,0.994081,12.9704,1.02103,46.637,31963,15968.8,16000,5,4752,82101.5,91802.2,2.02121E-05,6.29156E-05,16.6169,0.354327,0.0105563,6.29156E-05,6.29156E-05,6.29156E-05,6048.29,0.854359,47425.8,6.29156E-05,0,0,0
"2026-04-30 23:41:30",254850,"2026-04-30 22:43:16",1777610596,1.777611E+09,3.034592E+07,1.538402E+07,0,102.5326,122.1221,31647.34,40.1858,55.0003,52.7163,46.5991,0.00298695,13.0631,54.4998,-41,0.159228,24.0809,40.2803,46.2625,14.3901,13.0631,0.994027,12.9703,1.02098,46.637,31963.2,15959,16000,5,4742.75,82085,91787,-3.33629E-05,6.89769E-05,16.6212,0.353598,0.010461,6.89769E-05,6.89769E-05,6.89769E-05,6048.29,0.854359,47428.8,6.89769E-05,0,0,0
"2026-04-30 23:41:45",254851,"2026-04-30 22:43:31",1777610611,1.777611E+09,2.960992E+07,1.538408E+07,0,103.3259,122.5405,31655.14,40.1866,55.0003,52.7179,46.5991,0.00302779,13.0629,54.4998,-46.5,0.159228,24.0805,40.2802,46.2579,14.3901,13.0629,0.994072,12.97,1.02101,46.637,31963.5,15953.5,16000,5,4733.75,82075.8,91787,-6.11458E-05,7.15469E-05,16.6253,0.354806,0.0105419,7.15469E-05,7.15469E-05,7.15469E-05,6048.29,0.854359,47428.8,7.15469E-05,0,0,0
"2026-04-30 23:42:00",254852,"2026-04-30 22:43:46",1777610626,1.777611E+09,2.887201E+07,1.538414E+07,0,102.2014,122.3553,31662.98,40.1866,55.0003,52.7175,46.5989,0.0029539,13.0644,54.4994,17.75,0.159228,24.0801,40.2802,46.25,14.3901,13.0644,0.994003,12.9702,1.021,46.637,31963.8,16017.8,16000,5,4727.25,82071,91797.8,-8.18114E-05,7.1234E-05,16.6295,0.354278,0.0104272,7.1234E-05,7.1234E-05,7.1234E-05,6048.29,0.854359,47427.5,7.1234E-05,0,0,0
"2026-04-30 23:42:15",254853,"2026-04-30 22:44:00",1777610640,1.777611E+09,2.813506E+07,1.538419E+07,0,102.6097,121.6313,31670.53,40.1854,55.0003,52.7187,46.5987,0.00295432,13.0641,54.4998,135.25,0.159228,24.0805,40.2802,46.2532,14.3901,13.0641,0.994074,12.9705,1.02102,46.637,31964.2,16135.2,16000,5,4774.75,82106.5,91804.2,-0.000137381,6.02094E-05,16.6334,0.352174,0.0104689,6.02094E-05,6.02094E-05,6.02094E-05,6048.29,0.854359,47429,6.02094E-05,0,0,0
"2026-04-30 23:42:30",254854,"2026-04-30 22:44:16",1777610656,1.777611E+09,2.739906E+07,1.538426E+07,0,103.0774,122.2132,31678.67,40.1858,55.0003,52.7167,46.5989,0.00299397,13.0635,54.4998,-7.25,0.159228,24.0805,40.2802,46.2495,14.3901,13.0635,0.994046,12.9704,1.02096,46.637,31962.5,15992.8,16000,5,4754.75,82077.2,91788.8,-1.53469E-05,6.58586E-05,16.6377,0.353859,0.0105166,6.58586E-05,6.58586E-05,6.58586E-05,6048.29,0.854359,47427,6.58586E-05,0,0,0
"2026-04-30 23:42:45",254855,"2026-04-30 22:44:31",1777610671,1.777611E+09,2.66571E+07,1.538432E+07,0,102.8192,122.1249,31683.91,40.1862,55.0003,52.7167,46.5991,0.00292598,13.0631,54.4998,10,0.159228,24.0817,40.28,46.2421,14.3901,13.0631,0.994007,12.9701,1.02094,46.637,31963,16010,16000,5,4752,82075,91796.2,2.4413E-05,7.04647E-05,16.6404,0.353604,0.0104902,7.04647E-05,7.04647E-05,7.04647E-05,6048.29,0.854359,47427.5,7.04647E-05,0,0,0
"2026-04-30 23:43:00",254856,"2026-04-30 22:44:46",1777610686,1.777611E+09,2.591491E+07,1.538438E+07,0,103.1022,122.202,31696.36,40.1858,55.0003,52.7163,46.5989,0.00297055,13.0636,54.4998,18.5,0.159228,24.0805,40.28,46.2444,14.3901,13.0636,0.99402,12.97,1.02098,46.637,31963,16018.5,16000,5,4747.25,82084.5,91816.8,-8.22568E-05,6.84493E-05,16.647,0.353826,0.0105191,6.84493E-05,6.84493E-05,6.84493E-05,6048.29,0.854359,47428.2,6.84493E-05,0,0,0
"2026-04-30 23:43:15",254857,"2026-04-30 22:45:00",1777610700,1.777611E+09,2.518106E+07,1.538443E+07,0,102.5124,122.6247,31703.15,40.1854,55.0003,52.7167,46.5987,0.00303015,13.0638,54.4998,-58.75,0.159228,24.0805,40.28,46.2421,14.3901,13.0638,0.994027,12.97,1.02096,46.637,31963.2,15941.2,16000,5,4733.25,82076,91797.2,-7.29259E-05,6.96724E-05,16.6505,0.355057,0.0104589,6.96724E-05,6.96724E-05,6.96724E-05,6048.29,0.854359,47426.5,6.96724E-05,0,0,0
"2026-04-30 23:43:30",254858,"2026-04-30 22:45:16",1777610716,1.777611E+09,2.44391E+07,1.53845E+07,0,103.9282,121.7384,31711.88,40.1858,55.0003,52.7159,46.5991,0.00299779,13.0632,54.4998,-38.5,0.159228,24.0809,40.28,46.244,14.3901,13.0632,0.99406,12.9703,1.02095,46.637,31962.5,15961.5,16000,5,4769.25,82112.2,91830.8,-2.20523E-05,4.90281E-05,16.6551,0.352474,0.0106034,4.90281E-05,4.90281E-05,4.90281E-05,6048.29,0.854359,47428,4.90281E-05,0,0,0
"2026-04-30 23:43:45",254859,"2026-04-30 22:45:31",1777610731,1.777611E+09,2.370191E+07,1.538456E+07,0,102.6672,121.8567,31720.34,40.1854,55.0003,52.7175,46.5991,0.00305766,13.0638,54.4998,-54,0.159228,24.0805,40.28,46.2347,14.3901,13.0638,0.994044,12.9699,1.02098,46.637,31963.8,15946,16000,5,4758.75,82096.2,91802.2,-9.10618E-05,7.24533E-05,16.6596,0.352827,0.0104747,7.24533E-05,7.24533E-05,7.24533E-05,6048.29,0.854359,47427,7.24533E-05,0,0,0
"2026-04-30 23:44:00",254860,"2026-04-30 22:45:46",1777610746,1.777611E+09,2.296901E+07,1.538462E+07,0,103.1528,122.0997,31728.32,40.185,55.0003,52.7171,46.5991,0.00301523,13.0639,54.4998,-74.5,0.159228,24.0801,40.28,46.2366,14.3901,13.0639,0.994071,12.97,1.02098,46.637,31962.5,15925.5,16000,5,4729.25,82091.5,91812,1.16562E-05,4.27579E-05,16.6638,0.353528,0.0105243,4.27579E-05,4.27579E-05,4.27579E-05,6048.29,0.854359,47424.5,4.27579E-05,0,0,0
"2026-04-30 23:44:15",254861,"2026-04-30 22:46:00",1777610760,1.777611E+09,2.222705E+07,1.538467E+07,0,101.16,121.7806,31731.72,40.1862,55.0003,52.7179,46.5989,0.00292609,13.0637,54.4998,98.25,0.159228,24.0801,40.28,46.2347,14.3901,13.0637,0.99408,12.9697,1.021,46.637,31964.2,16098.2,16000,5,4745.75,82081,91786.2,-0.000120958,4.63578E-05,16.6656,0.352619,0.010321,4.63578E-05,4.63578E-05,4.63578E-05,6048.29,0.854359,47425,4.63578E-05,0,0,0
"2026-04-30 23:44:30",254862,"2026-04-30 22:46:16",1777610776,1.777611E+09,2.148604E+07,1.538474E+07,0,102.4557,122.1765,31742.91,40.185,55.0003,52.7163,46.5991,0.00301878,13.0634,54.4998,20,0.159228,24.0805,40.28,46.2315,14.3901,13.0634,0.994077,12.9698,1.02095,46.637,31962.8,16020,16000,5,4747,82079.2,91801,-0.000126992,5.48893E-05,16.6714,0.353757,0.0104531,5.48893E-05,5.48893E-05,5.48893E-05,6048.29,0.854359,47425.8,5.48893E-05,0,0,0
"2026-04-30 23:44:45",254863,"2026-04-30 22:46:31",1777610791,1.777611E+09,2.074909E+07,1.53848E+07,0,102.8441,121.9401,31749.48,40.1858,55.0003,52.7183,46.5989,0.00297755,13.063,54.4998,-61.25,0.159228,24.0805,40.2798,46.2255,14.3901,13.063,0.994024,12.9695,1.02097,46.637,31963.5,15938.8,16000,5,4734.5,82079,91773.8,-5.86667E-05,5.62219E-05,16.6749,0.353068,0.0104928,5.62219E-05,5.62219E-05,5.62219E-05,6048.29,0.854359,47426.8,5.62219E-05,0,0,0
"2026-04-30 23:45:00",254864,"2026-04-30 22:46:46",1777610806,1.777611E+09,2.001095E+07,1.538486E+07,0,102.2363,122.0904,31758.01,40.1862,55.0003,52.7138,46.5991,0.00299275,13.0638,54.4996,163.25,0.159228,24.0801,40.2798,46.2236,14.3901,13.0638,0.99405,12.9701,1.02097,46.637,31961.5,16163.2,16000,5,4756.75,82117.5,91822,-1.16876E-05,4.23572E-05,16.6794,0.353509,0.0104308,4.23572E-05,4.23572E-05,4.23572E-05,6048.29,0.854359,47427,4.23572E-05,0,0,0
"2026-04-30 23:45:15",254865,"2026-04-30 22:47:00",1777610820,1.777611E+09,1.927495E+07,1.538491E+07,0,102.6354,121.8904,31765.81,40.1854,55.0003,52.715,46.5987,0.0030007,13.0643,54.4998,35.5,0.159228,24.0809,40.2796,46.218,14.3901,13.0643,0.993962,12.9701,1.02098,46.637,31962,16035.5,16000,5,4751.5,82095.5,91814.8,-0.000195469,5.51558E-05,16.6835,0.352925,0.0104715,5.51558E-05,5.51558E-05,5.51558E-05,6048.29,0.854359,47426.8,5.51558E-05,0,0,0
"2026-04-30 23:45:30",254866,"2026-04-30 22:47:16",1777610836,1.777611E+09,1.853895E+07,1.538498E+07,0,101.7906,121.7751,31773.41,40.185,55.0003,52.7142,46.5987,0.00298961,13.064,54.4998,122.75,0.159228,24.0813,40.2796,46.2194,14.3901,13.064,0.994034,12.9701,1.02095,46.637,31961.8,16122.8,16000,5,4761.25,82099.5,91808.5,1.30442E-05,6.89189E-05,16.6875,0.352598,0.0103853,6.89189E-05,6.89189E-05,6.89189E-05,6048.29,0.854359,47427,6.89189E-05,0,0,0
"2026-04-30 23:45:45",254867,"2026-04-30 22:47:31",1777610851,1.777611E+09,1.780009E+07,1.538504E+07,0,101.5555,121.5036,31780.3,40.185,55.0003,52.7163,46.5987,0.00293866,13.0628,54.4998,53.5,0.159228,24.0809,40.2796,46.2143,14.3901,13.0628,0.994016,12.9699,1.02097,46.637,31963.2,16053.5,16000,5,4751.25,82079.5,91802,-8.96657E-06,7.15896E-05,16.6911,0.351812,0.0103613,7.15896E-05,7.15896E-05,7.15896E-05,6048.29,0.854359,47429.5,7.15896E-05,0,0,0
"2026-04-30 23:46:00",254868,"2026-04-30 22:47:46",1777610866,1.777611E+09,1.70629E+07,1.53851E+07,0,102.5038,121.7777,31790.1,40.1862,55.0003,52.7154,46.5991,0.00296774,13.0635,54.4998,-7.5,0.159228,24.0801,40.2796,46.213,14.3901,13.0635,0.994053,12.9701,1.02094,46.637,31962.8,15992.5,16000,5,4735.75,82086,91817,-0.000128167,6.18482E-05,16.6962,0.352599,0.0104581,6.18482E-05,6.18482E-05,6.18482E-05,6048.29,0.854359,47426.5,6.18482E-05,0,0,0
"2026-04-30 23:46:15",254869,"2026-04-30 22:48:00",1777610880,1.777611E+09,1.631808E+07,1.538515E+07,0,101.0991,122.2904,31798.07,40.1854,55.0003,52.715,46.5991,0.00303476,13.0639,54.4998,14.75,0.159228,24.0801,40.2796,46.2074,14.3901,13.0639,0.994058,12.9699,1.02096,46.637,31962,16014.8,16000,5,4761.25,82098.5,91797.2,-0.000110045,6.80384E-05,16.7004,0.354099,0.0103148,6.80384E-05,6.80384E-05,6.80384E-05,6048.29,0.854359,47427,6.80384E-05,0,0,0
"2026-04-30 23:46:30",254870,"2026-04-30 22:48:16",1777610896,1.777611E+09,1.558089E+07,1.538522E+07,0,102.8021,122.4894,31806.67,40.1854,55.0003,52.7146,46.5989,0.00300859,13.0632,54.4998,-50,0.159228,24.0801,40.2796,46.2106,14.3901,13.0632,0.994075,12.9697,1.02094,46.637,31961.5,15950,16000,5,4757.5,82106.8,91819,-9.98379E-05,5.11314E-05,16.7049,0.354662,0.0104885,5.11314E-05,5.11314E-05,5.11314E-05,6048.29,0.854359,47429,5.11314E-05,0,0,0
"2026-04-30 23:46:45",254871,"2026-04-30 22:48:31",1777610911,1.777611E+09,1.484108E+07,1.538528E+07,0,102.5942,121.4066,31813.34,40.1858,55.0003,52.7154,46.5987,0.00296951,13.0629,54.4998,-88.25,0.159228,24.0805,40.2796,46.1995,14.3901,13.0629,0.994029,12.9695,1.02092,46.637,31961.8,15911.8,16000,5,4757.5,82098,91801,-0.000121926,6.29165E-05,16.7084,0.351522,0.0104673,6.29165E-05,6.29165E-05,6.29165E-05,6048.29,0.854359,47428.2,6.29165E-05,0,0,0
"2026-04-30 23:47:00",254872,"2026-04-30 22:48:46",1777610926,1.777611E+09,1.410198E+07,1.538534E+07,0,101.9926,122.1183,31821.97,40.185,55.0003,52.7154,46.5989,0.00295299,13.0632,54.4998,-77.5,0.159228,24.0801,40.2794,46.2051,14.3901,13.0632,0.994016,12.9699,1.02095,46.637,31962.8,15922.5,16000,5,4726,82066.2,91789.8,-2.16453E-05,6.21259E-05,16.713,0.353592,0.0104059,6.21259E-05,6.21259E-05,6.21259E-05,6048.29,0.854359,47425.5,6.21259E-05,0,0,0
"2026-04-30 23:47:15",254873,"2026-04-30 22:49:01",1777610941,1.777611E+09,1.337504E+07,1.53854E+07,0,101.2552,122.6175,31830.72,40.1854,55.0003,52.7138,46.5991,0.00305639,13.0642,54.4998,34,0.159228,24.0809,40.2794,46.2032,14.3901,13.0642,0.994046,12.9698,1.02094,46.637,31961.5,16034,16000,5,4774.5,82102,91803.5,-2.23117E-05,5.00975E-05,16.7176,0.355047,0.0103307,5.00975E-05,5.00975E-05,5.00975E-05,6048.29,0.854359,47426,5.00975E-05,0,0,0
"2026-04-30 23:47:30",254874,"2026-04-30 22:49:16",1777610956,1.777611E+09,1.263595E+07,1.538546E+07,0,102.856,121.5343,31837.97,40.185,55.0003,52.7134,46.5991,0.00301093,13.0634,54.4998,56.5,0.159228,24.0805,40.2794,46.1958,14.3901,13.0634,0.994013,12.9699,1.02097,46.637,31961.5,16056.5,16000,5,4761,82104.8,91809.8,-4.41704E-05,6.84442E-05,16.7213,0.35189,0.010494,6.84442E-05,6.84442E-05,6.84442E-05,6048.29,0.854359,47426.2,6.84442E-05,0,0,0
"2026-04-30 23:47:45",254875,"2026-04-30 22:49:31",1777610971,1.777611E+09,1.188707E+07,1.538552E+07,0,101.8788,121.6425,31847.14,40.1858,55.0003,52.715,46.5987,0.00301431,13.062,54.4998,50.75,0.159228,24.0805,40.2793,46.1958,14.3901,13.062,0.994045,12.9703,1.02095,46.637,31962.5,16050.8,16000,5,4783.25,82095,91806.5,-9.13444E-06,7.60933E-05,16.7262,0.352212,0.0103943,7.60933E-05,7.60933E-05,7.60933E-05,6048.29,0.854359,47425.8,7.60933E-05,0,0,0
"2026-04-30 23:48:00",254876,"2026-04-30 22:49:46",1777610986,1.777611E+09,1.115203E+07,1.538558E+07,0,101.3384,121.5481,31849.72,40.185,55.0003,52.7175,46.5987,0.00282708,13.0639,54.4998,-116.5,0.159228,24.0809,40.2792,46.1875,14.3901,13.0639,0.99395,12.9694,1.02086,46.637,31963.5,15883.5,16000,5,4725.5,82062.5,91762.2,-1.81903E-05,8.70925E-05,16.7275,0.351943,0.0103392,8.70925E-05,8.70925E-05,8.70925E-05,6048.29,0.854359,47426.5,8.70925E-05,0,0,0
"2026-04-30 23:48:15",254877,"2026-04-30 22:50:00",1777611000,1.777611E+09,1.042199E+07,1.538563E+07,0,101.5554,121.9543,31858.04,40.1854,55.0003,52.7163,46.5991,0.00297812,13.064,54.4998,-96.5,0.159228,24.0801,40.2792,46.188,14.3901,13.064,0.993998,12.9694,1.02094,46.637,31962.5,15903.5,16000,5,4737,82084.8,91795.8,5.25391E-05,7.20616E-05,16.7319,0.353119,0.0103613,7.20616E-05,7.20616E-05,7.20616E-05,6048.29,0.854359,47427.5,7.20616E-05,0,0,0
"2026-04-30 23:48:30",254878,"2026-04-30 22:50:16",1777611016,1.777611E+09,9674072,1.53857E+07,0,101.5758,121.0243,31867.63,40.1858,55.0003,52.7167,46.5991,0.00293003,13.0632,54.4994,-19.25,0.159228,24.0805,40.2791,46.1866,14.3901,13.0632,0.994074,12.9697,1.02096,46.637,31963,15980.8,16000,5,4767,82104.2,91807.5,4.75792E-05,5.7353E-05,16.7369,0.350421,0.0103634,5.7353E-05,5.7353E-05,5.7353E-05,6048.29,0.854359,47426.8,5.7353E-05,0,0,0
"2026-04-30 23:48:45",254879,"2026-04-30 22:50:31",1777611031,1.777611E+09,8934974,1.538576E+07,0,101.987,121.3769,31877.74,40.185,55.0003,52.7159,46.5987,0.00292404,13.0635,54.4998,-55.75,0.159228,24.0801,40.2791,46.1833,14.3901,13.0635,0.994052,12.9695,1.02092,46.637,31962.2,15944.2,16000,5,4766.5,82086.5,91793.2,-6.00269E-05,5.93431E-05,16.7422,0.351441,0.0104053,5.93431E-05,5.93431E-05,5.93431E-05,6048.29,0.854359,47426.2,5.93431E-05,0,0,0
"2026-04-30 23:49:00",254880,"2026-04-30 22:50:46",1777611046,1.777611E+09,8197069,1.538582E+07,0,102.1728,122.5072,31885.93,40.1854,55.0006,52.7146,46.5987,0.00298603,13.0633,54.4998,80,0.159228,24.0805,40.2791,46.181,14.3901,13.0633,0.994028,12.9697,1.02094,46.637,31962,16080,16000,5,4742.75,82098.5,91830.2,-3.53871E-05,5.29789E-05,16.7465,0.354719,0.0104243,5.29789E-05,5.29789E-05,5.29789E-05,6048.29,0.842043,47426.5,5.29789E-05,0,0,0
"2026-04-30 23:49:15",254881,"2026-04-30 22:51:01",1777611061,1.777611E+09,7462978,1.538588E+07,0,101.5981,121.3792,31894.9,40.185,55.0003,52.7159,46.5989,0.00300146,13.0625,54.4998,-34,0.159228,24.0805,40.2791,46.1829,14.3901,13.0625,0.993999,12.9694,1.02092,46.637,31962.8,15966,16000,5,4741.25,82082.8,91797,0.00011094,7.04342E-05,16.7513,0.35145,0.0103657,7.04342E-05,7.04342E-05,7.04342E-05,6048.29,0.854111,47426.2,7.04342E-05,0,0,0
"2026-04-30 23:49:30",254882,"2026-04-30 22:51:16",1777611076,1.777611E+09,6721973,1.538594E+07,0,101.2324,121.7215,31901.07,40.185,55.0003,52.715,46.5989,0.00298654,13.0629,54.4996,1.25,0.159228,24.0805,40.2791,46.1769,14.3901,13.0629,0.994066,12.9697,1.02091,46.637,31962,16001.2,16000,5,4725.25,82080.2,91789.2,1.9431E-05,5.31655E-05,16.7545,0.352447,0.0103284,5.31655E-05,5.31655E-05,5.31655E-05,6048.29,0.854111,47427.2,5.31655E-05,0,0,0
"2026-04-30 23:49:45",254883,"2026-04-30 22:51:31",1777611091,1.777611E+09,5983114,1.5386E+07,0,102.3097,122.1351,31913.09,40.185,55.0003,52.7146,46.5991,0.00301493,13.0625,54.4998,-79.5,0.159228,24.0805,40.279,46.1704,14.3901,13.0625,0.994025,12.9697,1.02089,46.637,31961.8,15920.5,16000,5,4751.75,82094.2,91800.2,-4.97026E-05,5.80336E-05,16.7608,0.353638,0.0104383,5.80336E-05,5.80336E-05,5.80336E-05,6048.29,0.854111,47427.5,5.80336E-05,0,0,0
"2026-04-30 23:50:00",254884,"2026-04-30 22:51:46",1777611106,1.777611E+09,5245923,1.538606E+07,0,101.0195,121.5078,31919.97,40.1858,55.0003,52.7167,46.5989,0.00298611,13.063,54.4998,-141.5,0.159228,24.0813,40.279,46.1736,14.3901,13.063,0.994088,12.9699,1.0209,46.637,31962.2,15858.5,16000,5,4780.5,82100,91792.5,4.56069E-06,7.3512E-05,16.7644,0.351828,0.0103066,7.3512E-05,7.3512E-05,7.3512E-05,6048.29,0.854111,47427,7.3512E-05,0,0,0
"2026-04-30 23:50:15",254885,"2026-04-30 22:52:00",1777611120,1.777611E+09,4507064,1.538611E+07,0,100.6002,122.0461,31930.5,40.1842,55.0003,52.7109,46.5991,0.00305188,13.0632,54.4996,45,0.159228,24.0805,40.2788,46.1681,14.3901,13.0632,0.994065,12.9694,1.02096,46.637,31960,16045,16000,5,4763.5,82102.2,91806.5,-6.54054E-05,6.38907E-05,16.77,0.353394,0.0102639,6.38907E-05,6.38907E-05,6.38907E-05,6048.29,0.854111,47425.5,6.38907E-05,0,0,0
"2026-04-30 23:50:30",254886,"2026-04-30 22:52:16",1777611136,1.777611E+09,3763914,1.538618E+07,0,100.7451,121.3085,31935.2,40.1858,55.0003,52.715,46.5991,0.00296407,13.0631,54.4998,-82.75,0.159228,24.0805,40.2788,46.1671,14.3901,13.0631,0.993938,12.9697,1.02089,46.637,31961.8,15917.2,16000,5,4736.25,82069.8,91791.8,-7.53988E-05,7.40129E-05,16.7725,0.351252,0.0102786,7.40129E-05,7.40129E-05,7.40129E-05,6048.29,0.854111,47427.8,7.40129E-05,0,0,0
"2026-04-30 23:50:45",254887,"2026-04-30 22:52:31",1777611151,1.777611E+09,3030061,1.538624E+07,0,101.2762,121.2458,31943.53,40.185,55.0003,52.7126,46.5991,0.00302217,13.0636,54.4998,-13.25,0.159228,24.0801,40.2788,46.1579,14.3901,13.0636,0.99403,12.9698,1.02094,46.637,31960.2,15986.8,16000,5,4768.5,82104.2,91812.8,-3.35255E-05,5.93808E-05,16.7768,0.351066,0.0103328,5.93808E-05,5.93808E-05,5.93808E-05,6048.29,0.854111,47427.2,5.93808E-05,0,0,0
"2026-04-30 23:51:00",254888,"2026-04-30 22:52:46",1777611166,1.777611E+09,2289056,1.53863E+07,0,101.3491,121.9764,31955.78,40.1846,55.0003,52.713,46.5987,0.003007,13.0629,54.4998,123.5,0.159228,24.0801,40.2788,46.1598,14.3901,13.0629,0.994023,12.97,1.02087,46.637,31961.5,16123.5,16000,5,4751.5,82086,91795.8,-3.43924E-05,5.02615E-05,16.7832,0.353185,0.0103403,5.02615E-05,5.02615E-05,5.02615E-05,6048.29,0.854111,47428,5.02615E-05,0,0,0
"2026-04-30 23:51:15",254889,"2026-04-30 22:53:00",1777611180,1.777611E+09,1554012,1.538635E+07,0,100.9842,121.7962,31961.44,40.1838,55.0003,52.7105,46.5987,0.0029895,13.0636,54.4998,16,0.159228,24.0805,40.2788,46.157,14.3901,13.0636,0.993997,12.9697,1.0209,46.637,31960,16016,16000,5,4767.25,82095.8,91809,-9.67146E-05,5.63917E-05,16.7862,0.352665,0.010303,5.63917E-05,5.63917E-05,5.63917E-05,6048.29,0.854111,47426.2,5.63917E-05,0,0,0
"2026-04-30 23:51:30",254890,"2026-04-30 22:53:16",1777611196,1.777611E+09,823974,1.538642E+07,0,101.3344,122.1348,31971.54,40.185,55.0003,52.7113,46.5991,0.00296,13.0638,54.4998,50,0.159228,24.0813,40.2788,46.1565,14.3901,13.0638,0.993967,12.9694,1.02089,46.637,31960.2,16050,16000,5,4764.75,82101,91783,2.2576E-07,8.18859E-05,16.7915,0.353645,0.0103388,8.18859E-05,8.18859E-05,8.18859E-05,6048.29,0.854111,47428.8,8.18859E-05,0,0,0
"2026-04-30 23:51:45",254891,"2026-04-30 22:53:31",1777611211,1.777611E+09,83923,1.538648E+07,0,100.8491,121.7493,31979.75,40.185,55.0003,52.7138,46.5991,0.00303,13.0632,54.4998,-53,0.159228,24.0813,40.2788,46.1528,14.3901,13.0632,0.993957,12.9697,1.02091,46.637,31961,15947,16000,5,4720,82087.8,91800,-8.00791E-05,7.2108E-05,16.7958,0.35253,0.0102893,7.2108E-05,7.2108E-05,7.2108E-05,6048.29,0.854111,47427.2,7.2108E-05,0,0,0
"2026-04-30 23:52:00",254892,"2026-04-30 22:53:45",1777611225,1.777611E+09,9.993441E+08,1.538654E+07,0,100.6588,120.9339,31986.44,40.1854,55.0003,52.7154,46.5991,0.00304588,13.0642,54.4996,4.75,0.159228,24.0805,40.2788,46.1454,14.3901,13.0642,0.993932,12.9694,1.02089,46.637,31962.2,16004.8,16000,5,4751.5,82088.5,91775,-0.000123426,7.16865E-05,16.7994,0.350166,0.0102699,7.16865E-05,7.16865E-05,7.16865E-05,6048.29,0.854111,47427.2,7.16865E-05,0,0,0
"2026-04-30 23:52:15",254893,"2026-04-30 22:54:00",1777611240,1.777611E+09,9.986069E+08,1.53866E+07,0,100.6163,121.7913,31996.9,40.1858,55.0003,52.7134,46.5987,0.00299922,13.0628,54.4998,-4.5,0.159228,24.0805,40.2788,46.1477,14.3901,13.0628,0.993972,12.9697,1.02088,46.637,31961.2,15995.5,16000,5,4766.5,82082,91802.2,-0.000134624,4.90762E-05,16.8049,0.352654,0.0102655,4.90762E-05,4.90762E-05,4.90762E-05,6048.29,0.854111,47426.2,4.90762E-05,0,0,0
"2026-04-30 23:52:30",254894,"2026-04-30 22:54:15",1777611255,1.777611E+09,9.9786E+08,1.538666E+07,0,101.744,122.4165,32005.9,40.1846,55.0003,52.715,46.5989,0.00306435,13.0634,54.4998,-19.25,0.159228,24.0821,40.2787,46.1496,14.3901,13.0634,0.993999,12.9698,1.02084,46.637,31962,15980.8,16000,5,4762.25,82080.2,91791.8,-9.52701E-05,6.02348E-05,16.8096,0.354459,0.0103805,6.02348E-05,6.02348E-05,6.02348E-05,6048.29,0.854111,47428.5,6.02348E-05,0,0,0
"2026-04-30 23:52:45",254895,"2026-04-30 22:54:30",1777611270,1.777611E+09,9.971211E+08,1.538672E+07,0,101.6444,121.5024,32011.58,40.185,55.0003,52.7126,46.5991,0.00298866,13.0627,54.4998,-31,0.159228,24.0805,40.2787,46.1403,14.3901,13.0627,0.993949,12.9698,1.02084,46.637,31961,15969,16000,5,4760,82092.5,91811.5,-8.75487E-05,6.87309E-05,16.8125,0.351808,0.0103704,6.87309E-05,6.87309E-05,6.87309E-05,6048.29,0.854111,47429.8,6.87309E-05,0,0,0
"2026-04-30 23:53:00",254896,"2026-04-30 22:54:45",1777611285,1.777611E+09,9.963839E+08,1.538678E+07,0,100.4048,121.3124,32018.56,40.185,55.0003,52.7159,46.5991,0.00295701,13.0631,54.4998,145.75,0.159228,24.0801,40.2787,46.1366,14.3901,13.0631,0.994001,12.9695,1.02088,46.637,31963,16145.8,16000,5,4757,82086.2,91797.8,-0.000211171,5.69187E-05,16.8162,0.351266,0.0102439,5.69187E-05,5.69187E-05,5.69187E-05,6048.29,0.854111,47427,5.69187E-05,0,0,0
"2026-04-30 23:53:15",254897,"2026-04-30 22:55:00",1777611300,1.777611E+09,9.956479E+08,1.538684E+07,0,101.1641,121.5987,32029.76,40.1846,55.0003,52.7122,46.5987,0.0029344,13.0621,54.4998,49.5,0.159228,24.0801,40.2786,46.138,14.3901,13.0621,0.993932,12.9692,1.02088,46.637,31961,16049.5,16000,5,4733.25,82086.5,91812.2,-7.22318E-05,6.34981E-05,16.8221,0.352091,0.0103214,6.34981E-05,6.34981E-05,6.34981E-05,6048.29,0.854111,47428.2,6.34981E-05,0,0,0
"2026-04-30 23:53:30",254898,"2026-04-30 22:55:15",1777611315,1.777611E+09,9.9491E+08,1.53869E+07,0,101.8822,121.6183,32034.32,40.1846,55.0003,52.7126,46.5989,0.0029841,13.0624,54.4998,-37.5,0.159228,24.0805,40.2786,46.1329,14.3901,13.0624,0.993968,12.9699,1.02085,46.637,31960.5,15962.5,16000,5,4745.75,82087.5,91799.8,-6.83875E-05,5.0931E-05,16.8245,0.352142,0.0103946,5.0931E-05,5.0931E-05,5.0931E-05,6048.29,0.854111,47429.2,5.0931E-05,0,0,0
"2026-04-30 23:53:45",254899,"2026-04-30 22:55:30",1777611330,1.777611E+09,9.941809E+08,1.538696E+07,0,100.9218,121.7307,32046.67,40.1842,55.0003,52.7134,46.5991,0.00307062,13.0631,54.4998,-45.75,0.159228,24.0817,40.2786,46.1274,14.3901,13.0631,0.993987,12.9697,1.02084,46.637,31961.2,15954.2,16000,5,4776.75,82094.8,91798.8,1.08624E-05,6.43005E-05,16.831,0.352476,0.0102967,6.43005E-05,6.43005E-05,6.43005E-05,6048.29,0.854111,47427.5,6.43005E-05,0,0,0
"2026-04-30 23:54:00",254900,"2026-04-30 22:55:45",1777611345,1.777611E+09,9.93438E+08,1.538702E+07,0,101.0345,122.7586,32057.52,40.185,55.0003,52.7142,46.5991,0.00311472,13.063,54.4994,43.75,0.159228,24.0805,40.2786,46.1274,14.3901,13.063,0.994013,12.9695,1.02082,46.637,31961.5,16043.8,16000,5,4768,82104,91833.5,8.70519E-06,6.01552E-05,16.8367,0.355458,0.0103082,6.01552E-05,6.01552E-05,6.01552E-05,6048.29,0.854111,47428.2,6.01552E-05,0,0,0
"2026-04-30 23:54:15",254901,"2026-04-30 22:55:59",1777611359,1.777611E+09,9.927039E+08,1.538707E+07,0,100.4241,121.6912,32063.28,40.1838,55.0003,52.713,46.5987,0.00303623,13.0623,54.4998,134.25,0.159228,24.0809,40.2785,46.1274,14.3901,13.0623,0.993968,12.9696,1.02083,46.637,31961.5,16134.2,16000,5,4750.75,82088.2,91803,-8.38075E-05,6.07498E-05,16.8397,0.352365,0.0102459,6.07498E-05,6.07498E-05,6.07498E-05,6048.29,0.854111,47428.2,6.07498E-05,0,0,0
"2026-04-30 23:54:30",254902,"2026-04-30 22:56:15",1777611375,1.777611E+09,9.919569E+08,1.538714E+07,0,100.4463,121.2874,32068.22,40.1833,55.0003,52.7113,46.5987,0.00298549,13.0634,54.4998,76.75,0.159228,24.0809,40.2785,46.1223,14.3901,13.0634,0.993948,12.9694,1.02083,46.637,31960.2,16076.8,16000,5,4761.75,82114.2,91821.5,-4.32449E-05,5.78576E-05,16.8423,0.351193,0.0102482,5.78576E-05,5.78576E-05,5.78576E-05,6048.29,0.854111,47427.2,5.78576E-05,0,0,0
"2026-04-30 23:54:45",254903,"2026-04-30 22:56:30",1777611390,1.777611E+09,9.91215E+08,1.53872E+07,0,99.9656,121.2708,32075.42,40.1842,55.0003,52.7134,46.5991,0.00289938,13.0628,54.4998,-40.75,0.159228,24.0825,40.2784,46.108,14.3901,13.0628,0.993973,12.9691,1.02085,46.637,31960.5,15959.2,16000,5,4752,82090.8,91799.5,-7.60891E-05,6.65074E-05,16.8461,0.351149,0.0101991,6.65074E-05,6.65074E-05,6.65074E-05,6048.29,0.854111,47425,6.65074E-05,0,0,0
"2026-04-30 23:55:00",254904,"2026-04-30 22:56:45",1777611405,1.777611E+09,9.904771E+08,1.538726E+07,0,100.5381,121.6523,32087.34,40.1846,55.0003,52.7113,46.5991,0.00301813,13.0626,54.4998,106,0.159228,24.0801,40.2784,46.1094,14.3901,13.0626,0.993913,12.9691,1.02078,46.637,31959.8,16106,16000,5,4771.75,82098.8,91781.8,-1.4568E-05,7.10905E-05,16.8524,0.352251,0.0102575,7.10905E-05,7.10905E-05,7.10905E-05,6048.29,0.854111,47427.8,7.10905E-05,0,0,0
"2026-04-30 23:55:15",254905,"2026-04-30 22:57:00",1777611420,1.777611E+09,9.897439E+08,1.538732E+07,0,100.7795,121.5812,32094.73,40.185,55.0003,52.7134,46.5991,0.00299899,13.0628,54.4998,-147.25,0.159228,24.0801,40.2784,46.1071,14.3901,13.0628,0.993882,12.9695,1.02081,46.637,31960.5,15852.8,16000,5,4741.75,82083.5,91815,-6.69604E-05,7.45805E-05,16.8562,0.352043,0.0102822,7.45805E-05,7.45805E-05,7.45805E-05,6048.29,0.854111,47428,7.45805E-05,0,0,0
"2026-04-30 23:55:30",254906,"2026-04-30 22:57:15",1777611435,1.777611E+09,9.890079E+08,1.538738E+07,0,100.6276,121.9309,32105.14,40.1842,55.0003,52.7122,46.5987,0.00302009,13.0633,54.4998,-41.25,0.159228,24.0801,40.2783,46.1015,14.3901,13.0633,0.993896,12.9692,1.02081,46.637,31960.2,15958.8,16000,5,4750.25,82092.5,91787.5,-0.000144472,5.46627E-05,16.8617,0.353059,0.0102667,5.46627E-05,5.46627E-05,5.46627E-05,6048.29,0.854111,47428,5.46627E-05,0,0,0
"2026-04-30 23:55:45",254907,"2026-04-30 22:57:30",1777611450,1.777611E+09,9.882729E+08,1.538744E+07,0,99.88288,121.6505,32112.6,40.1838,55.0003,52.7122,46.5991,0.00308709,13.0629,54.4998,41.75,0.159228,24.0805,40.2783,46.1015,14.3901,13.0629,0.993936,12.9692,1.02083,46.637,31959.8,16041.8,16000,5,4753,82099,91803.5,6.94258E-05,6.77303E-05,16.8656,0.352252,0.0101907,6.77303E-05,6.77303E-05,6.77303E-05,6048.29,0.854111,47428,6.77303E-05,0,0,0
"2026-04-30 23:56:00",254908,"2026-04-30 22:57:45",1777611465,1.777612E+09,9.875331E+08,1.53875E+07,0,100.8174,122.0117,32122.49,40.1842,55.0003,52.715,46.5991,0.00304028,13.0631,54.4998,-67.5,0.159228,24.0809,40.2783,46.0979,14.3901,13.0631,0.9939,12.9693,1.02078,46.637,31961.8,15932.5,16000,5,4726.25,82058.8,91794.2,-4.22049E-05,6.00099E-05,16.8708,0.353292,0.010286,6.00099E-05,6.00099E-05,6.00099E-05,6048.29,0.854111,47429,6.00099E-05,0,0,0
"2026-04-30 23:56:15",254909,"2026-04-30 22:57:59",1777611479,1.777612E+09,9.867949E+08,1.538755E+07,0,101.041,121.677,32126.03,40.1842,55.0003,52.7093,46.5991,0.00300851,13.0633,54.4992,210,0.159228,24.0805,40.2783,46.0997,14.3901,13.0633,0.993932,12.969,1.0208,46.637,31959.8,16210,16000,5,4721.5,82090.8,91815,7.65285E-07,4.95632E-05,16.8727,0.352319,0.0103088,4.95632E-05,4.95632E-05,4.95632E-05,6048.29,0.854111,47428.2,4.95632E-05,0,0,0
"2026-04-30 23:56:30",254910,"2026-04-30 22:58:15",1777611495,1.777612E+09,9.860499E+08,1.538762E+07,0,100.1946,121.801,32136.61,40.1842,55.0003,52.7126,46.5991,0.00301856,13.0637,54.4998,116.25,0.159228,24.0809,40.2782,46.0992,14.3901,13.0637,0.993943,12.9694,1.02078,46.637,31960.5,16116.2,16000,5,4751.75,82091.5,91787.2,4.48156E-05,5.84339E-05,16.8782,0.352686,0.0102225,5.84339E-05,5.84339E-05,5.84339E-05,6048.29,0.854111,47429,5.84339E-05,0,0,0
"2026-04-30 23:56:45",254911,"2026-04-30 22:58:30",1777611510,1.777612E+09,9.85313E+08,1.538768E+07,0,100.6152,121.4918,32145.97,40.1846,55.0003,52.7126,46.5989,0.00306548,13.0629,54.4998,-56.25,0.159228,24.0805,40.2782,46.0919,14.3901,13.0629,0.993829,12.9694,1.02077,46.637,31960.8,15943.8,16000,5,4719.5,82073.5,91797,-3.9881E-05,6.62358E-05,16.8832,0.351785,0.0102654,6.62358E-05,6.62358E-05,6.62358E-05,6048.29,0.854111,47428.5,6.62358E-05,0,0,0
