"TOA5","MGEO_SERC","CR1000X","50443","CR1000X.8.2.1","CPU:MGEO_SERCv30INT.CR1X","19832","LevelTable"
"TIMESTAMP","RECORD","Level_m_CBS","Pressure_mbar_CBS","Temperature_CBS","Status_CBS"
"TS","RN","m","mbar","Celsius","na"
"","","Smp","Smp","Smp","Smp"
"2026-01-01 00:00:00",3209,1.496,146.67,19.1,0
"2026-01-01 00:06:00",3210,1.5,147.12,19.1,0
"2026-01-01 00:12:00",3211,1.515,148.62,19.1,0
"2026-01-01 00:18:00",3212,1.519,148.93,19.1,0
"2026-01-01 00:24:00",3213,1.52,149.06,19.1,0
"2026-01-01 00:30:00",3214,1.521,149.19,19.1,0
"2026-01-01 00:36:00",3215,1.524,149.42,19.1,0
"2026-01-01 00:42:00",3216,1.525,149.58,19.1,0
"2026-01-01 00:48:00",3217,1.524,149.48,19.2,0
"2026-01-01 00:54:00",3218,1.524,149.46,19.2,0
"2026-01-01 01:00:00",3219,1.525,149.51,19.2,0
"2026-01-01 01:06:00",3220,1.519,148.95,19.2,0
"2026-01-01 01:12:00",3221,1.521,149.16,19.2,0
"2026-01-01 01:18:00",3222,1.468,144.01,19.2,0
"2026-01-01 01:24:00",3223,1.321,129.59,19.2,0
"2026-01-01 01:30:00",3224,1.32,129.42,19.2,0
"2026-01-01 01:36:00",3225,1.526,149.67,19.3,0
"2026-01-01 01:42:00",3226,1.538,150.85,19.3,0
"2026-01-01 01:48:00",3227,1.545,151.5,19.3,0
"2026-01-01 01:54:00",3228,1.556,152.57,19.3,0
"2026-01-01 02:00:00",3229,1.549,151.89,19.3,0
"2026-01-01 02:06:00",3230,1.559,152.86,19.3,0
"2026-01-01 02:12:00",3231,1.562,153.14,19.3,0
"2026-01-01 02:18:00",3232,1.56,152.96,19.3,0
"2026-01-01 02:24:00",3233,1.556,152.63,19.3,0
"2026-01-01 02:30:00",3234,1.555,152.54,19.3,0
"2026-01-01 02:36:00",3235,1.555,152.51,19.3,0
"2026-01-01 02:42:00",3236,1.552,152.16,19.3,0
"2026-01-01 02:48:00",3237,1.541,151.11,19.4,0
"2026-01-01 02:54:00",3238,1.536,150.64,19.4,0
"2026-01-01 03:00:00",3239,1.53,150.08,19.4,0
"2026-01-01 03:06:00",3240,1.526,149.63,19.4,0
"2026-01-01 03:12:00",3241,1.521,149.18,19.4,0
"2026-01-01 03:18:00",3242,1.513,148.41,19.4,0
"2026-01-01 03:24:00",3243,1.507,147.81,19.4,0
"2026-01-01 03:30:00",3244,1.503,147.36,19.3,0
"2026-01-01 03:36:00",3245,1.498,146.9,19.3,0
"2026-01-01 03:42:00",3246,1.451,142.25,19.3,0
"2026-01-01 03:48:00",3247,1.443,141.47,19.4,0
"2026-01-01 03:54:00",3248,1.466,143.81,19.4,0
"2026-01-01 04:00:00",3249,1.469,144.05,19.4,0
"2026-01-01 04:06:00",3250,1.467,143.85,19.5,0
"2026-01-01 04:12:00",3251,1.463,143.46,19.5,0
"2026-01-01 04:18:00",3252,1.456,142.78,19.5,0
"2026-01-01 04:24:00",3253,1.454,142.58,19.5,0
"2026-01-01 04:30:00",3254,1.45,142.22,19.5,0
"2026-01-01 04:36:00",3255,1.435,140.73,19.6,0
"2026-01-01 04:42:00",3256,1.429,140.15,19.6,0
"2026-01-01 04:48:00",3257,1.426,139.88,19.6,0
"2026-01-01 04:54:00",3258,1.421,139.34,19.6,0
"2026-01-01 05:00:00",3259,1.41,138.23,19.7,0
"2026-01-01 05:06:00",3260,1.4,137.32,19.7,0
"2026-01-01 05:12:00",3261,1.39,136.3,19.8,0
"2026-01-01 05:18:00",3262,1.379,135.25,19.8,0
"2026-01-01 05:24:00",3263,1.343,131.68,19.9,0
"2026-01-01 05:30:00",3264,1.335,130.91,19.9,0
"2026-01-01 05:36:00",3265,1.339,131.36,19.9,0
"2026-01-01 05:42:00",3266,1.341,131.53,19.9,0
"2026-01-01 05:48:00",3267,1.344,131.78,19.9,0
"2026-01-01 05:54:00",3268,1.338,131.19,19.9,0
"2026-01-01 06:00:00",3269,1.331,130.56,20,0
"2026-01-01 06:06:00",3270,1.314,128.85,20,0
"2026-01-01 06:12:00",3271,1.3,127.52,20,0
"2026-01-01 06:18:00",3272,1.277,125.24,20,0
"2026-01-01 06:24:00",3273,1.267,124.27,19.9,0
"2026-01-01 06:30:00",3274,1.258,123.37,19.9,0
"2026-01-01 06:36:00",3275,1.253,122.92,19.9,0
"2026-01-01 06:42:00",3276,1.251,122.64,19.9,0
"2026-01-01 06:48:00",3277,1.247,122.32,19.9,0
"2026-01-01 06:54:00",3278,1.253,122.84,19.9,0
"2026-01-01 07:00:00",3279,1.262,123.77,19.9,0
"2026-01-01 07:06:00",3280,1.27,124.52,19.9,0
"2026-01-01 07:12:00",3281,1.277,125.19,19.8,0
"2026-01-01 07:18:00",3282,1.278,125.38,19.8,0
"2026-01-01 07:24:00",3283,1.273,124.83,19.8,0
"2026-01-01 07:30:00",3284,1.266,124.15,19.8,0
"2026-01-01 07:36:00",3285,1.259,123.46,19.8,0
"2026-01-01 07:42:00",3286,1.242,121.85,19.8,0
"2026-01-01 07:48:00",3287,1.236,121.17,19.8,0
"2026-01-01 07:54:00",3288,1.231,120.75,19.8,0
"2026-01-01 08:00:00",3289,1.224,120.05,19.8,0
"2026-01-01 08:06:00",3290,1.196,117.28,19.7,0
"2026-01-01 08:12:00",3291,1.168,114.58,19.7,0
"2026-01-01 08:18:00",3292,1.147,112.5,19.7,0
"2026-01-01 08:24:00",3293,1.12,109.79,19.7,0
"2026-01-01 08:30:00",3294,1.109,108.8,19.7,0
"2026-01-01 08:36:00",3295,1.099,107.81,19.6,0
"2026-01-01 08:42:00",3296,1.098,107.65,19.6,0
"2026-01-01 08:48:00",3297,1.123,110.11,19.6,0
"2026-01-01 08:54:00",3298,1.149,112.69,19.6,0
"2026-01-01 09:00:00",3299,1.161,113.88,19.6,0
"2026-01-01 09:06:00",3300,1.188,116.46,19.7,0
"2026-01-01 09:12:00",3301,1.196,117.28,19.7,0
"2026-01-01 09:18:00",3302,1.205,118.22,19.8,0
"2026-01-01 09:24:00",3303,1.215,119.19,19.8,0
"2026-01-01 09:30:00",3304,1.221,119.77,19.9,0
"2026-01-01 09:36:00",3305,1.221,119.75,19.9,0
"2026-01-01 09:42:00",3306,1.22,119.69,19.9,0
"2026-01-01 09:48:00",3307,1.224,120.03,19.9,0
"2026-01-01 09:54:00",3308,1.226,120.23,19.9,0
"2026-01-01 10:00:00",3309,1.225,120.14,19.9,0
"2026-01-01 10:06:00",3310,1.222,119.85,19.9,0
"2026-01-01 10:12:00",3311,1.223,119.97,19.9,0
"2026-01-01 10:18:00",3312,1.23,120.67,19.9,0
"2026-01-01 10:24:00",3313,1.234,121.01,19.9,0
"2026-01-01 10:30:00",3314,1.233,120.91,19.9,0
"2026-01-01 10:36:00",3315,1.232,120.83,19.9,0
"2026-01-01 10:42:00",3316,1.234,121.04,19.9,0
"2026-01-01 10:48:00",3317,1.241,121.68,19.9,0
"2026-01-01 10:54:00",3318,1.259,123.47,19.9,0
"2026-01-01 11:00:00",3319,1.268,124.36,20,0
"2026-01-01 11:06:00",3320,1.275,125.05,20,0
"2026-01-01 11:12:00",3321,1.283,125.83,20,0
"2026-01-01 11:18:00",3322,1.287,126.24,20,0
"2026-01-01 11:24:00",3323,1.239,121.47,20,0
"2026-01-01 11:30:00",3324,0.974,95.56,20,0
"2026-01-01 11:36:00",3325,1.182,115.93,20,0
"2026-01-01 11:42:00",3326,1.235,121.09,20,0
"2026-01-01 11:48:00",3327,1.234,121.06,20,0
"2026-01-01 11:54:00",3328,1.346,131.97,20,0
"2026-01-01 12:00:00",3329,1.32,129.46,20,0
"2026-01-01 12:06:00",3330,1.322,129.6,20,0
"2026-01-01 12:12:00",3331,1.334,130.87,20,0
"2026-01-01 12:18:00",3332,1.346,131.96,20,0
"2026-01-01 12:24:00",3333,1.35,132.41,20,0
"2026-01-01 12:30:00",3334,1.355,132.91,20,0
"2026-01-01 12:36:00",3335,1.362,133.58,20,0
"2026-01-01 12:42:00",3336,1.372,134.51,20.1,0
"2026-01-01 12:48:00",3337,1.367,134.1,20.1,0
"2026-01-01 12:54:00",3338,1.345,131.92,20.1,0
"2026-01-01 13:00:00",3339,1.335,130.91,20.1,0
"2026-01-01 13:06:00",3340,1.319,129.31,20.1,0
"2026-01-01 13:12:00",3341,1.278,125.29,20.1,0
"2026-01-01 13:18:00",3342,1.25,122.62,20.1,0
"2026-01-01 13:24:00",3343,1.238,121.41,20.1,0
"2026-01-01 13:30:00",3344,1.213,118.93,20.2,0
"2026-01-01 13:36:00",3345,1.225,120.1,20.2,0
"2026-01-01 13:42:00",3346,1.096,107.52,20.2,0
"2026-01-01 13:48:00",3347,1.067,104.65,20.2,0
"2026-01-01 13:54:00",3348,1.246,122.16,20.2,0
"2026-01-01 14:00:00",3349,1.294,126.89,20.2,0
"2026-01-01 14:06:00",3350,1.299,127.35,20.2,0
"2026-01-01 14:12:00",3351,1.38,135.3,20.2,0
"2026-01-01 14:18:00",3352,1.375,134.82,20.2,0
"2026-01-01 14:24:00",3353,1.455,142.67,20.2,0
"2026-01-01 14:30:00",3354,1.406,137.88,20.2,0
"2026-01-01 14:36:00",3355,1.436,140.86,20.2,0
"2026-01-01 14:42:00",3356,1.366,134.01,20.2,0
"2026-01-01 14:48:00",3357,1.4,137.3,20.2,0
"2026-01-01 14:54:00",3358,1.366,133.94,20.2,0
"2026-01-01 15:00:00",3359,1.256,123.18,20.2,0
"2026-01-01 15:06:00",3360,1.181,115.79,20.2,0
"2026-01-01 15:12:00",3361,1.143,112.05,20.2,0
"2026-01-01 15:18:00",3362,1.118,109.62,20.2,0
"2026-01-01 15:24:00",3363,1.084,106.33,20.2,0
"2026-01-01 15:30:00",3364,1.122,110.01,20.2,0
"2026-01-01 15:36:00",3365,1.429,140.15,20.2,0
"2026-01-01 15:42:00",3366,1.396,136.87,20.2,0
"2026-01-01 15:48:00",3367,1.37,134.31,20.2,0
"2026-01-01 15:54:00",3368,1.372,134.53,20.3,0
"2026-01-01 16:00:00",3369,1.401,137.42,20.2,0
"2026-01-01 16:06:00",3370,1.367,134.02,20.2,0
"2026-01-01 16:12:00",3371,1.389,136.25,20.2,0
"2026-01-01 16:18:00",3372,1.389,136.23,20.2,0
"2026-01-01 16:24:00",3373,1.38,135.34,20.2,0
"2026-01-01 16:30:00",3374,1.346,132.02,20.1,0
"2026-01-01 16:36:00",3375,1.158,113.6,20.1,0
"2026-01-01 16:42:00",3376,1.16,113.74,20.1,0
"2026-01-01 16:48:00",3377,1.247,122.32,20.1,0
"2026-01-01 16:54:00",3378,1.279,125.39,20,0
"2026-01-01 17:00:00",3379,1.308,128.24,20,0
"2026-01-01 17:06:00",3380,1.299,127.39,19.9,0
"2026-01-01 17:12:00",3381,1.293,126.76,19.9,0
"2026-01-01 17:18:00",3382,1.286,126.15,19.9,0
"2026-01-01 17:24:00",3383,1.33,130.39,19.8,0
"2026-01-01 17:30:00",3384,1.321,129.5,19.8,0
"2026-01-01 17:36:00",3385,1.28,125.52,19.7,0
"2026-01-01 17:42:00",3386,1.319,129.4,19.7,0
"2026-01-01 17:48:00",3387,1.228,120.42,19.7,0
"2026-01-01 17:54:00",3388,1.167,114.46,19.7,0
"2026-01-01 18:00:00",3389,1.106,108.45,19.6,0
"2026-01-01 18:06:00",3390,1.079,105.79,19.6,0
"2026-01-01 18:12:00",3391,1.15,112.77,19.6,0
"2026-01-01 18:18:00",3392,1.197,117.34,19.5,0
"2026-01-01 18:24:00",3393,1.208,118.46,19.5,0
"2026-01-01 18:30:00",3394,1.2,117.73,19.5,0
"2026-01-01 18:36:00",3395,1.159,113.66,19.5,0
"2026-01-01 18:42:00",3396,1.123,110.1,19.5,0
"2026-01-01 18:48:00",3397,1.112,109.02,19.4,0
"2026-01-01 18:54:00",3398,1.146,112.38,19.4,0
"2026-01-01 19:00:00",3399,1.121,109.98,19.4,0
"2026-01-01 19:06:00",3400,1.127,110.48,19.4,0
"2026-01-01 19:12:00",3401,1.076,105.54,19.4,0
"2026-01-01 19:18:00",3402,1.065,104.47,19.4,0
"2026-01-01 19:24:00",3403,1.158,113.58,19.4,0
"2026-01-01 19:30:00",3404,1.19,116.67,19.4,0
"2026-01-01 19:36:00",3405,1.228,120.43,19.4,0
"2026-01-01 19:42:00",3406,1.198,117.52,19.3,0
"2026-01-01 19:48:00",3407,1.217,119.33,19.3,0
"2026-01-01 19:54:00",3408,1.225,120.13,19.3,0
"2026-01-01 20:00:00",3409,1.204,118.05,19.3,0
"2026-01-01 20:06:00",3410,1.208,118.43,19.2,0
"2026-01-01 20:12:00",3411,1.213,118.97,19.2,0
"2026-01-01 20:18:00",3412,1.21,118.65,19.2,0
"2026-01-01 20:24:00",3413,1.206,118.31,19.2,0
"2026-01-01 20:30:00",3414,1.205,118.13,19.2,0
"2026-01-01 20:36:00",3415,1.204,118.03,19.2,0
"2026-01-01 20:42:00",3416,1.204,118.04,19.2,0
"2026-01-01 20:48:00",3417,1.203,117.95,19.2,0
"2026-01-01 20:54:00",3418,1.198,117.5,19.2,0
"2026-01-01 21:00:00",3419,1.193,116.95,19.2,0
"2026-01-01 21:06:00",3420,1.183,116.03,19.2,0
"2026-01-01 21:12:00",3421,1.127,110.51,19.2,0
"2026-01-01 21:18:00",3422,1.085,106.4,19.2,0
"2026-01-01 21:24:00",3423,1.03,101.05,19.1,0
"2026-01-01 21:30:00",3424,0.991,97.22,19.1,0
"2026-01-01 21:36:00",3425,1.07,104.9,19.1,0
"2026-01-01 21:42:00",3426,1.117,109.5,19.1,0
"2026-01-01 21:48:00",3427,1.139,111.66,19,0
"2026-01-01 21:54:00",3428,1.211,118.75,19,0
"2026-01-01 22:00:00",3429,1.218,119.45,19,0
"2026-01-01 22:06:00",3430,1.226,120.25,19,0
"2026-01-01 22:12:00",3431,1.231,120.76,18.9,0
"2026-01-01 22:18:00",3432,1.212,118.86,18.9,0
"2026-01-01 22:24:00",3433,1.256,123.14,18.9,0
"2026-01-01 22:30:00",3434,1.204,118.09,18.9,0
"2026-01-01 22:36:00",3435,1.212,118.9,18.9,0
"2026-01-01 22:42:00",3436,1.214,119.06,18.9,0
"2026-01-01 22:48:00",3437,1.257,123.23,18.8,0
"2026-01-01 22:54:00",3438,1.26,123.54,18.8,0
"2026-01-01 23:00:00",3439,1.266,124.15,18.8,0
"2026-01-01 23:06:00",3440,1.249,122.46,18.8,0
"2026-01-01 23:12:00",3441,1.285,125.99,18.8,0
"2026-01-01 23:18:00",3442,1.289,126.44,18.8,0
"2026-01-01 23:24:00",3443,1.272,124.77,18.8,0
"2026-01-01 23:30:00",3444,1.293,126.78,18.9,0
"2026-01-01 23:36:00",3445,1.266,124.17,18.9,0
"2026-01-01 23:42:00",3446,1.189,116.57,18.9,0
"2026-01-01 23:48:00",3447,1.301,127.61,19,0
"2026-01-01 23:54:00",3448,1.322,129.62,19,0
"2026-01-02 00:00:00",3449,1.288,126.3,19,0
"2026-01-02 00:06:00",3450,1.306,128.07,19,0
"2026-01-02 00:12:00",3451,1.274,124.93,19,0
"2026-01-02 00:18:00",3452,1.281,125.63,19,0
"2026-01-02 00:24:00",3453,1.267,124.28,19,0
"2026-01-02 00:30:00",3454,1.433,140.57,19,0
"2026-01-02 00:36:00",3455,1.426,139.8,19,0
"2026-01-02 00:42:00",3456,1.422,139.44,19,0
"2026-01-02 00:48:00",3457,1.421,139.33,19,0
"2026-01-02 00:54:00",3458,1.422,139.41,19.1,0
"2026-01-02 01:00:00",3459,1.431,140.35,19.1,0
"2026-01-02 01:06:00",3460,1.431,140.37,19.1,0
"2026-01-02 01:12:00",3461,1.434,140.59,19.1,0
"2026-01-02 01:18:00",3462,1.439,141.14,19.2,0
"2026-01-02 01:24:00",3463,1.447,141.94,19.2,0
"2026-01-02 01:30:00",3464,1.458,142.97,19.2,0
"2026-01-02 01:36:00",3465,1.468,143.93,19.2,0
"2026-01-02 01:42:00",3466,1.477,144.83,19.2,0
"2026-01-02 01:48:00",3467,1.487,145.84,19.2,0
"2026-01-02 01:54:00",3468,1.497,146.81,19.2,0
"2026-01-02 02:00:00",3469,1.507,147.78,19.2,0
"2026-01-02 02:06:00",3470,1.517,148.75,19.2,0
"2026-01-02 02:12:00",3471,1.524,149.41,19.2,0
"2026-01-02 02:18:00",3472,1.528,149.89,19.3,0
"2026-01-02 02:24:00",3473,1.533,150.35,19.3,0
"2026-01-02 02:30:00",3474,1.483,145.47,19.3,0
"2026-01-02 02:36:00",3475,1.507,147.78,19.3,0
"2026-01-02 02:42:00",3476,1.53,150.01,19.3,0
"2026-01-02 02:48:00",3477,1.535,150.5,19.3,0
"2026-01-02 02:54:00",3478,1.535,150.52,19.3,0
"2026-01-02 03:00:00",3479,1.534,150.46,19.3,0
"2026-01-02 03:06:00",3480,1.532,150.22,19.3,0
"2026-01-02 03:12:00",3481,1.529,149.95,19.3,0
"2026-01-02 03:18:00",3482,1.528,149.89,19.3,0
"2026-01-02 03:24:00",3483,1.53,150.02,19.3,0
"2026-01-02 03:30:00",3484,1.532,150.23,19.3,0
"2026-01-02 03:36:00",3485,1.534,150.45,19.3,0
"2026-01-02 03:42:00",3486,1.537,150.76,19.4,0
"2026-01-02 03:48:00",3487,1.541,151.11,19.4,0
"2026-01-02 03:54:00",3488,1.543,151.3,19.4,0
"2026-01-02 04:00:00",3489,1.543,151.35,19.4,0
"2026-01-02 04:06:00",3490,1.541,151.12,19.4,0
"2026-01-02 04:12:00",3491,1.537,150.7,19.4,0
"2026-01-02 04:18:00",3492,1.533,150.36,19.4,0
"2026-01-02 04:24:00",3493,1.528,149.85,19.4,0
"2026-01-02 04:30:00",3494,1.52,149.06,19.4,0
"2026-01-02 04:36:00",3495,1.513,148.33,19.4,0
"2026-01-02 04:42:00",3496,1.503,147.44,19.4,0
"2026-01-02 04:48:00",3497,1.494,146.47,19.4,0
"2026-01-02 04:54:00",3498,1.486,145.74,19.4,0
"2026-01-02 05:00:00",3499,1.478,144.98,19.4,0
"2026-01-02 05:06:00",3500,1.47,144.15,19.4,0
"2026-01-02 05:12:00",3501,1.464,143.58,19.4,0
"2026-01-02 05:18:00",3502,1.461,143.23,19.4,0
"2026-01-02 05:24:00",3503,1.458,142.98,19.4,0
"2026-01-02 05:30:00",3504,1.455,142.66,19.4,0
"2026-01-02 05:36:00",3505,1.45,142.23,19.4,0
"2026-01-02 05:42:00",3506,1.447,141.94,19.4,0
"2026-01-02 05:48:00",3507,1.444,141.66,19.3,0
"2026-01-02 05:54:00",3508,1.44,141.18,19.3,0
"2026-01-02 06:00:00",3509,1.434,140.61,19.3,0
"2026-01-02 06:06:00",3510,1.429,140.12,19.3,0
"2026-01-02 06:12:00",3511,1.424,139.63,19.3,0
"2026-01-02 06:18:00",3512,1.419,139.15,19.3,0
"2026-01-02 06:24:00",3513,1.414,138.67,19.3,0
"2026-01-02 06:30:00",3514,1.408,138.05,19.3,0
"2026-01-02 06:36:00",3515,1.4,137.3,19.3,0
"2026-01-02 06:42:00",3516,1.394,136.68,19.3,0
"2026-01-02 06:48:00",3517,1.388,136.15,19.3,0
"2026-01-02 06:54:00",3518,1.382,135.54,19.3,0
"2026-01-02 07:00:00",3519,1.376,134.94,19.3,0
"2026-01-02 07:06:00",3520,1.37,134.37,19.2,0
"2026-01-02 07:12:00",3521,1.365,133.85,19.2,0
"2026-01-02 07:18:00",3522,1.361,133.5,19.2,0
"2026-01-02 07:24:00",3523,1.357,133.12,19.2,0
"2026-01-02 07:30:00",3524,1.354,132.74,19.2,0
"2026-01-02 07:36:00",3525,1.351,132.45,19.2,0
"2026-01-02 07:42:00",3526,1.347,132.08,19.2,0
"2026-01-02 07:48:00",3527,1.342,131.65,19.2,0
"2026-01-02 07:54:00",3528,1.339,131.32,19.2,0
"2026-01-02 08:00:00",3529,1.327,130.18,19.2,0
"2026-01-02 08:06:00",3530,1.333,130.72,19.2,0
"2026-01-02 08:12:00",3531,1.331,130.51,19.3,0
"2026-01-02 08:18:00",3532,1.33,130.42,19.3,0
"2026-01-02 08:24:00",3533,1.328,130.24,19.3,0
"2026-01-02 08:30:00",3534,1.326,130,19.3,0
"2026-01-02 08:36:00",3535,1.323,129.71,19.3,0
"2026-01-02 08:42:00",3536,1.318,129.3,19.3,0
"2026-01-02 08:48:00",3537,1.316,129.04,19.3,0
"2026-01-02 08:54:00",3538,1.316,129.08,19.3,0
"2026-01-02 09:00:00",3539,1.317,129.15,19.4,0
"2026-01-02 09:06:00",3540,1.318,129.3,19.4,0
"2026-01-02 09:12:00",3541,1.322,129.66,19.4,0
"2026-01-02 09:18:00",3542,1.328,130.26,19.4,0
"2026-01-02 09:24:00",3543,1.336,131.03,19.4,0
"2026-01-02 09:30:00",3544,1.345,131.89,19.4,0
"2026-01-02 09:36:00",3545,1.354,132.77,19.4,0
"2026-01-02 09:42:00",3546,1.364,133.75,19.4,0
"2026-01-02 09:48:00",3547,1.375,134.89,19.3,0
"2026-01-02 09:54:00",3548,1.386,135.92,19.3,0
"2026-01-02 10:00:00",3549,1.395,136.78,19.4,0
"2026-01-02 10:06:00",3550,1.402,137.48,19.4,0
"2026-01-02 10:12:00",3551,1.407,137.94,19.4,0
"2026-01-02 10:18:00",3552,1.411,138.34,19.4,0
"2026-01-02 10:24:00",3553,1.416,138.91,19.4,0
"2026-01-02 10:30:00",3554,1.422,139.5,19.4,0
"2026-01-02 10:36:00",3555,1.428,140.08,19.4,0
"2026-01-02 10:42:00",3556,1.436,140.81,19.4,0
"2026-01-02 10:48:00",3557,1.444,141.62,19.4,0
"2026-01-02 10:54:00",3558,1.454,142.58,19.4,0
"2026-01-02 11:00:00",3559,1.465,143.7,19.4,0
"2026-01-02 11:06:00",3560,1.477,144.8,19.4,0
"2026-01-02 11:12:00",3561,1.488,145.95,19.4,0
"2026-01-02 11:18:00",3562,1.505,147.62,19.4,0
"2026-01-02 11:24:00",3563,1.515,148.56,19.4,0
"2026-01-02 11:30:00",3564,1.527,149.77,19.4,0
"2026-01-02 11:36:00",3565,1.539,150.91,19.4,0
"2026-01-02 11:42:00",3566,1.549,151.91,19.4,0
"2026-01-02 11:48:00",3567,1.559,152.88,19.4,0
"2026-01-02 11:54:00",3568,1.569,153.9,19.5,0
"2026-01-02 12:00:00",3569,1.578,154.76,19.5,0
"2026-01-02 12:06:00",3570,1.585,155.46,19.5,0
"2026-01-02 12:12:00",3571,1.592,156.16,19.5,0
"2026-01-02 12:18:00",3572,1.599,156.83,19.5,0
"2026-01-02 12:24:00",3573,1.606,157.46,19.5,0
"2026-01-02 12:30:00",3574,1.612,158.12,19.6,0
"2026-01-02 12:36:00",3575,1.62,158.91,19.6,0
"2026-01-02 12:42:00",3576,1.631,159.93,19.6,0
"2026-01-02 12:48:00",3577,1.642,161.03,19.7,0
"2026-01-02 12:54:00",3578,1.651,161.88,19.7,0
"2026-01-02 13:00:00",3579,1.657,162.46,19.7,0
"2026-01-02 13:06:00",3580,1.568,153.76,19.7,0
"2026-01-02 13:12:00",3581,1.744,171.01,19.7,0
"2026-01-02 13:18:00",3582,1.755,172.12,19.8,0
"2026-01-02 13:24:00",3583,1.74,170.62,19.9,0
"2026-01-02 13:30:00",3584,1.732,169.83,19.9,0
"2026-01-02 13:36:00",3585,1.733,169.98,19.9,0
"2026-01-02 13:42:00",3586,1.737,170.34,19.9,0
"2026-01-02 13:48:00",3587,1.745,171.1,19.9,0
"2026-01-02 13:54:00",3588,1.752,171.83,20,0
"2026-01-02 14:00:00",3589,1.757,172.29,20,0
"2026-01-02 14:06:00",3590,1.765,173.07,20,0
"2026-01-02 14:12:00",3591,1.772,173.78,20.1,0
"2026-01-02 14:18:00",3592,1.776,174.15,20.1,0
"2026-01-02 14:24:00",3593,1.78,174.6,20,0
"2026-01-02 14:30:00",3594,1.785,175.04,20,0
"2026-01-02 14:36:00",3595,1.791,175.62,20,0
"2026-01-02 14:42:00",3596,1.797,176.25,20,0
"2026-01-02 14:48:00",3597,1.802,176.76,20.1,0
"2026-01-02 14:54:00",3598,1.805,177.03,20.1,0
"2026-01-02 15:00:00",3599,1.808,177.29,20.1,0
"2026-01-02 15:06:00",3600,1.811,177.62,20.1,0
"2026-01-02 15:12:00",3601,1.814,177.88,20.1,0
"2026-01-02 15:18:00",3602,1.816,178.14,20.1,0
"2026-01-02 15:24:00",3603,1.817,178.23,20.1,0
"2026-01-02 15:30:00",3604,1.817,178.19,20.1,0
"2026-01-02 15:36:00",3605,1.817,178.16,20.2,0
"2026-01-02 15:42:00",3606,1.816,178.12,20.2,0
"2026-01-02 15:48:00",3607,1.814,177.9,20.2,0
"2026-01-02 15:54:00",3608,1.812,177.68,20.2,0
"2026-01-02 16:00:00",3609,1.613,158.18,20.2,0
"2026-01-02 16:06:00",3610,1.793,175.87,20.2,0
"2026-01-02 16:12:00",3611,1.795,176.07,20.2,0
"2026-01-02 16:18:00",3612,1.796,176.16,20.2,0
"2026-01-02 16:24:00",3613,1.797,176.27,20.1,0
"2026-01-02 16:30:00",3614,1.795,176.02,20.1,0
"2026-01-02 16:36:00",3615,1.791,175.62,20.1,0
"2026-01-02 16:42:00",3616,1.792,175.7,20.1,0
"2026-01-02 16:48:00",3617,1.793,175.83,20.1,0
"2026-01-02 16:54:00",3618,1.777,174.24,20.1,0
"2026-01-02 17:00:00",3619,1.783,174.86,20.1,0
"2026-01-02 17:06:00",3620,1.772,173.79,20.1,0
"2026-01-02 17:12:00",3621,1.768,173.37,20.1,0
"2026-01-02 17:18:00",3622,1.755,172.11,20.1,0
"2026-01-02 17:24:00",3623,1.743,170.89,20,0
"2026-01-02 17:30:00",3624,1.714,168.13,20,0
"2026-01-02 17:36:00",3625,1.645,161.35,20,0
"2026-01-02 17:42:00",3626,1.716,168.3,20,0
"2026-01-02 17:48:00",3627,1.72,168.69,20,0
"2026-01-02 17:54:00",3628,1.717,168.37,20,0
"2026-01-02 18:00:00",3629,1.71,167.73,20.1,0
"2026-01-02 18:06:00",3630,1.706,167.31,20,0
"2026-01-02 18:12:00",3631,1.701,166.78,20,0
"2026-01-02 18:18:00",3632,1.695,166.2,20,0
"2026-01-02 18:24:00",3633,1.691,165.87,20,0
"2026-01-02 18:30:00",3634,1.688,165.55,20,0
"2026-01-02 18:36:00",3635,1.682,164.92,19.9,0
"2026-01-02 18:42:00",3636,1.676,164.34,19.9,0
"2026-01-02 18:48:00",3637,1.667,163.52,19.9,0
"2026-01-02 18:54:00",3638,1.659,162.72,19.9,0
"2026-01-02 19:00:00",3639,1.652,161.97,19.8,0
"2026-01-02 19:06:00",3640,1.642,161.02,19.8,0
"2026-01-02 19:12:00",3641,1.632,160.06,19.7,0
"2026-01-02 19:18:00",3642,1.624,159.27,19.7,0
"2026-01-02 19:24:00",3643,1.616,158.45,19.7,0
"2026-01-02 19:30:00",3644,1.606,157.53,19.7,0
"2026-01-02 19:36:00",3645,1.599,156.8,19.7,0
"2026-01-02 19:42:00",3646,1.591,156.07,19.7,0
"2026-01-02 19:48:00",3647,1.586,155.55,19.6,0
"2026-01-02 19:54:00",3648,1.581,155.05,19.6,0
"2026-01-02 20:00:00",3649,1.575,154.49,19.6,0
"2026-01-02 20:06:00",3650,1.572,154.13,19.6,0
"2026-01-02 20:12:00",3651,1.566,153.61,19.6,0
"2026-01-02 20:18:00",3652,1.56,152.95,19.6,0
"2026-01-02 20:24:00",3653,1.554,152.36,19.5,0
"2026-01-02 20:30:00",3654,1.547,151.67,19.5,0
"2026-01-02 20:36:00",3655,1.539,150.91,19.5,0
"2026-01-02 20:42:00",3656,1.531,150.19,19.5,0
"2026-01-02 20:48:00",3657,1.523,149.36,19.4,0
"2026-01-02 20:54:00",3658,1.515,148.56,19.4,0
"2026-01-02 21:00:00",3659,1.507,147.82,19.4,0
"2026-01-02 21:06:00",3660,1.5,147.07,19.4,0
"2026-01-02 21:12:00",3661,1.493,146.45,19.4,0
"2026-01-02 21:18:00",3662,1.489,145.98,19.4,0
"2026-01-02 21:24:00",3663,1.484,145.53,19.4,0
"2026-01-02 21:30:00",3664,1.476,144.71,19.4,0
"2026-01-02 21:36:00",3665,1.48,145.17,19.4,0
"2026-01-02 21:42:00",3666,1.478,144.96,19.4,0
"2026-01-02 21:48:00",3667,1.477,144.87,19.4,0
"2026-01-02 21:54:00",3668,1.476,144.79,19.3,0
"2026-01-02 22:00:00",3669,1.476,144.71,19.3,0
"2026-01-02 22:06:00",3670,1.476,144.75,19.3,0
"2026-01-02 22:12:00",3671,1.477,144.83,19.3,0
"2026-01-02 22:18:00",3672,1.478,144.98,19.3,0
"2026-01-02 22:24:00",3673,1.479,145.06,19.3,0
"2026-01-02 22:30:00",3674,1.479,145.03,19.3,0
"2026-01-02 22:36:00",3675,1.48,145.11,19.3,0
"2026-01-02 22:42:00",3676,1.481,145.23,19.3,0
"2026-01-02 22:48:00",3677,1.483,145.4,19.3,0
"2026-01-02 22:54:00",3678,1.484,145.51,19.3,0
"2026-01-02 23:00:00",3679,1.486,145.77,19.2,0
"2026-01-02 23:06:00",3680,1.491,146.22,19.2,0
"2026-01-02 23:12:00",3681,1.496,146.72,19.2,0
"2026-01-02 23:18:00",3682,1.502,147.34,19.3,0
"2026-01-02 23:24:00",3683,1.509,148,19.3,0
"2026-01-02 23:30:00",3684,1.516,148.68,19.3,0
"2026-01-02 23:36:00",3685,1.524,149.41,19.3,0
"2026-01-02 23:42:00",3686,1.53,150.04,19.3,0
"2026-01-02 23:48:00",3687,1.535,150.5,19.2,0
"2026-01-02 23:54:00",3688,1.542,151.18,19.2,0
"2026-01-03 00:00:00",3689,1.548,151.85,19.2,0
"2026-01-03 00:06:00",3690,1.554,152.39,19.3,0
"2026-01-03 00:12:00",3691,1.559,152.92,19.3,0
"2026-01-03 00:18:00",3692,1.564,153.34,19.3,0
"2026-01-03 00:24:00",3693,1.568,153.76,19.2,0
"2026-01-03 00:30:00",3694,1.572,154.16,19.2,0
"2026-01-03 00:36:00",3695,1.573,154.29,19.2,0
"2026-01-03 00:42:00",3696,1.575,154.41,19.2,0
"2026-01-03 00:48:00",3697,1.579,154.81,19.2,0
"2026-01-03 00:54:00",3698,1.584,155.34,19.3,0
"2026-01-03 01:00:00",3699,1.591,156.01,19.3,0
"2026-01-03 01:06:00",3700,1.598,156.67,19.3,0
"2026-01-03 01:12:00",3701,1.604,157.31,19.2,0
"2026-01-03 01:18:00",3702,1.612,158.06,19.2,0
"2026-01-03 01:24:00",3703,1.618,158.63,19.2,0
"2026-01-03 01:30:00",3704,1.621,158.98,19.2,0
"2026-01-03 01:36:00",3705,1.624,159.29,19.2,0
"2026-01-03 01:42:00",3706,1.627,159.58,19.2,0
"2026-01-03 01:48:00",3707,1.63,159.86,19.1,0
"2026-01-03 01:54:00",3708,1.631,159.96,19.1,0
"2026-01-03 02:00:00",3709,1.629,159.73,19.1,0
"2026-01-03 02:06:00",3710,1.628,159.65,19.1,0
"2026-01-03 02:12:00",3711,1.63,159.81,19.1,0
"2026-01-03 02:18:00",3712,1.629,159.73,19.1,0
"2026-01-03 02:24:00",3713,1.628,159.62,19,0
"2026-01-03 02:30:00",3714,1.628,159.64,19,0
"2026-01-03 02:36:00",3715,1.547,151.69,18.9,0
"2026-01-03 02:42:00",3716,1.246,122.2,18.9,0
"2026-01-03 02:48:00",3717,1.506,147.72,18.9,0
"2026-01-03 02:54:00",3718,1.584,155.38,18.8,0
"2026-01-03 03:00:00",3719,1.697,166.44,18.8,0
"2026-01-03 03:06:00",3720,1.597,156.59,18.8,0
"2026-01-03 03:12:00",3721,1.646,161.38,18.8,0
"2026-01-03 03:18:00",3722,1.659,162.66,18.8,0
"2026-01-03 03:24:00",3723,1.669,163.71,18.8,0
"2026-01-03 03:30:00",3724,1.674,164.19,18.8,0
"2026-01-03 03:36:00",3725,1.662,163,18.8,0
"2026-01-03 03:42:00",3726,1.673,164.1,18.8,0
"2026-01-03 03:48:00",3727,1.669,163.64,18.8,0
"2026-01-03 03:54:00",3728,1.66,162.83,18.8,0
"2026-01-03 04:00:00",3729,1.655,162.27,18.8,0
"2026-01-03 04:06:00",3730,1.65,161.77,18.9,0
"2026-01-03 04:12:00",3731,1.638,160.62,18.9,0
"2026-01-03 04:18:00",3732,1.63,159.88,18.9,0
"2026-01-03 04:24:00",3733,1.616,158.45,19,0
"2026-01-03 04:30:00",3734,1.61,157.86,19,0
"2026-01-03 04:36:00",3735,1.608,157.65,19,0
"2026-01-03 04:42:00",3736,1.605,157.36,19,0
"2026-01-03 04:48:00",3737,1.603,157.18,19,0
"2026-01-03 04:54:00",3738,1.601,157,19,0
"2026-01-03 05:00:00",3739,1.598,156.73,19,0
"2026-01-03 05:06:00",3740,1.595,156.44,19,0
"2026-01-03 05:12:00",3741,1.593,156.26,19,0
"2026-01-03 05:18:00",3742,1.589,155.81,19,0
"2026-01-03 05:24:00",3743,1.584,155.3,19,0
"2026-01-03 05:30:00",3744,1.579,154.88,19,0
"2026-01-03 05:36:00",3745,1.532,150.29,19.1,0
"2026-01-03 05:42:00",3746,1.504,147.49,19.1,0
"2026-01-03 05:48:00",3747,1.315,128.92,19.1,0
"2026-01-03 05:54:00",3748,1.279,125.42,19.1,0
"2026-01-03 06:00:00",3749,1.615,158.37,19.1,0
"2026-01-03 06:06:00",3750,1.505,147.64,19.1,0
"2026-01-03 06:12:00",3751,1.493,146.43,19.1,0
"2026-01-03 06:18:00",3752,1.498,146.87,19.1,0
"2026-01-03 06:24:00",3753,1.504,147.51,19.2,0
"2026-01-03 06:30:00",3754,1.493,146.38,19.2,0
"2026-01-03 06:36:00",3755,1.488,145.91,19.2,0
"2026-01-03 06:42:00",3756,1.472,144.36,19.2,0
"2026-01-03 06:48:00",3757,1.47,144.2,19.2,0
"2026-01-03 06:54:00",3758,1.474,144.51,19.2,0
"2026-01-03 07:00:00",3759,1.471,144.22,19.2,0
"2026-01-03 07:06:00",3760,1.468,143.92,19.2,0
"2026-01-03 07:12:00",3761,1.463,143.43,19.2,0
"2026-01-03 07:18:00",3762,1.446,141.8,19.2,0
"2026-01-03 07:24:00",3763,1.436,140.84,19.2,0
"2026-01-03 07:30:00",3764,1.41,138.26,19.2,0
"2026-01-03 07:36:00",3765,1.405,137.74,19.2,0
"2026-01-03 07:42:00",3766,1.415,138.76,19.1,0
"2026-01-03 07:48:00",3767,1.327,130.11,19.1,0
"2026-01-03 07:54:00",3768,1.304,127.93,19.2,0
"2026-01-03 08:00:00",3769,1.255,123.04,19.2,0
"2026-01-03 08:06:00",3770,1.168,114.53,19.2,0
"2026-01-03 08:12:00",3771,1.141,111.9,19.2,0
"2026-01-03 08:18:00",3772,1.197,117.38,19.2,0
"2026-01-03 08:24:00",3773,1.225,120.14,19.2,0
"2026-01-03 08:30:00",3774,1.245,122.12,19.2,0
"2026-01-03 08:36:00",3775,1.322,129.66,19.2,0
"2026-01-03 08:42:00",3776,1.26,123.61,19.2,0
"2026-01-03 08:48:00",3777,1.332,130.6,19.2,0
"2026-01-03 08:54:00",3778,1.321,129.57,19.2,0
"2026-01-03 09:00:00",3779,1.33,130.45,19.2,0
"2026-01-03 09:06:00",3780,1.335,130.95,19.2,0
"2026-01-03 09:12:00",3781,1.327,130.1,19.2,0
"2026-01-03 09:18:00",3782,1.319,129.4,19.2,0
"2026-01-03 09:24:00",3783,1.295,127.01,19.2,0
"2026-01-03 09:30:00",3784,1.263,123.87,19.2,0
"2026-01-03 09:36:00",3785,1.264,123.93,19.3,0
"2026-01-03 09:42:00",3786,1.24,121.6,19.3,0
"2026-01-03 09:48:00",3787,1.213,118.95,19.3,0
"2026-01-03 09:54:00",3788,1.189,116.63,19.3,0
"2026-01-03 10:00:00",3789,1.17,114.7,19.3,0
"2026-01-03 10:06:00",3790,1.124,110.24,19.3,0
"2026-01-03 10:12:00",3791,1.117,109.54,19.4,0
"2026-01-03 10:18:00",3792,1.003,98.36,19.4,0
"2026-01-03 10:24:00",3793,1.263,123.83,19.4,0
"2026-01-03 10:30:00",3794,1.305,127.95,19.4,0
"2026-01-03 10:36:00",3795,1.324,129.85,19.5,0
"2026-01-03 10:42:00",3796,1.359,133.29,19.5,0
"2026-01-03 10:48:00",3797,1.323,129.79,19.5,0
"2026-01-03 10:54:00",3798,1.382,135.53,19.5,0
"2026-01-03 11:00:00",3799,1.406,137.93,19.6,0
"2026-01-03 11:06:00",3800,1.41,138.31,19.6,0
"2026-01-03 11:12:00",3801,1.416,138.82,19.6,0
"2026-01-03 11:18:00",3802,1.405,137.81,19.6,0
"2026-01-03 11:24:00",3803,1.436,140.78,19.7,0
"2026-01-03 11:30:00",3804,1.438,141.02,19.8,0
"2026-01-03 11:36:00",3805,1.434,140.62,19.8,0
"2026-01-03 11:42:00",3806,1.439,141.17,19.8,0
"2026-01-03 11:48:00",3807,1.448,141.97,19.8,0
"2026-01-03 11:54:00",3808,1.454,142.62,19.9,0
"2026-01-03 12:00:00",3809,1.463,143.45,19.9,0
"2026-01-03 12:06:00",3810,1.47,144.2,20,0
"2026-01-03 12:12:00",3811,1.48,145.11,20,0
"2026-01-03 12:18:00",3812,1.483,145.42,20,0
"2026-01-03 12:24:00",3813,1.489,146.02,20.1,0
"2026-01-03 12:30:00",3814,1.436,140.86,20.1,0
"2026-01-03 12:36:00",3815,1.377,135.06,20.1,0
"2026-01-03 12:42:00",3816,1.507,147.76,20.1,0
"2026-01-03 12:48:00",3817,1.559,152.89,20.2,0
"2026-01-03 12:54:00",3818,1.555,152.52,20.2,0
"2026-01-03 13:00:00",3819,1.579,154.82,20.2,0
"2026-01-03 13:06:00",3820,1.609,157.79,20.2,0
"2026-01-03 13:12:00",3821,1.613,158.14,20.2,0
"2026-01-03 13:18:00",3822,1.632,160.05,20.2,0
"2026-01-03 13:24:00",3823,1.637,160.5,20.2,0
"2026-01-03 13:30:00",3824,1.638,160.61,20.2,0
"2026-01-03 13:36:00",3825,1.661,162.9,20.3,0
"2026-01-03 13:42:00",3826,1.669,163.65,20.3,0
"2026-01-03 13:48:00",3827,1.672,164.01,20.3,0
"2026-01-03 13:54:00",3828,1.677,164.51,20.3,0
"2026-01-03 14:00:00",3829,1.684,165.17,20.4,0
"2026-01-03 14:06:00",3830,1.69,165.78,20.4,0
"2026-01-03 14:12:00",3831,1.696,166.35,20.5,0
"2026-01-03 14:18:00",3832,1.7,166.73,20.5,0
"2026-01-03 14:24:00",3833,1.623,159.15,20.5,0
"2026-01-03 14:30:00",3834,1.715,168.14,20.5,0
"2026-01-03 14:36:00",3835,1.735,170.12,20.5,0
"2026-01-03 14:42:00",3836,1.745,171.09,20.4,0
"2026-01-03 14:48:00",3837,1.75,171.6,20.4,0
"2026-01-03 14:54:00",3838,1.762,172.84,20.4,0
"2026-01-03 15:00:00",3839,1.772,173.81,20.3,0
"2026-01-03 15:06:00",3840,1.781,174.66,20.3,0
"2026-01-03 15:12:00",3841,1.789,175.48,20.3,0
"2026-01-03 15:18:00",3842,1.797,176.2,20.2,0
"2026-01-03 15:24:00",3843,1.799,176.47,20.2,0
"2026-01-03 15:30:00",3844,1.81,177.46,20.2,0
"2026-01-03 15:36:00",3845,1.815,177.97,20.2,0
"2026-01-03 15:42:00",3846,1.813,177.8,20.2,0
"2026-01-03 15:48:00",3847,1.815,178.01,20.2,0
"2026-01-03 15:54:00",3848,1.817,178.18,20.1,0
"2026-01-03 16:00:00",3849,1.816,178.14,20.1,0
"2026-01-03 16:06:00",3850,1.815,178.03,20.1,0
"2026-01-03 16:12:00",3851,1.815,178.02,20.1,0
"2026-01-03 16:18:00",3852,1.818,178.27,20.1,0
"2026-01-03 16:24:00",3853,1.821,178.59,20.1,0
"2026-01-03 16:30:00",3854,1.816,178.12,20.1,0
"2026-01-03 16:36:00",3855,1.761,172.67,20,0
"2026-01-03 16:42:00",3856,1.797,176.27,20,0
"2026-01-03 16:48:00",3857,1.831,179.57,20,0
"2026-01-03 16:54:00",3858,1.833,179.75,20,0
"2026-01-03 17:00:00",3859,1.835,179.94,20,0
"2026-01-03 17:06:00",3860,1.843,180.77,19.9,0
"2026-01-03 17:12:00",3861,1.836,180.07,19.9,0
"2026-01-03 17:18:00",3862,1.835,179.96,19.9,0
"2026-01-03 17:24:00",3863,1.829,179.33,19.9,0
"2026-01-03 17:30:00",3864,1.823,178.79,19.8,0
"2026-01-03 17:36:00",3865,1.817,178.23,19.8,0
"2026-01-03 17:42:00",3866,1.809,177.45,19.8,0
"2026-01-03 17:48:00",3867,1.802,176.74,19.8,0
"2026-01-03 17:54:00",3868,1.795,176.06,19.7,0
"2026-01-03 18:00:00",3869,1.788,175.33,19.7,0
"2026-01-03 18:06:00",3870,1.782,174.78,19.7,0
"2026-01-03 18:12:00",3871,1.778,174.35,19.7,0
"2026-01-03 18:18:00",3872,1.772,173.74,19.7,0
"2026-01-03 18:24:00",3873,1.766,173.2,19.7,0
"2026-01-03 18:30:00",3874,1.761,172.7,19.8,0
"2026-01-03 18:36:00",3875,1.756,172.19,19.8,0
"2026-01-03 18:42:00",3876,1.752,171.83,19.8,0
"2026-01-03 18:48:00",3877,1.747,171.31,19.8,0
"2026-01-03 18:54:00",3878,1.743,170.9,19.8,0
"2026-01-03 19:00:00",3879,1.739,170.51,19.8,0
"2026-01-03 19:06:00",3880,1.733,169.94,19.9,0
"2026-01-03 19:12:00",3881,1.726,169.29,19.9,0
"2026-01-03 19:18:00",3882,1.718,168.49,19.9,0
"2026-01-03 19:24:00",3883,1.71,167.7,19.9,0
"2026-01-03 19:30:00",3884,1.702,166.96,19.9,0
"2026-01-03 19:36:00",3885,1.695,166.19,19.9,0
"2026-01-03 19:42:00",3886,1.686,165.35,19.9,0
"2026-01-03 19:48:00",3887,1.679,164.7,19.9,0
"2026-01-03 19:54:00",3888,1.672,164.02,19.9,0
"2026-01-03 20:00:00",3889,1.665,163.29,19.9,0
"2026-01-03 20:06:00",3890,1.658,162.63,19.9,0
"2026-01-03 20:12:00",3891,1.651,161.93,19.9,0
"2026-01-03 20:18:00",3892,1.646,161.4,19.9,0
"2026-01-03 20:24:00",3893,1.64,160.86,20,0
"2026-01-03 20:30:00",3894,1.634,160.29,20,0
"2026-01-03 20:36:00",3895,1.628,159.7,19.9,0
"2026-01-03 20:42:00",3896,1.621,159.01,19.9,0
"2026-01-03 20:48:00",3897,1.615,158.43,20,0
"2026-01-03 20:54:00",3898,1.61,157.92,20,0
"2026-01-03 21:00:00",3899,1.603,157.17,20,0
"2026-01-03 21:06:00",3900,1.594,156.31,20,0
"2026-01-03 21:12:00",3901,1.585,155.48,20,0
"2026-01-03 21:18:00",3902,1.577,154.65,20,0
"2026-01-03 21:24:00",3903,1.496,146.68,20,0
"2026-01-03 21:30:00",3904,1.455,142.65,20,0
"2026-01-03 21:36:00",3905,1.503,147.43,20,0
"2026-01-03 21:42:00",3906,1.544,151.45,20,0
"2026-01-03 21:48:00",3907,1.546,151.58,19.9,0
"2026-01-03 21:54:00",3908,1.527,149.76,19.9,0
"2026-01-03 22:00:00",3909,1.529,149.92,19.9,0
"2026-01-03 22:06:00",3910,1.531,150.17,19.9,0
"2026-01-03 22:12:00",3911,1.524,149.5,19.9,0
"2026-01-03 22:18:00",3912,1.532,150.25,19.9,0
"2026-01-03 22:24:00",3913,1.526,149.68,19.9,0
"2026-01-03 22:30:00",3914,1.522,149.22,19.9,0
"2026-01-03 22:36:00",3915,1.52,149.09,19.9,0
"2026-01-03 22:42:00",3916,1.517,148.74,19.9,0
"2026-01-03 22:48:00",3917,1.513,148.38,19.9,0
"2026-01-03 22:54:00",3918,1.511,148.21,19.8,0
"2026-01-03 23:00:00",3919,1.51,148.06,19.8,0
"2026-01-03 23:06:00",3920,1.509,147.96,19.8,0
"2026-01-03 23:12:00",3921,1.509,148,19.8,0
"2026-01-03 23:18:00",3922,1.51,148.06,19.8,0
"2026-01-03 23:24:00",3923,1.51,148.1,19.8,0
"2026-01-03 23:30:00",3924,1.512,148.25,19.8,0
"2026-01-03 23:36:00",3925,1.513,148.42,19.8,0
"2026-01-03 23:42:00",3926,1.515,148.6,19.8,0
"2026-01-03 23:48:00",3927,1.518,148.85,19.8,0
"2026-01-03 23:54:00",3928,1.52,149.04,19.8,0
"2026-01-04 00:00:00",3929,1.385,135.85,19.8,0
"2026-01-04 00:06:00",3930,1.421,139.33,19.8,0
"2026-01-04 00:12:00",3931,1.452,142.41,19.8,0
"2026-01-04 00:18:00",3932,1.497,146.78,19.7,0
"2026-01-04 00:24:00",3933,1.536,150.64,19.7,0
"2026-01-04 00:30:00",3934,1.526,149.64,19.7,0
"2026-01-04 00:36:00",3935,1.556,152.6,19.7,0
"2026-01-04 00:42:00",3936,1.565,153.45,19.7,0
"2026-01-04 00:48:00",3937,1.571,154.07,19.7,0
"2026-01-04 00:54:00",3938,1.57,153.93,19.7,0
"2026-01-04 01:00:00",3939,1.584,155.33,19.7,0
"2026-01-04 01:06:00",3940,1.579,154.83,19.7,0
"2026-01-04 01:12:00",3941,1.584,155.35,19.7,0
"2026-01-04 01:18:00",3942,1.588,155.73,19.7,0
"2026-01-04 01:24:00",3943,1.593,156.22,19.6,0
"2026-01-04 01:30:00",3944,1.598,156.75,19.6,0
"2026-01-04 01:36:00",3945,1.604,157.33,19.6,0
"2026-01-04 01:42:00",3946,1.61,157.9,19.6,0
"2026-01-04 01:48:00",3947,1.615,158.38,19.6,0
"2026-01-04 01:54:00",3948,1.622,159.04,19.6,0
"2026-01-04 02:00:00",3949,1.629,159.74,19.6,0
"2026-01-04 02:06:00",3950,1.634,160.26,19.6,0
"2026-01-04 02:12:00",3951,1.64,160.83,19.6,0
"2026-01-04 02:18:00",3952,1.644,161.23,19.6,0
"2026-01-04 02:24:00",3953,1.646,161.45,19.6,0
"2026-01-04 02:30:00",3954,1.651,161.91,19.6,0
"2026-01-04 02:36:00",3955,1.655,162.26,19.6,0
"2026-01-04 02:42:00",3956,1.656,162.38,19.6,0
"2026-01-04 02:48:00",3957,1.656,162.45,19.6,0
"2026-01-04 02:54:00",3958,1.657,162.52,19.6,0
"2026-01-04 03:00:00",3959,1.66,162.76,19.6,0
"2026-01-04 03:06:00",3960,1.662,163,19.6,0
"2026-01-04 03:12:00",3961,1.663,163.05,19.6,0
"2026-01-04 03:18:00",3962,1.666,163.4,19.6,0
"2026-01-04 03:24:00",3963,1.671,163.87,19.6,0
"2026-01-04 03:30:00",3964,1.674,164.12,19.6,0
"2026-01-04 03:36:00",3965,1.678,164.52,19.6,0
"2026-01-04 03:42:00",3966,1.68,164.78,19.6,0
"2026-01-04 03:48:00",3967,1.682,164.97,19.6,0
"2026-01-04 03:54:00",3968,1.687,165.45,19.6,0
"2026-01-04 04:00:00",3969,1.689,165.64,19.6,0
"2026-01-04 04:06:00",3970,1.691,165.8,19.6,0
"2026-01-04 04:12:00",3971,1.693,166.02,19.6,0
"2026-01-04 04:18:00",3972,1.486,145.73,19.6,0
"2026-01-04 04:24:00",3973,1.635,160.39,19.6,0
"2026-01-04 04:30:00",3974,1.686,165.34,19.5,0
"2026-01-04 04:36:00",3975,1.68,164.73,19.5,0
"2026-01-04 04:42:00",3976,1.68,164.79,19.5,0
"2026-01-04 04:48:00",3977,1.682,164.98,19.5,0
"2026-01-04 04:54:00",3978,1.682,164.99,19.5,0
"2026-01-04 05:00:00",3979,1.679,164.64,19.5,0
"2026-01-04 05:06:00",3980,1.674,164.2,19.5,0
"2026-01-04 05:12:00",3981,1.672,163.94,19.5,0
"2026-01-04 05:18:00",3982,1.668,163.53,19.5,0
"2026-01-04 05:24:00",3983,1.66,162.82,19.5,0
"2026-01-04 05:30:00",3984,1.655,162.34,19.5,0
"2026-01-04 05:36:00",3985,1.651,161.91,19.5,0
"2026-01-04 05:42:00",3986,1.646,161.39,19.5,0
"2026-01-04 05:48:00",3987,1.642,161.03,19.5,0
"2026-01-04 05:54:00",3988,1.637,160.52,19.5,0
"2026-01-04 06:00:00",3989,1.632,160.05,19.5,0
"2026-01-04 06:06:00",3990,1.629,159.71,19.5,0
"2026-01-04 06:12:00",3991,1.622,159.05,19.5,0
"2026-01-04 06:18:00",3992,1.615,158.41,19.5,0
"2026-01-04 06:24:00",3993,1.608,157.74,19.5,0
"2026-01-04 06:30:00",3994,1.599,156.86,19.5,0
"2026-01-04 06:36:00",3995,1.591,156.06,19.5,0
"2026-01-04 06:42:00",3996,1.581,155.08,19.5,0
"2026-01-04 06:48:00",3997,1.57,153.93,19.5,0
"2026-01-04 06:54:00",3998,1.476,144.72,19.5,0
"2026-01-04 07:00:00",3999,1.492,146.29,19.5,0
"2026-01-04 07:06:00",4000,1.524,149.42,19.5,0
"2026-01-04 07:12:00",4001,1.526,149.61,19.5,0
"2026-01-04 07:18:00",4002,1.517,148.77,19.5,0
"2026-01-04 07:24:00",4003,1.51,148.06,19.5,0
"2026-01-04 07:30:00",4004,1.513,148.41,19.5,0
"2026-01-04 07:36:00",4005,1.511,148.15,19.5,0
"2026-01-04 07:42:00",4006,1.503,147.42,19.5,0
"2026-01-04 07:48:00",4007,1.497,146.85,19.5,0
"2026-01-04 07:54:00",4008,1.491,146.26,19.4,0
"2026-01-04 08:00:00",4009,1.486,145.73,19.4,0
"2026-01-04 08:06:00",4010,1.48,145.12,19.4,0
"2026-01-04 08:12:00",4011,1.473,144.41,19.5,0
"2026-01-04 08:18:00",4012,1.465,143.66,19.5,0
"2026-01-04 08:24:00",4013,1.458,142.97,19.5,0
"2026-01-04 08:30:00",4014,1.451,142.3,19.5,0
"2026-01-04 08:36:00",4015,1.444,141.57,19.5,0
"2026-01-04 08:42:00",4016,1.436,140.86,19.5,0
"2026-01-04 08:48:00",4017,1.429,140.11,19.6,0
"2026-01-04 08:54:00",4018,1.42,139.28,19.6,0
"2026-01-04 09:00:00",4019,1.413,138.53,19.6,0
"2026-01-04 09:06:00",4020,1.405,137.83,19.7,0
"2026-01-04 09:12:00",4021,1.398,137.14,19.7,0
"2026-01-04 09:18:00",4022,1.391,136.43,19.8,0
"2026-01-04 09:24:00",4023,1.384,135.69,19.8,0
"2026-01-04 09:30:00",4024,1.377,135.01,19.8,0
"2026-01-04 09:36:00",4025,1.371,134.47,19.7,0
"2026-01-04 09:42:00",4026,1.365,133.88,19.7,0
"2026-01-04 09:48:00",4027,1.358,133.21,19.7,0
"2026-01-04 09:54:00",4028,1.353,132.72,19.7,0
"2026-01-04 10:00:00",4029,1.35,132.38,19.7,0
"2026-01-04 10:06:00",4030,1.347,132.08,19.7,0
"2026-01-04 10:12:00",4031,1.345,131.88,19.7,0
"2026-01-04 10:18:00",4032,1.343,131.66,19.7,0
"2026-01-04 10:24:00",4033,1.34,131.37,19.7,0
"2026-01-04 10:30:00",4034,1.338,131.22,19.8,0
"2026-01-04 10:36:00",4035,1.338,131.18,19.8,0
"2026-01-04 10:42:00",4036,1.337,131.12,19.8,0
"2026-01-04 10:48:00",4037,1.336,131.05,19.8,0
"2026-01-04 10:54:00",4038,1.335,130.91,19.8,0
"2026-01-04 11:00:00",4039,1.334,130.78,19.9,0
"2026-01-04 11:06:00",4040,1.334,130.82,19.9,0
"2026-01-04 11:12:00",4041,1.334,130.83,19.9,0
"2026-01-04 11:18:00",4042,1.334,130.78,19.9,0
"2026-01-04 11:24:00",4043,1.336,131.06,19.9,0
"2026-01-04 11:30:00",4044,1.342,131.57,19.9,0
"2026-01-04 11:36:00",4045,1.347,132.09,19.9,0
"2026-01-04 11:42:00",4046,1.353,132.71,19.9,0
"2026-01-04 11:48:00",4047,1.36,133.42,19.9,0
"2026-01-04 11:54:00",4048,1.369,134.27,20,0
"2026-01-04 12:00:00",4049,1.379,135.25,20,0
"2026-01-04 12:06:00",4050,1.389,136.24,20,0
"2026-01-04 12:12:00",4051,1.4,137.29,20,0
"2026-01-04 12:18:00",4052,1.41,138.32,20,0
"2026-01-04 12:24:00",4053,1.42,139.29,20,0
"2026-01-04 12:30:00",4054,1.43,140.22,20,0
"2026-01-04 12:36:00",4055,1.439,141.12,20,0
"2026-01-04 12:42:00",4056,1.447,141.91,20.1,0
"2026-01-04 12:48:00",4057,1.453,142.54,20.1,0
"2026-01-04 12:54:00",4058,1.408,138.08,20.1,0
"2026-01-04 13:00:00",4059,1.134,111.24,20.1,0
"2026-01-04 13:06:00",4060,1.531,150.11,20.1,0
"2026-01-04 13:12:00",4061,1.503,147.4,20.1,0
"2026-01-04 13:18:00",4062,1.495,146.6,20.2,0
"2026-01-04 13:24:00",4063,1.521,149.18,20.2,0
"2026-01-04 13:30:00",4064,1.525,149.53,20.2,0
"2026-01-04 13:36:00",4065,1.547,151.7,20.2,0
"2026-01-04 13:42:00",4066,1.553,152.27,20.2,0
"2026-01-04 13:48:00",4067,1.566,153.62,20.2,0
"2026-01-04 13:54:00",4068,1.572,154.12,20.1,0
"2026-01-04 14:00:00",4069,1.574,154.32,19.9,0
"2026-01-04 14:06:00",4070,1.589,155.84,19.8,0
"2026-01-04 14:12:00",4071,1.597,156.6,19.6,0
"2026-01-04 14:18:00",4072,1.613,158.18,19.4,0
"2026-01-04 14:24:00",4073,1.622,159.09,19.2,0
"2026-01-04 14:30:00",4074,1.627,159.55,19,0
"2026-01-04 14:36:00",4075,1.643,161.1,18.9,0
"2026-01-04 14:42:00",4076,1.653,162.09,18.7,0
"2026-01-04 14:48:00",4077,1.65,161.86,18.6,0
"2026-01-04 14:54:00",4078,1.65,161.86,18.5,0
"2026-01-04 15:00:00",4079,1.664,163.21,18.4,0
"2026-01-04 15:06:00",4080,1.644,161.21,18.4,0
"2026-01-04 15:12:00",4081,1.545,151.51,18.4,0
"2026-01-04 15:18:00",4082,1.505,147.62,18.5,0
"2026-01-04 15:24:00",4083,1.673,164.1,18.6,0
"2026-01-04 15:30:00",4084,1.707,167.45,18.8,0
"2026-01-04 15:36:00",4085,1.709,167.59,18.9,0
"2026-01-04 15:42:00",4086,1.732,169.84,19,0
"2026-01-04 15:48:00",4087,1.736,170.28,19.1,0
"2026-01-04 15:54:00",4088,1.747,171.3,19.1,0
"2026-01-04 16:00:00",4089,1.773,173.92,19.2,0
"2026-01-04 16:06:00",4090,1.771,173.65,19.3,0
"2026-01-04 16:12:00",4091,1.767,173.27,19.3,0
"2026-01-04 16:18:00",4092,1.778,174.41,19.4,0
"2026-01-04 16:24:00",4093,1.782,174.74,19.4,0
"2026-01-04 16:30:00",4094,1.784,174.95,19.5,0
"2026-01-04 16:36:00",4095,1.79,175.53,19.5,0
"2026-01-04 16:42:00",4096,1.799,176.43,19.5,0
"2026-01-04 16:48:00",4097,1.805,177.05,19.6,0
"2026-01-04 16:54:00",4098,1.808,177.33,19.6,0
"2026-01-04 17:00:00",4099,1.81,177.51,19.6,0
"2026-01-04 17:06:00",4100,1.777,174.29,19.7,0
"2026-01-04 17:12:00",4101,1.77,173.6,19.7,0
"2026-01-04 17:18:00",4102,1.762,172.75,19.7,0
"2026-01-04 17:24:00",4103,1.758,172.42,19.7,0
"2026-01-04 17:30:00",4104,1.733,169.96,19.7,0
"2026-01-04 17:36:00",4105,1.717,168.41,19.7,0
"2026-01-04 17:42:00",4106,1.68,164.76,19.7,0
"2026-01-04 17:48:00",4107,1.678,164.54,19.7,0
"2026-01-04 17:54:00",4108,1.65,161.86,19.7,0
"2026-01-04 18:00:00",4109,1.61,157.91,19.7,0
"2026-01-04 18:06:00",4110,1.883,184.67,19.7,0
"2026-01-04 18:12:00",4111,1.741,170.78,19.7,0
"2026-01-04 18:18:00",4112,1.744,171.01,19.7,0
"2026-01-04 18:24:00",4113,1.798,176.28,19.7,0
"2026-01-04 18:30:00",4114,1.776,174.13,19.7,0
"2026-01-04 18:36:00",4115,1.812,177.71,19.7,0
"2026-01-04 18:42:00",4116,1.811,177.57,19.7,0
"2026-01-04 18:48:00",4117,1.804,176.96,19.7,0
"2026-01-04 18:54:00",4118,1.796,176.13,19.7,0
"2026-01-04 19:00:00",4119,1.793,175.83,19.7,0
"2026-01-04 19:06:00",4120,1.792,175.77,19.7,0
"2026-01-04 19:12:00",4121,1.78,174.57,19.7,0
"2026-01-04 19:18:00",4122,1.775,174.08,19.8,0
"2026-01-04 19:24:00",4123,1.772,173.73,19.8,0
"2026-01-04 19:30:00",4124,1.769,173.46,19.8,0
"2026-01-04 19:36:00",4125,1.761,172.66,19.8,0
"2026-01-04 19:42:00",4126,1.759,172.51,19.8,0
"2026-01-04 19:48:00",4127,1.739,170.56,19.8,0
"2026-01-04 19:54:00",4128,1.745,171.09,19.8,0
"2026-01-04 20:00:00",4129,1.749,171.53,19.8,0
"2026-01-04 20:06:00",4130,1.745,171.1,19.8,0
"2026-01-04 20:12:00",4131,1.731,169.76,19.8,0
"2026-01-04 20:18:00",4132,1.719,168.54,19.7,0
"2026-01-04 20:24:00",4133,1.71,167.72,19.7,0
"2026-01-04 20:30:00",4134,1.68,164.79,19.7,0
"2026-01-04 20:36:00",4135,1.653,162.14,19.7,0
"2026-01-04 20:42:00",4136,1.625,159.34,19.7,0
"2026-01-04 20:48:00",4137,1.624,159.24,19.7,0
"2026-01-04 20:54:00",4138,1.583,155.26,19.7,0
"2026-01-04 21:00:00",4139,1.58,154.94,19.7,0
"2026-01-04 21:06:00",4140,1.526,149.65,19.6,0
"2026-01-04 21:12:00",4141,1.525,149.59,19.6,0
"2026-01-04 21:18:00",4142,1.644,161.2,19.6,0
"2026-01-04 21:24:00",4143,1.648,161.63,19.6,0
"2026-01-04 21:30:00",4144,1.634,160.25,19.6,0
"2026-01-04 21:36:00",4145,1.627,159.57,19.6,0
"2026-01-04 21:42:00",4146,1.621,158.95,19.6,0
"2026-01-04 21:48:00",4147,1.616,158.48,19.6,0
"2026-01-04 21:54:00",4148,1.612,158.09,19.6,0
"2026-01-04 22:00:00",4149,1.596,156.47,19.6,0
"2026-01-04 22:06:00",4150,1.592,156.11,19.6,0
"2026-01-04 22:12:00",4151,1.588,155.72,19.6,0
"2026-01-04 22:18:00",4152,1.579,154.81,19.5,0
"2026-01-04 22:24:00",4153,1.57,153.93,19.5,0
"2026-01-04 22:30:00",4154,1.562,153.16,19.5,0
"2026-01-04 22:36:00",4155,1.556,152.59,19.5,0
"2026-01-04 22:42:00",4156,1.55,152.05,19.5,0
"2026-01-04 22:48:00",4157,1.543,151.28,19.5,0
"2026-01-04 22:54:00",4158,1.535,150.55,19.5,0
"2026-01-04 23:00:00",4159,1.52,149.1,19.5,0
"2026-01-04 23:06:00",4160,1.515,148.54,19.5,0
"2026-01-04 23:12:00",4161,1.507,147.79,19.5,0
"2026-01-04 23:18:00",4162,1.501,147.18,19.5,0
"2026-01-04 23:24:00",4163,1.5,147.06,19.5,0
"2026-01-04 23:30:00",4164,1.503,147.35,19.5,0
"2026-01-04 23:36:00",4165,1.501,147.17,19.5,0
"2026-01-04 23:42:00",4166,1.498,146.89,19.4,0
"2026-01-04 23:48:00",4167,1.496,146.74,19.4,0
"2026-01-04 23:54:00",4168,1.497,146.78,19.4,0
"2026-01-05 00:00:00",4169,1.496,146.75,19.4,0
"2026-01-05 00:06:00",4170,1.499,147,19.4,0
"2026-01-05 00:12:00",4171,1.502,147.3,19.4,0
"2026-01-05 00:18:00",4172,1.504,147.52,19.4,0
"2026-01-05 00:24:00",4173,1.508,147.93,19.4,0
"2026-01-05 00:30:00",4174,1.512,148.27,19.4,0
"2026-01-05 00:36:00",4175,1.515,148.57,19.4,0
"2026-01-05 00:42:00",4176,1.519,149.01,19.4,0
"2026-01-05 00:48:00",4177,1.524,149.45,19.4,0
"2026-01-05 00:54:00",4178,1.528,149.87,19.4,0
"2026-01-05 01:00:00",4179,1.534,150.43,19.4,0
"2026-01-05 01:06:00",4180,1.538,150.87,19.4,0
"2026-01-05 01:12:00",4181,1.543,151.31,19.4,0
"2026-01-05 01:18:00",4182,1.548,151.84,19.4,0
"2026-01-05 01:24:00",4183,1.552,152.21,19.4,0
"2026-01-05 01:30:00",4184,1.555,152.54,19.4,0
"2026-01-05 01:36:00",4185,1.559,152.93,19.3,0
"2026-01-05 01:42:00",4186,1.561,153.07,19.3,0
"2026-01-05 01:48:00",4187,1.563,153.24,19.3,0
"2026-01-05 01:54:00",4188,1.567,153.69,19.3,0
"2026-01-05 02:00:00",4189,1.571,154.06,19.4,0
"2026-01-05 02:06:00",4190,1.575,154.48,19.4,0
"2026-01-05 02:12:00",4191,1.581,155.08,19.4,0
"2026-01-05 02:18:00",4192,1.588,155.73,19.3,0
"2026-01-05 02:24:00",4193,1.597,156.59,19.3,0
"2026-01-05 02:30:00",4194,1.605,157.39,19.3,0
"2026-01-05 02:36:00",4195,1.612,158.12,19.3,0
"2026-01-05 02:42:00",4196,1.623,159.12,19.3,0
"2026-01-05 02:48:00",4197,1.633,160.11,19.3,0
"2026-01-05 02:54:00",4198,1.642,161.03,19.3,0
"2026-01-05 03:00:00",4199,1.651,161.88,19.3,0
"2026-01-05 03:06:00",4200,1.658,162.64,19.3,0
"2026-01-05 03:12:00",4201,1.666,163.4,19.3,0
"2026-01-05 03:18:00",4202,1.673,164.05,19.3,0
"2026-01-05 03:24:00",4203,1.677,164.47,19.4,0
"2026-01-05 03:30:00",4204,1.68,164.79,19.4,0
"2026-01-05 03:36:00",4205,1.684,165.16,19.4,0
"2026-01-05 03:42:00",4206,1.686,165.36,19.3,0
"2026-01-05 03:48:00",4207,1.687,165.44,19.3,0
"2026-01-05 03:54:00",4208,1.688,165.52,19.3,0
"2026-01-05 04:00:00",4209,1.687,165.49,19.3,0
"2026-01-05 04:06:00",4210,1.688,165.57,19.3,0
"2026-01-05 04:12:00",4211,1.691,165.86,19.3,0
"2026-01-05 04:18:00",4212,1.695,166.22,19.3,0
"2026-01-05 04:24:00",4213,1.7,166.75,19.3,0
"2026-01-05 04:30:00",4214,1.706,167.35,19.3,0
"2026-01-05 04:36:00",4215,1.713,167.95,19.3,0
"2026-01-05 04:42:00",4216,1.72,168.68,19.3,0
"2026-01-05 04:48:00",4217,1.726,169.24,19.2,0
"2026-01-05 04:54:00",4218,1.733,169.93,19.2,0
"2026-01-05 05:00:00",4219,1.739,170.58,19.1,0
"2026-01-05 05:06:00",4220,1.744,171.08,19.1,0
"2026-01-05 05:12:00",4221,1.75,171.64,19.1,0
"2026-01-05 05:18:00",4222,1.753,171.94,19,0
"2026-01-05 05:24:00",4223,1.755,172.07,19,0
"2026-01-05 05:30:00",4224,1.754,172.05,19,0
"2026-01-05 05:36:00",4225,1.752,171.82,19,0
"2026-01-05 05:42:00",4226,1.748,171.41,19,0
"2026-01-05 05:48:00",4227,1.744,171.03,19,0
"2026-01-05 05:54:00",4228,1.738,170.47,18.9,0
"2026-01-05 06:00:00",4229,1.733,169.98,18.9,0
"2026-01-05 06:06:00",4230,1.729,169.52,18.9,0
"2026-01-05 06:12:00",4231,1.722,168.83,18.9,0
"2026-01-05 06:18:00",4232,1.717,168.41,18.9,0
"2026-01-05 06:24:00",4233,1.712,167.86,18.9,0
"2026-01-05 06:30:00",4234,1.707,167.44,18.9,0
"2026-01-05 06:36:00",4235,1.705,167.19,19,0
"2026-01-05 06:42:00",4236,1.702,166.88,19,0
"2026-01-05 06:48:00",4237,1.699,166.66,19,0
"2026-01-05 06:54:00",4238,1.698,166.49,19,0
"2026-01-05 07:00:00",4239,1.696,166.3,19,0
"2026-01-05 07:06:00",4240,1.693,166.01,19.1,0
"2026-01-05 07:12:00",4241,1.688,165.58,19,0
"2026-01-05 07:18:00",4242,1.681,164.9,19.1,0
"2026-01-05 07:24:00",4243,1.675,164.31,19.1,0
"2026-01-05 07:30:00",4244,1.668,163.56,19.1,0
"2026-01-05 07:36:00",4245,1.659,162.67,19.1,0
"2026-01-05 07:42:00",4246,1.65,161.8,19.1,0
"2026-01-05 07:48:00",4247,1.64,160.87,19.1,0
"2026-01-05 07:54:00",4248,1.631,159.97,19.2,0
"2026-01-05 08:00:00",4249,1.622,159.05,19.2,0
"2026-01-05 08:06:00",4250,1.614,158.29,19.2,0
"2026-01-05 08:12:00",4251,1.607,157.58,19.2,0
"2026-01-05 08:18:00",4252,1.599,156.84,19.3,0
"2026-01-05 08:24:00",4253,1.493,146.38,19.3,0
"2026-01-05 08:30:00",4254,1.352,132.56,19.3,0
"2026-01-05 08:36:00",4255,1.405,137.79,19.4,0
"2026-01-05 08:42:00",4256,1.495,146.58,19.4,0
"2026-01-05 08:48:00",4257,1.619,158.76,19.4,0
"2026-01-05 08:54:00",4258,1.559,152.91,19.4,0
"2026-01-05 09:00:00",4259,1.541,151.16,19.4,0
"2026-01-05 09:06:00",4260,1.509,148,19.4,0
"2026-01-05 09:12:00",4261,1.531,150.13,19.5,0
"2026-01-05 09:18:00",4262,1.552,152.16,19.5,0
"2026-01-05 09:24:00",4263,1.557,152.68,19.5,0
"2026-01-05 09:30:00",4264,1.544,151.45,19.5,0
"2026-01-05 09:36:00",4265,1.543,151.32,19.5,0
"2026-01-05 09:42:00",4266,1.535,150.56,19.6,0
"2026-01-05 09:48:00",4267,1.531,150.17,19.6,0
"2026-01-05 09:54:00",4268,1.523,149.37,19.6,0
"2026-01-05 10:00:00",4269,1.514,148.5,19.7,0
"2026-01-05 10:06:00",4270,1.51,148.13,19.7,0
"2026-01-05 10:12:00",4271,1.508,147.84,19.7,0
"2026-01-05 10:18:00",4272,1.503,147.42,19.7,0
"2026-01-05 10:24:00",4273,1.499,147.04,19.8,0
"2026-01-05 10:30:00",4274,1.472,144.4,19.8,0
"2026-01-05 10:36:00",4275,1.45,142.22,19.8,0
"2026-01-05 10:42:00",4276,1.417,138.97,19.9,0
"2026-01-05 10:48:00",4277,1.326,130.05,19.9,0
"2026-01-05 10:54:00",4278,1.283,125.81,19.9,0
"2026-01-05 11:00:00",4279,1.135,111.33,20,0
"2026-01-05 11:06:00",4280,1.309,128.42,20,0
"2026-01-05 11:12:00",4281,1.342,131.56,20,0
"2026-01-05 11:18:00",4282,1.454,142.61,20,0
"2026-01-05 11:24:00",4283,1.362,133.53,20,0
"2026-01-05 11:30:00",4284,1.367,134.09,20,0
"2026-01-05 11:36:00",4285,1.418,139.1,20,0
"2026-01-05 11:42:00",4286,1.387,136.04,20,0
"2026-01-05 11:48:00",4287,1.378,135.09,20,0
"2026-01-05 11:54:00",4288,1.344,131.81,20,0
"2026-01-05 12:00:00",4289,1.447,141.95,20,0
"2026-01-05 12:06:00",4290,1.344,131.81,20,0
"2026-01-05 12:12:00",4291,1.355,132.84,20,0
"2026-01-05 12:18:00",4292,1.31,128.47,20,0
"2026-01-05 12:24:00",4293,1.358,133.13,20,0
"2026-01-05 12:30:00",4294,1.37,134.4,20,0
"2026-01-05 12:36:00",4295,1.366,133.98,19.9,0
"2026-01-05 12:42:00",4296,1.401,137.4,19.9,0
"2026-01-05 12:48:00",4297,1.336,131.03,19.9,0
"2026-01-05 12:54:00",4298,1.36,133.4,19.9,0
"2026-01-05 13:00:00",4299,1.367,134.05,19.9,0
"2026-01-05 13:06:00",4300,1.286,126.09,19.9,0
"2026-01-05 13:12:00",4301,1.539,150.89,19.9,0
"2026-01-05 13:18:00",4302,1.597,156.64,19.9,0
"2026-01-05 13:24:00",4303,1.55,152.02,19.9,0
"2026-01-05 13:30:00",4304,1.559,152.92,19.9,0
"2026-01-05 13:36:00",4305,1.571,154.03,19.8,0
"2026-01-05 13:42:00",4306,1.585,155.4,19.8,0
"2026-01-05 13:48:00",4307,1.6,156.89,19.8,0
"2026-01-05 13:54:00",4308,1.557,152.68,19.8,0
"2026-01-05 14:00:00",4309,1.639,160.72,19.8,0
"2026-01-05 14:06:00",4310,1.652,161.99,19.8,0
"2026-01-05 14:12:00",4311,1.667,163.44,19.8,0
"2026-01-05 14:18:00",4312,1.684,165.1,19.8,0
"2026-01-05 14:24:00",4313,1.692,165.95,19.8,0
"2026-01-05 14:30:00",4314,1.708,167.5,19.8,0
"2026-01-05 14:36:00",4315,1.719,168.55,19.8,0
"2026-01-05 14:42:00",4316,1.721,168.82,19.8,0
"2026-01-05 14:48:00",4317,1.727,169.39,19.8,0
"2026-01-05 14:54:00",4318,1.737,170.38,19.8,0
"2026-01-05 15:00:00",4319,1.749,171.54,19.8,0
"2026-01-05 15:06:00",4320,1.758,172.43,19.8,0
"2026-01-05 15:12:00",4321,1.764,173,19.8,0
"2026-01-05 15:18:00",4322,1.763,172.92,19.8,0
"2026-01-05 15:24:00",4323,1.751,171.67,19.8,0
"2026-01-05 15:30:00",4324,1.736,170.22,19.8,0
"2026-01-05 15:36:00",4325,1.669,163.68,19.8,0
"2026-01-05 15:42:00",4326,1.706,167.35,19.8,0
"2026-01-05 15:48:00",4327,1.717,168.38,19.8,0
"2026-01-05 15:54:00",4328,1.669,163.65,19.8,0
"2026-01-05 16:00:00",4329,1.568,153.78,19.8,0
"2026-01-05 16:06:00",4330,1.891,185.42,19.8,0
"2026-01-05 16:12:00",4331,1.821,178.59,19.9,0
"2026-01-05 16:18:00",4332,1.832,179.71,19.9,0
"2026-01-05 16:24:00",4333,1.842,180.68,19.9,0
"2026-01-05 16:30:00",4334,1.851,181.48,19.9,0
"2026-01-05 16:36:00",4335,1.858,182.24,19.9,0
"2026-01-05 16:42:00",4336,1.878,184.17,19.9,0
"2026-01-05 16:48:00",4337,1.885,184.88,19.9,0
"2026-01-05 16:54:00",4338,1.899,186.2,19.8,0
"2026-01-05 17:00:00",4339,1.905,186.78,19.8,0
"2026-01-05 17:06:00",4340,1.909,187.2,19.8,0
"2026-01-05 17:12:00",4341,1.913,187.58,19.8,0
"2026-01-05 17:18:00",4342,1.915,187.83,19.8,0
"2026-01-05 17:24:00",4343,1.919,188.17,19.8,0
"2026-01-05 17:30:00",4344,1.922,188.5,19.8,0
"2026-01-05 17:36:00",4345,1.925,188.77,19.8,0
"2026-01-05 17:42:00",4346,1.928,189.11,19.8,0
"2026-01-05 17:48:00",4347,1.929,189.14,19.8,0
"2026-01-05 17:54:00",4348,1.904,186.76,19.8,0
"2026-01-05 18:00:00",4349,1.86,182.44,19.8,0
"2026-01-05 18:06:00",4350,1.78,174.54,19.8,0
"2026-01-05 18:12:00",4351,0.136,13.32,19.9,0
"2026-01-05 18:18:00",4352,0.118,11.58,19.9,0
"2026-01-05 18:24:00",4353,0.22,21.55,19.9,0
"2026-01-05 18:30:00",4354,0.114,11.14,19.9,0
"2026-01-05 18:36:00",4355,0,0,19.9,1
"2026-01-05 18:42:00",4356,0,0,19.9,1
"2026-01-05 18:48:00",4357,0,0,19.9,1
"2026-01-05 18:54:00",4358,0,0,19.9,1
"2026-01-05 19:00:00",4359,0,0,19.9,1
"2026-01-05 19:06:00",4360,0,0,19.9,1
"2026-01-05 19:12:00",4361,0,0,19.9,1
"2026-01-05 19:18:00",4362,0,0,19.9,1
"2026-01-05 19:24:00",4363,0,0,19.9,1
"2026-01-05 19:30:00",4364,0,0,19.9,1
"2026-01-05 19:36:00",4365,0.932,91.4,19.9,0
"2026-01-05 19:42:00",4366,1.834,179.81,20,0
"2026-01-05 19:48:00",4367,1.755,172.1,20,0
"2026-01-05 19:54:00",4368,1.716,168.24,20,0
"2026-01-05 20:00:00",4369,1.696,166.29,20,0
"2026-01-05 20:06:00",4370,1.723,168.94,20,0
"2026-01-05 20:12:00",4371,1.659,162.7,20,0
"2026-01-05 20:18:00",4372,1.671,163.86,20,0
"2026-01-05 20:24:00",4373,1.695,166.18,20,0
"2026-01-05 20:30:00",4374,1.662,163.03,20,0
"2026-01-05 20:36:00",4375,1.545,151.55,20,0
"2026-01-05 20:42:00",4376,1.613,158.17,20,0
"2026-01-05 20:48:00",4377,1.522,149.27,20,0
"2026-01-05 20:54:00",4378,1.788,175.35,20,0
"2026-01-05 21:00:00",4379,1.764,173.02,20,0
"2026-01-05 21:06:00",4380,1.776,174.14,20,0
"2026-01-05 21:12:00",4381,1.819,178.39,20,0
"2026-01-05 21:18:00",4382,1.797,176.21,19.9,0
"2026-01-05 21:24:00",4383,1.808,177.33,19.9,0
"2026-01-05 21:30:00",4384,1.805,177.02,19.9,0
"2026-01-05 21:36:00",4385,1.798,176.3,19.9,0
"2026-01-05 21:42:00",4386,1.795,175.99,19.9,0
"2026-01-05 21:48:00",4387,1.79,175.59,19.9,0
"2026-01-05 21:54:00",4388,1.783,174.9,19.8,0
"2026-01-05 22:00:00",4389,1.776,174.21,19.8,0
"2026-01-05 22:06:00",4390,1.769,173.52,19.8,0
"2026-01-05 22:12:00",4391,1.762,172.84,19.8,0
"2026-01-05 22:18:00",4392,1.748,171.39,19.8,0
"2026-01-05 22:24:00",4393,1.743,170.93,19.9,0
"2026-01-05 22:30:00",4394,1.736,170.22,19.9,0
"2026-01-05 22:36:00",4395,1.654,162.18,19.9,0
"2026-01-05 22:42:00",4396,1.679,164.64,19.9,0
"2026-01-05 22:48:00",4397,1.628,159.64,19.9,0
"2026-01-05 22:54:00",4398,1.588,155.77,19.9,0
"2026-01-05 23:00:00",4399,1.57,153.92,20,0
"2026-01-05 23:06:00",4400,1.574,154.36,20,0
"2026-01-05 23:12:00",4401,1.757,172.31,20.1,0
"2026-01-05 23:18:00",4402,1.688,165.52,20.1,0
"2026-01-05 23:24:00",4403,1.686,165.35,20.1,0
"2026-01-05 23:30:00",4404,1.683,165.03,20.1,0
"2026-01-05 23:36:00",4405,1.683,165.02,20.1,0
"2026-01-05 23:42:00",4406,1.681,164.82,20.1,0
"2026-01-05 23:48:00",4407,1.667,163.5,20.1,0
"2026-01-05 23:54:00",4408,1.658,162.58,20.1,0
"2026-01-06 00:00:00",4409,1.642,161.05,20.2,0
"2026-01-06 00:06:00",4410,1.643,161.11,20.2,0
"2026-01-06 00:12:00",4411,1.641,160.91,20.2,0
"2026-01-06 00:18:00",4412,1.624,159.22,20.2,0
"2026-01-06 00:24:00",4413,1.635,160.31,20.3,0
"2026-01-06 00:30:00",4414,1.629,159.79,20.3,0
"2026-01-06 00:36:00",4415,1.637,160.52,20.3,0
"2026-01-06 00:42:00",4416,1.641,160.96,20.3,0
"2026-01-06 00:48:00",4417,1.642,161.05,20.3,0
"2026-01-06 00:54:00",4418,1.644,161.2,20.3,0
"2026-01-06 01:00:00",4419,1.645,161.36,20.3,0
"2026-01-06 01:06:00",4420,1.646,161.41,20.3,0
"2026-01-06 01:12:00",4421,1.646,161.39,20.3,0
"2026-01-06 01:18:00",4422,1.646,161.43,20.3,0
"2026-01-06 01:24:00",4423,1.647,161.48,20.3,0
"2026-01-06 01:30:00",4424,1.648,161.61,20.3,0
"2026-01-06 01:36:00",4425,1.649,161.75,20.3,0
"2026-01-06 01:42:00",4426,1.65,161.84,20.3,0
"2026-01-06 01:48:00",4427,1.654,162.24,20.3,0
"2026-01-06 01:54:00",4428,1.659,162.74,20.3,0
"2026-01-06 02:00:00",4429,1.664,163.16,20.3,0
"2026-01-06 02:06:00",4430,1.67,163.74,20.3,0
"2026-01-06 02:12:00",4431,1.674,164.19,20.2,0
"2026-01-06 02:18:00",4432,1.681,164.85,20.2,0
"2026-01-06 02:24:00",4433,1.689,165.59,20.2,0
"2026-01-06 02:30:00",4434,1.693,166.04,20.3,0
"2026-01-06 02:36:00",4435,1.698,166.55,20.3,0
"2026-01-06 02:42:00",4436,1.703,167.05,20.3,0
"2026-01-06 02:48:00",4437,1.71,167.71,20.3,0
"2026-01-06 02:54:00",4438,1.717,168.41,20.2,0
"2026-01-06 03:00:00",4439,1.721,168.81,20.2,0
"2026-01-06 03:06:00",4440,1.726,169.23,20.2,0
"2026-01-06 03:12:00",4441,1.731,169.72,20.2,0
"2026-01-06 03:18:00",4442,1.734,170.09,20.2,0
"2026-01-06 03:24:00",4443,1.738,170.46,20.3,0
"2026-01-06 03:30:00",4444,1.742,170.8,20.3,0
"2026-01-06 03:36:00",4445,1.744,171.08,20.2,0
"2026-01-06 03:42:00",4446,1.749,171.57,20.2,0
"2026-01-06 03:48:00",4447,1.754,172.03,20.2,0
"2026-01-06 03:54:00",4448,1.758,172.41,20.2,0
"2026-01-06 04:00:00",4449,1.762,172.82,20.2,0
"2026-01-06 04:06:00",4450,1.766,173.17,20.2,0
"2026-01-06 04:12:00",4451,1.77,173.63,20.2,0
"2026-01-06 04:18:00",4452,1.775,174.07,20.2,0
"2026-01-06 04:24:00",4453,1.778,174.4,20.2,0
"2026-01-06 04:30:00",4454,1.783,174.84,20.2,0
"2026-01-06 04:36:00",4455,1.787,175.27,20.2,0
"2026-01-06 04:42:00",4456,1.791,175.65,20.2,0
"2026-01-06 04:48:00",4457,1.772,173.79,20.3,0
"2026-01-06 04:54:00",4458,1.8,176.49,20.3,0
"2026-01-06 05:00:00",4459,1.803,176.81,20.2,0
"2026-01-06 05:06:00",4460,1.807,177.2,20.2,0
"2026-01-06 05:12:00",4461,1.81,177.51,20.2,0
"2026-01-06 05:18:00",4462,1.813,177.83,20.2,0
"2026-01-06 05:24:00",4463,1.818,178.25,20.2,0
"2026-01-06 05:30:00",4464,1.822,178.65,20.3,0
"2026-01-06 05:36:00",4465,1.823,178.77,20.3,0
"2026-01-06 05:42:00",4466,1.823,178.79,20.3,0
"2026-01-06 05:48:00",4467,1.822,178.68,20.2,0
"2026-01-06 05:54:00",4468,1.821,178.55,20.2,0
"2026-01-06 06:00:00",4469,1.819,178.39,20.2,0
"2026-01-06 06:06:00",4470,1.817,178.19,20.2,0
"2026-01-06 06:12:00",4471,1.817,178.21,20.2,0
"2026-01-06 06:18:00",4472,1.819,178.37,20.2,0
"2026-01-06 06:24:00",4473,1.819,178.34,20.2,0
"2026-01-06 06:30:00",4474,1.817,178.16,20.2,0
"2026-01-06 06:36:00",4475,1.815,177.99,20.2,0
"2026-01-06 06:42:00",4476,1.813,177.82,20.2,0
"2026-01-06 06:48:00",4477,1.812,177.73,20.2,0
"2026-01-06 06:54:00",4478,1.809,177.4,20.2,0
"2026-01-06 07:00:00",4479,1.803,176.84,20.2,0
"2026-01-06 07:06:00",4480,1.796,176.16,20.2,0
"2026-01-06 07:12:00",4481,1.788,175.3,20.2,0
"2026-01-06 07:18:00",4482,1.781,174.69,20.2,0
"2026-01-06 07:24:00",4483,1.775,174.05,20.1,0
"2026-01-06 07:30:00",4484,1.766,173.16,20.1,0
"2026-01-06 07:36:00",4485,1.757,172.32,20.1,0
"2026-01-06 07:42:00",4486,1.749,171.53,20.1,0
"2026-01-06 07:48:00",4487,1.742,170.86,20.1,0
"2026-01-06 07:54:00",4488,1.736,170.27,20.1,0
"2026-01-06 08:00:00",4489,1.73,169.69,20.1,0
"2026-01-06 08:06:00",4490,1.725,169.12,20,0
"2026-01-06 08:12:00",4491,1.718,168.49,20,0
"2026-01-06 08:18:00",4492,1.711,167.83,20,0
"2026-01-06 08:24:00",4493,1.704,167.1,20,0
"2026-01-06 08:30:00",4494,1.696,166.33,20.1,0
"2026-01-06 08:36:00",4495,1.691,165.79,20,0
"2026-01-06 08:42:00",4496,1.685,165.22,20,0
"2026-01-06 08:48:00",4497,1.677,164.43,20,0
"2026-01-06 08:54:00",4498,1.667,163.47,20.1,0
"2026-01-06 09:00:00",4499,1.657,162.48,20.1,0
"2026-01-06 09:06:00",4500,1.648,161.57,20.1,0
"2026-01-06 09:12:00",4501,1.638,160.59,20.2,0
"2026-01-06 09:18:00",4502,1.629,159.72,20.2,0
"2026-01-06 09:24:00",4503,1.619,158.82,20.2,0
"2026-01-06 09:30:00",4504,1.611,158,20.2,0
"2026-01-06 09:36:00",4505,1.584,155.37,20.2,0
"2026-01-06 09:42:00",4506,1.551,152.11,20.2,0
"2026-01-06 09:48:00",4507,1.551,152.09,20.3,0
"2026-01-06 09:54:00",4508,1.538,150.86,20.3,0
"2026-01-06 10:00:00",4509,1.56,152.98,20.3,0
"2026-01-06 10:06:00",4510,1.555,152.45,20.3,0
"2026-01-06 10:12:00",4511,1.56,153.03,20.2,0
"2026-01-06 10:18:00",4512,1.564,153.37,20.2,0
"2026-01-06 10:24:00",4513,1.559,152.86,20.2,0
"2026-01-06 10:30:00",4514,1.554,152.36,20.2,0
"2026-01-06 10:36:00",4515,1.548,151.77,20.2,0
"2026-01-06 10:42:00",4516,1.541,151.13,20.2,0
"2026-01-06 10:48:00",4517,1.537,150.7,20.2,0
"2026-01-06 10:54:00",4518,1.53,150.06,20.2,0
"2026-01-06 11:00:00",4519,1.523,149.31,20.2,0
"2026-01-06 11:06:00",4520,1.516,148.63,20.2,0
"2026-01-06 11:12:00",4521,1.507,147.78,20.2,0
"2026-01-06 11:18:00",4522,1.499,146.97,20.2,0
"2026-01-06 11:24:00",4523,1.493,146.37,20.2,0
"2026-01-06 11:30:00",4524,1.48,145.13,20.2,0
"2026-01-06 11:36:00",4525,1.473,144.46,20.2,0
"2026-01-06 11:42:00",4526,1.47,144.14,20.2,0
"2026-01-06 11:48:00",4527,1.473,144.46,20.2,0
"2026-01-06 11:54:00",4528,1.453,142.54,20.2,0
"2026-01-06 12:00:00",4529,1.423,139.53,20.3,0
"2026-01-06 12:06:00",4530,1.439,141.17,20.3,0
"2026-01-06 12:12:00",4531,1.463,143.46,20.3,0
"2026-01-06 12:18:00",4532,1.455,142.66,20.3,0
"2026-01-06 12:24:00",4533,1.45,142.22,20.3,0
"2026-01-06 12:30:00",4534,1.454,142.55,20.3,0
"2026-01-06 12:36:00",4535,1.452,142.36,20.3,0
"2026-01-06 12:42:00",4536,1.448,141.98,20.3,0
"2026-01-06 12:48:00",4537,1.433,140.57,20.3,0
"2026-01-06 12:54:00",4538,1.429,140.11,20.3,0
"2026-01-06 13:00:00",4539,1.436,140.84,20.3,0
"2026-01-06 13:06:00",4540,1.444,141.57,20.4,0
"2026-01-06 13:12:00",4541,1.447,141.89,20.4,0
"2026-01-06 13:18:00",4542,1.451,142.32,20.4,0
"2026-01-06 13:24:00",4543,1.425,139.75,20.4,0
"2026-01-06 13:30:00",4544,1.463,143.52,20.4,0
"2026-01-06 13:36:00",4545,1.47,144.2,20.4,0
"2026-01-06 13:42:00",4546,1.482,145.29,20.4,0
"2026-01-06 13:48:00",4547,1.491,146.2,20.4,0
"2026-01-06 13:54:00",4548,1.501,147.18,20.4,0
"2026-01-06 14:00:00",4549,1.512,148.25,20.4,0
"2026-01-06 14:06:00",4550,1.521,149.17,20.4,0
"2026-01-06 14:12:00",4551,1.529,149.98,20.5,0
"2026-01-06 14:18:00",4552,1.538,150.8,20.5,0
"2026-01-06 14:24:00",4553,1.546,151.64,20.5,0
"2026-01-06 14:30:00",4554,1.555,152.46,20.5,0
"2026-01-06 14:36:00",4555,1.563,153.3,20.5,0
"2026-01-06 14:42:00",4556,1.57,153.94,20.5,0
"2026-01-06 14:48:00",4557,1.577,154.63,20.5,0
"2026-01-06 14:54:00",4558,1.583,155.28,20.5,0
"2026-01-06 15:00:00",4559,1.59,155.91,20.5,0
"2026-01-06 15:06:00",4560,1.598,156.76,20.5,0
"2026-01-06 15:12:00",4561,1.605,157.43,20.6,0
"2026-01-06 15:18:00",4562,1.611,157.96,20.6,0
"2026-01-06 15:24:00",4563,1.62,158.88,20.6,0
"2026-01-06 15:30:00",4564,1.631,159.92,20.6,0
"2026-01-06 15:36:00",4565,1.641,160.95,20.6,0
"2026-01-06 15:42:00",4566,1.65,161.84,20.6,0
"2026-01-06 15:48:00",4567,1.656,162.45,20.6,0
"2026-01-06 15:54:00",4568,1.664,163.22,20.6,0
"2026-01-06 16:00:00",4569,1.674,164.14,20.6,0
"2026-01-06 16:06:00",4570,1.681,164.85,20.6,0
"2026-01-06 16:12:00",4571,1.688,165.56,20.6,0
"2026-01-06 16:18:00",4572,1.697,166.4,20.6,0
"2026-01-06 16:24:00",4573,1.706,167.31,20.6,0
"2026-01-06 16:30:00",4574,1.717,168.36,20.6,0
"2026-01-06 16:36:00",4575,1.725,169.16,20.6,0
"2026-01-06 16:42:00",4576,1.732,169.81,20.6,0
"2026-01-06 16:48:00",4577,1.739,170.53,20.6,0
"2026-01-06 16:54:00",4578,1.745,171.12,20.6,0
"2026-01-06 17:00:00",4579,1.752,171.85,20.6,0
"2026-01-06 17:06:00",4580,1.76,172.62,20.6,0
"2026-01-06 17:12:00",4581,1.768,173.35,20.6,0
"2026-01-06 17:18:00",4582,1.776,174.19,20.6,0
"2026-01-06 17:24:00",4583,1.783,174.87,20.6,0
"2026-01-06 17:30:00",4584,1.789,175.42,20.6,0
"2026-01-06 17:36:00",4585,1.795,176.03,20.6,0
"2026-01-06 17:42:00",4586,1.8,176.49,20.6,0
"2026-01-06 17:48:00",4587,1.805,176.99,20.5,0
"2026-01-06 17:54:00",4588,1.811,177.65,20.5,0
"2026-01-06 18:00:00",4589,1.817,178.24,20.5,0
"2026-01-06 18:06:00",4590,1.824,178.83,20.5,0
"2026-01-06 18:12:00",4591,1.828,179.26,20.5,0
"2026-01-06 18:18:00",4592,1.831,179.52,20.5,0
"2026-01-06 18:24:00",4593,1.833,179.77,20.5,0
"2026-01-06 18:30:00",4594,1.834,179.89,20.5,0
"2026-01-06 18:36:00",4595,1.837,180.13,20.5,0
"2026-01-06 18:42:00",4596,1.84,180.49,20.5,0
"2026-01-06 18:48:00",4597,1.843,180.72,20.5,0
"2026-01-06 18:54:00",4598,1.845,180.91,20.4,0
"2026-01-06 19:00:00",4599,1.846,181.04,20.4,0
"2026-01-06 19:06:00",4600,1.848,181.19,20.4,0
"2026-01-06 19:12:00",4601,1.85,181.39,20.4,0
"2026-01-06 19:18:00",4602,1.849,181.31,20.4,0
"2026-01-06 19:24:00",4603,1.846,181.04,20.4,0
"2026-01-06 19:30:00",4604,1.844,180.87,20.4,0
"2026-01-06 19:36:00",4605,1.843,180.73,20.4,0
"2026-01-06 19:42:00",4606,1.839,180.39,20.4,0
"2026-01-06 19:48:00",4607,1.834,179.85,20.3,0
"2026-01-06 19:54:00",4608,1.83,179.44,20.3,0
"2026-01-06 20:00:00",4609,1.825,178.96,20.3,0
"2026-01-06 20:06:00",4610,1.818,178.3,20.3,0
"2026-01-06 20:12:00",4611,1.81,177.46,20.3,0
"2026-01-06 20:18:00",4612,1.801,176.65,20.3,0
"2026-01-06 20:24:00",4613,1.796,176.1,20.3,0
"2026-01-06 20:30:00",4614,1.79,175.52,20.3,0
"2026-01-06 20:36:00",4615,1.784,174.99,20.3,0
"2026-01-06 20:42:00",4616,1.781,174.7,20.3,0
"2026-01-06 20:48:00",4617,1.778,174.38,20.2,0
"2026-01-06 20:54:00",4618,1.772,173.78,20.2,0
"2026-01-06 21:00:00",4619,1.765,173.06,20.2,0
"2026-01-06 21:06:00",4620,1.751,171.75,20.2,0
"2026-01-06 21:12:00",4621,1.685,165.26,20.2,0
"2026-01-06 21:18:00",4622,1.457,142.89,20.2,0
"2026-01-06 21:24:00",4623,1.674,164.13,20.2,0
"2026-01-06 21:30:00",4624,1.709,167.64,20.2,0
"2026-01-06 21:36:00",4625,1.731,169.72,20.2,0
"2026-01-06 21:42:00",4626,1.741,170.7,20.2,0
"2026-01-06 21:48:00",4627,1.708,167.55,20.2,0
"2026-01-06 21:54:00",4628,1.716,168.25,20.2,0
"2026-01-06 22:00:00",4629,1.717,168.43,20.2,0
"2026-01-06 22:06:00",4630,1.681,164.82,20.2,0
"2026-01-06 22:12:00",4631,1.681,164.85,20.1,0
"2026-01-06 22:18:00",4632,1.681,164.85,20.1,0
"2026-01-06 22:24:00",4633,1.682,164.94,20.1,0
"2026-01-06 22:30:00",4634,1.683,165.02,20.1,0
"2026-01-06 22:36:00",4635,1.677,164.47,20.1,0
"2026-01-06 22:42:00",4636,1.663,163.09,20.1,0
"2026-01-06 22:48:00",4637,1.662,162.98,20.1,0
"2026-01-06 22:54:00",4638,1.653,162.07,20.1,0
"2026-01-06 23:00:00",4639,1.656,162.38,20.1,0
"2026-01-06 23:06:00",4640,1.624,159.29,20.1,0
"2026-01-06 23:12:00",4641,1.601,157.04,20.1,0
"2026-01-06 23:18:00",4642,1.593,156.22,20.1,0
"2026-01-06 23:24:00",4643,1.572,154.17,20.1,0
"2026-01-06 23:30:00",4644,1.576,154.51,20.1,0
"2026-01-06 23:36:00",4645,1.593,156.24,20.1,0
"2026-01-06 23:42:00",4646,1.575,154.47,20.2,0
"2026-01-06 23:48:00",4647,1.588,155.72,20.2,0
"2026-01-06 23:54:00",4648,1.496,146.75,20.2,0
"2026-01-07 00:00:00",4649,1.437,140.88,20.3,0
"2026-01-07 00:06:00",4650,1.553,152.3,20.3,0
"2026-01-07 00:12:00",4651,1.529,149.99,20.3,0
"2026-01-07 00:18:00",4652,1.529,149.95,20.3,0
"2026-01-07 00:24:00",4653,1.504,147.52,20.3,0
"2026-01-07 00:30:00",4654,1.542,151.23,20.4,0
"2026-01-07 00:36:00",4655,1.561,153.1,20.4,0
"2026-01-07 00:42:00",4656,1.562,153.19,20.4,0
"2026-01-07 00:48:00",4657,1.562,153.18,20.3,0
"2026-01-07 00:54:00",4658,1.562,153.14,20.3,0
"2026-01-07 01:00:00",4659,1.553,152.3,20.3,0
"2026-01-07 01:06:00",4660,1.554,152.42,20.3,0
"2026-01-07 01:12:00",4661,1.555,152.47,20.3,0
"2026-01-07 01:18:00",4662,1.552,152.24,20.2,0
"2026-01-07 01:24:00",4663,1.553,152.29,20.2,0
"2026-01-07 01:30:00",4664,1.553,152.26,20.2,0
"2026-01-07 01:36:00",4665,1.551,152.14,20.1,0
"2026-01-07 01:42:00",4666,1.553,152.33,20.1,0
"2026-01-07 01:48:00",4667,1.554,152.41,20.1,0
"2026-01-07 01:54:00",4668,1.551,152.14,20,0
"2026-01-07 02:00:00",4669,1.55,152.04,20,0
"2026-01-07 02:06:00",4670,1.557,152.66,20,0
"2026-01-07 02:12:00",4671,1.564,153.41,20,0
"2026-01-07 02:18:00",4672,1.571,154.07,19.9,0
"2026-01-07 02:24:00",4673,1.58,154.99,19.9,0
"2026-01-07 02:30:00",4674,1.59,155.97,19.9,0
"2026-01-07 02:36:00",4675,1.599,156.86,19.9,0
"2026-01-07 02:42:00",4676,1.607,157.61,19.9,0
"2026-01-07 02:48:00",4677,1.614,158.27,19.9,0
"2026-01-07 02:54:00",4678,1.618,158.63,19.9,0
"2026-01-07 03:00:00",4679,1.623,159.17,19.8,0
"2026-01-07 03:06:00",4680,1.631,159.95,19.8,0
"2026-01-07 03:12:00",4681,1.639,160.71,19.8,0
"2026-01-07 03:18:00",4682,1.646,161.41,19.8,0
"2026-01-07 03:24:00",4683,1.649,161.76,19.8,0
"2026-01-07 03:30:00",4684,1.654,162.16,19.8,0
"2026-01-07 03:36:00",4685,1.662,162.95,19.8,0
"2026-01-07 03:42:00",4686,1.666,163.42,19.8,0
"2026-01-07 03:48:00",4687,1.669,163.66,19.8,0
"2026-01-07 03:54:00",4688,1.674,164.16,19.8,0
"2026-01-07 04:00:00",4689,1.679,164.69,19.8,0
"2026-01-07 04:06:00",4690,1.692,165.96,19.8,0
"2026-01-07 04:12:00",4691,1.699,166.58,19.8,0
"2026-01-07 04:18:00",4692,1.708,167.55,19.9,0
"2026-01-07 04:24:00",4693,1.716,168.27,19.9,0
"2026-01-07 04:30:00",4694,1.72,168.68,20,0
"2026-01-07 04:36:00",4695,1.727,169.36,20,0
"2026-01-07 04:42:00",4696,1.734,170.05,20,0
"2026-01-07 04:48:00",4697,1.739,170.53,20.1,0
"2026-01-07 04:54:00",4698,1.746,171.26,20.1,0
"2026-01-07 05:00:00",4699,1.754,172,20.1,0
"2026-01-07 05:06:00",4700,1.759,172.52,20.1,0
"2026-01-07 05:12:00",4701,1.765,173.06,20.2,0
"2026-01-07 05:18:00",4702,1.768,173.41,20.2,0
"2026-01-07 05:24:00",4703,1.775,174.06,20.2,0
"2026-01-07 05:30:00",4704,1.784,174.91,20.2,0
"2026-01-07 05:36:00",4705,1.79,175.56,20.2,0
"2026-01-07 05:42:00",4706,1.801,176.66,20.2,0
"2026-01-07 05:48:00",4707,1.808,177.32,20.2,0
"2026-01-07 05:54:00",4708,1.813,177.77,20.1,0
"2026-01-07 06:00:00",4709,1.819,178.36,20.1,0
"2026-01-07 06:06:00",4710,1.823,178.8,20,0
"2026-01-07 06:12:00",4711,1.828,179.24,20,0
"2026-01-07 06:18:00",4712,1.831,179.57,20,0
"2026-01-07 06:24:00",4713,1.834,179.86,20,0
"2026-01-07 06:30:00",4714,1.835,179.98,20,0
"2026-01-07 06:36:00",4715,1.835,180,19.9,0
"2026-01-07 06:42:00",4716,1.836,180.02,19.9,0
"2026-01-07 06:48:00",4717,1.837,180.15,19.9,0
"2026-01-07 06:54:00",4718,1.837,180.14,19.9,0
"2026-01-07 07:00:00",4719,1.835,179.94,19.9,0
"2026-01-07 07:06:00",4720,1.837,180.12,19.9,0
"2026-01-07 07:12:00",4721,1.839,180.39,19.9,0
"2026-01-07 07:18:00",4722,1.842,180.67,20,0
"2026-01-07 07:24:00",4723,1.845,180.91,20,0
"2026-01-07 07:30:00",4724,1.845,180.9,20,0
"2026-01-07 07:36:00",4725,1.847,181.12,20.1,0
"2026-01-07 07:42:00",4726,1.847,181.17,20,0
"2026-01-07 07:48:00",4727,1.846,181,20,0
"2026-01-07 07:54:00",4728,1.845,180.95,20,0
"2026-01-07 08:00:00",4729,1.843,180.7,20,0
"2026-01-07 08:06:00",4730,1.839,180.38,20,0
"2026-01-07 08:12:00",4731,1.834,179.9,19.9,0
"2026-01-07 08:18:00",4732,1.826,179.09,20,0
"2026-01-07 08:24:00",4733,1.819,178.36,20,0
"2026-01-07 08:30:00",4734,1.809,177.39,20.1,0
"2026-01-07 08:36:00",4735,1.799,176.42,20.1,0
"2026-01-07 08:42:00",4736,1.791,175.68,20.1,0
"2026-01-07 08:48:00",4737,1.783,174.89,20.1,0
"2026-01-07 08:54:00",4738,1.777,174.28,20.1,0
"2026-01-07 09:00:00",4739,1.773,173.87,20.1,0
"2026-01-07 09:06:00",4740,1.769,173.52,20.1,0
"2026-01-07 09:12:00",4741,1.767,173.32,20.1,0
"2026-01-07 09:18:00",4742,1.764,173,20.1,0
"2026-01-07 09:24:00",4743,1.759,172.52,20.1,0
"2026-01-07 09:30:00",4744,1.756,172.24,20.1,0
"2026-01-07 09:36:00",4745,1.753,171.9,20.1,0
"2026-01-07 09:42:00",4746,1.749,171.49,20.1,0
"2026-01-07 09:48:00",4747,1.744,171.04,20.1,0
"2026-01-07 09:54:00",4748,1.738,170.44,20.1,0
"2026-01-07 10:00:00",4749,1.733,169.96,20.1,0
"2026-01-07 10:06:00",4750,1.719,168.59,20.1,0
"2026-01-07 10:12:00",4751,1.711,167.79,20.2,0
"2026-01-07 10:18:00",4752,1.703,167.02,20.2,0
"2026-01-07 10:24:00",4753,1.693,166.02,20.2,0
"2026-01-07 10:30:00",4754,1.683,165.05,20.2,0
"2026-01-07 10:36:00",4755,1.674,164.17,20.2,0
"2026-01-07 10:42:00",4756,1.666,163.39,20.2,0
"2026-01-07 10:48:00",4757,1.659,162.68,20.1,0
"2026-01-07 10:54:00",4758,1.653,162.06,20,0
"2026-01-07 11:00:00",4759,1.647,161.51,19.8,0
"2026-01-07 11:06:00",4760,1.641,160.94,19.7,0
"2026-01-07 11:12:00",4761,1.637,160.51,19.6,0
"2026-01-07 11:18:00",4762,1.635,160.38,19.5,0
"2026-01-07 11:24:00",4763,1.633,160.15,19.4,0
"2026-01-07 11:30:00",4764,1.63,159.83,19.3,0
"2026-01-07 11:36:00",4765,1.627,159.55,19.2,0
"2026-01-07 11:42:00",4766,1.623,159.16,19.1,0
"2026-01-07 11:48:00",4767,1.617,158.61,19,0
"2026-01-07 11:54:00",4768,1.612,158.05,18.9,0
"2026-01-07 12:00:00",4769,1.607,157.55,18.8,0
"2026-01-07 12:06:00",4770,1.599,156.86,18.8,0
"2026-01-07 12:12:00",4771,1.593,156.18,18.8,0
"2026-01-07 12:18:00",4772,1.584,155.37,18.7,0
"2026-01-07 12:24:00",4773,1.577,154.64,18.7,0
"2026-01-07 12:30:00",4774,1.57,153.94,18.6,0
"2026-01-07 12:36:00",4775,1.556,152.56,18.6,0
"2026-01-07 12:42:00",4776,1.55,152,18.5,0
"2026-01-07 12:48:00",4777,1.541,151.16,18.5,0
"2026-01-07 12:54:00",4778,1.532,150.26,18.4,0
"2026-01-07 13:00:00",4779,1.527,149.76,18.4,0
"2026-01-07 13:06:00",4780,1.525,149.59,18.4,0
"2026-01-07 13:12:00",4781,1.528,149.83,18.4,0
"2026-01-07 13:18:00",4782,1.532,150.21,18.3,0
"2026-01-07 13:24:00",4783,1.533,150.35,18.3,0
"2026-01-07 13:30:00",4784,1.533,150.37,18.3,0
"2026-01-07 13:36:00",4785,1.535,150.54,18.2,0
"2026-01-07 13:42:00",4786,1.538,150.86,18.2,0
"2026-01-07 13:48:00",4787,1.54,151.06,18.2,0
"2026-01-07 13:54:00",4788,1.543,151.33,18.3,0
"2026-01-07 14:00:00",4789,1.547,151.67,18.3,0
"2026-01-07 14:06:00",4790,1.549,151.89,18.3,0
"2026-01-07 14:12:00",4791,1.549,151.92,18.4,0
"2026-01-07 14:18:00",4792,1.548,151.85,18.4,0
"2026-01-07 14:24:00",4793,1.545,151.48,18.4,0
"2026-01-07 14:30:00",4794,1.484,145.55,18.4,0
"2026-01-07 14:36:00",4795,1.457,142.84,18.4,0
"2026-01-07 14:42:00",4796,1.442,141.43,18.3,0
"2026-01-07 14:48:00",4797,1.402,137.48,18.3,0
"2026-01-07 14:54:00",4798,1.308,128.28,18.2,0
"2026-01-07 15:00:00",4799,1.412,138.44,18.2,0
"2026-01-07 15:06:00",4800,1.451,142.34,18.1,0
"2026-01-07 15:12:00",4801,1.5,147.11,18.1,0
"2026-01-07 15:18:00",4802,1.537,150.7,18.1,0
"2026-01-07 15:24:00",4803,1.614,158.3,18.1,0
"2026-01-07 15:30:00",4804,1.597,156.64,18.1,0
"2026-01-07 15:36:00",4805,1.642,161.01,18.1,0
"2026-01-07 15:42:00",4806,1.652,162.03,18.1,0
"2026-01-07 15:48:00",4807,1.656,162.44,18.2,0
"2026-01-07 15:54:00",4808,1.667,163.48,18.2,0
"2026-01-07 16:00:00",4809,1.677,164.45,18.2,0
"2026-01-07 16:06:00",4810,1.682,164.97,18.2,0
"2026-01-07 16:12:00",4811,1.689,165.6,18.2,0
"2026-01-07 16:18:00",4812,1.695,166.27,18.3,0
"2026-01-07 16:24:00",4813,1.701,166.8,18.3,0
"2026-01-07 16:30:00",4814,1.708,167.47,18.3,0
"2026-01-07 16:36:00",4815,1.715,168.23,18.3,0
"2026-01-07 16:42:00",4816,1.723,169.01,18.3,0
"2026-01-07 16:48:00",4817,1.731,169.74,18.3,0
"2026-01-07 16:54:00",4818,1.748,171.45,18.3,0
"2026-01-07 17:00:00",4819,1.755,172.15,18.3,0
"2026-01-07 17:06:00",4820,1.764,172.97,18.3,0
"2026-01-07 17:12:00",4821,1.773,173.87,18.3,0
"2026-01-07 17:18:00",4822,1.78,174.58,18.2,0
"2026-01-07 17:24:00",4823,1.788,175.37,18.2,0
"2026-01-07 17:30:00",4824,1.795,176.06,18.2,0
"2026-01-07 17:36:00",4825,1.798,176.37,18.3,0
"2026-01-07 17:42:00",4826,1.802,176.73,18.4,0
"2026-01-07 17:48:00",4827,1.807,177.2,18.5,0
"2026-01-07 17:54:00",4828,1.813,177.78,18.6,0
"2026-01-07 18:00:00",4829,1.818,178.26,18.8,0
"2026-01-07 18:06:00",4830,1.821,178.63,18.9,0
"2026-01-07 18:12:00",4831,1.824,178.86,19,0
"2026-01-07 18:18:00",4832,1.826,179.09,19.1,0
"2026-01-07 18:24:00",4833,1.831,179.52,19.2,0
"2026-01-07 18:30:00",4834,1.836,180.01,19.3,0
"2026-01-07 18:36:00",4835,1.841,180.52,19.3,0
"2026-01-07 18:42:00",4836,1.845,180.97,19.4,0
"2026-01-07 18:48:00",4837,1.85,181.42,19.5,0
"2026-01-07 18:54:00",4838,1.854,181.86,19.5,0
"2026-01-07 19:00:00",4839,1.857,182.13,19.6,0
"2026-01-07 19:06:00",4840,1.86,182.37,19.6,0
"2026-01-07 19:12:00",4841,1.862,182.62,19.7,0
"2026-01-07 19:18:00",4842,1.863,182.71,19.7,0
"2026-01-07 19:24:00",4843,1.865,182.88,19.8,0
"2026-01-07 19:30:00",4844,1.867,183.09,19.8,0
"2026-01-07 19:36:00",4845,1.869,183.27,19.8,0
"2026-01-07 19:42:00",4846,1.871,183.44,19.9,0
"2026-01-07 19:48:00",4847,1.868,183.17,19.9,0
"2026-01-07 19:54:00",4848,1.864,182.82,19.9,0
"2026-01-07 20:00:00",4849,1.863,182.68,19.9,0
"2026-01-07 20:06:00",4850,1.861,182.51,19.9,0
"2026-01-07 20:12:00",4851,1.858,182.24,20,0
"2026-01-07 20:18:00",4852,1.853,181.72,20,0
"2026-01-07 20:24:00",4853,1.849,181.31,20,0
"2026-01-07 20:30:00",4854,1.847,181.17,20,0
"2026-01-07 20:36:00",4855,1.844,180.87,20,0
"2026-01-07 20:42:00",4856,1.84,180.47,20,0
"2026-01-07 20:48:00",4857,1.834,179.86,20,0
"2026-01-07 20:54:00",4858,1.827,179.15,20,0
"2026-01-07 21:00:00",4859,1.822,178.69,20.1,0
"2026-01-07 21:06:00",4860,1.817,178.24,20.1,0
"2026-01-07 21:12:00",4861,1.811,177.62,20.1,0
"2026-01-07 21:18:00",4862,1.805,176.98,20.1,0
"2026-01-07 21:24:00",4863,1.798,176.36,20.1,0
"2026-01-07 21:30:00",4864,1.792,175.74,20.1,0
"2026-01-07 21:36:00",4865,1.786,175.15,20.1,0
"2026-01-07 21:42:00",4866,1.78,174.54,20.1,0
"2026-01-07 21:48:00",4867,1.772,173.81,20.1,0
"2026-01-07 21:54:00",4868,1.764,173.02,20.1,0
"2026-01-07 22:00:00",4869,1.759,172.53,20.1,0
"2026-01-07 22:06:00",4870,1.757,172.31,20.1,0
"2026-01-07 22:12:00",4871,1.752,171.77,20.1,0
"2026-01-07 22:18:00",4872,1.743,170.96,20.2,0
"2026-01-07 22:24:00",4873,1.737,170.36,20.2,0
"2026-01-07 22:30:00",4874,1.732,169.82,20.1,0
"2026-01-07 22:36:00",4875,1.726,169.3,20.1,0
"2026-01-07 22:42:00",4876,1.721,168.77,20.1,0
"2026-01-07 22:48:00",4877,1.715,168.15,20.1,0
"2026-01-07 22:54:00",4878,1.711,167.75,20.1,0
"2026-01-07 23:00:00",4879,1.706,167.3,20.1,0
"2026-01-07 23:06:00",4880,1.699,166.59,20.1,0
"2026-01-07 23:12:00",4881,1.692,165.91,20.1,0
"2026-01-07 23:18:00",4882,1.683,165.07,20.1,0
"2026-01-07 23:24:00",4883,1.676,164.36,20.1,0
"2026-01-07 23:30:00",4884,1.671,163.84,20.1,0
"2026-01-07 23:36:00",4885,1.663,163.06,20.1,0
"2026-01-07 23:42:00",4886,1.654,162.24,20.1,0
"2026-01-07 23:48:00",4887,1.648,161.57,20.1,0
"2026-01-07 23:54:00",4888,1.641,160.9,20.1,0
"2026-01-08 00:00:00",4889,1.634,160.28,20.1,0
"2026-01-08 00:06:00",4890,1.626,159.48,20.1,0
"2026-01-08 00:12:00",4891,1.616,158.47,20.1,0
"2026-01-08 00:18:00",4892,1.609,157.8,20,0
"2026-01-08 00:24:00",4893,1.604,157.32,20,0
"2026-01-08 00:30:00",4894,1.6,156.88,20,0
"2026-01-08 00:36:00",4895,1.595,156.42,20,0
"2026-01-08 00:42:00",4896,1.588,155.72,20,0
"2026-01-08 00:48:00",4897,1.585,155.46,20,0
"2026-01-08 00:54:00",4898,1.586,155.58,20,0
"2026-01-08 01:00:00",4899,1.582,155.11,20,0
"2026-01-08 01:06:00",4900,1.572,154.13,20,0
"2026-01-08 01:12:00",4901,1.565,153.48,20,0
"2026-01-08 01:18:00",4902,1.56,152.97,20,0
"2026-01-08 01:24:00",4903,1.557,152.74,20,0
"2026-01-08 01:30:00",4904,1.553,152.34,20,0
"2026-01-08 01:36:00",4905,1.544,151.42,20,0
"2026-01-08 01:42:00",4906,1.541,151.1,20,0
"2026-01-08 01:48:00",4907,1.539,150.91,20.1,0
"2026-01-08 01:54:00",4908,1.535,150.55,20.1,0
"2026-01-08 02:00:00",4909,1.533,150.32,20.1,0
"2026-01-08 02:06:00",4910,1.528,149.86,20.1,0
"2026-01-08 02:12:00",4911,1.528,149.83,20.2,0
"2026-01-08 02:18:00",4912,1.533,150.35,20.2,0
"2026-01-08 02:24:00",4913,1.536,150.62,20.2,0
"2026-01-08 02:30:00",4914,1.539,150.91,20.2,0
"2026-01-08 02:36:00",4915,1.541,151.17,20.2,0
"2026-01-08 02:42:00",4916,1.545,151.52,20.1,0
"2026-01-08 02:48:00",4917,1.551,152.15,20.1,0
"2026-01-08 02:54:00",4918,1.557,152.72,20.1,0
"2026-01-08 03:00:00",4919,1.56,152.94,20,0
"2026-01-08 03:06:00",4920,1.562,153.17,20,0
"2026-01-08 03:12:00",4921,1.565,153.52,20,0
"2026-01-08 03:18:00",4922,1.567,153.64,20,0
"2026-01-08 03:24:00",4923,1.568,153.75,19.9,0
"2026-01-08 03:30:00",4924,1.569,153.9,19.9,0
"2026-01-08 03:36:00",4925,1.572,154.13,19.9,0
"2026-01-08 03:42:00",4926,1.576,154.6,19.9,0
"2026-01-08 03:48:00",4927,1.584,155.33,19.9,0
"2026-01-08 03:54:00",4928,1.591,156.03,19.9,0
"2026-01-08 04:00:00",4929,1.599,156.83,19.9,0
"2026-01-08 04:06:00",4930,1.608,157.67,19.9,0
"2026-01-08 04:12:00",4931,1.618,158.63,20,0
"2026-01-08 04:18:00",4932,1.634,160.21,20,0
"2026-01-08 04:24:00",4933,1.638,160.63,20.1,0
"2026-01-08 04:30:00",4934,1.644,161.23,20.1,0
"2026-01-08 04:36:00",4935,1.654,162.2,20.1,0
"2026-01-08 04:42:00",4936,1.662,162.97,20.1,0
"2026-01-08 04:48:00",4937,1.668,163.56,20.1,0
"2026-01-08 04:54:00",4938,1.672,163.96,20.2,0
"2026-01-08 05:00:00",4939,1.675,164.26,20.2,0
"2026-01-08 05:06:00",4940,1.682,164.92,20.2,0
"2026-01-08 05:12:00",4941,1.687,165.48,20.2,0
"2026-01-08 05:18:00",4942,1.691,165.8,20.2,0
"2026-01-08 05:24:00",4943,1.694,166.13,20.2,0
"2026-01-08 05:30:00",4944,1.699,166.61,20.2,0
"2026-01-08 05:36:00",4945,1.707,167.39,20.2,0
"2026-01-08 05:42:00",4946,1.714,168.13,20.2,0
"2026-01-08 05:48:00",4947,1.721,168.75,20.2,0
"2026-01-08 05:54:00",4948,1.729,169.56,20.2,0
"2026-01-08 06:00:00",4949,1.739,170.55,20.2,0
"2026-01-08 06:06:00",4950,1.748,171.44,20.2,0
"2026-01-08 06:12:00",4951,1.755,172.14,20.2,0
"2026-01-08 06:18:00",4952,1.762,172.77,20.2,0
"2026-01-08 06:24:00",4953,1.769,173.47,20.2,0
"2026-01-08 06:30:00",4954,1.774,174,20.2,0
"2026-01-08 06:36:00",4955,1.777,174.31,20.2,0
"2026-01-08 06:42:00",4956,1.781,174.69,20.2,0
"2026-01-08 06:48:00",4957,1.785,175.1,20.2,0
"2026-01-08 06:54:00",4958,1.788,175.38,20.2,0
"2026-01-08 07:00:00",4959,1.792,175.71,20.2,0
"2026-01-08 07:06:00",4960,1.795,176.02,20.2,0
"2026-01-08 07:12:00",4961,1.797,176.24,20.2,0
"2026-01-08 07:18:00",4962,1.8,176.55,20.2,0
"2026-01-08 07:24:00",4963,1.804,176.87,20.2,0
"2026-01-08 07:30:00",4964,1.807,177.25,20.1,0
"2026-01-08 07:36:00",4965,1.81,177.51,20.1,0
"2026-01-08 07:42:00",4966,1.812,177.7,20.1,0
"2026-01-08 07:48:00",4967,1.816,178.06,20.1,0
"2026-01-08 07:54:00",4968,1.817,178.24,20.1,0
"2026-01-08 08:00:00",4969,1.818,178.32,20.1,0
"2026-01-08 08:06:00",4970,1.819,178.4,20.1,0
"2026-01-08 08:12:00",4971,1.819,178.38,20.1,0
"2026-01-08 08:18:00",4972,1.819,178.34,20.1,0
"2026-01-08 08:24:00",4973,1.817,178.22,20.1,0
"2026-01-08 08:30:00",4974,1.815,178.01,20.1,0
"2026-01-08 08:36:00",4975,1.813,177.83,20,0
"2026-01-08 08:42:00",4976,1.81,177.52,20,0
"2026-01-08 08:48:00",4977,1.805,177,20,0
"2026-01-08 08:54:00",4978,1.799,176.47,20,0
"2026-01-08 09:00:00",4979,1.795,176.05,20,0
"2026-01-08 09:06:00",4980,1.792,175.72,20.1,0
"2026-01-08 09:12:00",4981,1.788,175.35,20.1,0
"2026-01-08 09:18:00",4982,1.784,174.99,20.1,0
"2026-01-08 09:24:00",4983,1.782,174.71,20.2,0
"2026-01-08 09:30:00",4984,1.777,174.24,20.2,0
"2026-01-08 09:36:00",4985,1.772,173.76,20.2,0
"2026-01-08 09:42:00",4986,1.768,173.37,20.2,0
"2026-01-08 09:48:00",4987,1.763,172.89,20.2,0
"2026-01-08 09:54:00",4988,1.758,172.45,20.2,0
"2026-01-08 10:00:00",4989,1.754,171.97,20.2,0
"2026-01-08 10:06:00",4990,1.749,171.53,20.2,0
"2026-01-08 10:12:00",4991,1.745,171.14,20.1,0
"2026-01-08 10:18:00",4992,1.737,170.38,20.1,0
"2026-01-08 10:24:00",4993,1.728,169.49,19.9,0
"2026-01-08 10:30:00",4994,1.721,168.78,19.8,0
"2026-01-08 10:36:00",4995,1.715,168.14,19.6,0
"2026-01-08 10:42:00",4996,1.709,167.63,19.5,0
"2026-01-08 10:48:00",4997,1.703,166.99,19.3,0
"2026-01-08 10:54:00",4998,1.695,166.26,19.2,0
"2026-01-08 11:00:00",4999,1.689,165.66,19.1,0
"2026-01-08 11:06:00",5000,1.683,165.08,19,0
"2026-01-08 11:12:00",5001,1.677,164.46,18.9,0
"2026-01-08 11:18:00",5002,1.67,163.73,18.9,0
"2026-01-08 11:24:00",5003,1.662,162.97,18.8,0
"2026-01-08 11:30:00",5004,1.656,162.45,18.8,0
"2026-01-08 11:36:00",5005,1.653,162.06,18.8,0
"2026-01-08 11:42:00",5006,1.646,161.46,18.8,0
"2026-01-08 11:48:00",5007,1.64,160.85,18.8,0
"2026-01-08 11:54:00",5008,1.634,160.29,18.8,0
"2026-01-08 12:00:00",5009,1.629,159.75,18.8,0
"2026-01-08 12:06:00",5010,1.624,159.24,18.8,0
"2026-01-08 12:12:00",5011,1.617,158.6,18.8,0
"2026-01-08 12:18:00",5012,1.611,157.95,18.8,0
"2026-01-08 12:24:00",5013,1.605,157.41,18.8,0
"2026-01-08 12:30:00",5014,1.6,156.9,18.9,0
"2026-01-08 12:36:00",5015,1.595,156.38,18.9,0
"2026-01-08 12:42:00",5016,1.589,155.82,18.9,0
"2026-01-08 12:48:00",5017,1.582,155.16,19,0
"2026-01-08 12:54:00",5018,1.576,154.52,19,0
"2026-01-08 13:00:00",5019,1.569,153.84,19,0
"2026-01-08 13:06:00",5020,1.561,153.1,19,0
"2026-01-08 13:12:00",5021,1.555,152.47,19,0
"2026-01-08 13:18:00",5022,1.549,151.9,18.9,0
"2026-01-08 13:24:00",5023,1.543,151.35,18.8,0
"2026-01-08 13:30:00",5024,1.539,150.91,18.8,0
"2026-01-08 13:36:00",5025,1.534,150.45,18.7,0
"2026-01-08 13:42:00",5026,1.53,150.01,18.6,0
"2026-01-08 13:48:00",5027,1.526,149.67,18.5,0
"2026-01-08 13:54:00",5028,1.522,149.26,18.4,0
"2026-01-08 14:00:00",5029,1.518,148.83,18.3,0
"2026-01-08 14:06:00",5030,1.515,148.55,18.3,0
"2026-01-08 14:12:00",5031,1.513,148.38,18.3,0
"2026-01-08 14:18:00",5032,1.512,148.24,18.2,0
"2026-01-08 14:24:00",5033,1.51,148.11,18.2,0
"2026-01-08 14:30:00",5034,1.508,147.9,18.2,0
"2026-01-08 14:36:00",5035,1.507,147.79,18.2,0
"2026-01-08 14:42:00",5036,1.507,147.76,18.2,0
"2026-01-08 14:48:00",5037,1.506,147.68,18.2,0
"2026-01-08 14:54:00",5038,1.505,147.63,18.2,0
"2026-01-08 15:00:00",5039,1.506,147.7,18.3,0
"2026-01-08 15:06:00",5040,1.508,147.91,18.4,0
"2026-01-08 15:12:00",5041,1.511,148.22,18.5,0
"2026-01-08 15:18:00",5042,1.514,148.52,18.7,0
"2026-01-08 15:24:00",5043,1.518,148.84,18.8,0
"2026-01-08 15:30:00",5044,1.521,149.16,18.9,0
"2026-01-08 15:36:00",5045,1.525,149.52,19,0
"2026-01-08 15:42:00",5046,1.53,150.02,19.1,0
"2026-01-08 15:48:00",5047,1.534,150.48,19.2,0
"2026-01-08 15:54:00",5048,1.539,150.96,19.3,0
"2026-01-08 16:00:00",5049,1.544,151.4,19.4,0
"2026-01-08 16:06:00",5050,1.55,151.98,19.5,0
"2026-01-08 16:12:00",5051,1.557,152.7,19.6,0
"2026-01-08 16:18:00",5052,1.562,153.22,19.6,0
"2026-01-08 16:24:00",5053,1.567,153.66,19.7,0
"2026-01-08 16:30:00",5054,1.573,154.26,19.7,0
"2026-01-08 16:36:00",5055,1.58,154.94,19.8,0
"2026-01-08 16:42:00",5056,1.588,155.69,19.9,0
"2026-01-08 16:48:00",5057,1.595,156.42,19.9,0
"2026-01-08 16:54:00",5058,1.601,157.03,19.9,0
"2026-01-08 17:00:00",5059,1.608,157.74,20,0
"2026-01-08 17:06:00",5060,1.615,158.41,20,0
"2026-01-08 17:12:00",5061,1.622,159.07,20,0
"2026-01-08 17:18:00",5062,1.629,159.72,20.1,0
"2026-01-08 17:24:00",5063,1.634,160.27,20.1,0
"2026-01-08 17:30:00",5064,1.64,160.85,20.1,0
"2026-01-08 17:36:00",5065,1.646,161.39,20.1,0
"2026-01-08 17:42:00",5066,1.651,161.93,20.2,0
"2026-01-08 17:48:00",5067,1.656,162.44,20.2,0
"2026-01-08 17:54:00",5068,1.661,162.91,20.2,0
"2026-01-08 18:00:00",5069,1.665,163.3,20.2,0
"2026-01-08 18:06:00",5070,1.669,163.71,20.2,0
"2026-01-08 18:12:00",5071,1.621,158.93,20.2,0
"2026-01-08 18:18:00",5072,1.296,127.09,20.2,0
"2026-01-08 18:24:00",5073,1.533,150.38,20.2,0
"2026-01-08 18:30:00",5074,1.606,157.49,20.2,0
"2026-01-08 18:36:00",5075,1.645,161.3,20.2,0
"2026-01-08 18:42:00",5076,1.671,163.9,20.2,0
"2026-01-08 18:48:00",5077,1.665,163.3,20.2,0
"2026-01-08 18:54:00",5078,1.717,168.34,20.2,0
"2026-01-08 19:00:00",5079,1.73,169.68,20.2,0
"2026-01-08 19:06:00",5080,1.731,169.74,20.2,0
"2026-01-08 19:12:00",5081,1.734,170.1,20.2,0
"2026-01-08 19:18:00",5082,1.736,170.24,20.2,0
"2026-01-08 19:24:00",5083,1.732,169.83,20.2,0
"2026-01-08 19:30:00",5084,1.744,171.07,20.2,0
"2026-01-08 19:36:00",5085,1.74,170.61,20.2,0
"2026-01-08 19:42:00",5086,1.742,170.82,20.2,0
"2026-01-08 19:48:00",5087,1.751,171.69,20.2,0
"2026-01-08 19:54:00",5088,1.749,171.55,20.2,0
"2026-01-08 20:00:00",5089,1.705,167.21,20.2,0
"2026-01-08 20:06:00",5090,1.668,163.61,20.2,0
"2026-01-08 20:12:00",5091,1.703,166.99,20.2,0
"2026-01-08 20:18:00",5092,1.656,162.45,20.2,0
"2026-01-08 20:24:00",5093,1.659,162.7,20.2,0
"2026-01-08 20:30:00",5094,1.663,163.08,20.2,0
"2026-01-08 20:36:00",5095,1.629,159.73,20.2,0
"2026-01-08 20:42:00",5096,1.601,156.98,20.2,0
"2026-01-08 20:48:00",5097,1.738,170.4,20.2,0
"2026-01-08 20:54:00",5098,1.749,171.5,20.2,0
"2026-01-08 21:00:00",5099,1.746,171.2,20.2,0
"2026-01-08 21:06:00",5100,1.739,170.57,20.1,0
"2026-01-08 21:12:00",5101,1.742,170.79,20.1,0
"2026-01-08 21:18:00",5102,1.736,170.22,20.1,0
"2026-01-08 21:24:00",5103,1.725,169.16,20.1,0
"2026-01-08 21:30:00",5104,1.724,169.07,20.1,0
"2026-01-08 21:36:00",5105,1.722,168.9,20.1,0
"2026-01-08 21:42:00",5106,1.634,160.28,20.1,0
"2026-01-08 21:48:00",5107,1.62,158.83,20.1,0
"2026-01-08 21:54:00",5108,1.608,157.67,20.1,0
"2026-01-08 22:00:00",5109,1.597,156.66,20.1,0
"2026-01-08 22:06:00",5110,1.508,147.93,20.1,0
"2026-01-08 22:12:00",5111,1.5,147.07,20.1,0
"2026-01-08 22:18:00",5112,1.731,169.72,20.1,0
"2026-01-08 22:24:00",5113,1.667,163.44,20.1,0
"2026-01-08 22:30:00",5114,1.665,163.26,20.1,0
"2026-01-08 22:36:00",5115,1.667,163.49,20.1,0
"2026-01-08 22:42:00",5116,1.659,162.66,20.1,0
"2026-01-08 22:48:00",5117,1.652,162.04,20.1,0
"2026-01-08 22:54:00",5118,1.651,161.91,20.1,0
"2026-01-08 23:00:00",5119,1.645,161.28,20.1,0
"2026-01-08 23:06:00",5120,1.629,159.75,20,0
"2026-01-08 23:12:00",5121,1.609,157.84,20,0
"2026-01-08 23:18:00",5122,1.54,150.99,20,0
"2026-01-08 23:24:00",5123,1.528,149.82,20,0
"2026-01-08 23:30:00",5124,1.546,151.59,20,0
"2026-01-08 23:36:00",5125,1.595,156.41,20.1,0
"2026-01-08 23:42:00",5126,1.594,156.31,20.1,0
"2026-01-08 23:48:00",5127,1.586,155.52,20.1,0
"2026-01-08 23:54:00",5128,1.585,155.47,20.1,0
"2026-01-09 00:00:00",5129,1.583,155.24,20.1,0
"2026-01-09 00:06:00",5130,1.58,154.96,20.1,0
"2026-01-09 00:12:00",5131,1.575,154.48,20.1,0
"2026-01-09 00:18:00",5132,1.572,154.12,20.1,0
"2026-01-09 00:24:00",5133,1.568,153.79,20.1,0
"2026-01-09 00:30:00",5134,1.561,153.06,20.1,0
"2026-01-09 00:36:00",5135,1.553,152.32,20.1,0
"2026-01-09 00:42:00",5136,1.547,151.72,20.1,0
"2026-01-09 00:48:00",5137,1.534,150.41,20.1,0
"2026-01-09 00:54:00",5138,1.529,149.93,20.1,0
"2026-01-09 01:00:00",5139,1.523,149.36,20.1,0
"2026-01-09 01:06:00",5140,1.514,148.48,20.1,0
"2026-01-09 01:12:00",5141,1.505,147.64,20.1,0
"2026-01-09 01:18:00",5142,1.499,146.96,20,0
"2026-01-09 01:24:00",5143,1.493,146.45,20,0
"2026-01-09 01:30:00",5144,1.491,146.22,20.1,0
"2026-01-09 01:36:00",5145,1.486,145.73,20.1,0
"2026-01-09 01:42:00",5146,1.481,145.28,20.1,0
"2026-01-09 01:48:00",5147,1.481,145.22,20.1,0
"2026-01-09 01:54:00",5148,1.477,144.89,20.1,0
"2026-01-09 02:00:00",5149,1.474,144.58,20.1,0
"2026-01-09 02:06:00",5150,1.472,144.33,20.1,0
"2026-01-09 02:12:00",5151,1.466,143.79,20.1,0
"2026-01-09 02:18:00",5152,1.46,143.14,20.1,0
"2026-01-09 02:24:00",5153,1.453,142.52,20.1,0
"2026-01-09 02:30:00",5154,1.445,141.74,20.1,0
"2026-01-09 02:36:00",5155,1.439,141.12,20.1,0
"2026-01-09 02:42:00",5156,1.435,140.72,20.1,0
"2026-01-09 02:48:00",5157,1.432,140.42,20.1,0
"2026-01-09 02:54:00",5158,1.432,140.47,20.1,0
"2026-01-09 03:00:00",5159,1.434,140.65,20.1,0
"2026-01-09 03:06:00",5160,1.433,140.49,20.1,0
"2026-01-09 03:12:00",5161,1.428,140,20.1,0
"2026-01-09 03:18:00",5162,1.434,140.66,20.1,0
"2026-01-09 03:24:00",5163,1.438,141.03,20.1,0
"2026-01-09 03:30:00",5164,1.443,141.49,20.1,0
"2026-01-09 03:36:00",5165,1.446,141.8,20.1,0
"2026-01-09 03:42:00",5166,1.449,142.07,20.1,0
"2026-01-09 03:48:00",5167,1.452,142.44,20.1,0
"2026-01-09 03:54:00",5168,1.458,142.94,20.1,0
"2026-01-09 04:00:00",5169,1.463,143.5,20.1,0
"2026-01-09 04:06:00",5170,1.469,144.03,20.1,0
"2026-01-09 04:12:00",5171,1.474,144.52,20.1,0
"2026-01-09 04:18:00",5172,1.48,145.16,20.1,0
"2026-01-09 04:24:00",5173,1.489,146.06,20.1,0
"2026-01-09 04:30:00",5174,1.498,146.94,20.1,0
"2026-01-09 04:36:00",5175,1.504,147.45,20.1,0
"2026-01-09 04:42:00",5176,1.508,147.93,20.1,0
"2026-01-09 04:48:00",5177,1.515,148.62,20,0
"2026-01-09 04:54:00",5178,1.523,149.36,20,0
"2026-01-09 05:00:00",5179,1.528,149.88,20,0
"2026-01-09 05:06:00",5180,1.533,150.34,20.1,0
"2026-01-09 05:12:00",5181,1.539,150.88,20.1,0
"2026-01-09 05:18:00",5182,1.543,151.33,20,0
"2026-01-09 05:24:00",5183,1.546,151.64,20,0
"2026-01-09 05:30:00",5184,1.55,151.99,20,0
"2026-01-09 05:36:00",5185,1.543,151.32,20,0
"2026-01-09 05:42:00",5186,1.465,143.71,20,0
"2026-01-09 05:48:00",5187,1.504,147.5,20,0
"2026-01-09 05:54:00",5188,1.537,150.78,20,0
"2026-01-09 06:00:00",5189,1.533,150.38,20,0
"2026-01-09 06:06:00",5190,1.581,155.02,20.1,0
"2026-01-09 06:12:00",5191,1.575,154.45,20.1,0
"2026-01-09 06:18:00",5192,1.578,154.72,20.1,0
"2026-01-09 06:24:00",5193,1.596,156.49,20.1,0
"2026-01-09 06:30:00",5194,1.616,158.47,20.1,0
"2026-01-09 06:36:00",5195,1.621,158.93,20.1,0
"2026-01-09 06:42:00",5196,1.622,159.02,20.1,0
"2026-01-09 06:48:00",5197,1.626,159.44,20,0
"2026-01-09 06:54:00",5198,1.647,161.51,20,0
"2026-01-09 07:00:00",5199,1.64,160.82,20,0
"2026-01-09 07:06:00",5200,1.639,160.73,20,0
"2026-01-09 07:12:00",5201,1.653,162.11,20,0
"2026-01-09 07:18:00",5202,1.629,159.77,20,0
"2026-01-09 07:24:00",5203,1.652,162.01,20.1,0
"2026-01-09 07:30:00",5204,1.655,162.33,20.1,0
"2026-01-09 07:36:00",5205,1.657,162.54,20.2,0
"2026-01-09 07:42:00",5206,1.643,161.1,20.2,0
"2026-01-09 07:48:00",5207,1.694,166.11,20.2,0
"2026-01-09 07:54:00",5208,1.706,167.29,20.2,0
"2026-01-09 08:00:00",5209,1.714,168.07,20.3,0
"2026-01-09 08:06:00",5210,1.718,168.49,20.3,0
"2026-01-09 08:12:00",5211,1.724,169.05,20.4,0
"2026-01-09 08:18:00",5212,1.73,169.7,20.4,0
"2026-01-09 08:24:00",5213,1.736,170.26,20.3,0
"2026-01-09 08:30:00",5214,1.74,170.65,20.3,0
"2026-01-09 08:36:00",5215,1.739,170.59,20.3,0
"2026-01-09 08:42:00",5216,1.738,170.46,20.2,0
"2026-01-09 08:48:00",5217,1.737,170.38,20.2,0
"2026-01-09 08:54:00",5218,1.735,170.18,20.2,0
"2026-01-09 09:00:00",5219,1.734,170.03,20.2,0
"2026-01-09 09:06:00",5220,1.736,170.2,20.2,0
"2026-01-09 09:12:00",5221,1.738,170.4,20.2,0
"2026-01-09 09:18:00",5222,1.733,169.99,20.2,0
"2026-01-09 09:24:00",5223,1.728,169.51,20.2,0
"2026-01-09 09:30:00",5224,1.73,169.7,20,0
"2026-01-09 09:36:00",5225,1.733,169.95,19.9,0
"2026-01-09 09:42:00",5226,1.734,170.04,19.7,0
"2026-01-09 09:48:00",5227,1.733,169.96,19.6,0
"2026-01-09 09:54:00",5228,1.736,170.2,19.6,0
"2026-01-09 10:00:00",5229,1.74,170.61,19.6,0
"2026-01-09 10:06:00",5230,1.738,170.42,19.7,0
"2026-01-09 10:12:00",5231,1.735,170.15,19.7,0
"2026-01-09 10:18:00",5232,1.732,169.86,19.7,0
"2026-01-09 10:24:00",5233,1.727,169.41,19.8,0
"2026-01-09 10:30:00",5234,1.722,168.88,19.9,0
"2026-01-09 10:36:00",5235,1.716,168.24,19.9,0
"2026-01-09 10:42:00",5236,1.706,167.33,20,0
"2026-01-09 10:48:00",5237,1.697,166.39,20,0
"2026-01-09 10:54:00",5238,1.691,165.81,20.1,0
"2026-01-09 11:00:00",5239,1.687,165.41,20.1,0
"2026-01-09 11:06:00",5240,1.681,164.9,20.2,0
"2026-01-09 11:12:00",5241,1.675,164.22,20.2,0
"2026-01-09 11:18:00",5242,1.672,163.94,20.3,0
"2026-01-09 11:24:00",5243,1.673,164.06,20.3,0
"2026-01-09 11:30:00",5244,1.672,163.94,20.3,0
"2026-01-09 11:36:00",5245,1.67,163.8,20.4,0
"2026-01-09 11:42:00",5246,1.672,163.95,20.4,0
"2026-01-09 11:48:00",5247,1.671,163.89,20.5,0
"2026-01-09 11:54:00",5248,1.669,163.7,20.5,0
"2026-01-09 12:00:00",5249,1.666,163.39,20.5,0
"2026-01-09 12:06:00",5250,1.659,162.73,20.6,0
"2026-01-09 12:12:00",5251,1.651,161.91,20.6,0
"2026-01-09 12:18:00",5252,1.644,161.18,20.6,0
"2026-01-09 12:24:00",5253,1.636,160.45,20.6,0
"2026-01-09 12:30:00",5254,1.627,159.55,20.7,0
"2026-01-09 12:36:00",5255,1.619,158.77,20.7,0
"2026-01-09 12:42:00",5256,1.613,158.23,20.7,0
"2026-01-09 12:48:00",5257,1.61,157.87,20.7,0
"2026-01-09 12:54:00",5258,1.606,157.53,20.8,0
"2026-01-09 13:00:00",5259,1.605,157.44,20.8,0
"2026-01-09 13:06:00",5260,1.607,157.57,20.8,0
"2026-01-09 13:12:00",5261,1.606,157.52,20.8,0
"2026-01-09 13:18:00",5262,1.604,157.26,20.8,0
"2026-01-09 13:24:00",5263,1.6,156.87,20.9,0
"2026-01-09 13:30:00",5264,1.571,154.05,20.9,0
"2026-01-09 13:36:00",5265,1.571,154.07,20.9,0
"2026-01-09 13:42:00",5266,1.507,147.75,20.9,0
"2026-01-09 13:48:00",5267,1.573,154.24,20.9,0
"2026-01-09 13:54:00",5268,1.575,154.5,20.9,0
"2026-01-09 14:00:00",5269,1.573,154.25,20.9,0
"2026-01-09 14:06:00",5270,1.568,153.73,20.9,0
"2026-01-09 14:12:00",5271,1.562,153.19,21,0
"2026-01-09 14:18:00",5272,1.555,152.5,21,0
"2026-01-09 14:24:00",5273,1.55,151.99,21,0
"2026-01-09 14:30:00",5274,1.547,151.69,21,0
"2026-01-09 14:36:00",5275,1.545,151.53,21,0
"2026-01-09 14:42:00",5276,1.547,151.67,21,0
"2026-01-09 14:48:00",5277,1.551,152.09,21,0
"2026-01-09 14:54:00",5278,1.553,152.34,21,0
"2026-01-09 15:00:00",5279,1.554,152.39,21,0
"2026-01-09 15:06:00",5280,1.555,152.5,21,0
"2026-01-09 15:12:00",5281,1.556,152.61,21,0
"2026-01-09 15:18:00",5282,1.555,152.5,21,0
"2026-01-09 15:24:00",5283,1.555,152.46,21,0
"2026-01-09 15:30:00",5284,1.555,152.51,21,0
"2026-01-09 15:36:00",5285,1.554,152.44,21,0
"2026-01-09 15:42:00",5286,1.554,152.44,21.1,0
"2026-01-09 15:48:00",5287,1.555,152.48,21.1,0
"2026-01-09 15:54:00",5288,1.555,152.47,21.1,0
"2026-01-09 16:00:00",5289,1.556,152.59,21.1,0
"2026-01-09 16:06:00",5290,1.558,152.75,21.1,0
"2026-01-09 16:12:00",5291,1.562,153.19,21.1,0
"2026-01-09 16:18:00",5292,1.569,153.86,21.1,0
"2026-01-09 16:24:00",5293,1.575,154.41,21.1,0
"2026-01-09 16:30:00",5294,1.581,155.01,21.1,0
"2026-01-09 16:36:00",5295,1.587,155.68,21.1,0
"2026-01-09 16:42:00",5296,1.594,156.35,21.1,0
"2026-01-09 16:48:00",5297,1.602,157.11,21.1,0
"2026-01-09 16:54:00",5298,1.61,157.85,21.1,0
"2026-01-09 17:00:00",5299,1.614,158.27,21.1,0
"2026-01-09 17:06:00",5300,1.618,158.64,21.1,0
"2026-01-09 17:12:00",5301,1.622,159.08,21.1,0
"2026-01-09 17:18:00",5302,1.628,159.62,21.1,0
"2026-01-09 17:24:00",5303,1.633,160.19,21.1,0
"2026-01-09 17:30:00",5304,1.636,160.44,21.1,0
"2026-01-09 17:36:00",5305,1.639,160.74,21.1,0
"2026-01-09 17:42:00",5306,1.646,161.38,21.1,0
"2026-01-09 17:48:00",5307,1.651,161.92,21.1,0
"2026-01-09 17:54:00",5308,1.657,162.52,21.1,0
"2026-01-09 18:00:00",5309,1.666,163.38,21.1,0
"2026-01-09 18:06:00",5310,1.674,164.17,21.1,0
"2026-01-09 18:12:00",5311,1.685,165.22,21.1,0
"2026-01-09 18:18:00",5312,1.695,166.24,21.1,0
"2026-01-09 18:24:00",5313,1.7,166.73,21.1,0
"2026-01-09 18:30:00",5314,1.706,167.26,21.1,0
"2026-01-09 18:36:00",5315,1.713,167.99,21.1,0
"2026-01-09 18:42:00",5316,1.721,168.79,21.1,0
"2026-01-09 18:48:00",5317,1.728,169.45,21.1,0
"2026-01-09 18:54:00",5318,1.731,169.78,21.1,0
"2026-01-09 19:00:00",5319,1.737,170.33,21.1,0
"2026-01-09 19:06:00",5320,1.743,170.92,21.1,0
"2026-01-09 19:12:00",5321,1.745,171.13,21.1,0
"2026-01-09 19:18:00",5322,1.746,171.2,21.1,0
"2026-01-09 19:24:00",5323,1.747,171.34,21.1,0
"2026-01-09 19:30:00",5324,1.751,171.7,21.1,0
"2026-01-09 19:36:00",5325,1.757,172.27,21.1,0
"2026-01-09 19:42:00",5326,1.76,172.61,21.1,0
"2026-01-09 19:48:00",5327,1.762,172.77,21.1,0
"2026-01-09 19:54:00",5328,1.766,173.18,21.1,0
"2026-01-09 20:00:00",5329,1.772,173.74,21.1,0
"2026-01-09 20:06:00",5330,1.777,174.29,21.1,0
"2026-01-09 20:12:00",5331,1.783,174.86,21.1,0
"2026-01-09 20:18:00",5332,1.789,175.44,21.1,0
"2026-01-09 20:24:00",5333,1.796,176.17,21.1,0
"2026-01-09 20:30:00",5334,1.805,176.97,21.1,0
"2026-01-09 20:36:00",5335,1.809,177.39,21.1,0
"2026-01-09 20:42:00",5336,1.813,177.79,21.1,0
"2026-01-09 20:48:00",5337,1.814,177.9,21.1,0
"2026-01-09 20:54:00",5338,1.813,177.75,21.1,0
"2026-01-09 21:00:00",5339,1.811,177.6,21.1,0
"2026-01-09 21:06:00",5340,1.805,177.01,21.1,0
"2026-01-09 21:12:00",5341,1.8,176.5,21.1,0
"2026-01-09 21:18:00",5342,1.794,175.93,21.1,0
"2026-01-09 21:24:00",5343,1.787,175.24,21.1,0
"2026-01-09 21:30:00",5344,1.782,174.78,21.1,0
"2026-01-09 21:36:00",5345,1.778,174.35,21.1,0
"2026-01-09 21:42:00",5346,1.775,174.05,21.1,0
"2026-01-09 21:48:00",5347,1.776,174.19,21.1,0
"2026-01-09 21:54:00",5348,1.779,174.48,21.1,0
"2026-01-09 22:00:00",5349,1.782,174.8,21.1,0
"2026-01-09 22:06:00",5350,1.787,175.21,21.1,0
"2026-01-09 22:12:00",5351,1.788,175.33,21.1,0
"2026-01-09 22:18:00",5352,1.789,175.42,21.2,0
"2026-01-09 22:24:00",5353,1.789,175.4,21.2,0
"2026-01-09 22:30:00",5354,1.785,175.05,21.2,0
"2026-01-09 22:36:00",5355,1.781,174.62,21.2,0
"2026-01-09 22:42:00",5356,1.768,173.35,21.2,0
"2026-01-09 22:48:00",5357,1.758,172.42,21.2,0
"2026-01-09 22:54:00",5358,1.748,171.45,21.2,0
"2026-01-09 23:00:00",5359,1.735,170.19,21.2,0
"2026-01-09 23:06:00",5360,1.724,169.04,21.2,0
"2026-01-09 23:12:00",5361,1.713,167.96,21.2,0
"2026-01-09 23:18:00",5362,1.702,166.95,21.2,0
"2026-01-09 23:24:00",5363,1.695,166.27,21.3,0
"2026-01-09 23:30:00",5364,1.691,165.88,21.3,0
"2026-01-09 23:36:00",5365,1.686,165.39,21.3,0
"2026-01-09 23:42:00",5366,1.683,165.08,21.3,0
"2026-01-09 23:48:00",5367,1.683,165.01,21.3,0
"2026-01-09 23:54:00",5368,1.682,164.91,21.3,0
"2026-01-10 00:00:00",5369,1.68,164.8,21.3,0
"2026-01-10 00:06:00",5370,1.678,164.55,21.3,0
"2026-01-10 00:12:00",5371,1.675,164.31,21.3,0
"2026-01-10 00:18:00",5372,1.671,163.92,21.3,0
"2026-01-10 00:24:00",5373,1.666,163.35,21.3,0
"2026-01-10 00:30:00",5374,1.659,162.74,21.3,0
"2026-01-10 00:36:00",5375,1.651,161.93,21.3,0
"2026-01-10 00:42:00",5376,1.642,161,21.3,0
"2026-01-10 00:48:00",5377,1.633,160.14,21.3,0
"2026-01-10 00:54:00",5378,1.623,159.13,21.4,0
"2026-01-10 01:00:00",5379,1.611,158.02,21.4,0
"2026-01-10 01:06:00",5380,1.602,157.15,21.4,0
"2026-01-10 01:12:00",5381,1.593,156.22,21.4,0
"2026-01-10 01:18:00",5382,1.585,155.39,21.4,0
"2026-01-10 01:24:00",5383,1.579,154.89,21.4,0
"2026-01-10 01:30:00",5384,1.575,154.44,21.4,0
"2026-01-10 01:36:00",5385,1.57,153.97,21.4,0
"2026-01-10 01:42:00",5386,1.565,153.46,21.4,0
"2026-01-10 01:48:00",5387,1.56,153.03,21.4,0
"2026-01-10 01:54:00",5388,1.558,152.8,21.4,0
"2026-01-10 02:00:00",5389,1.554,152.43,21.4,0
"2026-01-10 02:06:00",5390,1.549,151.93,21.4,0
"2026-01-10 02:12:00",5391,1.548,151.8,21.4,0
"2026-01-10 02:18:00",5392,1.549,151.91,21.4,0
"2026-01-10 02:24:00",5393,1.547,151.76,21.4,0
"2026-01-10 02:30:00",5394,1.541,151.13,21.4,0
"2026-01-10 02:36:00",5395,1.532,150.24,21.4,0
"2026-01-10 02:42:00",5396,1.522,149.22,21.4,0
"2026-01-10 02:48:00",5397,1.513,148.38,21.4,0
"2026-01-10 02:54:00",5398,1.498,146.93,21.4,0
"2026-01-10 03:00:00",5399,1.488,145.95,21.4,0
"2026-01-10 03:06:00",5400,1.48,145.13,21.4,0
"2026-01-10 03:12:00",5401,1.474,144.52,21.4,0
"2026-01-10 03:18:00",5402,1.468,143.96,21.4,0
"2026-01-10 03:24:00",5403,1.464,143.55,21.4,0
"2026-01-10 03:30:00",5404,1.461,143.3,21.4,0
"2026-01-10 03:36:00",5405,1.46,143.2,21.4,0
"2026-01-10 03:42:00",5406,1.461,143.29,21.4,0
"2026-01-10 03:48:00",5407,1.462,143.39,21.4,0
"2026-01-10 03:54:00",5408,1.463,143.48,21.4,0
"2026-01-10 04:00:00",5409,1.465,143.64,21.4,0
"2026-01-10 04:06:00",5410,1.468,143.96,21.3,0
"2026-01-10 04:12:00",5411,1.473,144.42,21.3,0
"2026-01-10 04:18:00",5412,1.476,144.79,21.4,0
"2026-01-10 04:24:00",5413,1.476,144.77,21.3,0
"2026-01-10 04:30:00",5414,1.475,144.63,21.3,0
"2026-01-10 04:36:00",5415,1.476,144.75,21.3,0
"2026-01-10 04:42:00",5416,1.477,144.85,21.3,0
"2026-01-10 04:48:00",5417,1.475,144.66,21.3,0
"2026-01-10 04:54:00",5418,1.475,144.63,21.3,0
"2026-01-10 05:00:00",5419,1.477,144.89,21.3,0
"2026-01-10 05:06:00",5420,1.482,145.33,21.3,0
"2026-01-10 05:12:00",5421,1.488,145.91,21.3,0
"2026-01-10 05:18:00",5422,1.494,146.48,21.3,0
"2026-01-10 05:24:00",5423,1.499,147.03,21.3,0
"2026-01-10 05:30:00",5424,1.506,147.73,21.3,0
"2026-01-10 05:36:00",5425,1.513,148.34,21.3,0
"2026-01-10 05:42:00",5426,1.518,148.88,21.3,0
"2026-01-10 05:48:00",5427,1.522,149.26,21.3,0
"2026-01-10 05:54:00",5428,1.525,149.54,21.3,0
"2026-01-10 06:00:00",5429,1.531,150.1,21.3,0
"2026-01-10 06:06:00",5430,1.538,150.86,21.3,0
"2026-01-10 06:12:00",5431,1.544,151.39,21.3,0
"2026-01-10 06:18:00",5432,1.547,151.68,21.3,0
"2026-01-10 06:24:00",5433,1.551,152.12,21.3,0
"2026-01-10 06:30:00",5434,1.557,152.74,21.3,0
"2026-01-10 06:36:00",5435,1.563,153.28,21.3,0
"2026-01-10 06:42:00",5436,1.567,153.71,21.3,0
"2026-01-10 06:48:00",5437,1.573,154.23,21.3,0
"2026-01-10 06:54:00",5438,1.582,155.18,21.3,0
"2026-01-10 07:00:00",5439,1.593,156.19,21.3,0
"2026-01-10 07:06:00",5440,1.6,156.89,21.3,0
"2026-01-10 07:12:00",5441,1.607,157.55,21.3,0
"2026-01-10 07:18:00",5442,1.612,158.08,21.3,0
"2026-01-10 07:24:00",5443,1.618,158.63,21.3,0
"2026-01-10 07:30:00",5444,1.623,159.18,21.3,0
"2026-01-10 07:36:00",5445,1.628,159.64,21.3,0
"2026-01-10 07:42:00",5446,1.63,159.89,21.3,0
"2026-01-10 07:48:00",5447,1.633,160.11,21.3,0
"2026-01-10 07:54:00",5448,1.636,160.46,21.3,0
"2026-01-10 08:00:00",5449,1.642,160.99,21.3,0
"2026-01-10 08:06:00",5450,1.645,161.36,21.3,0
"2026-01-10 08:12:00",5451,1.649,161.75,21.2,0
"2026-01-10 08:18:00",5452,1.656,162.37,21.3,0
"2026-01-10 08:24:00",5453,1.661,162.92,21.3,0
"2026-01-10 08:30:00",5454,1.668,163.56,21.2,0
"2026-01-10 08:36:00",5455,1.673,164.08,21.2,0
"2026-01-10 08:42:00",5456,1.68,164.74,21.2,0
"2026-01-10 08:48:00",5457,1.684,165.17,21.2,0
"2026-01-10 08:54:00",5458,1.687,165.45,21.2,0
"2026-01-10 09:00:00",5459,1.692,165.9,21.2,0
"2026-01-10 09:06:00",5460,1.698,166.51,21.2,0
"2026-01-10 09:12:00",5461,1.705,167.21,21.3,0
"2026-01-10 09:18:00",5462,1.709,167.61,21.3,0
"2026-01-10 09:24:00",5463,1.712,167.86,21.3,0
"2026-01-10 09:30:00",5464,1.714,168.12,21.3,0
"2026-01-10 09:36:00",5465,1.719,168.62,21.2,0
"2026-01-10 09:42:00",5466,1.721,168.8,21.2,0
"2026-01-10 09:48:00",5467,1.717,168.42,21.2,0
"2026-01-10 09:54:00",5468,1.713,167.99,21.2,0
"2026-01-10 10:00:00",5469,1.714,168.05,21.2,0
"2026-01-10 10:06:00",5470,1.719,168.57,21.2,0
"2026-01-10 10:12:00",5471,1.721,168.73,21.2,0
"2026-01-10 10:18:00",5472,1.719,168.58,21.2,0
"2026-01-10 10:24:00",5473,1.716,168.25,21.2,0
"2026-01-10 10:30:00",5474,1.712,167.86,21.2,0
"2026-01-10 10:36:00",5475,1.708,167.49,21.2,0
"2026-01-10 10:42:00",5476,1.704,167.12,21.2,0
"2026-01-10 10:48:00",5477,1.7,166.67,21.2,0
"2026-01-10 10:54:00",5478,1.694,166.17,21.2,0
"2026-01-10 11:00:00",5479,1.691,165.88,21.2,0
"2026-01-10 11:06:00",5480,1.689,165.63,21.2,0
"2026-01-10 11:12:00",5481,1.685,165.27,21.2,0
"2026-01-10 11:18:00",5482,1.681,164.86,21.2,0
"2026-01-10 11:24:00",5483,1.677,164.45,21.2,0
"2026-01-10 11:30:00",5484,1.673,164.05,21.2,0
"2026-01-10 11:36:00",5485,1.671,163.91,21.2,0
"2026-01-10 11:42:00",5486,1.671,163.86,21.2,0
"2026-01-10 11:48:00",5487,1.67,163.76,21.2,0
"2026-01-10 11:54:00",5488,1.67,163.77,21.2,0
"2026-01-10 12:00:00",5489,1.669,163.7,21.2,0
"2026-01-10 12:06:00",5490,1.667,163.51,21.2,0
"2026-01-10 12:12:00",5491,1.662,163.02,21.2,0
"2026-01-10 12:18:00",5492,1.657,162.51,21.2,0
"2026-01-10 12:24:00",5493,1.654,162.24,21.2,0
"2026-01-10 12:30:00",5494,1.649,161.7,21.2,0
"2026-01-10 12:36:00",5495,1.643,161.13,21.2,0
"2026-01-10 12:42:00",5496,1.637,160.54,21.2,0
"2026-01-10 12:48:00",5497,1.629,159.71,21.2,0
"2026-01-10 12:54:00",5498,1.62,158.86,21.2,0
"2026-01-10 13:00:00",5499,1.61,157.92,21.2,0
"2026-01-10 13:06:00",5500,1.602,157.12,21.2,0
"2026-01-10 13:12:00",5501,1.597,156.65,21.1,0
"2026-01-10 13:18:00",5502,1.594,156.29,21.2,0
"2026-01-10 13:24:00",5503,1.591,156.02,21.2,0
"2026-01-10 13:30:00",5504,1.589,155.86,21.1,0
"2026-01-10 13:36:00",5505,1.586,155.57,21.1,0
"2026-01-10 13:42:00",5506,1.584,155.37,21.1,0
"2026-01-10 13:48:00",5507,1.586,155.49,21.1,0
"2026-01-10 13:54:00",5508,1.586,155.49,21.1,0
"2026-01-10 14:00:00",5509,1.581,155.06,21.1,0
"2026-01-10 14:06:00",5510,1.575,154.42,21.1,0
"2026-01-10 14:12:00",5511,1.57,153.94,21.1,0
"2026-01-10 14:18:00",5512,1.571,154.09,21.1,0
"2026-01-10 14:24:00",5513,1.573,154.23,21.1,0
"2026-01-10 14:30:00",5514,1.565,153.5,21.1,0
"2026-01-10 14:36:00",5515,1.555,152.46,21.1,0
"2026-01-10 14:42:00",5516,1.548,151.83,21.1,0
"2026-01-10 14:48:00",5517,1.544,151.45,21.1,0
"2026-01-10 14:54:00",5518,1.539,150.9,21.1,0
"2026-01-10 15:00:00",5519,1.538,150.87,21.1,0
"2026-01-10 15:06:00",5520,1.543,151.3,21.1,0
"2026-01-10 15:12:00",5521,1.541,151.16,21.1,0
"2026-01-10 15:18:00",5522,1.537,150.69,21.1,0
"2026-01-10 15:24:00",5523,1.535,150.58,21.1,0
"2026-01-10 15:30:00",5524,1.532,150.29,21.1,0
"2026-01-10 15:36:00",5525,1.53,150,21.1,0
"2026-01-10 15:42:00",5526,1.527,149.78,21.1,0
"2026-01-10 15:48:00",5527,1.52,149.11,21.1,0
"2026-01-10 15:54:00",5528,1.519,148.96,21.1,0
"2026-01-10 16:00:00",5529,1.519,148.94,21.1,0
"2026-01-10 16:06:00",5530,1.515,148.57,21.1,0
"2026-01-10 16:12:00",5531,1.511,148.22,21.1,0
"2026-01-10 16:18:00",5532,1.323,129.76,21.1,0
"2026-01-10 16:24:00",5533,1.135,111.29,21.1,0
"2026-01-10 16:30:00",5534,1.063,104.29,21.1,0
"2026-01-10 16:36:00",5535,1.478,144.98,21.1,0
"2026-01-10 16:42:00",5536,1.517,148.8,21.1,0
"2026-01-10 16:48:00",5537,1.516,148.7,21.1,0
"2026-01-10 16:54:00",5538,1.524,149.43,21.1,0
"2026-01-10 17:00:00",5539,1.52,149.02,21.1,0
"2026-01-10 17:06:00",5540,1.52,149.03,21.1,0
"2026-01-10 17:12:00",5541,1.526,149.66,21.1,0
"2026-01-10 17:18:00",5542,1.531,150.18,21.1,0
"2026-01-10 17:24:00",5543,1.536,150.61,21.1,0
"2026-01-10 17:30:00",5544,1.539,150.91,21.1,0
"2026-01-10 17:36:00",5545,1.544,151.46,21.1,0
"2026-01-10 17:42:00",5546,1.55,151.96,21.1,0
"2026-01-10 17:48:00",5547,1.551,152.11,21,0
"2026-01-10 17:54:00",5548,1.551,152.12,21,0
"2026-01-10 18:00:00",5549,1.552,152.23,21,0
"2026-01-10 18:06:00",5550,1.55,152,21,0
"2026-01-10 18:12:00",5551,1.548,151.77,21,0
"2026-01-10 18:18:00",5552,1.547,151.74,21,0
"2026-01-10 18:24:00",5553,1.552,152.16,21,0
"2026-01-10 18:30:00",5554,1.56,153.02,21,0
"2026-01-10 18:36:00",5555,1.568,153.73,21,0
"2026-01-10 18:42:00",5556,1.573,154.27,21,0
"2026-01-10 18:48:00",5557,1.579,154.83,21,0
"2026-01-10 18:54:00",5558,1.586,155.55,21,0
"2026-01-10 19:00:00",5559,1.593,156.19,21,0
"2026-01-10 19:06:00",5560,1.6,156.87,21,0
"2026-01-10 19:12:00",5561,1.607,157.63,21,0
"2026-01-10 19:18:00",5562,1.614,158.32,21,0
"2026-01-10 19:24:00",5563,1.63,159.87,21,0
"2026-01-10 19:30:00",5564,1.634,160.22,21,0
"2026-01-10 19:36:00",5565,1.633,160.15,21,0
"2026-01-10 19:42:00",5566,1.636,160.47,21,0
"2026-01-10 19:48:00",5567,1.643,161.11,21,0
"2026-01-10 19:54:00",5568,1.648,161.61,21,0
"2026-01-10 20:00:00",5569,1.651,161.88,21,0
"2026-01-10 20:06:00",5570,1.654,162.23,21,0
"2026-01-10 20:12:00",5571,1.66,162.76,21,0
"2026-01-10 20:18:00",5572,1.666,163.39,21,0
"2026-01-10 20:24:00",5573,1.669,163.69,21,0
"2026-01-10 20:30:00",5574,1.675,164.23,21,0
"2026-01-10 20:36:00",5575,1.68,164.8,21,0
"2026-01-10 20:42:00",5576,1.685,165.21,21,0
"2026-01-10 20:48:00",5577,1.691,165.8,21,0
"2026-01-10 20:54:00",5578,1.695,166.24,21,0
"2026-01-10 21:00:00",5579,1.7,166.76,21,0
"2026-01-10 21:06:00",5580,1.705,167.17,21,0
"2026-01-10 21:12:00",5581,1.706,167.31,21,0
"2026-01-10 21:18:00",5582,1.71,167.66,21,0
"2026-01-10 21:24:00",5583,1.714,168.09,21,0
"2026-01-10 21:30:00",5584,1.716,168.33,21,0
"2026-01-10 21:36:00",5585,1.719,168.59,21,0
"2026-01-10 21:42:00",5586,1.723,169.02,21,0
"2026-01-10 21:48:00",5587,1.729,169.53,21,0
"2026-01-10 21:54:00",5588,1.73,169.61,21,0
"2026-01-10 22:00:00",5589,1.729,169.58,21,0
"2026-01-10 22:06:00",5590,1.728,169.5,21,0
"2026-01-10 22:12:00",5591,1.726,169.29,21,0
"2026-01-10 22:18:00",5592,1.725,169.18,21,0
"2026-01-10 22:24:00",5593,1.723,168.99,21,0
"2026-01-10 22:30:00",5594,1.724,169.06,21,0
"2026-01-10 22:36:00",5595,1.727,169.38,21,0
"2026-01-10 22:42:00",5596,1.73,169.62,21,0
"2026-01-10 22:48:00",5597,1.732,169.83,21,0
"2026-01-10 22:54:00",5598,1.732,169.9,21,0
"2026-01-10 23:00:00",5599,1.732,169.83,21,0
"2026-01-10 23:06:00",5600,1.73,169.61,21,0
"2026-01-10 23:12:00",5601,1.726,169.29,21,0
"2026-01-10 23:18:00",5602,1.725,169.18,21,0
"2026-01-10 23:24:00",5603,1.725,169.21,21,0
"2026-01-10 23:30:00",5604,1.723,168.93,21,0
"2026-01-10 23:36:00",5605,1.716,168.3,21,0
"2026-01-10 23:42:00",5606,1.712,167.92,21,0
"2026-01-10 23:48:00",5607,1.709,167.63,21,0
"2026-01-10 23:54:00",5608,1.708,167.48,21,0
"2026-01-11 00:00:00",5609,1.707,167.44,21,0
"2026-01-11 00:06:00",5610,1.704,167.12,21,0
"2026-01-11 00:12:00",5611,1.701,166.84,21,0
"2026-01-11 00:18:00",5612,1.701,166.8,21,0
"2026-01-11 00:24:00",5613,1.699,166.64,21,0
"2026-01-11 00:30:00",5614,1.694,166.09,21,0
"2026-01-11 00:36:00",5615,1.687,165.42,21,0
"2026-01-11 00:42:00",5616,1.681,164.82,21,0
"2026-01-11 00:48:00",5617,1.675,164.23,21,0
"2026-01-11 00:54:00",5618,1.667,163.48,21,0
"2026-01-11 01:00:00",5619,1.659,162.73,21,0
"2026-01-11 01:06:00",5620,1.651,161.93,21,0
"2026-01-11 01:12:00",5621,1.645,161.34,21,0
"2026-01-11 01:18:00",5622,1.643,161.09,21,0
"2026-01-11 01:24:00",5623,1.639,160.78,21,0
"2026-01-11 01:30:00",5624,1.636,160.4,21,0
"2026-01-11 01:36:00",5625,1.63,159.83,21,0
"2026-01-11 01:42:00",5626,1.625,159.37,21,0
"2026-01-11 01:48:00",5627,1.624,159.29,21,0
"2026-01-11 01:54:00",5628,1.622,159.07,21,0
"2026-01-11 02:00:00",5629,1.617,158.58,21,0
"2026-01-11 02:06:00",5630,1.614,158.3,21,0
"2026-01-11 02:12:00",5631,1.612,158.13,21,0
"2026-01-11 02:18:00",5632,1.609,157.77,21,0
"2026-01-11 02:24:00",5633,1.601,157,21,0
"2026-01-11 02:30:00",5634,1.592,156.17,21,0
"2026-01-11 02:36:00",5635,1.585,155.45,21,0
"2026-01-11 02:42:00",5636,1.576,154.52,21,0
"2026-01-11 02:48:00",5637,1.57,153.93,21,0
"2026-01-11 02:54:00",5638,1.566,153.61,21,0
"2026-01-11 03:00:00",5639,1.562,153.16,21,0
"2026-01-11 03:06:00",5640,1.559,152.92,21,0
"2026-01-11 03:12:00",5641,1.558,152.78,21,0
"2026-01-11 03:18:00",5642,1.555,152.54,21,0
"2026-01-11 03:24:00",5643,1.552,152.23,21,0
"2026-01-11 03:30:00",5644,1.547,151.74,21,0
"2026-01-11 03:36:00",5645,1.543,151.33,21,0
"2026-01-11 03:42:00",5646,1.542,151.27,21,0
"2026-01-11 03:48:00",5647,1.54,151.06,21,0
"2026-01-11 03:54:00",5648,1.537,150.75,21,0
"2026-01-11 04:00:00",5649,1.536,150.68,21,0
"2026-01-11 04:06:00",5650,1.533,150.35,21,0
"2026-01-11 04:12:00",5651,1.527,149.79,21,0
"2026-01-11 04:18:00",5652,1.523,149.31,21,0
"2026-01-11 04:24:00",5653,1.52,149.03,21,0
"2026-01-11 04:30:00",5654,1.518,148.91,21,0
"2026-01-11 04:36:00",5655,1.517,148.77,21,0
"2026-01-11 04:42:00",5656,1.514,148.49,21,0
"2026-01-11 04:48:00",5657,1.511,148.15,21,0
"2026-01-11 04:54:00",5658,1.51,148.1,21,0
"2026-01-11 05:00:00",5659,1.516,148.64,21,0
"2026-01-11 05:06:00",5660,1.519,148.96,21,0
"2026-01-11 05:12:00",5661,1.521,149.15,21,0
"2026-01-11 05:18:00",5662,1.527,149.72,21,0
"2026-01-11 05:24:00",5663,1.531,150.12,21,0
"2026-01-11 05:30:00",5664,1.537,150.7,21,0
"2026-01-11 05:36:00",5665,1.542,151.23,21,0
"2026-01-11 05:42:00",5666,1.545,151.49,21,0
"2026-01-11 05:48:00",5667,1.551,152.15,21,0
"2026-01-11 05:54:00",5668,1.557,152.72,21,0
"2026-01-11 06:00:00",5669,1.562,153.15,21,0
"2026-01-11 06:06:00",5670,1.567,153.71,21,0
"2026-01-11 06:12:00",5671,1.57,153.94,21,0
"2026-01-11 06:18:00",5672,1.571,154.05,21,0
"2026-01-11 06:24:00",5673,1.573,154.27,21,0
"2026-01-11 06:30:00",5674,1.575,154.44,21,0
"2026-01-11 06:36:00",5675,1.577,154.62,21,0
"2026-01-11 06:42:00",5676,1.581,155.07,21,0
"2026-01-11 06:48:00",5677,1.588,155.75,21,0
"2026-01-11 06:54:00",5678,1.596,156.54,21,0
"2026-01-11 07:00:00",5679,1.605,157.41,21,0
"2026-01-11 07:06:00",5680,1.614,158.31,21,0
"2026-01-11 07:12:00",5681,1.624,159.24,21,0
"2026-01-11 07:18:00",5682,1.64,160.81,21,0
"2026-01-11 07:24:00",5683,1.65,161.81,21,0
"2026-01-11 07:30:00",5684,1.66,162.84,21,0
"2026-01-11 07:36:00",5685,1.669,163.67,21,0
"2026-01-11 07:42:00",5686,1.674,164.12,21,0
"2026-01-11 07:48:00",5687,1.678,164.59,21,0
"2026-01-11 07:54:00",5688,1.683,165.01,21,0
"2026-01-11 08:00:00",5689,1.683,165.01,21,0
"2026-01-11 08:06:00",5690,1.682,164.93,21,0
"2026-01-11 08:12:00",5691,1.682,164.92,21,0
"2026-01-11 08:18:00",5692,1.683,165.02,21,0
"2026-01-11 08:24:00",5693,1.685,165.21,21,0
"2026-01-11 08:30:00",5694,1.684,165.18,21,0
"2026-01-11 08:36:00",5695,1.685,165.25,21,0
"2026-01-11 08:42:00",5696,1.698,166.49,20.9,0
"2026-01-11 08:48:00",5697,1.704,167.14,20.9,0
"2026-01-11 08:54:00",5698,1.71,167.74,21,0
"2026-01-11 09:00:00",5699,1.718,168.51,20.9,0
"2026-01-11 09:06:00",5700,1.727,169.39,20.9,0
"2026-01-11 09:12:00",5701,1.738,170.42,20.9,0
"2026-01-11 09:18:00",5702,1.745,171.17,20.9,0
"2026-01-11 09:24:00",5703,1.748,171.38,20.9,0
"2026-01-11 09:30:00",5704,1.748,171.43,20.9,0
"2026-01-11 09:36:00",5705,1.747,171.35,21,0
"2026-01-11 09:42:00",5706,1.745,171.16,21,0
"2026-01-11 09:48:00",5707,1.743,170.93,21,0
"2026-01-11 09:54:00",5708,1.742,170.81,21,0
"2026-01-11 10:00:00",5709,1.742,170.82,21,0
"2026-01-11 10:06:00",5710,1.743,170.93,21,0
"2026-01-11 10:12:00",5711,1.744,171.05,21,0
"2026-01-11 10:18:00",5712,1.747,171.37,21,0
"2026-01-11 10:24:00",5713,1.75,171.66,21,0
"2026-01-11 10:30:00",5714,1.754,171.99,21,0
"2026-01-11 10:36:00",5715,1.759,172.51,21,0
"2026-01-11 10:42:00",5716,1.763,172.91,21,0
"2026-01-11 10:48:00",5717,1.768,173.4,21,0
"2026-01-11 10:54:00",5718,1.772,173.79,21.1,0
"2026-01-11 11:00:00",5719,1.773,173.91,21,0
"2026-01-11 11:06:00",5720,1.767,173.29,20.9,0
"2026-01-11 11:12:00",5721,1.762,172.82,20.7,0
"2026-01-11 11:18:00",5722,1.763,172.87,20.5,0
"2026-01-11 11:24:00",5723,1.757,172.31,20.3,0
"2026-01-11 11:30:00",5724,1.749,171.57,20.2,0
"2026-01-11 11:36:00",5725,1.739,170.59,20,0
"2026-01-11 11:42:00",5726,1.722,168.88,19.8,0
"2026-01-11 11:48:00",5727,1.707,167.4,19.7,0
"2026-01-11 11:54:00",5728,1.701,166.77,19.6,0
"2026-01-11 12:00:00",5729,1.696,166.33,19.5,0
"2026-01-11 12:06:00",5730,1.686,165.34,19.4,0
"2026-01-11 12:12:00",5731,1.669,163.72,19.3,0
"2026-01-11 12:18:00",5732,1.663,163.07,19.3,0
"2026-01-11 12:24:00",5733,1.662,163.03,19.3,0
"2026-01-11 12:30:00",5734,1.659,162.72,19.2,0
"2026-01-11 12:36:00",5735,1.654,162.25,19.2,0
"2026-01-11 12:42:00",5736,1.648,161.61,19.2,0
"2026-01-11 12:48:00",5737,1.642,160.99,19.1,0
"2026-01-11 12:54:00",5738,1.643,161.13,19.1,0
"2026-01-11 13:00:00",5739,1.639,160.78,19.1,0
"2026-01-11 13:06:00",5740,1.629,159.8,19.1,0
"2026-01-11 13:12:00",5741,1.624,159.26,19,0
"2026-01-11 13:18:00",5742,1.612,158.09,19,0
"2026-01-11 13:24:00",5743,1.606,157.5,19,0
"2026-01-11 13:30:00",5744,1.591,156.04,19,0
"2026-01-11 13:36:00",5745,1.582,155.1,19,0
"2026-01-11 13:42:00",5746,1.575,154.45,18.9,0
"2026-01-11 13:48:00",5747,1.562,153.17,19,0
"2026-01-11 13:54:00",5748,1.555,152.51,19,0
"2026-01-11 14:00:00",5749,1.549,151.87,19.1,0
"2026-01-11 14:06:00",5750,1.54,150.98,19.2,0
"2026-01-11 14:12:00",5751,1.52,149.07,19.3,0
"2026-01-11 14:18:00",5752,1.486,145.72,19.4,0
"2026-01-11 14:24:00",5753,1.49,146.09,19.5,0
"2026-01-11 14:30:00",5754,1.467,143.89,19.6,0
"2026-01-11 14:36:00",5755,1.459,143.07,19.7,0
"2026-01-11 14:42:00",5756,1.441,141.29,19.8,0
"2026-01-11 14:48:00",5757,1.44,141.18,19.8,0
"2026-01-11 14:54:00",5758,1.415,138.75,19.9,0
"2026-01-11 15:00:00",5759,1.411,138.34,20,0
"2026-01-11 15:06:00",5760,1.413,138.6,20,0
"2026-01-11 15:12:00",5761,1.416,138.83,20,0
"2026-01-11 15:18:00",5762,1.399,137.19,20.1,0
"2026-01-11 15:24:00",5763,1.413,138.55,20.1,0
"2026-01-11 15:30:00",5764,1.389,136.19,20.1,0
"2026-01-11 15:36:00",5765,1.376,134.9,20.2,0
"2026-01-11 15:42:00",5766,1.37,134.32,20.2,0
"2026-01-11 15:48:00",5767,1.364,133.78,20.2,0
"2026-01-11 15:54:00",5768,1.361,133.48,20.3,0
"2026-01-11 16:00:00",5769,1.359,133.32,20.3,0
"2026-01-11 16:06:00",5770,1.353,132.67,20.3,0
"2026-01-11 16:12:00",5771,1.345,131.92,20.3,0
"2026-01-11 16:18:00",5772,1.339,131.32,20.4,0
"2026-01-11 16:24:00",5773,1.316,129.01,20.4,0
"2026-01-11 16:30:00",5774,1.297,127.17,20.4,0
"2026-01-11 16:36:00",5775,1.269,124.45,20.4,0
"2026-01-11 16:42:00",5776,1.25,122.56,20.5,0
"2026-01-11 16:48:00",5777,1.256,123.16,20.5,0
"2026-01-11 16:54:00",5778,1.244,122.04,20.5,0
"2026-01-11 17:00:00",5779,1.287,126.21,20.5,0
"2026-01-11 17:06:00",5780,1.254,122.93,20.5,0
"2026-01-11 17:12:00",5781,1.271,124.6,20.5,0
"2026-01-11 17:18:00",5782,1.248,122.42,20.6,0
"2026-01-11 17:24:00",5783,1.246,122.18,20.6,0
"2026-01-11 17:30:00",5784,1.253,122.91,20.6,0
"2026-01-11 17:36:00",5785,1.283,125.85,20.5,0
"2026-01-11 17:42:00",5786,1.287,126.2,20.5,0
"2026-01-11 17:48:00",5787,1.263,123.82,20.5,0
"2026-01-11 17:54:00",5788,1.265,124.04,20.5,0
"2026-01-11 18:00:00",5789,1.268,124.36,20.5,0
"2026-01-11 18:06:00",5790,1.267,124.25,20.5,0
"2026-01-11 18:12:00",5791,1.24,121.63,20.5,0
"2026-01-11 18:18:00",5792,1.225,120.09,20.5,0
"2026-01-11 18:24:00",5793,1.213,118.97,20.4,0
"2026-01-11 18:30:00",5794,1.165,114.29,20.4,0
"2026-01-11 18:36:00",5795,1.125,110.34,20.4,0
"2026-01-11 18:42:00",5796,1.155,113.27,20.4,0
"2026-01-11 18:48:00",5797,1.155,113.25,20.4,0
"2026-01-11 18:54:00",5798,1.151,112.91,20.3,0
"2026-01-11 19:00:00",5799,1.169,114.62,20.3,0
"2026-01-11 19:06:00",5800,1.193,117.04,20.2,0
"2026-01-11 19:12:00",5801,1.16,113.79,20.2,0
"2026-01-11 19:18:00",5802,1.12,109.85,20.1,0
"2026-01-11 19:24:00",5803,1.106,108.46,20.1,0
"2026-01-11 19:30:00",5804,1.119,109.78,20,0
"2026-01-11 19:36:00",5805,1.116,109.46,20,0
"2026-01-11 19:42:00",5806,1.117,109.57,20,0
"2026-01-11 19:48:00",5807,1.133,111.09,20,0
"2026-01-11 19:54:00",5808,1.17,114.78,20,0
"2026-01-11 20:00:00",5809,1.153,113.04,20,0
"2026-01-11 20:06:00",5810,1.115,109.32,20,0
"2026-01-11 20:12:00",5811,1.107,108.6,20,0
"2026-01-11 20:18:00",5812,1.125,110.34,20,0
"2026-01-11 20:24:00",5813,1.113,109.11,20,0
"2026-01-11 20:30:00",5814,1.102,108.1,20,0
"2026-01-11 20:36:00",5815,1.099,107.75,19.9,0
"2026-01-11 20:42:00",5816,0.987,96.83,19.9,0
"2026-01-11 20:48:00",5817,0.842,82.55,19.8,0
"2026-01-11 20:54:00",5818,0.882,86.47,19.8,0
"2026-01-11 21:00:00",5819,0.872,85.54,19.8,0
"2026-01-11 21:06:00",5820,0.81,79.48,19.7,0
"2026-01-11 21:12:00",5821,1.185,116.23,19.7,0
"2026-01-11 21:18:00",5822,1.452,142.42,19.6,0
"2026-01-11 21:24:00",5823,1.276,125.13,19.6,0
"2026-01-11 21:30:00",5824,1.288,126.31,19.6,0
"2026-01-11 21:36:00",5825,1.313,128.73,19.5,0
"2026-01-11 21:42:00",5826,1.307,128.19,19.5,0
"2026-01-11 21:48:00",5827,1.337,131.15,19.5,0
"2026-01-11 21:54:00",5828,1.322,129.61,19.5,0
"2026-01-11 22:00:00",5829,1.318,129.27,19.4,0
"2026-01-11 22:06:00",5830,1.313,128.77,19.4,0
"2026-01-11 22:12:00",5831,1.313,128.76,19.4,0
"2026-01-11 22:18:00",5832,1.317,129.19,19.4,0
"2026-01-11 22:24:00",5833,1.315,128.98,19.4,0
"2026-01-11 22:30:00",5834,1.311,128.52,19.4,0
"2026-01-11 22:36:00",5835,1.3,127.52,19.3,0
"2026-01-11 22:42:00",5836,1.297,127.19,19.3,0
"2026-01-11 22:48:00",5837,1.301,127.56,19.3,0
"2026-01-11 22:54:00",5838,1.296,127.11,19.3,0
"2026-01-11 23:00:00",5839,1.293,126.78,19.3,0
"2026-01-11 23:06:00",5840,1.29,126.54,19.3,0
"2026-01-11 23:12:00",5841,1.29,126.5,19.3,0
"2026-01-11 23:18:00",5842,1.306,128.1,19.3,0
"2026-01-11 23:24:00",5843,1.313,128.74,19.3,0
"2026-01-11 23:30:00",5844,1.314,128.87,19.3,0
"2026-01-11 23:36:00",5845,1.319,129.37,19.2,0
"2026-01-11 23:42:00",5846,1.325,129.92,19.2,0
"2026-01-11 23:48:00",5847,1.332,130.64,19.2,0
"2026-01-11 23:54:00",5848,1.334,130.84,19.2,0
"2026-01-12 00:00:00",5849,1.342,131.59,19.2,0
"2026-01-12 00:06:00",5850,1.327,130.16,19.2,0
"2026-01-12 00:12:00",5851,1.334,130.84,19.2,0
"2026-01-12 00:18:00",5852,1.307,128.16,19.2,0
"2026-01-12 00:24:00",5853,1.303,127.77,19.2,0
"2026-01-12 00:30:00",5854,1.292,126.75,19.2,0
"2026-01-12 00:36:00",5855,1.242,121.79,19.2,0
"2026-01-12 00:42:00",5856,1.25,122.61,19.2,0
"2026-01-12 00:48:00",5857,1.234,121.01,19.2,0
"2026-01-12 00:54:00",5858,1.14,111.84,19.2,0
"2026-01-12 01:00:00",5859,1.182,115.88,19.2,0
"2026-01-12 01:06:00",5860,1.172,114.93,19.2,0
"2026-01-12 01:12:00",5861,1.202,117.86,19.1,0
"2026-01-12 01:18:00",5862,1.143,112.14,19.1,0
"2026-01-12 01:24:00",5863,1.147,112.48,19.1,0
"2026-01-12 01:30:00",5864,1.107,108.58,19.1,0
"2026-01-12 01:36:00",5865,1.122,110.03,19.1,0
"2026-01-12 01:42:00",5866,1.119,109.76,19.1,0
"2026-01-12 01:48:00",5867,1.128,110.63,19.1,0
"2026-01-12 01:54:00",5868,1.089,106.82,19.1,0
"2026-01-12 02:00:00",5869,1.106,108.49,19.1,0
"2026-01-12 02:06:00",5870,1.094,107.28,19.1,0
"2026-01-12 02:12:00",5871,1.086,106.54,19.1,0
"2026-01-12 02:18:00",5872,1.068,104.78,19.1,0
"2026-01-12 02:24:00",5873,1.078,105.67,19.1,0
"2026-01-12 02:30:00",5874,1.075,105.44,19.1,0
"2026-01-12 02:36:00",5875,1.053,103.24,19.1,0
"2026-01-12 02:42:00",5876,1.039,101.92,19.1,0
"2026-01-12 02:48:00",5877,1.02,100.04,19.1,0
"2026-01-12 02:54:00",5878,1.051,103.03,19.1,0
"2026-01-12 03:00:00",5879,1.032,101.19,19.1,0
"2026-01-12 03:06:00",5880,1.03,101.05,19.1,0
"2026-01-12 03:12:00",5881,0.987,96.83,19.1,0
"2026-01-12 03:18:00",5882,1.007,98.73,19.1,0
"2026-01-12 03:24:00",5883,0.967,94.81,19.1,0
"2026-01-12 03:30:00",5884,0.95,93.21,19.1,0
"2026-01-12 03:36:00",5885,0.943,92.44,19.1,0
"2026-01-12 03:42:00",5886,0.905,88.8,19.1,0
"2026-01-12 03:48:00",5887,1.137,111.47,19.1,0
"2026-01-12 03:54:00",5888,1.113,109.12,19.1,0
"2026-01-12 04:00:00",5889,1.132,111.04,19.1,0
"2026-01-12 04:06:00",5890,1.149,112.66,19.1,0
"2026-01-12 04:12:00",5891,1.139,111.72,19.1,0
"2026-01-12 04:18:00",5892,1.139,111.73,19.1,0
"2026-01-12 04:24:00",5893,1.139,111.72,19.1,0
"2026-01-12 04:30:00",5894,1.135,111.28,19.1,0
"2026-01-12 04:36:00",5895,1.127,110.48,19.1,0
"2026-01-12 04:42:00",5896,1.114,109.24,19.1,0
"2026-01-12 04:48:00",5897,1.089,106.82,19.1,0
"2026-01-12 04:54:00",5898,1.067,104.6,19.1,0
"2026-01-12 05:00:00",5899,1.032,101.22,19.1,0
"2026-01-12 05:06:00",5900,1.009,98.98,19.1,0
"2026-01-12 05:12:00",5901,1.019,99.97,19.1,0
"2026-01-12 05:18:00",5902,1,98.09,19.1,0
"2026-01-12 05:24:00",5903,1.015,99.5,19.1,0
"2026-01-12 05:30:00",5904,1.037,101.71,19.1,0
"2026-01-12 05:36:00",5905,1.012,99.24,19.1,0
"2026-01-12 05:42:00",5906,0.988,96.93,19.1,0
"2026-01-12 05:48:00",5907,1.032,101.25,19.1,0
"2026-01-12 05:54:00",5908,1.009,98.92,19.1,0
"2026-01-12 06:00:00",5909,1.018,99.8,19.1,0
"2026-01-12 06:06:00",5910,1.03,101.03,19.1,0
"2026-01-12 06:12:00",5911,1.021,100.1,19.1,0
"2026-01-12 06:18:00",5912,1.03,100.97,19.1,0
"2026-01-12 06:24:00",5913,1.056,103.52,19.1,0
"2026-01-12 06:30:00",5914,1.073,105.19,19.1,0
"2026-01-12 06:36:00",5915,1.11,108.84,19.1,0
"2026-01-12 06:42:00",5916,1.113,109.15,19.2,0
"2026-01-12 06:48:00",5917,1.129,110.72,19.2,0
"2026-01-12 06:54:00",5918,1.13,110.82,19.2,0
"2026-01-12 07:00:00",5919,1.125,110.32,19.2,0
"2026-01-12 07:06:00",5920,1.145,112.28,19.2,0
"2026-01-12 07:12:00",5921,1.143,112.08,19.2,0
"2026-01-12 07:18:00",5922,1.109,108.77,19.2,0
"2026-01-12 07:24:00",5923,1.087,106.63,19.2,0
"2026-01-12 07:30:00",5924,1.079,105.79,19.2,0
"2026-01-12 07:36:00",5925,1.057,103.69,19.2,0
"2026-01-12 07:42:00",5926,1.048,102.73,19.2,0
"2026-01-12 07:48:00",5927,1.034,101.45,19.3,0
"2026-01-12 07:54:00",5928,1.068,104.69,19.3,0
"2026-01-12 08:00:00",5929,1.03,100.98,19.3,0
"2026-01-12 08:06:00",5930,1.022,100.25,19.3,0
"2026-01-12 08:12:00",5931,1.017,99.73,19.4,0
"2026-01-12 08:18:00",5932,1.018,99.84,19.4,0
"2026-01-12 08:24:00",5933,1.111,108.95,19.5,0
"2026-01-12 08:30:00",5934,1.114,109.25,19.6,0
"2026-01-12 08:36:00",5935,1.14,111.78,19.6,0
"2026-01-12 08:42:00",5936,1.14,111.81,19.7,0
"2026-01-12 08:48:00",5937,1.091,107.03,19.7,0
"2026-01-12 08:54:00",5938,1.105,108.32,19.8,0
"2026-01-12 09:00:00",5939,1.099,107.82,19.8,0
"2026-01-12 09:06:00",5940,1.128,110.61,19.9,0
"2026-01-12 09:12:00",5941,1.095,107.4,19.9,0
"2026-01-12 09:18:00",5942,1.1,107.89,20,0
"2026-01-12 09:24:00",5943,1.187,116.38,20,0
"2026-01-12 09:30:00",5944,1.231,120.73,20,0
"2026-01-12 09:36:00",5945,1.214,119.1,20.1,0
"2026-01-12 09:42:00",5946,1.233,120.9,20.1,0
"2026-01-12 09:48:00",5947,1.232,120.84,20.1,0
"2026-01-12 09:54:00",5948,1.203,117.99,20.1,0
"2026-01-12 10:00:00",5949,1.218,119.47,20.1,0
"2026-01-12 10:06:00",5950,1.251,122.73,20.2,0
"2026-01-12 10:12:00",5951,1.217,119.36,20.2,0
"2026-01-12 10:18:00",5952,1.259,123.43,20.2,0
"2026-01-12 10:24:00",5953,1.256,123.2,20.2,0
"2026-01-12 10:30:00",5954,1.237,121.34,20.2,0
"2026-01-12 10:36:00",5955,1.246,122.15,20.2,0
"2026-01-12 10:42:00",5956,1.224,120,20.2,0
"2026-01-12 10:48:00",5957,1.2,117.64,20.2,0
"2026-01-12 10:54:00",5958,1.208,118.44,20.3,0
"2026-01-12 11:00:00",5959,1.203,118,20.3,0
"2026-01-12 11:06:00",5960,1.12,109.86,20.3,0
"2026-01-12 11:12:00",5961,1.166,114.36,20.3,0
"2026-01-12 11:18:00",5962,1.342,131.58,20.3,0
"2026-01-12 11:24:00",5963,1.387,135.98,20.3,0
"2026-01-12 11:30:00",5964,1.406,137.89,20.3,0
"2026-01-12 11:36:00",5965,1.409,138.13,20.4,0
"2026-01-12 11:42:00",5966,1.413,138.6,20.4,0
"2026-01-12 11:48:00",5967,1.406,137.85,20.4,0
"2026-01-12 11:54:00",5968,1.403,137.56,20.3,0
"2026-01-12 12:00:00",5969,1.408,138.04,20.2,0
"2026-01-12 12:06:00",5970,1.411,138.4,20.1,0
"2026-01-12 12:12:00",5971,1.412,138.43,19.9,0
"2026-01-12 12:18:00",5972,1.414,138.66,19.7,0
"2026-01-12 12:24:00",5973,1.419,139.2,19.6,0
"2026-01-12 12:30:00",5974,1.423,139.55,19.4,0
"2026-01-12 12:36:00",5975,1.435,140.71,19.3,0
"2026-01-12 12:42:00",5976,1.436,140.8,19.4,0
"2026-01-12 12:48:00",5977,1.412,138.5,19.5,0
"2026-01-12 12:54:00",5978,1.377,135.07,19.6,0
"2026-01-12 13:00:00",5979,1.34,131.42,19.7,0
"2026-01-12 13:06:00",5980,1.263,123.85,19.8,0
"2026-01-12 13:12:00",5981,1.223,119.98,19.9,0
"2026-01-12 13:18:00",5982,1.437,140.97,20,0
"2026-01-12 13:24:00",5983,1.448,142.01,20,0
"2026-01-12 13:30:00",5984,1.429,140.11,20.1,0
"2026-01-12 13:36:00",5985,1.429,140.11,20.1,0
"2026-01-12 13:42:00",5986,1.425,139.78,20.2,0
"2026-01-12 13:48:00",5987,1.43,140.26,20.2,0
"2026-01-12 13:54:00",5988,1.431,140.37,20.2,0
"2026-01-12 14:00:00",5989,1.421,139.4,20.3,0
"2026-01-12 14:06:00",5990,1.415,138.75,20.2,0
"2026-01-12 14:12:00",5991,1.419,139.19,20.1,0
"2026-01-12 14:18:00",5992,1.423,139.57,20,0
"2026-01-12 14:24:00",5993,1.42,139.28,19.9,0
"2026-01-12 14:30:00",5994,1.407,138.02,19.7,0
"2026-01-12 14:36:00",5995,1.382,135.55,19.5,0
"2026-01-12 14:42:00",5996,1.375,134.89,19.3,0
"2026-01-12 14:48:00",5997,1.33,130.46,19.2,0
"2026-01-12 14:54:00",5998,1.224,120.06,19.1,0
"2026-01-12 15:00:00",5999,1.319,129.38,19.2,0
"2026-01-12 15:06:00",6000,1.303,127.83,19.4,0
"2026-01-12 15:12:00",6001,1.319,129.31,19.5,0
"2026-01-12 15:18:00",6002,1.391,136.46,19.6,0
"2026-01-12 15:24:00",6003,1.379,135.2,19.6,0
"2026-01-12 15:30:00",6004,1.39,136.33,19.7,0
"2026-01-12 15:36:00",6005,1.374,134.72,19.8,0
