Titration report,,,,,,,,,,,,,,,,,,,,,,,,,,,,
Method,,,,,,,,,,,,,,,,,,,,,,,,,,,,
Method ID,,,,,,,,SERCALKSAMPLES,,,,,,,,,"Release state
",,,,,,,Released,,,,
Name,,,,,,,,TA of Seawater,,,,,,,,,Modified by,,,,,,,SystemInternal,,,,
Modified on,,,,,,,,2/6/2024 11:26:27 AM,,,,,,,,,,,,,,,,,,,,
Summary,,,,,,,,,,,,,,,,,,,,,,,,,,,,
Samples,,,,,,,,,,,,,,,,,,,,,,,,,,,,
,,,Sample ID,,,,,,,,,,,,Name,,,,,,Result,,,,,,State,
1,,,"GW5 8/7 0850 rep3, 11(1)",,,,,,,,,,,,Sample size,,,,,,60.069 g,,,,,,,
,,,,,,,,,,,,,,,Content R1,,,,,,2.1109 mmol/L ???,,,,,,OK,
2,,,"GW6 8/7 0815 rep3, 12(2)",,,,,,,,,,,,Sample size,,,,,,60.677 g,,,,,,,
,,,,,,,,,,,,,,,Content R1,,,,,,1.9435 mmol/L ???,,,,,,OK,
3,,,"CRM 209-0435, 13(3)",,,,,,,,,,,,Sample size,,,,,,56.581 g,,,,,,,
,,,,,,,,,,,,,,,Content R1,,,,,,2.2111 mmol/L ???,,,,,,OK,
4,,,"FTS 2023 8/16 0530-rep1, 14(4)",,,,,,,,,,,,Sample size,,,,,,58.572 g,,,,,,,
,,,,,,,,,,,,,,,Content R1,,,,,,1.4967 mmol/L ???,,,,,,OK,
5,,,"FTS 2023 8/16 0530-rep2, 15(5)",,,,,,,,,,,,Sample size,,,,,,59.903 g,,,,,,,
,,,,,,,,,,,,,,,Content R1,,,,,,1.4949 mmol/L ???,,,,,,OK,
6,,,"FTS 2023 8/16 0630 rep1, 16(6)",,,,,,,,,,,,Sample size,,,,,,58.182 g,,,,,,,
,,,,,,,,,,,,,,,Content R1,,,,,,1.5103 mmol/L ?¹?,,,,,,OK,
7,,,"FTS 2023 8/16 0630 rep2, 17(7)",,,,,,,,,,,,Sample size,,,,,,63.279 g,,,,,,,
,,,,,,,,,,,,,,,Content R1,,,,,,1.5085 mmol/L ???,,,,,,OK,
8,,,"FTS 2023 8/16 0730 rep1, 1(8)",,,,,,,,,,,,Sample size,,,,,,56.609 g,,,,,,,
,,,,,,,,,,,,,,,Content R1,,,,,,1.5673 mmol/L ?¹?,,,,,,OK,
9,,,"FTS 2023 8/16 0730 rep2, 2(9)",,,,,,,,,,,,Sample size,,,,,,57.505 g,,,,,,,
,,,,,,,,,,,,,,,Content R1,,,,,,1.5598 mmol/L ?¹?,,,,,,OK,
10,,,"FTS 2023 8/16 0830 0830 rep1, 3(10)",,,,,,,,,,,,Sample size,,,,,,58.970 g,,,,,,,
,,,,,,,,,,,,,,,Content R1,,,,,,1.6619 mmol/L ???,,,,,,OK,
11,,,"FTS 2023 8/16 0830 0830 rep2, 4(11)",,,,,,,,,,,,Sample size,,,,,,58.791 g,,,,,,,
,,,,,,,,,,,,,,,Content R1,,,,,,1.6634 mmol/L ???,,,,,,OK,
12,,,"FTS 2023 8/16 0930 rep1, 5(12)",,,,,,,,,,,,Sample size,,,,,,56.574 g,,,,,,,
,,,,,,,,,,,,,,,Content R1,,,,,,1.8306 mmol/L ???,,,,,,OK,
13,,,"FTS 2023 8/16 0930 rep2, 6(13)",,,,,,,,,,,,Sample size,,,,,,57.219 g,,,,,,,
,,,,,,,,,,,,,,,Content R1,,,,,,1.8295 mmol/L ???,,,,,,OK,
14,,,"FTS 2023 8/16 1030 (rep1), 7(14)",,,,,,,,,,,,Sample size,,,,,,58.001 g,,,,,,,
,,,,,,,,,,,,,,,Content R1,,,,,,2.0248 mmol/L ???,,,,,,OK,
15,,,"FTS 2023 8/16 1030 (rep2), 8(15)",,,,,,,,,,,,Sample size,,,,,,57.048 g,,,,,,,
,,,,,,,,,,,,,,,Content R1,,,,,,2.0282 mmol/L ???,,,,,,OK,
16,,,"FTS 2023 8/16 1130 rep1, 9(16)",,,,,,,,,,,,Sample size,,,,,,56.341 g,,,,,,,
,,,,,,,,,,,,,,,Content R1,,,,,,2.1835 mmol/L ???,,,,,,OK,
17,,,"FTS 2023 8/16 1130 rep2, 10(17)",,,,,,,,,,,,Sample size,,,,,,59.213 g,,,,,,,
,,,,,,,,,,,,,,,Content R1,,,,,,2.1806 mmol/L ?¹?,,,,,,OK,
18,,,"FTS 2023 8/16 1230 rep1, 11(18)",,,,,,,,,,,,Sample size,,,,,,59.157 g,,,,,,,
,,,,,,,,,,,,,,,Content R1,,,,,,2.2690 mmol/L ?¹?,,,,,,OK,
19,,,"FTS 2023 8/16 1230 rep2, 12(19)",,,,,,,,,,,,Sample size,,,,,,56.693 g,,,,,,,
,,,,,,,,,,,,,,,Content R1,,,,,,2.2701 mmol/L ???,,,,,,OK,
20,,,"FTS 2023 8/16 13:30 rep1, 13(20)",,,,,,,,,,,,Sample size,,,,,,57.225 g,,,,,,,
,,,,,,,,,,,,,,,Content R1,,,,,,2.2898 mmol/L ???,,,,,,OK,
21,,,"FTS 2023 8/16 13:30 rep2, 14(21)",,,,,,,,,,,,Sample size,,,,,,58.141 g,,,,,,,
,,,,,,,,,,,,,,,Content R1,,,,,,2.2862 mmol/L ???,,,,,,OK,
22,,,"CRM 209-0435, 15(22)",,,,,,,,,,,,Sample size,,,,,,56.828 g,,,,,,,
,,,,,,,,,,,,,,,Content R1,,,,,,2.2069 mmol/L ???,,,,,,OK,
23,,,"FTS 2023 8/16 14:30 rep1, 16(23)",,,,,,,,,,,,Sample size,,,,,,56.073 g,,,,,,,
,,,,,,,,,,,,,,,Content R1,,,,,,2.1798 mmol/L ?¹?,,,,,,OK,
24,,,"FTS 2023 8/16 14:30 rep2, 17(24)",,,,,,,,,,,,Sample size,,,,,,61.350 g,,,,,,,
,,,,,,,,,,,,,,,Content R1,,,,,,2.1424 mmol/L ???,,,,,,OK,
25,,,"FTS 2023 8/16 15:30 rep1, 1(25)",,,,,,,,,,,,Sample size,,,,,,60.436 g,,,,,,,
,,,,,,,,,,,,,,,Content R1,,,,,,2.0962 mmol/L ???,,,,,,OK,
26,,,"FTS 2023 8/16 15:30 rep2, 2(26)",,,,,,,,,,,,Sample size,,,,,,60.202 g,,,,,,,
,,,,,,,,,,,,,,,Content R1,,,,,,2.0971 mmol/L ???,,,,,,OK,
27,,,"FTS 2023 8/16 16:30 rep1, 3(27)",,,,,,,,,,,,Sample size,,,,,,56.136 g,,,,,,,
,,,,,,,,,,,,,,,Content R1,,,,,,2.0528 mmol/L ???,,,,,,OK,
28,,,"FTS 2023 8/16 16:30 rep2, 4(28)",,,,,,,,,,,,Sample size,,,,,,58.294 g,,,,,,,
,,,,,,,,,,,,,,,Content R1,,,,,,2.0554 mmol/L ???,,,,,,OK,
29,,,"FTS 2023 8/16 17:30 rep1, 5(29)",,,,,,,,,,,,Sample size,,,,,,62.119 g,,,,,,,
,,,,,,,,,,,,,,,Content R1,,,,,,1.9278 mmol/L ???,,,,,,OK,
30,,,"FTS 2023 8/16 17:30 rep2, 6(30)",,,,,,,,,,,,Sample size,,,,,,57.120 g,,,,,,,
,,,,,,,,,,,,,,,Content R1,,,,,,1.9278 mmol/L ?¹?,,,,,,OK,
Statistics,,,,,,,,,,,,,,,,,,,,,,,,,,,,
R1,,,,,,,,,,,,,,,,,,,,,,,,,,,,
Minimum,,,,,,,,1.9536 mmol/L ?¹'??,,,,,,,,,,,,,,,,,,,,
,,,,,,,,,,,,,,,,,,Minimum,,,,,,,1.4949 mmol/L ???,,,
Standard deviation,,,,,,,,0.2730 ?¹'??,,,,,,,,,,,,,,,,,,,,
,,,,,,,,,,,,,,,,,,Rel. standard deviation,,,,,,,13.973 % ?¹'??,,,
Total samples,,,,,,,,30,,,,,,,,,,,,,,,,,,,,
,,,,,,,,,,,,,,,,,,Samples excluded,,,,,,,0,,,
Main Result Details,,,,,,,,,,,,,,,,,,,,,,,,,,,,
Result title,,,,,,,,Content,,,,,,,,,,Sample ID1,,,,,,,GW5 8/7 0850 rep3,,,
Result name,,,,,,,,R1,,,,,,,,,,Sample ID2,,,,,,,11(1),,,
Result,,,,,,,,2.1109 mmol/L ???,,,,,,,,,,Result comment,,,,,,,,,,
,,,,,,,,,,,,,,,,,,Result state,,,,,,,OK,,,
,,,,,,,,,,,,,,,,,,Result state comment,,,,,,,,,,
,,,,,,,,,,,,,,,,,,Nominal value,,,,,,,,,,
,,,,,,,,,,,,,,,,,,Compliance state,,,,,,,Released,,,
,,,,,,,,,,,,,,,,,,Is result deleted	,,,,,,,No,,,
Calculation formula,,,,,,,R1=Q*C/m,,,,,,,,,,,,,,,,,,,,,
Result title,,,,,,,,Content,,,,,,,,,,Sample ID1,,,,,,,GW6 8/7 0815 rep3,,,
Result name,,,,,,,,R1,,,,,,,,,,Sample ID2,,,,,,,12(2),,,
Result,,,,,,,,1.9435 mmol/L ???,,,,,,,,,,Result comment,,,,,,,,,,
,,,,,,,,,,,,,,,,,,Result state,,,,,,,OK,,,
,,,,,,,,,,,,,,,,,,Result state comment,,,,,,,,,,
,,,,,,,,,,,,,,,,,,Nominal value,,,,,,,,,,
,,,,,,,,,,,,,,,,,,Compliance state,,,,,,,Released,,,
,,,,,,,,,,,,,,,,,,Is result deleted	,,,,,,,No,,,
Calculation formula,,,,,,,R1=Q*C/m,,,,,,,,,,,,,,,,,,,,,
Result title,,,,,,,,Content,,,,,,,,,,Sample ID1,,,,,,,CRM 209-0435,,,
Result name,,,,,,,,R1,,,,,,,,,,Sample ID2,,,,,,,13(3),,,
Result,,,,,,,,2.2111 mmol/L ???,,,,,,,,,,Result comment,,,,,,,,,,
,,,,,,,,,,,,,,,,,,Result state,,,,,,,OK,,,
,,,,,,,,,,,,,,,,,,Result state comment,,,,,,,,,,
,,,,,,,,,,,,,,,,,,Nominal value,,,,,,,,,,
,,,,,,,,,,,,,,,,,,Compliance state,,,,,,,Released,,,
,,,,,,,,,,,,,,,,,,Is result deleted	,,,,,,,No,,,
Calculation formula,,,,,,,R1=Q*C/m,,,,,,,,,,,,,,,,,,,,,
Result title,,,,,,,,Content,,,,,,,,,,Sample ID1,,,,,,,FTS 2023 8/16 0530-rep1,,,
Result name,,,,,,,,R1,,,,,,,,,,Sample ID2,,,,,,,14(4),,,
Result,,,,,,,,1.4967 mmol/L ???,,,,,,,,,,Result comment,,,,,,,,,,
,,,,,,,,,,,,,,,,,,Result state,,,,,,,OK,,,
,,,,,,,,,,,,,,,,,,Result state comment,,,,,,,,,,
,,,,,,,,,,,,,,,,,,Nominal value,,,,,,,,,,
,,,,,,,,,,,,,,,,,,Compliance state,,,,,,,Released,,,
,,,,,,,,,,,,,,,,,,Is result deleted	,,,,,,,No,,,
Calculation formula,,,,,,,R1=Q*C/m,,,,,,,,,,,,,,,,,,,,,
Result title,,,,,,,,Content,,,,,,,,,,Sample ID1,,,,,,,FTS 2023 8/16 0530-rep2,,,
Result name,,,,,,,,R1,,,,,,,,,,Sample ID2,,,,,,,15(5),,,
Result,,,,,,,,1.4949 mmol/L ???,,,,,,,,,,Result comment,,,,,,,,,,
,,,,,,,,,,,,,,,,,,Result state,,,,,,,OK,,,
,,,,,,,,,,,,,,,,,,Result state comment,,,,,,,,,,
,,,,,,,,,,,,,,,,,,Nominal value,,,,,,,,,,
,,,,,,,,,,,,,,,,,,Compliance state,,,,,,,Released,,,
,,,,,,,,,,,,,,,,,,Is result deleted	,,,,,,,No,,,
Calculation formula,,,,,,,R1=Q*C/m,,,,,,,,,,,,,,,,,,,,,
Result title,,,,,,,,Content,,,,,,,,,,Sample ID1,,,,,,,FTS 2023 8/16 0630 rep1,,,
Result name,,,,,,,,R1,,,,,,,,,,Sample ID2,,,,,,,16(6),,,
Result,,,,,,,,1.5103 mmol/L ?¹?,,,,,,,,,,Result comment,,,,,,,,,,
,,,,,,,,,,,,,,,,,,Result state,,,,,,,OK,,,
,,,,,,,,,,,,,,,,,,Result state comment,,,,,,,,,,
,,,,,,,,,,,,,,,,,,Nominal value,,,,,,,,,,
,,,,,,,,,,,,,,,,,,Compliance state,,,,,,,Released,,,
,,,,,,,,,,,,,,,,,,Is result deleted	,,,,,,,No,,,
Calculation formula,,,,,,,R1=Q*C/m,,,,,,,,,,,,,,,,,,,,,
Result title,,,,,,,,Content,,,,,,,,,,Sample ID1,,,,,,,FTS 2023 8/16 0630 rep2,,,
Result name,,,,,,,,R1,,,,,,,,,,Sample ID2,,,,,,,17(7),,,
Result,,,,,,,,1.5085 mmol/L ???,,,,,,,,,,Result comment,,,,,,,,,,
,,,,,,,,,,,,,,,,,,Result state,,,,,,,OK,,,
,,,,,,,,,,,,,,,,,,Result state comment,,,,,,,,,,
,,,,,,,,,,,,,,,,,,Nominal value,,,,,,,,,,
,,,,,,,,,,,,,,,,,,Compliance state,,,,,,,Released,,,
,,,,,,,,,,,,,,,,,,Is result deleted	,,,,,,,No,,,
Calculation formula,,,,,,,R1=Q*C/m,,,,,,,,,,,,,,,,,,,,,
Result title,,,,,,,,Content,,,,,,,,,,Sample ID1,,,,,,,FTS 2023 8/16 0730 rep1,,,
Result name,,,,,,,,R1,,,,,,,,,,Sample ID2,,,,,,,1(8),,,
Result,,,,,,,,1.5673 mmol/L ?¹?,,,,,,,,,,Result comment,,,,,,,,,,
,,,,,,,,,,,,,,,,,,Result state,,,,,,,OK,,,
,,,,,,,,,,,,,,,,,,Result state comment,,,,,,,,,,
,,,,,,,,,,,,,,,,,,Nominal value,,,,,,,,,,
,,,,,,,,,,,,,,,,,,Compliance state,,,,,,,Released,,,
,,,,,,,,,,,,,,,,,,Is result deleted	,,,,,,,No,,,
Calculation formula,,,,,,,R1=Q*C/m,,,,,,,,,,,,,,,,,,,,,
Result title,,,,,,,,Content,,,,,,,,,,Sample ID1,,,,,,,FTS 2023 8/16 0730 rep2,,,
Result name,,,,,,,,R1,,,,,,,,,,Sample ID2,,,,,,,2(9),,,
Result,,,,,,,,1.5598 mmol/L ?¹?,,,,,,,,,,Result comment,,,,,,,,,,
,,,,,,,,,,,,,,,,,,Result state,,,,,,,OK,,,
,,,,,,,,,,,,,,,,,,Result state comment,,,,,,,,,,
,,,,,,,,,,,,,,,,,,Nominal value,,,,,,,,,,
,,,,,,,,,,,,,,,,,,Compliance state,,,,,,,Released,,,
,,,,,,,,,,,,,,,,,,Is result deleted	,,,,,,,No,,,
Calculation formula,,,,,,,R1=Q*C/m,,,,,,,,,,,,,,,,,,,,,
Result title,,,,,,,,Content,,,,,,,,,,Sample ID1,,,,,,,FTS 2023 8/16 0830 0830 rep1,,,
Result name,,,,,,,,R1,,,,,,,,,,,,,,,,,,,,
,,,,,,,,,,,,,,,,,,Sample ID2,,,,,,,3(10),,,
Result,,,,,,,,1.6619 mmol/L ???,,,,,,,,,,,,,,,,,,,,
,,,,,,,,,,,,,,,,,,Result comment,,,,,,,,,,
,,,,,,,,,,,,,,,,,,Result state,,,,,,,OK,,,
,,,,,,,,,,,,,,,,,,Result state comment,,,,,,,,,,
,,,,,,,,,,,,,,,,,,Nominal value,,,,,,,,,,
,,,,,,,,,,,,,,,,,,Compliance state,,,,,,,Released,,,
,,,,,,,,,,,,,,,,,,Is result deleted	,,,,,,,No,,,
Calculation formula,,,,,,,R1=Q*C/m,,,,,,,,,,,,,,,,,,,,,
Result title,,,,,,,,Content,,,,,,,,,,Sample ID1,,,,,,,FTS 2023 8/16 0830 0830 rep2,,,
Result name,,,,,,,,R1,,,,,,,,,,,,,,,,,,,,
,,,,,,,,,,,,,,,,,,Sample ID2,,,,,,,4(11),,,
Result,,,,,,,,1.6634 mmol/L ???,,,,,,,,,,,,,,,,,,,,
,,,,,,,,,,,,,,,,,,Result comment,,,,,,,,,,
,,,,,,,,,,,,,,,,,,Result state,,,,,,,OK,,,
,,,,,,,,,,,,,,,,,,Result state comment,,,,,,,,,,
,,,,,,,,,,,,,,,,,,Nominal value,,,,,,,,,,
,,,,,,,,,,,,,,,,,,Compliance state,,,,,,,Released,,,
,,,,,,,,,,,,,,,,,,Is result deleted	,,,,,,,No,,,
Calculation formula,,,,,,,R1=Q*C/m,,,,,,,,,,,,,,,,,,,,,
Result title,,,,,,,,Content,,,,,,,,,,Sample ID1,,,,,,,FTS 2023 8/16 0930 rep1,,,
Result name,,,,,,,,R1,,,,,,,,,,Sample ID2,,,,,,,5(12),,,
Result,,,,,,,,1.8306 mmol/L ???,,,,,,,,,,Result comment,,,,,,,,,,
,,,,,,,,,,,,,,,,,,Result state,,,,,,,OK,,,
,,,,,,,,,,,,,,,,,,Result state comment,,,,,,,,,,
,,,,,,,,,,,,,,,,,,Nominal value,,,,,,,,,,
,,,,,,,,,,,,,,,,,,Compliance state,,,,,,,Released,,,
,,,,,,,,,,,,,,,,,,Is result deleted	,,,,,,,No,,,
Calculation formula,,,,,,,R1=Q*C/m,,,,,,,,,,,,,,,,,,,,,
Result title,,,,,,,,Content,,,,,,,,,,Sample ID1,,,,,,,FTS 2023 8/16 0930 rep2,,,
Result name,,,,,,,,R1,,,,,,,,,,Sample ID2,,,,,,,6(13),,,
Result,,,,,,,,1.8295 mmol/L ???,,,,,,,,,,Result comment,,,,,,,,,,
,,,,,,,,,,,,,,,,,,Result state,,,,,,,OK,,,
,,,,,,,,,,,,,,,,,,Result state comment,,,,,,,,,,
,,,,,,,,,,,,,,,,,,Nominal value,,,,,,,,,,
,,,,,,,,,,,,,,,,,,Compliance state,,,,,,,Released,,,
,,,,,,,,,,,,,,,,,,Is result deleted	,,,,,,,No,,,
Calculation formula,,,,,,,R1=Q*C/m,,,,,,,,,,,,,,,,,,,,,
Result title,,,,,,,,Content,,,,,,,,,,Sample ID1,,,,,,,FTS 2023 8/16 1030 (rep1),,,
Result name,,,,,,,,R1,,,,,,,,,,Sample ID2,,,,,,,7(14),,,
Result,,,,,,,,2.0248 mmol/L ???,,,,,,,,,,Result comment,,,,,,,,,,
,,,,,,,,,,,,,,,,,,Result state,,,,,,,OK,,,
,,,,,,,,,,,,,,,,,,Result state comment,,,,,,,,,,
,,,,,,,,,,,,,,,,,,Nominal value,,,,,,,,,,
,,,,,,,,,,,,,,,,,,Compliance state,,,,,,,Released,,,
,,,,,,,,,,,,,,,,,,Is result deleted	,,,,,,,No,,,
Calculation formula,,,,,,,R1=Q*C/m,,,,,,,,,,,,,,,,,,,,,
Result title,,,,,,,,Content,,,,,,,,,,Sample ID1,,,,,,,FTS 2023 8/16 1030 (rep2),,,
Result name,,,,,,,,R1,,,,,,,,,,Sample ID2,,,,,,,8(15),,,
Result,,,,,,,,2.0282 mmol/L ???,,,,,,,,,,Result comment,,,,,,,,,,
,,,,,,,,,,,,,,,,,,Result state,,,,,,,OK,,,
,,,,,,,,,,,,,,,,,,Result state comment,,,,,,,,,,
,,,,,,,,,,,,,,,,,,Nominal value,,,,,,,,,,
,,,,,,,,,,,,,,,,,,Compliance state,,,,,,,Released,,,
,,,,,,,,,,,,,,,,,,Is result deleted	,,,,,,,No,,,
Calculation formula,,,,,,,R1=Q*C/m,,,,,,,,,,,,,,,,,,,,,
Result title,,,,,,,,Content,,,,,,,,,,Sample ID1,,,,,,,FTS 2023 8/16 1130 rep1,,,
Result name,,,,,,,,R1,,,,,,,,,,Sample ID2,,,,,,,9(16),,,
Result,,,,,,,,2.1835 mmol/L ???,,,,,,,,,,Result comment,,,,,,,,,,
,,,,,,,,,,,,,,,,,,Result state,,,,,,,OK,,,
,,,,,,,,,,,,,,,,,,Result state comment,,,,,,,,,,
,,,,,,,,,,,,,,,,,,Nominal value,,,,,,,,,,
,,,,,,,,,,,,,,,,,,Compliance state,,,,,,,Released,,,
,,,,,,,,,,,,,,,,,,Is result deleted	,,,,,,,No,,,
Calculation formula,,,,,,,R1=Q*C/m,,,,,,,,,,,,,,,,,,,,,
Result title,,,,,,,,Content,,,,,,,,,,Sample ID1,,,,,,,FTS 2023 8/16 1130 rep2,,,
Result name,,,,,,,,R1,,,,,,,,,,Sample ID2,,,,,,,10(17),,,
Result,,,,,,,,2.1806 mmol/L ?¹?,,,,,,,,,,Result comment,,,,,,,,,,
,,,,,,,,,,,,,,,,,,Result state,,,,,,,OK,,,
,,,,,,,,,,,,,,,,,,Result state comment,,,,,,,,,,
,,,,,,,,,,,,,,,,,,Nominal value,,,,,,,,,,
,,,,,,,,,,,,,,,,,,Compliance state,,,,,,,Released,,,
,,,,,,,,,,,,,,,,,,Is result deleted	,,,,,,,No,,,
Calculation formula,,,,,,,R1=Q*C/m,,,,,,,,,,,,,,,,,,,,,
Result title,,,,,,,,Content,,,,,,,,,,Sample ID1,,,,,,,FTS 2023 8/16 1230 rep1,,,
Result name,,,,,,,,R1,,,,,,,,,,Sample ID2,,,,,,,11(18),,,
Result,,,,,,,,2.2690 mmol/L ?¹?,,,,,,,,,,Result comment,,,,,,,,,,
,,,,,,,,,,,,,,,,,,Result state,,,,,,,OK,,,
,,,,,,,,,,,,,,,,,,Result state comment,,,,,,,,,,
,,,,,,,,,,,,,,,,,,Nominal value,,,,,,,,,,
,,,,,,,,,,,,,,,,,,Compliance state,,,,,,,Released,,,
,,,,,,,,,,,,,,,,,,Is result deleted	,,,,,,,No,,,
Calculation formula,,,,,,,R1=Q*C/m,,,,,,,,,,,,,,,,,,,,,
Result title,,,,,,,,Content,,,,,,,,,,Sample ID1,,,,,,,FTS 2023 8/16 1230 rep2,,,
Result name,,,,,,,,R1,,,,,,,,,,Sample ID2,,,,,,,12(19),,,
Result,,,,,,,,2.2701 mmol/L ???,,,,,,,,,,Result comment,,,,,,,,,,
,,,,,,,,,,,,,,,,,,Result state,,,,,,,OK,,,
,,,,,,,,,,,,,,,,,,Result state comment,,,,,,,,,,
,,,,,,,,,,,,,,,,,,Nominal value,,,,,,,,,,
,,,,,,,,,,,,,,,,,,Compliance state,,,,,,,Released,,,
,,,,,,,,,,,,,,,,,,Is result deleted	,,,,,,,No,,,
Calculation formula,,,,,,,R1=Q*C/m,,,,,,,,,,,,,,,,,,,,,
Result title,,,,,,,,Content,,,,,,,,,,Sample ID1,,,,,,,FTS 2023 8/16 13:30 rep1,,,
Result name,,,,,,,,R1,,,,,,,,,,Sample ID2,,,,,,,13(20),,,
Result,,,,,,,,2.2898 mmol/L ???,,,,,,,,,,Result comment,,,,,,,,,,
,,,,,,,,,,,,,,,,,,Result state,,,,,,,OK,,,
,,,,,,,,,,,,,,,,,,Result state comment,,,,,,,,,,
,,,,,,,,,,,,,,,,,,Nominal value,,,,,,,,,,
,,,,,,,,,,,,,,,,,,Compliance state,,,,,,,Released,,,
,,,,,,,,,,,,,,,,,,Is result deleted	,,,,,,,No,,,
Calculation formula,,,,,,,R1=Q*C/m,,,,,,,,,,,,,,,,,,,,,
Result title,,,,,,,,Content,,,,,,,,,,Sample ID1,,,,,,,FTS 2023 8/16 13:30 rep2,,,
Result name,,,,,,,,R1,,,,,,,,,,Sample ID2,,,,,,,14(21),,,
Result,,,,,,,,2.2862 mmol/L ???,,,,,,,,,,Result comment,,,,,,,,,,
,,,,,,,,,,,,,,,,,,Result state,,,,,,,OK,,,
,,,,,,,,,,,,,,,,,,Result state comment,,,,,,,,,,
,,,,,,,,,,,,,,,,,,Nominal value,,,,,,,,,,
,,,,,,,,,,,,,,,,,,Compliance state,,,,,,,Released,,,
,,,,,,,,,,,,,,,,,,Is result deleted	,,,,,,,No,,,
Calculation formula,,,,,,,R1=Q*C/m,,,,,,,,,,,,,,,,,,,,,
Result title,,,,,,,,Content,,,,,,,,,,Sample ID1,,,,,,,CRM 209-0435,,,
Result name,,,,,,,,R1,,,,,,,,,,Sample ID2,,,,,,,15(22),,,
Result,,,,,,,,2.2069 mmol/L ???,,,,,,,,,,Result comment,,,,,,,,,,
,,,,,,,,,,,,,,,,,,Result state,,,,,,,OK,,,
,,,,,,,,,,,,,,,,,,Result state comment,,,,,,,,,,
,,,,,,,,,,,,,,,,,,Nominal value,,,,,,,,,,
,,,,,,,,,,,,,,,,,,Compliance state,,,,,,,Released,,,
,,,,,,,,,,,,,,,,,,Is result deleted	,,,,,,,No,,,
Calculation formula,,,,,,,R1=Q*C/m,,,,,,,,,,,,,,,,,,,,,
Result title,,,,,,,,Content,,,,,,,,,,Sample ID1,,,,,,,FTS 2023 8/16 14:30 rep1,,,
Result name,,,,,,,,R1,,,,,,,,,,Sample ID2,,,,,,,16(23),,,
Result,,,,,,,,2.1798 mmol/L ?¹?,,,,,,,,,,Result comment,,,,,,,,,,
,,,,,,,,,,,,,,,,,,Result state,,,,,,,OK,,,
,,,,,,,,,,,,,,,,,,Result state comment,,,,,,,,,,
,,,,,,,,,,,,,,,,,,Nominal value,,,,,,,,,,
,,,,,,,,,,,,,,,,,,Compliance state,,,,,,,Released,,,
,,,,,,,,,,,,,,,,,,Is result deleted	,,,,,,,No,,,
Calculation formula,,,,,,,R1=Q*C/m,,,,,,,,,,,,,,,,,,,,,
Result title,,,,,,,,Content,,,,,,,,,,Sample ID1,,,,,,,FTS 2023 8/16 14:30 rep2,,,
Result name,,,,,,,,R1,,,,,,,,,,Sample ID2,,,,,,,17(24),,,
Result,,,,,,,,2.1424 mmol/L ???,,,,,,,,,,Result comment,,,,,,,,,,
,,,,,,,,,,,,,,,,,,Result state,,,,,,,OK,,,
,,,,,,,,,,,,,,,,,,Result state comment,,,,,,,,,,
,,,,,,,,,,,,,,,,,,Nominal value,,,,,,,,,,
,,,,,,,,,,,,,,,,,,Compliance state,,,,,,,Released,,,
,,,,,,,,,,,,,,,,,,Is result deleted	,,,,,,,No,,,
Calculation formula,,,,,,,R1=Q*C/m,,,,,,,,,,,,,,,,,,,,,
Result title,,,,,,,,Content,,,,,,,,,,Sample ID1,,,,,,,FTS 2023 8/16 15:30 rep1,,,
Result name,,,,,,,,R1,,,,,,,,,,Sample ID2,,,,,,,1(25),,,
Result,,,,,,,,2.0962 mmol/L ???,,,,,,,,,,Result comment,,,,,,,,,,
,,,,,,,,,,,,,,,,,,Result state,,,,,,,OK,,,
,,,,,,,,,,,,,,,,,,Result state comment,,,,,,,,,,
,,,,,,,,,,,,,,,,,,Nominal value,,,,,,,,,,
,,,,,,,,,,,,,,,,,,Compliance state,,,,,,,Released,,,
,,,,,,,,,,,,,,,,,,Is result deleted	,,,,,,,No,,,
Calculation formula,,,,,,,R1=Q*C/m,,,,,,,,,,,,,,,,,,,,,
Result title,,,,,,,,Content,,,,,,,,,,Sample ID1,,,,,,,FTS 2023 8/16 15:30 rep2,,,
Result name,,,,,,,,R1,,,,,,,,,,Sample ID2,,,,,,,2(26),,,
Result,,,,,,,,2.0971 mmol/L ???,,,,,,,,,,Result comment,,,,,,,,,,
,,,,,,,,,,,,,,,,,,Result state,,,,,,,OK,,,
,,,,,,,,,,,,,,,,,,Result state comment,,,,,,,,,,
,,,,,,,,,,,,,,,,,,Nominal value,,,,,,,,,,
,,,,,,,,,,,,,,,,,,Compliance state,,,,,,,Released,,,
,,,,,,,,,,,,,,,,,,Is result deleted	,,,,,,,No,,,
Calculation formula,,,,,,,R1=Q*C/m,,,,,,,,,,,,,,,,,,,,,
Result title,,,,,,,,Content,,,,,,,,,,Sample ID1,,,,,,,FTS 2023 8/16 16:30 rep1,,,
Result name,,,,,,,,R1,,,,,,,,,,Sample ID2,,,,,,,3(27),,,
Result,,,,,,,,2.0528 mmol/L ???,,,,,,,,,,Result comment,,,,,,,,,,
,,,,,,,,,,,,,,,,,,Result state,,,,,,,OK,,,
,,,,,,,,,,,,,,,,,,Result state comment,,,,,,,,,,
,,,,,,,,,,,,,,,,,,Nominal value,,,,,,,,,,
,,,,,,,,,,,,,,,,,,Compliance state,,,,,,,Released,,,
,,,,,,,,,,,,,,,,,,Is result deleted	,,,,,,,No,,,
Calculation formula,,,,,,,R1=Q*C/m,,,,,,,,,,,,,,,,,,,,,
Result title,,,,,,,,Content,,,,,,,,,,Sample ID1,,,,,,,FTS 2023 8/16 16:30 rep2,,,
Result name,,,,,,,,R1,,,,,,,,,,Sample ID2,,,,,,,4(28),,,
Result,,,,,,,,2.0554 mmol/L ???,,,,,,,,,,Result comment,,,,,,,,,,
,,,,,,,,,,,,,,,,,,Result state,,,,,,,OK,,,
,,,,,,,,,,,,,,,,,,Result state comment,,,,,,,,,,
,,,,,,,,,,,,,,,,,,Nominal value,,,,,,,,,,
,,,,,,,,,,,,,,,,,,Compliance state,,,,,,,Released,,,
,,,,,,,,,,,,,,,,,,Is result deleted	,,,,,,,No,,,
Calculation formula,,,,,,,R1=Q*C/m,,,,,,,,,,,,,,,,,,,,,
Result title,,,,,,,,Content,,,,,,,,,,Sample ID1,,,,,,,FTS 2023 8/16 17:30 rep1,,,
Result name,,,,,,,,R1,,,,,,,,,,Sample ID2,,,,,,,5(29),,,
Result,,,,,,,,1.9278 mmol/L ???,,,,,,,,,,Result comment,,,,,,,,,,
,,,,,,,,,,,,,,,,,,Result state,,,,,,,OK,,,
,,,,,,,,,,,,,,,,,,Result state comment,,,,,,,,,,
,,,,,,,,,,,,,,,,,,Nominal value,,,,,,,,,,
,,,,,,,,,,,,,,,,,,Compliance state,,,,,,,Released,,,
,,,,,,,,,,,,,,,,,,Is result deleted	,,,,,,,No,,,
Calculation formula,,,,,,,R1=Q*C/m,,,,,,,,,,,,,,,,,,,,,
Result title,,,,,,,,Content,,,,,,,,,,Sample ID1,,,,,,,FTS 2023 8/16 17:30 rep2,,,
Result name,,,,,,,,R1,,,,,,,,,,Sample ID2,,,,,,,6(30),,,
Result,,,,,,,,1.9278 mmol/L ?¹?,,,,,,,,,,Result comment,,,,,,,,,,
,,,,,,,,,,,,,,,,,,Result state,,,,,,,OK,,,
,,,,,,,,,,,,,,,,,,Result state comment,,,,,,,,,,
,,,,,,,,,,,,,,,,,,Nominal value,,,,,,,,,,
,,,,,,,,,,,,,,,,,,Compliance state,,,,,,,Released,,,
,,,,,,,,,,,,,,,,,,Is result deleted	,,,,,,,No,,,
Calculation formula,,,,,,,R1=Q*C/m,,,,,,,,,,,,,,,,,,,,,
Raw Results,,,,,,,,,,,,,,,,,,,,,,,,,,,,
"Scope 1/1, Sample 1/30 (GW5 8/7 0850 rep3; 11(1))",,,,,,,,,,,,,,,,,,,,,,,,,,,,
Sample (S1),,,,,,,,,,,,,,,,,,,,,,,,,,,,
,Creation time,,,,,,,,,,,,2/21/2024 11:22:55 AM,,,,,,,,,,,,,,,
,Sample start time,,,,,,,,,,,,2/21/2024 11:22:55 AM,,,,,,,,,,,,,,,
,Sample size,,,,,,,,,,,,60.069 g,,,,,,,,,,,,,,,
,Correction factor,,,,,,,,,,,,1.0,,,,,,,,,,,,,,,
,Temperature,,,,,,,,,,,,25.0 °C,,,,,,,,,,,,,,,
,Density,,,,,,,,,,,,1.0 g/mL,,,,,,,,,,,,,,,
Titration stand (Titrationstand1),,,,,,,,,,,,,,,,,,,,,,,,,,,,
,Creation time,,,,,,,,,,,,2/21/2024 11:22:55 AM,,,,,,,,,,,,,,,
Measure (normal) [1] (Measurenormal1),,,,,,,,,,,,,,,,,,,,,,,,,,,,
,Creation time,,,,,,,,,,,,2/21/2024 11:22:56 AM,,,,,,,,,,,,,,,
,T,,,,,,,,,,,,24.9 °C,,,,,,,,,,,,,,,
,E,,,,,,,,,,,,8.111 pH,,,,,,,,,,,,,,,
,tMe,,,,,,,,,,,,01:13 min,,,,,,,,,,,,,,,
,ESTMe,,,,,,,,,,,,3.076 pH,,,,,,,,,,,,,,,
Titration (EQP) [1] (TitrationEQP1),,,,,,,,,,,,,,,,,,,,,,,,,,,,
,Creation time,,,,,,,,,,,,2/21/2024 11:24:10 AM,,,,,,,,,,,,,,,
,Terminated at,,,,,,,,,,,,Potential,,,,,,,,,,,,,,,
,EEQ1,,,,,,,,,,,,4.529 pH ???,,,,,,,,,,,,,,,
,EHNV1,,,,,,,,,,,,6.229 pH,,,,,,,,,,,,,,,
,Q1,,,,,,,,,,,,0.126797 mmol ???,,,,,,,,,,,,,,,
,VEQ1,,,,,,,,,,,,1.266701 mL ???,,,,,,,,,,,,,,,
,EST,,,,,,,,,,,,8.112 pH,,,,,,,,,,,,,,,
,VEX,,,,,,,,,,,,0.794799 mL,,,,,,,,,,,,,,,
,VEND,,,,,,,,,,,,2.06150 mL,,,,,,,,,,,,,,,
,t,,,,,,,,,,,,23:52 min,,,,,,,,,,,,,,,
,QEND,,,,,,,,,,,,0.206356 mmol,,,,,,,,,,,,,,,
,QEX,,,,,,,,,,,,0.079559 mmol,,,,,,,,,,,,,,,
,EPD,,,,,,,,,,,,6.752 pH,,,,,,,,,,,,,,,
,nEQ,,,,,,,,,,,,2 ???,,,,,,,,,,,,,,,
Content (R1),,,,,,,,,,,,,,,,,,,,,,,,,,,,
,Creation time,,,,,,,,,,,,2/21/2024 11:48:10 AM ???,,,,,,,,,,,,,,,
,Result,,,,,,,,,,,,2.1109 mmol/L ???,,,,,,,,,,,,,,,
,Decimal places,,,,,,,,,,,,4 ???,,,,,,,,,,,,,,,
,Substance,,,,,,,,,,,,None ???,,,,,,,,,,,,,,,
,M,,,,,,,,,,,,1 g/mol ???,,,,,,,,,,,,,,,
,z,,,,,,,,,,,,1 ???,,,,,,,,,,,,,,,
Rinse (Rinse1),,,,,,,,,,,,,,,,,,,,,,,,,,,,
,Creation time,,,,,,,,,,,,2/21/2024 11:48:10 AM,,,,,,,,,,,,,,,
"Scope 1/1, Sample 2/30 (GW6 8/7 0815 rep3; 12(2))",,,,,,,,,,,,,,,,,,,,,,,,,,,,
Sample (S1),,,,,,,,,,,,,,,,,,,,,,,,,,,,
,Creation time,,,,,,,,,,,,2/21/2024 11:48:35 AM,,,,,,,,,,,,,,,
,Sample start time,,,,,,,,,,,,2/21/2024 11:48:35 AM,,,,,,,,,,,,,,,
,Sample size,,,,,,,,,,,,60.677 g,,,,,,,,,,,,,,,
,Correction factor,,,,,,,,,,,,1.0,,,,,,,,,,,,,,,
,Temperature,,,,,,,,,,,,25.0 °C,,,,,,,,,,,,,,,
,Density,,,,,,,,,,,,1.0 g/mL,,,,,,,,,,,,,,,
Titration stand (Titrationstand1),,,,,,,,,,,,,,,,,,,,,,,,,,,,
,Creation time,,,,,,,,,,,,2/21/2024 11:48:36 AM,,,,,,,,,,,,,,,
Measure (normal) [1] (Measurenormal1),,,,,,,,,,,,,,,,,,,,,,,,,,,,
,Creation time,,,,,,,,,,,,2/21/2024 11:48:36 AM,,,,,,,,,,,,,,,
,T,,,,,,,,,,,,25.1 °C,,,,,,,,,,,,,,,
,E,,,,,,,,,,,,8.092 pH,,,,,,,,,,,,,,,
,tMe,,,,,,,,,,,,01:12 min,,,,,,,,,,,,,,,
,ESTMe,,,,,,,,,,,,4.812 pH,,,,,,,,,,,,,,,
Titration (EQP) [1] (TitrationEQP1),,,,,,,,,,,,,,,,,,,,,,,,,,,,
,Creation time,,,,,,,,,,,,2/21/2024 11:49:48 AM,,,,,,,,,,,,,,,
,Terminated at,,,,,,,,,,,,Potential,,,,,,,,,,,,,,,
,EEQ1,,,,,,,,,,,,4.571 pH ???,,,,,,,,,,,,,,,
,EHNV1,,,,,,,,,,,,6.230 pH,,,,,,,,,,,,,,,
,Q1,,,,,,,,,,,,0.117926 mmol ???,,,,,,,,,,,,,,,
,VEQ1,,,,,,,,,,,,1.178086 mL ???,,,,,,,,,,,,,,,
,EST,,,,,,,,,,,,8.094 pH,,,,,,,,,,,,,,,
,VEX,,,,,,,,,,,,0.815664 mL,,,,,,,,,,,,,,,
,VEND,,,,,,,,,,,,1.99375 mL,,,,,,,,,,,,,,,
,t,,,,,,,,,,,,23:24 min,,,,,,,,,,,,,,,
,QEND,,,,,,,,,,,,0.199574 mmol,,,,,,,,,,,,,,,
,QEX,,,,,,,,,,,,0.081648 mmol,,,,,,,,,,,,,,,
,EPD,,,,,,,,,,,,6.710 pH,,,,,,,,,,,,,,,
,nEQ,,,,,,,,,,,,2 ???,,,,,,,,,,,,,,,
Content (R1),,,,,,,,,,,,,,,,,,,,,,,,,,,,
,Creation time,,,,,,,,,,,,2/21/2024 12:13:18 PM ???,,,,,,,,,,,,,,,
,Result,,,,,,,,,,,,1.9435 mmol/L ???,,,,,,,,,,,,,,,
,Decimal places,,,,,,,,,,,,4 ???,,,,,,,,,,,,,,,
,Substance,,,,,,,,,,,,None ???,,,,,,,,,,,,,,,
,M,,,,,,,,,,,,1 g/mol ???,,,,,,,,,,,,,,,
,z,,,,,,,,,,,,1 ???,,,,,,,,,,,,,,,
Rinse (Rinse1),,,,,,,,,,,,,,,,,,,,,,,,,,,,
,Creation time,,,,,,,,,,,,2/21/2024 12:13:18 PM,,,,,,,,,,,,,,,
"Scope 1/1, Sample 3/30 (CRM 209-0435; 13(3))",,,,,,,,,,,,,,,,,,,,,,,,,,,,
Sample (S1),,,,,,,,,,,,,,,,,,,,,,,,,,,,
,Creation time,,,,,,,,,,,,2/21/2024 12:13:29 PM,,,,,,,,,,,,,,,
,Sample start time,,,,,,,,,,,,2/21/2024 12:13:29 PM,,,,,,,,,,,,,,,
,Sample size,,,,,,,,,,,,56.581 g,,,,,,,,,,,,,,,
,Correction factor,,,,,,,,,,,,1.0,,,,,,,,,,,,,,,
,Temperature,,,,,,,,,,,,25.0 °C,,,,,,,,,,,,,,,
,Density,,,,,,,,,,,,1.022 g/mL,,,,,,,,,,,,,,,
Titration stand (Titrationstand1),,,,,,,,,,,,,,,,,,,,,,,,,,,,
,Creation time,,,,,,,,,,,,2/21/2024 12:13:29 PM,,,,,,,,,,,,,,,
Measure (normal) [1] (Measurenormal1),,,,,,,,,,,,,,,,,,,,,,,,,,,,
,Creation time,,,,,,,,,,,,2/21/2024 12:13:29 PM,,,,,,,,,,,,,,,
,T,,,,,,,,,,,,25.1 °C,,,,,,,,,,,,,,,
,E,,,,,,,,,,,,8.034 pH,,,,,,,,,,,,,,,
,tMe,,,,,,,,,,,,04:16 min,,,,,,,,,,,,,,,
,ESTMe,,,,,,,,,,,,6.742 pH,,,,,,,,,,,,,,,
Titration (EQP) [1] (TitrationEQP1),,,,,,,,,,,,,,,,,,,,,,,,,,,,
,Creation time,,,,,,,,,,,,2/21/2024 12:17:46 PM,,,,,,,,,,,,,,,
,Terminated at,,,,,,,,,,,,Potential,,,,,,,,,,,,,,,
,EEQ1,,,,,,,,,,,,4.476 pH ???,,,,,,,,,,,,,,,
,EHNV1,,,,,,,,,,,,6.119 pH,,,,,,,,,,,,,,,
,Q1,,,,,,,,,,,,0.125108 mmol ???,,,,,,,,,,,,,,,
,VEQ1,,,,,,,,,,,,1.249835 mL ???,,,,,,,,,,,,,,,
,EST,,,,,,,,,,,,8.027 pH,,,,,,,,,,,,,,,
,VEX,,,,,,,,,,,,0.737665 mL,,,,,,,,,,,,,,,
,VEND,,,,,,,,,,,,1.98750 mL,,,,,,,,,,,,,,,
,t,,,,,,,,,,,,22:52 min,,,,,,,,,,,,,,,
,QEND,,,,,,,,,,,,0.198949 mmol,,,,,,,,,,,,,,,
,QEX,,,,,,,,,,,,0.073840 mmol,,,,,,,,,,,,,,,
,EPD,,,,,,,,,,,,6.662 pH,,,,,,,,,,,,,,,
,nEQ,,,,,,,,,,,,1,,,,,,,,,,,,,,,
Content (R1),,,,,,,,,,,,,,,,,,,,,,,,,,,,
,Creation time,,,,,,,,,,,,2/21/2024 12:40:43 PM ???,,,,,,,,,,,,,,,
,Result,,,,,,,,,,,,2.2111 mmol/L ???,,,,,,,,,,,,,,,
,Decimal places,,,,,,,,,,,,4 ???,,,,,,,,,,,,,,,
,Substance,,,,,,,,,,,,None ???,,,,,,,,,,,,,,,
,M,,,,,,,,,,,,1 g/mol ???,,,,,,,,,,,,,,,
,z,,,,,,,,,,,,1 ???,,,,,,,,,,,,,,,
Rinse (Rinse1),,,,,,,,,,,,,,,,,,,,,,,,,,,,
,Creation time,,,,,,,,,,,,2/21/2024 12:40:44 PM,,,,,,,,,,,,,,,
"Scope 1/1, Sample 4/30 (FTS 2023 8/16 0530-rep1; 14(4))",,,,,,,,,,,,,,,,,,,,,,,,,,,,
Sample (S1),,,,,,,,,,,,,,,,,,,,,,,,,,,,
,Creation time,,,,,,,,,,,,2/21/2024 12:40:55 PM,,,,,,,,,,,,,,,
,Sample start time,,,,,,,,,,,,2/21/2024 12:40:55 PM,,,,,,,,,,,,,,,
,Sample size,,,,,,,,,,,,58.572 g,,,,,,,,,,,,,,,
,Correction factor,,,,,,,,,,,,1.0,,,,,,,,,,,,,,,
,Temperature,,,,,,,,,,,,25.0 °C,,,,,,,,,,,,,,,
,Density,,,,,,,,,,,,1.0 g/mL,,,,,,,,,,,,,,,
Titration stand (Titrationstand1),,,,,,,,,,,,,,,,,,,,,,,,,,,,
,Creation time,,,,,,,,,,,,2/21/2024 12:40:55 PM,,,,,,,,,,,,,,,
Measure (normal) [1] (Measurenormal1),,,,,,,,,,,,,,,,,,,,,,,,,,,,
,Creation time,,,,,,,,,,,,2/21/2024 12:40:55 PM,,,,,,,,,,,,,,,
,T,,,,,,,,,,,,25.3 °C,,,,,,,,,,,,,,,
,E,,,,,,,,,,,,7.482 pH,,,,,,,,,,,,,,,
,tMe,,,,,,,,,,,,01:12 min,,,,,,,,,,,,,,,
,ESTMe,,,,,,,,,,,,5.144 pH,,,,,,,,,,,,,,,
Titration (EQP) [1] (TitrationEQP1),,,,,,,,,,,,,,,,,,,,,,,,,,,,
,Creation time,,,,,,,,,,,,2/21/2024 12:42:08 PM,,,,,,,,,,,,,,,
,Terminated at,,,,,,,,,,,,Potential,,,,,,,,,,,,,,,
,EEQ1,,,,,,,,,,,,4.629 pH ???,,,,,,,,,,,,,,,
,EHNV1,,,,,,,,,,,,6.217 pH,,,,,,,,,,,,,,,
,Q1,,,,,,,,,,,,0.087662 mmol ???,,,,,,,,,,,,,,,
,VEQ1,,,,,,,,,,,,0.875744 mL ???,,,,,,,,,,,,,,,
,EST,,,,,,,,,,,,7.495 pH,,,,,,,,,,,,,,,
,VEX,,,,,,,,,,,,0.795756 mL,,,,,,,,,,,,,,,
,VEND,,,,,,,,,,,,1.67150 mL,,,,,,,,,,,,,,,
,t,,,,,,,,,,,,20:47 min,,,,,,,,,,,,,,,
,QEND,,,,,,,,,,,,0.167317 mmol,,,,,,,,,,,,,,,
,QEX,,,,,,,,,,,,0.079655 mmol,,,,,,,,,,,,,,,
,EPD,,,,,,,,,,,,6.463 pH,,,,,,,,,,,,,,,
,nEQ,,,,,,,,,,,,1,,,,,,,,,,,,,,,
Content (R1),,,,,,,,,,,,,,,,,,,,,,,,,,,,
,Creation time,,,,,,,,,,,,2/21/2024 1:03:01 PM ???,,,,,,,,,,,,,,,
,Result,,,,,,,,,,,,1.4967 mmol/L ???,,,,,,,,,,,,,,,
,Decimal places,,,,,,,,,,,,4 ???,,,,,,,,,,,,,,,
,Substance,,,,,,,,,,,,None ???,,,,,,,,,,,,,,,
,M,,,,,,,,,,,,1 g/mol ???,,,,,,,,,,,,,,,
,z,,,,,,,,,,,,1 ???,,,,,,,,,,,,,,,
Rinse (Rinse1),,,,,,,,,,,,,,,,,,,,,,,,,,,,
,Creation time,,,,,,,,,,,,2/21/2024 1:03:01 PM,,,,,,,,,,,,,,,
"Scope 1/1, Sample 5/30 (FTS 2023 8/16 0530-rep2; 15(5))",,,,,,,,,,,,,,,,,,,,,,,,,,,,
Sample (S1),,,,,,,,,,,,,,,,,,,,,,,,,,,,
,Creation time,,,,,,,,,,,,2/21/2024 1:03:12 PM,,,,,,,,,,,,,,,
,Sample start time,,,,,,,,,,,,2/21/2024 1:03:12 PM,,,,,,,,,,,,,,,
,Sample size,,,,,,,,,,,,59.903 g,,,,,,,,,,,,,,,
,Correction factor,,,,,,,,,,,,1.0,,,,,,,,,,,,,,,
,Temperature,,,,,,,,,,,,25.0 °C,,,,,,,,,,,,,,,
,Density,,,,,,,,,,,,1.0 g/mL,,,,,,,,,,,,,,,
Titration stand (Titrationstand1),,,,,,,,,,,,,,,,,,,,,,,,,,,,
,Creation time,,,,,,,,,,,,2/21/2024 1:03:13 PM,,,,,,,,,,,,,,,
Measure (normal) [1] (Measurenormal1),,,,,,,,,,,,,,,,,,,,,,,,,,,,
,Creation time,,,,,,,,,,,,2/21/2024 1:03:13 PM,,,,,,,,,,,,,,,
,T,,,,,,,,,,,,25.3 °C,,,,,,,,,,,,,,,
,E,,,,,,,,,,,,7.489 pH,,,,,,,,,,,,,,,
,tMe,,,,,,,,,,,,01:12 min,,,,,,,,,,,,,,,
,ESTMe,,,,,,,,,,,,5.489 pH,,,,,,,,,,,,,,,
Titration (EQP) [1] (TitrationEQP1),,,,,,,,,,,,,,,,,,,,,,,,,,,,
,Creation time,,,,,,,,,,,,2/21/2024 1:04:26 PM,,,,,,,,,,,,,,,
,Terminated at,,,,,,,,,,,,Potential,,,,,,,,,,,,,,,
,EEQ1,,,,,,,,,,,,4.628 pH ???,,,,,,,,,,,,,,,
,EHNV1,,,,,,,,,,,,6.200 pH,,,,,,,,,,,,,,,
,Q1,,,,,,,,,,,,0.089546 mmol ???,,,,,,,,,,,,,,,
,VEQ1,,,,,,,,,,,,0.894569 mL ???,,,,,,,,,,,,,,,
,EST,,,,,,,,,,,,7.501 pH,,,,,,,,,,,,,,,
,VEX,,,,,,,,,,,,0.791181 mL,,,,,,,,,,,,,,,
,VEND,,,,,,,,,,,,1.68575 mL,,,,,,,,,,,,,,,
,t,,,,,,,,,,,,20:48 min,,,,,,,,,,,,,,,
,QEND,,,,,,,,,,,,0.168744 mmol,,,,,,,,,,,,,,,
,QEX,,,,,,,,,,,,0.079197 mmol,,,,,,,,,,,,,,,
,EPD,,,,,,,,,,,,6.461 pH,,,,,,,,,,,,,,,
,nEQ,,,,,,,,,,,,1,,,,,,,,,,,,,,,
Content (R1),,,,,,,,,,,,,,,,,,,,,,,,,,,,
,Creation time,,,,,,,,,,,,2/21/2024 1:25:19 PM ???,,,,,,,,,,,,,,,
,Result,,,,,,,,,,,,1.4949 mmol/L ???,,,,,,,,,,,,,,,
,Decimal places,,,,,,,,,,,,4 ???,,,,,,,,,,,,,,,
,Substance,,,,,,,,,,,,None ???,,,,,,,,,,,,,,,
,M,,,,,,,,,,,,1 g/mol ???,,,,,,,,,,,,,,,
,z,,,,,,,,,,,,1 ???,,,,,,,,,,,,,,,
Rinse (Rinse1),,,,,,,,,,,,,,,,,,,,,,,,,,,,
,Creation time,,,,,,,,,,,,2/21/2024 1:25:19 PM,,,,,,,,,,,,,,,
"Scope 1/1, Sample 6/30 (FTS 2023 8/16 0630 rep1; 16(6))",,,,,,,,,,,,,,,,,,,,,,,,,,,,
Sample (S1),,,,,,,,,,,,,,,,,,,,,,,,,,,,
,Creation time,,,,,,,,,,,,2/21/2024 1:25:30 PM,,,,,,,,,,,,,,,
,Sample start time,,,,,,,,,,,,2/21/2024 1:25:30 PM,,,,,,,,,,,,,,,
,Sample size,,,,,,,,,,,,58.182 g,,,,,,,,,,,,,,,
,Correction factor,,,,,,,,,,,,1.0,,,,,,,,,,,,,,,
,Temperature,,,,,,,,,,,,25.0 °C,,,,,,,,,,,,,,,
,Density,,,,,,,,,,,,1.0 g/mL,,,,,,,,,,,,,,,
Titration stand (Titrationstand1),,,,,,,,,,,,,,,,,,,,,,,,,,,,
,Creation time,,,,,,,,,,,,2/21/2024 1:25:30 PM,,,,,,,,,,,,,,,
Measure (normal) [1] (Measurenormal1),,,,,,,,,,,,,,,,,,,,,,,,,,,,
,Creation time,,,,,,,,,,,,2/21/2024 1:25:30 PM,,,,,,,,,,,,,,,
,T,,,,,,,,,,,,25.2 °C,,,,,,,,,,,,,,,
,E,,,,,,,,,,,,7.332 pH,,,,,,,,,,,,,,,
,tMe,,,,,,,,,,,,01:12 min,,,,,,,,,,,,,,,
,ESTMe,,,,,,,,,,,,4.295 pH,,,,,,,,,,,,,,,
Titration (EQP) [1] (TitrationEQP1),,,,,,,,,,,,,,,,,,,,,,,,,,,,
,Creation time,,,,,,,,,,,,2/21/2024 1:26:43 PM,,,,,,,,,,,,,,,
,Terminated at,,,,,,,,,,,,Potential,,,,,,,,,,,,,,,
,EEQ1,,,,,,,,,,,,4.592 pH,,,,,,,,,,,,,,,
,EHNV1,,,,,,,,,,,,6.183 pH,,,,,,,,,,,,,,,
,Q1,,,,,,,,,,,,0.087870 mmol,,,,,,,,,,,,,,,
,VEQ1,,,,,,,,,,,,0.877820 mL,,,,,,,,,,,,,,,
,EST,,,,,,,,,,,,7.347 pH,,,,,,,,,,,,,,,
,VEX,,,,,,,,,,,,0.750074 mL,,,,,,,,,,,,,,,
,VEND,,,,,,,,,,,,1.64575 mL,,,,,,,,,,,,,,,
,t,,,,,,,,,,,,20:17 min,,,,,,,,,,,,,,,
,QEND,,,,,,,,,,,,0.164740 mmol,,,,,,,,,,,,,,,
,QEX,,,,,,,,,,,,0.075082 mmol,,,,,,,,,,,,,,,
,EPD,,,,,,,,,,,,6.424 pH,,,,,,,,,,,,,,,
,nEQ,,,,,,,,,,,,2 ?²²?,,,,,,,,,,,,,,,
Content (R1),,,,,,,,,,,,,,,,,,,,,,,,,,,,
,Creation time,,,,,,,,,,,,2/21/2024 1:47:06 PM ?¹?,,,,,,,,,,,,,,,
,Result,,,,,,,,,,,,1.5103 mmol/L ?¹?,,,,,,,,,,,,,,,
,Decimal places,,,,,,,,,,,,4 ?¹?,,,,,,,,,,,,,,,
,Substance,,,,,,,,,,,,None ?¹?,,,,,,,,,,,,,,,
,M,,,,,,,,,,,,1 g/mol ?¹?,,,,,,,,,,,,,,,
,z,,,,,,,,,,,,1 ?¹?,,,,,,,,,,,,,,,
Rinse (Rinse1),,,,,,,,,,,,,,,,,,,,,,,,,,,,
,Creation time,,,,,,,,,,,,2/21/2024 1:47:06 PM,,,,,,,,,,,,,,,
"Scope 1/1, Sample 7/30 (FTS 2023 8/16 0630 rep2; 17(7))",,,,,,,,,,,,,,,,,,,,,,,,,,,,
Sample (S1),,,,,,,,,,,,,,,,,,,,,,,,,,,,
,Creation time,,,,,,,,,,,,2/21/2024 1:47:17 PM,,,,,,,,,,,,,,,
,Sample start time,,,,,,,,,,,,2/21/2024 1:47:17 PM,,,,,,,,,,,,,,,
,Sample size,,,,,,,,,,,,63.279 g,,,,,,,,,,,,,,,
,Correction factor,,,,,,,,,,,,1.0,,,,,,,,,,,,,,,
,Temperature,,,,,,,,,,,,25.0 °C,,,,,,,,,,,,,,,
,Density,,,,,,,,,,,,1.0 g/mL,,,,,,,,,,,,,,,
Titration stand (Titrationstand1),,,,,,,,,,,,,,,,,,,,,,,,,,,,
,Creation time,,,,,,,,,,,,2/21/2024 1:47:17 PM,,,,,,,,,,,,,,,
Measure (normal) [1] (Measurenormal1),,,,,,,,,,,,,,,,,,,,,,,,,,,,
,Creation time,,,,,,,,,,,,2/21/2024 1:47:18 PM,,,,,,,,,,,,,,,
,T,,,,,,,,,,,,25.2 °C,,,,,,,,,,,,,,,
,E,,,,,,,,,,,,7.373 pH,,,,,,,,,,,,,,,
,tMe,,,,,,,,,,,,01:11 min,,,,,,,,,,,,,,,
,ESTMe,,,,,,,,,,,,4.398 pH,,,,,,,,,,,,,,,
Titration (EQP) [1] (TitrationEQP1),,,,,,,,,,,,,,,,,,,,,,,,,,,,
,Creation time,,,,,,,,,,,,2/21/2024 1:48:30 PM,,,,,,,,,,,,,,,
,Terminated at,,,,,,,,,,,,Potential,,,,,,,,,,,,,,,
,EEQ1,,,,,,,,,,,,4.602 pH ???,,,,,,,,,,,,,,,
,EHNV1,,,,,,,,,,,,6.178 pH,,,,,,,,,,,,,,,
,Q1,,,,,,,,,,,,0.095454 mmol ???,,,,,,,,,,,,,,,
,VEQ1,,,,,,,,,,,,0.953589 mL ???,,,,,,,,,,,,,,,
,EST,,,,,,,,,,,,7.387 pH,,,,,,,,,,,,,,,
,VEX,,,,,,,,,,,,0.872411 mL,,,,,,,,,,,,,,,
,VEND,,,,,,,,,,,,1.82600 mL,,,,,,,,,,,,,,,
,t,,,,,,,,,,,,21:49 min,,,,,,,,,,,,,,,
,QEND,,,,,,,,,,,,0.182783 mmol,,,,,,,,,,,,,,,
,QEX,,,,,,,,,,,,0.087328 mmol,,,,,,,,,,,,,,,
,EPD,,,,,,,,,,,,6.476 pH,,,,,,,,,,,,,,,
,nEQ,,,,,,,,,,,,2 ???,,,,,,,,,,,,,,,
Content (R1),,,,,,,,,,,,,,,,,,,,,,,,,,,,
,Creation time,,,,,,,,,,,,2/21/2024 2:10:24 PM ???,,,,,,,,,,,,,,,
,Result,,,,,,,,,,,,1.5085 mmol/L ???,,,,,,,,,,,,,,,
,Decimal places,,,,,,,,,,,,4 ???,,,,,,,,,,,,,,,
,Substance,,,,,,,,,,,,None ???,,,,,,,,,,,,,,,
,M,,,,,,,,,,,,1 g/mol ???,,,,,,,,,,,,,,,
,z,,,,,,,,,,,,1 ???,,,,,,,,,,,,,,,
Rinse (Rinse1),,,,,,,,,,,,,,,,,,,,,,,,,,,,
,Creation time,,,,,,,,,,,,2/21/2024 2:10:25 PM,,,,,,,,,,,,,,,
"Scope 1/1, Sample 8/30 (FTS 2023 8/16 0730 rep1; 1(8))",,,,,,,,,,,,,,,,,,,,,,,,,,,,
Sample (S1),,,,,,,,,,,,,,,,,,,,,,,,,,,,
,Creation time,,,,,,,,,,,,2/21/2024 2:34:14 PM,,,,,,,,,,,,,,,
,Sample start time,,,,,,,,,,,,2/21/2024 2:34:14 PM,,,,,,,,,,,,,,,
,Sample size,,,,,,,,,,,,56.609 g,,,,,,,,,,,,,,,
,Correction factor,,,,,,,,,,,,1.0,,,,,,,,,,,,,,,
,Temperature,,,,,,,,,,,,25.0 °C,,,,,,,,,,,,,,,
,Density,,,,,,,,,,,,1.0 g/mL,,,,,,,,,,,,,,,
Titration stand (Titrationstand1),,,,,,,,,,,,,,,,,,,,,,,,,,,,
,Creation time,,,,,,,,,,,,2/21/2024 2:34:14 PM,,,,,,,,,,,,,,,
Measure (normal) [1] (Measurenormal1),,,,,,,,,,,,,,,,,,,,,,,,,,,,
,Creation time,,,,,,,,,,,,2/21/2024 2:34:14 PM,,,,,,,,,,,,,,,
,T,,,,,,,,,,,,25.2 °C,,,,,,,,,,,,,,,
,E,,,,,,,,,,,,7.313 pH,,,,,,,,,,,,,,,
,tMe,,,,,,,,,,,,01:12 min,,,,,,,,,,,,,,,
,ESTMe,,,,,,,,,,,,4.350 pH,,,,,,,,,,,,,,,
Titration (EQP) [1] (TitrationEQP1),,,,,,,,,,,,,,,,,,,,,,,,,,,,
,Creation time,,,,,,,,,,,,2/21/2024 2:35:27 PM,,,,,,,,,,,,,,,
,Terminated at,,,,,,,,,,,,Potential,,,,,,,,,,,,,,,
,EEQ1,,,,,,,,,,,,4.600 pH,,,,,,,,,,,,,,,
,EHNV1,,,,,,,,,,,,6.192 pH,,,,,,,,,,,,,,,
,Q1,,,,,,,,,,,,0.088724 mmol,,,,,,,,,,,,,,,
,VEQ1,,,,,,,,,,,,0.886350 mL,,,,,,,,,,,,,,,
,EST,,,,,,,,,,,,7.326 pH,,,,,,,,,,,,,,,
,VEX,,,,,,,,,,,,0.771005 mL,,,,,,,,,,,,,,,
,VEND,,,,,,,,,,,,1.64250 mL,,,,,,,,,,,,,,,
,t,,,,,,,,,,,,20:17 min,,,,,,,,,,,,,,,
,QEND,,,,,,,,,,,,0.164414 mmol,,,,,,,,,,,,,,,
,QEX,,,,,,,,,,,,0.077178 mmol,,,,,,,,,,,,,,,
,EPD,,,,,,,,,,,,6.440 pH,,,,,,,,,,,,,,,
,nEQ,,,,,,,,,,,,2,,,,,,,,,,,,,,,
Content (R1),,,,,,,,,,,,,,,,,,,,,,,,,,,,
,Creation time,,,,,,,,,,,,2/21/2024 2:55:49 PM ?¹?,,,,,,,,,,,,,,,
,Result,,,,,,,,,,,,1.5673 mmol/L ?¹?,,,,,,,,,,,,,,,
,Decimal places,,,,,,,,,,,,4 ?¹?,,,,,,,,,,,,,,,
,Substance,,,,,,,,,,,,None ?¹?,,,,,,,,,,,,,,,
,M,,,,,,,,,,,,1 g/mol ?¹?,,,,,,,,,,,,,,,
,z,,,,,,,,,,,,1 ?¹?,,,,,,,,,,,,,,,
Rinse (Rinse1),,,,,,,,,,,,,,,,,,,,,,,,,,,,
,Creation time,,,,,,,,,,,,2/21/2024 2:55:49 PM,,,,,,,,,,,,,,,
"Scope 1/1, Sample 9/30 (FTS 2023 8/16 0730 rep2; 2(9))",,,,,,,,,,,,,,,,,,,,,,,,,,,,
Sample (S1),,,,,,,,,,,,,,,,,,,,,,,,,,,,
,Creation time,,,,,,,,,,,,2/21/2024 2:56:00 PM,,,,,,,,,,,,,,,
,Sample start time,,,,,,,,,,,,2/21/2024 2:56:00 PM,,,,,,,,,,,,,,,
,Sample size,,,,,,,,,,,,57.505 g,,,,,,,,,,,,,,,
,Correction factor,,,,,,,,,,,,1.0,,,,,,,,,,,,,,,
,Temperature,,,,,,,,,,,,25.0 °C,,,,,,,,,,,,,,,
,Density,,,,,,,,,,,,1.0 g/mL,,,,,,,,,,,,,,,
Titration stand (Titrationstand1),,,,,,,,,,,,,,,,,,,,,,,,,,,,
,Creation time,,,,,,,,,,,,2/21/2024 2:56:01 PM,,,,,,,,,,,,,,,
Measure (normal) [1] (Measurenormal1),,,,,,,,,,,,,,,,,,,,,,,,,,,,
,Creation time,,,,,,,,,,,,2/21/2024 2:56:01 PM,,,,,,,,,,,,,,,
,T,,,,,,,,,,,,25.3 °C,,,,,,,,,,,,,,,
,E,,,,,,,,,,,,7.359 pH,,,,,,,,,,,,,,,
,tMe,,,,,,,,,,,,01:12 min,,,,,,,,,,,,,,,
,ESTMe,,,,,,,,,,,,4.578 pH,,,,,,,,,,,,,,,
Titration (EQP) [1] (TitrationEQP1),,,,,,,,,,,,,,,,,,,,,,,,,,,,
,Creation time,,,,,,,,,,,,2/21/2024 2:57:14 PM,,,,,,,,,,,,,,,
,Terminated at,,,,,,,,,,,,Potential,,,,,,,,,,,,,,,
,EEQ1,,,,,,,,,,,,4.612 pH,,,,,,,,,,,,,,,
,EHNV1,,,,,,,,,,,,6.194 pH,,,,,,,,,,,,,,,
,Q1,,,,,,,,,,,,0.089697 mmol,,,,,,,,,,,,,,,
,VEQ1,,,,,,,,,,,,0.896071 mL,,,,,,,,,,,,,,,
,EST,,,,,,,,,,,,7.374 pH,,,,,,,,,,,,,,,
,VEX,,,,,,,,,,,,0.771683 mL,,,,,,,,,,,,,,,
,VEND,,,,,,,,,,,,1.69325 mL,,,,,,,,,,,,,,,
,t,,,,,,,,,,,,20:47 min,,,,,,,,,,,,,,,
,QEND,,,,,,,,,,,,0.169494 mmol,,,,,,,,,,,,,,,
,QEX,,,,,,,,,,,,0.077245 mmol,,,,,,,,,,,,,,,
,EPD,,,,,,,,,,,,6.445 pH,,,,,,,,,,,,,,,
,nEQ,,,,,,,,,,,,2 ?²²?,,,,,,,,,,,,,,,
Content (R1),,,,,,,,,,,,,,,,,,,,,,,,,,,,
,Creation time,,,,,,,,,,,,2/21/2024 3:18:07 PM ?¹?,,,,,,,,,,,,,,,
,Result,,,,,,,,,,,,1.5598 mmol/L ?¹?,,,,,,,,,,,,,,,
,Decimal places,,,,,,,,,,,,4 ?¹?,,,,,,,,,,,,,,,
,Substance,,,,,,,,,,,,None ?¹?,,,,,,,,,,,,,,,
,M,,,,,,,,,,,,1 g/mol ?¹?,,,,,,,,,,,,,,,
,z,,,,,,,,,,,,1 ?¹?,,,,,,,,,,,,,,,
Rinse (Rinse1),,,,,,,,,,,,,,,,,,,,,,,,,,,,
,Creation time,,,,,,,,,,,,2/21/2024 3:18:07 PM,,,,,,,,,,,,,,,
"Scope 1/1, Sample 10/30 (FTS 2023 8/16 0830 0830 rep1; 3(10))",,,,,,,,,,,,,,,,,,,,,,,,,,,,
Sample (S1),,,,,,,,,,,,,,,,,,,,,,,,,,,,
,Creation time,,,,,,,,,,,,2/21/2024 3:18:18 PM,,,,,,,,,,,,,,,
,Sample start time,,,,,,,,,,,,2/21/2024 3:18:18 PM,,,,,,,,,,,,,,,
,Sample size,,,,,,,,,,,,58.970 g,,,,,,,,,,,,,,,
,Correction factor,,,,,,,,,,,,1.0,,,,,,,,,,,,,,,
,Temperature,,,,,,,,,,,,25.0 °C,,,,,,,,,,,,,,,
,Density,,,,,,,,,,,,1.0 g/mL,,,,,,,,,,,,,,,
Titration stand (Titrationstand1),,,,,,,,,,,,,,,,,,,,,,,,,,,,
,Creation time,,,,,,,,,,,,2/21/2024 3:18:18 PM,,,,,,,,,,,,,,,
Measure (normal) [1] (Measurenormal1),,,,,,,,,,,,,,,,,,,,,,,,,,,,
,Creation time,,,,,,,,,,,,2/21/2024 3:18:18 PM,,,,,,,,,,,,,,,
,T,,,,,,,,,,,,25.2 °C,,,,,,,,,,,,,,,
,E,,,,,,,,,,,,7.460 pH,,,,,,,,,,,,,,,
,tMe,,,,,,,,,,,,01:12 min,,,,,,,,,,,,,,,
,ESTMe,,,,,,,,,,,,4.525 pH,,,,,,,,,,,,,,,
Titration (EQP) [1] (TitrationEQP1),,,,,,,,,,,,,,,,,,,,,,,,,,,,
,Creation time,,,,,,,,,,,,2/21/2024 3:19:31 PM,,,,,,,,,,,,,,,
,Terminated at,,,,,,,,,,,,Potential,,,,,,,,,,,,,,,
,EEQ1,,,,,,,,,,,,4.579 pH ???,,,,,,,,,,,,,,,
,EHNV1,,,,,,,,,,,,6.207 pH,,,,,,,,,,,,,,,
,Q1,,,,,,,,,,,,0.098003 mmol ???,,,,,,,,,,,,,,,
,VEQ1,,,,,,,,,,,,0.979050 mL ???,,,,,,,,,,,,,,,
,EST,,,,,,,,,,,,7.473 pH,,,,,,,,,,,,,,,
,VEX,,,,,,,,,,,,0.782950 mL,,,,,,,,,,,,,,,
,VEND,,,,,,,,,,,,1.76200 mL,,,,,,,,,,,,,,,
,t,,,,,,,,,,,,21:20 min,,,,,,,,,,,,,,,
,QEND,,,,,,,,,,,,0.176376 mmol,,,,,,,,,,,,,,,
,QEX,,,,,,,,,,,,0.078373 mmol,,,,,,,,,,,,,,,
,EPD,,,,,,,,,,,,6.517 pH,,,,,,,,,,,,,,,
,nEQ,,,,,,,,,,,,1,,,,,,,,,,,,,,,
Content (R1),,,,,,,,,,,,,,,,,,,,,,,,,,,,
,Creation time,,,,,,,,,,,,2/21/2024 3:40:56 PM ???,,,,,,,,,,,,,,,
,Result,,,,,,,,,,,,1.6619 mmol/L ???,,,,,,,,,,,,,,,
,Decimal places,,,,,,,,,,,,4 ???,,,,,,,,,,,,,,,
,Substance,,,,,,,,,,,,None ???,,,,,,,,,,,,,,,
,M,,,,,,,,,,,,1 g/mol ???,,,,,,,,,,,,,,,
,z,,,,,,,,,,,,1 ???,,,,,,,,,,,,,,,
Rinse (Rinse1),,,,,,,,,,,,,,,,,,,,,,,,,,,,
,Creation time,,,,,,,,,,,,2/21/2024 3:40:57 PM,,,,,,,,,,,,,,,
"Scope 1/1, Sample 11/30 (FTS 2023 8/16 0830 0830 rep2; 4(11))",,,,,,,,,,,,,,,,,,,,,,,,,,,,
Sample (S1),,,,,,,,,,,,,,,,,,,,,,,,,,,,
,Creation time,,,,,,,,,,,,2/21/2024 3:41:08 PM,,,,,,,,,,,,,,,
,Sample start time,,,,,,,,,,,,2/21/2024 3:41:08 PM,,,,,,,,,,,,,,,
,Sample size,,,,,,,,,,,,58.791 g,,,,,,,,,,,,,,,
,Correction factor,,,,,,,,,,,,1.0,,,,,,,,,,,,,,,
,Temperature,,,,,,,,,,,,25.0 °C,,,,,,,,,,,,,,,
,Density,,,,,,,,,,,,1.0 g/mL,,,,,,,,,,,,,,,
Titration stand (Titrationstand1),,,,,,,,,,,,,,,,,,,,,,,,,,,,
,Creation time,,,,,,,,,,,,2/21/2024 3:41:08 PM,,,,,,,,,,,,,,,
Measure (normal) [1] (Measurenormal1),,,,,,,,,,,,,,,,,,,,,,,,,,,,
,Creation time,,,,,,,,,,,,2/21/2024 3:41:08 PM,,,,,,,,,,,,,,,
,T,,,,,,,,,,,,25.2 °C,,,,,,,,,,,,,,,
,E,,,,,,,,,,,,7.478 pH,,,,,,,,,,,,,,,
,tMe,,,,,,,,,,,,01:12 min,,,,,,,,,,,,,,,
,ESTMe,,,,,,,,,,,,4.496 pH,,,,,,,,,,,,,,,
Titration (EQP) [1] (TitrationEQP1),,,,,,,,,,,,,,,,,,,,,,,,,,,,
,Creation time,,,,,,,,,,,,2/21/2024 3:42:21 PM,,,,,,,,,,,,,,,
,Terminated at,,,,,,,,,,,,Potential,,,,,,,,,,,,,,,
,EEQ1,,,,,,,,,,,,4.575 pH ???,,,,,,,,,,,,,,,
,EHNV1,,,,,,,,,,,,6.205 pH,,,,,,,,,,,,,,,
,Q1,,,,,,,,,,,,0.097791 mmol ???,,,,,,,,,,,,,,,
,VEQ1,,,,,,,,,,,,0.976929 mL ???,,,,,,,,,,,,,,,
,EST,,,,,,,,,,,,7.490 pH,,,,,,,,,,,,,,,
,VEX,,,,,,,,,,,,0.785821 mL,,,,,,,,,,,,,,,
,VEND,,,,,,,,,,,,1.76275 mL,,,,,,,,,,,,,,,
,t,,,,,,,,,,,,21:19 min,,,,,,,,,,,,,,,
,QEND,,,,,,,,,,,,0.176451 mmol,,,,,,,,,,,,,,,
,QEX,,,,,,,,,,,,0.078661 mmol,,,,,,,,,,,,,,,
,EPD,,,,,,,,,,,,6.515 pH,,,,,,,,,,,,,,,
,nEQ,,,,,,,,,,,,1,,,,,,,,,,,,,,,
Content (R1),,,,,,,,,,,,,,,,,,,,,,,,,,,,
,Creation time,,,,,,,,,,,,2/21/2024 4:03:45 PM ???,,,,,,,,,,,,,,,
,Result,,,,,,,,,,,,1.6634 mmol/L ???,,,,,,,,,,,,,,,
,Decimal places,,,,,,,,,,,,4 ???,,,,,,,,,,,,,,,
,Substance,,,,,,,,,,,,None ???,,,,,,,,,,,,,,,
,M,,,,,,,,,,,,1 g/mol ???,,,,,,,,,,,,,,,
,z,,,,,,,,,,,,1 ???,,,,,,,,,,,,,,,
Rinse (Rinse1),,,,,,,,,,,,,,,,,,,,,,,,,,,,
,Creation time,,,,,,,,,,,,2/21/2024 4:03:45 PM,,,,,,,,,,,,,,,
"Scope 1/1, Sample 12/30 (FTS 2023 8/16 0930 rep1; 5(12))",,,,,,,,,,,,,,,,,,,,,,,,,,,,
Sample (S1),,,,,,,,,,,,,,,,,,,,,,,,,,,,
,Creation time,,,,,,,,,,,,2/21/2024 4:03:56 PM,,,,,,,,,,,,,,,
,Sample start time,,,,,,,,,,,,2/21/2024 4:03:56 PM,,,,,,,,,,,,,,,
,Sample size,,,,,,,,,,,,56.574 g,,,,,,,,,,,,,,,
,Correction factor,,,,,,,,,,,,1.0,,,,,,,,,,,,,,,
,Temperature,,,,,,,,,,,,25.0 °C,,,,,,,,,,,,,,,
,Density,,,,,,,,,,,,1.0 g/mL,,,,,,,,,,,,,,,
Titration stand (Titrationstand1),,,,,,,,,,,,,,,,,,,,,,,,,,,,
,Creation time,,,,,,,,,,,,2/21/2024 4:03:56 PM,,,,,,,,,,,,,,,
Measure (normal) [1] (Measurenormal1),,,,,,,,,,,,,,,,,,,,,,,,,,,,
,Creation time,,,,,,,,,,,,2/21/2024 4:03:56 PM,,,,,,,,,,,,,,,
,T,,,,,,,,,,,,25.2 °C,,,,,,,,,,,,,,,
,E,,,,,,,,,,,,7.633 pH,,,,,,,,,,,,,,,
,tMe,,,,,,,,,,,,01:12 min,,,,,,,,,,,,,,,
,ESTMe,,,,,,,,,,,,4.615 pH,,,,,,,,,,,,,,,
Titration (EQP) [1] (TitrationEQP1),,,,,,,,,,,,,,,,,,,,,,,,,,,,
,Creation time,,,,,,,,,,,,2/21/2024 4:05:10 PM,,,,,,,,,,,,,,,
,Terminated at,,,,,,,,,,,,Potential,,,,,,,,,,,,,,,
,EEQ1,,,,,,,,,,,,4.570 pH ???,,,,,,,,,,,,,,,
,EHNV1,,,,,,,,,,,,6.227 pH,,,,,,,,,,,,,,,
,Q1,,,,,,,,,,,,0.103566 mmol ???,,,,,,,,,,,,,,,
,VEQ1,,,,,,,,,,,,1.034627 mL ???,,,,,,,,,,,,,,,
,EST,,,,,,,,,,,,7.643 pH,,,,,,,,,,,,,,,
,VEX,,,,,,,,,,,,0.773123 mL,,,,,,,,,,,,,,,
,VEND,,,,,,,,,,,,1.80775 mL,,,,,,,,,,,,,,,
,t,,,,,,,,,,,,21:49 min,,,,,,,,,,,,,,,
,QEND,,,,,,,,,,,,0.180956 mmol,,,,,,,,,,,,,,,
,QEX,,,,,,,,,,,,0.077390 mmol,,,,,,,,,,,,,,,
,EPD,,,,,,,,,,,,6.573 pH,,,,,,,,,,,,,,,
,nEQ,,,,,,,,,,,,1,,,,,,,,,,,,,,,
Content (R1),,,,,,,,,,,,,,,,,,,,,,,,,,,,
,Creation time,,,,,,,,,,,,2/21/2024 4:27:03 PM ???,,,,,,,,,,,,,,,
,Result,,,,,,,,,,,,1.8306 mmol/L ???,,,,,,,,,,,,,,,
,Decimal places,,,,,,,,,,,,4 ???,,,,,,,,,,,,,,,
,Substance,,,,,,,,,,,,None ???,,,,,,,,,,,,,,,
,M,,,,,,,,,,,,1 g/mol ???,,,,,,,,,,,,,,,
,z,,,,,,,,,,,,1 ???,,,,,,,,,,,,,,,
Rinse (Rinse1),,,,,,,,,,,,,,,,,,,,,,,,,,,,
,Creation time,,,,,,,,,,,,2/21/2024 4:27:04 PM,,,,,,,,,,,,,,,
"Scope 1/1, Sample 13/30 (FTS 2023 8/16 0930 rep2; 6(13))",,,,,,,,,,,,,,,,,,,,,,,,,,,,
Sample (S1),,,,,,,,,,,,,,,,,,,,,,,,,,,,
,Creation time,,,,,,,,,,,,2/21/2024 4:27:15 PM,,,,,,,,,,,,,,,
,Sample start time,,,,,,,,,,,,2/21/2024 4:27:15 PM,,,,,,,,,,,,,,,
,Sample size,,,,,,,,,,,,57.219 g,,,,,,,,,,,,,,,
,Correction factor,,,,,,,,,,,,1.0,,,,,,,,,,,,,,,
,Temperature,,,,,,,,,,,,25.0 °C,,,,,,,,,,,,,,,
,Density,,,,,,,,,,,,1.0 g/mL,,,,,,,,,,,,,,,
Titration stand (Titrationstand1),,,,,,,,,,,,,,,,,,,,,,,,,,,,
,Creation time,,,,,,,,,,,,2/21/2024 4:27:15 PM,,,,,,,,,,,,,,,
Measure (normal) [1] (Measurenormal1),,,,,,,,,,,,,,,,,,,,,,,,,,,,
,Creation time,,,,,,,,,,,,2/21/2024 4:27:15 PM,,,,,,,,,,,,,,,
,T,,,,,,,,,,,,25.2 °C,,,,,,,,,,,,,,,
,E,,,,,,,,,,,,7.649 pH,,,,,,,,,,,,,,,
,tMe,,,,,,,,,,,,01:12 min,,,,,,,,,,,,,,,
,ESTMe,,,,,,,,,,,,4.320 pH,,,,,,,,,,,,,,,
Titration (EQP) [1] (TitrationEQP1),,,,,,,,,,,,,,,,,,,,,,,,,,,,
,Creation time,,,,,,,,,,,,2/21/2024 4:28:28 PM,,,,,,,,,,,,,,,
,Terminated at,,,,,,,,,,,,Potential,,,,,,,,,,,,,,,
,EEQ1,,,,,,,,,,,,4.579 pH ???,,,,,,,,,,,,,,,
,EHNV1,,,,,,,,,,,,6.230 pH,,,,,,,,,,,,,,,
,Q1,,,,,,,,,,,,0.104685 mmol ???,,,,,,,,,,,,,,,
,VEQ1,,,,,,,,,,,,1.045807 mL ???,,,,,,,,,,,,,,,
,EST,,,,,,,,,,,,7.660 pH,,,,,,,,,,,,,,,
,VEX,,,,,,,,,,,,0.766193 mL,,,,,,,,,,,,,,,
,VEND,,,,,,,,,,,,1.81200 mL,,,,,,,,,,,,,,,
,t,,,,,,,,,,,,21:49 min,,,,,,,,,,,,,,,
,QEND,,,,,,,,,,,,0.181381 mmol,,,,,,,,,,,,,,,
,QEX,,,,,,,,,,,,0.076696 mmol,,,,,,,,,,,,,,,
,EPD,,,,,,,,,,,,6.584 pH,,,,,,,,,,,,,,,
,nEQ,,,,,,,,,,,,1,,,,,,,,,,,,,,,
Content (R1),,,,,,,,,,,,,,,,,,,,,,,,,,,,
,Creation time,,,,,,,,,,,,2/21/2024 4:50:22 PM ???,,,,,,,,,,,,,,,
,Result,,,,,,,,,,,,1.8295 mmol/L ???,,,,,,,,,,,,,,,
,Decimal places,,,,,,,,,,,,4 ???,,,,,,,,,,,,,,,
,Substance,,,,,,,,,,,,None ???,,,,,,,,,,,,,,,
,M,,,,,,,,,,,,1 g/mol ???,,,,,,,,,,,,,,,
,z,,,,,,,,,,,,1 ???,,,,,,,,,,,,,,,
Rinse (Rinse1),,,,,,,,,,,,,,,,,,,,,,,,,,,,
,Creation time,,,,,,,,,,,,2/21/2024 4:50:23 PM,,,,,,,,,,,,,,,
"Scope 1/1, Sample 14/30 (FTS 2023 8/16 1030 (rep1); 7(14))",,,,,,,,,,,,,,,,,,,,,,,,,,,,
Sample (S1),,,,,,,,,,,,,,,,,,,,,,,,,,,,
,Creation time,,,,,,,,,,,,2/21/2024 4:50:34 PM,,,,,,,,,,,,,,,
,Sample start time,,,,,,,,,,,,2/21/2024 4:50:34 PM,,,,,,,,,,,,,,,
,Sample size,,,,,,,,,,,,58.001 g,,,,,,,,,,,,,,,
,Correction factor,,,,,,,,,,,,1.0,,,,,,,,,,,,,,,
,Temperature,,,,,,,,,,,,25.0 °C,,,,,,,,,,,,,,,
,Density,,,,,,,,,,,,1.0 g/mL,,,,,,,,,,,,,,,
Titration stand (Titrationstand1),,,,,,,,,,,,,,,,,,,,,,,,,,,,
,Creation time,,,,,,,,,,,,2/21/2024 4:50:34 PM,,,,,,,,,,,,,,,
Measure (normal) [1] (Measurenormal1),,,,,,,,,,,,,,,,,,,,,,,,,,,,
,Creation time,,,,,,,,,,,,2/21/2024 4:50:34 PM,,,,,,,,,,,,,,,
,T,,,,,,,,,,,,25.2 °C,,,,,,,,,,,,,,,
,E,,,,,,,,,,,,7.519 pH,,,,,,,,,,,,,,,
,tMe,,,,,,,,,,,,01:12 min,,,,,,,,,,,,,,,
,ESTMe,,,,,,,,,,,,4.710 pH,,,,,,,,,,,,,,,
Titration (EQP) [1] (TitrationEQP1),,,,,,,,,,,,,,,,,,,,,,,,,,,,
,Creation time,,,,,,,,,,,,2/21/2024 4:51:47 PM,,,,,,,,,,,,,,,
,Terminated at,,,,,,,,,,,,Potential,,,,,,,,,,,,,,,
,EEQ1,,,,,,,,,,,,4.563 pH ???,,,,,,,,,,,,,,,
,EHNV1,,,,,,,,,,,,6.215 pH,,,,,,,,,,,,,,,
,Q1,,,,,,,,,,,,0.117440 mmol ???,,,,,,,,,,,,,,,
,VEQ1,,,,,,,,,,,,1.173228 mL ???,,,,,,,,,,,,,,,
,EST,,,,,,,,,,,,7.529 pH,,,,,,,,,,,,,,,
,VEX,,,,,,,,,,,,0.773272 mL,,,,,,,,,,,,,,,
,VEND,,,,,,,,,,,,1.94650 mL,,,,,,,,,,,,,,,
,t,,,,,,,,,,,,22:49 min,,,,,,,,,,,,,,,
,QEND,,,,,,,,,,,,0.194845 mmol,,,,,,,,,,,,,,,
,QEX,,,,,,,,,,,,0.077405 mmol,,,,,,,,,,,,,,,
,EPD,,,,,,,,,,,,6.621 pH,,,,,,,,,,,,,,,
,nEQ,,,,,,,,,,,,1,,,,,,,,,,,,,,,
Content (R1),,,,,,,,,,,,,,,,,,,,,,,,,,,,
,Creation time,,,,,,,,,,,,2/21/2024 5:14:42 PM ???,,,,,,,,,,,,,,,
,Result,,,,,,,,,,,,2.0248 mmol/L ???,,,,,,,,,,,,,,,
,Decimal places,,,,,,,,,,,,4 ???,,,,,,,,,,,,,,,
,Substance,,,,,,,,,,,,None ???,,,,,,,,,,,,,,,
,M,,,,,,,,,,,,1 g/mol ???,,,,,,,,,,,,,,,
,z,,,,,,,,,,,,1 ???,,,,,,,,,,,,,,,
Rinse (Rinse1),,,,,,,,,,,,,,,,,,,,,,,,,,,,
,Creation time,,,,,,,,,,,,2/21/2024 5:14:42 PM,,,,,,,,,,,,,,,
"Scope 1/1, Sample 15/30 (FTS 2023 8/16 1030 (rep2); 8(15))",,,,,,,,,,,,,,,,,,,,,,,,,,,,
Sample (S1),,,,,,,,,,,,,,,,,,,,,,,,,,,,
,Creation time,,,,,,,,,,,,2/21/2024 5:14:53 PM,,,,,,,,,,,,,,,
,Sample start time,,,,,,,,,,,,2/21/2024 5:14:53 PM,,,,,,,,,,,,,,,
,Sample size,,,,,,,,,,,,57.048 g,,,,,,,,,,,,,,,
,Correction factor,,,,,,,,,,,,1.0,,,,,,,,,,,,,,,
,Temperature,,,,,,,,,,,,25.0 °C,,,,,,,,,,,,,,,
,Density,,,,,,,,,,,,1.0 g/mL,,,,,,,,,,,,,,,
Titration stand (Titrationstand1),,,,,,,,,,,,,,,,,,,,,,,,,,,,
,Creation time,,,,,,,,,,,,2/21/2024 5:14:53 PM,,,,,,,,,,,,,,,
Measure (normal) [1] (Measurenormal1),,,,,,,,,,,,,,,,,,,,,,,,,,,,
,Creation time,,,,,,,,,,,,2/21/2024 5:14:54 PM,,,,,,,,,,,,,,,
,T,,,,,,,,,,,,25.2 °C,,,,,,,,,,,,,,,
,E,,,,,,,,,,,,7.569 pH,,,,,,,,,,,,,,,
,tMe,,,,,,,,,,,,01:12 min,,,,,,,,,,,,,,,
,ESTMe,,,,,,,,,,,,4.743 pH,,,,,,,,,,,,,,,
Titration (EQP) [1] (TitrationEQP1),,,,,,,,,,,,,,,,,,,,,,,,,,,,
,Creation time,,,,,,,,,,,,2/21/2024 5:16:06 PM,,,,,,,,,,,,,,,
,Terminated at,,,,,,,,,,,,Potential,,,,,,,,,,,,,,,
,EEQ1,,,,,,,,,,,,4.555 pH ???,,,,,,,,,,,,,,,
,EHNV1,,,,,,,,,,,,6.225 pH,,,,,,,,,,,,,,,
,Q1,,,,,,,,,,,,0.115702 mmol ???,,,,,,,,,,,,,,,
,VEQ1,,,,,,,,,,,,1.155861 mL ???,,,,,,,,,,,,,,,
,EST,,,,,,,,,,,,7.579 pH,,,,,,,,,,,,,,,
,VEX,,,,,,,,,,,,0.782139 mL,,,,,,,,,,,,,,,
,VEND,,,,,,,,,,,,1.93800 mL,,,,,,,,,,,,,,,
,t,,,,,,,,,,,,22:51 min,,,,,,,,,,,,,,,
,QEND,,,,,,,,,,,,0.193994 mmol,,,,,,,,,,,,,,,
,QEX,,,,,,,,,,,,0.078292 mmol,,,,,,,,,,,,,,,
,EPD,,,,,,,,,,,,6.625 pH,,,,,,,,,,,,,,,
,nEQ,,,,,,,,,,,,1,,,,,,,,,,,,,,,
Content (R1),,,,,,,,,,,,,,,,,,,,,,,,,,,,
,Creation time,,,,,,,,,,,,2/21/2024 5:39:03 PM ???,,,,,,,,,,,,,,,
,Result,,,,,,,,,,,,2.0282 mmol/L ???,,,,,,,,,,,,,,,
,Decimal places,,,,,,,,,,,,4 ???,,,,,,,,,,,,,,,
,Substance,,,,,,,,,,,,None ???,,,,,,,,,,,,,,,
,M,,,,,,,,,,,,1 g/mol ???,,,,,,,,,,,,,,,
,z,,,,,,,,,,,,1 ???,,,,,,,,,,,,,,,
Rinse (Rinse1),,,,,,,,,,,,,,,,,,,,,,,,,,,,
,Creation time,,,,,,,,,,,,2/21/2024 5:39:03 PM,,,,,,,,,,,,,,,
"Scope 1/1, Sample 16/30 (FTS 2023 8/16 1130 rep1; 9(16))",,,,,,,,,,,,,,,,,,,,,,,,,,,,
Sample (S1),,,,,,,,,,,,,,,,,,,,,,,,,,,,
,Creation time,,,,,,,,,,,,2/21/2024 5:39:14 PM,,,,,,,,,,,,,,,
,Sample start time,,,,,,,,,,,,2/21/2024 5:39:14 PM,,,,,,,,,,,,,,,
,Sample size,,,,,,,,,,,,56.341 g,,,,,,,,,,,,,,,
,Correction factor,,,,,,,,,,,,1.0,,,,,,,,,,,,,,,
,Temperature,,,,,,,,,,,,25.0 °C,,,,,,,,,,,,,,,
,Density,,,,,,,,,,,,1.0 g/mL,,,,,,,,,,,,,,,
Titration stand (Titrationstand1),,,,,,,,,,,,,,,,,,,,,,,,,,,,
,Creation time,,,,,,,,,,,,2/21/2024 5:39:14 PM,,,,,,,,,,,,,,,
Measure (normal) [1] (Measurenormal1),,,,,,,,,,,,,,,,,,,,,,,,,,,,
,Creation time,,,,,,,,,,,,2/21/2024 5:39:14 PM,,,,,,,,,,,,,,,
,T,,,,,,,,,,,,25.2 °C,,,,,,,,,,,,,,,
,E,,,,,,,,,,,,7.624 pH,,,,,,,,,,,,,,,
,tMe,,,,,,,,,,,,01:12 min,,,,,,,,,,,,,,,
,ESTMe,,,,,,,,,,,,4.695 pH,,,,,,,,,,,,,,,
Titration (EQP) [1] (TitrationEQP1),,,,,,,,,,,,,,,,,,,,,,,,,,,,
,Creation time,,,,,,,,,,,,2/21/2024 5:40:27 PM,,,,,,,,,,,,,,,
,Terminated at,,,,,,,,,,,,Potential,,,,,,,,,,,,,,,
,EEQ1,,,,,,,,,,,,4.560 pH ???,,,,,,,,,,,,,,,
,EHNV1,,,,,,,,,,,,6.228 pH,,,,,,,,,,,,,,,
,Q1,,,,,,,,,,,,0.123018 mmol ???,,,,,,,,,,,,,,,
,VEQ1,,,,,,,,,,,,1.228954 mL ???,,,,,,,,,,,,,,,
,EST,,,,,,,,,,,,7.633 pH,,,,,,,,,,,,,,,
,VEX,,,,,,,,,,,,0.766546 mL,,,,,,,,,,,,,,,
,VEND,,,,,,,,,,,,1.99550 mL,,,,,,,,,,,,,,,
,t,,,,,,,,,,,,23:20 min,,,,,,,,,,,,,,,
,QEND,,,,,,,,,,,,0.199750 mmol,,,,,,,,,,,,,,,
,QEX,,,,,,,,,,,,0.076731 mmol,,,,,,,,,,,,,,,
,EPD,,,,,,,,,,,,6.664 pH,,,,,,,,,,,,,,,
,nEQ,,,,,,,,,,,,1,,,,,,,,,,,,,,,
Content (R1),,,,,,,,,,,,,,,,,,,,,,,,,,,,
,Creation time,,,,,,,,,,,,2/21/2024 6:03:53 PM ???,,,,,,,,,,,,,,,
,Result,,,,,,,,,,,,2.1835 mmol/L ???,,,,,,,,,,,,,,,
,Decimal places,,,,,,,,,,,,4 ???,,,,,,,,,,,,,,,
,Substance,,,,,,,,,,,,None ???,,,,,,,,,,,,,,,
,M,,,,,,,,,,,,1 g/mol ???,,,,,,,,,,,,,,,
,z,,,,,,,,,,,,1 ???,,,,,,,,,,,,,,,
Rinse (Rinse1),,,,,,,,,,,,,,,,,,,,,,,,,,,,
,Creation time,,,,,,,,,,,,2/21/2024 6:03:53 PM,,,,,,,,,,,,,,,
"Scope 1/1, Sample 17/30 (FTS 2023 8/16 1130 rep2; 10(17))",,,,,,,,,,,,,,,,,,,,,,,,,,,,
Sample (S1),,,,,,,,,,,,,,,,,,,,,,,,,,,,
,Creation time,,,,,,,,,,,,2/21/2024 6:04:04 PM,,,,,,,,,,,,,,,
,Sample start time,,,,,,,,,,,,2/21/2024 6:04:04 PM,,,,,,,,,,,,,,,
,Sample size,,,,,,,,,,,,59.213 g,,,,,,,,,,,,,,,
,Correction factor,,,,,,,,,,,,1.0,,,,,,,,,,,,,,,
,Temperature,,,,,,,,,,,,25.0 °C,,,,,,,,,,,,,,,
,Density,,,,,,,,,,,,1.0 g/mL,,,,,,,,,,,,,,,
Titration stand (Titrationstand1),,,,,,,,,,,,,,,,,,,,,,,,,,,,
,Creation time,,,,,,,,,,,,2/21/2024 6:04:05 PM,,,,,,,,,,,,,,,
Measure (normal) [1] (Measurenormal1),,,,,,,,,,,,,,,,,,,,,,,,,,,,
,Creation time,,,,,,,,,,,,2/21/2024 6:04:05 PM,,,,,,,,,,,,,,,
,T,,,,,,,,,,,,25.2 °C,,,,,,,,,,,,,,,
,E,,,,,,,,,,,,7.662 pH,,,,,,,,,,,,,,,
,tMe,,,,,,,,,,,,01:12 min,,,,,,,,,,,,,,,
,ESTMe,,,,,,,,,,,,4.737 pH,,,,,,,,,,,,,,,
Titration (EQP) [1] (TitrationEQP1),,,,,,,,,,,,,,,,,,,,,,,,,,,,
,Creation time,,,,,,,,,,,,2/21/2024 6:05:18 PM,,,,,,,,,,,,,,,
,Terminated at,,,,,,,,,,,,Potential,,,,,,,,,,,,,,,
,EEQ1,,,,,,,,,,,,4.561 pH,,,,,,,,,,,,,,,
,EHNV1,,,,,,,,,,,,6.226 pH,,,,,,,,,,,,,,,
,Q1,,,,,,,,,,,,0.129119 mmol,,,,,,,,,,,,,,,
,VEQ1,,,,,,,,,,,,1.289905 mL,,,,,,,,,,,,,,,
,EST,,,,,,,,,,,,7.670 pH,,,,,,,,,,,,,,,
,VEX,,,,,,,,,,,,0.804619 mL,,,,,,,,,,,,,,,
,VEND,,,,,,,,,,,,2.11600 mL,,,,,,,,,,,,,,,
,t,,,,,,,,,,,,24:21 min,,,,,,,,,,,,,,,
,QEND,,,,,,,,,,,,0.211812 mmol,,,,,,,,,,,,,,,
,QEX,,,,,,,,,,,,0.080542 mmol,,,,,,,,,,,,,,,
,EPD,,,,,,,,,,,,6.693 pH,,,,,,,,,,,,,,,
,nEQ,,,,,,,,,,,,2 ?²²?,,,,,,,,,,,,,,,
Content (R1),,,,,,,,,,,,,,,,,,,,,,,,,,,,
,Creation time,,,,,,,,,,,,2/21/2024 6:29:44 PM ?¹?,,,,,,,,,,,,,,,
,Result,,,,,,,,,,,,2.1806 mmol/L ?¹?,,,,,,,,,,,,,,,
,Decimal places,,,,,,,,,,,,4 ?¹?,,,,,,,,,,,,,,,
,Substance,,,,,,,,,,,,None ?¹?,,,,,,,,,,,,,,,
,M,,,,,,,,,,,,1 g/mol ?¹?,,,,,,,,,,,,,,,
,z,,,,,,,,,,,,1 ?¹?,,,,,,,,,,,,,,,
Rinse (Rinse1),,,,,,,,,,,,,,,,,,,,,,,,,,,,
,Creation time,,,,,,,,,,,,2/21/2024 6:29:44 PM,,,,,,,,,,,,,,,
"Scope 1/1, Sample 18/30 (FTS 2023 8/16 1230 rep1; 11(18))",,,,,,,,,,,,,,,,,,,,,,,,,,,,
Sample (S1),,,,,,,,,,,,,,,,,,,,,,,,,,,,
,Creation time,,,,,,,,,,,,2/21/2024 6:29:55 PM,,,,,,,,,,,,,,,
,Sample start time,,,,,,,,,,,,2/21/2024 6:29:55 PM,,,,,,,,,,,,,,,
,Sample size,,,,,,,,,,,,59.157 g,,,,,,,,,,,,,,,
,Correction factor,,,,,,,,,,,,1.0,,,,,,,,,,,,,,,
,Temperature,,,,,,,,,,,,25.0 °C,,,,,,,,,,,,,,,
,Density,,,,,,,,,,,,1.0 g/mL,,,,,,,,,,,,,,,
Titration stand (Titrationstand1),,,,,,,,,,,,,,,,,,,,,,,,,,,,
,Creation time,,,,,,,,,,,,2/21/2024 6:29:56 PM,,,,,,,,,,,,,,,
Measure (normal) [1] (Measurenormal1),,,,,,,,,,,,,,,,,,,,,,,,,,,,
,Creation time,,,,,,,,,,,,2/21/2024 6:29:56 PM,,,,,,,,,,,,,,,
,T,,,,,,,,,,,,25.3 °C,,,,,,,,,,,,,,,
,E,,,,,,,,,,,,7.742 pH,,,,,,,,,,,,,,,
,tMe,,,,,,,,,,,,01:12 min,,,,,,,,,,,,,,,
,ESTMe,,,,,,,,,,,,4.718 pH,,,,,,,,,,,,,,,
Titration (EQP) [1] (TitrationEQP1),,,,,,,,,,,,,,,,,,,,,,,,,,,,
,Creation time,,,,,,,,,,,,2/21/2024 6:31:09 PM,,,,,,,,,,,,,,,
,Terminated at,,,,,,,,,,,,Potential,,,,,,,,,,,,,,,
,EEQ1,,,,,,,,,,,,4.554 pH,,,,,,,,,,,,,,,
,EHNV1,,,,,,,,,,,,6.236 pH,,,,,,,,,,,,,,,
,Q1,,,,,,,,,,,,0.134230 mmol,,,,,,,,,,,,,,,
,VEQ1,,,,,,,,,,,,1.340956 mL,,,,,,,,,,,,,,,
,EST,,,,,,,,,,,,7.747 pH,,,,,,,,,,,,,,,
,VEX,,,,,,,,,,,,0.799870 mL,,,,,,,,,,,,,,,
,VEND,,,,,,,,,,,,2.16900 mL,,,,,,,,,,,,,,,
,t,,,,,,,,,,,,24:52 min,,,,,,,,,,,,,,,
,QEND,,,,,,,,,,,,0.217117 mmol,,,,,,,,,,,,,,,
,QEX,,,,,,,,,,,,0.080067 mmol,,,,,,,,,,,,,,,
,EPD,,,,,,,,,,,,6.726 pH,,,,,,,,,,,,,,,
,nEQ,,,,,,,,,,,,2 ?²²?,,,,,,,,,,,,,,,
Content (R1),,,,,,,,,,,,,,,,,,,,,,,,,,,,
,Creation time,,,,,,,,,,,,2/21/2024 6:56:06 PM ?¹?,,,,,,,,,,,,,,,
,Result,,,,,,,,,,,,2.2690 mmol/L ?¹?,,,,,,,,,,,,,,,
,Decimal places,,,,,,,,,,,,4 ?¹?,,,,,,,,,,,,,,,
,Substance,,,,,,,,,,,,None ?¹?,,,,,,,,,,,,,,,
,M,,,,,,,,,,,,1 g/mol ?¹?,,,,,,,,,,,,,,,
,z,,,,,,,,,,,,1 ?¹?,,,,,,,,,,,,,,,
Rinse (Rinse1),,,,,,,,,,,,,,,,,,,,,,,,,,,,
,Creation time,,,,,,,,,,,,2/21/2024 6:56:07 PM,,,,,,,,,,,,,,,
"Scope 1/1, Sample 19/30 (FTS 2023 8/16 1230 rep2; 12(19))",,,,,,,,,,,,,,,,,,,,,,,,,,,,
Sample (S1),,,,,,,,,,,,,,,,,,,,,,,,,,,,
,Creation time,,,,,,,,,,,,2/21/2024 6:56:45 PM,,,,,,,,,,,,,,,
,Sample start time,,,,,,,,,,,,2/21/2024 6:56:45 PM,,,,,,,,,,,,,,,
,Sample size,,,,,,,,,,,,56.693 g,,,,,,,,,,,,,,,
,Correction factor,,,,,,,,,,,,1.0,,,,,,,,,,,,,,,
,Temperature,,,,,,,,,,,,25.0 °C,,,,,,,,,,,,,,,
,Density,,,,,,,,,,,,1.0 g/mL,,,,,,,,,,,,,,,
Titration stand (Titrationstand1),,,,,,,,,,,,,,,,,,,,,,,,,,,,
,Creation time,,,,,,,,,,,,2/21/2024 6:56:46 PM,,,,,,,,,,,,,,,
Measure (normal) [1] (Measurenormal1),,,,,,,,,,,,,,,,,,,,,,,,,,,,
,Creation time,,,,,,,,,,,,2/21/2024 6:56:46 PM,,,,,,,,,,,,,,,
,T,,,,,,,,,,,,25.2 °C,,,,,,,,,,,,,,,
,E,,,,,,,,,,,,7.792 pH,,,,,,,,,,,,,,,
,tMe,,,,,,,,,,,,01:12 min,,,,,,,,,,,,,,,
,ESTMe,,,,,,,,,,,,4.731 pH,,,,,,,,,,,,,,,
Titration (EQP) [1] (TitrationEQP1),,,,,,,,,,,,,,,,,,,,,,,,,,,,
,Creation time,,,,,,,,,,,,2/21/2024 6:57:59 PM,,,,,,,,,,,,,,,
,Terminated at,,,,,,,,,,,,Potential,,,,,,,,,,,,,,,
,EEQ1,,,,,,,,,,,,4.562 pH ???,,,,,,,,,,,,,,,
,EHNV1,,,,,,,,,,,,6.244 pH,,,,,,,,,,,,,,,
,Q1,,,,,,,,,,,,0.128699 mmol ???,,,,,,,,,,,,,,,
,VEQ1,,,,,,,,,,,,1.285706 mL ???,,,,,,,,,,,,,,,
,EST,,,,,,,,,,,,7.796 pH,,,,,,,,,,,,,,,
,VEX,,,,,,,,,,,,0.766294 mL,,,,,,,,,,,,,,,
,VEND,,,,,,,,,,,,2.05200 mL,,,,,,,,,,,,,,,
,t,,,,,,,,,,,,23:50 min,,,,,,,,,,,,,,,
,QEND,,,,,,,,,,,,0.205405 mmol,,,,,,,,,,,,,,,
,QEX,,,,,,,,,,,,0.076706 mmol,,,,,,,,,,,,,,,
,EPD,,,,,,,,,,,,6.716 pH,,,,,,,,,,,,,,,
,nEQ,,,,,,,,,,,,1,,,,,,,,,,,,,,,
Content (R1),,,,,,,,,,,,,,,,,,,,,,,,,,,,
,Creation time,,,,,,,,,,,,2/21/2024 7:21:55 PM ???,,,,,,,,,,,,,,,
,Result,,,,,,,,,,,,2.2701 mmol/L ???,,,,,,,,,,,,,,,
,Decimal places,,,,,,,,,,,,4 ???,,,,,,,,,,,,,,,
,Substance,,,,,,,,,,,,None ???,,,,,,,,,,,,,,,
,M,,,,,,,,,,,,1 g/mol ???,,,,,,,,,,,,,,,
,z,,,,,,,,,,,,1 ???,,,,,,,,,,,,,,,
Rinse (Rinse1),,,,,,,,,,,,,,,,,,,,,,,,,,,,
,Creation time,,,,,,,,,,,,2/21/2024 7:21:55 PM,,,,,,,,,,,,,,,
"Scope 1/1, Sample 20/30 (FTS 2023 8/16 13:30 rep1; 13(20))",,,,,,,,,,,,,,,,,,,,,,,,,,,,
Sample (S1),,,,,,,,,,,,,,,,,,,,,,,,,,,,
,Creation time,,,,,,,,,,,,2/21/2024 7:22:06 PM,,,,,,,,,,,,,,,
,Sample start time,,,,,,,,,,,,2/21/2024 7:22:06 PM,,,,,,,,,,,,,,,
,Sample size,,,,,,,,,,,,57.225 g,,,,,,,,,,,,,,,
,Correction factor,,,,,,,,,,,,1.0,,,,,,,,,,,,,,,
,Temperature,,,,,,,,,,,,25.0 °C,,,,,,,,,,,,,,,
,Density,,,,,,,,,,,,1.0 g/mL,,,,,,,,,,,,,,,
Titration stand (Titrationstand1),,,,,,,,,,,,,,,,,,,,,,,,,,,,
,Creation time,,,,,,,,,,,,2/21/2024 7:22:06 PM,,,,,,,,,,,,,,,
Measure (normal) [1] (Measurenormal1),,,,,,,,,,,,,,,,,,,,,,,,,,,,
,Creation time,,,,,,,,,,,,2/21/2024 7:22:06 PM,,,,,,,,,,,,,,,
,T,,,,,,,,,,,,25.3 °C,,,,,,,,,,,,,,,
,E,,,,,,,,,,,,7.923 pH,,,,,,,,,,,,,,,
,tMe,,,,,,,,,,,,01:12 min,,,,,,,,,,,,,,,
,ESTMe,,,,,,,,,,,,4.727 pH,,,,,,,,,,,,,,,
Titration (EQP) [1] (TitrationEQP1),,,,,,,,,,,,,,,,,,,,,,,,,,,,
,Creation time,,,,,,,,,,,,2/21/2024 7:23:19 PM,,,,,,,,,,,,,,,
,Terminated at,,,,,,,,,,,,Potential,,,,,,,,,,,,,,,
,EEQ1,,,,,,,,,,,,4.536 pH ???,,,,,,,,,,,,,,,
,EHNV1,,,,,,,,,,,,6.251 pH,,,,,,,,,,,,,,,
,Q1,,,,,,,,,,,,0.131033 mmol ???,,,,,,,,,,,,,,,
,VEQ1,,,,,,,,,,,,1.309022 mL ???,,,,,,,,,,,,,,,
,EST,,,,,,,,,,,,7.926 pH,,,,,,,,,,,,,,,
,VEX,,,,,,,,,,,,0.794728 mL,,,,,,,,,,,,,,,
,VEND,,,,,,,,,,,,2.10375 mL,,,,,,,,,,,,,,,
,t,,,,,,,,,,,,24:24 min,,,,,,,,,,,,,,,
,QEND,,,,,,,,,,,,0.210585 mmol,,,,,,,,,,,,,,,
,QEX,,,,,,,,,,,,0.079552 mmol,,,,,,,,,,,,,,,
,EPD,,,,,,,,,,,,6.749 pH,,,,,,,,,,,,,,,
,nEQ,,,,,,,,,,,,1,,,,,,,,,,,,,,,
Content (R1),,,,,,,,,,,,,,,,,,,,,,,,,,,,
,Creation time,,,,,,,,,,,,2/21/2024 7:47:48 PM ???,,,,,,,,,,,,,,,
,Result,,,,,,,,,,,,2.2898 mmol/L ???,,,,,,,,,,,,,,,
,Decimal places,,,,,,,,,,,,4 ???,,,,,,,,,,,,,,,
,Substance,,,,,,,,,,,,None ???,,,,,,,,,,,,,,,
,M,,,,,,,,,,,,1 g/mol ???,,,,,,,,,,,,,,,
,z,,,,,,,,,,,,1 ???,,,,,,,,,,,,,,,
Rinse (Rinse1),,,,,,,,,,,,,,,,,,,,,,,,,,,,
,Creation time,,,,,,,,,,,,2/21/2024 7:47:49 PM,,,,,,,,,,,,,,,
"Scope 1/1, Sample 21/30 (FTS 2023 8/16 13:30 rep2; 14(21))",,,,,,,,,,,,,,,,,,,,,,,,,,,,
Sample (S1),,,,,,,,,,,,,,,,,,,,,,,,,,,,
,Creation time,,,,,,,,,,,,2/21/2024 7:48:00 PM,,,,,,,,,,,,,,,
,Sample start time,,,,,,,,,,,,2/21/2024 7:48:00 PM,,,,,,,,,,,,,,,
,Sample size,,,,,,,,,,,,58.141 g,,,,,,,,,,,,,,,
,Correction factor,,,,,,,,,,,,1.0,,,,,,,,,,,,,,,
,Temperature,,,,,,,,,,,,25.0 °C,,,,,,,,,,,,,,,
,Density,,,,,,,,,,,,1.0 g/mL,,,,,,,,,,,,,,,
Titration stand (Titrationstand1),,,,,,,,,,,,,,,,,,,,,,,,,,,,
,Creation time,,,,,,,,,,,,2/21/2024 7:48:00 PM,,,,,,,,,,,,,,,
Measure (normal) [1] (Measurenormal1),,,,,,,,,,,,,,,,,,,,,,,,,,,,
,Creation time,,,,,,,,,,,,2/21/2024 7:48:00 PM,,,,,,,,,,,,,,,
,T,,,,,,,,,,,,25.4 °C,,,,,,,,,,,,,,,
,E,,,,,,,,,,,,7.929 pH,,,,,,,,,,,,,,,
,tMe,,,,,,,,,,,,01:12 min,,,,,,,,,,,,,,,
,ESTMe,,,,,,,,,,,,4.736 pH,,,,,,,,,,,,,,,
Titration (EQP) [1] (TitrationEQP1),,,,,,,,,,,,,,,,,,,,,,,,,,,,
,Creation time,,,,,,,,,,,,2/21/2024 7:49:13 PM,,,,,,,,,,,,,,,
,Terminated at,,,,,,,,,,,,Potential,,,,,,,,,,,,,,,
,EEQ1,,,,,,,,,,,,4.547 pH ???,,,,,,,,,,,,,,,
,EHNV1,,,,,,,,,,,,6.250 pH,,,,,,,,,,,,,,,
,Q1,,,,,,,,,,,,0.132920 mmol ???,,,,,,,,,,,,,,,
,VEQ1,,,,,,,,,,,,1.327869 mL ???,,,,,,,,,,,,,,,
,EST,,,,,,,,,,,,7.933 pH,,,,,,,,,,,,,,,
,VEX,,,,,,,,,,,,0.782881 mL,,,,,,,,,,,,,,,
,VEND,,,,,,,,,,,,2.11075 mL,,,,,,,,,,,,,,,
,t,,,,,,,,,,,,24:23 min,,,,,,,,,,,,,,,
,QEND,,,,,,,,,,,,0.211286 mmol,,,,,,,,,,,,,,,
,QEX,,,,,,,,,,,,0.078366 mmol,,,,,,,,,,,,,,,
,EPD,,,,,,,,,,,,6.760 pH,,,,,,,,,,,,,,,
,nEQ,,,,,,,,,,,,1,,,,,,,,,,,,,,,
Content (R1),,,,,,,,,,,,,,,,,,,,,,,,,,,,
,Creation time,,,,,,,,,,,,2/21/2024 8:13:42 PM ???,,,,,,,,,,,,,,,
,Result,,,,,,,,,,,,2.2862 mmol/L ???,,,,,,,,,,,,,,,
,Decimal places,,,,,,,,,,,,4 ???,,,,,,,,,,,,,,,
,Substance,,,,,,,,,,,,None ???,,,,,,,,,,,,,,,
,M,,,,,,,,,,,,1 g/mol ???,,,,,,,,,,,,,,,
,z,,,,,,,,,,,,1 ???,,,,,,,,,,,,,,,
Rinse (Rinse1),,,,,,,,,,,,,,,,,,,,,,,,,,,,
,Creation time,,,,,,,,,,,,2/21/2024 8:13:42 PM,,,,,,,,,,,,,,,
"Scope 1/1, Sample 22/30 (CRM 209-0435; 15(22))",,,,,,,,,,,,,,,,,,,,,,,,,,,,
Sample (S1),,,,,,,,,,,,,,,,,,,,,,,,,,,,
,Creation time,,,,,,,,,,,,2/21/2024 8:13:53 PM,,,,,,,,,,,,,,,
,Sample start time,,,,,,,,,,,,2/21/2024 8:13:53 PM,,,,,,,,,,,,,,,
,Sample size,,,,,,,,,,,,56.828 g,,,,,,,,,,,,,,,
,Correction factor,,,,,,,,,,,,1.0,,,,,,,,,,,,,,,
,Temperature,,,,,,,,,,,,25.0 °C,,,,,,,,,,,,,,,
,Density,,,,,,,,,,,,1.022 g/mL,,,,,,,,,,,,,,,
Titration stand (Titrationstand1),,,,,,,,,,,,,,,,,,,,,,,,,,,,
,Creation time,,,,,,,,,,,,2/21/2024 8:13:53 PM,,,,,,,,,,,,,,,
Measure (normal) [1] (Measurenormal1),,,,,,,,,,,,,,,,,,,,,,,,,,,,
,Creation time,,,,,,,,,,,,2/21/2024 8:13:54 PM,,,,,,,,,,,,,,,
,T,,,,,,,,,,,,25.4 °C,,,,,,,,,,,,,,,
,E,,,,,,,,,,,,7.899 pH,,,,,,,,,,,,,,,
,tMe,,,,,,,,,,,,01:12 min,,,,,,,,,,,,,,,
,ESTMe,,,,,,,,,,,,4.416 pH,,,,,,,,,,,,,,,
Titration (EQP) [1] (TitrationEQP1),,,,,,,,,,,,,,,,,,,,,,,,,,,,
,Creation time,,,,,,,,,,,,2/21/2024 8:15:07 PM,,,,,,,,,,,,,,,
,Terminated at,,,,,,,,,,,,Potential,,,,,,,,,,,,,,,
,EEQ1,,,,,,,,,,,,4.477 pH ???,,,,,,,,,,,,,,,
,EHNV1,,,,,,,,,,,,6.118 pH,,,,,,,,,,,,,,,
,Q1,,,,,,,,,,,,0.125414 mmol ???,,,,,,,,,,,,,,,
,VEQ1,,,,,,,,,,,,1.252884 mL ???,,,,,,,,,,,,,,,
,EST,,,,,,,,,,,,7.900 pH,,,,,,,,,,,,,,,
,VEX,,,,,,,,,,,,0.740866 mL,,,,,,,,,,,,,,,
,VEND,,,,,,,,,,,,1.99375 mL,,,,,,,,,,,,,,,
,t,,,,,,,,,,,,22:50 min,,,,,,,,,,,,,,,
,QEND,,,,,,,,,,,,0.199574 mmol,,,,,,,,,,,,,,,
,QEX,,,,,,,,,,,,0.074161 mmol,,,,,,,,,,,,,,,
,EPD,,,,,,,,,,,,6.655 pH,,,,,,,,,,,,,,,
,nEQ,,,,,,,,,,,,1,,,,,,,,,,,,,,,
Content (R1),,,,,,,,,,,,,,,,,,,,,,,,,,,,
,Creation time,,,,,,,,,,,,2/21/2024 8:38:02 PM ???,,,,,,,,,,,,,,,
,Result,,,,,,,,,,,,2.2069 mmol/L ???,,,,,,,,,,,,,,,
,Decimal places,,,,,,,,,,,,4 ???,,,,,,,,,,,,,,,
,Substance,,,,,,,,,,,,None ???,,,,,,,,,,,,,,,
,M,,,,,,,,,,,,1 g/mol ???,,,,,,,,,,,,,,,
,z,,,,,,,,,,,,1 ???,,,,,,,,,,,,,,,
Rinse (Rinse1),,,,,,,,,,,,,,,,,,,,,,,,,,,,
,Creation time,,,,,,,,,,,,2/21/2024 8:38:02 PM,,,,,,,,,,,,,,,
"Scope 1/1, Sample 23/30 (FTS 2023 8/16 14:30 rep1; 16(23))",,,,,,,,,,,,,,,,,,,,,,,,,,,,
Sample (S1),,,,,,,,,,,,,,,,,,,,,,,,,,,,
,Creation time,,,,,,,,,,,,2/21/2024 8:38:13 PM,,,,,,,,,,,,,,,
,Sample start time,,,,,,,,,,,,2/21/2024 8:38:13 PM,,,,,,,,,,,,,,,
,Sample size,,,,,,,,,,,,56.073 g,,,,,,,,,,,,,,,
,Correction factor,,,,,,,,,,,,1.0,,,,,,,,,,,,,,,
,Temperature,,,,,,,,,,,,25.0 °C,,,,,,,,,,,,,,,
,Density,,,,,,,,,,,,1.0 g/mL,,,,,,,,,,,,,,,
Titration stand (Titrationstand1),,,,,,,,,,,,,,,,,,,,,,,,,,,,
,Creation time,,,,,,,,,,,,2/21/2024 8:38:13 PM,,,,,,,,,,,,,,,
Measure (normal) [1] (Measurenormal1),,,,,,,,,,,,,,,,,,,,,,,,,,,,
,Creation time,,,,,,,,,,,,2/21/2024 8:38:14 PM,,,,,,,,,,,,,,,
,T,,,,,,,,,,,,25.3 °C,,,,,,,,,,,,,,,
,E,,,,,,,,,,,,8.010 pH,,,,,,,,,,,,,,,
,tMe,,,,,,,,,,,,01:12 min,,,,,,,,,,,,,,,
,ESTMe,,,,,,,,,,,,4.945 pH,,,,,,,,,,,,,,,
Titration (EQP) [1] (TitrationEQP1),,,,,,,,,,,,,,,,,,,,,,,,,,,,
,Creation time,,,,,,,,,,,,2/21/2024 8:39:26 PM,,,,,,,,,,,,,,,
,Terminated at,,,,,,,,,,,,Potential,,,,,,,,,,,,,,,
,EEQ1,,,,,,,,,,,,4.581 pH,,,,,,,,,,,,,,,
,EHNV1,,,,,,,,,,,,6.288 pH,,,,,,,,,,,,,,,
,Q1,,,,,,,,,,,,0.122227 mmol,,,,,,,,,,,,,,,
,VEQ1,,,,,,,,,,,,1.221052 mL,,,,,,,,,,,,,,,
,EST,,,,,,,,,,,,8.012 pH,,,,,,,,,,,,,,,
,VEX,,,,,,,,,,,,0.733688 mL,,,,,,,,,,,,,,,
,VEND,,,,,,,,,,,,1.97700 mL,,,,,,,,,,,,,,,
,t,,,,,,,,,,,,23:20 min,,,,,,,,,,,,,,,
,QEND,,,,,,,,,,,,0.197898 mmol,,,,,,,,,,,,,,,
,QEX,,,,,,,,,,,,0.073442 mmol,,,,,,,,,,,,,,,
,EPD,,,,,,,,,,,,6.785 pH,,,,,,,,,,,,,,,
,nEQ,,,,,,,,,,,,2 ?²²?,,,,,,,,,,,,,,,
Content (R1),,,,,,,,,,,,,,,,,,,,,,,,,,,,
,Creation time,,,,,,,,,,,,2/21/2024 9:02:52 PM ?¹?,,,,,,,,,,,,,,,
,Result,,,,,,,,,,,,2.1798 mmol/L ?¹?,,,,,,,,,,,,,,,
,Decimal places,,,,,,,,,,,,4 ?¹?,,,,,,,,,,,,,,,
,Substance,,,,,,,,,,,,None ?¹?,,,,,,,,,,,,,,,
,M,,,,,,,,,,,,1 g/mol ?¹?,,,,,,,,,,,,,,,
,z,,,,,,,,,,,,1 ?¹?,,,,,,,,,,,,,,,
Rinse (Rinse1),,,,,,,,,,,,,,,,,,,,,,,,,,,,
,Creation time,,,,,,,,,,,,2/21/2024 9:02:52 PM,,,,,,,,,,,,,,,
"Scope 1/1, Sample 24/30 (FTS 2023 8/16 14:30 rep2; 17(24))",,,,,,,,,,,,,,,,,,,,,,,,,,,,
Sample (S1),,,,,,,,,,,,,,,,,,,,,,,,,,,,
,Creation time,,,,,,,,,,,,2/21/2024 9:03:03 PM,,,,,,,,,,,,,,,
,Sample start time,,,,,,,,,,,,2/21/2024 9:03:03 PM,,,,,,,,,,,,,,,
,Sample size,,,,,,,,,,,,61.350 g,,,,,,,,,,,,,,,
,Correction factor,,,,,,,,,,,,1.0,,,,,,,,,,,,,,,
,Temperature,,,,,,,,,,,,25.0 °C,,,,,,,,,,,,,,,
,Density,,,,,,,,,,,,1.0 g/mL,,,,,,,,,,,,,,,
Titration stand (Titrationstand1),,,,,,,,,,,,,,,,,,,,,,,,,,,,
,Creation time,,,,,,,,,,,,2/21/2024 9:03:03 PM,,,,,,,,,,,,,,,
Measure (normal) [1] (Measurenormal1),,,,,,,,,,,,,,,,,,,,,,,,,,,,
,Creation time,,,,,,,,,,,,2/21/2024 9:03:04 PM,,,,,,,,,,,,,,,
,T,,,,,,,,,,,,25.2 °C,,,,,,,,,,,,,,,
,E,,,,,,,,,,,,7.971 pH,,,,,,,,,,,,,,,
,tMe,,,,,,,,,,,,01:12 min,,,,,,,,,,,,,,,
,ESTMe,,,,,,,,,,,,4.776 pH,,,,,,,,,,,,,,,
Titration (EQP) [1] (TitrationEQP1),,,,,,,,,,,,,,,,,,,,,,,,,,,,
,Creation time,,,,,,,,,,,,2/21/2024 9:04:17 PM,,,,,,,,,,,,,,,
,Terminated at,,,,,,,,,,,,Potential,,,,,,,,,,,,,,,
,EEQ1,,,,,,,,,,,,4.542 pH ???,,,,,,,,,,,,,,,
,EHNV1,,,,,,,,,,,,6.247 pH,,,,,,,,,,,,,,,
,Q1,,,,,,,,,,,,0.131434 mmol ???,,,,,,,,,,,,,,,
,VEQ1,,,,,,,,,,,,1.313026 mL ???,,,,,,,,,,,,,,,
,EST,,,,,,,,,,,,7.974 pH,,,,,,,,,,,,,,,
,VEX,,,,,,,,,,,,0.804224 mL,,,,,,,,,,,,,,,
,VEND,,,,,,,,,,,,2.11725 mL,,,,,,,,,,,,,,,
,t,,,,,,,,,,,,24:25 min,,,,,,,,,,,,,,,
,QEND,,,,,,,,,,,,0.211937 mmol,,,,,,,,,,,,,,,
,QEX,,,,,,,,,,,,0.080503 mmol,,,,,,,,,,,,,,,
,EPD,,,,,,,,,,,,6.762 pH,,,,,,,,,,,,,,,
,nEQ,,,,,,,,,,,,2 ???,,,,,,,,,,,,,,,
Content (R1),,,,,,,,,,,,,,,,,,,,,,,,,,,,
,Creation time,,,,,,,,,,,,2/21/2024 9:28:47 PM ???,,,,,,,,,,,,,,,
,Result,,,,,,,,,,,,2.1424 mmol/L ???,,,,,,,,,,,,,,,
,Decimal places,,,,,,,,,,,,4 ???,,,,,,,,,,,,,,,
,Substance,,,,,,,,,,,,None ???,,,,,,,,,,,,,,,
,M,,,,,,,,,,,,1 g/mol ???,,,,,,,,,,,,,,,
,z,,,,,,,,,,,,1 ???,,,,,,,,,,,,,,,
Rinse (Rinse1),,,,,,,,,,,,,,,,,,,,,,,,,,,,
,Creation time,,,,,,,,,,,,2/21/2024 9:28:47 PM,,,,,,,,,,,,,,,
"Scope 1/1, Sample 25/30 (FTS 2023 8/16 15:30 rep1; 1(25))",,,,,,,,,,,,,,,,,,,,,,,,,,,,
Sample (S1),,,,,,,,,,,,,,,,,,,,,,,,,,,,
,Creation time,,,,,,,,,,,,2/21/2024 9:28:59 PM,,,,,,,,,,,,,,,
,Sample start time,,,,,,,,,,,,2/21/2024 9:28:59 PM,,,,,,,,,,,,,,,
,Sample size,,,,,,,,,,,,60.436 g,,,,,,,,,,,,,,,
,Correction factor,,,,,,,,,,,,1.0,,,,,,,,,,,,,,,
,Temperature,,,,,,,,,,,,25.0 °C,,,,,,,,,,,,,,,
,Density,,,,,,,,,,,,1.0 g/mL,,,,,,,,,,,,,,,
Titration stand (Titrationstand1),,,,,,,,,,,,,,,,,,,,,,,,,,,,
,Creation time,,,,,,,,,,,,2/21/2024 9:28:59 PM,,,,,,,,,,,,,,,
Measure (normal) [1] (Measurenormal1),,,,,,,,,,,,,,,,,,,,,,,,,,,,
,Creation time,,,,,,,,,,,,2/21/2024 9:28:59 PM,,,,,,,,,,,,,,,
,T,,,,,,,,,,,,25.3 °C,,,,,,,,,,,,,,,
,E,,,,,,,,,,,,7.977 pH,,,,,,,,,,,,,,,
,tMe,,,,,,,,,,,,01:11 min,,,,,,,,,,,,,,,
,ESTMe,,,,,,,,,,,,4.735 pH,,,,,,,,,,,,,,,
Titration (EQP) [1] (TitrationEQP1),,,,,,,,,,,,,,,,,,,,,,,,,,,,
,Creation time,,,,,,,,,,,,2/21/2024 9:30:12 PM,,,,,,,,,,,,,,,
,Terminated at,,,,,,,,,,,,Potential,,,,,,,,,,,,,,,
,EEQ1,,,,,,,,,,,,4.552 pH ???,,,,,,,,,,,,,,,
,EHNV1,,,,,,,,,,,,6.247 pH,,,,,,,,,,,,,,,
,Q1,,,,,,,,,,,,0.126683 mmol ???,,,,,,,,,,,,,,,
,VEQ1,,,,,,,,,,,,1.265567 mL ???,,,,,,,,,,,,,,,
,EST,,,,,,,,,,,,7.980 pH,,,,,,,,,,,,,,,
,VEX,,,,,,,,,,,,0.841183 mL,,,,,,,,,,,,,,,
,VEND,,,,,,,,,,,,2.10675 mL,,,,,,,,,,,,,,,
,t,,,,,,,,,,,,24:25 min,,,,,,,,,,,,,,,
,QEND,,,,,,,,,,,,0.210886 mmol,,,,,,,,,,,,,,,
,QEX,,,,,,,,,,,,0.084202 mmol,,,,,,,,,,,,,,,
,EPD,,,,,,,,,,,,6.740 pH,,,,,,,,,,,,,,,
,nEQ,,,,,,,,,,,,1,,,,,,,,,,,,,,,
Content (R1),,,,,,,,,,,,,,,,,,,,,,,,,,,,
,Creation time,,,,,,,,,,,,2/21/2024 9:54:42 PM ???,,,,,,,,,,,,,,,
,Result,,,,,,,,,,,,2.0962 mmol/L ???,,,,,,,,,,,,,,,
,Decimal places,,,,,,,,,,,,4 ???,,,,,,,,,,,,,,,
,Substance,,,,,,,,,,,,None ???,,,,,,,,,,,,,,,
,M,,,,,,,,,,,,1 g/mol ???,,,,,,,,,,,,,,,
,z,,,,,,,,,,,,1 ???,,,,,,,,,,,,,,,
Rinse (Rinse1),,,,,,,,,,,,,,,,,,,,,,,,,,,,
,Creation time,,,,,,,,,,,,2/21/2024 9:54:42 PM,,,,,,,,,,,,,,,
"Scope 1/1, Sample 26/30 (FTS 2023 8/16 15:30 rep2; 2(26))",,,,,,,,,,,,,,,,,,,,,,,,,,,,
Sample (S1),,,,,,,,,,,,,,,,,,,,,,,,,,,,
,Creation time,,,,,,,,,,,,2/21/2024 9:54:53 PM,,,,,,,,,,,,,,,
,Sample start time,,,,,,,,,,,,2/21/2024 9:54:53 PM,,,,,,,,,,,,,,,
,Sample size,,,,,,,,,,,,60.202 g,,,,,,,,,,,,,,,
,Correction factor,,,,,,,,,,,,1.0,,,,,,,,,,,,,,,
,Temperature,,,,,,,,,,,,25.0 °C,,,,,,,,,,,,,,,
,Density,,,,,,,,,,,,1.0 g/mL,,,,,,,,,,,,,,,
Titration stand (Titrationstand1),,,,,,,,,,,,,,,,,,,,,,,,,,,,
,Creation time,,,,,,,,,,,,2/21/2024 9:54:54 PM,,,,,,,,,,,,,,,
Measure (normal) [1] (Measurenormal1),,,,,,,,,,,,,,,,,,,,,,,,,,,,
,Creation time,,,,,,,,,,,,2/21/2024 9:54:54 PM,,,,,,,,,,,,,,,
,T,,,,,,,,,,,,25.1 °C,,,,,,,,,,,,,,,
,E,,,,,,,,,,,,7.995 pH,,,,,,,,,,,,,,,
,tMe,,,,,,,,,,,,01:12 min,,,,,,,,,,,,,,,
,ESTMe,,,,,,,,,,,,4.667 pH,,,,,,,,,,,,,,,
Titration (EQP) [1] (TitrationEQP1),,,,,,,,,,,,,,,,,,,,,,,,,,,,
,Creation time,,,,,,,,,,,,2/21/2024 9:56:07 PM,,,,,,,,,,,,,,,
,Terminated at,,,,,,,,,,,,Potential,,,,,,,,,,,,,,,
,EEQ1,,,,,,,,,,,,4.554 pH ???,,,,,,,,,,,,,,,
,EHNV1,,,,,,,,,,,,6.250 pH,,,,,,,,,,,,,,,
,Q1,,,,,,,,,,,,0.126248 mmol ???,,,,,,,,,,,,,,,
,VEQ1,,,,,,,,,,,,1.261216 mL ???,,,,,,,,,,,,,,,
,EST,,,,,,,,,,,,7.997 pH,,,,,,,,,,,,,,,
,VEX,,,,,,,,,,,,0.791034 mL,,,,,,,,,,,,,,,
,VEND,,,,,,,,,,,,2.05225 mL,,,,,,,,,,,,,,,
,t,,,,,,,,,,,,23:54 min,,,,,,,,,,,,,,,
,QEND,,,,,,,,,,,,0.205430 mmol,,,,,,,,,,,,,,,
,QEX,,,,,,,,,,,,0.079183 mmol,,,,,,,,,,,,,,,
,EPD,,,,,,,,,,,,6.744 pH,,,,,,,,,,,,,,,
,nEQ,,,,,,,,,,,,1,,,,,,,,,,,,,,,
Content (R1),,,,,,,,,,,,,,,,,,,,,,,,,,,,
,Creation time,,,,,,,,,,,,2/21/2024 10:20:06 PM ???,,,,,,,,,,,,,,,
,Result,,,,,,,,,,,,2.0971 mmol/L ???,,,,,,,,,,,,,,,
,Decimal places,,,,,,,,,,,,4 ???,,,,,,,,,,,,,,,
,Substance,,,,,,,,,,,,None ???,,,,,,,,,,,,,,,
,M,,,,,,,,,,,,1 g/mol ???,,,,,,,,,,,,,,,
,z,,,,,,,,,,,,1 ???,,,,,,,,,,,,,,,
Rinse (Rinse1),,,,,,,,,,,,,,,,,,,,,,,,,,,,
,Creation time,,,,,,,,,,,,2/21/2024 10:20:06 PM,,,,,,,,,,,,,,,
"Scope 1/1, Sample 27/30 (FTS 2023 8/16 16:30 rep1; 3(27))",,,,,,,,,,,,,,,,,,,,,,,,,,,,
Sample (S1),,,,,,,,,,,,,,,,,,,,,,,,,,,,
,Creation time,,,,,,,,,,,,2/21/2024 10:25:32 PM,,,,,,,,,,,,,,,
,Sample start time,,,,,,,,,,,,2/21/2024 10:25:32 PM,,,,,,,,,,,,,,,
,Sample size,,,,,,,,,,,,56.136 g,,,,,,,,,,,,,,,
,Correction factor,,,,,,,,,,,,1.0,,,,,,,,,,,,,,,
,Temperature,,,,,,,,,,,,25.0 °C,,,,,,,,,,,,,,,
,Density,,,,,,,,,,,,1.0 g/mL,,,,,,,,,,,,,,,
Titration stand (Titrationstand1),,,,,,,,,,,,,,,,,,,,,,,,,,,,
,Creation time,,,,,,,,,,,,2/21/2024 10:25:32 PM,,,,,,,,,,,,,,,
Measure (normal) [1] (Measurenormal1),,,,,,,,,,,,,,,,,,,,,,,,,,,,
,Creation time,,,,,,,,,,,,2/21/2024 10:25:32 PM,,,,,,,,,,,,,,,
,T,,,,,,,,,,,,25.0 °C,,,,,,,,,,,,,,,
,E,,,,,,,,,,,,7.897 pH,,,,,,,,,,,,,,,
,tMe,,,,,,,,,,,,01:11 min,,,,,,,,,,,,,,,
,ESTMe,,,,,,,,,,,,4.713 pH,,,,,,,,,,,,,,,
Titration (EQP) [1] (TitrationEQP1),,,,,,,,,,,,,,,,,,,,,,,,,,,,
,Creation time,,,,,,,,,,,,2/21/2024 10:26:45 PM,,,,,,,,,,,,,,,
,Terminated at,,,,,,,,,,,,Potential,,,,,,,,,,,,,,,
,EEQ1,,,,,,,,,,,,4.560 pH ???,,,,,,,,,,,,,,,
,EHNV1,,,,,,,,,,,,6.248 pH,,,,,,,,,,,,,,,
,Q1,,,,,,,,,,,,0.115236 mmol ???,,,,,,,,,,,,,,,
,VEQ1,,,,,,,,,,,,1.151204 mL ???,,,,,,,,,,,,,,,
,EST,,,,,,,,,,,,7.901 pH,,,,,,,,,,,,,,,
,VEX,,,,,,,,,,,,0.772796 mL,,,,,,,,,,,,,,,
,VEND,,,,,,,,,,,,1.92400 mL,,,,,,,,,,,,,,,
,t,,,,,,,,,,,,22:54 min,,,,,,,,,,,,,,,
,QEND,,,,,,,,,,,,0.192592 mmol,,,,,,,,,,,,,,,
,QEX,,,,,,,,,,,,0.077357 mmol,,,,,,,,,,,,,,,
,EPD,,,,,,,,,,,,6.677 pH,,,,,,,,,,,,,,,
,nEQ,,,,,,,,,,,,1,,,,,,,,,,,,,,,
Content (R1),,,,,,,,,,,,,,,,,,,,,,,,,,,,
,Creation time,,,,,,,,,,,,2/21/2024 10:49:45 PM ???,,,,,,,,,,,,,,,
,Result,,,,,,,,,,,,2.0528 mmol/L ???,,,,,,,,,,,,,,,
,Decimal places,,,,,,,,,,,,4 ???,,,,,,,,,,,,,,,
,Substance,,,,,,,,,,,,None ???,,,,,,,,,,,,,,,
,M,,,,,,,,,,,,1 g/mol ???,,,,,,,,,,,,,,,
,z,,,,,,,,,,,,1 ???,,,,,,,,,,,,,,,
Rinse (Rinse1),,,,,,,,,,,,,,,,,,,,,,,,,,,,
,Creation time,,,,,,,,,,,,2/21/2024 10:49:45 PM,,,,,,,,,,,,,,,
"Scope 1/1, Sample 28/30 (FTS 2023 8/16 16:30 rep2; 4(28))",,,,,,,,,,,,,,,,,,,,,,,,,,,,
Sample (S1),,,,,,,,,,,,,,,,,,,,,,,,,,,,
,Creation time,,,,,,,,,,,,2/21/2024 10:55:17 PM,,,,,,,,,,,,,,,
,Sample start time,,,,,,,,,,,,2/21/2024 10:55:17 PM,,,,,,,,,,,,,,,
,Sample size,,,,,,,,,,,,58.294 g,,,,,,,,,,,,,,,
,Correction factor,,,,,,,,,,,,1.0,,,,,,,,,,,,,,,
,Temperature,,,,,,,,,,,,25.0 °C,,,,,,,,,,,,,,,
,Density,,,,,,,,,,,,1.0 g/mL,,,,,,,,,,,,,,,
Titration stand (Titrationstand1),,,,,,,,,,,,,,,,,,,,,,,,,,,,
,Creation time,,,,,,,,,,,,2/21/2024 10:55:18 PM,,,,,,,,,,,,,,,
Measure (normal) [1] (Measurenormal1),,,,,,,,,,,,,,,,,,,,,,,,,,,,
,Creation time,,,,,,,,,,,,2/21/2024 10:55:18 PM,,,,,,,,,,,,,,,
,T,,,,,,,,,,,,25.0 °C,,,,,,,,,,,,,,,
,E,,,,,,,,,,,,7.914 pH,,,,,,,,,,,,,,,
,tMe,,,,,,,,,,,,01:12 min,,,,,,,,,,,,,,,
,ESTMe,,,,,,,,,,,,4.712 pH,,,,,,,,,,,,,,,
Titration (EQP) [1] (TitrationEQP1),,,,,,,,,,,,,,,,,,,,,,,,,,,,
,Creation time,,,,,,,,,,,,2/21/2024 10:56:31 PM,,,,,,,,,,,,,,,
,Terminated at,,,,,,,,,,,,Potential,,,,,,,,,,,,,,,
,EEQ1,,,,,,,,,,,,4.551 pH ???,,,,,,,,,,,,,,,
,EHNV1,,,,,,,,,,,,6.246 pH,,,,,,,,,,,,,,,
,Q1,,,,,,,,,,,,0.119815 mmol ???,,,,,,,,,,,,,,,
,VEQ1,,,,,,,,,,,,1.196956 mL ???,,,,,,,,,,,,,,,
,EST,,,,,,,,,,,,7.919 pH,,,,,,,,,,,,,,,
,VEX,,,,,,,,,,,,0.792544 mL,,,,,,,,,,,,,,,
,VEND,,,,,,,,,,,,1.98950 mL,,,,,,,,,,,,,,,
,t,,,,,,,,,,,,23:23 min,,,,,,,,,,,,,,,
,QEND,,,,,,,,,,,,0.199149 mmol,,,,,,,,,,,,,,,
,QEX,,,,,,,,,,,,0.079334 mmol,,,,,,,,,,,,,,,
,EPD,,,,,,,,,,,,6.702 pH,,,,,,,,,,,,,,,
,nEQ,,,,,,,,,,,,1,,,,,,,,,,,,,,,
Content (R1),,,,,,,,,,,,,,,,,,,,,,,,,,,,
,Creation time,,,,,,,,,,,,2/21/2024 11:19:59 PM ???,,,,,,,,,,,,,,,
,Result,,,,,,,,,,,,2.0554 mmol/L ???,,,,,,,,,,,,,,,
,Decimal places,,,,,,,,,,,,4 ???,,,,,,,,,,,,,,,
,Substance,,,,,,,,,,,,None ???,,,,,,,,,,,,,,,
,M,,,,,,,,,,,,1 g/mol ???,,,,,,,,,,,,,,,
,z,,,,,,,,,,,,1 ???,,,,,,,,,,,,,,,
Rinse (Rinse1),,,,,,,,,,,,,,,,,,,,,,,,,,,,
,Creation time,,,,,,,,,,,,2/21/2024 11:20:00 PM,,,,,,,,,,,,,,,
"Scope 1/1, Sample 29/30 (FTS 2023 8/16 17:30 rep1; 5(29))",,,,,,,,,,,,,,,,,,,,,,,,,,,,
Sample (S1),,,,,,,,,,,,,,,,,,,,,,,,,,,,
,Creation time,,,,,,,,,,,,2/21/2024 11:20:11 PM,,,,,,,,,,,,,,,
,Sample start time,,,,,,,,,,,,2/21/2024 11:20:11 PM,,,,,,,,,,,,,,,
,Sample size,,,,,,,,,,,,62.119 g,,,,,,,,,,,,,,,
,Correction factor,,,,,,,,,,,,1.0,,,,,,,,,,,,,,,
,Temperature,,,,,,,,,,,,25.0 °C,,,,,,,,,,,,,,,
,Density,,,,,,,,,,,,1.0 g/mL,,,,,,,,,,,,,,,
Titration stand (Titrationstand1),,,,,,,,,,,,,,,,,,,,,,,,,,,,
,Creation time,,,,,,,,,,,,2/21/2024 11:20:11 PM,,,,,,,,,,,,,,,
Measure (normal) [1] (Measurenormal1),,,,,,,,,,,,,,,,,,,,,,,,,,,,
,Creation time,,,,,,,,,,,,2/21/2024 11:20:11 PM,,,,,,,,,,,,,,,
,T,,,,,,,,,,,,25.2 °C,,,,,,,,,,,,,,,
,E,,,,,,,,,,,,7.867 pH,,,,,,,,,,,,,,,
,tMe,,,,,,,,,,,,01:11 min,,,,,,,,,,,,,,,
,ESTMe,,,,,,,,,,,,4.701 pH,,,,,,,,,,,,,,,
Titration (EQP) [1] (TitrationEQP1),,,,,,,,,,,,,,,,,,,,,,,,,,,,
,Creation time,,,,,,,,,,,,2/21/2024 11:21:24 PM,,,,,,,,,,,,,,,
,Terminated at,,,,,,,,,,,,Potential,,,,,,,,,,,,,,,
,EEQ1,,,,,,,,,,,,4.555 pH ???,,,,,,,,,,,,,,,
,EHNV1,,,,,,,,,,,,6.233 pH,,,,,,,,,,,,,,,
,Q1,,,,,,,,,,,,0.119756 mmol ???,,,,,,,,,,,,,,,
,VEQ1,,,,,,,,,,,,1.196363 mL ???,,,,,,,,,,,,,,,
,EST,,,,,,,,,,,,7.873 pH,,,,,,,,,,,,,,,
,VEX,,,,,,,,,,,,0.848637 mL,,,,,,,,,,,,,,,
,VEND,,,,,,,,,,,,2.04500 mL,,,,,,,,,,,,,,,
,t,,,,,,,,,,,,23:54 min,,,,,,,,,,,,,,,
,QEND,,,,,,,,,,,,0.204704 mmol,,,,,,,,,,,,,,,
,QEX,,,,,,,,,,,,0.084949 mmol,,,,,,,,,,,,,,,
,EPD,,,,,,,,,,,,6.685 pH,,,,,,,,,,,,,,,
,nEQ,,,,,,,,,,,,2 ???,,,,,,,,,,,,,,,
Content (R1),,,,,,,,,,,,,,,,,,,,,,,,,,,,
,Creation time,,,,,,,,,,,,2/21/2024 11:45:24 PM ???,,,,,,,,,,,,,,,
,Result,,,,,,,,,,,,1.9278 mmol/L ???,,,,,,,,,,,,,,,
,Decimal places,,,,,,,,,,,,4 ???,,,,,,,,,,,,,,,
,Substance,,,,,,,,,,,,None ???,,,,,,,,,,,,,,,
,M,,,,,,,,,,,,1 g/mol ???,,,,,,,,,,,,,,,
,z,,,,,,,,,,,,1 ???,,,,,,,,,,,,,,,
Rinse (Rinse1),,,,,,,,,,,,,,,,,,,,,,,,,,,,
,Creation time,,,,,,,,,,,,2/21/2024 11:45:24 PM,,,,,,,,,,,,,,,
"Scope 1/1, Sample 30/30 (FTS 2023 8/16 17:30 rep2; 6(30))",,,,,,,,,,,,,,,,,,,,,,,,,,,,
Sample (S1),,,,,,,,,,,,,,,,,,,,,,,,,,,,
,Creation time,,,,,,,,,,,,2/21/2024 11:45:49 PM,,,,,,,,,,,,,,,
,Sample start time,,,,,,,,,,,,2/21/2024 11:45:49 PM,,,,,,,,,,,,,,,
,Sample size,,,,,,,,,,,,57.120 g,,,,,,,,,,,,,,,
,Correction factor,,,,,,,,,,,,1.0,,,,,,,,,,,,,,,
,Temperature,,,,,,,,,,,,25.0 °C,,,,,,,,,,,,,,,
,Density,,,,,,,,,,,,1.0 g/mL,,,,,,,,,,,,,,,
Titration stand (Titrationstand1),,,,,,,,,,,,,,,,,,,,,,,,,,,,
,Creation time,,,,,,,,,,,,2/21/2024 11:45:50 PM,,,,,,,,,,,,,,,
Measure (normal) [1] (Measurenormal1),,,,,,,,,,,,,,,,,,,,,,,,,,,,
,Creation time,,,,,,,,,,,,2/21/2024 11:45:50 PM,,,,,,,,,,,,,,,
,T,,,,,,,,,,,,25.2 °C,,,,,,,,,,,,,,,
,E,,,,,,,,,,,,7.901 pH,,,,,,,,,,,,,,,
,tMe,,,,,,,,,,,,01:12 min,,,,,,,,,,,,,,,
,ESTMe,,,,,,,,,,,,4.678 pH,,,,,,,,,,,,,,,
Titration (EQP) [1] (TitrationEQP1),,,,,,,,,,,,,,,,,,,,,,,,,,,,
,Creation time,,,,,,,,,,,,2/21/2024 11:47:03 PM,,,,,,,,,,,,,,,
,Terminated at,,,,,,,,,,,,Potential,,,,,,,,,,,,,,,
,EEQ1,,,,,,,,,,,,4.583 pH,,,,,,,,,,,,,,,
,EHNV1,,,,,,,,,,,,6.243 pH,,,,,,,,,,,,,,,
,Q1,,,,,,,,,,,,0.110118 mmol,,,,,,,,,,,,,,,
,VEQ1,,,,,,,,,,,,1.100077 mL,,,,,,,,,,,,,,,
,EST,,,,,,,,,,,,7.906 pH,,,,,,,,,,,,,,,
,VEX,,,,,,,,,,,,0.765581 mL,,,,,,,,,,,,,,,
,VEND,,,,,,,,,,,,1.85975 mL,,,,,,,,,,,,,,,
,t,,,,,,,,,,,,22:25 min,,,,,,,,,,,,,,,
,QEND,,,,,,,,,,,,0.186161 mmol,,,,,,,,,,,,,,,
,QEX,,,,,,,,,,,,0.076635 mmol,,,,,,,,,,,,,,,
,EPD,,,,,,,,,,,,6.645 pH,,,,,,,,,,,,,,,
,nEQ,,,,,,,,,,,,2,,,,,,,,,,,,,,,
Content (R1),,,,,,,,,,,,,,,,,,,,,,,,,,,,
,Creation time,,,,,,,,,,,,2/22/2024 12:09:33 AM ?¹?,,,,,,,,,,,,,,,
,Result,,,,,,,,,,,,1.9278 mmol/L ?¹?,,,,,,,,,,,,,,,
,Decimal places,,,,,,,,,,,,4 ?¹?,,,,,,,,,,,,,,,
,Substance,,,,,,,,,,,,None ?¹?,,,,,,,,,,,,,,,
,M,,,,,,,,,,,,1 g/mol ?¹?,,,,,,,,,,,,,,,
,z,,,,,,,,,,,,1 ?¹?,,,,,,,,,,,,,,,
Rinse (Rinse1),,,,,,,,,,,,,,,,,,,,,,,,,,,,
,Creation time,,,,,,,,,,,,2/22/2024 12:09:34 AM,,,,,,,,,,,,,,,
After Sample Scopes,,,,,,,,,,,,,,,,,,,,,,,,,,,,
Park (Park1),,,,,,,,,,,,,,,,,,,,,,,,,,,,
,Creation time,,,,,,,,,,,,2/22/2024 10:01:57 AM,,,,,,,,,,,,,,,
Measure (normal) [1],,,,,,,,,,,"Scope 1/1, Sample 1/30",,,,,,,,,,,,,,,,,
Measured Values,,,,,,,,,"Scope 1/1, Sample 1/30",,,,,,,,,,,,,,,,,,,
,,Time,,,,,,,,Meas. value,,,,,,Temp.,,,,,,dE,,,,,,
,,[s],,,,,,,,[pH],,,,,,[°C],,,,,,[pH],,,,,,
,,1,,,,,,,,3.076,,,,,,19.3,,,,,,,,,,,,
,,2,,,,,,,,4.841,,,,,,19.9,,,,,,1.765,,,,,,
,,3,,,,,,,,5.333,,,,,,20.7,,,,,,0.492,,,,,,
,,4,,,,,,,,5.678,,,,,,21.5,,,,,,0.345,,,,,,
,,5,,,,,,,,5.975,,,,,,22.2,,,,,,0.297,,,,,,
,,6,,,,,,,,6.245,,,,,,22.8,,,,,,0.270,,,,,,
,,7,,,,,,,,6.482,,,,,,23.3,,,,,,0.237,,,,,,
,,8,,,,,,,,6.673,,,,,,23.6,,,,,,0.191,,,,,,
,,9,,,,,,,,6.860,,,,,,23.9,,,,,,0.187,,,,,,
,,10,,,,,,,,7.018,,,,,,24.1,,,,,,0.158,,,,,,
,,11,,,,,,,,7.165,,,,,,24.3,,,,,,0.147,,,,,,
,,12,,,,,,,,7.291,,,,,,24.4,,,,,,0.126,,,,,,
,,13,,,,,,,,7.402,,,,,,24.5,,,,,,0.111,,,,,,
,,14,,,,,,,,7.488,,,,,,24.6,,,,,,0.086,,,,,,
,,15,,,,,,,,7.571,,,,,,24.7,,,,,,0.083,,,,,,
,,16,,,,,,,,7.641,,,,,,24.7,,,,,,0.070,,,,,,
,,17,,,,,,,,7.703,,,,,,24.8,,,,,,0.062,,,,,,
,,18,,,,,,,,7.756,,,,,,24.8,,,,,,0.053,,,,,,
,,19,,,,,,,,7.803,,,,,,24.8,,,,,,0.047,,,,,,
,,20,,,,,,,,7.839,,,,,,24.8,,,,,,0.036,,,,,,
,,21,,,,,,,,7.874,,,,,,24.9,,,,,,0.035,,,,,,
,,22,,,,,,,,7.904,,,,,,24.9,,,,,,0.030,,,,,,
,,23,,,,,,,,7.932,,,,,,24.9,,,,,,0.028,,,,,,
,,24,,,,,,,,7.955,,,,,,24.9,,,,,,0.023,,,,,,
,,25,,,,,,,,7.974,,,,,,24.9,,,,,,0.019,,,,,,
,,26,,,,,,,,7.992,,,,,,24.9,,,,,,0.018,,,,,,
,,27,,,,,,,,8.006,,,,,,24.9,,,,,,0.014,,,,,,
,,28,,,,,,,,8.019,,,,,,24.9,,,,,,0.013,,,,,,
,,29,,,,,,,,8.030,,,,,,24.9,,,,,,0.011,,,,,,
,,30,,,,,,,,8.041,,,,,,24.9,,,,,,0.011,,,,,,
,,31,,,,,,,,8.050,,,,,,24.9,,,,,,0.009,,,,,,
,,32,,,,,,,,8.058,,,,,,24.9,,,,,,0.008,,,,,,
,,33,,,,,,,,8.064,,,,,,24.9,,,,,,0.006,,,,,,
,,34,,,,,,,,8.070,,,,,,24.9,,,,,,0.006,,,,,,
,,35,,,,,,,,8.075,,,,,,24.9,,,,,,0.005,,,,,,
,,36,,,,,,,,8.080,,,,,,24.9,,,,,,0.005,,,,,,
,,37,,,,,,,,8.083,,,,,,24.9,,,,,,0.003,,,,,,
,,38,,,,,,,,8.087,,,,,,24.9,,,,,,0.004,,,,,,
,,39,,,,,,,,8.090,,,,,,24.9,,,,,,0.003,,,,,,
,,40,,,,,,,,8.092,,,,,,24.9,,,,,,0.002,,,,,,
,,41,,,,,,,,8.095,,,,,,24.9,,,,,,0.003,,,,,,
,,42,,,,,,,,8.096,,,,,,24.9,,,,,,0.001,,,,,,
,,43,,,,,,,,8.098,,,,,,24.9,,,,,,0.002,,,,,,
,,44,,,,,,,,8.099,,,,,,24.9,,,,,,0.001,,,,,,
,,45,,,,,,,,8.101,,,,,,24.9,,,,,,0.002,,,,,,
,,46,,,,,,,,8.102,,,,,,24.9,,,,,,0.001,,,,,,
,,47,,,,,,,,8.103,,,,,,24.9,,,,,,0.001,,,,,,
,,48,,,,,,,,8.104,,,,,,24.9,,,,,,0.001,,,,,,
,,49,,,,,,,,8.105,,,,,,24.9,,,,,,0.001,,,,,,
,,50,,,,,,,,8.106,,,,,,24.9,,,,,,0.001,,,,,,
,,51,,,,,,,,8.106,,,,,,24.9,,,,,,0.000,,,,,,
,,52,,,,,,,,8.107,,,,,,24.9,,,,,,0.001,,,,,,
,,53,,,,,,,,8.108,,,,,,24.9,,,,,,0.001,,,,,,
,,54,,,,,,,,8.108,,,,,,24.9,,,,,,0.000,,,,,,
,,55,,,,,,,,8.108,,,,,,24.9,,,,,,0.000,,,,,,
,,56,,,,,,,,8.109,,,,,,24.9,,,,,,0.001,,,,,,
,,57,,,,,,,,8.110,,,,,,24.9,,,,,,0.001,,,,,,
,,58,,,,,,,,8.110,,,,,,24.9,,,,,,0.000,,,,,,
,,59,,,,,,,,8.110,,,,,,24.9,,,,,,0.000,,,,,,
,,60,,,,,,,,8.111,,,,,,24.9,,,,,,0.001,,,,,,
Titration (EQP) [1],,,,,,,,,,,"Scope 1/1, Sample 1/30",,,,,,,,,,,,,,,,,
E - V Curve,,,,,,"Scope 1/1, Sample 1/30",,,,,,,,,,,,,,,,,,,,,,
,,E [pH],,,,,,,,,,,,,,,,,,,,,,,,,,
dE/dV - V Curve,,,,,,,,,"Scope 1/1, Sample 1/30",,,,,,,,,,,,,,,,,,,
,dE/dV [pH/mL],,,,,,,,,,,,,,,,,,,,,,,,,,,
Measured Values,,,,,,,,,"Scope 1/1, Sample 1/30",,,,,,,,,,,,,,,,,,,
,,Time,,,V,,,,,Meas. value,,,,dV,,Temp.,,,dE,,,,dE/dV,,,,,EQP
,,[s],,,[mL],,,,,[pH],,,,[mL],,[°C],,,[pH],,,,[pH/mL],,,,,
,,0,,,0.00000,,,,,8.112,,,,,,24.9,,,,,,,,,,,,
,,29,,,0.17150,,,,,7.313,,,,0.17150,,24.9,,,-0.799,,,,,,,,,
,,59,,,0.25725,,,,,6.969,,,,0.08575,,24.9,,,-0.344,,,,,,,,,
,,90,,,0.30000,,,,,6.802,,,,0.04275,,24.9,,,-0.167,,,,,,,,,
,,180,,,0.33600,,,,,6.697,,,,0.03600,,24.9,,,-0.105,,,,,,,,,
,,211,,,0.38600,,,,,6.614,,,,0.05000,,24.9,,,-0.083,,,,-2.20,,,,,
,,241,,,0.43600,,,,,6.528,,,,0.05000,,24.9,,,-0.086,,,,-1.65,,,,,
,,271,,,0.48600,,,,,6.447,,,,0.05000,,24.9,,,-0.081,,,,-1.46,,,,,
,,302,,,0.53600,,,,,6.370,,,,0.05000,,24.9,,,-0.077,,,,-1.47,,,,,
,,332,,,0.58600,,,,,6.296,,,,0.05000,,24.9,,,-0.074,,,,-1.45,,,,,
,,362,,,0.63600,,,,,6.225,,,,0.05000,,24.9,,,-0.071,,,,-1.41,,,,,
,,392,,,0.68600,,,,,6.157,,,,0.05000,,24.9,,,-0.068,,,,-1.39,,,,,
,,422,,,0.73600,,,,,6.084,,,,0.05000,,24.9,,,-0.073,,,,-1.39,,,,,
,,453,,,0.78600,,,,,6.016,,,,0.05000,,24.9,,,-0.068,,,,-1.43,,,,,
,,483,,,0.83600,,,,,5.941,,,,0.05000,,24.9,,,-0.075,,,,-1.48,,,,,
,,513,,,0.88600,,,,,5.866,,,,0.05000,,24.9,,,-0.075,,,,-1.57,,,,,
,,543,,,0.93600,,,,,5.783,,,,0.05000,,24.9,,,-0.083,,,,-1.70,,,,,
,,574,,,0.98600,,,,,5.690,,,,0.05000,,24.9,,,-0.093,,,,-1.93,,,,,
,,604,,,1.03600,,,,,5.587,,,,0.05000,,24.9,,,-0.103,,,,-2.27,,,,,
,,634,,,1.08600,,,,,5.463,,,,0.05000,,24.9,,,-0.124,,,,-2.84,,,,,
,,664,,,1.13600,,,,,5.310,,,,0.05000,,24.9,,,-0.153,,,,-3.76,,,,,
,,695,,,1.17500,,,,,5.153,,,,0.03900,,24.9,,,-0.157,,,,-4.85,,,,,
,,725,,,1.20075,,,,,5.024,,,,0.02575,,24.9,,,-0.129,,,,-5.76,,,,,
,,755,,,1.22250,,,,,4.889,,,,0.02175,,24.9,,,-0.135,,,,-6.61,,,,,
,,785,,,1.24000,,,,,4.760,,,,0.01750,,24.9,,,-0.129,,,,-7.35,,,,,
,,816,,,1.25550,,,,,4.628,,,,0.01550,,24.9,,,-0.132,,,,-8.14,,,,,
,,,,,1.266701 ???,,,,,4.529 ???,,,,,,,,,,,,,,,,,,EQP
,,846,,,1.26925,,,,,4.506,,,,0.01375,,24.9,,,-0.122,,,,-8.43,,,,,
,,876,,,1.28400,,,,,4.375,,,,0.01475,,24.9,,,-0.131,,,,-7.82,,,,,
,,906,,,1.29925,,,,,4.253,,,,0.01525,,24.9,,,-0.122,,,,-6.98,,,,,
,,936,,,1.31825,,,,,4.123,,,,0.01900,,24.9,,,-0.130,,,,-6.15,,,,,
,,967,,,1.34125,,,,,3.995,,,,0.02300,,24.9,,,-0.128,,,,-5.21,,,,,
,,997,,,1.37175,,,,,3.863,,,,0.03050,,24.9,,,-0.132,,,,-4.15,,,,,
,,1027,,,1.41150,,,,,3.730,,,,0.03975,,24.9,,,-0.133,,,,-3.13,,,,,
,,1057,,,1.46150,,,,,3.604,,,,0.05000,,24.9,,,-0.126,,,,-2.29,,,,,
,,1088,,,1.51150,,,,,3.506,,,,0.05000,,24.9,,,-0.098,,,,-1.78,,,,,
,,1118,,,1.56150,,,,,3.424,,,,0.05000,,24.9,,,-0.082,,,,-1.46,,,,,
,,1148,,,1.61150,,,,,3.357,,,,0.05000,,24.9,,,-0.067,,,,-1.24,,,,,
,,1178,,,1.66150,,,,,3.297,,,,0.05000,,24.9,,,-0.060,,,,-1.09,,,,,
,,1209,,,1.71150,,,,,3.245,,,,0.05000,,24.9,,,-0.052,,,,-0.98,,,,,
,,1239,,,1.76150,,,,,3.199,,,,0.05000,,24.9,,,-0.046,,,,-0.88,,,,,
,,1269,,,1.81150,,,,,3.156,,,,0.05000,,24.9,,,-0.043,,,,-0.80,,,,,
,,1299,,,1.86150,,,,,3.118,,,,0.05000,,24.9,,,-0.038,,,,,,,,,
,,1330,,,1.91150,,,,,3.083,,,,0.05000,,24.9,,,-0.035,,,,,,,,,
,,1360,,,1.96150,,,,,3.050,,,,0.05000,,24.9,,,-0.033,,,,,,,,,
,,1390,,,2.01150,,,,,3.020,,,,0.05000,,24.9,,,-0.030,,,,,,,,,
,,1420,,,2.06150,,,,,2.992,,,,0.05000,,24.9,,,-0.028,,,,,,,,,
Measure (normal) [1],,,,,,,,,,,"Scope 1/1, Sample 2/30",,,,,,,,,,,,,,,,,
Measured Values,,,,,,,,,"Scope 1/1, Sample 2/30",,,,,,,,,,,,,,,,,,,
,,Time,,,,,,,,Meas. value,,,,,,Temp.,,,,,,dE,,,,,,
,,[s],,,,,,,,[pH],,,,,,[°C],,,,,,[pH],,,,,,
,,1,,,,,,,,4.812,,,,,,23.1,,,,,,,,,,,,
,,2,,,,,,,,5.091,,,,,,23.3,,,,,,0.279,,,,,,
,,3,,,,,,,,5.388,,,,,,23.6,,,,,,0.297,,,,,,
,,4,,,,,,,,5.679,,,,,,23.9,,,,,,0.291,,,,,,
,,5,,,,,,,,5.946,,,,,,24.1,,,,,,0.267,,,,,,
,,6,,,,,,,,6.193,,,,,,24.3,,,,,,0.247,,,,,,
,,7,,,,,,,,6.422,,,,,,24.5,,,,,,0.229,,,,,,
,,8,,,,,,,,6.605,,,,,,24.6,,,,,,0.183,,,,,,
,,9,,,,,,,,6.788,,,,,,24.8,,,,,,0.183,,,,,,
,,10,,,,,,,,6.951,,,,,,24.8,,,,,,0.163,,,,,,
,,11,,,,,,,,7.090,,,,,,24.9,,,,,,0.139,,,,,,
,,12,,,,,,,,7.219,,,,,,25.0,,,,,,0.129,,,,,,
,,13,,,,,,,,7.326,,,,,,25.0,,,,,,0.107,,,,,,
,,14,,,,,,,,7.419,,,,,,25.0,,,,,,0.093,,,,,,
,,15,,,,,,,,7.496,,,,,,25.1,,,,,,0.077,,,,,,
,,16,,,,,,,,7.572,,,,,,25.1,,,,,,0.076,,,,,,
,,17,,,,,,,,7.638,,,,,,25.1,,,,,,0.066,,,,,,
,,18,,,,,,,,7.694,,,,,,25.1,,,,,,0.056,,,,,,
,,19,,,,,,,,7.746,,,,,,25.1,,,,,,0.052,,,,,,
,,20,,,,,,,,7.790,,,,,,25.1,,,,,,0.044,,,,,,
,,21,,,,,,,,7.827,,,,,,25.1,,,,,,0.037,,,,,,
,,22,,,,,,,,7.857,,,,,,25.1,,,,,,0.030,,,,,,
,,23,,,,,,,,7.887,,,,,,25.1,,,,,,0.030,,,,,,
,,24,,,,,,,,7.913,,,,,,25.1,,,,,,0.026,,,,,,
,,25,,,,,,,,7.934,,,,,,25.1,,,,,,0.021,,,,,,
,,26,,,,,,,,7.954,,,,,,25.1,,,,,,0.020,,,,,,
,,27,,,,,,,,7.970,,,,,,25.1,,,,,,0.016,,,,,,
,,28,,,,,,,,7.985,,,,,,25.1,,,,,,0.015,,,,,,
,,29,,,,,,,,7.997,,,,,,25.1,,,,,,0.012,,,,,,
,,30,,,,,,,,8.008,,,,,,25.1,,,,,,0.011,,,,,,
,,31,,,,,,,,8.017,,,,,,25.1,,,,,,0.009,,,,,,
,,32,,,,,,,,8.026,,,,,,25.1,,,,,,0.009,,,,,,
,,33,,,,,,,,8.034,,,,,,25.1,,,,,,0.008,,,,,,
,,34,,,,,,,,8.041,,,,,,25.1,,,,,,0.007,,,,,,
,,35,,,,,,,,8.047,,,,,,25.1,,,,,,0.006,,,,,,
,,36,,,,,,,,8.052,,,,,,25.1,,,,,,0.005,,,,,,
,,37,,,,,,,,8.056,,,,,,25.1,,,,,,0.004,,,,,,
,,38,,,,,,,,8.061,,,,,,25.1,,,,,,0.005,,,,,,
,,39,,,,,,,,8.064,,,,,,25.1,,,,,,0.003,,,,,,
,,40,,,,,,,,8.067,,,,,,25.1,,,,,,0.003,,,,,,
,,41,,,,,,,,8.070,,,,,,25.1,,,,,,0.003,,,,,,
,,42,,,,,,,,8.073,,,,,,25.1,,,,,,0.003,,,,,,
,,43,,,,,,,,8.075,,,,,,25.1,,,,,,0.002,,,,,,
,,44,,,,,,,,8.077,,,,,,25.1,,,,,,0.002,,,,,,
,,45,,,,,,,,8.079,,,,,,25.1,,,,,,0.002,,,,,,
,,46,,,,,,,,8.080,,,,,,25.1,,,,,,0.001,,,,,,
,,47,,,,,,,,8.082,,,,,,25.1,,,,,,0.002,,,,,,
,,48,,,,,,,,8.083,,,,,,25.1,,,,,,0.001,,,,,,
,,49,,,,,,,,8.085,,,,,,25.1,,,,,,0.002,,,,,,
,,50,,,,,,,,8.085,,,,,,25.1,,,,,,0.000,,,,,,
,,51,,,,,,,,8.087,,,,,,25.1,,,,,,0.002,,,,,,
,,52,,,,,,,,8.088,,,,,,25.1,,,,,,0.001,,,,,,
,,53,,,,,,,,8.088,,,,,,25.1,,,,,,0.000,,,,,,
,,54,,,,,,,,8.089,,,,,,25.1,,,,,,0.001,,,,,,
,,55,,,,,,,,8.090,,,,,,25.1,,,,,,0.001,,,,,,
,,56,,,,,,,,8.090,,,,,,25.1,,,,,,0.000,,,,,,
,,57,,,,,,,,8.091,,,,,,25.1,,,,,,0.001,,,,,,
,,58,,,,,,,,8.091,,,,,,25.1,,,,,,0.000,,,,,,
,,59,,,,,,,,8.092,,,,,,25.1,,,,,,0.001,,,,,,
,,60,,,,,,,,8.092,,,,,,25.1,,,,,,0.000,,,,,,
Titration (EQP) [1],,,,,,,,,,,"Scope 1/1, Sample 2/30",,,,,,,,,,,,,,,,,
E - V Curve,,,,,,"Scope 1/1, Sample 2/30",,,,,,,,,,,,,,,,,,,,,,
,,E [pH],,,,,,,,,,,,,,,,,,,,,,,,,,
dE/dV - V Curve,,,,,,,,,"Scope 1/1, Sample 2/30",,,,,,,,,,,,,,,,,,,
,dE/dV [pH/mL],,,,,,,,,,,,,,,,,,,,,,,,,,,
Measured Values,,,,,,,,,"Scope 1/1, Sample 2/30",,,,,,,,,,,,,,,,,,,
,,Time,,,V,,,,,Meas. value,,,,dV,,Temp.,,,dE,,,,dE/dV,,,,,EQP
,,[s],,,[mL],,,,,[pH],,,,[mL],,[°C],,,[pH],,,,[pH/mL],,,,,
,,0,,,0.00000,,,,,8.094,,,,,,25.1,,,,,,,,,,,,
,,32,,,0.17150,,,,,7.275,,,,0.17150,,25.1,,,-0.819,,,,,,,,,
,,62,,,0.25725,,,,,6.944,,,,0.08575,,25.1,,,-0.331,,,,,,,,,
,,92,,,0.30000,,,,,6.774,,,,0.04275,,25.1,,,-0.170,,,,,,,,,
,,183,,,0.33325,,,,,6.659,,,,0.03325,,25.1,,,-0.115,,,,,,,,,
,,213,,,0.37825,,,,,6.583,,,,0.04500,,25.1,,,-0.076,,,,-2.34,,,,,
,,243,,,0.42825,,,,,6.492,,,,0.05000,,25.1,,,-0.091,,,,-1.80,,,,,
,,273,,,0.47825,,,,,6.410,,,,0.05000,,25.1,,,-0.082,,,,-1.54,,,,,
,,304,,,0.52825,,,,,6.327,,,,0.05000,,25.1,,,-0.083,,,,-1.53,,,,,
,,334,,,0.57825,,,,,6.246,,,,0.05000,,25.1,,,-0.081,,,,-1.55,,,,,
,,364,,,0.62825,,,,,6.174,,,,0.05000,,25.1,,,-0.072,,,,-1.52,,,,,
,,394,,,0.67825,,,,,6.099,,,,0.05000,,25.1,,,-0.075,,,,-1.52,,,,,
,,425,,,0.72825,,,,,6.018,,,,0.05000,,25.1,,,-0.081,,,,-1.54,,,,,
,,455,,,0.77825,,,,,5.940,,,,0.05000,,25.1,,,-0.078,,,,-1.60,,,,,
,,485,,,0.82825,,,,,5.857,,,,0.05000,,25.1,,,-0.083,,,,-1.70,,,,,
,,515,,,0.87825,,,,,5.769,,,,0.05000,,25.1,,,-0.088,,,,-1.87,,,,,
,,546,,,0.92825,,,,,5.668,,,,0.05000,,25.1,,,-0.101,,,,-2.14,,,,,
,,576,,,0.97825,,,,,5.552,,,,0.05000,,25.1,,,-0.116,,,,-2.60,,,,,
,,606,,,1.02825,,,,,5.410,,,,0.05000,,25.1,,,-0.142,,,,-3.34,,,,,
,,636,,,1.07400,,,,,5.246,,,,0.04575,,25.1,,,-0.164,,,,-4.44,,,,,
,,667,,,1.10375,,,,,5.111,,,,0.02975,,25.1,,,-0.135,,,,-5.42,,,,,
,,697,,,1.12725,,,,,4.976,,,,0.02350,,25.1,,,-0.135,,,,-6.33,,,,,
,,727,,,1.14625,,,,,4.844,,,,0.01900,,25.1,,,-0.132,,,,-7.11,,,,,
,,757,,,1.16225,,,,,4.714,,,,0.01600,,25.1,,,-0.130,,,,-7.90,,,,,
,,788,,,1.17650,,,,,4.586,,,,0.01425,,25.1,,,-0.128,,,,-8.60,,,,,
,,,,,1.178086 ???,,,,,4.571 ???,,,,,,,,,,,,,,,,,,EQP
,,818,,,1.19025,,,,,4.460,,,,0.01375,,25.1,,,-0.126,,,,-8.43,,,,,
,,848,,,1.20475,,,,,4.336,,,,0.01450,,25.1,,,-0.124,,,,-7.59,,,,,
,,878,,,1.22150,,,,,4.206,,,,0.01675,,25.1,,,-0.130,,,,-6.75,,,,,
,,908,,,1.24100,,,,,4.081,,,,0.01950,,25.1,,,-0.125,,,,-5.88,,,,,
,,939,,,1.26650,,,,,3.950,,,,0.02550,,25.1,,,-0.131,,,,-4.85,,,,,
,,969,,,1.29925,,,,,3.821,,,,0.03275,,25.1,,,-0.129,,,,-3.80,,,,,
,,999,,,1.34375,,,,,3.686,,,,0.04450,,25.1,,,-0.135,,,,-2.79,,,,,
,,1029,,,1.39375,,,,,3.572,,,,0.05000,,25.1,,,-0.114,,,,-2.09,,,,,
,,1060,,,1.44375,,,,,3.480,,,,0.05000,,25.1,,,-0.092,,,,-1.65,,,,,
,,1090,,,1.49375,,,,,3.404,,,,0.05000,,25.1,,,-0.076,,,,-1.38,,,,,
,,1120,,,1.54375,,,,,3.340,,,,0.05000,,25.1,,,-0.064,,,,-1.18,,,,,
,,1150,,,1.59375,,,,,3.283,,,,0.05000,,25.1,,,-0.057,,,,-1.05,,,,,
,,1181,,,1.64375,,,,,3.233,,,,0.05000,,25.1,,,-0.050,,,,-0.93,,,,,
,,1211,,,1.69375,,,,,3.189,,,,0.05000,,25.1,,,-0.044,,,,-0.85,,,,,
,,1241,,,1.74375,,,,,3.148,,,,0.05000,,25.1,,,-0.041,,,,-0.77,,,,,
,,1272,,,1.79375,,,,,3.111,,,,0.05000,,25.1,,,-0.037,,,,,,,,,
,,1302,,,1.84375,,,,,3.077,,,,0.05000,,25.1,,,-0.034,,,,,,,,,
,,1332,,,1.89375,,,,,3.045,,,,0.05000,,25.1,,,-0.032,,,,,,,,,
,,1362,,,1.94375,,,,,3.016,,,,0.05000,,25.1,,,-0.029,,,,,,,,,
,,1392,,,1.99375,,,,,2.988,,,,0.05000,,25.1,,,-0.028,,,,,,,,,
Measure (normal) [1],,,,,,,,,,,"Scope 1/1, Sample 3/30",,,,,,,,,,,,,,,,,
Measured Values,,,,,,,,,"Scope 1/1, Sample 3/30",,,,,,,,,,,,,,,,,,,
,,Time,,,,,,,,Meas. value,,,,,,Temp.,,,,,,dE,,,,,,
,,[s],,,,,,,,[pH],,,,,,[°C],,,,,,[pH],,,,,,
,,1,,,,,,,,6.742,,,,,,18.6,,,,,,,,,,,,
,,2,,,,,,,,6.806,,,,,,19.3,,,,,,0.064,,,,,,
,,3,,,,,,,,6.931,,,,,,20.2,,,,,,0.125,,,,,,
,,4,,,,,,,,7.131,,,,,,21.1,,,,,,0.200,,,,,,
,,5,,,,,,,,7.344,,,,,,21.9,,,,,,0.213,,,,,,
,,6,,,,,,,,7.532,,,,,,22.6,,,,,,0.188,,,,,,
,,7,,,,,,,,7.692,,,,,,23.2,,,,,,0.160,,,,,,
,,8,,,,,,,,7.813,,,,,,23.6,,,,,,0.121,,,,,,
,,9,,,,,,,,7.922,,,,,,23.9,,,,,,0.109,,,,,,
,,10,,,,,,,,8.008,,,,,,24.2,,,,,,0.086,,,,,,
,,11,,,,,,,,8.078,,,,,,24.4,,,,,,0.070,,,,,,
,,12,,,,,,,,8.136,,,,,,24.5,,,,,,0.058,,,,,,
,,13,,,,,,,,8.177,,,,,,24.6,,,,,,0.041,,,,,,
,,14,,,,,,,,8.214,,,,,,24.7,,,,,,0.037,,,,,,
,,15,,,,,,,,8.245,,,,,,24.8,,,,,,0.031,,,,,,
,,16,,,,,,,,8.259,,,,,,24.9,,,,,,0.014,,,,,,
,,17,,,,,,,,8.270,,,,,,24.9,,,,,,0.011,,,,,,
,,18,,,,,,,,8.273,,,,,,25.0,,,,,,0.003,,,,,,
,,19,,,,,,,,8.278,,,,,,25.0,,,,,,0.005,,,,,,
,,20,,,,,,,,8.278,,,,,,25.0,,,,,,0.000,,,,,,
,,21,,,,,,,,8.272,,,,,,25.0,,,,,,-0.006,,,,,,
,,22,,,,,,,,8.263,,,,,,25.0,,,,,,-0.009,,,,,,
,,23,,,,,,,,8.264,,,,,,25.1,,,,,,0.001,,,,,,
,,24,,,,,,,,8.255,,,,,,25.1,,,,,,-0.009,,,,,,
,,25,,,,,,,,8.246,,,,,,25.1,,,,,,-0.009,,,,,,
,,26,,,,,,,,8.237,,,,,,25.1,,,,,,-0.009,,,,,,
,,27,,,,,,,,8.229,,,,,,25.1,,,,,,-0.008,,,,,,
,,28,,,,,,,,8.220,,,,,,25.1,,,,,,-0.009,,,,,,
,,29,,,,,,,,8.211,,,,,,25.1,,,,,,-0.009,,,,,,
,,30,,,,,,,,8.202,,,,,,25.1,,,,,,-0.009,,,,,,
,,31,,,,,,,,8.193,,,,,,25.1,,,,,,-0.009,,,,,,
,,32,,,,,,,,8.184,,,,,,25.1,,,,,,-0.009,,,,,,
,,33,,,,,,,,8.176,,,,,,25.1,,,,,,-0.008,,,,,,
,,34,,,,,,,,8.167,,,,,,25.1,,,,,,-0.009,,,,,,
,,35,,,,,,,,8.163,,,,,,25.1,,,,,,-0.004,,,,,,
,,36,,,,,,,,8.154,,,,,,25.1,,,,,,-0.009,,,,,,
,,37,,,,,,,,8.146,,,,,,25.1,,,,,,-0.008,,,,,,
,,38,,,,,,,,8.138,,,,,,25.1,,,,,,-0.008,,,,,,
,,39,,,,,,,,8.131,,,,,,25.1,,,,,,-0.007,,,,,,
,,40,,,,,,,,8.125,,,,,,25.1,,,,,,-0.006,,,,,,
,,41,,,,,,,,8.119,,,,,,25.1,,,,,,-0.006,,,,,,
,,42,,,,,,,,8.113,,,,,,25.1,,,,,,-0.006,,,,,,
,,43,,,,,,,,8.106,,,,,,25.1,,,,,,-0.007,,,,,,
,,44,,,,,,,,8.100,,,,,,25.1,,,,,,-0.006,,,,,,
,,45,,,,,,,,8.094,,,,,,25.1,,,,,,-0.006,,,,,,
,,46,,,,,,,,8.090,,,,,,25.1,,,,,,-0.004,,,,,,
,,47,,,,,,,,8.087,,,,,,25.1,,,,,,-0.003,,,,,,
,,48,,,,,,,,8.079,,,,,,25.1,,,,,,-0.008,,,,,,
,,49,,,,,,,,8.075,,,,,,25.1,,,,,,-0.004,,,,,,
,,50,,,,,,,,8.071,,,,,,25.1,,,,,,-0.004,,,,,,
,,51,,,,,,,,8.066,,,,,,25.1,,,,,,-0.005,,,,,,
,,52,,,,,,,,8.064,,,,,,25.1,,,,,,-0.002,,,,,,
,,53,,,,,,,,8.059,,,,,,25.1,,,,,,-0.005,,,,,,
,,54,,,,,,,,8.055,,,,,,25.1,,,,,,-0.004,,,,,,
,,55,,,,,,,,8.052,,,,,,25.1,,,,,,-0.003,,,,,,
,,56,,,,,,,,8.048,,,,,,25.1,,,,,,-0.004,,,,,,
,,57,,,,,,,,8.044,,,,,,25.1,,,,,,-0.004,,,,,,
,,58,,,,,,,,8.040,,,,,,25.1,,,,,,-0.004,,,,,,
,,59,,,,,,,,8.038,,,,,,25.1,,,,,,-0.002,,,,,,
,,60,,,,,,,,8.034,,,,,,25.1,,,,,,-0.004,,,,,,
Titration (EQP) [1],,,,,,,,,,,"Scope 1/1, Sample 3/30",,,,,,,,,,,,,,,,,
E - V Curve,,,,,,"Scope 1/1, Sample 3/30",,,,,,,,,,,,,,,,,,,,,,
,,E [pH],,,,,,,,,,,,,,,,,,,,,,,,,,
dE/dV - V Curve,,,,,,,,,"Scope 1/1, Sample 3/30",,,,,,,,,,,,,,,,,,,
,dE/dV [pH/mL],,,,,,,,,,,,,,,,,,,,,,,,,,,
Measured Values,,,,,,,,,"Scope 1/1, Sample 3/30",,,,,,,,,,,,,,,,,,,
,,Time,,,V,,,,,Meas. value,,,,dV,,Temp.,,,dE,,,,dE/dV,,,,,EQP
,,[s],,,[mL],,,,,[pH],,,,[mL],,[°C],,,[pH],,,,[pH/mL],,,,,
,,0,,,0.00000,,,,,8.027,,,,,,25.1,,,,,,,,,,,,
,,29,,,0.17150,,,,,7.217,,,,0.17150,,25.1,,,-0.810,,,,,,,,,
,,59,,,0.25725,,,,,6.869,,,,0.08575,,25.1,,,-0.348,,,,,,,,,
,,90,,,0.30000,,,,,6.704,,,,0.04275,,25.1,,,-0.165,,,,,,,,,
,,180,,,0.33725,,,,,6.597,,,,0.03725,,25.1,,,-0.107,,,,,,,,,
,,211,,,0.38725,,,,,6.507,,,,0.05000,,25.1,,,-0.090,,,,-2.27,,,,,
,,241,,,0.43725,,,,,6.415,,,,0.05000,,25.1,,,-0.092,,,,-1.74,,,,,
,,271,,,0.48725,,,,,6.326,,,,0.05000,,25.1,,,-0.089,,,,-1.55,,,,,
,,302,,,0.53725,,,,,6.248,,,,0.05000,,25.1,,,-0.078,,,,-1.52,,,,,
,,332,,,0.58725,,,,,6.174,,,,0.05000,,25.1,,,-0.074,,,,-1.48,,,,,
,,362,,,0.63725,,,,,6.101,,,,0.05000,,25.1,,,-0.073,,,,-1.43,,,,,
,,392,,,0.68725,,,,,6.031,,,,0.05000,,25.1,,,-0.070,,,,-1.42,,,,,
,,422,,,0.73725,,,,,5.958,,,,0.05000,,25.1,,,-0.073,,,,-1.44,,,,,
,,453,,,0.78725,,,,,5.885,,,,0.05000,,25.1,,,-0.073,,,,-1.48,,,,,
,,483,,,0.83725,,,,,5.810,,,,0.05000,,25.1,,,-0.075,,,,-1.54,,,,,
,,513,,,0.88725,,,,,5.729,,,,0.05000,,25.1,,,-0.081,,,,-1.63,,,,,
,,543,,,0.93725,,,,,5.644,,,,0.05000,,25.1,,,-0.085,,,,-1.78,,,,,
,,574,,,0.98725,,,,,5.548,,,,0.05000,,25.1,,,-0.096,,,,-2.02,,,,,
,,604,,,1.03725,,,,,5.440,,,,0.05000,,25.0,,,-0.108,,,,-2.40,,,,,
,,634,,,1.08725,,,,,5.310,,,,0.05000,,25.0,,,-0.130,,,,-3.02,,,,,
,,664,,,1.13725,,,,,5.144,,,,0.05000,,25.0,,,-0.166,,,,-4.04,,,,,
,,695,,,1.17075,,,,,5.004,,,,0.03350,,25.0,,,-0.140,,,,-4.99,,,,,
,,725,,,1.19625,,,,,4.868,,,,0.02550,,25.0,,,-0.136,,,,-5.86,,,,,
,,755,,,1.21625,,,,,4.740,,,,0.02000,,25.0,,,-0.128,,,,-6.56,,,,,
,,785,,,1.23400,,,,,4.607,,,,0.01775,,25.0,,,-0.133,,,,-7.28,,,,,
,,816,,,1.24925,,,,,4.481,,,,0.01525,,25.0,,,-0.126,,,,-7.90,,,,,
,,,,,1.249835 ???,,,,,4.476 ???,,,,,,,,,,,,,,,,,,EQP
,,846,,,1.26425,,,,,4.355,,,,0.01500,,25.0,,,-0.126,,,,-7.66,,,,,
,,876,,,1.28000,,,,,4.228,,,,0.01575,,25.0,,,-0.127,,,,-6.85,,,,,
,,906,,,1.29775,,,,,4.106,,,,0.01775,,25.0,,,-0.122,,,,-6.11,,,,,
,,937,,,1.32050,,,,,3.976,,,,0.02275,,25.0,,,-0.130,,,,-5.25,,,,,
,,967,,,1.34950,,,,,3.845,,,,0.02900,,25.0,,,-0.131,,,,-4.26,,,,,
,,997,,,1.38750,,,,,3.715,,,,0.03800,,25.0,,,-0.130,,,,-3.25,,,,,
,,1027,,,1.43750,,,,,3.585,,,,0.05000,,25.0,,,-0.130,,,,-2.36,,,,,
,,1058,,,1.48750,,,,,3.484,,,,0.05000,,25.0,,,-0.101,,,,-1.82,,,,,
,,1088,,,1.53750,,,,,3.402,,,,0.05000,,25.0,,,-0.082,,,,-1.48,,,,,
,,1118,,,1.58750,,,,,3.333,,,,0.05000,,25.0,,,-0.069,,,,-1.26,,,,,
,,1148,,,1.63750,,,,,3.274,,,,0.05000,,25.0,,,-0.059,,,,-1.09,,,,,
,,1178,,,1.68750,,,,,3.221,,,,0.05000,,25.0,,,-0.053,,,,-0.98,,,,,
,,1209,,,1.73750,,,,,3.175,,,,0.05000,,25.0,,,-0.046,,,,-0.88,,,,,
,,1239,,,1.78750,,,,,3.132,,,,0.05000,,25.0,,,-0.043,,,,,,,,,
,,1269,,,1.83750,,,,,3.094,,,,0.05000,,25.0,,,-0.038,,,,,,,,,
,,1300,,,1.88750,,,,,3.058,,,,0.05000,,25.0,,,-0.036,,,,,,,,,
,,1330,,,1.93750,,,,,3.026,,,,0.05000,,25.0,,,-0.032,,,,,,,,,
,,1360,,,1.98750,,,,,2.996,,,,0.05000,,25.0,,,-0.030,,,,,,,,,
Measure (normal) [1],,,,,,,,,,,"Scope 1/1, Sample 4/30",,,,,,,,,,,,,,,,,
Measured Values,,,,,,,,,"Scope 1/1, Sample 4/30",,,,,,,,,,,,,,,,,,,
,,Time,,,,,,,,Meas. value,,,,,,Temp.,,,,,,dE,,,,,,
,,[s],,,,,,,,[pH],,,,,,[°C],,,,,,[pH],,,,,,
,,1,,,,,,,,5.144,,,,,,23.7,,,,,,,,,,,,
,,2,,,,,,,,5.200,,,,,,23.9,,,,,,0.056,,,,,,
,,3,,,,,,,,5.376,,,,,,24.1,,,,,,0.176,,,,,,
,,4,,,,,,,,5.540,,,,,,24.3,,,,,,0.164,,,,,,
,,5,,,,,,,,5.682,,,,,,24.5,,,,,,0.142,,,,,,
,,6,,,,,,,,5.801,,,,,,24.7,,,,,,0.119,,,,,,
,,7,,,,,,,,5.908,,,,,,24.8,,,,,,0.107,,,,,,
,,8,,,,,,,,5.993,,,,,,24.9,,,,,,0.085,,,,,,
,,9,,,,,,,,6.079,,,,,,25.0,,,,,,0.086,,,,,,
,,10,,,,,,,,6.158,,,,,,25.0,,,,,,0.079,,,,,,
,,11,,,,,,,,6.231,,,,,,25.1,,,,,,0.073,,,,,,
,,12,,,,,,,,6.300,,,,,,25.1,,,,,,0.069,,,,,,
,,13,,,,,,,,6.366,,,,,,25.2,,,,,,0.066,,,,,,
,,14,,,,,,,,6.427,,,,,,25.2,,,,,,0.061,,,,,,
,,15,,,,,,,,6.478,,,,,,25.2,,,,,,0.051,,,,,,
,,16,,,,,,,,6.532,,,,,,25.2,,,,,,0.054,,,,,,
,,17,,,,,,,,6.584,,,,,,25.2,,,,,,0.052,,,,,,
,,18,,,,,,,,6.634,,,,,,25.2,,,,,,0.050,,,,,,
,,19,,,,,,,,6.680,,,,,,25.2,,,,,,0.046,,,,,,
,,20,,,,,,,,6.724,,,,,,25.3,,,,,,0.044,,,,,,
,,21,,,,,,,,6.767,,,,,,25.3,,,,,,0.043,,,,,,
,,22,,,,,,,,6.804,,,,,,25.3,,,,,,0.037,,,,,,
,,23,,,,,,,,6.844,,,,,,25.3,,,,,,0.040,,,,,,
,,24,,,,,,,,6.883,,,,,,25.3,,,,,,0.039,,,,,,
,,25,,,,,,,,6.915,,,,,,25.3,,,,,,0.032,,,,,,
,,26,,,,,,,,6.948,,,,,,25.3,,,,,,0.033,,,,,,
,,27,,,,,,,,6.980,,,,,,25.3,,,,,,0.032,,,,,,
,,28,,,,,,,,7.009,,,,,,25.3,,,,,,0.029,,,,,,
,,29,,,,,,,,7.028,,,,,,25.3,,,,,,0.019,,,,,,
,,30,,,,,,,,7.060,,,,,,25.3,,,,,,0.032,,,,,,
,,31,,,,,,,,7.087,,,,,,25.3,,,,,,0.027,,,,,,
,,32,,,,,,,,7.113,,,,,,25.3,,,,,,0.026,,,,,,
,,33,,,,,,,,7.137,,,,,,25.3,,,,,,0.024,,,,,,
,,34,,,,,,,,7.161,,,,,,25.3,,,,,,0.024,,,,,,
,,35,,,,,,,,7.181,,,,,,25.3,,,,,,0.020,,,,,,
,,36,,,,,,,,7.199,,,,,,25.3,,,,,,0.018,,,,,,
,,37,,,,,,,,7.218,,,,,,25.3,,,,,,0.019,,,,,,
,,38,,,,,,,,7.237,,,,,,25.3,,,,,,0.019,,,,,,
,,39,,,,,,,,7.254,,,,,,25.3,,,,,,0.017,,,,,,
,,40,,,,,,,,7.272,,,,,,25.3,,,,,,0.018,,,,,,
,,41,,,,,,,,7.288,,,,,,25.3,,,,,,0.016,,,,,,
,,42,,,,,,,,7.304,,,,,,25.3,,,,,,0.016,,,,,,
,,43,,,,,,,,7.318,,,,,,25.3,,,,,,0.014,,,,,,
,,44,,,,,,,,7.332,,,,,,25.3,,,,,,0.014,,,,,,
,,45,,,,,,,,7.345,,,,,,25.3,,,,,,0.013,,,,,,
,,46,,,,,,,,7.357,,,,,,25.3,,,,,,0.012,,,,,,
,,47,,,,,,,,7.369,,,,,,25.3,,,,,,0.012,,,,,,
,,48,,,,,,,,7.381,,,,,,25.3,,,,,,0.012,,,,,,
,,49,,,,,,,,7.391,,,,,,25.3,,,,,,0.010,,,,,,
,,50,,,,,,,,7.401,,,,,,25.3,,,,,,0.010,,,,,,
,,51,,,,,,,,7.410,,,,,,25.3,,,,,,0.009,,,,,,
,,52,,,,,,,,7.420,,,,,,25.3,,,,,,0.010,,,,,,
,,53,,,,,,,,7.429,,,,,,25.3,,,,,,0.009,,,,,,
,,54,,,,,,,,7.438,,,,,,25.3,,,,,,0.009,,,,,,
,,55,,,,,,,,7.446,,,,,,25.3,,,,,,0.008,,,,,,
,,56,,,,,,,,7.453,,,,,,25.3,,,,,,0.007,,,,,,
,,57,,,,,,,,7.461,,,,,,25.3,,,,,,0.008,,,,,,
,,58,,,,,,,,7.468,,,,,,25.3,,,,,,0.007,,,,,,
,,59,,,,,,,,7.475,,,,,,25.3,,,,,,0.007,,,,,,
,,60,,,,,,,,7.481,,,,,,25.3,,,,,,0.006,,,,,,
Titration (EQP) [1],,,,,,,,,,,"Scope 1/1, Sample 4/30",,,,,,,,,,,,,,,,,
E - V Curve,,,,,,"Scope 1/1, Sample 4/30",,,,,,,,,,,,,,,,,,,,,,
,,E [pH],,,,,,,,,,,,,,,,,,,,,,,,,,
dE/dV - V Curve,,,,,,,,,"Scope 1/1, Sample 4/30",,,,,,,,,,,,,,,,,,,
,dE/dV [pH/mL],,,,,,,,,,,,,,,,,,,,,,,,,,,
Measured Values,,,,,,,,,"Scope 1/1, Sample 4/30",,,,,,,,,,,,,,,,,,,
,,Time,,,V,,,,,Meas. value,,,,dV,,Temp.,,,dE,,,,dE/dV,,,,,EQP
,,[s],,,[mL],,,,,[pH],,,,[mL],,[°C],,,[pH],,,,[pH/mL],,,,,
,,0,,,0.00000,,,,,7.495,,,,,,25.3,,,,,,,,,,,,
,,27,,,0.17150,,,,,7.057,,,,0.17150,,25.2,,,-0.438,,,,,,,,,
,,58,,,0.25725,,,,,6.724,,,,0.08575,,25.2,,,-0.333,,,,,,,,,
,,88,,,0.30000,,,,,6.533,,,,0.04275,,25.2,,,-0.191,,,,,,,,,
,,178,,,0.32625,,,,,6.423,,,,0.02625,,25.2,,,-0.110,,,,,,,,,
,,209,,,0.36175,,,,,6.360,,,,0.03550,,25.2,,,-0.063,,,,-2.85,,,,,
,,239,,,0.41175,,,,,6.267,,,,0.05000,,25.2,,,-0.093,,,,-2.07,,,,,
,,269,,,0.46175,,,,,6.171,,,,0.05000,,25.2,,,-0.096,,,,-1.81,,,,,
,,300,,,0.51175,,,,,6.070,,,,0.05000,,25.2,,,-0.101,,,,-1.92,,,,,
,,330,,,0.56175,,,,,5.966,,,,0.05000,,25.2,,,-0.104,,,,-2.11,,,,,
,,360,,,0.61175,,,,,5.855,,,,0.05000,,25.2,,,-0.111,,,,-2.32,,,,,
,,390,,,0.66175,,,,,5.735,,,,0.05000,,25.2,,,-0.120,,,,-2.67,,,,,
,,420,,,0.71175,,,,,5.591,,,,0.05000,,25.2,,,-0.144,,,,-3.30,,,,,
,,451,,,0.75650,,,,,5.434,,,,0.04475,,25.2,,,-0.157,,,,-4.28,,,,,
,,481,,,0.78775,,,,,5.297,,,,0.03125,,25.2,,,-0.137,,,,-5.30,,,,,
,,511,,,0.81275,,,,,5.161,,,,0.02500,,25.2,,,-0.136,,,,-6.39,,,,,
,,542,,,0.83275,,,,,5.027,,,,0.02000,,25.2,,,-0.134,,,,-7.42,,,,,
,,572,,,0.84900,,,,,4.895,,,,0.01625,,25.2,,,-0.132,,,,-8.34,,,,,
,,602,,,0.86275,,,,,4.762,,,,0.01375,,25.2,,,-0.133,,,,-9.33,,,,,
,,632,,,0.87475,,,,,4.640,,,,0.01200,,25.2,,,-0.122,,,,-9.98,,,,,
,,,,,0.875744 ???,,,,,4.629 ???,,,,,,,,,,,,,,,,,,EQP
,,662,,,0.88725,,,,,4.504,,,,0.01250,,25.2,,,-0.136,,,,-9.70,,,,,
,,693,,,0.89900,,,,,4.388,,,,0.01175,,25.2,,,-0.116,,,,-8.74,,,,,
,,723,,,0.91400,,,,,4.258,,,,0.01500,,25.2,,,-0.130,,,,-7.74,,,,,
,,753,,,0.93175,,,,,4.127,,,,0.01775,,25.2,,,-0.131,,,,-6.71,,,,,
,,783,,,0.95350,,,,,4.000,,,,0.02175,,25.2,,,-0.127,,,,-5.58,,,,,
,,814,,,0.98250,,,,,3.869,,,,0.02900,,25.2,,,-0.131,,,,-4.38,,,,,
,,844,,,1.02150,,,,,3.736,,,,0.03900,,25.1,,,-0.133,,,,-3.26,,,,,
,,874,,,1.07150,,,,,3.610,,,,0.05000,,25.1,,,-0.126,,,,-2.36,,,,,
,,904,,,1.12150,,,,,3.506,,,,0.05000,,25.1,,,-0.104,,,,-1.82,,,,,
,,935,,,1.17150,,,,,3.424,,,,0.05000,,25.1,,,-0.082,,,,-1.50,,,,,
,,965,,,1.22150,,,,,3.354,,,,0.05000,,25.1,,,-0.070,,,,-1.27,,,,,
,,995,,,1.27150,,,,,3.294,,,,0.05000,,25.1,,,-0.060,,,,-1.11,,,,,
,,1025,,,1.32150,,,,,3.242,,,,0.05000,,25.1,,,-0.052,,,,-0.98,,,,,
,,1056,,,1.37150,,,,,3.194,,,,0.05000,,25.1,,,-0.048,,,,-0.89,,,,,
,,1086,,,1.42150,,,,,3.153,,,,0.05000,,25.1,,,-0.041,,,,-0.80,,,,,
,,1116,,,1.47150,,,,,3.113,,,,0.05000,,25.1,,,-0.040,,,,,,,,,
,,1146,,,1.52150,,,,,3.078,,,,0.05000,,25.1,,,-0.035,,,,,,,,,
,,1176,,,1.57150,,,,,3.045,,,,0.05000,,25.1,,,-0.033,,,,,,,,,
,,1207,,,1.62150,,,,,3.015,,,,0.05000,,25.1,,,-0.030,,,,,,,,,
,,1237,,,1.67150,,,,,2.986,,,,0.05000,,25.1,,,-0.029,,,,,,,,,
Measure (normal) [1],,,,,,,,,,,"Scope 1/1, Sample 5/30",,,,,,,,,,,,,,,,,
Measured Values,,,,,,,,,"Scope 1/1, Sample 5/30",,,,,,,,,,,,,,,,,,,
,,Time,,,,,,,,Meas. value,,,,,,Temp.,,,,,,dE,,,,,,
,,[s],,,,,,,,[pH],,,,,,[°C],,,,,,[pH],,,,,,
,,1,,,,,,,,5.489,,,,,,23.7,,,,,,,,,,,,
,,2,,,,,,,,5.085,,,,,,23.9,,,,,,-0.404,,,,,,
,,3,,,,,,,,5.248,,,,,,24.1,,,,,,0.163,,,,,,
,,4,,,,,,,,5.422,,,,,,24.3,,,,,,0.174,,,,,,
,,5,,,,,,,,5.571,,,,,,24.5,,,,,,0.149,,,,,,
,,6,,,,,,,,5.698,,,,,,24.7,,,,,,0.127,,,,,,
,,7,,,,,,,,5.807,,,,,,24.8,,,,,,0.109,,,,,,
,,8,,,,,,,,5.897,,,,,,24.9,,,,,,0.090,,,,,,
,,9,,,,,,,,5.989,,,,,,25.0,,,,,,0.092,,,,,,
,,10,,,,,,,,6.074,,,,,,25.1,,,,,,0.085,,,,,,
,,11,,,,,,,,6.152,,,,,,25.1,,,,,,0.078,,,,,,
,,12,,,,,,,,6.227,,,,,,25.2,,,,,,0.075,,,,,,
,,13,,,,,,,,6.296,,,,,,25.2,,,,,,0.069,,,,,,
,,14,,,,,,,,6.361,,,,,,25.2,,,,,,0.065,,,,,,
,,15,,,,,,,,6.415,,,,,,25.2,,,,,,0.054,,,,,,
,,16,,,,,,,,6.474,,,,,,25.3,,,,,,0.059,,,,,,
,,17,,,,,,,,6.531,,,,,,25.3,,,,,,0.057,,,,,,
,,18,,,,,,,,6.586,,,,,,25.3,,,,,,0.055,,,,,,
,,19,,,,,,,,6.638,,,,,,25.3,,,,,,0.052,,,,,,
,,20,,,,,,,,6.687,,,,,,25.3,,,,,,0.049,,,,,,
,,21,,,,,,,,6.733,,,,,,25.3,,,,,,0.046,,,,,,
,,22,,,,,,,,6.772,,,,,,25.3,,,,,,0.039,,,,,,
,,23,,,,,,,,6.815,,,,,,25.3,,,,,,0.043,,,,,,
,,24,,,,,,,,6.857,,,,,,25.3,,,,,,0.042,,,,,,
,,25,,,,,,,,6.895,,,,,,25.3,,,,,,0.038,,,,,,
,,26,,,,,,,,6.929,,,,,,25.3,,,,,,0.034,,,,,,
,,27,,,,,,,,6.963,,,,,,25.3,,,,,,0.034,,,,,,
,,28,,,,,,,,6.995,,,,,,25.3,,,,,,0.032,,,,,,
,,29,,,,,,,,7.019,,,,,,25.3,,,,,,0.024,,,,,,
,,30,,,,,,,,7.048,,,,,,25.3,,,,,,0.029,,,,,,
,,31,,,,,,,,7.080,,,,,,25.3,,,,,,0.032,,,,,,
,,32,,,,,,,,7.107,,,,,,25.3,,,,,,0.027,,,,,,
,,33,,,,,,,,7.133,,,,,,25.3,,,,,,0.026,,,,,,
,,34,,,,,,,,7.157,,,,,,25.3,,,,,,0.024,,,,,,
,,35,,,,,,,,7.180,,,,,,25.3,,,,,,0.023,,,,,,
,,36,,,,,,,,7.199,,,,,,25.3,,,,,,0.019,,,,,,
,,37,,,,,,,,7.219,,,,,,25.3,,,,,,0.020,,,,,,
,,38,,,,,,,,7.239,,,,,,25.3,,,,,,0.020,,,,,,
,,39,,,,,,,,7.258,,,,,,25.3,,,,,,0.019,,,,,,
,,40,,,,,,,,7.275,,,,,,25.3,,,,,,0.017,,,,,,
,,41,,,,,,,,7.292,,,,,,25.3,,,,,,0.017,,,,,,
,,42,,,,,,,,7.308,,,,,,25.3,,,,,,0.016,,,,,,
,,43,,,,,,,,7.322,,,,,,25.3,,,,,,0.014,,,,,,
,,44,,,,,,,,7.337,,,,,,25.3,,,,,,0.015,,,,,,
,,45,,,,,,,,7.352,,,,,,25.3,,,,,,0.015,,,,,,
,,46,,,,,,,,7.365,,,,,,25.3,,,,,,0.013,,,,,,
,,47,,,,,,,,7.378,,,,,,25.3,,,,,,0.013,,,,,,
,,48,,,,,,,,7.389,,,,,,25.3,,,,,,0.011,,,,,,
,,49,,,,,,,,7.399,,,,,,25.3,,,,,,0.010,,,,,,
,,50,,,,,,,,7.410,,,,,,25.3,,,,,,0.011,,,,,,
,,51,,,,,,,,7.419,,,,,,25.3,,,,,,0.009,,,,,,
,,52,,,,,,,,7.429,,,,,,25.3,,,,,,0.010,,,,,,
,,53,,,,,,,,7.438,,,,,,25.3,,,,,,0.009,,,,,,
,,54,,,,,,,,7.447,,,,,,25.3,,,,,,0.009,,,,,,
,,55,,,,,,,,7.455,,,,,,25.3,,,,,,0.008,,,,,,
,,56,,,,,,,,7.462,,,,,,25.3,,,,,,0.007,,,,,,
,,57,,,,,,,,7.469,,,,,,25.3,,,,,,0.007,,,,,,
,,58,,,,,,,,7.476,,,,,,25.3,,,,,,0.007,,,,,,
,,59,,,,,,,,7.482,,,,,,25.3,,,,,,0.006,,,,,,
,,60,,,,,,,,7.488,,,,,,25.3,,,,,,0.006,,,,,,
Titration (EQP) [1],,,,,,,,,,,"Scope 1/1, Sample 5/30",,,,,,,,,,,,,,,,,
E - V Curve,,,,,,"Scope 1/1, Sample 5/30",,,,,,,,,,,,,,,,,,,,,,
,,E [pH],,,,,,,,,,,,,,,,,,,,,,,,,,
dE/dV - V Curve,,,,,,,,,"Scope 1/1, Sample 5/30",,,,,,,,,,,,,,,,,,,
,dE/dV [pH/mL],,,,,,,,,,,,,,,,,,,,,,,,,,,
Measured Values,,,,,,,,,"Scope 1/1, Sample 5/30",,,,,,,,,,,,,,,,,,,
,,Time,,,V,,,,,Meas. value,,,,dV,,Temp.,,,dE,,,,dE/dV,,,,,EQP
,,[s],,,[mL],,,,,[pH],,,,[mL],,[°C],,,[pH],,,,[pH/mL],,,,,
,,0,,,0.00000,,,,,7.501,,,,,,25.3,,,,,,,,,,,,
,,28,,,0.17150,,,,,7.040,,,,0.17150,,25.3,,,-0.461,,,,,,,,,
,,58,,,0.25725,,,,,6.717,,,,0.08575,,25.3,,,-0.323,,,,,,,,,
,,88,,,0.30000,,,,,6.528,,,,0.04275,,25.3,,,-0.189,,,,,,,,,
,,179,,,0.32650,,,,,6.423,,,,0.02650,,25.2,,,-0.105,,,,,,,,,
,,209,,,0.36375,,,,,6.356,,,,0.03725,,25.2,,,-0.067,,,,-2.75,,,,,
,,239,,,0.41375,,,,,6.268,,,,0.05000,,25.2,,,-0.088,,,,-2.01,,,,,
,,269,,,0.46375,,,,,6.167,,,,0.05000,,25.2,,,-0.101,,,,-1.75,,,,,
,,300,,,0.51375,,,,,6.074,,,,0.05000,,25.2,,,-0.093,,,,-1.85,,,,,
,,330,,,0.56375,,,,,5.977,,,,0.05000,,25.2,,,-0.097,,,,-2.01,,,,,
,,360,,,0.61375,,,,,5.869,,,,0.05000,,25.2,,,-0.108,,,,-2.18,,,,,
,,390,,,0.66375,,,,,5.755,,,,0.05000,,25.2,,,-0.114,,,,-2.47,,,,,
,,421,,,0.71375,,,,,5.624,,,,0.05000,,25.1,,,-0.131,,,,-3.01,,,,,
,,451,,,0.76375,,,,,5.460,,,,0.05000,,25.1,,,-0.164,,,,-3.93,,,,,
,,481,,,0.79800,,,,,5.322,,,,0.03425,,25.1,,,-0.138,,,,-4.90,,,,,
,,511,,,0.82525,,,,,5.186,,,,0.02725,,25.1,,,-0.136,,,,-5.98,,,,,
,,542,,,0.84700,,,,,5.049,,,,0.02175,,25.1,,,-0.137,,,,-7.01,,,,,
,,572,,,0.86425,,,,,4.918,,,,0.01725,,25.1,,,-0.131,,,,-7.90,,,,,
,,602,,,0.87900,,,,,4.786,,,,0.01475,,25.1,,,-0.132,,,,-8.87,,,,,
,,632,,,0.89200,,,,,4.655,,,,0.01300,,25.1,,,-0.131,,,,-9.63,,,,,
,,,,,0.894569 ???,,,,,4.628 ???,,,,,,,,,,,,,,,,,,EQP
,,662,,,0.90400,,,,,4.531,,,,0.01200,,25.1,,,-0.124,,,,-9.58,,,,,
,,693,,,0.91700,,,,,4.402,,,,0.01300,,25.1,,,-0.129,,,,-8.71,,,,,
,,723,,,0.93125,,,,,4.278,,,,0.01425,,25.1,,,-0.124,,,,-7.73,,,,,
,,753,,,0.94875,,,,,4.147,,,,0.01750,,25.1,,,-0.131,,,,-6.77,,,,,
,,784,,,0.97025,,,,,4.018,,,,0.02150,,25.1,,,-0.129,,,,-5.68,,,,,
,,814,,,0.99800,,,,,3.889,,,,0.02775,,25.1,,,-0.129,,,,-4.52,,,,,
,,844,,,1.03575,,,,,3.756,,,,0.03775,,25.1,,,-0.133,,,,-3.38,,,,,
,,874,,,1.08575,,,,,3.622,,,,0.05000,,25.1,,,-0.134,,,,-2.42,,,,,
,,904,,,1.13575,,,,,3.519,,,,0.05000,,25.1,,,-0.103,,,,-1.86,,,,,
,,935,,,1.18575,,,,,3.436,,,,0.05000,,25.1,,,-0.083,,,,-1.51,,,,,
,,965,,,1.23575,,,,,3.366,,,,0.05000,,25.1,,,-0.070,,,,-1.27,,,,,
,,995,,,1.28575,,,,,3.305,,,,0.05000,,25.1,,,-0.061,,,,-1.11,,,,,
,,1025,,,1.33575,,,,,3.252,,,,0.05000,,25.1,,,-0.053,,,,-0.99,,,,,
,,1056,,,1.38575,,,,,3.205,,,,0.05000,,25.1,,,-0.047,,,,-0.89,,,,,
,,1086,,,1.43575,,,,,3.163,,,,0.05000,,25.1,,,-0.042,,,,-0.81,,,,,
,,1116,,,1.48575,,,,,3.123,,,,0.05000,,25.1,,,-0.040,,,,,,,,,
,,1146,,,1.53575,,,,,3.088,,,,0.05000,,25.1,,,-0.035,,,,,,,,,
,,1177,,,1.58575,,,,,3.055,,,,0.05000,,25.1,,,-0.033,,,,,,,,,
,,1207,,,1.63575,,,,,3.024,,,,0.05000,,25.1,,,-0.031,,,,,,,,,
,,1237,,,1.68575,,,,,2.995,,,,0.05000,,25.1,,,-0.029,,,,,,,,,
Measure (normal) [1],,,,,,,,,,,"Scope 1/1, Sample 6/30",,,,,,,,,,,,,,,,,
Measured Values,,,,,,,,,"Scope 1/1, Sample 6/30",,,,,,,,,,,,,,,,,,,
,,Time,,,,,,,,Meas. value,,,,,,Temp.,,,,,,dE,,,,,,
,,[s],,,,,,,,[pH],,,,,,[°C],,,,,,[pH],,,,,,
,,1,,,,,,,,4.295,,,,,,23.7,,,,,,,,,,,,
,,2,,,,,,,,4.886,,,,,,23.8,,,,,,0.591,,,,,,
,,3,,,,,,,,5.162,,,,,,24.1,,,,,,0.276,,,,,,
,,4,,,,,,,,5.359,,,,,,24.3,,,,,,0.197,,,,,,
,,5,,,,,,,,5.513,,,,,,24.5,,,,,,0.154,,,,,,
,,6,,,,,,,,5.641,,,,,,24.6,,,,,,0.128,,,,,,
,,7,,,,,,,,5.750,,,,,,24.8,,,,,,0.109,,,,,,
,,8,,,,,,,,5.838,,,,,,24.9,,,,,,0.088,,,,,,
,,9,,,,,,,,5.925,,,,,,24.9,,,,,,0.087,,,,,,
,,10,,,,,,,,6.005,,,,,,25.0,,,,,,0.080,,,,,,
,,11,,,,,,,,6.077,,,,,,25.0,,,,,,0.072,,,,,,
,,12,,,,,,,,6.146,,,,,,25.1,,,,,,0.069,,,,,,
,,13,,,,,,,,6.211,,,,,,25.1,,,,,,0.065,,,,,,
,,14,,,,,,,,6.271,,,,,,25.1,,,,,,0.060,,,,,,
,,15,,,,,,,,6.323,,,,,,25.1,,,,,,0.052,,,,,,
,,16,,,,,,,,6.376,,,,,,25.2,,,,,,0.053,,,,,,
,,17,,,,,,,,6.426,,,,,,25.2,,,,,,0.050,,,,,,
,,18,,,,,,,,6.472,,,,,,25.2,,,,,,0.046,,,,,,
,,19,,,,,,,,6.518,,,,,,25.2,,,,,,0.046,,,,,,
,,20,,,,,,,,6.562,,,,,,25.2,,,,,,0.044,,,,,,
,,21,,,,,,,,6.603,,,,,,25.2,,,,,,0.041,,,,,,
,,22,,,,,,,,6.638,,,,,,25.2,,,,,,0.035,,,,,,
,,23,,,,,,,,6.676,,,,,,25.2,,,,,,0.038,,,,,,
,,24,,,,,,,,6.712,,,,,,25.2,,,,,,0.036,,,,,,
,,25,,,,,,,,6.745,,,,,,25.2,,,,,,0.033,,,,,,
,,26,,,,,,,,6.777,,,,,,25.2,,,,,,0.032,,,,,,
,,27,,,,,,,,6.808,,,,,,25.2,,,,,,0.031,,,,,,
,,28,,,,,,,,6.839,,,,,,25.2,,,,,,0.031,,,,,,
,,29,,,,,,,,6.868,,,,,,25.2,,,,,,0.029,,,,,,
,,30,,,,,,,,6.895,,,,,,25.2,,,,,,0.027,,,,,,
,,31,,,,,,,,6.918,,,,,,25.2,,,,,,0.023,,,,,,
,,32,,,,,,,,6.943,,,,,,25.2,,,,,,0.025,,,,,,
,,33,,,,,,,,6.967,,,,,,25.2,,,,,,0.024,,,,,,
,,34,,,,,,,,6.990,,,,,,25.2,,,,,,0.023,,,,,,
,,35,,,,,,,,7.011,,,,,,25.2,,,,,,0.021,,,,,,
,,36,,,,,,,,7.023,,,,,,25.2,,,,,,0.012,,,,,,
,,37,,,,,,,,7.045,,,,,,25.2,,,,,,0.022,,,,,,
,,38,,,,,,,,7.068,,,,,,25.2,,,,,,0.023,,,,,,
,,39,,,,,,,,7.086,,,,,,25.2,,,,,,0.018,,,,,,
,,40,,,,,,,,7.105,,,,,,25.2,,,,,,0.019,,,,,,
,,41,,,,,,,,7.123,,,,,,25.2,,,,,,0.018,,,,,,
,,42,,,,,,,,7.140,,,,,,25.2,,,,,,0.017,,,,,,
,,43,,,,,,,,7.154,,,,,,25.2,,,,,,0.014,,,,,,
,,44,,,,,,,,7.168,,,,,,25.2,,,,,,0.014,,,,,,
,,45,,,,,,,,7.182,,,,,,25.2,,,,,,0.014,,,,,,
,,46,,,,,,,,7.196,,,,,,25.2,,,,,,0.014,,,,,,
,,47,,,,,,,,7.209,,,,,,25.2,,,,,,0.013,,,,,,
,,48,,,,,,,,7.220,,,,,,25.2,,,,,,0.011,,,,,,
,,49,,,,,,,,7.232,,,,,,25.2,,,,,,0.012,,,,,,
,,50,,,,,,,,7.243,,,,,,25.2,,,,,,0.011,,,,,,
,,51,,,,,,,,7.254,,,,,,25.2,,,,,,0.011,,,,,,
,,52,,,,,,,,7.264,,,,,,25.2,,,,,,0.010,,,,,,
,,53,,,,,,,,7.274,,,,,,25.2,,,,,,0.010,,,,,,
,,54,,,,,,,,7.283,,,,,,25.2,,,,,,0.009,,,,,,
,,55,,,,,,,,7.292,,,,,,25.2,,,,,,0.009,,,,,,
,,56,,,,,,,,7.300,,,,,,25.2,,,,,,0.008,,,,,,
,,57,,,,,,,,7.308,,,,,,25.2,,,,,,0.008,,,,,,
,,58,,,,,,,,7.316,,,,,,25.2,,,,,,0.008,,,,,,
,,59,,,,,,,,7.324,,,,,,25.2,,,,,,0.008,,,,,,
,,60,,,,,,,,7.331,,,,,,25.2,,,,,,0.007,,,,,,
Titration (EQP) [1],,,,,,,,,,,"Scope 1/1, Sample 6/30",,,,,,,,,,,,,,,,,
E - V Curve,,,,,,"Scope 1/1, Sample 6/30",,,,,,,,,,,,,,,,,,,,,,
,,E [pH],,,,,,,,,,,,,,,,,,,,,,,,,,
dE/dV - V Curve,,,,,,,,,"Scope 1/1, Sample 6/30",,,,,,,,,,,,,,,,,,,
,dE/dV [pH/mL],,,,,,,,,,,,,,,,,,,,,,,,,,,
Measured Values,,,,,,,,,"Scope 1/1, Sample 6/30",,,,,,,,,,,,,,,,,,,
,,Time,,,V,,,,,Meas. value,,,,dV,,Temp.,,,dE,,,,dE/dV,,,,,EQP
,,[s],,,[mL],,,,,[pH],,,,[mL],,[°C],,,[pH],,,,[pH/mL],,,,,
,,0,,,0.00000,,,,,7.347,,,,,,25.2,,,,,,,,,,,,
,,28,,,0.17150,,,,,6.955,,,,0.17150,,25.2,,,-0.392,,,,,,,,,
,,58,,,0.25725,,,,,6.639,,,,0.08575,,25.2,,,-0.316,,,,,,,,,
,,88,,,0.30000,,,,,6.470,,,,0.04275,,25.2,,,-0.169,,,,,,,,,
,,179,,,0.33200,,,,,6.379,,,,0.03200,,25.2,,,-0.091,,,,,,,,,
,,209,,,0.38200,,,,,6.292,,,,0.05000,,25.2,,,-0.087,,,,-2.51,,,,,
,,239,,,0.43200,,,,,6.196,,,,0.05000,,25.2,,,-0.096,,,,-1.89,,,,,
,,270,,,0.48200,,,,,6.101,,,,0.05000,,25.2,,,-0.095,,,,-1.80,,,,,
,,300,,,0.53200,,,,,6.002,,,,0.05000,,25.2,,,-0.099,,,,-1.95,,,,,
,,330,,,0.58200,,,,,5.895,,,,0.05000,,25.2,,,-0.107,,,,-2.15,,,,,
,,360,,,0.63200,,,,,5.786,,,,0.05000,,25.2,,,-0.109,,,,-2.39,,,,,
,,390,,,0.68200,,,,,5.659,,,,0.05000,,25.2,,,-0.127,,,,-2.85,,,,,
,,421,,,0.73200,,,,,5.505,,,,0.05000,,25.2,,,-0.154,,,,-3.65,,,,,
,,451,,,0.77050,,,,,5.358,,,,0.03850,,25.2,,,-0.147,,,,-4.66,,,,,
,,481,,,0.79950,,,,,5.219,,,,0.02900,,25.2,,,-0.139,,,,-5.76,,,,,
,,511,,,0.82200,,,,,5.086,,,,0.02250,,25.2,,,-0.133,,,,-6.81,,,,,
,,542,,,0.84050,,,,,4.952,,,,0.01850,,25.2,,,-0.134,,,,-7.79,,,,,
,,572,,,0.85575,,,,,4.816,,,,0.01525,,25.2,,,-0.136,,,,-8.73,,,,,
,,602,,,0.86825,,,,,4.692,,,,0.01250,,25.2,,,-0.124,,,,-9.63,,,,,
,,,,,0.877820,,,,,4.592,,,,,,,,,,,,,,,,,,EQP
,,632,,,0.88050,,,,,4.564,,,,0.01225,,25.2,,,-0.128,,,,-9.90,,,,,
,,662,,,0.89275,,,,,4.436,,,,0.01225,,25.2,,,-0.128,,,,-9.19,,,,,
,,693,,,0.90600,,,,,4.312,,,,0.01325,,25.2,,,-0.124,,,,-8.19,,,,,
,,723,,,0.92225,,,,,4.183,,,,0.01625,,25.2,,,-0.129,,,,-7.22,,,,,
,,753,,,0.94225,,,,,4.052,,,,0.02000,,25.2,,,-0.131,,,,-6.13,,,,,
,,784,,,0.96725,,,,,3.923,,,,0.02500,,25.2,,,-0.129,,,,-4.96,,,,,
,,814,,,1.00100,,,,,3.790,,,,0.03375,,25.2,,,-0.133,,,,-3.78,,,,,
,,844,,,1.04575,,,,,3.659,,,,0.04475,,25.2,,,-0.131,,,,-2.75,,,,,
,,874,,,1.09575,,,,,3.544,,,,0.05000,,25.2,,,-0.115,,,,-2.05,,,,,
,,904,,,1.14575,,,,,3.455,,,,0.05000,,25.2,,,-0.089,,,,-1.63,,,,,
,,935,,,1.19575,,,,,3.380,,,,0.05000,,25.2,,,-0.075,,,,-1.36,,,,,
,,965,,,1.24575,,,,,3.315,,,,0.05000,,25.2,,,-0.065,,,,-1.17,,,,,
,,995,,,1.29575,,,,,3.260,,,,0.05000,,25.2,,,-0.055,,,,-1.04,,,,,
,,1026,,,1.34575,,,,,3.210,,,,0.05000,,25.2,,,-0.050,,,,-0.93,,,,,
,,1056,,,1.39575,,,,,3.166,,,,0.05000,,25.2,,,-0.044,,,,-0.84,,,,,
,,1086,,,1.44575,,,,,3.125,,,,0.05000,,25.2,,,-0.041,,,,,,,,,
,,1116,,,1.49575,,,,,3.089,,,,0.05000,,25.2,,,-0.036,,,,,,,,,
,,1146,,,1.54575,,,,,3.054,,,,0.05000,,25.1,,,-0.035,,,,,,,,,
,,1177,,,1.59575,,,,,3.023,,,,0.05000,,25.1,,,-0.031,,,,,,,,,
,,1207,,,1.64575,,,,,2.993,,,,0.05000,,25.1,,,-0.030,,,,,,,,,
Measure (normal) [1],,,,,,,,,,,"Scope 1/1, Sample 7/30",,,,,,,,,,,,,,,,,
Measured Values,,,,,,,,,"Scope 1/1, Sample 7/30",,,,,,,,,,,,,,,,,,,
,,Time,,,,,,,,Meas. value,,,,,,Temp.,,,,,,dE,,,,,,
,,[s],,,,,,,,[pH],,,,,,[°C],,,,,,[pH],,,,,,
,,1,,,,,,,,4.398,,,,,,23.6,,,,,,,,,,,,
,,2,,,,,,,,4.919,,,,,,23.7,,,,,,0.521,,,,,,
,,3,,,,,,,,5.179,,,,,,24.0,,,,,,0.260,,,,,,
,,4,,,,,,,,5.372,,,,,,24.2,,,,,,0.193,,,,,,
,,5,,,,,,,,5.528,,,,,,24.4,,,,,,0.156,,,,,,
,,6,,,,,,,,5.657,,,,,,24.6,,,,,,0.129,,,,,,
,,7,,,,,,,,5.768,,,,,,24.7,,,,,,0.111,,,,,,
,,8,,,,,,,,5.856,,,,,,24.8,,,,,,0.088,,,,,,
,,9,,,,,,,,5.947,,,,,,24.9,,,,,,0.091,,,,,,
,,10,,,,,,,,6.029,,,,,,25.0,,,,,,0.082,,,,,,
,,11,,,,,,,,6.105,,,,,,25.0,,,,,,0.076,,,,,,
,,12,,,,,,,,6.175,,,,,,25.1,,,,,,0.070,,,,,,
,,13,,,,,,,,6.241,,,,,,25.1,,,,,,0.066,,,,,,
,,14,,,,,,,,6.303,,,,,,25.1,,,,,,0.062,,,,,,
,,15,,,,,,,,6.355,,,,,,25.1,,,,,,0.052,,,,,,
,,16,,,,,,,,6.410,,,,,,25.1,,,,,,0.055,,,,,,
,,17,,,,,,,,6.462,,,,,,25.1,,,,,,0.052,,,,,,
,,18,,,,,,,,6.512,,,,,,25.2,,,,,,0.050,,,,,,
,,19,,,,,,,,6.558,,,,,,25.2,,,,,,0.046,,,,,,
,,20,,,,,,,,6.602,,,,,,25.2,,,,,,0.044,,,,,,
,,21,,,,,,,,6.644,,,,,,25.2,,,,,,0.042,,,,,,
,,22,,,,,,,,6.680,,,,,,25.2,,,,,,0.036,,,,,,
,,23,,,,,,,,6.718,,,,,,25.2,,,,,,0.038,,,,,,
,,24,,,,,,,,6.755,,,,,,25.2,,,,,,0.037,,,,,,
,,25,,,,,,,,6.790,,,,,,25.2,,,,,,0.035,,,,,,
,,26,,,,,,,,6.824,,,,,,25.2,,,,,,0.034,,,,,,
,,27,,,,,,,,6.857,,,,,,25.2,,,,,,0.033,,,,,,
,,28,,,,,,,,6.889,,,,,,25.2,,,,,,0.032,,,,,,
,,29,,,,,,,,6.912,,,,,,25.2,,,,,,0.023,,,,,,
,,30,,,,,,,,6.938,,,,,,25.2,,,,,,0.026,,,,,,
,,31,,,,,,,,6.964,,,,,,25.2,,,,,,0.026,,,,,,
,,32,,,,,,,,6.990,,,,,,25.2,,,,,,0.026,,,,,,
,,33,,,,,,,,7.012,,,,,,25.2,,,,,,0.022,,,,,,
,,34,,,,,,,,7.028,,,,,,25.2,,,,,,0.016,,,,,,
,,35,,,,,,,,7.056,,,,,,25.2,,,,,,0.028,,,,,,
,,36,,,,,,,,7.077,,,,,,25.2,,,,,,0.021,,,,,,
,,37,,,,,,,,7.097,,,,,,25.2,,,,,,0.020,,,,,,
,,38,,,,,,,,7.116,,,,,,25.2,,,,,,0.019,,,,,,
,,39,,,,,,,,7.135,,,,,,25.2,,,,,,0.019,,,,,,
,,40,,,,,,,,7.152,,,,,,25.2,,,,,,0.017,,,,,,
,,41,,,,,,,,7.169,,,,,,25.2,,,,,,0.017,,,,,,
,,42,,,,,,,,7.185,,,,,,25.2,,,,,,0.016,,,,,,
,,43,,,,,,,,7.199,,,,,,25.2,,,,,,0.014,,,,,,
,,44,,,,,,,,7.213,,,,,,25.2,,,,,,0.014,,,,,,
,,45,,,,,,,,7.227,,,,,,25.2,,,,,,0.014,,,,,,
,,46,,,,,,,,7.240,,,,,,25.2,,,,,,0.013,,,,,,
,,47,,,,,,,,7.253,,,,,,25.2,,,,,,0.013,,,,,,
,,48,,,,,,,,7.265,,,,,,25.2,,,,,,0.012,,,,,,
,,49,,,,,,,,7.277,,,,,,25.2,,,,,,0.012,,,,,,
,,50,,,,,,,,7.287,,,,,,25.2,,,,,,0.010,,,,,,
,,51,,,,,,,,7.298,,,,,,25.2,,,,,,0.011,,,,,,
,,52,,,,,,,,7.308,,,,,,25.2,,,,,,0.010,,,,,,
,,53,,,,,,,,7.318,,,,,,25.2,,,,,,0.010,,,,,,
,,54,,,,,,,,7.327,,,,,,25.2,,,,,,0.009,,,,,,
,,55,,,,,,,,7.335,,,,,,25.2,,,,,,0.008,,,,,,
,,56,,,,,,,,7.343,,,,,,25.2,,,,,,0.008,,,,,,
,,57,,,,,,,,7.350,,,,,,25.2,,,,,,0.007,,,,,,
,,58,,,,,,,,7.358,,,,,,25.2,,,,,,0.008,,,,,,
,,59,,,,,,,,7.366,,,,,,25.2,,,,,,0.008,,,,,,
,,60,,,,,,,,7.373,,,,,,25.2,,,,,,0.007,,,,,,
Titration (EQP) [1],,,,,,,,,,,"Scope 1/1, Sample 7/30",,,,,,,,,,,,,,,,,
E - V Curve,,,,,,"Scope 1/1, Sample 7/30",,,,,,,,,,,,,,,,,,,,,,
,,E [pH],,,,,,,,,,,,,,,,,,,,,,,,,,
dE/dV - V Curve,,,,,,,,,"Scope 1/1, Sample 7/30",,,,,,,,,,,,,,,,,,,
,dE/dV [pH/mL],,,,,,,,,,,,,,,,,,,,,,,,,,,
Measured Values,,,,,,,,,"Scope 1/1, Sample 7/30",,,,,,,,,,,,,,,,,,,
,,Time,,,V,,,,,Meas. value,,,,dV,,Temp.,,,dE,,,,dE/dV,,,,,EQP
,,[s],,,[mL],,,,,[pH],,,,[mL],,[°C],,,[pH],,,,[pH/mL],,,,,
,,0,,,0.00000,,,,,7.387,,,,,,25.2,,,,,,,,,,,,
,,28,,,0.17150,,,,,6.995,,,,0.17150,,25.2,,,-0.392,,,,,,,,,
,,58,,,0.25725,,,,,6.698,,,,0.08575,,25.2,,,-0.297,,,,,,,,,
,,88,,,0.30000,,,,,6.527,,,,0.04275,,25.2,,,-0.171,,,,,,,,,
,,179,,,0.32925,,,,,6.433,,,,0.02925,,25.2,,,-0.094,,,,,,,,,
,,209,,,0.37925,,,,,6.354,,,,0.05000,,25.1,,,-0.079,,,,-2.43,,,,,
,,239,,,0.42925,,,,,6.266,,,,0.05000,,25.1,,,-0.088,,,,-1.79,,,,,
,,269,,,0.47925,,,,,6.173,,,,0.05000,,25.1,,,-0.093,,,,-1.62,,,,,
,,300,,,0.52925,,,,,6.089,,,,0.05000,,25.1,,,-0.084,,,,-1.73,,,,,
,,330,,,0.57925,,,,,5.997,,,,0.05000,,25.1,,,-0.092,,,,-1.84,,,,,
,,360,,,0.62925,,,,,5.902,,,,0.05000,,25.1,,,-0.095,,,,-1.93,,,,,
,,390,,,0.67925,,,,,5.801,,,,0.05000,,25.1,,,-0.101,,,,-2.13,,,,,
,,421,,,0.72925,,,,,5.687,,,,0.05000,,25.1,,,-0.114,,,,-2.48,,,,,
,,451,,,0.77925,,,,,5.553,,,,0.05000,,25.1,,,-0.134,,,,-3.05,,,,,
,,481,,,0.82925,,,,,5.388,,,,0.05000,,25.1,,,-0.165,,,,-4.05,,,,,
,,511,,,0.86300,,,,,5.247,,,,0.03375,,25.1,,,-0.141,,,,-5.05,,,,,
,,542,,,0.88875,,,,,5.112,,,,0.02575,,25.1,,,-0.135,,,,-6.03,,,,,
,,572,,,0.90950,,,,,4.978,,,,0.02075,,25.1,,,-0.134,,,,-6.92,,,,,
,,602,,,0.92650,,,,,4.848,,,,0.01700,,25.1,,,-0.130,,,,-7.73,,,,,
,,632,,,0.94150,,,,,4.716,,,,0.01500,,25.1,,,-0.132,,,,-8.61,,,,,
,,,,,0.953589 ???,,,,,4.602 ???,,,,,,,,,,,,,,,,,,EQP
,,663,,,0.95475,,,,,4.591,,,,0.01325,,25.1,,,-0.125,,,,-9.04,,,,,
,,693,,,0.96825,,,,,4.461,,,,0.01350,,25.1,,,-0.130,,,,-8.56,,,,,
,,723,,,0.98200,,,,,4.341,,,,0.01375,,25.1,,,-0.120,,,,-7.68,,,,,
,,753,,,0.99950,,,,,4.207,,,,0.01750,,25.1,,,-0.134,,,,-6.77,,,,,
,,784,,,1.01950,,,,,4.081,,,,0.02000,,25.1,,,-0.126,,,,-5.84,,,,,
,,814,,,1.04575,,,,,3.952,,,,0.02625,,25.1,,,-0.129,,,,-4.75,,,,,
,,844,,,1.08075,,,,,3.817,,,,0.03500,,25.1,,,-0.135,,,,-3.64,,,,,
,,874,,,1.12600,,,,,3.687,,,,0.04525,,25.1,,,-0.130,,,,-2.67,,,,,
,,904,,,1.17600,,,,,3.576,,,,0.05000,,25.1,,,-0.111,,,,-2.01,,,,,
,,935,,,1.22600,,,,,3.487,,,,0.05000,,25.1,,,-0.089,,,,-1.61,,,,,
,,965,,,1.27600,,,,,3.413,,,,0.05000,,25.1,,,-0.074,,,,-1.35,,,,,
,,995,,,1.32600,,,,,3.349,,,,0.05000,,25.1,,,-0.064,,,,-1.17,,,,,
,,1025,,,1.37600,,,,,3.293,,,,0.05000,,25.1,,,-0.056,,,,-1.03,,,,,
,,1056,,,1.42600,,,,,3.244,,,,0.05000,,25.1,,,-0.049,,,,-0.93,,,,,
,,1086,,,1.47600,,,,,3.200,,,,0.05000,,25.1,,,-0.044,,,,-0.84,,,,,
,,1116,,,1.52600,,,,,3.160,,,,0.05000,,25.1,,,-0.040,,,,-0.76,,,,,
,,1146,,,1.57600,,,,,3.123,,,,0.05000,,25.1,,,-0.037,,,,-0.70,,,,,
,,1177,,,1.62600,,,,,3.089,,,,0.05000,,25.1,,,-0.034,,,,,,,,,
,,1207,,,1.67600,,,,,3.058,,,,0.05000,,25.1,,,-0.031,,,,,,,,,
,,1237,,,1.72600,,,,,3.028,,,,0.05000,,25.1,,,-0.030,,,,,,,,,
,,1267,,,1.77600,,,,,3.002,,,,0.05000,,25.1,,,-0.026,,,,,,,,,
,,1298,,,1.82600,,,,,2.975,,,,0.05000,,25.1,,,-0.027,,,,,,,,,
Measure (normal) [1],,,,,,,,,,,"Scope 1/1, Sample 8/30",,,,,,,,,,,,,,,,,
Measured Values,,,,,,,,,"Scope 1/1, Sample 8/30",,,,,,,,,,,,,,,,,,,
,,Time,,,,,,,,Meas. value,,,,,,Temp.,,,,,,dE,,,,,,
,,[s],,,,,,,,[pH],,,,,,[°C],,,,,,[pH],,,,,,
,,1,,,,,,,,4.350,,,,,,22.2,,,,,,,,,,,,
,,2,,,,,,,,5.079,,,,,,22.5,,,,,,0.729,,,,,,
,,3,,,,,,,,5.322,,,,,,22.9,,,,,,0.243,,,,,,
,,4,,,,,,,,5.493,,,,,,23.3,,,,,,0.171,,,,,,
,,5,,,,,,,,5.629,,,,,,23.7,,,,,,0.136,,,,,,
,,6,,,,,,,,5.742,,,,,,24.0,,,,,,0.113,,,,,,
,,7,,,,,,,,5.831,,,,,,24.2,,,,,,0.089,,,,,,
,,8,,,,,,,,5.920,,,,,,24.4,,,,,,0.089,,,,,,
,,9,,,,,,,,5.999,,,,,,24.6,,,,,,0.079,,,,,,
,,10,,,,,,,,6.073,,,,,,24.7,,,,,,0.074,,,,,,
,,11,,,,,,,,6.139,,,,,,24.8,,,,,,0.066,,,,,,
,,12,,,,,,,,6.200,,,,,,24.9,,,,,,0.061,,,,,,
,,13,,,,,,,,6.258,,,,,,24.9,,,,,,0.058,,,,,,
,,14,,,,,,,,6.307,,,,,,25.0,,,,,,0.049,,,,,,
,,15,,,,,,,,6.357,,,,,,25.0,,,,,,0.050,,,,,,
,,16,,,,,,,,6.405,,,,,,25.1,,,,,,0.048,,,,,,
,,17,,,,,,,,6.452,,,,,,25.1,,,,,,0.047,,,,,,
,,18,,,,,,,,6.496,,,,,,25.1,,,,,,0.044,,,,,,
,,19,,,,,,,,6.539,,,,,,25.1,,,,,,0.043,,,,,,
,,20,,,,,,,,6.575,,,,,,25.1,,,,,,0.036,,,,,,
,,21,,,,,,,,6.614,,,,,,25.1,,,,,,0.039,,,,,,
,,22,,,,,,,,6.651,,,,,,25.1,,,,,,0.037,,,,,,
,,23,,,,,,,,6.687,,,,,,25.1,,,,,,0.036,,,,,,
,,24,,,,,,,,6.721,,,,,,25.1,,,,,,0.034,,,,,,
,,25,,,,,,,,6.753,,,,,,25.1,,,,,,0.032,,,,,,
,,26,,,,,,,,6.780,,,,,,25.1,,,,,,0.027,,,,,,
,,27,,,,,,,,6.811,,,,,,25.1,,,,,,0.031,,,,,,
,,28,,,,,,,,6.840,,,,,,25.1,,,,,,0.029,,,,,,
,,29,,,,,,,,6.868,,,,,,25.1,,,,,,0.028,,,,,,
,,30,,,,,,,,6.893,,,,,,25.1,,,,,,0.025,,,,,,
,,31,,,,,,,,6.915,,,,,,25.1,,,,,,0.022,,,,,,
,,32,,,,,,,,6.938,,,,,,25.1,,,,,,0.023,,,,,,
,,33,,,,,,,,6.958,,,,,,25.1,,,,,,0.020,,,,,,
,,34,,,,,,,,6.980,,,,,,25.1,,,,,,0.022,,,,,,
,,35,,,,,,,,7.000,,,,,,25.1,,,,,,0.020,,,,,,
,,36,,,,,,,,7.016,,,,,,25.1,,,,,,0.016,,,,,,
,,37,,,,,,,,7.030,,,,,,25.1,,,,,,0.014,,,,,,
,,38,,,,,,,,7.054,,,,,,25.1,,,,,,0.024,,,,,,
,,39,,,,,,,,7.075,,,,,,25.1,,,,,,0.021,,,,,,
,,40,,,,,,,,7.090,,,,,,25.1,,,,,,0.015,,,,,,
,,41,,,,,,,,7.107,,,,,,25.1,,,,,,0.017,,,,,,
,,42,,,,,,,,7.123,,,,,,25.1,,,,,,0.016,,,,,,
,,43,,,,,,,,7.139,,,,,,25.1,,,,,,0.016,,,,,,
,,44,,,,,,,,7.153,,,,,,25.1,,,,,,0.014,,,,,,
,,45,,,,,,,,7.167,,,,,,25.1,,,,,,0.014,,,,,,
,,46,,,,,,,,7.179,,,,,,25.1,,,,,,0.012,,,,,,
,,47,,,,,,,,7.191,,,,,,25.1,,,,,,0.012,,,,,,
,,48,,,,,,,,7.203,,,,,,25.1,,,,,,0.012,,,,,,
,,49,,,,,,,,7.214,,,,,,25.1,,,,,,0.011,,,,,,
,,50,,,,,,,,7.225,,,,,,25.1,,,,,,0.011,,,,,,
,,51,,,,,,,,7.236,,,,,,25.1,,,,,,0.011,,,,,,
,,52,,,,,,,,7.246,,,,,,25.1,,,,,,0.010,,,,,,
,,53,,,,,,,,7.254,,,,,,25.1,,,,,,0.008,,,,,,
,,54,,,,,,,,7.264,,,,,,25.1,,,,,,0.010,,,,,,
,,55,,,,,,,,7.273,,,,,,25.1,,,,,,0.009,,,,,,
,,56,,,,,,,,7.281,,,,,,25.1,,,,,,0.008,,,,,,
,,57,,,,,,,,7.289,,,,,,25.1,,,,,,0.008,,,,,,
,,58,,,,,,,,7.297,,,,,,25.1,,,,,,0.008,,,,,,
,,59,,,,,,,,7.304,,,,,,25.1,,,,,,0.007,,,,,,
,,60,,,,,,,,7.311,,,,,,25.1,,,,,,0.007,,,,,,
Titration (EQP) [1],,,,,,,,,,,"Scope 1/1, Sample 8/30",,,,,,,,,,,,,,,,,
E - V Curve,,,,,,"Scope 1/1, Sample 8/30",,,,,,,,,,,,,,,,,,,,,,
,,E [pH],,,,,,,,,,,,,,,,,,,,,,,,,,
dE/dV - V Curve,,,,,,,,,"Scope 1/1, Sample 8/30",,,,,,,,,,,,,,,,,,,
,dE/dV [pH/mL],,,,,,,,,,,,,,,,,,,,,,,,,,,
Measured Values,,,,,,,,,"Scope 1/1, Sample 8/30",,,,,,,,,,,,,,,,,,,
,,Time,,,V,,,,,Meas. value,,,,dV,,Temp.,,,dE,,,,dE/dV,,,,,EQP
,,[s],,,[mL],,,,,[pH],,,,[mL],,[°C],,,[pH],,,,[pH/mL],,,,,
,,0,,,0.00000,,,,,7.326,,,,,,25.1,,,,,,,,,,,,
,,28,,,0.17150,,,,,6.948,,,,0.17150,,25.1,,,-0.378,,,,,,,,,
,,58,,,0.25725,,,,,6.650,,,,0.08575,,25.1,,,-0.298,,,,,,,,,
,,88,,,0.30000,,,,,6.486,,,,0.04275,,25.1,,,-0.164,,,,,,,,,
,,179,,,0.33200,,,,,6.395,,,,0.03200,,25.2,,,-0.091,,,,,,,,,
,,209,,,0.38200,,,,,6.307,,,,0.05000,,25.2,,,-0.088,,,,-2.46,,,,,
,,239,,,0.43200,,,,,6.213,,,,0.05000,,25.2,,,-0.094,,,,-1.88,,,,,
,,269,,,0.48200,,,,,6.117,,,,0.05000,,25.2,,,-0.096,,,,-1.77,,,,,
,,300,,,0.53200,,,,,6.023,,,,0.05000,,25.2,,,-0.094,,,,-1.91,,,,,
,,330,,,0.58200,,,,,5.920,,,,0.05000,,25.2,,,-0.103,,,,-2.10,,,,,
,,360,,,0.63200,,,,,5.811,,,,0.05000,,25.2,,,-0.109,,,,-2.32,,,,,
,,390,,,0.68200,,,,,5.686,,,,0.05000,,25.2,,,-0.125,,,,-2.74,,,,,
,,421,,,0.73200,,,,,5.540,,,,0.05000,,25.2,,,-0.146,,,,-3.47,,,,,
,,451,,,0.77550,,,,,5.379,,,,0.04350,,25.2,,,-0.161,,,,-4.53,,,,,
,,481,,,0.80425,,,,,5.249,,,,0.02875,,25.2,,,-0.130,,,,-5.56,,,,,
,,511,,,0.82850,,,,,5.108,,,,0.02425,,25.2,,,-0.141,,,,-6.70,,,,,
,,542,,,0.84675,,,,,4.980,,,,0.01825,,25.2,,,-0.128,,,,-7.66,,,,,
,,572,,,0.86300,,,,,4.841,,,,0.01625,,25.2,,,-0.139,,,,-8.62,,,,,
,,602,,,0.87575,,,,,4.712,,,,0.01275,,25.2,,,-0.129,,,,-9.60,,,,,
,,,,,0.886350,,,,,4.600,,,,,,,,,,,,,,,,,,EQP
,,632,,,0.88725,,,,,4.591,,,,0.01150,,25.2,,,-0.121,,,,-10.04,,,,,
,,663,,,0.89950,,,,,4.463,,,,0.01225,,25.2,,,-0.128,,,,-9.54,,,,,
,,693,,,0.91275,,,,,4.334,,,,0.01325,,25.2,,,-0.129,,,,-8.50,,,,,
,,723,,,0.92750,,,,,4.210,,,,0.01475,,25.2,,,-0.124,,,,-7.55,,,,,
,,753,,,0.94625,,,,,4.078,,,,0.01875,,25.2,,,-0.132,,,,-6.48,,,,,
,,784,,,0.96950,,,,,3.949,,,,0.02325,,25.2,,,-0.129,,,,-5.31,,,,,
,,814,,,1.00025,,,,,3.819,,,,0.03075,,25.2,,,-0.130,,,,-4.13,,,,,
,,844,,,1.04250,,,,,3.684,,,,0.04225,,25.2,,,-0.135,,,,-3.02,,,,,
,,874,,,1.09250,,,,,3.562,,,,0.05000,,25.2,,,-0.122,,,,-2.21,,,,,
,,904,,,1.14250,,,,,3.466,,,,0.05000,,25.2,,,-0.096,,,,-1.73,,,,,
,,935,,,1.19250,,,,,3.387,,,,0.05000,,25.2,,,-0.079,,,,-1.43,,,,,
,,965,,,1.24250,,,,,3.320,,,,0.05000,,25.2,,,-0.067,,,,-1.22,,,,,
,,995,,,1.29250,,,,,3.262,,,,0.05000,,25.2,,,-0.058,,,,-1.07,,,,,
,,1026,,,1.34250,,,,,3.211,,,,0.05000,,25.2,,,-0.051,,,,-0.96,,,,,
,,1056,,,1.39250,,,,,3.165,,,,0.05000,,25.2,,,-0.046,,,,-0.86,,,,,
,,1086,,,1.44250,,,,,3.124,,,,0.05000,,25.2,,,-0.041,,,,,,,,,
,,1116,,,1.49250,,,,,3.086,,,,0.05000,,25.2,,,-0.038,,,,,,,,,
,,1146,,,1.54250,,,,,3.051,,,,0.05000,,25.2,,,-0.035,,,,,,,,,
,,1177,,,1.59250,,,,,3.019,,,,0.05000,,25.1,,,-0.032,,,,,,,,,
,,1207,,,1.64250,,,,,2.989,,,,0.05000,,25.1,,,-0.030,,,,,,,,,
Measure (normal) [1],,,,,,,,,,,"Scope 1/1, Sample 9/30",,,,,,,,,,,,,,,,,
Measured Values,,,,,,,,,"Scope 1/1, Sample 9/30",,,,,,,,,,,,,,,,,,,
,,Time,,,,,,,,Meas. value,,,,,,Temp.,,,,,,dE,,,,,,
,,[s],,,,,,,,[pH],,,,,,[°C],,,,,,[pH],,,,,,
,,1,,,,,,,,4.578,,,,,,23.7,,,,,,,,,,,,
,,2,,,,,,,,4.965,,,,,,23.9,,,,,,0.387,,,,,,
,,3,,,,,,,,5.209,,,,,,24.1,,,,,,0.244,,,,,,
,,4,,,,,,,,5.397,,,,,,24.3,,,,,,0.188,,,,,,
,,5,,,,,,,,5.548,,,,,,24.5,,,,,,0.151,,,,,,
,,6,,,,,,,,5.675,,,,,,24.7,,,,,,0.127,,,,,,
,,7,,,,,,,,5.784,,,,,,24.8,,,,,,0.109,,,,,,
,,8,,,,,,,,5.870,,,,,,24.9,,,,,,0.086,,,,,,
,,9,,,,,,,,5.958,,,,,,25.0,,,,,,0.088,,,,,,
,,10,,,,,,,,6.038,,,,,,25.1,,,,,,0.080,,,,,,
,,11,,,,,,,,6.111,,,,,,25.1,,,,,,0.073,,,,,,
,,12,,,,,,,,6.178,,,,,,25.1,,,,,,0.067,,,,,,
,,13,,,,,,,,6.242,,,,,,25.2,,,,,,0.064,,,,,,
,,14,,,,,,,,6.300,,,,,,25.2,,,,,,0.058,,,,,,
,,15,,,,,,,,6.351,,,,,,25.2,,,,,,0.051,,,,,,
,,16,,,,,,,,6.404,,,,,,25.2,,,,,,0.053,,,,,,
,,17,,,,,,,,6.454,,,,,,25.2,,,,,,0.050,,,,,,
,,18,,,,,,,,6.502,,,,,,25.2,,,,,,0.048,,,,,,
,,19,,,,,,,,6.548,,,,,,25.3,,,,,,0.046,,,,,,
,,20,,,,,,,,6.591,,,,,,25.3,,,,,,0.043,,,,,,
,,21,,,,,,,,6.633,,,,,,25.3,,,,,,0.042,,,,,,
,,22,,,,,,,,6.672,,,,,,25.3,,,,,,0.039,,,,,,
,,23,,,,,,,,6.706,,,,,,25.3,,,,,,0.034,,,,,,
,,24,,,,,,,,6.741,,,,,,25.3,,,,,,0.035,,,,,,
,,25,,,,,,,,6.776,,,,,,25.3,,,,,,0.035,,,,,,
,,26,,,,,,,,6.810,,,,,,25.3,,,,,,0.034,,,,,,
,,27,,,,,,,,6.842,,,,,,25.3,,,,,,0.032,,,,,,
,,28,,,,,,,,6.874,,,,,,25.3,,,,,,0.032,,,,,,
,,29,,,,,,,,6.899,,,,,,25.3,,,,,,0.025,,,,,,
,,30,,,,,,,,6.925,,,,,,25.3,,,,,,0.026,,,,,,
,,31,,,,,,,,6.952,,,,,,25.3,,,,,,0.027,,,,,,
,,32,,,,,,,,6.977,,,,,,25.3,,,,,,0.025,,,,,,
,,33,,,,,,,,7.000,,,,,,25.3,,,,,,0.023,,,,,,
,,34,,,,,,,,7.019,,,,,,25.3,,,,,,0.019,,,,,,
,,35,,,,,,,,7.038,,,,,,25.3,,,,,,0.019,,,,,,
,,36,,,,,,,,7.061,,,,,,25.3,,,,,,0.023,,,,,,
,,37,,,,,,,,7.083,,,,,,25.3,,,,,,0.022,,,,,,
,,38,,,,,,,,7.103,,,,,,25.3,,,,,,0.020,,,,,,
,,39,,,,,,,,7.122,,,,,,25.3,,,,,,0.019,,,,,,
,,40,,,,,,,,7.138,,,,,,25.3,,,,,,0.016,,,,,,
,,41,,,,,,,,7.155,,,,,,25.3,,,,,,0.017,,,,,,
,,42,,,,,,,,7.170,,,,,,25.3,,,,,,0.015,,,,,,
,,43,,,,,,,,7.184,,,,,,25.3,,,,,,0.014,,,,,,
,,44,,,,,,,,7.198,,,,,,25.3,,,,,,0.014,,,,,,
,,45,,,,,,,,7.212,,,,,,25.3,,,,,,0.014,,,,,,
,,46,,,,,,,,7.224,,,,,,25.3,,,,,,0.012,,,,,,
,,47,,,,,,,,7.237,,,,,,25.3,,,,,,0.013,,,,,,
,,48,,,,,,,,7.249,,,,,,25.3,,,,,,0.012,,,,,,
,,49,,,,,,,,7.260,,,,,,25.3,,,,,,0.011,,,,,,
,,50,,,,,,,,7.271,,,,,,25.3,,,,,,0.011,,,,,,
,,51,,,,,,,,7.281,,,,,,25.3,,,,,,0.010,,,,,,
,,52,,,,,,,,7.290,,,,,,25.3,,,,,,0.009,,,,,,
,,53,,,,,,,,7.300,,,,,,25.3,,,,,,0.010,,,,,,
,,54,,,,,,,,7.310,,,,,,25.3,,,,,,0.010,,,,,,
,,55,,,,,,,,7.319,,,,,,25.3,,,,,,0.009,,,,,,
,,56,,,,,,,,7.327,,,,,,25.3,,,,,,0.008,,,,,,
,,57,,,,,,,,7.335,,,,,,25.3,,,,,,0.008,,,,,,
,,58,,,,,,,,7.343,,,,,,25.3,,,,,,0.008,,,,,,
,,59,,,,,,,,7.350,,,,,,25.3,,,,,,0.007,,,,,,
,,60,,,,,,,,7.357,,,,,,25.3,,,,,,0.007,,,,,,
Titration (EQP) [1],,,,,,,,,,,"Scope 1/1, Sample 9/30",,,,,,,,,,,,,,,,,
E - V Curve,,,,,,"Scope 1/1, Sample 9/30",,,,,,,,,,,,,,,,,,,,,,
,,E [pH],,,,,,,,,,,,,,,,,,,,,,,,,,
dE/dV - V Curve,,,,,,,,,"Scope 1/1, Sample 9/30",,,,,,,,,,,,,,,,,,,
,dE/dV [pH/mL],,,,,,,,,,,,,,,,,,,,,,,,,,,
Measured Values,,,,,,,,,"Scope 1/1, Sample 9/30",,,,,,,,,,,,,,,,,,,
,,Time,,,V,,,,,Meas. value,,,,dV,,Temp.,,,dE,,,,dE/dV,,,,,EQP
,,[s],,,[mL],,,,,[pH],,,,[mL],,[°C],,,[pH],,,,[pH/mL],,,,,
,,0,,,0.00000,,,,,7.374,,,,,,25.3,,,,,,,,,,,,
,,28,,,0.17150,,,,,6.969,,,,0.17150,,25.2,,,-0.405,,,,,,,,,
,,58,,,0.25725,,,,,6.663,,,,0.08575,,25.2,,,-0.306,,,,,,,,,
,,88,,,0.30000,,,,,6.485,,,,0.04275,,25.2,,,-0.178,,,,,,,,,
,,179,,,0.32725,,,,,6.407,,,,0.02725,,25.2,,,-0.078,,,,,,,,,
,,209,,,0.37725,,,,,6.323,,,,0.05000,,25.2,,,-0.084,,,,-2.47,,,,,
,,239,,,0.42725,,,,,6.232,,,,0.05000,,25.2,,,-0.091,,,,-1.83,,,,,
,,269,,,0.47725,,,,,6.141,,,,0.05000,,25.2,,,-0.091,,,,-1.72,,,,,
,,300,,,0.52725,,,,,6.044,,,,0.05000,,25.2,,,-0.097,,,,-1.88,,,,,
,,330,,,0.57725,,,,,5.945,,,,0.05000,,25.2,,,-0.099,,,,-2.04,,,,,
,,360,,,0.62725,,,,,5.838,,,,0.05000,,25.2,,,-0.107,,,,-2.23,,,,,
,,390,,,0.67725,,,,,5.721,,,,0.05000,,25.2,,,-0.117,,,,-2.58,,,,,
,,420,,,0.72725,,,,,5.582,,,,0.05000,,25.2,,,-0.139,,,,-3.18,,,,,
,,451,,,0.77475,,,,,5.419,,,,0.04750,,25.2,,,-0.163,,,,-4.19,,,,,
,,481,,,0.80700,,,,,5.282,,,,0.03225,,25.2,,,-0.137,,,,-5.22,,,,,
,,511,,,0.83250,,,,,5.145,,,,0.02550,,25.2,,,-0.137,,,,-6.31,,,,,
,,542,,,0.85250,,,,,5.013,,,,0.02000,,25.2,,,-0.132,,,,-7.30,,,,,
,,572,,,0.86925,,,,,4.877,,,,0.01675,,25.2,,,-0.136,,,,-8.22,,,,,
,,602,,,0.88300,,,,,4.750,,,,0.01375,,25.2,,,-0.127,,,,-9.19,,,,,
,,632,,,0.89575,,,,,4.615,,,,0.01275,,25.2,,,-0.135,,,,-9.85,,,,,
,,,,,0.896071,,,,,4.612,,,,,,,,,,,,,,,,,,EQP
,,662,,,0.90700,,,,,4.500,,,,0.01125,,25.2,,,-0.115,,,,-9.61,,,,,
,,693,,,0.92075,,,,,4.366,,,,0.01375,,25.2,,,-0.134,,,,-8.62,,,,,
,,723,,,0.93525,,,,,4.238,,,,0.01450,,25.2,,,-0.128,,,,-7.65,,,,,
,,753,,,0.95225,,,,,4.115,,,,0.01700,,25.2,,,-0.123,,,,-6.70,,,,,
,,783,,,0.97475,,,,,3.984,,,,0.02250,,25.2,,,-0.131,,,,-5.55,,,,,
,,814,,,1.00400,,,,,3.853,,,,0.02925,,25.2,,,-0.131,,,,-4.36,,,,,
,,844,,,1.04325,,,,,3.718,,,,0.03925,,25.1,,,-0.135,,,,-3.24,,,,,
,,874,,,1.09325,,,,,3.590,,,,0.05000,,25.1,,,-0.128,,,,-2.34,,,,,
,,904,,,1.14325,,,,,3.490,,,,0.05000,,25.1,,,-0.100,,,,-1.81,,,,,
,,935,,,1.19325,,,,,3.408,,,,0.05000,,25.1,,,-0.082,,,,-1.48,,,,,
,,965,,,1.24325,,,,,3.339,,,,0.05000,,25.1,,,-0.069,,,,-1.26,,,,,
,,995,,,1.29325,,,,,3.279,,,,0.05000,,25.1,,,-0.060,,,,-1.10,,,,,
,,1025,,,1.34325,,,,,3.227,,,,0.05000,,25.1,,,-0.052,,,,-0.98,,,,,
,,1056,,,1.39325,,,,,3.180,,,,0.05000,,25.1,,,-0.047,,,,-0.88,,,,,
,,1086,,,1.44325,,,,,3.138,,,,0.05000,,25.1,,,-0.042,,,,-0.80,,,,,
,,1116,,,1.49325,,,,,3.099,,,,0.05000,,25.1,,,-0.039,,,,,,,,,
,,1146,,,1.54325,,,,,3.064,,,,0.05000,,25.1,,,-0.035,,,,,,,,,
,,1177,,,1.59325,,,,,3.031,,,,0.05000,,25.1,,,-0.033,,,,,,,,,
,,1207,,,1.64325,,,,,3.001,,,,0.05000,,25.1,,,-0.030,,,,,,,,,
,,1237,,,1.69325,,,,,2.972,,,,0.05000,,25.1,,,-0.029,,,,,,,,,
Measure (normal) [1],,,,,,,,,,,"Scope 1/1, Sample 10/30",,,,,,,,,,,,,,,,,
Measured Values,,,,,,,,,"Scope 1/1, Sample 10/30",,,,,,,,,,,,,,,,,,,
,,Time,,,,,,,,Meas. value,,,,,,Temp.,,,,,,dE,,,,,,
,,[s],,,,,,,,[pH],,,,,,[°C],,,,,,[pH],,,,,,
,,1,,,,,,,,4.525,,,,,,23.6,,,,,,,,,,,,
,,2,,,,,,,,5.069,,,,,,23.8,,,,,,0.544,,,,,,
,,3,,,,,,,,5.326,,,,,,24.0,,,,,,0.257,,,,,,
,,4,,,,,,,,5.512,,,,,,24.2,,,,,,0.186,,,,,,
,,5,,,,,,,,5.661,,,,,,24.4,,,,,,0.149,,,,,,
,,6,,,,,,,,5.786,,,,,,24.6,,,,,,0.125,,,,,,
,,7,,,,,,,,5.894,,,,,,24.7,,,,,,0.108,,,,,,
,,8,,,,,,,,5.982,,,,,,24.8,,,,,,0.088,,,,,,
,,9,,,,,,,,6.070,,,,,,24.9,,,,,,0.088,,,,,,
,,10,,,,,,,,6.150,,,,,,25.0,,,,,,0.080,,,,,,
,,11,,,,,,,,6.226,,,,,,25.0,,,,,,0.076,,,,,,
,,12,,,,,,,,6.297,,,,,,25.1,,,,,,0.071,,,,,,
,,13,,,,,,,,6.362,,,,,,25.1,,,,,,0.065,,,,,,
,,14,,,,,,,,6.423,,,,,,25.1,,,,,,0.061,,,,,,
,,15,,,,,,,,6.474,,,,,,25.1,,,,,,0.051,,,,,,
,,16,,,,,,,,6.529,,,,,,25.2,,,,,,0.055,,,,,,
,,17,,,,,,,,6.581,,,,,,25.2,,,,,,0.052,,,,,,
,,18,,,,,,,,6.631,,,,,,25.2,,,,,,0.050,,,,,,
,,19,,,,,,,,6.677,,,,,,25.2,,,,,,0.046,,,,,,
,,20,,,,,,,,6.720,,,,,,25.2,,,,,,0.043,,,,,,
,,21,,,,,,,,6.762,,,,,,25.2,,,,,,0.042,,,,,,
,,22,,,,,,,,6.803,,,,,,25.2,,,,,,0.041,,,,,,
,,23,,,,,,,,6.838,,,,,,25.2,,,,,,0.035,,,,,,
,,24,,,,,,,,6.875,,,,,,25.2,,,,,,0.037,,,,,,
,,25,,,,,,,,6.907,,,,,,25.2,,,,,,0.032,,,,,,
,,26,,,,,,,,6.938,,,,,,25.2,,,,,,0.031,,,,,,
,,27,,,,,,,,6.970,,,,,,25.2,,,,,,0.032,,,,,,
,,28,,,,,,,,7.000,,,,,,25.2,,,,,,0.030,,,,,,
,,29,,,,,,,,7.019,,,,,,25.2,,,,,,0.019,,,,,,
,,30,,,,,,,,7.047,,,,,,25.2,,,,,,0.028,,,,,,
,,31,,,,,,,,7.077,,,,,,25.2,,,,,,0.030,,,,,,
,,32,,,,,,,,7.102,,,,,,25.2,,,,,,0.025,,,,,,
,,33,,,,,,,,7.126,,,,,,25.2,,,,,,0.024,,,,,,
,,34,,,,,,,,7.147,,,,,,25.2,,,,,,0.021,,,,,,
,,35,,,,,,,,7.168,,,,,,25.2,,,,,,0.021,,,,,,
,,36,,,,,,,,7.186,,,,,,25.2,,,,,,0.018,,,,,,
,,37,,,,,,,,7.205,,,,,,25.2,,,,,,0.019,,,,,,
,,38,,,,,,,,7.224,,,,,,25.2,,,,,,0.019,,,,,,
,,39,,,,,,,,7.241,,,,,,25.2,,,,,,0.017,,,,,,
,,40,,,,,,,,7.257,,,,,,25.2,,,,,,0.016,,,,,,
,,41,,,,,,,,7.272,,,,,,25.2,,,,,,0.015,,,,,,
,,42,,,,,,,,7.287,,,,,,25.2,,,,,,0.015,,,,,,
,,43,,,,,,,,7.300,,,,,,25.2,,,,,,0.013,,,,,,
,,44,,,,,,,,7.313,,,,,,25.2,,,,,,0.013,,,,,,
,,45,,,,,,,,7.327,,,,,,25.2,,,,,,0.014,,,,,,
,,46,,,,,,,,7.339,,,,,,25.2,,,,,,0.012,,,,,,
,,47,,,,,,,,7.351,,,,,,25.2,,,,,,0.012,,,,,,
,,48,,,,,,,,7.362,,,,,,25.2,,,,,,0.011,,,,,,
,,49,,,,,,,,7.372,,,,,,25.2,,,,,,0.010,,,,,,
,,50,,,,,,,,7.381,,,,,,25.2,,,,,,0.009,,,,,,
,,51,,,,,,,,7.391,,,,,,25.2,,,,,,0.010,,,,,,
,,52,,,,,,,,7.400,,,,,,25.2,,,,,,0.009,,,,,,
,,53,,,,,,,,7.408,,,,,,25.2,,,,,,0.008,,,,,,
,,54,,,,,,,,7.417,,,,,,25.2,,,,,,0.009,,,,,,
,,55,,,,,,,,7.425,,,,,,25.2,,,,,,0.008,,,,,,
,,56,,,,,,,,7.433,,,,,,25.2,,,,,,0.008,,,,,,
,,57,,,,,,,,7.439,,,,,,25.2,,,,,,0.006,,,,,,
,,58,,,,,,,,7.446,,,,,,25.2,,,,,,0.007,,,,,,
,,59,,,,,,,,7.452,,,,,,25.2,,,,,,0.006,,,,,,
,,60,,,,,,,,7.459,,,,,,25.2,,,,,,0.007,,,,,,
Titration (EQP) [1],,,,,,,,,,,"Scope 1/1, Sample 10/30",,,,,,,,,,,,,,,,,
E - V Curve,,,,,,"Scope 1/1, Sample 10/30",,,,,,,,,,,,,,,,,,,,,,
,,E [pH],,,,,,,,,,,,,,,,,,,,,,,,,,
dE/dV - V Curve,,,,,,,,,"Scope 1/1, Sample 10/30",,,,,,,,,,,,,,,,,,,
,dE/dV [pH/mL],,,,,,,,,,,,,,,,,,,,,,,,,,,
Measured Values,,,,,,,,,"Scope 1/1, Sample 10/30",,,,,,,,,,,,,,,,,,,
,,Time,,,V,,,,,Meas. value,,,,dV,,Temp.,,,dE,,,,dE/dV,,,,,EQP
,,[s],,,[mL],,,,,[pH],,,,[mL],,[°C],,,[pH],,,,[pH/mL],,,,,
,,0,,,0.00000,,,,,7.473,,,,,,25.2,,,,,,,,,,,,
,,29,,,0.17150,,,,,7.023,,,,0.17150,,25.2,,,-0.450,,,,,,,,,
,,59,,,0.25725,,,,,6.731,,,,0.08575,,25.2,,,-0.292,,,,,,,,,
,,90,,,0.30000,,,,,6.566,,,,0.04275,,25.2,,,-0.165,,,,,,,,,
,,181,,,0.33125,,,,,6.475,,,,0.03125,,25.2,,,-0.091,,,,,,,,,
,,211,,,0.38125,,,,,6.396,,,,0.05000,,25.2,,,-0.079,,,,-2.32,,,,,
,,241,,,0.43125,,,,,6.310,,,,0.05000,,25.2,,,-0.086,,,,-1.74,,,,,
,,271,,,0.48125,,,,,6.221,,,,0.05000,,25.2,,,-0.089,,,,-1.59,,,,,
,,302,,,0.53125,,,,,6.136,,,,0.05000,,25.2,,,-0.085,,,,-1.68,,,,,
,,332,,,0.58125,,,,,6.048,,,,0.05000,,25.1,,,-0.088,,,,-1.77,,,,,
,,362,,,0.63125,,,,,5.959,,,,0.05000,,25.1,,,-0.089,,,,-1.85,,,,,
,,392,,,0.68125,,,,,5.862,,,,0.05000,,25.1,,,-0.097,,,,-2.02,,,,,
,,423,,,0.73125,,,,,5.754,,,,0.05000,,25.1,,,-0.108,,,,-2.31,,,,,
,,453,,,0.78125,,,,,5.628,,,,0.05000,,25.1,,,-0.126,,,,-2.78,,,,,
,,483,,,0.83125,,,,,5.480,,,,0.05000,,25.1,,,-0.148,,,,-3.58,,,,,
,,513,,,0.87300,,,,,5.321,,,,0.04175,,25.1,,,-0.159,,,,-4.65,,,,,
,,544,,,0.90075,,,,,5.190,,,,0.02775,,25.1,,,-0.131,,,,-5.65,,,,,
,,574,,,0.92375,,,,,5.054,,,,0.02300,,25.1,,,-0.136,,,,-6.67,,,,,
,,604,,,0.94225,,,,,4.920,,,,0.01850,,25.1,,,-0.134,,,,-7.57,,,,,
,,634,,,0.95750,,,,,4.790,,,,0.01525,,25.1,,,-0.130,,,,-8.43,,,,,
,,664,,,0.97100,,,,,4.660,,,,0.01350,,25.1,,,-0.130,,,,-9.28,,,,,
,,,,,0.979050 ???,,,,,4.579 ???,,,,,,,,,,,,,,,,,,EQP
,,695,,,0.98350,,,,,4.534,,,,0.01250,,25.1,,,-0.126,,,,-9.37,,,,,
,,725,,,0.99625,,,,,4.413,,,,0.01275,,25.1,,,-0.121,,,,-8.62,,,,,
,,755,,,1.01125,,,,,4.280,,,,0.01500,,25.1,,,-0.133,,,,-7.64,,,,,
,,786,,,1.02775,,,,,4.157,,,,0.01650,,25.1,,,-0.123,,,,-6.77,,,,,
,,816,,,1.04925,,,,,4.027,,,,0.02150,,25.1,,,-0.130,,,,-5.71,,,,,
,,846,,,1.07700,,,,,3.895,,,,0.02775,,25.1,,,-0.132,,,,-4.57,,,,,
,,876,,,1.11300,,,,,3.764,,,,0.03600,,25.1,,,-0.131,,,,-3.48,,,,,
,,906,,,1.16200,,,,,3.629,,,,0.04900,,25.1,,,-0.135,,,,-2.51,,,,,
,,937,,,1.21200,,,,,3.524,,,,0.05000,,25.1,,,-0.105,,,,-1.91,,,,,
,,967,,,1.26200,,,,,3.438,,,,0.05000,,25.1,,,-0.086,,,,-1.54,,,,,
,,997,,,1.31200,,,,,3.366,,,,0.05000,,25.1,,,-0.072,,,,-1.30,,,,,
,,1027,,,1.36200,,,,,3.304,,,,0.05000,,25.1,,,-0.062,,,,-1.14,,,,,
,,1058,,,1.41200,,,,,3.251,,,,0.05000,,25.1,,,-0.053,,,,-1.01,,,,,
,,1088,,,1.46200,,,,,3.202,,,,0.05000,,25.1,,,-0.049,,,,-0.91,,,,,
,,1118,,,1.51200,,,,,3.158,,,,0.05000,,25.1,,,-0.044,,,,-0.82,,,,,
,,1148,,,1.56200,,,,,3.119,,,,0.05000,,25.1,,,-0.039,,,,,,,,,
,,1179,,,1.61200,,,,,3.083,,,,0.05000,,25.1,,,-0.036,,,,,,,,,
,,1209,,,1.66200,,,,,3.050,,,,0.05000,,25.1,,,-0.033,,,,,,,,,
,,1239,,,1.71200,,,,,3.019,,,,0.05000,,25.1,,,-0.031,,,,,,,,,
,,1269,,,1.76200,,,,,2.990,,,,0.05000,,25.1,,,-0.029,,,,,,,,,
Measure (normal) [1],,,,,,,,,,,"Scope 1/1, Sample 11/30",,,,,,,,,,,,,,,,,
Measured Values,,,,,,,,,"Scope 1/1, Sample 11/30",,,,,,,,,,,,,,,,,,,
,,Time,,,,,,,,Meas. value,,,,,,Temp.,,,,,,dE,,,,,,
,,[s],,,,,,,,[pH],,,,,,[°C],,,,,,[pH],,,,,,
,,1,,,,,,,,4.496,,,,,,23.6,,,,,,,,,,,,
,,2,,,,,,,,4.946,,,,,,23.8,,,,,,0.450,,,,,,
,,3,,,,,,,,5.215,,,,,,24.0,,,,,,0.269,,,,,,
,,4,,,,,,,,5.411,,,,,,24.2,,,,,,0.196,,,,,,
,,5,,,,,,,,5.569,,,,,,24.4,,,,,,0.158,,,,,,
,,6,,,,,,,,5.700,,,,,,24.6,,,,,,0.131,,,,,,
,,7,,,,,,,,5.814,,,,,,24.7,,,,,,0.114,,,,,,
,,8,,,,,,,,5.916,,,,,,24.9,,,,,,0.102,,,,,,
,,9,,,,,,,,5.998,,,,,,24.9,,,,,,0.082,,,,,,
,,10,,,,,,,,6.083,,,,,,25.0,,,,,,0.085,,,,,,
,,11,,,,,,,,6.162,,,,,,25.1,,,,,,0.079,,,,,,
,,12,,,,,,,,6.236,,,,,,25.1,,,,,,0.074,,,,,,
,,13,,,,,,,,6.304,,,,,,25.1,,,,,,0.068,,,,,,
,,14,,,,,,,,6.371,,,,,,25.1,,,,,,0.067,,,,,,
,,15,,,,,,,,6.427,,,,,,25.2,,,,,,0.056,,,,,,
,,16,,,,,,,,6.485,,,,,,25.2,,,,,,0.058,,,,,,
,,17,,,,,,,,6.540,,,,,,25.2,,,,,,0.055,,,,,,
,,18,,,,,,,,6.592,,,,,,25.2,,,,,,0.052,,,,,,
,,19,,,,,,,,6.642,,,,,,25.2,,,,,,0.050,,,,,,
,,20,,,,,,,,6.689,,,,,,25.2,,,,,,0.047,,,,,,
,,21,,,,,,,,6.734,,,,,,25.2,,,,,,0.045,,,,,,
,,22,,,,,,,,6.773,,,,,,25.2,,,,,,0.039,,,,,,
,,23,,,,,,,,6.814,,,,,,25.2,,,,,,0.041,,,,,,
,,24,,,,,,,,6.855,,,,,,25.2,,,,,,0.041,,,,,,
,,25,,,,,,,,6.892,,,,,,25.2,,,,,,0.037,,,,,,
,,26,,,,,,,,6.924,,,,,,25.2,,,,,,0.032,,,,,,
,,27,,,,,,,,6.959,,,,,,25.2,,,,,,0.035,,,,,,
,,28,,,,,,,,6.990,,,,,,25.2,,,,,,0.031,,,,,,
,,29,,,,,,,,7.016,,,,,,25.2,,,,,,0.026,,,,,,
,,30,,,,,,,,7.039,,,,,,25.2,,,,,,0.023,,,,,,
,,31,,,,,,,,7.072,,,,,,25.2,,,,,,0.033,,,,,,
,,32,,,,,,,,7.099,,,,,,25.2,,,,,,0.027,,,,,,
,,33,,,,,,,,7.124,,,,,,25.2,,,,,,0.025,,,,,,
,,34,,,,,,,,7.148,,,,,,25.2,,,,,,0.024,,,,,,
,,35,,,,,,,,7.171,,,,,,25.2,,,,,,0.023,,,,,,
,,36,,,,,,,,7.190,,,,,,25.2,,,,,,0.019,,,,,,
,,37,,,,,,,,7.211,,,,,,25.2,,,,,,0.021,,,,,,
,,38,,,,,,,,7.231,,,,,,25.2,,,,,,0.020,,,,,,
,,39,,,,,,,,7.249,,,,,,25.2,,,,,,0.018,,,,,,
,,40,,,,,,,,7.266,,,,,,25.2,,,,,,0.017,,,,,,
,,41,,,,,,,,7.282,,,,,,25.2,,,,,,0.016,,,,,,
,,42,,,,,,,,7.298,,,,,,25.2,,,,,,0.016,,,,,,
,,43,,,,,,,,7.312,,,,,,25.2,,,,,,0.014,,,,,,
,,44,,,,,,,,7.326,,,,,,25.2,,,,,,0.014,,,,,,
,,45,,,,,,,,7.339,,,,,,25.2,,,,,,0.013,,,,,,
,,46,,,,,,,,7.352,,,,,,25.2,,,,,,0.013,,,,,,
,,47,,,,,,,,7.364,,,,,,25.2,,,,,,0.012,,,,,,
,,48,,,,,,,,7.376,,,,,,25.2,,,,,,0.012,,,,,,
,,49,,,,,,,,7.387,,,,,,25.2,,,,,,0.011,,,,,,
,,50,,,,,,,,7.397,,,,,,25.2,,,,,,0.010,,,,,,
,,51,,,,,,,,7.407,,,,,,25.2,,,,,,0.010,,,,,,
,,52,,,,,,,,7.416,,,,,,25.2,,,,,,0.009,,,,,,
,,53,,,,,,,,7.425,,,,,,25.2,,,,,,0.009,,,,,,
,,54,,,,,,,,7.433,,,,,,25.2,,,,,,0.008,,,,,,
,,55,,,,,,,,7.442,,,,,,25.2,,,,,,0.009,,,,,,
,,56,,,,,,,,7.450,,,,,,25.2,,,,,,0.008,,,,,,
,,57,,,,,,,,7.456,,,,,,25.2,,,,,,0.006,,,,,,
,,58,,,,,,,,7.463,,,,,,25.2,,,,,,0.007,,,,,,
,,59,,,,,,,,7.470,,,,,,25.2,,,,,,0.007,,,,,,
,,60,,,,,,,,7.477,,,,,,25.2,,,,,,0.007,,,,,,
Titration (EQP) [1],,,,,,,,,,,"Scope 1/1, Sample 11/30",,,,,,,,,,,,,,,,,
E - V Curve,,,,,,"Scope 1/1, Sample 11/30",,,,,,,,,,,,,,,,,,,,,,
,,E [pH],,,,,,,,,,,,,,,,,,,,,,,,,,
dE/dV - V Curve,,,,,,,,,"Scope 1/1, Sample 11/30",,,,,,,,,,,,,,,,,,,
,dE/dV [pH/mL],,,,,,,,,,,,,,,,,,,,,,,,,,,
Measured Values,,,,,,,,,"Scope 1/1, Sample 11/30",,,,,,,,,,,,,,,,,,,
,,Time,,,V,,,,,Meas. value,,,,dV,,Temp.,,,dE,,,,dE/dV,,,,,EQP
,,[s],,,[mL],,,,,[pH],,,,[mL],,[°C],,,[pH],,,,[pH/mL],,,,,
,,0,,,0.00000,,,,,7.490,,,,,,25.2,,,,,,,,,,,,
,,28,,,0.17150,,,,,7.054,,,,0.17150,,25.2,,,-0.436,,,,,,,,,
,,58,,,0.25725,,,,,6.742,,,,0.08575,,25.2,,,-0.312,,,,,,,,,
,,88,,,0.30000,,,,,6.571,,,,0.04275,,25.2,,,-0.171,,,,,,,,,
,,179,,,0.33075,,,,,6.472,,,,0.03075,,25.2,,,-0.099,,,,,,,,,
,,209,,,0.38075,,,,,6.389,,,,0.05000,,25.2,,,-0.083,,,,-2.42,,,,,
,,239,,,0.43075,,,,,6.304,,,,0.05000,,25.2,,,-0.085,,,,-1.75,,,,,
,,269,,,0.48075,,,,,6.219,,,,0.05000,,25.2,,,-0.085,,,,-1.58,,,,,
,,300,,,0.53075,,,,,6.131,,,,0.05000,,25.2,,,-0.088,,,,-1.68,,,,,
,,330,,,0.58075,,,,,6.043,,,,0.05000,,25.2,,,-0.088,,,,-1.79,,,,,
,,360,,,0.63075,,,,,5.951,,,,0.05000,,25.1,,,-0.092,,,,-1.87,,,,,
,,390,,,0.68075,,,,,5.854,,,,0.05000,,25.1,,,-0.097,,,,-2.04,,,,,
,,421,,,0.73075,,,,,5.743,,,,0.05000,,25.1,,,-0.111,,,,-2.32,,,,,
,,451,,,0.78075,,,,,5.620,,,,0.05000,,25.1,,,-0.123,,,,-2.79,,,,,
,,481,,,0.83075,,,,,5.471,,,,0.05000,,25.1,,,-0.149,,,,-3.61,,,,,
,,511,,,0.87200,,,,,5.311,,,,0.04125,,25.1,,,-0.160,,,,-4.69,,,,,
,,542,,,0.89900,,,,,5.183,,,,0.02700,,25.1,,,-0.128,,,,-5.66,,,,,
,,572,,,0.92225,,,,,5.045,,,,0.02325,,25.1,,,-0.138,,,,-6.71,,,,,
,,602,,,0.94050,,,,,4.913,,,,0.01825,,25.1,,,-0.132,,,,-7.59,,,,,
,,632,,,0.95600,,,,,4.780,,,,0.01550,,25.1,,,-0.133,,,,-8.46,,,,,
,,662,,,0.96925,,,,,4.652,,,,0.01325,,25.1,,,-0.128,,,,-9.30,,,,,
,,,,,0.976929 ???,,,,,4.575 ???,,,,,,,,,,,,,,,,,,EQP
,,693,,,0.98175,,,,,4.526,,,,0.01250,,25.1,,,-0.126,,,,-9.35,,,,,
,,723,,,0.99475,,,,,4.401,,,,0.01300,,25.1,,,-0.125,,,,-8.55,,,,,
,,753,,,1.00925,,,,,4.275,,,,0.01450,,25.1,,,-0.126,,,,-7.62,,,,,
,,784,,,1.02650,,,,,4.149,,,,0.01725,,25.1,,,-0.126,,,,-6.71,,,,,
,,814,,,1.04900,,,,,4.013,,,,0.02250,,25.1,,,-0.136,,,,-5.61,,,,,
,,845,,,1.07575,,,,,3.888,,,,0.02675,,25.1,,,-0.125,,,,-4.53,,,,,
,,875,,,1.11375,,,,,3.752,,,,0.03800,,25.0,,,-0.136,,,,-3.40,,,,,
,,905,,,1.16275,,,,,3.620,,,,0.04900,,25.1,,,-0.132,,,,-2.46,,,,,
,,935,,,1.21275,,,,,3.515,,,,0.05000,,25.0,,,-0.105,,,,-1.89,,,,,
,,966,,,1.26275,,,,,3.431,,,,0.05000,,25.0,,,-0.084,,,,-1.53,,,,,
,,996,,,1.31275,,,,,3.360,,,,0.05000,,25.0,,,-0.071,,,,-1.29,,,,,
,,1026,,,1.36275,,,,,3.298,,,,0.05000,,25.0,,,-0.062,,,,-1.13,,,,,
,,1056,,,1.41275,,,,,3.244,,,,0.05000,,25.0,,,-0.054,,,,-1.00,,,,,
,,1087,,,1.46275,,,,,3.197,,,,0.05000,,25.0,,,-0.047,,,,-0.90,,,,,
,,1117,,,1.51275,,,,,3.154,,,,0.05000,,25.0,,,-0.043,,,,-0.82,,,,,
,,1147,,,1.56275,,,,,3.115,,,,0.05000,,25.0,,,-0.039,,,,,,,,,
,,1177,,,1.61275,,,,,3.079,,,,0.05000,,25.0,,,-0.036,,,,,,,,,
,,1208,,,1.66275,,,,,3.045,,,,0.05000,,25.0,,,-0.034,,,,,,,,,
,,1238,,,1.71275,,,,,3.014,,,,0.05000,,25.0,,,-0.031,,,,,,,,,
,,1268,,,1.76275,,,,,2.986,,,,0.05000,,25.0,,,-0.028,,,,,,,,,
Measure (normal) [1],,,,,,,,,,,"Scope 1/1, Sample 12/30",,,,,,,,,,,,,,,,,
Measured Values,,,,,,,,,"Scope 1/1, Sample 12/30",,,,,,,,,,,,,,,,,,,
,,Time,,,,,,,,Meas. value,,,,,,Temp.,,,,,,dE,,,,,,
,,[s],,,,,,,,[pH],,,,,,[°C],,,,,,[pH],,,,,,
,,1,,,,,,,,4.615,,,,,,23.7,,,,,,,,,,,,
,,2,,,,,,,,4.961,,,,,,23.9,,,,,,0.346,,,,,,
,,3,,,,,,,,5.225,,,,,,24.1,,,,,,0.264,,,,,,
,,4,,,,,,,,5.429,,,,,,24.3,,,,,,0.204,,,,,,
,,5,,,,,,,,5.597,,,,,,24.5,,,,,,0.168,,,,,,
,,6,,,,,,,,5.740,,,,,,24.7,,,,,,0.143,,,,,,
,,7,,,,,,,,5.866,,,,,,24.8,,,,,,0.126,,,,,,
,,8,,,,,,,,5.979,,,,,,24.9,,,,,,0.113,,,,,,
,,9,,,,,,,,6.073,,,,,,25.0,,,,,,0.094,,,,,,
,,10,,,,,,,,6.171,,,,,,25.0,,,,,,0.098,,,,,,
,,11,,,,,,,,6.261,,,,,,25.1,,,,,,0.090,,,,,,
,,12,,,,,,,,6.345,,,,,,25.1,,,,,,0.084,,,,,,
,,13,,,,,,,,6.424,,,,,,25.1,,,,,,0.079,,,,,,
,,14,,,,,,,,6.497,,,,,,25.2,,,,,,0.073,,,,,,
,,15,,,,,,,,6.568,,,,,,25.2,,,,,,0.071,,,,,,
,,16,,,,,,,,6.629,,,,,,25.2,,,,,,0.061,,,,,,
,,17,,,,,,,,6.692,,,,,,25.2,,,,,,0.063,,,,,,
,,18,,,,,,,,6.753,,,,,,25.2,,,,,,0.061,,,,,,
,,19,,,,,,,,6.812,,,,,,25.2,,,,,,0.059,,,,,,
,,20,,,,,,,,6.867,,,,,,25.2,,,,,,0.055,,,,,,
,,21,,,,,,,,6.914,,,,,,25.2,,,,,,0.047,,,,,,
,,22,,,,,,,,6.955,,,,,,25.2,,,,,,0.041,,,,,,
,,23,,,,,,,,6.999,,,,,,25.2,,,,,,0.044,,,,,,
,,24,,,,,,,,7.033,,,,,,25.2,,,,,,0.034,,,,,,
,,25,,,,,,,,7.079,,,,,,25.2,,,,,,0.046,,,,,,
,,26,,,,,,,,7.118,,,,,,25.2,,,,,,0.039,,,,,,
,,27,,,,,,,,7.154,,,,,,25.2,,,,,,0.036,,,,,,
,,28,,,,,,,,7.185,,,,,,25.2,,,,,,0.031,,,,,,
,,29,,,,,,,,7.213,,,,,,25.2,,,,,,0.028,,,,,,
,,30,,,,,,,,7.241,,,,,,25.2,,,,,,0.028,,,,,,
,,31,,,,,,,,7.269,,,,,,25.2,,,,,,0.028,,,,,,
,,32,,,,,,,,7.295,,,,,,25.2,,,,,,0.026,,,,,,
,,33,,,,,,,,7.320,,,,,,25.2,,,,,,0.025,,,,,,
,,34,,,,,,,,7.344,,,,,,25.2,,,,,,0.024,,,,,,
,,35,,,,,,,,7.366,,,,,,25.3,,,,,,0.022,,,,,,
,,36,,,,,,,,7.384,,,,,,25.2,,,,,,0.018,,,,,,
,,37,,,,,,,,7.404,,,,,,25.2,,,,,,0.020,,,,,,
,,38,,,,,,,,7.422,,,,,,25.2,,,,,,0.018,,,,,,
,,39,,,,,,,,7.440,,,,,,25.2,,,,,,0.018,,,,,,
,,40,,,,,,,,7.456,,,,,,25.3,,,,,,0.016,,,,,,
,,41,,,,,,,,7.471,,,,,,25.2,,,,,,0.015,,,,,,
,,42,,,,,,,,7.484,,,,,,25.3,,,,,,0.013,,,,,,
,,43,,,,,,,,7.497,,,,,,25.3,,,,,,0.013,,,,,,
,,44,,,,,,,,7.509,,,,,,25.2,,,,,,0.012,,,,,,
,,45,,,,,,,,7.520,,,,,,25.2,,,,,,0.011,,,,,,
,,46,,,,,,,,7.531,,,,,,25.2,,,,,,0.011,,,,,,
,,47,,,,,,,,7.541,,,,,,25.2,,,,,,0.010,,,,,,
,,48,,,,,,,,7.551,,,,,,25.2,,,,,,0.010,,,,,,
,,49,,,,,,,,7.561,,,,,,25.2,,,,,,0.010,,,,,,
,,50,,,,,,,,7.569,,,,,,25.2,,,,,,0.008,,,,,,
,,51,,,,,,,,7.577,,,,,,25.2,,,,,,0.008,,,,,,
,,52,,,,,,,,7.585,,,,,,25.2,,,,,,0.008,,,,,,
,,53,,,,,,,,7.592,,,,,,25.2,,,,,,0.007,,,,,,
,,54,,,,,,,,7.599,,,,,,25.2,,,,,,0.007,,,,,,
,,55,,,,,,,,7.605,,,,,,25.2,,,,,,0.006,,,,,,
,,56,,,,,,,,7.611,,,,,,25.2,,,,,,0.006,,,,,,
,,57,,,,,,,,7.616,,,,,,25.2,,,,,,0.005,,,,,,
,,58,,,,,,,,7.622,,,,,,25.2,,,,,,0.006,,,,,,
,,59,,,,,,,,7.627,,,,,,25.2,,,,,,0.005,,,,,,
,,60,,,,,,,,7.632,,,,,,25.2,,,,,,0.005,,,,,,
Titration (EQP) [1],,,,,,,,,,,"Scope 1/1, Sample 12/30",,,,,,,,,,,,,,,,,
E - V Curve,,,,,,"Scope 1/1, Sample 12/30",,,,,,,,,,,,,,,,,,,,,,
,,E [pH],,,,,,,,,,,,,,,,,,,,,,,,,,
dE/dV - V Curve,,,,,,,,,"Scope 1/1, Sample 12/30",,,,,,,,,,,,,,,,,,,
,dE/dV [pH/mL],,,,,,,,,,,,,,,,,,,,,,,,,,,
Measured Values,,,,,,,,,"Scope 1/1, Sample 12/30",,,,,,,,,,,,,,,,,,,
,,Time,,,V,,,,,Meas. value,,,,dV,,Temp.,,,dE,,,,dE/dV,,,,,EQP
,,[s],,,[mL],,,,,[pH],,,,[mL],,[°C],,,[pH],,,,[pH/mL],,,,,
,,0,,,0.00000,,,,,7.643,,,,,,25.2,,,,,,,,,,,,
,,28,,,0.17150,,,,,7.131,,,,0.17150,,25.2,,,-0.512,,,,,,,,,
,,58,,,0.25725,,,,,6.806,,,,0.08575,,25.2,,,-0.325,,,,,,,,,
,,88,,,0.30000,,,,,6.628,,,,0.04275,,25.2,,,-0.178,,,,,,,,,
,,179,,,0.32975,,,,,6.534,,,,0.02975,,25.2,,,-0.094,,,,,,,,,
,,209,,,0.37975,,,,,6.456,,,,0.05000,,25.2,,,-0.078,,,,-2.38,,,,,
,,239,,,0.42975,,,,,6.370,,,,0.05000,,25.2,,,-0.086,,,,-1.69,,,,,
,,269,,,0.47975,,,,,6.288,,,,0.05000,,25.2,,,-0.082,,,,-1.50,,,,,
,,300,,,0.52975,,,,,6.207,,,,0.05000,,25.2,,,-0.081,,,,-1.59,,,,,
,,330,,,0.57975,,,,,6.122,,,,0.05000,,25.2,,,-0.085,,,,-1.65,,,,,
,,360,,,0.62975,,,,,6.041,,,,0.05000,,25.1,,,-0.081,,,,-1.69,,,,,
,,390,,,0.67975,,,,,5.953,,,,0.05000,,25.1,,,-0.088,,,,-1.78,,,,,
,,421,,,0.72975,,,,,5.860,,,,0.05000,,25.1,,,-0.093,,,,-1.94,,,,,
,,451,,,0.77975,,,,,5.756,,,,0.05000,,25.1,,,-0.104,,,,-2.21,,,,,
,,481,,,0.82975,,,,,5.637,,,,0.05000,,25.1,,,-0.119,,,,-2.66,,,,,
,,511,,,0.87975,,,,,5.493,,,,0.05000,,25.1,,,-0.144,,,,-3.41,,,,,
,,542,,,0.92425,,,,,5.331,,,,0.04450,,25.1,,,-0.162,,,,-4.51,,,,,
,,572,,,0.95350,,,,,5.197,,,,0.02925,,25.1,,,-0.134,,,,-5.54,,,,,
,,602,,,0.97700,,,,,5.060,,,,0.02350,,25.1,,,-0.137,,,,-6.58,,,,,
,,632,,,0.99525,,,,,4.931,,,,0.01825,,25.1,,,-0.129,,,,-7.47,,,,,
,,662,,,1.01100,,,,,4.799,,,,0.01575,,25.1,,,-0.132,,,,-8.35,,,,,
,,693,,,1.02450,,,,,4.671,,,,0.01350,,25.1,,,-0.128,,,,-9.25,,,,,
,,,,,1.034627 ???,,,,,4.570 ???,,,,,,,,,,,,,,,,,,EQP
,,723,,,1.03725,,,,,4.544,,,,0.01275,,25.1,,,-0.127,,,,-9.50,,,,,
,,753,,,1.05025,,,,,4.414,,,,0.01300,,25.1,,,-0.130,,,,-8.85,,,,,
,,784,,,1.06375,,,,,4.293,,,,0.01350,,25.1,,,-0.121,,,,-7.89,,,,,
,,814,,,1.08075,,,,,4.159,,,,0.01700,,25.1,,,-0.134,,,,-6.96,,,,,
,,844,,,1.10050,,,,,4.035,,,,0.01975,,25.1,,,-0.124,,,,-5.97,,,,,
,,874,,,1.12725,,,,,3.901,,,,0.02675,,25.1,,,-0.134,,,,-4.80,,,,,
,,904,,,1.16150,,,,,3.770,,,,0.03425,,25.1,,,-0.131,,,,-3.68,,,,,
,,935,,,1.20775,,,,,3.635,,,,0.04625,,25.1,,,-0.135,,,,-2.68,,,,,
,,965,,,1.25775,,,,,3.524,,,,0.05000,,25.1,,,-0.111,,,,-2.02,,,,,
,,995,,,1.30775,,,,,3.435,,,,0.05000,,25.1,,,-0.089,,,,-1.61,,,,,
,,1026,,,1.35775,,,,,3.361,,,,0.05000,,25.1,,,-0.074,,,,-1.35,,,,,
,,1056,,,1.40775,,,,,3.297,,,,0.05000,,25.1,,,-0.064,,,,-1.17,,,,,
,,1086,,,1.45775,,,,,3.241,,,,0.05000,,25.1,,,-0.056,,,,-1.04,,,,,
,,1116,,,1.50775,,,,,3.192,,,,0.05000,,25.0,,,-0.049,,,,-0.93,,,,,
,,1146,,,1.55775,,,,,3.147,,,,0.05000,,25.0,,,-0.045,,,,-0.84,,,,,
,,1177,,,1.60775,,,,,3.107,,,,0.05000,,25.1,,,-0.040,,,,,,,,,
,,1207,,,1.65775,,,,,3.071,,,,0.05000,,25.1,,,-0.036,,,,,,,,,
,,1237,,,1.70775,,,,,3.037,,,,0.05000,,25.1,,,-0.034,,,,,,,,,
,,1267,,,1.75775,,,,,3.005,,,,0.05000,,25.1,,,-0.032,,,,,,,,,
,,1298,,,1.80775,,,,,2.976,,,,0.05000,,25.1,,,-0.029,,,,,,,,,
Measure (normal) [1],,,,,,,,,,,"Scope 1/1, Sample 13/30",,,,,,,,,,,,,,,,,
Measured Values,,,,,,,,,"Scope 1/1, Sample 13/30",,,,,,,,,,,,,,,,,,,
,,Time,,,,,,,,Meas. value,,,,,,Temp.,,,,,,dE,,,,,,
,,[s],,,,,,,,[pH],,,,,,[°C],,,,,,[pH],,,,,,
,,1,,,,,,,,4.320,,,,,,23.5,,,,,,,,,,,,
,,2,,,,,,,,4.905,,,,,,23.7,,,,,,0.585,,,,,,
,,3,,,,,,,,5.198,,,,,,23.9,,,,,,0.293,,,,,,
,,4,,,,,,,,5.405,,,,,,24.2,,,,,,0.207,,,,,,
,,5,,,,,,,,5.574,,,,,,24.4,,,,,,0.169,,,,,,
,,6,,,,,,,,5.719,,,,,,24.6,,,,,,0.145,,,,,,
,,7,,,,,,,,5.849,,,,,,24.7,,,,,,0.130,,,,,,
,,8,,,,,,,,5.954,,,,,,24.8,,,,,,0.105,,,,,,
,,9,,,,,,,,6.062,,,,,,24.9,,,,,,0.108,,,,,,
,,10,,,,,,,,6.162,,,,,,25.0,,,,,,0.100,,,,,,
,,11,,,,,,,,6.255,,,,,,25.0,,,,,,0.093,,,,,,
,,12,,,,,,,,6.343,,,,,,25.1,,,,,,0.088,,,,,,
,,13,,,,,,,,6.425,,,,,,25.1,,,,,,0.082,,,,,,
,,14,,,,,,,,6.501,,,,,,25.1,,,,,,0.076,,,,,,
,,15,,,,,,,,6.566,,,,,,25.1,,,,,,0.065,,,,,,
,,16,,,,,,,,6.634,,,,,,25.2,,,,,,0.068,,,,,,
,,17,,,,,,,,6.698,,,,,,25.2,,,,,,0.064,,,,,,
,,18,,,,,,,,6.759,,,,,,25.2,,,,,,0.061,,,,,,
,,19,,,,,,,,6.816,,,,,,25.2,,,,,,0.057,,,,,,
,,20,,,,,,,,6.873,,,,,,25.2,,,,,,0.057,,,,,,
,,21,,,,,,,,6.920,,,,,,25.2,,,,,,0.047,,,,,,
,,22,,,,,,,,6.962,,,,,,25.2,,,,,,0.042,,,,,,
,,23,,,,,,,,7.007,,,,,,25.2,,,,,,0.045,,,,,,
,,24,,,,,,,,7.044,,,,,,25.2,,,,,,0.037,,,,,,
,,25,,,,,,,,7.088,,,,,,25.2,,,,,,0.044,,,,,,
,,26,,,,,,,,7.127,,,,,,25.2,,,,,,0.039,,,,,,
,,27,,,,,,,,7.162,,,,,,25.2,,,,,,0.035,,,,,,
,,28,,,,,,,,7.195,,,,,,25.2,,,,,,0.033,,,,,,
,,29,,,,,,,,7.223,,,,,,25.2,,,,,,0.028,,,,,,
,,30,,,,,,,,7.253,,,,,,25.2,,,,,,0.030,,,,,,
,,31,,,,,,,,7.281,,,,,,25.2,,,,,,0.028,,,,,,
,,32,,,,,,,,7.308,,,,,,25.2,,,,,,0.027,,,,,,
,,33,,,,,,,,7.333,,,,,,25.2,,,,,,0.025,,,,,,
,,34,,,,,,,,7.358,,,,,,25.2,,,,,,0.025,,,,,,
,,35,,,,,,,,7.380,,,,,,25.2,,,,,,0.022,,,,,,
,,36,,,,,,,,7.398,,,,,,25.2,,,,,,0.018,,,,,,
,,37,,,,,,,,7.420,,,,,,25.2,,,,,,0.022,,,,,,
,,38,,,,,,,,7.431,,,,,,25.2,,,,,,0.011,,,,,,
,,39,,,,,,,,7.450,,,,,,25.2,,,,,,0.019,,,,,,
,,40,,,,,,,,7.470,,,,,,25.2,,,,,,0.020,,,,,,
,,41,,,,,,,,7.494,,,,,,25.2,,,,,,0.024,,,,,,
,,42,,,,,,,,7.500,,,,,,25.2,,,,,,0.006,,,,,,
,,43,,,,,,,,7.511,,,,,,25.2,,,,,,0.011,,,,,,
,,44,,,,,,,,7.524,,,,,,25.2,,,,,,0.013,,,,,,
,,45,,,,,,,,7.536,,,,,,25.2,,,,,,0.012,,,,,,
,,46,,,,,,,,7.547,,,,,,25.2,,,,,,0.011,,,,,,
,,47,,,,,,,,7.558,,,,,,25.2,,,,,,0.011,,,,,,
,,48,,,,,,,,7.568,,,,,,25.2,,,,,,0.010,,,,,,
,,49,,,,,,,,7.577,,,,,,25.2,,,,,,0.009,,,,,,
,,50,,,,,,,,7.585,,,,,,25.2,,,,,,0.008,,,,,,
,,51,,,,,,,,7.593,,,,,,25.2,,,,,,0.008,,,,,,
,,52,,,,,,,,7.601,,,,,,25.2,,,,,,0.008,,,,,,
,,53,,,,,,,,7.609,,,,,,25.2,,,,,,0.008,,,,,,
,,54,,,,,,,,7.616,,,,,,25.2,,,,,,0.007,,,,,,
,,55,,,,,,,,7.622,,,,,,25.2,,,,,,0.006,,,,,,
,,56,,,,,,,,7.628,,,,,,25.2,,,,,,0.006,,,,,,
,,57,,,,,,,,7.634,,,,,,25.2,,,,,,0.006,,,,,,
,,58,,,,,,,,7.639,,,,,,25.2,,,,,,0.005,,,,,,
,,59,,,,,,,,7.644,,,,,,25.2,,,,,,0.005,,,,,,
,,60,,,,,,,,7.649,,,,,,25.2,,,,,,0.005,,,,,,
Titration (EQP) [1],,,,,,,,,,,"Scope 1/1, Sample 13/30",,,,,,,,,,,,,,,,,
E - V Curve,,,,,,"Scope 1/1, Sample 13/30",,,,,,,,,,,,,,,,,,,,,,
,,E [pH],,,,,,,,,,,,,,,,,,,,,,,,,,
dE/dV - V Curve,,,,,,,,,"Scope 1/1, Sample 13/30",,,,,,,,,,,,,,,,,,,
,dE/dV [pH/mL],,,,,,,,,,,,,,,,,,,,,,,,,,,
Measured Values,,,,,,,,,"Scope 1/1, Sample 13/30",,,,,,,,,,,,,,,,,,,
,,Time,,,V,,,,,Meas. value,,,,dV,,Temp.,,,dE,,,,dE/dV,,,,,EQP
,,[s],,,[mL],,,,,[pH],,,,[mL],,[°C],,,[pH],,,,[pH/mL],,,,,
,,0,,,0.00000,,,,,7.660,,,,,,25.2,,,,,,,,,,,,
,,29,,,0.17150,,,,,7.140,,,,0.17150,,25.2,,,-0.520,,,,,,,,,
,,59,,,0.25725,,,,,6.814,,,,0.08575,,25.2,,,-0.326,,,,,,,,,
,,89,,,0.30000,,,,,6.640,,,,0.04275,,25.2,,,-0.174,,,,,,,,,
,,180,,,0.33075,,,,,6.543,,,,0.03075,,25.2,,,-0.097,,,,,,,,,
,,210,,,0.38075,,,,,6.467,,,,0.05000,,25.2,,,-0.076,,,,-2.35,,,,,
,,240,,,0.43075,,,,,6.383,,,,0.05000,,25.2,,,-0.084,,,,-1.67,,,,,
,,270,,,0.48075,,,,,6.301,,,,0.05000,,25.2,,,-0.082,,,,-1.50,,,,,
,,301,,,0.53075,,,,,6.217,,,,0.05000,,25.1,,,-0.084,,,,-1.58,,,,,
,,331,,,0.58075,,,,,6.137,,,,0.05000,,25.1,,,-0.080,,,,-1.64,,,,,
,,361,,,0.63075,,,,,6.054,,,,0.05000,,25.1,,,-0.083,,,,-1.66,,,,,
,,391,,,0.68075,,,,,5.968,,,,0.05000,,25.1,,,-0.086,,,,-1.73,,,,,
,,422,,,0.73075,,,,,5.878,,,,0.05000,,25.1,,,-0.090,,,,-1.88,,,,,
,,452,,,0.78075,,,,,5.778,,,,0.05000,,25.1,,,-0.100,,,,-2.13,,,,,
,,482,,,0.83075,,,,,5.663,,,,0.05000,,25.1,,,-0.115,,,,-2.52,,,,,
,,512,,,0.88075,,,,,5.526,,,,0.05000,,25.1,,,-0.137,,,,-3.20,,,,,
,,543,,,0.93025,,,,,5.354,,,,0.04950,,25.1,,,-0.172,,,,-4.33,,,,,
,,573,,,0.96075,,,,,5.219,,,,0.03050,,25.1,,,-0.135,,,,-5.35,,,,,
,,603,,,0.98475,,,,,5.087,,,,0.02400,,25.0,,,-0.132,,,,-6.36,,,,,
,,633,,,1.00475,,,,,4.949,,,,0.02000,,25.0,,,-0.138,,,,-7.30,,,,,
,,664,,,1.02050,,,,,4.823,,,,0.01575,,25.0,,,-0.126,,,,-8.13,,,,,
,,694,,,1.03500,,,,,4.687,,,,0.01450,,25.0,,,-0.136,,,,-9.08,,,,,
,,,,,1.045807 ???,,,,,4.579 ???,,,,,,,,,,,,,,,,,,EQP
,,724,,,1.04725,,,,,4.565,,,,0.01225,,25.0,,,-0.122,,,,-9.47,,,,,
,,754,,,1.06000,,,,,4.440,,,,0.01275,,25.0,,,-0.125,,,,-8.94,,,,,
,,784,,,1.07400,,,,,4.311,,,,0.01400,,25.0,,,-0.129,,,,-7.97,,,,,
,,815,,,1.08975,,,,,4.185,,,,0.01575,,25.0,,,-0.126,,,,-7.08,,,,,
,,845,,,1.10900,,,,,4.060,,,,0.01925,,25.0,,,-0.125,,,,-6.11,,,,,
,,875,,,1.13500,,,,,3.926,,,,0.02600,,25.0,,,-0.134,,,,-4.95,,,,,
,,906,,,1.16800,,,,,3.794,,,,0.03300,,25.0,,,-0.132,,,,-3.83,,,,,
,,936,,,1.21200,,,,,3.661,,,,0.04400,,25.0,,,-0.133,,,,-2.81,,,,,
,,966,,,1.26200,,,,,3.546,,,,0.05000,,25.0,,,-0.115,,,,-2.10,,,,,
,,996,,,1.31200,,,,,3.453,,,,0.05000,,25.0,,,-0.093,,,,-1.66,,,,,
,,1026,,,1.36200,,,,,3.377,,,,0.05000,,25.0,,,-0.076,,,,-1.38,,,,,
,,1057,,,1.41200,,,,,3.312,,,,0.05000,,25.0,,,-0.065,,,,-1.19,,,,,
,,1087,,,1.46200,,,,,3.255,,,,0.05000,,25.0,,,-0.057,,,,-1.05,,,,,
,,1117,,,1.51200,,,,,3.205,,,,0.05000,,25.0,,,-0.050,,,,-0.94,,,,,
,,1147,,,1.56200,,,,,3.160,,,,0.05000,,25.0,,,-0.045,,,,-0.86,,,,,
,,1178,,,1.61200,,,,,3.119,,,,0.05000,,25.0,,,-0.041,,,,,,,,,
,,1208,,,1.66200,,,,,3.081,,,,0.05000,,25.0,,,-0.038,,,,,,,,,
,,1238,,,1.71200,,,,,3.047,,,,0.05000,,25.0,,,-0.034,,,,,,,,,
,,1268,,,1.76200,,,,,3.015,,,,0.05000,,25.0,,,-0.032,,,,,,,,,
,,1298,,,1.81200,,,,,2.986,,,,0.05000,,25.0,,,-0.029,,,,,,,,,
Measure (normal) [1],,,,,,,,,,,"Scope 1/1, Sample 14/30",,,,,,,,,,,,,,,,,
Measured Values,,,,,,,,,"Scope 1/1, Sample 14/30",,,,,,,,,,,,,,,,,,,
,,Time,,,,,,,,Meas. value,,,,,,Temp.,,,,,,dE,,,,,,
,,[s],,,,,,,,[pH],,,,,,[°C],,,,,,[pH],,,,,,
,,1,,,,,,,,4.710,,,,,,23.3,,,,,,,,,,,,
,,2,,,,,,,,5.015,,,,,,23.5,,,,,,0.305,,,,,,
,,3,,,,,,,,5.270,,,,,,23.7,,,,,,0.255,,,,,,
,,4,,,,,,,,5.470,,,,,,24.0,,,,,,0.200,,,,,,
,,5,,,,,,,,5.632,,,,,,24.2,,,,,,0.162,,,,,,
,,6,,,,,,,,5.767,,,,,,24.4,,,,,,0.135,,,,,,
,,7,,,,,,,,5.885,,,,,,24.6,,,,,,0.118,,,,,,
,,8,,,,,,,,5.982,,,,,,24.7,,,,,,0.097,,,,,,
,,9,,,,,,,,6.080,,,,,,24.8,,,,,,0.098,,,,,,
,,10,,,,,,,,6.170,,,,,,24.9,,,,,,0.090,,,,,,
,,11,,,,,,,,6.253,,,,,,24.9,,,,,,0.083,,,,,,
,,12,,,,,,,,6.331,,,,,,25.0,,,,,,0.078,,,,,,
,,13,,,,,,,,6.402,,,,,,25.0,,,,,,0.071,,,,,,
,,14,,,,,,,,6.468,,,,,,25.1,,,,,,0.066,,,,,,
,,15,,,,,,,,6.526,,,,,,25.1,,,,,,0.058,,,,,,
,,16,,,,,,,,6.588,,,,,,25.1,,,,,,0.062,,,,,,
,,17,,,,,,,,6.646,,,,,,25.1,,,,,,0.058,,,,,,
,,18,,,,,,,,6.700,,,,,,25.1,,,,,,0.054,,,,,,
,,19,,,,,,,,6.752,,,,,,25.1,,,,,,0.052,,,,,,
,,20,,,,,,,,6.802,,,,,,25.1,,,,,,0.050,,,,,,
,,21,,,,,,,,6.848,,,,,,25.1,,,,,,0.046,,,,,,
,,22,,,,,,,,6.887,,,,,,25.1,,,,,,0.039,,,,,,
,,23,,,,,,,,6.924,,,,,,25.2,,,,,,0.037,,,,,,
,,24,,,,,,,,6.962,,,,,,25.2,,,,,,0.038,,,,,,
,,25,,,,,,,,6.998,,,,,,25.2,,,,,,0.036,,,,,,
,,26,,,,,,,,7.025,,,,,,25.2,,,,,,0.027,,,,,,
,,27,,,,,,,,7.059,,,,,,25.2,,,,,,0.034,,,,,,
,,28,,,,,,,,7.091,,,,,,25.2,,,,,,0.032,,,,,,
,,29,,,,,,,,7.118,,,,,,25.2,,,,,,0.027,,,,,,
,,30,,,,,,,,7.146,,,,,,25.2,,,,,,0.028,,,,,,
,,31,,,,,,,,7.171,,,,,,25.2,,,,,,0.025,,,,,,
,,32,,,,,,,,7.194,,,,,,25.2,,,,,,0.023,,,,,,
,,33,,,,,,,,7.216,,,,,,25.2,,,,,,0.022,,,,,,
,,34,,,,,,,,7.238,,,,,,25.2,,,,,,0.022,,,,,,
,,35,,,,,,,,7.259,,,,,,25.2,,,,,,0.021,,,,,,
,,36,,,,,,,,7.276,,,,,,25.2,,,,,,0.017,,,,,,
,,37,,,,,,,,7.294,,,,,,25.2,,,,,,0.018,,,,,,
,,38,,,,,,,,7.310,,,,,,25.2,,,,,,0.016,,,,,,
,,39,,,,,,,,7.327,,,,,,25.2,,,,,,0.017,,,,,,
,,40,,,,,,,,7.343,,,,,,25.2,,,,,,0.016,,,,,,
,,41,,,,,,,,7.357,,,,,,25.2,,,,,,0.014,,,,,,
,,42,,,,,,,,7.371,,,,,,25.2,,,,,,0.014,,,,,,
,,43,,,,,,,,7.383,,,,,,25.2,,,,,,0.012,,,,,,
,,44,,,,,,,,7.395,,,,,,25.2,,,,,,0.012,,,,,,
,,45,,,,,,,,7.406,,,,,,25.2,,,,,,0.011,,,,,,
,,46,,,,,,,,7.417,,,,,,25.2,,,,,,0.011,,,,,,
,,47,,,,,,,,7.427,,,,,,25.2,,,,,,0.010,,,,,,
,,48,,,,,,,,7.437,,,,,,25.2,,,,,,0.010,,,,,,
,,49,,,,,,,,7.446,,,,,,25.2,,,,,,0.009,,,,,,
,,50,,,,,,,,7.454,,,,,,25.2,,,,,,0.008,,,,,,
,,51,,,,,,,,7.463,,,,,,25.2,,,,,,0.009,,,,,,
,,52,,,,,,,,7.470,,,,,,25.2,,,,,,0.007,,,,,,
,,53,,,,,,,,7.477,,,,,,25.2,,,,,,0.007,,,,,,
,,54,,,,,,,,7.484,,,,,,25.2,,,,,,0.007,,,,,,
,,55,,,,,,,,7.491,,,,,,25.2,,,,,,0.007,,,,,,
,,56,,,,,,,,7.496,,,,,,25.2,,,,,,0.005,,,,,,
,,57,,,,,,,,7.502,,,,,,25.2,,,,,,0.006,,,,,,
,,58,,,,,,,,7.508,,,,,,25.2,,,,,,0.006,,,,,,
,,59,,,,,,,,7.513,,,,,,25.2,,,,,,0.005,,,,,,
,,60,,,,,,,,7.518,,,,,,25.2,,,,,,0.005,,,,,,
Titration (EQP) [1],,,,,,,,,,,"Scope 1/1, Sample 14/30",,,,,,,,,,,,,,,,,
E - V Curve,,,,,,"Scope 1/1, Sample 14/30",,,,,,,,,,,,,,,,,,,,,,
,,E [pH],,,,,,,,,,,,,,,,,,,,,,,,,,
dE/dV - V Curve,,,,,,,,,"Scope 1/1, Sample 14/30",,,,,,,,,,,,,,,,,,,
,dE/dV [pH/mL],,,,,,,,,,,,,,,,,,,,,,,,,,,
Measured Values,,,,,,,,,"Scope 1/1, Sample 14/30",,,,,,,,,,,,,,,,,,,
,,Time,,,V,,,,,Meas. value,,,,dV,,Temp.,,,dE,,,,dE/dV,,,,,EQP
,,[s],,,[mL],,,,,[pH],,,,[mL],,[°C],,,[pH],,,,[pH/mL],,,,,
,,0,,,0.00000,,,,,7.529,,,,,,25.2,,,,,,,,,,,,
,,28,,,0.17150,,,,,7.091,,,,0.17150,,25.2,,,-0.438,,,,,,,,,
,,58,,,0.25725,,,,,6.806,,,,0.08575,,25.2,,,-0.285,,,,,,,,,
,,88,,,0.30000,,,,,6.661,,,,0.04275,,25.1,,,-0.145,,,,,,,,,
,,179,,,0.33875,,,,,6.574,,,,0.03875,,25.1,,,-0.087,,,,,,,,,
,,209,,,0.38875,,,,,6.499,,,,0.05000,,25.1,,,-0.075,,,,-2.01,,,,,
,,239,,,0.43875,,,,,6.424,,,,0.05000,,25.1,,,-0.075,,,,-1.45,,,,,
,,269,,,0.48875,,,,,6.353,,,,0.05000,,25.1,,,-0.071,,,,-1.34,,,,,
,,300,,,0.53875,,,,,6.282,,,,0.05000,,25.1,,,-0.071,,,,-1.38,,,,,
,,330,,,0.58875,,,,,6.212,,,,0.05000,,25.1,,,-0.070,,,,-1.40,,,,,
,,360,,,0.63875,,,,,6.137,,,,0.05000,,25.1,,,-0.075,,,,-1.41,,,,,
,,390,,,0.68875,,,,,6.070,,,,0.05000,,25.1,,,-0.067,,,,-1.43,,,,,
,,421,,,0.73875,,,,,5.998,,,,0.05000,,25.1,,,-0.072,,,,-1.48,,,,,
,,451,,,0.78875,,,,,5.920,,,,0.05000,,25.1,,,-0.078,,,,-1.56,,,,,
,,481,,,0.83875,,,,,5.838,,,,0.05000,,25.1,,,-0.082,,,,-1.69,,,,,
,,511,,,0.88875,,,,,5.747,,,,0.05000,,25.1,,,-0.091,,,,-1.92,,,,,
,,542,,,0.93875,,,,,5.644,,,,0.05000,,25.1,,,-0.103,,,,-2.25,,,,,
,,572,,,0.98875,,,,,5.521,,,,0.05000,,25.1,,,-0.123,,,,-2.79,,,,,
,,602,,,1.03875,,,,,5.371,,,,0.05000,,25.1,,,-0.150,,,,-3.70,,,,,
,,632,,,1.07925,,,,,5.209,,,,0.04050,,25.1,,,-0.162,,,,-4.83,,,,,
,,662,,,1.10500,,,,,5.083,,,,0.02575,,25.1,,,-0.126,,,,-5.77,,,,,
,,693,,,1.12775,,,,,4.940,,,,0.02275,,25.1,,,-0.143,,,,-6.71,,,,,
,,723,,,1.14425,,,,,4.820,,,,0.01650,,25.1,,,-0.120,,,,-7.44,,,,,
,,753,,,1.16050,,,,,4.680,,,,0.01625,,25.1,,,-0.140,,,,-8.28,,,,,
,,,,,1.173228 ???,,,,,4.563 ???,,,,,,,,,,,,,,,,,,EQP
,,784,,,1.17375,,,,,4.558,,,,0.01325,,25.1,,,-0.122,,,,-8.80,,,,,
,,814,,,1.18750,,,,,4.431,,,,0.01375,,25.1,,,-0.127,,,,-8.37,,,,,
,,844,,,1.20200,,,,,4.307,,,,0.01450,,25.1,,,-0.124,,,,-7.50,,,,,
,,874,,,1.21925,,,,,4.178,,,,0.01725,,25.1,,,-0.129,,,,-6.66,,,,,
,,904,,,1.24000,,,,,4.049,,,,0.02075,,25.1,,,-0.129,,,,-5.74,,,,,
,,935,,,1.26625,,,,,3.920,,,,0.02625,,25.1,,,-0.129,,,,-4.71,,,,,
,,965,,,1.30100,,,,,3.787,,,,0.03475,,25.1,,,-0.133,,,,-3.64,,,,,
,,995,,,1.34650,,,,,3.654,,,,0.04550,,25.1,,,-0.133,,,,-2.69,,,,,
,,1025,,,1.39650,,,,,3.542,,,,0.05000,,25.1,,,-0.112,,,,-2.03,,,,,
,,1056,,,1.44650,,,,,3.452,,,,0.05000,,25.1,,,-0.090,,,,-1.62,,,,,
,,1086,,,1.49650,,,,,3.378,,,,0.05000,,25.1,,,-0.074,,,,-1.35,,,,,
,,1116,,,1.54650,,,,,3.314,,,,0.05000,,25.1,,,-0.064,,,,-1.17,,,,,
,,1146,,,1.59650,,,,,3.258,,,,0.05000,,25.1,,,-0.056,,,,-1.04,,,,,
,,1177,,,1.64650,,,,,3.208,,,,0.05000,,25.1,,,-0.050,,,,-0.93,,,,,
,,1207,,,1.69650,,,,,3.164,,,,0.05000,,25.1,,,-0.044,,,,-0.85,,,,,
,,1237,,,1.74650,,,,,3.123,,,,0.05000,,25.1,,,-0.041,,,,,,,,,
,,1267,,,1.79650,,,,,3.086,,,,0.05000,,25.1,,,-0.037,,,,,,,,,
,,1298,,,1.84650,,,,,3.052,,,,0.05000,,25.1,,,-0.034,,,,,,,,,
,,1328,,,1.89650,,,,,3.020,,,,0.05000,,25.1,,,-0.032,,,,,,,,,
,,1358,,,1.94650,,,,,2.991,,,,0.05000,,25.1,,,-0.029,,,,,,,,,
Measure (normal) [1],,,,,,,,,,,"Scope 1/1, Sample 15/30",,,,,,,,,,,,,,,,,
Measured Values,,,,,,,,,"Scope 1/1, Sample 15/30",,,,,,,,,,,,,,,,,,,
,,Time,,,,,,,,Meas. value,,,,,,Temp.,,,,,,dE,,,,,,
,,[s],,,,,,,,[pH],,,,,,[°C],,,,,,[pH],,,,,,
,,1,,,,,,,,4.743,,,,,,23.5,,,,,,,,,,,,
,,2,,,,,,,,5.044,,,,,,23.7,,,,,,0.301,,,,,,
,,3,,,,,,,,5.295,,,,,,23.9,,,,,,0.251,,,,,,
,,4,,,,,,,,5.490,,,,,,24.1,,,,,,0.195,,,,,,
,,5,,,,,,,,5.651,,,,,,24.4,,,,,,0.161,,,,,,
,,6,,,,,,,,5.787,,,,,,24.6,,,,,,0.136,,,,,,
,,7,,,,,,,,5.906,,,,,,24.7,,,,,,0.119,,,,,,
,,8,,,,,,,,6.013,,,,,,24.8,,,,,,0.107,,,,,,
,,9,,,,,,,,6.102,,,,,,24.9,,,,,,0.089,,,,,,
,,10,,,,,,,,6.194,,,,,,25.0,,,,,,0.092,,,,,,
,,11,,,,,,,,6.278,,,,,,25.0,,,,,,0.084,,,,,,
,,12,,,,,,,,6.355,,,,,,25.1,,,,,,0.077,,,,,,
,,13,,,,,,,,6.429,,,,,,25.1,,,,,,0.074,,,,,,
,,14,,,,,,,,6.499,,,,,,25.2,,,,,,0.070,,,,,,
,,15,,,,,,,,6.564,,,,,,25.2,,,,,,0.065,,,,,,
,,16,,,,,,,,6.618,,,,,,25.2,,,,,,0.054,,,,,,
,,17,,,,,,,,6.677,,,,,,25.2,,,,,,0.059,,,,,,
,,18,,,,,,,,6.733,,,,,,25.2,,,,,,0.056,,,,,,
,,19,,,,,,,,6.787,,,,,,25.2,,,,,,0.054,,,,,,
,,20,,,,,,,,6.840,,,,,,25.2,,,,,,0.053,,,,,,
,,21,,,,,,,,6.887,,,,,,25.2,,,,,,0.047,,,,,,
,,22,,,,,,,,6.925,,,,,,25.2,,,,,,0.038,,,,,,
,,23,,,,,,,,6.967,,,,,,25.2,,,,,,0.042,,,,,,
,,24,,,,,,,,7.005,,,,,,25.2,,,,,,0.038,,,,,,
,,25,,,,,,,,7.035,,,,,,25.2,,,,,,0.030,,,,,,
,,26,,,,,,,,7.076,,,,,,25.2,,,,,,0.041,,,,,,
,,27,,,,,,,,7.109,,,,,,25.2,,,,,,0.033,,,,,,
,,28,,,,,,,,7.141,,,,,,25.2,,,,,,0.032,,,,,,
,,29,,,,,,,,7.166,,,,,,25.2,,,,,,0.025,,,,,,
,,30,,,,,,,,7.194,,,,,,25.2,,,,,,0.028,,,,,,
,,31,,,,,,,,7.220,,,,,,25.2,,,,,,0.026,,,,,,
,,32,,,,,,,,7.245,,,,,,25.2,,,,,,0.025,,,,,,
,,33,,,,,,,,7.269,,,,,,25.3,,,,,,0.024,,,,,,
,,34,,,,,,,,7.290,,,,,,25.2,,,,,,0.021,,,,,,
,,35,,,,,,,,7.311,,,,,,25.3,,,,,,0.021,,,,,,
,,36,,,,,,,,7.329,,,,,,25.3,,,,,,0.018,,,,,,
,,37,,,,,,,,7.348,,,,,,25.3,,,,,,0.019,,,,,,
,,38,,,,,,,,7.365,,,,,,25.3,,,,,,0.017,,,,,,
,,39,,,,,,,,7.382,,,,,,25.3,,,,,,0.017,,,,,,
,,40,,,,,,,,7.397,,,,,,25.3,,,,,,0.015,,,,,,
,,41,,,,,,,,7.411,,,,,,25.3,,,,,,0.014,,,,,,
,,42,,,,,,,,7.424,,,,,,25.3,,,,,,0.013,,,,,,
,,43,,,,,,,,7.435,,,,,,25.3,,,,,,0.011,,,,,,
,,44,,,,,,,,7.448,,,,,,25.3,,,,,,0.013,,,,,,
,,45,,,,,,,,7.459,,,,,,25.3,,,,,,0.011,,,,,,
,,46,,,,,,,,7.469,,,,,,25.3,,,,,,0.010,,,,,,
,,47,,,,,,,,7.479,,,,,,25.3,,,,,,0.010,,,,,,
,,48,,,,,,,,7.489,,,,,,25.3,,,,,,0.010,,,,,,
,,49,,,,,,,,7.498,,,,,,25.3,,,,,,0.009,,,,,,
,,50,,,,,,,,7.506,,,,,,25.3,,,,,,0.008,,,,,,
,,51,,,,,,,,7.514,,,,,,25.3,,,,,,0.008,,,,,,
,,52,,,,,,,,7.521,,,,,,25.3,,,,,,0.007,,,,,,
,,53,,,,,,,,7.528,,,,,,25.3,,,,,,0.007,,,,,,
,,54,,,,,,,,7.535,,,,,,25.2,,,,,,0.007,,,,,,
,,55,,,,,,,,7.541,,,,,,25.2,,,,,,0.006,,,,,,
,,56,,,,,,,,7.548,,,,,,25.3,,,,,,0.007,,,,,,
,,57,,,,,,,,7.553,,,,,,25.3,,,,,,0.005,,,,,,
,,58,,,,,,,,7.558,,,,,,25.3,,,,,,0.005,,,,,,
,,59,,,,,,,,7.564,,,,,,25.3,,,,,,0.006,,,,,,
,,60,,,,,,,,7.568,,,,,,25.3,,,,,,0.004,,,,,,
Titration (EQP) [1],,,,,,,,,,,"Scope 1/1, Sample 15/30",,,,,,,,,,,,,,,,,
E - V Curve,,,,,,"Scope 1/1, Sample 15/30",,,,,,,,,,,,,,,,,,,,,,
,,E [pH],,,,,,,,,,,,,,,,,,,,,,,,,,
dE/dV - V Curve,,,,,,,,,"Scope 1/1, Sample 15/30",,,,,,,,,,,,,,,,,,,
,dE/dV [pH/mL],,,,,,,,,,,,,,,,,,,,,,,,,,,
Measured Values,,,,,,,,,"Scope 1/1, Sample 15/30",,,,,,,,,,,,,,,,,,,
,,Time,,,V,,,,,Meas. value,,,,dV,,Temp.,,,dE,,,,dE/dV,,,,,EQP
,,[s],,,[mL],,,,,[pH],,,,[mL],,[°C],,,[pH],,,,[pH/mL],,,,,
,,0,,,0.00000,,,,,7.579,,,,,,25.3,,,,,,,,,,,,
,,28,,,0.17150,,,,,7.109,,,,0.17150,,25.2,,,-0.470,,,,,,,,,
,,58,,,0.25725,,,,,6.814,,,,0.08575,,25.2,,,-0.295,,,,,,,,,
,,88,,,0.30000,,,,,6.663,,,,0.04275,,25.2,,,-0.151,,,,,,,,,
,,180,,,0.33750,,,,,6.579,,,,0.03750,,25.2,,,-0.084,,,,,,,,,
,,210,,,0.38750,,,,,6.506,,,,0.05000,,25.2,,,-0.073,,,,-2.04,,,,,
,,240,,,0.43750,,,,,6.430,,,,0.05000,,25.2,,,-0.076,,,,-1.47,,,,,
,,270,,,0.48750,,,,,6.354,,,,0.05000,,25.2,,,-0.076,,,,-1.35,,,,,
,,301,,,0.53750,,,,,6.283,,,,0.05000,,25.2,,,-0.071,,,,-1.41,,,,,
,,331,,,0.58750,,,,,6.211,,,,0.05000,,25.2,,,-0.072,,,,-1.44,,,,,
,,361,,,0.63750,,,,,6.139,,,,0.05000,,25.2,,,-0.072,,,,-1.44,,,,,
,,391,,,0.68750,,,,,6.068,,,,0.05000,,25.2,,,-0.071,,,,-1.47,,,,,
,,422,,,0.73750,,,,,5.989,,,,0.05000,,25.2,,,-0.079,,,,-1.53,,,,,
,,452,,,0.78750,,,,,5.910,,,,0.05000,,25.2,,,-0.079,,,,-1.61,,,,,
,,482,,,0.83750,,,,,5.829,,,,0.05000,,25.2,,,-0.081,,,,-1.77,,,,,
,,512,,,0.88750,,,,,5.731,,,,0.05000,,25.2,,,-0.098,,,,-2.02,,,,,
,,542,,,0.93750,,,,,5.624,,,,0.05000,,25.2,,,-0.107,,,,-2.41,,,,,
,,573,,,0.98750,,,,,5.491,,,,0.05000,,25.2,,,-0.133,,,,-3.09,,,,,
,,603,,,1.03750,,,,,5.321,,,,0.05000,,25.2,,,-0.170,,,,-4.19,,,,,
,,633,,,1.06925,,,,,5.185,,,,0.03175,,25.2,,,-0.136,,,,-5.19,,,,,
,,664,,,1.09450,,,,,5.049,,,,0.02525,,25.2,,,-0.136,,,,-6.20,,,,,
,,694,,,1.11450,,,,,4.914,,,,0.02000,,25.2,,,-0.135,,,,-7.06,,,,,
,,724,,,1.13075,,,,,4.786,,,,0.01625,,25.2,,,-0.128,,,,-7.84,,,,,
,,754,,,1.14550,,,,,4.655,,,,0.01475,,25.2,,,-0.131,,,,-8.73,,,,,
,,,,,1.155861 ???,,,,,4.555 ???,,,,,,,,,,,,,,,,,,EQP
,,784,,,1.15900,,,,,4.525,,,,0.01350,,25.2,,,-0.130,,,,-8.99,,,,,
,,815,,,1.17225,,,,,4.402,,,,0.01325,,25.2,,,-0.123,,,,-8.38,,,,,
,,845,,,1.18725,,,,,4.273,,,,0.01500,,25.2,,,-0.129,,,,-7.45,,,,,
,,875,,,1.20425,,,,,4.148,,,,0.01700,,25.2,,,-0.125,,,,-6.61,,,,,
,,906,,,1.22575,,,,,4.019,,,,0.02150,,25.2,,,-0.129,,,,-5.63,,,,,
,,936,,,1.25350,,,,,3.888,,,,0.02775,,25.2,,,-0.131,,,,-4.54,,,,,
,,966,,,1.28975,,,,,3.755,,,,0.03625,,25.2,,,-0.133,,,,-3.47,,,,,
,,996,,,1.33800,,,,,3.622,,,,0.04825,,25.2,,,-0.133,,,,-2.53,,,,,
,,1026,,,1.38800,,,,,3.515,,,,0.05000,,25.2,,,-0.107,,,,-1.93,,,,,
,,1057,,,1.43800,,,,,3.429,,,,0.05000,,25.2,,,-0.086,,,,-1.56,,,,,
,,1087,,,1.48800,,,,,3.357,,,,0.05000,,25.2,,,-0.072,,,,-1.31,,,,,
,,1117,,,1.53800,,,,,3.295,,,,0.05000,,25.2,,,-0.062,,,,-1.14,,,,,
,,1147,,,1.58800,,,,,3.240,,,,0.05000,,25.2,,,-0.055,,,,-1.02,,,,,
,,1178,,,1.63800,,,,,3.192,,,,0.05000,,25.2,,,-0.048,,,,-0.91,,,,,
,,1208,,,1.68800,,,,,3.148,,,,0.05000,,25.2,,,-0.044,,,,-0.83,,,,,
,,1238,,,1.73800,,,,,3.108,,,,0.05000,,25.1,,,-0.040,,,,,,,,,
,,1268,,,1.78800,,,,,3.072,,,,0.05000,,25.1,,,-0.036,,,,,,,,,
,,1299,,,1.83800,,,,,3.038,,,,0.05000,,25.1,,,-0.034,,,,,,,,,
,,1329,,,1.88800,,,,,3.007,,,,0.05000,,25.1,,,-0.031,,,,,,,,,
,,1359,,,1.93800,,,,,2.978,,,,0.05000,,25.1,,,-0.029,,,,,,,,,
Measure (normal) [1],,,,,,,,,,,"Scope 1/1, Sample 16/30",,,,,,,,,,,,,,,,,
Measured Values,,,,,,,,,"Scope 1/1, Sample 16/30",,,,,,,,,,,,,,,,,,,
,,Time,,,,,,,,Meas. value,,,,,,Temp.,,,,,,dE,,,,,,
,,[s],,,,,,,,[pH],,,,,,[°C],,,,,,[pH],,,,,,
,,1,,,,,,,,4.695,,,,,,23.3,,,,,,,,,,,,
,,2,,,,,,,,5.004,,,,,,23.5,,,,,,0.309,,,,,,
,,3,,,,,,,,5.277,,,,,,23.7,,,,,,0.273,,,,,,
,,4,,,,,,,,5.482,,,,,,24.0,,,,,,0.205,,,,,,
,,5,,,,,,,,5.650,,,,,,24.3,,,,,,0.168,,,,,,
,,6,,,,,,,,5.794,,,,,,24.5,,,,,,0.144,,,,,,
,,7,,,,,,,,5.923,,,,,,24.7,,,,,,0.129,,,,,,
,,8,,,,,,,,6.029,,,,,,24.8,,,,,,0.106,,,,,,
,,9,,,,,,,,6.135,,,,,,24.9,,,,,,0.106,,,,,,
,,10,,,,,,,,6.232,,,,,,25.0,,,,,,0.097,,,,,,
,,11,,,,,,,,6.324,,,,,,25.0,,,,,,0.092,,,,,,
,,12,,,,,,,,6.410,,,,,,25.1,,,,,,0.086,,,,,,
,,13,,,,,,,,6.489,,,,,,25.1,,,,,,0.079,,,,,,
,,14,,,,,,,,6.563,,,,,,25.2,,,,,,0.074,,,,,,
,,15,,,,,,,,6.625,,,,,,25.2,,,,,,0.062,,,,,,
,,16,,,,,,,,6.692,,,,,,25.2,,,,,,0.067,,,,,,
,,17,,,,,,,,6.754,,,,,,25.2,,,,,,0.062,,,,,,
,,18,,,,,,,,6.813,,,,,,25.2,,,,,,0.059,,,,,,
,,19,,,,,,,,6.870,,,,,,25.2,,,,,,0.057,,,,,,
,,20,,,,,,,,6.918,,,,,,25.2,,,,,,0.048,,,,,,
,,21,,,,,,,,6.964,,,,,,25.2,,,,,,0.046,,,,,,
,,22,,,,,,,,7.004,,,,,,25.2,,,,,,0.040,,,,,,
,,23,,,,,,,,7.041,,,,,,25.2,,,,,,0.037,,,,,,
,,24,,,,,,,,7.086,,,,,,25.2,,,,,,0.045,,,,,,
,,25,,,,,,,,7.124,,,,,,25.2,,,,,,0.038,,,,,,
,,26,,,,,,,,7.160,,,,,,25.2,,,,,,0.036,,,,,,
,,27,,,,,,,,7.192,,,,,,25.2,,,,,,0.032,,,,,,
,,28,,,,,,,,7.223,,,,,,25.2,,,,,,0.031,,,,,,
,,29,,,,,,,,7.249,,,,,,25.3,,,,,,0.026,,,,,,
,,30,,,,,,,,7.277,,,,,,25.2,,,,,,0.028,,,,,,
,,31,,,,,,,,7.302,,,,,,25.2,,,,,,0.025,,,,,,
,,32,,,,,,,,7.326,,,,,,25.2,,,,,,0.024,,,,,,
,,33,,,,,,,,7.348,,,,,,25.3,,,,,,0.022,,,,,,
,,34,,,,,,,,7.369,,,,,,25.3,,,,,,0.021,,,,,,
,,35,,,,,,,,7.389,,,,,,25.3,,,,,,0.020,,,,,,
,,36,,,,,,,,7.406,,,,,,25.2,,,,,,0.017,,,,,,
,,37,,,,,,,,7.422,,,,,,25.2,,,,,,0.016,,,,,,
,,38,,,,,,,,7.438,,,,,,25.2,,,,,,0.016,,,,,,
,,39,,,,,,,,7.453,,,,,,25.3,,,,,,0.015,,,,,,
,,40,,,,,,,,7.467,,,,,,25.2,,,,,,0.014,,,,,,
,,41,,,,,,,,7.481,,,,,,25.2,,,,,,0.014,,,,,,
,,42,,,,,,,,7.494,,,,,,25.2,,,,,,0.013,,,,,,
,,43,,,,,,,,7.505,,,,,,25.2,,,,,,0.011,,,,,,
,,44,,,,,,,,7.516,,,,,,25.2,,,,,,0.011,,,,,,
,,45,,,,,,,,7.526,,,,,,25.2,,,,,,0.010,,,,,,
,,46,,,,,,,,7.536,,,,,,25.2,,,,,,0.010,,,,,,
,,47,,,,,,,,7.545,,,,,,25.2,,,,,,0.009,,,,,,
,,48,,,,,,,,7.554,,,,,,25.2,,,,,,0.009,,,,,,
,,49,,,,,,,,7.562,,,,,,25.2,,,,,,0.008,,,,,,
,,50,,,,,,,,7.569,,,,,,25.2,,,,,,0.007,,,,,,
,,51,,,,,,,,7.576,,,,,,25.2,,,,,,0.007,,,,,,
,,52,,,,,,,,7.583,,,,,,25.2,,,,,,0.007,,,,,,
,,53,,,,,,,,7.589,,,,,,25.2,,,,,,0.006,,,,,,
,,54,,,,,,,,7.595,,,,,,25.2,,,,,,0.006,,,,,,
,,55,,,,,,,,7.601,,,,,,25.2,,,,,,0.006,,,,,,
,,56,,,,,,,,7.606,,,,,,25.2,,,,,,0.005,,,,,,
,,57,,,,,,,,7.610,,,,,,25.2,,,,,,0.004,,,,,,
,,58,,,,,,,,7.615,,,,,,25.2,,,,,,0.005,,,,,,
,,59,,,,,,,,7.619,,,,,,25.2,,,,,,0.004,,,,,,
,,60,,,,,,,,7.623,,,,,,25.2,,,,,,0.004,,,,,,
Titration (EQP) [1],,,,,,,,,,,"Scope 1/1, Sample 16/30",,,,,,,,,,,,,,,,,
E - V Curve,,,,,,"Scope 1/1, Sample 16/30",,,,,,,,,,,,,,,,,,,,,,
,,E [pH],,,,,,,,,,,,,,,,,,,,,,,,,,
dE/dV - V Curve,,,,,,,,,"Scope 1/1, Sample 16/30",,,,,,,,,,,,,,,,,,,
,dE/dV [pH/mL],,,,,,,,,,,,,,,,,,,,,,,,,,,
Measured Values,,,,,,,,,"Scope 1/1, Sample 16/30",,,,,,,,,,,,,,,,,,,
,,Time,,,V,,,,,Meas. value,,,,dV,,Temp.,,,dE,,,,dE/dV,,,,,EQP
,,[s],,,[mL],,,,,[pH],,,,[mL],,[°C],,,[pH],,,,[pH/mL],,,,,
,,0,,,0.00000,,,,,7.633,,,,,,25.2,,,,,,,,,,,,
,,28,,,0.17150,,,,,7.137,,,,0.17150,,25.2,,,-0.496,,,,,,,,,
,,58,,,0.25725,,,,,6.843,,,,0.08575,,25.2,,,-0.294,,,,,,,,,
,,88,,,0.30000,,,,,6.696,,,,0.04275,,25.2,,,-0.147,,,,,,,,,
,,179,,,0.33900,,,,,6.616,,,,0.03900,,25.2,,,-0.080,,,,,,,,,
,,209,,,0.38900,,,,,6.544,,,,0.05000,,25.2,,,-0.072,,,,-1.95,,,,,
,,239,,,0.43900,,,,,6.470,,,,0.05000,,25.2,,,-0.074,,,,-1.40,,,,,
,,270,,,0.48900,,,,,6.398,,,,0.05000,,25.2,,,-0.072,,,,-1.30,,,,,
,,300,,,0.53900,,,,,6.330,,,,0.05000,,25.2,,,-0.068,,,,-1.34,,,,,
,,330,,,0.58900,,,,,6.262,,,,0.05000,,25.2,,,-0.068,,,,-1.35,,,,,
,,360,,,0.63900,,,,,6.196,,,,0.05000,,25.2,,,-0.066,,,,-1.33,,,,,
,,390,,,0.68900,,,,,6.128,,,,0.05000,,25.2,,,-0.068,,,,-1.34,,,,,
,,421,,,0.73900,,,,,6.060,,,,0.05000,,25.2,,,-0.068,,,,-1.38,,,,,
,,451,,,0.78900,,,,,5.990,,,,0.05000,,25.2,,,-0.070,,,,-1.43,,,,,
,,481,,,0.83900,,,,,5.916,,,,0.05000,,25.2,,,-0.074,,,,-1.52,,,,,
,,511,,,0.88900,,,,,5.836,,,,0.05000,,25.2,,,-0.080,,,,-1.64,,,,,
,,542,,,0.93900,,,,,5.747,,,,0.05000,,25.2,,,-0.089,,,,-1.86,,,,,
,,572,,,0.98900,,,,,5.647,,,,0.05000,,25.2,,,-0.100,,,,-2.18,,,,,
,,602,,,1.03900,,,,,5.530,,,,0.05000,,25.2,,,-0.117,,,,-2.70,,,,,
,,632,,,1.08900,,,,,5.382,,,,0.05000,,25.2,,,-0.148,,,,-3.56,,,,,
,,663,,,1.13100,,,,,5.222,,,,0.04200,,25.2,,,-0.160,,,,-4.68,,,,,
,,693,,,1.15875,,,,,5.089,,,,0.02775,,25.2,,,-0.133,,,,-5.68,,,,,
,,723,,,1.18125,,,,,4.951,,,,0.02250,,25.2,,,-0.138,,,,-6.60,,,,,
,,753,,,1.19850,,,,,4.826,,,,0.01725,,25.2,,,-0.125,,,,-7.35,,,,,
,,784,,,1.21425,,,,,4.695,,,,0.01575,,25.2,,,-0.131,,,,-8.18,,,,,
,,814,,,1.22825,,,,,4.567,,,,0.01400,,25.2,,,-0.128,,,,-8.80,,,,,
,,,,,1.228954 ???,,,,,4.560 ???,,,,,,,,,,,,,,,,,,EQP
,,844,,,1.24200,,,,,4.438,,,,0.01375,,25.2,,,-0.129,,,,-8.51,,,,,
,,874,,,1.25600,,,,,4.317,,,,0.01400,,25.2,,,-0.121,,,,-7.66,,,,,
,,905,,,1.27300,,,,,4.185,,,,0.01700,,25.2,,,-0.132,,,,-6.79,,,,,
,,935,,,1.29250,,,,,4.060,,,,0.01950,,25.2,,,-0.125,,,,-5.92,,,,,
,,965,,,1.31800,,,,,3.929,,,,0.02550,,25.2,,,-0.131,,,,-4.88,,,,,
,,995,,,1.35125,,,,,3.798,,,,0.03325,,25.2,,,-0.131,,,,-3.80,,,,,
,,1026,,,1.39550,,,,,3.662,,,,0.04425,,25.2,,,-0.136,,,,-2.81,,,,,
,,1056,,,1.44550,,,,,3.547,,,,0.05000,,25.1,,,-0.115,,,,-2.11,,,,,
,,1086,,,1.49550,,,,,3.454,,,,0.05000,,25.1,,,-0.093,,,,-1.67,,,,,
,,1116,,,1.54550,,,,,3.378,,,,0.05000,,25.1,,,-0.076,,,,-1.39,,,,,
,,1146,,,1.59550,,,,,3.312,,,,0.05000,,25.1,,,-0.066,,,,-1.20,,,,,
,,1177,,,1.64550,,,,,3.255,,,,0.05000,,25.1,,,-0.057,,,,-1.06,,,,,
,,1207,,,1.69550,,,,,3.204,,,,0.05000,,25.1,,,-0.051,,,,-0.95,,,,,
,,1237,,,1.74550,,,,,3.159,,,,0.05000,,25.1,,,-0.045,,,,-0.86,,,,,
,,1268,,,1.79550,,,,,3.118,,,,0.05000,,25.1,,,-0.041,,,,,,,,,
,,1298,,,1.84550,,,,,3.081,,,,0.05000,,25.1,,,-0.037,,,,,,,,,
,,1328,,,1.89550,,,,,3.046,,,,0.05000,,25.1,,,-0.035,,,,,,,,,
,,1358,,,1.94550,,,,,3.014,,,,0.05000,,25.1,,,-0.032,,,,,,,,,
,,1388,,,1.99550,,,,,2.984,,,,0.05000,,25.1,,,-0.030,,,,,,,,,
Measure (normal) [1],,,,,,,,,,,"Scope 1/1, Sample 17/30",,,,,,,,,,,,,,,,,
Measured Values,,,,,,,,,"Scope 1/1, Sample 17/30",,,,,,,,,,,,,,,,,,,
,,Time,,,,,,,,Meas. value,,,,,,Temp.,,,,,,dE,,,,,,
,,[s],,,,,,,,[pH],,,,,,[°C],,,,,,[pH],,,,,,
,,1,,,,,,,,4.737,,,,,,23.1,,,,,,,,,,,,
,,2,,,,,,,,5.037,,,,,,23.3,,,,,,0.300,,,,,,
,,3,,,,,,,,5.299,,,,,,23.6,,,,,,0.262,,,,,,
,,4,,,,,,,,5.503,,,,,,23.9,,,,,,0.204,,,,,,
,,5,,,,,,,,5.672,,,,,,24.2,,,,,,0.169,,,,,,
,,6,,,,,,,,5.817,,,,,,24.4,,,,,,0.145,,,,,,
,,7,,,,,,,,5.945,,,,,,24.6,,,,,,0.128,,,,,,
,,8,,,,,,,,6.052,,,,,,24.7,,,,,,0.107,,,,,,
,,9,,,,,,,,6.164,,,,,,24.9,,,,,,0.112,,,,,,
,,10,,,,,,,,6.266,,,,,,24.9,,,,,,0.102,,,,,,
,,11,,,,,,,,6.359,,,,,,25.0,,,,,,0.093,,,,,,
,,12,,,,,,,,6.448,,,,,,25.1,,,,,,0.089,,,,,,
,,13,,,,,,,,6.531,,,,,,25.1,,,,,,0.083,,,,,,
,,14,,,,,,,,6.608,,,,,,25.1,,,,,,0.077,,,,,,
,,15,,,,,,,,6.675,,,,,,25.2,,,,,,0.067,,,,,,
,,16,,,,,,,,6.743,,,,,,25.2,,,,,,0.068,,,,,,
,,17,,,,,,,,6.807,,,,,,25.2,,,,,,0.064,,,,,,
,,18,,,,,,,,6.868,,,,,,25.2,,,,,,0.061,,,,,,
,,19,,,,,,,,6.921,,,,,,25.2,,,,,,0.053,,,,,,
,,20,,,,,,,,6.973,,,,,,25.2,,,,,,0.052,,,,,,
,,21,,,,,,,,7.016,,,,,,25.2,,,,,,0.043,,,,,,
,,22,,,,,,,,7.058,,,,,,25.2,,,,,,0.042,,,,,,
,,23,,,,,,,,7.105,,,,,,25.2,,,,,,0.047,,,,,,
,,24,,,,,,,,7.145,,,,,,25.2,,,,,,0.040,,,,,,
,,25,,,,,,,,7.182,,,,,,25.2,,,,,,0.037,,,,,,
,,26,,,,,,,,7.216,,,,,,25.2,,,,,,0.034,,,,,,
,,27,,,,,,,,7.248,,,,,,25.2,,,,,,0.032,,,,,,
,,28,,,,,,,,7.279,,,,,,25.3,,,,,,0.031,,,,,,
,,29,,,,,,,,7.304,,,,,,25.3,,,,,,0.025,,,,,,
,,30,,,,,,,,7.332,,,,,,25.3,,,,,,0.028,,,,,,
,,31,,,,,,,,7.357,,,,,,25.3,,,,,,0.025,,,,,,
,,32,,,,,,,,7.380,,,,,,25.3,,,,,,0.023,,,,,,
,,33,,,,,,,,7.402,,,,,,25.3,,,,,,0.022,,,,,,
,,34,,,,,,,,7.422,,,,,,25.3,,,,,,0.020,,,,,,
,,35,,,,,,,,7.441,,,,,,25.3,,,,,,0.019,,,,,,
,,36,,,,,,,,7.457,,,,,,25.3,,,,,,0.016,,,,,,
,,37,,,,,,,,7.473,,,,,,25.3,,,,,,0.016,,,,,,
,,38,,,,,,,,7.489,,,,,,25.3,,,,,,0.016,,,,,,
,,39,,,,,,,,7.503,,,,,,25.3,,,,,,0.014,,,,,,
,,40,,,,,,,,7.517,,,,,,25.3,,,,,,0.014,,,,,,
,,41,,,,,,,,7.530,,,,,,25.3,,,,,,0.013,,,,,,
,,42,,,,,,,,7.542,,,,,,25.3,,,,,,0.012,,,,,,
,,43,,,,,,,,7.553,,,,,,25.3,,,,,,0.011,,,,,,
,,44,,,,,,,,7.563,,,,,,25.3,,,,,,0.010,,,,,,
,,45,,,,,,,,7.573,,,,,,25.3,,,,,,0.010,,,,,,
,,46,,,,,,,,7.582,,,,,,25.3,,,,,,0.009,,,,,,
,,47,,,,,,,,7.590,,,,,,25.3,,,,,,0.008,,,,,,
,,48,,,,,,,,7.598,,,,,,25.3,,,,,,0.008,,,,,,
,,49,,,,,,,,7.606,,,,,,25.3,,,,,,0.008,,,,,,
,,50,,,,,,,,7.613,,,,,,25.3,,,,,,0.007,,,,,,
,,51,,,,,,,,7.619,,,,,,25.3,,,,,,0.006,,,,,,
,,52,,,,,,,,7.625,,,,,,25.3,,,,,,0.006,,,,,,
,,53,,,,,,,,7.630,,,,,,25.3,,,,,,0.005,,,,,,
,,54,,,,,,,,7.636,,,,,,25.3,,,,,,0.006,,,,,,
,,55,,,,,,,,7.641,,,,,,25.3,,,,,,0.005,,,,,,
,,56,,,,,,,,7.645,,,,,,25.3,,,,,,0.004,,,,,,
,,57,,,,,,,,7.649,,,,,,25.3,,,,,,0.004,,,,,,
,,58,,,,,,,,7.654,,,,,,25.3,,,,,,0.005,,,,,,
,,59,,,,,,,,7.657,,,,,,25.3,,,,,,0.003,,,,,,
,,60,,,,,,,,7.661,,,,,,25.3,,,,,,0.004,,,,,,
Titration (EQP) [1],,,,,,,,,,,"Scope 1/1, Sample 17/30",,,,,,,,,,,,,,,,,
E - V Curve,,,,,,"Scope 1/1, Sample 17/30",,,,,,,,,,,,,,,,,,,,,,
,,E [pH],,,,,,,,,,,,,,,,,,,,,,,,,,
dE/dV - V Curve,,,,,,,,,"Scope 1/1, Sample 17/30",,,,,,,,,,,,,,,,,,,
,dE/dV [pH/mL],,,,,,,,,,,,,,,,,,,,,,,,,,,
Measured Values,,,,,,,,,"Scope 1/1, Sample 17/30",,,,,,,,,,,,,,,,,,,
,,Time,,,V,,,,,Meas. value,,,,dV,,Temp.,,,dE,,,,dE/dV,,,,,EQP
,,[s],,,[mL],,,,,[pH],,,,[mL],,[°C],,,[pH],,,,[pH/mL],,,,,
,,0,,,0.00000,,,,,7.670,,,,,,25.3,,,,,,,,,,,,
,,28,,,0.17150,,,,,7.164,,,,0.17150,,25.2,,,-0.506,,,,,,,,,
,,58,,,0.25725,,,,,6.877,,,,0.08575,,25.2,,,-0.287,,,,,,,,,
,,88,,,0.30000,,,,,6.726,,,,0.04275,,25.2,,,-0.151,,,,,,,,,
,,179,,,0.33650,,,,,6.649,,,,0.03650,,25.2,,,-0.077,,,,,,,,,
,,209,,,0.38650,,,,,6.578,,,,0.05000,,25.2,,,-0.071,,,,-1.94,,,,,
,,239,,,0.43650,,,,,6.506,,,,0.05000,,25.2,,,-0.072,,,,-1.39,,,,,
,,269,,,0.48650,,,,,6.435,,,,0.05000,,25.2,,,-0.071,,,,-1.27,,,,,
,,300,,,0.53650,,,,,6.367,,,,0.05000,,25.2,,,-0.068,,,,-1.32,,,,,
,,330,,,0.58650,,,,,6.301,,,,0.05000,,25.2,,,-0.066,,,,-1.31,,,,,
,,360,,,0.63650,,,,,6.237,,,,0.05000,,25.2,,,-0.064,,,,-1.28,,,,,
,,390,,,0.68650,,,,,6.171,,,,0.05000,,25.2,,,-0.066,,,,-1.27,,,,,
,,421,,,0.73650,,,,,6.109,,,,0.05000,,25.2,,,-0.062,,,,-1.28,,,,,
,,451,,,0.78650,,,,,6.045,,,,0.05000,,25.2,,,-0.064,,,,-1.32,,,,,
,,481,,,0.83650,,,,,5.976,,,,0.05000,,25.2,,,-0.069,,,,-1.38,,,,,
,,511,,,0.88650,,,,,5.905,,,,0.05000,,25.2,,,-0.071,,,,-1.47,,,,,
,,542,,,0.93650,,,,,5.826,,,,0.05000,,25.2,,,-0.079,,,,-1.59,,,,,
,,572,,,0.98650,,,,,5.742,,,,0.05000,,25.2,,,-0.084,,,,-1.78,,,,,
,,602,,,1.03650,,,,,5.647,,,,0.05000,,25.2,,,-0.095,,,,-2.06,,,,,
,,632,,,1.08650,,,,,5.535,,,,0.05000,,25.2,,,-0.112,,,,-2.51,,,,,
,,662,,,1.13650,,,,,5.398,,,,0.05000,,25.1,,,-0.137,,,,-3.23,,,,,
,,693,,,1.18550,,,,,5.224,,,,0.04900,,25.1,,,-0.174,,,,-4.38,,,,,
,,723,,,1.21475,,,,,5.093,,,,0.02925,,25.1,,,-0.131,,,,-5.31,,,,,
,,753,,,1.23900,,,,,4.956,,,,0.02425,,25.1,,,-0.137,,,,-6.20,,,,,
,,784,,,1.25800,,,,,4.826,,,,0.01900,,25.1,,,-0.130,,,,-6.93,,,,,
,,814,,,1.27450,,,,,4.695,,,,0.01650,,25.1,,,-0.131,,,,-7.67,,,,,
,,844,,,1.28900,,,,,4.569,,,,0.01450,,25.1,,,-0.126,,,,-8.30,,,,,
,,,,,1.289905,,,,,4.561,,,,,,,,,,,,,,,,,,EQP
,,874,,,1.30325,,,,,4.445,,,,0.01425,,25.1,,,-0.124,,,,-8.03,,,,,
,,904,,,1.31875,,,,,4.317,,,,0.01550,,25.1,,,-0.128,,,,-7.23,,,,,
,,935,,,1.33625,,,,,4.190,,,,0.01750,,25.1,,,-0.127,,,,-6.44,,,,,
,,965,,,1.35775,,,,,4.059,,,,0.02150,,25.1,,,-0.131,,,,-5.57,,,,,
,,995,,,1.38425,,,,,3.931,,,,0.02650,,25.1,,,-0.128,,,,-4.60,,,,,
,,1026,,,1.41950,,,,,3.798,,,,0.03525,,25.1,,,-0.133,,,,-3.58,,,,,
,,1056,,,1.46600,,,,,3.664,,,,0.04650,,25.1,,,-0.134,,,,-2.65,,,,,
,,1086,,,1.51600,,,,,3.553,,,,0.05000,,25.1,,,-0.111,,,,-2.02,,,,,
,,1116,,,1.56600,,,,,3.463,,,,0.05000,,25.1,,,-0.090,,,,-1.62,,,,,
,,1146,,,1.61600,,,,,3.388,,,,0.05000,,25.1,,,-0.075,,,,-1.36,,,,,
,,1177,,,1.66600,,,,,3.324,,,,0.05000,,25.1,,,-0.064,,,,-1.17,,,,,
,,1207,,,1.71600,,,,,3.269,,,,0.05000,,25.1,,,-0.055,,,,-1.04,,,,,
,,1237,,,1.76600,,,,,3.219,,,,0.05000,,25.1,,,-0.050,,,,-0.93,,,,,
,,1267,,,1.81600,,,,,3.175,,,,0.05000,,25.1,,,-0.044,,,,-0.84,,,,,
,,1298,,,1.86600,,,,,3.134,,,,0.05000,,25.1,,,-0.041,,,,-0.77,,,,,
,,1328,,,1.91600,,,,,3.097,,,,0.05000,,25.1,,,-0.037,,,,,,,,,
,,1358,,,1.96600,,,,,3.063,,,,0.05000,,25.1,,,-0.034,,,,,,,,,
,,1388,,,2.01600,,,,,3.032,,,,0.05000,,25.1,,,-0.031,,,,,,,,,
,,1419,,,2.06600,,,,,3.002,,,,0.05000,,25.1,,,-0.030,,,,,,,,,
,,1449,,,2.11600,,,,,2.974,,,,0.05000,,25.1,,,-0.028,,,,,,,,,
Measure (normal) [1],,,,,,,,,,,"Scope 1/1, Sample 18/30",,,,,,,,,,,,,,,,,
Measured Values,,,,,,,,,"Scope 1/1, Sample 18/30",,,,,,,,,,,,,,,,,,,
,,Time,,,,,,,,Meas. value,,,,,,Temp.,,,,,,dE,,,,,,
,,[s],,,,,,,,[pH],,,,,,[°C],,,,,,[pH],,,,,,
,,1,,,,,,,,4.718,,,,,,23.0,,,,,,,,,,,,
,,2,,,,,,,,5.008,,,,,,23.2,,,,,,0.290,,,,,,
,,3,,,,,,,,5.285,,,,,,23.5,,,,,,0.277,,,,,,
,,4,,,,,,,,5.502,,,,,,23.9,,,,,,0.217,,,,,,
,,5,,,,,,,,5.682,,,,,,24.2,,,,,,0.180,,,,,,
,,6,,,,,,,,5.840,,,,,,24.4,,,,,,0.158,,,,,,
,,7,,,,,,,,5.983,,,,,,24.6,,,,,,0.143,,,,,,
,,8,,,,,,,,6.100,,,,,,24.7,,,,,,0.117,,,,,,
,,9,,,,,,,,6.220,,,,,,24.9,,,,,,0.120,,,,,,
,,10,,,,,,,,6.330,,,,,,24.9,,,,,,0.110,,,,,,
,,11,,,,,,,,6.434,,,,,,25.0,,,,,,0.104,,,,,,
,,12,,,,,,,,6.531,,,,,,25.1,,,,,,0.097,,,,,,
,,13,,,,,,,,6.623,,,,,,25.1,,,,,,0.092,,,,,,
,,14,,,,,,,,6.709,,,,,,25.2,,,,,,0.086,,,,,,
,,15,,,,,,,,6.788,,,,,,25.2,,,,,,0.079,,,,,,
,,16,,,,,,,,6.856,,,,,,25.2,,,,,,0.068,,,,,,
,,17,,,,,,,,6.923,,,,,,25.2,,,,,,0.067,,,,,,
,,18,,,,,,,,6.987,,,,,,25.2,,,,,,0.064,,,,,,
,,19,,,,,,,,7.040,,,,,,25.2,,,,,,0.053,,,,,,
,,20,,,,,,,,7.098,,,,,,25.2,,,,,,0.058,,,,,,
,,21,,,,,,,,7.149,,,,,,25.3,,,,,,0.051,,,,,,
,,22,,,,,,,,7.191,,,,,,25.3,,,,,,0.042,,,,,,
,,23,,,,,,,,7.236,,,,,,25.3,,,,,,0.045,,,,,,
,,24,,,,,,,,7.277,,,,,,25.3,,,,,,0.041,,,,,,
,,25,,,,,,,,7.315,,,,,,25.3,,,,,,0.038,,,,,,
,,26,,,,,,,,7.350,,,,,,25.3,,,,,,0.035,,,,,,
,,27,,,,,,,,7.382,,,,,,25.3,,,,,,0.032,,,,,,
,,28,,,,,,,,7.412,,,,,,25.3,,,,,,0.030,,,,,,
,,29,,,,,,,,7.437,,,,,,25.3,,,,,,0.025,,,,,,
,,30,,,,,,,,7.463,,,,,,25.3,,,,,,0.026,,,,,,
,,31,,,,,,,,7.487,,,,,,25.3,,,,,,0.024,,,,,,
,,32,,,,,,,,7.508,,,,,,25.3,,,,,,0.021,,,,,,
,,33,,,,,,,,7.527,,,,,,25.3,,,,,,0.019,,,,,,
,,34,,,,,,,,7.546,,,,,,25.3,,,,,,0.019,,,,,,
,,35,,,,,,,,7.562,,,,,,25.3,,,,,,0.016,,,,,,
,,36,,,,,,,,7.576,,,,,,25.3,,,,,,0.014,,,,,,
,,37,,,,,,,,7.591,,,,,,25.3,,,,,,0.015,,,,,,
,,38,,,,,,,,7.604,,,,,,25.3,,,,,,0.013,,,,,,
,,39,,,,,,,,7.617,,,,,,25.3,,,,,,0.013,,,,,,
,,40,,,,,,,,7.628,,,,,,25.3,,,,,,0.011,,,,,,
,,41,,,,,,,,7.639,,,,,,25.3,,,,,,0.011,,,,,,
,,42,,,,,,,,7.648,,,,,,25.3,,,,,,0.009,,,,,,
,,43,,,,,,,,7.656,,,,,,25.3,,,,,,0.008,,,,,,
,,44,,,,,,,,7.664,,,,,,25.3,,,,,,0.008,,,,,,
,,45,,,,,,,,7.673,,,,,,25.3,,,,,,0.009,,,,,,
,,46,,,,,,,,7.681,,,,,,25.3,,,,,,0.008,,,,,,
,,47,,,,,,,,7.687,,,,,,25.3,,,,,,0.006,,,,,,
,,48,,,,,,,,7.694,,,,,,25.3,,,,,,0.007,,,,,,
,,49,,,,,,,,7.699,,,,,,25.3,,,,,,0.005,,,,,,
,,50,,,,,,,,7.704,,,,,,25.3,,,,,,0.005,,,,,,
,,51,,,,,,,,7.709,,,,,,25.3,,,,,,0.005,,,,,,
,,52,,,,,,,,7.713,,,,,,25.3,,,,,,0.004,,,,,,
,,53,,,,,,,,7.718,,,,,,25.3,,,,,,0.005,,,,,,
,,54,,,,,,,,7.722,,,,,,25.3,,,,,,0.004,,,,,,
,,55,,,,,,,,7.726,,,,,,25.3,,,,,,0.004,,,,,,
,,56,,,,,,,,7.730,,,,,,25.3,,,,,,0.004,,,,,,
,,57,,,,,,,,7.733,,,,,,25.3,,,,,,0.003,,,,,,
,,58,,,,,,,,7.736,,,,,,25.3,,,,,,0.003,,,,,,
,,59,,,,,,,,7.739,,,,,,25.3,,,,,,0.003,,,,,,
,,60,,,,,,,,7.742,,,,,,25.3,,,,,,0.003,,,,,,
Titration (EQP) [1],,,,,,,,,,,"Scope 1/1, Sample 18/30",,,,,,,,,,,,,,,,,
E - V Curve,,,,,,"Scope 1/1, Sample 18/30",,,,,,,,,,,,,,,,,,,,,,
,,E [pH],,,,,,,,,,,,,,,,,,,,,,,,,,
dE/dV - V Curve,,,,,,,,,"Scope 1/1, Sample 18/30",,,,,,,,,,,,,,,,,,,
,dE/dV [pH/mL],,,,,,,,,,,,,,,,,,,,,,,,,,,
Measured Values,,,,,,,,,"Scope 1/1, Sample 18/30",,,,,,,,,,,,,,,,,,,
,,Time,,,V,,,,,Meas. value,,,,dV,,Temp.,,,dE,,,,dE/dV,,,,,EQP
,,[s],,,[mL],,,,,[pH],,,,[mL],,[°C],,,[pH],,,,[pH/mL],,,,,
,,0,,,0.00000,,,,,7.747,,,,,,25.3,,,,,,,,,,,,
,,28,,,0.17150,,,,,7.194,,,,0.17150,,25.3,,,-0.553,,,,,,,,,
,,58,,,0.25725,,,,,6.904,,,,0.08575,,25.3,,,-0.290,,,,,,,,,
,,88,,,0.30000,,,,,6.759,,,,0.04275,,25.3,,,-0.145,,,,,,,,,
,,180,,,0.33950,,,,,6.679,,,,0.03950,,25.2,,,-0.080,,,,,,,,,
,,210,,,0.38950,,,,,6.606,,,,0.05000,,25.2,,,-0.073,,,,-1.88,,,,,
,,240,,,0.43950,,,,,6.535,,,,0.05000,,25.2,,,-0.071,,,,-1.37,,,,,
,,270,,,0.48950,,,,,6.464,,,,0.05000,,25.2,,,-0.071,,,,-1.25,,,,,
,,301,,,0.53950,,,,,6.398,,,,0.05000,,25.2,,,-0.066,,,,-1.27,,,,,
,,331,,,0.58950,,,,,6.336,,,,0.05000,,25.2,,,-0.062,,,,-1.26,,,,,
,,361,,,0.63950,,,,,6.274,,,,0.05000,,25.2,,,-0.062,,,,-1.23,,,,,
,,391,,,0.68950,,,,,6.213,,,,0.05000,,25.2,,,-0.061,,,,-1.22,,,,,
,,422,,,0.73950,,,,,6.151,,,,0.05000,,25.2,,,-0.062,,,,-1.23,,,,,
,,452,,,0.78950,,,,,6.087,,,,0.05000,,25.2,,,-0.064,,,,-1.26,,,,,
,,482,,,0.83950,,,,,6.025,,,,0.05000,,25.2,,,-0.062,,,,-1.30,,,,,
,,512,,,0.88950,,,,,5.959,,,,0.05000,,25.2,,,-0.066,,,,-1.36,,,,,
,,543,,,0.93950,,,,,5.888,,,,0.05000,,25.2,,,-0.071,,,,-1.44,,,,,
,,573,,,0.98950,,,,,5.811,,,,0.05000,,25.2,,,-0.077,,,,-1.56,,,,,
,,603,,,1.03950,,,,,5.728,,,,0.05000,,25.2,,,-0.083,,,,-1.76,,,,,
,,633,,,1.08950,,,,,5.633,,,,0.05000,,25.2,,,-0.095,,,,-2.05,,,,,
,,664,,,1.13950,,,,,5.522,,,,0.05000,,25.2,,,-0.111,,,,-2.51,,,,,
,,694,,,1.18950,,,,,5.384,,,,0.05000,,25.2,,,-0.138,,,,-3.27,,,,,
,,724,,,1.23800,,,,,5.210,,,,0.04850,,25.2,,,-0.174,,,,-4.43,,,,,
,,754,,,1.26675,,,,,5.079,,,,0.02875,,25.2,,,-0.131,,,,-5.34,,,,,
,,784,,,1.29025,,,,,4.946,,,,0.02350,,25.2,,,-0.133,,,,-6.20,,,,,
,,815,,,1.30950,,,,,4.812,,,,0.01925,,25.2,,,-0.134,,,,-6.93,,,,,
,,845,,,1.32550,,,,,4.685,,,,0.01600,,25.2,,,-0.127,,,,-7.66,,,,,
,,875,,,1.34050,,,,,4.558,,,,0.01500,,25.2,,,-0.127,,,,-8.24,,,,,
,,,,,1.340956,,,,,4.554,,,,,,,,,,,,,,,,,,EQP
,,905,,,1.35525,,,,,4.430,,,,0.01475,,25.2,,,-0.128,,,,-7.94,,,,,
,,936,,,1.37050,,,,,4.306,,,,0.01525,,25.2,,,-0.124,,,,-7.14,,,,,
,,966,,,1.38825,,,,,4.178,,,,0.01775,,25.2,,,-0.128,,,,-6.35,,,,,
,,996,,,1.40925,,,,,4.053,,,,0.02100,,25.2,,,-0.125,,,,-5.52,,,,,
,,1026,,,1.43700,,,,,3.920,,,,0.02775,,25.2,,,-0.133,,,,-4.52,,,,,
,,1057,,,1.47225,,,,,3.789,,,,0.03525,,25.2,,,-0.131,,,,-3.52,,,,,
,,1087,,,1.51900,,,,,3.656,,,,0.04675,,25.2,,,-0.133,,,,-2.60,,,,,
,,1117,,,1.56900,,,,,3.547,,,,0.05000,,25.2,,,-0.109,,,,-1.99,,,,,
,,1147,,,1.61900,,,,,3.459,,,,0.05000,,25.2,,,-0.088,,,,-1.60,,,,,
,,1178,,,1.66900,,,,,3.385,,,,0.05000,,25.2,,,-0.074,,,,-1.34,,,,,
,,1208,,,1.71900,,,,,3.321,,,,0.05000,,25.2,,,-0.064,,,,-1.16,,,,,
,,1238,,,1.76900,,,,,3.266,,,,0.05000,,25.2,,,-0.055,,,,-1.03,,,,,
,,1268,,,1.81900,,,,,3.217,,,,0.05000,,25.2,,,-0.049,,,,-0.93,,,,,
,,1298,,,1.86900,,,,,3.173,,,,0.05000,,25.2,,,-0.044,,,,-0.84,,,,,
,,1329,,,1.91900,,,,,3.132,,,,0.05000,,25.2,,,-0.041,,,,-0.77,,,,,
,,1359,,,1.96900,,,,,3.095,,,,0.05000,,25.2,,,-0.037,,,,,,,,,
,,1389,,,2.01900,,,,,3.062,,,,0.05000,,25.2,,,-0.033,,,,,,,,,
,,1419,,,2.06900,,,,,3.030,,,,0.05000,,25.2,,,-0.032,,,,,,,,,
,,1450,,,2.11900,,,,,3.001,,,,0.05000,,25.2,,,-0.029,,,,,,,,,
,,1480,,,2.16900,,,,,2.973,,,,0.05000,,25.2,,,-0.028,,,,,,,,,
Measure (normal) [1],,,,,,,,,,,"Scope 1/1, Sample 19/30",,,,,,,,,,,,,,,,,
Measured Values,,,,,,,,,"Scope 1/1, Sample 19/30",,,,,,,,,,,,,,,,,,,
,,Time,,,,,,,,Meas. value,,,,,,Temp.,,,,,,dE,,,,,,
,,[s],,,,,,,,[pH],,,,,,[°C],,,,,,[pH],,,,,,
,,1,,,,,,,,4.731,,,,,,22.7,,,,,,,,,,,,
,,2,,,,,,,,5.045,,,,,,23.0,,,,,,0.314,,,,,,
,,3,,,,,,,,5.321,,,,,,23.3,,,,,,0.276,,,,,,
,,4,,,,,,,,5.538,,,,,,23.7,,,,,,0.217,,,,,,
,,5,,,,,,,,5.722,,,,,,24.0,,,,,,0.184,,,,,,
,,6,,,,,,,,5.887,,,,,,24.3,,,,,,0.165,,,,,,
,,7,,,,,,,,6.034,,,,,,24.5,,,,,,0.147,,,,,,
,,8,,,,,,,,6.154,,,,,,24.7,,,,,,0.120,,,,,,
,,9,,,,,,,,6.275,,,,,,24.8,,,,,,0.121,,,,,,
,,10,,,,,,,,6.387,,,,,,24.9,,,,,,0.112,,,,,,
,,11,,,,,,,,6.491,,,,,,25.0,,,,,,0.104,,,,,,
,,12,,,,,,,,6.592,,,,,,25.0,,,,,,0.101,,,,,,
,,13,,,,,,,,6.684,,,,,,25.1,,,,,,0.092,,,,,,
,,14,,,,,,,,6.771,,,,,,25.1,,,,,,0.087,,,,,,
,,15,,,,,,,,6.847,,,,,,25.1,,,,,,0.076,,,,,,
,,16,,,,,,,,6.922,,,,,,25.2,,,,,,0.075,,,,,,
,,17,,,,,,,,6.991,,,,,,25.2,,,,,,0.069,,,,,,
,,18,,,,,,,,7.049,,,,,,25.2,,,,,,0.058,,,,,,
,,19,,,,,,,,7.113,,,,,,25.2,,,,,,0.064,,,,,,
,,20,,,,,,,,7.167,,,,,,25.2,,,,,,0.054,,,,,,
,,21,,,,,,,,7.216,,,,,,25.2,,,,,,0.049,,,,,,
,,22,,,,,,,,7.257,,,,,,25.2,,,,,,0.041,,,,,,
,,23,,,,,,,,7.301,,,,,,25.2,,,,,,0.044,,,,,,
,,24,,,,,,,,7.341,,,,,,25.2,,,,,,0.040,,,,,,
,,25,,,,,,,,7.378,,,,,,25.2,,,,,,0.037,,,,,,
,,26,,,,,,,,7.413,,,,,,25.2,,,,,,0.035,,,,,,
,,27,,,,,,,,7.445,,,,,,25.2,,,,,,0.032,,,,,,
,,28,,,,,,,,7.472,,,,,,25.2,,,,,,0.027,,,,,,
,,29,,,,,,,,7.496,,,,,,25.2,,,,,,0.024,,,,,,
,,30,,,,,,,,7.521,,,,,,25.2,,,,,,0.025,,,,,,
,,31,,,,,,,,7.543,,,,,,25.2,,,,,,0.022,,,,,,
,,32,,,,,,,,7.564,,,,,,25.2,,,,,,0.021,,,,,,
,,33,,,,,,,,7.584,,,,,,25.2,,,,,,0.020,,,,,,
,,34,,,,,,,,7.603,,,,,,25.2,,,,,,0.019,,,,,,
,,35,,,,,,,,7.620,,,,,,25.2,,,,,,0.017,,,,,,
,,36,,,,,,,,7.635,,,,,,25.2,,,,,,0.015,,,,,,
,,37,,,,,,,,7.649,,,,,,25.2,,,,,,0.014,,,,,,
,,38,,,,,,,,7.661,,,,,,25.2,,,,,,0.012,,,,,,
,,39,,,,,,,,7.673,,,,,,25.2,,,,,,0.012,,,,,,
,,40,,,,,,,,7.684,,,,,,25.2,,,,,,0.011,,,,,,
,,41,,,,,,,,7.695,,,,,,25.2,,,,,,0.011,,,,,,
,,42,,,,,,,,7.704,,,,,,25.2,,,,,,0.009,,,,,,
,,43,,,,,,,,7.712,,,,,,25.2,,,,,,0.008,,,,,,
,,44,,,,,,,,7.721,,,,,,25.2,,,,,,0.009,,,,,,
,,45,,,,,,,,7.728,,,,,,25.2,,,,,,0.007,,,,,,
,,46,,,,,,,,7.735,,,,,,25.2,,,,,,0.007,,,,,,
,,47,,,,,,,,7.741,,,,,,25.2,,,,,,0.006,,,,,,
,,48,,,,,,,,7.747,,,,,,25.2,,,,,,0.006,,,,,,
,,49,,,,,,,,7.752,,,,,,25.2,,,,,,0.005,,,,,,
,,50,,,,,,,,7.757,,,,,,25.2,,,,,,0.005,,,,,,
,,51,,,,,,,,7.761,,,,,,25.2,,,,,,0.004,,,,,,
,,52,,,,,,,,7.766,,,,,,25.2,,,,,,0.005,,,,,,
,,53,,,,,,,,7.769,,,,,,25.2,,,,,,0.003,,,,,,
,,54,,,,,,,,7.773,,,,,,25.2,,,,,,0.004,,,,,,
,,55,,,,,,,,7.777,,,,,,25.2,,,,,,0.004,,,,,,
,,56,,,,,,,,7.780,,,,,,25.2,,,,,,0.003,,,,,,
,,57,,,,,,,,7.783,,,,,,25.2,,,,,,0.003,,,,,,
,,58,,,,,,,,7.786,,,,,,25.2,,,,,,0.003,,,,,,
,,59,,,,,,,,7.788,,,,,,25.2,,,,,,0.002,,,,,,
,,60,,,,,,,,7.791,,,,,,25.2,,,,,,0.003,,,,,,
Titration (EQP) [1],,,,,,,,,,,"Scope 1/1, Sample 19/30",,,,,,,,,,,,,,,,,
E - V Curve,,,,,,"Scope 1/1, Sample 19/30",,,,,,,,,,,,,,,,,,,,,,
,,E [pH],,,,,,,,,,,,,,,,,,,,,,,,,,
dE/dV - V Curve,,,,,,,,,"Scope 1/1, Sample 19/30",,,,,,,,,,,,,,,,,,,
,dE/dV [pH/mL],,,,,,,,,,,,,,,,,,,,,,,,,,,
Measured Values,,,,,,,,,"Scope 1/1, Sample 19/30",,,,,,,,,,,,,,,,,,,
,,Time,,,V,,,,,Meas. value,,,,dV,,Temp.,,,dE,,,,dE/dV,,,,,EQP
,,[s],,,[mL],,,,,[pH],,,,[mL],,[°C],,,[pH],,,,[pH/mL],,,,,
,,0,,,0.00000,,,,,7.796,,,,,,25.2,,,,,,,,,,,,
,,28,,,0.17150,,,,,7.214,,,,0.17150,,25.2,,,-0.582,,,,,,,,,
,,58,,,0.25725,,,,,6.907,,,,0.08575,,25.2,,,-0.307,,,,,,,,,
,,88,,,0.30000,,,,,6.754,,,,0.04275,,25.2,,,-0.153,,,,,,,,,
,,179,,,0.33800,,,,,6.668,,,,0.03800,,25.2,,,-0.086,,,,,,,,,
,,209,,,0.38800,,,,,6.595,,,,0.05000,,25.2,,,-0.073,,,,-1.98,,,,,
,,239,,,0.43800,,,,,6.521,,,,0.05000,,25.2,,,-0.074,,,,-1.41,,,,,
,,269,,,0.48800,,,,,6.449,,,,0.05000,,25.2,,,-0.072,,,,-1.29,,,,,
,,300,,,0.53800,,,,,6.382,,,,0.05000,,25.2,,,-0.067,,,,-1.32,,,,,
,,330,,,0.58800,,,,,6.314,,,,0.05000,,25.2,,,-0.068,,,,-1.31,,,,,
,,360,,,0.63800,,,,,6.250,,,,0.05000,,25.2,,,-0.064,,,,-1.29,,,,,
,,390,,,0.68800,,,,,6.186,,,,0.05000,,25.2,,,-0.064,,,,-1.29,,,,,
,,421,,,0.73800,,,,,6.121,,,,0.05000,,25.2,,,-0.065,,,,-1.30,,,,,
,,451,,,0.78800,,,,,6.055,,,,0.05000,,25.2,,,-0.066,,,,-1.34,,,,,
,,481,,,0.83800,,,,,5.985,,,,0.05000,,25.2,,,-0.070,,,,-1.39,,,,,
,,511,,,0.88800,,,,,5.914,,,,0.05000,,25.2,,,-0.071,,,,-1.48,,,,,
,,542,,,0.93800,,,,,5.837,,,,0.05000,,25.2,,,-0.077,,,,-1.60,,,,,
,,572,,,0.98800,,,,,5.751,,,,0.05000,,25.2,,,-0.086,,,,-1.80,,,,,
,,602,,,1.03800,,,,,5.654,,,,0.05000,,25.2,,,-0.097,,,,-2.10,,,,,
,,632,,,1.08800,,,,,5.539,,,,0.05000,,25.2,,,-0.115,,,,-2.59,,,,,
,,663,,,1.13800,,,,,5.398,,,,0.05000,,25.2,,,-0.141,,,,-3.37,,,,,
,,693,,,1.18400,,,,,5.230,,,,0.04600,,25.2,,,-0.168,,,,-4.52,,,,,
,,723,,,1.21250,,,,,5.098,,,,0.02850,,25.2,,,-0.132,,,,-5.49,,,,,
,,753,,,1.23550,,,,,4.965,,,,0.02300,,25.2,,,-0.133,,,,-6.39,,,,,
,,784,,,1.25425,,,,,4.833,,,,0.01875,,25.2,,,-0.132,,,,-7.17,,,,,
,,814,,,1.27025,,,,,4.700,,,,0.01600,,25.2,,,-0.133,,,,-7.96,,,,,
,,844,,,1.28400,,,,,4.578,,,,0.01375,,25.2,,,-0.122,,,,-8.62,,,,,
,,,,,1.285706 ???,,,,,4.562 ???,,,,,,,,,,,,,,,,,,EQP
,,874,,,1.29825,,,,,4.446,,,,0.01425,,25.2,,,-0.132,,,,-8.39,,,,,
,,904,,,1.31250,,,,,4.325,,,,0.01425,,25.2,,,-0.121,,,,-7.58,,,,,
,,935,,,1.33000,,,,,4.192,,,,0.01750,,25.2,,,-0.133,,,,-6.72,,,,,
,,965,,,1.34975,,,,,4.066,,,,0.01975,,25.2,,,-0.126,,,,-5.86,,,,,
,,995,,,1.37525,,,,,3.935,,,,0.02550,,25.2,,,-0.131,,,,-4.85,,,,,
,,1025,,,1.40800,,,,,3.804,,,,0.03275,,25.2,,,-0.131,,,,-3.81,,,,,
,,1056,,,1.45200,,,,,3.670,,,,0.04400,,25.2,,,-0.134,,,,-2.83,,,,,
,,1086,,,1.50200,,,,,3.553,,,,0.05000,,25.2,,,-0.117,,,,-2.12,,,,,
,,1116,,,1.55200,,,,,3.460,,,,0.05000,,25.2,,,-0.093,,,,-1.68,,,,,
,,1146,,,1.60200,,,,,3.383,,,,0.05000,,25.2,,,-0.077,,,,-1.40,,,,,
,,1177,,,1.65200,,,,,3.317,,,,0.05000,,25.2,,,-0.066,,,,-1.20,,,,,
,,1207,,,1.70200,,,,,3.260,,,,0.05000,,25.2,,,-0.057,,,,-1.06,,,,,
,,1237,,,1.75200,,,,,3.209,,,,0.05000,,25.2,,,-0.051,,,,-0.95,,,,,
,,1267,,,1.80200,,,,,3.164,,,,0.05000,,25.2,,,-0.045,,,,-0.86,,,,,
,,1298,,,1.85200,,,,,3.123,,,,0.05000,,25.2,,,-0.041,,,,,,,,,
,,1328,,,1.90200,,,,,3.085,,,,0.05000,,25.2,,,-0.038,,,,,,,,,
,,1358,,,1.95200,,,,,3.051,,,,0.05000,,25.2,,,-0.034,,,,,,,,,
,,1388,,,2.00200,,,,,3.018,,,,0.05000,,25.1,,,-0.033,,,,,,,,,
,,1419,,,2.05200,,,,,2.989,,,,0.05000,,25.1,,,-0.029,,,,,,,,,
Measure (normal) [1],,,,,,,,,,,"Scope 1/1, Sample 20/30",,,,,,,,,,,,,,,,,
Measured Values,,,,,,,,,"Scope 1/1, Sample 20/30",,,,,,,,,,,,,,,,,,,
,,Time,,,,,,,,Meas. value,,,,,,Temp.,,,,,,dE,,,,,,
,,[s],,,,,,,,[pH],,,,,,[°C],,,,,,[pH],,,,,,
,,1,,,,,,,,4.727,,,,,,22.9,,,,,,,,,,,,
,,2,,,,,,,,5.030,,,,,,23.1,,,,,,0.303,,,,,,
,,3,,,,,,,,5.329,,,,,,23.5,,,,,,0.299,,,,,,
,,4,,,,,,,,5.565,,,,,,23.8,,,,,,0.236,,,,,,
,,5,,,,,,,,5.766,,,,,,24.1,,,,,,0.201,,,,,,
,,6,,,,,,,,5.942,,,,,,24.4,,,,,,0.176,,,,,,
,,7,,,,,,,,6.109,,,,,,24.6,,,,,,0.167,,,,,,
,,8,,,,,,,,6.248,,,,,,24.7,,,,,,0.139,,,,,,
,,9,,,,,,,,6.393,,,,,,24.9,,,,,,0.145,,,,,,
,,10,,,,,,,,6.526,,,,,,24.9,,,,,,0.133,,,,,,
,,11,,,,,,,,6.650,,,,,,25.0,,,,,,0.124,,,,,,
,,12,,,,,,,,6.765,,,,,,25.1,,,,,,0.115,,,,,,
,,13,,,,,,,,6.873,,,,,,25.1,,,,,,0.108,,,,,,
,,14,,,,,,,,6.966,,,,,,25.2,,,,,,0.093,,,,,,
,,15,,,,,,,,7.043,,,,,,25.2,,,,,,0.077,,,,,,
,,16,,,,,,,,7.128,,,,,,25.2,,,,,,0.085,,,,,,
,,17,,,,,,,,7.201,,,,,,25.2,,,,,,0.073,,,,,,
,,18,,,,,,,,7.268,,,,,,25.2,,,,,,0.067,,,,,,
,,19,,,,,,,,7.330,,,,,,25.3,,,,,,0.062,,,,,,
,,20,,,,,,,,7.387,,,,,,25.3,,,,,,0.057,,,,,,
,,21,,,,,,,,7.436,,,,,,25.3,,,,,,0.049,,,,,,
,,22,,,,,,,,7.476,,,,,,25.3,,,,,,0.040,,,,,,
,,23,,,,,,,,7.516,,,,,,25.3,,,,,,0.040,,,,,,
,,24,,,,,,,,7.556,,,,,,25.3,,,,,,0.040,,,,,,
,,25,,,,,,,,7.590,,,,,,25.3,,,,,,0.034,,,,,,
,,26,,,,,,,,7.622,,,,,,25.3,,,,,,0.032,,,,,,
,,27,,,,,,,,7.649,,,,,,25.3,,,,,,0.027,,,,,,
,,28,,,,,,,,7.675,,,,,,25.3,,,,,,0.026,,,,,,
,,29,,,,,,,,7.696,,,,,,25.3,,,,,,0.021,,,,,,
,,30,,,,,,,,7.718,,,,,,25.3,,,,,,0.022,,,,,,
,,31,,,,,,,,7.738,,,,,,25.3,,,,,,0.020,,,,,,
,,32,,,,,,,,7.757,,,,,,25.3,,,,,,0.019,,,,,,
,,33,,,,,,,,7.772,,,,,,25.3,,,,,,0.015,,,,,,
,,34,,,,,,,,7.787,,,,,,25.3,,,,,,0.015,,,,,,
,,35,,,,,,,,7.800,,,,,,25.3,,,,,,0.013,,,,,,
,,36,,,,,,,,7.811,,,,,,25.3,,,,,,0.011,,,,,,
,,37,,,,,,,,7.821,,,,,,25.3,,,,,,0.010,,,,,,
,,38,,,,,,,,7.832,,,,,,25.3,,,,,,0.011,,,,,,
,,39,,,,,,,,7.841,,,,,,25.3,,,,,,0.009,,,,,,
,,40,,,,,,,,7.849,,,,,,25.3,,,,,,0.008,,,,,,
,,41,,,,,,,,7.856,,,,,,25.3,,,,,,0.007,,,,,,
,,42,,,,,,,,7.863,,,,,,25.3,,,,,,0.007,,,,,,
,,43,,,,,,,,7.869,,,,,,25.3,,,,,,0.006,,,,,,
,,44,,,,,,,,7.875,,,,,,25.3,,,,,,0.006,,,,,,
,,45,,,,,,,,7.880,,,,,,25.3,,,,,,0.005,,,,,,
,,46,,,,,,,,7.885,,,,,,25.3,,,,,,0.005,,,,,,
,,47,,,,,,,,7.889,,,,,,25.3,,,,,,0.004,,,,,,
,,48,,,,,,,,7.893,,,,,,25.3,,,,,,0.004,,,,,,
,,49,,,,,,,,7.897,,,,,,25.3,,,,,,0.004,,,,,,
,,50,,,,,,,,7.900,,,,,,25.3,,,,,,0.003,,,,,,
,,51,,,,,,,,7.903,,,,,,25.3,,,,,,0.003,,,,,,
,,52,,,,,,,,7.906,,,,,,25.3,,,,,,0.003,,,,,,
,,53,,,,,,,,7.909,,,,,,25.3,,,,,,0.003,,,,,,
,,54,,,,,,,,7.912,,,,,,25.3,,,,,,0.003,,,,,,
,,55,,,,,,,,7.914,,,,,,25.3,,,,,,0.002,,,,,,
,,56,,,,,,,,7.916,,,,,,25.3,,,,,,0.002,,,,,,
,,57,,,,,,,,7.918,,,,,,25.3,,,,,,0.002,,,,,,
,,58,,,,,,,,7.920,,,,,,25.3,,,,,,0.002,,,,,,
,,59,,,,,,,,7.921,,,,,,25.3,,,,,,0.001,,,,,,
,,60,,,,,,,,7.922,,,,,,25.3,,,,,,0.001,,,,,,
Titration (EQP) [1],,,,,,,,,,,"Scope 1/1, Sample 20/30",,,,,,,,,,,,,,,,,
E - V Curve,,,,,,"Scope 1/1, Sample 20/30",,,,,,,,,,,,,,,,,,,,,,
,,E [pH],,,,,,,,,,,,,,,,,,,,,,,,,,
dE/dV - V Curve,,,,,,,,,"Scope 1/1, Sample 20/30",,,,,,,,,,,,,,,,,,,
,dE/dV [pH/mL],,,,,,,,,,,,,,,,,,,,,,,,,,,
Measured Values,,,,,,,,,"Scope 1/1, Sample 20/30",,,,,,,,,,,,,,,,,,,
,,Time,,,V,,,,,Meas. value,,,,dV,,Temp.,,,dE,,,,dE/dV,,,,,EQP
,,[s],,,[mL],,,,,[pH],,,,[mL],,[°C],,,[pH],,,,[pH/mL],,,,,
,,0,,,0.00000,,,,,7.926,,,,,,25.3,,,,,,,,,,,,
,,30,,,0.17150,,,,,7.244,,,,0.17150,,25.3,,,-0.682,,,,,,,,,
,,60,,,0.25725,,,,,6.939,,,,0.08575,,25.3,,,-0.305,,,,,,,,,
,,91,,,0.30000,,,,,6.788,,,,0.04275,,25.3,,,-0.151,,,,,,,,,
,,182,,,0.33800,,,,,6.699,,,,0.03800,,25.3,,,-0.089,,,,,,,,,
,,212,,,0.38800,,,,,6.623,,,,0.05000,,25.3,,,-0.076,,,,-1.96,,,,,
,,242,,,0.43800,,,,,6.546,,,,0.05000,,25.3,,,-0.077,,,,-1.46,,,,,
,,272,,,0.48800,,,,,6.472,,,,0.05000,,25.3,,,-0.074,,,,-1.32,,,,,
,,303,,,0.53800,,,,,6.404,,,,0.05000,,25.3,,,-0.068,,,,-1.33,,,,,
,,333,,,0.58800,,,,,6.336,,,,0.05000,,25.3,,,-0.068,,,,-1.32,,,,,
,,363,,,0.63800,,,,,6.272,,,,0.05000,,25.3,,,-0.064,,,,-1.28,,,,,
,,393,,,0.68800,,,,,6.208,,,,0.05000,,25.3,,,-0.064,,,,-1.28,,,,,
,,424,,,0.73800,,,,,6.144,,,,0.05000,,25.3,,,-0.064,,,,-1.29,,,,,
,,454,,,0.78800,,,,,6.078,,,,0.05000,,25.3,,,-0.066,,,,-1.32,,,,,
,,484,,,0.83800,,,,,6.011,,,,0.05000,,25.3,,,-0.067,,,,-1.37,,,,,
,,514,,,0.88800,,,,,5.940,,,,0.05000,,25.3,,,-0.071,,,,-1.45,,,,,
,,545,,,0.93800,,,,,5.866,,,,0.05000,,25.3,,,-0.074,,,,-1.55,,,,,
,,575,,,0.98800,,,,,5.781,,,,0.05000,,25.3,,,-0.085,,,,-1.71,,,,,
,,605,,,1.03800,,,,,5.690,,,,0.05000,,25.3,,,-0.091,,,,-1.97,,,,,
,,635,,,1.08800,,,,,5.584,,,,0.05000,,25.3,,,-0.106,,,,-2.36,,,,,
,,666,,,1.13800,,,,,5.456,,,,0.05000,,25.3,,,-0.128,,,,-3.00,,,,,
,,696,,,1.18800,,,,,5.290,,,,0.05000,,25.3,,,-0.166,,,,-4.04,,,,,
,,726,,,1.22150,,,,,5.151,,,,0.03350,,25.3,,,-0.139,,,,-5.06,,,,,
,,756,,,1.24750,,,,,5.013,,,,0.02600,,25.3,,,-0.138,,,,-6.02,,,,,
,,786,,,1.26725,,,,,4.883,,,,0.01975,,25.3,,,-0.130,,,,-6.81,,,,,
,,817,,,1.28400,,,,,4.754,,,,0.01675,,25.3,,,-0.129,,,,-7.55,,,,,
,,847,,,1.29900,,,,,4.625,,,,0.01500,,25.3,,,-0.129,,,,-8.37,,,,,
,,,,,1.309022 ???,,,,,4.536 ???,,,,,,,,,,,,,,,,,,EQP
,,877,,,1.31300,,,,,4.500,,,,0.01400,,25.3,,,-0.125,,,,-8.52,,,,,
,,908,,,1.32750,,,,,4.371,,,,0.01450,,25.3,,,-0.129,,,,-7.87,,,,,
,,938,,,1.34300,,,,,4.248,,,,0.01550,,25.3,,,-0.123,,,,-7.02,,,,,
,,968,,,1.36200,,,,,4.116,,,,0.01900,,25.3,,,-0.132,,,,-6.18,,,,,
,,998,,,1.38450,,,,,3.990,,,,0.02250,,25.3,,,-0.126,,,,-5.26,,,,,
,,1028,,,1.41450,,,,,3.859,,,,0.03000,,25.3,,,-0.131,,,,-4.21,,,,,
,,1059,,,1.45375,,,,,3.725,,,,0.03925,,25.3,,,-0.134,,,,-3.20,,,,,
,,1089,,,1.50375,,,,,3.596,,,,0.05000,,25.3,,,-0.129,,,,-2.34,,,,,
,,1119,,,1.55375,,,,,3.495,,,,0.05000,,25.3,,,-0.101,,,,-1.82,,,,,
,,1149,,,1.60375,,,,,3.413,,,,0.05000,,25.3,,,-0.082,,,,-1.49,,,,,
,,1180,,,1.65375,,,,,3.344,,,,0.05000,,25.3,,,-0.069,,,,-1.26,,,,,
,,1210,,,1.70375,,,,,3.284,,,,0.05000,,25.3,,,-0.060,,,,-1.11,,,,,
,,1240,,,1.75375,,,,,3.231,,,,0.05000,,25.3,,,-0.053,,,,-0.99,,,,,
,,1270,,,1.80375,,,,,3.183,,,,0.05000,,25.3,,,-0.048,,,,-0.89,,,,,
,,1301,,,1.85375,,,,,3.141,,,,0.05000,,25.3,,,-0.042,,,,-0.81,,,,,
,,1331,,,1.90375,,,,,3.102,,,,0.05000,,25.3,,,-0.039,,,,,,,,,
,,1361,,,1.95375,,,,,3.067,,,,0.05000,,25.3,,,-0.035,,,,,,,,,
,,1391,,,2.00375,,,,,3.034,,,,0.05000,,25.3,,,-0.033,,,,,,,,,
,,1422,,,2.05375,,,,,3.003,,,,0.05000,,25.3,,,-0.031,,,,,,,,,
,,1452,,,2.10375,,,,,2.974,,,,0.05000,,25.3,,,-0.029,,,,,,,,,
Measure (normal) [1],,,,,,,,,,,"Scope 1/1, Sample 21/30",,,,,,,,,,,,,,,,,
Measured Values,,,,,,,,,"Scope 1/1, Sample 21/30",,,,,,,,,,,,,,,,,,,
,,Time,,,,,,,,Meas. value,,,,,,Temp.,,,,,,dE,,,,,,
,,[s],,,,,,,,[pH],,,,,,[°C],,,,,,[pH],,,,,,
,,1,,,,,,,,4.736,,,,,,23.2,,,,,,,,,,,,
,,2,,,,,,,,5.028,,,,,,23.4,,,,,,0.292,,,,,,
,,3,,,,,,,,5.302,,,,,,23.7,,,,,,0.274,,,,,,
,,4,,,,,,,,5.532,,,,,,24.0,,,,,,0.230,,,,,,
,,5,,,,,,,,5.733,,,,,,24.2,,,,,,0.201,,,,,,
,,6,,,,,,,,5.912,,,,,,24.5,,,,,,0.179,,,,,,
,,7,,,,,,,,6.073,,,,,,24.7,,,,,,0.161,,,,,,
,,8,,,,,,,,6.224,,,,,,24.8,,,,,,0.151,,,,,,
,,9,,,,,,,,6.351,,,,,,24.9,,,,,,0.127,,,,,,
,,10,,,,,,,,6.482,,,,,,25.0,,,,,,0.131,,,,,,
,,11,,,,,,,,6.602,,,,,,25.1,,,,,,0.120,,,,,,
,,12,,,,,,,,6.714,,,,,,25.2,,,,,,0.112,,,,,,
,,13,,,,,,,,6.817,,,,,,25.2,,,,,,0.103,,,,,,
,,14,,,,,,,,6.912,,,,,,25.2,,,,,,0.095,,,,,,
,,15,,,,,,,,6.994,,,,,,25.3,,,,,,0.082,,,,,,
,,16,,,,,,,,7.062,,,,,,25.3,,,,,,0.068,,,,,,
,,17,,,,,,,,7.141,,,,,,25.3,,,,,,0.079,,,,,,
,,18,,,,,,,,7.209,,,,,,25.3,,,,,,0.068,,,,,,
,,19,,,,,,,,7.271,,,,,,25.3,,,,,,0.062,,,,,,
,,20,,,,,,,,7.329,,,,,,25.3,,,,,,0.058,,,,,,
,,21,,,,,,,,7.382,,,,,,25.3,,,,,,0.053,,,,,,
,,22,,,,,,,,7.425,,,,,,25.3,,,,,,0.043,,,,,,
,,23,,,,,,,,7.468,,,,,,25.4,,,,,,0.043,,,,,,
,,24,,,,,,,,7.509,,,,,,25.4,,,,,,0.041,,,,,,
,,25,,,,,,,,7.545,,,,,,25.4,,,,,,0.036,,,,,,
,,26,,,,,,,,7.579,,,,,,25.4,,,,,,0.034,,,,,,
,,27,,,,,,,,7.609,,,,,,25.4,,,,,,0.030,,,,,,
,,28,,,,,,,,7.638,,,,,,25.4,,,,,,0.029,,,,,,
,,29,,,,,,,,7.660,,,,,,25.4,,,,,,0.022,,,,,,
,,30,,,,,,,,7.685,,,,,,25.4,,,,,,0.025,,,,,,
,,31,,,,,,,,7.707,,,,,,25.4,,,,,,0.022,,,,,,
,,32,,,,,,,,7.728,,,,,,25.4,,,,,,0.021,,,,,,
,,33,,,,,,,,7.746,,,,,,25.4,,,,,,0.018,,,,,,
,,34,,,,,,,,7.763,,,,,,25.4,,,,,,0.017,,,,,,
,,35,,,,,,,,7.778,,,,,,25.4,,,,,,0.015,,,,,,
,,36,,,,,,,,7.791,,,,,,25.4,,,,,,0.013,,,,,,
,,37,,,,,,,,7.804,,,,,,25.4,,,,,,0.013,,,,,,
,,38,,,,,,,,7.817,,,,,,25.4,,,,,,0.013,,,,,,
,,39,,,,,,,,7.827,,,,,,25.4,,,,,,0.010,,,,,,
,,40,,,,,,,,7.837,,,,,,25.4,,,,,,0.010,,,,,,
,,41,,,,,,,,7.846,,,,,,25.4,,,,,,0.009,,,,,,
,,42,,,,,,,,7.855,,,,,,25.4,,,,,,0.009,,,,,,
,,43,,,,,,,,7.862,,,,,,25.4,,,,,,0.007,,,,,,
,,44,,,,,,,,7.869,,,,,,25.4,,,,,,0.007,,,,,,
,,45,,,,,,,,7.876,,,,,,25.4,,,,,,0.007,,,,,,
,,46,,,,,,,,7.882,,,,,,25.4,,,,,,0.006,,,,,,
,,47,,,,,,,,7.887,,,,,,25.4,,,,,,0.005,,,,,,
,,48,,,,,,,,7.892,,,,,,25.4,,,,,,0.005,,,,,,
,,49,,,,,,,,7.896,,,,,,25.4,,,,,,0.004,,,,,,
,,50,,,,,,,,7.900,,,,,,25.4,,,,,,0.004,,,,,,
,,51,,,,,,,,7.905,,,,,,25.4,,,,,,0.005,,,,,,
,,52,,,,,,,,7.908,,,,,,25.4,,,,,,0.003,,,,,,
,,53,,,,,,,,7.911,,,,,,25.4,,,,,,0.003,,,,,,
,,54,,,,,,,,7.915,,,,,,25.4,,,,,,0.004,,,,,,
,,55,,,,,,,,7.917,,,,,,25.4,,,,,,0.002,,,,,,
,,56,,,,,,,,7.920,,,,,,25.4,,,,,,0.003,,,,,,
,,57,,,,,,,,7.922,,,,,,25.4,,,,,,0.002,,,,,,
,,58,,,,,,,,7.924,,,,,,25.4,,,,,,0.002,,,,,,
,,59,,,,,,,,7.927,,,,,,25.4,,,,,,0.003,,,,,,
,,60,,,,,,,,7.929,,,,,,25.4,,,,,,0.002,,,,,,
Titration (EQP) [1],,,,,,,,,,,"Scope 1/1, Sample 21/30",,,,,,,,,,,,,,,,,
E - V Curve,,,,,,"Scope 1/1, Sample 21/30",,,,,,,,,,,,,,,,,,,,,,
,,E [pH],,,,,,,,,,,,,,,,,,,,,,,,,,
dE/dV - V Curve,,,,,,,,,"Scope 1/1, Sample 21/30",,,,,,,,,,,,,,,,,,,
,dE/dV [pH/mL],,,,,,,,,,,,,,,,,,,,,,,,,,,
Measured Values,,,,,,,,,"Scope 1/1, Sample 21/30",,,,,,,,,,,,,,,,,,,
,,Time,,,V,,,,,Meas. value,,,,dV,,Temp.,,,dE,,,,dE/dV,,,,,EQP
,,[s],,,[mL],,,,,[pH],,,,[mL],,[°C],,,[pH],,,,[pH/mL],,,,,
,,0,,,0.00000,,,,,7.933,,,,,,25.4,,,,,,,,,,,,
,,30,,,0.17150,,,,,7.276,,,,0.17150,,25.4,,,-0.657,,,,,,,,,
,,60,,,0.25725,,,,,6.965,,,,0.08575,,25.3,,,-0.311,,,,,,,,,
,,90,,,0.30000,,,,,6.809,,,,0.04275,,25.3,,,-0.156,,,,,,,,,
,,181,,,0.33700,,,,,6.710,,,,0.03700,,25.4,,,-0.099,,,,,,,,,
,,211,,,0.38700,,,,,6.636,,,,0.05000,,25.3,,,-0.074,,,,-2.04,,,,,
,,241,,,0.43700,,,,,6.559,,,,0.05000,,25.3,,,-0.077,,,,-1.49,,,,,
,,271,,,0.48700,,,,,6.485,,,,0.05000,,25.3,,,-0.074,,,,-1.31,,,,,
,,302,,,0.53700,,,,,6.416,,,,0.05000,,25.3,,,-0.069,,,,-1.33,,,,,
,,332,,,0.58700,,,,,6.349,,,,0.05000,,25.3,,,-0.067,,,,-1.32,,,,,
,,362,,,0.63700,,,,,6.284,,,,0.05000,,25.3,,,-0.065,,,,-1.28,,,,,
,,392,,,0.68700,,,,,6.220,,,,0.05000,,25.3,,,-0.064,,,,-1.27,,,,,
,,423,,,0.73700,,,,,6.157,,,,0.05000,,25.3,,,-0.063,,,,-1.27,,,,,
,,453,,,0.78700,,,,,6.093,,,,0.05000,,25.3,,,-0.064,,,,-1.30,,,,,
,,483,,,0.83700,,,,,6.027,,,,0.05000,,25.3,,,-0.066,,,,-1.34,,,,,
,,513,,,0.88700,,,,,5.957,,,,0.05000,,25.3,,,-0.070,,,,-1.41,,,,,
,,544,,,0.93700,,,,,5.884,,,,0.05000,,25.3,,,-0.073,,,,-1.50,,,,,
,,574,,,0.98700,,,,,5.805,,,,0.05000,,25.3,,,-0.079,,,,-1.63,,,,,
,,604,,,1.03700,,,,,5.717,,,,0.05000,,25.3,,,-0.088,,,,-1.84,,,,,
,,634,,,1.08700,,,,,5.619,,,,0.05000,,25.3,,,-0.098,,,,-2.15,,,,,
,,664,,,1.13700,,,,,5.502,,,,0.05000,,25.3,,,-0.117,,,,-2.67,,,,,
,,695,,,1.18700,,,,,5.356,,,,0.05000,,25.3,,,-0.146,,,,-3.52,,,,,
,,725,,,1.23025,,,,,5.191,,,,0.04325,,25.3,,,-0.165,,,,-4.64,,,,,
,,755,,,1.25750,,,,,5.061,,,,0.02725,,25.3,,,-0.130,,,,-5.56,,,,,
,,786,,,1.28025,,,,,4.925,,,,0.02275,,25.3,,,-0.136,,,,-6.42,,,,,
,,816,,,1.29850,,,,,4.794,,,,0.01825,,25.3,,,-0.131,,,,-7.15,,,,,
,,846,,,1.31400,,,,,4.668,,,,0.01550,,25.3,,,-0.126,,,,-7.91,,,,,
,,,,,1.327869 ???,,,,,4.547 ???,,,,,,,,,,,,,,,,,,EQP
,,876,,,1.32875,,,,,4.539,,,,0.01475,,25.3,,,-0.129,,,,-8.40,,,,,
,,906,,,1.34300,,,,,4.414,,,,0.01425,,25.3,,,-0.125,,,,-7.98,,,,,
,,937,,,1.35875,,,,,4.284,,,,0.01575,,25.3,,,-0.130,,,,-7.13,,,,,
,,967,,,1.37625,,,,,4.160,,,,0.01750,,25.3,,,-0.124,,,,-6.35,,,,,
,,997,,,1.39825,,,,,4.030,,,,0.02200,,25.3,,,-0.130,,,,-5.46,,,,,
,,1027,,,1.42600,,,,,3.901,,,,0.02775,,25.3,,,-0.129,,,,-4.46,,,,,
,,1058,,,1.46300,,,,,3.766,,,,0.03700,,25.3,,,-0.135,,,,-3.43,,,,,
,,1088,,,1.51075,,,,,3.634,,,,0.04775,,25.3,,,-0.132,,,,-2.53,,,,,
,,1118,,,1.56075,,,,,3.527,,,,0.05000,,25.3,,,-0.107,,,,-1.94,,,,,
,,1148,,,1.61075,,,,,3.441,,,,0.05000,,25.3,,,-0.086,,,,-1.57,,,,,
,,1179,,,1.66075,,,,,3.368,,,,0.05000,,25.3,,,-0.073,,,,-1.32,,,,,
,,1209,,,1.71075,,,,,3.306,,,,0.05000,,25.3,,,-0.062,,,,-1.15,,,,,
,,1239,,,1.76075,,,,,3.251,,,,0.05000,,25.3,,,-0.055,,,,-1.02,,,,,
,,1269,,,1.81075,,,,,3.202,,,,0.05000,,25.3,,,-0.049,,,,-0.92,,,,,
,,1300,,,1.86075,,,,,3.159,,,,0.05000,,25.3,,,-0.043,,,,-0.83,,,,,
,,1330,,,1.91075,,,,,3.119,,,,0.05000,,25.3,,,-0.040,,,,,,,,,
,,1360,,,1.96075,,,,,3.082,,,,0.05000,,25.3,,,-0.037,,,,,,,,,
,,1390,,,2.01075,,,,,3.049,,,,0.05000,,25.3,,,-0.033,,,,,,,,,
,,1421,,,2.06075,,,,,3.018,,,,0.05000,,25.3,,,-0.031,,,,,,,,,
,,1451,,,2.11075,,,,,2.989,,,,0.05000,,25.3,,,-0.029,,,,,,,,,
Measure (normal) [1],,,,,,,,,,,"Scope 1/1, Sample 22/30",,,,,,,,,,,,,,,,,
Measured Values,,,,,,,,,"Scope 1/1, Sample 22/30",,,,,,,,,,,,,,,,,,,
,,Time,,,,,,,,Meas. value,,,,,,Temp.,,,,,,dE,,,,,,
,,[s],,,,,,,,[pH],,,,,,[°C],,,,,,[pH],,,,,,
,,1,,,,,,,,4.416,,,,,,23.5,,,,,,,,,,,,
,,2,,,,,,,,4.796,,,,,,23.7,,,,,,0.380,,,,,,
,,3,,,,,,,,5.223,,,,,,23.9,,,,,,0.427,,,,,,
,,4,,,,,,,,5.601,,,,,,24.2,,,,,,0.378,,,,,,
,,5,,,,,,,,5.940,,,,,,24.4,,,,,,0.339,,,,,,
,,6,,,,,,,,6.240,,,,,,24.6,,,,,,0.300,,,,,,
,,7,,,,,,,,6.493,,,,,,24.8,,,,,,0.253,,,,,,
,,8,,,,,,,,6.687,,,,,,24.9,,,,,,0.194,,,,,,
,,9,,,,,,,,6.875,,,,,,25.0,,,,,,0.188,,,,,,
,,10,,,,,,,,7.033,,,,,,25.1,,,,,,0.158,,,,,,
,,11,,,,,,,,7.172,,,,,,25.1,,,,,,0.139,,,,,,
,,12,,,,,,,,7.287,,,,,,25.2,,,,,,0.115,,,,,,
,,13,,,,,,,,7.382,,,,,,25.2,,,,,,0.095,,,,,,
,,14,,,,,,,,7.462,,,,,,25.3,,,,,,0.080,,,,,,
,,15,,,,,,,,7.521,,,,,,25.3,,,,,,0.059,,,,,,
,,16,,,,,,,,7.578,,,,,,25.3,,,,,,0.057,,,,,,
,,17,,,,,,,,7.626,,,,,,25.3,,,,,,0.048,,,,,,
,,18,,,,,,,,7.666,,,,,,25.3,,,,,,0.040,,,,,,
,,19,,,,,,,,7.701,,,,,,25.3,,,,,,0.035,,,,,,
,,20,,,,,,,,7.730,,,,,,25.3,,,,,,0.029,,,,,,
,,21,,,,,,,,7.754,,,,,,25.3,,,,,,0.024,,,,,,
,,22,,,,,,,,7.773,,,,,,25.3,,,,,,0.019,,,,,,
,,23,,,,,,,,7.790,,,,,,25.4,,,,,,0.017,,,,,,
,,24,,,,,,,,7.804,,,,,,25.4,,,,,,0.014,,,,,,
,,25,,,,,,,,7.817,,,,,,25.4,,,,,,0.013,,,,,,
,,26,,,,,,,,7.827,,,,,,25.4,,,,,,0.010,,,,,,
,,27,,,,,,,,7.836,,,,,,25.4,,,,,,0.009,,,,,,
,,28,,,,,,,,7.844,,,,,,25.4,,,,,,0.008,,,,,,
,,29,,,,,,,,7.851,,,,,,25.4,,,,,,0.007,,,,,,
,,30,,,,,,,,7.856,,,,,,25.4,,,,,,0.005,,,,,,
,,31,,,,,,,,7.860,,,,,,25.4,,,,,,0.004,,,,,,
,,32,,,,,,,,7.864,,,,,,25.4,,,,,,0.004,,,,,,
,,33,,,,,,,,7.868,,,,,,25.4,,,,,,0.004,,,,,,
,,34,,,,,,,,7.872,,,,,,25.4,,,,,,0.004,,,,,,
,,35,,,,,,,,7.875,,,,,,25.4,,,,,,0.003,,,,,,
,,36,,,,,,,,7.877,,,,,,25.4,,,,,,0.002,,,,,,
,,37,,,,,,,,7.879,,,,,,25.4,,,,,,0.002,,,,,,
,,38,,,,,,,,7.881,,,,,,25.4,,,,,,0.002,,,,,,
,,39,,,,,,,,7.882,,,,,,25.4,,,,,,0.001,,,,,,
,,40,,,,,,,,7.884,,,,,,25.4,,,,,,0.002,,,,,,
,,41,,,,,,,,7.885,,,,,,25.4,,,,,,0.001,,,,,,
,,42,,,,,,,,7.886,,,,,,25.4,,,,,,0.001,,,,,,
,,43,,,,,,,,7.888,,,,,,25.4,,,,,,0.002,,,,,,
,,44,,,,,,,,7.889,,,,,,25.4,,,,,,0.001,,,,,,
,,45,,,,,,,,7.890,,,,,,25.4,,,,,,0.001,,,,,,
,,46,,,,,,,,7.891,,,,,,25.4,,,,,,0.001,,,,,,
,,47,,,,,,,,7.891,,,,,,25.4,,,,,,0.000,,,,,,
,,48,,,,,,,,7.892,,,,,,25.4,,,,,,0.001,,,,,,
,,49,,,,,,,,7.893,,,,,,25.4,,,,,,0.001,,,,,,
,,50,,,,,,,,7.894,,,,,,25.4,,,,,,0.001,,,,,,
,,51,,,,,,,,7.894,,,,,,25.4,,,,,,0.000,,,,,,
,,52,,,,,,,,7.895,,,,,,25.4,,,,,,0.001,,,,,,
,,53,,,,,,,,7.895,,,,,,25.4,,,,,,0.000,,,,,,
,,54,,,,,,,,7.896,,,,,,25.4,,,,,,0.001,,,,,,
,,55,,,,,,,,7.897,,,,,,25.4,,,,,,0.001,,,,,,
,,56,,,,,,,,7.897,,,,,,25.4,,,,,,0.000,,,,,,
,,57,,,,,,,,7.898,,,,,,25.4,,,,,,0.001,,,,,,
,,58,,,,,,,,7.898,,,,,,25.4,,,,,,0.000,,,,,,
,,59,,,,,,,,7.898,,,,,,25.4,,,,,,0.000,,,,,,
,,60,,,,,,,,7.899,,,,,,25.4,,,,,,0.001,,,,,,
Titration (EQP) [1],,,,,,,,,,,"Scope 1/1, Sample 22/30",,,,,,,,,,,,,,,,,
E - V Curve,,,,,,"Scope 1/1, Sample 22/30",,,,,,,,,,,,,,,,,,,,,,
,,E [pH],,,,,,,,,,,,,,,,,,,,,,,,,,
dE/dV - V Curve,,,,,,,,,"Scope 1/1, Sample 22/30",,,,,,,,,,,,,,,,,,,
,dE/dV [pH/mL],,,,,,,,,,,,,,,,,,,,,,,,,,,
Measured Values,,,,,,,,,"Scope 1/1, Sample 22/30",,,,,,,,,,,,,,,,,,,
,,Time,,,V,,,,,Meas. value,,,,dV,,Temp.,,,dE,,,,dE/dV,,,,,EQP
,,[s],,,[mL],,,,,[pH],,,,[mL],,[°C],,,[pH],,,,[pH/mL],,,,,
,,0,,,0.00000,,,,,7.900,,,,,,25.4,,,,,,,,,,,,
,,28,,,0.17150,,,,,7.176,,,,0.17150,,25.4,,,-0.724,,,,,,,,,
,,58,,,0.25725,,,,,6.840,,,,0.08575,,25.3,,,-0.336,,,,,,,,,
,,88,,,0.30000,,,,,6.688,,,,0.04275,,25.3,,,-0.152,,,,,,,,,
,,179,,,0.34175,,,,,6.586,,,,0.04175,,25.3,,,-0.102,,,,,,,,,
,,209,,,0.39175,,,,,6.496,,,,0.05000,,25.3,,,-0.090,,,,-2.16,,,,,
,,239,,,0.44175,,,,,6.406,,,,0.05000,,25.3,,,-0.090,,,,-1.66,,,,,
,,269,,,0.49175,,,,,6.321,,,,0.05000,,25.3,,,-0.085,,,,-1.54,,,,,
,,300,,,0.54175,,,,,6.244,,,,0.05000,,25.3,,,-0.077,,,,-1.52,,,,,
,,330,,,0.59175,,,,,6.169,,,,0.05000,,25.3,,,-0.075,,,,-1.47,,,,,
,,360,,,0.64175,,,,,6.096,,,,0.05000,,25.3,,,-0.073,,,,-1.42,,,,,
,,390,,,0.69175,,,,,6.025,,,,0.05000,,25.3,,,-0.071,,,,-1.41,,,,,
,,421,,,0.74175,,,,,5.956,,,,0.05000,,25.3,,,-0.069,,,,-1.42,,,,,
,,451,,,0.79175,,,,,5.884,,,,0.05000,,25.3,,,-0.072,,,,-1.46,,,,,
,,481,,,0.84175,,,,,5.808,,,,0.05000,,25.3,,,-0.076,,,,-1.52,,,,,
,,511,,,0.89175,,,,,5.728,,,,0.05000,,25.3,,,-0.080,,,,-1.63,,,,,
,,542,,,0.94175,,,,,5.643,,,,0.05000,,25.3,,,-0.085,,,,-1.79,,,,,
,,572,,,0.99175,,,,,5.547,,,,0.05000,,25.3,,,-0.096,,,,-2.03,,,,,
,,602,,,1.04175,,,,,5.438,,,,0.05000,,25.3,,,-0.109,,,,-2.42,,,,,
,,632,,,1.09175,,,,,5.306,,,,0.05000,,25.3,,,-0.132,,,,-3.05,,,,,
,,662,,,1.14175,,,,,5.140,,,,0.05000,,25.3,,,-0.166,,,,-4.08,,,,,
,,693,,,1.17475,,,,,4.999,,,,0.03300,,25.3,,,-0.141,,,,-5.02,,,,,
,,723,,,1.19975,,,,,4.867,,,,0.02500,,25.3,,,-0.132,,,,-5.86,,,,,
,,753,,,1.22025,,,,,4.733,,,,0.02050,,25.3,,,-0.134,,,,-6.58,,,,,
,,784,,,1.23700,,,,,4.609,,,,0.01675,,25.3,,,-0.124,,,,-7.28,,,,,
,,,,,1.252884 ???,,,,,4.477 ???,,,,,,,,,,,,,,,,,,EQP
,,814,,,1.25325,,,,,4.474,,,,0.01625,,25.3,,,-0.135,,,,-7.87,,,,,
,,844,,,1.26775,,,,,4.353,,,,0.01450,,25.3,,,-0.121,,,,-7.59,,,,,
,,874,,,1.28400,,,,,4.224,,,,0.01625,,25.3,,,-0.129,,,,-6.78,,,,,
,,904,,,1.30200,,,,,4.101,,,,0.01800,,25.3,,,-0.123,,,,-6.04,,,,,
,,935,,,1.32500,,,,,3.972,,,,0.02300,,25.3,,,-0.129,,,,-5.18,,,,,
,,965,,,1.35475,,,,,3.841,,,,0.02975,,25.3,,,-0.131,,,,-4.18,,,,,
,,995,,,1.39375,,,,,3.710,,,,0.03900,,25.3,,,-0.131,,,,-3.18,,,,,
,,1025,,,1.44375,,,,,3.582,,,,0.05000,,25.3,,,-0.128,,,,-2.32,,,,,
,,1056,,,1.49375,,,,,3.483,,,,0.05000,,25.3,,,-0.099,,,,-1.79,,,,,
,,1086,,,1.54375,,,,,3.402,,,,0.05000,,25.3,,,-0.081,,,,-1.46,,,,,
,,1116,,,1.59375,,,,,3.334,,,,0.05000,,25.3,,,-0.068,,,,-1.24,,,,,
,,1146,,,1.64375,,,,,3.275,,,,0.05000,,25.3,,,-0.059,,,,-1.08,,,,,
,,1177,,,1.69375,,,,,3.223,,,,0.05000,,25.3,,,-0.052,,,,-0.97,,,,,
,,1207,,,1.74375,,,,,3.177,,,,0.05000,,25.3,,,-0.046,,,,-0.88,,,,,
,,1237,,,1.79375,,,,,3.135,,,,0.05000,,25.3,,,-0.042,,,,,,,,,
,,1267,,,1.84375,,,,,3.097,,,,0.05000,,25.3,,,-0.038,,,,,,,,,
,,1298,,,1.89375,,,,,3.061,,,,0.05000,,25.3,,,-0.036,,,,,,,,,
,,1328,,,1.94375,,,,,3.029,,,,0.05000,,25.3,,,-0.032,,,,,,,,,
,,1358,,,1.99375,,,,,2.999,,,,0.05000,,25.3,,,-0.030,,,,,,,,,
Measure (normal) [1],,,,,,,,,,,"Scope 1/1, Sample 23/30",,,,,,,,,,,,,,,,,
Measured Values,,,,,,,,,"Scope 1/1, Sample 23/30",,,,,,,,,,,,,,,,,,,
,,Time,,,,,,,,Meas. value,,,,,,Temp.,,,,,,dE,,,,,,
,,[s],,,,,,,,[pH],,,,,,[°C],,,,,,[pH],,,,,,
,,1,,,,,,,,4.945,,,,,,23.5,,,,,,,,,,,,
,,2,,,,,,,,5.214,,,,,,23.7,,,,,,0.269,,,,,,
,,3,,,,,,,,5.491,,,,,,23.9,,,,,,0.277,,,,,,
,,4,,,,,,,,5.724,,,,,,24.2,,,,,,0.233,,,,,,
,,5,,,,,,,,5.926,,,,,,24.4,,,,,,0.202,,,,,,
,,6,,,,,,,,6.105,,,,,,24.6,,,,,,0.179,,,,,,
,,7,,,,,,,,6.269,,,,,,24.8,,,,,,0.164,,,,,,
,,8,,,,,,,,6.409,,,,,,24.9,,,,,,0.140,,,,,,
,,9,,,,,,,,6.553,,,,,,25.0,,,,,,0.144,,,,,,
,,10,,,,,,,,6.689,,,,,,25.0,,,,,,0.136,,,,,,
,,11,,,,,,,,6.813,,,,,,25.1,,,,,,0.124,,,,,,
,,12,,,,,,,,6.924,,,,,,25.1,,,,,,0.111,,,,,,
,,13,,,,,,,,7.021,,,,,,25.2,,,,,,0.097,,,,,,
,,14,,,,,,,,7.117,,,,,,25.2,,,,,,0.096,,,,,,
,,15,,,,,,,,7.193,,,,,,25.2,,,,,,0.076,,,,,,
,,16,,,,,,,,7.269,,,,,,25.2,,,,,,0.076,,,,,,
,,17,,,,,,,,7.343,,,,,,25.2,,,,,,0.074,,,,,,
,,18,,,,,,,,7.409,,,,,,25.3,,,,,,0.066,,,,,,
,,19,,,,,,,,7.466,,,,,,25.3,,,,,,0.057,,,,,,
,,20,,,,,,,,7.518,,,,,,25.3,,,,,,0.052,,,,,,
,,21,,,,,,,,7.567,,,,,,25.3,,,,,,0.049,,,,,,
,,22,,,,,,,,7.607,,,,,,25.3,,,,,,0.040,,,,,,
,,23,,,,,,,,7.646,,,,,,25.3,,,,,,0.039,,,,,,
,,24,,,,,,,,7.682,,,,,,25.3,,,,,,0.036,,,,,,
,,25,,,,,,,,7.714,,,,,,25.3,,,,,,0.032,,,,,,
,,26,,,,,,,,7.743,,,,,,25.3,,,,,,0.029,,,,,,
,,27,,,,,,,,7.768,,,,,,25.3,,,,,,0.025,,,,,,
,,28,,,,,,,,7.792,,,,,,25.3,,,,,,0.024,,,,,,
,,29,,,,,,,,7.811,,,,,,25.3,,,,,,0.019,,,,,,
,,30,,,,,,,,7.831,,,,,,25.3,,,,,,0.020,,,,,,
,,31,,,,,,,,7.848,,,,,,25.3,,,,,,0.017,,,,,,
,,32,,,,,,,,7.864,,,,,,25.3,,,,,,0.016,,,,,,
,,33,,,,,,,,7.879,,,,,,25.3,,,,,,0.015,,,,,,
,,34,,,,,,,,7.892,,,,,,25.3,,,,,,0.013,,,,,,
,,35,,,,,,,,7.903,,,,,,25.3,,,,,,0.011,,,,,,
,,36,,,,,,,,7.913,,,,,,25.3,,,,,,0.010,,,,,,
,,37,,,,,,,,7.923,,,,,,25.3,,,,,,0.010,,,,,,
,,38,,,,,,,,7.932,,,,,,25.3,,,,,,0.009,,,,,,
,,39,,,,,,,,7.940,,,,,,25.3,,,,,,0.008,,,,,,
,,40,,,,,,,,7.948,,,,,,25.3,,,,,,0.008,,,,,,
,,41,,,,,,,,7.954,,,,,,25.3,,,,,,0.006,,,,,,
,,42,,,,,,,,7.961,,,,,,25.3,,,,,,0.007,,,,,,
,,43,,,,,,,,7.966,,,,,,25.3,,,,,,0.005,,,,,,
,,44,,,,,,,,7.971,,,,,,25.3,,,,,,0.005,,,,,,
,,45,,,,,,,,7.975,,,,,,25.3,,,,,,0.004,,,,,,
,,46,,,,,,,,7.979,,,,,,25.3,,,,,,0.004,,,,,,
,,47,,,,,,,,7.983,,,,,,25.3,,,,,,0.004,,,,,,
,,48,,,,,,,,7.987,,,,,,25.3,,,,,,0.004,,,,,,
,,49,,,,,,,,7.990,,,,,,25.3,,,,,,0.003,,,,,,
,,50,,,,,,,,7.992,,,,,,25.3,,,,,,0.002,,,,,,
,,51,,,,,,,,7.995,,,,,,25.3,,,,,,0.003,,,,,,
,,52,,,,,,,,7.997,,,,,,25.3,,,,,,0.002,,,,,,
,,53,,,,,,,,7.999,,,,,,25.3,,,,,,0.002,,,,,,
,,54,,,,,,,,8.001,,,,,,25.3,,,,,,0.002,,,,,,
,,55,,,,,,,,8.003,,,,,,25.3,,,,,,0.002,,,,,,
,,56,,,,,,,,8.005,,,,,,25.3,,,,,,0.002,,,,,,
,,57,,,,,,,,8.006,,,,,,25.3,,,,,,0.001,,,,,,
,,58,,,,,,,,8.007,,,,,,25.3,,,,,,0.001,,,,,,
,,59,,,,,,,,8.009,,,,,,25.3,,,,,,0.002,,,,,,
,,60,,,,,,,,8.010,,,,,,25.3,,,,,,0.001,,,,,,
Titration (EQP) [1],,,,,,,,,,,"Scope 1/1, Sample 23/30",,,,,,,,,,,,,,,,,
E - V Curve,,,,,,"Scope 1/1, Sample 23/30",,,,,,,,,,,,,,,,,,,,,,
,,E [pH],,,,,,,,,,,,,,,,,,,,,,,,,,
dE/dV - V Curve,,,,,,,,,"Scope 1/1, Sample 23/30",,,,,,,,,,,,,,,,,,,
,dE/dV [pH/mL],,,,,,,,,,,,,,,,,,,,,,,,,,,
Measured Values,,,,,,,,,"Scope 1/1, Sample 23/30",,,,,,,,,,,,,,,,,,,
,,Time,,,V,,,,,Meas. value,,,,dV,,Temp.,,,dE,,,,dE/dV,,,,,EQP
,,[s],,,[mL],,,,,[pH],,,,[mL],,[°C],,,[pH],,,,[pH/mL],,,,,
,,0,,,0.00000,,,,,8.012,,,,,,25.3,,,,,,,,,,,,
,,28,,,0.17150,,,,,7.364,,,,0.17150,,25.3,,,-0.648,,,,,,,,,
,,58,,,0.25725,,,,,7.019,,,,0.08575,,25.3,,,-0.345,,,,,,,,,
,,88,,,0.30000,,,,,6.850,,,,0.04275,,25.3,,,-0.169,,,,,,,,,
,,179,,,0.33450,,,,,6.731,,,,0.03450,,25.3,,,-0.119,,,,,,,,,
,,209,,,0.37975,,,,,6.656,,,,0.04525,,25.3,,,-0.075,,,,-2.41,,,,,
,,239,,,0.42975,,,,,6.570,,,,0.05000,,25.3,,,-0.086,,,,-1.73,,,,,
,,270,,,0.47975,,,,,6.489,,,,0.05000,,25.3,,,-0.081,,,,-1.49,,,,,
,,300,,,0.52975,,,,,6.409,,,,0.05000,,25.2,,,-0.080,,,,-1.48,,,,,
,,330,,,0.57975,,,,,6.334,,,,0.05000,,25.2,,,-0.075,,,,-1.51,,,,,
,,360,,,0.62975,,,,,6.259,,,,0.05000,,25.3,,,-0.075,,,,-1.47,,,,,
,,390,,,0.67975,,,,,6.186,,,,0.05000,,25.3,,,-0.073,,,,-1.46,,,,,
,,421,,,0.72975,,,,,6.114,,,,0.05000,,25.3,,,-0.072,,,,-1.47,,,,,
,,451,,,0.77975,,,,,6.038,,,,0.05000,,25.2,,,-0.076,,,,-1.52,,,,,
,,481,,,0.82975,,,,,5.961,,,,0.05000,,25.2,,,-0.077,,,,-1.58,,,,,
,,511,,,0.87975,,,,,5.877,,,,0.05000,,25.2,,,-0.084,,,,-1.70,,,,,
,,542,,,0.92975,,,,,5.787,,,,0.05000,,25.2,,,-0.090,,,,-1.90,,,,,
,,572,,,0.97975,,,,,5.684,,,,0.05000,,25.2,,,-0.103,,,,-2.21,,,,,
,,602,,,1.02975,,,,,5.566,,,,0.05000,,25.2,,,-0.118,,,,-2.72,,,,,
,,632,,,1.07975,,,,,5.417,,,,0.05000,,25.2,,,-0.149,,,,-3.57,,,,,
,,663,,,1.12125,,,,,5.258,,,,0.04150,,25.2,,,-0.159,,,,-4.67,,,,,
,,693,,,1.14875,,,,,5.127,,,,0.02750,,25.2,,,-0.131,,,,-5.65,,,,,
,,723,,,1.17175,,,,,4.990,,,,0.02300,,25.2,,,-0.137,,,,-6.61,,,,,
,,753,,,1.18975,,,,,4.858,,,,0.01800,,25.2,,,-0.132,,,,-7.41,,,,,
,,784,,,1.20500,,,,,4.730,,,,0.01525,,25.2,,,-0.128,,,,-8.23,,,,,
,,814,,,1.21900,,,,,4.601,,,,0.01400,,25.2,,,-0.129,,,,-8.94,,,,,
,,,,,1.221052,,,,,4.581,,,,,,,,,,,,,,,,,,EQP
,,844,,,1.23225,,,,,4.475,,,,0.01325,,25.2,,,-0.126,,,,-8.79,,,,,
,,874,,,1.24625,,,,,4.350,,,,0.01400,,25.2,,,-0.125,,,,-7.97,,,,,
,,905,,,1.26250,,,,,4.218,,,,0.01625,,25.2,,,-0.132,,,,-7.06,,,,,
,,935,,,1.28075,,,,,4.094,,,,0.01825,,25.2,,,-0.124,,,,-6.20,,,,,
,,965,,,1.30475,,,,,3.964,,,,0.02400,,25.2,,,-0.130,,,,-5.16,,,,,
,,995,,,1.33575,,,,,3.832,,,,0.03100,,25.2,,,-0.132,,,,-4.08,,,,,
,,1026,,,1.37700,,,,,3.699,,,,0.04125,,25.2,,,-0.133,,,,-3.05,,,,,
,,1056,,,1.42700,,,,,3.574,,,,0.05000,,25.2,,,-0.125,,,,-2.25,,,,,
,,1086,,,1.47700,,,,,3.477,,,,0.05000,,25.2,,,-0.097,,,,-1.76,,,,,
,,1116,,,1.52700,,,,,3.397,,,,0.05000,,25.2,,,-0.080,,,,-1.45,,,,,
,,1146,,,1.57700,,,,,3.330,,,,0.05000,,25.2,,,-0.067,,,,-1.24,,,,,
,,1177,,,1.62700,,,,,3.270,,,,0.05000,,25.2,,,-0.060,,,,-1.09,,,,,
,,1207,,,1.67700,,,,,3.219,,,,0.05000,,25.2,,,-0.051,,,,-0.97,,,,,
,,1237,,,1.72700,,,,,3.172,,,,0.05000,,25.2,,,-0.047,,,,-0.88,,,,,
,,1268,,,1.77700,,,,,3.130,,,,0.05000,,25.2,,,-0.042,,,,,,,,,
,,1298,,,1.82700,,,,,3.092,,,,0.05000,,25.2,,,-0.038,,,,,,,,,
,,1328,,,1.87700,,,,,3.056,,,,0.05000,,25.2,,,-0.036,,,,,,,,,
,,1358,,,1.92700,,,,,3.024,,,,0.05000,,25.2,,,-0.032,,,,,,,,,
,,1388,,,1.97700,,,,,2.994,,,,0.05000,,25.2,,,-0.030,,,,,,,,,
Measure (normal) [1],,,,,,,,,,,"Scope 1/1, Sample 24/30",,,,,,,,,,,,,,,,,
Measured Values,,,,,,,,,"Scope 1/1, Sample 24/30",,,,,,,,,,,,,,,,,,,
,,Time,,,,,,,,Meas. value,,,,,,Temp.,,,,,,dE,,,,,,
,,[s],,,,,,,,[pH],,,,,,[°C],,,,,,[pH],,,,,,
,,1,,,,,,,,4.776,,,,,,23.2,,,,,,,,,,,,
,,2,,,,,,,,5.068,,,,,,23.4,,,,,,0.292,,,,,,
,,3,,,,,,,,5.349,,,,,,23.7,,,,,,0.281,,,,,,
,,4,,,,,,,,5.584,,,,,,24.0,,,,,,0.235,,,,,,
,,5,,,,,,,,5.788,,,,,,24.3,,,,,,0.204,,,,,,
,,6,,,,,,,,5.970,,,,,,24.5,,,,,,0.182,,,,,,
,,7,,,,,,,,6.139,,,,,,24.6,,,,,,0.169,,,,,,
,,8,,,,,,,,6.279,,,,,,24.8,,,,,,0.140,,,,,,
,,9,,,,,,,,6.425,,,,,,24.9,,,,,,0.146,,,,,,
,,10,,,,,,,,6.558,,,,,,24.9,,,,,,0.133,,,,,,
,,11,,,,,,,,6.679,,,,,,25.0,,,,,,0.121,,,,,,
,,12,,,,,,,,6.793,,,,,,25.1,,,,,,0.114,,,,,,
,,13,,,,,,,,6.902,,,,,,25.1,,,,,,0.109,,,,,,
,,14,,,,,,,,6.995,,,,,,25.1,,,,,,0.093,,,,,,
,,15,,,,,,,,7.082,,,,,,25.1,,,,,,0.087,,,,,,
,,16,,,,,,,,7.155,,,,,,25.2,,,,,,0.073,,,,,,
,,17,,,,,,,,7.227,,,,,,25.2,,,,,,0.072,,,,,,
,,18,,,,,,,,7.294,,,,,,25.2,,,,,,0.067,,,,,,
,,19,,,,,,,,7.356,,,,,,25.2,,,,,,0.062,,,,,,
,,20,,,,,,,,7.414,,,,,,25.2,,,,,,0.058,,,,,,
,,21,,,,,,,,7.465,,,,,,25.2,,,,,,0.051,,,,,,
,,22,,,,,,,,7.507,,,,,,25.2,,,,,,0.042,,,,,,
,,23,,,,,,,,7.550,,,,,,25.2,,,,,,0.043,,,,,,
,,24,,,,,,,,7.590,,,,,,25.2,,,,,,0.040,,,,,,
,,25,,,,,,,,7.625,,,,,,25.2,,,,,,0.035,,,,,,
,,26,,,,,,,,7.658,,,,,,25.2,,,,,,0.033,,,,,,
,,27,,,,,,,,7.689,,,,,,25.2,,,,,,0.031,,,,,,
,,28,,,,,,,,7.715,,,,,,25.2,,,,,,0.026,,,,,,
,,29,,,,,,,,7.736,,,,,,25.2,,,,,,0.021,,,,,,
,,30,,,,,,,,7.758,,,,,,25.2,,,,,,0.022,,,,,,
,,31,,,,,,,,7.778,,,,,,25.2,,,,,,0.020,,,,,,
,,32,,,,,,,,7.797,,,,,,25.2,,,,,,0.019,,,,,,
,,33,,,,,,,,7.814,,,,,,25.2,,,,,,0.017,,,,,,
,,34,,,,,,,,7.829,,,,,,25.2,,,,,,0.015,,,,,,
,,35,,,,,,,,7.842,,,,,,25.2,,,,,,0.013,,,,,,
,,36,,,,,,,,7.853,,,,,,25.2,,,,,,0.011,,,,,,
,,37,,,,,,,,7.864,,,,,,25.2,,,,,,0.011,,,,,,
,,38,,,,,,,,7.875,,,,,,25.2,,,,,,0.011,,,,,,
,,39,,,,,,,,7.886,,,,,,25.2,,,,,,0.011,,,,,,
,,40,,,,,,,,7.895,,,,,,25.2,,,,,,0.009,,,,,,
,,41,,,,,,,,7.902,,,,,,25.2,,,,,,0.007,,,,,,
,,42,,,,,,,,7.910,,,,,,25.2,,,,,,0.008,,,,,,
,,43,,,,,,,,7.916,,,,,,25.2,,,,,,0.006,,,,,,
,,44,,,,,,,,7.921,,,,,,25.2,,,,,,0.005,,,,,,
,,45,,,,,,,,7.927,,,,,,25.2,,,,,,0.006,,,,,,
,,46,,,,,,,,7.932,,,,,,25.2,,,,,,0.005,,,,,,
,,47,,,,,,,,7.937,,,,,,25.2,,,,,,0.005,,,,,,
,,48,,,,,,,,7.941,,,,,,25.2,,,,,,0.004,,,,,,
,,49,,,,,,,,7.945,,,,,,25.2,,,,,,0.004,,,,,,
,,50,,,,,,,,7.948,,,,,,25.2,,,,,,0.003,,,,,,
,,51,,,,,,,,7.951,,,,,,25.2,,,,,,0.003,,,,,,
,,52,,,,,,,,7.954,,,,,,25.2,,,,,,0.003,,,,,,
,,53,,,,,,,,7.957,,,,,,25.2,,,,,,0.003,,,,,,
,,54,,,,,,,,7.960,,,,,,25.2,,,,,,0.003,,,,,,
,,55,,,,,,,,7.962,,,,,,25.2,,,,,,0.002,,,,,,
,,56,,,,,,,,7.964,,,,,,25.2,,,,,,0.002,,,,,,
,,57,,,,,,,,7.966,,,,,,25.2,,,,,,0.002,,,,,,
,,58,,,,,,,,7.968,,,,,,25.2,,,,,,0.002,,,,,,
,,59,,,,,,,,7.969,,,,,,25.2,,,,,,0.001,,,,,,
,,60,,,,,,,,7.971,,,,,,25.2,,,,,,0.002,,,,,,
Titration (EQP) [1],,,,,,,,,,,"Scope 1/1, Sample 24/30",,,,,,,,,,,,,,,,,
E - V Curve,,,,,,"Scope 1/1, Sample 24/30",,,,,,,,,,,,,,,,,,,,,,
,,E [pH],,,,,,,,,,,,,,,,,,,,,,,,,,
dE/dV - V Curve,,,,,,,,,"Scope 1/1, Sample 24/30",,,,,,,,,,,,,,,,,,,
,dE/dV [pH/mL],,,,,,,,,,,,,,,,,,,,,,,,,,,
Measured Values,,,,,,,,,"Scope 1/1, Sample 24/30",,,,,,,,,,,,,,,,,,,
,,Time,,,V,,,,,Meas. value,,,,dV,,Temp.,,,dE,,,,dE/dV,,,,,EQP
,,[s],,,[mL],,,,,[pH],,,,[mL],,[°C],,,[pH],,,,[pH/mL],,,,,
,,0,,,0.00000,,,,,7.974,,,,,,25.2,,,,,,,,,,,,
,,31,,,0.17150,,,,,7.285,,,,0.17150,,25.2,,,-0.689,,,,,,,,,
,,62,,,0.25725,,,,,6.980,,,,0.08575,,25.2,,,-0.305,,,,,,,,,
,,92,,,0.30000,,,,,6.821,,,,0.04275,,25.2,,,-0.159,,,,,,,,,
,,183,,,0.33450,,,,,6.714,,,,0.03450,,25.2,,,-0.107,,,,,,,,,
,,213,,,0.38450,,,,,6.639,,,,0.05000,,25.2,,,-0.075,,,,-2.11,,,,,
,,243,,,0.43450,,,,,6.561,,,,0.05000,,25.2,,,-0.078,,,,-1.58,,,,,
,,273,,,0.48450,,,,,6.485,,,,0.05000,,25.2,,,-0.076,,,,-1.36,,,,,
,,304,,,0.53450,,,,,6.411,,,,0.05000,,25.2,,,-0.074,,,,-1.36,,,,,
,,334,,,0.58450,,,,,6.340,,,,0.05000,,25.2,,,-0.071,,,,-1.38,,,,,
,,364,,,0.63450,,,,,6.276,,,,0.05000,,25.2,,,-0.064,,,,-1.33,,,,,
,,394,,,0.68450,,,,,6.210,,,,0.05000,,25.2,,,-0.066,,,,-1.31,,,,,
,,424,,,0.73450,,,,,6.144,,,,0.05000,,25.1,,,-0.066,,,,-1.31,,,,,
,,455,,,0.78450,,,,,6.074,,,,0.05000,,25.1,,,-0.070,,,,-1.34,,,,,
,,485,,,0.83450,,,,,6.010,,,,0.05000,,25.1,,,-0.064,,,,-1.38,,,,,
,,515,,,0.88450,,,,,5.939,,,,0.05000,,25.1,,,-0.071,,,,-1.44,,,,,
,,546,,,0.93450,,,,,5.862,,,,0.05000,,25.1,,,-0.077,,,,-1.54,,,,,
,,576,,,0.98450,,,,,5.781,,,,0.05000,,25.1,,,-0.081,,,,-1.69,,,,,
,,606,,,1.03450,,,,,5.690,,,,0.05000,,25.1,,,-0.091,,,,-1.94,,,,,
,,636,,,1.08450,,,,,5.586,,,,0.05000,,25.1,,,-0.104,,,,-2.29,,,,,
,,666,,,1.13450,,,,,5.461,,,,0.05000,,25.1,,,-0.125,,,,-2.88,,,,,
,,697,,,1.18450,,,,,5.303,,,,0.05000,,25.1,,,-0.158,,,,-3.82,,,,,
,,727,,,1.22150,,,,,5.155,,,,0.03700,,25.1,,,-0.148,,,,-4.82,,,,,
,,757,,,1.24825,,,,,5.019,,,,0.02675,,25.1,,,-0.136,,,,-5.72,,,,,
,,787,,,1.26925,,,,,4.888,,,,0.02100,,25.1,,,-0.131,,,,-6.48,,,,,
,,818,,,1.28700,,,,,4.759,,,,0.01775,,25.1,,,-0.129,,,,-7.19,,,,,
,,848,,,1.30300,,,,,4.628,,,,0.01600,,25.1,,,-0.131,,,,-7.92,,,,,
,,,,,1.313026 ???,,,,,4.542 ???,,,,,,,,,,,,,,,,,,EQP
,,878,,,1.31775,,,,,4.502,,,,0.01475,,25.1,,,-0.126,,,,-8.05,,,,,
,,908,,,1.33275,,,,,4.377,,,,0.01500,,25.1,,,-0.125,,,,-7.43,,,,,
,,939,,,1.34975,,,,,4.249,,,,0.01700,,25.1,,,-0.128,,,,-6.63,,,,,
,,969,,,1.36950,,,,,4.121,,,,0.01975,,25.1,,,-0.128,,,,-5.84,,,,,
,,999,,,1.39375,,,,,3.993,,,,0.02425,,25.1,,,-0.128,,,,-4.94,,,,,
,,1029,,,1.42525,,,,,3.862,,,,0.03150,,25.1,,,-0.131,,,,-3.95,,,,,
,,1060,,,1.46725,,,,,3.728,,,,0.04200,,25.1,,,-0.134,,,,-2.97,,,,,
,,1090,,,1.51725,,,,,3.606,,,,0.05000,,25.1,,,-0.122,,,,-2.21,,,,,
,,1120,,,1.56725,,,,,3.510,,,,0.05000,,25.1,,,-0.096,,,,-1.74,,,,,
,,1150,,,1.61725,,,,,3.431,,,,0.05000,,25.1,,,-0.079,,,,-1.44,,,,,
,,1180,,,1.66725,,,,,3.363,,,,0.05000,,25.1,,,-0.068,,,,-1.23,,,,,
,,1211,,,1.71725,,,,,3.304,,,,0.05000,,25.1,,,-0.059,,,,-1.08,,,,,
,,1241,,,1.76725,,,,,3.253,,,,0.05000,,25.1,,,-0.051,,,,-0.97,,,,,
,,1271,,,1.81725,,,,,3.207,,,,0.05000,,25.1,,,-0.046,,,,-0.87,,,,,
,,1302,,,1.86725,,,,,3.165,,,,0.05000,,25.1,,,-0.042,,,,-0.79,,,,,
,,1332,,,1.91725,,,,,3.127,,,,0.05000,,25.1,,,-0.038,,,,,,,,,
,,1362,,,1.96725,,,,,3.092,,,,0.05000,,25.1,,,-0.035,,,,,,,,,
,,1392,,,2.01725,,,,,3.059,,,,0.05000,,25.1,,,-0.033,,,,,,,,,
,,1422,,,2.06725,,,,,3.029,,,,0.05000,,25.1,,,-0.030,,,,,,,,,
,,1453,,,2.11725,,,,,3.000,,,,0.05000,,25.1,,,-0.029,,,,,,,,,
Measure (normal) [1],,,,,,,,,,,"Scope 1/1, Sample 25/30",,,,,,,,,,,,,,,,,
Measured Values,,,,,,,,,"Scope 1/1, Sample 25/30",,,,,,,,,,,,,,,,,,,
,,Time,,,,,,,,Meas. value,,,,,,Temp.,,,,,,dE,,,,,,
,,[s],,,,,,,,[pH],,,,,,[°C],,,,,,[pH],,,,,,
,,1,,,,,,,,4.735,,,,,,23.1,,,,,,,,,,,,
,,2,,,,,,,,5.042,,,,,,23.3,,,,,,0.307,,,,,,
,,3,,,,,,,,5.315,,,,,,23.6,,,,,,0.273,,,,,,
,,4,,,,,,,,5.542,,,,,,23.9,,,,,,0.227,,,,,,
,,5,,,,,,,,5.743,,,,,,24.2,,,,,,0.201,,,,,,
,,6,,,,,,,,5.926,,,,,,24.4,,,,,,0.183,,,,,,
,,7,,,,,,,,6.095,,,,,,24.6,,,,,,0.169,,,,,,
,,8,,,,,,,,6.254,,,,,,24.7,,,,,,0.159,,,,,,
,,9,,,,,,,,6.386,,,,,,24.8,,,,,,0.132,,,,,,
,,10,,,,,,,,6.523,,,,,,24.9,,,,,,0.137,,,,,,
,,11,,,,,,,,6.652,,,,,,25.0,,,,,,0.129,,,,,,
,,12,,,,,,,,6.769,,,,,,25.1,,,,,,0.117,,,,,,
,,13,,,,,,,,6.878,,,,,,25.1,,,,,,0.109,,,,,,
,,14,,,,,,,,6.975,,,,,,25.1,,,,,,0.097,,,,,,
,,15,,,,,,,,7.053,,,,,,25.2,,,,,,0.078,,,,,,
,,16,,,,,,,,7.142,,,,,,25.2,,,,,,0.089,,,,,,
,,17,,,,,,,,7.219,,,,,,25.2,,,,,,0.077,,,,,,
,,18,,,,,,,,7.288,,,,,,25.2,,,,,,0.069,,,,,,
,,19,,,,,,,,7.351,,,,,,25.2,,,,,,0.063,,,,,,
,,20,,,,,,,,7.408,,,,,,25.2,,,,,,0.057,,,,,,
,,21,,,,,,,,7.460,,,,,,25.2,,,,,,0.052,,,,,,
,,22,,,,,,,,7.504,,,,,,25.2,,,,,,0.044,,,,,,
,,23,,,,,,,,7.548,,,,,,25.2,,,,,,0.044,,,,,,
,,24,,,,,,,,7.587,,,,,,25.2,,,,,,0.039,,,,,,
,,25,,,,,,,,7.623,,,,,,25.3,,,,,,0.036,,,,,,
,,26,,,,,,,,7.657,,,,,,25.3,,,,,,0.034,,,,,,
,,27,,,,,,,,7.688,,,,,,25.3,,,,,,0.031,,,,,,
,,28,,,,,,,,7.716,,,,,,25.3,,,,,,0.028,,,,,,
,,29,,,,,,,,7.740,,,,,,25.3,,,,,,0.024,,,,,,
,,30,,,,,,,,7.763,,,,,,25.3,,,,,,0.023,,,,,,
,,31,,,,,,,,7.783,,,,,,25.3,,,,,,0.020,,,,,,
,,32,,,,,,,,7.802,,,,,,25.3,,,,,,0.019,,,,,,
,,33,,,,,,,,7.818,,,,,,25.3,,,,,,0.016,,,,,,
,,34,,,,,,,,7.833,,,,,,25.3,,,,,,0.015,,,,,,
,,35,,,,,,,,7.847,,,,,,25.3,,,,,,0.014,,,,,,
,,36,,,,,,,,7.859,,,,,,25.3,,,,,,0.012,,,,,,
,,37,,,,,,,,7.871,,,,,,25.3,,,,,,0.012,,,,,,
,,38,,,,,,,,7.881,,,,,,25.3,,,,,,0.010,,,,,,
,,39,,,,,,,,7.891,,,,,,25.3,,,,,,0.010,,,,,,
,,40,,,,,,,,7.900,,,,,,25.3,,,,,,0.009,,,,,,
,,41,,,,,,,,7.908,,,,,,25.3,,,,,,0.008,,,,,,
,,42,,,,,,,,7.915,,,,,,25.3,,,,,,0.007,,,,,,
,,43,,,,,,,,7.921,,,,,,25.3,,,,,,0.006,,,,,,
,,44,,,,,,,,7.928,,,,,,25.3,,,,,,0.007,,,,,,
,,45,,,,,,,,7.933,,,,,,25.3,,,,,,0.005,,,,,,
,,46,,,,,,,,7.938,,,,,,25.3,,,,,,0.005,,,,,,
,,47,,,,,,,,7.942,,,,,,25.3,,,,,,0.004,,,,,,
,,48,,,,,,,,7.946,,,,,,25.3,,,,,,0.004,,,,,,
,,49,,,,,,,,7.950,,,,,,25.3,,,,,,0.004,,,,,,
,,50,,,,,,,,7.954,,,,,,25.3,,,,,,0.004,,,,,,
,,51,,,,,,,,7.957,,,,,,25.3,,,,,,0.003,,,,,,
,,52,,,,,,,,7.960,,,,,,25.3,,,,,,0.003,,,,,,
,,53,,,,,,,,7.963,,,,,,25.3,,,,,,0.003,,,,,,
,,54,,,,,,,,7.965,,,,,,25.3,,,,,,0.002,,,,,,
,,55,,,,,,,,7.968,,,,,,25.3,,,,,,0.003,,,,,,
,,56,,,,,,,,7.970,,,,,,25.3,,,,,,0.002,,,,,,
,,57,,,,,,,,7.972,,,,,,25.3,,,,,,0.002,,,,,,
,,58,,,,,,,,7.973,,,,,,25.3,,,,,,0.001,,,,,,
,,59,,,,,,,,7.975,,,,,,25.3,,,,,,0.002,,,,,,
,,60,,,,,,,,7.977,,,,,,25.3,,,,,,0.002,,,,,,
Titration (EQP) [1],,,,,,,,,,,"Scope 1/1, Sample 25/30",,,,,,,,,,,,,,,,,
E - V Curve,,,,,,"Scope 1/1, Sample 25/30",,,,,,,,,,,,,,,,,,,,,,
,,E [pH],,,,,,,,,,,,,,,,,,,,,,,,,,
dE/dV - V Curve,,,,,,,,,"Scope 1/1, Sample 25/30",,,,,,,,,,,,,,,,,,,
,dE/dV [pH/mL],,,,,,,,,,,,,,,,,,,,,,,,,,,
Measured Values,,,,,,,,,"Scope 1/1, Sample 25/30",,,,,,,,,,,,,,,,,,,
,,Time,,,V,,,,,Meas. value,,,,dV,,Temp.,,,dE,,,,dE/dV,,,,,EQP
,,[s],,,[mL],,,,,[pH],,,,[mL],,[°C],,,[pH],,,,[pH/mL],,,,,
,,0,,,0.00000,,,,,7.980,,,,,,25.3,,,,,,,,,,,,
,,31,,,0.17150,,,,,7.281,,,,0.17150,,25.2,,,-0.699,,,,,,,,,
,,61,,,0.25725,,,,,6.968,,,,0.08575,,25.2,,,-0.313,,,,,,,,,
,,92,,,0.30000,,,,,6.802,,,,0.04275,,25.2,,,-0.166,,,,,,,,,
,,183,,,0.33350,,,,,6.694,,,,0.03350,,25.2,,,-0.108,,,,,,,,,
,,213,,,0.38325,,,,,6.618,,,,0.04975,,25.2,,,-0.076,,,,-2.17,,,,,
,,243,,,0.43325,,,,,6.539,,,,0.05000,,25.2,,,-0.079,,,,-1.61,,,,,
,,273,,,0.48325,,,,,6.461,,,,0.05000,,25.2,,,-0.078,,,,-1.38,,,,,
,,304,,,0.53325,,,,,6.386,,,,0.05000,,25.2,,,-0.075,,,,-1.40,,,,,
,,334,,,0.58325,,,,,6.316,,,,0.05000,,25.2,,,-0.070,,,,-1.42,,,,,
,,364,,,0.63325,,,,,6.246,,,,0.05000,,25.2,,,-0.070,,,,-1.38,,,,,
,,394,,,0.68325,,,,,6.177,,,,0.05000,,25.2,,,-0.069,,,,-1.36,,,,,
,,424,,,0.73325,,,,,6.109,,,,0.05000,,25.2,,,-0.068,,,,-1.37,,,,,
,,455,,,0.78325,,,,,6.040,,,,0.05000,,25.1,,,-0.069,,,,-1.41,,,,,
,,485,,,0.83325,,,,,5.967,,,,0.05000,,25.1,,,-0.073,,,,-1.47,,,,,
,,515,,,0.88325,,,,,5.892,,,,0.05000,,25.1,,,-0.075,,,,-1.57,,,,,
,,546,,,0.93325,,,,,5.808,,,,0.05000,,25.1,,,-0.084,,,,-1.71,,,,,
,,576,,,0.98325,,,,,5.717,,,,0.05000,,25.1,,,-0.091,,,,-1.93,,,,,
,,606,,,1.03325,,,,,5.612,,,,0.05000,,25.1,,,-0.105,,,,-2.27,,,,,
,,636,,,1.08325,,,,,5.490,,,,0.05000,,25.1,,,-0.122,,,,-2.83,,,,,
,,666,,,1.13325,,,,,5.336,,,,0.05000,,25.1,,,-0.154,,,,-3.74,,,,,
,,697,,,1.17150,,,,,5.183,,,,0.03825,,25.1,,,-0.153,,,,-4.77,,,,,
,,727,,,1.19800,,,,,5.052,,,,0.02650,,25.1,,,-0.131,,,,-5.68,,,,,
,,757,,,1.22000,,,,,4.916,,,,0.02200,,25.1,,,-0.136,,,,-6.52,,,,,
,,787,,,1.23750,,,,,4.790,,,,0.01750,,25.1,,,-0.126,,,,-7.23,,,,,
,,818,,,1.25350,,,,,4.659,,,,0.01600,,25.1,,,-0.131,,,,-8.01,,,,,
,,,,,1.265567 ???,,,,,4.552 ???,,,,,,,,,,,,,,,,,,EQP
,,848,,,1.26800,,,,,4.531,,,,0.01450,,25.1,,,-0.128,,,,-8.33,,,,,
,,878,,,1.28225,,,,,4.406,,,,0.01425,,25.1,,,-0.125,,,,-7.81,,,,,
,,908,,,1.29800,,,,,4.281,,,,0.01575,,25.1,,,-0.125,,,,-6.98,,,,,
,,939,,,1.31675,,,,,4.152,,,,0.01875,,25.1,,,-0.129,,,,-6.18,,,,,
,,969,,,1.33950,,,,,4.023,,,,0.02275,,25.1,,,-0.129,,,,-5.28,,,,,
,,999,,,1.36825,,,,,3.894,,,,0.02875,,25.1,,,-0.129,,,,-4.28,,,,,
,,1029,,,1.40675,,,,,3.760,,,,0.03850,,25.1,,,-0.134,,,,-3.27,,,,,
,,1060,,,1.45675,,,,,3.629,,,,0.05000,,25.1,,,-0.131,,,,-2.39,,,,,
,,1090,,,1.50675,,,,,3.526,,,,0.05000,,25.1,,,-0.103,,,,-1.85,,,,,
,,1120,,,1.55675,,,,,3.443,,,,0.05000,,25.1,,,-0.083,,,,-1.51,,,,,
,,1150,,,1.60675,,,,,3.373,,,,0.05000,,25.1,,,-0.070,,,,-1.28,,,,,
,,1181,,,1.65675,,,,,3.312,,,,0.05000,,25.1,,,-0.061,,,,-1.12,,,,,
,,1211,,,1.70675,,,,,3.258,,,,0.05000,,25.1,,,-0.054,,,,-1.00,,,,,
,,1241,,,1.75675,,,,,3.211,,,,0.05000,,25.1,,,-0.047,,,,-0.90,,,,,
,,1271,,,1.80675,,,,,3.168,,,,0.05000,,25.1,,,-0.043,,,,-0.82,,,,,
,,1302,,,1.85675,,,,,3.129,,,,0.05000,,25.1,,,-0.039,,,,-0.74,,,,,
,,1332,,,1.90675,,,,,3.093,,,,0.05000,,25.1,,,-0.036,,,,,,,,,
,,1362,,,1.95675,,,,,3.060,,,,0.05000,,25.1,,,-0.033,,,,,,,,,
,,1392,,,2.00675,,,,,3.029,,,,0.05000,,25.1,,,-0.031,,,,,,,,,
,,1422,,,2.05675,,,,,3.001,,,,0.05000,,25.1,,,-0.028,,,,,,,,,
,,1453,,,2.10675,,,,,2.974,,,,0.05000,,25.1,,,-0.027,,,,,,,,,
Measure (normal) [1],,,,,,,,,,,"Scope 1/1, Sample 26/30",,,,,,,,,,,,,,,,,
Measured Values,,,,,,,,,"Scope 1/1, Sample 26/30",,,,,,,,,,,,,,,,,,,
,,Time,,,,,,,,Meas. value,,,,,,Temp.,,,,,,dE,,,,,,
,,[s],,,,,,,,[pH],,,,,,[°C],,,,,,[pH],,,,,,
,,1,,,,,,,,4.667,,,,,,23.3,,,,,,,,,,,,
,,2,,,,,,,,4.974,,,,,,23.5,,,,,,0.307,,,,,,
,,3,,,,,,,,5.270,,,,,,23.7,,,,,,0.296,,,,,,
,,4,,,,,,,,5.514,,,,,,24.0,,,,,,0.244,,,,,,
,,5,,,,,,,,5.720,,,,,,24.2,,,,,,0.206,,,,,,
,,6,,,,,,,,5.909,,,,,,24.4,,,,,,0.189,,,,,,
,,7,,,,,,,,6.083,,,,,,24.6,,,,,,0.174,,,,,,
,,8,,,,,,,,6.228,,,,,,24.7,,,,,,0.145,,,,,,
,,9,,,,,,,,6.379,,,,,,24.8,,,,,,0.151,,,,,,
,,10,,,,,,,,6.519,,,,,,24.9,,,,,,0.140,,,,,,
,,11,,,,,,,,6.651,,,,,,24.9,,,,,,0.132,,,,,,
,,12,,,,,,,,6.771,,,,,,25.0,,,,,,0.120,,,,,,
,,13,,,,,,,,6.887,,,,,,25.0,,,,,,0.116,,,,,,
,,14,,,,,,,,6.989,,,,,,25.0,,,,,,0.102,,,,,,
,,15,,,,,,,,7.073,,,,,,25.1,,,,,,0.084,,,,,,
,,16,,,,,,,,7.161,,,,,,25.1,,,,,,0.088,,,,,,
,,17,,,,,,,,7.238,,,,,,25.1,,,,,,0.077,,,,,,
,,18,,,,,,,,7.309,,,,,,25.1,,,,,,0.071,,,,,,
,,19,,,,,,,,7.372,,,,,,25.1,,,,,,0.063,,,,,,
,,20,,,,,,,,7.431,,,,,,25.1,,,,,,0.059,,,,,,
,,21,,,,,,,,7.484,,,,,,25.1,,,,,,0.053,,,,,,
,,22,,,,,,,,7.526,,,,,,25.1,,,,,,0.042,,,,,,
,,23,,,,,,,,7.571,,,,,,25.1,,,,,,0.045,,,,,,
,,24,,,,,,,,7.612,,,,,,25.1,,,,,,0.041,,,,,,
,,25,,,,,,,,7.649,,,,,,25.1,,,,,,0.037,,,,,,
,,26,,,,,,,,7.683,,,,,,25.1,,,,,,0.034,,,,,,
,,27,,,,,,,,7.713,,,,,,25.1,,,,,,0.030,,,,,,
,,28,,,,,,,,7.740,,,,,,25.1,,,,,,0.027,,,,,,
,,29,,,,,,,,7.764,,,,,,25.1,,,,,,0.024,,,,,,
,,30,,,,,,,,7.784,,,,,,25.1,,,,,,0.020,,,,,,
,,31,,,,,,,,7.804,,,,,,25.1,,,,,,0.020,,,,,,
,,32,,,,,,,,7.822,,,,,,25.1,,,,,,0.018,,,,,,
,,33,,,,,,,,7.840,,,,,,25.1,,,,,,0.018,,,,,,
,,34,,,,,,,,7.856,,,,,,25.1,,,,,,0.016,,,,,,
,,35,,,,,,,,7.870,,,,,,25.1,,,,,,0.014,,,,,,
,,36,,,,,,,,7.880,,,,,,25.1,,,,,,0.010,,,,,,
,,37,,,,,,,,7.892,,,,,,25.1,,,,,,0.012,,,,,,
,,38,,,,,,,,7.903,,,,,,25.1,,,,,,0.011,,,,,,
,,39,,,,,,,,7.912,,,,,,25.1,,,,,,0.009,,,,,,
,,40,,,,,,,,7.920,,,,,,25.1,,,,,,0.008,,,,,,
,,41,,,,,,,,7.928,,,,,,25.1,,,,,,0.008,,,,,,
,,42,,,,,,,,7.935,,,,,,25.1,,,,,,0.007,,,,,,
,,43,,,,,,,,7.941,,,,,,25.1,,,,,,0.006,,,,,,
,,44,,,,,,,,7.946,,,,,,25.1,,,,,,0.005,,,,,,
,,45,,,,,,,,7.952,,,,,,25.1,,,,,,0.006,,,,,,
,,46,,,,,,,,7.957,,,,,,25.1,,,,,,0.005,,,,,,
,,47,,,,,,,,7.962,,,,,,25.1,,,,,,0.005,,,,,,
,,48,,,,,,,,7.966,,,,,,25.1,,,,,,0.004,,,,,,
,,49,,,,,,,,7.970,,,,,,25.1,,,,,,0.004,,,,,,
,,50,,,,,,,,7.973,,,,,,25.1,,,,,,0.003,,,,,,
,,51,,,,,,,,7.976,,,,,,25.1,,,,,,0.003,,,,,,
,,52,,,,,,,,7.979,,,,,,25.1,,,,,,0.003,,,,,,
,,53,,,,,,,,7.981,,,,,,25.1,,,,,,0.002,,,,,,
,,54,,,,,,,,7.984,,,,,,25.1,,,,,,0.003,,,,,,
,,55,,,,,,,,7.986,,,,,,25.1,,,,,,0.002,,,,,,
,,56,,,,,,,,7.988,,,,,,25.1,,,,,,0.002,,,,,,
,,57,,,,,,,,7.990,,,,,,25.1,,,,,,0.002,,,,,,
,,58,,,,,,,,7.991,,,,,,25.1,,,,,,0.001,,,,,,
,,59,,,,,,,,7.993,,,,,,25.1,,,,,,0.002,,,,,,
,,60,,,,,,,,7.995,,,,,,25.1,,,,,,0.002,,,,,,
Titration (EQP) [1],,,,,,,,,,,"Scope 1/1, Sample 26/30",,,,,,,,,,,,,,,,,
E - V Curve,,,,,,"Scope 1/1, Sample 26/30",,,,,,,,,,,,,,,,,,,,,,
,,E [pH],,,,,,,,,,,,,,,,,,,,,,,,,,
dE/dV - V Curve,,,,,,,,,"Scope 1/1, Sample 26/30",,,,,,,,,,,,,,,,,,,
,dE/dV [pH/mL],,,,,,,,,,,,,,,,,,,,,,,,,,,
Measured Values,,,,,,,,,"Scope 1/1, Sample 26/30",,,,,,,,,,,,,,,,,,,
,,Time,,,V,,,,,Meas. value,,,,dV,,Temp.,,,dE,,,,dE/dV,,,,,EQP
,,[s],,,[mL],,,,,[pH],,,,[mL],,[°C],,,[pH],,,,[pH/mL],,,,,
,,0,,,0.00000,,,,,7.997,,,,,,25.1,,,,,,,,,,,,
,,31,,,0.17150,,,,,7.288,,,,0.17150,,25.1,,,-0.709,,,,,,,,,
,,61,,,0.25725,,,,,6.971,,,,0.08575,,25.1,,,-0.317,,,,,,,,,
,,91,,,0.30000,,,,,6.806,,,,0.04275,,25.1,,,-0.165,,,,,,,,,
,,182,,,0.33300,,,,,6.698,,,,0.03300,,25.1,,,-0.108,,,,,,,,,
,,212,,,0.38200,,,,,6.622,,,,0.04900,,25.1,,,-0.076,,,,-2.19,,,,,
,,242,,,0.43200,,,,,6.541,,,,0.05000,,25.1,,,-0.081,,,,-1.62,,,,,
,,272,,,0.48200,,,,,6.464,,,,0.05000,,25.1,,,-0.077,,,,-1.39,,,,,
,,303,,,0.53200,,,,,6.389,,,,0.05000,,25.1,,,-0.075,,,,-1.40,,,,,
,,333,,,0.58200,,,,,6.319,,,,0.05000,,25.1,,,-0.070,,,,-1.41,,,,,
,,363,,,0.63200,,,,,6.248,,,,0.05000,,25.1,,,-0.071,,,,-1.37,,,,,
,,394,,,0.68200,,,,,6.182,,,,0.05000,,25.1,,,-0.066,,,,-1.36,,,,,
,,424,,,0.73200,,,,,6.113,,,,0.05000,,25.1,,,-0.069,,,,-1.37,,,,,
,,454,,,0.78200,,,,,6.042,,,,0.05000,,25.1,,,-0.071,,,,-1.41,,,,,
,,484,,,0.83200,,,,,5.970,,,,0.05000,,25.1,,,-0.072,,,,-1.47,,,,,
,,514,,,0.88200,,,,,5.894,,,,0.05000,,25.1,,,-0.076,,,,-1.57,,,,,
,,545,,,0.93200,,,,,5.811,,,,0.05000,,25.1,,,-0.083,,,,-1.71,,,,,
,,575,,,0.98200,,,,,5.719,,,,0.05000,,25.1,,,-0.092,,,,-1.94,,,,,
,,605,,,1.03200,,,,,5.615,,,,0.05000,,25.1,,,-0.104,,,,-2.30,,,,,
,,636,,,1.08200,,,,,5.490,,,,0.05000,,25.1,,,-0.125,,,,-2.88,,,,,
,,666,,,1.13200,,,,,5.333,,,,0.05000,,25.1,,,-0.157,,,,-3.83,,,,,
,,696,,,1.16925,,,,,5.182,,,,0.03725,,25.1,,,-0.151,,,,-4.87,,,,,
,,726,,,1.19525,,,,,5.050,,,,0.02600,,25.1,,,-0.132,,,,-5.79,,,,,
,,756,,,1.21650,,,,,4.919,,,,0.02125,,25.1,,,-0.131,,,,-6.61,,,,,
,,787,,,1.23450,,,,,4.785,,,,0.01800,,25.1,,,-0.134,,,,-7.37,,,,,
,,817,,,1.24975,,,,,4.656,,,,0.01525,,25.1,,,-0.129,,,,-8.15,,,,,
,,,,,1.261216 ???,,,,,4.554 ???,,,,,,,,,,,,,,,,,,EQP
,,847,,,1.26375,,,,,4.531,,,,0.01400,,25.1,,,-0.125,,,,-8.46,,,,,
,,877,,,1.27825,,,,,4.404,,,,0.01450,,25.1,,,-0.127,,,,-7.90,,,,,
,,908,,,1.29400,,,,,4.277,,,,0.01575,,25.1,,,-0.127,,,,-7.03,,,,,
,,938,,,1.31225,,,,,4.150,,,,0.01825,,25.1,,,-0.127,,,,-6.23,,,,,
,,968,,,1.33475,,,,,4.022,,,,0.02250,,25.1,,,-0.128,,,,-5.32,,,,,
,,998,,,1.36400,,,,,3.891,,,,0.02925,,25.1,,,-0.131,,,,-4.29,,,,,
,,1029,,,1.40225,,,,,3.759,,,,0.03825,,25.1,,,-0.132,,,,-3.27,,,,,
,,1059,,,1.45225,,,,,3.626,,,,0.05000,,25.1,,,-0.133,,,,-2.39,,,,,
,,1089,,,1.50225,,,,,3.524,,,,0.05000,,25.1,,,-0.102,,,,-1.85,,,,,
,,1119,,,1.55225,,,,,3.441,,,,0.05000,,25.1,,,-0.083,,,,-1.51,,,,,
,,1150,,,1.60225,,,,,3.371,,,,0.05000,,25.1,,,-0.070,,,,-1.28,,,,,
,,1180,,,1.65225,,,,,3.310,,,,0.05000,,25.1,,,-0.061,,,,-1.12,,,,,
,,1210,,,1.70225,,,,,3.257,,,,0.05000,,25.1,,,-0.053,,,,-1.00,,,,,
,,1240,,,1.75225,,,,,3.209,,,,0.05000,,25.1,,,-0.048,,,,-0.90,,,,,
,,1270,,,1.80225,,,,,3.166,,,,0.05000,,25.1,,,-0.043,,,,-0.82,,,,,
,,1301,,,1.85225,,,,,3.127,,,,0.05000,,25.1,,,-0.039,,,,,,,,,
,,1331,,,1.90225,,,,,3.091,,,,0.05000,,25.1,,,-0.036,,,,,,,,,
,,1361,,,1.95225,,,,,3.058,,,,0.05000,,25.1,,,-0.033,,,,,,,,,
,,1392,,,2.00225,,,,,3.027,,,,0.05000,,25.1,,,-0.031,,,,,,,,,
,,1422,,,2.05225,,,,,2.999,,,,0.05000,,25.1,,,-0.028,,,,,,,,,
Measure (normal) [1],,,,,,,,,,,"Scope 1/1, Sample 27/30",,,,,,,,,,,,,,,,,
Measured Values,,,,,,,,,"Scope 1/1, Sample 27/30",,,,,,,,,,,,,,,,,,,
,,Time,,,,,,,,Meas. value,,,,,,Temp.,,,,,,dE,,,,,,
,,[s],,,,,,,,[pH],,,,,,[°C],,,,,,[pH],,,,,,
,,1,,,,,,,,4.713,,,,,,21.7,,,,,,,,,,,,
,,2,,,,,,,,5.015,,,,,,22.0,,,,,,0.302,,,,,,
,,3,,,,,,,,5.280,,,,,,22.4,,,,,,0.265,,,,,,
,,4,,,,,,,,5.501,,,,,,22.9,,,,,,0.221,,,,,,
,,5,,,,,,,,5.689,,,,,,23.3,,,,,,0.188,,,,,,
,,6,,,,,,,,5.858,,,,,,23.7,,,,,,0.169,,,,,,
,,7,,,,,,,,6.014,,,,,,24.0,,,,,,0.156,,,,,,
,,8,,,,,,,,6.141,,,,,,24.2,,,,,,0.127,,,,,,
,,9,,,,,,,,6.274,,,,,,24.3,,,,,,0.133,,,,,,
,,10,,,,,,,,6.397,,,,,,24.5,,,,,,0.123,,,,,,
,,11,,,,,,,,6.511,,,,,,24.6,,,,,,0.114,,,,,,
,,12,,,,,,,,6.616,,,,,,24.7,,,,,,0.105,,,,,,
,,13,,,,,,,,6.714,,,,,,24.8,,,,,,0.098,,,,,,
,,14,,,,,,,,6.809,,,,,,24.8,,,,,,0.095,,,,,,
,,15,,,,,,,,6.888,,,,,,24.8,,,,,,0.079,,,,,,
,,16,,,,,,,,6.964,,,,,,24.9,,,,,,0.076,,,,,,
,,17,,,,,,,,7.034,,,,,,24.9,,,,,,0.070,,,,,,
,,18,,,,,,,,7.107,,,,,,24.9,,,,,,0.073,,,,,,
,,19,,,,,,,,7.173,,,,,,24.9,,,,,,0.066,,,,,,
,,20,,,,,,,,7.234,,,,,,25.0,,,,,,0.061,,,,,,
,,21,,,,,,,,7.291,,,,,,25.0,,,,,,0.057,,,,,,
,,22,,,,,,,,7.336,,,,,,25.0,,,,,,0.045,,,,,,
,,23,,,,,,,,7.383,,,,,,25.0,,,,,,0.047,,,,,,
,,24,,,,,,,,7.426,,,,,,25.0,,,,,,0.043,,,,,,
,,25,,,,,,,,7.467,,,,,,25.0,,,,,,0.041,,,,,,
,,26,,,,,,,,7.504,,,,,,25.0,,,,,,0.037,,,,,,
,,27,,,,,,,,7.537,,,,,,25.0,,,,,,0.033,,,,,,
,,28,,,,,,,,7.569,,,,,,25.0,,,,,,0.032,,,,,,
,,29,,,,,,,,7.595,,,,,,25.0,,,,,,0.026,,,,,,
,,30,,,,,,,,7.622,,,,,,25.0,,,,,,0.027,,,,,,
,,31,,,,,,,,7.647,,,,,,25.0,,,,,,0.025,,,,,,
,,32,,,,,,,,7.670,,,,,,25.0,,,,,,0.023,,,,,,
,,33,,,,,,,,7.690,,,,,,25.0,,,,,,0.020,,,,,,
,,34,,,,,,,,7.707,,,,,,25.0,,,,,,0.017,,,,,,
,,35,,,,,,,,7.725,,,,,,25.0,,,,,,0.018,,,,,,
,,36,,,,,,,,7.739,,,,,,25.0,,,,,,0.014,,,,,,
,,37,,,,,,,,7.753,,,,,,25.0,,,,,,0.014,,,,,,
,,38,,,,,,,,7.767,,,,,,25.0,,,,,,0.014,,,,,,
,,39,,,,,,,,7.779,,,,,,25.0,,,,,,0.012,,,,,,
,,40,,,,,,,,7.790,,,,,,25.0,,,,,,0.011,,,,,,
,,41,,,,,,,,7.800,,,,,,25.0,,,,,,0.010,,,,,,
,,42,,,,,,,,7.809,,,,,,25.0,,,,,,0.009,,,,,,
,,43,,,,,,,,7.817,,,,,,25.0,,,,,,0.008,,,,,,
,,44,,,,,,,,7.826,,,,,,25.0,,,,,,0.009,,,,,,
,,45,,,,,,,,7.833,,,,,,25.0,,,,,,0.007,,,,,,
,,46,,,,,,,,7.840,,,,,,25.0,,,,,,0.007,,,,,,
,,47,,,,,,,,7.847,,,,,,25.0,,,,,,0.007,,,,,,
,,48,,,,,,,,7.853,,,,,,25.0,,,,,,0.006,,,,,,
,,49,,,,,,,,7.859,,,,,,25.0,,,,,,0.006,,,,,,
,,50,,,,,,,,7.863,,,,,,25.0,,,,,,0.004,,,,,,
,,51,,,,,,,,7.868,,,,,,25.0,,,,,,0.005,,,,,,
,,52,,,,,,,,7.872,,,,,,25.0,,,,,,0.004,,,,,,
,,53,,,,,,,,7.877,,,,,,25.0,,,,,,0.005,,,,,,
,,54,,,,,,,,7.880,,,,,,25.0,,,,,,0.003,,,,,,
,,55,,,,,,,,7.884,,,,,,25.0,,,,,,0.004,,,,,,
,,56,,,,,,,,7.887,,,,,,25.0,,,,,,0.003,,,,,,
,,57,,,,,,,,7.889,,,,,,25.0,,,,,,0.002,,,,,,
,,58,,,,,,,,7.892,,,,,,25.0,,,,,,0.003,,,,,,
,,59,,,,,,,,7.894,,,,,,25.0,,,,,,0.002,,,,,,
,,60,,,,,,,,7.897,,,,,,25.0,,,,,,0.003,,,,,,
Titration (EQP) [1],,,,,,,,,,,"Scope 1/1, Sample 27/30",,,,,,,,,,,,,,,,,
E - V Curve,,,,,,"Scope 1/1, Sample 27/30",,,,,,,,,,,,,,,,,,,,,,
,,E [pH],,,,,,,,,,,,,,,,,,,,,,,,,,
dE/dV - V Curve,,,,,,,,,"Scope 1/1, Sample 27/30",,,,,,,,,,,,,,,,,,,
,dE/dV [pH/mL],,,,,,,,,,,,,,,,,,,,,,,,,,,
Measured Values,,,,,,,,,"Scope 1/1, Sample 27/30",,,,,,,,,,,,,,,,,,,
,,Time,,,V,,,,,Meas. value,,,,dV,,Temp.,,,dE,,,,dE/dV,,,,,EQP
,,[s],,,[mL],,,,,[pH],,,,[mL],,[°C],,,[pH],,,,[pH/mL],,,,,
,,0,,,0.00000,,,,,7.901,,,,,,25.0,,,,,,,,,,,,
,,32,,,0.17150,,,,,7.216,,,,0.17150,,25.0,,,-0.685,,,,,,,,,
,,63,,,0.25725,,,,,6.906,,,,0.08575,,25.0,,,-0.310,,,,,,,,,
,,93,,,0.30000,,,,,6.737,,,,0.04275,,25.0,,,-0.169,,,,,,,,,
,,184,,,0.33125,,,,,6.634,,,,0.03125,,25.0,,,-0.103,,,,,,,,,
,,214,,,0.38125,,,,,6.557,,,,0.05000,,25.0,,,-0.077,,,,-2.22,,,,,
,,244,,,0.43125,,,,,6.473,,,,0.05000,,25.1,,,-0.084,,,,-1.66,,,,,
,,274,,,0.48125,,,,,6.394,,,,0.05000,,25.1,,,-0.079,,,,-1.44,,,,,
,,305,,,0.53125,,,,,6.317,,,,0.05000,,25.1,,,-0.077,,,,-1.48,,,,,
,,335,,,0.58125,,,,,6.239,,,,0.05000,,25.1,,,-0.078,,,,-1.51,,,,,
,,365,,,0.63125,,,,,6.167,,,,0.05000,,25.0,,,-0.072,,,,-1.49,,,,,
,,395,,,0.68125,,,,,6.091,,,,0.05000,,25.0,,,-0.076,,,,-1.52,,,,,
,,426,,,0.73125,,,,,6.013,,,,0.05000,,25.0,,,-0.078,,,,-1.57,,,,,
,,456,,,0.78125,,,,,5.932,,,,0.05000,,25.0,,,-0.081,,,,-1.66,,,,,
,,486,,,0.83125,,,,,5.844,,,,0.05000,,25.0,,,-0.088,,,,-1.81,,,,,
,,516,,,0.88125,,,,,5.746,,,,0.05000,,25.0,,,-0.098,,,,-2.04,,,,,
,,546,,,0.93125,,,,,5.638,,,,0.05000,,25.0,,,-0.108,,,,-2.43,,,,,
,,577,,,0.98125,,,,,5.506,,,,0.05000,,25.0,,,-0.132,,,,-3.07,,,,,
,,607,,,1.03125,,,,,5.339,,,,0.05000,,25.1,,,-0.167,,,,-4.15,,,,,
,,637,,,1.06425,,,,,5.196,,,,0.03300,,25.1,,,-0.143,,,,-5.21,,,,,
,,668,,,1.08850,,,,,5.066,,,,0.02425,,25.1,,,-0.130,,,,-6.19,,,,,
,,698,,,1.10875,,,,,4.930,,,,0.02025,,25.1,,,-0.136,,,,-7.09,,,,,
,,728,,,1.12500,,,,,4.804,,,,0.01625,,25.1,,,-0.126,,,,-7.89,,,,,
,,758,,,1.14000,,,,,4.666,,,,0.01500,,25.1,,,-0.138,,,,-8.79,,,,,
,,,,,1.151204 ???,,,,,4.560 ???,,,,,,,,,,,,,,,,,,EQP
,,788,,,1.15250,,,,,4.548,,,,0.01250,,25.1,,,-0.118,,,,-9.16,,,,,
,,819,,,1.16650,,,,,4.413,,,,0.01400,,25.1,,,-0.135,,,,-8.61,,,,,
,,849,,,1.18025,,,,,4.292,,,,0.01375,,25.1,,,-0.121,,,,-7.70,,,,,
,,879,,,1.19725,,,,,4.162,,,,0.01700,,25.1,,,-0.130,,,,-6.81,,,,,
,,909,,,1.21750,,,,,4.035,,,,0.02025,,25.1,,,-0.127,,,,-5.86,,,,,
,,940,,,1.24400,,,,,3.904,,,,0.02650,,25.1,,,-0.131,,,,-4.75,,,,,
,,970,,,1.27850,,,,,3.771,,,,0.03450,,25.1,,,-0.133,,,,-3.66,,,,,
,,1000,,,1.32400,,,,,3.639,,,,0.04550,,25.1,,,-0.132,,,,-2.69,,,,,
,,1030,,,1.37400,,,,,3.527,,,,0.05000,,25.1,,,-0.112,,,,-2.03,,,,,
,,1060,,,1.42400,,,,,3.438,,,,0.05000,,25.1,,,-0.089,,,,-1.62,,,,,
,,1091,,,1.47400,,,,,3.363,,,,0.05000,,25.1,,,-0.075,,,,-1.35,,,,,
,,1121,,,1.52400,,,,,3.299,,,,0.05000,,25.1,,,-0.064,,,,-1.17,,,,,
,,1151,,,1.57400,,,,,3.243,,,,0.05000,,25.1,,,-0.056,,,,-1.04,,,,,
,,1181,,,1.62400,,,,,3.194,,,,0.05000,,25.1,,,-0.049,,,,-0.93,,,,,
,,1212,,,1.67400,,,,,3.149,,,,0.05000,,25.0,,,-0.045,,,,-0.84,,,,,
,,1242,,,1.72400,,,,,3.109,,,,0.05000,,25.0,,,-0.040,,,,,,,,,
,,1272,,,1.77400,,,,,3.072,,,,0.05000,,25.0,,,-0.037,,,,,,,,,
,,1302,,,1.82400,,,,,3.038,,,,0.05000,,25.0,,,-0.034,,,,,,,,,
,,1333,,,1.87400,,,,,3.007,,,,0.05000,,25.0,,,-0.031,,,,,,,,,
,,1363,,,1.92400,,,,,2.977,,,,0.05000,,25.0,,,-0.030,,,,,,,,,
Measure (normal) [1],,,,,,,,,,,"Scope 1/1, Sample 28/30",,,,,,,,,,,,,,,,,
Measured Values,,,,,,,,,"Scope 1/1, Sample 28/30",,,,,,,,,,,,,,,,,,,
,,Time,,,,,,,,Meas. value,,,,,,Temp.,,,,,,dE,,,,,,
,,[s],,,,,,,,[pH],,,,,,[°C],,,,,,[pH],,,,,,
,,1,,,,,,,,4.712,,,,,,22.0,,,,,,,,,,,,
,,2,,,,,,,,5.007,,,,,,22.3,,,,,,0.295,,,,,,
,,3,,,,,,,,5.287,,,,,,22.7,,,,,,0.280,,,,,,
,,4,,,,,,,,5.516,,,,,,23.1,,,,,,0.229,,,,,,
,,5,,,,,,,,5.705,,,,,,23.5,,,,,,0.189,,,,,,
,,6,,,,,,,,5.870,,,,,,23.8,,,,,,0.165,,,,,,
,,7,,,,,,,,6.024,,,,,,24.1,,,,,,0.154,,,,,,
,,8,,,,,,,,6.167,,,,,,24.3,,,,,,0.143,,,,,,
,,9,,,,,,,,6.287,,,,,,24.4,,,,,,0.120,,,,,,
,,10,,,,,,,,6.411,,,,,,24.6,,,,,,0.124,,,,,,
,,11,,,,,,,,6.528,,,,,,24.7,,,,,,0.117,,,,,,
,,12,,,,,,,,6.641,,,,,,24.8,,,,,,0.113,,,,,,
,,13,,,,,,,,6.744,,,,,,24.8,,,,,,0.103,,,,,,
,,14,,,,,,,,6.840,,,,,,24.9,,,,,,0.096,,,,,,
,,15,,,,,,,,6.925,,,,,,24.9,,,,,,0.085,,,,,,
,,16,,,,,,,,6.995,,,,,,24.9,,,,,,0.070,,,,,,
,,17,,,,,,,,7.067,,,,,,25.0,,,,,,0.072,,,,,,
,,18,,,,,,,,7.139,,,,,,25.0,,,,,,0.072,,,,,,
,,19,,,,,,,,7.203,,,,,,25.0,,,,,,0.064,,,,,,
,,20,,,,,,,,7.262,,,,,,25.0,,,,,,0.059,,,,,,
,,21,,,,,,,,7.316,,,,,,25.0,,,,,,0.054,,,,,,
,,22,,,,,,,,7.362,,,,,,25.0,,,,,,0.046,,,,,,
,,23,,,,,,,,7.409,,,,,,25.0,,,,,,0.047,,,,,,
,,24,,,,,,,,7.452,,,,,,25.0,,,,,,0.043,,,,,,
,,25,,,,,,,,7.491,,,,,,25.0,,,,,,0.039,,,,,,
,,26,,,,,,,,7.527,,,,,,25.0,,,,,,0.036,,,,,,
,,27,,,,,,,,7.561,,,,,,25.0,,,,,,0.034,,,,,,
,,28,,,,,,,,7.592,,,,,,25.0,,,,,,0.031,,,,,,
,,29,,,,,,,,7.617,,,,,,25.0,,,,,,0.025,,,,,,
,,30,,,,,,,,7.643,,,,,,25.0,,,,,,0.026,,,,,,
,,31,,,,,,,,7.666,,,,,,25.0,,,,,,0.023,,,,,,
,,32,,,,,,,,7.688,,,,,,25.0,,,,,,0.022,,,,,,
,,33,,,,,,,,7.709,,,,,,25.0,,,,,,0.021,,,,,,
,,34,,,,,,,,7.728,,,,,,25.0,,,,,,0.019,,,,,,
,,35,,,,,,,,7.745,,,,,,25.0,,,,,,0.017,,,,,,
,,36,,,,,,,,7.759,,,,,,25.0,,,,,,0.014,,,,,,
,,37,,,,,,,,7.774,,,,,,25.0,,,,,,0.015,,,,,,
,,38,,,,,,,,7.787,,,,,,25.0,,,,,,0.013,,,,,,
,,39,,,,,,,,7.800,,,,,,25.0,,,,,,0.013,,,,,,
,,40,,,,,,,,7.812,,,,,,25.0,,,,,,0.012,,,,,,
,,41,,,,,,,,7.823,,,,,,25.0,,,,,,0.011,,,,,,
,,42,,,,,,,,7.832,,,,,,25.0,,,,,,0.009,,,,,,
,,43,,,,,,,,7.840,,,,,,25.0,,,,,,0.008,,,,,,
,,44,,,,,,,,7.847,,,,,,25.0,,,,,,0.007,,,,,,
,,45,,,,,,,,7.855,,,,,,25.0,,,,,,0.008,,,,,,
,,46,,,,,,,,7.861,,,,,,25.0,,,,,,0.006,,,,,,
,,47,,,,,,,,7.868,,,,,,25.0,,,,,,0.007,,,,,,
,,48,,,,,,,,7.873,,,,,,25.0,,,,,,0.005,,,,,,
,,49,,,,,,,,7.879,,,,,,25.0,,,,,,0.006,,,,,,
,,50,,,,,,,,7.883,,,,,,25.0,,,,,,0.004,,,,,,
,,51,,,,,,,,7.887,,,,,,25.0,,,,,,0.004,,,,,,
,,52,,,,,,,,7.891,,,,,,25.0,,,,,,0.004,,,,,,
,,53,,,,,,,,7.895,,,,,,25.0,,,,,,0.004,,,,,,
,,54,,,,,,,,7.899,,,,,,25.0,,,,,,0.004,,,,,,
,,55,,,,,,,,7.902,,,,,,25.0,,,,,,0.003,,,,,,
,,56,,,,,,,,7.905,,,,,,25.0,,,,,,0.003,,,,,,
,,57,,,,,,,,7.907,,,,,,25.0,,,,,,0.002,,,,,,
,,58,,,,,,,,7.910,,,,,,25.0,,,,,,0.003,,,,,,
,,59,,,,,,,,7.912,,,,,,25.0,,,,,,0.002,,,,,,
,,60,,,,,,,,7.914,,,,,,25.0,,,,,,0.002,,,,,,
Titration (EQP) [1],,,,,,,,,,,"Scope 1/1, Sample 28/30",,,,,,,,,,,,,,,,,
E - V Curve,,,,,,"Scope 1/1, Sample 28/30",,,,,,,,,,,,,,,,,,,,,,
,,E [pH],,,,,,,,,,,,,,,,,,,,,,,,,,
dE/dV - V Curve,,,,,,,,,"Scope 1/1, Sample 28/30",,,,,,,,,,,,,,,,,,,
,dE/dV [pH/mL],,,,,,,,,,,,,,,,,,,,,,,,,,,
Measured Values,,,,,,,,,"Scope 1/1, Sample 28/30",,,,,,,,,,,,,,,,,,,
,,Time,,,V,,,,,Meas. value,,,,dV,,Temp.,,,dE,,,,dE/dV,,,,,EQP
,,[s],,,[mL],,,,,[pH],,,,[mL],,[°C],,,[pH],,,,[pH/mL],,,,,
,,0,,,0.00000,,,,,7.919,,,,,,25.0,,,,,,,,,,,,
,,31,,,0.17150,,,,,7.248,,,,0.17150,,25.0,,,-0.671,,,,,,,,,
,,61,,,0.25725,,,,,6.934,,,,0.08575,,25.0,,,-0.314,,,,,,,,,
,,91,,,0.30000,,,,,6.763,,,,0.04275,,25.0,,,-0.171,,,,,,,,,
,,182,,,0.33100,,,,,6.659,,,,0.03100,,25.1,,,-0.104,,,,,,,,,
,,212,,,0.38000,,,,,6.584,,,,0.04900,,25.1,,,-0.075,,,,-2.24,,,,,
,,242,,,0.43000,,,,,6.504,,,,0.05000,,25.1,,,-0.080,,,,-1.65,,,,,
,,272,,,0.48000,,,,,6.424,,,,0.05000,,25.1,,,-0.080,,,,-1.42,,,,,
,,303,,,0.53000,,,,,6.348,,,,0.05000,,25.1,,,-0.076,,,,-1.45,,,,,
,,333,,,0.58000,,,,,6.273,,,,0.05000,,25.1,,,-0.075,,,,-1.47,,,,,
,,363,,,0.63000,,,,,6.199,,,,0.05000,,25.1,,,-0.074,,,,-1.44,,,,,
,,393,,,0.68000,,,,,6.131,,,,0.05000,,25.1,,,-0.068,,,,-1.44,,,,,
,,424,,,0.73000,,,,,6.056,,,,0.05000,,25.1,,,-0.075,,,,-1.47,,,,,
,,454,,,0.78000,,,,,5.981,,,,0.05000,,25.1,,,-0.075,,,,-1.53,,,,,
,,484,,,0.83000,,,,,5.902,,,,0.05000,,25.1,,,-0.079,,,,-1.63,,,,,
,,514,,,0.88000,,,,,5.814,,,,0.05000,,25.1,,,-0.088,,,,-1.80,,,,,
,,545,,,0.93000,,,,,5.719,,,,0.05000,,25.1,,,-0.095,,,,-2.05,,,,,
,,575,,,0.98000,,,,,5.607,,,,0.05000,,25.1,,,-0.112,,,,-2.45,,,,,
,,605,,,1.03000,,,,,5.475,,,,0.05000,,25.1,,,-0.132,,,,-3.11,,,,,
,,635,,,1.08000,,,,,5.304,,,,0.05000,,25.1,,,-0.171,,,,-4.21,,,,,
,,666,,,1.11150,,,,,5.168,,,,0.03150,,25.1,,,-0.136,,,,-5.20,,,,,
,,696,,,1.13650,,,,,5.033,,,,0.02500,,25.1,,,-0.135,,,,-6.17,,,,,
,,726,,,1.15650,,,,,4.899,,,,0.02000,,25.1,,,-0.134,,,,-7.01,,,,,
,,756,,,1.17300,,,,,4.769,,,,0.01650,,25.1,,,-0.130,,,,-7.77,,,,,
,,786,,,1.18775,,,,,4.636,,,,0.01475,,25.1,,,-0.133,,,,-8.61,,,,,
,,,,,1.196956 ???,,,,,4.551 ???,,,,,,,,,,,,,,,,,,EQP
,,817,,,1.20075,,,,,4.516,,,,0.01300,,25.1,,,-0.120,,,,-8.75,,,,,
,,847,,,1.21525,,,,,4.384,,,,0.01450,,25.1,,,-0.132,,,,-8.06,,,,,
,,877,,,1.23050,,,,,4.260,,,,0.01525,,25.1,,,-0.124,,,,-7.18,,,,,
,,908,,,1.24925,,,,,4.129,,,,0.01875,,25.1,,,-0.131,,,,-6.31,,,,,
,,938,,,1.27150,,,,,4.001,,,,0.02225,,25.1,,,-0.128,,,,-5.35,,,,,
,,968,,,1.30050,,,,,3.872,,,,0.02900,,25.1,,,-0.129,,,,-4.30,,,,,
,,998,,,1.33950,,,,,3.738,,,,0.03900,,25.1,,,-0.134,,,,-3.25,,,,,
,,1028,,,1.38950,,,,,3.607,,,,0.05000,,25.1,,,-0.131,,,,-2.37,,,,,
,,1059,,,1.43950,,,,,3.506,,,,0.05000,,25.1,,,-0.101,,,,-1.84,,,,,
,,1089,,,1.48950,,,,,3.423,,,,0.05000,,25.1,,,-0.083,,,,-1.50,,,,,
,,1119,,,1.53950,,,,,3.353,,,,0.05000,,25.1,,,-0.070,,,,-1.27,,,,,
,,1149,,,1.58950,,,,,3.293,,,,0.05000,,25.1,,,-0.060,,,,-1.11,,,,,
,,1180,,,1.63950,,,,,3.240,,,,0.05000,,25.1,,,-0.053,,,,-0.99,,,,,
,,1210,,,1.68950,,,,,3.193,,,,0.05000,,25.1,,,-0.047,,,,-0.89,,,,,
,,1240,,,1.73950,,,,,3.150,,,,0.05000,,25.1,,,-0.043,,,,-0.81,,,,,
,,1270,,,1.78950,,,,,3.111,,,,0.05000,,25.1,,,-0.039,,,,,,,,,
,,1301,,,1.83950,,,,,3.075,,,,0.05000,,25.1,,,-0.036,,,,,,,,,
,,1331,,,1.88950,,,,,3.042,,,,0.05000,,25.1,,,-0.033,,,,,,,,,
,,1361,,,1.93950,,,,,3.012,,,,0.05000,,25.1,,,-0.030,,,,,,,,,
,,1391,,,1.98950,,,,,2.983,,,,0.05000,,25.1,,,-0.029,,,,,,,,,
Measure (normal) [1],,,,,,,,,,,"Scope 1/1, Sample 29/30",,,,,,,,,,,,,,,,,
Measured Values,,,,,,,,,"Scope 1/1, Sample 29/30",,,,,,,,,,,,,,,,,,,
,,Time,,,,,,,,Meas. value,,,,,,Temp.,,,,,,dE,,,,,,
,,[s],,,,,,,,[pH],,,,,,[°C],,,,,,[pH],,,,,,
,,1,,,,,,,,4.701,,,,,,23.3,,,,,,,,,,,,
,,2,,,,,,,,4.994,,,,,,23.5,,,,,,0.293,,,,,,
,,3,,,,,,,,5.269,,,,,,23.7,,,,,,0.275,,,,,,
,,4,,,,,,,,5.488,,,,,,24.0,,,,,,0.219,,,,,,
,,5,,,,,,,,5.672,,,,,,24.2,,,,,,0.184,,,,,,
,,6,,,,,,,,5.837,,,,,,24.4,,,,,,0.165,,,,,,
,,7,,,,,,,,5.988,,,,,,24.6,,,,,,0.151,,,,,,
,,8,,,,,,,,6.113,,,,,,24.7,,,,,,0.125,,,,,,
,,9,,,,,,,,6.244,,,,,,24.8,,,,,,0.131,,,,,,
,,10,,,,,,,,6.367,,,,,,24.9,,,,,,0.123,,,,,,
,,11,,,,,,,,6.482,,,,,,25.0,,,,,,0.115,,,,,,
,,12,,,,,,,,6.588,,,,,,25.0,,,,,,0.106,,,,,,
,,13,,,,,,,,6.684,,,,,,25.0,,,,,,0.096,,,,,,
,,14,,,,,,,,6.776,,,,,,25.1,,,,,,0.092,,,,,,
,,15,,,,,,,,6.857,,,,,,25.1,,,,,,0.081,,,,,,
,,16,,,,,,,,6.934,,,,,,25.1,,,,,,0.077,,,,,,
,,17,,,,,,,,7.005,,,,,,25.1,,,,,,0.071,,,,,,
,,18,,,,,,,,7.076,,,,,,25.1,,,,,,0.071,,,,,,
,,19,,,,,,,,7.142,,,,,,25.2,,,,,,0.066,,,,,,
,,20,,,,,,,,7.199,,,,,,25.2,,,,,,0.057,,,,,,
,,21,,,,,,,,7.253,,,,,,25.2,,,,,,0.054,,,,,,
,,22,,,,,,,,7.298,,,,,,25.2,,,,,,0.045,,,,,,
,,23,,,,,,,,7.345,,,,,,25.2,,,,,,0.047,,,,,,
,,24,,,,,,,,7.386,,,,,,25.2,,,,,,0.041,,,,,,
,,25,,,,,,,,7.425,,,,,,25.2,,,,,,0.039,,,,,,
,,26,,,,,,,,7.462,,,,,,25.2,,,,,,0.037,,,,,,
,,27,,,,,,,,7.495,,,,,,25.2,,,,,,0.033,,,,,,
,,28,,,,,,,,7.526,,,,,,25.2,,,,,,0.031,,,,,,
,,29,,,,,,,,7.550,,,,,,25.2,,,,,,0.024,,,,,,
,,30,,,,,,,,7.577,,,,,,25.2,,,,,,0.027,,,,,,
,,31,,,,,,,,7.601,,,,,,25.2,,,,,,0.024,,,,,,
,,32,,,,,,,,7.623,,,,,,25.2,,,,,,0.022,,,,,,
,,33,,,,,,,,7.644,,,,,,25.2,,,,,,0.021,,,,,,
,,34,,,,,,,,7.663,,,,,,25.2,,,,,,0.019,,,,,,
,,35,,,,,,,,7.680,,,,,,25.2,,,,,,0.017,,,,,,
,,36,,,,,,,,7.696,,,,,,25.2,,,,,,0.016,,,,,,
,,37,,,,,,,,7.711,,,,,,25.2,,,,,,0.015,,,,,,
,,38,,,,,,,,7.725,,,,,,25.2,,,,,,0.014,,,,,,
,,39,,,,,,,,7.738,,,,,,25.2,,,,,,0.013,,,,,,
,,40,,,,,,,,7.750,,,,,,25.2,,,,,,0.012,,,,,,
,,41,,,,,,,,7.761,,,,,,25.2,,,,,,0.011,,,,,,
,,42,,,,,,,,7.772,,,,,,25.2,,,,,,0.011,,,,,,
,,43,,,,,,,,7.780,,,,,,25.2,,,,,,0.008,,,,,,
,,44,,,,,,,,7.789,,,,,,25.2,,,,,,0.009,,,,,,
,,45,,,,,,,,7.797,,,,,,25.2,,,,,,0.008,,,,,,
,,46,,,,,,,,7.804,,,,,,25.2,,,,,,0.007,,,,,,
,,47,,,,,,,,7.811,,,,,,25.2,,,,,,0.007,,,,,,
,,48,,,,,,,,7.817,,,,,,25.2,,,,,,0.006,,,,,,
,,49,,,,,,,,7.824,,,,,,25.2,,,,,,0.007,,,,,,
,,50,,,,,,,,7.829,,,,,,25.2,,,,,,0.005,,,,,,
,,51,,,,,,,,7.834,,,,,,25.2,,,,,,0.005,,,,,,
,,52,,,,,,,,7.839,,,,,,25.2,,,,,,0.005,,,,,,
,,53,,,,,,,,7.844,,,,,,25.2,,,,,,0.005,,,,,,
,,54,,,,,,,,7.848,,,,,,25.2,,,,,,0.004,,,,,,
,,55,,,,,,,,7.852,,,,,,25.2,,,,,,0.004,,,,,,
,,56,,,,,,,,7.855,,,,,,25.2,,,,,,0.003,,,,,,
,,57,,,,,,,,7.858,,,,,,25.2,,,,,,0.003,,,,,,
,,58,,,,,,,,7.862,,,,,,25.2,,,,,,0.004,,,,,,
,,59,,,,,,,,7.864,,,,,,25.2,,,,,,0.002,,,,,,
,,60,,,,,,,,7.867,,,,,,25.2,,,,,,0.003,,,,,,
Titration (EQP) [1],,,,,,,,,,,"Scope 1/1, Sample 29/30",,,,,,,,,,,,,,,,,
E - V Curve,,,,,,"Scope 1/1, Sample 29/30",,,,,,,,,,,,,,,,,,,,,,
,,E [pH],,,,,,,,,,,,,,,,,,,,,,,,,,
dE/dV - V Curve,,,,,,,,,"Scope 1/1, Sample 29/30",,,,,,,,,,,,,,,,,,,
,dE/dV [pH/mL],,,,,,,,,,,,,,,,,,,,,,,,,,,
Measured Values,,,,,,,,,"Scope 1/1, Sample 29/30",,,,,,,,,,,,,,,,,,,
,,Time,,,V,,,,,Meas. value,,,,dV,,Temp.,,,dE,,,,dE/dV,,,,,EQP
,,[s],,,[mL],,,,,[pH],,,,[mL],,[°C],,,[pH],,,,[pH/mL],,,,,
,,0,,,0.00000,,,,,7.873,,,,,,25.2,,,,,,,,,,,,
,,31,,,0.17150,,,,,7.234,,,,0.17150,,25.2,,,-0.639,,,,,,,,,
,,61,,,0.25725,,,,,6.924,,,,0.08575,,25.2,,,-0.310,,,,,,,,,
,,91,,,0.30000,,,,,6.754,,,,0.04275,,25.2,,,-0.170,,,,,,,,,
,,183,,,0.33125,,,,,6.641,,,,0.03125,,25.2,,,-0.113,,,,,,,,,
,,213,,,0.37250,,,,,6.577,,,,0.04125,,25.2,,,-0.064,,,,-2.33,,,,,
,,243,,,0.42250,,,,,6.500,,,,0.05000,,25.2,,,-0.077,,,,-1.69,,,,,
,,273,,,0.47250,,,,,6.421,,,,0.05000,,25.2,,,-0.079,,,,-1.41,,,,,
,,304,,,0.52250,,,,,6.344,,,,0.05000,,25.2,,,-0.077,,,,-1.43,,,,,
,,334,,,0.57250,,,,,6.270,,,,0.05000,,25.2,,,-0.074,,,,-1.47,,,,,
,,364,,,0.62250,,,,,6.198,,,,0.05000,,25.1,,,-0.072,,,,-1.45,,,,,
,,394,,,0.67250,,,,,6.125,,,,0.05000,,25.1,,,-0.073,,,,-1.45,,,,,
,,425,,,0.72250,,,,,6.052,,,,0.05000,,25.1,,,-0.073,,,,-1.49,,,,,
,,455,,,0.77250,,,,,5.976,,,,0.05000,,25.1,,,-0.076,,,,-1.55,,,,,
,,485,,,0.82250,,,,,5.896,,,,0.05000,,25.1,,,-0.080,,,,-1.64,,,,,
,,515,,,0.87250,,,,,5.808,,,,0.05000,,25.1,,,-0.088,,,,-1.78,,,,,
,,546,,,0.92250,,,,,5.714,,,,0.05000,,25.1,,,-0.094,,,,-2.01,,,,,
,,576,,,0.97250,,,,,5.606,,,,0.05000,,25.1,,,-0.108,,,,-2.37,,,,,
,,606,,,1.02250,,,,,5.478,,,,0.05000,,25.1,,,-0.128,,,,-2.97,,,,,
,,636,,,1.07250,,,,,5.316,,,,0.05000,,25.1,,,-0.162,,,,-3.97,,,,,
,,667,,,1.10750,,,,,5.169,,,,0.03500,,25.1,,,-0.147,,,,-4.98,,,,,
,,697,,,1.13275,,,,,5.039,,,,0.02525,,25.1,,,-0.130,,,,-5.88,,,,,
,,727,,,1.15425,,,,,4.901,,,,0.02150,,25.1,,,-0.138,,,,-6.70,,,,,
,,757,,,1.17125,,,,,4.773,,,,0.01700,,25.1,,,-0.128,,,,-7.42,,,,,
,,788,,,1.18650,,,,,4.644,,,,0.01525,,25.1,,,-0.129,,,,-8.18,,,,,
,,,,,1.196363 ???,,,,,4.555 ???,,,,,,,,,,,,,,,,,,EQP
,,818,,,1.20075,,,,,4.516,,,,0.01425,,25.1,,,-0.128,,,,-8.35,,,,,
,,848,,,1.21500,,,,,4.396,,,,0.01425,,25.1,,,-0.120,,,,-7.71,,,,,
,,878,,,1.23175,,,,,4.263,,,,0.01675,,25.1,,,-0.133,,,,-6.85,,,,,
,,908,,,1.25025,,,,,4.140,,,,0.01850,,25.1,,,-0.123,,,,-6.06,,,,,
,,939,,,1.27425,,,,,4.007,,,,0.02400,,25.1,,,-0.133,,,,-5.10,,,,,
,,969,,,1.30375,,,,,3.881,,,,0.02950,,25.1,,,-0.126,,,,-4.11,,,,,
,,999,,,1.34500,,,,,3.746,,,,0.04125,,25.1,,,-0.135,,,,-3.09,,,,,
,,1030,,,1.39500,,,,,3.620,,,,0.05000,,25.1,,,-0.126,,,,-2.28,,,,,
,,1060,,,1.44500,,,,,3.522,,,,0.05000,,25.1,,,-0.098,,,,-1.78,,,,,
,,1090,,,1.49500,,,,,3.441,,,,0.05000,,25.1,,,-0.081,,,,-1.46,,,,,
,,1120,,,1.54500,,,,,3.373,,,,0.05000,,25.1,,,-0.068,,,,-1.24,,,,,
,,1150,,,1.59500,,,,,3.314,,,,0.05000,,25.1,,,-0.059,,,,-1.09,,,,,
,,1181,,,1.64500,,,,,3.262,,,,0.05000,,25.1,,,-0.052,,,,-0.97,,,,,
,,1211,,,1.69500,,,,,3.216,,,,0.05000,,25.1,,,-0.046,,,,-0.88,,,,,
,,1241,,,1.74500,,,,,3.174,,,,0.05000,,25.1,,,-0.042,,,,-0.80,,,,,
,,1271,,,1.79500,,,,,3.135,,,,0.05000,,25.1,,,-0.039,,,,-0.73,,,,,
,,1302,,,1.84500,,,,,3.100,,,,0.05000,,25.1,,,-0.035,,,,,,,,,
,,1332,,,1.89500,,,,,3.067,,,,0.05000,,25.1,,,-0.033,,,,,,,,,
,,1362,,,1.94500,,,,,3.037,,,,0.05000,,25.1,,,-0.030,,,,,,,,,
,,1392,,,1.99500,,,,,3.009,,,,0.05000,,25.1,,,-0.028,,,,,,,,,
,,1423,,,2.04500,,,,,2.982,,,,0.05000,,25.1,,,-0.027,,,,,,,,,
Measure (normal) [1],,,,,,,,,,,"Scope 1/1, Sample 30/30",,,,,,,,,,,,,,,,,
Measured Values,,,,,,,,,"Scope 1/1, Sample 30/30",,,,,,,,,,,,,,,,,,,
,,Time,,,,,,,,Meas. value,,,,,,Temp.,,,,,,dE,,,,,,
,,[s],,,,,,,,[pH],,,,,,[°C],,,,,,[pH],,,,,,
,,1,,,,,,,,4.678,,,,,,23.0,,,,,,,,,,,,
,,2,,,,,,,,4.998,,,,,,23.2,,,,,,0.320,,,,,,
,,3,,,,,,,,5.286,,,,,,23.5,,,,,,0.288,,,,,,
,,4,,,,,,,,5.512,,,,,,23.8,,,,,,0.226,,,,,,
,,5,,,,,,,,5.703,,,,,,24.1,,,,,,0.191,,,,,,
,,6,,,,,,,,5.875,,,,,,24.3,,,,,,0.172,,,,,,
,,7,,,,,,,,6.030,,,,,,24.5,,,,,,0.155,,,,,,
,,8,,,,,,,,6.157,,,,,,24.7,,,,,,0.127,,,,,,
,,9,,,,,,,,6.290,,,,,,24.8,,,,,,0.133,,,,,,
,,10,,,,,,,,6.415,,,,,,24.9,,,,,,0.125,,,,,,
,,11,,,,,,,,6.530,,,,,,24.9,,,,,,0.115,,,,,,
,,12,,,,,,,,6.638,,,,,,25.0,,,,,,0.108,,,,,,
,,13,,,,,,,,6.738,,,,,,25.0,,,,,,0.100,,,,,,
,,14,,,,,,,,6.834,,,,,,25.1,,,,,,0.096,,,,,,
,,15,,,,,,,,6.911,,,,,,25.1,,,,,,0.077,,,,,,
,,16,,,,,,,,6.989,,,,,,25.1,,,,,,0.078,,,,,,
,,17,,,,,,,,7.059,,,,,,25.1,,,,,,0.070,,,,,,
,,18,,,,,,,,7.131,,,,,,25.1,,,,,,0.072,,,,,,
,,19,,,,,,,,7.194,,,,,,25.2,,,,,,0.063,,,,,,
,,20,,,,,,,,7.252,,,,,,25.2,,,,,,0.058,,,,,,
,,21,,,,,,,,7.305,,,,,,25.2,,,,,,0.053,,,,,,
,,22,,,,,,,,7.352,,,,,,25.2,,,,,,0.047,,,,,,
,,23,,,,,,,,7.399,,,,,,25.2,,,,,,0.047,,,,,,
,,24,,,,,,,,7.441,,,,,,25.2,,,,,,0.042,,,,,,
,,25,,,,,,,,7.480,,,,,,25.2,,,,,,0.039,,,,,,
,,26,,,,,,,,7.516,,,,,,25.2,,,,,,0.036,,,,,,
,,27,,,,,,,,7.548,,,,,,25.2,,,,,,0.032,,,,,,
,,28,,,,,,,,7.578,,,,,,25.2,,,,,,0.030,,,,,,
,,29,,,,,,,,7.604,,,,,,25.2,,,,,,0.026,,,,,,
,,30,,,,,,,,7.630,,,,,,25.2,,,,,,0.026,,,,,,
,,31,,,,,,,,7.653,,,,,,25.2,,,,,,0.023,,,,,,
,,32,,,,,,,,7.674,,,,,,25.2,,,,,,0.021,,,,,,
,,33,,,,,,,,7.695,,,,,,25.2,,,,,,0.021,,,,,,
,,34,,,,,,,,7.714,,,,,,25.2,,,,,,0.019,,,,,,
,,35,,,,,,,,7.730,,,,,,25.2,,,,,,0.016,,,,,,
,,36,,,,,,,,7.744,,,,,,25.2,,,,,,0.014,,,,,,
,,37,,,,,,,,7.759,,,,,,25.2,,,,,,0.015,,,,,,
,,38,,,,,,,,7.772,,,,,,25.2,,,,,,0.013,,,,,,
,,39,,,,,,,,7.785,,,,,,25.2,,,,,,0.013,,,,,,
,,40,,,,,,,,7.796,,,,,,25.2,,,,,,0.011,,,,,,
,,41,,,,,,,,7.807,,,,,,25.2,,,,,,0.011,,,,,,
,,42,,,,,,,,7.816,,,,,,25.2,,,,,,0.009,,,,,,
,,43,,,,,,,,7.824,,,,,,25.2,,,,,,0.008,,,,,,
,,44,,,,,,,,7.833,,,,,,25.2,,,,,,0.009,,,,,,
,,45,,,,,,,,7.840,,,,,,25.2,,,,,,0.007,,,,,,
,,46,,,,,,,,7.846,,,,,,25.2,,,,,,0.006,,,,,,
,,47,,,,,,,,7.853,,,,,,25.2,,,,,,0.007,,,,,,
,,48,,,,,,,,7.859,,,,,,25.2,,,,,,0.006,,,,,,
,,49,,,,,,,,7.864,,,,,,25.2,,,,,,0.005,,,,,,
,,50,,,,,,,,7.869,,,,,,25.2,,,,,,0.005,,,,,,
,,51,,,,,,,,7.873,,,,,,25.2,,,,,,0.004,,,,,,
,,52,,,,,,,,7.877,,,,,,25.2,,,,,,0.004,,,,,,
,,53,,,,,,,,7.880,,,,,,25.2,,,,,,0.003,,,,,,
,,54,,,,,,,,7.884,,,,,,25.2,,,,,,0.004,,,,,,
,,55,,,,,,,,7.887,,,,,,25.2,,,,,,0.003,,,,,,
,,56,,,,,,,,7.890,,,,,,25.2,,,,,,0.003,,,,,,
,,57,,,,,,,,7.893,,,,,,25.2,,,,,,0.003,,,,,,
,,58,,,,,,,,7.895,,,,,,25.2,,,,,,0.002,,,,,,
,,59,,,,,,,,7.898,,,,,,25.2,,,,,,0.003,,,,,,
,,60,,,,,,,,7.900,,,,,,25.2,,,,,,0.002,,,,,,
Titration (EQP) [1],,,,,,,,,,,"Scope 1/1, Sample 30/30",,,,,,,,,,,,,,,,,
E - V Curve,,,,,,"Scope 1/1, Sample 30/30",,,,,,,,,,,,,,,,,,,,,,
,,E [pH],,,,,,,,,,,,,,,,,,,,,,,,,,
dE/dV - V Curve,,,,,,,,,"Scope 1/1, Sample 30/30",,,,,,,,,,,,,,,,,,,
,dE/dV [pH/mL],,,,,,,,,,,,,,,,,,,,,,,,,,,
Measured Values,,,,,,,,,"Scope 1/1, Sample 30/30",,,,,,,,,,,,,,,,,,,
,,Time,,,V,,,,,Meas. value,,,,dV,,Temp.,,,dE,,,,dE/dV,,,,,EQP
,,[s],,,[mL],,,,,[pH],,,,[mL],,[°C],,,[pH],,,,[pH/mL],,,,,
,,0,,,0.00000,,,,,7.906,,,,,,25.2,,,,,,,,,,,,
,,33,,,0.17150,,,,,7.204,,,,0.17150,,25.2,,,-0.702,,,,,,,,,
,,63,,,0.25725,,,,,6.891,,,,0.08575,,25.2,,,-0.313,,,,,,,,,
,,94,,,0.30000,,,,,6.714,,,,0.04275,,25.2,,,-0.177,,,,,,,,,
,,185,,,0.32925,,,,,6.604,,,,0.02925,,25.2,,,-0.110,,,,,,,,,
,,215,,,0.36825,,,,,6.540,,,,0.03900,,25.2,,,-0.064,,,,-2.41,,,,,
,,245,,,0.41825,,,,,6.459,,,,0.05000,,25.2,,,-0.081,,,,-1.80,,,,,
,,276,,,0.46825,,,,,6.377,,,,0.05000,,25.2,,,-0.082,,,,-1.51,,,,,
,,306,,,0.51825,,,,,6.294,,,,0.05000,,25.2,,,-0.083,,,,-1.54,,,,,
,,336,,,0.56825,,,,,6.214,,,,0.05000,,25.2,,,-0.080,,,,-1.60,,,,,
,,366,,,0.61825,,,,,6.133,,,,0.05000,,25.2,,,-0.081,,,,-1.60,,,,,
,,396,,,0.66825,,,,,6.055,,,,0.05000,,25.2,,,-0.078,,,,-1.62,,,,,
,,427,,,0.71825,,,,,5.972,,,,0.05000,,25.2,,,-0.083,,,,-1.68,,,,,
,,457,,,0.76825,,,,,5.882,,,,0.05000,,25.2,,,-0.090,,,,-1.80,,,,,
,,487,,,0.81825,,,,,5.788,,,,0.05000,,25.2,,,-0.094,,,,-2.01,,,,,
,,517,,,0.86825,,,,,5.680,,,,0.05000,,25.2,,,-0.108,,,,-2.34,,,,,
,,548,,,0.91825,,,,,5.554,,,,0.05000,,25.2,,,-0.126,,,,-2.89,,,,,
,,578,,,0.96825,,,,,5.396,,,,0.05000,,25.2,,,-0.158,,,,-3.82,,,,,
,,608,,,1.00525,,,,,5.249,,,,0.03700,,25.2,,,-0.147,,,,-4.88,,,,,
,,638,,,1.03200,,,,,5.115,,,,0.02675,,25.2,,,-0.134,,,,-5.89,,,,,
,,669,,,1.05375,,,,,4.978,,,,0.02175,,25.2,,,-0.137,,,,-6.84,,,,,
,,699,,,1.07100,,,,,4.849,,,,0.01725,,25.2,,,-0.129,,,,-7.65,,,,,
,,729,,,1.08625,,,,,4.714,,,,0.01525,,25.2,,,-0.135,,,,-8.55,,,,,
,,759,,,1.09925,,,,,4.591,,,,0.01300,,25.2,,,-0.123,,,,-9.15,,,,,
,,,,,1.100077,,,,,4.583,,,,,,,,,,,,,,,,,,EQP
,,790,,,1.11275,,,,,4.461,,,,0.01350,,25.2,,,-0.130,,,,-8.87,,,,,
,,820,,,1.12675,,,,,4.333,,,,0.01400,,25.2,,,-0.128,,,,-7.97,,,,,
,,850,,,1.14225,,,,,4.209,,,,0.01550,,25.2,,,-0.124,,,,-7.09,,,,,
,,880,,,1.16150,,,,,4.080,,,,0.01925,,25.2,,,-0.129,,,,-6.16,,,,,
,,911,,,1.18575,,,,,3.950,,,,0.02425,,25.2,,,-0.130,,,,-5.09,,,,,
,,941,,,1.21725,,,,,3.820,,,,0.03150,,25.2,,,-0.130,,,,-3.99,,,,,
,,971,,,1.25975,,,,,3.685,,,,0.04250,,25.2,,,-0.135,,,,-2.95,,,,,
,,1001,,,1.30975,,,,,3.565,,,,0.05000,,25.2,,,-0.120,,,,-2.18,,,,,
,,1032,,,1.35975,,,,,3.470,,,,0.05000,,25.2,,,-0.095,,,,-1.72,,,,,
,,1062,,,1.40975,,,,,3.392,,,,0.05000,,25.2,,,-0.078,,,,-1.42,,,,,
,,1092,,,1.45975,,,,,3.325,,,,0.05000,,25.2,,,-0.067,,,,-1.22,,,,,
,,1122,,,1.50975,,,,,3.267,,,,0.05000,,25.2,,,-0.058,,,,-1.07,,,,,
,,1152,,,1.55975,,,,,3.216,,,,0.05000,,25.2,,,-0.051,,,,-0.96,,,,,
,,1183,,,1.60975,,,,,3.171,,,,0.05000,,25.2,,,-0.045,,,,-0.86,,,,,
,,1213,,,1.65975,,,,,3.129,,,,0.05000,,25.2,,,-0.042,,,,,,,,,
,,1243,,,1.70975,,,,,3.092,,,,0.05000,,25.2,,,-0.037,,,,,,,,,
,,1274,,,1.75975,,,,,3.056,,,,0.05000,,25.2,,,-0.036,,,,,,,,,
,,1304,,,1.80975,,,,,3.025,,,,0.05000,,25.1,,,-0.031,,,,,,,,,
,,1334,,,1.85975,,,,,2.995,,,,0.05000,,25.1,,,-0.030,,,,,,,,,
Used Instruments,,,,,,,,,,,,,,,,,,,,,,,,,,,,
Name,,,,,,,,SERCtitrate,,,,,,,,,,Serial number,,,,,,,B433917554,,,
Responsible User,,,,,,,,,,,,,,,,,,,,,,,,,,,,
Time,,,,,,,,,,,,Login name,,,,,,,,Full name,,,,,,,,
2/21/2024 11:22:53 AM,,,,,,,,,,,,SystemInternal,,,,,,,,System internal account,,,,,,,,
(1),,,,Modified,,,,,,,,,,,,,,,,,,,,,,,,
(9),,,,Standard evaluation used,,,,,,,,,,,,,,,,,,,,,,,,
(22),,,,New (Manual),,,,,,,,,,,,,,,,,,,,,,,,
2/22/2024 6:47:55 PM,,,,,,,,,SystemInternal,,,,,,,,,,,,,,,,,1/1,,
