"","datetime_15min","depth_m","temp_c","salinity_ppt","odo_mg_l","chlorophyll_ug_l","p_h","amb_t_c","ch4d_ppm","co2d_ppm","h2o_ppm","radon_concentration_rad7","radon_concentration_uncertainty_rad7","rh_sample_rad7","total_counts_rad7","water_depth","flowrate","cross_area","mean_velocity","total_volume","temp_k","ln_pH2O","pH2O","pCH4_uatm","pCH4_atm","CH4_M","CH4_nM","CH4_gL","CH4_mgL","CH4_ugL","C_CH4_nM","Kh","Beta1","Beta2","Beta","Kw","Rad_w_Bqm3","Rad_err_w_Bqm3"
"1",2024-01-24 01:00:00,0.948,4.627,5.45,5.53,18.64,5.8,NA,NA,NA,NA,NA,NA,NA,NA,0.260333333333333,0.0102,0.574,0.0176666666666667,2906.32733333333,277.777,-4.78196314791639,0.00837953296742867,NA,NA,NA,NA,NA,NA,NA,NA,NA,-0.873548207053091,-0.0365762888922349,0.402474114519129,0.409291788792898,NA,NA
"2",2024-01-24 02:00:00,0.957,4.2737,7.89,3.335,19.124,5.687,NA,NA,NA,NA,977.5138,230.3601,30,176,0.3284,0.00098,0.7007,0.0012,2912.28125,277.4237,-4.80671569293963,0.00817466417448972,NA,NA,NA,NA,NA,NA,NA,NA,NA,-0.858152049606709,-0.0534366429909621,0.401885244483967,0.408173133809799,398.994871088325,94.0268039217387
"3",2024-01-24 03:00:00,0.9672,4.234,8.371,2.45,17.716,5.64,NA,NA,NA,NA,977.5138,230.3601,30,176,0.3944,-0.00185,0.8225,-0.0025,2913.24775,277.384,-4.80950154604414,0.00815192245341431,NA,NA,NA,NA,NA,NA,NA,NA,NA,-0.856416378461425,-0.0567524780354755,0.401250701402069,0.407470344344541,398.307884687541,93.8649092702429
"4",2024-01-24 04:00:00,0.9261,4.4458,6.933,2.769,19.406,5.629,NA,NA,NA,NA,977.5138,230.3601,30,176,0.51375,-0.00388,1.0434,-0.0038,2905.34965,277.5958,-4.79464934627663,0.00827390000818773,NA,NA,NA,NA,NA,NA,NA,NA,NA,-0.865663068362991,-0.0467470190178611,0.401555273577453,0.408091002793161,398.914586886153,94.0078842125328
"5",2024-01-24 05:00:00,0.8893,4.1722,8.022,1.844,17.89,5.587,NA,NA,NA,NA,977.5138,230.3601,30,176,0.5577,-0.012885,1.1249,-0.0115,2875.57405,277.3222,-4.8138399990257,0.00811663232913581,NA,NA,NA,NA,NA,NA,NA,NA,NA,-0.853712239028493,-0.0544732823393466,0.403255258659859,0.409414737298631,400.208555632787,94.3128198255864
"6",2024-01-24 06:00:00,0.82,4.2109,8.43,1.893,18.689,5.582,NA,NA,NA,NA,977.5138,230.3601,30,176,0.49675,-0.01011,1.01205,-0.01,2828.37715,277.3609,-4.81112294635652,0.0081387156336043,NA,NA,NA,NA,NA,NA,NA,NA,NA,-0.855405930563926,-0.0571865926167642,0.401482022201978,0.407671297864766,398.504319526719,93.9112009432572
"7",2024-01-24 07:00:00,0.7786,4.2595,8.12,2.058,18.748,5.587,NA,NA,NA,NA,977.5138,230.3601,30,176,0.45445,-0.00838,0.9337,-0.009,2798.3388,277.4095,-4.80771204117246,0.00816652341855805,NA,NA,NA,NA,NA,NA,NA,NA,NA,-0.85753136081609,-0.0550145376330412,0.40150074162988,0.407761742577976,398.592730482019,93.9320357964369
"8",2024-01-24 08:00:00,0.7429,4.3499,7.042,1.502,18.829,5.581,NA,NA,NA,NA,977.5138,230.3601,30,176,0.42005,-0.00829,0.87005,-0.00965,2767.4881,277.4999,-4.80137105051861,0.00821847179470727,NA,NA,NA,NA,NA,NA,NA,NA,NA,-0.861480304566204,-0.0475996416330901,0.402894738396272,0.409310816824058,400.106971934789,94.2888806946718
"9",2024-01-24 09:00:00,0.7376,4.3878,5.551,1.609,19.611,5.585,NA,NA,NA,NA,977.5138,230.3601,30,176,0.4133,-0.006155,0.85775,-0.0072,2739.69615,277.5378,-4.79871398624169,0.00824033783917326,NA,NA,NA,NA,NA,NA,NA,NA,NA,-0.863134138266982,-0.0374846970889251,0.406318137893845,0.412845111078727,403.561793341989,95.1030410726067
"10",2024-01-24 10:00:00,0.7416,4.3413,5.647,1.231,21.546,5.591,NA,NA,NA,NA,977.5138,230.3601,30,176,0.2888,-0.00454,0.62725,-0.00615,2724.03435,277.4913,-4.8019740863793,0.0082135172555794,NA,NA,NA,NA,NA,NA,NA,NA,NA,-0.861104884263742,-0.0381787647720879,0.40686101065065,0.413327441935796,404.033278410939,95.2141508570742
"11",2024-01-24 11:00:00,0.7964,4.4787,8.317,0.426,19.515,5.66,NA,NA,NA,NA,977.5138,230.3601,30,176,0.3673,-0.00314,0.77225,-0.00495,2710.0452,277.6287,-4.79234456327911,0.00829299154452288,NA,NA,NA,NA,NA,NA,NA,NA,NA,-0.867096505943238,-0.0560313093940164,0.397274494486231,0.40378839995376,394.70873323472,93.0167361921882
"12",2024-01-24 12:00:00,0.8666,4.6432,8.425,0.369,21.153,5.693,15.7243620356349,1434.7104582381,6095.77721873016,6218.9473352381,977.5138,230.3601,30,176,0.55765,0.00171,1.12465,0.00135,2701.8208,277.7932,-4.78082985782972,0.00838903479211703,1422.67462228732,0.00142267462228732,2.08399069371136e-06,2083.99069371136,3.34272107271302e-05,0.0334272107271302,33.4272107271302,2967.4334268448,0.00208581314402999,-0.874252020964693,-0.0565186382470445,0.394249761055891,0.400951501822996,391.935626162704,92.3632280550956
"13",2024-01-24 13:00:00,0.9592,4.7003,8.403,0.363,29.006,5.677,16.820439921875,3023.2837421875,7730.238859375,6095.8903984375,977.5138,230.3601,30,176,0.66375,0.01161,1.32115,0.0086,2729.78115,277.8503,-4.77683654530981,0.00842260180661408,2997.81982707864,0.00299781982707864,4.39132639549788e-06,4391.32639549788,7.0436875383786e-05,0.070436875383786,70.436875383786,6243.71649767542,0.00208275241936734,-0.876731245822388,-0.0562881590617426,0.393364189697439,0.400133106779024,391.135633713369,92.1747024909266
"14",2024-01-24 14:00:00,1.0306,4.7185,8.419,0.36,27.645,5.662,17.2485305343511,4255.802,8246.73520610687,6623.21914503817,977.5138,230.3601,30,176,0.7415,0.02014,1.4647,0.0138,2786.8889,277.8685,-4.77556410861615,0.00843332585548635,4219.91143495757,0.00421991143495757,6.18149506638325e-06,6181.49506638325,9.91511808647873e-05,0.0991511808647873,99.1511808647873,8783.51203924954,0.00208144464039868,-0.87752098000761,-0.0563688957976224,0.393021926595555,0.399811141168651,390.820907886104,92.1005344607245
"15",2024-01-24 15:00:00,1.0882,4.708,8.422,0.362,24.279,5.647,17.7878844375,5202.65073125,8583.38935,6523.73409375,977.5138,230.3601,30,176,0.8051,0.021435,1.5822,0.01365,2866.6039,277.858,-4.77629818382642,0.00842713743176262,5158.8072785283,0.0051588072785283,7.55682725387939e-06,7556.82725387939,0.000121211509152225,0.121211509152225,121.211509152225,10740.7470801834,0.00208202138600678,-0.877065393125399,-0.0564042398604616,0.393187125947552,0.399964079961687,390.970407666853,92.1357654563823
"16",2024-01-24 16:00:00,1.1014,4.7261,8.411,0.36,23.134,5.638,18.3057236666667,5601.84676111111,8771.89413333333,6668.05072222222,977.5138,230.3601,30,176,0.8194,0.00129,1.6093,9e-04,2895.46025,277.8761,-4.77503281691634,0.00843780760192011,5554.57945592542,0.00555457945592542,8.13657017021779e-06,8136.57017021778,0.000130510585530293,0.130510585530293,130.510585530293,11559.7016570063,0.00208111194532915,-0.877850688806475,-0.0563043061355938,0.392917742772791,0.399716089996362,390.727994053486,92.0786384631709
"17",2024-01-24 17:00:00,1.0915,4.7675,8.397,0.36,25.674,5.63,18.2131193333333,5797.26414444444,8808.64946666667,6642.44128888889,977.5138,230.3601,30,176,0.81045,-0.011995,1.59215,-0.0076,2885.77835,277.9175,-4.77213924924159,0.0084622583268405,5748.20619766522,0.00574820619766522,8.42020236658793e-06,8420.20236658793,0.00013506004596007,0.13506004596007,135.06004596007,11949.7909145618,0.00207887304380548,-0.879646006888084,-0.0561506707901191,0.392273225688799,0.399119876259809,390.145186898256,91.9412946071973
"18",2024-01-24 18:00:00,1.0482,4.8063,8.364,0.36,24.401,5.621,17.7737897222222,5812.42217777778,8496.94626666667,7041.23598888889,977.5138,230.3601,30,176,0.7704,-0.021205,1.51815,-0.01395,2814.284,277.9563,-4.76942828333215,0.00848523034455026,5763.10243673956,0.00576310243673956,8.44202297343358e-06,8442.02297343358,0.000135410048493875,0.135410048493875,135.410048493875,11970.3474953585,0.00207706658466592,-0.881327460432278,-0.0558741363943873,0.391722500475384,0.398615181617741,389.651840920848,91.825033098981
"19",2024-01-24 19:00:00,1.0025,4.7947,8.265,0.36,25.053,5.604,17.5557022777778,5536.15831666667,7752.46898888889,6950.0827,977.5138,230.3601,30,176,0.73445,-0.022325,1.45155,-0.01545,2745.27105,277.9447,-4.77023868907657,0.00847835665082491,5489.22079198254,0.00548922079198254,8.0408301849277e-06,8040.8301849277,0.00012897491616624,0.12897491616624,128.97491616624,11413.0949652356,0.00207918307492847,-0.880824870859051,-0.0552292822059074,0.392172237989783,0.399056178057473,390.082921026437,91.9266210829372
"20",2024-01-24 20:00:00,0.9531,4.8092,8.277,0.36,25.231,5.62,17.4817423333333,5346.76345555556,7989.47584444444,6652.56606111111,977.5138,230.3601,30,176,0.6955,-0.018375,1.3798,-0.0133,2676.1669,277.9592,-4.7692256937845,0.00848694953764892,5301.38574391851,0.00530138574391851,7.76568189312159e-06,7765.68189312159,0.00012456153756567,0.12456153756567,124.56153756567,11017.1034114719,0.00207815540004992,-0.881453092764154,-0.0552888199360884,0.3919026104845,0.398802621593202,389.835066083533,91.8682117904722
"21",2024-01-24 21:00:00,0.9217,4.8447,8.274,0.36,27.453,5.622,17.2077406734738,5231.41849829508,8073.72736206557,6554.45109794262,977.5138,230.3601,30,176,0.61115,-0.01379,1.2238,-0.0108,2621.6027,277.9947,-4.76674610362147,0.00850801980603542,5186.90948609793,0.00518690948609793,7.59799249161569e-06,7597.99249161569,0.000121871799565516,0.121871799565516,121.871799565516,10768.6002227822,0.00207611107377995,-0.88299051762716,-0.0552182816354849,0.391328155244753,0.398268911289835,389.31335689679,91.7452662316175
"22",2024-01-24 22:00:00,0.8959,4.8426,8.28,0.36,26.174,5.629,17.229209057971,5254.44335507246,8231.37822463768,6648.56934782609,977.5138,230.3601,30,176,0.64785,-0.00636,1.29155,-0.00505,2573.93885,277.9926,-4.76689276377923,0.00850677211001738,5209.74500288587,0.00520974500288587,7.63144287002733e-06,7631.44287002733,0.000122408343635238,0.122408343635238,122.408343635238,10816.200072698,0.00207614769373675,-0.88289959648106,-0.0552613117538144,0.391346896801076,0.398284976546449,389.329060906831,91.7489670257377
"23",2024-01-24 23:00:00,0.9511,4.8161,8.266,0.36,24.639,5.629,NA,NA,NA,NA,977.5138,230.3601,30,176,0.70645,0.007785,1.39985,0.00555,2587.4877,277.9661,-4.7687436894941,0.00849104126973259,NA,NA,NA,NA,NA,NA,NA,NA,NA,-0.8817519868532,-0.0552055317976185,0.391818123057956,0.398726544300715,389.76069948026,91.8506866177671
"24",2024-01-25,1.0026,4.7973,8.267,0.36,38.374,5.63,17.12846,83602,8323.967,5.989019,977.5138,230.3601,30,176,0.7635,0.016175,1.50545,0.01085,2626.78845,277.9473,-4.77005703979374,0.00847989687810038,82893.0636611971,0.082893063661197,0.000121425075373468,121425.075373468,0.00194765820899042,1.94765820899042,1947.65820899042,172334.757221433,0.00207900093940072,-0.880937528627967,-0.0552389478522324,0.392124269076189,0.399011099594363,390.038856206664,91.9162368036675
"25",2024-01-25 01:00:00,1.067,4.7328,8.226,0.362,24.56,5.621,8.558944238,1761.78438641467,2089.69432075,2279.75833335033,977.5138,230.3601,30,176,0.79355,0.04279,1.5608,0.0262,2734.77495,277.8828,-4.77456446844998,0.00844176036169078,1746.91182481559,0.00174691182481559,2.55894631746286e-06,2558.94631746286,4.10454989321043e-05,0.0410454989321043,41.0454989321043,3639.51939227331,0.00208340188701712,-0.878141318791023,-0.0550563880567133,0.393294058342469,0.400108563630125,391.111642446625,92.1690487286918
"26",2024-01-25 02:00:00,1.1228,4.6521,6.837,0.413,28.576,5.561,16.6892321809851,4894.99175509559,7172.08939270588,6432.96768986567,977.5138,230.3601,30,176,0.4326,0.010635,0.8933,0.01145,2823.88315,277.8021,-4.7802073111161,0.00839425898408562,4853.90192657835,0.00485390192657835,7.11018969812903e-06,7110.18969812903,0.00011404744275799,0.11404744275799,114.04744275799,10234.5277039516,0.00210851555279902,-0.874638603982348,-0.0458551092382321,0.398322335527341,0.405106283311001,395.996982403213,93.3203239341505
"27",2024-01-25 03:00:00,1.1745,4.4495,7.779,5.305,56.432,5.77,17.2938712777778,3918.69157777778,2869.13435,6254.93580555556,977.5138,230.3601,30,176,0.142,0.007105,0.3556,0.0183,2864.2987,277.5995,-4.79439011509353,0.00827604513908366,3886.26030939394,0.00388626030939394,5.69274955161262e-06,5692.74955161262,9.13117028078664e-05,0.0913117028078664,91.3117028078665,8187.73681152731,0.00210684209488895,-0.865824314498393,-0.0524463212306705,0.39920882194473,0.405711767773919,396.588851821401,93.4598033955768
"28",2024-01-25 04:00:00,1.1695,4.4714,7.916,7.311,58.415,5.944,17.5020899444444,2447.03478333333,1227.51576111111,5798.98633333333,977.5138,230.3601,30,176,0.57785,-0.00702,1.16185,-0.005,2881.34295,277.6214,-4.79285590586318,0.00828875206884586,2426.75191871044,0.00242675191871044,3.5548032806038e-06,3554.8032806038,5.7019044620885e-05,0.057019044620885,57.019044620885,5104.69643146542,0.00210350979517429,-0.866778515592141,-0.0533398325785665,0.398471879875786,0.404994768997794,395.887975623156,93.2946354858088
"29",2024-01-25 05:00:00,1.1478,4.4282,8.035,6.75,41.834,5.86,17.705695,1609.63891666667,1367.91856666667,6337.86647777778,977.5138,230.3601,30,176,0.79185,-0.03992,1.55775,-0.02575,2786.4421,277.5782,-4.79588255237595,0.00826370287321613,1596.33733892617,0.00159633733892617,2.33837878755261e-06,2338.37878755261,3.75075957523438e-05,0.0375075957523438,37.5075957523438,3359.26425539267,0.00210435737702683,-0.864895924819226,-0.0542020659855741,0.398878671094439,0.405345134690779,396.230462923096,93.3753457618814
"30",2024-01-25 06:00:00,1.0986,4.4148,8.05,6.792,46.031,5.858,18.0446757777778,1152.94163888889,1556.34135,6349.01207222222,977.5138,230.3601,30,176,0.3952,-0.03277,0.8239,-0.0206,2615.86445,277.5648,-4.79682158859135,0.00825594659930701,1143.4230142861,0.0011434230142861,1.67493176824686e-06,1674.93176824686,2.68659055626796e-05,0.0268659055626796,26.8659055626796,2406.84023922051,0.00210494297311588,-0.864311700118225,-0.0543220338361345,0.399063896242684,0.405513785640935,396.395321554256,93.4141962116243
"31",2024-01-25 07:00:00,1.044,4.3981,7.983,6.148,40.753,5.804,18.4342971111111,917.056481111111,1818.83395555556,6110.91431111111,977.5138,230.3601,30,176,0.15795,0.000615,0.38515,0.01545,2589.71735,277.5481,-4.79799202273145,0.00824628921042079,909.494168145578,0.000909494168145578,1.33226343726637e-06,1332.26343726637,2.13695055337525e-05,0.0213695055337525,21.3695055337525,1916.24507077583,0.00210693497318733,-0.863583418236459,-0.0538931355814314,0.39952595234611,0.405958883303509,396.83041066177,93.5167289536847
"32",2024-01-25 08:00:00,0.9881,4.3683,7.942,5.59,31.854,5.753,18.8087502222222,812.788042222222,2077.52152222222,6356.20078333333,977.5138,230.3601,30,176,0.10215,0.006705,0.28175,0.0246,2595.554,277.5183,-4.80008097542475,0.00822908108228554,806.099543520063,0.000806099543520063,1.18080685532993e-06,1180.80685532993,1.89401419594921e-05,0.0189401419594921,18.9401419594921,1700.33557813293,0.0021093369817677,-0.862283350424953,-0.0536576018454801,0.400139936313496,0.406539098985282,397.397579497679,93.6503874961594
"33",2024-01-25 09:00:00,0.9441,4.339,7.501,5.268,24.57,5.729,19.8124136111111,636.285577222222,2056.73826111111,4404.87817222222,977.5138,230.3601,30,176,0.2459,0.00387,0.54805,0.0044,2629.8173,277.489,-4.80213537053625,0.00821219265220871,631.060277480251,0.000631060277480251,9.24402336864171e-07,924.402336864171,1.48274134833013e-05,0.0148274134833013,14.8274134833013,1336.35111587705,0.00211762832104239,-0.861004472126883,-0.0507164724950768,0.401832097861303,0.408215218756856,399.036009704846,94.0364986143512
"34",2024-01-25 10:00:00,0.9432,4.3358,5.606,5.003,22.302,5.695,22.0795692777778,726.85389,2547.15076111111,2484.06188888889,977.5138,230.3601,30,176,0.2487,0.0047,0.5529,0.01105,2648.5325,277.4858,-4.80235977088693,0.00821035004006614,720.886165135116,0.000720886165135116,1.05598289013652e-06,1055.98289013652,1.69379655577898e-05,0.0169379655577898,16.9379655577898,1547.07636750029,0.00214607581934982,-0.86086476194264,-0.0379069504094634,0.407069351051177,0.413530897059918,404.23215860245,95.2610187998125
"35",2024-01-25 11:00:00,0.9833,4.3886,5.284,5.056,24.238,5.695,24.5051053888889,801.520820555556,2781.30611666667,2027.59487222222,977.5138,230.3601,30,176,0.7596,0.002015,1.49795,0.00135,2648.06435,277.5386,-4.79865790924732,0.00824079994550364,794.915647821201,0.000794915647821201,1.16442423755441e-06,1164.42423755441,1.86773647703727e-05,0.0186773647703727,18.6773647703727,1707.19935225001,0.00214764844160422,-0.863169036535176,-0.0356809673181613,0.407037482228122,0.413577202874311,404.277423175038,95.2716858118465
"36",2024-01-25 12:00:00,1.0559,4.4218,7.796,5.041,21.047,5.688,26.4569734444444,873.108804444444,2941.67537777778,1835.94228333333,977.5138,230.3601,30,176,0.8522,0.059685,1.66985,0.0353,2754.31195,277.5718,-4.79633103456459,0.00825999758064498,865.896927832094,0.000865896927832093,1.26840045576556e-06,1268.40045576556,2.03451433104796e-05,0.0203451433104796,20.3451433104796,1825.53663706145,0.0021082609007887,-0.864616908251431,-0.0525985191500778,0.399630292748723,0.406099577861212,396.967941533509,93.5491393660665
"37",2024-01-25 13:00:00,1.1388,4.5186,7.778,7.443,71.889,5.841,27.80998,928.808364444444,2041.55546055556,1685.69576111111,977.5138,230.3601,30,176,0.8164,0.112145,1.6034,0.06785,3095.2784,277.6686,-4.78955022511758,0.00831619737439413,921.084210762736,0.000921084210762736,1.34924099529369e-06,1349.24099529369,2.16418255645107e-05,0.0216418255645107,21.6418255645107,1936.76644136519,0.00210270290027161,-0.868833885520797,-0.0523461815076152,0.398049039275297,0.404633789005736,395.535112699395,93.2114800987402
"38",2024-01-25 14:00:00,1.212,4.603,7.791,11.33,86.752,6.403,27.4523429444444,857.294897222222,620.841322222222,1579.70107777778,977.5138,230.3601,30,176,0.24565,0.0446,0.54715,0.0818,3370.5664,277.753,-4.78364236950995,0.00836547368250415,850.123219321365,0.000850123219321365,1.24529449659071e-06,1245.29449659071,1.99745237253149e-05,0.0199745237253149,19.9745237253149,1783.09847377339,0.0020974588544903,-0.872505173411156,-0.0523196761356214,0.396600877815448,0.403284216056651,394.215886517558,92.9005923392317
"39",2024-01-25 15:00:00,1.2673,4.8234,8.317,12.143,96.923,6.919,26.4598473888889,715.322601666667,258.366866111111,1506.57667222222,977.5138,230.3601,30,176,0.11775,0.032615,0.31045,0.10575,3502.2764,277.9734,-4.76823377222871,0.00849537210232112,709.245669992308,0.000709245669992308,1.03893142723153e-06,1038.93142723153,1.66644600927938e-05,0.0166644600927938,16.6644600927938,1472.91958390708,0.0020767410309647,-0.882068171013088,-0.0555357011808566,0.391564951853723,0.398479373925007,389.519087027055,91.793748425302
"40",2024-01-25 16:00:00,1.2986,4.8242,8.421,11.83,81.953,6.942,25.7119401111111,531.958446666667,173.228292777778,1354.20042222222,977.5138,230.3601,30,176,0.10015,0.02589,0.27835,0.0921,3609.50035,277.9742,-4.76817789271623,0.00849584683283132,527.439009182356,0.000527439009182356,7.72613758210682e-07,772.613758210682,1.23927246816993e-05,0.0123927246816993,12.3927246816993,1094.53606779523,0.00207518982999,-0.882102819011507,-0.0562289895116969,0.391280021218266,0.398190557840493,389.23676531878,91.7272167231917
"41",2024-01-25 17:00:00,1.2854,4.7486,8.318,11.067,136.611,6.793,24.7753390555556,419.223808333333,193.658946666667,1099.78594444444,977.5138,230.3601,30,176,0.0974,-0.00937,0.273,-0.03485,3637.566,277.8986,-4.77346010548601,0.00845108827884238,415.680910920516,0.000415680910920516,6.08906025552808e-07,608.906025552809,9.76685264986705e-06,0.00976685264986705,9.76685264986705,865.087282092671,0.00208113305029321,-0.878826557580226,-0.0556494852037868,0.392791617626599,0.399620137763745,390.634199421962,92.0565348972702
"42",2024-01-25 18:00:00,1.2388,4.6642,6.778,10.74,66.963,6.313,23.8941701111111,449.130817222222,801.554452777778,1091.40452777778,977.5138,230.3601,30,176,0.0825,-0.019475,0.24565,-0.07195,3570.1356,277.8142,-4.77936099934236,0.0084013661512367,445.357504776934,0.000445357504776934,6.52377487297444e-07,652.377487297444,1.0464134896251e-05,0.010464134896251,10.464134896251,939.105884540838,0.00210865624687566,-0.875164091952321,-0.0454452269090451,0.398276289880122,0.405077096291467,395.968451688838,93.3136004094119
"43",2024-01-25 19:00:00,1.1838,4.7756,6.148,9.638,69.65,5.966,23.1430084444444,485.537437222222,1570.04234444444,1106.16853333333,977.5138,230.3601,30,176,0.09155,-0.02161,0.2625,-0.0796,3496.77375,277.9256,-4.77157322985254,0.00846704948489477,481.426367714493,0.000481426367714493,7.05212600482897e-07,705.212600482897,1.13116101117457e-05,0.0113116101117457,11.3116101117457,1016.40213777065,0.00211123072173193,-0.879997121075164,-0.0411030495289218,0.398080843240737,0.405040663394427,395.932838029207,93.3052077236065
"44",2024-01-25 20:00:00,1.118,4.8142,5.611,8.54,60.693,5.804,22.6880457777778,464.520681111111,2306.45085555556,1016.50440222222,977.5138,230.3601,30,176,0.06455,-0.00938,0.1984,-0.03475,3429.898,277.9642,-4.76887641262763,0.00848991438692349,460.576940297522,0.000460576940297522,6.74671525225423e-07,674.671525225423,1.08217312646158e-05,0.0108217312646158,10.8217312646158,974.958069011448,0.00211681911035678,-0.881669686086031,-0.0374756103353015,0.398859802339284,0.40588960596521,396.762691107555,93.5007702191064
"45",2024-01-25 21:00:00,1.0499,4.8041,5.334,7.221,52.88,5.672,22.4404566111111,425.222896666667,3054.14879444444,1001.09677833333,977.5138,230.3601,30,176,0.00515,-0.000565,0.0142,-0.002,3420.9149,277.9541,-4.76958197512654,0.00848392633449684,421.615336935605,0.000421615336935605,6.17599010156752e-07,617.599010156752,9.9062881229143e-06,0.0099062881229143,9.9062881229143,894.464844931541,0.00212151875553843,-0.88123214912741,-0.0356348074389363,0.39976957651735,0.406800632796123,397.653232406943,93.7106344509782
"46",2024-01-25 22:00:00,0.9887,4.7513,5.293,5.94,43.763,5.568,22.0340993333333,424.20783,3915.03002777778,953.21778,977.5138,230.3601,30,176,0.21095,-0.01527,0.4738,-0.0337,3392.15875,277.9013,-4.77327139936397,0.00845268320140284,420.622135601455,0.000420622135601455,6.16144129114436e-07,616.144129114436,9.88295183099555e-06,0.00988295183099555,9.88295183099555,893.957175699605,0.00212532128015878,-0.878943637443371,-0.0354090212208458,0.400775980995074,0.407747267535444,398.578580928188,93.9287013241915
"47",2024-01-25 23:00:00,0.9632,4.6539,5.362,4.943,40.417,5.497,21.6774910555556,479.561963333333,4670.51730555556,1053.290615,977.5138,230.3601,30,176,0.1184,-0.00466,0.3121,-0.01545,3361.4766,277.8039,-4.7800814082466,0.00839531591190175,475.535889151818,0.000475535889151818,6.96583991865149e-07,696.583991865149,1.1173207229517e-05,0.011173207229517,11.173207229517,1012.99350442373,0.00213021462214039,-0.874716782399613,-0.0359607560042171,0.402251590783559,0.409105109649925,399.905890333314,94.2414939694676
"48",2024-01-26,0.9736,4.5846,5.388,4.38,38.287,5.463,21.6903554444444,553.981464444444,5106.24122222222,1190.85507777778,977.5138,230.3601,30,176,0.3812,-0.020965,0.79815,-0.0241,3291.463,277.7346,-4.78492999379059,0.00835470902748703,549.35311050239,0.00054935311050239,8.04714410388321e-07,804.714410388321,1.29076191426287e-05,0.0129076191426287,12.9076191426287,1172.34925248623,0.00213405409029923,-0.871705234136158,-0.0361997408309887,0.403368406342082,0.410138616101247,400.916157151871,94.4795726189448
"49",2024-01-26 01:00:00,0.9992,4.5569,5.406,3.816,42.083,5.441,21.4761987777778,618.909268888889,5390.96031111111,1249.01262222222,977.5138,230.3601,30,176,0.41845,-0.008335,0.86725,-0.0063,3239.8576,277.7069,-4.78686879009473,0.00833852664091655,613.748477461949,0.000613748477461949,8.99043319725361e-07,899.043319725361,1.44206548483948e-05,0.0144206548483948,14.4206548483948,1310.64700356627,0.00213547903041035,-0.870500519039911,-0.0363466275841369,0.403795326639406,0.410531753232718,401.300454123176,94.5701357278642
"50",2024-01-26 02:00:00,1.0447,4.5045,6.946,6.926,36.97,5.737,21.4624602777778,597.555819444444,3071.27782222222,1259.85548888889,977.5138,230.3601,30,176,0.3153,0.000325,0.6763,0.00035,3237.13735,277.6545,-4.79053759480393,0.00830799026567884,592.5913315133,0.0005925913315133,8.68051486053943e-07,868.051486053943,1.39235458363052e-05,0.0139235458363052,13.9235458363052,1253.80972667587,0.00211580841635671,-0.868220055122247,-0.0467638005209424,0.400523092226335,0.407128094126146,397.973330376007,93.7860684757084
"51",2024-01-26 03:00:00,1.0667,4.2811,7.454,10.762,34.267,6.217,21.9849064444444,448.759447222222,727.023293888889,1098.42885611111,977.5138,230.3601,30,176,0.622,-0.002855,1.2435,-0.00075,3228.1151,277.4311,-4.806196514673,0.00817890938433665,445.089084368027,0.000445089084368027,6.5198429434566e-07,651.98429434566,1.04578280813044e-05,0.0104578280813044,10.4578280813044,944.410710532727,0.00212184648804335,-0.858475449501942,-0.0504740966060988,0.402947279332521,0.409262701618995,400.05993865785,94.2777968712219
"52",2024-01-26 04:00:00,1.0908,4.1557,7.833,11.608,33.406,6.452,22.3537379444444,335.398312777778,390.846267777778,943.688415,977.5138,230.3601,30,176,0.41185,-0.00102,0.85465,-0.0013,3235.62665,277.3057,-4.81499869164319,0.00810723309373944,332.679160476841,0.000332679160476841,4.87321741432896e-07,487.321741432896,7.81664073258366e-06,0.00781664073258366,7.81664073258366,706.565951264398,0.00212386598021845,-0.852989793630336,-0.0532125634127362,0.404055773616595,0.410203072091493,400.97916377183,94.4944207073036
"53",2024-01-26 05:00:00,1.0522,4.1623,7.842,11.193,38.407,6.419,22.1658669444444,269.835276111111,403.715631666667,754.435785555556,977.5138,230.3601,30,176,0.27665,-0.005685,0.6049,-0.0062,3200.39955,277.3123,-4.81453519599022,0.00811099163196248,267.646644444566,0.000267646644444566,3.92059510648177e-07,392.059510648177,6.28863455079677e-06,0.00628863455079677,6.28863455079677,568.301855003949,0.00212332889950225,-0.853278795386075,-0.0532646188394956,0.403917990990086,0.410072952930038,400.851970495863,94.464446444259
"54",2024-01-26 06:00:00,1.0132,4.2126,7.69,10.862,36.009,6.387,22.138682,233.504373888889,487.958698888889,696.467171666667,977.5138,230.3601,30,176,0.172,-8.50000000000001e-05,0.4109,-1e-04,3195.1203,277.3626,-4.81100361217105,0.00813968691854767,231.603721391322,0.000231603721391322,3.39262395242864e-07,339.262395242864,5.44176881969554e-06,0.00544176881969554,5.44176881969554,491.582966366688,0.00212251756324805,-0.855480305659043,-0.0521643634766939,0.40347341915759,0.409695905430859,400.483401362159,94.3775897446431
"55",2024-01-26 07:00:00,0.9427,4.2496,7.676,10.405,31.435,6.295,22.2531518888889,215.894027777778,634.308548333333,726.130630555556,977.5138,230.3601,30,176,0.09555,-0.00577,0.2699,-0.01865,3175.02975,277.3996,-4.80840674618644,0.00816085206403912,214.132148555574,0.000214132148555574,3.13669336490147e-07,313.669336490147,5.03125615730195e-06,0.00503125615730195,5.03125615730195,454.060833619318,0.00212047017079024,-0.857098541026804,-0.0520196533981319,0.402879328682106,0.409147225424436,399.947059084097,94.2511957634957
"56",2024-01-26 08:00:00,0.8863,4.288,7.712,9.909,30.13,6.18,22.8135240555556,217.251648888889,860.881778333333,769.146387222222,977.5138,230.3601,30,176,0.0402,-0.00051,0.12985,-0.0019,3171.8924,277.438,-4.80571244407887,0.00818286951223357,215.473906994714,0.000215473906994714,3.15634797922136e-07,315.634797922136,5.06278215867106e-06,0.00506278215867106,5.06278215867106,456.287667674313,0.00211760056722556,-0.858776962473588,-0.0522118161693055,0.402126413383413,0.408439128230889,399.254884305663,94.0880784231804
"57",2024-01-26 09:00:00,0.8226,4.3929,7.698,9.318,26.216,6.069,25.229901,241.646413888889,1078.55635111111,785.406468333333,977.5138,230.3601,30,176,0,0,0,0,3171.69,277.5429,-4.79835650163148,0.00824328415970358,239.654453833029,0.000239654453833029,3.51055430152775e-07,351.055430152775,5.63092909965051e-06,0.00563092909965051,5.63092909965051,506.018573788604,0.00211145073957672,-0.863356606830063,-0.0519760793892856,0.400383401890855,0.406822516831973,397.674624353986,93.7156756596649
"58",2024-01-26 10:00:00,0.79,4.5958,7.646,8.819,23.312,5.984,27.7965753333333,309.371555,1366.47418333333,908.969445555556,977.5138,230.3601,30,176,0.10465,0.002315,0.21225,0.0022,3172.85475,277.7458,-4.78414619963727,0.0083612599664654,306.784819002415,0.000306784819002415,4.49390674267498e-07,449.390674267498,7.20822641525067e-06,0.00720822641525067,7.20822641525067,644.252175271366,0.00210001321892754,-0.872192182655926,-0.0513554755272435,0.397107736640351,0.403789148817,394.709465258871,93.0169087003989
"59",2024-01-26 11:00:00,0.8246,4.8776,7.532,8.061,23.392,5.876,29.7520313333333,404.809961666667,1677.46377777778,1009.53426166667,977.5138,230.3601,30,176,0.38295,-0.00029,0.80145,-2e-04,3181.6231,278.0276,-4.76444875318259,0.0085275881779634,401.357909023236,0.000401357909023236,5.87925119453597e-07,587.925119453597,9.4303189160357e-06,0.0094303189160357,9.4303189160357,836.801306152639,0.00208492541778763,-0.884414536745595,-0.050223830757696,0.392727863012147,0.399740747598009,390.75209719937,92.084318590752
"60",2024-01-26 12:00:00,0.8667,5.0335,7.53,8.215,25.516,5.844,31.4025316111111,502.298333888889,1953.20124444444,1036.32976166667,977.5138,230.3601,30,176,0.62975,0.009055,1.2581,0.00675,3184.1994,278.1835,-4.7535708350886,0.00862085694804792,497.96809180719,0.00049796809180719,7.29443579602844e-07,729.443579602844,1.17002750168296e-05,0.0117002750168296,11.7002750168296,1033.6749221108,0.00207578545516734,-0.891151869287313,-0.0500094830815146,0.390174442122211,0.397364422185993,388.429206315835,91.5369080312077
"61",2024-01-26 13:00:00,0.9682,5.6078,7.184,8.212,28.629,5.8,32.6579209444444,579.00986,2291.75467222222,1092.37850555556,977.5138,230.3601,30,176,0.5267,0.01336,1.0676,0.00955,3261.943,278.7578,-4.71361714036455,0.00897226531770571,573.814829914512,0.000573814829914512,8.40546915451974e-07,840.546915451974,1.34823725238497e-05,0.0134823725238497,13.4823725238497,1174.9012300196,0.00204752677827207,-0.91582116969483,-0.0470132487753012,0.381809143921827,0.389647728279451,380.886031531813,89.7592896512271
"62",2024-01-26 14:00:00,1.0409,6.4023,6.799,8.998,28.104,5.823,33.6232787222222,658.941558888889,2623.92586111111,1128.62293333333,977.5138,230.3601,30,176,0.3065,0.01594,0.6598,0.0262,3282.7323,279.5523,-4.65864873177432,0.00947926324032533,652.695278392191,0.000652695278392191,9.56094151600017e-07,956.094151600017,1.53357501916643e-05,0.0153357501916643,15.3357501916643,1310.86000795704,0.0020083797927666,-0.949564083390271,-0.0435994093310489,0.370403068216957,0.379084860505609,370.560682515308,87.3260263745582
"63",2024-01-26 15:00:00,1.1353,8.159,5.604,11.334,44.681,6.171,34.4271538888889,609.137319444444,937.656236666667,1217.36361111111,977.5138,230.3601,30,176,0.2509,0.03866,0.55705,0.06325,3410.53695,281.309,-4.53834964914929,0.0106910364704386,602.625010146759,0.000602625010146759,8.82749219863378e-07,882.749219863378,1.41592974866086e-05,0.0141592974866086,14.1592974866086,1163.86219156715,0.00193132075829994,-1.02260588194046,-0.0343742489423148,0.347503642894437,0.357883588793671,349.836146839339,82.4420993028689
"64",2024-01-26 16:00:00,1.1898,7.2277,6.951,12.327,65.939,6.605,33.5697302222222,504.584008888889,349.059936666667,1151.13282777778,977.5138,230.3601,30,176,0.1672,0.02931,0.40225,0.0707,3508.336,280.3777,-4.60191376224136,0.0100326177999145,499.521710379758,0.000499521710379758,7.31719382232685e-07,731.719382232685,1.17367788910123e-05,0.0117367788910123,11.7367788910123,979.966435617409,0.00196180949747389,-0.984150187355567,-0.0436493291245213,0.357793413473359,0.367260824985573,359.002524622783,84.6022403697592
"65",2024-01-26 17:00:00,1.2296,6.118,6.73,12.256,93.623,6.935,31.620143,393.039442777778,171.236091666667,1018.67712944444,977.5138,230.3601,30,176,0.1314,0.01931,0.336,0.0511,3624.22035,279.268,-4.67827791354757,0.00929500737317221,389.386138259211,0.000389386138259211,5.70388390767622e-07,570.388390767622,9.14902978791266e-06,0.00914902978791266,9.14902978791266,788.547915299679,0.00202510525625016,-0.937540819996606,-0.0434710804179042,0.374931513478589,0.38332921071257,374.709593414645,88.3037553126688
"66",2024-01-26 18:00:00,1.2279,6.3299,6.011,11.888,88.729,6.85,29.7084182222222,305.669546666667,197.316277777778,901.524571111111,977.5138,230.3601,30,176,0.09785,-0.00573,0.27435,-0.02085,3633.93395,279.4799,-4.66364324407484,0.00943203697821179,302.786460199393,0.000302786460199393,4.43533718358479e-07,443.533718358479,7.11428084247001e-06,0.00711428084247001,7.11428084247001,612.634984910938,0.00202332358094051,-0.946507624193671,-0.0386174678960308,0.373392515565059,0.382045406959074,373.454657529111,88.0080181516331
"67",2024-01-26 19:00:00,1.1873,7.8285,5.544,10.848,62.121,6.405,28.1806015555556,281.614335555556,674.023896666667,943.910193333333,977.5138,230.3601,30,176,0.0561,-0.00644,0.18295,-0.02505,3600.2647,280.9785,-4.56085296567175,0.0104531394701839,278.67058162919,0.00027867058162919,4.08207814793703e-07,408.207814793703,6.54765334929099e-06,0.00654765334929099,6.54765334929099,543.165785093909,0.0019491321327081,-1.00902721905733,-0.0342898986169275,0.352284173616445,0.362380665116194,354.232101004258,83.478046254233
"68",2024-01-26 20:00:00,1.1221,8.4538,4.798,8.534,61.358,5.941,26.7361597222222,268.046815,2035.06445555556,868.114409444444,977.5138,230.3601,30,176,0,0,0,0,3597.006,281.6038,-4.51832731225311,0.010907253362595,265.123160475758,0.000265123160475758,3.8836301039131e-07,388.36301039131,6.22934268667661e-06,0.00622934268667661,6.22934268667661,510.857003014478,0.00192686675165518,-1.03465453591683,-0.0292137412746003,0.345118211989632,0.355799377431762,347.798801470956,81.9619801651185
"69",2024-01-26 21:00:00,1.0647,8.2488,4.385,7.038,52.024,5.807,24.9323384444444,237.998272777778,1936.97775555556,865.1155,977.5138,230.3601,30,176,0.48095,-0.04615,0.9549,-0.03555,3551.5458,281.3988,-4.53224557233762,0.0107564949561304,235.438245557076,0.000235438245557076,3.44879359621827e-07,344.879359621827,5.5318649283341e-06,0.0055318649283341,5.5318649283341,457.39862236004,0.00194275412339137,-1.02628236906121,-0.0268365338383289,0.348848027502099,0.359382816479801,351.301662591873,82.7874615425687
"70",2024-01-26 22:00:00,1.0135,7.2112,5.204,7.918,53.137,5.974,23.2414926666667,216.613419444444,1045.62209333333,771.131768888889,977.5138,230.3601,30,176,0.7902,-0.079475,1.5547,-0.05125,3287.1711,280.3612,-4.60304422742065,0.0100212826831378,214.442675135231,0.000214442675135231,3.14124208245091e-07,314.124208245091,5.03855230025126e-06,0.00503855230025126,5.03855230025126,425.943082772934,0.00198627946841424,-0.983463451798336,-0.0326925638910042,0.361983728996745,0.371540152451042,363.185626274998,85.5880266726373
"71",2024-01-26 23:00:00,0.9782,7.0705,5.527,8.716,42.156,6.126,21.8006757777778,208.369016666667,836.053294444444,686.772936666667,977.5138,230.3601,30,176,0.78095,-0.03693,1.53775,-0.02405,3060.6646,280.2205,-4.61269010276791,0.0099250833498402,206.300936808726,0.000206300936808726,3.02197864274894e-07,302.197864274894,4.8472537429693e-06,0.0048472537429693,4.8472537429693,410.425136089281,0.0019894487268849,-0.977599784276229,-0.0348456942916287,0.363329378057038,0.372734175302333,364.352800089649,85.8630818960629
"72",2024-01-27,1.0069,7.0614,5.895,8.843,41.802,6.132,20.8451357777778,209.965652777778,998.878923888889,661.464572777778,977.5138,230.3601,30,176,0.80985,-0.01928,1.59065,-0.0122,2993.1084,280.2114,-4.61331434095082,0.00991888966727714,207.883026633957,0.000207883026633957,3.04515372734486e-07,304.515372734486,4.88442657866115e-06,0.00488442657866115,4.88442657866115,412.63321371456,0.00198492979631824,-0.977220068051238,-0.0371743726247482,0.3626219524632,0.371996357204638,363.631572717263,85.693118045296
"73",2024-01-27 01:00:00,1.0472,7.1167,5.77,8.628,37.93,6.094,20.2380833888889,214.190997222222,1148.39315555556,717.258257222222,977.5138,230.3601,30,176,0.8448,0.021755,1.6559,0.0128,2975.77655,280.2667,-4.60952159772076,0.00995658089991951,212.058387230345,0.000212058387230345,3.10631607950498e-07,310.631607950498,4.98253099152599e-06,0.00498253099152599,4.98253099152599,420.651714483215,0.00198365987772174,-0.97952668553021,-0.0363351518179771,0.3620902324344,0.371524197498159,363.170030088376,85.5843512880957
"74",2024-01-27 02:00:00,1.1212,7.2405,5.533,8.556,43.865,6.06,19.4746158888889,221.293416111111,1292.52400555556,783.812425,977.5138,230.3601,30,176,0.9207,0.06137,1.7961,0.03425,3150.43865,280.3905,-4.60103689852099,0.0100414188965087,219.0713162209,0.0002190713162209,3.20904426853023e-07,320.904426853023,5.14730700672249e-06,0.00514730700672249,5.14730700672249,433.815391964525,0.00198024734341345,-0.984682797432363,-0.0347336355905939,0.360805432884576,0.370369451690363,362.041250125763,85.3183439283373
"75",2024-01-27 03:00:00,1.1743,7.5634,4.925,9.986,41.735,6.202,18.6770412777778,218.744128333333,931.206988888889,728.614261111111,977.5138,230.3601,30,176,0.96965,0.08802,1.88665,0.04675,3424.3598,280.7134,-4.57894643197579,0.0102657067128593,216.498565266703,0.000216498565266703,3.17135758345278e-07,317.135758345278,5.08685756385825e-06,0.00508685756385825,5.08685756385825,426.782044993417,0.00197129271719499,-0.998081133547771,-0.030665594928799,0.357454667717204,0.367352425849411,359.092065731276,84.6233415539129
"76",2024-01-27 04:00:00,1.2265,7.839,5.009,11.232,33.85,6.361,17.9781781111111,203.376252222222,500.757191666667,625.9565,977.5138,230.3601,30,176,0.8598,0.131595,1.6835,0.0709,3841.3528,280.989,-4.5601371169589,0.0104606250154798,201.248809510672,0.000201248809510672,2.94797306123613e-07,294.797306123613,4.72854879022275e-06,0.00472854879022275,4.72854879022275,393.582026287638,0.0019556986560299,-1.00945976998662,-0.0309727103408404,0.353301852812366,0.363441092146783,355.268683060552,83.7223263310423
"77",2024-01-27 05:00:00,1.2471,7.6521,6.737,11.058,42.506,6.416,17.4226451666667,190.646462222222,454.405671666667,539.188579444444,977.5138,230.3601,30,176,0.26915,0.01375,0.59085,0.0107,4082.20245,280.8021,-4.57288824193354,0.0103280870796607,188.677448958962,0.000188677448958962,2.76382274333046e-07,276.382274333046,4.43317168030205e-06,0.00443317168030205,4.43317168030205,366.499107449325,0.00194246376274167,-1.00174899418229,-0.0418542793545814,0.352183379856908,0.36204954292117,353.908424489136,83.401768912275
"78",2024-01-27 06:00:00,1.2344,7.4993,6.642,10.534,44.025,6.324,16.8958845,182.200282777778,588.094003333333,467.762445555556,977.5138,230.3601,30,176,0.1033,-0.004235,0.28395,-0.01455,4076.2413,280.6493,-4.58332713257935,0.0102208340842725,180.338043917399,0.000180338043917399,2.64166380251962e-07,264.166380251962,4.23722873924147e-06,0.00423722873924147,4.23722873924147,351.961513290481,0.00195167644965525,-0.99542712872509,-0.0414235038042931,0.354569595350939,0.364304260430256,356.112441969369,83.9211658631398
"79",2024-01-27 07:00:00,1.1984,6.9482,6.15,9.257,52.519,6.016,16.4112968888889,181.855550555556,1442.03289611111,365.426846666667,977.5138,230.3601,30,176,0.0815,-0.01217,0.2436,-0.0476,4036.5323,280.0982,-4.62108340782089,0.00984212772142604,180.065705000138,0.000180065705000138,2.63767447312401e-07,263.767447312401,4.23082985489092e-06,0.00423082985489092,4.23082985489092,357.889695816769,0.00198755057669919,-0.972491745350389,-0.0388939273960002,0.363714640762782,0.37296656119825,364.579960509834,85.9166143342849
"80",2024-01-27 08:00:00,1.1401,6.1657,5.991,7.368,56.765,5.77,16.3351250555556,178.502827222222,2733.97835555556,354.974117222222,977.5138,230.3601,30,176,0.0145,0,0.0546,0,4021.593,279.3157,-4.6749813789762,0.00932569924661427,176.838163540877,0.000176838163540877,2.59039615481219e-07,259.039615481219,4.15499543231875e-06,0.00415499543231875,4.15499543231875,359.472397843079,0.00203277613070204,-0.939562058566821,-0.0386505567875621,0.375982524015578,0.384469419305063,375.824163048686,88.5664138780563
"81",2024-01-27 09:00:00,1.0913,5.7681,5.853,6.244,42.89,5.645,16.7497259444444,179.538505555556,3676.6063,423.296185,977.5138,230.3601,30,176,0,0,0,0,4021.593,278.9181,-4.70249821403855,0.00907258395795026,177.909627390218,0.000177909627390218,2.60609138586287e-07,260.609138586287,4.18017058292404e-06,0.00418017058292404,4.18017058292404,366.007413645042,0.00205726592210921,-0.922665104941139,-0.0381460277215116,0.382582434974496,0.390661416278455,381.876925539734,89.9928029200465
"82",2024-01-27 10:00:00,1.043,5.8737,5.847,5.002,31.404,5.52,17.684247,222.989900555556,4275.75187222222,428.880351111111,977.5138,230.3601,30,176,0.0372,-0.001355,0.1061,-0.0051,4021.18765,279.0237,-4.69518131162045,0.00913921062190299,220.951948887821,0.000220951948887821,3.23659252808836e-07,323.659252808836,5.19149441505373e-06,0.00519149441505373,5.19149441505373,453.242468357803,0.00205131690686248,-0.927163712550808,-0.0380040840703841,0.380919277408816,0.38911040155202,380.36078724064,89.6355110125634
"83",2024-01-27 11:00:00,1.0215,6.496,5.927,4.408,29.065,5.472,19.4817764444444,316.650463888889,4404.58498333333,674.188468333333,977.5138,230.3601,30,176,0.07385,-0.000985,0.22965,-0.00365,4013.7348,279.646,-4.65218916145932,0.00954069339973157,313.629398898042,0.000313629398898042,4.59416888681808e-07,459.416888681808,7.3690468944562e-06,0.0073690468944562,7.3690468944562,632.052598626488,0.00201528492178108,-0.953514288364666,-0.0379169888574164,0.371045242183963,0.379869367731197,371.32754915452,87.5067455374953
"84",2024-01-27 12:00:00,1.0376,6.85,6.015,4.36,28.64,5.479,21.392507877095,355.068423463687,4112.8447877095,1069.00899329609,977.5138,230.3601,30,176,0.09215,0.00024,0.26385,0.00045,4010.3311,280,-4.62782873482686,0.00977596275524206,351.597287780344,0.000351597287780344,5.15033771032159e-07,515.033771032159,8.26114168735582e-06,0.00826114168735582,8.26114168735582,701.332030936069,0.00199470261947589,-0.968382733202709,-0.0381351000000001,0.365489461540427,0.374655131727328,366.230561504281,86.3055936102205
"85",2024-01-27 13:00:00,1.1085,7.1192,6.117,6.002,29.053,5.565,22.9876271666667,407.600817222222,3799.55300555556,934.67425,977.5138,230.3601,30,176,0.0948,0.007125,0.2683,0.02655,4026.16785,280.2692,-4.60935017537039,0.00995828782669972,403.541810965925,0.000403541810965925,5.91124186375326e-07,591.124186375326,9.48163194946023e-06,0.00948163194946023,9.48163194946023,798.536333647625,0.00197881932416429,-0.979630912733327,-0.0385178587644115,0.361263102073456,0.370678823385122,362.343665226719,85.389610822879
"86",2024-01-27 14:00:00,1.1941,8.3489,6.143,9.987,43.455,5.911,23.9572282777778,397.800114444444,2688.99180444444,893.782338888889,977.5138,230.3601,30,176,0.0973,0.010435,0.273,0.03825,4052.0555,281.4989,-4.52544653392714,0.0108298779619797,393.49198775175,0.00039349198775175,5.76402803338273e-07,576.402803338273,9.2455009655459e-06,0.0092455009655459,9.2455009655459,753.400136646649,0.00191465178478288,-1.03037403144269,-0.0375014374362392,0.343738024344445,0.354244465462692,346.278853563405,81.6037904884323
"87",2024-01-27 15:00:00,1.2769,7.8197,7.166,14.33,47.315,7.03,24.1820695,309.763070555556,251.723036111111,715.189962777778,977.5138,230.3601,30,176,0.0997,0.032675,0.27755,0.11775,4136.10265,280.9697,-4.56145296149592,0.0104468695113806,306.527016178017,0.000306527016178017,4.49013034378207e-07,449.013034378207,7.20216907142643e-06,0.00720216907142643,7.20216907142643,591.036842537421,0.00192817210667713,-1.00866464165632,-0.0443318653602689,0.348890727677548,0.358878722637167,350.808903904203,82.6713384345701
"88",2024-01-27 16:00:00,1.3379,7.7207,7.191,14.428,47.757,7.155,24.0490758888889,244.719343888889,129.805246666667,700.956533888889,977.5138,230.3601,30,176,0.09775,0.036695,0.27365,0.13405,4254.6736,280.8707,-4.56820583309834,0.0103765608036773,242.17999873719,0.00024217999873719,3.54754949350185e-07,354.754949350185,5.69026938757697e-06,0.00569026938757697,5.69026938757697,468.115722068277,0.00193292478532164,-1.00458196640604,-0.0445976056054661,0.350224965638887,0.360124222062859,352.02639678071,82.9582518068225
"89",2024-01-27 17:00:00,1.3805,7.656,7.503,14.733,55.057,7.277,23.7251597777778,204.883941111111,101.238893833333,721.511578333333,977.5138,230.3601,30,176,0.09605,0.03067,0.2709,0.11295,4400.80485,280.806,-4.57262197175546,0.0103308375073801,202.767318407621,0.000202767318407621,2.97021678696219e-07,297.021678696219,4.76422772628735e-06,0.00476422772628735,4.76422772628735,391.775586737064,0.00193214365023797,-1.00191013949216,-0.0466085460930515,0.350456501065708,0.360279290639785,352.177978454601,82.9939734197099
"90",2024-01-27 18:00:00,1.3819,8.2563,6.874,14.247,49.01,7.171,23.2552508333333,181.179668888889,103.863678111111,788.085878888889,977.5138,230.3601,30,176,0.09745,0.021645,0.27325,0.0791,4478.88955,281.4063,-4.53173596498473,0.0107619779419603,179.229817288775,0.000179229817288775,2.62543005557289e-07,262.543005557289,4.21118980913892e-06,0.00421118980913892,4.21118980913892,342.29793439703,0.00190982694495258,-1.02658917511436,-0.0420614934413102,0.343471661994432,0.35385352208202,345.896701013779,81.5137327321663
"91",2024-01-27 19:00:00,1.3599,8.3033,6.745,13.651,67.886,7.055,22.8832161111111,168.787092777778,148.990263333333,797.119703888889,977.5138,230.3601,30,176,0.0982,-0.023735,0.2742,-0.08565,4501.37925,281.4533,-4.52854312236884,0.010796394156946,166.964800795544,0.000166964800795544,2.44576718797345e-07,244.576718797345,3.92301056950941e-06,0.00392301056950941,3.92301056950941,318.758647086743,0.00190913680948285,-1.02851094861578,-0.0412235602926283,0.34309959521406,0.353529245109505,345.579715798124,81.4390322563501
"92",2024-01-27 20:00:00,1.2993,8.2658,6.175,12.021,81.951,6.608,22.4506989444444,154.563595,485.728557222222,881.68452,977.5138,230.3601,30,176,0.0986,-0.046695,0.2755,-0.16925,4345.35355,281.4158,-4.53109050627606,0.0107689265965662,152.899110990944,0.000152899110990944,2.23972733743974e-07,223.972733743974,3.59252264925334e-06,0.00359252264925334,3.59252264925334,293.326225448598,0.00191842989503041,-1.02697774076403,-0.0377753668885227,0.344812975943965,0.355247371318512,347.25920787757,81.8348199816696
"93",2024-01-27 21:00:00,1.2431,8.1092,6.401,10.465,82.441,6.194,22.0144378888889,132.13293,1124.95484833333,1020.81183777778,977.5138,230.3601,30,176,0.1035,-0.046515,0.2845,-0.16325,4175.8085,281.2592,-4.5417366539711,0.010654887132291,130.725068544391,0.000130725068544391,1.91491309406566e-07,191.491309406566,3.07152060288132e-06,0.00307152060288132,3.07152060288132,251.439450039327,0.0019234218259671,-1.02056464302615,-0.0393120607724577,0.346498529648933,0.356785280066759,348.762534902121,82.1890927947065
"94",2024-01-27 22:00:00,1.2012,7.965,6.246,9.375,90.749,6.008,21.5271257222222,109.242919666667,1750.79527222222,1209.72636666667,977.5138,230.3601,30,176,0.0964,-0.03519,0.27115,-0.1282,4032.60635,281.115,-4.55155163132691,0.0105508211952768,108.090317154414,0.000108090317154414,1.58335020180471e-07,158.335020180471,2.53969372369476e-06,0.00253969372369476,2.53969372369476,208.918682697287,0.00193281589135161,-1.01464445800726,-0.0384993553050449,0.348839337661974,0.359011423784902,350.93862110739,82.7019074842323
"95",2024-01-27 23:00:00,1.1287,7.7134,5.459,8.487,65.055,5.892,20.9233662222222,91.1011469444445,2197.86071666667,1359.81241111111,977.5138,230.3601,30,176,0.0471,-0.00497,0.1522,-0.01735,3967.3933,280.8634,-4.56870398441963,0.0103713929935392,90.1563011473215,9.01563011473215e-05,1.32064556172642e-07,132.064556172642,2.11831548100918e-06,0.00211831548100918,2.11831548100918,176.368953209492,0.00195625764328212,-1.00428065298401,-0.0338622061554926,0.354111706996161,0.364111360083272,355.923879218167,83.8767293199185
"96",2024-01-28,1.1027,7.4704,5.798,7.991,50.763,5.829,20.2170412777778,80.9584115,2395.68931666667,1444.43172222222,977.5138,230.3601,30,176,0.092,-0.011265,0.26295,-0.0412,3932.2353,280.6204,-4.5853029439345,0.0102006595815099,80.1325823040287,8.01325823040287e-05,1.17381411862233e-07,117.381411862233,1.88279784627022e-06,0.00188279784627022,1.88279784627022,157.418529963798,0.00196447594021794,-0.994229619388953,-0.0361862156442262,0.356858535430179,0.366618286493981,358.37443438022,84.4542251385822
"97",2024-01-28 01:00:00,1.1403,7.4047,5.662,7.914,66.072,5.825,19.7220187777778,74.8206200555556,2397.81545555556,1511.27052777778,977.5138,230.3601,30,176,0.5627,-0.000355000000000001,1.134,-0.0017,3902.795,280.5547,-4.58979637329145,0.0101549264649785,74.0608221608273,7.40608221608273e-05,1.08487254734066e-07,108.487254734066,1.74013556593442e-06,0.00174013556593442,1.74013556593442,145.883050186251,0.00196977357163897,-0.99150510197147,-0.0353961292766566,0.358114958410688,0.36782293509948,359.551995016246,84.7317281118098
"98",2024-01-28 02:00:00,1.2029,7.688,6.314,10.218,51.637,6.171,19.2200682777778,79.187172,1369.49754055556,1476.23127222222,977.5138,230.3601,30,176,0.3852,0.00386,0.8058,0.00845,3992.53645,280.838,-4.57043750540814,0.0103534295408025,78.3673131941626,7.83673131941626e-05,1.14795575059337e-07,114.795575059337,1.84132102395177e-06,0.00184132102395177,1.84132102395177,152.519167345513,0.00194620896301028,-1.00323196071699,-0.0391908594632633,0.352599361384898,0.362523519870445,354.371743497934,83.5109542897076
"99",2024-01-28 03:00:00,1.1994,7.3662,5.87,9.408,50.669,6.028,18.7335186111111,78.6150561111111,1577.89703444444,1492.35877222222,977.5138,230.3601,30,176,0.48155,0.0432,0.9836,0.05465,3950.1311,280.5162,-4.59243061089665,0.0101282111787405,77.8188262209893,7.78188262209892e-05,1.13992129401554e-07,113.992129401554,1.82843375560092e-06,0.00182843375560092,1.82843375560092,153.226278445625,0.00196901297393634,-0.989907153298333,-0.0367321780292114,0.358208760972761,0.367868791633854,359.596820411416,84.7422916276537
"100",2024-01-28 04:00:00,1.2595,7.7101,6.255,11.809,49.406,6.628,18.2488166111111,78.883282,591.884247222222,1486.37262222222,977.5138,230.3601,30,176,0.09825,0.0307,0.2746,0.1121,4145.4681,280.8601,-4.56892918568692,0.010369057605694,78.0653367048158,7.80653367048158e-05,1.14353227818682e-07,114.353227818682,1.83422577421167e-06,0.00183422577421167,1.83422577421167,151.903000556131,0.00194584442939781,-1.00414443073528,-0.0388030256340907,0.352414423516446,0.36236188991496,354.213747985954,83.4737211969992
"101",2024-01-28 05:00:00,1.2808,7.7301,6.157,11.951,50.389,6.687,17.8788904444444,80.9717802777778,330.691450555556,1366.93926111111,977.5138,230.3601,30,176,0.0974,0.02649,0.2729,0.09685,4238.1485,280.8801,-4.56756442093488,0.0103832185908865,80.1310325834604,8.01310325834604e-05,1.17379141769556e-07,117.379141769556,1.88276143398368e-06,0.00188276143398368,1.88276143398368,155.9435100008,0.00194610633325331,-1.00496990486212,-0.0381758335864325,0.352344552979084,0.362315845781513,354.168739210101,83.4631144658139
"102",2024-01-28 06:00:00,1.2858,7.6622,6.105,11.552,111.125,6.604,17.6479664444444,80.4474745,409.712327222222,1351.89843888889,977.5138,230.3601,30,176,0.08305,-0.00186,0.24655,-0.00665,4285.54975,280.8122,-4.57219868759696,0.0103352113128112,79.6160328514605,7.96160328514605e-05,1.16624749562133e-07,116.624749562133,1.87066098297662e-06,0.00187066098297662,1.87066098297662,155.277270433574,0.0019503266474389,-1.00216629758931,-0.037918258210324,0.353424796579023,0.363338805278814,355.168696235553,83.6987635179081
"103",2024-01-28 07:00:00,1.2412,7.374,5.862,10.917,54.475,6.351,17.4102334444444,74.3455412777778,778.133445,1320.07307777778,977.5138,230.3601,30,176,0.02355,0,0.0854,0,4277.506,280.524,-4.5918968554168,0.0101336186098962,73.5921519171225,7.35921519171225e-05,1.07800727814278e-07,107.800727814278,1.72912367414101e-06,0.00172912367414101,1.72912367414101,144.881437911253,0.0019687077240847,-0.9902309765383,-0.0366748840561823,0.358113300576348,0.367780983089436,359.51098634749,84.7220640425807
"104",2024-01-28 08:00:00,1.1773,7.1315,5.658,10.268,54.685,6.158,17.3505932777778,66.0693857777778,1204.431065,1363.96559444444,977.5138,230.3601,30,176,0.004,0,0.0167,0,4277.506,280.2815,-4.60850682755969,0.0099666896691885,65.4108927130968,6.54108927130968e-05,9.58164920818527e-08,95.8164920818527,1.53689653299292e-06,0.00153689653299292,1.53689653299292,129.800538322822,0.00198438720125942,-0.980143647274652,-0.0356165015051562,0.362127054743932,0.371581600198468,363.226142020085,85.5975745798791
"105",2024-01-28 09:00:00,1.1217,6.7801,5.184,9.354,69.668,5.964,17.4300965,55.3638812222222,1787.01237777778,1423.77453333333,977.5138,230.3601,30,176,0.221,-0.09308,0.4923,-0.17025,4098.81,279.9301,-4.63263339048749,0.00972910527810485,54.8252401932067,5.48252401932067e-05,8.0310204844617e-08,80.3102048446169,1.28817568570766e-06,0.00128817568570766,1.28817568570766,110.194933452338,0.00200993070096922,-0.965453787028899,-0.0329249686061049,0.368476347377107,0.377622627746323,369.131329814294,86.9891862899058
"106",2024-01-28 10:00:00,1.0299,6.588,4.509,8.989,78.366,5.886,17.5856288888889,46.4356288888889,1889.84041111111,1478.36768888889,977.5138,230.3601,30,176,0.8476,-0.35513,1.66075,-0.2111,3313.41075,279.738,-4.64585152696857,0.00960135083595382,45.9897841246385,4.59897841246385e-05,6.73676753771355e-08,67.3676753771355,1.08057751304925e-06,0.00108057751304925,1.08057751304925,93.354910572911,0.00202990538768146,-0.957386836525394,-0.028778094330649,0.373004449350427,0.382000800484678,373.411054084819,87.9977425997304
"107",2024-01-28 11:00:00,1.0078,6.5832,4.001,9.07,79.425,5.844,17.7800167777778,43.8916835555556,1940.58291111111,1537.78008888889,977.5138,230.3601,30,176,0.4164,-0.0785,0.8631,-0.0778,2501.5996,279.7332,-4.64618207011489,0.00959817769973093,43.470403377249,4.3470403377249e-05,6.36771856831294e-08,63.6771856831294,1.0213820583574e-06,0.0010213820583574,1.0213820583574,88.5611312799827,0.00203727420036624,-0.957184937129824,-0.025538971115184,0.374290176934851,0.383310960726897,374.6917538018,88.2995512441441
"108",2024-01-28 12:00:00,0.9768,6.7265,3.74,9.351,84.529,5.838,17.9622406111111,44.5358392777778,1909.25318888889,1562.59248333333,977.5138,230.3601,30,176,0.3418,-0.064895,0.72585,-0.06675,2251.17685,279.8765,-4.63631947776878,0.0096933089619596,44.1041396277781,4.41041396277781e-05,6.46055078923545e-08,64.6055078923545,1.03627234659337e-06,0.00103627234659337,1.03627234659337,89.6606023882666,0.00203292940628629,-0.963205530965745,-0.0237861183072206,0.372696207134869,0.381874098539931,373.287201185343,87.9685555270684
"109",2024-01-28 13:00:00,1.0485,6.9444,3.526,9.484,67.173,5.836,18.1115595555556,48.7829131666667,1883.74692777778,1570.88907777778,977.5138,230.3601,30,176,0.63185,0.021675,1.26175,0.01315,2213.51705,280.0944,-4.62134432956308,0.00983956003133872,48.3029107640597,4.83029107640597e-05,7.07560358036252e-08,70.7560358036252,1.13492681429015e-06,0.00113492681429015,1.13492681429015,97.7570957743677,0.00202383446935262,-0.972332865870904,-0.0223013352795295,0.369858713693872,0.379261777400172,370.733621221196,87.3667809680814
"110",2024-01-28 14:00:00,1.0984,7.8023,1.938,10.297,50.503,5.803,18.2212046111111,56.9381063333333,1784.99653888889,1576.07321111111,977.5138,230.3601,30,176,1.03125,0.2377,2.0008,0.1147,2523.82445,280.9523,-4.56263944150976,0.0104344818599315,56.3439866956593,5.63439866956593e-05,8.25349254712696e-08,82.5349254712696,1.32386020455916e-06,0.00132386020455916,1.32386020455916,112.63119167171,0.00199899223106246,-1.00794757012898,-0.0119945305742424,0.360615818970963,0.370916506521236,362.576003772298,85.4443635338825
"111",2024-01-28 15:00:00,1.1816,8.0657,1.563,10.538,39.877,5.711,18.3948317777778,71.159984,1725.23455,1530.00730555556,977.5138,230.3601,30,176,1.13475,0.503575,2.19215,0.22995,4033.6879,281.2157,-4.54469628824554,0.0106233991828656,70.4040230841217,7.04040230841217e-05,1.03130629174545e-07,103.130629174545,1.6542152919597e-06,0.0016542152919597,1.6542152919597,140.105270093839,0.00199001795574147,-1.01878023956412,-0.00960973460248048,0.357582213960516,0.368141067568941,359.862973895372,84.805013139288
"112",2024-01-28 16:00:00,1.2506,7.6831,4.618,10.653,38.185,6.103,18.5161987222222,73.7075077222222,1080.74847333333,1548.72416111111,977.5138,230.3601,30,176,0.4213,0.21901,0.87215,0.1709,5495.58635,280.8331,-4.57077196545694,0.0103499673113103,72.9446374266991,7.29446374266991e-05,1.06852222688126e-07,106.852222688126,1.71390965191754e-06,0.00171390965191754,1.71390965191754,143.635206863588,0.00196909892119109,-1.0030296026908,-0.0286673657179787,0.356401644781492,0.366426427783581,358.186889843154,84.4100285468685
"113",2024-01-28 17:00:00,1.2959,7.6202,5.488,10.406,41.239,6.263,18.4931511666667,76.4278574444444,787.267369444444,1543.04085555556,977.5138,230.3601,30,176,0.09275,0.02039,0.26435,0.0771,5674.8757,280.7702,-4.5750665082641,0.0103056142403518,75.6402214284054,7.56402214284054e-05,1.10800821957185e-07,110.800821957185,1.77724518419325e-06,0.00177724518419325,1.77724518419325,148.311575610996,0.00196075015131169,-1.00043051371168,-0.0341221858458533,0.355385309384049,0.365299668287832,357.085466886778,84.1504681167517
"114",2024-01-28 18:00:00,1.3169,7.5719,5.248,10.02,45.167,6.276,18.4679385555556,79.3457376666667,770.596522222222,1514.97532777778,977.5138,230.3601,30,176,0.09325,-0.002135,0.26545,-0.0078,5720.05445,280.7219,-4.57836569705948,0.0102716700985312,78.5307244256301,7.853072442563e-05,1.1503494636764e-07,115.03494636764,1.84516053973694e-06,0.00184516053973694,1.84516053973694,154.43105113467,0.00196650485862917,-0.998432855241276,-0.0326697508166178,0.356613539465818,0.366499104391614,358.257932230443,84.4267703375626
"115",2024-01-28 19:00:00,1.2969,7.7346,4.15,10.057,59.445,6.125,18.4117085555556,81.5420708888889,1017.12012055556,1483.0521,977.5138,230.3601,30,176,0.0937,-0.01712,0.266,-0.06415,5683.12895,280.8846,-4.56725737903792,0.0103864071634735,80.6951417396841,8.06951417396841e-05,1.18205471425959e-07,118.205471425959,1.89601576167238e-06,0.00189601576167238,1.89601576167238,159.184808025445,0.00197266904293894,-1.00515559849811,-0.0257287226147777,0.356691391329305,0.36679157524062,358.543826521445,84.4941439515868
"116",2024-01-28 20:00:00,1.2486,7.7456,2.696,10.036,60.357,5.889,18.3053890555556,80.6399907222222,1544.71750555556,1460.92735,977.5138,230.3601,30,176,0.0879,-0.029215,0.25565,-0.1114,5586.56805,280.8956,-4.56650687883349,0.010394205089898,79.801802120208,7.9801802120208e-05,1.16896871817765e-07,116.896871817765,1.87502582395696e-06,0.00187502582395696,1.87502582395696,158.943177288421,0.00199172415992561,-1.00560945745158,-0.0167097380880612,0.359759619007183,0.369961171652185,361.642150754179,85.2242924979144
"117",2024-01-28 21:00:00,1.2108,7.5598,2.624,9.496,59.078,5.793,18.2216356111111,75.0618827222222,1822.11568888889,1470.01697777778,977.5138,230.3601,30,176,0.12555,-0.05702,0.32535,-0.0742,5492.1787,280.7098,-4.57919240223555,0.0102631819648582,74.2915089612192,7.42915089612192e-05,1.08825173986752e-07,108.825173986752,1.74555579074751e-06,0.00174555579074751,1.74555579074751,148.78221512493,0.00200268129164796,-0.997932154004502,-0.0163398644886802,0.362666348151607,0.372703635571546,364.322947081357,85.8560467606249
"118",2024-01-28 22:00:00,1.1515,7.3984,2.182,9.011,54.763,5.759,18.1043521111111,67.4712877777778,1954.09993888889,1490.90509444444,977.5138,230.3601,30,176,0.3233,-0.192055,0.69075,-0.26265,4955.70225,280.5484,-4.5902273746305,0.010150550621185,66.7864170557129,6.67864170557129e-05,9.78314151598905e-08,97.8314151598905,1.56921589916464e-06,0.00156921589916464,1.56921589916464,134.742041542472,0.00201750666501649,-0.991243689758939,-0.013642997777918,0.366086114573248,0.376001734232991,367.546884036681,86.6157970980853
"119",2024-01-28 23:00:00,1.1092,7.1743,1.972,8.704,69.189,5.723,17.9766602777778,59.1451418888889,2025.45477777778,1528.63571666667,977.5138,230.3601,30,176,0.22145,-0.13147,0.50245,-0.25285,4381.42775,280.3243,-4.60557290102002,0.00999597414245504,58.5539285799157,5.85539285799157e-05,8.57721367410037e-08,85.7721367410037,1.3757850733257e-06,0.0013757850733257,1.3757850733257,119.024108571577,0.00203272626548244,-0.981926976927156,-0.0124000773141569,0.369972332102473,0.379689676060748,371.151898066911,87.4653517463215
"120",2024-01-29,1.0844,6.911,2.087,8.504,68.469,5.697,17.8038329444444,51.3965571111111,2112.65348333333,1552.00012222222,977.5138,230.3601,30,176,0.1032,-0.034415,0.2836,-0.1195,4111.2792,280.061,-4.62363803737579,0.00981701681951122,50.8919962454864,5.08919962454864e-05,7.45486317802382e-08,74.5486317802382,1.19576005375502e-06,0.00119576005375502,1.19576005375502,104.113052982543,0.0020457647697751,-0.970935965801935,-0.0132111045404629,0.37375788020372,0.383214371911895,374.597336902209,88.2773010350613
"121",2024-01-29 01:00:00,1.0883,6.6927,2.211,8.304,65.266,5.678,17.4767179444444,46.5324348333333,2224.06488888889,1474.40886666667,977.5138,230.3601,30,176,0.09815,-0.02024,0.27475,-0.07385,4022.79985,279.8427,-4.63864473081198,0.00967079575063309,46.0824291602805,4.60824291602805e-05,6.75033855311453e-08,67.5033855311453,1.08275430391957e-06,0.00108275430391957,1.08275430391957,94.7589818668721,0.00205629311634785,-0.961786755099091,-0.0140738819483183,0.376867867502073,0.386101854603779,377.419891080788,88.942461836712
"122",2024-01-29 02:00:00,1.1113,6.5663,2.293,8.071,44.927,5.655,17.1092336111111,43.6523095555556,2343.217,1388.88288888889,977.5138,230.3601,30,176,0.1454,-0.018415,0.3621,-0.0219,3919.96705,279.7163,-4.64734595909083,0.00958701298513843,43.2338142970152,4.32338142970152e-05,6.33306205348397e-08,63.3306205348397,1.01582315337883e-06,0.00101582315337883,1.01582315337883,89.16082240195,0.00206229368959716,-0.956473954603744,-0.0146428526750553,0.378659911726463,0.387762582707131,379.043275719862,89.325027328673
"123",2024-01-29 03:00:00,1.1597,6.9823,1.286,9.882,39.887,5.692,16.9212532222222,48.0103347222222,2014.81763888889,1389.74917222222,977.5138,230.3601,30,176,0.1401,0.011595,0.35235,0.03215,3916.95935,280.1323,-4.61874233521406,0.00986519584833044,47.5367033674436,4.75367033674436e-05,6.96336645607661e-08,69.6336645607661,1.11692397955469e-06,0.00111692397955469,1.11692397955469,97.5938645385941,0.00205302129986223,-0.973917029302079,-0.00812590858912349,0.374545144251803,0.384119321666079,375.481937775231,88.48576535093
"124",2024-01-29 04:00:00,1.2039,7.0361,1.041,10.239,41.276,5.625,16.8310457777778,58.8269408333333,1896.31907777778,1337.95960555556,977.5138,230.3601,30,176,0.1601,0.01114,0.389,0.03085,3962.02165,280.1861,-4.61505010025008,0.00990168779595191,58.2444548312107,5.82444548312107e-05,8.53188072149507e-08,85.3188072149507,1.36851366772781e-06,0.00136851366772781,1.36851366772781,119.601958152038,0.00205344798056121,-0.976164070611958,-0.00656884679746337,0.374286804908298,0.38392809865904,375.295014646973,88.4417151999064
"125",2024-01-29 05:00:00,1.2455,7.0919,4.484,10.132,59.362,5.933,16.7094405,68.2870276666667,1429.92762555556,1257.24583888889,977.5138,230.3601,30,176,0.1446,0.013485,0.3601,0.032,4011.7627,280.2419,-4.61122229399248,0.00993966217096867,67.6082776810004,6.76082776810004e-05,9.90353094782366e-08,99.0353094782366,1.58852636403092e-06,0.00158852636403092,1.58852636403092,135.388799324224,0.00200254767564167,-0.978492516218793,-0.0282546350211871,0.365405657823683,0.374892827454727,366.462912358015,86.3603492217537
"126",2024-01-29 06:00:00,1.2641,7.1201,6.324,9.922,67.271,6.193,16.5900959444444,73.5026937777778,832.252357222222,1196.11548888889,977.5138,230.3601,30,176,0.09695,0.005785,0.27245,0.02125,4030.80795,280.2701,-4.60928846416734,0.00995890238357772,72.7706876255149,7.27706876255149e-05,1.06597414061359e-07,106.597414061359,1.7098225215442e-06,0.0017098225215442,1.7098225215442,143.792623162103,0.00197596900419677,-0.979668433462386,-0.03982039957873,0.360779311510289,0.370183612355555,361.859589611405,85.2755339605868
"127",2024-01-29 07:00:00,1.2553,6.9146,4.264,9.99,49.288,6.047,16.5100837777778,75.4356385,1022.63425444444,1166.10025,977.5138,230.3601,30,176,0.09075,-0.01476,0.26075,-0.0589,4033.3548,280.0646,-4.62339078176226,0.00981944443211065,74.6949024395485,7.46949024395485e-05,1.09416080889548e-07,109.416080889548,1.75503393746835e-06,0.00175503393746835,1.75503393746835,150.529349238385,0.00201525598564387,-0.971086567278903,-0.0269894598863563,0.368587912544009,0.377918456128402,369.420506140207,87.0573333455843
"128",2024-01-29 08:00:00,1.2296,6.6024,1.653,9.671,48.769,5.697,16.4192834444444,71.2868300555556,1899.31599444444,1208.16755555556,977.5138,230.3601,30,176,0.0832,-0.025095,0.2467,-0.0993,3933.10095,279.7524,-4.64485997415264,0.0096108758037862,70.601701185446,7.0601701185446e-05,1.03420195964489e-07,103.420195964489,1.6588599432704e-06,0.0016588599432704,1.6588599432704,146.098003398909,0.00206932695594913,-0.957992437922236,-0.0105461881445374,0.379637425158544,0.388813768324814,380.070824167509,89.5671785526811
"129",2024-01-29 09:00:00,1.1878,6.4152,1.503,9.242,56.065,5.69,16.3840195,62.0309993888889,2036.36462222222,1296.03818888889,977.5138,230.3601,30,176,0.0579,-0.007595,0.20035,-0.0274,3885.666,279.5652,-4.65775913124022,0.00948769974988383,61.4424678915019,6.14424678915019e-05,9.00033846661876e-08,90.0033846661876,1.44365429004565e-06,0.00144365429004565,1.44365429004565,127.93554658193,0.00208220065001042,-0.950108287251332,-0.00963500139642543,0.382991191543172,0.39198612140584,383.171843082684,90.2979621256616
"130",2024-01-29 10:00:00,1.1271,6.3449,1.678,9.309,82.532,5.699,16.5976340555556,52.7166748333333,1996.22675555556,1340.52392777778,977.5138,230.3601,30,176,0.04825,-0.01643,0.14955,-0.06035,3831.55365,279.4949,-4.66260823019415,0.0094418043211009,52.2189343050979,5.22189343050979e-05,7.64923837274796e-08,76.4923837274796,1.22693783498877e-06,0.00122693783498877,1.22693783498877,108.811037018294,0.00208374679541614,-0.947141170815208,-0.0107761326797009,0.383691166650189,0.392603786394941,383.775619133307,90.4402474943171
"131",2024-01-29 11:00:00,1.0932,6.4098,1.916,9.552,64.158,5.722,17.0165116666667,49.3487546111111,1907.46196666667,1394.42593333333,977.5138,230.3601,30,176,0.6623,-0.202825,1.30905,-0.1284,3486.4606,279.5598,-4.65813151091463,0.009484167381109,48.8807227623301,4.88807227623301e-05,7.16024379311716e-08,71.6024379311716,1.14850310441599e-06,0.00114850310441599,1.14850310441599,101.505731483759,0.00207660046225798,-0.94988049519511,-0.0122842335774101,0.382064923208783,0.391030545558348,382.237754504814,90.0778355778755
"132",2024-01-29 12:00:00,NA,NA,NA,NA,NA,NA,17.2948673888889,52.2483453888889,1841.07463888889,1422.23338333333,977.5138,230.3601,30,176,0.9045,-0.15116,1.76605,-0.0856,2809.26985,NA,NA,NA,NA,NA,NA,NA,NA,NA,NA,NA,NA,NA,NA,NA,NA,NA,NA
"133",2024-01-29 13:00:00,NA,NA,NA,NA,NA,NA,17.6459619444444,64.7913235555556,1851.42999444444,1456.36743888889,977.5138,230.3601,30,176,0.8781,-0.11814,1.7176,-0.06885,2330.70085,NA,NA,NA,NA,NA,NA,NA,NA,NA,NA,NA,NA,NA,NA,NA,NA,NA,NA
"134",2024-01-29 14:00:00,NA,NA,NA,NA,NA,NA,17.8124183333333,78.776067,1759.46296111111,1383.91,977.5138,230.3601,30,176,0.9072,-0.05063,1.77105,-0.02865,2047.722,NA,NA,NA,NA,NA,NA,NA,NA,NA,NA,NA,NA,NA,NA,NA,NA,NA,NA
"135",2024-01-29 15:00:00,NA,NA,NA,NA,NA,NA,17.8480761111111,83.6024052777778,1603.22980555556,1337.63501666667,977.5138,230.3601,30,176,0.95035,0.01715,1.851,0.00875,1954.6165,NA,NA,NA,NA,NA,NA,NA,NA,NA,NA,NA,NA,NA,NA,NA,NA,NA,NA
"136",2024-01-29 16:00:00,NA,NA,NA,NA,NA,NA,17.8399896666667,81.3119072222222,1418.08852222222,1362.35303333333,977.5138,230.3601,30,176,1.0066,0.109585,1.9553,0.0554,2148.3554,NA,NA,NA,NA,NA,NA,NA,NA,NA,NA,NA,NA,NA,NA,NA,NA,NA,NA
"137",2024-01-29 17:00:00,NA,NA,NA,NA,NA,NA,17.6429909444444,71.0983451111111,1173.03175555556,1447.02807222222,977.5138,230.3601,30,176,1.07235,0.21395,2.07675,0.10335,2909.1803,NA,NA,NA,NA,NA,NA,NA,NA,NA,NA,NA,NA,NA,NA,NA,NA,NA,NA
"138",2024-01-29 18:00:00,NA,NA,NA,NA,NA,NA,17.2525155,62.8475609444444,1092.87483888889,1427.28476666667,977.5138,230.3601,30,176,1.09535,0.21308,2.1193,0.10005,3483.739,NA,NA,NA,NA,NA,NA,NA,NA,NA,NA,NA,NA,NA,NA,NA,NA,NA,NA
"139",2024-01-29 19:00:00,NA,NA,NA,NA,NA,NA,16.9719273333333,58.7229627777778,1022.6185,1386.24960555556,977.5138,230.3601,30,176,1.1113,0.030865,2.14895,0.01405,4138.14595,NA,NA,NA,NA,NA,NA,NA,NA,NA,NA,NA,NA,NA,NA,NA,NA,NA,NA
"140",2024-01-29 20:00:00,NA,NA,NA,NA,NA,NA,16.7487590555556,57.5342242222222,1076.16837222222,1394.15079444444,977.5138,230.3601,30,176,1.0964,-0.043115,2.1213,-0.02045,4044.68335,NA,NA,NA,NA,NA,NA,NA,NA,NA,NA,NA,NA,NA,NA,NA,NA,NA,NA
"141",2024-01-29 21:00:00,NA,NA,NA,NA,NA,NA,16.5396954444444,54.2159348888889,1218.26791111111,1385.92394444444,977.5138,230.3601,30,176,1.08155,-0.09757,2.09385,-0.0466,3739.22615,NA,NA,NA,NA,NA,NA,NA,NA,NA,NA,NA,NA,NA,NA,NA,NA,NA,NA
"142",2024-01-29 22:00:00,NA,NA,NA,NA,NA,NA,16.3746553888889,51.1408301111111,1507.40461111111,1394.66453333333,977.5138,230.3601,30,176,1.02935,-0.191145,1.997,-0.0958,3177.1521,NA,NA,NA,NA,NA,NA,NA,NA,NA,NA,NA,NA,NA,NA,NA,NA,NA,NA
"143",2024-01-29 23:00:00,NA,NA,NA,NA,NA,NA,16.2693009444444,46.8983669444444,1903.666,1392.72022777778,977.5138,230.3601,30,176,0.99365,-0.177335,1.93105,-0.09175,2507.88775,NA,NA,NA,NA,NA,NA,NA,NA,NA,NA,NA,NA,NA,NA,NA,NA,NA,NA
"144",2024-01-30,NA,NA,NA,NA,NA,NA,16.2311957222222,45.2773304444444,2192.78681111111,1382.84121111111,977.5138,230.3601,30,176,0.9642,-0.094965,1.8767,-0.0508,1995.43015,NA,NA,NA,NA,NA,NA,NA,NA,NA,NA,NA,NA,NA,NA,NA,NA,NA,NA
"145",2024-01-30 01:00:00,NA,NA,NA,NA,NA,NA,16.1297191111111,47.1397080555556,2361.58255,1379.85041666667,977.5138,230.3601,30,176,0.98365,-0.026785,1.9126,-0.0139,1814.90585,NA,NA,NA,NA,NA,NA,NA,NA,NA,NA,NA,NA,NA,NA,NA,NA,NA,NA
"146",2024-01-30 02:00:00,NA,NA,NA,NA,NA,NA,15.9740245,50.0446261111111,2435.98358333333,1378.10076666667,977.5138,230.3601,30,176,0.99545,-0.006175,1.93435,-0.0033,1755.9304,NA,NA,NA,NA,NA,NA,NA,NA,NA,NA,NA,NA,NA,NA,NA,NA,NA,NA
"147",2024-01-30 03:00:00,NA,NA,NA,NA,NA,NA,15.7992765,57.0236962777778,2221.62253333333,1350.88797777778,977.5138,230.3601,30,176,1.0372,0.190485,2.01165,0.0942,2037.88225,NA,NA,NA,NA,NA,NA,NA,NA,NA,NA,NA,NA,NA,NA,NA,NA,NA,NA
"148",2024-01-30 04:00:00,NA,NA,NA,NA,NA,NA,15.6088185,56.7847775555556,1453.51340555556,1355.35315,977.5138,230.3601,30,176,1.08325,0.25288,2.09715,0.12045,2870.61655,NA,NA,NA,NA,NA,NA,NA,NA,NA,NA,NA,NA,NA,NA,NA,NA,NA,NA
"149",2024-01-30 05:00:00,NA,NA,NA,NA,NA,NA,15.521924,57.8752225555556,1004.77400277778,1351.20895,977.5138,230.3601,30,176,1.12175,0.439675,2.1683,0.2027,4132.8528,NA,NA,NA,NA,NA,NA,NA,NA,NA,NA,NA,NA,NA,NA,NA,NA,NA,NA
"150",2024-01-30 06:00:00,NA,NA,NA,NA,NA,NA,15.5609910555556,66.5484641666667,753.874649444444,1285.06341666667,977.5138,230.3601,30,176,1.14705,0.35448,2.2152,0.1601,5571.96205,NA,NA,NA,NA,NA,NA,NA,NA,NA,NA,NA,NA,NA,NA,NA,NA,NA,NA
"151",2024-01-30 07:00:00,NA,NA,NA,NA,NA,NA,15.5000652777778,72.0085414444444,609.634464444444,1238.46581666667,977.5138,230.3601,30,176,1.15745,0.217795,2.23435,0.0976,6560.83545,NA,NA,NA,NA,NA,NA,NA,NA,NA,NA,NA,NA,NA,NA,NA,NA,NA,NA
"152",2024-01-30 08:00:00,NA,NA,NA,NA,NA,NA,15.4351809444444,73.7634492222222,600.751635555556,1229.82987222222,977.5138,230.3601,30,176,1.16565,-0.07924,2.24965,-0.03495,6895.84455,NA,NA,NA,NA,NA,NA,NA,NA,NA,NA,NA,NA,NA,NA,NA,NA,NA,NA
"153",2024-01-30 09:00:00,NA,NA,NA,NA,NA,NA,15.4825947222222,68.5589623333333,871.534892222222,1263.47399444444,977.5138,230.3601,30,176,1.1429,-0.25871,2.20755,-0.11745,6185.25185,NA,NA,NA,NA,NA,NA,NA,NA,NA,NA,NA,NA,NA,NA,NA,NA,NA,NA
"154",2024-01-30 10:00:00,NA,NA,NA,NA,NA,NA,15.6901257777778,58.8024292777778,1376.00575555556,1302.30716666667,977.5138,230.3601,30,176,1.09505,-0.426735,2.1188,-0.2019,4969.39385,NA,NA,NA,NA,NA,NA,NA,NA,NA,NA,NA,NA,NA,NA,NA,NA,NA,NA
"155",2024-01-30 11:00:00,1.27966666666667,5.69366666666667,3.21,10.9411111111111,32.1744444444444,7.05555555555556,16.0039679444444,48.3787543888889,1520.75467222222,1374.61563888889,977.5138,230.3601,30,176,1.04715,-0.33742,2.03035,-0.16595,3512.45495,278.843666666667,-4.70765936155859,0.00902587964185054,47.9420935745521,4.79420935745521e-05,7.02274963517469e-08,70.2274963517469,1.12644904148202e-06,0.00112644904148202,1.12644904148202,100.65889660873,0.00209959326144572,-0.919489471185102,-0.020960593334443,0.390452067185956,0.398590833138245,389.628039946131,91.8194241808093
"156",2024-01-30 12:00:00,1.2331,5.8577,2.981,11.553,25.96,6.99,16.5424515,40.4687878333333,1420.81463888889,1355.53569444444,977.5138,230.3601,30,176,0.28285,-0.07739,0.6161,-0.12165,2754.4877,279.0077,-4.6962895325257,0.00912908796784473,40.0993447092508,4.00993447092508e-05,5.87391241038989e-08,58.7391241038989,9.42175550626539e-07,0.000942175550626539,0.942175550626539,83.9394920454808,0.00209328837301713,-0.926482612094865,-0.0193837106815274,0.388342994749606,0.396671007784,387.751384168768,91.3771730202231
"157",2024-01-30 13:00:00,1.2185,6.5861,3.835,13.414,82.158,7.71,17.1433144444444,40.6708127222222,841.605889444444,1404.92956666667,977.5138,230.3601,30,176,0.09795,-0.009505,0.274,-0.0342,2628.093,279.7361,-4.64598236543687,0.00960009469210774,40.2803690688839,4.02803690688839e-05,5.90042958268639e-08,59.0042958268639,9.46428905062897e-07,0.000946428905062897,0.946428905062897,82.1493074731948,0.00203943780486992,-0.957306919943726,-0.0244775622171179,0.37464196010138,0.383675199762459,375.04780248556,88.3834573847999
"158",2024-01-30 14:00:00,1.2417,7.4611,5.94,16.49,249.035,8.717,17.5637431666667,55.3414803333333,98.4309012777778,1518.35173888889,977.5138,230.3601,30,176,0.09935,0.00589,0.2771,0.02145,2637.0892,280.6111,-4.58593885615332,0.0101941749195663,54.7773196025076,5.47773196025076e-05,8.02400088465372e-08,80.2400088465372,1.28704974189846e-06,0.00128704974189846,1.28704974189846,107.531264803294,0.00196306182163706,-0.993844138740698,-0.0370811699082019,0.356676771727669,0.36641940786729,358.180027778104,84.4084114382497
"159",2024-01-30 15:00:00,1.1749,6.5246,4.935,15.381,225.539,7.917,17.6527940782123,61.438128547486,49.9376763128492,1506.85216759777,977.5138,230.3601,30,176,0.2531,0.066595,0.5563,0.0918,2585.3237,279.6746,-4.65021848095606,0.00955951359621126,60.8508099223106,6.08508099223106e-05,8.91367004065974e-08,89.1367004065974,1.42975267452182e-06,0.00142975267452182,1.42975267452182,123.374477448764,0.00202749113128122,-0.954718780950778,-0.0315478525558142,0.372966515738269,0.381875383864155,373.288457607509,87.9688516144852
"160",2024-01-30 16:00:00,1.384,7.2297,5.698,15.15,130.188,8.558,17.5040660555556,61.3502041666667,55.1715171666667,1498.09729444444,NA,NA,NA,NA,1.0297,0.48648,1.99805,0.2365,3730.02165,280.3797,-4.60177674634139,0.0100339925222343,60.7346166768208,6.07346166768208e-05,8.89664958928742e-08,88.9664958928742,1.4270225941217e-06,0.0014270225941217,1.4270225941217,120.168906953817,0.00197859002870235,-0.984233415180164,-0.0357792096033359,0.360590387768764,0.370134449004173,NA,NA
"161",2024-01-30 17:00:00,1.4499,7.1142,5.953,12.686,54.371,8.277,17.2687207222222,65.8216755,126.855586611111,1412.72351666667,NA,NA,NA,NA,0.43525,0.213605,0.89815,0.182,5275.5793,280.2642,-4.60969302351518,0.00995487423143459,65.1664289986952,6.51664289986952e-05,9.54583918544487e-08,95.4583918544487,1.53115260534536e-06,0.00153115260534536,1.53115260534536,129.114901467313,0.00198131006180956,-0.979422453980334,-0.0374899239301398,0.361710041695882,0.371130790656646,NA,NA
"162",2024-01-30 18:00:00,1.5107,7.0916,6.17,11.401,41.34,7.971,16.9681418888889,71.8986656111111,244.140653333333,1328.03291666667,627.68695,187.63105,3,131.5,0.0952,0.025365,0.26915,0.0944,5502.0616,280.2416,-4.61124286900633,0.00993945766438784,71.1840318681435,7.11840318681435e-05,1.04273217241731e-07,104.273217241731,1.67254240455737e-06,0.00167254240455737,1.67254240455737,140.914301768297,0.00197957741462744,-0.978480003487114,-0.0388787742031589,0.361548610447035,0.370935240964503,232.831210048524,69.5989687441727
"163",2024-01-30 19:00:00,1.5269,6.9824,6.415,11.29,47.306,7.949,16.6739476111111,76.3111582222222,290.89215,1270.42933333333,587.199575,182.466875,3,127.25,0.0949,0.011905,0.2688,0.04445,5562.6134,280.1324,-4.61873547084232,0.00986526356693378,75.558328533262,7.5558328533262e-05,1.10680861968664e-07,110.680861968664,1.77532102597736e-06,0.00177532102597736,1.77532102597736,149.764603197158,0.00198210582611326,-0.973921207828923,-0.0405346589182082,0.362599678705451,0.371868637140718,218.361105684859,67.8537081295757
"164",2024-01-30 20:00:00,1.5186,6.8627,6.348,11.376,46.844,7.919,16.3986160555556,77.2718375,269.627437222222,1216.89182222222,563.814775,178.462725,3,117.25,0.09465,-0.013095,0.26815,-0.04935,5569.20445,280.0127,-4.6269560758933,0.00978449755983033,76.5157713945377,7.65157713945377e-05,1.12083362569575e-07,112.083362569575,1.79781713561598e-06,0.00179781713561598,1.79781713561598,152.225428716213,0.00198946473311097,-0.96891452182561,-0.040233343008846,0.364529475645498,0.373688020154055,210.690827003354,66.6893823765476
"165",2024-01-30 21:00:00,1.4804,6.6842,5.934,11.28,39.464,7.773,16.2826807777778,74.3026656666667,370.343,1210.75038888889,538.892375,175.82125,3,116.5,0.09275,-0.01923,0.26475,-0.0729,5502.7079,279.8342,-4.6392295833193,0.00966514141518707,73.584519895473,7.3584519895473e-05,1.07789548123685e-07,107.789548123685,1.7289443519039e-06,0.0017289443519039,1.7289443519039,147.525522576237,0.00200484453504348,-0.961429836657111,-0.0377804014427142,0.368170093095738,0.377179511130776,203.259162554603,66.3161731214019
"166",2024-01-30 22:00:00,1.4301,6.514,5.708,11.129,54.118,7.579,16.2430698333333,67.996465,536.273012222222,1256.73892777778,571.703575,180.0673,2.75,112,0.09135,-0.031,0.26185,-0.1171,5414.9594,279.664,-4.65094882010595,0.00955253445813023,67.3469264250565,6.73469264250564e-05,9.86524717044797e-08,98.6524717044797,1.58238564613985e-06,0.00158238564613985,1.58238564613985,135.860812860931,0.00201732759121706,-0.954272427484703,-0.0364992398759935,0.371290068020619,0.380144483188425,217.32996005535,68.4515906976351
"167",2024-01-30 23:00:00,1.3807,6.2782,5.42,11.023,68.5,7.421,16.1879291666667,59.6708228888889,760.410386111111,1323.94246666667,571.894475,181.200225,2.5,116,0.08435,-0.026725,0.2489,-0.09905,5319.92095,279.4282,-4.66721155050924,0.00939844055713549,59.1100102069723,5.91100102069723e-05,8.65867073515813e-08,86.5867073515813,1.38885078591936e-06,0.00138885078591936,1.38885078591936,120.257588629953,0.00203447078098741,-0.944322788738837,-0.034866548778982,0.375615472834,0.384248784426701,219.749756839096,69.6259661940947
"168",2024-01-31,1.3266,6.062,5.109,10.879,94.344,7.277,16.1494696111111,50.2907121111111,1019.42761388889,1371.24480555556,604.3761,184.910125,2.75,120.75,0.09275,-0.047215,0.2643,-0.17305,5173.75405,279.212,-4.68214967690064,0.00925908888345029,49.8250659376623,4.98250659376623e-05,7.29857495881253e-08,72.9857495881253,1.17069142339353e-06,0.00117069142339353,1.17069142339353,102.193952659227,0.00205105504099252,-0.935165832065373,-0.033047794099819,0.379760827336119,0.388188834421279,234.612053811079,71.7800458964431
"169",2024-01-31 01:00:00,1.2933,5.7951,4.783,10.612,144.808,7.15,16.0623233888889,41.4673681666667,1331.25629444444,1377.02461666667,537.582225,176.6385,3,112.75,0.0874,-0.034595,0.25465,-0.13525,5017.57135,278.9451,-4.70062682185845,0.00908957821694657,41.0904472802648,4.10904472802648e-05,6.01909307940231e-08,60.1909307940231,9.65462529936131e-07,0.000965462529936131,0.965462529936131,85.0977990087007,0.00207098741048682,-0.923816067482448,-0.0311509304501065,0.384824844358885,0.392989217251231,211.264017810925,69.4170258514316
"170",2024-01-31 02:00:00,1.2942,5.5962,4.529,10.435,162.594,7.085,15.9448356111111,34.6105262777778,1524.54948333333,1333.78045555556,582.00465,182.845,3,114.75,0.09605,-0.00878,0.27025,-0.03205,4940.99795,278.7462,-4.71442231227621,0.00896504400935099,34.3002413865107,3.43002413865107e-05,5.02443655926163e-08,50.2443655926163,8.05919624105566e-07,0.000805919624105566,0.805919624105566,71.5571453107808,0.00208619946735775,-0.915325206543351,-0.0296473151563766,0.388690251302451,0.396653598856318,230.854238973612,72.5261272828835
"171",2024-01-31 03:00:00,1.3316,5.8691,4.821,10.699,123.632,7.168,15.8000289444444,34.6844539444444,1291.24653333333,1294.35262222222,538.34195,176.282625,3,107.75,0.11695,0.02888,0.3092,0.0897,4975.7555,279.0191,-4.69549991047989,0.00913629934364276,34.3675663906372,3.43675663906372e-05,5.0342985951661e-08,50.342985951661,8.07501494664643e-07,0.000807501494664643,0.807501494664643,71.009530863569,0.00206617861900499,-0.926967914698558,-0.0313390201535822,0.383541697660963,0.391782754141805,210.91309184107,69.064492329847
"172",2024-01-31 04:00:00,1.3839,6.3387,5.618,11.271,166.074,7.584,15.5607569444444,41.4149874444444,827.265241111111,1358.2294,562.349725,179.842675,3,108,0.10245,0.02692,0.28225,0.0947,5087.83435,279.4887,-4.66303602076818,0.00943776607007724,41.0241224811486,4.10241224811486e-05,6.00937755752857e-08,60.0937755752857,9.63904160227583e-07,0.000963904160227583,0.963904160227583,83.2098941724127,0.00202831624760894,-0.946879324040509,-0.0360845553194583,0.374200368879874,0.382884036748147,215.31473277221,68.8588893835851
"173",2024-01-31 05:00:00,1.4451,6.4938,6.108,11.25,190.321,7.69,15.3947587777778,50.7750941666667,478.81481,1404.31741666667,541.703675,178.067825,3,109,0.0929,0.036775,0.26445,0.1387,5203.94595,279.6438,-4.65234077106417,0.00953924704863355,50.2907379994932,5.02907379994932e-05,7.36678846511776e-08,73.6678846511776,1.18163286980489e-06,0.00118163286980489,1.18163286980489,101.230163739158,0.00201289875165837,-0.953421611341284,-0.039077095234081,0.370649388911347,0.379461115075406,205.555480555945,67.5698154335522
"174",2024-01-31 06:00:00,1.5017,6.6348,6.854,10.913,153.194,7.781,15.4152055555556,61.1375073888889,434.573374444444,1350.07821111111,493.3516,170.75505,2.75,104.5,0.0914,0.021115,0.26195,0.08075,5313.83865,279.7848,-4.64262940046571,0.00963233749728369,60.5486102839764,6.05486102839764e-05,8.869402628838e-08,88.69402628838,1.42265218166562e-06,0.00142265218166562,1.42265218166562,120.788393855277,0.00199489952434536,-0.959354510349847,-0.0436926889316441,0.366760145427317,0.375668731233216,185.336769623877,64.1473329851643
"175",2024-01-31 07:00:00,1.5409,6.6689,7.041,10.554,120.621,7.773,15.5005446666667,71.7649387222222,434.953861111111,1263.90174444444,557.402575,180.911475,2.25,106.75,0.0914,0.006085,0.2618,0.02335,5362.32055,279.8189,-4.64028241864757,0.00965497096780152,71.0720503223531,7.10720503223531e-05,1.04109182194196e-07,104.109182194196,1.6699112823949e-06,0.0016699112823949,1.6699112823949,141.468031071901,0.00199048754651457,-0.960787256131304,-0.0448458586390199,0.365812959885268,0.37474420662947,208.883385741599,67.7955271690423
"176",2024-01-31 08:00:00,1.5523,6.6749,7.056,10.344,90.894,7.735,15.5345681111111,79.7285553333333,453.829518888889,1175.40081666667,518.449175,175.54025,3,97.5,0.09285,-0.005095,0.2646,-0.0195,5366.6123,279.8249,-4.63986952659855,0.00965895825160816,78.9584605459076,7.89584605459076e-05,1.15661511346067e-07,115.661511346067,1.85521064199092e-06,0.00185521064199092,1.85521064199092,157.123960534774,0.00198995724395385,-0.961039268007639,-0.0449345405115824,0.365688350924522,0.374624588060111,194.223808614479,65.7616938442189
"177",2024-01-31 09:00:00,1.5199,6.2577,5.847,10.82,88.181,7.527,15.7176316111111,78.7798292222222,623.687247777778,1157.44461111111,446.4472,163.775625,3,96.75,0.0906,-0.031875,0.26035,-0.1224,5291.9489,279.4077,-4.66862686115416,0.00938514825289716,78.0404688456337,7.80404688456337e-05,1.14316800383838e-07,114.316800383838,1.83364147815676e-06,0.00183364147815676,1.83364147815676,158.394048298752,0.00202963988609628,-0.943455941176211,-0.0376330900231492,0.374902595831924,0.383491385778611,171.208655404981,62.8065413880081
"178",2024-01-31 10:00:00,1.488,6.047,5.01,10.978,78.184,7.389,16.019473,73.6507116111111,781.465557777778,1208.21235555556,528.27595,176.813875,2.75,100.5,0.093,-0.01526,0.2646,-0.05755,5208.916,279.197,-4.68318705322076,0.00924948870435737,72.9694801859962,7.29694801859962e-05,1.06888613355655e-07,106.888613355655,1.7144933582247e-06,0.0017144933582247,1.7144933582247,149.828986057635,0.00205331031104685,-0.934529299286545,-0.032419830161343,0.380241337393315,0.388659127498449,205.319269805414,68.7203263871198
"179",2024-01-31 11:00:00,1.4373,5.9682,4.459,11.576,95.532,7.377,16.5840132777778,65.8784718333333,764.930385,1311.67617777778,425.955,161.195925,3,88.25,0.0937,-0.04436,0.2662,-0.1664,5103.7295,279.1182,-4.68863879820692,0.00919920005621255,65.2724425915409,6.52724425915409e-05,9.56136848057928e-08,95.6136848057928,1.53364350428492e-06,0.00153364350428492,1.53364350428492,134.830010122565,0.00206564983275253,-0.931182774075999,-0.0289124647516295,0.382856421441992,0.39122165554212,166.642820286444,63.0633366451434
"180",2024-01-31 12:00:00,1.3848,6.0998,4.255,12.074,113.75,7.402,17.3128810555556,56.3652432222222,808.661761666667,1434.28363333333,607.48845,187.82705,3,113.75,0.14605,-0.065845,0.363,-0.1611,4931.2634,279.2498,-4.67953604491783,0.00928332038635564,55.8419866107355,5.58419866107355e-05,8.17995756668698e-08,81.7995756668698,1.31206519369659e-06,0.00131206519369659,1.31206519369659,115.091260796628,0.00206101658952266,-0.93676919129588,-0.0274970939892596,0.381262835292916,0.389776937590993,236.784987662899,73.2106523457503
"181",2024-01-31 13:00:00,1.347,6.2446,4.158,12.566,120,7.423,17.9345854444444,47.4347375,727.834693888889,1556.05058333333,585.96895,186.143,3,107.5,0.18045,-0.078215,0.4266,-0.1631,4608.05425,279.3946,-4.66953140161121,0.00937666284497179,46.9899579593228,4.69899579593228e-05,6.88327700171343e-08,68.8327700171343,1.10407763107483e-06,0.00110407763107483,1.10407763107483,96.5241392295065,0.00205414397929582,-0.942901849697549,-0.0267711124169356,0.379207032893007,0.38787624848006,227.2834380518,72.2004485208239
"182",2024-01-31 14:00:00,1.3362,6.3053,4.091,12.787,119.524,7.421,18.3131664444444,39.1289918333333,716.602551666667,1582.28793888889,728.540425,202.24085,3,134,0.0981,-0.016165,0.27415,-0.05875,4483.34825,279.4553,-4.66534093761142,0.00941603785481143,38.7605517650101,3.87605517650101e-05,5.67780066474573e-08,56.7780066474573,9.10719226625216e-07,0.000910719226625216,0.910719226625216,79.523043952206,0.00205164891445104,-0.945468265547717,-0.0262989844377926,0.3784136952321,0.387148865916877,282.05359931335,78.2973157195652
"183",2024-01-31 15:00:00,1.3618,6.462,4.355,12.836,29.644,7.56,18.3827669444444,34.8466017222222,662.803549444444,1527.35476111111,739.038075,206.86485,3,138.75,0.09855,0.011225,0.2755,0.0408,4485.3371,279.612,-4.65453251898781,0.00951836231933174,34.5149191414327,3.45149191414327e-05,5.05588341551362e-08,50.5588341551362,8.10963699848385e-07,0.000810963699848385,0.810963699848385,70.3793497764632,0.00203909936709015,-0.952081628070069,-0.0278845183116239,0.375323804705155,0.384202964236565,283.940619098685,79.4780885663524
"184",2024-01-31 16:00:00,1.3995,6.6159,5.319,13.2,53.074,8.107,18.3222571666667,44.0071463333333,286.079657777778,1581.83676111111,718.688875,199.553075,3,137.25,0.0952,0.01818,0.2692,0.06775,4532.1581,279.7659,-4.64393049775892,0.00961981303870618,43.5838058132397,4.35838058132397e-05,6.3843302107466e-08,63.843302107466,1.02404656580375e-06,0.00102404656580375,1.02404656580375,87.9126430731127,0.00201709422646168,-0.958560057392866,-0.0339237206814952,0.370654922192424,0.379632465299628,272.837629399666,75.7568258203715
"185",2024-01-31 17:00:00,1.4447,6.6425,6.668,13.737,94.84,8.423,18.2333955555556,57.2044573333333,105.369836444444,1620.18361666667,633.14855,186.9796,3,132.25,0.09275,0.02698,0.26435,0.10215,4622.7738,279.7925,-4.64209938052886,0.00963744418134486,56.6531525688592,5.66531525688592e-05,8.29878040089677e-08,82.9878040089677,1.33112437630384e-06,0.00133112437630384,1.33112437630384,113.138116796058,0.00199703126244464,-0.959678104702647,-0.0424986563775023,0.367079526449183,0.376006217843797,238.067791618784,70.3054922099459
"186",2024-01-31 18:00:00,1.4763,6.6573,6.789,13.402,90.318,8.37,17.8942167222222,67.5677644444444,106.3014315,1528.83832222222,585.376875,181.2589,3,118.75,0.09225,0.01124,0.26355,0.04265,4695.40995,279.8073,-4.64108073314173,0.00964726634038493,66.9159202248245,6.69159202248245e-05,9.80211165821319e-08,98.0211165821319,1.5722587099774e-06,0.0015722587099774,1.5722587099774,133.468269305578,0.00199456674670468,-0.960299961767383,-0.0432535673526454,0.366574490827299,0.375508762684464,219.814146035348,68.0643052645471
"187",2024-01-31 19:00:00,1.49,6.689,6.824,13.044,90.793,8.322,17.1560725555556,75.7927373888889,123.451683333333,1327.25834444444,627.41115,187.5334,3,122,0.092,-0.001185,0.2631,-0.00435,4713.5525,279.839,-4.63889930875147,0.00966833409275861,75.0599478820084,7.50599478820084e-05,1.09950814055481e-07,109.950814055481,1.76361105744992e-06,0.00176361105744992,1.76361105744992,149.546859352798,0.00199236561671852,-0.961631396810489,-0.0434415224932407,0.366017944057259,0.374981129222183,235.267341513588,70.3214860988753
"188",2024-01-31 20:00:00,1.4763,6.605,6.354,13.432,88.512,8.348,16.2883733888889,76.1270405,103.268445722222,1225.81541666667,521.096475,172.3275,3,114.25,0.0919,-0.02135,0.2632,-0.081,4671.98505,279.755,-4.64468095603158,0.00961259647870768,75.3952619785553,7.53952619785553e-05,1.10441995556667e-07,110.441995556667,1.77148960872894e-06,0.00177148960872894,1.77148960872894,151.046442325268,0.00200339435610994,-0.958101767146829,-0.0405360233068949,0.368380911534398,0.377288676208331,196.603799229578,65.0172143492911
"189",2024-01-31 21:00:00,1.4417,6.1643,4.663,12.7,62.76,7.865,15.5161435555556,69.8943205555556,243.462621666667,1269.09956111111,449.355725,162.558075,3,100.5,0.09355,-0.034145,0.2661,-0.1283,4567.2816,279.3143,-4.67507811455877,0.00932479716330666,69.2425701935079,6.92425701935079e-05,1.01429286522258e-07,101.429286522258,1.62692575581702e-06,0.00162692575581702,1.62692575581702,142.055030040601,0.00205155628457478,-0.939502757823455,-0.0300841241448475,0.379239676494794,0.387798150365623,174.259319011204,63.0397208119962
"190",2024-01-31 22:00:00,1.3951,5.49,3.776,11.836,72.951,7.383,14.8673275,60.2526092222222,669.697372777778,1342.75237777778,417.178525,157.379825,3,90.75,0.0906,-0.034565,0.26075,-0.12935,4432.69515,278.64,-4.72179730693012,0.00889917006696244,59.7164110057754,5.97164110057754e-05,8.74749874977001e-08,87.4749874977001,1.40309879946311e-06,0.00140309879946311,1.40309879946311,125.606007188795,0.00210337501991952,-0.910780140924757,-0.0247854900019198,0.392363869614394,0.400249930914717,166.975675810353,62.9912640836202
"191",2024-01-31 23:00:00,1.3439,5.1709,3.394,11.222,53.164,7.221,14.2931148888889,49.5057901111111,1021.33811166667,1442.95033888889,546.827575,177.129775,2.75,99.5,0.04335,-0.0045,0.14515,-0.0165,4366.3999,278.3209,-4.74399511898189,0.00870380433239658,49.0749014006633,4.90749014006633e-05,7.18868785677476e-08,71.8868785677476,1.15306553222667e-06,0.00115306553222667,1.15306553222667,104.43391213458,0.00212805138989374,-0.897075317770728,-0.0224613135346114,0.398703745122108,0.406251455887812,222.149498463352,71.9592289748306
"192",2024-02-01,1.2909,4.7407,3.6,10.674,77.395,7.077,13.7906434444444,38.4530611666667,1342.37210555556,1431.85029444444,445.756725,162.398325,2.25,88.5,1.0098,-0.47636,1.95605,-0.23105,3379.46275,277.8907,-4.77401226931095,0.00844642318172969,38.1282703394201,3.81282703394201e-05,5.58518155239961e-08,55.8518155239961,8.95863121004897e-07,0.000895863121004897,0.895863121004897,82.0217222909387,0.00215120490808465,-0.878483960557556,-0.0240897959838827,0.405524593868749,0.412562743025452,183.902617188042,66.9994984247389
"193",2024-02-01 01:00:00,1.2489,4.2602,3.659,10.606,131.3,7.011,13.3280068888889,29.4939007222222,1586.16273888889,1388.78467777778,525.335533333333,174.9365,3,106.666666666667,1.03775,-0.3636,2.0125,-0.18065,1938.47805,277.4102,-4.80766292272661,0.00816692455534374,29.253026260181,2.9253026260181e-05,4.28510029869636e-08,42.8510029869636,6.87330087910896e-07,0.000687330087910896,0.687330087910896,63.77909222057,0.00218025621189783,-0.857561961559121,-0.0247899696879703,0.413808517094538,0.420262505908472,220.77882768143,73.5192518648575
"194",2024-02-01 02:00:00,1.2277,3.8312,3.559,10.633,96.406,6.98,12.8955983888889,23.980526,1681.99147777778,1259.39892222222,504.309533333333,171.3468,2,96.3333333333333,0.2128,-0.06606,0.4865,-0.112,1145.56045,276.9812,-4.83781786174615,0.00792432757739669,23.7904964564977,2.37904964564977e-05,3.48492708293361e-08,34.8492708293361,5.58982304102551e-07,0.000558982304102551,0.558982304102551,52.5572478284822,0.00220916986430216,-0.838741683004386,-0.0243814004065509,0.421842573379065,0.427759334378992,215.723110299647,73.2951931159702
"195",2024-02-01 03:00:00,1.2417,4.451,4.783,10.335,57.877,7.131,12.4837638333333,26.7753866111111,1522.94234777778,1329.69435555556,497.7145,170.365925,2,98,0.1034,-0.004145,0.28445,-0.01395,1077.28365,277.601,-4.79428502358466,0.0082769149268486,26.5537690139975,2.65537690139975e-05,3.88970230024641e-08,38.8970230024641,6.23908248959523e-07,0.000623908248959523,0.623908248959523,57.1256089721755,0.0021513182909011,-0.865889681746754,-0.032245924378234,0.40732837277418,0.413965819551474,206.036790895152,70.5256697662699
"196",2024-02-01 04:00:00,1.2881,6.151,6.535,11.972,86.919,7.997,12.0735803888889,48.5147006111111,488.293893888889,1584.14876111111,457.968066666667,165.3637,2,89.3333333333333,0.4944,0.10021,1.00775,0.06905,1170.316,279.301,-4.67599715703692,0.00931623121554098,48.0627264428653,4.80627264428653e-05,7.04042042025667e-08,70.4042042025667,1.12928343540917e-06,0.00112928343540917,1.12928343540917,97.3744068618348,0.00202598591608383,-0.938939331939871,-0.0421759634853443,0.374892749434778,0.383334870254011,175.555129416147,63.3896724842231
"197",2024-02-01 05:00:00,1.3445,6.4921,6.762,12.563,89.837,8.215,11.7205682222222,60.8399495555556,221.59563,1537.1384,449.95335,163.556325,2,92.75,0.62275,0.20546,1.24515,0.1772,1881.55585,279.6421,-4.65245792578005,0.0095381295463291,60.2596502351025,6.02596502351025e-05,8.82707460503876e-08,88.2707460503876,1.41586276664822e-06,0.00141586276664822,1.41586276664822,120.757754623433,0.00200395711147174,-0.953349994953847,-0.0432630579221664,0.369127541819019,0.377900790635578,170.037726714127,61.8080645309496
"198",2024-02-01 06:00:00,1.4082,6.6114,6.97,12.084,113.792,8.149,11.4531270555556,69.9644893333333,206.670288888889,1399.10635,440.68975,164.504325,2,91.75,0.5542,0.222685,1.11845,0.19475,2596.8201,279.7614,-4.64424031200175,0.00961683314527517,69.2916525133203,6.92916525133203e-05,1.01501184267612e-07,101.501184267612,1.6280789956525e-06,0.0016280789956525,1.6280789956525,138.207912775725,0.0019945824318327,-0.958370865077477,-0.0444586211269173,0.366840002599795,0.375719101970794,165.575557117734,61.8074172593116
"199",2024-02-01 07:00:00,1.4628,6.6638,7.203,10.521,150.303,7.873,11.3128524444444,80.1468017777778,364.381671111111,1192.07618333333,383.717925,154.2226,2,84,0.11325,0.05281,0.30225,0.1708,3044.95085,279.8138,-4.6406333925644,0.00965158291945264,79.3732582746906,7.93732582746906e-05,1.16269123651098e-07,116.269123651098,1.86495674336361e-06,0.00186495674336361,1.86495674336361,157.837678084065,0.00198854981532734,-0.960573026238151,-0.0458836272487842,0.365511822765823,0.374428892817248,143.675077811882,57.7453973653973
"200",2024-02-01 08:00:00,1.4952,6.6484,7.342,9.996,124.728,7.785,11.5246561111111,86.9224112777778,438.812746111111,1124.7207,486.011125,169.589075,2,86.25,0.0906,0.01416,0.26075,0.05445,3150.7017,279.7984,-4.64169328358146,0.00964135871275254,86.0843611304713,8.60843611304713e-05,1.2609981555836e-07,126.09981555836,2.02264104155609e-06,0.00202264104155609,2.02264104155609,171.091388444046,0.00198748513896428,-0.95992602555016,-0.0467873893729238,0.365417985472694,0.374312164255842,181.919876051166,63.4792536973962
"201",2024-02-01 09:00:00,1.494,6.6197,7.209,10.642,127.751,7.888,12.9672311111111,89.7993185,354.543863333333,1145.28642222222,445.829825,164.2322,2,82.75,0.09195,-0.009355,0.2628,-0.0358,3158.61685,279.7697,-4.6436688855813,0.00962233002814043,88.9352398210909,8.89352398210909e-05,1.30275896699527e-07,130.275896699527,2.08962538306041e-06,0.00208962538306041,2.08962538306041,177.057476558232,0.00199085848213166,-0.958719808754488,-0.045973389813995,0.366156955051098,0.375030647876841,167.199848112569,61.5921083682389
"202",2024-02-01 10:00:00,1.4685,6.4166,6.757,12.004,113.187,8.049,15.0347899444444,88.2696268888889,216.685158888889,1133.59056666667,466.656733333333,167.681433333333,2,89.3333333333333,0.09205,-0.01512,0.26325,-0.05745,3107.41115,279.5666,-4.65766259100523,0.00948861573885176,87.4320703179284,8.74320703179284e-05,1.28073993884514e-07,128.073993884514,2.05430686190761e-06,0.00205430686190761,2.05430686190761,175.578745250685,0.00200817325510227,-0.950167341110784,-0.0433142927449731,0.370285246507595,0.378983662442944,176.855277902327,63.548523728349
"203",2024-02-01 11:00:00,1.4205,5.8214,5.575,12.53,81.86,7.87,16.9394261111111,83.1365326666667,253.654481111111,1150.31937777778,602.5097,185.757975,2.5,109.5,0.09385,-0.03964,0.26655,-0.1487,3016.73735,278.9714,-4.69880433920354,0.0091061589198463,82.379478188159,8.2379478188159e-05,1.20672754829143e-07,120.672754829143,1.93559098745945e-06,0.00193559098745945,1.93559098745945,169.550841629918,0.00205816843416579,-0.92493669449815,-0.036284671460343,0.382425519109522,0.390575809854329,235.325714022589,72.5525715225252
"204",2024-02-01 12:00:00,1.3588,5.9016,5.322,12.866,88.743,7.754,18.6544675,72.8944515,368.229926111111,1450.773,736.96145,203.608125,3,129,0.08405,-0.02146,0.2485,-0.08095,2903.11475,279.0516,-4.69324919356612,0.00915688572525747,72.2269653376092,7.22269653376092e-05,1.05800947905143e-07,105.800947905143,1.6970472043985e-06,0.0016970472043985,1.6970472043985,148.583645175766,0.00205717690728447,-0.928350948763942,-0.0345670336901097,0.381777239761702,0.390025808526767,287.433985389309,79.4124235757441
"205",2024-02-01 13:00:00,1.3017,6.0835,5.1,13.274,74.244,7.685,20.0394021666667,61.8861469444444,437.943655555556,1552.35292777778,840.728475,218.1215,3,151,0.23705,-0.11641,0.52675,-0.11625,2746.90975,279.2335,-4.68066298960547,0.00927286449058664,61.3122850899841,6.13122850899841e-05,8.98126876912123e-08,89.8126876912123,1.44059551056704e-06,0.00144059551056704,1.44059551056704,125.687805523364,0.00204996120009065,-0.936077919134924,-0.0329714633313825,0.379443572424119,0.387894405200403,326.113871745167,84.6081095039197
"206",2024-02-01 14:00:00,1.2624,6.1761,4.717,13.423,64.683,7.58,21.5271931666667,50.8298282222222,545.837468888889,1673.25961666667,836.75515,215.718325,3,148.75,0.13375,-0.05255,0.34035,-0.14335,2369.3398,279.3261,-4.67426280596202,0.00933240285058706,50.3554637884263,5.03554637884263e-05,7.37626975758384e-08,73.7626975758384,1.18315366911645e-06,0.00118315366911645,1.18315366911645,103.234905402431,0.00205012321674135,-0.940002535180547,-0.0304233484913364,0.378921627200756,0.387489292812159,324.233661330432,83.5885412008735
"207",2024-02-01 15:00:00,1.2457,6.317,4.981,13.908,82.652,7.751,22.5413513888889,42.5764382222222,526.179795555556,1642.09641666667,915.93055,225.233975,3,171.5,0.09475,-0.021555,0.26825,-0.08045,2254.4433,279.467,-4.66453345604653,0.00942364420229332,42.1752130170151,4.21752130170151e-05,6.17799390358444e-08,61.7799390358444,9.90950222134944e-07,0.000990950222134943,0.990950222134944,85.9721451676485,0.00203845194884882,-0.945962647682286,-0.0320107951807343,0.376072459447168,0.384769694396198,352.422317811642,86.663207728391
"208",2024-02-01 16:00:00,1.2574,7.1057,7.451,17.806,215.253,8.871,23.166716,50.5987208333333,119.164366666667,1654.61922222222,808.54445,212.54865,4,173.75,0.1041,0.0173,0.2857,0.05985,2249.7317,280.2557,-4.61027589697897,0.00994907349018376,50.0953104412532,5.00953104412532e-05,7.33816145467653e-08,73.3816145467653,1.17704109733012e-06,0.00117704109733012,1.17704109733012,98.2641175923722,0.00196154324081107,-0.97906803419518,-0.046933914812619,0.358437149681513,0.36776150206845,297.351521421109,78.1672107866213
"209",2024-02-01 17:00:00,1.2949,7.0305,7.56,17.336,213.214,8.837,22.5556701111111,56.7203032777778,93.4616453888889,1608.33061666667,661.714925,190.701925,4,154,0.12155,0.02772,0.31765,0.0864,2328.6715,280.1805,-4.61543434765272,0.00989788382905344,56.1588923051857,5.61588923051857e-05,8.22637918043282e-08,82.2637918043282,1.31951122054142e-06,0.00131951122054142,1.31951122054142,110.299429422501,0.00196405991811765,-0.97593027181852,-0.047711367648063,0.359284171529473,0.368531644961426,243.862889805777,70.2796941175605
"210",2024-02-01 18:00:00,1.3301,6.8886,7.575,16.394,174.676,8.753,21.4173153333333,59.6445075555556,99.8682223333333,1600.25852222222,620.119225,185.746925,3.5,133.5,0.10085,0.029465,0.2796,0.10515,2442.43945,280.0386,-4.6251766775922,0.009801923577298,59.0598766506904,5.90598766506904e-05,8.65132697129974e-08,86.5132697129974,1.38767284619648e-06,0.00138767284619648,1.38767284619648,116.431067111652,0.00197140721780174,-0.969998686873218,-0.0479784548784069,0.361325110889072,0.370437408743256,229.715358820876,68.807609579028
"211",2024-02-01 19:00:00,1.3507,6.9363,7.547,16.486,160.814,8.759,20.3748199444444,59.7976214444444,98.1708217777778,1587.39108333333,535.29645,175.411125,3,115.25,0.0933,0.02126,0.26555,0.0801,2532.74935,280.0863,-4.62190053146466,0.00983408877109955,59.2095663268592,5.92095663268592e-05,8.67325411382364e-08,86.7325411382364,1.39118995985731e-06,0.00139118995985731,1.39118995985731,116.597946658523,0.00196924169339222,-0.971994168124262,-0.0477432714787345,0.360689630554156,0.369848889146185,197.978797396396,64.8756097251326
"212",2024-02-01 20:00:00,1.3501,6.9631,7.546,16.106,203.854,8.723,19.3916704444444,58.5650486111111,102.435856166667,1627.25101666667,383.448575,151.50955,3,90.25,0.09395,0.00092,0.2668,0.00355,2573.5281,280.1131,-4.6200603968469,0.00985220147789016,57.988053952632,5.7988053952632e-05,8.49432209519735e-08,84.9432209519735,1.36248926406965e-06,0.00136248926406965,1.36248926406965,114.110538354546,0.00196782838147591,-0.973114623056816,-0.0477044947502204,0.360299691374738,0.3694843986089,141.678266131315,55.9804149652551
"213",2024-02-01 21:00:00,1.3274,6.6968,7.45,15.692,161.266,8.674,18.4427793888889,56.1399676111111,110.790119444444,1657.92442777778,439.489975,160.6868,3.25,85.5,0.2109,-0.06152,0.48285,-0.0741,2530.6607,279.8468,-4.63836263978594,0.00967352418011515,55.5968962769541,5.55968962769541e-05,8.14405575423335e-08,81.4405575423335,1.30630654297903e-06,0.00130630654297903,1.30630654297903,110.270702216744,0.00198339672897267,-0.961958897697322,-0.0474172278438775,0.364446277385566,0.37338138201817,164.097374248631,59.9974594560773
"214",2024-02-01 22:00:00,1.2747,6.3154,7.253,14.326,173.273,8.414,17.8222027222222,47.7267053888889,153.672762222222,1589.87142222222,322.88985,141.45285,4,76.5,0.68605,-0.223375,1.36205,-0.16005,1871.25685,279.4654,-4.66464387638346,0.00942260369778374,47.2769955582085,4.72769955582085e-05,6.92532341734862e-08,69.2532341734862,1.11082187614272e-06,0.00111082187614272,1.11082187614272,94.8796578314801,0.00200688848162236,-0.945895045546457,-0.0466138868561638,0.370645598734103,0.379215158368902,122.444725603461,53.6410649144825
"215",2024-02-01 23:00:00,1.2235,5.7811,6.592,12.555,183.499,7.808,17.4381016111111,36.4529532777778,373.506573888889,1500.06703333333,314.633825,139.90065,4,64,0.5818,-0.242965,1.1689,-0.2036,1191.628245,278.9311,-4.70159712246317,0.00908076287125763,36.1219326531052,3.61219326531052e-05,5.29128518275747e-08,52.9128518275747,8.48722143314298e-07,0.000848722143314298,0.848722143314298,73.9068280464834,0.00204603747967317,-0.923219336467696,-0.0429480519090624,0.380538703880351,0.388592638718362,122.264388286801,54.364362741914
"216",2024-02-02,1.1601,5.1588,5.243,11.206,105.732,7.318,17.1859477777778,24.1756586666667,860.535283888889,1285.31087222222,294.3557,136.793,4.25,66.5,0.7713,-0.36413,1.5199,-0.2389,10.649955,278.3088,-4.74483796816891,0.00869647142876784,23.9654157418004,2.39654157418004e-05,3.51054995952188e-08,35.1054995952188,5.6309221350731e-07,0.00056309221350731,0.56309221350731,50.3658222420652,0.002101604361247,-0.896554215766457,-0.0347086894923365,0.394055740926197,0.401498006188105,118.183226660104,54.9221167604895
"217",2024-02-02 01:00:00,1.1019,4.8193,4.538,10.541,59.169,7.15,17.0809146111111,15.7889516111111,1174.67819444444,1101.28888888889,366.692433333333,150.2581,5,65,0.80095,-0.246625,1.5745,-0.15735,-1110.372455,277.9693,-4.76852016040886,0.0084929394765448,15.6548570006798,1.56548570006798e-05,2.29318607288759e-08,22.9318607288759,3.67827046091169e-07,0.000367827046091169,0.367827046091169,33.3823222817204,0.00213239394523187,-0.881890592827094,-0.0303051125398329,0.401641369034033,0.408727696142896,149.877353469366,61.4146470398088
"218",2024-02-02 02:00:00,1.0503,4.6184,4.274,10.249,39.716,7.059,17.0325262222222,14.3525275,1399.24245555556,1083.88055,330.325175,143.5589,6,70.75,0.715,-0.1431,1.41565,-0.0993,-1795.70815,277.7684,-4.78256483146518,0.00837449265683648,14.2323323638442,1.42323323638442e-05,2.08480897398535e-08,20.8480897398535,3.34403359427251e-07,0.000334403359427251,0.334403359427251,30.5800016866076,0.00214862897414432,-0.873174500882723,-0.0286902238513746,0.405812225662456,0.412673668763315,136.316501852134,59.2429779466258
"219",2024-02-02 03:00:00,1.035,4.5455,4.207,10.021,30.954,7.005,16.9953238333333,17.9601179444444,1473.38388333333,1247.88423333333,306.812925,140.183925,6.75,66.5,0.5903,-0.101615,1.18485,-0.08565,-2212.29565,277.6955,-4.78766683262416,0.00833187479667426,17.8104764903978,1.78104764903978e-05,2.60894983821944e-08,26.0894983821944,4.18475554050397e-07,0.000418475554050397,0.418475554050397,38.3661616666192,0.00215413448861425,-0.870004555565878,-0.0282936040117477,0.407262165522083,0.414039431395708,127.032649011854,58.0416725978185
"220",2024-02-02 04:00:00,1.0462,5.95,6.486,12.653,83.588,7.918,16.9969778333333,28.018509,435.168503888889,1576.47206111111,360.544866666667,148.809666666667,7.66666666666667,69,0.38745,-0.005535,0.8097,-0.00345,-2397.065,279.1,-4.68989845013582,0.00918761956146617,27.7610855986285,2.77610855986285e-05,4.0665548628295e-08,40.665548628295,6.52275399997851e-07,0.000652275399997851,0.652275399997851,56.5760363756554,0.00203796195846356,-0.930409222857605,-0.042075246282,0.378142386987072,0.386379425986058,139.307118624887,57.4969935878433
"221",2024-02-02 05:00:00,1.0915,6.0829,6.5,12.889,65.014,7.986,17.0170185,34.0255126111111,275.812141666667,1749.2866,310.764,141.07565,8.5,66,0.2778,0.006885,0.60695,0.00735,-2384.7291,279.2329,-4.68070447505796,0.00927247980959087,33.7100117324136,3.37100117324136e-05,4.93797735861087e-08,49.3797735861087,7.92051568321184e-07,0.000792051568321184,0.792051568321184,68.4410132888593,0.00203028743603344,-0.936052469961261,-0.0420230973142955,0.376034055229213,0.384408126452181,119.460207008786,54.2306263045237
"222",2024-02-02 06:00:00,1.1395,6.1218,6.5,12.754,62.449,7.934,17.0146520555556,36.2626891666667,297.661055555556,1862.75813888889,277.208925,134.349625,9.5,57.75,0.1126,0.011505,0.30125,0.0371,-2357.9058,279.2718,-4.67801525007029,0.00929744915277381,35.9255386579967,3.59255386579967e-05,5.26251660477799e-08,52.6251660477799,8.4410766340639e-07,0.00084410766340639,0.84410766340639,72.8608766984119,0.00202810812085607,-0.937701899839951,-0.041981367630462,0.375429990912619,0.383844075914884,106.405003651983,51.5693076576362
"223",2024-02-02 07:00:00,1.1997,6.1969,6.538,13.159,100.007,8.058,17.0292074444444,35.5451811111111,287.917082222222,1951.10053333333,352.92815,148.048675,10.5,63.75,0.0998,0.018145,0.27745,0.06535,-2294.5341,279.3469,-4.6728258406109,0.00934582282969886,35.2129821459971,3.52129821459971e-05,5.15813847667424e-08,51.5813847667424,8.27365411658548e-07,0.000827365411658548,0.827365411658548,71.2493323715464,0.00202338251489574,-0.940883260023277,-0.0421459143489193,0.374175936259884,0.382664791685141,135.053176999572,56.6530153781362
"224",2024-02-02 08:00:00,1.2358,6.5078,6.582,13.933,103.548,8.315,17.1481235555556,37.1099273888889,189.494689444444,2096.93327222222,315.34135,141.9231,11.5,65.75,0.09865,0.01885,0.2753,0.0682,-2230.659,279.6578,-4.6513760284997,0.00954845440684896,36.7555849391746,3.67555849391746e-05,5.38410510423005e-08,53.8410510423005,8.636104587185e-07,0.0008636104587185,0.863610458718501,73.7161952448788,0.00200557807383202,-0.954011316316368,-0.0420945910702681,0.369314790664047,0.378113717241691,119.234890048513,53.6630709034643
"225",2024-02-02 09:00:00,1.2474,6.7356,6.919,14.171,107.58,8.392,17.3879894444444,41.6717258888889,168.239347777778,2271.78743888889,338.137166666667,145.7951,13,62.3333333333333,0.0974,0.00462,0.2732,0.01685,-2189.7522,279.8856,-4.63569355614228,0.00969937811281594,41.2675360628789,4.12675360628789e-05,6.04503375263476e-08,60.4503375263476,9.69623413922615e-07,0.000969623413922615,0.969623413922615,82.0622371594362,0.00198854220504948,-0.963587372637775,-0.0439941413984983,0.365100904092507,0.37410391946723,126.498439367544,54.5425183491167
"226",2024-02-02 10:00:00,1.2468,6.5439,6.218,14.734,121.267,8.397,17.9415965,40.8942945,221.60617,2521.77782222222,401.8266,158.087175,14,75.75,0.0937,-0.011755,0.26635,-0.04615,-2188.4259,279.6939,-4.6488888725451,0.00957223245944036,40.5028448067812,4.05028448067812e-05,5.93301871867654e-08,59.3301871867654,9.51656202475716e-07,0.000951656202475716,0.951656202475716,81.3548249894486,0.00200862002107634,-0.955531278945159,-0.0397301291427797,0.36962680847663,0.378482019430282,152.084143028804,59.8331532400285
"227",2024-02-02 11:00:00,1.2146,6.4244,5.164,14.21,103.716,8.092,18.5279356111111,35.0359698333333,313.659473333333,2753.32211666667,334.1476,145.53095,15.25,70.25,0.08745,-0.02892,0.2547,-0.11105,-2276.9939,279.5744,-4.65712474390732,0.00949372053591378,34.703348127031,3.4703348127031e-05,5.08348524704e-08,50.8348524704,8.15391033625216e-07,0.000815391033625216,0.815391033625216,70.4435180328682,0.00202987670742924,-0.950496330293568,-0.0330961310764974,0.37396522717049,0.38276076883417,127.898592280093,55.7035383111672
"228",2024-02-02 12:00:00,1.1587,6.4462,5.236,13.588,88.178,7.74,18.8072137777778,28.4889403333333,426.797747777778,2896.93175555556,464.2383,167.44675,16.75,80.5,0.06515,-0.014465,0.20895,-0.05515,-2359.77455,279.5962,-4.65562170937767,0.0095080006546119,28.2180674699948,2.82180674699948e-05,4.13349539527472e-08,41.3349539527472,6.63012661402065e-07,0.000663012661402065,0.663012661402065,57.2165448783305,0.00202765639210306,-0.951415586514251,-0.0335389469180293,0.373456206322556,0.382269581380936,177.464180601997,64.0097990260982
"229",2024-02-02 13:00:00,1.103,6.6007,4.901,13.272,62.143,7.521,19.0071527222222,21.8275641666667,690.118078333333,2957.8556,494.6114,171.364325,18.25,85.25,0.06195,-0.013255,0.17965,-0.04805,-2393.905,279.7507,-4.64497702648817,0.00960975089417656,21.6178067123983,2.16178067123983e-05,3.16666279845896e-08,31.6666279845896,5.07932712872817e-07,0.000507932712872817,0.507932712872817,43.7487994783341,0.00202373904348229,-0.957920950870538,-0.0312698753260891,0.371877482826377,0.380863943382452,188.379648245916,65.2664925745722
"230",2024-02-02 14:00:00,1.0356,6.7118,4.486,12.655,40.039,7.313,19.1655860555556,21.0978526111111,897.743048888889,3214.47958888889,464.296425,166.8919,20,91,0.2943,-0.056585,0.63295,-0.06115,-2506.3403,279.8618,-4.63733067875026,0.00968351203269307,20.8935513014874,2.08935513014874e-05,3.06057096884709e-08,30.6057096884709,4.90915583403073e-07,0.000490915583403072,0.490915583403073,42.2750854254506,0.00202335566680045,-0.96258858753297,-0.0285412857310146,0.371157093543965,0.380277108848553,176.561302147719,63.4651692222419
"231",2024-02-02 15:00:00,1.0136,6.7458,4.324,12.216,30.211,7.188,19.2353847777778,33.5806018333333,1184.72576111111,3741.12032222222,399.9514,157.602275,21.75,86.25,0.5984,-0.07412,1.2,-0.06085,-2737.5857,279.8958,-4.63499202812937,0.00970618488549029,33.254662303373,3.3254662303373e-05,4.87127595284728e-08,48.7127595284729,7.81352662836705e-07,0.000781352662836704,0.781352662836704,67.2983112590547,0.0020237255950793,-0.964015302206086,-0.0274868270495755,0.371018953805308,0.380181756875342,152.054225916753,59.9175097970508
"232",2024-02-02 16:00:00,0.9823,6.7026,4.238,11.669,20.975,7.068,19.3351701666667,59.7455377777778,1542.10188888889,4125.03305,451.217525,165.609975,23.5,87,0.72795,-0.06219,1.43965,-0.04345,-3000.1703,279.8526,-4.63796360008257,0.00967738507056709,59.1673572024541,5.91673572024541e-05,8.66707115244429e-08,86.6707115244429,1.39019821285206e-06,0.00139019821285206,1.39019821285206,119.950856690582,0.00202731476209329,-0.962202396420508,-0.0269697422838239,0.371884432348906,0.381009794224292,171.918296350644,63.0990224962402
"233",2024-02-02 17:00:00,0.9947,6.5342,4.166,10.901,16.953,6.98,19.2224338888889,90.6144738333333,1869.53179444444,4216.57221111111,414.213375,159.371125,25.5,83.25,0.8186,-0.038015,1.6073,-0.02395,-3186.547,279.6842,-4.64955709550854,0.00956583821059639,89.7476704371053,8.97476704371053e-05,1.31465977563089e-07,131.465977563089,2.10871428011195e-06,0.00210871428011195,2.10871428011195,182.879204735884,0.00203770419716961,-0.955122957653948,-0.0266253770497365,0.374655502700346,0.383617882293041,158.899657734953,61.1376134711595
"234",2024-02-02 18:00:00,1.0221,6.3019,4.087,10.299,14.349,6.928,18.8920533333333,109.011708333333,2051.89346111111,4160.39655555556,466.752375,164.50935,27,86.5,0.8563,-0.035155,1.67725,-0.02105,-3310.44255,279.4519,-4.66557560464702,0.00941382848038788,107.985490808729,0.000107985490808729,1.58181466356259e-07,158.181466356259,2.53723072035439e-06,0.00253723072035439,2.53723072035439,221.575220574784,0.0020518980736704,-0.945324580906359,-0.026275548670845,0.378476941168051,0.387208860756362,180.730655379076,63.6994779972695
"235",2024-02-02 19:00:00,1.0435,6.1101,4.026,9.778,10.541,6.89,18.41692,113.192603333333,2172.24133888889,4218.26917777778,387.5745,151.6214,28.5,82.5,0.14795,-0.006795,0.36655,-0.01685,-3388.76625,279.2601,-4.67882400284398,0.00928993285488497,112.141051648697,0.000112141051648697,1.64268698097077e-07,164.268698097077,2.63486991747712e-06,0.00263486991747712,2.63486991747712,231.423887836204,0.00206368572823076,-0.93720591092567,-0.0260103837342391,0.381663367936685,0.39020080650315,151.231882480055,59.1627925631367
"236",2024-02-02 20:00:00,1.0703,5.9547,3.98,9.551,10.44,6.87,17.7588493888889,112.384125555556,2275.82325555556,4150.96756111111,305.08815,139.65265,30,69,0.15345,-0.006285,0.3767,-0.01675,-3414.34845,279.1047,-4.68957313769805,0.00919060889455903,111.351247011617,0.000111351247011617,1.63111760672498e-07,163.111760672498,2.61631264118686e-06,0.00261631264118686,2.61631264118686,230.861545885711,0.00207327310723,-0.930609008477354,-0.0258155039202192,0.384264365134244,0.392641370497835,119.790229338649,54.8334078896544
"237",2024-02-02 21:00:00,1.0632,5.6687,3.949,9.02,8.246,6.832,17.2494657222222,103.889076777778,2336.70143333333,4171.92150555556,372.296275,150.752025,31,77.75,0.6599,-0.047695,1.31385,-0.0372,-3526.91685,278.8187,-4.70939122471524,0.00901026158168107,102.953009020531,0.000102953009020531,1.50809685733634e-07,150.809685733634,2.41898735916749e-06,0.00241898735916749,2.41898735916749,215.207165454735,0.00209034361892054,-0.918423411333478,-0.0258025964621756,0.388980522311618,0.397053060795337,147.821375511453,59.8565529473452
"238",2024-02-02 22:00:00,1.0594,5.4035,3.91,8.611,7.912,6.809,16.9981854444444,97.8421515555556,2440.56378888889,4266.80725,319.480925,141.066375,32.25,67.75,0.4944,-0.021565,1.00765,-0.0264,-3660.53975,278.5535,-4.72780892320336,0.00884583215608828,96.9766563051046,9.69766563051046e-05,1.42055285221969e-07,142.055285221969,2.27856677496039e-06,0.00227856677496039,2.27856677496039,204.285778026003,0.00210654590299841,-0.907072263166008,-0.0257220752832731,0.393452732736871,0.401236081963829,128.18727460918,56.6009196018403
"239",2024-02-02 23:00:00,1.0034,5.0541,4.082,7.298,6.129,6.725,16.6901716666667,115.082877722222,2925.74459444444,4148.07467222222,317.5442,140.4485,33.25,63.25,0.109,-0.0122,0.2947,-0.03915,-3719.8619,278.2041,-4.75213449649278,0.00863324831445023,114.089338662105,0.000114089338662105,1.67122626845798e-07,167.122626845798,2.68064693460659e-06,0.00268064693460659,2.68064693460659,242.431674167404,0.00212492838516145,-0.892040814138788,-0.0270956959172056,0.398863306882622,0.406243482754178,129.000261736389,57.0562877876002
"240",2024-02-03,0.9613,5.0175,4.24,6.353,5.971,6.683,16.3616565555556,171.158625555556,3593.94222222222,3840.22206666667,312.511275,140.979275,34.75,62.5,0.09575,-0.0039,0.27005,-0.01435,-3751.128,278.1675,-4.75468660301474,0.00861124343669128,169.684736964607,0.000169684736964607,2.48560990095235e-07,248.560990095235,3.98691828112757e-06,0.00398691828112757,3.98691828112757,360.546441971259,0.00212480184382442,-0.890461217556634,-0.02817098082795,0.399064509033612,0.406394936176487,127.002999658058,57.2932634658324
"241",2024-02-03 01:00:00,0.9168,4.8882,4.299,5.963,5.662,6.67,15.9964149444444,256.483517777778,3997.79980555556,3718.24261111111,321.396,141.1401,36,60.75,0.0973,-0.00586,0.27275,-0.0215,-3770.8562,278.0382,-4.76370870367148,0.00853390135110153,254.294712738879,0.000254294712738879,3.72501067008419e-07,372.501067008419,5.97491711481504e-06,0.00597491711481504,5.97491711481504,542.094328698672,0.00213175619288365,-0.884873174242959,-0.0286581708325963,0.401105278964212,0.408283323352398,131.220626992167,57.6251490862897
"242",2024-02-03 02:00:00,0.8469,4.6653,4.342,5.572,5.661,6.67,15.4830468333333,364.222012777778,4316.56246666667,3959.38062777778,327.4816,144.07895,36.75,72.75,0.09085,-0.003495,0.26105,-0.0129,-3790.70695,277.8153,-4.77928406602007,0.0084020125211031,361.161814865958,0.000361161814865958,5.29044272888249e-07,529.044272888249,8.48587013712752e-06,0.00848587013712752,8.48587013712752,774.59330932656,0.00214472648392811,-0.875211858375661,-0.0291114755324426,0.404815717515526,0.411729818803921,134.833939829618,59.3215999769592
"243",2024-02-03 03:00:00,0.8154,4.4682,4.339,5.404,4.877,6.68,14.8856312777778,472.830363888889,4346.41678333333,4240.12803333333,307.282733333333,138.659666666667,38,61.3333333333333,0.0983,-0.007515,0.2751,-0.02705,-3807.4875,277.6182,-4.7930800655717,0.00828689427284685,468.91206865435,0.00046891206865435,6.86881154647638e-07,686.881154647638,1.10175737205481e-05,0.0110175737205481,11.0175737205481,1011.41300461823,0.00215693532376062,-0.86663911047555,-0.0292395960221681,0.408248710190805,0.414926860975628,127.499859974011,57.5336202339269
"244",2024-02-03 04:00:00,0.8133,4.1871,4.311,5.44,4.485,6.676,14.2926888888889,537.263151111111,4302.73676666667,4254.94638333333,340.65735,144.2813,39.25,71.25,0.11665,-0.001395,0.3088,-0.0036,-3826.64275,277.3371,-4.81279379769394,0.00812512840412656,532.897819021528,0.000532897819021528,7.80610041215495e-07,780.610041215495,1.25209850610965e-05,0.0125209850610965,12.5209850610965,1159.01263279663,0.00217492470681289,-0.854364460173294,-0.0292625192024013,0.413281227550426,0.419616390749681,142.945407689351,60.5427983586719
"245",2024-02-03 05:00:00,0.8605,4.0019,4.293,5.326,5.519,6.668,13.6815272777778,604.950407777778,4486.16471111111,4356.58602222222,385.997075,152.9611,40,68.75,0.12065,-0.01652,0.3165,-0.04645,-3847.4649,277.1519,-4.82580657416748,0.00802008287477743,600.09865537227,0.00060009865537227,8.79048514335515e-07,879.048514335515,1.40999381699417e-05,0.0140999381699417,14.0999381699417,1312.36487515489,0.00218691520703504,-0.846246261464323,-0.0292801730412809,0.41664262688031,0.422746826508765,163.179038497916,64.6638196042898
"246",2024-02-03 06:00:00,0.9267,3.9318,4.323,5.168,4.723,6.664,12.9529796666667,653.922845,4581.82695555556,4420.79210555556,340.952125,145.65595,40.5,75.5,0.1328,0.00265,0.3385,0.008,-3879.9472,277.0818,-4.83073713973336,0.00798063665672776,648.704124372521,0.000648704124372521,9.50247749545844e-07,950.247749545844,1.52419739027153e-05,0.0152419739027153,15.2419739027153,1421.25773136415,0.0021909182907368,-0.843166971075867,-0.0295382942887422,0.41781970579074,0.423833923324066,144.507076804428,61.7339327439941
"247",2024-02-03 07:00:00,0.999,4.0259,4.359,4.985,4.943,6.652,12.2892537777778,683.025263888889,4817.87857777778,4420.80749444444,387.999825,154.599875,41.25,76.5,0.13135,0.00691,0.33555,0.0208,-3864.1122,277.1759,-4.82411915044198,0.00803362757737133,677.53809329287,0.00067753809329287,9.92484900579127e-07,992.484900579127,1.59194578052892e-05,0.0159194578052892,15.9194578052892,1480.00041156476,0.00218437963299138,-0.847299694656606,-0.0297118770883552,0.416024314652532,0.422156008917074,163.796457582523,65.2652662090785
"248",2024-02-03 08:00:00,1.0742,4.0287,4.368,5.025,4.824,6.651,12.1548425555556,662.33467,4800.84065555556,4322.70867222222,340.7387,145.304333333333,42.3333333333333,68.6666666666667,0.0997,0.00401,0.27775,0.01445,-3845.2644,277.1787,-4.82392230574347,0.00803520911000621,657.012672425743,0.000657012672425743,9.62418443076125e-07,962.418443076125,1.5437191826941e-05,0.015437191826941,15.437191826941,1434.95784555249,0.00218406418289393,-0.847422568045857,-0.0297710674976464,0.415948578580128,0.422083420383261,143.820155952946,61.3305500098428
"249",2024-02-03 09:00:00,1.1468,4.1317,4.101,6.732,7.86,6.742,13.0942065,662.391357222222,4891.64418333333,4667.67899444444,392.29925,155.23805,43.25,76.5,0.09705,0.004005,0.27225,0.01485,-3833.4683,277.2817,-4.81668433953801,0.00809357866499783,657.03024066553,0.000657030240665529,9.62444177736494e-07,962.444177736494,1.54376046108934e-05,0.0154376046108934,15.4376046108934,1433.39283632066,0.00218162383951876,-0.851938612892404,-0.0278769453716504,0.414859422017485,0.421134635907105,165.21080181538,65.376119665679
"250",2024-02-03 10:00:00,1.199,4.3263,2.95,12.568,18.138,7.372,14.2661111111111,479.629256111111,2249.04899777778,4569.38876111111,425.993125,160.5942,44.5,81,0.09635,0.007645,0.27105,0.02835,-3809.42905,277.4763,-4.80302599371831,0.00820488193916221,475.693954690151,0.000475693954690151,6.96815532588321e-07,696.815532588321,1.11769211427167e-05,0.0111769211427167,11.1769211427167,1040.30049242822,0.00218691131592335,-0.860449953857611,-0.0199523608913608,0.414616071961881,0.421182989450911,179.421057873036,67.6395452444775
"251",2024-02-03 11:00:00,1.233,5.1635,2.931,13.694,23.138,7.745,15.5282712777778,229.526181666667,426.516954444444,4752.41159444444,399.9603,155.31755,45.5,83,0.09685,0.008105,0.27195,0.0298,-3777.577,278.3135,-4.74451057067473,0.00869931909782641,227.529460171043,0.000227529460171043,3.3329425443695e-07,333.29425443695,5.34603984116868e-06,0.00534603984116868,5.34603984116868,485.856635027127,0.00213535704194916,-0.896756639688729,-0.0194008929679417,0.400053283235558,0.407615703619914,163.030099104532,63.3098724277711
"252",2024-02-03 12:00:00,1.2273,5.6924,2.983,13.885,21.561,7.771,16.8528217777778,127.886846666667,317.782377222222,5740.05742222222,523.87545,175.477525,46.25,98.5,0.09625,-0.000835,0.2709,-0.0035,-3762.78645,278.8424,-4.70774721804094,0.00902508669465668,126.732656788394,0.000126732656788394,1.85643064969911e-07,185.643064969911,2.97771476211737e-06,0.00297771476211737,2.97771476211737,266.51484592505,0.00210296897957447,-0.919435396003337,-0.0194789652469227,0.391052146355869,0.399201607230539,209.131921628622,70.0509100128371
"253",2024-02-03 13:00:00,1.2149,6.6332,4.063,15.395,75.915,8.212,18.0648308333333,113.952862222222,211.489382777778,6699.05755555556,685.953525,199.114825,47.25,119.25,0.09755,-0.000855,0.2734,-0.0029,-3768.11925,279.7832,-4.64273953860028,0.00963127666803128,112.855350679046,0.000112855350679046,1.65315031888694e-07,165.315031888694,2.65165311149465e-06,0.00265165311149465,2.65165311149465,229.50435521369,0.00203361518822786,-0.959287264758707,-0.025901753821673,0.37336864665483,0.382435565589447,262.33302430145,76.1485907161188
"254",2024-02-03 14:00:00,1.1819,7.2797,4.497,15.694,101.813,8.546,19.0384129444444,112.89654,123.761002777778,7569.78348888889,786.858275,209.56365,48.25,137.25,0.09945,-0.00448,0.27685,-0.01645,-3772.09125,280.4297,-4.5983520641789,0.0100684146658909,111.759850820936,0.000111759850820936,1.63710299876539e-07,163.710299876539,2.62591321001969e-06,0.00262591321001969,2.62591321001969,222.65000707353,0.00199221818424101,-0.986313208155266,-0.0282021118008925,0.362578121631785,0.372241163740673,292.901039984979,78.0082169537431
"255",2024-02-03 15:00:00,1.1693,7.8886,5.552,16.569,122.733,8.777,19.9598119444444,97.4496645555556,109.021978888889,8512.16774444444,758.87025,206.7775,49.5,150.5,0.1014,0.002825,0.2805,0.01025,-3776.9588,281.0386,-4.55675639864641,0.0104960492876623,96.4268280733143,9.64268280733143e-05,1.41249874834914e-07,141.249874834914,2.26564799235202e-06,0.00226564799235202,2.26564799235202,187.637958729824,0.00194591030814745,-1.01150203124627,-0.0342874745347765,0.351414266232846,0.361563146264347,274.379515196411,74.7631234766759
"256",2024-02-03 16:00:00,1.1553,7.5898,5.736,16.825,138.191,8.81,20.7018063888889,76.7934102777778,108.354348888889,9308.73015555556,821.0888,214.859775,50.75,161.25,0.09895,0.001845,0.27595,0.00695,-3768.68055,280.7398,-4.57714286718857,0.0102842382862318,76.0036485476687,7.60036485476687e-05,1.11333184538567e-07,111.333184538567,1.78578427999862e-06,0.00178578427999862,1.78578427999862,148.893367221099,0.00195902920539025,-0.999173376377158,-0.0356915138663281,0.355274378717198,0.365146102969761,299.817375512118,78.4552095262098
"257",2024-02-03 17:00:00,1.1818,7.4871,5.749,17.04,200.254,8.847,20.0058295,60.2790560555556,103.408792222222,9607.98800555555,796.94875,211.600675,51,151.25,0.09935,0.0096,0.27645,0.03465,-3749.03205,280.6371,-4.58416115620747,0.0102123132210309,59.6634674544481,5.96634674544481e-05,8.73974336659738e-08,87.3974336659738,1.40185483600222e-06,0.00140185483600222,1.40185483600222,117.194149414141,0.00196425307502646,-0.9949216762692,-0.0358652676939449,0.356726126611513,0.36650406614127,292.084957381203,77.5525077857374
"258",2024-02-03 18:00:00,1.22488888888889,7.71033333333333,5.524,17.465,226.901,8.88,18.3819335555556,55.5987228888889,101.790286666667,9051.21398333333,678.23705,195.34725,52,152,0.0974,0.017625,0.2731,0.0647,-3704.421,280.860333333333,-4.56891326216913,0.01036922271888,55.0222073483687,5.50222073483687e-05,8.05987302121844e-08,80.5987302121844,1.29280363260344e-06,0.00129280363260344,1.29280363260344,107.598750491458,0.00195555132512597,-1.0041540628584,-0.0342680500442225,0.35401283377542,0.364005720294499,246.882165915666,71.1075164437996
"259",2024-02-03 19:00:00,1.306,7.6448,4.974,17.32,160.348,8.852,17.1336223888889,52.6032159444444,104.741305,8172.98203333333,552.512125,175.922675,52,133.75,0.0979,0.03949,0.274,0.1439,-3597.82165,280.7948,-4.57338666748109,0.0103229405799368,52.0601960719364,5.20601960719363e-05,7.62598576140152e-08,76.2598576140152,1.2232081161288e-06,0.0012232081161288,1.2232081161288,102.368057029395,0.00196634021293243,-1.00144733497921,-0.0309071567320059,0.356167379420928,0.366135632696407,202.294376459312,64.4115599167695
"260",2024-02-03 20:00:00,1.344,7.6023,5.571,17.28,174.764,8.849,16.1997343333333,48.2796303888889,110.171566666667,7564.75340555556,518.5631,172.8467,52,116.25,0.0977,0.04614,0.2735,0.1684,-3435.1157,280.7523,-4.57628903986746,0.0102930229995459,47.7826870428865,4.77826870428865e-05,6.99939912879018e-08,69.9939912879018,1.12270362025795e-06,0.00112270362025795,1.12270362025795,93.6817528493294,0.0019605794200156,-0.999690368724949,-0.0346538917383857,0.355459393296754,0.365352525076581,189.45833799654,63.1499782961543
"261",2024-02-03 21:00:00,1.3792,7.4893,5.625,17.098,205.411,8.827,15.4366846111111,46.3066081666667,114.261565555556,7179.41548333333,492.909525,168.323825,52.5,103.5,0.09445,0.04273,0.26765,0.1595,-3279.72815,280.6393,-4.5840107524677,0.0102138493066286,45.8336394489512,4.58336394489512e-05,6.71389484104017e-08,67.1389484104017,1.07690873250284e-06,0.00107690873250284,1.07690873250284,90.099797372162,0.00196580063148844,-0.995012831047191,-0.0350897411369417,0.356970343463432,0.366757852133762,180.778438685273,61.7340845199392
"262",2024-02-03 22:00:00,1.3995,7.3124,5.781,16.651,250.389,8.773,14.7527757777778,43.7804127777778,118.645521666667,6891.66653888889,389.1136,155.945575,53,85.25,0.0964,0.02247,0.2711,0.0829,-3150.8636,280.4624,-4.59611306584146,0.0100909830852507,43.3386253729719,4.33386253729719e-05,6.34841519913442e-08,63.4841519913442,1.01828579794116e-06,0.00101828579794116,1.01828579794116,85.5099260555825,0.00197306502732112,-0.987672454252333,-0.0362245027164357,0.35919245170156,0.36880826310124,143.508310965071,57.5140166540741
"263",2024-02-03 23:00:00,1.3888,7.2702,5.786,16.18,256.875,8.724,14.1435528888889,41.4215051666667,123.674342222222,6659.61973333333,375.902525,151.37485,53,79.75,0.09605,-0.000415,0.2707,-0.00115,-3113.73085,280.4202,-4.59900264795034,0.0100618664490864,41.0047275135595,4.10047275135595e-05,6.00653650509625e-08,60.0653650509625,9.63448455417439e-07,0.000963448455417439,0.963448455417439,80.9942396437746,0.00197524150397028,-0.98591818103926,-0.0362945627520344,0.359797918086076,0.369374351635662,138.848751450083,55.9139870726956
"264",2024-02-04,1.3574,6.1443,5.065,15.237,139.52,8.598,13.5724866111111,35.697087,153.216574444444,6385.67327222222,393.513566666667,153.1628,53,79.6666666666667,0.0951,-0.03757,0.2688,-0.13935,-3184.491,279.2943,-4.67646017064087,0.009311918672256,35.3646786290196,3.53646786290196e-05,5.1803595842933e-08,51.803595842933,8.30929677320645e-07,0.000830929677320645,0.830929677320645,72.3918081930272,0.00204700879520007,-0.938655453681932,-0.032694384220307,0.3785716826516,0.387087362643239,152.324128685334,59.2873843070538
"265",2024-02-04 01:00:00,1.3073,5.3911,5.016,14.048,116.849,8.273,13.0822990555556,31.0625277777778,184.896947777778,6198.66091111111,372.964833333333,150.536766666667,53.3333333333333,76.3333333333333,0.2296,-0.121375,0.51785,-0.1838,-3449.62065,278.5411,-4.72867104833818,0.00883820922835887,30.7879906581161,3.07879906581161e-05,4.50994802356347e-08,45.0994802356347,7.23395662979581e-07,0.000723395662979581,0.723395662979581,64.3831407895884,0.00209117709254002,-0.906540293491005,-0.0330084378271487,0.390804153247254,0.398517366758406,148.632963273488,59.9915158523247
"266",2024-02-04 02:00:00,1.2519,4.5442,4.996,12.903,114.847,7.776,12.6392341111111,23.4786470555556,330.34503,5900.73816666667,340.5539,144.82,53,73.25,0.28145,-0.14841,0.6138,-0.24135,-4050.2982,277.6942,-4.78775784215506,0.00833111655116969,23.2830437104719,2.32830437104719e-05,3.41059337488477e-08,34.1059337488477,5.47059177331517e-07,0.000547059177331517,0.547059177331517,49.8811321430801,0.00214238021297212,-0.869947992394728,-0.0336010422784327,0.405129287398685,0.411869131835064,140.263639136045,59.646887672354
"267",2024-02-04 03:00:00,1.2013,3.7544,4.953,12.173,106.874,7.42,12.2119642222222,17.7578281666667,606.412870555556,5597.88938333333,281.4717,135.469666666667,53,60.6666666666667,0.1683,-0.076515,0.40405,-0.1811,-4476.19915,276.9044,-4.84322731664219,0.007881577018092,17.617868476297,1.7617868476297e-05,2.5807358458819e-08,25.807358458819,4.13950029679456e-07,0.000413950029679456,0.413950029679456,38.6282416605599,0.00219256045148311,-0.835358391122163,-0.0339987045265352,0.419220981621977,0.424983102264121,119.620716265556,57.5723192026864
"268",2024-02-04 04:00:00,1.1721,3.0927,4.866,11.758,108.949,7.256,11.7918332777778,14.3730746666667,825.383436111111,5356.44023333333,294.7832,136.204033333333,53.6666666666667,58.3333333333333,0.0988,-0.03223,0.27545,-0.1168,-4641.5633,276.2427,-4.88997465801182,0.00752161347028128,14.2649659546445,1.42649659546445e-05,2.08958927290015e-08,20.8958927290015,3.35170119373183e-07,0.000335170119373183,0.335170119373183,31.9112443363845,0.00223703613719418,-0.806030486118861,-0.0339794824638845,0.431706219908455,0.436594148981532,128.700620338053,59.4658840210188
"269",2024-02-04 05:00:00,1.1799,2.7293,4.808,11.486,84.611,7.172,11.3904863333333,12.5188288333333,968.543795,5132.26097777778,284.718833333333,134.671,54,56,0.0964,-0.0089,0.2711,-0.03305,-4715.78405,275.8793,-4.91575514165481,0.00733018085454601,12.4270635538979,1.24270635538979e-05,1.82036597762918e-08,18.2036597762918,2.9198670281172e-07,0.00029198670281172,0.29198670281172,28.113782511726,0.00226230294790017,-0.78978762859024,-0.0338929341768697,0.438813597663442,0.443198199355197,126.186874255846,59.6859447053637
"270",2024-02-04 06:00:00,1.2286,2.643,4.648,11.786,84.644,7.277,11.0173982222222,9.88034209444444,954.914219444444,4840.17631111111,362.233875,148.9856,54,63,0.09825,0.002505,0.2746,0.00875,-4720.3476,275.793,-4.92188869357838,0.00728535841104699,9.80836026106266,9.80836026106266e-06,1.4367678444815e-08,14.367678444815,2.30457562254833e-07,0.000230457562254833,0.230457562254833,22.2721210845777,0.00227072828605142,-0.785916025727463,-0.0328386493714102,0.440980476672628,0.445247404733567,161.283692750333,66.3354517426734
"271",2024-02-04 07:00:00,1.2952,3.8718,4.96,12.338,206.43,7.744,10.6746812222222,4.07028758888889,579.852646666667,4365.27716111111,296.408475,137.331125,54,67.75,0.1475,0.03427,0.36585,0.09075,-4661.6558,277.0218,-4.83495953848348,0.00794701026880386,4.037940971623,4.037940971623e-06,5.91493745287224e-09,5.91493745287224,9.48755967440708e-08,9.48755967440708e-05,0.0948755967440708,8.82274214266045,0.00218496065313066,-0.840528517205243,-0.033943454082814,0.417082192917597,0.422994178400074,125.379059353444,58.0902663881328
"272",2024-02-04 08:00:00,1.367,6.4185,6.18,13.293,288.412,8.344,10.8041789444444,17.7751598222222,323.221155,5178.64835555556,250.35985,129.643125,54,55.75,0.4031,0.17809,0.83835,0.1971,-4145.50635,279.5685,-4.65753157385592,0.00948985899166573,17.606476061955,1.7606476061955e-05,2.57906703945942e-08,25.7906703945942,4.13682353129291e-07,0.000413682353129291,0.413682353129291,35.495694265149,0.00201605898535539,-0.950247483434445,-0.0396136406738835,0.371628297649711,0.380360848367136,95.2270849430689,49.3111690099667
"273",2024-02-04 09:00:00,1.4265,6.8272,6.385,14.226,155.069,8.523,12.1469237777778,25.8381681666667,207.815716111111,5728.08771666667,273.840925,134.93935,54.25,56.75,0.09325,0.03295,0.2654,0.12425,-3845.5781,279.9772,-4.62939562178817,0.00976065692121423,25.5859706717192,2.55859706717192e-05,3.74793532787611e-08,37.4793532787611,6.01168826591329e-07,0.000601168826591329,0.601168826591329,50.938572324878,0.00199087902422954,-0.967427743636726,-0.0405043470197818,0.364972930685059,0.374095182899494,102.442570923242,50.4801608185889
"274",2024-02-04 10:00:00,1.4724,6.9799,6.49,14.263,139.863,8.555,13.8290421666667,29.5532513333333,182.204417222222,6250.53253888889,260.559425,130.9079,55,52,0.0928,0.021355,0.26485,0.08095,-3741.80765,280.1299,-4.61890708179157,0.00986357072496545,29.2617507486543,2.92617507486543e-05,4.28637829666588e-08,42.8637829666588,6.87535078785207e-07,0.000687535078785207,0.687535078785207,57.9740078981854,0.00198122143805259,-0.973816742567642,-0.0410111644722771,0.362464802106141,0.371726995304826,96.8569721536031,48.6620003286646
"275",2024-02-04 11:00:00,1.4718,7.0673,6.476,14.797,179.408,8.619,15.3871191111111,32.6598678333333,160.843341111111,6806.28186111111,351.7958,149.03885,55,60,0.0928,-0.000305,0.2648,-0.00145,-3707.5407,280.2173,-4.61290960989117,0.00992290496246326,32.3357870687366,3.23357870687366e-05,4.73667543297681e-08,47.3667543297681,7.5976273944948e-07,0.00075976273944948,0.75976273944948,63.9191692007526,0.00197673151004115,-0.977466264261167,-0.0408321008359295,0.361209063467718,0.370554744647455,130.359602837047,55.2270530043004
"276",2024-02-04 12:00:00,1.451,7.0085,6.068,15.959,136.77,8.688,16.7719526111111,32.4138032777778,151.895497777778,7354.18564444444,324.933975,143.867475,55,64.5,0.09265,-0.018775,0.26445,-0.07095,-3741.17805,280.1585,-4.61694405848867,0.00988295216082679,32.093459210633,3.2093459210633e-05,4.70117827901037e-08,47.0117827901037,7.54068995953263e-07,0.000754068995953263,0.754068995953263,63.719010898355,0.0019854204708866,-0.975011565163683,-0.0383166853348949,0.363008782607635,0.372322884943002,120.980354987997,53.5651533414653
"277",2024-02-04 13:00:00,1.399,6.828,5.456,15.573,99.988,8.589,18.2257426666667,30.4717101666667,174.175586666667,7474.49627777778,378.8727,153.460566666667,55,69,0.09215,-0.03145,0.2633,-0.11985,-3850.8385,279.978,-4.62934063843389,0.00976119360962048,30.1742699041136,3.01742699041136e-05,4.42004775263418e-08,44.2004775263418,7.08975659522522e-07,0.000708975659522522,0.708975659522522,60.4561386135182,0.0020035659124689,-0.967461258184798,-0.0346103722819007,0.367118119773618,0.376295064755548,142.567927180609,57.7464538712565
"278",2024-02-04 14:00:00,1.3482,6.6517,5.354,15.649,118.89,8.53,19.8172187777778,28.6223763333333,154.404277777778,3525.78760555556,373.989466666667,151.7484,27.6666666666667,77,0.08675,-0.02588,0.2535,-0.09945,-3947.2157,279.8017,-4.6414661530195,0.00964354880866153,28.346355050143,2.83463550501429e-05,4.15228747316514e-08,41.5228747316514,6.66026910695688e-07,0.000666026910695688,0.666026910695688,57.1075816275558,0.00201463579802539,-0.960064682522074,-0.0341158618540332,0.370026540669927,0.379037360880706,141.755980442516,57.5183130538697
"279",2024-02-04 15:00:00,1.2843,6.285,5.176,15.753,166.506,8.448,20.8371442777778,25.7690906666667,147.830930555556,2285.90893888889,465.914075,164.6244,14.25,86.5,0.0141,-0.00229,0.04935,-0.0087,-3994.27265,279.435,-4.66674213324238,0.00940285338301567,25.5267876853144,2.55267876853144e-05,3.73926596729559e-08,37.3926596729559,5.99778261154212e-07,0.000599778261154212,0.599778261154212,52.0111320980379,0.00203751183812133,-0.944610263165416,-0.0332911360732198,0.376099554046162,0.384753354877867,179.262003441068,63.3397901947559
"280",2024-02-04 16:00:00,1.2476,5.8429,4.969,15.567,192.942,8.336,21.1901868333333,21.5609157777778,158.93334,1881.21453888889,469.61495,166.050825,9.75,93.25,0.08575,-0.03017,0.2514,-0.1104,-4065.46495,278.9929,-4.69731476422921,0.00911973333368707,21.3642859754544,2.13642859754544e-05,3.12952606682846e-08,31.2952606682846,5.01975981119284e-07,0.000501975981119284,0.501975981119284,44.1294793643416,0.00206557239568139,-0.9258524330914,-0.0323227565516755,0.383592230770781,0.39179757964565,183.994000775413,65.0583113331635
"281",2024-02-04 17:00:00,1.2079,5.0105,4.748,14.67,173.735,7.992,20.1951981666667,17.3755378333333,216.161737222222,1548.46746666667,419.202575,158.54765,7.5,89,0.0692,-0.01479,0.21145,-0.0542,-4121.4765,278.1605,-4.75517479689017,0.0086070405064355,17.2259858753807,1.72259858753807e-05,2.52333131496927e-08,25.2333131496927,4.04742342921071e-07,0.000404742342921071,0.404742342921071,36.4799322220763,0.00211772681610132,-0.890158999917944,-0.0315518637589009,0.397837812243598,0.405135510791087,169.833849347564,64.2332831674764
"282",2024-02-04 18:00:00,1.2181,4.4573,4.667,14.026,129.283,7.791,18.2362641666667,13.8499218333333,318.706763333333,1292.32168333333,401.105925,155.595475,6,81.75,0.0967,-0.021275,0.272,-0.07845,-4193.7326,277.6073,-4.79384365319501,0.00828056891829918,13.7352366010794,1.37352366010794e-05,2.01199239827251e-08,20.1199239827251,3.2272358068291e-07,0.00032272358068291,0.32272358068291,29.5674693898979,0.00215267273863884,-0.866164206509524,-0.031458763994866,0.407537237338478,0.414187487120608,166.133055144937,64.4456987975874
"283",2024-02-04 19:00:00,1.2351,6.6481,5.886,17.076,246.5,8.785,16.6341782222222,20.1099846666667,217.326740555556,1215.446,320.611275,141.870575,5,72.75,0.10075,0.003105,0.27935,0.0107,-4228.9344,279.7981,-4.64171393211347,0.0096411596349059,19.9161010942398,1.99161010942398e-05,2.91739015268863e-08,29.1739015268863,4.67949380491256e-07,0.000467949380491256,0.467949380491256,39.9812357297376,0.00200748306812427,-0.959913419993086,-0.0375092175508428,0.368828822756159,0.37780561534838,121.128740039004,53.5994998877035
"284",2024-02-04 20:00:00,1.2703,6.3191,5.371,16.409,139.894,8.677,15.4758431666667,26.4900395555556,130.707262777778,1334.19383333333,310.686,139.87015,4.5,64.75,0.20695,0.052465,0.47605,0.0778,-4154.2926,279.4691,-4.66438853151424,0.00942501001847521,26.2403706673546,2.62403706673546e-05,3.84379445683678e-08,38.4379445683678,6.16544630876619e-07,0.000616544630876619,0.616544630876619,53.3431565328445,0.0020328659685897,-0.946051372755925,-0.034515313061798,0.37509847562542,0.383776069538378,119.233851940601,53.6788164127434
"285",2024-02-04 21:00:00,1.3104,6.6591,5.177,16.198,94.946,8.697,14.6480723888889,26.1591275,136.612835555556,1334.40108333333,227.342575,123.07515,4,52.5,0.0972,0.025295,0.2729,0.0928,-3998.7151,279.8091,-4.64095685186983,0.0096484615300263,25.9067321646572,2.59067321646572e-05,3.79492175440764e-08,37.9492175440764,6.08705449406986e-07,0.000608705449406986,0.608705449406986,52.2455650466476,0.00201667908999818,-0.9603755825799,-0.0329818039712537,0.370331256309646,0.37935952967187,86.2445723263919,46.6897310182949
"286",2024-02-04 22:00:00,1.3342,6.6763,5.28,16.215,94.535,8.691,14.0078545555556,26.2896015,136.688535555556,1390.73969444444,219.2827,121.959675,4,43.75,0.09705,0.025915,0.2722,0.09535,-3908.72745,279.8263,-4.63977318798896,0.00965988882703088,26.0356468722031,2.60356468722031e-05,3.81380569642779e-08,38.1380569642779,6.11734433707018e-07,0.000611734433707018,0.611734433707018,52.4437460477926,0.00201430547530525,-0.961098067155767,-0.0336232890236127,0.369826480051657,0.378865735145081,83.0787013400983,46.2063419269302
"287",2024-02-04 23:00:00,1.3365,6.801,5.407,16.223,101.294,8.707,13.4324531666667,26.9638135555556,136.782012222222,1419.65542222222,205.5302,117.9562,4,49,0.09775,0.001795,0.27385,0.00715,-3846.81025,279.951,-4.63119652219277,0.00974309476898964,26.7011025647504,2.67011025647504e-05,3.9112843080949e-08,39.112843080949,6.27370003018422e-07,0.000627370003018422,0.627370003018422,53.5547758328982,0.00200571402259616,-0.966329895259392,-0.034323070874959,0.367639306763184,0.376792940024382,77.4423283217993,44.445063392104
"288",2024-02-05,1.325,6.4268,5.159,15.79,98.44,8.627,12.8322140555556,26.4099645,145.910316111111,1390.52028888889,209.636775,121.3757,3.75,47,0.0973,-0.004815,0.2734,-0.0173,-3864.8032,279.5768,-4.65695925928964,0.00949529173061123,26.1591941824774,2.61591941824774e-05,3.83190340062602e-08,38.3190340062602,6.14637305460414e-07,0.000614637305460414,0.614637305460414,53.0982638524056,0.00202981267243978,-0.950597549146018,-0.0330620642099143,0.373940115505999,0.382738352131787,80.2360338097222,46.4551354068422
"289",2024-02-05 01:00:00,1.2934,5.2105,4.654,14.804,82.676,8.412,12.2712677777778,24.0202172777778,163.409008888889,1355.37067222222,220.806025,123.1574,3.5,43.25,0.0786,-0.01585,0.2384,-0.06035,-3915.12535,278.3605,-4.74123727984883,0.00872784115394817,23.810572636894,2.3810572636894e-05,3.48786792214278e-08,34.8786792214278,5.59454014711702e-07,0.000559454014711702,0.559454014711702,50.1722324951952,0.00210714094366023,-0.898780012737141,-0.0307686038839095,0.394731845559172,0.402261592150006,88.821783172814,49.5414918090551
"290",2024-02-05 02:00:00,1.256,4.1648,4.814,13.578,85.362,8.027,11.8887417222222,18.4535462222222,222.529618888889,1201.27288888889,218.558475,121.8074,3,41,0.09285,-0.04006,0.26455,-0.14905,-4016.02775,277.3148,-4.81435963593338,0.00811241572310257,18.3038433837021,1.83038433837021e-05,2.68122019421821e-08,26.8122019421821,4.30067719152601e-07,0.000430067719152601,0.430067719152601,39.6951241266411,0.00216867699829567,-0.853388257532043,-0.032695653025662,0.412267070382867,0.418553030092662,91.4783119636813,50.9828563577089
"291",2024-02-05 03:00:00,1.197,3.0892,4.873,12.544,103.408,7.597,11.5550232777778,12.5218196666667,405.68482,974.420795555556,202.56415,118.2577,3,46.25,0.0209,0,0.07125,0,-4086.307,276.2392,-4.89022259302495,0.00751974883013063,12.4276587278771,1.24276587278771e-05,1.82045316109436e-08,18.2045316109436,2.92000687039535e-07,0.000292000687039535,0.292000687039535,27.8026326973827,0.00223715772263822,-0.805874508869515,-0.034031455900894,0.431751121336054,0.436634026567727,88.446400452769,51.6353357236382
"292",2024-02-05 04:00:00,1.1619,2.0964,4.805,11.962,105.489,7.349,11.1996544444444,8.32513700555556,661.229267222222,699.535538888889,222.1079,123.040225,3,41.75,0.0866,-0.032695,0.2487,-0.1213,-4148.5951,275.2464,-4.96083727373464,0.00700705891367828,8.26680228009318,8.26680228009318e-06,1.21095426519717e-08,12.1095426519717,1.94237064137626e-07,0.000194237064137626,0.194237064137626,19.0624489782484,0.00230590358065677,-0.761266724933208,-0.0344342671835866,0.451264790962138,0.454728204865755,100.998726653503,55.9498606405286
"293",2024-02-05 05:00:00,1.1377,1.6098,4.695,11.666,86.068,7.245,10.8320895,3.47960992777778,640.258920555556,405.318988333333,211.503575,120.6484,3,39.75,0.09625,-0.026515,0.2711,-0.09755,-4260.6136,274.7598,-4.99565698888063,0.00676727396857908,3.45606245409272,3.45606245409272e-06,5.06257852525318e-09,5.06257852525318,8.12037595450609e-08,8.12037595450609e-05,0.0812037595450609,8.09496895619938,0.00234225193083916,-0.739136750632163,-0.0340754338158511,0.461528171092628,0.464248171275036,98.1901479118825,56.0107990672591
"294",2024-02-05 06:00:00,1.1651,1.5892,4.669,11.63,71.045,7.237,10.4867806111111,3.08470772777778,608.944932222222,275.812246111111,238.881475,126.95225,3,41.25,0.10405,0.00163,0.2852,0.00575,-4307.78965,274.7392,-4.99713412312117,0.00675728517579972,3.06386347797719,3.06386347797719e-06,4.48806977708011e-09,4.48806977708011,7.19886392243649e-08,7.19886392243649e-05,0.0719886392243649,7.18221672874087,0.00234416996069377,-0.738195996057986,-0.0339049428757689,0.462041327270903,0.464729506210309,111.01526991954,58.9984564547877
"295",2024-02-05 07:00:00,1.233,4.0323,5.076,13.764,110.437,8.024,10.1772442222222,4.02673723888889,497.76295,354.816675,229.6108,124.587675,3,45.75,0.2768,0.069625,0.60505,0.08695,-4235.4713,277.1823,-4.82366922627323,0.00803724291379593,3.99437337354991,3.99437337354991e-06,5.85111789251085e-09,5.85111789251085,9.3851930995874e-08,9.38519309958741e-05,0.093851930995874,8.67987031996485,0.00217302427896239,-0.847580539782836,-0.0345933773983259,0.413882187388162,0.419992006696986,96.4347006513003,52.3258276329619
"296",2024-02-05 08:00:00,1.3153,6.5666,5.563,16.009,126.22,8.667,10.4650833333333,13.0529540055556,317.346981666667,911.049582777778,240.3841,128.1114,3,45.25,0.8721,0.39023,1.7065,0.2242,-3440.55285,279.7166,-4.64732529695934,0.00958721107530573,12.927812580348,1.2927812580348e-05,1.8937176980197e-08,18.937176980197,3.0375231876236e-07,0.00030375231876236,0.30375231876236,26.0680670682005,0.00201643293528461,-0.956486577339156,-0.0355244515739426,0.370830190421698,0.37974504866231,91.2846717521455,48.6496698271966
"297",2024-02-05 09:00:00,1.4079,6.9612,5.621,16.389,137.088,8.74,11.9026257777778,21.0402909444444,201.696521111111,1279.14708333333,177.1776,114.089075,3,36.75,0.1762,0.08853,0.4188,0.17145,-2440.05305,280.1112,-4.62019084109322,0.0098509163987247,20.8330247973459,2.08330247973459e-05,3.05170480441441e-08,30.5170480441441,4.89493450628072e-07,0.000489493450628072,0.489493450628072,41.5424542456133,0.00199406733538309,-0.973035204304914,-0.0355366937793731,0.364739492978621,0.374034841902373,66.2705956046418,42.6732891304129
"298",2024-02-05 10:00:00,1.4746,7.1139,5.695,16.039,140.842,8.715,13.5054714444444,23.7861282222222,179.236783333333,1368.84051666667,183.0857925,115.3845075,3,35.25,0.09085,0.04293,0.2611,0.16405,-2260.6103,280.2639,-4.60971359484196,0.00995466944857224,23.5493451783086,2.35493451783086e-05,3.44960227909936e-08,34.4960227909936,5.53316205567538e-07,0.000553316205567538,0.553316205567538,46.7414225881828,0.00198482897228227,-0.979409945902248,-0.0358654022783186,0.362302656719606,0.37173844244041,68.0600273369181,42.8928570998038
"299",2024-02-05 11:00:00,1.5128,7.1707,5.695,16.449,150.171,8.759,15.0149995,26.1366528333333,162.181527222222,1354.2857,202.8657,118.65813,3,37.25,0.09205,0.01852,0.2635,0.07025,-2155.47235,280.3207,-4.60581964102412,0.00999350804003561,25.8754559831038,2.58754559831038e-05,3.79034029422898e-08,37.9034029422898,6.07970583194328e-07,0.000607970583194328,0.607970583194328,51.279572681153,0.00198178430999004,-0.981777026283538,-0.0358138332233063,0.361464711324851,0.370953838198353,75.2538100537956,44.0166887569391
"300",2024-02-05 12:00:00,1.5255,7.0239,5.555,16.853,120.236,8.786,16.2575057222222,27.2570487777778,157.386752777778,1278.30508888889,261.696725,132.40905,3,44.25,0.093,-0.00447,0.26485,-0.0171,-2131.66975,280.1739,-4.61588723286948,0.00989340223873659,26.9873838303784,2.69873838303784e-05,3.95321993300914e-08,39.5321993300914,6.34096477254667e-07,0.000634096477254667,0.634096477254667,53.7475304747237,0.00199157987348973,-0.975654695209556,-0.0350636252382881,0.36395744757414,0.373316410473705,97.6956820097243,49.4304712602333
"301",2024-02-05 13:00:00,1.4994,6.8761,5.313,17.29,112.667,8.809,17.488803,25.8605344444444,150.332234444444,1269.307,263.958275,132.533725,3.25,51.5,0.0931,-0.0133,0.2649,-0.05015,-2168.28275,280.0261,-4.62603541428215,0.00979350991905367,25.6072690438507,2.56072690438507e-05,3.75105519861943e-08,37.5105519861943,6.01669253858557e-07,0.000601669253858557,0.601669253858557,51.2890225791443,0.00200290872452331,-0.969475499619563,-0.0336621040147253,0.366726990212449,0.375958736349735,99.2374195180559,49.8272117747233
"302",2024-02-05 14:00:00,1.4544,6.9426,5.161,17.018,104.016,8.771,18.5268507777778,25.3768208333333,142.993988333333,1403.09094444444,369.0421,153.109175,3.25,65.5,0.0926,-0.03204,0.2643,-0.121,-2243.28625,280.0926,-4.62146792685511,0.00983834396352969,25.1271549412741,2.51271549412741e-05,3.6807261644176e-08,36.807261644176,5.90388476772583e-07,0.000590388476772583,0.590388476772583,50.2888733023542,0.00200137554052127,-0.972257603657198,-0.0326439162021082,0.366080684706222,0.375385285700699,138.532974144086,57.4749314007733
"303",2024-02-05 15:00:00,1.3946,6.9594,5.082,16.551,139.516,8.698,19.3858665,23.6573823888889,138.494512777778,1384.34312222222,329.2349,143.1788,3.66666666666667,62,0.09225,-0.03391,0.2636,-0.1285,-2369.0619,280.1094,-4.62031442169105,0.00984969909181904,23.4243642910582,2.34243642910582e-05,3.43129457881137e-08,34.3129457881137,5.50379650441344e-07,0.000550379650441344,0.550379650441344,46.8849384802523,0.00200154582202044,-0.972959963166772,-0.0321305329238549,0.366011510694394,0.375336864922937,123.573995189217,53.7402819154283
"304",2024-02-05 16:00:00,1.3465,6.747,4.99,16.293,135.878,8.623,19.7520451666667,20.597683,144.624172777778,1337.57164444444,375.073125,150.8539,4,70.25,0.0936,-0.03611,0.2662,-0.13545,-2492.36485,279.897,-4.63490949920683,0.00970698595951799,20.3977415803204,2.03977415803204e-05,2.98794277765165e-08,29.8794277765165,4.79266021535325e-07,0.000479266021535325,0.479266021535325,41.0897712122043,0.00201442748210162,-0.964065642081358,-0.0317194921050568,0.369433275953774,0.378558541605834,141.987135195543,57.1070323795523
"305",2024-02-05 17:00:00,1.2999,6.2644,4.927,15.714,141.737,8.465,19.3970547777778,17.9655106666667,149.948051111111,1251.20386111111,396.9897,154.15875,4,80.5,0.08075,-0.028395,0.24225,-0.10905,-2617.24795,279.4144,-4.66816427049483,0.00938949073908923,17.796823670639,1.7796823670639e-05,2.60694991856988e-08,26.0694991856988,4.18154766938609e-07,0.000418154766938609,0.418154766938609,36.3441451945287,0.00204217032584803,-0.943739284833512,-0.0317062673715773,0.377024332112228,0.385670977640633,153.107405712261,59.4545558243579
"306",2024-02-05 18:00:00,1.2638,5.4841,4.852,15.031,139.521,8.229,18.0654772222222,14.5634335,182.638776111111,1103.96264444444,357.607825,145.4265,3.5,71.75,0.08245,-0.025735,0.2455,-0.0941,-2682.7781,278.6341,-4.72220721434555,0.0088955229787343,14.4338841426515,1.44338841426515e-05,2.11433308475216e-08,21.1433308475216,3.39139026794246e-07,0.000339139026794246,0.339139026794246,30.1392759056739,0.00208809185440346,-0.910527402558756,-0.0318531240258841,0.389699041359768,0.39752312524306,142.157380205373,57.8103967731598
"307",2024-02-05 19:00:00,1.2606,4.6788,4.766,14.297,114.728,7.983,16.6509680555556,11.4012609444444,255.940318888889,767.05302,304.295375,137.502425,3.5,64.25,0.0966,-0.02422,0.2716,-0.08945,-2795.6554,277.8288,-4.7783399401455,0.00840994882428469,11.3053769233694,1.13053769233694e-05,1.65605683324284e-08,16.5605683324284,2.65631516052151e-07,0.000265631516052151,0.265631516052151,24.166000656513,0.00213756700199526,-0.875798011943584,-0.0319431203142958,0.403434500729004,0.410344950452638,124.866070577342,56.4234257737426
"308",2024-02-05 20:00:00,1.2801,4.3709,4.727,14.206,92.314,7.914,15.4597758888889,9.71160215,302.428216111111,642.953091666667,237.035325,125.74755,3,54,0.09685,0.00109,0.27195,0.0039,-2832.9131,277.5209,-4.79989869771789,0.00823058119701363,9.63167001995133,9.63167001995133e-06,1.41088555120255e-08,14.1088555120255,2.26306042412889e-07,0.000226306042412889,0.226306042412889,20.776727881503,0.00215712621367483,-0.862396804628901,-0.0319343315946122,0.408880992883937,0.415423837225128,98.4701242694054,52.2385297426587
"309",2024-02-05 21:00:00,1.3147,5.842,4.905,16.107,139.871,8.527,14.4819543888889,12.2173785555556,203.879064444444,821.803402222222,234.916025,124.56135,3,51,0.43295,0.10042,0.894,0.1049,-2713.74035,278.992,-4.69737711334889,0.00911916474407362,12.1059662677667,1.21059662677667e-05,1.77333036276754e-08,17.7333036276754,2.84442190187914e-07,0.000284442190187914,0.284442190187914,25.0174422036047,0.00206653823827479,-0.925814106401404,-0.0319071788835839,0.38376638447763,0.39197419417237,92.0810195975513,48.8248347912725
"310",2024-02-05 22:00:00,1.3575,5.2299,4.712,15.558,110.432,8.413,13.7741619444444,13.054815,189.661263333333,930.731893333333,230.565233333333,123.734833333333,3,49,0.24985,0.081375,0.55525,0.1316,-2227.64655,278.3799,-4.73988653940053,0.00873963816745567,12.9407206405569,1.29407206405569e-05,1.89560852231134e-08,18.9560852231134,3.04055606978739e-07,0.000304055606978739,0.304055606978739,27.2420029807241,0.00210513801645221,-0.899614733206235,-0.0311365324919447,0.394257407018118,0.40180610485068,92.6425183196547,49.7174114160147
"311",2024-02-05 23:00:00,1.3777,5.4658,4.722,15.418,103.466,8.401,13.1725323333333,13.3811755555556,189.393039444444,954.626851111111,230.112275,123.88215,3,42.25,0.0981,0.02587,0.27425,0.0946,-2108.9117,278.6158,-4.72347874635438,0.00888421922471545,13.2622942584356,1.32622942584356e-05,1.94271391215268e-08,19.4271391215268,3.1161131150929e-07,0.00031161131150929,0.31161131150929,27.7321073708753,0.0020910490168951,-0.90974332800009,-0.0310142349497043,0.39033202224597,0.39814266389778,91.6175141640785,49.3227692103844
"312",2024-02-06,1.4015,5.7388,4.718,15.676,94.557,8.489,12.5848011111111,14.1439032222222,187.356097777778,954.390857222222,176.611375,111.679725,3,36.5,0.0945,0.012385,0.26765,0.04605,-2026.9429,278.8888,-4.70452948248646,0.00905417380891576,14.0158418641117,1.40158418641117e-05,2.05309657962254e-08,20.5309657962254,3.29316691371456e-07,0.000329316691371456,0.329316691371456,29.0853480665692,0.00207517667140949,-0.921415513844323,-0.0307719144806339,0.385895979758582,0.394003539153195,69.5855068047122,44.0022069016556
"313",2024-02-06 01:00:00,1.3958,5.4423,4.425,15.364,79.189,8.415,12.0275850555556,16.2308882777778,176.777637222222,1077.67443888889,151.456,106.253933333333,2.66666666666667,41.3333333333333,0.0951,-0.010445,0.26875,-0.039,-2039.8082,278.5923,-4.7251118636788,0.00886972209351756,16.086924809423,1.6086924809423e-05,2.35647709378351e-08,23.5647709378351,3.77978925842875e-07,0.000377978925842875,0.377978925842875,33.7301644853952,0.00209674408782203,-0.908736107425888,-0.0290810560689672,0.391481443361885,0.39928140477213,60.4735644411677,42.4252197638976
"314",2024-02-06 02:00:00,1.378,4.6704,4.142,14.903,76.158,8.271,11.5701932222222,17.3490151111111,183.991465555556,1156.13853888889,147.2681,105.21674,2.25,34.25,0.0894,-0.024765,0.25855,-0.09475,-2101.6006,277.8204,-4.77892738411555,0.00840500990142345,17.2031964673223,1.72031964673223e-05,2.51999303131924e-08,25.1999303131924,4.04206882223605e-07,0.000404206882223605,0.404206882223605,36.9422653530755,0.00214740704864052,-0.875433309538355,-0.0277669009032997,0.405270630961619,0.412200068834008,60.7039209570536,43.3703474704899
"315",2024-02-06 03:00:00,1.3242,3.7362,4.33,13.906,87.01,7.956,11.4572242777778,15.0080158888889,230.306543333333,1063.01157333333,174.863625,112.9978,2,34.75,0.075,-0.022475,0.23175,-0.08395,-2198.7243,276.8862,-4.84450973925637,0.00787147598387607,14.8898806522539,1.48898806522539e-05,2.18112927746476e-08,21.8112927746476,3.49853136105347e-07,0.000349853136105347,0.349853136105347,32.807613128288,0.00220334963687717,-0.834555993897492,-0.0297362764123941,0.421349648785492,0.427112953042466,74.6865192534604,48.262824045302
"316",2024-02-06 04:00:00,1.2606,2.6607,4.523,12.636,105.132,7.55,11.3509956666667,9.29728230555556,432.880027777778,743.860082222222,199.833225,117.600375,2,37.5,0.0047,0,0.018,0,-2230.793,275.8107,-4.92063035973566,0.00729453159424895,9.22946298603703,9.22946298603703e-06,1.35196865604665e-08,13.5196865604665,2.16855772429882e-07,0.000216855772429882,0.216855772429882,20.9650493590531,0.00227153512514981,-0.786710532605905,-0.0319408060465153,0.441026048382611,0.445321995689701,88.990130562109,52.3700336888572
"317",2024-02-06 05:00:00,1.2337,1.7669,4.56,12.012,98.785,7.345,11.0943571666667,3.48044945,552.972290555556,327.677865,227.71915,123.974125,2,43.5,0.0615,-0.021845,0.17415,-0.08135,-2251.90575,274.9169,-4.98440022493938,0.00684388194336632,3.45662966485435,3.45662966485435e-06,5.06340939826524e-09,5.06340939826524,8.12170867481744e-08,8.12170867481744e-05,0.0812170867481744,8.06517041163348,0.00233324688890944,-0.746300733001565,-0.0329603249898702,0.458744871947718,0.461712312234171,105.1407352865,57.2403799109581
"318",2024-02-06 06:00:00,1.215,1.2404,4.532,11.883,88.585,7.262,10.888857,3.10530082222222,589.918863333333,316.626807222222,229.418,124.731425,2,43.5,0.09525,-0.03696,0.26915,-0.13875,-2384.87665,274.3904,-5.02218283397282,0.0065901261936101,3.08483649793466,3.08483649793466e-06,4.5187918956346e-09,4.5187918956346,7.2481422005979e-08,7.2481422005979e-05,0.072481422005979,7.31679981112727,0.00237185984282343,-0.722218933806868,-0.0332109861486346,0.469808591218049,0.471942036491879,108.271998127894,58.8660027290341
"319",2024-02-06 07:00:00,1.2332,1.2033,4.488,11.68,75.579,7.212,10.7416704444444,3.38661239444444,634.742122777778,325.071535555556,201.8478,118.705133333333,2.66666666666667,42,0.09855,-0.01397,0.2753,-0.05085,-2469.95355,274.3533,-5.02485134052156,0.00657256384193618,3.36435366827407,3.36435366827407e-06,4.92823982743458e-09,4.92823982743458,7.90489668320507e-08,7.90489668320507e-05,0.0790489668320507,7.9914787347752,0.00237533848184126,-0.720514176953767,-0.0329204170782567,0.470746948331991,0.472820716601909,95.4378214405187,56.1262462069918
"320",2024-02-06 08:00:00,1.2767,1.1845,4.27,12.265,74.578,7.265,10.9918622777778,5.47782302222222,756.345107222222,454.983500555556,218.70605,122.02575,2,43.25,0.16065,0.016745,0.3903,0.0187,-2490.40295,274.3345,-5.02620388503718,0.00656368016598907,5.44186834389846,5.44186834389846e-06,7.97146642487622e-09,7.97146642487623,1.27862321455015e-07,0.000127862321455015,0.127862321455015,12.9540506843666,0.00238044176480142,-0.719649916683977,-0.0313367178616923,0.471900729418341,0.473947101060281,103.655098381845,57.8337504672066
"321",2024-02-06 09:00:00,1.3548,2.6906,4.26,13.413,71.647,7.646,11.7669253888889,9.97364898888889,503.274916666667,798.819001111111,185.334933333333,113.847066666667,2.33333333333333,33,0.80935,0.25423,1.5903,0.15685,-1905.97735,275.8406,-4.91850511190665,0.00731005076672332,9.90074110845063,9.90074110845063e-06,1.45030016053028e-08,14.5030016053028,2.32628145749057e-07,0.000232628145749057,0.232628145749057,22.511646341209,0.00227373346041687,-0.788052141701996,-0.0300601576813566,0.441263842825884,0.44561040879882,82.5871754073686,50.7314379178798
"322",2024-02-06 10:00:00,1.4269,4.5164,4.487,15.02,86.973,8.413,12.5166591111111,10.0396573722222,300.477108333333,758.662678333333,165.413075,109.8061675,2.5,33.25,0.8193,0.32866,1.60855,0.20725,-821.29579,277.6664,-4.78970427537339,0.00831491636074741,9.95617846088163,9.95617846088163e-06,1.45842084566379e-08,14.5842084566379,2.33930703644471e-07,0.000233930703644471,0.233930703644471,21.4229498153008,0.00215172416801011,-0.868738119977106,-0.0301993629523816,0.407001876522618,0.413731451024272,68.4365915381367,45.4302650111892
"323",2024-02-06 11:00:00,1.4823,4.7605,4.401,15.224,59.387,8.515,13.238361,15.0103645,182.993853333333,1056.39659611111,172.04245,112.360525,2.5,31.5,0.09495,0.05438,0.26855,0.2022,-242.574655,277.9105,-4.77262843169559,0.00845811975093101,14.8834050395539,1.48834050395539e-05,2.18018070381401e-08,21.8018070381401,3.49700984891767e-07,0.000349700984891767,0.349700984891767,31.8209562145339,0.00213801587270971,-0.879342536997783,-0.0294347581994977,0.403016693346516,0.410040529951591,70.54437737217,46.072369216639
"324",2024-02-06 12:00:00,1.5224,5.376,4.491,15.172,47.014,8.538,14.0098449444444,17.2313653888889,160.217052777778,1128.2944,196.511575,118.134275,2.75,40.75,0.0955,0.012085,0.26985,0.0449,-130.007675,278.526,-4.72972101090087,0.00882893430965575,17.0792307958047,1.70792307958047e-05,2.50183404389266e-08,25.0183404389266,4.01294180640382e-07,0.000401294180640382,0.401294180640382,35.8612474331299,0.00209969921139181,-0.905892344089821,-0.0295650623913732,0.392406335274481,0.400129478084056,78.6300739422259,47.2690057995884
"325",2024-02-06 13:00:00,1.5306,5.767,4.55,15.246,43.297,8.57,14.9046567222222,18.1823092777778,150.692333333333,1091.65755,211.660325,122.39545,2.75,40.75,0.0952,0.003915,0.26885,0.0149,-100.4552,278.917,-4.70257446458658,0.00907189219483265,18.0173613281567,1.80173613281567e-05,2.6392551567937e-08,26.392551567937,4.2333652714971e-07,0.00042333652714971,0.42333652714971,37.4032210110372,0.00207595442694404,-0.922618202940498,-0.0296547605913649,0.385862973477729,0.394009675905135,83.3962160552256,48.2249915867632
"326",2024-02-06 14:00:00,1.5159,5.8193,4.517,15.658,59.337,8.608,15.8656733888889,18.5433475,143.538273333333,1039.47327,301.482525,140.32945,2.75,51,0.09345,-0.016665,0.26585,-0.06275,-121.518925,278.9693,-4.69894984642534,0.00910483400436918,18.3745133991272,1.83745133991272e-05,2.69157222075774e-08,26.9157222075774,4.31728184209542e-07,0.000431728184209542,0.431728184209542,38.0977209320799,0.00207340026397051,-0.924847232743502,-0.0294002993986738,0.385101812292219,0.393306179768961,118.57494017485,55.1924398885794
"327",2024-02-06 15:00:00,1.4791,5.6864,4.422,15.86,72.047,8.601,16.724772,18.0079225555556,143.864017222222,1003.22544944444,281.088675,136.10955,3,55.5,0.09405,-0.03104,0.26685,-0.1157,-206.9205,278.8364,-4.70816339253078,0.00902133146531455,17.8454671171802,1.78454671171802e-05,2.61407540519302e-08,26.1407540519302,4.1929769499296e-07,0.00041929769499296,0.41929769499296,37.1628149686011,0.00208247924946855,-0.919179234965377,-0.0288800612404434,0.387492301994844,0.395559064674923,111.187173373713,53.8393662913247
"328",2024-02-06 16:00:00,1.4292,5.1538,4.291,15.523,78.719,8.463,17.2869879444444,16.3658009444444,151.146703888889,991.374457777778,245.909775,126.140575,3,54.5,0.0972,-0.045695,0.27255,-0.16705,-348.310385,278.3038,-4.74518627703308,0.00869344289817649,16.223525788451,1.6223525788451e-05,2.37648695159545e-08,23.7648695159545,3.81188507035911e-07,0.000381188507035911,0.381188507035911,34.3265986855613,0.00211585318340587,-0.896338853875573,-0.0284100946192534,0.396630981381711,0.404114623160386,99.3757360555802,50.9752509313594
"329",2024-02-06 17:00:00,1.3716,4.7606,4.198,15.142,83.311,8.264,17.0808232777778,14.4994523888889,166.386652777778,913.453516111111,273.25045,131.55515,3,58.5,0.0982,-0.06664,0.27455,-0.24265,-559.52279,277.9106,-4.77262144317965,0.00845817886084162,14.3768134271994,1.43768134271994e-05,2.10597313806988e-08,21.0597313806988,3.37798091346408e-07,0.000337798091346408,0.337798091346408,30.7812921646683,0.00214103718605914,-0.879346872529194,-0.0280769817363638,0.403562521925508,0.410596019058507,112.195546975946,54.0160208766447
"330",2024-02-06 18:00:00,1.3463,4.2147,4.121,14.702,79.658,8.01,16.1288907777778,12.0112879444444,223.256088888889,734.66324,271.0202,131.065125,3,54.5,0.0974,-0.045405,0.27325,-0.16605,-759.24937,277.3647,-4.8108562016248,0.00814088688267153,11.9135054079735,1.19135054079735e-05,1.74513792618159e-08,17.4513792618159,2.79920123359528e-07,0.000279920123359528,0.279920123359528,25.9247500499905,0.00217608077238455,-0.855572177896509,-0.0279528842532216,0.413323350173155,0.419700922657046,113.747427998697,55.0081538906611
"331",2024-02-06 19:00:00,1.3141,3.4516,4.077,14.114,75.815,7.755,15.0142461666667,10.0100655222222,313.397946111111,645.095565555556,295.73095,136.183425,3,56.75,0.0972,-0.048285,0.27275,-0.1768,-933.226815,276.6016,-4.86458812872699,0.00771500551908012,9.93283781147192,9.93283781147192e-06,1.45500181397565e-08,14.5500181397565,2.33382290961695e-07,0.000233382290961695,0.233382290961695,22.1083728961287,0.00222578615655987,-0.821977288987693,-0.0282060111510283,0.427336593912315,0.432736538951845,127.973587763941,58.9315439971082
"332",2024-02-06 20:00:00,1.3215,2.7813,4.068,13.61,63.164,7.573,14.0132165555556,8.72126241111111,431.917592222222,633.904572777778,223.550225,121.88515,2.75,49.25,0.09665,-0.013385,0.272,-0.0494,-1037.1128,275.9313,-4.9120614559781,0.00735730630389392,8.65709741219593,8.65709741219593e-06,1.26812625732811e-08,12.6812625732811,2.03407451675429e-07,0.000203407451675429,0.203407451675429,19.6572656816341,0.00227065316995757,-0.792117814070249,-0.0286377329533471,0.440099013359178,0.444580241204157,99.3860129517435,54.1877293862048
"333",2024-02-06 21:00:00,1.3304,2.7217,4.108,13.516,66.445,7.638,13.1030387777778,8.65132443888889,465.699590555556,678.656691111111,194.01555,115.434725,2.75,43.75,0.0987,-0.004705,0.2756,-0.01815,-1085.6084,275.8717,-4.91629511908126,0.00732622379085286,8.58794289996231,8.58794289996231e-06,1.25799622775808e-08,12.5799622775808,2.01782594932396e-07,0.000201782594932396,0.201782594932396,19.5295242924449,0.0022740631277987,-0.789446896424973,-0.0289641606762474,0.441132031538024,0.445527525040631,86.4392678108968,51.4293473329958
"334",2024-02-06 22:00:00,1.3795,3.4739,3.996,14.185,75.188,7.939,12.3187475,11.6574552222222,258.148067777778,843.866515,259.30835,130.07965,2,48.75,0.1385,0.03273,0.34925,0.09385,-1013.99573,276.6239,-4.86301319767644,0.00772716569390489,11.5673761341508,1.15673761341508e-05,1.69443552563495e-08,16.9443552563495,2.71787458311846e-07,0.000271787458311846,0.271787458311846,25.744284725853,0.00222559415612389,-0.822965029787941,-0.0276296500457149,0.4271608324695,0.432593430001683,112.175088554577,56.2716019669184
"335",2024-02-06 23:00:00,1.4202,4.1795,4.17,14.526,73.826,8.229,11.6698909444444,12.8738214444444,219.991185,927.896022222222,197.756175,116.954975,2,40.5,0.14865,0.052075,0.3677,0.13545,-882.323155,277.3295,-4.81332741479258,0.00812079385332492,12.7692757943896,1.27692757943896e-05,1.87049459546537e-08,18.7049459546537,3.00027333112645e-07,0.000300027333112645,0.300027333112645,27.8057618421352,0.00217755198414244,-0.854031803647736,-0.0283109879344446,0.413812299183005,0.420144089424394,83.0860880734261,49.1379414750277
"336",2024-02-07,1.4717,5.5117,4.597,14.924,94.681,8.523,11.2118864444444,12.0817864333333,209.93115,886.310725,205.213533333333,117.420366666667,2,41,0.1128,0.04654,0.3017,0.1482,-664.72881,278.6617,-4.72028984937433,0.00891259530442514,11.9741063602985,1.19741063602985e-05,1.75401499608197e-08,17.5401499608197,2.81344005371548e-07,0.000281344005371548,0.281344005371548,25.0278611855864,0.00209016526432144,-0.911709491440305,-0.030157708875994,0.389899135466832,0.397766633416503,81.6270962855053,46.7059039435314
"337",2024-02-07 01:00:00,1.48655555555556,5.86944444444444,4.60222222222222,14.9922222222222,103.014444444444,8.56555555555556,10.8991836184211,8.55199333552632,275.873742763158,675.296364473684,174.01755,112.213765,2,39.25,0.0914705882352941,0.0172,0.262117647058824,0.0657647058823529,-572.111552941176,279.019444444444,-4.69547605363405,0.00913651730952543,8.47385790038533,8.47385790038533e-06,1.24128460068005e-08,12.4128460068005,1.99102049949079e-07,0.000199102049949079,0.199102049949079,17.5348294981587,0.0020692852894502,-0.926982576408285,-0.0299165866190895,0.384082017090553,0.39233516759915,68.2732046444434,44.0254062982066
"338",2024-02-07 01:00:00,1.48655555555556,5.86944444444444,4.60222222222222,14.9922222222222,103.014444444444,8.56555555555556,10.8991836184211,8.55199333552632,275.873742763158,675.296364473684,174.01755,112.213765,2,39.25,0.0936666666666667,-0.0155,0.266,-0.058,-553.370433333333,279.019444444444,-4.69547605363405,0.00913651730952543,8.47385790038533,8.47385790038533e-06,1.24128460068005e-08,12.4128460068005,1.99102049949079e-07,0.000199102049949079,0.199102049949079,17.5348294981587,0.0020692852894502,-0.926982576408285,-0.0299165866190895,0.384082017090553,0.39233516759915,68.2732046444434,44.0254062982066
"339",2024-02-07 01:00:00,1.48655555555556,5.86944444444444,4.60222222222222,14.9922222222222,103.014444444444,8.56555555555556,10.7409314285714,7.05712153571429,298.9692,567.432067857143,174.01755,112.213765,2,39.25,0.0914705882352941,0.0172,0.262117647058824,0.0657647058823529,-572.111552941176,279.019444444444,-4.69547605363405,0.00913651730952543,6.99264402264781,6.99264402264781e-06,1.02431046701354e-08,10.2431046701354,1.64299398908972e-07,0.000164299398908972,0.164299398908972,14.469775410427,0.0020692852894502,-0.926982576408285,-0.0299165866190895,0.384082017090553,0.39233516759915,68.2732046444434,44.0254062982066
"340",2024-02-07 01:00:00,1.48655555555556,5.86944444444444,4.60222222222222,14.9922222222222,103.014444444444,8.56555555555556,10.7409314285714,7.05712153571429,298.9692,567.432067857143,174.01755,112.213765,2,39.25,0.0936666666666667,-0.0155,0.266,-0.058,-553.370433333333,279.019444444444,-4.69547605363405,0.00913651730952543,6.99264402264781,6.99264402264781e-06,1.02431046701354e-08,10.2431046701354,1.64299398908972e-07,0.000164299398908972,0.164299398908972,14.469775410427,0.0020692852894502,-0.926982576408285,-0.0299165866190895,0.384082017090553,0.39233516759915,68.2732046444434,44.0254062982066
"341",2024-02-07 01:00:00,1.485,5.662,4.64,14.93,114.81,8.54,10.8991836184211,8.55199333552632,275.873742763158,675.296364473684,174.01755,112.213765,2,39.25,0.0914705882352941,0.0172,0.262117647058824,0.0657647058823529,-572.111552941176,278.812,-4.70985604312269,0.00900607441949624,8.47497344711153,8.47497344711153e-06,1.24144801042669e-08,12.4144801042669,1.9912826087244e-07,0.00019912826087244,0.19912826087244,17.6343794123934,0.00208075925221967,-0.918137250695857,-0.0303227648376321,0.387337057446935,0.395365988141661,68.800620609741,44.3655060823212
"342",2024-02-07 01:00:00,1.485,5.662,4.64,14.93,114.81,8.54,10.8991836184211,8.55199333552632,275.873742763158,675.296364473684,174.01755,112.213765,2,39.25,0.0936666666666667,-0.0155,0.266,-0.058,-553.370433333333,278.812,-4.70985604312269,0.00900607441949624,8.47497344711153,8.47497344711153e-06,1.24144801042669e-08,12.4144801042669,1.9912826087244e-07,0.00019912826087244,0.19912826087244,17.6343794123934,0.00208075925221967,-0.918137250695857,-0.0303227648376321,0.387337057446935,0.395365988141661,68.800620609741,44.3655060823212
"343",2024-02-07 01:00:00,1.485,5.662,4.64,14.93,114.81,8.54,10.7409314285714,7.05712153571429,298.9692,567.432067857143,174.01755,112.213765,2,39.25,0.0914705882352941,0.0172,0.262117647058824,0.0657647058823529,-572.111552941176,278.812,-4.70985604312269,0.00900607441949624,6.99356457397621,6.99356457397621e-06,1.02444531305433e-08,10.2444531305433,1.64321028213915e-07,0.000164321028213915,0.164321028213915,14.5519241932967,0.00208075925221967,-0.918137250695857,-0.0303227648376321,0.387337057446935,0.395365988141661,68.800620609741,44.3655060823212
"344",2024-02-07 01:00:00,1.485,5.662,4.64,14.93,114.81,8.54,10.7409314285714,7.05712153571429,298.9692,567.432067857143,174.01755,112.213765,2,39.25,0.0936666666666667,-0.0155,0.266,-0.058,-553.370433333333,278.812,-4.70985604312269,0.00900607441949624,6.99356457397621,6.99356457397621e-06,1.02444531305433e-08,10.2444531305433,1.64321028213915e-07,0.000164321028213915,0.164321028213915,14.5519241932967,0.00208075925221967,-0.918137250695857,-0.0303227648376321,0.387337057446935,0.395365988141661,68.800620609741,44.3655060823212
"345",2024-02-07 02:00:00,1.4661,4.5637,4.204,14.658,87.903,8.375,10.5874242777778,3.52114538333333,386.309917222222,314.185136666667,173.68375,111.0304,2,38.5,0.09555,-0.02663,0.2697,-0.09875,-603.259745,277.7137,-4.78639279981323,0.00834249664328437,3.49177023979236,3.49177023979236e-06,5.11488471805744e-09,5.11488471805744,8.20427508776413e-08,8.20427508776413e-05,0.0820427508776413,7.51797114757695,0.00215305436248406,-0.870796312432102,-0.0282601609722157,0.406953450057275,0.413752693916057,71.862119451943,45.9391271065774
"346",2024-02-07 03:00:00,1.4313,3.5989,3.959,14.251,78.422,8.136,10.3812524444444,3.3767376,417.918242777778,276.314340555556,174.464025,111.4381,2,31.75,0.098,-0.03605,0.27415,-0.13185,-707.724435,276.7489,-4.85419039062879,0.00779564262028746,3.35041376044791,3.35041376044791e-06,4.90782009285452e-09,4.90782009285452,7.87214342893865e-08,7.87214342893865e-05,0.0787214342893865,7.4312456499823,0.00221800833607752,-0.828494987828286,-0.0272852900615791,0.424951481441021,0.43055044862593,75.1155642328355,47.9797239490213
"347",2024-02-07 04:00:00,1.3726,2.3827,3.795,13.457,68.461,7.719,10.1758208333333,3.21490612222222,437.985995555556,214.182436111111,163.776925,109.079575,2,36.75,0.05095,-0.011935,0.1686,-0.04705,-816.982305,275.5327,-4.94041500167802,0.0071516301879131,3.19191430254723,3.19191430254723e-06,4.67564374694329e-09,4.67564374694329,7.49973257009703e-08,7.49973257009703e-05,0.0749973257009703,7.34929931794239,0.00230247388286003,-0.774205159753201,-0.02699428500003,0.448790341937085,0.452705160709677,74.1426591526617,49.3808865305183
"348",2024-02-07 05:00:00,1.3174,1.3543,3.776,12.779,65.541,7.428,9.9744916,2.95850970555556,493.853128888889,222.041083888889,155.663,109.7154,2,33,0,0,0,0,-822.8243,274.5043,-5.01399536320155,0.00664430414618379,2.93885246725241,2.93885246725241e-06,4.30494864813002e-09,4.30494864813002,6.90513763160055e-08,6.90513763160055e-05,0.0690513763160055,6.98371741203165,0.00237634161287479,-0.727446227581193,-0.0275887966307493,0.469994153267429,0.47232442264971,73.5234366029218,51.821262960782
"349",2024-02-07 06:00:00,1.2618,0.6623,3.902,12.486,65.046,7.279,9.7719903,2.85419392222222,553.94139,232.106608333333,153.2091,106.536775,2,32.5,0.41145,-0.153885,0.835,-0.14475,-1113.13844,273.8123,-5.06385632037937,0.00632113646003406,2.83615217295646,2.83615217295646e-06,4.15450914903353e-09,4.15450914903353,6.66383267504979e-08,6.66383267504979e-05,0.0666383267504979,6.88053310978273,0.00242600985073743,-0.695537456869445,-0.0290293047800926,0.484534442392033,0.48570928098327,74.4150818010938,51.7459003835264
"350",2024-02-07 07:00:00,1.2481,0.3252,4.003,12.355,70.638,7.202,9.57887855,3.07428971111111,591.453750555556,236.639831666667,128.31163,100.39279,2,26.25,0.206,-0.064405,0.474,-0.12755,-1551.3369,273.4752,-5.08824815225942,0.00616881758392732,3.05532497868312,3.05532497868312e-06,4.47556224177419e-09,4.47556224177419,7.17880183580579e-08,7.17880183580579e-05,0.0717880183580579,7.48612190826292,0.00245018842856105,-0.679862586339624,-0.0300442760822538,0.491689990143291,0.492275373942649,63.1646556394408,49.4208982383958
"351",2024-02-07 08:00:00,1.2585,0.2122,4.069,12.484,49.434,7.172,9.84928837777778,3.67510462222222,631.608683888889,252.078495555556,112.939535,94.9243425,2,29.25,0.1089,-0.014845,0.29425,-0.04745,-1671.11375,273.3622,-5.09643970132215,0.00611849181696182,3.65261852466468,3.65261852466468e-06,5.35050171966981e-09,5.35050171966981,8.58220475835037e-08,8.58220475835037e-05,0.0858220475835037,8.97748462833192,0.00245782157860465,-0.674588897530683,-0.0306300031701128,0.494000425380332,0.494384195800489,55.8355211850561,46.9290947287526
"352",2024-02-07 09:00:00,1.3272,0.6128,4.06,12.655,39.411,7.22,11.2674607777778,6.89016008888889,775.425446111111,511.001737777778,132.1775975,101.7481575,2,26,0.1003,0.01665,0.27835,0.058,-1657.5044,273.7628,-5.06743381063541,0.00629856305831521,6.84676198108714,6.84676198108714e-06,1.00294108203757e-08,10.0294108203757,1.60871749558826e-07,0.000160871749558826,0.160871749558826,16.6172895520269,0.00242702895148524,-0.693241135774837,-0.030243859153014,0.485058879235344,0.486147087476953,64.2577540543259,49.4645704247713
"353",2024-02-07 10:00:00,1.4082,3.6189,4.375,14.379,67.338,8.102,12.9917603333333,10.8220049666667,637.203542777778,809.828205555556,168.6618,111.113325,2,29.25,0.11555,0.047505,0.3067,0.15675,-1549.8011,276.7689,-4.85277957287238,0.00780664861310307,10.7375213766026,1.07375213766026e-05,1.57287508133026e-08,15.7287508133026,2.52289163045374e-07,0.000252289163045374,0.252289163045374,23.7324048785163,0.00221023121129518,-0.829378725723064,-0.0301367286476679,0.423367173339174,0.428976265279856,72.3519090593779,47.6649791813268
"354",2024-02-07 11:00:00,1.4969,6.2463,4.683,15.384,109.266,8.648,14.5945696111111,17.7315117777778,245.898187777778,1114.22327388889,113.37759,95.4498833333333,2,22.6666666666667,0.0953,0.06764,0.26895,0.2511,-1334.18145,279.3963,-4.66941401310707,0.00937776362199346,17.5652298516652,1.75652298516652e-05,2.57302512959132e-08,25.7302512959132,4.12713230786448e-07,0.000412713230786448,0.412713230786448,35.9495132994442,0.00204662925580995,-0.942973761512796,-0.0301499956520018,0.377900722342141,0.386542425735755,43.8252486626739,36.8954294398615
"355",2024-02-07 12:00:00,1.5578,6.5958,4.721,15.449,113.902,8.678,16.0014666111111,22.8510196111111,169.442397222222,1151.33186111111,181.44375,113.32018,2.5,31,0.0941,0.04494,0.26685,0.1681,-1119.17445,279.7458,-4.64531442159356,0.00960650915819846,22.6315010819428,2.26315010819428e-05,3.31515280448731e-08,33.1515280448731,5.31750509839764e-07,0.000531750509839764,0.531750509839764,45.8631060070726,0.00202651630755795,-0.957714888636453,-0.0301251762518716,0.372380139950077,0.381372067195484,69.1975780172005,43.2171513015643
"356",2024-02-07 13:00:00,1.6061,6.6993,4.771,15.282,91.715,8.669,17.3994652777778,24.5134408333333,152.962217222222,1235.47363888889,205.10255,119.713875,3,34.75,0.09425,0.03286,0.2672,0.12305,-986.54549,279.8493,-4.63819063763017,0.00967518819021316,24.2762686800812,2.42762686800812e-05,3.55608494133301e-08,35.5608494133301,5.70396024589815e-07,0.000570396024589815,0.570396024589815,49.0402383801435,0.00202008962029578,-0.962063856927692,-0.030364189891419,0.370675579832135,0.37976680045073,77.891139177786,45.4633552783087
"357",2024-02-07 14:00:00,1.6237,6.81,4.746,15.461,90.304,8.694,18.7970955,24.5329568333333,142.102309444444,1353.05656666667,244.3481,128.600225,3,40.75,0.0936,0.00329,0.26625,0.01225,-910.4861,279.96,-4.63057784948744,0.00974912442072366,24.2937819847569,2.42937819847569e-05,3.55865036025513e-08,35.5865036025513,5.70807517784923e-07,0.000570807517784923,0.570807517784923,48.9358976533626,0.00201433838848423,-0.966707072787052,-0.0301202247427199,0.369048466687643,0.378249345538615,92.4245089086039,48.6429509423686
"358",2024-02-07 15:00:00,1.6081,6.972,4.696,15.761,100.569,8.722,20.0268481111111,25.3412765,129.03401,1358.43465555556,314.166275,142.2899,3,53.5,0.09225,-0.018505,0.26355,-0.07,-943.89002,280.122,-4.61944939506309,0.00985822302990676,25.0914565444005,2.50914565444005e-05,3.67549692044996e-08,36.7549692044996,5.89549706040173e-07,0.000589549706040173,0.589549706040173,50.3375079807364,0.00200616125618941,-0.973486603721121,-0.0296805898852128,0.366716138931606,0.376076361961557,118.150509753014,53.5118679358737
"359",2024-02-07 16:00:00,1.562,6.7481,4.625,15.515,102.373,8.664,20.6030237222222,24.8646938888889,128.415538888889,1360.38567222222,278.877,134.524275,3,54.25,0.09235,-0.03468,0.26395,-0.13135,-1045.455295,279.8981,-4.63483384839444,0.00970772032866142,24.6233143945578,2.46233143945578e-05,3.6069215857724e-08,36.069215857724,5.78550222357893e-07,0.000578550222357893,0.578550222357893,49.7248383938374,0.0020194210087667,-0.96411178608308,-0.0293985069528299,0.370274634588072,0.379422173528815,105.812117487195,51.041492812888
"360",2024-02-07 17:00:00,1.5031,6.4492,4.501,15.224,130.433,8.548,20.0168339444444,23.0747647222222,134.67879,1337.01629444444,339.7651,144.33555,3,64.75,0.0935,-0.04523,0.26585,-0.17005,-1186.1246,279.5992,-4.65541489041727,0.0095099672927642,22.8553244644257,2.28553244644257e-05,3.34793934884693e-08,33.4793934884693,5.37009471555047e-07,0.000537009471555047,0.537009471555047,46.5738768903753,0.00203776922803557,-0.951542063567665,-0.0288287363463057,0.375171959326289,0.384029945780938,130.479972931255,55.4291734407618
"361",2024-02-07 18:00:00,1.4435,5.918,4.39,14.809,124.713,8.38,18.4460525555556,19.8600005,155.218706666667,1297.19753333333,230.28915,122.764725,3,49.75,0.0965,-0.05933,0.2714,-0.2183,-1380.8513,279.068,-4.6921136711652,0.00916728947974245,19.6779381263487,1.96779381263487e-05,2.88250308850006e-08,28.8250308850006,4.62353495395409e-07,0.000462353495395409,0.462353495395409,40.7239327353269,0.00206952234903096,-0.929048565777641,-0.028501624080272,0.383832050768519,0.392148060566975,90.3074435421172,48.141948814788
"362",2024-02-07 19:00:00,1.3932,5.08,4.259,14.308,103.086,8.086,17.0311741111111,15.8246615555556,204.654287777778,976.655213888889,236.04445,125.125375,3,51.5,0.09725,-0.062735,0.27275,-0.22965,-1601.47555,278.23,-4.75032895400721,0.00864885009150432,15.6877964300128,1.56877964300128e-05,2.29801117225399e-08,22.9801117225399,3.6860099202954e-07,0.00036860099202954,0.36860099202954,33.2699747135204,0.00212075512720644,-0.893158038123737,-0.02825177338697,0.397957600209054,0.405358751990353,95.6826836662493,50.7206658523249
"363",2024-02-07 20:00:00,1.3562,4.2469,4.145,13.859,91.14,7.794,15.7656968333333,12.1687263333333,310.890131666667,717.261559444444,214.8375,120.984975,3,48.5,0.09815,-0.05652,0.2744,-0.2059,-1822.147,277.3969,-4.80859622086804,0.0081593059356896,12.069437972332,1.2069437972332e-05,1.76797955193908e-08,17.6797955193908,2.83583920131028e-07,0.000283583920131028,0.283583920131028,26.2352144659558,0.00217368982102543,-0.856980486994281,-0.0280923008240304,0.412684133808057,0.419100492028337,90.0385019561379,50.7048625505361
"364",2024-02-07 21:00:00,1.3544,3.3609,4.059,13.441,68.875,7.584,14.7224303888889,9.90679776666667,448.734462222222,644.395857222222,215.488975,120.080325,3,47,0.09705,-0.023265,0.2725,-0.0848,-1977.3573,276.5109,-4.87099673267089,0.00766572119533141,9.83085501704887,9.83085501704887e-06,1.44006296631739e-08,14.4006296631739,2.30986099797309e-07,0.000230986099797309,0.230986099797309,21.9427495629554,0.0022320286002491,-0.817956149395108,-0.0281475998933843,0.429083496142815,0.434363037501725,93.6004457291333,52.1584547111944
"365",2024-02-07 22:00:00,1.3811,3.3042,4.008,13.429,67.056,7.579,13.8346728333333,9.05136144444444,486.931252777778,675.963811111111,207.648675,117.9215125,2.25,42.5,0.09885,0.01201,0.27565,0.04315,-1990.3752,276.4542,-4.87500539446827,0.00763505342138198,8.98225381627987,8.98225381627987e-06,1.31575646802394e-08,13.1575646802394,2.1104733747104e-07,0.00021104733747104,0.21104733747104,20.0894671016124,0.00223657308204777,-0.815439333896599,-0.0278348388951811,0.430299340069105,0.435504520663856,90.4319366723599,51.3553517772695
"366",2024-02-07 23:00:00,1.4347,4.1828,4.118,13.818,86.81,7.899,13.1243302222222,10.78452675,369.525418888889,777.999654444444,197.27205,117.4187,2,41,0.09665,0.04014,0.2717,0.14765,-1885.72645,277.3328,-4.81309570859153,0.00812267570960894,10.6969275365281,1.06969275365281e-05,1.56692873326079e-08,15.6692873326079,2.51335368815031e-07,0.000251335368815031,0.251335368815031,23.2993716705295,0.0021781368146102,-0.854176251735968,-0.0279555654950025,0.413899612174425,0.42023773883671,82.9011602276824,49.343768985146
"367",2024-02-08,1.4871,5.416,4.392,14.848,102.174,8.4,12.5797108333333,15.1290725555556,227.258810555556,967.4202,175.92635,110.906585,2,37,0.09545,0.05268,0.2696,0.19535,-1723.207,278.566,-4.7269399328551,0.0088535224396809,14.9951269721934,1.49951269721934e-05,2.19654617939478e-08,21.9654617939478,3.52326007174922e-07,0.000352326007174922,0.352326007174922,31.4714201302864,0.00209877650176929,-0.907608412289918,-0.0288836636999905,0.392000534375457,0.399773094852035,70.3306214055224,44.3374687249203
"368",2024-02-08 01:00:00,1.5239,6.035,4.614,14.895,110.607,8.517,12.199967,19.1749947222222,171.137311111111,1183.45761111111,173.748675,111.173325,2,35.5,0.0931,0.02882,0.265,0.10825,-1559.50775,279.185,-4.68401704461417,0.00924181489345868,18.9977829704164,1.89977829704164e-05,2.78287124063848e-08,27.8287124063848,4.46372546998411e-07,0.000446372546998411,0.446372546998411,39.12813160246,0.00205961567533385,-0.934019958848161,-0.0298664607922049,0.381407691456871,0.389834546364219,67.7332359000092,43.3392027191769
"369",2024-02-08 02:00:00,1.5302,6.043,4.616,14.769,108.327,8.502,11.9293531666667,20.1484613888889,170.151352222222,1212.33620555556,161.994866666667,107.678653333333,2,38,0.09485,-0.000905,0.26835,-0.0036,-1518.9158,279.193,-4.68346370809573,0.00924693014217878,19.9621499739534,1.99621499739534e-05,2.9241355767846e-08,29.241355767846,4.69031346516249e-07,0.000469031346516249,0.469031346516249,41.1046642762097,0.00205913012024471,-0.934359530421851,-0.0298732996785367,0.381275590724876,0.389710693762586,63.1311318746443,41.9635226939543
"370",2024-02-08 03:00:00,1.4953,4.7039,3.992,14.574,104.751,8.274,11.662029,18.8396171111111,190.891364444444,1193.21009444444,181.9195,113.506675,2.25,37,0.09455,-0.04129,0.26775,-0.15445,-1600.24415,277.8539,-4.77658483965944,0.00842472208988981,18.6808985726701,1.86808985726701e-05,2.736452746519e-08,27.36452746519,4.38927020541648e-07,0.000438927020541648,0.438927020541648,40.1189861639806,0.00214759402541129,-0.876887475828944,-0.0267382467873714,0.405098220058183,0.412074392554363,74.9643674562934,46.7731941514905
"371",2024-02-08 04:00:00,1.4293,3.7687,3.93,13.732,98.551,7.91,11.5508318888889,15.809139,271.034039444444,1040.02729,215.150675,121.41095,2,41.25,0.05235,-0.010955,0.1713,-0.04165,-1708.62855,276.9187,-4.84221983182533,0.00788952158853249,15.6844124565634,1.56844124565634e-05,2.29751547428723e-08,22.9751547428723,3.68521482075672e-07,0.000368521482075672,0.368521482075672,34.6225717061538,0.00220745098370997,-0.835988677360007,-0.0269665761302204,0.421913377126035,0.427734592371779,92.0273862696381,51.9316632077204
"372",2024-02-08 05:00:00,1.3545,2.5877,3.866,12.628,86.089,7.486,11.5368387777778,11.1888422944444,494.919287222222,804.799732222222,199.719025,117.8228675,2,41.75,0,0,0,0,-1718.162,275.7377,-4.92582126770703,0.00725676446010772,11.1076475013324,1.11076475013324e-05,1.62709263658517e-08,16.2709263658517,2.60985658908261e-07,0.000260985658908261,0.260985658908261,25.4047782314178,0.00228714300020508,-0.783432265906903,-0.0273530392203052,0.444508854039662,0.448719930596859,89.6179070368724,52.8694689273229
"373",2024-02-08 06:00:00,1.2723,1.7151,3.869,12.203,74.744,7.297,11.4856675555556,8.10746446666667,715.728311666667,638.257124444444,220.6033,121.966975,2,41.25,0.73365,-0.388165,1.4456,-0.26645,-2415.9477,274.8651,-4.98811027896803,0.00681853781496967,8.05218341361718,8.05218341361718e-06,1.1795160351603e-08,11.795160351603,1.89194372039712e-07,0.000189194372039712,0.189194372039712,18.9106120252937,0.00234850736178136,-0.743940613126188,-0.0280034750846718,0.462113804470994,0.465015402076882,102.583932248987,56.716521919726
"374",2024-02-08 07:00:00,1.2117,1.2113,3.939,12.107,72.704,7.201,11.4711316666667,8.51056697222222,859.295124444444,664.33933,203.370533333333,118.196533333333,2,44,0.8271,-0.24698,1.62325,-0.1519,-3630.2754,274.3613,-5.02427585279022,0.00657634736033085,8.45459852757953,8.45459852757953e-06,1.23846341071396e-08,12.3846341071396,1.98649531078519e-07,0.000198649531078519,0.198649531078519,20.1567122456986,0.00238411228870844,-0.720881866836887,-0.0288873538281145,0.472475577759809,0.474570798947216,96.5137164863215,56.0926232567913
"375",2024-02-08 08:00:00,1.1628,1.0634,3.988,12.078,50.442,7.138,11.5485159444444,11.9368779722222,921.520872222222,853.408225555556,194.90855,116.92395,2,38.75,0.4991,-0.126385,1.01645,-0.1179,-4339.19305,274.2134,-5.0349212771807,0.00650671066618178,11.8592081609995,1.18592081609995e-05,1.73718424825584e-08,17.3718424825584,2.78644353420237e-07,0.000278644353420237,0.278644353420237,28.3940391685286,0.00239426096439609,-0.714076432567488,-0.0293598609704864,0.475477225740029,0.477328305666267,93.0353679313689,55.8111109453073
"376",2024-02-08 09:00:00,1.1776,1.3136,4,12.342,38.036,7.126,12.8903033888889,18.2005248333333,1030.02208166667,1136.62365277778,226.468433333333,123.842,2,44.6666666666667,0.13945,-0.02625,0.351,-0.06855,-4549.8372,274.4636,-5.01692012409321,0.00662489953622268,18.079948184806,1.8079948184806e-05,2.64842312990312e-08,26.4842312990312,4.2480707003646e-07,0.00042480707003646,0.42480707003646,42.9493533092065,0.00237552413702713,-0.725579469852583,-0.0292564802295681,0.470087726258169,0.472348415393124,106.972005621563,58.4965724591152
"377",2024-02-08 10:00:00,1.2409,1.5879,4,12.616,38.345,7.149,15.8164495555556,20.1335881111111,1037.40431666667,1117.94546666667,243.2112,127.848175,2.25,46.5,0.12855,-0.00205,0.33075,-0.0078,-4594.06625,274.7379,-4.99722734867552,0.00675665525351281,19.9975523972281,1.99975523972281e-05,2.92932146535556e-08,29.2932146535556,4.69863163043032e-07,0.000469863163043032,0.469863163043032,47.1041901762972,0.00235549777495902,-0.738136617423336,-0.0290478411212279,0.464318537738712,0.467017755773035,113.583948802867,59.7073677681782
"378",2024-02-08 11:00:00,1.3394,3.4526,4.087,13.866,46.321,7.681,18.184976,22.4061587222222,869.656989444444,1253.17152222222,288.1305,137.3086,3,55,0.42975,0.14329,0.88825,0.1238,-4462.88485,276.6026,-4.86451749790274,0.00771555045551772,22.2332828740866,2.22332828740866e-05,3.2568202085277e-08,32.568202085277,5.22393961447843e-07,0.000522393961447843,0.522393961447843,49.4815914768846,0.00222556388802828,-0.822021590059226,-0.028274461403364,0.427288413861847,0.432689314384268,124.670988498196,59.4119639930638
"379",2024-02-08 12:00:00,1.4239,6.6498,4.656,16.018,126.882,8.746,19.8687647777778,25.4495517777778,213.676264444444,1371.92847222222,342.63495,146.80665,3,59.25,1.1517,0.56338,2.22365,0.25295,-3075.0795,279.7998,-4.64159692442452,0.00964228779070191,25.2041598753921,2.52041598753921e-05,3.69200615518693e-08,36.9200615518693,5.92197787291984e-07,0.000592197787291984,0.592197787291984,51.0239426955877,0.00202442544991966,-0.959984850650578,-0.0296696169773989,0.371705104981795,0.38075421575283,130.45970167676,55.8972508880501
"380",2024-02-08 13:00:00,1.4928,7.0099,4.673,16.235,119.49,8.78,20.6360254444444,28.8462698888889,134.477576666667,1442.71216666667,387.5521,155.41985,3,72.75,0.70065,0.42691,1.3893,0.2245,-921.89109,280.1599,-4.61684797802595,0.00988390176505193,28.5611561910189,2.85611561910189e-05,4.18375240348522e-08,41.8375240348522,6.71073885519029e-07,0.000671073885519029,0.671073885519029,57.2483381945974,0.00200441248987669,-0.975070038356122,-0.0295068413494389,0.366199548488922,0.37559739661249,145.563559811703,58.3752910419037
"381",2024-02-08 14:00:00,1.5559,6.8001,4.729,15.775,91.548,8.734,21.5105925555556,29.5020718333333,126.26186,1484.22013333333,328.8111,146.13975,3,70.25,0.11605,0.02767,0.30775,0.0882,-465.231675,279.9501,-4.63125839192677,0.00974249198496146,29.2146481349573,2.92146481349573e-05,4.27947851740109e-08,42.7947851740109,6.86428354191135e-07,0.000686428354191135,0.686428354191135,58.8709480034594,0.0020151174757096,-0.966292174395868,-0.0300198841062946,0.369238663855054,0.378430901958956,124.432281147116,55.3037974045563
"382",2024-02-08 15:00:00,1.5782,6.4695,4.772,15.783,74.488,8.736,21.9697361111111,28.1523027777778,118.845590555556,1426.81754444444,281.865075,137.1555,3,63.5,0.09595,0.012515,0.2707,0.046,-383.802845,279.6195,-4.65401554673408,0.0095232843206596,27.8842003941437,2.78842003941437e-05,4.08458921053575e-08,40.8458921053575,6.55168109369934e-07,0.000655168109369934,0.655168109369934,56.6840757996746,0.00203283848912445,-0.952397725756988,-0.030548680512653,0.374206907373843,0.383069918859309,107.974031409523,52.540146256108
"383",2024-02-08 16:00:00,1.5634,6.7534,4.747,15.769,96.639,8.741,20.3327531111111,26.6602138333333,115.247225,1385.70543888889,329.6819,146.6205,3,60.25,0.09315,-0.01926,0.26515,-0.0727,-402.00729,279.9034,-4.63446935840964,0.00971125934038739,26.4013095827276,2.64013095827276e-05,3.86736943291628e-08,38.6736943291628,6.20326057039771e-07,0.000620326057039771,0.620326057039771,53.2630131219877,0.00201743829998621,-0.96433410442247,-0.0301699277938715,0.369906860941969,0.379052491528406,124.966745606819,55.5768658341407
"384",2024-02-08 17:00:00,1.5006,6.8993,4.675,15.423,110.173,8.67,18.8008577222222,25.6491796666667,121.530243333333,1403.60049444444,279.316975,133.831,3,62.25,0.09525,-0.05324,0.26935,-0.1972,-531.949375,280.0493,-4.62444166755559,0.00980913073777307,25.3975835099997,2.53975835099997e-05,3.7203396228788e-08,37.203396228788,5.96742475509759e-07,0.000596742475509759,0.596742475509759,51.0598570045933,0.00201042185704359,-0.97044644858719,-0.02960242380136,0.367861462463789,0.37715301138554,105.34523825235,50.4747646667382
"385",2024-02-08 18:00:00,1.43,6.7755,4.538,14.881,133.806,8.505,17.7062292777778,23.4092980555556,136.349436666667,1290.88108888889,232.82435,123.057675,2.25,56.5,0.05815,-0.01755,0.18645,-0.06755,-679.02317,279.9255,-4.63294967144976,0.00972602863392537,23.1816185523671,2.31816185523671e-05,3.39573621202495e-08,33.9573621202495,5.44676088408801e-07,0.000544676088408801,0.544676088408801,46.8063754626892,0.00201911593692019,-0.965260918417513,-0.0288254190459931,0.370061401369938,0.379240793736703,88.296491295232,46.6684903423933
"386",2024-02-08 19:00:00,1.36,6.3205,4.402,14.176,123.959,8.211,16.8180852777778,19.9338582777778,173.109815,1027.01007166667,239.192766666667,124.857266666667,2,45.3333333333333,0,0,0,0,-694.175,279.4705,-4.66429191652148,0.00942592065973051,19.7459633112091,1.97459633112091e-05,2.89246768967916e-08,28.9246768967916,4.63951817424537e-07,0.000463951817424537,0.463951817424537,40.4081392782485,0.00204639999788261,-0.946110521083646,-0.0282872806115693,0.377419566565826,0.386152791425718,92.3649545371737,48.2139820531185
"387",2024-02-08 20:00:00,1.285,5.7674,4.29,13.396,112.41,7.837,16.3769458333333,16.0601569444444,297.557998333333,851.707873333333,214.9187,119.374625,2,48,0,0,0,0,-694.175,278.9174,-4.70254673703626,0.00907214373966476,15.9144568921629,1.59144568921629e-05,2.33121330339159e-08,23.3121330339159,3.7392661386401e-07,0.00037392661386401,0.37392661386401,33.0967842312648,0.00207966784261192,-0.922635258312518,-0.027959916533629,0.386510913410016,0.394671861760742,84.8223634561985,47.1138054957405
"388",2024-02-08 21:00:00,1.2338,5.1633,4.14,12.637,92.743,7.542,16.1127891666667,13.9077182222222,519.767394444444,782.877663888889,217.859425,119.357825,2,42.25,0,0,0,0,-694.175,278.3133,-4.74452450222956,0.00869919790363086,13.7867322290192,1.37867322290192e-05,2.01953568383565e-08,20.1953568383565,3.23933523687237e-07,0.000323933523687237,0.323933523687237,29.1934715616058,0.00211750479204619,-0.896748026225684,-0.0274036539461165,0.396867947261884,0.404369862956913,88.0957858311219,48.2647073380852
"389",2024-02-08 22:00:00,1.2279,4.7168,4.064,12.103,68.308,7.392,16.1446006666667,13.4321383333333,692.329158888889,761.546050555556,222.8067,121.902466666667,2,42.6666666666667,0.07965,-0.00967,0.22185,-0.03525,-705.909835,277.8668,-4.77568295465456,0.00843232364768367,13.3188741956262,1.33188741956262e-05,1.95100196767211e-08,19.5100196767211,3.12940715614606e-07,0.000312940715614606,0.312940715614606,28.5786255026904,0.00214572381140708,-0.877447223686392,-0.0272114534826909,0.404679988051971,0.411668069939737,91.7224041586421,50.1833531735599
"390",2024-02-08 23:00:00,1.2713,5.6152,4.479,13.406,80.065,8.085,16.2470669444444,15.9824133333333,501.159303888889,856.824635555556,242.315675,125.87675,2,49,0.10075,0.00307,0.27945,0.01115,-731.453005,278.7652,-4.71310353560949,0.00897687469938715,15.8389412114462,1.58389412114462e-05,2.32015146441748e-08,23.2015146441748,3.72152294892564e-07,0.000372152294892564,0.372152294892564,33.0370406358046,0.00208581117858623,-0.9161375101366,-0.0293057367710861,0.388507328059743,0.396493952070437,96.0766996293657,49.9093700812824
"391",2024-02-09,1.3387,6.2764,4.695,14.452,112.912,8.565,16.4447707777778,20.7877504444444,163.941646666667,1040.34602611111,221.70735,123.5429,2.25,48,0.79255,0.232355,1.55865,0.13975,-348.965805,279.4264,-4.66733581232604,0.00939727276240666,20.5924022834012,2.05924022834012e-05,3.01645745608174e-08,30.1645745608174,4.8383977595551e-07,0.00048383977595551,0.48383977595551,42.1065247748517,0.00204476020793321,-0.944246687126288,-0.0302040521554934,0.377399587413678,0.386071418899833,85.594871195022,47.6963826980002
"392",2024-02-09 01:00:00,1.3846,6.3274,4.68,14.308,121.45,8.552,16.6535027777778,21.7184254444444,155.757992222222,1073.92414444444,219.224575,121.095475,2,42,0.85395,0.298155,1.67265,0.1768,508.876175,279.4774,-4.6638157585478,0.00943040995568707,21.5136117889113,2.15136117889113e-05,3.15139990928688e-08,31.5139990928688,5.05484545449616e-07,0.000505484545449616,0.505484545449616,43.9328797766357,0.00204209689231633,-0.946402017723763,-0.0300684196755633,0.37663812339998,0.385362780408953,84.4809917559711,46.6656889409429
"393",2024-02-09 02:00:00,1.4203,6.3259,4.67,13.829,107.358,8.503,16.8383512222222,22.4662174444444,158.092532777778,1111.67662777778,255.074475,128.86845,2,49,0.2869,0.095225,0.62365,0.1113,1422.2441,279.4759,-4.66391926889929,0.00942943386116687,22.2543737329415,2.22543737329415e-05,3.2599096818962e-08,32.599096818962,5.2288951297615e-07,0.00052288951297615,0.52288951297615,45.4505969290094,0.00204232199361927,-0.946338651734266,-0.0300053185173334,0.376685758761262,0.385409450657099,98.308113286398,49.6671185215319
"394",2024-02-09 03:00:00,1.4328,6.3318,4.697,13.972,84.05,8.514,17.0121843888889,24.4491170555556,158.049293333333,1171.85538888889,234.0136,124.55275,2,45.75,0.0999,0.014145,0.2779,0.04925,1565.05445,279.4818,-4.66351213539901,0.00943327368114689,24.2184818431081,2.42184818431081e-05,3.54762009430585e-08,35.4762009430585,5.69038263126658e-07,0.000569038263126658,0.569038263126658,49.4446990680228,0.00204161017971047,-0.946587882174363,-0.0301742571357324,0.376528273362228,0.385256450998233,90.1552490213202,47.9847504270702
"395",2024-02-09 04:00:00,1.391,6.1961,4.688,13.531,91.826,8.431,17.1408908333333,25.4795329444444,160.179062777778,1186.5691,204.538725,118.710675,2,47,0.1399,-0.062885,0.35195,-0.1037,1522.75075,279.3461,-4.67288110405495,0.00934530636161818,25.2414189031277,2.52414189031277e-05,3.69746400660575e-08,36.9746400660575,5.93073226659563e-07,0.000593073226659563,0.593073226659563,51.7297502828425,0.00204939946052053,-0.940849391620915,-0.030220874997754,0.378677535218821,0.387267408460517,79.2111819605685,45.9727754638487
"396",2024-02-09 05:00:00,1.3288,5.8383,4.629,12.557,99.06,8.101,17.1999531111111,22.2981900555556,230.121188888889,1093.62136666667,291.88245,137.074,2,50,0.69225,-0.326615,1.3739,-0.22935,816.201245,278.9883,-4.69763344226405,0.00911682753805163,22.0949013024084,2.20949013024084e-05,3.23654952238199e-08,32.3654952238199,5.1914254339007e-07,0.00051914254339007,0.51914254339007,45.7518747129792,0.00207069830667188,-0.925656535104586,-0.0301146411184122,0.384515500973717,0.392734123889093,114.632198279352,53.8336372979735
"397",2024-02-09 06:00:00,1.2423,5.3185,4.534,11.314,96.185,7.566,17.3001972222222,17.3886827777778,514.718185555556,956.940129444444,226.6251,123.3714,2,45,0.69,-0.35525,1.36935,-0.2588,-494.650805,278.4685,-4.73372038558671,0.00879369460899865,17.2357720117772,1.72357720117772e-05,2.52476482737318e-08,25.2476482737318,4.04972278310658e-07,0.000404972278310658,0.404972278310658,36.2378173920109,0.00210247718333994,-0.903423502543653,-0.0298922282280262,0.393247642973555,0.400904562575074,90.8550365840324,49.4601571512745
"398",2024-02-09 07:00:00,1.1764,4.8849,4.421,10.709,98.398,7.322,17.3427373888889,13.4411002777778,874.612429444445,842.376317777778,298.234175,137.927175,2,53.5,0.7984,-0.261545,1.57045,-0.1687,-1552.3287,278.0349,-4.76393908963915,0.00853193548646388,13.3264216773407,1.33264216773407e-05,1.95210755298357e-08,19.5210755298357,3.13118051498565e-07,0.000313118051498565,0.313118051498565,28.3872254239224,0.00213014611958363,-0.884730399490806,-0.0294739558188001,0.400835421825031,0.40800379433857,121.680675001433,56.2748107423999
"399",2024-02-09 08:00:00,1.1185,4.6315,4.327,10.571,80.097,7.211,17.440291,14.6656692222222,1053.88312055556,930.37204,246.5317,129.107525,2,48,0.56085,-0.15688,1.1309,-0.1335,-2384.4373,277.7815,-4.78164833020097,0.0083821714081183,14.5427390689868,1.45427390689868e-05,2.13027858978146e-08,21.3027858978146,3.41696685800946e-07,0.000341696685800946,0.341696685800946,31.2236729756237,0.00214702834366395,-0.873743729816592,-0.0290361915920325,0.40544099756232,0.412315608509455,101.64886790237,53.2330477335247
"400",2024-02-09 09:00:00,1.0713,4.5625,4.245,10.915,62.218,7.175,17.9585188333333,22.4005535,1141.82021111111,1236.77384444444,230.399175,125.081425,2,48.25,0.1328,-0.037305,0.33825,-0.10485,-2663.2319,277.7125,-4.78647679619315,0.00834179593320318,22.2136926539122,2.22136926539122e-05,3.25395055471567e-08,32.5395055471567,5.21933668976394e-07,0.000521933668976394,0.521933668976394,47.8152473187924,0.00215251232938848,-0.870744116012649,-0.0285366545271093,0.406862181800157,0.413658113355944,95.3064880492659,51.740946281373
"401",2024-02-09 10:00:00,1.0881,4.7797,4.165,11.539,49.882,7.184,19.0783669444444,31.3035301111111,1149.70515,1437.74185,200.0686,119.197,2.75,46.25,0.1005,-0.00698,0.2786,-0.02495,-2731.952,277.9297,-4.77128674035751,0.00846947555310557,31.0384056281091,3.10384056281091e-05,4.54662981002794e-08,45.4662981002794,7.29279421528482e-07,0.000729279421528482,0.729279421528482,66.4334060405393,0.00214036142308726,-0.880174827617424,-0.0278425705303731,0.403323060931852,0.410380586959075,82.1042695000805,48.9161348237609
"402",2024-02-09 11:00:00,1.1547,5.9695,4.429,14.281,97.999,7.959,20.6007781111111,33.6595828333333,568.825668333333,1499.41833333333,234.087375,125.727575,3,43,0.12785,0.004335,0.3294,0.01065,-2749.3117,279.1195,-4.68854883014394,0.00920002772764537,33.3499137379657,3.33499137379657e-05,4.88522876399217e-08,48.8522876399217,7.83590693744343e-07,0.000783590693744343,0.783590693744343,68.9010278201631,0.00206600317954424,-0.931238018788392,-0.0287169882883135,0.382910113832924,0.391278343466918,91.5933203165193,49.1944772741127
"403",2024-02-09 12:00:00,1.2506,7.1926,4.705,16.285,191.504,8.786,21.84265,31.547796,146.748381111111,1530.44741666667,256.446975,130.297625,3,49.75,0.60365,0.210545,1.2097,0.1477,-2497.6172,280.3426,-4.60431874967762,0.0100085184713123,31.2320493010048,3.12320493010048e-05,4.57499550980839e-08,45.7499550980839,7.33829279773265e-07,0.000733829279773266,0.733829279773266,62.2790387527235,0.00199407468118718,-0.982689086779224,-0.0295716698572635,0.363396499160655,0.372965474668116,95.6458677580775,48.5965155562532
"404",2024-02-09 13:00:00,1.3387,7.68,4.688,15.416,100.733,8.711,23.0565420555556,30.4827268333333,124.796212777778,1422.98421666667,289.141225,136.983775,3,53.25,1.1316,0.55457,2.1864,0.25335,-1008.153725,280.83,-4.57098356942083,0.010347777448924,30.1672983600257,3.01672983600257e-05,4.41902653297e-08,44.1902653297,7.08811855888388e-07,0.000708811855888388,0.708811855888388,59.3789810082198,0.00196832279442372,-1.00290157170416,-0.0291041823806401,0.356291610048124,0.366309254438274,105.915106557119,50.1784244903903
"405",2024-02-09 14:00:00,1.4062,7.6903,4.649,15.051,72.886,8.665,24.0586128888889,29.5987985555556,119.597381111111,1359.2865,357.1487,149.5351,3,59.25,0.46935,0.245135,0.9611,0.1476,755.183865,280.8403,-4.57028051849055,0.0103550550213618,29.2923013679466,2.92923013679466e-05,4.29085347358229e-08,42.9085347358229,6.88252897162599e-07,0.000688252897162599,0.688252897162599,57.6561392163816,0.00196830349695475,-1.00332693937973,-0.028854567923669,0.356228996153357,0.366258312825947,130.80868028998,54.7684734342593
"406",2024-02-09 15:00:00,1.4732,7.2394,4.674,15.517,81.777,8.735,25.0164550555556,31.4998233888889,104.302868111111,1363.81560555556,275.8491,135.56805,3.5,54.75,0.0943,0.01755,0.2673,0.0659,961.017285,280.3894,-4.60111225045565,0.0100406622846824,31.1835443002139,3.11835443002139e-05,4.56789030327253e-08,45.6789030327254,7.32689604644915e-07,0.000732689604644915,0.732689604644915,62.1168604134563,0.00199197563354048,-0.984637030722517,-0.0293420446184566,0.362772604337585,0.372387306852107,102.722703446577,50.4838210346917
"407",2024-02-09 16:00:00,1.4901,7.0595,4.737,15.706,74.581,8.766,24.6674379444444,34.7931072777778,92.5579137222222,1380.83911111111,239.84795,127.979925,3,50.25,0.093,0.002435,0.26465,0.0089,1016.22918,280.2095,-4.61344468215744,0.00991759691149471,34.4480432644984,3.44480432644984e-05,5.04608716955678e-08,50.4608716955678,8.09392381996908e-07,0.000809392381996908,0.809392381996908,68.9249708369223,0.0020008384890748,-0.977140779368945,-0.0298733647104083,0.365308110152422,0.374749415675472,89.8828791134598,47.9604021119407
"408",2024-02-09 17:00:00,1.4541,7.1799,4.692,15.368,82.471,8.728,23.8238403888889,34.7491291666667,96.7539168333333,1361.54381111111,283.291025,135.93085,3,56.75,0.0923,-0.032615,0.26365,-0.1237,959.234995,280.3299,-4.60518909742169,0.0099998113695833,34.4016444297427,3.44016444297427e-05,5.03929048264643e-08,50.3929048264643,8.08302193416488e-07,0.000808302193416488,0.808302193416488,68.629125483084,0.00199493735316179,-0.982160215581594,-0.0294994483339722,0.363614999814106,0.373172822758149,105.716511461299,50.7256989944146
"409",2024-02-09 18:00:00,1.3833,7.4202,4.645,14.12,97.017,8.501,22.8123637777778,30.6561938888889,121.491481666667,1336.85423333333,279.974525,133.727025,3,57.75,0.0954,-0.05458,0.2693,-0.2023,791.508745,280.5702,-4.58873606597078,0.0101656995181016,30.3445522334458,3.03445522334458e-05,4.44499138936407e-08,44.4499138936407,7.12976618853997e-07,0.000712976618853997,0.712976618853997,60.1634999682346,0.00198267878548303,-0.992148141935765,-0.0290269563743134,0.360171454535618,0.369955617914513,103.578148396697,49.4730641657445
"410",2024-02-09 19:00:00,1.3037,7.5171,4.633,12.916,97.96,8.169,21.7841976666667,24.6764221111111,173.960773333333,1290.15549444444,208.858025,117.71245,3,46,0.03785,-0.012975,0.12095,-0.0478,650.603265,280.6671,-4.58211042493675,0.0102332774195018,24.4239014379274,2.44239014379274e-05,3.57771077823335e-08,35.7771077823335,5.7386480882863e-07,0.00057386480882863,0.57386480882863,48.3026917641561,0.00197768124338841,-0.996164407358243,-0.0288811882675288,0.358780106229543,0.368653750514874,76.9962942413792,43.3951361747945
"411",2024-02-09 20:00:00,1.2351,7.3869,4.644,12.01,100.071,7.822,20.8308788333333,19.6477663888889,308.516554444444,1180.98586666667,219.792225,120.443675,3,40.5,0.747,-0.460415,1.456,-0.2495,-23.83788,280.5369,-4.59101417933129,0.0101425672614086,19.4484875967531,1.94484875967531e-05,2.84889225712279e-08,28.4889225712279,4.56962318042495e-07,0.000456962318042495,0.456962318042495,38.5949603843466,0.00198447103880663,-0.990766437807061,-0.0290451429150754,0.360662889612598,0.370416434182539,81.4146522455463,44.6143166133406
"412",2024-02-09 21:00:00,1.1565,7.0517,4.604,11.241,105.688,7.533,20.0342781666667,16.3553146666667,605.852293888889,1108.32768333333,187.91314,112.7705125,3,42.5,0.98795,-0.364655,1.9207,-0.1894,-1712.73282,280.2017,-4.61397978797074,0.00991229136742921,16.1931960222847,1.61931960222847e-05,2.37204412612835e-08,23.7204412612835,3.80475877830987e-07,0.000380475877830987,0.380475877830987,32.4363622447631,0.00200308587632268,-0.976815252132816,-0.0290403568060689,0.365731577688777,0.37517338389924,70.5000086129317,42.3084947786766
"413",2024-02-09 22:00:00,1.1102,6.6787,4.528,10.551,102.788,7.335,19.3831214444444,15.0096969444444,889.162347222222,1055.09448888889,226.126825,122.2796,3,39.25,0.94345,-0.242185,1.83845,-0.13165,-2747.7787,279.8287,-4.63960803861192,0.00966148428337695,14.8646809933174,1.48646809933174e-05,2.17743793062511e-08,21.7743793062511,3.49261044072268e-07,0.000349261044072268,0.349261044072268,30.0950981875926,0.00202460437604561,-0.96119886250618,-0.0288327578146164,0.371564941833633,0.380649952915545,86.0751652891916,46.5457239825316
"414",2024-02-09 23:00:00,1.1039,6.3248,4.447,10.212,93.935,7.229,18.7852120555556,15.9617445555556,1084.90211666667,1087.03815,213.046675,119.8036,3,41.25,0.3554,-0.05747,0.75015,-0.0726,-3300.8888,279.4748,-4.66399517728534,0.00942871811523456,15.8112457655138,1.58112457655138e-05,2.31609452471553e-08,23.1609452471553,3.71501561764371e-07,0.000371501561764371,0.371501561764371,32.3422702042349,0.00204552321075024,-0.946292182337345,-0.0285733177921418,0.377243089297768,0.385978169258195,82.2313655830456,46.2415741985411
"415",2024-02-10,1.1491,6.1318,4.389,10.104,96.551,7.201,18.2213539444444,17.079964,1210.25187777778,1114.68417222222,161.9622225,108.2348375,2,40,0.10565,-0.00362,0.28845,-0.01285,-3379.11885,279.2818,-4.67732406883771,0.00930387759642567,16.9210541055926,1.69210541055926e-05,2.47866368960363e-08,24.7866368960363,3.97577655812423e-07,0.000397577655812423,0.397577655812423,34.81146362408,0.0020572869400952,-0.938125745564413,-0.0283398734657375,0.380425232495215,0.388965197498379,62.9976678619889,42.0995849443924
"416",2024-02-10 01:00:00,1.2117,6.717,4.04,12.272,100.906,7.754,17.7757858888889,19.8041762222222,1003.11246555556,1142.01961666667,186.745655,112.41705,2.25,40,0.13165,0.016725,0.3364,0.04855,-3360.88965,279.867,-4.63697296133047,0.00968697661322911,19.6123336303133,1.96123336303133e-05,2.87289307950281e-08,28.7289307950281,4.60812049952251e-07,0.000460812049952251,0.460812049952251,39.7987878373238,0.0020292734453492,-0.962806843292036,-0.025700301471612,0.372131815488081,0.381282865843685,71.2029185222562,42.8626949936929
"417",2024-02-10 02:00:00,1.2706,6.832,4.34,11.656,85.064,7.65,17.4828256666667,24.3417672777778,613.949527222222,1198.85454444444,186.7614,114.942825,2,35.75,0.1901,0.053025,0.4448,0.11765,-3242.1613,279.982,-4.62906572696945,0.00976387744251356,24.1040972453434,2.41040972453434e-05,3.53086458088688e-08,35.3086458088688,5.66350678774255e-07,0.000566350678774255,0.566350678774255,48.6600480897888,0.00201874592499785,-0.967628824224015,-0.027528181116632,0.369665400545431,0.378911433920963,70.7660298750865,43.5531506396763
"418",2024-02-10 03:00:00,1.3022,7.0598,4.543,12.454,67.897,8.002,17.3074260555556,24.4998407777778,390.723630555556,1183.69869444444,206.182975,117.990425,2,35.5,0.18655,0.044915,0.4382,0.1008,-3041.9336,280.2098,-4.61342410183459,0.00991780102093922,24.2568562318991,2.42568562318991e-05,3.55324132827351e-08,35.5324132827351,5.6993990905507e-07,0.00056993990905507,0.56993990905507,48.598188133965,0.00200348254816532,-0.977153298801603,-0.0286497073597483,0.365750816691604,0.375203965568336,77.360669852677,44.2704753590933
"419",2024-02-10 04:00:00,1.301,7.0737,4.639,12.495,60.306,8.032,17.1305870555556,23.3691116111111,335.138350555556,1129.26257777778,179.71467,111.6654025,2,39,0.0994,0.01148,0.2768,0.04085,-2952.5675,280.2237,-4.61247060129027,0.00992726215939559,23.1371203137154,2.31371203137154e-05,3.38921793203429e-08,33.8921793203429,5.436305562983e-07,0.0005436305562983,0.5436305562983,46.3068840358624,0.00200141086738492,-0.977733297165358,-0.0292448099548795,0.365321274983061,0.374781912372216,67.3538077039417,41.8501730947632
"420",2024-02-10 05:00:00,1.269,6.9272,4.143,12.45,63.486,7.903,16.9787439444444,24.1382877222222,320.064556111111,1118.41046111111,249.818133333333,130.292766666667,2,47,0.08315,-0.01768,0.24705,-0.06645,-2959.585,280.0772,-4.62252544347931,0.00982794525071745,23.9010579520422,2.39010579520422e-05,3.50112257304694e-08,35.0112257304694,5.6158006071673e-07,0.00056158006071673,0.56158006071673,48.1901868946332,0.0020162365612153,-0.971613601287089,-0.0262151924917662,0.368679051047591,0.378028908350966,94.4384762302762,49.2544323490272
"421",2024-02-10 06:00:00,1.1889,6.3128,3.99,11.311,72.441,7.492,16.898345,24.1944335555556,557.367597222222,1090.92043333333,198.985275,117.3459,2,39.75,0.0202,-0.00464,0.06045,-0.0168,-2994.50745,279.4628,-4.66482331246664,0.00942091309438273,23.9664998996608,2.39664998996608e-05,3.51070877130192e-08,35.1070877130192,5.63117686916828e-07,0.000563117686916828,0.563117686916828,49.1948753503859,0.00205265164109683,-0.945785188239348,-0.0256448008217082,0.378541340908519,0.387289851898404,77.0649776847133,45.446876231885
"422",2024-02-10 07:00:00,1.111,5.703,4.003,10.293,86.851,7.238,16.8563867777778,20.6980660555556,1038.028755,974.391371666667,215.9166,123.03615,2,41.5,0.0143,0,0.0404,0,-3006.765,278.853,-4.70701202569728,0.00903172430888858,20.5111268292146,2.05111268292146e-05,3.00455190245067e-08,30.0455190245067,4.81930125153088e-07,0.000481930125153088,0.481930125153088,42.8181410232385,0.0020875567383383,-0.91988788486011,-0.0261324612346329,0.388283185479026,0.396390009593201,85.5871831453314,48.7703006788105
"423",2024-02-10 08:00:00,1.0308,5.3839,4.074,9.804,84.064,7.113,17.0246971666667,20.9947420555556,1376.77337222222,997.513591666667,226.611175,123.60675,2,44.25,0.0143,0,0.04045,0,-3006.765,278.5339,-4.72917167676173,0.00883378567702236,20.8092790038924,2.08092790038924e-05,3.04822642560618e-08,30.4822642560618,4.8893551866723e-07,0.00048893551866723,0.488935518667231,43.8100548809878,0.00210531344564091,-0.906231357707426,-0.0268144390268202,0.393353808225697,0.401106975233225,90.8953229582971,49.5795296109095
"424",2024-02-10 09:00:00,0.9604,5.4541,4.157,9.781,67.545,7.051,17.6403974444444,34.9747095,1625.83880555556,1326.43075,287.669275,135.87905,2,51.5,0.3333,-0.066265,0.66765,-0.0467,-3058.21065,278.6041,-4.72429179154924,0.0088769988886678,34.664239042637,3.4664239042637e-05,5.07775639192164e-08,50.7775639192164,8.14472125264231e-07,0.000814472125264231,0.814472125264231,72.7930549719299,0.00209994671691464,-0.909241909775091,-0.0273114939466017,0.391976494608985,0.399803252797698,115.011111874955,54.324886177061
"425",2024-02-10 10:00:00,0.9079,5.695,4.222,10.091,57.147,7.021,18.7391547222222,63.445458,1803.71012777778,1509.29286666667,254.38075,130.0616,2.25,55.5,0.68225,-0.09309,1.3552,-0.0684,-3419.90115,278.845,-4.70756688202125,0.00902671438961311,62.8727539713158,6.28727539713158e-05,9.20985249273422e-08,92.0985249273423,1.47726033983457e-06,0.00147726033983457,1.47726033983457,131.081016800644,0.00208486201925316,-0.919546391201472,-0.027567789094585,0.387858700251508,0.395945302111044,100.720862909984,51.4972795050458
"426",2024-02-10 11:00:00,0.935,6.0029,4.23,10.491,54.313,7.021,20.1437251666667,87.5123667222222,1807.50937777778,1288.35939444444,263.797675,131.3544,2.75,48.5,0.6502,-0.050605,1.2959,-0.0381,-3676.12315,279.1529,-4.68623766637698,0.00922131508797411,86.7053876145823,8.67053876145823e-05,1.27009519993345e-07,127.009519993345,2.03723270069325e-06,0.00203723270069325,2.03723270069325,179.21348226271,0.00206692441142573,-0.932656974024049,-0.0274032959760205,0.382869809716258,0.391283974756513,103.219802805527,51.3968717337569
"427",2024-02-10 12:00:00,1.0106,6.3979,4.202,11.072,46.71,7.057,21.6471042222222,91.7569583888889,1634.49817222222,1336.86286111111,289.478575,137.152975,3,60,0.31645,-0.00845,0.6785,-0.0099,-3775.7629,279.5479,-4.6589521825533,0.00947638718693343,90.8874339241004,9.08874339241004e-05,1.33135548709379e-07,133.135548709379,2.13549420129844e-06,0.00213549420129844,2.13549420129844,185.851376271363,0.00204485227767093,-0.949378436757286,-0.0269488545325392,0.376692041541029,0.385515171735337,111.598382554826,52.8745527111374
"428",2024-02-10 13:00:00,1.1028,6.7053,4.03,11.842,43.818,7.167,22.8313409444444,99.9338530555556,1468.56047777778,1336.61551111111,396.636875,156.49495,3,76,0.43345,0.05012,0.89475,0.04495,-3735.3805,279.8553,-4.63777784657317,0.00967918284575332,98.9665750193502,9.89665750193502e-05,1.44970197751345e-07,144.970197751345,2.32532197193157e-06,0.00232532197193157,2.32532197193157,200.908358567499,0.00203006276137389,-0.962315741251402,-0.0256443135283572,0.37233546077809,0.381475570480288,151.307278164144,59.6990003285342
"429",2024-02-10 14:00:00,1.1687,7.5497,4.365,14.456,52.532,8.262,24.0122905555556,92.3358517777778,569.014968333333,1332.33516666667,395.454975,155.920825,3,74.5,0.72455,0.15051,1.4334,0.0805,-3362.08605,280.6997,-4.57988252340249,0.0102561015692647,91.3888459034603,9.13888459034603e-05,1.33870037033225e-07,133.870037033225,2.14727539401293e-06,0.00214727539401293,2.14727539401293,180.910405331847,0.00197956767637654,-0.99751413577188,-0.0271881452756506,0.358903301816605,0.368823170964417,145.852957853154,57.5072130958879
"430",2024-02-10 15:00:00,1.2852,7.7939,4.708,15.302,85.742,8.726,24.927277,70.9322955555556,121.555457777778,1445.16336666667,382.074325,154.352175,3,70.75,0.3932,0.19538,0.82025,0.1716,-2576.96665,280.9439,-4.56321228422194,0.0104285062548095,70.1925776676865,7.01925776676865e-05,1.02820895470734e-07,102.820895470734,1.64924716335057e-06,0.00164924716335057,1.64924716335057,137.722835130237,0.00196207120049444,-1.00760132296313,-0.0291445804913545,0.354606731041206,0.364724869064498,139.352008158531,56.2960768166954
"431",2024-02-10 16:00:00,1.339,7.7246,4.731,14.831,80.399,8.678,25.4631455555556,59.1974997777778,104.363587222222,1485.91633333333,363.4959,151.4298,3,76.5,0.0955,0.025455,0.2698,0.09415,-2373.98535,280.8746,-4.56793970941561,0.0103793226196996,58.5830698293046,5.85830698293046e-05,8.58148240087586e-08,85.8148240087586,1.37646977710049e-06,0.00137646977710049,1.37646977710049,115.139139819604,0.00196539956262259,-1.00474292699672,-0.0293381359759163,0.355552961630049,0.365607892647467,132.896969984994,55.3639300620273
"432",2024-02-10 17:00:00,1.3718,7.7137,4.727,14.67,82.613,8.661,25.6932909444444,53.7196557777778,102.062125,1502.14146666667,434.558775,162.4608,3,87.75,0.09375,0.01954,0.2665,0.07295,-2251.739,280.8637,-4.56868351187276,0.0103716053245396,53.1624967098805,5.31624967098805e-05,7.78745516805014e-08,77.8745516805014,1.24910780895524e-06,0.00124910780895524,1.24910780895524,104.518857150014,0.00196602612026286,-1.00429303645209,-0.0293213845447596,0.355718916284254,0.365764345552209,158.946105941844,59.4223681898882
"433",2024-02-10 18:00:00,1.3193,7.9355,4.616,14.315,75.65,8.598,25.789591,50.660497,110.055321666667,1501.98993333333,380.550075,155.1487,3,82,0.08155,-0.02742,0.2436,-0.10195,-2302.952,281.0855,-4.5535609477345,0.0105296425417907,50.1270600756005,5.01270600756005e-05,7.34281226811427e-08,73.4281226811427,1.17778708780553e-06,0.00117778708780553,1.17778708780553,98.0436417364145,0.00195590249235737,-1.01343156257948,-0.0284734079683078,0.352782002120734,0.363030955361917,138.151457290299,56.3237807841594
"434",2024-02-10 19:00:00,1.2853,8.0383,4.573,13.275,71.325,8.378,25.7467445,46.6098652222222,137.958347777778,1488.19377222222,425.3794,158.41,3,82.5,0.15365,-0.084625,0.377,-0.158,-2447.56315,281.1883,-4.54656104726664,0.0106036075626481,46.1156325028579,4.61156325028579e-05,6.75520231154863e-08,67.5520231154863,1.0835344507724e-06,0.0010835344507724,1.0835344507724,89.9777305725171,0.0019511329605409,-1.01765560310277,-0.0281353653677264,0.351413752223282,0.361755209900369,153.883214134293,57.3056428003174
"435",2024-02-10 20:00:00,1.1898,8.14,4.526,11.711,73.311,7.86,25.4740038333333,41.3357752777778,315.882257222222,1437.20897777778,375.2063,150.026625,3,80.5,0.2025,-0.16098,0.46775,-0.34185,-3067.82575,281.29,-4.53964172047966,0.0106772318090918,40.8944236231284,4.08944236231284e-05,5.99037875001034e-08,59.9037875001034,9.60856751501659e-07,0.000960856751501659,0.960856751501659,79.6008124846324,0.00194649552267104,-1.02182729688367,-0.02777517069482,0.350076888366287,0.360509346251338,135.265377922383,54.0860004990446
"436",2024-02-10 21:00:00,1.1327,8.0726,4.513,10.783,79.361,7.49,25.1352361111111,34.5547621111111,714.05175,1371.50482777778,381.262025,152.023125,3,80,0.4268,-0.22254,0.88265,-0.2445,-3600.70605,281.2226,-4.54422676017601,0.0106283883381061,34.1875006804633,3.41875006804633e-05,5.00792184967699e-08,50.0792184967699,8.03270664688189e-07,0.000803270664688189,0.80327066468819,66.6708106767304,0.00195015164459886,-1.01906336961723,-0.0277423010856857,0.351057352754645,0.361432405238069,137.800450721687,54.9460837205576
"437",2024-02-10 22:00:00,1.0555,7.9976,4.389,9.956,71.687,7.281,24.5951125,29.6950003888889,1132.36785777778,1288.3765,311.69605,139.6251,3,70.25,0.9214,-0.267355,1.7979,-0.148,-4648.8704,281.1476,-4.54933171897423,0.010574269109862,29.3809974635593,2.93809974635593e-05,4.30384603245202e-08,43.0384603245202,6.90336903605305e-07,0.000690336903605305,0.690336903605305,57.4601404334713,0.00195569059575796,-1.01598411382744,-0.0270309392359517,0.352390602271618,0.362708299803112,113.054744350846,50.6431826308394
"438",2024-02-10 23:00:00,1.0171,7.8837,4.316,9.248,65.871,7.14,23.9781395,30.7372216111111,1480.03330555556,1299.47856666667,317.61765,140.410925,3,69.25,0.86435,-0.17397,1.692,-0.10285,-5402.84115,281.0337,-4.5570903210534,0.0104925450067685,30.4147099299735,3.04147099299735e-05,4.45526836938224e-08,44.5526836938224,7.14625046448911e-07,0.000714625046448911,0.714625046448911,59.6921210546716,0.00196260694881214,-1.01130035103573,-0.0266575985389025,0.354177191692006,0.364399511758425,115.739716585858,51.1656725155488
"439",2024-02-11,1.0373,7.7562,4.278,8.921,58.528,7.075,23.4320868888889,34.0786396111111,1707.71182777778,1389.01605,310.425475,138.853,3,64.5,0.7222,-0.09431,1.429,-0.05805,-5920.27545,280.9062,-4.56578373219108,0.0104017243427641,33.7241629958999,3.37241629958999e-05,4.94005029229141e-08,49.4005029229141,7.92384066883541e-07,0.000792384066883541,0.792384066883541,66.4302153555999,0.00196981064774465,-1.00604673345944,-0.026507852835101,0.35609611938716,0.366207606559742,113.680170214921,50.8490247936398
"440",2024-02-11 01:00:00,1.1066,7.6994,4.232,8.86,56.542,7.073,22.9923167777778,36.3287438333333,1826.42999444444,1444.99545,224.158475,121.724825,3,57.25,0.146,0.00922,0.3631,0.02065,-6031.9463,280.8494,-4.56965942473918,0.0103614884789467,35.9523239726496,3.59523239726496e-05,5.26644022480961e-08,52.6644022480961,8.44737012059461e-07,0.000844737012059461,0.844737012059461,70.9492361506598,0.00197342559008518,-1.00370268871266,-0.0262603835343855,0.35702014427741,0.367083629171605,82.2849065125725,44.6831905212785
"441",2024-02-11 02:00:00,1.1978,8.1006,3.86,11.179,63.751,7.507,22.6439687222222,39.9380123333333,1447.37884444444,1475.49920555556,270.5511,132.375425,3,56.5,0.10005,0.026145,0.2779,0.09375,-5972.637,281.2506,-4.54232169526242,0.0106486554065157,39.5127262023745,3.95127262023745e-05,5.78798218502862e-08,57.8798218502862,9.28392342478591e-07,0.000928392342478591,0.928392342478591,77.3410226022781,0.0019573699421841,-1.02021196749396,-0.023711502135752,0.352070630166685,0.362511718750717,98.0779442708971,47.9876428371066
"442",2024-02-11 03:00:00,1.2548,7.968,4.326,10.956,56.24,7.609,22.3789835555556,44.0522675,1060.79670388889,1592.9185,284.94685,135.25045,3,54,0.10025,0.038255,0.27845,0.1371,-5856.7659,281.118,-4.5513473206798,0.0105529770605858,43.5873849316057,4.35873849316057e-05,6.38485449432133e-08,63.8485449432133,1.02413066088914e-06,0.00102413066088914,1.02413066088914,85.3471718834754,0.00195807048340698,-1.01476776976074,-0.0266627680143048,0.352949413173679,0.363245224721062,103.505582561809,49.1290801038748
"443",2024-02-11 04:00:00,1.3061,7.9379,4.56,13.246,60.136,8.386,22.1698273333333,45.6316147222222,264.788592777778,1620.65247777778,263.872175,130.307125,3,58.5,0.09895,0.04434,0.2759,0.1607,-5691.95635,281.0879,-4.55339746016906,0.0105313641481237,45.1510515709156,4.51510515709156e-05,6.613906638314e-08,66.13906638314,1.06087062478557e-06,0.00106087062478557,1.06087062478557,88.3390658556252,0.00195652288888282,-1.01353026119713,-0.0281262789131599,0.352869654795211,0.363124254951897,95.8183869494116,47.3176776805487
"444",2024-02-11 05:00:00,1.3201,7.7923,4.665,13.192,67.689,8.416,22.0050944444444,47.6598406666667,166.01918,1612.62943888889,310.074525,139.86755,3,59.5,0.09825,0.02546,0.2747,0.0923,-5561.7995,280.9423,-4.56332140149478,0.0104273683867408,47.162873950782,4.7162873950782e-05,6.90860642780635e-08,69.0860642780635,1.10814047102014e-06,0.00110814047102014,1.10814047102014,92.5679791402467,0.00196272982085122,-1.00753536560611,-0.0288795553638722,0.35472411908369,0.364843528760189,113.12868387964,51.0297705010422
"445",2024-02-11 06:00:00,1.2819,8.048,4.07,12.649,55.697,8.149,21.8853100555556,47.0306451111111,225.028452777778,1615.47669444444,293.148275,137.532775,3.75,63.25,0.07895,-0.018875,0.2387,-0.0712,-5577.9384,281.198,-4.545900848533,0.010610610362225,46.531621260753,4.6531621260753e-05,6.81613800876015e-08,68.1613800876015,1.09330853660513e-06,0.00109330853660513,1.09330853660513,91.0769136959057,0.00195731227986944,-1.01805379982606,-0.025034557996756,0.352364771310075,0.362746728767529,106.338577800094,49.8895642295706
"446",2024-02-11 07:00:00,1.2218,7.9711,4.041,11.053,56.862,7.583,21.7552134444444,42.3088637222222,627.727361666667,1608.18226666667,305.976175,139.683625,3.75,64.5,0.16925,-0.10251,0.355,-0.05085,-5628.4865,281.1211,-4.551136204839,0.0105552051963767,41.8622849840086,4.18622849840086e-05,6.13215495359752e-08,61.3215495359752,9.83597654557042e-07,0.000983597654557042,0.983597654557042,82.1215975730622,0.00196170843527611,-1.01489518540112,-0.0249042644981466,0.35352557443936,0.363842205251784,111.327046266506,50.8227981575632
"447",2024-02-11 08:00:00,1.1322,7.8484,4.011,9.649,55.095,7.22,21.8541486666667,34.3857747777778,1331.05814444444,1547.21866666667,338.936725,145.45505,4,67.75,0.9878,-0.515245,1.92,-0.26735,-6983.5213,280.9984,-4.5594963130492,0.0104673303729976,34.0258475130473,3.40258475130473e-05,4.98424224710122e-08,49.8424224710122,7.99472456435035e-07,0.000799472456435035,0.799472456435035,66.9812371388756,0.00196853986115089,-1.00984694160357,-0.024795797306284,0.355353312161495,0.365563654226911,123.902947742702,53.1730796037581
"448",2024-02-11 09:00:00,1.06,7.7824,3.975,9.116,52.655,7.1,22.0852770555556,29.5907216111111,1715.14355,1504.47212222222,370.68645,151.531825,4,66.25,0.9107,-0.33428,1.77755,-0.1876,-8432.92565,280.9324,-4.56399659575567,0.010420330263841,29.282376519178,2.9282376519178e-05,4.28939964203526e-08,42.8939964203526,6.88019702582456e-07,0.000688019702582456,0.688019702582456,57.7594441647971,0.00197249851380637,-1.00712721520703,-0.0246141178209492,0.356385833508971,0.366539731040365,135.871311683308,55.5424343795556
"449",2024-02-11 10:00:00,0.9779,7.7904,3.971,8.799,47.064,7.02,22.2023463888889,38.2609030555556,2005.43737777778,1646.79163333333,376.86335,152.24055,4.25,72,0.8312,-0.177475,1.63095,-0.1083,-9351.63105,280.9404,-4.56345098007484,0.0104260173107027,37.8619942179752,3.78619942179752e-05,5.54617636102588e-08,55.4617636102588,8.89606688308551e-07,0.000889606688308551,0.889606688308551,74.6687866252719,0.0019721303161,-1.00745703895198,-0.0245843948861538,0.356278897878145,0.366440183347777,138.097875071057,55.7870550549664
"450",2024-02-11 11:00:00,0.9193,7.861,4.002,8.83,42.39,6.987,22.2497737222222,64.0494797777778,2201.33756666667,1733.89807777778,361.01595,149.49695,5,73,0.7785,-0.129575,1.533,-0.08445,-9875.89775,281.011,-4.55863743888476,0.0104763243543277,63.3784766528998,6.33784766528998e-05,9.28393277402338e-08,92.8393277402338,1.48914281695335e-06,0.00148914281695335,1.48914281695335,124.72873378461,0.00196799829171822,-1.01036582082573,-0.0247323148842533,0.355191522242325,0.365413600061644,131.920137969174,54.6282186977355
"451",2024-02-11 12:00:00,0.9309,7.8711,4.017,8.79,37.21,6.958,22.2379664444444,91.5138828888889,2321.63366111111,1588.88885555556,328.727375,144.34305,5,68.5,0.79165,-0.08155,1.5576,-0.05265,-10253.456,281.0211,-4.55794903891154,0.0104835387385633,90.5544935525069,9.05544935525069e-05,1.32647844335454e-07,132.647844335454,2.12767142314068e-06,0.00212767142314068,2.12767142314068,178.144855282416,0.0019672668720644,-1.01078166884601,-0.0248187052749831,0.35501317620645,0.36524324836914,120.06545427286,52.7203244615091
"452",2024-02-11 13:00:00,1.011,7.9469,4.001,8.912,47.614,6.961,22.1070255,98.8354228333333,2234.83691111111,1537.68891111111,375.438675,153.5331,5.75,79.25,0.51035,-0.028455,1.0372,-0.01975,-10464.1745,281.0969,-4.55278440981045,0.0105378223840333,97.7939127022648,9.77939127022648e-05,1.43252435082786e-07,143.252435082786,2.29776905872788e-06,0.00229776905872788,2.29776905872788,192.019109323861,0.00196350778916543,-1.01390034570721,-0.0246727574954999,0.353959385306616,0.364257316256984,136.756284174578,55.9255549626152
"453",2024-02-11 14:00:00,1.1191,8.3666,3.669,10.898,64.174,7.305,22.0534398888889,99.1891146666667,1769.17206444444,1581.88293333333,382.573475,154.503475,6,73.25,0.0986,0.00691,0.2756,0.0248,-10476.395,281.5166,-4.52424487322154,0.010842899622879,98.1136170526538,9.81136170526538e-05,1.43720750803409e-07,143.720750803409,2.30528084288669e-06,0.00230528084288669,2.30528084288669,190.943252157888,0.00194614425493472,-1.03109681815467,-0.0223883759691201,0.348720270930512,0.359401592617377,137.497516208164,55.5287949799191
"454",2024-02-11 15:00:00,1.1925,8.6512,3.597,12.658,88.254,7.803,22.2117638888889,86.6126971666667,490.197492222222,1772.26248888889,299.97335,139.327525,6.25,65.75,0.10115,0.03255,0.2803,0.1167,-10417.072,281.8012,-4.50494661089971,0.0110541808652135,85.6552647469624,8.56552647469624e-05,1.2547125801194e-07,125.47125801194,2.01255897851152e-06,0.00201255897851152,2.01255897851152,165.532820257571,0.00193254694555645,-1.04268916271929,-0.0217933829849932,0.344906281836468,0.355830145008438,106.739560629167,49.5769334244167
"455",2024-02-11 16:00:00,1.2879,8.3312,4.177,12.905,53.596,8.213,22.2410827777778,78.7459125555555,315.164193888889,1904.99707222222,418.584175,160.0777,7,78.75,0.1,0.057385,0.27805,0.2052,-10227.598,281.4812,-4.52664836492938,0.010816870097224,77.8941282487547,7.78941282487547e-05,1.14102434823906e-07,114.102434823906,1.83020305457545e-06,0.00183020305457545,1.83020305457545,151.213105354693,0.00194126449264307,-1.02965103023327,-0.0255108206311009,0.348136076621195,0.358754386273571,150.168908805954,57.4285770195849
"456",2024-02-11 17:00:00,1.3219,8.1259,4.478,13.254,67.883,8.453,22.2039672222222,69.0312743888889,148.615007777778,2026.56255,358.114575,150.49155,7.5,68.75,0.10035,0.031385,0.27835,0.11285,-10082.0835,281.2759,-4.5406007005514,0.0106669974647232,68.294917959996,6.8294917959996e-05,1.00041127624521e-07,100.041127624521,1.60465968709731e-06,0.00160465968709731,1.60465968709731,133.028842001215,0.00194785858120712,-1.02124934462477,-0.0274903322271454,0.350379061796629,0.360802438030396,129.208611754219,54.2977181429732
"457",2024-02-11 18:00:00,1.3345,8.1155,4.466,13.203,61.606,8.444,22.1085888333333,65.0389373888889,143.231683333333,2083.90617222222,458.266875,167.250125,8,85.75,0.097,0.00516,0.27245,0.01845,-9981.89125,281.2655,-4.54130810279182,0.0106594542752462,64.3456578096814,6.43456578096814e-05,9.42560933859337e-08,94.2560933859337,1.51186773791038e-06,0.00151186773791038,1.51186773791038,125.381045443183,0.00194855487862178,-1.02082296612495,-0.0274238236867325,0.350551801662483,0.360966969688812,165.419205177512,60.3717708013251
"458",2024-02-11 19:00:00,1.2704,8.281,4.243,12.749,54.772,8.251,21.9340415555556,59.8549190555556,217.557212222222,2147.63642777778,372.4774,153.085425,8.5,77.25,0.02605,-0.002445,0.09005,-0.0091,-10008.88,281.431,-4.53005787447378,0.0107800526761129,59.2096798752122,5.92096798752122e-05,8.67327074684058e-08,86.7327074684058,1.39119262779323e-06,0.00139119262779323,1.39119262779323,115.042744205837,0.00194297190000513,-1.02759931714628,-0.0259465303417921,0.348699120514315,0.359270518709369,133.820148705517,54.9990800465943
"459",2024-02-11 20:00:00,1.2218,8.3448,4.082,11.25,61.286,7.659,21.7539376111111,50.7841183888889,567.464361666667,2219.31036111111,385.432375,152.2908,9,80,0.4441,-0.2706,0.9099,-0.2298,-10301.4585,281.4948,-4.52572490900321,0.010826863613489,50.2342856653611,5.02342856653611e-05,7.35851910140476e-08,73.5851910140476,1.18030646386532e-06,0.00118030646386532,1.18030646386532,97.5458474049819,0.00194181814497751,-1.03020657567639,-0.0249221209645786,0.348147618993795,0.358783614787239,138.286820758531,54.6394437228405
"460",2024-02-11 21:00:00,1.1302,8.3223,3.941,9.956,64.412,7.266,21.6019572777778,40.9805388888889,1231.31133722222,2244.48923333333,402.18275,155.995575,9.5,80.75,0.97075,-0.401695,1.8891,-0.2106,-11867.181,281.4723,-4.52725273978682,0.010810334628105,40.5375255502599,4.05375255502599e-05,5.93809889270428e-08,59.3809889270428,9.52471062389766e-07,0.000952471062389766,0.952471062389766,78.8387039704516,0.0019448326680104,-1.02928740619374,-0.0240748296750326,0.348763151602726,0.359389223638543,144.540146283314,56.0631285902981
"461",2024-02-11 22:00:00,1.0759,8.2163,3.875,9.119,65.425,7.111,21.4574591111111,34.0519431111111,1680.24216666667,2240.01346666667,429.770025,158.8153,10,84.75,0.88905,-0.15961,1.7379,-0.09165,-12738.216,281.3663,-4.53445422461457,0.0107327638158675,33.6864716482282,3.36864716482282e-05,4.93452911291906e-08,49.3452911291906,7.91498469712217e-07,0.000791498469712217,0.791498469712217,65.7280691563349,0.00195117107670705,-1.02495243052098,-0.0237346307281566,0.350397497687172,0.360937387711873,155.120070140366,57.3223795106775
"462",2024-02-11 23:00:00,0.9956,8.0994,3.85,8.277,56.957,6.977,21.3422104444444,37.5760031111111,2118.98551666667,2330.83082222222,379.168425,151.504,10.75,78.25,0.80985,-0.142895,1.5912,-0.08965,-13288.9405,281.2494,-4.54240333213591,0.0106477861190741,37.1759018667743,3.71759018667743e-05,5.44567480905257e-08,54.4567480905257,8.73486239372032e-07,0.000873486239372032,0.873486239372033,72.7742584576062,0.00195756537980986,-1.02016275291619,-0.0236507860087422,0.352109335666615,0.362550025226557,137.467522048864,54.9277790219243
"463",2024-02-12,0.9929,7.9999,3.856,7.898,50.253,6.923,21.1998736111111,51.9089895555556,2445.29180555556,2443.4096,452.4515,165.060225,11,92,0.805,-0.10601,1.58225,-0.06695,-13734.3165,281.1499,-4.54917512129486,0.0105759251455106,51.3600039676369,5.13600039676369e-05,7.52341882119533e-08,75.2341882119533,1.20675637891973e-06,0.00120675637891973,1.20675637891973,100.802877897527,0.00196267270464085,-1.01607860181673,-0.023746930099128,0.353516353899709,0.36386998919007,164.633522414031,60.0604622864606
"464",2024-02-12 01:00:00,1.0254,7.9435,3.842,7.556,47.118,6.897,21.1001921666667,61.4197333888889,2607.68916666667,2473.52641666667,372.3799,150.939575,12,79.75,0.8359,-0.049855,1.6398,-0.0308,-14028.59,281.0935,-4.55301600141445,0.0105353821954448,60.7726530232946,6.07726530232946e-05,8.90222130546429e-08,89.0222130546429,1.42791629739647e-06,0.00142791629739647,1.42791629739647,119.467563069722,0.00196581121814657,-1.01376054255512,-0.0236942863656561,0.354355430386296,0.364660472895077,135.792230430621,55.0416967980819
"465",2024-02-12 02:00:00,1.1171,7.9868,3.88,8.057,45.717,6.947,20.9787052222222,66.3326972777778,2270.49643333333,2525.48185,381.610725,152.3002,12.25,80.25,0.92745,0.094235,1.8087,0.0515,-13966.579,281.1368,-4.55006708581125,0.0105664960015075,65.6317930972229,6.56317930972229e-05,9.61400758005361e-08,96.1400758005361,1.5420868158406e-06,0.0015420868158406,1.5420868158406,128.83763864474,0.0019630370063772,-1.01554038244371,-0.0239026020599783,0.353651616536589,0.363992252564246,138.903347395425,55.4360928639852
"466",2024-02-12 03:00:00,1.2043,8.1313,3.972,9.374,49.796,7.175,20.859309,65.7303175,2121.5262,2611.08967777778,314.512875,140.30685,12.75,65.75,0.14315,0.036235,0.35765,0.1084,-13690.2985,281.2813,-4.54023341878856,0.0106709159778703,65.0289148047588,6.50289148047587e-05,9.52569555626028e-08,95.2569555626028,1.52792156722415e-06,0.00152792156722415,1.52792156722415,127.085155878093,0.00195428689314055,-1.02147070417007,-0.0243807054662872,0.351392513008264,0.361852985060339,113.807422658659,50.7704524969132
"467",2024-02-12 04:00:00,1.2722,8.1677,4.339,12.169,44.839,8.097,20.7704246111111,59.8038304444444,602.883476666667,2726.38071111111,330.88015,144.857625,13,67.5,0.09835,0.046845,0.27525,0.1703,-13558.814,281.3177,-4.53775808212578,0.0106973628060368,59.1640871729895,5.91640871729895e-05,8.6665921454482e-08,86.665921454482,1.39012138012989e-06,0.00139012138012989,1.39012138012989,115.224380272279,0.00194753922147696,-1.02296230923901,-0.0266090841170923,0.350087766902391,0.36055605119208,119.300840301843,52.2292932550632
"468",2024-02-12 05:00:00,1.3357,8.0086,4.557,12.202,58.004,8.249,20.6747633888889,60.2874172222222,202.64898,2769.77898333333,367.244175,149.9551,14,64.5,0.0974,0.044495,0.27305,0.163,-13372.462,281.1586,-4.54858279966122,0.0105821913503255,59.6494442371598,5.96494442371598e-05,8.73768918963611e-08,87.3768918963611,1.40152534601763e-06,0.00140152534601763,1.40152534601763,116.488568389424,0.00195288606422346,-1.01643598000089,-0.0280578580166885,0.351869877465882,0.362186498738711,133.010881925437,54.3117126370133
"469",2024-02-12 06:00:00,1.3432,7.9585,4.615,12.042,65.071,8.249,20.5622391666667,59.602045,186.450864444444,2808.05247222222,318.355775,141.435325,14.25,61.25,0.09695,0.02218,0.27235,0.0812,-13250.9715,281.1085,-4.55199432125017,0.0105461514867932,58.9734728045073,5.89734728045073e-05,8.63867019029545e-08,86.3867019029545,1.38564269852339e-06,0.00138564269852339,1.38564269852339,115.276554826137,0.00195471878022632,-1.01437726129876,-0.028450778989121,0.352456509978813,0.3627256849181,115.475816534508,51.3022251322391
"470",2024-02-12 07:00:00,1.2972,8.0974,4.109,11.952,53.289,8.019,20.3624622777778,57.4664047222222,270.308878888889,2854.84524444444,359.7767,149.676225,15,67.5,0.0861,-0.024025,0.25255,-0.08775,-13272.899,281.2474,-4.54253939533596,0.0106463374457941,56.8545979857529,5.68545979857529e-05,8.32828893134502e-08,83.2828893134502,1.33585754458774e-06,0.00133585754458774,1.33585754458774,111.106765040557,0.00195422655294123,-1.020080726422,-0.0252431065831975,0.35157794839788,0.362000307099534,130.239275887257,54.182839415499
"471",2024-02-12 08:00:00,1.2382,8.022,4.023,10.768,49.927,7.534,20.3049900555556,50.5417825,694.018377777778,2966.92992777778,327.51935,143.6716,15.25,69,0.02535,0,0.08875,0,-13313.1,281.172,-4.54767056896889,0.0105918491543692,50.0064515637671,5.00064515637671e-05,7.32514505086685e-08,73.2514505086685,1.17495326615904e-06,0.00117495326615904,1.17495326615904,97.9772518180972,0.00195929222638721,-1.01698632274522,-0.0247616320907664,0.352837398786869,0.363199696473372,118.954928509156,52.1814815118438
"472",2024-02-12 09:00:00,1.1575,7.9881,4.01,10.006,47.485,7.257,20.4677454444444,40.5409930555556,1308.68090555556,2985.23745,382.891225,153.259425,16,79.25,0.89775,-0.352825,1.7443,-0.18165,-13924.575,281.1381,-4.54997856606283,0.0105674313864649,40.1125788931018,4.01125788931018e-05,5.87585100657713e-08,58.7585100657713,9.42486501454971e-07,0.000942486501454971,0.942486501454971,78.6701585024276,0.00196123412339256,-1.01559379880177,-0.0247026551647215,0.353349914446477,0.363683410516731,139.251186564929,55.7379103778331
"473",2024-02-12 10:00:00,1.0771,7.997,3.935,9.793,47.51,7.164,20.7111527222222,32.6628508333333,1592.26026666667,3011.43677222222,468.90815,166.340925,16.75,84,0.92465,-0.23516,1.80345,-0.12995,-15022.599,281.147,-4.54937257101751,0.0105738371381907,32.3174791681526,3.23174791681526e-05,4.73399361846767e-08,47.3399361846767,7.59332576402214e-07,0.000759332576402214,0.759332576402214,63.3994586834975,0.00196176992498767,-1.01595946418844,-0.0242352130428205,0.353385879077315,0.363731941222587,170.556871654592,60.5035075550108
"474",2024-02-12 11:00:00,0.9987,8.074,3.89,9.774,45.323,7.091,20.8561708333333,33.6961558888889,1722.79665,3159.07306666667,380.0308,152.509525,17,81.5,0.25675,-0.06677,0.5679,-0.122,-15528.8385,281.224,-4.54413149677908,0.0106294008827009,33.3379859397399,3.33379859397399e-05,4.88348153239686e-08,48.8348153239686,7.83310437796456e-07,0.000783310437796456,0.783310437796456,65.2876020769393,0.00195835471869686,-1.0191208123027,-0.0239117563825279,0.352384429985148,0.362800508651449,137.875367543217,55.3305332441909
"475",2024-02-12 12:00:00,0.9511,8.1481,3.893,9.815,41.647,7.048,21.0092794444444,48.1113673333333,1861.08778888889,3338.16655555556,333.588475,145.1866,17.75,70.25,0.12955,-0.02636,0.33235,-0.0779,-15694.4385,281.2981,-4.53909086602117,0.0106831150300271,47.5973880618594,4.75973880618594e-05,6.97225579285342e-08,69.7225579285342,1.11834982917369e-06,0.00111834982917369,1.11834982917369,93.0273999180099,0.00195446438777497,-1.02215925028806,-0.0238857178408112,0.351324504585184,0.361804560216927,120.69383149081,52.5291739623909
"476",2024-02-12 13:00:00,0.9693,8.1637,3.887,9.816,41.289,7.024,21.1150985,66.2816366666667,1951.77472222222,3352.30342222222,347.97775,149.09085,18,73.25,0.10565,-0.008255,0.2883,-0.0284,-15753.394,281.3137,-4.53803006184408,0.0106944537359666,65.5727907697909,6.55727907697909e-05,9.60536468312204e-08,96.0536468312204,1.54070049517278e-06,0.00154070049517278,1.54070049517278,128.111865761063,0.00195373514314544,-1.02279844106999,-0.0238395695232257,0.351116216003291,0.361610111125334,125.832272846644,53.9127588362705
"477",2024-02-12 14:00:00,1.0418,8.2896,4.31,12.181,34.513,7.733,21.1676043888889,73.1619631666667,923.531791666667,3408.91122777778,337.571775,147.11705,19,69,0.1378,0.010015,0.34785,0.0278,-15749.7815,281.4396,-4.52947367794246,0.0107863521853243,72.3728124653813,7.23728124653813e-05,1.06014590611789e-07,106.014590611789,1.7004740334131e-06,0.0017004740334131,1.7004740334131,140.522456490415,0.00194164703157878,-1.0279509283898,-0.0263505642432379,0.348435727245299,0.359010110567915,121.191680267357,52.8165083869255
"478",2024-02-12 15:00:00,1.1345,8.4186,4.255,12.881,51.424,7.972,21.1703955,67.3404397777778,254.512821111111,3544.37188888889,343.94735,147.51395,19,69.5,0.1612,0.022415,0.3911,0.0572,-15697.3825,281.5686,-4.52071555533308,0.0108812352716322,66.6076926092606,6.66076926092606e-05,9.75696124417493e-08,97.5696124417493,1.56501658356566e-06,0.00156501658356566,1.56501658356566,128.936970514998,0.00193576695820074,-1.03321901905874,-0.0259303902497215,0.346750627784069,0.357437630658178,122.939725855159,52.727036777029
"479",2024-02-12 16:00:00,1.2123,8.4768,4.227,13.341,71.132,8.292,21.0612656111111,64.6535152777778,218.531148888889,3646.35171111111,319.411225,143.015475,20,68,0.1987,0.04916,0.4606,0.10765,-15565.1265,281.6268,-4.51676717592282,0.0109242834458229,63.9472219511145,6.39472219511145e-05,9.36724486028705e-08,93.6724486028705,1.50250607559004e-06,0.00150250607559004,1.50250607559004,123.620665788785,0.00193316710275998,-1.03559205802499,-0.0257222701319052,0.346000752816381,0.356738366513887,113.9462386527,51.0191069377076
"480",2024-02-12 17:00:00,1.284,8.2528,4.586,13.584,58.368,8.494,20.9687812777778,59.7530845555556,134.723027777778,3761.99066666667,309.00315,141.624575,20.5,63.5,1.04135,0.479725,2.01975,0.23205,-14563.76,281.4028,-4.53197377794033,0.0107594189085023,59.1101760877472,5.91101760877472e-05,8.65869503403756e-08,86.5869503403756,1.38885468345962e-06,0.00138885468345962,1.38885468345962,114.667821858799,0.00193989985224503,-1.02644600375472,-0.0280638545167243,0.348363132775907,0.358888379937441,110.897639899066,50.8274142810785
"481",2024-02-12 18:00:00,1.3081,8.1624,4.687,13.242,77.8,8.467,20.7701851666667,58.0464743333333,135.787359444444,3810.02366666667,393.236525,158.0213,21,71.75,0.1897,0.05751,0.44395,0.06285,-13485.402,281.3124,-4.53811845712896,0.0106935084384723,57.4257538702263,5.74257538702263e-05,8.41195412992622e-08,84.1195412992622,1.34927744244017e-06,0.00134927744244017,1.34927744244017,111.590519338511,0.001943213833826,-1.02274518155086,-0.0287470304939934,0.349415957195896,0.359857373300658,141.509062972379,56.8651299435553
"482",2024-02-12 19:00:00,1.2958,8.1615,4.689,13.002,74.984,8.434,20.4773253888889,57.8549203888889,141.440364444444,3794.61723333333,329.8473,146.54285,21.5,72.5,0.09285,0.00088,0.2647,0.0015,-13440.8925,281.3115,-4.5381796544039,0.010692854044927,57.2362861693896,5.72362861693896e-05,8.38420014323687e-08,83.8420014323687,1.34482570297519e-06,0.00134482570297519,1.34482570297519,111.223483825743,0.0019432337642694,-1.02270830889667,-0.0287599467407946,0.349424328047183,0.359864842978016,118.700446821222,52.7356197048009
"483",2024-02-12 20:00:00,1.2404,8.1494,4.534,12.51,55.758,8.249,20.2615671666667,54.0484918333333,201.024748333333,3860.75268888889,334.26445,144.6473,22,66.5,0.9912,-0.405215,1.92645,-0.1963,-14101.583,281.2994,-4.53900246060963,0.0106840595169462,53.4710345297848,5.34710345297848e-05,7.832651022061e-08,78.32651022061,1.25635722393858e-06,0.00125635722393858,1.25635722393858,104.049541924061,0.00194590478450725,-1.02221252256627,-0.0278177013335989,0.349927172787495,0.360367211234921,120.457947661475,52.126144113661
"484",2024-02-12 21:00:00,1.1661,8.0805,4.357,11.012,56.601,7.654,20.0087742222222,46.1661596111111,538.296225,3872.30959444444,331.793725,141.8535,22.25,75.25,1.07305,-0.45171,2.07805,-0.21725,-15742.854,281.2305,-4.54368921643473,0.0106341030975063,45.6752239101906,4.56752239101906e-05,6.69068949926036e-08,66.9068949926036,1.07318659568136e-06,0.00107318659568136,1.07318659568136,89.1494110123134,0.00195181114355574,-1.01938749284545,-0.0267780246283479,0.351282155198946,0.361674011157522,120.001167397646,51.3047243417336
"485",2024-02-12 22:00:00,1.0812,7.9542,4.209,9.888,62.05,7.301,19.6975084444444,36.4041381666667,1132.82185111111,3852.65305,294.952375,136.24975,23,69.25,1.01665,-0.437185,1.9737,-0.22105,-17354.784,281.1042,-4.55228719033729,0.0105430632973066,36.0203270336916,3.60203270336916e-05,5.27640158520328e-08,52.7640158520328,8.46334814266606e-07,0.000846334814266606,0.846334814266606,70.6124419472508,0.00196034982917294,-1.01420048442252,-0.0259506559837983,0.353401264711386,0.363692402693328,107.271937943853,49.5529989438652
"486",2024-02-12 23:00:00,0.9945,7.7329,4.073,9.08,59.99,7.131,19.3747306666667,29.4106967222222,1658.42486666667,3854.69937222222,322.339425,141.7684,23,60.75,0.95345,-0.280075,1.8563,-0.15075,-18624.543,280.8829,-4.56737337134087,0.0103852024900676,29.105260681388,2.9105260681388e-05,4.26345500565244e-08,42.6345500565244,6.83858182906651e-07,0.000683858182906651,0.683858182906651,57.4477955135499,0.00197379422718197,-1.00508544921127,-0.025252428052224,0.35688635641011,0.366989839864197,118.295293962667,52.0275624138034
"487",2024-02-13,0.9187,7.5449,3.949,8.277,55.944,7.003,19.0831947777778,28.9933701111111,2012.50010555556,3872.13027222222,277.150025,132.83755,24,61.75,0.88975,-0.191815,1.73875,-0.11,-19482.977,280.6949,-4.58021052138948,0.0102527381402599,28.6961086795583,2.86961086795583e-05,4.20352078381641e-08,42.0352078381641,6.74244733724152e-07,0.000674244733724152,0.674244733724152,56.974728746816,0.0019854513858669,-0.997315448908481,-0.0245999988994044,0.35990490046389,0.369846128666379,102.50286380604,49.1294536090266
"488",2024-02-13 01:00:00,0.9179,7.4156,3.871,7.864,49.307,6.943,18.7898507222222,34.4928387222222,2252.70605555556,3984.92484444444,347.550425,146.242875,24,64,0.9031,-0.10787,1.7636,-0.0613,-20005.5445,280.5656,-4.58905072405146,0.0101625013018347,34.1423052038037,3.41423052038037e-05,5.00130143547398e-08,50.0130143547398,8.02208750250026e-07,0.000802208750250026,0.802208750250026,68.0604999841671,0.00199343599027358,-0.991957321638829,-0.0241929840803478,0.361985795918938,0.371813150369667,129.223818431567,54.3750240728674
"489",2024-02-13 02:00:00,0.961,7.3223,3.827,7.832,50.091,6.951,18.5497485555556,36.7494808333333,2344.22157222222,3980.35285555556,250.864925,127.93885,24.75,57.75,0.96485,0.02,1.87775,0.00965,-20206.53,280.4723,-4.59543531991652,0.0100978245259612,36.3783910244582,3.63783910244582e-05,5.32885223082673e-08,53.2885223082673,8.54747897824607e-07,0.000854747897824607,0.854747897824607,72.7226942140407,0.00199906296474595,-0.988083822820812,-0.0239744787039008,0.363470078087475,0.373213577823078,93.6261962095681,47.7485159510701
"490",2024-02-13 03:00:00,1.0516,7.4043,4.044,9.686,57.158,7.283,18.3461688888889,37.6153130555556,1741.54955722222,4008.32193888889,267.939425,132.983275,25,51.5,1.0749,0.323215,2.0813,0.1541,-19600.8015,280.5543,-4.58982373780766,0.0101546485841336,37.2333427700942,3.72333427700942e-05,5.45408898233448e-08,54.5408898233448,8.74835872766451e-07,0.000874835872766451,0.874835872766451,74.1572104450551,0.00199168822694636,-0.991488505188357,-0.0252814189236125,0.361761572335559,0.371567873671983,99.5576824201437,49.4123127256865
"491",2024-02-13 04:00:00,1.1325,7.7285,4.165,11.803,54.25,8.012,18.0855901666667,38.7179958333333,387.538655555556,3994.86636666667,300.52055,138.72045,25.5,57.25,0.8244,0.408815,1.61825,0.21235,-18058.392,280.8785,-4.56767359405798,0.0103820850843723,38.3160223062953,3.83160223062953e-05,5.61268421151536e-08,56.1268421151536,9.00274547527064e-07,0.000900274547527064,0.900274547527064,75.5894446183359,0.0019727894512139,-1.00490387709073,-0.0258256874998822,0.356746595920078,0.366840376138158,110.243071599246,50.8882620560545
"492",2024-02-13 05:00:00,1.2361,7.6775,4.006,11.866,45.507,8.029,17.727565,39.5474627777778,262.39188,3949.71655,298.781425,137.330875,26,59.25,0.09415,0.01936,0.267,0.07195,-17424.817,280.8275,-4.57115422161209,0.0103460117287124,39.1383042640381,3.91383042640381e-05,5.73313536181335e-08,57.3313536181335,9.19594912034862e-07,0.000919594912034862,0.919594912034862,77.4010135578928,0.00197762818326833,-1.00279831607492,-0.0248717370955511,0.3578397375914,0.367897634663917,109.920979539014,50.523704078826
"493",2024-02-13 06:00:00,1.2779,7.5792,4.047,11.699,43.442,7.97,17.2057448333333,38.4807905,282.246513333333,3823.44085555556,264.2036,131.479766666667,26,51.6666666666667,0.0937,0.00858,0.266,0.03225,-17374.826,280.7292,-4.57786697986795,0.0102767940345327,38.0853313417455,3.80853313417455e-05,5.57889167626425e-08,55.7889167626425,8.94854224872785e-07,0.000894854224872785,0.894854224872785,75.4964154898354,0.00198229640730691,-0.998734882230771,-0.0251886675329839,0.359182899897337,0.369149288456377,97.5305709476132,48.5356623114105
"494",2024-02-13 07:00:00,1.2973,7.4682,4.145,11.614,46.036,7.973,16.4684503888889,36.4527644444444,278.385727777778,3674.03266666667,223.532025,122.537075,26.25,50.75,0.0926,-0.009395,0.2641,-0.03555,-17364.761,280.6182,-4.58545337049495,0.010199125246796,36.0809781342836,3.60809781342836e-05,5.2852860010224e-08,52.852860010224,8.47759874563993e-07,0.000847759874563993,0.847759874563993,71.6889999295078,0.00198689180938224,-0.994138435825946,-0.0258710243904324,0.360591528883055,0.370450469596965,82.8075436312105,45.3939169767885
"495",2024-02-13 08:00:00,1.2421,7.3083,4.017,11.194,43.848,7.737,15.7445591111111,33.5202886666667,402.319463333333,3576.75775555556,253.654175,128.763625,27,51,0.07395,-0.05042,0.21565,-0.18255,-17493.43,280.4583,-4.59639376427766,0.0100881509596139,33.1821309343875,3.31821309343875e-05,4.86065126779282e-08,48.6065126779282,7.79648463353968e-07,0.000779648463353968,0.779648463353968,66.2721304587363,0.00199722346312776,-0.987502069581552,-0.0251736584936971,0.363245731276904,0.372964599217197,94.6040277186437,48.0242737918784
"496",2024-02-13 09:00:00,1.1315,6.8087,3.828,10.263,43.976,7.326,14.8181409444444,26.1219601666667,900.455009444444,3371.89070555556,177.379325,111.44496,27,38.25,0,0,0,0,-17576.65,279.9587,-4.63066721055514,0.00974825326748956,25.8673166831187,2.58673166831187e-05,3.78914801700996e-08,37.8914801700996,6.07779341928398e-07,0.000607779341928398,0.607779341928398,52.436661654295,0.0020271395868639,-0.966652595083282,-0.0242949911497296,0.371224756835454,0.380478126785539,67.4889533064833,42.4023696204893
"497",2024-02-13 10:00:00,1.0225,6.509,3.725,10.295,43.945,7.195,14.3892215,19.5557237222222,1242.64751666667,3196.65121111111,230.345375,126.287575,27,47.5,0.0448,-0.033025,0.0875,-0.01885,-17583.5465,279.659,-4.65129334133981,0.00954924397406002,19.3689813453094,1.93689813453094e-05,2.8372458633863e-08,28.372458633863,4.55094236487163e-07,0.000455094236487163,0.455094236487163,39.6155675023299,0.00204530980726684,-0.954061856064492,-0.0238221757211575,0.376106085994207,0.385068467519875,88.698740551541,48.6293629720513
"498",2024-02-13 11:00:00,0.9006,6.6455,3.433,10.632,38.749,7.136,14.6505907222222,24.1187639444444,1298.51265555556,3356.69527222222,211.498575,120.295625,27.25,44,0.5328,-0.351595,1.0785,-0.29845,-18521.7895,279.7955,-4.64189288814596,0.00963943444561825,23.8862727004926,2.38862727004926e-05,3.49895677025896e-08,34.9895677025896,5.61232665949538e-07,0.000561232665949538,0.561232665949537,48.7697566616869,0.00204174829925144,-0.959804169194115,-0.0218786374445793,0.374680053954865,0.383795691145263,81.1722417683632,46.1689425386264
"499",2024-02-13 12:00:00,0.83,7.1803,3.186,11.07,31.334,7.136,15.6090846111111,33.7522923888889,1259.05963333333,3546.06187222222,217.315375,122.70985,28,46,0.55345,-0.230335,1.1166,-0.18765,-19537.5605,280.3303,-4.60516168353975,0.0100000855069862,33.4147665789432,3.34147665789432e-05,4.89472866754992e-08,48.9472866754992,7.85114478275007e-07,0.000785114478275006,0.785114478275006,67.3501577821587,0.00201558067517971,-0.982176874651564,-0.0200307524197897,0.367068196350606,0.376717326023886,81.866466973878,46.2269265687921
"500",2024-02-13 13:00:00,0.8045,7.5615,3.047,11.347,27.662,7.124,16.4390271111111,48.5971205,1244.54758888889,3768.12839444444,238.987825,126.682,28.25,46.5,0.50345,-0.14662,1.0244,-0.12865,-20213.6885,280.7115,-4.57907624872733,0.0102643741386727,48.0983014731258,4.80983014731258e-05,7.04563159298937e-08,70.4563159298936,1.13011930751549e-06,0.00113011930751549,1.13011930751549,96.043546337169,0.0019968178375453,-0.998002506572341,-0.0189731063015975,0.361687169697773,0.371699608041795,88.8316808792612,47.0876497459507
"501",2024-02-13 14:00:00,0.7691,7.8656,2.994,11.34,24.404,7.096,17.1429185555556,69.9960194444444,1313.84525555556,3895.93212222222,275.73585,135.63035,28.75,57.25,0.6119,-0.14019,1.22475,-0.11785,-20699.56,281.0156,-4.55832390327101,0.0104796095700688,69.2624884892077,6.92624884892077e-05,1.01458463638531e-07,101.458463638531,1.62739375676204e-06,0.00162739375676204,1.62739375676204,137.23021959153,0.00198130651359592,-1.01055522566809,-0.0185007442514335,0.357344145009949,0.367634191164041,101.369926189679,49.8623540195458
"502",2024-02-13 15:00:00,0.8466,7.8183,2.961,11.322,24.066,7.075,17.6018018888889,87.1555127777778,1325.19146666667,4033.95872777778,325.78445,144.5135,29.25,53.25,0.32385,-0.04811,0.69205,-0.06675,-21007.8455,280.9683,-4.56154841928085,0.0104458723239635,86.2450974189715,8.62450974189715e-05,1.26335268503206e-07,126.335268503206,2.02641770679143e-06,0.00202641770679143,2.02641770679143,171.132849025078,0.00198426176265682,-1.00860695396667,-0.018318626925514,0.358106238545082,0.368356218427261,120.004728024405,53.232446371688
"503",2024-02-13 16:00:00,0.8581,7.5139,2.988,10.942,22.036,7.005,17.8574675555556,101.482343444444,1508.93845555556,4112.27226666667,317.840575,142.31395,30,57.5,0.13015,-0.01602,0.33405,-0.0479,-21106.5105,280.6639,-4.58232914607857,0.0102310394301602,100.444073587199,0.000100444073587199,1.47134496753473e-07,147.134496753473,2.36003732792571e-06,0.00236003732792571,2.36003732792571,200.906699995889,0.00200018470797557,-0.996031879050072,-0.0186280948560731,0.36252567706756,0.372498152575222,118.395027000946,53.0116834606826
"504",2024-02-13 17:00:00,0.9664,7.1372,2.958,10.82,22.564,6.991,17.7217462222222,106.5073845,1494.88571111111,4129.44919444444,316.06615,142.254825,30,61.25,0.58685,-0.01935,1.1785,-0.01655,-21138.2125,280.2872,-4.60811603610732,0.00997058532742421,105.445443534842,0.000105445443534842,1.54460703507578e-07,154.460703507578,2.47754968426155e-06,0.00247754968426155,2.47754968426155,213.114964014791,0.00202109220532011,-0.980381220292102,-0.0186176032118365,0.368247937855657,0.377869974033813,119.431907893467,53.7538270289346
"505",2024-02-13 18:00:00,1.0023,6.755,2.934,10.519,19.427,6.975,17.2894067222222,87.0925081666667,1501.48141111111,4250.63988333333,302.12595,141.494625,30.25,60,0.86185,-0.033675,1.6875,-0.0201,-21298.3865,279.905,-4.63435932675137,0.00971232794513437,86.2466371657877,8.62466371657877e-05,1.26337523985932e-07,126.337523985932,2.02645388473436e-06,0.00202645388473436,2.02645388473436,176.168705018542,0.00204261535067045,-0.964401215535922,-0.0186465070242449,0.374168996038649,0.3834221959956,115.841795216257,54.2521798390739
"506",2024-02-13 19:00:00,1.038,6.4388,2.935,10.152,19.992,6.953,16.8432923888889,74.5908823888889,1598.77396666667,4261.84517777778,236.2018,127.0638,31,45,0.90355,-0.070655,1.76465,-0.0403,-21399.9435,279.5888,-4.65613188417662,0.00950315114949318,73.8820339591732,7.38820339591732e-05,1.08225358624755e-07,108.225358624755,1.73593475234107e-06,0.00173593475234107,1.73593475234107,152.229271772348,0.0020604369373002,-0.951103582790005,-0.0188035463095693,0.379118245521331,0.388054970980832,91.6592826446203,49.3077392217142
"507",2024-02-13 20:00:00,0.9992,5.8863,2.992,9.21,17.661,6.869,16.0552072222222,76.395857,1967.92203888889,4137.72502222222,252.749425,130.66685,31,55.5,0.8607,-0.038895,1.68515,-0.02325,-21667.1905,279.0363,-4.69430868832942,0.00914718919050587,75.6970496426502,7.56970496426502e-05,1.1088406619854e-07,110.88406619854,1.77858042182458e-06,0.00177858042182458,1.77858042182458,158.317168596253,0.00209145758445851,-0.927699951841802,-0.0194410084073868,0.387848313552771,0.39620632756729,100.140921473994,51.7710327732859
"508",2024-02-13 21:00:00,0.9847,5.4807,3.067,8.339,15.473,6.783,15.0657248888889,90.7253006666667,2284.99261111111,3847.29386666667,247.908075,128.48215,31,50,0.8462,-0.07535,1.65825,-0.0457,-21830.8075,278.6307,-4.72244344104998,0.00889342186685799,89.9184422938405,8.99184422938405e-05,1.31716131009709e-07,131.716131009709,2.11272674139574e-06,0.00211272674139574,2.11272674139574,190.113764135687,0.0021142911207739,-0.910381745493574,-0.0201364490816014,0.394349307744012,0.402261847560789,99.7239602747385,51.6834670375824
"509",2024-02-13 22:00:00,0.9349,5.1542,3.233,7.377,14.168,6.713,14.3548425555556,126.996254444444,2787.96375,3350.00953333333,217.518166666667,120.1766,31.3333333333333,50,0.79065,-0.035705,1.55565,-0.02285,-22040.5435,278.3042,-4.74515841180578,0.00869368514631147,125.892188993544,0.000125892188993544,1.84411914125302e-07,184.411914125302,2.95796710256985e-06,0.00295796710256985,2.95796710256985,268.33201397239,0.00213144291252376,-0.896356083482925,-0.0214050085468333,0.39941228811771,0.406948992549035,88.5187987861131,48.9057462979683
"510",2024-02-13 23:00:00,0.9225,4.979,3.278,7.01,13.692,6.693,14.0369197222222,168.813898333333,3015.81534444444,3057.63605555556,217.19065,122.295075,32,51.25,0.77245,-0.041915,1.522,-0.0276,-22172.3495,278.129,-4.75737201143793,0.00858814975313835,167.364099294036,0.000167364099294036,2.45161627209875e-07,245.161627209875,3.9323925004464e-06,0.0039323925004464,3.9323925004464,358.396046487069,0.0021414153214389,-0.88879858726887,-0.0218009379912347,0.402282972918819,0.409615819055238,88.9647259908894,50.0939973125467
"511",2024-02-14,0.8962,4.9151,3.358,6.591,11.89,6.675,13.9748868888889,220.120762222222,3315.45121111111,2832.89033888889,228.3544,121.5414725,32,49.25,0.73735,-0.02687,1.4569,-0.0184,-22306.581,278.0651,-4.76183093840465,0.008549941069181,218.238742677119,0.000218238742677119,3.19684839823151e-07,319.684839823151,5.12774483076334e-06,0.00512774483076334,5.12774483076334,467.931089962796,0.00214412475174077,-0.88603671416654,-0.0223697443479014,0.403166174435028,0.410420803993753,93.721396443511,49.8831488620346
"512",2024-02-14 01:00:00,0.9104,4.8162,3.353,6.412,10.835,6.672,14.0168802222222,263.902005555556,3422.54933333333,2818.77981666667,272.132,131.953,32,52.6666666666667,0.7477,-0.0257,1.4763,-0.01745,-22397.9355,277.9662,-4.76873670412256,0.00849110058301718,261.661187082323,0.000261661187082323,3.83291773285671e-07,383.291773285671,6.14800004350215e-06,0.00614800004350215,6.14800004350215,562.640331970261,0.00215026285802657,-0.8817563184009,-0.0223933790771435,0.404886014374419,0.412024993039731,112.125185405888,54.3679339065716
"513",2024-02-14 02:00:00,0.9379,4.7104,3.338,6.395,10.322,6.673,13.9916516666667,277.987217222222,3458.93417777778,2840.45018888889,285.4472,135.2138,32,52.75,0.50955,-0.007885,1.0357,-0.00555,-22463.578,277.8604,-4.77613038970521,0.00842855157450654,275.644187624811,0.000275644187624811,4.03774631800328e-07,403.774631800328,6.47654509407727e-06,0.00647654509407727,6.47654509407727,594.567002197147,0.00215700903153609,-0.877169534241041,-0.0223540382276307,0.406763406869471,0.413777934973875,118.111752960075,55.9484869439705
"514",2024-02-14 03:00:00,1.0504,4.7806,3.285,6.344,9.065,6.662,13.9680142222222,305.803955,3663.66920555556,2886.63150555556,250.951875,127.52305,33,57.25,0.57235,0.03132,1.15205,0.0206,-22430.7265,277.9306,-4.77122385369218,0.00847000818692228,303.213792997557,0.000303213792997557,4.44159692534541e-07,444.159692534541,7.12432146825404e-06,0.00712432146825404,7.12432146825404,652.96280884944,0.0021534733047408,-0.880213834758283,-0.0219593575109051,0.405687065070478,0.412787294187359,103.589745452494,52.6398947560193
"515",2024-02-14 04:00:00,1.1506,4.9653,2.583,7.638,8.069,6.704,13.9709066111111,295.415994444444,3361.85172222222,2923.75203888889,375.2957,151.168933333333,33,67.6666666666667,0.87885,0.12229,1.71895,0.0624,-22178.1685,278.1153,-4.75832780010138,0.00857994521857537,292.88134139542,0.00029288134139542,4.29024304129667e-07,429.024304129667,6.88154983823986e-06,0.00688154983823986,6.88154983823986,630.467505178026,0.00215263800068039,-0.888206694452716,-0.0171847696554931,0.404383552467528,0.411734406039071,154.522152128517,62.2414509775599
"516",2024-02-14 05:00:00,1.257,5.8218,1.675,10.614,15.478,6.943,13.8396213888889,177.266985,1530.13470555556,3180.19356111111,331.3555,143.122433333333,33,63.3333333333333,1.0791,0.40827,2.0892,0.19535,-21162.484,278.9718,-4.69877662382176,0.00910641130401205,175.652718923968,0.000175652718923968,2.57303128788585e-07,257.303128788585,4.12714218576891e-06,0.0041271421857689,4.12714218576891,371.399446093748,0.00211439622665056,-0.924953734478827,-0.0109015610004729,0.392250232168802,0.400610482586669,132.744486762747,57.336347086645
"517",2024-02-14 06:00:00,1.3209,6.5076,2.809,9.899,37.338,7.115,13.5865195555556,103.911976055556,1234.85183333333,3691.8602,400.976275,154.974975,34,75,1.0853,0.29818,2.1004,0.1429,-19899.467,279.6576,-4.65138980977068,0.00954832281791943,102.919790963529,0.000102919790963529,1.50761026595016e-07,150.761026595016,2.41820686658406e-06,0.00241820686658406,2.41820686658406,211.84139052574,0.00205831539825813,-0.95400289292688,-0.0179647992239431,0.37833785277291,0.387351476828209,155.318752294324,60.0297854376648
"518",2024-02-14 07:00:00,1.3841,6.6796,3.789,10.029,50.745,7.496,13.3730693888889,84.4192457222222,933.662631111111,3931.26155,499.617966666667,171.7393,34,88.3333333333333,0.9364,0.363635,1.8249,0.191,-18626.511,279.8296,-4.63954610841783,0.00966208263949554,83.6035799936902,8.36035799936902e-05,1.22465868117957e-07,122.465868117957,1.96435252461203e-06,0.00196435252461203,1.96435252461203,170.12137081496,0.00203485748849271,-0.961236659724001,-0.0241265059902277,0.373303631236434,0.382432384431407,191.070090297105,65.6786699995808
"519",2024-02-14 08:00:00,1.3943,6.082,3.26,10.43,35.332,7.352,13.5092816111111,56.4665192777778,627.341623333333,4166.18626111111,525.005866666667,174.2642,34,92.3333333333333,0.1034,-0.007235,0.2841,-0.02005,-18016.67,279.232,-4.68076670361294,0.00927190281453023,55.9429671987594,5.59429671987594e-05,8.19474960714308e-08,81.9474960714307,1.31443783698575e-06,0.00131443783698575,1.31443783698575,116.151034084865,0.00207624014064526,-0.936014295725066,-0.021076684110848,0.384008350769263,0.392558739893841,206.095641455541,68.4089347606083
"520",2024-02-14 09:00:00,1.3481,5.625,2.58,10.857,29.399,7.244,13.9875578333333,47.8079314444444,868.782373333333,4297.40168333333,563.09595,181.2318,35,107.75,0.0912,-0.0254,0.26145,-0.09725,-18111.939,278.775,-4.71242340356397,0.00898298223620515,47.3784736455293,4.73784736455293e-05,6.94018833349171e-08,69.4018833349171,1.11320620869207e-06,0.00111320620869207,1.11320620869207,100.103077704134,0.00211283880635484,-0.916556387728996,-0.0168764938537499,0.393201576391653,0.401298808195435,225.969733634676,72.7281053471134
"521",2024-02-14 10:00:00,1.3169,5.6692,2.529,11.164,24.969,7.253,14.6171052222222,43.4267290555556,910.848855555556,4515.86144444444,571.956333333333,183.268233333333,35,109.333333333333,0.0658,-0.012385,0.196,-0.04595,-18165.6325,278.8192,-4.70935653778242,0.00901057412543658,43.0354292943752,4.30354292943752e-05,6.30400182475726e-08,63.0400182475726,1.01116189269106e-06,0.00101116189269106,1.01116189269106,90.8461374575624,0.00211096157159599,-0.918444765329674,-0.0165241657763205,0.392598062929641,0.400746395122066,229.209438750568,73.444083848723
"522",2024-02-14 11:00:00,1.22,5.6639,2.311,11.918,19.871,7.254,15.2383538888889,40.0341883888889,898.830630555556,4638.66791666667,632.74005,190.448575,35,119.5,0.1409,-0.046305,0.2885,-0.0495,-18214.3125,278.8139,-4.70972422639373,0.00900726164900125,39.6735899791648,3.96735899791648e-05,5.81154615450797e-08,58.1154615450797,9.32172003183078e-07,0.000932172003183078,0.932172003183078,83.8883873812713,0.00211446424246777,-0.918218403958171,-0.0151018316302805,0.393245871468968,0.401400018609415,253.981867844922,76.4460615491365
"523",2024-02-14 12:00:00,1.1458,6.1528,2.179,12.663,15.836,7.29,15.8441642222222,35.1087842777778,806.372562777778,4754.69448333333,715.2151,201.822066666667,36,129.666666666667,0.1322,-0.054265,0.33725,-0.15365,-18461.13,279.3028,-4.67587276958354,0.00931739010987932,34.7816620383781,3.47816620383781e-05,5.09495698202978e-08,50.9495698202978,8.17231099917577e-07,0.000817231099917577,0.817231099917577,72.612555145161,0.00208766777921769,-0.939015592353996,-0.0140623108073891,0.385552502050953,0.394237208016975,281.964404155582,79.5657680788825
"524",2024-02-14 13:00:00,1.0667,6.6653,2.214,12.756,14.66,7.199,16.4324181666667,37.1522981111111,864.904993888889,4960.56598888889,723.8103,202.080625,36,143,0.1652,-0.022995,0.3892,-0.0365,-18566.7685,279.8153,-4.6405301634465,0.0096525792952599,36.7936826075925,3.67936826075925e-05,5.38968580309058e-08,53.8968580309058,8.64505602815728e-07,0.000864505602815728,0.864505602815728,75.7140310122183,0.00205779975382498,-0.960636036918885,-0.0141028009810072,0.377290874774801,0.386497379873233,279.750784475258,78.1036320856453
"525",2024-02-14 14:00:00,1.0431,6.9593,2.271,12.771,13.791,7.137,17.0849996111111,47.9291343888889,960.297970555556,5266.75248333333,713.3866,200.74265,37,141.25,0.16465,-0.02818,0.3972,-0.06805,-18697.2705,280.1093,-4.62032128733226,0.00984963146755188,47.4570500785996,4.74570500785996e-05,6.95169852371358e-08,69.5169852371358,1.11505244320366e-06,0.00111505244320366,1.11505244320366,96.8356531594088,0.0020404903591569,-0.972955783037335,-0.0143582497839927,0.372576075374444,0.382068547208064,272.5625818597,76.6974526481969
"526",2024-02-14 15:00:00,1.0229,6.8152,2.344,12.373,13.33,7.03,17.5845877222222,65.9558273888889,1169.95775,5526.57433888889,756.343275,205.637475,37,147.5,0.34975,-0.011995,0.7401,-0.0283,-18754.855,279.9652,-4.63022041456098,0.00975260972110442,65.3125859455325,6.53125859455325e-05,9.56724883964539e-08,95.6724883964539,1.53458671387912e-06,0.00153458671387912,1.53458671387912,133.729068440152,0.00204752371237721,-0.966924971802619,-0.01487410062763,0.374636494014127,0.383983821980464,290.423581463721,78.9614635929122
"527",2024-02-14 16:00:00,1.083,6.5391,2.358,12.301,14.899,7.028,18.1918472222222,73.561031,1158.22102388889,3648.43548333333,659.33085,192.814925,28,139.5,0.72745,-0.024755,1.43885,-0.01615,-18828.639,279.6891,-4.64921953305649,0.00956906782343216,72.8571205051994,7.28571205051994e-05,1.06724024400836e-07,106.724024400836,1.71185335138941e-06,0.00171185335138941,1.71185335138941,150.298244777841,0.00206291771807143,-0.95532923128782,-0.0150683648421798,0.378932346113761,0.38800383249294,255.822896680828,74.8129298618387
"528",2024-02-14 17:00:00,1.1242,6.1668,2.342,12.272,14.28,7.069,17.839163,73.5359646111111,1126.64747222222,2066.32461111111,637.918325,190.189925,10.75,139,0.9028,-0.01625,1.7627,-0.00985,-18943.5035,279.3168,-4.67490537321278,0.00932640808043489,72.8501381965595,7.28501381965595e-05,1.06713796435848e-07,106.713796435848,1.711689294831e-06,0.001711689294831,1.711689294831,151.856922344059,0.00208451110874119,-0.939608651040068,-0.0151088402827484,0.384920872680497,0.393611079664374,251.091720640939,74.8608617205364
"529",2024-02-14 18:00:00,1.2019,6.443,2.323,12.393,14.994,7.164,17.0095877222222,67.8255808333333,1003.11874888889,1697.91158888889,628.09645,187.020425,7.5,128.75,0.97495,0.040505,1.8966,0.02135,-18831.439,279.593,-4.65584232177606,0.00950590330316496,67.1808374204507,6.71808374204507e-05,9.8409177886973e-08,98.409177886973,1.57848321330705e-06,0.00157848321330705,1.57848321330705,138.989937603717,0.00206889260301788,-0.951280670698836,-0.014881078188093,0.380540849930552,0.389516960844345,244.654220321122,72.8476275618178
"530",2024-02-14 19:00:00,1.2313,6.3842,2.326,12.244,11.834,7.16,16.1154444444444,64.7291577222222,1006.36866111111,1532.11378888889,565.287375,178.8091,6,110.5,1.00075,0.005475,1.94445,0.00275,-18770.9425,279.5342,-4.65989708680546,0.0094674371376148,64.1163384905163,6.41163384905163e-05,9.3920177274448e-08,93.920177274448,1.50647964348215e-06,0.00150647964348215,1.50647964348215,132.862819243891,0.00207221470177282,-0.948800313622975,-0.0149226381915331,0.381470044439173,0.390385955322236,220.680251920974,69.8045613238092
"531",2024-02-14 20:00:00,1.2332,6.1424,2.479,11.483,12.785,7.165,15.1809947777778,57.016303,937.042211111111,1525.98697777778,512.1383,171.01925,5,107.5,1.00295,-0.06651,1.94845,-0.0343,-18833.9415,279.2924,-4.67659147755709,0.00931069603321602,56.4854415338293,5.64854415338293e-05,8.27421341764144e-08,82.7421341764145,1.32718383218969e-06,0.00132718383218969,1.32718383218969,117.71313422452,0.00208395528171664,-0.938574945139457,-0.016002627924717,0.384974733906714,0.393631767791205,201.593904382582,67.318609703826
"532",2024-02-14 21:00:00,1.1983,4.7434,2.425,11.207,14.499,7.122,14.310254,49.3687327777778,950.715022222222,1533.30441666667,443.387325,162.259225,5,101.25,0.7858,-0.09896,1.54675,-0.0637,-19195.173,277.8934,-4.77382355112026,0.00844801732583094,48.9516648679168,4.89516648679168e-05,7.17063567651192e-08,71.7063567651192,1.15016996251251e-06,0.00115016996251251,1.15016996251251,106.162990777138,0.00216873095253432,-0.878601055711872,-0.016226025561909,0.408678260655545,0.415775183451055,184.349446391748,67.4633590410011
"533",2024-02-14 22:00:00,1.1437,3.7024,2.488,10.182,9.701,6.919,13.4822429444444,45.1441123333333,1335.16390166667,1489.43253333333,368.46735,149.70095,4,79.25,0.7611,-0.100785,1.50105,-0.067,-19556.5755,276.8524,-4.84689188417712,0.00785274730361012,44.7896070269339,4.47896070269339e-05,6.56096079573338e-08,65.6096079573338,1.05237811163563e-06,0.00105237811163563,1.05237811163563,100.0719246087,0.00223426663575152,-0.833065189356649,-0.0171013016913813,0.427343777112249,0.433136190073554,159.596544145499,64.8408991333915
"534",2024-02-14 23:00:00,1.0779,3.2798,2.747,8.792,8.019,6.737,12.7284833888889,60.6427439444444,2185.33435555556,1449.16288888889,382.944625,152.507625,4,76.75,0.75785,-0.06201,1.4949,-0.0415,-19842.6825,276.4298,-4.87673103121526,0.00762188945415005,60.1805316539036,6.01805316539036e-05,8.81548499879041e-08,88.1548499879041,1.41400379380598e-06,0.00141400379380598,1.41400379380598,135.898274431886,0.00225817670095427,-0.814355537387922,-0.0190894998838398,0.434549664886861,0.439767442631309,168.406578405656,67.0678882280247
"535",2024-02-15,1.0188,3.216,3.048,7.787,7.278,6.643,12.0252288333333,122.307168,2902.78567222222,725.429202222222,384.776966666667,152.043166666667,4,77.6666666666667,0.76805,-0.040645,1.5139,-0.0269,-20024.592,276.366,-4.881244765566,0.00758756379699025,121.379154559971,0.000121379154559971,1.77801040765628e-07,177.801040765628,2.85192869388067e-06,0.00285192869388067,2.85192869388067,274.032250799146,0.00225765496384103,-0.811519620291968,-0.0212163052874975,0.43485791841529,0.439977827130734,169.293333723955,66.8956221000761
"536",2024-02-15 01:00:00,0.9718,3.1201,3.253,6.916,5.872,6.618,11.3831235555556,214.779423333333,3393.34622222222,65.8774531877778,392.5872,153.226925,3,82,0.7228,-0.03435,1.43015,-0.02405,-20153.0165,276.2701,-4.88803392504029,0.00753622508742661,213.160797254946,0.000213160797254946,3.12246462250935e-07,312.246462250935,5.00843325450499e-06,0.00500843325450499,5.00843325450499,481.91817622243,0.00226081991824249,-0.807251255189751,-0.0226996835565853,0.436070679970977,0.44105176775636,173.15127855852,67.5810061391212
"537",2024-02-15 02:00:00,0.9604,2.8659,3.332,6.65,5.478,6.635,10.8188178888889,264.857539444444,3430.21162222222,11.9634364882667,338.91475,145.75755,3,72.25,0.7024,-0.0183,1.39215,-0.0132,-20247.426,276.0159,-4.90605545538911,0.00740162725201584,262.897162662591,0.000262897162662591,3.85102279754669e-07,385.102279754669,6.17704056726489e-06,0.00617704056726489,6.17704056726489,598.549431589652,0.00227674359634625,-0.795904598896957,-0.0234049587454999,0.440735852179268,0.445360069198344,150.939096512339,64.914592554181
"538",2024-02-15 03:00:00,1.0023,2.7024,3.332,6.59,5.518,6.636,10.3221755,115.367879777778,2227.77410555556,746.849106,375.015875,151.1809,3,79.75,0.6934,-0.00961,1.37565,-0.0071,-20297.98,275.8524,-4.91766652780568,0.00731618343002696,114.52382720739,0.00011452382720739,1.67759083046474e-07,167.759083046474,2.69085569206544e-06,0.00269085569206544,2.69085569206544,262.021316035594,0.00228791966200275,-0.78858142504652,-0.0235046296577312,0.443931035216044,0.448323051432657,168.128261415688,67.7778824063353
"539",2024-02-15 04:00:00,1.0802,2.8217,3.342,6.356,5.156,6.624,9.86382658888889,68.9695475,1725.1422,1310.13095555556,319.225275,141.54645,3,68,0.8216,0.02659,1.6128,0.01615,-20277.92,275.9717,-4.90919282601653,0.00737844199371506,68.4606596944385,6.84606596944385e-05,1.00283912746801e-07,100.283912746801,1.60855396045869e-06,0.00160855396045869,1.60855396045869,156.062508120285,0.00227959398604749,-0.793926816580051,-0.0235021796791108,0.441565462825488,0.446126931858821,142.414992507538,63.1476834540079
"540",2024-02-15 05:00:00,1.1846,3.4859,3.62,6.118,44.862,6.628,9.52663355555556,58.8292395,1643.58748333333,1382.86125,313.642825,140.465475,3,63.25,0.9259,0.07756,1.8059,0.0424,-20089.749,276.6359,-4.86216581926838,0.00773371630223092,58.374270851431,5.8374270851431e-05,8.55089669140102e-08,85.5089669140102,1.37156382930072e-06,0.00137156382930072,1.37156382930072,130.21577903552,0.00223070502014378,-0.823496399528029,-0.0250220787699489,0.428048625745825,0.433511319154163,135.967714808988,60.8933733628661
"541",2024-02-15 06:00:00,1.2648,6.4764,4.674,8.132,202.906,7.065,9.26837653888889,17.9973777722222,951.590202777778,978.789888888889,281.37975,135.034625,3,65,1.01115,0.16158,1.96365,0.082,-19648.668,279.6264,-4.65353995983443,0.00952781454704957,17.8259020944753,1.78259020944753e-05,2.61120944240712e-08,26.1120944240712,4.18837994562102e-07,0.000418837994562102,0.418837994562102,36.2547453020985,0.0020338238766236,-0.95268850079092,-0.0299160606637198,0.37433484993187,0.383210347724654,107.827631840176,51.7466656011182
"542",2024-02-15 07:00:00,1.3465,7.45,5.336,8.412,109.868,7.385,9.11172585555556,8.18215850555556,647.819647777778,536.311419444444,262.252375,130.671225,3,51.75,1.08875,0.28386,2.10695,0.13465,-18819.499,280.6,-4.58669791030845,0.0101864399248278,8.0988114394833,8.09881143948329e-06,1.18634629490127e-08,11.8634629490127,1.90289945702164e-07,0.000190289945702164,0.190289945702164,15.9689360187393,0.0019717629108992,-0.993383970536506,-0.0333199689919998,0.35818561849675,0.367954913235175,96.4970498888437,48.0811192572091
"543",2024-02-15 08:00:00,1.3943,7.538,5.83,9.138,107.754,7.62,9.2169214,24.5717306666667,612.759905,1281.44480055556,225.02845,123.61015,3,42,1.1341,0.25373,2.191,0.1159,-17809.09,280.688,-4.58068204063356,0.0102479049165414,24.3199219071598,2.43199219071598e-05,3.5624794406484e-08,35.624794406484,5.71421702280003e-07,0.000571421702280003,0.571421702280003,47.6789765949651,0.00196049053023186,-0.997029808621733,-0.0363238734679038,0.355811678138547,0.365630855988844,82.2773447953427,45.1956849534093
"544",2024-02-15 09:00:00,1.3936,7.5974,5.925,9.672,106.536,7.722,10.7819079611111,32.6082121666667,499.301441666667,1480.90207777778,285.7209,136.006275,2.75,50.25,1.1356,0.064545,2.19375,0.02905,-17158.4835,280.7474,-4.5766237299713,0.0102895786030802,32.2726874044718,3.22726874044718e-05,4.72743234175665e-08,47.2743234175665,7.58280147617767e-07,0.000758280147617767,0.758280147617767,63.1288363320743,0.00195610720424005,-0.999487720595567,-0.0368604727666429,0.35474778976531,0.364614752452343,104.178055223961,49.5898942910903
"545",2024-02-15 10:00:00,1.3494,6.838,5.114,10.524,79.604,7.65,11.9465352222222,39.8478588333333,488.269125,1560.94022222222,239.4575,126.3829,3,48.25,0.7224,-0.1236,1.4293,-0.09395,-17366.588,279.988,-4.62865337635647,0.00976790441352484,39.4586287571657,3.94586287571657e-05,5.78005777486466e-08,57.8005777486466,9.27121267088292e-07,0.000927121267088292,0.927121267088292,79.2221093522706,0.00200772585990799,-0.967880152342715,-0.0324326422363231,0.367764388471373,0.376970952221573,90.2685217915974,47.6426821575239
"546",2024-02-15 11:00:00,1.2706,5.897,4.702,11.457,74.955,7.498,12.6213004444444,40.8438071111111,640.034952777778,1520.31566666667,310.747825,141.7836,3,59.75,0.49125,-0.149845,1.00175,-0.14555,-17911.4725,279.047,-4.69356772072845,0.00915396947293959,40.4699241476574,4.04699241476574e-05,5.92819636884544e-08,59.2819636884544,9.50882697562809e-07,0.000950882697562809,0.950882697562809,83.6219185795121,0.00206627317299661,-0.928155241583951,-0.0305436520425387,0.383391394585465,0.391668381786162,121.710097761319,55.5321531758165
"547",2024-02-15 12:00:00,1.2016,5.3828,4.294,12.697,73.614,7.483,13.5885993888889,34.0635961111111,668.322003888889,1508.82081666667,350.97625,148.49335,3,61.75,0.3312,-0.074535,0.70555,-0.103,-18226.5005,278.5328,-4.72924816422426,0.00883311002901807,33.7627086186776,3.37627086186776e-05,4.94569660929837e-08,49.4569660929837,7.93289736131459e-07,0.000793289736131459,0.793289736131459,70.9748859915669,0.00210216801007202,-0.90618415593908,-0.0282632429379536,0.392802868874295,0.400543594785247,140.581288859246,59.4780602107039
"548",2024-02-15 13:00:00,1.1188,5.2773,3.986,13.503,69.536,7.515,14.7651215555556,33.2801486666667,649.569209444444,1483.11683888889,378.119175,154.198625,3,74,0.319,-0.06399,0.68315,-0.09245,-18514.257,278.4273,-4.73658716748989,0.00876852110540794,32.9883309806919,3.29883309806919e-05,4.83226267537567e-08,48.3226267537567,7.75094933130258e-07,0.000775094933130258,0.775094933130258,69.7025680726745,0.00211294618431807,-0.901653077076553,-0.0263071330013679,0.3953593384304,0.402997741639987,152.381173595775,62.1416976389912
"549",2024-02-15 14:00:00,1.063,6.5758,4.777,14.032,137.559,8.192,16.6119242777778,33.3578574444444,315.578711666667,1390.79265555556,449.526175,165.8333,3,81.75,0.35495,-0.01465,0.7495,-0.0209,-18628.342,279.7258,-4.64669168248791,0.00959328759580245,33.0378459244001,3.30378459244001e-05,4.83951582238982e-08,48.3951582238982,7.76258337911328e-07,0.000776258337911328,0.776258337911328,66.9626616918114,0.0020268470845539,-0.95687364395296,-0.0304980361342662,0.372554598001421,0.381523459526363,171.504781433653,63.2692943206731
"550",2024-02-15 15:00:00,1.017,7.8948,6.259,15.424,168.239,8.63,18.5845298333333,35.2797257777778,190.658108333333,1688.57680555556,447.5571,165.035075,3.75,86.5,0.8482,-0.037675,1.6624,-0.0231,-18742.2925,281.0448,-4.55633390338027,0.0105004847556692,34.909271555064,3.4909271555064e-05,5.113649734472e-08,51.13649734472,8.20229417409309e-07,0.000820229417409309,0.820229417409309,67.5930585673681,0.00193624947059552,-1.01175719475413,-0.038647663479651,0.34979610260743,0.35990618963238,161.078570503918,59.3971449989441
"551",2024-02-15 16:00:00,1.0415,8.0722,6.272,15.824,106.21,8.743,19.3243181111111,36.8260416666667,146.700198888889,1829.32215,442.84565,165.32935,4.25,80,0.8934,-0.03652,1.7457,-0.02105,-18850.61,281.2222,-4.5442539784857,0.0106280990552807,36.4346508480194,3.64346508480194e-05,5.33709339482128e-08,53.3709339482128,8.56069780529333e-07,0.000856069780529333,0.856069780529333,70.209342842382,0.00192699370539456,-1.01904695717403,-0.0385556083643818,0.34728741188596,0.357550540006867,158.339701297192,59.1135983714844
"552",2024-02-15 17:00:00,1.0839,8.1637,6.154,15.331,135.284,8.714,17.5174083888889,35.3335318333333,146.65444,1454.75858333333,368.26225,149.1146,3.25,75,0.94545,0.077985,1.8419,0.04165,-18833.839,281.3137,-4.53803006184408,0.0106944537359666,34.9556590118134,3.49556590118134e-05,5.12044475468648e-08,51.2044475468648,8.21319338651711e-07,0.000821319338651711,0.821319338651711,67.2504799080525,0.00192387961804196,-1.02279844106999,-0.0377434295976153,0.346268126943472,0.35661712605725,131.328625230377,53.1768201051764
"553",2024-02-15 18:00:00,1.1591,7.9592,5.972,14.268,114.296,8.612,16.4980561666667,31.5940603888889,153.618749444444,1241.84497777778,345.0879,144.439066666667,3,80.6666666666667,1.02625,0.163105,1.99145,0.08175,-18359.6385,281.1092,-4.55194664584253,0.0105466542908446,31.2608487563232,3.12608487563232e-05,4.57921416922125e-08,45.7921416922125,7.34505952743088e-07,0.000734505952743088,0.734505952743088,60.5435132099755,0.00193672007058763,-1.01440603772564,-0.0368158313202251,0.349510432123402,0.359694665809497,124.126276865401,51.9539618145023
"554",2024-02-15 19:00:00,1.1992,7.8531,5.958,14.165,92.529,8.62,16.0292688333333,29.3850675,152.853867222222,1217.8151,251.15605,127.511225,3,55.5,1.06915,0.2015,2.07105,0.09685,-17747.8315,281.0031,-4.55917592920607,0.0104706844737659,29.0773857299672,2.90773857299672e-05,4.25937177126851e-08,42.5937177126851,6.8320323211147e-07,0.00068320323211147,0.68320323211147,56.4791266400326,0.00194237292047287,-1.01004050458053,-0.0368276948537123,0.351035402270029,0.361127718277962,90.6994112682057,46.0478377390778
"555",2024-02-15 20:00:00,1.2397,7.7289,5.975,13.934,79.033,8.603,16.0136963333333,27.9670685,156.157001666667,1198.83022222222,275.7997,132.5134,3,60.75,1.1107,0.23149,2.14735,0.10755,-16688.9195,280.8789,-4.56764630064585,0.0103823684507633,27.6767040903453,2.76767040903453e-05,4.05419432197014e-08,40.5419432197014,6.5029276924401e-07,0.00065029276924401,0.65029276924401,53.9303809939324,0.00194858393607444,-1.00492038419919,-0.0370484819675005,0.3527594616165,0.36274094652548,100.043844229443,48.0680361433095
"556",2024-02-15 21:00:00,1.2095,7.4199,5.951,13.431,95.372,8.507,15.9182759444444,26.9468314444444,164.68135,1177.67713888889,228.754233333333,124.250366666667,3,52.6666666666667,0.3676,-0.03852,0.7729,-0.0258,-16639.353,280.5699,-4.58875658679573,0.0101654909117039,26.6729036742967,2.66729036742967e-05,3.90715362182568e-08,39.0715362182568,6.26707440940839e-07,0.000626707440940839,0.626707440940839,52.4145542459577,0.0019650861745685,-0.992135697580643,-0.037188531105273,0.357248297167019,0.366952659752227,83.9419743512482,45.5940025235228
"557",2024-02-15 22:00:00,1.1929,7.0304,5.92,12.878,90.291,8.383,15.710845,25.9450003888889,179.986221111111,1156.59788333333,292.90435,136.6798,3,57,0.14685,-0.028665,0.3646,-0.07475,-16693.6325,280.1804,-4.61544120937068,0.00989781591279994,25.6882015511821,2.56882015511821e-05,3.76291051602337e-08,37.6291051602337,6.03570846770148e-07,0.000603570846770148,0.603570846770148,51.0233496312467,0.00198625620129871,-0.975926096641629,-0.0373613773378535,0.363023585143987,0.372367172963852,109.067964758315,50.8950707272647
"558",2024-02-15 23:00:00,1.1181,6.2149,5.785,11.854,92.723,7.993,15.2350286111111,23.6769428888889,340.236485555556,1154.00874444444,234.202775,123.8849,2.75,50.75,0.4394,-0.19962,0.9059,-0.1792,-17055.6365,279.3649,-4.67158250730953,0.00935745002907424,23.4553870789649,2.34553870789649e-05,3.43583892087509e-08,34.3583892087509,5.51108562908364e-07,0.000551108562908364,0.551108562908364,47.6825533113799,0.00203290413203807,-0.941645180020217,-0.03727472277022,0.375716690321664,0.384265259454668,89.9959901003783,47.6046632410156
"559",2024-02-16,1.0773,4.9719,5.429,10.636,82.221,7.412,14.6184572222222,21.0321156111111,878.791833888889,1110.07038333333,196.857275,114.8049,2.75,42,0.0979,-0.015935,0.2745,-0.0587,-17413.9975,278.1219,-4.75786733394526,0.00858389690266701,20.8515780990604,2.08515780990604e-05,3.05442256626276e-08,30.5442256626276,4.89929379628546e-07,0.000489929379628546,0.489929379628546,43.9973712085687,0.0021100259653993,-0.888491856645,-0.0361131526184412,0.396688076249311,0.403908627032046,79.5123516665199,46.3706895355513
"560",2024-02-16 01:00:00,0.9983,3.9284,4.981,9.772,76.231,7.122,13.9907815555556,20.6847343333333,1247.98885,1157.98648333333,205.322975,118.18245,2.5,44.5,0.27,-0.057305,0.5923,-0.08985,-17555.2595,277.0784,-4.83097635404172,0.00797872780259136,20.5196964684188,2.05196964684188e-05,3.00580721747985e-08,30.0580721747985,4.82131477683768e-07,0.000482131477683768,0.482131477683768,44.7543538189067,0.00218104365665383,-0.84301752841251,-0.0340372855203615,0.416006325239896,0.421989262263774,86.6440907460534,49.8717248880254
"561",2024-02-16 02:00:00,0.9492,3.4348,4.682,8.97,54.731,6.919,13.6596496111111,40.9912797777778,1770.92019444444,1461.01090555556,240.9672,126.507075,2.25,47,0.19105,-0.015435,0.44635,-0.0352,-17664.5975,276.5848,-4.86577481241639,0.00770585567802009,40.6754068917529,4.06754068917529e-05,5.95829630313153e-08,59.5829630313153,9.55710727022297e-07,0.000955710727022297,0.955710727022297,90.1944473833553,0.00221741967138484,-0.821232921992078,-0.032405708710173,0.425862552834635,0.431217678942914,103.909316685373,54.5520872513571
"562",2024-02-16 03:00:00,0.8926,3.1715,4.457,8.239,37.042,6.8,13.9649811666667,85.941854,2307.15056111111,1191.10610111111,192.503575,115.1886,2.5,41.25,0.6517,-0.04985,1.29865,-0.03905,-17776.726,276.3215,-4.88439444682783,0.00756370298642558,85.2918153422413,8.52918153422412e-05,1.24938862785929e-07,124.938862785929,2.0040193590863e-06,0.0020040193590863,2.0040193590863,190.906233652573,0.00223827143186652,-0.809539828718016,-0.0310598220546803,0.431451725482074,0.436461240940124,84.0203492299102,50.2753592981555
"563",2024-02-16 04:00:00,0.9102,3.0303,4.295,7.722,33.365,6.743,14.4773157777778,153.057491666667,2833.82319444444,541.372664444444,263.57855,130.9085,2.5,52.25,0.6325,-0.032875,1.2631,-0.0229,-17907.7045,276.1803,-4.8943960446164,0.00748843092008403,151.91133121352,0.000151911331213519,2.22525794414812e-07,222.525794414812,3.56931374241358e-06,0.00356931374241358,3.56931374241358,341.837176305093,0.0022502414637169,-0.803248288499486,-0.0300407976399656,0.434617438683708,0.439439043019946,115.826705772585,57.5263059631766
"564",2024-02-16 05:00:00,0.9059,2.8792,4.168,7.43,27.552,6.716,14.6287663333333,203.832076666667,3092.65468333333,369.377496111111,231.798466666667,124.418366666667,2,44.6666666666667,0.54915,-0.022735,1.1089,-0.01775,-18030.4865,276.0292,-4.90511162594441,0.00740861642345588,202.321962995847,0.000202321962995847,2.96369304274836e-07,296.369304274836,4.75376364056837e-06,0.00475376364056837,4.75376364056837,457.737359215904,0.00226242051252389,-0.796499442575396,-0.0292671557527094,0.437899170988946,0.442514947277107,102.574286255914,55.0569869658038
"565",2024-02-16 06:00:00,1.0129,2.9156,4.077,7.717,21.813,6.73,14.5169496111111,228.600223888889,3109.32955555556,357.591563888889,270.17965,131.275925,2.25,51.75,0.5644,0.003575,1.13685,0.00345,-18039.5035,276.0656,-4.90252903637294,0.00742777456693194,226.902232959892,0.000226902232959892,3.32375466928968e-07,332.375466928968,5.33130248954065e-06,0.00533130248954065,5.33130248954065,513.121359587684,0.00226142049328525,-0.798126771659362,-0.0286011051818366,0.43747843018192,0.442148069980706,119.459410795563,58.0433968736819
"566",2024-02-16 07:00:00,1.0348,2.5133,3.913,8.28,27.704,6.749,14.2556840555556,201.341499444444,2489.96936111111,372.150035,267.199675,131.5907,2.25,53.5,0.80415,-0.021785,1.5806,-0.01445,-18099.1095,275.6633,-4.9311149059928,0.00721845127188162,199.888125641697,0.000199888125641697,2.92804121964984e-07,292.804121964984,4.69657811631834e-06,0.00469657811631834,4.69657811631834,458.044376705397,0.00229150368604911,-0.780087086755017,-0.0277392081289896,0.44582610821513,0.449928230703789,120.220677017377,59.206370828073
"567",2024-02-16 08:00:00,1.0935,2.6377,3.746,8.951,21.861,6.794,14.2945665,194.308722222222,2470.75644444444,371.878605555556,279.31765,136.046775,2.25,59.5,0.9019,0.01345,1.76155,0.00795,-18050.167,275.7877,-4.92226551811694,0.00728261362643782,192.893646874031,0.000192893646874031,2.82558329686956e-07,282.558329686956,4.53223560817877e-06,0.00453223560817877,4.53223560817877,440.887996480682,0.00228565327902481,-0.785678077647905,-0.0264695644211214,0.443903695515341,0.448190295470168,125.187460083533,60.9748442850134
"568",2024-02-16 09:00:00,1.0976,2.6537,3.727,9.331,21.712,6.802,14.719797,158.153904444444,2012.34872222222,535.713081666667,367.63165,151.03365,2,62.5,0.9107,-0.01406,1.77765,-0.00795,-18099.03,275.8037,-4.92112798419437,0.00729090255997382,157.000819737661,0.000157000819737661,2.29981080784515e-07,229.981080784515,3.68889653578362e-06,0.00368889653578362,3.68889653578362,358.725391609203,0.00228486317592872,-0.786396348426283,-0.026324354164929,0.443649384706491,0.447959516034317,164.684096012897,67.6569607588964
"569",2024-02-16 10:00:00,1.0872,3.0821,3.686,9.63,20.152,6.816,15.4362341111111,144.896021111111,2088.80306111111,633.364860555556,285.09865,135.5807,2.25,57.5,0.62445,-0.020795,1.24825,-0.02065,-18179.6175,276.2321,-4.89072556860006,0.00751596753120789,143.806987321039,0.000143806987321039,2.1065422730735e-07,210.65422730735,3.3788938060099e-06,0.0033788938060099,3.3788938060099,324.49546758587,0.00225646523601428,-0.805558070320405,-0.0257465772675344,0.435480766611488,0.440394532933191,125.555886806633,59.7089990512551
"570",2024-02-16 11:00:00,1.0603,3.7271,3.681,9.848,16.709,6.817,16.1392482222222,134.150941111111,2254.83656666667,653.070217222222,392.90435,156.0274,3,72,0.2162,-0.00787,0.49295,-0.0211,-18217.7755,276.8771,-4.84515102164311,0.0078664297632219,133.09565215519,0.00013309565215519,1.94963835103009e-07,194.963835103009,3.12721991505227e-06,0.00312721991505227,3.12721991505227,294.675049869388,0.00221400958707348,-0.834154705078198,-0.0252852257944796,0.423399148716497,0.429176380886298,168.625266967484,66.9632748510988
"571",2024-02-16 12:00:00,0.9918,4.7579,3.687,10.044,12.126,6.787,16.8800997222222,129.003460166667,2451.09386111111,656.827679444444,394.2531,155.710766666667,3,74,0.08255,-0.0068,0.24555,-0.0258,-18257.087,277.9079,-4.77281013509565,0.00845658302144893,127.912531695713,0.000127912531695713,1.87371392929148e-07,187.371392929148,3.00543714258354e-06,0.00300543714258354,3.00543714258354,274.863931915298,0.00214884287154258,-0.879229810665056,-0.0246610366314032,0.404990832758304,0.412045220029696,162.45010533689,64.1598771121593
"572",2024-02-16 13:00:00,0.9422,5.5633,3.877,9.428,8.174,6.724,17.6160901111111,164.039679444444,2986.67920555556,544.575406111111,347.56335,147.367775,3,67.5,0.3725,-0.021445,0.78185,-0.02075,-18295.1655,278.7133,-4.71670635670439,0.00894459081763819,162.572411633957,0.000162572411633957,2.38142571457886e-07,238.142571457886,3.81980684618449e-06,0.00381980684618449,3.81980684618449,341.008232619291,0.0020975774991091,-0.913918033292887,-0.0254006649025848,0.390894061487523,0.398855478043531,138.627546114661,58.7784443458365
"573",2024-02-16 14:00:00,0.8824,5.8693,4.042,8.504,7.508,6.69,18.2377859444444,253.246363888889,3651.87217222222,488.212296111111,364.3845,150.401133333333,3,67.6666666666667,0.66175,-0.0301,1.3172,-0.02295,-18404.8875,279.0193,-4.69548605810972,0.0091364259039185,250.932597249781,0.000250932597249781,3.6757610575537e-07,367.57610575537,5.89592073631613e-06,0.00589592073631613,5.89592073631613,521.267603779997,0.0020773211989717,-0.926976427959573,-0.0262749785012923,0.385485613222608,0.393768720342093,143.483218277494,59.2232618106672
"574",2024-02-16 15:00:00,0.8225,5.9855,4.118,7.79,6.059,6.691,18.8396031666667,382.117768333333,4138.05160555556,711.472538333333,430.797033333333,162.226733333333,3,74,0.6586,-0.02037,1.31155,-0.01535,-18488.9855,279.1355,-4.68744160814758,0.00921021984203122,378.598379681437,0.000378598379681437,5.54586050492556e-07,554.586050492556,8.8955602499006e-06,0.0088955602499006,8.8955602499006,783.518502542193,0.00206952418338786,-0.931917856041871,-0.0266895913706756,0.383426455880045,0.391828429343966,168.79852493704,63.5650461196024
"575",2024-02-16 16:00:00,0.7916,5.5904,4.14,7.025,5.899,6.685,19.0354823333333,522.578282222222,4366.52217777778,1128.97781833333,451.983175,165.7628,3,92,0.63765,-0.015905,1.2727,-0.01245,-18546.842,278.7404,-4.71482492651198,0.00896143528155764,517.89523076654,0.00051789523076654,7.58633649836059e-07,758.633649836059,1.21684837433704e-05,0.0121684837433704,12.1684837433704,1083.52375537191,0.00209216785751856,-0.915077189186363,-0.0271049087111645,0.389776376501416,0.397753699786034,179.777980097289,65.9327669868925
"576",2024-02-16 17:00:00,0.8002,5.4105,4.128,6.507,5.082,6.667,18.7989861666667,622.736065555556,4495.07322777778,1358.85993333333,498.973775,173.5773,3,91.25,0.5893,-0.00824,1.1828,-0.00635,-18589.497,278.5605,-4.72732227779713,0.00885013798724777,617.224765445753,0.000617224765445753,9.04135525415557e-07,904.135525415557,1.45023338276655e-05,0.0145023338276655,14.5023338276655,1297.99185910962,0.00210294844240773,-0.907372520358507,-0.0271513186852824,0.39277284410506,0.400552809226899,199.865347306801,69.5268751330203
"577",2024-02-16 18:00:00,0.8468,5.322,4.133,6.183,5.036,6.657,18.1341265555556,682.413583888889,4603.30834444444,1437.96121666667,486.256866666667,168.1362,3,94.6666666666667,0.66685,-0.00235,1.3262,-0.00145,-18612.8165,278.472,-4.73347689227303,0.00879583607552187,676.411185869293,0.000676411185869293,9.90834161508775e-07,990.834161508775,1.58929799506007e-05,0.0158929799506007,15.8929799506007,1425.96178284139,0.00210812862446799,-0.90357384708804,-0.0272460251521342,0.394230359308603,0.401911464826598,195.432209563992,67.5758664323778
"578",2024-02-16 19:00:00,0.897,5.2702,4.139,6.229,4.528,6.649,17.4098792777778,689.965286111111,4651.17156111111,1390.23232222222,453.779075,162.501725,3,97.5,0.7497,-0.003775,1.47995,-0.0026,-18615.1525,278.4202,-4.73708129672258,0.00876418939314855,683.918299668935,0.000683918299668935,1.00183088208704e-06,1001.83088208704,1.60693673486762e-05,0.0160693673486762,16.0693673486762,1443.83791876235,0.00211112631356884,-0.901347857415196,-0.0273218965007774,0.395078913146781,0.402701629193151,182.737572796261,65.4397094041975
"579",2024-02-16 20:00:00,0.9423,5.3402,4.155,6.281,4.477,6.639,16.6211790555556,693.955007222222,4745.64961666667,1228.46793333333,430.753675,158.4972,2.75,90.75,0.80435,0.015655,1.58125,0.0097,-18598.0895,278.4902,-4.73221083804824,0.00880697913319846,687.843359954237,0.000687843359954237,1.00758046739537e-06,1007.58046739537,1.61615906970217e-05,0.0161615906970217,16.1615906970217,1449.09663136976,0.00210672475120814,-0.904355498205547,-0.0273782607853245,0.393870241984797,0.401570574645413,172.978000800373,63.6478116836889
"580",2024-02-16 21:00:00,0.9876,6.3022,4.719,8.43,41.569,6.851,15.9604423888889,529.465075,3098.97493888889,886.088081666667,418.0918,156.86565,2.25,83.75,0.6787,0.002255,1.3485,7e-04,-18547.277,279.4522,-4.66555489847355,0.00941402340676949,524.480678390883,0.000524480678390883,7.68280276934101e-07,768.280276934101,1.2323215642023e-05,0.012323215642023,12.323215642023,1071.49696589476,0.00204296747247608,-0.945337259289715,-0.030338479451172,0.376937556175016,0.38563437428421,161.230569686359,60.4927867844359
"581",2024-02-16 22:00:00,0.9956,7.2928,5.435,13.595,142.657,8.21,15.6594319444444,227.172801111111,443.740225555556,389.880928333333,367.8213,148.72435,2.25,80.75,0.6895,0.023685,1.3685,0.0122,-18515.178,280.4428,-4.59745502482234,0.0100774504821452,224.883478457024,0.000224883478457024,3.29418314582987e-07,329.418314582987,5.2838697659111e-06,0.0052838697659111,5.2838697659111,444.995446183829,0.00197878229755713,-0.986857827020515,-0.0340733117582159,0.36025933251377,0.369877854425381,136.048953255954,55.0098434788094
"582",2024-02-16 23:00:00,0.9952,7.06,5.412,12.804,175.472,8.105,15.6644973333333,95.5100933333333,222.118991111111,992.663773333333,392.27385,152.8681,2,84,0.74155,-0.02043,1.4647,-0.01675,-18483.596,280.21,-4.61341038164692,0.00991793709596252,94.5628302356238,9.45628302356238e-05,1.38519416242351e-07,138.519416242351,2.22185143652731e-06,0.00222185143652731,2.22185143652731,188.329684797984,0.0019915825734987,-0.977161645055247,-0.0341297446868398,0.363748934488455,0.373150609309939,146.377226143856,57.0428246590527
"583",2024-02-17,0.9385,7.4614,5.385,13.058,248.388,8.279,15.7115805555556,64.6724296111111,239.136296666667,1288.39971111111,376.592133333333,150.408866666667,2.33333333333333,80.3333333333333,0.36005,-0.00549,0.7589,-0.0037,-18560.7525,280.6114,-4.58591834211488,0.0101943840454052,64.013134026506,6.4013134026506e-05,9.37689992473871e-08,93.7689992473871,1.50405474792809e-06,0.00150405474792809,1.50405474792809,126.137864464489,0.0019704997479464,-0.993856574535073,-0.0336162603809134,0.357910317079385,0.367687040637342,138.468047032637,55.3033910702832
"584",2024-02-17 01:00:00,0.9019,7.0657,5.407,11.661,282.784,7.914,15.6085827777778,50.7866205555556,268.682434444444,1378.85616111111,388.7049,154.222,2,77,0.74485,-0.01173,1.47065,-0.00765,-18579.0705,280.2157,-4.61301936556997,0.0099218159270698,50.2827250548454,5.02827250548454e-05,7.36561469693397e-08,73.6561469693397,1.18144459738821e-06,0.00118144459738821,1.18144459738821,100.130166563319,0.00199134327851371,-0.977399501581317,-0.0340932865616748,0.36367568341129,0.373083053999901,145.019211196726,57.5376147539728
"585",2024-02-17 02:00:00,0.8412,7.0578,5.663,11.201,318.833,7.549,15.2021816666667,58.3114675555556,498.455401666667,1381.8166,405.57665,156.185475,2,79,0.42465,-0.012845,0.8787,-0.00845,-18654.7135,280.2078,-4.61356130492432,0.00991644036135554,57.7332253651578,5.77332253651578e-05,8.45699378438977e-08,84.5699378438977,1.35650180301612e-06,0.00135650180301612,1.35650180301612,114.789825646111,0.00198828014406047,-0.977069834734017,-0.0357146200439615,0.363206238913238,0.372590961567464,151.114194012811,58.1932963131211
"586",2024-02-17 03:00:00,0.7996,6.9874,5.641,10.351,141.035,7.338,14.6677604444444,77.1069578888889,714.393940555556,1232.58854611111,387.1192,153.7318,2,82,0.1039,-0.003375,0.2852,-0.01095,-18659.135,280.1374,-4.6183922592913,0.00986865002041011,76.3460163073449,7.63460163073449e-05,1.11834698527651e-07,111.834698527651,1.79382856438352e-06,0.00179382856438352,1.79382856438352,152.110073673725,0.00199237735026511,-0.974130125289022,-0.0356394407193298,0.364302917675545,0.37362208372704,144.636282154745,57.4375954511086
"587",2024-02-17 04:00:00,0.7926,6.7617,5.655,9.167,58.514,7.047,14.2240131111111,123.245036444444,1338.29167277778,721.803921111111,361.13685,148.55995,2,73,0.1679,-0.001935,0.40345,0.0025,-18664.137,279.9117,-4.63389858456567,0.00971680385533439,122.04748859917,0.00012204748859917,1.78780043199609e-07,178.780043199609,2.86763189292172e-06,0.00286763189292172,2.86763189292172,244.637877233816,0.00200444826879853,-0.964682223896645,-0.035933212223315,0.367653104530571,0.376754184511916,136.059819418952,55.970582813381
"588",2024-02-17 05:00:00,0.8189,6.6955,5.652,8.495,40.92,6.955,13.8940891111111,158.307823333333,1727.56439444444,476.476291111111,396.8776,154.6868,2,75.5,0.17335,0.02321,0.4136,0.03335,-18630.825,279.8455,-4.63845208227438,0.00967265899474223,156.77656574203,0.00015677656574203,2.29652584561555e-07,229.652584561555,3.68362745636735e-06,0.00368362745636735,3.68362745636735,314.824913827328,0.00200811206915554,-0.961904317170479,-0.0359746349435629,0.368660559183937,0.377697230514766,149.899570373347,58.4247759571916
"589",2024-02-17 06:00:00,0.8822,6.5382,5.616,8.117,42.076,6.897,13.5341352222222,160.984887777778,1873.24886666667,485.231537222222,NA,NA,NA,NA,0.6552,0.005765,1.305,0.00385,-18570.1125,279.6882,-4.6492815333249,0.00956847455705646,159.444507975006,0.000159444507975005,2.33560693062107e-07,233.560693062107,3.7463135167162e-06,0.0037463135167162,3.7463135167162,321.642060135702,0.00201726647233358,-0.955291345555004,-0.0358888362315798,0.371138421648618,0.380022101781962,NA,NA
"590",2024-02-17 07:00:00,0.9571,6.3467,5.549,8.007,54.943,6.898,13.2963924444444,148.732786666667,1946.752,583.711481666667,NA,NA,NA,NA,0.86085,0.010615,1.6856,0.00635,-18541.516,279.4967,-4.66248403693253,0.00944297700238093,147.328306382673,0.000147328306382673,2.15812396321595e-07,215.812396321595,3.46163083699839e-06,0.00346163083699839,3.46163083699839,298.90463304256,0.00202883370060726,-0.947217185789455,-0.0356340978634474,0.374242504607098,0.382938111065051,NA,NA
"591",2024-02-17 08:00:00,1.041,5.2886,4.552,10.255,39.638,7.269,13.2682638333333,132.006359444444,1698.19692777778,762.590047222222,NA,NA,NA,NA,0.5583,0.06287,1.12585,0.05525,-18401.9345,278.4386,-4.73580079492941,0.00877541914158667,130.847948310965,0.000130847948310964,1.91671308603833e-07,191.671308603833,3.07440779000548e-06,0.00307440779000548,3.07440779000548,275.302563007615,0.00210398838163934,-0.902138775193379,-0.0300339499667963,0.393697384215603,0.401319965164395,NA,NA
"592",2024-02-17 09:00:00,1.0837,3.9977,3.452,12.782,19.813,7.703,13.3663298888889,79.245105,461.857507222222,1294.02310555556,287.5005,135.95345,2,59.75,0.48145,-0.02331,0.98365,-0.025,-18303.221,277.1477,-4.82610190710465,0.00801771462989804,78.6097403622937,7.86097403622937e-05,1.15150692072302e-07,115.150692072302,1.84701710083973e-06,0.00184701710083973,1.84701710083973,172.950701227504,0.00220011795523577,-0.846061867797779,-0.023546735664349,0.419115557527593,0.425249543485229,122.259456376775,57.8141425477418
"593",2024-02-17 10:00:00,1.0656,4.2349,3.621,12.552,27.366,7.42,13.5156501111111,71.0902612777778,568.436636666667,1349.2692,410.163966666667,157.711833333333,2,76.3333333333333,0.32015,-0.002015,0.685,-0.0035,-18383.2955,277.3849,-4.80943838074978,0.00815243738825313,70.5107023737961,7.05107023737961e-05,1.03286897265232e-07,103.286897265232,1.65672183213431e-06,0.00165672183213431,1.65672183213431,153.884915579793,0.00218243345193199,-0.85645573876716,-0.0245485540007694,0.414366557308956,0.420790869714403,172.593252259176,66.3636995125863
"594",2024-02-17 11:00:00,1.0758,4.5169,3.592,12.977,27.016,7.533,13.3032445,66.3521052222222,483.708001111111,1406.5747,382.149866666667,152.822833333333,2,71.3333333333333,0.3322,-0.01343,0.7075,-0.01925,-18396.2615,277.6669,-4.78966926371053,0.00831520748488906,65.8003737002403,6.58003737002403e-05,9.63870194110599e-08,96.3870194110599,1.5460477913534e-06,0.0015460477913534,1.5460477913534,142.469925010699,0.0021651841319281,-0.868759885178971,-0.0241753315672479,0.409452156382178,0.416222994548617,159.059561870355,63.6083773254041
"595",2024-02-17 12:00:00,1.0341,4.6437,3.878,12.195,47.39,7.146,13.0907135,92.6075097222222,849.823843888889,1188.83975444444,355.353675,149.638675,2,79.5,0.2467,-0.02265,0.54935,-0.04265,-18478.0355,277.7937,-4.78079488210573,0.00838932820981064,91.8305949284693,9.18305949284693e-05,1.34517128675019e-07,134.517128675019,2.1576547439473e-06,0.0021576547439473,2.1576547439473,197.71236878886,0.00215301195579607,-0.874273740619131,-0.02601500942001,0.406452279682999,0.4133621916404,146.88977390547,61.8549706521655
"596",2024-02-17 13:00:00,0.9775,4.5535,3.981,10.399,37.781,6.826,13.2296966111111,141.608357777778,2090.05603333333,722.453898333333,368.667925,151.43755,2,75.75,0.2753,-0.01398,0.60205,-0.02515,-18536.904,277.7035,-4.78710679506723,0.00833654226628827,140.427833717904,0.000140427833717904,2.05704307943334e-07,205.704307943334,3.29949709941108e-06,0.00329949709941108,3.29949709941108,302.908530921989,0.00215704054461513,-0.870352609883003,-0.0267681487071017,0.407741958797059,0.414539150850445,152.827288575296,62.7767933838718
"597",2024-02-17 14:00:00,0.8866,4.472,4.11,8.324,16.372,6.678,13.3056385,178.199301111111,3196.84236666667,490.314296111111,446.226925,164.44305,2,84,0.4454,-0.03991,0.91665,-0.0438,-18638.8215,277.622,-4.79281387656484,0.00828910044659673,176.722189204688,0.000176722189204688,2.58869731634595e-07,258.869731634595,4.1522704954189e-06,0.0041522704954189,4.1522704954189,381.746911208911,0.00216015268329861,-0.866804653231366,-0.027693698627748,0.408812627304883,0.415505689978533,185.409826359124,68.3270229524244
"598",2024-02-17 15:00:00,0.7871,4.5659,4.439,6.058,7.854,6.608,13.5252795555556,302.546261111111,4471.94007777778,327.067917222222,399.026375,156.963925,2,82.25,0.644,-0.028195,1.28455,-0.0218,-18756.26,277.7159,-4.78623880857048,0.00834378141361583,300.021881240893,0.000300021881240893,4.3948405251691e-07,439.48405251691,7.04932420237124e-06,0.00704932420237124,7.04932420237124,644.863853002891,0.00214938940565177,-0.870892003180359,-0.0298381869660617,0.406272894941775,0.413064040506536,164.823446726176,64.8361530742649
"599",2024-02-17 16:00:00,0.7374,4.4199,4.569,5.453,5.979,6.632,13.9057330555556,499.982311666667,4975.39744444444,837.888651666667,448.32175,165.8065,2,82.25,0.60365,-0.0068,1.20975,-0.00575,-18812.136,277.5699,-4.79646418219189,0.00825889785479172,495.853008825409,0.000495853008825409,7.26345321447812e-07,726.345321447812,1.16505789560229e-05,0.0116505789560229,11.6505789560229,1069.29007584234,0.00215646584130911,-0.864534069531768,-0.0308279140443351,0.408459716168198,0.415069092333278,186.084501845767,68.8211534579577
"600",2024-02-17 17:00:00,0.6988,3.902,4.655,4.601,4.758,6.648,13.6823216111111,681.081163333333,5012.92578888889,1309.20453333333,446.604166666667,164.056766666667,2,83,0.55625,-0.00732,1.1219,-0.0067,-18838.4725,277.052,-4.83283400742335,0.0079639198503424,675.657087536969,0.000675657087536969,9.89729528107653e-07,989.729528107653,1.58752616308468e-05,0.0158752616308468,15.8752616308468,1478.14713029331,0.00218771793792872,-0.841856865086875,-0.0318313224532239,0.417409223305779,0.423371993905593,189.079696528212,69.4570404173713
"601",2024-02-17 18:00:00,0.6445,3.4748,4.712,3.69,5.412,6.655,12.8715905,868.341082777778,5178.81046666667,1817.21827222222,456.1048,165.79355,2,86,0.4872,-0.009765,0.99435,-0.0097,-18874.0335,276.6248,-4.86294964142915,0.00772765681916035,861.630840888093,0.000861630840888093,1.26215132096651e-06,1262.15132096651,2.02449071883029e-05,0.0202449071883029,20.2449071883029,1907.94756584216,0.00221434456068868,-0.823004886158103,-0.032579547989649,0.425034713679353,0.430441671845537,196.326512648774,71.3644528432066
"602",2024-02-17 19:00:00,0.7001,3.3842,4.681,3.305,5.086,6.647,12.1402777777778,920.58662,5091.59390555556,2014.77642222222,475.932125,166.257575,2,93.5,0.53545,-0.00875,1.08375,-0.00815,-18904.064,276.5342,-4.86934996991956,0.00767835521909041,913.518028921698,0.000913518028921698,1.33815774948566e-06,1338.15774948566,2.146405030175e-05,0.02146405030175,21.46405030175,2028.6873834493,0.00222074148426378,-0.81898971609391,-0.032441322130749,0.426803722279824,0.4320916196144,205.646282717773,71.8385048549126
"603",2024-02-17 20:00:00,0.725,3.3876,4.7,2.929,4.676,6.628,11.3301827222222,928.745042777778,5127.8532,2023.38213333333,416.209466666667,156.294233333333,2,86.3333333333333,0.559,-0.00922,1.12735,-0.0082,-18941.3095,276.5376,-4.86910969585496,0.00768020035034876,921.612094774851,0.000921612094774851,1.35001426090999e-06,1350.01426090999,2.16542287449963e-05,0.0216542287449963,21.6542287449963,2046.18329542097,0.00222022183413386,-0.819140503868859,-0.0325701285126143,0.426684407133655,0.43197613730977,179.792557722426,67.5153791991252
"604",2024-02-17 21:00:00,0.7674,3.5151,4.719,2.796,4.49,6.618,10.5151197222222,508.822843888889,3927.255,764.811317498889,411.9863,156.298875,2,95.5,0.59575,-0.009095,1.1952,-0.00755,-18968.8725,276.6651,-4.86010421030955,0.00774967664721968,504.879631378031,0.000504879631378031,7.39567879227795e-07,739.567879227795,1.18626687828138e-05,0.0118626687828138,11.8626687828138,1116.59932008455,0.00221161490915542,-0.824788961001424,-0.0325938833961726,0.424271013822392,0.429730852887694,177.043224077045,67.166448859137
"605",2024-02-17 22:00:00,0.7905,3.4864,4.721,2.646,4.518,6.608,9.83379976111111,111.508938111111,1623.80986666667,642.882813888889,452.9062,161.8817,2,88.5,0.6174,-0.007915,1.2351,-0.00635,-19000.582,276.6364,-4.8621305136281,0.00773398935085384,110.646529171235,0.000110646529171235,1.62079461791192e-07,162.079461791192,2.59975456713071e-06,0.00259975456713071,2.59975456713071,244.910494262574,0.0022134494059326,-0.82351853765692,-0.0326319621292837,0.424794184216945,0.430216122506727,194.847549223256,69.6441172787972
"606",2024-02-17 23:00:00,0.8004,3.4709,4.727,2.493,4.349,6.596,9.29802928333333,100.727715888889,1428.4779,720.172825555556,311.047475,139.322675,2,73.25,0.6302,-0.00772,1.2587,-0.00615,-19032.303,276.6209,-4.86322505519167,0.00772552880919766,99.9495410179046,9.99495410179046e-05,1.46410085664667e-07,146.410085664667,2.34841777406126e-06,0.00234841777406126,2.34841777406126,221.324725211492,0.00221436459795092,-0.82283217095781,-0.0326865647533143,0.42506263871286,0.43046388313061,133.894703926471,59.9733796886439
"607",2024-02-18,0.8081,3.4015,4.51,2.463,4.409,6.592,8.90941117777778,106.523425333333,1465.81995555556,518.828421111111,346.63085,145.88895,2,71,0.64015,-0.011765,1.27735,-0.00935,-19061.4635,276.5515,-4.86812746801574,0.00768774776289724,105.704500108531,0.000105704500108531,1.5484017993898e-07,154.84017993898,2.48363648622124e-06,0.00248363648622124,2.48363648622124,234.90557702431,0.00222228549194333,-0.819756872063625,-0.0312422010729482,0.426988126412521,0.43230535179049,149.850371550686,63.0685738520951
"608",2024-02-18 01:00:00,0.7876,2.7098,4.268,2.214,5.25,6.588,8.67472666666667,123.847499444444,1616.82963888889,282.940282222222,272.126125,132.4716,2,61.5,0.618,-0.01264,1.2361,-0.0102,-19110.774,275.8598,-4.91714067721043,0.00732003166110696,122.940931827362,0.000122940931827362,1.80088794577993e-07,180.088794577993,2.88862426503101e-06,0.00288862426503101,2.88862426503101,279.358348067177,0.00227229730501361,-0.788913296214865,-0.0301015791277025,0.440865748371946,0.445239381924713,121.161267700567,58.9815733065778
"609",2024-02-18 02:00:00,0.7793,2.2582,3.857,2.038,4.952,6.581,8.48849475,139.183097777778,1755.25472222222,98.1967165,267.22855,131.199025,2,55.75,0.6061,-0.014375,1.21455,-0.0119,-19154.2815,275.4082,-4.94928993978028,0.00708844072935024,138.196506638653,0.000138196506638653,2.02435770784564e-07,202.435770784564,3.24706976338441e-06,0.00324706976338441,3.24706976338441,319.253723736206,0.00231014322649248,-0.768586227524921,-0.0275243553882146,0.451079994905013,0.454809187086944,121.537999591923,59.6705219068497
"610",2024-02-18 03:00:00,0.7486,1.9249,4.756,1.936,4.366,6.586,8.22115396111111,137.579411666667,1876.14608333333,86.5598703444444,229.017375,124.28975,2,50.5,0.57655,-0.009595,1.1595,-0.00835,-19201.4355,275.0749,-4.97309353753887,0.00692170269468918,136.6271278822,0.0001366271278822,2.00136882006961e-07,200.136882006961,3.21019558739166e-06,0.00321019558739166,3.21019558739166,316.807156519205,0.00231877198496302,-0.753487213334786,-0.0342357518520604,0.454879393141631,0.458084948125553,104.909412346725,56.935263681288
"611",2024-02-18 04:00:00,0.7545,1.8797,4.834,1.372,30.475,6.588,7.89666256666667,147.287047222222,1950.66581666667,27.6230291640556,162.4993,107.618375,2,47,0.4678,-0.00658,0.95855,-0.00645,-19229.832,275.0297,-4.97632661882007,0.00689936040418914,146.270860800567,0.000146270860800567,2.14263407735103e-07,214.263407735103,3.43678506007105e-06,0.00343678506007105,3.43678506007105,339.447758785284,0.00232067929953666,-0.751433230961389,-0.0348382453904623,0.455540124908433,0.458674954755735,74.5343590753385,49.3618532840107
"612",2024-02-18 05:00:00,0.7854,1.8588,4.814,1.595,4.683,6.589,7.58493068888889,192.993718888889,2187.60811111111,-0.01,203.22505,117.619275,2,42,0.14055,0.002475,0.35325,0.0069,-19237.586,275.0088,-4.97782196487066,0.00688905118281278,191.664175281502,0.000191664175281502,2.80757350519355e-07,280.757350519355,4.50334790233046e-06,0.00450334790233046,4.50334790233046,445.138307756977,0.00232249092509433,-0.750482977573785,-0.0347130117249497,0.456030315964765,0.459133626055614,93.3074541118335,54.0029642247824
"613",2024-02-18 06:00:00,0.8526,2.0268,4.851,1.207,4.514,6.59,7.40193550555556,202.739593333333,2300.16855555556,-0.01,170.98565,110.211225,2,37.25,0.0945,-0.001565,0.26725,-0.00595,-19232.539,275.1768,-4.96580917536755,0.00697230696959948,201.326030653722,0.000201326030653722,2.94910422742798e-07,294.910422742798,4.73036318079447e-06,0.00473036318079447,4.73036318079447,465.068591797138,0.00231002712509169,-0.758112191814227,-0.0348270074326501,0.452512813440779,0.455870503245948,77.9473143133355,50.2420466041024
"614",2024-02-18 07:00:00,0.9363,2.1287,4.836,1.516,4.881,6.588,7.33612343333333,213.512511111111,2376.25466666667,-0.01,138.6743025,101.455725,2,34.25,0.3388,0.00734,0.7196,0.017,-19226.394,275.2787,-4.95853087077703,0.00702323866625379,212.012961787347,0.000212012961787347,3.10565066944577e-07,310.565066944577,4.98146367379101e-06,0.00498146367379101,4.98146367379101,488.294858231159,0.00230313681821458,-0.762729461213578,-0.0346272790793052,0.45051822833798,0.45402918624632,62.962180717351,46.0638602617804
"615",2024-02-18 08:00:00,1.0521,3.5218,5.091,3.78,57.034,6.664,7.63162898888889,210.037153333333,2382.07257222222,-0.01,177.36745,112.3501,1.75,33.75,0.57445,0.046225,1.1558,0.0373,-19141.5465,276.6718,-4.8596312388965,0.00775334288964144,208.408663263976,0.000208408663263976,3.05285346295602e-07,305.285346295602,4.89677695458146e-06,0.00489677695458146,4.89677695458146,459.624107516567,0.00220539828008203,-0.825085454288363,-0.0351571624120145,0.423059428582871,0.428514053131958,76.0044448931799,48.1435967207808
"616",2024-02-18 09:00:00,1.1496,5.8966,5.731,10.016,244.163,7.443,8.45548153888889,88.3359955555556,987.625604444444,871.634041166667,141.695446666667,102.412813333333,2,28.6666666666667,0.92515,0.16722,1.8041,0.0906,-18789.9135,279.0466,-4.69359541930113,0.00915371592456493,87.5273929463264,8.75273929463264e-05,1.28213626283497e-07,128.213626283497,2.05654656558729e-06,0.00205654656558729,2.05654656558729,179.576131861374,0.00205165635370282,-0.928138222861918,-0.037228298752628,0.380843586749006,0.3890650119499,55.1287406506131,39.8452424433562
"617",2024-02-18 10:00:00,1.2341,6.6939,6.053,12.914,302.174,8.398,9.90562477222222,51.4726151666667,346.930167777778,1411.61367777778,202.648525,119.164175,2,33.5,1.06055,0.292465,2.05465,0.1424,-17885.286,279.8439,-4.63856216662152,0.0096715942450101,50.9747929180451,5.09747929180451e-05,7.46699156580692e-08,74.6699156580692,1.19770544715543e-06,0.00119770544715543,1.19770544715543,102.086022458317,0.00200267655078945,-0.961837139515232,-0.0385285428370496,0.367744938746119,0.376757012132437,76.3492527920454,44.8959385262268
"618",2024-02-18 11:00:00,1.2789,6.7838,6.73,15.019,271.49,8.666,11.4763331111111,32.2940326666667,210.452150555556,1465.63729444444,216.8056,121.084725,2,40.25,1.1106,0.373155,2.14735,0.17365,-16695.659,279.9338,-4.63237899907613,0.00973158059373813,31.9797606850742,3.19797606850742e-05,4.68452326419241e-08,46.8452326419241,7.51397531576462e-07,0.000751397531576462,0.751397531576462,63.5922535435718,0.00198851561679297,-0.965608909752099,-0.042740009319317,0.364820831298752,0.373881316582898,81.0595631705452,45.2713164010782
"619",2024-02-18 12:00:00,1.3031,6.6795,6.869,15.928,233.279,8.754,13.0121945,23.1022186111111,184.064491666667,1291.79842777778,241.942775,127.32625,2,47,1.14325,0.282255,2.20765,0.12775,-15462.383,279.8295,-4.63955298952835,0.00966201615386644,22.8790046017004,2.28790046017004e-05,3.35140811007548e-08,33.5140811007548,5.37565860856107e-07,0.000537565860856107,0.537565860856107,45.5810484666429,0.00199226536556819,-0.961232460061105,-0.0437385566300773,0.366055244142453,0.37500661153491,90.7301402381031,47.7481855719468
"620",2024-02-18 13:00:00,1.2918,6.6158,6.926,16.773,291.29,8.817,14.5088182777778,21.6174326111111,165.749263888889,1282.21928333333,239.668325,126.1601,2,41,0.63245,0.10172,1.26285,0.07235,-14790.295,279.7658,-4.64393738239797,0.00961974680999442,21.4094783827101,2.14094783827101e-05,3.13614603141291e-08,31.3614603141291,5.0303782343863e-07,0.00050303782343863,0.50303782343863,42.7107578140295,0.00199494621263272,-0.958555853273175,-0.0441730188404378,0.366876913729977,0.375762816295801,90.0584447788974,47.4062744801599
"621",2024-02-18 14:00:00,1.2531,7.1148,6.51,16.68,210.764,8.78,15.7966392222222,26.7083504444444,153.523208333333,1250.37333333333,328.4194,144.02575,2,56.75,0.1265,-0.02462,0.3268,-0.08635,-14687.6025,280.2648,-4.60965188101042,0.00995528380831623,26.442461235718,2.6442461235718e-05,3.87339749165292e-08,38.7339749165292,6.21292957661128e-07,0.000621292957661128,0.621292957661128,52.1904611454027,0.00197373688780925,-0.979447469948738,-0.040997092954366,0.360434668667653,0.369822992228468,121.457045213878,53.2640338229493
"622",2024-02-18 15:00:00,1.2103,7.0003,6.294,16.635,234.875,8.727,16.7747423888889,37.3561285,165.668058888889,1323.85898333333,326.381125,143.98775,2,58.75,0.09915,-0.02103,0.27665,-0.0757,-14806.6445,280.1503,-4.61750683720042,0.0098773918105698,36.9871473822795,3.69871473822795e-05,5.41802529714583e-08,54.1802529714583,8.69051257662191e-07,0.000869051257662191,0.869051257662191,73.3376941859822,0.00198278860026708,-0.974669051909544,-0.0397520397912716,0.362612288345321,0.37190533173578,121.382880565422,53.5498119296386
"623",2024-02-18 16:00:00,1.1894,6.5059,6.156,16.408,261.202,8.642,17.6566863888889,35.7516081666667,169.692862222222,1359.30144444444,314.6933,142.438575,2,59.5,0.0855,-0.01766,0.25085,-0.0702,-14870.449,279.6559,-4.65150695147005,0.00954720437667947,35.4102802567045,3.54102802567045e-05,5.18703949312311e-08,51.8703949312311,8.32001134696946e-07,0.000832001134696946,0.832001134696946,71.2301720870925,0.00201156758914965,-0.953931292984322,-0.0393720510456277,0.370351270485221,0.379172315078484,119.322987100688,54.0087642392302
"624",2024-02-18 17:00:00,1.1543,5.8403,5.987,15.399,255.241,8.375,17.9632282777778,34.4661685555556,188.850135,1432.65671111111,237.952333333333,126.511033333333,2.66666666666667,57,0.08105,-0.01413,0.24285,-0.05435,-14922.238,278.9903,-4.69749488514351,0.00911809082692736,34.1519029002098,3.41519029002098e-05,5.00270734443433e-08,50.0270734443433,8.02434258047267e-07,0.000802434258047267,0.802434258047267,70.053609871303,0.00205123591724878,-0.925741709980286,-0.0389473169179154,0.381101693689954,0.389250140410281,92.6229791609541,49.2444374884498
"625",2024-02-18 18:00:00,1.1288,5.2112,5.925,14.504,168.211,8.05,17.1921928333333,33.6860375,264.060022777778,1307.92541111111,241.966425,127.4276,2.75,47,0.09445,-0.010565,0.2676,-0.03965,-14971.943,278.3612,-4.74118853810768,0.00872826657448584,33.3920167848619,3.33920167848619e-05,4.89139618671371e-08,48.9139618671371,7.84579948348878e-07,0.000784579948348878,0.784579948348878,69.7418375378978,0.00208857817685079,-0.898810136180721,-0.0391707562228762,0.391417351779337,0.398884875497413,96.516747310679,50.8289423609341
"626",2024-02-18 19:00:00,1.1472,6.0607,6.427,17.136,137.566,8.681,15.6982223333333,27.4918202777778,163.782349444444,1202.88249444444,281.560875,137.298525,2.25,55.75,0.10135,1.5e-05,0.2805,9.99999999999997e-05,-14983.8465,279.2107,-4.68223957788309,0.00925825651968746,27.237293953453,2.7237293953453e-05,3.9898277674776e-08,39.898277674776,6.39968373903408e-07,0.000639968373903408,0.639968373903408,55.3613463865446,0.0020325567760569,-0.935110672168832,-0.0415747165681856,0.376557173232015,0.384912289687469,108.376241082657,52.8478896284622
"627",2024-02-18 20:00:00,1.1677,6.695,7.029,18.107,194.843,8.892,14.5447881666667,22.5772601666667,137.940947222222,1199.99786111111,253.032475,126.77335,2,53,0.2203,0.012905,0.5008,0.01955,-14956.1705,279.845,-4.63848648348061,0.00967232624933229,22.3588855405186,2.23588855405186e-05,3.27521898951733e-08,32.7521898951733,5.25345125918579e-07,0.000525345125918579,0.525345125918579,44.4771298723658,0.00198923733438166,-0.961883324345507,-0.0447397246486576,0.365451008300442,0.374408337608776,94.7374683257843,47.4649992265956
"628",2024-02-18 21:00:00,1.1981,6.7302,6.988,17.669,172.887,8.871,13.5821250555556,22.1109732777778,136.601061111111,1248.56302777778,197.503875,115.6800325,2,43.5,0.2572,0.024575,0.56855,0.02475,-14902.3285,279.8802,-4.63606497663378,0.00969577623401497,21.8965902285602,2.18965902285602e-05,3.20750012304041e-08,32.0750012304041,5.14483019735681e-07,0.000514483019735681,0.514483019735681,43.5280639919894,0.00198789234020623,-0.963360792254086,-0.0444389739349499,0.36502122872919,0.37401506315567,73.8694242816146,43.2660746613375
"629",2024-02-18 22:00:00,1.2176,6.4606,6.668,17.258,178.877,8.811,12.8265058333333,24.8665697777778,137.219696111111,1294.29816666667,184.507825,113.0977,2,39.25,0.47475,0.001255,0.9713,-0.0079,-14841.2045,279.6106,-4.65462902393319,0.00951744379462737,24.6299035975526,2.46299035975526e-05,3.60788679858389e-08,36.0788679858389,5.78705042492857e-07,0.000578705042492857,0.578705042492857,49.4317988777454,0.00200698304327335,-0.95202261879944,-0.0426958895195563,0.369827533267338,0.378574770175363,69.850007444931,42.8159357848621
"630",2024-02-18 23:00:00,1.2262,5.6158,6.411,16.215,172.97,8.633,12.1523553888889,28.1787458333333,141.967143333333,1415.87582222222,150.077775,104.2726625,2,34.75,0.2362,-0.01613,0.5297,-0.01795,-14889.684,278.7658,-4.71306189332554,0.0089772485247318,27.9257782288723,2.79257782288722e-05,4.09067969807812e-08,40.9067969807812,6.56145023571731e-07,0.000656145023571731,0.656145023571731,57.4728491096225,0.00205805720573265,-0.91616315766008,-0.0419460124424933,0.383617556189574,0.391504502819811,58.7561246856785,40.8232168897605
"631",2024-02-19,1.1899,3.4611,5.87,13.412,193.721,7.913,11.5568298888889,25.8585708333333,271.70789,1388.7824,131.496,100.9868525,2,32.75,0.1084,-0.03227,0.29305,-0.1138,-14968.665,276.6111,-4.86391715907438,0.00772018379063619,25.6589379139368,2.56589379139368e-05,3.75862386138512e-08,37.5862386138512,6.02883267366173e-07,0.000602883267366173,0.602883267366173,56.379042877705,0.00219724772189742,-0.822398119738889,-0.0406005678332351,0.421895052103828,0.427240909562501,56.1804706438306,43.1457147159541
"632",2024-02-19 01:00:00,1.1265,1.7472,5.34,11.155,150.439,7.178,11.1886637222222,19.8085484444444,901.668916111111,1260.07257777778,147.738925,104.5948575,2,29.25,0.0542,-0.002245,0.1887,-0.00945,-15033.338,274.8972,-4.98581100638452,0.00683423352931094,19.6731721984984,1.96731721984984e-05,2.88180495632485e-08,28.8180495632485,4.62241514994505e-07,0.000462241514994505,0.462241514994505,45.6750775146992,0.00232169357609676,-0.74540339406148,-0.0386181053431171,0.456566233615614,0.459486652884782,67.8840641490458,48.0599409816357
"633",2024-02-19 02:00:00,1.0689,1.2128,5.165,10.475,134.635,6.99,10.760498,19.7306247222222,1209.51511944444,1174.59754444444,137.2391225,97.9808625,2,29.5,0,0,0,0,-15033.83,274.3628,-5.02416795303581,0.00657705698487198,19.600855279077,1.9600855279077e-05,2.87121168470032e-08,28.7121168470032,4.60542354225932e-07,0.000460542354225932,0.460542354225932,46.3196414999867,0.00236314389553351,-0.720950803343921,-0.0378769586494608,0.468214964815687,0.470293863257307,64.5427171105678,46.079798350408
"634",2024-02-19 03:00:00,0.9924,1.0728,5.108,9.532,101.791,6.818,10.3358432222222,34.8445622777778,1622.56911111111,1464.42621666667,170.042675,109.856025,2,28.75,0.3689,-0.02932,0.73355,-0.0184,-15057.1845,274.2228,-5.03424430803594,0.00651111699979819,34.6176852559804,3.46176852559804e-05,5.07093700703703e-08,50.7093700703703,8.1337829592874e-07,0.00081337829592874,0.81337829592874,82.1962675521946,0.00237440103069846,-0.714509450871915,-0.0375961289446572,0.471372993637612,0.473224316894337,80.4683287197608,51.9865423873522
"635",2024-02-19 04:00:00,0.9298,1.0919,5.094,8.655,89.155,6.709,9.95153749444444,21.2071910388889,1324.30256277778,692.97351,181.177825,112.2276475,2,35,0.7011,-0.05009,1.3899,-0.0362,-15221.49,274.2419,-5.03286892484747,0.00652007844185978,21.0689184897838,2.10689184897838e-05,3.08625945605749e-08,30.8625945605749,4.95036016751622e-07,0.000495036016751622,0.495036016751622,50.0014037966359,0.00237323068200588,-0.715389102642309,-0.0374743906667567,0.47101586903761,0.472898725443988,85.6787625212138,53.0723114623271
"636",2024-02-19 05:00:00,0.8685,1.0521,5.085,8.056,83.687,6.654,9.62199482777778,2.16053949444444,478.759539444444,130.691226722222,170.45505,110.083475,2,34.75,0.66735,-0.038905,1.32735,-0.02935,-15380.088,274.2021,-5.03573514949204,0.00650141718898757,2.14649292583778,2.14649292583778e-06,3.14426869748421e-09,3.14426869748421,5.04340699076467e-08,5.04340699076467e-05,0.0504340699076467,5.10075757203934,0.00237632163173727,-0.713555801366056,-0.0374470797514271,0.47189306271153,0.473710667292452,80.7463754788683,52.147716400122
"637",2024-02-19 06:00:00,0.8097,0.987,5.085,7.608,56.752,6.646,9.32376745,2.14835398888889,475.765028333333,98.8015864444444,96.59651,89.0378,2,25.5,0.59955,-0.02764,1.202,-0.0231,-15503.6535,274.137,-5.04042538544752,0.00647099540708131,2.134452000094,2.134452000094e-06,3.1266306678177e-09,3.1266306678177,5.01511559117959e-08,5.01511559117959e-05,0.0501511559117959,5.08243039079767,0.00238114063496103,-0.71055454261052,-0.0375107985459854,0.473281305451537,0.474991459756793,45.8825172923117,42.2921945955334
"638",2024-02-19 07:00:00,0.7913,0.9214,5.069,7.429,62.624,6.653,9.10629668333333,2.15826704444444,475.286979444444,65.5321671111111,127.807945,100.3481125,2,29.75,0.5676,-0.02329,1.14315,-0.02055,-15594.465,274.0714,-5.04515417526316,0.00644046766674369,2.1443667953285,2.1443667953285e-06,3.141154256469e-09,3.141154256469,5.03841142737628e-08,5.03841142737628e-05,0.0503841142737628,5.11707763509754,0.00238628841215275,-0.707527006829991,-0.0374568939677698,0.474741942844939,0.47634336047678,60.8804660169314,47.800157125752
"639",2024-02-19 08:00:00,0.7993,1.0638,5.058,7.394,49.085,6.654,9.72146905,44.3830080388889,664.160025,259.440709833333,114.286755,94.9528825,2,28,0.56355,-0.02026,1.13565,-0.018,-15672.9095,274.2138,-5.03489246892149,0.00650689811588732,44.0942123275032,4.40942123275032e-05,6.45909659858198e-08,64.5909659858198,1.03603909441255e-06,0.00103603909441255,1.03603909441255,104.764218121306,0.00237591766790582,-0.714094860231402,-0.037236867011835,0.471737908018496,0.473575121222047,54.1233638531994,44.9673228403203
"640",2024-02-19 09:00:00,0.8276,1.5917,5.045,7.537,70.17,6.651,11.2204065555556,251.575118333333,2705.98398888889,0.768199685555556,98.2543225,90.39466,2,23.5,0.588,-0.01884,1.18055,-0.016,-15743.507,274.7417,-4.99695484599375,0.00675849671105956,249.874848723493,0.000249874848723493,3.66026673404122e-07,366.026673404122,5.87106784140211e-06,0.00587106784140211,5.87106784140211,584.132532149437,0.00233770039335102,-0.738310182193469,-0.0366329585293603,0.46072997702768,0.463414743289569,45.532501638428,41.8902181586478
"641",2024-02-19 10:00:00,0.8556,2.4021,4.852,7.824,79.154,6.651,12.8642665555556,327.565261666667,3144.79964444444,87.373560145,155.8856,107.2098,2,27.25,0.53015,-0.015985,1.07375,-0.013,-15810.285,275.5521,-4.93903289094846,0.00716152136640359,325.219396046349,0.000325219396046349,4.76394380104534e-07,476.394380104534,7.64136585687673e-06,0.00764136585687673,7.64136585687673,742.775240170757,0.00228392048322019,-0.775079688260522,-0.0344954308210967,0.445047118086088,0.448960893236571,69.9865382187189,48.1330075717142
"642",2024-02-19 11:00:00,0.9089,3.4517,4.284,7.953,82.83,6.648,14.3641941111111,356.024127777778,3301.83276111111,404.716105555556,139.2363675,102.3868325,2,29,0.10345,-0.00342,0.28435,-0.0094,-15840.6685,276.6017,-4.86458106561873,0.00771506001119121,353.27738026654,0.00035327738026654,5.17494837709639e-07,517.494837709639,8.3006171968626e-06,0.0083006171968626,8.30061719686261,785.172254256192,0.00222253758127338,-0.821981719127656,-0.0296380275984201,0.426723188387948,0.432115538486277,60.1661979191357,44.2429412596417
"643",2024-02-19 12:00:00,0.9287,4.6158,4.034,8.009,68.88,6.64,15.8828789444444,395.146523333333,3702.04301111111,634.596175,207.151425,118.886625,2,34.75,0.149,0.00047,0.36845,0.00605,-15848.0385,277.7658,-4.78274674404362,0.00837296936985679,391.837973596858,0.000391837973596858,5.73979937243621e-07,573.979937243621,9.20663819338768e-06,0.00920663819338768,9.20663819338768,843.388476010915,0.00215239086775861,-0.8730615094928,-0.0270809828603489,0.406511730800377,0.413381131668136,85.6324904931671,49.1454875827053
"644",2024-02-19 13:00:00,0.9299,5.1388,4.085,7.963,46.57,6.622,17.2771017222222,417.32896,3888.04745,691.165192777778,206.257075,118.906385,2.25,41.5,0.15565,0.00172,0.381,0.01005,-15847.669,278.2888,-4.74623128811346,0.00868436289929241,413.704723862976,0.000413704723862976,6.06011227703441e-07,606.011227703441,9.7204200923632e-06,0.0097204200923632,9.7204200923632,876.965090063918,0.00211978505315395,-0.895692661226239,-0.0270566272139005,0.397424902032787,0.404901698981592,83.5138400944737,48.1453973062593
"645",2024-02-19 14:00:00,0.8956,5.6179,3.987,8.145,51.482,6.612,18.3105311111111,422.69177,3997.28247777778,764.192477222222,360.17285,149.419675,2.25,59,0.11465,-0.00957,0.30515,-0.02105,-15845.2935,278.7679,-4.71291614692025,0.00897855702177204,418.896607840421,0.000418896607840421,6.13616507028963e-07,613.616507028963,9.84240877274456e-06,0.00984240877274456,9.84240877274456,876.654744572561,0.00209277117112995,-0.916252921982455,-0.0260848154908566,0.38971571659219,0.397731033905913,143.251920015339,59.4288418236355
"646",2024-02-19 15:00:00,0.8603,5.3609,3.82,7.909,44.824,6.607,19.1272837222222,430.392171111111,3980.78731666667,880.344407777778,290.0497,137.616275,3,57.75,0.63,-0.032285,1.2584,-0.02565,-15937.352,278.5109,-4.73077110156745,0.00881966799432549,426.596255054554,0.000426596255054554,6.24895258254113e-07,624.895258254113,1.0023319942396e-05,0.010023319942396,10.023319942396,900.28654758221,0.00211039486848538,-0.90524423254606,-0.0251574967396061,0.394395238424919,0.40213572326355,116.639345891876,55.3404202799606
"647",2024-02-19 16:00:00,0.8245,4.7361,3.885,7.433,42.536,6.606,19.4877031111111,473.615988333333,3897.78781111111,1041.24836277778,420.636275,160.439725,2.75,79.5,0.59105,-0.020375,1.18655,-0.01715,-16017.108,277.8861,-4.77433379869191,0.00844370784509481,469.616913297081,0.000469616913297081,6.87913639274096e-07,687.913639274096,1.10341347739565e-05,0.0110341347739565,11.0341347739565,1008.36965402623,0.00214721749893266,-0.878284453072027,-0.0259999858401863,0.404831463127406,0.411850764948814,173.23937162397,66.0772234694274
"648",2024-02-19 17:00:00,0.7834,4.0694,4.092,6.753,34.985,6.619,18.9928646666667,596.446802777778,3891.20732222222,1309.86107777778,417.482975,159.919825,3,76.25,0.54235,-0.016115,1.09605,-0.01465,-16084.3365,277.2194,-4.8210615322851,0.00805822893427114,591.64049789388,0.00059164049789388,8.66658666934872e-07,866.658666934872,1.39012050176353e-05,0.0139012050176353,13.9012050176353,1293.1536490138,0.00218570847265723,-0.84920798015256,-0.0278605959631997,0.41600060012416,0.422198194274427,176.260558185316,67.5178613436823
"649",2024-02-19 18:00:00,0.762,3.5557,4.229,6.16,28.915,6.619,17.0887525,737.687990555556,4003.65693888889,1334.02807777778,379.28645,152.689625,3,78.5,0.5131,-0.01503,1.0419,-0.0144,-16140.569,276.7057,-4.8572385394472,0.00777191652040609,731.954741074852,0.000731954741074852,1.07219658291609e-06,1072.19658291609,1.7198033189974e-05,0.017198033189974,17.198033189974,1622.45775460074,0.00221660939338711,-0.826585120712988,-0.0291787628482344,0.424958448292373,0.430490298025462,163.279136897519,65.731402171646
"650",2024-02-19 19:00:00,0.751,2.988,4.978,5.889,26.024,6.631,15.2617422777778,802.517121666667,4041.04585,1336.69153333333,356.30445,151.55365,2,73,0.4943,-0.0129,1.00745,-0.0129,-16190.4515,276.138,-4.8973945117733,0.0074660107360389,796.525520220448,0.000796525520220448,1.16678244303972e-06,1166.78244303972,1.87151903863571e-05,0.0187151903863571,18.7151903863571,1785.98912561812,0.00224222461211768,-0.801360656794238,-0.0348562179363864,0.433346831647229,0.438087231914342,156.092430219262,66.3937190150151
"651",2024-02-19 20:00:00,0.7786,2.644,4.951,5.826,27.885,6.617,13.8052575,835.181841666667,4368.13257777778,1523.7324,333.60745,145.326625,2,68.75,0.5139,-0.013385,1.0437,-0.0129,-16237.804,275.794,-4.92181759643377,0.0072858763976355,829.096809998734,0.000829096809998734,1.21449417115855e-06,1214.49417115855,1.94804865053831e-05,0.0194804865053831,19.4804865053831,1878.55911950428,0.0022657898291843,-0.785960919271375,-0.0349784693073172,0.440018112308881,0.444277339432969,148.214230301017,64.5653263037728
"652",2024-02-19 21:00:00,0.8387,2.8384,4.979,5.457,23.624,6.589,12.5808064444444,860.442641666667,4686.32142222222,1647.37472777778,269.3899,130.490075,2,61.75,0.56675,-0.00765,1.1416,-0.0069,-16277.299,275.9884,-4.90800730664506,0.00738719446662627,854.086384545297,0.000854086384545297,1.25109989953733e-06,1251.09989953733,2.00676423885788e-05,0.0200676423885788,20.0676423885788,1923.58734456809,0.00225221637925089,-0.794674246920085,-0.0349989769275705,0.436191800113338,0.440724426162915,118.726709091585,57.5101634243307
"653",2024-02-19 22:00:00,0.8995,3.04,5.005,5.346,23.039,6.572,11.5479076666667,977.026173888889,4757.83692777778,2173.45204444444,267.1889,130.290575,2,58.25,0.62325,-0.005065,1.2457,-0.0041,-16301.171,276.19,-4.89370859834679,0.00749358058378705,969.704749522383,0.000969704749522383,1.42046230529037e-06,1420.46230529037,2.27842153768575e-05,0.0227842153768575,22.7842153768575,2170.52655120181,0.00223833754786792,-0.80368096481369,-0.0349979803673498,0.432281213569935,0.437092251055758,116.786197758112,56.9490007180991
"654",2024-02-19 23:00:00,0.9666,3.0563,4.99,5.244,24.355,6.56,10.6860625555556,1017.12691111111,4802.37591111111,2566.96599444444,256.9565,128.897875,2,55,0.6896,0.00367,1.3685,0.00265,-16299.818,276.2063,-4.89255352734095,0.00750224120221039,1009.4961796907,0.0010094961796907,1.47875038385812e-06,1478.75038385812,2.37191561570842e-05,0.0237191561570842,23.7191561570842,2258.739852126,0.0022374922239112,-0.804407884172367,-0.0348783262105033,0.43201878392179,0.43685268108196,112.252135946437,56.3093822795173
"655",2024-02-20,1.01,2.9233,4.988,5.011,22.886,6.555,10.0021818444444,1020.09742388889,4940.59378333333,2682.26526111111,249.085175,127.4643,2,53,0.73455,-0.00205,1.4516,-0.00155,-16301.4945,276.0733,-4.90198281741941,0.00743183286639964,1012.5162303271,0.0010125162303271,1.48317427483235e-06,1483.17427483235,2.37901153683109e-05,0.0237901153683109,23.7901153683109,2274.50048631609,0.00224638422396577,-0.798470889719539,-0.0349849836748933,0.434544956078899,0.439195533674013,109.39709636441,55.9817512628845
"656",2024-02-20 01:00:00,1.0448,2.8875,4.999,4.894,21.979,6.547,9.49489300555556,990.59683,4996.09768888889,2626.75063333333,303.50995,137.42965,2,64.5,0.768,-0.00202,1.51345,-0.00135,-16301.305,276.0375,-4.90452267139371,0.00741298104692348,983.253554474068,0.000983253554474067,1.44030913673579e-06,1440.30913673579,2.31025585532421e-05,0.0231025585532421,23.1025585532421,2210.94878943687,0.00224860492939635,-0.796870594986402,-0.0350947611280781,0.435193135786376,0.439793612372805,133.48173730159,60.4406822206303
"657",2024-02-20 02:00:00,1.0373,2.9896,5.122,4.704,25.332,6.549,9.08326860555556,949.627355,4747.87725,2409.03595,236.808525,124.4595,2,50.75,0.75955,-0.01788,1.4983,-0.012,-16340.2815,276.1396,-4.89728107578902,0.00746685769834356,942.536622673761,0.000942536622673761,1.38066534635743e-06,1380.66534635743,2.21458721555732e-05,0.0221458721555732,22.1458721555732,2111.12876110968,0.00223983738172517,-0.801432080445974,-0.03586302321244,0.432879836366735,0.43761766378318,103.631593474441,54.4656756256227
"658",2024-02-20 03:00:00,0.9887,2.8059,4.889,4.477,24.17,6.539,8.76724689444444,933.310244444444,4744.02420555556,2384.66482222222,329.008775,142.463375,2,62,0.71305,-0.021125,1.41205,-0.015,-16425.6645,275.9559,-4.91031460356689,0.00737016966394089,926.431589593795,0.000926431589593795,1.35707404970057e-06,1357.07404970057,2.17674677571972e-05,0.0217674677571972,21.7674677571972,2089.87909793531,0.00225583747511421,-0.793219478245422,-0.0343953759268154,0.437090568769099,0.441580528230601,145.283868657003,62.9090523860142
"659",2024-02-20 04:00:00,0.9603,2.1232,4.76,3.588,19.689,6.504,8.54358661666667,839.455323333333,4776.58548333333,1970.31916555556,322.58745,141.15325,2,75,0.20855,-0.010535,0.4784,-0.02425,-16478.6115,275.2732,-4.95892355897913,0.00702048126475282,833.561942963275,0.000833561942963275,1.22103487653032e-06,1221.03487653032,1.95853994195464e-05,0.0195853994195464,19.5853994195464,1921.16615964157,0.00230476712121946,-0.762480443126147,-0.0340879780346605,0.450873520500132,0.454378168710734,146.576694780065,64.1369552425684
"660",2024-02-20 05:00:00,0.9167,1.421,5.085,2.992,18.033,6.502,8.34466060555556,371.242920555556,3772.90756111111,135.861229473,327.48155,142.7263,2,65.25,0.09595,-0.002045,0.27035,-0.0064,-16505.0455,274.571,-5.00920430998275,0.00667621373985848,368.764423468517,0.000368764423468517,5.40180878073623e-07,540.180878073623,8.66450128430091e-06,0.00866450128430091,8.66450128430091,866.351664394412,0.00234933634933028,-0.730502826523139,-0.0370882047109094,0.464129796873087,0.466544325305657,152.784658794801,66.5881453368728
"661",2024-02-20 06:00:00,0.8952,1.2574,5.188,2.607,15.999,6.516,8.13298315555556,194.557314444444,2885.10170555556,-0.01,331.1077,144.371966666667,2,67,0.09285,-0.0059,0.2648,-0.02235,-16515.163,274.4074,-5.02096033885424,0.00659818751708852,193.273588800919,0.000193273588800919,2.83114883819138e-07,283.114883819138,4.54116273645897e-06,0.00454116273645897,4.54116273645897,456.028004280146,0.00235949467855061,-0.722999744311931,-0.0380013579699681,0.467198479353477,0.469349148831563,155.405117166576,67.7608596701387
"662",2024-02-20 07:00:00,0.8971,1.268,5.251,2.484,14.185,6.535,8.31066163333333,229.923576666667,2691.64172777778,3.48605241,372.285025,152.0942,2,73.5,0.09415,-0.00188,0.26705,-0.00715,-16535.0915,274.418,-5.02019816327707,0.00660321841138378,228.40534107201,0.00022840534107201,3.34577279815923e-07,334.577279815923,5.36661956824741e-06,0.00536661956824741,5.36661956824741,538.501392924405,0.00235765674478965,-0.723486492935152,-0.0384521832432549,0.466760651534787,0.468927418901238,174.574655868833,71.3211406358486
"663",2024-02-20 08:00:00,0.9387,1.3966,4.353,2.197,14.247,6.538,9.08082852222222,718.716222777778,4976.73582222222,1421.32732944444,315.049133333333,140.340033333333,2,65.3333333333333,0.09515,-0.002655,0.26885,-0.00975,-16536.8325,274.5466,-5.01095665590306,0.00666452494846473,713.926320580209,0.000713926320580209,1.04578783143871e-06,1045.78783143871,1.6774436816277e-05,0.016774436816277,16.774436816277,1687.33207857523,0.00236345408473514,-0.729385056691211,-0.0317694748407019,0.467126802939952,0.469515195006531,147.920355273638,65.891778117723
"664",2024-02-20 09:00:00,1.0071,1.5928,4.327,2.509,13.559,6.534,10.3399357,885.000057777778,5442.11735555556,2175.08523888889,441.644233333333,162.3917,2,81.3333333333333,0.0957,0.00456,0.2699,0.0162,-16529.227,274.7428,-4.99687596521848,0.00675902984754103,879.018315972182,0.000879018315972182,1.28762118996869e-06,1287.62118996869,2.06534438870978e-05,0.0206534438870978,20.6534438870978,2065.38181091468,0.00234964593272484,-0.738360422614793,-0.0314184863725314,0.463115447656543,0.465815979543884,205.724941160074,75.6446488052966
"665",2024-02-20 10:00:00,1.0652,1.9447,5.215,2.683,12.964,6.534,11.7883191666667,965.649322222222,5747.60927222222,2337.42223333333,483.80005,169.0827,2,92.5,0.1004,-0.000515,0.2785,-0.0024,-16523.779,275.0947,-4.97167765214267,0.00693150997370194,958.95591431414,0.00095895591431414,1.40471698152393e-06,1404.71698152393,2.25316603836438e-05,0.0225316603836438,22.5316603836438,2215.00233990486,0.00230980622450101,-0.75438648824117,-0.0375204680011912,0.452980157791879,0.456205164245687,220.712081272322,77.1364009246043
"666",2024-02-20 11:00:00,1.1512,2.7051,5.282,3.492,15.716,6.55,13.2953915,984.019368333333,5981.52193888889,2178.86106666667,468.534875,166.1752,2,84.25,0.22085,0.01297,0.5015,0.01755,-16509.8715,275.8551,-4.91747465972602,0.00731758730675269,976.818720694019,0.000976818720694019,1.43088313482143e-06,1430.88313482143,2.29513654825357e-05,0.0229513654825357,22.9513654825357,2204.04788041539,0.00225635303022186,-0.78870251784511,-0.0372577248971769,0.437814382470185,0.442150211450673,207.162794053264,73.4743998178578
"667",2024-02-20 12:00:00,1.2096,5.4834,5.573,10.313,33.402,6.808,14.8064545555556,929.721623888889,4338.55904444444,1895.93116111111,546.0206,177.4319,2,99,0.20045,0.01524,0.4639,0.0298,-16448.076,278.6334,-4.72225584872499,0.00889509036101913,921.451666033804,0.000921451666033804,1.34977925847296e-06,1349.77925847296,2.16504593059062e-05,0.0216504593059062,21.6504593059062,1914.52118818315,0.00207772285704774,-0.910497415010539,-0.0365871078469509,0.387870203317658,0.395656575175143,216.036640571077,70.2020978808184
"668",2024-02-20 13:00:00,1.25,7.5566,6.021,14.967,57.567,7.101,16.3151855555556,671.10182,1548.32765166667,1218.13539166667,640.65265,191.176825,2,120,0.1655,0.00453,0.3989,0.01345,-16413.8565,280.7066,-4.57941104843243,0.0102609382044809,664.215685696065,0.000664215685696065,9.72969705035024e-07,972.969705035024,1.56064340687618e-05,0.0156064340687618,15.6064340687618,1299.84477525639,0.00195696187736701,-0.997799720219589,-0.0374962920884497,0.355121245105574,0.364945551167315,233.803334461051,69.7691317700424
"669",2024-02-20 14:00:00,1.2587,8.5827,6.378,17.98,154.881,8.068,17.6256492777778,400.767481666667,305.930022777778,707.870212222222,641.8965,192.36185,2.25,124,0.14245,0.00999,0.3566,0.02785,-16387.8965,281.7327,-4.50958746926748,0.0110029988341222,396.357837533134,0.000396357837533134,5.80600814732036e-07,580.600814732036,9.31283706830186e-06,0.00931283706830187,9.31283706830187,753.045136949162,0.00189991231568925,-1.03990407214156,-0.0387089836775233,0.340066852459535,0.35075216007295,225.146583918267,67.4713344031289
"670",2024-02-20 15:00:00,1.25,8.9015,6.464,19.821,263.456,8.751,18.5619017777778,225.544683333333,159.104976111111,588.896094444444,578.559233333333,183.234566666667,3,116.666666666667,0.1366,0.007295,0.34595,0.0214,-16351.6615,282.0515,-4.48801044734609,0.0112429906217188,223.008886573838,0.000223008886573838,3.26672337408821e-07,326.672337408821,5.23982429203749e-06,0.00523982429203749,5.23982429203749,419.944717462294,0.00188308512684875,-1.05283873344136,-0.0389202085099887,0.335625628212608,0.346563104066661,200.507283790427,63.5023401963095
"671",2024-02-20 16:00:00,1.2066,9.1404,6.538,20.961,143.335,8.954,19.060291,140.804689444444,144.743143333333,964.768253333333,NA,NA,NA,NA,0.31615,0.001565,0.6777,0.00305,-16334.604,282.2904,-4.47187721903042,0.0114258474235593,139.195876546331,0.000139195876546331,2.03899687800127e-07,203.899687800127,3.27055099231403e-06,0.00327055099231403,3.27055099231403,260.369227921811,0.00187052400101197,-1.06248630805845,-0.0391326080748474,0.332332629304227,0.343453453631125,NA,NA
"672",2024-02-20 17:00:00,1.1727,9.3033,6.572,21.155,354.252,9.013,18.8524882222222,99.5135398888889,132.131908333333,1316.78870555556,NA,NA,NA,NA,0.5238,0.005325,1.06195,0.00515,-16317.423,282.4533,-4.46089400925719,0.0115520315864202,98.3639563328159,9.83639563328159e-05,1.44087457794562e-07,144.087457794562,2.31116282302478e-06,0.00231116282302478,2.31116282302478,183.178105499338,0.00186224824954735,-1.0690425606924,-0.0391774607775845,0.330146091334889,0.341390638768591,NA,NA
"673",2024-02-20 18:00:00,1.14433333333333,9.19233333333333,6.58666666666667,20.5816666666667,277.006666666667,8.98666666666667,17.8571191566265,86.4224821686747,125.959608433735,1313.84440963855,NA,NA,NA,NA,0.582916666666667,-0.0107166666666667,1.17091666666667,-0.009,-16327.8241666667,282.342333333333,-4.46837416549626,0.0114659429657505,85.4315669171701,8.54315669171701e-05,1.25143576482947e-07,125.143576482947,2.00730296678648e-06,0.00200730296678648,2.00730296678648,159.535112837876,0.00186740239696824,-1.06457842544923,-0.0393731038440593,0.331558329261937,0.34271628160321,NA,NA
"674",NA,NA,NA,NA,NA,NA,NA,NA,NA,NA,NA,NA,NA,NA,NA,NA,NA,NA,NA,NA,NA,NA,NA,NA,NA,NA,NA,NA,NA,NA,NA,NA,NA,NA,NA,NA,NA,NA
"675",NA,NA,NA,NA,NA,NA,NA,NA,NA,NA,NA,NA,NA,NA,NA,NA,NA,NA,NA,NA,NA,NA,NA,NA,NA,NA,NA,NA,NA,NA,NA,NA,NA,NA,NA,NA,NA,NA
"676",NA,NA,NA,NA,NA,NA,NA,NA,NA,NA,NA,NA,NA,NA,NA,NA,NA,NA,NA,NA,NA,NA,NA,NA,NA,NA,NA,NA,NA,NA,NA,NA,NA,NA,NA,NA,NA,NA
"677",NA,NA,NA,NA,NA,NA,NA,NA,NA,NA,NA,NA,NA,NA,NA,NA,NA,NA,NA,NA,NA,NA,NA,NA,NA,NA,NA,NA,NA,NA,NA,NA,NA,NA,NA,NA,NA,NA
