"TOA5","MGEO_SERC","CR1000X","50443","CR1000X.8.5.0","CPU:MGEO_SERCv31INT.CR1X","63885","MetTable"
"TIMESTAMP","RECORD","Wind_direction_avg","Wind_direction_min","Wind_direction_max","Wind_speed_avg","Wind_speed_max","Wind_speed_min","Wind_speed_avg_mph","Wind_speed_max_mph","Wind_speed_min_mph","Air_Temperature","Relative_Humidity","Air_Pressure","Air_Pressure_bar","Rain_Accumulation","Rain_Accumulation_in","Rain_Intensity","Rain_Intensity_in_hr","PAR_Den_A","PAR_Den_B","Barometric_Pressure_PB110B"
"TS","RN","degrees","degrees","degrees","m/s","m/s","m/s","","","","Celsius","%RH","Pascal","","mm","","mm/h","","micromols/s/m^2","micromols/s/m^2","mbar"
"","","Smp","Smp","Smp","Smp","Smp","Smp","Smp","Smp","Smp","Smp","Smp","Smp","Smp","Smp","Smp","Smp","Smp","Smp","Smp","Smp"
"2026-05-01 00:00:00",10621,272,262,284,1.9,2.7,1.4,4.25011,6.03963,3.13166,9.7,54,101360,1.0136,0,0,0,0,0,0.0179524,1000.979
"2026-05-01 00:06:00",10622,293,241,330,1.5,2.5,0.7,3.35535,5.59225,1.56583,9.4,55.1,101360,1.0136,0,0,0,0,0,0.04384337,1000.861
"2026-05-01 00:12:00",10623,101,180,231,0.4,1.1,0,0.8947601,2.46059,0,9.4,56.1,101350,1.0135,0,0,0,0,0,0.04165296,1000.877
"2026-05-01 00:18:00",10624,49,151,290,0.6,1.4,0.1,1.34214,3.13166,0.22369,9.2,55.3,101350,1.0135,0,0,0,0,0,0.03145152,1000.814
"2026-05-01 00:24:00",10625,299,256,334,1.2,1.9,0.6,2.68428,4.25011,1.34214,9.4,54.5,101350,1.0135,0,0,0,0,0,0.0395655,1000.938
"2026-05-01 00:30:00",10626,297,59,208,1,1.4,0.2,2.2369,3.13166,0.44738,9.1,57.1,101350,1.0135,0,0,0,0,0,0.04012817,1000.868
"2026-05-01 00:36:00",10627,287,222,342,1.9,2.7,0.8,4.25011,6.03963,1.78952,9.1,56.3,101350,1.0135,0,0,0,0,0,0.03207469,1000.753
"2026-05-01 00:42:00",10628,302,265,339,1.3,2.3,0.4,2.90797,5.14487,0.8947601,9.1,56.7,101340,1.0134,0,0,0,0,0,0.01991888,1000.688
"2026-05-01 00:48:00",10629,262,206,298,1.6,3.1,0.5,3.57904,6.93439,1.11845,9.1,57.1,101330,1.0133,0,0,0,0,0,0.03026555,1000.705
"2026-05-01 00:54:00",10630,246,59,313,0.8,1.6,0.1,1.78952,3.57904,0.22369,9.2,55.7,101340,1.0134,0,0,0,0,0,0.02400917,1000.776
"2026-05-01 01:00:00",10631,215,93,245,0.4,1.3,0,0.8947601,2.90797,0,9.2,56.5,101350,1.0135,0,0,0,0,0,0.05040227,1000.867
"2026-05-01 01:06:00",10632,298,34,197,1.4,2.2,0.1,3.13166,4.92118,0.22369,9,55.6,101350,1.0135,0,0,0,0,0,0.02843219,1000.83
"2026-05-01 01:12:00",10633,305,20,187,1.2,2.7,0.2,2.68428,6.03963,0.44738,8.9,55.4,101340,1.0134,0,0,0,0,0,0.02683481,1000.75
"2026-05-01 01:18:00",10634,268,64,323,0.7,1.4,0.1,1.56583,3.13166,0.22369,8.8,57.8,101340,1.0134,0,0,0,0,0,0.006667875,1000.804
"2026-05-01 01:24:00",10635,248,189,273,1.6,2.2,0.5,3.57904,4.92118,1.11845,8.8,56.3,101350,1.0135,0,0,0,0,0,0.03715126,1000.865
"2026-05-01 01:30:00",10636,282,252,322,1.1,1.5,0.4,2.46059,3.35535,0.8947601,8.8,58.9,101360,1.0136,0,0,0,0,0,0.06649112,1000.996
"2026-05-01 01:36:00",10637,279,198,306,1.3,1.8,0.2,2.90797,4.02642,0.44738,8.4,59.9,101360,1.0136,0,0,0,0,0,0.01930775,1000.991
"2026-05-01 01:42:00",10638,315,275,353,1.2,1.8,0.6,2.68428,4.02642,1.34214,8.5,57.3,101370,1.0137,0,0,0,0,0,0.04135652,1001.02
"2026-05-01 01:48:00",10639,284,6,148,0.6,1.4,0,1.34214,3.13166,0,8.4,58.7,101360,1.0136,0,0,0,0,0,0.04880495,1000.984
"2026-05-01 01:54:00",10640,253,95,304,0.5,1,0.1,1.11845,2.2369,0.22369,8.3,60.1,101370,1.0137,0,0,0,0,0,0.04963997,1001.063
"2026-05-01 02:00:00",10641,283,70,188,0.7,1.2,0.1,1.56583,2.68428,0.22369,8.4,62.3,101380,1.0138,0,0,0,0,0,0.04907123,1001.111
"2026-05-01 02:06:00",10642,299,54,189,0.7,1.2,0.1,1.56583,2.68428,0.22369,8.2,61.4,101380,1.0138,0,0,0,0,0,0.01749862,1001.24
"2026-05-01 02:12:00",10643,296,239,331,0.5,0.8,0.2,1.11845,1.78952,0.44738,8,60.4,101380,1.0138,0,0,0,0,0,0.03436796,1001.177
"2026-05-01 02:18:00",10644,290,252,331,0.5,1,0.2,1.11845,2.2369,0.44738,7.7,60.9,101380,1.0138,0,0,0,0,0,0.05920603,1001.159
"2026-05-01 02:24:00",10645,50,127,277,0.2,0.5,0,0.44738,1.11845,0,7.5,63.6,101380,1.0138,0,0,0,0,0,0.02561861,1001.248
"2026-05-01 02:30:00",10646,347,42,291,0.5,0.8,0.3,1.11845,1.78952,0.67107,7.4,64.1,101390,1.0139,0,0,0,0,0,0.02301083,1001.287
"2026-05-01 02:36:00",10647,306,12,271,0.6,1,0.1,1.34214,2.2369,0.22369,7.6,62.9,101400,1.014,0,0,0,0,0,0.01996125,1001.322
"2026-05-01 02:42:00",10648,285,235,327,0.5,0.8,0.2,1.11845,1.78952,0.44738,7.6,62.5,101400,1.014,0,0,0,0,0,0.04221574,1001.333
"2026-05-01 02:48:00",10649,277,258,305,1,1.3,0.5,2.2369,2.90797,1.11845,7.5,65.1,101400,1.014,0,0,0,0,0,0.02992072,1001.318
"2026-05-01 02:54:00",10650,293,268,323,0.6,1,0.3,1.34214,2.2369,0.67107,7.3,66.3,101400,1.014,0,0,0,0,0,0.0285109,1001.363
"2026-05-01 03:00:00",10651,264,216,303,0.7,1.1,0.3,1.56583,2.46059,0.67107,7.2,63.7,101400,1.014,0,0,0,0,0,0.04286318,1001.41
"2026-05-01 03:06:00",10652,245,150,284,0.7,1.1,0.4,1.56583,2.46059,0.8947601,7.2,66.9,101410,1.0141,0,0,0,0,0,0.03838562,1001.549
"2026-05-01 03:12:00",10653,297,257,345,0.7,1.3,0.2,1.56583,2.90797,0.44738,7.4,68.7,101430,1.0143,0,0,0,0,0,0.03243781,1001.634
"2026-05-01 03:18:00",10654,303,270,344,0.9,1.4,0.6,2.01321,3.13166,1.34214,6.9,66.3,101430,1.0143,0,0,0,0,0,0.02626006,1001.687
"2026-05-01 03:24:00",10655,322,300,344,0.6,0.9,0.4,1.34214,2.01321,0.8947601,6.8,65.8,101430,1.0143,0,0,0,0,0,0.04291762,1001.721
"2026-05-01 03:30:00",10656,315,241,345,0.8,1.4,0.3,1.78952,3.13166,0.67107,6.8,65.5,101440,1.0144,0,0,0,0,0,0.04706842,1001.804
"2026-05-01 03:36:00",10657,326,73,254,0.6,0.9,0.2,1.34214,2.01321,0.44738,6.5,66.4,101440,1.0144,0,0,0,0,0,0.05036002,1001.883
"2026-05-01 03:42:00",10658,318,3,270,0.5,0.9,0.1,1.11845,2.01321,0.22369,6.6,66.1,101450,1.0145,0,0,0,0,0,0.01930175,1001.923
"2026-05-01 03:48:00",10659,322,7,286,0.6,0.9,0.3,1.34214,2.01321,0.67107,6.5,66.6,101450,1.0145,0,0,0,0,0,0.04179221,1001.905
"2026-05-01 03:54:00",10660,341,8,308,0.5,1,0.3,1.11845,2.2369,0.67107,6.5,67,101450,1.0145,0,0,0,0,0,0.01750471,1001.872
"2026-05-01 04:00:00",10661,340,11,311,0.8,1.1,0.5,1.78952,2.46059,1.11845,6.3,67.6,101440,1.0144,0,0,0,0,0,0.04852061,1001.809
"2026-05-01 04:06:00",10662,333,13,281,0.5,0.9,0.3,1.11845,2.01321,0.67107,6.2,69.2,101450,1.0145,0,0,0,0,0,0.04610641,1001.867
"2026-05-01 04:12:00",10663,316,286,358,0.7,0.9,0.4,1.56583,2.01321,0.8947601,6.2,68.8,101450,1.0145,0,0,0,0,0,0.02976343,1001.923
"2026-05-01 04:18:00",10664,288,214,339,0.9,1.3,0.2,2.01321,2.90797,0.44738,6.1,70.5,101450,1.0145,0,0,0,0,0,0.02388819,1001.937
"2026-05-01 04:24:00",10665,277,4,193,1.1,2,0.2,2.46059,4.4738,0.44738,6.1,70,101460,1.0146,0,0,0,0,0,0.0141526,1001.932
"2026-05-01 04:30:00",10666,297,259,342,0.8,1.2,0.4,1.78952,2.68428,0.8947601,6.1,68.9,101450,1.0145,0,0,0,0,0,0.01648819,1001.911
"2026-05-01 04:36:00",10667,288,148,312,0.8,1.1,0.1,1.78952,2.46059,0.22369,6.1,71.1,101450,1.0145,0,0,0,0,0,0.001924125,1001.833
"2026-05-01 04:42:00",10668,304,100,156,0.4,0.8,0.1,0.8947601,1.78952,0.22369,6.1,72.1,101440,1.0144,0,0,0,0,0,0,1001.936
"2026-05-01 04:48:00",10669,281,15,197,0.4,0.7,0.1,0.8947601,1.56583,0.22369,5.8,72.7,101430,1.0143,0,0,0,0,0,0,1001.78
"2026-05-01 04:54:00",10670,302,259,341,0.7,1.1,0.3,1.56583,2.46059,0.67107,5.9,72.7,101450,1.0145,0,0,0,0,0,0,1001.891
"2026-05-01 05:00:00",10671,309,7,239,0.4,1,0.1,0.8947601,2.2369,0.22369,5.7,73.3,101450,1.0145,0,0,0,0,0,0,1001.875
"2026-05-01 05:06:00",10672,331,24,279,0.6,0.9,0.1,1.34214,2.01321,0.22369,5.7,73.1,101440,1.0144,0,0,0,0,0,0,1001.814
"2026-05-01 05:12:00",10673,323,327,332,0.3,0.8,0,0.67107,1.78952,0,5.6,73.2,101440,1.0144,0,0,0,0,0,0,1001.813
"2026-05-01 05:18:00",10674,265,20,75,0.5,1.1,0,1.11845,2.46059,0,5.5,75.2,101450,1.0145,0,0,0,0,0,0,1001.904
"2026-05-01 05:24:00",10675,273,225,331,0.5,0.8,0,1.11845,1.78952,0,5.8,74.3,101460,1.0146,0,0,0,0,0,0,1001.928
"2026-05-01 05:30:00",10676,280,225,337,0.4,0.6,0.1,0.8947601,1.34214,0.22369,5.9,73.5,101460,1.0146,0,0,0,0,0,0,1001.947
"2026-05-01 05:36:00",10677,281,55,99,0.8,1.3,0.1,1.78952,2.90797,0.22369,5.8,73.9,101460,1.0146,0,0,0,0,0,0,1002.067
"2026-05-01 05:42:00",10678,270,241,312,1.4,1.9,0.1,3.13166,4.25011,0.22369,5.8,72.6,101470,1.0147,0,0,0,0,0,0,1002.144
"2026-05-01 05:48:00",10679,272,169,311,1.4,2.1,0.1,3.13166,4.69749,0.22369,5.9,73,101480,1.0148,0,0,0,0,0,0,1002.187
"2026-05-01 05:54:00",10680,265,250,303,1.4,1.8,0.6,3.13166,4.02642,1.34214,6.1,70.7,101480,1.0148,0,0,0,0,0,0,1002.173
"2026-05-01 06:00:00",10681,249,215,264,1.2,1.6,0.3,2.68428,3.57904,0.67107,6.6,70.6,101480,1.0148,0,0,0,0,0,0,1002.208
"2026-05-01 06:06:00",10682,261,197,304,0.5,0.9,0.1,1.11845,2.01321,0.22369,7,69.4,101480,1.0148,0,0,0,0,0,0,1002.208
"2026-05-01 06:12:00",10683,266,173,311,0.9,1.6,0.1,2.01321,3.57904,0.22369,7.2,67,101490,1.0149,0,0,0,0,0,0,1002.37
"2026-05-01 06:18:00",10684,253,238,266,1.6,2.1,1.2,3.57904,4.69749,2.68428,7.1,66.8,101500,1.015,0,0,0,0,0,0,1002.428
"2026-05-01 06:24:00",10685,255,125,307,1,2,0.2,2.2369,4.4738,0.44738,7,67,101510,1.0151,0,0,0,0,0,0,1002.444
"2026-05-01 06:30:00",10686,291,36,246,0.7,1.3,0.1,1.56583,2.90797,0.22369,7.6,63.8,101510,1.0151,0,0,0,0,0,0,1002.566
"2026-05-01 06:36:00",10687,275,149,322,0.7,1.2,0.2,1.56583,2.68428,0.44738,8.2,63.4,101520,1.0152,0,0,0,0,0,0,1002.58
"2026-05-01 06:42:00",10688,270,90,258,1.3,2.2,0.1,2.90797,4.92118,0.22369,8.4,61.4,101520,1.0152,0,0,0,0,0,0,1002.538
"2026-05-01 06:48:00",10689,283,213,311,1.5,2.7,0,3.35535,6.03963,0,8.7,59.8,101510,1.0151,0,0,0,0,0,0,1002.557
"2026-05-01 06:54:00",10690,280,240,315,1.4,2.1,0.4,3.13166,4.69749,0.8947601,9.1,60.1,101520,1.0152,0,0,0,0,0,0,1002.53
"2026-05-01 07:00:00",10691,271,237,329,1.8,2.9,0.9,4.02642,6.48701,2.01321,9.2,58.1,101510,1.0151,0,0,0,0,0,0,1002.533
"2026-05-01 07:06:00",10692,276,67,234,1.2,1.8,0.3,2.68428,4.02642,0.67107,9.7,58.5,101520,1.0152,0,0,0,0,0,0,1002.554
"2026-05-01 07:12:00",10693,265,214,334,1,1.6,0.5,2.2369,3.57904,1.11845,10,56.7,101530,1.0153,0,0,0,0,0,0,1002.675
"2026-05-01 07:18:00",10694,278,244,307,1.6,2.5,0.5,3.57904,5.59225,1.11845,10.3,57,101540,1.0154,0,0,0,0,0,0,1002.76
"2026-05-01 07:24:00",10695,254,116,340,0.8,1.5,0.1,1.78952,3.35535,0.22369,10.5,56.1,101530,1.0153,0,0,0,0,0,0,1002.726
"2026-05-01 07:30:00",10696,295,52,154,1.1,2.4,0.1,2.46059,5.36856,0.22369,10.7,57.1,101540,1.0154,0,0,0,0,0,0,1002.859
"2026-05-01 07:36:00",10697,270,234,300,1.3,2.2,0.8,2.90797,4.92118,1.78952,10.9,54.2,101540,1.0154,0,0,0,0,0,0,1002.756
"2026-05-01 07:42:00",10698,304,117,162,1.2,2.2,0.1,2.68428,4.92118,0.22369,11.1,53.3,101530,1.0153,0,0,0,0,0,0,1002.716
"2026-05-01 07:48:00",10699,60,140,352,0.6,1.2,0.1,1.34214,2.68428,0.22369,11.3,52.1,101530,1.0153,0,0,0,0,0,0,1002.677
"2026-05-01 07:54:00",10700,352,90,231,1.1,2.1,0.1,2.46059,4.69749,0.22369,11.3,51,101530,1.0153,0,0,0,0,0,0,1002.631
"2026-05-01 08:00:00",10701,289,241,323,1.4,2.3,0.7,3.13166,5.14487,1.56583,11.8,50.9,101530,1.0153,0,0,0,0,0,0,1002.595
"2026-05-01 08:06:00",10702,212,181,238,0.7,1.1,0.4,1.56583,2.46059,0.8947601,12.1,49.8,101520,1.0152,0,0,0,0,0,0,1002.585
"2026-05-01 08:12:00",10703,38,6,72,2,2.6,0.6,4.4738,5.81594,1.34214,11.8,47.3,101520,1.0152,0,0,0,0,0,0,1002.59
"2026-05-01 08:18:00",10704,64,45,85,2.4,3.1,1.2,5.36856,6.93439,2.68428,11.7,47.9,101510,1.0151,0,0,0,0,0,0,1002.404
"2026-05-01 08:24:00",10705,329,26,39,1.7,3.9,0.1,3.80273,8.72391,0.22369,11.9,47.6,101510,1.0151,0,0,0,0,0,0,1002.455
"2026-05-01 08:30:00",10706,24,75,318,1.7,3.5,0.4,3.80273,7.82915,0.8947601,12.5,42,101500,1.015,0,0,0,0,0,0,1002.442
"2026-05-01 08:36:00",10707,82,64,101,2.8,3.8,1.7,6.26332,8.50022,3.80273,12,43.4,101510,1.0151,0,0,0,0,0,0,1002.398
"2026-05-01 08:42:00",10708,87,55,106,2.7,3.8,1.9,6.03963,8.50022,4.25011,12,43.2,101500,1.015,0,0,0,0,0,0,1002.376
"2026-05-01 08:48:00",10709,86,57,118,1.6,2.6,0.8,3.57904,5.81594,1.78952,12.1,42,101510,1.0151,0,0,0,0,0,0,1002.395
"2026-05-01 08:54:00",10710,79,68,96,2.6,3.3,1.8,5.81594,7.38177,4.02642,12.2,42.7,101500,1.015,0,0,0,0,0,0,1002.391
"2026-05-01 09:00:00",10711,352,29,148,0.3,0.7,0,0.67107,1.56583,0,12.4,42.2,101500,1.015,0,0,0,0,0,0,1002.402
"2026-05-01 09:06:00",10712,78,39,119,1.4,1.9,0.9,3.13166,4.25011,2.01321,12.5,43,101500,1.015,0,0,0,0,0,0,1002.349
"2026-05-01 09:12:00",10713,110,103,127,1.6,2,1.2,3.57904,4.4738,2.68428,12.5,39.9,101500,1.015,0,0,0,0,0,0,1002.329
"2026-05-01 09:18:00",10714,78,65,95,2,2.4,1.5,4.4738,5.36856,3.35535,12.4,38.6,101500,1.015,0,0,0,0,0,0,1002.312
"2026-05-01 09:24:00",10715,106,87,142,1.4,2.3,0.6,3.13166,5.14487,1.34214,12.6,39.8,101500,1.015,0,0,0,0,0,0,1002.313
"2026-05-01 09:30:00",10716,88,50,143,1.6,2.4,1,3.57904,5.36856,2.2369,12.5,36.6,101500,1.015,0,0,0,0,0,0,1002.308
"2026-05-01 09:36:00",10717,133,112,173,2.8,4,0.9,6.26332,8.9476,2.01321,12.8,40.8,101500,1.015,0,0,0,0,0,0,1002.341
"2026-05-01 09:42:00",10718,154,146,171,3.4,4.2,1.8,7.605461,9.39498,4.02642,12.2,44.8,101490,1.0149,0,0,0,0,0,0,1002.264
"2026-05-01 09:48:00",10719,139,90,174,2.7,4.2,0.3,6.03963,9.39498,0.67107,12.2,46.6,101480,1.0148,0,0,0,0,0,0,1002.2
"2026-05-01 09:54:00",10720,152,119,287,1.9,3.2,0.3,4.25011,7.158081,0.67107,12.3,46.7,101500,1.015,0,0,0,0,0,0,1002.37
"2026-05-01 10:00:00",10721,136,69,190,2.4,4.2,0.4,5.36856,9.39498,0.8947601,12.4,44.6,101500,1.015,0,0,0,0,0,0,1002.353
"2026-05-01 10:06:00",10722,114,90,135,3.2,4.3,2,7.158081,9.61867,4.4738,12.3,43.6,101500,1.015,0,0,0,0,0,0,1002.336
"2026-05-01 10:12:00",10723,112,76,148,2.5,4.2,1.5,5.59225,9.39498,3.35535,12.3,46.2,101490,1.0149,0,0,0,0,0,0,1002.269
"2026-05-01 10:18:00",10724,115,82,143,2.8,4.3,1.7,6.26332,9.61867,3.80273,12.5,45.6,101490,1.0149,0,0,0,0,0,0,1002.203
"2026-05-01 10:24:00",10725,139,118,165,3.1,4.7,1.6,6.93439,10.51343,3.57904,12.5,46.2,101470,1.0147,0,0,0,0,0,0,1002.177
"2026-05-01 10:30:00",10726,111,87,131,2.4,3.1,1.4,5.36856,6.93439,3.13166,12.5,47.9,101470,1.0147,0,0,0,0,0,0,1002.005
"2026-05-01 10:36:00",10727,94,75,107,3.8,4.8,2.6,8.50022,10.73712,5.81594,12.6,43.9,101450,1.0145,0,0,0,0,0,0,1001.837
"2026-05-01 10:42:00",10728,111,25,175,2.1,3.2,0.3,4.69749,7.158081,0.67107,12.6,44.4,101450,1.0145,0,0,0,0,0,0,1001.891
"2026-05-01 10:48:00",10729,136,101,168,2.1,3.7,1.1,4.69749,8.27653,2.46059,12.6,43.2,101450,1.0145,0,0,0,0,0,0,1001.852
"2026-05-01 10:54:00",10730,116,88,147,4.2,5.4,2.1,9.39498,12.07926,4.69749,12.5,42.7,101430,1.0143,0,0,0,0,0,0,1001.779
"2026-05-01 11:00:00",10731,118,81,150,2.9,5,1.1,6.48701,11.1845,2.46059,12.4,42,101430,1.0143,0,0,0,0,0,0,1001.714
"2026-05-01 11:06:00",10732,93,62,109,4.5,6.8,3.3,10.06605,15.21092,7.38177,12.5,41.2,101410,1.0141,0,0,0,0,0,0,1001.516
"2026-05-01 11:12:00",10733,98,74,123,3.4,5.5,2,7.605461,12.30295,4.4738,12.6,39.1,101410,1.0141,0,0,0,0,0,0,1001.351
"2026-05-01 11:18:00",10734,102,56,135,4,7.1,1.7,8.9476,15.88199,3.80273,12.6,40.7,101390,1.0139,0,0,0,0,0,0,1001.305
"2026-05-01 11:24:00",10735,108,90,138,4.2,5.7,2.6,9.39498,12.75033,5.81594,12.7,38.1,101390,1.0139,0,0,0,0,0,0,1001.255
"2026-05-01 11:30:00",10736,130,71,219,2.3,4.7,0.6,5.14487,10.51343,1.34214,12.8,40.8,101390,1.0139,0,0,0,0,0,0,1001.144
"2026-05-01 11:36:00",10737,129,78,207,3,4.4,0.8,6.7107,9.84236,1.78952,12.9,40.1,101380,1.0138,0,0,0,0,0,0,1001.123
"2026-05-01 11:42:00",10738,113,72,191,3.2,4.8,1,7.158081,10.73712,2.2369,12.9,39,101370,1.0137,0,0,0,0,0,0,1001.062
"2026-05-01 11:48:00",10739,120,41,165,2.1,4,0.6,4.69749,8.9476,1.34214,13.1,41.5,101370,1.0137,0,0,0,0,0,0,1001.003
"2026-05-01 11:54:00",10740,119,87,193,3,4.9,0.7,6.7107,10.96081,1.56583,13.2,41.2,101360,1.0136,0,0,0,0,0,0,1000.98
"2026-05-01 12:00:00",10741,110,80,129,3.8,6,2.1,8.50022,13.4214,4.69749,13.2,40.4,101360,1.0136,0,0,0,0,0,0,1000.922
"2026-05-01 12:06:00",10742,103,69,138,3.6,4.8,2.3,8.05284,10.73712,5.14487,13.1,41.7,101350,1.0135,0,0,0,0,0,0,1000.783
"2026-05-01 12:12:00",10743,100,52,146,3.9,5.5,2.3,8.72391,12.30295,5.14487,13.2,40.5,101350,1.0135,0,0,0,0,0,0,1000.861
"2026-05-01 12:18:00",10744,110,70,148,2.2,3.5,1.3,4.92118,7.82915,2.90797,13.3,41.1,101360,1.0136,0,0,0,0,0,0,1000.881
"2026-05-01 12:24:00",10745,159,126,179,4.7,7,2.1,10.51343,15.6583,4.69749,13.6,39.2,101340,1.0134,0,0,0,0,0,0,1000.756
"2026-05-01 12:30:00",10746,167,137,215,3.2,5.5,0.3,7.158081,12.30295,0.67107,13.8,38.8,101350,1.0135,0,0,0,0,0,0,1000.783
"2026-05-01 12:36:00",10747,193,179,213,4.5,5.6,3.2,10.06605,12.52664,7.158081,13.9,40,101330,1.0133,0,0,0,0,0,0,1000.63
"2026-05-01 12:42:00",10748,169,150,208,3.9,5.9,2.2,8.72391,13.19771,4.92118,14,38.2,101340,1.0134,0,0,0,0,0,0,1000.663
"2026-05-01 12:48:00",10749,165,116,189,3.3,5,0.5,7.38177,11.1845,1.11845,13.9,39,101330,1.0133,0,0,0,0,0,0,1000.537
"2026-05-01 12:54:00",10750,122,49,181,1.7,3,0.3,3.80273,6.7107,0.67107,14.1,38.7,101310,1.0131,0,0,0,0,0,0,1000.395
"2026-05-01 13:00:00",10751,172,151,188,5.2,7.6,3.2,11.63188,17.00044,7.158081,14.1,37.3,101310,1.0131,0,0,0,0,0,0,1000.395
"2026-05-01 13:06:00",10752,156,127,180,5.1,7.8,2.7,11.40819,17.44782,6.03963,14.1,37.4,101300,1.013,0,0,0,0,0,0,1000.282
"2026-05-01 13:12:00",10753,142,123,166,4.2,6.2,1.9,9.39498,13.86878,4.25011,14.1,37.1,101300,1.013,0,0,0,0,0,0,1000.239
"2026-05-01 13:18:00",10754,161,122,190,4.4,6.4,2,9.84236,14.31616,4.4738,14.2,37.9,101300,1.013,0,0,0,0,0,0,1000.35
"2026-05-01 13:24:00",10755,160,78,228,3.1,4.6,0.3,6.93439,10.28974,0.67107,14.3,37.9,101300,1.013,0,0,0,0,0,0,1000.247
"2026-05-01 13:30:00",10756,172,129,197,3.6,5.6,1.5,8.05284,12.52664,3.35535,14.4,37.2,101270,1.0127,0,0,0,0,0,0,1000.011
"2026-05-01 13:36:00",10757,142,74,290,2.5,4.2,0.2,5.59225,9.39498,0.44738,14.3,38.4,101270,1.0127,0,0,0,0,0,0,999.9602
"2026-05-01 13:42:00",10758,157,104,188,4.1,6.9,0.6,9.17129,15.43461,1.34214,14.4,36.4,101260,1.0126,0,0,0,0,0,0,999.9235
"2026-05-01 13:48:00",10759,157,182,0,2.9,5.6,0.3,6.48701,12.52664,0.67107,14.6,38.2,101260,1.0126,0,0,0,0,0,0,999.8868
"2026-05-01 13:54:00",10760,165,142,183,4.3,5.7,2.9,9.61867,12.75033,6.48701,14.4,35,101260,1.0126,0,0,0,0,0,0,999.8347
"2026-05-01 14:00:00",10761,187,162,215,2.7,4.5,1.8,6.03963,10.06605,4.02642,14.6,37.2,101240,1.0124,0,0,0,0,0,0,999.7327
"2026-05-01 14:06:00",10762,179,153,195,3.9,6,2.7,8.72391,13.4214,6.03963,14.7,36.4,101240,1.0124,0,0,0,0,0,0,999.633
"2026-05-01 14:12:00",10763,178,86,221,3.3,4.6,0.2,7.38177,10.28974,0.44738,15,33.9,101230,1.0123,0,0,0,0,0,0,999.4924
"2026-05-01 14:18:00",10764,168,136,184,3.8,5.3,2.1,8.50022,11.85557,4.69749,15.1,34.7,101210,1.0121,0,0,0,0,0,0,999.4501
"2026-05-01 14:24:00",10765,187,165,211,4.8,6.1,2.8,10.73712,13.64509,6.26332,15.1,37.3,101210,1.0121,0,0,0,0,0,0,999.3672
"2026-05-01 14:30:00",10766,182,156,209,3.8,4.8,2.5,8.50022,10.73712,5.59225,15.1,34.5,101210,1.0121,0,0,0,0,0,0,999.2789
"2026-05-01 14:36:00",10767,174,146,198,3.8,5.5,2.2,8.50022,12.30295,4.92118,15.2,37.2,101200,1.012,0,0,0,0,0,0,999.1604
"2026-05-01 14:42:00",10768,186,171,208,5.6,8.5,3.7,12.52664,19.01365,8.27653,15.4,33.6,101200,1.012,0,0,0,0,0,0,999.2235
"2026-05-01 14:48:00",10769,167,113,183,5.8,7.1,1.2,12.97402,15.88199,2.68428,15.3,33.2,101190,1.0119,0,0,0,0,0,0,999.1992
"2026-05-01 14:54:00",10770,158,144,178,5.7,7.4,3,12.75033,16.55306,6.7107,15.3,33.2,101170,1.0117,0,0,0,0,0,0,999.0162
"2026-05-01 15:00:00",10771,169,154,190,7.3,9.2,6,16.32937,20.57948,13.4214,15.4,36.4,101160,1.0116,0,0,0,0,0,0,998.9244
"2026-05-01 15:06:00",10772,164,143,183,5.5,8.2,2.7,12.30295,18.34258,6.03963,15.2,39.2,101150,1.0115,0,0,0,0,0,0,998.7966
"2026-05-01 15:12:00",10773,164,145,186,6.8,9.1,4,15.21092,20.35579,8.9476,15.2,39.9,101130,1.0113,0,0,0,0,0,0,998.6014
"2026-05-01 15:18:00",10774,192,170,205,6.2,7.9,4.8,13.86878,17.67151,10.73712,15.1,39.4,101130,1.0113,0,0,0,0,0,0,998.5155
"2026-05-01 15:24:00",10775,187,139,211,5.1,7.6,2.1,11.40819,17.00044,4.69749,15.2,43.9,101140,1.0114,0,0,0,0,0,0,998.6715
"2026-05-01 15:30:00",10776,194,175,212,6.7,8.5,5.1,14.98723,19.01365,11.40819,15.3,42.5,101130,1.0113,0,0,0,0,0,0,998.5087
"2026-05-01 15:36:00",10777,174,150,194,5.8,9,4,12.97402,20.1321,8.9476,15.3,42.7,101120,1.0112,0,0,0,0,0,0,998.3714
"2026-05-01 15:42:00",10778,192,172,208,6.6,9.2,4.6,14.76354,20.57948,10.28974,15.3,42.1,101110,1.0111,0,0,0,0,0,0,998.3241
"2026-05-01 15:48:00",10779,188,173,209,5.9,7.5,4.6,13.19771,16.77675,10.28974,15.5,42.1,101100,1.011,0,0,0,0,0,0,998.2432
"2026-05-01 15:54:00",10780,179,156,214,5.4,7.8,3.7,12.07926,17.44782,8.27653,15.6,41.5,101090,1.0109,0,0,0,0,0,0,998.2305
"2026-05-01 16:00:00",10781,165,153,176,5.7,8.7,2.8,12.75033,19.46103,6.26332,15.6,41.5,101080,1.0108,0,0,0,0,0,0,998.0787
"2026-05-01 16:06:00",10782,192,170,215,4.3,6,3.2,9.61867,13.4214,7.158081,15.7,44.1,101070,1.0107,0,0,0,0,0,0,997.9338
"2026-05-01 16:12:00",10783,196,176,219,5.6,8.4,3,12.52664,18.78996,6.7107,15.8,42.9,101060,1.0106,0,0,0,0,0,0,997.8924
"2026-05-01 16:18:00",10784,181,158,203,4.3,5.6,2.5,9.61867,12.52664,5.59225,15.8,43.1,101070,1.0107,0,0,0,0,0,0,997.9056
"2026-05-01 16:24:00",10785,187,173,203,5.2,7.1,3.4,11.63188,15.88199,7.605461,15.8,43.3,101070,1.0107,0,0,0,0,0,0,997.9364
"2026-05-01 16:30:00",10786,164,109,211,4.9,6.9,0.9,10.96081,15.43461,2.01321,15.9,44.2,101070,1.0107,0,0,0,0,0,0,997.9608
"2026-05-01 16:36:00",10787,176,159,192,4.4,6.2,3.3,9.84236,13.86878,7.38177,15.9,42.5,101070,1.0107,0,0,0,0,0,0,997.9912
"2026-05-01 16:42:00",10788,171,159,193,5.7,7.8,2.6,12.75033,17.44782,5.81594,16,39.5,101070,1.0107,0,0,0,0,0,0,997.9219
"2026-05-01 16:48:00",10789,179,167,214,5.1,6.5,3.3,11.40819,14.53985,7.38177,15.9,42.4,101080,1.0108,0,0,0,0,0,0,998.0243
"2026-05-01 16:54:00",10790,167,127,190,5.6,7.5,2,12.52664,16.77675,4.4738,15.9,42.9,101080,1.0108,0,0,0,0,0,0,998.0879
"2026-05-01 17:00:00",10791,163,142,179,5.8,7.6,1.8,12.97402,17.00044,4.02642,15.9,40.9,101070,1.0107,0,0,0,0,0,0,997.9645
"2026-05-01 17:06:00",10792,166,124,190,4.2,6,1.4,9.39498,13.4214,3.13166,15.9,42.5,101070,1.0107,0,0,0,0,0,0,997.9565
"2026-05-01 17:12:00",10793,185,160,215,4.3,5.6,3.1,9.61867,12.52664,6.93439,16,40.3,101080,1.0108,0,0,0,0,0,0,998.0581
"2026-05-01 17:18:00",10794,169,154,190,5.3,7.2,3,11.85557,16.10568,6.7107,16,37,101080,1.0108,0,0,0,0,0,0,997.9699
"2026-05-01 17:24:00",10795,172,151,196,3.6,5.7,1.6,8.05284,12.75033,3.57904,16.1,41,101060,1.0106,0,0,0,0,0,0,997.8185
"2026-05-01 17:30:00",10796,193,180,211,3.8,4.9,2.6,8.50022,10.96081,5.81594,16.1,37.7,101070,1.0107,0,0,0,0,0,0,997.8509
"2026-05-01 17:36:00",10797,167,120,200,3,4.5,1.2,6.7107,10.06605,2.68428,16.1,37.8,101060,1.0106,0,0,0,0,0,0,997.8228
"2026-05-01 17:42:00",10798,186,171,205,4.4,5.7,3.3,9.84236,12.75033,7.38177,16.1,36.7,101070,1.0107,0,0,0,0,0,0,997.8441
"2026-05-01 17:48:00",10799,185,170,204,4.4,5.7,3.3,9.84236,12.75033,7.38177,16,37.5,101060,1.0106,0,0,0,0,0,0,997.7584
"2026-05-01 17:54:00",10800,194,174,219,6.3,8.8,4.5,14.09247,19.68472,10.06605,15.9,41.5,101060,1.0106,0,0,0,0,0,0,997.8787
"2026-05-01 18:00:00",10801,204,189,223,6.5,8.9,4.8,14.53985,19.90841,10.73712,15.5,43.4,101060,1.0106,0,0,0,0,0,0,997.8146
"2026-05-01 18:06:00",10802,190,174,209,4.3,5.4,3,9.61867,12.07926,6.7107,15.3,47.9,101060,1.0106,0,0,0,0,0,0,997.8233
"2026-05-01 18:12:00",10803,189,164,220,4.2,5.8,2.9,9.39498,12.97402,6.48701,15.2,48.8,101060,1.0106,0,0,0,0,0,0,997.7346
"2026-05-01 18:18:00",10804,182,167,210,7.2,8.8,5.8,16.10568,19.68472,12.97402,15,47.1,101040,1.0104,0,0,0,0,0,0,997.697
"2026-05-01 18:24:00",10805,184,165,213,5.5,7.8,3.3,12.30295,17.44782,7.38177,15,46.8,101030,1.0103,0,0,0,0,0,0,997.584
"2026-05-01 18:30:00",10806,182,158,205,5.5,7.6,1.8,12.30295,17.00044,4.02642,14.8,49.4,101030,1.0103,0,0,0,0,0,0,997.5764
"2026-05-01 18:36:00",10807,189,167,210,4.6,7.2,3.3,10.28974,16.10568,7.38177,14.7,48.1,101040,1.0104,0,0,0,0,0,0,997.6532
"2026-05-01 18:42:00",10808,188,161,216,3.4,4.7,2.2,7.605461,10.51343,4.92118,14.7,50.4,101050,1.0105,0,0,0,0,0,0,997.7856
"2026-05-01 18:48:00",10809,182,155,204,3.6,5.1,2,8.05284,11.40819,4.4738,14.6,53,101060,1.0106,0,0,0,0,0,0,997.8113
"2026-05-01 18:54:00",10810,173,136,195,3.4,5.7,1.6,7.605461,12.75033,3.57904,14.5,54.1,101060,1.0106,0,0,0,0,0,0,997.8713
"2026-05-01 19:00:00",10811,187,150,215,4.9,6.4,3.4,10.96081,14.31616,7.605461,14.5,54.3,101080,1.0108,0,0,0,0,0,0,998.0861
"2026-05-01 19:06:00",10812,193,161,211,3.3,4.8,1.9,7.38177,10.73712,4.25011,14.5,54.9,101090,1.0109,0,0,0,0,0,0,998.2126
"2026-05-01 19:12:00",10813,202,180,226,5,6.8,3.7,11.1845,15.21092,8.27653,14.5,55.4,101100,1.011,0,0,0,0,0,0,998.296
"2026-05-01 19:18:00",10814,199,161,223,4.7,6.1,2.9,10.51343,13.64509,6.48701,14.5,53.9,101100,1.011,0,0,0,0,0,0,998.2463
"2026-05-01 19:24:00",10815,192,180,217,5.9,7.2,4.8,13.19771,16.10568,10.73712,14.5,53.9,101090,1.0109,0,0,0,0,0,0,998.1729
"2026-05-01 19:30:00",10816,189,159,211,5,6.6,3,11.1845,14.76354,6.7107,14.5,53.8,101100,1.011,0,0,0,0,0,0,998.1827
"2026-05-01 19:36:00",10817,177,144,202,3.5,6,1.1,7.82915,13.4214,2.46059,14.5,54.3,101090,1.0109,0,0,0,0,0,0.01585887,998.1171
"2026-05-01 19:42:00",10818,183,157,276,4.3,6,1.9,9.61867,13.4214,4.25011,14.5,55.7,101070,1.0107,0,0,0,0,0,0.04302651,997.9217
"2026-05-01 19:48:00",10819,166,152,191,4.6,6.3,2.4,10.28974,14.09247,5.36856,14.5,56.2,101060,1.0106,0,0,0,0,0,0.03461602,997.8245
"2026-05-01 19:54:00",10820,170,141,205,3.2,4.4,2.1,7.158081,9.84236,4.69749,14.6,54.5,101070,1.0107,0,0,0,0,0,0.02725232,997.9061
"2026-05-01 20:00:00",10821,191,168,225,3.6,5,2.6,8.05284,11.1845,5.81594,14.6,55.6,101080,1.0108,0,0,0,0,0,0.03311545,998.0782
"2026-05-01 20:06:00",10822,178,142,229,3.2,4.3,1.2,7.158081,9.61867,2.68428,14.7,55.4,101090,1.0109,0,0,0,0,0,0.00139771,998.1312
"2026-05-01 20:12:00",10823,179,164,202,4.3,5.8,3.4,9.61867,12.97402,7.605461,14.7,55.6,101100,1.011,0,0,0,0,0,0.03831907,998.3325
"2026-05-01 20:18:00",10824,186,165,212,5.2,7,2.8,11.63188,15.6583,6.26332,14.8,55.8,101110,1.0111,0,0,0,0,0,0.002129844,998.423
"2026-05-01 20:24:00",10825,160,142,179,4.5,6,2,10.06605,13.4214,4.4738,14.8,57.8,101110,1.0111,0,0,0,0,0,0.02455372,998.4109
"2026-05-01 20:30:00",10826,187,165,211,4,5.7,2.1,8.9476,12.75033,4.69749,14.8,59.5,101120,1.0112,0,0,0,0,0,0.02887997,998.4843
"2026-05-01 20:36:00",10827,182,163,202,6.4,9.7,3.7,14.31616,21.69793,8.27653,14.8,56.5,101130,1.0113,0,0,0,0,0,0.03100978,998.6145
"2026-05-01 20:42:00",10828,174,155,188,5.3,6.7,3.8,11.85557,14.98723,8.50022,14.8,58.9,101150,1.0115,0,0,0,0,0,0.02080835,998.7336
"2026-05-01 20:48:00",10829,180,164,205,6.2,9.2,4.2,13.86878,20.57948,9.39498,14.7,62.8,101150,1.0115,0,0,0,0,0,0.02334359,998.707
"2026-05-01 20:54:00",10830,179,157,211,5.1,8.2,2.3,11.40819,18.34258,5.14487,14.6,66,101150,1.0115,0,0,0,0,0,0.02973919,998.8365
"2026-05-01 21:00:00",10831,189,168,215,4.7,6.3,2.6,10.51343,14.09247,5.81594,14.5,66.8,101170,1.0117,0,0,0,0,0,0.01968293,999.0004
"2026-05-01 21:06:00",10832,181,158,209,5,6.4,3.2,11.1845,14.31616,7.158081,14.5,67.2,101160,1.0116,0,0,0,0,0,0.002734916,998.8816
"2026-05-01 21:12:00",10833,204,180,225,5.4,8.2,3.3,12.07926,18.34258,7.38177,14.4,65.2,101170,1.0117,0,0,0,0,0,0.03228653,998.9839
"2026-05-01 21:18:00",10834,199,183,220,6.5,9.3,5.3,14.53985,20.80317,11.85557,14.4,64.8,101170,1.0117,0,0,0,0,0,0.02927933,998.8921
"2026-05-01 21:24:00",10835,189,174,207,6.1,7.5,4.7,13.64509,16.77675,10.51343,14.4,64.2,101150,1.0115,0,0,0,0,0,0,998.7137
"2026-05-01 21:30:00",10836,199,184,219,6.3,7.7,4.3,14.09247,17.22413,9.61867,14.5,63.4,101140,1.0114,0,0,0,0,0,0.003327884,998.6318
"2026-05-01 21:36:00",10837,195,175,218,6.3,8.3,3.9,14.09247,18.56627,8.72391,14.4,62.9,101130,1.0113,0,0,0,0,0,0.00400556,998.6201
"2026-05-01 21:42:00",10838,188,168,217,5.6,7.3,3.6,12.52664,16.32937,8.05284,14.4,65,101140,1.0114,0,0,0,0,0,0.03621948,998.6533
"2026-05-01 21:48:00",10839,195,178,211,4.8,5.6,3.5,10.73712,12.52664,7.82915,14.4,64.2,101140,1.0114,0,0,0,0,0,0.05305858,998.5876
"2026-05-01 21:54:00",10840,210,193,229,4.2,5.7,3.2,9.39498,12.75033,7.158081,14.3,63.3,101130,1.0113,0,0,0,0,0,0.03542079,998.5297
"2026-05-01 22:00:00",10841,202,179,226,4.6,6.1,3.3,10.28974,13.64509,7.38177,14.3,63.4,101130,1.0113,0,0,0,0,0,0.04432136,998.5313
"2026-05-01 22:06:00",10842,213,194,234,6.9,10.2,4.4,15.43461,22.81638,9.84236,14.3,59.9,101140,1.0114,0,0,0,0,0,0.01512071,998.6223
"2026-05-01 22:12:00",10843,200,168,221,6.5,9.4,4.2,14.53985,21.02686,9.39498,14.2,58.9,101140,1.0114,0,0,0,0,0,0.02446903,998.644
"2026-05-01 22:18:00",10844,211,193,233,5.4,7.4,3.9,12.07926,16.55306,8.72391,14.2,60.3,101150,1.0115,0,0,0,0,0,0.02940644,998.781
"2026-05-01 22:24:00",10845,207,175,232,5.3,7.5,2.7,11.85557,16.77675,6.03963,14.2,59.1,101160,1.0116,0,0,0,0,0,0.03972892,998.8507
"2026-05-01 22:30:00",10846,212,180,252,3.9,5.1,2.4,8.72391,11.40819,5.36856,14.1,60.7,101170,1.0117,0,0,0,0,0,0,998.9296
"2026-05-01 22:36:00",10847,204,177,222,6.2,8,4.7,13.86878,17.8952,10.51343,14.1,59.3,101170,1.0117,0,0,0,0,0,0,998.8678
"2026-05-01 22:42:00",10848,202,183,219,5.5,7.8,3.2,12.30295,17.44782,7.158081,14.1,59.2,101160,1.0116,0,0,0,0,0,0.03813152,998.8136
"2026-05-01 22:48:00",10849,211,191,229,6.4,8.9,4.6,14.31616,19.90841,10.28974,14.1,58.2,101150,1.0115,0,0,0,0,0,0.01316633,998.7217
"2026-05-01 22:54:00",10850,195,162,216,3.9,5,2.9,8.72391,11.1845,6.48701,14,60.3,101150,1.0115,0,0,0,0,0,0.0002662308,998.8708
"2026-05-01 23:00:00",10851,198,174,228,3.4,4.8,2.2,7.605461,10.73712,4.92118,14,62.2,101160,1.0116,0,0,0,0,0,0.03380528,998.8637
"2026-05-01 23:06:00",10852,205,187,226,3.9,5.4,2.6,8.72391,12.07926,5.81594,13.9,59.9,101170,1.0117,0,0,0,0,0,0.0271253,998.9849
"2026-05-01 23:12:00",10853,202,182,224,4.1,5.2,3.2,9.17129,11.63188,7.158081,13.9,60.7,101190,1.0119,0,0,0,0,0,0.02163732,999.204
"2026-05-01 23:18:00",10854,233,222,248,3.1,4.2,2.1,6.93439,9.39498,4.69749,13.8,61.7,101200,1.012,0,0,0,0,0,0.01156894,999.2335
"2026-05-01 23:24:00",10855,239,220,270,2.1,3.1,1.3,4.69749,6.93439,2.90797,13.8,62,101200,1.012,0,0,0,0,0,0.03301261,999.3077
"2026-05-01 23:30:00",10856,264,236,302,2.3,3.5,1.4,5.14487,7.82915,3.13166,13.7,62,101200,1.012,0,0,0,0,0,0.01187148,999.3507
"2026-05-01 23:36:00",10857,266,252,284,2.9,3.6,1.1,6.48701,8.05284,2.46059,13.3,62.7,101230,1.0123,0,0,0,0,0,0,999.6946
"2026-05-01 23:42:00",10858,242,233,260,3,3.5,2.2,6.7107,7.82915,4.92118,13,62,101240,1.0124,0.02,0.0007874016,0,0,0,0.03727233,999.7415
"2026-05-01 23:48:00",10859,236,211,256,2.4,2.9,1.6,5.36856,6.48701,3.57904,12.8,65.5,101230,1.0123,0.14,0.005511811,1.2,0.0472441,0,0.0135535,999.5527
"2026-05-01 23:54:00",10860,249,231,267,2.8,3.5,2,6.26332,7.82915,4.4738,12.1,66,101230,1.0123,0.27,0.01062992,0.5,0.01968504,0,0,999.6875
"2026-05-02 00:00:00",10861,294,267,333,1.5,2,0.7,3.35535,4.4738,1.56583,12.1,68.9,101230,1.0123,0.34,0.01338583,0.5,0.01968504,0,0,999.6396
"2026-05-02 00:06:00",10862,305,271,340,1.2,1.9,0.9,2.68428,4.25011,2.01321,11.8,70.4,101240,1.0124,0.04,0.001574803,0.1,0.003937008,0,0,999.7303
"2026-05-02 00:12:00",10863,13,90,320,0.5,1.1,0.1,1.11845,2.46059,0.22369,11.3,72.7,101230,1.0123,0.08,0.003149606,0,0,0,0,999.527
"2026-05-02 00:18:00",10864,204,26,325,0.5,1.3,0,1.11845,2.90797,0,11.7,71.6,101210,1.0121,0.08,0.003149606,0.1,0.003937008,0,0,999.5247
"2026-05-02 00:24:00",10865,229,197,265,1.4,1.9,0.5,3.13166,4.25011,1.11845,12,71.6,101230,1.0123,0.09,0.003543307,0,0,0,0,999.5335
"2026-05-02 00:30:00",10866,316,280,338,0.8,1.3,0.3,1.78952,2.90797,0.67107,11.6,73.5,101220,1.0122,0.18,0.007086615,0,0,0,0,999.4836
"2026-05-02 00:36:00",10867,216,191,240,1.1,1.6,0.4,2.46059,3.57904,0.8947601,11.8,74,101220,1.0122,0.32,0.01259843,0,0,0,0,999.5549
"2026-05-02 00:42:00",10868,252,219,274,1.3,1.9,0.4,2.90797,4.25011,0.8947601,11.7,73.6,101220,1.0122,0.32,0.01259843,0,0,0,0,999.4214
"2026-05-02 00:48:00",10869,190,172,206,1.4,2.1,1,3.13166,4.69749,2.2369,11.4,74.7,101200,1.012,0.38,0.01496063,0,0,0,0,999.265
"2026-05-02 00:54:00",10870,172,151,198,1.2,1.7,0.4,2.68428,3.80273,0.8947601,11.5,75.5,101170,1.0117,0.38,0.01496063,0,0,0,0,999.0312
"2026-05-02 01:00:00",10871,208,196,226,1.6,2,1.1,3.57904,4.4738,2.46059,11.5,73.7,101180,1.0118,0.38,0.01496063,0,0,0,0,999.1458
"2026-05-02 01:06:00",10872,210,200,221,2,2.5,1.4,4.4738,5.59225,3.13166,11.7,75.4,101190,1.0119,0.38,0.01496063,0,0,0,0,999.1852
"2026-05-02 01:12:00",10873,223,197,264,1.3,1.9,0.3,2.90797,4.25011,0.67107,11.5,76.7,101190,1.0119,0.38,0.01496063,0,0,0,0,999.1478
"2026-05-02 01:18:00",10874,288,261,319,1.1,1.8,0.7,2.46059,4.02642,1.56583,11.1,77.1,101190,1.0119,0.38,0.01496063,0,0,0,0,999.1793
"2026-05-02 01:24:00",10875,275,248,306,1.3,1.7,0.9,2.90797,3.80273,2.01321,11.2,77.2,101190,1.0119,0.38,0.01496063,0,0,0,0,999.0215
"2026-05-02 01:30:00",10876,265,231,292,1.4,1.9,0.9,3.13166,4.25011,2.01321,11,78.2,101190,1.0119,0.38,0.01496063,0,0,0,0,999.1781
"2026-05-02 01:36:00",10877,282,5,242,1.8,2.6,0.5,4.02642,5.81594,1.11845,10.7,78.9,101180,1.0118,0.38,0.01496063,0,0,0,0,999.0908
"2026-05-02 01:42:00",10878,288,63,148,0.4,0.9,0,0.8947601,2.01321,0,10.6,80.2,101170,1.0117,0.38,0.01496063,0,0,0,0,998.9604
"2026-05-02 01:48:00",10879,315,277,346,0.8,1.1,0.4,1.78952,2.46059,0.8947601,10.3,79.7,101170,1.0117,0.38,0.01496063,0,0,0,0,998.9434
"2026-05-02 01:54:00",10880,313,294,346,1,1.2,0.7,2.2369,2.68428,1.56583,10.4,79.3,101170,1.0117,0.38,0.01496063,0,0,0,0,999.0153
"2026-05-02 02:00:00",10881,313,286,352,0.8,1.2,0.4,1.78952,2.68428,0.8947601,10.5,79.9,101170,1.0117,0.38,0.01496063,0,0,0,0,998.8623
"2026-05-02 02:06:00",10882,358,46,335,1,1.3,0.5,2.2369,2.90797,1.11845,9.9,80.4,101160,1.0116,0.38,0.01496063,0,0,0,0,998.9186
"2026-05-02 02:12:00",10883,301,270,337,1,1.3,0.6,2.2369,2.90797,1.34214,10.2,80.6,101170,1.0117,0.38,0.01496063,0,0,0,0,998.9795
"2026-05-02 02:18:00",10884,279,249,317,1.4,2.2,0.1,3.13166,4.92118,0.22369,10.2,80.6,101170,1.0117,0.38,0.01496063,0,0,0,0,998.9934
"2026-05-02 02:24:00",10885,274,254,303,1.4,1.9,0.4,3.13166,4.25011,0.8947601,10,79.9,101180,1.0118,0.38,0.01496063,0,0,0,0,999.0593
"2026-05-02 02:30:00",10886,323,162,314,0.5,1,0.1,1.11845,2.2369,0.22369,10.4,79.2,101170,1.0117,0.38,0.01496063,0,0,0,0,999.0249
"2026-05-02 02:36:00",10887,260,234,302,0.8,1.3,0.4,1.78952,2.90797,0.8947601,10.4,78.8,101190,1.0119,0.38,0.01496063,0,0,0,0,999.2082
"2026-05-02 02:42:00",10888,285,134,338,1.3,1.9,0.1,2.90797,4.25011,0.22369,10.3,77.5,101200,1.012,0.38,0.01496063,0,0,0,0,999.2314
"2026-05-02 02:48:00",10889,308,63,193,0.9,1.5,0,2.01321,3.35535,0,10.3,78.2,101190,1.0119,0.38,0.01496063,0,0,0,0,999.0796
"2026-05-02 02:54:00",10890,296,58,249,0.8,1.8,0.1,1.78952,4.02642,0.22369,10.1,77.9,101180,1.0118,0.38,0.01496063,0,0,0,0,999.0441
"2026-05-02 03:00:00",10891,275,206,330,0.8,1.6,0,1.78952,3.57904,0,10.4,77.8,101170,1.0117,0.38,0.01496063,0,0,0,0,999.0306
"2026-05-02 03:06:00",10892,304,90,148,0.1,0.4,0,0.22369,0.8947601,0,10.5,78.5,101180,1.0118,0.38,0.01496063,0,0,0,0,999.046
"2026-05-02 03:12:00",10893,266,28,149,0.4,0.8,0,0.8947601,1.78952,0,10.4,77.4,101180,1.0118,0.38,0.01496063,0,0,0,0,999.0459
"2026-05-02 03:18:00",10894,280,74,253,0.8,1.3,0.2,1.78952,2.90797,0.44738,10.1,77,101190,1.0119,0.38,0.01496063,0,0,0,0,999.2188
"2026-05-02 03:24:00",10895,284,50,237,0.5,0.8,0.2,1.11845,1.78952,0.44738,10.5,78.1,101200,1.012,0.38,0.01496063,0,0,0,0,999.2803
"2026-05-02 03:30:00",10896,306,78,253,0.4,0.8,0.1,0.8947601,1.78952,0.22369,10.4,77.4,101210,1.0121,0.38,0.01496063,0,0,0,0,999.3064
"2026-05-02 03:36:00",10897,339,49,146,0.7,1.4,0.1,1.56583,3.13166,0.22369,10.3,74.9,101210,1.0121,0.38,0.01496063,0,0,0,0,999.3422
"2026-05-02 03:42:00",10898,336,45,305,0.4,0.8,0.1,0.8947601,1.78952,0.22369,10.5,76.1,101200,1.012,0.38,0.01496063,0,0,0,0,999.2371
"2026-05-02 03:48:00",10899,72,12,154,0.5,1.1,0.2,1.11845,2.46059,0.44738,10.3,74.7,101190,1.0119,0.38,0.01496063,0,0,0,0,999.2201
"2026-05-02 03:54:00",10900,316,40,253,1.1,2.1,0.3,2.46059,4.69749,0.67107,10,72.4,101200,1.012,0.38,0.01496063,0,0,0,0,999.3374
"2026-05-02 04:00:00",10901,347,29,304,1.2,1.8,0.4,2.68428,4.02642,0.8947601,10.2,69.5,101210,1.0121,0.38,0.01496063,0,0,0,0,999.3838
"2026-05-02 04:06:00",10902,309,1,224,0.8,1.3,0.1,1.78952,2.90797,0.22369,10.5,67.1,101220,1.0122,0.38,0.01496063,0,0,0,0.01106069,999.4226
"2026-05-02 04:12:00",10903,279,127,336,0.8,1.5,0.1,1.78952,3.35535,0.22369,10.6,66.8,101220,1.0122,0.38,0.01496063,0,0,0,0,999.4431
"2026-05-02 04:18:00",10904,302,9,90,0.9,1.7,0.1,2.01321,3.80273,0.22369,10.6,64.8,101220,1.0122,0.38,0.01496063,0,0,0,0,999.4454
"2026-05-02 04:24:00",10905,331,59,265,1,2.3,0.1,2.2369,5.14487,0.22369,10.5,63.3,101210,1.0121,0.38,0.01496063,0,0,0,0.01380165,999.4534
"2026-05-02 04:30:00",10906,317,291,356,0.6,0.9,0.2,1.34214,2.01321,0.44738,10.5,64.1,101220,1.0122,0.38,0.01496063,0,0,0,0,999.4437
"2026-05-02 04:36:00",10907,319,61,214,0.4,0.8,0,0.8947601,1.78952,0,10.1,66.5,101230,1.0123,0.38,0.01496063,0,0,0,0,999.6202
"2026-05-02 04:42:00",10908,272,86,343,0.9,1.9,0,2.01321,4.25011,0,10.1,62.9,101240,1.0124,0.38,0.01496063,0,0,0,0,999.7107
"2026-05-02 04:48:00",10909,355,73,267,1.1,1.8,0.3,2.46059,4.02642,0.67107,10.1,61.3,101240,1.0124,0.38,0.01496063,0,0,0,0,999.8201
"2026-05-02 04:54:00",10910,337,53,191,1.2,2.4,0.2,2.68428,5.36856,0.44738,10.2,60.1,101260,1.0126,0.38,0.01496063,0,0,0,0,999.9967
"2026-05-02 05:00:00",10911,352,46,277,1.4,3.1,0,3.13166,6.93439,0,10.3,58.1,101280,1.0128,0.38,0.01496063,0,0,0,0,1000.012
"2026-05-02 05:06:00",10912,336,60,285,1.2,2,0.4,2.68428,4.4738,0.8947601,10.3,56.7,101290,1.0129,0.38,0.01496063,0,0,0,0,1000.132
"2026-05-02 05:12:00",10913,351,90,279,0.6,1.2,0.1,1.34214,2.68428,0.22369,10.2,57.1,101280,1.0128,0.38,0.01496063,0,0,0,0,1000.091
"2026-05-02 05:18:00",10914,124,95,148,0.4,0.8,0,0.8947601,1.78952,0,10.2,60.9,101290,1.0129,0.38,0.01496063,0,0,0,0,1000.15
"2026-05-02 05:24:00",10915,321,1,279,0.6,1,0.4,1.34214,2.2369,0.8947601,10.1,64.2,101300,1.013,0.38,0.01496063,0,0,0,0,1000.224
"2026-05-02 05:30:00",10916,271,254,298,1.2,1.5,0.9,2.68428,3.35535,2.01321,9.7,66.2,101300,1.013,0.38,0.01496063,0,0,0,0,1000.299
"2026-05-02 05:36:00",10917,273,253,288,0.9,1.2,0.6,2.01321,2.68428,1.34214,9.6,67.4,101310,1.0131,0.38,0.01496063,0,0,0,0,1000.399
"2026-05-02 05:42:00",10918,310,26,259,0.9,1.4,0.2,2.01321,3.13166,0.44738,9.1,61.1,101310,1.0131,0.38,0.01496063,0,0,0,0,1000.405
"2026-05-02 05:48:00",10919,294,17,161,0.9,1.6,0.1,2.01321,3.57904,0.22369,9.7,59.9,101320,1.0132,0.38,0.01496063,0,0,0,0,1000.459
"2026-05-02 05:54:00",10920,312,36,226,0.5,1.1,0,1.11845,2.46059,0,9.7,58.6,101330,1.0133,0.38,0.01496063,0,0,0,0,1000.592
"2026-05-02 06:00:00",10921,289,236,324,1.2,1.6,0.5,2.68428,3.57904,1.11845,9.8,59.6,101340,1.0134,0.38,0.01496063,0,0,0,0,1000.678
"2026-05-02 06:06:00",10922,335,14,256,1,1.5,0.3,2.2369,3.35535,0.67107,9.6,59.7,101330,1.0133,0.38,0.01496063,0,0,0,0,1000.657
"2026-05-02 06:12:00",10923,297,270,349,1.5,2.5,0.8,3.35535,5.59225,1.78952,9.7,57.9,101350,1.0135,0.38,0.01496063,0,0,0,0,1000.787
"2026-05-02 06:18:00",10924,276,221,315,0.7,1.3,0.3,1.56583,2.90797,0.67107,9.9,60.1,101360,1.0136,0.38,0.01496063,0,0,0,0,1000.864
"2026-05-02 06:24:00",10925,349,127,281,1,2.1,0.1,2.2369,4.69749,0.22369,9.9,58.9,101360,1.0136,0.38,0.01496063,0,0,0,0,1000.918
"2026-05-02 06:30:00",10926,309,42,193,0.9,1.8,0,2.01321,4.02642,0,9.8,58.4,101370,1.0137,0.38,0.01496063,0,0,0,0,1001.041
"2026-05-02 06:36:00",10927,238,100,328,0.7,1.5,0,1.56583,3.35535,0,10.1,58.5,101370,1.0137,0.38,0.01496063,0,0,0,0,1000.956
"2026-05-02 06:42:00",10928,322,17,201,2.2,4.2,0.9,4.92118,9.39498,2.01321,10.1,55.2,101370,1.0137,0.38,0.01496063,0,0,0,0,1000.963
"2026-05-02 06:48:00",10929,286,90,110,0.5,1.3,0,1.11845,2.90797,0,10.3,57.7,101350,1.0135,0.38,0.01496063,0,0,0,0,1000.913
"2026-05-02 06:54:00",10930,308,258,347,1.6,3.2,0.3,3.57904,7.158081,0.67107,10.5,56.1,101360,1.0136,0.38,0.01496063,0,0,0,0,1000.899
"2026-05-02 07:00:00",10931,357,56,296,1.5,3.3,0.4,3.35535,7.38177,0.8947601,10.3,56.2,101350,1.0135,0.38,0.01496063,0,0,0,0,1000.851
"2026-05-02 07:06:00",10932,355,62,261,2,3.4,0.7,4.4738,7.605461,1.56583,10.5,54.4,101350,1.0135,0.38,0.01496063,0,0,0,0,1000.851
"2026-05-02 07:12:00",10933,353,41,318,2.1,3.4,0.7,4.69749,7.605461,1.56583,10,54.1,101350,1.0135,0.38,0.01496063,0,0,0,0,1000.752
"2026-05-02 07:18:00",10934,317,77,188,0.8,1.7,0,1.78952,3.80273,0,10.2,55.3,101350,1.0135,0.38,0.01496063,0,0,0,0,1000.777
"2026-05-02 07:24:00",10935,332,38,261,1.4,2.8,0.2,3.13166,6.26332,0.44738,10.2,55.3,101360,1.0136,0.38,0.01496063,0,0,0,0,1000.833
"2026-05-02 07:30:00",10936,356,137,303,1.6,3.3,0.1,3.57904,7.38177,0.22369,10.3,55.6,101340,1.0134,0.38,0.01496063,0,0,0,0,1000.799
"2026-05-02 07:36:00",10937,22,95,307,1.1,2.3,0.2,2.46059,5.14487,0.44738,10.4,55.8,101350,1.0135,0.38,0.01496063,0,0,0,0,1000.781
"2026-05-02 07:42:00",10938,91,73,351,0.6,1.9,0.1,1.34214,4.25011,0.22369,10.5,55.7,101350,1.0135,0.38,0.01496063,0,0,0,0,1000.913
"2026-05-02 07:48:00",10939,30,97,326,3.3,5.4,1.1,7.38177,12.07926,2.46059,10.5,51.9,101350,1.0135,0.38,0.01496063,0,0,0,0,1000.83
"2026-05-02 07:54:00",10940,30,95,333,3,4.6,0.8,6.7107,10.28974,1.78952,10.4,53.3,101350,1.0135,0.38,0.01496063,0,0,0,0,1000.878
"2026-05-02 08:00:00",10941,16,115,213,0.8,1.5,0.1,1.78952,3.35535,0.22369,10.5,53.9,101350,1.0135,0.38,0.01496063,0,0,0,0,1000.789
"2026-05-02 08:06:00",10942,349,108,277,1.9,3.9,0.2,4.25011,8.72391,0.44738,10.6,52.6,101350,1.0135,0.38,0.01496063,0,0,0,0,1000.859
"2026-05-02 08:12:00",10943,10,71,270,1.3,2.7,0.1,2.90797,6.03963,0.22369,10.6,53.4,101350,1.0135,0.38,0.01496063,0,0,0,0,1000.754
"2026-05-02 08:18:00",10944,99,251,327,1.2,3.9,0,2.68428,8.72391,0,10.5,54.4,101350,1.0135,0.38,0.01496063,0,0,0,0,1000.779
"2026-05-02 08:24:00",10945,344,53,284,2.2,3.5,0.1,4.92118,7.82915,0.22369,10.7,53,101360,1.0136,0.38,0.01496063,0,0,0,0,1000.945
"2026-05-02 08:30:00",10946,338,84,282,2.2,5,0.1,4.92118,11.1845,0.22369,10.8,51.9,101350,1.0135,0.38,0.01496063,0,0,0,0,1000.906
"2026-05-02 08:36:00",10947,24,93,249,1.4,2.6,0,3.13166,5.81594,0,11,51.8,101350,1.0135,0.38,0.01496063,0,0,0,0,1000.763
"2026-05-02 08:42:00",10948,40,146,287,1.4,3.4,0.2,3.13166,7.605461,0.44738,11,52.9,101340,1.0134,0.38,0.01496063,0,0,0,0,1000.723
"2026-05-02 08:48:00",10949,40,187,276,2.5,5.1,0.2,5.59225,11.40819,0.44738,11,52.2,101340,1.0134,0.38,0.01496063,0,0,0,0,1000.752
"2026-05-02 08:54:00",10950,356,51,253,2,3.5,0.2,4.4738,7.82915,0.44738,11,50.9,101340,1.0134,0.38,0.01496063,0,0,0,0,1000.695
"2026-05-02 09:00:00",10951,342,100,189,1.8,4.2,0.1,4.02642,9.39498,0.22369,11.1,51,101350,1.0135,0.38,0.01496063,0,0,0,0,1000.751
"2026-05-02 09:06:00",10952,353,23,233,1.7,4.9,0.2,3.80273,10.96081,0.44738,11.1,51.2,101340,1.0134,0.38,0.01496063,0,0,0,0,1000.718
"2026-05-02 09:12:00",10953,31,147,235,1.1,3.5,0.1,2.46059,7.82915,0.22369,11.2,52.3,101340,1.0134,0.38,0.01496063,0,0,0,0,1000.735
"2026-05-02 09:18:00",10954,20,139,279,3,4.9,0.5,6.7107,10.96081,1.11845,11.3,49.1,101350,1.0135,0.38,0.01496063,0,0,0,0,1000.88
"2026-05-02 09:24:00",10955,32,94,276,2.8,4.6,0.4,6.26332,10.28974,0.8947601,11.3,49.2,101370,1.0137,0.38,0.01496063,0,0,0,0,1000.963
"2026-05-02 09:30:00",10956,5,151,267,2,4,0.2,4.4738,8.9476,0.44738,11.3,50.8,101360,1.0136,0.38,0.01496063,0,0,0,0,1001.04
"2026-05-02 09:36:00",10957,27,159,311,2,4.2,0.3,4.4738,9.39498,0.67107,11.4,49.7,101370,1.0137,0.38,0.01496063,0,0,0,0,1000.944
"2026-05-02 09:42:00",10958,278,148,252,0.6,1.7,0,1.34214,3.80273,0,11.5,51.5,101370,1.0137,0.38,0.01496063,0,0,0,0,1001.034
"2026-05-02 09:48:00",10959,68,14,170,3,5.3,0.8,6.7107,11.85557,1.78952,11.6,47.5,101360,1.0136,0.38,0.01496063,0,0,0,0,1000.87
"2026-05-02 09:54:00",10960,60,121,290,1.7,3.2,0.3,3.80273,7.158081,0.67107,11.8,47.2,101350,1.0135,0.38,0.01496063,0,0,0,0,1000.788
"2026-05-02 10:00:00",10961,65,7,150,1.6,3.3,0.2,3.57904,7.38177,0.44738,11.8,45.1,101370,1.0137,0.38,0.01496063,0,0,0,0,1001.07
"2026-05-02 10:06:00",10962,9,66,262,2.3,4.4,0.1,5.14487,9.84236,0.22369,11.9,47.8,101400,1.014,0.38,0.01496063,0,0,0,0,1001.174
"2026-05-02 10:12:00",10963,37,114,350,0.9,2,0.1,2.01321,4.4738,0.22369,11.8,42.8,101400,1.014,0.38,0.01496063,0,0,0,0,1001.362
"2026-05-02 10:18:00",10964,47,166,318,2.5,4.2,0.3,5.59225,9.39498,0.67107,12.1,44.5,101420,1.0142,0.38,0.01496063,0,0,0,0,1001.556
"2026-05-02 10:24:00",10965,52,7,86,2.7,4.5,1.4,6.03963,10.06605,3.13166,11.9,44.1,101410,1.0141,0.38,0.01496063,0,0,0,0,1001.414
"2026-05-02 10:30:00",10966,61,111,328,2.1,3.4,0.4,4.69749,7.605461,0.8947601,11.9,45.7,101400,1.014,0.38,0.01496063,0,0,0,0,1001.317
"2026-05-02 10:36:00",10967,56,28,99,3.5,5.2,1.8,7.82915,11.63188,4.02642,12,41.8,101390,1.0139,0.38,0.01496063,0,0,0,0,1001.217
"2026-05-02 10:42:00",10968,42,114,322,1.8,3.6,0.2,4.02642,8.05284,0.44738,12,41.1,101390,1.0139,0.38,0.01496063,0,0,0,0,1001.2
"2026-05-02 10:48:00",10969,62,33,106,2.1,5,0.9,4.69749,11.1845,2.01321,12.2,40.6,101380,1.0138,0.38,0.01496063,0,0,0,0,1001.13
"2026-05-02 10:54:00",10970,49,15,107,2.4,4.2,0.3,5.36856,9.39498,0.67107,12.4,40.6,101370,1.0137,0.38,0.01496063,0,0,0,0,1000.95
"2026-05-02 11:00:00",10971,69,12,98,3.7,6.9,1,8.27653,15.43461,2.2369,12.5,38.7,101350,1.0135,0.38,0.01496063,0,0,0,0,1000.83
"2026-05-02 11:06:00",10972,28,89,339,2.3,3.7,0.4,5.14487,8.27653,0.8947601,12.5,37.2,101360,1.0136,0.38,0.01496063,0,0,0,0,1000.949
"2026-05-02 11:12:00",10973,59,25,83,4.5,7,1.5,10.06605,15.6583,3.35535,12.4,40.1,101350,1.0135,0.38,0.01496063,0,0,0,0,1000.876
"2026-05-02 11:18:00",10974,63,45,87,3.9,4.8,2.8,8.72391,10.73712,6.26332,12.4,40.6,101350,1.0135,0.38,0.01496063,0,0,0,0,1000.883
"2026-05-02 11:24:00",10975,77,9,150,1.2,2,0.3,2.68428,4.4738,0.67107,12.7,37.6,101350,1.0135,0.38,0.01496063,0,0,0,0,1000.702
"2026-05-02 11:30:00",10976,67,41,92,3.5,4.6,2.2,7.82915,10.28974,4.92118,12.6,36.8,101340,1.0134,0.38,0.01496063,0,0,0,0,1000.727
"2026-05-02 11:36:00",10977,69,39,120,2.2,4.2,0.8,4.92118,9.39498,1.78952,12.6,36.8,101340,1.0134,0.38,0.01496063,0,0,0,0,1000.634
"2026-05-02 11:42:00",10978,69,51,95,4.5,5.9,2.6,10.06605,13.19771,5.81594,12.8,35.7,101330,1.0133,0.38,0.01496063,0,0,0,0,1000.64
"2026-05-02 11:48:00",10979,42,92,315,1.9,3.7,0.6,4.25011,8.27653,1.34214,12.8,38.4,101330,1.0133,0.38,0.01496063,0,0,0,0,1000.601
"2026-05-02 11:54:00",10980,84,0,162,1.3,3.1,0.1,2.90797,6.93439,0.22369,13.3,35.9,101330,1.0133,0.38,0.01496063,0,0,0,0,1000.484
"2026-05-02 12:00:00",10981,70,49,84,2.2,3.2,1.4,4.92118,7.158081,3.13166,12.8,37.1,101310,1.0131,0.38,0.01496063,0,0,0,0,1000.405
"2026-05-02 12:06:00",10982,107,229,327,0.4,1,0,0.8947601,2.2369,0,13.3,38,101310,1.0131,0.38,0.01496063,0,0,0,0,1000.312
"2026-05-02 12:12:00",10983,129,244,298,1,2.4,0.1,2.2369,5.36856,0.22369,13.5,39.3,101310,1.0131,0.38,0.01496063,0,0,0,0,1000.374
"2026-05-02 12:18:00",10984,29,111,217,1,2.7,0.1,2.2369,6.03963,0.22369,13.4,39.6,101310,1.0131,0.38,0.01496063,0,0,0,0,1000.403
"2026-05-02 12:24:00",10985,207,245,313,0.5,1.4,0,1.11845,3.13166,0,13.7,35,101310,1.0131,0.38,0.01496063,0,0,0,0,1000.351
"2026-05-02 12:30:00",10986,193,174,208,2,2.5,1.5,4.4738,5.59225,3.35535,13.6,35.1,101310,1.0131,0.38,0.01496063,0,0,0,0,1000.361
"2026-05-02 12:36:00",10987,136,109,159,1.9,3.5,1.1,4.25011,7.82915,2.46059,13.4,40.7,101300,1.013,0.38,0.01496063,0,0,0,0,1000.254
"2026-05-02 12:42:00",10988,139,114,157,3.6,5.1,2.3,8.05284,11.40819,5.14487,12.7,43,101290,1.0129,0.38,0.01496063,0,0,0,0,1000.162
"2026-05-02 12:48:00",10989,118,91,157,2.8,4.2,1.6,6.26332,9.39498,3.57904,12.7,45.8,101280,1.0128,0.38,0.01496063,0,0,0,0,1000.038
"2026-05-02 12:54:00",10990,148,111,176,2.3,3.1,0.4,5.14487,6.93439,0.8947601,12.8,45.6,101270,1.0127,0.38,0.01496063,0,0,0,0,1000.036
"2026-05-02 13:00:00",10991,88,61,120,3,4.4,2,6.7107,9.84236,4.4738,12.7,46.1,101270,1.0127,0.38,0.01496063,0,0,0,0,999.976
"2026-05-02 13:06:00",10992,109,81,132,3.2,4.3,1.9,7.158081,9.61867,4.25011,12.8,43.2,101270,1.0127,0.38,0.01496063,0,0,0,0,999.9996
"2026-05-02 13:12:00",10993,97,66,114,2.4,3.3,1.2,5.36856,7.38177,2.68428,13.1,44.6,101270,1.0127,0.38,0.01496063,0,0,0,0,999.8884
"2026-05-02 13:18:00",10994,107,95,127,4.2,5,3.2,9.39498,11.1845,7.158081,12.9,42.7,101250,1.0125,0.38,0.01496063,0,0,0,0,999.7899
"2026-05-02 13:24:00",10995,111,96,130,3.8,4.6,3,8.50022,10.28974,6.7107,12.8,44,101240,1.0124,0.38,0.01496063,0,0,0,0,999.71
"2026-05-02 13:30:00",10996,153,115,175,2.1,3,1.2,4.69749,6.7107,2.68428,13.1,41.1,101240,1.0124,0.38,0.01496063,0,0,0,0,999.6818
"2026-05-02 13:36:00",10997,139,128,153,1.9,2.4,1.1,4.25011,5.36856,2.46059,13.1,41.1,101220,1.0122,0.38,0.01496063,0,0,0,0,999.4523
"2026-05-02 13:42:00",10998,145,50,305,1.9,3.2,0.2,4.25011,7.158081,0.44738,13,43.3,101220,1.0122,0.38,0.01496063,0,0,0,0,999.5571
"2026-05-02 13:48:00",10999,101,91,119,4,5.1,2.4,8.9476,11.40819,5.36856,13.1,39.8,101210,1.0121,0.38,0.01496063,0,0,0,0,999.4191
"2026-05-02 13:54:00",11000,149,109,316,2.2,3.3,0.2,4.92118,7.38177,0.44738,13.1,43.8,101210,1.0121,0.38,0.01496063,0,0,0,0,999.2628
"2026-05-02 14:00:00",11001,185,115,280,1.6,2.8,0.1,3.57904,6.26332,0.22369,13.4,42.1,101190,1.0119,0.38,0.01496063,0,0,0,0,999.0554
"2026-05-02 14:06:00",11002,173,107,304,1,2.2,0.1,2.2369,4.92118,0.22369,13.4,41.2,101180,1.0118,0.38,0.01496063,0,0,0,0,999.0909
"2026-05-02 14:12:00",11003,118,93,139,1.9,2.8,1.4,4.25011,6.26332,3.13166,13.5,39.6,101170,1.0117,0.38,0.01496063,0,0,0,0,998.916
"2026-05-02 14:18:00",11004,125,101,142,2.4,3.7,1.5,5.36856,8.27653,3.35535,13.4,37.6,101160,1.0116,0.38,0.01496063,0,0,0,0,998.7906
"2026-05-02 14:24:00",11005,119,90,151,2.2,3.5,1.5,4.92118,7.82915,3.35535,13.5,36.9,101150,1.0115,0.38,0.01496063,0,0,0,0,998.6763
"2026-05-02 14:30:00",11006,99,78,112,3.9,4.5,3.3,8.72391,10.06605,7.38177,13.7,37.5,101130,1.0113,0.38,0.01496063,0,0,0,0,998.5548
"2026-05-02 14:36:00",11007,86,76,94,5.2,6,4.3,11.63188,13.4214,9.61867,13.5,38.8,101100,1.011,0.38,0.01496063,0,0,0,0,998.3179
"2026-05-02 14:42:00",11008,99,86,112,3,3.7,2.4,6.7107,8.27653,5.36856,13.5,37.3,101100,1.011,0.38,0.01496063,0,0,0,0,998.1453
"2026-05-02 14:48:00",11009,95,68,119,3,4.2,2.2,6.7107,9.39498,4.92118,13.8,39.3,101090,1.0109,0.38,0.01496063,0,0,0,0,998.0685
"2026-05-02 14:54:00",11010,97,81,127,2.9,4.6,1.8,6.48701,10.28974,4.02642,13.7,39.2,101090,1.0109,0.38,0.01496063,0,0,0,0,998.1194
"2026-05-02 15:00:00",11011,69,40,106,4.8,5.9,4,10.73712,13.19771,8.9476,13.8,40.2,101080,1.0108,0.38,0.01496063,0,0,0,0,998.0583
"2026-05-02 15:06:00",11012,92,69,119,3.7,4.5,2.9,8.27653,10.06605,6.48701,13.6,39.6,101070,1.0107,0.38,0.01496063,0,0,0,0,997.9695
"2026-05-02 15:12:00",11013,102,51,155,1.9,3.2,0.4,4.25011,7.158081,0.8947601,13.7,38.3,101080,1.0108,0.38,0.01496063,0,0,0,0,997.9556
"2026-05-02 15:18:00",11014,111,81,136,2,3.1,0.7,4.4738,6.93439,1.56583,13.6,40,101080,1.0108,0.38,0.01496063,0,0,0,0,998.0815
"2026-05-02 15:24:00",11015,109,85,127,3.3,4.2,2.3,7.38177,9.39498,5.14487,13.6,38.2,101090,1.0109,0.38,0.01496063,0,0,0,0,998.1001
"2026-05-02 15:30:00",11016,66,2,131,1.6,2.8,0.2,3.57904,6.26332,0.44738,13.5,40,101080,1.0108,0.38,0.01496063,0,0,0,0,998.0515
"2026-05-02 15:36:00",11017,67,118,325,0.9,1.4,0.1,2.01321,3.13166,0.22369,13.8,37.6,101080,1.0108,0.38,0.01496063,0,0,0,0,998.0979
"2026-05-02 15:42:00",11018,155,120,190,2.5,3.6,1.2,5.59225,8.05284,2.68428,14,36.2,101070,1.0107,0.38,0.01496063,0,0,0,0,997.9365
"2026-05-02 15:48:00",11019,123,103,142,2.2,2.8,1.4,4.92118,6.26332,3.13166,14.1,38.3,101070,1.0107,0.38,0.01496063,0,0,0,0,997.871
"2026-05-02 15:54:00",11020,83,208,289,1.1,2.3,0.1,2.46059,5.14487,0.22369,14,38.2,101060,1.0106,0.38,0.01496063,0,0,0,0,997.8816
"2026-05-02 16:00:00",11021,206,139,237,0.7,1.1,0.3,1.56583,2.46059,0.67107,14.5,35.9,101080,1.0108,0.38,0.01496063,0,0,0,0,998.0021
"2026-05-02 16:06:00",11022,0,84,149,1,2.2,0.1,2.2369,4.92118,0.22369,15,33,101080,1.0108,0.38,0.01496063,0,0,0,0,997.9886
"2026-05-02 16:12:00",11023,13,59,308,1.8,2.6,0.6,4.02642,5.81594,1.34214,14.9,30.3,101090,1.0109,0.38,0.01496063,0,0,0,0,998.1016
"2026-05-02 16:18:00",11024,60,196,304,0.6,1.4,0.1,1.34214,3.13166,0.22369,15,29.8,101090,1.0109,0.38,0.01496063,0,0,0,0,998.1592
"2026-05-02 16:24:00",11025,323,30,285,2,3.1,0.9,4.4738,6.93439,2.01321,15,32.3,101100,1.011,0.38,0.01496063,0,0,0,0,998.1869
"2026-05-02 16:30:00",11026,331,63,192,1.5,2.6,0.2,3.35535,5.81594,0.44738,14.9,30.7,101090,1.0109,0.38,0.01496063,0,0,0,0,998.15
"2026-05-02 16:36:00",11027,4,75,195,0.9,1.7,0.1,2.01321,3.80273,0.22369,14.8,31.6,101100,1.011,0.38,0.01496063,0,0,0,0,998.2139
"2026-05-02 16:42:00",11028,14,165,298,1.3,2.5,0.4,2.90797,5.59225,0.8947601,14.8,30.9,101100,1.011,0.38,0.01496063,0,0,0,0,998.2869
"2026-05-02 16:48:00",11029,335,54,252,1.5,2.3,0.3,3.35535,5.14487,0.67107,14.8,34.3,101110,1.0111,0.38,0.01496063,0,0,0,0,998.295
"2026-05-02 16:54:00",11030,303,250,349,1.5,2.4,0.5,3.35535,5.36856,1.11845,14.8,30.9,101110,1.0111,0.38,0.01496063,0,0,0,0,998.2989
"2026-05-02 17:00:00",11031,12,100,236,2.1,4.2,0.1,4.69749,9.39498,0.22369,14.8,30.5,101110,1.0111,0.38,0.01496063,0,0,0,0,998.2633
"2026-05-02 17:06:00",11032,357,131,201,2.2,4.3,0.2,4.92118,9.61867,0.44738,15.1,29.2,101100,1.011,0.38,0.01496063,0,0,0,0,998.2559
"2026-05-02 17:12:00",11033,21,150,258,1.7,4.1,0.2,3.80273,9.17129,0.44738,15,29.5,101100,1.011,0.38,0.01496063,0,0,0,0,998.213
"2026-05-02 17:18:00",11034,286,119,355,0.8,1.6,0.2,1.78952,3.57904,0.44738,15,30.5,101110,1.0111,0.38,0.01496063,0,0,0,0,998.2487
"2026-05-02 17:24:00",11035,327,102,251,1.1,2.2,0,2.46059,4.92118,0,14.9,33.2,101110,1.0111,0.38,0.01496063,0,0,0,0,998.3141
"2026-05-02 17:30:00",11036,284,141,313,2.6,4.2,0.4,5.81594,9.39498,0.8947601,14.8,31.8,101100,1.011,0.38,0.01496063,0,0,0,0,998.2045
"2026-05-02 17:36:00",11037,332,148,191,1.9,3,0.1,4.25011,6.7107,0.22369,14.6,32.3,101110,1.0111,0.38,0.01496063,0,0,0,0,998.3099
"2026-05-02 17:42:00",11038,275,128,358,2.3,5.8,0.3,5.14487,12.97402,0.67107,14.5,32.8,101110,1.0111,0.38,0.01496063,0,0,0,0,998.371
"2026-05-02 17:48:00",11039,297,186,346,1.2,1.9,0.1,2.68428,4.25011,0.22369,14.4,34,101110,1.0111,0.38,0.01496063,0,0,0,0,998.2959
"2026-05-02 17:54:00",11040,319,257,353,2.1,3.3,0.7,4.69749,7.38177,1.56583,14.3,32.6,101110,1.0111,0.38,0.01496063,0,0,0,0,998.2821
"2026-05-02 18:00:00",11041,322,32,200,2.4,4.2,0.1,5.36856,9.39498,0.22369,14.2,33.2,101120,1.0112,0.38,0.01496063,0,0,0,0,998.3592
"2026-05-02 18:06:00",11042,298,222,354,2.7,4.3,1.1,6.03963,9.61867,2.46059,14.2,32.3,101120,1.0112,0.38,0.01496063,0,0,0,0,998.3566
"2026-05-02 18:12:00",11043,305,228,353,1.3,3.1,0.4,2.90797,6.93439,0.8947601,14.1,32.1,101120,1.0112,0.38,0.01496063,0,0,0,0,998.4647
"2026-05-02 18:18:00",11044,335,27,274,1.1,2.2,0.2,2.46059,4.92118,0.44738,14,32.2,101130,1.0113,0.38,0.01496063,0,0,0,0,998.4817
"2026-05-02 18:24:00",11045,331,196,357,1,1.5,0.1,2.2369,3.35535,0.22369,13.9,33.5,101130,1.0113,0.38,0.01496063,0,0,0,0,998.4874
"2026-05-02 18:30:00",11046,342,65,300,1.1,2.2,0.2,2.46059,4.92118,0.44738,13.8,33.2,101130,1.0113,0.38,0.01496063,0,0,0,0,998.5668
"2026-05-02 18:36:00",11047,329,45,211,1.5,2.9,0.4,3.35535,6.48701,0.8947601,13.6,33.9,101130,1.0113,0.38,0.01496063,0,0,0,0,998.4635
"2026-05-02 18:42:00",11048,308,98,229,1.2,2.5,0.2,2.68428,5.59225,0.44738,13.5,34.8,101140,1.0114,0.38,0.01496063,0,0,0,0,998.6622
"2026-05-02 18:48:00",11049,321,67,131,0.8,1.9,0.1,1.78952,4.25011,0.22369,13.4,34.4,101140,1.0114,0.38,0.01496063,0,0,0,0,998.6927
"2026-05-02 18:54:00",11050,8,80,302,0.6,1.5,0.2,1.34214,3.35535,0.44738,13.3,36.3,101150,1.0115,0.38,0.01496063,0,0,0,0,998.7195
"2026-05-02 19:00:00",11051,334,57,270,0.7,1.3,0.1,1.56583,2.90797,0.22369,13.2,35.6,101160,1.0116,0.38,0.01496063,0,0,0,0,998.8665
"2026-05-02 19:06:00",11052,326,80,286,0.9,1.6,0.1,2.01321,3.57904,0.22369,13.2,35.7,101160,1.0116,0.38,0.01496063,0,0,0,0,998.8608
"2026-05-02 19:12:00",11053,339,15,313,1.5,2.6,0.3,3.35535,5.81594,0.67107,13.1,35.5,101160,1.0116,0.38,0.01496063,0,0,0,0,998.8365
"2026-05-02 19:18:00",11054,334,69,253,0.7,1.8,0.2,1.56583,4.02642,0.44738,13,35.9,101170,1.0117,0.38,0.01496063,0,0,0,0,998.9514
"2026-05-02 19:24:00",11055,340,43,314,1,2,0.3,2.2369,4.4738,0.67107,13,36.7,101190,1.0119,0.38,0.01496063,0,0,0,0,999.1149
"2026-05-02 19:30:00",11056,310,161,356,0.5,2,0.1,1.11845,4.4738,0.22369,12.9,36.8,101190,1.0119,0.38,0.01496063,0,0,0,0.008604073,999.2341
"2026-05-02 19:36:00",11057,324,90,186,0.3,0.9,0,0.67107,2.01321,0,12.9,37.3,101200,1.012,0.38,0.01496063,0,0,0,0.007387885,999.2166
"2026-05-02 19:42:00",11058,311,121,214,0.7,1.4,0,1.56583,3.13166,0,12.8,39.6,101200,1.012,0.38,0.01496063,0,0,0,0.02664724,999.2952
"2026-05-02 19:48:00",11059,338,90,308,0.5,1.1,0,1.11845,2.46059,0,12.8,39.5,101210,1.0121,0.38,0.01496063,0,0,0,0.05465591,999.3204
"2026-05-02 19:54:00",11060,339,108,206,0.8,2,0.2,1.78952,4.4738,0.44738,12.7,37.2,101210,1.0121,0.38,0.01496063,0,0,0,0.03915399,999.4237
"2026-05-02 20:00:00",11061,298,11,252,0.6,1.6,0.1,1.34214,3.57904,0.22369,12.7,38.7,101230,1.0123,0.38,0.01496063,0,0,0,0.02366424,999.653
"2026-05-02 20:06:00",11062,336,144,191,0.7,1.1,0.1,1.56583,2.46059,0.22369,12.7,42,101240,1.0124,0.38,0.01496063,0,0,0,0.01591936,999.6882
"2026-05-02 20:12:00",11063,356,61,192,0.5,1,0,1.11845,2.2369,0,12.6,39.2,101250,1.0125,0.38,0.01496063,0,0,0,0.02720993,999.8203
"2026-05-02 20:18:00",11064,352,90,260,0.6,1.3,0,1.34214,2.90797,0,12.5,39.4,101250,1.0125,0.38,0.01496063,0,0,0,0.04237295,999.7591
"2026-05-02 20:24:00",11065,313,46,252,1.1,1.7,0.4,2.46059,3.80273,0.8947601,12.3,39.8,101250,1.0125,0.38,0.01496063,0,0,0,0.008803745,999.8326
"2026-05-02 20:30:00",11066,304,23,258,0.6,1,0.2,1.34214,2.2369,0.44738,12.3,40.3,101260,1.0126,0.38,0.01496063,0,0,0,0.01970104,999.8787
"2026-05-02 20:36:00",11067,336,65,270,0.8,1.5,0.2,1.78952,3.35535,0.44738,12.2,39.5,101250,1.0125,0.38,0.01496063,0,0,0,0.05722141,999.8051
"2026-05-02 20:42:00",11068,276,164,314,0.8,1.4,0.2,1.78952,3.13166,0.44738,12.1,40.3,101250,1.0125,0.38,0.01496063,0,0,0,0.02516485,999.8455
"2026-05-02 20:48:00",11069,268,212,317,0.9,1.3,0.5,2.01321,2.90797,1.11845,12,43.6,101260,1.0126,0.38,0.01496063,0,0,0,0.01737756,999.9203
"2026-05-02 20:54:00",11070,268,128,306,1.3,2.2,0.1,2.90797,4.92118,0.22369,11.6,43.7,101260,1.0126,0.38,0.01496063,0,0,0,0.01335385,999.9072
"2026-05-02 21:00:00",11071,293,263,321,1.2,2.3,0.7,2.68428,5.14487,1.56583,11.8,42.8,101260,1.0126,0.38,0.01496063,0,0,0,0.02187924,999.9026
"2026-05-02 21:06:00",11072,316,61,186,0.5,1.1,0,1.11845,2.46059,0,11.8,46.3,101260,1.0126,0.38,0.01496063,0,0,0,0.02675007,999.8129
"2026-05-02 21:12:00",11073,305,42,250,0.8,1.5,0.2,1.78952,3.35535,0.44738,11.4,42.5,101260,1.0126,0.38,0.01496063,0,0,0,0.01959817,999.9071
"2026-05-02 21:18:00",11074,270,134,343,0.6,1.2,0.1,1.34214,2.68428,0.22369,11.7,46.2,101270,1.0127,0.38,0.01496063,0,0,0,0.03232274,999.9039
"2026-05-02 21:24:00",11075,290,73,116,0.8,1.4,0.1,1.78952,3.13166,0.22369,11.7,43.5,101260,1.0126,0.38,0.01496063,0,0,0,0.01665149,999.9467
"2026-05-02 21:30:00",11076,32,114,264,0.7,1.6,0,1.56583,3.57904,0,11.7,43.9,101260,1.0126,0.38,0.01496063,0,0,0,0.01976156,999.8877
"2026-05-02 21:36:00",11077,249,51,299,0.6,1.2,0.1,1.34214,2.68428,0.22369,11.6,44.3,101260,1.0126,0.38,0.01496063,0,0,0,0.04720749,999.8424
"2026-05-02 21:42:00",11078,315,67,161,1.8,3.4,0.2,4.02642,7.605461,0.44738,11.7,43.1,101270,1.0127,0.38,0.01496063,0,0,0,0.02768188,999.9973
"2026-05-02 21:48:00",11079,274,150,345,0.9,2.4,0.1,2.01321,5.36856,0.22369,11.4,41,101270,1.0127,0.38,0.01496063,0,0,0,0.02908563,1000.051
"2026-05-02 21:54:00",11080,15,87,287,0.8,1.8,0.1,1.78952,4.02642,0.22369,11.6,41.3,101280,1.0128,0.38,0.01496063,0,0,0,0.03145752,1000.044
"2026-05-02 22:00:00",11081,17,168,212,0.9,2.2,0.1,2.01321,4.92118,0.22369,11.5,41,101280,1.0128,0.38,0.01496063,0,0,0,0.03273422,1000.062
"2026-05-02 22:06:00",11082,25,140,274,1.1,2.5,0.1,2.46059,5.59225,0.22369,11.5,40.3,101270,1.0127,0.38,0.01496063,0,0,0,0.03075562,1000.046
"2026-05-02 22:12:00",11083,335,116,147,1.3,3.1,0,2.90797,6.93439,0,11.4,42.4,101280,1.0128,0.38,0.01496063,0,0,0,0.03753846,1000.049
"2026-05-02 22:18:00",11084,349,41,309,1.8,2.7,0.6,4.02642,6.03963,1.34214,11.3,40.1,101270,1.0127,0.38,0.01496063,0,0,0,0.0423185,1000.032
"2026-05-02 22:24:00",11085,313,90,181,0.7,1.2,0.1,1.56583,2.68428,0.22369,11.2,41.7,101280,1.0128,0.38,0.01496063,0,0,0,0.02658672,1000.108
"2026-05-02 22:30:00",11086,342,29,312,1.1,2.4,0.1,2.46059,5.36856,0.22369,11.1,41.3,101290,1.0129,0.38,0.01496063,0,0,0,0.02261143,1000.183
"2026-05-02 22:36:00",11087,327,108,244,1.5,2.8,0.4,3.35535,6.26332,0.8947601,10.9,41.3,101280,1.0128,0.38,0.01496063,0,0,0,0.03526947,1000.12
"2026-05-02 22:42:00",11088,332,178,258,1,1.9,0.2,2.2369,4.25011,0.44738,10.7,42.4,101290,1.0129,0.38,0.01496063,0,0,0,0.030556,1000.222
"2026-05-02 22:48:00",11089,53,113,298,1.5,3.3,0.2,3.35535,7.38177,0.44738,10.4,43.1,101280,1.0128,0.38,0.01496063,0,0,0,0.02864396,1000.145
"2026-05-02 22:54:00",11090,310,90,176,0.9,2.5,0,2.01321,5.59225,0,10.2,43.7,101290,1.0129,0.38,0.01496063,0,0,0,0.03708469,1000.28
"2026-05-02 23:00:00",11091,342,72,188,0.9,2.1,0,2.01321,4.69749,0,10.4,43.9,101300,1.013,0.38,0.01496063,0,0,0,0.03899067,1000.275
"2026-05-02 23:06:00",11092,214,73,337,0.4,1.1,0,0.8947601,2.46059,0,10.3,44.4,101300,1.013,0.38,0.01496063,0,0,0,0.01840013,1000.319
"2026-05-02 23:12:00",11093,284,35,239,1.1,1.7,0.1,2.46059,3.80273,0.22369,10.3,45.2,101300,1.013,0.38,0.01496063,0,0,0,0.02852902,1000.371
"2026-05-02 23:18:00",11094,274,162,309,1.3,1.9,0.3,2.90797,4.25011,0.67107,10.2,45.7,101310,1.0131,0.38,0.01496063,0,0,0,0.01552003,1000.432
"2026-05-02 23:24:00",11095,12,65,246,1.5,2.9,0.3,3.35535,6.48701,0.67107,9.6,45.4,101290,1.0129,0.38,0.01496063,0,0,0,0.02997509,1000.35
"2026-05-02 23:30:00",11096,325,50,106,0.7,1.8,0.1,1.56583,4.02642,0.22369,9.7,45.7,101310,1.0131,0.38,0.01496063,0,0,0,0.01707503,1000.349
"2026-05-02 23:36:00",11097,307,99,180,0.7,1.5,0.1,1.56583,3.35535,0.22369,9.7,46.7,101310,1.0131,0.38,0.01496063,0,0,0,0.01663334,1000.425
"2026-05-02 23:42:00",11098,298,1,186,0.9,1.7,0.1,2.01321,3.80273,0.22369,9.5,47.2,101300,1.013,0.38,0.01496063,0,0,0,0.01660308,1000.345
"2026-05-02 23:48:00",11099,319,78,183,0.4,1.1,0.1,0.8947601,2.46059,0.22369,9.5,45.9,101300,1.013,0.38,0.01496063,0,0,0,0.05057775,1000.358
"2026-05-02 23:54:00",11100,340,68,304,0.5,0.8,0.1,1.11845,1.78952,0.22369,9.3,47.3,101300,1.013,0.38,0.01496063,0,0,0,0.02515274,1000.254
"2026-05-03 00:00:00",11101,279,44,149,0.8,1.8,0.1,1.78952,4.02642,0.22369,9,49.4,101290,1.0129,0.38,0.01496063,0,0,0,0.05964152,1000.206
"2026-05-03 00:06:00",11102,333,33,281,1.2,2,0.6,2.68428,4.4738,1.34214,9.1,48.2,101290,1.0129,0,0,0,0,0,0.009069971,1000.216
"2026-05-03 00:12:00",11103,310,46,121,0.7,1.4,0.1,1.56583,3.13166,0.22369,8.7,48.5,101280,1.0128,0,0,0,0,0,0.006855435,1000.162
"2026-05-03 00:18:00",11104,333,95,283,1.1,2,0.3,2.46059,4.4738,0.67107,8.6,48.8,101280,1.0128,0,0,0,0,0,0.06351413,1000.19
"2026-05-03 00:24:00",11105,341,97,225,0.3,0.9,0.1,0.67107,2.01321,0.22369,8.5,51.5,101290,1.0129,0,0,0,0,0,0.03506987,1000.158
"2026-05-03 00:30:00",11106,272,251,292,1.3,1.8,0.7,2.90797,4.02642,1.56583,8.6,53,101290,1.0129,0,0,0,0,0,0.05921809,1000.214
"2026-05-03 00:36:00",11107,261,229,313,1.2,1.7,0.8,2.68428,3.80273,1.78952,8.3,53.4,101290,1.0129,0,0,0,0,0,0.02434797,1000.184
"2026-05-03 00:42:00",11108,280,244,338,1.1,1.6,0.5,2.46059,3.57904,1.11845,8.2,55,101290,1.0129,0,0,0,0,0,0.04757047,1000.176
"2026-05-03 00:48:00",11109,286,168,348,0.8,1.9,0.1,1.78952,4.25011,0.22369,8.1,53,101290,1.0129,0,0,0,0,0,0.03506377,1000.269
"2026-05-03 00:54:00",11110,271,236,348,1.2,2.1,0.5,2.68428,4.69749,1.11845,7.7,54.3,101290,1.0129,0,0,0,0,0,0.03189318,1000.183
"2026-05-03 01:00:00",11111,293,247,331,1.1,1.6,0.5,2.46059,3.57904,1.11845,7.8,55.4,101290,1.0129,0,0,0,0,0,0.02030006,1000.147
"2026-05-03 01:06:00",11112,300,263,335,0.9,1.5,0.2,2.01321,3.35535,0.44738,7.8,54.8,101280,1.0128,0,0,0,0,0,0.03349059,1000.126
"2026-05-03 01:12:00",11113,303,43,228,0.8,1.4,0.1,1.78952,3.13166,0.22369,7.6,55,101280,1.0128,0,0,0,0,0,0.007030894,1000.028
"2026-05-03 01:18:00",11114,278,234,312,1.7,2.5,0.4,3.80273,5.59225,0.8947601,7.5,53.6,101270,1.0127,0,0,0,0,0,0.02161912,999.9498
"2026-05-03 01:24:00",11115,313,175,321,1.1,2.1,0.1,2.46059,4.69749,0.22369,7.4,57.8,101280,1.0128,0,0,0,0,0,0.05964772,1000.073
"2026-05-03 01:30:00",11116,277,222,303,1.7,2.4,0.2,3.80273,5.36856,0.44738,7.2,55.2,101280,1.0128,0,0,0,0,0,0,1000.101
"2026-05-03 01:36:00",11117,301,148,307,0.8,2.3,0.1,1.78952,5.14487,0.22369,7,57.8,101280,1.0128,0,0,0,0,0,0.04951273,1000.127
"2026-05-03 01:42:00",11118,295,149,0,0.9,1.9,0.1,2.01321,4.25011,0.22369,7.3,55.3,101280,1.0128,0,0,0,0,0,0.03671558,1000.093
"2026-05-03 01:48:00",11119,266,234,310,2,3.1,0.7,4.4738,6.93439,1.56583,7.3,55.2,101290,1.0129,0,0,0,0,0,0.02248437,1000.186
"2026-05-03 01:54:00",11120,277,258,298,1.9,2.7,1.5,4.25011,6.03963,3.35535,7.2,55.7,101290,1.0129,0,0,0,0,0,0.04043069,1000.197
"2026-05-03 02:00:00",11121,272,237,296,2.2,3.1,1.2,4.92118,6.93439,2.68428,7.1,55.3,101290,1.0129,0,0,0,0,0,0.02861363,1000.286
"2026-05-03 02:06:00",11122,290,237,320,1.5,2.3,0.4,3.35535,5.14487,0.8947601,7,56.9,101300,1.013,0,0,0,0,0,0.03536625,1000.339
"2026-05-03 02:12:00",11123,261,147,315,1.6,2.4,0.6,3.57904,5.36856,1.34214,6.9,54.7,101310,1.0131,0,0,0,0,0,0.04529544,1000.441
"2026-05-03 02:18:00",11124,284,35,206,1.2,2.4,0.1,2.68428,5.36856,0.22369,7,55.6,101310,1.0131,0,0,0,0,0,0.02142547,1000.425
"2026-05-03 02:24:00",11125,264,234,303,2,3.2,1,4.4738,7.158081,2.2369,7,55.2,101320,1.0132,0,0,0,0,0,0.01812783,1000.55
"2026-05-03 02:30:00",11126,268,181,315,1.5,2.3,0.1,3.35535,5.14487,0.22369,6.9,55.2,101330,1.0133,0,0,0,0,0,0.03640702,1000.619
"2026-05-03 02:36:00",11127,283,148,353,1.2,2.2,0.1,2.68428,4.92118,0.22369,6.9,55.7,101330,1.0133,0,0,0,0,0,0.04033386,1000.708
"2026-05-03 02:42:00",11128,299,157,322,1.4,2.6,0,3.13166,5.81594,0,6.8,56.6,101340,1.0134,0,0,0,0,0,0,1000.837
"2026-05-03 02:48:00",11129,275,36,211,0.9,1.8,0.3,2.01321,4.02642,0.67107,6.7,54.8,101350,1.0135,0,0,0,0,0,0.03989222,1000.794
"2026-05-03 02:54:00",11130,267,155,346,1.6,2.8,0.2,3.57904,6.26332,0.44738,6.8,56.4,101350,1.0135,0,0,0,0,0,0.02914617,1000.836
"2026-05-03 03:00:00",11131,279,250,321,2.4,3.6,0.8,5.36856,8.05284,1.78952,6.7,55.8,101360,1.0136,0,0,0,0,0,0.04683843,1000.996
"2026-05-03 03:06:00",11132,281,189,337,1.4,2.5,0.1,3.13166,5.59225,0.22369,6.5,55.1,101360,1.0136,0,0,0,0,0,0.02966048,1000.967
"2026-05-03 03:12:00",11133,285,246,324,1.8,2.9,1.1,4.02642,6.48701,2.46059,6.6,55.4,101370,1.0137,0,0,0,0,0,0.05449246,1001.046
"2026-05-03 03:18:00",11134,282,253,325,2.5,3.3,0.7,5.59225,7.38177,1.56583,6.4,55.8,101370,1.0137,0,0,0,0,0,0.05169091,1001.006
"2026-05-03 03:24:00",11135,273,255,295,2.3,3.3,1.5,5.14487,7.38177,3.35535,6.4,55.4,101370,1.0137,0,0,0,0,0,0.02369447,1001
"2026-05-03 03:30:00",11136,268,243,313,2.3,3,1.2,5.14487,6.7107,2.68428,6.1,57.1,101370,1.0137,0,0,0,0,0,0.02520711,1001.078
"2026-05-03 03:36:00",11137,276,85,193,1.4,2.4,0.1,3.13166,5.36856,0.22369,6.1,57.3,101380,1.0138,0,0,0,0,0,0.05472243,1001.153
"2026-05-03 03:42:00",11138,270,248,304,2.6,3.6,1.2,5.81594,8.05284,2.68428,6.2,57.4,101380,1.0138,0,0,0,0,0,0.04407315,1001.194
"2026-05-03 03:48:00",11139,275,100,316,2.4,3.5,0.2,5.36856,7.82915,0.44738,5.9,57.4,101380,1.0138,0,0,0,0,0,0.02875287,1001.205
"2026-05-03 03:54:00",11140,285,260,322,2.2,4,0.4,4.92118,8.9476,0.8947601,6.2,57.1,101380,1.0138,0,0,0,0,0,0.03818586,1001.206
"2026-05-03 04:00:00",11141,261,208,305,1.7,2.9,0.5,3.80273,6.48701,1.11845,6.1,57.9,101390,1.0139,0,0,0,0,0,0.0333211,1001.228
"2026-05-03 04:06:00",11142,264,229,314,1.8,3.4,0.6,4.02642,7.605461,1.34214,6.2,57.8,101390,1.0139,0,0,0,0,0,0.0531068,1001.256
"2026-05-03 04:12:00",11143,282,9,225,2.3,3.9,1,5.14487,8.72391,2.2369,6.1,57.2,101400,1.014,0,0,0,0,0,0.02372472,1001.248
"2026-05-03 04:18:00",11144,303,250,349,2.6,4.8,1.1,5.81594,10.73712,2.46059,5.9,55.7,101380,1.0138,0,0,0,0,0,0.01689352,1001.257
"2026-05-03 04:24:00",11145,267,59,90,1.7,3,0,3.80273,6.7107,0,6.2,59.8,101400,1.014,0,0,0,0,0,0.02221811,1001.338
"2026-05-03 04:30:00",11146,280,244,316,1.4,2.5,0.7,3.13166,5.59225,1.56583,6.2,57.3,101400,1.014,0,0,0,0,0,0.007999013,1001.315
"2026-05-03 04:36:00",11147,302,11,254,1.9,3.5,0.6,4.25011,7.82915,1.34214,6,55.3,101410,1.0141,0,0,0,0,0,0,1001.418
"2026-05-03 04:42:00",11148,276,246,312,2.4,3.6,1,5.36856,8.05284,2.2369,6,56.3,101410,1.0141,0,0,0,0,0,0,1001.481
"2026-05-03 04:48:00",11149,280,231,341,1.7,3.4,0.7,3.80273,7.605461,1.56583,5.7,59.1,101410,1.0141,0,0,0,0,0,0,1001.497
"2026-05-03 04:54:00",11150,274,10,241,2.5,3.7,0.3,5.59225,8.27653,0.67107,5.8,58.2,101420,1.0142,0,0,0,0,0,0,1001.668
"2026-05-03 05:00:00",11151,312,104,224,1.4,2.6,0.2,3.13166,5.81594,0.44738,5.8,58.8,101440,1.0144,0,0,0,0,0,0,1001.711
"2026-05-03 05:06:00",11152,298,259,337,2.9,4.3,1.4,6.48701,9.61867,3.13166,5.7,57.1,101440,1.0144,0,0,0,0,0,0,1001.804
"2026-05-03 05:12:00",11153,281,209,331,1.8,3.8,0.2,4.02642,8.50022,0.44738,5.8,57.1,101450,1.0145,0,0,0,0,0,0,1001.893
"2026-05-03 05:18:00",11154,293,36,239,2.3,5.4,0.4,5.14487,12.07926,0.8947601,5.7,57.5,101460,1.0146,0,0,0,0,0,0,1002.045
"2026-05-03 05:24:00",11155,276,250,297,3.2,5.3,1.4,7.158081,11.85557,3.13166,5.7,56.8,101480,1.0148,0,0,0,0,0,0,1002.166
"2026-05-03 05:30:00",11156,256,135,312,2.1,3.4,0.4,4.69749,7.605461,0.8947601,5.8,57.4,101490,1.0149,0,0,0,0,0,0,1002.271
"2026-05-03 05:36:00",11157,273,217,317,2.3,3.8,0.5,5.14487,8.50022,1.11845,5.5,56.8,101490,1.0149,0,0,0,0,0,0,1002.325
"2026-05-03 05:42:00",11158,285,12,78,2,3.4,0.1,4.4738,7.605461,0.22369,5.8,56.9,101490,1.0149,0,0,0,0,0,0,1002.312
"2026-05-03 05:48:00",11159,279,246,323,2.7,5.1,1.1,6.03963,11.40819,2.46059,5.9,55.7,101510,1.0151,0,0,0,0,0,0,1002.43
"2026-05-03 05:54:00",11160,290,232,327,2.4,4.4,0.5,5.36856,9.84236,1.11845,6,54.9,101510,1.0151,0,0,0,0,0,0,1002.512
"2026-05-03 06:00:00",11161,252,171,337,2.4,5.8,0.6,5.36856,12.97402,1.34214,6.1,55.2,101530,1.0153,0,0,0,0,0,0,1002.707
"2026-05-03 06:06:00",11162,268,114,293,2.5,5.2,0.2,5.59225,11.63188,0.44738,6.3,52.8,101540,1.0154,0,0,0,0,0,0,1002.878
"2026-05-03 06:12:00",11163,298,267,329,2.8,4.8,1.3,6.26332,10.73712,2.90797,6.4,52.7,101550,1.0155,0,0,0,0,0,0,1002.893
"2026-05-03 06:18:00",11164,322,34,219,1.3,2.5,0.5,2.90797,5.59225,1.11845,6.6,54,101560,1.0156,0,0,0,0,0,0,1002.955
"2026-05-03 06:24:00",11165,297,21,114,2.4,5.1,0.2,5.36856,11.40819,0.44738,6.6,52,101560,1.0156,0,0,0,0,0,0,1003.016
"2026-05-03 06:30:00",11166,259,95,321,1.6,3.3,0.2,3.57904,7.38177,0.44738,6.8,52.7,101570,1.0157,0,0,0,0,0,0,1003.091
"2026-05-03 06:36:00",11167,311,62,191,2.6,5.3,0.2,5.81594,11.85557,0.44738,6.9,51.5,101570,1.0157,0,0,0,0,0,0,1003.141
"2026-05-03 06:42:00",11168,322,20,241,3.6,6.4,1.1,8.05284,14.31616,2.46059,7.1,49.7,101570,1.0157,0,0,0,0,0,0,1003.187
"2026-05-03 06:48:00",11169,300,64,249,2.6,5.1,0.3,5.81594,11.40819,0.67107,7.1,50.5,101580,1.0158,0,0,0,0,0,0,1003.188
"2026-05-03 06:54:00",11170,292,191,356,2.3,3.9,0.6,5.14487,8.72391,1.34214,7.1,48.4,101590,1.0159,0,0,0,0,0,0,1003.391
"2026-05-03 07:00:00",11171,273,89,328,3.2,4.9,0.2,7.158081,10.96081,0.44738,7.3,49.7,101600,1.016,0,0,0,0,0,0,1003.365
"2026-05-03 07:06:00",11172,284,87,137,3.5,8.6,0.4,7.82915,19.23734,0.8947601,7.5,46.8,101610,1.0161,0,0,0,0,0,0,1003.455
"2026-05-03 07:12:00",11173,273,222,330,3.9,6.7,0.7,8.72391,14.98723,1.56583,7.6,47.5,101600,1.016,0,0,0,0,0,0,1003.442
"2026-05-03 07:18:00",11174,293,113,228,2.1,3.6,0.3,4.69749,8.05284,0.67107,7.7,46.5,101610,1.0161,0,0,0,0,0,0,1003.473
"2026-05-03 07:24:00",11175,351,141,206,2,4.5,0.3,4.4738,10.06605,0.67107,8.2,45.5,101620,1.0162,0,0,0,0,0,0,1003.648
"2026-05-03 07:30:00",11176,286,39,172,2.4,5.3,0.1,5.36856,11.85557,0.22369,8.3,46,101620,1.0162,0,0,0,0,0,0,1003.646
"2026-05-03 07:36:00",11177,273,146,334,2.7,6.3,0.1,6.03963,14.09247,0.22369,8.1,44.5,101630,1.0163,0,0,0,0,0,0,1003.778
"2026-05-03 07:42:00",11178,332,47,273,3.1,5.6,0.6,6.93439,12.52664,1.34214,8,44.1,101640,1.0164,0,0,0,0,0,0,1003.814
"2026-05-03 07:48:00",11179,337,151,192,1.9,5.2,0.2,4.25011,11.63188,0.44738,8.1,42.8,101630,1.0163,0,0,0,0,0,0,1003.87
"2026-05-03 07:54:00",11180,310,23,300,1.5,4.4,0.1,3.35535,9.84236,0.22369,8.7,41.4,101650,1.0165,0,0,0,0,0,0,1003.912
"2026-05-03 08:00:00",11181,357,55,300,4.2,6.4,1.1,9.39498,14.31616,2.46059,8.8,39.7,101640,1.0164,0,0,0,0,0,0,1003.872
"2026-05-03 08:06:00",11182,348,73,184,1.6,3.3,0.2,3.57904,7.38177,0.44738,8.7,40.9,101650,1.0165,0,0,0,0,0,0,1003.99
"2026-05-03 08:12:00",11183,345,57,253,3.3,6,0.7,7.38177,13.4214,1.56583,8.7,40.5,101650,1.0165,0,0,0,0,0,0,1003.907
"2026-05-03 08:18:00",11184,357,85,290,4.7,11.1,1.7,10.51343,24.82959,3.80273,8.8,40,101650,1.0165,0,0,0,0,0,0,1003.926
"2026-05-03 08:24:00",11185,344,125,178,3.4,8.1,0.1,7.605461,18.11889,0.22369,8.8,38.3,101650,1.0165,0,0,0,0,0,0,1003.972
"2026-05-03 08:30:00",11186,317,40,202,2.9,5,0.2,6.48701,11.1845,0.44738,9.2,38.2,101640,1.0164,0,0,0,0,0,0,1003.846
"2026-05-03 08:36:00",11187,333,96,246,2.1,5.6,0.2,4.69749,12.52664,0.44738,9.5,37.5,101650,1.0165,0,0,0,0,0,0,1004.019
"2026-05-03 08:42:00",11188,60,162,285,2.1,5.2,0.2,4.69749,11.63188,0.44738,9.6,37.3,101650,1.0165,0,0,0,0,0,0,1003.865
"2026-05-03 08:48:00",11189,298,113,322,4.3,7.6,0.1,9.61867,17.00044,0.22369,9.9,37.9,101660,1.0166,0,0,0,0,0,0,1003.975
"2026-05-03 08:54:00",11190,351,114,186,2.6,6,0.2,5.81594,13.4214,0.44738,9.8,34.9,101660,1.0166,0,0,0,0,0,0,1004.16
"2026-05-03 09:00:00",11191,31,161,318,2.2,6.2,0.1,4.92118,13.86878,0.22369,9.5,35.4,101640,1.0164,0,0,0,0,0,0,1003.96
"2026-05-03 09:06:00",11192,42,135,297,4,8.1,0.4,8.9476,18.11889,0.8947601,10,35.5,101640,1.0164,0,0,0,0,0,0,1003.883
"2026-05-03 09:12:00",11193,53,127,212,2.9,8.1,0.3,6.48701,18.11889,0.67107,10.2,33.5,101630,1.0163,0,0,0,0,0,0,1003.798
"2026-05-03 09:18:00",11194,31,117,159,0.7,3.3,0,1.56583,7.38177,0,10.4,34.1,101640,1.0164,0,0,0,0,0,0,1003.788
"2026-05-03 09:24:00",11195,295,141,319,1.5,4.2,0.2,3.35535,9.39498,0.44738,10.4,35.3,101640,1.0164,0,0,0,0,0,0,1003.826
"2026-05-03 09:30:00",11196,15,172,189,3.2,7.2,0.1,7.158081,16.10568,0.22369,10.2,32.2,101630,1.0163,0.2,0.007874016,0,0,0,0,1003.722
"2026-05-03 09:36:00",11197,266,198,343,2.5,4.8,0.3,5.59225,10.73712,0.67107,10.2,35,101630,1.0163,0.2,0.007874016,0,0,0,0,1003.864
"2026-05-03 09:42:00",11198,333,51,273,3.6,6.6,1.9,8.05284,14.76354,4.25011,10.3,31.4,101620,1.0162,0.2,0.007874016,0,0,0,0,1003.692
"2026-05-03 09:48:00",11199,301,103,180,3.6,8.8,0.3,8.05284,19.68472,0.67107,10.4,31.9,101610,1.0161,0.2,0.007874016,0,0,0,0,1003.728
"2026-05-03 09:54:00",11200,342,151,215,3.8,9.3,0.5,8.50022,20.80317,1.11845,10.7,29.7,101600,1.016,0.2,0.007874016,0,0,0,0,1003.667
"2026-05-03 10:00:00",11201,340,59,263,2.7,6.1,0.3,6.03963,13.64509,0.67107,10.8,30.2,101630,1.0163,0.2,0.007874016,0,0,0,0,1003.594
"2026-05-03 10:06:00",11202,42,151,263,2.1,5.5,0.3,4.69749,12.30295,0.67107,10.9,30.7,101620,1.0162,0.2,0.007874016,0,0,0,0,1003.605
"2026-05-03 10:12:00",11203,315,9,177,3.7,6.7,0.2,8.27653,14.98723,0.44738,10.9,30.6,101620,1.0162,0.2,0.007874016,0,0,0,0,1003.607
"2026-05-03 10:18:00",11204,265,116,330,3.8,6.7,0.2,8.50022,14.98723,0.44738,11.1,31,101630,1.0163,0.2,0.007874016,0,0,0,0,1003.542
"2026-05-03 10:24:00",11205,349,172,220,1.3,3,0.1,2.90797,6.7107,0.22369,11,31,101620,1.0162,0.2,0.007874016,0,0,0,0,1003.618
"2026-05-03 10:30:00",11206,346,74,184,1.6,4.4,0.2,3.57904,9.84236,0.44738,11.3,29.7,101630,1.0163,0.2,0.007874016,0,0,0,0,1003.596
"2026-05-03 10:36:00",11207,343,37,265,3.5,6.6,0.4,7.82915,14.76354,0.8947601,11.6,29.2,101640,1.0164,0.2,0.007874016,0,0,0,0,1003.64
"2026-05-03 10:42:00",11208,244,197,324,3,6.8,0.5,6.7107,15.21092,1.11845,11.8,30.2,101620,1.0162,0.2,0.007874016,0,0,0,0,1003.687
"2026-05-03 10:48:00",11209,297,45,111,1.9,3.4,0.2,4.25011,7.605461,0.44738,12,29.2,101620,1.0162,0.2,0.007874016,0,0,0,0,1003.638
"2026-05-03 10:54:00",11210,353,127,250,3.4,6.3,0.5,7.605461,14.09247,1.11845,11.6,26,101610,1.0161,0.2,0.007874016,0,0,0,0,1003.506
"2026-05-03 11:00:00",11211,2,67,112,5.2,11.2,0.4,11.63188,25.05328,0.8947601,11.8,27.3,101610,1.0161,0.2,0.007874016,0,0,0,0,1003.501
"2026-05-03 11:06:00",11212,5,119,173,1.6,3.8,0.2,3.57904,8.50022,0.44738,12,27.8,101610,1.0161,0.2,0.007874016,0,0,0,0,1003.453
"2026-05-03 11:12:00",11213,234,122,326,2.6,4.7,0.4,5.81594,10.51343,0.8947601,11.9,28.7,101600,1.016,0.2,0.007874016,0,0,0,0,1003.329
"2026-05-03 11:18:00",11214,311,261,350,3.3,6,0.7,7.38177,13.4214,1.56583,12.2,28.2,101590,1.0159,0.2,0.007874016,0,0,0,0,1003.414
"2026-05-03 11:24:00",11215,335,25,272,3.3,5.4,0.5,7.38177,12.07926,1.11845,12.3,27.3,101590,1.0159,0.2,0.007874016,0,0,0,0,1003.179
"2026-05-03 11:30:00",11216,292,63,224,5.1,10.2,0.7,11.40819,22.81638,1.56583,12.3,30,101590,1.0159,0.2,0.007874016,0,0,0,0,1003.271
"2026-05-03 11:36:00",11217,37,105,262,2.2,4.9,0.1,4.92118,10.96081,0.22369,12.6,27.6,101570,1.0157,0.2,0.007874016,0,0,0,0,1003.19
"2026-05-03 11:42:00",11218,328,30,246,4.8,8.8,1.2,10.73712,19.68472,2.68428,12.7,27.5,101580,1.0158,0.2,0.007874016,0,0,0,0,1003.151
"2026-05-03 11:48:00",11219,275,142,344,4.3,6.9,0.7,9.61867,15.43461,1.56583,12.5,27.9,101580,1.0158,0.2,0.007874016,0,0,0,0,1003.222
"2026-05-03 11:54:00",11220,246,178,337,4.9,7.8,1,10.96081,17.44782,2.2369,12.5,28.8,101570,1.0157,0.2,0.007874016,0,0,0,0,1003.224
"2026-05-03 12:00:00",11221,257,231,291,4.8,6.5,2.4,10.73712,14.53985,5.36856,12.9,30.4,101570,1.0157,0.2,0.007874016,0,0,0,0,1002.928
"2026-05-03 12:06:00",11222,295,253,352,4.2,6.1,2,9.39498,13.64509,4.4738,12.9,28.5,101570,1.0157,0.2,0.007874016,0,0,0,0,1003.021
"2026-05-03 12:12:00",11223,261,249,281,7.4,9.5,5.1,16.55306,21.25055,11.40819,12.9,31.5,101570,1.0157,0.2,0.007874016,0,0,0,0,1003.095
"2026-05-03 12:18:00",11224,304,70,159,2.2,4.5,0.2,4.92118,10.06605,0.44738,13.2,28.2,101570,1.0157,0.2,0.007874016,0,0,0,0,1002.9
"2026-05-03 12:24:00",11225,273,236,294,6.2,8.8,1.6,13.86878,19.68472,3.57904,13.2,30.1,101560,1.0156,0.2,0.007874016,0,0,0,0,1002.903
"2026-05-03 12:30:00",11226,304,264,351,4.3,8.3,1.8,9.61867,18.56627,4.02642,12.8,28.6,101550,1.0155,0.2,0.007874016,0,0,0,0,1002.843
"2026-05-03 12:36:00",11227,252,211,294,7.8,12.5,3.5,17.44782,27.96125,7.82915,12.9,31.3,101540,1.0154,0.2,0.007874016,0,0,0,0,1002.94
"2026-05-03 12:42:00",11228,210,109,298,1.5,2.6,0.1,3.35535,5.81594,0.22369,13.2,27.1,101550,1.0155,0.2,0.007874016,0,0,0,0,1002.822
"2026-05-03 12:48:00",11229,267,241,311,3.6,5.3,1.4,8.05284,11.85557,3.13166,13.5,31.2,101540,1.0154,0.2,0.007874016,0,0,0,0,1002.777
"2026-05-03 12:54:00",11230,261,238,289,5.1,8.1,1.8,11.40819,18.11889,4.02642,13.3,29.8,101530,1.0153,0.2,0.007874016,0,0,0,0,1002.688
"2026-05-03 13:00:00",11231,281,232,322,4.2,7.1,0.7,9.39498,15.88199,1.56583,13.2,29.2,101540,1.0154,0.2,0.007874016,0,0,0,0,1002.748
"2026-05-03 13:06:00",11232,276,25,219,2.3,5.7,0.3,5.14487,12.75033,0.67107,13.7,27.4,101530,1.0153,0.2,0.007874016,0,0,0,0,1002.592
"2026-05-03 13:12:00",11233,293,97,176,3.4,6.8,0,7.605461,15.21092,0,13.7,27.3,101540,1.0154,0.2,0.007874016,0,0,0,0,1002.878
"2026-05-03 13:18:00",11234,352,6,131,1.4,4,0.1,3.13166,8.9476,0.22369,13.6,27.8,101540,1.0154,0.2,0.007874016,0,0,0,0,1002.641
"2026-05-03 13:24:00",11235,328,15,250,3.3,6.2,0.5,7.38177,13.86878,1.11845,13.8,27.4,101530,1.0153,0.2,0.007874016,0,0,0,0,1002.609
"2026-05-03 13:30:00",11236,332,27,243,2.7,6.3,0.5,6.03963,14.09247,1.11845,14.3,25.7,101530,1.0153,0.2,0.007874016,0,0,0,0,1002.62
"2026-05-03 13:36:00",11237,248,226,266,4.3,6.2,3.1,9.61867,13.86878,6.93439,13.8,27.3,101530,1.0153,0.2,0.007874016,0,0,0,0,1002.595
"2026-05-03 13:42:00",11238,256,103,274,3.9,8.8,0.2,8.72391,19.68472,0.44738,13.9,30.2,101530,1.0153,0.2,0.007874016,0,0,0,0,1002.597
"2026-05-03 13:48:00",11239,302,244,353,4.6,6.4,2.6,10.28974,14.31616,5.81594,14.2,27.3,101530,1.0153,0.2,0.007874016,0,0,0,0,1002.48
"2026-05-03 13:54:00",11240,276,231,343,4,6.1,1.6,8.9476,13.64509,3.57904,14.1,27.3,101510,1.0151,0.2,0.007874016,0,0,0,0,1002.27
"2026-05-03 14:00:00",11241,279,211,344,3,5.3,0.5,6.7107,11.85557,1.11845,14.3,27.2,101510,1.0151,0.2,0.007874016,0,0,0,0,1002.431
"2026-05-03 14:06:00",11242,295,76,224,3.2,5.6,0.3,7.158081,12.52664,0.67107,14.5,27.4,101500,1.015,0.2,0.007874016,0,0,0,0,1002.388
"2026-05-03 14:12:00",11243,254,179,284,4.3,6.3,0.8,9.61867,14.09247,1.78952,14.6,28.7,101490,1.0149,0.2,0.007874016,0,0,0,0,1002.24
"2026-05-03 14:18:00",11244,256,239,281,3.7,5.9,1.6,8.27653,13.19771,3.57904,14.5,27.4,101480,1.0148,0.2,0.007874016,0,0,0,0,1002.124
"2026-05-03 14:24:00",11245,265,236,288,5.9,8,2.3,13.19771,17.8952,5.14487,14.4,28.7,101470,1.0147,0.2,0.007874016,0,0,0,0,1002.033
"2026-05-03 14:30:00",11246,289,238,335,3.9,7.4,1.4,8.72391,16.55306,3.13166,14.6,26.7,101460,1.0146,0.2,0.007874016,0,0,0,0,1001.803
"2026-05-03 14:36:00",11247,289,61,195,2.4,5,0.1,5.36856,11.1845,0.22369,14.9,28,101460,1.0146,0.2,0.007874016,0,0,0,0,1002.037
"2026-05-03 14:42:00",11248,267,144,300,5.5,9.5,0.1,12.30295,21.25055,0.22369,14.7,26.7,101460,1.0146,0.2,0.007874016,0,0,0,0,1001.849
"2026-05-03 14:48:00",11249,268,210,308,2.5,4.2,0.8,5.59225,9.39498,1.78952,14.8,26.5,101460,1.0146,0.2,0.007874016,0,0,0,0,1001.901
"2026-05-03 14:54:00",11250,262,65,103,1.9,4,0.1,4.25011,8.9476,0.22369,15.2,26.9,101450,1.0145,0.2,0.007874016,0,0,0,0,1001.745
"2026-05-03 15:00:00",11251,292,18,240,3.2,5.1,1.1,7.158081,11.40819,2.46059,15.2,25.6,101440,1.0144,0.2,0.007874016,0,0,0,0,1001.633
"2026-05-03 15:06:00",11252,276,181,339,4.1,7.6,1.2,9.17129,17.00044,2.68428,15.5,26.5,101430,1.0143,0.2,0.007874016,0,0,0,0,1001.59
"2026-05-03 15:12:00",11253,314,17,259,3.3,6.2,1.4,7.38177,13.86878,3.13166,15.4,25.2,101420,1.0142,0.2,0.007874016,0,0,0,0,1001.538
"2026-05-03 15:18:00",11254,309,10,233,2.7,4.3,0.7,6.03963,9.61867,1.56583,15.5,25.5,101410,1.0141,0.2,0.007874016,0,0,0,0,1001.388
"2026-05-03 15:24:00",11255,298,260,354,3.7,6.3,1.5,8.27653,14.09247,3.35535,15.6,27,101410,1.0141,0.2,0.007874016,0,0,0,0,1001.368
"2026-05-03 15:30:00",11256,281,197,320,2.9,5.2,0.3,6.48701,11.63188,0.67107,15.6,27.6,101400,1.014,0.2,0.007874016,0,0,0,0,1001.263
"2026-05-03 15:36:00",11257,265,226,304,4.8,8.2,1.3,10.73712,18.34258,2.90797,15.4,27.5,101400,1.014,0.2,0.007874016,0,0,0,0,1001.221
"2026-05-03 15:42:00",11258,341,67,239,2.6,4.4,0.2,5.81594,9.84236,0.44738,15.6,25.3,101390,1.0139,0.2,0.007874016,0,0,0,0,1001.193
"2026-05-03 15:48:00",11259,271,230,302,5.9,8.6,2.6,13.19771,19.23734,5.81594,15.7,25.4,101380,1.0138,0.2,0.007874016,0,0,0,0,1001.056
"2026-05-03 15:54:00",11260,264,184,318,4.1,6.8,0.6,9.17129,15.21092,1.34214,15.8,25.3,101380,1.0138,0.2,0.007874016,0,0,0,0,1001.039
"2026-05-03 16:00:00",11261,268,215,309,4.9,8.7,1.7,10.96081,19.46103,3.80273,15.8,25.8,101380,1.0138,0.2,0.007874016,0,0,0,0,1001.015
"2026-05-03 16:06:00",11262,287,177,332,4.4,7.9,0.4,9.84236,17.67151,0.8947601,15.8,23.9,101370,1.0137,0.2,0.007874016,0,0,0,0,1000.921
"2026-05-03 16:12:00",11263,275,237,303,4.9,7,2.3,10.96081,15.6583,5.14487,15.8,25,101380,1.0138,0.2,0.007874016,0,0,0,0,1000.959
"2026-05-03 16:18:00",11264,262,243,285,5.6,7.7,2.2,12.52664,17.22413,4.92118,15.8,24.4,101370,1.0137,0.2,0.007874016,0,0,0,0,1001.015
"2026-05-03 16:24:00",11265,273,231,328,4.5,7.4,0.6,10.06605,16.55306,1.34214,15.9,25.9,101370,1.0137,0.2,0.007874016,0,0,0,0,1001
"2026-05-03 16:30:00",11266,264,237,289,3.2,4.8,2,7.158081,10.73712,4.4738,15.8,24.3,101370,1.0137,0.2,0.007874016,0,0,0,0,1000.953
"2026-05-03 16:36:00",11267,7,109,180,0.6,1.3,0,1.34214,2.90797,0,16.1,23.2,101370,1.0137,0.2,0.007874016,0,0,0,0,1001.066
"2026-05-03 16:42:00",11268,263,234,297,2.5,4.6,0.6,5.59225,10.28974,1.34214,16.3,23.4,101380,1.0138,0.2,0.007874016,0,0,0,0,1001.059
"2026-05-03 16:48:00",11269,272,235,307,5.4,7.6,2.3,12.07926,17.00044,5.14487,16.2,24.4,101380,1.0138,0.2,0.007874016,0,0,0,0,1001.124
"2026-05-03 16:54:00",11270,266,142,299,4.2,5.7,0.6,9.39498,12.75033,1.34214,16.1,24.1,101390,1.0139,0.2,0.007874016,0,0,0,0,1001.082
"2026-05-03 17:00:00",11271,265,248,276,4.6,6.4,3.4,10.28974,14.31616,7.605461,16.2,23.4,101390,1.0139,0.2,0.007874016,0,0,0,0,1001.144
"2026-05-03 17:06:00",11272,259,5,212,2.9,4.2,0.2,6.48701,9.39498,0.44738,16.1,24,101380,1.0138,0.2,0.007874016,0,0,0,0,1001.086
"2026-05-03 17:12:00",11273,247,117,0,3.4,7.2,0.4,7.605461,16.10568,0.8947601,16.3,23.3,101370,1.0137,0.2,0.007874016,0,0,0,0,1000.906
"2026-05-03 17:18:00",11274,341,13,310,3.1,4.7,0.9,6.93439,10.51343,2.01321,16.2,22.8,101370,1.0137,0.2,0.007874016,0,0,0,0,1000.921
"2026-05-03 17:24:00",11275,260,217,307,2.2,3.2,1.3,4.92118,7.158081,2.90797,16.3,23.4,101370,1.0137,0.2,0.007874016,0,0,0,0,1001.046
"2026-05-03 17:30:00",11276,272,1,90,1.8,5.2,0.1,4.02642,11.63188,0.22369,16.2,24.7,101380,1.0138,0.2,0.007874016,0,0,0,0,1001.035
"2026-05-03 17:36:00",11277,337,95,153,1.8,3.6,0,4.02642,8.05284,0,16.4,22.5,101370,1.0137,0.2,0.007874016,0,0,0,0,1001.003
"2026-05-03 17:42:00",11278,330,49,284,1.7,3.3,0.5,3.80273,7.38177,1.11845,16.3,24.1,101370,1.0137,0.2,0.007874016,0,0,0,0,1001.032
"2026-05-03 17:48:00",11279,284,108,337,2.6,4.1,0.2,5.81594,9.17129,0.44738,16.3,26.6,101380,1.0138,0.2,0.007874016,0,0,0,0,1001.005
"2026-05-03 17:54:00",11280,279,262,318,2.4,3.2,1.7,5.36856,7.158081,3.80273,16.2,25,101370,1.0137,0.2,0.007874016,0,0,0,0,1000.968
"2026-05-03 18:00:00",11281,278,251,356,1.9,3.1,0.5,4.25011,6.93439,1.11845,16.2,24.7,101370,1.0137,0.2,0.007874016,0,0,0,0,1000.932
"2026-05-03 18:06:00",11282,297,90,150,0.9,1.5,0.1,2.01321,3.35535,0.22369,16.2,24.7,101370,1.0137,0.2,0.007874016,0,0,0,0,1000.993
"2026-05-03 18:12:00",11283,240,203,277,1,1.4,0.6,2.2369,3.13166,1.34214,16.2,26.3,101360,1.0136,0.2,0.007874016,0,0,0,0,1000.899
"2026-05-03 18:18:00",11284,301,247,356,1,1.9,0.6,2.2369,4.25011,1.34214,16,24.5,101370,1.0137,0.2,0.007874016,0,0,0,0,1000.922
"2026-05-03 18:24:00",11285,270,217,305,1.5,2.1,0.2,3.35535,4.69749,0.44738,15.9,26,101370,1.0137,0.2,0.007874016,0,0,0,0,1000.987
"2026-05-03 18:30:00",11286,279,259,314,1.5,2.3,0.9,3.35535,5.14487,2.01321,15.7,24.8,101370,1.0137,0.2,0.007874016,0,0,0,0,1001.02
"2026-05-03 18:36:00",11287,295,260,336,0.9,1.5,0.6,2.01321,3.35535,1.34214,15.4,27.3,101370,1.0137,0.2,0.007874016,0,0,0,0,1001.018
"2026-05-03 18:42:00",11288,308,275,332,0.6,0.9,0.3,1.34214,2.01321,0.67107,15,30,101380,1.0138,0.2,0.007874016,0,0,0,0,1001.064
"2026-05-03 18:48:00",11289,342,4,310,0.6,1,0.3,1.34214,2.2369,0.67107,14.5,27.5,101380,1.0138,0.2,0.007874016,0,0,0,0,1001.162
"2026-05-03 18:54:00",11290,315,268,350,0.5,0.9,0.2,1.11845,2.01321,0.44738,14,31.6,101390,1.0139,0.2,0.007874016,0,0,0,0,1001.236
"2026-05-03 19:00:00",11291,292,270,313,0.8,1.2,0.4,1.78952,2.68428,0.8947601,13.6,35.1,101400,1.014,0.2,0.007874016,0,0,0,0,1001.285
"2026-05-03 19:06:00",11292,273,249,296,0.9,1.2,0.2,2.01321,2.68428,0.44738,13.3,32.7,101400,1.014,0.2,0.007874016,0,0,0,0,1001.307
"2026-05-03 19:12:00",11293,291,273,314,0.7,0.9,0.5,1.56583,2.01321,1.11845,13.1,34.5,101410,1.0141,0.2,0.007874016,0,0,0,0,1001.417
"2026-05-03 19:18:00",11294,292,223,344,0.5,0.7,0,1.11845,1.56583,0,12.8,35.6,101410,1.0141,0.2,0.007874016,0,0,0,0,1001.422
"2026-05-03 19:24:00",11295,329,304,353,0.4,0.7,0.1,0.8947601,1.56583,0.22369,12.6,39.8,101410,1.0141,0.2,0.007874016,0,0,0,0,1001.453
"2026-05-03 19:30:00",11296,294,261,331,0.7,0.9,0.5,1.56583,2.01321,1.11845,12.3,39.5,101420,1.0142,0.2,0.007874016,0,0,0,0,1001.544
"2026-05-03 19:36:00",11297,293,1,234,0.5,0.8,0,1.11845,1.78952,0,12.1,38.1,101430,1.0143,0.2,0.007874016,0,0,0,0.01487857,1001.626
"2026-05-03 19:42:00",11298,303,270,345,0.4,0.6,0.1,0.8947601,1.34214,0.22369,11.8,41.3,101440,1.0144,0.2,0.007874016,0,0,0,0.03122749,1001.744
"2026-05-03 19:48:00",11299,293,249,329,0.4,1,0,0.8947601,2.2369,0,11.5,43.6,101450,1.0145,0.2,0.007874016,0,0,0,0.04337726,1001.822
"2026-05-03 19:54:00",11300,280,237,304,0.6,1,0.2,1.34214,2.2369,0.44738,11.3,41.1,101450,1.0145,0.2,0.007874016,0,0,0,0.04652357,1001.818
"2026-05-03 20:00:00",11301,302,228,335,0.7,1.1,0.3,1.56583,2.46059,0.67107,11.2,43.5,101450,1.0145,0.2,0.007874016,0,0,0,0.02127414,1001.766
"2026-05-03 20:06:00",11302,318,270,356,0.5,0.8,0.2,1.11845,1.78952,0.44738,11,45.3,101440,1.0144,0.2,0.007874016,0,0,0,0.03046508,1001.868
"2026-05-03 20:12:00",11303,273,254,299,0.8,1.1,0.4,1.78952,2.46059,0.8947601,10.7,46.4,101450,1.0145,0.2,0.007874016,0,0,0,0.04888332,1001.865
"2026-05-03 20:18:00",11304,350,19,329,0.4,0.6,0.2,0.8947601,1.34214,0.44738,10.5,46.8,101450,1.0145,0.2,0.007874016,0,0,0,0.007853768,1001.902
"2026-05-03 20:24:00",11305,345,35,319,0.3,0.5,0.2,0.67107,1.11845,0.44738,10.2,47.4,101460,1.0146,0.2,0.007874016,0,0,0,0.05923605,1001.952
"2026-05-03 20:30:00",11306,313,272,355,0.2,0.4,0,0.44738,0.8947601,0,10,48.7,101470,1.0147,0.2,0.007874016,0,0,0,0.03456143,1002.04
"2026-05-03 20:36:00",11307,294,263,331,0.6,0.8,0.1,1.34214,1.78952,0.22369,9.6,50.4,101470,1.0147,0.2,0.007874016,0,0,0,0.050154,1002.028
"2026-05-03 20:42:00",11308,285,6,200,0.7,1.2,0.1,1.56583,2.68428,0.22369,9.6,50.3,101470,1.0147,0.2,0.007874016,0,0,0,0.03949276,1002.119
"2026-05-03 20:48:00",11309,276,238,306,1,1.4,0.6,2.2369,3.13166,1.34214,9.5,49.6,101470,1.0147,0.2,0.007874016,0,0,0,0.04939763,1002.121
"2026-05-03 20:54:00",11310,287,256,326,0.8,1.2,0.3,1.78952,2.68428,0.67107,9.4,50.4,101470,1.0147,0.2,0.007874016,0,0,0,0.05654962,1002.144
"2026-05-03 21:00:00",11311,299,15,139,0.4,0.7,0,0.8947601,1.56583,0,9.6,50.8,101480,1.0148,0.2,0.007874016,0,0,0,0.04163469,1002.138
"2026-05-03 21:06:00",11312,265,213,310,0.3,0.6,0.2,0.67107,1.34214,0.44738,9.4,50,101490,1.0149,0.2,0.007874016,0,0,0,0.02880121,1002.261
"2026-05-03 21:12:00",11313,240,62,148,0.4,0.8,0,0.8947601,1.78952,0,9.3,52.8,101490,1.0149,0.2,0.007874016,0,0,0,0.0520418,1002.285
"2026-05-03 21:18:00",11314,312,79,157,0.5,0.8,0,1.11845,1.78952,0,9.3,54.6,101490,1.0149,0.2,0.007874016,0,0,0,0.02600577,1002.278
"2026-05-03 21:24:00",11315,314,282,356,0.5,0.7,0.2,1.11845,1.56583,0.44738,8.9,52.3,101490,1.0149,0.2,0.007874016,0,0,0,0.06909256,1002.25
"2026-05-03 21:30:00",11316,318,286,350,0.6,0.9,0.4,1.34214,2.01321,0.8947601,9,51.8,101490,1.0149,0.2,0.007874016,0,0,0,0.02221204,1002.252
"2026-05-03 21:36:00",11317,336,11,275,0.4,0.6,0.2,0.8947601,1.34214,0.44738,8.6,53.6,101480,1.0148,0.2,0.007874016,0,0,0,0.03578371,1002.237
"2026-05-03 21:42:00",11318,350,2,331,0.8,1.1,0.6,1.78952,2.46059,1.34214,8.3,52.5,101480,1.0148,0.2,0.007874016,0,0,0,0.04527719,1002.285
"2026-05-03 21:48:00",11319,263,184,292,0.4,0.8,0.1,0.8947601,1.78952,0.22369,8.3,55.1,101490,1.0149,0.2,0.007874016,0,0,0,0.03825235,1002.263
"2026-05-03 21:54:00",11320,297,264,327,0.7,0.9,0.5,1.56583,2.01321,1.11845,8.5,56,101490,1.0149,0.2,0.007874016,0,0,0,0.02439024,1002.314
"2026-05-03 22:00:00",11321,296,48,258,0.9,1.3,0.2,2.01321,2.90797,0.44738,8.5,57.5,101490,1.0149,0.2,0.007874016,0,0,0,0.01764378,1002.304
"2026-05-03 22:06:00",11322,299,273,324,0.9,1.4,0.6,2.01321,3.13166,1.34214,8.5,55.6,101490,1.0149,0.2,0.007874016,0,0,0,0.05205407,1002.348
"2026-05-03 22:12:00",11323,306,258,353,0.7,1,0.2,1.56583,2.2369,0.44738,8.2,56.1,101490,1.0149,0.2,0.007874016,0,0,0,0.03353894,1002.37
"2026-05-03 22:18:00",11324,255,227,311,0.9,1.8,0,2.01321,4.02642,0,8.4,56.4,101500,1.015,0.2,0.007874016,0,0,0,0.04676577,1002.409
"2026-05-03 22:24:00",11325,252,154,310,1.1,1.9,0.2,2.46059,4.25011,0.44738,8.8,54.1,101510,1.0151,0.2,0.007874016,0,0,0,0.03194765,1002.492
"2026-05-03 22:30:00",11326,264,147,355,0.6,0.9,0.1,1.34214,2.01321,0.22369,9.3,55.3,101510,1.0151,0.2,0.007874016,0,0,0,0.04021893,1002.551
"2026-05-03 22:36:00",11327,266,44,116,0.6,1.4,0,1.34214,3.13166,0,9.2,56.9,101520,1.0152,0.2,0.007874016,0,0,0,0.05211451,1002.564
"2026-05-03 22:42:00",11328,261,208,301,1.1,1.7,0.5,2.46059,3.80273,1.11845,9.3,51.2,101510,1.0151,0.2,0.007874016,0,0,0,0.04067871,1002.543
"2026-05-03 22:48:00",11329,259,227,309,2,3,0.4,4.4738,6.7107,0.8947601,10.2,46.2,101520,1.0152,0.2,0.007874016,0,0,0,0.04166497,1002.668
"2026-05-03 22:54:00",11330,266,136,326,2.2,3.3,0.1,4.92118,7.38177,0.22369,10.8,44.3,101520,1.0152,0.2,0.007874016,0,0,0,0.04212482,1002.69
"2026-05-03 23:00:00",11331,272,238,291,2.2,3.1,1.3,4.92118,6.93439,2.90797,11.3,42.3,101530,1.0153,0.2,0.007874016,0,0,0,0.05543631,1002.733
"2026-05-03 23:06:00",11332,269,251,291,2.2,2.7,1.2,4.92118,6.03963,2.68428,11.4,41.4,101540,1.0154,0.2,0.007874016,0,0,0,0.04179811,1002.742
"2026-05-03 23:12:00",11333,265,248,284,2.3,2.9,1.7,5.14487,6.48701,3.80273,11.4,42.4,101540,1.0154,0.2,0.007874016,0,0,0,0.06139027,1002.773
"2026-05-03 23:18:00",11334,275,246,302,2.3,3.2,1.4,5.14487,7.158081,3.13166,11.4,40.6,101540,1.0154,0.2,0.007874016,0,0,0,0.01422515,1002.808
"2026-05-03 23:24:00",11335,268,245,289,2.1,2.7,1.4,4.69749,6.03963,3.13166,11.4,40.6,101540,1.0154,0.2,0.007874016,0,0,0,0.02831117,1002.73
"2026-05-03 23:30:00",11336,268,240,300,1.9,2.6,1.2,4.25011,5.81594,2.68428,11.4,43.5,101530,1.0153,0.2,0.007874016,0,0,0,0.04545877,1002.667
"2026-05-03 23:36:00",11337,264,236,300,2.1,2.8,1.2,4.69749,6.26332,2.68428,11.4,43.6,101530,1.0153,0.2,0.007874016,0,0,0,0.03177212,1002.701
"2026-05-03 23:42:00",11338,279,252,301,2,3,1.2,4.4738,6.7107,2.68428,11.5,42.2,101540,1.0154,0.2,0.007874016,0,0,0,0.03441625,1002.732
"2026-05-03 23:48:00",11339,254,231,292,1.6,2.1,1,3.57904,4.69749,2.2369,11.7,42.8,101530,1.0153,0.2,0.007874016,0,0,0,0.02587275,1002.703
"2026-05-03 23:54:00",11340,264,246,288,1.7,2.6,1.2,3.80273,5.81594,2.68428,11.7,43.3,101530,1.0153,0.2,0.007874016,0,0,0,0.01767406,1002.661
"2026-05-04 00:00:00",11341,257,239,282,1.8,2.5,1.2,4.02642,5.59225,2.68428,11.6,43.9,101530,1.0153,0.2,0.007874016,0,0,0,0.03909352,1002.685
"2026-05-04 00:06:00",11342,254,215,297,1.5,2.1,0.5,3.35535,4.69749,1.11845,11.6,44.2,101540,1.0154,0,0,0,0,0,0.01686328,1002.717
"2026-05-04 00:12:00",11343,261,237,280,2,2.7,1.1,4.4738,6.03963,2.46059,11.6,43.1,101540,1.0154,0,0,0,0,0,0.006849378,1002.793
"2026-05-04 00:18:00",11344,262,236,297,1.4,2.3,0.5,3.13166,5.14487,1.11845,11.7,44.5,101540,1.0154,0,0,0,0,0,0.05124327,1002.678
"2026-05-04 00:24:00",11345,271,253,292,2,2.9,1.3,4.4738,6.48701,2.90797,11.7,43,101540,1.0154,0,0,0,0,0,0.02962417,1002.709
"2026-05-04 00:30:00",11346,255,221,295,1.9,2.5,0.3,4.25011,5.59225,0.67107,11.6,45.1,101540,1.0154,0,0,0,0,0,0.03552364,1002.739
"2026-05-04 00:36:00",11347,255,230,301,1.8,2.4,0.7,4.02642,5.36856,1.56583,11.8,46.2,101540,1.0154,0,0,0,0,0,0.02362793,1002.724
"2026-05-04 00:42:00",11348,270,243,290,1.8,2.3,1.3,4.02642,5.14487,2.90797,11.9,45.6,101540,1.0154,0,0,0,0,0,0.02518901,1002.781
"2026-05-04 00:48:00",11349,256,238,278,1.9,2.5,1.3,4.25011,5.59225,2.90797,12,45.2,101540,1.0154,0,0,0,0,0,0.01086101,1002.736
"2026-05-04 00:54:00",11350,259,239,278,2.1,2.6,1.5,4.69749,5.81594,3.35535,12.1,43.9,101540,1.0154,0,0,0,0,0,0.005984143,1002.792
"2026-05-04 01:00:00",11351,254,232,297,2.5,3.7,1.5,5.59225,8.27653,3.35535,12.1,44.4,101550,1.0155,0,0,0,0,0,0.01110907,1002.853
"2026-05-04 01:06:00",11352,265,225,282,2.6,3.7,1.4,5.81594,8.27653,3.13166,12.1,43.3,101550,1.0155,0,0,0,0,0,0.02078412,1002.902
"2026-05-04 01:12:00",11353,251,218,281,2.3,3.2,1.3,5.14487,7.158081,2.90797,12.3,44.7,101560,1.0156,0,0,0,0,0,0.01803711,1002.951
"2026-05-04 01:18:00",11354,245,124,284,2.2,3.4,0.2,4.92118,7.605461,0.44738,12.3,44,101550,1.0155,0,0,0,0,0,0.01159918,1002.842
"2026-05-04 01:24:00",11355,253,225,284,2,2.9,0.3,4.4738,6.48701,0.67107,12.4,46.5,101540,1.0154,0,0,0,0,0,0.003188718,1002.734
"2026-05-04 01:30:00",11356,264,244,290,2.6,3.4,1.5,5.81594,7.605461,3.35535,12.4,42.8,101540,1.0154,0,0,0,0,0,0.03512429,1002.781
"2026-05-04 01:36:00",11357,253,229,275,2.6,3.6,1.6,5.81594,8.05284,3.57904,12.4,44.8,101550,1.0155,0,0,0,0,0,0.00437465,1002.777
"2026-05-04 01:42:00",11358,253,222,283,2.5,3.6,1.5,5.59225,8.05284,3.35535,12.3,44,101540,1.0154,0,0,0,0,0,0.008640392,1002.755
"2026-05-04 01:48:00",11359,253,224,310,2.5,4.1,1.2,5.59225,9.17129,2.68428,12.4,45.7,101540,1.0154,0,0,0,0,0,0,1002.775
"2026-05-04 01:54:00",11360,253,237,270,2.2,2.8,1.7,4.92118,6.26332,3.80273,12.4,45.8,101540,1.0154,0,0,0,0,0,0.02561865,1002.769
"2026-05-04 02:00:00",11361,264,243,288,2.3,3.2,0.8,5.14487,7.158081,1.78952,12.4,46.8,101530,1.0153,0,0,0,0,0,0.0397471,1002.657
"2026-05-04 02:06:00",11362,263,240,283,2.3,3.4,0.7,5.14487,7.605461,1.56583,12.4,43.4,101540,1.0154,0,0,0,0,0,0.009886846,1002.682
"2026-05-04 02:12:00",11363,242,214,261,2.1,3,1,4.69749,6.7107,2.2369,12.3,45.9,101530,1.0153,0,0,0,0,0,0.007484722,1002.601
"2026-05-04 02:18:00",11364,233,204,257,2.3,3.1,1.5,5.14487,6.93439,3.35535,12.4,44.9,101530,1.0153,0,0,0,0,0,0.005947832,1002.586
"2026-05-04 02:24:00",11365,222,168,255,1.8,2.9,0.7,4.02642,6.48701,1.56583,12.5,46,101520,1.0152,0,0,0,0,0,0.03379316,1002.591
"2026-05-04 02:30:00",11366,226,145,262,2.3,3.1,0.7,5.14487,6.93439,1.56583,12.5,44.9,101530,1.0153,0,0,0,0,0,0.007654131,1002.546
"2026-05-04 02:36:00",11367,217,134,254,2.2,3.6,0.5,4.92118,8.05284,1.11845,12.5,47.8,101510,1.0151,0,0,0,0,0,0.004495666,1002.527
"2026-05-04 02:42:00",11368,217,203,239,2.6,3.4,2,5.81594,7.605461,4.4738,12.5,44.5,101520,1.0152,0,0,0,0,0,0.03153622,1002.609
"2026-05-04 02:48:00",11369,212,189,234,2.6,3.6,1.7,5.81594,8.05284,3.80273,12.5,47,101520,1.0152,0,0,0,0,0,0,1002.559
"2026-05-04 02:54:00",11370,215,185,229,3.2,4.6,2.1,7.158081,10.28974,4.69749,12.5,44.2,101510,1.0151,0,0,0,0,0,0.03680637,1002.423
"2026-05-04 03:00:00",11371,213,202,226,3.4,4.3,2.4,7.605461,9.61867,5.36856,12.4,44.4,101510,1.0151,0,0,0,0,0,0,1002.412
"2026-05-04 03:06:00",11372,238,219,264,2.6,3.6,1.8,5.81594,8.05284,4.02642,12.5,50.1,101510,1.0151,0,0,0,0,0,0.008743248,1002.372
"2026-05-04 03:12:00",11373,218,198,244,3,4,1.9,6.7107,8.9476,4.25011,12.6,45.3,101510,1.0151,0,0,0,0,0,0.006534743,1002.421
"2026-05-04 03:18:00",11374,241,213,268,2.6,4.3,1.5,5.81594,9.61867,3.35535,12.6,44.8,101510,1.0151,0,0,0,0,0,0.00664972,1002.418
"2026-05-04 03:24:00",11375,229,214,244,3.5,4.6,2.4,7.82915,10.28974,5.36856,12.7,44.5,101520,1.0152,0,0,0,0,0,0.0276154,1002.498
"2026-05-04 03:30:00",11376,222,203,258,2.9,3.8,1.9,6.48701,8.50022,4.25011,12.7,45.7,101520,1.0152,0,0,0,0,0,0.006958303,1002.465
"2026-05-04 03:36:00",11377,259,234,278,2.1,2.9,1.1,4.69749,6.48701,2.46059,12.7,46.5,101520,1.0152,0,0,0,0,0,0,1002.535
"2026-05-04 03:42:00",11378,233,204,271,2.4,3.5,1.5,5.36856,7.82915,3.35535,12.8,45.6,101510,1.0151,0,0,0,0,0,0.01271253,1002.433
"2026-05-04 03:48:00",11379,217,200,241,3.4,4.6,2.1,7.605461,10.28974,4.69749,12.7,44.4,101500,1.015,0,0,0,0,0,0.02233916,1002.54
"2026-05-04 03:54:00",11380,228,212,238,4.6,5.5,3.1,10.28974,12.30295,6.93439,12.8,44.4,101510,1.0151,0,0,0,0,0,0,1002.385
"2026-05-04 04:00:00",11381,224,197,253,2.8,4.8,1.2,6.26332,10.73712,2.68428,12.7,47.5,101510,1.0151,0,0,0,0,0,0.03399886,1002.407
"2026-05-04 04:06:00",11382,220,199,241,4.2,5.4,2.9,9.39498,12.07926,6.48701,12.7,46.6,101510,1.0151,0,0,0,0,0,0.03631631,1002.385
"2026-05-04 04:12:00",11383,225,208,239,4.1,4.9,3.5,9.17129,10.96081,7.82915,12.3,46.2,101510,1.0151,0,0,0,0,0,0.01789797,1002.389
"2026-05-04 04:18:00",11384,251,216,272,3.1,3.9,2.5,6.93439,8.72391,5.59225,12.5,46.4,101510,1.0151,0,0,0,0,0,0.001676043,1002.516
"2026-05-04 04:24:00",11385,230,196,260,2.5,4.1,1.5,5.59225,9.17129,3.35535,12.5,50.1,101510,1.0151,0,0,0,0,0,0.04361952,1002.429
"2026-05-04 04:30:00",11386,237,221,278,3.6,4.6,2.5,8.05284,10.28974,5.59225,12.4,48,101510,1.0151,0,0,0,0,0,0,1002.445
"2026-05-04 04:36:00",11387,231,200,258,2.9,4,1.9,6.48701,8.9476,4.25011,12.3,49.5,101510,1.0151,0,0,0,0,0,0,1002.504
"2026-05-04 04:42:00",11388,232,187,262,2.8,3.9,1.5,6.26332,8.72391,3.35535,12.2,50.4,101510,1.0151,0,0,0,0,0,0,1002.336
"2026-05-04 04:48:00",11389,219,199,236,3.6,4.8,1.2,8.05284,10.73712,2.68428,12.2,49.4,101500,1.015,0,0,0,0,0,0,1002.282
"2026-05-04 04:54:00",11390,230,207,253,4.2,5.3,3.1,9.39498,11.85557,6.93439,12.1,49.6,101490,1.0149,0,0,0,0,0,0,1002.213
"2026-05-04 05:00:00",11391,221,200,238,4.8,6.2,3.7,10.73712,13.86878,8.27653,11.7,49.1,101490,1.0149,0,0,0,0,0,0,1002.19
"2026-05-04 05:06:00",11392,234,215,252,4.9,6.5,3.2,10.96081,14.53985,7.158081,11.7,48.6,101490,1.0149,0,0,0,0,0,0,1002.194
"2026-05-04 05:12:00",11393,222,205,251,4.9,6.1,3.9,10.96081,13.64509,8.72391,12,48.2,101490,1.0149,0,0,0,0,0,0,1002.155
"2026-05-04 05:18:00",11394,240,210,267,4.5,6.3,1.7,10.06605,14.09247,3.80273,12,48.9,101490,1.0149,0,0,0,0,0,0,1002.133
"2026-05-04 05:24:00",11395,244,204,275,3.9,5.9,2.2,8.72391,13.19771,4.92118,11.7,48.1,101480,1.0148,0,0,0,0,0,0,1002.132
"2026-05-04 05:30:00",11396,234,192,270,3.3,4.8,0.9,7.38177,10.73712,2.01321,12,47.9,101480,1.0148,0,0,0,0,0,0,1002.119
"2026-05-04 05:36:00",11397,242,209,276,3.1,4,2.1,6.93439,8.9476,4.69749,12.1,48,101490,1.0149,0,0,0,0,0,0,1002.173
"2026-05-04 05:42:00",11398,257,212,293,3.9,5.6,1.2,8.72391,12.52664,2.68428,12.1,46.6,101490,1.0149,0,0,0,0,0,0,1002.254
"2026-05-04 05:48:00",11399,257,230,283,3.7,4.7,2.8,8.27653,10.51343,6.26332,12,46.2,101490,1.0149,0,0,0,0,0,0,1002.271
"2026-05-04 05:54:00",11400,234,212,263,3.5,4.7,2.3,7.82915,10.51343,5.14487,11.7,46.5,101490,1.0149,0,0,0,0,0,0,1002.258
"2026-05-04 06:00:00",11401,249,233,270,4.2,5.5,3.1,9.39498,12.30295,6.93439,11.8,44.3,101500,1.015,0,0,0,0,0,0,1002.296
"2026-05-04 06:06:00",11402,246,198,294,3.2,4.5,0.4,7.158081,10.06605,0.8947601,12.2,45.5,101490,1.0149,0,0,0,0,0,0,1002.256
"2026-05-04 06:12:00",11403,245,221,285,3.8,5,2.6,8.50022,11.1845,5.81594,12.3,44.9,101500,1.015,0,0,0,0,0,0,1002.357
"2026-05-04 06:18:00",11404,262,229,281,3.9,4.8,2.5,8.72391,10.73712,5.59225,12.3,43,101490,1.0149,0,0,0,0,0,0,1002.263
"2026-05-04 06:24:00",11405,245,218,263,4.5,7.1,3.2,10.06605,15.88199,7.158081,12.4,43.1,101490,1.0149,0,0,0,0,0,0,1002.265
"2026-05-04 06:30:00",11406,246,228,260,4.9,6,3.4,10.96081,13.4214,7.605461,12.1,43.6,101490,1.0149,0,0,0,0,0,0,1002.156
"2026-05-04 06:36:00",11407,237,196,265,4,6.6,1.5,8.9476,14.76354,3.35535,12.4,43.6,101480,1.0148,0,0,0,0,0,0,1002.109
"2026-05-04 06:42:00",11408,246,222,274,4.7,7.5,3.1,10.51343,16.77675,6.93439,12.5,43.9,101470,1.0147,0,0,0,0,0,0,1001.977
"2026-05-04 06:48:00",11409,262,238,296,4.3,5.8,2.7,9.61867,12.97402,6.03963,12.6,43.9,101470,1.0147,0,0,0,0,0,0,1002.068
"2026-05-04 06:54:00",11410,245,196,275,5.6,8.4,3.6,12.52664,18.78996,8.05284,12.7,43.7,101470,1.0147,0,0,0,0,0,0,1001.964
"2026-05-04 07:00:00",11411,263,235,283,4.2,5.5,2.7,9.39498,12.30295,6.03963,12.9,43.3,101470,1.0147,0,0,0,0,0,0,1001.979
"2026-05-04 07:06:00",11412,270,246,310,5.6,8.3,2.8,12.52664,18.56627,6.26332,13,42.7,101470,1.0147,0,0,0,0,0,0,1001.979
"2026-05-04 07:12:00",11413,255,222,282,5.1,7.1,2.5,11.40819,15.88199,5.59225,13,42.1,101470,1.0147,0,0,0,0,0,0,1001.853
"2026-05-04 07:18:00",11414,259,239,307,5.8,9.3,1,12.97402,20.80317,2.2369,13.2,42.2,101450,1.0145,0,0,0,0,0,0,1001.758
"2026-05-04 07:24:00",11415,258,241,273,5.1,7.2,3.7,11.40819,16.10568,8.27653,13.4,42.2,101440,1.0144,0,0,0,0,0,0,1001.695
"2026-05-04 07:30:00",11416,256,226,290,4.9,7.3,2.8,10.96081,16.32937,6.26332,13.5,41.4,101440,1.0144,0,0,0,0,0,0,1001.631
"2026-05-04 07:36:00",11417,242,210,273,4.8,7.6,2.4,10.73712,17.00044,5.36856,13.7,41.6,101440,1.0144,0,0,0,0,0,0,1001.619
"2026-05-04 07:42:00",11418,261,241,284,6.2,7.8,4,13.86878,17.44782,8.9476,13.9,40.9,101440,1.0144,0,0,0,0,0,0,1001.616
"2026-05-04 07:48:00",11419,235,216,257,5.2,6.7,4,11.63188,14.98723,8.9476,14,40.5,101440,1.0144,0,0,0,0,0,0,1001.66
"2026-05-04 07:54:00",11420,248,232,264,5.5,6.6,3.9,12.30295,14.76354,8.72391,14,41,101440,1.0144,0,0,0,0,0,0,1001.63
"2026-05-04 08:00:00",11421,271,227,351,4.9,6.5,1.6,10.96081,14.53985,3.57904,14.1,42.6,101430,1.0143,0,0,0,0,0,0,1001.556
"2026-05-04 08:06:00",11422,272,254,282,4.8,5.8,3.9,10.73712,12.97402,8.72391,14.1,40.5,101430,1.0143,0,0,0,0,0,0,1001.531
"2026-05-04 08:12:00",11423,251,217,287,4.3,6.4,3.2,9.61867,14.31616,7.158081,14.3,43.5,101420,1.0142,0,0,0,0,0,0,1001.513
"2026-05-04 08:18:00",11424,232,213,254,2.6,4,1.7,5.81594,8.9476,3.80273,14.4,41.9,101420,1.0142,0,0,0,0,0,0,1001.419
"2026-05-04 08:24:00",11425,267,230,305,3.3,5.1,1,7.38177,11.40819,2.2369,14.7,42.6,101420,1.0142,0,0,0,0,0,0,1001.424
"2026-05-04 08:30:00",11426,272,257,291,3.9,5,3,8.72391,11.1845,6.7107,14.8,39.5,101420,1.0142,0,0,0,0,0,0,1001.453
"2026-05-04 08:36:00",11427,238,142,272,2.5,4.4,0.8,5.59225,9.84236,1.78952,15,39.5,101420,1.0142,0,0,0,0,0,0,1001.475
"2026-05-04 08:42:00",11428,265,215,299,2.3,3.8,1.1,5.14487,8.50022,2.46059,15.2,39.2,101420,1.0142,0,0,0,0,0,0,1001.44
"2026-05-04 08:48:00",11429,288,258,311,2.8,4,1.9,6.26332,8.9476,4.25011,15.4,38.3,101410,1.0141,0,0,0,0,0,0,1001.342
"2026-05-04 08:54:00",11430,209,196,225,2.1,2.5,1.7,4.69749,5.59225,3.80273,15.8,37.6,101410,1.0141,0,0,0,0,0,0,1001.342
"2026-05-04 09:00:00",11431,234,211,252,3,4,0.7,6.7107,8.9476,1.56583,15.9,36.5,101410,1.0141,0,0,0,0,0,0,1001.322
"2026-05-04 09:06:00",11432,243,214,265,1.9,3.2,1.1,4.25011,7.158081,2.46059,16.3,36,101410,1.0141,0,0,0,0,0,0,1001.322
